dist_total,desn_pos,desn_neg
12743.740193,569.842000,568.962193
