dist_total,desn_pos,desn_neg
19454.688029,517.252619,516.252619
