dist_total,desn_pos,desn_neg
26954.621059,610.745493,561.745493
