dist_total,desn_pos,desn_neg
5034.855142,49.689841,49.689841
