dist_total,desn_pos,desn_neg
18100.991346,1423.337124,1421.337124
