dist_total,desn_pos,desn_neg
7990.052886,916.228550,298.228550
