dist_total,desn_pos,desn_neg
10152.491069,1050.214421,415.191364
