dist_total,desn_pos,desn_neg
10103.207602,1034.430006,399.406948
