dist_total,desn_pos,desn_neg
12430.965931,1262.585818,554.685624
