dist_total,desn_pos,desn_neg
13572.675895,1369.015315,586.915315
