dist_total,desn_pos,desn_neg
13497.850088,1346.777836,564.944706
