dist_total,desn_pos,desn_neg
10865.034622,403.085996,185.567484
