dist_total,desn_pos,desn_neg
10807.692344,185.074691,402.330904
