dist_total,desn_pos,desn_neg
10864.839405,185.626298,403.101902
