dist_total,desn_pos,desn_neg
20442.606687,398.465364,111.471549
