dist_total,desn_pos,desn_neg
20421.174280,104.298685,391.282941
