dist_total,desn_pos,desn_neg
20441.360066,111.635627,398.635627
