dist_total,desn_pos,desn_neg
4267.038811,217.095764,217.095764
