dist_total,desn_pos,desn_neg
16582.089473,1364.199446,1364.095021
