dist_total,desn_pos,desn_neg
12908.057109,1322.401509,963.972811
