dist_total,desn_pos,desn_neg
12784.374562,1274.484540,916.055841
