dist_total,desn_pos,desn_neg
9361.226817,988.107125,601.562164
