dist_total,desn_pos,desn_neg
9454.121153,1019.725209,633.658620
