dist_total,desn_pos,desn_neg
12208.984600,1221.833669,873.400950
