dist_total,desn_pos,desn_neg
12094.450413,1177.667477,830.045386
