dist_total,desn_pos,desn_neg
10765.829403,1085.365178,732.643010
