dist_total,desn_pos,desn_neg
10868.242213,1123.805117,770.815793
