<?xml version='1.0' encoding='utf-8'?>
<gpx version="1.1" creator="nn_filter" xmlns="http://www.topografix.com/GPX/1/1"><trk><name>Filtered Track</name><trkseg><trkpt lat="43.25726318" lon="-4.83238220"><ele>222.40</ele><time>2024-08-31T13:11:55Z</time></trkpt><trkpt lat="43.25726318" lon="-4.83238316"><ele>222.40</ele><time>2024-08-31T13:11:56Z</time></trkpt><trkpt lat="43.25726318" lon="-4.83238363"><ele>222.40</ele><time>2024-08-31T13:11:57Z</time></trkpt><trkpt lat="43.25726318" lon="-4.83238459"><ele>222.40</ele><time>2024-08-31T13:11:58Z</time></trkpt><trkpt lat="43.25725937" lon="-4.83238506"><ele>222.41</ele><time>2024-08-31T13:11:59Z</time></trkpt><trkpt lat="43.25725937" lon="-4.83238602"><ele>222.41</ele><time>2024-08-31T13:12:00Z</time></trkpt><trkpt lat="43.25725937" lon="-4.83238697"><ele>222.41</ele><time>2024-08-31T13:12:01Z</time></trkpt><trkpt lat="43.25725937" lon="-4.83238792"><ele>222.42</ele><time>2024-08-31T13:12:02Z</time></trkpt><trkpt lat="43.25725937" lon="-4.83238935"><ele>222.42</ele><time>2024-08-31T13:12:03Z</time></trkpt><trkpt lat="43.25725555" lon="-4.83239031"><ele>222.43</ele><time>2024-08-31T13:12:04Z</time></trkpt><trkpt lat="43.25725555" lon="-4.83239126"><ele>222.44</ele><time>2024-08-31T13:12:05Z</time></trkpt><trkpt lat="43.25725555" lon="-4.83239222"><ele>222.44</ele><time>2024-08-31T13:12:06Z</time></trkpt><trkpt lat="43.25725555" lon="-4.83239317"><ele>222.45</ele><time>2024-08-31T13:12:07Z</time></trkpt><trkpt lat="43.25725174" lon="-4.83239412"><ele>222.46</ele><time>2024-08-31T13:12:08Z</time></trkpt><trkpt lat="43.25725174" lon="-4.83239746"><ele>222.48</ele><time>2024-08-31T13:12:09Z</time></trkpt><trkpt lat="43.25724792" lon="-4.83240223"><ele>222.50</ele><time>2024-08-31T13:12:10Z</time></trkpt><trkpt lat="43.25724030" lon="-4.83240795"><ele>222.52</ele><time>2024-08-31T13:12:11Z</time></trkpt><trkpt lat="43.25723648" lon="-4.83241510"><ele>222.54</ele><time>2024-08-31T13:12:12Z</time></trkpt><trkpt lat="43.25722885" lon="-4.83242273"><ele>222.57</ele><time>2024-08-31T13:12:13Z</time></trkpt><trkpt lat="43.25722504" lon="-4.83243132"><ele>222.59</ele><time>2024-08-31T13:12:14Z</time></trkpt><trkpt lat="43.25721741" lon="-4.83244038"><ele>222.62</ele><time>2024-08-31T13:12:15Z</time></trkpt><trkpt lat="43.25720978" lon="-4.83245087"><ele>222.64</ele><time>2024-08-31T13:12:16Z</time></trkpt><trkpt lat="43.25720596" lon="-4.83246136"><ele>222.66</ele><time>2024-08-31T13:12:17Z</time></trkpt><trkpt lat="43.25719833" lon="-4.83247280"><ele>222.68</ele><time>2024-08-31T13:12:18Z</time></trkpt><trkpt lat="43.25719452" lon="-4.83248520"><ele>222.69</ele><time>2024-08-31T13:12:19Z</time></trkpt><trkpt lat="43.25718689" lon="-4.83249760"><ele>222.71</ele><time>2024-08-31T13:12:20Z</time></trkpt><trkpt lat="43.25718307" lon="-4.83250952"><ele>222.73</ele><time>2024-08-31T13:12:21Z</time></trkpt><trkpt lat="43.25717545" lon="-4.83252192"><ele>222.75</ele><time>2024-08-31T13:12:22Z</time></trkpt><trkpt lat="43.25717163" lon="-4.83253384"><ele>222.77</ele><time>2024-08-31T13:12:23Z</time></trkpt><trkpt lat="43.25716400" lon="-4.83254576"><ele>222.79</ele><time>2024-08-31T13:12:24Z</time></trkpt><trkpt lat="43.25716019" lon="-4.83255816"><ele>222.81</ele><time>2024-08-31T13:12:25Z</time></trkpt><trkpt lat="43.25715256" lon="-4.83257055"><ele>222.83</ele><time>2024-08-31T13:12:26Z</time></trkpt><trkpt lat="43.25714874" lon="-4.83258295"><ele>222.85</ele><time>2024-08-31T13:12:27Z</time></trkpt><trkpt lat="43.25714111" lon="-4.83259535"><ele>222.88</ele><time>2024-08-31T13:12:28Z</time></trkpt><trkpt lat="43.25713730" lon="-4.83260775"><ele>222.90</ele><time>2024-08-31T13:12:29Z</time></trkpt><trkpt lat="43.25712967" lon="-4.83262062"><ele>222.93</ele><time>2024-08-31T13:12:30Z</time></trkpt><trkpt lat="43.25712585" lon="-4.83263350"><ele>222.96</ele><time>2024-08-31T13:12:31Z</time></trkpt><trkpt lat="43.25711823" lon="-4.83264589"><ele>222.98</ele><time>2024-08-31T13:12:32Z</time></trkpt><trkpt lat="43.25711441" lon="-4.83265877"><ele>223.01</ele><time>2024-08-31T13:12:33Z</time></trkpt><trkpt lat="43.25710678" lon="-4.83267021"><ele>223.03</ele><time>2024-08-31T13:12:34Z</time></trkpt><trkpt lat="43.25710297" lon="-4.83268070"><ele>223.05</ele><time>2024-08-31T13:12:35Z</time></trkpt><trkpt lat="43.25709915" lon="-4.83269024"><ele>223.06</ele><time>2024-08-31T13:12:36Z</time></trkpt><trkpt lat="43.25709534" lon="-4.83269930"><ele>223.07</ele><time>2024-08-31T13:12:37Z</time></trkpt><trkpt lat="43.25709152" lon="-4.83270788"><ele>223.07</ele><time>2024-08-31T13:12:38Z</time></trkpt><trkpt lat="43.25708771" lon="-4.83271551"><ele>223.08</ele><time>2024-08-31T13:12:39Z</time></trkpt><trkpt lat="43.25708389" lon="-4.83272314"><ele>223.08</ele><time>2024-08-31T13:12:40Z</time></trkpt><trkpt lat="43.25708008" lon="-4.83273029"><ele>223.09</ele><time>2024-08-31T13:12:41Z</time></trkpt><trkpt lat="43.25707626" lon="-4.83273697"><ele>223.09</ele><time>2024-08-31T13:12:42Z</time></trkpt><trkpt lat="43.25707626" lon="-4.83274317"><ele>223.09</ele><time>2024-08-31T13:12:43Z</time></trkpt><trkpt lat="43.25707245" lon="-4.83274937"><ele>223.10</ele><time>2024-08-31T13:12:44Z</time></trkpt><trkpt lat="43.25706863" lon="-4.83275509"><ele>223.10</ele><time>2024-08-31T13:12:45Z</time></trkpt><trkpt lat="43.25706482" lon="-4.83276129"><ele>223.10</ele><time>2024-08-31T13:12:46Z</time></trkpt><trkpt lat="43.25706100" lon="-4.83276796"><ele>223.12</ele><time>2024-08-31T13:12:47Z</time></trkpt><trkpt lat="43.25705719" lon="-4.83277512"><ele>223.14</ele><time>2024-08-31T13:12:48Z</time></trkpt><trkpt lat="43.25704956" lon="-4.83278275"><ele>223.16</ele><time>2024-08-31T13:12:49Z</time></trkpt><trkpt lat="43.25704575" lon="-4.83279085"><ele>223.18</ele><time>2024-08-31T13:12:50Z</time></trkpt><trkpt lat="43.25704193" lon="-4.83279943"><ele>223.21</ele><time>2024-08-31T13:12:51Z</time></trkpt><trkpt lat="43.25703430" lon="-4.83280802"><ele>223.24</ele><time>2024-08-31T13:12:52Z</time></trkpt><trkpt lat="43.25703049" lon="-4.83281708"><ele>223.27</ele><time>2024-08-31T13:12:53Z</time></trkpt><trkpt lat="43.25702286" lon="-4.83282614"><ele>223.31</ele><time>2024-08-31T13:12:54Z</time></trkpt><trkpt lat="43.25701904" lon="-4.83283520"><ele>223.34</ele><time>2024-08-31T13:12:55Z</time></trkpt><trkpt lat="43.25701141" lon="-4.83284473"><ele>223.38</ele><time>2024-08-31T13:12:56Z</time></trkpt><trkpt lat="43.25700760" lon="-4.83285427"><ele>223.42</ele><time>2024-08-31T13:12:57Z</time></trkpt><trkpt lat="43.25699997" lon="-4.83286381"><ele>223.46</ele><time>2024-08-31T13:12:58Z</time></trkpt><trkpt lat="43.25699615" lon="-4.83287382"><ele>223.50</ele><time>2024-08-31T13:12:59Z</time></trkpt><trkpt lat="43.25698853" lon="-4.83288383"><ele>223.54</ele><time>2024-08-31T13:13:00Z</time></trkpt><trkpt lat="43.25698471" lon="-4.83289385"><ele>223.58</ele><time>2024-08-31T13:13:01Z</time></trkpt><trkpt lat="43.25697708" lon="-4.83290386"><ele>223.62</ele><time>2024-08-31T13:13:02Z</time></trkpt><trkpt lat="43.25697327" lon="-4.83291435"><ele>223.65</ele><time>2024-08-31T13:13:03Z</time></trkpt><trkpt lat="43.25696564" lon="-4.83292532"><ele>223.69</ele><time>2024-08-31T13:13:04Z</time></trkpt><trkpt lat="43.25696182" lon="-4.83293581"><ele>223.72</ele><time>2024-08-31T13:13:05Z</time></trkpt><trkpt lat="43.25695419" lon="-4.83294582"><ele>223.75</ele><time>2024-08-31T13:13:06Z</time></trkpt><trkpt lat="43.25694656" lon="-4.83295584"><ele>223.78</ele><time>2024-08-31T13:13:07Z</time></trkpt><trkpt lat="43.25694275" lon="-4.83296537"><ele>223.81</ele><time>2024-08-31T13:13:08Z</time></trkpt><trkpt lat="43.25693512" lon="-4.83297539"><ele>223.84</ele><time>2024-08-31T13:13:09Z</time></trkpt><trkpt lat="43.25692749" lon="-4.83298492"><ele>223.86</ele><time>2024-08-31T13:13:10Z</time></trkpt><trkpt lat="43.25691986" lon="-4.83299398"><ele>223.89</ele><time>2024-08-31T13:13:11Z</time></trkpt><trkpt lat="43.25691223" lon="-4.83300352"><ele>223.91</ele><time>2024-08-31T13:13:12Z</time></trkpt><trkpt lat="43.25690079" lon="-4.83301258"><ele>223.94</ele><time>2024-08-31T13:13:13Z</time></trkpt><trkpt lat="43.25689316" lon="-4.83302164"><ele>223.96</ele><time>2024-08-31T13:13:14Z</time></trkpt><trkpt lat="43.25688553" lon="-4.83303165"><ele>224.00</ele><time>2024-08-31T13:13:15Z</time></trkpt><trkpt lat="43.25687790" lon="-4.83304119"><ele>224.03</ele><time>2024-08-31T13:13:16Z</time></trkpt><trkpt lat="43.25687027" lon="-4.83305168"><ele>224.07</ele><time>2024-08-31T13:13:17Z</time></trkpt><trkpt lat="43.25686264" lon="-4.83306265"><ele>224.11</ele><time>2024-08-31T13:13:18Z</time></trkpt><trkpt lat="43.25685120" lon="-4.83307409"><ele>224.16</ele><time>2024-08-31T13:13:19Z</time></trkpt><trkpt lat="43.25684357" lon="-4.83308554"><ele>224.20</ele><time>2024-08-31T13:13:20Z</time></trkpt><trkpt lat="43.25683594" lon="-4.83309746"><ele>224.25</ele><time>2024-08-31T13:13:21Z</time></trkpt><trkpt lat="43.25682831" lon="-4.83310890"><ele>224.30</ele><time>2024-08-31T13:13:22Z</time></trkpt><trkpt lat="43.25682068" lon="-4.83312082"><ele>224.34</ele><time>2024-08-31T13:13:23Z</time></trkpt><trkpt lat="43.25681305" lon="-4.83313274"><ele>224.39</ele><time>2024-08-31T13:13:24Z</time></trkpt><trkpt lat="43.25680542" lon="-4.83314514"><ele>224.45</ele><time>2024-08-31T13:13:25Z</time></trkpt><trkpt lat="43.25679779" lon="-4.83315754"><ele>224.50</ele><time>2024-08-31T13:13:26Z</time></trkpt><trkpt lat="43.25679016" lon="-4.83316994"><ele>224.55</ele><time>2024-08-31T13:13:27Z</time></trkpt><trkpt lat="43.25678253" lon="-4.83318233"><ele>224.61</ele><time>2024-08-31T13:13:28Z</time></trkpt><trkpt lat="43.25677490" lon="-4.83319521"><ele>224.66</ele><time>2024-08-31T13:13:29Z</time></trkpt><trkpt lat="43.25677109" lon="-4.83320808"><ele>224.72</ele><time>2024-08-31T13:13:30Z</time></trkpt><trkpt lat="43.25676346" lon="-4.83322144"><ele>224.78</ele><time>2024-08-31T13:13:31Z</time></trkpt><trkpt lat="43.25675583" lon="-4.83323479"><ele>224.84</ele><time>2024-08-31T13:13:32Z</time></trkpt><trkpt lat="43.25675201" lon="-4.83324766"><ele>224.90</ele><time>2024-08-31T13:13:33Z</time></trkpt><trkpt lat="43.25674438" lon="-4.83326101"><ele>224.96</ele><time>2024-08-31T13:13:34Z</time></trkpt><trkpt lat="43.25673676" lon="-4.83327484"><ele>225.03</ele><time>2024-08-31T13:13:35Z</time></trkpt><trkpt lat="43.25673294" lon="-4.83328819"><ele>225.09</ele><time>2024-08-31T13:13:36Z</time></trkpt><trkpt lat="43.25672531" lon="-4.83330154"><ele>225.15</ele><time>2024-08-31T13:13:37Z</time></trkpt><trkpt lat="43.25672150" lon="-4.83331490"><ele>225.22</ele><time>2024-08-31T13:13:38Z</time></trkpt><trkpt lat="43.25671387" lon="-4.83332872"><ele>225.28</ele><time>2024-08-31T13:13:39Z</time></trkpt><trkpt lat="43.25671005" lon="-4.83334208"><ele>225.35</ele><time>2024-08-31T13:13:40Z</time></trkpt><trkpt lat="43.25670242" lon="-4.83335590"><ele>225.42</ele><time>2024-08-31T13:13:41Z</time></trkpt><trkpt lat="43.25669861" lon="-4.83336926"><ele>225.48</ele><time>2024-08-31T13:13:42Z</time></trkpt><trkpt lat="43.25669098" lon="-4.83338308"><ele>225.55</ele><time>2024-08-31T13:13:43Z</time></trkpt><trkpt lat="43.25668716" lon="-4.83339691"><ele>225.62</ele><time>2024-08-31T13:13:44Z</time></trkpt><trkpt lat="43.25668335" lon="-4.83341169"><ele>225.69</ele><time>2024-08-31T13:13:45Z</time></trkpt><trkpt lat="43.25667953" lon="-4.83342648"><ele>225.76</ele><time>2024-08-31T13:13:46Z</time></trkpt><trkpt lat="43.25667572" lon="-4.83344173"><ele>225.83</ele><time>2024-08-31T13:13:47Z</time></trkpt><trkpt lat="43.25667191" lon="-4.83345699"><ele>225.91</ele><time>2024-08-31T13:13:48Z</time></trkpt><trkpt lat="43.25666809" lon="-4.83347273"><ele>225.98</ele><time>2024-08-31T13:13:49Z</time></trkpt><trkpt lat="43.25666809" lon="-4.83348846"><ele>226.06</ele><time>2024-08-31T13:13:50Z</time></trkpt><trkpt lat="43.25666428" lon="-4.83350420"><ele>226.13</ele><time>2024-08-31T13:13:51Z</time></trkpt><trkpt lat="43.25666428" lon="-4.83351994"><ele>226.21</ele><time>2024-08-31T13:13:52Z</time></trkpt><trkpt lat="43.25666046" lon="-4.83353567"><ele>226.28</ele><time>2024-08-31T13:13:53Z</time></trkpt><trkpt lat="43.25666046" lon="-4.83355188"><ele>226.36</ele><time>2024-08-31T13:13:54Z</time></trkpt><trkpt lat="43.25665665" lon="-4.83356810"><ele>226.44</ele><time>2024-08-31T13:13:55Z</time></trkpt><trkpt lat="43.25665665" lon="-4.83358383"><ele>226.52</ele><time>2024-08-31T13:13:56Z</time></trkpt><trkpt lat="43.25665283" lon="-4.83360004"><ele>226.60</ele><time>2024-08-31T13:13:57Z</time></trkpt><trkpt lat="43.25665283" lon="-4.83361626"><ele>226.68</ele><time>2024-08-31T13:13:58Z</time></trkpt><trkpt lat="43.25664902" lon="-4.83363247"><ele>226.76</ele><time>2024-08-31T13:13:59Z</time></trkpt><trkpt lat="43.25664902" lon="-4.83364868"><ele>226.84</ele><time>2024-08-31T13:14:00Z</time></trkpt><trkpt lat="43.25664902" lon="-4.83366489"><ele>226.92</ele><time>2024-08-31T13:14:01Z</time></trkpt><trkpt lat="43.25664520" lon="-4.83368158"><ele>227.01</ele><time>2024-08-31T13:14:02Z</time></trkpt><trkpt lat="43.25664520" lon="-4.83369780"><ele>227.09</ele><time>2024-08-31T13:14:03Z</time></trkpt><trkpt lat="43.25664520" lon="-4.83371401"><ele>227.17</ele><time>2024-08-31T13:14:04Z</time></trkpt><trkpt lat="43.25664139" lon="-4.83373070"><ele>227.26</ele><time>2024-08-31T13:14:05Z</time></trkpt><trkpt lat="43.25664139" lon="-4.83374691"><ele>227.34</ele><time>2024-08-31T13:14:06Z</time></trkpt><trkpt lat="43.25664139" lon="-4.83376360"><ele>227.42</ele><time>2024-08-31T13:14:07Z</time></trkpt><trkpt lat="43.25663757" lon="-4.83378029"><ele>227.50</ele><time>2024-08-31T13:14:08Z</time></trkpt><trkpt lat="43.25663757" lon="-4.83379698"><ele>227.58</ele><time>2024-08-31T13:14:09Z</time></trkpt><trkpt lat="43.25663757" lon="-4.83381367"><ele>227.65</ele><time>2024-08-31T13:14:10Z</time></trkpt><trkpt lat="43.25663376" lon="-4.83383083"><ele>227.73</ele><time>2024-08-31T13:14:11Z</time></trkpt><trkpt lat="43.25663376" lon="-4.83384752"><ele>227.81</ele><time>2024-08-31T13:14:12Z</time></trkpt><trkpt lat="43.25663376" lon="-4.83386421"><ele>227.88</ele><time>2024-08-31T13:14:13Z</time></trkpt><trkpt lat="43.25663376" lon="-4.83388138"><ele>227.96</ele><time>2024-08-31T13:14:14Z</time></trkpt><trkpt lat="43.25663376" lon="-4.83389807"><ele>228.04</ele><time>2024-08-31T13:14:15Z</time></trkpt><trkpt lat="43.25662994" lon="-4.83391523"><ele>228.11</ele><time>2024-08-31T13:14:16Z</time></trkpt><trkpt lat="43.25662994" lon="-4.83393192"><ele>228.19</ele><time>2024-08-31T13:14:17Z</time></trkpt><trkpt lat="43.25662994" lon="-4.83394909"><ele>228.26</ele><time>2024-08-31T13:14:18Z</time></trkpt><trkpt lat="43.25662994" lon="-4.83396626"><ele>228.34</ele><time>2024-08-31T13:14:19Z</time></trkpt><trkpt lat="43.25662613" lon="-4.83398342"><ele>228.41</ele><time>2024-08-31T13:14:20Z</time></trkpt><trkpt lat="43.25662613" lon="-4.83400011"><ele>228.49</ele><time>2024-08-31T13:14:21Z</time></trkpt><trkpt lat="43.25662613" lon="-4.83401728"><ele>228.56</ele><time>2024-08-31T13:14:22Z</time></trkpt><trkpt lat="43.25662613" lon="-4.83403444"><ele>228.64</ele><time>2024-08-31T13:14:23Z</time></trkpt><trkpt lat="43.25662613" lon="-4.83405161"><ele>228.71</ele><time>2024-08-31T13:14:24Z</time></trkpt><trkpt lat="43.25662231" lon="-4.83406878"><ele>228.79</ele><time>2024-08-31T13:14:25Z</time></trkpt><trkpt lat="43.25662231" lon="-4.83408594"><ele>228.86</ele><time>2024-08-31T13:14:26Z</time></trkpt><trkpt lat="43.25662231" lon="-4.83410311"><ele>228.94</ele><time>2024-08-31T13:14:27Z</time></trkpt><trkpt lat="43.25662231" lon="-4.83412075"><ele>229.01</ele><time>2024-08-31T13:14:28Z</time></trkpt><trkpt lat="43.25661850" lon="-4.83413696"><ele>229.08</ele><time>2024-08-31T13:14:29Z</time></trkpt><trkpt lat="43.25661469" lon="-4.83415365"><ele>229.15</ele><time>2024-08-31T13:14:30Z</time></trkpt><trkpt lat="43.25661087" lon="-4.83416939"><ele>229.21</ele><time>2024-08-31T13:14:31Z</time></trkpt><trkpt lat="43.25660706" lon="-4.83418512"><ele>229.27</ele><time>2024-08-31T13:14:32Z</time></trkpt><trkpt lat="43.25659943" lon="-4.83420086"><ele>229.32</ele><time>2024-08-31T13:14:33Z</time></trkpt><trkpt lat="43.25659561" lon="-4.83421612"><ele>229.38</ele><time>2024-08-31T13:14:34Z</time></trkpt><trkpt lat="43.25658798" lon="-4.83423138"><ele>229.43</ele><time>2024-08-31T13:14:35Z</time></trkpt><trkpt lat="43.25658035" lon="-4.83424664"><ele>229.48</ele><time>2024-08-31T13:14:36Z</time></trkpt><trkpt lat="43.25657654" lon="-4.83426189"><ele>229.53</ele><time>2024-08-31T13:14:37Z</time></trkpt><trkpt lat="43.25656891" lon="-4.83427715"><ele>229.58</ele><time>2024-08-31T13:14:38Z</time></trkpt><trkpt lat="43.25656128" lon="-4.83429241"><ele>229.63</ele><time>2024-08-31T13:14:39Z</time></trkpt><trkpt lat="43.25655365" lon="-4.83430719"><ele>229.68</ele><time>2024-08-31T13:14:40Z</time></trkpt><trkpt lat="43.25654602" lon="-4.83432198"><ele>229.73</ele><time>2024-08-31T13:14:41Z</time></trkpt><trkpt lat="43.25653839" lon="-4.83433723"><ele>229.78</ele><time>2024-08-31T13:14:42Z</time></trkpt><trkpt lat="43.25653076" lon="-4.83435202"><ele>229.82</ele><time>2024-08-31T13:14:43Z</time></trkpt><trkpt lat="43.25652313" lon="-4.83436680"><ele>229.87</ele><time>2024-08-31T13:14:44Z</time></trkpt><trkpt lat="43.25651550" lon="-4.83438158"><ele>229.92</ele><time>2024-08-31T13:14:45Z</time></trkpt><trkpt lat="43.25650787" lon="-4.83439636"><ele>229.96</ele><time>2024-08-31T13:14:46Z</time></trkpt><trkpt lat="43.25650024" lon="-4.83441114"><ele>230.00</ele><time>2024-08-31T13:14:47Z</time></trkpt><trkpt lat="43.25649261" lon="-4.83442593"><ele>230.04</ele><time>2024-08-31T13:14:48Z</time></trkpt><trkpt lat="43.25648499" lon="-4.83444023"><ele>230.08</ele><time>2024-08-31T13:14:49Z</time></trkpt><trkpt lat="43.25647354" lon="-4.83445501"><ele>230.12</ele><time>2024-08-31T13:14:50Z</time></trkpt><trkpt lat="43.25646591" lon="-4.83446932"><ele>230.16</ele><time>2024-08-31T13:14:51Z</time></trkpt><trkpt lat="43.25645828" lon="-4.83448362"><ele>230.20</ele><time>2024-08-31T13:14:52Z</time></trkpt><trkpt lat="43.25645065" lon="-4.83449841"><ele>230.24</ele><time>2024-08-31T13:14:53Z</time></trkpt><trkpt lat="43.25643921" lon="-4.83451271"><ele>230.27</ele><time>2024-08-31T13:14:54Z</time></trkpt><trkpt lat="43.25643158" lon="-4.83452702"><ele>230.31</ele><time>2024-08-31T13:14:55Z</time></trkpt><trkpt lat="43.25642395" lon="-4.83454132"><ele>230.35</ele><time>2024-08-31T13:14:56Z</time></trkpt><trkpt lat="43.25641632" lon="-4.83455610"><ele>230.38</ele><time>2024-08-31T13:14:57Z</time></trkpt><trkpt lat="43.25640488" lon="-4.83457041"><ele>230.42</ele><time>2024-08-31T13:14:58Z</time></trkpt><trkpt lat="43.25639725" lon="-4.83458471"><ele>230.45</ele><time>2024-08-31T13:14:59Z</time></trkpt><trkpt lat="43.25638962" lon="-4.83459902"><ele>230.49</ele><time>2024-08-31T13:15:00Z</time></trkpt><trkpt lat="43.25637817" lon="-4.83461332"><ele>230.52</ele><time>2024-08-31T13:15:01Z</time></trkpt><trkpt lat="43.25637054" lon="-4.83462763"><ele>230.56</ele><time>2024-08-31T13:15:02Z</time></trkpt><trkpt lat="43.25636292" lon="-4.83464193"><ele>230.59</ele><time>2024-08-31T13:15:03Z</time></trkpt><trkpt lat="43.25635147" lon="-4.83465624"><ele>230.62</ele><time>2024-08-31T13:15:04Z</time></trkpt><trkpt lat="43.25634384" lon="-4.83467054"><ele>230.66</ele><time>2024-08-31T13:15:05Z</time></trkpt><trkpt lat="43.25633621" lon="-4.83468485"><ele>230.69</ele><time>2024-08-31T13:15:06Z</time></trkpt><trkpt lat="43.25632477" lon="-4.83469915"><ele>230.72</ele><time>2024-08-31T13:15:07Z</time></trkpt><trkpt lat="43.25631714" lon="-4.83471346"><ele>230.76</ele><time>2024-08-31T13:15:08Z</time></trkpt><trkpt lat="43.25630569" lon="-4.83472776"><ele>230.79</ele><time>2024-08-31T13:15:09Z</time></trkpt><trkpt lat="43.25629807" lon="-4.83474207"><ele>230.82</ele><time>2024-08-31T13:15:10Z</time></trkpt><trkpt lat="43.25629044" lon="-4.83475733"><ele>230.86</ele><time>2024-08-31T13:15:11Z</time></trkpt><trkpt lat="43.25628281" lon="-4.83477259"><ele>230.89</ele><time>2024-08-31T13:15:12Z</time></trkpt><trkpt lat="43.25627518" lon="-4.83478832"><ele>230.93</ele><time>2024-08-31T13:15:13Z</time></trkpt><trkpt lat="43.25626755" lon="-4.83480453"><ele>230.96</ele><time>2024-08-31T13:15:14Z</time></trkpt><trkpt lat="43.25625992" lon="-4.83482075"><ele>231.00</ele><time>2024-08-31T13:15:15Z</time></trkpt><trkpt lat="43.25625229" lon="-4.83483744"><ele>231.04</ele><time>2024-08-31T13:15:16Z</time></trkpt><trkpt lat="43.25624847" lon="-4.83485413"><ele>231.07</ele><time>2024-08-31T13:15:17Z</time></trkpt><trkpt lat="43.25624084" lon="-4.83487082"><ele>231.11</ele><time>2024-08-31T13:15:18Z</time></trkpt><trkpt lat="43.25623322" lon="-4.83488798"><ele>231.15</ele><time>2024-08-31T13:15:19Z</time></trkpt><trkpt lat="43.25622559" lon="-4.83490515"><ele>231.18</ele><time>2024-08-31T13:15:20Z</time></trkpt><trkpt lat="43.25622177" lon="-4.83492184"><ele>231.22</ele><time>2024-08-31T13:15:21Z</time></trkpt><trkpt lat="43.25621414" lon="-4.83493948"><ele>231.26</ele><time>2024-08-31T13:15:22Z</time></trkpt><trkpt lat="43.25621033" lon="-4.83495665"><ele>231.29</ele><time>2024-08-31T13:15:23Z</time></trkpt><trkpt lat="43.25620270" lon="-4.83497381"><ele>231.33</ele><time>2024-08-31T13:15:24Z</time></trkpt><trkpt lat="43.25619888" lon="-4.83499146"><ele>231.37</ele><time>2024-08-31T13:15:25Z</time></trkpt><trkpt lat="43.25619125" lon="-4.83500862"><ele>231.40</ele><time>2024-08-31T13:15:26Z</time></trkpt><trkpt lat="43.25618362" lon="-4.83502626"><ele>231.44</ele><time>2024-08-31T13:15:27Z</time></trkpt><trkpt lat="43.25617981" lon="-4.83504391"><ele>231.48</ele><time>2024-08-31T13:15:28Z</time></trkpt><trkpt lat="43.25617218" lon="-4.83506107"><ele>231.51</ele><time>2024-08-31T13:15:29Z</time></trkpt><trkpt lat="43.25616837" lon="-4.83507872"><ele>231.55</ele><time>2024-08-31T13:15:30Z</time></trkpt><trkpt lat="43.25616074" lon="-4.83509636"><ele>231.58</ele><time>2024-08-31T13:15:31Z</time></trkpt><trkpt lat="43.25615692" lon="-4.83511400"><ele>231.62</ele><time>2024-08-31T13:15:32Z</time></trkpt><trkpt lat="43.25614929" lon="-4.83513069"><ele>231.65</ele><time>2024-08-31T13:15:33Z</time></trkpt><trkpt lat="43.25614166" lon="-4.83514595"><ele>231.68</ele><time>2024-08-31T13:15:34Z</time></trkpt><trkpt lat="43.25613403" lon="-4.83516121"><ele>231.71</ele><time>2024-08-31T13:15:35Z</time></trkpt><trkpt lat="43.25612640" lon="-4.83517551"><ele>231.74</ele><time>2024-08-31T13:15:36Z</time></trkpt><trkpt lat="43.25611496" lon="-4.83518982"><ele>231.77</ele><time>2024-08-31T13:15:37Z</time></trkpt><trkpt lat="43.25610733" lon="-4.83520365"><ele>231.80</ele><time>2024-08-31T13:15:38Z</time></trkpt><trkpt lat="43.25609589" lon="-4.83521700"><ele>231.83</ele><time>2024-08-31T13:15:39Z</time></trkpt><trkpt lat="43.25608826" lon="-4.83523035"><ele>231.86</ele><time>2024-08-31T13:15:40Z</time></trkpt><trkpt lat="43.25607681" lon="-4.83524179"><ele>231.88</ele><time>2024-08-31T13:15:41Z</time></trkpt><trkpt lat="43.25606537" lon="-4.83525181"><ele>231.90</ele><time>2024-08-31T13:15:42Z</time></trkpt><trkpt lat="43.25605392" lon="-4.83526039"><ele>231.92</ele><time>2024-08-31T13:15:43Z</time></trkpt><trkpt lat="43.25604248" lon="-4.83526850"><ele>231.94</ele><time>2024-08-31T13:15:44Z</time></trkpt><trkpt lat="43.25603104" lon="-4.83527517"><ele>231.96</ele><time>2024-08-31T13:15:45Z</time></trkpt><trkpt lat="43.25601578" lon="-4.83528137"><ele>231.98</ele><time>2024-08-31T13:15:46Z</time></trkpt><trkpt lat="43.25600433" lon="-4.83528709"><ele>232.00</ele><time>2024-08-31T13:15:47Z</time></trkpt><trkpt lat="43.25598907" lon="-4.83529234"><ele>232.01</ele><time>2024-08-31T13:15:48Z</time></trkpt><trkpt lat="43.25597763" lon="-4.83529711"><ele>232.03</ele><time>2024-08-31T13:15:49Z</time></trkpt><trkpt lat="43.25596237" lon="-4.83530188"><ele>232.04</ele><time>2024-08-31T13:15:50Z</time></trkpt><trkpt lat="43.25595093" lon="-4.83530569"><ele>232.06</ele><time>2024-08-31T13:15:51Z</time></trkpt><trkpt lat="43.25593567" lon="-4.83530998"><ele>232.07</ele><time>2024-08-31T13:15:52Z</time></trkpt><trkpt lat="43.25592041" lon="-4.83531380"><ele>232.09</ele><time>2024-08-31T13:15:53Z</time></trkpt><trkpt lat="43.25590897" lon="-4.83531761"><ele>232.10</ele><time>2024-08-31T13:15:54Z</time></trkpt><trkpt lat="43.25589371" lon="-4.83532095"><ele>232.11</ele><time>2024-08-31T13:15:55Z</time></trkpt><trkpt lat="43.25587845" lon="-4.83532476"><ele>232.13</ele><time>2024-08-31T13:15:56Z</time></trkpt><trkpt lat="43.25586700" lon="-4.83532810"><ele>232.14</ele><time>2024-08-31T13:15:57Z</time></trkpt><trkpt lat="43.25585175" lon="-4.83533144"><ele>232.16</ele><time>2024-08-31T13:15:58Z</time></trkpt><trkpt lat="43.25583649" lon="-4.83533525"><ele>232.17</ele><time>2024-08-31T13:15:59Z</time></trkpt><trkpt lat="43.25582504" lon="-4.83533859"><ele>232.19</ele><time>2024-08-31T13:16:00Z</time></trkpt><trkpt lat="43.25580978" lon="-4.83534193"><ele>232.21</ele><time>2024-08-31T13:16:01Z</time></trkpt><trkpt lat="43.25579453" lon="-4.83534527"><ele>232.22</ele><time>2024-08-31T13:16:02Z</time></trkpt><trkpt lat="43.25577927" lon="-4.83534861"><ele>232.24</ele><time>2024-08-31T13:16:03Z</time></trkpt><trkpt lat="43.25576782" lon="-4.83535194"><ele>232.26</ele><time>2024-08-31T13:16:04Z</time></trkpt><trkpt lat="43.25575256" lon="-4.83535576"><ele>232.28</ele><time>2024-08-31T13:16:05Z</time></trkpt><trkpt lat="43.25573730" lon="-4.83535910"><ele>232.30</ele><time>2024-08-31T13:16:06Z</time></trkpt><trkpt lat="43.25572586" lon="-4.83536673"><ele>232.33</ele><time>2024-08-31T13:16:07Z</time></trkpt><trkpt lat="43.25571060" lon="-4.83537626"><ele>232.35</ele><time>2024-08-31T13:16:08Z</time></trkpt><trkpt lat="43.25569916" lon="-4.83538771"><ele>232.39</ele><time>2024-08-31T13:16:09Z</time></trkpt><trkpt lat="43.25568771" lon="-4.83540058"><ele>232.42</ele><time>2024-08-31T13:16:10Z</time></trkpt><trkpt lat="43.25567627" lon="-4.83541441"><ele>232.46</ele><time>2024-08-31T13:16:11Z</time></trkpt><trkpt lat="43.25566483" lon="-4.83542919"><ele>232.50</ele><time>2024-08-31T13:16:12Z</time></trkpt><trkpt lat="43.25565338" lon="-4.83544445"><ele>232.54</ele><time>2024-08-31T13:16:13Z</time></trkpt><trkpt lat="43.25564194" lon="-4.83546066"><ele>232.59</ele><time>2024-08-31T13:16:14Z</time></trkpt><trkpt lat="43.25563431" lon="-4.83547735"><ele>232.64</ele><time>2024-08-31T13:16:15Z</time></trkpt><trkpt lat="43.25562286" lon="-4.83549404"><ele>232.70</ele><time>2024-08-31T13:16:16Z</time></trkpt><trkpt lat="43.25561142" lon="-4.83551168"><ele>232.75</ele><time>2024-08-31T13:16:17Z</time></trkpt><trkpt lat="43.25560379" lon="-4.83552933"><ele>232.81</ele><time>2024-08-31T13:16:18Z</time></trkpt><trkpt lat="43.25559235" lon="-4.83554745"><ele>232.87</ele><time>2024-08-31T13:16:19Z</time></trkpt><trkpt lat="43.25558472" lon="-4.83556557"><ele>232.93</ele><time>2024-08-31T13:16:20Z</time></trkpt><trkpt lat="43.25557709" lon="-4.83558416"><ele>232.99</ele><time>2024-08-31T13:16:21Z</time></trkpt><trkpt lat="43.25556564" lon="-4.83560324"><ele>233.05</ele><time>2024-08-31T13:16:22Z</time></trkpt><trkpt lat="43.25555801" lon="-4.83562231"><ele>233.12</ele><time>2024-08-31T13:16:23Z</time></trkpt><trkpt lat="43.25554657" lon="-4.83563948"><ele>233.19</ele><time>2024-08-31T13:16:24Z</time></trkpt><trkpt lat="43.25553894" lon="-4.83565569"><ele>233.26</ele><time>2024-08-31T13:16:25Z</time></trkpt><trkpt lat="43.25552750" lon="-4.83567047"><ele>233.34</ele><time>2024-08-31T13:16:26Z</time></trkpt><trkpt lat="43.25551605" lon="-4.83568478"><ele>233.41</ele><time>2024-08-31T13:16:27Z</time></trkpt><trkpt lat="43.25550842" lon="-4.83569813"><ele>233.49</ele><time>2024-08-31T13:16:28Z</time></trkpt><trkpt lat="43.25549698" lon="-4.83571100"><ele>233.57</ele><time>2024-08-31T13:16:29Z</time></trkpt><trkpt lat="43.25548553" lon="-4.83572340"><ele>233.65</ele><time>2024-08-31T13:16:30Z</time></trkpt><trkpt lat="43.25547409" lon="-4.83573532"><ele>233.73</ele><time>2024-08-31T13:16:31Z</time></trkpt><trkpt lat="43.25546265" lon="-4.83574677"><ele>233.82</ele><time>2024-08-31T13:16:32Z</time></trkpt><trkpt lat="43.25545120" lon="-4.83575821"><ele>233.90</ele><time>2024-08-31T13:16:33Z</time></trkpt><trkpt lat="43.25543976" lon="-4.83576918"><ele>233.98</ele><time>2024-08-31T13:16:34Z</time></trkpt><trkpt lat="43.25542831" lon="-4.83577967"><ele>234.07</ele><time>2024-08-31T13:16:35Z</time></trkpt><trkpt lat="43.25541687" lon="-4.83579063"><ele>234.15</ele><time>2024-08-31T13:16:36Z</time></trkpt><trkpt lat="43.25540543" lon="-4.83580065"><ele>234.24</ele><time>2024-08-31T13:16:37Z</time></trkpt><trkpt lat="43.25539398" lon="-4.83581114"><ele>234.32</ele><time>2024-08-31T13:16:38Z</time></trkpt><trkpt lat="43.25538254" lon="-4.83582067"><ele>234.41</ele><time>2024-08-31T13:16:39Z</time></trkpt><trkpt lat="43.25537109" lon="-4.83583117"><ele>234.50</ele><time>2024-08-31T13:16:40Z</time></trkpt><trkpt lat="43.25535965" lon="-4.83584166"><ele>234.59</ele><time>2024-08-31T13:16:41Z</time></trkpt><trkpt lat="43.25534821" lon="-4.83585262"><ele>234.68</ele><time>2024-08-31T13:16:42Z</time></trkpt><trkpt lat="43.25533676" lon="-4.83586311"><ele>234.77</ele><time>2024-08-31T13:16:43Z</time></trkpt><trkpt lat="43.25532532" lon="-4.83587408"><ele>234.87</ele><time>2024-08-31T13:16:44Z</time></trkpt><trkpt lat="43.25531387" lon="-4.83588505"><ele>234.96</ele><time>2024-08-31T13:16:45Z</time></trkpt><trkpt lat="43.25530243" lon="-4.83589649"><ele>235.06</ele><time>2024-08-31T13:16:46Z</time></trkpt><trkpt lat="43.25529099" lon="-4.83590746"><ele>235.16</ele><time>2024-08-31T13:16:47Z</time></trkpt><trkpt lat="43.25528336" lon="-4.83591890"><ele>235.26</ele><time>2024-08-31T13:16:48Z</time></trkpt><trkpt lat="43.25527191" lon="-4.83592987"><ele>235.36</ele><time>2024-08-31T13:16:49Z</time></trkpt><trkpt lat="43.25526047" lon="-4.83594131"><ele>235.46</ele><time>2024-08-31T13:16:50Z</time></trkpt><trkpt lat="43.25524902" lon="-4.83595276"><ele>235.56</ele><time>2024-08-31T13:16:51Z</time></trkpt><trkpt lat="43.25524139" lon="-4.83596420"><ele>235.67</ele><time>2024-08-31T13:16:52Z</time></trkpt><trkpt lat="43.25522995" lon="-4.83597565"><ele>235.77</ele><time>2024-08-31T13:16:53Z</time></trkpt><trkpt lat="43.25521851" lon="-4.83598709"><ele>235.88</ele><time>2024-08-31T13:16:54Z</time></trkpt><trkpt lat="43.25520706" lon="-4.83599854"><ele>235.98</ele><time>2024-08-31T13:16:55Z</time></trkpt><trkpt lat="43.25519943" lon="-4.83601046"><ele>236.09</ele><time>2024-08-31T13:16:56Z</time></trkpt><trkpt lat="43.25518799" lon="-4.83602190"><ele>236.20</ele><time>2024-08-31T13:16:57Z</time></trkpt><trkpt lat="43.25517654" lon="-4.83603334"><ele>236.31</ele><time>2024-08-31T13:16:58Z</time></trkpt><trkpt lat="43.25516510" lon="-4.83604527"><ele>236.42</ele><time>2024-08-31T13:16:59Z</time></trkpt><trkpt lat="43.25515747" lon="-4.83605671"><ele>236.53</ele><time>2024-08-31T13:17:00Z</time></trkpt><trkpt lat="43.25514603" lon="-4.83606863"><ele>236.64</ele><time>2024-08-31T13:17:01Z</time></trkpt><trkpt lat="43.25513458" lon="-4.83608007"><ele>236.75</ele><time>2024-08-31T13:17:02Z</time></trkpt><trkpt lat="43.25512695" lon="-4.83609152"><ele>236.86</ele><time>2024-08-31T13:17:03Z</time></trkpt><trkpt lat="43.25511551" lon="-4.83610249"><ele>236.97</ele><time>2024-08-31T13:17:04Z</time></trkpt><trkpt lat="43.25510406" lon="-4.83611345"><ele>237.08</ele><time>2024-08-31T13:17:05Z</time></trkpt><trkpt lat="43.25509262" lon="-4.83612442"><ele>237.19</ele><time>2024-08-31T13:17:06Z</time></trkpt><trkpt lat="43.25508118" lon="-4.83613539"><ele>237.30</ele><time>2024-08-31T13:17:07Z</time></trkpt><trkpt lat="43.25506973" lon="-4.83614588"><ele>237.41</ele><time>2024-08-31T13:17:08Z</time></trkpt><trkpt lat="43.25506210" lon="-4.83615637"><ele>237.52</ele><time>2024-08-31T13:17:09Z</time></trkpt><trkpt lat="43.25505066" lon="-4.83616686"><ele>237.63</ele><time>2024-08-31T13:17:10Z</time></trkpt><trkpt lat="43.25503922" lon="-4.83617735"><ele>237.75</ele><time>2024-08-31T13:17:11Z</time></trkpt><trkpt lat="43.25502777" lon="-4.83618784"><ele>237.86</ele><time>2024-08-31T13:17:12Z</time></trkpt><trkpt lat="43.25501633" lon="-4.83619833"><ele>237.97</ele><time>2024-08-31T13:17:13Z</time></trkpt><trkpt lat="43.25500488" lon="-4.83620834"><ele>238.08</ele><time>2024-08-31T13:17:14Z</time></trkpt><trkpt lat="43.25499344" lon="-4.83621883"><ele>238.20</ele><time>2024-08-31T13:17:15Z</time></trkpt><trkpt lat="43.25498199" lon="-4.83622885"><ele>238.31</ele><time>2024-08-31T13:17:16Z</time></trkpt><trkpt lat="43.25497055" lon="-4.83623934"><ele>238.42</ele><time>2024-08-31T13:17:17Z</time></trkpt><trkpt lat="43.25495911" lon="-4.83624935"><ele>238.54</ele><time>2024-08-31T13:17:18Z</time></trkpt><trkpt lat="43.25494766" lon="-4.83625984"><ele>238.65</ele><time>2024-08-31T13:17:19Z</time></trkpt><trkpt lat="43.25493622" lon="-4.83627033"><ele>238.76</ele><time>2024-08-31T13:17:20Z</time></trkpt><trkpt lat="43.25492477" lon="-4.83628035"><ele>238.88</ele><time>2024-08-31T13:17:21Z</time></trkpt><trkpt lat="43.25491333" lon="-4.83629036"><ele>238.99</ele><time>2024-08-31T13:17:22Z</time></trkpt><trkpt lat="43.25490570" lon="-4.83630037"><ele>239.11</ele><time>2024-08-31T13:17:23Z</time></trkpt><trkpt lat="43.25489426" lon="-4.83630991"><ele>239.22</ele><time>2024-08-31T13:17:24Z</time></trkpt><trkpt lat="43.25488281" lon="-4.83631945"><ele>239.34</ele><time>2024-08-31T13:17:25Z</time></trkpt><trkpt lat="43.25487137" lon="-4.83632898"><ele>239.46</ele><time>2024-08-31T13:17:26Z</time></trkpt><trkpt lat="43.25485992" lon="-4.83633852"><ele>239.57</ele><time>2024-08-31T13:17:27Z</time></trkpt><trkpt lat="43.25484848" lon="-4.83634806"><ele>239.69</ele><time>2024-08-31T13:17:28Z</time></trkpt><trkpt lat="43.25483704" lon="-4.83635712"><ele>239.80</ele><time>2024-08-31T13:17:29Z</time></trkpt><trkpt lat="43.25482559" lon="-4.83636665"><ele>239.92</ele><time>2024-08-31T13:17:30Z</time></trkpt><trkpt lat="43.25481415" lon="-4.83637571"><ele>240.04</ele><time>2024-08-31T13:17:31Z</time></trkpt><trkpt lat="43.25480270" lon="-4.83638525"><ele>240.15</ele><time>2024-08-31T13:17:32Z</time></trkpt><trkpt lat="43.25479126" lon="-4.83639431"><ele>240.27</ele><time>2024-08-31T13:17:33Z</time></trkpt><trkpt lat="43.25477982" lon="-4.83640337"><ele>240.39</ele><time>2024-08-31T13:17:34Z</time></trkpt><trkpt lat="43.25476837" lon="-4.83641291"><ele>240.50</ele><time>2024-08-31T13:17:35Z</time></trkpt><trkpt lat="43.25475693" lon="-4.83642197"><ele>240.62</ele><time>2024-08-31T13:17:36Z</time></trkpt><trkpt lat="43.25474548" lon="-4.83643103"><ele>240.74</ele><time>2024-08-31T13:17:37Z</time></trkpt><trkpt lat="43.25473404" lon="-4.83644056"><ele>240.85</ele><time>2024-08-31T13:17:38Z</time></trkpt><trkpt lat="43.25472641" lon="-4.83644962"><ele>240.97</ele><time>2024-08-31T13:17:39Z</time></trkpt><trkpt lat="43.25471497" lon="-4.83645868"><ele>241.09</ele><time>2024-08-31T13:17:40Z</time></trkpt><trkpt lat="43.25470352" lon="-4.83646774"><ele>241.21</ele><time>2024-08-31T13:17:41Z</time></trkpt><trkpt lat="43.25469208" lon="-4.83647728"><ele>241.32</ele><time>2024-08-31T13:17:42Z</time></trkpt><trkpt lat="43.25468063" lon="-4.83648634"><ele>241.44</ele><time>2024-08-31T13:17:43Z</time></trkpt><trkpt lat="43.25466919" lon="-4.83649540"><ele>241.56</ele><time>2024-08-31T13:17:44Z</time></trkpt><trkpt lat="43.25465775" lon="-4.83650494"><ele>241.68</ele><time>2024-08-31T13:17:45Z</time></trkpt><trkpt lat="43.25464630" lon="-4.83651495"><ele>241.79</ele><time>2024-08-31T13:17:46Z</time></trkpt><trkpt lat="43.25463867" lon="-4.83652544"><ele>241.91</ele><time>2024-08-31T13:17:47Z</time></trkpt><trkpt lat="43.25462723" lon="-4.83653593"><ele>242.03</ele><time>2024-08-31T13:17:48Z</time></trkpt><trkpt lat="43.25461578" lon="-4.83654642"><ele>242.15</ele><time>2024-08-31T13:17:49Z</time></trkpt><trkpt lat="43.25460815" lon="-4.83655739"><ele>242.27</ele><time>2024-08-31T13:17:50Z</time></trkpt><trkpt lat="43.25459671" lon="-4.83656836"><ele>242.38</ele><time>2024-08-31T13:17:51Z</time></trkpt><trkpt lat="43.25458908" lon="-4.83657932"><ele>242.50</ele><time>2024-08-31T13:17:52Z</time></trkpt><trkpt lat="43.25457764" lon="-4.83659077"><ele>242.62</ele><time>2024-08-31T13:17:53Z</time></trkpt><trkpt lat="43.25457001" lon="-4.83660221"><ele>242.74</ele><time>2024-08-31T13:17:54Z</time></trkpt><trkpt lat="43.25455856" lon="-4.83661318"><ele>242.85</ele><time>2024-08-31T13:17:55Z</time></trkpt><trkpt lat="43.25455093" lon="-4.83662462"><ele>242.97</ele><time>2024-08-31T13:17:56Z</time></trkpt><trkpt lat="43.25453949" lon="-4.83663607"><ele>243.09</ele><time>2024-08-31T13:17:57Z</time></trkpt><trkpt lat="43.25453186" lon="-4.83664751"><ele>243.20</ele><time>2024-08-31T13:17:58Z</time></trkpt><trkpt lat="43.25452423" lon="-4.83665895"><ele>243.32</ele><time>2024-08-31T13:17:59Z</time></trkpt><trkpt lat="43.25451279" lon="-4.83667040"><ele>243.44</ele><time>2024-08-31T13:18:00Z</time></trkpt><trkpt lat="43.25450516" lon="-4.83668184"><ele>243.55</ele><time>2024-08-31T13:18:01Z</time></trkpt><trkpt lat="43.25449371" lon="-4.83669329"><ele>243.67</ele><time>2024-08-31T13:18:02Z</time></trkpt><trkpt lat="43.25448608" lon="-4.83670473"><ele>243.78</ele><time>2024-08-31T13:18:03Z</time></trkpt><trkpt lat="43.25447464" lon="-4.83671618"><ele>243.90</ele><time>2024-08-31T13:18:04Z</time></trkpt><trkpt lat="43.25446701" lon="-4.83672810"><ele>244.01</ele><time>2024-08-31T13:18:05Z</time></trkpt><trkpt lat="43.25445557" lon="-4.83673954"><ele>244.13</ele><time>2024-08-31T13:18:06Z</time></trkpt><trkpt lat="43.25444794" lon="-4.83675098"><ele>244.24</ele><time>2024-08-31T13:18:07Z</time></trkpt><trkpt lat="43.25443649" lon="-4.83676291"><ele>244.36</ele><time>2024-08-31T13:18:08Z</time></trkpt><trkpt lat="43.25442886" lon="-4.83677435"><ele>244.47</ele><time>2024-08-31T13:18:09Z</time></trkpt><trkpt lat="43.25441742" lon="-4.83678579"><ele>244.59</ele><time>2024-08-31T13:18:10Z</time></trkpt><trkpt lat="43.25440979" lon="-4.83679771"><ele>244.70</ele><time>2024-08-31T13:18:11Z</time></trkpt><trkpt lat="43.25439835" lon="-4.83680916"><ele>244.82</ele><time>2024-08-31T13:18:12Z</time></trkpt><trkpt lat="43.25439072" lon="-4.83682108"><ele>244.93</ele><time>2024-08-31T13:18:13Z</time></trkpt><trkpt lat="43.25437927" lon="-4.83683252"><ele>245.04</ele><time>2024-08-31T13:18:14Z</time></trkpt><trkpt lat="43.25437164" lon="-4.83684444"><ele>245.16</ele><time>2024-08-31T13:18:15Z</time></trkpt><trkpt lat="43.25436020" lon="-4.83685589"><ele>245.27</ele><time>2024-08-31T13:18:16Z</time></trkpt><trkpt lat="43.25435257" lon="-4.83686733"><ele>245.39</ele><time>2024-08-31T13:18:17Z</time></trkpt><trkpt lat="43.25434113" lon="-4.83687925"><ele>245.50</ele><time>2024-08-31T13:18:18Z</time></trkpt><trkpt lat="43.25433350" lon="-4.83689070"><ele>245.61</ele><time>2024-08-31T13:18:19Z</time></trkpt><trkpt lat="43.25432205" lon="-4.83690262"><ele>245.73</ele><time>2024-08-31T13:18:20Z</time></trkpt><trkpt lat="43.25431442" lon="-4.83691406"><ele>245.84</ele><time>2024-08-31T13:18:21Z</time></trkpt><trkpt lat="43.25430298" lon="-4.83692598"><ele>245.95</ele><time>2024-08-31T13:18:22Z</time></trkpt><trkpt lat="43.25429153" lon="-4.83693743"><ele>246.07</ele><time>2024-08-31T13:18:23Z</time></trkpt><trkpt lat="43.25428391" lon="-4.83694935"><ele>246.18</ele><time>2024-08-31T13:18:24Z</time></trkpt><trkpt lat="43.25427246" lon="-4.83696079"><ele>246.29</ele><time>2024-08-31T13:18:25Z</time></trkpt><trkpt lat="43.25426483" lon="-4.83697271"><ele>246.41</ele><time>2024-08-31T13:18:26Z</time></trkpt><trkpt lat="43.25425339" lon="-4.83698416"><ele>246.52</ele><time>2024-08-31T13:18:27Z</time></trkpt><trkpt lat="43.25424576" lon="-4.83699560"><ele>246.63</ele><time>2024-08-31T13:18:28Z</time></trkpt><trkpt lat="43.25423431" lon="-4.83700657"><ele>246.75</ele><time>2024-08-31T13:18:29Z</time></trkpt><trkpt lat="43.25422668" lon="-4.83701706"><ele>246.86</ele><time>2024-08-31T13:18:30Z</time></trkpt><trkpt lat="43.25421524" lon="-4.83702755"><ele>246.97</ele><time>2024-08-31T13:18:31Z</time></trkpt><trkpt lat="43.25420761" lon="-4.83703804"><ele>247.08</ele><time>2024-08-31T13:18:32Z</time></trkpt><trkpt lat="43.25419617" lon="-4.83704853"><ele>247.18</ele><time>2024-08-31T13:18:33Z</time></trkpt><trkpt lat="43.25418854" lon="-4.83705854"><ele>247.29</ele><time>2024-08-31T13:18:34Z</time></trkpt><trkpt lat="43.25418091" lon="-4.83706856"><ele>247.40</ele><time>2024-08-31T13:18:35Z</time></trkpt><trkpt lat="43.25416946" lon="-4.83707857"><ele>247.51</ele><time>2024-08-31T13:18:36Z</time></trkpt><trkpt lat="43.25416183" lon="-4.83708858"><ele>247.61</ele><time>2024-08-31T13:18:37Z</time></trkpt><trkpt lat="43.25415039" lon="-4.83709860"><ele>247.72</ele><time>2024-08-31T13:18:38Z</time></trkpt><trkpt lat="43.25414276" lon="-4.83710861"><ele>247.82</ele><time>2024-08-31T13:18:39Z</time></trkpt><trkpt lat="43.25413132" lon="-4.83711815"><ele>247.93</ele><time>2024-08-31T13:18:40Z</time></trkpt><trkpt lat="43.25412369" lon="-4.83712816"><ele>248.03</ele><time>2024-08-31T13:18:41Z</time></trkpt><trkpt lat="43.25411606" lon="-4.83713818"><ele>248.14</ele><time>2024-08-31T13:18:42Z</time></trkpt><trkpt lat="43.25410461" lon="-4.83714771"><ele>248.24</ele><time>2024-08-31T13:18:43Z</time></trkpt><trkpt lat="43.25409698" lon="-4.83715773"><ele>248.34</ele><time>2024-08-31T13:18:44Z</time></trkpt><trkpt lat="43.25408554" lon="-4.83716726"><ele>248.45</ele><time>2024-08-31T13:18:45Z</time></trkpt><trkpt lat="43.25407791" lon="-4.83717680"><ele>248.55</ele><time>2024-08-31T13:18:46Z</time></trkpt><trkpt lat="43.25407028" lon="-4.83718681"><ele>248.65</ele><time>2024-08-31T13:18:47Z</time></trkpt><trkpt lat="43.25405884" lon="-4.83719730"><ele>248.76</ele><time>2024-08-31T13:18:48Z</time></trkpt><trkpt lat="43.25405121" lon="-4.83720827"><ele>248.86</ele><time>2024-08-31T13:18:49Z</time></trkpt><trkpt lat="43.25404358" lon="-4.83722019"><ele>248.97</ele><time>2024-08-31T13:18:50Z</time></trkpt><trkpt lat="43.25403595" lon="-4.83723211"><ele>249.08</ele><time>2024-08-31T13:18:51Z</time></trkpt><trkpt lat="43.25402832" lon="-4.83724451"><ele>249.20</ele><time>2024-08-31T13:18:52Z</time></trkpt><trkpt lat="43.25402069" lon="-4.83725691"><ele>249.31</ele><time>2024-08-31T13:18:53Z</time></trkpt><trkpt lat="43.25401306" lon="-4.83726978"><ele>249.43</ele><time>2024-08-31T13:18:54Z</time></trkpt><trkpt lat="43.25400543" lon="-4.83728313"><ele>249.54</ele><time>2024-08-31T13:18:55Z</time></trkpt><trkpt lat="43.25399780" lon="-4.83729601"><ele>249.66</ele><time>2024-08-31T13:18:56Z</time></trkpt><trkpt lat="43.25399017" lon="-4.83730936"><ele>249.78</ele><time>2024-08-31T13:18:57Z</time></trkpt><trkpt lat="43.25398254" lon="-4.83732271"><ele>249.90</ele><time>2024-08-31T13:18:58Z</time></trkpt><trkpt lat="43.25397491" lon="-4.83733654"><ele>250.02</ele><time>2024-08-31T13:18:59Z</time></trkpt><trkpt lat="43.25396729" lon="-4.83734989"><ele>250.14</ele><time>2024-08-31T13:19:00Z</time></trkpt><trkpt lat="43.25395966" lon="-4.83736372"><ele>250.26</ele><time>2024-08-31T13:19:01Z</time></trkpt><trkpt lat="43.25395203" lon="-4.83737707"><ele>250.38</ele><time>2024-08-31T13:19:02Z</time></trkpt><trkpt lat="43.25394821" lon="-4.83739090"><ele>250.50</ele><time>2024-08-31T13:19:03Z</time></trkpt><trkpt lat="43.25394058" lon="-4.83740473"><ele>250.62</ele><time>2024-08-31T13:19:04Z</time></trkpt><trkpt lat="43.25393295" lon="-4.83741856"><ele>250.75</ele><time>2024-08-31T13:19:05Z</time></trkpt><trkpt lat="43.25392532" lon="-4.83743238"><ele>250.87</ele><time>2024-08-31T13:19:06Z</time></trkpt><trkpt lat="43.25391769" lon="-4.83744669"><ele>250.99</ele><time>2024-08-31T13:19:07Z</time></trkpt><trkpt lat="43.25391388" lon="-4.83746099"><ele>251.11</ele><time>2024-08-31T13:19:08Z</time></trkpt><trkpt lat="43.25391006" lon="-4.83747530"><ele>251.23</ele><time>2024-08-31T13:19:09Z</time></trkpt><trkpt lat="43.25390244" lon="-4.83749008"><ele>251.34</ele><time>2024-08-31T13:19:10Z</time></trkpt><trkpt lat="43.25389862" lon="-4.83750439"><ele>251.46</ele><time>2024-08-31T13:19:11Z</time></trkpt><trkpt lat="43.25389862" lon="-4.83751535"><ele>251.59</ele><time>2024-08-31T13:19:12Z</time></trkpt><trkpt lat="43.25389481" lon="-4.83752346"><ele>251.72</ele><time>2024-08-31T13:19:13Z</time></trkpt><trkpt lat="43.25389481" lon="-4.83752918"><ele>251.85</ele><time>2024-08-31T13:19:14Z</time></trkpt><trkpt lat="43.25389481" lon="-4.83753300"><ele>251.99</ele><time>2024-08-31T13:19:15Z</time></trkpt><trkpt lat="43.25389862" lon="-4.83753490"><ele>252.12</ele><time>2024-08-31T13:19:16Z</time></trkpt><trkpt lat="43.25389862" lon="-4.83753586"><ele>252.25</ele><time>2024-08-31T13:19:17Z</time></trkpt><trkpt lat="43.25390244" lon="-4.83753586"><ele>252.39</ele><time>2024-08-31T13:19:18Z</time></trkpt><trkpt lat="43.25390244" lon="-4.83753490"><ele>252.52</ele><time>2024-08-31T13:19:19Z</time></trkpt><trkpt lat="43.25390625" lon="-4.83753347"><ele>252.66</ele><time>2024-08-31T13:19:20Z</time></trkpt><trkpt lat="43.25391006" lon="-4.83753109"><ele>252.80</ele><time>2024-08-31T13:19:21Z</time></trkpt><trkpt lat="43.25391388" lon="-4.83752823"><ele>252.94</ele><time>2024-08-31T13:19:22Z</time></trkpt><trkpt lat="43.25391769" lon="-4.83752537"><ele>253.08</ele><time>2024-08-31T13:19:23Z</time></trkpt><trkpt lat="43.25391769" lon="-4.83752203"><ele>253.22</ele><time>2024-08-31T13:19:24Z</time></trkpt><trkpt lat="43.25392151" lon="-4.83751822"><ele>253.37</ele><time>2024-08-31T13:19:25Z</time></trkpt><trkpt lat="43.25392532" lon="-4.83751345"><ele>253.51</ele><time>2024-08-31T13:19:26Z</time></trkpt><trkpt lat="43.25393295" lon="-4.83750868"><ele>253.66</ele><time>2024-08-31T13:19:27Z</time></trkpt><trkpt lat="43.25393677" lon="-4.83750343"><ele>253.81</ele><time>2024-08-31T13:19:28Z</time></trkpt><trkpt lat="43.25394058" lon="-4.83749819"><ele>253.96</ele><time>2024-08-31T13:19:29Z</time></trkpt><trkpt lat="43.25394440" lon="-4.83749247"><ele>254.11</ele><time>2024-08-31T13:19:30Z</time></trkpt><trkpt lat="43.25394821" lon="-4.83748627"><ele>254.26</ele><time>2024-08-31T13:19:31Z</time></trkpt><trkpt lat="43.25395584" lon="-4.83748007"><ele>254.41</ele><time>2024-08-31T13:19:32Z</time></trkpt><trkpt lat="43.25395966" lon="-4.83747387"><ele>254.57</ele><time>2024-08-31T13:19:33Z</time></trkpt><trkpt lat="43.25396347" lon="-4.83746767"><ele>254.72</ele><time>2024-08-31T13:19:34Z</time></trkpt><trkpt lat="43.25397110" lon="-4.83746099"><ele>254.88</ele><time>2024-08-31T13:19:35Z</time></trkpt><trkpt lat="43.25397491" lon="-4.83745480"><ele>255.03</ele><time>2024-08-31T13:19:36Z</time></trkpt><trkpt lat="43.25397873" lon="-4.83744860"><ele>255.19</ele><time>2024-08-31T13:19:37Z</time></trkpt><trkpt lat="43.25398636" lon="-4.83744240"><ele>255.35</ele><time>2024-08-31T13:19:38Z</time></trkpt><trkpt lat="43.25399017" lon="-4.83743620"><ele>255.50</ele><time>2024-08-31T13:19:39Z</time></trkpt><trkpt lat="43.25399780" lon="-4.83743048"><ele>255.66</ele><time>2024-08-31T13:19:40Z</time></trkpt><trkpt lat="43.25400543" lon="-4.83742428"><ele>255.83</ele><time>2024-08-31T13:19:41Z</time></trkpt><trkpt lat="43.25400925" lon="-4.83741856"><ele>255.99</ele><time>2024-08-31T13:19:42Z</time></trkpt><trkpt lat="43.25401688" lon="-4.83741236"><ele>256.15</ele><time>2024-08-31T13:19:43Z</time></trkpt><trkpt lat="43.25402069" lon="-4.83740616"><ele>256.32</ele><time>2024-08-31T13:19:44Z</time></trkpt><trkpt lat="43.25402832" lon="-4.83740044"><ele>256.48</ele><time>2024-08-31T13:19:45Z</time></trkpt><trkpt lat="43.25403595" lon="-4.83739424"><ele>256.65</ele><time>2024-08-31T13:19:46Z</time></trkpt><trkpt lat="43.25403976" lon="-4.83738852"><ele>256.82</ele><time>2024-08-31T13:19:47Z</time></trkpt><trkpt lat="43.25404739" lon="-4.83738232"><ele>256.99</ele><time>2024-08-31T13:19:48Z</time></trkpt><trkpt lat="43.25405502" lon="-4.83737659"><ele>257.16</ele><time>2024-08-31T13:19:49Z</time></trkpt><trkpt lat="43.25406265" lon="-4.83737040"><ele>257.34</ele><time>2024-08-31T13:19:50Z</time></trkpt><trkpt lat="43.25406647" lon="-4.83736467"><ele>257.51</ele><time>2024-08-31T13:19:51Z</time></trkpt><trkpt lat="43.25407410" lon="-4.83735895"><ele>257.68</ele><time>2024-08-31T13:19:52Z</time></trkpt><trkpt lat="43.25408173" lon="-4.83735323"><ele>257.85</ele><time>2024-08-31T13:19:53Z</time></trkpt><trkpt lat="43.25408554" lon="-4.83734751"><ele>258.02</ele><time>2024-08-31T13:19:54Z</time></trkpt><trkpt lat="43.25409317" lon="-4.83734179"><ele>258.19</ele><time>2024-08-31T13:19:55Z</time></trkpt><trkpt lat="43.25409698" lon="-4.83733606"><ele>258.37</ele><time>2024-08-31T13:19:56Z</time></trkpt><trkpt lat="43.25410461" lon="-4.83733082"><ele>258.54</ele><time>2024-08-31T13:19:57Z</time></trkpt><trkpt lat="43.25411224" lon="-4.83732510"><ele>258.71</ele><time>2024-08-31T13:19:58Z</time></trkpt><trkpt lat="43.25411606" lon="-4.83731937"><ele>258.88</ele><time>2024-08-31T13:19:59Z</time></trkpt><trkpt lat="43.25412369" lon="-4.83731365"><ele>259.05</ele><time>2024-08-31T13:20:00Z</time></trkpt><trkpt lat="43.25413132" lon="-4.83730841"><ele>259.23</ele><time>2024-08-31T13:20:01Z</time></trkpt><trkpt lat="43.25413513" lon="-4.83730650"><ele>259.40</ele><time>2024-08-31T13:20:02Z</time></trkpt><trkpt lat="43.25413513" lon="-4.83730650"><ele>259.58</ele><time>2024-08-31T13:20:03Z</time></trkpt><trkpt lat="43.25413895" lon="-4.83730841"><ele>259.76</ele><time>2024-08-31T13:20:04Z</time></trkpt><trkpt lat="43.25413895" lon="-4.83731174"><ele>259.93</ele><time>2024-08-31T13:20:05Z</time></trkpt><trkpt lat="43.25413895" lon="-4.83731651"><ele>260.10</ele><time>2024-08-31T13:20:06Z</time></trkpt><trkpt lat="43.25413895" lon="-4.83732224"><ele>260.28</ele><time>2024-08-31T13:20:07Z</time></trkpt><trkpt lat="43.25413895" lon="-4.83732891"><ele>260.45</ele><time>2024-08-31T13:20:08Z</time></trkpt><trkpt lat="43.25413895" lon="-4.83733654"><ele>260.62</ele><time>2024-08-31T13:20:09Z</time></trkpt><trkpt lat="43.25413895" lon="-4.83734465"><ele>260.79</ele><time>2024-08-31T13:20:10Z</time></trkpt><trkpt lat="43.25413513" lon="-4.83735323"><ele>260.95</ele><time>2024-08-31T13:20:11Z</time></trkpt><trkpt lat="43.25413513" lon="-4.83736229"><ele>261.12</ele><time>2024-08-31T13:20:12Z</time></trkpt><trkpt lat="43.25413132" lon="-4.83737183"><ele>261.29</ele><time>2024-08-31T13:20:13Z</time></trkpt><trkpt lat="43.25413132" lon="-4.83738184"><ele>261.45</ele><time>2024-08-31T13:20:14Z</time></trkpt><trkpt lat="43.25412750" lon="-4.83739185"><ele>261.61</ele><time>2024-08-31T13:20:15Z</time></trkpt><trkpt lat="43.25412369" lon="-4.83740139"><ele>261.76</ele><time>2024-08-31T13:20:16Z</time></trkpt><trkpt lat="43.25412369" lon="-4.83741045"><ele>261.91</ele><time>2024-08-31T13:20:17Z</time></trkpt><trkpt lat="43.25411987" lon="-4.83741999"><ele>262.05</ele><time>2024-08-31T13:20:18Z</time></trkpt><trkpt lat="43.25411606" lon="-4.83742952"><ele>262.18</ele><time>2024-08-31T13:20:19Z</time></trkpt><trkpt lat="43.25411606" lon="-4.83743858"><ele>262.32</ele><time>2024-08-31T13:20:20Z</time></trkpt><trkpt lat="43.25411224" lon="-4.83744812"><ele>262.45</ele><time>2024-08-31T13:20:21Z</time></trkpt><trkpt lat="43.25410843" lon="-4.83745766"><ele>262.58</ele><time>2024-08-31T13:20:22Z</time></trkpt><trkpt lat="43.25410843" lon="-4.83746767"><ele>262.72</ele><time>2024-08-31T13:20:23Z</time></trkpt><trkpt lat="43.25410461" lon="-4.83747768"><ele>262.86</ele><time>2024-08-31T13:20:24Z</time></trkpt><trkpt lat="43.25410080" lon="-4.83748817"><ele>263.01</ele><time>2024-08-31T13:20:25Z</time></trkpt><trkpt lat="43.25409698" lon="-4.83749866"><ele>263.15</ele><time>2024-08-31T13:20:26Z</time></trkpt><trkpt lat="43.25409698" lon="-4.83750916"><ele>263.30</ele><time>2024-08-31T13:20:27Z</time></trkpt><trkpt lat="43.25409317" lon="-4.83751965"><ele>263.45</ele><time>2024-08-31T13:20:28Z</time></trkpt><trkpt lat="43.25408936" lon="-4.83753061"><ele>263.60</ele><time>2024-08-31T13:20:29Z</time></trkpt><trkpt lat="43.25408554" lon="-4.83754158"><ele>263.75</ele><time>2024-08-31T13:20:30Z</time></trkpt><trkpt lat="43.25408554" lon="-4.83755302"><ele>263.90</ele><time>2024-08-31T13:20:31Z</time></trkpt><trkpt lat="43.25408173" lon="-4.83756399"><ele>264.06</ele><time>2024-08-31T13:20:32Z</time></trkpt><trkpt lat="43.25407791" lon="-4.83757544"><ele>264.21</ele><time>2024-08-31T13:20:33Z</time></trkpt><trkpt lat="43.25407791" lon="-4.83758640"><ele>264.37</ele><time>2024-08-31T13:20:34Z</time></trkpt><trkpt lat="43.25407410" lon="-4.83759785"><ele>264.53</ele><time>2024-08-31T13:20:35Z</time></trkpt><trkpt lat="43.25407028" lon="-4.83760929"><ele>264.69</ele><time>2024-08-31T13:20:36Z</time></trkpt><trkpt lat="43.25407028" lon="-4.83762074"><ele>264.85</ele><time>2024-08-31T13:20:37Z</time></trkpt><trkpt lat="43.25406647" lon="-4.83763218"><ele>265.01</ele><time>2024-08-31T13:20:38Z</time></trkpt><trkpt lat="43.25406265" lon="-4.83764410"><ele>265.17</ele><time>2024-08-31T13:20:39Z</time></trkpt><trkpt lat="43.25406265" lon="-4.83765554"><ele>265.33</ele><time>2024-08-31T13:20:40Z</time></trkpt><trkpt lat="43.25405884" lon="-4.83766699"><ele>265.50</ele><time>2024-08-31T13:20:41Z</time></trkpt><trkpt lat="43.25405884" lon="-4.83767843"><ele>265.66</ele><time>2024-08-31T13:20:42Z</time></trkpt><trkpt lat="43.25405502" lon="-4.83769035"><ele>265.82</ele><time>2024-08-31T13:20:43Z</time></trkpt><trkpt lat="43.25405121" lon="-4.83770180"><ele>265.99</ele><time>2024-08-31T13:20:44Z</time></trkpt><trkpt lat="43.25405121" lon="-4.83771372"><ele>266.15</ele><time>2024-08-31T13:20:45Z</time></trkpt><trkpt lat="43.25404739" lon="-4.83772516"><ele>266.32</ele><time>2024-08-31T13:20:46Z</time></trkpt><trkpt lat="43.25404358" lon="-4.83773708"><ele>266.49</ele><time>2024-08-31T13:20:47Z</time></trkpt><trkpt lat="43.25404358" lon="-4.83774853"><ele>266.66</ele><time>2024-08-31T13:20:48Z</time></trkpt><trkpt lat="43.25403976" lon="-4.83776045"><ele>266.83</ele><time>2024-08-31T13:20:49Z</time></trkpt><trkpt lat="43.25403976" lon="-4.83777189"><ele>267.00</ele><time>2024-08-31T13:20:50Z</time></trkpt><trkpt lat="43.25403595" lon="-4.83778381"><ele>267.17</ele><time>2024-08-31T13:20:51Z</time></trkpt><trkpt lat="43.25403214" lon="-4.83779573"><ele>267.34</ele><time>2024-08-31T13:20:52Z</time></trkpt><trkpt lat="43.25403214" lon="-4.83780718"><ele>267.51</ele><time>2024-08-31T13:20:53Z</time></trkpt><trkpt lat="43.25402832" lon="-4.83781910"><ele>267.68</ele><time>2024-08-31T13:20:54Z</time></trkpt><trkpt lat="43.25402451" lon="-4.83783102"><ele>267.86</ele><time>2024-08-31T13:20:55Z</time></trkpt><trkpt lat="43.25402451" lon="-4.83784246"><ele>268.03</ele><time>2024-08-31T13:20:56Z</time></trkpt><trkpt lat="43.25402069" lon="-4.83785439"><ele>268.20</ele><time>2024-08-31T13:20:57Z</time></trkpt><trkpt lat="43.25402069" lon="-4.83786631"><ele>268.38</ele><time>2024-08-31T13:20:58Z</time></trkpt><trkpt lat="43.25401688" lon="-4.83787775"><ele>268.55</ele><time>2024-08-31T13:20:59Z</time></trkpt><trkpt lat="43.25401306" lon="-4.83788967"><ele>268.73</ele><time>2024-08-31T13:21:00Z</time></trkpt><trkpt lat="43.25401306" lon="-4.83790159"><ele>268.90</ele><time>2024-08-31T13:21:01Z</time></trkpt><trkpt lat="43.25400925" lon="-4.83791351"><ele>269.08</ele><time>2024-08-31T13:21:02Z</time></trkpt><trkpt lat="43.25400925" lon="-4.83792591"><ele>269.25</ele><time>2024-08-31T13:21:03Z</time></trkpt><trkpt lat="43.25400925" lon="-4.83793783"><ele>269.43</ele><time>2024-08-31T13:21:04Z</time></trkpt><trkpt lat="43.25400543" lon="-4.83795023"><ele>269.61</ele><time>2024-08-31T13:21:05Z</time></trkpt><trkpt lat="43.25400543" lon="-4.83796215"><ele>269.79</ele><time>2024-08-31T13:21:06Z</time></trkpt><trkpt lat="43.25400162" lon="-4.83797455"><ele>269.96</ele><time>2024-08-31T13:21:07Z</time></trkpt><trkpt lat="43.25400162" lon="-4.83798647"><ele>270.14</ele><time>2024-08-31T13:21:08Z</time></trkpt><trkpt lat="43.25400162" lon="-4.83799887"><ele>270.32</ele><time>2024-08-31T13:21:09Z</time></trkpt><trkpt lat="43.25400162" lon="-4.83801126"><ele>270.50</ele><time>2024-08-31T13:21:10Z</time></trkpt><trkpt lat="43.25399780" lon="-4.83802366"><ele>270.68</ele><time>2024-08-31T13:21:11Z</time></trkpt><trkpt lat="43.25399780" lon="-4.83803558"><ele>270.86</ele><time>2024-08-31T13:21:12Z</time></trkpt><trkpt lat="43.25399780" lon="-4.83804798"><ele>271.04</ele><time>2024-08-31T13:21:13Z</time></trkpt><trkpt lat="43.25399399" lon="-4.83806038"><ele>271.21</ele><time>2024-08-31T13:21:14Z</time></trkpt><trkpt lat="43.25399399" lon="-4.83807278"><ele>271.39</ele><time>2024-08-31T13:21:15Z</time></trkpt><trkpt lat="43.25399017" lon="-4.83808470"><ele>271.57</ele><time>2024-08-31T13:21:16Z</time></trkpt><trkpt lat="43.25398636" lon="-4.83809614"><ele>271.74</ele><time>2024-08-31T13:21:17Z</time></trkpt><trkpt lat="43.25398254" lon="-4.83810759"><ele>271.90</ele><time>2024-08-31T13:21:18Z</time></trkpt><trkpt lat="43.25397873" lon="-4.83811855"><ele>272.07</ele><time>2024-08-31T13:21:19Z</time></trkpt><trkpt lat="43.25397110" lon="-4.83812952"><ele>272.22</ele><time>2024-08-31T13:21:20Z</time></trkpt><trkpt lat="43.25396347" lon="-4.83814096"><ele>272.38</ele><time>2024-08-31T13:21:21Z</time></trkpt><trkpt lat="43.25395966" lon="-4.83815241"><ele>272.53</ele><time>2024-08-31T13:21:22Z</time></trkpt><trkpt lat="43.25395203" lon="-4.83816385"><ele>272.69</ele><time>2024-08-31T13:21:23Z</time></trkpt><trkpt lat="43.25394440" lon="-4.83817530"><ele>272.84</ele><time>2024-08-31T13:21:24Z</time></trkpt><trkpt lat="43.25393677" lon="-4.83818626"><ele>272.99</ele><time>2024-08-31T13:21:25Z</time></trkpt><trkpt lat="43.25392914" lon="-4.83819771"><ele>273.14</ele><time>2024-08-31T13:21:26Z</time></trkpt><trkpt lat="43.25392532" lon="-4.83820963"><ele>273.29</ele><time>2024-08-31T13:21:27Z</time></trkpt><trkpt lat="43.25391769" lon="-4.83822107"><ele>273.43</ele><time>2024-08-31T13:21:28Z</time></trkpt><trkpt lat="43.25391006" lon="-4.83823252"><ele>273.58</ele><time>2024-08-31T13:21:29Z</time></trkpt><trkpt lat="43.25390244" lon="-4.83824396"><ele>273.73</ele><time>2024-08-31T13:21:30Z</time></trkpt><trkpt lat="43.25389481" lon="-4.83825541"><ele>273.87</ele><time>2024-08-31T13:21:31Z</time></trkpt><trkpt lat="43.25388718" lon="-4.83826685"><ele>274.02</ele><time>2024-08-31T13:21:32Z</time></trkpt><trkpt lat="43.25387955" lon="-4.83827877"><ele>274.16</ele><time>2024-08-31T13:21:33Z</time></trkpt><trkpt lat="43.25387192" lon="-4.83829021"><ele>274.31</ele><time>2024-08-31T13:21:34Z</time></trkpt><trkpt lat="43.25386429" lon="-4.83830166"><ele>274.45</ele><time>2024-08-31T13:21:35Z</time></trkpt><trkpt lat="43.25385666" lon="-4.83831358"><ele>274.60</ele><time>2024-08-31T13:21:36Z</time></trkpt><trkpt lat="43.25384903" lon="-4.83832502"><ele>274.74</ele><time>2024-08-31T13:21:37Z</time></trkpt><trkpt lat="43.25384140" lon="-4.83833647"><ele>274.88</ele><time>2024-08-31T13:21:38Z</time></trkpt><trkpt lat="43.25383377" lon="-4.83834839"><ele>275.02</ele><time>2024-08-31T13:21:39Z</time></trkpt><trkpt lat="43.25382614" lon="-4.83835983"><ele>275.17</ele><time>2024-08-31T13:21:40Z</time></trkpt><trkpt lat="43.25381470" lon="-4.83837080"><ele>275.31</ele><time>2024-08-31T13:21:41Z</time></trkpt><trkpt lat="43.25380707" lon="-4.83838081"><ele>275.46</ele><time>2024-08-31T13:21:42Z</time></trkpt><trkpt lat="43.25379944" lon="-4.83839083"><ele>275.60</ele><time>2024-08-31T13:21:43Z</time></trkpt><trkpt lat="43.25378799" lon="-4.83840036"><ele>275.74</ele><time>2024-08-31T13:21:44Z</time></trkpt><trkpt lat="43.25378036" lon="-4.83840990"><ele>275.89</ele><time>2024-08-31T13:21:45Z</time></trkpt><trkpt lat="43.25376892" lon="-4.83841896"><ele>276.03</ele><time>2024-08-31T13:21:46Z</time></trkpt><trkpt lat="43.25376129" lon="-4.83842802"><ele>276.18</ele><time>2024-08-31T13:21:47Z</time></trkpt><trkpt lat="43.25374985" lon="-4.83843660"><ele>276.32</ele><time>2024-08-31T13:21:48Z</time></trkpt><trkpt lat="43.25374222" lon="-4.83844566"><ele>276.46</ele><time>2024-08-31T13:21:49Z</time></trkpt><trkpt lat="43.25373077" lon="-4.83845425"><ele>276.61</ele><time>2024-08-31T13:21:50Z</time></trkpt><trkpt lat="43.25371933" lon="-4.83846283"><ele>276.75</ele><time>2024-08-31T13:21:51Z</time></trkpt><trkpt lat="43.25371170" lon="-4.83847094"><ele>276.90</ele><time>2024-08-31T13:21:52Z</time></trkpt><trkpt lat="43.25370026" lon="-4.83847952"><ele>277.04</ele><time>2024-08-31T13:21:53Z</time></trkpt><trkpt lat="43.25368881" lon="-4.83848810"><ele>277.19</ele><time>2024-08-31T13:21:54Z</time></trkpt><trkpt lat="43.25368118" lon="-4.83849621"><ele>277.33</ele><time>2024-08-31T13:21:55Z</time></trkpt><trkpt lat="43.25366974" lon="-4.83850479"><ele>277.48</ele><time>2024-08-31T13:21:56Z</time></trkpt><trkpt lat="43.25365829" lon="-4.83851290"><ele>277.62</ele><time>2024-08-31T13:21:57Z</time></trkpt><trkpt lat="43.25365067" lon="-4.83852100"><ele>277.77</ele><time>2024-08-31T13:21:58Z</time></trkpt><trkpt lat="43.25363922" lon="-4.83852959"><ele>277.92</ele><time>2024-08-31T13:21:59Z</time></trkpt><trkpt lat="43.25362778" lon="-4.83853769"><ele>278.07</ele><time>2024-08-31T13:22:00Z</time></trkpt><trkpt lat="43.25362015" lon="-4.83854580"><ele>278.22</ele><time>2024-08-31T13:22:01Z</time></trkpt><trkpt lat="43.25360870" lon="-4.83855343"><ele>278.39</ele><time>2024-08-31T13:22:02Z</time></trkpt><trkpt lat="43.25360107" lon="-4.83856058"><ele>278.56</ele><time>2024-08-31T13:22:03Z</time></trkpt><trkpt lat="43.25359344" lon="-4.83856773"><ele>278.74</ele><time>2024-08-31T13:22:04Z</time></trkpt><trkpt lat="43.25358582" lon="-4.83857489"><ele>278.91</ele><time>2024-08-31T13:22:05Z</time></trkpt><trkpt lat="43.25357819" lon="-4.83858204"><ele>279.09</ele><time>2024-08-31T13:22:06Z</time></trkpt><trkpt lat="43.25357056" lon="-4.83858919"><ele>279.28</ele><time>2024-08-31T13:22:07Z</time></trkpt><trkpt lat="43.25355911" lon="-4.83859634"><ele>279.46</ele><time>2024-08-31T13:22:08Z</time></trkpt><trkpt lat="43.25355148" lon="-4.83860350"><ele>279.65</ele><time>2024-08-31T13:22:09Z</time></trkpt><trkpt lat="43.25354385" lon="-4.83861017"><ele>279.83</ele><time>2024-08-31T13:22:10Z</time></trkpt><trkpt lat="43.25353622" lon="-4.83861732"><ele>280.02</ele><time>2024-08-31T13:22:11Z</time></trkpt><trkpt lat="43.25353241" lon="-4.83862400"><ele>280.21</ele><time>2024-08-31T13:22:12Z</time></trkpt><trkpt lat="43.25352478" lon="-4.83863115"><ele>280.39</ele><time>2024-08-31T13:22:13Z</time></trkpt><trkpt lat="43.25351715" lon="-4.83863783"><ele>280.58</ele><time>2024-08-31T13:22:14Z</time></trkpt><trkpt lat="43.25350952" lon="-4.83864594"><ele>280.77</ele><time>2024-08-31T13:22:15Z</time></trkpt><trkpt lat="43.25350571" lon="-4.83865499"><ele>280.95</ele><time>2024-08-31T13:22:16Z</time></trkpt><trkpt lat="43.25350189" lon="-4.83866453"><ele>281.14</ele><time>2024-08-31T13:22:17Z</time></trkpt><trkpt lat="43.25349808" lon="-4.83867455"><ele>281.33</ele><time>2024-08-31T13:22:18Z</time></trkpt><trkpt lat="43.25349808" lon="-4.83868504"><ele>281.53</ele><time>2024-08-31T13:22:19Z</time></trkpt><trkpt lat="43.25349426" lon="-4.83869553"><ele>281.72</ele><time>2024-08-31T13:22:20Z</time></trkpt><trkpt lat="43.25349426" lon="-4.83870649"><ele>281.91</ele><time>2024-08-31T13:22:21Z</time></trkpt><trkpt lat="43.25349045" lon="-4.83871794"><ele>282.11</ele><time>2024-08-31T13:22:22Z</time></trkpt><trkpt lat="43.25349045" lon="-4.83872938"><ele>282.31</ele><time>2024-08-31T13:22:23Z</time></trkpt><trkpt lat="43.25348663" lon="-4.83874130"><ele>282.50</ele><time>2024-08-31T13:22:24Z</time></trkpt><trkpt lat="43.25348663" lon="-4.83875275"><ele>282.70</ele><time>2024-08-31T13:22:25Z</time></trkpt><trkpt lat="43.25348663" lon="-4.83876467"><ele>282.90</ele><time>2024-08-31T13:22:26Z</time></trkpt><trkpt lat="43.25348663" lon="-4.83877707"><ele>283.09</ele><time>2024-08-31T13:22:27Z</time></trkpt><trkpt lat="43.25348663" lon="-4.83878946"><ele>283.28</ele><time>2024-08-31T13:22:28Z</time></trkpt><trkpt lat="43.25348663" lon="-4.83880281"><ele>283.46</ele><time>2024-08-31T13:22:29Z</time></trkpt><trkpt lat="43.25348663" lon="-4.83881569"><ele>283.64</ele><time>2024-08-31T13:22:30Z</time></trkpt><trkpt lat="43.25348663" lon="-4.83882904"><ele>283.83</ele><time>2024-08-31T13:22:31Z</time></trkpt><trkpt lat="43.25348663" lon="-4.83884287"><ele>284.00</ele><time>2024-08-31T13:22:32Z</time></trkpt><trkpt lat="43.25348663" lon="-4.83885622"><ele>284.18</ele><time>2024-08-31T13:22:33Z</time></trkpt><trkpt lat="43.25348663" lon="-4.83887005"><ele>284.35</ele><time>2024-08-31T13:22:34Z</time></trkpt><trkpt lat="43.25348663" lon="-4.83888388"><ele>284.52</ele><time>2024-08-31T13:22:35Z</time></trkpt><trkpt lat="43.25349045" lon="-4.83889771"><ele>284.68</ele><time>2024-08-31T13:22:36Z</time></trkpt><trkpt lat="43.25349045" lon="-4.83891201"><ele>284.84</ele><time>2024-08-31T13:22:37Z</time></trkpt><trkpt lat="43.25349045" lon="-4.83892584"><ele>284.99</ele><time>2024-08-31T13:22:38Z</time></trkpt><trkpt lat="43.25349426" lon="-4.83894014"><ele>285.14</ele><time>2024-08-31T13:22:39Z</time></trkpt><trkpt lat="43.25349426" lon="-4.83895445"><ele>285.28</ele><time>2024-08-31T13:22:40Z</time></trkpt><trkpt lat="43.25349808" lon="-4.83896875"><ele>285.42</ele><time>2024-08-31T13:22:41Z</time></trkpt><trkpt lat="43.25349808" lon="-4.83898306"><ele>285.56</ele><time>2024-08-31T13:22:42Z</time></trkpt><trkpt lat="43.25350189" lon="-4.83899736"><ele>285.70</ele><time>2024-08-31T13:22:43Z</time></trkpt><trkpt lat="43.25350189" lon="-4.83901024"><ele>285.83</ele><time>2024-08-31T13:22:44Z</time></trkpt><trkpt lat="43.25350571" lon="-4.83902264"><ele>285.97</ele><time>2024-08-31T13:22:45Z</time></trkpt><trkpt lat="43.25350571" lon="-4.83903408"><ele>286.10</ele><time>2024-08-31T13:22:46Z</time></trkpt><trkpt lat="43.25350571" lon="-4.83904505"><ele>286.23</ele><time>2024-08-31T13:22:47Z</time></trkpt><trkpt lat="43.25350952" lon="-4.83905554"><ele>286.35</ele><time>2024-08-31T13:22:48Z</time></trkpt><trkpt lat="43.25350952" lon="-4.83906651"><ele>286.49</ele><time>2024-08-31T13:22:49Z</time></trkpt><trkpt lat="43.25351334" lon="-4.83907795"><ele>286.63</ele><time>2024-08-31T13:22:50Z</time></trkpt><trkpt lat="43.25351715" lon="-4.83908939"><ele>286.77</ele><time>2024-08-31T13:22:51Z</time></trkpt><trkpt lat="43.25352097" lon="-4.83910131"><ele>286.92</ele><time>2024-08-31T13:22:52Z</time></trkpt><trkpt lat="43.25352478" lon="-4.83911324"><ele>287.08</ele><time>2024-08-31T13:22:53Z</time></trkpt><trkpt lat="43.25353241" lon="-4.83912516"><ele>287.23</ele><time>2024-08-31T13:22:54Z</time></trkpt><trkpt lat="43.25353622" lon="-4.83913708"><ele>287.39</ele><time>2024-08-31T13:22:55Z</time></trkpt><trkpt lat="43.25354004" lon="-4.83914900"><ele>287.55</ele><time>2024-08-31T13:22:56Z</time></trkpt><trkpt lat="43.25354767" lon="-4.83916092"><ele>287.71</ele><time>2024-08-31T13:22:57Z</time></trkpt><trkpt lat="43.25355148" lon="-4.83917332"><ele>287.87</ele><time>2024-08-31T13:22:58Z</time></trkpt><trkpt lat="43.25355911" lon="-4.83918619"><ele>288.02</ele><time>2024-08-31T13:22:59Z</time></trkpt><trkpt lat="43.25356293" lon="-4.83919907"><ele>288.17</ele><time>2024-08-31T13:23:00Z</time></trkpt><trkpt lat="43.25357056" lon="-4.83921242"><ele>288.31</ele><time>2024-08-31T13:23:01Z</time></trkpt><trkpt lat="43.25357437" lon="-4.83922625"><ele>288.44</ele><time>2024-08-31T13:23:02Z</time></trkpt><trkpt lat="43.25358200" lon="-4.83924007"><ele>288.57</ele><time>2024-08-31T13:23:03Z</time></trkpt><trkpt lat="43.25358963" lon="-4.83925390"><ele>288.70</ele><time>2024-08-31T13:23:04Z</time></trkpt><trkpt lat="43.25359344" lon="-4.83926821"><ele>288.82</ele><time>2024-08-31T13:23:05Z</time></trkpt><trkpt lat="43.25359726" lon="-4.83928251"><ele>288.94</ele><time>2024-08-31T13:23:06Z</time></trkpt><trkpt lat="43.25359726" lon="-4.83929777"><ele>289.06</ele><time>2024-08-31T13:23:07Z</time></trkpt><trkpt lat="43.25360107" lon="-4.83931351"><ele>289.17</ele><time>2024-08-31T13:23:08Z</time></trkpt><trkpt lat="43.25360107" lon="-4.83932924"><ele>289.28</ele><time>2024-08-31T13:23:09Z</time></trkpt><trkpt lat="43.25359726" lon="-4.83934546"><ele>289.39</ele><time>2024-08-31T13:23:10Z</time></trkpt><trkpt lat="43.25359726" lon="-4.83936214"><ele>289.49</ele><time>2024-08-31T13:23:11Z</time></trkpt><trkpt lat="43.25359344" lon="-4.83937836"><ele>289.59</ele><time>2024-08-31T13:23:12Z</time></trkpt><trkpt lat="43.25359344" lon="-4.83939505"><ele>289.69</ele><time>2024-08-31T13:23:13Z</time></trkpt><trkpt lat="43.25358963" lon="-4.83941221"><ele>289.78</ele><time>2024-08-31T13:23:14Z</time></trkpt><trkpt lat="43.25358963" lon="-4.83942890"><ele>289.88</ele><time>2024-08-31T13:23:15Z</time></trkpt><trkpt lat="43.25358582" lon="-4.83944607"><ele>289.97</ele><time>2024-08-31T13:23:16Z</time></trkpt><trkpt lat="43.25358200" lon="-4.83946323"><ele>290.06</ele><time>2024-08-31T13:23:17Z</time></trkpt><trkpt lat="43.25357819" lon="-4.83948040"><ele>290.16</ele><time>2024-08-31T13:23:18Z</time></trkpt><trkpt lat="43.25357819" lon="-4.83949757"><ele>290.25</ele><time>2024-08-31T13:23:19Z</time></trkpt><trkpt lat="43.25357437" lon="-4.83951521"><ele>290.34</ele><time>2024-08-31T13:23:20Z</time></trkpt><trkpt lat="43.25357056" lon="-4.83953238"><ele>290.42</ele><time>2024-08-31T13:23:21Z</time></trkpt><trkpt lat="43.25356674" lon="-4.83955002"><ele>290.51</ele><time>2024-08-31T13:23:22Z</time></trkpt><trkpt lat="43.25356293" lon="-4.83956766"><ele>290.60</ele><time>2024-08-31T13:23:23Z</time></trkpt><trkpt lat="43.25355911" lon="-4.83958435"><ele>290.70</ele><time>2024-08-31T13:23:24Z</time></trkpt><trkpt lat="43.25355530" lon="-4.83960056"><ele>290.80</ele><time>2024-08-31T13:23:25Z</time></trkpt><trkpt lat="43.25355148" lon="-4.83961630"><ele>290.91</ele><time>2024-08-31T13:23:26Z</time></trkpt><trkpt lat="43.25354767" lon="-4.83963203"><ele>291.03</ele><time>2024-08-31T13:23:27Z</time></trkpt><trkpt lat="43.25354004" lon="-4.83964729"><ele>291.15</ele><time>2024-08-31T13:23:28Z</time></trkpt><trkpt lat="43.25353622" lon="-4.83966255"><ele>291.27</ele><time>2024-08-31T13:23:29Z</time></trkpt><trkpt lat="43.25353241" lon="-4.83967733"><ele>291.40</ele><time>2024-08-31T13:23:30Z</time></trkpt><trkpt lat="43.25352859" lon="-4.83969212"><ele>291.53</ele><time>2024-08-31T13:23:31Z</time></trkpt><trkpt lat="43.25352097" lon="-4.83970690"><ele>291.66</ele><time>2024-08-31T13:23:32Z</time></trkpt><trkpt lat="43.25351715" lon="-4.83972168"><ele>291.80</ele><time>2024-08-31T13:23:33Z</time></trkpt><trkpt lat="43.25351334" lon="-4.83973646"><ele>291.93</ele><time>2024-08-31T13:23:34Z</time></trkpt><trkpt lat="43.25350571" lon="-4.83975077"><ele>292.07</ele><time>2024-08-31T13:23:35Z</time></trkpt><trkpt lat="43.25350189" lon="-4.83976507"><ele>292.21</ele><time>2024-08-31T13:23:36Z</time></trkpt><trkpt lat="43.25349426" lon="-4.83977985"><ele>292.35</ele><time>2024-08-31T13:23:37Z</time></trkpt><trkpt lat="43.25349045" lon="-4.83979416"><ele>292.49</ele><time>2024-08-31T13:23:38Z</time></trkpt><trkpt lat="43.25348663" lon="-4.83980846"><ele>292.63</ele><time>2024-08-31T13:23:39Z</time></trkpt><trkpt lat="43.25347900" lon="-4.83982277"><ele>292.77</ele><time>2024-08-31T13:23:40Z</time></trkpt><trkpt lat="43.25347519" lon="-4.83983660"><ele>292.92</ele><time>2024-08-31T13:23:41Z</time></trkpt><trkpt lat="43.25346756" lon="-4.83984947"><ele>293.06</ele><time>2024-08-31T13:23:42Z</time></trkpt><trkpt lat="43.25346375" lon="-4.83986139"><ele>293.21</ele><time>2024-08-31T13:23:43Z</time></trkpt><trkpt lat="43.25345612" lon="-4.83987284"><ele>293.35</ele><time>2024-08-31T13:23:44Z</time></trkpt><trkpt lat="43.25344849" lon="-4.83988333"><ele>293.50</ele><time>2024-08-31T13:23:45Z</time></trkpt><trkpt lat="43.25344086" lon="-4.83989334"><ele>293.64</ele><time>2024-08-31T13:23:46Z</time></trkpt><trkpt lat="43.25343323" lon="-4.83990288"><ele>293.79</ele><time>2024-08-31T13:23:47Z</time></trkpt><trkpt lat="43.25342560" lon="-4.83991241"><ele>293.93</ele><time>2024-08-31T13:23:48Z</time></trkpt><trkpt lat="43.25342178" lon="-4.83992195"><ele>294.08</ele><time>2024-08-31T13:23:49Z</time></trkpt><trkpt lat="43.25341415" lon="-4.83993196"><ele>294.24</ele><time>2024-08-31T13:23:50Z</time></trkpt><trkpt lat="43.25341034" lon="-4.83994198"><ele>294.39</ele><time>2024-08-31T13:23:51Z</time></trkpt><trkpt lat="43.25340652" lon="-4.83995247"><ele>294.55</ele><time>2024-08-31T13:23:52Z</time></trkpt><trkpt lat="43.25340271" lon="-4.83996248"><ele>294.71</ele><time>2024-08-31T13:23:53Z</time></trkpt><trkpt lat="43.25339890" lon="-4.83997297"><ele>294.88</ele><time>2024-08-31T13:23:54Z</time></trkpt><trkpt lat="43.25339890" lon="-4.83998346"><ele>295.04</ele><time>2024-08-31T13:23:55Z</time></trkpt><trkpt lat="43.25339508" lon="-4.83999395"><ele>295.21</ele><time>2024-08-31T13:23:56Z</time></trkpt><trkpt lat="43.25339127" lon="-4.84000492"><ele>295.38</ele><time>2024-08-31T13:23:57Z</time></trkpt><trkpt lat="43.25339127" lon="-4.84001541"><ele>295.55</ele><time>2024-08-31T13:23:58Z</time></trkpt><trkpt lat="43.25338745" lon="-4.84002638"><ele>295.73</ele><time>2024-08-31T13:23:59Z</time></trkpt><trkpt lat="43.25338745" lon="-4.84003687"><ele>295.90</ele><time>2024-08-31T13:24:00Z</time></trkpt><trkpt lat="43.25338364" lon="-4.84004784"><ele>296.08</ele><time>2024-08-31T13:24:01Z</time></trkpt><trkpt lat="43.25338364" lon="-4.84005833"><ele>296.25</ele><time>2024-08-31T13:24:02Z</time></trkpt><trkpt lat="43.25338364" lon="-4.84006929"><ele>296.43</ele><time>2024-08-31T13:24:03Z</time></trkpt><trkpt lat="43.25337982" lon="-4.84007978"><ele>296.60</ele><time>2024-08-31T13:24:04Z</time></trkpt><trkpt lat="43.25337982" lon="-4.84009075"><ele>296.78</ele><time>2024-08-31T13:24:05Z</time></trkpt><trkpt lat="43.25337982" lon="-4.84010124"><ele>296.96</ele><time>2024-08-31T13:24:06Z</time></trkpt><trkpt lat="43.25337601" lon="-4.84011221"><ele>297.13</ele><time>2024-08-31T13:24:07Z</time></trkpt><trkpt lat="43.25337601" lon="-4.84012318"><ele>297.31</ele><time>2024-08-31T13:24:08Z</time></trkpt><trkpt lat="43.25337601" lon="-4.84013367"><ele>297.48</ele><time>2024-08-31T13:24:09Z</time></trkpt><trkpt lat="43.25337601" lon="-4.84014463"><ele>297.66</ele><time>2024-08-31T13:24:10Z</time></trkpt><trkpt lat="43.25337601" lon="-4.84015560"><ele>297.84</ele><time>2024-08-31T13:24:11Z</time></trkpt><trkpt lat="43.25337982" lon="-4.84016609"><ele>298.01</ele><time>2024-08-31T13:24:12Z</time></trkpt><trkpt lat="43.25337982" lon="-4.84017706"><ele>298.19</ele><time>2024-08-31T13:24:13Z</time></trkpt><trkpt lat="43.25337982" lon="-4.84018803"><ele>298.37</ele><time>2024-08-31T13:24:14Z</time></trkpt><trkpt lat="43.25337982" lon="-4.84019852"><ele>298.55</ele><time>2024-08-31T13:24:15Z</time></trkpt><trkpt lat="43.25337982" lon="-4.84020901"><ele>298.72</ele><time>2024-08-31T13:24:16Z</time></trkpt><trkpt lat="43.25338364" lon="-4.84021950"><ele>298.89</ele><time>2024-08-31T13:24:17Z</time></trkpt><trkpt lat="43.25338745" lon="-4.84022951"><ele>299.05</ele><time>2024-08-31T13:24:18Z</time></trkpt><trkpt lat="43.25339508" lon="-4.84023905"><ele>299.21</ele><time>2024-08-31T13:24:19Z</time></trkpt><trkpt lat="43.25339890" lon="-4.84024906"><ele>299.38</ele><time>2024-08-31T13:24:20Z</time></trkpt><trkpt lat="43.25340652" lon="-4.84025860"><ele>299.53</ele><time>2024-08-31T13:24:21Z</time></trkpt><trkpt lat="43.25341034" lon="-4.84026814"><ele>299.69</ele><time>2024-08-31T13:24:22Z</time></trkpt><trkpt lat="43.25341797" lon="-4.84027815"><ele>299.84</ele><time>2024-08-31T13:24:23Z</time></trkpt><trkpt lat="43.25342560" lon="-4.84028816"><ele>299.99</ele><time>2024-08-31T13:24:24Z</time></trkpt><trkpt lat="43.25343323" lon="-4.84029865"><ele>300.12</ele><time>2024-08-31T13:24:25Z</time></trkpt><trkpt lat="43.25343704" lon="-4.84030867"><ele>300.26</ele><time>2024-08-31T13:24:26Z</time></trkpt><trkpt lat="43.25344467" lon="-4.84031916"><ele>300.39</ele><time>2024-08-31T13:24:27Z</time></trkpt><trkpt lat="43.25345230" lon="-4.84032965"><ele>300.51</ele><time>2024-08-31T13:24:28Z</time></trkpt><trkpt lat="43.25345993" lon="-4.84034109"><ele>300.64</ele><time>2024-08-31T13:24:29Z</time></trkpt><trkpt lat="43.25346756" lon="-4.84035349"><ele>300.77</ele><time>2024-08-31T13:24:30Z</time></trkpt><trkpt lat="43.25347137" lon="-4.84036589"><ele>300.90</ele><time>2024-08-31T13:24:31Z</time></trkpt><trkpt lat="43.25347900" lon="-4.84037876"><ele>301.03</ele><time>2024-08-31T13:24:32Z</time></trkpt><trkpt lat="43.25348282" lon="-4.84039211"><ele>301.16</ele><time>2024-08-31T13:24:33Z</time></trkpt><trkpt lat="43.25348663" lon="-4.84040594"><ele>301.29</ele><time>2024-08-31T13:24:34Z</time></trkpt><trkpt lat="43.25349045" lon="-4.84041977"><ele>301.42</ele><time>2024-08-31T13:24:35Z</time></trkpt><trkpt lat="43.25349426" lon="-4.84043360"><ele>301.55</ele><time>2024-08-31T13:24:36Z</time></trkpt><trkpt lat="43.25350189" lon="-4.84044790"><ele>301.68</ele><time>2024-08-31T13:24:37Z</time></trkpt><trkpt lat="43.25350571" lon="-4.84046221"><ele>301.81</ele><time>2024-08-31T13:24:38Z</time></trkpt><trkpt lat="43.25350952" lon="-4.84047604"><ele>301.94</ele><time>2024-08-31T13:24:39Z</time></trkpt><trkpt lat="43.25351334" lon="-4.84048986"><ele>302.07</ele><time>2024-08-31T13:24:40Z</time></trkpt><trkpt lat="43.25351715" lon="-4.84050322"><ele>302.20</ele><time>2024-08-31T13:24:41Z</time></trkpt><trkpt lat="43.25352478" lon="-4.84051704"><ele>302.33</ele><time>2024-08-31T13:24:42Z</time></trkpt><trkpt lat="43.25352859" lon="-4.84053040"><ele>302.46</ele><time>2024-08-31T13:24:43Z</time></trkpt><trkpt lat="43.25353241" lon="-4.84054422"><ele>302.59</ele><time>2024-08-31T13:24:44Z</time></trkpt><trkpt lat="43.25354004" lon="-4.84055758"><ele>302.72</ele><time>2024-08-31T13:24:45Z</time></trkpt><trkpt lat="43.25354385" lon="-4.84057140"><ele>302.85</ele><time>2024-08-31T13:24:46Z</time></trkpt><trkpt lat="43.25354767" lon="-4.84058523"><ele>302.99</ele><time>2024-08-31T13:24:47Z</time></trkpt><trkpt lat="43.25355530" lon="-4.84059906"><ele>303.12</ele><time>2024-08-31T13:24:48Z</time></trkpt><trkpt lat="43.25355911" lon="-4.84061289"><ele>303.25</ele><time>2024-08-31T13:24:49Z</time></trkpt><trkpt lat="43.25356293" lon="-4.84062672"><ele>303.39</ele><time>2024-08-31T13:24:50Z</time></trkpt><trkpt lat="43.25357056" lon="-4.84064054"><ele>303.52</ele><time>2024-08-31T13:24:51Z</time></trkpt><trkpt lat="43.25357437" lon="-4.84065485"><ele>303.66</ele><time>2024-08-31T13:24:52Z</time></trkpt><trkpt lat="43.25357819" lon="-4.84066868"><ele>303.80</ele><time>2024-08-31T13:24:53Z</time></trkpt><trkpt lat="43.25357819" lon="-4.84068298"><ele>303.94</ele><time>2024-08-31T13:24:54Z</time></trkpt><trkpt lat="43.25357819" lon="-4.84069777"><ele>304.09</ele><time>2024-08-31T13:24:55Z</time></trkpt><trkpt lat="43.25357819" lon="-4.84071207"><ele>304.23</ele><time>2024-08-31T13:24:56Z</time></trkpt><trkpt lat="43.25357437" lon="-4.84072685"><ele>304.38</ele><time>2024-08-31T13:24:57Z</time></trkpt><trkpt lat="43.25357437" lon="-4.84074163"><ele>304.52</ele><time>2024-08-31T13:24:58Z</time></trkpt><trkpt lat="43.25357056" lon="-4.84075594"><ele>304.67</ele><time>2024-08-31T13:24:59Z</time></trkpt><trkpt lat="43.25356674" lon="-4.84077024"><ele>304.81</ele><time>2024-08-31T13:25:00Z</time></trkpt><trkpt lat="43.25356293" lon="-4.84078455"><ele>304.94</ele><time>2024-08-31T13:25:01Z</time></trkpt><trkpt lat="43.25355911" lon="-4.84079838"><ele>305.08</ele><time>2024-08-31T13:25:02Z</time></trkpt><trkpt lat="43.25355530" lon="-4.84081221"><ele>305.22</ele><time>2024-08-31T13:25:03Z</time></trkpt><trkpt lat="43.25355148" lon="-4.84082603"><ele>305.38</ele><time>2024-08-31T13:25:04Z</time></trkpt><trkpt lat="43.25354767" lon="-4.84083986"><ele>305.54</ele><time>2024-08-31T13:25:05Z</time></trkpt><trkpt lat="43.25354385" lon="-4.84085321"><ele>305.70</ele><time>2024-08-31T13:25:06Z</time></trkpt><trkpt lat="43.25354004" lon="-4.84086704"><ele>305.87</ele><time>2024-08-31T13:25:07Z</time></trkpt><trkpt lat="43.25353622" lon="-4.84088087"><ele>306.03</ele><time>2024-08-31T13:25:08Z</time></trkpt><trkpt lat="43.25353241" lon="-4.84089518"><ele>306.19</ele><time>2024-08-31T13:25:09Z</time></trkpt><trkpt lat="43.25353241" lon="-4.84090948"><ele>306.35</ele><time>2024-08-31T13:25:10Z</time></trkpt><trkpt lat="43.25352859" lon="-4.84092379"><ele>306.51</ele><time>2024-08-31T13:25:11Z</time></trkpt><trkpt lat="43.25352859" lon="-4.84093857"><ele>306.67</ele><time>2024-08-31T13:25:12Z</time></trkpt><trkpt lat="43.25352859" lon="-4.84095287"><ele>306.83</ele><time>2024-08-31T13:25:13Z</time></trkpt><trkpt lat="43.25352478" lon="-4.84096766"><ele>306.99</ele><time>2024-08-31T13:25:14Z</time></trkpt><trkpt lat="43.25352859" lon="-4.84098244"><ele>307.14</ele><time>2024-08-31T13:25:15Z</time></trkpt><trkpt lat="43.25352859" lon="-4.84099722"><ele>307.29</ele><time>2024-08-31T13:25:16Z</time></trkpt><trkpt lat="43.25353241" lon="-4.84101152"><ele>307.43</ele><time>2024-08-31T13:25:17Z</time></trkpt><trkpt lat="43.25353241" lon="-4.84102631"><ele>307.56</ele><time>2024-08-31T13:25:18Z</time></trkpt><trkpt lat="43.25353622" lon="-4.84104156"><ele>307.69</ele><time>2024-08-31T13:25:19Z</time></trkpt><trkpt lat="43.25354004" lon="-4.84105682"><ele>307.80</ele><time>2024-08-31T13:25:20Z</time></trkpt><trkpt lat="43.25354385" lon="-4.84107208"><ele>307.92</ele><time>2024-08-31T13:25:21Z</time></trkpt><trkpt lat="43.25354767" lon="-4.84108782"><ele>308.04</ele><time>2024-08-31T13:25:22Z</time></trkpt><trkpt lat="43.25355148" lon="-4.84110355"><ele>308.17</ele><time>2024-08-31T13:25:23Z</time></trkpt><trkpt lat="43.25355148" lon="-4.84111929"><ele>308.30</ele><time>2024-08-31T13:25:24Z</time></trkpt><trkpt lat="43.25355530" lon="-4.84113503"><ele>308.42</ele><time>2024-08-31T13:25:25Z</time></trkpt><trkpt lat="43.25355911" lon="-4.84115076"><ele>308.55</ele><time>2024-08-31T13:25:26Z</time></trkpt><trkpt lat="43.25356293" lon="-4.84116697"><ele>308.68</ele><time>2024-08-31T13:25:27Z</time></trkpt><trkpt lat="43.25356674" lon="-4.84118319"><ele>308.81</ele><time>2024-08-31T13:25:28Z</time></trkpt><trkpt lat="43.25357056" lon="-4.84119940"><ele>308.94</ele><time>2024-08-31T13:25:29Z</time></trkpt><trkpt lat="43.25357056" lon="-4.84121561"><ele>309.07</ele><time>2024-08-31T13:25:30Z</time></trkpt><trkpt lat="43.25357437" lon="-4.84123182"><ele>309.20</ele><time>2024-08-31T13:25:31Z</time></trkpt><trkpt lat="43.25357819" lon="-4.84124804"><ele>309.32</ele><time>2024-08-31T13:25:32Z</time></trkpt><trkpt lat="43.25358200" lon="-4.84126425"><ele>309.46</ele><time>2024-08-31T13:25:33Z</time></trkpt><trkpt lat="43.25358200" lon="-4.84128046"><ele>309.59</ele><time>2024-08-31T13:25:34Z</time></trkpt><trkpt lat="43.25358200" lon="-4.84129715"><ele>309.73</ele><time>2024-08-31T13:25:35Z</time></trkpt><trkpt lat="43.25358200" lon="-4.84131336"><ele>309.87</ele><time>2024-08-31T13:25:36Z</time></trkpt><trkpt lat="43.25358200" lon="-4.84132957"><ele>310.01</ele><time>2024-08-31T13:25:37Z</time></trkpt><trkpt lat="43.25358200" lon="-4.84134579"><ele>310.16</ele><time>2024-08-31T13:25:38Z</time></trkpt><trkpt lat="43.25357819" lon="-4.84136248"><ele>310.30</ele><time>2024-08-31T13:25:39Z</time></trkpt><trkpt lat="43.25357819" lon="-4.84137869"><ele>310.44</ele><time>2024-08-31T13:25:40Z</time></trkpt><trkpt lat="43.25357819" lon="-4.84139490"><ele>310.59</ele><time>2024-08-31T13:25:41Z</time></trkpt><trkpt lat="43.25357437" lon="-4.84141159"><ele>310.73</ele><time>2024-08-31T13:25:42Z</time></trkpt><trkpt lat="43.25357437" lon="-4.84142780"><ele>310.87</ele><time>2024-08-31T13:25:43Z</time></trkpt><trkpt lat="43.25357056" lon="-4.84144449"><ele>311.02</ele><time>2024-08-31T13:25:44Z</time></trkpt><trkpt lat="43.25357056" lon="-4.84146070"><ele>311.17</ele><time>2024-08-31T13:25:45Z</time></trkpt><trkpt lat="43.25357056" lon="-4.84147739"><ele>311.31</ele><time>2024-08-31T13:25:46Z</time></trkpt><trkpt lat="43.25356674" lon="-4.84149361"><ele>311.46</ele><time>2024-08-31T13:25:47Z</time></trkpt><trkpt lat="43.25356674" lon="-4.84151030"><ele>311.61</ele><time>2024-08-31T13:25:48Z</time></trkpt><trkpt lat="43.25356293" lon="-4.84152603"><ele>311.76</ele><time>2024-08-31T13:25:49Z</time></trkpt><trkpt lat="43.25356293" lon="-4.84154177"><ele>311.92</ele><time>2024-08-31T13:25:50Z</time></trkpt><trkpt lat="43.25355911" lon="-4.84155750"><ele>312.09</ele><time>2024-08-31T13:25:51Z</time></trkpt><trkpt lat="43.25355911" lon="-4.84157324"><ele>312.25</ele><time>2024-08-31T13:25:52Z</time></trkpt><trkpt lat="43.25355911" lon="-4.84158850"><ele>312.43</ele><time>2024-08-31T13:25:53Z</time></trkpt><trkpt lat="43.25355530" lon="-4.84160376"><ele>312.60</ele><time>2024-08-31T13:25:54Z</time></trkpt><trkpt lat="43.25355148" lon="-4.84161854"><ele>312.77</ele><time>2024-08-31T13:25:55Z</time></trkpt><trkpt lat="43.25354767" lon="-4.84163332"><ele>312.94</ele><time>2024-08-31T13:25:56Z</time></trkpt><trkpt lat="43.25354385" lon="-4.84164810"><ele>313.11</ele><time>2024-08-31T13:25:57Z</time></trkpt><trkpt lat="43.25353622" lon="-4.84166288"><ele>313.28</ele><time>2024-08-31T13:25:58Z</time></trkpt><trkpt lat="43.25353241" lon="-4.84167719"><ele>313.45</ele><time>2024-08-31T13:25:59Z</time></trkpt><trkpt lat="43.25352478" lon="-4.84169149"><ele>313.62</ele><time>2024-08-31T13:26:00Z</time></trkpt><trkpt lat="43.25352097" lon="-4.84170580"><ele>313.79</ele><time>2024-08-31T13:26:01Z</time></trkpt><trkpt lat="43.25351334" lon="-4.84172010"><ele>313.96</ele><time>2024-08-31T13:26:02Z</time></trkpt><trkpt lat="43.25350952" lon="-4.84173441"><ele>314.14</ele><time>2024-08-31T13:26:03Z</time></trkpt><trkpt lat="43.25350189" lon="-4.84174871"><ele>314.31</ele><time>2024-08-31T13:26:04Z</time></trkpt><trkpt lat="43.25349426" lon="-4.84176302"><ele>314.48</ele><time>2024-08-31T13:26:05Z</time></trkpt><trkpt lat="43.25349045" lon="-4.84177732"><ele>314.66</ele><time>2024-08-31T13:26:06Z</time></trkpt><trkpt lat="43.25348282" lon="-4.84179163"><ele>314.83</ele><time>2024-08-31T13:26:07Z</time></trkpt><trkpt lat="43.25347900" lon="-4.84180546"><ele>315.00</ele><time>2024-08-31T13:26:08Z</time></trkpt><trkpt lat="43.25347137" lon="-4.84181976"><ele>315.18</ele><time>2024-08-31T13:26:09Z</time></trkpt><trkpt lat="43.25346375" lon="-4.84183407"><ele>315.35</ele><time>2024-08-31T13:26:10Z</time></trkpt><trkpt lat="43.25345993" lon="-4.84184790"><ele>315.53</ele><time>2024-08-31T13:26:11Z</time></trkpt><trkpt lat="43.25345230" lon="-4.84186220"><ele>315.69</ele><time>2024-08-31T13:26:12Z</time></trkpt><trkpt lat="43.25344849" lon="-4.84187651"><ele>315.85</ele><time>2024-08-31T13:26:13Z</time></trkpt><trkpt lat="43.25344086" lon="-4.84189081"><ele>316.01</ele><time>2024-08-31T13:26:14Z</time></trkpt><trkpt lat="43.25343704" lon="-4.84190607"><ele>316.17</ele><time>2024-08-31T13:26:15Z</time></trkpt><trkpt lat="43.25343323" lon="-4.84192133"><ele>316.32</ele><time>2024-08-31T13:26:16Z</time></trkpt><trkpt lat="43.25342941" lon="-4.84193754"><ele>316.47</ele><time>2024-08-31T13:26:17Z</time></trkpt><trkpt lat="43.25342560" lon="-4.84195328"><ele>316.62</ele><time>2024-08-31T13:26:18Z</time></trkpt><trkpt lat="43.25342178" lon="-4.84196997"><ele>316.78</ele><time>2024-08-31T13:26:19Z</time></trkpt><trkpt lat="43.25342178" lon="-4.84198618"><ele>316.93</ele><time>2024-08-31T13:26:20Z</time></trkpt><trkpt lat="43.25342178" lon="-4.84200287"><ele>317.08</ele><time>2024-08-31T13:26:21Z</time></trkpt><trkpt lat="43.25342178" lon="-4.84201956"><ele>317.23</ele><time>2024-08-31T13:26:22Z</time></trkpt><trkpt lat="43.25341797" lon="-4.84203625"><ele>317.38</ele><time>2024-08-31T13:26:23Z</time></trkpt><trkpt lat="43.25342178" lon="-4.84205294"><ele>317.53</ele><time>2024-08-31T13:26:24Z</time></trkpt><trkpt lat="43.25342178" lon="-4.84207010"><ele>317.69</ele><time>2024-08-31T13:26:25Z</time></trkpt><trkpt lat="43.25342178" lon="-4.84208679"><ele>317.84</ele><time>2024-08-31T13:26:26Z</time></trkpt><trkpt lat="43.25342178" lon="-4.84210348"><ele>317.99</ele><time>2024-08-31T13:26:27Z</time></trkpt><trkpt lat="43.25342560" lon="-4.84212017"><ele>318.13</ele><time>2024-08-31T13:26:28Z</time></trkpt><trkpt lat="43.25342941" lon="-4.84213638"><ele>318.27</ele><time>2024-08-31T13:26:29Z</time></trkpt><trkpt lat="43.25343323" lon="-4.84215260"><ele>318.41</ele><time>2024-08-31T13:26:30Z</time></trkpt><trkpt lat="43.25343704" lon="-4.84216881"><ele>318.55</ele><time>2024-08-31T13:26:31Z</time></trkpt><trkpt lat="43.25344086" lon="-4.84218502"><ele>318.68</ele><time>2024-08-31T13:26:32Z</time></trkpt><trkpt lat="43.25344467" lon="-4.84220076"><ele>318.81</ele><time>2024-08-31T13:26:33Z</time></trkpt><trkpt lat="43.25344849" lon="-4.84221697"><ele>318.95</ele><time>2024-08-31T13:26:34Z</time></trkpt><trkpt lat="43.25344849" lon="-4.84223318"><ele>319.09</ele><time>2024-08-31T13:26:35Z</time></trkpt><trkpt lat="43.25345230" lon="-4.84224987"><ele>319.23</ele><time>2024-08-31T13:26:36Z</time></trkpt><trkpt lat="43.25345612" lon="-4.84226608"><ele>319.37</ele><time>2024-08-31T13:26:37Z</time></trkpt><trkpt lat="43.25345993" lon="-4.84228277"><ele>319.51</ele><time>2024-08-31T13:26:38Z</time></trkpt><trkpt lat="43.25346375" lon="-4.84229898"><ele>319.66</ele><time>2024-08-31T13:26:39Z</time></trkpt><trkpt lat="43.25346756" lon="-4.84231567"><ele>319.80</ele><time>2024-08-31T13:26:40Z</time></trkpt><trkpt lat="43.25346756" lon="-4.84233236"><ele>319.95</ele><time>2024-08-31T13:26:41Z</time></trkpt><trkpt lat="43.25347137" lon="-4.84234905"><ele>320.09</ele><time>2024-08-31T13:26:42Z</time></trkpt><trkpt lat="43.25347519" lon="-4.84236574"><ele>320.23</ele><time>2024-08-31T13:26:43Z</time></trkpt><trkpt lat="43.25347900" lon="-4.84238243"><ele>320.38</ele><time>2024-08-31T13:26:44Z</time></trkpt><trkpt lat="43.25348282" lon="-4.84239912"><ele>320.52</ele><time>2024-08-31T13:26:45Z</time></trkpt><trkpt lat="43.25348282" lon="-4.84241581"><ele>320.67</ele><time>2024-08-31T13:26:46Z</time></trkpt><trkpt lat="43.25348663" lon="-4.84243298"><ele>320.81</ele><time>2024-08-31T13:26:47Z</time></trkpt><trkpt lat="43.25349045" lon="-4.84244967"><ele>320.96</ele><time>2024-08-31T13:26:48Z</time></trkpt><trkpt lat="43.25349426" lon="-4.84246635"><ele>321.10</ele><time>2024-08-31T13:26:49Z</time></trkpt><trkpt lat="43.25349808" lon="-4.84248304"><ele>321.25</ele><time>2024-08-31T13:26:50Z</time></trkpt><trkpt lat="43.25349808" lon="-4.84250021"><ele>321.39</ele><time>2024-08-31T13:26:51Z</time></trkpt><trkpt lat="43.25350189" lon="-4.84251690"><ele>321.53</ele><time>2024-08-31T13:26:52Z</time></trkpt><trkpt lat="43.25350189" lon="-4.84253359"><ele>321.68</ele><time>2024-08-31T13:26:53Z</time></trkpt><trkpt lat="43.25350189" lon="-4.84255075"><ele>321.81</ele><time>2024-08-31T13:26:54Z</time></trkpt><trkpt lat="43.25349808" lon="-4.84256744"><ele>321.95</ele><time>2024-08-31T13:26:55Z</time></trkpt><trkpt lat="43.25349426" lon="-4.84258413"><ele>322.09</ele><time>2024-08-31T13:26:56Z</time></trkpt><trkpt lat="43.25349426" lon="-4.84260035"><ele>322.23</ele><time>2024-08-31T13:26:57Z</time></trkpt><trkpt lat="43.25349045" lon="-4.84261608"><ele>322.37</ele><time>2024-08-31T13:26:58Z</time></trkpt><trkpt lat="43.25348663" lon="-4.84263182"><ele>322.52</ele><time>2024-08-31T13:26:59Z</time></trkpt><trkpt lat="43.25348282" lon="-4.84264708"><ele>322.68</ele><time>2024-08-31T13:27:00Z</time></trkpt><trkpt lat="43.25347900" lon="-4.84266186"><ele>322.84</ele><time>2024-08-31T13:27:01Z</time></trkpt><trkpt lat="43.25347519" lon="-4.84267664"><ele>323.00</ele><time>2024-08-31T13:27:02Z</time></trkpt><trkpt lat="43.25347137" lon="-4.84269142"><ele>323.16</ele><time>2024-08-31T13:27:03Z</time></trkpt><trkpt lat="43.25346756" lon="-4.84270620"><ele>323.32</ele><time>2024-08-31T13:27:04Z</time></trkpt><trkpt lat="43.25346756" lon="-4.84272051"><ele>323.49</ele><time>2024-08-31T13:27:05Z</time></trkpt><trkpt lat="43.25346375" lon="-4.84273529"><ele>323.65</ele><time>2024-08-31T13:27:06Z</time></trkpt><trkpt lat="43.25346375" lon="-4.84274960"><ele>323.82</ele><time>2024-08-31T13:27:07Z</time></trkpt><trkpt lat="43.25346375" lon="-4.84276438"><ele>323.99</ele><time>2024-08-31T13:27:08Z</time></trkpt><trkpt lat="43.25346375" lon="-4.84277868"><ele>324.16</ele><time>2024-08-31T13:27:09Z</time></trkpt><trkpt lat="43.25346756" lon="-4.84279346"><ele>324.33</ele><time>2024-08-31T13:27:10Z</time></trkpt><trkpt lat="43.25346756" lon="-4.84280777"><ele>324.51</ele><time>2024-08-31T13:27:11Z</time></trkpt><trkpt lat="43.25346756" lon="-4.84282207"><ele>324.68</ele><time>2024-08-31T13:27:12Z</time></trkpt><trkpt lat="43.25346756" lon="-4.84283686"><ele>324.85</ele><time>2024-08-31T13:27:13Z</time></trkpt><trkpt lat="43.25346375" lon="-4.84285164"><ele>325.02</ele><time>2024-08-31T13:27:14Z</time></trkpt><trkpt lat="43.25346375" lon="-4.84286594"><ele>325.19</ele><time>2024-08-31T13:27:15Z</time></trkpt><trkpt lat="43.25346375" lon="-4.84288073"><ele>325.37</ele><time>2024-08-31T13:27:16Z</time></trkpt><trkpt lat="43.25345993" lon="-4.84289503"><ele>325.54</ele><time>2024-08-31T13:27:17Z</time></trkpt><trkpt lat="43.25345993" lon="-4.84290934"><ele>325.72</ele><time>2024-08-31T13:27:18Z</time></trkpt><trkpt lat="43.25345993" lon="-4.84292364"><ele>325.89</ele><time>2024-08-31T13:27:19Z</time></trkpt><trkpt lat="43.25345993" lon="-4.84293747"><ele>326.06</ele><time>2024-08-31T13:27:20Z</time></trkpt><trkpt lat="43.25345993" lon="-4.84295177"><ele>326.24</ele><time>2024-08-31T13:27:21Z</time></trkpt><trkpt lat="43.25345993" lon="-4.84296560"><ele>326.41</ele><time>2024-08-31T13:27:22Z</time></trkpt><trkpt lat="43.25345993" lon="-4.84297943"><ele>326.58</ele><time>2024-08-31T13:27:23Z</time></trkpt><trkpt lat="43.25345993" lon="-4.84299374"><ele>326.75</ele><time>2024-08-31T13:27:24Z</time></trkpt><trkpt lat="43.25345993" lon="-4.84300756"><ele>326.92</ele><time>2024-08-31T13:27:25Z</time></trkpt><trkpt lat="43.25345993" lon="-4.84302139"><ele>327.09</ele><time>2024-08-31T13:27:26Z</time></trkpt><trkpt lat="43.25345993" lon="-4.84303474"><ele>327.27</ele><time>2024-08-31T13:27:27Z</time></trkpt><trkpt lat="43.25345993" lon="-4.84304810"><ele>327.44</ele><time>2024-08-31T13:27:28Z</time></trkpt><trkpt lat="43.25345993" lon="-4.84306145"><ele>327.62</ele><time>2024-08-31T13:27:29Z</time></trkpt><trkpt lat="43.25345612" lon="-4.84307432"><ele>327.80</ele><time>2024-08-31T13:27:30Z</time></trkpt><trkpt lat="43.25345612" lon="-4.84308767"><ele>327.97</ele><time>2024-08-31T13:27:31Z</time></trkpt><trkpt lat="43.25345612" lon="-4.84310007"><ele>328.14</ele><time>2024-08-31T13:27:32Z</time></trkpt><trkpt lat="43.25345612" lon="-4.84311295"><ele>328.32</ele><time>2024-08-31T13:27:33Z</time></trkpt><trkpt lat="43.25345612" lon="-4.84312582"><ele>328.49</ele><time>2024-08-31T13:27:34Z</time></trkpt><trkpt lat="43.25345612" lon="-4.84313822"><ele>328.66</ele><time>2024-08-31T13:27:35Z</time></trkpt><trkpt lat="43.25345230" lon="-4.84315014"><ele>328.83</ele><time>2024-08-31T13:27:36Z</time></trkpt><trkpt lat="43.25345230" lon="-4.84316206"><ele>329.00</ele><time>2024-08-31T13:27:37Z</time></trkpt><trkpt lat="43.25344849" lon="-4.84317303"><ele>329.17</ele><time>2024-08-31T13:27:38Z</time></trkpt><trkpt lat="43.25344467" lon="-4.84318399"><ele>329.34</ele><time>2024-08-31T13:27:39Z</time></trkpt><trkpt lat="43.25344086" lon="-4.84319448"><ele>329.51</ele><time>2024-08-31T13:27:40Z</time></trkpt><trkpt lat="43.25343704" lon="-4.84320498"><ele>329.68</ele><time>2024-08-31T13:27:41Z</time></trkpt><trkpt lat="43.25343323" lon="-4.84321547"><ele>329.85</ele><time>2024-08-31T13:27:42Z</time></trkpt><trkpt lat="43.25342560" lon="-4.84322596"><ele>330.02</ele><time>2024-08-31T13:27:43Z</time></trkpt><trkpt lat="43.25342178" lon="-4.84323597"><ele>330.19</ele><time>2024-08-31T13:27:44Z</time></trkpt><trkpt lat="43.25341797" lon="-4.84324694"><ele>330.35</ele><time>2024-08-31T13:27:45Z</time></trkpt><trkpt lat="43.25341415" lon="-4.84325838"><ele>330.52</ele><time>2024-08-31T13:27:46Z</time></trkpt><trkpt lat="43.25341415" lon="-4.84327030"><ele>330.69</ele><time>2024-08-31T13:27:47Z</time></trkpt><trkpt lat="43.25341415" lon="-4.84328222"><ele>330.85</ele><time>2024-08-31T13:27:48Z</time></trkpt><trkpt lat="43.25341415" lon="-4.84329462"><ele>331.02</ele><time>2024-08-31T13:27:49Z</time></trkpt><trkpt lat="43.25341034" lon="-4.84330654"><ele>331.19</ele><time>2024-08-31T13:27:50Z</time></trkpt><trkpt lat="43.25341034" lon="-4.84331894"><ele>331.35</ele><time>2024-08-31T13:27:51Z</time></trkpt><trkpt lat="43.25340652" lon="-4.84333086"><ele>331.52</ele><time>2024-08-31T13:27:52Z</time></trkpt><trkpt lat="43.25340652" lon="-4.84334278"><ele>331.69</ele><time>2024-08-31T13:27:53Z</time></trkpt><trkpt lat="43.25340271" lon="-4.84335518"><ele>331.86</ele><time>2024-08-31T13:27:54Z</time></trkpt><trkpt lat="43.25339890" lon="-4.84336710"><ele>332.03</ele><time>2024-08-31T13:27:55Z</time></trkpt><trkpt lat="43.25339890" lon="-4.84337950"><ele>332.20</ele><time>2024-08-31T13:27:56Z</time></trkpt><trkpt lat="43.25339508" lon="-4.84339190"><ele>332.37</ele><time>2024-08-31T13:27:57Z</time></trkpt><trkpt lat="43.25339508" lon="-4.84340382"><ele>332.54</ele><time>2024-08-31T13:27:58Z</time></trkpt><trkpt lat="43.25339508" lon="-4.84341621"><ele>332.71</ele><time>2024-08-31T13:27:59Z</time></trkpt><trkpt lat="43.25339127" lon="-4.84342766"><ele>332.88</ele><time>2024-08-31T13:28:00Z</time></trkpt><trkpt lat="43.25338745" lon="-4.84343863"><ele>333.05</ele><time>2024-08-31T13:28:01Z</time></trkpt><trkpt lat="43.25338364" lon="-4.84344912"><ele>333.22</ele><time>2024-08-31T13:28:02Z</time></trkpt><trkpt lat="43.25337982" lon="-4.84345913"><ele>333.40</ele><time>2024-08-31T13:28:03Z</time></trkpt><trkpt lat="43.25337601" lon="-4.84346914"><ele>333.57</ele><time>2024-08-31T13:28:04Z</time></trkpt><trkpt lat="43.25336838" lon="-4.84347868"><ele>333.74</ele><time>2024-08-31T13:28:05Z</time></trkpt><trkpt lat="43.25336456" lon="-4.84348822"><ele>333.91</ele><time>2024-08-31T13:28:06Z</time></trkpt><trkpt lat="43.25336075" lon="-4.84349775"><ele>334.08</ele><time>2024-08-31T13:28:07Z</time></trkpt><trkpt lat="43.25335312" lon="-4.84350729"><ele>334.25</ele><time>2024-08-31T13:28:08Z</time></trkpt><trkpt lat="43.25334930" lon="-4.84351635"><ele>334.43</ele><time>2024-08-31T13:28:09Z</time></trkpt><trkpt lat="43.25334549" lon="-4.84352541"><ele>334.60</ele><time>2024-08-31T13:28:10Z</time></trkpt><trkpt lat="43.25333786" lon="-4.84353447"><ele>334.77</ele><time>2024-08-31T13:28:11Z</time></trkpt><trkpt lat="43.25333405" lon="-4.84354305"><ele>334.94</ele><time>2024-08-31T13:28:12Z</time></trkpt><trkpt lat="43.25332642" lon="-4.84355211"><ele>335.11</ele><time>2024-08-31T13:28:13Z</time></trkpt><trkpt lat="43.25332260" lon="-4.84356070"><ele>335.28</ele><time>2024-08-31T13:28:14Z</time></trkpt><trkpt lat="43.25331497" lon="-4.84356976"><ele>335.46</ele><time>2024-08-31T13:28:15Z</time></trkpt><trkpt lat="43.25331116" lon="-4.84357834"><ele>335.63</ele><time>2024-08-31T13:28:16Z</time></trkpt><trkpt lat="43.25330353" lon="-4.84358692"><ele>335.81</ele><time>2024-08-31T13:28:17Z</time></trkpt><trkpt lat="43.25329971" lon="-4.84359550"><ele>335.98</ele><time>2024-08-31T13:28:18Z</time></trkpt><trkpt lat="43.25329208" lon="-4.84360409"><ele>336.16</ele><time>2024-08-31T13:28:19Z</time></trkpt><trkpt lat="43.25328827" lon="-4.84361267"><ele>336.34</ele><time>2024-08-31T13:28:20Z</time></trkpt><trkpt lat="43.25328064" lon="-4.84362078"><ele>336.52</ele><time>2024-08-31T13:28:21Z</time></trkpt><trkpt lat="43.25327682" lon="-4.84362936"><ele>336.70</ele><time>2024-08-31T13:28:22Z</time></trkpt><trkpt lat="43.25326920" lon="-4.84363794"><ele>336.87</ele><time>2024-08-31T13:28:23Z</time></trkpt><trkpt lat="43.25326538" lon="-4.84364653"><ele>337.05</ele><time>2024-08-31T13:28:24Z</time></trkpt><trkpt lat="43.25325775" lon="-4.84365511"><ele>337.23</ele><time>2024-08-31T13:28:25Z</time></trkpt><trkpt lat="43.25325394" lon="-4.84366322"><ele>337.41</ele><time>2024-08-31T13:28:26Z</time></trkpt><trkpt lat="43.25324631" lon="-4.84367180"><ele>337.59</ele><time>2024-08-31T13:28:27Z</time></trkpt><trkpt lat="43.25324249" lon="-4.84368038"><ele>337.77</ele><time>2024-08-31T13:28:28Z</time></trkpt><trkpt lat="43.25323486" lon="-4.84368896"><ele>337.95</ele><time>2024-08-31T13:28:29Z</time></trkpt><trkpt lat="43.25323105" lon="-4.84369755"><ele>338.13</ele><time>2024-08-31T13:28:30Z</time></trkpt><trkpt lat="43.25322342" lon="-4.84370613"><ele>338.31</ele><time>2024-08-31T13:28:31Z</time></trkpt><trkpt lat="43.25321960" lon="-4.84371471"><ele>338.49</ele><time>2024-08-31T13:28:32Z</time></trkpt><trkpt lat="43.25321198" lon="-4.84372330"><ele>338.66</ele><time>2024-08-31T13:28:33Z</time></trkpt><trkpt lat="43.25320816" lon="-4.84373188"><ele>338.84</ele><time>2024-08-31T13:28:34Z</time></trkpt><trkpt lat="43.25320435" lon="-4.84374046"><ele>339.02</ele><time>2024-08-31T13:28:35Z</time></trkpt><trkpt lat="43.25319672" lon="-4.84374905"><ele>339.20</ele><time>2024-08-31T13:28:36Z</time></trkpt><trkpt lat="43.25319290" lon="-4.84375763"><ele>339.38</ele><time>2024-08-31T13:28:37Z</time></trkpt><trkpt lat="43.25318527" lon="-4.84376621"><ele>339.56</ele><time>2024-08-31T13:28:38Z</time></trkpt><trkpt lat="43.25318146" lon="-4.84377527"><ele>339.73</ele><time>2024-08-31T13:28:39Z</time></trkpt><trkpt lat="43.25317383" lon="-4.84378386"><ele>339.91</ele><time>2024-08-31T13:28:40Z</time></trkpt><trkpt lat="43.25317001" lon="-4.84379244"><ele>340.09</ele><time>2024-08-31T13:28:41Z</time></trkpt><trkpt lat="43.25316238" lon="-4.84380102"><ele>340.27</ele><time>2024-08-31T13:28:42Z</time></trkpt><trkpt lat="43.25315857" lon="-4.84381008"><ele>340.45</ele><time>2024-08-31T13:28:43Z</time></trkpt><trkpt lat="43.25315475" lon="-4.84381962"><ele>340.63</ele><time>2024-08-31T13:28:44Z</time></trkpt><trkpt lat="43.25315094" lon="-4.84382868"><ele>340.82</ele><time>2024-08-31T13:28:45Z</time></trkpt><trkpt lat="43.25315094" lon="-4.84383869"><ele>341.00</ele><time>2024-08-31T13:28:46Z</time></trkpt><trkpt lat="43.25314713" lon="-4.84384823"><ele>341.19</ele><time>2024-08-31T13:28:47Z</time></trkpt><trkpt lat="43.25314713" lon="-4.84385824"><ele>341.38</ele><time>2024-08-31T13:28:48Z</time></trkpt><trkpt lat="43.25314331" lon="-4.84386778"><ele>341.57</ele><time>2024-08-31T13:28:49Z</time></trkpt><trkpt lat="43.25314331" lon="-4.84387779"><ele>341.76</ele><time>2024-08-31T13:28:50Z</time></trkpt><trkpt lat="43.25314331" lon="-4.84388781"><ele>341.95</ele><time>2024-08-31T13:28:51Z</time></trkpt><trkpt lat="43.25314331" lon="-4.84389639"><ele>342.13</ele><time>2024-08-31T13:28:52Z</time></trkpt><trkpt lat="43.25314331" lon="-4.84390354"><ele>342.32</ele><time>2024-08-31T13:28:53Z</time></trkpt><trkpt lat="43.25314331" lon="-4.84390974"><ele>342.50</ele><time>2024-08-31T13:28:54Z</time></trkpt><trkpt lat="43.25314331" lon="-4.84391546"><ele>342.67</ele><time>2024-08-31T13:28:55Z</time></trkpt><trkpt lat="43.25314713" lon="-4.84392023"><ele>342.85</ele><time>2024-08-31T13:28:56Z</time></trkpt><trkpt lat="43.25314713" lon="-4.84392405"><ele>343.02</ele><time>2024-08-31T13:28:57Z</time></trkpt><trkpt lat="43.25315094" lon="-4.84392786"><ele>343.19</ele><time>2024-08-31T13:28:58Z</time></trkpt><trkpt lat="43.25315475" lon="-4.84393120"><ele>343.37</ele><time>2024-08-31T13:28:59Z</time></trkpt><trkpt lat="43.25315475" lon="-4.84393406"><ele>343.54</ele><time>2024-08-31T13:29:00Z</time></trkpt><trkpt lat="43.25315857" lon="-4.84393644"><ele>343.71</ele><time>2024-08-31T13:29:01Z</time></trkpt><trkpt lat="43.25316238" lon="-4.84393835"><ele>343.88</ele><time>2024-08-31T13:29:02Z</time></trkpt><trkpt lat="43.25316620" lon="-4.84394073"><ele>344.05</ele><time>2024-08-31T13:29:03Z</time></trkpt><trkpt lat="43.25316620" lon="-4.84394217"><ele>344.22</ele><time>2024-08-31T13:29:04Z</time></trkpt><trkpt lat="43.25317001" lon="-4.84394407"><ele>344.38</ele><time>2024-08-31T13:29:05Z</time></trkpt><trkpt lat="43.25317383" lon="-4.84394598"><ele>344.55</ele><time>2024-08-31T13:29:06Z</time></trkpt><trkpt lat="43.25317383" lon="-4.84394789"><ele>344.71</ele><time>2024-08-31T13:29:07Z</time></trkpt><trkpt lat="43.25317764" lon="-4.84395027"><ele>344.88</ele><time>2024-08-31T13:29:08Z</time></trkpt><trkpt lat="43.25317764" lon="-4.84395218"><ele>345.04</ele><time>2024-08-31T13:29:09Z</time></trkpt><trkpt lat="43.25317764" lon="-4.84395409"><ele>345.20</ele><time>2024-08-31T13:29:10Z</time></trkpt><trkpt lat="43.25318146" lon="-4.84395599"><ele>345.36</ele><time>2024-08-31T13:29:11Z</time></trkpt><trkpt lat="43.25318146" lon="-4.84395790"><ele>345.51</ele><time>2024-08-31T13:29:12Z</time></trkpt><trkpt lat="43.25318146" lon="-4.84395981"><ele>345.67</ele><time>2024-08-31T13:29:13Z</time></trkpt><trkpt lat="43.25318527" lon="-4.84396172"><ele>345.83</ele><time>2024-08-31T13:29:14Z</time></trkpt><trkpt lat="43.25318527" lon="-4.84396553"><ele>345.99</ele><time>2024-08-31T13:29:15Z</time></trkpt><trkpt lat="43.25318527" lon="-4.84397030"><ele>346.15</ele><time>2024-08-31T13:29:16Z</time></trkpt><trkpt lat="43.25318527" lon="-4.84397602"><ele>346.31</ele><time>2024-08-31T13:29:17Z</time></trkpt><trkpt lat="43.25318527" lon="-4.84398270"><ele>346.47</ele><time>2024-08-31T13:29:18Z</time></trkpt><trkpt lat="43.25318909" lon="-4.84398985"><ele>346.63</ele><time>2024-08-31T13:29:19Z</time></trkpt><trkpt lat="43.25318909" lon="-4.84399748"><ele>346.80</ele><time>2024-08-31T13:29:20Z</time></trkpt><trkpt lat="43.25318909" lon="-4.84400558"><ele>346.96</ele><time>2024-08-31T13:29:21Z</time></trkpt><trkpt lat="43.25318909" lon="-4.84401369"><ele>347.12</ele><time>2024-08-31T13:29:22Z</time></trkpt><trkpt lat="43.25318909" lon="-4.84402275"><ele>347.29</ele><time>2024-08-31T13:29:23Z</time></trkpt><trkpt lat="43.25319290" lon="-4.84403181"><ele>347.45</ele><time>2024-08-31T13:29:24Z</time></trkpt><trkpt lat="43.25319290" lon="-4.84404087"><ele>347.61</ele><time>2024-08-31T13:29:25Z</time></trkpt><trkpt lat="43.25319290" lon="-4.84405041"><ele>347.78</ele><time>2024-08-31T13:29:26Z</time></trkpt><trkpt lat="43.25319290" lon="-4.84405994"><ele>347.94</ele><time>2024-08-31T13:29:27Z</time></trkpt><trkpt lat="43.25319290" lon="-4.84406996"><ele>348.10</ele><time>2024-08-31T13:29:28Z</time></trkpt><trkpt lat="43.25319290" lon="-4.84407949"><ele>348.27</ele><time>2024-08-31T13:29:29Z</time></trkpt><trkpt lat="43.25319672" lon="-4.84408951"><ele>348.43</ele><time>2024-08-31T13:29:30Z</time></trkpt><trkpt lat="43.25319672" lon="-4.84409952"><ele>348.59</ele><time>2024-08-31T13:29:31Z</time></trkpt><trkpt lat="43.25319672" lon="-4.84410954"><ele>348.76</ele><time>2024-08-31T13:29:32Z</time></trkpt><trkpt lat="43.25319672" lon="-4.84411907"><ele>348.92</ele><time>2024-08-31T13:29:33Z</time></trkpt><trkpt lat="43.25319672" lon="-4.84412861"><ele>349.09</ele><time>2024-08-31T13:29:34Z</time></trkpt><trkpt lat="43.25319672" lon="-4.84413815"><ele>349.26</ele><time>2024-08-31T13:29:35Z</time></trkpt><trkpt lat="43.25319672" lon="-4.84414721"><ele>349.43</ele><time>2024-08-31T13:29:36Z</time></trkpt><trkpt lat="43.25319672" lon="-4.84415627"><ele>349.60</ele><time>2024-08-31T13:29:37Z</time></trkpt><trkpt lat="43.25319672" lon="-4.84416580"><ele>349.77</ele><time>2024-08-31T13:29:38Z</time></trkpt><trkpt lat="43.25319672" lon="-4.84417486"><ele>349.94</ele><time>2024-08-31T13:29:39Z</time></trkpt><trkpt lat="43.25319290" lon="-4.84418392"><ele>350.11</ele><time>2024-08-31T13:29:40Z</time></trkpt><trkpt lat="43.25319290" lon="-4.84419298"><ele>350.28</ele><time>2024-08-31T13:29:41Z</time></trkpt><trkpt lat="43.25319290" lon="-4.84420204"><ele>350.45</ele><time>2024-08-31T13:29:42Z</time></trkpt><trkpt lat="43.25319290" lon="-4.84421110"><ele>350.62</ele><time>2024-08-31T13:29:43Z</time></trkpt><trkpt lat="43.25319290" lon="-4.84422016"><ele>350.79</ele><time>2024-08-31T13:29:44Z</time></trkpt><trkpt lat="43.25319290" lon="-4.84422874"><ele>350.96</ele><time>2024-08-31T13:29:45Z</time></trkpt><trkpt lat="43.25319290" lon="-4.84423780"><ele>351.13</ele><time>2024-08-31T13:29:46Z</time></trkpt><trkpt lat="43.25318909" lon="-4.84424639"><ele>351.30</ele><time>2024-08-31T13:29:47Z</time></trkpt><trkpt lat="43.25318909" lon="-4.84425497"><ele>351.47</ele><time>2024-08-31T13:29:48Z</time></trkpt><trkpt lat="43.25318909" lon="-4.84426355"><ele>351.64</ele><time>2024-08-31T13:29:49Z</time></trkpt><trkpt lat="43.25318527" lon="-4.84427166"><ele>351.81</ele><time>2024-08-31T13:29:50Z</time></trkpt><trkpt lat="43.25318527" lon="-4.84428024"><ele>351.98</ele><time>2024-08-31T13:29:51Z</time></trkpt><trkpt lat="43.25318527" lon="-4.84428835"><ele>352.15</ele><time>2024-08-31T13:29:52Z</time></trkpt><trkpt lat="43.25318146" lon="-4.84429646"><ele>352.32</ele><time>2024-08-31T13:29:53Z</time></trkpt><trkpt lat="43.25318146" lon="-4.84430504"><ele>352.49</ele><time>2024-08-31T13:29:54Z</time></trkpt><trkpt lat="43.25317764" lon="-4.84431314"><ele>352.66</ele><time>2024-08-31T13:29:55Z</time></trkpt><trkpt lat="43.25317764" lon="-4.84432125"><ele>352.83</ele><time>2024-08-31T13:29:56Z</time></trkpt><trkpt lat="43.25317764" lon="-4.84432936"><ele>353.00</ele><time>2024-08-31T13:29:57Z</time></trkpt><trkpt lat="43.25317383" lon="-4.84433746"><ele>353.17</ele><time>2024-08-31T13:29:58Z</time></trkpt><trkpt lat="43.25317383" lon="-4.84434557"><ele>353.34</ele><time>2024-08-31T13:29:59Z</time></trkpt><trkpt lat="43.25317001" lon="-4.84435368"><ele>353.51</ele><time>2024-08-31T13:30:00Z</time></trkpt><trkpt lat="43.25317001" lon="-4.84436178"><ele>353.68</ele><time>2024-08-31T13:30:01Z</time></trkpt><trkpt lat="43.25316620" lon="-4.84436989"><ele>353.85</ele><time>2024-08-31T13:30:02Z</time></trkpt><trkpt lat="43.25316620" lon="-4.84437799"><ele>354.02</ele><time>2024-08-31T13:30:03Z</time></trkpt><trkpt lat="43.25316620" lon="-4.84438610"><ele>354.19</ele><time>2024-08-31T13:30:04Z</time></trkpt><trkpt lat="43.25316238" lon="-4.84439468"><ele>354.36</ele><time>2024-08-31T13:30:05Z</time></trkpt><trkpt lat="43.25316238" lon="-4.84440279"><ele>354.53</ele><time>2024-08-31T13:30:06Z</time></trkpt><trkpt lat="43.25316238" lon="-4.84441090"><ele>354.70</ele><time>2024-08-31T13:30:07Z</time></trkpt><trkpt lat="43.25315857" lon="-4.84441900"><ele>354.88</ele><time>2024-08-31T13:30:08Z</time></trkpt><trkpt lat="43.25315857" lon="-4.84442711"><ele>355.05</ele><time>2024-08-31T13:30:09Z</time></trkpt><trkpt lat="43.25315857" lon="-4.84443474"><ele>355.21</ele><time>2024-08-31T13:30:10Z</time></trkpt><trkpt lat="43.25315857" lon="-4.84444189"><ele>355.38</ele><time>2024-08-31T13:30:11Z</time></trkpt><trkpt lat="43.25316238" lon="-4.84444809"><ele>355.54</ele><time>2024-08-31T13:30:12Z</time></trkpt><trkpt lat="43.25316620" lon="-4.84445429"><ele>355.69</ele><time>2024-08-31T13:30:13Z</time></trkpt><trkpt lat="43.25317001" lon="-4.84446049"><ele>355.85</ele><time>2024-08-31T13:30:14Z</time></trkpt><trkpt lat="43.25317383" lon="-4.84446621"><ele>356.01</ele><time>2024-08-31T13:30:15Z</time></trkpt><trkpt lat="43.25317764" lon="-4.84447145"><ele>356.16</ele><time>2024-08-31T13:30:16Z</time></trkpt><trkpt lat="43.25318146" lon="-4.84447718"><ele>356.32</ele><time>2024-08-31T13:30:17Z</time></trkpt><trkpt lat="43.25318527" lon="-4.84448242"><ele>356.47</ele><time>2024-08-31T13:30:18Z</time></trkpt><trkpt lat="43.25319290" lon="-4.84448719"><ele>356.63</ele><time>2024-08-31T13:30:19Z</time></trkpt><trkpt lat="43.25319672" lon="-4.84449244"><ele>356.78</ele><time>2024-08-31T13:30:20Z</time></trkpt><trkpt lat="43.25320053" lon="-4.84449768"><ele>356.94</ele><time>2024-08-31T13:30:21Z</time></trkpt><trkpt lat="43.25320816" lon="-4.84450388"><ele>357.10</ele><time>2024-08-31T13:30:22Z</time></trkpt><trkpt lat="43.25321198" lon="-4.84451056"><ele>357.26</ele><time>2024-08-31T13:30:23Z</time></trkpt><trkpt lat="43.25321960" lon="-4.84451723"><ele>357.43</ele><time>2024-08-31T13:30:24Z</time></trkpt><trkpt lat="43.25322342" lon="-4.84452391"><ele>357.59</ele><time>2024-08-31T13:30:25Z</time></trkpt><trkpt lat="43.25323105" lon="-4.84453106"><ele>357.75</ele><time>2024-08-31T13:30:26Z</time></trkpt><trkpt lat="43.25323486" lon="-4.84453821"><ele>357.92</ele><time>2024-08-31T13:30:27Z</time></trkpt><trkpt lat="43.25324249" lon="-4.84454536"><ele>358.08</ele><time>2024-08-31T13:30:28Z</time></trkpt><trkpt lat="43.25324631" lon="-4.84455299"><ele>358.25</ele><time>2024-08-31T13:30:29Z</time></trkpt><trkpt lat="43.25325394" lon="-4.84456062"><ele>358.41</ele><time>2024-08-31T13:30:30Z</time></trkpt><trkpt lat="43.25326157" lon="-4.84456778"><ele>358.58</ele><time>2024-08-31T13:30:31Z</time></trkpt><trkpt lat="43.25326538" lon="-4.84457541"><ele>358.74</ele><time>2024-08-31T13:30:32Z</time></trkpt><trkpt lat="43.25326920" lon="-4.84458399"><ele>358.91</ele><time>2024-08-31T13:30:33Z</time></trkpt><trkpt lat="43.25327682" lon="-4.84459257"><ele>359.07</ele><time>2024-08-31T13:30:34Z</time></trkpt><trkpt lat="43.25328064" lon="-4.84460115"><ele>359.24</ele><time>2024-08-31T13:30:35Z</time></trkpt><trkpt lat="43.25328445" lon="-4.84461021"><ele>359.41</ele><time>2024-08-31T13:30:36Z</time></trkpt><trkpt lat="43.25328445" lon="-4.84461975"><ele>359.57</ele><time>2024-08-31T13:30:37Z</time></trkpt><trkpt lat="43.25328827" lon="-4.84462929"><ele>359.74</ele><time>2024-08-31T13:30:38Z</time></trkpt><trkpt lat="43.25329208" lon="-4.84463882"><ele>359.90</ele><time>2024-08-31T13:30:39Z</time></trkpt><trkpt lat="43.25329208" lon="-4.84464836"><ele>360.07</ele><time>2024-08-31T13:30:40Z</time></trkpt><trkpt lat="43.25329590" lon="-4.84465837"><ele>360.23</ele><time>2024-08-31T13:30:41Z</time></trkpt><trkpt lat="43.25329590" lon="-4.84466791"><ele>360.39</ele><time>2024-08-31T13:30:42Z</time></trkpt><trkpt lat="43.25329971" lon="-4.84467793"><ele>360.56</ele><time>2024-08-31T13:30:43Z</time></trkpt><trkpt lat="43.25330353" lon="-4.84468794"><ele>360.72</ele><time>2024-08-31T13:30:44Z</time></trkpt><trkpt lat="43.25330353" lon="-4.84469843"><ele>360.88</ele><time>2024-08-31T13:30:45Z</time></trkpt><trkpt lat="43.25330353" lon="-4.84470844"><ele>361.05</ele><time>2024-08-31T13:30:46Z</time></trkpt><trkpt lat="43.25330734" lon="-4.84471846"><ele>361.21</ele><time>2024-08-31T13:30:47Z</time></trkpt><trkpt lat="43.25330734" lon="-4.84472799"><ele>361.37</ele><time>2024-08-31T13:30:48Z</time></trkpt><trkpt lat="43.25330734" lon="-4.84473705"><ele>361.54</ele><time>2024-08-31T13:30:49Z</time></trkpt><trkpt lat="43.25330353" lon="-4.84474564"><ele>361.70</ele><time>2024-08-31T13:30:50Z</time></trkpt><trkpt lat="43.25329971" lon="-4.84475374"><ele>361.86</ele><time>2024-08-31T13:30:51Z</time></trkpt><trkpt lat="43.25329590" lon="-4.84476185"><ele>362.02</ele><time>2024-08-31T13:30:52Z</time></trkpt><trkpt lat="43.25329208" lon="-4.84476948"><ele>362.17</ele><time>2024-08-31T13:30:53Z</time></trkpt><trkpt lat="43.25328827" lon="-4.84477758"><ele>362.33</ele><time>2024-08-31T13:30:54Z</time></trkpt><trkpt lat="43.25328445" lon="-4.84478474"><ele>362.48</ele><time>2024-08-31T13:30:55Z</time></trkpt><trkpt lat="43.25327682" lon="-4.84479237"><ele>362.64</ele><time>2024-08-31T13:30:56Z</time></trkpt><trkpt lat="43.25327301" lon="-4.84479952"><ele>362.79</ele><time>2024-08-31T13:30:57Z</time></trkpt><trkpt lat="43.25326538" lon="-4.84480667"><ele>362.95</ele><time>2024-08-31T13:30:58Z</time></trkpt><trkpt lat="43.25326157" lon="-4.84481335"><ele>363.10</ele><time>2024-08-31T13:30:59Z</time></trkpt><trkpt lat="43.25325394" lon="-4.84482050"><ele>363.26</ele><time>2024-08-31T13:31:00Z</time></trkpt><trkpt lat="43.25325012" lon="-4.84482813"><ele>363.41</ele><time>2024-08-31T13:31:01Z</time></trkpt><trkpt lat="43.25324249" lon="-4.84483576"><ele>363.57</ele><time>2024-08-31T13:31:02Z</time></trkpt><trkpt lat="43.25323868" lon="-4.84484434"><ele>363.73</ele><time>2024-08-31T13:31:03Z</time></trkpt><trkpt lat="43.25323105" lon="-4.84485292"><ele>363.90</ele><time>2024-08-31T13:31:04Z</time></trkpt><trkpt lat="43.25322723" lon="-4.84486151"><ele>364.06</ele><time>2024-08-31T13:31:05Z</time></trkpt><trkpt lat="43.25322342" lon="-4.84487104"><ele>364.23</ele><time>2024-08-31T13:31:06Z</time></trkpt><trkpt lat="43.25321579" lon="-4.84488010"><ele>364.40</ele><time>2024-08-31T13:31:07Z</time></trkpt><trkpt lat="43.25321198" lon="-4.84488964"><ele>364.57</ele><time>2024-08-31T13:31:08Z</time></trkpt><trkpt lat="43.25320435" lon="-4.84489918"><ele>364.74</ele><time>2024-08-31T13:31:09Z</time></trkpt><trkpt lat="43.25320053" lon="-4.84490871"><ele>364.91</ele><time>2024-08-31T13:31:10Z</time></trkpt><trkpt lat="43.25319672" lon="-4.84491825"><ele>365.08</ele><time>2024-08-31T13:31:11Z</time></trkpt><trkpt lat="43.25318909" lon="-4.84492826"><ele>365.25</ele><time>2024-08-31T13:31:12Z</time></trkpt><trkpt lat="43.25318527" lon="-4.84493780"><ele>365.43</ele><time>2024-08-31T13:31:13Z</time></trkpt><trkpt lat="43.25318146" lon="-4.84494781"><ele>365.60</ele><time>2024-08-31T13:31:14Z</time></trkpt><trkpt lat="43.25317383" lon="-4.84495783"><ele>365.78</ele><time>2024-08-31T13:31:15Z</time></trkpt><trkpt lat="43.25317001" lon="-4.84496689"><ele>365.95</ele><time>2024-08-31T13:31:16Z</time></trkpt><trkpt lat="43.25317001" lon="-4.84497595"><ele>366.12</ele><time>2024-08-31T13:31:17Z</time></trkpt><trkpt lat="43.25316620" lon="-4.84498501"><ele>366.30</ele><time>2024-08-31T13:31:18Z</time></trkpt><trkpt lat="43.25316620" lon="-4.84499359"><ele>366.47</ele><time>2024-08-31T13:31:19Z</time></trkpt><trkpt lat="43.25316620" lon="-4.84500217"><ele>366.64</ele><time>2024-08-31T13:31:20Z</time></trkpt><trkpt lat="43.25316620" lon="-4.84501028"><ele>366.81</ele><time>2024-08-31T13:31:21Z</time></trkpt><trkpt lat="43.25316620" lon="-4.84501839"><ele>366.98</ele><time>2024-08-31T13:31:22Z</time></trkpt><trkpt lat="43.25316620" lon="-4.84502649"><ele>367.15</ele><time>2024-08-31T13:31:23Z</time></trkpt><trkpt lat="43.25316620" lon="-4.84503460"><ele>367.32</ele><time>2024-08-31T13:31:24Z</time></trkpt><trkpt lat="43.25317001" lon="-4.84504223"><ele>367.49</ele><time>2024-08-31T13:31:25Z</time></trkpt><trkpt lat="43.25317383" lon="-4.84504986"><ele>367.66</ele><time>2024-08-31T13:31:26Z</time></trkpt><trkpt lat="43.25317764" lon="-4.84505749"><ele>367.84</ele><time>2024-08-31T13:31:27Z</time></trkpt><trkpt lat="43.25318146" lon="-4.84506512"><ele>368.01</ele><time>2024-08-31T13:31:28Z</time></trkpt><trkpt lat="43.25318527" lon="-4.84507275"><ele>368.19</ele><time>2024-08-31T13:31:29Z</time></trkpt><trkpt lat="43.25318909" lon="-4.84508038"><ele>368.36</ele><time>2024-08-31T13:31:30Z</time></trkpt><trkpt lat="43.25319672" lon="-4.84508801"><ele>368.54</ele><time>2024-08-31T13:31:31Z</time></trkpt><trkpt lat="43.25320053" lon="-4.84509516"><ele>368.71</ele><time>2024-08-31T13:31:32Z</time></trkpt><trkpt lat="43.25320435" lon="-4.84510279"><ele>368.89</ele><time>2024-08-31T13:31:33Z</time></trkpt><trkpt lat="43.25321198" lon="-4.84510994"><ele>369.06</ele><time>2024-08-31T13:31:34Z</time></trkpt><trkpt lat="43.25321579" lon="-4.84511757"><ele>369.24</ele><time>2024-08-31T13:31:35Z</time></trkpt><trkpt lat="43.25322342" lon="-4.84512472"><ele>369.41</ele><time>2024-08-31T13:31:36Z</time></trkpt><trkpt lat="43.25322723" lon="-4.84513187"><ele>369.59</ele><time>2024-08-31T13:31:37Z</time></trkpt><trkpt lat="43.25323105" lon="-4.84513903"><ele>369.77</ele><time>2024-08-31T13:31:38Z</time></trkpt><trkpt lat="43.25323868" lon="-4.84514618"><ele>369.94</ele><time>2024-08-31T13:31:39Z</time></trkpt><trkpt lat="43.25324249" lon="-4.84515381"><ele>370.12</ele><time>2024-08-31T13:31:40Z</time></trkpt><trkpt lat="43.25324631" lon="-4.84516096"><ele>370.29</ele><time>2024-08-31T13:31:41Z</time></trkpt><trkpt lat="43.25325394" lon="-4.84516811"><ele>370.47</ele><time>2024-08-31T13:31:42Z</time></trkpt><trkpt lat="43.25325775" lon="-4.84517574"><ele>370.64</ele><time>2024-08-31T13:31:43Z</time></trkpt><trkpt lat="43.25326157" lon="-4.84518290"><ele>370.82</ele><time>2024-08-31T13:31:44Z</time></trkpt><trkpt lat="43.25326538" lon="-4.84519100"><ele>371.00</ele><time>2024-08-31T13:31:45Z</time></trkpt><trkpt lat="43.25326920" lon="-4.84519863"><ele>371.18</ele><time>2024-08-31T13:31:46Z</time></trkpt><trkpt lat="43.25327682" lon="-4.84520674"><ele>371.36</ele><time>2024-08-31T13:31:47Z</time></trkpt><trkpt lat="43.25328064" lon="-4.84521532"><ele>371.54</ele><time>2024-08-31T13:31:48Z</time></trkpt><trkpt lat="43.25328445" lon="-4.84522343"><ele>371.72</ele><time>2024-08-31T13:31:49Z</time></trkpt><trkpt lat="43.25328827" lon="-4.84523201"><ele>371.90</ele><time>2024-08-31T13:31:50Z</time></trkpt><trkpt lat="43.25329208" lon="-4.84524059"><ele>372.08</ele><time>2024-08-31T13:31:51Z</time></trkpt><trkpt lat="43.25329590" lon="-4.84524918"><ele>372.26</ele><time>2024-08-31T13:31:52Z</time></trkpt><trkpt lat="43.25330353" lon="-4.84525776"><ele>372.44</ele><time>2024-08-31T13:31:53Z</time></trkpt><trkpt lat="43.25330734" lon="-4.84526634"><ele>372.61</ele><time>2024-08-31T13:31:54Z</time></trkpt><trkpt lat="43.25331116" lon="-4.84527493"><ele>372.79</ele><time>2024-08-31T13:31:55Z</time></trkpt><trkpt lat="43.25331497" lon="-4.84528303"><ele>372.96</ele><time>2024-08-31T13:31:56Z</time></trkpt><trkpt lat="43.25331879" lon="-4.84529161"><ele>373.14</ele><time>2024-08-31T13:31:57Z</time></trkpt><trkpt lat="43.25332642" lon="-4.84530020"><ele>373.31</ele><time>2024-08-31T13:31:58Z</time></trkpt><trkpt lat="43.25333023" lon="-4.84530878"><ele>373.48</ele><time>2024-08-31T13:31:59Z</time></trkpt><trkpt lat="43.25333405" lon="-4.84531736"><ele>373.66</ele><time>2024-08-31T13:32:00Z</time></trkpt><trkpt lat="43.25333786" lon="-4.84532595"><ele>373.83</ele><time>2024-08-31T13:32:01Z</time></trkpt><trkpt lat="43.25334549" lon="-4.84533453"><ele>374.00</ele><time>2024-08-31T13:32:02Z</time></trkpt><trkpt lat="43.25334930" lon="-4.84534311"><ele>374.18</ele><time>2024-08-31T13:32:03Z</time></trkpt><trkpt lat="43.25335312" lon="-4.84535170"><ele>374.35</ele><time>2024-08-31T13:32:04Z</time></trkpt><trkpt lat="43.25335693" lon="-4.84536028"><ele>374.53</ele><time>2024-08-31T13:32:05Z</time></trkpt><trkpt lat="43.25336456" lon="-4.84536934"><ele>374.70</ele><time>2024-08-31T13:32:06Z</time></trkpt><trkpt lat="43.25336838" lon="-4.84537888"><ele>374.86</ele><time>2024-08-31T13:32:07Z</time></trkpt><trkpt lat="43.25337219" lon="-4.84538889"><ele>375.03</ele><time>2024-08-31T13:32:08Z</time></trkpt><trkpt lat="43.25337601" lon="-4.84539890"><ele>375.19</ele><time>2024-08-31T13:32:09Z</time></trkpt><trkpt lat="43.25338364" lon="-4.84540892"><ele>375.36</ele><time>2024-08-31T13:32:10Z</time></trkpt><trkpt lat="43.25338745" lon="-4.84541941"><ele>375.52</ele><time>2024-08-31T13:32:11Z</time></trkpt><trkpt lat="43.25339127" lon="-4.84542990"><ele>375.68</ele><time>2024-08-31T13:32:12Z</time></trkpt><trkpt lat="43.25339890" lon="-4.84544039"><ele>375.84</ele><time>2024-08-31T13:32:13Z</time></trkpt><trkpt lat="43.25340271" lon="-4.84545088"><ele>376.00</ele><time>2024-08-31T13:32:14Z</time></trkpt><trkpt lat="43.25340652" lon="-4.84546185"><ele>376.15</ele><time>2024-08-31T13:32:15Z</time></trkpt><trkpt lat="43.25341415" lon="-4.84547281"><ele>376.31</ele><time>2024-08-31T13:32:16Z</time></trkpt><trkpt lat="43.25341797" lon="-4.84548330"><ele>376.47</ele><time>2024-08-31T13:32:17Z</time></trkpt><trkpt lat="43.25342178" lon="-4.84549427"><ele>376.62</ele><time>2024-08-31T13:32:18Z</time></trkpt><trkpt lat="43.25342941" lon="-4.84550571"><ele>376.78</ele><time>2024-08-31T13:32:19Z</time></trkpt><trkpt lat="43.25343323" lon="-4.84551668"><ele>376.93</ele><time>2024-08-31T13:32:20Z</time></trkpt><trkpt lat="43.25343704" lon="-4.84552765"><ele>377.09</ele><time>2024-08-31T13:32:21Z</time></trkpt><trkpt lat="43.25344467" lon="-4.84553862"><ele>377.24</ele><time>2024-08-31T13:32:22Z</time></trkpt><trkpt lat="43.25344849" lon="-4.84555006"><ele>377.39</ele><time>2024-08-31T13:32:23Z</time></trkpt><trkpt lat="43.25345230" lon="-4.84556150"><ele>377.55</ele><time>2024-08-31T13:32:24Z</time></trkpt><trkpt lat="43.25345612" lon="-4.84557390"><ele>377.72</ele><time>2024-08-31T13:32:25Z</time></trkpt><trkpt lat="43.25345993" lon="-4.84558630"><ele>377.88</ele><time>2024-08-31T13:32:26Z</time></trkpt><trkpt lat="43.25346375" lon="-4.84559917"><ele>378.05</ele><time>2024-08-31T13:32:27Z</time></trkpt><trkpt lat="43.25346375" lon="-4.84561205"><ele>378.21</ele><time>2024-08-31T13:32:28Z</time></trkpt><trkpt lat="43.25346756" lon="-4.84562492"><ele>378.38</ele><time>2024-08-31T13:32:29Z</time></trkpt><trkpt lat="43.25346756" lon="-4.84563828"><ele>378.55</ele><time>2024-08-31T13:32:30Z</time></trkpt><trkpt lat="43.25347137" lon="-4.84565163"><ele>378.72</ele><time>2024-08-31T13:32:31Z</time></trkpt><trkpt lat="43.25347137" lon="-4.84566545"><ele>378.89</ele><time>2024-08-31T13:32:32Z</time></trkpt><trkpt lat="43.25347137" lon="-4.84567881"><ele>379.06</ele><time>2024-08-31T13:32:33Z</time></trkpt><trkpt lat="43.25347519" lon="-4.84569263"><ele>379.23</ele><time>2024-08-31T13:32:34Z</time></trkpt><trkpt lat="43.25347519" lon="-4.84570599"><ele>379.40</ele><time>2024-08-31T13:32:35Z</time></trkpt><trkpt lat="43.25347519" lon="-4.84571981"><ele>379.58</ele><time>2024-08-31T13:32:36Z</time></trkpt><trkpt lat="43.25347519" lon="-4.84573364"><ele>379.75</ele><time>2024-08-31T13:32:37Z</time></trkpt><trkpt lat="43.25347519" lon="-4.84574842"><ele>379.92</ele><time>2024-08-31T13:32:38Z</time></trkpt><trkpt lat="43.25347900" lon="-4.84576321"><ele>380.08</ele><time>2024-08-31T13:32:39Z</time></trkpt><trkpt lat="43.25347900" lon="-4.84577847"><ele>380.25</ele><time>2024-08-31T13:32:40Z</time></trkpt><trkpt lat="43.25347519" lon="-4.84579372"><ele>380.42</ele><time>2024-08-31T13:32:41Z</time></trkpt><trkpt lat="43.25347519" lon="-4.84580946"><ele>380.58</ele><time>2024-08-31T13:32:42Z</time></trkpt><trkpt lat="43.25347519" lon="-4.84582520"><ele>380.75</ele><time>2024-08-31T13:32:43Z</time></trkpt><trkpt lat="43.25347519" lon="-4.84584093"><ele>380.91</ele><time>2024-08-31T13:32:44Z</time></trkpt><trkpt lat="43.25347519" lon="-4.84585667"><ele>381.07</ele><time>2024-08-31T13:32:45Z</time></trkpt><trkpt lat="43.25347900" lon="-4.84587240"><ele>381.24</ele><time>2024-08-31T13:32:46Z</time></trkpt><trkpt lat="43.25348282" lon="-4.84588814"><ele>381.41</ele><time>2024-08-31T13:32:47Z</time></trkpt><trkpt lat="43.25348663" lon="-4.84590387"><ele>381.57</ele><time>2024-08-31T13:32:48Z</time></trkpt><trkpt lat="43.25349045" lon="-4.84591913"><ele>381.74</ele><time>2024-08-31T13:32:49Z</time></trkpt><trkpt lat="43.25349426" lon="-4.84593487"><ele>381.91</ele><time>2024-08-31T13:32:50Z</time></trkpt><trkpt lat="43.25350189" lon="-4.84595013"><ele>382.07</ele><time>2024-08-31T13:32:51Z</time></trkpt><trkpt lat="43.25350571" lon="-4.84596539"><ele>382.24</ele><time>2024-08-31T13:32:52Z</time></trkpt><trkpt lat="43.25351334" lon="-4.84598064"><ele>382.41</ele><time>2024-08-31T13:32:53Z</time></trkpt><trkpt lat="43.25352097" lon="-4.84599638"><ele>382.58</ele><time>2024-08-31T13:32:54Z</time></trkpt><trkpt lat="43.25352478" lon="-4.84601164"><ele>382.75</ele><time>2024-08-31T13:32:55Z</time></trkpt><trkpt lat="43.25353241" lon="-4.84602690"><ele>382.92</ele><time>2024-08-31T13:32:56Z</time></trkpt><trkpt lat="43.25354004" lon="-4.84604263"><ele>383.09</ele><time>2024-08-31T13:32:57Z</time></trkpt><trkpt lat="43.25354004" lon="-4.84605837"><ele>383.25</ele><time>2024-08-31T13:32:58Z</time></trkpt><trkpt lat="43.25354385" lon="-4.84607410"><ele>383.42</ele><time>2024-08-31T13:32:59Z</time></trkpt><trkpt lat="43.25354385" lon="-4.84609127"><ele>383.58</ele><time>2024-08-31T13:33:00Z</time></trkpt><trkpt lat="43.25354767" lon="-4.84610891"><ele>383.74</ele><time>2024-08-31T13:33:01Z</time></trkpt><trkpt lat="43.25355148" lon="-4.84612656"><ele>383.90</ele><time>2024-08-31T13:33:02Z</time></trkpt><trkpt lat="43.25355148" lon="-4.84614468"><ele>384.06</ele><time>2024-08-31T13:33:03Z</time></trkpt><trkpt lat="43.25355530" lon="-4.84616280"><ele>384.22</ele><time>2024-08-31T13:33:04Z</time></trkpt><trkpt lat="43.25355911" lon="-4.84617996"><ele>384.38</ele><time>2024-08-31T13:33:05Z</time></trkpt><trkpt lat="43.25356293" lon="-4.84619713"><ele>384.55</ele><time>2024-08-31T13:33:06Z</time></trkpt><trkpt lat="43.25356674" lon="-4.84621382"><ele>384.72</ele><time>2024-08-31T13:33:07Z</time></trkpt><trkpt lat="43.25357056" lon="-4.84623051"><ele>384.88</ele><time>2024-08-31T13:33:08Z</time></trkpt><trkpt lat="43.25357056" lon="-4.84624672"><ele>385.05</ele><time>2024-08-31T13:33:09Z</time></trkpt><trkpt lat="43.25357819" lon="-4.84626245"><ele>385.22</ele><time>2024-08-31T13:33:10Z</time></trkpt><trkpt lat="43.25358200" lon="-4.84627819"><ele>385.38</ele><time>2024-08-31T13:33:11Z</time></trkpt><trkpt lat="43.25358963" lon="-4.84629345"><ele>385.54</ele><time>2024-08-31T13:33:12Z</time></trkpt><trkpt lat="43.25359344" lon="-4.84630919"><ele>385.70</ele><time>2024-08-31T13:33:13Z</time></trkpt><trkpt lat="43.25359726" lon="-4.84632492"><ele>385.86</ele><time>2024-08-31T13:33:14Z</time></trkpt><trkpt lat="43.25360107" lon="-4.84634066"><ele>386.03</ele><time>2024-08-31T13:33:15Z</time></trkpt><trkpt lat="43.25360107" lon="-4.84635687"><ele>386.19</ele><time>2024-08-31T13:33:16Z</time></trkpt><trkpt lat="43.25360489" lon="-4.84637260"><ele>386.36</ele><time>2024-08-31T13:33:17Z</time></trkpt><trkpt lat="43.25360870" lon="-4.84638882"><ele>386.53</ele><time>2024-08-31T13:33:18Z</time></trkpt><trkpt lat="43.25360870" lon="-4.84640503"><ele>386.70</ele><time>2024-08-31T13:33:19Z</time></trkpt><trkpt lat="43.25360870" lon="-4.84642076"><ele>386.87</ele><time>2024-08-31T13:33:20Z</time></trkpt><trkpt lat="43.25360870" lon="-4.84643650"><ele>387.05</ele><time>2024-08-31T13:33:21Z</time></trkpt><trkpt lat="43.25360870" lon="-4.84645224"><ele>387.23</ele><time>2024-08-31T13:33:22Z</time></trkpt><trkpt lat="43.25360870" lon="-4.84646797"><ele>387.41</ele><time>2024-08-31T13:33:23Z</time></trkpt><trkpt lat="43.25360870" lon="-4.84648323"><ele>387.59</ele><time>2024-08-31T13:33:24Z</time></trkpt><trkpt lat="43.25360870" lon="-4.84649897"><ele>387.77</ele><time>2024-08-31T13:33:25Z</time></trkpt><trkpt lat="43.25360870" lon="-4.84651470"><ele>387.95</ele><time>2024-08-31T13:33:26Z</time></trkpt><trkpt lat="43.25360870" lon="-4.84653044"><ele>388.13</ele><time>2024-08-31T13:33:27Z</time></trkpt><trkpt lat="43.25360870" lon="-4.84654570"><ele>388.32</ele><time>2024-08-31T13:33:28Z</time></trkpt><trkpt lat="43.25360870" lon="-4.84656143"><ele>388.50</ele><time>2024-08-31T13:33:29Z</time></trkpt><trkpt lat="43.25360489" lon="-4.84657669"><ele>388.69</ele><time>2024-08-31T13:33:30Z</time></trkpt><trkpt lat="43.25360489" lon="-4.84659243"><ele>388.86</ele><time>2024-08-31T13:33:31Z</time></trkpt><trkpt lat="43.25360870" lon="-4.84660864"><ele>389.03</ele><time>2024-08-31T13:33:32Z</time></trkpt><trkpt lat="43.25360870" lon="-4.84662437"><ele>389.20</ele><time>2024-08-31T13:33:33Z</time></trkpt><trkpt lat="43.25361252" lon="-4.84664059"><ele>389.36</ele><time>2024-08-31T13:33:34Z</time></trkpt><trkpt lat="43.25361252" lon="-4.84665680"><ele>389.51</ele><time>2024-08-31T13:33:35Z</time></trkpt><trkpt lat="43.25361633" lon="-4.84667301"><ele>389.66</ele><time>2024-08-31T13:33:36Z</time></trkpt><trkpt lat="43.25362015" lon="-4.84668875"><ele>389.81</ele><time>2024-08-31T13:33:37Z</time></trkpt><trkpt lat="43.25362015" lon="-4.84670496"><ele>389.95</ele><time>2024-08-31T13:33:38Z</time></trkpt><trkpt lat="43.25362396" lon="-4.84672117"><ele>390.10</ele><time>2024-08-31T13:33:39Z</time></trkpt><trkpt lat="43.25362778" lon="-4.84673738"><ele>390.24</ele><time>2024-08-31T13:33:40Z</time></trkpt><trkpt lat="43.25363159" lon="-4.84675360"><ele>390.37</ele><time>2024-08-31T13:33:41Z</time></trkpt><trkpt lat="43.25363541" lon="-4.84676981"><ele>390.51</ele><time>2024-08-31T13:33:42Z</time></trkpt><trkpt lat="43.25363541" lon="-4.84678602"><ele>390.64</ele><time>2024-08-31T13:33:43Z</time></trkpt><trkpt lat="43.25363922" lon="-4.84680223"><ele>390.77</ele><time>2024-08-31T13:33:44Z</time></trkpt><trkpt lat="43.25364304" lon="-4.84681845"><ele>390.90</ele><time>2024-08-31T13:33:45Z</time></trkpt><trkpt lat="43.25364685" lon="-4.84683466"><ele>391.03</ele><time>2024-08-31T13:33:46Z</time></trkpt><trkpt lat="43.25365067" lon="-4.84685087"><ele>391.16</ele><time>2024-08-31T13:33:47Z</time></trkpt><trkpt lat="43.25365067" lon="-4.84686756"><ele>391.29</ele><time>2024-08-31T13:33:48Z</time></trkpt><trkpt lat="43.25365067" lon="-4.84688377"><ele>391.42</ele><time>2024-08-31T13:33:49Z</time></trkpt><trkpt lat="43.25365067" lon="-4.84690046"><ele>391.54</ele><time>2024-08-31T13:33:50Z</time></trkpt><trkpt lat="43.25365067" lon="-4.84691668"><ele>391.67</ele><time>2024-08-31T13:33:51Z</time></trkpt><trkpt lat="43.25365067" lon="-4.84693336"><ele>391.80</ele><time>2024-08-31T13:33:52Z</time></trkpt><trkpt lat="43.25365067" lon="-4.84695005"><ele>391.93</ele><time>2024-08-31T13:33:53Z</time></trkpt><trkpt lat="43.25365067" lon="-4.84696674"><ele>392.06</ele><time>2024-08-31T13:33:54Z</time></trkpt><trkpt lat="43.25365067" lon="-4.84698343"><ele>392.18</ele><time>2024-08-31T13:33:55Z</time></trkpt><trkpt lat="43.25365067" lon="-4.84699965"><ele>392.31</ele><time>2024-08-31T13:33:56Z</time></trkpt><trkpt lat="43.25364685" lon="-4.84701633"><ele>392.43</ele><time>2024-08-31T13:33:57Z</time></trkpt><trkpt lat="43.25364685" lon="-4.84703302"><ele>392.56</ele><time>2024-08-31T13:33:58Z</time></trkpt><trkpt lat="43.25364685" lon="-4.84704971"><ele>392.68</ele><time>2024-08-31T13:33:59Z</time></trkpt><trkpt lat="43.25364685" lon="-4.84706640"><ele>392.81</ele><time>2024-08-31T13:34:00Z</time></trkpt><trkpt lat="43.25364304" lon="-4.84708309"><ele>392.93</ele><time>2024-08-31T13:34:01Z</time></trkpt><trkpt lat="43.25364304" lon="-4.84709978"><ele>393.05</ele><time>2024-08-31T13:34:02Z</time></trkpt><trkpt lat="43.25364304" lon="-4.84711647"><ele>393.18</ele><time>2024-08-31T13:34:03Z</time></trkpt><trkpt lat="43.25363922" lon="-4.84713316"><ele>393.30</ele><time>2024-08-31T13:34:04Z</time></trkpt><trkpt lat="43.25363922" lon="-4.84714985"><ele>393.42</ele><time>2024-08-31T13:34:05Z</time></trkpt><trkpt lat="43.25363922" lon="-4.84716654"><ele>393.55</ele><time>2024-08-31T13:34:06Z</time></trkpt><trkpt lat="43.25363541" lon="-4.84718132"><ele>393.68</ele><time>2024-08-31T13:34:07Z</time></trkpt><trkpt lat="43.25363541" lon="-4.84719563"><ele>393.82</ele><time>2024-08-31T13:34:08Z</time></trkpt><trkpt lat="43.25363159" lon="-4.84720945"><ele>393.96</ele><time>2024-08-31T13:34:09Z</time></trkpt><trkpt lat="43.25362778" lon="-4.84722233"><ele>394.11</ele><time>2024-08-31T13:34:10Z</time></trkpt><trkpt lat="43.25362396" lon="-4.84723520"><ele>394.26</ele><time>2024-08-31T13:34:11Z</time></trkpt><trkpt lat="43.25361633" lon="-4.84724760"><ele>394.41</ele><time>2024-08-31T13:34:12Z</time></trkpt><trkpt lat="43.25361252" lon="-4.84725952"><ele>394.57</ele><time>2024-08-31T13:34:13Z</time></trkpt><trkpt lat="43.25360870" lon="-4.84727097"><ele>394.72</ele><time>2024-08-31T13:34:14Z</time></trkpt><trkpt lat="43.25360489" lon="-4.84728384"><ele>394.87</ele><time>2024-08-31T13:34:15Z</time></trkpt><trkpt lat="43.25360107" lon="-4.84729767"><ele>395.02</ele><time>2024-08-31T13:34:16Z</time></trkpt><trkpt lat="43.25360107" lon="-4.84731150"><ele>395.16</ele><time>2024-08-31T13:34:17Z</time></trkpt><trkpt lat="43.25359726" lon="-4.84732628"><ele>395.29</ele><time>2024-08-31T13:34:18Z</time></trkpt><trkpt lat="43.25359726" lon="-4.84734106"><ele>395.43</ele><time>2024-08-31T13:34:19Z</time></trkpt><trkpt lat="43.25359726" lon="-4.84735584"><ele>395.56</ele><time>2024-08-31T13:34:20Z</time></trkpt><trkpt lat="43.25359726" lon="-4.84737110"><ele>395.69</ele><time>2024-08-31T13:34:21Z</time></trkpt><trkpt lat="43.25359726" lon="-4.84738636"><ele>395.81</ele><time>2024-08-31T13:34:22Z</time></trkpt><trkpt lat="43.25359726" lon="-4.84740162"><ele>395.94</ele><time>2024-08-31T13:34:23Z</time></trkpt><trkpt lat="43.25359726" lon="-4.84741688"><ele>396.06</ele><time>2024-08-31T13:34:24Z</time></trkpt><trkpt lat="43.25359726" lon="-4.84743261"><ele>396.19</ele><time>2024-08-31T13:34:25Z</time></trkpt><trkpt lat="43.25359726" lon="-4.84744835"><ele>396.31</ele><time>2024-08-31T13:34:26Z</time></trkpt><trkpt lat="43.25360107" lon="-4.84746408"><ele>396.43</ele><time>2024-08-31T13:34:27Z</time></trkpt><trkpt lat="43.25360107" lon="-4.84747982"><ele>396.55</ele><time>2024-08-31T13:34:28Z</time></trkpt><trkpt lat="43.25360107" lon="-4.84749556"><ele>396.66</ele><time>2024-08-31T13:34:29Z</time></trkpt><trkpt lat="43.25360489" lon="-4.84751177"><ele>396.77</ele><time>2024-08-31T13:34:30Z</time></trkpt><trkpt lat="43.25361252" lon="-4.84752798"><ele>396.88</ele><time>2024-08-31T13:34:31Z</time></trkpt><trkpt lat="43.25361633" lon="-4.84754419"><ele>396.98</ele><time>2024-08-31T13:34:32Z</time></trkpt><trkpt lat="43.25362396" lon="-4.84756041"><ele>397.09</ele><time>2024-08-31T13:34:33Z</time></trkpt><trkpt lat="43.25362778" lon="-4.84757566"><ele>397.21</ele><time>2024-08-31T13:34:34Z</time></trkpt><trkpt lat="43.25363159" lon="-4.84758997"><ele>397.33</ele><time>2024-08-31T13:34:35Z</time></trkpt><trkpt lat="43.25363159" lon="-4.84760427"><ele>397.47</ele><time>2024-08-31T13:34:36Z</time></trkpt><trkpt lat="43.25363541" lon="-4.84761858"><ele>397.61</ele><time>2024-08-31T13:34:37Z</time></trkpt><trkpt lat="43.25363541" lon="-4.84763241"><ele>397.76</ele><time>2024-08-31T13:34:38Z</time></trkpt><trkpt lat="43.25363541" lon="-4.84764576"><ele>397.91</ele><time>2024-08-31T13:34:39Z</time></trkpt><trkpt lat="43.25363541" lon="-4.84765911"><ele>398.06</ele><time>2024-08-31T13:34:40Z</time></trkpt><trkpt lat="43.25363541" lon="-4.84767246"><ele>398.21</ele><time>2024-08-31T13:34:41Z</time></trkpt><trkpt lat="43.25363159" lon="-4.84768581"><ele>398.36</ele><time>2024-08-31T13:34:42Z</time></trkpt><trkpt lat="43.25363159" lon="-4.84769869"><ele>398.52</ele><time>2024-08-31T13:34:43Z</time></trkpt><trkpt lat="43.25363159" lon="-4.84771156"><ele>398.67</ele><time>2024-08-31T13:34:44Z</time></trkpt><trkpt lat="43.25363159" lon="-4.84772444"><ele>398.83</ele><time>2024-08-31T13:34:45Z</time></trkpt><trkpt lat="43.25362778" lon="-4.84773731"><ele>398.99</ele><time>2024-08-31T13:34:46Z</time></trkpt><trkpt lat="43.25362778" lon="-4.84774971"><ele>399.15</ele><time>2024-08-31T13:34:47Z</time></trkpt><trkpt lat="43.25362396" lon="-4.84776258"><ele>399.31</ele><time>2024-08-31T13:34:48Z</time></trkpt><trkpt lat="43.25362396" lon="-4.84777498"><ele>399.47</ele><time>2024-08-31T13:34:49Z</time></trkpt><trkpt lat="43.25362396" lon="-4.84778738"><ele>399.63</ele><time>2024-08-31T13:34:50Z</time></trkpt><trkpt lat="43.25362015" lon="-4.84779930"><ele>399.79</ele><time>2024-08-31T13:34:51Z</time></trkpt><trkpt lat="43.25362015" lon="-4.84781075"><ele>399.96</ele><time>2024-08-31T13:34:52Z</time></trkpt><trkpt lat="43.25362015" lon="-4.84782219"><ele>400.12</ele><time>2024-08-31T13:34:53Z</time></trkpt><trkpt lat="43.25361633" lon="-4.84783363"><ele>400.29</ele><time>2024-08-31T13:34:54Z</time></trkpt><trkpt lat="43.25361633" lon="-4.84784412"><ele>400.46</ele><time>2024-08-31T13:34:55Z</time></trkpt><trkpt lat="43.25361633" lon="-4.84785509"><ele>400.63</ele><time>2024-08-31T13:34:56Z</time></trkpt><trkpt lat="43.25361252" lon="-4.84786558"><ele>400.80</ele><time>2024-08-31T13:34:57Z</time></trkpt><trkpt lat="43.25361252" lon="-4.84787607"><ele>400.97</ele><time>2024-08-31T13:34:58Z</time></trkpt><trkpt lat="43.25361252" lon="-4.84788656"><ele>401.14</ele><time>2024-08-31T13:34:59Z</time></trkpt><trkpt lat="43.25360870" lon="-4.84789705"><ele>401.32</ele><time>2024-08-31T13:35:00Z</time></trkpt><trkpt lat="43.25360870" lon="-4.84790754"><ele>401.49</ele><time>2024-08-31T13:35:01Z</time></trkpt><trkpt lat="43.25360870" lon="-4.84791756"><ele>401.66</ele><time>2024-08-31T13:35:02Z</time></trkpt><trkpt lat="43.25360489" lon="-4.84792805"><ele>401.84</ele><time>2024-08-31T13:35:03Z</time></trkpt><trkpt lat="43.25360489" lon="-4.84793806"><ele>402.01</ele><time>2024-08-31T13:35:04Z</time></trkpt><trkpt lat="43.25360489" lon="-4.84794855"><ele>402.19</ele><time>2024-08-31T13:35:05Z</time></trkpt><trkpt lat="43.25360107" lon="-4.84795904"><ele>402.37</ele><time>2024-08-31T13:35:06Z</time></trkpt><trkpt lat="43.25359726" lon="-4.84797001"><ele>402.54</ele><time>2024-08-31T13:35:07Z</time></trkpt><trkpt lat="43.25359726" lon="-4.84798098"><ele>402.72</ele><time>2024-08-31T13:35:08Z</time></trkpt><trkpt lat="43.25359344" lon="-4.84799194"><ele>402.90</ele><time>2024-08-31T13:35:09Z</time></trkpt><trkpt lat="43.25358963" lon="-4.84800291"><ele>403.07</ele><time>2024-08-31T13:35:10Z</time></trkpt><trkpt lat="43.25358582" lon="-4.84801435"><ele>403.25</ele><time>2024-08-31T13:35:11Z</time></trkpt><trkpt lat="43.25358200" lon="-4.84802580"><ele>403.43</ele><time>2024-08-31T13:35:12Z</time></trkpt><trkpt lat="43.25358200" lon="-4.84803724"><ele>403.60</ele><time>2024-08-31T13:35:13Z</time></trkpt><trkpt lat="43.25357819" lon="-4.84804916"><ele>403.78</ele><time>2024-08-31T13:35:14Z</time></trkpt><trkpt lat="43.25357819" lon="-4.84806156"><ele>403.95</ele><time>2024-08-31T13:35:15Z</time></trkpt><trkpt lat="43.25357437" lon="-4.84807396"><ele>404.12</ele><time>2024-08-31T13:35:16Z</time></trkpt><trkpt lat="43.25357437" lon="-4.84808636"><ele>404.30</ele><time>2024-08-31T13:35:17Z</time></trkpt><trkpt lat="43.25357437" lon="-4.84809828"><ele>404.47</ele><time>2024-08-31T13:35:18Z</time></trkpt><trkpt lat="43.25357056" lon="-4.84811020"><ele>404.64</ele><time>2024-08-31T13:35:19Z</time></trkpt><trkpt lat="43.25357056" lon="-4.84812212"><ele>404.82</ele><time>2024-08-31T13:35:20Z</time></trkpt><trkpt lat="43.25357056" lon="-4.84813356"><ele>404.99</ele><time>2024-08-31T13:35:21Z</time></trkpt><trkpt lat="43.25357056" lon="-4.84814548"><ele>405.16</ele><time>2024-08-31T13:35:22Z</time></trkpt><trkpt lat="43.25356674" lon="-4.84815693"><ele>405.34</ele><time>2024-08-31T13:35:23Z</time></trkpt><trkpt lat="43.25356674" lon="-4.84816837"><ele>405.51</ele><time>2024-08-31T13:35:24Z</time></trkpt><trkpt lat="43.25356674" lon="-4.84818077"><ele>405.67</ele><time>2024-08-31T13:35:25Z</time></trkpt><trkpt lat="43.25356674" lon="-4.84819317"><ele>405.82</ele><time>2024-08-31T13:35:26Z</time></trkpt><trkpt lat="43.25357056" lon="-4.84820557"><ele>405.97</ele><time>2024-08-31T13:35:27Z</time></trkpt><trkpt lat="43.25357056" lon="-4.84821844"><ele>406.11</ele><time>2024-08-31T13:35:28Z</time></trkpt><trkpt lat="43.25357437" lon="-4.84823179"><ele>406.24</ele><time>2024-08-31T13:35:29Z</time></trkpt><trkpt lat="43.25357819" lon="-4.84824467"><ele>406.37</ele><time>2024-08-31T13:35:30Z</time></trkpt><trkpt lat="43.25358200" lon="-4.84825611"><ele>406.48</ele><time>2024-08-31T13:35:31Z</time></trkpt><trkpt lat="43.25358963" lon="-4.84826660"><ele>406.59</ele><time>2024-08-31T13:35:32Z</time></trkpt><trkpt lat="43.25359344" lon="-4.84827614"><ele>406.68</ele><time>2024-08-31T13:35:33Z</time></trkpt><trkpt lat="43.25360107" lon="-4.84828758"><ele>406.78</ele><time>2024-08-31T13:35:34Z</time></trkpt><trkpt lat="43.25360489" lon="-4.84830093"><ele>406.86</ele><time>2024-08-31T13:35:35Z</time></trkpt><trkpt lat="43.25360870" lon="-4.84831524"><ele>406.94</ele><time>2024-08-31T13:35:36Z</time></trkpt><trkpt lat="43.25360870" lon="-4.84833050"><ele>407.02</ele><time>2024-08-31T13:35:37Z</time></trkpt><trkpt lat="43.25361252" lon="-4.84834576"><ele>407.09</ele><time>2024-08-31T13:35:38Z</time></trkpt><trkpt lat="43.25361252" lon="-4.84836197"><ele>407.17</ele><time>2024-08-31T13:35:39Z</time></trkpt><trkpt lat="43.25360870" lon="-4.84837818"><ele>407.24</ele><time>2024-08-31T13:35:40Z</time></trkpt><trkpt lat="43.25360870" lon="-4.84839487"><ele>407.30</ele><time>2024-08-31T13:35:41Z</time></trkpt><trkpt lat="43.25360870" lon="-4.84841204"><ele>407.37</ele><time>2024-08-31T13:35:42Z</time></trkpt><trkpt lat="43.25360489" lon="-4.84842920"><ele>407.43</ele><time>2024-08-31T13:35:43Z</time></trkpt><trkpt lat="43.25360489" lon="-4.84844685"><ele>407.49</ele><time>2024-08-31T13:35:44Z</time></trkpt><trkpt lat="43.25360107" lon="-4.84846449"><ele>407.55</ele><time>2024-08-31T13:35:45Z</time></trkpt><trkpt lat="43.25359726" lon="-4.84848213"><ele>407.61</ele><time>2024-08-31T13:35:46Z</time></trkpt><trkpt lat="43.25359726" lon="-4.84849977"><ele>407.67</ele><time>2024-08-31T13:35:47Z</time></trkpt><trkpt lat="43.25359344" lon="-4.84851742"><ele>407.73</ele><time>2024-08-31T13:35:48Z</time></trkpt><trkpt lat="43.25358963" lon="-4.84853506"><ele>407.79</ele><time>2024-08-31T13:35:49Z</time></trkpt><trkpt lat="43.25358963" lon="-4.84855270"><ele>407.85</ele><time>2024-08-31T13:35:50Z</time></trkpt><trkpt lat="43.25358582" lon="-4.84857082"><ele>407.90</ele><time>2024-08-31T13:35:51Z</time></trkpt><trkpt lat="43.25358200" lon="-4.84858847"><ele>407.96</ele><time>2024-08-31T13:35:52Z</time></trkpt><trkpt lat="43.25357819" lon="-4.84860611"><ele>408.01</ele><time>2024-08-31T13:35:53Z</time></trkpt><trkpt lat="43.25357819" lon="-4.84862423"><ele>408.06</ele><time>2024-08-31T13:35:54Z</time></trkpt><trkpt lat="43.25357437" lon="-4.84864235"><ele>408.12</ele><time>2024-08-31T13:35:55Z</time></trkpt><trkpt lat="43.25357056" lon="-4.84865999"><ele>408.17</ele><time>2024-08-31T13:35:56Z</time></trkpt><trkpt lat="43.25356674" lon="-4.84867811"><ele>408.22</ele><time>2024-08-31T13:35:57Z</time></trkpt><trkpt lat="43.25356293" lon="-4.84869623"><ele>408.27</ele><time>2024-08-31T13:35:58Z</time></trkpt><trkpt lat="43.25356293" lon="-4.84871387"><ele>408.32</ele><time>2024-08-31T13:35:59Z</time></trkpt><trkpt lat="43.25355911" lon="-4.84873199"><ele>408.37</ele><time>2024-08-31T13:36:00Z</time></trkpt><trkpt lat="43.25355530" lon="-4.84875011"><ele>408.42</ele><time>2024-08-31T13:36:01Z</time></trkpt><trkpt lat="43.25355148" lon="-4.84876823"><ele>408.46</ele><time>2024-08-31T13:36:02Z</time></trkpt><trkpt lat="43.25354767" lon="-4.84878635"><ele>408.51</ele><time>2024-08-31T13:36:03Z</time></trkpt><trkpt lat="43.25354767" lon="-4.84880447"><ele>408.56</ele><time>2024-08-31T13:36:04Z</time></trkpt><trkpt lat="43.25354385" lon="-4.84882259"><ele>408.60</ele><time>2024-08-31T13:36:05Z</time></trkpt><trkpt lat="43.25354004" lon="-4.84884071"><ele>408.65</ele><time>2024-08-31T13:36:06Z</time></trkpt><trkpt lat="43.25353622" lon="-4.84885836"><ele>408.71</ele><time>2024-08-31T13:36:07Z</time></trkpt><trkpt lat="43.25353622" lon="-4.84887600"><ele>408.78</ele><time>2024-08-31T13:36:08Z</time></trkpt><trkpt lat="43.25353241" lon="-4.84889317"><ele>408.86</ele><time>2024-08-31T13:36:09Z</time></trkpt><trkpt lat="43.25352859" lon="-4.84891033"><ele>408.94</ele><time>2024-08-31T13:36:10Z</time></trkpt><trkpt lat="43.25352478" lon="-4.84892750"><ele>409.03</ele><time>2024-08-31T13:36:11Z</time></trkpt><trkpt lat="43.25352478" lon="-4.84894466"><ele>409.13</ele><time>2024-08-31T13:36:12Z</time></trkpt><trkpt lat="43.25352097" lon="-4.84896135"><ele>409.23</ele><time>2024-08-31T13:36:13Z</time></trkpt><trkpt lat="43.25352097" lon="-4.84897804"><ele>409.33</ele><time>2024-08-31T13:36:14Z</time></trkpt><trkpt lat="43.25351715" lon="-4.84899521"><ele>409.44</ele><time>2024-08-31T13:36:15Z</time></trkpt><trkpt lat="43.25351334" lon="-4.84901190"><ele>409.54</ele><time>2024-08-31T13:36:16Z</time></trkpt><trkpt lat="43.25351334" lon="-4.84902811"><ele>409.65</ele><time>2024-08-31T13:36:17Z</time></trkpt><trkpt lat="43.25350952" lon="-4.84904480"><ele>409.77</ele><time>2024-08-31T13:36:18Z</time></trkpt><trkpt lat="43.25350571" lon="-4.84906101"><ele>409.88</ele><time>2024-08-31T13:36:19Z</time></trkpt><trkpt lat="43.25350571" lon="-4.84907722"><ele>409.99</ele><time>2024-08-31T13:36:20Z</time></trkpt><trkpt lat="43.25350189" lon="-4.84909344"><ele>410.11</ele><time>2024-08-31T13:36:21Z</time></trkpt><trkpt lat="43.25349808" lon="-4.84910965"><ele>410.23</ele><time>2024-08-31T13:36:22Z</time></trkpt><trkpt lat="43.25349426" lon="-4.84912539"><ele>410.35</ele><time>2024-08-31T13:36:23Z</time></trkpt><trkpt lat="43.25349045" lon="-4.84914112"><ele>410.46</ele><time>2024-08-31T13:36:24Z</time></trkpt><trkpt lat="43.25348663" lon="-4.84915733"><ele>410.58</ele><time>2024-08-31T13:36:25Z</time></trkpt><trkpt lat="43.25348282" lon="-4.84917259"><ele>410.70</ele><time>2024-08-31T13:36:26Z</time></trkpt><trkpt lat="43.25347900" lon="-4.84918833"><ele>410.81</ele><time>2024-08-31T13:36:27Z</time></trkpt><trkpt lat="43.25347519" lon="-4.84920406"><ele>410.93</ele><time>2024-08-31T13:36:28Z</time></trkpt><trkpt lat="43.25347137" lon="-4.84921980"><ele>411.04</ele><time>2024-08-31T13:36:29Z</time></trkpt><trkpt lat="43.25346756" lon="-4.84923506"><ele>411.16</ele><time>2024-08-31T13:36:30Z</time></trkpt><trkpt lat="43.25346375" lon="-4.84925079"><ele>411.27</ele><time>2024-08-31T13:36:31Z</time></trkpt><trkpt lat="43.25345612" lon="-4.84926605"><ele>411.39</ele><time>2024-08-31T13:36:32Z</time></trkpt><trkpt lat="43.25345230" lon="-4.84928131"><ele>411.50</ele><time>2024-08-31T13:36:33Z</time></trkpt><trkpt lat="43.25344849" lon="-4.84929609"><ele>411.62</ele><time>2024-08-31T13:36:34Z</time></trkpt><trkpt lat="43.25344086" lon="-4.84931040"><ele>411.74</ele><time>2024-08-31T13:36:35Z</time></trkpt><trkpt lat="43.25343704" lon="-4.84932423"><ele>411.87</ele><time>2024-08-31T13:36:36Z</time></trkpt><trkpt lat="43.25342941" lon="-4.84933805"><ele>411.99</ele><time>2024-08-31T13:36:37Z</time></trkpt><trkpt lat="43.25342178" lon="-4.84935141"><ele>412.12</ele><time>2024-08-31T13:36:38Z</time></trkpt><trkpt lat="43.25341415" lon="-4.84936428"><ele>412.25</ele><time>2024-08-31T13:36:39Z</time></trkpt><trkpt lat="43.25340652" lon="-4.84937763"><ele>412.39</ele><time>2024-08-31T13:36:40Z</time></trkpt><trkpt lat="43.25339890" lon="-4.84939051"><ele>412.52</ele><time>2024-08-31T13:36:41Z</time></trkpt><trkpt lat="43.25339127" lon="-4.84940290"><ele>412.65</ele><time>2024-08-31T13:36:42Z</time></trkpt><trkpt lat="43.25338364" lon="-4.84941483"><ele>412.78</ele><time>2024-08-31T13:36:43Z</time></trkpt><trkpt lat="43.25337601" lon="-4.84942627"><ele>412.91</ele><time>2024-08-31T13:36:44Z</time></trkpt><trkpt lat="43.25336456" lon="-4.84943771"><ele>413.03</ele><time>2024-08-31T13:36:45Z</time></trkpt><trkpt lat="43.25335693" lon="-4.84944916"><ele>413.16</ele><time>2024-08-31T13:36:46Z</time></trkpt><trkpt lat="43.25334930" lon="-4.84946012"><ele>413.29</ele><time>2024-08-31T13:36:47Z</time></trkpt><trkpt lat="43.25334167" lon="-4.84947157"><ele>413.41</ele><time>2024-08-31T13:36:48Z</time></trkpt><trkpt lat="43.25333405" lon="-4.84948206"><ele>413.53</ele><time>2024-08-31T13:36:49Z</time></trkpt><trkpt lat="43.25332260" lon="-4.84949303"><ele>413.66</ele><time>2024-08-31T13:36:50Z</time></trkpt><trkpt lat="43.25331497" lon="-4.84950399"><ele>413.78</ele><time>2024-08-31T13:36:51Z</time></trkpt><trkpt lat="43.25330734" lon="-4.84951401"><ele>413.90</ele><time>2024-08-31T13:36:52Z</time></trkpt><trkpt lat="43.25329590" lon="-4.84952450"><ele>414.02</ele><time>2024-08-31T13:36:53Z</time></trkpt><trkpt lat="43.25328445" lon="-4.84953451"><ele>414.13</ele><time>2024-08-31T13:36:54Z</time></trkpt><trkpt lat="43.25327682" lon="-4.84954405"><ele>414.25</ele><time>2024-08-31T13:36:55Z</time></trkpt><trkpt lat="43.25326538" lon="-4.84955359"><ele>414.35</ele><time>2024-08-31T13:36:56Z</time></trkpt><trkpt lat="43.25325394" lon="-4.84956312"><ele>414.47</ele><time>2024-08-31T13:36:57Z</time></trkpt><trkpt lat="43.25324249" lon="-4.84957218"><ele>414.58</ele><time>2024-08-31T13:36:58Z</time></trkpt><trkpt lat="43.25323105" lon="-4.84958124"><ele>414.70</ele><time>2024-08-31T13:36:59Z</time></trkpt><trkpt lat="43.25322342" lon="-4.84959030"><ele>414.83</ele><time>2024-08-31T13:37:00Z</time></trkpt><trkpt lat="43.25321198" lon="-4.84959888"><ele>414.95</ele><time>2024-08-31T13:37:01Z</time></trkpt><trkpt lat="43.25320053" lon="-4.84960794"><ele>415.08</ele><time>2024-08-31T13:37:02Z</time></trkpt><trkpt lat="43.25319290" lon="-4.84961653"><ele>415.21</ele><time>2024-08-31T13:37:03Z</time></trkpt><trkpt lat="43.25318146" lon="-4.84962511"><ele>415.34</ele><time>2024-08-31T13:37:04Z</time></trkpt><trkpt lat="43.25317001" lon="-4.84963274"><ele>415.47</ele><time>2024-08-31T13:37:05Z</time></trkpt><trkpt lat="43.25316238" lon="-4.84963894"><ele>415.62</ele><time>2024-08-31T13:37:06Z</time></trkpt><trkpt lat="43.25315094" lon="-4.84964514"><ele>415.76</ele><time>2024-08-31T13:37:07Z</time></trkpt><trkpt lat="43.25314331" lon="-4.84965038"><ele>415.91</ele><time>2024-08-31T13:37:08Z</time></trkpt><trkpt lat="43.25313187" lon="-4.84965515"><ele>416.06</ele><time>2024-08-31T13:37:09Z</time></trkpt><trkpt lat="43.25312042" lon="-4.84965944"><ele>416.22</ele><time>2024-08-31T13:37:10Z</time></trkpt><trkpt lat="43.25311279" lon="-4.84966373"><ele>416.38</ele><time>2024-08-31T13:37:11Z</time></trkpt><trkpt lat="43.25310135" lon="-4.84966755"><ele>416.53</ele><time>2024-08-31T13:37:12Z</time></trkpt><trkpt lat="43.25309372" lon="-4.84967136"><ele>416.69</ele><time>2024-08-31T13:37:13Z</time></trkpt><trkpt lat="43.25308228" lon="-4.84967566"><ele>416.85</ele><time>2024-08-31T13:37:14Z</time></trkpt><trkpt lat="43.25307465" lon="-4.84967995"><ele>417.01</ele><time>2024-08-31T13:37:15Z</time></trkpt><trkpt lat="43.25306702" lon="-4.84968424"><ele>417.17</ele><time>2024-08-31T13:37:16Z</time></trkpt><trkpt lat="43.25305939" lon="-4.84968901"><ele>417.33</ele><time>2024-08-31T13:37:17Z</time></trkpt><trkpt lat="43.25305557" lon="-4.84969378"><ele>417.49</ele><time>2024-08-31T13:37:18Z</time></trkpt><trkpt lat="43.25304794" lon="-4.84969854"><ele>417.66</ele><time>2024-08-31T13:37:19Z</time></trkpt><trkpt lat="43.25304031" lon="-4.84970331"><ele>417.82</ele><time>2024-08-31T13:37:20Z</time></trkpt><trkpt lat="43.25303268" lon="-4.84970856"><ele>417.98</ele><time>2024-08-31T13:37:21Z</time></trkpt><trkpt lat="43.25302887" lon="-4.84971380"><ele>418.15</ele><time>2024-08-31T13:37:22Z</time></trkpt><trkpt lat="43.25302124" lon="-4.84971857"><ele>418.31</ele><time>2024-08-31T13:37:23Z</time></trkpt><trkpt lat="43.25301743" lon="-4.84972429"><ele>418.48</ele><time>2024-08-31T13:37:24Z</time></trkpt><trkpt lat="43.25301743" lon="-4.84973001"><ele>418.66</ele><time>2024-08-31T13:37:25Z</time></trkpt><trkpt lat="43.25301361" lon="-4.84973621"><ele>418.83</ele><time>2024-08-31T13:37:26Z</time></trkpt><trkpt lat="43.25301361" lon="-4.84974241"><ele>419.01</ele><time>2024-08-31T13:37:27Z</time></trkpt><trkpt lat="43.25301361" lon="-4.84974861"><ele>419.20</ele><time>2024-08-31T13:37:28Z</time></trkpt><trkpt lat="43.25301743" lon="-4.84975481"><ele>419.38</ele><time>2024-08-31T13:37:29Z</time></trkpt><trkpt lat="43.25301743" lon="-4.84976101"><ele>419.56</ele><time>2024-08-31T13:37:30Z</time></trkpt><trkpt lat="43.25302124" lon="-4.84976721"><ele>419.75</ele><time>2024-08-31T13:37:31Z</time></trkpt><trkpt lat="43.25302505" lon="-4.84977341"><ele>419.93</ele><time>2024-08-31T13:37:32Z</time></trkpt><trkpt lat="43.25302505" lon="-4.84978008"><ele>420.12</ele><time>2024-08-31T13:37:33Z</time></trkpt><trkpt lat="43.25302887" lon="-4.84978628"><ele>420.30</ele><time>2024-08-31T13:37:34Z</time></trkpt><trkpt lat="43.25303268" lon="-4.84979248"><ele>420.48</ele><time>2024-08-31T13:37:35Z</time></trkpt><trkpt lat="43.25303650" lon="-4.84979916"><ele>420.66</ele><time>2024-08-31T13:37:36Z</time></trkpt><trkpt lat="43.25303650" lon="-4.84980536"><ele>420.84</ele><time>2024-08-31T13:37:37Z</time></trkpt><trkpt lat="43.25304031" lon="-4.84981155"><ele>421.02</ele><time>2024-08-31T13:37:38Z</time></trkpt><trkpt lat="43.25304031" lon="-4.84981775"><ele>421.19</ele><time>2024-08-31T13:37:39Z</time></trkpt><trkpt lat="43.25304031" lon="-4.84982395"><ele>421.36</ele><time>2024-08-31T13:37:40Z</time></trkpt><trkpt lat="43.25304031" lon="-4.84982967"><ele>421.53</ele><time>2024-08-31T13:37:41Z</time></trkpt><trkpt lat="43.25304031" lon="-4.84983587"><ele>421.70</ele><time>2024-08-31T13:37:42Z</time></trkpt><trkpt lat="43.25303650" lon="-4.84984159"><ele>421.87</ele><time>2024-08-31T13:37:43Z</time></trkpt><trkpt lat="43.25303650" lon="-4.84984732"><ele>422.03</ele><time>2024-08-31T13:37:44Z</time></trkpt><trkpt lat="43.25303650" lon="-4.84985352"><ele>422.20</ele><time>2024-08-31T13:37:45Z</time></trkpt><trkpt lat="43.25303650" lon="-4.84985924"><ele>422.36</ele><time>2024-08-31T13:37:46Z</time></trkpt><trkpt lat="43.25303268" lon="-4.84986544"><ele>422.52</ele><time>2024-08-31T13:37:47Z</time></trkpt><trkpt lat="43.25303268" lon="-4.84987116"><ele>422.69</ele><time>2024-08-31T13:37:48Z</time></trkpt><trkpt lat="43.25303268" lon="-4.84987640"><ele>422.86</ele><time>2024-08-31T13:37:49Z</time></trkpt><trkpt lat="43.25303268" lon="-4.84988213"><ele>423.03</ele><time>2024-08-31T13:37:50Z</time></trkpt><trkpt lat="43.25302887" lon="-4.84988737"><ele>423.20</ele><time>2024-08-31T13:37:51Z</time></trkpt><trkpt lat="43.25302887" lon="-4.84989309"><ele>423.37</ele><time>2024-08-31T13:37:52Z</time></trkpt><trkpt lat="43.25302887" lon="-4.84989834"><ele>423.54</ele><time>2024-08-31T13:37:53Z</time></trkpt><trkpt lat="43.25302887" lon="-4.84990358"><ele>423.71</ele><time>2024-08-31T13:37:54Z</time></trkpt><trkpt lat="43.25302887" lon="-4.84990883"><ele>423.88</ele><time>2024-08-31T13:37:55Z</time></trkpt><trkpt lat="43.25302505" lon="-4.84991360"><ele>424.05</ele><time>2024-08-31T13:37:56Z</time></trkpt><trkpt lat="43.25302505" lon="-4.84991837"><ele>424.21</ele><time>2024-08-31T13:37:57Z</time></trkpt><trkpt lat="43.25302505" lon="-4.84992313"><ele>424.38</ele><time>2024-08-31T13:37:58Z</time></trkpt><trkpt lat="43.25302887" lon="-4.84992695"><ele>424.54</ele><time>2024-08-31T13:37:59Z</time></trkpt><trkpt lat="43.25302887" lon="-4.84993124"><ele>424.70</ele><time>2024-08-31T13:38:00Z</time></trkpt><trkpt lat="43.25302887" lon="-4.84993505"><ele>424.86</ele><time>2024-08-31T13:38:01Z</time></trkpt><trkpt lat="43.25302887" lon="-4.84993887"><ele>425.02</ele><time>2024-08-31T13:38:02Z</time></trkpt><trkpt lat="43.25303268" lon="-4.84994268"><ele>425.18</ele><time>2024-08-31T13:38:03Z</time></trkpt><trkpt lat="43.25303268" lon="-4.84994602"><ele>425.34</ele><time>2024-08-31T13:38:04Z</time></trkpt><trkpt lat="43.25303650" lon="-4.84994984"><ele>425.50</ele><time>2024-08-31T13:38:05Z</time></trkpt><trkpt lat="43.25303650" lon="-4.84995317"><ele>425.66</ele><time>2024-08-31T13:38:06Z</time></trkpt><trkpt lat="43.25303650" lon="-4.84995794"><ele>425.82</ele><time>2024-08-31T13:38:07Z</time></trkpt><trkpt lat="43.25303650" lon="-4.84996319"><ele>425.99</ele><time>2024-08-31T13:38:08Z</time></trkpt><trkpt lat="43.25304031" lon="-4.84996939"><ele>426.16</ele><time>2024-08-31T13:38:09Z</time></trkpt><trkpt lat="43.25303650" lon="-4.84997606"><ele>426.33</ele><time>2024-08-31T13:38:10Z</time></trkpt><trkpt lat="43.25303650" lon="-4.84998274"><ele>426.50</ele><time>2024-08-31T13:38:11Z</time></trkpt><trkpt lat="43.25303650" lon="-4.84999037"><ele>426.68</ele><time>2024-08-31T13:38:12Z</time></trkpt><trkpt lat="43.25303650" lon="-4.84999752"><ele>426.85</ele><time>2024-08-31T13:38:13Z</time></trkpt><trkpt lat="43.25303650" lon="-4.85000563"><ele>427.02</ele><time>2024-08-31T13:38:14Z</time></trkpt><trkpt lat="43.25303268" lon="-4.85001373"><ele>427.19</ele><time>2024-08-31T13:38:15Z</time></trkpt><trkpt lat="43.25303268" lon="-4.85002184"><ele>427.37</ele><time>2024-08-31T13:38:16Z</time></trkpt><trkpt lat="43.25302887" lon="-4.85003042"><ele>427.54</ele><time>2024-08-31T13:38:17Z</time></trkpt><trkpt lat="43.25302887" lon="-4.85003996"><ele>427.70</ele><time>2024-08-31T13:38:18Z</time></trkpt><trkpt lat="43.25302887" lon="-4.85005045"><ele>427.87</ele><time>2024-08-31T13:38:19Z</time></trkpt><trkpt lat="43.25302505" lon="-4.85006189"><ele>428.02</ele><time>2024-08-31T13:38:20Z</time></trkpt><trkpt lat="43.25302505" lon="-4.85007334"><ele>428.18</ele><time>2024-08-31T13:38:21Z</time></trkpt><trkpt lat="43.25302505" lon="-4.85008574"><ele>428.33</ele><time>2024-08-31T13:38:22Z</time></trkpt><trkpt lat="43.25302124" lon="-4.85009861"><ele>428.48</ele><time>2024-08-31T13:38:23Z</time></trkpt><trkpt lat="43.25302124" lon="-4.85011148"><ele>428.63</ele><time>2024-08-31T13:38:24Z</time></trkpt><trkpt lat="43.25302124" lon="-4.85012484"><ele>428.77</ele><time>2024-08-31T13:38:25Z</time></trkpt><trkpt lat="43.25301743" lon="-4.85013819"><ele>428.92</ele><time>2024-08-31T13:38:26Z</time></trkpt><trkpt lat="43.25301743" lon="-4.85015202"><ele>429.06</ele><time>2024-08-31T13:38:27Z</time></trkpt><trkpt lat="43.25301743" lon="-4.85016584"><ele>429.20</ele><time>2024-08-31T13:38:28Z</time></trkpt><trkpt lat="43.25301743" lon="-4.85017967"><ele>429.34</ele><time>2024-08-31T13:38:29Z</time></trkpt><trkpt lat="43.25301361" lon="-4.85019398"><ele>429.48</ele><time>2024-08-31T13:38:30Z</time></trkpt><trkpt lat="43.25301361" lon="-4.85020828"><ele>429.62</ele><time>2024-08-31T13:38:31Z</time></trkpt><trkpt lat="43.25301361" lon="-4.85022259"><ele>429.76</ele><time>2024-08-31T13:38:32Z</time></trkpt><trkpt lat="43.25300980" lon="-4.85023737"><ele>429.90</ele><time>2024-08-31T13:38:33Z</time></trkpt><trkpt lat="43.25300980" lon="-4.85025215"><ele>430.03</ele><time>2024-08-31T13:38:34Z</time></trkpt><trkpt lat="43.25300980" lon="-4.85026693"><ele>430.17</ele><time>2024-08-31T13:38:35Z</time></trkpt><trkpt lat="43.25300598" lon="-4.85028172"><ele>430.30</ele><time>2024-08-31T13:38:36Z</time></trkpt><trkpt lat="43.25300598" lon="-4.85029650"><ele>430.44</ele><time>2024-08-31T13:38:37Z</time></trkpt><trkpt lat="43.25300598" lon="-4.85031128"><ele>430.57</ele><time>2024-08-31T13:38:38Z</time></trkpt><trkpt lat="43.25300217" lon="-4.85032606"><ele>430.70</ele><time>2024-08-31T13:38:39Z</time></trkpt><trkpt lat="43.25300217" lon="-4.85034084"><ele>430.84</ele><time>2024-08-31T13:38:40Z</time></trkpt><trkpt lat="43.25299835" lon="-4.85035515"><ele>430.99</ele><time>2024-08-31T13:38:41Z</time></trkpt><trkpt lat="43.25299454" lon="-4.85036945"><ele>431.15</ele><time>2024-08-31T13:38:42Z</time></trkpt><trkpt lat="43.25299454" lon="-4.85038376"><ele>431.30</ele><time>2024-08-31T13:38:43Z</time></trkpt><trkpt lat="43.25299072" lon="-4.85039759"><ele>431.46</ele><time>2024-08-31T13:38:44Z</time></trkpt><trkpt lat="43.25298691" lon="-4.85041142"><ele>431.62</ele><time>2024-08-31T13:38:45Z</time></trkpt><trkpt lat="43.25298309" lon="-4.85042524"><ele>431.79</ele><time>2024-08-31T13:38:46Z</time></trkpt><trkpt lat="43.25297928" lon="-4.85043907"><ele>431.95</ele><time>2024-08-31T13:38:47Z</time></trkpt><trkpt lat="43.25297928" lon="-4.85045290"><ele>432.12</ele><time>2024-08-31T13:38:48Z</time></trkpt><trkpt lat="43.25297546" lon="-4.85046673"><ele>432.28</ele><time>2024-08-31T13:38:49Z</time></trkpt><trkpt lat="43.25297165" lon="-4.85048056"><ele>432.45</ele><time>2024-08-31T13:38:50Z</time></trkpt><trkpt lat="43.25296783" lon="-4.85049438"><ele>432.62</ele><time>2024-08-31T13:38:51Z</time></trkpt><trkpt lat="43.25296402" lon="-4.85050821"><ele>432.79</ele><time>2024-08-31T13:38:52Z</time></trkpt><trkpt lat="43.25296021" lon="-4.85052204"><ele>432.96</ele><time>2024-08-31T13:38:53Z</time></trkpt><trkpt lat="43.25295639" lon="-4.85053587"><ele>433.13</ele><time>2024-08-31T13:38:54Z</time></trkpt><trkpt lat="43.25295258" lon="-4.85054874"><ele>433.30</ele><time>2024-08-31T13:38:55Z</time></trkpt><trkpt lat="43.25294495" lon="-4.85056210"><ele>433.47</ele><time>2024-08-31T13:38:56Z</time></trkpt><trkpt lat="43.25294113" lon="-4.85057497"><ele>433.64</ele><time>2024-08-31T13:38:57Z</time></trkpt><trkpt lat="43.25293732" lon="-4.85058784"><ele>433.81</ele><time>2024-08-31T13:38:58Z</time></trkpt><trkpt lat="43.25293350" lon="-4.85060024"><ele>433.98</ele><time>2024-08-31T13:38:59Z</time></trkpt><trkpt lat="43.25292969" lon="-4.85061312"><ele>434.15</ele><time>2024-08-31T13:39:00Z</time></trkpt><trkpt lat="43.25292587" lon="-4.85062551"><ele>434.32</ele><time>2024-08-31T13:39:01Z</time></trkpt><trkpt lat="43.25291824" lon="-4.85063839"><ele>434.49</ele><time>2024-08-31T13:39:02Z</time></trkpt><trkpt lat="43.25291443" lon="-4.85065079"><ele>434.66</ele><time>2024-08-31T13:39:03Z</time></trkpt><trkpt lat="43.25291061" lon="-4.85066319"><ele>434.83</ele><time>2024-08-31T13:39:04Z</time></trkpt><trkpt lat="43.25290680" lon="-4.85067558"><ele>435.00</ele><time>2024-08-31T13:39:05Z</time></trkpt><trkpt lat="43.25289917" lon="-4.85068798"><ele>435.17</ele><time>2024-08-31T13:39:06Z</time></trkpt><trkpt lat="43.25289536" lon="-4.85070038"><ele>435.34</ele><time>2024-08-31T13:39:07Z</time></trkpt><trkpt lat="43.25289154" lon="-4.85071278"><ele>435.51</ele><time>2024-08-31T13:39:08Z</time></trkpt><trkpt lat="43.25288773" lon="-4.85072517"><ele>435.68</ele><time>2024-08-31T13:39:09Z</time></trkpt><trkpt lat="43.25288010" lon="-4.85073709"><ele>435.86</ele><time>2024-08-31T13:39:10Z</time></trkpt><trkpt lat="43.25287628" lon="-4.85074902"><ele>436.03</ele><time>2024-08-31T13:39:11Z</time></trkpt><trkpt lat="43.25287247" lon="-4.85076094"><ele>436.21</ele><time>2024-08-31T13:39:12Z</time></trkpt><trkpt lat="43.25286865" lon="-4.85077238"><ele>436.39</ele><time>2024-08-31T13:39:13Z</time></trkpt><trkpt lat="43.25286484" lon="-4.85078382"><ele>436.57</ele><time>2024-08-31T13:39:14Z</time></trkpt><trkpt lat="43.25285721" lon="-4.85079527"><ele>436.74</ele><time>2024-08-31T13:39:15Z</time></trkpt><trkpt lat="43.25285339" lon="-4.85080671"><ele>436.92</ele><time>2024-08-31T13:39:16Z</time></trkpt><trkpt lat="43.25284958" lon="-4.85081768"><ele>437.10</ele><time>2024-08-31T13:39:17Z</time></trkpt><trkpt lat="43.25284576" lon="-4.85082912"><ele>437.28</ele><time>2024-08-31T13:39:18Z</time></trkpt><trkpt lat="43.25284195" lon="-4.85084009"><ele>437.46</ele><time>2024-08-31T13:39:19Z</time></trkpt><trkpt lat="43.25283813" lon="-4.85085154"><ele>437.64</ele><time>2024-08-31T13:39:20Z</time></trkpt><trkpt lat="43.25283432" lon="-4.85086250"><ele>437.82</ele><time>2024-08-31T13:39:21Z</time></trkpt><trkpt lat="43.25282669" lon="-4.85087395"><ele>438.00</ele><time>2024-08-31T13:39:22Z</time></trkpt><trkpt lat="43.25282288" lon="-4.85088587"><ele>438.18</ele><time>2024-08-31T13:39:23Z</time></trkpt><trkpt lat="43.25281906" lon="-4.85089731"><ele>438.36</ele><time>2024-08-31T13:39:24Z</time></trkpt><trkpt lat="43.25281143" lon="-4.85090971"><ele>438.54</ele><time>2024-08-31T13:39:25Z</time></trkpt><trkpt lat="43.25280762" lon="-4.85092163"><ele>438.72</ele><time>2024-08-31T13:39:26Z</time></trkpt><trkpt lat="43.25280380" lon="-4.85093355"><ele>438.90</ele><time>2024-08-31T13:39:27Z</time></trkpt><trkpt lat="43.25279617" lon="-4.85094595"><ele>439.08</ele><time>2024-08-31T13:39:28Z</time></trkpt><trkpt lat="43.25279236" lon="-4.85095835"><ele>439.27</ele><time>2024-08-31T13:39:29Z</time></trkpt><trkpt lat="43.25278854" lon="-4.85097075"><ele>439.45</ele><time>2024-08-31T13:39:30Z</time></trkpt><trkpt lat="43.25278091" lon="-4.85098314"><ele>439.63</ele><time>2024-08-31T13:39:31Z</time></trkpt><trkpt lat="43.25277710" lon="-4.85099554"><ele>439.81</ele><time>2024-08-31T13:39:32Z</time></trkpt><trkpt lat="43.25276947" lon="-4.85100794"><ele>439.99</ele><time>2024-08-31T13:39:33Z</time></trkpt><trkpt lat="43.25276566" lon="-4.85102081"><ele>440.17</ele><time>2024-08-31T13:39:34Z</time></trkpt><trkpt lat="43.25276184" lon="-4.85103321"><ele>440.36</ele><time>2024-08-31T13:39:35Z</time></trkpt><trkpt lat="43.25275421" lon="-4.85104561"><ele>440.54</ele><time>2024-08-31T13:39:36Z</time></trkpt><trkpt lat="43.25275040" lon="-4.85105848"><ele>440.72</ele><time>2024-08-31T13:39:37Z</time></trkpt><trkpt lat="43.25274277" lon="-4.85107088"><ele>440.91</ele><time>2024-08-31T13:39:38Z</time></trkpt><trkpt lat="43.25273895" lon="-4.85108376"><ele>441.09</ele><time>2024-08-31T13:39:39Z</time></trkpt><trkpt lat="43.25273514" lon="-4.85109615"><ele>441.28</ele><time>2024-08-31T13:39:40Z</time></trkpt><trkpt lat="43.25272751" lon="-4.85110855"><ele>441.47</ele><time>2024-08-31T13:39:41Z</time></trkpt><trkpt lat="43.25272369" lon="-4.85112143"><ele>441.66</ele><time>2024-08-31T13:39:42Z</time></trkpt><trkpt lat="43.25271606" lon="-4.85113382"><ele>441.84</ele><time>2024-08-31T13:39:43Z</time></trkpt><trkpt lat="43.25271225" lon="-4.85114670"><ele>442.03</ele><time>2024-08-31T13:39:44Z</time></trkpt><trkpt lat="43.25270844" lon="-4.85115957"><ele>442.22</ele><time>2024-08-31T13:39:45Z</time></trkpt><trkpt lat="43.25270081" lon="-4.85117197"><ele>442.41</ele><time>2024-08-31T13:39:46Z</time></trkpt><trkpt lat="43.25269699" lon="-4.85118484"><ele>442.60</ele><time>2024-08-31T13:39:47Z</time></trkpt><trkpt lat="43.25268936" lon="-4.85119724"><ele>442.79</ele><time>2024-08-31T13:39:48Z</time></trkpt><trkpt lat="43.25268555" lon="-4.85121012"><ele>442.98</ele><time>2024-08-31T13:39:49Z</time></trkpt><trkpt lat="43.25268173" lon="-4.85122299"><ele>443.17</ele><time>2024-08-31T13:39:50Z</time></trkpt><trkpt lat="43.25267410" lon="-4.85123539"><ele>443.36</ele><time>2024-08-31T13:39:51Z</time></trkpt><trkpt lat="43.25267029" lon="-4.85124779"><ele>443.55</ele><time>2024-08-31T13:39:52Z</time></trkpt><trkpt lat="43.25266266" lon="-4.85126019"><ele>443.74</ele><time>2024-08-31T13:39:53Z</time></trkpt><trkpt lat="43.25265884" lon="-4.85127258"><ele>443.92</ele><time>2024-08-31T13:39:54Z</time></trkpt><trkpt lat="43.25265121" lon="-4.85128498"><ele>444.11</ele><time>2024-08-31T13:39:55Z</time></trkpt><trkpt lat="43.25264740" lon="-4.85129690"><ele>444.30</ele><time>2024-08-31T13:39:56Z</time></trkpt><trkpt lat="43.25263977" lon="-4.85130930"><ele>444.49</ele><time>2024-08-31T13:39:57Z</time></trkpt><trkpt lat="43.25263596" lon="-4.85132122"><ele>444.68</ele><time>2024-08-31T13:39:58Z</time></trkpt><trkpt lat="43.25262833" lon="-4.85133362"><ele>444.87</ele><time>2024-08-31T13:39:59Z</time></trkpt><trkpt lat="43.25262070" lon="-4.85134554"><ele>445.06</ele><time>2024-08-31T13:40:00Z</time></trkpt><trkpt lat="43.25261688" lon="-4.85135746"><ele>445.25</ele><time>2024-08-31T13:40:01Z</time></trkpt><trkpt lat="43.25260925" lon="-4.85136986"><ele>445.43</ele><time>2024-08-31T13:40:02Z</time></trkpt><trkpt lat="43.25260544" lon="-4.85138178"><ele>445.62</ele><time>2024-08-31T13:40:03Z</time></trkpt><trkpt lat="43.25259781" lon="-4.85139418"><ele>445.81</ele><time>2024-08-31T13:40:04Z</time></trkpt><trkpt lat="43.25259399" lon="-4.85140610"><ele>446.00</ele><time>2024-08-31T13:40:05Z</time></trkpt><trkpt lat="43.25258636" lon="-4.85141802"><ele>446.18</ele><time>2024-08-31T13:40:06Z</time></trkpt><trkpt lat="43.25257874" lon="-4.85142994"><ele>446.37</ele><time>2024-08-31T13:40:07Z</time></trkpt><trkpt lat="43.25257492" lon="-4.85144186"><ele>446.55</ele><time>2024-08-31T13:40:08Z</time></trkpt><trkpt lat="43.25256729" lon="-4.85145330"><ele>446.73</ele><time>2024-08-31T13:40:09Z</time></trkpt><trkpt lat="43.25255966" lon="-4.85146523"><ele>446.91</ele><time>2024-08-31T13:40:10Z</time></trkpt><trkpt lat="43.25255585" lon="-4.85147715"><ele>447.09</ele><time>2024-08-31T13:40:11Z</time></trkpt><trkpt lat="43.25254822" lon="-4.85148859"><ele>447.27</ele><time>2024-08-31T13:40:12Z</time></trkpt><trkpt lat="43.25254059" lon="-4.85150051"><ele>447.44</ele><time>2024-08-31T13:40:13Z</time></trkpt><trkpt lat="43.25253677" lon="-4.85151196"><ele>447.62</ele><time>2024-08-31T13:40:14Z</time></trkpt><trkpt lat="43.25252914" lon="-4.85152388"><ele>447.80</ele><time>2024-08-31T13:40:15Z</time></trkpt><trkpt lat="43.25252151" lon="-4.85153532"><ele>447.97</ele><time>2024-08-31T13:40:16Z</time></trkpt><trkpt lat="43.25251770" lon="-4.85154676"><ele>448.15</ele><time>2024-08-31T13:40:17Z</time></trkpt><trkpt lat="43.25251007" lon="-4.85155869"><ele>448.33</ele><time>2024-08-31T13:40:18Z</time></trkpt><trkpt lat="43.25250244" lon="-4.85157013"><ele>448.50</ele><time>2024-08-31T13:40:19Z</time></trkpt><trkpt lat="43.25249481" lon="-4.85158205"><ele>448.68</ele><time>2024-08-31T13:40:20Z</time></trkpt><trkpt lat="43.25249100" lon="-4.85159254"><ele>448.85</ele><time>2024-08-31T13:40:21Z</time></trkpt><trkpt lat="43.25248337" lon="-4.85160255"><ele>449.02</ele><time>2024-08-31T13:40:22Z</time></trkpt><trkpt lat="43.25247192" lon="-4.85161209"><ele>449.20</ele><time>2024-08-31T13:40:23Z</time></trkpt><trkpt lat="43.25246429" lon="-4.85162115"><ele>449.37</ele><time>2024-08-31T13:40:24Z</time></trkpt><trkpt lat="43.25245667" lon="-4.85162973"><ele>449.54</ele><time>2024-08-31T13:40:25Z</time></trkpt><trkpt lat="43.25244904" lon="-4.85163784"><ele>449.70</ele><time>2024-08-31T13:40:26Z</time></trkpt><trkpt lat="43.25243759" lon="-4.85164595"><ele>449.87</ele><time>2024-08-31T13:40:27Z</time></trkpt><trkpt lat="43.25242996" lon="-4.85165358"><ele>450.03</ele><time>2024-08-31T13:40:28Z</time></trkpt><trkpt lat="43.25241852" lon="-4.85166073"><ele>450.19</ele><time>2024-08-31T13:40:29Z</time></trkpt><trkpt lat="43.25241089" lon="-4.85166788"><ele>450.34</ele><time>2024-08-31T13:40:30Z</time></trkpt><trkpt lat="43.25239944" lon="-4.85167456"><ele>450.50</ele><time>2024-08-31T13:40:31Z</time></trkpt><trkpt lat="43.25239182" lon="-4.85168123"><ele>450.65</ele><time>2024-08-31T13:40:32Z</time></trkpt><trkpt lat="43.25238037" lon="-4.85168791"><ele>450.81</ele><time>2024-08-31T13:40:33Z</time></trkpt><trkpt lat="43.25237274" lon="-4.85169411"><ele>450.96</ele><time>2024-08-31T13:40:34Z</time></trkpt><trkpt lat="43.25236130" lon="-4.85169935"><ele>451.12</ele><time>2024-08-31T13:40:35Z</time></trkpt><trkpt lat="43.25235367" lon="-4.85170412"><ele>451.28</ele><time>2024-08-31T13:40:36Z</time></trkpt><trkpt lat="43.25234222" lon="-4.85170889"><ele>451.43</ele><time>2024-08-31T13:40:37Z</time></trkpt><trkpt lat="43.25233459" lon="-4.85171366"><ele>451.59</ele><time>2024-08-31T13:40:38Z</time></trkpt><trkpt lat="43.25232315" lon="-4.85171747"><ele>451.75</ele><time>2024-08-31T13:40:39Z</time></trkpt><trkpt lat="43.25231552" lon="-4.85172176"><ele>451.91</ele><time>2024-08-31T13:40:40Z</time></trkpt><trkpt lat="43.25230408" lon="-4.85172558"><ele>452.06</ele><time>2024-08-31T13:40:41Z</time></trkpt><trkpt lat="43.25229645" lon="-4.85172939"><ele>452.22</ele><time>2024-08-31T13:40:42Z</time></trkpt><trkpt lat="43.25228500" lon="-4.85173321"><ele>452.38</ele><time>2024-08-31T13:40:43Z</time></trkpt><trkpt lat="43.25227737" lon="-4.85173655"><ele>452.54</ele><time>2024-08-31T13:40:44Z</time></trkpt><trkpt lat="43.25226593" lon="-4.85174036"><ele>452.70</ele><time>2024-08-31T13:40:45Z</time></trkpt><trkpt lat="43.25225830" lon="-4.85174370"><ele>452.86</ele><time>2024-08-31T13:40:46Z</time></trkpt><trkpt lat="43.25224686" lon="-4.85174704"><ele>453.02</ele><time>2024-08-31T13:40:47Z</time></trkpt><trkpt lat="43.25223923" lon="-4.85175037"><ele>453.19</ele><time>2024-08-31T13:40:48Z</time></trkpt><trkpt lat="43.25222778" lon="-4.85175371"><ele>453.35</ele><time>2024-08-31T13:40:49Z</time></trkpt><trkpt lat="43.25222015" lon="-4.85175705"><ele>453.51</ele><time>2024-08-31T13:40:50Z</time></trkpt><trkpt lat="43.25220871" lon="-4.85176086"><ele>453.67</ele><time>2024-08-31T13:40:51Z</time></trkpt><trkpt lat="43.25220108" lon="-4.85176420"><ele>453.83</ele><time>2024-08-31T13:40:52Z</time></trkpt><trkpt lat="43.25219345" lon="-4.85176754"><ele>453.99</ele><time>2024-08-31T13:40:53Z</time></trkpt><trkpt lat="43.25218582" lon="-4.85177088"><ele>454.14</ele><time>2024-08-31T13:40:54Z</time></trkpt><trkpt lat="43.25217819" lon="-4.85177422"><ele>454.28</ele><time>2024-08-31T13:40:55Z</time></trkpt><trkpt lat="43.25217438" lon="-4.85177803"><ele>454.42</ele><time>2024-08-31T13:40:56Z</time></trkpt><trkpt lat="43.25216675" lon="-4.85178137"><ele>454.55</ele><time>2024-08-31T13:40:57Z</time></trkpt><trkpt lat="43.25216293" lon="-4.85178471"><ele>454.67</ele><time>2024-08-31T13:40:58Z</time></trkpt><trkpt lat="43.25215912" lon="-4.85178804"><ele>454.79</ele><time>2024-08-31T13:40:59Z</time></trkpt><trkpt lat="43.25215530" lon="-4.85179138"><ele>454.91</ele><time>2024-08-31T13:41:00Z</time></trkpt><trkpt lat="43.25215149" lon="-4.85179472"><ele>455.03</ele><time>2024-08-31T13:41:01Z</time></trkpt><trkpt lat="43.25214386" lon="-4.85179806"><ele>455.14</ele><time>2024-08-31T13:41:02Z</time></trkpt><trkpt lat="43.25214386" lon="-4.85180187"><ele>455.24</ele><time>2024-08-31T13:41:03Z</time></trkpt><trkpt lat="43.25214005" lon="-4.85180521"><ele>455.34</ele><time>2024-08-31T13:41:04Z</time></trkpt><trkpt lat="43.25213623" lon="-4.85180855"><ele>455.44</ele><time>2024-08-31T13:41:05Z</time></trkpt><trkpt lat="43.25213242" lon="-4.85181189"><ele>455.54</ele><time>2024-08-31T13:41:06Z</time></trkpt><trkpt lat="43.25212860" lon="-4.85181475"><ele>455.63</ele><time>2024-08-31T13:41:07Z</time></trkpt><trkpt lat="43.25212479" lon="-4.85181808"><ele>455.72</ele><time>2024-08-31T13:41:08Z</time></trkpt><trkpt lat="43.25212097" lon="-4.85182142"><ele>455.81</ele><time>2024-08-31T13:41:09Z</time></trkpt><trkpt lat="43.25212097" lon="-4.85182476"><ele>455.90</ele><time>2024-08-31T13:41:10Z</time></trkpt><trkpt lat="43.25211716" lon="-4.85182810"><ele>455.98</ele><time>2024-08-31T13:41:11Z</time></trkpt><trkpt lat="43.25211334" lon="-4.85183096"><ele>456.07</ele><time>2024-08-31T13:41:12Z</time></trkpt><trkpt lat="43.25210953" lon="-4.85183430"><ele>456.15</ele><time>2024-08-31T13:41:13Z</time></trkpt><trkpt lat="43.25210953" lon="-4.85183764"><ele>456.22</ele><time>2024-08-31T13:41:14Z</time></trkpt><trkpt lat="43.25210571" lon="-4.85184050"><ele>456.30</ele><time>2024-08-31T13:41:15Z</time></trkpt><trkpt lat="43.25210190" lon="-4.85184383"><ele>456.37</ele><time>2024-08-31T13:41:16Z</time></trkpt><trkpt lat="43.25210190" lon="-4.85184669"><ele>456.45</ele><time>2024-08-31T13:41:17Z</time></trkpt><trkpt lat="43.25209808" lon="-4.85185003"><ele>456.52</ele><time>2024-08-31T13:41:18Z</time></trkpt><trkpt lat="43.25209427" lon="-4.85185289"><ele>456.59</ele><time>2024-08-31T13:41:19Z</time></trkpt><trkpt lat="43.25209427" lon="-4.85185623"><ele>456.66</ele><time>2024-08-31T13:41:20Z</time></trkpt><trkpt lat="43.25209045" lon="-4.85185909"><ele>456.72</ele><time>2024-08-31T13:41:21Z</time></trkpt><trkpt lat="43.25209045" lon="-4.85186195"><ele>456.79</ele><time>2024-08-31T13:41:22Z</time></trkpt><trkpt lat="43.25208664" lon="-4.85186529"><ele>456.85</ele><time>2024-08-31T13:41:23Z</time></trkpt><trkpt lat="43.25208282" lon="-4.85186815"><ele>456.92</ele><time>2024-08-31T13:41:24Z</time></trkpt><trkpt lat="43.25208282" lon="-4.85187101"><ele>456.98</ele><time>2024-08-31T13:41:25Z</time></trkpt><trkpt lat="43.25207901" lon="-4.85187531"><ele>457.05</ele><time>2024-08-31T13:41:26Z</time></trkpt><trkpt lat="43.25207520" lon="-4.85188055"><ele>457.13</ele><time>2024-08-31T13:41:27Z</time></trkpt><trkpt lat="43.25207138" lon="-4.85188723"><ele>457.21</ele><time>2024-08-31T13:41:28Z</time></trkpt><trkpt lat="43.25206757" lon="-4.85189390"><ele>457.30</ele><time>2024-08-31T13:41:29Z</time></trkpt><trkpt lat="43.25206375" lon="-4.85190201"><ele>457.39</ele><time>2024-08-31T13:41:30Z</time></trkpt><trkpt lat="43.25205994" lon="-4.85191011"><ele>457.49</ele><time>2024-08-31T13:41:31Z</time></trkpt><trkpt lat="43.25205231" lon="-4.85191870"><ele>457.58</ele><time>2024-08-31T13:41:32Z</time></trkpt><trkpt lat="43.25204849" lon="-4.85192776"><ele>457.68</ele><time>2024-08-31T13:41:33Z</time></trkpt><trkpt lat="43.25204468" lon="-4.85193682"><ele>457.78</ele><time>2024-08-31T13:41:34Z</time></trkpt><trkpt lat="43.25203705" lon="-4.85194635"><ele>457.88</ele><time>2024-08-31T13:41:35Z</time></trkpt><trkpt lat="43.25203323" lon="-4.85195637"><ele>457.98</ele><time>2024-08-31T13:41:36Z</time></trkpt><trkpt lat="43.25202560" lon="-4.85196638"><ele>458.09</ele><time>2024-08-31T13:41:37Z</time></trkpt><trkpt lat="43.25202179" lon="-4.85197639"><ele>458.19</ele><time>2024-08-31T13:41:38Z</time></trkpt><trkpt lat="43.25201416" lon="-4.85198689"><ele>458.30</ele><time>2024-08-31T13:41:39Z</time></trkpt><trkpt lat="43.25201035" lon="-4.85199738"><ele>458.40</ele><time>2024-08-31T13:41:40Z</time></trkpt><trkpt lat="43.25200272" lon="-4.85200787"><ele>458.51</ele><time>2024-08-31T13:41:41Z</time></trkpt><trkpt lat="43.25199890" lon="-4.85201883"><ele>458.62</ele><time>2024-08-31T13:41:42Z</time></trkpt><trkpt lat="43.25199127" lon="-4.85202980"><ele>458.73</ele><time>2024-08-31T13:41:43Z</time></trkpt><trkpt lat="43.25198364" lon="-4.85204029"><ele>458.84</ele><time>2024-08-31T13:41:44Z</time></trkpt><trkpt lat="43.25197983" lon="-4.85205126"><ele>458.95</ele><time>2024-08-31T13:41:45Z</time></trkpt><trkpt lat="43.25197220" lon="-4.85206318"><ele>459.06</ele><time>2024-08-31T13:41:46Z</time></trkpt><trkpt lat="43.25197220" lon="-4.85207558"><ele>459.17</ele><time>2024-08-31T13:41:47Z</time></trkpt><trkpt lat="43.25196838" lon="-4.85208797"><ele>459.28</ele><time>2024-08-31T13:41:48Z</time></trkpt><trkpt lat="43.25196838" lon="-4.85210085"><ele>459.40</ele><time>2024-08-31T13:41:49Z</time></trkpt><trkpt lat="43.25196838" lon="-4.85211372"><ele>459.51</ele><time>2024-08-31T13:41:50Z</time></trkpt><trkpt lat="43.25196457" lon="-4.85212708"><ele>459.63</ele><time>2024-08-31T13:41:51Z</time></trkpt><trkpt lat="43.25196457" lon="-4.85214043"><ele>459.75</ele><time>2024-08-31T13:41:52Z</time></trkpt><trkpt lat="43.25196838" lon="-4.85215378"><ele>459.87</ele><time>2024-08-31T13:41:53Z</time></trkpt><trkpt lat="43.25196838" lon="-4.85216713"><ele>459.99</ele><time>2024-08-31T13:41:54Z</time></trkpt><trkpt lat="43.25196838" lon="-4.85218096"><ele>460.11</ele><time>2024-08-31T13:41:55Z</time></trkpt><trkpt lat="43.25196838" lon="-4.85219431"><ele>460.24</ele><time>2024-08-31T13:41:56Z</time></trkpt><trkpt lat="43.25197220" lon="-4.85220814"><ele>460.36</ele><time>2024-08-31T13:41:57Z</time></trkpt><trkpt lat="43.25197220" lon="-4.85222197"><ele>460.49</ele><time>2024-08-31T13:41:58Z</time></trkpt><trkpt lat="43.25197220" lon="-4.85223579"><ele>460.61</ele><time>2024-08-31T13:41:59Z</time></trkpt><trkpt lat="43.25197601" lon="-4.85224962"><ele>460.74</ele><time>2024-08-31T13:42:00Z</time></trkpt><trkpt lat="43.25197601" lon="-4.85226345"><ele>460.87</ele><time>2024-08-31T13:42:01Z</time></trkpt><trkpt lat="43.25197983" lon="-4.85227728"><ele>461.00</ele><time>2024-08-31T13:42:02Z</time></trkpt><trkpt lat="43.25198364" lon="-4.85229063"><ele>461.12</ele><time>2024-08-31T13:42:03Z</time></trkpt><trkpt lat="43.25198746" lon="-4.85230398"><ele>461.24</ele><time>2024-08-31T13:42:04Z</time></trkpt><trkpt lat="43.25199127" lon="-4.85231638"><ele>461.37</ele><time>2024-08-31T13:42:05Z</time></trkpt><trkpt lat="43.25199509" lon="-4.85232925"><ele>461.49</ele><time>2024-08-31T13:42:06Z</time></trkpt><trkpt lat="43.25200272" lon="-4.85234165"><ele>461.61</ele><time>2024-08-31T13:42:07Z</time></trkpt><trkpt lat="43.25201035" lon="-4.85235405"><ele>461.72</ele><time>2024-08-31T13:42:08Z</time></trkpt><trkpt lat="43.25201416" lon="-4.85236597"><ele>461.84</ele><time>2024-08-31T13:42:09Z</time></trkpt><trkpt lat="43.25202179" lon="-4.85237837"><ele>461.96</ele><time>2024-08-31T13:42:10Z</time></trkpt><trkpt lat="43.25202942" lon="-4.85239029"><ele>462.08</ele><time>2024-08-31T13:42:11Z</time></trkpt><trkpt lat="43.25203705" lon="-4.85240221"><ele>462.20</ele><time>2024-08-31T13:42:12Z</time></trkpt><trkpt lat="43.25204468" lon="-4.85241413"><ele>462.32</ele><time>2024-08-31T13:42:13Z</time></trkpt><trkpt lat="43.25205231" lon="-4.85242701"><ele>462.44</ele><time>2024-08-31T13:42:14Z</time></trkpt><trkpt lat="43.25205612" lon="-4.85243988"><ele>462.58</ele><time>2024-08-31T13:42:15Z</time></trkpt><trkpt lat="43.25206375" lon="-4.85245275"><ele>462.71</ele><time>2024-08-31T13:42:16Z</time></trkpt><trkpt lat="43.25206757" lon="-4.85246611"><ele>462.85</ele><time>2024-08-31T13:42:17Z</time></trkpt><trkpt lat="43.25207138" lon="-4.85247993"><ele>463.00</ele><time>2024-08-31T13:42:18Z</time></trkpt><trkpt lat="43.25207901" lon="-4.85249376"><ele>463.14</ele><time>2024-08-31T13:42:19Z</time></trkpt><trkpt lat="43.25208282" lon="-4.85250759"><ele>463.29</ele><time>2024-08-31T13:42:20Z</time></trkpt><trkpt lat="43.25208664" lon="-4.85252190"><ele>463.44</ele><time>2024-08-31T13:42:21Z</time></trkpt><trkpt lat="43.25209045" lon="-4.85253620"><ele>463.59</ele><time>2024-08-31T13:42:22Z</time></trkpt><trkpt lat="43.25209427" lon="-4.85255051"><ele>463.74</ele><time>2024-08-31T13:42:23Z</time></trkpt><trkpt lat="43.25209808" lon="-4.85256481"><ele>463.89</ele><time>2024-08-31T13:42:24Z</time></trkpt><trkpt lat="43.25210571" lon="-4.85257912"><ele>464.05</ele><time>2024-08-31T13:42:25Z</time></trkpt><trkpt lat="43.25210953" lon="-4.85259342"><ele>464.20</ele><time>2024-08-31T13:42:26Z</time></trkpt><trkpt lat="43.25211334" lon="-4.85260820"><ele>464.35</ele><time>2024-08-31T13:42:27Z</time></trkpt><trkpt lat="43.25211716" lon="-4.85262251"><ele>464.50</ele><time>2024-08-31T13:42:28Z</time></trkpt><trkpt lat="43.25211716" lon="-4.85263729"><ele>464.65</ele><time>2024-08-31T13:42:29Z</time></trkpt><trkpt lat="43.25212097" lon="-4.85265207"><ele>464.80</ele><time>2024-08-31T13:42:30Z</time></trkpt><trkpt lat="43.25212479" lon="-4.85266638"><ele>464.96</ele><time>2024-08-31T13:42:31Z</time></trkpt><trkpt lat="43.25212860" lon="-4.85268116"><ele>465.11</ele><time>2024-08-31T13:42:32Z</time></trkpt><trkpt lat="43.25213242" lon="-4.85269594"><ele>465.26</ele><time>2024-08-31T13:42:33Z</time></trkpt><trkpt lat="43.25213623" lon="-4.85271072"><ele>465.41</ele><time>2024-08-31T13:42:34Z</time></trkpt><trkpt lat="43.25214005" lon="-4.85272551"><ele>465.56</ele><time>2024-08-31T13:42:35Z</time></trkpt><trkpt lat="43.25214005" lon="-4.85274029"><ele>465.71</ele><time>2024-08-31T13:42:36Z</time></trkpt><trkpt lat="43.25214386" lon="-4.85275507"><ele>465.87</ele><time>2024-08-31T13:42:37Z</time></trkpt><trkpt lat="43.25214767" lon="-4.85276890"><ele>466.02</ele><time>2024-08-31T13:42:38Z</time></trkpt><trkpt lat="43.25215149" lon="-4.85278273"><ele>466.18</ele><time>2024-08-31T13:42:39Z</time></trkpt><trkpt lat="43.25215149" lon="-4.85279655"><ele>466.35</ele><time>2024-08-31T13:42:40Z</time></trkpt><trkpt lat="43.25215530" lon="-4.85280991"><ele>466.51</ele><time>2024-08-31T13:42:41Z</time></trkpt><trkpt lat="43.25215912" lon="-4.85282278"><ele>466.67</ele><time>2024-08-31T13:42:42Z</time></trkpt><trkpt lat="43.25216293" lon="-4.85283613"><ele>466.84</ele><time>2024-08-31T13:42:43Z</time></trkpt><trkpt lat="43.25216293" lon="-4.85284901"><ele>467.01</ele><time>2024-08-31T13:42:44Z</time></trkpt><trkpt lat="43.25216675" lon="-4.85286188"><ele>467.17</ele><time>2024-08-31T13:42:45Z</time></trkpt><trkpt lat="43.25217056" lon="-4.85287476"><ele>467.34</ele><time>2024-08-31T13:42:46Z</time></trkpt><trkpt lat="43.25217056" lon="-4.85288715"><ele>467.51</ele><time>2024-08-31T13:42:47Z</time></trkpt><trkpt lat="43.25217438" lon="-4.85290003"><ele>467.68</ele><time>2024-08-31T13:42:48Z</time></trkpt><trkpt lat="43.25217819" lon="-4.85291243"><ele>467.85</ele><time>2024-08-31T13:42:49Z</time></trkpt><trkpt lat="43.25218201" lon="-4.85292530"><ele>468.02</ele><time>2024-08-31T13:42:50Z</time></trkpt><trkpt lat="43.25218201" lon="-4.85293770"><ele>468.19</ele><time>2024-08-31T13:42:51Z</time></trkpt><trkpt lat="43.25218582" lon="-4.85295010"><ele>468.36</ele><time>2024-08-31T13:42:52Z</time></trkpt><trkpt lat="43.25218964" lon="-4.85296297"><ele>468.54</ele><time>2024-08-31T13:42:53Z</time></trkpt><trkpt lat="43.25218964" lon="-4.85297537"><ele>468.71</ele><time>2024-08-31T13:42:54Z</time></trkpt><trkpt lat="43.25219345" lon="-4.85298824"><ele>468.88</ele><time>2024-08-31T13:42:55Z</time></trkpt><trkpt lat="43.25219727" lon="-4.85300112"><ele>469.06</ele><time>2024-08-31T13:42:56Z</time></trkpt><trkpt lat="43.25220108" lon="-4.85301447"><ele>469.23</ele><time>2024-08-31T13:42:57Z</time></trkpt><trkpt lat="43.25220490" lon="-4.85302734"><ele>469.41</ele><time>2024-08-31T13:42:58Z</time></trkpt><trkpt lat="43.25220871" lon="-4.85304070"><ele>469.58</ele><time>2024-08-31T13:42:59Z</time></trkpt><trkpt lat="43.25221252" lon="-4.85305357"><ele>469.76</ele><time>2024-08-31T13:43:00Z</time></trkpt><trkpt lat="43.25221634" lon="-4.85306692"><ele>469.93</ele><time>2024-08-31T13:43:01Z</time></trkpt><trkpt lat="43.25221634" lon="-4.85307980"><ele>470.11</ele><time>2024-08-31T13:43:02Z</time></trkpt><trkpt lat="43.25222015" lon="-4.85309315"><ele>470.29</ele><time>2024-08-31T13:43:03Z</time></trkpt><trkpt lat="43.25222397" lon="-4.85310650"><ele>470.47</ele><time>2024-08-31T13:43:04Z</time></trkpt><trkpt lat="43.25222778" lon="-4.85311985"><ele>470.65</ele><time>2024-08-31T13:43:05Z</time></trkpt><trkpt lat="43.25223160" lon="-4.85313320"><ele>470.82</ele><time>2024-08-31T13:43:06Z</time></trkpt><trkpt lat="43.25223541" lon="-4.85314655"><ele>471.00</ele><time>2024-08-31T13:43:07Z</time></trkpt><trkpt lat="43.25223923" lon="-4.85315943"><ele>471.18</ele><time>2024-08-31T13:43:08Z</time></trkpt><trkpt lat="43.25224304" lon="-4.85317326"><ele>471.36</ele><time>2024-08-31T13:43:09Z</time></trkpt><trkpt lat="43.25224686" lon="-4.85318661"><ele>471.53</ele><time>2024-08-31T13:43:10Z</time></trkpt><trkpt lat="43.25225449" lon="-4.85320044"><ele>471.71</ele><time>2024-08-31T13:43:11Z</time></trkpt><trkpt lat="43.25225830" lon="-4.85321379"><ele>471.88</ele><time>2024-08-31T13:43:12Z</time></trkpt><trkpt lat="43.25226212" lon="-4.85322762"><ele>472.05</ele><time>2024-08-31T13:43:13Z</time></trkpt><trkpt lat="43.25226593" lon="-4.85324144"><ele>472.22</ele><time>2024-08-31T13:43:14Z</time></trkpt><trkpt lat="43.25226974" lon="-4.85325527"><ele>472.39</ele><time>2024-08-31T13:43:15Z</time></trkpt><trkpt lat="43.25227737" lon="-4.85326910"><ele>472.56</ele><time>2024-08-31T13:43:16Z</time></trkpt><trkpt lat="43.25228119" lon="-4.85328293"><ele>472.73</ele><time>2024-08-31T13:43:17Z</time></trkpt><trkpt lat="43.25228500" lon="-4.85329676"><ele>472.90</ele><time>2024-08-31T13:43:18Z</time></trkpt><trkpt lat="43.25228882" lon="-4.85331059"><ele>473.07</ele><time>2024-08-31T13:43:19Z</time></trkpt><trkpt lat="43.25229645" lon="-4.85332441"><ele>473.23</ele><time>2024-08-31T13:43:20Z</time></trkpt><trkpt lat="43.25230026" lon="-4.85333824"><ele>473.40</ele><time>2024-08-31T13:43:21Z</time></trkpt><trkpt lat="43.25230408" lon="-4.85335207"><ele>473.57</ele><time>2024-08-31T13:43:22Z</time></trkpt><trkpt lat="43.25231171" lon="-4.85336590"><ele>473.74</ele><time>2024-08-31T13:43:23Z</time></trkpt><trkpt lat="43.25231552" lon="-4.85337973"><ele>473.90</ele><time>2024-08-31T13:43:24Z</time></trkpt><trkpt lat="43.25231934" lon="-4.85339403"><ele>474.07</ele><time>2024-08-31T13:43:25Z</time></trkpt><trkpt lat="43.25232315" lon="-4.85340786"><ele>474.24</ele><time>2024-08-31T13:43:26Z</time></trkpt><trkpt lat="43.25233078" lon="-4.85342169"><ele>474.40</ele><time>2024-08-31T13:43:27Z</time></trkpt><trkpt lat="43.25233459" lon="-4.85343599"><ele>474.57</ele><time>2024-08-31T13:43:28Z</time></trkpt><trkpt lat="43.25233841" lon="-4.85344982"><ele>474.74</ele><time>2024-08-31T13:43:29Z</time></trkpt><trkpt lat="43.25234222" lon="-4.85346413"><ele>474.91</ele><time>2024-08-31T13:43:30Z</time></trkpt><trkpt lat="43.25234604" lon="-4.85347795"><ele>475.09</ele><time>2024-08-31T13:43:31Z</time></trkpt><trkpt lat="43.25234985" lon="-4.85349226"><ele>475.26</ele><time>2024-08-31T13:43:32Z</time></trkpt><trkpt lat="43.25235367" lon="-4.85350657"><ele>475.44</ele><time>2024-08-31T13:43:33Z</time></trkpt><trkpt lat="43.25235367" lon="-4.85352087"><ele>475.62</ele><time>2024-08-31T13:43:34Z</time></trkpt><trkpt lat="43.25235748" lon="-4.85353518"><ele>475.80</ele><time>2024-08-31T13:43:35Z</time></trkpt><trkpt lat="43.25236130" lon="-4.85354948"><ele>475.98</ele><time>2024-08-31T13:43:36Z</time></trkpt><trkpt lat="43.25236130" lon="-4.85356379"><ele>476.16</ele><time>2024-08-31T13:43:37Z</time></trkpt><trkpt lat="43.25236511" lon="-4.85357857"><ele>476.34</ele><time>2024-08-31T13:43:38Z</time></trkpt><trkpt lat="43.25236893" lon="-4.85359287"><ele>476.52</ele><time>2024-08-31T13:43:39Z</time></trkpt><trkpt lat="43.25236893" lon="-4.85360718"><ele>476.70</ele><time>2024-08-31T13:43:40Z</time></trkpt><trkpt lat="43.25237274" lon="-4.85362148"><ele>476.88</ele><time>2024-08-31T13:43:41Z</time></trkpt><trkpt lat="43.25237274" lon="-4.85363579"><ele>477.06</ele><time>2024-08-31T13:43:42Z</time></trkpt><trkpt lat="43.25237656" lon="-4.85365057"><ele>477.24</ele><time>2024-08-31T13:43:43Z</time></trkpt><trkpt lat="43.25237656" lon="-4.85366440"><ele>477.42</ele><time>2024-08-31T13:43:44Z</time></trkpt><trkpt lat="43.25238037" lon="-4.85367870"><ele>477.60</ele><time>2024-08-31T13:43:45Z</time></trkpt><trkpt lat="43.25238037" lon="-4.85369301"><ele>477.78</ele><time>2024-08-31T13:43:46Z</time></trkpt><trkpt lat="43.25238037" lon="-4.85370684"><ele>477.96</ele><time>2024-08-31T13:43:47Z</time></trkpt><trkpt lat="43.25238037" lon="-4.85372066"><ele>478.14</ele><time>2024-08-31T13:43:48Z</time></trkpt><trkpt lat="43.25238037" lon="-4.85373449"><ele>478.31</ele><time>2024-08-31T13:43:49Z</time></trkpt><trkpt lat="43.25238037" lon="-4.85374832"><ele>478.49</ele><time>2024-08-31T13:43:50Z</time></trkpt><trkpt lat="43.25238037" lon="-4.85376215"><ele>478.67</ele><time>2024-08-31T13:43:51Z</time></trkpt><trkpt lat="43.25237656" lon="-4.85377598"><ele>478.85</ele><time>2024-08-31T13:43:52Z</time></trkpt><trkpt lat="43.25237656" lon="-4.85378981"><ele>479.03</ele><time>2024-08-31T13:43:53Z</time></trkpt><trkpt lat="43.25237656" lon="-4.85380363"><ele>479.20</ele><time>2024-08-31T13:43:54Z</time></trkpt><trkpt lat="43.25237656" lon="-4.85381746"><ele>479.38</ele><time>2024-08-31T13:43:55Z</time></trkpt><trkpt lat="43.25237656" lon="-4.85383129"><ele>479.56</ele><time>2024-08-31T13:43:56Z</time></trkpt><trkpt lat="43.25237274" lon="-4.85384464"><ele>479.74</ele><time>2024-08-31T13:43:57Z</time></trkpt><trkpt lat="43.25237274" lon="-4.85385847"><ele>479.92</ele><time>2024-08-31T13:43:58Z</time></trkpt><trkpt lat="43.25237274" lon="-4.85387230"><ele>480.09</ele><time>2024-08-31T13:43:59Z</time></trkpt><trkpt lat="43.25237274" lon="-4.85388565"><ele>480.27</ele><time>2024-08-31T13:44:00Z</time></trkpt><trkpt lat="43.25237274" lon="-4.85389900"><ele>480.45</ele><time>2024-08-31T13:44:01Z</time></trkpt><trkpt lat="43.25236893" lon="-4.85391188"><ele>480.63</ele><time>2024-08-31T13:44:02Z</time></trkpt><trkpt lat="43.25236893" lon="-4.85392427"><ele>480.81</ele><time>2024-08-31T13:44:03Z</time></trkpt><trkpt lat="43.25236893" lon="-4.85393715"><ele>480.99</ele><time>2024-08-31T13:44:04Z</time></trkpt><trkpt lat="43.25236893" lon="-4.85394907"><ele>481.17</ele><time>2024-08-31T13:44:05Z</time></trkpt><trkpt lat="43.25236511" lon="-4.85396147"><ele>481.35</ele><time>2024-08-31T13:44:06Z</time></trkpt><trkpt lat="43.25236511" lon="-4.85397339"><ele>481.54</ele><time>2024-08-31T13:44:07Z</time></trkpt><trkpt lat="43.25236511" lon="-4.85398531"><ele>481.72</ele><time>2024-08-31T13:44:08Z</time></trkpt><trkpt lat="43.25236130" lon="-4.85399723"><ele>481.90</ele><time>2024-08-31T13:44:09Z</time></trkpt><trkpt lat="43.25236130" lon="-4.85400915"><ele>482.08</ele><time>2024-08-31T13:44:10Z</time></trkpt><trkpt lat="43.25236130" lon="-4.85402060"><ele>482.26</ele><time>2024-08-31T13:44:11Z</time></trkpt><trkpt lat="43.25235748" lon="-4.85403252"><ele>482.44</ele><time>2024-08-31T13:44:12Z</time></trkpt><trkpt lat="43.25235748" lon="-4.85404396"><ele>482.62</ele><time>2024-08-31T13:44:13Z</time></trkpt><trkpt lat="43.25235748" lon="-4.85405588"><ele>482.80</ele><time>2024-08-31T13:44:14Z</time></trkpt><trkpt lat="43.25235367" lon="-4.85406733"><ele>482.98</ele><time>2024-08-31T13:44:15Z</time></trkpt><trkpt lat="43.25235367" lon="-4.85407877"><ele>483.16</ele><time>2024-08-31T13:44:16Z</time></trkpt><trkpt lat="43.25235367" lon="-4.85409069"><ele>483.35</ele><time>2024-08-31T13:44:17Z</time></trkpt><trkpt lat="43.25234985" lon="-4.85410213"><ele>483.53</ele><time>2024-08-31T13:44:18Z</time></trkpt><trkpt lat="43.25234985" lon="-4.85411358"><ele>483.71</ele><time>2024-08-31T13:44:19Z</time></trkpt><trkpt lat="43.25234985" lon="-4.85412502"><ele>483.89</ele><time>2024-08-31T13:44:20Z</time></trkpt><trkpt lat="43.25234985" lon="-4.85413647"><ele>484.08</ele><time>2024-08-31T13:44:21Z</time></trkpt><trkpt lat="43.25234604" lon="-4.85414791"><ele>484.26</ele><time>2024-08-31T13:44:22Z</time></trkpt><trkpt lat="43.25234604" lon="-4.85415936"><ele>484.44</ele><time>2024-08-31T13:44:23Z</time></trkpt><trkpt lat="43.25234604" lon="-4.85417080"><ele>484.62</ele><time>2024-08-31T13:44:24Z</time></trkpt><trkpt lat="43.25234604" lon="-4.85418224"><ele>484.81</ele><time>2024-08-31T13:44:25Z</time></trkpt><trkpt lat="43.25234604" lon="-4.85419369"><ele>484.99</ele><time>2024-08-31T13:44:26Z</time></trkpt><trkpt lat="43.25234222" lon="-4.85420513"><ele>485.17</ele><time>2024-08-31T13:44:27Z</time></trkpt><trkpt lat="43.25234222" lon="-4.85421658"><ele>485.36</ele><time>2024-08-31T13:44:28Z</time></trkpt><trkpt lat="43.25234222" lon="-4.85422802"><ele>485.54</ele><time>2024-08-31T13:44:29Z</time></trkpt><trkpt lat="43.25234222" lon="-4.85423946"><ele>485.72</ele><time>2024-08-31T13:44:30Z</time></trkpt><trkpt lat="43.25234222" lon="-4.85425043"><ele>485.91</ele><time>2024-08-31T13:44:31Z</time></trkpt><trkpt lat="43.25233841" lon="-4.85426188"><ele>486.09</ele><time>2024-08-31T13:44:32Z</time></trkpt><trkpt lat="43.25233841" lon="-4.85427284"><ele>486.28</ele><time>2024-08-31T13:44:33Z</time></trkpt><trkpt lat="43.25233459" lon="-4.85428381"><ele>486.47</ele><time>2024-08-31T13:44:34Z</time></trkpt><trkpt lat="43.25233078" lon="-4.85429478"><ele>486.65</ele><time>2024-08-31T13:44:35Z</time></trkpt><trkpt lat="43.25232697" lon="-4.85430574"><ele>486.84</ele><time>2024-08-31T13:44:36Z</time></trkpt><trkpt lat="43.25232697" lon="-4.85431671"><ele>487.02</ele><time>2024-08-31T13:44:37Z</time></trkpt><trkpt lat="43.25232315" lon="-4.85432768"><ele>487.21</ele><time>2024-08-31T13:44:38Z</time></trkpt><trkpt lat="43.25231934" lon="-4.85433865"><ele>487.39</ele><time>2024-08-31T13:44:39Z</time></trkpt><trkpt lat="43.25231552" lon="-4.85434961"><ele>487.58</ele><time>2024-08-31T13:44:40Z</time></trkpt><trkpt lat="43.25231171" lon="-4.85436058"><ele>487.76</ele><time>2024-08-31T13:44:41Z</time></trkpt><trkpt lat="43.25230789" lon="-4.85437155"><ele>487.94</ele><time>2024-08-31T13:44:42Z</time></trkpt><trkpt lat="43.25230408" lon="-4.85438251"><ele>488.13</ele><time>2024-08-31T13:44:43Z</time></trkpt><trkpt lat="43.25230408" lon="-4.85439348"><ele>488.31</ele><time>2024-08-31T13:44:44Z</time></trkpt><trkpt lat="43.25230026" lon="-4.85440445"><ele>488.50</ele><time>2024-08-31T13:44:45Z</time></trkpt><trkpt lat="43.25229645" lon="-4.85441542"><ele>488.68</ele><time>2024-08-31T13:44:46Z</time></trkpt><trkpt lat="43.25229263" lon="-4.85442686"><ele>488.87</ele><time>2024-08-31T13:44:47Z</time></trkpt><trkpt lat="43.25228882" lon="-4.85443783"><ele>489.05</ele><time>2024-08-31T13:44:48Z</time></trkpt><trkpt lat="43.25228500" lon="-4.85444880"><ele>489.24</ele><time>2024-08-31T13:44:49Z</time></trkpt><trkpt lat="43.25228500" lon="-4.85446024"><ele>489.42</ele><time>2024-08-31T13:44:50Z</time></trkpt><trkpt lat="43.25228119" lon="-4.85447121"><ele>489.61</ele><time>2024-08-31T13:44:51Z</time></trkpt><trkpt lat="43.25227737" lon="-4.85448265"><ele>489.79</ele><time>2024-08-31T13:44:52Z</time></trkpt><trkpt lat="43.25227356" lon="-4.85449409"><ele>489.98</ele><time>2024-08-31T13:44:53Z</time></trkpt><trkpt lat="43.25227356" lon="-4.85450506"><ele>490.16</ele><time>2024-08-31T13:44:54Z</time></trkpt><trkpt lat="43.25226974" lon="-4.85451651"><ele>490.35</ele><time>2024-08-31T13:44:55Z</time></trkpt><trkpt lat="43.25226593" lon="-4.85452795"><ele>490.54</ele><time>2024-08-31T13:44:56Z</time></trkpt><trkpt lat="43.25226212" lon="-4.85453892"><ele>490.72</ele><time>2024-08-31T13:44:57Z</time></trkpt><trkpt lat="43.25226212" lon="-4.85455036"><ele>490.91</ele><time>2024-08-31T13:44:58Z</time></trkpt><trkpt lat="43.25225830" lon="-4.85456181"><ele>491.09</ele><time>2024-08-31T13:44:59Z</time></trkpt><trkpt lat="43.25225449" lon="-4.85457277"><ele>491.28</ele><time>2024-08-31T13:45:00Z</time></trkpt><trkpt lat="43.25225449" lon="-4.85458422"><ele>491.47</ele><time>2024-08-31T13:45:01Z</time></trkpt><trkpt lat="43.25225067" lon="-4.85459518"><ele>491.66</ele><time>2024-08-31T13:45:02Z</time></trkpt><trkpt lat="43.25224686" lon="-4.85460615"><ele>491.85</ele><time>2024-08-31T13:45:03Z</time></trkpt><trkpt lat="43.25224686" lon="-4.85461712"><ele>492.04</ele><time>2024-08-31T13:45:04Z</time></trkpt><trkpt lat="43.25224304" lon="-4.85462856"><ele>492.23</ele><time>2024-08-31T13:45:05Z</time></trkpt><trkpt lat="43.25224304" lon="-4.85463953"><ele>492.42</ele><time>2024-08-31T13:45:06Z</time></trkpt><trkpt lat="43.25223923" lon="-4.85465050"><ele>492.61</ele><time>2024-08-31T13:45:07Z</time></trkpt><trkpt lat="43.25223923" lon="-4.85466146"><ele>492.80</ele><time>2024-08-31T13:45:08Z</time></trkpt><trkpt lat="43.25223923" lon="-4.85467243"><ele>492.99</ele><time>2024-08-31T13:45:09Z</time></trkpt><trkpt lat="43.25223541" lon="-4.85468340"><ele>493.18</ele><time>2024-08-31T13:45:10Z</time></trkpt><trkpt lat="43.25223541" lon="-4.85469437"><ele>493.37</ele><time>2024-08-31T13:45:11Z</time></trkpt><trkpt lat="43.25223160" lon="-4.85470533"><ele>493.56</ele><time>2024-08-31T13:45:12Z</time></trkpt><trkpt lat="43.25223160" lon="-4.85471630"><ele>493.75</ele><time>2024-08-31T13:45:13Z</time></trkpt><trkpt lat="43.25222778" lon="-4.85472727"><ele>493.94</ele><time>2024-08-31T13:45:14Z</time></trkpt><trkpt lat="43.25222778" lon="-4.85473871"><ele>494.13</ele><time>2024-08-31T13:45:15Z</time></trkpt><trkpt lat="43.25222397" lon="-4.85475016"><ele>494.32</ele><time>2024-08-31T13:45:16Z</time></trkpt><trkpt lat="43.25222397" lon="-4.85476112"><ele>494.51</ele><time>2024-08-31T13:45:17Z</time></trkpt><trkpt lat="43.25222015" lon="-4.85477257"><ele>494.71</ele><time>2024-08-31T13:45:18Z</time></trkpt><trkpt lat="43.25222015" lon="-4.85478401"><ele>494.90</ele><time>2024-08-31T13:45:19Z</time></trkpt><trkpt lat="43.25221634" lon="-4.85479498"><ele>495.09</ele><time>2024-08-31T13:45:20Z</time></trkpt><trkpt lat="43.25221634" lon="-4.85480642"><ele>495.28</ele><time>2024-08-31T13:45:21Z</time></trkpt><trkpt lat="43.25221252" lon="-4.85481787"><ele>495.47</ele><time>2024-08-31T13:45:22Z</time></trkpt><trkpt lat="43.25221252" lon="-4.85482931"><ele>495.67</ele><time>2024-08-31T13:45:23Z</time></trkpt><trkpt lat="43.25220871" lon="-4.85484076"><ele>495.86</ele><time>2024-08-31T13:45:24Z</time></trkpt><trkpt lat="43.25220871" lon="-4.85485220"><ele>496.05</ele><time>2024-08-31T13:45:25Z</time></trkpt><trkpt lat="43.25220490" lon="-4.85486364"><ele>496.24</ele><time>2024-08-31T13:45:26Z</time></trkpt><trkpt lat="43.25220490" lon="-4.85487509"><ele>496.43</ele><time>2024-08-31T13:45:27Z</time></trkpt><trkpt lat="43.25220108" lon="-4.85488701"><ele>496.62</ele><time>2024-08-31T13:45:28Z</time></trkpt><trkpt lat="43.25220108" lon="-4.85489893"><ele>496.81</ele><time>2024-08-31T13:45:29Z</time></trkpt><trkpt lat="43.25219727" lon="-4.85491085"><ele>497.00</ele><time>2024-08-31T13:45:30Z</time></trkpt><trkpt lat="43.25219727" lon="-4.85492229"><ele>497.19</ele><time>2024-08-31T13:45:31Z</time></trkpt><trkpt lat="43.25219727" lon="-4.85493422"><ele>497.38</ele><time>2024-08-31T13:45:32Z</time></trkpt><trkpt lat="43.25219345" lon="-4.85494661"><ele>497.57</ele><time>2024-08-31T13:45:33Z</time></trkpt><trkpt lat="43.25219345" lon="-4.85495853"><ele>497.76</ele><time>2024-08-31T13:45:34Z</time></trkpt><trkpt lat="43.25218964" lon="-4.85497046"><ele>497.95</ele><time>2024-08-31T13:45:35Z</time></trkpt><trkpt lat="43.25218964" lon="-4.85498238"><ele>498.14</ele><time>2024-08-31T13:45:36Z</time></trkpt><trkpt lat="43.25218582" lon="-4.85499430"><ele>498.33</ele><time>2024-08-31T13:45:37Z</time></trkpt><trkpt lat="43.25218582" lon="-4.85500622"><ele>498.52</ele><time>2024-08-31T13:45:38Z</time></trkpt><trkpt lat="43.25218201" lon="-4.85501862"><ele>498.71</ele><time>2024-08-31T13:45:39Z</time></trkpt><trkpt lat="43.25218201" lon="-4.85503054"><ele>498.90</ele><time>2024-08-31T13:45:40Z</time></trkpt><trkpt lat="43.25218201" lon="-4.85504293"><ele>499.09</ele><time>2024-08-31T13:45:41Z</time></trkpt><trkpt lat="43.25217819" lon="-4.85505533"><ele>499.29</ele><time>2024-08-31T13:45:42Z</time></trkpt><trkpt lat="43.25217819" lon="-4.85506773"><ele>499.48</ele><time>2024-08-31T13:45:43Z</time></trkpt><trkpt lat="43.25217819" lon="-4.85508013"><ele>499.68</ele><time>2024-08-31T13:45:44Z</time></trkpt><trkpt lat="43.25217819" lon="-4.85509253"><ele>499.87</ele><time>2024-08-31T13:45:45Z</time></trkpt><trkpt lat="43.25217438" lon="-4.85510540"><ele>500.07</ele><time>2024-08-31T13:45:46Z</time></trkpt><trkpt lat="43.25217438" lon="-4.85511780"><ele>500.27</ele><time>2024-08-31T13:45:47Z</time></trkpt><trkpt lat="43.25217438" lon="-4.85513067"><ele>500.46</ele><time>2024-08-31T13:45:48Z</time></trkpt><trkpt lat="43.25217438" lon="-4.85514307"><ele>500.66</ele><time>2024-08-31T13:45:49Z</time></trkpt><trkpt lat="43.25217438" lon="-4.85515594"><ele>500.85</ele><time>2024-08-31T13:45:50Z</time></trkpt><trkpt lat="43.25217056" lon="-4.85516834"><ele>501.05</ele><time>2024-08-31T13:45:51Z</time></trkpt><trkpt lat="43.25217056" lon="-4.85518217"><ele>501.23</ele><time>2024-08-31T13:45:52Z</time></trkpt><trkpt lat="43.25217438" lon="-4.85519648"><ele>501.40</ele><time>2024-08-31T13:45:53Z</time></trkpt><trkpt lat="43.25217438" lon="-4.85521126"><ele>501.56</ele><time>2024-08-31T13:45:54Z</time></trkpt><trkpt lat="43.25217438" lon="-4.85522604"><ele>501.70</ele><time>2024-08-31T13:45:55Z</time></trkpt><trkpt lat="43.25217438" lon="-4.85524178"><ele>501.84</ele><time>2024-08-31T13:45:56Z</time></trkpt><trkpt lat="43.25217819" lon="-4.85525703"><ele>501.97</ele><time>2024-08-31T13:45:57Z</time></trkpt><trkpt lat="43.25217819" lon="-4.85527277"><ele>502.09</ele><time>2024-08-31T13:45:58Z</time></trkpt><trkpt lat="43.25218201" lon="-4.85528898"><ele>502.20</ele><time>2024-08-31T13:45:59Z</time></trkpt><trkpt lat="43.25218201" lon="-4.85530472"><ele>502.30</ele><time>2024-08-31T13:46:00Z</time></trkpt><trkpt lat="43.25218582" lon="-4.85532093"><ele>502.40</ele><time>2024-08-31T13:46:01Z</time></trkpt><trkpt lat="43.25218582" lon="-4.85533762"><ele>502.49</ele><time>2024-08-31T13:46:02Z</time></trkpt><trkpt lat="43.25218964" lon="-4.85535383"><ele>502.57</ele><time>2024-08-31T13:46:03Z</time></trkpt><trkpt lat="43.25218964" lon="-4.85537052"><ele>502.65</ele><time>2024-08-31T13:46:04Z</time></trkpt><trkpt lat="43.25219345" lon="-4.85538721"><ele>502.73</ele><time>2024-08-31T13:46:05Z</time></trkpt><trkpt lat="43.25219727" lon="-4.85540438"><ele>502.80</ele><time>2024-08-31T13:46:06Z</time></trkpt><trkpt lat="43.25219727" lon="-4.85542107"><ele>502.87</ele><time>2024-08-31T13:46:07Z</time></trkpt><trkpt lat="43.25220108" lon="-4.85543823"><ele>502.93</ele><time>2024-08-31T13:46:08Z</time></trkpt><trkpt lat="43.25220108" lon="-4.85545540"><ele>502.99</ele><time>2024-08-31T13:46:09Z</time></trkpt><trkpt lat="43.25220490" lon="-4.85547256"><ele>503.05</ele><time>2024-08-31T13:46:10Z</time></trkpt><trkpt lat="43.25220871" lon="-4.85548973"><ele>503.11</ele><time>2024-08-31T13:46:11Z</time></trkpt><trkpt lat="43.25220871" lon="-4.85550737"><ele>503.16</ele><time>2024-08-31T13:46:12Z</time></trkpt><trkpt lat="43.25220871" lon="-4.85552549"><ele>503.21</ele><time>2024-08-31T13:46:13Z</time></trkpt><trkpt lat="43.25220871" lon="-4.85554314"><ele>503.27</ele><time>2024-08-31T13:46:14Z</time></trkpt><trkpt lat="43.25221252" lon="-4.85556126"><ele>503.32</ele><time>2024-08-31T13:46:15Z</time></trkpt><trkpt lat="43.25221252" lon="-4.85557938"><ele>503.37</ele><time>2024-08-31T13:46:16Z</time></trkpt><trkpt lat="43.25221252" lon="-4.85559797"><ele>503.42</ele><time>2024-08-31T13:46:17Z</time></trkpt><trkpt lat="43.25220871" lon="-4.85561609"><ele>503.47</ele><time>2024-08-31T13:46:18Z</time></trkpt><trkpt lat="43.25220871" lon="-4.85563469"><ele>503.51</ele><time>2024-08-31T13:46:19Z</time></trkpt><trkpt lat="43.25220871" lon="-4.85565329"><ele>503.56</ele><time>2024-08-31T13:46:20Z</time></trkpt><trkpt lat="43.25220871" lon="-4.85567188"><ele>503.60</ele><time>2024-08-31T13:46:21Z</time></trkpt><trkpt lat="43.25220871" lon="-4.85569096"><ele>503.65</ele><time>2024-08-31T13:46:22Z</time></trkpt><trkpt lat="43.25220871" lon="-4.85570955"><ele>503.69</ele><time>2024-08-31T13:46:23Z</time></trkpt><trkpt lat="43.25220871" lon="-4.85572815"><ele>503.73</ele><time>2024-08-31T13:46:24Z</time></trkpt><trkpt lat="43.25220871" lon="-4.85574722"><ele>503.77</ele><time>2024-08-31T13:46:25Z</time></trkpt><trkpt lat="43.25220871" lon="-4.85576630"><ele>503.81</ele><time>2024-08-31T13:46:26Z</time></trkpt><trkpt lat="43.25220490" lon="-4.85578537"><ele>503.85</ele><time>2024-08-31T13:46:27Z</time></trkpt><trkpt lat="43.25220490" lon="-4.85580397"><ele>503.88</ele><time>2024-08-31T13:46:28Z</time></trkpt><trkpt lat="43.25220490" lon="-4.85582304"><ele>503.92</ele><time>2024-08-31T13:46:29Z</time></trkpt><trkpt lat="43.25220490" lon="-4.85584211"><ele>503.95</ele><time>2024-08-31T13:46:30Z</time></trkpt><trkpt lat="43.25220490" lon="-4.85586119"><ele>503.99</ele><time>2024-08-31T13:46:31Z</time></trkpt><trkpt lat="43.25220490" lon="-4.85588074"><ele>504.02</ele><time>2024-08-31T13:46:32Z</time></trkpt><trkpt lat="43.25220108" lon="-4.85589981"><ele>504.04</ele><time>2024-08-31T13:46:33Z</time></trkpt><trkpt lat="43.25220108" lon="-4.85591936"><ele>504.07</ele><time>2024-08-31T13:46:34Z</time></trkpt><trkpt lat="43.25220108" lon="-4.85593891"><ele>504.09</ele><time>2024-08-31T13:46:35Z</time></trkpt><trkpt lat="43.25220108" lon="-4.85595846"><ele>504.11</ele><time>2024-08-31T13:46:36Z</time></trkpt><trkpt lat="43.25219727" lon="-4.85597801"><ele>504.13</ele><time>2024-08-31T13:46:37Z</time></trkpt><trkpt lat="43.25219727" lon="-4.85599756"><ele>504.15</ele><time>2024-08-31T13:46:38Z</time></trkpt><trkpt lat="43.25219345" lon="-4.85601711"><ele>504.17</ele><time>2024-08-31T13:46:39Z</time></trkpt><trkpt lat="43.25219345" lon="-4.85603666"><ele>504.19</ele><time>2024-08-31T13:46:40Z</time></trkpt><trkpt lat="43.25219345" lon="-4.85605669"><ele>504.20</ele><time>2024-08-31T13:46:41Z</time></trkpt><trkpt lat="43.25218964" lon="-4.85607624"><ele>504.22</ele><time>2024-08-31T13:46:42Z</time></trkpt><trkpt lat="43.25218964" lon="-4.85609627"><ele>504.24</ele><time>2024-08-31T13:46:43Z</time></trkpt><trkpt lat="43.25218582" lon="-4.85611582"><ele>504.25</ele><time>2024-08-31T13:46:44Z</time></trkpt><trkpt lat="43.25218582" lon="-4.85613585"><ele>504.27</ele><time>2024-08-31T13:46:45Z</time></trkpt><trkpt lat="43.25218582" lon="-4.85615540"><ele>504.28</ele><time>2024-08-31T13:46:46Z</time></trkpt><trkpt lat="43.25218201" lon="-4.85617542"><ele>504.30</ele><time>2024-08-31T13:46:47Z</time></trkpt><trkpt lat="43.25218201" lon="-4.85619545"><ele>504.31</ele><time>2024-08-31T13:46:48Z</time></trkpt><trkpt lat="43.25217819" lon="-4.85621500"><ele>504.33</ele><time>2024-08-31T13:46:49Z</time></trkpt><trkpt lat="43.25217819" lon="-4.85623503"><ele>504.34</ele><time>2024-08-31T13:46:50Z</time></trkpt><trkpt lat="43.25217819" lon="-4.85625505"><ele>504.35</ele><time>2024-08-31T13:46:51Z</time></trkpt><trkpt lat="43.25217438" lon="-4.85627508"><ele>504.37</ele><time>2024-08-31T13:46:52Z</time></trkpt><trkpt lat="43.25217438" lon="-4.85629511"><ele>504.37</ele><time>2024-08-31T13:46:53Z</time></trkpt><trkpt lat="43.25217819" lon="-4.85631466"><ele>504.36</ele><time>2024-08-31T13:46:54Z</time></trkpt><trkpt lat="43.25218201" lon="-4.85633421"><ele>504.35</ele><time>2024-08-31T13:46:55Z</time></trkpt><trkpt lat="43.25218201" lon="-4.85635328"><ele>504.32</ele><time>2024-08-31T13:46:56Z</time></trkpt><trkpt lat="43.25218964" lon="-4.85637283"><ele>504.29</ele><time>2024-08-31T13:46:57Z</time></trkpt><trkpt lat="43.25219345" lon="-4.85639143"><ele>504.25</ele><time>2024-08-31T13:46:58Z</time></trkpt><trkpt lat="43.25219727" lon="-4.85640955"><ele>504.21</ele><time>2024-08-31T13:46:59Z</time></trkpt><trkpt lat="43.25220490" lon="-4.85642767"><ele>504.15</ele><time>2024-08-31T13:47:00Z</time></trkpt><trkpt lat="43.25220871" lon="-4.85644484"><ele>504.10</ele><time>2024-08-31T13:47:01Z</time></trkpt><trkpt lat="43.25221634" lon="-4.85646152"><ele>504.03</ele><time>2024-08-31T13:47:02Z</time></trkpt><trkpt lat="43.25222397" lon="-4.85647869"><ele>503.97</ele><time>2024-08-31T13:47:03Z</time></trkpt><trkpt lat="43.25223160" lon="-4.85649490"><ele>503.89</ele><time>2024-08-31T13:47:04Z</time></trkpt><trkpt lat="43.25223923" lon="-4.85651159"><ele>503.82</ele><time>2024-08-31T13:47:05Z</time></trkpt><trkpt lat="43.25224686" lon="-4.85652781"><ele>503.74</ele><time>2024-08-31T13:47:06Z</time></trkpt><trkpt lat="43.25225449" lon="-4.85654449"><ele>503.66</ele><time>2024-08-31T13:47:07Z</time></trkpt><trkpt lat="43.25226212" lon="-4.85656071"><ele>503.57</ele><time>2024-08-31T13:47:08Z</time></trkpt><trkpt lat="43.25226974" lon="-4.85657692"><ele>503.48</ele><time>2024-08-31T13:47:09Z</time></trkpt><trkpt lat="43.25227737" lon="-4.85659313"><ele>503.39</ele><time>2024-08-31T13:47:10Z</time></trkpt><trkpt lat="43.25228882" lon="-4.85660887"><ele>503.30</ele><time>2024-08-31T13:47:11Z</time></trkpt><trkpt lat="43.25229645" lon="-4.85662460"><ele>503.20</ele><time>2024-08-31T13:47:12Z</time></trkpt><trkpt lat="43.25230408" lon="-4.85664034"><ele>503.10</ele><time>2024-08-31T13:47:13Z</time></trkpt><trkpt lat="43.25231552" lon="-4.85665560"><ele>503.00</ele><time>2024-08-31T13:47:14Z</time></trkpt><trkpt lat="43.25232315" lon="-4.85667086"><ele>502.89</ele><time>2024-08-31T13:47:15Z</time></trkpt><trkpt lat="43.25233078" lon="-4.85668612"><ele>502.79</ele><time>2024-08-31T13:47:16Z</time></trkpt><trkpt lat="43.25234222" lon="-4.85670137"><ele>502.67</ele><time>2024-08-31T13:47:17Z</time></trkpt><trkpt lat="43.25234985" lon="-4.85671616"><ele>502.56</ele><time>2024-08-31T13:47:18Z</time></trkpt><trkpt lat="43.25236130" lon="-4.85673141"><ele>502.44</ele><time>2024-08-31T13:47:19Z</time></trkpt><trkpt lat="43.25236893" lon="-4.85674620"><ele>502.32</ele><time>2024-08-31T13:47:20Z</time></trkpt><trkpt lat="43.25238037" lon="-4.85676146"><ele>502.20</ele><time>2024-08-31T13:47:21Z</time></trkpt><trkpt lat="43.25238800" lon="-4.85677624"><ele>502.07</ele><time>2024-08-31T13:47:22Z</time></trkpt><trkpt lat="43.25239944" lon="-4.85679102"><ele>501.94</ele><time>2024-08-31T13:47:23Z</time></trkpt><trkpt lat="43.25240707" lon="-4.85680628"><ele>501.81</ele><time>2024-08-31T13:47:24Z</time></trkpt><trkpt lat="43.25241470" lon="-4.85682249"><ele>501.68</ele><time>2024-08-31T13:47:25Z</time></trkpt><trkpt lat="43.25242615" lon="-4.85683823"><ele>501.54</ele><time>2024-08-31T13:47:26Z</time></trkpt><trkpt lat="43.25243378" lon="-4.85685492"><ele>501.40</ele><time>2024-08-31T13:47:27Z</time></trkpt><trkpt lat="43.25244141" lon="-4.85687113"><ele>501.26</ele><time>2024-08-31T13:47:28Z</time></trkpt><trkpt lat="43.25244904" lon="-4.85688782"><ele>501.12</ele><time>2024-08-31T13:47:29Z</time></trkpt><trkpt lat="43.25246048" lon="-4.85690451"><ele>500.97</ele><time>2024-08-31T13:47:30Z</time></trkpt><trkpt lat="43.25246811" lon="-4.85692120"><ele>500.83</ele><time>2024-08-31T13:47:31Z</time></trkpt><trkpt lat="43.25247574" lon="-4.85693789"><ele>500.68</ele><time>2024-08-31T13:47:32Z</time></trkpt><trkpt lat="43.25248337" lon="-4.85695457"><ele>500.53</ele><time>2024-08-31T13:47:33Z</time></trkpt><trkpt lat="43.25249100" lon="-4.85697126"><ele>500.38</ele><time>2024-08-31T13:47:34Z</time></trkpt><trkpt lat="43.25250244" lon="-4.85698795"><ele>500.22</ele><time>2024-08-31T13:47:35Z</time></trkpt><trkpt lat="43.25251007" lon="-4.85700464"><ele>500.07</ele><time>2024-08-31T13:47:36Z</time></trkpt><trkpt lat="43.25251770" lon="-4.85702133"><ele>499.91</ele><time>2024-08-31T13:47:37Z</time></trkpt><trkpt lat="43.25252533" lon="-4.85703897"><ele>499.75</ele><time>2024-08-31T13:47:38Z</time></trkpt><trkpt lat="43.25252914" lon="-4.85705662"><ele>499.59</ele><time>2024-08-31T13:47:39Z</time></trkpt><trkpt lat="43.25253296" lon="-4.85707474"><ele>499.44</ele><time>2024-08-31T13:47:40Z</time></trkpt><trkpt lat="43.25253677" lon="-4.85709286"><ele>499.28</ele><time>2024-08-31T13:47:41Z</time></trkpt><trkpt lat="43.25254059" lon="-4.85711145"><ele>499.12</ele><time>2024-08-31T13:47:42Z</time></trkpt><trkpt lat="43.25254440" lon="-4.85713005"><ele>498.96</ele><time>2024-08-31T13:47:43Z</time></trkpt><trkpt lat="43.25254822" lon="-4.85714865"><ele>498.80</ele><time>2024-08-31T13:47:44Z</time></trkpt><trkpt lat="43.25255203" lon="-4.85716772"><ele>498.64</ele><time>2024-08-31T13:47:45Z</time></trkpt><trkpt lat="43.25255585" lon="-4.85718632"><ele>498.48</ele><time>2024-08-31T13:47:46Z</time></trkpt><trkpt lat="43.25255585" lon="-4.85720539"><ele>498.32</ele><time>2024-08-31T13:47:47Z</time></trkpt><trkpt lat="43.25255966" lon="-4.85722446"><ele>498.16</ele><time>2024-08-31T13:47:48Z</time></trkpt><trkpt lat="43.25256348" lon="-4.85724306"><ele>498.00</ele><time>2024-08-31T13:47:49Z</time></trkpt><trkpt lat="43.25256348" lon="-4.85726213"><ele>497.83</ele><time>2024-08-31T13:47:50Z</time></trkpt><trkpt lat="43.25256729" lon="-4.85728121"><ele>497.67</ele><time>2024-08-31T13:47:51Z</time></trkpt><trkpt lat="43.25256729" lon="-4.85730028"><ele>497.51</ele><time>2024-08-31T13:47:52Z</time></trkpt><trkpt lat="43.25257111" lon="-4.85731888"><ele>497.34</ele><time>2024-08-31T13:47:53Z</time></trkpt><trkpt lat="43.25257492" lon="-4.85733747"><ele>497.16</ele><time>2024-08-31T13:47:54Z</time></trkpt><trkpt lat="43.25257492" lon="-4.85735607"><ele>496.98</ele><time>2024-08-31T13:47:55Z</time></trkpt><trkpt lat="43.25257874" lon="-4.85737419"><ele>496.80</ele><time>2024-08-31T13:47:56Z</time></trkpt><trkpt lat="43.25258255" lon="-4.85739231"><ele>496.62</ele><time>2024-08-31T13:47:57Z</time></trkpt><trkpt lat="43.25258636" lon="-4.85741043"><ele>496.43</ele><time>2024-08-31T13:47:58Z</time></trkpt><trkpt lat="43.25258636" lon="-4.85742855"><ele>496.24</ele><time>2024-08-31T13:47:59Z</time></trkpt><trkpt lat="43.25259018" lon="-4.85744667"><ele>496.05</ele><time>2024-08-31T13:48:00Z</time></trkpt><trkpt lat="43.25259399" lon="-4.85746479"><ele>495.86</ele><time>2024-08-31T13:48:01Z</time></trkpt><trkpt lat="43.25259781" lon="-4.85748243"><ele>495.67</ele><time>2024-08-31T13:48:02Z</time></trkpt><trkpt lat="43.25259781" lon="-4.85750055"><ele>495.47</ele><time>2024-08-31T13:48:03Z</time></trkpt><trkpt lat="43.25260162" lon="-4.85751867"><ele>495.28</ele><time>2024-08-31T13:48:04Z</time></trkpt><trkpt lat="43.25260544" lon="-4.85753632"><ele>495.08</ele><time>2024-08-31T13:48:05Z</time></trkpt><trkpt lat="43.25260544" lon="-4.85755301"><ele>494.89</ele><time>2024-08-31T13:48:06Z</time></trkpt><trkpt lat="43.25260162" lon="-4.85756922"><ele>494.70</ele><time>2024-08-31T13:48:07Z</time></trkpt><trkpt lat="43.25259781" lon="-4.85758495"><ele>494.51</ele><time>2024-08-31T13:48:08Z</time></trkpt><trkpt lat="43.25259399" lon="-4.85760021"><ele>494.32</ele><time>2024-08-31T13:48:09Z</time></trkpt><trkpt lat="43.25259018" lon="-4.85761499"><ele>494.14</ele><time>2024-08-31T13:48:10Z</time></trkpt><trkpt lat="43.25258636" lon="-4.85762978"><ele>493.95</ele><time>2024-08-31T13:48:11Z</time></trkpt><trkpt lat="43.25257874" lon="-4.85764456"><ele>493.77</ele><time>2024-08-31T13:48:12Z</time></trkpt><trkpt lat="43.25257492" lon="-4.85765934"><ele>493.58</ele><time>2024-08-31T13:48:13Z</time></trkpt><trkpt lat="43.25256729" lon="-4.85767365"><ele>493.40</ele><time>2024-08-31T13:48:14Z</time></trkpt><trkpt lat="43.25255966" lon="-4.85768795"><ele>493.21</ele><time>2024-08-31T13:48:15Z</time></trkpt><trkpt lat="43.25255585" lon="-4.85770273"><ele>493.02</ele><time>2024-08-31T13:48:16Z</time></trkpt><trkpt lat="43.25254822" lon="-4.85771704"><ele>492.84</ele><time>2024-08-31T13:48:17Z</time></trkpt><trkpt lat="43.25254059" lon="-4.85773087"><ele>492.65</ele><time>2024-08-31T13:48:18Z</time></trkpt><trkpt lat="43.25253677" lon="-4.85774612"><ele>492.47</ele><time>2024-08-31T13:48:19Z</time></trkpt><trkpt lat="43.25253296" lon="-4.85776234"><ele>492.28</ele><time>2024-08-31T13:48:20Z</time></trkpt><trkpt lat="43.25252914" lon="-4.85777950"><ele>492.08</ele><time>2024-08-31T13:48:21Z</time></trkpt><trkpt lat="43.25252533" lon="-4.85779715"><ele>491.88</ele><time>2024-08-31T13:48:22Z</time></trkpt><trkpt lat="43.25252533" lon="-4.85781479"><ele>491.67</ele><time>2024-08-31T13:48:23Z</time></trkpt><trkpt lat="43.25252533" lon="-4.85783243"><ele>491.46</ele><time>2024-08-31T13:48:24Z</time></trkpt><trkpt lat="43.25252533" lon="-4.85785055"><ele>491.25</ele><time>2024-08-31T13:48:25Z</time></trkpt><trkpt lat="43.25252533" lon="-4.85786819"><ele>491.04</ele><time>2024-08-31T13:48:26Z</time></trkpt><trkpt lat="43.25252533" lon="-4.85788631"><ele>490.83</ele><time>2024-08-31T13:48:27Z</time></trkpt><trkpt lat="43.25252533" lon="-4.85790443"><ele>490.61</ele><time>2024-08-31T13:48:28Z</time></trkpt><trkpt lat="43.25252533" lon="-4.85792255"><ele>490.40</ele><time>2024-08-31T13:48:29Z</time></trkpt><trkpt lat="43.25252914" lon="-4.85794067"><ele>490.19</ele><time>2024-08-31T13:48:30Z</time></trkpt><trkpt lat="43.25252914" lon="-4.85795832"><ele>489.99</ele><time>2024-08-31T13:48:31Z</time></trkpt><trkpt lat="43.25253296" lon="-4.85797644"><ele>489.80</ele><time>2024-08-31T13:48:32Z</time></trkpt><trkpt lat="43.25253677" lon="-4.85799456"><ele>489.62</ele><time>2024-08-31T13:48:33Z</time></trkpt><trkpt lat="43.25254059" lon="-4.85801315"><ele>489.43</ele><time>2024-08-31T13:48:34Z</time></trkpt><trkpt lat="43.25254440" lon="-4.85803127"><ele>489.25</ele><time>2024-08-31T13:48:35Z</time></trkpt><trkpt lat="43.25254822" lon="-4.85804939"><ele>489.07</ele><time>2024-08-31T13:48:36Z</time></trkpt><trkpt lat="43.25254822" lon="-4.85806799"><ele>488.89</ele><time>2024-08-31T13:48:37Z</time></trkpt><trkpt lat="43.25255203" lon="-4.85808611"><ele>488.70</ele><time>2024-08-31T13:48:38Z</time></trkpt><trkpt lat="43.25255203" lon="-4.85810471"><ele>488.51</ele><time>2024-08-31T13:48:39Z</time></trkpt><trkpt lat="43.25255585" lon="-4.85812330"><ele>488.32</ele><time>2024-08-31T13:48:40Z</time></trkpt><trkpt lat="43.25255585" lon="-4.85814190"><ele>488.12</ele><time>2024-08-31T13:48:41Z</time></trkpt><trkpt lat="43.25255585" lon="-4.85816050"><ele>487.93</ele><time>2024-08-31T13:48:42Z</time></trkpt><trkpt lat="43.25255966" lon="-4.85817957"><ele>487.73</ele><time>2024-08-31T13:48:43Z</time></trkpt><trkpt lat="43.25255966" lon="-4.85819817"><ele>487.53</ele><time>2024-08-31T13:48:44Z</time></trkpt><trkpt lat="43.25255966" lon="-4.85821676"><ele>487.34</ele><time>2024-08-31T13:48:45Z</time></trkpt><trkpt lat="43.25256348" lon="-4.85823584"><ele>487.14</ele><time>2024-08-31T13:48:46Z</time></trkpt><trkpt lat="43.25256348" lon="-4.85825443"><ele>486.94</ele><time>2024-08-31T13:48:47Z</time></trkpt><trkpt lat="43.25256348" lon="-4.85827351"><ele>486.74</ele><time>2024-08-31T13:48:48Z</time></trkpt><trkpt lat="43.25256348" lon="-4.85829210"><ele>486.54</ele><time>2024-08-31T13:48:49Z</time></trkpt><trkpt lat="43.25256729" lon="-4.85831070"><ele>486.33</ele><time>2024-08-31T13:48:50Z</time></trkpt><trkpt lat="43.25257111" lon="-4.85832977"><ele>486.12</ele><time>2024-08-31T13:48:51Z</time></trkpt><trkpt lat="43.25257492" lon="-4.85834837"><ele>485.91</ele><time>2024-08-31T13:48:52Z</time></trkpt><trkpt lat="43.25257874" lon="-4.85836697"><ele>485.69</ele><time>2024-08-31T13:48:53Z</time></trkpt><trkpt lat="43.25258255" lon="-4.85838556"><ele>485.48</ele><time>2024-08-31T13:48:54Z</time></trkpt><trkpt lat="43.25259018" lon="-4.85840416"><ele>485.26</ele><time>2024-08-31T13:48:55Z</time></trkpt><trkpt lat="43.25259399" lon="-4.85842276"><ele>485.04</ele><time>2024-08-31T13:48:56Z</time></trkpt><trkpt lat="43.25259781" lon="-4.85844135"><ele>484.82</ele><time>2024-08-31T13:48:57Z</time></trkpt><trkpt lat="43.25260544" lon="-4.85845995"><ele>484.59</ele><time>2024-08-31T13:48:58Z</time></trkpt><trkpt lat="43.25260925" lon="-4.85847855"><ele>484.37</ele><time>2024-08-31T13:48:59Z</time></trkpt><trkpt lat="43.25261688" lon="-4.85849667"><ele>484.15</ele><time>2024-08-31T13:49:00Z</time></trkpt><trkpt lat="43.25262070" lon="-4.85851383"><ele>483.94</ele><time>2024-08-31T13:49:01Z</time></trkpt><trkpt lat="43.25262833" lon="-4.85853148"><ele>483.72</ele><time>2024-08-31T13:49:02Z</time></trkpt><trkpt lat="43.25263596" lon="-4.85854864"><ele>483.51</ele><time>2024-08-31T13:49:03Z</time></trkpt><trkpt lat="43.25264359" lon="-4.85856533"><ele>483.29</ele><time>2024-08-31T13:49:04Z</time></trkpt><trkpt lat="43.25265121" lon="-4.85858202"><ele>483.08</ele><time>2024-08-31T13:49:05Z</time></trkpt><trkpt lat="43.25265884" lon="-4.85859919"><ele>482.87</ele><time>2024-08-31T13:49:06Z</time></trkpt><trkpt lat="43.25266647" lon="-4.85861588"><ele>482.66</ele><time>2024-08-31T13:49:07Z</time></trkpt><trkpt lat="43.25267792" lon="-4.85863209"><ele>482.45</ele><time>2024-08-31T13:49:08Z</time></trkpt><trkpt lat="43.25268555" lon="-4.85864878"><ele>482.23</ele><time>2024-08-31T13:49:09Z</time></trkpt><trkpt lat="43.25269318" lon="-4.85866547"><ele>482.02</ele><time>2024-08-31T13:49:10Z</time></trkpt><trkpt lat="43.25270081" lon="-4.85868216"><ele>481.81</ele><time>2024-08-31T13:49:11Z</time></trkpt><trkpt lat="43.25270844" lon="-4.85869789"><ele>481.60</ele><time>2024-08-31T13:49:12Z</time></trkpt><trkpt lat="43.25271988" lon="-4.85871315"><ele>481.39</ele><time>2024-08-31T13:49:13Z</time></trkpt><trkpt lat="43.25272751" lon="-4.85872793"><ele>481.17</ele><time>2024-08-31T13:49:14Z</time></trkpt><trkpt lat="43.25273895" lon="-4.85874271"><ele>480.96</ele><time>2024-08-31T13:49:15Z</time></trkpt><trkpt lat="43.25275040" lon="-4.85875750"><ele>480.74</ele><time>2024-08-31T13:49:16Z</time></trkpt><trkpt lat="43.25275803" lon="-4.85877180"><ele>480.52</ele><time>2024-08-31T13:49:17Z</time></trkpt><trkpt lat="43.25276947" lon="-4.85878563"><ele>480.31</ele><time>2024-08-31T13:49:18Z</time></trkpt><trkpt lat="43.25278091" lon="-4.85879993"><ele>480.09</ele><time>2024-08-31T13:49:19Z</time></trkpt><trkpt lat="43.25279236" lon="-4.85881376"><ele>479.87</ele><time>2024-08-31T13:49:20Z</time></trkpt><trkpt lat="43.25279999" lon="-4.85882807"><ele>479.65</ele><time>2024-08-31T13:49:21Z</time></trkpt><trkpt lat="43.25281143" lon="-4.85884190"><ele>479.43</ele><time>2024-08-31T13:49:22Z</time></trkpt><trkpt lat="43.25282288" lon="-4.85885572"><ele>479.21</ele><time>2024-08-31T13:49:23Z</time></trkpt><trkpt lat="43.25283432" lon="-4.85886955"><ele>478.98</ele><time>2024-08-31T13:49:24Z</time></trkpt><trkpt lat="43.25284576" lon="-4.85888290"><ele>478.75</ele><time>2024-08-31T13:49:25Z</time></trkpt><trkpt lat="43.25285721" lon="-4.85889673"><ele>478.52</ele><time>2024-08-31T13:49:26Z</time></trkpt><trkpt lat="43.25286865" lon="-4.85891008"><ele>478.28</ele><time>2024-08-31T13:49:27Z</time></trkpt><trkpt lat="43.25287628" lon="-4.85892391"><ele>478.05</ele><time>2024-08-31T13:49:28Z</time></trkpt><trkpt lat="43.25288773" lon="-4.85893726"><ele>477.82</ele><time>2024-08-31T13:49:29Z</time></trkpt><trkpt lat="43.25289917" lon="-4.85895109"><ele>477.59</ele><time>2024-08-31T13:49:30Z</time></trkpt><trkpt lat="43.25291061" lon="-4.85896492"><ele>477.36</ele><time>2024-08-31T13:49:31Z</time></trkpt><trkpt lat="43.25292206" lon="-4.85897923"><ele>477.14</ele><time>2024-08-31T13:49:32Z</time></trkpt><trkpt lat="43.25293350" lon="-4.85899353"><ele>476.92</ele><time>2024-08-31T13:49:33Z</time></trkpt><trkpt lat="43.25294113" lon="-4.85900831"><ele>476.70</ele><time>2024-08-31T13:49:34Z</time></trkpt><trkpt lat="43.25295258" lon="-4.85902309"><ele>476.49</ele><time>2024-08-31T13:49:35Z</time></trkpt><trkpt lat="43.25296402" lon="-4.85903788"><ele>476.28</ele><time>2024-08-31T13:49:36Z</time></trkpt><trkpt lat="43.25297165" lon="-4.85905266"><ele>476.07</ele><time>2024-08-31T13:49:37Z</time></trkpt><trkpt lat="43.25298309" lon="-4.85906792"><ele>475.86</ele><time>2024-08-31T13:49:38Z</time></trkpt><trkpt lat="43.25299072" lon="-4.85908270"><ele>475.65</ele><time>2024-08-31T13:49:39Z</time></trkpt><trkpt lat="43.25300217" lon="-4.85909796"><ele>475.44</ele><time>2024-08-31T13:49:40Z</time></trkpt><trkpt lat="43.25301361" lon="-4.85911274"><ele>475.24</ele><time>2024-08-31T13:49:41Z</time></trkpt><trkpt lat="43.25302124" lon="-4.85912800"><ele>475.03</ele><time>2024-08-31T13:49:42Z</time></trkpt><trkpt lat="43.25303268" lon="-4.85914278"><ele>474.83</ele><time>2024-08-31T13:49:43Z</time></trkpt><trkpt lat="43.25304413" lon="-4.85915709"><ele>474.63</ele><time>2024-08-31T13:49:44Z</time></trkpt><trkpt lat="43.25305557" lon="-4.85917091"><ele>474.42</ele><time>2024-08-31T13:49:45Z</time></trkpt><trkpt lat="43.25306320" lon="-4.85918522"><ele>474.23</ele><time>2024-08-31T13:49:46Z</time></trkpt><trkpt lat="43.25307465" lon="-4.85919905"><ele>474.03</ele><time>2024-08-31T13:49:47Z</time></trkpt><trkpt lat="43.25308609" lon="-4.85921288"><ele>473.83</ele><time>2024-08-31T13:49:48Z</time></trkpt><trkpt lat="43.25309753" lon="-4.85922623"><ele>473.63</ele><time>2024-08-31T13:49:49Z</time></trkpt><trkpt lat="43.25310898" lon="-4.85924006"><ele>473.44</ele><time>2024-08-31T13:49:50Z</time></trkpt><trkpt lat="43.25312042" lon="-4.85925388"><ele>473.24</ele><time>2024-08-31T13:49:51Z</time></trkpt><trkpt lat="43.25313187" lon="-4.85926723"><ele>473.04</ele><time>2024-08-31T13:49:52Z</time></trkpt><trkpt lat="43.25313950" lon="-4.85928249"><ele>472.84</ele><time>2024-08-31T13:49:53Z</time></trkpt><trkpt lat="43.25314713" lon="-4.85929823"><ele>472.65</ele><time>2024-08-31T13:49:54Z</time></trkpt><trkpt lat="43.25315475" lon="-4.85931492"><ele>472.44</ele><time>2024-08-31T13:49:55Z</time></trkpt><trkpt lat="43.25316238" lon="-4.85933161"><ele>472.24</ele><time>2024-08-31T13:49:56Z</time></trkpt><trkpt lat="43.25317001" lon="-4.85934830"><ele>472.04</ele><time>2024-08-31T13:49:57Z</time></trkpt><trkpt lat="43.25317383" lon="-4.85936546"><ele>471.84</ele><time>2024-08-31T13:49:58Z</time></trkpt><trkpt lat="43.25318146" lon="-4.85938311"><ele>471.65</ele><time>2024-08-31T13:49:59Z</time></trkpt><trkpt lat="43.25318909" lon="-4.85940027"><ele>471.45</ele><time>2024-08-31T13:50:00Z</time></trkpt><trkpt lat="43.25319290" lon="-4.85941792"><ele>471.25</ele><time>2024-08-31T13:50:01Z</time></trkpt><trkpt lat="43.25320053" lon="-4.85943556"><ele>471.05</ele><time>2024-08-31T13:50:02Z</time></trkpt><trkpt lat="43.25320435" lon="-4.85945320"><ele>470.85</ele><time>2024-08-31T13:50:03Z</time></trkpt><trkpt lat="43.25321198" lon="-4.85947084"><ele>470.64</ele><time>2024-08-31T13:50:04Z</time></trkpt><trkpt lat="43.25321579" lon="-4.85948849"><ele>470.44</ele><time>2024-08-31T13:50:05Z</time></trkpt><trkpt lat="43.25321960" lon="-4.85950661"><ele>470.25</ele><time>2024-08-31T13:50:06Z</time></trkpt><trkpt lat="43.25322342" lon="-4.85952473"><ele>470.07</ele><time>2024-08-31T13:50:07Z</time></trkpt><trkpt lat="43.25322342" lon="-4.85954332"><ele>469.90</ele><time>2024-08-31T13:50:08Z</time></trkpt><trkpt lat="43.25322342" lon="-4.85956192"><ele>469.73</ele><time>2024-08-31T13:50:09Z</time></trkpt><trkpt lat="43.25321960" lon="-4.85958052"><ele>469.57</ele><time>2024-08-31T13:50:10Z</time></trkpt><trkpt lat="43.25321960" lon="-4.85959911"><ele>469.41</ele><time>2024-08-31T13:50:11Z</time></trkpt><trkpt lat="43.25321960" lon="-4.85961771"><ele>469.25</ele><time>2024-08-31T13:50:12Z</time></trkpt><trkpt lat="43.25321579" lon="-4.85963678"><ele>469.10</ele><time>2024-08-31T13:50:13Z</time></trkpt><trkpt lat="43.25321198" lon="-4.85965586"><ele>468.95</ele><time>2024-08-31T13:50:14Z</time></trkpt><trkpt lat="43.25321198" lon="-4.85967445"><ele>468.80</ele><time>2024-08-31T13:50:15Z</time></trkpt><trkpt lat="43.25320816" lon="-4.85969353"><ele>468.66</ele><time>2024-08-31T13:50:16Z</time></trkpt><trkpt lat="43.25320816" lon="-4.85971260"><ele>468.51</ele><time>2024-08-31T13:50:17Z</time></trkpt><trkpt lat="43.25320435" lon="-4.85973167"><ele>468.37</ele><time>2024-08-31T13:50:18Z</time></trkpt><trkpt lat="43.25320053" lon="-4.85975075"><ele>468.23</ele><time>2024-08-31T13:50:19Z</time></trkpt><trkpt lat="43.25320053" lon="-4.85976982"><ele>468.08</ele><time>2024-08-31T13:50:20Z</time></trkpt><trkpt lat="43.25319672" lon="-4.85978889"><ele>467.94</ele><time>2024-08-31T13:50:21Z</time></trkpt><trkpt lat="43.25319290" lon="-4.85980844"><ele>467.81</ele><time>2024-08-31T13:50:22Z</time></trkpt><trkpt lat="43.25319290" lon="-4.85982752"><ele>467.67</ele><time>2024-08-31T13:50:23Z</time></trkpt><trkpt lat="43.25318909" lon="-4.85984659"><ele>467.53</ele><time>2024-08-31T13:50:24Z</time></trkpt><trkpt lat="43.25318527" lon="-4.85986567"><ele>467.39</ele><time>2024-08-31T13:50:25Z</time></trkpt><trkpt lat="43.25318527" lon="-4.85988474"><ele>467.25</ele><time>2024-08-31T13:50:26Z</time></trkpt><trkpt lat="43.25318146" lon="-4.85990381"><ele>467.10</ele><time>2024-08-31T13:50:27Z</time></trkpt><trkpt lat="43.25318146" lon="-4.85992336"><ele>466.96</ele><time>2024-08-31T13:50:28Z</time></trkpt><trkpt lat="43.25317764" lon="-4.85994244"><ele>466.81</ele><time>2024-08-31T13:50:29Z</time></trkpt><trkpt lat="43.25317383" lon="-4.85996151"><ele>466.67</ele><time>2024-08-31T13:50:30Z</time></trkpt><trkpt lat="43.25317383" lon="-4.85998058"><ele>466.52</ele><time>2024-08-31T13:50:31Z</time></trkpt><trkpt lat="43.25317001" lon="-4.86000013"><ele>466.38</ele><time>2024-08-31T13:50:32Z</time></trkpt><trkpt lat="43.25317001" lon="-4.86001921"><ele>466.23</ele><time>2024-08-31T13:50:33Z</time></trkpt><trkpt lat="43.25316620" lon="-4.86003828"><ele>466.08</ele><time>2024-08-31T13:50:34Z</time></trkpt><trkpt lat="43.25316620" lon="-4.86005735"><ele>465.94</ele><time>2024-08-31T13:50:35Z</time></trkpt><trkpt lat="43.25316238" lon="-4.86007690"><ele>465.79</ele><time>2024-08-31T13:50:36Z</time></trkpt><trkpt lat="43.25316238" lon="-4.86009598"><ele>465.64</ele><time>2024-08-31T13:50:37Z</time></trkpt><trkpt lat="43.25315857" lon="-4.86011505"><ele>465.49</ele><time>2024-08-31T13:50:38Z</time></trkpt><trkpt lat="43.25315857" lon="-4.86013460"><ele>465.35</ele><time>2024-08-31T13:50:39Z</time></trkpt><trkpt lat="43.25315475" lon="-4.86015368"><ele>465.20</ele><time>2024-08-31T13:50:40Z</time></trkpt><trkpt lat="43.25315475" lon="-4.86017275"><ele>465.05</ele><time>2024-08-31T13:50:41Z</time></trkpt><trkpt lat="43.25315094" lon="-4.86019230"><ele>464.90</ele><time>2024-08-31T13:50:42Z</time></trkpt><trkpt lat="43.25314713" lon="-4.86021185"><ele>464.75</ele><time>2024-08-31T13:50:43Z</time></trkpt><trkpt lat="43.25314713" lon="-4.86023140"><ele>464.59</ele><time>2024-08-31T13:50:44Z</time></trkpt><trkpt lat="43.25314331" lon="-4.86025095"><ele>464.43</ele><time>2024-08-31T13:50:45Z</time></trkpt><trkpt lat="43.25313950" lon="-4.86027050"><ele>464.27</ele><time>2024-08-31T13:50:46Z</time></trkpt><trkpt lat="43.25313950" lon="-4.86029005"><ele>464.11</ele><time>2024-08-31T13:50:47Z</time></trkpt><trkpt lat="43.25313568" lon="-4.86030960"><ele>463.95</ele><time>2024-08-31T13:50:48Z</time></trkpt><trkpt lat="43.25313187" lon="-4.86032915"><ele>463.79</ele><time>2024-08-31T13:50:49Z</time></trkpt><trkpt lat="43.25312805" lon="-4.86034870"><ele>463.63</ele><time>2024-08-31T13:50:50Z</time></trkpt><trkpt lat="43.25312805" lon="-4.86036825"><ele>463.46</ele><time>2024-08-31T13:50:51Z</time></trkpt><trkpt lat="43.25312424" lon="-4.86038780"><ele>463.30</ele><time>2024-08-31T13:50:52Z</time></trkpt><trkpt lat="43.25312042" lon="-4.86040735"><ele>463.14</ele><time>2024-08-31T13:50:53Z</time></trkpt><trkpt lat="43.25311661" lon="-4.86042738"><ele>462.97</ele><time>2024-08-31T13:50:54Z</time></trkpt><trkpt lat="43.25311279" lon="-4.86044693"><ele>462.81</ele><time>2024-08-31T13:50:55Z</time></trkpt><trkpt lat="43.25311279" lon="-4.86046648"><ele>462.64</ele><time>2024-08-31T13:50:56Z</time></trkpt><trkpt lat="43.25310898" lon="-4.86048555"><ele>462.48</ele><time>2024-08-31T13:50:57Z</time></trkpt><trkpt lat="43.25310516" lon="-4.86050463"><ele>462.33</ele><time>2024-08-31T13:50:58Z</time></trkpt><trkpt lat="43.25310135" lon="-4.86052322"><ele>462.17</ele><time>2024-08-31T13:50:59Z</time></trkpt><trkpt lat="43.25309753" lon="-4.86054230"><ele>462.02</ele><time>2024-08-31T13:51:00Z</time></trkpt><trkpt lat="43.25308990" lon="-4.86056089"><ele>461.87</ele><time>2024-08-31T13:51:01Z</time></trkpt><trkpt lat="43.25308609" lon="-4.86057949"><ele>461.72</ele><time>2024-08-31T13:51:02Z</time></trkpt><trkpt lat="43.25308228" lon="-4.86059809"><ele>461.57</ele><time>2024-08-31T13:51:03Z</time></trkpt><trkpt lat="43.25307846" lon="-4.86061621"><ele>461.42</ele><time>2024-08-31T13:51:04Z</time></trkpt><trkpt lat="43.25307465" lon="-4.86063480"><ele>461.27</ele><time>2024-08-31T13:51:05Z</time></trkpt><trkpt lat="43.25306702" lon="-4.86065340"><ele>461.12</ele><time>2024-08-31T13:51:06Z</time></trkpt><trkpt lat="43.25306320" lon="-4.86067200"><ele>460.97</ele><time>2024-08-31T13:51:07Z</time></trkpt><trkpt lat="43.25305939" lon="-4.86069012"><ele>460.82</ele><time>2024-08-31T13:51:08Z</time></trkpt><trkpt lat="43.25305557" lon="-4.86070871"><ele>460.67</ele><time>2024-08-31T13:51:09Z</time></trkpt><trkpt lat="43.25305176" lon="-4.86072731"><ele>460.52</ele><time>2024-08-31T13:51:10Z</time></trkpt><trkpt lat="43.25304413" lon="-4.86074543"><ele>460.38</ele><time>2024-08-31T13:51:11Z</time></trkpt><trkpt lat="43.25304031" lon="-4.86076403"><ele>460.23</ele><time>2024-08-31T13:51:12Z</time></trkpt><trkpt lat="43.25303650" lon="-4.86078262"><ele>460.08</ele><time>2024-08-31T13:51:13Z</time></trkpt><trkpt lat="43.25303268" lon="-4.86080122"><ele>459.92</ele><time>2024-08-31T13:51:14Z</time></trkpt><trkpt lat="43.25303268" lon="-4.86082029"><ele>459.74</ele><time>2024-08-31T13:51:15Z</time></trkpt><trkpt lat="43.25303650" lon="-4.86083889"><ele>459.56</ele><time>2024-08-31T13:51:16Z</time></trkpt><trkpt lat="43.25303650" lon="-4.86085749"><ele>459.36</ele><time>2024-08-31T13:51:17Z</time></trkpt><trkpt lat="43.25304031" lon="-4.86087656"><ele>459.16</ele><time>2024-08-31T13:51:18Z</time></trkpt><trkpt lat="43.25304413" lon="-4.86089468"><ele>458.96</ele><time>2024-08-31T13:51:19Z</time></trkpt><trkpt lat="43.25304794" lon="-4.86091328"><ele>458.76</ele><time>2024-08-31T13:51:20Z</time></trkpt><trkpt lat="43.25305176" lon="-4.86093187"><ele>458.55</ele><time>2024-08-31T13:51:21Z</time></trkpt><trkpt lat="43.25305939" lon="-4.86095047"><ele>458.33</ele><time>2024-08-31T13:51:22Z</time></trkpt><trkpt lat="43.25306320" lon="-4.86096859"><ele>458.12</ele><time>2024-08-31T13:51:23Z</time></trkpt><trkpt lat="43.25306702" lon="-4.86098719"><ele>457.89</ele><time>2024-08-31T13:51:24Z</time></trkpt><trkpt lat="43.25307083" lon="-4.86100626"><ele>457.64</ele><time>2024-08-31T13:51:25Z</time></trkpt><trkpt lat="43.25307465" lon="-4.86102486"><ele>457.41</ele><time>2024-08-31T13:51:26Z</time></trkpt><trkpt lat="43.25307846" lon="-4.86104345"><ele>457.18</ele><time>2024-08-31T13:51:27Z</time></trkpt><trkpt lat="43.25308609" lon="-4.86106205"><ele>456.96</ele><time>2024-08-31T13:51:28Z</time></trkpt><trkpt lat="43.25308990" lon="-4.86108065"><ele>456.74</ele><time>2024-08-31T13:51:29Z</time></trkpt><trkpt lat="43.25309372" lon="-4.86109972"><ele>456.52</ele><time>2024-08-31T13:51:30Z</time></trkpt><trkpt lat="43.25309753" lon="-4.86111832"><ele>456.31</ele><time>2024-08-31T13:51:31Z</time></trkpt><trkpt lat="43.25310135" lon="-4.86113739"><ele>456.10</ele><time>2024-08-31T13:51:32Z</time></trkpt><trkpt lat="43.25310516" lon="-4.86115599"><ele>455.88</ele><time>2024-08-31T13:51:33Z</time></trkpt><trkpt lat="43.25310898" lon="-4.86117506"><ele>455.67</ele><time>2024-08-31T13:51:34Z</time></trkpt><trkpt lat="43.25311661" lon="-4.86119413"><ele>455.46</ele><time>2024-08-31T13:51:35Z</time></trkpt><trkpt lat="43.25312042" lon="-4.86121321"><ele>455.25</ele><time>2024-08-31T13:51:36Z</time></trkpt><trkpt lat="43.25312424" lon="-4.86123228"><ele>455.04</ele><time>2024-08-31T13:51:37Z</time></trkpt><trkpt lat="43.25312805" lon="-4.86125135"><ele>454.82</ele><time>2024-08-31T13:51:38Z</time></trkpt><trkpt lat="43.25313568" lon="-4.86127043"><ele>454.58</ele><time>2024-08-31T13:51:39Z</time></trkpt><trkpt lat="43.25313950" lon="-4.86128902"><ele>454.34</ele><time>2024-08-31T13:51:40Z</time></trkpt><trkpt lat="43.25314713" lon="-4.86130810"><ele>454.10</ele><time>2024-08-31T13:51:41Z</time></trkpt><trkpt lat="43.25314713" lon="-4.86132622"><ele>453.86</ele><time>2024-08-31T13:51:42Z</time></trkpt><trkpt lat="43.25314713" lon="-4.86134386"><ele>453.62</ele><time>2024-08-31T13:51:43Z</time></trkpt><trkpt lat="43.25314713" lon="-4.86136103"><ele>453.39</ele><time>2024-08-31T13:51:44Z</time></trkpt><trkpt lat="43.25314331" lon="-4.86137867"><ele>453.16</ele><time>2024-08-31T13:51:45Z</time></trkpt><trkpt lat="43.25313950" lon="-4.86139584"><ele>452.92</ele><time>2024-08-31T13:51:46Z</time></trkpt><trkpt lat="43.25314331" lon="-4.86141205"><ele>452.69</ele><time>2024-08-31T13:51:47Z</time></trkpt><trkpt lat="43.25314713" lon="-4.86142731"><ele>452.45</ele><time>2024-08-31T13:51:48Z</time></trkpt><trkpt lat="43.25315094" lon="-4.86144209"><ele>452.21</ele><time>2024-08-31T13:51:49Z</time></trkpt><trkpt lat="43.25315475" lon="-4.86145687"><ele>451.97</ele><time>2024-08-31T13:51:50Z</time></trkpt><trkpt lat="43.25316238" lon="-4.86147070"><ele>451.73</ele><time>2024-08-31T13:51:51Z</time></trkpt><trkpt lat="43.25317001" lon="-4.86148453"><ele>451.49</ele><time>2024-08-31T13:51:52Z</time></trkpt><trkpt lat="43.25317764" lon="-4.86149597"><ele>451.23</ele><time>2024-08-31T13:51:53Z</time></trkpt><trkpt lat="43.25318909" lon="-4.86150599"><ele>450.96</ele><time>2024-08-31T13:51:54Z</time></trkpt><trkpt lat="43.25320053" lon="-4.86151266"><ele>450.71</ele><time>2024-08-31T13:51:55Z</time></trkpt><trkpt lat="43.25321198" lon="-4.86151743"><ele>450.47</ele><time>2024-08-31T13:51:56Z</time></trkpt><trkpt lat="43.25321960" lon="-4.86152029"><ele>450.23</ele><time>2024-08-31T13:51:57Z</time></trkpt><trkpt lat="43.25323105" lon="-4.86152267"><ele>450.00</ele><time>2024-08-31T13:51:58Z</time></trkpt><trkpt lat="43.25324249" lon="-4.86152363"><ele>449.78</ele><time>2024-08-31T13:51:59Z</time></trkpt><trkpt lat="43.25325394" lon="-4.86152411"><ele>449.55</ele><time>2024-08-31T13:52:00Z</time></trkpt><trkpt lat="43.25326538" lon="-4.86152458"><ele>449.32</ele><time>2024-08-31T13:52:01Z</time></trkpt><trkpt lat="43.25327682" lon="-4.86152411"><ele>449.10</ele><time>2024-08-31T13:52:02Z</time></trkpt><trkpt lat="43.25328827" lon="-4.86152363"><ele>448.88</ele><time>2024-08-31T13:52:03Z</time></trkpt><trkpt lat="43.25329971" lon="-4.86152267"><ele>448.65</ele><time>2024-08-31T13:52:04Z</time></trkpt><trkpt lat="43.25331116" lon="-4.86152411"><ele>448.43</ele><time>2024-08-31T13:52:05Z</time></trkpt><trkpt lat="43.25332260" lon="-4.86152649"><ele>448.20</ele><time>2024-08-31T13:52:06Z</time></trkpt><trkpt lat="43.25333405" lon="-4.86152983"><ele>447.98</ele><time>2024-08-31T13:52:07Z</time></trkpt><trkpt lat="43.25334930" lon="-4.86153364"><ele>447.75</ele><time>2024-08-31T13:52:08Z</time></trkpt><trkpt lat="43.25336075" lon="-4.86153841"><ele>447.52</ele><time>2024-08-31T13:52:09Z</time></trkpt><trkpt lat="43.25337219" lon="-4.86154318"><ele>447.30</ele><time>2024-08-31T13:52:10Z</time></trkpt><trkpt lat="43.25338745" lon="-4.86154842"><ele>447.07</ele><time>2024-08-31T13:52:11Z</time></trkpt><trkpt lat="43.25339890" lon="-4.86155415"><ele>446.85</ele><time>2024-08-31T13:52:12Z</time></trkpt><trkpt lat="43.25341034" lon="-4.86155987"><ele>446.62</ele><time>2024-08-31T13:52:13Z</time></trkpt><trkpt lat="43.25342560" lon="-4.86156511"><ele>446.40</ele><time>2024-08-31T13:52:14Z</time></trkpt><trkpt lat="43.25343704" lon="-4.86156988"><ele>446.18</ele><time>2024-08-31T13:52:15Z</time></trkpt><trkpt lat="43.25344467" lon="-4.86157513"><ele>445.98</ele><time>2024-08-31T13:52:16Z</time></trkpt><trkpt lat="43.25344849" lon="-4.86158180"><ele>445.77</ele><time>2024-08-31T13:52:17Z</time></trkpt><trkpt lat="43.25345230" lon="-4.86158895"><ele>445.56</ele><time>2024-08-31T13:52:18Z</time></trkpt><trkpt lat="43.25344849" lon="-4.86159611"><ele>445.36</ele><time>2024-08-31T13:52:19Z</time></trkpt><trkpt lat="43.25344849" lon="-4.86160326"><ele>445.16</ele><time>2024-08-31T13:52:20Z</time></trkpt><trkpt lat="43.25344086" lon="-4.86161089"><ele>444.95</ele><time>2024-08-31T13:52:21Z</time></trkpt><trkpt lat="43.25343323" lon="-4.86161852"><ele>444.73</ele><time>2024-08-31T13:52:22Z</time></trkpt><trkpt lat="43.25342560" lon="-4.86162663"><ele>444.51</ele><time>2024-08-31T13:52:23Z</time></trkpt><trkpt lat="43.25341797" lon="-4.86163425"><ele>444.29</ele><time>2024-08-31T13:52:24Z</time></trkpt><trkpt lat="43.25340652" lon="-4.86164284"><ele>444.07</ele><time>2024-08-31T13:52:25Z</time></trkpt><trkpt lat="43.25340271" lon="-4.86165094"><ele>443.86</ele><time>2024-08-31T13:52:26Z</time></trkpt><trkpt lat="43.25339890" lon="-4.86165857"><ele>443.66</ele><time>2024-08-31T13:52:27Z</time></trkpt><trkpt lat="43.25339890" lon="-4.86166620"><ele>443.47</ele><time>2024-08-31T13:52:28Z</time></trkpt><trkpt lat="43.25339890" lon="-4.86167336"><ele>443.28</ele><time>2024-08-31T13:52:29Z</time></trkpt><trkpt lat="43.25339890" lon="-4.86168003"><ele>443.10</ele><time>2024-08-31T13:52:30Z</time></trkpt><trkpt lat="43.25340271" lon="-4.86168623"><ele>442.92</ele><time>2024-08-31T13:52:31Z</time></trkpt><trkpt lat="43.25340652" lon="-4.86169195"><ele>442.74</ele><time>2024-08-31T13:52:32Z</time></trkpt><trkpt lat="43.25341415" lon="-4.86169720"><ele>442.56</ele><time>2024-08-31T13:52:33Z</time></trkpt><trkpt lat="43.25342178" lon="-4.86170244"><ele>442.38</ele><time>2024-08-31T13:52:34Z</time></trkpt><trkpt lat="43.25342941" lon="-4.86170721"><ele>442.20</ele><time>2024-08-31T13:52:35Z</time></trkpt><trkpt lat="43.25344086" lon="-4.86171246"><ele>442.02</ele><time>2024-08-31T13:52:36Z</time></trkpt><trkpt lat="43.25344849" lon="-4.86171722"><ele>441.84</ele><time>2024-08-31T13:52:37Z</time></trkpt><trkpt lat="43.25345993" lon="-4.86172199"><ele>441.66</ele><time>2024-08-31T13:52:38Z</time></trkpt><trkpt lat="43.25347137" lon="-4.86172676"><ele>441.48</ele><time>2024-08-31T13:52:39Z</time></trkpt><trkpt lat="43.25348282" lon="-4.86173201"><ele>441.30</ele><time>2024-08-31T13:52:40Z</time></trkpt><trkpt lat="43.25349426" lon="-4.86173677"><ele>441.12</ele><time>2024-08-31T13:52:41Z</time></trkpt><trkpt lat="43.25350571" lon="-4.86174202"><ele>440.94</ele><time>2024-08-31T13:52:42Z</time></trkpt><trkpt lat="43.25351715" lon="-4.86174679"><ele>440.76</ele><time>2024-08-31T13:52:43Z</time></trkpt><trkpt lat="43.25352859" lon="-4.86175203"><ele>440.58</ele><time>2024-08-31T13:52:44Z</time></trkpt><trkpt lat="43.25354004" lon="-4.86175680"><ele>440.40</ele><time>2024-08-31T13:52:45Z</time></trkpt><trkpt lat="43.25355530" lon="-4.86176300"><ele>440.22</ele><time>2024-08-31T13:52:46Z</time></trkpt><trkpt lat="43.25356674" lon="-4.86177206"><ele>440.05</ele><time>2024-08-31T13:52:47Z</time></trkpt><trkpt lat="43.25357819" lon="-4.86178255"><ele>439.89</ele><time>2024-08-31T13:52:48Z</time></trkpt><trkpt lat="43.25358582" lon="-4.86179447"><ele>439.73</ele><time>2024-08-31T13:52:49Z</time></trkpt><trkpt lat="43.25359726" lon="-4.86180735"><ele>439.58</ele><time>2024-08-31T13:52:50Z</time></trkpt><trkpt lat="43.25360870" lon="-4.86182117"><ele>439.44</ele><time>2024-08-31T13:52:51Z</time></trkpt><trkpt lat="43.25361633" lon="-4.86183548"><ele>439.29</ele><time>2024-08-31T13:52:52Z</time></trkpt><trkpt lat="43.25362778" lon="-4.86184978"><ele>439.15</ele><time>2024-08-31T13:52:53Z</time></trkpt><trkpt lat="43.25363922" lon="-4.86186504"><ele>439.01</ele><time>2024-08-31T13:52:54Z</time></trkpt><trkpt lat="43.25364685" lon="-4.86188030"><ele>438.88</ele><time>2024-08-31T13:52:55Z</time></trkpt><trkpt lat="43.25365829" lon="-4.86189604"><ele>438.74</ele><time>2024-08-31T13:52:56Z</time></trkpt><trkpt lat="43.25366974" lon="-4.86191177"><ele>438.61</ele><time>2024-08-31T13:52:57Z</time></trkpt><trkpt lat="43.25367737" lon="-4.86192751"><ele>438.48</ele><time>2024-08-31T13:52:58Z</time></trkpt><trkpt lat="43.25368881" lon="-4.86194372"><ele>438.35</ele><time>2024-08-31T13:52:59Z</time></trkpt><trkpt lat="43.25370026" lon="-4.86195993"><ele>438.22</ele><time>2024-08-31T13:53:00Z</time></trkpt><trkpt lat="43.25370789" lon="-4.86197615"><ele>438.10</ele><time>2024-08-31T13:53:01Z</time></trkpt><trkpt lat="43.25371933" lon="-4.86199236"><ele>437.97</ele><time>2024-08-31T13:53:02Z</time></trkpt><trkpt lat="43.25373077" lon="-4.86200857"><ele>437.84</ele><time>2024-08-31T13:53:03Z</time></trkpt><trkpt lat="43.25373840" lon="-4.86202478"><ele>437.72</ele><time>2024-08-31T13:53:04Z</time></trkpt><trkpt lat="43.25374985" lon="-4.86204147"><ele>437.59</ele><time>2024-08-31T13:53:05Z</time></trkpt><trkpt lat="43.25375748" lon="-4.86205816"><ele>437.47</ele><time>2024-08-31T13:53:06Z</time></trkpt><trkpt lat="43.25376511" lon="-4.86207581"><ele>437.36</ele><time>2024-08-31T13:53:07Z</time></trkpt><trkpt lat="43.25377274" lon="-4.86209345"><ele>437.26</ele><time>2024-08-31T13:53:08Z</time></trkpt><trkpt lat="43.25378036" lon="-4.86211157"><ele>437.16</ele><time>2024-08-31T13:53:09Z</time></trkpt><trkpt lat="43.25378799" lon="-4.86212969"><ele>437.06</ele><time>2024-08-31T13:53:10Z</time></trkpt><trkpt lat="43.25379562" lon="-4.86214828"><ele>436.97</ele><time>2024-08-31T13:53:11Z</time></trkpt><trkpt lat="43.25380325" lon="-4.86216640"><ele>436.88</ele><time>2024-08-31T13:53:12Z</time></trkpt><trkpt lat="43.25380707" lon="-4.86218500"><ele>436.80</ele><time>2024-08-31T13:53:13Z</time></trkpt><trkpt lat="43.25381470" lon="-4.86220407"><ele>436.72</ele><time>2024-08-31T13:53:14Z</time></trkpt><trkpt lat="43.25382233" lon="-4.86222267"><ele>436.64</ele><time>2024-08-31T13:53:15Z</time></trkpt><trkpt lat="43.25382996" lon="-4.86224127"><ele>436.56</ele><time>2024-08-31T13:53:16Z</time></trkpt><trkpt lat="43.25383377" lon="-4.86226034"><ele>436.49</ele><time>2024-08-31T13:53:17Z</time></trkpt><trkpt lat="43.25384140" lon="-4.86227894"><ele>436.42</ele><time>2024-08-31T13:53:18Z</time></trkpt><trkpt lat="43.25384903" lon="-4.86229753"><ele>436.35</ele><time>2024-08-31T13:53:19Z</time></trkpt><trkpt lat="43.25385284" lon="-4.86231661"><ele>436.28</ele><time>2024-08-31T13:53:20Z</time></trkpt><trkpt lat="43.25386047" lon="-4.86233521"><ele>436.22</ele><time>2024-08-31T13:53:21Z</time></trkpt><trkpt lat="43.25386810" lon="-4.86235428"><ele>436.16</ele><time>2024-08-31T13:53:22Z</time></trkpt><trkpt lat="43.25387192" lon="-4.86237288"><ele>436.10</ele><time>2024-08-31T13:53:23Z</time></trkpt><trkpt lat="43.25387955" lon="-4.86239195"><ele>436.04</ele><time>2024-08-31T13:53:24Z</time></trkpt><trkpt lat="43.25388336" lon="-4.86241102"><ele>435.98</ele><time>2024-08-31T13:53:25Z</time></trkpt><trkpt lat="43.25389099" lon="-4.86243010"><ele>435.92</ele><time>2024-08-31T13:53:26Z</time></trkpt><trkpt lat="43.25389481" lon="-4.86244965"><ele>435.86</ele><time>2024-08-31T13:53:27Z</time></trkpt><trkpt lat="43.25389862" lon="-4.86246872"><ele>435.80</ele><time>2024-08-31T13:53:28Z</time></trkpt><trkpt lat="43.25389862" lon="-4.86248827"><ele>435.74</ele><time>2024-08-31T13:53:29Z</time></trkpt><trkpt lat="43.25390244" lon="-4.86250782"><ele>435.68</ele><time>2024-08-31T13:53:30Z</time></trkpt><trkpt lat="43.25390625" lon="-4.86252737"><ele>435.62</ele><time>2024-08-31T13:53:31Z</time></trkpt><trkpt lat="43.25391006" lon="-4.86254692"><ele>435.57</ele><time>2024-08-31T13:53:32Z</time></trkpt><trkpt lat="43.25391388" lon="-4.86256695"><ele>435.51</ele><time>2024-08-31T13:53:33Z</time></trkpt><trkpt lat="43.25391388" lon="-4.86258650"><ele>435.45</ele><time>2024-08-31T13:53:34Z</time></trkpt><trkpt lat="43.25391769" lon="-4.86260605"><ele>435.40</ele><time>2024-08-31T13:53:35Z</time></trkpt><trkpt lat="43.25392151" lon="-4.86262560"><ele>435.34</ele><time>2024-08-31T13:53:36Z</time></trkpt><trkpt lat="43.25392151" lon="-4.86264563"><ele>435.29</ele><time>2024-08-31T13:53:37Z</time></trkpt><trkpt lat="43.25392532" lon="-4.86266518"><ele>435.24</ele><time>2024-08-31T13:53:38Z</time></trkpt><trkpt lat="43.25392914" lon="-4.86268520"><ele>435.18</ele><time>2024-08-31T13:53:39Z</time></trkpt><trkpt lat="43.25392914" lon="-4.86270523"><ele>435.13</ele><time>2024-08-31T13:53:40Z</time></trkpt><trkpt lat="43.25393295" lon="-4.86272478"><ele>435.08</ele><time>2024-08-31T13:53:41Z</time></trkpt><trkpt lat="43.25393677" lon="-4.86274481"><ele>435.02</ele><time>2024-08-31T13:53:42Z</time></trkpt><trkpt lat="43.25393677" lon="-4.86276436"><ele>434.97</ele><time>2024-08-31T13:53:43Z</time></trkpt><trkpt lat="43.25394058" lon="-4.86278439"><ele>434.92</ele><time>2024-08-31T13:53:44Z</time></trkpt><trkpt lat="43.25394440" lon="-4.86280441"><ele>434.87</ele><time>2024-08-31T13:53:45Z</time></trkpt><trkpt lat="43.25394440" lon="-4.86282444"><ele>434.82</ele><time>2024-08-31T13:53:46Z</time></trkpt><trkpt lat="43.25394821" lon="-4.86284399"><ele>434.77</ele><time>2024-08-31T13:53:47Z</time></trkpt><trkpt lat="43.25395203" lon="-4.86286402"><ele>434.72</ele><time>2024-08-31T13:53:48Z</time></trkpt><trkpt lat="43.25395203" lon="-4.86288309"><ele>434.67</ele><time>2024-08-31T13:53:49Z</time></trkpt><trkpt lat="43.25394821" lon="-4.86290169"><ele>434.62</ele><time>2024-08-31T13:53:50Z</time></trkpt><trkpt lat="43.25394821" lon="-4.86292028"><ele>434.58</ele><time>2024-08-31T13:53:51Z</time></trkpt><trkpt lat="43.25394440" lon="-4.86293793"><ele>434.54</ele><time>2024-08-31T13:53:52Z</time></trkpt><trkpt lat="43.25394058" lon="-4.86295557"><ele>434.49</ele><time>2024-08-31T13:53:53Z</time></trkpt><trkpt lat="43.25393677" lon="-4.86297321"><ele>434.45</ele><time>2024-08-31T13:53:54Z</time></trkpt><trkpt lat="43.25393295" lon="-4.86299086"><ele>434.41</ele><time>2024-08-31T13:53:55Z</time></trkpt><trkpt lat="43.25392914" lon="-4.86300802"><ele>434.36</ele><time>2024-08-31T13:53:56Z</time></trkpt><trkpt lat="43.25392151" lon="-4.86302567"><ele>434.32</ele><time>2024-08-31T13:53:57Z</time></trkpt><trkpt lat="43.25391769" lon="-4.86304283"><ele>434.27</ele><time>2024-08-31T13:53:58Z</time></trkpt><trkpt lat="43.25391388" lon="-4.86306000"><ele>434.23</ele><time>2024-08-31T13:53:59Z</time></trkpt><trkpt lat="43.25391006" lon="-4.86307669"><ele>434.18</ele><time>2024-08-31T13:54:00Z</time></trkpt><trkpt lat="43.25390244" lon="-4.86309385"><ele>434.14</ele><time>2024-08-31T13:54:01Z</time></trkpt><trkpt lat="43.25389862" lon="-4.86311102"><ele>434.09</ele><time>2024-08-31T13:54:02Z</time></trkpt><trkpt lat="43.25389481" lon="-4.86312771"><ele>434.04</ele><time>2024-08-31T13:54:03Z</time></trkpt><trkpt lat="43.25388718" lon="-4.86314487"><ele>433.99</ele><time>2024-08-31T13:54:04Z</time></trkpt><trkpt lat="43.25388336" lon="-4.86316156"><ele>433.94</ele><time>2024-08-31T13:54:05Z</time></trkpt><trkpt lat="43.25387573" lon="-4.86317825"><ele>433.88</ele><time>2024-08-31T13:54:06Z</time></trkpt><trkpt lat="43.25387192" lon="-4.86319494"><ele>433.82</ele><time>2024-08-31T13:54:07Z</time></trkpt><trkpt lat="43.25386429" lon="-4.86321115"><ele>433.76</ele><time>2024-08-31T13:54:08Z</time></trkpt><trkpt lat="43.25385666" lon="-4.86322737"><ele>433.71</ele><time>2024-08-31T13:54:09Z</time></trkpt><trkpt lat="43.25384903" lon="-4.86324310"><ele>433.66</ele><time>2024-08-31T13:54:10Z</time></trkpt><trkpt lat="43.25384521" lon="-4.86325979"><ele>433.61</ele><time>2024-08-31T13:54:11Z</time></trkpt><trkpt lat="43.25384140" lon="-4.86327648"><ele>433.55</ele><time>2024-08-31T13:54:12Z</time></trkpt><trkpt lat="43.25384140" lon="-4.86329365"><ele>433.48</ele><time>2024-08-31T13:54:13Z</time></trkpt><trkpt lat="43.25384140" lon="-4.86331081"><ele>433.41</ele><time>2024-08-31T13:54:14Z</time></trkpt><trkpt lat="43.25384140" lon="-4.86332846"><ele>433.34</ele><time>2024-08-31T13:54:15Z</time></trkpt><trkpt lat="43.25384521" lon="-4.86334562"><ele>433.27</ele><time>2024-08-31T13:54:16Z</time></trkpt><trkpt lat="43.25384521" lon="-4.86336327"><ele>433.19</ele><time>2024-08-31T13:54:17Z</time></trkpt><trkpt lat="43.25384903" lon="-4.86338043"><ele>433.11</ele><time>2024-08-31T13:54:18Z</time></trkpt><trkpt lat="43.25384903" lon="-4.86339808"><ele>433.04</ele><time>2024-08-31T13:54:19Z</time></trkpt><trkpt lat="43.25385284" lon="-4.86341524"><ele>432.96</ele><time>2024-08-31T13:54:20Z</time></trkpt><trkpt lat="43.25385284" lon="-4.86343241"><ele>432.88</ele><time>2024-08-31T13:54:21Z</time></trkpt><trkpt lat="43.25385666" lon="-4.86345005"><ele>432.80</ele><time>2024-08-31T13:54:22Z</time></trkpt><trkpt lat="43.25386047" lon="-4.86346722"><ele>432.72</ele><time>2024-08-31T13:54:23Z</time></trkpt><trkpt lat="43.25386429" lon="-4.86348438"><ele>432.64</ele><time>2024-08-31T13:54:24Z</time></trkpt><trkpt lat="43.25386810" lon="-4.86350155"><ele>432.56</ele><time>2024-08-31T13:54:25Z</time></trkpt><trkpt lat="43.25386810" lon="-4.86351871"><ele>432.48</ele><time>2024-08-31T13:54:26Z</time></trkpt><trkpt lat="43.25387573" lon="-4.86353540"><ele>432.41</ele><time>2024-08-31T13:54:27Z</time></trkpt><trkpt lat="43.25387955" lon="-4.86355162"><ele>432.33</ele><time>2024-08-31T13:54:28Z</time></trkpt><trkpt lat="43.25388718" lon="-4.86356783"><ele>432.26</ele><time>2024-08-31T13:54:29Z</time></trkpt><trkpt lat="43.25389099" lon="-4.86358356"><ele>432.19</ele><time>2024-08-31T13:54:30Z</time></trkpt><trkpt lat="43.25389862" lon="-4.86359930"><ele>432.13</ele><time>2024-08-31T13:54:31Z</time></trkpt><trkpt lat="43.25390625" lon="-4.86361456"><ele>432.06</ele><time>2024-08-31T13:54:32Z</time></trkpt><trkpt lat="43.25391388" lon="-4.86362982"><ele>432.00</ele><time>2024-08-31T13:54:33Z</time></trkpt><trkpt lat="43.25392151" lon="-4.86364508"><ele>431.93</ele><time>2024-08-31T13:54:34Z</time></trkpt><trkpt lat="43.25392914" lon="-4.86365986"><ele>431.87</ele><time>2024-08-31T13:54:35Z</time></trkpt><trkpt lat="43.25394058" lon="-4.86367512"><ele>431.81</ele><time>2024-08-31T13:54:36Z</time></trkpt><trkpt lat="43.25394821" lon="-4.86368990"><ele>431.75</ele><time>2024-08-31T13:54:37Z</time></trkpt><trkpt lat="43.25395584" lon="-4.86370468"><ele>431.70</ele><time>2024-08-31T13:54:38Z</time></trkpt><trkpt lat="43.25396347" lon="-4.86371946"><ele>431.64</ele><time>2024-08-31T13:54:39Z</time></trkpt><trkpt lat="43.25397491" lon="-4.86373377"><ele>431.59</ele><time>2024-08-31T13:54:40Z</time></trkpt><trkpt lat="43.25398254" lon="-4.86374664"><ele>431.55</ele><time>2024-08-31T13:54:41Z</time></trkpt><trkpt lat="43.25399399" lon="-4.86375761"><ele>431.51</ele><time>2024-08-31T13:54:42Z</time></trkpt><trkpt lat="43.25400543" lon="-4.86376715"><ele>431.47</ele><time>2024-08-31T13:54:43Z</time></trkpt><trkpt lat="43.25401688" lon="-4.86377621"><ele>431.44</ele><time>2024-08-31T13:54:44Z</time></trkpt><trkpt lat="43.25402832" lon="-4.86378479"><ele>431.42</ele><time>2024-08-31T13:54:45Z</time></trkpt><trkpt lat="43.25404358" lon="-4.86379242"><ele>431.39</ele><time>2024-08-31T13:54:46Z</time></trkpt><trkpt lat="43.25405502" lon="-4.86379957"><ele>431.37</ele><time>2024-08-31T13:54:47Z</time></trkpt><trkpt lat="43.25407028" lon="-4.86380672"><ele>431.35</ele><time>2024-08-31T13:54:48Z</time></trkpt><trkpt lat="43.25408173" lon="-4.86381340"><ele>431.33</ele><time>2024-08-31T13:54:49Z</time></trkpt><trkpt lat="43.25409317" lon="-4.86381960"><ele>431.31</ele><time>2024-08-31T13:54:50Z</time></trkpt><trkpt lat="43.25410843" lon="-4.86382532"><ele>431.30</ele><time>2024-08-31T13:54:51Z</time></trkpt><trkpt lat="43.25411987" lon="-4.86383152"><ele>431.29</ele><time>2024-08-31T13:54:52Z</time></trkpt><trkpt lat="43.25413513" lon="-4.86383677"><ele>431.28</ele><time>2024-08-31T13:54:53Z</time></trkpt><trkpt lat="43.25415039" lon="-4.86384249"><ele>431.27</ele><time>2024-08-31T13:54:54Z</time></trkpt><trkpt lat="43.25416183" lon="-4.86384726"><ele>431.26</ele><time>2024-08-31T13:54:55Z</time></trkpt><trkpt lat="43.25417709" lon="-4.86385250"><ele>431.26</ele><time>2024-08-31T13:54:56Z</time></trkpt><trkpt lat="43.25419235" lon="-4.86385775"><ele>431.25</ele><time>2024-08-31T13:54:57Z</time></trkpt><trkpt lat="43.25420380" lon="-4.86386395"><ele>431.24</ele><time>2024-08-31T13:54:58Z</time></trkpt><trkpt lat="43.25421524" lon="-4.86387157"><ele>431.24</ele><time>2024-08-31T13:54:59Z</time></trkpt><trkpt lat="43.25422668" lon="-4.86388016"><ele>431.23</ele><time>2024-08-31T13:55:00Z</time></trkpt><trkpt lat="43.25423813" lon="-4.86388969"><ele>431.23</ele><time>2024-08-31T13:55:01Z</time></trkpt><trkpt lat="43.25424957" lon="-4.86389971"><ele>431.22</ele><time>2024-08-31T13:55:02Z</time></trkpt><trkpt lat="43.25425720" lon="-4.86390972"><ele>431.22</ele><time>2024-08-31T13:55:03Z</time></trkpt><trkpt lat="43.25426865" lon="-4.86392069"><ele>431.21</ele><time>2024-08-31T13:55:04Z</time></trkpt><trkpt lat="43.25427628" lon="-4.86393166"><ele>431.21</ele><time>2024-08-31T13:55:05Z</time></trkpt><trkpt lat="43.25428772" lon="-4.86394262"><ele>431.20</ele><time>2024-08-31T13:55:06Z</time></trkpt><trkpt lat="43.25429535" lon="-4.86395407"><ele>431.20</ele><time>2024-08-31T13:55:07Z</time></trkpt><trkpt lat="43.25430679" lon="-4.86396551"><ele>431.20</ele><time>2024-08-31T13:55:08Z</time></trkpt><trkpt lat="43.25431442" lon="-4.86397696"><ele>431.19</ele><time>2024-08-31T13:55:09Z</time></trkpt><trkpt lat="43.25432587" lon="-4.86398840"><ele>431.19</ele><time>2024-08-31T13:55:10Z</time></trkpt><trkpt lat="43.25433350" lon="-4.86399984"><ele>431.18</ele><time>2024-08-31T13:55:11Z</time></trkpt><trkpt lat="43.25433350" lon="-4.86402178"><ele>431.18</ele><time>2024-08-31T13:55:12Z</time></trkpt><trkpt lat="43.25433350" lon="-4.86404848"><ele>431.18</ele><time>2024-08-31T13:55:13Z</time></trkpt><trkpt lat="43.25432968" lon="-4.86407757"><ele>431.17</ele><time>2024-08-31T13:55:14Z</time></trkpt><trkpt lat="43.25432205" lon="-4.86410856"><ele>431.17</ele><time>2024-08-31T13:55:15Z</time></trkpt><trkpt lat="43.25431061" lon="-4.86414099"><ele>431.17</ele><time>2024-08-31T13:55:16Z</time></trkpt><trkpt lat="43.25430298" lon="-4.86417437"><ele>431.17</ele><time>2024-08-31T13:55:17Z</time></trkpt><trkpt lat="43.25429535" lon="-4.86420918"><ele>431.17</ele><time>2024-08-31T13:55:18Z</time></trkpt><trkpt lat="43.25428391" lon="-4.86424589"><ele>431.18</ele><time>2024-08-31T13:55:19Z</time></trkpt><trkpt lat="43.25427246" lon="-4.86428356"><ele>431.18</ele><time>2024-08-31T13:55:20Z</time></trkpt><trkpt lat="43.25426102" lon="-4.86432314"><ele>431.18</ele><time>2024-08-31T13:55:21Z</time></trkpt><trkpt lat="43.25425339" lon="-4.86434793"><ele>431.19</ele><time>2024-08-31T13:55:22Z</time></trkpt><trkpt lat="43.25424194" lon="-4.86436272"><ele>431.19</ele><time>2024-08-31T13:55:23Z</time></trkpt><trkpt lat="43.25423431" lon="-4.86436987"><ele>431.19</ele><time>2024-08-31T13:55:24Z</time></trkpt><trkpt lat="43.25423050" lon="-4.86437559"><ele>431.20</ele><time>2024-08-31T13:55:25Z</time></trkpt><trkpt lat="43.25423050" lon="-4.86438036"><ele>431.20</ele><time>2024-08-31T13:55:26Z</time></trkpt><trkpt lat="43.25423431" lon="-4.86438513"><ele>431.20</ele><time>2024-08-31T13:55:27Z</time></trkpt><trkpt lat="43.25423813" lon="-4.86438942"><ele>431.20</ele><time>2024-08-31T13:55:28Z</time></trkpt><trkpt lat="43.25424194" lon="-4.86439323"><ele>431.20</ele><time>2024-08-31T13:55:29Z</time></trkpt><trkpt lat="43.25424576" lon="-4.86439657"><ele>431.20</ele><time>2024-08-31T13:55:30Z</time></trkpt><trkpt lat="43.25425339" lon="-4.86440039"><ele>431.20</ele><time>2024-08-31T13:55:31Z</time></trkpt><trkpt lat="43.25426102" lon="-4.86440563"><ele>431.19</ele><time>2024-08-31T13:55:32Z</time></trkpt><trkpt lat="43.25426865" lon="-4.86441135"><ele>431.19</ele><time>2024-08-31T13:55:33Z</time></trkpt><trkpt lat="43.25428009" lon="-4.86441803"><ele>431.18</ele><time>2024-08-31T13:55:34Z</time></trkpt><trkpt lat="43.25429153" lon="-4.86442041"><ele>431.18</ele><time>2024-08-31T13:55:35Z</time></trkpt><trkpt lat="43.25430679" lon="-4.86442137"><ele>431.17</ele><time>2024-08-31T13:55:36Z</time></trkpt><trkpt lat="43.25432205" lon="-4.86441994"><ele>431.16</ele><time>2024-08-31T13:55:37Z</time></trkpt><trkpt lat="43.25433731" lon="-4.86441660"><ele>431.15</ele><time>2024-08-31T13:55:38Z</time></trkpt><trkpt lat="43.25435638" lon="-4.86441231"><ele>431.15</ele><time>2024-08-31T13:55:39Z</time></trkpt><trkpt lat="43.25437164" lon="-4.86440516"><ele>431.14</ele><time>2024-08-31T13:55:40Z</time></trkpt><trkpt lat="43.25438309" lon="-4.86439657"><ele>431.14</ele><time>2024-08-31T13:55:41Z</time></trkpt><trkpt lat="43.25439453" lon="-4.86438704"><ele>431.14</ele><time>2024-08-31T13:55:42Z</time></trkpt><trkpt lat="43.25440216" lon="-4.86437941"><ele>431.14</ele><time>2024-08-31T13:55:43Z</time></trkpt><trkpt lat="43.25440598" lon="-4.86437321"><ele>431.13</ele><time>2024-08-31T13:55:44Z</time></trkpt><trkpt lat="43.25440598" lon="-4.86436796"><ele>431.13</ele><time>2024-08-31T13:55:45Z</time></trkpt><trkpt lat="43.25440216" lon="-4.86435843"><ele>431.12</ele><time>2024-08-31T13:55:46Z</time></trkpt><trkpt lat="43.25439835" lon="-4.86434650"><ele>431.11</ele><time>2024-08-31T13:55:47Z</time></trkpt><trkpt lat="43.25439072" lon="-4.86433268"><ele>431.10</ele><time>2024-08-31T13:55:48Z</time></trkpt><trkpt lat="43.25438690" lon="-4.86431694"><ele>431.09</ele><time>2024-08-31T13:55:49Z</time></trkpt><trkpt lat="43.25437927" lon="-4.86430025"><ele>431.07</ele><time>2024-08-31T13:55:50Z</time></trkpt><trkpt lat="43.25437546" lon="-4.86428261"><ele>431.06</ele><time>2024-08-31T13:55:51Z</time></trkpt><trkpt lat="43.25436783" lon="-4.86426449"><ele>431.05</ele><time>2024-08-31T13:55:52Z</time></trkpt><trkpt lat="43.25436401" lon="-4.86424637"><ele>431.04</ele><time>2024-08-31T13:55:53Z</time></trkpt><trkpt lat="43.25435638" lon="-4.86422777"><ele>431.03</ele><time>2024-08-31T13:55:54Z</time></trkpt><trkpt lat="43.25435257" lon="-4.86420965"><ele>431.02</ele><time>2024-08-31T13:55:55Z</time></trkpt><trkpt lat="43.25434494" lon="-4.86419392"><ele>431.01</ele><time>2024-08-31T13:55:56Z</time></trkpt><trkpt lat="43.25434113" lon="-4.86417961"><ele>431.00</ele><time>2024-08-31T13:55:57Z</time></trkpt><trkpt lat="43.25433350" lon="-4.86416578"><ele>431.00</ele><time>2024-08-31T13:55:58Z</time></trkpt><trkpt lat="43.25432587" lon="-4.86415339"><ele>430.99</ele><time>2024-08-31T13:55:59Z</time></trkpt><trkpt lat="43.25432205" lon="-4.86414099"><ele>430.99</ele><time>2024-08-31T13:56:00Z</time></trkpt><trkpt lat="43.25431442" lon="-4.86412907"><ele>430.98</ele><time>2024-08-31T13:56:01Z</time></trkpt><trkpt lat="43.25431061" lon="-4.86411762"><ele>430.97</ele><time>2024-08-31T13:56:02Z</time></trkpt><trkpt lat="43.25430298" lon="-4.86410618"><ele>430.96</ele><time>2024-08-31T13:56:03Z</time></trkpt><trkpt lat="43.25429916" lon="-4.86409521"><ele>430.95</ele><time>2024-08-31T13:56:04Z</time></trkpt><trkpt lat="43.25429535" lon="-4.86408472"><ele>430.94</ele><time>2024-08-31T13:56:05Z</time></trkpt><trkpt lat="43.25428772" lon="-4.86407948"><ele>430.94</ele><time>2024-08-31T13:56:06Z</time></trkpt><trkpt lat="43.25428391" lon="-4.86407804"><ele>430.94</ele><time>2024-08-31T13:56:07Z</time></trkpt><trkpt lat="43.25428009" lon="-4.86407852"><ele>430.93</ele><time>2024-08-31T13:56:08Z</time></trkpt><trkpt lat="43.25427628" lon="-4.86408043"><ele>430.93</ele><time>2024-08-31T13:56:09Z</time></trkpt><trkpt lat="43.25427246" lon="-4.86408329"><ele>430.93</ele><time>2024-08-31T13:56:10Z</time></trkpt><trkpt lat="43.25426865" lon="-4.86408758"><ele>430.93</ele><time>2024-08-31T13:56:11Z</time></trkpt><trkpt lat="43.25426483" lon="-4.86409187"><ele>430.92</ele><time>2024-08-31T13:56:12Z</time></trkpt><trkpt lat="43.25426102" lon="-4.86409760"><ele>430.92</ele><time>2024-08-31T13:56:13Z</time></trkpt><trkpt lat="43.25425720" lon="-4.86410332"><ele>430.92</ele><time>2024-08-31T13:56:14Z</time></trkpt><trkpt lat="43.25425339" lon="-4.86410999"><ele>430.92</ele><time>2024-08-31T13:56:15Z</time></trkpt><trkpt lat="43.25424957" lon="-4.86411667"><ele>430.93</ele><time>2024-08-31T13:56:16Z</time></trkpt><trkpt lat="43.25424957" lon="-4.86412430"><ele>430.93</ele><time>2024-08-31T13:56:17Z</time></trkpt><trkpt lat="43.25424576" lon="-4.86413240"><ele>430.93</ele><time>2024-08-31T13:56:18Z</time></trkpt><trkpt lat="43.25424194" lon="-4.86414099"><ele>430.94</ele><time>2024-08-31T13:56:19Z</time></trkpt><trkpt lat="43.25423813" lon="-4.86415005"><ele>430.94</ele><time>2024-08-31T13:56:20Z</time></trkpt><trkpt lat="43.25423431" lon="-4.86415911"><ele>430.95</ele><time>2024-08-31T13:56:21Z</time></trkpt><trkpt lat="43.25423050" lon="-4.86416864"><ele>430.95</ele><time>2024-08-31T13:56:22Z</time></trkpt><trkpt lat="43.25423050" lon="-4.86417818"><ele>430.96</ele><time>2024-08-31T13:56:23Z</time></trkpt><trkpt lat="43.25422668" lon="-4.86418867"><ele>430.96</ele><time>2024-08-31T13:56:24Z</time></trkpt><trkpt lat="43.25422287" lon="-4.86419916"><ele>430.97</ele><time>2024-08-31T13:56:25Z</time></trkpt><trkpt lat="43.25422287" lon="-4.86421061"><ele>430.98</ele><time>2024-08-31T13:56:26Z</time></trkpt><trkpt lat="43.25421906" lon="-4.86422205"><ele>430.98</ele><time>2024-08-31T13:56:27Z</time></trkpt><trkpt lat="43.25421524" lon="-4.86423397"><ele>430.99</ele><time>2024-08-31T13:56:28Z</time></trkpt><trkpt lat="43.25421143" lon="-4.86424637"><ele>430.99</ele><time>2024-08-31T13:56:29Z</time></trkpt><trkpt lat="43.25421143" lon="-4.86425924"><ele>431.00</ele><time>2024-08-31T13:56:30Z</time></trkpt><trkpt lat="43.25420761" lon="-4.86427259"><ele>431.01</ele><time>2024-08-31T13:56:31Z</time></trkpt><trkpt lat="43.25420380" lon="-4.86428595"><ele>431.01</ele><time>2024-08-31T13:56:32Z</time></trkpt><trkpt lat="43.25420380" lon="-4.86429930"><ele>431.02</ele><time>2024-08-31T13:56:33Z</time></trkpt><trkpt lat="43.25419998" lon="-4.86431313"><ele>431.02</ele><time>2024-08-31T13:56:34Z</time></trkpt><trkpt lat="43.25419617" lon="-4.86432743"><ele>431.03</ele><time>2024-08-31T13:56:35Z</time></trkpt><trkpt lat="43.25419617" lon="-4.86434126"><ele>431.03</ele><time>2024-08-31T13:56:36Z</time></trkpt><trkpt lat="43.25419235" lon="-4.86435509"><ele>431.04</ele><time>2024-08-31T13:56:37Z</time></trkpt><trkpt lat="43.25418854" lon="-4.86436939"><ele>431.04</ele><time>2024-08-31T13:56:38Z</time></trkpt><trkpt lat="43.25418854" lon="-4.86438417"><ele>431.05</ele><time>2024-08-31T13:56:39Z</time></trkpt><trkpt lat="43.25418472" lon="-4.86439896"><ele>431.06</ele><time>2024-08-31T13:56:40Z</time></trkpt><trkpt lat="43.25418091" lon="-4.86441422"><ele>431.07</ele><time>2024-08-31T13:56:41Z</time></trkpt><trkpt lat="43.25417709" lon="-4.86442995"><ele>431.08</ele><time>2024-08-31T13:56:42Z</time></trkpt><trkpt lat="43.25417709" lon="-4.86444569"><ele>431.09</ele><time>2024-08-31T13:56:43Z</time></trkpt><trkpt lat="43.25417328" lon="-4.86446190"><ele>431.10</ele><time>2024-08-31T13:56:44Z</time></trkpt><trkpt lat="43.25416946" lon="-4.86447811"><ele>431.11</ele><time>2024-08-31T13:56:45Z</time></trkpt><trkpt lat="43.25416946" lon="-4.86449480"><ele>431.12</ele><time>2024-08-31T13:56:46Z</time></trkpt><trkpt lat="43.25416565" lon="-4.86451149"><ele>431.13</ele><time>2024-08-31T13:56:47Z</time></trkpt><trkpt lat="43.25416183" lon="-4.86452866"><ele>431.14</ele><time>2024-08-31T13:56:48Z</time></trkpt><trkpt lat="43.25416183" lon="-4.86454582"><ele>431.16</ele><time>2024-08-31T13:56:49Z</time></trkpt><trkpt lat="43.25415802" lon="-4.86456299"><ele>431.17</ele><time>2024-08-31T13:56:50Z</time></trkpt><trkpt lat="43.25415421" lon="-4.86458063"><ele>431.18</ele><time>2024-08-31T13:56:51Z</time></trkpt><trkpt lat="43.25415421" lon="-4.86459827"><ele>431.20</ele><time>2024-08-31T13:56:52Z</time></trkpt><trkpt lat="43.25415039" lon="-4.86461592"><ele>431.21</ele><time>2024-08-31T13:56:53Z</time></trkpt><trkpt lat="43.25415039" lon="-4.86463356"><ele>431.22</ele><time>2024-08-31T13:56:54Z</time></trkpt><trkpt lat="43.25414658" lon="-4.86465120"><ele>431.23</ele><time>2024-08-31T13:56:55Z</time></trkpt><trkpt lat="43.25414658" lon="-4.86466932"><ele>431.24</ele><time>2024-08-31T13:56:56Z</time></trkpt><trkpt lat="43.25414276" lon="-4.86468697"><ele>431.26</ele><time>2024-08-31T13:56:57Z</time></trkpt><trkpt lat="43.25414276" lon="-4.86470509"><ele>431.27</ele><time>2024-08-31T13:56:58Z</time></trkpt><trkpt lat="43.25413895" lon="-4.86472273"><ele>431.28</ele><time>2024-08-31T13:56:59Z</time></trkpt><trkpt lat="43.25413895" lon="-4.86474037"><ele>431.29</ele><time>2024-08-31T13:57:00Z</time></trkpt><trkpt lat="43.25413513" lon="-4.86475754"><ele>431.30</ele><time>2024-08-31T13:57:01Z</time></trkpt><trkpt lat="43.25413132" lon="-4.86477518"><ele>431.32</ele><time>2024-08-31T13:57:02Z</time></trkpt><trkpt lat="43.25412750" lon="-4.86479187"><ele>431.33</ele><time>2024-08-31T13:57:03Z</time></trkpt><trkpt lat="43.25412369" lon="-4.86480713"><ele>431.34</ele><time>2024-08-31T13:57:04Z</time></trkpt><trkpt lat="43.25411987" lon="-4.86482191"><ele>431.34</ele><time>2024-08-31T13:57:05Z</time></trkpt><trkpt lat="43.25411606" lon="-4.86483526"><ele>431.35</ele><time>2024-08-31T13:57:06Z</time></trkpt><trkpt lat="43.25410843" lon="-4.86484718"><ele>431.36</ele><time>2024-08-31T13:57:07Z</time></trkpt><trkpt lat="43.25410080" lon="-4.86485863"><ele>431.37</ele><time>2024-08-31T13:57:08Z</time></trkpt><trkpt lat="43.25409698" lon="-4.86486912"><ele>431.38</ele><time>2024-08-31T13:57:09Z</time></trkpt><trkpt lat="43.25408936" lon="-4.86487818"><ele>431.38</ele><time>2024-08-31T13:57:10Z</time></trkpt><trkpt lat="43.25408173" lon="-4.86488676"><ele>431.39</ele><time>2024-08-31T13:57:11Z</time></trkpt><trkpt lat="43.25407410" lon="-4.86489487"><ele>431.40</ele><time>2024-08-31T13:57:12Z</time></trkpt><trkpt lat="43.25406647" lon="-4.86490202"><ele>431.41</ele><time>2024-08-31T13:57:13Z</time></trkpt><trkpt lat="43.25405884" lon="-4.86490822"><ele>431.41</ele><time>2024-08-31T13:57:14Z</time></trkpt><trkpt lat="43.25404739" lon="-4.86491442"><ele>431.42</ele><time>2024-08-31T13:57:15Z</time></trkpt><trkpt lat="43.25403976" lon="-4.86491966"><ele>431.43</ele><time>2024-08-31T13:57:16Z</time></trkpt><trkpt lat="43.25403214" lon="-4.86492443"><ele>431.43</ele><time>2024-08-31T13:57:17Z</time></trkpt><trkpt lat="43.25402069" lon="-4.86492872"><ele>431.44</ele><time>2024-08-31T13:57:18Z</time></trkpt><trkpt lat="43.25401306" lon="-4.86493254"><ele>431.44</ele><time>2024-08-31T13:57:19Z</time></trkpt><trkpt lat="43.25400162" lon="-4.86493635"><ele>431.45</ele><time>2024-08-31T13:57:20Z</time></trkpt><trkpt lat="43.25399399" lon="-4.86493969"><ele>431.45</ele><time>2024-08-31T13:57:21Z</time></trkpt><trkpt lat="43.25398254" lon="-4.86494112"><ele>431.46</ele><time>2024-08-31T13:57:22Z</time></trkpt><trkpt lat="43.25397491" lon="-4.86494064"><ele>431.47</ele><time>2024-08-31T13:57:23Z</time></trkpt><trkpt lat="43.25396347" lon="-4.86493921"><ele>431.48</ele><time>2024-08-31T13:57:24Z</time></trkpt><trkpt lat="43.25395584" lon="-4.86493683"><ele>431.48</ele><time>2024-08-31T13:57:25Z</time></trkpt><trkpt lat="43.25394821" lon="-4.86493349"><ele>431.49</ele><time>2024-08-31T13:57:26Z</time></trkpt><trkpt lat="43.25393677" lon="-4.86492920"><ele>431.50</ele><time>2024-08-31T13:57:27Z</time></trkpt><trkpt lat="43.25392914" lon="-4.86492395"><ele>431.51</ele><time>2024-08-31T13:57:28Z</time></trkpt><trkpt lat="43.25391769" lon="-4.86491728"><ele>431.51</ele><time>2024-08-31T13:57:29Z</time></trkpt><trkpt lat="43.25390625" lon="-4.86491203"><ele>431.51</ele><time>2024-08-31T13:57:30Z</time></trkpt><trkpt lat="43.25389481" lon="-4.86490679"><ele>431.51</ele><time>2024-08-31T13:57:31Z</time></trkpt><trkpt lat="43.25388336" lon="-4.86490250"><ele>431.51</ele><time>2024-08-31T13:57:32Z</time></trkpt><trkpt lat="43.25387192" lon="-4.86489820"><ele>431.51</ele><time>2024-08-31T13:57:33Z</time></trkpt><trkpt lat="43.25386047" lon="-4.86489487"><ele>431.51</ele><time>2024-08-31T13:57:34Z</time></trkpt><trkpt lat="43.25384903" lon="-4.86489105"><ele>431.51</ele><time>2024-08-31T13:57:35Z</time></trkpt><trkpt lat="43.25383759" lon="-4.86488771"><ele>431.52</ele><time>2024-08-31T13:57:36Z</time></trkpt><trkpt lat="43.25382614" lon="-4.86488485"><ele>431.52</ele><time>2024-08-31T13:57:37Z</time></trkpt><trkpt lat="43.25381470" lon="-4.86488199"><ele>431.52</ele><time>2024-08-31T13:57:38Z</time></trkpt><trkpt lat="43.25380325" lon="-4.86487865"><ele>431.53</ele><time>2024-08-31T13:57:39Z</time></trkpt><trkpt lat="43.25379181" lon="-4.86487627"><ele>431.53</ele><time>2024-08-31T13:57:40Z</time></trkpt><trkpt lat="43.25378036" lon="-4.86487341"><ele>431.54</ele><time>2024-08-31T13:57:41Z</time></trkpt><trkpt lat="43.25376892" lon="-4.86487055"><ele>431.54</ele><time>2024-08-31T13:57:42Z</time></trkpt><trkpt lat="43.25375748" lon="-4.86486816"><ele>431.55</ele><time>2024-08-31T13:57:43Z</time></trkpt><trkpt lat="43.25374603" lon="-4.86486578"><ele>431.56</ele><time>2024-08-31T13:57:44Z</time></trkpt><trkpt lat="43.25373459" lon="-4.86486387"><ele>431.56</ele><time>2024-08-31T13:57:45Z</time></trkpt><trkpt lat="43.25372314" lon="-4.86486197"><ele>431.57</ele><time>2024-08-31T13:57:46Z</time></trkpt><trkpt lat="43.25371170" lon="-4.86486006"><ele>431.58</ele><time>2024-08-31T13:57:47Z</time></trkpt><trkpt lat="43.25370407" lon="-4.86485910"><ele>431.58</ele><time>2024-08-31T13:57:48Z</time></trkpt><trkpt lat="43.25369263" lon="-4.86485910"><ele>431.59</ele><time>2024-08-31T13:57:49Z</time></trkpt><trkpt lat="43.25368118" lon="-4.86485958"><ele>431.60</ele><time>2024-08-31T13:57:50Z</time></trkpt><trkpt lat="43.25366974" lon="-4.86486101"><ele>431.61</ele><time>2024-08-31T13:57:51Z</time></trkpt><trkpt lat="43.25365829" lon="-4.86486340"><ele>431.62</ele><time>2024-08-31T13:57:52Z</time></trkpt><trkpt lat="43.25364304" lon="-4.86486483"><ele>431.62</ele><time>2024-08-31T13:57:53Z</time></trkpt><trkpt lat="43.25363159" lon="-4.86486530"><ele>431.63</ele><time>2024-08-31T13:57:54Z</time></trkpt><trkpt lat="43.25362015" lon="-4.86486387"><ele>431.63</ele><time>2024-08-31T13:57:55Z</time></trkpt><trkpt lat="43.25360870" lon="-4.86486197"><ele>431.64</ele><time>2024-08-31T13:57:56Z</time></trkpt><trkpt lat="43.25359344" lon="-4.86485910"><ele>431.65</ele><time>2024-08-31T13:57:57Z</time></trkpt><trkpt lat="43.25358200" lon="-4.86485767"><ele>431.66</ele><time>2024-08-31T13:57:58Z</time></trkpt><trkpt lat="43.25357056" lon="-4.86485958"><ele>431.67</ele><time>2024-08-31T13:57:59Z</time></trkpt><trkpt lat="43.25355911" lon="-4.86486387"><ele>431.68</ele><time>2024-08-31T13:58:00Z</time></trkpt><trkpt lat="43.25354767" lon="-4.86486959"><ele>431.69</ele><time>2024-08-31T13:58:01Z</time></trkpt><trkpt lat="43.25353622" lon="-4.86487675"><ele>431.69</ele><time>2024-08-31T13:58:02Z</time></trkpt><trkpt lat="43.25352478" lon="-4.86488390"><ele>431.70</ele><time>2024-08-31T13:58:03Z</time></trkpt><trkpt lat="43.25351334" lon="-4.86489248"><ele>431.70</ele><time>2024-08-31T13:58:04Z</time></trkpt><trkpt lat="43.25350189" lon="-4.86490107"><ele>431.70</ele><time>2024-08-31T13:58:05Z</time></trkpt><trkpt lat="43.25349426" lon="-4.86491013"><ele>431.71</ele><time>2024-08-31T13:58:06Z</time></trkpt><trkpt lat="43.25348282" lon="-4.86491919"><ele>431.71</ele><time>2024-08-31T13:58:07Z</time></trkpt><trkpt lat="43.25347519" lon="-4.86492872"><ele>431.72</ele><time>2024-08-31T13:58:08Z</time></trkpt><trkpt lat="43.25346375" lon="-4.86493826"><ele>431.72</ele><time>2024-08-31T13:58:09Z</time></trkpt><trkpt lat="43.25345230" lon="-4.86494732"><ele>431.73</ele><time>2024-08-31T13:58:10Z</time></trkpt><trkpt lat="43.25344467" lon="-4.86495638"><ele>431.74</ele><time>2024-08-31T13:58:11Z</time></trkpt><trkpt lat="43.25343323" lon="-4.86496544"><ele>431.75</ele><time>2024-08-31T13:58:12Z</time></trkpt><trkpt lat="43.25342560" lon="-4.86497545"><ele>431.76</ele><time>2024-08-31T13:58:13Z</time></trkpt><trkpt lat="43.25341797" lon="-4.86498642"><ele>431.77</ele><time>2024-08-31T13:58:14Z</time></trkpt><trkpt lat="43.25341034" lon="-4.86499739"><ele>431.79</ele><time>2024-08-31T13:58:15Z</time></trkpt><trkpt lat="43.25340271" lon="-4.86500883"><ele>431.80</ele><time>2024-08-31T13:58:16Z</time></trkpt><trkpt lat="43.25339508" lon="-4.86502028"><ele>431.81</ele><time>2024-08-31T13:58:17Z</time></trkpt><trkpt lat="43.25338745" lon="-4.86503267"><ele>431.83</ele><time>2024-08-31T13:58:18Z</time></trkpt><trkpt lat="43.25337982" lon="-4.86504507"><ele>431.84</ele><time>2024-08-31T13:58:19Z</time></trkpt><trkpt lat="43.25337219" lon="-4.86505795"><ele>431.86</ele><time>2024-08-31T13:58:20Z</time></trkpt><trkpt lat="43.25336456" lon="-4.86507130"><ele>431.87</ele><time>2024-08-31T13:58:21Z</time></trkpt><trkpt lat="43.25336075" lon="-4.86508465"><ele>431.89</ele><time>2024-08-31T13:58:22Z</time></trkpt><trkpt lat="43.25335312" lon="-4.86509848"><ele>431.90</ele><time>2024-08-31T13:58:23Z</time></trkpt><trkpt lat="43.25334549" lon="-4.86511230"><ele>431.92</ele><time>2024-08-31T13:58:24Z</time></trkpt><trkpt lat="43.25333786" lon="-4.86512661"><ele>431.93</ele><time>2024-08-31T13:58:25Z</time></trkpt><trkpt lat="43.25333405" lon="-4.86514091"><ele>431.95</ele><time>2024-08-31T13:58:26Z</time></trkpt><trkpt lat="43.25332642" lon="-4.86515570"><ele>431.97</ele><time>2024-08-31T13:58:27Z</time></trkpt><trkpt lat="43.25331879" lon="-4.86517000"><ele>431.98</ele><time>2024-08-31T13:58:28Z</time></trkpt><trkpt lat="43.25331497" lon="-4.86518478"><ele>432.00</ele><time>2024-08-31T13:58:29Z</time></trkpt><trkpt lat="43.25330734" lon="-4.86520004"><ele>432.02</ele><time>2024-08-31T13:58:30Z</time></trkpt><trkpt lat="43.25329971" lon="-4.86521482"><ele>432.04</ele><time>2024-08-31T13:58:31Z</time></trkpt><trkpt lat="43.25329590" lon="-4.86523056"><ele>432.06</ele><time>2024-08-31T13:58:32Z</time></trkpt><trkpt lat="43.25328827" lon="-4.86524582"><ele>432.08</ele><time>2024-08-31T13:58:33Z</time></trkpt><trkpt lat="43.25328064" lon="-4.86526203"><ele>432.10</ele><time>2024-08-31T13:58:34Z</time></trkpt><trkpt lat="43.25327682" lon="-4.86527777"><ele>432.12</ele><time>2024-08-31T13:58:35Z</time></trkpt><trkpt lat="43.25326920" lon="-4.86529398"><ele>432.14</ele><time>2024-08-31T13:58:36Z</time></trkpt><trkpt lat="43.25326538" lon="-4.86531067"><ele>432.17</ele><time>2024-08-31T13:58:37Z</time></trkpt><trkpt lat="43.25325775" lon="-4.86532688"><ele>432.19</ele><time>2024-08-31T13:58:38Z</time></trkpt><trkpt lat="43.25325012" lon="-4.86534357"><ele>432.21</ele><time>2024-08-31T13:58:39Z</time></trkpt><trkpt lat="43.25324631" lon="-4.86536026"><ele>432.23</ele><time>2024-08-31T13:58:40Z</time></trkpt><trkpt lat="43.25323868" lon="-4.86537743"><ele>432.25</ele><time>2024-08-31T13:58:41Z</time></trkpt><trkpt lat="43.25323486" lon="-4.86539412"><ele>432.27</ele><time>2024-08-31T13:58:42Z</time></trkpt><trkpt lat="43.25322723" lon="-4.86541080"><ele>432.29</ele><time>2024-08-31T13:58:43Z</time></trkpt><trkpt lat="43.25322342" lon="-4.86542749"><ele>432.31</ele><time>2024-08-31T13:58:44Z</time></trkpt><trkpt lat="43.25321579" lon="-4.86544418"><ele>432.33</ele><time>2024-08-31T13:58:45Z</time></trkpt><trkpt lat="43.25321198" lon="-4.86546087"><ele>432.35</ele><time>2024-08-31T13:58:46Z</time></trkpt><trkpt lat="43.25320435" lon="-4.86547756"><ele>432.37</ele><time>2024-08-31T13:58:47Z</time></trkpt><trkpt lat="43.25319672" lon="-4.86549377"><ele>432.39</ele><time>2024-08-31T13:58:48Z</time></trkpt><trkpt lat="43.25319290" lon="-4.86551046"><ele>432.41</ele><time>2024-08-31T13:58:49Z</time></trkpt><trkpt lat="43.25318527" lon="-4.86552668"><ele>432.43</ele><time>2024-08-31T13:58:50Z</time></trkpt><trkpt lat="43.25317764" lon="-4.86554337"><ele>432.45</ele><time>2024-08-31T13:58:51Z</time></trkpt><trkpt lat="43.25317001" lon="-4.86555958"><ele>432.46</ele><time>2024-08-31T13:58:52Z</time></trkpt><trkpt lat="43.25316620" lon="-4.86557531"><ele>432.48</ele><time>2024-08-31T13:58:53Z</time></trkpt><trkpt lat="43.25315857" lon="-4.86559153"><ele>432.50</ele><time>2024-08-31T13:58:54Z</time></trkpt><trkpt lat="43.25315094" lon="-4.86560774"><ele>432.52</ele><time>2024-08-31T13:58:55Z</time></trkpt><trkpt lat="43.25314331" lon="-4.86562347"><ele>432.53</ele><time>2024-08-31T13:58:56Z</time></trkpt><trkpt lat="43.25313568" lon="-4.86563969"><ele>432.55</ele><time>2024-08-31T13:58:57Z</time></trkpt><trkpt lat="43.25312805" lon="-4.86565590"><ele>432.57</ele><time>2024-08-31T13:58:58Z</time></trkpt><trkpt lat="43.25312042" lon="-4.86567211"><ele>432.59</ele><time>2024-08-31T13:58:59Z</time></trkpt><trkpt lat="43.25311661" lon="-4.86568880"><ele>432.60</ele><time>2024-08-31T13:59:00Z</time></trkpt><trkpt lat="43.25310898" lon="-4.86570549"><ele>432.62</ele><time>2024-08-31T13:59:01Z</time></trkpt><trkpt lat="43.25310135" lon="-4.86572170"><ele>432.63</ele><time>2024-08-31T13:59:02Z</time></trkpt><trkpt lat="43.25309372" lon="-4.86573792"><ele>432.65</ele><time>2024-08-31T13:59:03Z</time></trkpt><trkpt lat="43.25308609" lon="-4.86575413"><ele>432.66</ele><time>2024-08-31T13:59:04Z</time></trkpt><trkpt lat="43.25307846" lon="-4.86576986"><ele>432.68</ele><time>2024-08-31T13:59:05Z</time></trkpt><trkpt lat="43.25307083" lon="-4.86578560"><ele>432.69</ele><time>2024-08-31T13:59:06Z</time></trkpt><trkpt lat="43.25306320" lon="-4.86580133"><ele>432.71</ele><time>2024-08-31T13:59:07Z</time></trkpt><trkpt lat="43.25305557" lon="-4.86581659"><ele>432.72</ele><time>2024-08-31T13:59:08Z</time></trkpt><trkpt lat="43.25304794" lon="-4.86583233"><ele>432.74</ele><time>2024-08-31T13:59:09Z</time></trkpt><trkpt lat="43.25304031" lon="-4.86584759"><ele>432.75</ele><time>2024-08-31T13:59:10Z</time></trkpt><trkpt lat="43.25303268" lon="-4.86586285"><ele>432.76</ele><time>2024-08-31T13:59:11Z</time></trkpt><trkpt lat="43.25302505" lon="-4.86587858"><ele>432.78</ele><time>2024-08-31T13:59:12Z</time></trkpt><trkpt lat="43.25301743" lon="-4.86589432"><ele>432.79</ele><time>2024-08-31T13:59:13Z</time></trkpt><trkpt lat="43.25300980" lon="-4.86591053"><ele>432.81</ele><time>2024-08-31T13:59:14Z</time></trkpt><trkpt lat="43.25300217" lon="-4.86592674"><ele>432.82</ele><time>2024-08-31T13:59:15Z</time></trkpt><trkpt lat="43.25299454" lon="-4.86594343"><ele>432.83</ele><time>2024-08-31T13:59:16Z</time></trkpt><trkpt lat="43.25298691" lon="-4.86595964"><ele>432.85</ele><time>2024-08-31T13:59:17Z</time></trkpt><trkpt lat="43.25297928" lon="-4.86597633"><ele>432.86</ele><time>2024-08-31T13:59:18Z</time></trkpt><trkpt lat="43.25297165" lon="-4.86599302"><ele>432.87</ele><time>2024-08-31T13:59:19Z</time></trkpt><trkpt lat="43.25296402" lon="-4.86600971"><ele>432.88</ele><time>2024-08-31T13:59:20Z</time></trkpt><trkpt lat="43.25295639" lon="-4.86602688"><ele>432.89</ele><time>2024-08-31T13:59:21Z</time></trkpt><trkpt lat="43.25295258" lon="-4.86604357"><ele>432.90</ele><time>2024-08-31T13:59:22Z</time></trkpt><trkpt lat="43.25294495" lon="-4.86606073"><ele>432.91</ele><time>2024-08-31T13:59:23Z</time></trkpt><trkpt lat="43.25293732" lon="-4.86607742"><ele>432.93</ele><time>2024-08-31T13:59:24Z</time></trkpt><trkpt lat="43.25293350" lon="-4.86609459"><ele>432.94</ele><time>2024-08-31T13:59:25Z</time></trkpt><trkpt lat="43.25292969" lon="-4.86611128"><ele>432.95</ele><time>2024-08-31T13:59:26Z</time></trkpt><trkpt lat="43.25292206" lon="-4.86612797"><ele>432.96</ele><time>2024-08-31T13:59:27Z</time></trkpt><trkpt lat="43.25291824" lon="-4.86614513"><ele>432.97</ele><time>2024-08-31T13:59:28Z</time></trkpt><trkpt lat="43.25291443" lon="-4.86616230"><ele>432.97</ele><time>2024-08-31T13:59:29Z</time></trkpt><trkpt lat="43.25291061" lon="-4.86617899"><ele>432.98</ele><time>2024-08-31T13:59:30Z</time></trkpt><trkpt lat="43.25290680" lon="-4.86619616"><ele>432.99</ele><time>2024-08-31T13:59:31Z</time></trkpt><trkpt lat="43.25290298" lon="-4.86621332"><ele>433.00</ele><time>2024-08-31T13:59:32Z</time></trkpt><trkpt lat="43.25289917" lon="-4.86623049"><ele>433.00</ele><time>2024-08-31T13:59:33Z</time></trkpt><trkpt lat="43.25289536" lon="-4.86624813"><ele>433.01</ele><time>2024-08-31T13:59:34Z</time></trkpt><trkpt lat="43.25289154" lon="-4.86626530"><ele>433.02</ele><time>2024-08-31T13:59:35Z</time></trkpt><trkpt lat="43.25288391" lon="-4.86628294"><ele>433.02</ele><time>2024-08-31T13:59:36Z</time></trkpt><trkpt lat="43.25288010" lon="-4.86630058"><ele>433.03</ele><time>2024-08-31T13:59:37Z</time></trkpt><trkpt lat="43.25287628" lon="-4.86631823"><ele>433.04</ele><time>2024-08-31T13:59:38Z</time></trkpt><trkpt lat="43.25287247" lon="-4.86633539"><ele>433.05</ele><time>2024-08-31T13:59:39Z</time></trkpt><trkpt lat="43.25286865" lon="-4.86635303"><ele>433.06</ele><time>2024-08-31T13:59:40Z</time></trkpt><trkpt lat="43.25286484" lon="-4.86637068"><ele>433.07</ele><time>2024-08-31T13:59:41Z</time></trkpt><trkpt lat="43.25286102" lon="-4.86638832"><ele>433.08</ele><time>2024-08-31T13:59:42Z</time></trkpt><trkpt lat="43.25285721" lon="-4.86640549"><ele>433.09</ele><time>2024-08-31T13:59:43Z</time></trkpt><trkpt lat="43.25285339" lon="-4.86642313"><ele>433.10</ele><time>2024-08-31T13:59:44Z</time></trkpt><trkpt lat="43.25284958" lon="-4.86644077"><ele>433.10</ele><time>2024-08-31T13:59:45Z</time></trkpt><trkpt lat="43.25284958" lon="-4.86645842"><ele>433.10</ele><time>2024-08-31T13:59:46Z</time></trkpt><trkpt lat="43.25284576" lon="-4.86647606"><ele>433.10</ele><time>2024-08-31T13:59:47Z</time></trkpt><trkpt lat="43.25284576" lon="-4.86649323"><ele>433.10</ele><time>2024-08-31T13:59:48Z</time></trkpt><trkpt lat="43.25284576" lon="-4.86651039"><ele>433.09</ele><time>2024-08-31T13:59:49Z</time></trkpt><trkpt lat="43.25284576" lon="-4.86652756"><ele>433.09</ele><time>2024-08-31T13:59:50Z</time></trkpt><trkpt lat="43.25284576" lon="-4.86654472"><ele>433.08</ele><time>2024-08-31T13:59:51Z</time></trkpt><trkpt lat="43.25284576" lon="-4.86656141"><ele>433.07</ele><time>2024-08-31T13:59:52Z</time></trkpt><trkpt lat="43.25284576" lon="-4.86657858"><ele>433.06</ele><time>2024-08-31T13:59:53Z</time></trkpt><trkpt lat="43.25284576" lon="-4.86659622"><ele>433.05</ele><time>2024-08-31T13:59:54Z</time></trkpt><trkpt lat="43.25284576" lon="-4.86661339"><ele>433.05</ele><time>2024-08-31T13:59:55Z</time></trkpt><trkpt lat="43.25284195" lon="-4.86663103"><ele>433.05</ele><time>2024-08-31T13:59:56Z</time></trkpt><trkpt lat="43.25284195" lon="-4.86664820"><ele>433.05</ele><time>2024-08-31T13:59:57Z</time></trkpt><trkpt lat="43.25283813" lon="-4.86666536"><ele>433.06</ele><time>2024-08-31T13:59:58Z</time></trkpt><trkpt lat="43.25283432" lon="-4.86668253"><ele>433.06</ele><time>2024-08-31T13:59:59Z</time></trkpt><trkpt lat="43.25283051" lon="-4.86669970"><ele>433.07</ele><time>2024-08-31T14:00:00Z</time></trkpt><trkpt lat="43.25283051" lon="-4.86671638"><ele>433.07</ele><time>2024-08-31T14:00:01Z</time></trkpt><trkpt lat="43.25282669" lon="-4.86673355"><ele>433.08</ele><time>2024-08-31T14:00:02Z</time></trkpt><trkpt lat="43.25282288" lon="-4.86675024"><ele>433.09</ele><time>2024-08-31T14:00:03Z</time></trkpt><trkpt lat="43.25281906" lon="-4.86676741"><ele>433.10</ele><time>2024-08-31T14:00:04Z</time></trkpt><trkpt lat="43.25281143" lon="-4.86678410"><ele>433.11</ele><time>2024-08-31T14:00:05Z</time></trkpt><trkpt lat="43.25280762" lon="-4.86680079"><ele>433.11</ele><time>2024-08-31T14:00:06Z</time></trkpt><trkpt lat="43.25280380" lon="-4.86681700"><ele>433.12</ele><time>2024-08-31T14:00:07Z</time></trkpt><trkpt lat="43.25279999" lon="-4.86683178"><ele>433.13</ele><time>2024-08-31T14:00:08Z</time></trkpt><trkpt lat="43.25279236" lon="-4.86684656"><ele>433.14</ele><time>2024-08-31T14:00:09Z</time></trkpt><trkpt lat="43.25278473" lon="-4.86686039"><ele>433.15</ele><time>2024-08-31T14:00:10Z</time></trkpt><trkpt lat="43.25278091" lon="-4.86687326"><ele>433.16</ele><time>2024-08-31T14:00:11Z</time></trkpt><trkpt lat="43.25277328" lon="-4.86688566"><ele>433.16</ele><time>2024-08-31T14:00:12Z</time></trkpt><trkpt lat="43.25276566" lon="-4.86689758"><ele>433.17</ele><time>2024-08-31T14:00:13Z</time></trkpt><trkpt lat="43.25275803" lon="-4.86690903"><ele>433.18</ele><time>2024-08-31T14:00:14Z</time></trkpt><trkpt lat="43.25275040" lon="-4.86691952"><ele>433.19</ele><time>2024-08-31T14:00:15Z</time></trkpt><trkpt lat="43.25273895" lon="-4.86693001"><ele>433.19</ele><time>2024-08-31T14:00:16Z</time></trkpt><trkpt lat="43.25273132" lon="-4.86693954"><ele>433.20</ele><time>2024-08-31T14:00:17Z</time></trkpt><trkpt lat="43.25272369" lon="-4.86694908"><ele>433.20</ele><time>2024-08-31T14:00:18Z</time></trkpt><trkpt lat="43.25271225" lon="-4.86695814"><ele>433.21</ele><time>2024-08-31T14:00:19Z</time></trkpt><trkpt lat="43.25270462" lon="-4.86696720"><ele>433.21</ele><time>2024-08-31T14:00:20Z</time></trkpt><trkpt lat="43.25269318" lon="-4.86697578"><ele>433.22</ele><time>2024-08-31T14:00:21Z</time></trkpt><trkpt lat="43.25268555" lon="-4.86698389"><ele>433.22</ele><time>2024-08-31T14:00:22Z</time></trkpt><trkpt lat="43.25267410" lon="-4.86699200"><ele>433.22</ele><time>2024-08-31T14:00:23Z</time></trkpt><trkpt lat="43.25266266" lon="-4.86699963"><ele>433.22</ele><time>2024-08-31T14:00:24Z</time></trkpt><trkpt lat="43.25265503" lon="-4.86700726"><ele>433.22</ele><time>2024-08-31T14:00:25Z</time></trkpt><trkpt lat="43.25264359" lon="-4.86701488"><ele>433.23</ele><time>2024-08-31T14:00:26Z</time></trkpt><trkpt lat="43.25263214" lon="-4.86702156"><ele>433.23</ele><time>2024-08-31T14:00:27Z</time></trkpt><trkpt lat="43.25262070" lon="-4.86702824"><ele>433.23</ele><time>2024-08-31T14:00:28Z</time></trkpt><trkpt lat="43.25261307" lon="-4.86703444"><ele>433.23</ele><time>2024-08-31T14:00:29Z</time></trkpt><trkpt lat="43.25260162" lon="-4.86704063"><ele>433.23</ele><time>2024-08-31T14:00:30Z</time></trkpt><trkpt lat="43.25259018" lon="-4.86704636"><ele>433.22</ele><time>2024-08-31T14:00:31Z</time></trkpt><trkpt lat="43.25257874" lon="-4.86705303"><ele>433.22</ele><time>2024-08-31T14:00:32Z</time></trkpt><trkpt lat="43.25256729" lon="-4.86706066"><ele>433.22</ele><time>2024-08-31T14:00:33Z</time></trkpt><trkpt lat="43.25255966" lon="-4.86706924"><ele>433.22</ele><time>2024-08-31T14:00:34Z</time></trkpt><trkpt lat="43.25254822" lon="-4.86707878"><ele>433.22</ele><time>2024-08-31T14:00:35Z</time></trkpt><trkpt lat="43.25253677" lon="-4.86708879"><ele>433.23</ele><time>2024-08-31T14:00:36Z</time></trkpt><trkpt lat="43.25252914" lon="-4.86709929"><ele>433.23</ele><time>2024-08-31T14:00:37Z</time></trkpt><trkpt lat="43.25251770" lon="-4.86711025"><ele>433.23</ele><time>2024-08-31T14:00:38Z</time></trkpt><trkpt lat="43.25251007" lon="-4.86712170"><ele>433.24</ele><time>2024-08-31T14:00:39Z</time></trkpt><trkpt lat="43.25250244" lon="-4.86713362"><ele>433.24</ele><time>2024-08-31T14:00:40Z</time></trkpt><trkpt lat="43.25249481" lon="-4.86714554"><ele>433.25</ele><time>2024-08-31T14:00:41Z</time></trkpt><trkpt lat="43.25248337" lon="-4.86715746"><ele>433.25</ele><time>2024-08-31T14:00:42Z</time></trkpt><trkpt lat="43.25247574" lon="-4.86716986"><ele>433.26</ele><time>2024-08-31T14:00:43Z</time></trkpt><trkpt lat="43.25246811" lon="-4.86718225"><ele>433.27</ele><time>2024-08-31T14:00:44Z</time></trkpt><trkpt lat="43.25246048" lon="-4.86719513"><ele>433.27</ele><time>2024-08-31T14:00:45Z</time></trkpt><trkpt lat="43.25245285" lon="-4.86720800"><ele>433.28</ele><time>2024-08-31T14:00:46Z</time></trkpt><trkpt lat="43.25244904" lon="-4.86722088"><ele>433.29</ele><time>2024-08-31T14:00:47Z</time></trkpt><trkpt lat="43.25244141" lon="-4.86723471"><ele>433.30</ele><time>2024-08-31T14:00:48Z</time></trkpt><trkpt lat="43.25243759" lon="-4.86724854"><ele>433.30</ele><time>2024-08-31T14:00:49Z</time></trkpt><trkpt lat="43.25242996" lon="-4.86726236"><ele>433.30</ele><time>2024-08-31T14:00:50Z</time></trkpt><trkpt lat="43.25242615" lon="-4.86727619"><ele>433.31</ele><time>2024-08-31T14:00:51Z</time></trkpt><trkpt lat="43.25242233" lon="-4.86729050"><ele>433.31</ele><time>2024-08-31T14:00:52Z</time></trkpt><trkpt lat="43.25241852" lon="-4.86730480"><ele>433.31</ele><time>2024-08-31T14:00:53Z</time></trkpt><trkpt lat="43.25241470" lon="-4.86731911"><ele>433.31</ele><time>2024-08-31T14:00:54Z</time></trkpt><trkpt lat="43.25241089" lon="-4.86733341"><ele>433.31</ele><time>2024-08-31T14:00:55Z</time></trkpt><trkpt lat="43.25241089" lon="-4.86734772"><ele>433.31</ele><time>2024-08-31T14:00:56Z</time></trkpt><trkpt lat="43.25240707" lon="-4.86736298"><ele>433.31</ele><time>2024-08-31T14:00:57Z</time></trkpt><trkpt lat="43.25240326" lon="-4.86737823"><ele>433.32</ele><time>2024-08-31T14:00:58Z</time></trkpt><trkpt lat="43.25239944" lon="-4.86739349"><ele>433.32</ele><time>2024-08-31T14:00:59Z</time></trkpt><trkpt lat="43.25239182" lon="-4.86740875"><ele>433.33</ele><time>2024-08-31T14:01:00Z</time></trkpt><trkpt lat="43.25238800" lon="-4.86742401"><ele>433.34</ele><time>2024-08-31T14:01:01Z</time></trkpt><trkpt lat="43.25238419" lon="-4.86743927"><ele>433.34</ele><time>2024-08-31T14:01:02Z</time></trkpt><trkpt lat="43.25237656" lon="-4.86745405"><ele>433.35</ele><time>2024-08-31T14:01:03Z</time></trkpt><trkpt lat="43.25237274" lon="-4.86746931"><ele>433.36</ele><time>2024-08-31T14:01:04Z</time></trkpt><trkpt lat="43.25236511" lon="-4.86748362"><ele>433.37</ele><time>2024-08-31T14:01:05Z</time></trkpt><trkpt lat="43.25236130" lon="-4.86749840"><ele>433.38</ele><time>2024-08-31T14:01:06Z</time></trkpt><trkpt lat="43.25235367" lon="-4.86751270"><ele>433.38</ele><time>2024-08-31T14:01:07Z</time></trkpt><trkpt lat="43.25234985" lon="-4.86752701"><ele>433.39</ele><time>2024-08-31T14:01:08Z</time></trkpt><trkpt lat="43.25234222" lon="-4.86754131"><ele>433.40</ele><time>2024-08-31T14:01:09Z</time></trkpt><trkpt lat="43.25233841" lon="-4.86755562"><ele>433.40</ele><time>2024-08-31T14:01:10Z</time></trkpt><trkpt lat="43.25233078" lon="-4.86756992"><ele>433.41</ele><time>2024-08-31T14:01:11Z</time></trkpt><trkpt lat="43.25232697" lon="-4.86758375"><ele>433.42</ele><time>2024-08-31T14:01:12Z</time></trkpt><trkpt lat="43.25231934" lon="-4.86759806"><ele>433.43</ele><time>2024-08-31T14:01:13Z</time></trkpt><trkpt lat="43.25231552" lon="-4.86761189"><ele>433.44</ele><time>2024-08-31T14:01:14Z</time></trkpt><trkpt lat="43.25230789" lon="-4.86762619"><ele>433.44</ele><time>2024-08-31T14:01:15Z</time></trkpt><trkpt lat="43.25230026" lon="-4.86764050"><ele>433.45</ele><time>2024-08-31T14:01:16Z</time></trkpt><trkpt lat="43.25229645" lon="-4.86765480"><ele>433.46</ele><time>2024-08-31T14:01:17Z</time></trkpt><trkpt lat="43.25228882" lon="-4.86766958"><ele>433.47</ele><time>2024-08-31T14:01:18Z</time></trkpt><trkpt lat="43.25228500" lon="-4.86768484"><ele>433.48</ele><time>2024-08-31T14:01:19Z</time></trkpt><trkpt lat="43.25228119" lon="-4.86770010"><ele>433.49</ele><time>2024-08-31T14:01:20Z</time></trkpt><trkpt lat="43.25227356" lon="-4.86771536"><ele>433.50</ele><time>2024-08-31T14:01:21Z</time></trkpt><trkpt lat="43.25226974" lon="-4.86773157"><ele>433.52</ele><time>2024-08-31T14:01:22Z</time></trkpt><trkpt lat="43.25226212" lon="-4.86774731"><ele>433.53</ele><time>2024-08-31T14:01:23Z</time></trkpt><trkpt lat="43.25225830" lon="-4.86776400"><ele>433.55</ele><time>2024-08-31T14:01:24Z</time></trkpt><trkpt lat="43.25225067" lon="-4.86778069"><ele>433.57</ele><time>2024-08-31T14:01:25Z</time></trkpt><trkpt lat="43.25224686" lon="-4.86779690"><ele>433.59</ele><time>2024-08-31T14:01:26Z</time></trkpt><trkpt lat="43.25224304" lon="-4.86781263"><ele>433.61</ele><time>2024-08-31T14:01:27Z</time></trkpt><trkpt lat="43.25223541" lon="-4.86782789"><ele>433.63</ele><time>2024-08-31T14:01:28Z</time></trkpt><trkpt lat="43.25222778" lon="-4.86784267"><ele>433.65</ele><time>2024-08-31T14:01:29Z</time></trkpt><trkpt lat="43.25222397" lon="-4.86785746"><ele>433.67</ele><time>2024-08-31T14:01:30Z</time></trkpt><trkpt lat="43.25221634" lon="-4.86787176"><ele>433.68</ele><time>2024-08-31T14:01:31Z</time></trkpt><trkpt lat="43.25221252" lon="-4.86788559"><ele>433.69</ele><time>2024-08-31T14:01:32Z</time></trkpt><trkpt lat="43.25220871" lon="-4.86789942"><ele>433.70</ele><time>2024-08-31T14:01:33Z</time></trkpt><trkpt lat="43.25220108" lon="-4.86791229"><ele>433.71</ele><time>2024-08-31T14:01:34Z</time></trkpt><trkpt lat="43.25219727" lon="-4.86792517"><ele>433.72</ele><time>2024-08-31T14:01:35Z</time></trkpt><trkpt lat="43.25219345" lon="-4.86793756"><ele>433.73</ele><time>2024-08-31T14:01:36Z</time></trkpt><trkpt lat="43.25218964" lon="-4.86794949"><ele>433.73</ele><time>2024-08-31T14:01:37Z</time></trkpt><trkpt lat="43.25218582" lon="-4.86796093"><ele>433.74</ele><time>2024-08-31T14:01:38Z</time></trkpt><trkpt lat="43.25218201" lon="-4.86797285"><ele>433.74</ele><time>2024-08-31T14:01:39Z</time></trkpt><trkpt lat="43.25217819" lon="-4.86798382"><ele>433.74</ele><time>2024-08-31T14:01:40Z</time></trkpt><trkpt lat="43.25217438" lon="-4.86799431"><ele>433.75</ele><time>2024-08-31T14:01:41Z</time></trkpt><trkpt lat="43.25217056" lon="-4.86800337"><ele>433.76</ele><time>2024-08-31T14:01:42Z</time></trkpt><trkpt lat="43.25216293" lon="-4.86801195"><ele>433.76</ele><time>2024-08-31T14:01:43Z</time></trkpt><trkpt lat="43.25215912" lon="-4.86801910"><ele>433.77</ele><time>2024-08-31T14:01:44Z</time></trkpt><trkpt lat="43.25215149" lon="-4.86802530"><ele>433.78</ele><time>2024-08-31T14:01:45Z</time></trkpt><trkpt lat="43.25214386" lon="-4.86803055"><ele>433.79</ele><time>2024-08-31T14:01:46Z</time></trkpt><trkpt lat="43.25213623" lon="-4.86803532"><ele>433.80</ele><time>2024-08-31T14:01:47Z</time></trkpt><trkpt lat="43.25212860" lon="-4.86803865"><ele>433.81</ele><time>2024-08-31T14:01:48Z</time></trkpt><trkpt lat="43.25212097" lon="-4.86804104"><ele>433.82</ele><time>2024-08-31T14:01:49Z</time></trkpt><trkpt lat="43.25211334" lon="-4.86804247"><ele>433.82</ele><time>2024-08-31T14:01:50Z</time></trkpt><trkpt lat="43.25210190" lon="-4.86804342"><ele>433.83</ele><time>2024-08-31T14:01:51Z</time></trkpt><trkpt lat="43.25209427" lon="-4.86804342"><ele>433.84</ele><time>2024-08-31T14:01:52Z</time></trkpt><trkpt lat="43.25208282" lon="-4.86804247"><ele>433.85</ele><time>2024-08-31T14:01:53Z</time></trkpt><trkpt lat="43.25207520" lon="-4.86804152"><ele>433.86</ele><time>2024-08-31T14:01:54Z</time></trkpt><trkpt lat="43.25206375" lon="-4.86804008"><ele>433.87</ele><time>2024-08-31T14:01:55Z</time></trkpt><trkpt lat="43.25205231" lon="-4.86803818"><ele>433.88</ele><time>2024-08-31T14:01:56Z</time></trkpt><trkpt lat="43.25204086" lon="-4.86803627"><ele>433.89</ele><time>2024-08-31T14:01:57Z</time></trkpt><trkpt lat="43.25202942" lon="-4.86803389"><ele>433.90</ele><time>2024-08-31T14:01:58Z</time></trkpt><trkpt lat="43.25201797" lon="-4.86803198"><ele>433.91</ele><time>2024-08-31T14:01:59Z</time></trkpt><trkpt lat="43.25200653" lon="-4.86802912"><ele>433.91</ele><time>2024-08-31T14:02:00Z</time></trkpt><trkpt lat="43.25199509" lon="-4.86802673"><ele>433.91</ele><time>2024-08-31T14:02:01Z</time></trkpt><trkpt lat="43.25197983" lon="-4.86802483"><ele>433.92</ele><time>2024-08-31T14:02:02Z</time></trkpt><trkpt lat="43.25196838" lon="-4.86802387"><ele>433.92</ele><time>2024-08-31T14:02:03Z</time></trkpt><trkpt lat="43.25195694" lon="-4.86802292"><ele>433.93</ele><time>2024-08-31T14:02:04Z</time></trkpt><trkpt lat="43.25194168" lon="-4.86802244"><ele>433.93</ele><time>2024-08-31T14:02:05Z</time></trkpt><trkpt lat="43.25193024" lon="-4.86802244"><ele>433.94</ele><time>2024-08-31T14:02:06Z</time></trkpt><trkpt lat="43.25191879" lon="-4.86802292"><ele>433.94</ele><time>2024-08-31T14:02:07Z</time></trkpt><trkpt lat="43.25190353" lon="-4.86802387"><ele>433.95</ele><time>2024-08-31T14:02:08Z</time></trkpt><trkpt lat="43.25189209" lon="-4.86802483"><ele>433.95</ele><time>2024-08-31T14:02:09Z</time></trkpt><trkpt lat="43.25188065" lon="-4.86802626"><ele>433.96</ele><time>2024-08-31T14:02:10Z</time></trkpt><trkpt lat="43.25186539" lon="-4.86802769"><ele>433.96</ele><time>2024-08-31T14:02:11Z</time></trkpt><trkpt lat="43.25185394" lon="-4.86802959"><ele>433.97</ele><time>2024-08-31T14:02:12Z</time></trkpt><trkpt lat="43.25184250" lon="-4.86803150"><ele>433.98</ele><time>2024-08-31T14:02:13Z</time></trkpt><trkpt lat="43.25183105" lon="-4.86803389"><ele>433.98</ele><time>2024-08-31T14:02:14Z</time></trkpt><trkpt lat="43.25181580" lon="-4.86803627"><ele>433.99</ele><time>2024-08-31T14:02:15Z</time></trkpt><trkpt lat="43.25180435" lon="-4.86803961"><ele>433.99</ele><time>2024-08-31T14:02:16Z</time></trkpt><trkpt lat="43.25179291" lon="-4.86804390"><ele>433.99</ele><time>2024-08-31T14:02:17Z</time></trkpt><trkpt lat="43.25178146" lon="-4.86804867"><ele>433.99</ele><time>2024-08-31T14:02:18Z</time></trkpt><trkpt lat="43.25176620" lon="-4.86805391"><ele>434.00</ele><time>2024-08-31T14:02:19Z</time></trkpt><trkpt lat="43.25175476" lon="-4.86806011"><ele>434.00</ele><time>2024-08-31T14:02:20Z</time></trkpt><trkpt lat="43.25174332" lon="-4.86806631"><ele>434.00</ele><time>2024-08-31T14:02:21Z</time></trkpt><trkpt lat="43.25172806" lon="-4.86807346"><ele>434.00</ele><time>2024-08-31T14:02:22Z</time></trkpt><trkpt lat="43.25171661" lon="-4.86808109"><ele>434.01</ele><time>2024-08-31T14:02:23Z</time></trkpt><trkpt lat="43.25170517" lon="-4.86808920"><ele>434.01</ele><time>2024-08-31T14:02:24Z</time></trkpt><trkpt lat="43.25169373" lon="-4.86809731"><ele>434.01</ele><time>2024-08-31T14:02:25Z</time></trkpt><trkpt lat="43.25167847" lon="-4.86810589"><ele>434.01</ele><time>2024-08-31T14:02:26Z</time></trkpt><trkpt lat="43.25166702" lon="-4.86811495"><ele>434.01</ele><time>2024-08-31T14:02:27Z</time></trkpt><trkpt lat="43.25165558" lon="-4.86812401"><ele>434.01</ele><time>2024-08-31T14:02:28Z</time></trkpt><trkpt lat="43.25164032" lon="-4.86813307"><ele>434.02</ele><time>2024-08-31T14:02:29Z</time></trkpt><trkpt lat="43.25162888" lon="-4.86814213"><ele>434.02</ele><time>2024-08-31T14:02:30Z</time></trkpt><trkpt lat="43.25161743" lon="-4.86815166"><ele>434.02</ele><time>2024-08-31T14:02:31Z</time></trkpt><trkpt lat="43.25160599" lon="-4.86816072"><ele>434.02</ele><time>2024-08-31T14:02:32Z</time></trkpt><trkpt lat="43.25159454" lon="-4.86817074"><ele>434.03</ele><time>2024-08-31T14:02:33Z</time></trkpt><trkpt lat="43.25157928" lon="-4.86817980"><ele>434.03</ele><time>2024-08-31T14:02:34Z</time></trkpt><trkpt lat="43.25156784" lon="-4.86818886"><ele>434.03</ele><time>2024-08-31T14:02:35Z</time></trkpt><trkpt lat="43.25155640" lon="-4.86819696"><ele>434.04</ele><time>2024-08-31T14:02:36Z</time></trkpt><trkpt lat="43.25154495" lon="-4.86820555"><ele>434.04</ele><time>2024-08-31T14:02:37Z</time></trkpt><trkpt lat="43.25153351" lon="-4.86821365"><ele>434.04</ele><time>2024-08-31T14:02:38Z</time></trkpt><trkpt lat="43.25151825" lon="-4.86822128"><ele>434.04</ele><time>2024-08-31T14:02:39Z</time></trkpt><trkpt lat="43.25150681" lon="-4.86822891"><ele>434.05</ele><time>2024-08-31T14:02:40Z</time></trkpt><trkpt lat="43.25149536" lon="-4.86823654"><ele>434.05</ele><time>2024-08-31T14:02:41Z</time></trkpt><trkpt lat="43.25148392" lon="-4.86824369"><ele>434.05</ele><time>2024-08-31T14:02:42Z</time></trkpt><trkpt lat="43.25147247" lon="-4.86825132"><ele>434.06</ele><time>2024-08-31T14:02:43Z</time></trkpt><trkpt lat="43.25146103" lon="-4.86825991"><ele>434.06</ele><time>2024-08-31T14:02:44Z</time></trkpt><trkpt lat="43.25144958" lon="-4.86826849"><ele>434.07</ele><time>2024-08-31T14:02:45Z</time></trkpt><trkpt lat="43.25143814" lon="-4.86827755"><ele>434.07</ele><time>2024-08-31T14:02:46Z</time></trkpt><trkpt lat="43.25142670" lon="-4.86828709"><ele>434.08</ele><time>2024-08-31T14:02:47Z</time></trkpt><trkpt lat="43.25141525" lon="-4.86829662"><ele>434.09</ele><time>2024-08-31T14:02:48Z</time></trkpt><trkpt lat="43.25140381" lon="-4.86830664"><ele>434.10</ele><time>2024-08-31T14:02:49Z</time></trkpt><trkpt lat="43.25139236" lon="-4.86831665"><ele>434.10</ele><time>2024-08-31T14:02:50Z</time></trkpt><trkpt lat="43.25138092" lon="-4.86832714"><ele>434.11</ele><time>2024-08-31T14:02:51Z</time></trkpt><trkpt lat="43.25137329" lon="-4.86833763"><ele>434.13</ele><time>2024-08-31T14:02:52Z</time></trkpt><trkpt lat="43.25136185" lon="-4.86834908"><ele>434.14</ele><time>2024-08-31T14:02:53Z</time></trkpt><trkpt lat="43.25135422" lon="-4.86836100"><ele>434.15</ele><time>2024-08-31T14:02:54Z</time></trkpt><trkpt lat="43.25134277" lon="-4.86837292"><ele>434.16</ele><time>2024-08-31T14:02:55Z</time></trkpt><trkpt lat="43.25133514" lon="-4.86838531"><ele>434.17</ele><time>2024-08-31T14:02:56Z</time></trkpt><trkpt lat="43.25132751" lon="-4.86839819"><ele>434.18</ele><time>2024-08-31T14:02:57Z</time></trkpt><trkpt lat="43.25131607" lon="-4.86841106"><ele>434.19</ele><time>2024-08-31T14:02:58Z</time></trkpt><trkpt lat="43.25130844" lon="-4.86842394"><ele>434.20</ele><time>2024-08-31T14:02:59Z</time></trkpt><trkpt lat="43.25130081" lon="-4.86843729"><ele>434.21</ele><time>2024-08-31T14:03:00Z</time></trkpt><trkpt lat="43.25129318" lon="-4.86845016"><ele>434.22</ele><time>2024-08-31T14:03:01Z</time></trkpt><trkpt lat="43.25128555" lon="-4.86846399"><ele>434.23</ele><time>2024-08-31T14:03:02Z</time></trkpt><trkpt lat="43.25127792" lon="-4.86847734"><ele>434.24</ele><time>2024-08-31T14:03:03Z</time></trkpt><trkpt lat="43.25127029" lon="-4.86849117"><ele>434.25</ele><time>2024-08-31T14:03:04Z</time></trkpt><trkpt lat="43.25126266" lon="-4.86850500"><ele>434.26</ele><time>2024-08-31T14:03:05Z</time></trkpt><trkpt lat="43.25125504" lon="-4.86851931"><ele>434.27</ele><time>2024-08-31T14:03:06Z</time></trkpt><trkpt lat="43.25124741" lon="-4.86853313"><ele>434.28</ele><time>2024-08-31T14:03:07Z</time></trkpt><trkpt lat="43.25123978" lon="-4.86854744"><ele>434.28</ele><time>2024-08-31T14:03:08Z</time></trkpt><trkpt lat="43.25123215" lon="-4.86856222"><ele>434.29</ele><time>2024-08-31T14:03:09Z</time></trkpt><trkpt lat="43.25122833" lon="-4.86857653"><ele>434.30</ele><time>2024-08-31T14:03:10Z</time></trkpt><trkpt lat="43.25122070" lon="-4.86859131"><ele>434.31</ele><time>2024-08-31T14:03:11Z</time></trkpt><trkpt lat="43.25121307" lon="-4.86860609"><ele>434.32</ele><time>2024-08-31T14:03:12Z</time></trkpt><trkpt lat="43.25120544" lon="-4.86862040"><ele>434.33</ele><time>2024-08-31T14:03:13Z</time></trkpt><trkpt lat="43.25119781" lon="-4.86863518"><ele>434.34</ele><time>2024-08-31T14:03:14Z</time></trkpt><trkpt lat="43.25119019" lon="-4.86865044"><ele>434.35</ele><time>2024-08-31T14:03:15Z</time></trkpt><trkpt lat="43.25118256" lon="-4.86866522"><ele>434.36</ele><time>2024-08-31T14:03:16Z</time></trkpt><trkpt lat="43.25117874" lon="-4.86868000"><ele>434.37</ele><time>2024-08-31T14:03:17Z</time></trkpt><trkpt lat="43.25117111" lon="-4.86869526"><ele>434.38</ele><time>2024-08-31T14:03:18Z</time></trkpt><trkpt lat="43.25116348" lon="-4.86871052"><ele>434.39</ele><time>2024-08-31T14:03:19Z</time></trkpt><trkpt lat="43.25115585" lon="-4.86872530"><ele>434.40</ele><time>2024-08-31T14:03:20Z</time></trkpt><trkpt lat="43.25114822" lon="-4.86874056"><ele>434.41</ele><time>2024-08-31T14:03:21Z</time></trkpt><trkpt lat="43.25114059" lon="-4.86875629"><ele>434.42</ele><time>2024-08-31T14:03:22Z</time></trkpt><trkpt lat="43.25113297" lon="-4.86877155"><ele>434.43</ele><time>2024-08-31T14:03:23Z</time></trkpt><trkpt lat="43.25112915" lon="-4.86878777"><ele>434.44</ele><time>2024-08-31T14:03:24Z</time></trkpt><trkpt lat="43.25112152" lon="-4.86880398"><ele>434.45</ele><time>2024-08-31T14:03:25Z</time></trkpt><trkpt lat="43.25111771" lon="-4.86882114"><ele>434.46</ele><time>2024-08-31T14:03:26Z</time></trkpt><trkpt lat="43.25111008" lon="-4.86883831"><ele>434.47</ele><time>2024-08-31T14:03:27Z</time></trkpt><trkpt lat="43.25110626" lon="-4.86885595"><ele>434.48</ele><time>2024-08-31T14:03:28Z</time></trkpt><trkpt lat="43.25110245" lon="-4.86887407"><ele>434.48</ele><time>2024-08-31T14:03:29Z</time></trkpt><trkpt lat="43.25109863" lon="-4.86889172"><ele>434.49</ele><time>2024-08-31T14:03:30Z</time></trkpt><trkpt lat="43.25109482" lon="-4.86890984"><ele>434.50</ele><time>2024-08-31T14:03:31Z</time></trkpt><trkpt lat="43.25109100" lon="-4.86892796"><ele>434.51</ele><time>2024-08-31T14:03:32Z</time></trkpt><trkpt lat="43.25109100" lon="-4.86894655"><ele>434.51</ele><time>2024-08-31T14:03:33Z</time></trkpt><trkpt lat="43.25108719" lon="-4.86896420"><ele>434.52</ele><time>2024-08-31T14:03:34Z</time></trkpt><trkpt lat="43.25108337" lon="-4.86898136"><ele>434.53</ele><time>2024-08-31T14:03:35Z</time></trkpt><trkpt lat="43.25107574" lon="-4.86899853"><ele>434.54</ele><time>2024-08-31T14:03:36Z</time></trkpt><trkpt lat="43.25107193" lon="-4.86901569"><ele>434.55</ele><time>2024-08-31T14:03:37Z</time></trkpt><trkpt lat="43.25106812" lon="-4.86903238"><ele>434.56</ele><time>2024-08-31T14:03:38Z</time></trkpt><trkpt lat="43.25106430" lon="-4.86904907"><ele>434.57</ele><time>2024-08-31T14:03:39Z</time></trkpt><trkpt lat="43.25105667" lon="-4.86906576"><ele>434.58</ele><time>2024-08-31T14:03:40Z</time></trkpt><trkpt lat="43.25105286" lon="-4.86908245"><ele>434.59</ele><time>2024-08-31T14:03:41Z</time></trkpt><trkpt lat="43.25104523" lon="-4.86909866"><ele>434.60</ele><time>2024-08-31T14:03:42Z</time></trkpt><trkpt lat="43.25104141" lon="-4.86911535"><ele>434.62</ele><time>2024-08-31T14:03:43Z</time></trkpt><trkpt lat="43.25103378" lon="-4.86913157"><ele>434.63</ele><time>2024-08-31T14:03:44Z</time></trkpt><trkpt lat="43.25102997" lon="-4.86914778"><ele>434.64</ele><time>2024-08-31T14:03:45Z</time></trkpt><trkpt lat="43.25102234" lon="-4.86916399"><ele>434.66</ele><time>2024-08-31T14:03:46Z</time></trkpt><trkpt lat="43.25101852" lon="-4.86918020"><ele>434.67</ele><time>2024-08-31T14:03:47Z</time></trkpt><trkpt lat="43.25101089" lon="-4.86919641"><ele>434.68</ele><time>2024-08-31T14:03:48Z</time></trkpt><trkpt lat="43.25100327" lon="-4.86921263"><ele>434.70</ele><time>2024-08-31T14:03:49Z</time></trkpt><trkpt lat="43.25099945" lon="-4.86922932"><ele>434.71</ele><time>2024-08-31T14:03:50Z</time></trkpt><trkpt lat="43.25099182" lon="-4.86924648"><ele>434.72</ele><time>2024-08-31T14:03:51Z</time></trkpt><trkpt lat="43.25098801" lon="-4.86926365"><ele>434.73</ele><time>2024-08-31T14:03:52Z</time></trkpt><trkpt lat="43.25098038" lon="-4.86928082"><ele>434.75</ele><time>2024-08-31T14:03:53Z</time></trkpt><trkpt lat="43.25097656" lon="-4.86929798"><ele>434.76</ele><time>2024-08-31T14:03:54Z</time></trkpt><trkpt lat="43.25097275" lon="-4.86931515"><ele>434.77</ele><time>2024-08-31T14:03:55Z</time></trkpt><trkpt lat="43.25096512" lon="-4.86933279"><ele>434.78</ele><time>2024-08-31T14:03:56Z</time></trkpt><trkpt lat="43.25096130" lon="-4.86934996"><ele>434.79</ele><time>2024-08-31T14:03:57Z</time></trkpt><trkpt lat="43.25095749" lon="-4.86936760"><ele>434.80</ele><time>2024-08-31T14:03:58Z</time></trkpt><trkpt lat="43.25094986" lon="-4.86938524"><ele>434.81</ele><time>2024-08-31T14:03:59Z</time></trkpt><trkpt lat="43.25094604" lon="-4.86940289"><ele>434.82</ele><time>2024-08-31T14:04:00Z</time></trkpt><trkpt lat="43.25094223" lon="-4.86942053"><ele>434.83</ele><time>2024-08-31T14:04:01Z</time></trkpt><trkpt lat="43.25093460" lon="-4.86943817"><ele>434.84</ele><time>2024-08-31T14:04:02Z</time></trkpt><trkpt lat="43.25093079" lon="-4.86945581"><ele>434.85</ele><time>2024-08-31T14:04:03Z</time></trkpt><trkpt lat="43.25092697" lon="-4.86947393"><ele>434.86</ele><time>2024-08-31T14:04:04Z</time></trkpt><trkpt lat="43.25091934" lon="-4.86949158"><ele>434.87</ele><time>2024-08-31T14:04:05Z</time></trkpt><trkpt lat="43.25091553" lon="-4.86950970"><ele>434.88</ele><time>2024-08-31T14:04:06Z</time></trkpt><trkpt lat="43.25091171" lon="-4.86952782"><ele>434.89</ele><time>2024-08-31T14:04:07Z</time></trkpt><trkpt lat="43.25091171" lon="-4.86954594"><ele>434.90</ele><time>2024-08-31T14:04:08Z</time></trkpt><trkpt lat="43.25090790" lon="-4.86956406"><ele>434.91</ele><time>2024-08-31T14:04:09Z</time></trkpt><trkpt lat="43.25090408" lon="-4.86958265"><ele>434.91</ele><time>2024-08-31T14:04:10Z</time></trkpt><trkpt lat="43.25090408" lon="-4.86960077"><ele>434.92</ele><time>2024-08-31T14:04:11Z</time></trkpt><trkpt lat="43.25090027" lon="-4.86961937"><ele>434.92</ele><time>2024-08-31T14:04:12Z</time></trkpt><trkpt lat="43.25090027" lon="-4.86963797"><ele>434.93</ele><time>2024-08-31T14:04:13Z</time></trkpt><trkpt lat="43.25090027" lon="-4.86965656"><ele>434.93</ele><time>2024-08-31T14:04:14Z</time></trkpt><trkpt lat="43.25089645" lon="-4.86967516"><ele>434.94</ele><time>2024-08-31T14:04:15Z</time></trkpt><trkpt lat="43.25089645" lon="-4.86969376"><ele>434.94</ele><time>2024-08-31T14:04:16Z</time></trkpt><trkpt lat="43.25089645" lon="-4.86971235"><ele>434.94</ele><time>2024-08-31T14:04:17Z</time></trkpt><trkpt lat="43.25089645" lon="-4.86973095"><ele>434.95</ele><time>2024-08-31T14:04:18Z</time></trkpt><trkpt lat="43.25089645" lon="-4.86974955"><ele>434.95</ele><time>2024-08-31T14:04:19Z</time></trkpt><trkpt lat="43.25089645" lon="-4.86976814"><ele>434.95</ele><time>2024-08-31T14:04:20Z</time></trkpt><trkpt lat="43.25089645" lon="-4.86978674"><ele>434.95</ele><time>2024-08-31T14:04:21Z</time></trkpt><trkpt lat="43.25089645" lon="-4.86980486"><ele>434.95</ele><time>2024-08-31T14:04:22Z</time></trkpt><trkpt lat="43.25090027" lon="-4.86982298"><ele>434.95</ele><time>2024-08-31T14:04:23Z</time></trkpt><trkpt lat="43.25090027" lon="-4.86984110"><ele>434.95</ele><time>2024-08-31T14:04:24Z</time></trkpt><trkpt lat="43.25090408" lon="-4.86985874"><ele>434.95</ele><time>2024-08-31T14:04:25Z</time></trkpt><trkpt lat="43.25090790" lon="-4.86987638"><ele>434.94</ele><time>2024-08-31T14:04:26Z</time></trkpt><trkpt lat="43.25090790" lon="-4.86989403"><ele>434.94</ele><time>2024-08-31T14:04:27Z</time></trkpt><trkpt lat="43.25091171" lon="-4.86991119"><ele>434.93</ele><time>2024-08-31T14:04:28Z</time></trkpt><trkpt lat="43.25091553" lon="-4.86992884"><ele>434.92</ele><time>2024-08-31T14:04:29Z</time></trkpt><trkpt lat="43.25091934" lon="-4.86994600"><ele>434.92</ele><time>2024-08-31T14:04:30Z</time></trkpt><trkpt lat="43.25092316" lon="-4.86996317"><ele>434.91</ele><time>2024-08-31T14:04:31Z</time></trkpt><trkpt lat="43.25092697" lon="-4.86997986"><ele>434.90</ele><time>2024-08-31T14:04:32Z</time></trkpt><trkpt lat="43.25093079" lon="-4.86999702"><ele>434.89</ele><time>2024-08-31T14:04:33Z</time></trkpt><trkpt lat="43.25093460" lon="-4.87001371"><ele>434.88</ele><time>2024-08-31T14:04:34Z</time></trkpt><trkpt lat="43.25093842" lon="-4.87003040"><ele>434.87</ele><time>2024-08-31T14:04:35Z</time></trkpt><trkpt lat="43.25094223" lon="-4.87004709"><ele>434.86</ele><time>2024-08-31T14:04:36Z</time></trkpt><trkpt lat="43.25094604" lon="-4.87006426"><ele>434.86</ele><time>2024-08-31T14:04:37Z</time></trkpt><trkpt lat="43.25095367" lon="-4.87008095"><ele>434.85</ele><time>2024-08-31T14:04:38Z</time></trkpt><trkpt lat="43.25095749" lon="-4.87009811"><ele>434.85</ele><time>2024-08-31T14:04:39Z</time></trkpt><trkpt lat="43.25096130" lon="-4.87011528"><ele>434.84</ele><time>2024-08-31T14:04:40Z</time></trkpt><trkpt lat="43.25096512" lon="-4.87013245"><ele>434.84</ele><time>2024-08-31T14:04:41Z</time></trkpt><trkpt lat="43.25096893" lon="-4.87015009"><ele>434.84</ele><time>2024-08-31T14:04:42Z</time></trkpt><trkpt lat="43.25097275" lon="-4.87016726"><ele>434.83</ele><time>2024-08-31T14:04:43Z</time></trkpt><trkpt lat="43.25097656" lon="-4.87018442"><ele>434.83</ele><time>2024-08-31T14:04:44Z</time></trkpt><trkpt lat="43.25098419" lon="-4.87020159"><ele>434.83</ele><time>2024-08-31T14:04:45Z</time></trkpt><trkpt lat="43.25098801" lon="-4.87021875"><ele>434.83</ele><time>2024-08-31T14:04:46Z</time></trkpt><trkpt lat="43.25099182" lon="-4.87023592"><ele>434.83</ele><time>2024-08-31T14:04:47Z</time></trkpt><trkpt lat="43.25099564" lon="-4.87025356"><ele>434.83</ele><time>2024-08-31T14:04:48Z</time></trkpt><trkpt lat="43.25099945" lon="-4.87027073"><ele>434.83</ele><time>2024-08-31T14:04:49Z</time></trkpt><trkpt lat="43.25100708" lon="-4.87028790"><ele>434.83</ele><time>2024-08-31T14:04:50Z</time></trkpt><trkpt lat="43.25101089" lon="-4.87030506"><ele>434.83</ele><time>2024-08-31T14:04:51Z</time></trkpt><trkpt lat="43.25101471" lon="-4.87032175"><ele>434.83</ele><time>2024-08-31T14:04:52Z</time></trkpt><trkpt lat="43.25101852" lon="-4.87033939"><ele>434.83</ele><time>2024-08-31T14:04:53Z</time></trkpt><trkpt lat="43.25102615" lon="-4.87035704"><ele>434.83</ele><time>2024-08-31T14:04:54Z</time></trkpt><trkpt lat="43.25102997" lon="-4.87037468"><ele>434.83</ele><time>2024-08-31T14:04:55Z</time></trkpt><trkpt lat="43.25103378" lon="-4.87039232"><ele>434.83</ele><time>2024-08-31T14:04:56Z</time></trkpt><trkpt lat="43.25103760" lon="-4.87040997"><ele>434.83</ele><time>2024-08-31T14:04:57Z</time></trkpt><trkpt lat="43.25104523" lon="-4.87042809"><ele>434.83</ele><time>2024-08-31T14:04:58Z</time></trkpt><trkpt lat="43.25104904" lon="-4.87044573"><ele>434.83</ele><time>2024-08-31T14:04:59Z</time></trkpt><trkpt lat="43.25105286" lon="-4.87046385"><ele>434.83</ele><time>2024-08-31T14:05:00Z</time></trkpt><trkpt lat="43.25105667" lon="-4.87048197"><ele>434.83</ele><time>2024-08-31T14:05:01Z</time></trkpt><trkpt lat="43.25106430" lon="-4.87050009"><ele>434.83</ele><time>2024-08-31T14:05:02Z</time></trkpt><trkpt lat="43.25106812" lon="-4.87051821"><ele>434.82</ele><time>2024-08-31T14:05:03Z</time></trkpt><trkpt lat="43.25107193" lon="-4.87053633"><ele>434.82</ele><time>2024-08-31T14:05:04Z</time></trkpt><trkpt lat="43.25107956" lon="-4.87055349"><ele>434.82</ele><time>2024-08-31T14:05:05Z</time></trkpt><trkpt lat="43.25108337" lon="-4.87056923"><ele>434.82</ele><time>2024-08-31T14:05:06Z</time></trkpt><trkpt lat="43.25109100" lon="-4.87058496"><ele>434.81</ele><time>2024-08-31T14:05:07Z</time></trkpt><trkpt lat="43.25109863" lon="-4.87059975"><ele>434.80</ele><time>2024-08-31T14:05:08Z</time></trkpt><trkpt lat="43.25111008" lon="-4.87061357"><ele>434.80</ele><time>2024-08-31T14:05:09Z</time></trkpt><trkpt lat="43.25111771" lon="-4.87062740"><ele>434.79</ele><time>2024-08-31T14:05:10Z</time></trkpt><trkpt lat="43.25112534" lon="-4.87064075"><ele>434.79</ele><time>2024-08-31T14:05:11Z</time></trkpt><trkpt lat="43.25113678" lon="-4.87065411"><ele>434.78</ele><time>2024-08-31T14:05:12Z</time></trkpt><trkpt lat="43.25114441" lon="-4.87066650"><ele>434.77</ele><time>2024-08-31T14:05:13Z</time></trkpt><trkpt lat="43.25115585" lon="-4.87067890"><ele>434.77</ele><time>2024-08-31T14:05:14Z</time></trkpt><trkpt lat="43.25116348" lon="-4.87069082"><ele>434.76</ele><time>2024-08-31T14:05:15Z</time></trkpt><trkpt lat="43.25117493" lon="-4.87070084"><ele>434.76</ele><time>2024-08-31T14:05:16Z</time></trkpt><trkpt lat="43.25118637" lon="-4.87070942"><ele>434.75</ele><time>2024-08-31T14:05:17Z</time></trkpt><trkpt lat="43.25119400" lon="-4.87071609"><ele>434.75</ele><time>2024-08-31T14:05:18Z</time></trkpt><trkpt lat="43.25120544" lon="-4.87072182"><ele>434.75</ele><time>2024-08-31T14:05:19Z</time></trkpt><trkpt lat="43.25121689" lon="-4.87072659"><ele>434.76</ele><time>2024-08-31T14:05:20Z</time></trkpt><trkpt lat="43.25122833" lon="-4.87073231"><ele>434.76</ele><time>2024-08-31T14:05:21Z</time></trkpt><trkpt lat="43.25123596" lon="-4.87073851"><ele>434.77</ele><time>2024-08-31T14:05:22Z</time></trkpt><trkpt lat="43.25124741" lon="-4.87074518"><ele>434.78</ele><time>2024-08-31T14:05:23Z</time></trkpt><trkpt lat="43.25125504" lon="-4.87075186"><ele>434.79</ele><time>2024-08-31T14:05:24Z</time></trkpt><trkpt lat="43.25126648" lon="-4.87075901"><ele>434.80</ele><time>2024-08-31T14:05:25Z</time></trkpt><trkpt lat="43.25127792" lon="-4.87076664"><ele>434.81</ele><time>2024-08-31T14:05:26Z</time></trkpt><trkpt lat="43.25128555" lon="-4.87077427"><ele>434.83</ele><time>2024-08-31T14:05:27Z</time></trkpt><trkpt lat="43.25129700" lon="-4.87078190"><ele>434.84</ele><time>2024-08-31T14:05:28Z</time></trkpt><trkpt lat="43.25130081" lon="-4.87079239"><ele>434.85</ele><time>2024-08-31T14:05:29Z</time></trkpt><trkpt lat="43.25130844" lon="-4.87080431"><ele>434.86</ele><time>2024-08-31T14:05:30Z</time></trkpt><trkpt lat="43.25130844" lon="-4.87081766"><ele>434.86</ele><time>2024-08-31T14:05:31Z</time></trkpt><trkpt lat="43.25131226" lon="-4.87083197"><ele>434.87</ele><time>2024-08-31T14:05:32Z</time></trkpt><trkpt lat="43.25131226" lon="-4.87084675"><ele>434.87</ele><time>2024-08-31T14:05:33Z</time></trkpt><trkpt lat="43.25131226" lon="-4.87086248"><ele>434.88</ele><time>2024-08-31T14:05:34Z</time></trkpt><trkpt lat="43.25131226" lon="-4.87087822"><ele>434.88</ele><time>2024-08-31T14:05:35Z</time></trkpt><trkpt lat="43.25131226" lon="-4.87089491"><ele>434.88</ele><time>2024-08-31T14:05:36Z</time></trkpt><trkpt lat="43.25130844" lon="-4.87091017"><ele>434.89</ele><time>2024-08-31T14:05:37Z</time></trkpt><trkpt lat="43.25130844" lon="-4.87092543"><ele>434.90</ele><time>2024-08-31T14:05:38Z</time></trkpt><trkpt lat="43.25130463" lon="-4.87093973"><ele>434.90</ele><time>2024-08-31T14:05:39Z</time></trkpt><trkpt lat="43.25130463" lon="-4.87095404"><ele>434.91</ele><time>2024-08-31T14:05:40Z</time></trkpt><trkpt lat="43.25130081" lon="-4.87096834"><ele>434.92</ele><time>2024-08-31T14:05:41Z</time></trkpt><trkpt lat="43.25129700" lon="-4.87098265"><ele>434.93</ele><time>2024-08-31T14:05:42Z</time></trkpt><trkpt lat="43.25128937" lon="-4.87099266"><ele>434.93</ele><time>2024-08-31T14:05:43Z</time></trkpt><trkpt lat="43.25128555" lon="-4.87099934"><ele>434.94</ele><time>2024-08-31T14:05:44Z</time></trkpt><trkpt lat="43.25127792" lon="-4.87100315"><ele>434.93</ele><time>2024-08-31T14:05:45Z</time></trkpt><trkpt lat="43.25126648" lon="-4.87100410"><ele>434.93</ele><time>2024-08-31T14:05:46Z</time></trkpt><trkpt lat="43.25125885" lon="-4.87100315"><ele>434.93</ele><time>2024-08-31T14:05:47Z</time></trkpt><trkpt lat="43.25124741" lon="-4.87100029"><ele>434.93</ele><time>2024-08-31T14:05:48Z</time></trkpt><trkpt lat="43.25123596" lon="-4.87099648"><ele>434.93</ele><time>2024-08-31T14:05:49Z</time></trkpt><trkpt lat="43.25122452" lon="-4.87099123"><ele>434.93</ele><time>2024-08-31T14:05:50Z</time></trkpt><trkpt lat="43.25121307" lon="-4.87098551"><ele>434.93</ele><time>2024-08-31T14:05:51Z</time></trkpt><trkpt lat="43.25120163" lon="-4.87097931"><ele>434.93</ele><time>2024-08-31T14:05:52Z</time></trkpt><trkpt lat="43.25119019" lon="-4.87097263"><ele>434.93</ele><time>2024-08-31T14:05:53Z</time></trkpt><trkpt lat="43.25117874" lon="-4.87096596"><ele>434.93</ele><time>2024-08-31T14:05:54Z</time></trkpt><trkpt lat="43.25116730" lon="-4.87095881"><ele>434.93</ele><time>2024-08-31T14:05:55Z</time></trkpt><trkpt lat="43.25115585" lon="-4.87095165"><ele>434.94</ele><time>2024-08-31T14:05:56Z</time></trkpt><trkpt lat="43.25114441" lon="-4.87094402"><ele>434.94</ele><time>2024-08-31T14:05:57Z</time></trkpt><trkpt lat="43.25113678" lon="-4.87093687"><ele>434.94</ele><time>2024-08-31T14:05:58Z</time></trkpt><trkpt lat="43.25112534" lon="-4.87092924"><ele>434.94</ele><time>2024-08-31T14:05:59Z</time></trkpt><trkpt lat="43.25111389" lon="-4.87092209"><ele>434.95</ele><time>2024-08-31T14:06:00Z</time></trkpt><trkpt lat="43.25110245" lon="-4.87091446"><ele>434.95</ele><time>2024-08-31T14:06:01Z</time></trkpt><trkpt lat="43.25109482" lon="-4.87090731"><ele>434.96</ele><time>2024-08-31T14:06:02Z</time></trkpt><trkpt lat="43.25108337" lon="-4.87089968"><ele>434.97</ele><time>2024-08-31T14:06:03Z</time></trkpt><trkpt lat="43.25107193" lon="-4.87089205"><ele>434.98</ele><time>2024-08-31T14:06:04Z</time></trkpt><trkpt lat="43.25106430" lon="-4.87088442"><ele>435.00</ele><time>2024-08-31T14:06:05Z</time></trkpt><trkpt lat="43.25105286" lon="-4.87087679"><ele>435.03</ele><time>2024-08-31T14:06:06Z</time></trkpt><trkpt lat="43.25104141" lon="-4.87086916"><ele>435.06</ele><time>2024-08-31T14:06:07Z</time></trkpt><trkpt lat="43.25103378" lon="-4.87086153"><ele>435.09</ele><time>2024-08-31T14:06:08Z</time></trkpt><trkpt lat="43.25102234" lon="-4.87085390"><ele>435.13</ele><time>2024-08-31T14:06:09Z</time></trkpt><trkpt lat="43.25101089" lon="-4.87084579"><ele>435.17</ele><time>2024-08-31T14:06:10Z</time></trkpt><trkpt lat="43.25100327" lon="-4.87083960"><ele>435.21</ele><time>2024-08-31T14:06:11Z</time></trkpt><trkpt lat="43.25099182" lon="-4.87083483"><ele>435.25</ele><time>2024-08-31T14:06:12Z</time></trkpt><trkpt lat="43.25098038" lon="-4.87083054"><ele>435.29</ele><time>2024-08-31T14:06:13Z</time></trkpt><trkpt lat="43.25097275" lon="-4.87082767"><ele>435.32</ele><time>2024-08-31T14:06:14Z</time></trkpt><trkpt lat="43.25096130" lon="-4.87082529"><ele>435.36</ele><time>2024-08-31T14:06:15Z</time></trkpt><trkpt lat="43.25094986" lon="-4.87082243"><ele>435.40</ele><time>2024-08-31T14:06:16Z</time></trkpt><trkpt lat="43.25093842" lon="-4.87081957"><ele>435.45</ele><time>2024-08-31T14:06:17Z</time></trkpt><trkpt lat="43.25092697" lon="-4.87081575"><ele>435.50</ele><time>2024-08-31T14:06:18Z</time></trkpt><trkpt lat="43.25091934" lon="-4.87081242"><ele>435.56</ele><time>2024-08-31T14:06:19Z</time></trkpt><trkpt lat="43.25090790" lon="-4.87080860"><ele>435.61</ele><time>2024-08-31T14:06:20Z</time></trkpt><trkpt lat="43.25089645" lon="-4.87080479"><ele>435.67</ele><time>2024-08-31T14:06:21Z</time></trkpt><trkpt lat="43.25088501" lon="-4.87080050"><ele>435.73</ele><time>2024-08-31T14:06:22Z</time></trkpt><trkpt lat="43.25087357" lon="-4.87079620"><ele>435.80</ele><time>2024-08-31T14:06:23Z</time></trkpt><trkpt lat="43.25086212" lon="-4.87079239"><ele>435.86</ele><time>2024-08-31T14:06:24Z</time></trkpt><trkpt lat="43.25085068" lon="-4.87078810"><ele>435.93</ele><time>2024-08-31T14:06:25Z</time></trkpt><trkpt lat="43.25083923" lon="-4.87078381"><ele>435.99</ele><time>2024-08-31T14:06:26Z</time></trkpt><trkpt lat="43.25082397" lon="-4.87077951"><ele>436.06</ele><time>2024-08-31T14:06:27Z</time></trkpt><trkpt lat="43.25081253" lon="-4.87077570"><ele>436.13</ele><time>2024-08-31T14:06:28Z</time></trkpt><trkpt lat="43.25080109" lon="-4.87077141"><ele>436.20</ele><time>2024-08-31T14:06:29Z</time></trkpt><trkpt lat="43.25078964" lon="-4.87076712"><ele>436.27</ele><time>2024-08-31T14:06:30Z</time></trkpt><trkpt lat="43.25077820" lon="-4.87076330"><ele>436.35</ele><time>2024-08-31T14:06:31Z</time></trkpt><trkpt lat="43.25076675" lon="-4.87076044"><ele>436.43</ele><time>2024-08-31T14:06:32Z</time></trkpt><trkpt lat="43.25075531" lon="-4.87075806"><ele>436.51</ele><time>2024-08-31T14:06:33Z</time></trkpt><trkpt lat="43.25074005" lon="-4.87075567"><ele>436.59</ele><time>2024-08-31T14:06:34Z</time></trkpt><trkpt lat="43.25072861" lon="-4.87075377"><ele>436.68</ele><time>2024-08-31T14:06:35Z</time></trkpt><trkpt lat="43.25071716" lon="-4.87075233"><ele>436.77</ele><time>2024-08-31T14:06:36Z</time></trkpt><trkpt lat="43.25070572" lon="-4.87075424"><ele>436.85</ele><time>2024-08-31T14:06:37Z</time></trkpt><trkpt lat="43.25069427" lon="-4.87075853"><ele>436.92</ele><time>2024-08-31T14:06:38Z</time></trkpt><trkpt lat="43.25068283" lon="-4.87076426"><ele>436.99</ele><time>2024-08-31T14:06:39Z</time></trkpt><trkpt lat="43.25067520" lon="-4.87077188"><ele>437.06</ele><time>2024-08-31T14:06:40Z</time></trkpt><trkpt lat="43.25066376" lon="-4.87078047"><ele>437.12</ele><time>2024-08-31T14:06:41Z</time></trkpt><trkpt lat="43.25065613" lon="-4.87079048"><ele>437.18</ele><time>2024-08-31T14:06:42Z</time></trkpt><trkpt lat="43.25064468" lon="-4.87080097"><ele>437.24</ele><time>2024-08-31T14:06:43Z</time></trkpt><trkpt lat="43.25063705" lon="-4.87081194"><ele>437.29</ele><time>2024-08-31T14:06:44Z</time></trkpt><trkpt lat="43.25062943" lon="-4.87082338"><ele>437.34</ele><time>2024-08-31T14:06:45Z</time></trkpt><trkpt lat="43.25062180" lon="-4.87083530"><ele>437.39</ele><time>2024-08-31T14:06:46Z</time></trkpt><trkpt lat="43.25061798" lon="-4.87084818"><ele>437.42</ele><time>2024-08-31T14:06:47Z</time></trkpt><trkpt lat="43.25061035" lon="-4.87086105"><ele>437.45</ele><time>2024-08-31T14:06:48Z</time></trkpt><trkpt lat="43.25060654" lon="-4.87087440"><ele>437.48</ele><time>2024-08-31T14:06:49Z</time></trkpt><trkpt lat="43.25060272" lon="-4.87088823"><ele>437.50</ele><time>2024-08-31T14:06:50Z</time></trkpt><trkpt lat="43.25059891" lon="-4.87090206"><ele>437.52</ele><time>2024-08-31T14:06:51Z</time></trkpt><trkpt lat="43.25059509" lon="-4.87091637"><ele>437.54</ele><time>2024-08-31T14:06:52Z</time></trkpt><trkpt lat="43.25059509" lon="-4.87093067"><ele>437.56</ele><time>2024-08-31T14:06:53Z</time></trkpt><trkpt lat="43.25059128" lon="-4.87094545"><ele>437.57</ele><time>2024-08-31T14:06:54Z</time></trkpt><trkpt lat="43.25059128" lon="-4.87096024"><ele>437.58</ele><time>2024-08-31T14:06:55Z</time></trkpt><trkpt lat="43.25058746" lon="-4.87097502"><ele>437.60</ele><time>2024-08-31T14:06:56Z</time></trkpt><trkpt lat="43.25058746" lon="-4.87099028"><ele>437.61</ele><time>2024-08-31T14:06:57Z</time></trkpt><trkpt lat="43.25058365" lon="-4.87100506"><ele>437.62</ele><time>2024-08-31T14:06:58Z</time></trkpt><trkpt lat="43.25058365" lon="-4.87102032"><ele>437.63</ele><time>2024-08-31T14:06:59Z</time></trkpt><trkpt lat="43.25058365" lon="-4.87103558"><ele>437.63</ele><time>2024-08-31T14:07:00Z</time></trkpt><trkpt lat="43.25058365" lon="-4.87105083"><ele>437.64</ele><time>2024-08-31T14:07:01Z</time></trkpt><trkpt lat="43.25058365" lon="-4.87106609"><ele>437.65</ele><time>2024-08-31T14:07:02Z</time></trkpt><trkpt lat="43.25058365" lon="-4.87108135"><ele>437.65</ele><time>2024-08-31T14:07:03Z</time></trkpt><trkpt lat="43.25058365" lon="-4.87109661"><ele>437.66</ele><time>2024-08-31T14:07:04Z</time></trkpt><trkpt lat="43.25058365" lon="-4.87111187"><ele>437.66</ele><time>2024-08-31T14:07:05Z</time></trkpt><trkpt lat="43.25058746" lon="-4.87112761"><ele>437.66</ele><time>2024-08-31T14:07:06Z</time></trkpt><trkpt lat="43.25058746" lon="-4.87114334"><ele>437.67</ele><time>2024-08-31T14:07:07Z</time></trkpt><trkpt lat="43.25059128" lon="-4.87115860"><ele>437.67</ele><time>2024-08-31T14:07:08Z</time></trkpt><trkpt lat="43.25059128" lon="-4.87117434"><ele>437.67</ele><time>2024-08-31T14:07:09Z</time></trkpt><trkpt lat="43.25059509" lon="-4.87119007"><ele>437.66</ele><time>2024-08-31T14:07:10Z</time></trkpt><trkpt lat="43.25059509" lon="-4.87120676"><ele>437.66</ele><time>2024-08-31T14:07:11Z</time></trkpt><trkpt lat="43.25059891" lon="-4.87122345"><ele>437.66</ele><time>2024-08-31T14:07:12Z</time></trkpt><trkpt lat="43.25059891" lon="-4.87124014"><ele>437.66</ele><time>2024-08-31T14:07:13Z</time></trkpt><trkpt lat="43.25059891" lon="-4.87125778"><ele>437.67</ele><time>2024-08-31T14:07:14Z</time></trkpt><trkpt lat="43.25059891" lon="-4.87127495"><ele>437.67</ele><time>2024-08-31T14:07:15Z</time></trkpt><trkpt lat="43.25059891" lon="-4.87129259"><ele>437.67</ele><time>2024-08-31T14:07:16Z</time></trkpt><trkpt lat="43.25059509" lon="-4.87131071"><ele>437.67</ele><time>2024-08-31T14:07:17Z</time></trkpt><trkpt lat="43.25059509" lon="-4.87132835"><ele>437.68</ele><time>2024-08-31T14:07:18Z</time></trkpt><trkpt lat="43.25059509" lon="-4.87134600"><ele>437.68</ele><time>2024-08-31T14:07:19Z</time></trkpt><trkpt lat="43.25059509" lon="-4.87136364"><ele>437.68</ele><time>2024-08-31T14:07:20Z</time></trkpt><trkpt lat="43.25059128" lon="-4.87138128"><ele>437.69</ele><time>2024-08-31T14:07:21Z</time></trkpt><trkpt lat="43.25059128" lon="-4.87139845"><ele>437.69</ele><time>2024-08-31T14:07:22Z</time></trkpt><trkpt lat="43.25058746" lon="-4.87141657"><ele>437.70</ele><time>2024-08-31T14:07:23Z</time></trkpt><trkpt lat="43.25059128" lon="-4.87143469"><ele>437.70</ele><time>2024-08-31T14:07:24Z</time></trkpt><trkpt lat="43.25059509" lon="-4.87145329"><ele>437.70</ele><time>2024-08-31T14:07:25Z</time></trkpt><trkpt lat="43.25059891" lon="-4.87147045"><ele>437.69</ele><time>2024-08-31T14:07:26Z</time></trkpt><trkpt lat="43.25060654" lon="-4.87148714"><ele>437.68</ele><time>2024-08-31T14:07:27Z</time></trkpt><trkpt lat="43.25061417" lon="-4.87150240"><ele>437.66</ele><time>2024-08-31T14:07:28Z</time></trkpt><trkpt lat="43.25062180" lon="-4.87151766"><ele>437.64</ele><time>2024-08-31T14:07:29Z</time></trkpt><trkpt lat="43.25063324" lon="-4.87153196"><ele>437.62</ele><time>2024-08-31T14:07:30Z</time></trkpt><trkpt lat="43.25064087" lon="-4.87154675"><ele>437.59</ele><time>2024-08-31T14:07:31Z</time></trkpt><trkpt lat="43.25064850" lon="-4.87156153"><ele>437.57</ele><time>2024-08-31T14:07:32Z</time></trkpt><trkpt lat="43.25065994" lon="-4.87157631"><ele>437.54</ele><time>2024-08-31T14:07:33Z</time></trkpt><trkpt lat="43.25066757" lon="-4.87159109"><ele>437.52</ele><time>2024-08-31T14:07:34Z</time></trkpt><trkpt lat="43.25067520" lon="-4.87160778"><ele>437.50</ele><time>2024-08-31T14:07:35Z</time></trkpt><trkpt lat="43.25067902" lon="-4.87162590"><ele>437.48</ele><time>2024-08-31T14:07:36Z</time></trkpt><trkpt lat="43.25067902" lon="-4.87164402"><ele>437.46</ele><time>2024-08-31T14:07:37Z</time></trkpt><trkpt lat="43.25068283" lon="-4.87166309"><ele>437.45</ele><time>2024-08-31T14:07:38Z</time></trkpt><trkpt lat="43.25067902" lon="-4.87168217"><ele>437.43</ele><time>2024-08-31T14:07:39Z</time></trkpt><trkpt lat="43.25067902" lon="-4.87170124"><ele>437.42</ele><time>2024-08-31T14:07:40Z</time></trkpt><trkpt lat="43.25067520" lon="-4.87171793"><ele>437.41</ele><time>2024-08-31T14:07:41Z</time></trkpt><trkpt lat="43.25067139" lon="-4.87173271"><ele>437.41</ele><time>2024-08-31T14:07:42Z</time></trkpt><trkpt lat="43.25067139" lon="-4.87174702"><ele>437.40</ele><time>2024-08-31T14:07:43Z</time></trkpt><trkpt lat="43.25066757" lon="-4.87176037"><ele>437.40</ele><time>2024-08-31T14:07:44Z</time></trkpt><trkpt lat="43.25066376" lon="-4.87177277"><ele>437.40</ele><time>2024-08-31T14:07:45Z</time></trkpt><trkpt lat="43.25065613" lon="-4.87178469"><ele>437.39</ele><time>2024-08-31T14:07:46Z</time></trkpt><trkpt lat="43.25065231" lon="-4.87179661"><ele>437.38</ele><time>2024-08-31T14:07:47Z</time></trkpt><trkpt lat="43.25064850" lon="-4.87180758"><ele>437.36</ele><time>2024-08-31T14:07:48Z</time></trkpt><trkpt lat="43.25064087" lon="-4.87181854"><ele>437.34</ele><time>2024-08-31T14:07:49Z</time></trkpt><trkpt lat="43.25063705" lon="-4.87182856"><ele>437.32</ele><time>2024-08-31T14:07:50Z</time></trkpt><trkpt lat="43.25062943" lon="-4.87183857"><ele>437.28</ele><time>2024-08-31T14:07:51Z</time></trkpt><trkpt lat="43.25062180" lon="-4.87184715"><ele>437.25</ele><time>2024-08-31T14:07:52Z</time></trkpt><trkpt lat="43.25061417" lon="-4.87185431"><ele>437.21</ele><time>2024-08-31T14:07:53Z</time></trkpt><trkpt lat="43.25060654" lon="-4.87186050"><ele>437.18</ele><time>2024-08-31T14:07:54Z</time></trkpt><trkpt lat="43.25059891" lon="-4.87186623"><ele>437.14</ele><time>2024-08-31T14:07:55Z</time></trkpt><trkpt lat="43.25058746" lon="-4.87187099"><ele>437.11</ele><time>2024-08-31T14:07:56Z</time></trkpt><trkpt lat="43.25057983" lon="-4.87187529"><ele>437.07</ele><time>2024-08-31T14:07:57Z</time></trkpt><trkpt lat="43.25057220" lon="-4.87187910"><ele>437.04</ele><time>2024-08-31T14:07:58Z</time></trkpt><trkpt lat="43.25056076" lon="-4.87188244"><ele>437.00</ele><time>2024-08-31T14:07:59Z</time></trkpt><trkpt lat="43.25054932" lon="-4.87188482"><ele>436.97</ele><time>2024-08-31T14:08:00Z</time></trkpt><trkpt lat="43.25054169" lon="-4.87188721"><ele>436.94</ele><time>2024-08-31T14:08:01Z</time></trkpt><trkpt lat="43.25053024" lon="-4.87188959"><ele>436.91</ele><time>2024-08-31T14:08:02Z</time></trkpt><trkpt lat="43.25051880" lon="-4.87189102"><ele>436.88</ele><time>2024-08-31T14:08:03Z</time></trkpt><trkpt lat="43.25051117" lon="-4.87189293"><ele>436.85</ele><time>2024-08-31T14:08:04Z</time></trkpt><trkpt lat="43.25049973" lon="-4.87189436"><ele>436.82</ele><time>2024-08-31T14:08:05Z</time></trkpt><trkpt lat="43.25048828" lon="-4.87189579"><ele>436.80</ele><time>2024-08-31T14:08:06Z</time></trkpt><trkpt lat="43.25048065" lon="-4.87189722"><ele>436.78</ele><time>2024-08-31T14:08:07Z</time></trkpt><trkpt lat="43.25046921" lon="-4.87189817"><ele>436.76</ele><time>2024-08-31T14:08:08Z</time></trkpt><trkpt lat="43.25045776" lon="-4.87189960"><ele>436.74</ele><time>2024-08-31T14:08:09Z</time></trkpt><trkpt lat="43.25044632" lon="-4.87190056"><ele>436.72</ele><time>2024-08-31T14:08:10Z</time></trkpt><trkpt lat="43.25043869" lon="-4.87190056"><ele>436.71</ele><time>2024-08-31T14:08:11Z</time></trkpt><trkpt lat="43.25042725" lon="-4.87190056"><ele>436.70</ele><time>2024-08-31T14:08:12Z</time></trkpt><trkpt lat="43.25041580" lon="-4.87189865"><ele>436.68</ele><time>2024-08-31T14:08:13Z</time></trkpt><trkpt lat="43.25040436" lon="-4.87189531"><ele>436.66</ele><time>2024-08-31T14:08:14Z</time></trkpt><trkpt lat="43.25039673" lon="-4.87189054"><ele>436.64</ele><time>2024-08-31T14:08:15Z</time></trkpt><trkpt lat="43.25038528" lon="-4.87188482"><ele>436.60</ele><time>2024-08-31T14:08:16Z</time></trkpt><trkpt lat="43.25037384" lon="-4.87187862"><ele>436.57</ele><time>2024-08-31T14:08:17Z</time></trkpt><trkpt lat="43.25036240" lon="-4.87187099"><ele>436.52</ele><time>2024-08-31T14:08:18Z</time></trkpt><trkpt lat="43.25035477" lon="-4.87186337"><ele>436.48</ele><time>2024-08-31T14:08:19Z</time></trkpt><trkpt lat="43.25034332" lon="-4.87185526"><ele>436.44</ele><time>2024-08-31T14:08:20Z</time></trkpt><trkpt lat="43.25033188" lon="-4.87184668"><ele>436.39</ele><time>2024-08-31T14:08:21Z</time></trkpt><trkpt lat="43.25032425" lon="-4.87183809"><ele>436.34</ele><time>2024-08-31T14:08:22Z</time></trkpt><trkpt lat="43.25031281" lon="-4.87182903"><ele>436.29</ele><time>2024-08-31T14:08:23Z</time></trkpt><trkpt lat="43.25030136" lon="-4.87181950"><ele>436.24</ele><time>2024-08-31T14:08:24Z</time></trkpt><trkpt lat="43.25029373" lon="-4.87181044"><ele>436.19</ele><time>2024-08-31T14:08:25Z</time></trkpt><trkpt lat="43.25028229" lon="-4.87180138"><ele>436.14</ele><time>2024-08-31T14:08:26Z</time></trkpt><trkpt lat="43.25027084" lon="-4.87179279"><ele>436.10</ele><time>2024-08-31T14:08:27Z</time></trkpt><trkpt lat="43.25025940" lon="-4.87178421"><ele>436.06</ele><time>2024-08-31T14:08:28Z</time></trkpt><trkpt lat="43.25025177" lon="-4.87177515"><ele>436.02</ele><time>2024-08-31T14:08:29Z</time></trkpt><trkpt lat="43.25024033" lon="-4.87176609"><ele>435.98</ele><time>2024-08-31T14:08:30Z</time></trkpt><trkpt lat="43.25022888" lon="-4.87175751"><ele>435.94</ele><time>2024-08-31T14:08:31Z</time></trkpt><trkpt lat="43.25021744" lon="-4.87174845"><ele>435.91</ele><time>2024-08-31T14:08:32Z</time></trkpt><trkpt lat="43.25020599" lon="-4.87173891"><ele>435.87</ele><time>2024-08-31T14:08:33Z</time></trkpt><trkpt lat="43.25019455" lon="-4.87172985"><ele>435.83</ele><time>2024-08-31T14:08:34Z</time></trkpt><trkpt lat="43.25018311" lon="-4.87172079"><ele>435.80</ele><time>2024-08-31T14:08:35Z</time></trkpt><trkpt lat="43.25017166" lon="-4.87171125"><ele>435.76</ele><time>2024-08-31T14:08:36Z</time></trkpt><trkpt lat="43.25016022" lon="-4.87170506"><ele>435.73</ele><time>2024-08-31T14:08:37Z</time></trkpt><trkpt lat="43.25014496" lon="-4.87170172"><ele>435.71</ele><time>2024-08-31T14:08:38Z</time></trkpt><trkpt lat="43.25013351" lon="-4.87170029"><ele>435.69</ele><time>2024-08-31T14:08:39Z</time></trkpt><trkpt lat="43.25012207" lon="-4.87170076"><ele>435.67</ele><time>2024-08-31T14:08:40Z</time></trkpt><trkpt lat="43.25010681" lon="-4.87170172"><ele>435.65</ele><time>2024-08-31T14:08:41Z</time></trkpt><trkpt lat="43.25009537" lon="-4.87170267"><ele>435.63</ele><time>2024-08-31T14:08:42Z</time></trkpt><trkpt lat="43.25008011" lon="-4.87170458"><ele>435.61</ele><time>2024-08-31T14:08:43Z</time></trkpt><trkpt lat="43.25006866" lon="-4.87170696"><ele>435.60</ele><time>2024-08-31T14:08:44Z</time></trkpt><trkpt lat="43.25005341" lon="-4.87170982"><ele>435.58</ele><time>2024-08-31T14:08:45Z</time></trkpt><trkpt lat="43.25004196" lon="-4.87171316"><ele>435.55</ele><time>2024-08-31T14:08:46Z</time></trkpt><trkpt lat="43.25002670" lon="-4.87171650"><ele>435.52</ele><time>2024-08-31T14:08:47Z</time></trkpt><trkpt lat="43.25001526" lon="-4.87171936"><ele>435.49</ele><time>2024-08-31T14:08:48Z</time></trkpt><trkpt lat="43.25000000" lon="-4.87172127"><ele>435.45</ele><time>2024-08-31T14:08:49Z</time></trkpt><trkpt lat="43.24998474" lon="-4.87172270"><ele>435.40</ele><time>2024-08-31T14:08:50Z</time></trkpt><trkpt lat="43.24997330" lon="-4.87172365"><ele>435.34</ele><time>2024-08-31T14:08:51Z</time></trkpt><trkpt lat="43.24995804" lon="-4.87172413"><ele>435.28</ele><time>2024-08-31T14:08:52Z</time></trkpt><trkpt lat="43.24994278" lon="-4.87172365"><ele>435.21</ele><time>2024-08-31T14:08:53Z</time></trkpt><trkpt lat="43.24992752" lon="-4.87172365"><ele>435.13</ele><time>2024-08-31T14:08:54Z</time></trkpt><trkpt lat="43.24991608" lon="-4.87172270"><ele>435.05</ele><time>2024-08-31T14:08:55Z</time></trkpt><trkpt lat="43.24990082" lon="-4.87172174"><ele>434.97</ele><time>2024-08-31T14:08:56Z</time></trkpt><trkpt lat="43.24988937" lon="-4.87172365"><ele>434.89</ele><time>2024-08-31T14:08:57Z</time></trkpt><trkpt lat="43.24987411" lon="-4.87172794"><ele>434.81</ele><time>2024-08-31T14:08:58Z</time></trkpt><trkpt lat="43.24986267" lon="-4.87173367"><ele>434.74</ele><time>2024-08-31T14:08:59Z</time></trkpt><trkpt lat="43.24984741" lon="-4.87174034"><ele>434.66</ele><time>2024-08-31T14:09:00Z</time></trkpt><trkpt lat="43.24983597" lon="-4.87174797"><ele>434.59</ele><time>2024-08-31T14:09:01Z</time></trkpt><trkpt lat="43.24982452" lon="-4.87175608"><ele>434.52</ele><time>2024-08-31T14:09:02Z</time></trkpt><trkpt lat="43.24981308" lon="-4.87176514"><ele>434.45</ele><time>2024-08-31T14:09:03Z</time></trkpt><trkpt lat="43.24979782" lon="-4.87177420"><ele>434.38</ele><time>2024-08-31T14:09:04Z</time></trkpt><trkpt lat="43.24978638" lon="-4.87178421"><ele>434.31</ele><time>2024-08-31T14:09:05Z</time></trkpt><trkpt lat="43.24977493" lon="-4.87179422"><ele>434.23</ele><time>2024-08-31T14:09:06Z</time></trkpt><trkpt lat="43.24976349" lon="-4.87180424"><ele>434.16</ele><time>2024-08-31T14:09:07Z</time></trkpt><trkpt lat="43.24975204" lon="-4.87181473"><ele>434.09</ele><time>2024-08-31T14:09:08Z</time></trkpt><trkpt lat="43.24974060" lon="-4.87182522"><ele>434.02</ele><time>2024-08-31T14:09:09Z</time></trkpt><trkpt lat="43.24972916" lon="-4.87183619"><ele>433.95</ele><time>2024-08-31T14:09:10Z</time></trkpt><trkpt lat="43.24971771" lon="-4.87184715"><ele>433.88</ele><time>2024-08-31T14:09:11Z</time></trkpt><trkpt lat="43.24970627" lon="-4.87185812"><ele>433.81</ele><time>2024-08-31T14:09:12Z</time></trkpt><trkpt lat="43.24969482" lon="-4.87186956"><ele>433.74</ele><time>2024-08-31T14:09:13Z</time></trkpt><trkpt lat="43.24968719" lon="-4.87188244"><ele>433.67</ele><time>2024-08-31T14:09:14Z</time></trkpt><trkpt lat="43.24967957" lon="-4.87189722"><ele>433.59</ele><time>2024-08-31T14:09:15Z</time></trkpt><trkpt lat="43.24967575" lon="-4.87191296"><ele>433.52</ele><time>2024-08-31T14:09:16Z</time></trkpt><trkpt lat="43.24967194" lon="-4.87192917"><ele>433.45</ele><time>2024-08-31T14:09:17Z</time></trkpt><trkpt lat="43.24966812" lon="-4.87194586"><ele>433.38</ele><time>2024-08-31T14:09:18Z</time></trkpt><trkpt lat="43.24966431" lon="-4.87196302"><ele>433.31</ele><time>2024-08-31T14:09:19Z</time></trkpt><trkpt lat="43.24966049" lon="-4.87198067"><ele>433.24</ele><time>2024-08-31T14:09:20Z</time></trkpt><trkpt lat="43.24966049" lon="-4.87199831"><ele>433.18</ele><time>2024-08-31T14:09:21Z</time></trkpt><trkpt lat="43.24965668" lon="-4.87201643"><ele>433.11</ele><time>2024-08-31T14:09:22Z</time></trkpt><trkpt lat="43.24965668" lon="-4.87203455"><ele>433.05</ele><time>2024-08-31T14:09:23Z</time></trkpt><trkpt lat="43.24965668" lon="-4.87205267"><ele>432.99</ele><time>2024-08-31T14:09:24Z</time></trkpt><trkpt lat="43.24965286" lon="-4.87207079"><ele>432.92</ele><time>2024-08-31T14:09:25Z</time></trkpt><trkpt lat="43.24965286" lon="-4.87208796"><ele>432.86</ele><time>2024-08-31T14:09:26Z</time></trkpt><trkpt lat="43.24964905" lon="-4.87210464"><ele>432.81</ele><time>2024-08-31T14:09:27Z</time></trkpt><trkpt lat="43.24964142" lon="-4.87212133"><ele>432.77</ele><time>2024-08-31T14:09:28Z</time></trkpt><trkpt lat="43.24963760" lon="-4.87213755"><ele>432.73</ele><time>2024-08-31T14:09:29Z</time></trkpt><trkpt lat="43.24963379" lon="-4.87215424"><ele>432.68</ele><time>2024-08-31T14:09:30Z</time></trkpt><trkpt lat="43.24962997" lon="-4.87217045"><ele>432.62</ele><time>2024-08-31T14:09:31Z</time></trkpt><trkpt lat="43.24962616" lon="-4.87218714"><ele>432.56</ele><time>2024-08-31T14:09:32Z</time></trkpt><trkpt lat="43.24961853" lon="-4.87220335"><ele>432.50</ele><time>2024-08-31T14:09:33Z</time></trkpt><trkpt lat="43.24961472" lon="-4.87222004"><ele>432.43</ele><time>2024-08-31T14:09:34Z</time></trkpt><trkpt lat="43.24961090" lon="-4.87223625"><ele>432.36</ele><time>2024-08-31T14:09:35Z</time></trkpt><trkpt lat="43.24960709" lon="-4.87225246"><ele>432.28</ele><time>2024-08-31T14:09:36Z</time></trkpt><trkpt lat="43.24960327" lon="-4.87226915"><ele>432.20</ele><time>2024-08-31T14:09:37Z</time></trkpt><trkpt lat="43.24959564" lon="-4.87228537"><ele>432.12</ele><time>2024-08-31T14:09:38Z</time></trkpt><trkpt lat="43.24959183" lon="-4.87230158"><ele>432.04</ele><time>2024-08-31T14:09:39Z</time></trkpt><trkpt lat="43.24958801" lon="-4.87231827"><ele>431.96</ele><time>2024-08-31T14:09:40Z</time></trkpt><trkpt lat="43.24958420" lon="-4.87233448"><ele>431.87</ele><time>2024-08-31T14:09:41Z</time></trkpt><trkpt lat="43.24957657" lon="-4.87235069"><ele>431.78</ele><time>2024-08-31T14:09:42Z</time></trkpt><trkpt lat="43.24957275" lon="-4.87236691"><ele>431.69</ele><time>2024-08-31T14:09:43Z</time></trkpt><trkpt lat="43.24956894" lon="-4.87238359"><ele>431.60</ele><time>2024-08-31T14:09:44Z</time></trkpt><trkpt lat="43.24956131" lon="-4.87239981"><ele>431.50</ele><time>2024-08-31T14:09:45Z</time></trkpt><trkpt lat="43.24955368" lon="-4.87241411"><ele>431.42</ele><time>2024-08-31T14:09:46Z</time></trkpt><trkpt lat="43.24953842" lon="-4.87242794"><ele>431.35</ele><time>2024-08-31T14:09:47Z</time></trkpt><trkpt lat="43.24952698" lon="-4.87244129"><ele>431.30</ele><time>2024-08-31T14:09:48Z</time></trkpt><trkpt lat="43.24951553" lon="-4.87245369"><ele>431.26</ele><time>2024-08-31T14:09:49Z</time></trkpt><trkpt lat="43.24950409" lon="-4.87246561"><ele>431.22</ele><time>2024-08-31T14:09:50Z</time></trkpt><trkpt lat="43.24949265" lon="-4.87247705"><ele>431.18</ele><time>2024-08-31T14:09:51Z</time></trkpt><trkpt lat="43.24948502" lon="-4.87248945"><ele>431.13</ele><time>2024-08-31T14:09:52Z</time></trkpt><trkpt lat="43.24947739" lon="-4.87250280"><ele>431.08</ele><time>2024-08-31T14:09:53Z</time></trkpt><trkpt lat="43.24947357" lon="-4.87251616"><ele>431.03</ele><time>2024-08-31T14:09:54Z</time></trkpt><trkpt lat="43.24947357" lon="-4.87252951"><ele>430.96</ele><time>2024-08-31T14:09:55Z</time></trkpt><trkpt lat="43.24947357" lon="-4.87254381"><ele>430.89</ele><time>2024-08-31T14:09:56Z</time></trkpt><trkpt lat="43.24946976" lon="-4.87255812"><ele>430.82</ele><time>2024-08-31T14:09:57Z</time></trkpt><trkpt lat="43.24947357" lon="-4.87257290"><ele>430.73</ele><time>2024-08-31T14:09:58Z</time></trkpt><trkpt lat="43.24947357" lon="-4.87258816"><ele>430.65</ele><time>2024-08-31T14:09:59Z</time></trkpt><trkpt lat="43.24947739" lon="-4.87260294"><ele>430.56</ele><time>2024-08-31T14:10:00Z</time></trkpt><trkpt lat="43.24947739" lon="-4.87261820"><ele>430.47</ele><time>2024-08-31T14:10:01Z</time></trkpt><trkpt lat="43.24946976" lon="-4.87263107"><ele>430.41</ele><time>2024-08-31T14:10:02Z</time></trkpt><trkpt lat="43.24945831" lon="-4.87264347"><ele>430.38</ele><time>2024-08-31T14:10:03Z</time></trkpt><trkpt lat="43.24944687" lon="-4.87265491"><ele>430.36</ele><time>2024-08-31T14:10:04Z</time></trkpt><trkpt lat="43.24943924" lon="-4.87266636"><ele>430.36</ele><time>2024-08-31T14:10:05Z</time></trkpt><trkpt lat="43.24942780" lon="-4.87267780"><ele>430.36</ele><time>2024-08-31T14:10:06Z</time></trkpt><trkpt lat="43.24942017" lon="-4.87268925"><ele>430.36</ele><time>2024-08-31T14:10:07Z</time></trkpt><trkpt lat="43.24941254" lon="-4.87270021"><ele>430.37</ele><time>2024-08-31T14:10:08Z</time></trkpt><trkpt lat="43.24940872" lon="-4.87271214"><ele>430.37</ele><time>2024-08-31T14:10:09Z</time></trkpt><trkpt lat="43.24940109" lon="-4.87272358"><ele>430.37</ele><time>2024-08-31T14:10:10Z</time></trkpt><trkpt lat="43.24939728" lon="-4.87273598"><ele>430.37</ele><time>2024-08-31T14:10:11Z</time></trkpt><trkpt lat="43.24939346" lon="-4.87274933"><ele>430.38</ele><time>2024-08-31T14:10:12Z</time></trkpt><trkpt lat="43.24938965" lon="-4.87276363"><ele>430.38</ele><time>2024-08-31T14:10:13Z</time></trkpt><trkpt lat="43.24938583" lon="-4.87277794"><ele>430.39</ele><time>2024-08-31T14:10:14Z</time></trkpt><trkpt lat="43.24938202" lon="-4.87279320"><ele>430.40</ele><time>2024-08-31T14:10:15Z</time></trkpt><trkpt lat="43.24937820" lon="-4.87280798"><ele>430.41</ele><time>2024-08-31T14:10:16Z</time></trkpt><trkpt lat="43.24937439" lon="-4.87282372"><ele>430.42</ele><time>2024-08-31T14:10:17Z</time></trkpt><trkpt lat="43.24937057" lon="-4.87283897"><ele>430.43</ele><time>2024-08-31T14:10:18Z</time></trkpt><trkpt lat="43.24936295" lon="-4.87285423"><ele>430.44</ele><time>2024-08-31T14:10:19Z</time></trkpt><trkpt lat="43.24935913" lon="-4.87286997"><ele>430.46</ele><time>2024-08-31T14:10:20Z</time></trkpt><trkpt lat="43.24935532" lon="-4.87288523"><ele>430.47</ele><time>2024-08-31T14:10:21Z</time></trkpt><trkpt lat="43.24935150" lon="-4.87290049"><ele>430.48</ele><time>2024-08-31T14:10:22Z</time></trkpt><trkpt lat="43.24934769" lon="-4.87291574"><ele>430.49</ele><time>2024-08-31T14:10:23Z</time></trkpt><trkpt lat="43.24934006" lon="-4.87293053"><ele>430.51</ele><time>2024-08-31T14:10:24Z</time></trkpt><trkpt lat="43.24933243" lon="-4.87294531"><ele>430.52</ele><time>2024-08-31T14:10:25Z</time></trkpt><trkpt lat="43.24932861" lon="-4.87295961"><ele>430.53</ele><time>2024-08-31T14:10:26Z</time></trkpt><trkpt lat="43.24932098" lon="-4.87297297"><ele>430.54</ele><time>2024-08-31T14:10:27Z</time></trkpt><trkpt lat="43.24931335" lon="-4.87298727"><ele>430.56</ele><time>2024-08-31T14:10:28Z</time></trkpt><trkpt lat="43.24930954" lon="-4.87300110"><ele>430.57</ele><time>2024-08-31T14:10:29Z</time></trkpt><trkpt lat="43.24930191" lon="-4.87301493"><ele>430.58</ele><time>2024-08-31T14:10:30Z</time></trkpt><trkpt lat="43.24929428" lon="-4.87302923"><ele>430.60</ele><time>2024-08-31T14:10:31Z</time></trkpt><trkpt lat="43.24929047" lon="-4.87304354"><ele>430.61</ele><time>2024-08-31T14:10:32Z</time></trkpt><trkpt lat="43.24928284" lon="-4.87305832"><ele>430.63</ele><time>2024-08-31T14:10:33Z</time></trkpt><trkpt lat="43.24927521" lon="-4.87307358"><ele>430.65</ele><time>2024-08-31T14:10:34Z</time></trkpt><trkpt lat="43.24926758" lon="-4.87308931"><ele>430.66</ele><time>2024-08-31T14:10:35Z</time></trkpt><trkpt lat="43.24925995" lon="-4.87310505"><ele>430.68</ele><time>2024-08-31T14:10:36Z</time></trkpt><trkpt lat="43.24925232" lon="-4.87312126"><ele>430.69</ele><time>2024-08-31T14:10:37Z</time></trkpt><trkpt lat="43.24924469" lon="-4.87313795"><ele>430.71</ele><time>2024-08-31T14:10:38Z</time></trkpt><trkpt lat="43.24923706" lon="-4.87315416"><ele>430.72</ele><time>2024-08-31T14:10:39Z</time></trkpt><trkpt lat="43.24922943" lon="-4.87317085"><ele>430.73</ele><time>2024-08-31T14:10:40Z</time></trkpt><trkpt lat="43.24922180" lon="-4.87318754"><ele>430.75</ele><time>2024-08-31T14:10:41Z</time></trkpt><trkpt lat="43.24921417" lon="-4.87320471"><ele>430.76</ele><time>2024-08-31T14:10:42Z</time></trkpt><trkpt lat="43.24920654" lon="-4.87322235"><ele>430.77</ele><time>2024-08-31T14:10:43Z</time></trkpt><trkpt lat="43.24920273" lon="-4.87323999"><ele>430.78</ele><time>2024-08-31T14:10:44Z</time></trkpt><trkpt lat="43.24919891" lon="-4.87325859"><ele>430.79</ele><time>2024-08-31T14:10:45Z</time></trkpt><trkpt lat="43.24919510" lon="-4.87327671"><ele>430.80</ele><time>2024-08-31T14:10:46Z</time></trkpt><trkpt lat="43.24919128" lon="-4.87329531"><ele>430.81</ele><time>2024-08-31T14:10:47Z</time></trkpt><trkpt lat="43.24918747" lon="-4.87331438"><ele>430.81</ele><time>2024-08-31T14:10:48Z</time></trkpt><trkpt lat="43.24918365" lon="-4.87333345"><ele>430.82</ele><time>2024-08-31T14:10:49Z</time></trkpt><trkpt lat="43.24918365" lon="-4.87335300"><ele>430.83</ele><time>2024-08-31T14:10:50Z</time></trkpt><trkpt lat="43.24917984" lon="-4.87337255"><ele>430.83</ele><time>2024-08-31T14:10:51Z</time></trkpt><trkpt lat="43.24917603" lon="-4.87339258"><ele>430.84</ele><time>2024-08-31T14:10:52Z</time></trkpt><trkpt lat="43.24917603" lon="-4.87341261"><ele>430.84</ele><time>2024-08-31T14:10:53Z</time></trkpt><trkpt lat="43.24917221" lon="-4.87343264"><ele>430.85</ele><time>2024-08-31T14:10:54Z</time></trkpt><trkpt lat="43.24916840" lon="-4.87345314"><ele>430.85</ele><time>2024-08-31T14:10:55Z</time></trkpt><trkpt lat="43.24916840" lon="-4.87347364"><ele>430.85</ele><time>2024-08-31T14:10:56Z</time></trkpt><trkpt lat="43.24916458" lon="-4.87349415"><ele>430.86</ele><time>2024-08-31T14:10:57Z</time></trkpt><trkpt lat="43.24916077" lon="-4.87351465"><ele>430.86</ele><time>2024-08-31T14:10:58Z</time></trkpt><trkpt lat="43.24915695" lon="-4.87353516"><ele>430.87</ele><time>2024-08-31T14:10:59Z</time></trkpt><trkpt lat="43.24915695" lon="-4.87355566"><ele>430.87</ele><time>2024-08-31T14:11:00Z</time></trkpt><trkpt lat="43.24915314" lon="-4.87357616"><ele>430.88</ele><time>2024-08-31T14:11:01Z</time></trkpt><trkpt lat="43.24914932" lon="-4.87359667"><ele>430.88</ele><time>2024-08-31T14:11:02Z</time></trkpt><trkpt lat="43.24914551" lon="-4.87361670"><ele>430.89</ele><time>2024-08-31T14:11:03Z</time></trkpt><trkpt lat="43.24914169" lon="-4.87363720"><ele>430.89</ele><time>2024-08-31T14:11:04Z</time></trkpt><trkpt lat="43.24913788" lon="-4.87365723"><ele>430.90</ele><time>2024-08-31T14:11:05Z</time></trkpt><trkpt lat="43.24913406" lon="-4.87367773"><ele>430.90</ele><time>2024-08-31T14:11:06Z</time></trkpt><trkpt lat="43.24912643" lon="-4.87369776"><ele>430.91</ele><time>2024-08-31T14:11:07Z</time></trkpt><trkpt lat="43.24912262" lon="-4.87371826"><ele>430.92</ele><time>2024-08-31T14:11:08Z</time></trkpt><trkpt lat="43.24911880" lon="-4.87373829"><ele>430.92</ele><time>2024-08-31T14:11:09Z</time></trkpt><trkpt lat="43.24911499" lon="-4.87375879"><ele>430.93</ele><time>2024-08-31T14:11:10Z</time></trkpt><trkpt lat="43.24910736" lon="-4.87377930"><ele>430.93</ele><time>2024-08-31T14:11:11Z</time></trkpt><trkpt lat="43.24910355" lon="-4.87379980"><ele>430.94</ele><time>2024-08-31T14:11:12Z</time></trkpt><trkpt lat="43.24909973" lon="-4.87382078"><ele>430.95</ele><time>2024-08-31T14:11:13Z</time></trkpt><trkpt lat="43.24909210" lon="-4.87384129"><ele>430.96</ele><time>2024-08-31T14:11:14Z</time></trkpt><trkpt lat="43.24908829" lon="-4.87386274"><ele>430.97</ele><time>2024-08-31T14:11:15Z</time></trkpt><trkpt lat="43.24908066" lon="-4.87388372"><ele>430.98</ele><time>2024-08-31T14:11:16Z</time></trkpt><trkpt lat="43.24907684" lon="-4.87390518"><ele>430.99</ele><time>2024-08-31T14:11:17Z</time></trkpt><trkpt lat="43.24906921" lon="-4.87392616"><ele>431.00</ele><time>2024-08-31T14:11:18Z</time></trkpt><trkpt lat="43.24906540" lon="-4.87394762"><ele>431.01</ele><time>2024-08-31T14:11:19Z</time></trkpt><trkpt lat="43.24905777" lon="-4.87396908"><ele>431.03</ele><time>2024-08-31T14:11:20Z</time></trkpt><trkpt lat="43.24905014" lon="-4.87399006"><ele>431.04</ele><time>2024-08-31T14:11:21Z</time></trkpt><trkpt lat="43.24904633" lon="-4.87401152"><ele>431.05</ele><time>2024-08-31T14:11:22Z</time></trkpt><trkpt lat="43.24903870" lon="-4.87403297"><ele>431.07</ele><time>2024-08-31T14:11:23Z</time></trkpt><trkpt lat="43.24903488" lon="-4.87405443"><ele>431.08</ele><time>2024-08-31T14:11:24Z</time></trkpt><trkpt lat="43.24902725" lon="-4.87407589"><ele>431.09</ele><time>2024-08-31T14:11:25Z</time></trkpt><trkpt lat="43.24902344" lon="-4.87409735"><ele>431.11</ele><time>2024-08-31T14:11:26Z</time></trkpt><trkpt lat="43.24901581" lon="-4.87411880"><ele>431.12</ele><time>2024-08-31T14:11:27Z</time></trkpt><trkpt lat="43.24900818" lon="-4.87413979"><ele>431.14</ele><time>2024-08-31T14:11:28Z</time></trkpt><trkpt lat="43.24900436" lon="-4.87416077"><ele>431.15</ele><time>2024-08-31T14:11:29Z</time></trkpt><trkpt lat="43.24899673" lon="-4.87418175"><ele>431.17</ele><time>2024-08-31T14:11:30Z</time></trkpt><trkpt lat="43.24898911" lon="-4.87420225"><ele>431.19</ele><time>2024-08-31T14:11:31Z</time></trkpt><trkpt lat="43.24898529" lon="-4.87422228"><ele>431.20</ele><time>2024-08-31T14:11:32Z</time></trkpt><trkpt lat="43.24897766" lon="-4.87424231"><ele>431.22</ele><time>2024-08-31T14:11:33Z</time></trkpt><trkpt lat="43.24897003" lon="-4.87426281"><ele>431.24</ele><time>2024-08-31T14:11:34Z</time></trkpt><trkpt lat="43.24896240" lon="-4.87428331"><ele>431.26</ele><time>2024-08-31T14:11:35Z</time></trkpt><trkpt lat="43.24895477" lon="-4.87430382"><ele>431.28</ele><time>2024-08-31T14:11:36Z</time></trkpt><trkpt lat="43.24895096" lon="-4.87432480"><ele>431.30</ele><time>2024-08-31T14:11:37Z</time></trkpt><trkpt lat="43.24894333" lon="-4.87434578"><ele>431.32</ele><time>2024-08-31T14:11:38Z</time></trkpt><trkpt lat="43.24893570" lon="-4.87436676"><ele>431.34</ele><time>2024-08-31T14:11:39Z</time></trkpt><trkpt lat="43.24892807" lon="-4.87438774"><ele>431.36</ele><time>2024-08-31T14:11:40Z</time></trkpt><trkpt lat="43.24892044" lon="-4.87440872"><ele>431.38</ele><time>2024-08-31T14:11:41Z</time></trkpt><trkpt lat="43.24891281" lon="-4.87442970"><ele>431.40</ele><time>2024-08-31T14:11:42Z</time></trkpt><trkpt lat="43.24890900" lon="-4.87445068"><ele>431.42</ele><time>2024-08-31T14:11:43Z</time></trkpt><trkpt lat="43.24890137" lon="-4.87447166"><ele>431.43</ele><time>2024-08-31T14:11:44Z</time></trkpt><trkpt lat="43.24889374" lon="-4.87449312"><ele>431.45</ele><time>2024-08-31T14:11:45Z</time></trkpt><trkpt lat="43.24888611" lon="-4.87451410"><ele>431.47</ele><time>2024-08-31T14:11:46Z</time></trkpt><trkpt lat="43.24887848" lon="-4.87453508"><ele>431.49</ele><time>2024-08-31T14:11:47Z</time></trkpt><trkpt lat="43.24887466" lon="-4.87455654"><ele>431.50</ele><time>2024-08-31T14:11:48Z</time></trkpt><trkpt lat="43.24886703" lon="-4.87457752"><ele>431.52</ele><time>2024-08-31T14:11:49Z</time></trkpt><trkpt lat="43.24885941" lon="-4.87459898"><ele>431.53</ele><time>2024-08-31T14:11:50Z</time></trkpt><trkpt lat="43.24885559" lon="-4.87462044"><ele>431.55</ele><time>2024-08-31T14:11:51Z</time></trkpt><trkpt lat="43.24884796" lon="-4.87464190"><ele>431.56</ele><time>2024-08-31T14:11:52Z</time></trkpt><trkpt lat="43.24884415" lon="-4.87466288"><ele>431.57</ele><time>2024-08-31T14:11:53Z</time></trkpt><trkpt lat="43.24883652" lon="-4.87468338"><ele>431.59</ele><time>2024-08-31T14:11:54Z</time></trkpt><trkpt lat="43.24883652" lon="-4.87468529"><ele>431.59</ele><time>2024-08-31T14:11:55Z</time></trkpt><trkpt lat="43.24884033" lon="-4.87468815"><ele>431.59</ele><time>2024-08-31T14:11:56Z</time></trkpt><trkpt lat="43.24884415" lon="-4.87469196"><ele>431.58</ele><time>2024-08-31T14:11:57Z</time></trkpt><trkpt lat="43.24884796" lon="-4.87469721"><ele>431.58</ele><time>2024-08-31T14:11:58Z</time></trkpt><trkpt lat="43.24885559" lon="-4.87470293"><ele>431.58</ele><time>2024-08-31T14:11:59Z</time></trkpt><trkpt lat="43.24886322" lon="-4.87470913"><ele>431.57</ele><time>2024-08-31T14:12:00Z</time></trkpt><trkpt lat="43.24886703" lon="-4.87471676"><ele>431.57</ele><time>2024-08-31T14:12:01Z</time></trkpt><trkpt lat="43.24887466" lon="-4.87472534"><ele>431.57</ele><time>2024-08-31T14:12:02Z</time></trkpt><trkpt lat="43.24887848" lon="-4.87473440"><ele>431.56</ele><time>2024-08-31T14:12:03Z</time></trkpt><trkpt lat="43.24888229" lon="-4.87474442"><ele>431.56</ele><time>2024-08-31T14:12:04Z</time></trkpt><trkpt lat="43.24888992" lon="-4.87475491"><ele>431.56</ele><time>2024-08-31T14:12:05Z</time></trkpt><trkpt lat="43.24889374" lon="-4.87476587"><ele>431.55</ele><time>2024-08-31T14:12:06Z</time></trkpt><trkpt lat="43.24889755" lon="-4.87477732"><ele>431.55</ele><time>2024-08-31T14:12:07Z</time></trkpt><trkpt lat="43.24890137" lon="-4.87478876"><ele>431.54</ele><time>2024-08-31T14:12:08Z</time></trkpt><trkpt lat="43.24890900" lon="-4.87480068"><ele>431.54</ele><time>2024-08-31T14:12:09Z</time></trkpt><trkpt lat="43.24891281" lon="-4.87481308"><ele>431.54</ele><time>2024-08-31T14:12:10Z</time></trkpt><trkpt lat="43.24891663" lon="-4.87482548"><ele>431.53</ele><time>2024-08-31T14:12:11Z</time></trkpt><trkpt lat="43.24892044" lon="-4.87483788"><ele>431.53</ele><time>2024-08-31T14:12:12Z</time></trkpt><trkpt lat="43.24892807" lon="-4.87485075"><ele>431.52</ele><time>2024-08-31T14:12:13Z</time></trkpt><trkpt lat="43.24893570" lon="-4.87485790"><ele>431.49</ele><time>2024-08-31T14:12:14Z</time></trkpt><trkpt lat="43.24894333" lon="-4.87486506"><ele>431.44</ele><time>2024-08-31T14:12:15Z</time></trkpt><trkpt lat="43.24894333" lon="-4.87487364"><ele>431.38</ele><time>2024-08-31T14:12:16Z</time></trkpt><trkpt lat="43.24894333" lon="-4.87488317"><ele>431.32</ele><time>2024-08-31T14:12:17Z</time></trkpt><trkpt lat="43.24894333" lon="-4.87489367"><ele>431.26</ele><time>2024-08-31T14:12:18Z</time></trkpt><trkpt lat="43.24894333" lon="-4.87490511"><ele>431.19</ele><time>2024-08-31T14:12:19Z</time></trkpt><trkpt lat="43.24893951" lon="-4.87491751"><ele>431.13</ele><time>2024-08-31T14:12:20Z</time></trkpt><trkpt lat="43.24893570" lon="-4.87492990"><ele>431.06</ele><time>2024-08-31T14:12:21Z</time></trkpt><trkpt lat="43.24893570" lon="-4.87494278"><ele>431.00</ele><time>2024-08-31T14:12:22Z</time></trkpt><trkpt lat="43.24893188" lon="-4.87495565"><ele>430.93</ele><time>2024-08-31T14:12:23Z</time></trkpt><trkpt lat="43.24892807" lon="-4.87496853"><ele>430.86</ele><time>2024-08-31T14:12:24Z</time></trkpt><trkpt lat="43.24892426" lon="-4.87498188"><ele>430.80</ele><time>2024-08-31T14:12:25Z</time></trkpt><trkpt lat="43.24892044" lon="-4.87499523"><ele>430.73</ele><time>2024-08-31T14:12:26Z</time></trkpt><trkpt lat="43.24891663" lon="-4.87500811"><ele>430.66</ele><time>2024-08-31T14:12:27Z</time></trkpt><trkpt lat="43.24891281" lon="-4.87502146"><ele>430.60</ele><time>2024-08-31T14:12:28Z</time></trkpt><trkpt lat="43.24890900" lon="-4.87503481"><ele>430.53</ele><time>2024-08-31T14:12:29Z</time></trkpt><trkpt lat="43.24890900" lon="-4.87504721"><ele>430.49</ele><time>2024-08-31T14:12:30Z</time></trkpt><trkpt lat="43.24890900" lon="-4.87505960"><ele>430.46</ele><time>2024-08-31T14:12:31Z</time></trkpt><trkpt lat="43.24890900" lon="-4.87507010"><ele>430.45</ele><time>2024-08-31T14:12:32Z</time></trkpt><trkpt lat="43.24890518" lon="-4.87507868"><ele>430.45</ele><time>2024-08-31T14:12:33Z</time></trkpt><trkpt lat="43.24890137" lon="-4.87508631"><ele>430.44</ele><time>2024-08-31T14:12:34Z</time></trkpt><trkpt lat="43.24889374" lon="-4.87509298"><ele>430.44</ele><time>2024-08-31T14:12:35Z</time></trkpt><trkpt lat="43.24888992" lon="-4.87510014"><ele>430.45</ele><time>2024-08-31T14:12:36Z</time></trkpt><trkpt lat="43.24888229" lon="-4.87510681"><ele>430.45</ele><time>2024-08-31T14:12:37Z</time></trkpt><trkpt lat="43.24887848" lon="-4.87511349"><ele>430.46</ele><time>2024-08-31T14:12:38Z</time></trkpt><trkpt lat="43.24887466" lon="-4.87512112"><ele>430.47</ele><time>2024-08-31T14:12:39Z</time></trkpt><trkpt lat="43.24887085" lon="-4.87512827"><ele>430.48</ele><time>2024-08-31T14:12:40Z</time></trkpt><trkpt lat="43.24886322" lon="-4.87513590"><ele>430.50</ele><time>2024-08-31T14:12:41Z</time></trkpt><trkpt lat="43.24885941" lon="-4.87514400"><ele>430.51</ele><time>2024-08-31T14:12:42Z</time></trkpt><trkpt lat="43.24885559" lon="-4.87515163"><ele>430.52</ele><time>2024-08-31T14:12:43Z</time></trkpt><trkpt lat="43.24884796" lon="-4.87515879"><ele>430.52</ele><time>2024-08-31T14:12:44Z</time></trkpt><trkpt lat="43.24884033" lon="-4.87516546"><ele>430.52</ele><time>2024-08-31T14:12:45Z</time></trkpt><trkpt lat="43.24883652" lon="-4.87517214"><ele>430.51</ele><time>2024-08-31T14:12:46Z</time></trkpt><trkpt lat="43.24882889" lon="-4.87517834"><ele>430.51</ele><time>2024-08-31T14:12:47Z</time></trkpt><trkpt lat="43.24882126" lon="-4.87518454"><ele>430.51</ele><time>2024-08-31T14:12:48Z</time></trkpt><trkpt lat="43.24881363" lon="-4.87519121"><ele>430.51</ele><time>2024-08-31T14:12:49Z</time></trkpt><trkpt lat="43.24880981" lon="-4.87519789"><ele>430.50</ele><time>2024-08-31T14:12:50Z</time></trkpt><trkpt lat="43.24880219" lon="-4.87520504"><ele>430.50</ele><time>2024-08-31T14:12:51Z</time></trkpt><trkpt lat="43.24879456" lon="-4.87521219"><ele>430.50</ele><time>2024-08-31T14:12:52Z</time></trkpt><trkpt lat="43.24878693" lon="-4.87521935"><ele>430.50</ele><time>2024-08-31T14:12:53Z</time></trkpt><trkpt lat="43.24877930" lon="-4.87522650"><ele>430.50</ele><time>2024-08-31T14:12:54Z</time></trkpt><trkpt lat="43.24877548" lon="-4.87523413"><ele>430.49</ele><time>2024-08-31T14:12:55Z</time></trkpt><trkpt lat="43.24876785" lon="-4.87524176"><ele>430.49</ele><time>2024-08-31T14:12:56Z</time></trkpt><trkpt lat="43.24876022" lon="-4.87524986"><ele>430.49</ele><time>2024-08-31T14:12:57Z</time></trkpt><trkpt lat="43.24875259" lon="-4.87525797"><ele>430.49</ele><time>2024-08-31T14:12:58Z</time></trkpt><trkpt lat="43.24874496" lon="-4.87526608"><ele>430.49</ele><time>2024-08-31T14:12:59Z</time></trkpt><trkpt lat="43.24874115" lon="-4.87527418"><ele>430.49</ele><time>2024-08-31T14:13:00Z</time></trkpt><trkpt lat="43.24872971" lon="-4.87528276"><ele>430.49</ele><time>2024-08-31T14:13:01Z</time></trkpt><trkpt lat="43.24872208" lon="-4.87529230"><ele>430.50</ele><time>2024-08-31T14:13:02Z</time></trkpt><trkpt lat="43.24871063" lon="-4.87530327"><ele>430.50</ele><time>2024-08-31T14:13:03Z</time></trkpt><trkpt lat="43.24869537" lon="-4.87531471"><ele>430.51</ele><time>2024-08-31T14:13:04Z</time></trkpt><trkpt lat="43.24868393" lon="-4.87532711"><ele>430.52</ele><time>2024-08-31T14:13:05Z</time></trkpt><trkpt lat="43.24866867" lon="-4.87533998"><ele>430.52</ele><time>2024-08-31T14:13:06Z</time></trkpt><trkpt lat="43.24865341" lon="-4.87535334"><ele>430.53</ele><time>2024-08-31T14:13:07Z</time></trkpt><trkpt lat="43.24864197" lon="-4.87536621"><ele>430.53</ele><time>2024-08-31T14:13:08Z</time></trkpt><trkpt lat="43.24862671" lon="-4.87537813"><ele>430.53</ele><time>2024-08-31T14:13:09Z</time></trkpt><trkpt lat="43.24860764" lon="-4.87539005"><ele>430.53</ele><time>2024-08-31T14:13:10Z</time></trkpt><trkpt lat="43.24859238" lon="-4.87540102"><ele>430.52</ele><time>2024-08-31T14:13:11Z</time></trkpt><trkpt lat="43.24857712" lon="-4.87541151"><ele>430.51</ele><time>2024-08-31T14:13:12Z</time></trkpt><trkpt lat="43.24856186" lon="-4.87542152"><ele>430.50</ele><time>2024-08-31T14:13:13Z</time></trkpt><trkpt lat="43.24854279" lon="-4.87543011"><ele>430.48</ele><time>2024-08-31T14:13:14Z</time></trkpt><trkpt lat="43.24852753" lon="-4.87543821"><ele>430.45</ele><time>2024-08-31T14:13:15Z</time></trkpt><trkpt lat="43.24851227" lon="-4.87544537"><ele>430.42</ele><time>2024-08-31T14:13:16Z</time></trkpt><trkpt lat="43.24849701" lon="-4.87545204"><ele>430.39</ele><time>2024-08-31T14:13:17Z</time></trkpt><trkpt lat="43.24847794" lon="-4.87545729"><ele>430.35</ele><time>2024-08-31T14:13:18Z</time></trkpt><trkpt lat="43.24846268" lon="-4.87546206"><ele>430.31</ele><time>2024-08-31T14:13:19Z</time></trkpt><trkpt lat="43.24845123" lon="-4.87546253"><ele>430.26</ele><time>2024-08-31T14:13:20Z</time></trkpt><trkpt lat="43.24844360" lon="-4.87546206"><ele>430.21</ele><time>2024-08-31T14:13:21Z</time></trkpt><trkpt lat="43.24843979" lon="-4.87546158"><ele>430.18</ele><time>2024-08-31T14:13:22Z</time></trkpt><trkpt lat="43.24843979" lon="-4.87546253"><ele>430.17</ele><time>2024-08-31T14:13:23Z</time></trkpt><trkpt lat="43.24843979" lon="-4.87546301"><ele>430.16</ele><time>2024-08-31T14:13:24Z</time></trkpt><trkpt lat="43.24843979" lon="-4.87546349"><ele>430.15</ele><time>2024-08-31T14:13:25Z</time></trkpt><trkpt lat="43.24844360" lon="-4.87546396"><ele>430.14</ele><time>2024-08-31T14:13:26Z</time></trkpt><trkpt lat="43.24844742" lon="-4.87546492"><ele>430.13</ele><time>2024-08-31T14:13:27Z</time></trkpt><trkpt lat="43.24844742" lon="-4.87546635"><ele>430.13</ele><time>2024-08-31T14:13:28Z</time></trkpt><trkpt lat="43.24845123" lon="-4.87546873"><ele>430.12</ele><time>2024-08-31T14:13:29Z</time></trkpt><trkpt lat="43.24845505" lon="-4.87547398"><ele>430.12</ele><time>2024-08-31T14:13:30Z</time></trkpt><trkpt lat="43.24845505" lon="-4.87548018"><ele>430.12</ele><time>2024-08-31T14:13:31Z</time></trkpt><trkpt lat="43.24845886" lon="-4.87548733"><ele>430.12</ele><time>2024-08-31T14:13:32Z</time></trkpt><trkpt lat="43.24845886" lon="-4.87549400"><ele>430.12</ele><time>2024-08-31T14:13:33Z</time></trkpt><trkpt lat="43.24845886" lon="-4.87550116"><ele>430.12</ele><time>2024-08-31T14:13:34Z</time></trkpt><trkpt lat="43.24845886" lon="-4.87550831"><ele>430.12</ele><time>2024-08-31T14:13:35Z</time></trkpt><trkpt lat="43.24846268" lon="-4.87551546"><ele>430.12</ele><time>2024-08-31T14:13:36Z</time></trkpt><trkpt lat="43.24846268" lon="-4.87552166"><ele>430.12</ele><time>2024-08-31T14:13:37Z</time></trkpt><trkpt lat="43.24846268" lon="-4.87552738"><ele>430.12</ele><time>2024-08-31T14:13:38Z</time></trkpt><trkpt lat="43.24846268" lon="-4.87553310"><ele>430.12</ele><time>2024-08-31T14:13:39Z</time></trkpt><trkpt lat="43.24846268" lon="-4.87553930"><ele>430.12</ele><time>2024-08-31T14:13:40Z</time></trkpt><trkpt lat="43.24846268" lon="-4.87554598"><ele>430.12</ele><time>2024-08-31T14:13:41Z</time></trkpt><trkpt lat="43.24846268" lon="-4.87555265"><ele>430.12</ele><time>2024-08-31T14:13:42Z</time></trkpt><trkpt lat="43.24846268" lon="-4.87555981"><ele>430.12</ele><time>2024-08-31T14:13:43Z</time></trkpt><trkpt lat="43.24846268" lon="-4.87556744"><ele>430.12</ele><time>2024-08-31T14:13:44Z</time></trkpt><trkpt lat="43.24846268" lon="-4.87557507"><ele>430.12</ele><time>2024-08-31T14:13:45Z</time></trkpt><trkpt lat="43.24845886" lon="-4.87558270"><ele>430.12</ele><time>2024-08-31T14:13:46Z</time></trkpt><trkpt lat="43.24845886" lon="-4.87559128"><ele>430.12</ele><time>2024-08-31T14:13:47Z</time></trkpt><trkpt lat="43.24845886" lon="-4.87559986"><ele>430.13</ele><time>2024-08-31T14:13:48Z</time></trkpt><trkpt lat="43.24845505" lon="-4.87560940"><ele>430.13</ele><time>2024-08-31T14:13:49Z</time></trkpt><trkpt lat="43.24845505" lon="-4.87561893"><ele>430.13</ele><time>2024-08-31T14:13:50Z</time></trkpt><trkpt lat="43.24845505" lon="-4.87562943"><ele>430.13</ele><time>2024-08-31T14:13:51Z</time></trkpt><trkpt lat="43.24845123" lon="-4.87563992"><ele>430.13</ele><time>2024-08-31T14:13:52Z</time></trkpt><trkpt lat="43.24844742" lon="-4.87565136"><ele>430.13</ele><time>2024-08-31T14:13:53Z</time></trkpt><trkpt lat="43.24844742" lon="-4.87566328"><ele>430.14</ele><time>2024-08-31T14:13:54Z</time></trkpt><trkpt lat="43.24844360" lon="-4.87567568"><ele>430.14</ele><time>2024-08-31T14:13:55Z</time></trkpt><trkpt lat="43.24843979" lon="-4.87568808"><ele>430.15</ele><time>2024-08-31T14:13:56Z</time></trkpt><trkpt lat="43.24843979" lon="-4.87570143"><ele>430.15</ele><time>2024-08-31T14:13:57Z</time></trkpt><trkpt lat="43.24843597" lon="-4.87571526"><ele>430.16</ele><time>2024-08-31T14:13:58Z</time></trkpt><trkpt lat="43.24843216" lon="-4.87572908"><ele>430.17</ele><time>2024-08-31T14:13:59Z</time></trkpt><trkpt lat="43.24842834" lon="-4.87574339"><ele>430.17</ele><time>2024-08-31T14:14:00Z</time></trkpt><trkpt lat="43.24842453" lon="-4.87575769"><ele>430.18</ele><time>2024-08-31T14:14:01Z</time></trkpt><trkpt lat="43.24842072" lon="-4.87577200"><ele>430.19</ele><time>2024-08-31T14:14:02Z</time></trkpt><trkpt lat="43.24841690" lon="-4.87578678"><ele>430.20</ele><time>2024-08-31T14:14:03Z</time></trkpt><trkpt lat="43.24841309" lon="-4.87580156"><ele>430.21</ele><time>2024-08-31T14:14:04Z</time></trkpt><trkpt lat="43.24840927" lon="-4.87581682"><ele>430.22</ele><time>2024-08-31T14:14:05Z</time></trkpt><trkpt lat="43.24840164" lon="-4.87583160"><ele>430.23</ele><time>2024-08-31T14:14:06Z</time></trkpt><trkpt lat="43.24839783" lon="-4.87584686"><ele>430.24</ele><time>2024-08-31T14:14:07Z</time></trkpt><trkpt lat="43.24839401" lon="-4.87586212"><ele>430.25</ele><time>2024-08-31T14:14:08Z</time></trkpt><trkpt lat="43.24838638" lon="-4.87587738"><ele>430.26</ele><time>2024-08-31T14:14:09Z</time></trkpt><trkpt lat="43.24838257" lon="-4.87589264"><ele>430.27</ele><time>2024-08-31T14:14:10Z</time></trkpt><trkpt lat="43.24837494" lon="-4.87590837"><ele>430.28</ele><time>2024-08-31T14:14:11Z</time></trkpt><trkpt lat="43.24837112" lon="-4.87592411"><ele>430.29</ele><time>2024-08-31T14:14:12Z</time></trkpt><trkpt lat="43.24836349" lon="-4.87593937"><ele>430.30</ele><time>2024-08-31T14:14:13Z</time></trkpt><trkpt lat="43.24835968" lon="-4.87595558"><ele>430.31</ele><time>2024-08-31T14:14:14Z</time></trkpt><trkpt lat="43.24835587" lon="-4.87597132"><ele>430.32</ele><time>2024-08-31T14:14:15Z</time></trkpt><trkpt lat="43.24834824" lon="-4.87598705"><ele>430.33</ele><time>2024-08-31T14:14:16Z</time></trkpt><trkpt lat="43.24834442" lon="-4.87600183"><ele>430.33</ele><time>2024-08-31T14:14:17Z</time></trkpt><trkpt lat="43.24834061" lon="-4.87601662"><ele>430.33</ele><time>2024-08-31T14:14:18Z</time></trkpt><trkpt lat="43.24833298" lon="-4.87603140"><ele>430.33</ele><time>2024-08-31T14:14:19Z</time></trkpt><trkpt lat="43.24832916" lon="-4.87604570"><ele>430.33</ele><time>2024-08-31T14:14:20Z</time></trkpt><trkpt lat="43.24832535" lon="-4.87606001"><ele>430.32</ele><time>2024-08-31T14:14:21Z</time></trkpt><trkpt lat="43.24832535" lon="-4.87607145"><ele>430.29</ele><time>2024-08-31T14:14:22Z</time></trkpt><trkpt lat="43.24832153" lon="-4.87608194"><ele>430.27</ele><time>2024-08-31T14:14:23Z</time></trkpt><trkpt lat="43.24831772" lon="-4.87609148"><ele>430.24</ele><time>2024-08-31T14:14:24Z</time></trkpt><trkpt lat="43.24831772" lon="-4.87610102"><ele>430.22</ele><time>2024-08-31T14:14:25Z</time></trkpt><trkpt lat="43.24831390" lon="-4.87611055"><ele>430.20</ele><time>2024-08-31T14:14:26Z</time></trkpt><trkpt lat="43.24831009" lon="-4.87612104"><ele>430.19</ele><time>2024-08-31T14:14:27Z</time></trkpt><trkpt lat="43.24830627" lon="-4.87613153"><ele>430.18</ele><time>2024-08-31T14:14:28Z</time></trkpt><trkpt lat="43.24830627" lon="-4.87614250"><ele>430.17</ele><time>2024-08-31T14:14:29Z</time></trkpt><trkpt lat="43.24830246" lon="-4.87615299"><ele>430.17</ele><time>2024-08-31T14:14:30Z</time></trkpt><trkpt lat="43.24830246" lon="-4.87616348"><ele>430.17</ele><time>2024-08-31T14:14:31Z</time></trkpt><trkpt lat="43.24829865" lon="-4.87617350"><ele>430.16</ele><time>2024-08-31T14:14:32Z</time></trkpt><trkpt lat="43.24829865" lon="-4.87618351"><ele>430.16</ele><time>2024-08-31T14:14:33Z</time></trkpt><trkpt lat="43.24829865" lon="-4.87619400"><ele>430.15</ele><time>2024-08-31T14:14:34Z</time></trkpt><trkpt lat="43.24829865" lon="-4.87620401"><ele>430.15</ele><time>2024-08-31T14:14:35Z</time></trkpt><trkpt lat="43.24829865" lon="-4.87621403"><ele>430.14</ele><time>2024-08-31T14:14:36Z</time></trkpt><trkpt lat="43.24829865" lon="-4.87622404"><ele>430.14</ele><time>2024-08-31T14:14:37Z</time></trkpt><trkpt lat="43.24829483" lon="-4.87623453"><ele>430.14</ele><time>2024-08-31T14:14:38Z</time></trkpt><trkpt lat="43.24829483" lon="-4.87624502"><ele>430.14</ele><time>2024-08-31T14:14:39Z</time></trkpt><trkpt lat="43.24829102" lon="-4.87625551"><ele>430.14</ele><time>2024-08-31T14:14:40Z</time></trkpt><trkpt lat="43.24829102" lon="-4.87626600"><ele>430.14</ele><time>2024-08-31T14:14:41Z</time></trkpt><trkpt lat="43.24828720" lon="-4.87627697"><ele>430.14</ele><time>2024-08-31T14:14:42Z</time></trkpt><trkpt lat="43.24828339" lon="-4.87628794"><ele>430.14</ele><time>2024-08-31T14:14:43Z</time></trkpt><trkpt lat="43.24827957" lon="-4.87629890"><ele>430.15</ele><time>2024-08-31T14:14:44Z</time></trkpt><trkpt lat="43.24827194" lon="-4.87631035"><ele>430.15</ele><time>2024-08-31T14:14:45Z</time></trkpt><trkpt lat="43.24826813" lon="-4.87632132"><ele>430.15</ele><time>2024-08-31T14:14:46Z</time></trkpt><trkpt lat="43.24826050" lon="-4.87633181"><ele>430.16</ele><time>2024-08-31T14:14:47Z</time></trkpt><trkpt lat="43.24825668" lon="-4.87634277"><ele>430.16</ele><time>2024-08-31T14:14:48Z</time></trkpt><trkpt lat="43.24824905" lon="-4.87635326"><ele>430.17</ele><time>2024-08-31T14:14:49Z</time></trkpt><trkpt lat="43.24824142" lon="-4.87636423"><ele>430.17</ele><time>2024-08-31T14:14:50Z</time></trkpt><trkpt lat="43.24823761" lon="-4.87637472"><ele>430.17</ele><time>2024-08-31T14:14:51Z</time></trkpt><trkpt lat="43.24822998" lon="-4.87638569"><ele>430.18</ele><time>2024-08-31T14:14:52Z</time></trkpt><trkpt lat="43.24822235" lon="-4.87639666"><ele>430.18</ele><time>2024-08-31T14:14:53Z</time></trkpt><trkpt lat="43.24821472" lon="-4.87640762"><ele>430.18</ele><time>2024-08-31T14:14:54Z</time></trkpt><trkpt lat="43.24820709" lon="-4.87641859"><ele>430.18</ele><time>2024-08-31T14:14:55Z</time></trkpt><trkpt lat="43.24820328" lon="-4.87643003"><ele>430.19</ele><time>2024-08-31T14:14:56Z</time></trkpt><trkpt lat="43.24819565" lon="-4.87644148"><ele>430.19</ele><time>2024-08-31T14:14:57Z</time></trkpt><trkpt lat="43.24818802" lon="-4.87645340"><ele>430.20</ele><time>2024-08-31T14:14:58Z</time></trkpt><trkpt lat="43.24818039" lon="-4.87646532"><ele>430.20</ele><time>2024-08-31T14:14:59Z</time></trkpt><trkpt lat="43.24817276" lon="-4.87647772"><ele>430.20</ele><time>2024-08-31T14:15:00Z</time></trkpt><trkpt lat="43.24816513" lon="-4.87649012"><ele>430.21</ele><time>2024-08-31T14:15:01Z</time></trkpt><trkpt lat="43.24815750" lon="-4.87650347"><ele>430.21</ele><time>2024-08-31T14:15:02Z</time></trkpt><trkpt lat="43.24815369" lon="-4.87651682"><ele>430.22</ele><time>2024-08-31T14:15:03Z</time></trkpt><trkpt lat="43.24814606" lon="-4.87653017"><ele>430.23</ele><time>2024-08-31T14:15:04Z</time></trkpt><trkpt lat="43.24813843" lon="-4.87654352"><ele>430.23</ele><time>2024-08-31T14:15:05Z</time></trkpt><trkpt lat="43.24813080" lon="-4.87655735"><ele>430.24</ele><time>2024-08-31T14:15:06Z</time></trkpt><trkpt lat="43.24812317" lon="-4.87657118"><ele>430.24</ele><time>2024-08-31T14:15:07Z</time></trkpt><trkpt lat="43.24811935" lon="-4.87658501"><ele>430.25</ele><time>2024-08-31T14:15:08Z</time></trkpt><trkpt lat="43.24811172" lon="-4.87659883"><ele>430.25</ele><time>2024-08-31T14:15:09Z</time></trkpt><trkpt lat="43.24810410" lon="-4.87661314"><ele>430.26</ele><time>2024-08-31T14:15:10Z</time></trkpt><trkpt lat="43.24809647" lon="-4.87662745"><ele>430.27</ele><time>2024-08-31T14:15:11Z</time></trkpt><trkpt lat="43.24808884" lon="-4.87664223"><ele>430.28</ele><time>2024-08-31T14:15:12Z</time></trkpt><trkpt lat="43.24808121" lon="-4.87665701"><ele>430.29</ele><time>2024-08-31T14:15:13Z</time></trkpt><trkpt lat="43.24807358" lon="-4.87667179"><ele>430.30</ele><time>2024-08-31T14:15:14Z</time></trkpt><trkpt lat="43.24806213" lon="-4.87668705"><ele>430.32</ele><time>2024-08-31T14:15:15Z</time></trkpt><trkpt lat="43.24805450" lon="-4.87670231"><ele>430.33</ele><time>2024-08-31T14:15:16Z</time></trkpt><trkpt lat="43.24804688" lon="-4.87671757"><ele>430.34</ele><time>2024-08-31T14:15:17Z</time></trkpt><trkpt lat="43.24803925" lon="-4.87672806"><ele>430.33</ele><time>2024-08-31T14:15:18Z</time></trkpt><trkpt lat="43.24803162" lon="-4.87674141"><ele>430.29</ele><time>2024-08-31T14:15:19Z</time></trkpt><trkpt lat="43.24802017" lon="-4.87675714"><ele>430.23</ele><time>2024-08-31T14:15:20Z</time></trkpt><trkpt lat="43.24801254" lon="-4.87677431"><ele>430.17</ele><time>2024-08-31T14:15:21Z</time></trkpt><trkpt lat="43.24800491" lon="-4.87679148"><ele>430.09</ele><time>2024-08-31T14:15:22Z</time></trkpt><trkpt lat="43.24799728" lon="-4.87680817"><ele>430.02</ele><time>2024-08-31T14:15:23Z</time></trkpt><trkpt lat="43.24799347" lon="-4.87682199"><ele>429.98</ele><time>2024-08-31T14:15:24Z</time></trkpt><trkpt lat="43.24798584" lon="-4.87683630"><ele>429.95</ele><time>2024-08-31T14:15:25Z</time></trkpt><trkpt lat="43.24798203" lon="-4.87685061"><ele>429.93</ele><time>2024-08-31T14:15:26Z</time></trkpt><trkpt lat="43.24797440" lon="-4.87686443"><ele>429.91</ele><time>2024-08-31T14:15:27Z</time></trkpt><trkpt lat="43.24796677" lon="-4.87687826"><ele>429.90</ele><time>2024-08-31T14:15:28Z</time></trkpt><trkpt lat="43.24795914" lon="-4.87689114"><ele>429.90</ele><time>2024-08-31T14:15:29Z</time></trkpt><trkpt lat="43.24795151" lon="-4.87690306"><ele>429.90</ele><time>2024-08-31T14:15:30Z</time></trkpt><trkpt lat="43.24794388" lon="-4.87691498"><ele>429.90</ele><time>2024-08-31T14:15:31Z</time></trkpt><trkpt lat="43.24793625" lon="-4.87692595"><ele>429.90</ele><time>2024-08-31T14:15:32Z</time></trkpt><trkpt lat="43.24792862" lon="-4.87693691"><ele>429.90</ele><time>2024-08-31T14:15:33Z</time></trkpt><trkpt lat="43.24792099" lon="-4.87694693"><ele>429.90</ele><time>2024-08-31T14:15:34Z</time></trkpt><trkpt lat="43.24791336" lon="-4.87695694"><ele>429.91</ele><time>2024-08-31T14:15:35Z</time></trkpt><trkpt lat="43.24790573" lon="-4.87696695"><ele>429.90</ele><time>2024-08-31T14:15:36Z</time></trkpt><trkpt lat="43.24789810" lon="-4.87697649"><ele>429.90</ele><time>2024-08-31T14:15:37Z</time></trkpt><trkpt lat="43.24789429" lon="-4.87698603"><ele>429.90</ele><time>2024-08-31T14:15:38Z</time></trkpt><trkpt lat="43.24788666" lon="-4.87699509"><ele>429.90</ele><time>2024-08-31T14:15:39Z</time></trkpt><trkpt lat="43.24788284" lon="-4.87700367"><ele>429.90</ele><time>2024-08-31T14:15:40Z</time></trkpt><trkpt lat="43.24787521" lon="-4.87701082"><ele>429.91</ele><time>2024-08-31T14:15:41Z</time></trkpt><trkpt lat="43.24787140" lon="-4.87701702"><ele>429.92</ele><time>2024-08-31T14:15:42Z</time></trkpt><trkpt lat="43.24786377" lon="-4.87702131"><ele>429.93</ele><time>2024-08-31T14:15:43Z</time></trkpt><trkpt lat="43.24785614" lon="-4.87702513"><ele>429.95</ele><time>2024-08-31T14:15:44Z</time></trkpt><trkpt lat="43.24784851" lon="-4.87702751"><ele>429.97</ele><time>2024-08-31T14:15:45Z</time></trkpt><trkpt lat="43.24784088" lon="-4.87702990"><ele>429.99</ele><time>2024-08-31T14:15:46Z</time></trkpt><trkpt lat="43.24783325" lon="-4.87703085"><ele>430.01</ele><time>2024-08-31T14:15:47Z</time></trkpt><trkpt lat="43.24782181" lon="-4.87703133"><ele>430.02</ele><time>2024-08-31T14:15:48Z</time></trkpt><trkpt lat="43.24781418" lon="-4.87703133"><ele>430.04</ele><time>2024-08-31T14:15:49Z</time></trkpt><trkpt lat="43.24780273" lon="-4.87703085"><ele>430.06</ele><time>2024-08-31T14:15:50Z</time></trkpt><trkpt lat="43.24779510" lon="-4.87703133"><ele>430.08</ele><time>2024-08-31T14:15:51Z</time></trkpt><trkpt lat="43.24778366" lon="-4.87703228"><ele>430.09</ele><time>2024-08-31T14:15:52Z</time></trkpt><trkpt lat="43.24777603" lon="-4.87703466"><ele>430.11</ele><time>2024-08-31T14:15:53Z</time></trkpt><trkpt lat="43.24776840" lon="-4.87703753"><ele>430.13</ele><time>2024-08-31T14:15:54Z</time></trkpt><trkpt lat="43.24776077" lon="-4.87704039"><ele>430.14</ele><time>2024-08-31T14:15:55Z</time></trkpt><trkpt lat="43.24774933" lon="-4.87704420"><ele>430.15</ele><time>2024-08-31T14:15:56Z</time></trkpt><trkpt lat="43.24774170" lon="-4.87704802"><ele>430.17</ele><time>2024-08-31T14:15:57Z</time></trkpt><trkpt lat="43.24773407" lon="-4.87705231"><ele>430.18</ele><time>2024-08-31T14:15:58Z</time></trkpt><trkpt lat="43.24773026" lon="-4.87705708"><ele>430.19</ele><time>2024-08-31T14:15:59Z</time></trkpt><trkpt lat="43.24772263" lon="-4.87706232"><ele>430.20</ele><time>2024-08-31T14:16:00Z</time></trkpt><trkpt lat="43.24771500" lon="-4.87706804"><ele>430.21</ele><time>2024-08-31T14:16:01Z</time></trkpt><trkpt lat="43.24770737" lon="-4.87707376"><ele>430.22</ele><time>2024-08-31T14:16:02Z</time></trkpt><trkpt lat="43.24769974" lon="-4.87708044"><ele>430.23</ele><time>2024-08-31T14:16:03Z</time></trkpt><trkpt lat="43.24769592" lon="-4.87708712"><ele>430.24</ele><time>2024-08-31T14:16:04Z</time></trkpt><trkpt lat="43.24768829" lon="-4.87709522"><ele>430.25</ele><time>2024-08-31T14:16:05Z</time></trkpt><trkpt lat="43.24768066" lon="-4.87710381"><ele>430.26</ele><time>2024-08-31T14:16:06Z</time></trkpt><trkpt lat="43.24767685" lon="-4.87711239"><ele>430.27</ele><time>2024-08-31T14:16:07Z</time></trkpt><trkpt lat="43.24766922" lon="-4.87712193"><ele>430.27</ele><time>2024-08-31T14:16:08Z</time></trkpt><trkpt lat="43.24766159" lon="-4.87713194"><ele>430.28</ele><time>2024-08-31T14:16:09Z</time></trkpt><trkpt lat="43.24765778" lon="-4.87714195"><ele>430.29</ele><time>2024-08-31T14:16:10Z</time></trkpt><trkpt lat="43.24765015" lon="-4.87715292"><ele>430.29</ele><time>2024-08-31T14:16:11Z</time></trkpt><trkpt lat="43.24764252" lon="-4.87716389"><ele>430.30</ele><time>2024-08-31T14:16:12Z</time></trkpt><trkpt lat="43.24763870" lon="-4.87717581"><ele>430.31</ele><time>2024-08-31T14:16:13Z</time></trkpt><trkpt lat="43.24763107" lon="-4.87718821"><ele>430.31</ele><time>2024-08-31T14:16:14Z</time></trkpt><trkpt lat="43.24762726" lon="-4.87720060"><ele>430.32</ele><time>2024-08-31T14:16:15Z</time></trkpt><trkpt lat="43.24761963" lon="-4.87721348"><ele>430.32</ele><time>2024-08-31T14:16:16Z</time></trkpt><trkpt lat="43.24761581" lon="-4.87722635"><ele>430.33</ele><time>2024-08-31T14:16:17Z</time></trkpt><trkpt lat="43.24760818" lon="-4.87723970"><ele>430.33</ele><time>2024-08-31T14:16:18Z</time></trkpt><trkpt lat="43.24760437" lon="-4.87725306"><ele>430.34</ele><time>2024-08-31T14:16:19Z</time></trkpt><trkpt lat="43.24759674" lon="-4.87726593"><ele>430.34</ele><time>2024-08-31T14:16:20Z</time></trkpt><trkpt lat="43.24759293" lon="-4.87727928"><ele>430.35</ele><time>2024-08-31T14:16:21Z</time></trkpt><trkpt lat="43.24758530" lon="-4.87729263"><ele>430.36</ele><time>2024-08-31T14:16:22Z</time></trkpt><trkpt lat="43.24757767" lon="-4.87730646"><ele>430.36</ele><time>2024-08-31T14:16:23Z</time></trkpt><trkpt lat="43.24757385" lon="-4.87731981"><ele>430.37</ele><time>2024-08-31T14:16:24Z</time></trkpt><trkpt lat="43.24756622" lon="-4.87733364"><ele>430.38</ele><time>2024-08-31T14:16:25Z</time></trkpt><trkpt lat="43.24756241" lon="-4.87734747"><ele>430.38</ele><time>2024-08-31T14:16:26Z</time></trkpt><trkpt lat="43.24755478" lon="-4.87736177"><ele>430.39</ele><time>2024-08-31T14:16:27Z</time></trkpt><trkpt lat="43.24754715" lon="-4.87737608"><ele>430.40</ele><time>2024-08-31T14:16:28Z</time></trkpt><trkpt lat="43.24754333" lon="-4.87739038"><ele>430.41</ele><time>2024-08-31T14:16:29Z</time></trkpt><trkpt lat="43.24753571" lon="-4.87740517"><ele>430.42</ele><time>2024-08-31T14:16:30Z</time></trkpt><trkpt lat="43.24753189" lon="-4.87741995"><ele>430.43</ele><time>2024-08-31T14:16:31Z</time></trkpt><trkpt lat="43.24752426" lon="-4.87743521"><ele>430.43</ele><time>2024-08-31T14:16:32Z</time></trkpt><trkpt lat="43.24752045" lon="-4.87745047"><ele>430.44</ele><time>2024-08-31T14:16:33Z</time></trkpt><trkpt lat="43.24751282" lon="-4.87746572"><ele>430.45</ele><time>2024-08-31T14:16:34Z</time></trkpt><trkpt lat="43.24750519" lon="-4.87748146"><ele>430.46</ele><time>2024-08-31T14:16:35Z</time></trkpt><trkpt lat="43.24750137" lon="-4.87749720"><ele>430.47</ele><time>2024-08-31T14:16:36Z</time></trkpt><trkpt lat="43.24749374" lon="-4.87751102"><ele>430.48</ele><time>2024-08-31T14:16:37Z</time></trkpt><trkpt lat="43.24748611" lon="-4.87752390"><ele>430.49</ele><time>2024-08-31T14:16:38Z</time></trkpt><trkpt lat="43.24747467" lon="-4.87753677"><ele>430.50</ele><time>2024-08-31T14:16:39Z</time></trkpt><trkpt lat="43.24746704" lon="-4.87755013"><ele>430.51</ele><time>2024-08-31T14:16:40Z</time></trkpt><trkpt lat="43.24745941" lon="-4.87756348"><ele>430.52</ele><time>2024-08-31T14:16:41Z</time></trkpt><trkpt lat="43.24745178" lon="-4.87757730"><ele>430.52</ele><time>2024-08-31T14:16:42Z</time></trkpt><trkpt lat="43.24744797" lon="-4.87759161"><ele>430.53</ele><time>2024-08-31T14:16:43Z</time></trkpt><trkpt lat="43.24744034" lon="-4.87760592"><ele>430.54</ele><time>2024-08-31T14:16:44Z</time></trkpt><trkpt lat="43.24743652" lon="-4.87762165"><ele>430.54</ele><time>2024-08-31T14:16:45Z</time></trkpt><trkpt lat="43.24743271" lon="-4.87763739"><ele>430.55</ele><time>2024-08-31T14:16:46Z</time></trkpt><trkpt lat="43.24742508" lon="-4.87765312"><ele>430.56</ele><time>2024-08-31T14:16:47Z</time></trkpt><trkpt lat="43.24742126" lon="-4.87766933"><ele>430.57</ele><time>2024-08-31T14:16:48Z</time></trkpt><trkpt lat="43.24741745" lon="-4.87768555"><ele>430.58</ele><time>2024-08-31T14:16:49Z</time></trkpt><trkpt lat="43.24740982" lon="-4.87770271"><ele>430.59</ele><time>2024-08-31T14:16:50Z</time></trkpt><trkpt lat="43.24740219" lon="-4.87772036"><ele>430.61</ele><time>2024-08-31T14:16:51Z</time></trkpt><trkpt lat="43.24739456" lon="-4.87773705"><ele>430.62</ele><time>2024-08-31T14:16:52Z</time></trkpt><trkpt lat="43.24738693" lon="-4.87775230"><ele>430.64</ele><time>2024-08-31T14:16:53Z</time></trkpt><trkpt lat="43.24737930" lon="-4.87776709"><ele>430.65</ele><time>2024-08-31T14:16:54Z</time></trkpt><trkpt lat="43.24737167" lon="-4.87778139"><ele>430.66</ele><time>2024-08-31T14:16:55Z</time></trkpt><trkpt lat="43.24736404" lon="-4.87779522"><ele>430.67</ele><time>2024-08-31T14:16:56Z</time></trkpt><trkpt lat="43.24735641" lon="-4.87780905"><ele>430.68</ele><time>2024-08-31T14:16:57Z</time></trkpt><trkpt lat="43.24735260" lon="-4.87782192"><ele>430.69</ele><time>2024-08-31T14:16:58Z</time></trkpt><trkpt lat="43.24734497" lon="-4.87783480"><ele>430.69</ele><time>2024-08-31T14:16:59Z</time></trkpt><trkpt lat="43.24734116" lon="-4.87784719"><ele>430.70</ele><time>2024-08-31T14:17:00Z</time></trkpt><trkpt lat="43.24733734" lon="-4.87785912"><ele>430.70</ele><time>2024-08-31T14:17:01Z</time></trkpt><trkpt lat="43.24733353" lon="-4.87787056"><ele>430.71</ele><time>2024-08-31T14:17:02Z</time></trkpt><trkpt lat="43.24732971" lon="-4.87788153"><ele>430.71</ele><time>2024-08-31T14:17:03Z</time></trkpt><trkpt lat="43.24732590" lon="-4.87789202"><ele>430.72</ele><time>2024-08-31T14:17:04Z</time></trkpt><trkpt lat="43.24732208" lon="-4.87790203"><ele>430.72</ele><time>2024-08-31T14:17:05Z</time></trkpt><trkpt lat="43.24731827" lon="-4.87791204"><ele>430.72</ele><time>2024-08-31T14:17:06Z</time></trkpt><trkpt lat="43.24731445" lon="-4.87792158"><ele>430.72</ele><time>2024-08-31T14:17:07Z</time></trkpt><trkpt lat="43.24731445" lon="-4.87793112"><ele>430.72</ele><time>2024-08-31T14:17:08Z</time></trkpt><trkpt lat="43.24731064" lon="-4.87794018"><ele>430.72</ele><time>2024-08-31T14:17:09Z</time></trkpt><trkpt lat="43.24730682" lon="-4.87795019"><ele>430.73</ele><time>2024-08-31T14:17:10Z</time></trkpt><trkpt lat="43.24730682" lon="-4.87796116"><ele>430.73</ele><time>2024-08-31T14:17:11Z</time></trkpt><trkpt lat="43.24730682" lon="-4.87797165"><ele>430.74</ele><time>2024-08-31T14:17:12Z</time></trkpt><trkpt lat="43.24730301" lon="-4.87798214"><ele>430.75</ele><time>2024-08-31T14:17:13Z</time></trkpt><trkpt lat="43.24729919" lon="-4.87799311"><ele>430.77</ele><time>2024-08-31T14:17:14Z</time></trkpt><trkpt lat="43.24729919" lon="-4.87800407"><ele>430.78</ele><time>2024-08-31T14:17:15Z</time></trkpt><trkpt lat="43.24729538" lon="-4.87801456"><ele>430.79</ele><time>2024-08-31T14:17:16Z</time></trkpt><trkpt lat="43.24729156" lon="-4.87802553"><ele>430.81</ele><time>2024-08-31T14:17:17Z</time></trkpt><trkpt lat="43.24729156" lon="-4.87803650"><ele>430.83</ele><time>2024-08-31T14:17:18Z</time></trkpt><trkpt lat="43.24728775" lon="-4.87804794"><ele>430.84</ele><time>2024-08-31T14:17:19Z</time></trkpt><trkpt lat="43.24728394" lon="-4.87805939"><ele>430.86</ele><time>2024-08-31T14:17:20Z</time></trkpt><trkpt lat="43.24728012" lon="-4.87807178"><ele>430.88</ele><time>2024-08-31T14:17:21Z</time></trkpt><trkpt lat="43.24727631" lon="-4.87808418"><ele>430.90</ele><time>2024-08-31T14:17:22Z</time></trkpt><trkpt lat="43.24727249" lon="-4.87809706"><ele>430.92</ele><time>2024-08-31T14:17:23Z</time></trkpt><trkpt lat="43.24726868" lon="-4.87811041"><ele>430.94</ele><time>2024-08-31T14:17:24Z</time></trkpt><trkpt lat="43.24726486" lon="-4.87812424"><ele>430.96</ele><time>2024-08-31T14:17:25Z</time></trkpt><trkpt lat="43.24726105" lon="-4.87813759"><ele>430.98</ele><time>2024-08-31T14:17:26Z</time></trkpt><trkpt lat="43.24725723" lon="-4.87815142"><ele>431.00</ele><time>2024-08-31T14:17:27Z</time></trkpt><trkpt lat="43.24725342" lon="-4.87816477"><ele>431.02</ele><time>2024-08-31T14:17:28Z</time></trkpt><trkpt lat="43.24724960" lon="-4.87817860"><ele>431.04</ele><time>2024-08-31T14:17:29Z</time></trkpt><trkpt lat="43.24724197" lon="-4.87819290"><ele>431.06</ele><time>2024-08-31T14:17:30Z</time></trkpt><trkpt lat="43.24723816" lon="-4.87820673"><ele>431.08</ele><time>2024-08-31T14:17:31Z</time></trkpt><trkpt lat="43.24723434" lon="-4.87822056"><ele>431.10</ele><time>2024-08-31T14:17:32Z</time></trkpt><trkpt lat="43.24722672" lon="-4.87823486"><ele>431.12</ele><time>2024-08-31T14:17:33Z</time></trkpt><trkpt lat="43.24722290" lon="-4.87824869"><ele>431.14</ele><time>2024-08-31T14:17:34Z</time></trkpt><trkpt lat="43.24721909" lon="-4.87826300"><ele>431.16</ele><time>2024-08-31T14:17:35Z</time></trkpt><trkpt lat="43.24721146" lon="-4.87827730"><ele>431.18</ele><time>2024-08-31T14:17:36Z</time></trkpt><trkpt lat="43.24720764" lon="-4.87829161"><ele>431.20</ele><time>2024-08-31T14:17:37Z</time></trkpt><trkpt lat="43.24720001" lon="-4.87830544"><ele>431.22</ele><time>2024-08-31T14:17:38Z</time></trkpt><trkpt lat="43.24719620" lon="-4.87831974"><ele>431.24</ele><time>2024-08-31T14:17:39Z</time></trkpt><trkpt lat="43.24719238" lon="-4.87833405"><ele>431.26</ele><time>2024-08-31T14:17:40Z</time></trkpt><trkpt lat="43.24718475" lon="-4.87834835"><ele>431.29</ele><time>2024-08-31T14:17:41Z</time></trkpt><trkpt lat="43.24718094" lon="-4.87836266"><ele>431.31</ele><time>2024-08-31T14:17:42Z</time></trkpt><trkpt lat="43.24717331" lon="-4.87837696"><ele>431.33</ele><time>2024-08-31T14:17:43Z</time></trkpt><trkpt lat="43.24716949" lon="-4.87839079"><ele>431.35</ele><time>2024-08-31T14:17:44Z</time></trkpt><trkpt lat="43.24716187" lon="-4.87840462"><ele>431.36</ele><time>2024-08-31T14:17:45Z</time></trkpt><trkpt lat="43.24715424" lon="-4.87841845"><ele>431.38</ele><time>2024-08-31T14:17:46Z</time></trkpt><trkpt lat="43.24715042" lon="-4.87843132"><ele>431.40</ele><time>2024-08-31T14:17:47Z</time></trkpt><trkpt lat="43.24714279" lon="-4.87844467"><ele>431.42</ele><time>2024-08-31T14:17:48Z</time></trkpt><trkpt lat="43.24713516" lon="-4.87845707"><ele>431.44</ele><time>2024-08-31T14:17:49Z</time></trkpt><trkpt lat="43.24712753" lon="-4.87846947"><ele>431.46</ele><time>2024-08-31T14:17:50Z</time></trkpt><trkpt lat="43.24711990" lon="-4.87848186"><ele>431.47</ele><time>2024-08-31T14:17:51Z</time></trkpt><trkpt lat="43.24711227" lon="-4.87849331"><ele>431.49</ele><time>2024-08-31T14:17:52Z</time></trkpt><trkpt lat="43.24710464" lon="-4.87850523"><ele>431.51</ele><time>2024-08-31T14:17:53Z</time></trkpt><trkpt lat="43.24709702" lon="-4.87851667"><ele>431.52</ele><time>2024-08-31T14:17:54Z</time></trkpt><trkpt lat="43.24708939" lon="-4.87852764"><ele>431.54</ele><time>2024-08-31T14:17:55Z</time></trkpt><trkpt lat="43.24708176" lon="-4.87853861"><ele>431.55</ele><time>2024-08-31T14:17:56Z</time></trkpt><trkpt lat="43.24707413" lon="-4.87854910"><ele>431.57</ele><time>2024-08-31T14:17:57Z</time></trkpt><trkpt lat="43.24706268" lon="-4.87855959"><ele>431.58</ele><time>2024-08-31T14:17:58Z</time></trkpt><trkpt lat="43.24705505" lon="-4.87856960"><ele>431.59</ele><time>2024-08-31T14:17:59Z</time></trkpt><trkpt lat="43.24704742" lon="-4.87857962"><ele>431.61</ele><time>2024-08-31T14:18:00Z</time></trkpt><trkpt lat="43.24703598" lon="-4.87858963"><ele>431.62</ele><time>2024-08-31T14:18:01Z</time></trkpt><trkpt lat="43.24702835" lon="-4.87859917"><ele>431.63</ele><time>2024-08-31T14:18:02Z</time></trkpt><trkpt lat="43.24702072" lon="-4.87860870"><ele>431.64</ele><time>2024-08-31T14:18:03Z</time></trkpt><trkpt lat="43.24700928" lon="-4.87861729"><ele>431.65</ele><time>2024-08-31T14:18:04Z</time></trkpt><trkpt lat="43.24699783" lon="-4.87862492"><ele>431.66</ele><time>2024-08-31T14:18:05Z</time></trkpt><trkpt lat="43.24699020" lon="-4.87863159"><ele>431.68</ele><time>2024-08-31T14:18:06Z</time></trkpt><trkpt lat="43.24697876" lon="-4.87863684"><ele>431.69</ele><time>2024-08-31T14:18:07Z</time></trkpt><trkpt lat="43.24696732" lon="-4.87864208"><ele>431.70</ele><time>2024-08-31T14:18:08Z</time></trkpt><trkpt lat="43.24695969" lon="-4.87864590"><ele>431.71</ele><time>2024-08-31T14:18:09Z</time></trkpt><trkpt lat="43.24694824" lon="-4.87864923"><ele>431.73</ele><time>2024-08-31T14:18:10Z</time></trkpt><trkpt lat="43.24693680" lon="-4.87865210"><ele>431.74</ele><time>2024-08-31T14:18:11Z</time></trkpt><trkpt lat="43.24692535" lon="-4.87865353"><ele>431.76</ele><time>2024-08-31T14:18:12Z</time></trkpt><trkpt lat="43.24691391" lon="-4.87865448"><ele>431.77</ele><time>2024-08-31T14:18:13Z</time></trkpt><trkpt lat="43.24690247" lon="-4.87865448"><ele>431.79</ele><time>2024-08-31T14:18:14Z</time></trkpt><trkpt lat="43.24689102" lon="-4.87865400"><ele>431.80</ele><time>2024-08-31T14:18:15Z</time></trkpt><trkpt lat="43.24687958" lon="-4.87865353"><ele>431.82</ele><time>2024-08-31T14:18:16Z</time></trkpt><trkpt lat="43.24686813" lon="-4.87865210"><ele>431.84</ele><time>2024-08-31T14:18:17Z</time></trkpt><trkpt lat="43.24685669" lon="-4.87865114"><ele>431.86</ele><time>2024-08-31T14:18:18Z</time></trkpt><trkpt lat="43.24684525" lon="-4.87864971"><ele>431.89</ele><time>2024-08-31T14:18:19Z</time></trkpt><trkpt lat="43.24682999" lon="-4.87864876"><ele>431.92</ele><time>2024-08-31T14:18:20Z</time></trkpt><trkpt lat="43.24681854" lon="-4.87864780"><ele>431.96</ele><time>2024-08-31T14:18:21Z</time></trkpt><trkpt lat="43.24680710" lon="-4.87864733"><ele>431.99</ele><time>2024-08-31T14:18:22Z</time></trkpt><trkpt lat="43.24679184" lon="-4.87864685"><ele>432.03</ele><time>2024-08-31T14:18:23Z</time></trkpt><trkpt lat="43.24678040" lon="-4.87864637"><ele>432.08</ele><time>2024-08-31T14:18:24Z</time></trkpt><trkpt lat="43.24676895" lon="-4.87864637"><ele>432.12</ele><time>2024-08-31T14:18:25Z</time></trkpt><trkpt lat="43.24675369" lon="-4.87864685"><ele>432.16</ele><time>2024-08-31T14:18:26Z</time></trkpt><trkpt lat="43.24674225" lon="-4.87864685"><ele>432.21</ele><time>2024-08-31T14:18:27Z</time></trkpt><trkpt lat="43.24673080" lon="-4.87864733"><ele>432.26</ele><time>2024-08-31T14:18:28Z</time></trkpt><trkpt lat="43.24671555" lon="-4.87864733"><ele>432.31</ele><time>2024-08-31T14:18:29Z</time></trkpt><trkpt lat="43.24670410" lon="-4.87864780"><ele>432.36</ele><time>2024-08-31T14:18:30Z</time></trkpt><trkpt lat="43.24668884" lon="-4.87864828"><ele>432.40</ele><time>2024-08-31T14:18:31Z</time></trkpt><trkpt lat="43.24667740" lon="-4.87864828"><ele>432.45</ele><time>2024-08-31T14:18:32Z</time></trkpt><trkpt lat="43.24666595" lon="-4.87864876"><ele>432.50</ele><time>2024-08-31T14:18:33Z</time></trkpt><trkpt lat="43.24665070" lon="-4.87864923"><ele>432.55</ele><time>2024-08-31T14:18:34Z</time></trkpt><trkpt lat="43.24663925" lon="-4.87864971"><ele>432.60</ele><time>2024-08-31T14:18:35Z</time></trkpt><trkpt lat="43.24662399" lon="-4.87864971"><ele>432.65</ele><time>2024-08-31T14:18:36Z</time></trkpt><trkpt lat="43.24661255" lon="-4.87864971"><ele>432.70</ele><time>2024-08-31T14:18:37Z</time></trkpt><trkpt lat="43.24659729" lon="-4.87864923"><ele>432.74</ele><time>2024-08-31T14:18:38Z</time></trkpt><trkpt lat="43.24658585" lon="-4.87864828"><ele>432.79</ele><time>2024-08-31T14:18:39Z</time></trkpt><trkpt lat="43.24657059" lon="-4.87864685"><ele>432.84</ele><time>2024-08-31T14:18:40Z</time></trkpt><trkpt lat="43.24655914" lon="-4.87864494"><ele>432.88</ele><time>2024-08-31T14:18:41Z</time></trkpt><trkpt lat="43.24654770" lon="-4.87864304"><ele>432.93</ele><time>2024-08-31T14:18:42Z</time></trkpt><trkpt lat="43.24653244" lon="-4.87864113"><ele>432.97</ele><time>2024-08-31T14:18:43Z</time></trkpt><trkpt lat="43.24652100" lon="-4.87863874"><ele>433.01</ele><time>2024-08-31T14:18:44Z</time></trkpt><trkpt lat="43.24650574" lon="-4.87863779"><ele>433.05</ele><time>2024-08-31T14:18:45Z</time></trkpt><trkpt lat="43.24649429" lon="-4.87863731"><ele>433.10</ele><time>2024-08-31T14:18:46Z</time></trkpt><trkpt lat="43.24647903" lon="-4.87863779"><ele>433.14</ele><time>2024-08-31T14:18:47Z</time></trkpt><trkpt lat="43.24646759" lon="-4.87863827"><ele>433.18</ele><time>2024-08-31T14:18:48Z</time></trkpt><trkpt lat="43.24645233" lon="-4.87863970"><ele>433.22</ele><time>2024-08-31T14:18:49Z</time></trkpt><trkpt lat="43.24644089" lon="-4.87864161"><ele>433.25</ele><time>2024-08-31T14:18:50Z</time></trkpt><trkpt lat="43.24642944" lon="-4.87864447"><ele>433.27</ele><time>2024-08-31T14:18:51Z</time></trkpt><trkpt lat="43.24641418" lon="-4.87864780"><ele>433.30</ele><time>2024-08-31T14:18:52Z</time></trkpt><trkpt lat="43.24640274" lon="-4.87865210"><ele>433.32</ele><time>2024-08-31T14:18:53Z</time></trkpt><trkpt lat="43.24639130" lon="-4.87865639"><ele>433.34</ele><time>2024-08-31T14:18:54Z</time></trkpt><trkpt lat="43.24637604" lon="-4.87866211"><ele>433.35</ele><time>2024-08-31T14:18:55Z</time></trkpt><trkpt lat="43.24636459" lon="-4.87866831"><ele>433.36</ele><time>2024-08-31T14:18:56Z</time></trkpt><trkpt lat="43.24635315" lon="-4.87867546"><ele>433.37</ele><time>2024-08-31T14:18:57Z</time></trkpt><trkpt lat="43.24633789" lon="-4.87868309"><ele>433.38</ele><time>2024-08-31T14:18:58Z</time></trkpt><trkpt lat="43.24632645" lon="-4.87869120"><ele>433.38</ele><time>2024-08-31T14:18:59Z</time></trkpt><trkpt lat="43.24631500" lon="-4.87869978"><ele>433.38</ele><time>2024-08-31T14:19:00Z</time></trkpt><trkpt lat="43.24630356" lon="-4.87870884"><ele>433.39</ele><time>2024-08-31T14:19:01Z</time></trkpt><trkpt lat="43.24629211" lon="-4.87871790"><ele>433.40</ele><time>2024-08-31T14:19:02Z</time></trkpt><trkpt lat="43.24628067" lon="-4.87872696"><ele>433.41</ele><time>2024-08-31T14:19:03Z</time></trkpt><trkpt lat="43.24626923" lon="-4.87873697"><ele>433.42</ele><time>2024-08-31T14:19:04Z</time></trkpt><trkpt lat="43.24625778" lon="-4.87874651"><ele>433.44</ele><time>2024-08-31T14:19:05Z</time></trkpt><trkpt lat="43.24624634" lon="-4.87875652"><ele>433.45</ele><time>2024-08-31T14:19:06Z</time></trkpt><trkpt lat="43.24623489" lon="-4.87876701"><ele>433.47</ele><time>2024-08-31T14:19:07Z</time></trkpt><trkpt lat="43.24622345" lon="-4.87877750"><ele>433.48</ele><time>2024-08-31T14:19:08Z</time></trkpt><trkpt lat="43.24621201" lon="-4.87878799"><ele>433.50</ele><time>2024-08-31T14:19:09Z</time></trkpt><trkpt lat="43.24620438" lon="-4.87879896"><ele>433.52</ele><time>2024-08-31T14:19:10Z</time></trkpt><trkpt lat="43.24619293" lon="-4.87880993"><ele>433.54</ele><time>2024-08-31T14:19:11Z</time></trkpt><trkpt lat="43.24618149" lon="-4.87882090"><ele>433.56</ele><time>2024-08-31T14:19:12Z</time></trkpt><trkpt lat="43.24617386" lon="-4.87883186"><ele>433.58</ele><time>2024-08-31T14:19:13Z</time></trkpt><trkpt lat="43.24616241" lon="-4.87884331"><ele>433.61</ele><time>2024-08-31T14:19:14Z</time></trkpt><trkpt lat="43.24615097" lon="-4.87885427"><ele>433.63</ele><time>2024-08-31T14:19:15Z</time></trkpt><trkpt lat="43.24614334" lon="-4.87886524"><ele>433.66</ele><time>2024-08-31T14:19:16Z</time></trkpt><trkpt lat="43.24613190" lon="-4.87887621"><ele>433.68</ele><time>2024-08-31T14:19:17Z</time></trkpt><trkpt lat="43.24612045" lon="-4.87888670"><ele>433.71</ele><time>2024-08-31T14:19:18Z</time></trkpt><trkpt lat="43.24611282" lon="-4.87889767"><ele>433.73</ele><time>2024-08-31T14:19:19Z</time></trkpt><trkpt lat="43.24610138" lon="-4.87890816"><ele>433.76</ele><time>2024-08-31T14:19:20Z</time></trkpt><trkpt lat="43.24608994" lon="-4.87891865"><ele>433.79</ele><time>2024-08-31T14:19:21Z</time></trkpt><trkpt lat="43.24608231" lon="-4.87892914"><ele>433.81</ele><time>2024-08-31T14:19:22Z</time></trkpt><trkpt lat="43.24607086" lon="-4.87893963"><ele>433.84</ele><time>2024-08-31T14:19:23Z</time></trkpt><trkpt lat="43.24605942" lon="-4.87895012"><ele>433.87</ele><time>2024-08-31T14:19:24Z</time></trkpt><trkpt lat="43.24605179" lon="-4.87896061"><ele>433.90</ele><time>2024-08-31T14:19:25Z</time></trkpt><trkpt lat="43.24604034" lon="-4.87897110"><ele>433.93</ele><time>2024-08-31T14:19:26Z</time></trkpt><trkpt lat="43.24602890" lon="-4.87898159"><ele>433.96</ele><time>2024-08-31T14:19:27Z</time></trkpt><trkpt lat="43.24602127" lon="-4.87899160"><ele>433.98</ele><time>2024-08-31T14:19:28Z</time></trkpt><trkpt lat="43.24600983" lon="-4.87900209"><ele>434.01</ele><time>2024-08-31T14:19:29Z</time></trkpt><trkpt lat="43.24599838" lon="-4.87901211"><ele>434.04</ele><time>2024-08-31T14:19:30Z</time></trkpt><trkpt lat="43.24599075" lon="-4.87902260"><ele>434.07</ele><time>2024-08-31T14:19:31Z</time></trkpt><trkpt lat="43.24597931" lon="-4.87903261"><ele>434.10</ele><time>2024-08-31T14:19:32Z</time></trkpt><trkpt lat="43.24596786" lon="-4.87904263"><ele>434.13</ele><time>2024-08-31T14:19:33Z</time></trkpt><trkpt lat="43.24596024" lon="-4.87905359"><ele>434.17</ele><time>2024-08-31T14:19:34Z</time></trkpt><trkpt lat="43.24594879" lon="-4.87906551"><ele>434.20</ele><time>2024-08-31T14:19:35Z</time></trkpt><trkpt lat="43.24594116" lon="-4.87907791"><ele>434.23</ele><time>2024-08-31T14:19:36Z</time></trkpt><trkpt lat="43.24593353" lon="-4.87909079"><ele>434.26</ele><time>2024-08-31T14:19:37Z</time></trkpt><trkpt lat="43.24592590" lon="-4.87910366"><ele>434.29</ele><time>2024-08-31T14:19:38Z</time></trkpt><trkpt lat="43.24591827" lon="-4.87911701"><ele>434.32</ele><time>2024-08-31T14:19:39Z</time></trkpt><trkpt lat="43.24591064" lon="-4.87913084"><ele>434.35</ele><time>2024-08-31T14:19:40Z</time></trkpt><trkpt lat="43.24590302" lon="-4.87914467"><ele>434.37</ele><time>2024-08-31T14:19:41Z</time></trkpt><trkpt lat="43.24589539" lon="-4.87915897"><ele>434.40</ele><time>2024-08-31T14:19:42Z</time></trkpt><trkpt lat="43.24589157" lon="-4.87917328"><ele>434.42</ele><time>2024-08-31T14:19:43Z</time></trkpt><trkpt lat="43.24588394" lon="-4.87918758"><ele>434.44</ele><time>2024-08-31T14:19:44Z</time></trkpt><trkpt lat="43.24587631" lon="-4.87920189"><ele>434.47</ele><time>2024-08-31T14:19:45Z</time></trkpt><trkpt lat="43.24587250" lon="-4.87921667"><ele>434.49</ele><time>2024-08-31T14:19:46Z</time></trkpt><trkpt lat="43.24586487" lon="-4.87923145"><ele>434.51</ele><time>2024-08-31T14:19:47Z</time></trkpt><trkpt lat="43.24586105" lon="-4.87924671"><ele>434.53</ele><time>2024-08-31T14:19:48Z</time></trkpt><trkpt lat="43.24585342" lon="-4.87926149"><ele>434.55</ele><time>2024-08-31T14:19:49Z</time></trkpt><trkpt lat="43.24584961" lon="-4.87927675"><ele>434.56</ele><time>2024-08-31T14:19:50Z</time></trkpt><trkpt lat="43.24584198" lon="-4.87929153"><ele>434.58</ele><time>2024-08-31T14:19:51Z</time></trkpt><trkpt lat="43.24583435" lon="-4.87930679"><ele>434.60</ele><time>2024-08-31T14:19:52Z</time></trkpt><trkpt lat="43.24583054" lon="-4.87932205"><ele>434.62</ele><time>2024-08-31T14:19:53Z</time></trkpt><trkpt lat="43.24582291" lon="-4.87933731"><ele>434.64</ele><time>2024-08-31T14:19:54Z</time></trkpt><trkpt lat="43.24581909" lon="-4.87935257"><ele>434.66</ele><time>2024-08-31T14:19:55Z</time></trkpt><trkpt lat="43.24581146" lon="-4.87936783"><ele>434.68</ele><time>2024-08-31T14:19:56Z</time></trkpt><trkpt lat="43.24580765" lon="-4.87938356"><ele>434.69</ele><time>2024-08-31T14:19:57Z</time></trkpt><trkpt lat="43.24580002" lon="-4.87939930"><ele>434.71</ele><time>2024-08-31T14:19:58Z</time></trkpt><trkpt lat="43.24579239" lon="-4.87941456"><ele>434.73</ele><time>2024-08-31T14:19:59Z</time></trkpt><trkpt lat="43.24578857" lon="-4.87943029"><ele>434.75</ele><time>2024-08-31T14:20:00Z</time></trkpt><trkpt lat="43.24578094" lon="-4.87944603"><ele>434.77</ele><time>2024-08-31T14:20:01Z</time></trkpt><trkpt lat="43.24577713" lon="-4.87946177"><ele>434.79</ele><time>2024-08-31T14:20:02Z</time></trkpt><trkpt lat="43.24576950" lon="-4.87947798"><ele>434.81</ele><time>2024-08-31T14:20:03Z</time></trkpt><trkpt lat="43.24576187" lon="-4.87949371"><ele>434.83</ele><time>2024-08-31T14:20:04Z</time></trkpt><trkpt lat="43.24575806" lon="-4.87950993"><ele>434.85</ele><time>2024-08-31T14:20:05Z</time></trkpt><trkpt lat="43.24575043" lon="-4.87952566"><ele>434.86</ele><time>2024-08-31T14:20:06Z</time></trkpt><trkpt lat="43.24574661" lon="-4.87954140"><ele>434.88</ele><time>2024-08-31T14:20:07Z</time></trkpt><trkpt lat="43.24573898" lon="-4.87955761"><ele>434.90</ele><time>2024-08-31T14:20:08Z</time></trkpt><trkpt lat="43.24573135" lon="-4.87957335"><ele>434.92</ele><time>2024-08-31T14:20:09Z</time></trkpt><trkpt lat="43.24572754" lon="-4.87958908"><ele>434.94</ele><time>2024-08-31T14:20:10Z</time></trkpt><trkpt lat="43.24571991" lon="-4.87960482"><ele>434.95</ele><time>2024-08-31T14:20:11Z</time></trkpt><trkpt lat="43.24571228" lon="-4.87962055"><ele>434.97</ele><time>2024-08-31T14:20:12Z</time></trkpt><trkpt lat="43.24570465" lon="-4.87963629"><ele>434.99</ele><time>2024-08-31T14:20:13Z</time></trkpt><trkpt lat="43.24570084" lon="-4.87965250"><ele>435.01</ele><time>2024-08-31T14:20:14Z</time></trkpt><trkpt lat="43.24569321" lon="-4.87966824"><ele>435.02</ele><time>2024-08-31T14:20:15Z</time></trkpt><trkpt lat="43.24568558" lon="-4.87968397"><ele>435.04</ele><time>2024-08-31T14:20:16Z</time></trkpt><trkpt lat="43.24567795" lon="-4.87969971"><ele>435.06</ele><time>2024-08-31T14:20:17Z</time></trkpt><trkpt lat="43.24567413" lon="-4.87971544"><ele>435.08</ele><time>2024-08-31T14:20:18Z</time></trkpt><trkpt lat="43.24566650" lon="-4.87973118"><ele>435.09</ele><time>2024-08-31T14:20:19Z</time></trkpt><trkpt lat="43.24565887" lon="-4.87974691"><ele>435.11</ele><time>2024-08-31T14:20:20Z</time></trkpt><trkpt lat="43.24565125" lon="-4.87976265"><ele>435.13</ele><time>2024-08-31T14:20:21Z</time></trkpt><trkpt lat="43.24564362" lon="-4.87977886"><ele>435.15</ele><time>2024-08-31T14:20:22Z</time></trkpt><trkpt lat="43.24563980" lon="-4.87979460"><ele>435.17</ele><time>2024-08-31T14:20:23Z</time></trkpt><trkpt lat="43.24563217" lon="-4.87981081"><ele>435.18</ele><time>2024-08-31T14:20:24Z</time></trkpt><trkpt lat="43.24562454" lon="-4.87982702"><ele>435.20</ele><time>2024-08-31T14:20:25Z</time></trkpt><trkpt lat="43.24562073" lon="-4.87984371"><ele>435.22</ele><time>2024-08-31T14:20:26Z</time></trkpt><trkpt lat="43.24561310" lon="-4.87986040"><ele>435.24</ele><time>2024-08-31T14:20:27Z</time></trkpt><trkpt lat="43.24560547" lon="-4.87987709"><ele>435.26</ele><time>2024-08-31T14:20:28Z</time></trkpt><trkpt lat="43.24560165" lon="-4.87989378"><ele>435.27</ele><time>2024-08-31T14:20:29Z</time></trkpt><trkpt lat="43.24559402" lon="-4.87991047"><ele>435.29</ele><time>2024-08-31T14:20:30Z</time></trkpt><trkpt lat="43.24559021" lon="-4.87992716"><ele>435.31</ele><time>2024-08-31T14:20:31Z</time></trkpt><trkpt lat="43.24558258" lon="-4.87994432"><ele>435.33</ele><time>2024-08-31T14:20:32Z</time></trkpt><trkpt lat="43.24557877" lon="-4.87996149"><ele>435.34</ele><time>2024-08-31T14:20:33Z</time></trkpt><trkpt lat="43.24557114" lon="-4.87997818"><ele>435.36</ele><time>2024-08-31T14:20:34Z</time></trkpt><trkpt lat="43.24556732" lon="-4.87999535"><ele>435.38</ele><time>2024-08-31T14:20:35Z</time></trkpt><trkpt lat="43.24556351" lon="-4.88001251"><ele>435.39</ele><time>2024-08-31T14:20:36Z</time></trkpt><trkpt lat="43.24555588" lon="-4.88002968"><ele>435.41</ele><time>2024-08-31T14:20:37Z</time></trkpt><trkpt lat="43.24555206" lon="-4.88004684"><ele>435.42</ele><time>2024-08-31T14:20:38Z</time></trkpt><trkpt lat="43.24554443" lon="-4.88006449"><ele>435.44</ele><time>2024-08-31T14:20:39Z</time></trkpt><trkpt lat="43.24554062" lon="-4.88008165"><ele>435.46</ele><time>2024-08-31T14:20:40Z</time></trkpt><trkpt lat="43.24553680" lon="-4.88009882"><ele>435.47</ele><time>2024-08-31T14:20:41Z</time></trkpt><trkpt lat="43.24552917" lon="-4.88011646"><ele>435.49</ele><time>2024-08-31T14:20:42Z</time></trkpt><trkpt lat="43.24552536" lon="-4.88013411"><ele>435.51</ele><time>2024-08-31T14:20:43Z</time></trkpt><trkpt lat="43.24552155" lon="-4.88015127"><ele>435.53</ele><time>2024-08-31T14:20:44Z</time></trkpt><trkpt lat="43.24551773" lon="-4.88016891"><ele>435.55</ele><time>2024-08-31T14:20:45Z</time></trkpt><trkpt lat="43.24551010" lon="-4.88018656"><ele>435.57</ele><time>2024-08-31T14:20:46Z</time></trkpt><trkpt lat="43.24550629" lon="-4.88020420"><ele>435.59</ele><time>2024-08-31T14:20:47Z</time></trkpt><trkpt lat="43.24550247" lon="-4.88022184"><ele>435.61</ele><time>2024-08-31T14:20:48Z</time></trkpt><trkpt lat="43.24549866" lon="-4.88023949"><ele>435.63</ele><time>2024-08-31T14:20:49Z</time></trkpt><trkpt lat="43.24549103" lon="-4.88025713"><ele>435.65</ele><time>2024-08-31T14:20:50Z</time></trkpt><trkpt lat="43.24548721" lon="-4.88027477"><ele>435.68</ele><time>2024-08-31T14:20:51Z</time></trkpt><trkpt lat="43.24548340" lon="-4.88029242"><ele>435.70</ele><time>2024-08-31T14:20:52Z</time></trkpt><trkpt lat="43.24547958" lon="-4.88031006"><ele>435.72</ele><time>2024-08-31T14:20:53Z</time></trkpt><trkpt lat="43.24547195" lon="-4.88032818"><ele>435.74</ele><time>2024-08-31T14:20:54Z</time></trkpt><trkpt lat="43.24546814" lon="-4.88034582"><ele>435.76</ele><time>2024-08-31T14:20:55Z</time></trkpt><trkpt lat="43.24546432" lon="-4.88036346"><ele>435.78</ele><time>2024-08-31T14:20:56Z</time></trkpt><trkpt lat="43.24546051" lon="-4.88038158"><ele>435.80</ele><time>2024-08-31T14:20:57Z</time></trkpt><trkpt lat="43.24545670" lon="-4.88039923"><ele>435.83</ele><time>2024-08-31T14:20:58Z</time></trkpt><trkpt lat="43.24544907" lon="-4.88041687"><ele>435.84</ele><time>2024-08-31T14:20:59Z</time></trkpt><trkpt lat="43.24544525" lon="-4.88043404"><ele>435.86</ele><time>2024-08-31T14:21:00Z</time></trkpt><trkpt lat="43.24544144" lon="-4.88045168"><ele>435.87</ele><time>2024-08-31T14:21:01Z</time></trkpt><trkpt lat="43.24543381" lon="-4.88046885"><ele>435.88</ele><time>2024-08-31T14:21:02Z</time></trkpt><trkpt lat="43.24542999" lon="-4.88048553"><ele>435.89</ele><time>2024-08-31T14:21:03Z</time></trkpt><trkpt lat="43.24542618" lon="-4.88050270"><ele>435.90</ele><time>2024-08-31T14:21:04Z</time></trkpt><trkpt lat="43.24541855" lon="-4.88051939"><ele>435.91</ele><time>2024-08-31T14:21:05Z</time></trkpt><trkpt lat="43.24541092" lon="-4.88053608"><ele>435.92</ele><time>2024-08-31T14:21:06Z</time></trkpt><trkpt lat="43.24540710" lon="-4.88055325"><ele>435.93</ele><time>2024-08-31T14:21:07Z</time></trkpt><trkpt lat="43.24539948" lon="-4.88056993"><ele>435.94</ele><time>2024-08-31T14:21:08Z</time></trkpt><trkpt lat="43.24539566" lon="-4.88058662"><ele>435.95</ele><time>2024-08-31T14:21:09Z</time></trkpt><trkpt lat="43.24538803" lon="-4.88060284"><ele>435.96</ele><time>2024-08-31T14:21:10Z</time></trkpt><trkpt lat="43.24538422" lon="-4.88061953"><ele>435.97</ele><time>2024-08-31T14:21:11Z</time></trkpt><trkpt lat="43.24537659" lon="-4.88063622"><ele>435.98</ele><time>2024-08-31T14:21:12Z</time></trkpt><trkpt lat="43.24536896" lon="-4.88065290"><ele>435.99</ele><time>2024-08-31T14:21:13Z</time></trkpt><trkpt lat="43.24536514" lon="-4.88066912"><ele>436.00</ele><time>2024-08-31T14:21:14Z</time></trkpt><trkpt lat="43.24535751" lon="-4.88068581"><ele>436.01</ele><time>2024-08-31T14:21:15Z</time></trkpt><trkpt lat="43.24534988" lon="-4.88070202"><ele>436.02</ele><time>2024-08-31T14:21:16Z</time></trkpt><trkpt lat="43.24534225" lon="-4.88071823"><ele>436.03</ele><time>2024-08-31T14:21:17Z</time></trkpt><trkpt lat="43.24533844" lon="-4.88073444"><ele>436.04</ele><time>2024-08-31T14:21:18Z</time></trkpt><trkpt lat="43.24533081" lon="-4.88075018"><ele>436.05</ele><time>2024-08-31T14:21:19Z</time></trkpt><trkpt lat="43.24532318" lon="-4.88076639"><ele>436.06</ele><time>2024-08-31T14:21:20Z</time></trkpt><trkpt lat="43.24531555" lon="-4.88078213"><ele>436.07</ele><time>2024-08-31T14:21:21Z</time></trkpt><trkpt lat="43.24530792" lon="-4.88079786"><ele>436.08</ele><time>2024-08-31T14:21:22Z</time></trkpt><trkpt lat="43.24530029" lon="-4.88081360"><ele>436.09</ele><time>2024-08-31T14:21:23Z</time></trkpt><trkpt lat="43.24529266" lon="-4.88082933"><ele>436.10</ele><time>2024-08-31T14:21:24Z</time></trkpt><trkpt lat="43.24528503" lon="-4.88084507"><ele>436.12</ele><time>2024-08-31T14:21:25Z</time></trkpt><trkpt lat="43.24527740" lon="-4.88086081"><ele>436.13</ele><time>2024-08-31T14:21:26Z</time></trkpt><trkpt lat="43.24526978" lon="-4.88087606"><ele>436.14</ele><time>2024-08-31T14:21:27Z</time></trkpt><trkpt lat="43.24526215" lon="-4.88089180"><ele>436.15</ele><time>2024-08-31T14:21:28Z</time></trkpt><trkpt lat="43.24525452" lon="-4.88090706"><ele>436.16</ele><time>2024-08-31T14:21:29Z</time></trkpt><trkpt lat="43.24524689" lon="-4.88092279"><ele>436.17</ele><time>2024-08-31T14:21:30Z</time></trkpt><trkpt lat="43.24523926" lon="-4.88093805"><ele>436.18</ele><time>2024-08-31T14:21:31Z</time></trkpt><trkpt lat="43.24523163" lon="-4.88095379"><ele>436.19</ele><time>2024-08-31T14:21:32Z</time></trkpt><trkpt lat="43.24522400" lon="-4.88096952"><ele>436.21</ele><time>2024-08-31T14:21:33Z</time></trkpt><trkpt lat="43.24521637" lon="-4.88098621"><ele>436.22</ele><time>2024-08-31T14:21:34Z</time></trkpt><trkpt lat="43.24521255" lon="-4.88100290"><ele>436.23</ele><time>2024-08-31T14:21:35Z</time></trkpt><trkpt lat="43.24520493" lon="-4.88101959"><ele>436.24</ele><time>2024-08-31T14:21:36Z</time></trkpt><trkpt lat="43.24520111" lon="-4.88103676"><ele>436.25</ele><time>2024-08-31T14:21:37Z</time></trkpt><trkpt lat="43.24519730" lon="-4.88105392"><ele>436.25</ele><time>2024-08-31T14:21:38Z</time></trkpt><trkpt lat="43.24518967" lon="-4.88107157"><ele>436.26</ele><time>2024-08-31T14:21:39Z</time></trkpt><trkpt lat="43.24518585" lon="-4.88108921"><ele>436.27</ele><time>2024-08-31T14:21:40Z</time></trkpt><trkpt lat="43.24518204" lon="-4.88110685"><ele>436.28</ele><time>2024-08-31T14:21:41Z</time></trkpt><trkpt lat="43.24517822" lon="-4.88112450"><ele>436.29</ele><time>2024-08-31T14:21:42Z</time></trkpt><trkpt lat="43.24517441" lon="-4.88114214"><ele>436.29</ele><time>2024-08-31T14:21:43Z</time></trkpt><trkpt lat="43.24517059" lon="-4.88116026"><ele>436.30</ele><time>2024-08-31T14:21:44Z</time></trkpt><trkpt lat="43.24516678" lon="-4.88117838"><ele>436.31</ele><time>2024-08-31T14:21:45Z</time></trkpt><trkpt lat="43.24516296" lon="-4.88119650"><ele>436.31</ele><time>2024-08-31T14:21:46Z</time></trkpt><trkpt lat="43.24515915" lon="-4.88121462"><ele>436.32</ele><time>2024-08-31T14:21:47Z</time></trkpt><trkpt lat="43.24515533" lon="-4.88123274"><ele>436.33</ele><time>2024-08-31T14:21:48Z</time></trkpt><trkpt lat="43.24515152" lon="-4.88125086"><ele>436.34</ele><time>2024-08-31T14:21:49Z</time></trkpt><trkpt lat="43.24514771" lon="-4.88126898"><ele>436.34</ele><time>2024-08-31T14:21:50Z</time></trkpt><trkpt lat="43.24514389" lon="-4.88128662"><ele>436.35</ele><time>2024-08-31T14:21:51Z</time></trkpt><trkpt lat="43.24514008" lon="-4.88130426"><ele>436.35</ele><time>2024-08-31T14:21:52Z</time></trkpt><trkpt lat="43.24513626" lon="-4.88132000"><ele>436.36</ele><time>2024-08-31T14:21:53Z</time></trkpt><trkpt lat="43.24513245" lon="-4.88133526"><ele>436.36</ele><time>2024-08-31T14:21:54Z</time></trkpt><trkpt lat="43.24512482" lon="-4.88134956"><ele>436.37</ele><time>2024-08-31T14:21:55Z</time></trkpt><trkpt lat="43.24511719" lon="-4.88136292"><ele>436.38</ele><time>2024-08-31T14:21:56Z</time></trkpt><trkpt lat="43.24510956" lon="-4.88137579"><ele>436.38</ele><time>2024-08-31T14:21:57Z</time></trkpt><trkpt lat="43.24510193" lon="-4.88138771"><ele>436.39</ele><time>2024-08-31T14:21:58Z</time></trkpt><trkpt lat="43.24509430" lon="-4.88139963"><ele>436.39</ele><time>2024-08-31T14:21:59Z</time></trkpt><trkpt lat="43.24508286" lon="-4.88141060"><ele>436.40</ele><time>2024-08-31T14:22:00Z</time></trkpt><trkpt lat="43.24507523" lon="-4.88142109"><ele>436.40</ele><time>2024-08-31T14:22:01Z</time></trkpt><trkpt lat="43.24506378" lon="-4.88143063"><ele>436.41</ele><time>2024-08-31T14:22:02Z</time></trkpt><trkpt lat="43.24505615" lon="-4.88144016"><ele>436.41</ele><time>2024-08-31T14:22:03Z</time></trkpt><trkpt lat="43.24504471" lon="-4.88144922"><ele>436.42</ele><time>2024-08-31T14:22:04Z</time></trkpt><trkpt lat="43.24503326" lon="-4.88145781"><ele>436.42</ele><time>2024-08-31T14:22:05Z</time></trkpt><trkpt lat="43.24502563" lon="-4.88146591"><ele>436.42</ele><time>2024-08-31T14:22:06Z</time></trkpt><trkpt lat="43.24501419" lon="-4.88147402"><ele>436.42</ele><time>2024-08-31T14:22:07Z</time></trkpt><trkpt lat="43.24500275" lon="-4.88148165"><ele>436.42</ele><time>2024-08-31T14:22:08Z</time></trkpt><trkpt lat="43.24499130" lon="-4.88148975"><ele>436.43</ele><time>2024-08-31T14:22:09Z</time></trkpt><trkpt lat="43.24497986" lon="-4.88149738"><ele>436.43</ele><time>2024-08-31T14:22:10Z</time></trkpt><trkpt lat="43.24497223" lon="-4.88150501"><ele>436.43</ele><time>2024-08-31T14:22:11Z</time></trkpt><trkpt lat="43.24496078" lon="-4.88151312"><ele>436.43</ele><time>2024-08-31T14:22:12Z</time></trkpt><trkpt lat="43.24494934" lon="-4.88152075"><ele>436.43</ele><time>2024-08-31T14:22:13Z</time></trkpt><trkpt lat="43.24493790" lon="-4.88152838"><ele>436.43</ele><time>2024-08-31T14:22:14Z</time></trkpt><trkpt lat="43.24492645" lon="-4.88153601"><ele>436.44</ele><time>2024-08-31T14:22:15Z</time></trkpt><trkpt lat="43.24491882" lon="-4.88154316"><ele>436.44</ele><time>2024-08-31T14:22:16Z</time></trkpt><trkpt lat="43.24490738" lon="-4.88155079"><ele>436.44</ele><time>2024-08-31T14:22:17Z</time></trkpt><trkpt lat="43.24489594" lon="-4.88155794"><ele>436.45</ele><time>2024-08-31T14:22:18Z</time></trkpt><trkpt lat="43.24488449" lon="-4.88156652"><ele>436.46</ele><time>2024-08-31T14:22:19Z</time></trkpt><trkpt lat="43.24487686" lon="-4.88157654"><ele>436.47</ele><time>2024-08-31T14:22:20Z</time></trkpt><trkpt lat="43.24486542" lon="-4.88158703"><ele>436.48</ele><time>2024-08-31T14:22:21Z</time></trkpt><trkpt lat="43.24485779" lon="-4.88159800"><ele>436.50</ele><time>2024-08-31T14:22:22Z</time></trkpt><trkpt lat="43.24484634" lon="-4.88160992"><ele>436.51</ele><time>2024-08-31T14:22:23Z</time></trkpt><trkpt lat="43.24483871" lon="-4.88162184"><ele>436.53</ele><time>2024-08-31T14:22:24Z</time></trkpt><trkpt lat="43.24483109" lon="-4.88163424"><ele>436.54</ele><time>2024-08-31T14:22:25Z</time></trkpt><trkpt lat="43.24482346" lon="-4.88164663"><ele>436.56</ele><time>2024-08-31T14:22:26Z</time></trkpt><trkpt lat="43.24481583" lon="-4.88165998"><ele>436.58</ele><time>2024-08-31T14:22:27Z</time></trkpt><trkpt lat="43.24480438" lon="-4.88167334"><ele>436.60</ele><time>2024-08-31T14:22:28Z</time></trkpt><trkpt lat="43.24479675" lon="-4.88168669"><ele>436.61</ele><time>2024-08-31T14:22:29Z</time></trkpt><trkpt lat="43.24478912" lon="-4.88170052"><ele>436.63</ele><time>2024-08-31T14:22:30Z</time></trkpt><trkpt lat="43.24478149" lon="-4.88171434"><ele>436.65</ele><time>2024-08-31T14:22:31Z</time></trkpt><trkpt lat="43.24477768" lon="-4.88172865"><ele>436.68</ele><time>2024-08-31T14:22:32Z</time></trkpt><trkpt lat="43.24477005" lon="-4.88174295"><ele>436.70</ele><time>2024-08-31T14:22:33Z</time></trkpt><trkpt lat="43.24475861" lon="-4.88175583"><ele>436.71</ele><time>2024-08-31T14:22:34Z</time></trkpt><trkpt lat="43.24475098" lon="-4.88176775"><ele>436.73</ele><time>2024-08-31T14:22:35Z</time></trkpt><trkpt lat="43.24474335" lon="-4.88177824"><ele>436.74</ele><time>2024-08-31T14:22:36Z</time></trkpt><trkpt lat="43.24473190" lon="-4.88178825"><ele>436.75</ele><time>2024-08-31T14:22:37Z</time></trkpt><trkpt lat="43.24472046" lon="-4.88179684"><ele>436.77</ele><time>2024-08-31T14:22:38Z</time></trkpt><trkpt lat="43.24471283" lon="-4.88180494"><ele>436.78</ele><time>2024-08-31T14:22:39Z</time></trkpt><trkpt lat="43.24470139" lon="-4.88181257"><ele>436.78</ele><time>2024-08-31T14:22:40Z</time></trkpt><trkpt lat="43.24468994" lon="-4.88181925"><ele>436.79</ele><time>2024-08-31T14:22:41Z</time></trkpt><trkpt lat="43.24467850" lon="-4.88182592"><ele>436.80</ele><time>2024-08-31T14:22:42Z</time></trkpt><trkpt lat="43.24466705" lon="-4.88183260"><ele>436.81</ele><time>2024-08-31T14:22:43Z</time></trkpt><trkpt lat="43.24465561" lon="-4.88183832"><ele>436.81</ele><time>2024-08-31T14:22:44Z</time></trkpt><trkpt lat="43.24464417" lon="-4.88184404"><ele>436.82</ele><time>2024-08-31T14:22:45Z</time></trkpt><trkpt lat="43.24462891" lon="-4.88184977"><ele>436.82</ele><time>2024-08-31T14:22:46Z</time></trkpt><trkpt lat="43.24461746" lon="-4.88185501"><ele>436.82</ele><time>2024-08-31T14:22:47Z</time></trkpt><trkpt lat="43.24460602" lon="-4.88185978"><ele>436.83</ele><time>2024-08-31T14:22:48Z</time></trkpt><trkpt lat="43.24459457" lon="-4.88186455"><ele>436.83</ele><time>2024-08-31T14:22:49Z</time></trkpt><trkpt lat="43.24458313" lon="-4.88186884"><ele>436.83</ele><time>2024-08-31T14:22:50Z</time></trkpt><trkpt lat="43.24456787" lon="-4.88187265"><ele>436.83</ele><time>2024-08-31T14:22:51Z</time></trkpt><trkpt lat="43.24455643" lon="-4.88187599"><ele>436.83</ele><time>2024-08-31T14:22:52Z</time></trkpt><trkpt lat="43.24454498" lon="-4.88187933"><ele>436.83</ele><time>2024-08-31T14:22:53Z</time></trkpt><trkpt lat="43.24453354" lon="-4.88188267"><ele>436.83</ele><time>2024-08-31T14:22:54Z</time></trkpt><trkpt lat="43.24452209" lon="-4.88188553"><ele>436.83</ele><time>2024-08-31T14:22:55Z</time></trkpt><trkpt lat="43.24450684" lon="-4.88188839"><ele>436.83</ele><time>2024-08-31T14:22:56Z</time></trkpt><trkpt lat="43.24449539" lon="-4.88189125"><ele>436.83</ele><time>2024-08-31T14:22:57Z</time></trkpt><trkpt lat="43.24448395" lon="-4.88189411"><ele>436.83</ele><time>2024-08-31T14:22:58Z</time></trkpt><trkpt lat="43.24447250" lon="-4.88189697"><ele>436.83</ele><time>2024-08-31T14:22:59Z</time></trkpt><trkpt lat="43.24445724" lon="-4.88189983"><ele>436.83</ele><time>2024-08-31T14:23:00Z</time></trkpt><trkpt lat="43.24444580" lon="-4.88190269"><ele>436.83</ele><time>2024-08-31T14:23:01Z</time></trkpt><trkpt lat="43.24443436" lon="-4.88190603"><ele>436.83</ele><time>2024-08-31T14:23:02Z</time></trkpt><trkpt lat="43.24441910" lon="-4.88190889"><ele>436.84</ele><time>2024-08-31T14:23:03Z</time></trkpt><trkpt lat="43.24440765" lon="-4.88191175"><ele>436.84</ele><time>2024-08-31T14:23:04Z</time></trkpt><trkpt lat="43.24439621" lon="-4.88191462"><ele>436.84</ele><time>2024-08-31T14:23:05Z</time></trkpt><trkpt lat="43.24438095" lon="-4.88191700"><ele>436.84</ele><time>2024-08-31T14:23:06Z</time></trkpt><trkpt lat="43.24436951" lon="-4.88191843"><ele>436.84</ele><time>2024-08-31T14:23:07Z</time></trkpt><trkpt lat="43.24435806" lon="-4.88191986"><ele>436.84</ele><time>2024-08-31T14:23:08Z</time></trkpt><trkpt lat="43.24434280" lon="-4.88192129"><ele>436.85</ele><time>2024-08-31T14:23:09Z</time></trkpt><trkpt lat="43.24433136" lon="-4.88192368"><ele>436.85</ele><time>2024-08-31T14:23:10Z</time></trkpt><trkpt lat="43.24431992" lon="-4.88192701"><ele>436.85</ele><time>2024-08-31T14:23:11Z</time></trkpt><trkpt lat="43.24431229" lon="-4.88193035"><ele>436.85</ele><time>2024-08-31T14:23:12Z</time></trkpt><trkpt lat="43.24430084" lon="-4.88193417"><ele>436.86</ele><time>2024-08-31T14:23:13Z</time></trkpt><trkpt lat="43.24428940" lon="-4.88193846"><ele>436.86</ele><time>2024-08-31T14:23:14Z</time></trkpt><trkpt lat="43.24428177" lon="-4.88194323"><ele>436.86</ele><time>2024-08-31T14:23:15Z</time></trkpt><trkpt lat="43.24427032" lon="-4.88194799"><ele>436.87</ele><time>2024-08-31T14:23:16Z</time></trkpt><trkpt lat="43.24426270" lon="-4.88195276"><ele>436.87</ele><time>2024-08-31T14:23:17Z</time></trkpt><trkpt lat="43.24425507" lon="-4.88195801"><ele>436.88</ele><time>2024-08-31T14:23:18Z</time></trkpt><trkpt lat="43.24424362" lon="-4.88196325"><ele>436.88</ele><time>2024-08-31T14:23:19Z</time></trkpt><trkpt lat="43.24423599" lon="-4.88196850"><ele>436.89</ele><time>2024-08-31T14:23:20Z</time></trkpt><trkpt lat="43.24422836" lon="-4.88197374"><ele>436.89</ele><time>2024-08-31T14:23:21Z</time></trkpt><trkpt lat="43.24422073" lon="-4.88197803"><ele>436.90</ele><time>2024-08-31T14:23:22Z</time></trkpt><trkpt lat="43.24421310" lon="-4.88198233"><ele>436.91</ele><time>2024-08-31T14:23:23Z</time></trkpt><trkpt lat="43.24420547" lon="-4.88198805"><ele>436.91</ele><time>2024-08-31T14:23:24Z</time></trkpt><trkpt lat="43.24419403" lon="-4.88199520"><ele>436.92</ele><time>2024-08-31T14:23:25Z</time></trkpt><trkpt lat="43.24418640" lon="-4.88200283"><ele>436.93</ele><time>2024-08-31T14:23:26Z</time></trkpt><trkpt lat="43.24417877" lon="-4.88201189"><ele>436.94</ele><time>2024-08-31T14:23:27Z</time></trkpt><trkpt lat="43.24417114" lon="-4.88202095"><ele>436.95</ele><time>2024-08-31T14:23:28Z</time></trkpt><trkpt lat="43.24416351" lon="-4.88203096"><ele>436.97</ele><time>2024-08-31T14:23:29Z</time></trkpt><trkpt lat="43.24415588" lon="-4.88204145"><ele>436.98</ele><time>2024-08-31T14:23:30Z</time></trkpt><trkpt lat="43.24414825" lon="-4.88205242"><ele>437.00</ele><time>2024-08-31T14:23:31Z</time></trkpt><trkpt lat="43.24414062" lon="-4.88206387"><ele>437.02</ele><time>2024-08-31T14:23:32Z</time></trkpt><trkpt lat="43.24413300" lon="-4.88207531"><ele>437.04</ele><time>2024-08-31T14:23:33Z</time></trkpt><trkpt lat="43.24412918" lon="-4.88208723"><ele>437.06</ele><time>2024-08-31T14:23:34Z</time></trkpt><trkpt lat="43.24412155" lon="-4.88209915"><ele>437.08</ele><time>2024-08-31T14:23:35Z</time></trkpt><trkpt lat="43.24411392" lon="-4.88211155"><ele>437.11</ele><time>2024-08-31T14:23:36Z</time></trkpt><trkpt lat="43.24410629" lon="-4.88212395"><ele>437.13</ele><time>2024-08-31T14:23:37Z</time></trkpt><trkpt lat="43.24409866" lon="-4.88213539"><ele>437.15</ele><time>2024-08-31T14:23:38Z</time></trkpt><trkpt lat="43.24409103" lon="-4.88214636"><ele>437.17</ele><time>2024-08-31T14:23:39Z</time></trkpt><trkpt lat="43.24407959" lon="-4.88215637"><ele>437.19</ele><time>2024-08-31T14:23:40Z</time></trkpt><trkpt lat="43.24407196" lon="-4.88216591"><ele>437.21</ele><time>2024-08-31T14:23:41Z</time></trkpt><trkpt lat="43.24406052" lon="-4.88217545"><ele>437.23</ele><time>2024-08-31T14:23:42Z</time></trkpt><trkpt lat="43.24405289" lon="-4.88218403"><ele>437.25</ele><time>2024-08-31T14:23:43Z</time></trkpt><trkpt lat="43.24404144" lon="-4.88219213"><ele>437.27</ele><time>2024-08-31T14:23:44Z</time></trkpt><trkpt lat="43.24403000" lon="-4.88220024"><ele>437.29</ele><time>2024-08-31T14:23:45Z</time></trkpt><trkpt lat="43.24401855" lon="-4.88220596"><ele>437.30</ele><time>2024-08-31T14:23:46Z</time></trkpt><trkpt lat="43.24400711" lon="-4.88220930"><ele>437.30</ele><time>2024-08-31T14:23:47Z</time></trkpt><trkpt lat="43.24399948" lon="-4.88221073"><ele>437.31</ele><time>2024-08-31T14:23:48Z</time></trkpt><trkpt lat="43.24398804" lon="-4.88221073"><ele>437.31</ele><time>2024-08-31T14:23:49Z</time></trkpt><trkpt lat="43.24397659" lon="-4.88220978"><ele>437.31</ele><time>2024-08-31T14:23:50Z</time></trkpt><trkpt lat="43.24396515" lon="-4.88220787"><ele>437.31</ele><time>2024-08-31T14:23:51Z</time></trkpt><trkpt lat="43.24395370" lon="-4.88220549"><ele>437.31</ele><time>2024-08-31T14:23:52Z</time></trkpt><trkpt lat="43.24394226" lon="-4.88220215"><ele>437.31</ele><time>2024-08-31T14:23:53Z</time></trkpt><trkpt lat="43.24393082" lon="-4.88219929"><ele>437.32</ele><time>2024-08-31T14:23:54Z</time></trkpt><trkpt lat="43.24391937" lon="-4.88219547"><ele>437.32</ele><time>2024-08-31T14:23:55Z</time></trkpt><trkpt lat="43.24390793" lon="-4.88219166"><ele>437.32</ele><time>2024-08-31T14:23:56Z</time></trkpt><trkpt lat="43.24389648" lon="-4.88218784"><ele>437.33</ele><time>2024-08-31T14:23:57Z</time></trkpt><trkpt lat="43.24388504" lon="-4.88218355"><ele>437.33</ele><time>2024-08-31T14:23:58Z</time></trkpt><trkpt lat="43.24387360" lon="-4.88217926"><ele>437.34</ele><time>2024-08-31T14:23:59Z</time></trkpt><trkpt lat="43.24386215" lon="-4.88217497"><ele>437.34</ele><time>2024-08-31T14:24:00Z</time></trkpt><trkpt lat="43.24385071" lon="-4.88217020"><ele>437.34</ele><time>2024-08-31T14:24:01Z</time></trkpt><trkpt lat="43.24383926" lon="-4.88216782"><ele>437.35</ele><time>2024-08-31T14:24:02Z</time></trkpt><trkpt lat="43.24382782" lon="-4.88216686"><ele>437.35</ele><time>2024-08-31T14:24:03Z</time></trkpt><trkpt lat="43.24381638" lon="-4.88216782"><ele>437.36</ele><time>2024-08-31T14:24:04Z</time></trkpt><trkpt lat="43.24380493" lon="-4.88216972"><ele>437.36</ele><time>2024-08-31T14:24:05Z</time></trkpt><trkpt lat="43.24379349" lon="-4.88217211"><ele>437.37</ele><time>2024-08-31T14:24:06Z</time></trkpt><trkpt lat="43.24378204" lon="-4.88217592"><ele>437.37</ele><time>2024-08-31T14:24:07Z</time></trkpt><trkpt lat="43.24377060" lon="-4.88217974"><ele>437.37</ele><time>2024-08-31T14:24:08Z</time></trkpt><trkpt lat="43.24375534" lon="-4.88218451"><ele>437.37</ele><time>2024-08-31T14:24:09Z</time></trkpt><trkpt lat="43.24374390" lon="-4.88219023"><ele>437.37</ele><time>2024-08-31T14:24:10Z</time></trkpt><trkpt lat="43.24373245" lon="-4.88219643"><ele>437.37</ele><time>2024-08-31T14:24:11Z</time></trkpt><trkpt lat="43.24372101" lon="-4.88220310"><ele>437.37</ele><time>2024-08-31T14:24:12Z</time></trkpt><trkpt lat="43.24370956" lon="-4.88220978"><ele>437.37</ele><time>2024-08-31T14:24:13Z</time></trkpt><trkpt lat="43.24369431" lon="-4.88221693"><ele>437.38</ele><time>2024-08-31T14:24:14Z</time></trkpt><trkpt lat="43.24368286" lon="-4.88222408"><ele>437.38</ele><time>2024-08-31T14:24:15Z</time></trkpt><trkpt lat="43.24367142" lon="-4.88223171"><ele>437.39</ele><time>2024-08-31T14:24:16Z</time></trkpt><trkpt lat="43.24365997" lon="-4.88223934"><ele>437.39</ele><time>2024-08-31T14:24:17Z</time></trkpt><trkpt lat="43.24364853" lon="-4.88224697"><ele>437.40</ele><time>2024-08-31T14:24:18Z</time></trkpt><trkpt lat="43.24363708" lon="-4.88225651"><ele>437.41</ele><time>2024-08-31T14:24:19Z</time></trkpt><trkpt lat="43.24362564" lon="-4.88226700"><ele>437.42</ele><time>2024-08-31T14:24:20Z</time></trkpt><trkpt lat="43.24361420" lon="-4.88227844"><ele>437.43</ele><time>2024-08-31T14:24:21Z</time></trkpt><trkpt lat="43.24360657" lon="-4.88229084"><ele>437.44</ele><time>2024-08-31T14:24:22Z</time></trkpt><trkpt lat="43.24359512" lon="-4.88230371"><ele>437.45</ele><time>2024-08-31T14:24:23Z</time></trkpt><trkpt lat="43.24358749" lon="-4.88231707"><ele>437.46</ele><time>2024-08-31T14:24:24Z</time></trkpt><trkpt lat="43.24357986" lon="-4.88233137"><ele>437.47</ele><time>2024-08-31T14:24:25Z</time></trkpt><trkpt lat="43.24357224" lon="-4.88234568"><ele>437.48</ele><time>2024-08-31T14:24:26Z</time></trkpt><trkpt lat="43.24356461" lon="-4.88235998"><ele>437.49</ele><time>2024-08-31T14:24:27Z</time></trkpt><trkpt lat="43.24355698" lon="-4.88237476"><ele>437.50</ele><time>2024-08-31T14:24:28Z</time></trkpt><trkpt lat="43.24354935" lon="-4.88238907"><ele>437.51</ele><time>2024-08-31T14:24:29Z</time></trkpt><trkpt lat="43.24354172" lon="-4.88240337"><ele>437.52</ele><time>2024-08-31T14:24:30Z</time></trkpt><trkpt lat="43.24353027" lon="-4.88241720"><ele>437.53</ele><time>2024-08-31T14:24:31Z</time></trkpt><trkpt lat="43.24352264" lon="-4.88243055"><ele>437.54</ele><time>2024-08-31T14:24:32Z</time></trkpt><trkpt lat="43.24351501" lon="-4.88244343"><ele>437.55</ele><time>2024-08-31T14:24:33Z</time></trkpt><trkpt lat="43.24350357" lon="-4.88245630"><ele>437.57</ele><time>2024-08-31T14:24:34Z</time></trkpt><trkpt lat="43.24349594" lon="-4.88246870"><ele>437.58</ele><time>2024-08-31T14:24:35Z</time></trkpt><trkpt lat="43.24348450" lon="-4.88248062"><ele>437.59</ele><time>2024-08-31T14:24:36Z</time></trkpt><trkpt lat="43.24347305" lon="-4.88249207"><ele>437.60</ele><time>2024-08-31T14:24:37Z</time></trkpt><trkpt lat="43.24346161" lon="-4.88250303"><ele>437.61</ele><time>2024-08-31T14:24:38Z</time></trkpt><trkpt lat="43.24345016" lon="-4.88251400"><ele>437.62</ele><time>2024-08-31T14:24:39Z</time></trkpt><trkpt lat="43.24343872" lon="-4.88252449"><ele>437.64</ele><time>2024-08-31T14:24:40Z</time></trkpt><trkpt lat="43.24342728" lon="-4.88253450"><ele>437.65</ele><time>2024-08-31T14:24:41Z</time></trkpt><trkpt lat="43.24341583" lon="-4.88254452"><ele>437.67</ele><time>2024-08-31T14:24:42Z</time></trkpt><trkpt lat="43.24340439" lon="-4.88255453"><ele>437.68</ele><time>2024-08-31T14:24:43Z</time></trkpt><trkpt lat="43.24339294" lon="-4.88256407"><ele>437.69</ele><time>2024-08-31T14:24:44Z</time></trkpt><trkpt lat="43.24338150" lon="-4.88257360"><ele>437.71</ele><time>2024-08-31T14:24:45Z</time></trkpt><trkpt lat="43.24337006" lon="-4.88258314"><ele>437.72</ele><time>2024-08-31T14:24:46Z</time></trkpt><trkpt lat="43.24335480" lon="-4.88259268"><ele>437.73</ele><time>2024-08-31T14:24:47Z</time></trkpt><trkpt lat="43.24334335" lon="-4.88260174"><ele>437.74</ele><time>2024-08-31T14:24:48Z</time></trkpt><trkpt lat="43.24333191" lon="-4.88261080"><ele>437.76</ele><time>2024-08-31T14:24:49Z</time></trkpt><trkpt lat="43.24332047" lon="-4.88261986"><ele>437.77</ele><time>2024-08-31T14:24:50Z</time></trkpt><trkpt lat="43.24330521" lon="-4.88262892"><ele>437.78</ele><time>2024-08-31T14:24:51Z</time></trkpt><trkpt lat="43.24329376" lon="-4.88263750"><ele>437.79</ele><time>2024-08-31T14:24:52Z</time></trkpt><trkpt lat="43.24328232" lon="-4.88264656"><ele>437.80</ele><time>2024-08-31T14:24:53Z</time></trkpt><trkpt lat="43.24326706" lon="-4.88265514"><ele>437.82</ele><time>2024-08-31T14:24:54Z</time></trkpt><trkpt lat="43.24325562" lon="-4.88266420"><ele>437.83</ele><time>2024-08-31T14:24:55Z</time></trkpt><trkpt lat="43.24324417" lon="-4.88267326"><ele>437.84</ele><time>2024-08-31T14:24:56Z</time></trkpt><trkpt lat="43.24323273" lon="-4.88268232"><ele>437.86</ele><time>2024-08-31T14:24:57Z</time></trkpt><trkpt lat="43.24321747" lon="-4.88269138"><ele>437.87</ele><time>2024-08-31T14:24:58Z</time></trkpt><trkpt lat="43.24320602" lon="-4.88270044"><ele>437.89</ele><time>2024-08-31T14:24:59Z</time></trkpt><trkpt lat="43.24319458" lon="-4.88270998"><ele>437.90</ele><time>2024-08-31T14:25:00Z</time></trkpt><trkpt lat="43.24318314" lon="-4.88271904"><ele>437.92</ele><time>2024-08-31T14:25:01Z</time></trkpt><trkpt lat="43.24317169" lon="-4.88272858"><ele>437.94</ele><time>2024-08-31T14:25:02Z</time></trkpt><trkpt lat="43.24316025" lon="-4.88273764"><ele>437.95</ele><time>2024-08-31T14:25:03Z</time></trkpt><trkpt lat="43.24314499" lon="-4.88274717"><ele>437.97</ele><time>2024-08-31T14:25:04Z</time></trkpt><trkpt lat="43.24313354" lon="-4.88275671"><ele>437.99</ele><time>2024-08-31T14:25:05Z</time></trkpt><trkpt lat="43.24312210" lon="-4.88276625"><ele>438.01</ele><time>2024-08-31T14:25:06Z</time></trkpt><trkpt lat="43.24311066" lon="-4.88277531"><ele>438.03</ele><time>2024-08-31T14:25:07Z</time></trkpt><trkpt lat="43.24309921" lon="-4.88278484"><ele>438.05</ele><time>2024-08-31T14:25:08Z</time></trkpt><trkpt lat="43.24308777" lon="-4.88279438"><ele>438.07</ele><time>2024-08-31T14:25:09Z</time></trkpt><trkpt lat="43.24307632" lon="-4.88280392"><ele>438.09</ele><time>2024-08-31T14:25:10Z</time></trkpt><trkpt lat="43.24306107" lon="-4.88281345"><ele>438.11</ele><time>2024-08-31T14:25:11Z</time></trkpt><trkpt lat="43.24304962" lon="-4.88282251"><ele>438.13</ele><time>2024-08-31T14:25:12Z</time></trkpt><trkpt lat="43.24303818" lon="-4.88283157"><ele>438.14</ele><time>2024-08-31T14:25:13Z</time></trkpt><trkpt lat="43.24302673" lon="-4.88284016"><ele>438.16</ele><time>2024-08-31T14:25:14Z</time></trkpt><trkpt lat="43.24301529" lon="-4.88284922"><ele>438.17</ele><time>2024-08-31T14:25:15Z</time></trkpt><trkpt lat="43.24300385" lon="-4.88285732"><ele>438.19</ele><time>2024-08-31T14:25:16Z</time></trkpt><trkpt lat="43.24298859" lon="-4.88286591"><ele>438.20</ele><time>2024-08-31T14:25:17Z</time></trkpt><trkpt lat="43.24297714" lon="-4.88287401"><ele>438.21</ele><time>2024-08-31T14:25:18Z</time></trkpt><trkpt lat="43.24296570" lon="-4.88288260"><ele>438.22</ele><time>2024-08-31T14:25:19Z</time></trkpt><trkpt lat="43.24295425" lon="-4.88289070"><ele>438.23</ele><time>2024-08-31T14:25:20Z</time></trkpt><trkpt lat="43.24294281" lon="-4.88289881"><ele>438.24</ele><time>2024-08-31T14:25:21Z</time></trkpt><trkpt lat="43.24292755" lon="-4.88290691"><ele>438.25</ele><time>2024-08-31T14:25:22Z</time></trkpt><trkpt lat="43.24291611" lon="-4.88291502"><ele>438.26</ele><time>2024-08-31T14:25:23Z</time></trkpt><trkpt lat="43.24290466" lon="-4.88292313"><ele>438.27</ele><time>2024-08-31T14:25:24Z</time></trkpt><trkpt lat="43.24289322" lon="-4.88292885"><ele>438.28</ele><time>2024-08-31T14:25:25Z</time></trkpt><trkpt lat="43.24287796" lon="-4.88293314"><ele>438.28</ele><time>2024-08-31T14:25:26Z</time></trkpt><trkpt lat="43.24286652" lon="-4.88293505"><ele>438.28</ele><time>2024-08-31T14:25:27Z</time></trkpt><trkpt lat="43.24285507" lon="-4.88293600"><ele>438.28</ele><time>2024-08-31T14:25:28Z</time></trkpt><trkpt lat="43.24283981" lon="-4.88293552"><ele>438.28</ele><time>2024-08-31T14:25:29Z</time></trkpt><trkpt lat="43.24282837" lon="-4.88293362"><ele>438.28</ele><time>2024-08-31T14:25:30Z</time></trkpt><trkpt lat="43.24281693" lon="-4.88293123"><ele>438.28</ele><time>2024-08-31T14:25:31Z</time></trkpt><trkpt lat="43.24280548" lon="-4.88292837"><ele>438.28</ele><time>2024-08-31T14:25:32Z</time></trkpt><trkpt lat="43.24279404" lon="-4.88292503"><ele>438.29</ele><time>2024-08-31T14:25:33Z</time></trkpt><trkpt lat="43.24278259" lon="-4.88292122"><ele>438.29</ele><time>2024-08-31T14:25:34Z</time></trkpt><trkpt lat="43.24277115" lon="-4.88291693"><ele>438.29</ele><time>2024-08-31T14:25:35Z</time></trkpt><trkpt lat="43.24276352" lon="-4.88291264"><ele>438.30</ele><time>2024-08-31T14:25:36Z</time></trkpt><trkpt lat="43.24275208" lon="-4.88290787"><ele>438.30</ele><time>2024-08-31T14:25:37Z</time></trkpt><trkpt lat="43.24274063" lon="-4.88290310"><ele>438.31</ele><time>2024-08-31T14:25:38Z</time></trkpt><trkpt lat="43.24272919" lon="-4.88289785"><ele>438.31</ele><time>2024-08-31T14:25:39Z</time></trkpt><trkpt lat="43.24272156" lon="-4.88289261"><ele>438.32</ele><time>2024-08-31T14:25:40Z</time></trkpt><trkpt lat="43.24271393" lon="-4.88289022"><ele>438.32</ele><time>2024-08-31T14:25:41Z</time></trkpt><trkpt lat="43.24270630" lon="-4.88289022"><ele>438.33</ele><time>2024-08-31T14:25:42Z</time></trkpt><trkpt lat="43.24270248" lon="-4.88289213"><ele>438.33</ele><time>2024-08-31T14:25:43Z</time></trkpt><trkpt lat="43.24269485" lon="-4.88289499"><ele>438.33</ele><time>2024-08-31T14:25:44Z</time></trkpt><trkpt lat="43.24269104" lon="-4.88289833"><ele>438.33</ele><time>2024-08-31T14:25:45Z</time></trkpt><trkpt lat="43.24269104" lon="-4.88290215"><ele>438.33</ele><time>2024-08-31T14:25:46Z</time></trkpt><trkpt lat="43.24268723" lon="-4.88290548"><ele>438.33</ele><time>2024-08-31T14:25:47Z</time></trkpt><trkpt lat="43.24268341" lon="-4.88290930"><ele>438.33</ele><time>2024-08-31T14:25:48Z</time></trkpt><trkpt lat="43.24267960" lon="-4.88291311"><ele>438.34</ele><time>2024-08-31T14:25:49Z</time></trkpt><trkpt lat="43.24267960" lon="-4.88291693"><ele>438.34</ele><time>2024-08-31T14:25:50Z</time></trkpt><trkpt lat="43.24267578" lon="-4.88292074"><ele>438.34</ele><time>2024-08-31T14:25:51Z</time></trkpt><trkpt lat="43.24267578" lon="-4.88292503"><ele>438.34</ele><time>2024-08-31T14:25:52Z</time></trkpt><trkpt lat="43.24267578" lon="-4.88292933"><ele>438.35</ele><time>2024-08-31T14:25:53Z</time></trkpt><trkpt lat="43.24267578" lon="-4.88293362"><ele>438.35</ele><time>2024-08-31T14:25:54Z</time></trkpt><trkpt lat="43.24267197" lon="-4.88293791"><ele>438.36</ele><time>2024-08-31T14:25:55Z</time></trkpt><trkpt lat="43.24267197" lon="-4.88294220"><ele>438.36</ele><time>2024-08-31T14:25:56Z</time></trkpt><trkpt lat="43.24267197" lon="-4.88294697"><ele>438.37</ele><time>2024-08-31T14:25:57Z</time></trkpt><trkpt lat="43.24267197" lon="-4.88295174"><ele>438.37</ele><time>2024-08-31T14:25:58Z</time></trkpt><trkpt lat="43.24267197" lon="-4.88295650"><ele>438.38</ele><time>2024-08-31T14:25:59Z</time></trkpt><trkpt lat="43.24267197" lon="-4.88296175"><ele>438.39</ele><time>2024-08-31T14:26:00Z</time></trkpt><trkpt lat="43.24267197" lon="-4.88296747"><ele>438.39</ele><time>2024-08-31T14:26:01Z</time></trkpt><trkpt lat="43.24267197" lon="-4.88297272"><ele>438.40</ele><time>2024-08-31T14:26:02Z</time></trkpt><trkpt lat="43.24267197" lon="-4.88297844"><ele>438.40</ele><time>2024-08-31T14:26:03Z</time></trkpt><trkpt lat="43.24267578" lon="-4.88298416"><ele>438.41</ele><time>2024-08-31T14:26:04Z</time></trkpt><trkpt lat="43.24267578" lon="-4.88299036"><ele>438.41</ele><time>2024-08-31T14:26:05Z</time></trkpt><trkpt lat="43.24267578" lon="-4.88299608"><ele>438.42</ele><time>2024-08-31T14:26:06Z</time></trkpt><trkpt lat="43.24267960" lon="-4.88300276"><ele>438.42</ele><time>2024-08-31T14:26:07Z</time></trkpt><trkpt lat="43.24267960" lon="-4.88300896"><ele>438.43</ele><time>2024-08-31T14:26:08Z</time></trkpt><trkpt lat="43.24267960" lon="-4.88301563"><ele>438.44</ele><time>2024-08-31T14:26:09Z</time></trkpt><trkpt lat="43.24268341" lon="-4.88302231"><ele>438.44</ele><time>2024-08-31T14:26:10Z</time></trkpt><trkpt lat="43.24268341" lon="-4.88302898"><ele>438.45</ele><time>2024-08-31T14:26:11Z</time></trkpt><trkpt lat="43.24268723" lon="-4.88303566"><ele>438.45</ele><time>2024-08-31T14:26:12Z</time></trkpt><trkpt lat="43.24268723" lon="-4.88304281"><ele>438.46</ele><time>2024-08-31T14:26:13Z</time></trkpt><trkpt lat="43.24269104" lon="-4.88304949"><ele>438.46</ele><time>2024-08-31T14:26:14Z</time></trkpt><trkpt lat="43.24269104" lon="-4.88305664"><ele>438.47</ele><time>2024-08-31T14:26:15Z</time></trkpt><trkpt lat="43.24269485" lon="-4.88306427"><ele>438.48</ele><time>2024-08-31T14:26:16Z</time></trkpt><trkpt lat="43.24269867" lon="-4.88307142"><ele>438.48</ele><time>2024-08-31T14:26:17Z</time></trkpt><trkpt lat="43.24269867" lon="-4.88307858"><ele>438.49</ele><time>2024-08-31T14:26:18Z</time></trkpt><trkpt lat="43.24270248" lon="-4.88308620"><ele>438.50</ele><time>2024-08-31T14:26:19Z</time></trkpt><trkpt lat="43.24270630" lon="-4.88309383"><ele>438.50</ele><time>2024-08-31T14:26:20Z</time></trkpt><trkpt lat="43.24270630" lon="-4.88310146"><ele>438.51</ele><time>2024-08-31T14:26:21Z</time></trkpt><trkpt lat="43.24271011" lon="-4.88310957"><ele>438.52</ele><time>2024-08-31T14:26:22Z</time></trkpt><trkpt lat="43.24271393" lon="-4.88311720"><ele>438.53</ele><time>2024-08-31T14:26:23Z</time></trkpt><trkpt lat="43.24271774" lon="-4.88312531"><ele>438.53</ele><time>2024-08-31T14:26:24Z</time></trkpt><trkpt lat="43.24272156" lon="-4.88313293"><ele>438.54</ele><time>2024-08-31T14:26:25Z</time></trkpt><trkpt lat="43.24272156" lon="-4.88314104"><ele>438.55</ele><time>2024-08-31T14:26:26Z</time></trkpt><trkpt lat="43.24272537" lon="-4.88314915"><ele>438.56</ele><time>2024-08-31T14:26:27Z</time></trkpt><trkpt lat="43.24272919" lon="-4.88315773"><ele>438.56</ele><time>2024-08-31T14:26:28Z</time></trkpt><trkpt lat="43.24273300" lon="-4.88316584"><ele>438.57</ele><time>2024-08-31T14:26:29Z</time></trkpt><trkpt lat="43.24273682" lon="-4.88317394"><ele>438.58</ele><time>2024-08-31T14:26:30Z</time></trkpt><trkpt lat="43.24274063" lon="-4.88318253"><ele>438.59</ele><time>2024-08-31T14:26:31Z</time></trkpt><trkpt lat="43.24274445" lon="-4.88319111"><ele>438.59</ele><time>2024-08-31T14:26:32Z</time></trkpt><trkpt lat="43.24274826" lon="-4.88319969"><ele>438.60</ele><time>2024-08-31T14:26:33Z</time></trkpt><trkpt lat="43.24275208" lon="-4.88320827"><ele>438.61</ele><time>2024-08-31T14:26:34Z</time></trkpt><trkpt lat="43.24275589" lon="-4.88321686"><ele>438.62</ele><time>2024-08-31T14:26:35Z</time></trkpt><trkpt lat="43.24275970" lon="-4.88322544"><ele>438.63</ele><time>2024-08-31T14:26:36Z</time></trkpt><trkpt lat="43.24276352" lon="-4.88323402"><ele>438.64</ele><time>2024-08-31T14:26:37Z</time></trkpt><trkpt lat="43.24276733" lon="-4.88324165"><ele>438.65</ele><time>2024-08-31T14:26:38Z</time></trkpt><trkpt lat="43.24277115" lon="-4.88324785"><ele>438.65</ele><time>2024-08-31T14:26:39Z</time></trkpt><trkpt lat="43.24277115" lon="-4.88325310"><ele>438.66</ele><time>2024-08-31T14:26:40Z</time></trkpt><trkpt lat="43.24277115" lon="-4.88325787"><ele>438.67</ele><time>2024-08-31T14:26:41Z</time></trkpt><trkpt lat="43.24277496" lon="-4.88326168"><ele>438.68</ele><time>2024-08-31T14:26:42Z</time></trkpt><trkpt lat="43.24277496" lon="-4.88326502"><ele>438.68</ele><time>2024-08-31T14:26:43Z</time></trkpt><trkpt lat="43.24277496" lon="-4.88326740"><ele>438.69</ele><time>2024-08-31T14:26:44Z</time></trkpt><trkpt lat="43.24277496" lon="-4.88326931"><ele>438.70</ele><time>2024-08-31T14:26:45Z</time></trkpt><trkpt lat="43.24277496" lon="-4.88327122"><ele>438.70</ele><time>2024-08-31T14:26:46Z</time></trkpt><trkpt lat="43.24277496" lon="-4.88327265"><ele>438.71</ele><time>2024-08-31T14:26:47Z</time></trkpt><trkpt lat="43.24277496" lon="-4.88327408"><ele>438.71</ele><time>2024-08-31T14:26:48Z</time></trkpt><trkpt lat="43.24277496" lon="-4.88327503"><ele>438.71</ele><time>2024-08-31T14:26:49Z</time></trkpt><trkpt lat="43.24277496" lon="-4.88327599"><ele>438.72</ele><time>2024-08-31T14:26:50Z</time></trkpt><trkpt lat="43.24277496" lon="-4.88327694"><ele>438.72</ele><time>2024-08-31T14:26:51Z</time></trkpt><trkpt lat="43.24277496" lon="-4.88327742"><ele>438.72</ele><time>2024-08-31T14:26:52Z</time></trkpt><trkpt lat="43.24277496" lon="-4.88327837"><ele>438.73</ele><time>2024-08-31T14:26:53Z</time></trkpt><trkpt lat="43.24277496" lon="-4.88327885"><ele>438.73</ele><time>2024-08-31T14:26:54Z</time></trkpt><trkpt lat="43.24277496" lon="-4.88327932"><ele>438.73</ele><time>2024-08-31T14:26:55Z</time></trkpt><trkpt lat="43.24277496" lon="-4.88327980"><ele>438.73</ele><time>2024-08-31T14:26:56Z</time></trkpt><trkpt lat="43.24277496" lon="-4.88327980"><ele>438.74</ele><time>2024-08-31T14:26:57Z</time></trkpt><trkpt lat="43.24277496" lon="-4.88328028"><ele>438.74</ele><time>2024-08-31T14:26:58Z</time></trkpt><trkpt lat="43.24277496" lon="-4.88328075"><ele>438.74</ele><time>2024-08-31T14:26:59Z</time></trkpt><trkpt lat="43.24277496" lon="-4.88328075"><ele>438.74</ele><time>2024-08-31T14:27:00Z</time></trkpt><trkpt lat="43.24277496" lon="-4.88328075"><ele>438.74</ele><time>2024-08-31T14:27:01Z</time></trkpt><trkpt lat="43.24277115" lon="-4.88328123"><ele>438.74</ele><time>2024-08-31T14:27:02Z</time></trkpt><trkpt lat="43.24277115" lon="-4.88328123"><ele>438.74</ele><time>2024-08-31T14:27:03Z</time></trkpt><trkpt lat="43.24277115" lon="-4.88328123"><ele>438.75</ele><time>2024-08-31T14:27:04Z</time></trkpt><trkpt lat="43.24277115" lon="-4.88328123"><ele>438.75</ele><time>2024-08-31T14:27:05Z</time></trkpt><trkpt lat="43.24277115" lon="-4.88328123"><ele>438.75</ele><time>2024-08-31T14:27:06Z</time></trkpt><trkpt lat="43.24277115" lon="-4.88328123"><ele>438.75</ele><time>2024-08-31T14:27:07Z</time></trkpt><trkpt lat="43.24277115" lon="-4.88328123"><ele>438.75</ele><time>2024-08-31T14:27:08Z</time></trkpt><trkpt lat="43.24277115" lon="-4.88328123"><ele>438.75</ele><time>2024-08-31T14:27:09Z</time></trkpt><trkpt lat="43.24277115" lon="-4.88328123"><ele>438.75</ele><time>2024-08-31T14:27:10Z</time></trkpt><trkpt lat="43.24277115" lon="-4.88328123"><ele>438.75</ele><time>2024-08-31T14:27:11Z</time></trkpt><trkpt lat="43.24277115" lon="-4.88328075"><ele>438.75</ele><time>2024-08-31T14:27:12Z</time></trkpt><trkpt lat="43.24277115" lon="-4.88328075"><ele>438.75</ele><time>2024-08-31T14:27:13Z</time></trkpt><trkpt lat="43.24277115" lon="-4.88328075"><ele>438.75</ele><time>2024-08-31T14:27:14Z</time></trkpt><trkpt lat="43.24277115" lon="-4.88328075"><ele>438.75</ele><time>2024-08-31T14:27:15Z</time></trkpt><trkpt lat="43.24277115" lon="-4.88328028"><ele>438.75</ele><time>2024-08-31T14:27:16Z</time></trkpt><trkpt lat="43.24277115" lon="-4.88328028"><ele>438.75</ele><time>2024-08-31T14:27:17Z</time></trkpt><trkpt lat="43.24277115" lon="-4.88328028"><ele>438.75</ele><time>2024-08-31T14:27:18Z</time></trkpt><trkpt lat="43.24277115" lon="-4.88328028"><ele>438.76</ele><time>2024-08-31T14:27:19Z</time></trkpt><trkpt lat="43.24276733" lon="-4.88327980"><ele>438.76</ele><time>2024-08-31T14:27:20Z</time></trkpt><trkpt lat="43.24276733" lon="-4.88327980"><ele>438.76</ele><time>2024-08-31T14:27:21Z</time></trkpt><trkpt lat="43.24276733" lon="-4.88327980"><ele>438.76</ele><time>2024-08-31T14:27:22Z</time></trkpt><trkpt lat="43.24276733" lon="-4.88327932"><ele>438.76</ele><time>2024-08-31T14:27:23Z</time></trkpt><trkpt lat="43.24276733" lon="-4.88327932"><ele>438.76</ele><time>2024-08-31T14:27:24Z</time></trkpt><trkpt lat="43.24276733" lon="-4.88327885"><ele>438.76</ele><time>2024-08-31T14:27:25Z</time></trkpt><trkpt lat="43.24276733" lon="-4.88327885"><ele>438.76</ele><time>2024-08-31T14:27:26Z</time></trkpt><trkpt lat="43.24276733" lon="-4.88327885"><ele>438.76</ele><time>2024-08-31T14:27:27Z</time></trkpt><trkpt lat="43.24276733" lon="-4.88327837"><ele>438.76</ele><time>2024-08-31T14:27:28Z</time></trkpt><trkpt lat="43.24276733" lon="-4.88327837"><ele>438.76</ele><time>2024-08-31T14:27:29Z</time></trkpt><trkpt lat="43.24276733" lon="-4.88327789"><ele>438.76</ele><time>2024-08-31T14:27:30Z</time></trkpt><trkpt lat="43.24276733" lon="-4.88327789"><ele>438.76</ele><time>2024-08-31T14:27:31Z</time></trkpt><trkpt lat="43.24276733" lon="-4.88327789"><ele>438.76</ele><time>2024-08-31T14:27:32Z</time></trkpt><trkpt lat="43.24276733" lon="-4.88327742"><ele>438.76</ele><time>2024-08-31T14:27:33Z</time></trkpt><trkpt lat="43.24276352" lon="-4.88327742"><ele>438.76</ele><time>2024-08-31T14:27:34Z</time></trkpt><trkpt lat="43.24276352" lon="-4.88327694"><ele>438.76</ele><time>2024-08-31T14:27:35Z</time></trkpt><trkpt lat="43.24276352" lon="-4.88327694"><ele>438.76</ele><time>2024-08-31T14:27:36Z</time></trkpt><trkpt lat="43.24276352" lon="-4.88327646"><ele>438.77</ele><time>2024-08-31T14:27:37Z</time></trkpt><trkpt lat="43.24276352" lon="-4.88327646"><ele>438.77</ele><time>2024-08-31T14:27:38Z</time></trkpt><trkpt lat="43.24276352" lon="-4.88327599"><ele>438.77</ele><time>2024-08-31T14:27:39Z</time></trkpt><trkpt lat="43.24276352" lon="-4.88327599"><ele>438.77</ele><time>2024-08-31T14:27:40Z</time></trkpt><trkpt lat="43.24276352" lon="-4.88327599"><ele>438.77</ele><time>2024-08-31T14:27:41Z</time></trkpt><trkpt lat="43.24276352" lon="-4.88327551"><ele>438.77</ele><time>2024-08-31T14:27:42Z</time></trkpt><trkpt lat="43.24276352" lon="-4.88327551"><ele>438.77</ele><time>2024-08-31T14:27:43Z</time></trkpt><trkpt lat="43.24276352" lon="-4.88327503"><ele>438.77</ele><time>2024-08-31T14:27:44Z</time></trkpt><trkpt lat="43.24275970" lon="-4.88327503"><ele>438.77</ele><time>2024-08-31T14:27:45Z</time></trkpt><trkpt lat="43.24275970" lon="-4.88327456"><ele>438.77</ele><time>2024-08-31T14:27:46Z</time></trkpt><trkpt lat="43.24275970" lon="-4.88327456"><ele>438.77</ele><time>2024-08-31T14:27:47Z</time></trkpt><trkpt lat="43.24275970" lon="-4.88327408"><ele>438.77</ele><time>2024-08-31T14:27:48Z</time></trkpt><trkpt lat="43.24275970" lon="-4.88327408"><ele>438.77</ele><time>2024-08-31T14:27:49Z</time></trkpt><trkpt lat="43.24275970" lon="-4.88327360"><ele>438.77</ele><time>2024-08-31T14:27:50Z</time></trkpt><trkpt lat="43.24275970" lon="-4.88327360"><ele>438.77</ele><time>2024-08-31T14:27:51Z</time></trkpt><trkpt lat="43.24275970" lon="-4.88327312"><ele>438.77</ele><time>2024-08-31T14:27:52Z</time></trkpt><trkpt lat="43.24275970" lon="-4.88327312"><ele>438.77</ele><time>2024-08-31T14:27:53Z</time></trkpt><trkpt lat="43.24275970" lon="-4.88327265"><ele>438.78</ele><time>2024-08-31T14:27:54Z</time></trkpt><trkpt lat="43.24275589" lon="-4.88327265"><ele>438.78</ele><time>2024-08-31T14:27:55Z</time></trkpt><trkpt lat="43.24275589" lon="-4.88327217"><ele>438.78</ele><time>2024-08-31T14:27:56Z</time></trkpt><trkpt lat="43.24275589" lon="-4.88327217"><ele>438.78</ele><time>2024-08-31T14:27:57Z</time></trkpt><trkpt lat="43.24275589" lon="-4.88327169"><ele>438.78</ele><time>2024-08-31T14:27:58Z</time></trkpt><trkpt lat="43.24275589" lon="-4.88327169"><ele>438.78</ele><time>2024-08-31T14:27:59Z</time></trkpt><trkpt lat="43.24275589" lon="-4.88327122"><ele>438.78</ele><time>2024-08-31T14:28:00Z</time></trkpt><trkpt lat="43.24275589" lon="-4.88327122"><ele>438.78</ele><time>2024-08-31T14:28:01Z</time></trkpt><trkpt lat="43.24275589" lon="-4.88327074"><ele>438.78</ele><time>2024-08-31T14:28:02Z</time></trkpt><trkpt lat="43.24275589" lon="-4.88327074"><ele>438.78</ele><time>2024-08-31T14:28:03Z</time></trkpt><trkpt lat="43.24275208" lon="-4.88327026"><ele>438.78</ele><time>2024-08-31T14:28:04Z</time></trkpt><trkpt lat="43.24275208" lon="-4.88327026"><ele>438.78</ele><time>2024-08-31T14:28:05Z</time></trkpt><trkpt lat="43.24275208" lon="-4.88326979"><ele>438.78</ele><time>2024-08-31T14:28:06Z</time></trkpt><trkpt lat="43.24275208" lon="-4.88326979"><ele>438.78</ele><time>2024-08-31T14:28:07Z</time></trkpt><trkpt lat="43.24275208" lon="-4.88326931"><ele>438.78</ele><time>2024-08-31T14:28:08Z</time></trkpt><trkpt lat="43.24275208" lon="-4.88326931"><ele>438.78</ele><time>2024-08-31T14:28:09Z</time></trkpt><trkpt lat="43.24275208" lon="-4.88326883"><ele>438.79</ele><time>2024-08-31T14:28:10Z</time></trkpt><trkpt lat="43.24275208" lon="-4.88326883"><ele>438.79</ele><time>2024-08-31T14:28:11Z</time></trkpt><trkpt lat="43.24275208" lon="-4.88326836"><ele>438.79</ele><time>2024-08-31T14:28:12Z</time></trkpt><trkpt lat="43.24275208" lon="-4.88326788"><ele>438.79</ele><time>2024-08-31T14:28:13Z</time></trkpt><trkpt lat="43.24275208" lon="-4.88326788"><ele>438.79</ele><time>2024-08-31T14:28:14Z</time></trkpt><trkpt lat="43.24275208" lon="-4.88326740"><ele>438.79</ele><time>2024-08-31T14:28:15Z</time></trkpt><trkpt lat="43.24275208" lon="-4.88326740"><ele>438.79</ele><time>2024-08-31T14:28:16Z</time></trkpt><trkpt lat="43.24275208" lon="-4.88326693"><ele>438.79</ele><time>2024-08-31T14:28:17Z</time></trkpt><trkpt lat="43.24275208" lon="-4.88326693"><ele>438.79</ele><time>2024-08-31T14:28:18Z</time></trkpt><trkpt lat="43.24274826" lon="-4.88326645"><ele>438.79</ele><time>2024-08-31T14:28:19Z</time></trkpt><trkpt lat="43.24274826" lon="-4.88326597"><ele>438.79</ele><time>2024-08-31T14:28:20Z</time></trkpt><trkpt lat="43.24274826" lon="-4.88326597"><ele>438.79</ele><time>2024-08-31T14:28:21Z</time></trkpt><trkpt lat="43.24274826" lon="-4.88326550"><ele>438.79</ele><time>2024-08-31T14:28:22Z</time></trkpt><trkpt lat="43.24274826" lon="-4.88326550"><ele>438.79</ele><time>2024-08-31T14:28:23Z</time></trkpt><trkpt lat="43.24274826" lon="-4.88326502"><ele>438.79</ele><time>2024-08-31T14:28:24Z</time></trkpt><trkpt lat="43.24274826" lon="-4.88326502"><ele>438.79</ele><time>2024-08-31T14:28:25Z</time></trkpt><trkpt lat="43.24274826" lon="-4.88326454"><ele>438.79</ele><time>2024-08-31T14:28:26Z</time></trkpt><trkpt lat="43.24274826" lon="-4.88326454"><ele>438.79</ele><time>2024-08-31T14:28:27Z</time></trkpt><trkpt lat="43.24274826" lon="-4.88326406"><ele>438.79</ele><time>2024-08-31T14:28:28Z</time></trkpt><trkpt lat="43.24274826" lon="-4.88326359"><ele>438.79</ele><time>2024-08-31T14:28:29Z</time></trkpt><trkpt lat="43.24274826" lon="-4.88326359"><ele>438.79</ele><time>2024-08-31T14:28:30Z</time></trkpt><trkpt lat="43.24274826" lon="-4.88326311"><ele>438.79</ele><time>2024-08-31T14:28:31Z</time></trkpt><trkpt lat="43.24274826" lon="-4.88326311"><ele>438.79</ele><time>2024-08-31T14:28:32Z</time></trkpt><trkpt lat="43.24274826" lon="-4.88326263"><ele>438.79</ele><time>2024-08-31T14:28:33Z</time></trkpt><trkpt lat="43.24274826" lon="-4.88326263"><ele>438.79</ele><time>2024-08-31T14:28:34Z</time></trkpt><trkpt lat="43.24274826" lon="-4.88326216"><ele>438.79</ele><time>2024-08-31T14:28:35Z</time></trkpt><trkpt lat="43.24274826" lon="-4.88326216"><ele>438.79</ele><time>2024-08-31T14:28:36Z</time></trkpt><trkpt lat="43.24274826" lon="-4.88326216"><ele>438.79</ele><time>2024-08-31T14:28:37Z</time></trkpt><trkpt lat="43.24274826" lon="-4.88326168"><ele>438.79</ele><time>2024-08-31T14:28:38Z</time></trkpt><trkpt lat="43.24274826" lon="-4.88326168"><ele>438.79</ele><time>2024-08-31T14:28:39Z</time></trkpt><trkpt lat="43.24274826" lon="-4.88326120"><ele>438.79</ele><time>2024-08-31T14:28:40Z</time></trkpt><trkpt lat="43.24274826" lon="-4.88326120"><ele>438.79</ele><time>2024-08-31T14:28:41Z</time></trkpt><trkpt lat="43.24274826" lon="-4.88326073"><ele>438.79</ele><time>2024-08-31T14:28:42Z</time></trkpt><trkpt lat="43.24274826" lon="-4.88326073"><ele>438.79</ele><time>2024-08-31T14:28:43Z</time></trkpt><trkpt lat="43.24274826" lon="-4.88326025"><ele>438.79</ele><time>2024-08-31T14:28:44Z</time></trkpt><trkpt lat="43.24274826" lon="-4.88326025"><ele>438.79</ele><time>2024-08-31T14:28:45Z</time></trkpt><trkpt lat="43.24274826" lon="-4.88326025"><ele>438.79</ele><time>2024-08-31T14:28:46Z</time></trkpt><trkpt lat="43.24274826" lon="-4.88325977"><ele>438.79</ele><time>2024-08-31T14:28:47Z</time></trkpt><trkpt lat="43.24274826" lon="-4.88325977"><ele>438.79</ele><time>2024-08-31T14:28:48Z</time></trkpt><trkpt lat="43.24274826" lon="-4.88325930"><ele>438.79</ele><time>2024-08-31T14:28:49Z</time></trkpt><trkpt lat="43.24274826" lon="-4.88325930"><ele>438.79</ele><time>2024-08-31T14:28:50Z</time></trkpt><trkpt lat="43.24274826" lon="-4.88325882"><ele>438.79</ele><time>2024-08-31T14:28:51Z</time></trkpt><trkpt lat="43.24274826" lon="-4.88325882"><ele>438.79</ele><time>2024-08-31T14:28:52Z</time></trkpt><trkpt lat="43.24274826" lon="-4.88325882"><ele>438.79</ele><time>2024-08-31T14:28:53Z</time></trkpt><trkpt lat="43.24274826" lon="-4.88325834"><ele>438.79</ele><time>2024-08-31T14:28:54Z</time></trkpt><trkpt lat="43.24274826" lon="-4.88325834"><ele>438.79</ele><time>2024-08-31T14:28:55Z</time></trkpt><trkpt lat="43.24274826" lon="-4.88325787"><ele>438.79</ele><time>2024-08-31T14:28:56Z</time></trkpt><trkpt lat="43.24274826" lon="-4.88325787"><ele>438.79</ele><time>2024-08-31T14:28:57Z</time></trkpt><trkpt lat="43.24274826" lon="-4.88325739"><ele>438.79</ele><time>2024-08-31T14:28:58Z</time></trkpt><trkpt lat="43.24274826" lon="-4.88325739"><ele>438.79</ele><time>2024-08-31T14:28:59Z</time></trkpt><trkpt lat="43.24274826" lon="-4.88325691"><ele>438.79</ele><time>2024-08-31T14:29:00Z</time></trkpt><trkpt lat="43.24274826" lon="-4.88325691"><ele>438.79</ele><time>2024-08-31T14:29:01Z</time></trkpt><trkpt lat="43.24274826" lon="-4.88325644"><ele>438.79</ele><time>2024-08-31T14:29:02Z</time></trkpt><trkpt lat="43.24274826" lon="-4.88325644"><ele>438.79</ele><time>2024-08-31T14:29:03Z</time></trkpt><trkpt lat="43.24274826" lon="-4.88325596"><ele>438.79</ele><time>2024-08-31T14:29:04Z</time></trkpt><trkpt lat="43.24274826" lon="-4.88325596"><ele>438.79</ele><time>2024-08-31T14:29:05Z</time></trkpt><trkpt lat="43.24274826" lon="-4.88325548"><ele>438.79</ele><time>2024-08-31T14:29:06Z</time></trkpt><trkpt lat="43.24274826" lon="-4.88325500"><ele>438.79</ele><time>2024-08-31T14:29:07Z</time></trkpt><trkpt lat="43.24274826" lon="-4.88325500"><ele>438.79</ele><time>2024-08-31T14:29:08Z</time></trkpt><trkpt lat="43.24274826" lon="-4.88325453"><ele>438.79</ele><time>2024-08-31T14:29:09Z</time></trkpt><trkpt lat="43.24275208" lon="-4.88325453"><ele>438.79</ele><time>2024-08-31T14:29:10Z</time></trkpt><trkpt lat="43.24275208" lon="-4.88325405"><ele>438.79</ele><time>2024-08-31T14:29:11Z</time></trkpt><trkpt lat="43.24275208" lon="-4.88325357"><ele>438.79</ele><time>2024-08-31T14:29:12Z</time></trkpt><trkpt lat="43.24275208" lon="-4.88325357"><ele>438.79</ele><time>2024-08-31T14:29:13Z</time></trkpt><trkpt lat="43.24275208" lon="-4.88325310"><ele>438.79</ele><time>2024-08-31T14:29:14Z</time></trkpt><trkpt lat="43.24275208" lon="-4.88325262"><ele>438.79</ele><time>2024-08-31T14:29:15Z</time></trkpt><trkpt lat="43.24275208" lon="-4.88325262"><ele>438.79</ele><time>2024-08-31T14:29:16Z</time></trkpt><trkpt lat="43.24275208" lon="-4.88325214"><ele>438.79</ele><time>2024-08-31T14:29:17Z</time></trkpt><trkpt lat="43.24275208" lon="-4.88325167"><ele>438.79</ele><time>2024-08-31T14:29:18Z</time></trkpt><trkpt lat="43.24275208" lon="-4.88325119"><ele>438.79</ele><time>2024-08-31T14:29:19Z</time></trkpt><trkpt lat="43.24275208" lon="-4.88325119"><ele>438.79</ele><time>2024-08-31T14:29:20Z</time></trkpt><trkpt lat="43.24275208" lon="-4.88325071"><ele>438.79</ele><time>2024-08-31T14:29:21Z</time></trkpt><trkpt lat="43.24275208" lon="-4.88325024"><ele>438.79</ele><time>2024-08-31T14:29:22Z</time></trkpt><trkpt lat="43.24275208" lon="-4.88324976"><ele>438.79</ele><time>2024-08-31T14:29:23Z</time></trkpt><trkpt lat="43.24275208" lon="-4.88324976"><ele>438.79</ele><time>2024-08-31T14:29:24Z</time></trkpt><trkpt lat="43.24275208" lon="-4.88324928"><ele>438.79</ele><time>2024-08-31T14:29:25Z</time></trkpt><trkpt lat="43.24275208" lon="-4.88324881"><ele>438.79</ele><time>2024-08-31T14:29:26Z</time></trkpt><trkpt lat="43.24275208" lon="-4.88324833"><ele>438.79</ele><time>2024-08-31T14:29:27Z</time></trkpt><trkpt lat="43.24275208" lon="-4.88324785"><ele>438.79</ele><time>2024-08-31T14:29:28Z</time></trkpt><trkpt lat="43.24275208" lon="-4.88324785"><ele>438.79</ele><time>2024-08-31T14:29:29Z</time></trkpt><trkpt lat="43.24275208" lon="-4.88324738"><ele>438.79</ele><time>2024-08-31T14:29:30Z</time></trkpt><trkpt lat="43.24275208" lon="-4.88324642"><ele>438.79</ele><time>2024-08-31T14:29:31Z</time></trkpt><trkpt lat="43.24275208" lon="-4.88324594"><ele>438.79</ele><time>2024-08-31T14:29:32Z</time></trkpt><trkpt lat="43.24275208" lon="-4.88324451"><ele>438.79</ele><time>2024-08-31T14:29:33Z</time></trkpt><trkpt lat="43.24275208" lon="-4.88324356"><ele>438.79</ele><time>2024-08-31T14:29:34Z</time></trkpt><trkpt lat="43.24275208" lon="-4.88324165"><ele>438.79</ele><time>2024-08-31T14:29:35Z</time></trkpt><trkpt lat="43.24275208" lon="-4.88324022"><ele>438.79</ele><time>2024-08-31T14:29:36Z</time></trkpt><trkpt lat="43.24275208" lon="-4.88323832"><ele>438.79</ele><time>2024-08-31T14:29:37Z</time></trkpt><trkpt lat="43.24275208" lon="-4.88323641"><ele>438.79</ele><time>2024-08-31T14:29:38Z</time></trkpt><trkpt lat="43.24275208" lon="-4.88323450"><ele>438.79</ele><time>2024-08-31T14:29:39Z</time></trkpt><trkpt lat="43.24275208" lon="-4.88323259"><ele>438.79</ele><time>2024-08-31T14:29:40Z</time></trkpt><trkpt lat="43.24275208" lon="-4.88323021"><ele>438.79</ele><time>2024-08-31T14:29:41Z</time></trkpt><trkpt lat="43.24275208" lon="-4.88322783"><ele>438.79</ele><time>2024-08-31T14:29:42Z</time></trkpt><trkpt lat="43.24275208" lon="-4.88322544"><ele>438.79</ele><time>2024-08-31T14:29:43Z</time></trkpt><trkpt lat="43.24275208" lon="-4.88322306"><ele>438.79</ele><time>2024-08-31T14:29:44Z</time></trkpt><trkpt lat="43.24275208" lon="-4.88322067"><ele>438.79</ele><time>2024-08-31T14:29:45Z</time></trkpt><trkpt lat="43.24275208" lon="-4.88321829"><ele>438.79</ele><time>2024-08-31T14:29:46Z</time></trkpt><trkpt lat="43.24275208" lon="-4.88321543"><ele>438.79</ele><time>2024-08-31T14:29:47Z</time></trkpt><trkpt lat="43.24275208" lon="-4.88321304"><ele>438.79</ele><time>2024-08-31T14:29:48Z</time></trkpt><trkpt lat="43.24275208" lon="-4.88321018"><ele>438.79</ele><time>2024-08-31T14:29:49Z</time></trkpt><trkpt lat="43.24275208" lon="-4.88320732"><ele>438.79</ele><time>2024-08-31T14:29:50Z</time></trkpt><trkpt lat="43.24275208" lon="-4.88320446"><ele>438.79</ele><time>2024-08-31T14:29:51Z</time></trkpt><trkpt lat="43.24275208" lon="-4.88320208"><ele>438.79</ele><time>2024-08-31T14:29:52Z</time></trkpt><trkpt lat="43.24275208" lon="-4.88319921"><ele>438.79</ele><time>2024-08-31T14:29:53Z</time></trkpt><trkpt lat="43.24275208" lon="-4.88319588"><ele>438.79</ele><time>2024-08-31T14:29:54Z</time></trkpt><trkpt lat="43.24275208" lon="-4.88319302"><ele>438.79</ele><time>2024-08-31T14:29:55Z</time></trkpt><trkpt lat="43.24275208" lon="-4.88319016"><ele>438.79</ele><time>2024-08-31T14:29:56Z</time></trkpt><trkpt lat="43.24275208" lon="-4.88318729"><ele>438.79</ele><time>2024-08-31T14:29:57Z</time></trkpt><trkpt lat="43.24275208" lon="-4.88318443"><ele>438.79</ele><time>2024-08-31T14:29:58Z</time></trkpt><trkpt lat="43.24275208" lon="-4.88318110"><ele>438.79</ele><time>2024-08-31T14:29:59Z</time></trkpt><trkpt lat="43.24275208" lon="-4.88317823"><ele>438.79</ele><time>2024-08-31T14:30:00Z</time></trkpt><trkpt lat="43.24275208" lon="-4.88317490"><ele>438.79</ele><time>2024-08-31T14:30:01Z</time></trkpt><trkpt lat="43.24275208" lon="-4.88317204"><ele>438.79</ele><time>2024-08-31T14:30:02Z</time></trkpt><trkpt lat="43.24275208" lon="-4.88316870"><ele>438.79</ele><time>2024-08-31T14:30:03Z</time></trkpt><trkpt lat="43.24275208" lon="-4.88316584"><ele>438.79</ele><time>2024-08-31T14:30:04Z</time></trkpt><trkpt lat="43.24275208" lon="-4.88316250"><ele>438.79</ele><time>2024-08-31T14:30:05Z</time></trkpt><trkpt lat="43.24275208" lon="-4.88315916"><ele>438.79</ele><time>2024-08-31T14:30:06Z</time></trkpt><trkpt lat="43.24275208" lon="-4.88315630"><ele>438.79</ele><time>2024-08-31T14:30:07Z</time></trkpt><trkpt lat="43.24275208" lon="-4.88315296"><ele>438.79</ele><time>2024-08-31T14:30:08Z</time></trkpt><trkpt lat="43.24275208" lon="-4.88314962"><ele>438.79</ele><time>2024-08-31T14:30:09Z</time></trkpt><trkpt lat="43.24275208" lon="-4.88314629"><ele>438.79</ele><time>2024-08-31T14:30:10Z</time></trkpt><trkpt lat="43.24275208" lon="-4.88314342"><ele>438.79</ele><time>2024-08-31T14:30:11Z</time></trkpt><trkpt lat="43.24275208" lon="-4.88314009"><ele>438.78</ele><time>2024-08-31T14:30:12Z</time></trkpt><trkpt lat="43.24275208" lon="-4.88313675"><ele>438.78</ele><time>2024-08-31T14:30:13Z</time></trkpt><trkpt lat="43.24275208" lon="-4.88313341"><ele>438.78</ele><time>2024-08-31T14:30:14Z</time></trkpt><trkpt lat="43.24275208" lon="-4.88313007"><ele>438.78</ele><time>2024-08-31T14:30:15Z</time></trkpt><trkpt lat="43.24275208" lon="-4.88312674"><ele>438.78</ele><time>2024-08-31T14:30:16Z</time></trkpt><trkpt lat="43.24274826" lon="-4.88312340"><ele>438.78</ele><time>2024-08-31T14:30:17Z</time></trkpt><trkpt lat="43.24274826" lon="-4.88312006"><ele>438.78</ele><time>2024-08-31T14:30:18Z</time></trkpt><trkpt lat="43.24274826" lon="-4.88311672"><ele>438.78</ele><time>2024-08-31T14:30:19Z</time></trkpt><trkpt lat="43.24274826" lon="-4.88311338"><ele>438.78</ele><time>2024-08-31T14:30:20Z</time></trkpt><trkpt lat="43.24274826" lon="-4.88311005"><ele>438.78</ele><time>2024-08-31T14:30:21Z</time></trkpt><trkpt lat="43.24274826" lon="-4.88310671"><ele>438.78</ele><time>2024-08-31T14:30:22Z</time></trkpt><trkpt lat="43.24274826" lon="-4.88310289"><ele>438.78</ele><time>2024-08-31T14:30:23Z</time></trkpt><trkpt lat="43.24274826" lon="-4.88309956"><ele>438.78</ele><time>2024-08-31T14:30:24Z</time></trkpt><trkpt lat="43.24274826" lon="-4.88309622"><ele>438.78</ele><time>2024-08-31T14:30:25Z</time></trkpt><trkpt lat="43.24274826" lon="-4.88309288"><ele>438.78</ele><time>2024-08-31T14:30:26Z</time></trkpt><trkpt lat="43.24274826" lon="-4.88308954"><ele>438.78</ele><time>2024-08-31T14:30:27Z</time></trkpt><trkpt lat="43.24274826" lon="-4.88308573"><ele>438.77</ele><time>2024-08-31T14:30:28Z</time></trkpt><trkpt lat="43.24274826" lon="-4.88308382"><ele>438.77</ele><time>2024-08-31T14:30:29Z</time></trkpt><trkpt lat="43.24274826" lon="-4.88308287"><ele>438.77</ele><time>2024-08-31T14:30:30Z</time></trkpt><trkpt lat="43.24274826" lon="-4.88308239"><ele>438.77</ele><time>2024-08-31T14:30:31Z</time></trkpt><trkpt lat="43.24274826" lon="-4.88308191"><ele>438.77</ele><time>2024-08-31T14:30:32Z</time></trkpt><trkpt lat="43.24274826" lon="-4.88308191"><ele>438.77</ele><time>2024-08-31T14:30:33Z</time></trkpt><trkpt lat="43.24274826" lon="-4.88308191"><ele>438.77</ele><time>2024-08-31T14:30:34Z</time></trkpt><trkpt lat="43.24274826" lon="-4.88308191"><ele>438.78</ele><time>2024-08-31T14:30:35Z</time></trkpt><trkpt lat="43.24274826" lon="-4.88308239"><ele>438.78</ele><time>2024-08-31T14:30:36Z</time></trkpt><trkpt lat="43.24275208" lon="-4.88308239"><ele>438.78</ele><time>2024-08-31T14:30:37Z</time></trkpt><trkpt lat="43.24275208" lon="-4.88308287"><ele>438.78</ele><time>2024-08-31T14:30:38Z</time></trkpt><trkpt lat="43.24275208" lon="-4.88308334"><ele>438.78</ele><time>2024-08-31T14:30:39Z</time></trkpt><trkpt lat="43.24275208" lon="-4.88308382"><ele>438.77</ele><time>2024-08-31T14:30:40Z</time></trkpt><trkpt lat="43.24275208" lon="-4.88308477"><ele>438.77</ele><time>2024-08-31T14:30:41Z</time></trkpt><trkpt lat="43.24275208" lon="-4.88308573"><ele>438.77</ele><time>2024-08-31T14:30:42Z</time></trkpt><trkpt lat="43.24275208" lon="-4.88308668"><ele>438.77</ele><time>2024-08-31T14:30:43Z</time></trkpt><trkpt lat="43.24275208" lon="-4.88308764"><ele>438.77</ele><time>2024-08-31T14:30:44Z</time></trkpt><trkpt lat="43.24275589" lon="-4.88308907"><ele>438.77</ele><time>2024-08-31T14:30:45Z</time></trkpt><trkpt lat="43.24275589" lon="-4.88309050"><ele>438.77</ele><time>2024-08-31T14:30:46Z</time></trkpt><trkpt lat="43.24275589" lon="-4.88309240"><ele>438.77</ele><time>2024-08-31T14:30:47Z</time></trkpt><trkpt lat="43.24275589" lon="-4.88309383"><ele>438.77</ele><time>2024-08-31T14:30:48Z</time></trkpt><trkpt lat="43.24275970" lon="-4.88309574"><ele>438.77</ele><time>2024-08-31T14:30:49Z</time></trkpt><trkpt lat="43.24275970" lon="-4.88309765"><ele>438.77</ele><time>2024-08-31T14:30:50Z</time></trkpt><trkpt lat="43.24275970" lon="-4.88309956"><ele>438.77</ele><time>2024-08-31T14:30:51Z</time></trkpt><trkpt lat="43.24275970" lon="-4.88310146"><ele>438.77</ele><time>2024-08-31T14:30:52Z</time></trkpt><trkpt lat="43.24276352" lon="-4.88310337"><ele>438.77</ele><time>2024-08-31T14:30:53Z</time></trkpt><trkpt lat="43.24276352" lon="-4.88310575"><ele>438.76</ele><time>2024-08-31T14:30:54Z</time></trkpt><trkpt lat="43.24276352" lon="-4.88310766"><ele>438.76</ele><time>2024-08-31T14:30:55Z</time></trkpt><trkpt lat="43.24276352" lon="-4.88311005"><ele>438.76</ele><time>2024-08-31T14:30:56Z</time></trkpt><trkpt lat="43.24276733" lon="-4.88311243"><ele>438.76</ele><time>2024-08-31T14:30:57Z</time></trkpt><trkpt lat="43.24276733" lon="-4.88311481"><ele>438.76</ele><time>2024-08-31T14:30:58Z</time></trkpt><trkpt lat="43.24276733" lon="-4.88311672"><ele>438.76</ele><time>2024-08-31T14:30:59Z</time></trkpt><trkpt lat="43.24277115" lon="-4.88311911"><ele>438.76</ele><time>2024-08-31T14:31:00Z</time></trkpt><trkpt lat="43.24277115" lon="-4.88312101"><ele>438.76</ele><time>2024-08-31T14:31:01Z</time></trkpt><trkpt lat="43.24277115" lon="-4.88312340"><ele>438.76</ele><time>2024-08-31T14:31:02Z</time></trkpt><trkpt lat="43.24277115" lon="-4.88312531"><ele>438.76</ele><time>2024-08-31T14:31:03Z</time></trkpt><trkpt lat="43.24277115" lon="-4.88312721"><ele>438.76</ele><time>2024-08-31T14:31:04Z</time></trkpt><trkpt lat="43.24277115" lon="-4.88312912"><ele>438.76</ele><time>2024-08-31T14:31:05Z</time></trkpt><trkpt lat="43.24277496" lon="-4.88313103"><ele>438.76</ele><time>2024-08-31T14:31:06Z</time></trkpt><trkpt lat="43.24277496" lon="-4.88313293"><ele>438.76</ele><time>2024-08-31T14:31:07Z</time></trkpt><trkpt lat="43.24277496" lon="-4.88313484"><ele>438.76</ele><time>2024-08-31T14:31:08Z</time></trkpt><trkpt lat="43.24277496" lon="-4.88313675"><ele>438.76</ele><time>2024-08-31T14:31:09Z</time></trkpt><trkpt lat="43.24277496" lon="-4.88313818"><ele>438.76</ele><time>2024-08-31T14:31:10Z</time></trkpt><trkpt lat="43.24277496" lon="-4.88314009"><ele>438.76</ele><time>2024-08-31T14:31:11Z</time></trkpt><trkpt lat="43.24277496" lon="-4.88314199"><ele>438.76</ele><time>2024-08-31T14:31:12Z</time></trkpt><trkpt lat="43.24277878" lon="-4.88314390"><ele>438.76</ele><time>2024-08-31T14:31:13Z</time></trkpt><trkpt lat="43.24277878" lon="-4.88314533"><ele>438.76</ele><time>2024-08-31T14:31:14Z</time></trkpt><trkpt lat="43.24277878" lon="-4.88314724"><ele>438.76</ele><time>2024-08-31T14:31:15Z</time></trkpt><trkpt lat="43.24277878" lon="-4.88314915"><ele>438.76</ele><time>2024-08-31T14:31:16Z</time></trkpt><trkpt lat="43.24277878" lon="-4.88315105"><ele>438.76</ele><time>2024-08-31T14:31:17Z</time></trkpt><trkpt lat="43.24277878" lon="-4.88315248"><ele>438.76</ele><time>2024-08-31T14:31:18Z</time></trkpt><trkpt lat="43.24277878" lon="-4.88315439"><ele>438.76</ele><time>2024-08-31T14:31:19Z</time></trkpt><trkpt lat="43.24277878" lon="-4.88315630"><ele>438.76</ele><time>2024-08-31T14:31:20Z</time></trkpt><trkpt lat="43.24278259" lon="-4.88315773"><ele>438.76</ele><time>2024-08-31T14:31:21Z</time></trkpt><trkpt lat="43.24278259" lon="-4.88315964"><ele>438.76</ele><time>2024-08-31T14:31:22Z</time></trkpt><trkpt lat="43.24278259" lon="-4.88316154"><ele>438.76</ele><time>2024-08-31T14:31:23Z</time></trkpt><trkpt lat="43.24278259" lon="-4.88316298"><ele>438.76</ele><time>2024-08-31T14:31:24Z</time></trkpt><trkpt lat="43.24278259" lon="-4.88316488"><ele>438.77</ele><time>2024-08-31T14:31:25Z</time></trkpt><trkpt lat="43.24278259" lon="-4.88316679"><ele>438.77</ele><time>2024-08-31T14:31:26Z</time></trkpt><trkpt lat="43.24278259" lon="-4.88316822"><ele>438.77</ele><time>2024-08-31T14:31:27Z</time></trkpt><trkpt lat="43.24278259" lon="-4.88317013"><ele>438.77</ele><time>2024-08-31T14:31:28Z</time></trkpt><trkpt lat="43.24278259" lon="-4.88317204"><ele>438.77</ele><time>2024-08-31T14:31:29Z</time></trkpt><trkpt lat="43.24278259" lon="-4.88317347"><ele>438.77</ele><time>2024-08-31T14:31:30Z</time></trkpt><trkpt lat="43.24278641" lon="-4.88317537"><ele>438.77</ele><time>2024-08-31T14:31:31Z</time></trkpt><trkpt lat="43.24278641" lon="-4.88317728"><ele>438.77</ele><time>2024-08-31T14:31:32Z</time></trkpt><trkpt lat="43.24278641" lon="-4.88317871"><ele>438.77</ele><time>2024-08-31T14:31:33Z</time></trkpt><trkpt lat="43.24278641" lon="-4.88318062"><ele>438.77</ele><time>2024-08-31T14:31:34Z</time></trkpt><trkpt lat="43.24278641" lon="-4.88318253"><ele>438.77</ele><time>2024-08-31T14:31:35Z</time></trkpt><trkpt lat="43.24278641" lon="-4.88318443"><ele>438.77</ele><time>2024-08-31T14:31:36Z</time></trkpt><trkpt lat="43.24278641" lon="-4.88318586"><ele>438.77</ele><time>2024-08-31T14:31:37Z</time></trkpt><trkpt lat="43.24278641" lon="-4.88318777"><ele>438.77</ele><time>2024-08-31T14:31:38Z</time></trkpt><trkpt lat="43.24278641" lon="-4.88318968"><ele>438.77</ele><time>2024-08-31T14:31:39Z</time></trkpt><trkpt lat="43.24279022" lon="-4.88319111"><ele>438.77</ele><time>2024-08-31T14:31:40Z</time></trkpt><trkpt lat="43.24279022" lon="-4.88319302"><ele>438.77</ele><time>2024-08-31T14:31:41Z</time></trkpt><trkpt lat="43.24279022" lon="-4.88319492"><ele>438.77</ele><time>2024-08-31T14:31:42Z</time></trkpt><trkpt lat="43.24279022" lon="-4.88319635"><ele>438.77</ele><time>2024-08-31T14:31:43Z</time></trkpt><trkpt lat="43.24279022" lon="-4.88319826"><ele>438.77</ele><time>2024-08-31T14:31:44Z</time></trkpt><trkpt lat="43.24279022" lon="-4.88320017"><ele>438.77</ele><time>2024-08-31T14:31:45Z</time></trkpt><trkpt lat="43.24279022" lon="-4.88320160"><ele>438.78</ele><time>2024-08-31T14:31:46Z</time></trkpt><trkpt lat="43.24279022" lon="-4.88320351"><ele>438.78</ele><time>2024-08-31T14:31:47Z</time></trkpt><trkpt lat="43.24279022" lon="-4.88320541"><ele>438.78</ele><time>2024-08-31T14:31:48Z</time></trkpt><trkpt lat="43.24279022" lon="-4.88320684"><ele>438.78</ele><time>2024-08-31T14:31:49Z</time></trkpt><trkpt lat="43.24279404" lon="-4.88320875"><ele>438.78</ele><time>2024-08-31T14:31:50Z</time></trkpt><trkpt lat="43.24279404" lon="-4.88321066"><ele>438.78</ele><time>2024-08-31T14:31:51Z</time></trkpt><trkpt lat="43.24279404" lon="-4.88321209"><ele>438.78</ele><time>2024-08-31T14:31:52Z</time></trkpt><trkpt lat="43.24279404" lon="-4.88321400"><ele>438.78</ele><time>2024-08-31T14:31:53Z</time></trkpt><trkpt lat="43.24279404" lon="-4.88321543"><ele>438.78</ele><time>2024-08-31T14:31:54Z</time></trkpt><trkpt lat="43.24279404" lon="-4.88321733"><ele>438.78</ele><time>2024-08-31T14:31:55Z</time></trkpt><trkpt lat="43.24279404" lon="-4.88321924"><ele>438.78</ele><time>2024-08-31T14:31:56Z</time></trkpt><trkpt lat="43.24279404" lon="-4.88322067"><ele>438.78</ele><time>2024-08-31T14:31:57Z</time></trkpt><trkpt lat="43.24279404" lon="-4.88322258"><ele>438.78</ele><time>2024-08-31T14:31:58Z</time></trkpt><trkpt lat="43.24279404" lon="-4.88322449"><ele>438.78</ele><time>2024-08-31T14:31:59Z</time></trkpt><trkpt lat="43.24279785" lon="-4.88322592"><ele>438.78</ele><time>2024-08-31T14:32:00Z</time></trkpt><trkpt lat="43.24279785" lon="-4.88322783"><ele>438.78</ele><time>2024-08-31T14:32:01Z</time></trkpt><trkpt lat="43.24279785" lon="-4.88322973"><ele>438.78</ele><time>2024-08-31T14:32:02Z</time></trkpt><trkpt lat="43.24279785" lon="-4.88323116"><ele>438.78</ele><time>2024-08-31T14:32:03Z</time></trkpt><trkpt lat="43.24279785" lon="-4.88323307"><ele>438.78</ele><time>2024-08-31T14:32:04Z</time></trkpt><trkpt lat="43.24279785" lon="-4.88323498"><ele>438.79</ele><time>2024-08-31T14:32:05Z</time></trkpt><trkpt lat="43.24279785" lon="-4.88323641"><ele>438.79</ele><time>2024-08-31T14:32:06Z</time></trkpt><trkpt lat="43.24279785" lon="-4.88323832"><ele>438.79</ele><time>2024-08-31T14:32:07Z</time></trkpt><trkpt lat="43.24279785" lon="-4.88323975"><ele>438.79</ele><time>2024-08-31T14:32:08Z</time></trkpt><trkpt lat="43.24279785" lon="-4.88324165"><ele>438.79</ele><time>2024-08-31T14:32:09Z</time></trkpt><trkpt lat="43.24280167" lon="-4.88324356"><ele>438.79</ele><time>2024-08-31T14:32:10Z</time></trkpt><trkpt lat="43.24280167" lon="-4.88324499"><ele>438.79</ele><time>2024-08-31T14:32:11Z</time></trkpt><trkpt lat="43.24280167" lon="-4.88324690"><ele>438.79</ele><time>2024-08-31T14:32:12Z</time></trkpt><trkpt lat="43.24280167" lon="-4.88324690"><ele>438.79</ele><time>2024-08-31T14:32:13Z</time></trkpt><trkpt lat="43.24280167" lon="-4.88324642"><ele>438.79</ele><time>2024-08-31T14:32:14Z</time></trkpt><trkpt lat="43.24280167" lon="-4.88324547"><ele>438.79</ele><time>2024-08-31T14:32:15Z</time></trkpt><trkpt lat="43.24280167" lon="-4.88324356"><ele>438.79</ele><time>2024-08-31T14:32:16Z</time></trkpt><trkpt lat="43.24280167" lon="-4.88324070"><ele>438.78</ele><time>2024-08-31T14:32:17Z</time></trkpt><trkpt lat="43.24279785" lon="-4.88323736"><ele>438.78</ele><time>2024-08-31T14:32:18Z</time></trkpt><trkpt lat="43.24279785" lon="-4.88323307"><ele>438.78</ele><time>2024-08-31T14:32:19Z</time></trkpt><trkpt lat="43.24279785" lon="-4.88322878"><ele>438.78</ele><time>2024-08-31T14:32:20Z</time></trkpt><trkpt lat="43.24279785" lon="-4.88322401"><ele>438.77</ele><time>2024-08-31T14:32:21Z</time></trkpt><trkpt lat="43.24279404" lon="-4.88321877"><ele>438.77</ele><time>2024-08-31T14:32:22Z</time></trkpt><trkpt lat="43.24279404" lon="-4.88321304"><ele>438.76</ele><time>2024-08-31T14:32:23Z</time></trkpt><trkpt lat="43.24279404" lon="-4.88320971"><ele>438.76</ele><time>2024-08-31T14:32:24Z</time></trkpt><trkpt lat="43.24279404" lon="-4.88320827"><ele>438.76</ele><time>2024-08-31T14:32:25Z</time></trkpt><trkpt lat="43.24279404" lon="-4.88320732"><ele>438.76</ele><time>2024-08-31T14:32:26Z</time></trkpt><trkpt lat="43.24279785" lon="-4.88320684"><ele>438.76</ele><time>2024-08-31T14:32:27Z</time></trkpt><trkpt lat="43.24279785" lon="-4.88320637"><ele>438.76</ele><time>2024-08-31T14:32:28Z</time></trkpt><trkpt lat="43.24279785" lon="-4.88320637"><ele>438.76</ele><time>2024-08-31T14:32:29Z</time></trkpt><trkpt lat="43.24279785" lon="-4.88320637"><ele>438.77</ele><time>2024-08-31T14:32:30Z</time></trkpt><trkpt lat="43.24279785" lon="-4.88320684"><ele>438.77</ele><time>2024-08-31T14:32:31Z</time></trkpt><trkpt lat="43.24280167" lon="-4.88320732"><ele>438.77</ele><time>2024-08-31T14:32:32Z</time></trkpt><trkpt lat="43.24280167" lon="-4.88320875"><ele>438.77</ele><time>2024-08-31T14:32:33Z</time></trkpt><trkpt lat="43.24280548" lon="-4.88321018"><ele>438.77</ele><time>2024-08-31T14:32:34Z</time></trkpt><trkpt lat="43.24280548" lon="-4.88321209"><ele>438.76</ele><time>2024-08-31T14:32:35Z</time></trkpt><trkpt lat="43.24280548" lon="-4.88321447"><ele>438.76</ele><time>2024-08-31T14:32:36Z</time></trkpt><trkpt lat="43.24280930" lon="-4.88321686"><ele>438.76</ele><time>2024-08-31T14:32:37Z</time></trkpt><trkpt lat="43.24281311" lon="-4.88321972"><ele>438.76</ele><time>2024-08-31T14:32:38Z</time></trkpt><trkpt lat="43.24281311" lon="-4.88322306"><ele>438.76</ele><time>2024-08-31T14:32:39Z</time></trkpt><trkpt lat="43.24281693" lon="-4.88322639"><ele>438.76</ele><time>2024-08-31T14:32:40Z</time></trkpt><trkpt lat="43.24282074" lon="-4.88323021"><ele>438.76</ele><time>2024-08-31T14:32:41Z</time></trkpt><trkpt lat="43.24282074" lon="-4.88323402"><ele>438.76</ele><time>2024-08-31T14:32:42Z</time></trkpt><trkpt lat="43.24282455" lon="-4.88323832"><ele>438.76</ele><time>2024-08-31T14:32:43Z</time></trkpt><trkpt lat="43.24282837" lon="-4.88324261"><ele>438.76</ele><time>2024-08-31T14:32:44Z</time></trkpt><trkpt lat="43.24283218" lon="-4.88324738"><ele>438.76</ele><time>2024-08-31T14:32:45Z</time></trkpt><trkpt lat="43.24283218" lon="-4.88325214"><ele>438.77</ele><time>2024-08-31T14:32:46Z</time></trkpt><trkpt lat="43.24283600" lon="-4.88325691"><ele>438.77</ele><time>2024-08-31T14:32:47Z</time></trkpt><trkpt lat="43.24283981" lon="-4.88326168"><ele>438.77</ele><time>2024-08-31T14:32:48Z</time></trkpt><trkpt lat="43.24284363" lon="-4.88326693"><ele>438.77</ele><time>2024-08-31T14:32:49Z</time></trkpt><trkpt lat="43.24284744" lon="-4.88327217"><ele>438.77</ele><time>2024-08-31T14:32:50Z</time></trkpt><trkpt lat="43.24285126" lon="-4.88327742"><ele>438.77</ele><time>2024-08-31T14:32:51Z</time></trkpt><trkpt lat="43.24285507" lon="-4.88328266"><ele>438.78</ele><time>2024-08-31T14:32:52Z</time></trkpt><trkpt lat="43.24285889" lon="-4.88328791"><ele>438.78</ele><time>2024-08-31T14:32:53Z</time></trkpt><trkpt lat="43.24286270" lon="-4.88329315"><ele>438.78</ele><time>2024-08-31T14:32:54Z</time></trkpt><trkpt lat="43.24286652" lon="-4.88329792"><ele>438.79</ele><time>2024-08-31T14:32:55Z</time></trkpt><trkpt lat="43.24286652" lon="-4.88330269"><ele>438.79</ele><time>2024-08-31T14:32:56Z</time></trkpt><trkpt lat="43.24287033" lon="-4.88330746"><ele>438.79</ele><time>2024-08-31T14:32:57Z</time></trkpt><trkpt lat="43.24287415" lon="-4.88331223"><ele>438.79</ele><time>2024-08-31T14:32:58Z</time></trkpt><trkpt lat="43.24287796" lon="-4.88331652"><ele>438.79</ele><time>2024-08-31T14:32:59Z</time></trkpt><trkpt lat="43.24288177" lon="-4.88332129"><ele>438.79</ele><time>2024-08-31T14:33:00Z</time></trkpt><trkpt lat="43.24288177" lon="-4.88332558"><ele>438.80</ele><time>2024-08-31T14:33:01Z</time></trkpt><trkpt lat="43.24288559" lon="-4.88332987"><ele>438.80</ele><time>2024-08-31T14:33:02Z</time></trkpt><trkpt lat="43.24288940" lon="-4.88333416"><ele>438.80</ele><time>2024-08-31T14:33:03Z</time></trkpt><trkpt lat="43.24289322" lon="-4.88333845"><ele>438.80</ele><time>2024-08-31T14:33:04Z</time></trkpt><trkpt lat="43.24289322" lon="-4.88334227"><ele>438.80</ele><time>2024-08-31T14:33:05Z</time></trkpt><trkpt lat="43.24289703" lon="-4.88334656"><ele>438.80</ele><time>2024-08-31T14:33:06Z</time></trkpt><trkpt lat="43.24290085" lon="-4.88335085"><ele>438.81</ele><time>2024-08-31T14:33:07Z</time></trkpt><trkpt lat="43.24290466" lon="-4.88335514"><ele>438.81</ele><time>2024-08-31T14:33:08Z</time></trkpt><trkpt lat="43.24290466" lon="-4.88335896"><ele>438.81</ele><time>2024-08-31T14:33:09Z</time></trkpt><trkpt lat="43.24290848" lon="-4.88336325"><ele>438.81</ele><time>2024-08-31T14:33:10Z</time></trkpt><trkpt lat="43.24291229" lon="-4.88336706"><ele>438.81</ele><time>2024-08-31T14:33:11Z</time></trkpt><trkpt lat="43.24291229" lon="-4.88337135"><ele>438.82</ele><time>2024-08-31T14:33:12Z</time></trkpt><trkpt lat="43.24291611" lon="-4.88337517"><ele>438.82</ele><time>2024-08-31T14:33:13Z</time></trkpt><trkpt lat="43.24291992" lon="-4.88337946"><ele>438.82</ele><time>2024-08-31T14:33:14Z</time></trkpt><trkpt lat="43.24291992" lon="-4.88338041"><ele>438.82</ele><time>2024-08-31T14:33:15Z</time></trkpt><trkpt lat="43.24291992" lon="-4.88338041"><ele>438.82</ele><time>2024-08-31T14:33:16Z</time></trkpt><trkpt lat="43.24291611" lon="-4.88337898"><ele>438.82</ele><time>2024-08-31T14:33:17Z</time></trkpt><trkpt lat="43.24290848" lon="-4.88337612"><ele>438.82</ele><time>2024-08-31T14:33:18Z</time></trkpt><trkpt lat="43.24290466" lon="-4.88337278"><ele>438.83</ele><time>2024-08-31T14:33:19Z</time></trkpt><trkpt lat="43.24289703" lon="-4.88336849"><ele>438.83</ele><time>2024-08-31T14:33:20Z</time></trkpt><trkpt lat="43.24288940" lon="-4.88336420"><ele>438.83</ele><time>2024-08-31T14:33:21Z</time></trkpt><trkpt lat="43.24288559" lon="-4.88335943"><ele>438.83</ele><time>2024-08-31T14:33:22Z</time></trkpt><trkpt lat="43.24287796" lon="-4.88335514"><ele>438.83</ele><time>2024-08-31T14:33:23Z</time></trkpt><trkpt lat="43.24287033" lon="-4.88335037"><ele>438.83</ele><time>2024-08-31T14:33:24Z</time></trkpt><trkpt lat="43.24286652" lon="-4.88334608"><ele>438.83</ele><time>2024-08-31T14:33:25Z</time></trkpt><trkpt lat="43.24285889" lon="-4.88334227"><ele>438.83</ele><time>2024-08-31T14:33:26Z</time></trkpt><trkpt lat="43.24285507" lon="-4.88333797"><ele>438.83</ele><time>2024-08-31T14:33:27Z</time></trkpt><trkpt lat="43.24284744" lon="-4.88333416"><ele>438.83</ele><time>2024-08-31T14:33:28Z</time></trkpt><trkpt lat="43.24284363" lon="-4.88332987"><ele>438.83</ele><time>2024-08-31T14:33:29Z</time></trkpt><trkpt lat="43.24283600" lon="-4.88332605"><ele>438.83</ele><time>2024-08-31T14:33:30Z</time></trkpt><trkpt lat="43.24283218" lon="-4.88332224"><ele>438.83</ele><time>2024-08-31T14:33:31Z</time></trkpt><trkpt lat="43.24282837" lon="-4.88331842"><ele>438.82</ele><time>2024-08-31T14:33:32Z</time></trkpt><trkpt lat="43.24282455" lon="-4.88331461"><ele>438.82</ele><time>2024-08-31T14:33:33Z</time></trkpt><trkpt lat="43.24282074" lon="-4.88331079"><ele>438.81</ele><time>2024-08-31T14:33:34Z</time></trkpt><trkpt lat="43.24281693" lon="-4.88330698"><ele>438.81</ele><time>2024-08-31T14:33:35Z</time></trkpt><trkpt lat="43.24281311" lon="-4.88330317"><ele>438.80</ele><time>2024-08-31T14:33:36Z</time></trkpt><trkpt lat="43.24280930" lon="-4.88329887"><ele>438.80</ele><time>2024-08-31T14:33:37Z</time></trkpt><trkpt lat="43.24280548" lon="-4.88329506"><ele>438.79</ele><time>2024-08-31T14:33:38Z</time></trkpt><trkpt lat="43.24280167" lon="-4.88329077"><ele>438.78</ele><time>2024-08-31T14:33:39Z</time></trkpt><trkpt lat="43.24279785" lon="-4.88328648"><ele>438.78</ele><time>2024-08-31T14:33:40Z</time></trkpt><trkpt lat="43.24279404" lon="-4.88328218"><ele>438.77</ele><time>2024-08-31T14:33:41Z</time></trkpt><trkpt lat="43.24279022" lon="-4.88327789"><ele>438.76</ele><time>2024-08-31T14:33:42Z</time></trkpt><trkpt lat="43.24278641" lon="-4.88327360"><ele>438.75</ele><time>2024-08-31T14:33:43Z</time></trkpt><trkpt lat="43.24278641" lon="-4.88326883"><ele>438.74</ele><time>2024-08-31T14:33:44Z</time></trkpt><trkpt lat="43.24278259" lon="-4.88326454"><ele>438.73</ele><time>2024-08-31T14:33:45Z</time></trkpt><trkpt lat="43.24277878" lon="-4.88325977"><ele>438.72</ele><time>2024-08-31T14:33:46Z</time></trkpt><trkpt lat="43.24277496" lon="-4.88325548"><ele>438.71</ele><time>2024-08-31T14:33:47Z</time></trkpt><trkpt lat="43.24277115" lon="-4.88325071"><ele>438.70</ele><time>2024-08-31T14:33:48Z</time></trkpt><trkpt lat="43.24276733" lon="-4.88324594"><ele>438.69</ele><time>2024-08-31T14:33:49Z</time></trkpt><trkpt lat="43.24276352" lon="-4.88324118"><ele>438.68</ele><time>2024-08-31T14:33:50Z</time></trkpt><trkpt lat="43.24275970" lon="-4.88323641"><ele>438.66</ele><time>2024-08-31T14:33:51Z</time></trkpt><trkpt lat="43.24275589" lon="-4.88323164"><ele>438.65</ele><time>2024-08-31T14:33:52Z</time></trkpt><trkpt lat="43.24274826" lon="-4.88322687"><ele>438.64</ele><time>2024-08-31T14:33:53Z</time></trkpt><trkpt lat="43.24274445" lon="-4.88322210"><ele>438.63</ele><time>2024-08-31T14:33:54Z</time></trkpt><trkpt lat="43.24274063" lon="-4.88321686"><ele>438.61</ele><time>2024-08-31T14:33:55Z</time></trkpt><trkpt lat="43.24273682" lon="-4.88321209"><ele>438.60</ele><time>2024-08-31T14:33:56Z</time></trkpt><trkpt lat="43.24272919" lon="-4.88320732"><ele>438.59</ele><time>2024-08-31T14:33:57Z</time></trkpt><trkpt lat="43.24272537" lon="-4.88320303"><ele>438.58</ele><time>2024-08-31T14:33:58Z</time></trkpt><trkpt lat="43.24272156" lon="-4.88319874"><ele>438.57</ele><time>2024-08-31T14:33:59Z</time></trkpt><trkpt lat="43.24271393" lon="-4.88319445"><ele>438.56</ele><time>2024-08-31T14:34:00Z</time></trkpt><trkpt lat="43.24271011" lon="-4.88319016"><ele>438.55</ele><time>2024-08-31T14:34:01Z</time></trkpt><trkpt lat="43.24270248" lon="-4.88318634"><ele>438.54</ele><time>2024-08-31T14:34:02Z</time></trkpt><trkpt lat="43.24269485" lon="-4.88318253"><ele>438.53</ele><time>2024-08-31T14:34:03Z</time></trkpt><trkpt lat="43.24269104" lon="-4.88317919"><ele>438.51</ele><time>2024-08-31T14:34:04Z</time></trkpt><trkpt lat="43.24268341" lon="-4.88317537"><ele>438.50</ele><time>2024-08-31T14:34:05Z</time></trkpt><trkpt lat="43.24267960" lon="-4.88317156"><ele>438.49</ele><time>2024-08-31T14:34:06Z</time></trkpt><trkpt lat="43.24267197" lon="-4.88316822"><ele>438.48</ele><time>2024-08-31T14:34:07Z</time></trkpt><trkpt lat="43.24266434" lon="-4.88316441"><ele>438.47</ele><time>2024-08-31T14:34:08Z</time></trkpt><trkpt lat="43.24265671" lon="-4.88316107"><ele>438.47</ele><time>2024-08-31T14:34:09Z</time></trkpt><trkpt lat="43.24265289" lon="-4.88315821"><ele>438.46</ele><time>2024-08-31T14:34:10Z</time></trkpt><trkpt lat="43.24264526" lon="-4.88315582"><ele>438.46</ele><time>2024-08-31T14:34:11Z</time></trkpt><trkpt lat="43.24264145" lon="-4.88315344"><ele>438.46</ele><time>2024-08-31T14:34:12Z</time></trkpt><trkpt lat="43.24263763" lon="-4.88315153"><ele>438.46</ele><time>2024-08-31T14:34:13Z</time></trkpt><trkpt lat="43.24263000" lon="-4.88315010"><ele>438.46</ele><time>2024-08-31T14:34:14Z</time></trkpt><trkpt lat="43.24262619" lon="-4.88314867"><ele>438.45</ele><time>2024-08-31T14:34:15Z</time></trkpt><trkpt lat="43.24262238" lon="-4.88314724"><ele>438.45</ele><time>2024-08-31T14:34:16Z</time></trkpt><trkpt lat="43.24261856" lon="-4.88314581"><ele>438.44</ele><time>2024-08-31T14:34:17Z</time></trkpt><trkpt lat="43.24261475" lon="-4.88314438"><ele>438.43</ele><time>2024-08-31T14:34:18Z</time></trkpt><trkpt lat="43.24260712" lon="-4.88314247"><ele>438.42</ele><time>2024-08-31T14:34:19Z</time></trkpt><trkpt lat="43.24260330" lon="-4.88313961"><ele>438.40</ele><time>2024-08-31T14:34:20Z</time></trkpt><trkpt lat="43.24259567" lon="-4.88313580"><ele>438.39</ele><time>2024-08-31T14:34:21Z</time></trkpt><trkpt lat="43.24259186" lon="-4.88313198"><ele>438.37</ele><time>2024-08-31T14:34:22Z</time></trkpt><trkpt lat="43.24258423" lon="-4.88312721"><ele>438.35</ele><time>2024-08-31T14:34:23Z</time></trkpt><trkpt lat="43.24258041" lon="-4.88312197"><ele>438.33</ele><time>2024-08-31T14:34:24Z</time></trkpt><trkpt lat="43.24257278" lon="-4.88311577"><ele>438.30</ele><time>2024-08-31T14:34:25Z</time></trkpt><trkpt lat="43.24256897" lon="-4.88310957"><ele>438.28</ele><time>2024-08-31T14:34:26Z</time></trkpt><trkpt lat="43.24256516" lon="-4.88310242"><ele>438.25</ele><time>2024-08-31T14:34:27Z</time></trkpt><trkpt lat="43.24255753" lon="-4.88309956"><ele>438.24</ele><time>2024-08-31T14:34:28Z</time></trkpt><trkpt lat="43.24254990" lon="-4.88310099"><ele>438.23</ele><time>2024-08-31T14:34:29Z</time></trkpt><trkpt lat="43.24254227" lon="-4.88310528"><ele>438.23</ele><time>2024-08-31T14:34:30Z</time></trkpt><trkpt lat="43.24253845" lon="-4.88311148"><ele>438.24</ele><time>2024-08-31T14:34:31Z</time></trkpt><trkpt lat="43.24253082" lon="-4.88311911"><ele>438.24</ele><time>2024-08-31T14:34:32Z</time></trkpt><trkpt lat="43.24252701" lon="-4.88312674"><ele>438.25</ele><time>2024-08-31T14:34:33Z</time></trkpt><trkpt lat="43.24252319" lon="-4.88313484"><ele>438.25</ele><time>2024-08-31T14:34:34Z</time></trkpt><trkpt lat="43.24251938" lon="-4.88314342"><ele>438.25</ele><time>2024-08-31T14:34:35Z</time></trkpt><trkpt lat="43.24251556" lon="-4.88315201"><ele>438.25</ele><time>2024-08-31T14:34:36Z</time></trkpt><trkpt lat="43.24251175" lon="-4.88316059"><ele>438.25</ele><time>2024-08-31T14:34:37Z</time></trkpt><trkpt lat="43.24250793" lon="-4.88316870"><ele>438.25</ele><time>2024-08-31T14:34:38Z</time></trkpt><trkpt lat="43.24250412" lon="-4.88317680"><ele>438.26</ele><time>2024-08-31T14:34:39Z</time></trkpt><trkpt lat="43.24250412" lon="-4.88318491"><ele>438.26</ele><time>2024-08-31T14:34:40Z</time></trkpt><trkpt lat="43.24250031" lon="-4.88319254"><ele>438.26</ele><time>2024-08-31T14:34:41Z</time></trkpt><trkpt lat="43.24249649" lon="-4.88320017"><ele>438.26</ele><time>2024-08-31T14:34:42Z</time></trkpt><trkpt lat="43.24249649" lon="-4.88320780"><ele>438.26</ele><time>2024-08-31T14:34:43Z</time></trkpt><trkpt lat="43.24249268" lon="-4.88321543"><ele>438.26</ele><time>2024-08-31T14:34:44Z</time></trkpt><trkpt lat="43.24248886" lon="-4.88322306"><ele>438.26</ele><time>2024-08-31T14:34:45Z</time></trkpt><trkpt lat="43.24248886" lon="-4.88323021"><ele>438.26</ele><time>2024-08-31T14:34:46Z</time></trkpt><trkpt lat="43.24248505" lon="-4.88323784"><ele>438.26</ele><time>2024-08-31T14:34:47Z</time></trkpt><trkpt lat="43.24248123" lon="-4.88324499"><ele>438.27</ele><time>2024-08-31T14:34:48Z</time></trkpt><trkpt lat="43.24248123" lon="-4.88325262"><ele>438.27</ele><time>2024-08-31T14:34:49Z</time></trkpt><trkpt lat="43.24247742" lon="-4.88325977"><ele>438.27</ele><time>2024-08-31T14:34:50Z</time></trkpt><trkpt lat="43.24247360" lon="-4.88326740"><ele>438.27</ele><time>2024-08-31T14:34:51Z</time></trkpt><trkpt lat="43.24246979" lon="-4.88327551"><ele>438.28</ele><time>2024-08-31T14:34:52Z</time></trkpt><trkpt lat="43.24246597" lon="-4.88328409"><ele>438.28</ele><time>2024-08-31T14:34:53Z</time></trkpt><trkpt lat="43.24246216" lon="-4.88329268"><ele>438.28</ele><time>2024-08-31T14:34:54Z</time></trkpt><trkpt lat="43.24245834" lon="-4.88330126"><ele>438.29</ele><time>2024-08-31T14:34:55Z</time></trkpt><trkpt lat="43.24245834" lon="-4.88331032"><ele>438.29</ele><time>2024-08-31T14:34:56Z</time></trkpt><trkpt lat="43.24245453" lon="-4.88331985"><ele>438.30</ele><time>2024-08-31T14:34:57Z</time></trkpt><trkpt lat="43.24245071" lon="-4.88332939"><ele>438.30</ele><time>2024-08-31T14:34:58Z</time></trkpt><trkpt lat="43.24244690" lon="-4.88333941"><ele>438.31</ele><time>2024-08-31T14:34:59Z</time></trkpt><trkpt lat="43.24244308" lon="-4.88334942"><ele>438.32</ele><time>2024-08-31T14:35:00Z</time></trkpt><trkpt lat="43.24243927" lon="-4.88335991"><ele>438.32</ele><time>2024-08-31T14:35:01Z</time></trkpt><trkpt lat="43.24243164" lon="-4.88337088"><ele>438.33</ele><time>2024-08-31T14:35:02Z</time></trkpt><trkpt lat="43.24242783" lon="-4.88338184"><ele>438.33</ele><time>2024-08-31T14:35:03Z</time></trkpt><trkpt lat="43.24242401" lon="-4.88339376"><ele>438.34</ele><time>2024-08-31T14:35:04Z</time></trkpt><trkpt lat="43.24242020" lon="-4.88340616"><ele>438.35</ele><time>2024-08-31T14:35:05Z</time></trkpt><trkpt lat="43.24241638" lon="-4.88341856"><ele>438.36</ele><time>2024-08-31T14:35:06Z</time></trkpt><trkpt lat="43.24241257" lon="-4.88343143"><ele>438.37</ele><time>2024-08-31T14:35:07Z</time></trkpt><trkpt lat="43.24240875" lon="-4.88344336"><ele>438.38</ele><time>2024-08-31T14:35:08Z</time></trkpt><trkpt lat="43.24240494" lon="-4.88345480"><ele>438.38</ele><time>2024-08-31T14:35:09Z</time></trkpt><trkpt lat="43.24240112" lon="-4.88346577"><ele>438.39</ele><time>2024-08-31T14:35:10Z</time></trkpt><trkpt lat="43.24239731" lon="-4.88347626"><ele>438.39</ele><time>2024-08-31T14:35:11Z</time></trkpt><trkpt lat="43.24239349" lon="-4.88348675"><ele>438.39</ele><time>2024-08-31T14:35:12Z</time></trkpt><trkpt lat="43.24238968" lon="-4.88349628"><ele>438.39</ele><time>2024-08-31T14:35:13Z</time></trkpt><trkpt lat="43.24238586" lon="-4.88350582"><ele>438.39</ele><time>2024-08-31T14:35:14Z</time></trkpt><trkpt lat="43.24238586" lon="-4.88351536"><ele>438.39</ele><time>2024-08-31T14:35:15Z</time></trkpt><trkpt lat="43.24238205" lon="-4.88352489"><ele>438.39</ele><time>2024-08-31T14:35:16Z</time></trkpt><trkpt lat="43.24237823" lon="-4.88353395"><ele>438.39</ele><time>2024-08-31T14:35:17Z</time></trkpt><trkpt lat="43.24237823" lon="-4.88354349"><ele>438.39</ele><time>2024-08-31T14:35:18Z</time></trkpt><trkpt lat="43.24237442" lon="-4.88355255"><ele>438.39</ele><time>2024-08-31T14:35:19Z</time></trkpt><trkpt lat="43.24237061" lon="-4.88356209"><ele>438.39</ele><time>2024-08-31T14:35:20Z</time></trkpt><trkpt lat="43.24237061" lon="-4.88357162"><ele>438.39</ele><time>2024-08-31T14:35:21Z</time></trkpt><trkpt lat="43.24236679" lon="-4.88358164"><ele>438.40</ele><time>2024-08-31T14:35:22Z</time></trkpt><trkpt lat="43.24236679" lon="-4.88359118"><ele>438.40</ele><time>2024-08-31T14:35:23Z</time></trkpt><trkpt lat="43.24236298" lon="-4.88360071"><ele>438.40</ele><time>2024-08-31T14:35:24Z</time></trkpt><trkpt lat="43.24236298" lon="-4.88361025"><ele>438.41</ele><time>2024-08-31T14:35:25Z</time></trkpt><trkpt lat="43.24235916" lon="-4.88362026"><ele>438.41</ele><time>2024-08-31T14:35:26Z</time></trkpt><trkpt lat="43.24235535" lon="-4.88363028"><ele>438.42</ele><time>2024-08-31T14:35:27Z</time></trkpt><trkpt lat="43.24235153" lon="-4.88364029"><ele>438.43</ele><time>2024-08-31T14:35:28Z</time></trkpt><trkpt lat="43.24234772" lon="-4.88365126"><ele>438.43</ele><time>2024-08-31T14:35:29Z</time></trkpt><trkpt lat="43.24234390" lon="-4.88366222"><ele>438.44</ele><time>2024-08-31T14:35:30Z</time></trkpt><trkpt lat="43.24234009" lon="-4.88367367"><ele>438.45</ele><time>2024-08-31T14:35:31Z</time></trkpt><trkpt lat="43.24233627" lon="-4.88368559"><ele>438.45</ele><time>2024-08-31T14:35:32Z</time></trkpt><trkpt lat="43.24233246" lon="-4.88369799"><ele>438.46</ele><time>2024-08-31T14:35:33Z</time></trkpt><trkpt lat="43.24232864" lon="-4.88371086"><ele>438.47</ele><time>2024-08-31T14:35:34Z</time></trkpt><trkpt lat="43.24232483" lon="-4.88372326"><ele>438.48</ele><time>2024-08-31T14:35:35Z</time></trkpt><trkpt lat="43.24232101" lon="-4.88373613"><ele>438.49</ele><time>2024-08-31T14:35:36Z</time></trkpt><trkpt lat="43.24231720" lon="-4.88374901"><ele>438.50</ele><time>2024-08-31T14:35:37Z</time></trkpt><trkpt lat="43.24231339" lon="-4.88376236"><ele>438.51</ele><time>2024-08-31T14:35:38Z</time></trkpt><trkpt lat="43.24230576" lon="-4.88377523"><ele>438.53</ele><time>2024-08-31T14:35:39Z</time></trkpt><trkpt lat="43.24230194" lon="-4.88378859"><ele>438.54</ele><time>2024-08-31T14:35:40Z</time></trkpt><trkpt lat="43.24229813" lon="-4.88380194"><ele>438.55</ele><time>2024-08-31T14:35:41Z</time></trkpt><trkpt lat="43.24229050" lon="-4.88381481"><ele>438.56</ele><time>2024-08-31T14:35:42Z</time></trkpt><trkpt lat="43.24228668" lon="-4.88382816"><ele>438.58</ele><time>2024-08-31T14:35:43Z</time></trkpt><trkpt lat="43.24227905" lon="-4.88384151"><ele>438.59</ele><time>2024-08-31T14:35:44Z</time></trkpt><trkpt lat="43.24227524" lon="-4.88385439"><ele>438.60</ele><time>2024-08-31T14:35:45Z</time></trkpt><trkpt lat="43.24226761" lon="-4.88386774"><ele>438.61</ele><time>2024-08-31T14:35:46Z</time></trkpt><trkpt lat="43.24226379" lon="-4.88388062"><ele>438.63</ele><time>2024-08-31T14:35:47Z</time></trkpt><trkpt lat="43.24225616" lon="-4.88389349"><ele>438.64</ele><time>2024-08-31T14:35:48Z</time></trkpt><trkpt lat="43.24224854" lon="-4.88390589"><ele>438.65</ele><time>2024-08-31T14:35:49Z</time></trkpt><trkpt lat="43.24224091" lon="-4.88391829"><ele>438.66</ele><time>2024-08-31T14:35:50Z</time></trkpt><trkpt lat="43.24223328" lon="-4.88392973"><ele>438.67</ele><time>2024-08-31T14:35:51Z</time></trkpt><trkpt lat="43.24222565" lon="-4.88394117"><ele>438.68</ele><time>2024-08-31T14:35:52Z</time></trkpt><trkpt lat="43.24221802" lon="-4.88395262"><ele>438.69</ele><time>2024-08-31T14:35:53Z</time></trkpt><trkpt lat="43.24221039" lon="-4.88396358"><ele>438.70</ele><time>2024-08-31T14:35:54Z</time></trkpt><trkpt lat="43.24219894" lon="-4.88397408"><ele>438.70</ele><time>2024-08-31T14:35:55Z</time></trkpt><trkpt lat="43.24219131" lon="-4.88398409"><ele>438.71</ele><time>2024-08-31T14:35:56Z</time></trkpt><trkpt lat="43.24218369" lon="-4.88399410"><ele>438.72</ele><time>2024-08-31T14:35:57Z</time></trkpt><trkpt lat="43.24217224" lon="-4.88400412"><ele>438.72</ele><time>2024-08-31T14:35:58Z</time></trkpt><trkpt lat="43.24216461" lon="-4.88401365"><ele>438.73</ele><time>2024-08-31T14:35:59Z</time></trkpt><trkpt lat="43.24215317" lon="-4.88402319"><ele>438.73</ele><time>2024-08-31T14:36:00Z</time></trkpt><trkpt lat="43.24214554" lon="-4.88403225"><ele>438.74</ele><time>2024-08-31T14:36:01Z</time></trkpt><trkpt lat="43.24213409" lon="-4.88404083"><ele>438.74</ele><time>2024-08-31T14:36:02Z</time></trkpt><trkpt lat="43.24212265" lon="-4.88404894"><ele>438.75</ele><time>2024-08-31T14:36:03Z</time></trkpt><trkpt lat="43.24211121" lon="-4.88405609"><ele>438.76</ele><time>2024-08-31T14:36:04Z</time></trkpt><trkpt lat="43.24210358" lon="-4.88406277"><ele>438.76</ele><time>2024-08-31T14:36:05Z</time></trkpt><trkpt lat="43.24209213" lon="-4.88406897"><ele>438.77</ele><time>2024-08-31T14:36:06Z</time></trkpt><trkpt lat="43.24208069" lon="-4.88407469"><ele>438.77</ele><time>2024-08-31T14:36:07Z</time></trkpt><trkpt lat="43.24206924" lon="-4.88407993"><ele>438.78</ele><time>2024-08-31T14:36:08Z</time></trkpt><trkpt lat="43.24205780" lon="-4.88408470"><ele>438.79</ele><time>2024-08-31T14:36:09Z</time></trkpt><trkpt lat="43.24204636" lon="-4.88408947"><ele>438.79</ele><time>2024-08-31T14:36:10Z</time></trkpt><trkpt lat="43.24203491" lon="-4.88409424"><ele>438.80</ele><time>2024-08-31T14:36:11Z</time></trkpt><trkpt lat="43.24202347" lon="-4.88409805"><ele>438.80</ele><time>2024-08-31T14:36:12Z</time></trkpt><trkpt lat="43.24201202" lon="-4.88410234"><ele>438.81</ele><time>2024-08-31T14:36:13Z</time></trkpt><trkpt lat="43.24200058" lon="-4.88410616"><ele>438.81</ele><time>2024-08-31T14:36:14Z</time></trkpt><trkpt lat="43.24198914" lon="-4.88410997"><ele>438.82</ele><time>2024-08-31T14:36:15Z</time></trkpt><trkpt lat="43.24197769" lon="-4.88411379"><ele>438.82</ele><time>2024-08-31T14:36:16Z</time></trkpt><trkpt lat="43.24196625" lon="-4.88411713"><ele>438.82</ele><time>2024-08-31T14:36:17Z</time></trkpt><trkpt lat="43.24195480" lon="-4.88411999"><ele>438.83</ele><time>2024-08-31T14:36:18Z</time></trkpt><trkpt lat="43.24193954" lon="-4.88412285"><ele>438.83</ele><time>2024-08-31T14:36:19Z</time></trkpt><trkpt lat="43.24192810" lon="-4.88412523"><ele>438.84</ele><time>2024-08-31T14:36:20Z</time></trkpt><trkpt lat="43.24191666" lon="-4.88412762"><ele>438.84</ele><time>2024-08-31T14:36:21Z</time></trkpt><trkpt lat="43.24190521" lon="-4.88412952"><ele>438.84</ele><time>2024-08-31T14:36:22Z</time></trkpt><trkpt lat="43.24189377" lon="-4.88413143"><ele>438.85</ele><time>2024-08-31T14:36:23Z</time></trkpt><trkpt lat="43.24187851" lon="-4.88413286"><ele>438.86</ele><time>2024-08-31T14:36:24Z</time></trkpt><trkpt lat="43.24186707" lon="-4.88413477"><ele>438.86</ele><time>2024-08-31T14:36:25Z</time></trkpt><trkpt lat="43.24185562" lon="-4.88413620"><ele>438.87</ele><time>2024-08-31T14:36:26Z</time></trkpt><trkpt lat="43.24184418" lon="-4.88413811"><ele>438.88</ele><time>2024-08-31T14:36:27Z</time></trkpt><trkpt lat="43.24182892" lon="-4.88413954"><ele>438.89</ele><time>2024-08-31T14:36:28Z</time></trkpt><trkpt lat="43.24181747" lon="-4.88414097"><ele>438.89</ele><time>2024-08-31T14:36:29Z</time></trkpt><trkpt lat="43.24180603" lon="-4.88414240"><ele>438.90</ele><time>2024-08-31T14:36:30Z</time></trkpt><trkpt lat="43.24179077" lon="-4.88414383"><ele>438.91</ele><time>2024-08-31T14:36:31Z</time></trkpt><trkpt lat="43.24177933" lon="-4.88414478"><ele>438.92</ele><time>2024-08-31T14:36:32Z</time></trkpt><trkpt lat="43.24176407" lon="-4.88414574"><ele>438.93</ele><time>2024-08-31T14:36:33Z</time></trkpt><trkpt lat="43.24175262" lon="-4.88414621"><ele>438.94</ele><time>2024-08-31T14:36:34Z</time></trkpt><trkpt lat="43.24174118" lon="-4.88414669"><ele>438.96</ele><time>2024-08-31T14:36:35Z</time></trkpt><trkpt lat="43.24172592" lon="-4.88414669"><ele>438.97</ele><time>2024-08-31T14:36:36Z</time></trkpt><trkpt lat="43.24171448" lon="-4.88414717"><ele>438.98</ele><time>2024-08-31T14:36:37Z</time></trkpt><trkpt lat="43.24169922" lon="-4.88414669"><ele>439.00</ele><time>2024-08-31T14:36:38Z</time></trkpt><trkpt lat="43.24168777" lon="-4.88414669"><ele>439.02</ele><time>2024-08-31T14:36:39Z</time></trkpt><trkpt lat="43.24167633" lon="-4.88414621"><ele>439.03</ele><time>2024-08-31T14:36:40Z</time></trkpt><trkpt lat="43.24166107" lon="-4.88414669"><ele>439.05</ele><time>2024-08-31T14:36:41Z</time></trkpt><trkpt lat="43.24164963" lon="-4.88414669"><ele>439.07</ele><time>2024-08-31T14:36:42Z</time></trkpt><trkpt lat="43.24163437" lon="-4.88414764"><ele>439.08</ele><time>2024-08-31T14:36:43Z</time></trkpt><trkpt lat="43.24162292" lon="-4.88414812"><ele>439.10</ele><time>2024-08-31T14:36:44Z</time></trkpt><trkpt lat="43.24160767" lon="-4.88414907"><ele>439.12</ele><time>2024-08-31T14:36:45Z</time></trkpt><trkpt lat="43.24159622" lon="-4.88415003"><ele>439.14</ele><time>2024-08-31T14:36:46Z</time></trkpt><trkpt lat="43.24158478" lon="-4.88415098"><ele>439.16</ele><time>2024-08-31T14:36:47Z</time></trkpt><trkpt lat="43.24156952" lon="-4.88415194"><ele>439.18</ele><time>2024-08-31T14:36:48Z</time></trkpt><trkpt lat="43.24155807" lon="-4.88415337"><ele>439.20</ele><time>2024-08-31T14:36:49Z</time></trkpt><trkpt lat="43.24154282" lon="-4.88415432"><ele>439.22</ele><time>2024-08-31T14:36:50Z</time></trkpt><trkpt lat="43.24153137" lon="-4.88415575"><ele>439.24</ele><time>2024-08-31T14:36:51Z</time></trkpt><trkpt lat="43.24151611" lon="-4.88415718"><ele>439.26</ele><time>2024-08-31T14:36:52Z</time></trkpt><trkpt lat="43.24150467" lon="-4.88415861"><ele>439.28</ele><time>2024-08-31T14:36:53Z</time></trkpt><trkpt lat="43.24148941" lon="-4.88416052"><ele>439.30</ele><time>2024-08-31T14:36:54Z</time></trkpt><trkpt lat="43.24147797" lon="-4.88416338"><ele>439.32</ele><time>2024-08-31T14:36:55Z</time></trkpt><trkpt lat="43.24146652" lon="-4.88416672"><ele>439.33</ele><time>2024-08-31T14:36:56Z</time></trkpt><trkpt lat="43.24145126" lon="-4.88417101"><ele>439.34</ele><time>2024-08-31T14:36:57Z</time></trkpt><trkpt lat="43.24143982" lon="-4.88417625"><ele>439.35</ele><time>2024-08-31T14:36:58Z</time></trkpt><trkpt lat="43.24142456" lon="-4.88418245"><ele>439.35</ele><time>2024-08-31T14:36:59Z</time></trkpt><trkpt lat="43.24141312" lon="-4.88418961"><ele>439.36</ele><time>2024-08-31T14:37:00Z</time></trkpt><trkpt lat="43.24139786" lon="-4.88419724"><ele>439.36</ele><time>2024-08-31T14:37:01Z</time></trkpt><trkpt lat="43.24138641" lon="-4.88420534"><ele>439.36</ele><time>2024-08-31T14:37:02Z</time></trkpt><trkpt lat="43.24137115" lon="-4.88421392"><ele>439.36</ele><time>2024-08-31T14:37:03Z</time></trkpt><trkpt lat="43.24135971" lon="-4.88422298"><ele>439.36</ele><time>2024-08-31T14:37:04Z</time></trkpt><trkpt lat="43.24134827" lon="-4.88423204"><ele>439.36</ele><time>2024-08-31T14:37:05Z</time></trkpt><trkpt lat="43.24133301" lon="-4.88424110"><ele>439.36</ele><time>2024-08-31T14:37:06Z</time></trkpt><trkpt lat="43.24132156" lon="-4.88425112"><ele>439.36</ele><time>2024-08-31T14:37:07Z</time></trkpt><trkpt lat="43.24131012" lon="-4.88426065"><ele>439.36</ele><time>2024-08-31T14:37:08Z</time></trkpt><trkpt lat="43.24129868" lon="-4.88427114"><ele>439.37</ele><time>2024-08-31T14:37:09Z</time></trkpt><trkpt lat="43.24128723" lon="-4.88428116"><ele>439.37</ele><time>2024-08-31T14:37:10Z</time></trkpt><trkpt lat="43.24127579" lon="-4.88429165"><ele>439.38</ele><time>2024-08-31T14:37:11Z</time></trkpt><trkpt lat="43.24126434" lon="-4.88430214"><ele>439.39</ele><time>2024-08-31T14:37:12Z</time></trkpt><trkpt lat="43.24125290" lon="-4.88431311"><ele>439.39</ele><time>2024-08-31T14:37:13Z</time></trkpt><trkpt lat="43.24124146" lon="-4.88432407"><ele>439.40</ele><time>2024-08-31T14:37:14Z</time></trkpt><trkpt lat="43.24123383" lon="-4.88433504"><ele>439.40</ele><time>2024-08-31T14:37:15Z</time></trkpt><trkpt lat="43.24122238" lon="-4.88434601"><ele>439.41</ele><time>2024-08-31T14:37:16Z</time></trkpt><trkpt lat="43.24121094" lon="-4.88435745"><ele>439.42</ele><time>2024-08-31T14:37:17Z</time></trkpt><trkpt lat="43.24120331" lon="-4.88436937"><ele>439.43</ele><time>2024-08-31T14:37:18Z</time></trkpt><trkpt lat="43.24119186" lon="-4.88438129"><ele>439.44</ele><time>2024-08-31T14:37:19Z</time></trkpt><trkpt lat="43.24118423" lon="-4.88439322"><ele>439.44</ele><time>2024-08-31T14:37:20Z</time></trkpt><trkpt lat="43.24117661" lon="-4.88440561"><ele>439.45</ele><time>2024-08-31T14:37:21Z</time></trkpt><trkpt lat="43.24116516" lon="-4.88441849"><ele>439.46</ele><time>2024-08-31T14:37:22Z</time></trkpt><trkpt lat="43.24115753" lon="-4.88443089"><ele>439.47</ele><time>2024-08-31T14:37:23Z</time></trkpt><trkpt lat="43.24114990" lon="-4.88444376"><ele>439.47</ele><time>2024-08-31T14:37:24Z</time></trkpt><trkpt lat="43.24113846" lon="-4.88445663"><ele>439.48</ele><time>2024-08-31T14:37:25Z</time></trkpt><trkpt lat="43.24113083" lon="-4.88446951"><ele>439.49</ele><time>2024-08-31T14:37:26Z</time></trkpt><trkpt lat="43.24112320" lon="-4.88448286"><ele>439.50</ele><time>2024-08-31T14:37:27Z</time></trkpt><trkpt lat="43.24111557" lon="-4.88449621"><ele>439.50</ele><time>2024-08-31T14:37:28Z</time></trkpt><trkpt lat="43.24110794" lon="-4.88450956"><ele>439.51</ele><time>2024-08-31T14:37:29Z</time></trkpt><trkpt lat="43.24110031" lon="-4.88452339"><ele>439.52</ele><time>2024-08-31T14:37:30Z</time></trkpt><trkpt lat="43.24109268" lon="-4.88453674"><ele>439.53</ele><time>2024-08-31T14:37:31Z</time></trkpt><trkpt lat="43.24108505" lon="-4.88455057"><ele>439.53</ele><time>2024-08-31T14:37:32Z</time></trkpt><trkpt lat="43.24107742" lon="-4.88456392"><ele>439.54</ele><time>2024-08-31T14:37:33Z</time></trkpt><trkpt lat="43.24106979" lon="-4.88457727"><ele>439.55</ele><time>2024-08-31T14:37:34Z</time></trkpt><trkpt lat="43.24106216" lon="-4.88459015"><ele>439.56</ele><time>2024-08-31T14:37:35Z</time></trkpt><trkpt lat="43.24105072" lon="-4.88460350"><ele>439.56</ele><time>2024-08-31T14:37:36Z</time></trkpt><trkpt lat="43.24104309" lon="-4.88461637"><ele>439.57</ele><time>2024-08-31T14:37:37Z</time></trkpt><trkpt lat="43.24103546" lon="-4.88462973"><ele>439.58</ele><time>2024-08-31T14:37:38Z</time></trkpt><trkpt lat="43.24102783" lon="-4.88464308"><ele>439.59</ele><time>2024-08-31T14:37:39Z</time></trkpt><trkpt lat="43.24102020" lon="-4.88465595"><ele>439.60</ele><time>2024-08-31T14:37:40Z</time></trkpt><trkpt lat="43.24100876" lon="-4.88466930"><ele>439.61</ele><time>2024-08-31T14:37:41Z</time></trkpt><trkpt lat="43.24100113" lon="-4.88468218"><ele>439.62</ele><time>2024-08-31T14:37:42Z</time></trkpt><trkpt lat="43.24099350" lon="-4.88469315"><ele>439.63</ele><time>2024-08-31T14:37:43Z</time></trkpt><trkpt lat="43.24098206" lon="-4.88470125"><ele>439.63</ele><time>2024-08-31T14:37:44Z</time></trkpt><trkpt lat="43.24097061" lon="-4.88470745"><ele>439.63</ele><time>2024-08-31T14:37:45Z</time></trkpt><trkpt lat="43.24095917" lon="-4.88471222"><ele>439.63</ele><time>2024-08-31T14:37:46Z</time></trkpt><trkpt lat="43.24094772" lon="-4.88471556"><ele>439.63</ele><time>2024-08-31T14:37:47Z</time></trkpt><trkpt lat="43.24093628" lon="-4.88471794"><ele>439.63</ele><time>2024-08-31T14:37:48Z</time></trkpt><trkpt lat="43.24092484" lon="-4.88471937"><ele>439.63</ele><time>2024-08-31T14:37:49Z</time></trkpt><trkpt lat="43.24091339" lon="-4.88471985"><ele>439.63</ele><time>2024-08-31T14:37:50Z</time></trkpt><trkpt lat="43.24090195" lon="-4.88471985"><ele>439.64</ele><time>2024-08-31T14:37:51Z</time></trkpt><trkpt lat="43.24089050" lon="-4.88471937"><ele>439.64</ele><time>2024-08-31T14:37:52Z</time></trkpt><trkpt lat="43.24087906" lon="-4.88471842"><ele>439.64</ele><time>2024-08-31T14:37:53Z</time></trkpt><trkpt lat="43.24086761" lon="-4.88471699"><ele>439.65</ele><time>2024-08-31T14:37:54Z</time></trkpt><trkpt lat="43.24085617" lon="-4.88471651"><ele>439.65</ele><time>2024-08-31T14:37:55Z</time></trkpt><trkpt lat="43.24084473" lon="-4.88471603"><ele>439.66</ele><time>2024-08-31T14:37:56Z</time></trkpt><trkpt lat="43.24082947" lon="-4.88471556"><ele>439.66</ele><time>2024-08-31T14:37:57Z</time></trkpt><trkpt lat="43.24081802" lon="-4.88471556"><ele>439.67</ele><time>2024-08-31T14:37:58Z</time></trkpt><trkpt lat="43.24080658" lon="-4.88471556"><ele>439.67</ele><time>2024-08-31T14:37:59Z</time></trkpt><trkpt lat="43.24079514" lon="-4.88471603"><ele>439.68</ele><time>2024-08-31T14:38:00Z</time></trkpt><trkpt lat="43.24077988" lon="-4.88471651"><ele>439.68</ele><time>2024-08-31T14:38:01Z</time></trkpt><trkpt lat="43.24076843" lon="-4.88471746"><ele>439.69</ele><time>2024-08-31T14:38:02Z</time></trkpt><trkpt lat="43.24075699" lon="-4.88471794"><ele>439.70</ele><time>2024-08-31T14:38:03Z</time></trkpt><trkpt lat="43.24074554" lon="-4.88471889"><ele>439.70</ele><time>2024-08-31T14:38:04Z</time></trkpt><trkpt lat="43.24073029" lon="-4.88471985"><ele>439.71</ele><time>2024-08-31T14:38:05Z</time></trkpt><trkpt lat="43.24071884" lon="-4.88472128"><ele>439.72</ele><time>2024-08-31T14:38:06Z</time></trkpt><trkpt lat="43.24070740" lon="-4.88472223"><ele>439.72</ele><time>2024-08-31T14:38:07Z</time></trkpt><trkpt lat="43.24069214" lon="-4.88472366"><ele>439.73</ele><time>2024-08-31T14:38:08Z</time></trkpt><trkpt lat="43.24068069" lon="-4.88472462"><ele>439.74</ele><time>2024-08-31T14:38:09Z</time></trkpt><trkpt lat="43.24066925" lon="-4.88472605"><ele>439.74</ele><time>2024-08-31T14:38:10Z</time></trkpt><trkpt lat="43.24065781" lon="-4.88472748"><ele>439.75</ele><time>2024-08-31T14:38:11Z</time></trkpt><trkpt lat="43.24064255" lon="-4.88472891"><ele>439.76</ele><time>2024-08-31T14:38:12Z</time></trkpt><trkpt lat="43.24063110" lon="-4.88473034"><ele>439.77</ele><time>2024-08-31T14:38:13Z</time></trkpt><trkpt lat="43.24061966" lon="-4.88473177"><ele>439.77</ele><time>2024-08-31T14:38:14Z</time></trkpt><trkpt lat="43.24060440" lon="-4.88473320"><ele>439.78</ele><time>2024-08-31T14:38:15Z</time></trkpt><trkpt lat="43.24059296" lon="-4.88473463"><ele>439.79</ele><time>2024-08-31T14:38:16Z</time></trkpt><trkpt lat="43.24058151" lon="-4.88473606"><ele>439.80</ele><time>2024-08-31T14:38:17Z</time></trkpt><trkpt lat="43.24056625" lon="-4.88473749"><ele>439.80</ele><time>2024-08-31T14:38:18Z</time></trkpt><trkpt lat="43.24055481" lon="-4.88473940"><ele>439.81</ele><time>2024-08-31T14:38:19Z</time></trkpt><trkpt lat="43.24053955" lon="-4.88474083"><ele>439.82</ele><time>2024-08-31T14:38:20Z</time></trkpt><trkpt lat="43.24052811" lon="-4.88474226"><ele>439.83</ele><time>2024-08-31T14:38:21Z</time></trkpt><trkpt lat="43.24051666" lon="-4.88474369"><ele>439.84</ele><time>2024-08-31T14:38:22Z</time></trkpt><trkpt lat="43.24050140" lon="-4.88474560"><ele>439.85</ele><time>2024-08-31T14:38:23Z</time></trkpt><trkpt lat="43.24048996" lon="-4.88474751"><ele>439.85</ele><time>2024-08-31T14:38:24Z</time></trkpt><trkpt lat="43.24047470" lon="-4.88474989"><ele>439.86</ele><time>2024-08-31T14:38:25Z</time></trkpt><trkpt lat="43.24046326" lon="-4.88475275"><ele>439.87</ele><time>2024-08-31T14:38:26Z</time></trkpt><trkpt lat="43.24045181" lon="-4.88475609"><ele>439.87</ele><time>2024-08-31T14:38:27Z</time></trkpt><trkpt lat="43.24043655" lon="-4.88475943"><ele>439.88</ele><time>2024-08-31T14:38:28Z</time></trkpt><trkpt lat="43.24042511" lon="-4.88476324"><ele>439.88</ele><time>2024-08-31T14:38:29Z</time></trkpt><trkpt lat="43.24040985" lon="-4.88476706"><ele>439.89</ele><time>2024-08-31T14:38:30Z</time></trkpt><trkpt lat="43.24039841" lon="-4.88477135"><ele>439.89</ele><time>2024-08-31T14:38:31Z</time></trkpt><trkpt lat="43.24038315" lon="-4.88477612"><ele>439.89</ele><time>2024-08-31T14:38:32Z</time></trkpt><trkpt lat="43.24037170" lon="-4.88478088"><ele>439.89</ele><time>2024-08-31T14:38:33Z</time></trkpt><trkpt lat="43.24035645" lon="-4.88478613"><ele>439.89</ele><time>2024-08-31T14:38:34Z</time></trkpt><trkpt lat="43.24034119" lon="-4.88479137"><ele>439.89</ele><time>2024-08-31T14:38:35Z</time></trkpt><trkpt lat="43.24032974" lon="-4.88479662"><ele>439.89</ele><time>2024-08-31T14:38:36Z</time></trkpt><trkpt lat="43.24031448" lon="-4.88480234"><ele>439.88</ele><time>2024-08-31T14:38:37Z</time></trkpt><trkpt lat="43.24030304" lon="-4.88480806"><ele>439.88</ele><time>2024-08-31T14:38:38Z</time></trkpt><trkpt lat="43.24028778" lon="-4.88481379"><ele>439.88</ele><time>2024-08-31T14:38:39Z</time></trkpt><trkpt lat="43.24027252" lon="-4.88481951"><ele>439.87</ele><time>2024-08-31T14:38:40Z</time></trkpt><trkpt lat="43.24026108" lon="-4.88482571"><ele>439.87</ele><time>2024-08-31T14:38:41Z</time></trkpt><trkpt lat="43.24024582" lon="-4.88483191"><ele>439.86</ele><time>2024-08-31T14:38:42Z</time></trkpt><trkpt lat="43.24023438" lon="-4.88483763"><ele>439.86</ele><time>2024-08-31T14:38:43Z</time></trkpt><trkpt lat="43.24021912" lon="-4.88484383"><ele>439.86</ele><time>2024-08-31T14:38:44Z</time></trkpt><trkpt lat="43.24020767" lon="-4.88485003"><ele>439.86</ele><time>2024-08-31T14:38:45Z</time></trkpt><trkpt lat="43.24019241" lon="-4.88485622"><ele>439.86</ele><time>2024-08-31T14:38:46Z</time></trkpt><trkpt lat="43.24017715" lon="-4.88486242"><ele>439.86</ele><time>2024-08-31T14:38:47Z</time></trkpt><trkpt lat="43.24016571" lon="-4.88486862"><ele>439.86</ele><time>2024-08-31T14:38:48Z</time></trkpt><trkpt lat="43.24015427" lon="-4.88487482"><ele>439.85</ele><time>2024-08-31T14:38:49Z</time></trkpt><trkpt lat="43.24013901" lon="-4.88488054"><ele>439.85</ele><time>2024-08-31T14:38:50Z</time></trkpt><trkpt lat="43.24012756" lon="-4.88488674"><ele>439.85</ele><time>2024-08-31T14:38:51Z</time></trkpt><trkpt lat="43.24011230" lon="-4.88489246"><ele>439.85</ele><time>2024-08-31T14:38:52Z</time></trkpt><trkpt lat="43.24010086" lon="-4.88489819"><ele>439.86</ele><time>2024-08-31T14:38:53Z</time></trkpt><trkpt lat="43.24008560" lon="-4.88490391"><ele>439.86</ele><time>2024-08-31T14:38:54Z</time></trkpt><trkpt lat="43.24007416" lon="-4.88490963"><ele>439.86</ele><time>2024-08-31T14:38:55Z</time></trkpt><trkpt lat="43.24006271" lon="-4.88491535"><ele>439.86</ele><time>2024-08-31T14:38:56Z</time></trkpt><trkpt lat="43.24004745" lon="-4.88492107"><ele>439.86</ele><time>2024-08-31T14:38:57Z</time></trkpt><trkpt lat="43.24003601" lon="-4.88492680"><ele>439.86</ele><time>2024-08-31T14:38:58Z</time></trkpt><trkpt lat="43.24002457" lon="-4.88493299"><ele>439.86</ele><time>2024-08-31T14:38:59Z</time></trkpt><trkpt lat="43.24000931" lon="-4.88493919"><ele>439.87</ele><time>2024-08-31T14:39:00Z</time></trkpt><trkpt lat="43.23999786" lon="-4.88494492"><ele>439.87</ele><time>2024-08-31T14:39:01Z</time></trkpt><trkpt lat="43.23998642" lon="-4.88495111"><ele>439.87</ele><time>2024-08-31T14:39:02Z</time></trkpt><trkpt lat="43.23997498" lon="-4.88495731"><ele>439.88</ele><time>2024-08-31T14:39:03Z</time></trkpt><trkpt lat="43.23995972" lon="-4.88496351"><ele>439.88</ele><time>2024-08-31T14:39:04Z</time></trkpt><trkpt lat="43.23994827" lon="-4.88496971"><ele>439.89</ele><time>2024-08-31T14:39:05Z</time></trkpt><trkpt lat="43.23993683" lon="-4.88497543"><ele>439.90</ele><time>2024-08-31T14:39:06Z</time></trkpt><trkpt lat="43.23992538" lon="-4.88498163"><ele>439.90</ele><time>2024-08-31T14:39:07Z</time></trkpt><trkpt lat="43.23991394" lon="-4.88498783"><ele>439.91</ele><time>2024-08-31T14:39:08Z</time></trkpt><trkpt lat="43.23989868" lon="-4.88499403"><ele>439.92</ele><time>2024-08-31T14:39:09Z</time></trkpt><trkpt lat="43.23988724" lon="-4.88500023"><ele>439.93</ele><time>2024-08-31T14:39:10Z</time></trkpt><trkpt lat="43.23987579" lon="-4.88500595"><ele>439.93</ele><time>2024-08-31T14:39:11Z</time></trkpt><trkpt lat="43.23986435" lon="-4.88501215"><ele>439.94</ele><time>2024-08-31T14:39:12Z</time></trkpt><trkpt lat="43.23985291" lon="-4.88501835"><ele>439.95</ele><time>2024-08-31T14:39:13Z</time></trkpt><trkpt lat="43.23984146" lon="-4.88502455"><ele>439.96</ele><time>2024-08-31T14:39:14Z</time></trkpt><trkpt lat="43.23983002" lon="-4.88503075"><ele>439.96</ele><time>2024-08-31T14:39:15Z</time></trkpt><trkpt lat="43.23981857" lon="-4.88503695"><ele>439.97</ele><time>2024-08-31T14:39:16Z</time></trkpt><trkpt lat="43.23980713" lon="-4.88504314"><ele>439.97</ele><time>2024-08-31T14:39:17Z</time></trkpt><trkpt lat="43.23979568" lon="-4.88504934"><ele>439.98</ele><time>2024-08-31T14:39:18Z</time></trkpt><trkpt lat="43.23978424" lon="-4.88505554"><ele>439.98</ele><time>2024-08-31T14:39:19Z</time></trkpt><trkpt lat="43.23977280" lon="-4.88506222"><ele>439.99</ele><time>2024-08-31T14:39:20Z</time></trkpt><trkpt lat="43.23976135" lon="-4.88506842"><ele>439.99</ele><time>2024-08-31T14:39:21Z</time></trkpt><trkpt lat="43.23974991" lon="-4.88507509"><ele>440.00</ele><time>2024-08-31T14:39:22Z</time></trkpt><trkpt lat="43.23973846" lon="-4.88508129"><ele>440.00</ele><time>2024-08-31T14:39:23Z</time></trkpt><trkpt lat="43.23972702" lon="-4.88508749"><ele>440.01</ele><time>2024-08-31T14:39:24Z</time></trkpt><trkpt lat="43.23971558" lon="-4.88509417"><ele>440.01</ele><time>2024-08-31T14:39:25Z</time></trkpt><trkpt lat="43.23970413" lon="-4.88510036"><ele>440.02</ele><time>2024-08-31T14:39:26Z</time></trkpt><trkpt lat="43.23969269" lon="-4.88510704"><ele>440.02</ele><time>2024-08-31T14:39:27Z</time></trkpt><trkpt lat="43.23968124" lon="-4.88511324"><ele>440.03</ele><time>2024-08-31T14:39:28Z</time></trkpt><trkpt lat="43.23966980" lon="-4.88511992"><ele>440.03</ele><time>2024-08-31T14:39:29Z</time></trkpt><trkpt lat="43.23965836" lon="-4.88512611"><ele>440.04</ele><time>2024-08-31T14:39:30Z</time></trkpt><trkpt lat="43.23964691" lon="-4.88513279"><ele>440.04</ele><time>2024-08-31T14:39:31Z</time></trkpt><trkpt lat="43.23963547" lon="-4.88514042"><ele>440.05</ele><time>2024-08-31T14:39:32Z</time></trkpt><trkpt lat="43.23962402" lon="-4.88514805"><ele>440.06</ele><time>2024-08-31T14:39:33Z</time></trkpt><trkpt lat="43.23961258" lon="-4.88515568"><ele>440.06</ele><time>2024-08-31T14:39:34Z</time></trkpt><trkpt lat="43.23960114" lon="-4.88516378"><ele>440.07</ele><time>2024-08-31T14:39:35Z</time></trkpt><trkpt lat="43.23958969" lon="-4.88517189"><ele>440.08</ele><time>2024-08-31T14:39:36Z</time></trkpt><trkpt lat="43.23957825" lon="-4.88518047"><ele>440.08</ele><time>2024-08-31T14:39:37Z</time></trkpt><trkpt lat="43.23956680" lon="-4.88518906"><ele>440.09</ele><time>2024-08-31T14:39:38Z</time></trkpt><trkpt lat="43.23955536" lon="-4.88519764"><ele>440.10</ele><time>2024-08-31T14:39:39Z</time></trkpt><trkpt lat="43.23954391" lon="-4.88520622"><ele>440.11</ele><time>2024-08-31T14:39:40Z</time></trkpt><trkpt lat="43.23953247" lon="-4.88521481"><ele>440.12</ele><time>2024-08-31T14:39:41Z</time></trkpt><trkpt lat="43.23952103" lon="-4.88522387"><ele>440.14</ele><time>2024-08-31T14:39:42Z</time></trkpt><trkpt lat="43.23950958" lon="-4.88523245"><ele>440.15</ele><time>2024-08-31T14:39:43Z</time></trkpt><trkpt lat="43.23949814" lon="-4.88524151"><ele>440.16</ele><time>2024-08-31T14:39:44Z</time></trkpt><trkpt lat="43.23948669" lon="-4.88525057"><ele>440.17</ele><time>2024-08-31T14:39:45Z</time></trkpt><trkpt lat="43.23947525" lon="-4.88525915"><ele>440.18</ele><time>2024-08-31T14:39:46Z</time></trkpt><trkpt lat="43.23946381" lon="-4.88526773"><ele>440.19</ele><time>2024-08-31T14:39:47Z</time></trkpt><trkpt lat="43.23945236" lon="-4.88527584"><ele>440.19</ele><time>2024-08-31T14:39:48Z</time></trkpt><trkpt lat="43.23944092" lon="-4.88528442"><ele>440.20</ele><time>2024-08-31T14:39:49Z</time></trkpt><trkpt lat="43.23942947" lon="-4.88529253"><ele>440.20</ele><time>2024-08-31T14:39:50Z</time></trkpt><trkpt lat="43.23941803" lon="-4.88530064"><ele>440.21</ele><time>2024-08-31T14:39:51Z</time></trkpt><trkpt lat="43.23940659" lon="-4.88530874"><ele>440.21</ele><time>2024-08-31T14:39:52Z</time></trkpt><trkpt lat="43.23939514" lon="-4.88531685"><ele>440.22</ele><time>2024-08-31T14:39:53Z</time></trkpt><trkpt lat="43.23938370" lon="-4.88532495"><ele>440.22</ele><time>2024-08-31T14:39:54Z</time></trkpt><trkpt lat="43.23937225" lon="-4.88533306"><ele>440.23</ele><time>2024-08-31T14:39:55Z</time></trkpt><trkpt lat="43.23936081" lon="-4.88534117"><ele>440.23</ele><time>2024-08-31T14:39:56Z</time></trkpt><trkpt lat="43.23934937" lon="-4.88534927"><ele>440.24</ele><time>2024-08-31T14:39:57Z</time></trkpt><trkpt lat="43.23933411" lon="-4.88535738"><ele>440.24</ele><time>2024-08-31T14:39:58Z</time></trkpt><trkpt lat="43.23932266" lon="-4.88536549"><ele>440.25</ele><time>2024-08-31T14:39:59Z</time></trkpt><trkpt lat="43.23931122" lon="-4.88537359"><ele>440.25</ele><time>2024-08-31T14:40:00Z</time></trkpt><trkpt lat="43.23929977" lon="-4.88538122"><ele>440.26</ele><time>2024-08-31T14:40:01Z</time></trkpt><trkpt lat="43.23928833" lon="-4.88538790"><ele>440.26</ele><time>2024-08-31T14:40:02Z</time></trkpt><trkpt lat="43.23927689" lon="-4.88539457"><ele>440.27</ele><time>2024-08-31T14:40:03Z</time></trkpt><trkpt lat="43.23926544" lon="-4.88540077"><ele>440.27</ele><time>2024-08-31T14:40:04Z</time></trkpt><trkpt lat="43.23925018" lon="-4.88540649"><ele>440.28</ele><time>2024-08-31T14:40:05Z</time></trkpt><trkpt lat="43.23923874" lon="-4.88541222"><ele>440.28</ele><time>2024-08-31T14:40:06Z</time></trkpt><trkpt lat="43.23922729" lon="-4.88541794"><ele>440.28</ele><time>2024-08-31T14:40:07Z</time></trkpt><trkpt lat="43.23921585" lon="-4.88542318"><ele>440.29</ele><time>2024-08-31T14:40:08Z</time></trkpt><trkpt lat="43.23920059" lon="-4.88542843"><ele>440.29</ele><time>2024-08-31T14:40:09Z</time></trkpt><trkpt lat="43.23918915" lon="-4.88543367"><ele>440.29</ele><time>2024-08-31T14:40:10Z</time></trkpt><trkpt lat="43.23917770" lon="-4.88543892"><ele>440.29</ele><time>2024-08-31T14:40:11Z</time></trkpt><trkpt lat="43.23916626" lon="-4.88544369"><ele>440.30</ele><time>2024-08-31T14:40:12Z</time></trkpt><trkpt lat="43.23915100" lon="-4.88544893"><ele>440.30</ele><time>2024-08-31T14:40:13Z</time></trkpt><trkpt lat="43.23913956" lon="-4.88545465"><ele>440.30</ele><time>2024-08-31T14:40:14Z</time></trkpt><trkpt lat="43.23912811" lon="-4.88546181"><ele>440.31</ele><time>2024-08-31T14:40:15Z</time></trkpt><trkpt lat="43.23911285" lon="-4.88546896"><ele>440.31</ele><time>2024-08-31T14:40:16Z</time></trkpt><trkpt lat="43.23910141" lon="-4.88547707"><ele>440.31</ele><time>2024-08-31T14:40:17Z</time></trkpt><trkpt lat="43.23908997" lon="-4.88548517"><ele>440.32</ele><time>2024-08-31T14:40:18Z</time></trkpt><trkpt lat="43.23907471" lon="-4.88549376"><ele>440.32</ele><time>2024-08-31T14:40:19Z</time></trkpt><trkpt lat="43.23906326" lon="-4.88550282"><ele>440.33</ele><time>2024-08-31T14:40:20Z</time></trkpt><trkpt lat="43.23905182" lon="-4.88551140"><ele>440.33</ele><time>2024-08-31T14:40:21Z</time></trkpt><trkpt lat="43.23903656" lon="-4.88552046"><ele>440.34</ele><time>2024-08-31T14:40:22Z</time></trkpt><trkpt lat="43.23902512" lon="-4.88552999"><ele>440.34</ele><time>2024-08-31T14:40:23Z</time></trkpt><trkpt lat="43.23901367" lon="-4.88553953"><ele>440.35</ele><time>2024-08-31T14:40:24Z</time></trkpt><trkpt lat="43.23899841" lon="-4.88554859"><ele>440.36</ele><time>2024-08-31T14:40:25Z</time></trkpt><trkpt lat="43.23898697" lon="-4.88555813"><ele>440.37</ele><time>2024-08-31T14:40:26Z</time></trkpt><trkpt lat="43.23897552" lon="-4.88556814"><ele>440.37</ele><time>2024-08-31T14:40:27Z</time></trkpt><trkpt lat="43.23896027" lon="-4.88557816"><ele>440.38</ele><time>2024-08-31T14:40:28Z</time></trkpt><trkpt lat="43.23894882" lon="-4.88558865"><ele>440.39</ele><time>2024-08-31T14:40:29Z</time></trkpt><trkpt lat="43.23893738" lon="-4.88559914"><ele>440.40</ele><time>2024-08-31T14:40:30Z</time></trkpt><trkpt lat="43.23892593" lon="-4.88561010"><ele>440.41</ele><time>2024-08-31T14:40:31Z</time></trkpt><trkpt lat="43.23891449" lon="-4.88562107"><ele>440.41</ele><time>2024-08-31T14:40:32Z</time></trkpt><trkpt lat="43.23890305" lon="-4.88563204"><ele>440.42</ele><time>2024-08-31T14:40:33Z</time></trkpt><trkpt lat="43.23889160" lon="-4.88564301"><ele>440.43</ele><time>2024-08-31T14:40:34Z</time></trkpt><trkpt lat="43.23888016" lon="-4.88565397"><ele>440.43</ele><time>2024-08-31T14:40:35Z</time></trkpt><trkpt lat="43.23886871" lon="-4.88566542"><ele>440.44</ele><time>2024-08-31T14:40:36Z</time></trkpt><trkpt lat="43.23885727" lon="-4.88567686"><ele>440.44</ele><time>2024-08-31T14:40:37Z</time></trkpt><trkpt lat="43.23884583" lon="-4.88568830"><ele>440.45</ele><time>2024-08-31T14:40:38Z</time></trkpt><trkpt lat="43.23883438" lon="-4.88569975"><ele>440.45</ele><time>2024-08-31T14:40:39Z</time></trkpt><trkpt lat="43.23882675" lon="-4.88571119"><ele>440.45</ele><time>2024-08-31T14:40:40Z</time></trkpt><trkpt lat="43.23881149" lon="-4.88571930"><ele>440.45</ele><time>2024-08-31T14:40:41Z</time></trkpt><trkpt lat="43.23880005" lon="-4.88572407"><ele>440.44</ele><time>2024-08-31T14:40:42Z</time></trkpt><trkpt lat="43.23878860" lon="-4.88572598"><ele>440.43</ele><time>2024-08-31T14:40:43Z</time></trkpt><trkpt lat="43.23877335" lon="-4.88572502"><ele>440.42</ele><time>2024-08-31T14:40:44Z</time></trkpt><trkpt lat="43.23875809" lon="-4.88572311"><ele>440.41</ele><time>2024-08-31T14:40:45Z</time></trkpt><trkpt lat="43.23874664" lon="-4.88571978"><ele>440.41</ele><time>2024-08-31T14:40:46Z</time></trkpt><trkpt lat="43.23873138" lon="-4.88571358"><ele>440.40</ele><time>2024-08-31T14:40:47Z</time></trkpt><trkpt lat="43.23871613" lon="-4.88570547"><ele>440.41</ele><time>2024-08-31T14:40:48Z</time></trkpt><trkpt lat="43.23869705" lon="-4.88569736"><ele>440.41</ele><time>2024-08-31T14:40:49Z</time></trkpt><trkpt lat="43.23868179" lon="-4.88568878"><ele>440.41</ele><time>2024-08-31T14:40:50Z</time></trkpt><trkpt lat="43.23866653" lon="-4.88568068"><ele>440.42</ele><time>2024-08-31T14:40:51Z</time></trkpt><trkpt lat="43.23865509" lon="-4.88567352"><ele>440.42</ele><time>2024-08-31T14:40:52Z</time></trkpt><trkpt lat="43.23863983" lon="-4.88566732"><ele>440.43</ele><time>2024-08-31T14:40:53Z</time></trkpt><trkpt lat="43.23862457" lon="-4.88566160"><ele>440.44</ele><time>2024-08-31T14:40:54Z</time></trkpt><trkpt lat="43.23861313" lon="-4.88565683"><ele>440.45</ele><time>2024-08-31T14:40:55Z</time></trkpt><trkpt lat="43.23860168" lon="-4.88565493"><ele>440.45</ele><time>2024-08-31T14:40:56Z</time></trkpt><trkpt lat="43.23859024" lon="-4.88565397"><ele>440.46</ele><time>2024-08-31T14:40:57Z</time></trkpt><trkpt lat="43.23857498" lon="-4.88565445"><ele>440.47</ele><time>2024-08-31T14:40:58Z</time></trkpt><trkpt lat="43.23856354" lon="-4.88565588"><ele>440.48</ele><time>2024-08-31T14:40:59Z</time></trkpt><trkpt lat="43.23855209" lon="-4.88565731"><ele>440.48</ele><time>2024-08-31T14:41:00Z</time></trkpt><trkpt lat="43.23854065" lon="-4.88565826"><ele>440.49</ele><time>2024-08-31T14:41:01Z</time></trkpt><trkpt lat="43.23852921" lon="-4.88565969"><ele>440.50</ele><time>2024-08-31T14:41:02Z</time></trkpt><trkpt lat="43.23851776" lon="-4.88566065"><ele>440.51</ele><time>2024-08-31T14:41:03Z</time></trkpt><trkpt lat="43.23850632" lon="-4.88566160"><ele>440.51</ele><time>2024-08-31T14:41:04Z</time></trkpt><trkpt lat="43.23849487" lon="-4.88566256"><ele>440.52</ele><time>2024-08-31T14:41:05Z</time></trkpt><trkpt lat="43.23847961" lon="-4.88566351"><ele>440.53</ele><time>2024-08-31T14:41:06Z</time></trkpt><trkpt lat="43.23846817" lon="-4.88566446"><ele>440.54</ele><time>2024-08-31T14:41:07Z</time></trkpt><trkpt lat="43.23845673" lon="-4.88566542"><ele>440.55</ele><time>2024-08-31T14:41:08Z</time></trkpt><trkpt lat="43.23844528" lon="-4.88566637"><ele>440.56</ele><time>2024-08-31T14:41:09Z</time></trkpt><trkpt lat="43.23843384" lon="-4.88566780"><ele>440.57</ele><time>2024-08-31T14:41:10Z</time></trkpt><trkpt lat="43.23842239" lon="-4.88566923"><ele>440.58</ele><time>2024-08-31T14:41:11Z</time></trkpt><trkpt lat="43.23840714" lon="-4.88567066"><ele>440.59</ele><time>2024-08-31T14:41:12Z</time></trkpt><trkpt lat="43.23839569" lon="-4.88567257"><ele>440.60</ele><time>2024-08-31T14:41:13Z</time></trkpt><trkpt lat="43.23838425" lon="-4.88567495"><ele>440.60</ele><time>2024-08-31T14:41:14Z</time></trkpt><trkpt lat="43.23837280" lon="-4.88567781"><ele>440.61</ele><time>2024-08-31T14:41:15Z</time></trkpt><trkpt lat="43.23836136" lon="-4.88568115"><ele>440.61</ele><time>2024-08-31T14:41:16Z</time></trkpt><trkpt lat="43.23834610" lon="-4.88568497"><ele>440.61</ele><time>2024-08-31T14:41:17Z</time></trkpt><trkpt lat="43.23833466" lon="-4.88568830"><ele>440.61</ele><time>2024-08-31T14:41:18Z</time></trkpt><trkpt lat="43.23831940" lon="-4.88569117"><ele>440.61</ele><time>2024-08-31T14:41:19Z</time></trkpt><trkpt lat="43.23830795" lon="-4.88569355"><ele>440.61</ele><time>2024-08-31T14:41:20Z</time></trkpt><trkpt lat="43.23829269" lon="-4.88569546"><ele>440.61</ele><time>2024-08-31T14:41:21Z</time></trkpt><trkpt lat="43.23828125" lon="-4.88569689"><ele>440.61</ele><time>2024-08-31T14:41:22Z</time></trkpt><trkpt lat="43.23826599" lon="-4.88569784"><ele>440.62</ele><time>2024-08-31T14:41:23Z</time></trkpt><trkpt lat="43.23825455" lon="-4.88569832"><ele>440.62</ele><time>2024-08-31T14:41:24Z</time></trkpt><trkpt lat="43.23823929" lon="-4.88569880"><ele>440.63</ele><time>2024-08-31T14:41:25Z</time></trkpt><trkpt lat="43.23822784" lon="-4.88569784"><ele>440.63</ele><time>2024-08-31T14:41:26Z</time></trkpt><trkpt lat="43.23821259" lon="-4.88569641"><ele>440.64</ele><time>2024-08-31T14:41:27Z</time></trkpt><trkpt lat="43.23819733" lon="-4.88569450"><ele>440.65</ele><time>2024-08-31T14:41:28Z</time></trkpt><trkpt lat="43.23818588" lon="-4.88569260"><ele>440.66</ele><time>2024-08-31T14:41:29Z</time></trkpt><trkpt lat="43.23817062" lon="-4.88569021"><ele>440.67</ele><time>2024-08-31T14:41:30Z</time></trkpt><trkpt lat="43.23815918" lon="-4.88568878"><ele>440.68</ele><time>2024-08-31T14:41:31Z</time></trkpt><trkpt lat="43.23814392" lon="-4.88568735"><ele>440.69</ele><time>2024-08-31T14:41:32Z</time></trkpt><trkpt lat="43.23813248" lon="-4.88568640"><ele>440.70</ele><time>2024-08-31T14:41:33Z</time></trkpt><trkpt lat="43.23811722" lon="-4.88568592"><ele>440.71</ele><time>2024-08-31T14:41:34Z</time></trkpt><trkpt lat="43.23810577" lon="-4.88568592"><ele>440.71</ele><time>2024-08-31T14:41:35Z</time></trkpt><trkpt lat="43.23809052" lon="-4.88568544"><ele>440.72</ele><time>2024-08-31T14:41:36Z</time></trkpt><trkpt lat="43.23807907" lon="-4.88568592"><ele>440.73</ele><time>2024-08-31T14:41:37Z</time></trkpt><trkpt lat="43.23806381" lon="-4.88568592"><ele>440.74</ele><time>2024-08-31T14:41:38Z</time></trkpt><trkpt lat="43.23805237" lon="-4.88568592"><ele>440.75</ele><time>2024-08-31T14:41:39Z</time></trkpt><trkpt lat="43.23803711" lon="-4.88568640"><ele>440.76</ele><time>2024-08-31T14:41:40Z</time></trkpt><trkpt lat="43.23802567" lon="-4.88568640"><ele>440.77</ele><time>2024-08-31T14:41:41Z</time></trkpt><trkpt lat="43.23801422" lon="-4.88568640"><ele>440.79</ele><time>2024-08-31T14:41:42Z</time></trkpt><trkpt lat="43.23799896" lon="-4.88568544"><ele>440.80</ele><time>2024-08-31T14:41:43Z</time></trkpt><trkpt lat="43.23798752" lon="-4.88568449"><ele>440.82</ele><time>2024-08-31T14:41:44Z</time></trkpt><trkpt lat="43.23797607" lon="-4.88568258"><ele>440.83</ele><time>2024-08-31T14:41:45Z</time></trkpt><trkpt lat="43.23796082" lon="-4.88568115"><ele>440.85</ele><time>2024-08-31T14:41:46Z</time></trkpt><trkpt lat="43.23794937" lon="-4.88567924"><ele>440.87</ele><time>2024-08-31T14:41:47Z</time></trkpt><trkpt lat="43.23793793" lon="-4.88567734"><ele>440.89</ele><time>2024-08-31T14:41:48Z</time></trkpt><trkpt lat="43.23792267" lon="-4.88567543"><ele>440.91</ele><time>2024-08-31T14:41:49Z</time></trkpt><trkpt lat="43.23791122" lon="-4.88567352"><ele>440.93</ele><time>2024-08-31T14:41:50Z</time></trkpt><trkpt lat="43.23789978" lon="-4.88567162"><ele>440.95</ele><time>2024-08-31T14:41:51Z</time></trkpt><trkpt lat="43.23788834" lon="-4.88566971"><ele>440.97</ele><time>2024-08-31T14:41:52Z</time></trkpt><trkpt lat="43.23787308" lon="-4.88566828"><ele>440.99</ele><time>2024-08-31T14:41:53Z</time></trkpt><trkpt lat="43.23786163" lon="-4.88566637"><ele>441.01</ele><time>2024-08-31T14:41:54Z</time></trkpt><trkpt lat="43.23785019" lon="-4.88566494"><ele>441.02</ele><time>2024-08-31T14:41:55Z</time></trkpt><trkpt lat="43.23783875" lon="-4.88566351"><ele>441.04</ele><time>2024-08-31T14:41:56Z</time></trkpt><trkpt lat="43.23782349" lon="-4.88566256"><ele>441.06</ele><time>2024-08-31T14:41:57Z</time></trkpt><trkpt lat="43.23781204" lon="-4.88566113"><ele>441.08</ele><time>2024-08-31T14:41:58Z</time></trkpt><trkpt lat="43.23780060" lon="-4.88566017"><ele>441.10</ele><time>2024-08-31T14:41:59Z</time></trkpt><trkpt lat="43.23778915" lon="-4.88565874"><ele>441.13</ele><time>2024-08-31T14:42:00Z</time></trkpt><trkpt lat="43.23777390" lon="-4.88565779"><ele>441.15</ele><time>2024-08-31T14:42:01Z</time></trkpt><trkpt lat="43.23776245" lon="-4.88565636"><ele>441.17</ele><time>2024-08-31T14:42:02Z</time></trkpt><trkpt lat="43.23775101" lon="-4.88565540"><ele>441.19</ele><time>2024-08-31T14:42:03Z</time></trkpt><trkpt lat="43.23773575" lon="-4.88565397"><ele>441.22</ele><time>2024-08-31T14:42:04Z</time></trkpt><trkpt lat="43.23772430" lon="-4.88565254"><ele>441.24</ele><time>2024-08-31T14:42:05Z</time></trkpt><trkpt lat="43.23771286" lon="-4.88565159"><ele>441.27</ele><time>2024-08-31T14:42:06Z</time></trkpt><trkpt lat="43.23769760" lon="-4.88565016"><ele>441.29</ele><time>2024-08-31T14:42:07Z</time></trkpt><trkpt lat="43.23768616" lon="-4.88564873"><ele>441.32</ele><time>2024-08-31T14:42:08Z</time></trkpt><trkpt lat="43.23767471" lon="-4.88564730"><ele>441.34</ele><time>2024-08-31T14:42:09Z</time></trkpt><trkpt lat="43.23765945" lon="-4.88564587"><ele>441.37</ele><time>2024-08-31T14:42:10Z</time></trkpt><trkpt lat="43.23764801" lon="-4.88564444"><ele>441.39</ele><time>2024-08-31T14:42:11Z</time></trkpt><trkpt lat="43.23763657" lon="-4.88564301"><ele>441.42</ele><time>2024-08-31T14:42:12Z</time></trkpt><trkpt lat="43.23762131" lon="-4.88564157"><ele>441.45</ele><time>2024-08-31T14:42:13Z</time></trkpt><trkpt lat="43.23760986" lon="-4.88563967"><ele>441.47</ele><time>2024-08-31T14:42:14Z</time></trkpt><trkpt lat="43.23759842" lon="-4.88563824"><ele>441.50</ele><time>2024-08-31T14:42:15Z</time></trkpt><trkpt lat="43.23758316" lon="-4.88563633"><ele>441.52</ele><time>2024-08-31T14:42:16Z</time></trkpt><trkpt lat="43.23757172" lon="-4.88563442"><ele>441.54</ele><time>2024-08-31T14:42:17Z</time></trkpt><trkpt lat="43.23755646" lon="-4.88563251"><ele>441.56</ele><time>2024-08-31T14:42:18Z</time></trkpt><trkpt lat="43.23754501" lon="-4.88563061"><ele>441.58</ele><time>2024-08-31T14:42:19Z</time></trkpt><trkpt lat="43.23753357" lon="-4.88562822"><ele>441.61</ele><time>2024-08-31T14:42:20Z</time></trkpt><trkpt lat="43.23751831" lon="-4.88562632"><ele>441.63</ele><time>2024-08-31T14:42:21Z</time></trkpt><trkpt lat="43.23750687" lon="-4.88562346"><ele>441.65</ele><time>2024-08-31T14:42:22Z</time></trkpt><trkpt lat="43.23749542" lon="-4.88562012"><ele>441.67</ele><time>2024-08-31T14:42:23Z</time></trkpt><trkpt lat="43.23748398" lon="-4.88561678"><ele>441.69</ele><time>2024-08-31T14:42:24Z</time></trkpt><trkpt lat="43.23747253" lon="-4.88561296"><ele>441.71</ele><time>2024-08-31T14:42:25Z</time></trkpt><trkpt lat="43.23745728" lon="-4.88560867"><ele>441.72</ele><time>2024-08-31T14:42:26Z</time></trkpt><trkpt lat="43.23744583" lon="-4.88560438"><ele>441.74</ele><time>2024-08-31T14:42:27Z</time></trkpt><trkpt lat="43.23743439" lon="-4.88560057"><ele>441.75</ele><time>2024-08-31T14:42:28Z</time></trkpt><trkpt lat="43.23742294" lon="-4.88559675"><ele>441.77</ele><time>2024-08-31T14:42:29Z</time></trkpt><trkpt lat="43.23741150" lon="-4.88559389"><ele>441.78</ele><time>2024-08-31T14:42:30Z</time></trkpt><trkpt lat="43.23739624" lon="-4.88559055"><ele>441.80</ele><time>2024-08-31T14:42:31Z</time></trkpt><trkpt lat="43.23738480" lon="-4.88558769"><ele>441.81</ele><time>2024-08-31T14:42:32Z</time></trkpt><trkpt lat="43.23737335" lon="-4.88558483"><ele>441.82</ele><time>2024-08-31T14:42:33Z</time></trkpt><trkpt lat="43.23736191" lon="-4.88558245"><ele>441.83</ele><time>2024-08-31T14:42:34Z</time></trkpt><trkpt lat="43.23734665" lon="-4.88558006"><ele>441.84</ele><time>2024-08-31T14:42:35Z</time></trkpt><trkpt lat="43.23733521" lon="-4.88557816"><ele>441.85</ele><time>2024-08-31T14:42:36Z</time></trkpt><trkpt lat="43.23732376" lon="-4.88557673"><ele>441.86</ele><time>2024-08-31T14:42:37Z</time></trkpt><trkpt lat="43.23731232" lon="-4.88557577"><ele>441.87</ele><time>2024-08-31T14:42:38Z</time></trkpt><trkpt lat="43.23730087" lon="-4.88557482"><ele>441.88</ele><time>2024-08-31T14:42:39Z</time></trkpt><trkpt lat="43.23728943" lon="-4.88557386"><ele>441.88</ele><time>2024-08-31T14:42:40Z</time></trkpt><trkpt lat="43.23727798" lon="-4.88557339"><ele>441.89</ele><time>2024-08-31T14:42:41Z</time></trkpt><trkpt lat="43.23726654" lon="-4.88557339"><ele>441.90</ele><time>2024-08-31T14:42:42Z</time></trkpt><trkpt lat="43.23725510" lon="-4.88557386"><ele>441.90</ele><time>2024-08-31T14:42:43Z</time></trkpt><trkpt lat="43.23724747" lon="-4.88557482"><ele>441.91</ele><time>2024-08-31T14:42:44Z</time></trkpt><trkpt lat="43.23723602" lon="-4.88557529"><ele>441.92</ele><time>2024-08-31T14:42:45Z</time></trkpt><trkpt lat="43.23722458" lon="-4.88557625"><ele>441.93</ele><time>2024-08-31T14:42:46Z</time></trkpt><trkpt lat="43.23721313" lon="-4.88557720"><ele>441.95</ele><time>2024-08-31T14:42:47Z</time></trkpt><trkpt lat="43.23720169" lon="-4.88557816"><ele>441.96</ele><time>2024-08-31T14:42:48Z</time></trkpt><trkpt lat="43.23719025" lon="-4.88557959"><ele>441.98</ele><time>2024-08-31T14:42:49Z</time></trkpt><trkpt lat="43.23717880" lon="-4.88558102"><ele>441.99</ele><time>2024-08-31T14:42:50Z</time></trkpt><trkpt lat="43.23716736" lon="-4.88558340"><ele>442.00</ele><time>2024-08-31T14:42:51Z</time></trkpt><trkpt lat="43.23715210" lon="-4.88558578"><ele>442.01</ele><time>2024-08-31T14:42:52Z</time></trkpt><trkpt lat="43.23714066" lon="-4.88558865"><ele>442.02</ele><time>2024-08-31T14:42:53Z</time></trkpt><trkpt lat="43.23712921" lon="-4.88559246"><ele>442.02</ele><time>2024-08-31T14:42:54Z</time></trkpt><trkpt lat="43.23711777" lon="-4.88559628"><ele>442.03</ele><time>2024-08-31T14:42:55Z</time></trkpt><trkpt lat="43.23710251" lon="-4.88560009"><ele>442.03</ele><time>2024-08-31T14:42:56Z</time></trkpt><trkpt lat="43.23709106" lon="-4.88560200"><ele>442.03</ele><time>2024-08-31T14:42:57Z</time></trkpt><trkpt lat="43.23707581" lon="-4.88560295"><ele>442.03</ele><time>2024-08-31T14:42:58Z</time></trkpt><trkpt lat="43.23706436" lon="-4.88560295"><ele>442.04</ele><time>2024-08-31T14:42:59Z</time></trkpt><trkpt lat="43.23704910" lon="-4.88560152"><ele>442.04</ele><time>2024-08-31T14:43:00Z</time></trkpt><trkpt lat="43.23703766" lon="-4.88559961"><ele>442.05</ele><time>2024-08-31T14:43:01Z</time></trkpt><trkpt lat="43.23702240" lon="-4.88559675"><ele>442.07</ele><time>2024-08-31T14:43:02Z</time></trkpt><trkpt lat="43.23701096" lon="-4.88559341"><ele>442.08</ele><time>2024-08-31T14:43:03Z</time></trkpt><trkpt lat="43.23699570" lon="-4.88559008"><ele>442.09</ele><time>2024-08-31T14:43:04Z</time></trkpt><trkpt lat="43.23698425" lon="-4.88558722"><ele>442.10</ele><time>2024-08-31T14:43:05Z</time></trkpt><trkpt lat="43.23697281" lon="-4.88558388"><ele>442.11</ele><time>2024-08-31T14:43:06Z</time></trkpt><trkpt lat="43.23695755" lon="-4.88558102"><ele>442.13</ele><time>2024-08-31T14:43:07Z</time></trkpt><trkpt lat="43.23694611" lon="-4.88557816"><ele>442.14</ele><time>2024-08-31T14:43:08Z</time></trkpt><trkpt lat="43.23693466" lon="-4.88557577"><ele>442.15</ele><time>2024-08-31T14:43:09Z</time></trkpt><trkpt lat="43.23691940" lon="-4.88557386"><ele>442.16</ele><time>2024-08-31T14:43:10Z</time></trkpt><trkpt lat="43.23690796" lon="-4.88557196"><ele>442.18</ele><time>2024-08-31T14:43:11Z</time></trkpt><trkpt lat="43.23689651" lon="-4.88557053"><ele>442.19</ele><time>2024-08-31T14:43:12Z</time></trkpt><trkpt lat="43.23688507" lon="-4.88556910"><ele>442.20</ele><time>2024-08-31T14:43:13Z</time></trkpt><trkpt lat="43.23686981" lon="-4.88556767"><ele>442.22</ele><time>2024-08-31T14:43:14Z</time></trkpt><trkpt lat="43.23685837" lon="-4.88556719"><ele>442.23</ele><time>2024-08-31T14:43:15Z</time></trkpt><trkpt lat="43.23684692" lon="-4.88556671"><ele>442.24</ele><time>2024-08-31T14:43:16Z</time></trkpt><trkpt lat="43.23683167" lon="-4.88556623"><ele>442.25</ele><time>2024-08-31T14:43:17Z</time></trkpt><trkpt lat="43.23682022" lon="-4.88556671"><ele>442.26</ele><time>2024-08-31T14:43:18Z</time></trkpt><trkpt lat="43.23680496" lon="-4.88556671"><ele>442.27</ele><time>2024-08-31T14:43:19Z</time></trkpt><trkpt lat="43.23679352" lon="-4.88556671"><ele>442.28</ele><time>2024-08-31T14:43:20Z</time></trkpt><trkpt lat="43.23678207" lon="-4.88556719"><ele>442.29</ele><time>2024-08-31T14:43:21Z</time></trkpt><trkpt lat="43.23676682" lon="-4.88556719"><ele>442.30</ele><time>2024-08-31T14:43:22Z</time></trkpt><trkpt lat="43.23675537" lon="-4.88556767"><ele>442.31</ele><time>2024-08-31T14:43:23Z</time></trkpt><trkpt lat="43.23674393" lon="-4.88556767"><ele>442.32</ele><time>2024-08-31T14:43:24Z</time></trkpt><trkpt lat="43.23672867" lon="-4.88556814"><ele>442.33</ele><time>2024-08-31T14:43:25Z</time></trkpt><trkpt lat="43.23671722" lon="-4.88556814"><ele>442.34</ele><time>2024-08-31T14:43:26Z</time></trkpt><trkpt lat="43.23670578" lon="-4.88556814"><ele>442.35</ele><time>2024-08-31T14:43:27Z</time></trkpt><trkpt lat="43.23669052" lon="-4.88556862"><ele>442.36</ele><time>2024-08-31T14:43:28Z</time></trkpt><trkpt lat="43.23667908" lon="-4.88556862"><ele>442.37</ele><time>2024-08-31T14:43:29Z</time></trkpt><trkpt lat="43.23666763" lon="-4.88556862"><ele>442.38</ele><time>2024-08-31T14:43:30Z</time></trkpt><trkpt lat="43.23665237" lon="-4.88556862"><ele>442.39</ele><time>2024-08-31T14:43:31Z</time></trkpt><trkpt lat="43.23664093" lon="-4.88556862"><ele>442.40</ele><time>2024-08-31T14:43:32Z</time></trkpt><trkpt lat="43.23662949" lon="-4.88556862"><ele>442.41</ele><time>2024-08-31T14:43:33Z</time></trkpt><trkpt lat="43.23661423" lon="-4.88556814"><ele>442.42</ele><time>2024-08-31T14:43:34Z</time></trkpt><trkpt lat="43.23660278" lon="-4.88556814"><ele>442.42</ele><time>2024-08-31T14:43:35Z</time></trkpt><trkpt lat="43.23659134" lon="-4.88556767"><ele>442.43</ele><time>2024-08-31T14:43:36Z</time></trkpt><trkpt lat="43.23657990" lon="-4.88556719"><ele>442.44</ele><time>2024-08-31T14:43:37Z</time></trkpt><trkpt lat="43.23656464" lon="-4.88556623"><ele>442.45</ele><time>2024-08-31T14:43:38Z</time></trkpt><trkpt lat="43.23655319" lon="-4.88556576"><ele>442.45</ele><time>2024-08-31T14:43:39Z</time></trkpt><trkpt lat="43.23654175" lon="-4.88556480"><ele>442.46</ele><time>2024-08-31T14:43:40Z</time></trkpt><trkpt lat="43.23652649" lon="-4.88556337"><ele>442.47</ele><time>2024-08-31T14:43:41Z</time></trkpt><trkpt lat="43.23651505" lon="-4.88556194"><ele>442.48</ele><time>2024-08-31T14:43:42Z</time></trkpt><trkpt lat="43.23650360" lon="-4.88556051"><ele>442.48</ele><time>2024-08-31T14:43:43Z</time></trkpt><trkpt lat="43.23649216" lon="-4.88555908"><ele>442.49</ele><time>2024-08-31T14:43:44Z</time></trkpt><trkpt lat="43.23647690" lon="-4.88555717"><ele>442.50</ele><time>2024-08-31T14:43:45Z</time></trkpt><trkpt lat="43.23646545" lon="-4.88555479"><ele>442.50</ele><time>2024-08-31T14:43:46Z</time></trkpt><trkpt lat="43.23645401" lon="-4.88555241"><ele>442.51</ele><time>2024-08-31T14:43:47Z</time></trkpt><trkpt lat="43.23644257" lon="-4.88555002"><ele>442.52</ele><time>2024-08-31T14:43:48Z</time></trkpt><trkpt lat="43.23642731" lon="-4.88554764"><ele>442.52</ele><time>2024-08-31T14:43:49Z</time></trkpt><trkpt lat="43.23641586" lon="-4.88554525"><ele>442.53</ele><time>2024-08-31T14:43:50Z</time></trkpt><trkpt lat="43.23640442" lon="-4.88554239"><ele>442.53</ele><time>2024-08-31T14:43:51Z</time></trkpt><trkpt lat="43.23639297" lon="-4.88553953"><ele>442.54</ele><time>2024-08-31T14:43:52Z</time></trkpt><trkpt lat="43.23637772" lon="-4.88553667"><ele>442.55</ele><time>2024-08-31T14:43:53Z</time></trkpt><trkpt lat="43.23636627" lon="-4.88553333"><ele>442.55</ele><time>2024-08-31T14:43:54Z</time></trkpt><trkpt lat="43.23635483" lon="-4.88553047"><ele>442.56</ele><time>2024-08-31T14:43:55Z</time></trkpt><trkpt lat="43.23634338" lon="-4.88552713"><ele>442.56</ele><time>2024-08-31T14:43:56Z</time></trkpt><trkpt lat="43.23632812" lon="-4.88552427"><ele>442.57</ele><time>2024-08-31T14:43:57Z</time></trkpt><trkpt lat="43.23631668" lon="-4.88552094"><ele>442.57</ele><time>2024-08-31T14:43:58Z</time></trkpt><trkpt lat="43.23630524" lon="-4.88551760"><ele>442.58</ele><time>2024-08-31T14:43:59Z</time></trkpt><trkpt lat="43.23629379" lon="-4.88551426"><ele>442.58</ele><time>2024-08-31T14:44:00Z</time></trkpt><trkpt lat="43.23628235" lon="-4.88551092"><ele>442.59</ele><time>2024-08-31T14:44:01Z</time></trkpt><trkpt lat="43.23626709" lon="-4.88550758"><ele>442.60</ele><time>2024-08-31T14:44:02Z</time></trkpt><trkpt lat="43.23625565" lon="-4.88550425"><ele>442.60</ele><time>2024-08-31T14:44:03Z</time></trkpt><trkpt lat="43.23624420" lon="-4.88550091"><ele>442.61</ele><time>2024-08-31T14:44:04Z</time></trkpt><trkpt lat="43.23623276" lon="-4.88549757"><ele>442.61</ele><time>2024-08-31T14:44:05Z</time></trkpt><trkpt lat="43.23622131" lon="-4.88549423"><ele>442.61</ele><time>2024-08-31T14:44:06Z</time></trkpt><trkpt lat="43.23620605" lon="-4.88549042"><ele>442.62</ele><time>2024-08-31T14:44:07Z</time></trkpt><trkpt lat="43.23619461" lon="-4.88548708"><ele>442.62</ele><time>2024-08-31T14:44:08Z</time></trkpt><trkpt lat="43.23618317" lon="-4.88548374"><ele>442.63</ele><time>2024-08-31T14:44:09Z</time></trkpt><trkpt lat="43.23617172" lon="-4.88548040"><ele>442.63</ele><time>2024-08-31T14:44:10Z</time></trkpt><trkpt lat="43.23616028" lon="-4.88547707"><ele>442.64</ele><time>2024-08-31T14:44:11Z</time></trkpt><trkpt lat="43.23614502" lon="-4.88547373"><ele>442.64</ele><time>2024-08-31T14:44:12Z</time></trkpt><trkpt lat="43.23613358" lon="-4.88547039"><ele>442.65</ele><time>2024-08-31T14:44:13Z</time></trkpt><trkpt lat="43.23612213" lon="-4.88546705"><ele>442.65</ele><time>2024-08-31T14:44:14Z</time></trkpt><trkpt lat="43.23611069" lon="-4.88546467"><ele>442.66</ele><time>2024-08-31T14:44:15Z</time></trkpt><trkpt lat="43.23609543" lon="-4.88546228"><ele>442.67</ele><time>2024-08-31T14:44:16Z</time></trkpt><trkpt lat="43.23608398" lon="-4.88546038"><ele>442.67</ele><time>2024-08-31T14:44:17Z</time></trkpt><trkpt lat="43.23607254" lon="-4.88545895"><ele>442.68</ele><time>2024-08-31T14:44:18Z</time></trkpt><trkpt lat="43.23605728" lon="-4.88545799"><ele>442.68</ele><time>2024-08-31T14:44:19Z</time></trkpt><trkpt lat="43.23604584" lon="-4.88545704"><ele>442.69</ele><time>2024-08-31T14:44:20Z</time></trkpt><trkpt lat="43.23603439" lon="-4.88545704"><ele>442.70</ele><time>2024-08-31T14:44:21Z</time></trkpt><trkpt lat="43.23601913" lon="-4.88545704"><ele>442.70</ele><time>2024-08-31T14:44:22Z</time></trkpt><trkpt lat="43.23600769" lon="-4.88545752"><ele>442.71</ele><time>2024-08-31T14:44:23Z</time></trkpt><trkpt lat="43.23599243" lon="-4.88545847"><ele>442.71</ele><time>2024-08-31T14:44:24Z</time></trkpt><trkpt lat="43.23597717" lon="-4.88545942"><ele>442.71</ele><time>2024-08-31T14:44:25Z</time></trkpt><trkpt lat="43.23596573" lon="-4.88546085"><ele>442.72</ele><time>2024-08-31T14:44:26Z</time></trkpt><trkpt lat="43.23595047" lon="-4.88546276"><ele>442.72</ele><time>2024-08-31T14:44:27Z</time></trkpt><trkpt lat="43.23593903" lon="-4.88546515"><ele>442.72</ele><time>2024-08-31T14:44:28Z</time></trkpt><trkpt lat="43.23592377" lon="-4.88546801"><ele>442.72</ele><time>2024-08-31T14:44:29Z</time></trkpt><trkpt lat="43.23590851" lon="-4.88547134"><ele>442.73</ele><time>2024-08-31T14:44:30Z</time></trkpt><trkpt lat="43.23589706" lon="-4.88547516"><ele>442.73</ele><time>2024-08-31T14:44:31Z</time></trkpt><trkpt lat="43.23588181" lon="-4.88547945"><ele>442.73</ele><time>2024-08-31T14:44:32Z</time></trkpt><trkpt lat="43.23587036" lon="-4.88548517"><ele>442.73</ele><time>2024-08-31T14:44:33Z</time></trkpt><trkpt lat="43.23585510" lon="-4.88549232"><ele>442.73</ele><time>2024-08-31T14:44:34Z</time></trkpt><trkpt lat="43.23584366" lon="-4.88550043"><ele>442.73</ele><time>2024-08-31T14:44:35Z</time></trkpt><trkpt lat="43.23583221" lon="-4.88550901"><ele>442.74</ele><time>2024-08-31T14:44:36Z</time></trkpt><trkpt lat="43.23581696" lon="-4.88551712"><ele>442.74</ele><time>2024-08-31T14:44:37Z</time></trkpt><trkpt lat="43.23580551" lon="-4.88552475"><ele>442.75</ele><time>2024-08-31T14:44:38Z</time></trkpt><trkpt lat="43.23579407" lon="-4.88553190"><ele>442.75</ele><time>2024-08-31T14:44:39Z</time></trkpt><trkpt lat="43.23578262" lon="-4.88553810"><ele>442.76</ele><time>2024-08-31T14:44:40Z</time></trkpt><trkpt lat="43.23576736" lon="-4.88554382"><ele>442.76</ele><time>2024-08-31T14:44:41Z</time></trkpt><trkpt lat="43.23575592" lon="-4.88554907"><ele>442.76</ele><time>2024-08-31T14:44:42Z</time></trkpt><trkpt lat="43.23574448" lon="-4.88555384"><ele>442.77</ele><time>2024-08-31T14:44:43Z</time></trkpt><trkpt lat="43.23573303" lon="-4.88555813"><ele>442.77</ele><time>2024-08-31T14:44:44Z</time></trkpt><trkpt lat="43.23572159" lon="-4.88556194"><ele>442.78</ele><time>2024-08-31T14:44:45Z</time></trkpt><trkpt lat="43.23570633" lon="-4.88556576"><ele>442.78</ele><time>2024-08-31T14:44:46Z</time></trkpt><trkpt lat="43.23569489" lon="-4.88556814"><ele>442.79</ele><time>2024-08-31T14:44:47Z</time></trkpt><trkpt lat="43.23568344" lon="-4.88556957"><ele>442.80</ele><time>2024-08-31T14:44:48Z</time></trkpt><trkpt lat="43.23567200" lon="-4.88557053"><ele>442.81</ele><time>2024-08-31T14:44:49Z</time></trkpt><trkpt lat="43.23566055" lon="-4.88557053"><ele>442.82</ele><time>2024-08-31T14:44:50Z</time></trkpt><trkpt lat="43.23564529" lon="-4.88557053"><ele>442.83</ele><time>2024-08-31T14:44:51Z</time></trkpt><trkpt lat="43.23563385" lon="-4.88556957"><ele>442.84</ele><time>2024-08-31T14:44:52Z</time></trkpt><trkpt lat="43.23562241" lon="-4.88557005"><ele>442.87</ele><time>2024-08-31T14:44:53Z</time></trkpt><trkpt lat="43.23560715" lon="-4.88557196"><ele>442.89</ele><time>2024-08-31T14:44:54Z</time></trkpt><trkpt lat="43.23559189" lon="-4.88557339"><ele>442.92</ele><time>2024-08-31T14:44:55Z</time></trkpt><trkpt lat="43.23558044" lon="-4.88557529"><ele>442.95</ele><time>2024-08-31T14:44:56Z</time></trkpt><trkpt lat="43.23556519" lon="-4.88557625"><ele>442.98</ele><time>2024-08-31T14:44:57Z</time></trkpt><trkpt lat="43.23555374" lon="-4.88557720"><ele>443.01</ele><time>2024-08-31T14:44:58Z</time></trkpt><trkpt lat="43.23554611" lon="-4.88558102"><ele>443.02</ele><time>2024-08-31T14:44:59Z</time></trkpt><trkpt lat="43.23553848" lon="-4.88558674"><ele>443.03</ele><time>2024-08-31T14:45:00Z</time></trkpt><trkpt lat="43.23553467" lon="-4.88559341"><ele>443.03</ele><time>2024-08-31T14:45:01Z</time></trkpt><trkpt lat="43.23552704" lon="-4.88560009"><ele>443.04</ele><time>2024-08-31T14:45:02Z</time></trkpt><trkpt lat="43.23551941" lon="-4.88560629"><ele>443.04</ele><time>2024-08-31T14:45:03Z</time></trkpt><trkpt lat="43.23551559" lon="-4.88561249"><ele>443.05</ele><time>2024-08-31T14:45:04Z</time></trkpt><trkpt lat="43.23550797" lon="-4.88561821"><ele>443.05</ele><time>2024-08-31T14:45:05Z</time></trkpt><trkpt lat="43.23550415" lon="-4.88562346"><ele>443.06</ele><time>2024-08-31T14:45:06Z</time></trkpt><trkpt lat="43.23550034" lon="-4.88562870"><ele>443.06</ele><time>2024-08-31T14:45:07Z</time></trkpt><trkpt lat="43.23549271" lon="-4.88563395"><ele>443.07</ele><time>2024-08-31T14:45:08Z</time></trkpt><trkpt lat="43.23548889" lon="-4.88563967"><ele>443.07</ele><time>2024-08-31T14:45:09Z</time></trkpt><trkpt lat="43.23548508" lon="-4.88564634"><ele>443.07</ele><time>2024-08-31T14:45:10Z</time></trkpt><trkpt lat="43.23547745" lon="-4.88565350"><ele>443.08</ele><time>2024-08-31T14:45:11Z</time></trkpt><trkpt lat="43.23547363" lon="-4.88566160"><ele>443.08</ele><time>2024-08-31T14:45:12Z</time></trkpt><trkpt lat="43.23546982" lon="-4.88567066"><ele>443.09</ele><time>2024-08-31T14:45:13Z</time></trkpt><trkpt lat="43.23546600" lon="-4.88567972"><ele>443.10</ele><time>2024-08-31T14:45:14Z</time></trkpt><trkpt lat="43.23545837" lon="-4.88568974"><ele>443.10</ele><time>2024-08-31T14:45:15Z</time></trkpt><trkpt lat="43.23545456" lon="-4.88570070"><ele>443.11</ele><time>2024-08-31T14:45:16Z</time></trkpt><trkpt lat="43.23544693" lon="-4.88571262"><ele>443.12</ele><time>2024-08-31T14:45:17Z</time></trkpt><trkpt lat="43.23544312" lon="-4.88572502"><ele>443.13</ele><time>2024-08-31T14:45:18Z</time></trkpt><trkpt lat="43.23543549" lon="-4.88573837"><ele>443.14</ele><time>2024-08-31T14:45:19Z</time></trkpt><trkpt lat="43.23543167" lon="-4.88575220"><ele>443.15</ele><time>2024-08-31T14:45:20Z</time></trkpt><trkpt lat="43.23542404" lon="-4.88576603"><ele>443.16</ele><time>2024-08-31T14:45:21Z</time></trkpt><trkpt lat="43.23542023" lon="-4.88578033"><ele>443.17</ele><time>2024-08-31T14:45:22Z</time></trkpt><trkpt lat="43.23541260" lon="-4.88579559"><ele>443.18</ele><time>2024-08-31T14:45:23Z</time></trkpt><trkpt lat="43.23540497" lon="-4.88581038"><ele>443.19</ele><time>2024-08-31T14:45:24Z</time></trkpt><trkpt lat="43.23540115" lon="-4.88582516"><ele>443.20</ele><time>2024-08-31T14:45:25Z</time></trkpt><trkpt lat="43.23539352" lon="-4.88583946"><ele>443.21</ele><time>2024-08-31T14:45:26Z</time></trkpt><trkpt lat="43.23538589" lon="-4.88585377"><ele>443.22</ele><time>2024-08-31T14:45:27Z</time></trkpt><trkpt lat="43.23538208" lon="-4.88586807"><ele>443.24</ele><time>2024-08-31T14:45:28Z</time></trkpt><trkpt lat="43.23537445" lon="-4.88588190"><ele>443.25</ele><time>2024-08-31T14:45:29Z</time></trkpt><trkpt lat="43.23536682" lon="-4.88589525"><ele>443.26</ele><time>2024-08-31T14:45:30Z</time></trkpt><trkpt lat="43.23535919" lon="-4.88590860"><ele>443.27</ele><time>2024-08-31T14:45:31Z</time></trkpt><trkpt lat="43.23535156" lon="-4.88592196"><ele>443.28</ele><time>2024-08-31T14:45:32Z</time></trkpt><trkpt lat="43.23534393" lon="-4.88593531"><ele>443.29</ele><time>2024-08-31T14:45:33Z</time></trkpt><trkpt lat="43.23533630" lon="-4.88594866"><ele>443.30</ele><time>2024-08-31T14:45:34Z</time></trkpt><trkpt lat="43.23533249" lon="-4.88596153"><ele>443.32</ele><time>2024-08-31T14:45:35Z</time></trkpt><trkpt lat="43.23532486" lon="-4.88597488"><ele>443.33</ele><time>2024-08-31T14:45:36Z</time></trkpt><trkpt lat="43.23531342" lon="-4.88598776"><ele>443.35</ele><time>2024-08-31T14:45:37Z</time></trkpt><trkpt lat="43.23530579" lon="-4.88600063"><ele>443.36</ele><time>2024-08-31T14:45:38Z</time></trkpt><trkpt lat="43.23529816" lon="-4.88601303"><ele>443.38</ele><time>2024-08-31T14:45:39Z</time></trkpt><trkpt lat="43.23529053" lon="-4.88602638"><ele>443.40</ele><time>2024-08-31T14:45:40Z</time></trkpt><trkpt lat="43.23528290" lon="-4.88604069"><ele>443.41</ele><time>2024-08-31T14:45:41Z</time></trkpt><trkpt lat="43.23527527" lon="-4.88605499"><ele>443.42</ele><time>2024-08-31T14:45:42Z</time></trkpt><trkpt lat="43.23526382" lon="-4.88606977"><ele>443.42</ele><time>2024-08-31T14:45:43Z</time></trkpt><trkpt lat="43.23525620" lon="-4.88608408"><ele>443.43</ele><time>2024-08-31T14:45:44Z</time></trkpt><trkpt lat="43.23524857" lon="-4.88609838"><ele>443.44</ele><time>2024-08-31T14:45:45Z</time></trkpt><trkpt lat="43.23523712" lon="-4.88611269"><ele>443.44</ele><time>2024-08-31T14:45:46Z</time></trkpt><trkpt lat="43.23522949" lon="-4.88612652"><ele>443.45</ele><time>2024-08-31T14:45:47Z</time></trkpt><trkpt lat="43.23521805" lon="-4.88613987"><ele>443.46</ele><time>2024-08-31T14:45:48Z</time></trkpt><trkpt lat="43.23521042" lon="-4.88615370"><ele>443.47</ele><time>2024-08-31T14:45:49Z</time></trkpt><trkpt lat="43.23519897" lon="-4.88616657"><ele>443.48</ele><time>2024-08-31T14:45:50Z</time></trkpt><trkpt lat="43.23519135" lon="-4.88617992"><ele>443.49</ele><time>2024-08-31T14:45:51Z</time></trkpt><trkpt lat="43.23517990" lon="-4.88619280"><ele>443.50</ele><time>2024-08-31T14:45:52Z</time></trkpt><trkpt lat="43.23517227" lon="-4.88620567"><ele>443.51</ele><time>2024-08-31T14:45:53Z</time></trkpt><trkpt lat="43.23516083" lon="-4.88621855"><ele>443.52</ele><time>2024-08-31T14:45:54Z</time></trkpt><trkpt lat="43.23515320" lon="-4.88623285"><ele>443.54</ele><time>2024-08-31T14:45:55Z</time></trkpt><trkpt lat="43.23514557" lon="-4.88624716"><ele>443.55</ele><time>2024-08-31T14:45:56Z</time></trkpt><trkpt lat="43.23514175" lon="-4.88626051"><ele>443.57</ele><time>2024-08-31T14:45:57Z</time></trkpt><trkpt lat="43.23513412" lon="-4.88627338"><ele>443.58</ele><time>2024-08-31T14:45:58Z</time></trkpt><trkpt lat="43.23512650" lon="-4.88628626"><ele>443.60</ele><time>2024-08-31T14:45:59Z</time></trkpt><trkpt lat="43.23511887" lon="-4.88629866"><ele>443.61</ele><time>2024-08-31T14:46:00Z</time></trkpt><trkpt lat="43.23510742" lon="-4.88631105"><ele>443.63</ele><time>2024-08-31T14:46:01Z</time></trkpt><trkpt lat="43.23510361" lon="-4.88632250"><ele>443.64</ele><time>2024-08-31T14:46:02Z</time></trkpt><trkpt lat="43.23509598" lon="-4.88633490"><ele>443.65</ele><time>2024-08-31T14:46:03Z</time></trkpt><trkpt lat="43.23509216" lon="-4.88634777"><ele>443.65</ele><time>2024-08-31T14:46:04Z</time></trkpt><trkpt lat="43.23508453" lon="-4.88636065"><ele>443.66</ele><time>2024-08-31T14:46:05Z</time></trkpt><trkpt lat="43.23507690" lon="-4.88637400"><ele>443.67</ele><time>2024-08-31T14:46:06Z</time></trkpt><trkpt lat="43.23507309" lon="-4.88638449"><ele>443.68</ele><time>2024-08-31T14:46:07Z</time></trkpt><trkpt lat="43.23506546" lon="-4.88639212"><ele>443.69</ele><time>2024-08-31T14:46:08Z</time></trkpt><trkpt lat="43.23505783" lon="-4.88639927"><ele>443.70</ele><time>2024-08-31T14:46:09Z</time></trkpt><trkpt lat="43.23505020" lon="-4.88640594"><ele>443.71</ele><time>2024-08-31T14:46:10Z</time></trkpt><trkpt lat="43.23504639" lon="-4.88641310"><ele>443.71</ele><time>2024-08-31T14:46:11Z</time></trkpt><trkpt lat="43.23503876" lon="-4.88642025"><ele>443.71</ele><time>2024-08-31T14:46:12Z</time></trkpt><trkpt lat="43.23503113" lon="-4.88642740"><ele>443.71</ele><time>2024-08-31T14:46:13Z</time></trkpt><trkpt lat="43.23502731" lon="-4.88643360"><ele>443.71</ele><time>2024-08-31T14:46:14Z</time></trkpt><trkpt lat="43.23502350" lon="-4.88643980"><ele>443.70</ele><time>2024-08-31T14:46:15Z</time></trkpt><trkpt lat="43.23501587" lon="-4.88644505"><ele>443.68</ele><time>2024-08-31T14:46:16Z</time></trkpt><trkpt lat="43.23501205" lon="-4.88645077"><ele>443.67</ele><time>2024-08-31T14:46:17Z</time></trkpt><trkpt lat="43.23500824" lon="-4.88645554"><ele>443.65</ele><time>2024-08-31T14:46:18Z</time></trkpt><trkpt lat="43.23500443" lon="-4.88645935"><ele>443.64</ele><time>2024-08-31T14:46:19Z</time></trkpt><trkpt lat="43.23500061" lon="-4.88646269"><ele>443.62</ele><time>2024-08-31T14:46:20Z</time></trkpt><trkpt lat="43.23499680" lon="-4.88646603"><ele>443.61</ele><time>2024-08-31T14:46:21Z</time></trkpt><trkpt lat="43.23499298" lon="-4.88646841"><ele>443.60</ele><time>2024-08-31T14:46:22Z</time></trkpt><trkpt lat="43.23498917" lon="-4.88647079"><ele>443.59</ele><time>2024-08-31T14:46:23Z</time></trkpt><trkpt lat="43.23498535" lon="-4.88647366"><ele>443.57</ele><time>2024-08-31T14:46:24Z</time></trkpt><trkpt lat="43.23498154" lon="-4.88647604"><ele>443.56</ele><time>2024-08-31T14:46:25Z</time></trkpt><trkpt lat="43.23497391" lon="-4.88647890"><ele>443.55</ele><time>2024-08-31T14:46:26Z</time></trkpt><trkpt lat="43.23497009" lon="-4.88648129"><ele>443.54</ele><time>2024-08-31T14:46:27Z</time></trkpt><trkpt lat="43.23496628" lon="-4.88648415"><ele>443.53</ele><time>2024-08-31T14:46:28Z</time></trkpt><trkpt lat="43.23496246" lon="-4.88648653"><ele>443.52</ele><time>2024-08-31T14:46:29Z</time></trkpt><trkpt lat="43.23495865" lon="-4.88648939"><ele>443.51</ele><time>2024-08-31T14:46:30Z</time></trkpt><trkpt lat="43.23495102" lon="-4.88649178"><ele>443.50</ele><time>2024-08-31T14:46:31Z</time></trkpt><trkpt lat="43.23494720" lon="-4.88649464"><ele>443.49</ele><time>2024-08-31T14:46:32Z</time></trkpt><trkpt lat="43.23494339" lon="-4.88649702"><ele>443.48</ele><time>2024-08-31T14:46:33Z</time></trkpt><trkpt lat="43.23493958" lon="-4.88649940"><ele>443.47</ele><time>2024-08-31T14:46:34Z</time></trkpt><trkpt lat="43.23493576" lon="-4.88650084"><ele>443.46</ele><time>2024-08-31T14:46:35Z</time></trkpt><trkpt lat="43.23493195" lon="-4.88650179"><ele>443.45</ele><time>2024-08-31T14:46:36Z</time></trkpt><trkpt lat="43.23492813" lon="-4.88650274"><ele>443.45</ele><time>2024-08-31T14:46:37Z</time></trkpt><trkpt lat="43.23492432" lon="-4.88650322"><ele>443.44</ele><time>2024-08-31T14:46:38Z</time></trkpt><trkpt lat="43.23492050" lon="-4.88650370"><ele>443.43</ele><time>2024-08-31T14:46:39Z</time></trkpt><trkpt lat="43.23492050" lon="-4.88650370"><ele>443.43</ele><time>2024-08-31T14:46:40Z</time></trkpt><trkpt lat="43.23491669" lon="-4.88650370"><ele>443.43</ele><time>2024-08-31T14:46:41Z</time></trkpt><trkpt lat="43.23491287" lon="-4.88650370"><ele>443.43</ele><time>2024-08-31T14:46:42Z</time></trkpt><trkpt lat="43.23491287" lon="-4.88650274"><ele>443.43</ele><time>2024-08-31T14:46:43Z</time></trkpt><trkpt lat="43.23490906" lon="-4.88650131"><ele>443.44</ele><time>2024-08-31T14:46:44Z</time></trkpt><trkpt lat="43.23490524" lon="-4.88649893"><ele>443.45</ele><time>2024-08-31T14:46:45Z</time></trkpt><trkpt lat="43.23490143" lon="-4.88649511"><ele>443.47</ele><time>2024-08-31T14:46:46Z</time></trkpt><trkpt lat="43.23489761" lon="-4.88649035"><ele>443.49</ele><time>2024-08-31T14:46:47Z</time></trkpt><trkpt lat="43.23488998" lon="-4.88648415"><ele>443.52</ele><time>2024-08-31T14:46:48Z</time></trkpt><trkpt lat="43.23488235" lon="-4.88647652"><ele>443.55</ele><time>2024-08-31T14:46:49Z</time></trkpt><trkpt lat="43.23487854" lon="-4.88646793"><ele>443.58</ele><time>2024-08-31T14:46:50Z</time></trkpt><trkpt lat="43.23487091" lon="-4.88645840"><ele>443.62</ele><time>2024-08-31T14:46:51Z</time></trkpt><trkpt lat="43.23485947" lon="-4.88644838"><ele>443.66</ele><time>2024-08-31T14:46:52Z</time></trkpt><trkpt lat="43.23485184" lon="-4.88643742"><ele>443.70</ele><time>2024-08-31T14:46:53Z</time></trkpt><trkpt lat="43.23484421" lon="-4.88642597"><ele>443.74</ele><time>2024-08-31T14:46:54Z</time></trkpt><trkpt lat="43.23483658" lon="-4.88641453"><ele>443.78</ele><time>2024-08-31T14:46:55Z</time></trkpt><trkpt lat="43.23482895" lon="-4.88640213"><ele>443.81</ele><time>2024-08-31T14:46:56Z</time></trkpt><trkpt lat="43.23482132" lon="-4.88639021"><ele>443.85</ele><time>2024-08-31T14:46:57Z</time></trkpt><trkpt lat="43.23480988" lon="-4.88637781"><ele>443.89</ele><time>2024-08-31T14:46:58Z</time></trkpt><trkpt lat="43.23480225" lon="-4.88636541"><ele>443.93</ele><time>2024-08-31T14:46:59Z</time></trkpt><trkpt lat="43.23479462" lon="-4.88635302"><ele>443.97</ele><time>2024-08-31T14:47:00Z</time></trkpt><trkpt lat="43.23478699" lon="-4.88634109"><ele>444.00</ele><time>2024-08-31T14:47:01Z</time></trkpt><trkpt lat="43.23478317" lon="-4.88632917"><ele>444.04</ele><time>2024-08-31T14:47:02Z</time></trkpt><trkpt lat="43.23477554" lon="-4.88631725"><ele>444.08</ele><time>2024-08-31T14:47:03Z</time></trkpt><trkpt lat="43.23476791" lon="-4.88630533"><ele>444.11</ele><time>2024-08-31T14:47:04Z</time></trkpt><trkpt lat="43.23476410" lon="-4.88629341"><ele>444.15</ele><time>2024-08-31T14:47:05Z</time></trkpt><trkpt lat="43.23475647" lon="-4.88628149"><ele>444.18</ele><time>2024-08-31T14:47:06Z</time></trkpt><trkpt lat="43.23475266" lon="-4.88626957"><ele>444.20</ele><time>2024-08-31T14:47:07Z</time></trkpt><trkpt lat="43.23474503" lon="-4.88625717"><ele>444.23</ele><time>2024-08-31T14:47:08Z</time></trkpt><trkpt lat="43.23474121" lon="-4.88624525"><ele>444.26</ele><time>2024-08-31T14:47:09Z</time></trkpt><trkpt lat="43.23473740" lon="-4.88623333"><ele>444.28</ele><time>2024-08-31T14:47:10Z</time></trkpt><trkpt lat="43.23472977" lon="-4.88622093"><ele>444.30</ele><time>2024-08-31T14:47:11Z</time></trkpt><trkpt lat="43.23472595" lon="-4.88620901"><ele>444.32</ele><time>2024-08-31T14:47:12Z</time></trkpt><trkpt lat="43.23472214" lon="-4.88619661"><ele>444.34</ele><time>2024-08-31T14:47:13Z</time></trkpt><trkpt lat="43.23471832" lon="-4.88618422"><ele>444.36</ele><time>2024-08-31T14:47:14Z</time></trkpt><trkpt lat="43.23471451" lon="-4.88617182"><ele>444.38</ele><time>2024-08-31T14:47:15Z</time></trkpt><trkpt lat="43.23471069" lon="-4.88615942"><ele>444.40</ele><time>2024-08-31T14:47:16Z</time></trkpt><trkpt lat="43.23470688" lon="-4.88614702"><ele>444.42</ele><time>2024-08-31T14:47:17Z</time></trkpt><trkpt lat="43.23470306" lon="-4.88613462"><ele>444.44</ele><time>2024-08-31T14:47:18Z</time></trkpt><trkpt lat="43.23469925" lon="-4.88612223"><ele>444.45</ele><time>2024-08-31T14:47:19Z</time></trkpt><trkpt lat="43.23469543" lon="-4.88610983"><ele>444.47</ele><time>2024-08-31T14:47:20Z</time></trkpt><trkpt lat="43.23469162" lon="-4.88609791"><ele>444.49</ele><time>2024-08-31T14:47:21Z</time></trkpt><trkpt lat="43.23468781" lon="-4.88608599"><ele>444.50</ele><time>2024-08-31T14:47:22Z</time></trkpt><trkpt lat="43.23468399" lon="-4.88607407"><ele>444.52</ele><time>2024-08-31T14:47:23Z</time></trkpt><trkpt lat="43.23468018" lon="-4.88606215"><ele>444.54</ele><time>2024-08-31T14:47:24Z</time></trkpt><trkpt lat="43.23467636" lon="-4.88605022"><ele>444.55</ele><time>2024-08-31T14:47:25Z</time></trkpt><trkpt lat="43.23467255" lon="-4.88603878"><ele>444.57</ele><time>2024-08-31T14:47:26Z</time></trkpt><trkpt lat="43.23467255" lon="-4.88602734"><ele>444.58</ele><time>2024-08-31T14:47:27Z</time></trkpt><trkpt lat="43.23466492" lon="-4.88601589"><ele>444.60</ele><time>2024-08-31T14:47:28Z</time></trkpt><trkpt lat="43.23466110" lon="-4.88600445"><ele>444.61</ele><time>2024-08-31T14:47:29Z</time></trkpt><trkpt lat="43.23465729" lon="-4.88599300"><ele>444.63</ele><time>2024-08-31T14:47:30Z</time></trkpt><trkpt lat="43.23465347" lon="-4.88598251"><ele>444.64</ele><time>2024-08-31T14:47:31Z</time></trkpt><trkpt lat="43.23464966" lon="-4.88597155"><ele>444.65</ele><time>2024-08-31T14:47:32Z</time></trkpt><trkpt lat="43.23464584" lon="-4.88596153"><ele>444.67</ele><time>2024-08-31T14:47:33Z</time></trkpt><trkpt lat="43.23463821" lon="-4.88595104"><ele>444.68</ele><time>2024-08-31T14:47:34Z</time></trkpt><trkpt lat="43.23463440" lon="-4.88594103"><ele>444.69</ele><time>2024-08-31T14:47:35Z</time></trkpt><trkpt lat="43.23462677" lon="-4.88593102"><ele>444.71</ele><time>2024-08-31T14:47:36Z</time></trkpt><trkpt lat="43.23462296" lon="-4.88592100"><ele>444.72</ele><time>2024-08-31T14:47:37Z</time></trkpt><trkpt lat="43.23461533" lon="-4.88591146"><ele>444.73</ele><time>2024-08-31T14:47:38Z</time></trkpt><trkpt lat="43.23461151" lon="-4.88590145"><ele>444.74</ele><time>2024-08-31T14:47:39Z</time></trkpt><trkpt lat="43.23460388" lon="-4.88589191"><ele>444.75</ele><time>2024-08-31T14:47:40Z</time></trkpt><trkpt lat="43.23459625" lon="-4.88588238"><ele>444.76</ele><time>2024-08-31T14:47:41Z</time></trkpt><trkpt lat="43.23459244" lon="-4.88587284"><ele>444.78</ele><time>2024-08-31T14:47:42Z</time></trkpt><trkpt lat="43.23458481" lon="-4.88586330"><ele>444.79</ele><time>2024-08-31T14:47:43Z</time></trkpt><trkpt lat="43.23457718" lon="-4.88585329"><ele>444.80</ele><time>2024-08-31T14:47:44Z</time></trkpt><trkpt lat="43.23457336" lon="-4.88584375"><ele>444.81</ele><time>2024-08-31T14:47:45Z</time></trkpt><trkpt lat="43.23456573" lon="-4.88583422"><ele>444.82</ele><time>2024-08-31T14:47:46Z</time></trkpt><trkpt lat="43.23455811" lon="-4.88582516"><ele>444.83</ele><time>2024-08-31T14:47:47Z</time></trkpt><trkpt lat="43.23455048" lon="-4.88581562"><ele>444.84</ele><time>2024-08-31T14:47:48Z</time></trkpt><trkpt lat="43.23454285" lon="-4.88580704"><ele>444.86</ele><time>2024-08-31T14:47:49Z</time></trkpt><trkpt lat="43.23453140" lon="-4.88579893"><ele>444.87</ele><time>2024-08-31T14:47:50Z</time></trkpt><trkpt lat="43.23452377" lon="-4.88579130"><ele>444.88</ele><time>2024-08-31T14:47:51Z</time></trkpt><trkpt lat="43.23451614" lon="-4.88578415"><ele>444.89</ele><time>2024-08-31T14:47:52Z</time></trkpt><trkpt lat="43.23450470" lon="-4.88577795"><ele>444.91</ele><time>2024-08-31T14:47:53Z</time></trkpt><trkpt lat="43.23449707" lon="-4.88577223"><ele>444.92</ele><time>2024-08-31T14:47:54Z</time></trkpt><trkpt lat="43.23448563" lon="-4.88576698"><ele>444.94</ele><time>2024-08-31T14:47:55Z</time></trkpt><trkpt lat="43.23447800" lon="-4.88576221"><ele>444.95</ele><time>2024-08-31T14:47:56Z</time></trkpt><trkpt lat="43.23446655" lon="-4.88575745"><ele>444.97</ele><time>2024-08-31T14:47:57Z</time></trkpt><trkpt lat="43.23445892" lon="-4.88575315"><ele>444.98</ele><time>2024-08-31T14:47:58Z</time></trkpt><trkpt lat="43.23444748" lon="-4.88574839"><ele>444.99</ele><time>2024-08-31T14:47:59Z</time></trkpt><trkpt lat="43.23443604" lon="-4.88574409"><ele>445.00</ele><time>2024-08-31T14:48:00Z</time></trkpt><trkpt lat="43.23442841" lon="-4.88573980"><ele>445.02</ele><time>2024-08-31T14:48:01Z</time></trkpt><trkpt lat="43.23441696" lon="-4.88573551"><ele>445.03</ele><time>2024-08-31T14:48:02Z</time></trkpt><trkpt lat="43.23440933" lon="-4.88573122"><ele>445.04</ele><time>2024-08-31T14:48:03Z</time></trkpt><trkpt lat="43.23439789" lon="-4.88572693"><ele>445.06</ele><time>2024-08-31T14:48:04Z</time></trkpt><trkpt lat="43.23439026" lon="-4.88572216"><ele>445.07</ele><time>2024-08-31T14:48:05Z</time></trkpt><trkpt lat="43.23437881" lon="-4.88571787"><ele>445.09</ele><time>2024-08-31T14:48:06Z</time></trkpt><trkpt lat="43.23436737" lon="-4.88571358"><ele>445.11</ele><time>2024-08-31T14:48:07Z</time></trkpt><trkpt lat="43.23435974" lon="-4.88570929"><ele>445.13</ele><time>2024-08-31T14:48:08Z</time></trkpt><trkpt lat="43.23434830" lon="-4.88570452"><ele>445.15</ele><time>2024-08-31T14:48:09Z</time></trkpt><trkpt lat="43.23434067" lon="-4.88570023"><ele>445.16</ele><time>2024-08-31T14:48:10Z</time></trkpt><trkpt lat="43.23432922" lon="-4.88569546"><ele>445.18</ele><time>2024-08-31T14:48:11Z</time></trkpt><trkpt lat="43.23432159" lon="-4.88568974"><ele>445.20</ele><time>2024-08-31T14:48:12Z</time></trkpt><trkpt lat="43.23431396" lon="-4.88568401"><ele>445.22</ele><time>2024-08-31T14:48:13Z</time></trkpt><trkpt lat="43.23430634" lon="-4.88567781"><ele>445.24</ele><time>2024-08-31T14:48:14Z</time></trkpt><trkpt lat="43.23429871" lon="-4.88567066"><ele>445.26</ele><time>2024-08-31T14:48:15Z</time></trkpt><trkpt lat="43.23429108" lon="-4.88566399"><ele>445.27</ele><time>2024-08-31T14:48:16Z</time></trkpt><trkpt lat="43.23428345" lon="-4.88565779"><ele>445.29</ele><time>2024-08-31T14:48:17Z</time></trkpt><trkpt lat="43.23427200" lon="-4.88565207"><ele>445.31</ele><time>2024-08-31T14:48:18Z</time></trkpt><trkpt lat="43.23426437" lon="-4.88564634"><ele>445.32</ele><time>2024-08-31T14:48:19Z</time></trkpt><trkpt lat="43.23425293" lon="-4.88564062"><ele>445.34</ele><time>2024-08-31T14:48:20Z</time></trkpt><trkpt lat="43.23424530" lon="-4.88563442"><ele>445.36</ele><time>2024-08-31T14:48:21Z</time></trkpt><trkpt lat="43.23423386" lon="-4.88562870"><ele>445.37</ele><time>2024-08-31T14:48:22Z</time></trkpt><trkpt lat="43.23422623" lon="-4.88562298"><ele>445.39</ele><time>2024-08-31T14:48:23Z</time></trkpt><trkpt lat="43.23421478" lon="-4.88561678"><ele>445.41</ele><time>2024-08-31T14:48:24Z</time></trkpt><trkpt lat="43.23420715" lon="-4.88561058"><ele>445.42</ele><time>2024-08-31T14:48:25Z</time></trkpt><trkpt lat="43.23419571" lon="-4.88560438"><ele>445.44</ele><time>2024-08-31T14:48:26Z</time></trkpt><trkpt lat="43.23418427" lon="-4.88559866"><ele>445.45</ele><time>2024-08-31T14:48:27Z</time></trkpt><trkpt lat="43.23417282" lon="-4.88559389"><ele>445.46</ele><time>2024-08-31T14:48:28Z</time></trkpt><trkpt lat="43.23416519" lon="-4.88558960"><ele>445.47</ele><time>2024-08-31T14:48:29Z</time></trkpt><trkpt lat="43.23415375" lon="-4.88558531"><ele>445.48</ele><time>2024-08-31T14:48:30Z</time></trkpt><trkpt lat="43.23414230" lon="-4.88558149"><ele>445.49</ele><time>2024-08-31T14:48:31Z</time></trkpt><trkpt lat="43.23413086" lon="-4.88557768"><ele>445.50</ele><time>2024-08-31T14:48:32Z</time></trkpt><trkpt lat="43.23411942" lon="-4.88557434"><ele>445.51</ele><time>2024-08-31T14:48:33Z</time></trkpt><trkpt lat="43.23410797" lon="-4.88557053"><ele>445.52</ele><time>2024-08-31T14:48:34Z</time></trkpt><trkpt lat="43.23409653" lon="-4.88556719"><ele>445.52</ele><time>2024-08-31T14:48:35Z</time></trkpt><trkpt lat="43.23408508" lon="-4.88556337"><ele>445.53</ele><time>2024-08-31T14:48:36Z</time></trkpt><trkpt lat="43.23407364" lon="-4.88556004"><ele>445.54</ele><time>2024-08-31T14:48:37Z</time></trkpt><trkpt lat="43.23405838" lon="-4.88555670"><ele>445.55</ele><time>2024-08-31T14:48:38Z</time></trkpt><trkpt lat="43.23404694" lon="-4.88555336"><ele>445.56</ele><time>2024-08-31T14:48:39Z</time></trkpt><trkpt lat="43.23403549" lon="-4.88554955"><ele>445.58</ele><time>2024-08-31T14:48:40Z</time></trkpt><trkpt lat="43.23402405" lon="-4.88554621"><ele>445.60</ele><time>2024-08-31T14:48:41Z</time></trkpt><trkpt lat="43.23401260" lon="-4.88554287"><ele>445.62</ele><time>2024-08-31T14:48:42Z</time></trkpt><trkpt lat="43.23400116" lon="-4.88553905"><ele>445.64</ele><time>2024-08-31T14:48:43Z</time></trkpt><trkpt lat="43.23398972" lon="-4.88553572"><ele>445.66</ele><time>2024-08-31T14:48:44Z</time></trkpt><trkpt lat="43.23397827" lon="-4.88553238"><ele>445.69</ele><time>2024-08-31T14:48:45Z</time></trkpt><trkpt lat="43.23396683" lon="-4.88552856"><ele>445.71</ele><time>2024-08-31T14:48:46Z</time></trkpt><trkpt lat="43.23395538" lon="-4.88552570"><ele>445.75</ele><time>2024-08-31T14:48:47Z</time></trkpt><trkpt lat="43.23394394" lon="-4.88552189"><ele>445.78</ele><time>2024-08-31T14:48:48Z</time></trkpt><trkpt lat="43.23393250" lon="-4.88551855"><ele>445.81</ele><time>2024-08-31T14:48:49Z</time></trkpt><trkpt lat="43.23392105" lon="-4.88551474"><ele>445.85</ele><time>2024-08-31T14:48:50Z</time></trkpt><trkpt lat="43.23390961" lon="-4.88551044"><ele>445.88</ele><time>2024-08-31T14:48:51Z</time></trkpt><trkpt lat="43.23389816" lon="-4.88550663"><ele>445.91</ele><time>2024-08-31T14:48:52Z</time></trkpt><trkpt lat="43.23388672" lon="-4.88550234"><ele>445.95</ele><time>2024-08-31T14:48:53Z</time></trkpt><trkpt lat="43.23387527" lon="-4.88549852"><ele>445.99</ele><time>2024-08-31T14:48:54Z</time></trkpt><trkpt lat="43.23386383" lon="-4.88549471"><ele>446.03</ele><time>2024-08-31T14:48:55Z</time></trkpt><trkpt lat="43.23385239" lon="-4.88549185"><ele>446.08</ele><time>2024-08-31T14:48:56Z</time></trkpt><trkpt lat="43.23384094" lon="-4.88548994"><ele>446.13</ele><time>2024-08-31T14:48:57Z</time></trkpt><trkpt lat="43.23382950" lon="-4.88548803"><ele>446.17</ele><time>2024-08-31T14:48:58Z</time></trkpt><trkpt lat="43.23381805" lon="-4.88548708"><ele>446.22</ele><time>2024-08-31T14:48:59Z</time></trkpt><trkpt lat="43.23381042" lon="-4.88548708"><ele>446.26</ele><time>2024-08-31T14:49:00Z</time></trkpt><trkpt lat="43.23379898" lon="-4.88548899"><ele>446.29</ele><time>2024-08-31T14:49:01Z</time></trkpt><trkpt lat="43.23379135" lon="-4.88549185"><ele>446.31</ele><time>2024-08-31T14:49:02Z</time></trkpt><trkpt lat="43.23378372" lon="-4.88549566"><ele>446.32</ele><time>2024-08-31T14:49:03Z</time></trkpt><trkpt lat="43.23377609" lon="-4.88550091"><ele>446.34</ele><time>2024-08-31T14:49:04Z</time></trkpt><trkpt lat="43.23376846" lon="-4.88550663"><ele>446.35</ele><time>2024-08-31T14:49:05Z</time></trkpt><trkpt lat="43.23376083" lon="-4.88551331"><ele>446.36</ele><time>2024-08-31T14:49:06Z</time></trkpt><trkpt lat="43.23375320" lon="-4.88551998"><ele>446.37</ele><time>2024-08-31T14:49:07Z</time></trkpt><trkpt lat="43.23374557" lon="-4.88552761"><ele>446.39</ele><time>2024-08-31T14:49:08Z</time></trkpt><trkpt lat="43.23373795" lon="-4.88553572"><ele>446.40</ele><time>2024-08-31T14:49:09Z</time></trkpt><trkpt lat="43.23373032" lon="-4.88554382"><ele>446.41</ele><time>2024-08-31T14:49:10Z</time></trkpt><trkpt lat="43.23372650" lon="-4.88555288"><ele>446.42</ele><time>2024-08-31T14:49:11Z</time></trkpt><trkpt lat="43.23371887" lon="-4.88556194"><ele>446.43</ele><time>2024-08-31T14:49:12Z</time></trkpt><trkpt lat="43.23371124" lon="-4.88557148"><ele>446.44</ele><time>2024-08-31T14:49:13Z</time></trkpt><trkpt lat="43.23370361" lon="-4.88558102"><ele>446.46</ele><time>2024-08-31T14:49:14Z</time></trkpt><trkpt lat="43.23369598" lon="-4.88559103"><ele>446.47</ele><time>2024-08-31T14:49:15Z</time></trkpt><trkpt lat="43.23369217" lon="-4.88560152"><ele>446.48</ele><time>2024-08-31T14:49:16Z</time></trkpt><trkpt lat="43.23368454" lon="-4.88561153"><ele>446.49</ele><time>2024-08-31T14:49:17Z</time></trkpt><trkpt lat="43.23367691" lon="-4.88562250"><ele>446.50</ele><time>2024-08-31T14:49:18Z</time></trkpt><trkpt lat="43.23367310" lon="-4.88563299"><ele>446.51</ele><time>2024-08-31T14:49:19Z</time></trkpt><trkpt lat="43.23366547" lon="-4.88564396"><ele>446.52</ele><time>2024-08-31T14:49:20Z</time></trkpt><trkpt lat="43.23365784" lon="-4.88565540"><ele>446.52</ele><time>2024-08-31T14:49:21Z</time></trkpt><trkpt lat="43.23365402" lon="-4.88566685"><ele>446.53</ele><time>2024-08-31T14:49:22Z</time></trkpt><trkpt lat="43.23364639" lon="-4.88567829"><ele>446.54</ele><time>2024-08-31T14:49:23Z</time></trkpt><trkpt lat="43.23363876" lon="-4.88569069"><ele>446.55</ele><time>2024-08-31T14:49:24Z</time></trkpt><trkpt lat="43.23363495" lon="-4.88570309"><ele>446.56</ele><time>2024-08-31T14:49:25Z</time></trkpt><trkpt lat="43.23362732" lon="-4.88571596"><ele>446.57</ele><time>2024-08-31T14:49:26Z</time></trkpt><trkpt lat="43.23362350" lon="-4.88572884"><ele>446.58</ele><time>2024-08-31T14:49:27Z</time></trkpt><trkpt lat="43.23361969" lon="-4.88574219"><ele>446.59</ele><time>2024-08-31T14:49:28Z</time></trkpt><trkpt lat="43.23361206" lon="-4.88575506"><ele>446.60</ele><time>2024-08-31T14:49:29Z</time></trkpt><trkpt lat="43.23360825" lon="-4.88576794"><ele>446.61</ele><time>2024-08-31T14:49:30Z</time></trkpt><trkpt lat="43.23360443" lon="-4.88578129"><ele>446.62</ele><time>2024-08-31T14:49:31Z</time></trkpt><trkpt lat="43.23359680" lon="-4.88579369"><ele>446.63</ele><time>2024-08-31T14:49:32Z</time></trkpt><trkpt lat="43.23359299" lon="-4.88580608"><ele>446.64</ele><time>2024-08-31T14:49:33Z</time></trkpt><trkpt lat="43.23358917" lon="-4.88581896"><ele>446.65</ele><time>2024-08-31T14:49:34Z</time></trkpt><trkpt lat="43.23358536" lon="-4.88583183"><ele>446.66</ele><time>2024-08-31T14:49:35Z</time></trkpt><trkpt lat="43.23357773" lon="-4.88584471"><ele>446.67</ele><time>2024-08-31T14:49:36Z</time></trkpt><trkpt lat="43.23357391" lon="-4.88585758"><ele>446.68</ele><time>2024-08-31T14:49:37Z</time></trkpt><trkpt lat="43.23357010" lon="-4.88587093"><ele>446.69</ele><time>2024-08-31T14:49:38Z</time></trkpt><trkpt lat="43.23356247" lon="-4.88588476"><ele>446.70</ele><time>2024-08-31T14:49:39Z</time></trkpt><trkpt lat="43.23355865" lon="-4.88589859"><ele>446.71</ele><time>2024-08-31T14:49:40Z</time></trkpt><trkpt lat="43.23355484" lon="-4.88591242"><ele>446.73</ele><time>2024-08-31T14:49:41Z</time></trkpt><trkpt lat="43.23354721" lon="-4.88592672"><ele>446.74</ele><time>2024-08-31T14:49:42Z</time></trkpt><trkpt lat="43.23354340" lon="-4.88594055"><ele>446.76</ele><time>2024-08-31T14:49:43Z</time></trkpt><trkpt lat="43.23353958" lon="-4.88595438"><ele>446.78</ele><time>2024-08-31T14:49:44Z</time></trkpt><trkpt lat="43.23353577" lon="-4.88596869"><ele>446.80</ele><time>2024-08-31T14:49:45Z</time></trkpt><trkpt lat="43.23353195" lon="-4.88598251"><ele>446.82</ele><time>2024-08-31T14:49:46Z</time></trkpt><trkpt lat="43.23352432" lon="-4.88599634"><ele>446.84</ele><time>2024-08-31T14:49:47Z</time></trkpt><trkpt lat="43.23352051" lon="-4.88601065"><ele>446.86</ele><time>2024-08-31T14:49:48Z</time></trkpt><trkpt lat="43.23351669" lon="-4.88602448"><ele>446.88</ele><time>2024-08-31T14:49:49Z</time></trkpt><trkpt lat="43.23351288" lon="-4.88603830"><ele>446.90</ele><time>2024-08-31T14:49:50Z</time></trkpt><trkpt lat="43.23350906" lon="-4.88605213"><ele>446.92</ele><time>2024-08-31T14:49:51Z</time></trkpt><trkpt lat="43.23350525" lon="-4.88606596"><ele>446.94</ele><time>2024-08-31T14:49:52Z</time></trkpt><trkpt lat="43.23350143" lon="-4.88607979"><ele>446.95</ele><time>2024-08-31T14:49:53Z</time></trkpt><trkpt lat="43.23349380" lon="-4.88609409"><ele>446.97</ele><time>2024-08-31T14:49:54Z</time></trkpt><trkpt lat="43.23348999" lon="-4.88610840"><ele>446.99</ele><time>2024-08-31T14:49:55Z</time></trkpt><trkpt lat="43.23348618" lon="-4.88612270"><ele>447.01</ele><time>2024-08-31T14:49:56Z</time></trkpt><trkpt lat="43.23348236" lon="-4.88613749"><ele>447.03</ele><time>2024-08-31T14:49:57Z</time></trkpt><trkpt lat="43.23347855" lon="-4.88615274"><ele>447.06</ele><time>2024-08-31T14:49:58Z</time></trkpt><trkpt lat="43.23347473" lon="-4.88616753"><ele>447.08</ele><time>2024-08-31T14:49:59Z</time></trkpt><trkpt lat="43.23347092" lon="-4.88618231"><ele>447.10</ele><time>2024-08-31T14:50:00Z</time></trkpt><trkpt lat="43.23346710" lon="-4.88619757"><ele>447.13</ele><time>2024-08-31T14:50:01Z</time></trkpt><trkpt lat="43.23346329" lon="-4.88621235"><ele>447.15</ele><time>2024-08-31T14:50:02Z</time></trkpt><trkpt lat="43.23345566" lon="-4.88622713"><ele>447.17</ele><time>2024-08-31T14:50:03Z</time></trkpt><trkpt lat="43.23345184" lon="-4.88624096"><ele>447.19</ele><time>2024-08-31T14:50:04Z</time></trkpt><trkpt lat="43.23344803" lon="-4.88625479"><ele>447.21</ele><time>2024-08-31T14:50:05Z</time></trkpt><trkpt lat="43.23344040" lon="-4.88626671"><ele>447.22</ele><time>2024-08-31T14:50:06Z</time></trkpt><trkpt lat="43.23343277" lon="-4.88627720"><ele>447.23</ele><time>2024-08-31T14:50:07Z</time></trkpt><trkpt lat="43.23342514" lon="-4.88628674"><ele>447.24</ele><time>2024-08-31T14:50:08Z</time></trkpt><trkpt lat="43.23341751" lon="-4.88629532"><ele>447.26</ele><time>2024-08-31T14:50:09Z</time></trkpt><trkpt lat="43.23340988" lon="-4.88630247"><ele>447.27</ele><time>2024-08-31T14:50:10Z</time></trkpt><trkpt lat="43.23340225" lon="-4.88630772"><ele>447.28</ele><time>2024-08-31T14:50:11Z</time></trkpt><trkpt lat="43.23339081" lon="-4.88631105"><ele>447.30</ele><time>2024-08-31T14:50:12Z</time></trkpt><trkpt lat="43.23338318" lon="-4.88631344"><ele>447.31</ele><time>2024-08-31T14:50:13Z</time></trkpt><trkpt lat="43.23337555" lon="-4.88631392"><ele>447.33</ele><time>2024-08-31T14:50:14Z</time></trkpt><trkpt lat="43.23336792" lon="-4.88631439"><ele>447.35</ele><time>2024-08-31T14:50:15Z</time></trkpt><trkpt lat="43.23336029" lon="-4.88631344"><ele>447.37</ele><time>2024-08-31T14:50:16Z</time></trkpt><trkpt lat="43.23335266" lon="-4.88631201"><ele>447.40</ele><time>2024-08-31T14:50:17Z</time></trkpt><trkpt lat="43.23334122" lon="-4.88631010"><ele>447.42</ele><time>2024-08-31T14:50:18Z</time></trkpt><trkpt lat="43.23333359" lon="-4.88630772"><ele>447.44</ele><time>2024-08-31T14:50:19Z</time></trkpt><trkpt lat="43.23332214" lon="-4.88630438"><ele>447.47</ele><time>2024-08-31T14:50:20Z</time></trkpt><trkpt lat="43.23331451" lon="-4.88630104"><ele>447.49</ele><time>2024-08-31T14:50:21Z</time></trkpt><trkpt lat="43.23330307" lon="-4.88629723"><ele>447.52</ele><time>2024-08-31T14:50:22Z</time></trkpt><trkpt lat="43.23329163" lon="-4.88629293"><ele>447.54</ele><time>2024-08-31T14:50:23Z</time></trkpt><trkpt lat="43.23328018" lon="-4.88628864"><ele>447.57</ele><time>2024-08-31T14:50:24Z</time></trkpt><trkpt lat="43.23326874" lon="-4.88628387"><ele>447.59</ele><time>2024-08-31T14:50:25Z</time></trkpt><trkpt lat="43.23325729" lon="-4.88627911"><ele>447.62</ele><time>2024-08-31T14:50:26Z</time></trkpt><trkpt lat="43.23324585" lon="-4.88627386"><ele>447.65</ele><time>2024-08-31T14:50:27Z</time></trkpt><trkpt lat="43.23323441" lon="-4.88626862"><ele>447.67</ele><time>2024-08-31T14:50:28Z</time></trkpt><trkpt lat="43.23322296" lon="-4.88626289"><ele>447.69</ele><time>2024-08-31T14:50:29Z</time></trkpt><trkpt lat="43.23321152" lon="-4.88625622"><ele>447.71</ele><time>2024-08-31T14:50:30Z</time></trkpt><trkpt lat="43.23320389" lon="-4.88624954"><ele>447.73</ele><time>2024-08-31T14:50:31Z</time></trkpt><trkpt lat="43.23319244" lon="-4.88624191"><ele>447.75</ele><time>2024-08-31T14:50:32Z</time></trkpt><trkpt lat="43.23318100" lon="-4.88623428"><ele>447.76</ele><time>2024-08-31T14:50:33Z</time></trkpt><trkpt lat="43.23317337" lon="-4.88622618"><ele>447.78</ele><time>2024-08-31T14:50:34Z</time></trkpt><trkpt lat="43.23316574" lon="-4.88621807"><ele>447.79</ele><time>2024-08-31T14:50:35Z</time></trkpt><trkpt lat="43.23315430" lon="-4.88620996"><ele>447.80</ele><time>2024-08-31T14:50:36Z</time></trkpt><trkpt lat="43.23314667" lon="-4.88620138"><ele>447.82</ele><time>2024-08-31T14:50:37Z</time></trkpt><trkpt lat="43.23313904" lon="-4.88619280"><ele>447.83</ele><time>2024-08-31T14:50:38Z</time></trkpt><trkpt lat="43.23313141" lon="-4.88618374"><ele>447.84</ele><time>2024-08-31T14:50:39Z</time></trkpt><trkpt lat="43.23312378" lon="-4.88617468"><ele>447.86</ele><time>2024-08-31T14:50:40Z</time></trkpt><trkpt lat="43.23311996" lon="-4.88616514"><ele>447.87</ele><time>2024-08-31T14:50:41Z</time></trkpt><trkpt lat="43.23311234" lon="-4.88615561"><ele>447.89</ele><time>2024-08-31T14:50:42Z</time></trkpt><trkpt lat="43.23310852" lon="-4.88614511"><ele>447.90</ele><time>2024-08-31T14:50:43Z</time></trkpt><trkpt lat="43.23309708" lon="-4.88613558"><ele>447.91</ele><time>2024-08-31T14:50:44Z</time></trkpt><trkpt lat="43.23308945" lon="-4.88612604"><ele>447.92</ele><time>2024-08-31T14:50:45Z</time></trkpt><trkpt lat="43.23307800" lon="-4.88611746"><ele>447.93</ele><time>2024-08-31T14:50:46Z</time></trkpt><trkpt lat="43.23307037" lon="-4.88610935"><ele>447.95</ele><time>2024-08-31T14:50:47Z</time></trkpt><trkpt lat="43.23305893" lon="-4.88610172"><ele>447.96</ele><time>2024-08-31T14:50:48Z</time></trkpt><trkpt lat="43.23304749" lon="-4.88609362"><ele>447.97</ele><time>2024-08-31T14:50:49Z</time></trkpt><trkpt lat="43.23303986" lon="-4.88608599"><ele>447.98</ele><time>2024-08-31T14:50:50Z</time></trkpt><trkpt lat="43.23302841" lon="-4.88607836"><ele>447.99</ele><time>2024-08-31T14:50:51Z</time></trkpt><trkpt lat="43.23301697" lon="-4.88607073"><ele>448.00</ele><time>2024-08-31T14:50:52Z</time></trkpt><trkpt lat="43.23300552" lon="-4.88606358"><ele>448.02</ele><time>2024-08-31T14:50:53Z</time></trkpt><trkpt lat="43.23299789" lon="-4.88605690"><ele>448.02</ele><time>2024-08-31T14:50:54Z</time></trkpt><trkpt lat="43.23298645" lon="-4.88605118"><ele>448.03</ele><time>2024-08-31T14:50:55Z</time></trkpt><trkpt lat="43.23297501" lon="-4.88604593"><ele>448.03</ele><time>2024-08-31T14:50:56Z</time></trkpt><trkpt lat="43.23296356" lon="-4.88604116"><ele>448.04</ele><time>2024-08-31T14:50:57Z</time></trkpt><trkpt lat="43.23295212" lon="-4.88603640"><ele>448.04</ele><time>2024-08-31T14:50:58Z</time></trkpt><trkpt lat="43.23294067" lon="-4.88603210"><ele>448.04</ele><time>2024-08-31T14:50:59Z</time></trkpt><trkpt lat="43.23292923" lon="-4.88602829"><ele>448.05</ele><time>2024-08-31T14:51:00Z</time></trkpt><trkpt lat="43.23291779" lon="-4.88602448"><ele>448.05</ele><time>2024-08-31T14:51:01Z</time></trkpt><trkpt lat="43.23291016" lon="-4.88602114"><ele>448.05</ele><time>2024-08-31T14:51:02Z</time></trkpt><trkpt lat="43.23289871" lon="-4.88601780"><ele>448.05</ele><time>2024-08-31T14:51:03Z</time></trkpt><trkpt lat="43.23288727" lon="-4.88601446"><ele>448.05</ele><time>2024-08-31T14:51:04Z</time></trkpt><trkpt lat="43.23287582" lon="-4.88601112"><ele>448.04</ele><time>2024-08-31T14:51:05Z</time></trkpt><trkpt lat="43.23286438" lon="-4.88600779"><ele>448.04</ele><time>2024-08-31T14:51:06Z</time></trkpt><trkpt lat="43.23285294" lon="-4.88600397"><ele>448.04</ele><time>2024-08-31T14:51:07Z</time></trkpt><trkpt lat="43.23284149" lon="-4.88599968"><ele>448.04</ele><time>2024-08-31T14:51:08Z</time></trkpt><trkpt lat="43.23283005" lon="-4.88599539"><ele>448.05</ele><time>2024-08-31T14:51:09Z</time></trkpt><trkpt lat="43.23281860" lon="-4.88599110"><ele>448.05</ele><time>2024-08-31T14:51:10Z</time></trkpt><trkpt lat="43.23280716" lon="-4.88598585"><ele>448.05</ele><time>2024-08-31T14:51:11Z</time></trkpt><trkpt lat="43.23279572" lon="-4.88598061"><ele>448.05</ele><time>2024-08-31T14:51:12Z</time></trkpt><trkpt lat="43.23278427" lon="-4.88597536"><ele>448.05</ele><time>2024-08-31T14:51:13Z</time></trkpt><trkpt lat="43.23277283" lon="-4.88596964"><ele>448.05</ele><time>2024-08-31T14:51:14Z</time></trkpt><trkpt lat="43.23276138" lon="-4.88596344"><ele>448.04</ele><time>2024-08-31T14:51:15Z</time></trkpt><trkpt lat="43.23274994" lon="-4.88595772"><ele>448.04</ele><time>2024-08-31T14:51:16Z</time></trkpt><trkpt lat="43.23273849" lon="-4.88595152"><ele>448.04</ele><time>2024-08-31T14:51:17Z</time></trkpt><trkpt lat="43.23272705" lon="-4.88594580"><ele>448.04</ele><time>2024-08-31T14:51:18Z</time></trkpt><trkpt lat="43.23271561" lon="-4.88593912"><ele>448.03</ele><time>2024-08-31T14:51:19Z</time></trkpt><trkpt lat="43.23270416" lon="-4.88593292"><ele>448.03</ele><time>2024-08-31T14:51:20Z</time></trkpt><trkpt lat="43.23269272" lon="-4.88592672"><ele>448.02</ele><time>2024-08-31T14:51:21Z</time></trkpt><trkpt lat="43.23268127" lon="-4.88592005"><ele>448.02</ele><time>2024-08-31T14:51:22Z</time></trkpt><trkpt lat="43.23266983" lon="-4.88591337"><ele>448.01</ele><time>2024-08-31T14:51:23Z</time></trkpt><trkpt lat="43.23265839" lon="-4.88590670"><ele>448.01</ele><time>2024-08-31T14:51:24Z</time></trkpt><trkpt lat="43.23264694" lon="-4.88589954"><ele>448.01</ele><time>2024-08-31T14:51:25Z</time></trkpt><trkpt lat="43.23263550" lon="-4.88589144"><ele>448.00</ele><time>2024-08-31T14:51:26Z</time></trkpt><trkpt lat="43.23262787" lon="-4.88588285"><ele>448.00</ele><time>2024-08-31T14:51:27Z</time></trkpt><trkpt lat="43.23261642" lon="-4.88587379"><ele>448.00</ele><time>2024-08-31T14:51:28Z</time></trkpt><trkpt lat="43.23260498" lon="-4.88586426"><ele>447.99</ele><time>2024-08-31T14:51:29Z</time></trkpt><trkpt lat="43.23259354" lon="-4.88585472"><ele>447.99</ele><time>2024-08-31T14:51:30Z</time></trkpt><trkpt lat="43.23258591" lon="-4.88584471"><ele>447.99</ele><time>2024-08-31T14:51:31Z</time></trkpt><trkpt lat="43.23257446" lon="-4.88583469"><ele>447.99</ele><time>2024-08-31T14:51:32Z</time></trkpt><trkpt lat="43.23256302" lon="-4.88582516"><ele>447.99</ele><time>2024-08-31T14:51:33Z</time></trkpt><trkpt lat="43.23255539" lon="-4.88581514"><ele>447.98</ele><time>2024-08-31T14:51:34Z</time></trkpt><trkpt lat="43.23254395" lon="-4.88580561"><ele>447.98</ele><time>2024-08-31T14:51:35Z</time></trkpt><trkpt lat="43.23253632" lon="-4.88579607"><ele>447.98</ele><time>2024-08-31T14:51:36Z</time></trkpt><trkpt lat="43.23252487" lon="-4.88578653"><ele>447.98</ele><time>2024-08-31T14:51:37Z</time></trkpt><trkpt lat="43.23251343" lon="-4.88577652"><ele>447.98</ele><time>2024-08-31T14:51:38Z</time></trkpt><trkpt lat="43.23250580" lon="-4.88576698"><ele>447.98</ele><time>2024-08-31T14:51:39Z</time></trkpt><trkpt lat="43.23249435" lon="-4.88575792"><ele>447.98</ele><time>2024-08-31T14:51:40Z</time></trkpt><trkpt lat="43.23248291" lon="-4.88574886"><ele>447.98</ele><time>2024-08-31T14:51:41Z</time></trkpt><trkpt lat="43.23247528" lon="-4.88574028"><ele>447.98</ele><time>2024-08-31T14:51:42Z</time></trkpt><trkpt lat="43.23246384" lon="-4.88573217"><ele>447.98</ele><time>2024-08-31T14:51:43Z</time></trkpt><trkpt lat="43.23245239" lon="-4.88572407"><ele>447.98</ele><time>2024-08-31T14:51:44Z</time></trkpt><trkpt lat="43.23244095" lon="-4.88571692"><ele>447.99</ele><time>2024-08-31T14:51:45Z</time></trkpt><trkpt lat="43.23243332" lon="-4.88571024"><ele>447.99</ele><time>2024-08-31T14:51:46Z</time></trkpt><trkpt lat="43.23242188" lon="-4.88570499"><ele>447.99</ele><time>2024-08-31T14:51:47Z</time></trkpt><trkpt lat="43.23241043" lon="-4.88570023"><ele>447.99</ele><time>2024-08-31T14:51:48Z</time></trkpt><trkpt lat="43.23239899" lon="-4.88569641"><ele>447.99</ele><time>2024-08-31T14:51:49Z</time></trkpt><trkpt lat="43.23238754" lon="-4.88569355"><ele>447.99</ele><time>2024-08-31T14:51:50Z</time></trkpt><trkpt lat="43.23237610" lon="-4.88569069"><ele>447.99</ele><time>2024-08-31T14:51:51Z</time></trkpt><trkpt lat="43.23236465" lon="-4.88568783"><ele>447.99</ele><time>2024-08-31T14:51:52Z</time></trkpt><trkpt lat="43.23235321" lon="-4.88568544"><ele>447.99</ele><time>2024-08-31T14:51:53Z</time></trkpt><trkpt lat="43.23234177" lon="-4.88568354"><ele>448.00</ele><time>2024-08-31T14:51:54Z</time></trkpt><trkpt lat="43.23232651" lon="-4.88568211"><ele>448.00</ele><time>2024-08-31T14:51:55Z</time></trkpt><trkpt lat="43.23231506" lon="-4.88568115"><ele>448.00</ele><time>2024-08-31T14:51:56Z</time></trkpt><trkpt lat="43.23229980" lon="-4.88568020"><ele>448.01</ele><time>2024-08-31T14:51:57Z</time></trkpt><trkpt lat="43.23228836" lon="-4.88568068"><ele>448.01</ele><time>2024-08-31T14:51:58Z</time></trkpt><trkpt lat="43.23227692" lon="-4.88568115"><ele>448.02</ele><time>2024-08-31T14:51:59Z</time></trkpt><trkpt lat="43.23226166" lon="-4.88568258"><ele>448.02</ele><time>2024-08-31T14:52:00Z</time></trkpt><trkpt lat="43.23225021" lon="-4.88568401"><ele>448.03</ele><time>2024-08-31T14:52:01Z</time></trkpt><trkpt lat="43.23223495" lon="-4.88568592"><ele>448.03</ele><time>2024-08-31T14:52:02Z</time></trkpt><trkpt lat="43.23222351" lon="-4.88568783"><ele>448.04</ele><time>2024-08-31T14:52:03Z</time></trkpt><trkpt lat="43.23221207" lon="-4.88568974"><ele>448.04</ele><time>2024-08-31T14:52:04Z</time></trkpt><trkpt lat="43.23220062" lon="-4.88569212"><ele>448.05</ele><time>2024-08-31T14:52:05Z</time></trkpt><trkpt lat="43.23218918" lon="-4.88569498"><ele>448.06</ele><time>2024-08-31T14:52:06Z</time></trkpt><trkpt lat="43.23217773" lon="-4.88569832"><ele>448.06</ele><time>2024-08-31T14:52:07Z</time></trkpt><trkpt lat="43.23216629" lon="-4.88570213"><ele>448.07</ele><time>2024-08-31T14:52:08Z</time></trkpt><trkpt lat="43.23215485" lon="-4.88570690"><ele>448.08</ele><time>2024-08-31T14:52:09Z</time></trkpt><trkpt lat="43.23214340" lon="-4.88571167"><ele>448.09</ele><time>2024-08-31T14:52:10Z</time></trkpt><trkpt lat="43.23213196" lon="-4.88571692"><ele>448.10</ele><time>2024-08-31T14:52:11Z</time></trkpt><trkpt lat="43.23211670" lon="-4.88572168"><ele>448.11</ele><time>2024-08-31T14:52:12Z</time></trkpt><trkpt lat="43.23210526" lon="-4.88572550"><ele>448.12</ele><time>2024-08-31T14:52:13Z</time></trkpt><trkpt lat="43.23209381" lon="-4.88572931"><ele>448.13</ele><time>2024-08-31T14:52:14Z</time></trkpt><trkpt lat="43.23208237" lon="-4.88573265"><ele>448.14</ele><time>2024-08-31T14:52:15Z</time></trkpt><trkpt lat="43.23206711" lon="-4.88573599"><ele>448.16</ele><time>2024-08-31T14:52:16Z</time></trkpt><trkpt lat="43.23205566" lon="-4.88573885"><ele>448.17</ele><time>2024-08-31T14:52:17Z</time></trkpt><trkpt lat="43.23204422" lon="-4.88574123"><ele>448.19</ele><time>2024-08-31T14:52:18Z</time></trkpt><trkpt lat="43.23203278" lon="-4.88574362"><ele>448.20</ele><time>2024-08-31T14:52:19Z</time></trkpt><trkpt lat="43.23202133" lon="-4.88574600"><ele>448.22</ele><time>2024-08-31T14:52:20Z</time></trkpt><trkpt lat="43.23200989" lon="-4.88574791"><ele>448.23</ele><time>2024-08-31T14:52:21Z</time></trkpt><trkpt lat="43.23199463" lon="-4.88574982"><ele>448.24</ele><time>2024-08-31T14:52:22Z</time></trkpt><trkpt lat="43.23198318" lon="-4.88575172"><ele>448.26</ele><time>2024-08-31T14:52:23Z</time></trkpt><trkpt lat="43.23197174" lon="-4.88575363"><ele>448.27</ele><time>2024-08-31T14:52:24Z</time></trkpt><trkpt lat="43.23195648" lon="-4.88575602"><ele>448.29</ele><time>2024-08-31T14:52:25Z</time></trkpt><trkpt lat="43.23194504" lon="-4.88575840"><ele>448.30</ele><time>2024-08-31T14:52:26Z</time></trkpt><trkpt lat="43.23192978" lon="-4.88576078"><ele>448.33</ele><time>2024-08-31T14:52:27Z</time></trkpt><trkpt lat="43.23191833" lon="-4.88576508"><ele>448.36</ele><time>2024-08-31T14:52:28Z</time></trkpt><trkpt lat="43.23190308" lon="-4.88577127"><ele>448.39</ele><time>2024-08-31T14:52:29Z</time></trkpt><trkpt lat="43.23189163" lon="-4.88577890"><ele>448.41</ele><time>2024-08-31T14:52:30Z</time></trkpt><trkpt lat="43.23188019" lon="-4.88578701"><ele>448.44</ele><time>2024-08-31T14:52:31Z</time></trkpt><trkpt lat="43.23186874" lon="-4.88579607"><ele>448.46</ele><time>2024-08-31T14:52:32Z</time></trkpt><trkpt lat="43.23185730" lon="-4.88580608"><ele>448.49</ele><time>2024-08-31T14:52:33Z</time></trkpt><trkpt lat="43.23184586" lon="-4.88581657"><ele>448.51</ele><time>2024-08-31T14:52:34Z</time></trkpt><trkpt lat="43.23183441" lon="-4.88582802"><ele>448.53</ele><time>2024-08-31T14:52:35Z</time></trkpt><trkpt lat="43.23182297" lon="-4.88583946"><ele>448.55</ele><time>2024-08-31T14:52:36Z</time></trkpt><trkpt lat="43.23181152" lon="-4.88585186"><ele>448.57</ele><time>2024-08-31T14:52:37Z</time></trkpt><trkpt lat="43.23180389" lon="-4.88586473"><ele>448.60</ele><time>2024-08-31T14:52:38Z</time></trkpt><trkpt lat="43.23179245" lon="-4.88587809"><ele>448.62</ele><time>2024-08-31T14:52:39Z</time></trkpt><trkpt lat="43.23178482" lon="-4.88589096"><ele>448.64</ele><time>2024-08-31T14:52:40Z</time></trkpt><trkpt lat="43.23177338" lon="-4.88590431"><ele>448.66</ele><time>2024-08-31T14:52:41Z</time></trkpt><trkpt lat="43.23176575" lon="-4.88591766"><ele>448.68</ele><time>2024-08-31T14:52:42Z</time></trkpt><trkpt lat="43.23175812" lon="-4.88593102"><ele>448.70</ele><time>2024-08-31T14:52:43Z</time></trkpt><trkpt lat="43.23175049" lon="-4.88594389"><ele>448.72</ele><time>2024-08-31T14:52:44Z</time></trkpt><trkpt lat="43.23173904" lon="-4.88595676"><ele>448.74</ele><time>2024-08-31T14:52:45Z</time></trkpt><trkpt lat="43.23173141" lon="-4.88596964"><ele>448.76</ele><time>2024-08-31T14:52:46Z</time></trkpt><trkpt lat="43.23172379" lon="-4.88598251"><ele>448.77</ele><time>2024-08-31T14:52:47Z</time></trkpt><trkpt lat="43.23171616" lon="-4.88599539"><ele>448.79</ele><time>2024-08-31T14:52:48Z</time></trkpt><trkpt lat="43.23170853" lon="-4.88600779"><ele>448.80</ele><time>2024-08-31T14:52:49Z</time></trkpt><trkpt lat="43.23170090" lon="-4.88602066"><ele>448.82</ele><time>2024-08-31T14:52:50Z</time></trkpt><trkpt lat="43.23169327" lon="-4.88603401"><ele>448.84</ele><time>2024-08-31T14:52:51Z</time></trkpt><trkpt lat="43.23168564" lon="-4.88604641"><ele>448.87</ele><time>2024-08-31T14:52:52Z</time></trkpt><trkpt lat="43.23167801" lon="-4.88605881"><ele>448.90</ele><time>2024-08-31T14:52:53Z</time></trkpt><trkpt lat="43.23167038" lon="-4.88607121"><ele>448.94</ele><time>2024-08-31T14:52:54Z</time></trkpt><trkpt lat="43.23166275" lon="-4.88608313"><ele>448.97</ele><time>2024-08-31T14:52:55Z</time></trkpt><trkpt lat="43.23165894" lon="-4.88609552"><ele>449.01</ele><time>2024-08-31T14:52:56Z</time></trkpt><trkpt lat="43.23165131" lon="-4.88610744"><ele>449.04</ele><time>2024-08-31T14:52:57Z</time></trkpt><trkpt lat="43.23164368" lon="-4.88611984"><ele>449.07</ele><time>2024-08-31T14:52:58Z</time></trkpt><trkpt lat="43.23163605" lon="-4.88613224"><ele>449.10</ele><time>2024-08-31T14:52:59Z</time></trkpt><trkpt lat="43.23163223" lon="-4.88614464"><ele>449.13</ele><time>2024-08-31T14:53:00Z</time></trkpt><trkpt lat="43.23162460" lon="-4.88615704"><ele>449.16</ele><time>2024-08-31T14:53:01Z</time></trkpt><trkpt lat="43.23161697" lon="-4.88616943"><ele>449.19</ele><time>2024-08-31T14:53:02Z</time></trkpt><trkpt lat="43.23161316" lon="-4.88618279"><ele>449.21</ele><time>2024-08-31T14:53:03Z</time></trkpt><trkpt lat="43.23160553" lon="-4.88619614"><ele>449.24</ele><time>2024-08-31T14:53:04Z</time></trkpt><trkpt lat="43.23159790" lon="-4.88620949"><ele>449.26</ele><time>2024-08-31T14:53:05Z</time></trkpt><trkpt lat="43.23159409" lon="-4.88622332"><ele>449.29</ele><time>2024-08-31T14:53:06Z</time></trkpt><trkpt lat="43.23158646" lon="-4.88623714"><ele>449.31</ele><time>2024-08-31T14:53:07Z</time></trkpt><trkpt lat="43.23158264" lon="-4.88625145"><ele>449.33</ele><time>2024-08-31T14:53:08Z</time></trkpt><trkpt lat="43.23157501" lon="-4.88626528"><ele>449.36</ele><time>2024-08-31T14:53:09Z</time></trkpt><trkpt lat="43.23156738" lon="-4.88627958"><ele>449.38</ele><time>2024-08-31T14:53:10Z</time></trkpt><trkpt lat="43.23156357" lon="-4.88629341"><ele>449.40</ele><time>2024-08-31T14:53:11Z</time></trkpt><trkpt lat="43.23155594" lon="-4.88630772"><ele>449.42</ele><time>2024-08-31T14:53:12Z</time></trkpt><trkpt lat="43.23155212" lon="-4.88632202"><ele>449.44</ele><time>2024-08-31T14:53:13Z</time></trkpt><trkpt lat="43.23154449" lon="-4.88633633"><ele>449.46</ele><time>2024-08-31T14:53:14Z</time></trkpt><trkpt lat="43.23153687" lon="-4.88635063"><ele>449.48</ele><time>2024-08-31T14:53:15Z</time></trkpt><trkpt lat="43.23153305" lon="-4.88636541"><ele>449.50</ele><time>2024-08-31T14:53:16Z</time></trkpt><trkpt lat="43.23152542" lon="-4.88637972"><ele>449.53</ele><time>2024-08-31T14:53:17Z</time></trkpt><trkpt lat="43.23151779" lon="-4.88639450"><ele>449.55</ele><time>2024-08-31T14:53:18Z</time></trkpt><trkpt lat="43.23151398" lon="-4.88640976"><ele>449.57</ele><time>2024-08-31T14:53:19Z</time></trkpt><trkpt lat="43.23150635" lon="-4.88642454"><ele>449.59</ele><time>2024-08-31T14:53:20Z</time></trkpt><trkpt lat="43.23149872" lon="-4.88643980"><ele>449.61</ele><time>2024-08-31T14:53:21Z</time></trkpt><trkpt lat="43.23149490" lon="-4.88645506"><ele>449.63</ele><time>2024-08-31T14:53:22Z</time></trkpt><trkpt lat="43.23148727" lon="-4.88647032"><ele>449.65</ele><time>2024-08-31T14:53:23Z</time></trkpt><trkpt lat="43.23148346" lon="-4.88648558"><ele>449.68</ele><time>2024-08-31T14:53:24Z</time></trkpt><trkpt lat="43.23147583" lon="-4.88650084"><ele>449.70</ele><time>2024-08-31T14:53:25Z</time></trkpt><trkpt lat="43.23147202" lon="-4.88651657"><ele>449.72</ele><time>2024-08-31T14:53:26Z</time></trkpt><trkpt lat="43.23146820" lon="-4.88653231"><ele>449.74</ele><time>2024-08-31T14:53:27Z</time></trkpt><trkpt lat="43.23146057" lon="-4.88654804"><ele>449.76</ele><time>2024-08-31T14:53:28Z</time></trkpt><trkpt lat="43.23145676" lon="-4.88656378"><ele>449.78</ele><time>2024-08-31T14:53:29Z</time></trkpt><trkpt lat="43.23145294" lon="-4.88657951"><ele>449.80</ele><time>2024-08-31T14:53:30Z</time></trkpt><trkpt lat="43.23144531" lon="-4.88659525"><ele>449.82</ele><time>2024-08-31T14:53:31Z</time></trkpt><trkpt lat="43.23144150" lon="-4.88661146"><ele>449.84</ele><time>2024-08-31T14:53:32Z</time></trkpt><trkpt lat="43.23143768" lon="-4.88662720"><ele>449.86</ele><time>2024-08-31T14:53:33Z</time></trkpt><trkpt lat="43.23143005" lon="-4.88664341"><ele>449.89</ele><time>2024-08-31T14:53:34Z</time></trkpt><trkpt lat="43.23142624" lon="-4.88665962"><ele>449.91</ele><time>2024-08-31T14:53:35Z</time></trkpt><trkpt lat="43.23142242" lon="-4.88667536"><ele>449.93</ele><time>2024-08-31T14:53:36Z</time></trkpt><trkpt lat="43.23141861" lon="-4.88669157"><ele>449.95</ele><time>2024-08-31T14:53:37Z</time></trkpt><trkpt lat="43.23141479" lon="-4.88670778"><ele>449.97</ele><time>2024-08-31T14:53:38Z</time></trkpt><trkpt lat="43.23140717" lon="-4.88672400"><ele>450.00</ele><time>2024-08-31T14:53:39Z</time></trkpt><trkpt lat="43.23140335" lon="-4.88674021"><ele>450.02</ele><time>2024-08-31T14:53:40Z</time></trkpt><trkpt lat="43.23139954" lon="-4.88675642"><ele>450.04</ele><time>2024-08-31T14:53:41Z</time></trkpt><trkpt lat="43.23139572" lon="-4.88677263"><ele>450.06</ele><time>2024-08-31T14:53:42Z</time></trkpt><trkpt lat="43.23139191" lon="-4.88678885"><ele>450.09</ele><time>2024-08-31T14:53:43Z</time></trkpt><trkpt lat="43.23138809" lon="-4.88680506"><ele>450.11</ele><time>2024-08-31T14:53:44Z</time></trkpt><trkpt lat="43.23138428" lon="-4.88682175"><ele>450.13</ele><time>2024-08-31T14:53:45Z</time></trkpt><trkpt lat="43.23138046" lon="-4.88683796"><ele>450.16</ele><time>2024-08-31T14:53:46Z</time></trkpt><trkpt lat="43.23137283" lon="-4.88685417"><ele>450.18</ele><time>2024-08-31T14:53:47Z</time></trkpt><trkpt lat="43.23136902" lon="-4.88687038"><ele>450.20</ele><time>2024-08-31T14:53:48Z</time></trkpt><trkpt lat="43.23136520" lon="-4.88688707"><ele>450.23</ele><time>2024-08-31T14:53:49Z</time></trkpt><trkpt lat="43.23136139" lon="-4.88690329"><ele>450.25</ele><time>2024-08-31T14:53:50Z</time></trkpt><trkpt lat="43.23135757" lon="-4.88691950"><ele>450.28</ele><time>2024-08-31T14:53:51Z</time></trkpt><trkpt lat="43.23135376" lon="-4.88693571"><ele>450.30</ele><time>2024-08-31T14:53:52Z</time></trkpt><trkpt lat="43.23134995" lon="-4.88695192"><ele>450.33</ele><time>2024-08-31T14:53:53Z</time></trkpt><trkpt lat="43.23134995" lon="-4.88696814"><ele>450.35</ele><time>2024-08-31T14:53:54Z</time></trkpt><trkpt lat="43.23134613" lon="-4.88698435"><ele>450.37</ele><time>2024-08-31T14:53:55Z</time></trkpt><trkpt lat="43.23134232" lon="-4.88700056"><ele>450.40</ele><time>2024-08-31T14:53:56Z</time></trkpt><trkpt lat="43.23133850" lon="-4.88701725"><ele>450.42</ele><time>2024-08-31T14:53:57Z</time></trkpt><trkpt lat="43.23133469" lon="-4.88703346"><ele>450.45</ele><time>2024-08-31T14:53:58Z</time></trkpt><trkpt lat="43.23133469" lon="-4.88704967"><ele>450.47</ele><time>2024-08-31T14:53:59Z</time></trkpt><trkpt lat="43.23133087" lon="-4.88706636"><ele>450.49</ele><time>2024-08-31T14:54:00Z</time></trkpt><trkpt lat="43.23132706" lon="-4.88708258"><ele>450.52</ele><time>2024-08-31T14:54:01Z</time></trkpt><trkpt lat="43.23132706" lon="-4.88709927"><ele>450.54</ele><time>2024-08-31T14:54:02Z</time></trkpt><trkpt lat="43.23132324" lon="-4.88711643"><ele>450.57</ele><time>2024-08-31T14:54:03Z</time></trkpt><trkpt lat="43.23131943" lon="-4.88713360"><ele>450.59</ele><time>2024-08-31T14:54:04Z</time></trkpt><trkpt lat="43.23131943" lon="-4.88715076"><ele>450.61</ele><time>2024-08-31T14:54:05Z</time></trkpt><trkpt lat="43.23131561" lon="-4.88716745"><ele>450.63</ele><time>2024-08-31T14:54:06Z</time></trkpt><trkpt lat="43.23131180" lon="-4.88718414"><ele>450.66</ele><time>2024-08-31T14:54:07Z</time></trkpt><trkpt lat="43.23130798" lon="-4.88719988"><ele>450.68</ele><time>2024-08-31T14:54:08Z</time></trkpt><trkpt lat="43.23130035" lon="-4.88721371"><ele>450.69</ele><time>2024-08-31T14:54:09Z</time></trkpt><trkpt lat="43.23129272" lon="-4.88722467"><ele>450.70</ele><time>2024-08-31T14:54:10Z</time></trkpt><trkpt lat="43.23128510" lon="-4.88723373"><ele>450.71</ele><time>2024-08-31T14:54:11Z</time></trkpt><trkpt lat="43.23127747" lon="-4.88724089"><ele>450.71</ele><time>2024-08-31T14:54:12Z</time></trkpt><trkpt lat="43.23126984" lon="-4.88724613"><ele>450.72</ele><time>2024-08-31T14:54:13Z</time></trkpt><trkpt lat="43.23125839" lon="-4.88725042"><ele>450.72</ele><time>2024-08-31T14:54:14Z</time></trkpt><trkpt lat="43.23124695" lon="-4.88725424"><ele>450.72</ele><time>2024-08-31T14:54:15Z</time></trkpt><trkpt lat="43.23123932" lon="-4.88725662"><ele>450.72</ele><time>2024-08-31T14:54:16Z</time></trkpt><trkpt lat="43.23122787" lon="-4.88725901"><ele>450.72</ele><time>2024-08-31T14:54:17Z</time></trkpt><trkpt lat="43.23121643" lon="-4.88726044"><ele>450.71</ele><time>2024-08-31T14:54:18Z</time></trkpt><trkpt lat="43.23120499" lon="-4.88726187"><ele>450.71</ele><time>2024-08-31T14:54:19Z</time></trkpt><trkpt lat="43.23119354" lon="-4.88726282"><ele>450.70</ele><time>2024-08-31T14:54:20Z</time></trkpt><trkpt lat="43.23118210" lon="-4.88726473"><ele>450.70</ele><time>2024-08-31T14:54:21Z</time></trkpt><trkpt lat="43.23117447" lon="-4.88726616"><ele>450.70</ele><time>2024-08-31T14:54:22Z</time></trkpt><trkpt lat="43.23116302" lon="-4.88726759"><ele>450.70</ele><time>2024-08-31T14:54:23Z</time></trkpt><trkpt lat="43.23115158" lon="-4.88726950"><ele>450.70</ele><time>2024-08-31T14:54:24Z</time></trkpt><trkpt lat="43.23114014" lon="-4.88727140"><ele>450.70</ele><time>2024-08-31T14:54:25Z</time></trkpt><trkpt lat="43.23113251" lon="-4.88727283"><ele>450.71</ele><time>2024-08-31T14:54:26Z</time></trkpt><trkpt lat="43.23112106" lon="-4.88727570"><ele>450.72</ele><time>2024-08-31T14:54:27Z</time></trkpt><trkpt lat="43.23110962" lon="-4.88727951"><ele>450.73</ele><time>2024-08-31T14:54:28Z</time></trkpt><trkpt lat="43.23109818" lon="-4.88728380"><ele>450.74</ele><time>2024-08-31T14:54:29Z</time></trkpt><trkpt lat="43.23108673" lon="-4.88728857"><ele>450.76</ele><time>2024-08-31T14:54:30Z</time></trkpt><trkpt lat="43.23107529" lon="-4.88729334"><ele>450.77</ele><time>2024-08-31T14:54:31Z</time></trkpt><trkpt lat="43.23106384" lon="-4.88729811"><ele>450.78</ele><time>2024-08-31T14:54:32Z</time></trkpt><trkpt lat="43.23105621" lon="-4.88730383"><ele>450.79</ele><time>2024-08-31T14:54:33Z</time></trkpt><trkpt lat="43.23104477" lon="-4.88730907"><ele>450.80</ele><time>2024-08-31T14:54:34Z</time></trkpt><trkpt lat="43.23103333" lon="-4.88731718"><ele>450.81</ele><time>2024-08-31T14:54:35Z</time></trkpt><trkpt lat="43.23102188" lon="-4.88732624"><ele>450.82</ele><time>2024-08-31T14:54:36Z</time></trkpt><trkpt lat="43.23101425" lon="-4.88733578"><ele>450.83</ele><time>2024-08-31T14:54:37Z</time></trkpt><trkpt lat="43.23100281" lon="-4.88734627"><ele>450.84</ele><time>2024-08-31T14:54:38Z</time></trkpt><trkpt lat="43.23099518" lon="-4.88735676"><ele>450.85</ele><time>2024-08-31T14:54:39Z</time></trkpt><trkpt lat="43.23098755" lon="-4.88736773"><ele>450.86</ele><time>2024-08-31T14:54:40Z</time></trkpt><trkpt lat="43.23097610" lon="-4.88737869"><ele>450.87</ele><time>2024-08-31T14:54:41Z</time></trkpt><trkpt lat="43.23096848" lon="-4.88739014"><ele>450.89</ele><time>2024-08-31T14:54:42Z</time></trkpt><trkpt lat="43.23095703" lon="-4.88740206"><ele>450.90</ele><time>2024-08-31T14:54:43Z</time></trkpt><trkpt lat="43.23094940" lon="-4.88741398"><ele>450.91</ele><time>2024-08-31T14:54:44Z</time></trkpt><trkpt lat="43.23094177" lon="-4.88742638"><ele>450.92</ele><time>2024-08-31T14:54:45Z</time></trkpt><trkpt lat="43.23093033" lon="-4.88743877"><ele>450.94</ele><time>2024-08-31T14:54:46Z</time></trkpt><trkpt lat="43.23092270" lon="-4.88745165"><ele>450.96</ele><time>2024-08-31T14:54:47Z</time></trkpt><trkpt lat="43.23091125" lon="-4.88746452"><ele>450.98</ele><time>2024-08-31T14:54:48Z</time></trkpt><trkpt lat="43.23090363" lon="-4.88747787"><ele>451.00</ele><time>2024-08-31T14:54:49Z</time></trkpt><trkpt lat="43.23089600" lon="-4.88749075"><ele>451.03</ele><time>2024-08-31T14:54:50Z</time></trkpt><trkpt lat="43.23088837" lon="-4.88750410"><ele>451.05</ele><time>2024-08-31T14:54:51Z</time></trkpt><trkpt lat="43.23087692" lon="-4.88751745"><ele>451.08</ele><time>2024-08-31T14:54:52Z</time></trkpt><trkpt lat="43.23086929" lon="-4.88753080"><ele>451.11</ele><time>2024-08-31T14:54:53Z</time></trkpt><trkpt lat="43.23086166" lon="-4.88754463"><ele>451.14</ele><time>2024-08-31T14:54:54Z</time></trkpt><trkpt lat="43.23085403" lon="-4.88755846"><ele>451.17</ele><time>2024-08-31T14:54:55Z</time></trkpt><trkpt lat="43.23084641" lon="-4.88757229"><ele>451.20</ele><time>2024-08-31T14:54:56Z</time></trkpt><trkpt lat="43.23083878" lon="-4.88758659"><ele>451.23</ele><time>2024-08-31T14:54:57Z</time></trkpt><trkpt lat="43.23083115" lon="-4.88760090"><ele>451.25</ele><time>2024-08-31T14:54:58Z</time></trkpt><trkpt lat="43.23082352" lon="-4.88761473"><ele>451.28</ele><time>2024-08-31T14:54:59Z</time></trkpt><trkpt lat="43.23081589" lon="-4.88762903"><ele>451.31</ele><time>2024-08-31T14:55:00Z</time></trkpt><trkpt lat="43.23080826" lon="-4.88764381"><ele>451.34</ele><time>2024-08-31T14:55:01Z</time></trkpt><trkpt lat="43.23080063" lon="-4.88765812"><ele>451.36</ele><time>2024-08-31T14:55:02Z</time></trkpt><trkpt lat="43.23079300" lon="-4.88767242"><ele>451.39</ele><time>2024-08-31T14:55:03Z</time></trkpt><trkpt lat="43.23078537" lon="-4.88768673"><ele>451.41</ele><time>2024-08-31T14:55:04Z</time></trkpt><trkpt lat="43.23077774" lon="-4.88770103"><ele>451.44</ele><time>2024-08-31T14:55:05Z</time></trkpt><trkpt lat="43.23077011" lon="-4.88771486"><ele>451.46</ele><time>2024-08-31T14:55:06Z</time></trkpt><trkpt lat="43.23076248" lon="-4.88772917"><ele>451.49</ele><time>2024-08-31T14:55:07Z</time></trkpt><trkpt lat="43.23075485" lon="-4.88774204"><ele>451.49</ele><time>2024-08-31T14:55:08Z</time></trkpt><trkpt lat="43.23074722" lon="-4.88775301"><ele>451.50</ele><time>2024-08-31T14:55:09Z</time></trkpt><trkpt lat="43.23073959" lon="-4.88776302"><ele>451.51</ele><time>2024-08-31T14:55:10Z</time></trkpt><trkpt lat="43.23073196" lon="-4.88777399"><ele>451.52</ele><time>2024-08-31T14:55:11Z</time></trkpt><trkpt lat="43.23072433" lon="-4.88778543"><ele>451.52</ele><time>2024-08-31T14:55:12Z</time></trkpt><trkpt lat="43.23071671" lon="-4.88779736"><ele>451.53</ele><time>2024-08-31T14:55:13Z</time></trkpt><trkpt lat="43.23070908" lon="-4.88780928"><ele>451.54</ele><time>2024-08-31T14:55:14Z</time></trkpt><trkpt lat="43.23069763" lon="-4.88782167"><ele>451.55</ele><time>2024-08-31T14:55:15Z</time></trkpt><trkpt lat="43.23069000" lon="-4.88783407"><ele>451.56</ele><time>2024-08-31T14:55:16Z</time></trkpt><trkpt lat="43.23068237" lon="-4.88784599"><ele>451.57</ele><time>2024-08-31T14:55:17Z</time></trkpt><trkpt lat="43.23067474" lon="-4.88785839"><ele>451.58</ele><time>2024-08-31T14:55:18Z</time></trkpt><trkpt lat="43.23066711" lon="-4.88787079"><ele>451.60</ele><time>2024-08-31T14:55:19Z</time></trkpt><trkpt lat="43.23065948" lon="-4.88788271"><ele>451.62</ele><time>2024-08-31T14:55:20Z</time></trkpt><trkpt lat="43.23065186" lon="-4.88789511"><ele>451.64</ele><time>2024-08-31T14:55:21Z</time></trkpt><trkpt lat="43.23064423" lon="-4.88790751"><ele>451.66</ele><time>2024-08-31T14:55:22Z</time></trkpt><trkpt lat="43.23063660" lon="-4.88791704"><ele>451.66</ele><time>2024-08-31T14:55:23Z</time></trkpt><trkpt lat="43.23062897" lon="-4.88792610"><ele>451.67</ele><time>2024-08-31T14:55:24Z</time></trkpt><trkpt lat="43.23062515" lon="-4.88793516"><ele>451.67</ele><time>2024-08-31T14:55:25Z</time></trkpt><trkpt lat="43.23061752" lon="-4.88794470"><ele>451.67</ele><time>2024-08-31T14:55:26Z</time></trkpt><trkpt lat="43.23061371" lon="-4.88795519"><ele>451.67</ele><time>2024-08-31T14:55:27Z</time></trkpt><trkpt lat="43.23060989" lon="-4.88796663"><ele>451.68</ele><time>2024-08-31T14:55:28Z</time></trkpt><trkpt lat="43.23060226" lon="-4.88797808"><ele>451.68</ele><time>2024-08-31T14:55:29Z</time></trkpt><trkpt lat="43.23059845" lon="-4.88799000"><ele>451.68</ele><time>2024-08-31T14:55:30Z</time></trkpt><trkpt lat="43.23059464" lon="-4.88800240"><ele>451.68</ele><time>2024-08-31T14:55:31Z</time></trkpt><trkpt lat="43.23059082" lon="-4.88801527"><ele>451.68</ele><time>2024-08-31T14:55:32Z</time></trkpt><trkpt lat="43.23058701" lon="-4.88802528"><ele>451.69</ele><time>2024-08-31T14:55:33Z</time></trkpt><trkpt lat="43.23058701" lon="-4.88803625"><ele>451.70</ele><time>2024-08-31T14:55:34Z</time></trkpt><trkpt lat="43.23058701" lon="-4.88804817"><ele>451.71</ele><time>2024-08-31T14:55:35Z</time></trkpt><trkpt lat="43.23058701" lon="-4.88805962"><ele>451.72</ele><time>2024-08-31T14:55:36Z</time></trkpt><trkpt lat="43.23058701" lon="-4.88807154"><ele>451.73</ele><time>2024-08-31T14:55:37Z</time></trkpt><trkpt lat="43.23058701" lon="-4.88808346"><ele>451.74</ele><time>2024-08-31T14:55:38Z</time></trkpt><trkpt lat="43.23058319" lon="-4.88809586"><ele>451.75</ele><time>2024-08-31T14:55:39Z</time></trkpt><trkpt lat="43.23058319" lon="-4.88810873"><ele>451.75</ele><time>2024-08-31T14:55:40Z</time></trkpt><trkpt lat="43.23057938" lon="-4.88812160"><ele>451.76</ele><time>2024-08-31T14:55:41Z</time></trkpt><trkpt lat="43.23057938" lon="-4.88813496"><ele>451.77</ele><time>2024-08-31T14:55:42Z</time></trkpt><trkpt lat="43.23057556" lon="-4.88814783"><ele>451.78</ele><time>2024-08-31T14:55:43Z</time></trkpt><trkpt lat="43.23057556" lon="-4.88816023"><ele>451.79</ele><time>2024-08-31T14:55:44Z</time></trkpt><trkpt lat="43.23057175" lon="-4.88817263"><ele>451.80</ele><time>2024-08-31T14:55:45Z</time></trkpt><trkpt lat="43.23057175" lon="-4.88818550"><ele>451.81</ele><time>2024-08-31T14:55:46Z</time></trkpt><trkpt lat="43.23056793" lon="-4.88819885"><ele>451.82</ele><time>2024-08-31T14:55:47Z</time></trkpt><trkpt lat="43.23056793" lon="-4.88821316"><ele>451.83</ele><time>2024-08-31T14:55:48Z</time></trkpt><trkpt lat="43.23056412" lon="-4.88822746"><ele>451.85</ele><time>2024-08-31T14:55:49Z</time></trkpt><trkpt lat="43.23056030" lon="-4.88824272"><ele>451.86</ele><time>2024-08-31T14:55:50Z</time></trkpt><trkpt lat="43.23055649" lon="-4.88825798"><ele>451.88</ele><time>2024-08-31T14:55:51Z</time></trkpt><trkpt lat="43.23055267" lon="-4.88827324"><ele>451.89</ele><time>2024-08-31T14:55:52Z</time></trkpt><trkpt lat="43.23054886" lon="-4.88828945"><ele>451.91</ele><time>2024-08-31T14:55:53Z</time></trkpt><trkpt lat="43.23054504" lon="-4.88830614"><ele>451.93</ele><time>2024-08-31T14:55:54Z</time></trkpt><trkpt lat="43.23054123" lon="-4.88832331"><ele>451.94</ele><time>2024-08-31T14:55:55Z</time></trkpt><trkpt lat="43.23053741" lon="-4.88834095"><ele>451.96</ele><time>2024-08-31T14:55:56Z</time></trkpt><trkpt lat="43.23053360" lon="-4.88835907"><ele>451.98</ele><time>2024-08-31T14:55:57Z</time></trkpt><trkpt lat="43.23052979" lon="-4.88837719"><ele>451.99</ele><time>2024-08-31T14:55:58Z</time></trkpt><trkpt lat="43.23052597" lon="-4.88839626"><ele>452.01</ele><time>2024-08-31T14:55:59Z</time></trkpt><trkpt lat="43.23052216" lon="-4.88841534"><ele>452.02</ele><time>2024-08-31T14:56:00Z</time></trkpt><trkpt lat="43.23051834" lon="-4.88843489"><ele>452.04</ele><time>2024-08-31T14:56:01Z</time></trkpt><trkpt lat="43.23051453" lon="-4.88845444"><ele>452.05</ele><time>2024-08-31T14:56:02Z</time></trkpt><trkpt lat="43.23051071" lon="-4.88847446"><ele>452.07</ele><time>2024-08-31T14:56:03Z</time></trkpt><trkpt lat="43.23050690" lon="-4.88849449"><ele>452.08</ele><time>2024-08-31T14:56:04Z</time></trkpt><trkpt lat="43.23050308" lon="-4.88851500"><ele>452.10</ele><time>2024-08-31T14:56:05Z</time></trkpt><trkpt lat="43.23049545" lon="-4.88853550"><ele>452.11</ele><time>2024-08-31T14:56:06Z</time></trkpt><trkpt lat="43.23049164" lon="-4.88855696"><ele>452.12</ele><time>2024-08-31T14:56:07Z</time></trkpt><trkpt lat="43.23048782" lon="-4.88857794"><ele>452.14</ele><time>2024-08-31T14:56:08Z</time></trkpt><trkpt lat="43.23048401" lon="-4.88859892"><ele>452.15</ele><time>2024-08-31T14:56:09Z</time></trkpt><trkpt lat="43.23047638" lon="-4.88862038"><ele>452.16</ele><time>2024-08-31T14:56:10Z</time></trkpt><trkpt lat="43.23047256" lon="-4.88864136"><ele>452.17</ele><time>2024-08-31T14:56:11Z</time></trkpt><trkpt lat="43.23046875" lon="-4.88866186"><ele>452.19</ele><time>2024-08-31T14:56:12Z</time></trkpt><trkpt lat="43.23046112" lon="-4.88868237"><ele>452.20</ele><time>2024-08-31T14:56:13Z</time></trkpt><trkpt lat="43.23045349" lon="-4.88870239"><ele>452.21</ele><time>2024-08-31T14:56:14Z</time></trkpt><trkpt lat="43.23044205" lon="-4.88872337"><ele>452.22</ele><time>2024-08-31T14:56:15Z</time></trkpt><trkpt lat="43.23043442" lon="-4.88874388"><ele>452.24</ele><time>2024-08-31T14:56:16Z</time></trkpt><trkpt lat="43.23042679" lon="-4.88876486"><ele>452.25</ele><time>2024-08-31T14:56:17Z</time></trkpt><trkpt lat="43.23041916" lon="-4.88878632"><ele>452.26</ele><time>2024-08-31T14:56:18Z</time></trkpt><trkpt lat="43.23041153" lon="-4.88880777"><ele>452.28</ele><time>2024-08-31T14:56:19Z</time></trkpt><trkpt lat="43.23040390" lon="-4.88882875"><ele>452.29</ele><time>2024-08-31T14:56:20Z</time></trkpt><trkpt lat="43.23040009" lon="-4.88885021"><ele>452.30</ele><time>2024-08-31T14:56:21Z</time></trkpt><trkpt lat="43.23039246" lon="-4.88887072"><ele>452.32</ele><time>2024-08-31T14:56:22Z</time></trkpt><trkpt lat="43.23038864" lon="-4.88889074"><ele>452.33</ele><time>2024-08-31T14:56:23Z</time></trkpt><trkpt lat="43.23038101" lon="-4.88890982"><ele>452.34</ele><time>2024-08-31T14:56:24Z</time></trkpt><trkpt lat="43.23037338" lon="-4.88892841"><ele>452.34</ele><time>2024-08-31T14:56:25Z</time></trkpt><trkpt lat="43.23036957" lon="-4.88894653"><ele>452.35</ele><time>2024-08-31T14:56:26Z</time></trkpt><trkpt lat="43.23036194" lon="-4.88896418"><ele>452.36</ele><time>2024-08-31T14:56:27Z</time></trkpt><trkpt lat="43.23035812" lon="-4.88898134"><ele>452.37</ele><time>2024-08-31T14:56:28Z</time></trkpt><trkpt lat="43.23035049" lon="-4.88899803"><ele>452.38</ele><time>2024-08-31T14:56:29Z</time></trkpt><trkpt lat="43.23034286" lon="-4.88901472"><ele>452.38</ele><time>2024-08-31T14:56:30Z</time></trkpt><trkpt lat="43.23033905" lon="-4.88903093"><ele>452.39</ele><time>2024-08-31T14:56:31Z</time></trkpt><trkpt lat="43.23033142" lon="-4.88904762"><ele>452.40</ele><time>2024-08-31T14:56:32Z</time></trkpt><trkpt lat="43.23032379" lon="-4.88906384"><ele>452.41</ele><time>2024-08-31T14:56:33Z</time></trkpt><trkpt lat="43.23031998" lon="-4.88908052"><ele>452.42</ele><time>2024-08-31T14:56:34Z</time></trkpt><trkpt lat="43.23031235" lon="-4.88909721"><ele>452.42</ele><time>2024-08-31T14:56:35Z</time></trkpt><trkpt lat="43.23030853" lon="-4.88911390"><ele>452.43</ele><time>2024-08-31T14:56:36Z</time></trkpt><trkpt lat="43.23030090" lon="-4.88913059"><ele>452.44</ele><time>2024-08-31T14:56:37Z</time></trkpt><trkpt lat="43.23029327" lon="-4.88914776"><ele>452.45</ele><time>2024-08-31T14:56:38Z</time></trkpt><trkpt lat="43.23028946" lon="-4.88916492"><ele>452.46</ele><time>2024-08-31T14:56:39Z</time></trkpt><trkpt lat="43.23028183" lon="-4.88918209"><ele>452.46</ele><time>2024-08-31T14:56:40Z</time></trkpt><trkpt lat="43.23027420" lon="-4.88919973"><ele>452.47</ele><time>2024-08-31T14:56:41Z</time></trkpt><trkpt lat="43.23026657" lon="-4.88921738"><ele>452.48</ele><time>2024-08-31T14:56:42Z</time></trkpt><trkpt lat="43.23025894" lon="-4.88923502"><ele>452.50</ele><time>2024-08-31T14:56:43Z</time></trkpt><trkpt lat="43.23025131" lon="-4.88925314"><ele>452.51</ele><time>2024-08-31T14:56:44Z</time></trkpt><trkpt lat="43.23024750" lon="-4.88927078"><ele>452.52</ele><time>2024-08-31T14:56:45Z</time></trkpt><trkpt lat="43.23023987" lon="-4.88928938"><ele>452.54</ele><time>2024-08-31T14:56:46Z</time></trkpt><trkpt lat="43.23023224" lon="-4.88930750"><ele>452.55</ele><time>2024-08-31T14:56:47Z</time></trkpt><trkpt lat="43.23022461" lon="-4.88932610"><ele>452.56</ele><time>2024-08-31T14:56:48Z</time></trkpt><trkpt lat="43.23021698" lon="-4.88934422"><ele>452.58</ele><time>2024-08-31T14:56:49Z</time></trkpt><trkpt lat="43.23020935" lon="-4.88936234"><ele>452.59</ele><time>2024-08-31T14:56:50Z</time></trkpt><trkpt lat="43.23019791" lon="-4.88938093"><ele>452.61</ele><time>2024-08-31T14:56:51Z</time></trkpt><trkpt lat="43.23019028" lon="-4.88939905"><ele>452.62</ele><time>2024-08-31T14:56:52Z</time></trkpt><trkpt lat="43.23018265" lon="-4.88941717"><ele>452.64</ele><time>2024-08-31T14:56:53Z</time></trkpt><trkpt lat="43.23017502" lon="-4.88943529"><ele>452.66</ele><time>2024-08-31T14:56:54Z</time></trkpt><trkpt lat="43.23016739" lon="-4.88945341"><ele>452.67</ele><time>2024-08-31T14:56:55Z</time></trkpt><trkpt lat="43.23015976" lon="-4.88947105"><ele>452.69</ele><time>2024-08-31T14:56:56Z</time></trkpt><trkpt lat="43.23014832" lon="-4.88948870"><ele>452.71</ele><time>2024-08-31T14:56:57Z</time></trkpt><trkpt lat="43.23014069" lon="-4.88950634"><ele>452.73</ele><time>2024-08-31T14:56:58Z</time></trkpt><trkpt lat="43.23013306" lon="-4.88952351"><ele>452.75</ele><time>2024-08-31T14:56:59Z</time></trkpt><trkpt lat="43.23012543" lon="-4.88954115"><ele>452.77</ele><time>2024-08-31T14:57:00Z</time></trkpt><trkpt lat="43.23011398" lon="-4.88955784"><ele>452.79</ele><time>2024-08-31T14:57:01Z</time></trkpt><trkpt lat="43.23010635" lon="-4.88957453"><ele>452.81</ele><time>2024-08-31T14:57:02Z</time></trkpt><trkpt lat="43.23009872" lon="-4.88959074"><ele>452.83</ele><time>2024-08-31T14:57:03Z</time></trkpt><trkpt lat="43.23009109" lon="-4.88960695"><ele>452.85</ele><time>2024-08-31T14:57:04Z</time></trkpt><trkpt lat="43.23008347" lon="-4.88962269"><ele>452.86</ele><time>2024-08-31T14:57:05Z</time></trkpt><trkpt lat="43.23007202" lon="-4.88963890"><ele>452.88</ele><time>2024-08-31T14:57:06Z</time></trkpt><trkpt lat="43.23006058" lon="-4.88965416"><ele>452.90</ele><time>2024-08-31T14:57:07Z</time></trkpt><trkpt lat="43.23005295" lon="-4.88966990"><ele>452.92</ele><time>2024-08-31T14:57:08Z</time></trkpt><trkpt lat="43.23004150" lon="-4.88968611"><ele>452.94</ele><time>2024-08-31T14:57:09Z</time></trkpt><trkpt lat="43.23003387" lon="-4.88970184"><ele>452.96</ele><time>2024-08-31T14:57:10Z</time></trkpt><trkpt lat="43.23002625" lon="-4.88971758"><ele>452.97</ele><time>2024-08-31T14:57:11Z</time></trkpt><trkpt lat="43.23001480" lon="-4.88973331"><ele>452.97</ele><time>2024-08-31T14:57:12Z</time></trkpt><trkpt lat="43.23000717" lon="-4.88974810"><ele>452.98</ele><time>2024-08-31T14:57:13Z</time></trkpt><trkpt lat="43.22999954" lon="-4.88976288"><ele>452.99</ele><time>2024-08-31T14:57:14Z</time></trkpt><trkpt lat="43.22999191" lon="-4.88977718"><ele>452.99</ele><time>2024-08-31T14:57:15Z</time></trkpt><trkpt lat="43.22998428" lon="-4.88979053"><ele>452.99</ele><time>2024-08-31T14:57:16Z</time></trkpt><trkpt lat="43.22997665" lon="-4.88980389"><ele>453.00</ele><time>2024-08-31T14:57:17Z</time></trkpt><trkpt lat="43.22997284" lon="-4.88981724"><ele>453.00</ele><time>2024-08-31T14:57:18Z</time></trkpt><trkpt lat="43.22996521" lon="-4.88983011"><ele>453.01</ele><time>2024-08-31T14:57:19Z</time></trkpt><trkpt lat="43.22996140" lon="-4.88984394"><ele>453.01</ele><time>2024-08-31T14:57:20Z</time></trkpt><trkpt lat="43.22995758" lon="-4.88985729"><ele>453.02</ele><time>2024-08-31T14:57:21Z</time></trkpt><trkpt lat="43.22994995" lon="-4.88987017"><ele>453.04</ele><time>2024-08-31T14:57:22Z</time></trkpt><trkpt lat="43.22994614" lon="-4.88988256"><ele>453.04</ele><time>2024-08-31T14:57:23Z</time></trkpt><trkpt lat="43.22994232" lon="-4.88989496"><ele>453.05</ele><time>2024-08-31T14:57:24Z</time></trkpt><trkpt lat="43.22993851" lon="-4.88990736"><ele>453.04</ele><time>2024-08-31T14:57:25Z</time></trkpt><trkpt lat="43.22993469" lon="-4.88991928"><ele>453.04</ele><time>2024-08-31T14:57:26Z</time></trkpt><trkpt lat="43.22993088" lon="-4.88993120"><ele>453.04</ele><time>2024-08-31T14:57:27Z</time></trkpt><trkpt lat="43.22992706" lon="-4.88994265"><ele>453.04</ele><time>2024-08-31T14:57:28Z</time></trkpt><trkpt lat="43.22992325" lon="-4.88995361"><ele>453.04</ele><time>2024-08-31T14:57:29Z</time></trkpt><trkpt lat="43.22991943" lon="-4.88996458"><ele>453.04</ele><time>2024-08-31T14:57:30Z</time></trkpt><trkpt lat="43.22991943" lon="-4.88997459"><ele>453.04</ele><time>2024-08-31T14:57:31Z</time></trkpt><trkpt lat="43.22991180" lon="-4.88998508"><ele>453.05</ele><time>2024-08-31T14:57:32Z</time></trkpt><trkpt lat="43.22990799" lon="-4.88999510"><ele>453.05</ele><time>2024-08-31T14:57:33Z</time></trkpt><trkpt lat="43.22990417" lon="-4.89000463"><ele>453.05</ele><time>2024-08-31T14:57:34Z</time></trkpt><trkpt lat="43.22990036" lon="-4.89001417"><ele>453.05</ele><time>2024-08-31T14:57:35Z</time></trkpt><trkpt lat="43.22989655" lon="-4.89002371"><ele>453.05</ele><time>2024-08-31T14:57:36Z</time></trkpt><trkpt lat="43.22989273" lon="-4.89003277"><ele>453.05</ele><time>2024-08-31T14:57:37Z</time></trkpt><trkpt lat="43.22988892" lon="-4.89004183"><ele>453.06</ele><time>2024-08-31T14:57:38Z</time></trkpt><trkpt lat="43.22988510" lon="-4.89005041"><ele>453.06</ele><time>2024-08-31T14:57:39Z</time></trkpt><trkpt lat="43.22988129" lon="-4.89005947"><ele>453.06</ele><time>2024-08-31T14:57:40Z</time></trkpt><trkpt lat="43.22987747" lon="-4.89006758"><ele>453.07</ele><time>2024-08-31T14:57:41Z</time></trkpt><trkpt lat="43.22987366" lon="-4.89007616"><ele>453.08</ele><time>2024-08-31T14:57:42Z</time></trkpt><trkpt lat="43.22986984" lon="-4.89008427"><ele>453.10</ele><time>2024-08-31T14:57:43Z</time></trkpt><trkpt lat="43.22986603" lon="-4.89009285"><ele>453.12</ele><time>2024-08-31T14:57:44Z</time></trkpt><trkpt lat="43.22985840" lon="-4.89010191"><ele>453.14</ele><time>2024-08-31T14:57:45Z</time></trkpt><trkpt lat="43.22985458" lon="-4.89011097"><ele>453.17</ele><time>2024-08-31T14:57:46Z</time></trkpt><trkpt lat="43.22985077" lon="-4.89012051"><ele>453.20</ele><time>2024-08-31T14:57:47Z</time></trkpt><trkpt lat="43.22984314" lon="-4.89013004"><ele>453.24</ele><time>2024-08-31T14:57:48Z</time></trkpt><trkpt lat="43.22983932" lon="-4.89014053"><ele>453.27</ele><time>2024-08-31T14:57:49Z</time></trkpt><trkpt lat="43.22983551" lon="-4.89015055"><ele>453.29</ele><time>2024-08-31T14:57:50Z</time></trkpt><trkpt lat="43.22983170" lon="-4.89016151"><ele>453.32</ele><time>2024-08-31T14:57:51Z</time></trkpt><trkpt lat="43.22982788" lon="-4.89017248"><ele>453.35</ele><time>2024-08-31T14:57:52Z</time></trkpt><trkpt lat="43.22982407" lon="-4.89018345"><ele>453.37</ele><time>2024-08-31T14:57:53Z</time></trkpt><trkpt lat="43.22982025" lon="-4.89019489"><ele>453.39</ele><time>2024-08-31T14:57:54Z</time></trkpt><trkpt lat="43.22981262" lon="-4.89020634"><ele>453.40</ele><time>2024-08-31T14:57:55Z</time></trkpt><trkpt lat="43.22980881" lon="-4.89021826"><ele>453.42</ele><time>2024-08-31T14:57:56Z</time></trkpt><trkpt lat="43.22980499" lon="-4.89022970"><ele>453.43</ele><time>2024-08-31T14:57:57Z</time></trkpt><trkpt lat="43.22980118" lon="-4.89024162"><ele>453.45</ele><time>2024-08-31T14:57:58Z</time></trkpt><trkpt lat="43.22979736" lon="-4.89025354"><ele>453.46</ele><time>2024-08-31T14:57:59Z</time></trkpt><trkpt lat="43.22979355" lon="-4.89026594"><ele>453.47</ele><time>2024-08-31T14:58:00Z</time></trkpt><trkpt lat="43.22978973" lon="-4.89027786"><ele>453.48</ele><time>2024-08-31T14:58:01Z</time></trkpt><trkpt lat="43.22978592" lon="-4.89029026"><ele>453.49</ele><time>2024-08-31T14:58:02Z</time></trkpt><trkpt lat="43.22978210" lon="-4.89030218"><ele>453.50</ele><time>2024-08-31T14:58:03Z</time></trkpt><trkpt lat="43.22977829" lon="-4.89031458"><ele>453.51</ele><time>2024-08-31T14:58:04Z</time></trkpt><trkpt lat="43.22977066" lon="-4.89032698"><ele>453.52</ele><time>2024-08-31T14:58:05Z</time></trkpt><trkpt lat="43.22976685" lon="-4.89033937"><ele>453.53</ele><time>2024-08-31T14:58:06Z</time></trkpt><trkpt lat="43.22976303" lon="-4.89035225"><ele>453.55</ele><time>2024-08-31T14:58:07Z</time></trkpt><trkpt lat="43.22975922" lon="-4.89036512"><ele>453.56</ele><time>2024-08-31T14:58:08Z</time></trkpt><trkpt lat="43.22975540" lon="-4.89037848"><ele>453.57</ele><time>2024-08-31T14:58:09Z</time></trkpt><trkpt lat="43.22974777" lon="-4.89039135"><ele>453.58</ele><time>2024-08-31T14:58:10Z</time></trkpt><trkpt lat="43.22974396" lon="-4.89040470"><ele>453.59</ele><time>2024-08-31T14:58:11Z</time></trkpt><trkpt lat="43.22974014" lon="-4.89041805"><ele>453.60</ele><time>2024-08-31T14:58:12Z</time></trkpt><trkpt lat="43.22973633" lon="-4.89043093"><ele>453.61</ele><time>2024-08-31T14:58:13Z</time></trkpt><trkpt lat="43.22972870" lon="-4.89044476"><ele>453.61</ele><time>2024-08-31T14:58:14Z</time></trkpt><trkpt lat="43.22972488" lon="-4.89045763"><ele>453.62</ele><time>2024-08-31T14:58:15Z</time></trkpt><trkpt lat="43.22971725" lon="-4.89047003"><ele>453.63</ele><time>2024-08-31T14:58:16Z</time></trkpt><trkpt lat="43.22971344" lon="-4.89048243"><ele>453.64</ele><time>2024-08-31T14:58:17Z</time></trkpt><trkpt lat="43.22970581" lon="-4.89049482"><ele>453.65</ele><time>2024-08-31T14:58:18Z</time></trkpt><trkpt lat="43.22970200" lon="-4.89050722"><ele>453.67</ele><time>2024-08-31T14:58:19Z</time></trkpt><trkpt lat="43.22969437" lon="-4.89051962"><ele>453.68</ele><time>2024-08-31T14:58:20Z</time></trkpt><trkpt lat="43.22968674" lon="-4.89053202"><ele>453.70</ele><time>2024-08-31T14:58:21Z</time></trkpt><trkpt lat="43.22967911" lon="-4.89054489"><ele>453.72</ele><time>2024-08-31T14:58:22Z</time></trkpt><trkpt lat="43.22967148" lon="-4.89055729"><ele>453.74</ele><time>2024-08-31T14:58:23Z</time></trkpt><trkpt lat="43.22966385" lon="-4.89057064"><ele>453.76</ele><time>2024-08-31T14:58:24Z</time></trkpt><trkpt lat="43.22965622" lon="-4.89058352"><ele>453.78</ele><time>2024-08-31T14:58:25Z</time></trkpt><trkpt lat="43.22964859" lon="-4.89059639"><ele>453.80</ele><time>2024-08-31T14:58:26Z</time></trkpt><trkpt lat="43.22964096" lon="-4.89060974"><ele>453.82</ele><time>2024-08-31T14:58:27Z</time></trkpt><trkpt lat="43.22963333" lon="-4.89062262"><ele>453.85</ele><time>2024-08-31T14:58:28Z</time></trkpt><trkpt lat="43.22962570" lon="-4.89063549"><ele>453.87</ele><time>2024-08-31T14:58:29Z</time></trkpt><trkpt lat="43.22961807" lon="-4.89064837"><ele>453.89</ele><time>2024-08-31T14:58:30Z</time></trkpt><trkpt lat="43.22961044" lon="-4.89066172"><ele>453.91</ele><time>2024-08-31T14:58:31Z</time></trkpt><trkpt lat="43.22960281" lon="-4.89067411"><ele>453.94</ele><time>2024-08-31T14:58:32Z</time></trkpt><trkpt lat="43.22959137" lon="-4.89068699"><ele>453.96</ele><time>2024-08-31T14:58:33Z</time></trkpt><trkpt lat="43.22958374" lon="-4.89069748"><ele>453.97</ele><time>2024-08-31T14:58:34Z</time></trkpt><trkpt lat="43.22957611" lon="-4.89070368"><ele>453.99</ele><time>2024-08-31T14:58:35Z</time></trkpt><trkpt lat="43.22956467" lon="-4.89070702"><ele>454.00</ele><time>2024-08-31T14:58:36Z</time></trkpt><trkpt lat="43.22955704" lon="-4.89070797"><ele>454.02</ele><time>2024-08-31T14:58:37Z</time></trkpt><trkpt lat="43.22955322" lon="-4.89070702"><ele>454.03</ele><time>2024-08-31T14:58:38Z</time></trkpt><trkpt lat="43.22954559" lon="-4.89070511"><ele>454.05</ele><time>2024-08-31T14:58:39Z</time></trkpt><trkpt lat="43.22953796" lon="-4.89070272"><ele>454.06</ele><time>2024-08-31T14:58:40Z</time></trkpt><trkpt lat="43.22953415" lon="-4.89069891"><ele>454.07</ele><time>2024-08-31T14:58:41Z</time></trkpt><trkpt lat="43.22952652" lon="-4.89069510"><ele>454.08</ele><time>2024-08-31T14:58:42Z</time></trkpt><trkpt lat="43.22951889" lon="-4.89069080"><ele>454.09</ele><time>2024-08-31T14:58:43Z</time></trkpt><trkpt lat="43.22951508" lon="-4.89068604"><ele>454.10</ele><time>2024-08-31T14:58:44Z</time></trkpt><trkpt lat="43.22950745" lon="-4.89068174"><ele>454.10</ele><time>2024-08-31T14:58:45Z</time></trkpt><trkpt lat="43.22950363" lon="-4.89067745"><ele>454.11</ele><time>2024-08-31T14:58:46Z</time></trkpt><trkpt lat="43.22949600" lon="-4.89067268"><ele>454.12</ele><time>2024-08-31T14:58:47Z</time></trkpt><trkpt lat="43.22949219" lon="-4.89066792"><ele>454.13</ele><time>2024-08-31T14:58:48Z</time></trkpt><trkpt lat="43.22948837" lon="-4.89066362"><ele>454.13</ele><time>2024-08-31T14:58:49Z</time></trkpt><trkpt lat="43.22948074" lon="-4.89065886"><ele>454.14</ele><time>2024-08-31T14:58:50Z</time></trkpt><trkpt lat="43.22947693" lon="-4.89065409"><ele>454.15</ele><time>2024-08-31T14:58:51Z</time></trkpt><trkpt lat="43.22947311" lon="-4.89064932"><ele>454.15</ele><time>2024-08-31T14:58:52Z</time></trkpt><trkpt lat="43.22946930" lon="-4.89064407"><ele>454.16</ele><time>2024-08-31T14:58:53Z</time></trkpt><trkpt lat="43.22946548" lon="-4.89063883"><ele>454.16</ele><time>2024-08-31T14:58:54Z</time></trkpt><trkpt lat="43.22946167" lon="-4.89063311"><ele>454.17</ele><time>2024-08-31T14:58:55Z</time></trkpt><trkpt lat="43.22945786" lon="-4.89062738"><ele>454.17</ele><time>2024-08-31T14:58:56Z</time></trkpt><trkpt lat="43.22945404" lon="-4.89062166"><ele>454.18</ele><time>2024-08-31T14:58:57Z</time></trkpt><trkpt lat="43.22945023" lon="-4.89061499"><ele>454.18</ele><time>2024-08-31T14:58:58Z</time></trkpt><trkpt lat="43.22944641" lon="-4.89060783"><ele>454.19</ele><time>2024-08-31T14:58:59Z</time></trkpt><trkpt lat="43.22944641" lon="-4.89060068"><ele>454.19</ele><time>2024-08-31T14:59:00Z</time></trkpt><trkpt lat="43.22944260" lon="-4.89059258"><ele>454.19</ele><time>2024-08-31T14:59:01Z</time></trkpt><trkpt lat="43.22944260" lon="-4.89058399"><ele>454.20</ele><time>2024-08-31T14:59:02Z</time></trkpt><trkpt lat="43.22944260" lon="-4.89057541"><ele>454.20</ele><time>2024-08-31T14:59:03Z</time></trkpt><trkpt lat="43.22943878" lon="-4.89056635"><ele>454.20</ele><time>2024-08-31T14:59:04Z</time></trkpt><trkpt lat="43.22943878" lon="-4.89055681"><ele>454.20</ele><time>2024-08-31T14:59:05Z</time></trkpt><trkpt lat="43.22943878" lon="-4.89054680"><ele>454.21</ele><time>2024-08-31T14:59:06Z</time></trkpt><trkpt lat="43.22943878" lon="-4.89053631"><ele>454.21</ele><time>2024-08-31T14:59:07Z</time></trkpt><trkpt lat="43.22944260" lon="-4.89052582"><ele>454.22</ele><time>2024-08-31T14:59:08Z</time></trkpt><trkpt lat="43.22944260" lon="-4.89051485"><ele>454.22</ele><time>2024-08-31T14:59:09Z</time></trkpt><trkpt lat="43.22944260" lon="-4.89050293"><ele>454.23</ele><time>2024-08-31T14:59:10Z</time></trkpt><trkpt lat="43.22944260" lon="-4.89048958"><ele>454.24</ele><time>2024-08-31T14:59:11Z</time></trkpt><trkpt lat="43.22944260" lon="-4.89047527"><ele>454.25</ele><time>2024-08-31T14:59:12Z</time></trkpt><trkpt lat="43.22944260" lon="-4.89046001"><ele>454.26</ele><time>2024-08-31T14:59:13Z</time></trkpt><trkpt lat="43.22944260" lon="-4.89044476"><ele>454.27</ele><time>2024-08-31T14:59:14Z</time></trkpt><trkpt lat="43.22943878" lon="-4.89042902"><ele>454.29</ele><time>2024-08-31T14:59:15Z</time></trkpt><trkpt lat="43.22943497" lon="-4.89041424"><ele>454.30</ele><time>2024-08-31T14:59:16Z</time></trkpt><trkpt lat="43.22943115" lon="-4.89039993"><ele>454.30</ele><time>2024-08-31T14:59:17Z</time></trkpt><trkpt lat="43.22942734" lon="-4.89038610"><ele>454.31</ele><time>2024-08-31T14:59:18Z</time></trkpt><trkpt lat="43.22941971" lon="-4.89037371"><ele>454.32</ele><time>2024-08-31T14:59:19Z</time></trkpt><trkpt lat="43.22941208" lon="-4.89036226"><ele>454.33</ele><time>2024-08-31T14:59:20Z</time></trkpt><trkpt lat="43.22940445" lon="-4.89035177"><ele>454.33</ele><time>2024-08-31T14:59:21Z</time></trkpt><trkpt lat="43.22939682" lon="-4.89034176"><ele>454.34</ele><time>2024-08-31T14:59:22Z</time></trkpt><trkpt lat="43.22938538" lon="-4.89033270"><ele>454.34</ele><time>2024-08-31T14:59:23Z</time></trkpt><trkpt lat="43.22937775" lon="-4.89032412"><ele>454.34</ele><time>2024-08-31T14:59:24Z</time></trkpt><trkpt lat="43.22936630" lon="-4.89031601"><ele>454.34</ele><time>2024-08-31T14:59:25Z</time></trkpt><trkpt lat="43.22935867" lon="-4.89030838"><ele>454.34</ele><time>2024-08-31T14:59:26Z</time></trkpt><trkpt lat="43.22934723" lon="-4.89030075"><ele>454.34</ele><time>2024-08-31T14:59:27Z</time></trkpt><trkpt lat="43.22933960" lon="-4.89029408"><ele>454.34</ele><time>2024-08-31T14:59:28Z</time></trkpt><trkpt lat="43.22932816" lon="-4.89028740"><ele>454.34</ele><time>2024-08-31T14:59:29Z</time></trkpt><trkpt lat="43.22931671" lon="-4.89028168"><ele>454.33</ele><time>2024-08-31T14:59:30Z</time></trkpt><trkpt lat="43.22930908" lon="-4.89027548"><ele>454.33</ele><time>2024-08-31T14:59:31Z</time></trkpt><trkpt lat="43.22929764" lon="-4.89027023"><ele>454.33</ele><time>2024-08-31T14:59:32Z</time></trkpt><trkpt lat="43.22928619" lon="-4.89026499"><ele>454.32</ele><time>2024-08-31T14:59:33Z</time></trkpt><trkpt lat="43.22927475" lon="-4.89026070"><ele>454.32</ele><time>2024-08-31T14:59:34Z</time></trkpt><trkpt lat="43.22926331" lon="-4.89025593"><ele>454.31</ele><time>2024-08-31T14:59:35Z</time></trkpt><trkpt lat="43.22925568" lon="-4.89025164"><ele>454.30</ele><time>2024-08-31T14:59:36Z</time></trkpt><trkpt lat="43.22924423" lon="-4.89024782"><ele>454.30</ele><time>2024-08-31T14:59:37Z</time></trkpt><trkpt lat="43.22923279" lon="-4.89024401"><ele>454.29</ele><time>2024-08-31T14:59:38Z</time></trkpt><trkpt lat="43.22922134" lon="-4.89024067"><ele>454.29</ele><time>2024-08-31T14:59:39Z</time></trkpt><trkpt lat="43.22920990" lon="-4.89023733"><ele>454.28</ele><time>2024-08-31T14:59:40Z</time></trkpt><trkpt lat="43.22919846" lon="-4.89023399"><ele>454.27</ele><time>2024-08-31T14:59:41Z</time></trkpt><trkpt lat="43.22918701" lon="-4.89023113"><ele>454.27</ele><time>2024-08-31T14:59:42Z</time></trkpt><trkpt lat="43.22917175" lon="-4.89022827"><ele>454.26</ele><time>2024-08-31T14:59:43Z</time></trkpt><trkpt lat="43.22916031" lon="-4.89022589"><ele>454.26</ele><time>2024-08-31T14:59:44Z</time></trkpt><trkpt lat="43.22915268" lon="-4.89022303"><ele>454.25</ele><time>2024-08-31T14:59:45Z</time></trkpt><trkpt lat="43.22914124" lon="-4.89022064"><ele>454.25</ele><time>2024-08-31T14:59:46Z</time></trkpt><trkpt lat="43.22913361" lon="-4.89021873"><ele>454.24</ele><time>2024-08-31T14:59:47Z</time></trkpt><trkpt lat="43.22912216" lon="-4.89021683"><ele>454.24</ele><time>2024-08-31T14:59:48Z</time></trkpt><trkpt lat="43.22911453" lon="-4.89021540"><ele>454.23</ele><time>2024-08-31T14:59:49Z</time></trkpt><trkpt lat="43.22910309" lon="-4.89021444"><ele>454.23</ele><time>2024-08-31T14:59:50Z</time></trkpt><trkpt lat="43.22909546" lon="-4.89021397"><ele>454.23</ele><time>2024-08-31T14:59:51Z</time></trkpt><trkpt lat="43.22908783" lon="-4.89021349"><ele>454.23</ele><time>2024-08-31T14:59:52Z</time></trkpt><trkpt lat="43.22908020" lon="-4.89021301"><ele>454.23</ele><time>2024-08-31T14:59:53Z</time></trkpt><trkpt lat="43.22907257" lon="-4.89021301"><ele>454.22</ele><time>2024-08-31T14:59:54Z</time></trkpt><trkpt lat="43.22906494" lon="-4.89021349"><ele>454.22</ele><time>2024-08-31T14:59:55Z</time></trkpt><trkpt lat="43.22906113" lon="-4.89021397"><ele>454.22</ele><time>2024-08-31T14:59:56Z</time></trkpt><trkpt lat="43.22905350" lon="-4.89021444"><ele>454.23</ele><time>2024-08-31T14:59:57Z</time></trkpt><trkpt lat="43.22904587" lon="-4.89021492"><ele>454.23</ele><time>2024-08-31T14:59:58Z</time></trkpt><trkpt lat="43.22904205" lon="-4.89021587"><ele>454.23</ele><time>2024-08-31T14:59:59Z</time></trkpt><trkpt lat="43.22903442" lon="-4.89021635"><ele>454.23</ele><time>2024-08-31T15:00:00Z</time></trkpt><trkpt lat="43.22903061" lon="-4.89021730"><ele>454.23</ele><time>2024-08-31T15:00:01Z</time></trkpt><trkpt lat="43.22902298" lon="-4.89021778"><ele>454.23</ele><time>2024-08-31T15:00:02Z</time></trkpt><trkpt lat="43.22901535" lon="-4.89021826"><ele>454.23</ele><time>2024-08-31T15:00:03Z</time></trkpt><trkpt lat="43.22900772" lon="-4.89021826"><ele>454.23</ele><time>2024-08-31T15:00:04Z</time></trkpt><trkpt lat="43.22900009" lon="-4.89021826"><ele>454.23</ele><time>2024-08-31T15:00:05Z</time></trkpt><trkpt lat="43.22898865" lon="-4.89021826"><ele>454.23</ele><time>2024-08-31T15:00:06Z</time></trkpt><trkpt lat="43.22898102" lon="-4.89021826"><ele>454.23</ele><time>2024-08-31T15:00:07Z</time></trkpt><trkpt lat="43.22896957" lon="-4.89021778"><ele>454.23</ele><time>2024-08-31T15:00:08Z</time></trkpt><trkpt lat="43.22895813" lon="-4.89021730"><ele>454.23</ele><time>2024-08-31T15:00:09Z</time></trkpt><trkpt lat="43.22894669" lon="-4.89021778"><ele>454.22</ele><time>2024-08-31T15:00:10Z</time></trkpt><trkpt lat="43.22893906" lon="-4.89021969"><ele>454.22</ele><time>2024-08-31T15:00:11Z</time></trkpt><trkpt lat="43.22892761" lon="-4.89022160"><ele>454.22</ele><time>2024-08-31T15:00:12Z</time></trkpt><trkpt lat="43.22891998" lon="-4.89022446"><ele>454.22</ele><time>2024-08-31T15:00:13Z</time></trkpt><trkpt lat="43.22890854" lon="-4.89022827"><ele>454.22</ele><time>2024-08-31T15:00:14Z</time></trkpt><trkpt lat="43.22889709" lon="-4.89023209"><ele>454.22</ele><time>2024-08-31T15:00:15Z</time></trkpt><trkpt lat="43.22888947" lon="-4.89023638"><ele>454.22</ele><time>2024-08-31T15:00:16Z</time></trkpt><trkpt lat="43.22887802" lon="-4.89024115"><ele>454.22</ele><time>2024-08-31T15:00:17Z</time></trkpt><trkpt lat="43.22887039" lon="-4.89024639"><ele>454.22</ele><time>2024-08-31T15:00:18Z</time></trkpt><trkpt lat="43.22885895" lon="-4.89025211"><ele>454.22</ele><time>2024-08-31T15:00:19Z</time></trkpt><trkpt lat="43.22885132" lon="-4.89025784"><ele>454.22</ele><time>2024-08-31T15:00:20Z</time></trkpt><trkpt lat="43.22883987" lon="-4.89026403"><ele>454.22</ele><time>2024-08-31T15:00:21Z</time></trkpt><trkpt lat="43.22883224" lon="-4.89027071"><ele>454.22</ele><time>2024-08-31T15:00:22Z</time></trkpt><trkpt lat="43.22882080" lon="-4.89027739"><ele>454.22</ele><time>2024-08-31T15:00:23Z</time></trkpt><trkpt lat="43.22881317" lon="-4.89028454"><ele>454.22</ele><time>2024-08-31T15:00:24Z</time></trkpt><trkpt lat="43.22880173" lon="-4.89029169"><ele>454.22</ele><time>2024-08-31T15:00:25Z</time></trkpt><trkpt lat="43.22879410" lon="-4.89029980"><ele>454.22</ele><time>2024-08-31T15:00:26Z</time></trkpt><trkpt lat="43.22878647" lon="-4.89030838"><ele>454.22</ele><time>2024-08-31T15:00:27Z</time></trkpt><trkpt lat="43.22877884" lon="-4.89031792"><ele>454.22</ele><time>2024-08-31T15:00:28Z</time></trkpt><trkpt lat="43.22877121" lon="-4.89032841"><ele>454.23</ele><time>2024-08-31T15:00:29Z</time></trkpt><trkpt lat="43.22876358" lon="-4.89033890"><ele>454.23</ele><time>2024-08-31T15:00:30Z</time></trkpt><trkpt lat="43.22875595" lon="-4.89035034"><ele>454.23</ele><time>2024-08-31T15:00:31Z</time></trkpt><trkpt lat="43.22874832" lon="-4.89036179"><ele>454.23</ele><time>2024-08-31T15:00:32Z</time></trkpt><trkpt lat="43.22874069" lon="-4.89037323"><ele>454.24</ele><time>2024-08-31T15:00:33Z</time></trkpt><trkpt lat="43.22873306" lon="-4.89038515"><ele>454.24</ele><time>2024-08-31T15:00:34Z</time></trkpt><trkpt lat="43.22872543" lon="-4.89039755"><ele>454.24</ele><time>2024-08-31T15:00:35Z</time></trkpt><trkpt lat="43.22872162" lon="-4.89040995"><ele>454.24</ele><time>2024-08-31T15:00:36Z</time></trkpt><trkpt lat="43.22871399" lon="-4.89042234"><ele>454.25</ele><time>2024-08-31T15:00:37Z</time></trkpt><trkpt lat="43.22870636" lon="-4.89043427"><ele>454.25</ele><time>2024-08-31T15:00:38Z</time></trkpt><trkpt lat="43.22869873" lon="-4.89044619"><ele>454.25</ele><time>2024-08-31T15:00:39Z</time></trkpt><trkpt lat="43.22868729" lon="-4.89045763"><ele>454.25</ele><time>2024-08-31T15:00:40Z</time></trkpt><trkpt lat="43.22867966" lon="-4.89046955"><ele>454.26</ele><time>2024-08-31T15:00:41Z</time></trkpt><trkpt lat="43.22867203" lon="-4.89048052"><ele>454.26</ele><time>2024-08-31T15:00:42Z</time></trkpt><trkpt lat="43.22866440" lon="-4.89049101"><ele>454.26</ele><time>2024-08-31T15:00:43Z</time></trkpt><trkpt lat="43.22865295" lon="-4.89050102"><ele>454.26</ele><time>2024-08-31T15:00:44Z</time></trkpt><trkpt lat="43.22864532" lon="-4.89051104"><ele>454.26</ele><time>2024-08-31T15:00:45Z</time></trkpt><trkpt lat="43.22863388" lon="-4.89052057"><ele>454.25</ele><time>2024-08-31T15:00:46Z</time></trkpt><trkpt lat="43.22862625" lon="-4.89053106"><ele>454.24</ele><time>2024-08-31T15:00:47Z</time></trkpt><trkpt lat="43.22861481" lon="-4.89054155"><ele>454.23</ele><time>2024-08-31T15:00:48Z</time></trkpt><trkpt lat="43.22860718" lon="-4.89055252"><ele>454.21</ele><time>2024-08-31T15:00:49Z</time></trkpt><trkpt lat="43.22859573" lon="-4.89056396"><ele>454.20</ele><time>2024-08-31T15:00:50Z</time></trkpt><trkpt lat="43.22858810" lon="-4.89057541"><ele>454.18</ele><time>2024-08-31T15:00:51Z</time></trkpt><trkpt lat="43.22858047" lon="-4.89058685"><ele>454.16</ele><time>2024-08-31T15:00:52Z</time></trkpt><trkpt lat="43.22856903" lon="-4.89059782"><ele>454.14</ele><time>2024-08-31T15:00:53Z</time></trkpt><trkpt lat="43.22856140" lon="-4.89060879"><ele>454.13</ele><time>2024-08-31T15:00:54Z</time></trkpt><trkpt lat="43.22854996" lon="-4.89061975"><ele>454.11</ele><time>2024-08-31T15:00:55Z</time></trkpt><trkpt lat="43.22853851" lon="-4.89063072"><ele>454.10</ele><time>2024-08-31T15:00:56Z</time></trkpt><trkpt lat="43.22853088" lon="-4.89064121"><ele>454.08</ele><time>2024-08-31T15:00:57Z</time></trkpt><trkpt lat="43.22851944" lon="-4.89065170"><ele>454.07</ele><time>2024-08-31T15:00:58Z</time></trkpt><trkpt lat="43.22851181" lon="-4.89066219"><ele>454.06</ele><time>2024-08-31T15:00:59Z</time></trkpt><trkpt lat="43.22850037" lon="-4.89067268"><ele>454.05</ele><time>2024-08-31T15:01:00Z</time></trkpt><trkpt lat="43.22848892" lon="-4.89068317"><ele>454.04</ele><time>2024-08-31T15:01:01Z</time></trkpt><trkpt lat="43.22848129" lon="-4.89069366"><ele>454.02</ele><time>2024-08-31T15:01:02Z</time></trkpt><trkpt lat="43.22846985" lon="-4.89070368"><ele>454.01</ele><time>2024-08-31T15:01:03Z</time></trkpt><trkpt lat="43.22845840" lon="-4.89071417"><ele>454.00</ele><time>2024-08-31T15:01:04Z</time></trkpt><trkpt lat="43.22845078" lon="-4.89072418"><ele>453.99</ele><time>2024-08-31T15:01:05Z</time></trkpt><trkpt lat="43.22843933" lon="-4.89073420"><ele>453.98</ele><time>2024-08-31T15:01:06Z</time></trkpt><trkpt lat="43.22842789" lon="-4.89074469"><ele>453.97</ele><time>2024-08-31T15:01:07Z</time></trkpt><trkpt lat="43.22841644" lon="-4.89075470"><ele>453.95</ele><time>2024-08-31T15:01:08Z</time></trkpt><trkpt lat="43.22840881" lon="-4.89076471"><ele>453.94</ele><time>2024-08-31T15:01:09Z</time></trkpt><trkpt lat="43.22839737" lon="-4.89077473"><ele>453.93</ele><time>2024-08-31T15:01:10Z</time></trkpt><trkpt lat="43.22838593" lon="-4.89078474"><ele>453.92</ele><time>2024-08-31T15:01:11Z</time></trkpt><trkpt lat="43.22837448" lon="-4.89079475"><ele>453.91</ele><time>2024-08-31T15:01:12Z</time></trkpt><trkpt lat="43.22836304" lon="-4.89080477"><ele>453.90</ele><time>2024-08-31T15:01:13Z</time></trkpt><trkpt lat="43.22835541" lon="-4.89081335"><ele>453.88</ele><time>2024-08-31T15:01:14Z</time></trkpt><trkpt lat="43.22834396" lon="-4.89082050"><ele>453.85</ele><time>2024-08-31T15:01:15Z</time></trkpt><trkpt lat="43.22833252" lon="-4.89082670"><ele>453.82</ele><time>2024-08-31T15:01:16Z</time></trkpt><trkpt lat="43.22832108" lon="-4.89083195"><ele>453.79</ele><time>2024-08-31T15:01:17Z</time></trkpt><trkpt lat="43.22830582" lon="-4.89083624"><ele>453.75</ele><time>2024-08-31T15:01:18Z</time></trkpt><trkpt lat="43.22829437" lon="-4.89084053"><ele>453.70</ele><time>2024-08-31T15:01:19Z</time></trkpt><trkpt lat="43.22828293" lon="-4.89084387"><ele>453.66</ele><time>2024-08-31T15:01:20Z</time></trkpt><trkpt lat="43.22827148" lon="-4.89084721"><ele>453.61</ele><time>2024-08-31T15:01:21Z</time></trkpt><trkpt lat="43.22826004" lon="-4.89084959"><ele>453.57</ele><time>2024-08-31T15:01:22Z</time></trkpt><trkpt lat="43.22824860" lon="-4.89085197"><ele>453.52</ele><time>2024-08-31T15:01:23Z</time></trkpt><trkpt lat="43.22823715" lon="-4.89085436"><ele>453.48</ele><time>2024-08-31T15:01:24Z</time></trkpt><trkpt lat="43.22822571" lon="-4.89085627"><ele>453.43</ele><time>2024-08-31T15:01:25Z</time></trkpt><trkpt lat="43.22821045" lon="-4.89085817"><ele>453.39</ele><time>2024-08-31T15:01:26Z</time></trkpt><trkpt lat="43.22819901" lon="-4.89085913"><ele>453.35</ele><time>2024-08-31T15:01:27Z</time></trkpt><trkpt lat="43.22818756" lon="-4.89085865"><ele>453.32</ele><time>2024-08-31T15:01:28Z</time></trkpt><trkpt lat="43.22817612" lon="-4.89085770"><ele>453.29</ele><time>2024-08-31T15:01:29Z</time></trkpt><trkpt lat="43.22816467" lon="-4.89085579"><ele>453.27</ele><time>2024-08-31T15:01:30Z</time></trkpt><trkpt lat="43.22815323" lon="-4.89085388"><ele>453.25</ele><time>2024-08-31T15:01:31Z</time></trkpt><trkpt lat="43.22814178" lon="-4.89085150"><ele>453.23</ele><time>2024-08-31T15:01:32Z</time></trkpt><trkpt lat="43.22812653" lon="-4.89084864"><ele>453.22</ele><time>2024-08-31T15:01:33Z</time></trkpt><trkpt lat="43.22811508" lon="-4.89084578"><ele>453.21</ele><time>2024-08-31T15:01:34Z</time></trkpt><trkpt lat="43.22810364" lon="-4.89084244"><ele>453.20</ele><time>2024-08-31T15:01:35Z</time></trkpt><trkpt lat="43.22809219" lon="-4.89083910"><ele>453.19</ele><time>2024-08-31T15:01:36Z</time></trkpt><trkpt lat="43.22808075" lon="-4.89083576"><ele>453.18</ele><time>2024-08-31T15:01:37Z</time></trkpt><trkpt lat="43.22806931" lon="-4.89083195"><ele>453.17</ele><time>2024-08-31T15:01:38Z</time></trkpt><trkpt lat="43.22805786" lon="-4.89082813"><ele>453.16</ele><time>2024-08-31T15:01:39Z</time></trkpt><trkpt lat="43.22804642" lon="-4.89082336"><ele>453.16</ele><time>2024-08-31T15:01:40Z</time></trkpt><trkpt lat="43.22803497" lon="-4.89081812"><ele>453.15</ele><time>2024-08-31T15:01:41Z</time></trkpt><trkpt lat="43.22802353" lon="-4.89081240"><ele>453.14</ele><time>2024-08-31T15:01:42Z</time></trkpt><trkpt lat="43.22801208" lon="-4.89080620"><ele>453.14</ele><time>2024-08-31T15:01:43Z</time></trkpt><trkpt lat="43.22800064" lon="-4.89079905"><ele>453.13</ele><time>2024-08-31T15:01:44Z</time></trkpt><trkpt lat="43.22798920" lon="-4.89079237"><ele>453.12</ele><time>2024-08-31T15:01:45Z</time></trkpt><trkpt lat="43.22797775" lon="-4.89078474"><ele>453.11</ele><time>2024-08-31T15:01:46Z</time></trkpt><trkpt lat="43.22796631" lon="-4.89077711"><ele>453.11</ele><time>2024-08-31T15:01:47Z</time></trkpt><trkpt lat="43.22795486" lon="-4.89076948"><ele>453.10</ele><time>2024-08-31T15:01:48Z</time></trkpt><trkpt lat="43.22794342" lon="-4.89076138"><ele>453.09</ele><time>2024-08-31T15:01:49Z</time></trkpt><trkpt lat="43.22793198" lon="-4.89075327"><ele>453.08</ele><time>2024-08-31T15:01:50Z</time></trkpt><trkpt lat="43.22792053" lon="-4.89074469"><ele>453.08</ele><time>2024-08-31T15:01:51Z</time></trkpt><trkpt lat="43.22790909" lon="-4.89073610"><ele>453.07</ele><time>2024-08-31T15:01:52Z</time></trkpt><trkpt lat="43.22789764" lon="-4.89072752"><ele>453.06</ele><time>2024-08-31T15:01:53Z</time></trkpt><trkpt lat="43.22788620" lon="-4.89071846"><ele>453.05</ele><time>2024-08-31T15:01:54Z</time></trkpt><trkpt lat="43.22787857" lon="-4.89070988"><ele>453.05</ele><time>2024-08-31T15:01:55Z</time></trkpt><trkpt lat="43.22786713" lon="-4.89070082"><ele>453.04</ele><time>2024-08-31T15:01:56Z</time></trkpt><trkpt lat="43.22785568" lon="-4.89069223"><ele>453.03</ele><time>2024-08-31T15:01:57Z</time></trkpt><trkpt lat="43.22784424" lon="-4.89068317"><ele>453.03</ele><time>2024-08-31T15:01:58Z</time></trkpt><trkpt lat="43.22783279" lon="-4.89067650"><ele>453.03</ele><time>2024-08-31T15:01:59Z</time></trkpt><trkpt lat="43.22782135" lon="-4.89067125"><ele>453.02</ele><time>2024-08-31T15:02:00Z</time></trkpt><trkpt lat="43.22780991" lon="-4.89066792"><ele>453.03</ele><time>2024-08-31T15:02:01Z</time></trkpt><trkpt lat="43.22779465" lon="-4.89066553"><ele>453.03</ele><time>2024-08-31T15:02:02Z</time></trkpt><trkpt lat="43.22778320" lon="-4.89066505"><ele>453.03</ele><time>2024-08-31T15:02:03Z</time></trkpt><trkpt lat="43.22777176" lon="-4.89066601"><ele>453.03</ele><time>2024-08-31T15:02:04Z</time></trkpt><trkpt lat="43.22776031" lon="-4.89066839"><ele>453.03</ele><time>2024-08-31T15:02:05Z</time></trkpt><trkpt lat="43.22774506" lon="-4.89067173"><ele>453.03</ele><time>2024-08-31T15:02:06Z</time></trkpt><trkpt lat="43.22773361" lon="-4.89067602"><ele>453.03</ele><time>2024-08-31T15:02:07Z</time></trkpt><trkpt lat="43.22772217" lon="-4.89068079"><ele>453.02</ele><time>2024-08-31T15:02:08Z</time></trkpt><trkpt lat="43.22771072" lon="-4.89068604"><ele>453.02</ele><time>2024-08-31T15:02:09Z</time></trkpt><trkpt lat="43.22769928" lon="-4.89069176"><ele>453.02</ele><time>2024-08-31T15:02:10Z</time></trkpt><trkpt lat="43.22768784" lon="-4.89069796"><ele>453.01</ele><time>2024-08-31T15:02:11Z</time></trkpt><trkpt lat="43.22768021" lon="-4.89070415"><ele>453.01</ele><time>2024-08-31T15:02:12Z</time></trkpt><trkpt lat="43.22766876" lon="-4.89071083"><ele>453.01</ele><time>2024-08-31T15:02:13Z</time></trkpt><trkpt lat="43.22765732" lon="-4.89071798"><ele>453.01</ele><time>2024-08-31T15:02:14Z</time></trkpt><trkpt lat="43.22764587" lon="-4.89072561"><ele>453.01</ele><time>2024-08-31T15:02:15Z</time></trkpt><trkpt lat="43.22763824" lon="-4.89073181"><ele>453.00</ele><time>2024-08-31T15:02:16Z</time></trkpt><trkpt lat="43.22762680" lon="-4.89073706"><ele>453.00</ele><time>2024-08-31T15:02:17Z</time></trkpt><trkpt lat="43.22761536" lon="-4.89074039"><ele>453.00</ele><time>2024-08-31T15:02:18Z</time></trkpt><trkpt lat="43.22760391" lon="-4.89074278"><ele>452.99</ele><time>2024-08-31T15:02:19Z</time></trkpt><trkpt lat="43.22759628" lon="-4.89074421"><ele>452.99</ele><time>2024-08-31T15:02:20Z</time></trkpt><trkpt lat="43.22758484" lon="-4.89074421"><ele>452.99</ele><time>2024-08-31T15:02:21Z</time></trkpt><trkpt lat="43.22757339" lon="-4.89074469"><ele>452.99</ele><time>2024-08-31T15:02:22Z</time></trkpt><trkpt lat="43.22756195" lon="-4.89074469"><ele>452.98</ele><time>2024-08-31T15:02:23Z</time></trkpt><trkpt lat="43.22755432" lon="-4.89074469"><ele>452.98</ele><time>2024-08-31T15:02:24Z</time></trkpt><trkpt lat="43.22754288" lon="-4.89074516"><ele>452.98</ele><time>2024-08-31T15:02:25Z</time></trkpt><trkpt lat="43.22753143" lon="-4.89074469"><ele>452.98</ele><time>2024-08-31T15:02:26Z</time></trkpt><trkpt lat="43.22751999" lon="-4.89074421"><ele>452.99</ele><time>2024-08-31T15:02:27Z</time></trkpt><trkpt lat="43.22750854" lon="-4.89074326"><ele>452.99</ele><time>2024-08-31T15:02:28Z</time></trkpt><trkpt lat="43.22749710" lon="-4.89074230"><ele>452.99</ele><time>2024-08-31T15:02:29Z</time></trkpt><trkpt lat="43.22748566" lon="-4.89074087"><ele>453.00</ele><time>2024-08-31T15:02:30Z</time></trkpt><trkpt lat="43.22747421" lon="-4.89073992"><ele>453.00</ele><time>2024-08-31T15:02:31Z</time></trkpt><trkpt lat="43.22746277" lon="-4.89073896"><ele>453.00</ele><time>2024-08-31T15:02:32Z</time></trkpt><trkpt lat="43.22745132" lon="-4.89073801"><ele>453.00</ele><time>2024-08-31T15:02:33Z</time></trkpt><trkpt lat="43.22743988" lon="-4.89073753"><ele>453.00</ele><time>2024-08-31T15:02:34Z</time></trkpt><trkpt lat="43.22742844" lon="-4.89073706"><ele>453.00</ele><time>2024-08-31T15:02:35Z</time></trkpt><trkpt lat="43.22741699" lon="-4.89073658"><ele>453.00</ele><time>2024-08-31T15:02:36Z</time></trkpt><trkpt lat="43.22740555" lon="-4.89073610"><ele>453.00</ele><time>2024-08-31T15:02:37Z</time></trkpt><trkpt lat="43.22739792" lon="-4.89073610"><ele>452.99</ele><time>2024-08-31T15:02:38Z</time></trkpt><trkpt lat="43.22738647" lon="-4.89073563"><ele>452.99</ele><time>2024-08-31T15:02:39Z</time></trkpt><trkpt lat="43.22737503" lon="-4.89073467"><ele>452.99</ele><time>2024-08-31T15:02:40Z</time></trkpt><trkpt lat="43.22736359" lon="-4.89073324"><ele>452.99</ele><time>2024-08-31T15:02:41Z</time></trkpt><trkpt lat="43.22735596" lon="-4.89073181"><ele>452.99</ele><time>2024-08-31T15:02:42Z</time></trkpt><trkpt lat="43.22734451" lon="-4.89073038"><ele>452.98</ele><time>2024-08-31T15:02:43Z</time></trkpt><trkpt lat="43.22733307" lon="-4.89072847"><ele>452.98</ele><time>2024-08-31T15:02:44Z</time></trkpt><trkpt lat="43.22732544" lon="-4.89072657"><ele>452.98</ele><time>2024-08-31T15:02:45Z</time></trkpt><trkpt lat="43.22731400" lon="-4.89072418"><ele>452.98</ele><time>2024-08-31T15:02:46Z</time></trkpt><trkpt lat="43.22730637" lon="-4.89072180"><ele>452.98</ele><time>2024-08-31T15:02:47Z</time></trkpt><trkpt lat="43.22729492" lon="-4.89071894"><ele>452.98</ele><time>2024-08-31T15:02:48Z</time></trkpt><trkpt lat="43.22728729" lon="-4.89071655"><ele>452.98</ele><time>2024-08-31T15:02:49Z</time></trkpt><trkpt lat="43.22727585" lon="-4.89071369"><ele>452.98</ele><time>2024-08-31T15:02:50Z</time></trkpt><trkpt lat="43.22726822" lon="-4.89071083"><ele>452.98</ele><time>2024-08-31T15:02:51Z</time></trkpt><trkpt lat="43.22726059" lon="-4.89070749"><ele>452.98</ele><time>2024-08-31T15:02:52Z</time></trkpt><trkpt lat="43.22724915" lon="-4.89070511"><ele>452.98</ele><time>2024-08-31T15:02:53Z</time></trkpt><trkpt lat="43.22724152" lon="-4.89070368"><ele>452.98</ele><time>2024-08-31T15:02:54Z</time></trkpt><trkpt lat="43.22723007" lon="-4.89070225"><ele>452.99</ele><time>2024-08-31T15:02:55Z</time></trkpt><trkpt lat="43.22722244" lon="-4.89070177"><ele>452.99</ele><time>2024-08-31T15:02:56Z</time></trkpt><trkpt lat="43.22721481" lon="-4.89070177"><ele>452.99</ele><time>2024-08-31T15:02:57Z</time></trkpt><trkpt lat="43.22720718" lon="-4.89070225"><ele>453.00</ele><time>2024-08-31T15:02:58Z</time></trkpt><trkpt lat="43.22719955" lon="-4.89070320"><ele>453.00</ele><time>2024-08-31T15:02:59Z</time></trkpt><trkpt lat="43.22718811" lon="-4.89070463"><ele>453.00</ele><time>2024-08-31T15:03:00Z</time></trkpt><trkpt lat="43.22718048" lon="-4.89070606"><ele>453.00</ele><time>2024-08-31T15:03:01Z</time></trkpt><trkpt lat="43.22717285" lon="-4.89070797"><ele>453.01</ele><time>2024-08-31T15:03:02Z</time></trkpt><trkpt lat="43.22716522" lon="-4.89070988"><ele>453.01</ele><time>2024-08-31T15:03:03Z</time></trkpt><trkpt lat="43.22715759" lon="-4.89071178"><ele>453.01</ele><time>2024-08-31T15:03:04Z</time></trkpt><trkpt lat="43.22714996" lon="-4.89071417"><ele>453.01</ele><time>2024-08-31T15:03:05Z</time></trkpt><trkpt lat="43.22714233" lon="-4.89071655"><ele>453.01</ele><time>2024-08-31T15:03:06Z</time></trkpt><trkpt lat="43.22713470" lon="-4.89071894"><ele>453.01</ele><time>2024-08-31T15:03:07Z</time></trkpt><trkpt lat="43.22712708" lon="-4.89072132"><ele>453.01</ele><time>2024-08-31T15:03:08Z</time></trkpt><trkpt lat="43.22711945" lon="-4.89072418"><ele>453.01</ele><time>2024-08-31T15:03:09Z</time></trkpt><trkpt lat="43.22711182" lon="-4.89072704"><ele>453.02</ele><time>2024-08-31T15:03:10Z</time></trkpt><trkpt lat="43.22710419" lon="-4.89072990"><ele>453.02</ele><time>2024-08-31T15:03:11Z</time></trkpt><trkpt lat="43.22709656" lon="-4.89073372"><ele>453.02</ele><time>2024-08-31T15:03:12Z</time></trkpt><trkpt lat="43.22708893" lon="-4.89073753"><ele>453.02</ele><time>2024-08-31T15:03:13Z</time></trkpt><trkpt lat="43.22707748" lon="-4.89074183"><ele>453.02</ele><time>2024-08-31T15:03:14Z</time></trkpt><trkpt lat="43.22706985" lon="-4.89074612"><ele>453.02</ele><time>2024-08-31T15:03:15Z</time></trkpt><trkpt lat="43.22706223" lon="-4.89075041"><ele>453.02</ele><time>2024-08-31T15:03:16Z</time></trkpt><trkpt lat="43.22705460" lon="-4.89075470"><ele>453.02</ele><time>2024-08-31T15:03:17Z</time></trkpt><trkpt lat="43.22704315" lon="-4.89075899"><ele>453.02</ele><time>2024-08-31T15:03:18Z</time></trkpt><trkpt lat="43.22703552" lon="-4.89076376"><ele>453.02</ele><time>2024-08-31T15:03:19Z</time></trkpt><trkpt lat="43.22702789" lon="-4.89076853"><ele>453.03</ele><time>2024-08-31T15:03:20Z</time></trkpt><trkpt lat="43.22702026" lon="-4.89077330"><ele>453.03</ele><time>2024-08-31T15:03:21Z</time></trkpt><trkpt lat="43.22701263" lon="-4.89077806"><ele>453.03</ele><time>2024-08-31T15:03:22Z</time></trkpt><trkpt lat="43.22700119" lon="-4.89078283"><ele>453.04</ele><time>2024-08-31T15:03:23Z</time></trkpt><trkpt lat="43.22699356" lon="-4.89078760"><ele>453.04</ele><time>2024-08-31T15:03:24Z</time></trkpt><trkpt lat="43.22698593" lon="-4.89079332"><ele>453.04</ele><time>2024-08-31T15:03:25Z</time></trkpt><trkpt lat="43.22697830" lon="-4.89080000"><ele>453.05</ele><time>2024-08-31T15:03:26Z</time></trkpt><trkpt lat="43.22697067" lon="-4.89080715"><ele>453.05</ele><time>2024-08-31T15:03:27Z</time></trkpt><trkpt lat="43.22696304" lon="-4.89081526"><ele>453.05</ele><time>2024-08-31T15:03:28Z</time></trkpt><trkpt lat="43.22695160" lon="-4.89082384"><ele>453.06</ele><time>2024-08-31T15:03:29Z</time></trkpt><trkpt lat="43.22694397" lon="-4.89083242"><ele>453.06</ele><time>2024-08-31T15:03:30Z</time></trkpt><trkpt lat="43.22693634" lon="-4.89084196"><ele>453.07</ele><time>2024-08-31T15:03:31Z</time></trkpt><trkpt lat="43.22692871" lon="-4.89085150"><ele>453.07</ele><time>2024-08-31T15:03:32Z</time></trkpt><trkpt lat="43.22692108" lon="-4.89086103"><ele>453.07</ele><time>2024-08-31T15:03:33Z</time></trkpt><trkpt lat="43.22690964" lon="-4.89087152"><ele>453.08</ele><time>2024-08-31T15:03:34Z</time></trkpt><trkpt lat="43.22690201" lon="-4.89088154"><ele>453.08</ele><time>2024-08-31T15:03:35Z</time></trkpt><trkpt lat="43.22689438" lon="-4.89089251"><ele>453.09</ele><time>2024-08-31T15:03:36Z</time></trkpt><trkpt lat="43.22688675" lon="-4.89090347"><ele>453.09</ele><time>2024-08-31T15:03:37Z</time></trkpt><trkpt lat="43.22687912" lon="-4.89091444"><ele>453.10</ele><time>2024-08-31T15:03:38Z</time></trkpt><trkpt lat="43.22687149" lon="-4.89092541"><ele>453.10</ele><time>2024-08-31T15:03:39Z</time></trkpt><trkpt lat="43.22686386" lon="-4.89093733"><ele>453.11</ele><time>2024-08-31T15:03:40Z</time></trkpt><trkpt lat="43.22685623" lon="-4.89094877"><ele>453.11</ele><time>2024-08-31T15:03:41Z</time></trkpt><trkpt lat="43.22684860" lon="-4.89096069"><ele>453.12</ele><time>2024-08-31T15:03:42Z</time></trkpt><trkpt lat="43.22683716" lon="-4.89097261"><ele>453.12</ele><time>2024-08-31T15:03:43Z</time></trkpt><trkpt lat="43.22682953" lon="-4.89098454"><ele>453.13</ele><time>2024-08-31T15:03:44Z</time></trkpt><trkpt lat="43.22682190" lon="-4.89099646"><ele>453.13</ele><time>2024-08-31T15:03:45Z</time></trkpt><trkpt lat="43.22681427" lon="-4.89100838"><ele>453.14</ele><time>2024-08-31T15:03:46Z</time></trkpt><trkpt lat="43.22680283" lon="-4.89102077"><ele>453.14</ele><time>2024-08-31T15:03:47Z</time></trkpt><trkpt lat="43.22679520" lon="-4.89103317"><ele>453.14</ele><time>2024-08-31T15:03:48Z</time></trkpt><trkpt lat="43.22678757" lon="-4.89104509"><ele>453.15</ele><time>2024-08-31T15:03:49Z</time></trkpt><trkpt lat="43.22677612" lon="-4.89105749"><ele>453.15</ele><time>2024-08-31T15:03:50Z</time></trkpt><trkpt lat="43.22676849" lon="-4.89107037"><ele>453.15</ele><time>2024-08-31T15:03:51Z</time></trkpt><trkpt lat="43.22676086" lon="-4.89108276"><ele>453.16</ele><time>2024-08-31T15:03:52Z</time></trkpt><trkpt lat="43.22674942" lon="-4.89109516"><ele>453.16</ele><time>2024-08-31T15:03:53Z</time></trkpt><trkpt lat="43.22674179" lon="-4.89110804"><ele>453.16</ele><time>2024-08-31T15:03:54Z</time></trkpt><trkpt lat="43.22673416" lon="-4.89112043"><ele>453.16</ele><time>2024-08-31T15:03:55Z</time></trkpt><trkpt lat="43.22672272" lon="-4.89113331"><ele>453.16</ele><time>2024-08-31T15:03:56Z</time></trkpt><trkpt lat="43.22671509" lon="-4.89114618"><ele>453.17</ele><time>2024-08-31T15:03:57Z</time></trkpt><trkpt lat="43.22670746" lon="-4.89115906"><ele>453.17</ele><time>2024-08-31T15:03:58Z</time></trkpt><trkpt lat="43.22669601" lon="-4.89117193"><ele>453.17</ele><time>2024-08-31T15:03:59Z</time></trkpt><trkpt lat="43.22668839" lon="-4.89118481"><ele>453.17</ele><time>2024-08-31T15:04:00Z</time></trkpt><trkpt lat="43.22668076" lon="-4.89119816"><ele>453.17</ele><time>2024-08-31T15:04:01Z</time></trkpt><trkpt lat="43.22666931" lon="-4.89121103"><ele>453.18</ele><time>2024-08-31T15:04:02Z</time></trkpt><trkpt lat="43.22666168" lon="-4.89122438"><ele>453.18</ele><time>2024-08-31T15:04:03Z</time></trkpt><trkpt lat="43.22665405" lon="-4.89123774"><ele>453.18</ele><time>2024-08-31T15:04:04Z</time></trkpt><trkpt lat="43.22664261" lon="-4.89125061"><ele>453.18</ele><time>2024-08-31T15:04:05Z</time></trkpt><trkpt lat="43.22663498" lon="-4.89126396"><ele>453.18</ele><time>2024-08-31T15:04:06Z</time></trkpt><trkpt lat="43.22662735" lon="-4.89127731"><ele>453.19</ele><time>2024-08-31T15:04:07Z</time></trkpt><trkpt lat="43.22661591" lon="-4.89129066"><ele>453.19</ele><time>2024-08-31T15:04:08Z</time></trkpt><trkpt lat="43.22660828" lon="-4.89130402"><ele>453.19</ele><time>2024-08-31T15:04:09Z</time></trkpt><trkpt lat="43.22660065" lon="-4.89131689"><ele>453.18</ele><time>2024-08-31T15:04:10Z</time></trkpt><trkpt lat="43.22658920" lon="-4.89133072"><ele>453.17</ele><time>2024-08-31T15:04:11Z</time></trkpt><trkpt lat="43.22658157" lon="-4.89134455"><ele>453.15</ele><time>2024-08-31T15:04:12Z</time></trkpt><trkpt lat="43.22657394" lon="-4.89135790"><ele>453.14</ele><time>2024-08-31T15:04:13Z</time></trkpt><trkpt lat="43.22656631" lon="-4.89137077"><ele>453.13</ele><time>2024-08-31T15:04:14Z</time></trkpt><trkpt lat="43.22655487" lon="-4.89138365"><ele>453.12</ele><time>2024-08-31T15:04:15Z</time></trkpt><trkpt lat="43.22654724" lon="-4.89139605"><ele>453.11</ele><time>2024-08-31T15:04:16Z</time></trkpt><trkpt lat="43.22653961" lon="-4.89140797"><ele>453.10</ele><time>2024-08-31T15:04:17Z</time></trkpt><trkpt lat="43.22652817" lon="-4.89142036"><ele>453.09</ele><time>2024-08-31T15:04:18Z</time></trkpt><trkpt lat="43.22652054" lon="-4.89143229"><ele>453.08</ele><time>2024-08-31T15:04:19Z</time></trkpt><trkpt lat="43.22650909" lon="-4.89144421"><ele>453.06</ele><time>2024-08-31T15:04:20Z</time></trkpt><trkpt lat="43.22650146" lon="-4.89145565"><ele>453.05</ele><time>2024-08-31T15:04:21Z</time></trkpt><trkpt lat="43.22649002" lon="-4.89146757"><ele>453.04</ele><time>2024-08-31T15:04:22Z</time></trkpt><trkpt lat="43.22648239" lon="-4.89147902"><ele>453.02</ele><time>2024-08-31T15:04:23Z</time></trkpt><trkpt lat="43.22647095" lon="-4.89149141"><ele>453.00</ele><time>2024-08-31T15:04:24Z</time></trkpt><trkpt lat="43.22646332" lon="-4.89150524"><ele>452.99</ele><time>2024-08-31T15:04:25Z</time></trkpt><trkpt lat="43.22645187" lon="-4.89151907"><ele>452.97</ele><time>2024-08-31T15:04:26Z</time></trkpt><trkpt lat="43.22644424" lon="-4.89153337"><ele>452.95</ele><time>2024-08-31T15:04:27Z</time></trkpt><trkpt lat="43.22643661" lon="-4.89154816"><ele>452.94</ele><time>2024-08-31T15:04:28Z</time></trkpt><trkpt lat="43.22642517" lon="-4.89156294"><ele>452.92</ele><time>2024-08-31T15:04:29Z</time></trkpt><trkpt lat="43.22641754" lon="-4.89157820"><ele>452.91</ele><time>2024-08-31T15:04:30Z</time></trkpt><trkpt lat="43.22640991" lon="-4.89159107"><ele>452.91</ele><time>2024-08-31T15:04:31Z</time></trkpt><trkpt lat="43.22639847" lon="-4.89160109"><ele>452.91</ele><time>2024-08-31T15:04:32Z</time></trkpt><trkpt lat="43.22638702" lon="-4.89160967"><ele>452.91</ele><time>2024-08-31T15:04:33Z</time></trkpt><trkpt lat="43.22637558" lon="-4.89161777"><ele>452.90</ele><time>2024-08-31T15:04:34Z</time></trkpt><trkpt lat="43.22636414" lon="-4.89162445"><ele>452.89</ele><time>2024-08-31T15:04:35Z</time></trkpt><trkpt lat="43.22635269" lon="-4.89163113"><ele>452.87</ele><time>2024-08-31T15:04:36Z</time></trkpt><trkpt lat="43.22634125" lon="-4.89163685"><ele>452.84</ele><time>2024-08-31T15:04:37Z</time></trkpt><trkpt lat="43.22632980" lon="-4.89164209"><ele>452.80</ele><time>2024-08-31T15:04:38Z</time></trkpt><trkpt lat="43.22631836" lon="-4.89164734"><ele>452.76</ele><time>2024-08-31T15:04:39Z</time></trkpt><trkpt lat="43.22630692" lon="-4.89165211"><ele>452.71</ele><time>2024-08-31T15:04:40Z</time></trkpt><trkpt lat="43.22629929" lon="-4.89165640"><ele>452.66</ele><time>2024-08-31T15:04:41Z</time></trkpt><trkpt lat="43.22628784" lon="-4.89166069"><ele>452.61</ele><time>2024-08-31T15:04:42Z</time></trkpt><trkpt lat="43.22627640" lon="-4.89166498"><ele>452.56</ele><time>2024-08-31T15:04:43Z</time></trkpt><trkpt lat="43.22626495" lon="-4.89166880"><ele>452.51</ele><time>2024-08-31T15:04:44Z</time></trkpt><trkpt lat="43.22625732" lon="-4.89167309"><ele>452.46</ele><time>2024-08-31T15:04:45Z</time></trkpt><trkpt lat="43.22624588" lon="-4.89167690"><ele>452.41</ele><time>2024-08-31T15:04:46Z</time></trkpt><trkpt lat="43.22623444" lon="-4.89168072"><ele>452.36</ele><time>2024-08-31T15:04:47Z</time></trkpt><trkpt lat="43.22622681" lon="-4.89168406"><ele>452.30</ele><time>2024-08-31T15:04:48Z</time></trkpt><trkpt lat="43.22621536" lon="-4.89168787"><ele>452.25</ele><time>2024-08-31T15:04:49Z</time></trkpt><trkpt lat="43.22620392" lon="-4.89169168"><ele>452.20</ele><time>2024-08-31T15:04:50Z</time></trkpt><trkpt lat="43.22619247" lon="-4.89169502"><ele>452.15</ele><time>2024-08-31T15:04:51Z</time></trkpt><trkpt lat="43.22618484" lon="-4.89169884"><ele>452.10</ele><time>2024-08-31T15:04:52Z</time></trkpt><trkpt lat="43.22617340" lon="-4.89170265"><ele>452.05</ele><time>2024-08-31T15:04:53Z</time></trkpt><trkpt lat="43.22616577" lon="-4.89170694"><ele>452.01</ele><time>2024-08-31T15:04:54Z</time></trkpt><trkpt lat="43.22615433" lon="-4.89171219"><ele>451.98</ele><time>2024-08-31T15:04:55Z</time></trkpt><trkpt lat="43.22614670" lon="-4.89171791"><ele>451.95</ele><time>2024-08-31T15:04:56Z</time></trkpt><trkpt lat="43.22613525" lon="-4.89172363"><ele>451.93</ele><time>2024-08-31T15:04:57Z</time></trkpt><trkpt lat="43.22612762" lon="-4.89172983"><ele>451.91</ele><time>2024-08-31T15:04:58Z</time></trkpt><trkpt lat="43.22611618" lon="-4.89173651"><ele>451.89</ele><time>2024-08-31T15:04:59Z</time></trkpt><trkpt lat="43.22610855" lon="-4.89174366"><ele>451.88</ele><time>2024-08-31T15:05:00Z</time></trkpt><trkpt lat="43.22610092" lon="-4.89175081"><ele>451.87</ele><time>2024-08-31T15:05:01Z</time></trkpt><trkpt lat="43.22609329" lon="-4.89175797"><ele>451.87</ele><time>2024-08-31T15:05:02Z</time></trkpt><trkpt lat="43.22608185" lon="-4.89176512"><ele>451.86</ele><time>2024-08-31T15:05:03Z</time></trkpt><trkpt lat="43.22607422" lon="-4.89177275"><ele>451.86</ele><time>2024-08-31T15:05:04Z</time></trkpt><trkpt lat="43.22606659" lon="-4.89178038"><ele>451.86</ele><time>2024-08-31T15:05:05Z</time></trkpt><trkpt lat="43.22605896" lon="-4.89178801"><ele>451.86</ele><time>2024-08-31T15:05:06Z</time></trkpt><trkpt lat="43.22605133" lon="-4.89179564"><ele>451.86</ele><time>2024-08-31T15:05:07Z</time></trkpt><trkpt lat="43.22604370" lon="-4.89180374"><ele>451.86</ele><time>2024-08-31T15:05:08Z</time></trkpt><trkpt lat="43.22603226" lon="-4.89181137"><ele>451.86</ele><time>2024-08-31T15:05:09Z</time></trkpt><trkpt lat="43.22602463" lon="-4.89181948"><ele>451.86</ele><time>2024-08-31T15:05:10Z</time></trkpt><trkpt lat="43.22601700" lon="-4.89182758"><ele>451.86</ele><time>2024-08-31T15:05:11Z</time></trkpt><trkpt lat="43.22600937" lon="-4.89183569"><ele>451.86</ele><time>2024-08-31T15:05:12Z</time></trkpt><trkpt lat="43.22600174" lon="-4.89184332"><ele>451.86</ele><time>2024-08-31T15:05:13Z</time></trkpt><trkpt lat="43.22599411" lon="-4.89185143"><ele>451.86</ele><time>2024-08-31T15:05:14Z</time></trkpt><trkpt lat="43.22598648" lon="-4.89185953"><ele>451.86</ele><time>2024-08-31T15:05:15Z</time></trkpt><trkpt lat="43.22597885" lon="-4.89186811"><ele>451.86</ele><time>2024-08-31T15:05:16Z</time></trkpt><trkpt lat="43.22597122" lon="-4.89187622"><ele>451.86</ele><time>2024-08-31T15:05:17Z</time></trkpt><trkpt lat="43.22596359" lon="-4.89188433"><ele>451.86</ele><time>2024-08-31T15:05:18Z</time></trkpt><trkpt lat="43.22595596" lon="-4.89189243"><ele>451.87</ele><time>2024-08-31T15:05:19Z</time></trkpt><trkpt lat="43.22594833" lon="-4.89190054"><ele>451.87</ele><time>2024-08-31T15:05:20Z</time></trkpt><trkpt lat="43.22594070" lon="-4.89190865"><ele>451.87</ele><time>2024-08-31T15:05:21Z</time></trkpt><trkpt lat="43.22593307" lon="-4.89191675"><ele>451.87</ele><time>2024-08-31T15:05:22Z</time></trkpt><trkpt lat="43.22592545" lon="-4.89192533"><ele>451.87</ele><time>2024-08-31T15:05:23Z</time></trkpt><trkpt lat="43.22591782" lon="-4.89193344"><ele>451.87</ele><time>2024-08-31T15:05:24Z</time></trkpt><trkpt lat="43.22591019" lon="-4.89194155"><ele>451.87</ele><time>2024-08-31T15:05:25Z</time></trkpt><trkpt lat="43.22590256" lon="-4.89194965"><ele>451.87</ele><time>2024-08-31T15:05:26Z</time></trkpt><trkpt lat="43.22589493" lon="-4.89195776"><ele>451.87</ele><time>2024-08-31T15:05:27Z</time></trkpt><trkpt lat="43.22588730" lon="-4.89196634"><ele>451.87</ele><time>2024-08-31T15:05:28Z</time></trkpt><trkpt lat="43.22587967" lon="-4.89197445"><ele>451.87</ele><time>2024-08-31T15:05:29Z</time></trkpt><trkpt lat="43.22587204" lon="-4.89198256"><ele>451.87</ele><time>2024-08-31T15:05:30Z</time></trkpt><trkpt lat="43.22586441" lon="-4.89199066"><ele>451.88</ele><time>2024-08-31T15:05:31Z</time></trkpt><trkpt lat="43.22585678" lon="-4.89199877"><ele>451.88</ele><time>2024-08-31T15:05:32Z</time></trkpt><trkpt lat="43.22584915" lon="-4.89200687"><ele>451.88</ele><time>2024-08-31T15:05:33Z</time></trkpt><trkpt lat="43.22584152" lon="-4.89201546"><ele>451.88</ele><time>2024-08-31T15:05:34Z</time></trkpt><trkpt lat="43.22583389" lon="-4.89202356"><ele>451.88</ele><time>2024-08-31T15:05:35Z</time></trkpt><trkpt lat="43.22582626" lon="-4.89203167"><ele>451.88</ele><time>2024-08-31T15:05:36Z</time></trkpt><trkpt lat="43.22581863" lon="-4.89204073"><ele>451.88</ele><time>2024-08-31T15:05:37Z</time></trkpt><trkpt lat="43.22580719" lon="-4.89205027"><ele>451.88</ele><time>2024-08-31T15:05:38Z</time></trkpt><trkpt lat="43.22579956" lon="-4.89206076"><ele>451.88</ele><time>2024-08-31T15:05:39Z</time></trkpt><trkpt lat="43.22578812" lon="-4.89207125"><ele>451.88</ele><time>2024-08-31T15:05:40Z</time></trkpt><trkpt lat="43.22578049" lon="-4.89208174"><ele>451.88</ele><time>2024-08-31T15:05:41Z</time></trkpt><trkpt lat="43.22576904" lon="-4.89209270"><ele>451.89</ele><time>2024-08-31T15:05:42Z</time></trkpt><trkpt lat="43.22576141" lon="-4.89210415"><ele>451.89</ele><time>2024-08-31T15:05:43Z</time></trkpt><trkpt lat="43.22574997" lon="-4.89211512"><ele>451.89</ele><time>2024-08-31T15:05:44Z</time></trkpt><trkpt lat="43.22574234" lon="-4.89212656"><ele>451.90</ele><time>2024-08-31T15:05:45Z</time></trkpt><trkpt lat="43.22573090" lon="-4.89213800"><ele>451.90</ele><time>2024-08-31T15:05:46Z</time></trkpt><trkpt lat="43.22571945" lon="-4.89214849"><ele>451.90</ele><time>2024-08-31T15:05:47Z</time></trkpt><trkpt lat="43.22570801" lon="-4.89215803"><ele>451.90</ele><time>2024-08-31T15:05:48Z</time></trkpt><trkpt lat="43.22569656" lon="-4.89216709"><ele>451.90</ele><time>2024-08-31T15:05:49Z</time></trkpt><trkpt lat="43.22568512" lon="-4.89217567"><ele>451.90</ele><time>2024-08-31T15:05:50Z</time></trkpt><trkpt lat="43.22566986" lon="-4.89218330"><ele>451.90</ele><time>2024-08-31T15:05:51Z</time></trkpt><trkpt lat="43.22565842" lon="-4.89219093"><ele>451.90</ele><time>2024-08-31T15:05:52Z</time></trkpt><trkpt lat="43.22564697" lon="-4.89219856"><ele>451.89</ele><time>2024-08-31T15:05:53Z</time></trkpt><trkpt lat="43.22563171" lon="-4.89220572"><ele>451.89</ele><time>2024-08-31T15:05:54Z</time></trkpt><trkpt lat="43.22562027" lon="-4.89221239"><ele>451.89</ele><time>2024-08-31T15:05:55Z</time></trkpt><trkpt lat="43.22560501" lon="-4.89221954"><ele>451.88</ele><time>2024-08-31T15:05:56Z</time></trkpt><trkpt lat="43.22558975" lon="-4.89222622"><ele>451.88</ele><time>2024-08-31T15:05:57Z</time></trkpt><trkpt lat="43.22557831" lon="-4.89223289"><ele>451.87</ele><time>2024-08-31T15:05:58Z</time></trkpt><trkpt lat="43.22556305" lon="-4.89223957"><ele>451.87</ele><time>2024-08-31T15:05:59Z</time></trkpt><trkpt lat="43.22554779" lon="-4.89224625"><ele>451.87</ele><time>2024-08-31T15:06:00Z</time></trkpt><trkpt lat="43.22553635" lon="-4.89225245"><ele>451.86</ele><time>2024-08-31T15:06:01Z</time></trkpt><trkpt lat="43.22552109" lon="-4.89225769"><ele>451.86</ele><time>2024-08-31T15:06:02Z</time></trkpt><trkpt lat="43.22550964" lon="-4.89226103"><ele>451.85</ele><time>2024-08-31T15:06:03Z</time></trkpt><trkpt lat="43.22549820" lon="-4.89226389"><ele>451.84</ele><time>2024-08-31T15:06:04Z</time></trkpt><trkpt lat="43.22548294" lon="-4.89226532"><ele>451.83</ele><time>2024-08-31T15:06:05Z</time></trkpt><trkpt lat="43.22547150" lon="-4.89226675"><ele>451.82</ele><time>2024-08-31T15:06:06Z</time></trkpt><trkpt lat="43.22546005" lon="-4.89226723"><ele>451.81</ele><time>2024-08-31T15:06:07Z</time></trkpt><trkpt lat="43.22544861" lon="-4.89226770"><ele>451.79</ele><time>2024-08-31T15:06:08Z</time></trkpt><trkpt lat="43.22544098" lon="-4.89226818"><ele>451.78</ele><time>2024-08-31T15:06:09Z</time></trkpt><trkpt lat="43.22542953" lon="-4.89226770"><ele>451.76</ele><time>2024-08-31T15:06:10Z</time></trkpt><trkpt lat="43.22541809" lon="-4.89226770"><ele>451.75</ele><time>2024-08-31T15:06:11Z</time></trkpt><trkpt lat="43.22540665" lon="-4.89226723"><ele>451.73</ele><time>2024-08-31T15:06:12Z</time></trkpt><trkpt lat="43.22539520" lon="-4.89226675"><ele>451.72</ele><time>2024-08-31T15:06:13Z</time></trkpt><trkpt lat="43.22538757" lon="-4.89226580"><ele>451.70</ele><time>2024-08-31T15:06:14Z</time></trkpt><trkpt lat="43.22537613" lon="-4.89226532"><ele>451.69</ele><time>2024-08-31T15:06:15Z</time></trkpt><trkpt lat="43.22536469" lon="-4.89226484"><ele>451.67</ele><time>2024-08-31T15:06:16Z</time></trkpt><trkpt lat="43.22535324" lon="-4.89226627"><ele>451.66</ele><time>2024-08-31T15:06:17Z</time></trkpt><trkpt lat="43.22533798" lon="-4.89226961"><ele>451.66</ele><time>2024-08-31T15:06:18Z</time></trkpt><trkpt lat="43.22532654" lon="-4.89227438"><ele>451.65</ele><time>2024-08-31T15:06:19Z</time></trkpt><trkpt lat="43.22531128" lon="-4.89228010"><ele>451.65</ele><time>2024-08-31T15:06:20Z</time></trkpt><trkpt lat="43.22529602" lon="-4.89228725"><ele>451.65</ele><time>2024-08-31T15:06:21Z</time></trkpt><trkpt lat="43.22528458" lon="-4.89229488"><ele>451.65</ele><time>2024-08-31T15:06:22Z</time></trkpt><trkpt lat="43.22527313" lon="-4.89230347"><ele>451.64</ele><time>2024-08-31T15:06:23Z</time></trkpt><trkpt lat="43.22526169" lon="-4.89231253"><ele>451.65</ele><time>2024-08-31T15:06:24Z</time></trkpt><trkpt lat="43.22525406" lon="-4.89232111"><ele>451.65</ele><time>2024-08-31T15:06:25Z</time></trkpt><trkpt lat="43.22524643" lon="-4.89232969"><ele>451.65</ele><time>2024-08-31T15:06:26Z</time></trkpt><trkpt lat="43.22523880" lon="-4.89233780"><ele>451.65</ele><time>2024-08-31T15:06:27Z</time></trkpt><trkpt lat="43.22523117" lon="-4.89234638"><ele>451.65</ele><time>2024-08-31T15:06:28Z</time></trkpt><trkpt lat="43.22522736" lon="-4.89235497"><ele>451.65</ele><time>2024-08-31T15:06:29Z</time></trkpt><trkpt lat="43.22522354" lon="-4.89236355"><ele>451.65</ele><time>2024-08-31T15:06:30Z</time></trkpt><trkpt lat="43.22521591" lon="-4.89237261"><ele>451.65</ele><time>2024-08-31T15:06:31Z</time></trkpt><trkpt lat="43.22521591" lon="-4.89238119"><ele>451.65</ele><time>2024-08-31T15:06:32Z</time></trkpt><trkpt lat="43.22521210" lon="-4.89239025"><ele>451.65</ele><time>2024-08-31T15:06:33Z</time></trkpt><trkpt lat="43.22520828" lon="-4.89239931"><ele>451.66</ele><time>2024-08-31T15:06:34Z</time></trkpt><trkpt lat="43.22520447" lon="-4.89240789"><ele>451.66</ele><time>2024-08-31T15:06:35Z</time></trkpt><trkpt lat="43.22519684" lon="-4.89241838"><ele>451.66</ele><time>2024-08-31T15:06:36Z</time></trkpt><trkpt lat="43.22518539" lon="-4.89242887"><ele>451.66</ele><time>2024-08-31T15:06:37Z</time></trkpt><trkpt lat="43.22517395" lon="-4.89243984"><ele>451.66</ele><time>2024-08-31T15:06:38Z</time></trkpt><trkpt lat="43.22516251" lon="-4.89245033"><ele>451.67</ele><time>2024-08-31T15:06:39Z</time></trkpt><trkpt lat="43.22514725" lon="-4.89246130"><ele>451.67</ele><time>2024-08-31T15:06:40Z</time></trkpt><trkpt lat="43.22513580" lon="-4.89247179"><ele>451.68</ele><time>2024-08-31T15:06:41Z</time></trkpt><trkpt lat="43.22512436" lon="-4.89248180"><ele>451.69</ele><time>2024-08-31T15:06:42Z</time></trkpt><trkpt lat="43.22511292" lon="-4.89249182"><ele>451.70</ele><time>2024-08-31T15:06:43Z</time></trkpt><trkpt lat="43.22510147" lon="-4.89250135"><ele>451.71</ele><time>2024-08-31T15:06:44Z</time></trkpt><trkpt lat="43.22509003" lon="-4.89251041"><ele>451.73</ele><time>2024-08-31T15:06:45Z</time></trkpt><trkpt lat="43.22507858" lon="-4.89251947"><ele>451.75</ele><time>2024-08-31T15:06:46Z</time></trkpt><trkpt lat="43.22506714" lon="-4.89252806"><ele>451.76</ele><time>2024-08-31T15:06:47Z</time></trkpt><trkpt lat="43.22505569" lon="-4.89253473"><ele>451.77</ele><time>2024-08-31T15:06:48Z</time></trkpt><trkpt lat="43.22504425" lon="-4.89254045"><ele>451.78</ele><time>2024-08-31T15:06:49Z</time></trkpt><trkpt lat="43.22503662" lon="-4.89254570"><ele>451.79</ele><time>2024-08-31T15:06:50Z</time></trkpt><trkpt lat="43.22502518" lon="-4.89255047"><ele>451.79</ele><time>2024-08-31T15:06:51Z</time></trkpt><trkpt lat="43.22501755" lon="-4.89255524"><ele>451.79</ele><time>2024-08-31T15:06:52Z</time></trkpt><trkpt lat="43.22500610" lon="-4.89255953"><ele>451.79</ele><time>2024-08-31T15:06:53Z</time></trkpt><trkpt lat="43.22499847" lon="-4.89256382"><ele>451.79</ele><time>2024-08-31T15:06:54Z</time></trkpt><trkpt lat="43.22498703" lon="-4.89256859"><ele>451.79</ele><time>2024-08-31T15:06:55Z</time></trkpt><trkpt lat="43.22497940" lon="-4.89257383"><ele>451.79</ele><time>2024-08-31T15:06:56Z</time></trkpt><trkpt lat="43.22497177" lon="-4.89257908"><ele>451.80</ele><time>2024-08-31T15:06:57Z</time></trkpt><trkpt lat="43.22496033" lon="-4.89258480"><ele>451.80</ele><time>2024-08-31T15:06:58Z</time></trkpt><trkpt lat="43.22495270" lon="-4.89259148"><ele>451.80</ele><time>2024-08-31T15:06:59Z</time></trkpt><trkpt lat="43.22494125" lon="-4.89259386"><ele>451.80</ele><time>2024-08-31T15:07:00Z</time></trkpt><trkpt lat="43.22492981" lon="-4.89259434"><ele>451.81</ele><time>2024-08-31T15:07:01Z</time></trkpt><trkpt lat="43.22492218" lon="-4.89259291"><ele>451.81</ele><time>2024-08-31T15:07:02Z</time></trkpt><trkpt lat="43.22491074" lon="-4.89259005"><ele>451.81</ele><time>2024-08-31T15:07:03Z</time></trkpt><trkpt lat="43.22489929" lon="-4.89258623"><ele>451.82</ele><time>2024-08-31T15:07:04Z</time></trkpt><trkpt lat="43.22488785" lon="-4.89258194"><ele>451.82</ele><time>2024-08-31T15:07:05Z</time></trkpt><trkpt lat="43.22487640" lon="-4.89257765"><ele>451.82</ele><time>2024-08-31T15:07:06Z</time></trkpt><trkpt lat="43.22486115" lon="-4.89257336"><ele>451.83</ele><time>2024-08-31T15:07:07Z</time></trkpt><trkpt lat="43.22484970" lon="-4.89256907"><ele>451.83</ele><time>2024-08-31T15:07:08Z</time></trkpt><trkpt lat="43.22483826" lon="-4.89256477"><ele>451.83</ele><time>2024-08-31T15:07:09Z</time></trkpt><trkpt lat="43.22482300" lon="-4.89256096"><ele>451.83</ele><time>2024-08-31T15:07:10Z</time></trkpt><trkpt lat="43.22481155" lon="-4.89255714"><ele>451.84</ele><time>2024-08-31T15:07:11Z</time></trkpt><trkpt lat="43.22480011" lon="-4.89255428"><ele>451.84</ele><time>2024-08-31T15:07:12Z</time></trkpt><trkpt lat="43.22478867" lon="-4.89255095"><ele>451.84</ele><time>2024-08-31T15:07:13Z</time></trkpt><trkpt lat="43.22477341" lon="-4.89254761"><ele>451.84</ele><time>2024-08-31T15:07:14Z</time></trkpt><trkpt lat="43.22476196" lon="-4.89254427"><ele>451.84</ele><time>2024-08-31T15:07:15Z</time></trkpt><trkpt lat="43.22475052" lon="-4.89254093"><ele>451.84</ele><time>2024-08-31T15:07:16Z</time></trkpt><trkpt lat="43.22473526" lon="-4.89253759"><ele>451.84</ele><time>2024-08-31T15:07:17Z</time></trkpt><trkpt lat="43.22472382" lon="-4.89253426"><ele>451.84</ele><time>2024-08-31T15:07:18Z</time></trkpt><trkpt lat="43.22471237" lon="-4.89253044"><ele>451.84</ele><time>2024-08-31T15:07:19Z</time></trkpt><trkpt lat="43.22469711" lon="-4.89252710"><ele>451.84</ele><time>2024-08-31T15:07:20Z</time></trkpt><trkpt lat="43.22468567" lon="-4.89252377"><ele>451.84</ele><time>2024-08-31T15:07:21Z</time></trkpt><trkpt lat="43.22467422" lon="-4.89252090"><ele>451.84</ele><time>2024-08-31T15:07:22Z</time></trkpt><trkpt lat="43.22466278" lon="-4.89251804"><ele>451.84</ele><time>2024-08-31T15:07:23Z</time></trkpt><trkpt lat="43.22465134" lon="-4.89251518"><ele>451.84</ele><time>2024-08-31T15:07:24Z</time></trkpt><trkpt lat="43.22463989" lon="-4.89251232"><ele>451.85</ele><time>2024-08-31T15:07:25Z</time></trkpt><trkpt lat="43.22462845" lon="-4.89250946"><ele>451.85</ele><time>2024-08-31T15:07:26Z</time></trkpt><trkpt lat="43.22461700" lon="-4.89250612"><ele>451.85</ele><time>2024-08-31T15:07:27Z</time></trkpt><trkpt lat="43.22460556" lon="-4.89250326"><ele>451.86</ele><time>2024-08-31T15:07:28Z</time></trkpt><trkpt lat="43.22459412" lon="-4.89250040"><ele>451.86</ele><time>2024-08-31T15:07:29Z</time></trkpt><trkpt lat="43.22458267" lon="-4.89249659"><ele>451.87</ele><time>2024-08-31T15:07:30Z</time></trkpt><trkpt lat="43.22457123" lon="-4.89249325"><ele>451.87</ele><time>2024-08-31T15:07:31Z</time></trkpt><trkpt lat="43.22456360" lon="-4.89248943"><ele>451.88</ele><time>2024-08-31T15:07:32Z</time></trkpt><trkpt lat="43.22455215" lon="-4.89248562"><ele>451.88</ele><time>2024-08-31T15:07:33Z</time></trkpt><trkpt lat="43.22454071" lon="-4.89248180"><ele>451.89</ele><time>2024-08-31T15:07:34Z</time></trkpt><trkpt lat="43.22452927" lon="-4.89247894"><ele>451.90</ele><time>2024-08-31T15:07:35Z</time></trkpt><trkpt lat="43.22452164" lon="-4.89247561"><ele>451.90</ele><time>2024-08-31T15:07:36Z</time></trkpt><trkpt lat="43.22451019" lon="-4.89247322"><ele>451.91</ele><time>2024-08-31T15:07:37Z</time></trkpt><trkpt lat="43.22449875" lon="-4.89247084"><ele>451.92</ele><time>2024-08-31T15:07:38Z</time></trkpt><trkpt lat="43.22448730" lon="-4.89246845"><ele>451.93</ele><time>2024-08-31T15:07:39Z</time></trkpt><trkpt lat="43.22447586" lon="-4.89246655"><ele>451.94</ele><time>2024-08-31T15:07:40Z</time></trkpt><trkpt lat="43.22446442" lon="-4.89246464"><ele>451.94</ele><time>2024-08-31T15:07:41Z</time></trkpt><trkpt lat="43.22445297" lon="-4.89246321"><ele>451.95</ele><time>2024-08-31T15:07:42Z</time></trkpt><trkpt lat="43.22444153" lon="-4.89246225"><ele>451.96</ele><time>2024-08-31T15:07:43Z</time></trkpt><trkpt lat="43.22443008" lon="-4.89246178"><ele>451.97</ele><time>2024-08-31T15:07:44Z</time></trkpt><trkpt lat="43.22441864" lon="-4.89246178"><ele>451.98</ele><time>2024-08-31T15:07:45Z</time></trkpt><trkpt lat="43.22440720" lon="-4.89246225"><ele>451.99</ele><time>2024-08-31T15:07:46Z</time></trkpt><trkpt lat="43.22439575" lon="-4.89246273"><ele>452.00</ele><time>2024-08-31T15:07:47Z</time></trkpt><trkpt lat="43.22438431" lon="-4.89246321"><ele>452.00</ele><time>2024-08-31T15:07:48Z</time></trkpt><trkpt lat="43.22437286" lon="-4.89246368"><ele>452.01</ele><time>2024-08-31T15:07:49Z</time></trkpt><trkpt lat="43.22436142" lon="-4.89246464"><ele>452.02</ele><time>2024-08-31T15:07:50Z</time></trkpt><trkpt lat="43.22434998" lon="-4.89246607"><ele>452.03</ele><time>2024-08-31T15:07:51Z</time></trkpt><trkpt lat="43.22433853" lon="-4.89246750"><ele>452.03</ele><time>2024-08-31T15:07:52Z</time></trkpt><trkpt lat="43.22432709" lon="-4.89246893"><ele>452.04</ele><time>2024-08-31T15:07:53Z</time></trkpt><trkpt lat="43.22431564" lon="-4.89247084"><ele>452.05</ele><time>2024-08-31T15:07:54Z</time></trkpt><trkpt lat="43.22430038" lon="-4.89247274"><ele>452.06</ele><time>2024-08-31T15:07:55Z</time></trkpt><trkpt lat="43.22428894" lon="-4.89247513"><ele>452.07</ele><time>2024-08-31T15:07:56Z</time></trkpt><trkpt lat="43.22427750" lon="-4.89247751"><ele>452.09</ele><time>2024-08-31T15:07:57Z</time></trkpt><trkpt lat="43.22426224" lon="-4.89247990"><ele>452.10</ele><time>2024-08-31T15:07:58Z</time></trkpt><trkpt lat="43.22425079" lon="-4.89248228"><ele>452.12</ele><time>2024-08-31T15:07:59Z</time></trkpt><trkpt lat="43.22423935" lon="-4.89248514"><ele>452.13</ele><time>2024-08-31T15:08:00Z</time></trkpt><trkpt lat="43.22422409" lon="-4.89248800"><ele>452.15</ele><time>2024-08-31T15:08:01Z</time></trkpt><trkpt lat="43.22421265" lon="-4.89249086"><ele>452.17</ele><time>2024-08-31T15:08:02Z</time></trkpt><trkpt lat="43.22419739" lon="-4.89249420"><ele>452.18</ele><time>2024-08-31T15:08:03Z</time></trkpt><trkpt lat="43.22418594" lon="-4.89249754"><ele>452.20</ele><time>2024-08-31T15:08:04Z</time></trkpt><trkpt lat="43.22417068" lon="-4.89250135"><ele>452.21</ele><time>2024-08-31T15:08:05Z</time></trkpt><trkpt lat="43.22415543" lon="-4.89250565"><ele>452.22</ele><time>2024-08-31T15:08:06Z</time></trkpt><trkpt lat="43.22414398" lon="-4.89251041"><ele>452.23</ele><time>2024-08-31T15:08:07Z</time></trkpt><trkpt lat="43.22412872" lon="-4.89251566"><ele>452.23</ele><time>2024-08-31T15:08:08Z</time></trkpt><trkpt lat="43.22411346" lon="-4.89252138"><ele>452.23</ele><time>2024-08-31T15:08:09Z</time></trkpt><trkpt lat="43.22410202" lon="-4.89252806"><ele>452.23</ele><time>2024-08-31T15:08:10Z</time></trkpt><trkpt lat="43.22408676" lon="-4.89253473"><ele>452.23</ele><time>2024-08-31T15:08:11Z</time></trkpt><trkpt lat="43.22407150" lon="-4.89254141"><ele>452.23</ele><time>2024-08-31T15:08:12Z</time></trkpt><trkpt lat="43.22405624" lon="-4.89254808"><ele>452.23</ele><time>2024-08-31T15:08:13Z</time></trkpt><trkpt lat="43.22404480" lon="-4.89255428"><ele>452.22</ele><time>2024-08-31T15:08:14Z</time></trkpt><trkpt lat="43.22402954" lon="-4.89256048"><ele>452.22</ele><time>2024-08-31T15:08:15Z</time></trkpt><trkpt lat="43.22401428" lon="-4.89256668"><ele>452.22</ele><time>2024-08-31T15:08:16Z</time></trkpt><trkpt lat="43.22400284" lon="-4.89257240"><ele>452.22</ele><time>2024-08-31T15:08:17Z</time></trkpt><trkpt lat="43.22398758" lon="-4.89257812"><ele>452.21</ele><time>2024-08-31T15:08:18Z</time></trkpt><trkpt lat="43.22397614" lon="-4.89258385"><ele>452.21</ele><time>2024-08-31T15:08:19Z</time></trkpt><trkpt lat="43.22396088" lon="-4.89258862"><ele>452.21</ele><time>2024-08-31T15:08:20Z</time></trkpt><trkpt lat="43.22394943" lon="-4.89259291"><ele>452.22</ele><time>2024-08-31T15:08:21Z</time></trkpt><trkpt lat="43.22393417" lon="-4.89259720"><ele>452.22</ele><time>2024-08-31T15:08:22Z</time></trkpt><trkpt lat="43.22392273" lon="-4.89260101"><ele>452.22</ele><time>2024-08-31T15:08:23Z</time></trkpt><trkpt lat="43.22390747" lon="-4.89260435"><ele>452.23</ele><time>2024-08-31T15:08:24Z</time></trkpt><trkpt lat="43.22389603" lon="-4.89260769"><ele>452.23</ele><time>2024-08-31T15:08:25Z</time></trkpt><trkpt lat="43.22388458" lon="-4.89261103"><ele>452.24</ele><time>2024-08-31T15:08:26Z</time></trkpt><trkpt lat="43.22386932" lon="-4.89261389"><ele>452.25</ele><time>2024-08-31T15:08:27Z</time></trkpt><trkpt lat="43.22385788" lon="-4.89261675"><ele>452.25</ele><time>2024-08-31T15:08:28Z</time></trkpt><trkpt lat="43.22384644" lon="-4.89261961"><ele>452.26</ele><time>2024-08-31T15:08:29Z</time></trkpt><trkpt lat="43.22383499" lon="-4.89262390"><ele>452.26</ele><time>2024-08-31T15:08:30Z</time></trkpt><trkpt lat="43.22382355" lon="-4.89263010"><ele>452.27</ele><time>2024-08-31T15:08:31Z</time></trkpt><trkpt lat="43.22381592" lon="-4.89263868"><ele>452.28</ele><time>2024-08-31T15:08:32Z</time></trkpt><trkpt lat="43.22380829" lon="-4.89264822"><ele>452.28</ele><time>2024-08-31T15:08:33Z</time></trkpt><trkpt lat="43.22380066" lon="-4.89265871"><ele>452.29</ele><time>2024-08-31T15:08:34Z</time></trkpt><trkpt lat="43.22379303" lon="-4.89266968"><ele>452.29</ele><time>2024-08-31T15:08:35Z</time></trkpt><trkpt lat="43.22378540" lon="-4.89268160"><ele>452.30</ele><time>2024-08-31T15:08:36Z</time></trkpt><trkpt lat="43.22377777" lon="-4.89269304"><ele>452.31</ele><time>2024-08-31T15:08:37Z</time></trkpt><trkpt lat="43.22377014" lon="-4.89270496"><ele>452.32</ele><time>2024-08-31T15:08:38Z</time></trkpt><trkpt lat="43.22376251" lon="-4.89271641"><ele>452.32</ele><time>2024-08-31T15:08:39Z</time></trkpt><trkpt lat="43.22375870" lon="-4.89272833"><ele>452.33</ele><time>2024-08-31T15:08:40Z</time></trkpt><trkpt lat="43.22375107" lon="-4.89273977"><ele>452.34</ele><time>2024-08-31T15:08:41Z</time></trkpt><trkpt lat="43.22374725" lon="-4.89275122"><ele>452.35</ele><time>2024-08-31T15:08:42Z</time></trkpt><trkpt lat="43.22374344" lon="-4.89276218"><ele>452.36</ele><time>2024-08-31T15:08:43Z</time></trkpt><trkpt lat="43.22373581" lon="-4.89277220"><ele>452.37</ele><time>2024-08-31T15:08:44Z</time></trkpt><trkpt lat="43.22372818" lon="-4.89278126"><ele>452.38</ele><time>2024-08-31T15:08:45Z</time></trkpt><trkpt lat="43.22372437" lon="-4.89278984"><ele>452.39</ele><time>2024-08-31T15:08:46Z</time></trkpt><trkpt lat="43.22371674" lon="-4.89279795"><ele>452.40</ele><time>2024-08-31T15:08:47Z</time></trkpt><trkpt lat="43.22370911" lon="-4.89280558"><ele>452.42</ele><time>2024-08-31T15:08:48Z</time></trkpt><trkpt lat="43.22370148" lon="-4.89281273"><ele>452.43</ele><time>2024-08-31T15:08:49Z</time></trkpt><trkpt lat="43.22369766" lon="-4.89281988"><ele>452.44</ele><time>2024-08-31T15:08:50Z</time></trkpt><trkpt lat="43.22369003" lon="-4.89282656"><ele>452.46</ele><time>2024-08-31T15:08:51Z</time></trkpt><trkpt lat="43.22368240" lon="-4.89283323"><ele>452.47</ele><time>2024-08-31T15:08:52Z</time></trkpt><trkpt lat="43.22367477" lon="-4.89283895"><ele>452.49</ele><time>2024-08-31T15:08:53Z</time></trkpt><trkpt lat="43.22366714" lon="-4.89284515"><ele>452.50</ele><time>2024-08-31T15:08:54Z</time></trkpt><trkpt lat="43.22365952" lon="-4.89285040"><ele>452.51</ele><time>2024-08-31T15:08:55Z</time></trkpt><trkpt lat="43.22364807" lon="-4.89285564"><ele>452.53</ele><time>2024-08-31T15:08:56Z</time></trkpt><trkpt lat="43.22364044" lon="-4.89286041"><ele>452.54</ele><time>2024-08-31T15:08:57Z</time></trkpt><trkpt lat="43.22363281" lon="-4.89286518"><ele>452.55</ele><time>2024-08-31T15:08:58Z</time></trkpt><trkpt lat="43.22362518" lon="-4.89286947"><ele>452.56</ele><time>2024-08-31T15:08:59Z</time></trkpt><trkpt lat="43.22361374" lon="-4.89287376"><ele>452.58</ele><time>2024-08-31T15:09:00Z</time></trkpt><trkpt lat="43.22360611" lon="-4.89287758"><ele>452.59</ele><time>2024-08-31T15:09:01Z</time></trkpt><trkpt lat="43.22359848" lon="-4.89288092"><ele>452.60</ele><time>2024-08-31T15:09:02Z</time></trkpt><trkpt lat="43.22358704" lon="-4.89288521"><ele>452.62</ele><time>2024-08-31T15:09:03Z</time></trkpt><trkpt lat="43.22357941" lon="-4.89289045"><ele>452.63</ele><time>2024-08-31T15:09:04Z</time></trkpt><trkpt lat="43.22357178" lon="-4.89289713"><ele>452.64</ele><time>2024-08-31T15:09:05Z</time></trkpt><trkpt lat="43.22356033" lon="-4.89290428"><ele>452.65</ele><time>2024-08-31T15:09:06Z</time></trkpt><trkpt lat="43.22355652" lon="-4.89291239"><ele>452.66</ele><time>2024-08-31T15:09:07Z</time></trkpt><trkpt lat="43.22354889" lon="-4.89292097"><ele>452.66</ele><time>2024-08-31T15:09:08Z</time></trkpt><trkpt lat="43.22354126" lon="-4.89292955"><ele>452.67</ele><time>2024-08-31T15:09:09Z</time></trkpt><trkpt lat="43.22353745" lon="-4.89293814"><ele>452.67</ele><time>2024-08-31T15:09:10Z</time></trkpt><trkpt lat="43.22352982" lon="-4.89294672"><ele>452.68</ele><time>2024-08-31T15:09:11Z</time></trkpt><trkpt lat="43.22352600" lon="-4.89295483"><ele>452.68</ele><time>2024-08-31T15:09:12Z</time></trkpt><trkpt lat="43.22351837" lon="-4.89296436"><ele>452.70</ele><time>2024-08-31T15:09:13Z</time></trkpt><trkpt lat="43.22351074" lon="-4.89297485"><ele>452.72</ele><time>2024-08-31T15:09:14Z</time></trkpt><trkpt lat="43.22350311" lon="-4.89298630"><ele>452.73</ele><time>2024-08-31T15:09:15Z</time></trkpt><trkpt lat="43.22349930" lon="-4.89299917"><ele>452.75</ele><time>2024-08-31T15:09:16Z</time></trkpt><trkpt lat="43.22349167" lon="-4.89301205"><ele>452.77</ele><time>2024-08-31T15:09:17Z</time></trkpt><trkpt lat="43.22348404" lon="-4.89302540"><ele>452.78</ele><time>2024-08-31T15:09:18Z</time></trkpt><trkpt lat="43.22347641" lon="-4.89303875"><ele>452.79</ele><time>2024-08-31T15:09:19Z</time></trkpt><trkpt lat="43.22347260" lon="-4.89305210"><ele>452.81</ele><time>2024-08-31T15:09:20Z</time></trkpt><trkpt lat="43.22346497" lon="-4.89306545"><ele>452.82</ele><time>2024-08-31T15:09:21Z</time></trkpt><trkpt lat="43.22345734" lon="-4.89307880"><ele>452.83</ele><time>2024-08-31T15:09:22Z</time></trkpt><trkpt lat="43.22344971" lon="-4.89309263"><ele>452.84</ele><time>2024-08-31T15:09:23Z</time></trkpt><trkpt lat="43.22344589" lon="-4.89310551"><ele>452.85</ele><time>2024-08-31T15:09:24Z</time></trkpt><trkpt lat="43.22343826" lon="-4.89311743"><ele>452.86</ele><time>2024-08-31T15:09:25Z</time></trkpt><trkpt lat="43.22343445" lon="-4.89312935"><ele>452.87</ele><time>2024-08-31T15:09:26Z</time></trkpt><trkpt lat="43.22342682" lon="-4.89314079"><ele>452.88</ele><time>2024-08-31T15:09:27Z</time></trkpt><trkpt lat="43.22341919" lon="-4.89315176"><ele>452.89</ele><time>2024-08-31T15:09:28Z</time></trkpt><trkpt lat="43.22341537" lon="-4.89316225"><ele>452.89</ele><time>2024-08-31T15:09:29Z</time></trkpt><trkpt lat="43.22340775" lon="-4.89317274"><ele>452.90</ele><time>2024-08-31T15:09:30Z</time></trkpt><trkpt lat="43.22340012" lon="-4.89318275"><ele>452.91</ele><time>2024-08-31T15:09:31Z</time></trkpt><trkpt lat="43.22339630" lon="-4.89319277"><ele>452.92</ele><time>2024-08-31T15:09:32Z</time></trkpt><trkpt lat="43.22338867" lon="-4.89320278"><ele>452.93</ele><time>2024-08-31T15:09:33Z</time></trkpt><trkpt lat="43.22338104" lon="-4.89321280"><ele>452.94</ele><time>2024-08-31T15:09:34Z</time></trkpt><trkpt lat="43.22337341" lon="-4.89322281"><ele>452.95</ele><time>2024-08-31T15:09:35Z</time></trkpt><trkpt lat="43.22336578" lon="-4.89323282"><ele>452.97</ele><time>2024-08-31T15:09:36Z</time></trkpt><trkpt lat="43.22335815" lon="-4.89324379"><ele>452.98</ele><time>2024-08-31T15:09:37Z</time></trkpt><trkpt lat="43.22335052" lon="-4.89325523"><ele>453.00</ele><time>2024-08-31T15:09:38Z</time></trkpt><trkpt lat="43.22334671" lon="-4.89326715"><ele>453.02</ele><time>2024-08-31T15:09:39Z</time></trkpt><trkpt lat="43.22333527" lon="-4.89327908"><ele>453.03</ele><time>2024-08-31T15:09:40Z</time></trkpt><trkpt lat="43.22332764" lon="-4.89329100"><ele>453.05</ele><time>2024-08-31T15:09:41Z</time></trkpt><trkpt lat="43.22332001" lon="-4.89330292"><ele>453.07</ele><time>2024-08-31T15:09:42Z</time></trkpt><trkpt lat="43.22331238" lon="-4.89331532"><ele>453.09</ele><time>2024-08-31T15:09:43Z</time></trkpt><trkpt lat="43.22330475" lon="-4.89332724"><ele>453.10</ele><time>2024-08-31T15:09:44Z</time></trkpt><trkpt lat="43.22329712" lon="-4.89333916"><ele>453.12</ele><time>2024-08-31T15:09:45Z</time></trkpt><trkpt lat="43.22328568" lon="-4.89335155"><ele>453.14</ele><time>2024-08-31T15:09:46Z</time></trkpt><trkpt lat="43.22327805" lon="-4.89336348"><ele>453.15</ele><time>2024-08-31T15:09:47Z</time></trkpt><trkpt lat="43.22327042" lon="-4.89337492"><ele>453.17</ele><time>2024-08-31T15:09:48Z</time></trkpt><trkpt lat="43.22325897" lon="-4.89338684"><ele>453.18</ele><time>2024-08-31T15:09:49Z</time></trkpt><trkpt lat="43.22325134" lon="-4.89339828"><ele>453.19</ele><time>2024-08-31T15:09:50Z</time></trkpt><trkpt lat="43.22324371" lon="-4.89340878"><ele>453.20</ele><time>2024-08-31T15:09:51Z</time></trkpt><trkpt lat="43.22323227" lon="-4.89341879"><ele>453.21</ele><time>2024-08-31T15:09:52Z</time></trkpt><trkpt lat="43.22322464" lon="-4.89342833"><ele>453.23</ele><time>2024-08-31T15:09:53Z</time></trkpt><trkpt lat="43.22321320" lon="-4.89343739"><ele>453.24</ele><time>2024-08-31T15:09:54Z</time></trkpt><trkpt lat="43.22320175" lon="-4.89344549"><ele>453.25</ele><time>2024-08-31T15:09:55Z</time></trkpt><trkpt lat="43.22319412" lon="-4.89345312"><ele>453.26</ele><time>2024-08-31T15:09:56Z</time></trkpt><trkpt lat="43.22318268" lon="-4.89346075"><ele>453.26</ele><time>2024-08-31T15:09:57Z</time></trkpt><trkpt lat="43.22317123" lon="-4.89346743"><ele>453.27</ele><time>2024-08-31T15:09:58Z</time></trkpt><trkpt lat="43.22315979" lon="-4.89347363"><ele>453.28</ele><time>2024-08-31T15:09:59Z</time></trkpt><trkpt lat="43.22314835" lon="-4.89347982"><ele>453.29</ele><time>2024-08-31T15:10:00Z</time></trkpt><trkpt lat="43.22314072" lon="-4.89348555"><ele>453.29</ele><time>2024-08-31T15:10:01Z</time></trkpt><trkpt lat="43.22312927" lon="-4.89349079"><ele>453.30</ele><time>2024-08-31T15:10:02Z</time></trkpt><trkpt lat="43.22311783" lon="-4.89349556"><ele>453.31</ele><time>2024-08-31T15:10:03Z</time></trkpt><trkpt lat="43.22310638" lon="-4.89349985"><ele>453.31</ele><time>2024-08-31T15:10:04Z</time></trkpt><trkpt lat="43.22309494" lon="-4.89350367"><ele>453.32</ele><time>2024-08-31T15:10:05Z</time></trkpt><trkpt lat="43.22308350" lon="-4.89350700"><ele>453.33</ele><time>2024-08-31T15:10:06Z</time></trkpt><trkpt lat="43.22307205" lon="-4.89350986"><ele>453.33</ele><time>2024-08-31T15:10:07Z</time></trkpt><trkpt lat="43.22306061" lon="-4.89351273"><ele>453.34</ele><time>2024-08-31T15:10:08Z</time></trkpt><trkpt lat="43.22304916" lon="-4.89351463"><ele>453.35</ele><time>2024-08-31T15:10:09Z</time></trkpt><trkpt lat="43.22303772" lon="-4.89351654"><ele>453.35</ele><time>2024-08-31T15:10:10Z</time></trkpt><trkpt lat="43.22302628" lon="-4.89351797"><ele>453.36</ele><time>2024-08-31T15:10:11Z</time></trkpt><trkpt lat="43.22301483" lon="-4.89351940"><ele>453.37</ele><time>2024-08-31T15:10:12Z</time></trkpt><trkpt lat="43.22300339" lon="-4.89351988"><ele>453.38</ele><time>2024-08-31T15:10:13Z</time></trkpt><trkpt lat="43.22298813" lon="-4.89352131"><ele>453.39</ele><time>2024-08-31T15:10:14Z</time></trkpt><trkpt lat="43.22297668" lon="-4.89352226"><ele>453.39</ele><time>2024-08-31T15:10:15Z</time></trkpt><trkpt lat="43.22296143" lon="-4.89352369"><ele>453.40</ele><time>2024-08-31T15:10:16Z</time></trkpt><trkpt lat="43.22294998" lon="-4.89352560"><ele>453.40</ele><time>2024-08-31T15:10:17Z</time></trkpt><trkpt lat="43.22293854" lon="-4.89352703"><ele>453.40</ele><time>2024-08-31T15:10:18Z</time></trkpt><trkpt lat="43.22292328" lon="-4.89352894"><ele>453.41</ele><time>2024-08-31T15:10:19Z</time></trkpt><trkpt lat="43.22291183" lon="-4.89353132"><ele>453.41</ele><time>2024-08-31T15:10:20Z</time></trkpt><trkpt lat="43.22290039" lon="-4.89353371"><ele>453.41</ele><time>2024-08-31T15:10:21Z</time></trkpt><trkpt lat="43.22288513" lon="-4.89353609"><ele>453.42</ele><time>2024-08-31T15:10:22Z</time></trkpt><trkpt lat="43.22287369" lon="-4.89353895"><ele>453.42</ele><time>2024-08-31T15:10:23Z</time></trkpt><trkpt lat="43.22286224" lon="-4.89354229"><ele>453.42</ele><time>2024-08-31T15:10:24Z</time></trkpt><trkpt lat="43.22284698" lon="-4.89354563"><ele>453.42</ele><time>2024-08-31T15:10:25Z</time></trkpt><trkpt lat="43.22283554" lon="-4.89354944"><ele>453.42</ele><time>2024-08-31T15:10:26Z</time></trkpt><trkpt lat="43.22282410" lon="-4.89355326"><ele>453.41</ele><time>2024-08-31T15:10:27Z</time></trkpt><trkpt lat="43.22281265" lon="-4.89355755"><ele>453.41</ele><time>2024-08-31T15:10:28Z</time></trkpt><trkpt lat="43.22279739" lon="-4.89356232"><ele>453.41</ele><time>2024-08-31T15:10:29Z</time></trkpt><trkpt lat="43.22278595" lon="-4.89356709"><ele>453.41</ele><time>2024-08-31T15:10:30Z</time></trkpt><trkpt lat="43.22277451" lon="-4.89357185"><ele>453.40</ele><time>2024-08-31T15:10:31Z</time></trkpt><trkpt lat="43.22275925" lon="-4.89357615"><ele>453.40</ele><time>2024-08-31T15:10:32Z</time></trkpt><trkpt lat="43.22274780" lon="-4.89358091"><ele>453.39</ele><time>2024-08-31T15:10:33Z</time></trkpt><trkpt lat="43.22273636" lon="-4.89358521"><ele>453.39</ele><time>2024-08-31T15:10:34Z</time></trkpt><trkpt lat="43.22272491" lon="-4.89358997"><ele>453.38</ele><time>2024-08-31T15:10:35Z</time></trkpt><trkpt lat="43.22271347" lon="-4.89359426"><ele>453.38</ele><time>2024-08-31T15:10:36Z</time></trkpt><trkpt lat="43.22269821" lon="-4.89359856"><ele>453.37</ele><time>2024-08-31T15:10:37Z</time></trkpt><trkpt lat="43.22268677" lon="-4.89360237"><ele>453.37</ele><time>2024-08-31T15:10:38Z</time></trkpt><trkpt lat="43.22267532" lon="-4.89360523"><ele>453.36</ele><time>2024-08-31T15:10:39Z</time></trkpt><trkpt lat="43.22266006" lon="-4.89360714"><ele>453.36</ele><time>2024-08-31T15:10:40Z</time></trkpt><trkpt lat="43.22264862" lon="-4.89360905"><ele>453.36</ele><time>2024-08-31T15:10:41Z</time></trkpt><trkpt lat="43.22263718" lon="-4.89361000"><ele>453.35</ele><time>2024-08-31T15:10:42Z</time></trkpt><trkpt lat="43.22262573" lon="-4.89361048"><ele>453.35</ele><time>2024-08-31T15:10:43Z</time></trkpt><trkpt lat="43.22261047" lon="-4.89361095"><ele>453.34</ele><time>2024-08-31T15:10:44Z</time></trkpt><trkpt lat="43.22259903" lon="-4.89361143"><ele>453.34</ele><time>2024-08-31T15:10:45Z</time></trkpt><trkpt lat="43.22258759" lon="-4.89361238"><ele>453.33</ele><time>2024-08-31T15:10:46Z</time></trkpt><trkpt lat="43.22257614" lon="-4.89361286"><ele>453.33</ele><time>2024-08-31T15:10:47Z</time></trkpt><trkpt lat="43.22256088" lon="-4.89361382"><ele>453.32</ele><time>2024-08-31T15:10:48Z</time></trkpt><trkpt lat="43.22254944" lon="-4.89361429"><ele>453.32</ele><time>2024-08-31T15:10:49Z</time></trkpt><trkpt lat="43.22253799" lon="-4.89361525"><ele>453.31</ele><time>2024-08-31T15:10:50Z</time></trkpt><trkpt lat="43.22252655" lon="-4.89361525"><ele>453.31</ele><time>2024-08-31T15:10:51Z</time></trkpt><trkpt lat="43.22251511" lon="-4.89361477"><ele>453.30</ele><time>2024-08-31T15:10:52Z</time></trkpt><trkpt lat="43.22249985" lon="-4.89361382"><ele>453.30</ele><time>2024-08-31T15:10:53Z</time></trkpt><trkpt lat="43.22248840" lon="-4.89361238"><ele>453.29</ele><time>2024-08-31T15:10:54Z</time></trkpt><trkpt lat="43.22247696" lon="-4.89361095"><ele>453.28</ele><time>2024-08-31T15:10:55Z</time></trkpt><trkpt lat="43.22246552" lon="-4.89360905"><ele>453.28</ele><time>2024-08-31T15:10:56Z</time></trkpt><trkpt lat="43.22245407" lon="-4.89360714"><ele>453.27</ele><time>2024-08-31T15:10:57Z</time></trkpt><trkpt lat="43.22244263" lon="-4.89360523"><ele>453.26</ele><time>2024-08-31T15:10:58Z</time></trkpt><trkpt lat="43.22243118" lon="-4.89360332"><ele>453.26</ele><time>2024-08-31T15:10:59Z</time></trkpt><trkpt lat="43.22241974" lon="-4.89360142"><ele>453.25</ele><time>2024-08-31T15:11:00Z</time></trkpt><trkpt lat="43.22240829" lon="-4.89359951"><ele>453.25</ele><time>2024-08-31T15:11:01Z</time></trkpt><trkpt lat="43.22239685" lon="-4.89359760"><ele>453.24</ele><time>2024-08-31T15:11:02Z</time></trkpt><trkpt lat="43.22238541" lon="-4.89359713"><ele>453.24</ele><time>2024-08-31T15:11:03Z</time></trkpt><trkpt lat="43.22237396" lon="-4.89359713"><ele>453.24</ele><time>2024-08-31T15:11:04Z</time></trkpt><trkpt lat="43.22235870" lon="-4.89359713"><ele>453.24</ele><time>2024-08-31T15:11:05Z</time></trkpt><trkpt lat="43.22234726" lon="-4.89359808"><ele>453.24</ele><time>2024-08-31T15:11:06Z</time></trkpt><trkpt lat="43.22233582" lon="-4.89359951"><ele>453.25</ele><time>2024-08-31T15:11:07Z</time></trkpt><trkpt lat="43.22232437" lon="-4.89360094"><ele>453.25</ele><time>2024-08-31T15:11:08Z</time></trkpt><trkpt lat="43.22231293" lon="-4.89360237"><ele>453.25</ele><time>2024-08-31T15:11:09Z</time></trkpt><trkpt lat="43.22230148" lon="-4.89360476"><ele>453.26</ele><time>2024-08-31T15:11:10Z</time></trkpt><trkpt lat="43.22229004" lon="-4.89360666"><ele>453.26</ele><time>2024-08-31T15:11:11Z</time></trkpt><trkpt lat="43.22227478" lon="-4.89360952"><ele>453.27</ele><time>2024-08-31T15:11:12Z</time></trkpt><trkpt lat="43.22226334" lon="-4.89361238"><ele>453.28</ele><time>2024-08-31T15:11:13Z</time></trkpt><trkpt lat="43.22225189" lon="-4.89361525"><ele>453.29</ele><time>2024-08-31T15:11:14Z</time></trkpt><trkpt lat="43.22223663" lon="-4.89361858"><ele>453.30</ele><time>2024-08-31T15:11:15Z</time></trkpt><trkpt lat="43.22222519" lon="-4.89362192"><ele>453.32</ele><time>2024-08-31T15:11:16Z</time></trkpt><trkpt lat="43.22221375" lon="-4.89362574"><ele>453.34</ele><time>2024-08-31T15:11:17Z</time></trkpt><trkpt lat="43.22219849" lon="-4.89362955"><ele>453.36</ele><time>2024-08-31T15:11:18Z</time></trkpt><trkpt lat="43.22218704" lon="-4.89363384"><ele>453.39</ele><time>2024-08-31T15:11:19Z</time></trkpt><trkpt lat="43.22217178" lon="-4.89363766"><ele>453.43</ele><time>2024-08-31T15:11:20Z</time></trkpt><trkpt lat="43.22216034" lon="-4.89364195"><ele>453.46</ele><time>2024-08-31T15:11:21Z</time></trkpt><trkpt lat="43.22214508" lon="-4.89364576"><ele>453.50</ele><time>2024-08-31T15:11:22Z</time></trkpt><trkpt lat="43.22213364" lon="-4.89364958"><ele>453.54</ele><time>2024-08-31T15:11:23Z</time></trkpt><trkpt lat="43.22211838" lon="-4.89365339"><ele>453.58</ele><time>2024-08-31T15:11:24Z</time></trkpt><trkpt lat="43.22210312" lon="-4.89365673"><ele>453.62</ele><time>2024-08-31T15:11:25Z</time></trkpt><trkpt lat="43.22209167" lon="-4.89366055"><ele>453.66</ele><time>2024-08-31T15:11:26Z</time></trkpt><trkpt lat="43.22207642" lon="-4.89366388"><ele>453.71</ele><time>2024-08-31T15:11:27Z</time></trkpt><trkpt lat="43.22206116" lon="-4.89366722"><ele>453.75</ele><time>2024-08-31T15:11:28Z</time></trkpt><trkpt lat="43.22204971" lon="-4.89367056"><ele>453.79</ele><time>2024-08-31T15:11:29Z</time></trkpt><trkpt lat="43.22203445" lon="-4.89367437"><ele>453.83</ele><time>2024-08-31T15:11:30Z</time></trkpt><trkpt lat="43.22201920" lon="-4.89367819"><ele>453.86</ele><time>2024-08-31T15:11:31Z</time></trkpt><trkpt lat="43.22200394" lon="-4.89368200"><ele>453.90</ele><time>2024-08-31T15:11:32Z</time></trkpt><trkpt lat="43.22198868" lon="-4.89368629"><ele>453.94</ele><time>2024-08-31T15:11:33Z</time></trkpt><trkpt lat="43.22197723" lon="-4.89369154"><ele>453.98</ele><time>2024-08-31T15:11:34Z</time></trkpt><trkpt lat="43.22196198" lon="-4.89369726"><ele>454.02</ele><time>2024-08-31T15:11:35Z</time></trkpt><trkpt lat="43.22194672" lon="-4.89370298"><ele>454.06</ele><time>2024-08-31T15:11:36Z</time></trkpt><trkpt lat="43.22193146" lon="-4.89370871"><ele>454.11</ele><time>2024-08-31T15:11:37Z</time></trkpt><trkpt lat="43.22191620" lon="-4.89371395"><ele>454.15</ele><time>2024-08-31T15:11:38Z</time></trkpt><trkpt lat="43.22190094" lon="-4.89371967"><ele>454.20</ele><time>2024-08-31T15:11:39Z</time></trkpt><trkpt lat="43.22188950" lon="-4.89372444"><ele>454.24</ele><time>2024-08-31T15:11:40Z</time></trkpt><trkpt lat="43.22187424" lon="-4.89372921"><ele>454.29</ele><time>2024-08-31T15:11:41Z</time></trkpt><trkpt lat="43.22185898" lon="-4.89373350"><ele>454.33</ele><time>2024-08-31T15:11:42Z</time></trkpt><trkpt lat="43.22184372" lon="-4.89373732"><ele>454.37</ele><time>2024-08-31T15:11:43Z</time></trkpt><trkpt lat="43.22182846" lon="-4.89374113"><ele>454.41</ele><time>2024-08-31T15:11:44Z</time></trkpt><trkpt lat="43.22181320" lon="-4.89374447"><ele>454.45</ele><time>2024-08-31T15:11:45Z</time></trkpt><trkpt lat="43.22180176" lon="-4.89374781"><ele>454.49</ele><time>2024-08-31T15:11:46Z</time></trkpt><trkpt lat="43.22178650" lon="-4.89375067"><ele>454.52</ele><time>2024-08-31T15:11:47Z</time></trkpt><trkpt lat="43.22177124" lon="-4.89375353"><ele>454.56</ele><time>2024-08-31T15:11:48Z</time></trkpt><trkpt lat="43.22175598" lon="-4.89375639"><ele>454.60</ele><time>2024-08-31T15:11:49Z</time></trkpt><trkpt lat="43.22174454" lon="-4.89375925"><ele>454.63</ele><time>2024-08-31T15:11:50Z</time></trkpt><trkpt lat="43.22172928" lon="-4.89376211"><ele>454.67</ele><time>2024-08-31T15:11:51Z</time></trkpt><trkpt lat="43.22171402" lon="-4.89376450"><ele>454.71</ele><time>2024-08-31T15:11:52Z</time></trkpt><trkpt lat="43.22170258" lon="-4.89376688"><ele>454.74</ele><time>2024-08-31T15:11:53Z</time></trkpt><trkpt lat="43.22168732" lon="-4.89376926"><ele>454.78</ele><time>2024-08-31T15:11:54Z</time></trkpt><trkpt lat="43.22168350" lon="-4.89376831"><ele>454.78</ele><time>2024-08-31T15:11:55Z</time></trkpt><trkpt lat="43.22167969" lon="-4.89376593"><ele>454.78</ele><time>2024-08-31T15:11:56Z</time></trkpt><trkpt lat="43.22167206" lon="-4.89376307"><ele>454.79</ele><time>2024-08-31T15:11:57Z</time></trkpt><trkpt lat="43.22166443" lon="-4.89375925"><ele>454.79</ele><time>2024-08-31T15:11:58Z</time></trkpt><trkpt lat="43.22165298" lon="-4.89375544"><ele>454.80</ele><time>2024-08-31T15:11:59Z</time></trkpt><trkpt lat="43.22164536" lon="-4.89375162"><ele>454.80</ele><time>2024-08-31T15:12:00Z</time></trkpt><trkpt lat="43.22163773" lon="-4.89374733"><ele>454.81</ele><time>2024-08-31T15:12:01Z</time></trkpt><trkpt lat="43.22162628" lon="-4.89374256"><ele>454.82</ele><time>2024-08-31T15:12:02Z</time></trkpt><trkpt lat="43.22161865" lon="-4.89373827"><ele>454.83</ele><time>2024-08-31T15:12:03Z</time></trkpt><trkpt lat="43.22160721" lon="-4.89373350"><ele>454.84</ele><time>2024-08-31T15:12:04Z</time></trkpt><trkpt lat="43.22159958" lon="-4.89372969"><ele>454.86</ele><time>2024-08-31T15:12:05Z</time></trkpt><trkpt lat="43.22159195" lon="-4.89372635"><ele>454.88</ele><time>2024-08-31T15:12:06Z</time></trkpt><trkpt lat="43.22158051" lon="-4.89372396"><ele>454.90</ele><time>2024-08-31T15:12:07Z</time></trkpt><trkpt lat="43.22157288" lon="-4.89372206"><ele>454.92</ele><time>2024-08-31T15:12:08Z</time></trkpt><trkpt lat="43.22156143" lon="-4.89372063"><ele>454.95</ele><time>2024-08-31T15:12:09Z</time></trkpt><trkpt lat="43.22155380" lon="-4.89371920"><ele>454.98</ele><time>2024-08-31T15:12:10Z</time></trkpt><trkpt lat="43.22154236" lon="-4.89371824"><ele>455.01</ele><time>2024-08-31T15:12:11Z</time></trkpt><trkpt lat="43.22153473" lon="-4.89371729"><ele>455.04</ele><time>2024-08-31T15:12:12Z</time></trkpt><trkpt lat="43.22152328" lon="-4.89371634"><ele>455.07</ele><time>2024-08-31T15:12:13Z</time></trkpt><trkpt lat="43.22151184" lon="-4.89371538"><ele>455.10</ele><time>2024-08-31T15:12:14Z</time></trkpt><trkpt lat="43.22150421" lon="-4.89371490"><ele>455.14</ele><time>2024-08-31T15:12:15Z</time></trkpt><trkpt lat="43.22149277" lon="-4.89371395"><ele>455.17</ele><time>2024-08-31T15:12:16Z</time></trkpt><trkpt lat="43.22148132" lon="-4.89371347"><ele>455.21</ele><time>2024-08-31T15:12:17Z</time></trkpt><trkpt lat="43.22146988" lon="-4.89371300"><ele>455.25</ele><time>2024-08-31T15:12:18Z</time></trkpt><trkpt lat="43.22145844" lon="-4.89371252"><ele>455.29</ele><time>2024-08-31T15:12:19Z</time></trkpt><trkpt lat="43.22144699" lon="-4.89371443"><ele>455.32</ele><time>2024-08-31T15:12:20Z</time></trkpt><trkpt lat="43.22143555" lon="-4.89371777"><ele>455.35</ele><time>2024-08-31T15:12:21Z</time></trkpt><trkpt lat="43.22142029" lon="-4.89372253"><ele>455.37</ele><time>2024-08-31T15:12:22Z</time></trkpt><trkpt lat="43.22140884" lon="-4.89372778"><ele>455.39</ele><time>2024-08-31T15:12:23Z</time></trkpt><trkpt lat="43.22139359" lon="-4.89373398"><ele>455.40</ele><time>2024-08-31T15:12:24Z</time></trkpt><trkpt lat="43.22137833" lon="-4.89374113"><ele>455.42</ele><time>2024-08-31T15:12:25Z</time></trkpt><trkpt lat="43.22136688" lon="-4.89374876"><ele>455.43</ele><time>2024-08-31T15:12:26Z</time></trkpt><trkpt lat="43.22135162" lon="-4.89375734"><ele>455.45</ele><time>2024-08-31T15:12:27Z</time></trkpt><trkpt lat="43.22133636" lon="-4.89376593"><ele>455.46</ele><time>2024-08-31T15:12:28Z</time></trkpt><trkpt lat="43.22132111" lon="-4.89377499"><ele>455.48</ele><time>2024-08-31T15:12:29Z</time></trkpt><trkpt lat="43.22130585" lon="-4.89378452"><ele>455.49</ele><time>2024-08-31T15:12:30Z</time></trkpt><trkpt lat="43.22129059" lon="-4.89379454"><ele>455.51</ele><time>2024-08-31T15:12:31Z</time></trkpt><trkpt lat="43.22127533" lon="-4.89380455"><ele>455.53</ele><time>2024-08-31T15:12:32Z</time></trkpt><trkpt lat="43.22126007" lon="-4.89381456"><ele>455.55</ele><time>2024-08-31T15:12:33Z</time></trkpt><trkpt lat="43.22124481" lon="-4.89382505"><ele>455.57</ele><time>2024-08-31T15:12:34Z</time></trkpt><trkpt lat="43.22123337" lon="-4.89383411"><ele>455.58</ele><time>2024-08-31T15:12:35Z</time></trkpt><trkpt lat="43.22122192" lon="-4.89384127"><ele>455.60</ele><time>2024-08-31T15:12:36Z</time></trkpt><trkpt lat="43.22121429" lon="-4.89384794"><ele>455.61</ele><time>2024-08-31T15:12:37Z</time></trkpt><trkpt lat="43.22120667" lon="-4.89385653"><ele>455.63</ele><time>2024-08-31T15:12:38Z</time></trkpt><trkpt lat="43.22119904" lon="-4.89386606"><ele>455.64</ele><time>2024-08-31T15:12:39Z</time></trkpt><trkpt lat="43.22119141" lon="-4.89387655"><ele>455.66</ele><time>2024-08-31T15:12:40Z</time></trkpt><trkpt lat="43.22118759" lon="-4.89388752"><ele>455.68</ele><time>2024-08-31T15:12:41Z</time></trkpt><trkpt lat="43.22117996" lon="-4.89389944"><ele>455.69</ele><time>2024-08-31T15:12:42Z</time></trkpt><trkpt lat="43.22117615" lon="-4.89391136"><ele>455.71</ele><time>2024-08-31T15:12:43Z</time></trkpt><trkpt lat="43.22116852" lon="-4.89392328"><ele>455.72</ele><time>2024-08-31T15:12:44Z</time></trkpt><trkpt lat="43.22116470" lon="-4.89393568"><ele>455.73</ele><time>2024-08-31T15:12:45Z</time></trkpt><trkpt lat="43.22116089" lon="-4.89394808"><ele>455.75</ele><time>2024-08-31T15:12:46Z</time></trkpt><trkpt lat="43.22115326" lon="-4.89396048"><ele>455.76</ele><time>2024-08-31T15:12:47Z</time></trkpt><trkpt lat="43.22114944" lon="-4.89397287"><ele>455.77</ele><time>2024-08-31T15:12:48Z</time></trkpt><trkpt lat="43.22114563" lon="-4.89398527"><ele>455.78</ele><time>2024-08-31T15:12:49Z</time></trkpt><trkpt lat="43.22114182" lon="-4.89399719"><ele>455.79</ele><time>2024-08-31T15:12:50Z</time></trkpt><trkpt lat="43.22113800" lon="-4.89401007"><ele>455.80</ele><time>2024-08-31T15:12:51Z</time></trkpt><trkpt lat="43.22113419" lon="-4.89402342"><ele>455.81</ele><time>2024-08-31T15:12:52Z</time></trkpt><trkpt lat="43.22113037" lon="-4.89403677"><ele>455.82</ele><time>2024-08-31T15:12:53Z</time></trkpt><trkpt lat="43.22113037" lon="-4.89405012"><ele>455.83</ele><time>2024-08-31T15:12:54Z</time></trkpt><trkpt lat="43.22112656" lon="-4.89406395"><ele>455.84</ele><time>2024-08-31T15:12:55Z</time></trkpt><trkpt lat="43.22112274" lon="-4.89407825"><ele>455.85</ele><time>2024-08-31T15:12:56Z</time></trkpt><trkpt lat="43.22111893" lon="-4.89409256"><ele>455.85</ele><time>2024-08-31T15:12:57Z</time></trkpt><trkpt lat="43.22111511" lon="-4.89410686"><ele>455.86</ele><time>2024-08-31T15:12:58Z</time></trkpt><trkpt lat="43.22111511" lon="-4.89412165"><ele>455.87</ele><time>2024-08-31T15:12:59Z</time></trkpt><trkpt lat="43.22111130" lon="-4.89413691"><ele>455.88</ele><time>2024-08-31T15:13:00Z</time></trkpt><trkpt lat="43.22110748" lon="-4.89415216"><ele>455.88</ele><time>2024-08-31T15:13:01Z</time></trkpt><trkpt lat="43.22110748" lon="-4.89416742"><ele>455.89</ele><time>2024-08-31T15:13:02Z</time></trkpt><trkpt lat="43.22110367" lon="-4.89418268"><ele>455.90</ele><time>2024-08-31T15:13:03Z</time></trkpt><trkpt lat="43.22110367" lon="-4.89419889"><ele>455.90</ele><time>2024-08-31T15:13:04Z</time></trkpt><trkpt lat="43.22109985" lon="-4.89421463"><ele>455.91</ele><time>2024-08-31T15:13:05Z</time></trkpt><trkpt lat="43.22109985" lon="-4.89423084"><ele>455.92</ele><time>2024-08-31T15:13:06Z</time></trkpt><trkpt lat="43.22109604" lon="-4.89424753"><ele>455.93</ele><time>2024-08-31T15:13:07Z</time></trkpt><trkpt lat="43.22109222" lon="-4.89426422"><ele>455.94</ele><time>2024-08-31T15:13:08Z</time></trkpt><trkpt lat="43.22109222" lon="-4.89428091"><ele>455.95</ele><time>2024-08-31T15:13:09Z</time></trkpt><trkpt lat="43.22108841" lon="-4.89429808"><ele>455.96</ele><time>2024-08-31T15:13:10Z</time></trkpt><trkpt lat="43.22108459" lon="-4.89431524"><ele>455.97</ele><time>2024-08-31T15:13:11Z</time></trkpt><trkpt lat="43.22108459" lon="-4.89433241"><ele>455.99</ele><time>2024-08-31T15:13:12Z</time></trkpt><trkpt lat="43.22108078" lon="-4.89434958"><ele>456.00</ele><time>2024-08-31T15:13:13Z</time></trkpt><trkpt lat="43.22107697" lon="-4.89436674"><ele>456.01</ele><time>2024-08-31T15:13:14Z</time></trkpt><trkpt lat="43.22107315" lon="-4.89438391"><ele>456.02</ele><time>2024-08-31T15:13:15Z</time></trkpt><trkpt lat="43.22106934" lon="-4.89440060"><ele>456.03</ele><time>2024-08-31T15:13:16Z</time></trkpt><trkpt lat="43.22106552" lon="-4.89441729"><ele>456.05</ele><time>2024-08-31T15:13:17Z</time></trkpt><trkpt lat="43.22106171" lon="-4.89443398"><ele>456.06</ele><time>2024-08-31T15:13:18Z</time></trkpt><trkpt lat="43.22105789" lon="-4.89445019"><ele>456.07</ele><time>2024-08-31T15:13:19Z</time></trkpt><trkpt lat="43.22105408" lon="-4.89446688"><ele>456.09</ele><time>2024-08-31T15:13:20Z</time></trkpt><trkpt lat="43.22104645" lon="-4.89448309"><ele>456.10</ele><time>2024-08-31T15:13:21Z</time></trkpt><trkpt lat="43.22104263" lon="-4.89449930"><ele>456.11</ele><time>2024-08-31T15:13:22Z</time></trkpt><trkpt lat="43.22103500" lon="-4.89451551"><ele>456.13</ele><time>2024-08-31T15:13:23Z</time></trkpt><trkpt lat="43.22103119" lon="-4.89453173"><ele>456.14</ele><time>2024-08-31T15:13:24Z</time></trkpt><trkpt lat="43.22102737" lon="-4.89454794"><ele>456.15</ele><time>2024-08-31T15:13:25Z</time></trkpt><trkpt lat="43.22101974" lon="-4.89456367"><ele>456.17</ele><time>2024-08-31T15:13:26Z</time></trkpt><trkpt lat="43.22101593" lon="-4.89457989"><ele>456.18</ele><time>2024-08-31T15:13:27Z</time></trkpt><trkpt lat="43.22100830" lon="-4.89459562"><ele>456.20</ele><time>2024-08-31T15:13:28Z</time></trkpt><trkpt lat="43.22100067" lon="-4.89461184"><ele>456.21</ele><time>2024-08-31T15:13:29Z</time></trkpt><trkpt lat="43.22099686" lon="-4.89462805"><ele>456.22</ele><time>2024-08-31T15:13:30Z</time></trkpt><trkpt lat="43.22098923" lon="-4.89464426"><ele>456.24</ele><time>2024-08-31T15:13:31Z</time></trkpt><trkpt lat="43.22098541" lon="-4.89466047"><ele>456.25</ele><time>2024-08-31T15:13:32Z</time></trkpt><trkpt lat="43.22097778" lon="-4.89467716"><ele>456.27</ele><time>2024-08-31T15:13:33Z</time></trkpt><trkpt lat="43.22097015" lon="-4.89469385"><ele>456.28</ele><time>2024-08-31T15:13:34Z</time></trkpt><trkpt lat="43.22096634" lon="-4.89471054"><ele>456.30</ele><time>2024-08-31T15:13:35Z</time></trkpt><trkpt lat="43.22095871" lon="-4.89472723"><ele>456.31</ele><time>2024-08-31T15:13:36Z</time></trkpt><trkpt lat="43.22095108" lon="-4.89474392"><ele>456.32</ele><time>2024-08-31T15:13:37Z</time></trkpt><trkpt lat="43.22094727" lon="-4.89476109"><ele>456.34</ele><time>2024-08-31T15:13:38Z</time></trkpt><trkpt lat="43.22093964" lon="-4.89477777"><ele>456.35</ele><time>2024-08-31T15:13:39Z</time></trkpt><trkpt lat="43.22093201" lon="-4.89479446"><ele>456.36</ele><time>2024-08-31T15:13:40Z</time></trkpt><trkpt lat="43.22092438" lon="-4.89481163"><ele>456.37</ele><time>2024-08-31T15:13:41Z</time></trkpt><trkpt lat="43.22092056" lon="-4.89482880"><ele>456.39</ele><time>2024-08-31T15:13:42Z</time></trkpt><trkpt lat="43.22091293" lon="-4.89484596"><ele>456.40</ele><time>2024-08-31T15:13:43Z</time></trkpt><trkpt lat="43.22090530" lon="-4.89486313"><ele>456.41</ele><time>2024-08-31T15:13:44Z</time></trkpt><trkpt lat="43.22090149" lon="-4.89488029"><ele>456.42</ele><time>2024-08-31T15:13:45Z</time></trkpt><trkpt lat="43.22089386" lon="-4.89489746"><ele>456.44</ele><time>2024-08-31T15:13:46Z</time></trkpt><trkpt lat="43.22088623" lon="-4.89491463"><ele>456.45</ele><time>2024-08-31T15:13:47Z</time></trkpt><trkpt lat="43.22088242" lon="-4.89493227"><ele>456.46</ele><time>2024-08-31T15:13:48Z</time></trkpt><trkpt lat="43.22087479" lon="-4.89494944"><ele>456.47</ele><time>2024-08-31T15:13:49Z</time></trkpt><trkpt lat="43.22086716" lon="-4.89496660"><ele>456.48</ele><time>2024-08-31T15:13:50Z</time></trkpt><trkpt lat="43.22085953" lon="-4.89498377"><ele>456.50</ele><time>2024-08-31T15:13:51Z</time></trkpt><trkpt lat="43.22085571" lon="-4.89500093"><ele>456.51</ele><time>2024-08-31T15:13:52Z</time></trkpt><trkpt lat="43.22084808" lon="-4.89501715"><ele>456.52</ele><time>2024-08-31T15:13:53Z</time></trkpt><trkpt lat="43.22084045" lon="-4.89503336"><ele>456.53</ele><time>2024-08-31T15:13:54Z</time></trkpt><trkpt lat="43.22083282" lon="-4.89504862"><ele>456.54</ele><time>2024-08-31T15:13:55Z</time></trkpt><trkpt lat="43.22082520" lon="-4.89506388"><ele>456.55</ele><time>2024-08-31T15:13:56Z</time></trkpt><trkpt lat="43.22081757" lon="-4.89507866"><ele>456.56</ele><time>2024-08-31T15:13:57Z</time></trkpt><trkpt lat="43.22080612" lon="-4.89509249"><ele>456.57</ele><time>2024-08-31T15:13:58Z</time></trkpt><trkpt lat="43.22079849" lon="-4.89510536"><ele>456.56</ele><time>2024-08-31T15:13:59Z</time></trkpt><trkpt lat="43.22079086" lon="-4.89511728"><ele>456.55</ele><time>2024-08-31T15:14:00Z</time></trkpt><trkpt lat="43.22078323" lon="-4.89512873"><ele>456.53</ele><time>2024-08-31T15:14:01Z</time></trkpt><trkpt lat="43.22077560" lon="-4.89513922"><ele>456.51</ele><time>2024-08-31T15:14:02Z</time></trkpt><trkpt lat="43.22076797" lon="-4.89514923"><ele>456.49</ele><time>2024-08-31T15:14:03Z</time></trkpt><trkpt lat="43.22075653" lon="-4.89515877"><ele>456.46</ele><time>2024-08-31T15:14:04Z</time></trkpt><trkpt lat="43.22074890" lon="-4.89516973"><ele>456.45</ele><time>2024-08-31T15:14:05Z</time></trkpt><trkpt lat="43.22074127" lon="-4.89518213"><ele>456.44</ele><time>2024-08-31T15:14:06Z</time></trkpt><trkpt lat="43.22073364" lon="-4.89519501"><ele>456.44</ele><time>2024-08-31T15:14:07Z</time></trkpt><trkpt lat="43.22072601" lon="-4.89520836"><ele>456.44</ele><time>2024-08-31T15:14:08Z</time></trkpt><trkpt lat="43.22071838" lon="-4.89522171"><ele>456.44</ele><time>2024-08-31T15:14:09Z</time></trkpt><trkpt lat="43.22071075" lon="-4.89523506"><ele>456.44</ele><time>2024-08-31T15:14:10Z</time></trkpt><trkpt lat="43.22070312" lon="-4.89524889"><ele>456.44</ele><time>2024-08-31T15:14:11Z</time></trkpt><trkpt lat="43.22069550" lon="-4.89526272"><ele>456.44</ele><time>2024-08-31T15:14:12Z</time></trkpt><trkpt lat="43.22068787" lon="-4.89527702"><ele>456.44</ele><time>2024-08-31T15:14:13Z</time></trkpt><trkpt lat="43.22068024" lon="-4.89529133"><ele>456.45</ele><time>2024-08-31T15:14:14Z</time></trkpt><trkpt lat="43.22067261" lon="-4.89530563"><ele>456.46</ele><time>2024-08-31T15:14:15Z</time></trkpt><trkpt lat="43.22066498" lon="-4.89531994"><ele>456.47</ele><time>2024-08-31T15:14:16Z</time></trkpt><trkpt lat="43.22065735" lon="-4.89533472"><ele>456.48</ele><time>2024-08-31T15:14:17Z</time></trkpt><trkpt lat="43.22064972" lon="-4.89535046"><ele>456.49</ele><time>2024-08-31T15:14:18Z</time></trkpt><trkpt lat="43.22064590" lon="-4.89536667"><ele>456.50</ele><time>2024-08-31T15:14:19Z</time></trkpt><trkpt lat="43.22063828" lon="-4.89538288"><ele>456.51</ele><time>2024-08-31T15:14:20Z</time></trkpt><trkpt lat="43.22063446" lon="-4.89540005"><ele>456.52</ele><time>2024-08-31T15:14:21Z</time></trkpt><trkpt lat="43.22062683" lon="-4.89541721"><ele>456.53</ele><time>2024-08-31T15:14:22Z</time></trkpt><trkpt lat="43.22062302" lon="-4.89543390"><ele>456.54</ele><time>2024-08-31T15:14:23Z</time></trkpt><trkpt lat="43.22061920" lon="-4.89545107"><ele>456.55</ele><time>2024-08-31T15:14:24Z</time></trkpt><trkpt lat="43.22061539" lon="-4.89546776"><ele>456.55</ele><time>2024-08-31T15:14:25Z</time></trkpt><trkpt lat="43.22061157" lon="-4.89548397"><ele>456.56</ele><time>2024-08-31T15:14:26Z</time></trkpt><trkpt lat="43.22060776" lon="-4.89550018"><ele>456.56</ele><time>2024-08-31T15:14:27Z</time></trkpt><trkpt lat="43.22060394" lon="-4.89551592"><ele>456.57</ele><time>2024-08-31T15:14:28Z</time></trkpt><trkpt lat="43.22060394" lon="-4.89553165"><ele>456.57</ele><time>2024-08-31T15:14:29Z</time></trkpt><trkpt lat="43.22060013" lon="-4.89554739"><ele>456.58</ele><time>2024-08-31T15:14:30Z</time></trkpt><trkpt lat="43.22059631" lon="-4.89556217"><ele>456.58</ele><time>2024-08-31T15:14:31Z</time></trkpt><trkpt lat="43.22059250" lon="-4.89557695"><ele>456.59</ele><time>2024-08-31T15:14:32Z</time></trkpt><trkpt lat="43.22059250" lon="-4.89559126"><ele>456.59</ele><time>2024-08-31T15:14:33Z</time></trkpt><trkpt lat="43.22058868" lon="-4.89560556"><ele>456.60</ele><time>2024-08-31T15:14:34Z</time></trkpt><trkpt lat="43.22058487" lon="-4.89561987"><ele>456.61</ele><time>2024-08-31T15:14:35Z</time></trkpt><trkpt lat="43.22058487" lon="-4.89563417"><ele>456.62</ele><time>2024-08-31T15:14:36Z</time></trkpt><trkpt lat="43.22058105" lon="-4.89564848"><ele>456.63</ele><time>2024-08-31T15:14:37Z</time></trkpt><trkpt lat="43.22057724" lon="-4.89566278"><ele>456.64</ele><time>2024-08-31T15:14:38Z</time></trkpt><trkpt lat="43.22057724" lon="-4.89567757"><ele>456.65</ele><time>2024-08-31T15:14:39Z</time></trkpt><trkpt lat="43.22057343" lon="-4.89569187"><ele>456.66</ele><time>2024-08-31T15:14:40Z</time></trkpt><trkpt lat="43.22057343" lon="-4.89570618"><ele>456.68</ele><time>2024-08-31T15:14:41Z</time></trkpt><trkpt lat="43.22056961" lon="-4.89572048"><ele>456.69</ele><time>2024-08-31T15:14:42Z</time></trkpt><trkpt lat="43.22056580" lon="-4.89573479"><ele>456.71</ele><time>2024-08-31T15:14:43Z</time></trkpt><trkpt lat="43.22056580" lon="-4.89574909"><ele>456.72</ele><time>2024-08-31T15:14:44Z</time></trkpt><trkpt lat="43.22056198" lon="-4.89576340"><ele>456.74</ele><time>2024-08-31T15:14:45Z</time></trkpt><trkpt lat="43.22055817" lon="-4.89577770"><ele>456.76</ele><time>2024-08-31T15:14:46Z</time></trkpt><trkpt lat="43.22055435" lon="-4.89579201"><ele>456.78</ele><time>2024-08-31T15:14:47Z</time></trkpt><trkpt lat="43.22055054" lon="-4.89580631"><ele>456.80</ele><time>2024-08-31T15:14:48Z</time></trkpt><trkpt lat="43.22054672" lon="-4.89582014"><ele>456.81</ele><time>2024-08-31T15:14:49Z</time></trkpt><trkpt lat="43.22054291" lon="-4.89583397"><ele>456.83</ele><time>2024-08-31T15:14:50Z</time></trkpt><trkpt lat="43.22053909" lon="-4.89584780"><ele>456.85</ele><time>2024-08-31T15:14:51Z</time></trkpt><trkpt lat="43.22053528" lon="-4.89586067"><ele>456.86</ele><time>2024-08-31T15:14:52Z</time></trkpt><trkpt lat="43.22052765" lon="-4.89587355"><ele>456.87</ele><time>2024-08-31T15:14:53Z</time></trkpt><trkpt lat="43.22052383" lon="-4.89588642"><ele>456.89</ele><time>2024-08-31T15:14:54Z</time></trkpt><trkpt lat="43.22052002" lon="-4.89589930"><ele>456.90</ele><time>2024-08-31T15:14:55Z</time></trkpt><trkpt lat="43.22051239" lon="-4.89591265"><ele>456.91</ele><time>2024-08-31T15:14:56Z</time></trkpt><trkpt lat="43.22050858" lon="-4.89592648"><ele>456.92</ele><time>2024-08-31T15:14:57Z</time></trkpt><trkpt lat="43.22050095" lon="-4.89593983"><ele>456.93</ele><time>2024-08-31T15:14:58Z</time></trkpt><trkpt lat="43.22049713" lon="-4.89595366"><ele>456.94</ele><time>2024-08-31T15:14:59Z</time></trkpt><trkpt lat="43.22049332" lon="-4.89596701"><ele>456.95</ele><time>2024-08-31T15:15:00Z</time></trkpt><trkpt lat="43.22048569" lon="-4.89598083"><ele>456.96</ele><time>2024-08-31T15:15:01Z</time></trkpt><trkpt lat="43.22048187" lon="-4.89599419"><ele>456.97</ele><time>2024-08-31T15:15:02Z</time></trkpt><trkpt lat="43.22047424" lon="-4.89600754"><ele>456.98</ele><time>2024-08-31T15:15:03Z</time></trkpt><trkpt lat="43.22047043" lon="-4.89602089"><ele>456.98</ele><time>2024-08-31T15:15:04Z</time></trkpt><trkpt lat="43.22046661" lon="-4.89603472"><ele>456.99</ele><time>2024-08-31T15:15:05Z</time></trkpt><trkpt lat="43.22045898" lon="-4.89604807"><ele>457.00</ele><time>2024-08-31T15:15:06Z</time></trkpt><trkpt lat="43.22045517" lon="-4.89606142"><ele>457.00</ele><time>2024-08-31T15:15:07Z</time></trkpt><trkpt lat="43.22044754" lon="-4.89607430"><ele>457.01</ele><time>2024-08-31T15:15:08Z</time></trkpt><trkpt lat="43.22044373" lon="-4.89608765"><ele>457.02</ele><time>2024-08-31T15:15:09Z</time></trkpt><trkpt lat="43.22043991" lon="-4.89610004"><ele>457.02</ele><time>2024-08-31T15:15:10Z</time></trkpt><trkpt lat="43.22043228" lon="-4.89611197"><ele>457.03</ele><time>2024-08-31T15:15:11Z</time></trkpt><trkpt lat="43.22042847" lon="-4.89612341"><ele>457.04</ele><time>2024-08-31T15:15:12Z</time></trkpt><trkpt lat="43.22042465" lon="-4.89613485"><ele>457.04</ele><time>2024-08-31T15:15:13Z</time></trkpt><trkpt lat="43.22041702" lon="-4.89614582"><ele>457.05</ele><time>2024-08-31T15:15:14Z</time></trkpt><trkpt lat="43.22041321" lon="-4.89615631"><ele>457.06</ele><time>2024-08-31T15:15:15Z</time></trkpt><trkpt lat="43.22040558" lon="-4.89616680"><ele>457.06</ele><time>2024-08-31T15:15:16Z</time></trkpt><trkpt lat="43.22040176" lon="-4.89617729"><ele>457.07</ele><time>2024-08-31T15:15:17Z</time></trkpt><trkpt lat="43.22039795" lon="-4.89618683"><ele>457.07</ele><time>2024-08-31T15:15:18Z</time></trkpt><trkpt lat="43.22039032" lon="-4.89619684"><ele>457.08</ele><time>2024-08-31T15:15:19Z</time></trkpt><trkpt lat="43.22038651" lon="-4.89620638"><ele>457.09</ele><time>2024-08-31T15:15:20Z</time></trkpt><trkpt lat="43.22038269" lon="-4.89621592"><ele>457.09</ele><time>2024-08-31T15:15:21Z</time></trkpt><trkpt lat="43.22037506" lon="-4.89622450"><ele>457.10</ele><time>2024-08-31T15:15:22Z</time></trkpt><trkpt lat="43.22037125" lon="-4.89623260"><ele>457.10</ele><time>2024-08-31T15:15:23Z</time></trkpt><trkpt lat="43.22036362" lon="-4.89624071"><ele>457.11</ele><time>2024-08-31T15:15:24Z</time></trkpt><trkpt lat="43.22035980" lon="-4.89624786"><ele>457.11</ele><time>2024-08-31T15:15:25Z</time></trkpt><trkpt lat="43.22035217" lon="-4.89625454"><ele>457.12</ele><time>2024-08-31T15:15:26Z</time></trkpt><trkpt lat="43.22034836" lon="-4.89626074"><ele>457.12</ele><time>2024-08-31T15:15:27Z</time></trkpt><trkpt lat="43.22034073" lon="-4.89626646"><ele>457.13</ele><time>2024-08-31T15:15:28Z</time></trkpt><trkpt lat="43.22033691" lon="-4.89627218"><ele>457.13</ele><time>2024-08-31T15:15:29Z</time></trkpt><trkpt lat="43.22032928" lon="-4.89627743"><ele>457.14</ele><time>2024-08-31T15:15:30Z</time></trkpt><trkpt lat="43.22032547" lon="-4.89628267"><ele>457.14</ele><time>2024-08-31T15:15:31Z</time></trkpt><trkpt lat="43.22031784" lon="-4.89628696"><ele>457.15</ele><time>2024-08-31T15:15:32Z</time></trkpt><trkpt lat="43.22031403" lon="-4.89629126"><ele>457.15</ele><time>2024-08-31T15:15:33Z</time></trkpt><trkpt lat="43.22030640" lon="-4.89629555"><ele>457.16</ele><time>2024-08-31T15:15:34Z</time></trkpt><trkpt lat="43.22030258" lon="-4.89629936"><ele>457.17</ele><time>2024-08-31T15:15:35Z</time></trkpt><trkpt lat="43.22029495" lon="-4.89630318"><ele>457.17</ele><time>2024-08-31T15:15:36Z</time></trkpt><trkpt lat="43.22029114" lon="-4.89630699"><ele>457.18</ele><time>2024-08-31T15:15:37Z</time></trkpt><trkpt lat="43.22028351" lon="-4.89631081"><ele>457.18</ele><time>2024-08-31T15:15:38Z</time></trkpt><trkpt lat="43.22027969" lon="-4.89631414"><ele>457.19</ele><time>2024-08-31T15:15:39Z</time></trkpt><trkpt lat="43.22027588" lon="-4.89631748"><ele>457.20</ele><time>2024-08-31T15:15:40Z</time></trkpt><trkpt lat="43.22026825" lon="-4.89632082"><ele>457.20</ele><time>2024-08-31T15:15:41Z</time></trkpt><trkpt lat="43.22026443" lon="-4.89632368"><ele>457.21</ele><time>2024-08-31T15:15:42Z</time></trkpt><trkpt lat="43.22025681" lon="-4.89632702"><ele>457.21</ele><time>2024-08-31T15:15:43Z</time></trkpt><trkpt lat="43.22025299" lon="-4.89632988"><ele>457.22</ele><time>2024-08-31T15:15:44Z</time></trkpt><trkpt lat="43.22024918" lon="-4.89633322"><ele>457.23</ele><time>2024-08-31T15:15:45Z</time></trkpt><trkpt lat="43.22024155" lon="-4.89633608"><ele>457.23</ele><time>2024-08-31T15:15:46Z</time></trkpt><trkpt lat="43.22023773" lon="-4.89633894"><ele>457.24</ele><time>2024-08-31T15:15:47Z</time></trkpt><trkpt lat="43.22023392" lon="-4.89634180"><ele>457.25</ele><time>2024-08-31T15:15:48Z</time></trkpt><trkpt lat="43.22022629" lon="-4.89634466"><ele>457.25</ele><time>2024-08-31T15:15:49Z</time></trkpt><trkpt lat="43.22022247" lon="-4.89634705"><ele>457.26</ele><time>2024-08-31T15:15:50Z</time></trkpt><trkpt lat="43.22021866" lon="-4.89634991"><ele>457.27</ele><time>2024-08-31T15:15:51Z</time></trkpt><trkpt lat="43.22021484" lon="-4.89635420"><ele>457.27</ele><time>2024-08-31T15:15:52Z</time></trkpt><trkpt lat="43.22021103" lon="-4.89635992"><ele>457.28</ele><time>2024-08-31T15:15:53Z</time></trkpt><trkpt lat="43.22020721" lon="-4.89636660"><ele>457.28</ele><time>2024-08-31T15:15:54Z</time></trkpt><trkpt lat="43.22020340" lon="-4.89637375"><ele>457.29</ele><time>2024-08-31T15:15:55Z</time></trkpt><trkpt lat="43.22019958" lon="-4.89638186"><ele>457.29</ele><time>2024-08-31T15:15:56Z</time></trkpt><trkpt lat="43.22019577" lon="-4.89639091"><ele>457.30</ele><time>2024-08-31T15:15:57Z</time></trkpt><trkpt lat="43.22019196" lon="-4.89639997"><ele>457.30</ele><time>2024-08-31T15:15:58Z</time></trkpt><trkpt lat="43.22018814" lon="-4.89640951"><ele>457.31</ele><time>2024-08-31T15:15:59Z</time></trkpt><trkpt lat="43.22018433" lon="-4.89641953"><ele>457.31</ele><time>2024-08-31T15:16:00Z</time></trkpt><trkpt lat="43.22018433" lon="-4.89643002"><ele>457.32</ele><time>2024-08-31T15:16:01Z</time></trkpt><trkpt lat="43.22018051" lon="-4.89644051"><ele>457.32</ele><time>2024-08-31T15:16:02Z</time></trkpt><trkpt lat="43.22017670" lon="-4.89645195"><ele>457.32</ele><time>2024-08-31T15:16:03Z</time></trkpt><trkpt lat="43.22017288" lon="-4.89646292"><ele>457.33</ele><time>2024-08-31T15:16:04Z</time></trkpt><trkpt lat="43.22017288" lon="-4.89647484"><ele>457.33</ele><time>2024-08-31T15:16:05Z</time></trkpt><trkpt lat="43.22016907" lon="-4.89648628"><ele>457.33</ele><time>2024-08-31T15:16:06Z</time></trkpt><trkpt lat="43.22016907" lon="-4.89649868"><ele>457.33</ele><time>2024-08-31T15:16:07Z</time></trkpt><trkpt lat="43.22016525" lon="-4.89651060"><ele>457.33</ele><time>2024-08-31T15:16:08Z</time></trkpt><trkpt lat="43.22016525" lon="-4.89652300"><ele>457.33</ele><time>2024-08-31T15:16:09Z</time></trkpt><trkpt lat="43.22016144" lon="-4.89653587"><ele>457.34</ele><time>2024-08-31T15:16:10Z</time></trkpt><trkpt lat="43.22015762" lon="-4.89654875"><ele>457.34</ele><time>2024-08-31T15:16:11Z</time></trkpt><trkpt lat="43.22015762" lon="-4.89656162"><ele>457.34</ele><time>2024-08-31T15:16:12Z</time></trkpt><trkpt lat="43.22015762" lon="-4.89657497"><ele>457.34</ele><time>2024-08-31T15:16:13Z</time></trkpt><trkpt lat="43.22015381" lon="-4.89658833"><ele>457.34</ele><time>2024-08-31T15:16:14Z</time></trkpt><trkpt lat="43.22015381" lon="-4.89660215"><ele>457.34</ele><time>2024-08-31T15:16:15Z</time></trkpt><trkpt lat="43.22014999" lon="-4.89661598"><ele>457.34</ele><time>2024-08-31T15:16:16Z</time></trkpt><trkpt lat="43.22014999" lon="-4.89662981"><ele>457.34</ele><time>2024-08-31T15:16:17Z</time></trkpt><trkpt lat="43.22014999" lon="-4.89664412"><ele>457.34</ele><time>2024-08-31T15:16:18Z</time></trkpt><trkpt lat="43.22014618" lon="-4.89665890"><ele>457.34</ele><time>2024-08-31T15:16:19Z</time></trkpt><trkpt lat="43.22014618" lon="-4.89667320"><ele>457.34</ele><time>2024-08-31T15:16:20Z</time></trkpt><trkpt lat="43.22014618" lon="-4.89668798"><ele>457.34</ele><time>2024-08-31T15:16:21Z</time></trkpt><trkpt lat="43.22014618" lon="-4.89670324"><ele>457.34</ele><time>2024-08-31T15:16:22Z</time></trkpt><trkpt lat="43.22014236" lon="-4.89671803"><ele>457.34</ele><time>2024-08-31T15:16:23Z</time></trkpt><trkpt lat="43.22014236" lon="-4.89673376"><ele>457.34</ele><time>2024-08-31T15:16:24Z</time></trkpt><trkpt lat="43.22014236" lon="-4.89674902"><ele>457.34</ele><time>2024-08-31T15:16:25Z</time></trkpt><trkpt lat="43.22014236" lon="-4.89676476"><ele>457.34</ele><time>2024-08-31T15:16:26Z</time></trkpt><trkpt lat="43.22014236" lon="-4.89678097"><ele>457.34</ele><time>2024-08-31T15:16:27Z</time></trkpt><trkpt lat="43.22014236" lon="-4.89679670"><ele>457.34</ele><time>2024-08-31T15:16:28Z</time></trkpt><trkpt lat="43.22013855" lon="-4.89681292"><ele>457.34</ele><time>2024-08-31T15:16:29Z</time></trkpt><trkpt lat="43.22013855" lon="-4.89682961"><ele>457.34</ele><time>2024-08-31T15:16:30Z</time></trkpt><trkpt lat="43.22013855" lon="-4.89684629"><ele>457.34</ele><time>2024-08-31T15:16:31Z</time></trkpt><trkpt lat="43.22013855" lon="-4.89686298"><ele>457.34</ele><time>2024-08-31T15:16:32Z</time></trkpt><trkpt lat="43.22013855" lon="-4.89687967"><ele>457.34</ele><time>2024-08-31T15:16:33Z</time></trkpt><trkpt lat="43.22013855" lon="-4.89689684"><ele>457.34</ele><time>2024-08-31T15:16:34Z</time></trkpt><trkpt lat="43.22013855" lon="-4.89691401"><ele>457.34</ele><time>2024-08-31T15:16:35Z</time></trkpt><trkpt lat="43.22013855" lon="-4.89693165"><ele>457.34</ele><time>2024-08-31T15:16:36Z</time></trkpt><trkpt lat="43.22013855" lon="-4.89694881"><ele>457.34</ele><time>2024-08-31T15:16:37Z</time></trkpt><trkpt lat="43.22013855" lon="-4.89696693"><ele>457.34</ele><time>2024-08-31T15:16:38Z</time></trkpt><trkpt lat="43.22014236" lon="-4.89698458"><ele>457.34</ele><time>2024-08-31T15:16:39Z</time></trkpt><trkpt lat="43.22014236" lon="-4.89700270"><ele>457.34</ele><time>2024-08-31T15:16:40Z</time></trkpt><trkpt lat="43.22014236" lon="-4.89702082"><ele>457.35</ele><time>2024-08-31T15:16:41Z</time></trkpt><trkpt lat="43.22014236" lon="-4.89703608"><ele>457.34</ele><time>2024-08-31T15:16:42Z</time></trkpt><trkpt lat="43.22013855" lon="-4.89704847"><ele>457.34</ele><time>2024-08-31T15:16:43Z</time></trkpt><trkpt lat="43.22013092" lon="-4.89705849"><ele>457.35</ele><time>2024-08-31T15:16:44Z</time></trkpt><trkpt lat="43.22012329" lon="-4.89706707"><ele>457.35</ele><time>2024-08-31T15:16:45Z</time></trkpt><trkpt lat="43.22011566" lon="-4.89707565"><ele>457.35</ele><time>2024-08-31T15:16:46Z</time></trkpt><trkpt lat="43.22011185" lon="-4.89708471"><ele>457.36</ele><time>2024-08-31T15:16:47Z</time></trkpt><trkpt lat="43.22010422" lon="-4.89709330"><ele>457.36</ele><time>2024-08-31T15:16:48Z</time></trkpt><trkpt lat="43.22009659" lon="-4.89710188"><ele>457.36</ele><time>2024-08-31T15:16:49Z</time></trkpt><trkpt lat="43.22008896" lon="-4.89711046"><ele>457.36</ele><time>2024-08-31T15:16:50Z</time></trkpt><trkpt lat="43.22008133" lon="-4.89711905"><ele>457.36</ele><time>2024-08-31T15:16:51Z</time></trkpt><trkpt lat="43.22007370" lon="-4.89712811"><ele>457.35</ele><time>2024-08-31T15:16:52Z</time></trkpt><trkpt lat="43.22006989" lon="-4.89713764"><ele>457.35</ele><time>2024-08-31T15:16:53Z</time></trkpt><trkpt lat="43.22006226" lon="-4.89714718"><ele>457.35</ele><time>2024-08-31T15:16:54Z</time></trkpt><trkpt lat="43.22005463" lon="-4.89715767"><ele>457.35</ele><time>2024-08-31T15:16:55Z</time></trkpt><trkpt lat="43.22005081" lon="-4.89716816"><ele>457.35</ele><time>2024-08-31T15:16:56Z</time></trkpt><trkpt lat="43.22004700" lon="-4.89717865"><ele>457.35</ele><time>2024-08-31T15:16:57Z</time></trkpt><trkpt lat="43.22004318" lon="-4.89719009"><ele>457.36</ele><time>2024-08-31T15:16:58Z</time></trkpt><trkpt lat="43.22003937" lon="-4.89720106"><ele>457.36</ele><time>2024-08-31T15:16:59Z</time></trkpt><trkpt lat="43.22003555" lon="-4.89721251"><ele>457.37</ele><time>2024-08-31T15:17:00Z</time></trkpt><trkpt lat="43.22003174" lon="-4.89722443"><ele>457.38</ele><time>2024-08-31T15:17:01Z</time></trkpt><trkpt lat="43.22002411" lon="-4.89723635"><ele>457.40</ele><time>2024-08-31T15:17:02Z</time></trkpt><trkpt lat="43.22002029" lon="-4.89724684"><ele>457.41</ele><time>2024-08-31T15:17:03Z</time></trkpt><trkpt lat="43.22001266" lon="-4.89725685"><ele>457.42</ele><time>2024-08-31T15:17:04Z</time></trkpt><trkpt lat="43.22000504" lon="-4.89726734"><ele>457.44</ele><time>2024-08-31T15:17:05Z</time></trkpt><trkpt lat="43.21999741" lon="-4.89727688"><ele>457.45</ele><time>2024-08-31T15:17:06Z</time></trkpt><trkpt lat="43.21998978" lon="-4.89728642"><ele>457.46</ele><time>2024-08-31T15:17:07Z</time></trkpt><trkpt lat="43.21997833" lon="-4.89729595"><ele>457.47</ele><time>2024-08-31T15:17:08Z</time></trkpt><trkpt lat="43.21997070" lon="-4.89730549"><ele>457.48</ele><time>2024-08-31T15:17:09Z</time></trkpt><trkpt lat="43.21995926" lon="-4.89731550"><ele>457.49</ele><time>2024-08-31T15:17:10Z</time></trkpt><trkpt lat="43.21995163" lon="-4.89732552"><ele>457.50</ele><time>2024-08-31T15:17:11Z</time></trkpt><trkpt lat="43.21994019" lon="-4.89733601"><ele>457.51</ele><time>2024-08-31T15:17:12Z</time></trkpt><trkpt lat="43.21993256" lon="-4.89734745"><ele>457.52</ele><time>2024-08-31T15:17:13Z</time></trkpt><trkpt lat="43.21992111" lon="-4.89735889"><ele>457.53</ele><time>2024-08-31T15:17:14Z</time></trkpt><trkpt lat="43.21991348" lon="-4.89737082"><ele>457.53</ele><time>2024-08-31T15:17:15Z</time></trkpt><trkpt lat="43.21990585" lon="-4.89738274"><ele>457.54</ele><time>2024-08-31T15:17:16Z</time></trkpt><trkpt lat="43.21989822" lon="-4.89739418"><ele>457.54</ele><time>2024-08-31T15:17:17Z</time></trkpt><trkpt lat="43.21989059" lon="-4.89740562"><ele>457.55</ele><time>2024-08-31T15:17:18Z</time></trkpt><trkpt lat="43.21988297" lon="-4.89741707"><ele>457.55</ele><time>2024-08-31T15:17:19Z</time></trkpt><trkpt lat="43.21987534" lon="-4.89742851"><ele>457.55</ele><time>2024-08-31T15:17:20Z</time></trkpt><trkpt lat="43.21986389" lon="-4.89743996"><ele>457.56</ele><time>2024-08-31T15:17:21Z</time></trkpt><trkpt lat="43.21985626" lon="-4.89745140"><ele>457.56</ele><time>2024-08-31T15:17:22Z</time></trkpt><trkpt lat="43.21984863" lon="-4.89746284"><ele>457.56</ele><time>2024-08-31T15:17:23Z</time></trkpt><trkpt lat="43.21983719" lon="-4.89747429"><ele>457.56</ele><time>2024-08-31T15:17:24Z</time></trkpt><trkpt lat="43.21982956" lon="-4.89748573"><ele>457.56</ele><time>2024-08-31T15:17:25Z</time></trkpt><trkpt lat="43.21982193" lon="-4.89749765"><ele>457.57</ele><time>2024-08-31T15:17:26Z</time></trkpt><trkpt lat="43.21981049" lon="-4.89750910"><ele>457.57</ele><time>2024-08-31T15:17:27Z</time></trkpt><trkpt lat="43.21979904" lon="-4.89752054"><ele>457.57</ele><time>2024-08-31T15:17:28Z</time></trkpt><trkpt lat="43.21978760" lon="-4.89753246"><ele>457.58</ele><time>2024-08-31T15:17:29Z</time></trkpt><trkpt lat="43.21977615" lon="-4.89754534"><ele>457.58</ele><time>2024-08-31T15:17:30Z</time></trkpt><trkpt lat="43.21976471" lon="-4.89755964"><ele>457.59</ele><time>2024-08-31T15:17:31Z</time></trkpt><trkpt lat="43.21975327" lon="-4.89757442"><ele>457.60</ele><time>2024-08-31T15:17:32Z</time></trkpt><trkpt lat="43.21974182" lon="-4.89758968"><ele>457.61</ele><time>2024-08-31T15:17:33Z</time></trkpt><trkpt lat="43.21973038" lon="-4.89760542"><ele>457.62</ele><time>2024-08-31T15:17:34Z</time></trkpt><trkpt lat="43.21972275" lon="-4.89762068"><ele>457.62</ele><time>2024-08-31T15:17:35Z</time></trkpt><trkpt lat="43.21971130" lon="-4.89763546"><ele>457.63</ele><time>2024-08-31T15:17:36Z</time></trkpt><trkpt lat="43.21969986" lon="-4.89764977"><ele>457.64</ele><time>2024-08-31T15:17:37Z</time></trkpt><trkpt lat="43.21968842" lon="-4.89766359"><ele>457.65</ele><time>2024-08-31T15:17:38Z</time></trkpt><trkpt lat="43.21967697" lon="-4.89767694"><ele>457.66</ele><time>2024-08-31T15:17:39Z</time></trkpt><trkpt lat="43.21966553" lon="-4.89769030"><ele>457.67</ele><time>2024-08-31T15:17:40Z</time></trkpt><trkpt lat="43.21965408" lon="-4.89770365"><ele>457.68</ele><time>2024-08-31T15:17:41Z</time></trkpt><trkpt lat="43.21964645" lon="-4.89771700"><ele>457.70</ele><time>2024-08-31T15:17:42Z</time></trkpt><trkpt lat="43.21963501" lon="-4.89772987"><ele>457.71</ele><time>2024-08-31T15:17:43Z</time></trkpt><trkpt lat="43.21962357" lon="-4.89774323"><ele>457.72</ele><time>2024-08-31T15:17:44Z</time></trkpt><trkpt lat="43.21961212" lon="-4.89775658"><ele>457.74</ele><time>2024-08-31T15:17:45Z</time></trkpt><trkpt lat="43.21960449" lon="-4.89776945"><ele>457.75</ele><time>2024-08-31T15:17:46Z</time></trkpt><trkpt lat="43.21959305" lon="-4.89778233"><ele>457.77</ele><time>2024-08-31T15:17:47Z</time></trkpt><trkpt lat="43.21958160" lon="-4.89779568"><ele>457.79</ele><time>2024-08-31T15:17:48Z</time></trkpt><trkpt lat="43.21957016" lon="-4.89780807"><ele>457.80</ele><time>2024-08-31T15:17:49Z</time></trkpt><trkpt lat="43.21956253" lon="-4.89782095"><ele>457.82</ele><time>2024-08-31T15:17:50Z</time></trkpt><trkpt lat="43.21955109" lon="-4.89783382"><ele>457.84</ele><time>2024-08-31T15:17:51Z</time></trkpt><trkpt lat="43.21953964" lon="-4.89784622"><ele>457.86</ele><time>2024-08-31T15:17:52Z</time></trkpt><trkpt lat="43.21952820" lon="-4.89785862"><ele>457.88</ele><time>2024-08-31T15:17:53Z</time></trkpt><trkpt lat="43.21952057" lon="-4.89787102"><ele>457.90</ele><time>2024-08-31T15:17:54Z</time></trkpt><trkpt lat="43.21950912" lon="-4.89788342"><ele>457.92</ele><time>2024-08-31T15:17:55Z</time></trkpt><trkpt lat="43.21949768" lon="-4.89789534"><ele>457.94</ele><time>2024-08-31T15:17:56Z</time></trkpt><trkpt lat="43.21948624" lon="-4.89790726"><ele>457.96</ele><time>2024-08-31T15:17:57Z</time></trkpt><trkpt lat="43.21947479" lon="-4.89791918"><ele>457.98</ele><time>2024-08-31T15:17:58Z</time></trkpt><trkpt lat="43.21946716" lon="-4.89793062"><ele>458.00</ele><time>2024-08-31T15:17:59Z</time></trkpt><trkpt lat="43.21945572" lon="-4.89794207"><ele>458.01</ele><time>2024-08-31T15:18:00Z</time></trkpt><trkpt lat="43.21944427" lon="-4.89795303"><ele>458.03</ele><time>2024-08-31T15:18:01Z</time></trkpt><trkpt lat="43.21943283" lon="-4.89796400"><ele>458.04</ele><time>2024-08-31T15:18:02Z</time></trkpt><trkpt lat="43.21942139" lon="-4.89797497"><ele>458.05</ele><time>2024-08-31T15:18:03Z</time></trkpt><trkpt lat="43.21940994" lon="-4.89798546"><ele>458.07</ele><time>2024-08-31T15:18:04Z</time></trkpt><trkpt lat="43.21939850" lon="-4.89799595"><ele>458.08</ele><time>2024-08-31T15:18:05Z</time></trkpt><trkpt lat="43.21939087" lon="-4.89800596"><ele>458.09</ele><time>2024-08-31T15:18:06Z</time></trkpt><trkpt lat="43.21937943" lon="-4.89801550"><ele>458.10</ele><time>2024-08-31T15:18:07Z</time></trkpt><trkpt lat="43.21936798" lon="-4.89802551"><ele>458.10</ele><time>2024-08-31T15:18:08Z</time></trkpt><trkpt lat="43.21935654" lon="-4.89803457"><ele>458.11</ele><time>2024-08-31T15:18:09Z</time></trkpt><trkpt lat="43.21934509" lon="-4.89804363"><ele>458.12</ele><time>2024-08-31T15:18:10Z</time></trkpt><trkpt lat="43.21933746" lon="-4.89805269"><ele>458.12</ele><time>2024-08-31T15:18:11Z</time></trkpt><trkpt lat="43.21932602" lon="-4.89806128"><ele>458.13</ele><time>2024-08-31T15:18:12Z</time></trkpt><trkpt lat="43.21931458" lon="-4.89806986"><ele>458.13</ele><time>2024-08-31T15:18:13Z</time></trkpt><trkpt lat="43.21930313" lon="-4.89807796"><ele>458.14</ele><time>2024-08-31T15:18:14Z</time></trkpt><trkpt lat="43.21929169" lon="-4.89808655"><ele>458.14</ele><time>2024-08-31T15:18:15Z</time></trkpt><trkpt lat="43.21928406" lon="-4.89809418"><ele>458.15</ele><time>2024-08-31T15:18:16Z</time></trkpt><trkpt lat="43.21927261" lon="-4.89810228"><ele>458.15</ele><time>2024-08-31T15:18:17Z</time></trkpt><trkpt lat="43.21926117" lon="-4.89810991"><ele>458.15</ele><time>2024-08-31T15:18:18Z</time></trkpt><trkpt lat="43.21925354" lon="-4.89811754"><ele>458.16</ele><time>2024-08-31T15:18:19Z</time></trkpt><trkpt lat="43.21924210" lon="-4.89812517"><ele>458.16</ele><time>2024-08-31T15:18:20Z</time></trkpt><trkpt lat="43.21923447" lon="-4.89813232"><ele>458.16</ele><time>2024-08-31T15:18:21Z</time></trkpt><trkpt lat="43.21922302" lon="-4.89813995"><ele>458.16</ele><time>2024-08-31T15:18:22Z</time></trkpt><trkpt lat="43.21921158" lon="-4.89814711"><ele>458.16</ele><time>2024-08-31T15:18:23Z</time></trkpt><trkpt lat="43.21920395" lon="-4.89815426"><ele>458.16</ele><time>2024-08-31T15:18:24Z</time></trkpt><trkpt lat="43.21919250" lon="-4.89816093"><ele>458.17</ele><time>2024-08-31T15:18:25Z</time></trkpt><trkpt lat="43.21918488" lon="-4.89816809"><ele>458.17</ele><time>2024-08-31T15:18:26Z</time></trkpt><trkpt lat="43.21917343" lon="-4.89817476"><ele>458.17</ele><time>2024-08-31T15:18:27Z</time></trkpt><trkpt lat="43.21916580" lon="-4.89818192"><ele>458.17</ele><time>2024-08-31T15:18:28Z</time></trkpt><trkpt lat="43.21915436" lon="-4.89818859"><ele>458.17</ele><time>2024-08-31T15:18:29Z</time></trkpt><trkpt lat="43.21914673" lon="-4.89819527"><ele>458.17</ele><time>2024-08-31T15:18:30Z</time></trkpt><trkpt lat="43.21913528" lon="-4.89820194"><ele>458.18</ele><time>2024-08-31T15:18:31Z</time></trkpt><trkpt lat="43.21912766" lon="-4.89820814"><ele>458.18</ele><time>2024-08-31T15:18:32Z</time></trkpt><trkpt lat="43.21911621" lon="-4.89821482"><ele>458.18</ele><time>2024-08-31T15:18:33Z</time></trkpt><trkpt lat="43.21910858" lon="-4.89822149"><ele>458.18</ele><time>2024-08-31T15:18:34Z</time></trkpt><trkpt lat="43.21909714" lon="-4.89822769"><ele>458.18</ele><time>2024-08-31T15:18:35Z</time></trkpt><trkpt lat="43.21908951" lon="-4.89823437"><ele>458.19</ele><time>2024-08-31T15:18:36Z</time></trkpt><trkpt lat="43.21908188" lon="-4.89824009"><ele>458.19</ele><time>2024-08-31T15:18:37Z</time></trkpt><trkpt lat="43.21907043" lon="-4.89824533"><ele>458.19</ele><time>2024-08-31T15:18:38Z</time></trkpt><trkpt lat="43.21905899" lon="-4.89824963"><ele>458.19</ele><time>2024-08-31T15:18:39Z</time></trkpt><trkpt lat="43.21905136" lon="-4.89825392"><ele>458.19</ele><time>2024-08-31T15:18:40Z</time></trkpt><trkpt lat="43.21903992" lon="-4.89825726"><ele>458.20</ele><time>2024-08-31T15:18:41Z</time></trkpt><trkpt lat="43.21902847" lon="-4.89826059"><ele>458.20</ele><time>2024-08-31T15:18:42Z</time></trkpt><trkpt lat="43.21901703" lon="-4.89826393"><ele>458.20</ele><time>2024-08-31T15:18:43Z</time></trkpt><trkpt lat="43.21900940" lon="-4.89826727"><ele>458.21</ele><time>2024-08-31T15:18:44Z</time></trkpt><trkpt lat="43.21899796" lon="-4.89827061"><ele>458.22</ele><time>2024-08-31T15:18:45Z</time></trkpt><trkpt lat="43.21899033" lon="-4.89827394"><ele>458.23</ele><time>2024-08-31T15:18:46Z</time></trkpt><trkpt lat="43.21897888" lon="-4.89827824"><ele>458.24</ele><time>2024-08-31T15:18:47Z</time></trkpt><trkpt lat="43.21896744" lon="-4.89828300"><ele>458.25</ele><time>2024-08-31T15:18:48Z</time></trkpt><trkpt lat="43.21895981" lon="-4.89828825"><ele>458.26</ele><time>2024-08-31T15:18:49Z</time></trkpt><trkpt lat="43.21894836" lon="-4.89829445"><ele>458.27</ele><time>2024-08-31T15:18:50Z</time></trkpt><trkpt lat="43.21894073" lon="-4.89830065"><ele>458.28</ele><time>2024-08-31T15:18:51Z</time></trkpt><trkpt lat="43.21892929" lon="-4.89830732"><ele>458.29</ele><time>2024-08-31T15:18:52Z</time></trkpt><trkpt lat="43.21891785" lon="-4.89831352"><ele>458.29</ele><time>2024-08-31T15:18:53Z</time></trkpt><trkpt lat="43.21891022" lon="-4.89831972"><ele>458.30</ele><time>2024-08-31T15:18:54Z</time></trkpt><trkpt lat="43.21889877" lon="-4.89832735"><ele>458.31</ele><time>2024-08-31T15:18:55Z</time></trkpt><trkpt lat="43.21889114" lon="-4.89833689"><ele>458.31</ele><time>2024-08-31T15:18:56Z</time></trkpt><trkpt lat="43.21888351" lon="-4.89834690"><ele>458.32</ele><time>2024-08-31T15:18:57Z</time></trkpt><trkpt lat="43.21887589" lon="-4.89835691"><ele>458.33</ele><time>2024-08-31T15:18:58Z</time></trkpt><trkpt lat="43.21886444" lon="-4.89836597"><ele>458.34</ele><time>2024-08-31T15:18:59Z</time></trkpt><trkpt lat="43.21885681" lon="-4.89837551"><ele>458.35</ele><time>2024-08-31T15:19:00Z</time></trkpt><trkpt lat="43.21884918" lon="-4.89838505"><ele>458.36</ele><time>2024-08-31T15:19:01Z</time></trkpt><trkpt lat="43.21883774" lon="-4.89839411"><ele>458.37</ele><time>2024-08-31T15:19:02Z</time></trkpt><trkpt lat="43.21883011" lon="-4.89840269"><ele>458.38</ele><time>2024-08-31T15:19:03Z</time></trkpt><trkpt lat="43.21881866" lon="-4.89841175"><ele>458.39</ele><time>2024-08-31T15:19:04Z</time></trkpt><trkpt lat="43.21881104" lon="-4.89842081"><ele>458.40</ele><time>2024-08-31T15:19:05Z</time></trkpt><trkpt lat="43.21880341" lon="-4.89842939"><ele>458.42</ele><time>2024-08-31T15:19:06Z</time></trkpt><trkpt lat="43.21879196" lon="-4.89843750"><ele>458.43</ele><time>2024-08-31T15:19:07Z</time></trkpt><trkpt lat="43.21878433" lon="-4.89844561"><ele>458.45</ele><time>2024-08-31T15:19:08Z</time></trkpt><trkpt lat="43.21877289" lon="-4.89845276"><ele>458.46</ele><time>2024-08-31T15:19:09Z</time></trkpt><trkpt lat="43.21876526" lon="-4.89845991"><ele>458.48</ele><time>2024-08-31T15:19:10Z</time></trkpt><trkpt lat="43.21875763" lon="-4.89846659"><ele>458.49</ele><time>2024-08-31T15:19:11Z</time></trkpt><trkpt lat="43.21874619" lon="-4.89847279"><ele>458.50</ele><time>2024-08-31T15:19:12Z</time></trkpt><trkpt lat="43.21873856" lon="-4.89847851"><ele>458.52</ele><time>2024-08-31T15:19:13Z</time></trkpt><trkpt lat="43.21873093" lon="-4.89848423"><ele>458.54</ele><time>2024-08-31T15:19:14Z</time></trkpt><trkpt lat="43.21872330" lon="-4.89848948"><ele>458.55</ele><time>2024-08-31T15:19:15Z</time></trkpt><trkpt lat="43.21871567" lon="-4.89849472"><ele>458.57</ele><time>2024-08-31T15:19:16Z</time></trkpt><trkpt lat="43.21870422" lon="-4.89849997"><ele>458.58</ele><time>2024-08-31T15:19:17Z</time></trkpt><trkpt lat="43.21869659" lon="-4.89850426"><ele>458.60</ele><time>2024-08-31T15:19:18Z</time></trkpt><trkpt lat="43.21868896" lon="-4.89850903"><ele>458.61</ele><time>2024-08-31T15:19:19Z</time></trkpt><trkpt lat="43.21868134" lon="-4.89851332"><ele>458.63</ele><time>2024-08-31T15:19:20Z</time></trkpt><trkpt lat="43.21867371" lon="-4.89851761"><ele>458.64</ele><time>2024-08-31T15:19:21Z</time></trkpt><trkpt lat="43.21866608" lon="-4.89852142"><ele>458.66</ele><time>2024-08-31T15:19:22Z</time></trkpt><trkpt lat="43.21865845" lon="-4.89852524"><ele>458.67</ele><time>2024-08-31T15:19:23Z</time></trkpt><trkpt lat="43.21865082" lon="-4.89852905"><ele>458.69</ele><time>2024-08-31T15:19:24Z</time></trkpt><trkpt lat="43.21864319" lon="-4.89853287"><ele>458.71</ele><time>2024-08-31T15:19:25Z</time></trkpt><trkpt lat="43.21863556" lon="-4.89853668"><ele>458.72</ele><time>2024-08-31T15:19:26Z</time></trkpt><trkpt lat="43.21862793" lon="-4.89854002"><ele>458.74</ele><time>2024-08-31T15:19:27Z</time></trkpt><trkpt lat="43.21862030" lon="-4.89854336"><ele>458.75</ele><time>2024-08-31T15:19:28Z</time></trkpt><trkpt lat="43.21861267" lon="-4.89854813"><ele>458.77</ele><time>2024-08-31T15:19:29Z</time></trkpt><trkpt lat="43.21860886" lon="-4.89855480"><ele>458.80</ele><time>2024-08-31T15:19:30Z</time></trkpt><trkpt lat="43.21860123" lon="-4.89856100"><ele>458.82</ele><time>2024-08-31T15:19:31Z</time></trkpt><trkpt lat="43.21859741" lon="-4.89856768"><ele>458.83</ele><time>2024-08-31T15:19:32Z</time></trkpt><trkpt lat="43.21858978" lon="-4.89857435"><ele>458.85</ele><time>2024-08-31T15:19:33Z</time></trkpt><trkpt lat="43.21858215" lon="-4.89858103"><ele>458.87</ele><time>2024-08-31T15:19:34Z</time></trkpt><trkpt lat="43.21857452" lon="-4.89858770"><ele>458.88</ele><time>2024-08-31T15:19:35Z</time></trkpt><trkpt lat="43.21856689" lon="-4.89859438"><ele>458.90</ele><time>2024-08-31T15:19:36Z</time></trkpt><trkpt lat="43.21856308" lon="-4.89860153"><ele>458.92</ele><time>2024-08-31T15:19:37Z</time></trkpt><trkpt lat="43.21855545" lon="-4.89860916"><ele>458.93</ele><time>2024-08-31T15:19:38Z</time></trkpt><trkpt lat="43.21854782" lon="-4.89861631"><ele>458.95</ele><time>2024-08-31T15:19:39Z</time></trkpt><trkpt lat="43.21854019" lon="-4.89862394"><ele>458.96</ele><time>2024-08-31T15:19:40Z</time></trkpt><trkpt lat="43.21853256" lon="-4.89863205"><ele>458.98</ele><time>2024-08-31T15:19:41Z</time></trkpt><trkpt lat="43.21852112" lon="-4.89863968"><ele>458.99</ele><time>2024-08-31T15:19:42Z</time></trkpt><trkpt lat="43.21851349" lon="-4.89864779"><ele>459.01</ele><time>2024-08-31T15:19:43Z</time></trkpt><trkpt lat="43.21850586" lon="-4.89865589"><ele>459.03</ele><time>2024-08-31T15:19:44Z</time></trkpt><trkpt lat="43.21849823" lon="-4.89866400"><ele>459.04</ele><time>2024-08-31T15:19:45Z</time></trkpt><trkpt lat="43.21849060" lon="-4.89867210"><ele>459.06</ele><time>2024-08-31T15:19:46Z</time></trkpt><trkpt lat="43.21848297" lon="-4.89868021"><ele>459.08</ele><time>2024-08-31T15:19:47Z</time></trkpt><trkpt lat="43.21847534" lon="-4.89868832"><ele>459.10</ele><time>2024-08-31T15:19:48Z</time></trkpt><trkpt lat="43.21846771" lon="-4.89869690"><ele>459.12</ele><time>2024-08-31T15:19:49Z</time></trkpt><trkpt lat="43.21845627" lon="-4.89870548"><ele>459.13</ele><time>2024-08-31T15:19:50Z</time></trkpt><trkpt lat="43.21844864" lon="-4.89871359"><ele>459.15</ele><time>2024-08-31T15:19:51Z</time></trkpt><trkpt lat="43.21844101" lon="-4.89872217"><ele>459.17</ele><time>2024-08-31T15:19:52Z</time></trkpt><trkpt lat="43.21843338" lon="-4.89873075"><ele>459.19</ele><time>2024-08-31T15:19:53Z</time></trkpt><trkpt lat="43.21842575" lon="-4.89873838"><ele>459.20</ele><time>2024-08-31T15:19:54Z</time></trkpt><trkpt lat="43.21841812" lon="-4.89874506"><ele>459.21</ele><time>2024-08-31T15:19:55Z</time></trkpt><trkpt lat="43.21841049" lon="-4.89875078"><ele>459.22</ele><time>2024-08-31T15:19:56Z</time></trkpt><trkpt lat="43.21840286" lon="-4.89875603"><ele>459.23</ele><time>2024-08-31T15:19:57Z</time></trkpt><trkpt lat="43.21839142" lon="-4.89876080"><ele>459.23</ele><time>2024-08-31T15:19:58Z</time></trkpt><trkpt lat="43.21838379" lon="-4.89876556"><ele>459.24</ele><time>2024-08-31T15:19:59Z</time></trkpt><trkpt lat="43.21837616" lon="-4.89876938"><ele>459.24</ele><time>2024-08-31T15:20:00Z</time></trkpt><trkpt lat="43.21836472" lon="-4.89877319"><ele>459.24</ele><time>2024-08-31T15:20:01Z</time></trkpt><trkpt lat="43.21835709" lon="-4.89877701"><ele>459.25</ele><time>2024-08-31T15:20:02Z</time></trkpt><trkpt lat="43.21834946" lon="-4.89878035"><ele>459.25</ele><time>2024-08-31T15:20:03Z</time></trkpt><trkpt lat="43.21833801" lon="-4.89878416"><ele>459.25</ele><time>2024-08-31T15:20:04Z</time></trkpt><trkpt lat="43.21833038" lon="-4.89878750"><ele>459.26</ele><time>2024-08-31T15:20:05Z</time></trkpt><trkpt lat="43.21831894" lon="-4.89879131"><ele>459.26</ele><time>2024-08-31T15:20:06Z</time></trkpt><trkpt lat="43.21831131" lon="-4.89879465"><ele>459.26</ele><time>2024-08-31T15:20:07Z</time></trkpt><trkpt lat="43.21829987" lon="-4.89879799"><ele>459.27</ele><time>2024-08-31T15:20:08Z</time></trkpt><trkpt lat="43.21829224" lon="-4.89880133"><ele>459.27</ele><time>2024-08-31T15:20:09Z</time></trkpt><trkpt lat="43.21828079" lon="-4.89880514"><ele>459.27</ele><time>2024-08-31T15:20:10Z</time></trkpt><trkpt lat="43.21827316" lon="-4.89880848"><ele>459.27</ele><time>2024-08-31T15:20:11Z</time></trkpt><trkpt lat="43.21826172" lon="-4.89881182"><ele>459.28</ele><time>2024-08-31T15:20:12Z</time></trkpt><trkpt lat="43.21825409" lon="-4.89881516"><ele>459.28</ele><time>2024-08-31T15:20:13Z</time></trkpt><trkpt lat="43.21824265" lon="-4.89881849"><ele>459.28</ele><time>2024-08-31T15:20:14Z</time></trkpt><trkpt lat="43.21823120" lon="-4.89882183"><ele>459.29</ele><time>2024-08-31T15:20:15Z</time></trkpt><trkpt lat="43.21822357" lon="-4.89882517"><ele>459.29</ele><time>2024-08-31T15:20:16Z</time></trkpt><trkpt lat="43.21821213" lon="-4.89882851"><ele>459.29</ele><time>2024-08-31T15:20:17Z</time></trkpt><trkpt lat="43.21820450" lon="-4.89883184"><ele>459.29</ele><time>2024-08-31T15:20:18Z</time></trkpt><trkpt lat="43.21819305" lon="-4.89883518"><ele>459.29</ele><time>2024-08-31T15:20:19Z</time></trkpt><trkpt lat="43.21818161" lon="-4.89883852"><ele>459.30</ele><time>2024-08-31T15:20:20Z</time></trkpt><trkpt lat="43.21817017" lon="-4.89884138"><ele>459.30</ele><time>2024-08-31T15:20:21Z</time></trkpt><trkpt lat="43.21815872" lon="-4.89884472"><ele>459.30</ele><time>2024-08-31T15:20:22Z</time></trkpt><trkpt lat="43.21814728" lon="-4.89884758"><ele>459.30</ele><time>2024-08-31T15:20:23Z</time></trkpt><trkpt lat="43.21813583" lon="-4.89885044"><ele>459.30</ele><time>2024-08-31T15:20:24Z</time></trkpt><trkpt lat="43.21812439" lon="-4.89885330"><ele>459.30</ele><time>2024-08-31T15:20:25Z</time></trkpt><trkpt lat="43.21811295" lon="-4.89885616"><ele>459.30</ele><time>2024-08-31T15:20:26Z</time></trkpt><trkpt lat="43.21810150" lon="-4.89885855"><ele>459.29</ele><time>2024-08-31T15:20:27Z</time></trkpt><trkpt lat="43.21809006" lon="-4.89886141"><ele>459.29</ele><time>2024-08-31T15:20:28Z</time></trkpt><trkpt lat="43.21807861" lon="-4.89886427"><ele>459.29</ele><time>2024-08-31T15:20:29Z</time></trkpt><trkpt lat="43.21806717" lon="-4.89886665"><ele>459.28</ele><time>2024-08-31T15:20:30Z</time></trkpt><trkpt lat="43.21805191" lon="-4.89886951"><ele>459.28</ele><time>2024-08-31T15:20:31Z</time></trkpt><trkpt lat="43.21804047" lon="-4.89887190"><ele>459.27</ele><time>2024-08-31T15:20:32Z</time></trkpt><trkpt lat="43.21802902" lon="-4.89887476"><ele>459.27</ele><time>2024-08-31T15:20:33Z</time></trkpt><trkpt lat="43.21801758" lon="-4.89887714"><ele>459.26</ele><time>2024-08-31T15:20:34Z</time></trkpt><trkpt lat="43.21800613" lon="-4.89888048"><ele>459.25</ele><time>2024-08-31T15:20:35Z</time></trkpt><trkpt lat="43.21799469" lon="-4.89888430"><ele>459.25</ele><time>2024-08-31T15:20:36Z</time></trkpt><trkpt lat="43.21797943" lon="-4.89888811"><ele>459.25</ele><time>2024-08-31T15:20:37Z</time></trkpt><trkpt lat="43.21796799" lon="-4.89889240"><ele>459.24</ele><time>2024-08-31T15:20:38Z</time></trkpt><trkpt lat="43.21795654" lon="-4.89889717"><ele>459.24</ele><time>2024-08-31T15:20:39Z</time></trkpt><trkpt lat="43.21794510" lon="-4.89890194"><ele>459.24</ele><time>2024-08-31T15:20:40Z</time></trkpt><trkpt lat="43.21792984" lon="-4.89890718"><ele>459.24</ele><time>2024-08-31T15:20:41Z</time></trkpt><trkpt lat="43.21791840" lon="-4.89891243"><ele>459.24</ele><time>2024-08-31T15:20:42Z</time></trkpt><trkpt lat="43.21790695" lon="-4.89891768"><ele>459.23</ele><time>2024-08-31T15:20:43Z</time></trkpt><trkpt lat="43.21789169" lon="-4.89892340"><ele>459.23</ele><time>2024-08-31T15:20:44Z</time></trkpt><trkpt lat="43.21788025" lon="-4.89892864"><ele>459.23</ele><time>2024-08-31T15:20:45Z</time></trkpt><trkpt lat="43.21786499" lon="-4.89893436"><ele>459.23</ele><time>2024-08-31T15:20:46Z</time></trkpt><trkpt lat="43.21785355" lon="-4.89894009"><ele>459.23</ele><time>2024-08-31T15:20:47Z</time></trkpt><trkpt lat="43.21784210" lon="-4.89894581"><ele>459.23</ele><time>2024-08-31T15:20:48Z</time></trkpt><trkpt lat="43.21782684" lon="-4.89895153"><ele>459.23</ele><time>2024-08-31T15:20:49Z</time></trkpt><trkpt lat="43.21781540" lon="-4.89895725"><ele>459.23</ele><time>2024-08-31T15:20:50Z</time></trkpt><trkpt lat="43.21780014" lon="-4.89896297"><ele>459.23</ele><time>2024-08-31T15:20:51Z</time></trkpt><trkpt lat="43.21778870" lon="-4.89896774"><ele>459.23</ele><time>2024-08-31T15:20:52Z</time></trkpt><trkpt lat="43.21777725" lon="-4.89897203"><ele>459.23</ele><time>2024-08-31T15:20:53Z</time></trkpt><trkpt lat="43.21776199" lon="-4.89897633"><ele>459.24</ele><time>2024-08-31T15:20:54Z</time></trkpt><trkpt lat="43.21775055" lon="-4.89898014"><ele>459.24</ele><time>2024-08-31T15:20:55Z</time></trkpt><trkpt lat="43.21773911" lon="-4.89898396"><ele>459.24</ele><time>2024-08-31T15:20:56Z</time></trkpt><trkpt lat="43.21772385" lon="-4.89898777"><ele>459.24</ele><time>2024-08-31T15:20:57Z</time></trkpt><trkpt lat="43.21771240" lon="-4.89899111"><ele>459.24</ele><time>2024-08-31T15:20:58Z</time></trkpt><trkpt lat="43.21769714" lon="-4.89899397"><ele>459.24</ele><time>2024-08-31T15:20:59Z</time></trkpt><trkpt lat="43.21768570" lon="-4.89899683"><ele>459.25</ele><time>2024-08-31T15:21:00Z</time></trkpt><trkpt lat="43.21767426" lon="-4.89899969"><ele>459.25</ele><time>2024-08-31T15:21:01Z</time></trkpt><trkpt lat="43.21765900" lon="-4.89900255"><ele>459.25</ele><time>2024-08-31T15:21:02Z</time></trkpt><trkpt lat="43.21764755" lon="-4.89900494"><ele>459.26</ele><time>2024-08-31T15:21:03Z</time></trkpt><trkpt lat="43.21763229" lon="-4.89900732"><ele>459.26</ele><time>2024-08-31T15:21:04Z</time></trkpt><trkpt lat="43.21762085" lon="-4.89900970"><ele>459.27</ele><time>2024-08-31T15:21:05Z</time></trkpt><trkpt lat="43.21760941" lon="-4.89901209"><ele>459.27</ele><time>2024-08-31T15:21:06Z</time></trkpt><trkpt lat="43.21759415" lon="-4.89901447"><ele>459.28</ele><time>2024-08-31T15:21:07Z</time></trkpt><trkpt lat="43.21758270" lon="-4.89901638"><ele>459.28</ele><time>2024-08-31T15:21:08Z</time></trkpt><trkpt lat="43.21756744" lon="-4.89901781"><ele>459.28</ele><time>2024-08-31T15:21:09Z</time></trkpt><trkpt lat="43.21755600" lon="-4.89901972"><ele>459.29</ele><time>2024-08-31T15:21:10Z</time></trkpt><trkpt lat="43.21754074" lon="-4.89902067"><ele>459.29</ele><time>2024-08-31T15:21:11Z</time></trkpt><trkpt lat="43.21752930" lon="-4.89902210"><ele>459.29</ele><time>2024-08-31T15:21:12Z</time></trkpt><trkpt lat="43.21751404" lon="-4.89902306"><ele>459.28</ele><time>2024-08-31T15:21:13Z</time></trkpt><trkpt lat="43.21750259" lon="-4.89902449"><ele>459.28</ele><time>2024-08-31T15:21:14Z</time></trkpt><trkpt lat="43.21748734" lon="-4.89902544"><ele>459.28</ele><time>2024-08-31T15:21:15Z</time></trkpt><trkpt lat="43.21747589" lon="-4.89902639"><ele>459.27</ele><time>2024-08-31T15:21:16Z</time></trkpt><trkpt lat="43.21746063" lon="-4.89902735"><ele>459.27</ele><time>2024-08-31T15:21:17Z</time></trkpt><trkpt lat="43.21744919" lon="-4.89902830"><ele>459.26</ele><time>2024-08-31T15:21:18Z</time></trkpt><trkpt lat="43.21743774" lon="-4.89902925"><ele>459.25</ele><time>2024-08-31T15:21:19Z</time></trkpt><trkpt lat="43.21742249" lon="-4.89902973"><ele>459.24</ele><time>2024-08-31T15:21:20Z</time></trkpt><trkpt lat="43.21741104" lon="-4.89903069"><ele>459.23</ele><time>2024-08-31T15:21:21Z</time></trkpt><trkpt lat="43.21739578" lon="-4.89903164"><ele>459.22</ele><time>2024-08-31T15:21:22Z</time></trkpt><trkpt lat="43.21738434" lon="-4.89903212"><ele>459.21</ele><time>2024-08-31T15:21:23Z</time></trkpt><trkpt lat="43.21736908" lon="-4.89903259"><ele>459.20</ele><time>2024-08-31T15:21:24Z</time></trkpt><trkpt lat="43.21735764" lon="-4.89903307"><ele>459.19</ele><time>2024-08-31T15:21:25Z</time></trkpt><trkpt lat="43.21734238" lon="-4.89903307"><ele>459.18</ele><time>2024-08-31T15:21:26Z</time></trkpt><trkpt lat="43.21733093" lon="-4.89903307"><ele>459.17</ele><time>2024-08-31T15:21:27Z</time></trkpt><trkpt lat="43.21731567" lon="-4.89903259"><ele>459.16</ele><time>2024-08-31T15:21:28Z</time></trkpt><trkpt lat="43.21730042" lon="-4.89903259"><ele>459.15</ele><time>2024-08-31T15:21:29Z</time></trkpt><trkpt lat="43.21728897" lon="-4.89903212"><ele>459.13</ele><time>2024-08-31T15:21:30Z</time></trkpt><trkpt lat="43.21727371" lon="-4.89903164"><ele>459.12</ele><time>2024-08-31T15:21:31Z</time></trkpt><trkpt lat="43.21726227" lon="-4.89903069"><ele>459.11</ele><time>2024-08-31T15:21:32Z</time></trkpt><trkpt lat="43.21724701" lon="-4.89903021"><ele>459.10</ele><time>2024-08-31T15:21:33Z</time></trkpt><trkpt lat="43.21723557" lon="-4.89902973"><ele>459.08</ele><time>2024-08-31T15:21:34Z</time></trkpt><trkpt lat="43.21722031" lon="-4.89902878"><ele>459.07</ele><time>2024-08-31T15:21:35Z</time></trkpt><trkpt lat="43.21720505" lon="-4.89902830"><ele>459.06</ele><time>2024-08-31T15:21:36Z</time></trkpt><trkpt lat="43.21719360" lon="-4.89902735"><ele>459.05</ele><time>2024-08-31T15:21:37Z</time></trkpt><trkpt lat="43.21717834" lon="-4.89902782"><ele>459.03</ele><time>2024-08-31T15:21:38Z</time></trkpt><trkpt lat="43.21716690" lon="-4.89902973"><ele>459.02</ele><time>2024-08-31T15:21:39Z</time></trkpt><trkpt lat="43.21715164" lon="-4.89903212"><ele>459.01</ele><time>2024-08-31T15:21:40Z</time></trkpt><trkpt lat="43.21713638" lon="-4.89903545"><ele>459.00</ele><time>2024-08-31T15:21:41Z</time></trkpt><trkpt lat="43.21712494" lon="-4.89903975"><ele>458.99</ele><time>2024-08-31T15:21:42Z</time></trkpt><trkpt lat="43.21710968" lon="-4.89904404"><ele>458.98</ele><time>2024-08-31T15:21:43Z</time></trkpt><trkpt lat="43.21709824" lon="-4.89904881"><ele>458.97</ele><time>2024-08-31T15:21:44Z</time></trkpt><trkpt lat="43.21708298" lon="-4.89905405"><ele>458.96</ele><time>2024-08-31T15:21:45Z</time></trkpt><trkpt lat="43.21707153" lon="-4.89905977"><ele>458.95</ele><time>2024-08-31T15:21:46Z</time></trkpt><trkpt lat="43.21705627" lon="-4.89906549"><ele>458.94</ele><time>2024-08-31T15:21:47Z</time></trkpt><trkpt lat="43.21704102" lon="-4.89907122"><ele>458.94</ele><time>2024-08-31T15:21:48Z</time></trkpt><trkpt lat="43.21702957" lon="-4.89907742"><ele>458.93</ele><time>2024-08-31T15:21:49Z</time></trkpt><trkpt lat="43.21701431" lon="-4.89908361"><ele>458.93</ele><time>2024-08-31T15:21:50Z</time></trkpt><trkpt lat="43.21700287" lon="-4.89908981"><ele>458.92</ele><time>2024-08-31T15:21:51Z</time></trkpt><trkpt lat="43.21699142" lon="-4.89909601"><ele>458.92</ele><time>2024-08-31T15:21:52Z</time></trkpt><trkpt lat="43.21697617" lon="-4.89910269"><ele>458.92</ele><time>2024-08-31T15:21:53Z</time></trkpt><trkpt lat="43.21696472" lon="-4.89910889"><ele>458.92</ele><time>2024-08-31T15:21:54Z</time></trkpt><trkpt lat="43.21695328" lon="-4.89911509"><ele>458.92</ele><time>2024-08-31T15:21:55Z</time></trkpt><trkpt lat="43.21694183" lon="-4.89912128"><ele>458.93</ele><time>2024-08-31T15:21:56Z</time></trkpt><trkpt lat="43.21692657" lon="-4.89912748"><ele>458.94</ele><time>2024-08-31T15:21:57Z</time></trkpt><trkpt lat="43.21691513" lon="-4.89913368"><ele>458.96</ele><time>2024-08-31T15:21:58Z</time></trkpt><trkpt lat="43.21690369" lon="-4.89913940"><ele>458.98</ele><time>2024-08-31T15:21:59Z</time></trkpt><trkpt lat="43.21689224" lon="-4.89914560"><ele>459.00</ele><time>2024-08-31T15:22:00Z</time></trkpt><trkpt lat="43.21688080" lon="-4.89915133"><ele>459.03</ele><time>2024-08-31T15:22:01Z</time></trkpt><trkpt lat="43.21686935" lon="-4.89915752"><ele>459.06</ele><time>2024-08-31T15:22:02Z</time></trkpt><trkpt lat="43.21685791" lon="-4.89916325"><ele>459.09</ele><time>2024-08-31T15:22:03Z</time></trkpt><trkpt lat="43.21684647" lon="-4.89916897"><ele>459.12</ele><time>2024-08-31T15:22:04Z</time></trkpt><trkpt lat="43.21683502" lon="-4.89917469"><ele>459.16</ele><time>2024-08-31T15:22:05Z</time></trkpt><trkpt lat="43.21682358" lon="-4.89918041"><ele>459.20</ele><time>2024-08-31T15:22:06Z</time></trkpt><trkpt lat="43.21681213" lon="-4.89918709"><ele>459.25</ele><time>2024-08-31T15:22:07Z</time></trkpt><trkpt lat="43.21680069" lon="-4.89919376"><ele>459.31</ele><time>2024-08-31T15:22:08Z</time></trkpt><trkpt lat="43.21679306" lon="-4.89920235"><ele>459.37</ele><time>2024-08-31T15:22:09Z</time></trkpt><trkpt lat="43.21678543" lon="-4.89921141"><ele>459.42</ele><time>2024-08-31T15:22:10Z</time></trkpt><trkpt lat="43.21677780" lon="-4.89922094"><ele>459.46</ele><time>2024-08-31T15:22:11Z</time></trkpt><trkpt lat="43.21677399" lon="-4.89923143"><ele>459.50</ele><time>2024-08-31T15:22:12Z</time></trkpt><trkpt lat="43.21677017" lon="-4.89924240"><ele>459.53</ele><time>2024-08-31T15:22:13Z</time></trkpt><trkpt lat="43.21676636" lon="-4.89925337"><ele>459.56</ele><time>2024-08-31T15:22:14Z</time></trkpt><trkpt lat="43.21676254" lon="-4.89926481"><ele>459.58</ele><time>2024-08-31T15:22:15Z</time></trkpt><trkpt lat="43.21675873" lon="-4.89927673"><ele>459.60</ele><time>2024-08-31T15:22:16Z</time></trkpt><trkpt lat="43.21675491" lon="-4.89928865"><ele>459.62</ele><time>2024-08-31T15:22:17Z</time></trkpt><trkpt lat="43.21675491" lon="-4.89930058"><ele>459.64</ele><time>2024-08-31T15:22:18Z</time></trkpt><trkpt lat="43.21675110" lon="-4.89931250"><ele>459.66</ele><time>2024-08-31T15:22:19Z</time></trkpt><trkpt lat="43.21675110" lon="-4.89932489"><ele>459.67</ele><time>2024-08-31T15:22:20Z</time></trkpt><trkpt lat="43.21674728" lon="-4.89933681"><ele>459.68</ele><time>2024-08-31T15:22:21Z</time></trkpt><trkpt lat="43.21674728" lon="-4.89934921"><ele>459.70</ele><time>2024-08-31T15:22:22Z</time></trkpt><trkpt lat="43.21674728" lon="-4.89936209"><ele>459.71</ele><time>2024-08-31T15:22:23Z</time></trkpt><trkpt lat="43.21674347" lon="-4.89937449"><ele>459.72</ele><time>2024-08-31T15:22:24Z</time></trkpt><trkpt lat="43.21674347" lon="-4.89938736"><ele>459.73</ele><time>2024-08-31T15:22:25Z</time></trkpt><trkpt lat="43.21674347" lon="-4.89939976"><ele>459.73</ele><time>2024-08-31T15:22:26Z</time></trkpt><trkpt lat="43.21673965" lon="-4.89941120"><ele>459.74</ele><time>2024-08-31T15:22:27Z</time></trkpt><trkpt lat="43.21673584" lon="-4.89942265"><ele>459.75</ele><time>2024-08-31T15:22:28Z</time></trkpt><trkpt lat="43.21673203" lon="-4.89943314"><ele>459.76</ele><time>2024-08-31T15:22:29Z</time></trkpt><trkpt lat="43.21672821" lon="-4.89944363"><ele>459.77</ele><time>2024-08-31T15:22:30Z</time></trkpt><trkpt lat="43.21672058" lon="-4.89945364"><ele>459.78</ele><time>2024-08-31T15:22:31Z</time></trkpt><trkpt lat="43.21671295" lon="-4.89946365"><ele>459.79</ele><time>2024-08-31T15:22:32Z</time></trkpt><trkpt lat="43.21670914" lon="-4.89947319"><ele>459.80</ele><time>2024-08-31T15:22:33Z</time></trkpt><trkpt lat="43.21670151" lon="-4.89948225"><ele>459.81</ele><time>2024-08-31T15:22:34Z</time></trkpt><trkpt lat="43.21669388" lon="-4.89949131"><ele>459.82</ele><time>2024-08-31T15:22:35Z</time></trkpt><trkpt lat="43.21668625" lon="-4.89949989"><ele>459.82</ele><time>2024-08-31T15:22:36Z</time></trkpt><trkpt lat="43.21667862" lon="-4.89950848"><ele>459.83</ele><time>2024-08-31T15:22:37Z</time></trkpt><trkpt lat="43.21667099" lon="-4.89951658"><ele>459.84</ele><time>2024-08-31T15:22:38Z</time></trkpt><trkpt lat="43.21666336" lon="-4.89952374"><ele>459.85</ele><time>2024-08-31T15:22:39Z</time></trkpt><trkpt lat="43.21665192" lon="-4.89953041"><ele>459.86</ele><time>2024-08-31T15:22:40Z</time></trkpt><trkpt lat="43.21664429" lon="-4.89953661"><ele>459.88</ele><time>2024-08-31T15:22:41Z</time></trkpt><trkpt lat="43.21663666" lon="-4.89954233"><ele>459.89</ele><time>2024-08-31T15:22:42Z</time></trkpt><trkpt lat="43.21662903" lon="-4.89954710"><ele>459.90</ele><time>2024-08-31T15:22:43Z</time></trkpt><trkpt lat="43.21661758" lon="-4.89955187"><ele>459.92</ele><time>2024-08-31T15:22:44Z</time></trkpt><trkpt lat="43.21660995" lon="-4.89955616"><ele>459.94</ele><time>2024-08-31T15:22:45Z</time></trkpt><trkpt lat="43.21660233" lon="-4.89955997"><ele>459.95</ele><time>2024-08-31T15:22:46Z</time></trkpt><trkpt lat="43.21659088" lon="-4.89956379"><ele>459.97</ele><time>2024-08-31T15:22:47Z</time></trkpt><trkpt lat="43.21658325" lon="-4.89956713"><ele>459.99</ele><time>2024-08-31T15:22:48Z</time></trkpt><trkpt lat="43.21657562" lon="-4.89957047"><ele>460.01</ele><time>2024-08-31T15:22:49Z</time></trkpt><trkpt lat="43.21656418" lon="-4.89957333"><ele>460.03</ele><time>2024-08-31T15:22:50Z</time></trkpt><trkpt lat="43.21655655" lon="-4.89957619"><ele>460.05</ele><time>2024-08-31T15:22:51Z</time></trkpt><trkpt lat="43.21654892" lon="-4.89957857"><ele>460.08</ele><time>2024-08-31T15:22:52Z</time></trkpt><trkpt lat="43.21653748" lon="-4.89958096"><ele>460.11</ele><time>2024-08-31T15:22:53Z</time></trkpt><trkpt lat="43.21652985" lon="-4.89958334"><ele>460.14</ele><time>2024-08-31T15:22:54Z</time></trkpt><trkpt lat="43.21652222" lon="-4.89958525"><ele>460.17</ele><time>2024-08-31T15:22:55Z</time></trkpt><trkpt lat="43.21651077" lon="-4.89958715"><ele>460.20</ele><time>2024-08-31T15:22:56Z</time></trkpt><trkpt lat="43.21650314" lon="-4.89958954"><ele>460.23</ele><time>2024-08-31T15:22:57Z</time></trkpt><trkpt lat="43.21649551" lon="-4.89959145"><ele>460.27</ele><time>2024-08-31T15:22:58Z</time></trkpt><trkpt lat="43.21648407" lon="-4.89959288"><ele>460.31</ele><time>2024-08-31T15:22:59Z</time></trkpt><trkpt lat="43.21647644" lon="-4.89959431"><ele>460.35</ele><time>2024-08-31T15:23:00Z</time></trkpt><trkpt lat="43.21646881" lon="-4.89959574"><ele>460.38</ele><time>2024-08-31T15:23:01Z</time></trkpt><trkpt lat="43.21645737" lon="-4.89959669"><ele>460.43</ele><time>2024-08-31T15:23:02Z</time></trkpt><trkpt lat="43.21644974" lon="-4.89959717"><ele>460.47</ele><time>2024-08-31T15:23:03Z</time></trkpt><trkpt lat="43.21644211" lon="-4.89959764"><ele>460.51</ele><time>2024-08-31T15:23:04Z</time></trkpt><trkpt lat="43.21643066" lon="-4.89959812"><ele>460.56</ele><time>2024-08-31T15:23:05Z</time></trkpt><trkpt lat="43.21642303" lon="-4.89959812"><ele>460.61</ele><time>2024-08-31T15:23:06Z</time></trkpt><trkpt lat="43.21641541" lon="-4.89959812"><ele>460.66</ele><time>2024-08-31T15:23:07Z</time></trkpt><trkpt lat="43.21640396" lon="-4.89959812"><ele>460.71</ele><time>2024-08-31T15:23:08Z</time></trkpt><trkpt lat="43.21639633" lon="-4.89959812"><ele>460.76</ele><time>2024-08-31T15:23:09Z</time></trkpt><trkpt lat="43.21638870" lon="-4.89959812"><ele>460.82</ele><time>2024-08-31T15:23:10Z</time></trkpt><trkpt lat="43.21637726" lon="-4.89959812"><ele>460.87</ele><time>2024-08-31T15:23:11Z</time></trkpt><trkpt lat="43.21636963" lon="-4.89959955"><ele>460.92</ele><time>2024-08-31T15:23:12Z</time></trkpt><trkpt lat="43.21635818" lon="-4.89960194"><ele>460.97</ele><time>2024-08-31T15:23:13Z</time></trkpt><trkpt lat="43.21635056" lon="-4.89960575"><ele>461.01</ele><time>2024-08-31T15:23:14Z</time></trkpt><trkpt lat="43.21634293" lon="-4.89961004"><ele>461.05</ele><time>2024-08-31T15:23:15Z</time></trkpt><trkpt lat="43.21633148" lon="-4.89961529"><ele>461.08</ele><time>2024-08-31T15:23:16Z</time></trkpt><trkpt lat="43.21632385" lon="-4.89962101"><ele>461.11</ele><time>2024-08-31T15:23:17Z</time></trkpt><trkpt lat="43.21631622" lon="-4.89962769"><ele>461.13</ele><time>2024-08-31T15:23:18Z</time></trkpt><trkpt lat="43.21630478" lon="-4.89963436"><ele>461.16</ele><time>2024-08-31T15:23:19Z</time></trkpt><trkpt lat="43.21629715" lon="-4.89964151"><ele>461.18</ele><time>2024-08-31T15:23:20Z</time></trkpt><trkpt lat="43.21628952" lon="-4.89964914"><ele>461.20</ele><time>2024-08-31T15:23:21Z</time></trkpt><trkpt lat="43.21627808" lon="-4.89965677"><ele>461.22</ele><time>2024-08-31T15:23:22Z</time></trkpt><trkpt lat="43.21627045" lon="-4.89966583"><ele>461.24</ele><time>2024-08-31T15:23:23Z</time></trkpt><trkpt lat="43.21626282" lon="-4.89967489"><ele>461.28</ele><time>2024-08-31T15:23:24Z</time></trkpt><trkpt lat="43.21625519" lon="-4.89968491"><ele>461.31</ele><time>2024-08-31T15:23:25Z</time></trkpt><trkpt lat="43.21624756" lon="-4.89969492"><ele>461.35</ele><time>2024-08-31T15:23:26Z</time></trkpt><trkpt lat="43.21623993" lon="-4.89970541"><ele>461.40</ele><time>2024-08-31T15:23:27Z</time></trkpt><trkpt lat="43.21623230" lon="-4.89971590"><ele>461.45</ele><time>2024-08-31T15:23:28Z</time></trkpt><trkpt lat="43.21622086" lon="-4.89972591"><ele>461.50</ele><time>2024-08-31T15:23:29Z</time></trkpt><trkpt lat="43.21621323" lon="-4.89973640"><ele>461.56</ele><time>2024-08-31T15:23:30Z</time></trkpt><trkpt lat="43.21620560" lon="-4.89974642"><ele>461.62</ele><time>2024-08-31T15:23:31Z</time></trkpt><trkpt lat="43.21619797" lon="-4.89975691"><ele>461.68</ele><time>2024-08-31T15:23:32Z</time></trkpt><trkpt lat="43.21619034" lon="-4.89976692"><ele>461.75</ele><time>2024-08-31T15:23:33Z</time></trkpt><trkpt lat="43.21618271" lon="-4.89977694"><ele>461.81</ele><time>2024-08-31T15:23:34Z</time></trkpt><trkpt lat="43.21617508" lon="-4.89978695"><ele>461.88</ele><time>2024-08-31T15:23:35Z</time></trkpt><trkpt lat="43.21616364" lon="-4.89979696"><ele>461.95</ele><time>2024-08-31T15:23:36Z</time></trkpt><trkpt lat="43.21615601" lon="-4.89980698"><ele>462.02</ele><time>2024-08-31T15:23:37Z</time></trkpt><trkpt lat="43.21614838" lon="-4.89981699"><ele>462.09</ele><time>2024-08-31T15:23:38Z</time></trkpt><trkpt lat="43.21614075" lon="-4.89982700"><ele>462.17</ele><time>2024-08-31T15:23:39Z</time></trkpt><trkpt lat="43.21612930" lon="-4.89983702"><ele>462.24</ele><time>2024-08-31T15:23:40Z</time></trkpt><trkpt lat="43.21612167" lon="-4.89984703"><ele>462.32</ele><time>2024-08-31T15:23:41Z</time></trkpt><trkpt lat="43.21611404" lon="-4.89985704"><ele>462.40</ele><time>2024-08-31T15:23:42Z</time></trkpt><trkpt lat="43.21610641" lon="-4.89986658"><ele>462.48</ele><time>2024-08-31T15:23:43Z</time></trkpt><trkpt lat="43.21609497" lon="-4.89987564"><ele>462.54</ele><time>2024-08-31T15:23:44Z</time></trkpt><trkpt lat="43.21608353" lon="-4.89988375"><ele>462.58</ele><time>2024-08-31T15:23:45Z</time></trkpt><trkpt lat="43.21607590" lon="-4.89989138"><ele>462.60</ele><time>2024-08-31T15:23:46Z</time></trkpt><trkpt lat="43.21606445" lon="-4.89989853"><ele>462.62</ele><time>2024-08-31T15:23:47Z</time></trkpt><trkpt lat="43.21605301" lon="-4.89990520"><ele>462.63</ele><time>2024-08-31T15:23:48Z</time></trkpt><trkpt lat="43.21603775" lon="-4.89991093"><ele>462.63</ele><time>2024-08-31T15:23:49Z</time></trkpt><trkpt lat="43.21602631" lon="-4.89991570"><ele>462.62</ele><time>2024-08-31T15:23:50Z</time></trkpt><trkpt lat="43.21601486" lon="-4.89991999"><ele>462.61</ele><time>2024-08-31T15:23:51Z</time></trkpt><trkpt lat="43.21600342" lon="-4.89992428"><ele>462.59</ele><time>2024-08-31T15:23:52Z</time></trkpt><trkpt lat="43.21599197" lon="-4.89992809"><ele>462.58</ele><time>2024-08-31T15:23:53Z</time></trkpt><trkpt lat="43.21597672" lon="-4.89993191"><ele>462.56</ele><time>2024-08-31T15:23:54Z</time></trkpt><trkpt lat="43.21596527" lon="-4.89993525"><ele>462.55</ele><time>2024-08-31T15:23:55Z</time></trkpt><trkpt lat="43.21595383" lon="-4.89993763"><ele>462.54</ele><time>2024-08-31T15:23:56Z</time></trkpt><trkpt lat="43.21594238" lon="-4.89994049"><ele>462.54</ele><time>2024-08-31T15:23:57Z</time></trkpt><trkpt lat="43.21593094" lon="-4.89994431"><ele>462.54</ele><time>2024-08-31T15:23:58Z</time></trkpt><trkpt lat="43.21591949" lon="-4.89994907"><ele>462.54</ele><time>2024-08-31T15:23:59Z</time></trkpt><trkpt lat="43.21590805" lon="-4.89995480"><ele>462.54</ele><time>2024-08-31T15:24:00Z</time></trkpt><trkpt lat="43.21589661" lon="-4.89996099"><ele>462.54</ele><time>2024-08-31T15:24:01Z</time></trkpt><trkpt lat="43.21588516" lon="-4.89996767"><ele>462.55</ele><time>2024-08-31T15:24:02Z</time></trkpt><trkpt lat="43.21586990" lon="-4.89997482"><ele>462.55</ele><time>2024-08-31T15:24:03Z</time></trkpt><trkpt lat="43.21585846" lon="-4.89998198"><ele>462.55</ele><time>2024-08-31T15:24:04Z</time></trkpt><trkpt lat="43.21584702" lon="-4.89998913"><ele>462.55</ele><time>2024-08-31T15:24:05Z</time></trkpt><trkpt lat="43.21583557" lon="-4.89999628"><ele>462.55</ele><time>2024-08-31T15:24:06Z</time></trkpt><trkpt lat="43.21582031" lon="-4.90000391"><ele>462.55</ele><time>2024-08-31T15:24:07Z</time></trkpt><trkpt lat="43.21580887" lon="-4.90001154"><ele>462.56</ele><time>2024-08-31T15:24:08Z</time></trkpt><trkpt lat="43.21579742" lon="-4.90001917"><ele>462.56</ele><time>2024-08-31T15:24:09Z</time></trkpt><trkpt lat="43.21578598" lon="-4.90002728"><ele>462.56</ele><time>2024-08-31T15:24:10Z</time></trkpt><trkpt lat="43.21577454" lon="-4.90003586"><ele>462.56</ele><time>2024-08-31T15:24:11Z</time></trkpt><trkpt lat="43.21576309" lon="-4.90004492"><ele>462.56</ele><time>2024-08-31T15:24:12Z</time></trkpt><trkpt lat="43.21574783" lon="-4.90005398"><ele>462.56</ele><time>2024-08-31T15:24:13Z</time></trkpt><trkpt lat="43.21573639" lon="-4.90006304"><ele>462.57</ele><time>2024-08-31T15:24:14Z</time></trkpt><trkpt lat="43.21572495" lon="-4.90007257"><ele>462.57</ele><time>2024-08-31T15:24:15Z</time></trkpt><trkpt lat="43.21571350" lon="-4.90008259"><ele>462.58</ele><time>2024-08-31T15:24:16Z</time></trkpt><trkpt lat="43.21570206" lon="-4.90009212"><ele>462.59</ele><time>2024-08-31T15:24:17Z</time></trkpt><trkpt lat="43.21569061" lon="-4.90010214"><ele>462.60</ele><time>2024-08-31T15:24:18Z</time></trkpt><trkpt lat="43.21567917" lon="-4.90011263"><ele>462.60</ele><time>2024-08-31T15:24:19Z</time></trkpt><trkpt lat="43.21566772" lon="-4.90012264"><ele>462.61</ele><time>2024-08-31T15:24:20Z</time></trkpt><trkpt lat="43.21565628" lon="-4.90013313"><ele>462.62</ele><time>2024-08-31T15:24:21Z</time></trkpt><trkpt lat="43.21564484" lon="-4.90014362"><ele>462.63</ele><time>2024-08-31T15:24:22Z</time></trkpt><trkpt lat="43.21562958" lon="-4.90015411"><ele>462.64</ele><time>2024-08-31T15:24:23Z</time></trkpt><trkpt lat="43.21561813" lon="-4.90016460"><ele>462.66</ele><time>2024-08-31T15:24:24Z</time></trkpt><trkpt lat="43.21560669" lon="-4.90017462"><ele>462.67</ele><time>2024-08-31T15:24:25Z</time></trkpt><trkpt lat="43.21559906" lon="-4.90018415"><ele>462.68</ele><time>2024-08-31T15:24:26Z</time></trkpt><trkpt lat="43.21558762" lon="-4.90019321"><ele>462.70</ele><time>2024-08-31T15:24:27Z</time></trkpt><trkpt lat="43.21557999" lon="-4.90020227"><ele>462.71</ele><time>2024-08-31T15:24:28Z</time></trkpt><trkpt lat="43.21556854" lon="-4.90021133"><ele>462.72</ele><time>2024-08-31T15:24:29Z</time></trkpt><trkpt lat="43.21556091" lon="-4.90022039"><ele>462.73</ele><time>2024-08-31T15:24:30Z</time></trkpt><trkpt lat="43.21555328" lon="-4.90022898"><ele>462.74</ele><time>2024-08-31T15:24:31Z</time></trkpt><trkpt lat="43.21554565" lon="-4.90023756"><ele>462.75</ele><time>2024-08-31T15:24:32Z</time></trkpt><trkpt lat="43.21553802" lon="-4.90024614"><ele>462.76</ele><time>2024-08-31T15:24:33Z</time></trkpt><trkpt lat="43.21553421" lon="-4.90025473"><ele>462.77</ele><time>2024-08-31T15:24:34Z</time></trkpt><trkpt lat="43.21552658" lon="-4.90026331"><ele>462.78</ele><time>2024-08-31T15:24:35Z</time></trkpt><trkpt lat="43.21551895" lon="-4.90027094"><ele>462.79</ele><time>2024-08-31T15:24:36Z</time></trkpt><trkpt lat="43.21551514" lon="-4.90027714"><ele>462.80</ele><time>2024-08-31T15:24:37Z</time></trkpt><trkpt lat="43.21550751" lon="-4.90028286"><ele>462.80</ele><time>2024-08-31T15:24:38Z</time></trkpt><trkpt lat="43.21550369" lon="-4.90028811"><ele>462.81</ele><time>2024-08-31T15:24:39Z</time></trkpt><trkpt lat="43.21549988" lon="-4.90029240"><ele>462.81</ele><time>2024-08-31T15:24:40Z</time></trkpt><trkpt lat="43.21549225" lon="-4.90029669"><ele>462.82</ele><time>2024-08-31T15:24:41Z</time></trkpt><trkpt lat="43.21548843" lon="-4.90030003"><ele>462.82</ele><time>2024-08-31T15:24:42Z</time></trkpt><trkpt lat="43.21548462" lon="-4.90030336"><ele>462.83</ele><time>2024-08-31T15:24:43Z</time></trkpt><trkpt lat="43.21548080" lon="-4.90030622"><ele>462.83</ele><time>2024-08-31T15:24:44Z</time></trkpt><trkpt lat="43.21547699" lon="-4.90030909"><ele>462.84</ele><time>2024-08-31T15:24:45Z</time></trkpt><trkpt lat="43.21547699" lon="-4.90031147"><ele>462.84</ele><time>2024-08-31T15:24:46Z</time></trkpt><trkpt lat="43.21547318" lon="-4.90031385"><ele>462.84</ele><time>2024-08-31T15:24:47Z</time></trkpt><trkpt lat="43.21546936" lon="-4.90031576"><ele>462.85</ele><time>2024-08-31T15:24:48Z</time></trkpt><trkpt lat="43.21546555" lon="-4.90031815"><ele>462.85</ele><time>2024-08-31T15:24:49Z</time></trkpt><trkpt lat="43.21546555" lon="-4.90031958"><ele>462.85</ele><time>2024-08-31T15:24:50Z</time></trkpt><trkpt lat="43.21546173" lon="-4.90032148"><ele>462.85</ele><time>2024-08-31T15:24:51Z</time></trkpt><trkpt lat="43.21546173" lon="-4.90032339"><ele>462.86</ele><time>2024-08-31T15:24:52Z</time></trkpt><trkpt lat="43.21545792" lon="-4.90032482"><ele>462.86</ele><time>2024-08-31T15:24:53Z</time></trkpt><trkpt lat="43.21545792" lon="-4.90032625"><ele>462.86</ele><time>2024-08-31T15:24:54Z</time></trkpt><trkpt lat="43.21545410" lon="-4.90032768"><ele>462.86</ele><time>2024-08-31T15:24:55Z</time></trkpt><trkpt lat="43.21545410" lon="-4.90032864"><ele>462.87</ele><time>2024-08-31T15:24:56Z</time></trkpt><trkpt lat="43.21545410" lon="-4.90033007"><ele>462.87</ele><time>2024-08-31T15:24:57Z</time></trkpt><trkpt lat="43.21545029" lon="-4.90033150"><ele>462.87</ele><time>2024-08-31T15:24:58Z</time></trkpt><trkpt lat="43.21545029" lon="-4.90033245"><ele>462.87</ele><time>2024-08-31T15:24:59Z</time></trkpt><trkpt lat="43.21544647" lon="-4.90033388"><ele>462.88</ele><time>2024-08-31T15:25:00Z</time></trkpt><trkpt lat="43.21544266" lon="-4.90033531"><ele>462.88</ele><time>2024-08-31T15:25:01Z</time></trkpt><trkpt lat="43.21543884" lon="-4.90033674"><ele>462.88</ele><time>2024-08-31T15:25:02Z</time></trkpt><trkpt lat="43.21543503" lon="-4.90033913"><ele>462.89</ele><time>2024-08-31T15:25:03Z</time></trkpt><trkpt lat="43.21542740" lon="-4.90034199"><ele>462.89</ele><time>2024-08-31T15:25:04Z</time></trkpt><trkpt lat="43.21542358" lon="-4.90034580"><ele>462.89</ele><time>2024-08-31T15:25:05Z</time></trkpt><trkpt lat="43.21541977" lon="-4.90035009"><ele>462.90</ele><time>2024-08-31T15:25:06Z</time></trkpt><trkpt lat="43.21541214" lon="-4.90035486"><ele>462.90</ele><time>2024-08-31T15:25:07Z</time></trkpt><trkpt lat="43.21540833" lon="-4.90036011"><ele>462.90</ele><time>2024-08-31T15:25:08Z</time></trkpt><trkpt lat="43.21540070" lon="-4.90036535"><ele>462.91</ele><time>2024-08-31T15:25:09Z</time></trkpt><trkpt lat="43.21539688" lon="-4.90037155"><ele>462.91</ele><time>2024-08-31T15:25:10Z</time></trkpt><trkpt lat="43.21538925" lon="-4.90037775"><ele>462.91</ele><time>2024-08-31T15:25:11Z</time></trkpt><trkpt lat="43.21538544" lon="-4.90038443"><ele>462.92</ele><time>2024-08-31T15:25:12Z</time></trkpt><trkpt lat="43.21537781" lon="-4.90039110"><ele>462.92</ele><time>2024-08-31T15:25:13Z</time></trkpt><trkpt lat="43.21537018" lon="-4.90039825"><ele>462.93</ele><time>2024-08-31T15:25:14Z</time></trkpt><trkpt lat="43.21536636" lon="-4.90040541"><ele>462.93</ele><time>2024-08-31T15:25:15Z</time></trkpt><trkpt lat="43.21535873" lon="-4.90041256"><ele>462.94</ele><time>2024-08-31T15:25:16Z</time></trkpt><trkpt lat="43.21535492" lon="-4.90042114"><ele>462.94</ele><time>2024-08-31T15:25:17Z</time></trkpt><trkpt lat="43.21534729" lon="-4.90042973"><ele>462.95</ele><time>2024-08-31T15:25:18Z</time></trkpt><trkpt lat="43.21533966" lon="-4.90043926"><ele>462.95</ele><time>2024-08-31T15:25:19Z</time></trkpt><trkpt lat="43.21533585" lon="-4.90044928"><ele>462.96</ele><time>2024-08-31T15:25:20Z</time></trkpt><trkpt lat="43.21532822" lon="-4.90045929"><ele>462.96</ele><time>2024-08-31T15:25:21Z</time></trkpt><trkpt lat="43.21532059" lon="-4.90046978"><ele>462.97</ele><time>2024-08-31T15:25:22Z</time></trkpt><trkpt lat="43.21531296" lon="-4.90048075"><ele>462.97</ele><time>2024-08-31T15:25:23Z</time></trkpt><trkpt lat="43.21530533" lon="-4.90049171"><ele>462.98</ele><time>2024-08-31T15:25:24Z</time></trkpt><trkpt lat="43.21530151" lon="-4.90050316"><ele>462.99</ele><time>2024-08-31T15:25:25Z</time></trkpt><trkpt lat="43.21529388" lon="-4.90051460"><ele>462.99</ele><time>2024-08-31T15:25:26Z</time></trkpt><trkpt lat="43.21528625" lon="-4.90052605"><ele>463.00</ele><time>2024-08-31T15:25:27Z</time></trkpt><trkpt lat="43.21527863" lon="-4.90053844"><ele>463.00</ele><time>2024-08-31T15:25:28Z</time></trkpt><trkpt lat="43.21527100" lon="-4.90055037"><ele>463.01</ele><time>2024-08-31T15:25:29Z</time></trkpt><trkpt lat="43.21526337" lon="-4.90056276"><ele>463.01</ele><time>2024-08-31T15:25:30Z</time></trkpt><trkpt lat="43.21525574" lon="-4.90057516"><ele>463.02</ele><time>2024-08-31T15:25:31Z</time></trkpt><trkpt lat="43.21525192" lon="-4.90058756"><ele>463.02</ele><time>2024-08-31T15:25:32Z</time></trkpt><trkpt lat="43.21524429" lon="-4.90060043"><ele>463.03</ele><time>2024-08-31T15:25:33Z</time></trkpt><trkpt lat="43.21523666" lon="-4.90061331"><ele>463.03</ele><time>2024-08-31T15:25:34Z</time></trkpt><trkpt lat="43.21522903" lon="-4.90062666"><ele>463.04</ele><time>2024-08-31T15:25:35Z</time></trkpt><trkpt lat="43.21522141" lon="-4.90064001"><ele>463.05</ele><time>2024-08-31T15:25:36Z</time></trkpt><trkpt lat="43.21521759" lon="-4.90065336"><ele>463.05</ele><time>2024-08-31T15:25:37Z</time></trkpt><trkpt lat="43.21520996" lon="-4.90066719"><ele>463.06</ele><time>2024-08-31T15:25:38Z</time></trkpt><trkpt lat="43.21520615" lon="-4.90068102"><ele>463.06</ele><time>2024-08-31T15:25:39Z</time></trkpt><trkpt lat="43.21520233" lon="-4.90069532"><ele>463.07</ele><time>2024-08-31T15:25:40Z</time></trkpt><trkpt lat="43.21519470" lon="-4.90070963"><ele>463.08</ele><time>2024-08-31T15:25:41Z</time></trkpt><trkpt lat="43.21519089" lon="-4.90072393"><ele>463.08</ele><time>2024-08-31T15:25:42Z</time></trkpt><trkpt lat="43.21518707" lon="-4.90073824"><ele>463.09</ele><time>2024-08-31T15:25:43Z</time></trkpt><trkpt lat="43.21517944" lon="-4.90075254"><ele>463.09</ele><time>2024-08-31T15:25:44Z</time></trkpt><trkpt lat="43.21517563" lon="-4.90076685"><ele>463.10</ele><time>2024-08-31T15:25:45Z</time></trkpt><trkpt lat="43.21517181" lon="-4.90078068"><ele>463.10</ele><time>2024-08-31T15:25:46Z</time></trkpt><trkpt lat="43.21516800" lon="-4.90079451"><ele>463.11</ele><time>2024-08-31T15:25:47Z</time></trkpt><trkpt lat="43.21516037" lon="-4.90080833"><ele>463.12</ele><time>2024-08-31T15:25:48Z</time></trkpt><trkpt lat="43.21515656" lon="-4.90082216"><ele>463.12</ele><time>2024-08-31T15:25:49Z</time></trkpt><trkpt lat="43.21515274" lon="-4.90083551"><ele>463.13</ele><time>2024-08-31T15:25:50Z</time></trkpt><trkpt lat="43.21514893" lon="-4.90084934"><ele>463.13</ele><time>2024-08-31T15:25:51Z</time></trkpt><trkpt lat="43.21514130" lon="-4.90086269"><ele>463.14</ele><time>2024-08-31T15:25:52Z</time></trkpt><trkpt lat="43.21513748" lon="-4.90087652"><ele>463.15</ele><time>2024-08-31T15:25:53Z</time></trkpt><trkpt lat="43.21513367" lon="-4.90088987"><ele>463.15</ele><time>2024-08-31T15:25:54Z</time></trkpt><trkpt lat="43.21512985" lon="-4.90090322"><ele>463.16</ele><time>2024-08-31T15:25:55Z</time></trkpt><trkpt lat="43.21512604" lon="-4.90091658"><ele>463.17</ele><time>2024-08-31T15:25:56Z</time></trkpt><trkpt lat="43.21511841" lon="-4.90092993"><ele>463.17</ele><time>2024-08-31T15:25:57Z</time></trkpt><trkpt lat="43.21511459" lon="-4.90094328"><ele>463.18</ele><time>2024-08-31T15:25:58Z</time></trkpt><trkpt lat="43.21511078" lon="-4.90095663"><ele>463.18</ele><time>2024-08-31T15:25:59Z</time></trkpt><trkpt lat="43.21510315" lon="-4.90096951"><ele>463.19</ele><time>2024-08-31T15:26:00Z</time></trkpt><trkpt lat="43.21509933" lon="-4.90098286"><ele>463.20</ele><time>2024-08-31T15:26:01Z</time></trkpt><trkpt lat="43.21509552" lon="-4.90099669"><ele>463.20</ele><time>2024-08-31T15:26:02Z</time></trkpt><trkpt lat="43.21509171" lon="-4.90101051"><ele>463.21</ele><time>2024-08-31T15:26:03Z</time></trkpt><trkpt lat="43.21508789" lon="-4.90102482"><ele>463.21</ele><time>2024-08-31T15:26:04Z</time></trkpt><trkpt lat="43.21508408" lon="-4.90103865"><ele>463.22</ele><time>2024-08-31T15:26:05Z</time></trkpt><trkpt lat="43.21508026" lon="-4.90105295"><ele>463.22</ele><time>2024-08-31T15:26:06Z</time></trkpt><trkpt lat="43.21507645" lon="-4.90106726"><ele>463.23</ele><time>2024-08-31T15:26:07Z</time></trkpt><trkpt lat="43.21507263" lon="-4.90108204"><ele>463.23</ele><time>2024-08-31T15:26:08Z</time></trkpt><trkpt lat="43.21506882" lon="-4.90109634"><ele>463.23</ele><time>2024-08-31T15:26:09Z</time></trkpt><trkpt lat="43.21506500" lon="-4.90111113"><ele>463.24</ele><time>2024-08-31T15:26:10Z</time></trkpt><trkpt lat="43.21506119" lon="-4.90112543"><ele>463.24</ele><time>2024-08-31T15:26:11Z</time></trkpt><trkpt lat="43.21505737" lon="-4.90114021"><ele>463.25</ele><time>2024-08-31T15:26:12Z</time></trkpt><trkpt lat="43.21505356" lon="-4.90115499"><ele>463.25</ele><time>2024-08-31T15:26:13Z</time></trkpt><trkpt lat="43.21504974" lon="-4.90116978"><ele>463.26</ele><time>2024-08-31T15:26:14Z</time></trkpt><trkpt lat="43.21504593" lon="-4.90118456"><ele>463.26</ele><time>2024-08-31T15:26:15Z</time></trkpt><trkpt lat="43.21504593" lon="-4.90119934"><ele>463.27</ele><time>2024-08-31T15:26:16Z</time></trkpt><trkpt lat="43.21504211" lon="-4.90121460"><ele>463.27</ele><time>2024-08-31T15:26:17Z</time></trkpt><trkpt lat="43.21503830" lon="-4.90122938"><ele>463.28</ele><time>2024-08-31T15:26:18Z</time></trkpt><trkpt lat="43.21503448" lon="-4.90124416"><ele>463.28</ele><time>2024-08-31T15:26:19Z</time></trkpt><trkpt lat="43.21503067" lon="-4.90125942"><ele>463.28</ele><time>2024-08-31T15:26:20Z</time></trkpt><trkpt lat="43.21502686" lon="-4.90127420"><ele>463.29</ele><time>2024-08-31T15:26:21Z</time></trkpt></trkseg></trk></gpx>