{"testFamily":"1","trainFamilies":["10","11","2","3","3a","3b","3c","3d","4","5","6","7","8","9","9a","9b","9c","9d"],"predictions":{"1/1_1_7_F_C":[-0.3833534,0.49122804,0.14554568],"1/1_1_9_G_C":[-0.43712842,0.64305526,0.1282182],"1/1_1_4_C_C":[-0.3979377,0.5573255,0.14729889],"1/1_pattern":[-0.2330994,0.45489696,0.026291972],"1/1_1_2_B_C":[-0.3229341,0.5586057,0.0651898],"1/1_1_3_A_C":[-0.2626871,0.5312319,-0.002456888],"1/1_1_10_H_C":[-0.42326248,0.6714522,0.189148],"1/1_1_12_I_C":[-0.45493287,0.63371086,0.12524089],"1/1_1_14_J_C":[-0.36008647,0.5999613,0.039665688],"1/1_1_8_A_C":[-0.33705032,0.54914623,0.097069785],"1/1_1_6_E_C":[-0.2669649,0.5631318,0.021830158],"1/1_1_15_J_C":[-0.13445583,0.47853082,-0.007887674],"1/1_1_1_Q_C":[-0.38891596,0.59052634,0.19381575],"1/1_1_5_D_C":[-0.18864587,0.45409346,-0.016277295],"1/1_1_11_E_C":[-0.33843708,0.5005503,0.10586852],"1/1_1_16_M_C":[-0.43039498,0.6441825,0.1050261],"1/1_1_13_J_C":[-0.33796987,0.51152545,-0.016633075]},"actualLabels":{"1/1_1_7_F_C":[12743.74,569.842,568.9622],"1/1_1_9_G_C":[12743.74,569.842,568.9622],"1/1_1_4_C_C":[12743.74,569.842,568.9622],"1/1_pattern":[12743.74,569.842,568.9622],"1/1_1_2_B_C":[12743.74,569.842,568.9622],"1/1_1_3_A_C":[12743.74,569.842,568.9622],"1/1_1_10_H_C":[12743.74,569.842,568.9622],"1/1_1_12_I_C":[12743.74,569.842,568.9622],"1/1_1_14_J_C":[12743.74,569.842,568.9622],"1/1_1_8_A_C":[12743.74,569.842,568.9622],"1/1_1_6_E_C":[12743.74,569.842,568.9622],"1/1_1_15_J_C":[12743.74,569.842,568.9622],"1/1_1_1_Q_C":[12743.74,569.842,568.9622],"1/1_1_5_D_C":[12743.74,569.842,568.9622],"1/1_1_11_E_C":[12743.74,569.842,568.9622],"1/1_1_16_M_C":[12743.74,569.842,568.9622],"1/1_1_13_J_C":[12743.74,569.842,568.9622]}}