{"testFamily":"10","trainFamilies":["1","11","2","3","3a","3b","3c","3d","4","5","6","7","8","9","9a","9b","9c","9d"],"predictions":{"10/10_pattern":[-0.12449131906032562,0.3762366771697998,0.02657710388302803],"10/16_10_10_H_B":[-0.17856620252132416,0.4522190988063812,0.0163059514015913],"10/16_10_1_A_B":[-0.15909598767757416,0.4550517797470093,0.06044689938426018],"10/16_10_2_A_B":[-0.2450626939535141,0.5243351459503174,0.03141423314809799],"10/16_10_3_A_B":[-0.1912684440612793,0.5059431791305542,0.0157886054366827],"10/16_10_4_A_B":[-0.28555524349212646,0.3100934326648712,0.0988166332244873],"10/16_10_5_A_B":[-0.20618125796318054,0.4759538471698761,0.03045511804521084],"10/16_10_14_J_B":[-0.0819319486618042,0.36696380376815796,0.041217539459466934],"10/16_10_15_J_B":[-0.0819319486618042,0.36696380376815796,0.041217539459466934],"10/16_10_8_A_B":[-0.19896909594535828,0.44946160912513733,0.00241581117734313],"10/16_10_13_J_B":[-0.234296515583992,0.5048350095748901,0.012828909792006016],"10/16_10_16_M_B":[-0.2960241138935089,0.5383718609809875,0.04694729298353195],"10/16_10_7_F_B":[-0.2616972327232361,0.2547237277030945,0.0514092743396759],"10/16_10_9_H_B":[-0.4077937602996826,0.41885682940483093,0.2351917028427124],"10/16_10_11_A_B":[-0.2907295823097229,0.3440689146518707,0.07885457575321198]},"actualLabels":{"10/10_pattern":[19454.6875,517.2526245117188,516.2526245117188],"10/16_10_10_H_B":[19454.6875,517.2526245117188,516.2526245117188],"10/16_10_1_A_B":[19454.6875,517.2526245117188,516.2526245117188],"10/16_10_2_A_B":[19454.6875,517.2526245117188,516.2526245117188],"10/16_10_3_A_B":[19454.6875,517.2526245117188,516.2526245117188],"10/16_10_4_A_B":[19454.6875,517.2526245117188,516.2526245117188],"10/16_10_5_A_B":[19454.6875,517.2526245117188,516.2526245117188],"10/16_10_14_J_B":[19454.6875,517.2526245117188,516.2526245117188],"10/16_10_15_J_B":[19454.6875,517.2526245117188,516.2526245117188],"10/16_10_8_A_B":[19454.6875,517.2526245117188,516.2526245117188],"10/16_10_13_J_B":[19454.6875,517.2526245117188,516.2526245117188],"10/16_10_16_M_B":[19454.6875,517.2526245117188,516.2526245117188],"10/16_10_7_F_B":[19454.6875,517.2526245117188,516.2526245117188],"10/16_10_9_H_B":[19454.6875,517.2526245117188,516.2526245117188],"10/16_10_11_A_B":[19454.6875,517.2526245117188,516.2526245117188]}}