{"testFamily":"10","trainFamilies":["1","11","2","3","3a","3b","3c","3d","4","5","6","7","8","9","9a","9b","9c","9d"],"predictions":{"10/16_10_9_H_B":[-0.40779373,0.418857,0.23519172],"10/16_10_11_A_B":[-0.29072964,0.34406886,0.0788546],"10/10_pattern":[-0.12449138,0.37623668,0.026577104],"10/16_10_10_H_B":[-0.17856619,0.45221913,0.016305903],"10/16_10_1_A_B":[-0.15909593,0.45505178,0.06044696],"10/16_10_2_A_B":[-0.24506272,0.5243351,0.031414185],"10/16_10_3_A_B":[-0.19126846,0.5059431,0.015788475],"10/16_10_4_A_B":[-0.2855553,0.3100936,0.09881668],"10/16_10_5_A_B":[-0.20618123,0.47595385,0.03045513],"10/16_10_14_J_B":[-0.081932016,0.36696395,0.041217588],"10/16_10_15_J_B":[-0.081932016,0.36696395,0.041217588],"10/16_10_8_A_B":[-0.19896904,0.44946176,0.0024158275],"10/16_10_13_J_B":[-0.23429649,0.504835,0.012828941],"10/16_10_16_M_B":[-0.29602405,0.53837204,0.04694722],"10/16_10_7_F_B":[-0.2616972,0.2547237,0.051409297]},"actualLabels":{"10/16_10_9_H_B":[19454.688,517.2526,516.2526],"10/16_10_11_A_B":[19454.688,517.2526,516.2526],"10/10_pattern":[19454.688,517.2526,516.2526],"10/16_10_10_H_B":[19454.688,517.2526,516.2526],"10/16_10_1_A_B":[19454.688,517.2526,516.2526],"10/16_10_2_A_B":[19454.688,517.2526,516.2526],"10/16_10_3_A_B":[19454.688,517.2526,516.2526],"10/16_10_4_A_B":[19454.688,517.2526,516.2526],"10/16_10_5_A_B":[19454.688,517.2526,516.2526],"10/16_10_14_J_B":[19454.688,517.2526,516.2526],"10/16_10_15_J_B":[19454.688,517.2526,516.2526],"10/16_10_8_A_B":[19454.688,517.2526,516.2526],"10/16_10_13_J_B":[19454.688,517.2526,516.2526],"10/16_10_16_M_B":[19454.688,517.2526,516.2526],"10/16_10_7_F_B":[19454.688,517.2526,516.2526]}}