{"testFamily":"1","trainFamilies":["10","11","2","3","3a","3b","3c","3d","4","5","6","7","8","9","9a","9b","9c","9d"],"predictions":{"1/1_1_15_J_C":[-0.13445574045181274,0.47853073477745056,-0.007887703366577625],"1/1_1_1_Q_C":[-0.3889160454273224,0.5905265212059021,0.19381588697433472],"1/1_1_5_D_C":[-0.18864579498767853,0.4540935456752777,-0.016277242451906204],"1/1_1_11_E_C":[-0.3384370505809784,0.5005504488945007,0.10586846619844437],"1/1_1_16_M_C":[-0.4303949773311615,0.6441824436187744,0.10502607375383377],"1/1_1_13_J_C":[-0.3379698693752289,0.5115254521369934,-0.016633104532957077],"1/1_1_7_F_C":[-0.38335350155830383,0.49122804403305054,0.14554566144943237],"1/1_1_9_G_C":[-0.4371283948421478,0.6430553793907166,0.1282181739807129],"1/1_1_4_C_C":[-0.397937536239624,0.557325541973114,0.14729902148246765],"1/1_pattern":[-0.23309941589832306,0.45489701628685,0.02629202976822853],"1/1_1_2_B_C":[-0.32293403148651123,0.5586055517196655,0.06518986076116562],"1/1_1_3_A_C":[-0.2626870572566986,0.5312318801879883,-0.0024568650405853987],"1/1_1_10_H_C":[-0.42326244711875916,0.6714521646499634,0.1891479641199112],"1/1_1_12_I_C":[-0.4549328684806824,0.6337109208106995,0.12524090707302094],"1/1_1_14_J_C":[-0.3600865304470062,0.5999614596366882,0.03966565430164337],"1/1_1_8_A_C":[-0.33705031871795654,0.5491461753845215,0.09706978499889374],"1/1_1_6_E_C":[-0.2669648826122284,0.5631316900253296,0.021829970180988312]},"actualLabels":{"1/1_1_15_J_C":[12743.740234375,569.8419799804688,568.9622192382812],"1/1_1_1_Q_C":[12743.740234375,569.8419799804688,568.9622192382812],"1/1_1_5_D_C":[12743.740234375,569.8419799804688,568.9622192382812],"1/1_1_11_E_C":[12743.740234375,569.8419799804688,568.9622192382812],"1/1_1_16_M_C":[12743.740234375,569.8419799804688,568.9622192382812],"1/1_1_13_J_C":[12743.740234375,569.8419799804688,568.9622192382812],"1/1_1_7_F_C":[12743.740234375,569.8419799804688,568.9622192382812],"1/1_1_9_G_C":[12743.740234375,569.8419799804688,568.9622192382812],"1/1_1_4_C_C":[12743.740234375,569.8419799804688,568.9622192382812],"1/1_pattern":[12743.740234375,569.8419799804688,568.9622192382812],"1/1_1_2_B_C":[12743.740234375,569.8419799804688,568.9622192382812],"1/1_1_3_A_C":[12743.740234375,569.8419799804688,568.9622192382812],"1/1_1_10_H_C":[12743.740234375,569.8419799804688,568.9622192382812],"1/1_1_12_I_C":[12743.740234375,569.8419799804688,568.9622192382812],"1/1_1_14_J_C":[12743.740234375,569.8419799804688,568.9622192382812],"1/1_1_8_A_C":[12743.740234375,569.8419799804688,568.9622192382812],"1/1_1_6_E_C":[12743.740234375,569.8419799804688,568.9622192382812]}}