<?xml version='1.0' encoding='utf-8'?>
<gpx version="1.1" creator="median_filter" xmlns="http://www.topografix.com/GPX/1/1"><trk><name>Median Filtered Track</name><trkseg><trkpt lat="43.38538521" lon="-5.82080726"><ele>172.30</ele><time>2024-08-27T11:24:09Z</time></trkpt><trkpt lat="43.38538521" lon="-5.82080726"><ele>172.30</ele><time>2024-08-27T11:24:10Z</time></trkpt><trkpt lat="43.38538540" lon="-5.82080782"><ele>172.29</ele><time>2024-08-27T11:24:11Z</time></trkpt><trkpt lat="43.38538559" lon="-5.82080837"><ele>172.27</ele><time>2024-08-27T11:24:12Z</time></trkpt><trkpt lat="43.38538578" lon="-5.82080893"><ele>172.25</ele><time>2024-08-27T11:24:13Z</time></trkpt><trkpt lat="43.38538597" lon="-5.82080949"><ele>172.23</ele><time>2024-08-27T11:24:14Z</time></trkpt><trkpt lat="43.38538616" lon="-5.82081004"><ele>172.22</ele><time>2024-08-27T11:24:15Z</time></trkpt><trkpt lat="43.38538635" lon="-5.82081060"><ele>172.20</ele><time>2024-08-27T11:24:16Z</time></trkpt><trkpt lat="43.38538654" lon="-5.82081115"><ele>172.18</ele><time>2024-08-27T11:24:17Z</time></trkpt><trkpt lat="43.38538673" lon="-5.82081171"><ele>172.17</ele><time>2024-08-27T11:24:18Z</time></trkpt><trkpt lat="43.38538692" lon="-5.82081227"><ele>172.15</ele><time>2024-08-27T11:24:19Z</time></trkpt><trkpt lat="43.38538711" lon="-5.82081282"><ele>172.13</ele><time>2024-08-27T11:24:20Z</time></trkpt><trkpt lat="43.38538730" lon="-5.82081338"><ele>172.12</ele><time>2024-08-27T11:24:21Z</time></trkpt><trkpt lat="43.38538749" lon="-5.82081393"><ele>172.10</ele><time>2024-08-27T11:24:22Z</time></trkpt><trkpt lat="43.38538768" lon="-5.82081449"><ele>172.08</ele><time>2024-08-27T11:24:23Z</time></trkpt><trkpt lat="43.38538787" lon="-5.82081505"><ele>172.06</ele><time>2024-08-27T11:24:24Z</time></trkpt><trkpt lat="43.38538806" lon="-5.82081560"><ele>172.05</ele><time>2024-08-27T11:24:25Z</time></trkpt><trkpt lat="43.38538825" lon="-5.82081616"><ele>172.03</ele><time>2024-08-27T11:24:26Z</time></trkpt><trkpt lat="43.38538844" lon="-5.82081671"><ele>172.01</ele><time>2024-08-27T11:24:27Z</time></trkpt><trkpt lat="43.38538863" lon="-5.82081727"><ele>172.00</ele><time>2024-08-27T11:24:28Z</time></trkpt><trkpt lat="43.38538882" lon="-5.82081783"><ele>171.98</ele><time>2024-08-27T11:24:29Z</time></trkpt><trkpt lat="43.38538901" lon="-5.82081838"><ele>171.96</ele><time>2024-08-27T11:24:30Z</time></trkpt><trkpt lat="43.38538920" lon="-5.82081894"><ele>171.95</ele><time>2024-08-27T11:24:31Z</time></trkpt><trkpt lat="43.38538939" lon="-5.82081949"><ele>171.93</ele><time>2024-08-27T11:24:32Z</time></trkpt><trkpt lat="43.38538958" lon="-5.82082005"><ele>171.91</ele><time>2024-08-27T11:24:33Z</time></trkpt><trkpt lat="43.38538977" lon="-5.82082061"><ele>171.90</ele><time>2024-08-27T11:24:34Z</time></trkpt><trkpt lat="43.38538996" lon="-5.82082116"><ele>171.88</ele><time>2024-08-27T11:24:35Z</time></trkpt><trkpt lat="43.38539015" lon="-5.82082172"><ele>171.86</ele><time>2024-08-27T11:24:36Z</time></trkpt><trkpt lat="43.38539034" lon="-5.82082227"><ele>171.84</ele><time>2024-08-27T11:24:37Z</time></trkpt><trkpt lat="43.38539050" lon="-5.82082283"><ele>171.83</ele><time>2024-08-27T11:24:38Z</time></trkpt><trkpt lat="43.38539050" lon="-5.82082339"><ele>171.82</ele><time>2024-08-27T11:24:39Z</time></trkpt><trkpt lat="43.38539050" lon="-5.82082357"><ele>171.82</ele><time>2024-08-27T11:24:40Z</time></trkpt><trkpt lat="43.38539028" lon="-5.82082375"><ele>171.82</ele><time>2024-08-27T11:24:41Z</time></trkpt><trkpt lat="43.38539006" lon="-5.82082394"><ele>171.82</ele><time>2024-08-27T11:24:42Z</time></trkpt><trkpt lat="43.38538984" lon="-5.82082412"><ele>171.83</ele><time>2024-08-27T11:24:43Z</time></trkpt><trkpt lat="43.38538962" lon="-5.82082430"><ele>171.83</ele><time>2024-08-27T11:24:44Z</time></trkpt><trkpt lat="43.38538940" lon="-5.82082449"><ele>171.83</ele><time>2024-08-27T11:24:45Z</time></trkpt><trkpt lat="43.38538918" lon="-5.82082467"><ele>171.84</ele><time>2024-08-27T11:24:46Z</time></trkpt><trkpt lat="43.38538896" lon="-5.82082485"><ele>171.84</ele><time>2024-08-27T11:24:47Z</time></trkpt><trkpt lat="43.38538874" lon="-5.82082504"><ele>171.85</ele><time>2024-08-27T11:24:48Z</time></trkpt><trkpt lat="43.38538852" lon="-5.82082522"><ele>171.85</ele><time>2024-08-27T11:24:49Z</time></trkpt><trkpt lat="43.38538830" lon="-5.82082540"><ele>171.85</ele><time>2024-08-27T11:24:50Z</time></trkpt><trkpt lat="43.38538808" lon="-5.82082558"><ele>171.86</ele><time>2024-08-27T11:24:51Z</time></trkpt><trkpt lat="43.38538786" lon="-5.82082577"><ele>171.86</ele><time>2024-08-27T11:24:52Z</time></trkpt><trkpt lat="43.38538764" lon="-5.82082595"><ele>171.87</ele><time>2024-08-27T11:24:53Z</time></trkpt><trkpt lat="43.38538742" lon="-5.82082613"><ele>171.87</ele><time>2024-08-27T11:24:54Z</time></trkpt><trkpt lat="43.38538720" lon="-5.82082632"><ele>171.87</ele><time>2024-08-27T11:24:55Z</time></trkpt><trkpt lat="43.38538698" lon="-5.82082650"><ele>171.88</ele><time>2024-08-27T11:24:56Z</time></trkpt><trkpt lat="43.38538676" lon="-5.82082668"><ele>171.88</ele><time>2024-08-27T11:24:57Z</time></trkpt><trkpt lat="43.38538654" lon="-5.82082687"><ele>171.89</ele><time>2024-08-27T11:24:58Z</time></trkpt><trkpt lat="43.38538632" lon="-5.82082705"><ele>171.89</ele><time>2024-08-27T11:24:59Z</time></trkpt><trkpt lat="43.38538610" lon="-5.82082723"><ele>171.89</ele><time>2024-08-27T11:25:00Z</time></trkpt><trkpt lat="43.38538588" lon="-5.82082742"><ele>171.90</ele><time>2024-08-27T11:25:01Z</time></trkpt><trkpt lat="43.38538566" lon="-5.82082760"><ele>171.90</ele><time>2024-08-27T11:25:02Z</time></trkpt><trkpt lat="43.38538544" lon="-5.82082778"><ele>171.91</ele><time>2024-08-27T11:25:03Z</time></trkpt><trkpt lat="43.38538521" lon="-5.82082797"><ele>171.91</ele><time>2024-08-27T11:25:04Z</time></trkpt><trkpt lat="43.38538499" lon="-5.82082815"><ele>171.91</ele><time>2024-08-27T11:25:05Z</time></trkpt><trkpt lat="43.38538477" lon="-5.82082833"><ele>171.92</ele><time>2024-08-27T11:25:06Z</time></trkpt><trkpt lat="43.38538455" lon="-5.82082852"><ele>171.92</ele><time>2024-08-27T11:25:07Z</time></trkpt><trkpt lat="43.38538433" lon="-5.82082870"><ele>171.93</ele><time>2024-08-27T11:25:08Z</time></trkpt><trkpt lat="43.38538411" lon="-5.82082888"><ele>171.93</ele><time>2024-08-27T11:25:09Z</time></trkpt><trkpt lat="43.38538389" lon="-5.82082907"><ele>171.93</ele><time>2024-08-27T11:25:10Z</time></trkpt><trkpt lat="43.38538367" lon="-5.82082925"><ele>171.94</ele><time>2024-08-27T11:25:11Z</time></trkpt><trkpt lat="43.38538345" lon="-5.82082943"><ele>171.94</ele><time>2024-08-27T11:25:12Z</time></trkpt><trkpt lat="43.38538323" lon="-5.82082962"><ele>171.95</ele><time>2024-08-27T11:25:13Z</time></trkpt><trkpt lat="43.38538301" lon="-5.82082980"><ele>171.95</ele><time>2024-08-27T11:25:14Z</time></trkpt><trkpt lat="43.38538279" lon="-5.82082998"><ele>171.95</ele><time>2024-08-27T11:25:15Z</time></trkpt><trkpt lat="43.38538257" lon="-5.82083016"><ele>171.96</ele><time>2024-08-27T11:25:16Z</time></trkpt><trkpt lat="43.38538235" lon="-5.82083035"><ele>171.96</ele><time>2024-08-27T11:25:17Z</time></trkpt><trkpt lat="43.38538213" lon="-5.82083053"><ele>171.97</ele><time>2024-08-27T11:25:18Z</time></trkpt><trkpt lat="43.38538191" lon="-5.82083071"><ele>171.97</ele><time>2024-08-27T11:25:19Z</time></trkpt><trkpt lat="43.38538169" lon="-5.82083090"><ele>171.97</ele><time>2024-08-27T11:25:20Z</time></trkpt><trkpt lat="43.38538147" lon="-5.82083108"><ele>171.98</ele><time>2024-08-27T11:25:21Z</time></trkpt><trkpt lat="43.38538125" lon="-5.82083126"><ele>171.98</ele><time>2024-08-27T11:25:22Z</time></trkpt><trkpt lat="43.38538103" lon="-5.82083145"><ele>171.99</ele><time>2024-08-27T11:25:23Z</time></trkpt><trkpt lat="43.38538081" lon="-5.82083163"><ele>171.99</ele><time>2024-08-27T11:25:24Z</time></trkpt><trkpt lat="43.38538059" lon="-5.82083181"><ele>171.99</ele><time>2024-08-27T11:25:25Z</time></trkpt><trkpt lat="43.38538037" lon="-5.82083200"><ele>172.00</ele><time>2024-08-27T11:25:26Z</time></trkpt><trkpt lat="43.38538015" lon="-5.82083218"><ele>172.00</ele><time>2024-08-27T11:25:27Z</time></trkpt><trkpt lat="43.38537993" lon="-5.82083236"><ele>172.01</ele><time>2024-08-27T11:25:28Z</time></trkpt><trkpt lat="43.38537971" lon="-5.82083255"><ele>172.01</ele><time>2024-08-27T11:25:29Z</time></trkpt><trkpt lat="43.38537949" lon="-5.82083273"><ele>172.01</ele><time>2024-08-27T11:25:30Z</time></trkpt><trkpt lat="43.38537927" lon="-5.82083291"><ele>172.02</ele><time>2024-08-27T11:25:31Z</time></trkpt><trkpt lat="43.38537905" lon="-5.82083310"><ele>172.02</ele><time>2024-08-27T11:25:32Z</time></trkpt><trkpt lat="43.38537883" lon="-5.82083328"><ele>172.03</ele><time>2024-08-27T11:25:33Z</time></trkpt><trkpt lat="43.38537861" lon="-5.82083346"><ele>172.03</ele><time>2024-08-27T11:25:34Z</time></trkpt><trkpt lat="43.38537838" lon="-5.82083365"><ele>172.03</ele><time>2024-08-27T11:25:35Z</time></trkpt><trkpt lat="43.38537816" lon="-5.82083383"><ele>172.04</ele><time>2024-08-27T11:25:36Z</time></trkpt><trkpt lat="43.38537794" lon="-5.82083401"><ele>172.04</ele><time>2024-08-27T11:25:37Z</time></trkpt><trkpt lat="43.38537772" lon="-5.82083420"><ele>172.05</ele><time>2024-08-27T11:25:38Z</time></trkpt><trkpt lat="43.38537750" lon="-5.82083438"><ele>172.05</ele><time>2024-08-27T11:25:39Z</time></trkpt><trkpt lat="43.38537728" lon="-5.82083456"><ele>172.05</ele><time>2024-08-27T11:25:40Z</time></trkpt><trkpt lat="43.38537706" lon="-5.82083474"><ele>172.06</ele><time>2024-08-27T11:25:41Z</time></trkpt><trkpt lat="43.38537684" lon="-5.82083493"><ele>172.06</ele><time>2024-08-27T11:25:42Z</time></trkpt><trkpt lat="43.38537662" lon="-5.82083511"><ele>172.07</ele><time>2024-08-27T11:25:43Z</time></trkpt><trkpt lat="43.38537640" lon="-5.82083529"><ele>172.07</ele><time>2024-08-27T11:25:44Z</time></trkpt><trkpt lat="43.38537618" lon="-5.82083548"><ele>172.07</ele><time>2024-08-27T11:25:45Z</time></trkpt><trkpt lat="43.38537596" lon="-5.82083566"><ele>172.08</ele><time>2024-08-27T11:25:46Z</time></trkpt><trkpt lat="43.38537574" lon="-5.82083584"><ele>172.08</ele><time>2024-08-27T11:25:47Z</time></trkpt><trkpt lat="43.38537552" lon="-5.82083603"><ele>172.09</ele><time>2024-08-27T11:25:48Z</time></trkpt><trkpt lat="43.38537530" lon="-5.82083604"><ele>172.09</ele><time>2024-08-27T11:25:49Z</time></trkpt><trkpt lat="43.38537492" lon="-5.82083604"><ele>172.09</ele><time>2024-08-27T11:25:50Z</time></trkpt><trkpt lat="43.38537453" lon="-5.82083604"><ele>172.10</ele><time>2024-08-27T11:25:51Z</time></trkpt><trkpt lat="43.38537414" lon="-5.82083595"><ele>172.10</ele><time>2024-08-27T11:25:52Z</time></trkpt><trkpt lat="43.38537376" lon="-5.82083587"><ele>172.10</ele><time>2024-08-27T11:25:53Z</time></trkpt><trkpt lat="43.38537337" lon="-5.82083578"><ele>172.11</ele><time>2024-08-27T11:25:54Z</time></trkpt><trkpt lat="43.38537299" lon="-5.82083569"><ele>172.11</ele><time>2024-08-27T11:25:55Z</time></trkpt><trkpt lat="43.38537260" lon="-5.82083561"><ele>172.11</ele><time>2024-08-27T11:25:56Z</time></trkpt><trkpt lat="43.38537222" lon="-5.82083552"><ele>172.12</ele><time>2024-08-27T11:25:57Z</time></trkpt><trkpt lat="43.38537183" lon="-5.82083544"><ele>172.12</ele><time>2024-08-27T11:25:58Z</time></trkpt><trkpt lat="43.38537145" lon="-5.82083535"><ele>172.12</ele><time>2024-08-27T11:25:59Z</time></trkpt><trkpt lat="43.38537106" lon="-5.82083527"><ele>172.12</ele><time>2024-08-27T11:26:00Z</time></trkpt><trkpt lat="43.38537068" lon="-5.82083518"><ele>172.13</ele><time>2024-08-27T11:26:01Z</time></trkpt><trkpt lat="43.38537029" lon="-5.82083509"><ele>172.13</ele><time>2024-08-27T11:26:02Z</time></trkpt><trkpt lat="43.38536991" lon="-5.82083501"><ele>172.13</ele><time>2024-08-27T11:26:03Z</time></trkpt><trkpt lat="43.38536952" lon="-5.82083492"><ele>172.14</ele><time>2024-08-27T11:26:04Z</time></trkpt><trkpt lat="43.38536914" lon="-5.82083484"><ele>172.14</ele><time>2024-08-27T11:26:05Z</time></trkpt><trkpt lat="43.38536875" lon="-5.82083475"><ele>172.14</ele><time>2024-08-27T11:26:06Z</time></trkpt><trkpt lat="43.38536837" lon="-5.82083466"><ele>172.15</ele><time>2024-08-27T11:26:07Z</time></trkpt><trkpt lat="43.38536798" lon="-5.82083458"><ele>172.15</ele><time>2024-08-27T11:26:08Z</time></trkpt><trkpt lat="43.38536760" lon="-5.82083449"><ele>172.15</ele><time>2024-08-27T11:26:09Z</time></trkpt><trkpt lat="43.38536721" lon="-5.82083441"><ele>172.16</ele><time>2024-08-27T11:26:10Z</time></trkpt><trkpt lat="43.38536683" lon="-5.82083432"><ele>172.16</ele><time>2024-08-27T11:26:11Z</time></trkpt><trkpt lat="43.38536644" lon="-5.82083423"><ele>172.16</ele><time>2024-08-27T11:26:12Z</time></trkpt><trkpt lat="43.38536606" lon="-5.82083415"><ele>172.17</ele><time>2024-08-27T11:26:13Z</time></trkpt><trkpt lat="43.38536567" lon="-5.82083406"><ele>172.17</ele><time>2024-08-27T11:26:14Z</time></trkpt><trkpt lat="43.38536529" lon="-5.82083398"><ele>172.17</ele><time>2024-08-27T11:26:15Z</time></trkpt><trkpt lat="43.38536490" lon="-5.82083389"><ele>172.18</ele><time>2024-08-27T11:26:16Z</time></trkpt><trkpt lat="43.38536452" lon="-5.82083380"><ele>172.18</ele><time>2024-08-27T11:26:17Z</time></trkpt><trkpt lat="43.38536413" lon="-5.82083372"><ele>172.18</ele><time>2024-08-27T11:26:18Z</time></trkpt><trkpt lat="43.38536375" lon="-5.82083363"><ele>172.18</ele><time>2024-08-27T11:26:19Z</time></trkpt><trkpt lat="43.38536336" lon="-5.82083355"><ele>172.19</ele><time>2024-08-27T11:26:20Z</time></trkpt><trkpt lat="43.38536298" lon="-5.82083346"><ele>172.19</ele><time>2024-08-27T11:26:21Z</time></trkpt><trkpt lat="43.38536259" lon="-5.82083337"><ele>172.19</ele><time>2024-08-27T11:26:22Z</time></trkpt><trkpt lat="43.38536221" lon="-5.82083329"><ele>172.20</ele><time>2024-08-27T11:26:23Z</time></trkpt><trkpt lat="43.38536182" lon="-5.82083320"><ele>172.20</ele><time>2024-08-27T11:26:24Z</time></trkpt><trkpt lat="43.38536144" lon="-5.82083312"><ele>172.20</ele><time>2024-08-27T11:26:25Z</time></trkpt><trkpt lat="43.38536105" lon="-5.82083303"><ele>172.21</ele><time>2024-08-27T11:26:26Z</time></trkpt><trkpt lat="43.38536066" lon="-5.82083294"><ele>172.21</ele><time>2024-08-27T11:26:27Z</time></trkpt><trkpt lat="43.38536028" lon="-5.82083286"><ele>172.21</ele><time>2024-08-27T11:26:28Z</time></trkpt><trkpt lat="43.38535989" lon="-5.82083277"><ele>172.22</ele><time>2024-08-27T11:26:29Z</time></trkpt><trkpt lat="43.38535951" lon="-5.82083269"><ele>172.22</ele><time>2024-08-27T11:26:30Z</time></trkpt><trkpt lat="43.38535912" lon="-5.82083260"><ele>172.22</ele><time>2024-08-27T11:26:31Z</time></trkpt><trkpt lat="43.38535874" lon="-5.82083252"><ele>172.23</ele><time>2024-08-27T11:26:32Z</time></trkpt><trkpt lat="43.38535835" lon="-5.82083243"><ele>172.23</ele><time>2024-08-27T11:26:33Z</time></trkpt><trkpt lat="43.38535797" lon="-5.82083234"><ele>172.23</ele><time>2024-08-27T11:26:34Z</time></trkpt><trkpt lat="43.38535758" lon="-5.82083226"><ele>172.24</ele><time>2024-08-27T11:26:35Z</time></trkpt><trkpt lat="43.38535720" lon="-5.82083217"><ele>172.24</ele><time>2024-08-27T11:26:36Z</time></trkpt><trkpt lat="43.38535681" lon="-5.82083209"><ele>172.24</ele><time>2024-08-27T11:26:37Z</time></trkpt><trkpt lat="43.38535643" lon="-5.82083200"><ele>172.25</ele><time>2024-08-27T11:26:38Z</time></trkpt><trkpt lat="43.38535604" lon="-5.82083191"><ele>172.25</ele><time>2024-08-27T11:26:39Z</time></trkpt><trkpt lat="43.38535566" lon="-5.82083183"><ele>172.25</ele><time>2024-08-27T11:26:40Z</time></trkpt><trkpt lat="43.38535527" lon="-5.82083174"><ele>172.25</ele><time>2024-08-27T11:26:41Z</time></trkpt><trkpt lat="43.38535489" lon="-5.82083166"><ele>172.26</ele><time>2024-08-27T11:26:42Z</time></trkpt><trkpt lat="43.38535450" lon="-5.82083157"><ele>172.26</ele><time>2024-08-27T11:26:43Z</time></trkpt><trkpt lat="43.38535412" lon="-5.82083148"><ele>172.26</ele><time>2024-08-27T11:26:44Z</time></trkpt><trkpt lat="43.38535373" lon="-5.82083140"><ele>172.27</ele><time>2024-08-27T11:26:45Z</time></trkpt><trkpt lat="43.38535335" lon="-5.82083131"><ele>172.27</ele><time>2024-08-27T11:26:46Z</time></trkpt><trkpt lat="43.38535296" lon="-5.82083123"><ele>172.27</ele><time>2024-08-27T11:26:47Z</time></trkpt><trkpt lat="43.38535258" lon="-5.82083114"><ele>172.28</ele><time>2024-08-27T11:26:48Z</time></trkpt><trkpt lat="43.38535219" lon="-5.82083105"><ele>172.28</ele><time>2024-08-27T11:26:49Z</time></trkpt><trkpt lat="43.38535181" lon="-5.82083097"><ele>172.28</ele><time>2024-08-27T11:26:50Z</time></trkpt><trkpt lat="43.38535142" lon="-5.82083088"><ele>172.29</ele><time>2024-08-27T11:26:51Z</time></trkpt><trkpt lat="43.38535104" lon="-5.82083080"><ele>172.29</ele><time>2024-08-27T11:26:52Z</time></trkpt><trkpt lat="43.38535065" lon="-5.82083071"><ele>172.29</ele><time>2024-08-27T11:26:53Z</time></trkpt><trkpt lat="43.38535027" lon="-5.82083062"><ele>172.30</ele><time>2024-08-27T11:26:54Z</time></trkpt><trkpt lat="43.38534988" lon="-5.82083054"><ele>172.30</ele><time>2024-08-27T11:26:55Z</time></trkpt><trkpt lat="43.38534950" lon="-5.82083045"><ele>172.30</ele><time>2024-08-27T11:26:56Z</time></trkpt><trkpt lat="43.38534911" lon="-5.82083037"><ele>172.31</ele><time>2024-08-27T11:26:57Z</time></trkpt><trkpt lat="43.38534873" lon="-5.82083028"><ele>172.31</ele><time>2024-08-27T11:26:58Z</time></trkpt><trkpt lat="43.38534834" lon="-5.82083019"><ele>172.31</ele><time>2024-08-27T11:26:59Z</time></trkpt><trkpt lat="43.38534796" lon="-5.82083011"><ele>172.31</ele><time>2024-08-27T11:27:00Z</time></trkpt><trkpt lat="43.38534757" lon="-5.82083002"><ele>172.32</ele><time>2024-08-27T11:27:01Z</time></trkpt><trkpt lat="43.38534718" lon="-5.82082994"><ele>172.32</ele><time>2024-08-27T11:27:02Z</time></trkpt><trkpt lat="43.38534680" lon="-5.82082985"><ele>172.32</ele><time>2024-08-27T11:27:03Z</time></trkpt><trkpt lat="43.38534641" lon="-5.82082977"><ele>172.33</ele><time>2024-08-27T11:27:04Z</time></trkpt><trkpt lat="43.38534603" lon="-5.82082968"><ele>172.33</ele><time>2024-08-27T11:27:05Z</time></trkpt><trkpt lat="43.38534564" lon="-5.82082959"><ele>172.33</ele><time>2024-08-27T11:27:06Z</time></trkpt><trkpt lat="43.38534526" lon="-5.82082959"><ele>172.34</ele><time>2024-08-27T11:27:07Z</time></trkpt><trkpt lat="43.38534494" lon="-5.82082959"><ele>172.34</ele><time>2024-08-27T11:27:08Z</time></trkpt><trkpt lat="43.38534494" lon="-5.82082974"><ele>172.34</ele><time>2024-08-27T11:27:09Z</time></trkpt><trkpt lat="43.38534494" lon="-5.82083006"><ele>172.33</ele><time>2024-08-27T11:27:10Z</time></trkpt><trkpt lat="43.38534498" lon="-5.82083038"><ele>172.33</ele><time>2024-08-27T11:27:11Z</time></trkpt><trkpt lat="43.38534501" lon="-5.82083070"><ele>172.32</ele><time>2024-08-27T11:27:12Z</time></trkpt><trkpt lat="43.38534504" lon="-5.82083102"><ele>172.32</ele><time>2024-08-27T11:27:13Z</time></trkpt><trkpt lat="43.38534508" lon="-5.82083134"><ele>172.32</ele><time>2024-08-27T11:27:14Z</time></trkpt><trkpt lat="43.38534511" lon="-5.82083166"><ele>172.31</ele><time>2024-08-27T11:27:15Z</time></trkpt><trkpt lat="43.38534515" lon="-5.82083198"><ele>172.31</ele><time>2024-08-27T11:27:16Z</time></trkpt><trkpt lat="43.38534518" lon="-5.82083230"><ele>172.30</ele><time>2024-08-27T11:27:17Z</time></trkpt><trkpt lat="43.38534521" lon="-5.82083262"><ele>172.30</ele><time>2024-08-27T11:27:18Z</time></trkpt><trkpt lat="43.38534525" lon="-5.82083293"><ele>172.30</ele><time>2024-08-27T11:27:19Z</time></trkpt><trkpt lat="43.38534528" lon="-5.82083325"><ele>172.29</ele><time>2024-08-27T11:27:20Z</time></trkpt><trkpt lat="43.38534532" lon="-5.82083357"><ele>172.29</ele><time>2024-08-27T11:27:21Z</time></trkpt><trkpt lat="43.38534535" lon="-5.82083389"><ele>172.28</ele><time>2024-08-27T11:27:22Z</time></trkpt><trkpt lat="43.38534538" lon="-5.82083421"><ele>172.28</ele><time>2024-08-27T11:27:23Z</time></trkpt><trkpt lat="43.38534542" lon="-5.82083453"><ele>172.28</ele><time>2024-08-27T11:27:24Z</time></trkpt><trkpt lat="43.38534545" lon="-5.82083485"><ele>172.27</ele><time>2024-08-27T11:27:25Z</time></trkpt><trkpt lat="43.38534549" lon="-5.82083517"><ele>172.27</ele><time>2024-08-27T11:27:26Z</time></trkpt><trkpt lat="43.38534552" lon="-5.82083549"><ele>172.26</ele><time>2024-08-27T11:27:27Z</time></trkpt><trkpt lat="43.38534555" lon="-5.82083581"><ele>172.26</ele><time>2024-08-27T11:27:28Z</time></trkpt><trkpt lat="43.38534559" lon="-5.82083613"><ele>172.25</ele><time>2024-08-27T11:27:29Z</time></trkpt><trkpt lat="43.38534562" lon="-5.82083645"><ele>172.25</ele><time>2024-08-27T11:27:30Z</time></trkpt><trkpt lat="43.38534566" lon="-5.82083677"><ele>172.25</ele><time>2024-08-27T11:27:31Z</time></trkpt><trkpt lat="43.38534569" lon="-5.82083709"><ele>172.24</ele><time>2024-08-27T11:27:32Z</time></trkpt><trkpt lat="43.38534572" lon="-5.82083741"><ele>172.24</ele><time>2024-08-27T11:27:33Z</time></trkpt><trkpt lat="43.38534576" lon="-5.82083773"><ele>172.23</ele><time>2024-08-27T11:27:34Z</time></trkpt><trkpt lat="43.38534579" lon="-5.82083805"><ele>172.23</ele><time>2024-08-27T11:27:35Z</time></trkpt><trkpt lat="43.38534583" lon="-5.82083837"><ele>172.23</ele><time>2024-08-27T11:27:36Z</time></trkpt><trkpt lat="43.38534586" lon="-5.82083868"><ele>172.22</ele><time>2024-08-27T11:27:37Z</time></trkpt><trkpt lat="43.38534589" lon="-5.82083900"><ele>172.22</ele><time>2024-08-27T11:27:38Z</time></trkpt><trkpt lat="43.38534593" lon="-5.82083932"><ele>172.21</ele><time>2024-08-27T11:27:39Z</time></trkpt><trkpt lat="43.38534596" lon="-5.82083964"><ele>172.21</ele><time>2024-08-27T11:27:40Z</time></trkpt><trkpt lat="43.38534600" lon="-5.82083996"><ele>172.21</ele><time>2024-08-27T11:27:41Z</time></trkpt><trkpt lat="43.38534603" lon="-5.82084028"><ele>172.20</ele><time>2024-08-27T11:27:42Z</time></trkpt><trkpt lat="43.38534606" lon="-5.82084060"><ele>172.20</ele><time>2024-08-27T11:27:43Z</time></trkpt><trkpt lat="43.38534610" lon="-5.82084092"><ele>172.19</ele><time>2024-08-27T11:27:44Z</time></trkpt><trkpt lat="43.38534613" lon="-5.82084092"><ele>172.19</ele><time>2024-08-27T11:27:45Z</time></trkpt><trkpt lat="43.38534676" lon="-5.82084092"><ele>172.17</ele><time>2024-08-27T11:27:46Z</time></trkpt><trkpt lat="43.38534739" lon="-5.82084060"><ele>172.15</ele><time>2024-08-27T11:27:47Z</time></trkpt><trkpt lat="43.38534802" lon="-5.82084027"><ele>172.13</ele><time>2024-08-27T11:27:48Z</time></trkpt><trkpt lat="43.38534865" lon="-5.82083995"><ele>172.11</ele><time>2024-08-27T11:27:49Z</time></trkpt><trkpt lat="43.38534929" lon="-5.82083963"><ele>172.09</ele><time>2024-08-27T11:27:50Z</time></trkpt><trkpt lat="43.38534992" lon="-5.82083931"><ele>172.07</ele><time>2024-08-27T11:27:51Z</time></trkpt><trkpt lat="43.38535055" lon="-5.82083899"><ele>172.05</ele><time>2024-08-27T11:27:52Z</time></trkpt><trkpt lat="43.38535118" lon="-5.82083866"><ele>172.03</ele><time>2024-08-27T11:27:53Z</time></trkpt><trkpt lat="43.38535181" lon="-5.82083834"><ele>172.01</ele><time>2024-08-27T11:27:54Z</time></trkpt><trkpt lat="43.38535244" lon="-5.82083802"><ele>172.00</ele><time>2024-08-27T11:27:55Z</time></trkpt><trkpt lat="43.38535307" lon="-5.82083770"><ele>171.98</ele><time>2024-08-27T11:27:56Z</time></trkpt><trkpt lat="43.38535370" lon="-5.82083738"><ele>171.96</ele><time>2024-08-27T11:27:57Z</time></trkpt><trkpt lat="43.38535433" lon="-5.82083705"><ele>171.94</ele><time>2024-08-27T11:27:58Z</time></trkpt><trkpt lat="43.38535496" lon="-5.82083673"><ele>171.92</ele><time>2024-08-27T11:27:59Z</time></trkpt><trkpt lat="43.38535559" lon="-5.82083641"><ele>171.90</ele><time>2024-08-27T11:28:00Z</time></trkpt><trkpt lat="43.38535622" lon="-5.82083609"><ele>171.88</ele><time>2024-08-27T11:28:01Z</time></trkpt><trkpt lat="43.38535686" lon="-5.82083577"><ele>171.86</ele><time>2024-08-27T11:28:02Z</time></trkpt><trkpt lat="43.38535749" lon="-5.82083544"><ele>171.86</ele><time>2024-08-27T11:28:03Z</time></trkpt><trkpt lat="43.38535812" lon="-5.82083512"><ele>171.86</ele><time>2024-08-27T11:28:04Z</time></trkpt><trkpt lat="43.38536172" lon="-5.82083026"><ele>172.44</ele><time>2024-08-27T11:28:05Z</time></trkpt><trkpt lat="43.38536533" lon="-5.82082540"><ele>173.04</ele><time>2024-08-27T11:28:06Z</time></trkpt><trkpt lat="43.38537698" lon="-5.82082001"><ele>173.04</ele><time>2024-08-27T11:28:07Z</time></trkpt><trkpt lat="43.38538863" lon="-5.82082001"><ele>173.04</ele><time>2024-08-27T11:28:08Z</time></trkpt><trkpt lat="43.38540028" lon="-5.82082001"><ele>173.03</ele><time>2024-08-27T11:28:09Z</time></trkpt><trkpt lat="43.38541148" lon="-5.82082094"><ele>172.98</ele><time>2024-08-27T11:28:10Z</time></trkpt><trkpt lat="43.38542267" lon="-5.82083266"><ele>172.94</ele><time>2024-08-27T11:28:11Z</time></trkpt><trkpt lat="43.38543387" lon="-5.82084437"><ele>172.89</ele><time>2024-08-27T11:28:12Z</time></trkpt><trkpt lat="43.38544507" lon="-5.82085609"><ele>172.85</ele><time>2024-08-27T11:28:13Z</time></trkpt><trkpt lat="43.38545627" lon="-5.82086781"><ele>172.80</ele><time>2024-08-27T11:28:14Z</time></trkpt><trkpt lat="43.38546769" lon="-5.82088006"><ele>172.78</ele><time>2024-08-27T11:28:15Z</time></trkpt><trkpt lat="43.38547911" lon="-5.82089232"><ele>172.77</ele><time>2024-08-27T11:28:16Z</time></trkpt><trkpt lat="43.38549053" lon="-5.82090457"><ele>172.75</ele><time>2024-08-27T11:28:17Z</time></trkpt><trkpt lat="43.38550196" lon="-5.82091683"><ele>172.73</ele><time>2024-08-27T11:28:18Z</time></trkpt><trkpt lat="43.38551338" lon="-5.82092908"><ele>172.71</ele><time>2024-08-27T11:28:19Z</time></trkpt><trkpt lat="43.38552480" lon="-5.82094134"><ele>172.70</ele><time>2024-08-27T11:28:20Z</time></trkpt><trkpt lat="43.38553622" lon="-5.82095359"><ele>172.68</ele><time>2024-08-27T11:28:21Z</time></trkpt><trkpt lat="43.38554764" lon="-5.82096585"><ele>172.66</ele><time>2024-08-27T11:28:22Z</time></trkpt><trkpt lat="43.38555907" lon="-5.82097810"><ele>172.64</ele><time>2024-08-27T11:28:23Z</time></trkpt><trkpt lat="43.38557049" lon="-5.82099035"><ele>172.63</ele><time>2024-08-27T11:28:24Z</time></trkpt><trkpt lat="43.38558191" lon="-5.82100261"><ele>172.61</ele><time>2024-08-27T11:28:25Z</time></trkpt><trkpt lat="43.38559333" lon="-5.82101486"><ele>172.59</ele><time>2024-08-27T11:28:26Z</time></trkpt><trkpt lat="43.38560475" lon="-5.82102712"><ele>172.57</ele><time>2024-08-27T11:28:27Z</time></trkpt><trkpt lat="43.38561617" lon="-5.82103937"><ele>172.56</ele><time>2024-08-27T11:28:28Z</time></trkpt><trkpt lat="43.38562760" lon="-5.82103937"><ele>172.54</ele><time>2024-08-27T11:28:29Z</time></trkpt><trkpt lat="43.38563715" lon="-5.82103937"><ele>172.53</ele><time>2024-08-27T11:28:30Z</time></trkpt><trkpt lat="43.38564670" lon="-5.82103563"><ele>172.52</ele><time>2024-08-27T11:28:31Z</time></trkpt><trkpt lat="43.38565625" lon="-5.82102764"><ele>172.50</ele><time>2024-08-27T11:28:32Z</time></trkpt><trkpt lat="43.38566580" lon="-5.82101964"><ele>172.49</ele><time>2024-08-27T11:28:33Z</time></trkpt><trkpt lat="43.38567535" lon="-5.82101164"><ele>172.48</ele><time>2024-08-27T11:28:34Z</time></trkpt><trkpt lat="43.38568490" lon="-5.82100365"><ele>172.47</ele><time>2024-08-27T11:28:35Z</time></trkpt><trkpt lat="43.38569445" lon="-5.82099565"><ele>172.46</ele><time>2024-08-27T11:28:36Z</time></trkpt><trkpt lat="43.38570401" lon="-5.82098765"><ele>172.44</ele><time>2024-08-27T11:28:37Z</time></trkpt><trkpt lat="43.38571356" lon="-5.82097966"><ele>172.43</ele><time>2024-08-27T11:28:38Z</time></trkpt><trkpt lat="43.38572311" lon="-5.82097166"><ele>172.42</ele><time>2024-08-27T11:28:39Z</time></trkpt><trkpt lat="43.38573266" lon="-5.82096367"><ele>172.41</ele><time>2024-08-27T11:28:40Z</time></trkpt><trkpt lat="43.38574221" lon="-5.82095567"><ele>172.40</ele><time>2024-08-27T11:28:41Z</time></trkpt><trkpt lat="43.38575176" lon="-5.82094767"><ele>172.38</ele><time>2024-08-27T11:28:42Z</time></trkpt><trkpt lat="43.38576131" lon="-5.82093968"><ele>172.37</ele><time>2024-08-27T11:28:43Z</time></trkpt><trkpt lat="43.38577086" lon="-5.82093168"><ele>172.36</ele><time>2024-08-27T11:28:44Z</time></trkpt><trkpt lat="43.38578041" lon="-5.82092368"><ele>172.35</ele><time>2024-08-27T11:28:45Z</time></trkpt><trkpt lat="43.38578997" lon="-5.82091569"><ele>172.34</ele><time>2024-08-27T11:28:46Z</time></trkpt><trkpt lat="43.38579952" lon="-5.82090769"><ele>172.32</ele><time>2024-08-27T11:28:47Z</time></trkpt><trkpt lat="43.38580907" lon="-5.82089970"><ele>172.32</ele><time>2024-08-27T11:28:48Z</time></trkpt><trkpt lat="43.38581862" lon="-5.82089170"><ele>172.32</ele><time>2024-08-27T11:28:49Z</time></trkpt><trkpt lat="43.38582759" lon="-5.82087844"><ele>172.32</ele><time>2024-08-27T11:28:50Z</time></trkpt><trkpt lat="43.38583656" lon="-5.82086518"><ele>172.33</ele><time>2024-08-27T11:28:51Z</time></trkpt><trkpt lat="43.38584553" lon="-5.82085192"><ele>172.35</ele><time>2024-08-27T11:28:52Z</time></trkpt><trkpt lat="43.38585449" lon="-5.82083865"><ele>172.36</ele><time>2024-08-27T11:28:53Z</time></trkpt><trkpt lat="43.38586346" lon="-5.82082539"><ele>172.38</ele><time>2024-08-27T11:28:54Z</time></trkpt><trkpt lat="43.38587243" lon="-5.82081213"><ele>172.39</ele><time>2024-08-27T11:28:55Z</time></trkpt><trkpt lat="43.38588140" lon="-5.82079887"><ele>172.41</ele><time>2024-08-27T11:28:56Z</time></trkpt><trkpt lat="43.38589037" lon="-5.82078561"><ele>172.43</ele><time>2024-08-27T11:28:57Z</time></trkpt><trkpt lat="43.38589934" lon="-5.82077235"><ele>172.44</ele><time>2024-08-27T11:28:58Z</time></trkpt><trkpt lat="43.38590831" lon="-5.82075909"><ele>172.46</ele><time>2024-08-27T11:28:59Z</time></trkpt><trkpt lat="43.38591727" lon="-5.82074583"><ele>172.47</ele><time>2024-08-27T11:29:00Z</time></trkpt><trkpt lat="43.38592624" lon="-5.82073257"><ele>172.49</ele><time>2024-08-27T11:29:01Z</time></trkpt><trkpt lat="43.38593521" lon="-5.82071931"><ele>172.51</ele><time>2024-08-27T11:29:02Z</time></trkpt><trkpt lat="43.38594418" lon="-5.82070604"><ele>172.52</ele><time>2024-08-27T11:29:03Z</time></trkpt><trkpt lat="43.38595315" lon="-5.82069278"><ele>172.54</ele><time>2024-08-27T11:29:04Z</time></trkpt><trkpt lat="43.38596212" lon="-5.82067952"><ele>172.55</ele><time>2024-08-27T11:29:05Z</time></trkpt><trkpt lat="43.38597109" lon="-5.82066626"><ele>172.57</ele><time>2024-08-27T11:29:06Z</time></trkpt><trkpt lat="43.38598005" lon="-5.82065300"><ele>172.58</ele><time>2024-08-27T11:29:07Z</time></trkpt><trkpt lat="43.38598902" lon="-5.82063974"><ele>172.58</ele><time>2024-08-27T11:29:08Z</time></trkpt><trkpt lat="43.38600166" lon="-5.82062965"><ele>172.58</ele><time>2024-08-27T11:29:09Z</time></trkpt><trkpt lat="43.38601430" lon="-5.82061955"><ele>172.56</ele><time>2024-08-27T11:29:10Z</time></trkpt><trkpt lat="43.38602693" lon="-5.82060946"><ele>172.54</ele><time>2024-08-27T11:29:11Z</time></trkpt><trkpt lat="43.38603957" lon="-5.82059937"><ele>172.52</ele><time>2024-08-27T11:29:12Z</time></trkpt><trkpt lat="43.38605221" lon="-5.82058927"><ele>172.49</ele><time>2024-08-27T11:29:13Z</time></trkpt><trkpt lat="43.38606485" lon="-5.82057918"><ele>172.47</ele><time>2024-08-27T11:29:14Z</time></trkpt><trkpt lat="43.38607748" lon="-5.82056909"><ele>172.45</ele><time>2024-08-27T11:29:15Z</time></trkpt><trkpt lat="43.38609012" lon="-5.82055900"><ele>172.43</ele><time>2024-08-27T11:29:16Z</time></trkpt><trkpt lat="43.38610276" lon="-5.82054890"><ele>172.41</ele><time>2024-08-27T11:29:17Z</time></trkpt><trkpt lat="43.38611539" lon="-5.82053881"><ele>172.39</ele><time>2024-08-27T11:29:18Z</time></trkpt><trkpt lat="43.38612803" lon="-5.82052872"><ele>172.37</ele><time>2024-08-27T11:29:19Z</time></trkpt><trkpt lat="43.38614067" lon="-5.82051863"><ele>172.35</ele><time>2024-08-27T11:29:20Z</time></trkpt><trkpt lat="43.38615330" lon="-5.82050853"><ele>172.32</ele><time>2024-08-27T11:29:21Z</time></trkpt><trkpt lat="43.38616594" lon="-5.82049844"><ele>172.30</ele><time>2024-08-27T11:29:22Z</time></trkpt><trkpt lat="43.38617858" lon="-5.82048835"><ele>172.28</ele><time>2024-08-27T11:29:23Z</time></trkpt><trkpt lat="43.38619121" lon="-5.82047825"><ele>172.26</ele><time>2024-08-27T11:29:24Z</time></trkpt><trkpt lat="43.38620385" lon="-5.82047374"><ele>172.24</ele><time>2024-08-27T11:29:25Z</time></trkpt><trkpt lat="43.38621869" lon="-5.82047374"><ele>172.10</ele><time>2024-08-27T11:29:26Z</time></trkpt><trkpt lat="43.38623352" lon="-5.82047374"><ele>171.96</ele><time>2024-08-27T11:29:27Z</time></trkpt><trkpt lat="43.38624836" lon="-5.82047653"><ele>171.82</ele><time>2024-08-27T11:29:28Z</time></trkpt><trkpt lat="43.38626320" lon="-5.82047932"><ele>171.68</ele><time>2024-08-27T11:29:29Z</time></trkpt><trkpt lat="43.38627803" lon="-5.82048211"><ele>171.53</ele><time>2024-08-27T11:29:30Z</time></trkpt><trkpt lat="43.38629287" lon="-5.82048491"><ele>171.39</ele><time>2024-08-27T11:29:31Z</time></trkpt><trkpt lat="43.38630770" lon="-5.82048770"><ele>171.25</ele><time>2024-08-27T11:29:32Z</time></trkpt><trkpt lat="43.38632254" lon="-5.82049049"><ele>171.11</ele><time>2024-08-27T11:29:33Z</time></trkpt><trkpt lat="43.38633738" lon="-5.82049328"><ele>170.97</ele><time>2024-08-27T11:29:34Z</time></trkpt><trkpt lat="43.38635221" lon="-5.82049607"><ele>170.83</ele><time>2024-08-27T11:29:35Z</time></trkpt><trkpt lat="43.38636705" lon="-5.82049886"><ele>170.69</ele><time>2024-08-27T11:29:36Z</time></trkpt><trkpt lat="43.38638188" lon="-5.82050165"><ele>170.55</ele><time>2024-08-27T11:29:37Z</time></trkpt><trkpt lat="43.38639672" lon="-5.82050444"><ele>170.40</ele><time>2024-08-27T11:29:38Z</time></trkpt><trkpt lat="43.38641156" lon="-5.82050723"><ele>170.26</ele><time>2024-08-27T11:29:39Z</time></trkpt><trkpt lat="43.38642639" lon="-5.82051002"><ele>170.12</ele><time>2024-08-27T11:29:40Z</time></trkpt><trkpt lat="43.38644123" lon="-5.82051281"><ele>169.98</ele><time>2024-08-27T11:29:41Z</time></trkpt><trkpt lat="43.38645606" lon="-5.82051560"><ele>169.84</ele><time>2024-08-27T11:29:42Z</time></trkpt><trkpt lat="43.38647059" lon="-5.82052351"><ele>169.81</ele><time>2024-08-27T11:29:43Z</time></trkpt><trkpt lat="43.38648511" lon="-5.82053143"><ele>169.78</ele><time>2024-08-27T11:29:44Z</time></trkpt><trkpt lat="43.38649963" lon="-5.82053934"><ele>169.75</ele><time>2024-08-27T11:29:45Z</time></trkpt><trkpt lat="43.38651416" lon="-5.82054725"><ele>169.71</ele><time>2024-08-27T11:29:46Z</time></trkpt><trkpt lat="43.38652868" lon="-5.82055516"><ele>169.68</ele><time>2024-08-27T11:29:47Z</time></trkpt><trkpt lat="43.38654321" lon="-5.82056307"><ele>169.65</ele><time>2024-08-27T11:29:48Z</time></trkpt><trkpt lat="43.38655773" lon="-5.82057098"><ele>169.62</ele><time>2024-08-27T11:29:49Z</time></trkpt><trkpt lat="43.38657225" lon="-5.82057890"><ele>169.59</ele><time>2024-08-27T11:29:50Z</time></trkpt><trkpt lat="43.38658678" lon="-5.82058681"><ele>169.56</ele><time>2024-08-27T11:29:51Z</time></trkpt><trkpt lat="43.38660130" lon="-5.82059472"><ele>169.52</ele><time>2024-08-27T11:29:52Z</time></trkpt><trkpt lat="43.38661583" lon="-5.82060263"><ele>169.49</ele><time>2024-08-27T11:29:53Z</time></trkpt><trkpt lat="43.38663035" lon="-5.82061054"><ele>169.46</ele><time>2024-08-27T11:29:54Z</time></trkpt><trkpt lat="43.38664487" lon="-5.82061845"><ele>169.43</ele><time>2024-08-27T11:29:55Z</time></trkpt><trkpt lat="43.38665940" lon="-5.82062637"><ele>169.40</ele><time>2024-08-27T11:29:56Z</time></trkpt><trkpt lat="43.38667392" lon="-5.82063428"><ele>169.37</ele><time>2024-08-27T11:29:57Z</time></trkpt><trkpt lat="43.38668845" lon="-5.82064219"><ele>169.33</ele><time>2024-08-27T11:29:58Z</time></trkpt><trkpt lat="43.38670297" lon="-5.82065010"><ele>169.30</ele><time>2024-08-27T11:29:59Z</time></trkpt><trkpt lat="43.38671749" lon="-5.82065801"><ele>169.27</ele><time>2024-08-27T11:30:00Z</time></trkpt><trkpt lat="43.38673154" lon="-5.82066317"><ele>169.27</ele><time>2024-08-27T11:30:01Z</time></trkpt><trkpt lat="43.38674558" lon="-5.82066834"><ele>169.26</ele><time>2024-08-27T11:30:02Z</time></trkpt><trkpt lat="43.38675963" lon="-5.82067350"><ele>169.26</ele><time>2024-08-27T11:30:03Z</time></trkpt><trkpt lat="43.38677367" lon="-5.82067866"><ele>169.26</ele><time>2024-08-27T11:30:04Z</time></trkpt><trkpt lat="43.38678771" lon="-5.82068383"><ele>169.25</ele><time>2024-08-27T11:30:05Z</time></trkpt><trkpt lat="43.38680176" lon="-5.82068899"><ele>169.25</ele><time>2024-08-27T11:30:06Z</time></trkpt><trkpt lat="43.38681580" lon="-5.82069415"><ele>169.25</ele><time>2024-08-27T11:30:07Z</time></trkpt><trkpt lat="43.38682985" lon="-5.82069932"><ele>169.25</ele><time>2024-08-27T11:30:08Z</time></trkpt><trkpt lat="43.38684389" lon="-5.82070448"><ele>169.24</ele><time>2024-08-27T11:30:09Z</time></trkpt><trkpt lat="43.38685793" lon="-5.82070964"><ele>169.24</ele><time>2024-08-27T11:30:10Z</time></trkpt><trkpt lat="43.38687198" lon="-5.82071481"><ele>169.24</ele><time>2024-08-27T11:30:11Z</time></trkpt><trkpt lat="43.38688602" lon="-5.82071997"><ele>169.23</ele><time>2024-08-27T11:30:12Z</time></trkpt><trkpt lat="43.38690007" lon="-5.82072513"><ele>169.23</ele><time>2024-08-27T11:30:13Z</time></trkpt><trkpt lat="43.38691411" lon="-5.82073030"><ele>169.23</ele><time>2024-08-27T11:30:14Z</time></trkpt><trkpt lat="43.38692815" lon="-5.82073546"><ele>169.23</ele><time>2024-08-27T11:30:15Z</time></trkpt><trkpt lat="43.38694220" lon="-5.82074062"><ele>169.22</ele><time>2024-08-27T11:30:16Z</time></trkpt><trkpt lat="43.38695624" lon="-5.82074579"><ele>169.22</ele><time>2024-08-27T11:30:17Z</time></trkpt><trkpt lat="43.38697028" lon="-5.82075095"><ele>169.22</ele><time>2024-08-27T11:30:18Z</time></trkpt><trkpt lat="43.38698433" lon="-5.82075611"><ele>169.21</ele><time>2024-08-27T11:30:19Z</time></trkpt><trkpt lat="43.38699837" lon="-5.82076128"><ele>169.21</ele><time>2024-08-27T11:30:20Z</time></trkpt><trkpt lat="43.38701079" lon="-5.82077174"><ele>169.20</ele><time>2024-08-27T11:30:21Z</time></trkpt><trkpt lat="43.38702320" lon="-5.82078220"><ele>169.19</ele><time>2024-08-27T11:30:22Z</time></trkpt><trkpt lat="43.38703562" lon="-5.82079267"><ele>169.18</ele><time>2024-08-27T11:30:23Z</time></trkpt><trkpt lat="43.38704803" lon="-5.82080313"><ele>169.17</ele><time>2024-08-27T11:30:24Z</time></trkpt><trkpt lat="43.38706044" lon="-5.82081359"><ele>169.15</ele><time>2024-08-27T11:30:25Z</time></trkpt><trkpt lat="43.38707286" lon="-5.82082406"><ele>169.14</ele><time>2024-08-27T11:30:26Z</time></trkpt><trkpt lat="43.38708527" lon="-5.82083452"><ele>169.13</ele><time>2024-08-27T11:30:27Z</time></trkpt><trkpt lat="43.38709769" lon="-5.82084498"><ele>169.12</ele><time>2024-08-27T11:30:28Z</time></trkpt><trkpt lat="43.38711010" lon="-5.82085545"><ele>169.11</ele><time>2024-08-27T11:30:29Z</time></trkpt><trkpt lat="43.38712252" lon="-5.82086591"><ele>169.10</ele><time>2024-08-27T11:30:30Z</time></trkpt><trkpt lat="43.38713493" lon="-5.82087637"><ele>169.09</ele><time>2024-08-27T11:30:31Z</time></trkpt><trkpt lat="43.38714735" lon="-5.82088684"><ele>169.08</ele><time>2024-08-27T11:30:32Z</time></trkpt><trkpt lat="43.38715976" lon="-5.82089730"><ele>169.07</ele><time>2024-08-27T11:30:33Z</time></trkpt><trkpt lat="43.38717218" lon="-5.82090776"><ele>169.05</ele><time>2024-08-27T11:30:34Z</time></trkpt><trkpt lat="43.38718459" lon="-5.82091823"><ele>169.04</ele><time>2024-08-27T11:30:35Z</time></trkpt><trkpt lat="43.38719700" lon="-5.82092869"><ele>169.03</ele><time>2024-08-27T11:30:36Z</time></trkpt><trkpt lat="43.38720942" lon="-5.82093915"><ele>169.02</ele><time>2024-08-27T11:30:37Z</time></trkpt><trkpt lat="43.38722183" lon="-5.82094556"><ele>169.01</ele><time>2024-08-27T11:30:38Z</time></trkpt><trkpt lat="43.38723459" lon="-5.82094556"><ele>168.98</ele><time>2024-08-27T11:30:39Z</time></trkpt><trkpt lat="43.38724735" lon="-5.82094556"><ele>168.95</ele><time>2024-08-27T11:30:40Z</time></trkpt><trkpt lat="43.38726011" lon="-5.82094353"><ele>168.93</ele><time>2024-08-27T11:30:41Z</time></trkpt><trkpt lat="43.38727287" lon="-5.82094150"><ele>168.90</ele><time>2024-08-27T11:30:42Z</time></trkpt><trkpt lat="43.38728563" lon="-5.82093947"><ele>168.87</ele><time>2024-08-27T11:30:43Z</time></trkpt><trkpt lat="43.38729839" lon="-5.82093744"><ele>168.84</ele><time>2024-08-27T11:30:44Z</time></trkpt><trkpt lat="43.38731115" lon="-5.82093541"><ele>168.82</ele><time>2024-08-27T11:30:45Z</time></trkpt><trkpt lat="43.38732391" lon="-5.82093338"><ele>168.79</ele><time>2024-08-27T11:30:46Z</time></trkpt><trkpt lat="43.38733667" lon="-5.82093135"><ele>168.76</ele><time>2024-08-27T11:30:47Z</time></trkpt><trkpt lat="43.38734969" lon="-5.82092380"><ele>168.76</ele><time>2024-08-27T11:30:48Z</time></trkpt><trkpt lat="43.38736271" lon="-5.82091626"><ele>168.76</ele><time>2024-08-27T11:30:49Z</time></trkpt><trkpt lat="43.38737573" lon="-5.82090871"><ele>168.76</ele><time>2024-08-27T11:30:50Z</time></trkpt><trkpt lat="43.38738875" lon="-5.82090117"><ele>168.76</ele><time>2024-08-27T11:30:51Z</time></trkpt><trkpt lat="43.38740177" lon="-5.82089363"><ele>168.76</ele><time>2024-08-27T11:30:52Z</time></trkpt><trkpt lat="43.38741479" lon="-5.82088608"><ele>168.76</ele><time>2024-08-27T11:30:53Z</time></trkpt><trkpt lat="43.38742782" lon="-5.82087854"><ele>168.76</ele><time>2024-08-27T11:30:54Z</time></trkpt><trkpt lat="43.38744084" lon="-5.82087100"><ele>168.76</ele><time>2024-08-27T11:30:55Z</time></trkpt><trkpt lat="43.38745386" lon="-5.82086345"><ele>168.77</ele><time>2024-08-27T11:30:56Z</time></trkpt><trkpt lat="43.38746688" lon="-5.82085591"><ele>168.77</ele><time>2024-08-27T11:30:57Z</time></trkpt><trkpt lat="43.38747990" lon="-5.82084836"><ele>168.77</ele><time>2024-08-27T11:30:58Z</time></trkpt><trkpt lat="43.38749292" lon="-5.82084082"><ele>168.77</ele><time>2024-08-27T11:30:59Z</time></trkpt><trkpt lat="43.38750595" lon="-5.82083328"><ele>168.77</ele><time>2024-08-27T11:31:00Z</time></trkpt><trkpt lat="43.38751897" lon="-5.82082573"><ele>168.77</ele><time>2024-08-27T11:31:01Z</time></trkpt><trkpt lat="43.38753199" lon="-5.82081819"><ele>168.77</ele><time>2024-08-27T11:31:02Z</time></trkpt><trkpt lat="43.38754501" lon="-5.82081065"><ele>168.77</ele><time>2024-08-27T11:31:03Z</time></trkpt><trkpt lat="43.38755803" lon="-5.82081065"><ele>168.77</ele><time>2024-08-27T11:31:04Z</time></trkpt><trkpt lat="43.38757389" lon="-5.82081065"><ele>168.75</ele><time>2024-08-27T11:31:05Z</time></trkpt><trkpt lat="43.38758975" lon="-5.82081484"><ele>168.73</ele><time>2024-08-27T11:31:06Z</time></trkpt><trkpt lat="43.38760560" lon="-5.82082070"><ele>168.71</ele><time>2024-08-27T11:31:07Z</time></trkpt><trkpt lat="43.38762146" lon="-5.82082657"><ele>168.69</ele><time>2024-08-27T11:31:08Z</time></trkpt><trkpt lat="43.38763732" lon="-5.82083244"><ele>168.67</ele><time>2024-08-27T11:31:09Z</time></trkpt><trkpt lat="43.38765317" lon="-5.82083831"><ele>168.65</ele><time>2024-08-27T11:31:10Z</time></trkpt><trkpt lat="43.38766903" lon="-5.82084417"><ele>168.63</ele><time>2024-08-27T11:31:11Z</time></trkpt><trkpt lat="43.38768489" lon="-5.82085004"><ele>168.61</ele><time>2024-08-27T11:31:12Z</time></trkpt><trkpt lat="43.38770075" lon="-5.82085591"><ele>168.59</ele><time>2024-08-27T11:31:13Z</time></trkpt><trkpt lat="43.38771660" lon="-5.82086178"><ele>168.57</ele><time>2024-08-27T11:31:14Z</time></trkpt><trkpt lat="43.38773246" lon="-5.82086764"><ele>168.55</ele><time>2024-08-27T11:31:15Z</time></trkpt><trkpt lat="43.38774572" lon="-5.82087822"><ele>168.50</ele><time>2024-08-27T11:31:16Z</time></trkpt><trkpt lat="43.38775899" lon="-5.82088881"><ele>168.44</ele><time>2024-08-27T11:31:17Z</time></trkpt><trkpt lat="43.38777225" lon="-5.82089939"><ele>168.39</ele><time>2024-08-27T11:31:18Z</time></trkpt><trkpt lat="43.38778552" lon="-5.82090997"><ele>168.34</ele><time>2024-08-27T11:31:19Z</time></trkpt><trkpt lat="43.38779580" lon="-5.82092256"><ele>168.34</ele><time>2024-08-27T11:31:20Z</time></trkpt><trkpt lat="43.38780609" lon="-5.82093514"><ele>168.34</ele><time>2024-08-27T11:31:21Z</time></trkpt><trkpt lat="43.38781637" lon="-5.82094773"><ele>168.35</ele><time>2024-08-27T11:31:22Z</time></trkpt><trkpt lat="43.38782666" lon="-5.82096031"><ele>168.35</ele><time>2024-08-27T11:31:23Z</time></trkpt><trkpt lat="43.38783695" lon="-5.82097290"><ele>168.35</ele><time>2024-08-27T11:31:24Z</time></trkpt><trkpt lat="43.38784723" lon="-5.82098548"><ele>168.35</ele><time>2024-08-27T11:31:25Z</time></trkpt><trkpt lat="43.38785752" lon="-5.82099807"><ele>168.36</ele><time>2024-08-27T11:31:26Z</time></trkpt><trkpt lat="43.38786780" lon="-5.82101065"><ele>168.36</ele><time>2024-08-27T11:31:27Z</time></trkpt><trkpt lat="43.38787809" lon="-5.82102323"><ele>168.36</ele><time>2024-08-27T11:31:28Z</time></trkpt><trkpt lat="43.38788837" lon="-5.82103582"><ele>168.36</ele><time>2024-08-27T11:31:29Z</time></trkpt><trkpt lat="43.38789866" lon="-5.82104840"><ele>168.37</ele><time>2024-08-27T11:31:30Z</time></trkpt><trkpt lat="43.38790895" lon="-5.82106099"><ele>168.37</ele><time>2024-08-27T11:31:31Z</time></trkpt><trkpt lat="43.38791923" lon="-5.82107357"><ele>168.37</ele><time>2024-08-27T11:31:32Z</time></trkpt><trkpt lat="43.38792952" lon="-5.82108616"><ele>168.37</ele><time>2024-08-27T11:31:33Z</time></trkpt><trkpt lat="43.38793980" lon="-5.82109874"><ele>168.38</ele><time>2024-08-27T11:31:34Z</time></trkpt><trkpt lat="43.38795009" lon="-5.82111133"><ele>168.38</ele><time>2024-08-27T11:31:35Z</time></trkpt><trkpt lat="43.38796038" lon="-5.82112391"><ele>168.38</ele><time>2024-08-27T11:31:36Z</time></trkpt><trkpt lat="43.38797066" lon="-5.82113650"><ele>168.38</ele><time>2024-08-27T11:31:37Z</time></trkpt><trkpt lat="43.38798095" lon="-5.82114908"><ele>168.39</ele><time>2024-08-27T11:31:38Z</time></trkpt><trkpt lat="43.38799123" lon="-5.82116167"><ele>168.39</ele><time>2024-08-27T11:31:39Z</time></trkpt><trkpt lat="43.38800152" lon="-5.82117425"><ele>168.39</ele><time>2024-08-27T11:31:40Z</time></trkpt><trkpt lat="43.38800201" lon="-5.82117502"><ele>168.39</ele><time>2024-08-27T11:31:41Z</time></trkpt><trkpt lat="43.38800251" lon="-5.82117579"><ele>168.39</ele><time>2024-08-27T11:31:42Z</time></trkpt><trkpt lat="43.38800300" lon="-5.82117655"><ele>168.39</ele><time>2024-08-27T11:31:43Z</time></trkpt><trkpt lat="43.38800350" lon="-5.82117732"><ele>168.38</ele><time>2024-08-27T11:31:44Z</time></trkpt><trkpt lat="43.38800399" lon="-5.82117808"><ele>168.38</ele><time>2024-08-27T11:31:45Z</time></trkpt><trkpt lat="43.38800449" lon="-5.82117885"><ele>168.38</ele><time>2024-08-27T11:31:46Z</time></trkpt><trkpt lat="43.38800498" lon="-5.82117962"><ele>168.38</ele><time>2024-08-27T11:31:47Z</time></trkpt><trkpt lat="43.38800548" lon="-5.82118038"><ele>168.38</ele><time>2024-08-27T11:31:48Z</time></trkpt><trkpt lat="43.38800597" lon="-5.82118115"><ele>168.38</ele><time>2024-08-27T11:31:49Z</time></trkpt><trkpt lat="43.38800647" lon="-5.82118192"><ele>168.38</ele><time>2024-08-27T11:31:50Z</time></trkpt><trkpt lat="43.38800696" lon="-5.82118268"><ele>168.37</ele><time>2024-08-27T11:31:51Z</time></trkpt><trkpt lat="43.38800746" lon="-5.82118345"><ele>168.37</ele><time>2024-08-27T11:31:52Z</time></trkpt><trkpt lat="43.38800795" lon="-5.82118422"><ele>168.37</ele><time>2024-08-27T11:31:53Z</time></trkpt><trkpt lat="43.38800845" lon="-5.82118498"><ele>168.37</ele><time>2024-08-27T11:31:54Z</time></trkpt><trkpt lat="43.38800894" lon="-5.82118575"><ele>168.37</ele><time>2024-08-27T11:31:55Z</time></trkpt><trkpt lat="43.38800944" lon="-5.82118651"><ele>168.37</ele><time>2024-08-27T11:31:56Z</time></trkpt><trkpt lat="43.38800993" lon="-5.82118728"><ele>168.37</ele><time>2024-08-27T11:31:57Z</time></trkpt><trkpt lat="43.38801043" lon="-5.82118805"><ele>168.36</ele><time>2024-08-27T11:31:58Z</time></trkpt><trkpt lat="43.38801092" lon="-5.82118881"><ele>168.36</ele><time>2024-08-27T11:31:59Z</time></trkpt><trkpt lat="43.38801142" lon="-5.82118958"><ele>168.36</ele><time>2024-08-27T11:32:00Z</time></trkpt><trkpt lat="43.38801191" lon="-5.82119035"><ele>168.36</ele><time>2024-08-27T11:32:01Z</time></trkpt><trkpt lat="43.38801273" lon="-5.82120131"><ele>168.36</ele><time>2024-08-27T11:32:02Z</time></trkpt><trkpt lat="43.38801355" lon="-5.82121226"><ele>168.36</ele><time>2024-08-27T11:32:03Z</time></trkpt><trkpt lat="43.38801436" lon="-5.82122322"><ele>168.36</ele><time>2024-08-27T11:32:04Z</time></trkpt><trkpt lat="43.38801518" lon="-5.82123418"><ele>168.36</ele><time>2024-08-27T11:32:05Z</time></trkpt><trkpt lat="43.38802825" lon="-5.82123781"><ele>168.33</ele><time>2024-08-27T11:32:06Z</time></trkpt><trkpt lat="43.38804132" lon="-5.82124143"><ele>168.30</ele><time>2024-08-27T11:32:07Z</time></trkpt><trkpt lat="43.38805439" lon="-5.82124506"><ele>168.28</ele><time>2024-08-27T11:32:08Z</time></trkpt><trkpt lat="43.38806746" lon="-5.82124868"><ele>168.25</ele><time>2024-08-27T11:32:09Z</time></trkpt><trkpt lat="43.38808052" lon="-5.82125231"><ele>168.22</ele><time>2024-08-27T11:32:10Z</time></trkpt><trkpt lat="43.38809359" lon="-5.82125593"><ele>168.19</ele><time>2024-08-27T11:32:11Z</time></trkpt><trkpt lat="43.38810666" lon="-5.82125956"><ele>168.16</ele><time>2024-08-27T11:32:12Z</time></trkpt><trkpt lat="43.38811973" lon="-5.82126318"><ele>168.13</ele><time>2024-08-27T11:32:13Z</time></trkpt><trkpt lat="43.38813280" lon="-5.82126681"><ele>168.11</ele><time>2024-08-27T11:32:14Z</time></trkpt><trkpt lat="43.38814587" lon="-5.82127044"><ele>168.08</ele><time>2024-08-27T11:32:15Z</time></trkpt><trkpt lat="43.38815894" lon="-5.82127406"><ele>168.08</ele><time>2024-08-27T11:32:16Z</time></trkpt><trkpt lat="43.38817201" lon="-5.82127769"><ele>168.08</ele><time>2024-08-27T11:32:17Z</time></trkpt><trkpt lat="43.38818156" lon="-5.82129240"><ele>168.18</ele><time>2024-08-27T11:32:18Z</time></trkpt><trkpt lat="43.38819112" lon="-5.82130711"><ele>168.31</ele><time>2024-08-27T11:32:19Z</time></trkpt><trkpt lat="43.38819976" lon="-5.82132395"><ele>168.31</ele><time>2024-08-27T11:32:20Z</time></trkpt><trkpt lat="43.38820841" lon="-5.82134079"><ele>168.31</ele><time>2024-08-27T11:32:21Z</time></trkpt><trkpt lat="43.38821706" lon="-5.82135764"><ele>168.30</ele><time>2024-08-27T11:32:22Z</time></trkpt><trkpt lat="43.38822570" lon="-5.82137448"><ele>168.30</ele><time>2024-08-27T11:32:23Z</time></trkpt><trkpt lat="43.38823435" lon="-5.82139132"><ele>168.29</ele><time>2024-08-27T11:32:24Z</time></trkpt><trkpt lat="43.38824300" lon="-5.82140817"><ele>168.28</ele><time>2024-08-27T11:32:25Z</time></trkpt><trkpt lat="43.38825164" lon="-5.82142501"><ele>168.27</ele><time>2024-08-27T11:32:26Z</time></trkpt><trkpt lat="43.38826029" lon="-5.82144185"><ele>168.26</ele><time>2024-08-27T11:32:27Z</time></trkpt><trkpt lat="43.38826894" lon="-5.82145869"><ele>168.25</ele><time>2024-08-27T11:32:28Z</time></trkpt><trkpt lat="43.38827758" lon="-5.82147554"><ele>168.25</ele><time>2024-08-27T11:32:29Z</time></trkpt><trkpt lat="43.38828623" lon="-5.82149238"><ele>168.24</ele><time>2024-08-27T11:32:30Z</time></trkpt><trkpt lat="43.38829488" lon="-5.82150922"><ele>168.23</ele><time>2024-08-27T11:32:31Z</time></trkpt><trkpt lat="43.38830352" lon="-5.82152607"><ele>168.22</ele><time>2024-08-27T11:32:32Z</time></trkpt><trkpt lat="43.38831217" lon="-5.82154291"><ele>168.21</ele><time>2024-08-27T11:32:33Z</time></trkpt><trkpt lat="43.38832082" lon="-5.82155975"><ele>168.20</ele><time>2024-08-27T11:32:34Z</time></trkpt><trkpt lat="43.38832946" lon="-5.82157660"><ele>168.20</ele><time>2024-08-27T11:32:35Z</time></trkpt><trkpt lat="43.38833811" lon="-5.82159344"><ele>168.19</ele><time>2024-08-27T11:32:36Z</time></trkpt><trkpt lat="43.38834676" lon="-5.82161028"><ele>168.19</ele><time>2024-08-27T11:32:37Z</time></trkpt><trkpt lat="43.38835540" lon="-5.82162713"><ele>168.19</ele><time>2024-08-27T11:32:38Z</time></trkpt><trkpt lat="43.38836023" lon="-5.82164590"><ele>168.19</ele><time>2024-08-27T11:32:39Z</time></trkpt><trkpt lat="43.38836505" lon="-5.82166468"><ele>168.22</ele><time>2024-08-27T11:32:40Z</time></trkpt><trkpt lat="43.38836987" lon="-5.82168345"><ele>168.24</ele><time>2024-08-27T11:32:41Z</time></trkpt><trkpt lat="43.38837470" lon="-5.82170223"><ele>168.27</ele><time>2024-08-27T11:32:42Z</time></trkpt><trkpt lat="43.38837952" lon="-5.82172100"><ele>168.29</ele><time>2024-08-27T11:32:43Z</time></trkpt><trkpt lat="43.38838434" lon="-5.82173978"><ele>168.31</ele><time>2024-08-27T11:32:44Z</time></trkpt><trkpt lat="43.38838917" lon="-5.82175856"><ele>168.34</ele><time>2024-08-27T11:32:45Z</time></trkpt><trkpt lat="43.38839399" lon="-5.82177733"><ele>168.36</ele><time>2024-08-27T11:32:46Z</time></trkpt><trkpt lat="43.38839881" lon="-5.82179611"><ele>168.39</ele><time>2024-08-27T11:32:47Z</time></trkpt><trkpt lat="43.38840364" lon="-5.82181488"><ele>168.41</ele><time>2024-08-27T11:32:48Z</time></trkpt><trkpt lat="43.38840846" lon="-5.82183366"><ele>168.44</ele><time>2024-08-27T11:32:49Z</time></trkpt><trkpt lat="43.38841328" lon="-5.82185243"><ele>168.46</ele><time>2024-08-27T11:32:50Z</time></trkpt><trkpt lat="43.38841811" lon="-5.82187121"><ele>168.48</ele><time>2024-08-27T11:32:51Z</time></trkpt><trkpt lat="43.38842293" lon="-5.82188998"><ele>168.51</ele><time>2024-08-27T11:32:52Z</time></trkpt><trkpt lat="43.38842775" lon="-5.82190876"><ele>168.53</ele><time>2024-08-27T11:32:53Z</time></trkpt><trkpt lat="43.38843258" lon="-5.82192753"><ele>168.56</ele><time>2024-08-27T11:32:54Z</time></trkpt><trkpt lat="43.38843740" lon="-5.82194631"><ele>168.58</ele><time>2024-08-27T11:32:55Z</time></trkpt><trkpt lat="43.38844222" lon="-5.82196509"><ele>168.60</ele><time>2024-08-27T11:32:56Z</time></trkpt><trkpt lat="43.38844705" lon="-5.82198386"><ele>168.63</ele><time>2024-08-27T11:32:57Z</time></trkpt><trkpt lat="43.38845187" lon="-5.82200264"><ele>168.65</ele><time>2024-08-27T11:32:58Z</time></trkpt><trkpt lat="43.38845669" lon="-5.82202141"><ele>168.68</ele><time>2024-08-27T11:32:59Z</time></trkpt><trkpt lat="43.38846152" lon="-5.82204019"><ele>168.70</ele><time>2024-08-27T11:33:00Z</time></trkpt><trkpt lat="43.38847434" lon="-5.82204919"><ele>168.71</ele><time>2024-08-27T11:33:01Z</time></trkpt><trkpt lat="43.38848716" lon="-5.82205819"><ele>168.73</ele><time>2024-08-27T11:33:02Z</time></trkpt><trkpt lat="43.38849998" lon="-5.82206719"><ele>168.74</ele><time>2024-08-27T11:33:03Z</time></trkpt><trkpt lat="43.38851280" lon="-5.82207619"><ele>168.75</ele><time>2024-08-27T11:33:04Z</time></trkpt><trkpt lat="43.38852562" lon="-5.82208519"><ele>168.76</ele><time>2024-08-27T11:33:05Z</time></trkpt><trkpt lat="43.38853844" lon="-5.82209419"><ele>168.78</ele><time>2024-08-27T11:33:06Z</time></trkpt><trkpt lat="43.38855125" lon="-5.82210320"><ele>168.79</ele><time>2024-08-27T11:33:07Z</time></trkpt><trkpt lat="43.38856407" lon="-5.82211220"><ele>168.80</ele><time>2024-08-27T11:33:08Z</time></trkpt><trkpt lat="43.38857689" lon="-5.82212120"><ele>168.81</ele><time>2024-08-27T11:33:09Z</time></trkpt><trkpt lat="43.38858971" lon="-5.82213020"><ele>168.83</ele><time>2024-08-27T11:33:10Z</time></trkpt><trkpt lat="43.38860253" lon="-5.82213920"><ele>168.84</ele><time>2024-08-27T11:33:11Z</time></trkpt><trkpt lat="43.38861535" lon="-5.82214820"><ele>168.85</ele><time>2024-08-27T11:33:12Z</time></trkpt><trkpt lat="43.38862817" lon="-5.82215720"><ele>168.87</ele><time>2024-08-27T11:33:13Z</time></trkpt><trkpt lat="43.38864099" lon="-5.82216620"><ele>168.88</ele><time>2024-08-27T11:33:14Z</time></trkpt><trkpt lat="43.38865381" lon="-5.82217521"><ele>168.89</ele><time>2024-08-27T11:33:15Z</time></trkpt><trkpt lat="43.38866663" lon="-5.82218421"><ele>168.90</ele><time>2024-08-27T11:33:16Z</time></trkpt><trkpt lat="43.38867945" lon="-5.82218897"><ele>168.92</ele><time>2024-08-27T11:33:17Z</time></trkpt><trkpt lat="43.38869227" lon="-5.82218897"><ele>168.92</ele><time>2024-08-27T11:33:18Z</time></trkpt><trkpt lat="43.38870470" lon="-5.82218897"><ele>168.92</ele><time>2024-08-27T11:33:19Z</time></trkpt><trkpt lat="43.38871713" lon="-5.82217574"><ele>168.90</ele><time>2024-08-27T11:33:20Z</time></trkpt><trkpt lat="43.38872956" lon="-5.82216250"><ele>168.89</ele><time>2024-08-27T11:33:21Z</time></trkpt><trkpt lat="43.38874199" lon="-5.82214926"><ele>168.87</ele><time>2024-08-27T11:33:22Z</time></trkpt><trkpt lat="43.38875442" lon="-5.82213603"><ele>168.86</ele><time>2024-08-27T11:33:23Z</time></trkpt><trkpt lat="43.38876685" lon="-5.82212279"><ele>168.84</ele><time>2024-08-27T11:33:24Z</time></trkpt><trkpt lat="43.38877928" lon="-5.82210955"><ele>168.83</ele><time>2024-08-27T11:33:25Z</time></trkpt><trkpt lat="43.38879171" lon="-5.82209632"><ele>168.82</ele><time>2024-08-27T11:33:26Z</time></trkpt><trkpt lat="43.38880414" lon="-5.82208308"><ele>168.80</ele><time>2024-08-27T11:33:27Z</time></trkpt><trkpt lat="43.38881657" lon="-5.82206985"><ele>168.79</ele><time>2024-08-27T11:33:28Z</time></trkpt><trkpt lat="43.38882900" lon="-5.82205661"><ele>168.77</ele><time>2024-08-27T11:33:29Z</time></trkpt><trkpt lat="43.38884143" lon="-5.82204337"><ele>168.76</ele><time>2024-08-27T11:33:30Z</time></trkpt><trkpt lat="43.38885386" lon="-5.82203014"><ele>168.75</ele><time>2024-08-27T11:33:31Z</time></trkpt><trkpt lat="43.38886629" lon="-5.82201690"><ele>168.73</ele><time>2024-08-27T11:33:32Z</time></trkpt><trkpt lat="43.38887872" lon="-5.82200366"><ele>168.72</ele><time>2024-08-27T11:33:33Z</time></trkpt><trkpt lat="43.38889115" lon="-5.82199043"><ele>168.70</ele><time>2024-08-27T11:33:34Z</time></trkpt><trkpt lat="43.38890358" lon="-5.82197719"><ele>168.69</ele><time>2024-08-27T11:33:35Z</time></trkpt><trkpt lat="43.38891600" lon="-5.82196395"><ele>168.68</ele><time>2024-08-27T11:33:36Z</time></trkpt><trkpt lat="43.38892843" lon="-5.82195072"><ele>168.66</ele><time>2024-08-27T11:33:37Z</time></trkpt><trkpt lat="43.38894086" lon="-5.82193748"><ele>168.65</ele><time>2024-08-27T11:33:38Z</time></trkpt><trkpt lat="43.38895329" lon="-5.82192424"><ele>168.63</ele><time>2024-08-27T11:33:39Z</time></trkpt><trkpt lat="43.38896572" lon="-5.82191101"><ele>168.62</ele><time>2024-08-27T11:33:40Z</time></trkpt><trkpt lat="43.38897815" lon="-5.82189777"><ele>168.60</ele><time>2024-08-27T11:33:41Z</time></trkpt><trkpt lat="43.38899058" lon="-5.82188454"><ele>168.59</ele><time>2024-08-27T11:33:42Z</time></trkpt><trkpt lat="43.38900391" lon="-5.82187333"><ele>168.55</ele><time>2024-08-27T11:33:43Z</time></trkpt><trkpt lat="43.38901724" lon="-5.82186212"><ele>168.51</ele><time>2024-08-27T11:33:44Z</time></trkpt><trkpt lat="43.38903056" lon="-5.82185091"><ele>168.48</ele><time>2024-08-27T11:33:45Z</time></trkpt><trkpt lat="43.38904389" lon="-5.82183970"><ele>168.44</ele><time>2024-08-27T11:33:46Z</time></trkpt><trkpt lat="43.38905722" lon="-5.82182849"><ele>168.40</ele><time>2024-08-27T11:33:47Z</time></trkpt><trkpt lat="43.38907055" lon="-5.82181729"><ele>168.36</ele><time>2024-08-27T11:33:48Z</time></trkpt><trkpt lat="43.38908387" lon="-5.82180608"><ele>168.32</ele><time>2024-08-27T11:33:49Z</time></trkpt><trkpt lat="43.38909720" lon="-5.82179487"><ele>168.29</ele><time>2024-08-27T11:33:50Z</time></trkpt><trkpt lat="43.38911053" lon="-5.82178366"><ele>168.25</ele><time>2024-08-27T11:33:51Z</time></trkpt><trkpt lat="43.38912386" lon="-5.82177245"><ele>168.21</ele><time>2024-08-27T11:33:52Z</time></trkpt><trkpt lat="43.38913718" lon="-5.82176124"><ele>168.17</ele><time>2024-08-27T11:33:53Z</time></trkpt><trkpt lat="43.38915051" lon="-5.82175004"><ele>168.13</ele><time>2024-08-27T11:33:54Z</time></trkpt><trkpt lat="43.38916384" lon="-5.82173883"><ele>168.10</ele><time>2024-08-27T11:33:55Z</time></trkpt><trkpt lat="43.38917716" lon="-5.82172762"><ele>168.06</ele><time>2024-08-27T11:33:56Z</time></trkpt><trkpt lat="43.38919049" lon="-5.82171641"><ele>168.02</ele><time>2024-08-27T11:33:57Z</time></trkpt><trkpt lat="43.38920382" lon="-5.82170520"><ele>167.98</ele><time>2024-08-27T11:33:58Z</time></trkpt><trkpt lat="43.38921715" lon="-5.82169399"><ele>167.94</ele><time>2024-08-27T11:33:59Z</time></trkpt><trkpt lat="43.38923047" lon="-5.82168279"><ele>167.91</ele><time>2024-08-27T11:34:00Z</time></trkpt><trkpt lat="43.38924380" lon="-5.82167158"><ele>167.87</ele><time>2024-08-27T11:34:01Z</time></trkpt><trkpt lat="43.38925713" lon="-5.82166037"><ele>167.83</ele><time>2024-08-27T11:34:02Z</time></trkpt><trkpt lat="43.38927045" lon="-5.82164916"><ele>167.79</ele><time>2024-08-27T11:34:03Z</time></trkpt><trkpt lat="43.38928378" lon="-5.82163795"><ele>167.75</ele><time>2024-08-27T11:34:04Z</time></trkpt><trkpt lat="43.38929711" lon="-5.82162674"><ele>167.72</ele><time>2024-08-27T11:34:05Z</time></trkpt><trkpt lat="43.38931044" lon="-5.82161554"><ele>167.68</ele><time>2024-08-27T11:34:06Z</time></trkpt><trkpt lat="43.38932376" lon="-5.82160433"><ele>167.64</ele><time>2024-08-27T11:34:07Z</time></trkpt><trkpt lat="43.38933557" lon="-5.82159232"><ele>167.64</ele><time>2024-08-27T11:34:08Z</time></trkpt><trkpt lat="43.38934737" lon="-5.82158032"><ele>167.64</ele><time>2024-08-27T11:34:09Z</time></trkpt><trkpt lat="43.38935918" lon="-5.82156832"><ele>167.63</ele><time>2024-08-27T11:34:10Z</time></trkpt><trkpt lat="43.38937098" lon="-5.82155631"><ele>167.63</ele><time>2024-08-27T11:34:11Z</time></trkpt><trkpt lat="43.38938278" lon="-5.82154431"><ele>167.63</ele><time>2024-08-27T11:34:12Z</time></trkpt><trkpt lat="43.38939459" lon="-5.82153230"><ele>167.63</ele><time>2024-08-27T11:34:13Z</time></trkpt><trkpt lat="43.38940639" lon="-5.82152030"><ele>167.63</ele><time>2024-08-27T11:34:14Z</time></trkpt><trkpt lat="43.38941819" lon="-5.82150829"><ele>167.63</ele><time>2024-08-27T11:34:15Z</time></trkpt><trkpt lat="43.38943000" lon="-5.82149629"><ele>167.62</ele><time>2024-08-27T11:34:16Z</time></trkpt><trkpt lat="43.38944180" lon="-5.82148428"><ele>167.62</ele><time>2024-08-27T11:34:17Z</time></trkpt><trkpt lat="43.38945361" lon="-5.82147228"><ele>167.62</ele><time>2024-08-27T11:34:18Z</time></trkpt><trkpt lat="43.38946541" lon="-5.82146028"><ele>167.62</ele><time>2024-08-27T11:34:19Z</time></trkpt><trkpt lat="43.38947721" lon="-5.82144827"><ele>167.62</ele><time>2024-08-27T11:34:20Z</time></trkpt><trkpt lat="43.38948902" lon="-5.82143627"><ele>167.62</ele><time>2024-08-27T11:34:21Z</time></trkpt><trkpt lat="43.38950082" lon="-5.82142426"><ele>167.61</ele><time>2024-08-27T11:34:22Z</time></trkpt><trkpt lat="43.38951263" lon="-5.82141226"><ele>167.61</ele><time>2024-08-27T11:34:23Z</time></trkpt><trkpt lat="43.38952443" lon="-5.82140025"><ele>167.61</ele><time>2024-08-27T11:34:24Z</time></trkpt><trkpt lat="43.38953623" lon="-5.82138825"><ele>167.61</ele><time>2024-08-27T11:34:25Z</time></trkpt><trkpt lat="43.38954804" lon="-5.82137625"><ele>167.61</ele><time>2024-08-27T11:34:26Z</time></trkpt><trkpt lat="43.38955984" lon="-5.82136424"><ele>167.61</ele><time>2024-08-27T11:34:27Z</time></trkpt><trkpt lat="43.38957165" lon="-5.82135224"><ele>167.60</ele><time>2024-08-27T11:34:28Z</time></trkpt><trkpt lat="43.38958345" lon="-5.82134023"><ele>167.60</ele><time>2024-08-27T11:34:29Z</time></trkpt><trkpt lat="43.38959525" lon="-5.82132823"><ele>167.60</ele><time>2024-08-27T11:34:30Z</time></trkpt><trkpt lat="43.38960807" lon="-5.82131607"><ele>167.55</ele><time>2024-08-27T11:34:31Z</time></trkpt><trkpt lat="43.38962088" lon="-5.82130391"><ele>167.50</ele><time>2024-08-27T11:34:32Z</time></trkpt><trkpt lat="43.38963370" lon="-5.82129176"><ele>167.44</ele><time>2024-08-27T11:34:33Z</time></trkpt><trkpt lat="43.38964651" lon="-5.82127960"><ele>167.39</ele><time>2024-08-27T11:34:34Z</time></trkpt><trkpt lat="43.38965933" lon="-5.82126744"><ele>167.34</ele><time>2024-08-27T11:34:35Z</time></trkpt><trkpt lat="43.38967214" lon="-5.82125529"><ele>167.29</ele><time>2024-08-27T11:34:36Z</time></trkpt><trkpt lat="43.38968496" lon="-5.82124313"><ele>167.23</ele><time>2024-08-27T11:34:37Z</time></trkpt><trkpt lat="43.38969777" lon="-5.82123097"><ele>167.18</ele><time>2024-08-27T11:34:38Z</time></trkpt><trkpt lat="43.38971059" lon="-5.82121882"><ele>167.13</ele><time>2024-08-27T11:34:39Z</time></trkpt><trkpt lat="43.38972340" lon="-5.82120666"><ele>167.08</ele><time>2024-08-27T11:34:40Z</time></trkpt><trkpt lat="43.38973621" lon="-5.82119450"><ele>167.02</ele><time>2024-08-27T11:34:41Z</time></trkpt><trkpt lat="43.38974903" lon="-5.82118234"><ele>166.97</ele><time>2024-08-27T11:34:42Z</time></trkpt><trkpt lat="43.38976184" lon="-5.82117019"><ele>166.92</ele><time>2024-08-27T11:34:43Z</time></trkpt><trkpt lat="43.38977466" lon="-5.82115803"><ele>166.87</ele><time>2024-08-27T11:34:44Z</time></trkpt><trkpt lat="43.38978747" lon="-5.82114587"><ele>166.82</ele><time>2024-08-27T11:34:45Z</time></trkpt><trkpt lat="43.38980029" lon="-5.82113372"><ele>166.76</ele><time>2024-08-27T11:34:46Z</time></trkpt><trkpt lat="43.38981310" lon="-5.82112156"><ele>166.71</ele><time>2024-08-27T11:34:47Z</time></trkpt><trkpt lat="43.38982592" lon="-5.82110940"><ele>166.66</ele><time>2024-08-27T11:34:48Z</time></trkpt><trkpt lat="43.38983873" lon="-5.82109725"><ele>166.61</ele><time>2024-08-27T11:34:49Z</time></trkpt><trkpt lat="43.38985155" lon="-5.82108509"><ele>166.55</ele><time>2024-08-27T11:34:50Z</time></trkpt><trkpt lat="43.38986436" lon="-5.82107293"><ele>166.50</ele><time>2024-08-27T11:34:51Z</time></trkpt><trkpt lat="43.38987718" lon="-5.82106077"><ele>166.45</ele><time>2024-08-27T11:34:52Z</time></trkpt><trkpt lat="43.38988999" lon="-5.82104862"><ele>166.40</ele><time>2024-08-27T11:34:53Z</time></trkpt><trkpt lat="43.38990280" lon="-5.82103646"><ele>166.34</ele><time>2024-08-27T11:34:54Z</time></trkpt><trkpt lat="43.38991562" lon="-5.82102430"><ele>166.29</ele><time>2024-08-27T11:34:55Z</time></trkpt><trkpt lat="43.38992843" lon="-5.82101215"><ele>166.24</ele><time>2024-08-27T11:34:56Z</time></trkpt><trkpt lat="43.38994107" lon="-5.82099997"><ele>166.22</ele><time>2024-08-27T11:34:57Z</time></trkpt><trkpt lat="43.38995370" lon="-5.82098780"><ele>166.20</ele><time>2024-08-27T11:34:58Z</time></trkpt><trkpt lat="43.38996633" lon="-5.82097563"><ele>166.17</ele><time>2024-08-27T11:34:59Z</time></trkpt><trkpt lat="43.38997896" lon="-5.82096345"><ele>166.15</ele><time>2024-08-27T11:35:00Z</time></trkpt><trkpt lat="43.38999160" lon="-5.82095128"><ele>166.13</ele><time>2024-08-27T11:35:01Z</time></trkpt><trkpt lat="43.39000423" lon="-5.82093910"><ele>166.11</ele><time>2024-08-27T11:35:02Z</time></trkpt><trkpt lat="43.39001686" lon="-5.82092693"><ele>166.09</ele><time>2024-08-27T11:35:03Z</time></trkpt><trkpt lat="43.39002950" lon="-5.82091476"><ele>166.06</ele><time>2024-08-27T11:35:04Z</time></trkpt><trkpt lat="43.39004213" lon="-5.82090258"><ele>166.04</ele><time>2024-08-27T11:35:05Z</time></trkpt><trkpt lat="43.39005476" lon="-5.82089041"><ele>166.02</ele><time>2024-08-27T11:35:06Z</time></trkpt><trkpt lat="43.39006739" lon="-5.82087824"><ele>166.00</ele><time>2024-08-27T11:35:07Z</time></trkpt><trkpt lat="43.39008003" lon="-5.82086606"><ele>165.98</ele><time>2024-08-27T11:35:08Z</time></trkpt><trkpt lat="43.39009266" lon="-5.82085389"><ele>165.96</ele><time>2024-08-27T11:35:09Z</time></trkpt><trkpt lat="43.39010529" lon="-5.82084171"><ele>165.93</ele><time>2024-08-27T11:35:10Z</time></trkpt><trkpt lat="43.39011792" lon="-5.82082954"><ele>165.91</ele><time>2024-08-27T11:35:11Z</time></trkpt><trkpt lat="43.39013056" lon="-5.82081737"><ele>165.89</ele><time>2024-08-27T11:35:12Z</time></trkpt><trkpt lat="43.39014319" lon="-5.82080519"><ele>165.87</ele><time>2024-08-27T11:35:13Z</time></trkpt><trkpt lat="43.39015582" lon="-5.82079302"><ele>165.85</ele><time>2024-08-27T11:35:14Z</time></trkpt><trkpt lat="43.39016846" lon="-5.82078085"><ele>165.82</ele><time>2024-08-27T11:35:15Z</time></trkpt><trkpt lat="43.39018109" lon="-5.82076867"><ele>165.80</ele><time>2024-08-27T11:35:16Z</time></trkpt><trkpt lat="43.39019372" lon="-5.82075650"><ele>165.78</ele><time>2024-08-27T11:35:17Z</time></trkpt><trkpt lat="43.39020660" lon="-5.82074449"><ele>165.76</ele><time>2024-08-27T11:35:18Z</time></trkpt><trkpt lat="43.39021947" lon="-5.82073248"><ele>165.74</ele><time>2024-08-27T11:35:19Z</time></trkpt><trkpt lat="43.39023234" lon="-5.82072048"><ele>165.73</ele><time>2024-08-27T11:35:20Z</time></trkpt><trkpt lat="43.39024522" lon="-5.82070847"><ele>165.71</ele><time>2024-08-27T11:35:21Z</time></trkpt><trkpt lat="43.39025809" lon="-5.82069646"><ele>165.69</ele><time>2024-08-27T11:35:22Z</time></trkpt><trkpt lat="43.39027097" lon="-5.82068445"><ele>165.67</ele><time>2024-08-27T11:35:23Z</time></trkpt><trkpt lat="43.39028384" lon="-5.82067244"><ele>165.66</ele><time>2024-08-27T11:35:24Z</time></trkpt><trkpt lat="43.39029671" lon="-5.82066044"><ele>165.64</ele><time>2024-08-27T11:35:25Z</time></trkpt><trkpt lat="43.39030959" lon="-5.82064843"><ele>165.62</ele><time>2024-08-27T11:35:26Z</time></trkpt><trkpt lat="43.39032246" lon="-5.82063642"><ele>165.60</ele><time>2024-08-27T11:35:27Z</time></trkpt><trkpt lat="43.39033534" lon="-5.82062441"><ele>165.58</ele><time>2024-08-27T11:35:28Z</time></trkpt><trkpt lat="43.39034821" lon="-5.82061240"><ele>165.57</ele><time>2024-08-27T11:35:29Z</time></trkpt><trkpt lat="43.39036108" lon="-5.82060040"><ele>165.55</ele><time>2024-08-27T11:35:30Z</time></trkpt><trkpt lat="43.39037396" lon="-5.82058839"><ele>165.53</ele><time>2024-08-27T11:35:31Z</time></trkpt><trkpt lat="43.39038683" lon="-5.82057638"><ele>165.51</ele><time>2024-08-27T11:35:32Z</time></trkpt><trkpt lat="43.39039971" lon="-5.82056437"><ele>165.50</ele><time>2024-08-27T11:35:33Z</time></trkpt><trkpt lat="43.39041258" lon="-5.82055237"><ele>165.48</ele><time>2024-08-27T11:35:34Z</time></trkpt><trkpt lat="43.39042545" lon="-5.82054036"><ele>165.46</ele><time>2024-08-27T11:35:35Z</time></trkpt><trkpt lat="43.39043833" lon="-5.82052835"><ele>165.44</ele><time>2024-08-27T11:35:36Z</time></trkpt><trkpt lat="43.39045120" lon="-5.82051634"><ele>165.42</ele><time>2024-08-27T11:35:37Z</time></trkpt><trkpt lat="43.39046407" lon="-5.82050433"><ele>165.41</ele><time>2024-08-27T11:35:38Z</time></trkpt><trkpt lat="43.39047695" lon="-5.82049233"><ele>165.39</ele><time>2024-08-27T11:35:39Z</time></trkpt><trkpt lat="43.39048982" lon="-5.82048032"><ele>165.37</ele><time>2024-08-27T11:35:40Z</time></trkpt><trkpt lat="43.39050270" lon="-5.82046831"><ele>165.35</ele><time>2024-08-27T11:35:41Z</time></trkpt><trkpt lat="43.39051557" lon="-5.82045630"><ele>165.34</ele><time>2024-08-27T11:35:42Z</time></trkpt><trkpt lat="43.39052844" lon="-5.82044429"><ele>165.32</ele><time>2024-08-27T11:35:43Z</time></trkpt><trkpt lat="43.39054132" lon="-5.82043229"><ele>165.30</ele><time>2024-08-27T11:35:44Z</time></trkpt><trkpt lat="43.39055414" lon="-5.82042135"><ele>165.29</ele><time>2024-08-27T11:35:45Z</time></trkpt><trkpt lat="43.39056696" lon="-5.82041041"><ele>165.29</ele><time>2024-08-27T11:35:46Z</time></trkpt><trkpt lat="43.39057978" lon="-5.82039948"><ele>165.28</ele><time>2024-08-27T11:35:47Z</time></trkpt><trkpt lat="43.39059260" lon="-5.82038854"><ele>165.28</ele><time>2024-08-27T11:35:48Z</time></trkpt><trkpt lat="43.39060542" lon="-5.82037761"><ele>165.27</ele><time>2024-08-27T11:35:49Z</time></trkpt><trkpt lat="43.39061824" lon="-5.82036667"><ele>165.27</ele><time>2024-08-27T11:35:50Z</time></trkpt><trkpt lat="43.39063106" lon="-5.82035573"><ele>165.26</ele><time>2024-08-27T11:35:51Z</time></trkpt><trkpt lat="43.39064388" lon="-5.82034480"><ele>165.26</ele><time>2024-08-27T11:35:52Z</time></trkpt><trkpt lat="43.39065670" lon="-5.82033386"><ele>165.25</ele><time>2024-08-27T11:35:53Z</time></trkpt><trkpt lat="43.39066952" lon="-5.82032292"><ele>165.25</ele><time>2024-08-27T11:35:54Z</time></trkpt><trkpt lat="43.39068234" lon="-5.82031199"><ele>165.24</ele><time>2024-08-27T11:35:55Z</time></trkpt><trkpt lat="43.39069516" lon="-5.82030105"><ele>165.24</ele><time>2024-08-27T11:35:56Z</time></trkpt><trkpt lat="43.39070798" lon="-5.82029012"><ele>165.23</ele><time>2024-08-27T11:35:57Z</time></trkpt><trkpt lat="43.39072080" lon="-5.82027918"><ele>165.23</ele><time>2024-08-27T11:35:58Z</time></trkpt><trkpt lat="43.39073362" lon="-5.82026824"><ele>165.22</ele><time>2024-08-27T11:35:59Z</time></trkpt><trkpt lat="43.39074644" lon="-5.82025731"><ele>165.22</ele><time>2024-08-27T11:36:00Z</time></trkpt><trkpt lat="43.39075926" lon="-5.82024637"><ele>165.21</ele><time>2024-08-27T11:36:01Z</time></trkpt><trkpt lat="43.39077208" lon="-5.82023544"><ele>165.21</ele><time>2024-08-27T11:36:02Z</time></trkpt><trkpt lat="43.39078490" lon="-5.82022450"><ele>165.20</ele><time>2024-08-27T11:36:03Z</time></trkpt><trkpt lat="43.39079753" lon="-5.82021253"><ele>165.18</ele><time>2024-08-27T11:36:04Z</time></trkpt><trkpt lat="43.39081016" lon="-5.82020056"><ele>165.15</ele><time>2024-08-27T11:36:05Z</time></trkpt><trkpt lat="43.39082279" lon="-5.82018859"><ele>165.13</ele><time>2024-08-27T11:36:06Z</time></trkpt><trkpt lat="43.39083542" lon="-5.82017662"><ele>165.11</ele><time>2024-08-27T11:36:07Z</time></trkpt><trkpt lat="43.39084805" lon="-5.82016465"><ele>165.08</ele><time>2024-08-27T11:36:08Z</time></trkpt><trkpt lat="43.39086069" lon="-5.82015268"><ele>165.06</ele><time>2024-08-27T11:36:09Z</time></trkpt><trkpt lat="43.39087332" lon="-5.82014071"><ele>165.04</ele><time>2024-08-27T11:36:10Z</time></trkpt><trkpt lat="43.39088595" lon="-5.82012874"><ele>165.02</ele><time>2024-08-27T11:36:11Z</time></trkpt><trkpt lat="43.39089858" lon="-5.82011678"><ele>164.99</ele><time>2024-08-27T11:36:12Z</time></trkpt><trkpt lat="43.39091121" lon="-5.82010481"><ele>164.97</ele><time>2024-08-27T11:36:13Z</time></trkpt><trkpt lat="43.39092384" lon="-5.82009284"><ele>164.95</ele><time>2024-08-27T11:36:14Z</time></trkpt><trkpt lat="43.39093648" lon="-5.82008087"><ele>164.92</ele><time>2024-08-27T11:36:15Z</time></trkpt><trkpt lat="43.39094911" lon="-5.82006890"><ele>164.90</ele><time>2024-08-27T11:36:16Z</time></trkpt><trkpt lat="43.39096174" lon="-5.82005693"><ele>164.88</ele><time>2024-08-27T11:36:17Z</time></trkpt><trkpt lat="43.39097437" lon="-5.82004496"><ele>164.86</ele><time>2024-08-27T11:36:18Z</time></trkpt><trkpt lat="43.39098700" lon="-5.82003299"><ele>164.83</ele><time>2024-08-27T11:36:19Z</time></trkpt><trkpt lat="43.39099963" lon="-5.82002102"><ele>164.81</ele><time>2024-08-27T11:36:20Z</time></trkpt><trkpt lat="43.39101226" lon="-5.82000905"><ele>164.79</ele><time>2024-08-27T11:36:21Z</time></trkpt><trkpt lat="43.39102490" lon="-5.81999708"><ele>164.76</ele><time>2024-08-27T11:36:22Z</time></trkpt><trkpt lat="43.39103753" lon="-5.81998511"><ele>164.74</ele><time>2024-08-27T11:36:23Z</time></trkpt><trkpt lat="43.39104930" lon="-5.81997250"><ele>164.73</ele><time>2024-08-27T11:36:24Z</time></trkpt><trkpt lat="43.39106108" lon="-5.81995988"><ele>164.73</ele><time>2024-08-27T11:36:25Z</time></trkpt><trkpt lat="43.39107286" lon="-5.81994727"><ele>164.72</ele><time>2024-08-27T11:36:26Z</time></trkpt><trkpt lat="43.39108463" lon="-5.81993465"><ele>164.71</ele><time>2024-08-27T11:36:27Z</time></trkpt><trkpt lat="43.39109641" lon="-5.81992204"><ele>164.71</ele><time>2024-08-27T11:36:28Z</time></trkpt><trkpt lat="43.39109658" lon="-5.81990942"><ele>164.70</ele><time>2024-08-27T11:36:29Z</time></trkpt><trkpt lat="43.39109658" lon="-5.81989193"><ele>164.67</ele><time>2024-08-27T11:36:30Z</time></trkpt><trkpt lat="43.39109658" lon="-5.81987443"><ele>164.64</ele><time>2024-08-27T11:36:31Z</time></trkpt><trkpt lat="43.39109078" lon="-5.81985694"><ele>164.61</ele><time>2024-08-27T11:36:32Z</time></trkpt><trkpt lat="43.39108498" lon="-5.81983944"><ele>164.58</ele><time>2024-08-27T11:36:33Z</time></trkpt><trkpt lat="43.39107918" lon="-5.81982195"><ele>164.55</ele><time>2024-08-27T11:36:34Z</time></trkpt><trkpt lat="43.39107337" lon="-5.81980445"><ele>164.52</ele><time>2024-08-27T11:36:35Z</time></trkpt><trkpt lat="43.39106757" lon="-5.81978696"><ele>164.49</ele><time>2024-08-27T11:36:36Z</time></trkpt><trkpt lat="43.39106177" lon="-5.81976946"><ele>164.46</ele><time>2024-08-27T11:36:37Z</time></trkpt><trkpt lat="43.39105597" lon="-5.81975197"><ele>164.44</ele><time>2024-08-27T11:36:38Z</time></trkpt><trkpt lat="43.39105017" lon="-5.81973447"><ele>164.41</ele><time>2024-08-27T11:36:39Z</time></trkpt><trkpt lat="43.39104436" lon="-5.81971698"><ele>164.38</ele><time>2024-08-27T11:36:40Z</time></trkpt><trkpt lat="43.39103856" lon="-5.81969948"><ele>164.35</ele><time>2024-08-27T11:36:41Z</time></trkpt><trkpt lat="43.39103276" lon="-5.81968199"><ele>164.32</ele><time>2024-08-27T11:36:42Z</time></trkpt><trkpt lat="43.39102696" lon="-5.81966450"><ele>164.29</ele><time>2024-08-27T11:36:43Z</time></trkpt><trkpt lat="43.39102115" lon="-5.81964700"><ele>164.26</ele><time>2024-08-27T11:36:44Z</time></trkpt><trkpt lat="43.39101535" lon="-5.81962951"><ele>164.23</ele><time>2024-08-27T11:36:45Z</time></trkpt><trkpt lat="43.39100955" lon="-5.81961201"><ele>164.20</ele><time>2024-08-27T11:36:46Z</time></trkpt><trkpt lat="43.39100375" lon="-5.81959452"><ele>164.17</ele><time>2024-08-27T11:36:47Z</time></trkpt><trkpt lat="43.39099739" lon="-5.81957670"><ele>164.12</ele><time>2024-08-27T11:36:48Z</time></trkpt><trkpt lat="43.39099104" lon="-5.81955888"><ele>164.08</ele><time>2024-08-27T11:36:49Z</time></trkpt><trkpt lat="43.39098469" lon="-5.81954106"><ele>164.03</ele><time>2024-08-27T11:36:50Z</time></trkpt><trkpt lat="43.39098068" lon="-5.81952324"><ele>163.99</ele><time>2024-08-27T11:36:51Z</time></trkpt><trkpt lat="43.39098068" lon="-5.81950542"><ele>163.94</ele><time>2024-08-27T11:36:52Z</time></trkpt><trkpt lat="43.39098068" lon="-5.81949345"><ele>163.91</ele><time>2024-08-27T11:36:53Z</time></trkpt><trkpt lat="43.39098937" lon="-5.81948149"><ele>163.88</ele><time>2024-08-27T11:36:54Z</time></trkpt><trkpt lat="43.39099807" lon="-5.81946952"><ele>163.86</ele><time>2024-08-27T11:36:55Z</time></trkpt><trkpt lat="43.39100677" lon="-5.81945756"><ele>163.83</ele><time>2024-08-27T11:36:56Z</time></trkpt><trkpt lat="43.39102038" lon="-5.81944741"><ele>163.81</ele><time>2024-08-27T11:36:57Z</time></trkpt><trkpt lat="43.39103399" lon="-5.81943726"><ele>163.79</ele><time>2024-08-27T11:36:58Z</time></trkpt><trkpt lat="43.39104760" lon="-5.81942711"><ele>163.78</ele><time>2024-08-27T11:36:59Z</time></trkpt><trkpt lat="43.39106121" lon="-5.81941696"><ele>163.76</ele><time>2024-08-27T11:37:00Z</time></trkpt><trkpt lat="43.39107482" lon="-5.81940681"><ele>163.74</ele><time>2024-08-27T11:37:01Z</time></trkpt><trkpt lat="43.39108843" lon="-5.81939666"><ele>163.72</ele><time>2024-08-27T11:37:02Z</time></trkpt><trkpt lat="43.39110205" lon="-5.81938651"><ele>163.70</ele><time>2024-08-27T11:37:03Z</time></trkpt><trkpt lat="43.39111566" lon="-5.81937636"><ele>163.68</ele><time>2024-08-27T11:37:04Z</time></trkpt><trkpt lat="43.39112927" lon="-5.81936621"><ele>163.67</ele><time>2024-08-27T11:37:05Z</time></trkpt><trkpt lat="43.39114288" lon="-5.81935606"><ele>163.65</ele><time>2024-08-27T11:37:06Z</time></trkpt><trkpt lat="43.39115649" lon="-5.81934591"><ele>163.63</ele><time>2024-08-27T11:37:07Z</time></trkpt><trkpt lat="43.39117010" lon="-5.81933576"><ele>163.61</ele><time>2024-08-27T11:37:08Z</time></trkpt><trkpt lat="43.39118372" lon="-5.81932561"><ele>163.59</ele><time>2024-08-27T11:37:09Z</time></trkpt><trkpt lat="43.39119733" lon="-5.81931546"><ele>163.57</ele><time>2024-08-27T11:37:10Z</time></trkpt><trkpt lat="43.39121094" lon="-5.81930531"><ele>163.56</ele><time>2024-08-27T11:37:11Z</time></trkpt><trkpt lat="43.39122455" lon="-5.81929516"><ele>163.54</ele><time>2024-08-27T11:37:12Z</time></trkpt><trkpt lat="43.39123816" lon="-5.81928502"><ele>163.52</ele><time>2024-08-27T11:37:13Z</time></trkpt><trkpt lat="43.39125177" lon="-5.81927487"><ele>163.50</ele><time>2024-08-27T11:37:14Z</time></trkpt><trkpt lat="43.39126538" lon="-5.81926472"><ele>163.48</ele><time>2024-08-27T11:37:15Z</time></trkpt><trkpt lat="43.39127900" lon="-5.81925457"><ele>163.46</ele><time>2024-08-27T11:37:16Z</time></trkpt><trkpt lat="43.39129261" lon="-5.81924442"><ele>163.45</ele><time>2024-08-27T11:37:17Z</time></trkpt><trkpt lat="43.39130622" lon="-5.81923427"><ele>163.43</ele><time>2024-08-27T11:37:18Z</time></trkpt><trkpt lat="43.39131983" lon="-5.81922412"><ele>163.43</ele><time>2024-08-27T11:37:19Z</time></trkpt><trkpt lat="43.39133260" lon="-5.81921243"><ele>163.43</ele><time>2024-08-27T11:37:20Z</time></trkpt><trkpt lat="43.39134536" lon="-5.81920074"><ele>163.44</ele><time>2024-08-27T11:37:21Z</time></trkpt><trkpt lat="43.39135813" lon="-5.81918905"><ele>163.45</ele><time>2024-08-27T11:37:22Z</time></trkpt><trkpt lat="43.39137089" lon="-5.81917736"><ele>163.47</ele><time>2024-08-27T11:37:23Z</time></trkpt><trkpt lat="43.39138366" lon="-5.81916566"><ele>163.48</ele><time>2024-08-27T11:37:24Z</time></trkpt><trkpt lat="43.39139643" lon="-5.81915397"><ele>163.50</ele><time>2024-08-27T11:37:25Z</time></trkpt><trkpt lat="43.39140919" lon="-5.81914228"><ele>163.51</ele><time>2024-08-27T11:37:26Z</time></trkpt><trkpt lat="43.39142196" lon="-5.81913059"><ele>163.53</ele><time>2024-08-27T11:37:27Z</time></trkpt><trkpt lat="43.39143472" lon="-5.81911890"><ele>163.54</ele><time>2024-08-27T11:37:28Z</time></trkpt><trkpt lat="43.39144749" lon="-5.81910721"><ele>163.56</ele><time>2024-08-27T11:37:29Z</time></trkpt><trkpt lat="43.39146026" lon="-5.81909552"><ele>163.57</ele><time>2024-08-27T11:37:30Z</time></trkpt><trkpt lat="43.39147302" lon="-5.81908383"><ele>163.59</ele><time>2024-08-27T11:37:31Z</time></trkpt><trkpt lat="43.39148579" lon="-5.81907214"><ele>163.60</ele><time>2024-08-27T11:37:32Z</time></trkpt><trkpt lat="43.39149855" lon="-5.81906045"><ele>163.62</ele><time>2024-08-27T11:37:33Z</time></trkpt><trkpt lat="43.39151132" lon="-5.81904876"><ele>163.63</ele><time>2024-08-27T11:37:34Z</time></trkpt><trkpt lat="43.39152409" lon="-5.81903706"><ele>163.65</ele><time>2024-08-27T11:37:35Z</time></trkpt><trkpt lat="43.39153685" lon="-5.81902537"><ele>163.66</ele><time>2024-08-27T11:37:36Z</time></trkpt><trkpt lat="43.39154962" lon="-5.81901368"><ele>163.68</ele><time>2024-08-27T11:37:37Z</time></trkpt><trkpt lat="43.39156238" lon="-5.81900199"><ele>163.69</ele><time>2024-08-27T11:37:38Z</time></trkpt><trkpt lat="43.39157515" lon="-5.81899030"><ele>163.71</ele><time>2024-08-27T11:37:39Z</time></trkpt><trkpt lat="43.39158792" lon="-5.81897861"><ele>163.72</ele><time>2024-08-27T11:37:40Z</time></trkpt><trkpt lat="43.39160068" lon="-5.81896692"><ele>163.74</ele><time>2024-08-27T11:37:41Z</time></trkpt><trkpt lat="43.39161345" lon="-5.81895523"><ele>163.75</ele><time>2024-08-27T11:37:42Z</time></trkpt><trkpt lat="43.39162599" lon="-5.81894419"><ele>163.75</ele><time>2024-08-27T11:37:43Z</time></trkpt><trkpt lat="43.39163854" lon="-5.81893315"><ele>163.75</ele><time>2024-08-27T11:37:44Z</time></trkpt><trkpt lat="43.39165108" lon="-5.81892211"><ele>163.75</ele><time>2024-08-27T11:37:45Z</time></trkpt><trkpt lat="43.39166363" lon="-5.81891106"><ele>163.75</ele><time>2024-08-27T11:37:46Z</time></trkpt><trkpt lat="43.39167617" lon="-5.81890002"><ele>163.75</ele><time>2024-08-27T11:37:47Z</time></trkpt><trkpt lat="43.39168872" lon="-5.81888898"><ele>163.75</ele><time>2024-08-27T11:37:48Z</time></trkpt><trkpt lat="43.39170126" lon="-5.81887794"><ele>163.75</ele><time>2024-08-27T11:37:49Z</time></trkpt><trkpt lat="43.39171381" lon="-5.81886690"><ele>163.75</ele><time>2024-08-27T11:37:50Z</time></trkpt><trkpt lat="43.39172635" lon="-5.81885586"><ele>163.75</ele><time>2024-08-27T11:37:51Z</time></trkpt><trkpt lat="43.39173890" lon="-5.81884482"><ele>163.74</ele><time>2024-08-27T11:37:52Z</time></trkpt><trkpt lat="43.39175144" lon="-5.81883378"><ele>163.74</ele><time>2024-08-27T11:37:53Z</time></trkpt><trkpt lat="43.39176399" lon="-5.81882274"><ele>163.74</ele><time>2024-08-27T11:37:54Z</time></trkpt><trkpt lat="43.39177653" lon="-5.81881170"><ele>163.74</ele><time>2024-08-27T11:37:55Z</time></trkpt><trkpt lat="43.39178908" lon="-5.81880066"><ele>163.74</ele><time>2024-08-27T11:37:56Z</time></trkpt><trkpt lat="43.39180162" lon="-5.81878962"><ele>163.74</ele><time>2024-08-27T11:37:57Z</time></trkpt><trkpt lat="43.39181417" lon="-5.81877857"><ele>163.74</ele><time>2024-08-27T11:37:58Z</time></trkpt><trkpt lat="43.39182671" lon="-5.81876753"><ele>163.74</ele><time>2024-08-27T11:37:59Z</time></trkpt><trkpt lat="43.39183926" lon="-5.81875649"><ele>163.74</ele><time>2024-08-27T11:38:00Z</time></trkpt><trkpt lat="43.39185139" lon="-5.81874456"><ele>163.74</ele><time>2024-08-27T11:38:01Z</time></trkpt><trkpt lat="43.39186352" lon="-5.81873263"><ele>163.74</ele><time>2024-08-27T11:38:02Z</time></trkpt><trkpt lat="43.39187565" lon="-5.81872069"><ele>163.74</ele><time>2024-08-27T11:38:03Z</time></trkpt><trkpt lat="43.39188778" lon="-5.81870876"><ele>163.74</ele><time>2024-08-27T11:38:04Z</time></trkpt><trkpt lat="43.39189991" lon="-5.81869683"><ele>163.73</ele><time>2024-08-27T11:38:05Z</time></trkpt><trkpt lat="43.39191205" lon="-5.81868489"><ele>163.73</ele><time>2024-08-27T11:38:06Z</time></trkpt><trkpt lat="43.39192418" lon="-5.81867296"><ele>163.73</ele><time>2024-08-27T11:38:07Z</time></trkpt><trkpt lat="43.39193631" lon="-5.81866103"><ele>163.73</ele><time>2024-08-27T11:38:08Z</time></trkpt><trkpt lat="43.39194844" lon="-5.81864909"><ele>163.73</ele><time>2024-08-27T11:38:09Z</time></trkpt><trkpt lat="43.39196057" lon="-5.81863716"><ele>163.73</ele><time>2024-08-27T11:38:10Z</time></trkpt><trkpt lat="43.39197271" lon="-5.81862523"><ele>163.73</ele><time>2024-08-27T11:38:11Z</time></trkpt><trkpt lat="43.39198484" lon="-5.81861329"><ele>163.73</ele><time>2024-08-27T11:38:12Z</time></trkpt><trkpt lat="43.39199697" lon="-5.81860136"><ele>163.73</ele><time>2024-08-27T11:38:13Z</time></trkpt><trkpt lat="43.39200910" lon="-5.81858943"><ele>163.73</ele><time>2024-08-27T11:38:14Z</time></trkpt><trkpt lat="43.39202123" lon="-5.81857750"><ele>163.72</ele><time>2024-08-27T11:38:15Z</time></trkpt><trkpt lat="43.39203336" lon="-5.81856556"><ele>163.72</ele><time>2024-08-27T11:38:16Z</time></trkpt><trkpt lat="43.39204550" lon="-5.81855363"><ele>163.72</ele><time>2024-08-27T11:38:17Z</time></trkpt><trkpt lat="43.39205763" lon="-5.81854170"><ele>163.72</ele><time>2024-08-27T11:38:18Z</time></trkpt><trkpt lat="43.39206976" lon="-5.81852976"><ele>163.72</ele><time>2024-08-27T11:38:19Z</time></trkpt><trkpt lat="43.39208307" lon="-5.81851824"><ele>163.73</ele><time>2024-08-27T11:38:20Z</time></trkpt><trkpt lat="43.39209639" lon="-5.81850671"><ele>163.73</ele><time>2024-08-27T11:38:21Z</time></trkpt><trkpt lat="43.39210970" lon="-5.81849519"><ele>163.74</ele><time>2024-08-27T11:38:22Z</time></trkpt><trkpt lat="43.39212302" lon="-5.81848366"><ele>163.74</ele><time>2024-08-27T11:38:23Z</time></trkpt><trkpt lat="43.39213633" lon="-5.81847214"><ele>163.75</ele><time>2024-08-27T11:38:24Z</time></trkpt><trkpt lat="43.39214964" lon="-5.81846061"><ele>163.75</ele><time>2024-08-27T11:38:25Z</time></trkpt><trkpt lat="43.39216296" lon="-5.81844909"><ele>163.76</ele><time>2024-08-27T11:38:26Z</time></trkpt><trkpt lat="43.39217627" lon="-5.81843756"><ele>163.76</ele><time>2024-08-27T11:38:27Z</time></trkpt><trkpt lat="43.39218959" lon="-5.81842604"><ele>163.77</ele><time>2024-08-27T11:38:28Z</time></trkpt><trkpt lat="43.39220290" lon="-5.81841451"><ele>163.77</ele><time>2024-08-27T11:38:29Z</time></trkpt><trkpt lat="43.39221622" lon="-5.81840299"><ele>163.78</ele><time>2024-08-27T11:38:30Z</time></trkpt><trkpt lat="43.39222953" lon="-5.81839146"><ele>163.78</ele><time>2024-08-27T11:38:31Z</time></trkpt><trkpt lat="43.39224285" lon="-5.81837994"><ele>163.79</ele><time>2024-08-27T11:38:32Z</time></trkpt><trkpt lat="43.39225616" lon="-5.81836841"><ele>163.80</ele><time>2024-08-27T11:38:33Z</time></trkpt><trkpt lat="43.39226947" lon="-5.81835689"><ele>163.80</ele><time>2024-08-27T11:38:34Z</time></trkpt><trkpt lat="43.39228279" lon="-5.81834536"><ele>163.81</ele><time>2024-08-27T11:38:35Z</time></trkpt><trkpt lat="43.39229610" lon="-5.81833384"><ele>163.81</ele><time>2024-08-27T11:38:36Z</time></trkpt><trkpt lat="43.39230942" lon="-5.81832231"><ele>163.82</ele><time>2024-08-27T11:38:37Z</time></trkpt><trkpt lat="43.39232273" lon="-5.81831079"><ele>163.82</ele><time>2024-08-27T11:38:38Z</time></trkpt><trkpt lat="43.39233605" lon="-5.81829926"><ele>163.83</ele><time>2024-08-27T11:38:39Z</time></trkpt><trkpt lat="43.39234936" lon="-5.81828773"><ele>163.83</ele><time>2024-08-27T11:38:40Z</time></trkpt><trkpt lat="43.39236267" lon="-5.81827621"><ele>163.84</ele><time>2024-08-27T11:38:41Z</time></trkpt><trkpt lat="43.39237599" lon="-5.81826468"><ele>163.84</ele><time>2024-08-27T11:38:42Z</time></trkpt><trkpt lat="43.39238930" lon="-5.81825316"><ele>163.85</ele><time>2024-08-27T11:38:43Z</time></trkpt><trkpt lat="43.39240262" lon="-5.81824163"><ele>163.85</ele><time>2024-08-27T11:38:44Z</time></trkpt><trkpt lat="43.39241593" lon="-5.81823011"><ele>163.86</ele><time>2024-08-27T11:38:45Z</time></trkpt><trkpt lat="43.39242953" lon="-5.81821956"><ele>163.88</ele><time>2024-08-27T11:38:46Z</time></trkpt><trkpt lat="43.39244313" lon="-5.81820900"><ele>163.91</ele><time>2024-08-27T11:38:47Z</time></trkpt><trkpt lat="43.39245674" lon="-5.81819845"><ele>163.93</ele><time>2024-08-27T11:38:48Z</time></trkpt><trkpt lat="43.39247034" lon="-5.81818789"><ele>163.96</ele><time>2024-08-27T11:38:49Z</time></trkpt><trkpt lat="43.39248394" lon="-5.81817734"><ele>163.98</ele><time>2024-08-27T11:38:50Z</time></trkpt><trkpt lat="43.39249754" lon="-5.81816679"><ele>164.01</ele><time>2024-08-27T11:38:51Z</time></trkpt><trkpt lat="43.39251114" lon="-5.81815623"><ele>164.03</ele><time>2024-08-27T11:38:52Z</time></trkpt><trkpt lat="43.39252474" lon="-5.81814568"><ele>164.06</ele><time>2024-08-27T11:38:53Z</time></trkpt><trkpt lat="43.39253835" lon="-5.81813513"><ele>164.08</ele><time>2024-08-27T11:38:54Z</time></trkpt><trkpt lat="43.39255195" lon="-5.81812457"><ele>164.11</ele><time>2024-08-27T11:38:55Z</time></trkpt><trkpt lat="43.39256555" lon="-5.81811402"><ele>164.13</ele><time>2024-08-27T11:38:56Z</time></trkpt><trkpt lat="43.39257915" lon="-5.81810347"><ele>164.15</ele><time>2024-08-27T11:38:57Z</time></trkpt><trkpt lat="43.39259275" lon="-5.81809291"><ele>164.18</ele><time>2024-08-27T11:38:58Z</time></trkpt><trkpt lat="43.39260635" lon="-5.81808236"><ele>164.20</ele><time>2024-08-27T11:38:59Z</time></trkpt><trkpt lat="43.39261995" lon="-5.81807181"><ele>164.23</ele><time>2024-08-27T11:39:00Z</time></trkpt><trkpt lat="43.39263356" lon="-5.81806125"><ele>164.25</ele><time>2024-08-27T11:39:01Z</time></trkpt><trkpt lat="43.39264716" lon="-5.81805070"><ele>164.28</ele><time>2024-08-27T11:39:02Z</time></trkpt><trkpt lat="43.39266076" lon="-5.81804014"><ele>164.30</ele><time>2024-08-27T11:39:03Z</time></trkpt><trkpt lat="43.39267436" lon="-5.81802959"><ele>164.33</ele><time>2024-08-27T11:39:04Z</time></trkpt><trkpt lat="43.39268796" lon="-5.81801904"><ele>164.35</ele><time>2024-08-27T11:39:05Z</time></trkpt><trkpt lat="43.39270156" lon="-5.81800848"><ele>164.38</ele><time>2024-08-27T11:39:06Z</time></trkpt><trkpt lat="43.39271517" lon="-5.81799793"><ele>164.40</ele><time>2024-08-27T11:39:07Z</time></trkpt><trkpt lat="43.39272832" lon="-5.81798609"><ele>164.41</ele><time>2024-08-27T11:39:08Z</time></trkpt><trkpt lat="43.39274148" lon="-5.81797425"><ele>164.41</ele><time>2024-08-27T11:39:09Z</time></trkpt><trkpt lat="43.39275464" lon="-5.81796242"><ele>164.42</ele><time>2024-08-27T11:39:10Z</time></trkpt><trkpt lat="43.39276780" lon="-5.81795058"><ele>164.43</ele><time>2024-08-27T11:39:11Z</time></trkpt><trkpt lat="43.39278096" lon="-5.81793874"><ele>164.43</ele><time>2024-08-27T11:39:12Z</time></trkpt><trkpt lat="43.39279412" lon="-5.81792690"><ele>164.44</ele><time>2024-08-27T11:39:13Z</time></trkpt><trkpt lat="43.39280728" lon="-5.81791506"><ele>164.45</ele><time>2024-08-27T11:39:14Z</time></trkpt><trkpt lat="43.39282044" lon="-5.81790322"><ele>164.45</ele><time>2024-08-27T11:39:15Z</time></trkpt><trkpt lat="43.39283360" lon="-5.81789138"><ele>164.46</ele><time>2024-08-27T11:39:16Z</time></trkpt><trkpt lat="43.39284676" lon="-5.81787955"><ele>164.47</ele><time>2024-08-27T11:39:17Z</time></trkpt><trkpt lat="43.39285992" lon="-5.81786771"><ele>164.47</ele><time>2024-08-27T11:39:18Z</time></trkpt><trkpt lat="43.39287308" lon="-5.81785587"><ele>164.48</ele><time>2024-08-27T11:39:19Z</time></trkpt><trkpt lat="43.39288624" lon="-5.81784403"><ele>164.49</ele><time>2024-08-27T11:39:20Z</time></trkpt><trkpt lat="43.39289940" lon="-5.81783219"><ele>164.49</ele><time>2024-08-27T11:39:21Z</time></trkpt><trkpt lat="43.39291256" lon="-5.81782035"><ele>164.50</ele><time>2024-08-27T11:39:22Z</time></trkpt><trkpt lat="43.39292572" lon="-5.81780852"><ele>164.51</ele><time>2024-08-27T11:39:23Z</time></trkpt><trkpt lat="43.39293888" lon="-5.81779668"><ele>164.51</ele><time>2024-08-27T11:39:24Z</time></trkpt><trkpt lat="43.39295204" lon="-5.81778484"><ele>164.52</ele><time>2024-08-27T11:39:25Z</time></trkpt><trkpt lat="43.39296520" lon="-5.81777300"><ele>164.53</ele><time>2024-08-27T11:39:26Z</time></trkpt><trkpt lat="43.39297836" lon="-5.81776116"><ele>164.53</ele><time>2024-08-27T11:39:27Z</time></trkpt><trkpt lat="43.39299152" lon="-5.81774932"><ele>164.54</ele><time>2024-08-27T11:39:28Z</time></trkpt><trkpt lat="43.39300621" lon="-5.81774476"><ele>164.55</ele><time>2024-08-27T11:39:29Z</time></trkpt><trkpt lat="43.39302090" lon="-5.81774019"><ele>164.56</ele><time>2024-08-27T11:39:30Z</time></trkpt><trkpt lat="43.39303559" lon="-5.81773562"><ele>164.57</ele><time>2024-08-27T11:39:31Z</time></trkpt><trkpt lat="43.39305028" lon="-5.81773105"><ele>164.58</ele><time>2024-08-27T11:39:32Z</time></trkpt><trkpt lat="43.39306497" lon="-5.81772648"><ele>164.59</ele><time>2024-08-27T11:39:33Z</time></trkpt><trkpt lat="43.39307966" lon="-5.81772191"><ele>164.61</ele><time>2024-08-27T11:39:34Z</time></trkpt><trkpt lat="43.39309436" lon="-5.81771735"><ele>164.62</ele><time>2024-08-27T11:39:35Z</time></trkpt><trkpt lat="43.39310905" lon="-5.81771278"><ele>164.63</ele><time>2024-08-27T11:39:36Z</time></trkpt><trkpt lat="43.39312374" lon="-5.81770821"><ele>164.64</ele><time>2024-08-27T11:39:37Z</time></trkpt><trkpt lat="43.39313843" lon="-5.81770364"><ele>164.65</ele><time>2024-08-27T11:39:38Z</time></trkpt><trkpt lat="43.39315312" lon="-5.81769907"><ele>164.66</ele><time>2024-08-27T11:39:39Z</time></trkpt><trkpt lat="43.39316781" lon="-5.81769451"><ele>164.67</ele><time>2024-08-27T11:39:40Z</time></trkpt><trkpt lat="43.39318250" lon="-5.81768994"><ele>164.68</ele><time>2024-08-27T11:39:41Z</time></trkpt><trkpt lat="43.39319719" lon="-5.81768537"><ele>164.69</ele><time>2024-08-27T11:39:42Z</time></trkpt><trkpt lat="43.39321188" lon="-5.81768080"><ele>164.70</ele><time>2024-08-27T11:39:43Z</time></trkpt><trkpt lat="43.39322658" lon="-5.81767623"><ele>164.71</ele><time>2024-08-27T11:39:44Z</time></trkpt><trkpt lat="43.39324127" lon="-5.81767166"><ele>164.73</ele><time>2024-08-27T11:39:45Z</time></trkpt><trkpt lat="43.39325596" lon="-5.81766710"><ele>164.74</ele><time>2024-08-27T11:39:46Z</time></trkpt><trkpt lat="43.39327065" lon="-5.81766253"><ele>164.75</ele><time>2024-08-27T11:39:47Z</time></trkpt><trkpt lat="43.39328534" lon="-5.81765796"><ele>164.76</ele><time>2024-08-27T11:39:48Z</time></trkpt><trkpt lat="43.39330003" lon="-5.81765796"><ele>164.76</ele><time>2024-08-27T11:39:49Z</time></trkpt><trkpt lat="43.39331472" lon="-5.81765796"><ele>164.76</ele><time>2024-08-27T11:39:50Z</time></trkpt><trkpt lat="43.39332594" lon="-5.81766298"><ele>164.76</ele><time>2024-08-27T11:39:51Z</time></trkpt><trkpt lat="43.39333717" lon="-5.81767715"><ele>164.74</ele><time>2024-08-27T11:39:52Z</time></trkpt><trkpt lat="43.39334839" lon="-5.81769131"><ele>164.71</ele><time>2024-08-27T11:39:53Z</time></trkpt><trkpt lat="43.39335961" lon="-5.81770547"><ele>164.69</ele><time>2024-08-27T11:39:54Z</time></trkpt><trkpt lat="43.39337083" lon="-5.81771963"><ele>164.67</ele><time>2024-08-27T11:39:55Z</time></trkpt><trkpt lat="43.39338205" lon="-5.81773379"><ele>164.65</ele><time>2024-08-27T11:39:56Z</time></trkpt><trkpt lat="43.39339328" lon="-5.81774795"><ele>164.62</ele><time>2024-08-27T11:39:57Z</time></trkpt><trkpt lat="43.39340450" lon="-5.81776211"><ele>164.60</ele><time>2024-08-27T11:39:58Z</time></trkpt><trkpt lat="43.39341572" lon="-5.81777627"><ele>164.58</ele><time>2024-08-27T11:39:59Z</time></trkpt><trkpt lat="43.39342694" lon="-5.81779043"><ele>164.56</ele><time>2024-08-27T11:40:00Z</time></trkpt><trkpt lat="43.39343816" lon="-5.81780459"><ele>164.53</ele><time>2024-08-27T11:40:01Z</time></trkpt><trkpt lat="43.39344939" lon="-5.81781875"><ele>164.51</ele><time>2024-08-27T11:40:02Z</time></trkpt><trkpt lat="43.39346061" lon="-5.81783291"><ele>164.49</ele><time>2024-08-27T11:40:03Z</time></trkpt><trkpt lat="43.39347183" lon="-5.81784707"><ele>164.47</ele><time>2024-08-27T11:40:04Z</time></trkpt><trkpt lat="43.39348305" lon="-5.81786123"><ele>164.44</ele><time>2024-08-27T11:40:05Z</time></trkpt><trkpt lat="43.39349427" lon="-5.81787539"><ele>164.42</ele><time>2024-08-27T11:40:06Z</time></trkpt><trkpt lat="43.39350549" lon="-5.81788955"><ele>164.40</ele><time>2024-08-27T11:40:07Z</time></trkpt><trkpt lat="43.39350614" lon="-5.81790902"><ele>164.37</ele><time>2024-08-27T11:40:08Z</time></trkpt><trkpt lat="43.39350679" lon="-5.81792849"><ele>164.34</ele><time>2024-08-27T11:40:09Z</time></trkpt><trkpt lat="43.39350744" lon="-5.81794796"><ele>164.31</ele><time>2024-08-27T11:40:10Z</time></trkpt><trkpt lat="43.39350809" lon="-5.81796743"><ele>164.28</ele><time>2024-08-27T11:40:11Z</time></trkpt><trkpt lat="43.39350873" lon="-5.81798690"><ele>164.25</ele><time>2024-08-27T11:40:12Z</time></trkpt><trkpt lat="43.39350938" lon="-5.81800637"><ele>164.23</ele><time>2024-08-27T11:40:13Z</time></trkpt><trkpt lat="43.39351003" lon="-5.81802583"><ele>164.20</ele><time>2024-08-27T11:40:14Z</time></trkpt><trkpt lat="43.39351068" lon="-5.81804530"><ele>164.17</ele><time>2024-08-27T11:40:15Z</time></trkpt><trkpt lat="43.39351132" lon="-5.81806477"><ele>164.14</ele><time>2024-08-27T11:40:16Z</time></trkpt><trkpt lat="43.39351132" lon="-5.81808424"><ele>164.11</ele><time>2024-08-27T11:40:17Z</time></trkpt><trkpt lat="43.39351132" lon="-5.81810371"><ele>164.08</ele><time>2024-08-27T11:40:18Z</time></trkpt><trkpt lat="43.39350925" lon="-5.81812466"><ele>164.06</ele><time>2024-08-27T11:40:19Z</time></trkpt><trkpt lat="43.39350589" lon="-5.81814561"><ele>164.03</ele><time>2024-08-27T11:40:20Z</time></trkpt><trkpt lat="43.39350252" lon="-5.81816656"><ele>164.01</ele><time>2024-08-27T11:40:21Z</time></trkpt><trkpt lat="43.39349916" lon="-5.81818751"><ele>163.98</ele><time>2024-08-27T11:40:22Z</time></trkpt><trkpt lat="43.39349579" lon="-5.81820846"><ele>163.96</ele><time>2024-08-27T11:40:23Z</time></trkpt><trkpt lat="43.39349243" lon="-5.81822941"><ele>163.93</ele><time>2024-08-27T11:40:24Z</time></trkpt><trkpt lat="43.39348906" lon="-5.81825036"><ele>163.91</ele><time>2024-08-27T11:40:25Z</time></trkpt><trkpt lat="43.39348570" lon="-5.81827131"><ele>163.88</ele><time>2024-08-27T11:40:26Z</time></trkpt><trkpt lat="43.39348233" lon="-5.81829227"><ele>163.86</ele><time>2024-08-27T11:40:27Z</time></trkpt><trkpt lat="43.39347897" lon="-5.81831322"><ele>163.83</ele><time>2024-08-27T11:40:28Z</time></trkpt><trkpt lat="43.39347560" lon="-5.81833417"><ele>163.81</ele><time>2024-08-27T11:40:29Z</time></trkpt><trkpt lat="43.39347224" lon="-5.81835512"><ele>163.78</ele><time>2024-08-27T11:40:30Z</time></trkpt><trkpt lat="43.39346887" lon="-5.81837607"><ele>163.76</ele><time>2024-08-27T11:40:31Z</time></trkpt><trkpt lat="43.39346551" lon="-5.81839702"><ele>163.73</ele><time>2024-08-27T11:40:32Z</time></trkpt><trkpt lat="43.39346214" lon="-5.81841797"><ele>163.71</ele><time>2024-08-27T11:40:33Z</time></trkpt><trkpt lat="43.39345877" lon="-5.81843892"><ele>163.68</ele><time>2024-08-27T11:40:34Z</time></trkpt><trkpt lat="43.39345541" lon="-5.81845987"><ele>163.66</ele><time>2024-08-27T11:40:35Z</time></trkpt><trkpt lat="43.39345204" lon="-5.81848082"><ele>163.63</ele><time>2024-08-27T11:40:36Z</time></trkpt><trkpt lat="43.39344868" lon="-5.81850177"><ele>163.61</ele><time>2024-08-27T11:40:37Z</time></trkpt><trkpt lat="43.39344531" lon="-5.81852272"><ele>163.58</ele><time>2024-08-27T11:40:38Z</time></trkpt><trkpt lat="43.39344133" lon="-5.81854416"><ele>163.56</ele><time>2024-08-27T11:40:39Z</time></trkpt><trkpt lat="43.39343734" lon="-5.81856559"><ele>163.53</ele><time>2024-08-27T11:40:40Z</time></trkpt><trkpt lat="43.39343335" lon="-5.81858703"><ele>163.51</ele><time>2024-08-27T11:40:41Z</time></trkpt><trkpt lat="43.39342937" lon="-5.81860847"><ele>163.49</ele><time>2024-08-27T11:40:42Z</time></trkpt><trkpt lat="43.39342538" lon="-5.81862991"><ele>163.46</ele><time>2024-08-27T11:40:43Z</time></trkpt><trkpt lat="43.39342139" lon="-5.81865134"><ele>163.44</ele><time>2024-08-27T11:40:44Z</time></trkpt><trkpt lat="43.39341741" lon="-5.81867278"><ele>163.42</ele><time>2024-08-27T11:40:45Z</time></trkpt><trkpt lat="43.39341342" lon="-5.81869422"><ele>163.40</ele><time>2024-08-27T11:40:46Z</time></trkpt><trkpt lat="43.39340943" lon="-5.81871565"><ele>163.37</ele><time>2024-08-27T11:40:47Z</time></trkpt><trkpt lat="43.39340545" lon="-5.81873709"><ele>163.35</ele><time>2024-08-27T11:40:48Z</time></trkpt><trkpt lat="43.39340146" lon="-5.81875853"><ele>163.33</ele><time>2024-08-27T11:40:49Z</time></trkpt><trkpt lat="43.39339747" lon="-5.81877996"><ele>163.30</ele><time>2024-08-27T11:40:50Z</time></trkpt><trkpt lat="43.39339349" lon="-5.81880140"><ele>163.28</ele><time>2024-08-27T11:40:51Z</time></trkpt><trkpt lat="43.39338950" lon="-5.81882284"><ele>163.26</ele><time>2024-08-27T11:40:52Z</time></trkpt><trkpt lat="43.39338551" lon="-5.81884427"><ele>163.23</ele><time>2024-08-27T11:40:53Z</time></trkpt><trkpt lat="43.39338153" lon="-5.81886571"><ele>163.21</ele><time>2024-08-27T11:40:54Z</time></trkpt><trkpt lat="43.39338089" lon="-5.81888696"><ele>163.19</ele><time>2024-08-27T11:40:55Z</time></trkpt><trkpt lat="43.39338026" lon="-5.81890821"><ele>163.16</ele><time>2024-08-27T11:40:56Z</time></trkpt><trkpt lat="43.39337963" lon="-5.81892945"><ele>163.14</ele><time>2024-08-27T11:40:57Z</time></trkpt><trkpt lat="43.39337899" lon="-5.81895070"><ele>163.11</ele><time>2024-08-27T11:40:58Z</time></trkpt><trkpt lat="43.39337836" lon="-5.81897195"><ele>163.09</ele><time>2024-08-27T11:40:59Z</time></trkpt><trkpt lat="43.39337773" lon="-5.81899320"><ele>163.06</ele><time>2024-08-27T11:41:00Z</time></trkpt><trkpt lat="43.39337709" lon="-5.81901445"><ele>163.04</ele><time>2024-08-27T11:41:01Z</time></trkpt><trkpt lat="43.39337646" lon="-5.81903569"><ele>163.01</ele><time>2024-08-27T11:41:02Z</time></trkpt><trkpt lat="43.39337583" lon="-5.81905694"><ele>162.99</ele><time>2024-08-27T11:41:03Z</time></trkpt><trkpt lat="43.39337519" lon="-5.81907819"><ele>162.97</ele><time>2024-08-27T11:41:04Z</time></trkpt><trkpt lat="43.39337456" lon="-5.81909944"><ele>162.94</ele><time>2024-08-27T11:41:05Z</time></trkpt><trkpt lat="43.39337393" lon="-5.81912069"><ele>162.92</ele><time>2024-08-27T11:41:06Z</time></trkpt><trkpt lat="43.39337329" lon="-5.81914193"><ele>162.89</ele><time>2024-08-27T11:41:07Z</time></trkpt><trkpt lat="43.39337266" lon="-5.81916318"><ele>162.87</ele><time>2024-08-27T11:41:08Z</time></trkpt><trkpt lat="43.39337203" lon="-5.81918443"><ele>162.84</ele><time>2024-08-27T11:41:09Z</time></trkpt><trkpt lat="43.39337139" lon="-5.81920568"><ele>162.82</ele><time>2024-08-27T11:41:10Z</time></trkpt><trkpt lat="43.39337139" lon="-5.81922693"><ele>162.79</ele><time>2024-08-27T11:41:11Z</time></trkpt><trkpt lat="43.39337139" lon="-5.81924818"><ele>162.77</ele><time>2024-08-27T11:41:12Z</time></trkpt><trkpt lat="43.39337334" lon="-5.81926849"><ele>162.74</ele><time>2024-08-27T11:41:13Z</time></trkpt><trkpt lat="43.39337656" lon="-5.81928880"><ele>162.72</ele><time>2024-08-27T11:41:14Z</time></trkpt><trkpt lat="43.39337977" lon="-5.81930911"><ele>162.69</ele><time>2024-08-27T11:41:15Z</time></trkpt><trkpt lat="43.39338299" lon="-5.81932942"><ele>162.67</ele><time>2024-08-27T11:41:16Z</time></trkpt><trkpt lat="43.39338621" lon="-5.81934973"><ele>162.64</ele><time>2024-08-27T11:41:17Z</time></trkpt><trkpt lat="43.39338942" lon="-5.81937004"><ele>162.62</ele><time>2024-08-27T11:41:18Z</time></trkpt><trkpt lat="43.39339264" lon="-5.81939035"><ele>162.59</ele><time>2024-08-27T11:41:19Z</time></trkpt><trkpt lat="43.39339585" lon="-5.81941066"><ele>162.57</ele><time>2024-08-27T11:41:20Z</time></trkpt><trkpt lat="43.39339907" lon="-5.81943097"><ele>162.54</ele><time>2024-08-27T11:41:21Z</time></trkpt><trkpt lat="43.39340228" lon="-5.81945128"><ele>162.52</ele><time>2024-08-27T11:41:22Z</time></trkpt><trkpt lat="43.39340550" lon="-5.81947159"><ele>162.49</ele><time>2024-08-27T11:41:23Z</time></trkpt><trkpt lat="43.39340871" lon="-5.81949191"><ele>162.46</ele><time>2024-08-27T11:41:24Z</time></trkpt><trkpt lat="43.39341193" lon="-5.81951222"><ele>162.44</ele><time>2024-08-27T11:41:25Z</time></trkpt><trkpt lat="43.39341515" lon="-5.81953253"><ele>162.41</ele><time>2024-08-27T11:41:26Z</time></trkpt><trkpt lat="43.39341836" lon="-5.81955284"><ele>162.39</ele><time>2024-08-27T11:41:27Z</time></trkpt><trkpt lat="43.39342158" lon="-5.81957315"><ele>162.36</ele><time>2024-08-27T11:41:28Z</time></trkpt><trkpt lat="43.39342479" lon="-5.81959346"><ele>162.34</ele><time>2024-08-27T11:41:29Z</time></trkpt><trkpt lat="43.39342801" lon="-5.81961377"><ele>162.31</ele><time>2024-08-27T11:41:30Z</time></trkpt><trkpt lat="43.39343122" lon="-5.81963408"><ele>162.29</ele><time>2024-08-27T11:41:31Z</time></trkpt><trkpt lat="43.39343444" lon="-5.81965439"><ele>162.26</ele><time>2024-08-27T11:41:32Z</time></trkpt><trkpt lat="43.39343765" lon="-5.81967470"><ele>162.24</ele><time>2024-08-27T11:41:33Z</time></trkpt><trkpt lat="43.39344087" lon="-5.81969501"><ele>162.22</ele><time>2024-08-27T11:41:34Z</time></trkpt><trkpt lat="43.39344810" lon="-5.81971288"><ele>162.22</ele><time>2024-08-27T11:41:35Z</time></trkpt><trkpt lat="43.39345533" lon="-5.81973075"><ele>162.22</ele><time>2024-08-27T11:41:36Z</time></trkpt><trkpt lat="43.39346256" lon="-5.81974861"><ele>162.22</ele><time>2024-08-27T11:41:37Z</time></trkpt><trkpt lat="43.39346979" lon="-5.81976648"><ele>162.23</ele><time>2024-08-27T11:41:38Z</time></trkpt><trkpt lat="43.39347702" lon="-5.81978435"><ele>162.23</ele><time>2024-08-27T11:41:39Z</time></trkpt><trkpt lat="43.39348425" lon="-5.81980221"><ele>162.24</ele><time>2024-08-27T11:41:40Z</time></trkpt><trkpt lat="43.39349148" lon="-5.81982008"><ele>162.24</ele><time>2024-08-27T11:41:41Z</time></trkpt><trkpt lat="43.39349871" lon="-5.81983795"><ele>162.25</ele><time>2024-08-27T11:41:42Z</time></trkpt><trkpt lat="43.39350595" lon="-5.81985581"><ele>162.25</ele><time>2024-08-27T11:41:43Z</time></trkpt><trkpt lat="43.39351318" lon="-5.81987368"><ele>162.26</ele><time>2024-08-27T11:41:44Z</time></trkpt><trkpt lat="43.39352041" lon="-5.81989155"><ele>162.26</ele><time>2024-08-27T11:41:45Z</time></trkpt><trkpt lat="43.39352764" lon="-5.81990941"><ele>162.27</ele><time>2024-08-27T11:41:46Z</time></trkpt><trkpt lat="43.39353487" lon="-5.81992728"><ele>162.27</ele><time>2024-08-27T11:41:47Z</time></trkpt><trkpt lat="43.39354210" lon="-5.81994515"><ele>162.28</ele><time>2024-08-27T11:41:48Z</time></trkpt><trkpt lat="43.39354933" lon="-5.81996301"><ele>162.28</ele><time>2024-08-27T11:41:49Z</time></trkpt><trkpt lat="43.39355656" lon="-5.81998088"><ele>162.29</ele><time>2024-08-27T11:41:50Z</time></trkpt><trkpt lat="43.39356379" lon="-5.81999875"><ele>162.29</ele><time>2024-08-27T11:41:51Z</time></trkpt><trkpt lat="43.39357102" lon="-5.82001661"><ele>162.30</ele><time>2024-08-27T11:41:52Z</time></trkpt><trkpt lat="43.39357825" lon="-5.82003448"><ele>162.30</ele><time>2024-08-27T11:41:53Z</time></trkpt><trkpt lat="43.39359105" lon="-5.82004823"><ele>162.30</ele><time>2024-08-27T11:41:54Z</time></trkpt><trkpt lat="43.39360384" lon="-5.82006198"><ele>162.30</ele><time>2024-08-27T11:41:55Z</time></trkpt><trkpt lat="43.39361664" lon="-5.82007573"><ele>162.30</ele><time>2024-08-27T11:41:56Z</time></trkpt><trkpt lat="43.39362944" lon="-5.82008948"><ele>162.31</ele><time>2024-08-27T11:41:57Z</time></trkpt><trkpt lat="43.39364223" lon="-5.82010323"><ele>162.31</ele><time>2024-08-27T11:41:58Z</time></trkpt><trkpt lat="43.39365503" lon="-5.82011698"><ele>162.31</ele><time>2024-08-27T11:41:59Z</time></trkpt><trkpt lat="43.39366782" lon="-5.82013073"><ele>162.31</ele><time>2024-08-27T11:42:00Z</time></trkpt><trkpt lat="43.39368062" lon="-5.82014448"><ele>162.31</ele><time>2024-08-27T11:42:01Z</time></trkpt><trkpt lat="43.39369342" lon="-5.82015823"><ele>162.31</ele><time>2024-08-27T11:42:02Z</time></trkpt><trkpt lat="43.39370621" lon="-5.82017198"><ele>162.31</ele><time>2024-08-27T11:42:03Z</time></trkpt><trkpt lat="43.39371901" lon="-5.82018574"><ele>162.32</ele><time>2024-08-27T11:42:04Z</time></trkpt><trkpt lat="43.39373181" lon="-5.82019949"><ele>162.32</ele><time>2024-08-27T11:42:05Z</time></trkpt><trkpt lat="43.39374460" lon="-5.82021324"><ele>162.32</ele><time>2024-08-27T11:42:06Z</time></trkpt><trkpt lat="43.39375740" lon="-5.82022699"><ele>162.32</ele><time>2024-08-27T11:42:07Z</time></trkpt><trkpt lat="43.39377020" lon="-5.82024074"><ele>162.32</ele><time>2024-08-27T11:42:08Z</time></trkpt><trkpt lat="43.39378299" lon="-5.82025449"><ele>162.32</ele><time>2024-08-27T11:42:09Z</time></trkpt><trkpt lat="43.39379579" lon="-5.82026824"><ele>162.32</ele><time>2024-08-27T11:42:10Z</time></trkpt><trkpt lat="43.39380858" lon="-5.82028199"><ele>162.33</ele><time>2024-08-27T11:42:11Z</time></trkpt><trkpt lat="43.39382138" lon="-5.82029574"><ele>162.33</ele><time>2024-08-27T11:42:12Z</time></trkpt><trkpt lat="43.39383418" lon="-5.82030949"><ele>162.33</ele><time>2024-08-27T11:42:13Z</time></trkpt><trkpt lat="43.39384697" lon="-5.82032324"><ele>162.33</ele><time>2024-08-27T11:42:14Z</time></trkpt><trkpt lat="43.39386225" lon="-5.82032779"><ele>162.33</ele><time>2024-08-27T11:42:15Z</time></trkpt><trkpt lat="43.39387753" lon="-5.82033234"><ele>162.33</ele><time>2024-08-27T11:42:16Z</time></trkpt><trkpt lat="43.39389281" lon="-5.82033690"><ele>162.34</ele><time>2024-08-27T11:42:17Z</time></trkpt><trkpt lat="43.39390809" lon="-5.82034145"><ele>162.34</ele><time>2024-08-27T11:42:18Z</time></trkpt><trkpt lat="43.39392337" lon="-5.82034600"><ele>162.34</ele><time>2024-08-27T11:42:19Z</time></trkpt><trkpt lat="43.39393864" lon="-5.82035056"><ele>162.34</ele><time>2024-08-27T11:42:20Z</time></trkpt><trkpt lat="43.39395392" lon="-5.82035511"><ele>162.35</ele><time>2024-08-27T11:42:21Z</time></trkpt><trkpt lat="43.39396920" lon="-5.82035966"><ele>162.35</ele><time>2024-08-27T11:42:22Z</time></trkpt><trkpt lat="43.39398448" lon="-5.82036422"><ele>162.35</ele><time>2024-08-27T11:42:23Z</time></trkpt><trkpt lat="43.39399976" lon="-5.82036877"><ele>162.35</ele><time>2024-08-27T11:42:24Z</time></trkpt><trkpt lat="43.39401504" lon="-5.82037332"><ele>162.36</ele><time>2024-08-27T11:42:25Z</time></trkpt><trkpt lat="43.39403032" lon="-5.82037787"><ele>162.36</ele><time>2024-08-27T11:42:26Z</time></trkpt><trkpt lat="43.39404559" lon="-5.82038243"><ele>162.36</ele><time>2024-08-27T11:42:27Z</time></trkpt><trkpt lat="43.39406087" lon="-5.82038698"><ele>162.36</ele><time>2024-08-27T11:42:28Z</time></trkpt><trkpt lat="43.39407615" lon="-5.82039153"><ele>162.37</ele><time>2024-08-27T11:42:29Z</time></trkpt><trkpt lat="43.39409143" lon="-5.82039609"><ele>162.37</ele><time>2024-08-27T11:42:30Z</time></trkpt><trkpt lat="43.39410671" lon="-5.82040064"><ele>162.37</ele><time>2024-08-27T11:42:31Z</time></trkpt><trkpt lat="43.39412199" lon="-5.82040519"><ele>162.37</ele><time>2024-08-27T11:42:32Z</time></trkpt><trkpt lat="43.39413727" lon="-5.82040975"><ele>162.38</ele><time>2024-08-27T11:42:33Z</time></trkpt><trkpt lat="43.39415254" lon="-5.82041430"><ele>162.38</ele><time>2024-08-27T11:42:34Z</time></trkpt><trkpt lat="43.39416782" lon="-5.82041885"><ele>162.38</ele><time>2024-08-27T11:42:35Z</time></trkpt><trkpt lat="43.39418310" lon="-5.82042341"><ele>162.38</ele><time>2024-08-27T11:42:36Z</time></trkpt><trkpt lat="43.39419838" lon="-5.82042796"><ele>162.39</ele><time>2024-08-27T11:42:37Z</time></trkpt><trkpt lat="43.39421366" lon="-5.82043251"><ele>162.39</ele><time>2024-08-27T11:42:38Z</time></trkpt><trkpt lat="43.39422894" lon="-5.82043706"><ele>162.39</ele><time>2024-08-27T11:42:39Z</time></trkpt><trkpt lat="43.39424499" lon="-5.82043885"><ele>162.40</ele><time>2024-08-27T11:42:40Z</time></trkpt><trkpt lat="43.39426104" lon="-5.82044064"><ele>162.42</ele><time>2024-08-27T11:42:41Z</time></trkpt><trkpt lat="43.39427709" lon="-5.82044243"><ele>162.43</ele><time>2024-08-27T11:42:42Z</time></trkpt><trkpt lat="43.39429314" lon="-5.82044421"><ele>162.44</ele><time>2024-08-27T11:42:43Z</time></trkpt><trkpt lat="43.39430919" lon="-5.82044600"><ele>162.46</ele><time>2024-08-27T11:42:44Z</time></trkpt><trkpt lat="43.39432524" lon="-5.82044779"><ele>162.47</ele><time>2024-08-27T11:42:45Z</time></trkpt><trkpt lat="43.39434128" lon="-5.82044957"><ele>162.49</ele><time>2024-08-27T11:42:46Z</time></trkpt><trkpt lat="43.39435733" lon="-5.82045136"><ele>162.50</ele><time>2024-08-27T11:42:47Z</time></trkpt><trkpt lat="43.39437338" lon="-5.82045315"><ele>162.51</ele><time>2024-08-27T11:42:48Z</time></trkpt><trkpt lat="43.39438943" lon="-5.82045493"><ele>162.53</ele><time>2024-08-27T11:42:49Z</time></trkpt><trkpt lat="43.39440548" lon="-5.82045672"><ele>162.54</ele><time>2024-08-27T11:42:50Z</time></trkpt><trkpt lat="43.39442153" lon="-5.82045851"><ele>162.55</ele><time>2024-08-27T11:42:51Z</time></trkpt><trkpt lat="43.39443758" lon="-5.82046030"><ele>162.57</ele><time>2024-08-27T11:42:52Z</time></trkpt><trkpt lat="43.39445363" lon="-5.82046208"><ele>162.58</ele><time>2024-08-27T11:42:53Z</time></trkpt><trkpt lat="43.39446968" lon="-5.82046387"><ele>162.59</ele><time>2024-08-27T11:42:54Z</time></trkpt><trkpt lat="43.39448573" lon="-5.82046566"><ele>162.61</ele><time>2024-08-27T11:42:55Z</time></trkpt><trkpt lat="43.39450178" lon="-5.82046744"><ele>162.62</ele><time>2024-08-27T11:42:56Z</time></trkpt><trkpt lat="43.39451783" lon="-5.82046923"><ele>162.63</ele><time>2024-08-27T11:42:57Z</time></trkpt><trkpt lat="43.39453388" lon="-5.82047102"><ele>162.65</ele><time>2024-08-27T11:42:58Z</time></trkpt><trkpt lat="43.39454993" lon="-5.82047280"><ele>162.66</ele><time>2024-08-27T11:42:59Z</time></trkpt><trkpt lat="43.39456598" lon="-5.82047459"><ele>162.68</ele><time>2024-08-27T11:43:00Z</time></trkpt><trkpt lat="43.39458203" lon="-5.82047638"><ele>162.69</ele><time>2024-08-27T11:43:01Z</time></trkpt><trkpt lat="43.39459808" lon="-5.82047817"><ele>162.70</ele><time>2024-08-27T11:43:02Z</time></trkpt><trkpt lat="43.39461413" lon="-5.82047995"><ele>162.71</ele><time>2024-08-27T11:43:03Z</time></trkpt><trkpt lat="43.39463018" lon="-5.82048174"><ele>162.71</ele><time>2024-08-27T11:43:04Z</time></trkpt><trkpt lat="43.39464544" lon="-5.82048253"><ele>162.71</ele><time>2024-08-27T11:43:05Z</time></trkpt><trkpt lat="43.39466071" lon="-5.82048331"><ele>162.69</ele><time>2024-08-27T11:43:06Z</time></trkpt><trkpt lat="43.39467597" lon="-5.82048410"><ele>162.67</ele><time>2024-08-27T11:43:07Z</time></trkpt><trkpt lat="43.39469124" lon="-5.82048489"><ele>162.65</ele><time>2024-08-27T11:43:08Z</time></trkpt><trkpt lat="43.39470650" lon="-5.82048567"><ele>162.63</ele><time>2024-08-27T11:43:09Z</time></trkpt><trkpt lat="43.39472177" lon="-5.82048646"><ele>162.61</ele><time>2024-08-27T11:43:10Z</time></trkpt><trkpt lat="43.39473703" lon="-5.82048725"><ele>162.60</ele><time>2024-08-27T11:43:11Z</time></trkpt><trkpt lat="43.39475230" lon="-5.82048803"><ele>162.58</ele><time>2024-08-27T11:43:12Z</time></trkpt><trkpt lat="43.39476756" lon="-5.82048882"><ele>162.56</ele><time>2024-08-27T11:43:13Z</time></trkpt><trkpt lat="43.39478283" lon="-5.82048961"><ele>162.54</ele><time>2024-08-27T11:43:14Z</time></trkpt><trkpt lat="43.39479809" lon="-5.82049039"><ele>162.52</ele><time>2024-08-27T11:43:15Z</time></trkpt><trkpt lat="43.39481336" lon="-5.82049118"><ele>162.50</ele><time>2024-08-27T11:43:16Z</time></trkpt><trkpt lat="43.39482862" lon="-5.82049197"><ele>162.48</ele><time>2024-08-27T11:43:17Z</time></trkpt><trkpt lat="43.39484389" lon="-5.82049275"><ele>162.46</ele><time>2024-08-27T11:43:18Z</time></trkpt><trkpt lat="43.39485915" lon="-5.82049354"><ele>162.44</ele><time>2024-08-27T11:43:19Z</time></trkpt><trkpt lat="43.39487441" lon="-5.82049433"><ele>162.42</ele><time>2024-08-27T11:43:20Z</time></trkpt><trkpt lat="43.39488968" lon="-5.82049511"><ele>162.40</ele><time>2024-08-27T11:43:21Z</time></trkpt><trkpt lat="43.39490494" lon="-5.82049590"><ele>162.38</ele><time>2024-08-27T11:43:22Z</time></trkpt><trkpt lat="43.39492021" lon="-5.82049669"><ele>162.36</ele><time>2024-08-27T11:43:23Z</time></trkpt><trkpt lat="43.39493547" lon="-5.82049747"><ele>162.35</ele><time>2024-08-27T11:43:24Z</time></trkpt><trkpt lat="43.39495074" lon="-5.82049826"><ele>162.33</ele><time>2024-08-27T11:43:25Z</time></trkpt><trkpt lat="43.39496600" lon="-5.82049905"><ele>162.31</ele><time>2024-08-27T11:43:26Z</time></trkpt><trkpt lat="43.39498127" lon="-5.82049983"><ele>162.29</ele><time>2024-08-27T11:43:27Z</time></trkpt><trkpt lat="43.39499653" lon="-5.82050062"><ele>162.27</ele><time>2024-08-27T11:43:28Z</time></trkpt><trkpt lat="43.39501180" lon="-5.82050141"><ele>162.25</ele><time>2024-08-27T11:43:29Z</time></trkpt><trkpt lat="43.39502706" lon="-5.82050219"><ele>162.23</ele><time>2024-08-27T11:43:30Z</time></trkpt><trkpt lat="43.39504263" lon="-5.82050404"><ele>162.22</ele><time>2024-08-27T11:43:31Z</time></trkpt><trkpt lat="43.39505821" lon="-5.82050589"><ele>162.22</ele><time>2024-08-27T11:43:32Z</time></trkpt><trkpt lat="43.39507378" lon="-5.82050774"><ele>162.21</ele><time>2024-08-27T11:43:33Z</time></trkpt><trkpt lat="43.39508935" lon="-5.82050959"><ele>162.21</ele><time>2024-08-27T11:43:34Z</time></trkpt><trkpt lat="43.39510492" lon="-5.82051144"><ele>162.20</ele><time>2024-08-27T11:43:35Z</time></trkpt><trkpt lat="43.39512049" lon="-5.82051329"><ele>162.20</ele><time>2024-08-27T11:43:36Z</time></trkpt><trkpt lat="43.39513606" lon="-5.82051514"><ele>162.19</ele><time>2024-08-27T11:43:37Z</time></trkpt><trkpt lat="43.39515164" lon="-5.82051699"><ele>162.19</ele><time>2024-08-27T11:43:38Z</time></trkpt><trkpt lat="43.39516721" lon="-5.82051884"><ele>162.18</ele><time>2024-08-27T11:43:39Z</time></trkpt><trkpt lat="43.39518278" lon="-5.82052069"><ele>162.18</ele><time>2024-08-27T11:43:40Z</time></trkpt><trkpt lat="43.39519835" lon="-5.82052254"><ele>162.17</ele><time>2024-08-27T11:43:41Z</time></trkpt><trkpt lat="43.39521392" lon="-5.82052439"><ele>162.17</ele><time>2024-08-27T11:43:42Z</time></trkpt><trkpt lat="43.39522949" lon="-5.82052624"><ele>162.16</ele><time>2024-08-27T11:43:43Z</time></trkpt><trkpt lat="43.39524507" lon="-5.82052809"><ele>162.16</ele><time>2024-08-27T11:43:44Z</time></trkpt><trkpt lat="43.39526064" lon="-5.82052995"><ele>162.15</ele><time>2024-08-27T11:43:45Z</time></trkpt><trkpt lat="43.39527621" lon="-5.82053180"><ele>162.15</ele><time>2024-08-27T11:43:46Z</time></trkpt><trkpt lat="43.39529178" lon="-5.82053365"><ele>162.14</ele><time>2024-08-27T11:43:47Z</time></trkpt><trkpt lat="43.39530735" lon="-5.82053550"><ele>162.14</ele><time>2024-08-27T11:43:48Z</time></trkpt><trkpt lat="43.39532292" lon="-5.82053735"><ele>162.13</ele><time>2024-08-27T11:43:49Z</time></trkpt><trkpt lat="43.39533850" lon="-5.82053920"><ele>162.13</ele><time>2024-08-27T11:43:50Z</time></trkpt><trkpt lat="43.39535407" lon="-5.82054105"><ele>162.12</ele><time>2024-08-27T11:43:51Z</time></trkpt><trkpt lat="43.39536964" lon="-5.82054290"><ele>162.12</ele><time>2024-08-27T11:43:52Z</time></trkpt><trkpt lat="43.39538521" lon="-5.82054475"><ele>162.11</ele><time>2024-08-27T11:43:53Z</time></trkpt><trkpt lat="43.39540078" lon="-5.82054660"><ele>162.11</ele><time>2024-08-27T11:43:54Z</time></trkpt><trkpt lat="43.39541635" lon="-5.82054845"><ele>162.10</ele><time>2024-08-27T11:43:55Z</time></trkpt><trkpt lat="43.39543193" lon="-5.82055030"><ele>162.10</ele><time>2024-08-27T11:43:56Z</time></trkpt><trkpt lat="43.39544750" lon="-5.82055215"><ele>162.09</ele><time>2024-08-27T11:43:57Z</time></trkpt><trkpt lat="43.39546336" lon="-5.82055385"><ele>162.09</ele><time>2024-08-27T11:43:58Z</time></trkpt><trkpt lat="43.39547921" lon="-5.82055554"><ele>162.09</ele><time>2024-08-27T11:43:59Z</time></trkpt><trkpt lat="43.39549507" lon="-5.82055724"><ele>162.09</ele><time>2024-08-27T11:44:00Z</time></trkpt><trkpt lat="43.39551093" lon="-5.82055894"><ele>162.09</ele><time>2024-08-27T11:44:01Z</time></trkpt><trkpt lat="43.39552678" lon="-5.82056064"><ele>162.09</ele><time>2024-08-27T11:44:02Z</time></trkpt><trkpt lat="43.39554264" lon="-5.82056234"><ele>162.09</ele><time>2024-08-27T11:44:03Z</time></trkpt><trkpt lat="43.39555850" lon="-5.82056403"><ele>162.10</ele><time>2024-08-27T11:44:04Z</time></trkpt><trkpt lat="43.39557436" lon="-5.82056573"><ele>162.10</ele><time>2024-08-27T11:44:05Z</time></trkpt><trkpt lat="43.39559021" lon="-5.82056743"><ele>162.10</ele><time>2024-08-27T11:44:06Z</time></trkpt><trkpt lat="43.39560607" lon="-5.82056913"><ele>162.10</ele><time>2024-08-27T11:44:07Z</time></trkpt><trkpt lat="43.39562193" lon="-5.82057083"><ele>162.10</ele><time>2024-08-27T11:44:08Z</time></trkpt><trkpt lat="43.39563779" lon="-5.82057253"><ele>162.10</ele><time>2024-08-27T11:44:09Z</time></trkpt><trkpt lat="43.39565364" lon="-5.82057422"><ele>162.10</ele><time>2024-08-27T11:44:10Z</time></trkpt><trkpt lat="43.39566950" lon="-5.82057592"><ele>162.10</ele><time>2024-08-27T11:44:11Z</time></trkpt><trkpt lat="43.39568536" lon="-5.82057762"><ele>162.10</ele><time>2024-08-27T11:44:12Z</time></trkpt><trkpt lat="43.39570122" lon="-5.82057932"><ele>162.10</ele><time>2024-08-27T11:44:13Z</time></trkpt><trkpt lat="43.39571707" lon="-5.82058102"><ele>162.10</ele><time>2024-08-27T11:44:14Z</time></trkpt><trkpt lat="43.39573293" lon="-5.82058271"><ele>162.10</ele><time>2024-08-27T11:44:15Z</time></trkpt><trkpt lat="43.39574879" lon="-5.82058441"><ele>162.10</ele><time>2024-08-27T11:44:16Z</time></trkpt><trkpt lat="43.39576464" lon="-5.82058611"><ele>162.10</ele><time>2024-08-27T11:44:17Z</time></trkpt><trkpt lat="43.39578050" lon="-5.82058781"><ele>162.11</ele><time>2024-08-27T11:44:18Z</time></trkpt><trkpt lat="43.39579636" lon="-5.82058951"><ele>162.11</ele><time>2024-08-27T11:44:19Z</time></trkpt><trkpt lat="43.39581222" lon="-5.82059120"><ele>162.11</ele><time>2024-08-27T11:44:20Z</time></trkpt><trkpt lat="43.39582807" lon="-5.82059290"><ele>162.11</ele><time>2024-08-27T11:44:21Z</time></trkpt><trkpt lat="43.39584393" lon="-5.82059460"><ele>162.11</ele><time>2024-08-27T11:44:22Z</time></trkpt><trkpt lat="43.39585979" lon="-5.82059630"><ele>162.11</ele><time>2024-08-27T11:44:23Z</time></trkpt><trkpt lat="43.39587565" lon="-5.82059800"><ele>162.11</ele><time>2024-08-27T11:44:24Z</time></trkpt><trkpt lat="43.39589053" lon="-5.82059949"><ele>162.11</ele><time>2024-08-27T11:44:25Z</time></trkpt><trkpt lat="43.39590542" lon="-5.82060097"><ele>162.12</ele><time>2024-08-27T11:44:26Z</time></trkpt><trkpt lat="43.39592031" lon="-5.82060246"><ele>162.12</ele><time>2024-08-27T11:44:27Z</time></trkpt><trkpt lat="43.39593520" lon="-5.82060395"><ele>162.12</ele><time>2024-08-27T11:44:28Z</time></trkpt><trkpt lat="43.39595009" lon="-5.82060544"><ele>162.12</ele><time>2024-08-27T11:44:29Z</time></trkpt><trkpt lat="43.39596497" lon="-5.82060693"><ele>162.13</ele><time>2024-08-27T11:44:30Z</time></trkpt><trkpt lat="43.39597986" lon="-5.82060842"><ele>162.13</ele><time>2024-08-27T11:44:31Z</time></trkpt><trkpt lat="43.39599475" lon="-5.82060991"><ele>162.13</ele><time>2024-08-27T11:44:32Z</time></trkpt><trkpt lat="43.39600964" lon="-5.82061140"><ele>162.14</ele><time>2024-08-27T11:44:33Z</time></trkpt><trkpt lat="43.39602452" lon="-5.82061288"><ele>162.14</ele><time>2024-08-27T11:44:34Z</time></trkpt><trkpt lat="43.39603941" lon="-5.82061437"><ele>162.14</ele><time>2024-08-27T11:44:35Z</time></trkpt><trkpt lat="43.39605430" lon="-5.82061586"><ele>162.14</ele><time>2024-08-27T11:44:36Z</time></trkpt><trkpt lat="43.39606919" lon="-5.82061735"><ele>162.15</ele><time>2024-08-27T11:44:37Z</time></trkpt><trkpt lat="43.39608408" lon="-5.82061884"><ele>162.15</ele><time>2024-08-27T11:44:38Z</time></trkpt><trkpt lat="43.39609896" lon="-5.82062033"><ele>162.15</ele><time>2024-08-27T11:44:39Z</time></trkpt><trkpt lat="43.39611385" lon="-5.82062182"><ele>162.16</ele><time>2024-08-27T11:44:40Z</time></trkpt><trkpt lat="43.39612874" lon="-5.82062331"><ele>162.16</ele><time>2024-08-27T11:44:41Z</time></trkpt><trkpt lat="43.39614363" lon="-5.82062480"><ele>162.16</ele><time>2024-08-27T11:44:42Z</time></trkpt><trkpt lat="43.39615852" lon="-5.82062628"><ele>162.16</ele><time>2024-08-27T11:44:43Z</time></trkpt><trkpt lat="43.39617340" lon="-5.82062777"><ele>162.16</ele><time>2024-08-27T11:44:44Z</time></trkpt><trkpt lat="43.39618829" lon="-5.82062926"><ele>162.16</ele><time>2024-08-27T11:44:45Z</time></trkpt><trkpt lat="43.39620276" lon="-5.82062992"><ele>162.16</ele><time>2024-08-27T11:44:46Z</time></trkpt><trkpt lat="43.39621723" lon="-5.82063057"><ele>162.15</ele><time>2024-08-27T11:44:47Z</time></trkpt><trkpt lat="43.39623170" lon="-5.82063122"><ele>162.14</ele><time>2024-08-27T11:44:48Z</time></trkpt><trkpt lat="43.39624618" lon="-5.82063188"><ele>162.13</ele><time>2024-08-27T11:44:49Z</time></trkpt><trkpt lat="43.39626065" lon="-5.82063253"><ele>162.12</ele><time>2024-08-27T11:44:50Z</time></trkpt><trkpt lat="43.39627512" lon="-5.82063318"><ele>162.11</ele><time>2024-08-27T11:44:51Z</time></trkpt><trkpt lat="43.39628959" lon="-5.82063384"><ele>162.10</ele><time>2024-08-27T11:44:52Z</time></trkpt><trkpt lat="43.39630406" lon="-5.82063449"><ele>162.09</ele><time>2024-08-27T11:44:53Z</time></trkpt><trkpt lat="43.39631853" lon="-5.82063515"><ele>162.08</ele><time>2024-08-27T11:44:54Z</time></trkpt><trkpt lat="43.39633300" lon="-5.82063580"><ele>162.07</ele><time>2024-08-27T11:44:55Z</time></trkpt><trkpt lat="43.39634748" lon="-5.82063645"><ele>162.06</ele><time>2024-08-27T11:44:56Z</time></trkpt><trkpt lat="43.39636195" lon="-5.82063711"><ele>162.05</ele><time>2024-08-27T11:44:57Z</time></trkpt><trkpt lat="43.39637642" lon="-5.82063776"><ele>162.04</ele><time>2024-08-27T11:44:58Z</time></trkpt><trkpt lat="43.39639089" lon="-5.82063841"><ele>162.03</ele><time>2024-08-27T11:44:59Z</time></trkpt><trkpt lat="43.39640536" lon="-5.82063907"><ele>162.02</ele><time>2024-08-27T11:45:00Z</time></trkpt><trkpt lat="43.39641983" lon="-5.82063972"><ele>162.01</ele><time>2024-08-27T11:45:01Z</time></trkpt><trkpt lat="43.39643430" lon="-5.82064038"><ele>162.00</ele><time>2024-08-27T11:45:02Z</time></trkpt><trkpt lat="43.39644878" lon="-5.82064103"><ele>161.99</ele><time>2024-08-27T11:45:03Z</time></trkpt><trkpt lat="43.39646325" lon="-5.82064168"><ele>161.98</ele><time>2024-08-27T11:45:04Z</time></trkpt><trkpt lat="43.39647772" lon="-5.82064234"><ele>161.97</ele><time>2024-08-27T11:45:05Z</time></trkpt><trkpt lat="43.39649330" lon="-5.82064383"><ele>161.95</ele><time>2024-08-27T11:45:06Z</time></trkpt><trkpt lat="43.39650889" lon="-5.82064533"><ele>161.93</ele><time>2024-08-27T11:45:07Z</time></trkpt><trkpt lat="43.39652448" lon="-5.82064682"><ele>161.91</ele><time>2024-08-27T11:45:08Z</time></trkpt><trkpt lat="43.39654006" lon="-5.82064831"><ele>161.90</ele><time>2024-08-27T11:45:09Z</time></trkpt><trkpt lat="43.39655565" lon="-5.82064981"><ele>161.88</ele><time>2024-08-27T11:45:10Z</time></trkpt><trkpt lat="43.39657124" lon="-5.82065130"><ele>161.86</ele><time>2024-08-27T11:45:11Z</time></trkpt><trkpt lat="43.39658682" lon="-5.82065280"><ele>161.84</ele><time>2024-08-27T11:45:12Z</time></trkpt><trkpt lat="43.39660241" lon="-5.82065429"><ele>161.82</ele><time>2024-08-27T11:45:13Z</time></trkpt><trkpt lat="43.39661800" lon="-5.82065578"><ele>161.80</ele><time>2024-08-27T11:45:14Z</time></trkpt><trkpt lat="43.39663358" lon="-5.82065728"><ele>161.78</ele><time>2024-08-27T11:45:15Z</time></trkpt><trkpt lat="43.39664917" lon="-5.82065877"><ele>161.76</ele><time>2024-08-27T11:45:16Z</time></trkpt><trkpt lat="43.39666476" lon="-5.82066027"><ele>161.75</ele><time>2024-08-27T11:45:17Z</time></trkpt><trkpt lat="43.39668034" lon="-5.82066176"><ele>161.73</ele><time>2024-08-27T11:45:18Z</time></trkpt><trkpt lat="43.39669593" lon="-5.82066326"><ele>161.71</ele><time>2024-08-27T11:45:19Z</time></trkpt><trkpt lat="43.39671152" lon="-5.82066475"><ele>161.69</ele><time>2024-08-27T11:45:20Z</time></trkpt><trkpt lat="43.39672711" lon="-5.82066624"><ele>161.67</ele><time>2024-08-27T11:45:21Z</time></trkpt><trkpt lat="43.39674269" lon="-5.82066774"><ele>161.65</ele><time>2024-08-27T11:45:22Z</time></trkpt><trkpt lat="43.39675828" lon="-5.82066923"><ele>161.63</ele><time>2024-08-27T11:45:23Z</time></trkpt><trkpt lat="43.39677387" lon="-5.82067073"><ele>161.61</ele><time>2024-08-27T11:45:24Z</time></trkpt><trkpt lat="43.39678945" lon="-5.82067222"><ele>161.60</ele><time>2024-08-27T11:45:25Z</time></trkpt><trkpt lat="43.39680504" lon="-5.82067371"><ele>161.58</ele><time>2024-08-27T11:45:26Z</time></trkpt><trkpt lat="43.39682063" lon="-5.82067521"><ele>161.56</ele><time>2024-08-27T11:45:27Z</time></trkpt><trkpt lat="43.39683621" lon="-5.82067670"><ele>161.56</ele><time>2024-08-27T11:45:28Z</time></trkpt><trkpt lat="43.39685202" lon="-5.82067819"><ele>161.56</ele><time>2024-08-27T11:45:29Z</time></trkpt><trkpt lat="43.39686782" lon="-5.82067968"><ele>161.57</ele><time>2024-08-27T11:45:30Z</time></trkpt><trkpt lat="43.39688362" lon="-5.82068116"><ele>161.58</ele><time>2024-08-27T11:45:31Z</time></trkpt><trkpt lat="43.39689942" lon="-5.82068265"><ele>161.60</ele><time>2024-08-27T11:45:32Z</time></trkpt><trkpt lat="43.39691523" lon="-5.82068413"><ele>161.61</ele><time>2024-08-27T11:45:33Z</time></trkpt><trkpt lat="43.39693103" lon="-5.82068562"><ele>161.63</ele><time>2024-08-27T11:45:34Z</time></trkpt><trkpt lat="43.39694683" lon="-5.82068711"><ele>161.64</ele><time>2024-08-27T11:45:35Z</time></trkpt><trkpt lat="43.39696264" lon="-5.82068859"><ele>161.65</ele><time>2024-08-27T11:45:36Z</time></trkpt><trkpt lat="43.39697844" lon="-5.82069008"><ele>161.67</ele><time>2024-08-27T11:45:37Z</time></trkpt><trkpt lat="43.39699424" lon="-5.82069156"><ele>161.68</ele><time>2024-08-27T11:45:38Z</time></trkpt><trkpt lat="43.39701005" lon="-5.82069305"><ele>161.70</ele><time>2024-08-27T11:45:39Z</time></trkpt><trkpt lat="43.39702585" lon="-5.82069454"><ele>161.71</ele><time>2024-08-27T11:45:40Z</time></trkpt><trkpt lat="43.39704165" lon="-5.82069602"><ele>161.72</ele><time>2024-08-27T11:45:41Z</time></trkpt><trkpt lat="43.39705746" lon="-5.82069751"><ele>161.74</ele><time>2024-08-27T11:45:42Z</time></trkpt><trkpt lat="43.39707326" lon="-5.82069900"><ele>161.75</ele><time>2024-08-27T11:45:43Z</time></trkpt><trkpt lat="43.39708906" lon="-5.82070048"><ele>161.77</ele><time>2024-08-27T11:45:44Z</time></trkpt><trkpt lat="43.39710486" lon="-5.82070197"><ele>161.78</ele><time>2024-08-27T11:45:45Z</time></trkpt><trkpt lat="43.39712067" lon="-5.82070345"><ele>161.80</ele><time>2024-08-27T11:45:46Z</time></trkpt><trkpt lat="43.39713647" lon="-5.82070494"><ele>161.81</ele><time>2024-08-27T11:45:47Z</time></trkpt><trkpt lat="43.39715227" lon="-5.82070643"><ele>161.82</ele><time>2024-08-27T11:45:48Z</time></trkpt><trkpt lat="43.39716808" lon="-5.82070791"><ele>161.84</ele><time>2024-08-27T11:45:49Z</time></trkpt><trkpt lat="43.39718388" lon="-5.82070940"><ele>161.85</ele><time>2024-08-27T11:45:50Z</time></trkpt><trkpt lat="43.39719968" lon="-5.82071089"><ele>161.87</ele><time>2024-08-27T11:45:51Z</time></trkpt><trkpt lat="43.39721549" lon="-5.82071237"><ele>161.88</ele><time>2024-08-27T11:45:52Z</time></trkpt><trkpt lat="43.39723129" lon="-5.82071386"><ele>161.90</ele><time>2024-08-27T11:45:53Z</time></trkpt><trkpt lat="43.39724709" lon="-5.82071534"><ele>161.91</ele><time>2024-08-27T11:45:54Z</time></trkpt><trkpt lat="43.39726245" lon="-5.82071927"><ele>161.92</ele><time>2024-08-27T11:45:55Z</time></trkpt><trkpt lat="43.39727781" lon="-5.82072321"><ele>161.93</ele><time>2024-08-27T11:45:56Z</time></trkpt><trkpt lat="43.39729317" lon="-5.82072714"><ele>161.94</ele><time>2024-08-27T11:45:57Z</time></trkpt><trkpt lat="43.39730853" lon="-5.82073107"><ele>161.95</ele><time>2024-08-27T11:45:58Z</time></trkpt><trkpt lat="43.39732389" lon="-5.82073500"><ele>161.96</ele><time>2024-08-27T11:45:59Z</time></trkpt><trkpt lat="43.39733925" lon="-5.82073893"><ele>161.97</ele><time>2024-08-27T11:46:00Z</time></trkpt><trkpt lat="43.39735461" lon="-5.82074286"><ele>161.98</ele><time>2024-08-27T11:46:01Z</time></trkpt><trkpt lat="43.39736997" lon="-5.82074679"><ele>161.99</ele><time>2024-08-27T11:46:02Z</time></trkpt><trkpt lat="43.39738533" lon="-5.82075072"><ele>162.00</ele><time>2024-08-27T11:46:03Z</time></trkpt><trkpt lat="43.39740069" lon="-5.82075465"><ele>162.01</ele><time>2024-08-27T11:46:04Z</time></trkpt><trkpt lat="43.39741605" lon="-5.82075859"><ele>162.03</ele><time>2024-08-27T11:46:05Z</time></trkpt><trkpt lat="43.39743141" lon="-5.82076252"><ele>162.04</ele><time>2024-08-27T11:46:06Z</time></trkpt><trkpt lat="43.39744677" lon="-5.82076645"><ele>162.05</ele><time>2024-08-27T11:46:07Z</time></trkpt><trkpt lat="43.39746213" lon="-5.82077038"><ele>162.06</ele><time>2024-08-27T11:46:08Z</time></trkpt><trkpt lat="43.39747749" lon="-5.82077431"><ele>162.07</ele><time>2024-08-27T11:46:09Z</time></trkpt><trkpt lat="43.39749285" lon="-5.82077824"><ele>162.08</ele><time>2024-08-27T11:46:10Z</time></trkpt><trkpt lat="43.39750821" lon="-5.82078217"><ele>162.09</ele><time>2024-08-27T11:46:11Z</time></trkpt><trkpt lat="43.39752357" lon="-5.82078610"><ele>162.10</ele><time>2024-08-27T11:46:12Z</time></trkpt><trkpt lat="43.39753893" lon="-5.82079003"><ele>162.11</ele><time>2024-08-27T11:46:13Z</time></trkpt><trkpt lat="43.39755429" lon="-5.82079397"><ele>162.11</ele><time>2024-08-27T11:46:14Z</time></trkpt><trkpt lat="43.39756650" lon="-5.82080709"><ele>162.11</ele><time>2024-08-27T11:46:15Z</time></trkpt><trkpt lat="43.39757871" lon="-5.82082022"><ele>162.11</ele><time>2024-08-27T11:46:16Z</time></trkpt><trkpt lat="43.39759092" lon="-5.82083335"><ele>162.11</ele><time>2024-08-27T11:46:17Z</time></trkpt><trkpt lat="43.39760313" lon="-5.82084648"><ele>162.10</ele><time>2024-08-27T11:46:18Z</time></trkpt><trkpt lat="43.39761534" lon="-5.82085960"><ele>162.10</ele><time>2024-08-27T11:46:19Z</time></trkpt><trkpt lat="43.39762755" lon="-5.82087273"><ele>162.09</ele><time>2024-08-27T11:46:20Z</time></trkpt><trkpt lat="43.39763976" lon="-5.82088586"><ele>162.09</ele><time>2024-08-27T11:46:21Z</time></trkpt><trkpt lat="43.39765197" lon="-5.82089899"><ele>162.09</ele><time>2024-08-27T11:46:22Z</time></trkpt><trkpt lat="43.39766418" lon="-5.82091211"><ele>162.08</ele><time>2024-08-27T11:46:23Z</time></trkpt><trkpt lat="43.39767639" lon="-5.82092524"><ele>162.08</ele><time>2024-08-27T11:46:24Z</time></trkpt><trkpt lat="43.39768860" lon="-5.82093837"><ele>162.07</ele><time>2024-08-27T11:46:25Z</time></trkpt><trkpt lat="43.39770081" lon="-5.82095150"><ele>162.07</ele><time>2024-08-27T11:46:26Z</time></trkpt><trkpt lat="43.39771301" lon="-5.82096463"><ele>162.06</ele><time>2024-08-27T11:46:27Z</time></trkpt><trkpt lat="43.39772522" lon="-5.82097775"><ele>162.06</ele><time>2024-08-27T11:46:28Z</time></trkpt><trkpt lat="43.39773743" lon="-5.82099088"><ele>162.06</ele><time>2024-08-27T11:46:29Z</time></trkpt><trkpt lat="43.39774964" lon="-5.82100401"><ele>162.05</ele><time>2024-08-27T11:46:30Z</time></trkpt><trkpt lat="43.39776185" lon="-5.82101714"><ele>162.05</ele><time>2024-08-27T11:46:31Z</time></trkpt><trkpt lat="43.39777406" lon="-5.82103026"><ele>162.04</ele><time>2024-08-27T11:46:32Z</time></trkpt><trkpt lat="43.39778627" lon="-5.82104339"><ele>162.04</ele><time>2024-08-27T11:46:33Z</time></trkpt><trkpt lat="43.39779848" lon="-5.82105652"><ele>162.04</ele><time>2024-08-27T11:46:34Z</time></trkpt><trkpt lat="43.39781069" lon="-5.82106965"><ele>162.04</ele><time>2024-08-27T11:46:35Z</time></trkpt><trkpt lat="43.39781757" lon="-5.82108486"><ele>162.06</ele><time>2024-08-27T11:46:36Z</time></trkpt><trkpt lat="43.39782444" lon="-5.82110007"><ele>162.10</ele><time>2024-08-27T11:46:37Z</time></trkpt><trkpt lat="43.39783131" lon="-5.82111529"><ele>162.13</ele><time>2024-08-27T11:46:38Z</time></trkpt><trkpt lat="43.39783818" lon="-5.82113050"><ele>162.16</ele><time>2024-08-27T11:46:39Z</time></trkpt><trkpt lat="43.39784577" lon="-5.82115631"><ele>162.16</ele><time>2024-08-27T11:46:40Z</time></trkpt><trkpt lat="43.39785336" lon="-5.82118212"><ele>162.16</ele><time>2024-08-27T11:46:41Z</time></trkpt><trkpt lat="43.39786094" lon="-5.82120793"><ele>162.16</ele><time>2024-08-27T11:46:42Z</time></trkpt><trkpt lat="43.39786853" lon="-5.82123374"><ele>162.15</ele><time>2024-08-27T11:46:43Z</time></trkpt><trkpt lat="43.39787611" lon="-5.82125955"><ele>162.15</ele><time>2024-08-27T11:46:44Z</time></trkpt><trkpt lat="43.39788370" lon="-5.82128535"><ele>162.14</ele><time>2024-08-27T11:46:45Z</time></trkpt><trkpt lat="43.39789128" lon="-5.82131116"><ele>162.14</ele><time>2024-08-27T11:46:46Z</time></trkpt><trkpt lat="43.39789887" lon="-5.82133697"><ele>162.14</ele><time>2024-08-27T11:46:47Z</time></trkpt><trkpt lat="43.39790646" lon="-5.82136278"><ele>162.13</ele><time>2024-08-27T11:46:48Z</time></trkpt><trkpt lat="43.39791404" lon="-5.82138859"><ele>162.13</ele><time>2024-08-27T11:46:49Z</time></trkpt><trkpt lat="43.39792163" lon="-5.82141440"><ele>162.12</ele><time>2024-08-27T11:46:50Z</time></trkpt><trkpt lat="43.39792921" lon="-5.82144021"><ele>162.12</ele><time>2024-08-27T11:46:51Z</time></trkpt><trkpt lat="43.39794576" lon="-5.82144459"><ele>162.09</ele><time>2024-08-27T11:46:52Z</time></trkpt><trkpt lat="43.39796232" lon="-5.82144898"><ele>162.06</ele><time>2024-08-27T11:46:53Z</time></trkpt><trkpt lat="43.39797887" lon="-5.82145336"><ele>162.03</ele><time>2024-08-27T11:46:54Z</time></trkpt><trkpt lat="43.39799542" lon="-5.82145774"><ele>162.00</ele><time>2024-08-27T11:46:55Z</time></trkpt><trkpt lat="43.39801197" lon="-5.82146213"><ele>161.96</ele><time>2024-08-27T11:46:56Z</time></trkpt><trkpt lat="43.39802852" lon="-5.82146651"><ele>161.93</ele><time>2024-08-27T11:46:57Z</time></trkpt><trkpt lat="43.39804507" lon="-5.82147089"><ele>161.90</ele><time>2024-08-27T11:46:58Z</time></trkpt><trkpt lat="43.39806163" lon="-5.82147528"><ele>161.87</ele><time>2024-08-27T11:46:59Z</time></trkpt><trkpt lat="43.39807818" lon="-5.82147966"><ele>161.84</ele><time>2024-08-27T11:47:00Z</time></trkpt><trkpt lat="43.39809473" lon="-5.82148404"><ele>161.81</ele><time>2024-08-27T11:47:01Z</time></trkpt><trkpt lat="43.39811128" lon="-5.82148843"><ele>161.78</ele><time>2024-08-27T11:47:02Z</time></trkpt><trkpt lat="43.39812783" lon="-5.82149281"><ele>161.75</ele><time>2024-08-27T11:47:03Z</time></trkpt><trkpt lat="43.39814439" lon="-5.82149719"><ele>161.71</ele><time>2024-08-27T11:47:04Z</time></trkpt><trkpt lat="43.39816094" lon="-5.82150158"><ele>161.68</ele><time>2024-08-27T11:47:05Z</time></trkpt><trkpt lat="43.39817749" lon="-5.82150596"><ele>161.65</ele><time>2024-08-27T11:47:06Z</time></trkpt><trkpt lat="43.39819404" lon="-5.82151034"><ele>161.62</ele><time>2024-08-27T11:47:07Z</time></trkpt><trkpt lat="43.39821059" lon="-5.82151473"><ele>161.59</ele><time>2024-08-27T11:47:08Z</time></trkpt><trkpt lat="43.39822551" lon="-5.82151897"><ele>161.58</ele><time>2024-08-27T11:47:09Z</time></trkpt><trkpt lat="43.39824042" lon="-5.82152321"><ele>161.56</ele><time>2024-08-27T11:47:10Z</time></trkpt><trkpt lat="43.39825534" lon="-5.82152746"><ele>161.55</ele><time>2024-08-27T11:47:11Z</time></trkpt><trkpt lat="43.39827025" lon="-5.82153170"><ele>161.53</ele><time>2024-08-27T11:47:12Z</time></trkpt><trkpt lat="43.39828517" lon="-5.82153595"><ele>161.52</ele><time>2024-08-27T11:47:13Z</time></trkpt><trkpt lat="43.39830008" lon="-5.82154019"><ele>161.50</ele><time>2024-08-27T11:47:14Z</time></trkpt><trkpt lat="43.39831500" lon="-5.82154443"><ele>161.49</ele><time>2024-08-27T11:47:15Z</time></trkpt><trkpt lat="43.39832992" lon="-5.82154868"><ele>161.47</ele><time>2024-08-27T11:47:16Z</time></trkpt><trkpt lat="43.39834483" lon="-5.82155292"><ele>161.46</ele><time>2024-08-27T11:47:17Z</time></trkpt><trkpt lat="43.39835975" lon="-5.82155716"><ele>161.44</ele><time>2024-08-27T11:47:18Z</time></trkpt><trkpt lat="43.39837466" lon="-5.82156141"><ele>161.43</ele><time>2024-08-27T11:47:19Z</time></trkpt><trkpt lat="43.39838958" lon="-5.82156565"><ele>161.41</ele><time>2024-08-27T11:47:20Z</time></trkpt><trkpt lat="43.39840449" lon="-5.82156990"><ele>161.40</ele><time>2024-08-27T11:47:21Z</time></trkpt><trkpt lat="43.39841941" lon="-5.82157414"><ele>161.38</ele><time>2024-08-27T11:47:22Z</time></trkpt><trkpt lat="43.39843432" lon="-5.82157838"><ele>161.37</ele><time>2024-08-27T11:47:23Z</time></trkpt><trkpt lat="43.39844924" lon="-5.82158263"><ele>161.35</ele><time>2024-08-27T11:47:24Z</time></trkpt><trkpt lat="43.39846415" lon="-5.82158687"><ele>161.34</ele><time>2024-08-27T11:47:25Z</time></trkpt><trkpt lat="43.39847907" lon="-5.82159112"><ele>161.32</ele><time>2024-08-27T11:47:26Z</time></trkpt><trkpt lat="43.39849398" lon="-5.82159114"><ele>161.32</ele><time>2024-08-27T11:47:27Z</time></trkpt><trkpt lat="43.39850462" lon="-5.82159114"><ele>161.32</ele><time>2024-08-27T11:47:28Z</time></trkpt><trkpt lat="43.39851525" lon="-5.82159114"><ele>161.32</ele><time>2024-08-27T11:47:29Z</time></trkpt><trkpt lat="43.39852588" lon="-5.82158904"><ele>161.32</ele><time>2024-08-27T11:47:30Z</time></trkpt><trkpt lat="43.39853652" lon="-5.82158693"><ele>161.32</ele><time>2024-08-27T11:47:31Z</time></trkpt><trkpt lat="43.39854715" lon="-5.82158482"><ele>161.32</ele><time>2024-08-27T11:47:32Z</time></trkpt><trkpt lat="43.39855778" lon="-5.82158271"><ele>161.32</ele><time>2024-08-27T11:47:33Z</time></trkpt><trkpt lat="43.39856842" lon="-5.82158159"><ele>161.32</ele><time>2024-08-27T11:47:34Z</time></trkpt><trkpt lat="43.39858217" lon="-5.82158159"><ele>161.31</ele><time>2024-08-27T11:47:35Z</time></trkpt><trkpt lat="43.39859592" lon="-5.82158159"><ele>161.28</ele><time>2024-08-27T11:47:36Z</time></trkpt><trkpt lat="43.39860967" lon="-5.82158208"><ele>161.26</ele><time>2024-08-27T11:47:37Z</time></trkpt><trkpt lat="43.39862342" lon="-5.82158257"><ele>161.23</ele><time>2024-08-27T11:47:38Z</time></trkpt><trkpt lat="43.39863718" lon="-5.82158307"><ele>161.21</ele><time>2024-08-27T11:47:39Z</time></trkpt><trkpt lat="43.39865093" lon="-5.82158356"><ele>161.18</ele><time>2024-08-27T11:47:40Z</time></trkpt><trkpt lat="43.39866468" lon="-5.82158405"><ele>161.16</ele><time>2024-08-27T11:47:41Z</time></trkpt><trkpt lat="43.39867843" lon="-5.82158454"><ele>161.13</ele><time>2024-08-27T11:47:42Z</time></trkpt><trkpt lat="43.39869218" lon="-5.82158503"><ele>161.11</ele><time>2024-08-27T11:47:43Z</time></trkpt><trkpt lat="43.39870594" lon="-5.82158552"><ele>161.08</ele><time>2024-08-27T11:47:44Z</time></trkpt><trkpt lat="43.39871969" lon="-5.82158602"><ele>161.06</ele><time>2024-08-27T11:47:45Z</time></trkpt><trkpt lat="43.39873344" lon="-5.82158651"><ele>161.03</ele><time>2024-08-27T11:47:46Z</time></trkpt><trkpt lat="43.39874719" lon="-5.82158700"><ele>161.01</ele><time>2024-08-27T11:47:47Z</time></trkpt><trkpt lat="43.39876094" lon="-5.82158749"><ele>160.99</ele><time>2024-08-27T11:47:48Z</time></trkpt><trkpt lat="43.39877469" lon="-5.82158798"><ele>160.99</ele><time>2024-08-27T11:47:49Z</time></trkpt><trkpt lat="43.39879330" lon="-5.82159224"><ele>160.99</ele><time>2024-08-27T11:47:50Z</time></trkpt><trkpt lat="43.39881191" lon="-5.82159651"><ele>161.01</ele><time>2024-08-27T11:47:51Z</time></trkpt><trkpt lat="43.39883052" lon="-5.82160077"><ele>161.04</ele><time>2024-08-27T11:47:52Z</time></trkpt><trkpt lat="43.39884913" lon="-5.82160503"><ele>161.07</ele><time>2024-08-27T11:47:53Z</time></trkpt><trkpt lat="43.39886773" lon="-5.82160929"><ele>161.10</ele><time>2024-08-27T11:47:54Z</time></trkpt><trkpt lat="43.39888634" lon="-5.82161355"><ele>161.12</ele><time>2024-08-27T11:47:55Z</time></trkpt><trkpt lat="43.39890495" lon="-5.82161781"><ele>161.15</ele><time>2024-08-27T11:47:56Z</time></trkpt><trkpt lat="43.39892356" lon="-5.82162207"><ele>161.18</ele><time>2024-08-27T11:47:57Z</time></trkpt><trkpt lat="43.39894217" lon="-5.82162633"><ele>161.20</ele><time>2024-08-27T11:47:58Z</time></trkpt><trkpt lat="43.39896077" lon="-5.82163059"><ele>161.23</ele><time>2024-08-27T11:47:59Z</time></trkpt><trkpt lat="43.39897938" lon="-5.82163485"><ele>161.26</ele><time>2024-08-27T11:48:00Z</time></trkpt><trkpt lat="43.39899799" lon="-5.82163911"><ele>161.29</ele><time>2024-08-27T11:48:01Z</time></trkpt><trkpt lat="43.39901660" lon="-5.82164337"><ele>161.31</ele><time>2024-08-27T11:48:02Z</time></trkpt><trkpt lat="43.39903520" lon="-5.82164763"><ele>161.34</ele><time>2024-08-27T11:48:03Z</time></trkpt><trkpt lat="43.39905381" lon="-5.82165190"><ele>161.37</ele><time>2024-08-27T11:48:04Z</time></trkpt><trkpt lat="43.39907242" lon="-5.82165616"><ele>161.40</ele><time>2024-08-27T11:48:05Z</time></trkpt><trkpt lat="43.39909103" lon="-5.82166042"><ele>161.42</ele><time>2024-08-27T11:48:06Z</time></trkpt><trkpt lat="43.39910964" lon="-5.82166468"><ele>161.42</ele><time>2024-08-27T11:48:07Z</time></trkpt><trkpt lat="43.39912566" lon="-5.82166645"><ele>161.42</ele><time>2024-08-27T11:48:08Z</time></trkpt><trkpt lat="43.39914168" lon="-5.82166822"><ele>161.40</ele><time>2024-08-27T11:48:09Z</time></trkpt><trkpt lat="43.39915770" lon="-5.82166998"><ele>161.37</ele><time>2024-08-27T11:48:10Z</time></trkpt><trkpt lat="43.39917372" lon="-5.82167175"><ele>161.35</ele><time>2024-08-27T11:48:11Z</time></trkpt><trkpt lat="43.39918974" lon="-5.82167352"><ele>161.32</ele><time>2024-08-27T11:48:12Z</time></trkpt><trkpt lat="43.39920576" lon="-5.82167529"><ele>161.29</ele><time>2024-08-27T11:48:13Z</time></trkpt><trkpt lat="43.39922178" lon="-5.82167706"><ele>161.27</ele><time>2024-08-27T11:48:14Z</time></trkpt><trkpt lat="43.39923780" lon="-5.82167883"><ele>161.24</ele><time>2024-08-27T11:48:15Z</time></trkpt><trkpt lat="43.39925382" lon="-5.82168060"><ele>161.22</ele><time>2024-08-27T11:48:16Z</time></trkpt><trkpt lat="43.39926984" lon="-5.82168236"><ele>161.19</ele><time>2024-08-27T11:48:17Z</time></trkpt><trkpt lat="43.39928586" lon="-5.82168413"><ele>161.16</ele><time>2024-08-27T11:48:18Z</time></trkpt><trkpt lat="43.39930188" lon="-5.82168590"><ele>161.14</ele><time>2024-08-27T11:48:19Z</time></trkpt><trkpt lat="43.39931790" lon="-5.82168767"><ele>161.11</ele><time>2024-08-27T11:48:20Z</time></trkpt><trkpt lat="43.39933392" lon="-5.82168944"><ele>161.09</ele><time>2024-08-27T11:48:21Z</time></trkpt><trkpt lat="43.39934994" lon="-5.82169121"><ele>161.06</ele><time>2024-08-27T11:48:22Z</time></trkpt><trkpt lat="43.39936597" lon="-5.82169298"><ele>161.03</ele><time>2024-08-27T11:48:23Z</time></trkpt><trkpt lat="43.39938199" lon="-5.82169474"><ele>161.01</ele><time>2024-08-27T11:48:24Z</time></trkpt><trkpt lat="43.39939801" lon="-5.82169651"><ele>160.98</ele><time>2024-08-27T11:48:25Z</time></trkpt><trkpt lat="43.39941403" lon="-5.82169828"><ele>160.96</ele><time>2024-08-27T11:48:26Z</time></trkpt><trkpt lat="43.39943005" lon="-5.82170005"><ele>160.93</ele><time>2024-08-27T11:48:27Z</time></trkpt><trkpt lat="43.39944607" lon="-5.82170182"><ele>160.90</ele><time>2024-08-27T11:48:28Z</time></trkpt><trkpt lat="43.39946209" lon="-5.82170359"><ele>160.88</ele><time>2024-08-27T11:48:29Z</time></trkpt><trkpt lat="43.39947811" lon="-5.82170536"><ele>160.85</ele><time>2024-08-27T11:48:30Z</time></trkpt><trkpt lat="43.39949413" lon="-5.82170712"><ele>160.83</ele><time>2024-08-27T11:48:31Z</time></trkpt><trkpt lat="43.39951015" lon="-5.82170889"><ele>160.80</ele><time>2024-08-27T11:48:32Z</time></trkpt><trkpt lat="43.39952617" lon="-5.82171066"><ele>160.77</ele><time>2024-08-27T11:48:33Z</time></trkpt><trkpt lat="43.39954219" lon="-5.82171243"><ele>160.75</ele><time>2024-08-27T11:48:34Z</time></trkpt><trkpt lat="43.39955821" lon="-5.82171420"><ele>160.72</ele><time>2024-08-27T11:48:35Z</time></trkpt><trkpt lat="43.39957423" lon="-5.82171597"><ele>160.70</ele><time>2024-08-27T11:48:36Z</time></trkpt><trkpt lat="43.39959025" lon="-5.82171774"><ele>160.68</ele><time>2024-08-27T11:48:37Z</time></trkpt><trkpt lat="43.39960309" lon="-5.82172464"><ele>160.68</ele><time>2024-08-27T11:48:38Z</time></trkpt><trkpt lat="43.39961593" lon="-5.82173154"><ele>160.68</ele><time>2024-08-27T11:48:39Z</time></trkpt><trkpt lat="43.39962877" lon="-5.82173844"><ele>160.68</ele><time>2024-08-27T11:48:40Z</time></trkpt><trkpt lat="43.39964161" lon="-5.82174534"><ele>160.69</ele><time>2024-08-27T11:48:41Z</time></trkpt><trkpt lat="43.39965446" lon="-5.82175224"><ele>160.69</ele><time>2024-08-27T11:48:42Z</time></trkpt><trkpt lat="43.39966730" lon="-5.82175914"><ele>160.69</ele><time>2024-08-27T11:48:43Z</time></trkpt><trkpt lat="43.39968014" lon="-5.82176604"><ele>160.70</ele><time>2024-08-27T11:48:44Z</time></trkpt><trkpt lat="43.39969298" lon="-5.82177294"><ele>160.70</ele><time>2024-08-27T11:48:45Z</time></trkpt><trkpt lat="43.39970582" lon="-5.82177985"><ele>160.70</ele><time>2024-08-27T11:48:46Z</time></trkpt><trkpt lat="43.39971866" lon="-5.82178675"><ele>160.71</ele><time>2024-08-27T11:48:47Z</time></trkpt><trkpt lat="43.39973150" lon="-5.82179365"><ele>160.71</ele><time>2024-08-27T11:48:48Z</time></trkpt><trkpt lat="43.39974434" lon="-5.82180055"><ele>160.72</ele><time>2024-08-27T11:48:49Z</time></trkpt><trkpt lat="43.39975718" lon="-5.82180745"><ele>160.72</ele><time>2024-08-27T11:48:50Z</time></trkpt><trkpt lat="43.39977002" lon="-5.82181435"><ele>160.72</ele><time>2024-08-27T11:48:51Z</time></trkpt><trkpt lat="43.39978286" lon="-5.82182125"><ele>160.73</ele><time>2024-08-27T11:48:52Z</time></trkpt><trkpt lat="43.39979570" lon="-5.82182815"><ele>160.73</ele><time>2024-08-27T11:48:53Z</time></trkpt><trkpt lat="43.39980854" lon="-5.82183505"><ele>160.73</ele><time>2024-08-27T11:48:54Z</time></trkpt><trkpt lat="43.39982138" lon="-5.82184196"><ele>160.74</ele><time>2024-08-27T11:48:55Z</time></trkpt><trkpt lat="43.39983422" lon="-5.82184886"><ele>160.74</ele><time>2024-08-27T11:48:56Z</time></trkpt><trkpt lat="43.39984706" lon="-5.82185576"><ele>160.74</ele><time>2024-08-27T11:48:57Z</time></trkpt><trkpt lat="43.39984706" lon="-5.82186266"><ele>160.74</ele><time>2024-08-27T11:48:58Z</time></trkpt><trkpt lat="43.39984706" lon="-5.82187901"><ele>160.71</ele><time>2024-08-27T11:48:59Z</time></trkpt><trkpt lat="43.39984618" lon="-5.82189537"><ele>160.67</ele><time>2024-08-27T11:49:00Z</time></trkpt><trkpt lat="43.39983932" lon="-5.82191172"><ele>160.63</ele><time>2024-08-27T11:49:01Z</time></trkpt><trkpt lat="43.39983246" lon="-5.82192807"><ele>160.59</ele><time>2024-08-27T11:49:02Z</time></trkpt><trkpt lat="43.39982560" lon="-5.82194443"><ele>160.55</ele><time>2024-08-27T11:49:03Z</time></trkpt><trkpt lat="43.39981874" lon="-5.82196078"><ele>160.51</ele><time>2024-08-27T11:49:04Z</time></trkpt><trkpt lat="43.39981188" lon="-5.82197713"><ele>160.47</ele><time>2024-08-27T11:49:05Z</time></trkpt><trkpt lat="43.39980502" lon="-5.82199349"><ele>160.43</ele><time>2024-08-27T11:49:06Z</time></trkpt><trkpt lat="43.39979816" lon="-5.82200984"><ele>160.39</ele><time>2024-08-27T11:49:07Z</time></trkpt><trkpt lat="43.39979130" lon="-5.82202619"><ele>160.35</ele><time>2024-08-27T11:49:08Z</time></trkpt><trkpt lat="43.39978444" lon="-5.82204255"><ele>160.31</ele><time>2024-08-27T11:49:09Z</time></trkpt><trkpt lat="43.39977758" lon="-5.82205890"><ele>160.27</ele><time>2024-08-27T11:49:10Z</time></trkpt><trkpt lat="43.39977072" lon="-5.82207525"><ele>160.23</ele><time>2024-08-27T11:49:11Z</time></trkpt><trkpt lat="43.39976386" lon="-5.82209161"><ele>160.19</ele><time>2024-08-27T11:49:12Z</time></trkpt><trkpt lat="43.39975700" lon="-5.82210796"><ele>160.15</ele><time>2024-08-27T11:49:13Z</time></trkpt><trkpt lat="43.39975014" lon="-5.82212432"><ele>160.11</ele><time>2024-08-27T11:49:14Z</time></trkpt><trkpt lat="43.39974328" lon="-5.82214067"><ele>160.07</ele><time>2024-08-27T11:49:15Z</time></trkpt><trkpt lat="43.39973642" lon="-5.82215702"><ele>160.03</ele><time>2024-08-27T11:49:16Z</time></trkpt><trkpt lat="43.39972956" lon="-5.82217338"><ele>160.00</ele><time>2024-08-27T11:49:17Z</time></trkpt><trkpt lat="43.39971769" lon="-5.82218736"><ele>160.00</ele><time>2024-08-27T11:49:18Z</time></trkpt><trkpt lat="43.39970581" lon="-5.82220134"><ele>160.00</ele><time>2024-08-27T11:49:19Z</time></trkpt><trkpt lat="43.39969394" lon="-5.82221532"><ele>160.00</ele><time>2024-08-27T11:49:20Z</time></trkpt><trkpt lat="43.39968206" lon="-5.82222929"><ele>160.00</ele><time>2024-08-27T11:49:21Z</time></trkpt><trkpt lat="43.39967018" lon="-5.82224327"><ele>160.01</ele><time>2024-08-27T11:49:22Z</time></trkpt><trkpt lat="43.39965831" lon="-5.82225725"><ele>160.01</ele><time>2024-08-27T11:49:23Z</time></trkpt><trkpt lat="43.39964643" lon="-5.82227123"><ele>160.01</ele><time>2024-08-27T11:49:24Z</time></trkpt><trkpt lat="43.39963456" lon="-5.82228521"><ele>160.02</ele><time>2024-08-27T11:49:25Z</time></trkpt><trkpt lat="43.39962268" lon="-5.82229919"><ele>160.02</ele><time>2024-08-27T11:49:26Z</time></trkpt><trkpt lat="43.39961081" lon="-5.82231317"><ele>160.02</ele><time>2024-08-27T11:49:27Z</time></trkpt><trkpt lat="43.39959893" lon="-5.82232715"><ele>160.03</ele><time>2024-08-27T11:49:28Z</time></trkpt><trkpt lat="43.39958706" lon="-5.82234113"><ele>160.03</ele><time>2024-08-27T11:49:29Z</time></trkpt><trkpt lat="43.39957518" lon="-5.82235511"><ele>160.03</ele><time>2024-08-27T11:49:30Z</time></trkpt><trkpt lat="43.39956331" lon="-5.82236909"><ele>160.04</ele><time>2024-08-27T11:49:31Z</time></trkpt><trkpt lat="43.39955143" lon="-5.82238307"><ele>160.04</ele><time>2024-08-27T11:49:32Z</time></trkpt><trkpt lat="43.39953956" lon="-5.82239705"><ele>160.04</ele><time>2024-08-27T11:49:33Z</time></trkpt><trkpt lat="43.39952768" lon="-5.82241103"><ele>160.04</ele><time>2024-08-27T11:49:34Z</time></trkpt><trkpt lat="43.39951580" lon="-5.82242501"><ele>160.05</ele><time>2024-08-27T11:49:35Z</time></trkpt><trkpt lat="43.39950393" lon="-5.82243899"><ele>160.05</ele><time>2024-08-27T11:49:36Z</time></trkpt><trkpt lat="43.39949205" lon="-5.82245297"><ele>160.05</ele><time>2024-08-27T11:49:37Z</time></trkpt><trkpt lat="43.39948018" lon="-5.82246695"><ele>160.06</ele><time>2024-08-27T11:49:38Z</time></trkpt><trkpt lat="43.39946830" lon="-5.82248093"><ele>160.06</ele><time>2024-08-27T11:49:39Z</time></trkpt><trkpt lat="43.39945643" lon="-5.82249491"><ele>160.06</ele><time>2024-08-27T11:49:40Z</time></trkpt><trkpt lat="43.39944455" lon="-5.82250889"><ele>160.07</ele><time>2024-08-27T11:49:41Z</time></trkpt><trkpt lat="43.39943268" lon="-5.82252287"><ele>160.07</ele><time>2024-08-27T11:49:42Z</time></trkpt><trkpt lat="43.39942080" lon="-5.82253685"><ele>160.07</ele><time>2024-08-27T11:49:43Z</time></trkpt><trkpt lat="43.39940893" lon="-5.82255083"><ele>160.08</ele><time>2024-08-27T11:49:44Z</time></trkpt><trkpt lat="43.39939705" lon="-5.82256481"><ele>160.08</ele><time>2024-08-27T11:49:45Z</time></trkpt><trkpt lat="43.39938893" lon="-5.82258292"><ele>160.10</ele><time>2024-08-27T11:49:46Z</time></trkpt><trkpt lat="43.39938081" lon="-5.82260102"><ele>160.12</ele><time>2024-08-27T11:49:47Z</time></trkpt><trkpt lat="43.39937270" lon="-5.82261913"><ele>160.14</ele><time>2024-08-27T11:49:48Z</time></trkpt><trkpt lat="43.39936458" lon="-5.82263723"><ele>160.16</ele><time>2024-08-27T11:49:49Z</time></trkpt><trkpt lat="43.39935646" lon="-5.82265534"><ele>160.17</ele><time>2024-08-27T11:49:50Z</time></trkpt><trkpt lat="43.39934834" lon="-5.82267344"><ele>160.19</ele><time>2024-08-27T11:49:51Z</time></trkpt><trkpt lat="43.39934022" lon="-5.82269154"><ele>160.21</ele><time>2024-08-27T11:49:52Z</time></trkpt><trkpt lat="43.39933211" lon="-5.82270965"><ele>160.23</ele><time>2024-08-27T11:49:53Z</time></trkpt><trkpt lat="43.39932399" lon="-5.82272775"><ele>160.25</ele><time>2024-08-27T11:49:54Z</time></trkpt><trkpt lat="43.39931587" lon="-5.82274586"><ele>160.27</ele><time>2024-08-27T11:49:55Z</time></trkpt><trkpt lat="43.39930775" lon="-5.82276396"><ele>160.29</ele><time>2024-08-27T11:49:56Z</time></trkpt><trkpt lat="43.39929963" lon="-5.82278207"><ele>160.31</ele><time>2024-08-27T11:49:57Z</time></trkpt><trkpt lat="43.39929152" lon="-5.82280017"><ele>160.33</ele><time>2024-08-27T11:49:58Z</time></trkpt><trkpt lat="43.39928340" lon="-5.82281828"><ele>160.34</ele><time>2024-08-27T11:49:59Z</time></trkpt><trkpt lat="43.39927528" lon="-5.82283638"><ele>160.36</ele><time>2024-08-27T11:50:00Z</time></trkpt><trkpt lat="43.39926716" lon="-5.82285449"><ele>160.38</ele><time>2024-08-27T11:50:01Z</time></trkpt><trkpt lat="43.39925904" lon="-5.82287259"><ele>160.40</ele><time>2024-08-27T11:50:02Z</time></trkpt><trkpt lat="43.39925093" lon="-5.82289070"><ele>160.42</ele><time>2024-08-27T11:50:03Z</time></trkpt><trkpt lat="43.39924281" lon="-5.82290880"><ele>160.44</ele><time>2024-08-27T11:50:04Z</time></trkpt><trkpt lat="43.39923469" lon="-5.82292691"><ele>160.46</ele><time>2024-08-27T11:50:05Z</time></trkpt><trkpt lat="43.39922657" lon="-5.82294501"><ele>160.48</ele><time>2024-08-27T11:50:06Z</time></trkpt><trkpt lat="43.39921845" lon="-5.82296312"><ele>160.50</ele><time>2024-08-27T11:50:07Z</time></trkpt><trkpt lat="43.39921034" lon="-5.82298122"><ele>160.51</ele><time>2024-08-27T11:50:08Z</time></trkpt><trkpt lat="43.39920222" lon="-5.82299933"><ele>160.53</ele><time>2024-08-27T11:50:09Z</time></trkpt><trkpt lat="43.39919410" lon="-5.82301743"><ele>160.55</ele><time>2024-08-27T11:50:10Z</time></trkpt><trkpt lat="43.39918598" lon="-5.82303554"><ele>160.57</ele><time>2024-08-27T11:50:11Z</time></trkpt><trkpt lat="43.39918470" lon="-5.82305364"><ele>160.59</ele><time>2024-08-27T11:50:12Z</time></trkpt><trkpt lat="43.39918470" lon="-5.82307347"><ele>160.64</ele><time>2024-08-27T11:50:13Z</time></trkpt><trkpt lat="43.39918470" lon="-5.82309330"><ele>160.70</ele><time>2024-08-27T11:50:14Z</time></trkpt><trkpt lat="43.39918812" lon="-5.82311313"><ele>160.75</ele><time>2024-08-27T11:50:15Z</time></trkpt><trkpt lat="43.39919154" lon="-5.82313296"><ele>160.81</ele><time>2024-08-27T11:50:16Z</time></trkpt><trkpt lat="43.39919496" lon="-5.82315279"><ele>160.86</ele><time>2024-08-27T11:50:17Z</time></trkpt><trkpt lat="43.39919837" lon="-5.82317262"><ele>160.91</ele><time>2024-08-27T11:50:18Z</time></trkpt><trkpt lat="43.39920179" lon="-5.82319244"><ele>160.97</ele><time>2024-08-27T11:50:19Z</time></trkpt><trkpt lat="43.39920521" lon="-5.82321227"><ele>161.02</ele><time>2024-08-27T11:50:20Z</time></trkpt><trkpt lat="43.39920863" lon="-5.82323210"><ele>161.08</ele><time>2024-08-27T11:50:21Z</time></trkpt><trkpt lat="43.39921205" lon="-5.82325193"><ele>161.13</ele><time>2024-08-27T11:50:22Z</time></trkpt><trkpt lat="43.39921547" lon="-5.82327176"><ele>161.18</ele><time>2024-08-27T11:50:23Z</time></trkpt><trkpt lat="43.39921888" lon="-5.82329159"><ele>161.24</ele><time>2024-08-27T11:50:24Z</time></trkpt><trkpt lat="43.39922230" lon="-5.82331142"><ele>161.29</ele><time>2024-08-27T11:50:25Z</time></trkpt><trkpt lat="43.39922572" lon="-5.82333124"><ele>161.34</ele><time>2024-08-27T11:50:26Z</time></trkpt><trkpt lat="43.39922914" lon="-5.82335107"><ele>161.40</ele><time>2024-08-27T11:50:27Z</time></trkpt><trkpt lat="43.39923256" lon="-5.82337090"><ele>161.45</ele><time>2024-08-27T11:50:28Z</time></trkpt><trkpt lat="43.39923598" lon="-5.82339073"><ele>161.51</ele><time>2024-08-27T11:50:29Z</time></trkpt><trkpt lat="43.39923939" lon="-5.82341056"><ele>161.56</ele><time>2024-08-27T11:50:30Z</time></trkpt><trkpt lat="43.39924281" lon="-5.82343039"><ele>161.61</ele><time>2024-08-27T11:50:31Z</time></trkpt><trkpt lat="43.39924623" lon="-5.82345022"><ele>161.67</ele><time>2024-08-27T11:50:32Z</time></trkpt><trkpt lat="43.39924965" lon="-5.82347005"><ele>161.72</ele><time>2024-08-27T11:50:33Z</time></trkpt><trkpt lat="43.39925307" lon="-5.82348987"><ele>161.78</ele><time>2024-08-27T11:50:34Z</time></trkpt><trkpt lat="43.39925649" lon="-5.82350970"><ele>161.83</ele><time>2024-08-27T11:50:35Z</time></trkpt><trkpt lat="43.39926283" lon="-5.82352942"><ele>161.85</ele><time>2024-08-27T11:50:36Z</time></trkpt><trkpt lat="43.39926918" lon="-5.82354914"><ele>161.87</ele><time>2024-08-27T11:50:37Z</time></trkpt><trkpt lat="43.39927553" lon="-5.82356886"><ele>161.89</ele><time>2024-08-27T11:50:38Z</time></trkpt><trkpt lat="43.39928187" lon="-5.82358858"><ele>161.91</ele><time>2024-08-27T11:50:39Z</time></trkpt><trkpt lat="43.39928822" lon="-5.82360831"><ele>161.93</ele><time>2024-08-27T11:50:40Z</time></trkpt><trkpt lat="43.39929457" lon="-5.82362803"><ele>161.95</ele><time>2024-08-27T11:50:41Z</time></trkpt><trkpt lat="43.39930092" lon="-5.82364775"><ele>161.97</ele><time>2024-08-27T11:50:42Z</time></trkpt><trkpt lat="43.39930726" lon="-5.82366747"><ele>161.99</ele><time>2024-08-27T11:50:43Z</time></trkpt><trkpt lat="43.39931361" lon="-5.82368719"><ele>162.01</ele><time>2024-08-27T11:50:44Z</time></trkpt><trkpt lat="43.39931996" lon="-5.82370691"><ele>162.03</ele><time>2024-08-27T11:50:45Z</time></trkpt><trkpt lat="43.39932630" lon="-5.82372663"><ele>162.05</ele><time>2024-08-27T11:50:46Z</time></trkpt><trkpt lat="43.39933265" lon="-5.82374635"><ele>162.07</ele><time>2024-08-27T11:50:47Z</time></trkpt><trkpt lat="43.39933900" lon="-5.82376607"><ele>162.09</ele><time>2024-08-27T11:50:48Z</time></trkpt><trkpt lat="43.39934535" lon="-5.82378579"><ele>162.11</ele><time>2024-08-27T11:50:49Z</time></trkpt><trkpt lat="43.39935169" lon="-5.82380551"><ele>162.13</ele><time>2024-08-27T11:50:50Z</time></trkpt><trkpt lat="43.39935804" lon="-5.82382523"><ele>162.15</ele><time>2024-08-27T11:50:51Z</time></trkpt><trkpt lat="43.39936439" lon="-5.82384495"><ele>162.17</ele><time>2024-08-27T11:50:52Z</time></trkpt><trkpt lat="43.39937073" lon="-5.82386467"><ele>162.19</ele><time>2024-08-27T11:50:53Z</time></trkpt><trkpt lat="43.39937708" lon="-5.82388439"><ele>162.21</ele><time>2024-08-27T11:50:54Z</time></trkpt><trkpt lat="43.39938343" lon="-5.82390411"><ele>162.23</ele><time>2024-08-27T11:50:55Z</time></trkpt><trkpt lat="43.39938978" lon="-5.82392383"><ele>162.25</ele><time>2024-08-27T11:50:56Z</time></trkpt><trkpt lat="43.39939612" lon="-5.82394356"><ele>162.27</ele><time>2024-08-27T11:50:57Z</time></trkpt><trkpt lat="43.39940247" lon="-5.82396328"><ele>162.29</ele><time>2024-08-27T11:50:58Z</time></trkpt><trkpt lat="43.39940882" lon="-5.82398300"><ele>162.31</ele><time>2024-08-27T11:50:59Z</time></trkpt><trkpt lat="43.39941516" lon="-5.82400272"><ele>162.33</ele><time>2024-08-27T11:51:00Z</time></trkpt><trkpt lat="43.39942151" lon="-5.82402244"><ele>162.35</ele><time>2024-08-27T11:51:01Z</time></trkpt><trkpt lat="43.39942786" lon="-5.82404216"><ele>162.37</ele><time>2024-08-27T11:51:02Z</time></trkpt><trkpt lat="43.39943421" lon="-5.82406188"><ele>162.39</ele><time>2024-08-27T11:51:03Z</time></trkpt><trkpt lat="43.39944055" lon="-5.82408160"><ele>162.39</ele><time>2024-08-27T11:51:04Z</time></trkpt><trkpt lat="43.39944723" lon="-5.82410147"><ele>162.39</ele><time>2024-08-27T11:51:05Z</time></trkpt><trkpt lat="43.39945390" lon="-5.82412134"><ele>162.37</ele><time>2024-08-27T11:51:06Z</time></trkpt><trkpt lat="43.39946057" lon="-5.82414120"><ele>162.35</ele><time>2024-08-27T11:51:07Z</time></trkpt><trkpt lat="43.39946724" lon="-5.82416107"><ele>162.33</ele><time>2024-08-27T11:51:08Z</time></trkpt><trkpt lat="43.39947392" lon="-5.82418094"><ele>162.31</ele><time>2024-08-27T11:51:09Z</time></trkpt><trkpt lat="43.39948059" lon="-5.82420081"><ele>162.29</ele><time>2024-08-27T11:51:10Z</time></trkpt><trkpt lat="43.39948726" lon="-5.82422068"><ele>162.27</ele><time>2024-08-27T11:51:11Z</time></trkpt><trkpt lat="43.39949393" lon="-5.82424054"><ele>162.25</ele><time>2024-08-27T11:51:12Z</time></trkpt><trkpt lat="43.39950061" lon="-5.82426041"><ele>162.23</ele><time>2024-08-27T11:51:13Z</time></trkpt><trkpt lat="43.39950728" lon="-5.82428028"><ele>162.21</ele><time>2024-08-27T11:51:14Z</time></trkpt><trkpt lat="43.39951395" lon="-5.82430015"><ele>162.19</ele><time>2024-08-27T11:51:15Z</time></trkpt><trkpt lat="43.39952062" lon="-5.82432002"><ele>162.17</ele><time>2024-08-27T11:51:16Z</time></trkpt><trkpt lat="43.39952730" lon="-5.82433989"><ele>162.15</ele><time>2024-08-27T11:51:17Z</time></trkpt><trkpt lat="43.39953397" lon="-5.82435975"><ele>162.13</ele><time>2024-08-27T11:51:18Z</time></trkpt><trkpt lat="43.39954064" lon="-5.82437962"><ele>162.11</ele><time>2024-08-27T11:51:19Z</time></trkpt><trkpt lat="43.39954731" lon="-5.82439949"><ele>162.09</ele><time>2024-08-27T11:51:20Z</time></trkpt><trkpt lat="43.39955399" lon="-5.82441936"><ele>162.07</ele><time>2024-08-27T11:51:21Z</time></trkpt><trkpt lat="43.39956066" lon="-5.82443923"><ele>162.05</ele><time>2024-08-27T11:51:22Z</time></trkpt><trkpt lat="43.39956733" lon="-5.82445909"><ele>162.03</ele><time>2024-08-27T11:51:23Z</time></trkpt><trkpt lat="43.39957400" lon="-5.82447896"><ele>162.01</ele><time>2024-08-27T11:51:24Z</time></trkpt><trkpt lat="43.39958068" lon="-5.82449883"><ele>161.99</ele><time>2024-08-27T11:51:25Z</time></trkpt><trkpt lat="43.39958735" lon="-5.82451870"><ele>161.97</ele><time>2024-08-27T11:51:26Z</time></trkpt><trkpt lat="43.39959402" lon="-5.82453857"><ele>161.95</ele><time>2024-08-27T11:51:27Z</time></trkpt><trkpt lat="43.39960070" lon="-5.82455843"><ele>161.93</ele><time>2024-08-27T11:51:28Z</time></trkpt><trkpt lat="43.39960737" lon="-5.82457830"><ele>161.91</ele><time>2024-08-27T11:51:29Z</time></trkpt><trkpt lat="43.39961404" lon="-5.82459817"><ele>161.89</ele><time>2024-08-27T11:51:30Z</time></trkpt><trkpt lat="43.39962071" lon="-5.82461804"><ele>161.87</ele><time>2024-08-27T11:51:31Z</time></trkpt><trkpt lat="43.39962739" lon="-5.82463791"><ele>161.85</ele><time>2024-08-27T11:51:32Z</time></trkpt><trkpt lat="43.39963612" lon="-5.82465627"><ele>161.82</ele><time>2024-08-27T11:51:33Z</time></trkpt><trkpt lat="43.39964485" lon="-5.82467463"><ele>161.79</ele><time>2024-08-27T11:51:34Z</time></trkpt><trkpt lat="43.39965359" lon="-5.82469298"><ele>161.76</ele><time>2024-08-27T11:51:35Z</time></trkpt><trkpt lat="43.39966232" lon="-5.82471134"><ele>161.73</ele><time>2024-08-27T11:51:36Z</time></trkpt><trkpt lat="43.39967106" lon="-5.82472970"><ele>161.71</ele><time>2024-08-27T11:51:37Z</time></trkpt><trkpt lat="43.39967979" lon="-5.82474806"><ele>161.68</ele><time>2024-08-27T11:51:38Z</time></trkpt><trkpt lat="43.39968853" lon="-5.82476642"><ele>161.65</ele><time>2024-08-27T11:51:39Z</time></trkpt><trkpt lat="43.39969726" lon="-5.82478478"><ele>161.62</ele><time>2024-08-27T11:51:40Z</time></trkpt><trkpt lat="43.39970600" lon="-5.82480314"><ele>161.59</ele><time>2024-08-27T11:51:41Z</time></trkpt><trkpt lat="43.39971473" lon="-5.82482150"><ele>161.56</ele><time>2024-08-27T11:51:42Z</time></trkpt><trkpt lat="43.39972347" lon="-5.82483986"><ele>161.53</ele><time>2024-08-27T11:51:43Z</time></trkpt><trkpt lat="43.39973220" lon="-5.82485822"><ele>161.50</ele><time>2024-08-27T11:51:44Z</time></trkpt><trkpt lat="43.39974093" lon="-5.82487658"><ele>161.47</ele><time>2024-08-27T11:51:45Z</time></trkpt><trkpt lat="43.39974967" lon="-5.82489494"><ele>161.44</ele><time>2024-08-27T11:51:46Z</time></trkpt><trkpt lat="43.39975840" lon="-5.82491330"><ele>161.42</ele><time>2024-08-27T11:51:47Z</time></trkpt><trkpt lat="43.39976714" lon="-5.82493165"><ele>161.39</ele><time>2024-08-27T11:51:48Z</time></trkpt><trkpt lat="43.39977587" lon="-5.82495001"><ele>161.36</ele><time>2024-08-27T11:51:49Z</time></trkpt><trkpt lat="43.39978461" lon="-5.82496837"><ele>161.33</ele><time>2024-08-27T11:51:50Z</time></trkpt><trkpt lat="43.39979334" lon="-5.82498673"><ele>161.30</ele><time>2024-08-27T11:51:51Z</time></trkpt><trkpt lat="43.39980208" lon="-5.82500509"><ele>161.27</ele><time>2024-08-27T11:51:52Z</time></trkpt><trkpt lat="43.39981081" lon="-5.82502345"><ele>161.24</ele><time>2024-08-27T11:51:53Z</time></trkpt><trkpt lat="43.39981955" lon="-5.82504181"><ele>161.21</ele><time>2024-08-27T11:51:54Z</time></trkpt><trkpt lat="43.39982828" lon="-5.82506017"><ele>161.18</ele><time>2024-08-27T11:51:55Z</time></trkpt><trkpt lat="43.39983701" lon="-5.82507853"><ele>161.15</ele><time>2024-08-27T11:51:56Z</time></trkpt><trkpt lat="43.39984575" lon="-5.82509689"><ele>161.13</ele><time>2024-08-27T11:51:57Z</time></trkpt><trkpt lat="43.39985448" lon="-5.82511525"><ele>161.10</ele><time>2024-08-27T11:51:58Z</time></trkpt><trkpt lat="43.39986322" lon="-5.82513361"><ele>161.07</ele><time>2024-08-27T11:51:59Z</time></trkpt><trkpt lat="43.39987195" lon="-5.82515197"><ele>161.04</ele><time>2024-08-27T11:52:00Z</time></trkpt><trkpt lat="43.39988069" lon="-5.82517033"><ele>161.04</ele><time>2024-08-27T11:52:01Z</time></trkpt><trkpt lat="43.39989113" lon="-5.82518534"><ele>161.04</ele><time>2024-08-27T11:52:02Z</time></trkpt><trkpt lat="43.39990158" lon="-5.82520035"><ele>161.06</ele><time>2024-08-27T11:52:03Z</time></trkpt><trkpt lat="43.39991202" lon="-5.82521536"><ele>161.08</ele><time>2024-08-27T11:52:04Z</time></trkpt><trkpt lat="43.39992247" lon="-5.82523038"><ele>161.11</ele><time>2024-08-27T11:52:05Z</time></trkpt><trkpt lat="43.39993291" lon="-5.82524539"><ele>161.13</ele><time>2024-08-27T11:52:06Z</time></trkpt><trkpt lat="43.39994336" lon="-5.82526040"><ele>161.16</ele><time>2024-08-27T11:52:07Z</time></trkpt><trkpt lat="43.39995380" lon="-5.82527542"><ele>161.18</ele><time>2024-08-27T11:52:08Z</time></trkpt><trkpt lat="43.39996425" lon="-5.82529043"><ele>161.20</ele><time>2024-08-27T11:52:09Z</time></trkpt><trkpt lat="43.39997469" lon="-5.82530544"><ele>161.23</ele><time>2024-08-27T11:52:10Z</time></trkpt><trkpt lat="43.39998514" lon="-5.82532046"><ele>161.25</ele><time>2024-08-27T11:52:11Z</time></trkpt><trkpt lat="43.39999558" lon="-5.82533547"><ele>161.28</ele><time>2024-08-27T11:52:12Z</time></trkpt><trkpt lat="43.40000603" lon="-5.82535048"><ele>161.30</ele><time>2024-08-27T11:52:13Z</time></trkpt><trkpt lat="43.40001647" lon="-5.82536550"><ele>161.32</ele><time>2024-08-27T11:52:14Z</time></trkpt><trkpt lat="43.40002692" lon="-5.82538051"><ele>161.35</ele><time>2024-08-27T11:52:15Z</time></trkpt><trkpt lat="43.40003736" lon="-5.82539552"><ele>161.37</ele><time>2024-08-27T11:52:16Z</time></trkpt><trkpt lat="43.40004781" lon="-5.82541054"><ele>161.40</ele><time>2024-08-27T11:52:17Z</time></trkpt><trkpt lat="43.40005825" lon="-5.82542555"><ele>161.42</ele><time>2024-08-27T11:52:18Z</time></trkpt><trkpt lat="43.40006870" lon="-5.82544056"><ele>161.45</ele><time>2024-08-27T11:52:19Z</time></trkpt><trkpt lat="43.40007914" lon="-5.82545558"><ele>161.47</ele><time>2024-08-27T11:52:20Z</time></trkpt><trkpt lat="43.40008959" lon="-5.82547059"><ele>161.49</ele><time>2024-08-27T11:52:21Z</time></trkpt><trkpt lat="43.40010003" lon="-5.82548560"><ele>161.52</ele><time>2024-08-27T11:52:22Z</time></trkpt><trkpt lat="43.40011048" lon="-5.82550062"><ele>161.54</ele><time>2024-08-27T11:52:23Z</time></trkpt><trkpt lat="43.40012092" lon="-5.82551563"><ele>161.57</ele><time>2024-08-27T11:52:24Z</time></trkpt><trkpt lat="43.40013137" lon="-5.82553064"><ele>161.59</ele><time>2024-08-27T11:52:25Z</time></trkpt><trkpt lat="43.40014182" lon="-5.82554566"><ele>161.62</ele><time>2024-08-27T11:52:26Z</time></trkpt><trkpt lat="43.40015226" lon="-5.82556067"><ele>161.64</ele><time>2024-08-27T11:52:27Z</time></trkpt><trkpt lat="43.40016246" lon="-5.82557614"><ele>161.70</ele><time>2024-08-27T11:52:28Z</time></trkpt><trkpt lat="43.40017265" lon="-5.82559161"><ele>161.76</ele><time>2024-08-27T11:52:29Z</time></trkpt><trkpt lat="43.40018285" lon="-5.82560707"><ele>161.83</ele><time>2024-08-27T11:52:30Z</time></trkpt><trkpt lat="43.40019305" lon="-5.82562254"><ele>161.89</ele><time>2024-08-27T11:52:31Z</time></trkpt><trkpt lat="43.40020324" lon="-5.82563801"><ele>161.95</ele><time>2024-08-27T11:52:32Z</time></trkpt><trkpt lat="43.40021344" lon="-5.82565348"><ele>162.01</ele><time>2024-08-27T11:52:33Z</time></trkpt><trkpt lat="43.40022364" lon="-5.82566895"><ele>162.08</ele><time>2024-08-27T11:52:34Z</time></trkpt><trkpt lat="43.40023384" lon="-5.82568441"><ele>162.14</ele><time>2024-08-27T11:52:35Z</time></trkpt><trkpt lat="43.40024403" lon="-5.82569988"><ele>162.20</ele><time>2024-08-27T11:52:36Z</time></trkpt><trkpt lat="43.40025423" lon="-5.82571535"><ele>162.26</ele><time>2024-08-27T11:52:37Z</time></trkpt><trkpt lat="43.40026443" lon="-5.82573082"><ele>162.33</ele><time>2024-08-27T11:52:38Z</time></trkpt><trkpt lat="43.40027462" lon="-5.82574628"><ele>162.39</ele><time>2024-08-27T11:52:39Z</time></trkpt><trkpt lat="43.40028482" lon="-5.82576175"><ele>162.45</ele><time>2024-08-27T11:52:40Z</time></trkpt><trkpt lat="43.40029502" lon="-5.82577722"><ele>162.51</ele><time>2024-08-27T11:52:41Z</time></trkpt><trkpt lat="43.40030521" lon="-5.82579269"><ele>162.57</ele><time>2024-08-27T11:52:42Z</time></trkpt><trkpt lat="43.40031541" lon="-5.82580816"><ele>162.64</ele><time>2024-08-27T11:52:43Z</time></trkpt><trkpt lat="43.40032561" lon="-5.82582362"><ele>162.70</ele><time>2024-08-27T11:52:44Z</time></trkpt><trkpt lat="43.40033580" lon="-5.82583909"><ele>162.76</ele><time>2024-08-27T11:52:45Z</time></trkpt><trkpt lat="43.40034600" lon="-5.82585456"><ele>162.82</ele><time>2024-08-27T11:52:46Z</time></trkpt><trkpt lat="43.40035620" lon="-5.82587003"><ele>162.89</ele><time>2024-08-27T11:52:47Z</time></trkpt><trkpt lat="43.40036640" lon="-5.82588549"><ele>162.95</ele><time>2024-08-27T11:52:48Z</time></trkpt><trkpt lat="43.40037659" lon="-5.82590096"><ele>163.01</ele><time>2024-08-27T11:52:49Z</time></trkpt><trkpt lat="43.40038679" lon="-5.82591643"><ele>163.07</ele><time>2024-08-27T11:52:50Z</time></trkpt><trkpt lat="43.40039699" lon="-5.82593190"><ele>163.14</ele><time>2024-08-27T11:52:51Z</time></trkpt><trkpt lat="43.40040718" lon="-5.82594737"><ele>163.20</ele><time>2024-08-27T11:52:52Z</time></trkpt><trkpt lat="43.40041738" lon="-5.82596283"><ele>163.26</ele><time>2024-08-27T11:52:53Z</time></trkpt><trkpt lat="43.40042768" lon="-5.82597707"><ele>163.33</ele><time>2024-08-27T11:52:54Z</time></trkpt><trkpt lat="43.40043799" lon="-5.82599130"><ele>163.40</ele><time>2024-08-27T11:52:55Z</time></trkpt><trkpt lat="43.40044829" lon="-5.82600553"><ele>163.47</ele><time>2024-08-27T11:52:56Z</time></trkpt><trkpt lat="43.40045859" lon="-5.82601976"><ele>163.54</ele><time>2024-08-27T11:52:57Z</time></trkpt><trkpt lat="43.40046890" lon="-5.82603400"><ele>163.60</ele><time>2024-08-27T11:52:58Z</time></trkpt><trkpt lat="43.40047920" lon="-5.82604823"><ele>163.67</ele><time>2024-08-27T11:52:59Z</time></trkpt><trkpt lat="43.40048950" lon="-5.82606246"><ele>163.74</ele><time>2024-08-27T11:53:00Z</time></trkpt><trkpt lat="43.40049980" lon="-5.82607669"><ele>163.81</ele><time>2024-08-27T11:53:01Z</time></trkpt><trkpt lat="43.40051011" lon="-5.82609093"><ele>163.88</ele><time>2024-08-27T11:53:02Z</time></trkpt><trkpt lat="43.40052041" lon="-5.82610516"><ele>163.95</ele><time>2024-08-27T11:53:03Z</time></trkpt><trkpt lat="43.40053071" lon="-5.82611939"><ele>164.02</ele><time>2024-08-27T11:53:04Z</time></trkpt><trkpt lat="43.40054102" lon="-5.82613362"><ele>164.09</ele><time>2024-08-27T11:53:05Z</time></trkpt><trkpt lat="43.40055132" lon="-5.82614786"><ele>164.15</ele><time>2024-08-27T11:53:06Z</time></trkpt><trkpt lat="43.40056162" lon="-5.82616209"><ele>164.22</ele><time>2024-08-27T11:53:07Z</time></trkpt><trkpt lat="43.40057193" lon="-5.82617632"><ele>164.29</ele><time>2024-08-27T11:53:08Z</time></trkpt><trkpt lat="43.40058223" lon="-5.82619055"><ele>164.36</ele><time>2024-08-27T11:53:09Z</time></trkpt><trkpt lat="43.40059253" lon="-5.82620479"><ele>164.43</ele><time>2024-08-27T11:53:10Z</time></trkpt><trkpt lat="43.40060283" lon="-5.82621902"><ele>164.50</ele><time>2024-08-27T11:53:11Z</time></trkpt><trkpt lat="43.40061314" lon="-5.82623325"><ele>164.57</ele><time>2024-08-27T11:53:12Z</time></trkpt><trkpt lat="43.40062344" lon="-5.82624748"><ele>164.64</ele><time>2024-08-27T11:53:13Z</time></trkpt><trkpt lat="43.40063374" lon="-5.82626172"><ele>164.70</ele><time>2024-08-27T11:53:14Z</time></trkpt><trkpt lat="43.40064405" lon="-5.82627595"><ele>164.77</ele><time>2024-08-27T11:53:15Z</time></trkpt><trkpt lat="43.40065435" lon="-5.82629018"><ele>164.84</ele><time>2024-08-27T11:53:16Z</time></trkpt><trkpt lat="43.40066465" lon="-5.82630441"><ele>164.91</ele><time>2024-08-27T11:53:17Z</time></trkpt><trkpt lat="43.40067496" lon="-5.82631865"><ele>164.98</ele><time>2024-08-27T11:53:18Z</time></trkpt><trkpt lat="43.40068479" lon="-5.82632952"><ele>165.06</ele><time>2024-08-27T11:53:19Z</time></trkpt><trkpt lat="43.40069462" lon="-5.82634039"><ele>165.14</ele><time>2024-08-27T11:53:20Z</time></trkpt><trkpt lat="43.40070445" lon="-5.82635126"><ele>165.22</ele><time>2024-08-27T11:53:21Z</time></trkpt><trkpt lat="43.40071428" lon="-5.82636214"><ele>165.31</ele><time>2024-08-27T11:53:22Z</time></trkpt><trkpt lat="43.40072411" lon="-5.82637301"><ele>165.39</ele><time>2024-08-27T11:53:23Z</time></trkpt><trkpt lat="43.40073394" lon="-5.82638388"><ele>165.47</ele><time>2024-08-27T11:53:24Z</time></trkpt><trkpt lat="43.40073908" lon="-5.82639475"><ele>165.55</ele><time>2024-08-27T11:53:25Z</time></trkpt><trkpt lat="43.40073908" lon="-5.82641145"><ele>165.70</ele><time>2024-08-27T11:53:26Z</time></trkpt><trkpt lat="43.40073908" lon="-5.82642814"><ele>165.85</ele><time>2024-08-27T11:53:27Z</time></trkpt><trkpt lat="43.40073673" lon="-5.82644484"><ele>166.00</ele><time>2024-08-27T11:53:28Z</time></trkpt><trkpt lat="43.40073438" lon="-5.82646153"><ele>166.14</ele><time>2024-08-27T11:53:29Z</time></trkpt><trkpt lat="43.40073204" lon="-5.82647822"><ele>166.29</ele><time>2024-08-27T11:53:30Z</time></trkpt><trkpt lat="43.40072969" lon="-5.82649492"><ele>166.44</ele><time>2024-08-27T11:53:31Z</time></trkpt><trkpt lat="43.40072297" lon="-5.82651003"><ele>166.51</ele><time>2024-08-27T11:53:32Z</time></trkpt><trkpt lat="43.40071625" lon="-5.82652515"><ele>166.58</ele><time>2024-08-27T11:53:33Z</time></trkpt><trkpt lat="43.40070954" lon="-5.82654027"><ele>166.66</ele><time>2024-08-27T11:53:34Z</time></trkpt><trkpt lat="43.40070282" lon="-5.82655539"><ele>166.73</ele><time>2024-08-27T11:53:35Z</time></trkpt><trkpt lat="43.40069610" lon="-5.82657050"><ele>166.80</ele><time>2024-08-27T11:53:36Z</time></trkpt><trkpt lat="43.40068938" lon="-5.82658562"><ele>166.87</ele><time>2024-08-27T11:53:37Z</time></trkpt><trkpt lat="43.40068267" lon="-5.82660074"><ele>166.94</ele><time>2024-08-27T11:53:38Z</time></trkpt><trkpt lat="43.40067595" lon="-5.82661586"><ele>167.02</ele><time>2024-08-27T11:53:39Z</time></trkpt><trkpt lat="43.40066923" lon="-5.82663097"><ele>167.09</ele><time>2024-08-27T11:53:40Z</time></trkpt><trkpt lat="43.40066251" lon="-5.82664609"><ele>167.16</ele><time>2024-08-27T11:53:41Z</time></trkpt><trkpt lat="43.40065580" lon="-5.82666121"><ele>167.23</ele><time>2024-08-27T11:53:42Z</time></trkpt><trkpt lat="43.40064908" lon="-5.82667633"><ele>167.31</ele><time>2024-08-27T11:53:43Z</time></trkpt><trkpt lat="43.40064236" lon="-5.82669144"><ele>167.38</ele><time>2024-08-27T11:53:44Z</time></trkpt><trkpt lat="43.40063564" lon="-5.82669466"><ele>167.45</ele><time>2024-08-27T11:53:45Z</time></trkpt><trkpt lat="43.40062253" lon="-5.82669466"><ele>167.52</ele><time>2024-08-27T11:53:46Z</time></trkpt><trkpt lat="43.40060941" lon="-5.82669466"><ele>167.59</ele><time>2024-08-27T11:53:47Z</time></trkpt><trkpt lat="43.40059629" lon="-5.82668871"><ele>167.67</ele><time>2024-08-27T11:53:48Z</time></trkpt><trkpt lat="43.40058317" lon="-5.82668276"><ele>167.74</ele><time>2024-08-27T11:53:49Z</time></trkpt><trkpt lat="43.40056926" lon="-5.82667215"><ele>167.79</ele><time>2024-08-27T11:53:50Z</time></trkpt><trkpt lat="43.40055535" lon="-5.82666154"><ele>167.85</ele><time>2024-08-27T11:53:51Z</time></trkpt><trkpt lat="43.40054144" lon="-5.82665094"><ele>167.90</ele><time>2024-08-27T11:53:52Z</time></trkpt><trkpt lat="43.40052753" lon="-5.82664033"><ele>167.95</ele><time>2024-08-27T11:53:53Z</time></trkpt><trkpt lat="43.40051362" lon="-5.82662972"><ele>168.01</ele><time>2024-08-27T11:53:54Z</time></trkpt><trkpt lat="43.40049971" lon="-5.82661912"><ele>168.06</ele><time>2024-08-27T11:53:55Z</time></trkpt><trkpt lat="43.40048580" lon="-5.82660851"><ele>168.11</ele><time>2024-08-27T11:53:56Z</time></trkpt><trkpt lat="43.40047189" lon="-5.82659791"><ele>168.17</ele><time>2024-08-27T11:53:57Z</time></trkpt><trkpt lat="43.40045798" lon="-5.82658730"><ele>168.22</ele><time>2024-08-27T11:53:58Z</time></trkpt><trkpt lat="43.40044407" lon="-5.82657669"><ele>168.27</ele><time>2024-08-27T11:53:59Z</time></trkpt><trkpt lat="43.40043016" lon="-5.82656609"><ele>168.33</ele><time>2024-08-27T11:54:00Z</time></trkpt><trkpt lat="43.40041625" lon="-5.82655548"><ele>168.38</ele><time>2024-08-27T11:54:01Z</time></trkpt><trkpt lat="43.40040233" lon="-5.82654487"><ele>168.44</ele><time>2024-08-27T11:54:02Z</time></trkpt><trkpt lat="43.40038842" lon="-5.82653427"><ele>168.49</ele><time>2024-08-27T11:54:03Z</time></trkpt><trkpt lat="43.40037451" lon="-5.82652366"><ele>168.54</ele><time>2024-08-27T11:54:04Z</time></trkpt><trkpt lat="43.40036060" lon="-5.82651305"><ele>168.60</ele><time>2024-08-27T11:54:05Z</time></trkpt><trkpt lat="43.40034669" lon="-5.82650245"><ele>168.65</ele><time>2024-08-27T11:54:06Z</time></trkpt><trkpt lat="43.40033278" lon="-5.82649184"><ele>168.70</ele><time>2024-08-27T11:54:07Z</time></trkpt><trkpt lat="43.40031887" lon="-5.82648124"><ele>168.76</ele><time>2024-08-27T11:54:08Z</time></trkpt><trkpt lat="43.40030496" lon="-5.82647063"><ele>168.81</ele><time>2024-08-27T11:54:09Z</time></trkpt><trkpt lat="43.40029105" lon="-5.82646002"><ele>168.86</ele><time>2024-08-27T11:54:10Z</time></trkpt><trkpt lat="43.40027714" lon="-5.82644942"><ele>168.92</ele><time>2024-08-27T11:54:11Z</time></trkpt><trkpt lat="43.40026323" lon="-5.82643881"><ele>168.97</ele><time>2024-08-27T11:54:12Z</time></trkpt><trkpt lat="43.40024932" lon="-5.82642820"><ele>169.02</ele><time>2024-08-27T11:54:13Z</time></trkpt><trkpt lat="43.40023541" lon="-5.82641760"><ele>169.08</ele><time>2024-08-27T11:54:14Z</time></trkpt><trkpt lat="43.40022149" lon="-5.82640699"><ele>169.12</ele><time>2024-08-27T11:54:15Z</time></trkpt><trkpt lat="43.40020754" lon="-5.82639700"><ele>169.12</ele><time>2024-08-27T11:54:16Z</time></trkpt><trkpt lat="43.40019358" lon="-5.82638700"><ele>169.12</ele><time>2024-08-27T11:54:17Z</time></trkpt><trkpt lat="43.40017962" lon="-5.82637701"><ele>169.11</ele><time>2024-08-27T11:54:18Z</time></trkpt><trkpt lat="43.40016566" lon="-5.82636702"><ele>169.10</ele><time>2024-08-27T11:54:19Z</time></trkpt><trkpt lat="43.40015170" lon="-5.82635702"><ele>169.10</ele><time>2024-08-27T11:54:20Z</time></trkpt><trkpt lat="43.40013774" lon="-5.82634703"><ele>169.09</ele><time>2024-08-27T11:54:21Z</time></trkpt><trkpt lat="43.40012378" lon="-5.82633704"><ele>169.08</ele><time>2024-08-27T11:54:22Z</time></trkpt><trkpt lat="43.40010982" lon="-5.82632704"><ele>169.08</ele><time>2024-08-27T11:54:23Z</time></trkpt><trkpt lat="43.40009586" lon="-5.82631705"><ele>169.07</ele><time>2024-08-27T11:54:24Z</time></trkpt><trkpt lat="43.40008190" lon="-5.82630706"><ele>169.06</ele><time>2024-08-27T11:54:25Z</time></trkpt><trkpt lat="43.40006794" lon="-5.82629706"><ele>169.06</ele><time>2024-08-27T11:54:26Z</time></trkpt><trkpt lat="43.40005398" lon="-5.82628707"><ele>169.05</ele><time>2024-08-27T11:54:27Z</time></trkpt><trkpt lat="43.40004002" lon="-5.82627708"><ele>169.04</ele><time>2024-08-27T11:54:28Z</time></trkpt><trkpt lat="43.40002606" lon="-5.82626708"><ele>169.03</ele><time>2024-08-27T11:54:29Z</time></trkpt><trkpt lat="43.40001210" lon="-5.82625709"><ele>169.03</ele><time>2024-08-27T11:54:30Z</time></trkpt><trkpt lat="43.39999814" lon="-5.82624709"><ele>169.02</ele><time>2024-08-27T11:54:31Z</time></trkpt><trkpt lat="43.39998418" lon="-5.82623710"><ele>169.01</ele><time>2024-08-27T11:54:32Z</time></trkpt><trkpt lat="43.39997022" lon="-5.82622711"><ele>169.01</ele><time>2024-08-27T11:54:33Z</time></trkpt><trkpt lat="43.39995626" lon="-5.82621711"><ele>169.00</ele><time>2024-08-27T11:54:34Z</time></trkpt><trkpt lat="43.39994230" lon="-5.82620712"><ele>168.99</ele><time>2024-08-27T11:54:35Z</time></trkpt><trkpt lat="43.39992834" lon="-5.82619713"><ele>168.99</ele><time>2024-08-27T11:54:36Z</time></trkpt><trkpt lat="43.39991438" lon="-5.82618713"><ele>168.98</ele><time>2024-08-27T11:54:37Z</time></trkpt><trkpt lat="43.39989984" lon="-5.82617704"><ele>168.96</ele><time>2024-08-27T11:54:38Z</time></trkpt><trkpt lat="43.39988530" lon="-5.82616696"><ele>168.93</ele><time>2024-08-27T11:54:39Z</time></trkpt><trkpt lat="43.39987075" lon="-5.82615687"><ele>168.91</ele><time>2024-08-27T11:54:40Z</time></trkpt><trkpt lat="43.39985621" lon="-5.82614678"><ele>168.89</ele><time>2024-08-27T11:54:41Z</time></trkpt><trkpt lat="43.39984167" lon="-5.82613669"><ele>168.86</ele><time>2024-08-27T11:54:42Z</time></trkpt><trkpt lat="43.39982713" lon="-5.82612660"><ele>168.84</ele><time>2024-08-27T11:54:43Z</time></trkpt><trkpt lat="43.39981258" lon="-5.82611651"><ele>168.82</ele><time>2024-08-27T11:54:44Z</time></trkpt><trkpt lat="43.39979804" lon="-5.82610642"><ele>168.80</ele><time>2024-08-27T11:54:45Z</time></trkpt><trkpt lat="43.39978350" lon="-5.82609633"><ele>168.77</ele><time>2024-08-27T11:54:46Z</time></trkpt><trkpt lat="43.39976896" lon="-5.82608624"><ele>168.75</ele><time>2024-08-27T11:54:47Z</time></trkpt><trkpt lat="43.39975441" lon="-5.82607615"><ele>168.73</ele><time>2024-08-27T11:54:48Z</time></trkpt><trkpt lat="43.39973987" lon="-5.82606607"><ele>168.70</ele><time>2024-08-27T11:54:49Z</time></trkpt><trkpt lat="43.39972533" lon="-5.82605598"><ele>168.68</ele><time>2024-08-27T11:54:50Z</time></trkpt><trkpt lat="43.39971079" lon="-5.82604589"><ele>168.66</ele><time>2024-08-27T11:54:51Z</time></trkpt><trkpt lat="43.39969624" lon="-5.82603580"><ele>168.63</ele><time>2024-08-27T11:54:52Z</time></trkpt><trkpt lat="43.39968170" lon="-5.82602571"><ele>168.61</ele><time>2024-08-27T11:54:53Z</time></trkpt><trkpt lat="43.39966716" lon="-5.82601562"><ele>168.59</ele><time>2024-08-27T11:54:54Z</time></trkpt><trkpt lat="43.39965262" lon="-5.82600553"><ele>168.57</ele><time>2024-08-27T11:54:55Z</time></trkpt><trkpt lat="43.39963807" lon="-5.82599544"><ele>168.54</ele><time>2024-08-27T11:54:56Z</time></trkpt><trkpt lat="43.39962353" lon="-5.82598535"><ele>168.52</ele><time>2024-08-27T11:54:57Z</time></trkpt><trkpt lat="43.39960899" lon="-5.82597526"><ele>168.50</ele><time>2024-08-27T11:54:58Z</time></trkpt><trkpt lat="43.39959444" lon="-5.82596518"><ele>168.47</ele><time>2024-08-27T11:54:59Z</time></trkpt><trkpt lat="43.39957990" lon="-5.82595509"><ele>168.45</ele><time>2024-08-27T11:55:00Z</time></trkpt><trkpt lat="43.39956536" lon="-5.82594500"><ele>168.43</ele><time>2024-08-27T11:55:01Z</time></trkpt><trkpt lat="43.39955082" lon="-5.82593491"><ele>168.41</ele><time>2024-08-27T11:55:02Z</time></trkpt><trkpt lat="43.39953627" lon="-5.82592482"><ele>168.38</ele><time>2024-08-27T11:55:03Z</time></trkpt><trkpt lat="43.39952173" lon="-5.82591473"><ele>168.36</ele><time>2024-08-27T11:55:04Z</time></trkpt><trkpt lat="43.39950719" lon="-5.82590464"><ele>168.34</ele><time>2024-08-27T11:55:05Z</time></trkpt><trkpt lat="43.39949265" lon="-5.82589455"><ele>168.31</ele><time>2024-08-27T11:55:06Z</time></trkpt><trkpt lat="43.39947810" lon="-5.82588446"><ele>168.29</ele><time>2024-08-27T11:55:07Z</time></trkpt><trkpt lat="43.39946388" lon="-5.82587442"><ele>168.28</ele><time>2024-08-27T11:55:08Z</time></trkpt><trkpt lat="43.39944967" lon="-5.82586437"><ele>168.26</ele><time>2024-08-27T11:55:09Z</time></trkpt><trkpt lat="43.39943545" lon="-5.82585432"><ele>168.25</ele><time>2024-08-27T11:55:10Z</time></trkpt><trkpt lat="43.39942123" lon="-5.82584427"><ele>168.24</ele><time>2024-08-27T11:55:11Z</time></trkpt><trkpt lat="43.39940701" lon="-5.82583422"><ele>168.23</ele><time>2024-08-27T11:55:12Z</time></trkpt><trkpt lat="43.39939279" lon="-5.82582417"><ele>168.21</ele><time>2024-08-27T11:55:13Z</time></trkpt><trkpt lat="43.39937857" lon="-5.82581413"><ele>168.20</ele><time>2024-08-27T11:55:14Z</time></trkpt><trkpt lat="43.39936435" lon="-5.82580408"><ele>168.19</ele><time>2024-08-27T11:55:15Z</time></trkpt><trkpt lat="43.39935013" lon="-5.82579403"><ele>168.17</ele><time>2024-08-27T11:55:16Z</time></trkpt><trkpt lat="43.39933591" lon="-5.82578398"><ele>168.16</ele><time>2024-08-27T11:55:17Z</time></trkpt><trkpt lat="43.39932169" lon="-5.82577393"><ele>168.15</ele><time>2024-08-27T11:55:18Z</time></trkpt><trkpt lat="43.39930748" lon="-5.82576388"><ele>168.14</ele><time>2024-08-27T11:55:19Z</time></trkpt><trkpt lat="43.39929326" lon="-5.82575384"><ele>168.12</ele><time>2024-08-27T11:55:20Z</time></trkpt><trkpt lat="43.39927904" lon="-5.82574379"><ele>168.11</ele><time>2024-08-27T11:55:21Z</time></trkpt><trkpt lat="43.39926482" lon="-5.82573374"><ele>168.10</ele><time>2024-08-27T11:55:22Z</time></trkpt><trkpt lat="43.39925060" lon="-5.82572369"><ele>168.09</ele><time>2024-08-27T11:55:23Z</time></trkpt><trkpt lat="43.39923638" lon="-5.82571364"><ele>168.07</ele><time>2024-08-27T11:55:24Z</time></trkpt><trkpt lat="43.39922216" lon="-5.82570360"><ele>168.06</ele><time>2024-08-27T11:55:25Z</time></trkpt><trkpt lat="43.39920794" lon="-5.82569355"><ele>168.05</ele><time>2024-08-27T11:55:26Z</time></trkpt><trkpt lat="43.39919372" lon="-5.82568350"><ele>168.03</ele><time>2024-08-27T11:55:27Z</time></trkpt><trkpt lat="43.39917950" lon="-5.82567345"><ele>168.02</ele><time>2024-08-27T11:55:28Z</time></trkpt><trkpt lat="43.39916528" lon="-5.82566340"><ele>168.01</ele><time>2024-08-27T11:55:29Z</time></trkpt><trkpt lat="43.39915107" lon="-5.82565335"><ele>168.00</ele><time>2024-08-27T11:55:30Z</time></trkpt><trkpt lat="43.39913685" lon="-5.82564331"><ele>167.98</ele><time>2024-08-27T11:55:31Z</time></trkpt><trkpt lat="43.39912263" lon="-5.82563326"><ele>167.98</ele><time>2024-08-27T11:55:32Z</time></trkpt><trkpt lat="43.39910874" lon="-5.82562340"><ele>167.98</ele><time>2024-08-27T11:55:33Z</time></trkpt><trkpt lat="43.39909484" lon="-5.82561354"><ele>167.99</ele><time>2024-08-27T11:55:34Z</time></trkpt><trkpt lat="43.39908095" lon="-5.82560368"><ele>168.00</ele><time>2024-08-27T11:55:35Z</time></trkpt><trkpt lat="43.39906706" lon="-5.82559382"><ele>168.01</ele><time>2024-08-27T11:55:36Z</time></trkpt><trkpt lat="43.39905317" lon="-5.82558396"><ele>168.02</ele><time>2024-08-27T11:55:37Z</time></trkpt><trkpt lat="43.39903927" lon="-5.82557410"><ele>168.03</ele><time>2024-08-27T11:55:38Z</time></trkpt><trkpt lat="43.39902538" lon="-5.82556424"><ele>168.04</ele><time>2024-08-27T11:55:39Z</time></trkpt><trkpt lat="43.39901149" lon="-5.82555438"><ele>168.05</ele><time>2024-08-27T11:55:40Z</time></trkpt><trkpt lat="43.39899760" lon="-5.82554452"><ele>168.06</ele><time>2024-08-27T11:55:41Z</time></trkpt><trkpt lat="43.39898371" lon="-5.82553466"><ele>168.07</ele><time>2024-08-27T11:55:42Z</time></trkpt><trkpt lat="43.39896981" lon="-5.82552480"><ele>168.08</ele><time>2024-08-27T11:55:43Z</time></trkpt><trkpt lat="43.39895592" lon="-5.82551494"><ele>168.09</ele><time>2024-08-27T11:55:44Z</time></trkpt><trkpt lat="43.39894203" lon="-5.82550508"><ele>168.10</ele><time>2024-08-27T11:55:45Z</time></trkpt><trkpt lat="43.39892814" lon="-5.82549522"><ele>168.12</ele><time>2024-08-27T11:55:46Z</time></trkpt><trkpt lat="43.39891424" lon="-5.82548536"><ele>168.13</ele><time>2024-08-27T11:55:47Z</time></trkpt><trkpt lat="43.39890035" lon="-5.82547550"><ele>168.14</ele><time>2024-08-27T11:55:48Z</time></trkpt><trkpt lat="43.39888646" lon="-5.82546564"><ele>168.15</ele><time>2024-08-27T11:55:49Z</time></trkpt><trkpt lat="43.39887257" lon="-5.82545578"><ele>168.16</ele><time>2024-08-27T11:55:50Z</time></trkpt><trkpt lat="43.39885868" lon="-5.82544593"><ele>168.17</ele><time>2024-08-27T11:55:51Z</time></trkpt><trkpt lat="43.39884478" lon="-5.82543607"><ele>168.18</ele><time>2024-08-27T11:55:52Z</time></trkpt><trkpt lat="43.39883089" lon="-5.82542621"><ele>168.19</ele><time>2024-08-27T11:55:53Z</time></trkpt><trkpt lat="43.39881700" lon="-5.82541635"><ele>168.20</ele><time>2024-08-27T11:55:54Z</time></trkpt><trkpt lat="43.39880311" lon="-5.82540649"><ele>168.21</ele><time>2024-08-27T11:55:55Z</time></trkpt><trkpt lat="43.39878921" lon="-5.82539663"><ele>168.22</ele><time>2024-08-27T11:55:56Z</time></trkpt><trkpt lat="43.39877532" lon="-5.82538677"><ele>168.23</ele><time>2024-08-27T11:55:57Z</time></trkpt><trkpt lat="43.39876143" lon="-5.82537691"><ele>168.24</ele><time>2024-08-27T11:55:58Z</time></trkpt><trkpt lat="43.39874754" lon="-5.82536705"><ele>168.25</ele><time>2024-08-27T11:55:59Z</time></trkpt><trkpt lat="43.39873563" lon="-5.82535910"><ele>168.30</ele><time>2024-08-27T11:56:00Z</time></trkpt><trkpt lat="43.39872372" lon="-5.82535116"><ele>168.34</ele><time>2024-08-27T11:56:01Z</time></trkpt><trkpt lat="43.39871182" lon="-5.82534322"><ele>168.39</ele><time>2024-08-27T11:56:02Z</time></trkpt><trkpt lat="43.39869991" lon="-5.82533527"><ele>168.44</ele><time>2024-08-27T11:56:03Z</time></trkpt><trkpt lat="43.39868800" lon="-5.82532733"><ele>168.48</ele><time>2024-08-27T11:56:04Z</time></trkpt><trkpt lat="43.39867610" lon="-5.82531938"><ele>168.53</ele><time>2024-08-27T11:56:05Z</time></trkpt><trkpt lat="43.39866419" lon="-5.82531144"><ele>168.58</ele><time>2024-08-27T11:56:06Z</time></trkpt><trkpt lat="43.39865228" lon="-5.82530349"><ele>168.62</ele><time>2024-08-27T11:56:07Z</time></trkpt><trkpt lat="43.39864037" lon="-5.82529555"><ele>168.67</ele><time>2024-08-27T11:56:08Z</time></trkpt><trkpt lat="43.39862847" lon="-5.82528761"><ele>168.72</ele><time>2024-08-27T11:56:09Z</time></trkpt><trkpt lat="43.39861656" lon="-5.82527966"><ele>168.76</ele><time>2024-08-27T11:56:10Z</time></trkpt><trkpt lat="43.39860465" lon="-5.82527172"><ele>168.81</ele><time>2024-08-27T11:56:11Z</time></trkpt><trkpt lat="43.39859275" lon="-5.82526377"><ele>168.86</ele><time>2024-08-27T11:56:12Z</time></trkpt><trkpt lat="43.39858084" lon="-5.82525583"><ele>168.90</ele><time>2024-08-27T11:56:13Z</time></trkpt><trkpt lat="43.39856893" lon="-5.82524789"><ele>168.95</ele><time>2024-08-27T11:56:14Z</time></trkpt><trkpt lat="43.39855703" lon="-5.82523994"><ele>169.00</ele><time>2024-08-27T11:56:15Z</time></trkpt><trkpt lat="43.39854512" lon="-5.82523200"><ele>169.04</ele><time>2024-08-27T11:56:16Z</time></trkpt><trkpt lat="43.39853321" lon="-5.82522405"><ele>169.04</ele><time>2024-08-27T11:56:17Z</time></trkpt><trkpt lat="43.39852173" lon="-5.82521701"><ele>169.05</ele><time>2024-08-27T11:56:18Z</time></trkpt><trkpt lat="43.39851025" lon="-5.82520997"><ele>169.09</ele><time>2024-08-27T11:56:19Z</time></trkpt><trkpt lat="43.39849701" lon="-5.82520198"><ele>169.09</ele><time>2024-08-27T11:56:20Z</time></trkpt><trkpt lat="43.39848378" lon="-5.82519399"><ele>169.18</ele><time>2024-08-27T11:56:21Z</time></trkpt><trkpt lat="43.39847055" lon="-5.82518599"><ele>169.27</ele><time>2024-08-27T11:56:22Z</time></trkpt><trkpt lat="43.39845731" lon="-5.82517800"><ele>169.36</ele><time>2024-08-27T11:56:23Z</time></trkpt><trkpt lat="43.39844408" lon="-5.82517001"><ele>169.45</ele><time>2024-08-27T11:56:24Z</time></trkpt><trkpt lat="43.39843085" lon="-5.82516201"><ele>169.54</ele><time>2024-08-27T11:56:25Z</time></trkpt><trkpt lat="43.39841761" lon="-5.82515402"><ele>169.63</ele><time>2024-08-27T11:56:26Z</time></trkpt><trkpt lat="43.39840438" lon="-5.82514603"><ele>169.72</ele><time>2024-08-27T11:56:27Z</time></trkpt><trkpt lat="43.39839115" lon="-5.82513803"><ele>169.81</ele><time>2024-08-27T11:56:28Z</time></trkpt><trkpt lat="43.39837791" lon="-5.82513004"><ele>169.90</ele><time>2024-08-27T11:56:29Z</time></trkpt><trkpt lat="43.39836468" lon="-5.82512205"><ele>169.99</ele><time>2024-08-27T11:56:30Z</time></trkpt><trkpt lat="43.39835145" lon="-5.82511406"><ele>170.08</ele><time>2024-08-27T11:56:31Z</time></trkpt><trkpt lat="43.39833821" lon="-5.82510606"><ele>170.16</ele><time>2024-08-27T11:56:32Z</time></trkpt><trkpt lat="43.39832498" lon="-5.82509807"><ele>170.25</ele><time>2024-08-27T11:56:33Z</time></trkpt><trkpt lat="43.39831175" lon="-5.82509008"><ele>170.34</ele><time>2024-08-27T11:56:34Z</time></trkpt><trkpt lat="43.39829851" lon="-5.82508208"><ele>170.43</ele><time>2024-08-27T11:56:35Z</time></trkpt><trkpt lat="43.39828528" lon="-5.82507409"><ele>170.52</ele><time>2024-08-27T11:56:36Z</time></trkpt><trkpt lat="43.39827205" lon="-5.82506610"><ele>170.61</ele><time>2024-08-27T11:56:37Z</time></trkpt><trkpt lat="43.39825881" lon="-5.82505810"><ele>170.70</ele><time>2024-08-27T11:56:38Z</time></trkpt><trkpt lat="43.39824558" lon="-5.82505011"><ele>170.79</ele><time>2024-08-27T11:56:39Z</time></trkpt><trkpt lat="43.39823235" lon="-5.82504212"><ele>170.88</ele><time>2024-08-27T11:56:40Z</time></trkpt><trkpt lat="43.39821911" lon="-5.82503413"><ele>170.97</ele><time>2024-08-27T11:56:41Z</time></trkpt><trkpt lat="43.39820588" lon="-5.82502613"><ele>171.06</ele><time>2024-08-27T11:56:42Z</time></trkpt><trkpt lat="43.39819265" lon="-5.82501814"><ele>171.15</ele><time>2024-08-27T11:56:43Z</time></trkpt><trkpt lat="43.39817941" lon="-5.82501364"><ele>171.24</ele><time>2024-08-27T11:56:44Z</time></trkpt><trkpt lat="43.39816500" lon="-5.82501364"><ele>171.30</ele><time>2024-08-27T11:56:45Z</time></trkpt><trkpt lat="43.39815059" lon="-5.82501364"><ele>171.36</ele><time>2024-08-27T11:56:46Z</time></trkpt><trkpt lat="43.39813617" lon="-5.82501538"><ele>171.43</ele><time>2024-08-27T11:56:47Z</time></trkpt><trkpt lat="43.39812176" lon="-5.82501713"><ele>171.49</ele><time>2024-08-27T11:56:48Z</time></trkpt><trkpt lat="43.39810735" lon="-5.82501887"><ele>171.55</ele><time>2024-08-27T11:56:49Z</time></trkpt><trkpt lat="43.39809293" lon="-5.82502062"><ele>171.61</ele><time>2024-08-27T11:56:50Z</time></trkpt><trkpt lat="43.39807852" lon="-5.82502236"><ele>171.67</ele><time>2024-08-27T11:56:51Z</time></trkpt><trkpt lat="43.39806411" lon="-5.82502411"><ele>171.73</ele><time>2024-08-27T11:56:52Z</time></trkpt><trkpt lat="43.39804969" lon="-5.82502585"><ele>171.80</ele><time>2024-08-27T11:56:53Z</time></trkpt><trkpt lat="43.39803528" lon="-5.82502760"><ele>171.86</ele><time>2024-08-27T11:56:54Z</time></trkpt><trkpt lat="43.39802087" lon="-5.82502934"><ele>171.92</ele><time>2024-08-27T11:56:55Z</time></trkpt><trkpt lat="43.39800646" lon="-5.82503109"><ele>171.98</ele><time>2024-08-27T11:56:56Z</time></trkpt><trkpt lat="43.39799204" lon="-5.82503283"><ele>172.04</ele><time>2024-08-27T11:56:57Z</time></trkpt><trkpt lat="43.39797763" lon="-5.82503458"><ele>172.11</ele><time>2024-08-27T11:56:58Z</time></trkpt><trkpt lat="43.39796322" lon="-5.82503632"><ele>172.17</ele><time>2024-08-27T11:56:59Z</time></trkpt><trkpt lat="43.39794880" lon="-5.82503807"><ele>172.23</ele><time>2024-08-27T11:57:00Z</time></trkpt><trkpt lat="43.39793439" lon="-5.82503981"><ele>172.29</ele><time>2024-08-27T11:57:01Z</time></trkpt><trkpt lat="43.39791998" lon="-5.82504156"><ele>172.35</ele><time>2024-08-27T11:57:02Z</time></trkpt><trkpt lat="43.39790556" lon="-5.82504330"><ele>172.41</ele><time>2024-08-27T11:57:03Z</time></trkpt><trkpt lat="43.39789115" lon="-5.82504505"><ele>172.48</ele><time>2024-08-27T11:57:04Z</time></trkpt><trkpt lat="43.39787674" lon="-5.82504679"><ele>172.54</ele><time>2024-08-27T11:57:05Z</time></trkpt><trkpt lat="43.39786232" lon="-5.82504854"><ele>172.60</ele><time>2024-08-27T11:57:06Z</time></trkpt><trkpt lat="43.39784870" lon="-5.82505586"><ele>172.66</ele><time>2024-08-27T11:57:07Z</time></trkpt><trkpt lat="43.39783508" lon="-5.82506317"><ele>172.72</ele><time>2024-08-27T11:57:08Z</time></trkpt><trkpt lat="43.39782146" lon="-5.82507049"><ele>172.78</ele><time>2024-08-27T11:57:09Z</time></trkpt><trkpt lat="43.39780784" lon="-5.82507781"><ele>172.84</ele><time>2024-08-27T11:57:10Z</time></trkpt><trkpt lat="43.39779422" lon="-5.82508513"><ele>172.90</ele><time>2024-08-27T11:57:11Z</time></trkpt><trkpt lat="43.39778060" lon="-5.82509245"><ele>172.96</ele><time>2024-08-27T11:57:12Z</time></trkpt><trkpt lat="43.39776698" lon="-5.82509977"><ele>173.02</ele><time>2024-08-27T11:57:13Z</time></trkpt><trkpt lat="43.39775336" lon="-5.82510709"><ele>173.08</ele><time>2024-08-27T11:57:14Z</time></trkpt><trkpt lat="43.39773974" lon="-5.82511441"><ele>173.14</ele><time>2024-08-27T11:57:15Z</time></trkpt><trkpt lat="43.39772612" lon="-5.82512173"><ele>173.20</ele><time>2024-08-27T11:57:16Z</time></trkpt><trkpt lat="43.39771250" lon="-5.82512905"><ele>173.26</ele><time>2024-08-27T11:57:17Z</time></trkpt><trkpt lat="43.39769888" lon="-5.82513637"><ele>173.32</ele><time>2024-08-27T11:57:18Z</time></trkpt><trkpt lat="43.39768526" lon="-5.82514369"><ele>173.38</ele><time>2024-08-27T11:57:19Z</time></trkpt><trkpt lat="43.39767164" lon="-5.82515100"><ele>173.44</ele><time>2024-08-27T11:57:20Z</time></trkpt><trkpt lat="43.39765802" lon="-5.82515832"><ele>173.50</ele><time>2024-08-27T11:57:21Z</time></trkpt><trkpt lat="43.39764440" lon="-5.82516564"><ele>173.56</ele><time>2024-08-27T11:57:22Z</time></trkpt><trkpt lat="43.39763077" lon="-5.82517296"><ele>173.62</ele><time>2024-08-27T11:57:23Z</time></trkpt><trkpt lat="43.39761715" lon="-5.82518028"><ele>173.68</ele><time>2024-08-27T11:57:24Z</time></trkpt><trkpt lat="43.39760353" lon="-5.82518760"><ele>173.74</ele><time>2024-08-27T11:57:25Z</time></trkpt><trkpt lat="43.39758991" lon="-5.82519492"><ele>173.80</ele><time>2024-08-27T11:57:26Z</time></trkpt><trkpt lat="43.39757629" lon="-5.82520224"><ele>173.86</ele><time>2024-08-27T11:57:27Z</time></trkpt><trkpt lat="43.39756267" lon="-5.82520956"><ele>173.92</ele><time>2024-08-27T11:57:28Z</time></trkpt><trkpt lat="43.39754905" lon="-5.82521688"><ele>173.98</ele><time>2024-08-27T11:57:29Z</time></trkpt><trkpt lat="43.39753543" lon="-5.82522420"><ele>174.04</ele><time>2024-08-27T11:57:30Z</time></trkpt><trkpt lat="43.39752181" lon="-5.82523152"><ele>174.10</ele><time>2024-08-27T11:57:31Z</time></trkpt><trkpt lat="43.39750819" lon="-5.82523884"><ele>174.16</ele><time>2024-08-27T11:57:32Z</time></trkpt><trkpt lat="43.39749457" lon="-5.82524615"><ele>174.22</ele><time>2024-08-27T11:57:33Z</time></trkpt><trkpt lat="43.39748095" lon="-5.82525347"><ele>174.28</ele><time>2024-08-27T11:57:34Z</time></trkpt><trkpt lat="43.39746898" lon="-5.82526000"><ele>174.32</ele><time>2024-08-27T11:57:35Z</time></trkpt><trkpt lat="43.39745702" lon="-5.82526653"><ele>174.37</ele><time>2024-08-27T11:57:36Z</time></trkpt><trkpt lat="43.39744505" lon="-5.82527305"><ele>174.41</ele><time>2024-08-27T11:57:37Z</time></trkpt><trkpt lat="43.39743308" lon="-5.82527958"><ele>174.45</ele><time>2024-08-27T11:57:38Z</time></trkpt><trkpt lat="43.39742112" lon="-5.82528610"><ele>174.49</ele><time>2024-08-27T11:57:39Z</time></trkpt><trkpt lat="43.39740915" lon="-5.82529263"><ele>174.54</ele><time>2024-08-27T11:57:40Z</time></trkpt><trkpt lat="43.39739718" lon="-5.82529915"><ele>174.58</ele><time>2024-08-27T11:57:41Z</time></trkpt><trkpt lat="43.39738522" lon="-5.82530568"><ele>174.62</ele><time>2024-08-27T11:57:42Z</time></trkpt><trkpt lat="43.39737325" lon="-5.82531221"><ele>174.67</ele><time>2024-08-27T11:57:43Z</time></trkpt><trkpt lat="43.39736129" lon="-5.82531873"><ele>174.71</ele><time>2024-08-27T11:57:44Z</time></trkpt><trkpt lat="43.39734932" lon="-5.82532526"><ele>174.75</ele><time>2024-08-27T11:57:45Z</time></trkpt><trkpt lat="43.39733735" lon="-5.82533178"><ele>174.79</ele><time>2024-08-27T11:57:46Z</time></trkpt><trkpt lat="43.39732539" lon="-5.82533831"><ele>174.84</ele><time>2024-08-27T11:57:47Z</time></trkpt><trkpt lat="43.39731342" lon="-5.82534484"><ele>174.88</ele><time>2024-08-27T11:57:48Z</time></trkpt><trkpt lat="43.39730146" lon="-5.82535136"><ele>174.92</ele><time>2024-08-27T11:57:49Z</time></trkpt><trkpt lat="43.39728949" lon="-5.82535789"><ele>174.97</ele><time>2024-08-27T11:57:50Z</time></trkpt><trkpt lat="43.39727752" lon="-5.82536441"><ele>175.01</ele><time>2024-08-27T11:57:51Z</time></trkpt><trkpt lat="43.39726556" lon="-5.82537094"><ele>175.05</ele><time>2024-08-27T11:57:52Z</time></trkpt><trkpt lat="43.39725359" lon="-5.82537747"><ele>175.09</ele><time>2024-08-27T11:57:53Z</time></trkpt><trkpt lat="43.39724162" lon="-5.82538399"><ele>175.14</ele><time>2024-08-27T11:57:54Z</time></trkpt><trkpt lat="43.39722966" lon="-5.82539052"><ele>175.17</ele><time>2024-08-27T11:57:55Z</time></trkpt><trkpt lat="43.39722905" lon="-5.82539098"><ele>175.17</ele><time>2024-08-27T11:57:56Z</time></trkpt><trkpt lat="43.39722844" lon="-5.82539143"><ele>175.17</ele><time>2024-08-27T11:57:57Z</time></trkpt><trkpt lat="43.39722783" lon="-5.82539189"><ele>175.16</ele><time>2024-08-27T11:57:58Z</time></trkpt><trkpt lat="43.39722722" lon="-5.82539235"><ele>175.15</ele><time>2024-08-27T11:57:59Z</time></trkpt><trkpt lat="43.39722661" lon="-5.82539281"><ele>175.14</ele><time>2024-08-27T11:58:00Z</time></trkpt><trkpt lat="43.39722600" lon="-5.82539327"><ele>175.14</ele><time>2024-08-27T11:58:01Z</time></trkpt><trkpt lat="43.39722539" lon="-5.82539373"><ele>175.13</ele><time>2024-08-27T11:58:02Z</time></trkpt><trkpt lat="43.39722479" lon="-5.82539418"><ele>175.12</ele><time>2024-08-27T11:58:03Z</time></trkpt><trkpt lat="43.39722418" lon="-5.82539464"><ele>175.11</ele><time>2024-08-27T11:58:04Z</time></trkpt><trkpt lat="43.39722357" lon="-5.82539510"><ele>175.11</ele><time>2024-08-27T11:58:05Z</time></trkpt><trkpt lat="43.39722296" lon="-5.82539556"><ele>175.10</ele><time>2024-08-27T11:58:06Z</time></trkpt><trkpt lat="43.39722235" lon="-5.82539602"><ele>175.09</ele><time>2024-08-27T11:58:07Z</time></trkpt><trkpt lat="43.39722174" lon="-5.82539647"><ele>175.08</ele><time>2024-08-27T11:58:08Z</time></trkpt><trkpt lat="43.39722113" lon="-5.82539693"><ele>175.08</ele><time>2024-08-27T11:58:09Z</time></trkpt><trkpt lat="43.39722052" lon="-5.82539739"><ele>175.08</ele><time>2024-08-27T11:58:10Z</time></trkpt><trkpt lat="43.39720608" lon="-5.82539961"><ele>175.11</ele><time>2024-08-27T11:58:11Z</time></trkpt><trkpt lat="43.39719163" lon="-5.82540183"><ele>175.15</ele><time>2024-08-27T11:58:12Z</time></trkpt><trkpt lat="43.39717719" lon="-5.82540405"><ele>175.19</ele><time>2024-08-27T11:58:13Z</time></trkpt><trkpt lat="43.39716274" lon="-5.82540628"><ele>175.23</ele><time>2024-08-27T11:58:14Z</time></trkpt><trkpt lat="43.39714830" lon="-5.82540850"><ele>175.28</ele><time>2024-08-27T11:58:15Z</time></trkpt><trkpt lat="43.39713385" lon="-5.82541072"><ele>175.32</ele><time>2024-08-27T11:58:16Z</time></trkpt><trkpt lat="43.39711941" lon="-5.82541294"><ele>175.36</ele><time>2024-08-27T11:58:17Z</time></trkpt><trkpt lat="43.39710496" lon="-5.82541516"><ele>175.40</ele><time>2024-08-27T11:58:18Z</time></trkpt><trkpt lat="43.39709052" lon="-5.82541738"><ele>175.44</ele><time>2024-08-27T11:58:19Z</time></trkpt><trkpt lat="43.39707607" lon="-5.82541960"><ele>175.48</ele><time>2024-08-27T11:58:20Z</time></trkpt><trkpt lat="43.39706163" lon="-5.82542182"><ele>175.52</ele><time>2024-08-27T11:58:21Z</time></trkpt><trkpt lat="43.39704718" lon="-5.82542405"><ele>175.56</ele><time>2024-08-27T11:58:22Z</time></trkpt><trkpt lat="43.39703274" lon="-5.82542627"><ele>175.61</ele><time>2024-08-27T11:58:23Z</time></trkpt><trkpt lat="43.39701829" lon="-5.82542849"><ele>175.65</ele><time>2024-08-27T11:58:24Z</time></trkpt><trkpt lat="43.39700385" lon="-5.82543071"><ele>175.69</ele><time>2024-08-27T11:58:25Z</time></trkpt><trkpt lat="43.39698941" lon="-5.82543293"><ele>175.73</ele><time>2024-08-27T11:58:26Z</time></trkpt><trkpt lat="43.39697496" lon="-5.82543515"><ele>175.77</ele><time>2024-08-27T11:58:27Z</time></trkpt><trkpt lat="43.39696052" lon="-5.82543737"><ele>175.81</ele><time>2024-08-27T11:58:28Z</time></trkpt><trkpt lat="43.39694607" lon="-5.82543959"><ele>175.85</ele><time>2024-08-27T11:58:29Z</time></trkpt><trkpt lat="43.39693163" lon="-5.82544181"><ele>175.90</ele><time>2024-08-27T11:58:30Z</time></trkpt><trkpt lat="43.39691718" lon="-5.82544404"><ele>175.94</ele><time>2024-08-27T11:58:31Z</time></trkpt><trkpt lat="43.39690274" lon="-5.82544626"><ele>175.98</ele><time>2024-08-27T11:58:32Z</time></trkpt><trkpt lat="43.39688829" lon="-5.82544848"><ele>176.02</ele><time>2024-08-27T11:58:33Z</time></trkpt><trkpt lat="43.39687385" lon="-5.82545070"><ele>176.06</ele><time>2024-08-27T11:58:34Z</time></trkpt><trkpt lat="43.39685941" lon="-5.82545122"><ele>176.15</ele><time>2024-08-27T11:58:35Z</time></trkpt><trkpt lat="43.39684497" lon="-5.82545175"><ele>176.24</ele><time>2024-08-27T11:58:36Z</time></trkpt><trkpt lat="43.39683054" lon="-5.82545227"><ele>176.34</ele><time>2024-08-27T11:58:37Z</time></trkpt><trkpt lat="43.39681610" lon="-5.82545279"><ele>176.43</ele><time>2024-08-27T11:58:38Z</time></trkpt><trkpt lat="43.39680166" lon="-5.82545332"><ele>176.52</ele><time>2024-08-27T11:58:39Z</time></trkpt><trkpt lat="43.39678722" lon="-5.82545384"><ele>176.61</ele><time>2024-08-27T11:58:40Z</time></trkpt><trkpt lat="43.39677279" lon="-5.82545436"><ele>176.70</ele><time>2024-08-27T11:58:41Z</time></trkpt><trkpt lat="43.39675835" lon="-5.82545488"><ele>176.79</ele><time>2024-08-27T11:58:42Z</time></trkpt><trkpt lat="43.39674391" lon="-5.82545541"><ele>176.89</ele><time>2024-08-27T11:58:43Z</time></trkpt><trkpt lat="43.39672948" lon="-5.82545593"><ele>176.98</ele><time>2024-08-27T11:58:44Z</time></trkpt><trkpt lat="43.39671504" lon="-5.82545645"><ele>177.07</ele><time>2024-08-27T11:58:45Z</time></trkpt><trkpt lat="43.39670060" lon="-5.82545698"><ele>177.16</ele><time>2024-08-27T11:58:46Z</time></trkpt><trkpt lat="43.39668616" lon="-5.82545750"><ele>177.25</ele><time>2024-08-27T11:58:47Z</time></trkpt><trkpt lat="43.39667173" lon="-5.82545802"><ele>177.34</ele><time>2024-08-27T11:58:48Z</time></trkpt><trkpt lat="43.39665729" lon="-5.82545855"><ele>177.44</ele><time>2024-08-27T11:58:49Z</time></trkpt><trkpt lat="43.39664285" lon="-5.82545907"><ele>177.53</ele><time>2024-08-27T11:58:50Z</time></trkpt><trkpt lat="43.39662842" lon="-5.82545959"><ele>177.62</ele><time>2024-08-27T11:58:51Z</time></trkpt><trkpt lat="43.39661398" lon="-5.82546012"><ele>177.71</ele><time>2024-08-27T11:58:52Z</time></trkpt><trkpt lat="43.39659954" lon="-5.82546064"><ele>177.80</ele><time>2024-08-27T11:58:53Z</time></trkpt><trkpt lat="43.39658510" lon="-5.82546116"><ele>177.89</ele><time>2024-08-27T11:58:54Z</time></trkpt><trkpt lat="43.39657067" lon="-5.82546169"><ele>177.99</ele><time>2024-08-27T11:58:55Z</time></trkpt><trkpt lat="43.39655623" lon="-5.82546221"><ele>178.08</ele><time>2024-08-27T11:58:56Z</time></trkpt><trkpt lat="43.39654179" lon="-5.82546273"><ele>178.17</ele><time>2024-08-27T11:58:57Z</time></trkpt><trkpt lat="43.39652736" lon="-5.82546326"><ele>178.26</ele><time>2024-08-27T11:58:58Z</time></trkpt><trkpt lat="43.39651292" lon="-5.82546378"><ele>178.35</ele><time>2024-08-27T11:58:59Z</time></trkpt><trkpt lat="43.39649848" lon="-5.82546430"><ele>178.44</ele><time>2024-08-27T11:59:00Z</time></trkpt><trkpt lat="43.39648404" lon="-5.82546482"><ele>178.54</ele><time>2024-08-27T11:59:01Z</time></trkpt><trkpt lat="43.39646961" lon="-5.82546535"><ele>178.63</ele><time>2024-08-27T11:59:02Z</time></trkpt><trkpt lat="43.39645517" lon="-5.82546587"><ele>178.72</ele><time>2024-08-27T11:59:03Z</time></trkpt><trkpt lat="43.39644125" lon="-5.82546600"><ele>178.80</ele><time>2024-08-27T11:59:04Z</time></trkpt><trkpt lat="43.39642732" lon="-5.82546613"><ele>178.88</ele><time>2024-08-27T11:59:05Z</time></trkpt><trkpt lat="43.39641340" lon="-5.82546626"><ele>178.96</ele><time>2024-08-27T11:59:06Z</time></trkpt><trkpt lat="43.39639947" lon="-5.82546639"><ele>179.03</ele><time>2024-08-27T11:59:07Z</time></trkpt><trkpt lat="43.39638555" lon="-5.82546652"><ele>179.11</ele><time>2024-08-27T11:59:08Z</time></trkpt><trkpt lat="43.39637162" lon="-5.82546665"><ele>179.19</ele><time>2024-08-27T11:59:09Z</time></trkpt><trkpt lat="43.39635770" lon="-5.82546678"><ele>179.27</ele><time>2024-08-27T11:59:10Z</time></trkpt><trkpt lat="43.39634378" lon="-5.82546690"><ele>179.35</ele><time>2024-08-27T11:59:11Z</time></trkpt><trkpt lat="43.39632985" lon="-5.82546703"><ele>179.43</ele><time>2024-08-27T11:59:12Z</time></trkpt><trkpt lat="43.39631593" lon="-5.82546716"><ele>179.51</ele><time>2024-08-27T11:59:13Z</time></trkpt><trkpt lat="43.39630200" lon="-5.82546729"><ele>179.59</ele><time>2024-08-27T11:59:14Z</time></trkpt><trkpt lat="43.39628808" lon="-5.82546742"><ele>179.67</ele><time>2024-08-27T11:59:15Z</time></trkpt><trkpt lat="43.39627415" lon="-5.82546755"><ele>179.74</ele><time>2024-08-27T11:59:16Z</time></trkpt><trkpt lat="43.39626023" lon="-5.82546768"><ele>179.82</ele><time>2024-08-27T11:59:17Z</time></trkpt><trkpt lat="43.39624630" lon="-5.82546781"><ele>179.90</ele><time>2024-08-27T11:59:18Z</time></trkpt><trkpt lat="43.39623238" lon="-5.82546794"><ele>179.98</ele><time>2024-08-27T11:59:19Z</time></trkpt><trkpt lat="43.39621846" lon="-5.82546807"><ele>180.06</ele><time>2024-08-27T11:59:20Z</time></trkpt><trkpt lat="43.39620453" lon="-5.82546820"><ele>180.14</ele><time>2024-08-27T11:59:21Z</time></trkpt><trkpt lat="43.39619061" lon="-5.82546833"><ele>180.22</ele><time>2024-08-27T11:59:22Z</time></trkpt><trkpt lat="43.39617668" lon="-5.82546846"><ele>180.30</ele><time>2024-08-27T11:59:23Z</time></trkpt><trkpt lat="43.39616276" lon="-5.82546858"><ele>180.37</ele><time>2024-08-27T11:59:24Z</time></trkpt><trkpt lat="43.39614883" lon="-5.82546871"><ele>180.45</ele><time>2024-08-27T11:59:25Z</time></trkpt><trkpt lat="43.39613491" lon="-5.82546884"><ele>180.53</ele><time>2024-08-27T11:59:26Z</time></trkpt><trkpt lat="43.39612098" lon="-5.82546897"><ele>180.61</ele><time>2024-08-27T11:59:27Z</time></trkpt><trkpt lat="43.39610637" lon="-5.82546940"><ele>180.70</ele><time>2024-08-27T11:59:28Z</time></trkpt><trkpt lat="43.39609175" lon="-5.82546982"><ele>180.79</ele><time>2024-08-27T11:59:29Z</time></trkpt><trkpt lat="43.39607713" lon="-5.82547024"><ele>180.88</ele><time>2024-08-27T11:59:30Z</time></trkpt><trkpt lat="43.39606251" lon="-5.82547067"><ele>180.97</ele><time>2024-08-27T11:59:31Z</time></trkpt><trkpt lat="43.39604789" lon="-5.82547109"><ele>181.06</ele><time>2024-08-27T11:59:32Z</time></trkpt><trkpt lat="43.39603327" lon="-5.82547152"><ele>181.15</ele><time>2024-08-27T11:59:33Z</time></trkpt><trkpt lat="43.39601865" lon="-5.82547194"><ele>181.24</ele><time>2024-08-27T11:59:34Z</time></trkpt><trkpt lat="43.39600403" lon="-5.82547236"><ele>181.33</ele><time>2024-08-27T11:59:35Z</time></trkpt><trkpt lat="43.39598941" lon="-5.82547279"><ele>181.41</ele><time>2024-08-27T11:59:36Z</time></trkpt><trkpt lat="43.39597479" lon="-5.82547321"><ele>181.50</ele><time>2024-08-27T11:59:37Z</time></trkpt><trkpt lat="43.39596017" lon="-5.82547364"><ele>181.59</ele><time>2024-08-27T11:59:38Z</time></trkpt><trkpt lat="43.39594556" lon="-5.82547406"><ele>181.68</ele><time>2024-08-27T11:59:39Z</time></trkpt><trkpt lat="43.39593094" lon="-5.82547448"><ele>181.77</ele><time>2024-08-27T11:59:40Z</time></trkpt><trkpt lat="43.39591632" lon="-5.82547491"><ele>181.86</ele><time>2024-08-27T11:59:41Z</time></trkpt><trkpt lat="43.39590170" lon="-5.82547533"><ele>181.95</ele><time>2024-08-27T11:59:42Z</time></trkpt><trkpt lat="43.39588708" lon="-5.82547576"><ele>182.04</ele><time>2024-08-27T11:59:43Z</time></trkpt><trkpt lat="43.39587246" lon="-5.82547576"><ele>182.13</ele><time>2024-08-27T11:59:44Z</time></trkpt><trkpt lat="43.39585677" lon="-5.82547576"><ele>182.17</ele><time>2024-08-27T11:59:45Z</time></trkpt><trkpt lat="43.39584107" lon="-5.82547552"><ele>182.21</ele><time>2024-08-27T11:59:46Z</time></trkpt><trkpt lat="43.39582538" lon="-5.82547519"><ele>182.25</ele><time>2024-08-27T11:59:47Z</time></trkpt><trkpt lat="43.39580968" lon="-5.82547486"><ele>182.30</ele><time>2024-08-27T11:59:48Z</time></trkpt><trkpt lat="43.39579399" lon="-5.82547453"><ele>182.34</ele><time>2024-08-27T11:59:49Z</time></trkpt><trkpt lat="43.39577829" lon="-5.82547421"><ele>182.38</ele><time>2024-08-27T11:59:50Z</time></trkpt><trkpt lat="43.39576259" lon="-5.82547388"><ele>182.42</ele><time>2024-08-27T11:59:51Z</time></trkpt><trkpt lat="43.39574690" lon="-5.82547355"><ele>182.46</ele><time>2024-08-27T11:59:52Z</time></trkpt><trkpt lat="43.39573120" lon="-5.82547322"><ele>182.50</ele><time>2024-08-27T11:59:53Z</time></trkpt><trkpt lat="43.39571551" lon="-5.82547289"><ele>182.54</ele><time>2024-08-27T11:59:54Z</time></trkpt><trkpt lat="43.39569981" lon="-5.82547256"><ele>182.59</ele><time>2024-08-27T11:59:55Z</time></trkpt><trkpt lat="43.39568412" lon="-5.82547223"><ele>182.63</ele><time>2024-08-27T11:59:56Z</time></trkpt><trkpt lat="43.39566842" lon="-5.82547190"><ele>182.67</ele><time>2024-08-27T11:59:57Z</time></trkpt><trkpt lat="43.39565273" lon="-5.82547157"><ele>182.71</ele><time>2024-08-27T11:59:58Z</time></trkpt><trkpt lat="43.39563703" lon="-5.82547124"><ele>182.75</ele><time>2024-08-27T11:59:59Z</time></trkpt><trkpt lat="43.39562134" lon="-5.82547091"><ele>182.79</ele><time>2024-08-27T12:00:00Z</time></trkpt><trkpt lat="43.39560564" lon="-5.82547058"><ele>182.83</ele><time>2024-08-27T12:00:01Z</time></trkpt><trkpt lat="43.39558995" lon="-5.82547025"><ele>182.88</ele><time>2024-08-27T12:00:02Z</time></trkpt><trkpt lat="43.39557425" lon="-5.82546992"><ele>182.92</ele><time>2024-08-27T12:00:03Z</time></trkpt><trkpt lat="43.39555856" lon="-5.82546960"><ele>182.96</ele><time>2024-08-27T12:00:04Z</time></trkpt><trkpt lat="43.39554286" lon="-5.82546927"><ele>183.00</ele><time>2024-08-27T12:00:05Z</time></trkpt><trkpt lat="43.39552717" lon="-5.82546894"><ele>183.04</ele><time>2024-08-27T12:00:06Z</time></trkpt><trkpt lat="43.39551147" lon="-5.82546861"><ele>183.08</ele><time>2024-08-27T12:00:07Z</time></trkpt><trkpt lat="43.39549578" lon="-5.82546828"><ele>183.12</ele><time>2024-08-27T12:00:08Z</time></trkpt><trkpt lat="43.39548008" lon="-5.82546795"><ele>183.17</ele><time>2024-08-27T12:00:09Z</time></trkpt><trkpt lat="43.39546439" lon="-5.82546762"><ele>183.21</ele><time>2024-08-27T12:00:10Z</time></trkpt><trkpt lat="43.39544869" lon="-5.82546729"><ele>183.25</ele><time>2024-08-27T12:00:11Z</time></trkpt><trkpt lat="43.39543300" lon="-5.82546696"><ele>183.26</ele><time>2024-08-27T12:00:12Z</time></trkpt><trkpt lat="43.39541774" lon="-5.82546527"><ele>183.26</ele><time>2024-08-27T12:00:13Z</time></trkpt><trkpt lat="43.39540248" lon="-5.82546359"><ele>183.26</ele><time>2024-08-27T12:00:14Z</time></trkpt><trkpt lat="43.39538722" lon="-5.82546190"><ele>183.25</ele><time>2024-08-27T12:00:15Z</time></trkpt><trkpt lat="43.39537196" lon="-5.82546021"><ele>183.24</ele><time>2024-08-27T12:00:16Z</time></trkpt><trkpt lat="43.39535670" lon="-5.82545853"><ele>183.22</ele><time>2024-08-27T12:00:17Z</time></trkpt><trkpt lat="43.39534145" lon="-5.82545684"><ele>183.21</ele><time>2024-08-27T12:00:18Z</time></trkpt><trkpt lat="43.39532619" lon="-5.82545515"><ele>183.20</ele><time>2024-08-27T12:00:19Z</time></trkpt><trkpt lat="43.39531093" lon="-5.82545347"><ele>183.18</ele><time>2024-08-27T12:00:20Z</time></trkpt><trkpt lat="43.39529567" lon="-5.82545178"><ele>183.17</ele><time>2024-08-27T12:00:21Z</time></trkpt><trkpt lat="43.39528041" lon="-5.82545009"><ele>183.16</ele><time>2024-08-27T12:00:22Z</time></trkpt><trkpt lat="43.39526515" lon="-5.82544841"><ele>183.14</ele><time>2024-08-27T12:00:23Z</time></trkpt><trkpt lat="43.39524989" lon="-5.82544672"><ele>183.13</ele><time>2024-08-27T12:00:24Z</time></trkpt><trkpt lat="43.39523464" lon="-5.82544503"><ele>183.12</ele><time>2024-08-27T12:00:25Z</time></trkpt><trkpt lat="43.39521938" lon="-5.82544334"><ele>183.10</ele><time>2024-08-27T12:00:26Z</time></trkpt><trkpt lat="43.39520412" lon="-5.82544166"><ele>183.09</ele><time>2024-08-27T12:00:27Z</time></trkpt><trkpt lat="43.39518886" lon="-5.82543997"><ele>183.08</ele><time>2024-08-27T12:00:28Z</time></trkpt><trkpt lat="43.39517360" lon="-5.82543828"><ele>183.06</ele><time>2024-08-27T12:00:29Z</time></trkpt><trkpt lat="43.39515834" lon="-5.82543660"><ele>183.05</ele><time>2024-08-27T12:00:30Z</time></trkpt><trkpt lat="43.39514308" lon="-5.82543491"><ele>183.04</ele><time>2024-08-27T12:00:31Z</time></trkpt><trkpt lat="43.39512783" lon="-5.82543322"><ele>183.02</ele><time>2024-08-27T12:00:32Z</time></trkpt><trkpt lat="43.39511257" lon="-5.82543154"><ele>183.01</ele><time>2024-08-27T12:00:33Z</time></trkpt><trkpt lat="43.39509731" lon="-5.82542985"><ele>183.00</ele><time>2024-08-27T12:00:34Z</time></trkpt><trkpt lat="43.39508205" lon="-5.82542816"><ele>183.00</ele><time>2024-08-27T12:00:35Z</time></trkpt><trkpt lat="43.39506679" lon="-5.82542648"><ele>183.00</ele><time>2024-08-27T12:00:36Z</time></trkpt><trkpt lat="43.39505168" lon="-5.82542518"><ele>183.01</ele><time>2024-08-27T12:00:37Z</time></trkpt><trkpt lat="43.39503657" lon="-5.82542387"><ele>183.04</ele><time>2024-08-27T12:00:38Z</time></trkpt><trkpt lat="43.39502145" lon="-5.82542257"><ele>183.08</ele><time>2024-08-27T12:00:39Z</time></trkpt><trkpt lat="43.39500634" lon="-5.82542127"><ele>183.11</ele><time>2024-08-27T12:00:40Z</time></trkpt><trkpt lat="43.39499122" lon="-5.82541997"><ele>183.15</ele><time>2024-08-27T12:00:41Z</time></trkpt><trkpt lat="43.39497611" lon="-5.82541867"><ele>183.18</ele><time>2024-08-27T12:00:42Z</time></trkpt><trkpt lat="43.39496100" lon="-5.82541737"><ele>183.22</ele><time>2024-08-27T12:00:43Z</time></trkpt><trkpt lat="43.39494588" lon="-5.82541607"><ele>183.25</ele><time>2024-08-27T12:00:44Z</time></trkpt><trkpt lat="43.39493077" lon="-5.82541477"><ele>183.29</ele><time>2024-08-27T12:00:45Z</time></trkpt><trkpt lat="43.39491566" lon="-5.82541347"><ele>183.33</ele><time>2024-08-27T12:00:46Z</time></trkpt><trkpt lat="43.39490054" lon="-5.82541217"><ele>183.36</ele><time>2024-08-27T12:00:47Z</time></trkpt><trkpt lat="43.39488543" lon="-5.82541087"><ele>183.40</ele><time>2024-08-27T12:00:48Z</time></trkpt><trkpt lat="43.39487032" lon="-5.82540957"><ele>183.43</ele><time>2024-08-27T12:00:49Z</time></trkpt><trkpt lat="43.39485520" lon="-5.82540827"><ele>183.47</ele><time>2024-08-27T12:00:50Z</time></trkpt><trkpt lat="43.39484009" lon="-5.82540697"><ele>183.50</ele><time>2024-08-27T12:00:51Z</time></trkpt><trkpt lat="43.39482498" lon="-5.82540567"><ele>183.54</ele><time>2024-08-27T12:00:52Z</time></trkpt><trkpt lat="43.39480986" lon="-5.82540437"><ele>183.57</ele><time>2024-08-27T12:00:53Z</time></trkpt><trkpt lat="43.39479475" lon="-5.82540306"><ele>183.61</ele><time>2024-08-27T12:00:54Z</time></trkpt><trkpt lat="43.39477964" lon="-5.82540176"><ele>183.64</ele><time>2024-08-27T12:00:55Z</time></trkpt><trkpt lat="43.39476452" lon="-5.82540046"><ele>183.68</ele><time>2024-08-27T12:00:56Z</time></trkpt><trkpt lat="43.39474941" lon="-5.82539916"><ele>183.72</ele><time>2024-08-27T12:00:57Z</time></trkpt><trkpt lat="43.39473430" lon="-5.82539786"><ele>183.75</ele><time>2024-08-27T12:00:58Z</time></trkpt><trkpt lat="43.39471918" lon="-5.82539656"><ele>183.79</ele><time>2024-08-27T12:00:59Z</time></trkpt><trkpt lat="43.39470407" lon="-5.82539526"><ele>183.82</ele><time>2024-08-27T12:01:00Z</time></trkpt><trkpt lat="43.39468896" lon="-5.82539396"><ele>183.86</ele><time>2024-08-27T12:01:01Z</time></trkpt><trkpt lat="43.39467384" lon="-5.82539266"><ele>183.89</ele><time>2024-08-27T12:01:02Z</time></trkpt><trkpt lat="43.39465873" lon="-5.82539136"><ele>183.93</ele><time>2024-08-27T12:01:03Z</time></trkpt><trkpt lat="43.39464362" lon="-5.82539136"><ele>183.96</ele><time>2024-08-27T12:01:04Z</time></trkpt><trkpt lat="43.39462850" lon="-5.82539136"><ele>184.00</ele><time>2024-08-27T12:01:05Z</time></trkpt><trkpt lat="43.39461541" lon="-5.82539542"><ele>184.07</ele><time>2024-08-27T12:01:06Z</time></trkpt><trkpt lat="43.39460233" lon="-5.82540208"><ele>184.14</ele><time>2024-08-27T12:01:07Z</time></trkpt><trkpt lat="43.39458924" lon="-5.82540873"><ele>184.21</ele><time>2024-08-27T12:01:08Z</time></trkpt><trkpt lat="43.39457615" lon="-5.82541539"><ele>184.29</ele><time>2024-08-27T12:01:09Z</time></trkpt><trkpt lat="43.39456306" lon="-5.82542205"><ele>184.36</ele><time>2024-08-27T12:01:10Z</time></trkpt><trkpt lat="43.39454997" lon="-5.82542871"><ele>184.43</ele><time>2024-08-27T12:01:11Z</time></trkpt><trkpt lat="43.39453689" lon="-5.82543537"><ele>184.50</ele><time>2024-08-27T12:01:12Z</time></trkpt><trkpt lat="43.39452380" lon="-5.82544203"><ele>184.57</ele><time>2024-08-27T12:01:13Z</time></trkpt><trkpt lat="43.39451071" lon="-5.82544869"><ele>184.64</ele><time>2024-08-27T12:01:14Z</time></trkpt><trkpt lat="43.39449762" lon="-5.82545535"><ele>184.71</ele><time>2024-08-27T12:01:15Z</time></trkpt><trkpt lat="43.39448453" lon="-5.82546201"><ele>184.79</ele><time>2024-08-27T12:01:16Z</time></trkpt><trkpt lat="43.39447144" lon="-5.82546866"><ele>184.86</ele><time>2024-08-27T12:01:17Z</time></trkpt><trkpt lat="43.39445836" lon="-5.82547532"><ele>184.93</ele><time>2024-08-27T12:01:18Z</time></trkpt><trkpt lat="43.39444527" lon="-5.82548198"><ele>185.00</ele><time>2024-08-27T12:01:19Z</time></trkpt><trkpt lat="43.39443218" lon="-5.82548864"><ele>185.07</ele><time>2024-08-27T12:01:20Z</time></trkpt><trkpt lat="43.39441909" lon="-5.82549530"><ele>185.14</ele><time>2024-08-27T12:01:21Z</time></trkpt><trkpt lat="43.39440600" lon="-5.82550196"><ele>185.22</ele><time>2024-08-27T12:01:22Z</time></trkpt><trkpt lat="43.39439292" lon="-5.82550862"><ele>185.29</ele><time>2024-08-27T12:01:23Z</time></trkpt><trkpt lat="43.39437983" lon="-5.82551528"><ele>185.36</ele><time>2024-08-27T12:01:24Z</time></trkpt><trkpt lat="43.39436674" lon="-5.82552194"><ele>185.43</ele><time>2024-08-27T12:01:25Z</time></trkpt><trkpt lat="43.39435365" lon="-5.82552860"><ele>185.50</ele><time>2024-08-27T12:01:26Z</time></trkpt><trkpt lat="43.39434056" lon="-5.82553525"><ele>185.57</ele><time>2024-08-27T12:01:27Z</time></trkpt><trkpt lat="43.39432747" lon="-5.82554191"><ele>185.64</ele><time>2024-08-27T12:01:28Z</time></trkpt><trkpt lat="43.39431439" lon="-5.82554857"><ele>185.72</ele><time>2024-08-27T12:01:29Z</time></trkpt><trkpt lat="43.39430130" lon="-5.82555523"><ele>185.79</ele><time>2024-08-27T12:01:30Z</time></trkpt><trkpt lat="43.39428821" lon="-5.82556189"><ele>185.86</ele><time>2024-08-27T12:01:31Z</time></trkpt><trkpt lat="43.39427512" lon="-5.82556855"><ele>185.93</ele><time>2024-08-27T12:01:32Z</time></trkpt><trkpt lat="43.39426295" lon="-5.82557797"><ele>186.03</ele><time>2024-08-27T12:01:33Z</time></trkpt><trkpt lat="43.39425079" lon="-5.82558740"><ele>186.13</ele><time>2024-08-27T12:01:34Z</time></trkpt><trkpt lat="43.39423862" lon="-5.82559682"><ele>186.22</ele><time>2024-08-27T12:01:35Z</time></trkpt><trkpt lat="43.39422645" lon="-5.82560625"><ele>186.32</ele><time>2024-08-27T12:01:36Z</time></trkpt><trkpt lat="43.39421429" lon="-5.82561567"><ele>186.42</ele><time>2024-08-27T12:01:37Z</time></trkpt><trkpt lat="43.39420212" lon="-5.82562510"><ele>186.52</ele><time>2024-08-27T12:01:38Z</time></trkpt><trkpt lat="43.39418995" lon="-5.82563452"><ele>186.62</ele><time>2024-08-27T12:01:39Z</time></trkpt><trkpt lat="43.39417778" lon="-5.82564395"><ele>186.71</ele><time>2024-08-27T12:01:40Z</time></trkpt><trkpt lat="43.39416562" lon="-5.82565337"><ele>186.81</ele><time>2024-08-27T12:01:41Z</time></trkpt><trkpt lat="43.39415345" lon="-5.82566280"><ele>186.91</ele><time>2024-08-27T12:01:42Z</time></trkpt><trkpt lat="43.39414128" lon="-5.82567222"><ele>187.01</ele><time>2024-08-27T12:01:43Z</time></trkpt><trkpt lat="43.39412912" lon="-5.82568164"><ele>187.11</ele><time>2024-08-27T12:01:44Z</time></trkpt><trkpt lat="43.39411695" lon="-5.82569107"><ele>187.20</ele><time>2024-08-27T12:01:45Z</time></trkpt><trkpt lat="43.39410478" lon="-5.82570049"><ele>187.30</ele><time>2024-08-27T12:01:46Z</time></trkpt><trkpt lat="43.39409261" lon="-5.82570992"><ele>187.40</ele><time>2024-08-27T12:01:47Z</time></trkpt><trkpt lat="43.39408045" lon="-5.82571934"><ele>187.50</ele><time>2024-08-27T12:01:48Z</time></trkpt><trkpt lat="43.39406828" lon="-5.82572877"><ele>187.60</ele><time>2024-08-27T12:01:49Z</time></trkpt><trkpt lat="43.39405611" lon="-5.82573819"><ele>187.69</ele><time>2024-08-27T12:01:50Z</time></trkpt><trkpt lat="43.39404395" lon="-5.82574762"><ele>187.79</ele><time>2024-08-27T12:01:51Z</time></trkpt><trkpt lat="43.39403178" lon="-5.82575704"><ele>187.89</ele><time>2024-08-27T12:01:52Z</time></trkpt><trkpt lat="43.39401961" lon="-5.82576647"><ele>187.99</ele><time>2024-08-27T12:01:53Z</time></trkpt><trkpt lat="43.39400744" lon="-5.82577589"><ele>188.09</ele><time>2024-08-27T12:01:54Z</time></trkpt><trkpt lat="43.39399528" lon="-5.82578532"><ele>188.18</ele><time>2024-08-27T12:01:55Z</time></trkpt><trkpt lat="43.39398311" lon="-5.82579474"><ele>188.28</ele><time>2024-08-27T12:01:56Z</time></trkpt><trkpt lat="43.39397094" lon="-5.82579994"><ele>188.33</ele><time>2024-08-27T12:01:57Z</time></trkpt><trkpt lat="43.39395567" lon="-5.82579994"><ele>188.33</ele><time>2024-08-27T12:01:58Z</time></trkpt><trkpt lat="43.39394040" lon="-5.82579994"><ele>188.33</ele><time>2024-08-27T12:01:59Z</time></trkpt><trkpt lat="43.39392513" lon="-5.82579782"><ele>188.31</ele><time>2024-08-27T12:02:00Z</time></trkpt><trkpt lat="43.39390986" lon="-5.82579571"><ele>188.28</ele><time>2024-08-27T12:02:01Z</time></trkpt><trkpt lat="43.39389459" lon="-5.82579360"><ele>188.26</ele><time>2024-08-27T12:02:02Z</time></trkpt><trkpt lat="43.39387932" lon="-5.82579148"><ele>188.23</ele><time>2024-08-27T12:02:03Z</time></trkpt><trkpt lat="43.39386405" lon="-5.82578937"><ele>188.21</ele><time>2024-08-27T12:02:04Z</time></trkpt><trkpt lat="43.39384878" lon="-5.82578726"><ele>188.18</ele><time>2024-08-27T12:02:05Z</time></trkpt><trkpt lat="43.39383352" lon="-5.82578514"><ele>188.16</ele><time>2024-08-27T12:02:06Z</time></trkpt><trkpt lat="43.39381825" lon="-5.82578303"><ele>188.13</ele><time>2024-08-27T12:02:07Z</time></trkpt><trkpt lat="43.39380298" lon="-5.82578091"><ele>188.11</ele><time>2024-08-27T12:02:08Z</time></trkpt><trkpt lat="43.39378771" lon="-5.82577880"><ele>188.08</ele><time>2024-08-27T12:02:09Z</time></trkpt><trkpt lat="43.39377244" lon="-5.82577669"><ele>188.06</ele><time>2024-08-27T12:02:10Z</time></trkpt><trkpt lat="43.39375717" lon="-5.82577457"><ele>188.03</ele><time>2024-08-27T12:02:11Z</time></trkpt><trkpt lat="43.39374190" lon="-5.82577246"><ele>188.01</ele><time>2024-08-27T12:02:12Z</time></trkpt><trkpt lat="43.39372663" lon="-5.82577035"><ele>187.98</ele><time>2024-08-27T12:02:13Z</time></trkpt><trkpt lat="43.39371136" lon="-5.82576823"><ele>187.96</ele><time>2024-08-27T12:02:14Z</time></trkpt><trkpt lat="43.39369609" lon="-5.82576612"><ele>187.93</ele><time>2024-08-27T12:02:15Z</time></trkpt><trkpt lat="43.39368082" lon="-5.82576400"><ele>187.91</ele><time>2024-08-27T12:02:16Z</time></trkpt><trkpt lat="43.39366555" lon="-5.82576189"><ele>187.88</ele><time>2024-08-27T12:02:17Z</time></trkpt><trkpt lat="43.39365028" lon="-5.82575978"><ele>187.86</ele><time>2024-08-27T12:02:18Z</time></trkpt><trkpt lat="43.39363501" lon="-5.82575766"><ele>187.83</ele><time>2024-08-27T12:02:19Z</time></trkpt><trkpt lat="43.39361974" lon="-5.82575555"><ele>187.81</ele><time>2024-08-27T12:02:20Z</time></trkpt><trkpt lat="43.39360719" lon="-5.82574189"><ele>187.77</ele><time>2024-08-27T12:02:21Z</time></trkpt><trkpt lat="43.39359463" lon="-5.82572823"><ele>187.73</ele><time>2024-08-27T12:02:22Z</time></trkpt><trkpt lat="43.39358208" lon="-5.82571457"><ele>187.70</ele><time>2024-08-27T12:02:23Z</time></trkpt><trkpt lat="43.39356953" lon="-5.82570091"><ele>187.66</ele><time>2024-08-27T12:02:24Z</time></trkpt><trkpt lat="43.39355697" lon="-5.82568726"><ele>187.62</ele><time>2024-08-27T12:02:25Z</time></trkpt><trkpt lat="43.39354442" lon="-5.82567360"><ele>187.58</ele><time>2024-08-27T12:02:26Z</time></trkpt><trkpt lat="43.39353186" lon="-5.82565994"><ele>187.54</ele><time>2024-08-27T12:02:27Z</time></trkpt><trkpt lat="43.39351931" lon="-5.82564628"><ele>187.50</ele><time>2024-08-27T12:02:28Z</time></trkpt><trkpt lat="43.39350676" lon="-5.82563262"><ele>187.47</ele><time>2024-08-27T12:02:29Z</time></trkpt><trkpt lat="43.39349420" lon="-5.82561896"><ele>187.43</ele><time>2024-08-27T12:02:30Z</time></trkpt><trkpt lat="43.39348165" lon="-5.82560530"><ele>187.39</ele><time>2024-08-27T12:02:31Z</time></trkpt><trkpt lat="43.39346909" lon="-5.82559165"><ele>187.35</ele><time>2024-08-27T12:02:32Z</time></trkpt><trkpt lat="43.39345654" lon="-5.82557799"><ele>187.31</ele><time>2024-08-27T12:02:33Z</time></trkpt><trkpt lat="43.39344399" lon="-5.82556433"><ele>187.28</ele><time>2024-08-27T12:02:34Z</time></trkpt><trkpt lat="43.39343143" lon="-5.82555067"><ele>187.24</ele><time>2024-08-27T12:02:35Z</time></trkpt><trkpt lat="43.39341888" lon="-5.82553701"><ele>187.20</ele><time>2024-08-27T12:02:36Z</time></trkpt><trkpt lat="43.39340633" lon="-5.82552335"><ele>187.16</ele><time>2024-08-27T12:02:37Z</time></trkpt><trkpt lat="43.39339377" lon="-5.82550969"><ele>187.12</ele><time>2024-08-27T12:02:38Z</time></trkpt><trkpt lat="43.39338122" lon="-5.82549603"><ele>187.08</ele><time>2024-08-27T12:02:39Z</time></trkpt><trkpt lat="43.39336866" lon="-5.82548238"><ele>187.05</ele><time>2024-08-27T12:02:40Z</time></trkpt><trkpt lat="43.39335611" lon="-5.82546872"><ele>187.01</ele><time>2024-08-27T12:02:41Z</time></trkpt><trkpt lat="43.39334356" lon="-5.82545506"><ele>186.97</ele><time>2024-08-27T12:02:42Z</time></trkpt><trkpt lat="43.39333140" lon="-5.82544112"><ele>186.90</ele><time>2024-08-27T12:02:43Z</time></trkpt><trkpt lat="43.39331924" lon="-5.82542719"><ele>186.83</ele><time>2024-08-27T12:02:44Z</time></trkpt><trkpt lat="43.39330709" lon="-5.82541326"><ele>186.75</ele><time>2024-08-27T12:02:45Z</time></trkpt><trkpt lat="43.39329493" lon="-5.82539932"><ele>186.68</ele><time>2024-08-27T12:02:46Z</time></trkpt><trkpt lat="43.39328277" lon="-5.82538539"><ele>186.61</ele><time>2024-08-27T12:02:47Z</time></trkpt><trkpt lat="43.39327061" lon="-5.82537145"><ele>186.54</ele><time>2024-08-27T12:02:48Z</time></trkpt><trkpt lat="43.39325846" lon="-5.82535752"><ele>186.46</ele><time>2024-08-27T12:02:49Z</time></trkpt><trkpt lat="43.39324630" lon="-5.82534359"><ele>186.39</ele><time>2024-08-27T12:02:50Z</time></trkpt><trkpt lat="43.39323414" lon="-5.82532965"><ele>186.32</ele><time>2024-08-27T12:02:51Z</time></trkpt><trkpt lat="43.39322199" lon="-5.82531572"><ele>186.25</ele><time>2024-08-27T12:02:52Z</time></trkpt><trkpt lat="43.39320983" lon="-5.82530178"><ele>186.17</ele><time>2024-08-27T12:02:53Z</time></trkpt><trkpt lat="43.39319767" lon="-5.82528785"><ele>186.10</ele><time>2024-08-27T12:02:54Z</time></trkpt><trkpt lat="43.39318551" lon="-5.82527392"><ele>186.03</ele><time>2024-08-27T12:02:55Z</time></trkpt><trkpt lat="43.39317336" lon="-5.82525998"><ele>185.96</ele><time>2024-08-27T12:02:56Z</time></trkpt><trkpt lat="43.39316120" lon="-5.82524605"><ele>185.88</ele><time>2024-08-27T12:02:57Z</time></trkpt><trkpt lat="43.39314904" lon="-5.82523211"><ele>185.81</ele><time>2024-08-27T12:02:58Z</time></trkpt><trkpt lat="43.39313689" lon="-5.82521818"><ele>185.74</ele><time>2024-08-27T12:02:59Z</time></trkpt><trkpt lat="43.39312473" lon="-5.82520425"><ele>185.67</ele><time>2024-08-27T12:03:00Z</time></trkpt><trkpt lat="43.39311257" lon="-5.82519031"><ele>185.59</ele><time>2024-08-27T12:03:01Z</time></trkpt><trkpt lat="43.39310041" lon="-5.82517638"><ele>185.52</ele><time>2024-08-27T12:03:02Z</time></trkpt><trkpt lat="43.39308826" lon="-5.82516244"><ele>185.45</ele><time>2024-08-27T12:03:03Z</time></trkpt><trkpt lat="43.39307610" lon="-5.82514851"><ele>185.38</ele><time>2024-08-27T12:03:04Z</time></trkpt><trkpt lat="43.39306394" lon="-5.82513457"><ele>185.30</ele><time>2024-08-27T12:03:05Z</time></trkpt><trkpt lat="43.39305179" lon="-5.82512064"><ele>185.23</ele><time>2024-08-27T12:03:06Z</time></trkpt><trkpt lat="43.39303963" lon="-5.82510671"><ele>185.16</ele><time>2024-08-27T12:03:07Z</time></trkpt><trkpt lat="43.39302776" lon="-5.82509321"><ele>185.16</ele><time>2024-08-27T12:03:08Z</time></trkpt><trkpt lat="43.39301589" lon="-5.82507971"><ele>185.16</ele><time>2024-08-27T12:03:09Z</time></trkpt><trkpt lat="43.39300402" lon="-5.82506621"><ele>185.16</ele><time>2024-08-27T12:03:10Z</time></trkpt><trkpt lat="43.39299215" lon="-5.82505271"><ele>185.16</ele><time>2024-08-27T12:03:11Z</time></trkpt><trkpt lat="43.39298029" lon="-5.82503921"><ele>185.16</ele><time>2024-08-27T12:03:12Z</time></trkpt><trkpt lat="43.39296842" lon="-5.82502571"><ele>185.16</ele><time>2024-08-27T12:03:13Z</time></trkpt><trkpt lat="43.39295655" lon="-5.82501221"><ele>185.16</ele><time>2024-08-27T12:03:14Z</time></trkpt><trkpt lat="43.39294468" lon="-5.82499871"><ele>185.16</ele><time>2024-08-27T12:03:15Z</time></trkpt><trkpt lat="43.39293281" lon="-5.82498522"><ele>185.16</ele><time>2024-08-27T12:03:16Z</time></trkpt><trkpt lat="43.39292094" lon="-5.82497172"><ele>185.16</ele><time>2024-08-27T12:03:17Z</time></trkpt><trkpt lat="43.39290907" lon="-5.82495822"><ele>185.17</ele><time>2024-08-27T12:03:18Z</time></trkpt><trkpt lat="43.39289720" lon="-5.82494472"><ele>185.17</ele><time>2024-08-27T12:03:19Z</time></trkpt><trkpt lat="43.39288533" lon="-5.82493122"><ele>185.17</ele><time>2024-08-27T12:03:20Z</time></trkpt><trkpt lat="43.39287347" lon="-5.82491772"><ele>185.17</ele><time>2024-08-27T12:03:21Z</time></trkpt><trkpt lat="43.39286160" lon="-5.82490422"><ele>185.17</ele><time>2024-08-27T12:03:22Z</time></trkpt><trkpt lat="43.39284973" lon="-5.82489072"><ele>185.17</ele><time>2024-08-27T12:03:23Z</time></trkpt><trkpt lat="43.39283786" lon="-5.82487722"><ele>185.17</ele><time>2024-08-27T12:03:24Z</time></trkpt><trkpt lat="43.39282599" lon="-5.82486372"><ele>185.17</ele><time>2024-08-27T12:03:25Z</time></trkpt><trkpt lat="43.39281412" lon="-5.82485022"><ele>185.17</ele><time>2024-08-27T12:03:26Z</time></trkpt><trkpt lat="43.39280225" lon="-5.82483673"><ele>185.17</ele><time>2024-08-27T12:03:27Z</time></trkpt><trkpt lat="43.39278970" lon="-5.82482500"><ele>185.15</ele><time>2024-08-27T12:03:28Z</time></trkpt><trkpt lat="43.39277714" lon="-5.82481327"><ele>185.14</ele><time>2024-08-27T12:03:29Z</time></trkpt><trkpt lat="43.39276459" lon="-5.82480154"><ele>185.12</ele><time>2024-08-27T12:03:30Z</time></trkpt><trkpt lat="43.39275203" lon="-5.82478981"><ele>185.10</ele><time>2024-08-27T12:03:31Z</time></trkpt><trkpt lat="43.39273947" lon="-5.82477808"><ele>185.08</ele><time>2024-08-27T12:03:32Z</time></trkpt><trkpt lat="43.39272692" lon="-5.82476635"><ele>185.07</ele><time>2024-08-27T12:03:33Z</time></trkpt><trkpt lat="43.39271436" lon="-5.82475462"><ele>185.05</ele><time>2024-08-27T12:03:34Z</time></trkpt><trkpt lat="43.39270180" lon="-5.82474289"><ele>185.03</ele><time>2024-08-27T12:03:35Z</time></trkpt><trkpt lat="43.39268925" lon="-5.82473116"><ele>185.01</ele><time>2024-08-27T12:03:36Z</time></trkpt><trkpt lat="43.39267669" lon="-5.82471943"><ele>185.00</ele><time>2024-08-27T12:03:37Z</time></trkpt><trkpt lat="43.39266414" lon="-5.82470771"><ele>184.98</ele><time>2024-08-27T12:03:38Z</time></trkpt><trkpt lat="43.39265158" lon="-5.82469598"><ele>184.96</ele><time>2024-08-27T12:03:39Z</time></trkpt><trkpt lat="43.39263902" lon="-5.82468425"><ele>184.94</ele><time>2024-08-27T12:03:40Z</time></trkpt><trkpt lat="43.39262647" lon="-5.82467252"><ele>184.93</ele><time>2024-08-27T12:03:41Z</time></trkpt><trkpt lat="43.39261391" lon="-5.82466650"><ele>184.91</ele><time>2024-08-27T12:03:42Z</time></trkpt><trkpt lat="43.39259874" lon="-5.82466650"><ele>184.82</ele><time>2024-08-27T12:03:43Z</time></trkpt><trkpt lat="43.39258357" lon="-5.82466650"><ele>184.74</ele><time>2024-08-27T12:03:44Z</time></trkpt><trkpt lat="43.39256840" lon="-5.82466936"><ele>184.65</ele><time>2024-08-27T12:03:45Z</time></trkpt><trkpt lat="43.39255323" lon="-5.82467222"><ele>184.57</ele><time>2024-08-27T12:03:46Z</time></trkpt><trkpt lat="43.39253806" lon="-5.82467507"><ele>184.48</ele><time>2024-08-27T12:03:47Z</time></trkpt><trkpt lat="43.39252288" lon="-5.82467793"><ele>184.40</ele><time>2024-08-27T12:03:48Z</time></trkpt><trkpt lat="43.39250771" lon="-5.82468079"><ele>184.31</ele><time>2024-08-27T12:03:49Z</time></trkpt><trkpt lat="43.39249254" lon="-5.82468364"><ele>184.23</ele><time>2024-08-27T12:03:50Z</time></trkpt><trkpt lat="43.39247737" lon="-5.82468650"><ele>184.14</ele><time>2024-08-27T12:03:51Z</time></trkpt><trkpt lat="43.39246220" lon="-5.82468936"><ele>184.06</ele><time>2024-08-27T12:03:52Z</time></trkpt><trkpt lat="43.39244703" lon="-5.82469221"><ele>183.97</ele><time>2024-08-27T12:03:53Z</time></trkpt><trkpt lat="43.39243186" lon="-5.82469507"><ele>183.88</ele><time>2024-08-27T12:03:54Z</time></trkpt><trkpt lat="43.39241669" lon="-5.82469793"><ele>183.80</ele><time>2024-08-27T12:03:55Z</time></trkpt><trkpt lat="43.39240151" lon="-5.82470078"><ele>183.71</ele><time>2024-08-27T12:03:56Z</time></trkpt><trkpt lat="43.39238634" lon="-5.82470364"><ele>183.63</ele><time>2024-08-27T12:03:57Z</time></trkpt><trkpt lat="43.39237117" lon="-5.82470650"><ele>183.54</ele><time>2024-08-27T12:03:58Z</time></trkpt><trkpt lat="43.39235600" lon="-5.82470936"><ele>183.46</ele><time>2024-08-27T12:03:59Z</time></trkpt><trkpt lat="43.39234083" lon="-5.82471221"><ele>183.37</ele><time>2024-08-27T12:04:00Z</time></trkpt><trkpt lat="43.39232566" lon="-5.82471507"><ele>183.29</ele><time>2024-08-27T12:04:01Z</time></trkpt><trkpt lat="43.39231049" lon="-5.82471793"><ele>183.20</ele><time>2024-08-27T12:04:02Z</time></trkpt><trkpt lat="43.39229532" lon="-5.82472078"><ele>183.12</ele><time>2024-08-27T12:04:03Z</time></trkpt><trkpt lat="43.39228014" lon="-5.82472364"><ele>183.03</ele><time>2024-08-27T12:04:04Z</time></trkpt><trkpt lat="43.39226497" lon="-5.82472650"><ele>182.95</ele><time>2024-08-27T12:04:05Z</time></trkpt><trkpt lat="43.39224980" lon="-5.82472935"><ele>182.86</ele><time>2024-08-27T12:04:06Z</time></trkpt><trkpt lat="43.39223557" lon="-5.82473673"><ele>182.74</ele><time>2024-08-27T12:04:07Z</time></trkpt><trkpt lat="43.39222133" lon="-5.82474411"><ele>182.62</ele><time>2024-08-27T12:04:08Z</time></trkpt><trkpt lat="43.39220709" lon="-5.82475149"><ele>182.49</ele><time>2024-08-27T12:04:09Z</time></trkpt><trkpt lat="43.39219286" lon="-5.82475887"><ele>182.37</ele><time>2024-08-27T12:04:10Z</time></trkpt><trkpt lat="43.39217862" lon="-5.82476625"><ele>182.25</ele><time>2024-08-27T12:04:11Z</time></trkpt><trkpt lat="43.39216439" lon="-5.82477363"><ele>182.13</ele><time>2024-08-27T12:04:12Z</time></trkpt><trkpt lat="43.39215015" lon="-5.82478101"><ele>182.01</ele><time>2024-08-27T12:04:13Z</time></trkpt><trkpt lat="43.39213592" lon="-5.82478839"><ele>181.88</ele><time>2024-08-27T12:04:14Z</time></trkpt><trkpt lat="43.39212168" lon="-5.82479577"><ele>181.76</ele><time>2024-08-27T12:04:15Z</time></trkpt><trkpt lat="43.39210744" lon="-5.82480315"><ele>181.64</ele><time>2024-08-27T12:04:16Z</time></trkpt><trkpt lat="43.39209321" lon="-5.82481053"><ele>181.52</ele><time>2024-08-27T12:04:17Z</time></trkpt><trkpt lat="43.39207897" lon="-5.82481791"><ele>181.40</ele><time>2024-08-27T12:04:18Z</time></trkpt><trkpt lat="43.39206474" lon="-5.82482529"><ele>181.27</ele><time>2024-08-27T12:04:19Z</time></trkpt><trkpt lat="43.39205050" lon="-5.82483267"><ele>181.15</ele><time>2024-08-27T12:04:20Z</time></trkpt><trkpt lat="43.39203626" lon="-5.82484004"><ele>181.03</ele><time>2024-08-27T12:04:21Z</time></trkpt><trkpt lat="43.39202203" lon="-5.82484742"><ele>180.91</ele><time>2024-08-27T12:04:22Z</time></trkpt><trkpt lat="43.39200779" lon="-5.82485480"><ele>180.79</ele><time>2024-08-27T12:04:23Z</time></trkpt><trkpt lat="43.39199356" lon="-5.82486218"><ele>180.66</ele><time>2024-08-27T12:04:24Z</time></trkpt><trkpt lat="43.39197932" lon="-5.82486956"><ele>180.54</ele><time>2024-08-27T12:04:25Z</time></trkpt><trkpt lat="43.39196509" lon="-5.82487694"><ele>180.42</ele><time>2024-08-27T12:04:26Z</time></trkpt><trkpt lat="43.39195085" lon="-5.82488432"><ele>180.30</ele><time>2024-08-27T12:04:27Z</time></trkpt><trkpt lat="43.39193661" lon="-5.82489170"><ele>180.18</ele><time>2024-08-27T12:04:28Z</time></trkpt><trkpt lat="43.39192238" lon="-5.82489908"><ele>180.05</ele><time>2024-08-27T12:04:29Z</time></trkpt><trkpt lat="43.39190814" lon="-5.82490646"><ele>179.93</ele><time>2024-08-27T12:04:30Z</time></trkpt><trkpt lat="43.39189391" lon="-5.82491384"><ele>179.81</ele><time>2024-08-27T12:04:31Z</time></trkpt><trkpt lat="43.39187922" lon="-5.82492120"><ele>179.69</ele><time>2024-08-27T12:04:32Z</time></trkpt><trkpt lat="43.39186452" lon="-5.82492855"><ele>179.56</ele><time>2024-08-27T12:04:33Z</time></trkpt><trkpt lat="43.39184983" lon="-5.82493591"><ele>179.44</ele><time>2024-08-27T12:04:34Z</time></trkpt><trkpt lat="43.39183514" lon="-5.82494327"><ele>179.31</ele><time>2024-08-27T12:04:35Z</time></trkpt><trkpt lat="43.39182045" lon="-5.82495062"><ele>179.19</ele><time>2024-08-27T12:04:36Z</time></trkpt><trkpt lat="43.39180576" lon="-5.82495798"><ele>179.07</ele><time>2024-08-27T12:04:37Z</time></trkpt><trkpt lat="43.39179107" lon="-5.82496534"><ele>178.94</ele><time>2024-08-27T12:04:38Z</time></trkpt><trkpt lat="43.39177638" lon="-5.82497269"><ele>178.82</ele><time>2024-08-27T12:04:39Z</time></trkpt><trkpt lat="43.39176169" lon="-5.82498005"><ele>178.70</ele><time>2024-08-27T12:04:40Z</time></trkpt><trkpt lat="43.39174700" lon="-5.82498741"><ele>178.57</ele><time>2024-08-27T12:04:41Z</time></trkpt><trkpt lat="43.39173231" lon="-5.82499476"><ele>178.45</ele><time>2024-08-27T12:04:42Z</time></trkpt><trkpt lat="43.39171762" lon="-5.82500212"><ele>178.32</ele><time>2024-08-27T12:04:43Z</time></trkpt><trkpt lat="43.39170292" lon="-5.82500948"><ele>178.20</ele><time>2024-08-27T12:04:44Z</time></trkpt><trkpt lat="43.39168823" lon="-5.82501683"><ele>178.08</ele><time>2024-08-27T12:04:45Z</time></trkpt><trkpt lat="43.39167354" lon="-5.82502419"><ele>177.95</ele><time>2024-08-27T12:04:46Z</time></trkpt><trkpt lat="43.39165885" lon="-5.82503155"><ele>177.83</ele><time>2024-08-27T12:04:47Z</time></trkpt><trkpt lat="43.39164416" lon="-5.82503890"><ele>177.70</ele><time>2024-08-27T12:04:48Z</time></trkpt><trkpt lat="43.39162947" lon="-5.82504626"><ele>177.58</ele><time>2024-08-27T12:04:49Z</time></trkpt><trkpt lat="43.39161478" lon="-5.82505362"><ele>177.46</ele><time>2024-08-27T12:04:50Z</time></trkpt><trkpt lat="43.39160009" lon="-5.82506097"><ele>177.33</ele><time>2024-08-27T12:04:51Z</time></trkpt><trkpt lat="43.39158540" lon="-5.82506833"><ele>177.21</ele><time>2024-08-27T12:04:52Z</time></trkpt><trkpt lat="43.39157071" lon="-5.82507569"><ele>177.09</ele><time>2024-08-27T12:04:53Z</time></trkpt><trkpt lat="43.39155602" lon="-5.82508304"><ele>176.96</ele><time>2024-08-27T12:04:54Z</time></trkpt><trkpt lat="43.39154132" lon="-5.82509040"><ele>176.84</ele><time>2024-08-27T12:04:55Z</time></trkpt><trkpt lat="43.39152663" lon="-5.82509776"><ele>176.71</ele><time>2024-08-27T12:04:56Z</time></trkpt><trkpt lat="43.39151194" lon="-5.82510511"><ele>176.59</ele><time>2024-08-27T12:04:57Z</time></trkpt><trkpt lat="43.39149701" lon="-5.82511258"><ele>176.44</ele><time>2024-08-27T12:04:58Z</time></trkpt><trkpt lat="43.39148207" lon="-5.82512004"><ele>176.29</ele><time>2024-08-27T12:04:59Z</time></trkpt><trkpt lat="43.39146713" lon="-5.82512751"><ele>176.14</ele><time>2024-08-27T12:05:00Z</time></trkpt><trkpt lat="43.39145220" lon="-5.82513497"><ele>175.98</ele><time>2024-08-27T12:05:01Z</time></trkpt><trkpt lat="43.39143726" lon="-5.82514243"><ele>175.83</ele><time>2024-08-27T12:05:02Z</time></trkpt><trkpt lat="43.39142232" lon="-5.82514990"><ele>175.68</ele><time>2024-08-27T12:05:03Z</time></trkpt><trkpt lat="43.39140739" lon="-5.82515736"><ele>175.53</ele><time>2024-08-27T12:05:04Z</time></trkpt><trkpt lat="43.39139245" lon="-5.82516483"><ele>175.38</ele><time>2024-08-27T12:05:05Z</time></trkpt><trkpt lat="43.39137751" lon="-5.82517229"><ele>175.23</ele><time>2024-08-27T12:05:06Z</time></trkpt><trkpt lat="43.39136258" lon="-5.82517975"><ele>175.07</ele><time>2024-08-27T12:05:07Z</time></trkpt><trkpt lat="43.39134764" lon="-5.82518722"><ele>174.92</ele><time>2024-08-27T12:05:08Z</time></trkpt><trkpt lat="43.39133270" lon="-5.82519468"><ele>174.77</ele><time>2024-08-27T12:05:09Z</time></trkpt><trkpt lat="43.39131777" lon="-5.82520215"><ele>174.62</ele><time>2024-08-27T12:05:10Z</time></trkpt><trkpt lat="43.39130283" lon="-5.82520961"><ele>174.47</ele><time>2024-08-27T12:05:11Z</time></trkpt><trkpt lat="43.39128789" lon="-5.82521708"><ele>174.32</ele><time>2024-08-27T12:05:12Z</time></trkpt><trkpt lat="43.39127296" lon="-5.82522454"><ele>174.17</ele><time>2024-08-27T12:05:13Z</time></trkpt><trkpt lat="43.39125802" lon="-5.82523200"><ele>174.01</ele><time>2024-08-27T12:05:14Z</time></trkpt><trkpt lat="43.39124309" lon="-5.82523947"><ele>173.86</ele><time>2024-08-27T12:05:15Z</time></trkpt><trkpt lat="43.39122815" lon="-5.82524693"><ele>173.71</ele><time>2024-08-27T12:05:16Z</time></trkpt><trkpt lat="43.39121321" lon="-5.82525440"><ele>173.56</ele><time>2024-08-27T12:05:17Z</time></trkpt><trkpt lat="43.39119848" lon="-5.82526179"><ele>173.47</ele><time>2024-08-27T12:05:18Z</time></trkpt><trkpt lat="43.39118375" lon="-5.82526918"><ele>173.39</ele><time>2024-08-27T12:05:19Z</time></trkpt><trkpt lat="43.39116902" lon="-5.82527657"><ele>173.30</ele><time>2024-08-27T12:05:20Z</time></trkpt><trkpt lat="43.39115429" lon="-5.82528396"><ele>173.21</ele><time>2024-08-27T12:05:21Z</time></trkpt><trkpt lat="43.39113956" lon="-5.82529135"><ele>173.13</ele><time>2024-08-27T12:05:22Z</time></trkpt><trkpt lat="43.39112483" lon="-5.82529874"><ele>173.04</ele><time>2024-08-27T12:05:23Z</time></trkpt><trkpt lat="43.39111010" lon="-5.82530613"><ele>172.95</ele><time>2024-08-27T12:05:24Z</time></trkpt><trkpt lat="43.39109537" lon="-5.82531352"><ele>172.86</ele><time>2024-08-27T12:05:25Z</time></trkpt><trkpt lat="43.39108064" lon="-5.82532091"><ele>172.78</ele><time>2024-08-27T12:05:26Z</time></trkpt><trkpt lat="43.39106591" lon="-5.82532830"><ele>172.69</ele><time>2024-08-27T12:05:27Z</time></trkpt><trkpt lat="43.39105118" lon="-5.82533569"><ele>172.60</ele><time>2024-08-27T12:05:28Z</time></trkpt><trkpt lat="43.39103645" lon="-5.82534308"><ele>172.52</ele><time>2024-08-27T12:05:29Z</time></trkpt><trkpt lat="43.39102172" lon="-5.82535047"><ele>172.43</ele><time>2024-08-27T12:05:30Z</time></trkpt><trkpt lat="43.39100699" lon="-5.82535786"><ele>172.34</ele><time>2024-08-27T12:05:31Z</time></trkpt><trkpt lat="43.39099226" lon="-5.82536526"><ele>172.26</ele><time>2024-08-27T12:05:32Z</time></trkpt><trkpt lat="43.39097753" lon="-5.82537265"><ele>172.17</ele><time>2024-08-27T12:05:33Z</time></trkpt><trkpt lat="43.39096280" lon="-5.82538004"><ele>172.08</ele><time>2024-08-27T12:05:34Z</time></trkpt><trkpt lat="43.39094807" lon="-5.82538743"><ele>171.99</ele><time>2024-08-27T12:05:35Z</time></trkpt><trkpt lat="43.39093334" lon="-5.82539482"><ele>171.91</ele><time>2024-08-27T12:05:36Z</time></trkpt><trkpt lat="43.39091861" lon="-5.82540221"><ele>171.82</ele><time>2024-08-27T12:05:37Z</time></trkpt><trkpt lat="43.39090388" lon="-5.82540960"><ele>171.73</ele><time>2024-08-27T12:05:38Z</time></trkpt><trkpt lat="43.39088915" lon="-5.82541699"><ele>171.65</ele><time>2024-08-27T12:05:39Z</time></trkpt><trkpt lat="43.39087442" lon="-5.82542438"><ele>171.56</ele><time>2024-08-27T12:05:40Z</time></trkpt><trkpt lat="43.39085846" lon="-5.82542877"><ele>171.53</ele><time>2024-08-27T12:05:41Z</time></trkpt><trkpt lat="43.39084251" lon="-5.82543315"><ele>171.49</ele><time>2024-08-27T12:05:42Z</time></trkpt><trkpt lat="43.39082656" lon="-5.82543754"><ele>171.46</ele><time>2024-08-27T12:05:43Z</time></trkpt><trkpt lat="43.39081061" lon="-5.82544192"><ele>171.43</ele><time>2024-08-27T12:05:44Z</time></trkpt><trkpt lat="43.39079466" lon="-5.82544631"><ele>171.39</ele><time>2024-08-27T12:05:45Z</time></trkpt><trkpt lat="43.39077870" lon="-5.82545069"><ele>171.36</ele><time>2024-08-27T12:05:46Z</time></trkpt><trkpt lat="43.39076275" lon="-5.82545508"><ele>171.32</ele><time>2024-08-27T12:05:47Z</time></trkpt><trkpt lat="43.39074680" lon="-5.82545946"><ele>171.29</ele><time>2024-08-27T12:05:48Z</time></trkpt><trkpt lat="43.39073085" lon="-5.82546385"><ele>171.26</ele><time>2024-08-27T12:05:49Z</time></trkpt><trkpt lat="43.39071489" lon="-5.82546823"><ele>171.22</ele><time>2024-08-27T12:05:50Z</time></trkpt><trkpt lat="43.39069894" lon="-5.82547262"><ele>171.19</ele><time>2024-08-27T12:05:51Z</time></trkpt><trkpt lat="43.39068299" lon="-5.82547700"><ele>171.16</ele><time>2024-08-27T12:05:52Z</time></trkpt><trkpt lat="43.39066704" lon="-5.82548139"><ele>171.12</ele><time>2024-08-27T12:05:53Z</time></trkpt><trkpt lat="43.39065109" lon="-5.82548577"><ele>171.09</ele><time>2024-08-27T12:05:54Z</time></trkpt><trkpt lat="43.39063513" lon="-5.82549016"><ele>171.05</ele><time>2024-08-27T12:05:55Z</time></trkpt><trkpt lat="43.39061918" lon="-5.82549454"><ele>171.02</ele><time>2024-08-27T12:05:56Z</time></trkpt><trkpt lat="43.39060323" lon="-5.82549893"><ele>170.99</ele><time>2024-08-27T12:05:57Z</time></trkpt><trkpt lat="43.39058728" lon="-5.82550331"><ele>170.95</ele><time>2024-08-27T12:05:58Z</time></trkpt><trkpt lat="43.39057133" lon="-5.82550770"><ele>170.92</ele><time>2024-08-27T12:05:59Z</time></trkpt><trkpt lat="43.39055524" lon="-5.82550778"><ele>170.89</ele><time>2024-08-27T12:06:00Z</time></trkpt><trkpt lat="43.39053915" lon="-5.82550786"><ele>170.86</ele><time>2024-08-27T12:06:01Z</time></trkpt><trkpt lat="43.39052307" lon="-5.82550795"><ele>170.83</ele><time>2024-08-27T12:06:02Z</time></trkpt><trkpt lat="43.39050698" lon="-5.82550803"><ele>170.80</ele><time>2024-08-27T12:06:03Z</time></trkpt><trkpt lat="43.39049090" lon="-5.82550812"><ele>170.77</ele><time>2024-08-27T12:06:04Z</time></trkpt><trkpt lat="43.39047481" lon="-5.82550820"><ele>170.75</ele><time>2024-08-27T12:06:05Z</time></trkpt><trkpt lat="43.39045873" lon="-5.82550828"><ele>170.72</ele><time>2024-08-27T12:06:06Z</time></trkpt><trkpt lat="43.39044264" lon="-5.82550837"><ele>170.69</ele><time>2024-08-27T12:06:07Z</time></trkpt><trkpt lat="43.39042656" lon="-5.82550845"><ele>170.66</ele><time>2024-08-27T12:06:08Z</time></trkpt><trkpt lat="43.39041047" lon="-5.82550853"><ele>170.63</ele><time>2024-08-27T12:06:09Z</time></trkpt><trkpt lat="43.39039438" lon="-5.82550862"><ele>170.60</ele><time>2024-08-27T12:06:10Z</time></trkpt><trkpt lat="43.39037830" lon="-5.82550870"><ele>170.57</ele><time>2024-08-27T12:06:11Z</time></trkpt><trkpt lat="43.39036221" lon="-5.82550879"><ele>170.54</ele><time>2024-08-27T12:06:12Z</time></trkpt><trkpt lat="43.39034613" lon="-5.82550887"><ele>170.51</ele><time>2024-08-27T12:06:13Z</time></trkpt><trkpt lat="43.39033004" lon="-5.82550895"><ele>170.48</ele><time>2024-08-27T12:06:14Z</time></trkpt><trkpt lat="43.39031396" lon="-5.82550904"><ele>170.45</ele><time>2024-08-27T12:06:15Z</time></trkpt><trkpt lat="43.39029787" lon="-5.82550912"><ele>170.43</ele><time>2024-08-27T12:06:16Z</time></trkpt><trkpt lat="43.39028178" lon="-5.82550921"><ele>170.40</ele><time>2024-08-27T12:06:17Z</time></trkpt><trkpt lat="43.39026570" lon="-5.82550929"><ele>170.37</ele><time>2024-08-27T12:06:18Z</time></trkpt><trkpt lat="43.39024961" lon="-5.82550937"><ele>170.34</ele><time>2024-08-27T12:06:19Z</time></trkpt><trkpt lat="43.39023353" lon="-5.82550937"><ele>170.31</ele><time>2024-08-27T12:06:20Z</time></trkpt><trkpt lat="43.39021744" lon="-5.82550937"><ele>170.28</ele><time>2024-08-27T12:06:21Z</time></trkpt><trkpt lat="43.39020137" lon="-5.82550771"><ele>170.26</ele><time>2024-08-27T12:06:22Z</time></trkpt><trkpt lat="43.39018531" lon="-5.82550589"><ele>170.24</ele><time>2024-08-27T12:06:23Z</time></trkpt><trkpt lat="43.39016924" lon="-5.82550406"><ele>170.21</ele><time>2024-08-27T12:06:24Z</time></trkpt><trkpt lat="43.39015317" lon="-5.82550224"><ele>170.19</ele><time>2024-08-27T12:06:25Z</time></trkpt><trkpt lat="43.39013710" lon="-5.82550041"><ele>170.17</ele><time>2024-08-27T12:06:26Z</time></trkpt><trkpt lat="43.39012104" lon="-5.82549859"><ele>170.15</ele><time>2024-08-27T12:06:27Z</time></trkpt><trkpt lat="43.39010497" lon="-5.82549676"><ele>170.12</ele><time>2024-08-27T12:06:28Z</time></trkpt><trkpt lat="43.39008890" lon="-5.82549493"><ele>170.10</ele><time>2024-08-27T12:06:29Z</time></trkpt><trkpt lat="43.39007283" lon="-5.82549311"><ele>170.08</ele><time>2024-08-27T12:06:30Z</time></trkpt><trkpt lat="43.39005676" lon="-5.82549128"><ele>170.06</ele><time>2024-08-27T12:06:31Z</time></trkpt><trkpt lat="43.39004070" lon="-5.82548946"><ele>170.04</ele><time>2024-08-27T12:06:32Z</time></trkpt><trkpt lat="43.39002463" lon="-5.82548763"><ele>170.01</ele><time>2024-08-27T12:06:33Z</time></trkpt><trkpt lat="43.39000856" lon="-5.82548581"><ele>169.99</ele><time>2024-08-27T12:06:34Z</time></trkpt><trkpt lat="43.38999249" lon="-5.82548398"><ele>169.97</ele><time>2024-08-27T12:06:35Z</time></trkpt><trkpt lat="43.38997643" lon="-5.82548215"><ele>169.95</ele><time>2024-08-27T12:06:36Z</time></trkpt><trkpt lat="43.38996036" lon="-5.82548033"><ele>169.93</ele><time>2024-08-27T12:06:37Z</time></trkpt><trkpt lat="43.38994429" lon="-5.82547850"><ele>169.90</ele><time>2024-08-27T12:06:38Z</time></trkpt><trkpt lat="43.38992822" lon="-5.82547668"><ele>169.88</ele><time>2024-08-27T12:06:39Z</time></trkpt><trkpt lat="43.38991215" lon="-5.82547485"><ele>169.86</ele><time>2024-08-27T12:06:40Z</time></trkpt><trkpt lat="43.38989609" lon="-5.82547302"><ele>169.84</ele><time>2024-08-27T12:06:41Z</time></trkpt><trkpt lat="43.38988002" lon="-5.82547120"><ele>169.81</ele><time>2024-08-27T12:06:42Z</time></trkpt><trkpt lat="43.38986395" lon="-5.82546937"><ele>169.79</ele><time>2024-08-27T12:06:43Z</time></trkpt><trkpt lat="43.38984788" lon="-5.82546755"><ele>169.77</ele><time>2024-08-27T12:06:44Z</time></trkpt><trkpt lat="43.38983195" lon="-5.82546341"><ele>169.76</ele><time>2024-08-27T12:06:45Z</time></trkpt><trkpt lat="43.38981602" lon="-5.82545928"><ele>169.76</ele><time>2024-08-27T12:06:46Z</time></trkpt><trkpt lat="43.38980009" lon="-5.82545514"><ele>169.75</ele><time>2024-08-27T12:06:47Z</time></trkpt><trkpt lat="43.38978415" lon="-5.82545101"><ele>169.75</ele><time>2024-08-27T12:06:48Z</time></trkpt><trkpt lat="43.38976822" lon="-5.82544687"><ele>169.74</ele><time>2024-08-27T12:06:49Z</time></trkpt><trkpt lat="43.38975229" lon="-5.82544274"><ele>169.74</ele><time>2024-08-27T12:06:50Z</time></trkpt><trkpt lat="43.38973636" lon="-5.82543860"><ele>169.73</ele><time>2024-08-27T12:06:51Z</time></trkpt><trkpt lat="43.38972042" lon="-5.82543447"><ele>169.72</ele><time>2024-08-27T12:06:52Z</time></trkpt><trkpt lat="43.38970449" lon="-5.82543033"><ele>169.72</ele><time>2024-08-27T12:06:53Z</time></trkpt><trkpt lat="43.38968856" lon="-5.82542620"><ele>169.71</ele><time>2024-08-27T12:06:54Z</time></trkpt><trkpt lat="43.38967263" lon="-5.82542206"><ele>169.71</ele><time>2024-08-27T12:06:55Z</time></trkpt><trkpt lat="43.38965669" lon="-5.82541793"><ele>169.70</ele><time>2024-08-27T12:06:56Z</time></trkpt><trkpt lat="43.38964076" lon="-5.82541379"><ele>169.69</ele><time>2024-08-27T12:06:57Z</time></trkpt><trkpt lat="43.38962483" lon="-5.82540966"><ele>169.69</ele><time>2024-08-27T12:06:58Z</time></trkpt><trkpt lat="43.38960889" lon="-5.82540552"><ele>169.68</ele><time>2024-08-27T12:06:59Z</time></trkpt><trkpt lat="43.38959296" lon="-5.82540139"><ele>169.68</ele><time>2024-08-27T12:07:00Z</time></trkpt><trkpt lat="43.38957703" lon="-5.82539725"><ele>169.67</ele><time>2024-08-27T12:07:01Z</time></trkpt><trkpt lat="43.38956110" lon="-5.82539312"><ele>169.66</ele><time>2024-08-27T12:07:02Z</time></trkpt><trkpt lat="43.38954516" lon="-5.82538898"><ele>169.66</ele><time>2024-08-27T12:07:03Z</time></trkpt><trkpt lat="43.38952923" lon="-5.82538485"><ele>169.65</ele><time>2024-08-27T12:07:04Z</time></trkpt><trkpt lat="43.38951330" lon="-5.82538071"><ele>169.65</ele><time>2024-08-27T12:07:05Z</time></trkpt><trkpt lat="43.38949737" lon="-5.82537658"><ele>169.64</ele><time>2024-08-27T12:07:06Z</time></trkpt><trkpt lat="43.38948143" lon="-5.82537244"><ele>169.64</ele><time>2024-08-27T12:07:07Z</time></trkpt><trkpt lat="43.38946550" lon="-5.82536831"><ele>169.63</ele><time>2024-08-27T12:07:08Z</time></trkpt><trkpt lat="43.38945096" lon="-5.82536325"><ele>169.61</ele><time>2024-08-27T12:07:09Z</time></trkpt><trkpt lat="43.38943642" lon="-5.82535819"><ele>169.59</ele><time>2024-08-27T12:07:10Z</time></trkpt><trkpt lat="43.38942187" lon="-5.82535314"><ele>169.57</ele><time>2024-08-27T12:07:11Z</time></trkpt><trkpt lat="43.38940733" lon="-5.82534808"><ele>169.55</ele><time>2024-08-27T12:07:12Z</time></trkpt><trkpt lat="43.38939279" lon="-5.82534303"><ele>169.53</ele><time>2024-08-27T12:07:13Z</time></trkpt><trkpt lat="43.38937825" lon="-5.82533797"><ele>169.50</ele><time>2024-08-27T12:07:14Z</time></trkpt><trkpt lat="43.38936370" lon="-5.82533292"><ele>169.48</ele><time>2024-08-27T12:07:15Z</time></trkpt><trkpt lat="43.38934916" lon="-5.82532786"><ele>169.46</ele><time>2024-08-27T12:07:16Z</time></trkpt><trkpt lat="43.38933462" lon="-5.82532280"><ele>169.44</ele><time>2024-08-27T12:07:17Z</time></trkpt><trkpt lat="43.38932008" lon="-5.82531775"><ele>169.42</ele><time>2024-08-27T12:07:18Z</time></trkpt><trkpt lat="43.38930553" lon="-5.82531269"><ele>169.40</ele><time>2024-08-27T12:07:19Z</time></trkpt><trkpt lat="43.38929099" lon="-5.82530764"><ele>169.38</ele><time>2024-08-27T12:07:20Z</time></trkpt><trkpt lat="43.38927645" lon="-5.82530258"><ele>169.36</ele><time>2024-08-27T12:07:21Z</time></trkpt><trkpt lat="43.38926191" lon="-5.82529752"><ele>169.34</ele><time>2024-08-27T12:07:22Z</time></trkpt><trkpt lat="43.38924736" lon="-5.82529247"><ele>169.32</ele><time>2024-08-27T12:07:23Z</time></trkpt><trkpt lat="43.38923282" lon="-5.82528741"><ele>169.30</ele><time>2024-08-27T12:07:24Z</time></trkpt><trkpt lat="43.38921828" lon="-5.82528236"><ele>169.27</ele><time>2024-08-27T12:07:25Z</time></trkpt><trkpt lat="43.38920373" lon="-5.82527730"><ele>169.25</ele><time>2024-08-27T12:07:26Z</time></trkpt><trkpt lat="43.38918919" lon="-5.82527225"><ele>169.23</ele><time>2024-08-27T12:07:27Z</time></trkpt><trkpt lat="43.38917465" lon="-5.82526719"><ele>169.21</ele><time>2024-08-27T12:07:28Z</time></trkpt><trkpt lat="43.38916011" lon="-5.82526213"><ele>169.21</ele><time>2024-08-27T12:07:29Z</time></trkpt><trkpt lat="43.38914556" lon="-5.82525708"><ele>169.21</ele><time>2024-08-27T12:07:30Z</time></trkpt><trkpt lat="43.38913780" lon="-5.82525515"><ele>169.21</ele><time>2024-08-27T12:07:31Z</time></trkpt><trkpt lat="43.38913004" lon="-5.82525322"><ele>169.24</ele><time>2024-08-27T12:07:32Z</time></trkpt><trkpt lat="43.38912228" lon="-5.82525129"><ele>169.28</ele><time>2024-08-27T12:07:33Z</time></trkpt><trkpt lat="43.38911452" lon="-5.82524937"><ele>169.31</ele><time>2024-08-27T12:07:34Z</time></trkpt><trkpt lat="43.38910676" lon="-5.82524744"><ele>169.35</ele><time>2024-08-27T12:07:35Z</time></trkpt><trkpt lat="43.38909899" lon="-5.82524551"><ele>169.39</ele><time>2024-08-27T12:07:36Z</time></trkpt><trkpt lat="43.38909123" lon="-5.82524358"><ele>169.42</ele><time>2024-08-27T12:07:37Z</time></trkpt><trkpt lat="43.38908347" lon="-5.82524166"><ele>169.46</ele><time>2024-08-27T12:07:38Z</time></trkpt><trkpt lat="43.38907571" lon="-5.82523973"><ele>169.49</ele><time>2024-08-27T12:07:39Z</time></trkpt><trkpt lat="43.38906795" lon="-5.82523780"><ele>169.53</ele><time>2024-08-27T12:07:40Z</time></trkpt><trkpt lat="43.38906019" lon="-5.82523587"><ele>169.57</ele><time>2024-08-27T12:07:41Z</time></trkpt><trkpt lat="43.38905242" lon="-5.82523394"><ele>169.60</ele><time>2024-08-27T12:07:42Z</time></trkpt><trkpt lat="43.38904466" lon="-5.82523202"><ele>169.64</ele><time>2024-08-27T12:07:43Z</time></trkpt><trkpt lat="43.38903690" lon="-5.82523202"><ele>169.67</ele><time>2024-08-27T12:07:44Z</time></trkpt><trkpt lat="43.38902914" lon="-5.82523202"><ele>169.69</ele><time>2024-08-27T12:07:45Z</time></trkpt><trkpt lat="43.38901673" lon="-5.82523816"><ele>169.69</ele><time>2024-08-27T12:07:46Z</time></trkpt><trkpt lat="43.38900433" lon="-5.82524816"><ele>169.69</ele><time>2024-08-27T12:07:47Z</time></trkpt><trkpt lat="43.38899192" lon="-5.82525816"><ele>169.68</ele><time>2024-08-27T12:07:48Z</time></trkpt><trkpt lat="43.38897952" lon="-5.82526815"><ele>169.66</ele><time>2024-08-27T12:07:49Z</time></trkpt><trkpt lat="43.38896711" lon="-5.82527815"><ele>169.65</ele><time>2024-08-27T12:07:50Z</time></trkpt><trkpt lat="43.38895471" lon="-5.82528815"><ele>169.65</ele><time>2024-08-27T12:07:51Z</time></trkpt><trkpt lat="43.38894230" lon="-5.82529815"><ele>169.65</ele><time>2024-08-27T12:07:52Z</time></trkpt><trkpt lat="43.38892787" lon="-5.82530050"><ele>169.66</ele><time>2024-08-27T12:07:53Z</time></trkpt><trkpt lat="43.38891343" lon="-5.82530284"><ele>169.69</ele><time>2024-08-27T12:07:54Z</time></trkpt><trkpt lat="43.38889899" lon="-5.82530519"><ele>169.72</ele><time>2024-08-27T12:07:55Z</time></trkpt><trkpt lat="43.38888456" lon="-5.82530754"><ele>169.75</ele><time>2024-08-27T12:07:56Z</time></trkpt><trkpt lat="43.38887012" lon="-5.82530988"><ele>169.78</ele><time>2024-08-27T12:07:57Z</time></trkpt><trkpt lat="43.38885568" lon="-5.82531223"><ele>169.81</ele><time>2024-08-27T12:07:58Z</time></trkpt><trkpt lat="43.38884125" lon="-5.82531458"><ele>169.84</ele><time>2024-08-27T12:07:59Z</time></trkpt><trkpt lat="43.38882681" lon="-5.82531692"><ele>169.87</ele><time>2024-08-27T12:08:00Z</time></trkpt><trkpt lat="43.38881237" lon="-5.82531927"><ele>169.90</ele><time>2024-08-27T12:08:01Z</time></trkpt><trkpt lat="43.38879793" lon="-5.82532162"><ele>169.93</ele><time>2024-08-27T12:08:02Z</time></trkpt><trkpt lat="43.38878350" lon="-5.82532397"><ele>169.96</ele><time>2024-08-27T12:08:03Z</time></trkpt><trkpt lat="43.38876906" lon="-5.82532631"><ele>169.99</ele><time>2024-08-27T12:08:04Z</time></trkpt><trkpt lat="43.38875462" lon="-5.82532866"><ele>170.02</ele><time>2024-08-27T12:08:05Z</time></trkpt><trkpt lat="43.38874019" lon="-5.82533101"><ele>170.05</ele><time>2024-08-27T12:08:06Z</time></trkpt><trkpt lat="43.38872575" lon="-5.82533335"><ele>170.08</ele><time>2024-08-27T12:08:07Z</time></trkpt><trkpt lat="43.38871131" lon="-5.82533570"><ele>170.11</ele><time>2024-08-27T12:08:08Z</time></trkpt><trkpt lat="43.38869688" lon="-5.82533805"><ele>170.14</ele><time>2024-08-27T12:08:09Z</time></trkpt><trkpt lat="43.38868244" lon="-5.82534039"><ele>170.17</ele><time>2024-08-27T12:08:10Z</time></trkpt><trkpt lat="43.38866800" lon="-5.82534274"><ele>170.20</ele><time>2024-08-27T12:08:11Z</time></trkpt><trkpt lat="43.38865357" lon="-5.82534509"><ele>170.23</ele><time>2024-08-27T12:08:12Z</time></trkpt><trkpt lat="43.38863913" lon="-5.82534743"><ele>170.26</ele><time>2024-08-27T12:08:13Z</time></trkpt><trkpt lat="43.38862635" lon="-5.82535783"><ele>170.30</ele><time>2024-08-27T12:08:14Z</time></trkpt><trkpt lat="43.38861358" lon="-5.82536823"><ele>170.34</ele><time>2024-08-27T12:08:15Z</time></trkpt><trkpt lat="43.38860080" lon="-5.82537863"><ele>170.39</ele><time>2024-08-27T12:08:16Z</time></trkpt><trkpt lat="43.38858802" lon="-5.82538902"><ele>170.43</ele><time>2024-08-27T12:08:17Z</time></trkpt><trkpt lat="43.38857525" lon="-5.82539942"><ele>170.47</ele><time>2024-08-27T12:08:18Z</time></trkpt><trkpt lat="43.38856247" lon="-5.82540982"><ele>170.51</ele><time>2024-08-27T12:08:19Z</time></trkpt><trkpt lat="43.38854969" lon="-5.82542022"><ele>170.56</ele><time>2024-08-27T12:08:20Z</time></trkpt><trkpt lat="43.38853692" lon="-5.82543062"><ele>170.60</ele><time>2024-08-27T12:08:21Z</time></trkpt><trkpt lat="43.38852414" lon="-5.82544101"><ele>170.64</ele><time>2024-08-27T12:08:22Z</time></trkpt><trkpt lat="43.38851137" lon="-5.82545141"><ele>170.68</ele><time>2024-08-27T12:08:23Z</time></trkpt><trkpt lat="43.38849859" lon="-5.82546181"><ele>170.73</ele><time>2024-08-27T12:08:24Z</time></trkpt><trkpt lat="43.38848581" lon="-5.82547221"><ele>170.77</ele><time>2024-08-27T12:08:25Z</time></trkpt><trkpt lat="43.38847304" lon="-5.82548260"><ele>170.81</ele><time>2024-08-27T12:08:26Z</time></trkpt><trkpt lat="43.38846026" lon="-5.82549300"><ele>170.85</ele><time>2024-08-27T12:08:27Z</time></trkpt><trkpt lat="43.38844748" lon="-5.82550340"><ele>170.90</ele><time>2024-08-27T12:08:28Z</time></trkpt><trkpt lat="43.38843471" lon="-5.82551380"><ele>170.94</ele><time>2024-08-27T12:08:29Z</time></trkpt><trkpt lat="43.38842193" lon="-5.82552419"><ele>170.98</ele><time>2024-08-27T12:08:30Z</time></trkpt><trkpt lat="43.38840915" lon="-5.82553459"><ele>171.02</ele><time>2024-08-27T12:08:31Z</time></trkpt><trkpt lat="43.38839638" lon="-5.82554499"><ele>171.07</ele><time>2024-08-27T12:08:32Z</time></trkpt><trkpt lat="43.38838360" lon="-5.82555539"><ele>171.11</ele><time>2024-08-27T12:08:33Z</time></trkpt><trkpt lat="43.38837083" lon="-5.82556578"><ele>171.15</ele><time>2024-08-27T12:08:34Z</time></trkpt><trkpt lat="43.38835936" lon="-5.82557650"><ele>171.20</ele><time>2024-08-27T12:08:35Z</time></trkpt><trkpt lat="43.38834790" lon="-5.82558721"><ele>171.26</ele><time>2024-08-27T12:08:36Z</time></trkpt><trkpt lat="43.38833644" lon="-5.82559793"><ele>171.31</ele><time>2024-08-27T12:08:37Z</time></trkpt><trkpt lat="43.38832498" lon="-5.82560865"><ele>171.36</ele><time>2024-08-27T12:08:38Z</time></trkpt><trkpt lat="43.38831352" lon="-5.82561936"><ele>171.42</ele><time>2024-08-27T12:08:39Z</time></trkpt><trkpt lat="43.38830206" lon="-5.82563008"><ele>171.47</ele><time>2024-08-27T12:08:40Z</time></trkpt><trkpt lat="43.38829060" lon="-5.82564079"><ele>171.52</ele><time>2024-08-27T12:08:41Z</time></trkpt><trkpt lat="43.38827914" lon="-5.82565151"><ele>171.58</ele><time>2024-08-27T12:08:42Z</time></trkpt><trkpt lat="43.38826767" lon="-5.82566222"><ele>171.63</ele><time>2024-08-27T12:08:43Z</time></trkpt><trkpt lat="43.38825621" lon="-5.82567294"><ele>171.68</ele><time>2024-08-27T12:08:44Z</time></trkpt><trkpt lat="43.38824475" lon="-5.82568365"><ele>171.73</ele><time>2024-08-27T12:08:45Z</time></trkpt><trkpt lat="43.38823329" lon="-5.82569437"><ele>171.79</ele><time>2024-08-27T12:08:46Z</time></trkpt><trkpt lat="43.38822183" lon="-5.82570509"><ele>171.84</ele><time>2024-08-27T12:08:47Z</time></trkpt><trkpt lat="43.38821037" lon="-5.82571580"><ele>171.89</ele><time>2024-08-27T12:08:48Z</time></trkpt><trkpt lat="43.38819891" lon="-5.82572652"><ele>171.95</ele><time>2024-08-27T12:08:49Z</time></trkpt><trkpt lat="43.38818745" lon="-5.82573723"><ele>172.00</ele><time>2024-08-27T12:08:50Z</time></trkpt><trkpt lat="43.38817599" lon="-5.82574795"><ele>172.05</ele><time>2024-08-27T12:08:51Z</time></trkpt><trkpt lat="43.38816452" lon="-5.82575866"><ele>172.11</ele><time>2024-08-27T12:08:52Z</time></trkpt><trkpt lat="43.38815717" lon="-5.82576938"><ele>172.16</ele><time>2024-08-27T12:08:53Z</time></trkpt><trkpt lat="43.38815717" lon="-5.82578717"><ele>172.26</ele><time>2024-08-27T12:08:54Z</time></trkpt><trkpt lat="43.38815717" lon="-5.82580496"><ele>172.37</ele><time>2024-08-27T12:08:55Z</time></trkpt><trkpt lat="43.38815717" lon="-5.82582275"><ele>172.48</ele><time>2024-08-27T12:08:56Z</time></trkpt><trkpt lat="43.38815717" lon="-5.82584054"><ele>172.58</ele><time>2024-08-27T12:08:57Z</time></trkpt><trkpt lat="43.38815019" lon="-5.82585241"><ele>172.65</ele><time>2024-08-27T12:08:58Z</time></trkpt><trkpt lat="43.38813910" lon="-5.82586427"><ele>172.72</ele><time>2024-08-27T12:08:59Z</time></trkpt><trkpt lat="43.38812802" lon="-5.82587614"><ele>172.79</ele><time>2024-08-27T12:09:00Z</time></trkpt><trkpt lat="43.38811693" lon="-5.82588800"><ele>172.86</ele><time>2024-08-27T12:09:01Z</time></trkpt><trkpt lat="43.38810584" lon="-5.82589987"><ele>172.93</ele><time>2024-08-27T12:09:02Z</time></trkpt><trkpt lat="43.38809475" lon="-5.82591173"><ele>173.00</ele><time>2024-08-27T12:09:03Z</time></trkpt><trkpt lat="43.38808367" lon="-5.82592360"><ele>173.07</ele><time>2024-08-27T12:09:04Z</time></trkpt><trkpt lat="43.38807258" lon="-5.82593546"><ele>173.14</ele><time>2024-08-27T12:09:05Z</time></trkpt><trkpt lat="43.38806149" lon="-5.82594733"><ele>173.22</ele><time>2024-08-27T12:09:06Z</time></trkpt><trkpt lat="43.38805040" lon="-5.82595919"><ele>173.29</ele><time>2024-08-27T12:09:07Z</time></trkpt><trkpt lat="43.38803932" lon="-5.82597106"><ele>173.36</ele><time>2024-08-27T12:09:08Z</time></trkpt><trkpt lat="43.38802823" lon="-5.82598292"><ele>173.43</ele><time>2024-08-27T12:09:09Z</time></trkpt><trkpt lat="43.38801714" lon="-5.82599479"><ele>173.50</ele><time>2024-08-27T12:09:10Z</time></trkpt><trkpt lat="43.38800605" lon="-5.82600665"><ele>173.57</ele><time>2024-08-27T12:09:11Z</time></trkpt><trkpt lat="43.38799497" lon="-5.82601852"><ele>173.64</ele><time>2024-08-27T12:09:12Z</time></trkpt><trkpt lat="43.38798388" lon="-5.82603038"><ele>173.71</ele><time>2024-08-27T12:09:13Z</time></trkpt><trkpt lat="43.38797279" lon="-5.82604225"><ele>173.78</ele><time>2024-08-27T12:09:14Z</time></trkpt><trkpt lat="43.38796170" lon="-5.82605411"><ele>173.85</ele><time>2024-08-27T12:09:15Z</time></trkpt><trkpt lat="43.38794982" lon="-5.82606523"><ele>173.90</ele><time>2024-08-27T12:09:16Z</time></trkpt><trkpt lat="43.38793794" lon="-5.82607635"><ele>173.95</ele><time>2024-08-27T12:09:17Z</time></trkpt><trkpt lat="43.38792605" lon="-5.82608747"><ele>174.00</ele><time>2024-08-27T12:09:18Z</time></trkpt><trkpt lat="43.38791417" lon="-5.82609858"><ele>174.05</ele><time>2024-08-27T12:09:19Z</time></trkpt><trkpt lat="43.38790229" lon="-5.82610970"><ele>174.10</ele><time>2024-08-27T12:09:20Z</time></trkpt><trkpt lat="43.38789040" lon="-5.82612082"><ele>174.16</ele><time>2024-08-27T12:09:21Z</time></trkpt><trkpt lat="43.38787852" lon="-5.82613194"><ele>174.21</ele><time>2024-08-27T12:09:22Z</time></trkpt><trkpt lat="43.38786664" lon="-5.82614305"><ele>174.26</ele><time>2024-08-27T12:09:23Z</time></trkpt><trkpt lat="43.38785476" lon="-5.82615417"><ele>174.31</ele><time>2024-08-27T12:09:24Z</time></trkpt><trkpt lat="43.38784287" lon="-5.82616529"><ele>174.36</ele><time>2024-08-27T12:09:25Z</time></trkpt><trkpt lat="43.38783099" lon="-5.82617640"><ele>174.41</ele><time>2024-08-27T12:09:26Z</time></trkpt><trkpt lat="43.38781911" lon="-5.82618752"><ele>174.46</ele><time>2024-08-27T12:09:27Z</time></trkpt><trkpt lat="43.38780722" lon="-5.82619864"><ele>174.51</ele><time>2024-08-27T12:09:28Z</time></trkpt><trkpt lat="43.38779534" lon="-5.82620976"><ele>174.56</ele><time>2024-08-27T12:09:29Z</time></trkpt><trkpt lat="43.38778346" lon="-5.82622087"><ele>174.61</ele><time>2024-08-27T12:09:30Z</time></trkpt><trkpt lat="43.38777157" lon="-5.82623199"><ele>174.66</ele><time>2024-08-27T12:09:31Z</time></trkpt><trkpt lat="43.38775969" lon="-5.82624311"><ele>174.72</ele><time>2024-08-27T12:09:32Z</time></trkpt><trkpt lat="43.38774781" lon="-5.82625423"><ele>174.77</ele><time>2024-08-27T12:09:33Z</time></trkpt><trkpt lat="43.38773592" lon="-5.82626534"><ele>174.82</ele><time>2024-08-27T12:09:34Z</time></trkpt><trkpt lat="43.38772404" lon="-5.82627646"><ele>174.87</ele><time>2024-08-27T12:09:35Z</time></trkpt><trkpt lat="43.38771216" lon="-5.82628758"><ele>174.92</ele><time>2024-08-27T12:09:36Z</time></trkpt><trkpt lat="43.38770027" lon="-5.82629870"><ele>174.97</ele><time>2024-08-27T12:09:37Z</time></trkpt><trkpt lat="43.38768885" lon="-5.82630950"><ele>175.04</ele><time>2024-08-27T12:09:38Z</time></trkpt><trkpt lat="43.38767743" lon="-5.82632030"><ele>175.11</ele><time>2024-08-27T12:09:39Z</time></trkpt><trkpt lat="43.38766600" lon="-5.82633110"><ele>175.18</ele><time>2024-08-27T12:09:40Z</time></trkpt><trkpt lat="43.38765458" lon="-5.82634190"><ele>175.25</ele><time>2024-08-27T12:09:41Z</time></trkpt><trkpt lat="43.38764316" lon="-5.82635270"><ele>175.32</ele><time>2024-08-27T12:09:42Z</time></trkpt><trkpt lat="43.38763173" lon="-5.82636350"><ele>175.39</ele><time>2024-08-27T12:09:43Z</time></trkpt><trkpt lat="43.38762031" lon="-5.82637430"><ele>175.46</ele><time>2024-08-27T12:09:44Z</time></trkpt><trkpt lat="43.38760889" lon="-5.82638510"><ele>175.53</ele><time>2024-08-27T12:09:45Z</time></trkpt><trkpt lat="43.38759746" lon="-5.82639590"><ele>175.60</ele><time>2024-08-27T12:09:46Z</time></trkpt><trkpt lat="43.38758604" lon="-5.82640670"><ele>175.67</ele><time>2024-08-27T12:09:47Z</time></trkpt><trkpt lat="43.38757462" lon="-5.82641750"><ele>175.73</ele><time>2024-08-27T12:09:48Z</time></trkpt><trkpt lat="43.38756319" lon="-5.82642831"><ele>175.80</ele><time>2024-08-27T12:09:49Z</time></trkpt><trkpt lat="43.38755177" lon="-5.82643911"><ele>175.87</ele><time>2024-08-27T12:09:50Z</time></trkpt><trkpt lat="43.38754035" lon="-5.82644991"><ele>175.94</ele><time>2024-08-27T12:09:51Z</time></trkpt><trkpt lat="43.38752892" lon="-5.82646071"><ele>176.01</ele><time>2024-08-27T12:09:52Z</time></trkpt><trkpt lat="43.38751750" lon="-5.82647151"><ele>176.08</ele><time>2024-08-27T12:09:53Z</time></trkpt><trkpt lat="43.38750608" lon="-5.82648231"><ele>176.15</ele><time>2024-08-27T12:09:54Z</time></trkpt><trkpt lat="43.38749465" lon="-5.82649311"><ele>176.22</ele><time>2024-08-27T12:09:55Z</time></trkpt><trkpt lat="43.38748323" lon="-5.82650391"><ele>176.29</ele><time>2024-08-27T12:09:56Z</time></trkpt><trkpt lat="43.38747181" lon="-5.82651471"><ele>176.36</ele><time>2024-08-27T12:09:57Z</time></trkpt><trkpt lat="43.38746038" lon="-5.82652551"><ele>176.43</ele><time>2024-08-27T12:09:58Z</time></trkpt><trkpt lat="43.38744851" lon="-5.82653692"><ele>176.48</ele><time>2024-08-27T12:09:59Z</time></trkpt><trkpt lat="43.38743663" lon="-5.82654834"><ele>176.53</ele><time>2024-08-27T12:10:00Z</time></trkpt><trkpt lat="43.38742475" lon="-5.82655975"><ele>176.58</ele><time>2024-08-27T12:10:01Z</time></trkpt><trkpt lat="43.38741287" lon="-5.82657116"><ele>176.63</ele><time>2024-08-27T12:10:02Z</time></trkpt><trkpt lat="43.38740100" lon="-5.82658257"><ele>176.68</ele><time>2024-08-27T12:10:03Z</time></trkpt><trkpt lat="43.38738912" lon="-5.82659398"><ele>176.73</ele><time>2024-08-27T12:10:04Z</time></trkpt><trkpt lat="43.38737724" lon="-5.82660539"><ele>176.78</ele><time>2024-08-27T12:10:05Z</time></trkpt><trkpt lat="43.38736537" lon="-5.82661681"><ele>176.83</ele><time>2024-08-27T12:10:06Z</time></trkpt><trkpt lat="43.38735349" lon="-5.82662822"><ele>176.88</ele><time>2024-08-27T12:10:07Z</time></trkpt><trkpt lat="43.38734161" lon="-5.82663963"><ele>176.93</ele><time>2024-08-27T12:10:08Z</time></trkpt><trkpt lat="43.38732973" lon="-5.82665104"><ele>176.98</ele><time>2024-08-27T12:10:09Z</time></trkpt><trkpt lat="43.38731786" lon="-5.82666245"><ele>177.03</ele><time>2024-08-27T12:10:10Z</time></trkpt><trkpt lat="43.38730598" lon="-5.82667387"><ele>177.08</ele><time>2024-08-27T12:10:11Z</time></trkpt><trkpt lat="43.38729410" lon="-5.82668528"><ele>177.13</ele><time>2024-08-27T12:10:12Z</time></trkpt><trkpt lat="43.38728223" lon="-5.82669669"><ele>177.18</ele><time>2024-08-27T12:10:13Z</time></trkpt><trkpt lat="43.38727035" lon="-5.82670810"><ele>177.23</ele><time>2024-08-27T12:10:14Z</time></trkpt><trkpt lat="43.38725847" lon="-5.82671951"><ele>177.28</ele><time>2024-08-27T12:10:15Z</time></trkpt><trkpt lat="43.38724659" lon="-5.82673093"><ele>177.33</ele><time>2024-08-27T12:10:16Z</time></trkpt><trkpt lat="43.38723472" lon="-5.82674234"><ele>177.38</ele><time>2024-08-27T12:10:17Z</time></trkpt><trkpt lat="43.38722284" lon="-5.82675375"><ele>177.43</ele><time>2024-08-27T12:10:18Z</time></trkpt><trkpt lat="43.38721132" lon="-5.82676500"><ele>177.48</ele><time>2024-08-27T12:10:19Z</time></trkpt><trkpt lat="43.38719980" lon="-5.82677625"><ele>177.53</ele><time>2024-08-27T12:10:20Z</time></trkpt><trkpt lat="43.38718828" lon="-5.82678749"><ele>177.59</ele><time>2024-08-27T12:10:21Z</time></trkpt><trkpt lat="43.38717676" lon="-5.82679874"><ele>177.64</ele><time>2024-08-27T12:10:22Z</time></trkpt><trkpt lat="43.38716524" lon="-5.82680999"><ele>177.69</ele><time>2024-08-27T12:10:23Z</time></trkpt><trkpt lat="43.38715372" lon="-5.82682124"><ele>177.74</ele><time>2024-08-27T12:10:24Z</time></trkpt><trkpt lat="43.38714221" lon="-5.82683248"><ele>177.80</ele><time>2024-08-27T12:10:25Z</time></trkpt><trkpt lat="43.38713069" lon="-5.82684373"><ele>177.85</ele><time>2024-08-27T12:10:26Z</time></trkpt><trkpt lat="43.38711917" lon="-5.82685498"><ele>177.90</ele><time>2024-08-27T12:10:27Z</time></trkpt><trkpt lat="43.38710765" lon="-5.82686623"><ele>177.95</ele><time>2024-08-27T12:10:28Z</time></trkpt><trkpt lat="43.38709613" lon="-5.82687748"><ele>178.01</ele><time>2024-08-27T12:10:29Z</time></trkpt><trkpt lat="43.38708461" lon="-5.82688872"><ele>178.06</ele><time>2024-08-27T12:10:30Z</time></trkpt><trkpt lat="43.38707309" lon="-5.82689997"><ele>178.11</ele><time>2024-08-27T12:10:31Z</time></trkpt><trkpt lat="43.38706157" lon="-5.82691122"><ele>178.16</ele><time>2024-08-27T12:10:32Z</time></trkpt><trkpt lat="43.38705005" lon="-5.82692247"><ele>178.22</ele><time>2024-08-27T12:10:33Z</time></trkpt><trkpt lat="43.38703853" lon="-5.82693371"><ele>178.27</ele><time>2024-08-27T12:10:34Z</time></trkpt><trkpt lat="43.38702701" lon="-5.82694496"><ele>178.32</ele><time>2024-08-27T12:10:35Z</time></trkpt><trkpt lat="43.38701550" lon="-5.82695621"><ele>178.37</ele><time>2024-08-27T12:10:36Z</time></trkpt><trkpt lat="43.38700398" lon="-5.82696746"><ele>178.43</ele><time>2024-08-27T12:10:37Z</time></trkpt><trkpt lat="43.38699246" lon="-5.82697870"><ele>178.48</ele><time>2024-08-27T12:10:38Z</time></trkpt><trkpt lat="43.38698094" lon="-5.82698995"><ele>178.53</ele><time>2024-08-27T12:10:39Z</time></trkpt><trkpt lat="43.38696914" lon="-5.82700006"><ele>178.59</ele><time>2024-08-27T12:10:40Z</time></trkpt><trkpt lat="43.38695734" lon="-5.82701017"><ele>178.65</ele><time>2024-08-27T12:10:41Z</time></trkpt><trkpt lat="43.38694553" lon="-5.82702027"><ele>178.71</ele><time>2024-08-27T12:10:42Z</time></trkpt><trkpt lat="43.38693373" lon="-5.82703038"><ele>178.77</ele><time>2024-08-27T12:10:43Z</time></trkpt><trkpt lat="43.38692193" lon="-5.82704049"><ele>178.83</ele><time>2024-08-27T12:10:44Z</time></trkpt><trkpt lat="43.38691013" lon="-5.82705060"><ele>178.89</ele><time>2024-08-27T12:10:45Z</time></trkpt><trkpt lat="43.38689833" lon="-5.82706070"><ele>178.95</ele><time>2024-08-27T12:10:46Z</time></trkpt><trkpt lat="43.38688653" lon="-5.82707081"><ele>179.01</ele><time>2024-08-27T12:10:47Z</time></trkpt><trkpt lat="43.38687473" lon="-5.82708092"><ele>179.07</ele><time>2024-08-27T12:10:48Z</time></trkpt><trkpt lat="43.38686293" lon="-5.82709102"><ele>179.13</ele><time>2024-08-27T12:10:49Z</time></trkpt><trkpt lat="43.38685113" lon="-5.82710113"><ele>179.19</ele><time>2024-08-27T12:10:50Z</time></trkpt><trkpt lat="43.38683933" lon="-5.82711124"><ele>179.25</ele><time>2024-08-27T12:10:51Z</time></trkpt><trkpt lat="43.38682752" lon="-5.82712135"><ele>179.31</ele><time>2024-08-27T12:10:52Z</time></trkpt><trkpt lat="43.38681572" lon="-5.82713145"><ele>179.37</ele><time>2024-08-27T12:10:53Z</time></trkpt><trkpt lat="43.38680392" lon="-5.82714156"><ele>179.43</ele><time>2024-08-27T12:10:54Z</time></trkpt><trkpt lat="43.38679212" lon="-5.82715167"><ele>179.49</ele><time>2024-08-27T12:10:55Z</time></trkpt><trkpt lat="43.38678032" lon="-5.82716177"><ele>179.55</ele><time>2024-08-27T12:10:56Z</time></trkpt><trkpt lat="43.38676852" lon="-5.82717188"><ele>179.61</ele><time>2024-08-27T12:10:57Z</time></trkpt><trkpt lat="43.38675672" lon="-5.82718199"><ele>179.67</ele><time>2024-08-27T12:10:58Z</time></trkpt><trkpt lat="43.38674492" lon="-5.82719210"><ele>179.73</ele><time>2024-08-27T12:10:59Z</time></trkpt><trkpt lat="43.38673312" lon="-5.82720220"><ele>179.79</ele><time>2024-08-27T12:11:00Z</time></trkpt><trkpt lat="43.38672132" lon="-5.82721231"><ele>179.85</ele><time>2024-08-27T12:11:01Z</time></trkpt><trkpt lat="43.38670951" lon="-5.82722242"><ele>179.91</ele><time>2024-08-27T12:11:02Z</time></trkpt><trkpt lat="43.38669771" lon="-5.82723252"><ele>179.97</ele><time>2024-08-27T12:11:03Z</time></trkpt><trkpt lat="43.38668576" lon="-5.82724366"><ele>180.04</ele><time>2024-08-27T12:11:04Z</time></trkpt><trkpt lat="43.38667382" lon="-5.82725480"><ele>180.11</ele><time>2024-08-27T12:11:05Z</time></trkpt><trkpt lat="43.38666187" lon="-5.82726593"><ele>180.18</ele><time>2024-08-27T12:11:06Z</time></trkpt><trkpt lat="43.38664992" lon="-5.82727707"><ele>180.25</ele><time>2024-08-27T12:11:07Z</time></trkpt><trkpt lat="43.38663797" lon="-5.82728820"><ele>180.32</ele><time>2024-08-27T12:11:08Z</time></trkpt><trkpt lat="43.38662602" lon="-5.82729934"><ele>180.40</ele><time>2024-08-27T12:11:09Z</time></trkpt><trkpt lat="43.38661407" lon="-5.82731047"><ele>180.47</ele><time>2024-08-27T12:11:10Z</time></trkpt><trkpt lat="43.38660213" lon="-5.82732161"><ele>180.54</ele><time>2024-08-27T12:11:11Z</time></trkpt><trkpt lat="43.38659018" lon="-5.82733274"><ele>180.61</ele><time>2024-08-27T12:11:12Z</time></trkpt><trkpt lat="43.38657823" lon="-5.82734388"><ele>180.68</ele><time>2024-08-27T12:11:13Z</time></trkpt><trkpt lat="43.38656628" lon="-5.82735501"><ele>180.75</ele><time>2024-08-27T12:11:14Z</time></trkpt><trkpt lat="43.38655433" lon="-5.82736615"><ele>180.82</ele><time>2024-08-27T12:11:15Z</time></trkpt><trkpt lat="43.38654238" lon="-5.82737728"><ele>180.89</ele><time>2024-08-27T12:11:16Z</time></trkpt><trkpt lat="43.38653044" lon="-5.82738842"><ele>180.96</ele><time>2024-08-27T12:11:17Z</time></trkpt><trkpt lat="43.38651849" lon="-5.82739956"><ele>181.03</ele><time>2024-08-27T12:11:18Z</time></trkpt><trkpt lat="43.38650654" lon="-5.82741069"><ele>181.11</ele><time>2024-08-27T12:11:19Z</time></trkpt><trkpt lat="43.38649459" lon="-5.82742183"><ele>181.18</ele><time>2024-08-27T12:11:20Z</time></trkpt><trkpt lat="43.38648264" lon="-5.82743296"><ele>181.25</ele><time>2024-08-27T12:11:21Z</time></trkpt><trkpt lat="43.38647069" lon="-5.82744410"><ele>181.32</ele><time>2024-08-27T12:11:22Z</time></trkpt><trkpt lat="43.38645875" lon="-5.82745523"><ele>181.39</ele><time>2024-08-27T12:11:23Z</time></trkpt><trkpt lat="43.38644683" lon="-5.82746344"><ele>181.43</ele><time>2024-08-27T12:11:24Z</time></trkpt><trkpt lat="43.38643492" lon="-5.82747165"><ele>181.47</ele><time>2024-08-27T12:11:25Z</time></trkpt><trkpt lat="43.38642301" lon="-5.82747986"><ele>181.51</ele><time>2024-08-27T12:11:26Z</time></trkpt><trkpt lat="43.38641110" lon="-5.82748807"><ele>181.55</ele><time>2024-08-27T12:11:27Z</time></trkpt><trkpt lat="43.38639919" lon="-5.82749628"><ele>181.59</ele><time>2024-08-27T12:11:28Z</time></trkpt><trkpt lat="43.38638728" lon="-5.82750449"><ele>181.63</ele><time>2024-08-27T12:11:29Z</time></trkpt><trkpt lat="43.38637537" lon="-5.82751270"><ele>181.67</ele><time>2024-08-27T12:11:30Z</time></trkpt><trkpt lat="43.38636346" lon="-5.82752091"><ele>181.71</ele><time>2024-08-27T12:11:31Z</time></trkpt><trkpt lat="43.38635155" lon="-5.82752912"><ele>181.75</ele><time>2024-08-27T12:11:32Z</time></trkpt><trkpt lat="43.38633963" lon="-5.82753733"><ele>181.80</ele><time>2024-08-27T12:11:33Z</time></trkpt><trkpt lat="43.38632772" lon="-5.82754554"><ele>181.84</ele><time>2024-08-27T12:11:34Z</time></trkpt><trkpt lat="43.38631581" lon="-5.82755375"><ele>181.88</ele><time>2024-08-27T12:11:35Z</time></trkpt><trkpt lat="43.38630390" lon="-5.82756196"><ele>181.92</ele><time>2024-08-27T12:11:36Z</time></trkpt><trkpt lat="43.38629199" lon="-5.82757017"><ele>181.96</ele><time>2024-08-27T12:11:37Z</time></trkpt><trkpt lat="43.38628008" lon="-5.82757838"><ele>182.00</ele><time>2024-08-27T12:11:38Z</time></trkpt><trkpt lat="43.38626817" lon="-5.82758659"><ele>182.04</ele><time>2024-08-27T12:11:39Z</time></trkpt><trkpt lat="43.38625626" lon="-5.82759480"><ele>182.08</ele><time>2024-08-27T12:11:40Z</time></trkpt><trkpt lat="43.38624434" lon="-5.82759799"><ele>182.12</ele><time>2024-08-27T12:11:41Z</time></trkpt><trkpt lat="43.38623243" lon="-5.82759799"><ele>182.13</ele><time>2024-08-27T12:11:42Z</time></trkpt><trkpt lat="43.38622240" lon="-5.82759799"><ele>182.13</ele><time>2024-08-27T12:11:43Z</time></trkpt><trkpt lat="43.38621236" lon="-5.82758475"><ele>182.13</ele><time>2024-08-27T12:11:44Z</time></trkpt><trkpt lat="43.38620232" lon="-5.82757152"><ele>182.11</ele><time>2024-08-27T12:11:45Z</time></trkpt><trkpt lat="43.38619228" lon="-5.82755829"><ele>182.09</ele><time>2024-08-27T12:11:46Z</time></trkpt><trkpt lat="43.38618225" lon="-5.82754505"><ele>182.08</ele><time>2024-08-27T12:11:47Z</time></trkpt><trkpt lat="43.38617221" lon="-5.82753182"><ele>182.06</ele><time>2024-08-27T12:11:48Z</time></trkpt><trkpt lat="43.38616217" lon="-5.82751859"><ele>182.06</ele><time>2024-08-27T12:11:49Z</time></trkpt><trkpt lat="43.38615214" lon="-5.82751230"><ele>182.06</ele><time>2024-08-27T12:11:50Z</time></trkpt><trkpt lat="43.38614045" lon="-5.82751230"><ele>182.10</ele><time>2024-08-27T12:11:51Z</time></trkpt><trkpt lat="43.38612877" lon="-5.82751230"><ele>182.17</ele><time>2024-08-27T12:11:52Z</time></trkpt><trkpt lat="43.38611708" lon="-5.82751577"><ele>182.23</ele><time>2024-08-27T12:11:53Z</time></trkpt><trkpt lat="43.38610540" lon="-5.82751924"><ele>182.30</ele><time>2024-08-27T12:11:54Z</time></trkpt><trkpt lat="43.38609371" lon="-5.82752271"><ele>182.37</ele><time>2024-08-27T12:11:55Z</time></trkpt><trkpt lat="43.38608386" lon="-5.82753025"><ele>182.46</ele><time>2024-08-27T12:11:56Z</time></trkpt><trkpt lat="43.38607402" lon="-5.82753025"><ele>182.55</ele><time>2024-08-27T12:11:57Z</time></trkpt><trkpt lat="43.38606137" lon="-5.82753025"><ele>182.58</ele><time>2024-08-27T12:11:58Z</time></trkpt><trkpt lat="43.38604872" lon="-5.82752510"><ele>182.61</ele><time>2024-08-27T12:11:59Z</time></trkpt><trkpt lat="43.38603607" lon="-5.82751875"><ele>182.64</ele><time>2024-08-27T12:12:00Z</time></trkpt><trkpt lat="43.38602342" lon="-5.82751241"><ele>182.66</ele><time>2024-08-27T12:12:01Z</time></trkpt><trkpt lat="43.38601077" lon="-5.82750606"><ele>182.69</ele><time>2024-08-27T12:12:02Z</time></trkpt><trkpt lat="43.38599812" lon="-5.82749972"><ele>182.72</ele><time>2024-08-27T12:12:03Z</time></trkpt><trkpt lat="43.38598548" lon="-5.82749337"><ele>182.75</ele><time>2024-08-27T12:12:04Z</time></trkpt><trkpt lat="43.38597283" lon="-5.82748702"><ele>182.78</ele><time>2024-08-27T12:12:05Z</time></trkpt><trkpt lat="43.38596018" lon="-5.82748068"><ele>182.81</ele><time>2024-08-27T12:12:06Z</time></trkpt><trkpt lat="43.38594753" lon="-5.82747433"><ele>182.84</ele><time>2024-08-27T12:12:07Z</time></trkpt><trkpt lat="43.38593488" lon="-5.82746798"><ele>182.86</ele><time>2024-08-27T12:12:08Z</time></trkpt><trkpt lat="43.38592223" lon="-5.82746164"><ele>182.89</ele><time>2024-08-27T12:12:09Z</time></trkpt><trkpt lat="43.38590958" lon="-5.82745529"><ele>182.92</ele><time>2024-08-27T12:12:10Z</time></trkpt><trkpt lat="43.38589693" lon="-5.82744895"><ele>182.95</ele><time>2024-08-27T12:12:11Z</time></trkpt><trkpt lat="43.38588429" lon="-5.82744260"><ele>182.98</ele><time>2024-08-27T12:12:12Z</time></trkpt><trkpt lat="43.38587164" lon="-5.82743625"><ele>183.01</ele><time>2024-08-27T12:12:13Z</time></trkpt><trkpt lat="43.38585899" lon="-5.82742991"><ele>183.04</ele><time>2024-08-27T12:12:14Z</time></trkpt><trkpt lat="43.38584634" lon="-5.82742356"><ele>183.06</ele><time>2024-08-27T12:12:15Z</time></trkpt><trkpt lat="43.38583369" lon="-5.82741721"><ele>183.09</ele><time>2024-08-27T12:12:16Z</time></trkpt><trkpt lat="43.38582104" lon="-5.82741087"><ele>183.11</ele><time>2024-08-27T12:12:17Z</time></trkpt><trkpt lat="43.38580839" lon="-5.82740452"><ele>183.11</ele><time>2024-08-27T12:12:18Z</time></trkpt><trkpt lat="43.38580137" lon="-5.82738883"><ele>183.11</ele><time>2024-08-27T12:12:19Z</time></trkpt><trkpt lat="43.38579435" lon="-5.82737314"><ele>183.07</ele><time>2024-08-27T12:12:20Z</time></trkpt><trkpt lat="43.38578732" lon="-5.82735745"><ele>183.03</ele><time>2024-08-27T12:12:21Z</time></trkpt><trkpt lat="43.38578030" lon="-5.82734176"><ele>182.99</ele><time>2024-08-27T12:12:22Z</time></trkpt><trkpt lat="43.38577327" lon="-5.82732607"><ele>182.95</ele><time>2024-08-27T12:12:23Z</time></trkpt><trkpt lat="43.38576625" lon="-5.82731038"><ele>182.92</ele><time>2024-08-27T12:12:24Z</time></trkpt><trkpt lat="43.38575923" lon="-5.82729468"><ele>182.88</ele><time>2024-08-27T12:12:25Z</time></trkpt><trkpt lat="43.38575220" lon="-5.82727899"><ele>182.84</ele><time>2024-08-27T12:12:26Z</time></trkpt><trkpt lat="43.38574518" lon="-5.82726330"><ele>182.80</ele><time>2024-08-27T12:12:27Z</time></trkpt><trkpt lat="43.38573815" lon="-5.82724761"><ele>182.76</ele><time>2024-08-27T12:12:28Z</time></trkpt><trkpt lat="43.38572788" lon="-5.82723685"><ele>182.72</ele><time>2024-08-27T12:12:29Z</time></trkpt><trkpt lat="43.38571761" lon="-5.82722609"><ele>182.69</ele><time>2024-08-27T12:12:30Z</time></trkpt><trkpt lat="43.38570734" lon="-5.82721533"><ele>182.65</ele><time>2024-08-27T12:12:31Z</time></trkpt><trkpt lat="43.38569707" lon="-5.82720457"><ele>182.61</ele><time>2024-08-27T12:12:32Z</time></trkpt><trkpt lat="43.38568680" lon="-5.82719381"><ele>182.58</ele><time>2024-08-27T12:12:33Z</time></trkpt><trkpt lat="43.38567653" lon="-5.82718305"><ele>182.54</ele><time>2024-08-27T12:12:34Z</time></trkpt><trkpt lat="43.38566626" lon="-5.82717229"><ele>182.50</ele><time>2024-08-27T12:12:35Z</time></trkpt><trkpt lat="43.38565599" lon="-5.82716153"><ele>182.47</ele><time>2024-08-27T12:12:36Z</time></trkpt><trkpt lat="43.38564572" lon="-5.82715077"><ele>182.43</ele><time>2024-08-27T12:12:37Z</time></trkpt><trkpt lat="43.38563545" lon="-5.82714000"><ele>182.39</ele><time>2024-08-27T12:12:38Z</time></trkpt><trkpt lat="43.38562518" lon="-5.82712924"><ele>182.36</ele><time>2024-08-27T12:12:39Z</time></trkpt><trkpt lat="43.38561492" lon="-5.82711848"><ele>182.32</ele><time>2024-08-27T12:12:40Z</time></trkpt><trkpt lat="43.38560465" lon="-5.82710772"><ele>182.28</ele><time>2024-08-27T12:12:41Z</time></trkpt><trkpt lat="43.38559438" lon="-5.82709696"><ele>182.25</ele><time>2024-08-27T12:12:42Z</time></trkpt><trkpt lat="43.38558411" lon="-5.82708620"><ele>182.21</ele><time>2024-08-27T12:12:43Z</time></trkpt><trkpt lat="43.38557384" lon="-5.82707544"><ele>182.17</ele><time>2024-08-27T12:12:44Z</time></trkpt><trkpt lat="43.38556357" lon="-5.82706468"><ele>182.14</ele><time>2024-08-27T12:12:45Z</time></trkpt><trkpt lat="43.38555330" lon="-5.82705392"><ele>182.10</ele><time>2024-08-27T12:12:46Z</time></trkpt><trkpt lat="43.38554303" lon="-5.82704316"><ele>182.06</ele><time>2024-08-27T12:12:47Z</time></trkpt><trkpt lat="43.38553276" lon="-5.82703240"><ele>182.03</ele><time>2024-08-27T12:12:48Z</time></trkpt><trkpt lat="43.38552249" lon="-5.82702164"><ele>181.99</ele><time>2024-08-27T12:12:49Z</time></trkpt><trkpt lat="43.38551979" lon="-5.82701607"><ele>181.95</ele><time>2024-08-27T12:12:50Z</time></trkpt><trkpt lat="43.38551710" lon="-5.82701049"><ele>181.91</ele><time>2024-08-27T12:12:51Z</time></trkpt><trkpt lat="43.38551440" lon="-5.82700492"><ele>181.88</ele><time>2024-08-27T12:12:52Z</time></trkpt><trkpt lat="43.38551171" lon="-5.82699935"><ele>181.84</ele><time>2024-08-27T12:12:53Z</time></trkpt><trkpt lat="43.38550901" lon="-5.82699378"><ele>181.80</ele><time>2024-08-27T12:12:54Z</time></trkpt><trkpt lat="43.38550632" lon="-5.82698821"><ele>181.76</ele><time>2024-08-27T12:12:55Z</time></trkpt><trkpt lat="43.38550362" lon="-5.82698264"><ele>181.73</ele><time>2024-08-27T12:12:56Z</time></trkpt><trkpt lat="43.38550093" lon="-5.82697707"><ele>181.69</ele><time>2024-08-27T12:12:57Z</time></trkpt><trkpt lat="43.38549823" lon="-5.82697150"><ele>181.65</ele><time>2024-08-27T12:12:58Z</time></trkpt><trkpt lat="43.38549554" lon="-5.82696593"><ele>181.61</ele><time>2024-08-27T12:12:59Z</time></trkpt><trkpt lat="43.38549284" lon="-5.82696036"><ele>181.58</ele><time>2024-08-27T12:13:00Z</time></trkpt><trkpt lat="43.38549015" lon="-5.82695479"><ele>181.58</ele><time>2024-08-27T12:13:01Z</time></trkpt><trkpt lat="43.38548745" lon="-5.82694922"><ele>181.54</ele><time>2024-08-27T12:13:02Z</time></trkpt><trkpt lat="43.38548460" lon="-5.82693337"><ele>181.51</ele><time>2024-08-27T12:13:03Z</time></trkpt><trkpt lat="43.38548132" lon="-5.82691455"><ele>181.50</ele><time>2024-08-27T12:13:04Z</time></trkpt><trkpt lat="43.38547804" lon="-5.82689573"><ele>181.44</ele><time>2024-08-27T12:13:05Z</time></trkpt><trkpt lat="43.38547476" lon="-5.82687691"><ele>181.38</ele><time>2024-08-27T12:13:06Z</time></trkpt><trkpt lat="43.38547147" lon="-5.82685809"><ele>181.31</ele><time>2024-08-27T12:13:07Z</time></trkpt><trkpt lat="43.38546819" lon="-5.82683927"><ele>181.24</ele><time>2024-08-27T12:13:08Z</time></trkpt><trkpt lat="43.38546491" lon="-5.82682045"><ele>181.17</ele><time>2024-08-27T12:13:09Z</time></trkpt><trkpt lat="43.38546163" lon="-5.82680162"><ele>181.10</ele><time>2024-08-27T12:13:10Z</time></trkpt><trkpt lat="43.38545835" lon="-5.82678280"><ele>181.04</ele><time>2024-08-27T12:13:11Z</time></trkpt><trkpt lat="43.38545507" lon="-5.82676398"><ele>180.97</ele><time>2024-08-27T12:13:12Z</time></trkpt><trkpt lat="43.38545179" lon="-5.82674516"><ele>180.90</ele><time>2024-08-27T12:13:13Z</time></trkpt><trkpt lat="43.38544850" lon="-5.82672634"><ele>180.83</ele><time>2024-08-27T12:13:14Z</time></trkpt><trkpt lat="43.38544522" lon="-5.82670752"><ele>180.76</ele><time>2024-08-27T12:13:15Z</time></trkpt><trkpt lat="43.38544194" lon="-5.82668869"><ele>180.70</ele><time>2024-08-27T12:13:16Z</time></trkpt><trkpt lat="43.38543866" lon="-5.82666987"><ele>180.63</ele><time>2024-08-27T12:13:17Z</time></trkpt><trkpt lat="43.38543538" lon="-5.82665105"><ele>180.56</ele><time>2024-08-27T12:13:18Z</time></trkpt><trkpt lat="43.38543210" lon="-5.82663223"><ele>180.49</ele><time>2024-08-27T12:13:19Z</time></trkpt><trkpt lat="43.38542881" lon="-5.82661341"><ele>180.42</ele><time>2024-08-27T12:13:20Z</time></trkpt><trkpt lat="43.38542553" lon="-5.82659459"><ele>180.36</ele><time>2024-08-27T12:13:21Z</time></trkpt><trkpt lat="43.38542225" lon="-5.82657576"><ele>180.29</ele><time>2024-08-27T12:13:22Z</time></trkpt><trkpt lat="43.38541897" lon="-5.82655694"><ele>180.24</ele><time>2024-08-27T12:13:23Z</time></trkpt><trkpt lat="43.38540983" lon="-5.82654609"><ele>180.24</ele><time>2024-08-27T12:13:24Z</time></trkpt><trkpt lat="43.38540070" lon="-5.82653523"><ele>180.24</ele><time>2024-08-27T12:13:25Z</time></trkpt><trkpt lat="43.38539156" lon="-5.82652438"><ele>180.25</ele><time>2024-08-27T12:13:26Z</time></trkpt><trkpt lat="43.38538242" lon="-5.82651353"><ele>180.26</ele><time>2024-08-27T12:13:27Z</time></trkpt><trkpt lat="43.38537329" lon="-5.82650267"><ele>180.28</ele><time>2024-08-27T12:13:28Z</time></trkpt><trkpt lat="43.38536415" lon="-5.82649182"><ele>180.29</ele><time>2024-08-27T12:13:29Z</time></trkpt><trkpt lat="43.38535502" lon="-5.82648096"><ele>180.30</ele><time>2024-08-27T12:13:30Z</time></trkpt><trkpt lat="43.38534588" lon="-5.82647011"><ele>180.31</ele><time>2024-08-27T12:13:31Z</time></trkpt><trkpt lat="43.38533674" lon="-5.82645925"><ele>180.32</ele><time>2024-08-27T12:13:32Z</time></trkpt><trkpt lat="43.38532761" lon="-5.82644840"><ele>180.33</ele><time>2024-08-27T12:13:33Z</time></trkpt><trkpt lat="43.38531847" lon="-5.82643754"><ele>180.34</ele><time>2024-08-27T12:13:34Z</time></trkpt><trkpt lat="43.38530933" lon="-5.82642669"><ele>180.35</ele><time>2024-08-27T12:13:35Z</time></trkpt><trkpt lat="43.38530020" lon="-5.82641583"><ele>180.36</ele><time>2024-08-27T12:13:36Z</time></trkpt><trkpt lat="43.38529106" lon="-5.82640498"><ele>180.37</ele><time>2024-08-27T12:13:37Z</time></trkpt><trkpt lat="43.38528193" lon="-5.82639412"><ele>180.38</ele><time>2024-08-27T12:13:38Z</time></trkpt><trkpt lat="43.38527279" lon="-5.82638327"><ele>180.40</ele><time>2024-08-27T12:13:39Z</time></trkpt><trkpt lat="43.38526365" lon="-5.82637242"><ele>180.41</ele><time>2024-08-27T12:13:40Z</time></trkpt><trkpt lat="43.38525452" lon="-5.82636156"><ele>180.42</ele><time>2024-08-27T12:13:41Z</time></trkpt><trkpt lat="43.38524538" lon="-5.82635071"><ele>180.42</ele><time>2024-08-27T12:13:42Z</time></trkpt><trkpt lat="43.38523624" lon="-5.82633985"><ele>180.42</ele><time>2024-08-27T12:13:43Z</time></trkpt><trkpt lat="43.38522686" lon="-5.82632538"><ele>180.39</ele><time>2024-08-27T12:13:44Z</time></trkpt><trkpt lat="43.38521747" lon="-5.82631091"><ele>180.34</ele><time>2024-08-27T12:13:45Z</time></trkpt><trkpt lat="43.38520808" lon="-5.82629643"><ele>180.29</ele><time>2024-08-27T12:13:46Z</time></trkpt><trkpt lat="43.38519869" lon="-5.82628196"><ele>180.23</ele><time>2024-08-27T12:13:47Z</time></trkpt><trkpt lat="43.38518931" lon="-5.82626749"><ele>180.18</ele><time>2024-08-27T12:13:48Z</time></trkpt><trkpt lat="43.38517992" lon="-5.82625302"><ele>180.13</ele><time>2024-08-27T12:13:49Z</time></trkpt><trkpt lat="43.38517053" lon="-5.82623854"><ele>180.08</ele><time>2024-08-27T12:13:50Z</time></trkpt><trkpt lat="43.38516114" lon="-5.82622407"><ele>180.03</ele><time>2024-08-27T12:13:51Z</time></trkpt><trkpt lat="43.38515176" lon="-5.82620960"><ele>179.98</ele><time>2024-08-27T12:13:52Z</time></trkpt><trkpt lat="43.38514237" lon="-5.82619512"><ele>179.93</ele><time>2024-08-27T12:13:53Z</time></trkpt><trkpt lat="43.38513298" lon="-5.82618065"><ele>179.87</ele><time>2024-08-27T12:13:54Z</time></trkpt><trkpt lat="43.38512359" lon="-5.82616618"><ele>179.82</ele><time>2024-08-27T12:13:55Z</time></trkpt><trkpt lat="43.38511420" lon="-5.82615171"><ele>179.77</ele><time>2024-08-27T12:13:56Z</time></trkpt><trkpt lat="43.38510482" lon="-5.82613723"><ele>179.72</ele><time>2024-08-27T12:13:57Z</time></trkpt><trkpt lat="43.38509543" lon="-5.82612276"><ele>179.67</ele><time>2024-08-27T12:13:58Z</time></trkpt><trkpt lat="43.38508604" lon="-5.82610829"><ele>179.62</ele><time>2024-08-27T12:13:59Z</time></trkpt><trkpt lat="43.38507665" lon="-5.82609382"><ele>179.57</ele><time>2024-08-27T12:14:00Z</time></trkpt><trkpt lat="43.38506727" lon="-5.82607934"><ele>179.51</ele><time>2024-08-27T12:14:01Z</time></trkpt><trkpt lat="43.38505788" lon="-5.82606487"><ele>179.46</ele><time>2024-08-27T12:14:02Z</time></trkpt><trkpt lat="43.38504849" lon="-5.82605040"><ele>179.41</ele><time>2024-08-27T12:14:03Z</time></trkpt><trkpt lat="43.38503910" lon="-5.82603592"><ele>179.36</ele><time>2024-08-27T12:14:04Z</time></trkpt><trkpt lat="43.38503353" lon="-5.82601442"><ele>179.31</ele><time>2024-08-27T12:14:05Z</time></trkpt><trkpt lat="43.38502795" lon="-5.82599291"><ele>179.27</ele><time>2024-08-27T12:14:06Z</time></trkpt><trkpt lat="43.38502238" lon="-5.82597141"><ele>179.23</ele><time>2024-08-27T12:14:07Z</time></trkpt><trkpt lat="43.38501681" lon="-5.82594990"><ele>179.18</ele><time>2024-08-27T12:14:08Z</time></trkpt><trkpt lat="43.38501123" lon="-5.82592840"><ele>179.13</ele><time>2024-08-27T12:14:09Z</time></trkpt><trkpt lat="43.38500566" lon="-5.82590689"><ele>179.09</ele><time>2024-08-27T12:14:10Z</time></trkpt><trkpt lat="43.38500008" lon="-5.82588539"><ele>179.05</ele><time>2024-08-27T12:14:11Z</time></trkpt><trkpt lat="43.38499451" lon="-5.82586388"><ele>179.00</ele><time>2024-08-27T12:14:12Z</time></trkpt><trkpt lat="43.38498894" lon="-5.82584237"><ele>178.95</ele><time>2024-08-27T12:14:13Z</time></trkpt><trkpt lat="43.38498336" lon="-5.82582087"><ele>178.91</ele><time>2024-08-27T12:14:14Z</time></trkpt><trkpt lat="43.38497779" lon="-5.82579936"><ele>178.87</ele><time>2024-08-27T12:14:15Z</time></trkpt><trkpt lat="43.38497221" lon="-5.82577786"><ele>178.82</ele><time>2024-08-27T12:14:16Z</time></trkpt><trkpt lat="43.38496664" lon="-5.82575635"><ele>178.77</ele><time>2024-08-27T12:14:17Z</time></trkpt><trkpt lat="43.38496107" lon="-5.82573485"><ele>178.73</ele><time>2024-08-27T12:14:18Z</time></trkpt><trkpt lat="43.38495855" lon="-5.82571578"><ele>178.63</ele><time>2024-08-27T12:14:19Z</time></trkpt><trkpt lat="43.38495604" lon="-5.82569672"><ele>178.54</ele><time>2024-08-27T12:14:20Z</time></trkpt><trkpt lat="43.38495352" lon="-5.82567766"><ele>178.44</ele><time>2024-08-27T12:14:21Z</time></trkpt><trkpt lat="43.38495101" lon="-5.82565859"><ele>178.34</ele><time>2024-08-27T12:14:22Z</time></trkpt><trkpt lat="43.38494849" lon="-5.82563953"><ele>178.25</ele><time>2024-08-27T12:14:23Z</time></trkpt><trkpt lat="43.38494598" lon="-5.82562046"><ele>178.15</ele><time>2024-08-27T12:14:24Z</time></trkpt><trkpt lat="43.38494346" lon="-5.82560140"><ele>178.06</ele><time>2024-08-27T12:14:25Z</time></trkpt><trkpt lat="43.38494095" lon="-5.82558234"><ele>177.96</ele><time>2024-08-27T12:14:26Z</time></trkpt><trkpt lat="43.38493844" lon="-5.82556327"><ele>177.86</ele><time>2024-08-27T12:14:27Z</time></trkpt><trkpt lat="43.38493592" lon="-5.82554421"><ele>177.77</ele><time>2024-08-27T12:14:28Z</time></trkpt><trkpt lat="43.38493341" lon="-5.82552515"><ele>177.67</ele><time>2024-08-27T12:14:29Z</time></trkpt><trkpt lat="43.38493089" lon="-5.82550608"><ele>177.57</ele><time>2024-08-27T12:14:30Z</time></trkpt><trkpt lat="43.38492838" lon="-5.82548702"><ele>177.48</ele><time>2024-08-27T12:14:31Z</time></trkpt><trkpt lat="43.38492586" lon="-5.82546796"><ele>177.38</ele><time>2024-08-27T12:14:32Z</time></trkpt><trkpt lat="43.38492335" lon="-5.82544889"><ele>177.29</ele><time>2024-08-27T12:14:33Z</time></trkpt><trkpt lat="43.38492083" lon="-5.82542983"><ele>177.19</ele><time>2024-08-27T12:14:34Z</time></trkpt><trkpt lat="43.38491160" lon="-5.82541438"><ele>177.18</ele><time>2024-08-27T12:14:35Z</time></trkpt><trkpt lat="43.38490237" lon="-5.82539894"><ele>177.16</ele><time>2024-08-27T12:14:36Z</time></trkpt><trkpt lat="43.38489314" lon="-5.82538349"><ele>177.15</ele><time>2024-08-27T12:14:37Z</time></trkpt><trkpt lat="43.38488391" lon="-5.82536805"><ele>177.14</ele><time>2024-08-27T12:14:38Z</time></trkpt><trkpt lat="43.38487468" lon="-5.82535260"><ele>177.13</ele><time>2024-08-27T12:14:39Z</time></trkpt><trkpt lat="43.38486545" lon="-5.82533716"><ele>177.11</ele><time>2024-08-27T12:14:40Z</time></trkpt><trkpt lat="43.38485621" lon="-5.82532171"><ele>177.10</ele><time>2024-08-27T12:14:41Z</time></trkpt><trkpt lat="43.38484698" lon="-5.82530627"><ele>177.09</ele><time>2024-08-27T12:14:42Z</time></trkpt><trkpt lat="43.38483775" lon="-5.82529082"><ele>177.08</ele><time>2024-08-27T12:14:43Z</time></trkpt><trkpt lat="43.38482852" lon="-5.82527538"><ele>177.06</ele><time>2024-08-27T12:14:44Z</time></trkpt><trkpt lat="43.38481929" lon="-5.82525993"><ele>177.05</ele><time>2024-08-27T12:14:45Z</time></trkpt><trkpt lat="43.38481006" lon="-5.82524449"><ele>177.04</ele><time>2024-08-27T12:14:46Z</time></trkpt><trkpt lat="43.38480083" lon="-5.82522904"><ele>177.03</ele><time>2024-08-27T12:14:47Z</time></trkpt><trkpt lat="43.38479160" lon="-5.82521360"><ele>177.03</ele><time>2024-08-27T12:14:48Z</time></trkpt><trkpt lat="43.38478236" lon="-5.82519815"><ele>177.03</ele><time>2024-08-27T12:14:49Z</time></trkpt><trkpt lat="43.38477763" lon="-5.82518026"><ele>177.13</ele><time>2024-08-27T12:14:50Z</time></trkpt><trkpt lat="43.38477763" lon="-5.82516236"><ele>177.16</ele><time>2024-08-27T12:14:51Z</time></trkpt><trkpt lat="43.38477763" lon="-5.82514459"><ele>177.16</ele><time>2024-08-27T12:14:52Z</time></trkpt><trkpt lat="43.38478048" lon="-5.82512682"><ele>177.16</ele><time>2024-08-27T12:14:53Z</time></trkpt><trkpt lat="43.38478428" lon="-5.82510904"><ele>177.10</ele><time>2024-08-27T12:14:54Z</time></trkpt><trkpt lat="43.38478807" lon="-5.82509127"><ele>177.04</ele><time>2024-08-27T12:14:55Z</time></trkpt><trkpt lat="43.38479187" lon="-5.82507350"><ele>176.99</ele><time>2024-08-27T12:14:56Z</time></trkpt><trkpt lat="43.38479566" lon="-5.82505572"><ele>176.93</ele><time>2024-08-27T12:14:57Z</time></trkpt><trkpt lat="43.38479946" lon="-5.82503795"><ele>176.87</ele><time>2024-08-27T12:14:58Z</time></trkpt><trkpt lat="43.38480325" lon="-5.82502017"><ele>176.82</ele><time>2024-08-27T12:14:59Z</time></trkpt><trkpt lat="43.38480705" lon="-5.82500240"><ele>176.76</ele><time>2024-08-27T12:15:00Z</time></trkpt><trkpt lat="43.38481084" lon="-5.82498463"><ele>176.70</ele><time>2024-08-27T12:15:01Z</time></trkpt><trkpt lat="43.38481463" lon="-5.82496685"><ele>176.65</ele><time>2024-08-27T12:15:02Z</time></trkpt><trkpt lat="43.38481843" lon="-5.82494908"><ele>176.59</ele><time>2024-08-27T12:15:03Z</time></trkpt><trkpt lat="43.38482222" lon="-5.82493131"><ele>176.53</ele><time>2024-08-27T12:15:04Z</time></trkpt><trkpt lat="43.38482602" lon="-5.82491353"><ele>176.47</ele><time>2024-08-27T12:15:05Z</time></trkpt><trkpt lat="43.38482981" lon="-5.82489576"><ele>176.42</ele><time>2024-08-27T12:15:06Z</time></trkpt><trkpt lat="43.38483361" lon="-5.82487799"><ele>176.36</ele><time>2024-08-27T12:15:07Z</time></trkpt><trkpt lat="43.38483740" lon="-5.82486021"><ele>176.30</ele><time>2024-08-27T12:15:08Z</time></trkpt><trkpt lat="43.38484120" lon="-5.82484244"><ele>176.25</ele><time>2024-08-27T12:15:09Z</time></trkpt><trkpt lat="43.38484499" lon="-5.82482467"><ele>176.19</ele><time>2024-08-27T12:15:10Z</time></trkpt><trkpt lat="43.38484879" lon="-5.82480689"><ele>176.13</ele><time>2024-08-27T12:15:11Z</time></trkpt><trkpt lat="43.38484879" lon="-5.82478912"><ele>176.08</ele><time>2024-08-27T12:15:12Z</time></trkpt><trkpt lat="43.38484879" lon="-5.82477135"><ele>176.02</ele><time>2024-08-27T12:15:13Z</time></trkpt><trkpt lat="43.38484862" lon="-5.82475027"><ele>175.96</ele><time>2024-08-27T12:15:14Z</time></trkpt><trkpt lat="43.38484085" lon="-5.82472920"><ele>175.91</ele><time>2024-08-27T12:15:15Z</time></trkpt><trkpt lat="43.38483309" lon="-5.82470813"><ele>175.85</ele><time>2024-08-27T12:15:16Z</time></trkpt><trkpt lat="43.38482533" lon="-5.82468706"><ele>175.79</ele><time>2024-08-27T12:15:17Z</time></trkpt><trkpt lat="43.38481757" lon="-5.82466599"><ele>175.74</ele><time>2024-08-27T12:15:18Z</time></trkpt><trkpt lat="43.38480981" lon="-5.82464491"><ele>175.68</ele><time>2024-08-27T12:15:19Z</time></trkpt><trkpt lat="43.38480205" lon="-5.82462384"><ele>175.62</ele><time>2024-08-27T12:15:20Z</time></trkpt><trkpt lat="43.38479428" lon="-5.82460277"><ele>175.57</ele><time>2024-08-27T12:15:21Z</time></trkpt><trkpt lat="43.38478652" lon="-5.82458170"><ele>175.51</ele><time>2024-08-27T12:15:22Z</time></trkpt><trkpt lat="43.38477876" lon="-5.82456063"><ele>175.45</ele><time>2024-08-27T12:15:23Z</time></trkpt><trkpt lat="43.38477100" lon="-5.82453955"><ele>175.40</ele><time>2024-08-27T12:15:24Z</time></trkpt><trkpt lat="43.38476324" lon="-5.82451848"><ele>175.34</ele><time>2024-08-27T12:15:25Z</time></trkpt><trkpt lat="43.38475548" lon="-5.82449741"><ele>175.28</ele><time>2024-08-27T12:15:26Z</time></trkpt><trkpt lat="43.38474771" lon="-5.82447634"><ele>175.23</ele><time>2024-08-27T12:15:27Z</time></trkpt><trkpt lat="43.38473995" lon="-5.82445527"><ele>175.17</ele><time>2024-08-27T12:15:28Z</time></trkpt><trkpt lat="43.38473171" lon="-5.82444662"><ele>175.16</ele><time>2024-08-27T12:15:29Z</time></trkpt><trkpt lat="43.38472347" lon="-5.82443798"><ele>175.16</ele><time>2024-08-27T12:15:30Z</time></trkpt><trkpt lat="43.38471523" lon="-5.82442934"><ele>175.15</ele><time>2024-08-27T12:15:31Z</time></trkpt><trkpt lat="43.38470698" lon="-5.82442069"><ele>175.14</ele><time>2024-08-27T12:15:32Z</time></trkpt><trkpt lat="43.38469874" lon="-5.82441205"><ele>175.13</ele><time>2024-08-27T12:15:33Z</time></trkpt><trkpt lat="43.38469050" lon="-5.82440341"><ele>175.13</ele><time>2024-08-27T12:15:34Z</time></trkpt><trkpt lat="43.38468226" lon="-5.82439477"><ele>175.12</ele><time>2024-08-27T12:15:35Z</time></trkpt><trkpt lat="43.38467401" lon="-5.82438612"><ele>175.11</ele><time>2024-08-27T12:15:36Z</time></trkpt><trkpt lat="43.38466577" lon="-5.82437748"><ele>175.10</ele><time>2024-08-27T12:15:37Z</time></trkpt><trkpt lat="43.38465753" lon="-5.82436884"><ele>175.10</ele><time>2024-08-27T12:15:38Z</time></trkpt><trkpt lat="43.38464929" lon="-5.82436020"><ele>175.09</ele><time>2024-08-27T12:15:39Z</time></trkpt><trkpt lat="43.38464105" lon="-5.82435155"><ele>175.08</ele><time>2024-08-27T12:15:40Z</time></trkpt><trkpt lat="43.38463280" lon="-5.82434291"><ele>175.08</ele><time>2024-08-27T12:15:41Z</time></trkpt><trkpt lat="43.38462456" lon="-5.82433427"><ele>175.07</ele><time>2024-08-27T12:15:42Z</time></trkpt><trkpt lat="43.38461632" lon="-5.82432562"><ele>175.06</ele><time>2024-08-27T12:15:43Z</time></trkpt><trkpt lat="43.38460808" lon="-5.82431698"><ele>175.05</ele><time>2024-08-27T12:15:44Z</time></trkpt><trkpt lat="43.38459983" lon="-5.82430834"><ele>175.05</ele><time>2024-08-27T12:15:45Z</time></trkpt><trkpt lat="43.38459159" lon="-5.82430814"><ele>175.04</ele><time>2024-08-27T12:15:46Z</time></trkpt><trkpt lat="43.38457914" lon="-5.82430814"><ele>175.00</ele><time>2024-08-27T12:15:47Z</time></trkpt><trkpt lat="43.38456668" lon="-5.82430814"><ele>174.96</ele><time>2024-08-27T12:15:48Z</time></trkpt><trkpt lat="43.38455422" lon="-5.82431237"><ele>174.91</ele><time>2024-08-27T12:15:49Z</time></trkpt><trkpt lat="43.38454177" lon="-5.82431659"><ele>174.87</ele><time>2024-08-27T12:15:50Z</time></trkpt><trkpt lat="43.38452931" lon="-5.82432081"><ele>174.83</ele><time>2024-08-27T12:15:51Z</time></trkpt><trkpt lat="43.38451685" lon="-5.82432504"><ele>174.79</ele><time>2024-08-27T12:15:52Z</time></trkpt><trkpt lat="43.38450439" lon="-5.82432926"><ele>174.74</ele><time>2024-08-27T12:15:53Z</time></trkpt><trkpt lat="43.38449194" lon="-5.82433348"><ele>174.70</ele><time>2024-08-27T12:15:54Z</time></trkpt><trkpt lat="43.38447948" lon="-5.82433771"><ele>174.66</ele><time>2024-08-27T12:15:55Z</time></trkpt><trkpt lat="43.38446702" lon="-5.82434193"><ele>174.62</ele><time>2024-08-27T12:15:56Z</time></trkpt><trkpt lat="43.38445457" lon="-5.82434615"><ele>174.57</ele><time>2024-08-27T12:15:57Z</time></trkpt><trkpt lat="43.38444211" lon="-5.82435038"><ele>174.53</ele><time>2024-08-27T12:15:58Z</time></trkpt><trkpt lat="43.38442965" lon="-5.82435038"><ele>174.52</ele><time>2024-08-27T12:15:59Z</time></trkpt><trkpt lat="43.38441591" lon="-5.82435038"><ele>174.49</ele><time>2024-08-27T12:16:00Z</time></trkpt><trkpt lat="43.38440276" lon="-5.82434171"><ele>174.46</ele><time>2024-08-27T12:16:01Z</time></trkpt><trkpt lat="43.38438962" lon="-5.82433025"><ele>174.40</ele><time>2024-08-27T12:16:02Z</time></trkpt><trkpt lat="43.38437647" lon="-5.82431879"><ele>174.34</ele><time>2024-08-27T12:16:03Z</time></trkpt><trkpt lat="43.38436333" lon="-5.82430732"><ele>174.28</ele><time>2024-08-27T12:16:04Z</time></trkpt><trkpt lat="43.38435018" lon="-5.82429586"><ele>174.22</ele><time>2024-08-27T12:16:05Z</time></trkpt><trkpt lat="43.38433703" lon="-5.82428440"><ele>174.16</ele><time>2024-08-27T12:16:06Z</time></trkpt><trkpt lat="43.38432389" lon="-5.82427294"><ele>174.09</ele><time>2024-08-27T12:16:07Z</time></trkpt><trkpt lat="43.38431074" lon="-5.82426148"><ele>174.03</ele><time>2024-08-27T12:16:08Z</time></trkpt><trkpt lat="43.38429760" lon="-5.82425001"><ele>173.97</ele><time>2024-08-27T12:16:09Z</time></trkpt><trkpt lat="43.38428445" lon="-5.82423855"><ele>173.91</ele><time>2024-08-27T12:16:10Z</time></trkpt><trkpt lat="43.38427131" lon="-5.82422709"><ele>173.85</ele><time>2024-08-27T12:16:11Z</time></trkpt><trkpt lat="43.38425816" lon="-5.82421563"><ele>173.79</ele><time>2024-08-27T12:16:12Z</time></trkpt><trkpt lat="43.38425786" lon="-5.82420089"><ele>173.78</ele><time>2024-08-27T12:16:13Z</time></trkpt><trkpt lat="43.38425756" lon="-5.82418616"><ele>173.77</ele><time>2024-08-27T12:16:14Z</time></trkpt><trkpt lat="43.38425726" lon="-5.82417142"><ele>173.76</ele><time>2024-08-27T12:16:15Z</time></trkpt><trkpt lat="43.38425726" lon="-5.82415668"><ele>173.75</ele><time>2024-08-27T12:16:16Z</time></trkpt><trkpt lat="43.38425726" lon="-5.82414195"><ele>173.74</ele><time>2024-08-27T12:16:17Z</time></trkpt><trkpt lat="43.38425760" lon="-5.82411708"><ele>173.64</ele><time>2024-08-27T12:16:18Z</time></trkpt><trkpt lat="43.38425855" lon="-5.82409222"><ele>173.55</ele><time>2024-08-27T12:16:19Z</time></trkpt><trkpt lat="43.38425950" lon="-5.82406735"><ele>173.45</ele><time>2024-08-27T12:16:20Z</time></trkpt><trkpt lat="43.38426288" lon="-5.82404181"><ele>173.41</ele><time>2024-08-27T12:16:21Z</time></trkpt><trkpt lat="43.38426625" lon="-5.82401626"><ele>173.38</ele><time>2024-08-27T12:16:22Z</time></trkpt><trkpt lat="43.38426962" lon="-5.82399072"><ele>173.34</ele><time>2024-08-27T12:16:23Z</time></trkpt><trkpt lat="43.38427300" lon="-5.82396518"><ele>173.30</ele><time>2024-08-27T12:16:24Z</time></trkpt><trkpt lat="43.38427946" lon="-5.82394410"><ele>173.27</ele><time>2024-08-27T12:16:25Z</time></trkpt><trkpt lat="43.38428593" lon="-5.82392303"><ele>173.23</ele><time>2024-08-27T12:16:26Z</time></trkpt><trkpt lat="43.38429239" lon="-5.82390196"><ele>173.20</ele><time>2024-08-27T12:16:27Z</time></trkpt><trkpt lat="43.38429886" lon="-5.82388088"><ele>173.16</ele><time>2024-08-27T12:16:28Z</time></trkpt><trkpt lat="43.38430532" lon="-5.82385981"><ele>173.13</ele><time>2024-08-27T12:16:29Z</time></trkpt><trkpt lat="43.38431179" lon="-5.82383874"><ele>173.09</ele><time>2024-08-27T12:16:30Z</time></trkpt><trkpt lat="43.38431825" lon="-5.82381767"><ele>173.06</ele><time>2024-08-27T12:16:31Z</time></trkpt><trkpt lat="43.38432472" lon="-5.82379659"><ele>173.02</ele><time>2024-08-27T12:16:32Z</time></trkpt><trkpt lat="43.38433119" lon="-5.82377552"><ele>172.99</ele><time>2024-08-27T12:16:33Z</time></trkpt><trkpt lat="43.38433765" lon="-5.82375445"><ele>172.95</ele><time>2024-08-27T12:16:34Z</time></trkpt><trkpt lat="43.38434412" lon="-5.82373337"><ele>172.92</ele><time>2024-08-27T12:16:35Z</time></trkpt><trkpt lat="43.38435058" lon="-5.82371230"><ele>172.89</ele><time>2024-08-27T12:16:36Z</time></trkpt><trkpt lat="43.38435705" lon="-5.82369123"><ele>172.85</ele><time>2024-08-27T12:16:37Z</time></trkpt><trkpt lat="43.38436351" lon="-5.82367015"><ele>172.82</ele><time>2024-08-27T12:16:38Z</time></trkpt><trkpt lat="43.38436998" lon="-5.82364908"><ele>172.78</ele><time>2024-08-27T12:16:39Z</time></trkpt><trkpt lat="43.38437644" lon="-5.82362801"><ele>172.75</ele><time>2024-08-27T12:16:40Z</time></trkpt><trkpt lat="43.38438291" lon="-5.82360694"><ele>172.71</ele><time>2024-08-27T12:16:41Z</time></trkpt><trkpt lat="43.38438938" lon="-5.82358586"><ele>172.68</ele><time>2024-08-27T12:16:42Z</time></trkpt><trkpt lat="43.38439584" lon="-5.82356479"><ele>172.64</ele><time>2024-08-27T12:16:43Z</time></trkpt><trkpt lat="43.38440231" lon="-5.82354372"><ele>172.61</ele><time>2024-08-27T12:16:44Z</time></trkpt><trkpt lat="43.38440877" lon="-5.82352264"><ele>172.57</ele><time>2024-08-27T12:16:45Z</time></trkpt><trkpt lat="43.38441524" lon="-5.82350157"><ele>172.54</ele><time>2024-08-27T12:16:46Z</time></trkpt><trkpt lat="43.38441891" lon="-5.82348175"><ele>172.54</ele><time>2024-08-27T12:16:47Z</time></trkpt><trkpt lat="43.38442259" lon="-5.82346193"><ele>172.53</ele><time>2024-08-27T12:16:48Z</time></trkpt><trkpt lat="43.38442626" lon="-5.82344211"><ele>172.53</ele><time>2024-08-27T12:16:49Z</time></trkpt><trkpt lat="43.38442994" lon="-5.82342229"><ele>172.53</ele><time>2024-08-27T12:16:50Z</time></trkpt><trkpt lat="43.38443361" lon="-5.82340247"><ele>172.53</ele><time>2024-08-27T12:16:51Z</time></trkpt><trkpt lat="43.38443729" lon="-5.82338265"><ele>172.52</ele><time>2024-08-27T12:16:52Z</time></trkpt><trkpt lat="43.38444096" lon="-5.82336283"><ele>172.52</ele><time>2024-08-27T12:16:53Z</time></trkpt><trkpt lat="43.38444464" lon="-5.82334300"><ele>172.52</ele><time>2024-08-27T12:16:54Z</time></trkpt><trkpt lat="43.38444831" lon="-5.82332318"><ele>172.52</ele><time>2024-08-27T12:16:55Z</time></trkpt><trkpt lat="43.38445199" lon="-5.82330336"><ele>172.51</ele><time>2024-08-27T12:16:56Z</time></trkpt><trkpt lat="43.38445566" lon="-5.82328354"><ele>172.51</ele><time>2024-08-27T12:16:57Z</time></trkpt><trkpt lat="43.38445933" lon="-5.82326372"><ele>172.51</ele><time>2024-08-27T12:16:58Z</time></trkpt><trkpt lat="43.38446301" lon="-5.82324390"><ele>172.51</ele><time>2024-08-27T12:16:59Z</time></trkpt><trkpt lat="43.38446668" lon="-5.82322408"><ele>172.50</ele><time>2024-08-27T12:17:00Z</time></trkpt><trkpt lat="43.38447036" lon="-5.82320426"><ele>172.50</ele><time>2024-08-27T12:17:01Z</time></trkpt><trkpt lat="43.38447403" lon="-5.82318444"><ele>172.50</ele><time>2024-08-27T12:17:02Z</time></trkpt><trkpt lat="43.38447771" lon="-5.82316462"><ele>172.50</ele><time>2024-08-27T12:17:03Z</time></trkpt><trkpt lat="43.38448138" lon="-5.82314479"><ele>172.49</ele><time>2024-08-27T12:17:04Z</time></trkpt><trkpt lat="43.38448381" lon="-5.82312497"><ele>172.49</ele><time>2024-08-27T12:17:05Z</time></trkpt><trkpt lat="43.38448381" lon="-5.82310047"><ele>172.46</ele><time>2024-08-27T12:17:06Z</time></trkpt><trkpt lat="43.38448381" lon="-5.82307596"><ele>172.42</ele><time>2024-08-27T12:17:07Z</time></trkpt><trkpt lat="43.38448319" lon="-5.82305145"><ele>172.39</ele><time>2024-08-27T12:17:08Z</time></trkpt><trkpt lat="43.38448257" lon="-5.82302695"><ele>172.36</ele><time>2024-08-27T12:17:09Z</time></trkpt><trkpt lat="43.38448195" lon="-5.82300244"><ele>172.32</ele><time>2024-08-27T12:17:10Z</time></trkpt><trkpt lat="43.38448133" lon="-5.82297794"><ele>172.29</ele><time>2024-08-27T12:17:11Z</time></trkpt><trkpt lat="43.38448070" lon="-5.82295343"><ele>172.25</ele><time>2024-08-27T12:17:12Z</time></trkpt><trkpt lat="43.38448008" lon="-5.82292892"><ele>172.22</ele><time>2024-08-27T12:17:13Z</time></trkpt><trkpt lat="43.38447946" lon="-5.82290442"><ele>172.19</ele><time>2024-08-27T12:17:14Z</time></trkpt><trkpt lat="43.38447884" lon="-5.82287991"><ele>172.15</ele><time>2024-08-27T12:17:15Z</time></trkpt><trkpt lat="43.38447822" lon="-5.82285541"><ele>172.12</ele><time>2024-08-27T12:17:16Z</time></trkpt><trkpt lat="43.38447759" lon="-5.82283090"><ele>172.09</ele><time>2024-08-27T12:17:17Z</time></trkpt><trkpt lat="43.38447697" lon="-5.82280639"><ele>172.05</ele><time>2024-08-27T12:17:18Z</time></trkpt><trkpt lat="43.38447635" lon="-5.82278189"><ele>172.02</ele><time>2024-08-27T12:17:19Z</time></trkpt><trkpt lat="43.38447573" lon="-5.82275738"><ele>171.98</ele><time>2024-08-27T12:17:20Z</time></trkpt><trkpt lat="43.38447511" lon="-5.82273288"><ele>171.95</ele><time>2024-08-27T12:17:21Z</time></trkpt><trkpt lat="43.38447448" lon="-5.82270837"><ele>171.92</ele><time>2024-08-27T12:17:22Z</time></trkpt><trkpt lat="43.38447448" lon="-5.82268386"><ele>171.88</ele><time>2024-08-27T12:17:23Z</time></trkpt><trkpt lat="43.38447448" lon="-5.82265936"><ele>171.85</ele><time>2024-08-27T12:17:24Z</time></trkpt><trkpt lat="43.38447779" lon="-5.82264247"><ele>171.79</ele><time>2024-08-27T12:17:25Z</time></trkpt><trkpt lat="43.38448234" lon="-5.82262557"><ele>171.72</ele><time>2024-08-27T12:17:26Z</time></trkpt><trkpt lat="43.38448689" lon="-5.82260868"><ele>171.66</ele><time>2024-08-27T12:17:27Z</time></trkpt><trkpt lat="43.38449144" lon="-5.82259179"><ele>171.60</ele><time>2024-08-27T12:17:28Z</time></trkpt><trkpt lat="43.38449599" lon="-5.82257489"><ele>171.53</ele><time>2024-08-27T12:17:29Z</time></trkpt><trkpt lat="43.38450053" lon="-5.82255800"><ele>171.47</ele><time>2024-08-27T12:17:30Z</time></trkpt><trkpt lat="43.38450508" lon="-5.82254110"><ele>171.40</ele><time>2024-08-27T12:17:31Z</time></trkpt><trkpt lat="43.38450963" lon="-5.82252421"><ele>171.34</ele><time>2024-08-27T12:17:32Z</time></trkpt><trkpt lat="43.38451418" lon="-5.82250732"><ele>171.28</ele><time>2024-08-27T12:17:33Z</time></trkpt><trkpt lat="43.38451873" lon="-5.82249042"><ele>171.21</ele><time>2024-08-27T12:17:34Z</time></trkpt><trkpt lat="43.38452328" lon="-5.82247353"><ele>171.15</ele><time>2024-08-27T12:17:35Z</time></trkpt><trkpt lat="43.38452772" lon="-5.82245523"><ele>171.13</ele><time>2024-08-27T12:17:36Z</time></trkpt><trkpt lat="43.38453215" lon="-5.82243692"><ele>171.11</ele><time>2024-08-27T12:17:37Z</time></trkpt><trkpt lat="43.38453659" lon="-5.82241861"><ele>171.09</ele><time>2024-08-27T12:17:38Z</time></trkpt><trkpt lat="43.38454103" lon="-5.82240031"><ele>171.06</ele><time>2024-08-27T12:17:39Z</time></trkpt><trkpt lat="43.38454546" lon="-5.82238200"><ele>171.04</ele><time>2024-08-27T12:17:40Z</time></trkpt><trkpt lat="43.38454990" lon="-5.82236370"><ele>171.02</ele><time>2024-08-27T12:17:41Z</time></trkpt><trkpt lat="43.38455434" lon="-5.82234539"><ele>171.00</ele><time>2024-08-27T12:17:42Z</time></trkpt><trkpt lat="43.38455877" lon="-5.82232708"><ele>170.98</ele><time>2024-08-27T12:17:43Z</time></trkpt><trkpt lat="43.38456321" lon="-5.82230878"><ele>170.96</ele><time>2024-08-27T12:17:44Z</time></trkpt><trkpt lat="43.38456765" lon="-5.82229047"><ele>170.94</ele><time>2024-08-27T12:17:45Z</time></trkpt><trkpt lat="43.38457209" lon="-5.82227216"><ele>170.92</ele><time>2024-08-27T12:17:46Z</time></trkpt><trkpt lat="43.38457652" lon="-5.82225386"><ele>170.89</ele><time>2024-08-27T12:17:47Z</time></trkpt><trkpt lat="43.38458096" lon="-5.82223555"><ele>170.87</ele><time>2024-08-27T12:17:48Z</time></trkpt><trkpt lat="43.38458540" lon="-5.82221725"><ele>170.85</ele><time>2024-08-27T12:17:49Z</time></trkpt><trkpt lat="43.38458983" lon="-5.82219894"><ele>170.83</ele><time>2024-08-27T12:17:50Z</time></trkpt><trkpt lat="43.38459667" lon="-5.82217808"><ele>170.79</ele><time>2024-08-27T12:17:51Z</time></trkpt><trkpt lat="43.38460352" lon="-5.82215722"><ele>170.75</ele><time>2024-08-27T12:17:52Z</time></trkpt><trkpt lat="43.38461036" lon="-5.82213637"><ele>170.71</ele><time>2024-08-27T12:17:53Z</time></trkpt><trkpt lat="43.38461720" lon="-5.82211551"><ele>170.67</ele><time>2024-08-27T12:17:54Z</time></trkpt><trkpt lat="43.38462404" lon="-5.82209465"><ele>170.62</ele><time>2024-08-27T12:17:55Z</time></trkpt><trkpt lat="43.38463089" lon="-5.82207379"><ele>170.58</ele><time>2024-08-27T12:17:56Z</time></trkpt><trkpt lat="43.38463773" lon="-5.82205294"><ele>170.54</ele><time>2024-08-27T12:17:57Z</time></trkpt><trkpt lat="43.38464457" lon="-5.82203208"><ele>170.50</ele><time>2024-08-27T12:17:58Z</time></trkpt><trkpt lat="43.38465141" lon="-5.82201122"><ele>170.46</ele><time>2024-08-27T12:17:59Z</time></trkpt><trkpt lat="43.38465826" lon="-5.82199036"><ele>170.42</ele><time>2024-08-27T12:18:00Z</time></trkpt><trkpt lat="43.38466510" lon="-5.82196951"><ele>170.38</ele><time>2024-08-27T12:18:01Z</time></trkpt><trkpt lat="43.38467194" lon="-5.82194865"><ele>170.34</ele><time>2024-08-27T12:18:02Z</time></trkpt><trkpt lat="43.38467878" lon="-5.82192779"><ele>170.30</ele><time>2024-08-27T12:18:03Z</time></trkpt><trkpt lat="43.38468562" lon="-5.82190693"><ele>170.26</ele><time>2024-08-27T12:18:04Z</time></trkpt><trkpt lat="43.38469247" lon="-5.82188607"><ele>170.21</ele><time>2024-08-27T12:18:05Z</time></trkpt><trkpt lat="43.38469931" lon="-5.82186522"><ele>170.17</ele><time>2024-08-27T12:18:06Z</time></trkpt><trkpt lat="43.38470615" lon="-5.82184436"><ele>170.13</ele><time>2024-08-27T12:18:07Z</time></trkpt><trkpt lat="43.38471299" lon="-5.82182350"><ele>170.09</ele><time>2024-08-27T12:18:08Z</time></trkpt><trkpt lat="43.38471984" lon="-5.82180264"><ele>170.06</ele><time>2024-08-27T12:18:09Z</time></trkpt><trkpt lat="43.38472611" lon="-5.82178514"><ele>170.06</ele><time>2024-08-27T12:18:10Z</time></trkpt><trkpt lat="43.38473239" lon="-5.82176764"><ele>170.06</ele><time>2024-08-27T12:18:11Z</time></trkpt><trkpt lat="43.38473866" lon="-5.82175013"><ele>170.06</ele><time>2024-08-27T12:18:12Z</time></trkpt><trkpt lat="43.38474494" lon="-5.82173263"><ele>170.07</ele><time>2024-08-27T12:18:13Z</time></trkpt><trkpt lat="43.38475122" lon="-5.82171512"><ele>170.08</ele><time>2024-08-27T12:18:14Z</time></trkpt><trkpt lat="43.38475749" lon="-5.82169762"><ele>170.08</ele><time>2024-08-27T12:18:15Z</time></trkpt><trkpt lat="43.38476377" lon="-5.82168011"><ele>170.09</ele><time>2024-08-27T12:18:16Z</time></trkpt><trkpt lat="43.38477004" lon="-5.82166261"><ele>170.09</ele><time>2024-08-27T12:18:17Z</time></trkpt><trkpt lat="43.38477632" lon="-5.82164511"><ele>170.09</ele><time>2024-08-27T12:18:18Z</time></trkpt><trkpt lat="43.38478260" lon="-5.82162760"><ele>170.10</ele><time>2024-08-27T12:18:19Z</time></trkpt><trkpt lat="43.38478887" lon="-5.82161010"><ele>170.10</ele><time>2024-08-27T12:18:20Z</time></trkpt><trkpt lat="43.38479515" lon="-5.82159259"><ele>170.11</ele><time>2024-08-27T12:18:21Z</time></trkpt><trkpt lat="43.38480142" lon="-5.82157509"><ele>170.12</ele><time>2024-08-27T12:18:22Z</time></trkpt><trkpt lat="43.38480770" lon="-5.82155759"><ele>170.12</ele><time>2024-08-27T12:18:23Z</time></trkpt><trkpt lat="43.38481397" lon="-5.82154008"><ele>170.12</ele><time>2024-08-27T12:18:24Z</time></trkpt><trkpt lat="43.38482025" lon="-5.82152258"><ele>170.13</ele><time>2024-08-27T12:18:25Z</time></trkpt><trkpt lat="43.38482653" lon="-5.82150507"><ele>170.13</ele><time>2024-08-27T12:18:26Z</time></trkpt><trkpt lat="43.38483280" lon="-5.82148757"><ele>170.14</ele><time>2024-08-27T12:18:27Z</time></trkpt><trkpt lat="43.38483908" lon="-5.82147006"><ele>170.14</ele><time>2024-08-27T12:18:28Z</time></trkpt><trkpt lat="43.38484535" lon="-5.82145256"><ele>170.15</ele><time>2024-08-27T12:18:29Z</time></trkpt><trkpt lat="43.38485163" lon="-5.82143506"><ele>170.16</ele><time>2024-08-27T12:18:30Z</time></trkpt><trkpt lat="43.38485791" lon="-5.82141755"><ele>170.16</ele><time>2024-08-27T12:18:31Z</time></trkpt><trkpt lat="43.38486418" lon="-5.82140005"><ele>170.16</ele><time>2024-08-27T12:18:32Z</time></trkpt><trkpt lat="43.38487046" lon="-5.82138441"><ele>170.16</ele><time>2024-08-27T12:18:33Z</time></trkpt><trkpt lat="43.38488063" lon="-5.82138441"><ele>170.14</ele><time>2024-08-27T12:18:34Z</time></trkpt><trkpt lat="43.38489081" lon="-5.82138441"><ele>170.11</ele><time>2024-08-27T12:18:35Z</time></trkpt><trkpt lat="43.38490099" lon="-5.82138534"><ele>170.08</ele><time>2024-08-27T12:18:36Z</time></trkpt><trkpt lat="43.38491116" lon="-5.82138628"><ele>170.04</ele><time>2024-08-27T12:18:37Z</time></trkpt><trkpt lat="43.38492134" lon="-5.82138721"><ele>170.01</ele><time>2024-08-27T12:18:38Z</time></trkpt><trkpt lat="43.38493151" lon="-5.82138814"><ele>169.98</ele><time>2024-08-27T12:18:39Z</time></trkpt><trkpt lat="43.38494169" lon="-5.82138908"><ele>169.95</ele><time>2024-08-27T12:18:40Z</time></trkpt><trkpt lat="43.38495186" lon="-5.82139001"><ele>169.92</ele><time>2024-08-27T12:18:41Z</time></trkpt><trkpt lat="43.38496204" lon="-5.82139094"><ele>169.89</ele><time>2024-08-27T12:18:42Z</time></trkpt><trkpt lat="43.38497221" lon="-5.82139187"><ele>169.86</ele><time>2024-08-27T12:18:43Z</time></trkpt><trkpt lat="43.38498239" lon="-5.82139281"><ele>169.83</ele><time>2024-08-27T12:18:44Z</time></trkpt><trkpt lat="43.38499257" lon="-5.82139374"><ele>169.79</ele><time>2024-08-27T12:18:45Z</time></trkpt><trkpt lat="43.38500274" lon="-5.82139467"><ele>169.76</ele><time>2024-08-27T12:18:46Z</time></trkpt><trkpt lat="43.38501292" lon="-5.82139561"><ele>169.73</ele><time>2024-08-27T12:18:47Z</time></trkpt><trkpt lat="43.38502309" lon="-5.82139561"><ele>169.70</ele><time>2024-08-27T12:18:48Z</time></trkpt><trkpt lat="43.38502335" lon="-5.82139561"><ele>169.68</ele><time>2024-08-27T12:18:49Z</time></trkpt><trkpt lat="43.38502360" lon="-5.82139491"><ele>169.66</ele><time>2024-08-27T12:18:50Z</time></trkpt><trkpt lat="43.38502386" lon="-5.82139410"><ele>169.63</ele><time>2024-08-27T12:18:51Z</time></trkpt><trkpt lat="43.38502411" lon="-5.82139329"><ele>169.61</ele><time>2024-08-27T12:18:52Z</time></trkpt><trkpt lat="43.38502436" lon="-5.82139248"><ele>169.59</ele><time>2024-08-27T12:18:53Z</time></trkpt><trkpt lat="43.38502462" lon="-5.82139166"><ele>169.57</ele><time>2024-08-27T12:18:54Z</time></trkpt><trkpt lat="43.38502487" lon="-5.82139085"><ele>169.54</ele><time>2024-08-27T12:18:55Z</time></trkpt><trkpt lat="43.38502513" lon="-5.82139004"><ele>169.52</ele><time>2024-08-27T12:18:56Z</time></trkpt><trkpt lat="43.38502538" lon="-5.82138922"><ele>169.50</ele><time>2024-08-27T12:18:57Z</time></trkpt><trkpt lat="43.38502564" lon="-5.82138841"><ele>169.48</ele><time>2024-08-27T12:18:58Z</time></trkpt><trkpt lat="43.38502589" lon="-5.82138760"><ele>169.45</ele><time>2024-08-27T12:18:59Z</time></trkpt><trkpt lat="43.38502614" lon="-5.82138678"><ele>169.43</ele><time>2024-08-27T12:19:00Z</time></trkpt><trkpt lat="43.38502640" lon="-5.82138597"><ele>169.41</ele><time>2024-08-27T12:19:01Z</time></trkpt><trkpt lat="43.38502665" lon="-5.82138516"><ele>169.39</ele><time>2024-08-27T12:19:02Z</time></trkpt><trkpt lat="43.38502691" lon="-5.82138435"><ele>169.37</ele><time>2024-08-27T12:19:03Z</time></trkpt><trkpt lat="43.38502716" lon="-5.82138353"><ele>169.34</ele><time>2024-08-27T12:19:04Z</time></trkpt><trkpt lat="43.38502742" lon="-5.82138272"><ele>169.32</ele><time>2024-08-27T12:19:05Z</time></trkpt><trkpt lat="43.38502767" lon="-5.82138191"><ele>169.30</ele><time>2024-08-27T12:19:06Z</time></trkpt><trkpt lat="43.38502792" lon="-5.82138109"><ele>169.28</ele><time>2024-08-27T12:19:07Z</time></trkpt><trkpt lat="43.38502818" lon="-5.82138028"><ele>169.25</ele><time>2024-08-27T12:19:08Z</time></trkpt><trkpt lat="43.38502843" lon="-5.82137947"><ele>169.23</ele><time>2024-08-27T12:19:09Z</time></trkpt><trkpt lat="43.38502869" lon="-5.82137865"><ele>169.21</ele><time>2024-08-27T12:19:10Z</time></trkpt><trkpt lat="43.38502894" lon="-5.82137784"><ele>169.19</ele><time>2024-08-27T12:19:11Z</time></trkpt><trkpt lat="43.38502919" lon="-5.82137703"><ele>169.16</ele><time>2024-08-27T12:19:12Z</time></trkpt><trkpt lat="43.38502945" lon="-5.82137621"><ele>169.14</ele><time>2024-08-27T12:19:13Z</time></trkpt><trkpt lat="43.38502970" lon="-5.82137540"><ele>169.12</ele><time>2024-08-27T12:19:14Z</time></trkpt><trkpt lat="43.38502996" lon="-5.82137459"><ele>169.10</ele><time>2024-08-27T12:19:15Z</time></trkpt><trkpt lat="43.38503021" lon="-5.82137378"><ele>169.07</ele><time>2024-08-27T12:19:16Z</time></trkpt><trkpt lat="43.38503046" lon="-5.82137296"><ele>169.05</ele><time>2024-08-27T12:19:17Z</time></trkpt><trkpt lat="43.38503046" lon="-5.82137215"><ele>169.03</ele><time>2024-08-27T12:19:18Z</time></trkpt><trkpt lat="43.38503046" lon="-5.82137188"><ele>169.03</ele><time>2024-08-27T12:19:19Z</time></trkpt><trkpt lat="43.38503019" lon="-5.82137160"><ele>169.02</ele><time>2024-08-27T12:19:20Z</time></trkpt><trkpt lat="43.38502993" lon="-5.82137133"><ele>169.02</ele><time>2024-08-27T12:19:21Z</time></trkpt><trkpt lat="43.38502967" lon="-5.82137105"><ele>169.02</ele><time>2024-08-27T12:19:22Z</time></trkpt><trkpt lat="43.38502941" lon="-5.82137078"><ele>169.01</ele><time>2024-08-27T12:19:23Z</time></trkpt><trkpt lat="43.38502914" lon="-5.82137050"><ele>169.01</ele><time>2024-08-27T12:19:24Z</time></trkpt><trkpt lat="43.38502888" lon="-5.82137023"><ele>169.01</ele><time>2024-08-27T12:19:25Z</time></trkpt><trkpt lat="43.38502862" lon="-5.82136995"><ele>169.00</ele><time>2024-08-27T12:19:26Z</time></trkpt><trkpt lat="43.38502835" lon="-5.82136968"><ele>169.00</ele><time>2024-08-27T12:19:27Z</time></trkpt><trkpt lat="43.38502809" lon="-5.82136940"><ele>168.99</ele><time>2024-08-27T12:19:28Z</time></trkpt><trkpt lat="43.38502783" lon="-5.82136913"><ele>168.99</ele><time>2024-08-27T12:19:29Z</time></trkpt><trkpt lat="43.38502756" lon="-5.82136886"><ele>168.99</ele><time>2024-08-27T12:19:30Z</time></trkpt><trkpt lat="43.38502730" lon="-5.82136858"><ele>168.98</ele><time>2024-08-27T12:19:31Z</time></trkpt><trkpt lat="43.38502704" lon="-5.82136831"><ele>168.98</ele><time>2024-08-27T12:19:32Z</time></trkpt><trkpt lat="43.38502678" lon="-5.82136803"><ele>168.98</ele><time>2024-08-27T12:19:33Z</time></trkpt><trkpt lat="43.38502651" lon="-5.82136776"><ele>168.97</ele><time>2024-08-27T12:19:34Z</time></trkpt><trkpt lat="43.38502625" lon="-5.82136748"><ele>168.97</ele><time>2024-08-27T12:19:35Z</time></trkpt><trkpt lat="43.38502599" lon="-5.82136721"><ele>168.97</ele><time>2024-08-27T12:19:36Z</time></trkpt><trkpt lat="43.38502572" lon="-5.82136693"><ele>168.96</ele><time>2024-08-27T12:19:37Z</time></trkpt><trkpt lat="43.38502546" lon="-5.82136666"><ele>168.96</ele><time>2024-08-27T12:19:38Z</time></trkpt><trkpt lat="43.38502520" lon="-5.82136639"><ele>168.96</ele><time>2024-08-27T12:19:39Z</time></trkpt><trkpt lat="43.38502494" lon="-5.82136611"><ele>168.95</ele><time>2024-08-27T12:19:40Z</time></trkpt><trkpt lat="43.38502467" lon="-5.82136584"><ele>168.95</ele><time>2024-08-27T12:19:41Z</time></trkpt><trkpt lat="43.38502441" lon="-5.82136556"><ele>168.95</ele><time>2024-08-27T12:19:42Z</time></trkpt><trkpt lat="43.38502415" lon="-5.82136529"><ele>168.94</ele><time>2024-08-27T12:19:43Z</time></trkpt><trkpt lat="43.38502388" lon="-5.82136501"><ele>168.94</ele><time>2024-08-27T12:19:44Z</time></trkpt><trkpt lat="43.38502362" lon="-5.82136474"><ele>168.93</ele><time>2024-08-27T12:19:45Z</time></trkpt><trkpt lat="43.38502336" lon="-5.82136446"><ele>168.93</ele><time>2024-08-27T12:19:46Z</time></trkpt><trkpt lat="43.38502309" lon="-5.82136419"><ele>168.93</ele><time>2024-08-27T12:19:47Z</time></trkpt><trkpt lat="43.38502283" lon="-5.82136392"><ele>168.92</ele><time>2024-08-27T12:19:48Z</time></trkpt><trkpt lat="43.38502257" lon="-5.82136364"><ele>168.92</ele><time>2024-08-27T12:19:49Z</time></trkpt><trkpt lat="43.38502231" lon="-5.82136337"><ele>168.92</ele><time>2024-08-27T12:19:50Z</time></trkpt><trkpt lat="43.38502204" lon="-5.82136309"><ele>168.91</ele><time>2024-08-27T12:19:51Z</time></trkpt><trkpt lat="43.38502178" lon="-5.82136282"><ele>168.91</ele><time>2024-08-27T12:19:52Z</time></trkpt><trkpt lat="43.38502152" lon="-5.82136254"><ele>168.91</ele><time>2024-08-27T12:19:53Z</time></trkpt><trkpt lat="43.38502125" lon="-5.82136227"><ele>168.90</ele><time>2024-08-27T12:19:54Z</time></trkpt><trkpt lat="43.38502099" lon="-5.82136199"><ele>168.90</ele><time>2024-08-27T12:19:55Z</time></trkpt><trkpt lat="43.38502073" lon="-5.82136172"><ele>168.90</ele><time>2024-08-27T12:19:56Z</time></trkpt><trkpt lat="43.38502046" lon="-5.82136145"><ele>168.89</ele><time>2024-08-27T12:19:57Z</time></trkpt><trkpt lat="43.38502020" lon="-5.82136117"><ele>168.89</ele><time>2024-08-27T12:19:58Z</time></trkpt><trkpt lat="43.38501994" lon="-5.82136090"><ele>168.89</ele><time>2024-08-27T12:19:59Z</time></trkpt><trkpt lat="43.38501968" lon="-5.82136062"><ele>168.88</ele><time>2024-08-27T12:20:00Z</time></trkpt><trkpt lat="43.38501941" lon="-5.82136035"><ele>168.88</ele><time>2024-08-27T12:20:01Z</time></trkpt><trkpt lat="43.38501915" lon="-5.82136007"><ele>168.87</ele><time>2024-08-27T12:20:02Z</time></trkpt><trkpt lat="43.38501889" lon="-5.82135980"><ele>168.87</ele><time>2024-08-27T12:20:03Z</time></trkpt><trkpt lat="43.38501862" lon="-5.82135952"><ele>168.87</ele><time>2024-08-27T12:20:04Z</time></trkpt><trkpt lat="43.38501836" lon="-5.82135925"><ele>168.86</ele><time>2024-08-27T12:20:05Z</time></trkpt><trkpt lat="43.38501810" lon="-5.82135898"><ele>168.86</ele><time>2024-08-27T12:20:06Z</time></trkpt><trkpt lat="43.38501784" lon="-5.82135870"><ele>168.86</ele><time>2024-08-27T12:20:07Z</time></trkpt><trkpt lat="43.38501784" lon="-5.82135870"><ele>168.85</ele><time>2024-08-27T12:20:08Z</time></trkpt><trkpt lat="43.38501784" lon="-5.82135870"><ele>168.85</ele><time>2024-08-27T12:20:09Z</time></trkpt><trkpt lat="43.38501806" lon="-5.82135878"><ele>168.83</ele><time>2024-08-27T12:20:10Z</time></trkpt><trkpt lat="43.38501881" lon="-5.82135940"><ele>168.80</ele><time>2024-08-27T12:20:11Z</time></trkpt><trkpt lat="43.38501956" lon="-5.82136003"><ele>168.78</ele><time>2024-08-27T12:20:12Z</time></trkpt><trkpt lat="43.38502031" lon="-5.82136066"><ele>168.76</ele><time>2024-08-27T12:20:13Z</time></trkpt><trkpt lat="43.38502106" lon="-5.82136128"><ele>168.74</ele><time>2024-08-27T12:20:14Z</time></trkpt><trkpt lat="43.38502181" lon="-5.82136191"><ele>168.71</ele><time>2024-08-27T12:20:15Z</time></trkpt><trkpt lat="43.38502256" lon="-5.82136253"><ele>168.69</ele><time>2024-08-27T12:20:16Z</time></trkpt><trkpt lat="43.38502330" lon="-5.82136316"><ele>168.67</ele><time>2024-08-27T12:20:17Z</time></trkpt><trkpt lat="43.38502405" lon="-5.82136379"><ele>168.64</ele><time>2024-08-27T12:20:18Z</time></trkpt><trkpt lat="43.38502480" lon="-5.82136441"><ele>168.62</ele><time>2024-08-27T12:20:19Z</time></trkpt><trkpt lat="43.38502555" lon="-5.82136504"><ele>168.60</ele><time>2024-08-27T12:20:20Z</time></trkpt><trkpt lat="43.38502630" lon="-5.82136567"><ele>168.57</ele><time>2024-08-27T12:20:21Z</time></trkpt><trkpt lat="43.38502705" lon="-5.82136629"><ele>168.55</ele><time>2024-08-27T12:20:22Z</time></trkpt><trkpt lat="43.38502780" lon="-5.82136692"><ele>168.53</ele><time>2024-08-27T12:20:23Z</time></trkpt><trkpt lat="43.38502855" lon="-5.82136754"><ele>168.51</ele><time>2024-08-27T12:20:24Z</time></trkpt><trkpt lat="43.38502930" lon="-5.82136817"><ele>168.48</ele><time>2024-08-27T12:20:25Z</time></trkpt><trkpt lat="43.38503005" lon="-5.82136880"><ele>168.46</ele><time>2024-08-27T12:20:26Z</time></trkpt><trkpt lat="43.38503005" lon="-5.82136880"><ele>168.46</ele><time>2024-08-27T12:20:27Z</time></trkpt></trkseg></trk></gpx>