dist_total,desn_pos,desn_neg
12672.970181,561.322453,561.028263
