dist_total,desn_pos,desn_neg
19414.762000,516.481390,515.481389
