dist_total,desn_pos,desn_neg
26929.781282,603.817672,554.817672
