dist_total,desn_pos,desn_neg
5019.119184,49.038836,49.038836
