dist_total,desn_pos,desn_neg
17987.083549,1394.501558,1392.501556
