dist_total,desn_pos,desn_neg
7945.643251,902.765160,284.765159
