dist_total,desn_pos,desn_neg
12365.228227,1243.262649,534.919178
