dist_total,desn_pos,desn_neg
10810.748863,402.398444,184.713458
