dist_total,desn_pos,desn_neg
20421.154305,390.710179,103.743679
