dist_total,desn_pos,desn_neg
4218.769853,211.118562,211.278341
