dist_total,desn_pos,desn_neg
16437.666718,1312.258660,1311.984404
