{"muDh":0.9866309049797961,"muDz":0.0016977789554762587,"muSlope":5.0359202860016445,"sigmaDh":0.05880089726108859,"sigmaDz":0.13877614990612017,"sigmaSlope":5018.522118202977}