{"muDh":4.9091625,"muDz":0.008519057,"muSlope":16.828554,"sigmaDh":0.35705635,"sigmaDz":0.6377823,"sigmaSlope":9172.352}