<?xml version='1.0' encoding='utf-8'?>
<gpx version="1.1" creator="kalman_filter" xmlns="http://www.topografix.com/GPX/1/1"><trk><name>Kalman Filtered Track</name><trkseg><trkpt lat="43.38540600" lon="-5.82079700"><ele>189.00</ele><time>2024-09-04T12:54:29Z</time></trkpt><trkpt lat="43.38541600" lon="-5.82078700"><ele>188.10</ele><time>2024-09-04T12:54:30Z</time></trkpt><trkpt lat="43.38542599" lon="-5.82078300"><ele>187.60</ele><time>2024-09-04T12:54:31Z</time></trkpt><trkpt lat="43.38543683" lon="-5.82078317"><ele>187.52</ele><time>2024-09-04T12:54:32Z</time></trkpt><trkpt lat="43.38544851" lon="-5.82078475"><ele>187.50</ele><time>2024-09-04T12:54:33Z</time></trkpt><trkpt lat="43.38545921" lon="-5.82078927"><ele>187.20</ele><time>2024-09-04T12:54:34Z</time></trkpt><trkpt lat="43.38547005" lon="-5.82079798"><ele>187.06</ele><time>2024-09-04T12:54:35Z</time></trkpt><trkpt lat="43.38548041" lon="-5.82080943"><ele>186.72</ele><time>2024-09-04T12:54:36Z</time></trkpt><trkpt lat="43.38548939" lon="-5.82082393"><ele>186.27</ele><time>2024-09-04T12:54:37Z</time></trkpt><trkpt lat="43.38549755" lon="-5.82083997"><ele>186.03</ele><time>2024-09-04T12:54:38Z</time></trkpt><trkpt lat="43.38550584" lon="-5.82085597"><ele>185.72</ele><time>2024-09-04T12:54:39Z</time></trkpt><trkpt lat="43.38551434" lon="-5.82087370"><ele>185.57</ele><time>2024-09-04T12:54:40Z</time></trkpt><trkpt lat="43.38552358" lon="-5.82089174"><ele>185.26</ele><time>2024-09-04T12:54:41Z</time></trkpt><trkpt lat="43.38553169" lon="-5.82091024"><ele>185.11</ele><time>2024-09-04T12:54:42Z</time></trkpt><trkpt lat="43.38553850" lon="-5.82092884"><ele>184.78</ele><time>2024-09-04T12:54:43Z</time></trkpt><trkpt lat="43.38554455" lon="-5.82094627"><ele>184.35</ele><time>2024-09-04T12:54:44Z</time></trkpt><trkpt lat="43.38554915" lon="-5.82096395"><ele>184.12</ele><time>2024-09-04T12:54:45Z</time></trkpt><trkpt lat="43.38555460" lon="-5.82098018"><ele>184.03</ele><time>2024-09-04T12:54:46Z</time></trkpt><trkpt lat="43.38556132" lon="-5.82099548"><ele>184.30</ele><time>2024-09-04T12:54:47Z</time></trkpt><trkpt lat="43.38556888" lon="-5.82101140"><ele>184.23</ele><time>2024-09-04T12:54:48Z</time></trkpt><trkpt lat="43.38557637" lon="-5.82102673"><ele>184.20</ele><time>2024-09-04T12:54:49Z</time></trkpt><trkpt lat="43.38558373" lon="-5.82104172"><ele>184.45</ele><time>2024-09-04T12:54:50Z</time></trkpt><trkpt lat="43.38559040" lon="-5.82105711"><ele>184.62</ele><time>2024-09-04T12:54:51Z</time></trkpt><trkpt lat="43.38559662" lon="-5.82107336"><ele>184.72</ele><time>2024-09-04T12:54:52Z</time></trkpt><trkpt lat="43.38560259" lon="-5.82109070"><ele>184.75</ele><time>2024-09-04T12:54:53Z</time></trkpt><trkpt lat="43.38560736" lon="-5.82110922"><ele>185.03</ele><time>2024-09-04T12:54:54Z</time></trkpt><trkpt lat="43.38561087" lon="-5.82112784"><ele>185.20</ele><time>2024-09-04T12:54:55Z</time></trkpt><trkpt lat="43.38561370" lon="-5.82114309"><ele>185.54</ele><time>2024-09-04T12:54:56Z</time></trkpt><trkpt lat="43.38561900" lon="-5.82115120"><ele>185.73</ele><time>2024-09-04T12:54:57Z</time></trkpt><trkpt lat="43.38562598" lon="-5.82115007"><ele>185.81</ele><time>2024-09-04T12:54:58Z</time></trkpt><trkpt lat="43.38563395" lon="-5.82114371"><ele>186.04</ele><time>2024-09-04T12:54:59Z</time></trkpt><trkpt lat="43.38564456" lon="-5.82113451"><ele>186.16</ele><time>2024-09-04T12:55:00Z</time></trkpt><trkpt lat="43.38565611" lon="-5.82112393"><ele>186.20</ele><time>2024-09-04T12:55:01Z</time></trkpt><trkpt lat="43.38566689" lon="-5.82111274"><ele>186.47</ele><time>2024-09-04T12:55:02Z</time></trkpt><trkpt lat="43.38567693" lon="-5.82110229"><ele>186.62</ele><time>2024-09-04T12:55:03Z</time></trkpt><trkpt lat="43.38568696" lon="-5.82109214"><ele>186.96</ele><time>2024-09-04T12:55:04Z</time></trkpt><trkpt lat="43.38569699" lon="-5.82108073"><ele>187.14</ele><time>2024-09-04T12:55:05Z</time></trkpt><trkpt lat="43.38570700" lon="-5.82106973"><ele>187.49</ele><time>2024-09-04T12:55:06Z</time></trkpt><trkpt lat="43.38571591" lon="-5.82105966"><ele>187.67</ele><time>2024-09-04T12:55:07Z</time></trkpt><trkpt lat="43.38572413" lon="-5.82105025"><ele>187.74</ele><time>2024-09-04T12:55:08Z</time></trkpt><trkpt lat="43.38573199" lon="-5.82104122"><ele>187.74</ele><time>2024-09-04T12:55:09Z</time></trkpt><trkpt lat="43.38573917" lon="-5.82103128"><ele>187.71</ele><time>2024-09-04T12:55:10Z</time></trkpt><trkpt lat="43.38574709" lon="-5.82102180"><ele>187.67</ele><time>2024-09-04T12:55:11Z</time></trkpt><trkpt lat="43.38576105" lon="-5.82100934"><ele>187.91</ele><time>2024-09-04T12:55:12Z</time></trkpt><trkpt lat="43.38577608" lon="-5.82099718"><ele>188.06</ele><time>2024-09-04T12:55:13Z</time></trkpt><trkpt lat="43.38579084" lon="-5.82098540"><ele>188.41</ele><time>2024-09-04T12:55:14Z</time></trkpt><trkpt lat="43.38580455" lon="-5.82097342"><ele>188.61</ele><time>2024-09-04T12:55:15Z</time></trkpt><trkpt lat="43.38581688" lon="-5.82096188"><ele>188.92</ele><time>2024-09-04T12:55:16Z</time></trkpt><trkpt lat="43.38582884" lon="-5.82095176"><ele>189.07</ele><time>2024-09-04T12:55:17Z</time></trkpt><trkpt lat="43.38584010" lon="-5.82093978"><ele>189.40</ele><time>2024-09-04T12:55:18Z</time></trkpt><trkpt lat="43.38585098" lon="-5.82092708"><ele>189.57</ele><time>2024-09-04T12:55:19Z</time></trkpt><trkpt lat="43.38586500" lon="-5.82091344"><ele>189.36</ele><time>2024-09-04T12:55:20Z</time></trkpt><trkpt lat="43.38587998" lon="-5.82089929"><ele>189.19</ele><time>2024-09-04T12:55:21Z</time></trkpt><trkpt lat="43.38589267" lon="-5.82088386"><ele>189.34</ele><time>2024-09-04T12:55:22Z</time></trkpt><trkpt lat="43.38590265" lon="-5.82086772"><ele>189.45</ele><time>2024-09-04T12:55:23Z</time></trkpt><trkpt lat="43.38591099" lon="-5.82085238"><ele>189.78</ele><time>2024-09-04T12:55:24Z</time></trkpt><trkpt lat="43.38591905" lon="-5.82083824"><ele>189.98</ele><time>2024-09-04T12:55:25Z</time></trkpt><trkpt lat="43.38592719" lon="-5.82082488"><ele>190.07</ele><time>2024-09-04T12:55:26Z</time></trkpt><trkpt lat="43.38593500" lon="-5.82081196"><ele>190.10</ele><time>2024-09-04T12:55:27Z</time></trkpt><trkpt lat="43.38594106" lon="-5.82079922"><ele>190.36</ele><time>2024-09-04T12:55:28Z</time></trkpt><trkpt lat="43.38594556" lon="-5.82078595"><ele>190.51</ele><time>2024-09-04T12:55:29Z</time></trkpt><trkpt lat="43.38594978" lon="-5.82077175"><ele>190.58</ele><time>2024-09-04T12:55:30Z</time></trkpt><trkpt lat="43.38595296" lon="-5.82075750"><ele>190.86</ele><time>2024-09-04T12:55:31Z</time></trkpt><trkpt lat="43.38595617" lon="-5.82074383"><ele>191.02</ele><time>2024-09-04T12:55:32Z</time></trkpt><trkpt lat="43.38596120" lon="-5.82073056"><ele>191.09</ele><time>2024-09-04T12:55:33Z</time></trkpt><trkpt lat="43.38596638" lon="-5.82071808"><ele>191.10</ele><time>2024-09-04T12:55:34Z</time></trkpt><trkpt lat="43.38597269" lon="-5.82070387"><ele>191.08</ele><time>2024-09-04T12:55:35Z</time></trkpt><trkpt lat="43.38597802" lon="-5.82069068"><ele>191.06</ele><time>2024-09-04T12:55:36Z</time></trkpt><trkpt lat="43.38598371" lon="-5.82067876"><ele>191.04</ele><time>2024-09-04T12:55:37Z</time></trkpt><trkpt lat="43.38598963" lon="-5.82066979"><ele>191.02</ele><time>2024-09-04T12:55:38Z</time></trkpt><trkpt lat="43.38599403" lon="-5.82066367"><ele>191.00</ele><time>2024-09-04T12:55:39Z</time></trkpt><trkpt lat="43.38599527" lon="-5.82066127"><ele>191.00</ele><time>2024-09-04T12:55:40Z</time></trkpt><trkpt lat="43.38599622" lon="-5.82066031"><ele>191.00</ele><time>2024-09-04T12:55:41Z</time></trkpt><trkpt lat="43.38599673" lon="-5.82066087"><ele>191.00</ele><time>2024-09-04T12:55:42Z</time></trkpt><trkpt lat="43.38599714" lon="-5.82066255"><ele>191.00</ele><time>2024-09-04T12:55:43Z</time></trkpt><trkpt lat="43.38599708" lon="-5.82066460"><ele>191.00</ele><time>2024-09-04T12:55:44Z</time></trkpt><trkpt lat="43.38599573" lon="-5.82066549"><ele>191.00</ele><time>2024-09-04T12:55:45Z</time></trkpt><trkpt lat="43.38599584" lon="-5.82066436"><ele>191.00</ele><time>2024-09-04T12:55:46Z</time></trkpt><trkpt lat="43.38599757" lon="-5.82065919"><ele>191.00</ele><time>2024-09-04T12:55:47Z</time></trkpt><trkpt lat="43.38600029" lon="-5.82065104"><ele>191.00</ele><time>2024-09-04T12:55:48Z</time></trkpt><trkpt lat="43.38600462" lon="-5.82064135"><ele>191.00</ele><time>2024-09-04T12:55:49Z</time></trkpt><trkpt lat="43.38601037" lon="-5.82063056"><ele>191.00</ele><time>2024-09-04T12:55:50Z</time></trkpt><trkpt lat="43.38601627" lon="-5.82061890"><ele>191.00</ele><time>2024-09-04T12:55:51Z</time></trkpt><trkpt lat="43.38602205" lon="-5.82060589"><ele>190.73</ele><time>2024-09-04T12:55:52Z</time></trkpt><trkpt lat="43.38602760" lon="-5.82059227"><ele>190.55</ele><time>2024-09-04T12:55:53Z</time></trkpt><trkpt lat="43.38603403" lon="-5.82057905"><ele>190.19</ele><time>2024-09-04T12:55:54Z</time></trkpt><trkpt lat="43.38604098" lon="-5.82056682"><ele>189.99</ele><time>2024-09-04T12:55:55Z</time></trkpt><trkpt lat="43.38604872" lon="-5.82055475"><ele>189.90</ele><time>2024-09-04T12:55:56Z</time></trkpt><trkpt lat="43.38605523" lon="-5.82054278"><ele>189.88</ele><time>2024-09-04T12:55:57Z</time></trkpt><trkpt lat="43.38605978" lon="-5.82053138"><ele>189.89</ele><time>2024-09-04T12:55:58Z</time></trkpt><trkpt lat="43.38606310" lon="-5.82051924"><ele>189.93</ele><time>2024-09-04T12:55:59Z</time></trkpt><trkpt lat="43.38606471" lon="-5.82050439"><ele>189.95</ele><time>2024-09-04T12:56:00Z</time></trkpt><trkpt lat="43.38606268" lon="-5.82048786"><ele>189.98</ele><time>2024-09-04T12:56:01Z</time></trkpt><trkpt lat="43.38605748" lon="-5.82047757"><ele>189.99</ele><time>2024-09-04T12:56:02Z</time></trkpt><trkpt lat="43.38605177" lon="-5.82046762"><ele>190.00</ele><time>2024-09-04T12:56:03Z</time></trkpt><trkpt lat="43.38603636" lon="-5.82045323"><ele>190.28</ele><time>2024-09-04T12:56:04Z</time></trkpt><trkpt lat="43.38600968" lon="-5.82043913"><ele>190.45</ele><time>2024-09-04T12:56:05Z</time></trkpt><trkpt lat="43.38599041" lon="-5.82042866"><ele>190.54</ele><time>2024-09-04T12:56:06Z</time></trkpt><trkpt lat="43.38598804" lon="-5.82042660"><ele>190.30</ele><time>2024-09-04T12:56:07Z</time></trkpt><trkpt lat="43.38599989" lon="-5.82042854"><ele>190.13</ele><time>2024-09-04T12:56:08Z</time></trkpt><trkpt lat="43.38602627" lon="-5.82043177"><ele>189.75</ele><time>2024-09-04T12:56:09Z</time></trkpt><trkpt lat="43.38605531" lon="-5.82043020"><ele>189.80</ele><time>2024-09-04T12:56:10Z</time></trkpt><trkpt lat="43.38608188" lon="-5.82042343"><ele>189.86</ele><time>2024-09-04T12:56:11Z</time></trkpt><trkpt lat="43.38610440" lon="-5.82041341"><ele>189.92</ele><time>2024-09-04T12:56:12Z</time></trkpt><trkpt lat="43.38612316" lon="-5.82040115"><ele>189.96</ele><time>2024-09-04T12:56:13Z</time></trkpt><trkpt lat="43.38613886" lon="-5.82038849"><ele>190.27</ele><time>2024-09-04T12:56:14Z</time></trkpt><trkpt lat="43.38615281" lon="-5.82037708"><ele>190.45</ele><time>2024-09-04T12:56:15Z</time></trkpt><trkpt lat="43.38616488" lon="-5.82036894"><ele>190.55</ele><time>2024-09-04T12:56:16Z</time></trkpt><trkpt lat="43.38617772" lon="-5.82036569"><ele>190.85</ele><time>2024-09-04T12:56:17Z</time></trkpt><trkpt lat="43.38618974" lon="-5.82036589"><ele>191.02</ele><time>2024-09-04T12:56:18Z</time></trkpt><trkpt lat="43.38620356" lon="-5.82037220"><ele>191.31</ele><time>2024-09-04T12:56:19Z</time></trkpt><trkpt lat="43.38621648" lon="-5.82038294"><ele>191.74</ele><time>2024-09-04T12:56:20Z</time></trkpt><trkpt lat="43.38622989" lon="-5.82039685"><ele>192.24</ele><time>2024-09-04T12:56:21Z</time></trkpt><trkpt lat="43.38624255" lon="-5.82041091"><ele>192.77</ele><time>2024-09-04T12:56:22Z</time></trkpt><trkpt lat="43.38625473" lon="-5.82042547"><ele>193.31</ele><time>2024-09-04T12:56:23Z</time></trkpt><trkpt lat="43.38626611" lon="-5.82043829"><ele>193.80</ele><time>2024-09-04T12:56:24Z</time></trkpt><trkpt lat="43.38627760" lon="-5.82044809"><ele>194.29</ele><time>2024-09-04T12:56:25Z</time></trkpt><trkpt lat="43.38629196" lon="-5.82045263"><ele>194.79</ele><time>2024-09-04T12:56:26Z</time></trkpt><trkpt lat="43.38630820" lon="-5.82045404"><ele>195.29</ele><time>2024-09-04T12:56:27Z</time></trkpt><trkpt lat="43.38632491" lon="-5.82045558"><ele>195.52</ele><time>2024-09-04T12:56:28Z</time></trkpt><trkpt lat="43.38634167" lon="-5.82045988"><ele>195.58</ele><time>2024-09-04T12:56:29Z</time></trkpt><trkpt lat="43.38635666" lon="-5.82046678"><ele>195.54</ele><time>2024-09-04T12:56:30Z</time></trkpt><trkpt lat="43.38637043" lon="-5.82047530"><ele>195.20</ele><time>2024-09-04T12:56:31Z</time></trkpt><trkpt lat="43.38638128" lon="-5.82048575"><ele>194.96</ele><time>2024-09-04T12:56:32Z</time></trkpt><trkpt lat="43.38639043" lon="-5.82049610"><ele>194.82</ele><time>2024-09-04T12:56:33Z</time></trkpt><trkpt lat="43.38640259" lon="-5.82050229"><ele>194.75</ele><time>2024-09-04T12:56:34Z</time></trkpt><trkpt lat="43.38641857" lon="-5.82050571"><ele>194.73</ele><time>2024-09-04T12:56:35Z</time></trkpt><trkpt lat="43.38643638" lon="-5.82050865"><ele>194.73</ele><time>2024-09-04T12:56:36Z</time></trkpt><trkpt lat="43.38645453" lon="-5.82051052"><ele>194.75</ele><time>2024-09-04T12:56:37Z</time></trkpt><trkpt lat="43.38647312" lon="-5.82051301"><ele>194.77</ele><time>2024-09-04T12:56:38Z</time></trkpt><trkpt lat="43.38649069" lon="-5.82051830"><ele>194.51</ele><time>2024-09-04T12:56:39Z</time></trkpt><trkpt lat="43.38650584" lon="-5.82052597"><ele>194.35</ele><time>2024-09-04T12:56:40Z</time></trkpt><trkpt lat="43.38651832" lon="-5.82053502"><ele>193.99</ele><time>2024-09-04T12:56:41Z</time></trkpt><trkpt lat="43.38652929" lon="-5.82054522"><ele>193.79</ele><time>2024-09-04T12:56:42Z</time></trkpt><trkpt lat="43.38654012" lon="-5.82055427"><ele>193.70</ele><time>2024-09-04T12:56:43Z</time></trkpt><trkpt lat="43.38655223" lon="-5.82056180"><ele>193.68</ele><time>2024-09-04T12:56:44Z</time></trkpt><trkpt lat="43.38656532" lon="-5.82056888"><ele>193.70</ele><time>2024-09-04T12:56:45Z</time></trkpt><trkpt lat="43.38657742" lon="-5.82057463"><ele>193.73</ele><time>2024-09-04T12:56:46Z</time></trkpt><trkpt lat="43.38659429" lon="-5.82058181"><ele>194.03</ele><time>2024-09-04T12:56:47Z</time></trkpt><trkpt lat="43.38661147" lon="-5.82058893"><ele>194.22</ele><time>2024-09-04T12:56:48Z</time></trkpt><trkpt lat="43.38662746" lon="-5.82059491"><ele>194.33</ele><time>2024-09-04T12:56:49Z</time></trkpt><trkpt lat="43.38664138" lon="-5.82060071"><ele>194.37</ele><time>2024-09-04T12:56:50Z</time></trkpt><trkpt lat="43.38665451" lon="-5.82060701"><ele>194.37</ele><time>2024-09-04T12:56:51Z</time></trkpt><trkpt lat="43.38666451" lon="-5.82061205"><ele>194.36</ele><time>2024-09-04T12:56:52Z</time></trkpt><trkpt lat="43.38667431" lon="-5.82061903"><ele>194.34</ele><time>2024-09-04T12:56:53Z</time></trkpt><trkpt lat="43.38668537" lon="-5.82062841"><ele>194.60</ele><time>2024-09-04T12:56:54Z</time></trkpt><trkpt lat="43.38669741" lon="-5.82063814"><ele>194.76</ele><time>2024-09-04T12:56:55Z</time></trkpt><trkpt lat="43.38670900" lon="-5.82064568"><ele>194.84</ele><time>2024-09-04T12:56:56Z</time></trkpt><trkpt lat="43.38672137" lon="-5.82065114"><ele>194.87</ele><time>2024-09-04T12:56:57Z</time></trkpt><trkpt lat="43.38673421" lon="-5.82065589"><ele>194.87</ele><time>2024-09-04T12:56:58Z</time></trkpt><trkpt lat="43.38675113" lon="-5.82066202"><ele>194.85</ele><time>2024-09-04T12:56:59Z</time></trkpt><trkpt lat="43.38676564" lon="-5.82066862"><ele>194.83</ele><time>2024-09-04T12:57:00Z</time></trkpt><trkpt lat="43.38677722" lon="-5.82067497"><ele>195.09</ele><time>2024-09-04T12:57:01Z</time></trkpt><trkpt lat="43.38678746" lon="-5.82068168"><ele>195.25</ele><time>2024-09-04T12:57:02Z</time></trkpt><trkpt lat="43.38679759" lon="-5.82068862"><ele>195.34</ele><time>2024-09-04T12:57:03Z</time></trkpt><trkpt lat="43.38680786" lon="-5.82069567"><ele>195.37</ele><time>2024-09-04T12:57:04Z</time></trkpt><trkpt lat="43.38681834" lon="-5.82070113"><ele>195.37</ele><time>2024-09-04T12:57:05Z</time></trkpt><trkpt lat="43.38682958" lon="-5.82070446"><ele>195.35</ele><time>2024-09-04T12:57:06Z</time></trkpt><trkpt lat="43.38684078" lon="-5.82070653"><ele>195.33</ele><time>2024-09-04T12:57:07Z</time></trkpt><trkpt lat="43.38685301" lon="-5.82070803"><ele>195.05</ele><time>2024-09-04T12:57:08Z</time></trkpt><trkpt lat="43.38686532" lon="-5.82071101"><ele>194.86</ele><time>2024-09-04T12:57:09Z</time></trkpt><trkpt lat="43.38687761" lon="-5.82071563"><ele>195.04</ele><time>2024-09-04T12:57:10Z</time></trkpt><trkpt lat="43.38688928" lon="-5.82072130"><ele>195.17</ele><time>2024-09-04T12:57:11Z</time></trkpt><trkpt lat="43.38690107" lon="-5.82072587"><ele>195.26</ele><time>2024-09-04T12:57:12Z</time></trkpt><trkpt lat="43.38691187" lon="-5.82073016"><ele>195.31</ele><time>2024-09-04T12:57:13Z</time></trkpt><trkpt lat="43.38692095" lon="-5.82073426"><ele>195.33</ele><time>2024-09-04T12:57:14Z</time></trkpt><trkpt lat="43.38692684" lon="-5.82073606"><ele>195.33</ele><time>2024-09-04T12:57:15Z</time></trkpt><trkpt lat="43.38692870" lon="-5.82074026"><ele>195.33</ele><time>2024-09-04T12:57:16Z</time></trkpt><trkpt lat="43.38692833" lon="-5.82074287"><ele>195.05</ele><time>2024-09-04T12:57:17Z</time></trkpt><trkpt lat="43.38692757" lon="-5.82074387"><ele>194.87</ele><time>2024-09-04T12:57:18Z</time></trkpt><trkpt lat="43.38692647" lon="-5.82074338"><ele>194.77</ele><time>2024-09-04T12:57:19Z</time></trkpt><trkpt lat="43.38692489" lon="-5.82074320"><ele>194.73</ele><time>2024-09-04T12:57:20Z</time></trkpt><trkpt lat="43.38692323" lon="-5.82074395"><ele>194.73</ele><time>2024-09-04T12:57:21Z</time></trkpt><trkpt lat="43.38692167" lon="-5.82074266"><ele>194.47</ele><time>2024-09-04T12:57:22Z</time></trkpt><trkpt lat="43.38692191" lon="-5.82074173"><ele>194.32</ele><time>2024-09-04T12:57:23Z</time></trkpt><trkpt lat="43.38692607" lon="-5.82074333"><ele>194.24</ele><time>2024-09-04T12:57:24Z</time></trkpt><trkpt lat="43.38693317" lon="-5.82074551"><ele>194.22</ele><time>2024-09-04T12:57:25Z</time></trkpt><trkpt lat="43.38694397" lon="-5.82074954"><ele>194.23</ele><time>2024-09-04T12:57:26Z</time></trkpt><trkpt lat="43.38695617" lon="-5.82075681"><ele>194.25</ele><time>2024-09-04T12:57:27Z</time></trkpt><trkpt lat="43.38696819" lon="-5.82076428"><ele>193.99</ele><time>2024-09-04T12:57:28Z</time></trkpt><trkpt lat="43.38697971" lon="-5.82077153"><ele>193.84</ele><time>2024-09-04T12:57:29Z</time></trkpt><trkpt lat="43.38699122" lon="-5.82077895"><ele>193.76</ele><time>2024-09-04T12:57:30Z</time></trkpt><trkpt lat="43.38700316" lon="-5.82078691"><ele>193.73</ele><time>2024-09-04T12:57:31Z</time></trkpt><trkpt lat="43.38701422" lon="-5.82079513"><ele>194.01</ele><time>2024-09-04T12:57:32Z</time></trkpt><trkpt lat="43.38702411" lon="-5.82080505"><ele>194.19</ele><time>2024-09-04T12:57:33Z</time></trkpt><trkpt lat="43.38703273" lon="-5.82081543"><ele>194.30</ele><time>2024-09-04T12:57:34Z</time></trkpt><trkpt lat="43.38704064" lon="-5.82082594"><ele>194.35</ele><time>2024-09-04T12:57:35Z</time></trkpt><trkpt lat="43.38704825" lon="-5.82083530"><ele>194.36</ele><time>2024-09-04T12:57:36Z</time></trkpt><trkpt lat="43.38705636" lon="-5.82084440"><ele>194.35</ele><time>2024-09-04T12:57:37Z</time></trkpt><trkpt lat="43.38706542" lon="-5.82085391"><ele>194.34</ele><time>2024-09-04T12:57:38Z</time></trkpt><trkpt lat="43.38707348" lon="-5.82086316"><ele>194.32</ele><time>2024-09-04T12:57:39Z</time></trkpt><trkpt lat="43.38708031" lon="-5.82086896"><ele>194.31</ele><time>2024-09-04T12:57:40Z</time></trkpt><trkpt lat="43.38708423" lon="-5.82087151"><ele>194.30</ele><time>2024-09-04T12:57:41Z</time></trkpt><trkpt lat="43.38708641" lon="-5.82087007"><ele>194.57</ele><time>2024-09-04T12:57:42Z</time></trkpt><trkpt lat="43.38708667" lon="-5.82086812"><ele>194.74</ele><time>2024-09-04T12:57:43Z</time></trkpt><trkpt lat="43.38708655" lon="-5.82086527"><ele>195.11</ele><time>2024-09-04T12:57:44Z</time></trkpt><trkpt lat="43.38708596" lon="-5.82086273"><ele>195.31</ele><time>2024-09-04T12:57:45Z</time></trkpt><trkpt lat="43.38708527" lon="-5.82086012"><ele>195.40</ele><time>2024-09-04T12:57:46Z</time></trkpt><trkpt lat="43.38708523" lon="-5.82085869"><ele>195.42</ele><time>2024-09-04T12:57:47Z</time></trkpt><trkpt lat="43.38708626" lon="-5.82085811"><ele>195.13</ele><time>2024-09-04T12:57:48Z</time></trkpt><trkpt lat="43.38708743" lon="-5.82085858"><ele>195.20</ele><time>2024-09-04T12:57:49Z</time></trkpt><trkpt lat="43.38708917" lon="-5.82085965"><ele>195.26</ele><time>2024-09-04T12:57:50Z</time></trkpt><trkpt lat="43.38709123" lon="-5.82086096"><ele>195.29</ele><time>2024-09-04T12:57:51Z</time></trkpt><trkpt lat="43.38709288" lon="-5.82086233"><ele>195.58</ele><time>2024-09-04T12:57:52Z</time></trkpt><trkpt lat="43.38709529" lon="-5.82086309"><ele>195.49</ele><time>2024-09-04T12:57:53Z</time></trkpt><trkpt lat="43.38709981" lon="-5.82086451"><ele>195.40</ele><time>2024-09-04T12:57:54Z</time></trkpt><trkpt lat="43.38710725" lon="-5.82086908"><ele>195.34</ele><time>2024-09-04T12:57:55Z</time></trkpt><trkpt lat="43.38711470" lon="-5.82087724"><ele>195.31</ele><time>2024-09-04T12:57:56Z</time></trkpt><trkpt lat="43.38712403" lon="-5.82088633"><ele>195.02</ele><time>2024-09-04T12:57:57Z</time></trkpt><trkpt lat="43.38713381" lon="-5.82089506"><ele>194.57</ele><time>2024-09-04T12:57:58Z</time></trkpt><trkpt lat="43.38714364" lon="-5.82090489"><ele>194.30</ele><time>2024-09-04T12:57:59Z</time></trkpt><trkpt lat="43.38715330" lon="-5.82091308"><ele>194.18</ele><time>2024-09-04T12:58:00Z</time></trkpt><trkpt lat="43.38716330" lon="-5.82091733"><ele>193.88</ele><time>2024-09-04T12:58:01Z</time></trkpt><trkpt lat="43.38717126" lon="-5.82091800"><ele>192.96</ele><time>2024-09-04T12:58:02Z</time></trkpt><trkpt lat="43.38717570" lon="-5.82091779"><ele>192.43</ele><time>2024-09-04T12:58:03Z</time></trkpt><trkpt lat="43.38717802" lon="-5.82091688"><ele>192.45</ele><time>2024-09-04T12:58:04Z</time></trkpt><trkpt lat="43.38718094" lon="-5.82091203"><ele>192.28</ele><time>2024-09-04T12:58:05Z</time></trkpt><trkpt lat="43.38718404" lon="-5.82090548"><ele>191.71</ele><time>2024-09-04T12:58:06Z</time></trkpt><trkpt lat="43.38718741" lon="-5.82089828"><ele>190.88</ele><time>2024-09-04T12:58:07Z</time></trkpt><trkpt lat="43.38719104" lon="-5.82089213"><ele>189.87</ele><time>2024-09-04T12:58:08Z</time></trkpt><trkpt lat="43.38719595" lon="-5.82088909"><ele>189.07</ele><time>2024-09-04T12:58:09Z</time></trkpt><trkpt lat="43.38720387" lon="-5.82088976"><ele>188.19</ele><time>2024-09-04T12:58:10Z</time></trkpt><trkpt lat="43.38721304" lon="-5.82089479"><ele>187.78</ele><time>2024-09-04T12:58:11Z</time></trkpt><trkpt lat="43.38722057" lon="-5.82090113"><ele>187.66</ele><time>2024-09-04T12:58:12Z</time></trkpt><trkpt lat="43.38722626" lon="-5.82090613"><ele>187.97</ele><time>2024-09-04T12:58:13Z</time></trkpt><trkpt lat="43.38723130" lon="-5.82090935"><ele>188.25</ele><time>2024-09-04T12:58:14Z</time></trkpt><trkpt lat="43.38723605" lon="-5.82091128"><ele>188.45</ele><time>2024-09-04T12:58:15Z</time></trkpt><trkpt lat="43.38723852" lon="-5.82091188"><ele>188.79</ele><time>2024-09-04T12:58:16Z</time></trkpt><trkpt lat="43.38724020" lon="-5.82090848"><ele>188.99</ele><time>2024-09-04T12:58:17Z</time></trkpt><trkpt lat="43.38724159" lon="-5.82090379"><ele>189.36</ele><time>2024-09-04T12:58:18Z</time></trkpt><trkpt lat="43.38724406" lon="-5.82089813"><ele>189.83</ele><time>2024-09-04T12:58:19Z</time></trkpt><trkpt lat="43.38724626" lon="-5.82089489"><ele>190.35</ele><time>2024-09-04T12:58:20Z</time></trkpt><trkpt lat="43.38724994" lon="-5.82089181"><ele>190.89</ele><time>2024-09-04T12:58:21Z</time></trkpt><trkpt lat="43.38724855" lon="-5.82089263"><ele>190.89</ele><time>2024-09-04T12:58:22Z</time></trkpt><trkpt lat="43.38724608" lon="-5.82089373"><ele>190.80</ele><time>2024-09-04T12:58:23Z</time></trkpt><trkpt lat="43.38724320" lon="-5.82089471"><ele>190.70</ele><time>2024-09-04T12:58:24Z</time></trkpt><trkpt lat="43.38724089" lon="-5.82089488"><ele>190.61</ele><time>2024-09-04T12:58:25Z</time></trkpt><trkpt lat="43.38723828" lon="-5.82089389"><ele>190.55</ele><time>2024-09-04T12:58:26Z</time></trkpt><trkpt lat="43.38723556" lon="-5.82089216"><ele>190.51</ele><time>2024-09-04T12:58:27Z</time></trkpt><trkpt lat="43.38723312" lon="-5.82088949"><ele>190.76</ele><time>2024-09-04T12:58:28Z</time></trkpt><trkpt lat="43.38723144" lon="-5.82088632"><ele>190.93</ele><time>2024-09-04T12:58:29Z</time></trkpt><trkpt lat="43.38723080" lon="-5.82088351"><ele>191.02</ele><time>2024-09-04T12:58:30Z</time></trkpt><trkpt lat="43.38723021" lon="-5.82088103"><ele>191.06</ele><time>2024-09-04T12:58:31Z</time></trkpt><trkpt lat="43.38723012" lon="-5.82087990"><ele>191.06</ele><time>2024-09-04T12:58:32Z</time></trkpt><trkpt lat="43.38722972" lon="-5.82087962"><ele>191.05</ele><time>2024-09-04T12:58:33Z</time></trkpt><trkpt lat="43.38722905" lon="-5.82087979"><ele>191.25</ele><time>2024-09-04T12:58:34Z</time></trkpt><trkpt lat="43.38722764" lon="-5.82088012"><ele>191.16</ele><time>2024-09-04T12:58:35Z</time></trkpt><trkpt lat="43.38722741" lon="-5.82087991"><ele>191.30</ele><time>2024-09-04T12:58:36Z</time></trkpt><trkpt lat="43.38722907" lon="-5.82087929"><ele>191.39</ele><time>2024-09-04T12:58:37Z</time></trkpt><trkpt lat="43.38722860" lon="-5.82088004"><ele>191.70</ele><time>2024-09-04T12:58:38Z</time></trkpt><trkpt lat="43.38722716" lon="-5.82088004"><ele>191.89</ele><time>2024-09-04T12:58:39Z</time></trkpt><trkpt lat="43.38722681" lon="-5.82087948"><ele>191.97</ele><time>2024-09-04T12:58:40Z</time></trkpt><trkpt lat="43.38722778" lon="-5.82087804"><ele>192.00</ele><time>2024-09-04T12:58:41Z</time></trkpt><trkpt lat="43.38722903" lon="-5.82087716"><ele>192.26</ele><time>2024-09-04T12:58:42Z</time></trkpt><trkpt lat="43.38723035" lon="-5.82087782"><ele>192.41</ele><time>2024-09-04T12:58:43Z</time></trkpt><trkpt lat="43.38723163" lon="-5.82087892"><ele>192.75</ele><time>2024-09-04T12:58:44Z</time></trkpt><trkpt lat="43.38723393" lon="-5.82087910"><ele>192.93</ele><time>2024-09-04T12:58:45Z</time></trkpt><trkpt lat="43.38723575" lon="-5.82087861"><ele>193.01</ele><time>2024-09-04T12:58:46Z</time></trkpt><trkpt lat="43.38723827" lon="-5.82087772"><ele>192.75</ele><time>2024-09-04T12:58:47Z</time></trkpt><trkpt lat="43.38723956" lon="-5.82087716"><ele>192.83</ele><time>2024-09-04T12:58:48Z</time></trkpt><trkpt lat="43.38724003" lon="-5.82087632"><ele>192.88</ele><time>2024-09-04T12:58:49Z</time></trkpt><trkpt lat="43.38724003" lon="-5.82087533"><ele>192.91</ele><time>2024-09-04T12:58:50Z</time></trkpt><trkpt lat="43.38723926" lon="-5.82087536"><ele>192.92</ele><time>2024-09-04T12:58:51Z</time></trkpt><trkpt lat="43.38723755" lon="-5.82087550"><ele>192.92</ele><time>2024-09-04T12:58:52Z</time></trkpt><trkpt lat="43.38723699" lon="-5.82087513"><ele>193.19</ele><time>2024-09-04T12:58:53Z</time></trkpt><trkpt lat="43.38723674" lon="-5.82087493"><ele>193.36</ele><time>2024-09-04T12:58:54Z</time></trkpt><trkpt lat="43.38723641" lon="-5.82087513"><ele>193.44</ele><time>2024-09-04T12:58:55Z</time></trkpt><trkpt lat="43.38723600" lon="-5.82087557"><ele>193.47</ele><time>2024-09-04T12:58:56Z</time></trkpt><trkpt lat="43.38723691" lon="-5.82087586"><ele>193.47</ele><time>2024-09-04T12:58:57Z</time></trkpt><trkpt lat="43.38723810" lon="-5.82087657"><ele>193.45</ele><time>2024-09-04T12:58:58Z</time></trkpt><trkpt lat="43.38723993" lon="-5.82087698"><ele>193.44</ele><time>2024-09-04T12:58:59Z</time></trkpt><trkpt lat="43.38724153" lon="-5.82087717"><ele>193.42</ele><time>2024-09-04T12:59:00Z</time></trkpt><trkpt lat="43.38724290" lon="-5.82087668"><ele>193.41</ele><time>2024-09-04T12:59:01Z</time></trkpt><trkpt lat="43.38724464" lon="-5.82087576"><ele>193.62</ele><time>2024-09-04T12:59:02Z</time></trkpt><trkpt lat="43.38724550" lon="-5.82087682"><ele>193.75</ele><time>2024-09-04T12:59:03Z</time></trkpt><trkpt lat="43.38724579" lon="-5.82087810"><ele>193.82</ele><time>2024-09-04T12:59:04Z</time></trkpt><trkpt lat="43.38724630" lon="-5.82087887"><ele>194.12</ele><time>2024-09-04T12:59:05Z</time></trkpt><trkpt lat="43.38724756" lon="-5.82087925"><ele>194.30</ele><time>2024-09-04T12:59:06Z</time></trkpt><trkpt lat="43.38724822" lon="-5.82087937"><ele>194.65</ele><time>2024-09-04T12:59:07Z</time></trkpt><trkpt lat="43.38724848" lon="-5.82087934"><ele>194.84</ele><time>2024-09-04T12:59:08Z</time></trkpt><trkpt lat="43.38724904" lon="-5.82087871"><ele>195.19</ele><time>2024-09-04T12:59:09Z</time></trkpt><trkpt lat="43.38724983" lon="-5.82087882"><ele>195.38</ele><time>2024-09-04T12:59:10Z</time></trkpt><trkpt lat="43.38725077" lon="-5.82088000"><ele>195.44</ele><time>2024-09-04T12:59:11Z</time></trkpt><trkpt lat="43.38725179" lon="-5.82087966"><ele>195.71</ele><time>2024-09-04T12:59:12Z</time></trkpt><trkpt lat="43.38725176" lon="-5.82087991"><ele>195.86</ele><time>2024-09-04T12:59:13Z</time></trkpt><trkpt lat="43.38725103" lon="-5.82087949"><ele>196.18</ele><time>2024-09-04T12:59:14Z</time></trkpt><trkpt lat="43.38724994" lon="-5.82087866"><ele>196.36</ele><time>2024-09-04T12:59:15Z</time></trkpt><trkpt lat="43.38724815" lon="-5.82087813"><ele>196.64</ele><time>2024-09-04T12:59:16Z</time></trkpt><trkpt lat="43.38724709" lon="-5.82087842"><ele>196.78</ele><time>2024-09-04T12:59:17Z</time></trkpt><trkpt lat="43.38724495" lon="-5.82088031"><ele>196.83</ele><time>2024-09-04T12:59:18Z</time></trkpt><trkpt lat="43.38724214" lon="-5.82088426"><ele>196.82</ele><time>2024-09-04T12:59:19Z</time></trkpt><trkpt lat="43.38723898" lon="-5.82088882"><ele>197.07</ele><time>2024-09-04T12:59:20Z</time></trkpt><trkpt lat="43.38723570" lon="-5.82089354"><ele>197.21</ele><time>2024-09-04T12:59:21Z</time></trkpt><trkpt lat="43.38723352" lon="-5.82089763"><ele>197.54</ele><time>2024-09-04T12:59:22Z</time></trkpt><trkpt lat="43.38723481" lon="-5.82090066"><ele>197.73</ele><time>2024-09-04T12:59:23Z</time></trkpt><trkpt lat="43.38724100" lon="-5.82090353"><ele>197.81</ele><time>2024-09-04T12:59:24Z</time></trkpt><trkpt lat="43.38725164" lon="-5.82090636"><ele>198.09</ele><time>2024-09-04T12:59:25Z</time></trkpt><trkpt lat="43.38726404" lon="-5.82091084"><ele>198.24</ele><time>2024-09-04T12:59:26Z</time></trkpt><trkpt lat="43.38727749" lon="-5.82091640"><ele>198.30</ele><time>2024-09-04T12:59:27Z</time></trkpt><trkpt lat="43.38729166" lon="-5.82092200"><ele>198.31</ele><time>2024-09-04T12:59:28Z</time></trkpt><trkpt lat="43.38730590" lon="-5.82092748"><ele>198.29</ele><time>2024-09-04T12:59:29Z</time></trkpt><trkpt lat="43.38731936" lon="-5.82093499"><ele>198.26</ele><time>2024-09-04T12:59:30Z</time></trkpt><trkpt lat="43.38733271" lon="-5.82094156"><ele>198.23</ele><time>2024-09-04T12:59:31Z</time></trkpt><trkpt lat="43.38734593" lon="-5.82094628"><ele>197.94</ele><time>2024-09-04T12:59:32Z</time></trkpt><trkpt lat="43.38735959" lon="-5.82095033"><ele>197.76</ele><time>2024-09-04T12:59:33Z</time></trkpt><trkpt lat="43.38737243" lon="-5.82095134"><ele>197.66</ele><time>2024-09-04T12:59:34Z</time></trkpt><trkpt lat="43.38738417" lon="-5.82094999"><ele>197.63</ele><time>2024-09-04T12:59:35Z</time></trkpt><trkpt lat="43.38739472" lon="-5.82094580"><ele>197.63</ele><time>2024-09-04T12:59:36Z</time></trkpt><trkpt lat="43.38740405" lon="-5.82093905"><ele>197.91</ele><time>2024-09-04T12:59:37Z</time></trkpt><trkpt lat="43.38741276" lon="-5.82093054"><ele>198.11</ele><time>2024-09-04T12:59:38Z</time></trkpt><trkpt lat="43.38742071" lon="-5.82092025"><ele>198.21</ele><time>2024-09-04T12:59:39Z</time></trkpt><trkpt lat="43.38742942" lon="-5.82091085"><ele>198.26</ele><time>2024-09-04T12:59:40Z</time></trkpt><trkpt lat="43.38743929" lon="-5.82090401"><ele>198.27</ele><time>2024-09-04T12:59:41Z</time></trkpt><trkpt lat="43.38745102" lon="-5.82089784"><ele>198.26</ele><time>2024-09-04T12:59:42Z</time></trkpt><trkpt lat="43.38746386" lon="-5.82089201"><ele>198.24</ele><time>2024-09-04T12:59:43Z</time></trkpt><trkpt lat="43.38747725" lon="-5.82088575"><ele>198.22</ele><time>2024-09-04T12:59:44Z</time></trkpt><trkpt lat="43.38748970" lon="-5.82087695"><ele>198.21</ele><time>2024-09-04T12:59:45Z</time></trkpt><trkpt lat="43.38750197" lon="-5.82086654"><ele>198.20</ele><time>2024-09-04T12:59:46Z</time></trkpt><trkpt lat="43.38751356" lon="-5.82085526"><ele>198.20</ele><time>2024-09-04T12:59:47Z</time></trkpt><trkpt lat="43.38752470" lon="-5.82084420"><ele>198.20</ele><time>2024-09-04T12:59:48Z</time></trkpt><trkpt lat="43.38753671" lon="-5.82083510"><ele>198.20</ele><time>2024-09-04T12:59:49Z</time></trkpt><trkpt lat="43.38754987" lon="-5.82082898"><ele>198.20</ele><time>2024-09-04T12:59:50Z</time></trkpt><trkpt lat="43.38756591" lon="-5.82082739"><ele>198.20</ele><time>2024-09-04T12:59:51Z</time></trkpt><trkpt lat="43.38757822" lon="-5.82082787"><ele>198.20</ele><time>2024-09-04T12:59:52Z</time></trkpt><trkpt lat="43.38759338" lon="-5.82083300"><ele>198.20</ele><time>2024-09-04T12:59:53Z</time></trkpt><trkpt lat="43.38761207" lon="-5.82084283"><ele>198.20</ele><time>2024-09-04T12:59:54Z</time></trkpt><trkpt lat="43.38762904" lon="-5.82085340"><ele>198.20</ele><time>2024-09-04T12:59:55Z</time></trkpt><trkpt lat="43.38764459" lon="-5.82086157"><ele>198.20</ele><time>2024-09-04T12:59:56Z</time></trkpt><trkpt lat="43.38765917" lon="-5.82086832"><ele>198.20</ele><time>2024-09-04T12:59:57Z</time></trkpt><trkpt lat="43.38767264" lon="-5.82087513"><ele>198.20</ele><time>2024-09-04T12:59:58Z</time></trkpt><trkpt lat="43.38768550" lon="-5.82088311"><ele>198.20</ele><time>2024-09-04T12:59:59Z</time></trkpt><trkpt lat="43.38769757" lon="-5.82089184"><ele>198.20</ele><time>2024-09-04T13:00:00Z</time></trkpt><trkpt lat="43.38771036" lon="-5.82090096"><ele>198.20</ele><time>2024-09-04T13:00:01Z</time></trkpt><trkpt lat="43.38772428" lon="-5.82090915"><ele>198.20</ele><time>2024-09-04T13:00:02Z</time></trkpt><trkpt lat="43.38773840" lon="-5.82091611"><ele>198.20</ele><time>2024-09-04T13:00:03Z</time></trkpt><trkpt lat="43.38775203" lon="-5.82092449"><ele>198.20</ele><time>2024-09-04T13:00:04Z</time></trkpt><trkpt lat="43.38776477" lon="-5.82093496"><ele>198.20</ele><time>2024-09-04T13:00:05Z</time></trkpt><trkpt lat="43.38777585" lon="-5.82094834"><ele>198.20</ele><time>2024-09-04T13:00:06Z</time></trkpt><trkpt lat="43.38778540" lon="-5.82096447"><ele>198.20</ele><time>2024-09-04T13:00:07Z</time></trkpt><trkpt lat="43.38779359" lon="-5.82098150"><ele>198.20</ele><time>2024-09-04T13:00:08Z</time></trkpt><trkpt lat="43.38780058" lon="-5.82099871"><ele>198.20</ele><time>2024-09-04T13:00:09Z</time></trkpt><trkpt lat="43.38780702" lon="-5.82101520"><ele>198.42</ele><time>2024-09-04T13:00:10Z</time></trkpt><trkpt lat="43.38781389" lon="-5.82103050"><ele>198.34</ele><time>2024-09-04T13:00:11Z</time></trkpt><trkpt lat="43.38782118" lon="-5.82104553"><ele>198.27</ele><time>2024-09-04T13:00:12Z</time></trkpt><trkpt lat="43.38782992" lon="-5.82105989"><ele>198.23</ele><time>2024-09-04T13:00:13Z</time></trkpt><trkpt lat="43.38783903" lon="-5.82107495"><ele>198.20</ele><time>2024-09-04T13:00:14Z</time></trkpt><trkpt lat="43.38784883" lon="-5.82109054"><ele>197.92</ele><time>2024-09-04T13:00:15Z</time></trkpt><trkpt lat="43.38786008" lon="-5.82110645"><ele>198.01</ele><time>2024-09-04T13:00:16Z</time></trkpt><trkpt lat="43.38787161" lon="-5.82112307"><ele>198.10</ele><time>2024-09-04T13:00:17Z</time></trkpt><trkpt lat="43.38788369" lon="-5.82113901"><ele>198.16</ele><time>2024-09-04T13:00:18Z</time></trkpt><trkpt lat="43.38789600" lon="-5.82115334"><ele>198.19</ele><time>2024-09-04T13:00:19Z</time></trkpt><trkpt lat="43.38790890" lon="-5.82116720"><ele>198.43</ele><time>2024-09-04T13:00:20Z</time></trkpt><trkpt lat="43.38792264" lon="-5.82117870"><ele>198.57</ele><time>2024-09-04T13:00:21Z</time></trkpt><trkpt lat="43.38793736" lon="-5.82118717"><ele>198.64</ele><time>2024-09-04T13:00:22Z</time></trkpt><trkpt lat="43.38795203" lon="-5.82119394"><ele>198.67</ele><time>2024-09-04T13:00:23Z</time></trkpt><trkpt lat="43.38796600" lon="-5.82120000"><ele>198.66</ele><time>2024-09-04T13:00:24Z</time></trkpt><trkpt lat="43.38797998" lon="-5.82120594"><ele>198.65</ele><time>2024-09-04T13:00:25Z</time></trkpt><trkpt lat="43.38799289" lon="-5.82121259"><ele>198.63</ele><time>2024-09-04T13:00:26Z</time></trkpt><trkpt lat="43.38800402" lon="-5.82122367"><ele>198.62</ele><time>2024-09-04T13:00:27Z</time></trkpt><trkpt lat="43.38801355" lon="-5.82123815"><ele>198.61</ele><time>2024-09-04T13:00:28Z</time></trkpt><trkpt lat="43.38802280" lon="-5.82125286"><ele>198.60</ele><time>2024-09-04T13:00:29Z</time></trkpt><trkpt lat="43.38803153" lon="-5.82126784"><ele>198.60</ele><time>2024-09-04T13:00:30Z</time></trkpt><trkpt lat="43.38804008" lon="-5.82128275"><ele>198.60</ele><time>2024-09-04T13:00:31Z</time></trkpt><trkpt lat="43.38804974" lon="-5.82129415"><ele>198.60</ele><time>2024-09-04T13:00:32Z</time></trkpt><trkpt lat="43.38806128" lon="-5.82129887"><ele>198.60</ele><time>2024-09-04T13:00:33Z</time></trkpt><trkpt lat="43.38807398" lon="-5.82129517"><ele>198.60</ele><time>2024-09-04T13:00:34Z</time></trkpt><trkpt lat="43.38808509" lon="-5.82128675"><ele>198.60</ele><time>2024-09-04T13:00:35Z</time></trkpt><trkpt lat="43.38809722" lon="-5.82127517"><ele>198.60</ele><time>2024-09-04T13:00:36Z</time></trkpt><trkpt lat="43.38811053" lon="-5.82126524"><ele>198.60</ele><time>2024-09-04T13:00:37Z</time></trkpt><trkpt lat="43.38812726" lon="-5.82126201"><ele>198.60</ele><time>2024-09-04T13:00:38Z</time></trkpt><trkpt lat="43.38814385" lon="-5.82126555"><ele>198.60</ele><time>2024-09-04T13:00:39Z</time></trkpt><trkpt lat="43.38815893" lon="-5.82127530"><ele>198.60</ele><time>2024-09-04T13:00:40Z</time></trkpt><trkpt lat="43.38817125" lon="-5.82128944"><ele>198.60</ele><time>2024-09-04T13:00:41Z</time></trkpt><trkpt lat="43.38818237" lon="-5.82130663"><ele>198.60</ele><time>2024-09-04T13:00:42Z</time></trkpt><trkpt lat="43.38819347" lon="-5.82132441"><ele>198.60</ele><time>2024-09-04T13:00:43Z</time></trkpt><trkpt lat="43.38820474" lon="-5.82134131"><ele>198.60</ele><time>2024-09-04T13:00:44Z</time></trkpt><trkpt lat="43.38821680" lon="-5.82135720"><ele>198.60</ele><time>2024-09-04T13:00:45Z</time></trkpt><trkpt lat="43.38822833" lon="-5.82137442"><ele>198.38</ele><time>2024-09-04T13:00:46Z</time></trkpt><trkpt lat="43.38824004" lon="-5.82139240"><ele>198.24</ele><time>2024-09-04T13:00:47Z</time></trkpt><trkpt lat="43.38825136" lon="-5.82141128"><ele>197.90</ele><time>2024-09-04T13:00:48Z</time></trkpt><trkpt lat="43.38826352" lon="-5.82143059"><ele>197.70</ele><time>2024-09-04T13:00:49Z</time></trkpt><trkpt lat="43.38827624" lon="-5.82144894"><ele>197.88</ele><time>2024-09-04T13:00:50Z</time></trkpt><trkpt lat="43.38828927" lon="-5.82146711"><ele>198.03</ele><time>2024-09-04T13:00:51Z</time></trkpt><trkpt lat="43.38830190" lon="-5.82148626"><ele>198.14</ele><time>2024-09-04T13:00:52Z</time></trkpt><trkpt lat="43.38831420" lon="-5.82150548"><ele>198.20</ele><time>2024-09-04T13:00:53Z</time></trkpt><trkpt lat="43.38832521" lon="-5.82152797"><ele>198.23</ele><time>2024-09-04T13:00:54Z</time></trkpt><trkpt lat="43.38833213" lon="-5.82154483"><ele>197.96</ele><time>2024-09-04T13:00:55Z</time></trkpt><trkpt lat="43.38833767" lon="-5.82156226"><ele>197.78</ele><time>2024-09-04T13:00:56Z</time></trkpt><trkpt lat="43.38834268" lon="-5.82158082"><ele>197.41</ele><time>2024-09-04T13:00:57Z</time></trkpt><trkpt lat="43.38834875" lon="-5.82159966"><ele>196.93</ele><time>2024-09-04T13:00:58Z</time></trkpt><trkpt lat="43.38835517" lon="-5.82161757"><ele>196.44</ele><time>2024-09-04T13:00:59Z</time></trkpt><trkpt lat="43.38836351" lon="-5.82163541"><ele>195.91</ele><time>2024-09-04T13:01:00Z</time></trkpt><trkpt lat="43.38837198" lon="-5.82165434"><ele>195.65</ele><time>2024-09-04T13:01:01Z</time></trkpt><trkpt lat="43.38838041" lon="-5.82167509"><ele>195.29</ele><time>2024-09-04T13:01:02Z</time></trkpt><trkpt lat="43.38838873" lon="-5.82169420"><ele>195.13</ele><time>2024-09-04T13:01:03Z</time></trkpt><trkpt lat="43.38839748" lon="-5.82171320"><ele>194.82</ele><time>2024-09-04T13:01:04Z</time></trkpt><trkpt lat="43.38840593" lon="-5.82173162"><ele>194.40</ele><time>2024-09-04T13:01:05Z</time></trkpt><trkpt lat="43.38841415" lon="-5.82174913"><ele>193.92</ele><time>2024-09-04T13:01:06Z</time></trkpt><trkpt lat="43.38842331" lon="-5.82176612"><ele>193.45</ele><time>2024-09-04T13:01:07Z</time></trkpt><trkpt lat="43.38843253" lon="-5.82178178"><ele>192.69</ele><time>2024-09-04T13:01:08Z</time></trkpt><trkpt lat="43.38844118" lon="-5.82179780"><ele>192.00</ele><time>2024-09-04T13:01:09Z</time></trkpt><trkpt lat="43.38844889" lon="-5.82181418"><ele>191.40</ele><time>2024-09-04T13:01:10Z</time></trkpt><trkpt lat="43.38845548" lon="-5.82183414"><ele>190.91</ele><time>2024-09-04T13:01:11Z</time></trkpt><trkpt lat="43.38845870" lon="-5.82185473"><ele>190.70</ele><time>2024-09-04T13:01:12Z</time></trkpt><trkpt lat="43.38845992" lon="-5.82187657"><ele>190.67</ele><time>2024-09-04T13:01:13Z</time></trkpt><trkpt lat="43.38846018" lon="-5.82189902"><ele>190.46</ele><time>2024-09-04T13:01:14Z</time></trkpt><trkpt lat="43.38846017" lon="-5.82192110"><ele>190.09</ele><time>2024-09-04T13:01:15Z</time></trkpt><trkpt lat="43.38846025" lon="-5.82194169"><ele>189.64</ele><time>2024-09-04T13:01:16Z</time></trkpt><trkpt lat="43.38846057" lon="-5.82196181"><ele>189.13</ele><time>2024-09-04T13:01:17Z</time></trkpt><trkpt lat="43.38846168" lon="-5.82198224"><ele>188.65</ele><time>2024-09-04T13:01:18Z</time></trkpt><trkpt lat="43.38846444" lon="-5.82200183"><ele>188.42</ele><time>2024-09-04T13:01:19Z</time></trkpt><trkpt lat="43.38846930" lon="-5.82201929"><ele>188.36</ele><time>2024-09-04T13:01:20Z</time></trkpt><trkpt lat="43.38847536" lon="-5.82203492"><ele>188.38</ele><time>2024-09-04T13:01:21Z</time></trkpt><trkpt lat="43.38848249" lon="-5.82205067"><ele>188.16</ele><time>2024-09-04T13:01:22Z</time></trkpt><trkpt lat="43.38849064" lon="-5.82206675"><ele>188.05</ele><time>2024-09-04T13:01:23Z</time></trkpt><trkpt lat="43.38850030" lon="-5.82208317"><ele>188.01</ele><time>2024-09-04T13:01:24Z</time></trkpt><trkpt lat="43.38851017" lon="-5.82209878"><ele>188.01</ele><time>2024-09-04T13:01:25Z</time></trkpt><trkpt lat="43.38852105" lon="-5.82211444"><ele>187.76</ele><time>2024-09-04T13:01:26Z</time></trkpt><trkpt lat="43.38853296" lon="-5.82212855"><ele>187.61</ele><time>2024-09-04T13:01:27Z</time></trkpt><trkpt lat="43.38854590" lon="-5.82214063"><ele>187.54</ele><time>2024-09-04T13:01:28Z</time></trkpt><trkpt lat="43.38855877" lon="-5.82215375"><ele>187.25</ele><time>2024-09-04T13:01:29Z</time></trkpt><trkpt lat="43.38857252" lon="-5.82216282"><ele>186.05</ele><time>2024-09-04T13:01:30Z</time></trkpt><trkpt lat="43.38858672" lon="-5.82217267"><ele>185.32</ele><time>2024-09-04T13:01:31Z</time></trkpt><trkpt lat="43.38860109" lon="-5.82218116"><ele>184.42</ele><time>2024-09-04T13:01:32Z</time></trkpt><trkpt lat="43.38861490" lon="-5.82218892"><ele>183.75</ele><time>2024-09-04T13:01:33Z</time></trkpt><trkpt lat="43.38862884" lon="-5.82219476"><ele>183.45</ele><time>2024-09-04T13:01:34Z</time></trkpt><trkpt lat="43.38864284" lon="-5.82220065"><ele>183.39</ele><time>2024-09-04T13:01:35Z</time></trkpt><trkpt lat="43.38865688" lon="-5.82220515"><ele>183.67</ele><time>2024-09-04T13:01:36Z</time></trkpt><trkpt lat="43.38867092" lon="-5.82220619"><ele>183.91</ele><time>2024-09-04T13:01:37Z</time></trkpt><trkpt lat="43.38868550" lon="-5.82220249"><ele>184.08</ele><time>2024-09-04T13:01:38Z</time></trkpt><trkpt lat="43.38870097" lon="-5.82219506"><ele>184.46</ele><time>2024-09-04T13:01:39Z</time></trkpt><trkpt lat="43.38871585" lon="-5.82218582"><ele>184.68</ele><time>2024-09-04T13:01:40Z</time></trkpt><trkpt lat="43.38873028" lon="-5.82217601"><ele>185.06</ele><time>2024-09-04T13:01:41Z</time></trkpt><trkpt lat="43.38874497" lon="-5.82216579"><ele>185.26</ele><time>2024-09-04T13:01:42Z</time></trkpt><trkpt lat="43.38875874" lon="-5.82215564"><ele>185.34</ele><time>2024-09-04T13:01:43Z</time></trkpt><trkpt lat="43.38877248" lon="-5.82214523"><ele>185.34</ele><time>2024-09-04T13:01:44Z</time></trkpt><trkpt lat="43.38878516" lon="-5.82213478"><ele>185.59</ele><time>2024-09-04T13:01:45Z</time></trkpt><trkpt lat="43.38879777" lon="-5.82212386"><ele>185.72</ele><time>2024-09-04T13:01:46Z</time></trkpt><trkpt lat="43.38881043" lon="-5.82211271"><ele>185.78</ele><time>2024-09-04T13:01:47Z</time></trkpt><trkpt lat="43.38882428" lon="-5.82210150"><ele>186.01</ele><time>2024-09-04T13:01:48Z</time></trkpt><trkpt lat="43.38883782" lon="-5.82209029"><ele>186.13</ele><time>2024-09-04T13:01:49Z</time></trkpt><trkpt lat="43.38885055" lon="-5.82207968"><ele>186.18</ele><time>2024-09-04T13:01:50Z</time></trkpt><trkpt lat="43.38886277" lon="-5.82206893"><ele>186.18</ele><time>2024-09-04T13:01:51Z</time></trkpt><trkpt lat="43.38887525" lon="-5.82205915"><ele>186.44</ele><time>2024-09-04T13:01:52Z</time></trkpt><trkpt lat="43.38888796" lon="-5.82204943"><ele>186.59</ele><time>2024-09-04T13:01:53Z</time></trkpt><trkpt lat="43.38890029" lon="-5.82203968"><ele>186.66</ele><time>2024-09-04T13:01:54Z</time></trkpt><trkpt lat="43.38891238" lon="-5.82202931"><ele>186.95</ele><time>2024-09-04T13:01:55Z</time></trkpt><trkpt lat="43.38892434" lon="-5.82201799"><ele>187.12</ele><time>2024-09-04T13:01:56Z</time></trkpt><trkpt lat="43.38893570" lon="-5.82200718"><ele>187.19</ele><time>2024-09-04T13:01:57Z</time></trkpt><trkpt lat="43.38894836" lon="-5.82199568"><ele>187.47</ele><time>2024-09-04T13:01:58Z</time></trkpt><trkpt lat="43.38896188" lon="-5.82198431"><ele>187.63</ele><time>2024-09-04T13:01:59Z</time></trkpt><trkpt lat="43.38897591" lon="-5.82197253"><ele>187.70</ele><time>2024-09-04T13:02:00Z</time></trkpt><trkpt lat="43.38898960" lon="-5.82196161"><ele>187.98</ele><time>2024-09-04T13:02:01Z</time></trkpt><trkpt lat="43.38900246" lon="-5.82195073"><ele>188.13</ele><time>2024-09-04T13:02:02Z</time></trkpt><trkpt lat="43.38901475" lon="-5.82193984"><ele>188.47</ele><time>2024-09-04T13:02:03Z</time></trkpt><trkpt lat="43.38902617" lon="-5.82192838"><ele>188.65</ele><time>2024-09-04T13:02:04Z</time></trkpt><trkpt lat="43.38903766" lon="-5.82191654"><ele>188.94</ele><time>2024-09-04T13:02:05Z</time></trkpt><trkpt lat="43.38904929" lon="-5.82190559"><ele>189.36</ele><time>2024-09-04T13:02:06Z</time></trkpt><trkpt lat="43.38906051" lon="-5.82189470"><ele>189.58</ele><time>2024-09-04T13:02:07Z</time></trkpt><trkpt lat="43.38907260" lon="-5.82188272"><ele>189.66</ele><time>2024-09-04T13:02:08Z</time></trkpt><trkpt lat="43.38908581" lon="-5.82187003"><ele>189.94</ele><time>2024-09-04T13:02:09Z</time></trkpt><trkpt lat="43.38909971" lon="-5.82185586"><ele>190.08</ele><time>2024-09-04T13:02:10Z</time></trkpt><trkpt lat="43.38911285" lon="-5.82184193"><ele>190.12</ele><time>2024-09-04T13:02:11Z</time></trkpt><trkpt lat="43.38912539" lon="-5.82182777"><ele>190.12</ele><time>2024-09-04T13:02:12Z</time></trkpt><trkpt lat="43.38913865" lon="-5.82181462"><ele>190.09</ele><time>2024-09-04T13:02:13Z</time></trkpt><trkpt lat="43.38915130" lon="-5.82180437"><ele>190.06</ele><time>2024-09-04T13:02:14Z</time></trkpt><trkpt lat="43.38916298" lon="-5.82179536"><ele>190.03</ele><time>2024-09-04T13:02:15Z</time></trkpt><trkpt lat="43.38917408" lon="-5.82178637"><ele>190.01</ele><time>2024-09-04T13:02:16Z</time></trkpt><trkpt lat="43.38918544" lon="-5.82177827"><ele>190.00</ele><time>2024-09-04T13:02:17Z</time></trkpt><trkpt lat="43.38919815" lon="-5.82176895"><ele>190.00</ele><time>2024-09-04T13:02:18Z</time></trkpt><trkpt lat="43.38921175" lon="-5.82175764"><ele>189.99</ele><time>2024-09-04T13:02:19Z</time></trkpt><trkpt lat="43.38922638" lon="-5.82174505"><ele>189.99</ele><time>2024-09-04T13:02:20Z</time></trkpt><trkpt lat="43.38924155" lon="-5.82173180"><ele>189.72</ele><time>2024-09-04T13:02:21Z</time></trkpt><trkpt lat="43.38925530" lon="-5.82171831"><ele>189.55</ele><time>2024-09-04T13:02:22Z</time></trkpt><trkpt lat="43.38926858" lon="-5.82170480"><ele>189.74</ele><time>2024-09-04T13:02:23Z</time></trkpt><trkpt lat="43.38928158" lon="-5.82169140"><ele>190.15</ele><time>2024-09-04T13:02:24Z</time></trkpt><trkpt lat="43.38929391" lon="-5.82167923"><ele>190.68</ele><time>2024-09-04T13:02:25Z</time></trkpt><trkpt lat="43.38930532" lon="-5.82166677"><ele>191.21</ele><time>2024-09-04T13:02:26Z</time></trkpt><trkpt lat="43.38931568" lon="-5.82165461"><ele>191.49</ele><time>2024-09-04T13:02:27Z</time></trkpt><trkpt lat="43.38932494" lon="-5.82164207"><ele>191.87</ele><time>2024-09-04T13:02:28Z</time></trkpt><trkpt lat="43.38933528" lon="-5.82162927"><ele>192.32</ele><time>2024-09-04T13:02:29Z</time></trkpt><trkpt lat="43.38934702" lon="-5.82161630"><ele>192.82</ele><time>2024-09-04T13:02:30Z</time></trkpt><trkpt lat="43.38935965" lon="-5.82160380"><ele>193.33</ele><time>2024-09-04T13:02:31Z</time></trkpt><trkpt lat="43.38937223" lon="-5.82159161"><ele>193.58</ele><time>2024-09-04T13:02:32Z</time></trkpt><trkpt lat="43.38938520" lon="-5.82157852"><ele>193.65</ele><time>2024-09-04T13:02:33Z</time></trkpt><trkpt lat="43.38939781" lon="-5.82156427"><ele>193.85</ele><time>2024-09-04T13:02:34Z</time></trkpt><trkpt lat="43.38941122" lon="-5.82154989"><ele>193.93</ele><time>2024-09-04T13:02:35Z</time></trkpt><trkpt lat="43.38942512" lon="-5.82153771"><ele>193.94</ele><time>2024-09-04T13:02:36Z</time></trkpt><trkpt lat="43.38943871" lon="-5.82152645"><ele>193.91</ele><time>2024-09-04T13:02:37Z</time></trkpt><trkpt lat="43.38945150" lon="-5.82151512"><ele>193.88</ele><time>2024-09-04T13:02:38Z</time></trkpt><trkpt lat="43.38946484" lon="-5.82150306"><ele>193.84</ele><time>2024-09-04T13:02:39Z</time></trkpt><trkpt lat="43.38947858" lon="-5.82149048"><ele>193.60</ele><time>2024-09-04T13:02:40Z</time></trkpt><trkpt lat="43.38949200" lon="-5.82147647"><ele>193.45</ele><time>2024-09-04T13:02:41Z</time></trkpt><trkpt lat="43.38950465" lon="-5.82146270"><ele>193.37</ele><time>2024-09-04T13:02:42Z</time></trkpt><trkpt lat="43.38951626" lon="-5.82144920"><ele>193.34</ele><time>2024-09-04T13:02:43Z</time></trkpt><trkpt lat="43.38952836" lon="-5.82143484"><ele>193.07</ele><time>2024-09-04T13:02:44Z</time></trkpt><trkpt lat="43.38954033" lon="-5.82142104"><ele>192.91</ele><time>2024-09-04T13:02:45Z</time></trkpt><trkpt lat="43.38955170" lon="-5.82140767"><ele>192.83</ele><time>2024-09-04T13:02:46Z</time></trkpt><trkpt lat="43.38956326" lon="-5.82139567"><ele>192.81</ele><time>2024-09-04T13:02:47Z</time></trkpt><trkpt lat="43.38957556" lon="-5.82138613"><ele>192.55</ele><time>2024-09-04T13:02:48Z</time></trkpt><trkpt lat="43.38958833" lon="-5.82137695"><ele>192.40</ele><time>2024-09-04T13:02:49Z</time></trkpt><trkpt lat="43.38960246" lon="-5.82136831"><ele>191.78</ele><time>2024-09-04T13:02:50Z</time></trkpt><trkpt lat="43.38961685" lon="-5.82135928"><ele>191.20</ele><time>2024-09-04T13:02:51Z</time></trkpt><trkpt lat="43.38963127" lon="-5.82134933"><ele>190.63</ele><time>2024-09-04T13:02:52Z</time></trkpt><trkpt lat="43.38964562" lon="-5.82133765"><ele>190.34</ele><time>2024-09-04T13:02:53Z</time></trkpt><trkpt lat="43.38965986" lon="-5.82132598"><ele>189.97</ele><time>2024-09-04T13:02:54Z</time></trkpt><trkpt lat="43.38967345" lon="-5.82131229"><ele>189.53</ele><time>2024-09-04T13:02:55Z</time></trkpt><trkpt lat="43.38968662" lon="-5.82129903"><ele>189.33</ele><time>2024-09-04T13:02:56Z</time></trkpt><trkpt lat="43.38970011" lon="-5.82128515"><ele>189.27</ele><time>2024-09-04T13:02:57Z</time></trkpt><trkpt lat="43.38971386" lon="-5.82127205"><ele>189.30</ele><time>2024-09-04T13:02:58Z</time></trkpt><trkpt lat="43.38972668" lon="-5.82126009"><ele>189.35</ele><time>2024-09-04T13:02:59Z</time></trkpt><trkpt lat="43.38973946" lon="-5.82124775"><ele>189.41</ele><time>2024-09-04T13:03:00Z</time></trkpt><trkpt lat="43.38975280" lon="-5.82123565"><ele>189.45</ele><time>2024-09-04T13:03:01Z</time></trkpt><trkpt lat="43.38976600" lon="-5.82122314"><ele>189.48</ele><time>2024-09-04T13:03:02Z</time></trkpt><trkpt lat="43.38977800" lon="-5.82120978"><ele>189.50</ele><time>2024-09-04T13:03:03Z</time></trkpt><trkpt lat="43.38978924" lon="-5.82119536"><ele>189.51</ele><time>2024-09-04T13:03:04Z</time></trkpt><trkpt lat="43.38980118" lon="-5.82118088"><ele>189.51</ele><time>2024-09-04T13:03:05Z</time></trkpt><trkpt lat="43.38981311" lon="-5.82116702"><ele>189.24</ele><time>2024-09-04T13:03:06Z</time></trkpt><trkpt lat="43.38982560" lon="-5.82115363"><ele>189.33</ele><time>2024-09-04T13:03:07Z</time></trkpt><trkpt lat="43.38983791" lon="-5.82113998"><ele>189.41</ele><time>2024-09-04T13:03:08Z</time></trkpt><trkpt lat="43.38985116" lon="-5.82112778"><ele>188.98</ele><time>2024-09-04T13:03:09Z</time></trkpt><trkpt lat="43.38986445" lon="-5.82111650"><ele>188.70</ele><time>2024-09-04T13:03:10Z</time></trkpt><trkpt lat="43.38987770" lon="-5.82110678"><ele>188.28</ele><time>2024-09-04T13:03:11Z</time></trkpt><trkpt lat="43.38989143" lon="-5.82109738"><ele>187.78</ele><time>2024-09-04T13:03:12Z</time></trkpt><trkpt lat="43.38990433" lon="-5.82108582"><ele>187.51</ele><time>2024-09-04T13:03:13Z</time></trkpt><trkpt lat="43.38991667" lon="-5.82107329"><ele>187.41</ele><time>2024-09-04T13:03:14Z</time></trkpt><trkpt lat="43.38992650" lon="-5.82106242"><ele>187.40</ele><time>2024-09-04T13:03:15Z</time></trkpt><trkpt lat="43.38993862" lon="-5.82104887"><ele>187.44</ele><time>2024-09-04T13:03:16Z</time></trkpt><trkpt lat="43.38994857" lon="-5.82103904"><ele>187.49</ele><time>2024-09-04T13:03:17Z</time></trkpt><trkpt lat="43.38995930" lon="-5.82102626"><ele>187.54</ele><time>2024-09-04T13:03:18Z</time></trkpt><trkpt lat="43.38997067" lon="-5.82101364"><ele>187.30</ele><time>2024-09-04T13:03:19Z</time></trkpt><trkpt lat="43.38998299" lon="-5.82100013"><ele>187.42</ele><time>2024-09-04T13:03:20Z</time></trkpt><trkpt lat="43.38999918" lon="-5.82098447"><ele>187.24</ele><time>2024-09-04T13:03:21Z</time></trkpt><trkpt lat="43.39001499" lon="-5.82097028"><ele>187.13</ele><time>2024-09-04T13:03:22Z</time></trkpt><trkpt lat="43.39003078" lon="-5.82095832"><ele>186.80</ele><time>2024-09-04T13:03:23Z</time></trkpt><trkpt lat="43.39004586" lon="-5.82094670"><ele>186.61</ele><time>2024-09-04T13:03:24Z</time></trkpt><trkpt lat="43.39006037" lon="-5.82093515"><ele>186.52</ele><time>2024-09-04T13:03:25Z</time></trkpt><trkpt lat="43.39007453" lon="-5.82092299"><ele>186.50</ele><time>2024-09-04T13:03:26Z</time></trkpt><trkpt lat="43.39008794" lon="-5.82091037"><ele>186.51</ele><time>2024-09-04T13:03:27Z</time></trkpt><trkpt lat="43.39010038" lon="-5.82089801"><ele>186.53</ele><time>2024-09-04T13:03:28Z</time></trkpt><trkpt lat="43.39011283" lon="-5.82088530"><ele>186.56</ele><time>2024-09-04T13:03:29Z</time></trkpt><trkpt lat="43.39012431" lon="-5.82087346"><ele>186.58</ele><time>2024-09-04T13:03:30Z</time></trkpt><trkpt lat="43.39013744" lon="-5.82085946"><ele>186.59</ele><time>2024-09-04T13:03:31Z</time></trkpt><trkpt lat="43.39015007" lon="-5.82084624"><ele>186.60</ele><time>2024-09-04T13:03:32Z</time></trkpt><trkpt lat="43.39016343" lon="-5.82083364"><ele>186.88</ele><time>2024-09-04T13:03:33Z</time></trkpt><trkpt lat="43.39017672" lon="-5.82082199"><ele>187.05</ele><time>2024-09-04T13:03:34Z</time></trkpt><trkpt lat="43.39018881" lon="-5.82081036"><ele>187.14</ele><time>2024-09-04T13:03:35Z</time></trkpt><trkpt lat="43.39020178" lon="-5.82079921"><ele>187.17</ele><time>2024-09-04T13:03:36Z</time></trkpt><trkpt lat="43.39021481" lon="-5.82078777"><ele>187.44</ele><time>2024-09-04T13:03:37Z</time></trkpt><trkpt lat="43.39022622" lon="-5.82077771"><ele>187.60</ele><time>2024-09-04T13:03:38Z</time></trkpt><trkpt lat="43.39023934" lon="-5.82076686"><ele>187.67</ele><time>2024-09-04T13:03:39Z</time></trkpt><trkpt lat="43.39025089" lon="-5.82075760"><ele>187.69</ele><time>2024-09-04T13:03:40Z</time></trkpt><trkpt lat="43.39026414" lon="-5.82074714"><ele>187.68</ele><time>2024-09-04T13:03:41Z</time></trkpt><trkpt lat="43.39027798" lon="-5.82073745"><ele>187.66</ele><time>2024-09-04T13:03:42Z</time></trkpt><trkpt lat="43.39029158" lon="-5.82072880"><ele>187.63</ele><time>2024-09-04T13:03:43Z</time></trkpt><trkpt lat="43.39030439" lon="-5.82072076"><ele>187.89</ele><time>2024-09-04T13:03:44Z</time></trkpt><trkpt lat="43.39031777" lon="-5.82071246"><ele>188.05</ele><time>2024-09-04T13:03:45Z</time></trkpt><trkpt lat="43.39032990" lon="-5.82070335"><ele>188.41</ele><time>2024-09-04T13:03:46Z</time></trkpt><trkpt lat="43.39034231" lon="-5.82069204"><ele>188.61</ele><time>2024-09-04T13:03:47Z</time></trkpt><trkpt lat="43.39035334" lon="-5.82068210"><ele>188.92</ele><time>2024-09-04T13:03:48Z</time></trkpt><trkpt lat="43.39036461" lon="-5.82067102"><ele>189.08</ele><time>2024-09-04T13:03:49Z</time></trkpt><trkpt lat="43.39037561" lon="-5.82066031"><ele>189.13</ele><time>2024-09-04T13:03:50Z</time></trkpt><trkpt lat="43.39038702" lon="-5.82064992"><ele>189.13</ele><time>2024-09-04T13:03:51Z</time></trkpt><trkpt lat="43.39039984" lon="-5.82063867"><ele>189.10</ele><time>2024-09-04T13:03:52Z</time></trkpt><trkpt lat="43.39041301" lon="-5.82062851"><ele>189.07</ele><time>2024-09-04T13:03:53Z</time></trkpt><trkpt lat="43.39042575" lon="-5.82062127"><ele>189.04</ele><time>2024-09-04T13:03:54Z</time></trkpt><trkpt lat="43.39043486" lon="-5.82061966"><ele>188.52</ele><time>2024-09-04T13:03:55Z</time></trkpt><trkpt lat="43.39044221" lon="-5.82062028"><ele>187.93</ele><time>2024-09-04T13:03:56Z</time></trkpt><trkpt lat="43.39044978" lon="-5.82062396"><ele>187.31</ele><time>2024-09-04T13:03:57Z</time></trkpt><trkpt lat="43.39045775" lon="-5.82062856"><ele>186.72</ele><time>2024-09-04T13:03:58Z</time></trkpt><trkpt lat="43.39046558" lon="-5.82063542"><ele>186.15</ele><time>2024-09-04T13:03:59Z</time></trkpt><trkpt lat="43.39047611" lon="-5.82063841"><ele>185.66</ele><time>2024-09-04T13:04:00Z</time></trkpt><trkpt lat="43.39048784" lon="-5.82064241"><ele>185.45</ele><time>2024-09-04T13:04:01Z</time></trkpt><trkpt lat="43.39050237" lon="-5.82064709"><ele>185.13</ele><time>2024-09-04T13:04:02Z</time></trkpt><trkpt lat="43.39051683" lon="-5.82064831"><ele>184.73</ele><time>2024-09-04T13:04:03Z</time></trkpt><trkpt lat="43.39053041" lon="-5.82064291"><ele>184.54</ele><time>2024-09-04T13:04:04Z</time></trkpt><trkpt lat="43.39054653" lon="-5.82061222"><ele>183.72</ele><time>2024-09-04T13:04:05Z</time></trkpt><trkpt lat="43.39056311" lon="-5.82057162"><ele>182.72</ele><time>2024-09-04T13:04:06Z</time></trkpt><trkpt lat="43.39057432" lon="-5.82053724"><ele>182.17</ele><time>2024-09-04T13:04:07Z</time></trkpt><trkpt lat="43.39058361" lon="-5.82050438"><ele>181.95</ele><time>2024-09-04T13:04:08Z</time></trkpt><trkpt lat="43.39059197" lon="-5.82047706"><ele>181.65</ele><time>2024-09-04T13:04:09Z</time></trkpt><trkpt lat="43.39060005" lon="-5.82045361"><ele>181.55</ele><time>2024-09-04T13:04:10Z</time></trkpt><trkpt lat="43.39060874" lon="-5.82043352"><ele>181.55</ele><time>2024-09-04T13:04:11Z</time></trkpt><trkpt lat="43.39061799" lon="-5.82041574"><ele>181.61</ele><time>2024-09-04T13:04:12Z</time></trkpt><trkpt lat="43.39062710" lon="-5.82039623"><ele>181.46</ele><time>2024-09-04T13:04:13Z</time></trkpt><trkpt lat="43.39063777" lon="-5.82037738"><ele>181.38</ele><time>2024-09-04T13:04:14Z</time></trkpt><trkpt lat="43.39064888" lon="-5.82035824"><ele>181.07</ele><time>2024-09-04T13:04:15Z</time></trkpt><trkpt lat="43.39066126" lon="-5.82034153"><ele>180.90</ele><time>2024-09-04T13:04:16Z</time></trkpt><trkpt lat="43.39067654" lon="-5.82032955"><ele>180.82</ele><time>2024-09-04T13:04:17Z</time></trkpt><trkpt lat="43.39069185" lon="-5.82031982"><ele>180.80</ele><time>2024-09-04T13:04:18Z</time></trkpt><trkpt lat="43.39070745" lon="-5.82030995"><ele>180.81</ele><time>2024-09-04T13:04:19Z</time></trkpt><trkpt lat="43.39072196" lon="-5.82030120"><ele>180.84</ele><time>2024-09-04T13:04:20Z</time></trkpt><trkpt lat="43.39073675" lon="-5.82029292"><ele>180.86</ele><time>2024-09-04T13:04:21Z</time></trkpt><trkpt lat="43.39075334" lon="-5.82028414"><ele>180.33</ele><time>2024-09-04T13:04:22Z</time></trkpt><trkpt lat="43.39077051" lon="-5.82027214"><ele>179.73</ele><time>2024-09-04T13:04:23Z</time></trkpt><trkpt lat="43.39078791" lon="-5.82025751"><ele>179.11</ele><time>2024-09-04T13:04:24Z</time></trkpt><trkpt lat="43.39080259" lon="-5.82024247"><ele>178.79</ele><time>2024-09-04T13:04:25Z</time></trkpt><trkpt lat="43.39081547" lon="-5.82022802"><ele>178.66</ele><time>2024-09-04T13:04:26Z</time></trkpt><trkpt lat="43.39082788" lon="-5.82021469"><ele>178.66</ele><time>2024-09-04T13:04:27Z</time></trkpt><trkpt lat="43.39084077" lon="-5.82020215"><ele>178.71</ele><time>2024-09-04T13:04:28Z</time></trkpt><trkpt lat="43.39085355" lon="-5.82019064"><ele>178.77</ele><time>2024-09-04T13:04:29Z</time></trkpt><trkpt lat="43.39086633" lon="-5.82018024"><ele>178.83</ele><time>2024-09-04T13:04:30Z</time></trkpt><trkpt lat="43.39087916" lon="-5.82016989"><ele>178.87</ele><time>2024-09-04T13:04:31Z</time></trkpt><trkpt lat="43.39089315" lon="-5.82015996"><ele>179.17</ele><time>2024-09-04T13:04:32Z</time></trkpt><trkpt lat="43.39090732" lon="-5.82015077"><ele>179.08</ele><time>2024-09-04T13:04:33Z</time></trkpt><trkpt lat="43.39092209" lon="-5.82014085"><ele>179.00</ele><time>2024-09-04T13:04:34Z</time></trkpt><trkpt lat="43.39093663" lon="-5.82012928"><ele>178.94</ele><time>2024-09-04T13:04:35Z</time></trkpt><trkpt lat="43.39095041" lon="-5.82011720"><ele>178.69</ele><time>2024-09-04T13:04:36Z</time></trkpt><trkpt lat="43.39096422" lon="-5.82010546"><ele>178.53</ele><time>2024-09-04T13:04:37Z</time></trkpt><trkpt lat="43.39097754" lon="-5.82009402"><ele>178.18</ele><time>2024-09-04T13:04:38Z</time></trkpt><trkpt lat="43.39099112" lon="-5.82008446"><ele>177.99</ele><time>2024-09-04T13:04:39Z</time></trkpt><trkpt lat="43.39100436" lon="-5.82007553"><ele>177.90</ele><time>2024-09-04T13:04:40Z</time></trkpt><trkpt lat="43.39101739" lon="-5.82006633"><ele>177.88</ele><time>2024-09-04T13:04:41Z</time></trkpt><trkpt lat="43.39103032" lon="-5.82005738"><ele>177.90</ele><time>2024-09-04T13:04:42Z</time></trkpt><trkpt lat="43.39104267" lon="-5.82004963"><ele>177.93</ele><time>2024-09-04T13:04:43Z</time></trkpt><trkpt lat="43.39105524" lon="-5.82004203"><ele>177.96</ele><time>2024-09-04T13:04:44Z</time></trkpt><trkpt lat="43.39106963" lon="-5.82003388"><ele>177.71</ele><time>2024-09-04T13:04:45Z</time></trkpt><trkpt lat="43.39108300" lon="-5.82002310"><ele>177.55</ele><time>2024-09-04T13:04:46Z</time></trkpt><trkpt lat="43.39109563" lon="-5.82000957"><ele>177.47</ele><time>2024-09-04T13:04:47Z</time></trkpt><trkpt lat="43.39110832" lon="-5.81999338"><ele>177.71</ele><time>2024-09-04T13:04:48Z</time></trkpt><trkpt lat="43.39112057" lon="-5.81997582"><ele>177.88</ele><time>2024-09-04T13:04:49Z</time></trkpt><trkpt lat="43.39113256" lon="-5.81995720"><ele>177.99</ele><time>2024-09-04T13:04:50Z</time></trkpt><trkpt lat="43.39114116" lon="-5.81993660"><ele>178.04</ele><time>2024-09-04T13:04:51Z</time></trkpt><trkpt lat="43.39114548" lon="-5.81991556"><ele>178.32</ele><time>2024-09-04T13:04:52Z</time></trkpt><trkpt lat="43.39114573" lon="-5.81989509"><ele>178.49</ele><time>2024-09-04T13:04:53Z</time></trkpt><trkpt lat="43.39114550" lon="-5.81987574"><ele>178.30</ele><time>2024-09-04T13:04:54Z</time></trkpt><trkpt lat="43.39114225" lon="-5.81985609"><ele>177.87</ele><time>2024-09-04T13:04:55Z</time></trkpt><trkpt lat="43.39113693" lon="-5.81983568"><ele>177.33</ele><time>2024-09-04T13:04:56Z</time></trkpt><trkpt lat="43.39113019" lon="-5.81981644"><ele>176.74</ele><time>2024-09-04T13:04:57Z</time></trkpt><trkpt lat="43.39112186" lon="-5.81979691"><ele>176.20</ele><time>2024-09-04T13:04:58Z</time></trkpt><trkpt lat="43.39111399" lon="-5.81977550"><ele>175.66</ele><time>2024-09-04T13:04:59Z</time></trkpt><trkpt lat="43.39110617" lon="-5.81975400"><ele>175.13</ele><time>2024-09-04T13:05:00Z</time></trkpt><trkpt lat="43.39109745" lon="-5.81973419"><ele>174.61</ele><time>2024-09-04T13:05:01Z</time></trkpt><trkpt lat="43.39108827" lon="-5.81971500"><ele>174.37</ele><time>2024-09-04T13:05:02Z</time></trkpt><trkpt lat="43.39107947" lon="-5.81969776"><ele>174.04</ele><time>2024-09-04T13:05:03Z</time></trkpt><trkpt lat="43.39107155" lon="-5.81968059"><ele>173.68</ele><time>2024-09-04T13:05:04Z</time></trkpt><trkpt lat="43.39106368" lon="-5.81966435"><ele>173.25</ele><time>2024-09-04T13:05:05Z</time></trkpt><trkpt lat="43.39105636" lon="-5.81964641"><ele>172.77</ele><time>2024-09-04T13:05:06Z</time></trkpt><trkpt lat="43.39104989" lon="-5.81962835"><ele>172.27</ele><time>2024-09-04T13:05:07Z</time></trkpt><trkpt lat="43.39104337" lon="-5.81961025"><ele>171.75</ele><time>2024-09-04T13:05:08Z</time></trkpt><trkpt lat="43.39103618" lon="-5.81959270"><ele>171.29</ele><time>2024-09-04T13:05:09Z</time></trkpt><trkpt lat="43.39102741" lon="-5.81957551"><ele>171.08</ele><time>2024-09-04T13:05:10Z</time></trkpt><trkpt lat="43.39101767" lon="-5.81955962"><ele>170.76</ele><time>2024-09-04T13:05:11Z</time></trkpt><trkpt lat="43.39100743" lon="-5.81954342"><ele>170.62</ele><time>2024-09-04T13:05:12Z</time></trkpt><trkpt lat="43.39099920" lon="-5.81952691"><ele>170.87</ele><time>2024-09-04T13:05:13Z</time></trkpt><trkpt lat="43.39099673" lon="-5.81951069"><ele>171.08</ele><time>2024-09-04T13:05:14Z</time></trkpt><trkpt lat="43.39100383" lon="-5.81949739"><ele>171.43</ele><time>2024-09-04T13:05:15Z</time></trkpt><trkpt lat="43.39101708" lon="-5.81948590"><ele>171.93</ele><time>2024-09-04T13:05:16Z</time></trkpt><trkpt lat="43.39103328" lon="-5.81947425"><ele>172.48</ele><time>2024-09-04T13:05:17Z</time></trkpt><trkpt lat="43.39104980" lon="-5.81946223"><ele>172.78</ele><time>2024-09-04T13:05:18Z</time></trkpt><trkpt lat="43.39106517" lon="-5.81945039"><ele>173.17</ele><time>2024-09-04T13:05:19Z</time></trkpt><trkpt lat="43.39107985" lon="-5.81943859"><ele>173.63</ele><time>2024-09-04T13:05:20Z</time></trkpt><trkpt lat="43.39109440" lon="-5.81942622"><ele>174.07</ele><time>2024-09-04T13:05:21Z</time></trkpt><trkpt lat="43.39110714" lon="-5.81941619"><ele>174.55</ele><time>2024-09-04T13:05:22Z</time></trkpt><trkpt lat="43.39111869" lon="-5.81940820"><ele>175.05</ele><time>2024-09-04T13:05:23Z</time></trkpt><trkpt lat="43.39113012" lon="-5.81940080"><ele>175.56</ele><time>2024-09-04T13:05:24Z</time></trkpt><trkpt lat="43.39114217" lon="-5.81939300"><ele>175.80</ele><time>2024-09-04T13:05:25Z</time></trkpt><trkpt lat="43.39115525" lon="-5.81938639"><ele>175.87</ele><time>2024-09-04T13:05:26Z</time></trkpt><trkpt lat="43.39116899" lon="-5.81938046"><ele>176.11</ele><time>2024-09-04T13:05:27Z</time></trkpt><trkpt lat="43.39118364" lon="-5.81937482"><ele>176.22</ele><time>2024-09-04T13:05:28Z</time></trkpt><trkpt lat="43.39119876" lon="-5.81936869"><ele>176.25</ele><time>2024-09-04T13:05:29Z</time></trkpt><trkpt lat="43.39121299" lon="-5.81936106"><ele>176.23</ele><time>2024-09-04T13:05:30Z</time></trkpt><trkpt lat="43.39122655" lon="-5.81935245"><ele>176.41</ele><time>2024-09-04T13:05:31Z</time></trkpt><trkpt lat="43.39123969" lon="-5.81934332"><ele>176.51</ele><time>2024-09-04T13:05:32Z</time></trkpt><trkpt lat="43.39125206" lon="-5.81933398"><ele>176.55</ele><time>2024-09-04T13:05:33Z</time></trkpt><trkpt lat="43.39126291" lon="-5.81932462"><ele>176.84</ele><time>2024-09-04T13:05:34Z</time></trkpt><trkpt lat="43.39127453" lon="-5.81931478"><ele>177.00</ele><time>2024-09-04T13:05:35Z</time></trkpt><trkpt lat="43.39128624" lon="-5.81930359"><ele>177.07</ele><time>2024-09-04T13:05:36Z</time></trkpt><trkpt lat="43.39129806" lon="-5.81929107"><ele>177.36</ele><time>2024-09-04T13:05:37Z</time></trkpt><trkpt lat="43.39130996" lon="-5.81927840"><ele>177.53</ele><time>2024-09-04T13:05:38Z</time></trkpt><trkpt lat="43.39132248" lon="-5.81926579"><ele>177.59</ele><time>2024-09-04T13:05:39Z</time></trkpt><trkpt lat="43.39133591" lon="-5.81925390"><ele>177.88</ele><time>2024-09-04T13:05:40Z</time></trkpt><trkpt lat="43.39134989" lon="-5.81924306"><ele>178.03</ele><time>2024-09-04T13:05:41Z</time></trkpt><trkpt lat="43.39136357" lon="-5.81923233"><ele>178.10</ele><time>2024-09-04T13:05:42Z</time></trkpt><trkpt lat="43.39137751" lon="-5.81922160"><ele>178.38</ele><time>2024-09-04T13:05:43Z</time></trkpt><trkpt lat="43.39139105" lon="-5.81920971"><ele>178.75</ele><time>2024-09-04T13:05:44Z</time></trkpt><trkpt lat="43.39140373" lon="-5.81919707"><ele>178.95</ele><time>2024-09-04T13:05:45Z</time></trkpt><trkpt lat="43.39141643" lon="-5.81918455"><ele>179.03</ele><time>2024-09-04T13:05:46Z</time></trkpt><trkpt lat="43.39142866" lon="-5.81917165"><ele>179.31</ele><time>2024-09-04T13:05:47Z</time></trkpt><trkpt lat="43.39144062" lon="-5.81915856"><ele>179.46</ele><time>2024-09-04T13:05:48Z</time></trkpt><trkpt lat="43.39145302" lon="-5.81914540"><ele>179.51</ele><time>2024-09-04T13:05:49Z</time></trkpt><trkpt lat="43.39146629" lon="-5.81913278"><ele>179.51</ele><time>2024-09-04T13:05:50Z</time></trkpt><trkpt lat="43.39147956" lon="-5.81912055"><ele>179.49</ele><time>2024-09-04T13:05:51Z</time></trkpt><trkpt lat="43.39149278" lon="-5.81910909"><ele>179.46</ele><time>2024-09-04T13:05:52Z</time></trkpt><trkpt lat="43.39150538" lon="-5.81909807"><ele>179.71</ele><time>2024-09-04T13:05:53Z</time></trkpt><trkpt lat="43.39151757" lon="-5.81908781"><ele>179.86</ele><time>2024-09-04T13:05:54Z</time></trkpt><trkpt lat="43.39152899" lon="-5.81907740"><ele>179.94</ele><time>2024-09-04T13:05:55Z</time></trkpt><trkpt lat="43.39153942" lon="-5.81906679"><ele>179.97</ele><time>2024-09-04T13:05:56Z</time></trkpt><trkpt lat="43.39154932" lon="-5.81905656"><ele>179.96</ele><time>2024-09-04T13:05:57Z</time></trkpt><trkpt lat="43.39155899" lon="-5.81904710"><ele>179.95</ele><time>2024-09-04T13:05:58Z</time></trkpt><trkpt lat="43.39156863" lon="-5.81903917"><ele>179.93</ele><time>2024-09-04T13:05:59Z</time></trkpt><trkpt lat="43.39157888" lon="-5.81903105"><ele>179.92</ele><time>2024-09-04T13:06:00Z</time></trkpt><trkpt lat="43.39159066" lon="-5.81902156"><ele>179.91</ele><time>2024-09-04T13:06:01Z</time></trkpt><trkpt lat="43.39160393" lon="-5.81901058"><ele>179.90</ele><time>2024-09-04T13:06:02Z</time></trkpt><trkpt lat="43.39161805" lon="-5.81899597"><ele>179.90</ele><time>2024-09-04T13:06:03Z</time></trkpt><trkpt lat="43.39163306" lon="-5.81898085"><ele>179.90</ele><time>2024-09-04T13:06:04Z</time></trkpt><trkpt lat="43.39164903" lon="-5.81896355"><ele>180.17</ele><time>2024-09-04T13:06:05Z</time></trkpt><trkpt lat="43.39166488" lon="-5.81894839"><ele>180.62</ele><time>2024-09-04T13:06:06Z</time></trkpt><trkpt lat="43.39168051" lon="-5.81893487"><ele>181.15</ele><time>2024-09-04T13:06:07Z</time></trkpt><trkpt lat="43.39169535" lon="-5.81892242"><ele>181.45</ele><time>2024-09-04T13:06:08Z</time></trkpt><trkpt lat="43.39171021" lon="-5.81891056"><ele>181.79</ele><time>2024-09-04T13:06:09Z</time></trkpt><trkpt lat="43.39172455" lon="-5.81889947"><ele>181.95</ele><time>2024-09-04T13:06:10Z</time></trkpt><trkpt lat="43.39173859" lon="-5.81888821"><ele>182.26</ele><time>2024-09-04T13:06:11Z</time></trkpt><trkpt lat="43.39175248" lon="-5.81887562"><ele>182.68</ele><time>2024-09-04T13:06:12Z</time></trkpt><trkpt lat="43.39176633" lon="-5.81886377"><ele>182.90</ele><time>2024-09-04T13:06:13Z</time></trkpt><trkpt lat="43.39178074" lon="-5.81885188"><ele>182.98</ele><time>2024-09-04T13:06:14Z</time></trkpt><trkpt lat="43.39179443" lon="-5.81883887"><ele>182.97</ele><time>2024-09-04T13:06:15Z</time></trkpt><trkpt lat="43.39180765" lon="-5.81882568"><ele>182.94</ele><time>2024-09-04T13:06:16Z</time></trkpt><trkpt lat="43.39182280" lon="-5.81881354"><ele>182.89</ele><time>2024-09-04T13:06:17Z</time></trkpt><trkpt lat="43.39183867" lon="-5.81880212"><ele>182.85</ele><time>2024-09-04T13:06:18Z</time></trkpt><trkpt lat="43.39185325" lon="-5.81879221"><ele>182.82</ele><time>2024-09-04T13:06:19Z</time></trkpt><trkpt lat="43.39186692" lon="-5.81878209"><ele>183.08</ele><time>2024-09-04T13:06:20Z</time></trkpt><trkpt lat="43.39188112" lon="-5.81877168"><ele>183.24</ele><time>2024-09-04T13:06:21Z</time></trkpt><trkpt lat="43.39189518" lon="-5.81875992"><ele>183.33</ele><time>2024-09-04T13:06:22Z</time></trkpt><trkpt lat="43.39190753" lon="-5.81874784"><ele>183.36</ele><time>2024-09-04T13:06:23Z</time></trkpt><trkpt lat="43.39191991" lon="-5.81873453"><ele>183.36</ele><time>2024-09-04T13:06:24Z</time></trkpt><trkpt lat="43.39193134" lon="-5.81872052"><ele>183.62</ele><time>2024-09-04T13:06:25Z</time></trkpt><trkpt lat="43.39194171" lon="-5.81870673"><ele>184.00</ele><time>2024-09-04T13:06:26Z</time></trkpt><trkpt lat="43.39195260" lon="-5.81869268"><ele>184.48</ele><time>2024-09-04T13:06:27Z</time></trkpt><trkpt lat="43.39196506" lon="-5.81868069"><ele>185.02</ele><time>2024-09-04T13:06:28Z</time></trkpt><trkpt lat="43.39197856" lon="-5.81867007"><ele>185.31</ele><time>2024-09-04T13:06:29Z</time></trkpt><trkpt lat="43.39199264" lon="-5.81866074"><ele>185.68</ele><time>2024-09-04T13:06:30Z</time></trkpt><trkpt lat="43.39200642" lon="-5.81865262"><ele>186.35</ele><time>2024-09-04T13:06:31Z</time></trkpt><trkpt lat="43.39201935" lon="-5.81864508"><ele>186.98</ele><time>2024-09-04T13:06:32Z</time></trkpt><trkpt lat="43.39203170" lon="-5.81863605"><ele>187.56</ele><time>2024-09-04T13:06:33Z</time></trkpt><trkpt lat="43.39204262" lon="-5.81862539"><ele>188.11</ele><time>2024-09-04T13:06:34Z</time></trkpt><trkpt lat="43.39205378" lon="-5.81861261"><ele>188.63</ele><time>2024-09-04T13:06:35Z</time></trkpt><trkpt lat="43.39206523" lon="-5.81859915"><ele>189.08</ele><time>2024-09-04T13:06:36Z</time></trkpt><trkpt lat="43.39207748" lon="-5.81858603"><ele>189.54</ele><time>2024-09-04T13:06:37Z</time></trkpt><trkpt lat="43.39209025" lon="-5.81857331"><ele>189.74</ele><time>2024-09-04T13:06:38Z</time></trkpt><trkpt lat="43.39210276" lon="-5.81856036"><ele>190.05</ele><time>2024-09-04T13:06:39Z</time></trkpt><trkpt lat="43.39211504" lon="-5.81854731"><ele>190.18</ele><time>2024-09-04T13:06:40Z</time></trkpt><trkpt lat="43.39212771" lon="-5.81853477"><ele>190.20</ele><time>2024-09-04T13:06:41Z</time></trkpt><trkpt lat="43.39214007" lon="-5.81852312"><ele>190.17</ele><time>2024-09-04T13:06:42Z</time></trkpt><trkpt lat="43.39215277" lon="-5.81851310"><ele>190.39</ele><time>2024-09-04T13:06:43Z</time></trkpt><trkpt lat="43.39216513" lon="-5.81850405"><ele>190.51</ele><time>2024-09-04T13:06:44Z</time></trkpt><trkpt lat="43.39217782" lon="-5.81849325"><ele>190.57</ele><time>2024-09-04T13:06:45Z</time></trkpt><trkpt lat="43.39218962" lon="-5.81848065"><ele>190.85</ele><time>2024-09-04T13:06:46Z</time></trkpt><trkpt lat="43.39220194" lon="-5.81846858"><ele>191.01</ele><time>2024-09-04T13:06:47Z</time></trkpt><trkpt lat="43.39221465" lon="-5.81845642"><ele>191.08</ele><time>2024-09-04T13:06:48Z</time></trkpt><trkpt lat="43.39222814" lon="-5.81844426"><ele>191.31</ele><time>2024-09-04T13:06:49Z</time></trkpt><trkpt lat="43.39224209" lon="-5.81843104"><ele>191.44</ele><time>2024-09-04T13:06:50Z</time></trkpt><trkpt lat="43.39225626" lon="-5.81841826"><ele>191.76</ele><time>2024-09-04T13:06:51Z</time></trkpt><trkpt lat="43.39227104" lon="-5.81840476"><ele>192.21</ele><time>2024-09-04T13:06:52Z</time></trkpt><trkpt lat="43.39228560" lon="-5.81839137"><ele>192.45</ele><time>2024-09-04T13:06:53Z</time></trkpt><trkpt lat="43.39229939" lon="-5.81837866"><ele>192.83</ele><time>2024-09-04T13:06:54Z</time></trkpt><trkpt lat="43.39231103" lon="-5.81836860"><ele>193.01</ele><time>2024-09-04T13:06:55Z</time></trkpt><trkpt lat="43.39232243" lon="-5.81835744"><ele>193.34</ele><time>2024-09-04T13:06:56Z</time></trkpt><trkpt lat="43.39233331" lon="-5.81834540"><ele>193.51</ele><time>2024-09-04T13:06:57Z</time></trkpt><trkpt lat="43.39234398" lon="-5.81833275"><ele>193.56</ele><time>2024-09-04T13:06:58Z</time></trkpt><trkpt lat="43.39235680" lon="-5.81831865"><ele>193.27</ele><time>2024-09-04T13:06:59Z</time></trkpt><trkpt lat="43.39237162" lon="-5.81830535"><ele>193.07</ele><time>2024-09-04T13:07:00Z</time></trkpt><trkpt lat="43.39238759" lon="-5.81829159"><ele>192.94</ele><time>2024-09-04T13:07:01Z</time></trkpt><trkpt lat="43.39240245" lon="-5.81827922"><ele>192.32</ele><time>2024-09-04T13:07:02Z</time></trkpt><trkpt lat="43.39241641" lon="-5.81826776"><ele>191.95</ele><time>2024-09-04T13:07:03Z</time></trkpt><trkpt lat="43.39243031" lon="-5.81825736"><ele>191.50</ele><time>2024-09-04T13:07:04Z</time></trkpt><trkpt lat="43.39244255" lon="-5.81824917"><ele>191.28</ele><time>2024-09-04T13:07:05Z</time></trkpt><trkpt lat="43.39245434" lon="-5.81824332"><ele>191.20</ele><time>2024-09-04T13:07:06Z</time></trkpt><trkpt lat="43.39246650" lon="-5.81823872"><ele>191.48</ele><time>2024-09-04T13:07:07Z</time></trkpt><trkpt lat="43.39247956" lon="-5.81823406"><ele>191.70</ele><time>2024-09-04T13:07:08Z</time></trkpt><trkpt lat="43.39249323" lon="-5.81822853"><ele>191.84</ele><time>2024-09-04T13:07:09Z</time></trkpt><trkpt lat="43.39250779" lon="-5.81822121"><ele>192.19</ele><time>2024-09-04T13:07:10Z</time></trkpt><trkpt lat="43.39252285" lon="-5.81821380"><ele>192.67</ele><time>2024-09-04T13:07:11Z</time></trkpt><trkpt lat="43.39253757" lon="-5.81820590"><ele>192.93</ele><time>2024-09-04T13:07:12Z</time></trkpt><trkpt lat="43.39255090" lon="-5.81819557"><ele>193.32</ele><time>2024-09-04T13:07:13Z</time></trkpt><trkpt lat="43.39256386" lon="-5.81818487"><ele>193.73</ele><time>2024-09-04T13:07:14Z</time></trkpt><trkpt lat="43.39257666" lon="-5.81817470"><ele>193.93</ele><time>2024-09-04T13:07:15Z</time></trkpt><trkpt lat="43.39258942" lon="-5.81816611"><ele>194.27</ele><time>2024-09-04T13:07:16Z</time></trkpt><trkpt lat="43.39260168" lon="-5.81815694"><ele>194.70</ele><time>2024-09-04T13:07:17Z</time></trkpt><trkpt lat="43.39261311" lon="-5.81814624"><ele>195.19</ele><time>2024-09-04T13:07:18Z</time></trkpt><trkpt lat="43.39262461" lon="-5.81813293"><ele>195.44</ele><time>2024-09-04T13:07:19Z</time></trkpt><trkpt lat="43.39263680" lon="-5.81811752"><ele>195.52</ele><time>2024-09-04T13:07:20Z</time></trkpt><trkpt lat="43.39265002" lon="-5.81810049"><ele>195.51</ele><time>2024-09-04T13:07:21Z</time></trkpt><trkpt lat="43.39266497" lon="-5.81808328"><ele>195.46</ele><time>2024-09-04T13:07:22Z</time></trkpt><trkpt lat="43.39267983" lon="-5.81807171"><ele>194.09</ele><time>2024-09-04T13:07:23Z</time></trkpt><trkpt lat="43.39269502" lon="-5.81805842"><ele>193.22</ele><time>2024-09-04T13:07:24Z</time></trkpt><trkpt lat="43.39270922" lon="-5.81804377"><ele>192.75</ele><time>2024-09-04T13:07:25Z</time></trkpt><trkpt lat="43.39272272" lon="-5.81802986"><ele>192.30</ele><time>2024-09-04T13:07:26Z</time></trkpt><trkpt lat="43.39273524" lon="-5.81801757"><ele>192.12</ele><time>2024-09-04T13:07:27Z</time></trkpt><trkpt lat="43.39274613" lon="-5.81800738"><ele>192.09</ele><time>2024-09-04T13:07:28Z</time></trkpt><trkpt lat="43.39275553" lon="-5.81799621"><ele>192.15</ele><time>2024-09-04T13:07:29Z</time></trkpt><trkpt lat="43.39276526" lon="-5.81798203"><ele>192.23</ele><time>2024-09-04T13:07:30Z</time></trkpt><trkpt lat="43.39277597" lon="-5.81796642"><ele>192.30</ele><time>2024-09-04T13:07:31Z</time></trkpt><trkpt lat="43.39278739" lon="-5.81795063"><ele>192.35</ele><time>2024-09-04T13:07:32Z</time></trkpt><trkpt lat="43.39280035" lon="-5.81793492"><ele>192.39</ele><time>2024-09-04T13:07:33Z</time></trkpt><trkpt lat="43.39281477" lon="-5.81792050"><ele>192.41</ele><time>2024-09-04T13:07:34Z</time></trkpt><trkpt lat="43.39282944" lon="-5.81790860"><ele>192.41</ele><time>2024-09-04T13:07:35Z</time></trkpt><trkpt lat="43.39284353" lon="-5.81790043"><ele>192.41</ele><time>2024-09-04T13:07:36Z</time></trkpt><trkpt lat="43.39285767" lon="-5.81789278"><ele>192.68</ele><time>2024-09-04T13:07:37Z</time></trkpt><trkpt lat="43.39287126" lon="-5.81788344"><ele>192.85</ele><time>2024-09-04T13:07:38Z</time></trkpt><trkpt lat="43.39288447" lon="-5.81787332"><ele>192.94</ele><time>2024-09-04T13:07:39Z</time></trkpt><trkpt lat="43.39289747" lon="-5.81786264"><ele>193.24</ele><time>2024-09-04T13:07:40Z</time></trkpt><trkpt lat="43.39290982" lon="-5.81785111"><ele>193.41</ele><time>2024-09-04T13:07:41Z</time></trkpt><trkpt lat="43.39292235" lon="-5.81783908"><ele>193.49</ele><time>2024-09-04T13:07:42Z</time></trkpt><trkpt lat="43.39293506" lon="-5.81782684"><ele>193.72</ele><time>2024-09-04T13:07:43Z</time></trkpt><trkpt lat="43.39294737" lon="-5.81781510"><ele>193.84</ele><time>2024-09-04T13:07:44Z</time></trkpt><trkpt lat="43.39296053" lon="-5.81780319"><ele>193.89</ele><time>2024-09-04T13:07:45Z</time></trkpt><trkpt lat="43.39297424" lon="-5.81779174"><ele>194.17</ele><time>2024-09-04T13:07:46Z</time></trkpt><trkpt lat="43.39298773" lon="-5.81778223"><ele>194.32</ele><time>2024-09-04T13:07:47Z</time></trkpt><trkpt lat="43.39300046" lon="-5.81777447"><ele>194.66</ele><time>2024-09-04T13:07:48Z</time></trkpt><trkpt lat="43.39301324" lon="-5.81776712"><ele>194.84</ele><time>2024-09-04T13:07:49Z</time></trkpt><trkpt lat="43.39302664" lon="-5.81776036"><ele>195.19</ele><time>2024-09-04T13:07:50Z</time></trkpt><trkpt lat="43.39304044" lon="-5.81775218"><ele>195.37</ele><time>2024-09-04T13:07:51Z</time></trkpt><trkpt lat="43.39305447" lon="-5.81774351"><ele>195.44</ele><time>2024-09-04T13:07:52Z</time></trkpt><trkpt lat="43.39306805" lon="-5.81773346"><ele>195.71</ele><time>2024-09-04T13:07:53Z</time></trkpt><trkpt lat="43.39308185" lon="-5.81772094"><ele>195.86</ele><time>2024-09-04T13:07:54Z</time></trkpt><trkpt lat="43.39309470" lon="-5.81770699"><ele>195.91</ele><time>2024-09-04T13:07:55Z</time></trkpt><trkpt lat="43.39310693" lon="-5.81769292"><ele>196.18</ele><time>2024-09-04T13:07:56Z</time></trkpt><trkpt lat="43.39311993" lon="-5.81767739"><ele>196.55</ele><time>2024-09-04T13:07:57Z</time></trkpt><trkpt lat="43.39313295" lon="-5.81766327"><ele>196.75</ele><time>2024-09-04T13:07:58Z</time></trkpt><trkpt lat="43.39314651" lon="-5.81765026"><ele>196.83</ele><time>2024-09-04T13:07:59Z</time></trkpt><trkpt lat="43.39316096" lon="-5.81764123"><ele>196.84</ele><time>2024-09-04T13:08:00Z</time></trkpt><trkpt lat="43.39317703" lon="-5.81763575"><ele>197.09</ele><time>2024-09-04T13:08:01Z</time></trkpt><trkpt lat="43.39319293" lon="-5.81763220"><ele>197.22</ele><time>2024-09-04T13:08:02Z</time></trkpt><trkpt lat="43.39320912" lon="-5.81763052"><ele>197.28</ele><time>2024-09-04T13:08:03Z</time></trkpt><trkpt lat="43.39322484" lon="-5.81762907"><ele>197.56</ele><time>2024-09-04T13:08:04Z</time></trkpt><trkpt lat="43.39323966" lon="-5.81762904"><ele>197.72</ele><time>2024-09-04T13:08:05Z</time></trkpt><trkpt lat="43.39325443" lon="-5.81762911"><ele>197.79</ele><time>2024-09-04T13:08:06Z</time></trkpt><trkpt lat="43.39326869" lon="-5.81762954"><ele>197.80</ele><time>2024-09-04T13:08:07Z</time></trkpt><trkpt lat="43.39328376" lon="-5.81763060"><ele>198.06</ele><time>2024-09-04T13:08:08Z</time></trkpt><trkpt lat="43.39329884" lon="-5.81763356"><ele>198.20</ele><time>2024-09-04T13:08:09Z</time></trkpt><trkpt lat="43.39331391" lon="-5.81763761"><ele>198.27</ele><time>2024-09-04T13:08:10Z</time></trkpt><trkpt lat="43.39332841" lon="-5.81764214"><ele>198.29</ele><time>2024-09-04T13:08:11Z</time></trkpt><trkpt lat="43.39334310" lon="-5.81764514"><ele>198.49</ele><time>2024-09-04T13:08:12Z</time></trkpt><trkpt lat="43.39335739" lon="-5.81764538"><ele>198.61</ele><time>2024-09-04T13:08:13Z</time></trkpt><trkpt lat="43.39337089" lon="-5.81764389"><ele>198.66</ele><time>2024-09-04T13:08:14Z</time></trkpt><trkpt lat="43.39338448" lon="-5.81764205"><ele>198.67</ele><time>2024-09-04T13:08:15Z</time></trkpt><trkpt lat="43.39339709" lon="-5.81764242"><ele>198.66</ele><time>2024-09-04T13:08:16Z</time></trkpt><trkpt lat="43.39340914" lon="-5.81764708"><ele>198.92</ele><time>2024-09-04T13:08:17Z</time></trkpt><trkpt lat="43.39341983" lon="-5.81765768"><ele>198.80</ele><time>2024-09-04T13:08:18Z</time></trkpt><trkpt lat="43.39342920" lon="-5.81767278"><ele>198.98</ele><time>2024-09-04T13:08:19Z</time></trkpt><trkpt lat="43.39343681" lon="-5.81769122"><ele>199.08</ele><time>2024-09-04T13:08:20Z</time></trkpt><trkpt lat="43.39344349" lon="-5.81771217"><ele>198.86</ele><time>2024-09-04T13:08:21Z</time></trkpt><trkpt lat="43.39345090" lon="-5.81773351"><ele>198.71</ele><time>2024-09-04T13:08:22Z</time></trkpt><trkpt lat="43.39345954" lon="-5.81775507"><ele>198.61</ele><time>2024-09-04T13:08:23Z</time></trkpt><trkpt lat="43.39346956" lon="-5.81777422"><ele>198.57</ele><time>2024-09-04T13:08:24Z</time></trkpt><trkpt lat="43.39347879" lon="-5.81779051"><ele>198.34</ele><time>2024-09-04T13:08:25Z</time></trkpt><trkpt lat="43.39348684" lon="-5.81780611"><ele>198.20</ele><time>2024-09-04T13:08:26Z</time></trkpt><trkpt lat="43.39349360" lon="-5.81782148"><ele>198.14</ele><time>2024-09-04T13:08:27Z</time></trkpt><trkpt lat="43.39349960" lon="-5.81783687"><ele>198.34</ele><time>2024-09-04T13:08:28Z</time></trkpt><trkpt lat="43.39350417" lon="-5.81785351"><ele>198.49</ele><time>2024-09-04T13:08:29Z</time></trkpt><trkpt lat="43.39350742" lon="-5.81787318"><ele>198.58</ele><time>2024-09-04T13:08:30Z</time></trkpt><trkpt lat="43.39351001" lon="-5.81789527"><ele>198.90</ele><time>2024-09-04T13:08:31Z</time></trkpt><trkpt lat="43.39351240" lon="-5.81791810"><ele>199.09</ele><time>2024-09-04T13:08:32Z</time></trkpt><trkpt lat="43.39351592" lon="-5.81794055"><ele>199.17</ele><time>2024-09-04T13:08:33Z</time></trkpt><trkpt lat="43.39351972" lon="-5.81796361"><ele>199.47</ele><time>2024-09-04T13:08:34Z</time></trkpt><trkpt lat="43.39352423" lon="-5.81798748"><ele>199.63</ele><time>2024-09-04T13:08:35Z</time></trkpt><trkpt lat="43.39352863" lon="-5.81801174"><ele>199.43</ele><time>2024-09-04T13:08:36Z</time></trkpt><trkpt lat="43.39353125" lon="-5.81803449"><ele>199.26</ele><time>2024-09-04T13:08:37Z</time></trkpt><trkpt lat="43.39353272" lon="-5.81805564"><ele>199.15</ele><time>2024-09-04T13:08:38Z</time></trkpt><trkpt lat="43.39353302" lon="-5.81807744"><ele>199.09</ele><time>2024-09-04T13:08:39Z</time></trkpt><trkpt lat="43.39353054" lon="-5.81809926"><ele>199.07</ele><time>2024-09-04T13:08:40Z</time></trkpt><trkpt lat="43.39352702" lon="-5.81812222"><ele>199.06</ele><time>2024-09-04T13:08:41Z</time></trkpt><trkpt lat="43.39352260" lon="-5.81814536"><ele>199.07</ele><time>2024-09-04T13:08:42Z</time></trkpt><trkpt lat="43.39351894" lon="-5.81816911"><ele>198.80</ele><time>2024-09-04T13:08:43Z</time></trkpt><trkpt lat="43.39351599" lon="-5.81819482"><ele>198.42</ele><time>2024-09-04T13:08:44Z</time></trkpt><trkpt lat="43.39351302" lon="-5.81822116"><ele>198.20</ele><time>2024-09-04T13:08:45Z</time></trkpt><trkpt lat="43.39351002" lon="-5.81824770"><ele>197.83</ele><time>2024-09-04T13:08:46Z</time></trkpt><trkpt lat="43.39350702" lon="-5.81827204"><ele>197.63</ele><time>2024-09-04T13:08:47Z</time></trkpt><trkpt lat="43.39350129" lon="-5.81829269"><ele>197.83</ele><time>2024-09-04T13:08:48Z</time></trkpt><trkpt lat="43.39349383" lon="-5.81830838"><ele>198.00</ele><time>2024-09-04T13:08:49Z</time></trkpt><trkpt lat="43.39348711" lon="-5.81832179"><ele>197.85</ele><time>2024-09-04T13:08:50Z</time></trkpt><trkpt lat="43.39348000" lon="-5.81833428"><ele>197.74</ele><time>2024-09-04T13:08:51Z</time></trkpt><trkpt lat="43.39347219" lon="-5.81834833"><ele>197.69</ele><time>2024-09-04T13:08:52Z</time></trkpt><trkpt lat="43.39346566" lon="-5.81836480"><ele>197.39</ele><time>2024-09-04T13:08:53Z</time></trkpt><trkpt lat="43.39345840" lon="-5.81838127"><ele>197.22</ele><time>2024-09-04T13:08:54Z</time></trkpt><trkpt lat="43.39345120" lon="-5.81839927"><ele>196.86</ele><time>2024-09-04T13:08:55Z</time></trkpt><trkpt lat="43.39344461" lon="-5.81841819"><ele>196.67</ele><time>2024-09-04T13:08:56Z</time></trkpt><trkpt lat="43.39343897" lon="-5.81843699"><ele>196.37</ele><time>2024-09-04T13:08:57Z</time></trkpt><trkpt lat="43.39343499" lon="-5.81845666"><ele>196.22</ele><time>2024-09-04T13:08:58Z</time></trkpt><trkpt lat="43.39343143" lon="-5.81847789"><ele>195.89</ele><time>2024-09-04T13:08:59Z</time></trkpt><trkpt lat="43.39342687" lon="-5.81849835"><ele>195.45</ele><time>2024-09-04T13:09:00Z</time></trkpt><trkpt lat="43.39342210" lon="-5.81851870"><ele>195.22</ele><time>2024-09-04T13:09:01Z</time></trkpt><trkpt lat="43.39341718" lon="-5.81854001"><ele>194.86</ele><time>2024-09-04T13:09:02Z</time></trkpt><trkpt lat="43.39341218" lon="-5.81856137"><ele>194.68</ele><time>2024-09-04T13:09:03Z</time></trkpt><trkpt lat="43.39340769" lon="-5.81858048"><ele>194.08</ele><time>2024-09-04T13:09:04Z</time></trkpt><trkpt lat="43.39340408" lon="-5.81859921"><ele>193.53</ele><time>2024-09-04T13:09:05Z</time></trkpt><trkpt lat="43.39340100" lon="-5.81862002"><ele>193.25</ele><time>2024-09-04T13:09:06Z</time></trkpt><trkpt lat="43.39339763" lon="-5.81864278"><ele>192.88</ele><time>2024-09-04T13:09:07Z</time></trkpt><trkpt lat="43.39339399" lon="-5.81866614"><ele>192.72</ele><time>2024-09-04T13:09:08Z</time></trkpt><trkpt lat="43.39338961" lon="-5.81869025"><ele>192.41</ele><time>2024-09-04T13:09:09Z</time></trkpt><trkpt lat="43.39338586" lon="-5.81871522"><ele>192.00</ele><time>2024-09-04T13:09:10Z</time></trkpt><trkpt lat="43.39338200" lon="-5.81874058"><ele>191.51</ele><time>2024-09-04T13:09:11Z</time></trkpt><trkpt lat="43.39337806" lon="-5.81876660"><ele>191.05</ele><time>2024-09-04T13:09:12Z</time></trkpt><trkpt lat="43.39337462" lon="-5.81879181"><ele>190.56</ele><time>2024-09-04T13:09:13Z</time></trkpt><trkpt lat="43.39337151" lon="-5.81881476"><ele>190.05</ele><time>2024-09-04T13:09:14Z</time></trkpt><trkpt lat="43.39336910" lon="-5.81883354"><ele>189.81</ele><time>2024-09-04T13:09:15Z</time></trkpt><trkpt lat="43.39336711" lon="-5.81885093"><ele>189.19</ele><time>2024-09-04T13:09:16Z</time></trkpt><trkpt lat="43.39336585" lon="-5.81887054"><ele>188.38</ele><time>2024-09-04T13:09:17Z</time></trkpt><trkpt lat="43.39336662" lon="-5.81889080"><ele>187.41</ele><time>2024-09-04T13:09:18Z</time></trkpt><trkpt lat="43.39336802" lon="-5.81891096"><ele>186.63</ele><time>2024-09-04T13:09:19Z</time></trkpt><trkpt lat="43.39336798" lon="-5.81892995"><ele>186.27</ele><time>2024-09-04T13:09:20Z</time></trkpt><trkpt lat="43.39336633" lon="-5.81894819"><ele>185.90</ele><time>2024-09-04T13:09:21Z</time></trkpt><trkpt lat="43.39336585" lon="-5.81896605"><ele>184.74</ele><time>2024-09-04T13:09:22Z</time></trkpt><trkpt lat="43.39336457" lon="-5.81898486"><ele>183.88</ele><time>2024-09-04T13:09:23Z</time></trkpt><trkpt lat="43.39336441" lon="-5.81900325"><ele>183.20</ele><time>2024-09-04T13:09:24Z</time></trkpt><trkpt lat="43.39336447" lon="-5.81902247"><ele>182.64</ele><time>2024-09-04T13:09:25Z</time></trkpt><trkpt lat="43.39336570" lon="-5.81904387"><ele>181.87</ele><time>2024-09-04T13:09:26Z</time></trkpt><trkpt lat="43.39336544" lon="-5.81906714"><ele>181.29</ele><time>2024-09-04T13:09:27Z</time></trkpt><trkpt lat="43.39336468" lon="-5.81909251"><ele>180.78</ele><time>2024-09-04T13:09:28Z</time></trkpt><trkpt lat="43.39336365" lon="-5.81911897"><ele>180.30</ele><time>2024-09-04T13:09:29Z</time></trkpt><trkpt lat="43.39336249" lon="-5.81914473"><ele>180.37</ele><time>2024-09-04T13:09:30Z</time></trkpt><trkpt lat="43.39336350" lon="-5.81916434"><ele>179.70</ele><time>2024-09-04T13:09:31Z</time></trkpt><trkpt lat="43.39336647" lon="-5.81918105"><ele>179.06</ele><time>2024-09-04T13:09:32Z</time></trkpt><trkpt lat="43.39336890" lon="-5.81919903"><ele>178.52</ele><time>2024-09-04T13:09:33Z</time></trkpt><trkpt lat="43.39337023" lon="-5.81921768"><ele>177.72</ele><time>2024-09-04T13:09:34Z</time></trkpt><trkpt lat="43.39337188" lon="-5.81923692"><ele>177.31</ele><time>2024-09-04T13:09:35Z</time></trkpt><trkpt lat="43.39337320" lon="-5.81925823"><ele>176.89</ele><time>2024-09-04T13:09:36Z</time></trkpt><trkpt lat="43.39337485" lon="-5.81927975"><ele>176.45</ele><time>2024-09-04T13:09:37Z</time></trkpt><trkpt lat="43.39337727" lon="-5.81930125"><ele>176.26</ele><time>2024-09-04T13:09:38Z</time></trkpt><trkpt lat="43.39337907" lon="-5.81932264"><ele>176.01</ele><time>2024-09-04T13:09:39Z</time></trkpt><trkpt lat="43.39338042" lon="-5.81934389"><ele>175.91</ele><time>2024-09-04T13:09:40Z</time></trkpt><trkpt lat="43.39338149" lon="-5.81936394"><ele>175.91</ele><time>2024-09-04T13:09:41Z</time></trkpt><trkpt lat="43.39338241" lon="-5.81938321"><ele>175.68</ele><time>2024-09-04T13:09:42Z</time></trkpt><trkpt lat="43.39338220" lon="-5.81940208"><ele>175.55</ele><time>2024-09-04T13:09:43Z</time></trkpt><trkpt lat="43.39338239" lon="-5.81942024"><ele>175.51</ele><time>2024-09-04T13:09:44Z</time></trkpt><trkpt lat="43.39338294" lon="-5.81943751"><ele>175.23</ele><time>2024-09-04T13:09:45Z</time></trkpt><trkpt lat="43.39338321" lon="-5.81945485"><ele>175.08</ele><time>2024-09-04T13:09:46Z</time></trkpt><trkpt lat="43.39338383" lon="-5.81947183"><ele>175.02</ele><time>2024-09-04T13:09:47Z</time></trkpt><trkpt lat="43.39338469" lon="-5.81949028"><ele>175.00</ele><time>2024-09-04T13:09:48Z</time></trkpt><trkpt lat="43.39338733" lon="-5.81950973"><ele>175.02</ele><time>2024-09-04T13:09:49Z</time></trkpt><trkpt lat="43.39339162" lon="-5.81953030"><ele>174.77</ele><time>2024-09-04T13:09:50Z</time></trkpt><trkpt lat="43.39339735" lon="-5.81955201"><ele>174.62</ele><time>2024-09-04T13:09:51Z</time></trkpt><trkpt lat="43.39340324" lon="-5.81957430"><ele>174.82</ele><time>2024-09-04T13:09:52Z</time></trkpt><trkpt lat="43.39340902" lon="-5.81959680"><ele>174.97</ele><time>2024-09-04T13:09:53Z</time></trkpt><trkpt lat="43.39341459" lon="-5.81961819"><ele>175.07</ele><time>2024-09-04T13:09:54Z</time></trkpt><trkpt lat="43.39342102" lon="-5.81963878"><ele>175.12</ele><time>2024-09-04T13:09:55Z</time></trkpt><trkpt lat="43.39342743" lon="-5.81965888"><ele>175.41</ele><time>2024-09-04T13:09:56Z</time></trkpt><trkpt lat="43.39343428" lon="-5.81967819"><ele>175.58</ele><time>2024-09-04T13:09:57Z</time></trkpt><trkpt lat="43.39344137" lon="-5.81969599"><ele>175.94</ele><time>2024-09-04T13:09:58Z</time></trkpt><trkpt lat="43.39345018" lon="-5.81971347"><ele>176.13</ele><time>2024-09-04T13:09:59Z</time></trkpt><trkpt lat="43.39345948" lon="-5.81973038"><ele>176.22</ele><time>2024-09-04T13:10:00Z</time></trkpt><trkpt lat="43.39346949" lon="-5.81974813"><ele>176.45</ele><time>2024-09-04T13:10:01Z</time></trkpt><trkpt lat="43.39348036" lon="-5.81976599"><ele>176.56</ele><time>2024-09-04T13:10:02Z</time></trkpt><trkpt lat="43.39349111" lon="-5.81978393"><ele>176.88</ele><time>2024-09-04T13:10:03Z</time></trkpt><trkpt lat="43.39350054" lon="-5.81980192"><ele>177.04</ele><time>2024-09-04T13:10:04Z</time></trkpt><trkpt lat="43.39350853" lon="-5.81982102"><ele>177.11</ele><time>2024-09-04T13:10:05Z</time></trkpt><trkpt lat="43.39351565" lon="-5.81983973"><ele>177.39</ele><time>2024-09-04T13:10:06Z</time></trkpt><trkpt lat="43.39352290" lon="-5.81985811"><ele>177.54</ele><time>2024-09-04T13:10:07Z</time></trkpt><trkpt lat="43.39352982" lon="-5.81987462"><ele>177.60</ele><time>2024-09-04T13:10:08Z</time></trkpt><trkpt lat="43.39353607" lon="-5.81989105"><ele>177.88</ele><time>2024-09-04T13:10:09Z</time></trkpt><trkpt lat="43.39354250" lon="-5.81990757"><ele>178.03</ele><time>2024-09-04T13:10:10Z</time></trkpt><trkpt lat="43.39354968" lon="-5.81992423"><ele>178.37</ele><time>2024-09-04T13:10:11Z</time></trkpt><trkpt lat="43.39355792" lon="-5.81994048"><ele>178.55</ele><time>2024-09-04T13:10:12Z</time></trkpt><trkpt lat="43.39356735" lon="-5.81995540"><ele>178.84</ele><time>2024-09-04T13:10:13Z</time></trkpt><trkpt lat="43.39357472" lon="-5.81996788"><ele>178.98</ele><time>2024-09-04T13:10:14Z</time></trkpt><trkpt lat="43.39358118" lon="-5.81997894"><ele>179.30</ele><time>2024-09-04T13:10:15Z</time></trkpt><trkpt lat="43.39358823" lon="-5.81999098"><ele>179.47</ele><time>2024-09-04T13:10:16Z</time></trkpt><trkpt lat="43.39359685" lon="-5.82000552"><ele>179.53</ele><time>2024-09-04T13:10:17Z</time></trkpt><trkpt lat="43.39360646" lon="-5.82002117"><ele>179.53</ele><time>2024-09-04T13:10:18Z</time></trkpt><trkpt lat="43.39361607" lon="-5.82003795"><ele>179.50</ele><time>2024-09-04T13:10:19Z</time></trkpt><trkpt lat="43.39362718" lon="-5.82005474"><ele>179.74</ele><time>2024-09-04T13:10:20Z</time></trkpt><trkpt lat="43.39363971" lon="-5.82007355"><ele>180.16</ele><time>2024-09-04T13:10:21Z</time></trkpt><trkpt lat="43.39365353" lon="-5.82009408"><ele>180.12</ele><time>2024-09-04T13:10:22Z</time></trkpt><trkpt lat="43.39366798" lon="-5.82011330"><ele>180.06</ele><time>2024-09-04T13:10:23Z</time></trkpt><trkpt lat="43.39368206" lon="-5.82012982"><ele>180.00</ele><time>2024-09-04T13:10:24Z</time></trkpt><trkpt lat="43.39369576" lon="-5.82014622"><ele>179.40</ele><time>2024-09-04T13:10:25Z</time></trkpt><trkpt lat="43.39370912" lon="-5.82016159"><ele>178.53</ele><time>2024-09-04T13:10:26Z</time></trkpt><trkpt lat="43.39372117" lon="-5.82017751"><ele>178.03</ele><time>2024-09-04T13:10:27Z</time></trkpt><trkpt lat="43.39373349" lon="-5.82019337"><ele>177.79</ele><time>2024-09-04T13:10:28Z</time></trkpt><trkpt lat="43.39374553" lon="-5.82020759"><ele>178.00</ele><time>2024-09-04T13:10:29Z</time></trkpt><trkpt lat="43.39375853" lon="-5.82022135"><ele>178.20</ele><time>2024-09-04T13:10:30Z</time></trkpt><trkpt lat="43.39377163" lon="-5.82023495"><ele>178.58</ele><time>2024-09-04T13:10:31Z</time></trkpt><trkpt lat="43.39378584" lon="-5.82024748"><ele>178.60</ele><time>2024-09-04T13:10:32Z</time></trkpt><trkpt lat="43.39379964" lon="-5.82025885"><ele>178.58</ele><time>2024-09-04T13:10:33Z</time></trkpt><trkpt lat="43.39381308" lon="-5.82027018"><ele>178.78</ele><time>2024-09-04T13:10:34Z</time></trkpt><trkpt lat="43.39382681" lon="-5.82028217"><ele>178.68</ele><time>2024-09-04T13:10:35Z</time></trkpt><trkpt lat="43.39384018" lon="-5.82029303"><ele>178.59</ele><time>2024-09-04T13:10:36Z</time></trkpt><trkpt lat="43.39385222" lon="-5.82030047"><ele>178.26</ele><time>2024-09-04T13:10:37Z</time></trkpt><trkpt lat="43.39386452" lon="-5.82030694"><ele>178.05</ele><time>2024-09-04T13:10:38Z</time></trkpt><trkpt lat="43.39387764" lon="-5.82031252"><ele>178.22</ele><time>2024-09-04T13:10:39Z</time></trkpt><trkpt lat="43.39389186" lon="-5.82031725"><ele>178.08</ele><time>2024-09-04T13:10:40Z</time></trkpt><trkpt lat="43.39390566" lon="-5.82032438"><ele>177.73</ele><time>2024-09-04T13:10:41Z</time></trkpt><trkpt lat="43.39391964" lon="-5.82033266"><ele>177.25</ele><time>2024-09-04T13:10:42Z</time></trkpt><trkpt lat="43.39393425" lon="-5.82034162"><ele>176.98</ele><time>2024-09-04T13:10:43Z</time></trkpt><trkpt lat="43.39395033" lon="-5.82034817"><ele>176.37</ele><time>2024-09-04T13:10:44Z</time></trkpt><trkpt lat="43.39396672" lon="-5.82035307"><ele>175.76</ele><time>2024-09-04T13:10:45Z</time></trkpt><trkpt lat="43.39398208" lon="-5.82035759"><ele>175.18</ele><time>2024-09-04T13:10:46Z</time></trkpt><trkpt lat="43.39399722" lon="-5.82036094"><ele>174.62</ele><time>2024-09-04T13:10:47Z</time></trkpt><trkpt lat="43.39401115" lon="-5.82036478"><ele>174.09</ele><time>2024-09-04T13:10:48Z</time></trkpt><trkpt lat="43.39402432" lon="-5.82037072"><ele>173.86</ele><time>2024-09-04T13:10:49Z</time></trkpt><trkpt lat="43.39403658" lon="-5.82037806"><ele>173.80</ele><time>2024-09-04T13:10:50Z</time></trkpt><trkpt lat="43.39404945" lon="-5.82038672"><ele>174.11</ele><time>2024-09-04T13:10:51Z</time></trkpt><trkpt lat="43.39406229" lon="-5.82039496"><ele>174.36</ele><time>2024-09-04T13:10:52Z</time></trkpt><trkpt lat="43.39407407" lon="-5.82040220"><ele>174.25</ele><time>2024-09-04T13:10:53Z</time></trkpt><trkpt lat="43.39408410" lon="-5.82040817"><ele>174.17</ele><time>2024-09-04T13:10:54Z</time></trkpt><trkpt lat="43.39408384" lon="-5.82041063"><ele>174.11</ele><time>2024-09-04T13:10:55Z</time></trkpt><trkpt lat="43.39408053" lon="-5.82041098"><ele>174.36</ele><time>2024-09-04T13:10:56Z</time></trkpt><trkpt lat="43.39407612" lon="-5.82041138"><ele>174.52</ele><time>2024-09-04T13:10:57Z</time></trkpt><trkpt lat="43.39407117" lon="-5.82041051"><ele>174.89</ele><time>2024-09-04T13:10:58Z</time></trkpt><trkpt lat="43.39406750" lon="-5.82040903"><ele>175.10</ele><time>2024-09-04T13:10:59Z</time></trkpt><trkpt lat="43.39406442" lon="-5.82040684"><ele>175.47</ele><time>2024-09-04T13:11:00Z</time></trkpt><trkpt lat="43.39406511" lon="-5.82040545"><ele>175.66</ele><time>2024-09-04T13:11:01Z</time></trkpt><trkpt lat="43.39407096" lon="-5.82040691"><ele>175.74</ele><time>2024-09-04T13:11:02Z</time></trkpt><trkpt lat="43.39408255" lon="-5.82041020"><ele>175.74</ele><time>2024-09-04T13:11:03Z</time></trkpt><trkpt lat="43.39409671" lon="-5.82041284"><ele>175.44</ele><time>2024-09-04T13:11:04Z</time></trkpt><trkpt lat="43.39410960" lon="-5.82041374"><ele>175.23</ele><time>2024-09-04T13:11:05Z</time></trkpt><trkpt lat="43.39411727" lon="-5.82041399"><ele>175.11</ele><time>2024-09-04T13:11:06Z</time></trkpt><trkpt lat="43.39411972" lon="-5.82041280"><ele>175.05</ele><time>2024-09-04T13:11:07Z</time></trkpt><trkpt lat="43.39411797" lon="-5.82041242"><ele>175.04</ele><time>2024-09-04T13:11:08Z</time></trkpt><trkpt lat="43.39411460" lon="-5.82041380"><ele>175.04</ele><time>2024-09-04T13:11:09Z</time></trkpt><trkpt lat="43.39411133" lon="-5.82041741"><ele>175.06</ele><time>2024-09-04T13:11:10Z</time></trkpt><trkpt lat="43.39411023" lon="-5.82041906"><ele>174.80</ele><time>2024-09-04T13:11:11Z</time></trkpt><trkpt lat="43.39411078" lon="-5.82041870"><ele>174.37</ele><time>2024-09-04T13:11:12Z</time></trkpt><trkpt lat="43.39411511" lon="-5.82041763"><ele>174.11</ele><time>2024-09-04T13:11:13Z</time></trkpt><trkpt lat="43.39412500" lon="-5.82041734"><ele>173.78</ele><time>2024-09-04T13:11:14Z</time></trkpt><trkpt lat="43.39413808" lon="-5.82041714"><ele>173.61</ele><time>2024-09-04T13:11:15Z</time></trkpt><trkpt lat="43.39415259" lon="-5.82041702"><ele>173.77</ele><time>2024-09-04T13:11:16Z</time></trkpt><trkpt lat="43.39416798" lon="-5.82041696"><ele>173.91</ele><time>2024-09-04T13:11:17Z</time></trkpt><trkpt lat="43.39418182" lon="-5.82041858"><ele>174.02</ele><time>2024-09-04T13:11:18Z</time></trkpt><trkpt lat="43.39419546" lon="-5.82042126"><ele>174.08</ele><time>2024-09-04T13:11:19Z</time></trkpt><trkpt lat="43.39420777" lon="-5.82042393"><ele>174.12</ele><time>2024-09-04T13:11:20Z</time></trkpt><trkpt lat="43.39421975" lon="-5.82042702"><ele>173.91</ele><time>2024-09-04T13:11:21Z</time></trkpt><trkpt lat="43.39423267" lon="-5.82043026"><ele>173.77</ele><time>2024-09-04T13:11:22Z</time></trkpt><trkpt lat="43.39424625" lon="-5.82043189"><ele>173.69</ele><time>2024-09-04T13:11:23Z</time></trkpt><trkpt lat="43.39426022" lon="-5.82043353"><ele>173.66</ele><time>2024-09-04T13:11:24Z</time></trkpt><trkpt lat="43.39427328" lon="-5.82043471"><ele>173.38</ele><time>2024-09-04T13:11:25Z</time></trkpt><trkpt lat="43.39428679" lon="-5.82043400"><ele>173.49</ele><time>2024-09-04T13:11:26Z</time></trkpt><trkpt lat="43.39430007" lon="-5.82043380"><ele>173.58</ele><time>2024-09-04T13:11:27Z</time></trkpt><trkpt lat="43.39431591" lon="-5.82043463"><ele>173.65</ele><time>2024-09-04T13:11:28Z</time></trkpt><trkpt lat="43.39433119" lon="-5.82043672"><ele>173.69</ele><time>2024-09-04T13:11:29Z</time></trkpt><trkpt lat="43.39434595" lon="-5.82044068"><ele>173.71</ele><time>2024-09-04T13:11:30Z</time></trkpt><trkpt lat="43.39435866" lon="-5.82044460"><ele>173.45</ele><time>2024-09-04T13:11:31Z</time></trkpt><trkpt lat="43.39437063" lon="-5.82044942"><ele>173.27</ele><time>2024-09-04T13:11:32Z</time></trkpt><trkpt lat="43.39438282" lon="-5.82045467"><ele>173.18</ele><time>2024-09-04T13:11:33Z</time></trkpt><trkpt lat="43.39439637" lon="-5.82045952"><ele>173.14</ele><time>2024-09-04T13:11:34Z</time></trkpt><trkpt lat="43.39441030" lon="-5.82046346"><ele>173.41</ele><time>2024-09-04T13:11:35Z</time></trkpt><trkpt lat="43.39442387" lon="-5.82046515"><ele>173.59</ele><time>2024-09-04T13:11:36Z</time></trkpt><trkpt lat="43.39443661" lon="-5.82046492"><ele>173.92</ele><time>2024-09-04T13:11:37Z</time></trkpt><trkpt lat="43.39444827" lon="-5.82046583"><ele>174.10</ele><time>2024-09-04T13:11:38Z</time></trkpt><trkpt lat="43.39446039" lon="-5.82046770"><ele>174.46</ele><time>2024-09-04T13:11:39Z</time></trkpt><trkpt lat="43.39447346" lon="-5.82046971"><ele>174.65</ele><time>2024-09-04T13:11:40Z</time></trkpt><trkpt lat="43.39448715" lon="-5.82047068"><ele>174.73</ele><time>2024-09-04T13:11:41Z</time></trkpt><trkpt lat="43.39450119" lon="-5.82047207"><ele>174.74</ele><time>2024-09-04T13:11:42Z</time></trkpt><trkpt lat="43.39451593" lon="-5.82047214"><ele>174.71</ele><time>2024-09-04T13:11:43Z</time></trkpt><trkpt lat="43.39453158" lon="-5.82047084"><ele>174.67</ele><time>2024-09-04T13:11:44Z</time></trkpt><trkpt lat="43.39454773" lon="-5.82046985"><ele>174.64</ele><time>2024-09-04T13:11:45Z</time></trkpt><trkpt lat="43.39456243" lon="-5.82046977"><ele>174.62</ele><time>2024-09-04T13:11:46Z</time></trkpt><trkpt lat="43.39457556" lon="-5.82047033"><ele>174.60</ele><time>2024-09-04T13:11:47Z</time></trkpt><trkpt lat="43.39458829" lon="-5.82047182"><ele>174.60</ele><time>2024-09-04T13:11:48Z</time></trkpt><trkpt lat="43.39460198" lon="-5.82047657"><ele>174.59</ele><time>2024-09-04T13:11:49Z</time></trkpt><trkpt lat="43.39461639" lon="-5.82048164"><ele>174.32</ele><time>2024-09-04T13:11:50Z</time></trkpt><trkpt lat="43.39463180" lon="-5.82048554"><ele>174.15</ele><time>2024-09-04T13:11:51Z</time></trkpt><trkpt lat="43.39464670" lon="-5.82048959"><ele>174.06</ele><time>2024-09-04T13:11:52Z</time></trkpt><trkpt lat="43.39466117" lon="-5.82049151"><ele>174.03</ele><time>2024-09-04T13:11:53Z</time></trkpt><trkpt lat="43.39467534" lon="-5.82049152"><ele>174.03</ele><time>2024-09-04T13:11:54Z</time></trkpt><trkpt lat="43.39468990" lon="-5.82048989"><ele>173.83</ele><time>2024-09-04T13:11:55Z</time></trkpt><trkpt lat="43.39470417" lon="-5.82048745"><ele>173.71</ele><time>2024-09-04T13:11:56Z</time></trkpt><trkpt lat="43.39471771" lon="-5.82048527"><ele>173.87</ele><time>2024-09-04T13:11:57Z</time></trkpt><trkpt lat="43.39473135" lon="-5.82048237"><ele>173.99</ele><time>2024-09-04T13:11:58Z</time></trkpt><trkpt lat="43.39474566" lon="-5.82048131"><ele>174.34</ele><time>2024-09-04T13:11:59Z</time></trkpt><trkpt lat="43.39476096" lon="-5.82048098"><ele>174.56</ele><time>2024-09-04T13:12:00Z</time></trkpt><trkpt lat="43.39477687" lon="-5.82048268"><ele>174.66</ele><time>2024-09-04T13:12:01Z</time></trkpt><trkpt lat="43.39479197" lon="-5.82048613"><ele>174.70</ele><time>2024-09-04T13:12:02Z</time></trkpt><trkpt lat="43.39480648" lon="-5.82049104"><ele>174.69</ele><time>2024-09-04T13:12:03Z</time></trkpt><trkpt lat="43.39482116" lon="-5.82049499"><ele>174.67</ele><time>2024-09-04T13:12:04Z</time></trkpt><trkpt lat="43.39483597" lon="-5.82049809"><ele>174.37</ele><time>2024-09-04T13:12:05Z</time></trkpt><trkpt lat="43.39485035" lon="-5.82050112"><ele>173.96</ele><time>2024-09-04T13:12:06Z</time></trkpt><trkpt lat="43.39486499" lon="-5.82050301"><ele>173.72</ele><time>2024-09-04T13:12:07Z</time></trkpt><trkpt lat="43.39487874" lon="-5.82050584"><ele>173.60</ele><time>2024-09-04T13:12:08Z</time></trkpt><trkpt lat="43.39489356" lon="-5.82050770"><ele>173.57</ele><time>2024-09-04T13:12:09Z</time></trkpt><trkpt lat="43.39490803" lon="-5.82051113"><ele>173.59</ele><time>2024-09-04T13:12:10Z</time></trkpt><trkpt lat="43.39492278" lon="-5.82051506"><ele>173.62</ele><time>2024-09-04T13:12:11Z</time></trkpt><trkpt lat="43.39493771" lon="-5.82051977"><ele>173.65</ele><time>2024-09-04T13:12:12Z</time></trkpt><trkpt lat="43.39495274" lon="-5.82052436"><ele>173.67</ele><time>2024-09-04T13:12:13Z</time></trkpt><trkpt lat="43.39496727" lon="-5.82052767"><ele>173.91</ele><time>2024-09-04T13:12:14Z</time></trkpt><trkpt lat="43.39498199" lon="-5.82052739"><ele>173.84</ele><time>2024-09-04T13:12:15Z</time></trkpt><trkpt lat="43.39499632" lon="-5.82052436"><ele>173.78</ele><time>2024-09-04T13:12:16Z</time></trkpt><trkpt lat="43.39501095" lon="-5.82051987"><ele>173.46</ele><time>2024-09-04T13:12:17Z</time></trkpt><trkpt lat="43.39502415" lon="-5.82051810"><ele>172.99</ele><time>2024-09-04T13:12:18Z</time></trkpt><trkpt lat="43.39503591" lon="-5.82051782"><ele>172.98</ele><time>2024-09-04T13:12:19Z</time></trkpt><trkpt lat="43.39504794" lon="-5.82051904"><ele>173.03</ele><time>2024-09-04T13:12:20Z</time></trkpt><trkpt lat="43.39506084" lon="-5.82052001"><ele>173.09</ele><time>2024-09-04T13:12:21Z</time></trkpt><trkpt lat="43.39507493" lon="-5.82051957"><ele>172.86</ele><time>2024-09-04T13:12:22Z</time></trkpt><trkpt lat="43.39509028" lon="-5.82051979"><ele>172.73</ele><time>2024-09-04T13:12:23Z</time></trkpt><trkpt lat="43.39510636" lon="-5.82052212"><ele>172.66</ele><time>2024-09-04T13:12:24Z</time></trkpt><trkpt lat="43.39512220" lon="-5.82052522"><ele>172.64</ele><time>2024-09-04T13:12:25Z</time></trkpt><trkpt lat="43.39513775" lon="-5.82052755"><ele>172.64</ele><time>2024-09-04T13:12:26Z</time></trkpt><trkpt lat="43.39515251" lon="-5.82052980"><ele>172.65</ele><time>2024-09-04T13:12:27Z</time></trkpt><trkpt lat="43.39516510" lon="-5.82053250"><ele>172.40</ele><time>2024-09-04T13:12:28Z</time></trkpt><trkpt lat="43.39517802" lon="-5.82053492"><ele>172.24</ele><time>2024-09-04T13:12:29Z</time></trkpt><trkpt lat="43.39519131" lon="-5.82053713"><ele>172.16</ele><time>2024-09-04T13:12:30Z</time></trkpt><trkpt lat="43.39520438" lon="-5.82053811"><ele>172.13</ele><time>2024-09-04T13:12:31Z</time></trkpt><trkpt lat="43.39521842" lon="-5.82053886"><ele>172.13</ele><time>2024-09-04T13:12:32Z</time></trkpt><trkpt lat="43.39523311" lon="-5.82053902"><ele>171.88</ele><time>2024-09-04T13:12:33Z</time></trkpt><trkpt lat="43.39524816" lon="-5.82054160"><ele>171.99</ele><time>2024-09-04T13:12:34Z</time></trkpt><trkpt lat="43.39526336" lon="-5.82054253"><ele>171.82</ele><time>2024-09-04T13:12:35Z</time></trkpt><trkpt lat="43.39527913" lon="-5.82054393"><ele>171.71</ele><time>2024-09-04T13:12:36Z</time></trkpt><trkpt lat="43.39529358" lon="-5.82054676"><ele>171.44</ele><time>2024-09-04T13:12:37Z</time></trkpt><trkpt lat="43.39530656" lon="-5.82054886"><ele>171.29</ele><time>2024-09-04T13:12:38Z</time></trkpt><trkpt lat="43.39531922" lon="-5.82054875"><ele>171.22</ele><time>2024-09-04T13:12:39Z</time></trkpt><trkpt lat="43.39533236" lon="-5.82054669"><ele>170.94</ele><time>2024-09-04T13:12:40Z</time></trkpt><trkpt lat="43.39534698" lon="-5.82054354"><ele>170.78</ele><time>2024-09-04T13:12:41Z</time></trkpt><trkpt lat="43.39536202" lon="-5.82054103"><ele>170.71</ele><time>2024-09-04T13:12:42Z</time></trkpt><trkpt lat="43.39537725" lon="-5.82054021"><ele>170.70</ele><time>2024-09-04T13:12:43Z</time></trkpt><trkpt lat="43.39539306" lon="-5.82054056"><ele>170.71</ele><time>2024-09-04T13:12:44Z</time></trkpt><trkpt lat="43.39540863" lon="-5.82054102"><ele>170.74</ele><time>2024-09-04T13:12:45Z</time></trkpt><trkpt lat="43.39542342" lon="-5.82054362"><ele>170.76</ele><time>2024-09-04T13:12:46Z</time></trkpt><trkpt lat="43.39543769" lon="-5.82054804"><ele>170.78</ele><time>2024-09-04T13:12:47Z</time></trkpt><trkpt lat="43.39545221" lon="-5.82055341"><ele>170.80</ele><time>2024-09-04T13:12:48Z</time></trkpt><trkpt lat="43.39546586" lon="-5.82055804"><ele>170.80</ele><time>2024-09-04T13:12:49Z</time></trkpt><trkpt lat="43.39547951" lon="-5.82056089"><ele>170.80</ele><time>2024-09-04T13:12:50Z</time></trkpt><trkpt lat="43.39549434" lon="-5.82056199"><ele>170.80</ele><time>2024-09-04T13:12:51Z</time></trkpt><trkpt lat="43.39550886" lon="-5.82056261"><ele>170.80</ele><time>2024-09-04T13:12:52Z</time></trkpt><trkpt lat="43.39552257" lon="-5.82056310"><ele>171.08</ele><time>2024-09-04T13:12:53Z</time></trkpt><trkpt lat="43.39553578" lon="-5.82056309"><ele>171.25</ele><time>2024-09-04T13:12:54Z</time></trkpt><trkpt lat="43.39554871" lon="-5.82056339"><ele>171.34</ele><time>2024-09-04T13:12:55Z</time></trkpt><trkpt lat="43.39556152" lon="-5.82056400"><ele>171.10</ele><time>2024-09-04T13:12:56Z</time></trkpt><trkpt lat="43.39557542" lon="-5.82056482"><ele>170.92</ele><time>2024-09-04T13:12:57Z</time></trkpt><trkpt lat="43.39559059" lon="-5.82056632"><ele>170.82</ele><time>2024-09-04T13:12:58Z</time></trkpt><trkpt lat="43.39560542" lon="-5.82056933"><ele>170.77</ele><time>2024-09-04T13:12:59Z</time></trkpt><trkpt lat="43.39561938" lon="-5.82057160"><ele>170.75</ele><time>2024-09-04T13:13:00Z</time></trkpt><trkpt lat="43.39563327" lon="-5.82057272"><ele>170.75</ele><time>2024-09-04T13:13:01Z</time></trkpt><trkpt lat="43.39564662" lon="-5.82057416"><ele>170.49</ele><time>2024-09-04T13:13:02Z</time></trkpt><trkpt lat="43.39565910" lon="-5.82057642"><ele>170.33</ele><time>2024-09-04T13:13:03Z</time></trkpt><trkpt lat="43.39567109" lon="-5.82057921"><ele>170.25</ele><time>2024-09-04T13:13:04Z</time></trkpt><trkpt lat="43.39568285" lon="-5.82058228"><ele>170.23</ele><time>2024-09-04T13:13:05Z</time></trkpt><trkpt lat="43.39569510" lon="-5.82058547"><ele>170.23</ele><time>2024-09-04T13:13:06Z</time></trkpt><trkpt lat="43.39570720" lon="-5.82058757"><ele>170.52</ele><time>2024-09-04T13:13:07Z</time></trkpt><trkpt lat="43.39572029" lon="-5.82058950"><ele>170.71</ele><time>2024-09-04T13:13:08Z</time></trkpt><trkpt lat="43.39573567" lon="-5.82059081"><ele>170.82</ele><time>2024-09-04T13:13:09Z</time></trkpt><trkpt lat="43.39575079" lon="-5.82058960"><ele>170.86</ele><time>2024-09-04T13:13:10Z</time></trkpt><trkpt lat="43.39576556" lon="-5.82058631"><ele>170.87</ele><time>2024-09-04T13:13:11Z</time></trkpt><trkpt lat="43.39577945" lon="-5.82058138"><ele>170.58</ele><time>2024-09-04T13:13:12Z</time></trkpt><trkpt lat="43.39579331" lon="-5.82057678"><ele>170.39</ele><time>2024-09-04T13:13:13Z</time></trkpt><trkpt lat="43.39580772" lon="-5.82057377"><ele>170.56</ele><time>2024-09-04T13:13:14Z</time></trkpt><trkpt lat="43.39582197" lon="-5.82057191"><ele>170.69</ele><time>2024-09-04T13:13:15Z</time></trkpt><trkpt lat="43.39583664" lon="-5.82057129"><ele>170.77</ele><time>2024-09-04T13:13:16Z</time></trkpt><trkpt lat="43.39585156" lon="-5.82057193"><ele>170.81</ele><time>2024-09-04T13:13:17Z</time></trkpt><trkpt lat="43.39586498" lon="-5.82057484"><ele>170.83</ele><time>2024-09-04T13:13:18Z</time></trkpt><trkpt lat="43.39587687" lon="-5.82057957"><ele>171.10</ele><time>2024-09-04T13:13:19Z</time></trkpt><trkpt lat="43.39588952" lon="-5.82058463"><ele>171.27</ele><time>2024-09-04T13:13:20Z</time></trkpt><trkpt lat="43.39590334" lon="-5.82058961"><ele>171.35</ele><time>2024-09-04T13:13:21Z</time></trkpt><trkpt lat="43.39591849" lon="-5.82059436"><ele>171.38</ele><time>2024-09-04T13:13:22Z</time></trkpt><trkpt lat="43.39593497" lon="-5.82059883"><ele>171.37</ele><time>2024-09-04T13:13:23Z</time></trkpt><trkpt lat="43.39595162" lon="-5.82060308"><ele>171.36</ele><time>2024-09-04T13:13:24Z</time></trkpt><trkpt lat="43.39596767" lon="-5.82060827"><ele>171.55</ele><time>2024-09-04T13:13:25Z</time></trkpt><trkpt lat="43.39598376" lon="-5.82061242"><ele>171.68</ele><time>2024-09-04T13:13:26Z</time></trkpt><trkpt lat="43.39599930" lon="-5.82061476"><ele>171.52</ele><time>2024-09-04T13:13:27Z</time></trkpt><trkpt lat="43.39601394" lon="-5.82061599"><ele>171.62</ele><time>2024-09-04T13:13:28Z</time></trkpt><trkpt lat="43.39602694" lon="-5.82061558"><ele>171.68</ele><time>2024-09-04T13:13:29Z</time></trkpt><trkpt lat="43.39604007" lon="-5.82061266"><ele>171.71</ele><time>2024-09-04T13:13:30Z</time></trkpt><trkpt lat="43.39605454" lon="-5.82060946"><ele>171.73</ele><time>2024-09-04T13:13:31Z</time></trkpt><trkpt lat="43.39606994" lon="-5.82060639"><ele>171.51</ele><time>2024-09-04T13:13:32Z</time></trkpt><trkpt lat="43.39608590" lon="-5.82060361"><ele>171.36</ele><time>2024-09-04T13:13:33Z</time></trkpt><trkpt lat="43.39610211" lon="-5.82060003"><ele>171.29</ele><time>2024-09-04T13:13:34Z</time></trkpt><trkpt lat="43.39611894" lon="-5.82059874"><ele>170.98</ele><time>2024-09-04T13:13:35Z</time></trkpt><trkpt lat="43.39613500" lon="-5.82059842"><ele>170.80</ele><time>2024-09-04T13:13:36Z</time></trkpt><trkpt lat="43.39614993" lon="-5.82059861"><ele>170.72</ele><time>2024-09-04T13:13:37Z</time></trkpt><trkpt lat="43.39616525" lon="-5.82059899"><ele>170.97</ele><time>2024-09-04T13:13:38Z</time></trkpt><trkpt lat="43.39618034" lon="-5.82059993"><ele>171.16</ele><time>2024-09-04T13:13:39Z</time></trkpt><trkpt lat="43.39619476" lon="-5.82060222"><ele>171.49</ele><time>2024-09-04T13:13:40Z</time></trkpt><trkpt lat="43.39620879" lon="-5.82060528"><ele>171.69</ele><time>2024-09-04T13:13:41Z</time></trkpt><trkpt lat="43.39622428" lon="-5.82060922"><ele>171.78</ele><time>2024-09-04T13:13:42Z</time></trkpt><trkpt lat="43.39624020" lon="-5.82061357"><ele>171.80</ele><time>2024-09-04T13:13:43Z</time></trkpt><trkpt lat="43.39625633" lon="-5.82061749"><ele>171.79</ele><time>2024-09-04T13:13:44Z</time></trkpt><trkpt lat="43.39627199" lon="-5.82061937"><ele>171.77</ele><time>2024-09-04T13:13:45Z</time></trkpt><trkpt lat="43.39628729" lon="-5.82062048"><ele>171.74</ele><time>2024-09-04T13:13:46Z</time></trkpt><trkpt lat="43.39630236" lon="-5.82062231"><ele>171.99</ele><time>2024-09-04T13:13:47Z</time></trkpt><trkpt lat="43.39631732" lon="-5.82062417"><ele>172.15</ele><time>2024-09-04T13:13:48Z</time></trkpt><trkpt lat="43.39633114" lon="-5.82062552"><ele>172.51</ele><time>2024-09-04T13:13:49Z</time></trkpt><trkpt lat="43.39634536" lon="-5.82062711"><ele>172.71</ele><time>2024-09-04T13:13:50Z</time></trkpt><trkpt lat="43.39635884" lon="-5.82062945"><ele>173.07</ele><time>2024-09-04T13:13:51Z</time></trkpt><trkpt lat="43.39637297" lon="-5.82063282"><ele>173.26</ele><time>2024-09-04T13:13:52Z</time></trkpt><trkpt lat="43.39638813" lon="-5.82063678"><ele>173.34</ele><time>2024-09-04T13:13:53Z</time></trkpt><trkpt lat="43.39640284" lon="-5.82063993"><ele>173.34</ele><time>2024-09-04T13:13:54Z</time></trkpt><trkpt lat="43.39641720" lon="-5.82064411"><ele>173.31</ele><time>2024-09-04T13:13:55Z</time></trkpt><trkpt lat="43.39643241" lon="-5.82064728"><ele>173.28</ele><time>2024-09-04T13:13:56Z</time></trkpt><trkpt lat="43.39644818" lon="-5.82064976"><ele>173.52</ele><time>2024-09-04T13:13:57Z</time></trkpt><trkpt lat="43.39646261" lon="-5.82065127"><ele>173.66</ele><time>2024-09-04T13:13:58Z</time></trkpt><trkpt lat="43.39647668" lon="-5.82065168"><ele>173.96</ele><time>2024-09-04T13:13:59Z</time></trkpt><trkpt lat="43.39649056" lon="-5.82065260"><ele>174.39</ele><time>2024-09-04T13:14:00Z</time></trkpt><trkpt lat="43.39650439" lon="-5.82065289"><ele>174.91</ele><time>2024-09-04T13:14:01Z</time></trkpt><trkpt lat="43.39651878" lon="-5.82065229"><ele>175.46</ele><time>2024-09-04T13:14:02Z</time></trkpt><trkpt lat="43.39653354" lon="-5.82065283"><ele>175.74</ele><time>2024-09-04T13:14:03Z</time></trkpt><trkpt lat="43.39654799" lon="-5.82065475"><ele>176.11</ele><time>2024-09-04T13:14:04Z</time></trkpt><trkpt lat="43.39656219" lon="-5.82065589"><ele>176.27</ele><time>2024-09-04T13:14:05Z</time></trkpt><trkpt lat="43.39657570" lon="-5.82065698"><ele>176.53</ele><time>2024-09-04T13:14:06Z</time></trkpt><trkpt lat="43.39658878" lon="-5.82065857"><ele>176.64</ele><time>2024-09-04T13:14:07Z</time></trkpt><trkpt lat="43.39660220" lon="-5.82066157"><ele>176.93</ele><time>2024-09-04T13:14:08Z</time></trkpt><trkpt lat="43.39661589" lon="-5.82066542"><ele>177.35</ele><time>2024-09-04T13:14:09Z</time></trkpt><trkpt lat="43.39662977" lon="-5.82066805"><ele>177.85</ele><time>2024-09-04T13:14:10Z</time></trkpt><trkpt lat="43.39664432" lon="-5.82066923"><ele>178.11</ele><time>2024-09-04T13:14:11Z</time></trkpt><trkpt lat="43.39665925" lon="-5.82066951"><ele>178.47</ele><time>2024-09-04T13:14:12Z</time></trkpt><trkpt lat="43.39667548" lon="-5.82067040"><ele>178.86</ele><time>2024-09-04T13:14:13Z</time></trkpt><trkpt lat="43.39669190" lon="-5.82067072"><ele>179.32</ele><time>2024-09-04T13:14:14Z</time></trkpt><trkpt lat="43.39670833" lon="-5.82067181"><ele>179.82</ele><time>2024-09-04T13:14:15Z</time></trkpt><trkpt lat="43.39672412" lon="-5.82067398"><ele>180.34</ele><time>2024-09-04T13:14:16Z</time></trkpt><trkpt lat="43.39674000" lon="-5.82067682"><ele>180.86</ele><time>2024-09-04T13:14:17Z</time></trkpt><trkpt lat="43.39675594" lon="-5.82068000"><ele>181.10</ele><time>2024-09-04T13:14:18Z</time></trkpt><trkpt lat="43.39677139" lon="-5.82068384"><ele>181.44</ele><time>2024-09-04T13:14:19Z</time></trkpt><trkpt lat="43.39678650" lon="-5.82068747"><ele>181.81</ele><time>2024-09-04T13:14:20Z</time></trkpt><trkpt lat="43.39680254" lon="-5.82068977"><ele>181.97</ele><time>2024-09-04T13:14:21Z</time></trkpt><trkpt lat="43.39681811" lon="-5.82069066"><ele>182.28</ele><time>2024-09-04T13:14:22Z</time></trkpt><trkpt lat="43.39683280" lon="-5.82069125"><ele>182.70</ele><time>2024-09-04T13:14:23Z</time></trkpt><trkpt lat="43.39684803" lon="-5.82069235"><ele>182.91</ele><time>2024-09-04T13:14:24Z</time></trkpt><trkpt lat="43.39686313" lon="-5.82069331"><ele>183.26</ele><time>2024-09-04T13:14:25Z</time></trkpt><trkpt lat="43.39687815" lon="-5.82069533"><ele>183.70</ele><time>2024-09-04T13:14:26Z</time></trkpt><trkpt lat="43.39689258" lon="-5.82069911"><ele>183.92</ele><time>2024-09-04T13:14:27Z</time></trkpt><trkpt lat="43.39690610" lon="-5.82070233"><ele>184.21</ele><time>2024-09-04T13:14:28Z</time></trkpt><trkpt lat="43.39692129" lon="-5.82070447"><ele>184.34</ele><time>2024-09-04T13:14:29Z</time></trkpt><trkpt lat="43.39693653" lon="-5.82070644"><ele>184.64</ele><time>2024-09-04T13:14:30Z</time></trkpt><trkpt lat="43.39695228" lon="-5.82070724"><ele>184.79</ele><time>2024-09-04T13:14:31Z</time></trkpt><trkpt lat="43.39696832" lon="-5.82071007"><ele>184.84</ele><time>2024-09-04T13:14:32Z</time></trkpt><trkpt lat="43.39698503" lon="-5.82071210"><ele>185.11</ele><time>2024-09-04T13:14:33Z</time></trkpt><trkpt lat="43.39700320" lon="-5.82071300"><ele>185.25</ele><time>2024-09-04T13:14:34Z</time></trkpt><trkpt lat="43.39702166" lon="-5.82071483"><ele>185.30</ele><time>2024-09-04T13:14:35Z</time></trkpt><trkpt lat="43.39703851" lon="-5.82071788"><ele>185.03</ele><time>2024-09-04T13:14:36Z</time></trkpt><trkpt lat="43.39705479" lon="-5.82072169"><ele>184.56</ele><time>2024-09-04T13:14:37Z</time></trkpt><trkpt lat="43.39706966" lon="-5.82072588"><ele>184.06</ele><time>2024-09-04T13:14:38Z</time></trkpt><trkpt lat="43.39708479" lon="-5.82072912"><ele>183.77</ele><time>2024-09-04T13:14:39Z</time></trkpt><trkpt lat="43.39709968" lon="-5.82073165"><ele>183.65</ele><time>2024-09-04T13:14:40Z</time></trkpt><trkpt lat="43.39711613" lon="-5.82073157"><ele>183.35</ele><time>2024-09-04T13:14:41Z</time></trkpt><trkpt lat="43.39713415" lon="-5.82073044"><ele>182.93</ele><time>2024-09-04T13:14:42Z</time></trkpt><trkpt lat="43.39715037" lon="-5.82073050"><ele>182.71</ele><time>2024-09-04T13:14:43Z</time></trkpt><trkpt lat="43.39716639" lon="-5.82072824"><ele>182.63</ele><time>2024-09-04T13:14:44Z</time></trkpt><trkpt lat="43.39718232" lon="-5.82072509"><ele>182.63</ele><time>2024-09-04T13:14:45Z</time></trkpt><trkpt lat="43.39719767" lon="-5.82072322"><ele>182.67</ele><time>2024-09-04T13:14:46Z</time></trkpt><trkpt lat="43.39721269" lon="-5.82072232"><ele>182.98</ele><time>2024-09-04T13:14:47Z</time></trkpt><trkpt lat="43.39722810" lon="-5.82072206"><ele>183.20</ele><time>2024-09-04T13:14:48Z</time></trkpt><trkpt lat="43.39724217" lon="-5.82072214"><ele>183.31</ele><time>2024-09-04T13:14:49Z</time></trkpt><trkpt lat="43.39725759" lon="-5.82072345"><ele>183.36</ele><time>2024-09-04T13:14:50Z</time></trkpt><trkpt lat="43.39727232" lon="-5.82072602"><ele>183.37</ele><time>2024-09-04T13:14:51Z</time></trkpt><trkpt lat="43.39728659" lon="-5.82072924"><ele>183.36</ele><time>2024-09-04T13:14:52Z</time></trkpt><trkpt lat="43.39730167" lon="-5.82073108"><ele>183.34</ele><time>2024-09-04T13:14:53Z</time></trkpt><trkpt lat="43.39731733" lon="-5.82073244"><ele>183.60</ele><time>2024-09-04T13:14:54Z</time></trkpt><trkpt lat="43.39733441" lon="-5.82073351"><ele>183.76</ele><time>2024-09-04T13:14:55Z</time></trkpt><trkpt lat="43.39735288" lon="-5.82073498"><ele>184.06</ele><time>2024-09-04T13:14:56Z</time></trkpt><trkpt lat="43.39737045" lon="-5.82073565"><ele>184.22</ele><time>2024-09-04T13:14:57Z</time></trkpt><trkpt lat="43.39738619" lon="-5.82073636"><ele>184.57</ele><time>2024-09-04T13:14:58Z</time></trkpt><trkpt lat="43.39740072" lon="-5.82073879"><ele>184.75</ele><time>2024-09-04T13:14:59Z</time></trkpt><trkpt lat="43.39741515" lon="-5.82074343"><ele>185.10</ele><time>2024-09-04T13:15:00Z</time></trkpt><trkpt lat="43.39742964" lon="-5.82074827"><ele>185.00</ele><time>2024-09-04T13:15:01Z</time></trkpt><trkpt lat="43.39744263" lon="-5.82075247"><ele>184.90</ele><time>2024-09-04T13:15:02Z</time></trkpt><trkpt lat="43.39745474" lon="-5.82075722"><ele>185.08</ele><time>2024-09-04T13:15:03Z</time></trkpt><trkpt lat="43.39746642" lon="-5.82076391"><ele>185.19</ele><time>2024-09-04T13:15:04Z</time></trkpt><trkpt lat="43.39747851" lon="-5.82077176"><ele>185.24</ele><time>2024-09-04T13:15:05Z</time></trkpt><trkpt lat="43.39749263" lon="-5.82077963"><ele>185.25</ele><time>2024-09-04T13:15:06Z</time></trkpt><trkpt lat="43.39750589" lon="-5.82078676"><ele>185.25</ele><time>2024-09-04T13:15:07Z</time></trkpt><trkpt lat="43.39751903" lon="-5.82079278"><ele>185.24</ele><time>2024-09-04T13:15:08Z</time></trkpt><trkpt lat="43.39753263" lon="-5.82079972"><ele>185.22</ele><time>2024-09-04T13:15:09Z</time></trkpt><trkpt lat="43.39754598" lon="-5.82080675"><ele>185.21</ele><time>2024-09-04T13:15:10Z</time></trkpt><trkpt lat="43.39755969" lon="-5.82081382"><ele>185.20</ele><time>2024-09-04T13:15:11Z</time></trkpt><trkpt lat="43.39757308" lon="-5.82081979"><ele>185.20</ele><time>2024-09-04T13:15:12Z</time></trkpt><trkpt lat="43.39758788" lon="-5.82082671"><ele>185.20</ele><time>2024-09-04T13:15:13Z</time></trkpt><trkpt lat="43.39760302" lon="-5.82083537"><ele>185.20</ele><time>2024-09-04T13:15:14Z</time></trkpt><trkpt lat="43.39761775" lon="-5.82084511"><ele>185.20</ele><time>2024-09-04T13:15:15Z</time></trkpt><trkpt lat="43.39763214" lon="-5.82085703"><ele>185.20</ele><time>2024-09-04T13:15:16Z</time></trkpt><trkpt lat="43.39764792" lon="-5.82086799"><ele>185.20</ele><time>2024-09-04T13:15:17Z</time></trkpt><trkpt lat="43.39766296" lon="-5.82087755"><ele>185.47</ele><time>2024-09-04T13:15:18Z</time></trkpt><trkpt lat="43.39767799" lon="-5.82088723"><ele>185.65</ele><time>2024-09-04T13:15:19Z</time></trkpt><trkpt lat="43.39769245" lon="-5.82089758"><ele>185.74</ele><time>2024-09-04T13:15:20Z</time></trkpt><trkpt lat="43.39770548" lon="-5.82090783"><ele>185.50</ele><time>2024-09-04T13:15:21Z</time></trkpt><trkpt lat="43.39771817" lon="-5.82091689"><ele>185.32</ele><time>2024-09-04T13:15:22Z</time></trkpt><trkpt lat="43.39773024" lon="-5.82092627"><ele>184.95</ele><time>2024-09-04T13:15:23Z</time></trkpt><trkpt lat="43.39774146" lon="-5.82093593"><ele>184.72</ele><time>2024-09-04T13:15:24Z</time></trkpt><trkpt lat="43.39775170" lon="-5.82094689"><ele>184.89</ele><time>2024-09-04T13:15:25Z</time></trkpt><trkpt lat="43.39776145" lon="-5.82096029"><ele>185.03</ele><time>2024-09-04T13:15:26Z</time></trkpt><trkpt lat="43.39777048" lon="-5.82097678"><ele>185.13</ele><time>2024-09-04T13:15:27Z</time></trkpt><trkpt lat="43.39777863" lon="-5.82099499"><ele>185.46</ele><time>2024-09-04T13:15:28Z</time></trkpt><trkpt lat="43.39778690" lon="-5.82101340"><ele>185.67</ele><time>2024-09-04T13:15:29Z</time></trkpt><trkpt lat="43.39779592" lon="-5.82103214"><ele>185.98</ele><time>2024-09-04T13:15:30Z</time></trkpt><trkpt lat="43.39780495" lon="-5.82105141"><ele>186.43</ele><time>2024-09-04T13:15:31Z</time></trkpt><trkpt lat="43.39781343" lon="-5.82106979"><ele>186.66</ele><time>2024-09-04T13:15:32Z</time></trkpt><trkpt lat="43.39782101" lon="-5.82108691"><ele>187.03</ele><time>2024-09-04T13:15:33Z</time></trkpt><trkpt lat="43.39782805" lon="-5.82110213"><ele>187.49</ele><time>2024-09-04T13:15:34Z</time></trkpt><trkpt lat="43.39783594" lon="-5.82111514"><ele>187.99</ele><time>2024-09-04T13:15:35Z</time></trkpt><trkpt lat="43.39784445" lon="-5.82112747"><ele>188.24</ele><time>2024-09-04T13:15:36Z</time></trkpt><trkpt lat="43.39785280" lon="-5.82113910"><ele>188.60</ele><time>2024-09-04T13:15:37Z</time></trkpt><trkpt lat="43.39786100" lon="-5.82115103"><ele>188.76</ele><time>2024-09-04T13:15:38Z</time></trkpt><trkpt lat="43.39786636" lon="-5.82115895"><ele>188.80</ele><time>2024-09-04T13:15:39Z</time></trkpt><trkpt lat="43.39787211" lon="-5.82116608"><ele>188.78</ele><time>2024-09-04T13:15:40Z</time></trkpt><trkpt lat="43.39787558" lon="-5.82117193"><ele>188.73</ele><time>2024-09-04T13:15:41Z</time></trkpt><trkpt lat="43.39787824" lon="-5.82117724"><ele>188.68</ele><time>2024-09-04T13:15:42Z</time></trkpt><trkpt lat="43.39788170" lon="-5.82118409"><ele>188.64</ele><time>2024-09-04T13:15:43Z</time></trkpt><trkpt lat="43.39788695" lon="-5.82119155"><ele>188.61</ele><time>2024-09-04T13:15:44Z</time></trkpt><trkpt lat="43.39789392" lon="-5.82119994"><ele>188.60</ele><time>2024-09-04T13:15:45Z</time></trkpt><trkpt lat="43.39790135" lon="-5.82120835"><ele>188.59</ele><time>2024-09-04T13:15:46Z</time></trkpt><trkpt lat="43.39790945" lon="-5.82121722"><ele>188.59</ele><time>2024-09-04T13:15:47Z</time></trkpt><trkpt lat="43.39791727" lon="-5.82122578"><ele>188.59</ele><time>2024-09-04T13:15:48Z</time></trkpt><trkpt lat="43.39796631" lon="-5.82128160"><ele>188.59</ele><time>2024-09-04T13:15:49Z</time></trkpt><trkpt lat="43.39800033" lon="-5.82131915"><ele>188.60</ele><time>2024-09-04T13:15:50Z</time></trkpt><trkpt lat="43.39803564" lon="-5.82136374"><ele>188.60</ele><time>2024-09-04T13:15:51Z</time></trkpt><trkpt lat="43.39805192" lon="-5.82140331"><ele>188.60</ele><time>2024-09-04T13:15:52Z</time></trkpt><trkpt lat="43.39806114" lon="-5.82143113"><ele>188.33</ele><time>2024-09-04T13:15:53Z</time></trkpt><trkpt lat="43.39807673" lon="-5.82143328"><ele>187.61</ele><time>2024-09-04T13:15:54Z</time></trkpt><trkpt lat="43.39809578" lon="-5.82141992"><ele>186.90</ele><time>2024-09-04T13:15:55Z</time></trkpt><trkpt lat="43.39811452" lon="-5.82140605"><ele>186.02</ele><time>2024-09-04T13:15:56Z</time></trkpt><trkpt lat="43.39813186" lon="-5.82139373"><ele>185.01</ele><time>2024-09-04T13:15:57Z</time></trkpt><trkpt lat="43.39814665" lon="-5.82138771"><ele>183.72</ele><time>2024-09-04T13:15:58Z</time></trkpt><trkpt lat="43.39815881" lon="-5.82139083"><ele>182.77</ele><time>2024-09-04T13:15:59Z</time></trkpt><trkpt lat="43.39816952" lon="-5.82140033"><ele>182.07</ele><time>2024-09-04T13:16:00Z</time></trkpt><trkpt lat="43.39818128" lon="-5.82141107"><ele>181.53</ele><time>2024-09-04T13:16:01Z</time></trkpt><trkpt lat="43.39819399" lon="-5.82142288"><ele>181.13</ele><time>2024-09-04T13:16:02Z</time></trkpt><trkpt lat="43.39820795" lon="-5.82143479"><ele>181.00</ele><time>2024-09-04T13:16:03Z</time></trkpt><trkpt lat="43.39822270" lon="-5.82144689"><ele>180.75</ele><time>2024-09-04T13:16:04Z</time></trkpt><trkpt lat="43.39823678" lon="-5.82145720"><ele>180.40</ele><time>2024-09-04T13:16:05Z</time></trkpt><trkpt lat="43.39824922" lon="-5.82146675"><ele>179.97</ele><time>2024-09-04T13:16:06Z</time></trkpt><trkpt lat="43.39826225" lon="-5.82147639"><ele>179.76</ele><time>2024-09-04T13:16:07Z</time></trkpt><trkpt lat="43.39827576" lon="-5.82148559"><ele>179.42</ele><time>2024-09-04T13:16:08Z</time></trkpt><trkpt lat="43.39828795" lon="-5.82149565"><ele>179.26</ele><time>2024-09-04T13:16:09Z</time></trkpt><trkpt lat="43.39829929" lon="-5.82150630"><ele>179.22</ele><time>2024-09-04T13:16:10Z</time></trkpt><trkpt lat="43.39831071" lon="-5.82151620"><ele>179.24</ele><time>2024-09-04T13:16:11Z</time></trkpt><trkpt lat="43.39832175" lon="-5.82152447"><ele>179.01</ele><time>2024-09-04T13:16:12Z</time></trkpt><trkpt lat="43.39833152" lon="-5.82153064"><ele>178.88</ele><time>2024-09-04T13:16:13Z</time></trkpt><trkpt lat="43.39834109" lon="-5.82153670"><ele>178.61</ele><time>2024-09-04T13:16:14Z</time></trkpt><trkpt lat="43.39835121" lon="-5.82154182"><ele>178.19</ele><time>2024-09-04T13:16:15Z</time></trkpt><trkpt lat="43.39836340" lon="-5.82154813"><ele>177.96</ele><time>2024-09-04T13:16:16Z</time></trkpt><trkpt lat="43.39837802" lon="-5.82155533"><ele>177.86</ele><time>2024-09-04T13:16:17Z</time></trkpt><trkpt lat="43.39839402" lon="-5.82156420"><ele>177.85</ele><time>2024-09-04T13:16:18Z</time></trkpt><trkpt lat="43.39841066" lon="-5.82157244"><ele>177.87</ele><time>2024-09-04T13:16:19Z</time></trkpt><trkpt lat="43.39842745" lon="-5.82157848"><ele>177.91</ele><time>2024-09-04T13:16:20Z</time></trkpt><trkpt lat="43.39844304" lon="-5.82158418"><ele>177.95</ele><time>2024-09-04T13:16:21Z</time></trkpt><trkpt lat="43.39845721" lon="-5.82158816"><ele>177.98</ele><time>2024-09-04T13:16:22Z</time></trkpt><trkpt lat="43.39846994" lon="-5.82159059"><ele>177.99</ele><time>2024-09-04T13:16:23Z</time></trkpt><trkpt lat="43.39848349" lon="-5.82159169"><ele>178.00</ele><time>2024-09-04T13:16:24Z</time></trkpt><trkpt lat="43.39849719" lon="-5.82159053"><ele>178.01</ele><time>2024-09-04T13:16:25Z</time></trkpt><trkpt lat="43.39851155" lon="-5.82159034"><ele>177.73</ele><time>2024-09-04T13:16:26Z</time></trkpt><trkpt lat="43.39852636" lon="-5.82159106"><ele>177.29</ele><time>2024-09-04T13:16:27Z</time></trkpt><trkpt lat="43.39854196" lon="-5.82159247"><ele>177.02</ele><time>2024-09-04T13:16:28Z</time></trkpt><trkpt lat="43.39855745" lon="-5.82159377"><ele>176.63</ele><time>2024-09-04T13:16:29Z</time></trkpt><trkpt lat="43.39857224" lon="-5.82159440"><ele>176.42</ele><time>2024-09-04T13:16:30Z</time></trkpt><trkpt lat="43.39858382" lon="-5.82159242"><ele>176.34</ele><time>2024-09-04T13:16:31Z</time></trkpt><trkpt lat="43.39859230" lon="-5.82158773"><ele>176.34</ele><time>2024-09-04T13:16:32Z</time></trkpt><trkpt lat="43.39859905" lon="-5.82158317"><ele>176.37</ele><time>2024-09-04T13:16:33Z</time></trkpt><trkpt lat="43.39860562" lon="-5.82158064"><ele>176.42</ele><time>2024-09-04T13:16:34Z</time></trkpt><trkpt lat="43.39861187" lon="-5.82158230"><ele>176.23</ele><time>2024-09-04T13:16:35Z</time></trkpt><trkpt lat="43.39861704" lon="-5.82158602"><ele>176.12</ele><time>2024-09-04T13:16:36Z</time></trkpt><trkpt lat="43.39862277" lon="-5.82159348"><ele>175.80</ele><time>2024-09-04T13:16:37Z</time></trkpt><trkpt lat="43.39862903" lon="-5.82160295"><ele>175.60</ele><time>2024-09-04T13:16:38Z</time></trkpt><trkpt lat="43.39863460" lon="-5.82161324"><ele>175.24</ele><time>2024-09-04T13:16:39Z</time></trkpt><trkpt lat="43.39863754" lon="-5.82162199"><ele>175.05</ele><time>2024-09-04T13:16:40Z</time></trkpt><trkpt lat="43.39863888" lon="-5.82162891"><ele>174.70</ele><time>2024-09-04T13:16:41Z</time></trkpt><trkpt lat="43.39863942" lon="-5.82163458"><ele>174.52</ele><time>2024-09-04T13:16:42Z</time></trkpt><trkpt lat="43.39863915" lon="-5.82163955"><ele>174.18</ele><time>2024-09-04T13:16:43Z</time></trkpt><trkpt lat="43.39863857" lon="-5.82164366"><ele>174.01</ele><time>2024-09-04T13:16:44Z</time></trkpt><trkpt lat="43.39863797" lon="-5.82164517"><ele>173.95</ele><time>2024-09-04T13:16:45Z</time></trkpt><trkpt lat="43.39863804" lon="-5.82164409"><ele>173.96</ele><time>2024-09-04T13:16:46Z</time></trkpt><trkpt lat="43.39863806" lon="-5.82164327"><ele>173.99</ele><time>2024-09-04T13:16:47Z</time></trkpt><trkpt lat="43.39863915" lon="-5.82164242"><ele>174.03</ele><time>2024-09-04T13:16:48Z</time></trkpt><trkpt lat="43.39863983" lon="-5.82164227"><ele>173.84</ele><time>2024-09-04T13:16:49Z</time></trkpt><trkpt lat="43.39864126" lon="-5.82164434"><ele>173.73</ele><time>2024-09-04T13:16:50Z</time></trkpt><trkpt lat="43.39864316" lon="-5.82164781"><ele>173.67</ele><time>2024-09-04T13:16:51Z</time></trkpt><trkpt lat="43.39864420" lon="-5.82164985"><ele>173.65</ele><time>2024-09-04T13:16:52Z</time></trkpt><trkpt lat="43.39864409" lon="-5.82165136"><ele>173.65</ele><time>2024-09-04T13:16:53Z</time></trkpt><trkpt lat="43.39864380" lon="-5.82165251"><ele>173.66</ele><time>2024-09-04T13:16:54Z</time></trkpt><trkpt lat="43.39864296" lon="-5.82165238"><ele>173.40</ele><time>2024-09-04T13:16:55Z</time></trkpt><trkpt lat="43.39864237" lon="-5.82165203"><ele>173.24</ele><time>2024-09-04T13:16:56Z</time></trkpt><trkpt lat="43.39864202" lon="-5.82165110"><ele>173.16</ele><time>2024-09-04T13:16:57Z</time></trkpt><trkpt lat="43.39864186" lon="-5.82164935"><ele>173.13</ele><time>2024-09-04T13:16:58Z</time></trkpt><trkpt lat="43.39864291" lon="-5.82164773"><ele>173.13</ele><time>2024-09-04T13:16:59Z</time></trkpt><trkpt lat="43.39864307" lon="-5.82164519"><ele>173.15</ele><time>2024-09-04T13:17:00Z</time></trkpt><trkpt lat="43.39864641" lon="-5.82164871"><ele>173.17</ele><time>2024-09-04T13:17:01Z</time></trkpt><trkpt lat="43.39865120" lon="-5.82165176"><ele>172.91</ele><time>2024-09-04T13:17:02Z</time></trkpt><trkpt lat="43.39865835" lon="-5.82165417"><ele>172.75</ele><time>2024-09-04T13:17:03Z</time></trkpt><trkpt lat="43.39866619" lon="-5.82165107"><ele>172.39</ele><time>2024-09-04T13:17:04Z</time></trkpt><trkpt lat="43.39866925" lon="-5.82164934"><ele>172.19</ele><time>2024-09-04T13:17:05Z</time></trkpt><trkpt lat="43.39867126" lon="-5.82164882"><ele>172.10</ele><time>2024-09-04T13:17:06Z</time></trkpt><trkpt lat="43.39867332" lon="-5.82164589"><ele>172.08</ele><time>2024-09-04T13:17:07Z</time></trkpt><trkpt lat="43.39868327" lon="-5.82165508"><ele>172.37</ele><time>2024-09-04T13:17:08Z</time></trkpt><trkpt lat="43.39869719" lon="-5.82169229"><ele>173.34</ele><time>2024-09-04T13:17:09Z</time></trkpt><trkpt lat="43.39871206" lon="-5.82172239"><ele>174.48</ele><time>2024-09-04T13:17:10Z</time></trkpt><trkpt lat="43.39872532" lon="-5.82174125"><ele>175.14</ele><time>2024-09-04T13:17:11Z</time></trkpt><trkpt lat="43.39874153" lon="-5.82173513"><ele>175.70</ele><time>2024-09-04T13:17:12Z</time></trkpt><trkpt lat="43.39875782" lon="-5.82170634"><ele>176.42</ele><time>2024-09-04T13:17:13Z</time></trkpt><trkpt lat="43.39875857" lon="-5.82165852"><ele>176.77</ele><time>2024-09-04T13:17:14Z</time></trkpt><trkpt lat="43.39875536" lon="-5.82161779"><ele>176.38</ele><time>2024-09-04T13:17:15Z</time></trkpt><trkpt lat="43.39875770" lon="-5.82159376"><ele>175.76</ele><time>2024-09-04T13:17:16Z</time></trkpt><trkpt lat="43.39876277" lon="-5.82158485"><ele>174.79</ele><time>2024-09-04T13:17:17Z</time></trkpt><trkpt lat="43.39877134" lon="-5.82158403"><ele>174.21</ele><time>2024-09-04T13:17:18Z</time></trkpt><trkpt lat="43.39878038" lon="-5.82158597"><ele>173.70</ele><time>2024-09-04T13:17:19Z</time></trkpt><trkpt lat="43.39879159" lon="-5.82158887"><ele>172.92</ele><time>2024-09-04T13:17:20Z</time></trkpt><trkpt lat="43.39880560" lon="-5.82159355"><ele>172.25</ele><time>2024-09-04T13:17:21Z</time></trkpt><trkpt lat="43.39882655" lon="-5.82161016"><ele>171.93</ele><time>2024-09-04T13:17:22Z</time></trkpt><trkpt lat="43.39885206" lon="-5.82163539"><ele>172.12</ele><time>2024-09-04T13:17:23Z</time></trkpt><trkpt lat="43.39887755" lon="-5.82165836"><ele>172.33</ele><time>2024-09-04T13:17:24Z</time></trkpt><trkpt lat="43.39890121" lon="-5.82167751"><ele>172.50</ele><time>2024-09-04T13:17:25Z</time></trkpt><trkpt lat="43.39892707" lon="-5.82167887"><ele>172.08</ele><time>2024-09-04T13:17:26Z</time></trkpt><trkpt lat="43.39894926" lon="-5.82167216"><ele>171.80</ele><time>2024-09-04T13:17:27Z</time></trkpt><trkpt lat="43.39896562" lon="-5.82166043"><ele>171.44</ele><time>2024-09-04T13:17:28Z</time></trkpt><trkpt lat="43.39897949" lon="-5.82165170"><ele>171.24</ele><time>2024-09-04T13:17:29Z</time></trkpt><trkpt lat="43.39899499" lon="-5.82164597"><ele>171.39</ele><time>2024-09-04T13:17:30Z</time></trkpt><trkpt lat="43.39901089" lon="-5.82164481"><ele>171.52</ele><time>2024-09-04T13:17:31Z</time></trkpt><trkpt lat="43.39902501" lon="-5.82164605"><ele>171.40</ele><time>2024-09-04T13:17:32Z</time></trkpt><trkpt lat="43.39903919" lon="-5.82165019"><ele>171.05</ele><time>2024-09-04T13:17:33Z</time></trkpt><trkpt lat="43.39905411" lon="-5.82165582"><ele>170.56</ele><time>2024-09-04T13:17:34Z</time></trkpt><trkpt lat="43.39906959" lon="-5.82166091"><ele>170.29</ele><time>2024-09-04T13:17:35Z</time></trkpt><trkpt lat="43.39908545" lon="-5.82166421"><ele>170.44</ele><time>2024-09-04T13:17:36Z</time></trkpt><trkpt lat="43.39910150" lon="-5.82166675"><ele>170.58</ele><time>2024-09-04T13:17:37Z</time></trkpt><trkpt lat="43.39911708" lon="-5.82166829"><ele>170.70</ele><time>2024-09-04T13:17:38Z</time></trkpt><trkpt lat="43.39913178" lon="-5.82166817"><ele>170.77</ele><time>2024-09-04T13:17:39Z</time></trkpt><trkpt lat="43.39914757" lon="-5.82166656"><ele>170.54</ele><time>2024-09-04T13:17:40Z</time></trkpt><trkpt lat="43.39916412" lon="-5.82166528"><ele>170.11</ele><time>2024-09-04T13:17:41Z</time></trkpt><trkpt lat="43.39918164" lon="-5.82166607"><ele>169.57</ele><time>2024-09-04T13:17:42Z</time></trkpt><trkpt lat="43.39919862" lon="-5.82166662"><ele>169.27</ele><time>2024-09-04T13:17:43Z</time></trkpt><trkpt lat="43.39921515" lon="-5.82166696"><ele>169.14</ele><time>2024-09-04T13:17:44Z</time></trkpt><trkpt lat="43.39923190" lon="-5.82166712"><ele>169.12</ele><time>2024-09-04T13:17:45Z</time></trkpt><trkpt lat="43.39924772" lon="-5.82166771"><ele>169.14</ele><time>2024-09-04T13:17:46Z</time></trkpt><trkpt lat="43.39926294" lon="-5.82166804"><ele>169.19</ele><time>2024-09-04T13:17:47Z</time></trkpt><trkpt lat="43.39927838" lon="-5.82166873"><ele>169.23</ele><time>2024-09-04T13:17:48Z</time></trkpt><trkpt lat="43.39929405" lon="-5.82166965"><ele>169.27</ele><time>2024-09-04T13:17:49Z</time></trkpt><trkpt lat="43.39930989" lon="-5.82167068"><ele>169.29</ele><time>2024-09-04T13:17:50Z</time></trkpt><trkpt lat="43.39932584" lon="-5.82167231"><ele>169.30</ele><time>2024-09-04T13:17:51Z</time></trkpt><trkpt lat="43.39934240" lon="-5.82167429"><ele>169.31</ele><time>2024-09-04T13:17:52Z</time></trkpt><trkpt lat="43.39935878" lon="-5.82167753"><ele>169.31</ele><time>2024-09-04T13:17:53Z</time></trkpt><trkpt lat="43.39937445" lon="-5.82168095"><ele>169.31</ele><time>2024-09-04T13:17:54Z</time></trkpt><trkpt lat="43.39938966" lon="-5.82168272"><ele>169.30</ele><time>2024-09-04T13:17:55Z</time></trkpt><trkpt lat="43.39940462" lon="-5.82168337"><ele>169.30</ele><time>2024-09-04T13:17:56Z</time></trkpt><trkpt lat="43.39942001" lon="-5.82168338"><ele>169.08</ele><time>2024-09-04T13:17:57Z</time></trkpt><trkpt lat="43.39943519" lon="-5.82168254"><ele>168.94</ele><time>2024-09-04T13:17:58Z</time></trkpt><trkpt lat="43.39945077" lon="-5.82168128"><ele>168.60</ele><time>2024-09-04T13:17:59Z</time></trkpt><trkpt lat="43.39946663" lon="-5.82168099"><ele>168.40</ele><time>2024-09-04T13:18:00Z</time></trkpt><trkpt lat="43.39948265" lon="-5.82168140"><ele>168.31</ele><time>2024-09-04T13:18:01Z</time></trkpt><trkpt lat="43.39949873" lon="-5.82168117"><ele>168.01</ele><time>2024-09-04T13:18:02Z</time></trkpt><trkpt lat="43.39951482" lon="-5.82168212"><ele>167.86</ele><time>2024-09-04T13:18:03Z</time></trkpt><trkpt lat="43.39953090" lon="-5.82168438"><ele>167.79</ele><time>2024-09-04T13:18:04Z</time></trkpt><trkpt lat="43.39954642" lon="-5.82168739"><ele>167.79</ele><time>2024-09-04T13:18:05Z</time></trkpt><trkpt lat="43.39956156" lon="-5.82169073"><ele>167.54</ele><time>2024-09-04T13:18:06Z</time></trkpt><trkpt lat="43.39957650" lon="-5.82169362"><ele>167.39</ele><time>2024-09-04T13:18:07Z</time></trkpt><trkpt lat="43.39959137" lon="-5.82169610"><ele>167.33</ele><time>2024-09-04T13:18:08Z</time></trkpt><trkpt lat="43.39960569" lon="-5.82169993"><ele>167.04</ele><time>2024-09-04T13:18:09Z</time></trkpt><trkpt lat="43.39961968" lon="-5.82170463"><ele>166.88</ele><time>2024-09-04T13:18:10Z</time></trkpt><trkpt lat="43.39963463" lon="-5.82170924"><ele>166.81</ele><time>2024-09-04T13:18:11Z</time></trkpt><trkpt lat="43.39965078" lon="-5.82171259"><ele>166.80</ele><time>2024-09-04T13:18:12Z</time></trkpt><trkpt lat="43.39966765" lon="-5.82171453"><ele>166.54</ele><time>2024-09-04T13:18:13Z</time></trkpt><trkpt lat="43.39968433" lon="-5.82171672"><ele>166.18</ele><time>2024-09-04T13:18:14Z</time></trkpt><trkpt lat="43.39970079" lon="-5.82172139"><ele>165.97</ele><time>2024-09-04T13:18:15Z</time></trkpt><trkpt lat="43.39971649" lon="-5.82172876"><ele>165.61</ele><time>2024-09-04T13:18:16Z</time></trkpt><trkpt lat="43.39973116" lon="-5.82173662"><ele>165.15</ele><time>2024-09-04T13:18:17Z</time></trkpt><trkpt lat="43.39974631" lon="-5.82174507"><ele>164.91</ele><time>2024-09-04T13:18:18Z</time></trkpt><trkpt lat="43.39976131" lon="-5.82175313"><ele>164.82</ele><time>2024-09-04T13:18:19Z</time></trkpt><trkpt lat="43.39977625" lon="-5.82176080"><ele>164.82</ele><time>2024-09-04T13:18:20Z</time></trkpt><trkpt lat="43.39979280" lon="-5.82176815"><ele>165.13</ele><time>2024-09-04T13:18:21Z</time></trkpt><trkpt lat="43.39981040" lon="-5.82177527"><ele>165.35</ele><time>2024-09-04T13:18:22Z</time></trkpt><trkpt lat="43.39982747" lon="-5.82178118"><ele>165.48</ele><time>2024-09-04T13:18:23Z</time></trkpt><trkpt lat="43.39984243" lon="-5.82178962"><ele>165.54</ele><time>2024-09-04T13:18:24Z</time></trkpt><trkpt lat="43.39985383" lon="-5.82180357"><ele>165.84</ele><time>2024-09-04T13:18:25Z</time></trkpt><trkpt lat="43.39986092" lon="-5.82182144"><ele>166.22</ele><time>2024-09-04T13:18:26Z</time></trkpt><trkpt lat="43.39986506" lon="-5.82184296"><ele>166.44</ele><time>2024-09-04T13:18:27Z</time></trkpt><trkpt lat="43.39986838" lon="-5.82186570"><ele>166.52</ele><time>2024-09-04T13:18:28Z</time></trkpt><trkpt lat="43.39987223" lon="-5.82188752"><ele>166.81</ele><time>2024-09-04T13:18:29Z</time></trkpt><trkpt lat="43.39987514" lon="-5.82190833"><ele>166.69</ele><time>2024-09-04T13:18:30Z</time></trkpt><trkpt lat="43.39987710" lon="-5.82192830"><ele>166.57</ele><time>2024-09-04T13:18:31Z</time></trkpt><trkpt lat="43.39987918" lon="-5.82194876"><ele>166.75</ele><time>2024-09-04T13:18:32Z</time></trkpt><trkpt lat="43.39987987" lon="-5.82197066"><ele>166.87</ele><time>2024-09-04T13:18:33Z</time></trkpt><trkpt lat="43.39987869" lon="-5.82199072"><ele>166.65</ele><time>2024-09-04T13:18:34Z</time></trkpt><trkpt lat="43.39987431" lon="-5.82201114"><ele>166.50</ele><time>2024-09-04T13:18:35Z</time></trkpt><trkpt lat="43.39986703" lon="-5.82203075"><ele>166.19</ele><time>2024-09-04T13:18:36Z</time></trkpt><trkpt lat="43.39985774" lon="-5.82204987"><ele>165.74</ele><time>2024-09-04T13:18:37Z</time></trkpt><trkpt lat="43.39984705" lon="-5.82206765"><ele>165.48</ele><time>2024-09-04T13:18:38Z</time></trkpt><trkpt lat="43.39983533" lon="-5.82208301"><ele>165.37</ele><time>2024-09-04T13:18:39Z</time></trkpt><trkpt lat="43.39982275" lon="-5.82209753"><ele>165.07</ele><time>2024-09-04T13:18:40Z</time></trkpt><trkpt lat="43.39980881" lon="-5.82211068"><ele>164.92</ele><time>2024-09-04T13:18:41Z</time></trkpt><trkpt lat="43.39979478" lon="-5.82212264"><ele>164.87</ele><time>2024-09-04T13:18:42Z</time></trkpt><trkpt lat="43.39978148" lon="-5.82213296"><ele>164.88</ele><time>2024-09-04T13:18:43Z</time></trkpt><trkpt lat="43.39976824" lon="-5.82214302"><ele>164.90</ele><time>2024-09-04T13:18:44Z</time></trkpt><trkpt lat="43.39975454" lon="-5.82215262"><ele>164.66</ele><time>2024-09-04T13:18:45Z</time></trkpt><trkpt lat="43.39974056" lon="-5.82216264"><ele>164.52</ele><time>2024-09-04T13:18:46Z</time></trkpt><trkpt lat="43.39972645" lon="-5.82217251"><ele>164.18</ele><time>2024-09-04T13:18:47Z</time></trkpt><trkpt lat="43.39971285" lon="-5.82218289"><ele>163.98</ele><time>2024-09-04T13:18:48Z</time></trkpt><trkpt lat="43.39969906" lon="-5.82219472"><ele>163.90</ele><time>2024-09-04T13:18:49Z</time></trkpt><trkpt lat="43.39968515" lon="-5.82220692"><ele>163.88</ele><time>2024-09-04T13:18:50Z</time></trkpt><trkpt lat="43.39967115" lon="-5.82221869"><ele>163.90</ele><time>2024-09-04T13:18:51Z</time></trkpt><trkpt lat="43.39965712" lon="-5.82223066"><ele>164.20</ele><time>2024-09-04T13:18:52Z</time></trkpt><trkpt lat="43.39964472" lon="-5.82224217"><ele>164.40</ele><time>2024-09-04T13:18:53Z</time></trkpt><trkpt lat="43.39963336" lon="-5.82225391"><ele>164.79</ele><time>2024-09-04T13:18:54Z</time></trkpt><trkpt lat="43.39962254" lon="-5.82226800"><ele>165.28</ele><time>2024-09-04T13:18:55Z</time></trkpt><trkpt lat="43.39961194" lon="-5.82228410"><ele>165.55</ele><time>2024-09-04T13:18:56Z</time></trkpt><trkpt lat="43.39960134" lon="-5.82230022"><ele>165.66</ele><time>2024-09-04T13:18:57Z</time></trkpt><trkpt lat="43.39959067" lon="-5.82231611"><ele>165.68</ele><time>2024-09-04T13:18:58Z</time></trkpt><trkpt lat="43.39958043" lon="-5.82233170"><ele>165.65</ele><time>2024-09-04T13:18:59Z</time></trkpt><trkpt lat="43.39956990" lon="-5.82234703"><ele>165.60</ele><time>2024-09-04T13:19:00Z</time></trkpt><trkpt lat="43.39955913" lon="-5.82236163"><ele>165.29</ele><time>2024-09-04T13:19:01Z</time></trkpt><trkpt lat="43.39954876" lon="-5.82237522"><ele>165.08</ele><time>2024-09-04T13:19:02Z</time></trkpt><trkpt lat="43.39953700" lon="-5.82238823"><ele>164.97</ele><time>2024-09-04T13:19:03Z</time></trkpt><trkpt lat="43.39952490" lon="-5.82240042"><ele>164.93</ele><time>2024-09-04T13:19:04Z</time></trkpt><trkpt lat="43.39951266" lon="-5.82241276"><ele>164.92</ele><time>2024-09-04T13:19:05Z</time></trkpt><trkpt lat="43.39950150" lon="-5.82242748"><ele>164.66</ele><time>2024-09-04T13:19:06Z</time></trkpt><trkpt lat="43.39949054" lon="-5.82244377"><ele>164.51</ele><time>2024-09-04T13:19:07Z</time></trkpt><trkpt lat="43.39947911" lon="-5.82246037"><ele>164.44</ele><time>2024-09-04T13:19:08Z</time></trkpt><trkpt lat="43.39946734" lon="-5.82247645"><ele>164.15</ele><time>2024-09-04T13:19:09Z</time></trkpt><trkpt lat="43.39945647" lon="-5.82249260"><ele>163.98</ele><time>2024-09-04T13:19:10Z</time></trkpt><trkpt lat="43.39944618" lon="-5.82250766"><ele>163.91</ele><time>2024-09-04T13:19:11Z</time></trkpt><trkpt lat="43.39943678" lon="-5.82252310"><ele>163.68</ele><time>2024-09-04T13:19:12Z</time></trkpt><trkpt lat="43.39942785" lon="-5.82253827"><ele>163.56</ele><time>2024-09-04T13:19:13Z</time></trkpt><trkpt lat="43.39941858" lon="-5.82255275"><ele>163.51</ele><time>2024-09-04T13:19:14Z</time></trkpt><trkpt lat="43.39940955" lon="-5.82256790"><ele>163.51</ele><time>2024-09-04T13:19:15Z</time></trkpt><trkpt lat="43.39940009" lon="-5.82258462"><ele>163.53</ele><time>2024-09-04T13:19:16Z</time></trkpt><trkpt lat="43.39939086" lon="-5.82260289"><ele>163.77</ele><time>2024-09-04T13:19:17Z</time></trkpt><trkpt lat="43.39938178" lon="-5.82262255"><ele>163.93</ele><time>2024-09-04T13:19:18Z</time></trkpt><trkpt lat="43.39937225" lon="-5.82264182"><ele>164.29</ele><time>2024-09-04T13:19:19Z</time></trkpt><trkpt lat="43.39936350" lon="-5.82266011"><ele>164.50</ele><time>2024-09-04T13:19:20Z</time></trkpt><trkpt lat="43.39935472" lon="-5.82267767"><ele>164.59</ele><time>2024-09-04T13:19:21Z</time></trkpt><trkpt lat="43.39934643" lon="-5.82269478"><ele>164.62</ele><time>2024-09-04T13:19:22Z</time></trkpt><trkpt lat="43.39933842" lon="-5.82271166"><ele>164.60</ele><time>2024-09-04T13:19:23Z</time></trkpt><trkpt lat="43.39933108" lon="-5.82272847"><ele>164.57</ele><time>2024-09-04T13:19:24Z</time></trkpt><trkpt lat="43.39932358" lon="-5.82274583"><ele>164.55</ele><time>2024-09-04T13:19:25Z</time></trkpt><trkpt lat="43.39931589" lon="-5.82276357"><ele>164.52</ele><time>2024-09-04T13:19:26Z</time></trkpt><trkpt lat="43.39930751" lon="-5.82278264"><ele>164.78</ele><time>2024-09-04T13:19:27Z</time></trkpt><trkpt lat="43.39929923" lon="-5.82280196"><ele>165.22</ele><time>2024-09-04T13:19:28Z</time></trkpt><trkpt lat="43.39929160" lon="-5.82282078"><ele>165.48</ele><time>2024-09-04T13:19:29Z</time></trkpt><trkpt lat="43.39928331" lon="-5.82283975"><ele>165.87</ele><time>2024-09-04T13:19:30Z</time></trkpt><trkpt lat="43.39927511" lon="-5.82285824"><ele>166.08</ele><time>2024-09-04T13:19:31Z</time></trkpt><trkpt lat="43.39926699" lon="-5.82287641"><ele>166.16</ele><time>2024-09-04T13:19:32Z</time></trkpt><trkpt lat="43.39925894" lon="-5.82289386"><ele>166.16</ele><time>2024-09-04T13:19:33Z</time></trkpt><trkpt lat="43.39925093" lon="-5.82291087"><ele>166.12</ele><time>2024-09-04T13:19:34Z</time></trkpt><trkpt lat="43.39924349" lon="-5.82292934"><ele>166.30</ele><time>2024-09-04T13:19:35Z</time></trkpt><trkpt lat="43.39923640" lon="-5.82294769"><ele>166.40</ele><time>2024-09-04T13:19:36Z</time></trkpt><trkpt lat="43.39922839" lon="-5.82296755"><ele>166.72</ele><time>2024-09-04T13:19:37Z</time></trkpt><trkpt lat="43.39921921" lon="-5.82298725"><ele>167.18</ele><time>2024-09-04T13:19:38Z</time></trkpt><trkpt lat="43.39921042" lon="-5.82300782"><ele>167.43</ele><time>2024-09-04T13:19:39Z</time></trkpt><trkpt lat="43.39920252" lon="-5.82302779"><ele>167.81</ele><time>2024-09-04T13:19:40Z</time></trkpt><trkpt lat="43.39919576" lon="-5.82304781"><ele>168.00</ele><time>2024-09-04T13:19:41Z</time></trkpt><trkpt lat="43.39919022" lon="-5.82306787"><ele>168.07</ele><time>2024-09-04T13:19:42Z</time></trkpt><trkpt lat="43.39918645" lon="-5.82308628"><ele>168.06</ele><time>2024-09-04T13:19:43Z</time></trkpt><trkpt lat="43.39918310" lon="-5.82310583"><ele>168.03</ele><time>2024-09-04T13:19:44Z</time></trkpt><trkpt lat="43.39918089" lon="-5.82312457"><ele>167.71</ele><time>2024-09-04T13:19:45Z</time></trkpt><trkpt lat="43.39918034" lon="-5.82314279"><ele>167.50</ele><time>2024-09-04T13:19:46Z</time></trkpt><trkpt lat="43.39918011" lon="-5.82316126"><ele>167.38</ele><time>2024-09-04T13:19:47Z</time></trkpt><trkpt lat="43.39918095" lon="-5.82318052"><ele>167.33</ele><time>2024-09-04T13:19:48Z</time></trkpt><trkpt lat="43.39918286" lon="-5.82319973"><ele>167.60</ele><time>2024-09-04T13:19:49Z</time></trkpt><trkpt lat="43.39918583" lon="-5.82321834"><ele>167.78</ele><time>2024-09-04T13:19:50Z</time></trkpt><trkpt lat="43.39919036" lon="-5.82323709"><ele>168.16</ele><time>2024-09-04T13:19:51Z</time></trkpt><trkpt lat="43.39919408" lon="-5.82325596"><ele>168.39</ele><time>2024-09-04T13:19:52Z</time></trkpt><trkpt lat="43.39919978" lon="-5.82327491"><ele>168.77</ele><time>2024-09-04T13:19:53Z</time></trkpt><trkpt lat="43.39920667" lon="-5.82329390"><ele>168.96</ele><time>2024-09-04T13:19:54Z</time></trkpt><trkpt lat="43.39921466" lon="-5.82331292"><ele>169.04</ele><time>2024-09-04T13:19:55Z</time></trkpt><trkpt lat="43.39922261" lon="-5.82333249"><ele>169.26</ele><time>2024-09-04T13:19:56Z</time></trkpt><trkpt lat="43.39923033" lon="-5.82335131"><ele>169.37</ele><time>2024-09-04T13:19:57Z</time></trkpt><trkpt lat="43.39923781" lon="-5.82337017"><ele>169.41</ele><time>2024-09-04T13:19:58Z</time></trkpt><trkpt lat="43.39924397" lon="-5.82339016"><ele>169.40</ele><time>2024-09-04T13:19:59Z</time></trkpt><trkpt lat="43.39924929" lon="-5.82341088"><ele>169.65</ele><time>2024-09-04T13:20:00Z</time></trkpt><trkpt lat="43.39925471" lon="-5.82343199"><ele>169.79</ele><time>2024-09-04T13:20:01Z</time></trkpt><trkpt lat="43.39926029" lon="-5.82345216"><ele>170.13</ele><time>2024-09-04T13:20:02Z</time></trkpt><trkpt lat="43.39926604" lon="-5.82347166"><ele>170.32</ele><time>2024-09-04T13:20:03Z</time></trkpt><trkpt lat="43.39927301" lon="-5.82349129"><ele>170.68</ele><time>2024-09-04T13:20:04Z</time></trkpt><trkpt lat="43.39928075" lon="-5.82351161"><ele>171.14</ele><time>2024-09-04T13:20:05Z</time></trkpt><trkpt lat="43.39928836" lon="-5.82353184"><ele>171.38</ele><time>2024-09-04T13:20:06Z</time></trkpt><trkpt lat="43.39929577" lon="-5.82355197"><ele>171.20</ele><time>2024-09-04T13:20:07Z</time></trkpt><trkpt lat="43.39930191" lon="-5.82357040"><ele>171.03</ele><time>2024-09-04T13:20:08Z</time></trkpt><trkpt lat="43.39930724" lon="-5.82358885"><ele>170.91</ele><time>2024-09-04T13:20:09Z</time></trkpt><trkpt lat="43.39931267" lon="-5.82360850"><ele>170.56</ele><time>2024-09-04T13:20:10Z</time></trkpt><trkpt lat="43.39931881" lon="-5.82362791"><ele>170.34</ele><time>2024-09-04T13:20:11Z</time></trkpt><trkpt lat="43.39932492" lon="-5.82364602"><ele>170.23</ele><time>2024-09-04T13:20:12Z</time></trkpt><trkpt lat="43.39933098" lon="-5.82366549"><ele>170.20</ele><time>2024-09-04T13:20:13Z</time></trkpt><trkpt lat="43.39933811" lon="-5.82368591"><ele>170.21</ele><time>2024-09-04T13:20:14Z</time></trkpt><trkpt lat="43.39934590" lon="-5.82370578"><ele>170.23</ele><time>2024-09-04T13:20:15Z</time></trkpt><trkpt lat="43.39935350" lon="-5.82372577"><ele>170.25</ele><time>2024-09-04T13:20:16Z</time></trkpt><trkpt lat="43.39936087" lon="-5.82374582"><ele>170.00</ele><time>2024-09-04T13:20:17Z</time></trkpt><trkpt lat="43.39936752" lon="-5.82376533"><ele>169.84</ele><time>2024-09-04T13:20:18Z</time></trkpt><trkpt lat="43.39937316" lon="-5.82378613"><ele>169.76</ele><time>2024-09-04T13:20:19Z</time></trkpt><trkpt lat="43.39937875" lon="-5.82380777"><ele>169.73</ele><time>2024-09-04T13:20:20Z</time></trkpt><trkpt lat="43.39938386" lon="-5.82382932"><ele>169.74</ele><time>2024-09-04T13:20:21Z</time></trkpt><trkpt lat="43.39938927" lon="-5.82385017"><ele>169.75</ele><time>2024-09-04T13:20:22Z</time></trkpt><trkpt lat="43.39939495" lon="-5.82387161"><ele>170.04</ele><time>2024-09-04T13:20:23Z</time></trkpt><trkpt lat="43.39940081" lon="-5.82389290"><ele>170.23</ele><time>2024-09-04T13:20:24Z</time></trkpt><trkpt lat="43.39940734" lon="-5.82391350"><ele>170.33</ele><time>2024-09-04T13:20:25Z</time></trkpt><trkpt lat="43.39941481" lon="-5.82393421"><ele>170.64</ele><time>2024-09-04T13:20:26Z</time></trkpt><trkpt lat="43.39942282" lon="-5.82395449"><ele>170.82</ele><time>2024-09-04T13:20:27Z</time></trkpt><trkpt lat="43.39943108" lon="-5.82397397"><ele>170.89</ele><time>2024-09-04T13:20:28Z</time></trkpt><trkpt lat="43.39943939" lon="-5.82399462"><ele>170.91</ele><time>2024-09-04T13:20:29Z</time></trkpt><trkpt lat="43.39944657" lon="-5.82401554"><ele>170.89</ele><time>2024-09-04T13:20:30Z</time></trkpt><trkpt lat="43.39945298" lon="-5.82403660"><ele>170.86</ele><time>2024-09-04T13:20:31Z</time></trkpt><trkpt lat="43.39945896" lon="-5.82405771"><ele>170.57</ele><time>2024-09-04T13:20:32Z</time></trkpt><trkpt lat="43.39946529" lon="-5.82407883"><ele>170.37</ele><time>2024-09-04T13:20:33Z</time></trkpt><trkpt lat="43.39947247" lon="-5.82409828"><ele>170.54</ele><time>2024-09-04T13:20:34Z</time></trkpt><trkpt lat="43.39947967" lon="-5.82411666"><ele>170.68</ele><time>2024-09-04T13:20:35Z</time></trkpt><trkpt lat="43.39948628" lon="-5.82413667"><ele>170.76</ele><time>2024-09-04T13:20:36Z</time></trkpt><trkpt lat="43.39949304" lon="-5.82415783"><ele>170.81</ele><time>2024-09-04T13:20:37Z</time></trkpt><trkpt lat="43.39949938" lon="-5.82417806"><ele>170.83</ele><time>2024-09-04T13:20:38Z</time></trkpt><trkpt lat="43.39950600" lon="-5.82419870"><ele>170.83</ele><time>2024-09-04T13:20:39Z</time></trkpt><trkpt lat="43.39951173" lon="-5.82421960"><ele>170.55</ele><time>2024-09-04T13:20:40Z</time></trkpt><trkpt lat="43.39951691" lon="-5.82424064"><ele>170.10</ele><time>2024-09-04T13:20:41Z</time></trkpt><trkpt lat="43.39952289" lon="-5.82426119"><ele>169.83</ele><time>2024-09-04T13:20:42Z</time></trkpt><trkpt lat="43.39952836" lon="-5.82428194"><ele>169.70</ele><time>2024-09-04T13:20:43Z</time></trkpt><trkpt lat="43.39953349" lon="-5.82430175"><ele>169.39</ele><time>2024-09-04T13:20:44Z</time></trkpt><trkpt lat="43.39953900" lon="-5.82432096"><ele>169.23</ele><time>2024-09-04T13:20:45Z</time></trkpt><trkpt lat="43.39954477" lon="-5.82434094"><ele>169.17</ele><time>2024-09-04T13:20:46Z</time></trkpt><trkpt lat="43.39955126" lon="-5.82436040"><ele>169.17</ele><time>2024-09-04T13:20:47Z</time></trkpt><trkpt lat="43.39955819" lon="-5.82437952"><ele>169.47</ele><time>2024-09-04T13:20:48Z</time></trkpt><trkpt lat="43.39956533" lon="-5.82439901"><ele>169.41</ele><time>2024-09-04T13:20:49Z</time></trkpt><trkpt lat="43.39957144" lon="-5.82442042"><ele>169.13</ele><time>2024-09-04T13:20:50Z</time></trkpt><trkpt lat="43.39957631" lon="-5.82444139"><ele>168.96</ele><time>2024-09-04T13:20:51Z</time></trkpt><trkpt lat="43.39958206" lon="-5.82446142"><ele>168.60</ele><time>2024-09-04T13:20:52Z</time></trkpt><trkpt lat="43.39958739" lon="-5.82448134"><ele>168.39</ele><time>2024-09-04T13:20:53Z</time></trkpt><trkpt lat="43.39959300" lon="-5.82450123"><ele>168.02</ele><time>2024-09-04T13:20:54Z</time></trkpt><trkpt lat="43.39959992" lon="-5.82452059"><ele>167.83</ele><time>2024-09-04T13:20:55Z</time></trkpt><trkpt lat="43.39960602" lon="-5.82453962"><ele>167.76</ele><time>2024-09-04T13:20:56Z</time></trkpt><trkpt lat="43.39961261" lon="-5.82455851"><ele>167.48</ele><time>2024-09-04T13:20:57Z</time></trkpt><trkpt lat="43.39961896" lon="-5.82457735"><ele>167.34</ele><time>2024-09-04T13:20:58Z</time></trkpt><trkpt lat="43.39962567" lon="-5.82459511"><ele>167.29</ele><time>2024-09-04T13:20:59Z</time></trkpt><trkpt lat="43.39963261" lon="-5.82461386"><ele>167.29</ele><time>2024-09-04T13:21:00Z</time></trkpt><trkpt lat="43.39963967" lon="-5.82463386"><ele>167.31</ele><time>2024-09-04T13:21:01Z</time></trkpt><trkpt lat="43.39964622" lon="-5.82465520"><ele>167.07</ele><time>2024-09-04T13:21:02Z</time></trkpt><trkpt lat="43.39965242" lon="-5.82467783"><ele>166.92</ele><time>2024-09-04T13:21:03Z</time></trkpt><trkpt lat="43.39965897" lon="-5.82470003"><ele>166.85</ele><time>2024-09-04T13:21:04Z</time></trkpt><trkpt lat="43.39966523" lon="-5.82472124"><ele>166.83</ele><time>2024-09-04T13:21:05Z</time></trkpt><trkpt lat="43.39967184" lon="-5.82474173"><ele>166.83</ele><time>2024-09-04T13:21:06Z</time></trkpt><trkpt lat="43.39967924" lon="-5.82476180"><ele>167.12</ele><time>2024-09-04T13:21:07Z</time></trkpt><trkpt lat="43.39968550" lon="-5.82478166"><ele>167.31</ele><time>2024-09-04T13:21:08Z</time></trkpt><trkpt lat="43.39969151" lon="-5.82480146"><ele>167.42</ele><time>2024-09-04T13:21:09Z</time></trkpt><trkpt lat="43.39969686" lon="-5.82482072"><ele>167.46</ele><time>2024-09-04T13:21:10Z</time></trkpt><trkpt lat="43.39970238" lon="-5.82484023"><ele>167.74</ele><time>2024-09-04T13:21:11Z</time></trkpt><trkpt lat="43.39970863" lon="-5.82485942"><ele>167.90</ele><time>2024-09-04T13:21:12Z</time></trkpt><trkpt lat="43.39971537" lon="-5.82487786"><ele>167.97</ele><time>2024-09-04T13:21:13Z</time></trkpt><trkpt lat="43.39972293" lon="-5.82489588"><ele>167.99</ele><time>2024-09-04T13:21:14Z</time></trkpt><trkpt lat="43.39973041" lon="-5.82491370"><ele>167.98</ele><time>2024-09-04T13:21:15Z</time></trkpt><trkpt lat="43.39973885" lon="-5.82493147"><ele>168.23</ele><time>2024-09-04T13:21:16Z</time></trkpt><trkpt lat="43.39974729" lon="-5.82494927"><ele>168.38</ele><time>2024-09-04T13:21:17Z</time></trkpt><trkpt lat="43.39975564" lon="-5.82496657"><ele>168.45</ele><time>2024-09-04T13:21:18Z</time></trkpt><trkpt lat="43.39976443" lon="-5.82498413"><ele>168.75</ele><time>2024-09-04T13:21:19Z</time></trkpt><trkpt lat="43.39977345" lon="-5.82500191"><ele>168.91</ele><time>2024-09-04T13:21:20Z</time></trkpt><trkpt lat="43.39978312" lon="-5.82501928"><ele>169.20</ele><time>2024-09-04T13:21:21Z</time></trkpt><trkpt lat="43.39979316" lon="-5.82503639"><ele>169.36</ele><time>2024-09-04T13:21:22Z</time></trkpt><trkpt lat="43.39980336" lon="-5.82505335"><ele>169.41</ele><time>2024-09-04T13:21:23Z</time></trkpt><trkpt lat="43.39981358" lon="-5.82507136"><ele>169.42</ele><time>2024-09-04T13:21:24Z</time></trkpt><trkpt lat="43.39982323" lon="-5.82508840"><ele>169.39</ele><time>2024-09-04T13:21:25Z</time></trkpt><trkpt lat="43.39983247" lon="-5.82510534"><ele>169.36</ele><time>2024-09-04T13:21:26Z</time></trkpt><trkpt lat="43.39984312" lon="-5.82512060"><ele>169.61</ele><time>2024-09-04T13:21:27Z</time></trkpt><trkpt lat="43.39985470" lon="-5.82513483"><ele>169.76</ele><time>2024-09-04T13:21:28Z</time></trkpt><trkpt lat="43.39986623" lon="-5.82514909"><ele>170.11</ele><time>2024-09-04T13:21:29Z</time></trkpt><trkpt lat="43.39987764" lon="-5.82516352"><ele>170.31</ele><time>2024-09-04T13:21:30Z</time></trkpt><trkpt lat="43.39988890" lon="-5.82517815"><ele>170.40</ele><time>2024-09-04T13:21:31Z</time></trkpt><trkpt lat="43.39989950" lon="-5.82519405"><ele>170.69</ele><time>2024-09-04T13:21:32Z</time></trkpt><trkpt lat="43.39990966" lon="-5.82520965"><ele>170.85</ele><time>2024-09-04T13:21:33Z</time></trkpt><trkpt lat="43.39992069" lon="-5.82522500"><ele>170.91</ele><time>2024-09-04T13:21:34Z</time></trkpt><trkpt lat="43.39993176" lon="-5.82524071"><ele>170.91</ele><time>2024-09-04T13:21:35Z</time></trkpt><trkpt lat="43.39994285" lon="-5.82525664"><ele>170.89</ele><time>2024-09-04T13:21:36Z</time></trkpt><trkpt lat="43.39995447" lon="-5.82527268"><ele>170.86</ele><time>2024-09-04T13:21:37Z</time></trkpt><trkpt lat="43.39996641" lon="-5.82528822"><ele>171.11</ele><time>2024-09-04T13:21:38Z</time></trkpt><trkpt lat="43.39997851" lon="-5.82530397"><ele>171.26</ele><time>2024-09-04T13:21:39Z</time></trkpt><trkpt lat="43.39999011" lon="-5.82531931"><ele>171.34</ele><time>2024-09-04T13:21:40Z</time></trkpt><trkpt lat="43.40000136" lon="-5.82533495"><ele>171.58</ele><time>2024-09-04T13:21:41Z</time></trkpt><trkpt lat="43.40001185" lon="-5.82535079"><ele>171.72</ele><time>2024-09-04T13:21:42Z</time></trkpt><trkpt lat="43.40002189" lon="-5.82536622"><ele>171.78</ele><time>2024-09-04T13:21:43Z</time></trkpt><trkpt lat="43.40003227" lon="-5.82538192"><ele>171.79</ele><time>2024-09-04T13:21:44Z</time></trkpt><trkpt lat="43.40004293" lon="-5.82539779"><ele>171.77</ele><time>2024-09-04T13:21:45Z</time></trkpt><trkpt lat="43.40005433" lon="-5.82541433"><ele>171.75</ele><time>2024-09-04T13:21:46Z</time></trkpt><trkpt lat="43.40006621" lon="-5.82543071"><ele>171.73</ele><time>2024-09-04T13:21:47Z</time></trkpt><trkpt lat="43.40007723" lon="-5.82544695"><ele>171.50</ele><time>2024-09-04T13:21:48Z</time></trkpt><trkpt lat="43.40008764" lon="-5.82546198"><ele>171.35</ele><time>2024-09-04T13:21:49Z</time></trkpt><trkpt lat="43.40009878" lon="-5.82547623"><ele>171.27</ele><time>2024-09-04T13:21:50Z</time></trkpt><trkpt lat="43.40010990" lon="-5.82548899"><ele>171.24</ele><time>2024-09-04T13:21:51Z</time></trkpt><trkpt lat="43.40012097" lon="-5.82550146"><ele>171.24</ele><time>2024-09-04T13:21:52Z</time></trkpt><trkpt lat="43.40013310" lon="-5.82551500"><ele>171.25</ele><time>2024-09-04T13:21:53Z</time></trkpt><trkpt lat="43.40014426" lon="-5.82552879"><ele>171.49</ele><time>2024-09-04T13:21:54Z</time></trkpt><trkpt lat="43.40015473" lon="-5.82554329"><ele>171.64</ele><time>2024-09-04T13:21:55Z</time></trkpt><trkpt lat="43.40016479" lon="-5.82555766"><ele>171.50</ele><time>2024-09-04T13:21:56Z</time></trkpt><trkpt lat="43.40017519" lon="-5.82557191"><ele>171.40</ele><time>2024-09-04T13:21:57Z</time></trkpt><trkpt lat="43.40018643" lon="-5.82558604"><ele>171.33</ele><time>2024-09-04T13:21:58Z</time></trkpt><trkpt lat="43.40019766" lon="-5.82560063"><ele>171.29</ele><time>2024-09-04T13:21:59Z</time></trkpt><trkpt lat="43.40020938" lon="-5.82561553"><ele>171.28</ele><time>2024-09-04T13:22:00Z</time></trkpt><trkpt lat="43.40022139" lon="-5.82563058"><ele>171.27</ele><time>2024-09-04T13:22:01Z</time></trkpt><trkpt lat="43.40023352" lon="-5.82564515"><ele>171.28</ele><time>2024-09-04T13:22:02Z</time></trkpt><trkpt lat="43.40024514" lon="-5.82565937"><ele>171.50</ele><time>2024-09-04T13:22:03Z</time></trkpt><trkpt lat="43.40025639" lon="-5.82567340"><ele>171.65</ele><time>2024-09-04T13:22:04Z</time></trkpt><trkpt lat="43.40026742" lon="-5.82568623"><ele>172.00</ele><time>2024-09-04T13:22:05Z</time></trkpt><trkpt lat="43.40027780" lon="-5.82569944"><ele>172.20</ele><time>2024-09-04T13:22:06Z</time></trkpt><trkpt lat="43.40028725" lon="-5.82571408"><ele>172.29</ele><time>2024-09-04T13:22:07Z</time></trkpt><trkpt lat="43.40029729" lon="-5.82573020"><ele>172.31</ele><time>2024-09-04T13:22:08Z</time></trkpt><trkpt lat="43.40030779" lon="-5.82574719"><ele>172.30</ele><time>2024-09-04T13:22:09Z</time></trkpt><trkpt lat="43.40031860" lon="-5.82576348"><ele>172.54</ele><time>2024-09-04T13:22:10Z</time></trkpt><trkpt lat="43.40032961" lon="-5.82577972"><ele>172.69</ele><time>2024-09-04T13:22:11Z</time></trkpt><trkpt lat="43.40033960" lon="-5.82579589"><ele>173.03</ele><time>2024-09-04T13:22:12Z</time></trkpt><trkpt lat="43.40035001" lon="-5.82581144"><ele>173.22</ele><time>2024-09-04T13:22:13Z</time></trkpt><trkpt lat="43.40036020" lon="-5.82582769"><ele>173.58</ele><time>2024-09-04T13:22:14Z</time></trkpt><trkpt lat="43.40037024" lon="-5.82584551"><ele>173.98</ele><time>2024-09-04T13:22:15Z</time></trkpt><trkpt lat="43.40038021" lon="-5.82586265"><ele>174.19</ele><time>2024-09-04T13:22:16Z</time></trkpt><trkpt lat="43.40039015" lon="-5.82588034"><ele>174.54</ele><time>2024-09-04T13:22:17Z</time></trkpt><trkpt lat="43.40040009" lon="-5.82589779"><ele>174.71</ele><time>2024-09-04T13:22:18Z</time></trkpt><trkpt lat="43.40041059" lon="-5.82591504"><ele>175.04</ele><time>2024-09-04T13:22:19Z</time></trkpt><trkpt lat="43.40042091" lon="-5.82593160"><ele>175.20</ele><time>2024-09-04T13:22:20Z</time></trkpt><trkpt lat="43.40043052" lon="-5.82594772"><ele>175.25</ele><time>2024-09-04T13:22:21Z</time></trkpt><trkpt lat="43.40044024" lon="-5.82596308"><ele>175.52</ele><time>2024-09-04T13:22:22Z</time></trkpt><trkpt lat="43.40044951" lon="-5.82597911"><ele>175.65</ele><time>2024-09-04T13:22:23Z</time></trkpt><trkpt lat="43.40045743" lon="-5.82599564"><ele>175.98</ele><time>2024-09-04T13:22:24Z</time></trkpt><trkpt lat="43.40046455" lon="-5.82601305"><ele>176.15</ele><time>2024-09-04T13:22:25Z</time></trkpt><trkpt lat="43.40047072" lon="-5.82603153"><ele>176.22</ele><time>2024-09-04T13:22:26Z</time></trkpt><trkpt lat="43.40047644" lon="-5.82604952"><ele>176.44</ele><time>2024-09-04T13:22:27Z</time></trkpt><trkpt lat="43.40048364" lon="-5.82606652"><ele>176.56</ele><time>2024-09-04T13:22:28Z</time></trkpt><trkpt lat="43.40049026" lon="-5.82608287"><ele>176.60</ele><time>2024-09-04T13:22:29Z</time></trkpt><trkpt lat="43.40049703" lon="-5.82609993"><ele>176.87</ele><time>2024-09-04T13:22:30Z</time></trkpt><trkpt lat="43.40050447" lon="-5.82611643"><ele>177.02</ele><time>2024-09-04T13:22:31Z</time></trkpt><trkpt lat="43.40051233" lon="-5.82613256"><ele>177.36</ele><time>2024-09-04T13:22:32Z</time></trkpt><trkpt lat="43.40052150" lon="-5.82614850"><ele>177.54</ele><time>2024-09-04T13:22:33Z</time></trkpt><trkpt lat="43.40053090" lon="-5.82616328"><ele>177.61</ele><time>2024-09-04T13:22:34Z</time></trkpt><trkpt lat="43.40054031" lon="-5.82617736"><ele>177.62</ele><time>2024-09-04T13:22:35Z</time></trkpt><trkpt lat="43.40055019" lon="-5.82619056"><ele>177.88</ele><time>2024-09-04T13:22:36Z</time></trkpt><trkpt lat="43.40056086" lon="-5.82620332"><ele>178.02</ele><time>2024-09-04T13:22:37Z</time></trkpt><trkpt lat="43.40057140" lon="-5.82621593"><ele>178.35</ele><time>2024-09-04T13:22:38Z</time></trkpt><trkpt lat="43.40058287" lon="-5.82622801"><ele>178.53</ele><time>2024-09-04T13:22:39Z</time></trkpt><trkpt lat="43.40059487" lon="-5.82623928"><ele>178.61</ele><time>2024-09-04T13:22:40Z</time></trkpt><trkpt lat="43.40060820" lon="-5.82624904"><ele>178.62</ele><time>2024-09-04T13:22:41Z</time></trkpt><trkpt lat="43.40062174" lon="-5.82625904"><ele>178.60</ele><time>2024-09-04T13:22:42Z</time></trkpt><trkpt lat="43.40063634" lon="-5.82626937"><ele>178.57</ele><time>2024-09-04T13:22:43Z</time></trkpt><trkpt lat="43.40065151" lon="-5.82628053"><ele>178.54</ele><time>2024-09-04T13:22:44Z</time></trkpt><trkpt lat="43.40066582" lon="-5.82629170"><ele>178.52</ele><time>2024-09-04T13:22:45Z</time></trkpt><trkpt lat="43.40067890" lon="-5.82630175"><ele>178.51</ele><time>2024-09-04T13:22:46Z</time></trkpt><trkpt lat="43.40069120" lon="-5.82631161"><ele>178.72</ele><time>2024-09-04T13:22:47Z</time></trkpt><trkpt lat="43.40070308" lon="-5.82632088"><ele>178.85</ele><time>2024-09-04T13:22:48Z</time></trkpt><trkpt lat="43.40071480" lon="-5.82632981"><ele>178.92</ele><time>2024-09-04T13:22:49Z</time></trkpt><trkpt lat="43.40072541" lon="-5.82633970"><ele>178.95</ele><time>2024-09-04T13:22:50Z</time></trkpt><trkpt lat="43.40073484" lon="-5.82635190"><ele>178.95</ele><time>2024-09-04T13:22:51Z</time></trkpt><trkpt lat="43.40074255" lon="-5.82636553"><ele>179.22</ele><time>2024-09-04T13:22:52Z</time></trkpt><trkpt lat="43.40074769" lon="-5.82638098"><ele>179.37</ele><time>2024-09-04T13:22:53Z</time></trkpt><trkpt lat="43.40075088" lon="-5.82639847"><ele>179.45</ele><time>2024-09-04T13:22:54Z</time></trkpt><trkpt lat="43.40075204" lon="-5.82641808"><ele>179.48</ele><time>2024-09-04T13:22:55Z</time></trkpt><trkpt lat="43.40075171" lon="-5.82643874"><ele>179.47</ele><time>2024-09-04T13:22:56Z</time></trkpt><trkpt lat="43.40074913" lon="-5.82645973"><ele>179.73</ele><time>2024-09-04T13:22:57Z</time></trkpt><trkpt lat="43.40074490" lon="-5.82647957"><ele>179.88</ele><time>2024-09-04T13:22:58Z</time></trkpt><trkpt lat="43.40074050" lon="-5.82649741"><ele>179.95</ele><time>2024-09-04T13:22:59Z</time></trkpt><trkpt lat="43.40073634" lon="-5.82651176"><ele>179.70</ele><time>2024-09-04T13:23:00Z</time></trkpt><trkpt lat="43.40073143" lon="-5.82652511"><ele>179.52</ele><time>2024-09-04T13:23:01Z</time></trkpt><trkpt lat="43.40072508" lon="-5.82653870"><ele>179.42</ele><time>2024-09-04T13:23:02Z</time></trkpt><trkpt lat="43.40071574" lon="-5.82655052"><ele>179.64</ele><time>2024-09-04T13:23:03Z</time></trkpt><trkpt lat="43.40070634" lon="-5.82656299"><ele>180.07</ele><time>2024-09-04T13:23:04Z</time></trkpt><trkpt lat="43.40069720" lon="-5.82657772"><ele>180.61</ele><time>2024-09-04T13:23:05Z</time></trkpt><trkpt lat="43.40069007" lon="-5.82659397"><ele>181.19</ele><time>2024-09-04T13:23:06Z</time></trkpt><trkpt lat="43.40068321" lon="-5.82661160"><ele>181.49</ele><time>2024-09-04T13:23:07Z</time></trkpt><trkpt lat="43.40067589" lon="-5.82662940"><ele>181.83</ele><time>2024-09-04T13:23:08Z</time></trkpt><trkpt lat="43.40066823" lon="-5.82664656"><ele>181.98</ele><time>2024-09-04T13:23:09Z</time></trkpt><trkpt lat="43.40066033" lon="-5.82666318"><ele>182.01</ele><time>2024-09-04T13:23:10Z</time></trkpt><trkpt lat="43.40065231" lon="-5.82667942"><ele>181.98</ele><time>2024-09-04T13:23:11Z</time></trkpt><trkpt lat="43.40064314" lon="-5.82669435"><ele>181.92</ele><time>2024-09-04T13:23:12Z</time></trkpt><trkpt lat="43.40063382" lon="-5.82670521"><ele>181.66</ele><time>2024-09-04T13:23:13Z</time></trkpt><trkpt lat="43.40062177" lon="-5.82671033"><ele>181.48</ele><time>2024-09-04T13:23:14Z</time></trkpt><trkpt lat="43.40060697" lon="-5.82671000"><ele>181.11</ele><time>2024-09-04T13:23:15Z</time></trkpt><trkpt lat="43.40059231" lon="-5.82670739"><ele>180.90</ele><time>2024-09-04T13:23:16Z</time></trkpt><trkpt lat="43.40057752" lon="-5.82669971"><ele>180.80</ele><time>2024-09-04T13:23:17Z</time></trkpt><trkpt lat="43.40056393" lon="-5.82668782"><ele>180.78</ele><time>2024-09-04T13:23:18Z</time></trkpt><trkpt lat="43.40055122" lon="-5.82667453"><ele>180.79</ele><time>2024-09-04T13:23:19Z</time></trkpt><trkpt lat="43.40053852" lon="-5.82665947"><ele>181.10</ele><time>2024-09-04T13:23:20Z</time></trkpt><trkpt lat="43.40052521" lon="-5.82664436"><ele>181.30</ele><time>2024-09-04T13:23:21Z</time></trkpt><trkpt lat="43.40051203" lon="-5.82662969"><ele>181.41</ele><time>2024-09-04T13:23:22Z</time></trkpt><trkpt lat="43.40049894" lon="-5.82661503"><ele>181.46</ele><time>2024-09-04T13:23:23Z</time></trkpt><trkpt lat="43.40048536" lon="-5.82660269"><ele>181.47</ele><time>2024-09-04T13:23:24Z</time></trkpt><trkpt lat="43.40047203" lon="-5.82659191"><ele>181.19</ele><time>2024-09-04T13:23:25Z</time></trkpt><trkpt lat="43.40045777" lon="-5.82658255"><ele>181.00</ele><time>2024-09-04T13:23:26Z</time></trkpt><trkpt lat="43.40044350" lon="-5.82657336"><ele>181.16</ele><time>2024-09-04T13:23:27Z</time></trkpt><trkpt lat="43.40042926" lon="-5.82656353"><ele>181.29</ele><time>2024-09-04T13:23:28Z</time></trkpt><trkpt lat="43.40041565" lon="-5.82655425"><ele>181.37</ele><time>2024-09-04T13:23:29Z</time></trkpt><trkpt lat="43.40040190" lon="-5.82654583"><ele>181.14</ele><time>2024-09-04T13:23:30Z</time></trkpt><trkpt lat="43.40038858" lon="-5.82653625"><ele>180.98</ele><time>2024-09-04T13:23:31Z</time></trkpt><trkpt lat="43.40037443" lon="-5.82652366"><ele>180.62</ele><time>2024-09-04T13:23:32Z</time></trkpt><trkpt lat="43.40036191" lon="-5.82650809"><ele>180.14</ele><time>2024-09-04T13:23:33Z</time></trkpt><trkpt lat="43.40034936" lon="-5.82649305"><ele>179.59</ele><time>2024-09-04T13:23:34Z</time></trkpt><trkpt lat="43.40033725" lon="-5.82647869"><ele>179.31</ele><time>2024-09-04T13:23:35Z</time></trkpt><trkpt lat="43.40032536" lon="-5.82646657"><ele>178.92</ele><time>2024-09-04T13:23:36Z</time></trkpt><trkpt lat="43.40031354" lon="-5.82645481"><ele>178.74</ele><time>2024-09-04T13:23:37Z</time></trkpt><trkpt lat="43.40030172" lon="-5.82644318"><ele>178.70</ele><time>2024-09-04T13:23:38Z</time></trkpt><trkpt lat="43.40028877" lon="-5.82643316"><ele>178.72</ele><time>2024-09-04T13:23:39Z</time></trkpt><trkpt lat="43.40027508" lon="-5.82642518"><ele>178.77</ele><time>2024-09-04T13:23:40Z</time></trkpt><trkpt lat="43.40026154" lon="-5.82641724"><ele>178.82</ele><time>2024-09-04T13:23:41Z</time></trkpt><trkpt lat="43.40024818" lon="-5.82640965"><ele>178.86</ele><time>2024-09-04T13:23:42Z</time></trkpt><trkpt lat="43.40023498" lon="-5.82639993"><ele>178.89</ele><time>2024-09-04T13:23:43Z</time></trkpt><trkpt lat="43.40022244" lon="-5.82638768"><ele>178.68</ele><time>2024-09-04T13:23:44Z</time></trkpt><trkpt lat="43.40021031" lon="-5.82637554"><ele>178.55</ele><time>2024-09-04T13:23:45Z</time></trkpt><trkpt lat="43.40019840" lon="-5.82636369"><ele>178.48</ele><time>2024-09-04T13:23:46Z</time></trkpt><trkpt lat="43.40018602" lon="-5.82635326"><ele>178.45</ele><time>2024-09-04T13:23:47Z</time></trkpt><trkpt lat="43.40017330" lon="-5.82634431"><ele>178.45</ele><time>2024-09-04T13:23:48Z</time></trkpt><trkpt lat="43.40015982" lon="-5.82633624"><ele>178.46</ele><time>2024-09-04T13:23:49Z</time></trkpt><trkpt lat="43.40014588" lon="-5.82632913"><ele>178.47</ele><time>2024-09-04T13:23:50Z</time></trkpt><trkpt lat="43.40013445" lon="-5.82632357"><ele>178.48</ele><time>2024-09-04T13:23:51Z</time></trkpt><trkpt lat="43.40012522" lon="-5.82631993"><ele>178.49</ele><time>2024-09-04T13:23:52Z</time></trkpt><trkpt lat="43.40011507" lon="-5.82631510"><ele>178.50</ele><time>2024-09-04T13:23:53Z</time></trkpt><trkpt lat="43.40010411" lon="-5.82630819"><ele>178.23</ele><time>2024-09-04T13:23:54Z</time></trkpt><trkpt lat="43.40009147" lon="-5.82629934"><ele>178.06</ele><time>2024-09-04T13:23:55Z</time></trkpt><trkpt lat="43.40007777" lon="-5.82628881"><ele>177.97</ele><time>2024-09-04T13:23:56Z</time></trkpt><trkpt lat="43.40006298" lon="-5.82627743"><ele>177.93</ele><time>2024-09-04T13:23:57Z</time></trkpt><trkpt lat="43.40004820" lon="-5.82626519"><ele>177.93</ele><time>2024-09-04T13:23:58Z</time></trkpt><trkpt lat="43.40003359" lon="-5.82625426"><ele>178.22</ele><time>2024-09-04T13:23:59Z</time></trkpt><trkpt lat="43.40001919" lon="-5.82624378"><ele>178.41</ele><time>2024-09-04T13:24:00Z</time></trkpt><trkpt lat="43.40000497" lon="-5.82623361"><ele>178.73</ele><time>2024-09-04T13:24:01Z</time></trkpt><trkpt lat="43.39999087" lon="-5.82622416"><ele>178.92</ele><time>2024-09-04T13:24:02Z</time></trkpt><trkpt lat="43.39997795" lon="-5.82621459"><ele>179.00</ele><time>2024-09-04T13:24:03Z</time></trkpt><trkpt lat="43.39996521" lon="-5.82620542"><ele>179.28</ele><time>2024-09-04T13:24:04Z</time></trkpt><trkpt lat="43.39995304" lon="-5.82619537"><ele>179.44</ele><time>2024-09-04T13:24:05Z</time></trkpt><trkpt lat="43.39994008" lon="-5.82618309"><ele>179.50</ele><time>2024-09-04T13:24:06Z</time></trkpt><trkpt lat="43.39992762" lon="-5.82617051"><ele>179.51</ele><time>2024-09-04T13:24:07Z</time></trkpt><trkpt lat="43.39991440" lon="-5.82615848"><ele>179.76</ele><time>2024-09-04T13:24:08Z</time></trkpt><trkpt lat="43.39990067" lon="-5.82614800"><ele>179.91</ele><time>2024-09-04T13:24:09Z</time></trkpt><trkpt lat="43.39988665" lon="-5.82613799"><ele>179.97</ele><time>2024-09-04T13:24:10Z</time></trkpt><trkpt lat="43.39987196" lon="-5.82612875"><ele>179.98</ele><time>2024-09-04T13:24:11Z</time></trkpt><trkpt lat="43.39985798" lon="-5.82611882"><ele>180.25</ele><time>2024-09-04T13:24:12Z</time></trkpt><trkpt lat="43.39984400" lon="-5.82610834"><ele>180.40</ele><time>2024-09-04T13:24:13Z</time></trkpt><trkpt lat="43.39983001" lon="-5.82609805"><ele>180.47</ele><time>2024-09-04T13:24:14Z</time></trkpt><trkpt lat="43.39981601" lon="-5.82608791"><ele>180.76</ele><time>2024-09-04T13:24:15Z</time></trkpt><trkpt lat="43.39980255" lon="-5.82607841"><ele>180.92</ele><time>2024-09-04T13:24:16Z</time></trkpt><trkpt lat="43.39978890" lon="-5.82606986"><ele>180.72</ele><time>2024-09-04T13:24:17Z</time></trkpt><trkpt lat="43.39977344" lon="-5.82606130"><ele>180.28</ele><time>2024-09-04T13:24:18Z</time></trkpt><trkpt lat="43.39975792" lon="-5.82605265"><ele>180.00</ele><time>2024-09-04T13:24:19Z</time></trkpt><trkpt lat="43.39974140" lon="-5.82604279"><ele>179.86</ele><time>2024-09-04T13:24:20Z</time></trkpt><trkpt lat="43.39972541" lon="-5.82603214"><ele>179.53</ele><time>2024-09-04T13:24:21Z</time></trkpt><trkpt lat="43.39970933" lon="-5.82602160"><ele>179.35</ele><time>2024-09-04T13:24:22Z</time></trkpt><trkpt lat="43.39969377" lon="-5.82601068"><ele>179.28</ele><time>2024-09-04T13:24:23Z</time></trkpt><trkpt lat="43.39967911" lon="-5.82600067"><ele>179.27</ele><time>2024-09-04T13:24:24Z</time></trkpt><trkpt lat="43.39966391" lon="-5.82599018"><ele>179.30</ele><time>2024-09-04T13:24:25Z</time></trkpt><trkpt lat="43.39964938" lon="-5.82597993"><ele>179.33</ele><time>2024-09-04T13:24:26Z</time></trkpt><trkpt lat="43.39963582" lon="-5.82597037"><ele>179.09</ele><time>2024-09-04T13:24:27Z</time></trkpt><trkpt lat="43.39962173" lon="-5.82596180"><ele>178.94</ele><time>2024-09-04T13:24:28Z</time></trkpt><trkpt lat="43.39960665" lon="-5.82595325"><ele>178.37</ele><time>2024-09-04T13:24:29Z</time></trkpt><trkpt lat="43.39959038" lon="-5.82594297"><ele>178.03</ele><time>2024-09-04T13:24:30Z</time></trkpt><trkpt lat="43.39957451" lon="-5.82593264"><ele>177.60</ele><time>2024-09-04T13:24:31Z</time></trkpt><trkpt lat="43.39955901" lon="-5.82592181"><ele>177.38</ele><time>2024-09-04T13:24:32Z</time></trkpt><trkpt lat="43.39954323" lon="-5.82591126"><ele>177.31</ele><time>2024-09-04T13:24:33Z</time></trkpt><trkpt lat="43.39952674" lon="-5.82590041"><ele>177.04</ele><time>2024-09-04T13:24:34Z</time></trkpt><trkpt lat="43.39951090" lon="-5.82588939"><ele>176.91</ele><time>2024-09-04T13:24:35Z</time></trkpt><trkpt lat="43.39949554" lon="-5.82587830"><ele>176.87</ele><time>2024-09-04T13:24:36Z</time></trkpt><trkpt lat="43.39948157" lon="-5.82586610"><ele>176.88</ele><time>2024-09-04T13:24:37Z</time></trkpt><trkpt lat="43.39946843" lon="-5.82585378"><ele>176.64</ele><time>2024-09-04T13:24:38Z</time></trkpt><trkpt lat="43.39945461" lon="-5.82584256"><ele>176.50</ele><time>2024-09-04T13:24:39Z</time></trkpt><trkpt lat="43.39944078" lon="-5.82583319"><ele>176.22</ele><time>2024-09-04T13:24:40Z</time></trkpt><trkpt lat="43.39942581" lon="-5.82582605"><ele>176.06</ele><time>2024-09-04T13:24:41Z</time></trkpt><trkpt lat="43.39940956" lon="-5.82581743"><ele>175.73</ele><time>2024-09-04T13:24:42Z</time></trkpt><trkpt lat="43.39939311" lon="-5.82580818"><ele>175.55</ele><time>2024-09-04T13:24:43Z</time></trkpt><trkpt lat="43.39937667" lon="-5.82579793"><ele>175.21</ele><time>2024-09-04T13:24:44Z</time></trkpt><trkpt lat="43.39936088" lon="-5.82578762"><ele>175.03</ele><time>2024-09-04T13:24:45Z</time></trkpt><trkpt lat="43.39934554" lon="-5.82577680"><ele>174.96</ele><time>2024-09-04T13:24:46Z</time></trkpt><trkpt lat="43.39933103" lon="-5.82576626"><ele>174.96</ele><time>2024-09-04T13:24:47Z</time></trkpt><trkpt lat="43.39931646" lon="-5.82575596"><ele>174.99</ele><time>2024-09-04T13:24:48Z</time></trkpt><trkpt lat="43.39930232" lon="-5.82574638"><ele>174.75</ele><time>2024-09-04T13:24:49Z</time></trkpt><trkpt lat="43.39928840" lon="-5.82573779"><ele>174.61</ele><time>2024-09-04T13:24:50Z</time></trkpt><trkpt lat="43.39927402" lon="-5.82572978"><ele>174.27</ele><time>2024-09-04T13:24:51Z</time></trkpt><trkpt lat="43.39925984" lon="-5.82572095"><ele>174.08</ele><time>2024-09-04T13:24:52Z</time></trkpt><trkpt lat="43.39924634" lon="-5.82571149"><ele>173.78</ele><time>2024-09-04T13:24:53Z</time></trkpt><trkpt lat="43.39923216" lon="-5.82570053"><ele>173.63</ele><time>2024-09-04T13:24:54Z</time></trkpt><trkpt lat="43.39921805" lon="-5.82568923"><ele>173.57</ele><time>2024-09-04T13:24:55Z</time></trkpt><trkpt lat="43.39920344" lon="-5.82567947"><ele>173.58</ele><time>2024-09-04T13:24:56Z</time></trkpt><trkpt lat="43.39918688" lon="-5.82566914"><ele>173.60</ele><time>2024-09-04T13:24:57Z</time></trkpt><trkpt lat="43.39917242" lon="-5.82565897"><ele>173.64</ele><time>2024-09-04T13:24:58Z</time></trkpt><trkpt lat="43.39915887" lon="-5.82564780"><ele>173.66</ele><time>2024-09-04T13:24:59Z</time></trkpt><trkpt lat="43.39914532" lon="-5.82563655"><ele>173.69</ele><time>2024-09-04T13:25:00Z</time></trkpt><trkpt lat="43.39913222" lon="-5.82562642"><ele>173.42</ele><time>2024-09-04T13:25:01Z</time></trkpt><trkpt lat="43.39911879" lon="-5.82561703"><ele>173.26</ele><time>2024-09-04T13:25:02Z</time></trkpt><trkpt lat="43.39910509" lon="-5.82560751"><ele>173.17</ele><time>2024-09-04T13:25:03Z</time></trkpt><trkpt lat="43.39909176" lon="-5.82559729"><ele>172.86</ele><time>2024-09-04T13:25:04Z</time></trkpt><trkpt lat="43.39907702" lon="-5.82558603"><ele>172.69</ele><time>2024-09-04T13:25:05Z</time></trkpt><trkpt lat="43.39906137" lon="-5.82557470"><ele>172.61</ele><time>2024-09-04T13:25:06Z</time></trkpt><trkpt lat="43.39904524" lon="-5.82556394"><ele>172.60</ele><time>2024-09-04T13:25:07Z</time></trkpt><trkpt lat="43.39902946" lon="-5.82555307"><ele>172.61</ele><time>2024-09-04T13:25:08Z</time></trkpt><trkpt lat="43.39901347" lon="-5.82554320"><ele>172.36</ele><time>2024-09-04T13:25:09Z</time></trkpt><trkpt lat="43.39899846" lon="-5.82553343"><ele>172.22</ele><time>2024-09-04T13:25:10Z</time></trkpt><trkpt lat="43.39898357" lon="-5.82552311"><ele>172.15</ele><time>2024-09-04T13:25:11Z</time></trkpt><trkpt lat="43.39896981" lon="-5.82551349"><ele>172.13</ele><time>2024-09-04T13:25:12Z</time></trkpt><trkpt lat="43.39895671" lon="-5.82550213"><ele>172.13</ele><time>2024-09-04T13:25:13Z</time></trkpt><trkpt lat="43.39894395" lon="-5.82549073"><ele>172.15</ele><time>2024-09-04T13:25:14Z</time></trkpt><trkpt lat="43.39893128" lon="-5.82548048"><ele>171.90</ele><time>2024-09-04T13:25:15Z</time></trkpt><trkpt lat="43.39891749" lon="-5.82547048"><ele>171.74</ele><time>2024-09-04T13:25:16Z</time></trkpt><trkpt lat="43.39890239" lon="-5.82546168"><ele>171.66</ele><time>2024-09-04T13:25:17Z</time></trkpt><trkpt lat="43.39888705" lon="-5.82545306"><ele>171.63</ele><time>2024-09-04T13:25:18Z</time></trkpt><trkpt lat="43.39887112" lon="-5.82544443"><ele>171.63</ele><time>2024-09-04T13:25:19Z</time></trkpt><trkpt lat="43.39885710" lon="-5.82543845"><ele>171.65</ele><time>2024-09-04T13:25:20Z</time></trkpt><trkpt lat="43.39884602" lon="-5.82543300"><ele>171.67</ele><time>2024-09-04T13:25:21Z</time></trkpt><trkpt lat="43.39883561" lon="-5.82542713"><ele>171.68</ele><time>2024-09-04T13:25:22Z</time></trkpt><trkpt lat="43.39882430" lon="-5.82541864"><ele>171.69</ele><time>2024-09-04T13:25:23Z</time></trkpt><trkpt lat="43.39881385" lon="-5.82540898"><ele>171.97</ele><time>2024-09-04T13:25:24Z</time></trkpt><trkpt lat="43.39880280" lon="-5.82539871"><ele>172.15</ele><time>2024-09-04T13:25:25Z</time></trkpt><trkpt lat="43.39879018" lon="-5.82538768"><ele>172.51</ele><time>2024-09-04T13:25:26Z</time></trkpt><trkpt lat="43.39877601" lon="-5.82537631"><ele>172.72</ele><time>2024-09-04T13:25:27Z</time></trkpt><trkpt lat="43.39876096" lon="-5.82536540"><ele>173.08</ele><time>2024-09-04T13:25:28Z</time></trkpt><trkpt lat="43.39874606" lon="-5.82535436"><ele>173.27</ele><time>2024-09-04T13:25:29Z</time></trkpt><trkpt lat="43.39873088" lon="-5.82534381"><ele>173.34</ele><time>2024-09-04T13:25:30Z</time></trkpt><trkpt lat="43.39871562" lon="-5.82533415"><ele>173.34</ele><time>2024-09-04T13:25:31Z</time></trkpt><trkpt lat="43.39869982" lon="-5.82532558"><ele>173.31</ele><time>2024-09-04T13:25:32Z</time></trkpt><trkpt lat="43.39868428" lon="-5.82531707"><ele>173.55</ele><time>2024-09-04T13:25:33Z</time></trkpt><trkpt lat="43.39866952" lon="-5.82530850"><ele>173.69</ele><time>2024-09-04T13:25:34Z</time></trkpt><trkpt lat="43.39865637" lon="-5.82530034"><ele>173.75</ele><time>2024-09-04T13:25:35Z</time></trkpt><trkpt lat="43.39864311" lon="-5.82529132"><ele>173.99</ele><time>2024-09-04T13:25:36Z</time></trkpt><trkpt lat="43.39862963" lon="-5.82528279"><ele>174.12</ele><time>2024-09-04T13:25:37Z</time></trkpt><trkpt lat="43.39861595" lon="-5.82527459"><ele>174.18</ele><time>2024-09-04T13:25:38Z</time></trkpt><trkpt lat="43.39860265" lon="-5.82526495"><ele>174.18</ele><time>2024-09-04T13:25:39Z</time></trkpt><trkpt lat="43.39858959" lon="-5.82525437"><ele>174.17</ele><time>2024-09-04T13:25:40Z</time></trkpt><trkpt lat="43.39857610" lon="-5.82524435"><ele>174.15</ele><time>2024-09-04T13:25:41Z</time></trkpt><trkpt lat="43.39856286" lon="-5.82523537"><ele>174.13</ele><time>2024-09-04T13:25:42Z</time></trkpt><trkpt lat="43.39854923" lon="-5.82522705"><ele>174.11</ele><time>2024-09-04T13:25:43Z</time></trkpt><trkpt lat="43.39853481" lon="-5.82522021"><ele>174.10</ele><time>2024-09-04T13:25:44Z</time></trkpt><trkpt lat="43.39852044" lon="-5.82521256"><ele>174.10</ele><time>2024-09-04T13:25:45Z</time></trkpt><trkpt lat="43.39850673" lon="-5.82520482"><ele>174.10</ele><time>2024-09-04T13:25:46Z</time></trkpt><trkpt lat="43.39849401" lon="-5.82519752"><ele>174.10</ele><time>2024-09-04T13:25:47Z</time></trkpt><trkpt lat="43.39848080" lon="-5.82518885"><ele>174.10</ele><time>2024-09-04T13:25:48Z</time></trkpt><trkpt lat="43.39846775" lon="-5.82517927"><ele>174.10</ele><time>2024-09-04T13:25:49Z</time></trkpt><trkpt lat="43.39845532" lon="-5.82517028"><ele>174.10</ele><time>2024-09-04T13:25:50Z</time></trkpt><trkpt lat="43.39844328" lon="-5.82516178"><ele>174.10</ele><time>2024-09-04T13:25:51Z</time></trkpt><trkpt lat="43.39843032" lon="-5.82515359"><ele>174.37</ele><time>2024-09-04T13:25:52Z</time></trkpt><trkpt lat="43.39841727" lon="-5.82514505"><ele>174.55</ele><time>2024-09-04T13:25:53Z</time></trkpt><trkpt lat="43.39840473" lon="-5.82513734"><ele>174.64</ele><time>2024-09-04T13:25:54Z</time></trkpt><trkpt lat="43.39839200" lon="-5.82512797"><ele>174.94</ele><time>2024-09-04T13:25:55Z</time></trkpt><trkpt lat="43.39837912" lon="-5.82511969"><ele>175.11</ele><time>2024-09-04T13:25:56Z</time></trkpt><trkpt lat="43.39836615" lon="-5.82511218"><ele>175.19</ele><time>2024-09-04T13:25:57Z</time></trkpt><trkpt lat="43.39835313" lon="-5.82510457"><ele>175.48</ele><time>2024-09-04T13:25:58Z</time></trkpt><trkpt lat="43.39834064" lon="-5.82509630"><ele>175.91</ele><time>2024-09-04T13:25:59Z</time></trkpt><trkpt lat="43.39832686" lon="-5.82508702"><ele>176.14</ele><time>2024-09-04T13:26:00Z</time></trkpt><trkpt lat="43.39831277" lon="-5.82507767"><ele>176.46</ele><time>2024-09-04T13:26:01Z</time></trkpt><trkpt lat="43.39829802" lon="-5.82506837"><ele>176.61</ele><time>2024-09-04T13:26:02Z</time></trkpt><trkpt lat="43.39828346" lon="-5.82505970"><ele>176.66</ele><time>2024-09-04T13:26:03Z</time></trkpt><trkpt lat="43.39826911" lon="-5.82505201"><ele>176.64</ele><time>2024-09-04T13:26:04Z</time></trkpt><trkpt lat="43.39825602" lon="-5.82504545"><ele>176.61</ele><time>2024-09-04T13:26:05Z</time></trkpt><trkpt lat="43.39824264" lon="-5.82504062"><ele>176.57</ele><time>2024-09-04T13:26:06Z</time></trkpt><trkpt lat="43.39822955" lon="-5.82503675"><ele>176.81</ele><time>2024-09-04T13:26:07Z</time></trkpt><trkpt lat="43.39821660" lon="-5.82503329"><ele>176.96</ele><time>2024-09-04T13:26:08Z</time></trkpt><trkpt lat="43.39820480" lon="-5.82502826"><ele>177.31</ele><time>2024-09-04T13:26:09Z</time></trkpt><trkpt lat="43.39819260" lon="-5.82502319"><ele>177.78</ele><time>2024-09-04T13:26:10Z</time></trkpt><trkpt lat="43.39818060" lon="-5.82501757"><ele>178.32</ele><time>2024-09-04T13:26:11Z</time></trkpt><trkpt lat="43.39816868" lon="-5.82501381"><ele>178.60</ele><time>2024-09-04T13:26:12Z</time></trkpt><trkpt lat="43.39816170" lon="-5.82501235"><ele>178.92</ele><time>2024-09-04T13:26:13Z</time></trkpt><trkpt lat="43.39816054" lon="-5.82501062"><ele>179.07</ele><time>2024-09-04T13:26:14Z</time></trkpt><trkpt lat="43.39816434" lon="-5.82500903"><ele>179.10</ele><time>2024-09-04T13:26:15Z</time></trkpt><trkpt lat="43.39817173" lon="-5.82500852"><ele>179.07</ele><time>2024-09-04T13:26:16Z</time></trkpt><trkpt lat="43.39817684" lon="-5.82500969"><ele>179.29</ele><time>2024-09-04T13:26:17Z</time></trkpt><trkpt lat="43.39817765" lon="-5.82501072"><ele>179.42</ele><time>2024-09-04T13:26:18Z</time></trkpt><trkpt lat="43.39817330" lon="-5.82500818"><ele>179.47</ele><time>2024-09-04T13:26:19Z</time></trkpt><trkpt lat="43.39816473" lon="-5.82500438"><ele>179.48</ele><time>2024-09-04T13:26:20Z</time></trkpt><trkpt lat="43.39815340" lon="-5.82500051"><ele>179.74</ele><time>2024-09-04T13:26:21Z</time></trkpt><trkpt lat="43.39814089" lon="-5.82499898"><ele>179.89</ele><time>2024-09-04T13:26:22Z</time></trkpt><trkpt lat="43.39812707" lon="-5.82499905"><ele>179.96</ele><time>2024-09-04T13:26:23Z</time></trkpt><trkpt lat="43.39811338" lon="-5.82500004"><ele>179.98</ele><time>2024-09-04T13:26:24Z</time></trkpt><trkpt lat="43.39809955" lon="-5.82500145"><ele>179.97</ele><time>2024-09-04T13:26:25Z</time></trkpt><trkpt lat="43.39808585" lon="-5.82500461"><ele>179.95</ele><time>2024-09-04T13:26:26Z</time></trkpt><trkpt lat="43.39807290" lon="-5.82500764"><ele>179.93</ele><time>2024-09-04T13:26:27Z</time></trkpt><trkpt lat="43.39805994" lon="-5.82500986"><ele>179.92</ele><time>2024-09-04T13:26:28Z</time></trkpt><trkpt lat="43.39804588" lon="-5.82501253"><ele>180.18</ele><time>2024-09-04T13:26:29Z</time></trkpt><trkpt lat="43.39803112" lon="-5.82501657"><ele>180.35</ele><time>2024-09-04T13:26:30Z</time></trkpt><trkpt lat="43.39801654" lon="-5.82501980"><ele>180.71</ele><time>2024-09-04T13:26:31Z</time></trkpt><trkpt lat="43.39800216" lon="-5.82502186"><ele>180.91</ele><time>2024-09-04T13:26:32Z</time></trkpt><trkpt lat="43.39798795" lon="-5.82502479"><ele>181.27</ele><time>2024-09-04T13:26:33Z</time></trkpt><trkpt lat="43.39797441" lon="-5.82502726"><ele>181.47</ele><time>2024-09-04T13:26:34Z</time></trkpt><trkpt lat="43.39795966" lon="-5.82502996"><ele>181.54</ele><time>2024-09-04T13:26:35Z</time></trkpt><trkpt lat="43.39794463" lon="-5.82503229"><ele>181.54</ele><time>2024-09-04T13:26:36Z</time></trkpt><trkpt lat="43.39793003" lon="-5.82503492"><ele>181.51</ele><time>2024-09-04T13:26:37Z</time></trkpt><trkpt lat="43.39791629" lon="-5.82503777"><ele>181.48</ele><time>2024-09-04T13:26:38Z</time></trkpt><trkpt lat="43.39790202" lon="-5.82503966"><ele>181.44</ele><time>2024-09-04T13:26:39Z</time></trkpt><trkpt lat="43.39788898" lon="-5.82504092"><ele>181.42</ele><time>2024-09-04T13:26:40Z</time></trkpt><trkpt lat="43.39787564" lon="-5.82504239"><ele>181.40</ele><time>2024-09-04T13:26:41Z</time></trkpt><trkpt lat="43.39786201" lon="-5.82504407"><ele>181.40</ele><time>2024-09-04T13:26:42Z</time></trkpt><trkpt lat="43.39784872" lon="-5.82504645"><ele>181.61</ele><time>2024-09-04T13:26:43Z</time></trkpt><trkpt lat="43.39783511" lon="-5.82505038"><ele>181.75</ele><time>2024-09-04T13:26:44Z</time></trkpt><trkpt lat="43.39782126" lon="-5.82505579"><ele>182.10</ele><time>2024-09-04T13:26:45Z</time></trkpt><trkpt lat="43.39780727" lon="-5.82506090"><ele>182.30</ele><time>2024-09-04T13:26:46Z</time></trkpt><trkpt lat="43.39779267" lon="-5.82506618"><ele>182.39</ele><time>2024-09-04T13:26:47Z</time></trkpt><trkpt lat="43.39777717" lon="-5.82507148"><ele>182.41</ele><time>2024-09-04T13:26:48Z</time></trkpt><trkpt lat="43.39776169" lon="-5.82507619"><ele>182.12</ele><time>2024-09-04T13:26:49Z</time></trkpt><trkpt lat="43.39774687" lon="-5.82508156"><ele>181.93</ele><time>2024-09-04T13:26:50Z</time></trkpt><trkpt lat="43.39773307" lon="-5.82508682"><ele>181.81</ele><time>2024-09-04T13:26:51Z</time></trkpt><trkpt lat="43.39771936" lon="-5.82509252"><ele>181.75</ele><time>2024-09-04T13:26:52Z</time></trkpt><trkpt lat="43.39770618" lon="-5.82509904"><ele>181.74</ele><time>2024-09-04T13:26:53Z</time></trkpt><trkpt lat="43.39769217" lon="-5.82510711"><ele>182.02</ele><time>2024-09-04T13:26:54Z</time></trkpt><trkpt lat="43.39767759" lon="-5.82511555"><ele>182.20</ele><time>2024-09-04T13:26:55Z</time></trkpt><trkpt lat="43.39766320" lon="-5.82512406"><ele>182.58</ele><time>2024-09-04T13:26:56Z</time></trkpt><trkpt lat="43.39764953" lon="-5.82513303"><ele>182.80</ele><time>2024-09-04T13:26:57Z</time></trkpt><trkpt lat="43.39763523" lon="-5.82514168"><ele>182.90</ele><time>2024-09-04T13:26:58Z</time></trkpt><trkpt lat="43.39762214" lon="-5.82515168"><ele>182.65</ele><time>2024-09-04T13:26:59Z</time></trkpt><trkpt lat="43.39760873" lon="-5.82516196"><ele>182.74</ele><time>2024-09-04T13:27:00Z</time></trkpt><trkpt lat="43.39759615" lon="-5.82517122"><ele>182.79</ele><time>2024-09-04T13:27:01Z</time></trkpt><trkpt lat="43.39758298" lon="-5.82518029"><ele>182.81</ele><time>2024-09-04T13:27:02Z</time></trkpt><trkpt lat="43.39756990" lon="-5.82518871"><ele>182.82</ele><time>2024-09-04T13:27:03Z</time></trkpt><trkpt lat="43.39755689" lon="-5.82519621"><ele>182.82</ele><time>2024-09-04T13:27:04Z</time></trkpt><trkpt lat="43.39754391" lon="-5.82520536"><ele>182.82</ele><time>2024-09-04T13:27:05Z</time></trkpt><trkpt lat="43.39753039" lon="-5.82521456"><ele>182.81</ele><time>2024-09-04T13:27:06Z</time></trkpt><trkpt lat="43.39751652" lon="-5.82522484"><ele>183.08</ele><time>2024-09-04T13:27:07Z</time></trkpt><trkpt lat="43.39750302" lon="-5.82523467"><ele>183.25</ele><time>2024-09-04T13:27:08Z</time></trkpt><trkpt lat="43.39748869" lon="-5.82524466"><ele>183.34</ele><time>2024-09-04T13:27:09Z</time></trkpt><trkpt lat="43.39747385" lon="-5.82525418"><ele>183.37</ele><time>2024-09-04T13:27:10Z</time></trkpt><trkpt lat="43.39745874" lon="-5.82526174"><ele>183.37</ele><time>2024-09-04T13:27:11Z</time></trkpt><trkpt lat="43.39744353" lon="-5.82526699"><ele>183.35</ele><time>2024-09-04T13:27:12Z</time></trkpt><trkpt lat="43.39742833" lon="-5.82527255"><ele>183.34</ele><time>2024-09-04T13:27:13Z</time></trkpt><trkpt lat="43.39741371" lon="-5.82527912"><ele>183.32</ele><time>2024-09-04T13:27:14Z</time></trkpt><trkpt lat="43.39739894" lon="-5.82528753"><ele>183.31</ele><time>2024-09-04T13:27:15Z</time></trkpt><trkpt lat="43.39738461" lon="-5.82529713"><ele>183.30</ele><time>2024-09-04T13:27:16Z</time></trkpt><trkpt lat="43.39736999" lon="-5.82530843"><ele>183.30</ele><time>2024-09-04T13:27:17Z</time></trkpt><trkpt lat="43.39735626" lon="-5.82532012"><ele>183.57</ele><time>2024-09-04T13:27:18Z</time></trkpt><trkpt lat="43.39734254" lon="-5.82533129"><ele>183.74</ele><time>2024-09-04T13:27:19Z</time></trkpt><trkpt lat="43.39732767" lon="-5.82534087"><ele>183.83</ele><time>2024-09-04T13:27:20Z</time></trkpt><trkpt lat="43.39731314" lon="-5.82534886"><ele>183.87</ele><time>2024-09-04T13:27:21Z</time></trkpt><trkpt lat="43.39729832" lon="-5.82535701"><ele>184.09</ele><time>2024-09-04T13:27:22Z</time></trkpt><trkpt lat="43.39728279" lon="-5.82536540"><ele>184.21</ele><time>2024-09-04T13:27:23Z</time></trkpt><trkpt lat="43.39726738" lon="-5.82537295"><ele>184.26</ele><time>2024-09-04T13:27:24Z</time></trkpt><trkpt lat="43.39725156" lon="-5.82538109"><ele>184.06</ele><time>2024-09-04T13:27:25Z</time></trkpt><trkpt lat="43.39723498" lon="-5.82538913"><ele>184.13</ele><time>2024-09-04T13:27:26Z</time></trkpt><trkpt lat="43.39721796" lon="-5.82539658"><ele>184.17</ele><time>2024-09-04T13:27:27Z</time></trkpt><trkpt lat="43.39720130" lon="-5.82540420"><ele>184.20</ele><time>2024-09-04T13:27:28Z</time></trkpt><trkpt lat="43.39718438" lon="-5.82541090"><ele>184.21</ele><time>2024-09-04T13:27:29Z</time></trkpt><trkpt lat="43.39716789" lon="-5.82541648"><ele>184.22</ele><time>2024-09-04T13:27:30Z</time></trkpt><trkpt lat="43.39715169" lon="-5.82542033"><ele>184.21</ele><time>2024-09-04T13:27:31Z</time></trkpt><trkpt lat="43.39713621" lon="-5.82542268"><ele>183.99</ele><time>2024-09-04T13:27:32Z</time></trkpt><trkpt lat="43.39712116" lon="-5.82542536"><ele>183.85</ele><time>2024-09-04T13:27:33Z</time></trkpt><trkpt lat="43.39710632" lon="-5.82542847"><ele>183.77</ele><time>2024-09-04T13:27:34Z</time></trkpt><trkpt lat="43.39709099" lon="-5.82543142"><ele>183.47</ele><time>2024-09-04T13:27:35Z</time></trkpt><trkpt lat="43.39707584" lon="-5.82543431"><ele>183.30</ele><time>2024-09-04T13:27:36Z</time></trkpt><trkpt lat="43.39706135" lon="-5.82543610"><ele>183.22</ele><time>2024-09-04T13:27:37Z</time></trkpt><trkpt lat="43.39704618" lon="-5.82543777"><ele>183.20</ele><time>2024-09-04T13:27:38Z</time></trkpt><trkpt lat="43.39703106" lon="-5.82543891"><ele>183.49</ele><time>2024-09-04T13:27:39Z</time></trkpt><trkpt lat="43.39701654" lon="-5.82543923"><ele>183.68</ele><time>2024-09-04T13:27:40Z</time></trkpt><trkpt lat="43.39700186" lon="-5.82543912"><ele>184.02</ele><time>2024-09-04T13:27:41Z</time></trkpt><trkpt lat="43.39698812" lon="-5.82543828"><ele>184.21</ele><time>2024-09-04T13:27:42Z</time></trkpt><trkpt lat="43.39697388" lon="-5.82543654"><ele>184.29</ele><time>2024-09-04T13:27:43Z</time></trkpt><trkpt lat="43.39695980" lon="-5.82543542"><ele>184.58</ele><time>2024-09-04T13:27:44Z</time></trkpt><trkpt lat="43.39694526" lon="-5.82543591"><ele>184.74</ele><time>2024-09-04T13:27:45Z</time></trkpt><trkpt lat="43.39693096" lon="-5.82543855"><ele>185.08</ele><time>2024-09-04T13:27:46Z</time></trkpt><trkpt lat="43.39691683" lon="-5.82544137"><ele>185.26</ele><time>2024-09-04T13:27:47Z</time></trkpt><trkpt lat="43.39690281" lon="-5.82544463"><ele>185.60</ele><time>2024-09-04T13:27:48Z</time></trkpt><trkpt lat="43.39688884" lon="-5.82544640"><ele>185.99</ele><time>2024-09-04T13:27:49Z</time></trkpt><trkpt lat="43.39687489" lon="-5.82544657"><ele>186.47</ele><time>2024-09-04T13:27:50Z</time></trkpt><trkpt lat="43.39686093" lon="-5.82544577"><ele>186.71</ele><time>2024-09-04T13:27:51Z</time></trkpt><trkpt lat="43.39684751" lon="-5.82544448"><ele>187.07</ele><time>2024-09-04T13:27:52Z</time></trkpt><trkpt lat="43.39683443" lon="-5.82544413"><ele>187.51</ele><time>2024-09-04T13:27:53Z</time></trkpt><trkpt lat="43.39682151" lon="-5.82544449"><ele>187.73</ele><time>2024-09-04T13:27:54Z</time></trkpt><trkpt lat="43.39680865" lon="-5.82544640"><ele>188.08</ele><time>2024-09-04T13:27:55Z</time></trkpt><trkpt lat="43.39679634" lon="-5.82544924"><ele>187.97</ele><time>2024-09-04T13:27:56Z</time></trkpt><trkpt lat="43.39678215" lon="-5.82545255"><ele>187.84</ele><time>2024-09-04T13:27:57Z</time></trkpt><trkpt lat="43.39676727" lon="-5.82545654"><ele>187.73</ele><time>2024-09-04T13:27:58Z</time></trkpt><trkpt lat="43.39675261" lon="-5.82545976"><ele>187.65</ele><time>2024-09-04T13:27:59Z</time></trkpt><trkpt lat="43.39673817" lon="-5.82546236"><ele>187.88</ele><time>2024-09-04T13:28:00Z</time></trkpt><trkpt lat="43.39672449" lon="-5.82546510"><ele>188.03</ele><time>2024-09-04T13:28:01Z</time></trkpt><trkpt lat="43.39671074" lon="-5.82546851"><ele>188.11</ele><time>2024-09-04T13:28:02Z</time></trkpt><trkpt lat="43.39669745" lon="-5.82547180"><ele>188.15</ele><time>2024-09-04T13:28:03Z</time></trkpt><trkpt lat="43.39668444" lon="-5.82547443"><ele>188.43</ele><time>2024-09-04T13:28:04Z</time></trkpt><trkpt lat="43.39667101" lon="-5.82547608"><ele>188.81</ele><time>2024-09-04T13:28:05Z</time></trkpt><trkpt lat="43.39665726" lon="-5.82547659"><ele>189.02</ele><time>2024-09-04T13:28:06Z</time></trkpt><trkpt lat="43.39664332" lon="-5.82547704"><ele>189.39</ele><time>2024-09-04T13:28:07Z</time></trkpt><trkpt lat="43.39662874" lon="-5.82547811"><ele>189.58</ele><time>2024-09-04T13:28:08Z</time></trkpt><trkpt lat="43.39661322" lon="-5.82548076"><ele>189.92</ele><time>2024-09-04T13:28:09Z</time></trkpt><trkpt lat="43.39659554" lon="-5.82548441"><ele>190.09</ele><time>2024-09-04T13:28:10Z</time></trkpt><trkpt lat="43.39657769" lon="-5.82548804"><ele>190.15</ele><time>2024-09-04T13:28:11Z</time></trkpt><trkpt lat="43.39656104" lon="-5.82548990"><ele>190.42</ele><time>2024-09-04T13:28:12Z</time></trkpt><trkpt lat="43.39654473" lon="-5.82548891"><ele>190.56</ele><time>2024-09-04T13:28:13Z</time></trkpt><trkpt lat="43.39652920" lon="-5.82548456"><ele>190.61</ele><time>2024-09-04T13:28:14Z</time></trkpt><trkpt lat="43.39651522" lon="-5.82547780"><ele>190.88</ele><time>2024-09-04T13:28:15Z</time></trkpt><trkpt lat="43.39650161" lon="-5.82547316"><ele>191.03</ele><time>2024-09-04T13:28:16Z</time></trkpt><trkpt lat="43.39648808" lon="-5.82547081"><ele>191.09</ele><time>2024-09-04T13:28:17Z</time></trkpt><trkpt lat="43.39647340" lon="-5.82546835"><ele>191.10</ele><time>2024-09-04T13:28:18Z</time></trkpt><trkpt lat="43.39645791" lon="-5.82546793"><ele>190.81</ele><time>2024-09-04T13:28:19Z</time></trkpt><trkpt lat="43.39644304" lon="-5.82546872"><ele>190.61</ele><time>2024-09-04T13:28:20Z</time></trkpt><trkpt lat="43.39642864" lon="-5.82547120"><ele>190.50</ele><time>2024-09-04T13:28:21Z</time></trkpt><trkpt lat="43.39641344" lon="-5.82547347"><ele>190.45</ele><time>2024-09-04T13:28:22Z</time></trkpt><trkpt lat="43.39639935" lon="-5.82547537"><ele>190.71</ele><time>2024-09-04T13:28:23Z</time></trkpt><trkpt lat="43.39638545" lon="-5.82547692"><ele>190.89</ele><time>2024-09-04T13:28:24Z</time></trkpt><trkpt lat="43.39637106" lon="-5.82547818"><ele>191.21</ele><time>2024-09-04T13:28:25Z</time></trkpt><trkpt lat="43.39635687" lon="-5.82547817"><ele>191.40</ele><time>2024-09-04T13:28:26Z</time></trkpt><trkpt lat="43.39634282" lon="-5.82547792"><ele>191.76</ele><time>2024-09-04T13:28:27Z</time></trkpt><trkpt lat="43.39632937" lon="-5.82547706"><ele>191.68</ele><time>2024-09-04T13:28:28Z</time></trkpt><trkpt lat="43.39631631" lon="-5.82547535"><ele>191.58</ele><time>2024-09-04T13:28:29Z</time></trkpt><trkpt lat="43.39630342" lon="-5.82547320"><ele>191.50</ele><time>2024-09-04T13:28:30Z</time></trkpt><trkpt lat="43.39629060" lon="-5.82547087"><ele>191.44</ele><time>2024-09-04T13:28:31Z</time></trkpt><trkpt lat="43.39627777" lon="-5.82546963"><ele>191.41</ele><time>2024-09-04T13:28:32Z</time></trkpt><trkpt lat="43.39626598" lon="-5.82546915"><ele>191.66</ele><time>2024-09-04T13:28:33Z</time></trkpt><trkpt lat="43.39625430" lon="-5.82546856"><ele>191.83</ele><time>2024-09-04T13:28:34Z</time></trkpt><trkpt lat="43.39624204" lon="-5.82546894"><ele>191.92</ele><time>2024-09-04T13:28:35Z</time></trkpt><trkpt lat="43.39622773" lon="-5.82546769"><ele>191.96</ele><time>2024-09-04T13:28:36Z</time></trkpt><trkpt lat="43.39621104" lon="-5.82546589"><ele>191.96</ele><time>2024-09-04T13:28:37Z</time></trkpt><trkpt lat="43.39619353" lon="-5.82546543"><ele>191.95</ele><time>2024-09-04T13:28:38Z</time></trkpt><trkpt lat="43.39617631" lon="-5.82546643"><ele>191.93</ele><time>2024-09-04T13:28:39Z</time></trkpt><trkpt lat="43.39616002" lon="-5.82546668"><ele>191.92</ele><time>2024-09-04T13:28:40Z</time></trkpt><trkpt lat="43.39614443" lon="-5.82546686"><ele>191.91</ele><time>2024-09-04T13:28:41Z</time></trkpt><trkpt lat="43.39612929" lon="-5.82546697"><ele>191.90</ele><time>2024-09-04T13:28:42Z</time></trkpt><trkpt lat="43.39611437" lon="-5.82546703"><ele>192.17</ele><time>2024-09-04T13:28:43Z</time></trkpt><trkpt lat="43.39610064" lon="-5.82546759"><ele>192.34</ele><time>2024-09-04T13:28:44Z</time></trkpt><trkpt lat="43.39608814" lon="-5.82546739"><ele>192.71</ele><time>2024-09-04T13:28:45Z</time></trkpt><trkpt lat="43.39607522" lon="-5.82546558"><ele>193.18</ele><time>2024-09-04T13:28:46Z</time></trkpt><trkpt lat="43.39606133" lon="-5.82546278"><ele>193.45</ele><time>2024-09-04T13:28:47Z</time></trkpt><trkpt lat="43.39604731" lon="-5.82546168"><ele>193.56</ele><time>2024-09-04T13:28:48Z</time></trkpt><trkpt lat="43.39603214" lon="-5.82546234"><ele>193.57</ele><time>2024-09-04T13:28:49Z</time></trkpt><trkpt lat="43.39601682" lon="-5.82546354"><ele>193.76</ele><time>2024-09-04T13:28:50Z</time></trkpt><trkpt lat="43.39600259" lon="-5.82546330"><ele>193.86</ele><time>2024-09-04T13:28:51Z</time></trkpt><trkpt lat="43.39598803" lon="-5.82546204"><ele>193.89</ele><time>2024-09-04T13:28:52Z</time></trkpt><trkpt lat="43.39597322" lon="-5.82546234"><ele>193.88</ele><time>2024-09-04T13:28:53Z</time></trkpt><trkpt lat="43.39595881" lon="-5.82546370"><ele>193.86</ele><time>2024-09-04T13:28:54Z</time></trkpt><trkpt lat="43.39594302" lon="-5.82546624"><ele>193.84</ele><time>2024-09-04T13:28:55Z</time></trkpt><trkpt lat="43.39592690" lon="-5.82546831"><ele>193.82</ele><time>2024-09-04T13:28:56Z</time></trkpt><trkpt lat="43.39591120" lon="-5.82547049"><ele>193.81</ele><time>2024-09-04T13:28:57Z</time></trkpt><trkpt lat="43.39589584" lon="-5.82546995"><ele>194.07</ele><time>2024-09-04T13:28:58Z</time></trkpt><trkpt lat="43.39588126" lon="-5.82546874"><ele>194.24</ele><time>2024-09-04T13:28:59Z</time></trkpt><trkpt lat="43.39586824" lon="-5.82546837"><ele>194.60</ele><time>2024-09-04T13:29:00Z</time></trkpt><trkpt lat="43.39585561" lon="-5.82546976"><ele>194.81</ele><time>2024-09-04T13:29:01Z</time></trkpt><trkpt lat="43.39584307" lon="-5.82547229"><ele>194.90</ele><time>2024-09-04T13:29:02Z</time></trkpt><trkpt lat="43.39582993" lon="-5.82547435"><ele>195.19</ele><time>2024-09-04T13:29:03Z</time></trkpt><trkpt lat="43.39581525" lon="-5.82547652"><ele>195.35</ele><time>2024-09-04T13:29:04Z</time></trkpt><trkpt lat="43.39580067" lon="-5.82547870"><ele>195.41</ele><time>2024-09-04T13:29:05Z</time></trkpt><trkpt lat="43.39578517" lon="-5.82547866"><ele>195.41</ele><time>2024-09-04T13:29:06Z</time></trkpt><trkpt lat="43.39576915" lon="-5.82547774"><ele>195.39</ele><time>2024-09-04T13:29:07Z</time></trkpt><trkpt lat="43.39575399" lon="-5.82547695"><ele>195.36</ele><time>2024-09-04T13:29:08Z</time></trkpt><trkpt lat="43.39573892" lon="-5.82547858"><ele>195.33</ele><time>2024-09-04T13:29:09Z</time></trkpt><trkpt lat="43.39572281" lon="-5.82548126"><ele>195.32</ele><time>2024-09-04T13:29:10Z</time></trkpt><trkpt lat="43.39570604" lon="-5.82548230"><ele>195.30</ele><time>2024-09-04T13:29:11Z</time></trkpt><trkpt lat="43.39568893" lon="-5.82548325"><ele>195.30</ele><time>2024-09-04T13:29:12Z</time></trkpt><trkpt lat="43.39567331" lon="-5.82548418"><ele>195.29</ele><time>2024-09-04T13:29:13Z</time></trkpt><trkpt lat="43.39565709" lon="-5.82548401"><ele>195.02</ele><time>2024-09-04T13:29:14Z</time></trkpt><trkpt lat="43.39564042" lon="-5.82548209"><ele>194.85</ele><time>2024-09-04T13:29:15Z</time></trkpt><trkpt lat="43.39562403" lon="-5.82548022"><ele>194.76</ele><time>2024-09-04T13:29:16Z</time></trkpt><trkpt lat="43.39560839" lon="-5.82547857"><ele>194.46</ele><time>2024-09-04T13:29:17Z</time></trkpt><trkpt lat="43.39559378" lon="-5.82547715"><ele>194.29</ele><time>2024-09-04T13:29:18Z</time></trkpt><trkpt lat="43.39557976" lon="-5.82547484"><ele>194.21</ele><time>2024-09-04T13:29:19Z</time></trkpt><trkpt lat="43.39556656" lon="-5.82547088"><ele>194.20</ele><time>2024-09-04T13:29:20Z</time></trkpt><trkpt lat="43.39555214" lon="-5.82546704"><ele>194.21</ele><time>2024-09-04T13:29:21Z</time></trkpt><trkpt lat="43.39553792" lon="-5.82546508"><ele>194.24</ele><time>2024-09-04T13:29:22Z</time></trkpt><trkpt lat="43.39552329" lon="-5.82546275"><ele>194.26</ele><time>2024-09-04T13:29:23Z</time></trkpt><trkpt lat="43.39550840" lon="-5.82546174"><ele>194.55</ele><time>2024-09-04T13:29:24Z</time></trkpt><trkpt lat="43.39549336" lon="-5.82546538"><ele>194.74</ele><time>2024-09-04T13:29:25Z</time></trkpt><trkpt lat="43.39547936" lon="-5.82546801"><ele>194.84</ele><time>2024-09-04T13:29:26Z</time></trkpt><trkpt lat="43.39546604" lon="-5.82546635"><ele>194.87</ele><time>2024-09-04T13:29:27Z</time></trkpt><trkpt lat="43.39545146" lon="-5.82546455"><ele>194.87</ele><time>2024-09-04T13:29:28Z</time></trkpt><trkpt lat="43.39543710" lon="-5.82546286"><ele>194.86</ele><time>2024-09-04T13:29:29Z</time></trkpt><trkpt lat="43.39542237" lon="-5.82546245"><ele>194.84</ele><time>2024-09-04T13:29:30Z</time></trkpt><trkpt lat="43.39540796" lon="-5.82546239"><ele>194.82</ele><time>2024-09-04T13:29:31Z</time></trkpt><trkpt lat="43.39539324" lon="-5.82546249"><ele>194.81</ele><time>2024-09-04T13:29:32Z</time></trkpt><trkpt lat="43.39537831" lon="-5.82546209"><ele>194.80</ele><time>2024-09-04T13:29:33Z</time></trkpt><trkpt lat="43.39536328" lon="-5.82546135"><ele>194.80</ele><time>2024-09-04T13:29:34Z</time></trkpt><trkpt lat="43.39534875" lon="-5.82546039"><ele>194.80</ele><time>2024-09-04T13:29:35Z</time></trkpt><trkpt lat="43.39533347" lon="-5.82545933"><ele>194.80</ele><time>2024-09-04T13:29:36Z</time></trkpt><trkpt lat="43.39531824" lon="-5.82545768"><ele>194.80</ele><time>2024-09-04T13:29:37Z</time></trkpt><trkpt lat="43.39530200" lon="-5.82545570"><ele>194.80</ele><time>2024-09-04T13:29:38Z</time></trkpt><trkpt lat="43.39528567" lon="-5.82545301"><ele>194.80</ele><time>2024-09-04T13:29:39Z</time></trkpt><trkpt lat="43.39526938" lon="-5.82545158"><ele>195.07</ele><time>2024-09-04T13:29:40Z</time></trkpt><trkpt lat="43.39525371" lon="-5.82545101"><ele>195.25</ele><time>2024-09-04T13:29:41Z</time></trkpt><trkpt lat="43.39523847" lon="-5.82545042"><ele>195.34</ele><time>2024-09-04T13:29:42Z</time></trkpt><trkpt lat="43.39522293" lon="-5.82545028"><ele>195.64</ele><time>2024-09-04T13:29:43Z</time></trkpt><trkpt lat="43.39520770" lon="-5.82544982"><ele>195.81</ele><time>2024-09-04T13:29:44Z</time></trkpt><trkpt lat="43.39519266" lon="-5.82544965"><ele>195.89</ele><time>2024-09-04T13:29:45Z</time></trkpt><trkpt lat="43.39517662" lon="-5.82544910"><ele>195.90</ele><time>2024-09-04T13:29:46Z</time></trkpt><trkpt lat="43.39516047" lon="-5.82544774"><ele>195.89</ele><time>2024-09-04T13:29:47Z</time></trkpt><trkpt lat="43.39514376" lon="-5.82544532"><ele>195.86</ele><time>2024-09-04T13:29:48Z</time></trkpt><trkpt lat="43.39512727" lon="-5.82544285"><ele>195.84</ele><time>2024-09-04T13:29:49Z</time></trkpt><trkpt lat="43.39511045" lon="-5.82544046"><ele>195.82</ele><time>2024-09-04T13:29:50Z</time></trkpt><trkpt lat="43.39509343" lon="-5.82543818"><ele>195.53</ele><time>2024-09-04T13:29:51Z</time></trkpt><trkpt lat="43.39507633" lon="-5.82543602"><ele>195.35</ele><time>2024-09-04T13:29:52Z</time></trkpt><trkpt lat="43.39505922" lon="-5.82543285"><ele>195.26</ele><time>2024-09-04T13:29:53Z</time></trkpt><trkpt lat="43.39504266" lon="-5.82542904"><ele>195.23</ele><time>2024-09-04T13:29:54Z</time></trkpt><trkpt lat="43.39502649" lon="-5.82542600"><ele>194.95</ele><time>2024-09-04T13:29:55Z</time></trkpt><trkpt lat="43.39501106" lon="-5.82542353"><ele>194.80</ele><time>2024-09-04T13:29:56Z</time></trkpt><trkpt lat="43.39499607" lon="-5.82542251"><ele>194.73</ele><time>2024-09-04T13:29:57Z</time></trkpt><trkpt lat="43.39498127" lon="-5.82542182"><ele>194.71</ele><time>2024-09-04T13:29:58Z</time></trkpt><trkpt lat="43.39496542" lon="-5.82541957"><ele>194.72</ele><time>2024-09-04T13:29:59Z</time></trkpt><trkpt lat="43.39494995" lon="-5.82541570"><ele>194.74</ele><time>2024-09-04T13:30:00Z</time></trkpt><trkpt lat="43.39493420" lon="-5.82541249"><ele>194.77</ele><time>2024-09-04T13:30:01Z</time></trkpt><trkpt lat="43.39491882" lon="-5.82540929"><ele>194.78</ele><time>2024-09-04T13:30:02Z</time></trkpt><trkpt lat="43.39490259" lon="-5.82540559"><ele>194.52</ele><time>2024-09-04T13:30:03Z</time></trkpt><trkpt lat="43.39488691" lon="-5.82540160"><ele>194.36</ele><time>2024-09-04T13:30:04Z</time></trkpt><trkpt lat="43.39487162" lon="-5.82539857"><ele>194.27</ele><time>2024-09-04T13:30:05Z</time></trkpt><trkpt lat="43.39485602" lon="-5.82539619"><ele>194.24</ele><time>2024-09-04T13:30:06Z</time></trkpt><trkpt lat="43.39484075" lon="-5.82539474"><ele>194.23</ele><time>2024-09-04T13:30:07Z</time></trkpt><trkpt lat="43.39482568" lon="-5.82539380"><ele>194.25</ele><time>2024-09-04T13:30:08Z</time></trkpt><trkpt lat="43.39481017" lon="-5.82539309"><ele>194.27</ele><time>2024-09-04T13:30:09Z</time></trkpt><trkpt lat="43.39479545" lon="-5.82539186"><ele>194.28</ele><time>2024-09-04T13:30:10Z</time></trkpt><trkpt lat="43.39478069" lon="-5.82538970"><ele>194.29</ele><time>2024-09-04T13:30:11Z</time></trkpt><trkpt lat="43.39476532" lon="-5.82538638"><ele>194.57</ele><time>2024-09-04T13:30:12Z</time></trkpt><trkpt lat="43.39475118" lon="-5.82538185"><ele>194.75</ele><time>2024-09-04T13:30:13Z</time></trkpt><trkpt lat="43.39473729" lon="-5.82537612"><ele>194.84</ele><time>2024-09-04T13:30:14Z</time></trkpt><trkpt lat="43.39472294" lon="-5.82537198"><ele>195.14</ele><time>2024-09-04T13:30:15Z</time></trkpt><trkpt lat="43.39470935" lon="-5.82536956"><ele>195.32</ele><time>2024-09-04T13:30:16Z</time></trkpt><trkpt lat="43.39469567" lon="-5.82536986"><ele>195.39</ele><time>2024-09-04T13:30:17Z</time></trkpt><trkpt lat="43.39468188" lon="-5.82537285"><ele>195.68</ele><time>2024-09-04T13:30:18Z</time></trkpt><trkpt lat="43.39466855" lon="-5.82537727"><ele>195.83</ele><time>2024-09-04T13:30:19Z</time></trkpt><trkpt lat="43.39465495" lon="-5.82538281"><ele>196.17</ele><time>2024-09-04T13:30:20Z</time></trkpt><trkpt lat="43.39464169" lon="-5.82538764"><ele>196.35</ele><time>2024-09-04T13:30:21Z</time></trkpt><trkpt lat="43.39462700" lon="-5.82539176"><ele>196.64</ele><time>2024-09-04T13:30:22Z</time></trkpt><trkpt lat="43.39461193" lon="-5.82539477"><ele>196.78</ele><time>2024-09-04T13:30:23Z</time></trkpt><trkpt lat="43.39459670" lon="-5.82539597"><ele>196.83</ele><time>2024-09-04T13:30:24Z</time></trkpt><trkpt lat="43.39458199" lon="-5.82539719"><ele>196.83</ele><time>2024-09-04T13:30:25Z</time></trkpt><trkpt lat="43.39456603" lon="-5.82539858"><ele>196.80</ele><time>2024-09-04T13:30:26Z</time></trkpt><trkpt lat="43.39455147" lon="-5.82540073"><ele>197.03</ele><time>2024-09-04T13:30:27Z</time></trkpt><trkpt lat="43.39453787" lon="-5.82540449"><ele>197.18</ele><time>2024-09-04T13:30:28Z</time></trkpt><trkpt lat="43.39452539" lon="-5.82541034"><ele>197.25</ele><time>2024-09-04T13:30:29Z</time></trkpt><trkpt lat="43.39451297" lon="-5.82541739"><ele>197.27</ele><time>2024-09-04T13:30:30Z</time></trkpt><trkpt lat="43.39450045" lon="-5.82542497"><ele>197.26</ele><time>2024-09-04T13:30:31Z</time></trkpt><trkpt lat="43.39448778" lon="-5.82543266"><ele>197.25</ele><time>2024-09-04T13:30:32Z</time></trkpt><trkpt lat="43.39447553" lon="-5.82544135"><ele>197.23</ele><time>2024-09-04T13:30:33Z</time></trkpt><trkpt lat="43.39446297" lon="-5.82544947"><ele>197.49</ele><time>2024-09-04T13:30:34Z</time></trkpt><trkpt lat="43.39444963" lon="-5.82545764"><ele>197.65</ele><time>2024-09-04T13:30:35Z</time></trkpt><trkpt lat="43.39443689" lon="-5.82546525"><ele>197.74</ele><time>2024-09-04T13:30:36Z</time></trkpt><trkpt lat="43.39442457" lon="-5.82547247"><ele>197.77</ele><time>2024-09-04T13:30:37Z</time></trkpt><trkpt lat="43.39441198" lon="-5.82548002"><ele>197.77</ele><time>2024-09-04T13:30:38Z</time></trkpt><trkpt lat="43.39439971" lon="-5.82548726"><ele>198.02</ele><time>2024-09-04T13:30:39Z</time></trkpt><trkpt lat="43.39438711" lon="-5.82549486"><ele>198.18</ele><time>2024-09-04T13:30:40Z</time></trkpt><trkpt lat="43.39437481" lon="-5.82550217"><ele>198.25</ele><time>2024-09-04T13:30:41Z</time></trkpt><trkpt lat="43.39436162" lon="-5.82550981"><ele>198.50</ele><time>2024-09-04T13:30:42Z</time></trkpt><trkpt lat="43.39434840" lon="-5.82551824"><ele>198.63</ele><time>2024-09-04T13:30:43Z</time></trkpt><trkpt lat="43.39433522" lon="-5.82552660"><ele>198.68</ele><time>2024-09-04T13:30:44Z</time></trkpt><trkpt lat="43.39432154" lon="-5.82553430"><ele>198.69</ele><time>2024-09-04T13:30:45Z</time></trkpt><trkpt lat="43.39430812" lon="-5.82554210"><ele>198.67</ele><time>2024-09-04T13:30:46Z</time></trkpt><trkpt lat="43.39429545" lon="-5.82554999"><ele>198.65</ele><time>2024-09-04T13:30:47Z</time></trkpt><trkpt lat="43.39428326" lon="-5.82555685"><ele>198.63</ele><time>2024-09-04T13:30:48Z</time></trkpt><trkpt lat="43.39427079" lon="-5.82556360"><ele>198.61</ele><time>2024-09-04T13:30:49Z</time></trkpt><trkpt lat="43.39425862" lon="-5.82557036"><ele>198.60</ele><time>2024-09-04T13:30:50Z</time></trkpt><trkpt lat="43.39424717" lon="-5.82557772"><ele>198.87</ele><time>2024-09-04T13:30:51Z</time></trkpt><trkpt lat="43.39423560" lon="-5.82558658"><ele>199.04</ele><time>2024-09-04T13:30:52Z</time></trkpt><trkpt lat="43.39422388" lon="-5.82559746"><ele>199.13</ele><time>2024-09-04T13:30:53Z</time></trkpt><trkpt lat="43.39421203" lon="-5.82560840"><ele>199.44</ele><time>2024-09-04T13:30:54Z</time></trkpt><trkpt lat="43.39420064" lon="-5.82561971"><ele>199.61</ele><time>2024-09-04T13:30:55Z</time></trkpt><trkpt lat="43.39418954" lon="-5.82563113"><ele>199.69</ele><time>2024-09-04T13:30:56Z</time></trkpt><trkpt lat="43.39417968" lon="-5.82564305"><ele>199.98</ele><time>2024-09-04T13:30:57Z</time></trkpt><trkpt lat="43.39417003" lon="-5.82565358"><ele>200.13</ele><time>2024-09-04T13:30:58Z</time></trkpt><trkpt lat="43.39416039" lon="-5.82566424"><ele>200.20</ele><time>2024-09-04T13:30:59Z</time></trkpt><trkpt lat="43.39414905" lon="-5.82567394"><ele>200.21</ele><time>2024-09-04T13:31:00Z</time></trkpt><trkpt lat="43.39413658" lon="-5.82568306"><ele>200.19</ele><time>2024-09-04T13:31:01Z</time></trkpt><trkpt lat="43.39412348" lon="-5.82569244"><ele>200.16</ele><time>2024-09-04T13:31:02Z</time></trkpt><trkpt lat="43.39411012" lon="-5.82570260"><ele>200.41</ele><time>2024-09-04T13:31:03Z</time></trkpt><trkpt lat="43.39409672" lon="-5.82571386"><ele>200.56</ele><time>2024-09-04T13:31:04Z</time></trkpt><trkpt lat="43.39408175" lon="-5.82572685"><ele>200.64</ele><time>2024-09-04T13:31:05Z</time></trkpt><trkpt lat="43.39406802" lon="-5.82573813"><ele>200.67</ele><time>2024-09-04T13:31:06Z</time></trkpt><trkpt lat="43.39405469" lon="-5.82574977"><ele>200.94</ele><time>2024-09-04T13:31:07Z</time></trkpt><trkpt lat="43.39404051" lon="-5.82575947"><ele>200.82</ele><time>2024-09-04T13:31:08Z</time></trkpt><trkpt lat="43.39402578" lon="-5.82576738"><ele>200.72</ele><time>2024-09-04T13:31:09Z</time></trkpt><trkpt lat="43.39401073" lon="-5.82577429"><ele>200.65</ele><time>2024-09-04T13:31:10Z</time></trkpt><trkpt lat="43.39399501" lon="-5.82578021"><ele>200.61</ele><time>2024-09-04T13:31:11Z</time></trkpt><trkpt lat="43.39397947" lon="-5.82578571"><ele>200.31</ele><time>2024-09-04T13:31:12Z</time></trkpt><trkpt lat="43.39396412" lon="-5.82579111"><ele>200.13</ele><time>2024-09-04T13:31:13Z</time></trkpt><trkpt lat="43.39394894" lon="-5.82579661"><ele>200.05</ele><time>2024-09-04T13:31:14Z</time></trkpt><trkpt lat="43.39393387" lon="-5.82580116"><ele>199.74</ele><time>2024-09-04T13:31:15Z</time></trkpt><trkpt lat="43.39391832" lon="-5.82580407"><ele>199.85</ele><time>2024-09-04T13:31:16Z</time></trkpt><trkpt lat="43.39390355" lon="-5.82580713"><ele>199.95</ele><time>2024-09-04T13:31:17Z</time></trkpt><trkpt lat="43.39388929" lon="-5.82581047"><ele>200.03</ele><time>2024-09-04T13:31:18Z</time></trkpt><trkpt lat="43.39387478" lon="-5.82581297"><ele>200.08</ele><time>2024-09-04T13:31:19Z</time></trkpt><trkpt lat="43.39385896" lon="-5.82581390"><ele>200.11</ele><time>2024-09-04T13:31:20Z</time></trkpt><trkpt lat="43.39384338" lon="-5.82581283"><ele>200.12</ele><time>2024-09-04T13:31:21Z</time></trkpt><trkpt lat="43.39382694" lon="-5.82581064"><ele>200.12</ele><time>2024-09-04T13:31:22Z</time></trkpt><trkpt lat="43.39381055" lon="-5.82580800"><ele>200.12</ele><time>2024-09-04T13:31:23Z</time></trkpt><trkpt lat="43.39379370" lon="-5.82580637"><ele>200.11</ele><time>2024-09-04T13:31:24Z</time></trkpt><trkpt lat="43.39377717" lon="-5.82580610"><ele>200.38</ele><time>2024-09-04T13:31:25Z</time></trkpt><trkpt lat="43.39376089" lon="-5.82580508"><ele>200.55</ele><time>2024-09-04T13:31:26Z</time></trkpt><trkpt lat="43.39374479" lon="-5.82580350"><ele>200.36</ele><time>2024-09-04T13:31:27Z</time></trkpt><trkpt lat="43.39372824" lon="-5.82580050"><ele>200.22</ele><time>2024-09-04T13:31:28Z</time></trkpt><trkpt lat="43.39371249" lon="-5.82579718"><ele>200.13</ele><time>2024-09-04T13:31:29Z</time></trkpt><trkpt lat="43.39369616" lon="-5.82579214"><ele>199.81</ele><time>2024-09-04T13:31:30Z</time></trkpt><trkpt lat="43.39368053" lon="-5.82578558"><ele>199.62</ele><time>2024-09-04T13:31:31Z</time></trkpt><trkpt lat="43.39366425" lon="-5.82577768"><ele>199.26</ele><time>2024-09-04T13:31:32Z</time></trkpt><trkpt lat="43.39364861" lon="-5.82576915"><ele>198.79</ele><time>2024-09-04T13:31:33Z</time></trkpt><trkpt lat="43.39363341" lon="-5.82576046"><ele>198.53</ele><time>2024-09-04T13:31:34Z</time></trkpt><trkpt lat="43.39361844" lon="-5.82575238"><ele>198.21</ele><time>2024-09-04T13:31:35Z</time></trkpt><trkpt lat="43.39360412" lon="-5.82574371"><ele>198.07</ele><time>2024-09-04T13:31:36Z</time></trkpt><trkpt lat="43.39359016" lon="-5.82573362"><ele>198.03</ele><time>2024-09-04T13:31:37Z</time></trkpt><trkpt lat="43.39357800" lon="-5.82572214"><ele>198.05</ele><time>2024-09-04T13:31:38Z</time></trkpt><trkpt lat="43.39356690" lon="-5.82570938"><ele>198.09</ele><time>2024-09-04T13:31:39Z</time></trkpt><trkpt lat="43.39355630" lon="-5.82569543"><ele>198.13</ele><time>2024-09-04T13:31:40Z</time></trkpt><trkpt lat="43.39354584" lon="-5.82568148"><ele>198.16</ele><time>2024-09-04T13:31:41Z</time></trkpt><trkpt lat="43.39353479" lon="-5.82566828"><ele>198.19</ele><time>2024-09-04T13:31:42Z</time></trkpt><trkpt lat="43.39352217" lon="-5.82565459"><ele>198.20</ele><time>2024-09-04T13:31:43Z</time></trkpt><trkpt lat="43.39350964" lon="-5.82564005"><ele>198.21</ele><time>2024-09-04T13:31:44Z</time></trkpt><trkpt lat="43.39349727" lon="-5.82562559"><ele>198.21</ele><time>2024-09-04T13:31:45Z</time></trkpt><trkpt lat="43.39348394" lon="-5.82561180"><ele>198.21</ele><time>2024-09-04T13:31:46Z</time></trkpt><trkpt lat="43.39347060" lon="-5.82559793"><ele>198.20</ele><time>2024-09-04T13:31:47Z</time></trkpt><trkpt lat="43.39345786" lon="-5.82558347"><ele>198.42</ele><time>2024-09-04T13:31:48Z</time></trkpt><trkpt lat="43.39344446" lon="-5.82556806"><ele>198.56</ele><time>2024-09-04T13:31:49Z</time></trkpt><trkpt lat="43.39343118" lon="-5.82555265"><ele>198.63</ele><time>2024-09-04T13:31:50Z</time></trkpt><trkpt lat="43.39341911" lon="-5.82553733"><ele>198.65</ele><time>2024-09-04T13:31:51Z</time></trkpt><trkpt lat="43.39340781" lon="-5.82552320"><ele>198.65</ele><time>2024-09-04T13:31:52Z</time></trkpt><trkpt lat="43.39339584" lon="-5.82550986"><ele>198.64</ele><time>2024-09-04T13:31:53Z</time></trkpt><trkpt lat="43.39338334" lon="-5.82549640"><ele>198.41</ele><time>2024-09-04T13:31:54Z</time></trkpt><trkpt lat="43.39337049" lon="-5.82548278"><ele>198.26</ele><time>2024-09-04T13:31:55Z</time></trkpt><trkpt lat="43.39335691" lon="-5.82546899"><ele>197.91</ele><time>2024-09-04T13:31:56Z</time></trkpt><trkpt lat="43.39334291" lon="-5.82545619"><ele>197.70</ele><time>2024-09-04T13:31:57Z</time></trkpt><trkpt lat="43.39332871" lon="-5.82544454"><ele>197.61</ele><time>2024-09-04T13:31:58Z</time></trkpt><trkpt lat="43.39331447" lon="-5.82543301"><ele>197.31</ele><time>2024-09-04T13:31:59Z</time></trkpt><trkpt lat="43.39330026" lon="-5.82542089"><ele>197.15</ele><time>2024-09-04T13:32:00Z</time></trkpt><trkpt lat="43.39328611" lon="-5.82540831"><ele>196.82</ele><time>2024-09-04T13:32:01Z</time></trkpt><trkpt lat="43.39327257" lon="-5.82539489"><ele>196.42</ele><time>2024-09-04T13:32:02Z</time></trkpt><trkpt lat="43.39325996" lon="-5.82538042"><ele>196.22</ele><time>2024-09-04T13:32:03Z</time></trkpt><trkpt lat="43.39324845" lon="-5.82536535"><ele>195.87</ele><time>2024-09-04T13:32:04Z</time></trkpt><trkpt lat="43.39323755" lon="-5.82535168"><ele>195.70</ele><time>2024-09-04T13:32:05Z</time></trkpt><trkpt lat="43.39322526" lon="-5.82533680"><ele>195.64</ele><time>2024-09-04T13:32:06Z</time></trkpt><trkpt lat="43.39321253" lon="-5.82532223"><ele>195.37</ele><time>2024-09-04T13:32:07Z</time></trkpt><trkpt lat="43.39319954" lon="-5.82530738"><ele>195.24</ele><time>2024-09-04T13:32:08Z</time></trkpt><trkpt lat="43.39318752" lon="-5.82529346"><ele>195.19</ele><time>2024-09-04T13:32:09Z</time></trkpt><trkpt lat="43.39317507" lon="-5.82528125"><ele>194.92</ele><time>2024-09-04T13:32:10Z</time></trkpt><trkpt lat="43.39316285" lon="-5.82526952"><ele>195.04</ele><time>2024-09-04T13:32:11Z</time></trkpt><trkpt lat="43.39315078" lon="-5.82525742"><ele>195.15</ele><time>2024-09-04T13:32:12Z</time></trkpt><trkpt lat="43.39313934" lon="-5.82524440"><ele>194.96</ele><time>2024-09-04T13:32:13Z</time></trkpt><trkpt lat="43.39312828" lon="-5.82523022"><ele>195.11</ele><time>2024-09-04T13:32:14Z</time></trkpt><trkpt lat="43.39311686" lon="-5.82521642"><ele>195.22</ele><time>2024-09-04T13:32:15Z</time></trkpt><trkpt lat="43.39310570" lon="-5.82520242"><ele>195.29</ele><time>2024-09-04T13:32:16Z</time></trkpt><trkpt lat="43.39309469" lon="-5.82518779"><ele>195.32</ele><time>2024-09-04T13:32:17Z</time></trkpt><trkpt lat="43.39308321" lon="-5.82517169"><ele>195.33</ele><time>2024-09-04T13:32:18Z</time></trkpt><trkpt lat="43.39307194" lon="-5.82515529"><ele>195.33</ele><time>2024-09-04T13:32:19Z</time></trkpt><trkpt lat="43.39306029" lon="-5.82513992"><ele>195.32</ele><time>2024-09-04T13:32:20Z</time></trkpt><trkpt lat="43.39304893" lon="-5.82512532"><ele>195.31</ele><time>2024-09-04T13:32:21Z</time></trkpt><trkpt lat="43.39303724" lon="-5.82511174"><ele>195.31</ele><time>2024-09-04T13:32:22Z</time></trkpt><trkpt lat="43.39302587" lon="-5.82509765"><ele>195.30</ele><time>2024-09-04T13:32:23Z</time></trkpt><trkpt lat="43.39301473" lon="-5.82508314"><ele>195.30</ele><time>2024-09-04T13:32:24Z</time></trkpt><trkpt lat="43.39300373" lon="-5.82506833"><ele>195.30</ele><time>2024-09-04T13:32:25Z</time></trkpt><trkpt lat="43.39299333" lon="-5.82505389"><ele>195.30</ele><time>2024-09-04T13:32:26Z</time></trkpt><trkpt lat="43.39298274" lon="-5.82503972"><ele>195.30</ele><time>2024-09-04T13:32:27Z</time></trkpt><trkpt lat="43.39297199" lon="-5.82502624"><ele>195.57</ele><time>2024-09-04T13:32:28Z</time></trkpt><trkpt lat="43.39296001" lon="-5.82501264"><ele>195.74</ele><time>2024-09-04T13:32:29Z</time></trkpt><trkpt lat="43.39294780" lon="-5.82499890"><ele>195.83</ele><time>2024-09-04T13:32:30Z</time></trkpt><trkpt lat="43.39293608" lon="-5.82498449"><ele>195.87</ele><time>2024-09-04T13:32:31Z</time></trkpt><trkpt lat="43.39292365" lon="-5.82496966"><ele>196.14</ele><time>2024-09-04T13:32:32Z</time></trkpt><trkpt lat="43.39291186" lon="-5.82495514"><ele>196.30</ele><time>2024-09-04T13:32:33Z</time></trkpt><trkpt lat="43.39290053" lon="-5.82494033"><ele>196.37</ele><time>2024-09-04T13:32:34Z</time></trkpt><trkpt lat="43.39288894" lon="-5.82492643"><ele>196.39</ele><time>2024-09-04T13:32:35Z</time></trkpt><trkpt lat="43.39287713" lon="-5.82491315"><ele>196.60</ele><time>2024-09-04T13:32:36Z</time></trkpt><trkpt lat="43.39286574" lon="-5.82489966"><ele>196.71</ele><time>2024-09-04T13:32:37Z</time></trkpt><trkpt lat="43.39285407" lon="-5.82488705"><ele>196.76</ele><time>2024-09-04T13:32:38Z</time></trkpt><trkpt lat="43.39284221" lon="-5.82487389"><ele>196.77</ele><time>2024-09-04T13:32:39Z</time></trkpt><trkpt lat="43.39283241" lon="-5.82485865"><ele>196.76</ele><time>2024-09-04T13:32:40Z</time></trkpt><trkpt lat="43.39282229" lon="-5.82484429"><ele>196.74</ele><time>2024-09-04T13:32:41Z</time></trkpt><trkpt lat="43.39280966" lon="-5.82483170"><ele>196.73</ele><time>2024-09-04T13:32:42Z</time></trkpt><trkpt lat="43.39279593" lon="-5.82482025"><ele>196.71</ele><time>2024-09-04T13:32:43Z</time></trkpt><trkpt lat="43.39278164" lon="-5.82480833"><ele>196.49</ele><time>2024-09-04T13:32:44Z</time></trkpt><trkpt lat="43.39276770" lon="-5.82479651"><ele>196.34</ele><time>2024-09-04T13:32:45Z</time></trkpt><trkpt lat="43.39275358" lon="-5.82478524"><ele>196.27</ele><time>2024-09-04T13:32:46Z</time></trkpt><trkpt lat="43.39274050" lon="-5.82477592"><ele>195.97</ele><time>2024-09-04T13:32:47Z</time></trkpt><trkpt lat="43.39272811" lon="-5.82476612"><ele>195.80</ele><time>2024-09-04T13:32:48Z</time></trkpt><trkpt lat="43.39271613" lon="-5.82475586"><ele>195.72</ele><time>2024-09-04T13:32:49Z</time></trkpt><trkpt lat="43.39270323" lon="-5.82474631"><ele>195.70</ele><time>2024-09-04T13:32:50Z</time></trkpt><trkpt lat="43.39269022" lon="-5.82473776"><ele>195.71</ele><time>2024-09-04T13:32:51Z</time></trkpt><trkpt lat="43.39267717" lon="-5.82472813"><ele>195.74</ele><time>2024-09-04T13:32:52Z</time></trkpt><trkpt lat="43.39266412" lon="-5.82471718"><ele>195.76</ele><time>2024-09-04T13:32:53Z</time></trkpt><trkpt lat="43.39265052" lon="-5.82470541"><ele>195.78</ele><time>2024-09-04T13:32:54Z</time></trkpt><trkpt lat="43.39263714" lon="-5.82469430"><ele>195.79</ele><time>2024-09-04T13:32:55Z</time></trkpt><trkpt lat="43.39262339" lon="-5.82468647"><ele>196.07</ele><time>2024-09-04T13:32:56Z</time></trkpt><trkpt lat="43.39260887" lon="-5.82468290"><ele>196.25</ele><time>2024-09-04T13:32:57Z</time></trkpt><trkpt lat="43.39259336" lon="-5.82468128"><ele>196.34</ele><time>2024-09-04T13:32:58Z</time></trkpt><trkpt lat="43.39257784" lon="-5.82467991"><ele>196.37</ele><time>2024-09-04T13:32:59Z</time></trkpt><trkpt lat="43.39256297" lon="-5.82467831"><ele>196.37</ele><time>2024-09-04T13:33:00Z</time></trkpt><trkpt lat="43.39254858" lon="-5.82467740"><ele>196.36</ele><time>2024-09-04T13:33:01Z</time></trkpt><trkpt lat="43.39253449" lon="-5.82467732"><ele>196.34</ele><time>2024-09-04T13:33:02Z</time></trkpt><trkpt lat="43.39251947" lon="-5.82467765"><ele>196.32</ele><time>2024-09-04T13:33:03Z</time></trkpt><trkpt lat="43.39250381" lon="-5.82467808"><ele>196.31</ele><time>2024-09-04T13:33:04Z</time></trkpt><trkpt lat="43.39248725" lon="-5.82467902"><ele>196.30</ele><time>2024-09-04T13:33:05Z</time></trkpt><trkpt lat="43.39247073" lon="-5.82468020"><ele>196.30</ele><time>2024-09-04T13:33:06Z</time></trkpt><trkpt lat="43.39245379" lon="-5.82468200"><ele>196.30</ele><time>2024-09-04T13:33:07Z</time></trkpt><trkpt lat="43.39243829" lon="-5.82468248"><ele>196.30</ele><time>2024-09-04T13:33:08Z</time></trkpt><trkpt lat="43.39242267" lon="-5.82468424"><ele>196.02</ele><time>2024-09-04T13:33:09Z</time></trkpt><trkpt lat="43.39240636" lon="-5.82468684"><ele>195.85</ele><time>2024-09-04T13:33:10Z</time></trkpt><trkpt lat="43.39239069" lon="-5.82468990"><ele>195.76</ele><time>2024-09-04T13:33:11Z</time></trkpt><trkpt lat="43.39237546" lon="-5.82469262"><ele>195.46</ele><time>2024-09-04T13:33:12Z</time></trkpt><trkpt lat="43.39236046" lon="-5.82469721"><ele>195.29</ele><time>2024-09-04T13:33:13Z</time></trkpt><trkpt lat="43.39234613" lon="-5.82470295"><ele>194.94</ele><time>2024-09-04T13:33:14Z</time></trkpt><trkpt lat="43.39233271" lon="-5.82470927"><ele>194.75</ele><time>2024-09-04T13:33:15Z</time></trkpt><trkpt lat="43.39231870" lon="-5.82471524"><ele>194.68</ele><time>2024-09-04T13:33:16Z</time></trkpt><trkpt lat="43.39230421" lon="-5.82472029"><ele>194.40</ele><time>2024-09-04T13:33:17Z</time></trkpt><trkpt lat="43.39228940" lon="-5.82472580"><ele>194.25</ele><time>2024-09-04T13:33:18Z</time></trkpt><trkpt lat="43.39227440" lon="-5.82473162"><ele>193.92</ele><time>2024-09-04T13:33:19Z</time></trkpt><trkpt lat="43.39225986" lon="-5.82473707"><ele>193.74</ele><time>2024-09-04T13:33:20Z</time></trkpt><trkpt lat="43.39224455" lon="-5.82474172"><ele>193.68</ele><time>2024-09-04T13:33:21Z</time></trkpt><trkpt lat="43.39222930" lon="-5.82474695"><ele>193.67</ele><time>2024-09-04T13:33:22Z</time></trkpt><trkpt lat="43.39221412" lon="-5.82475261"><ele>193.48</ele><time>2024-09-04T13:33:23Z</time></trkpt><trkpt lat="43.39219956" lon="-5.82475963"><ele>193.37</ele><time>2024-09-04T13:33:24Z</time></trkpt><trkpt lat="43.39218540" lon="-5.82476693"><ele>193.06</ele><time>2024-09-04T13:33:25Z</time></trkpt><trkpt lat="43.39217091" lon="-5.82477375"><ele>192.88</ele><time>2024-09-04T13:33:26Z</time></trkpt><trkpt lat="43.39215616" lon="-5.82477963"><ele>192.81</ele><time>2024-09-04T13:33:27Z</time></trkpt><trkpt lat="43.39214124" lon="-5.82478489"><ele>192.79</ele><time>2024-09-04T13:33:28Z</time></trkpt><trkpt lat="43.39212622" lon="-5.82478928"><ele>192.81</ele><time>2024-09-04T13:33:29Z</time></trkpt><trkpt lat="43.39211117" lon="-5.82479427"><ele>192.83</ele><time>2024-09-04T13:33:30Z</time></trkpt><trkpt lat="43.39209611" lon="-5.82479866"><ele>193.13</ele><time>2024-09-04T13:33:31Z</time></trkpt><trkpt lat="43.39208160" lon="-5.82480434"><ele>193.33</ele><time>2024-09-04T13:33:32Z</time></trkpt><trkpt lat="43.39206746" lon="-5.82481033"><ele>193.43</ele><time>2024-09-04T13:33:33Z</time></trkpt><trkpt lat="43.39205296" lon="-5.82481702"><ele>193.47</ele><time>2024-09-04T13:33:34Z</time></trkpt><trkpt lat="43.39203929" lon="-5.82482463"><ele>193.69</ele><time>2024-09-04T13:33:35Z</time></trkpt><trkpt lat="43.39202505" lon="-5.82483220"><ele>193.82</ele><time>2024-09-04T13:33:36Z</time></trkpt><trkpt lat="43.39201038" lon="-5.82483908"><ele>193.87</ele><time>2024-09-04T13:33:37Z</time></trkpt><trkpt lat="43.39199545" lon="-5.82484547"><ele>193.88</ele><time>2024-09-04T13:33:38Z</time></trkpt><trkpt lat="43.39198093" lon="-5.82485318"><ele>193.87</ele><time>2024-09-04T13:33:39Z</time></trkpt><trkpt lat="43.39196671" lon="-5.82486232"><ele>193.85</ele><time>2024-09-04T13:33:40Z</time></trkpt><trkpt lat="43.39195322" lon="-5.82487174"><ele>193.83</ele><time>2024-09-04T13:33:41Z</time></trkpt><trkpt lat="43.39193962" lon="-5.82488065"><ele>193.81</ele><time>2024-09-04T13:33:42Z</time></trkpt><trkpt lat="43.39192642" lon="-5.82489023"><ele>193.80</ele><time>2024-09-04T13:33:43Z</time></trkpt><trkpt lat="43.39191237" lon="-5.82489966"><ele>193.80</ele><time>2024-09-04T13:33:44Z</time></trkpt><trkpt lat="43.39189826" lon="-5.82490838"><ele>193.80</ele><time>2024-09-04T13:33:45Z</time></trkpt><trkpt lat="43.39188416" lon="-5.82491608"><ele>193.80</ele><time>2024-09-04T13:33:46Z</time></trkpt><trkpt lat="43.39187063" lon="-5.82492371"><ele>193.80</ele><time>2024-09-04T13:33:47Z</time></trkpt><trkpt lat="43.39185582" lon="-5.82493194"><ele>193.80</ele><time>2024-09-04T13:33:48Z</time></trkpt><trkpt lat="43.39184128" lon="-5.82494115"><ele>193.80</ele><time>2024-09-04T13:33:49Z</time></trkpt><trkpt lat="43.39182753" lon="-5.82495097"><ele>193.58</ele><time>2024-09-04T13:33:50Z</time></trkpt><trkpt lat="43.39181264" lon="-5.82496002"><ele>193.44</ele><time>2024-09-04T13:33:51Z</time></trkpt><trkpt lat="43.39179756" lon="-5.82496794"><ele>193.37</ele><time>2024-09-04T13:33:52Z</time></trkpt><trkpt lat="43.39178240" lon="-5.82497516"><ele>193.07</ele><time>2024-09-04T13:33:53Z</time></trkpt><trkpt lat="43.39176725" lon="-5.82498147"><ele>192.90</ele><time>2024-09-04T13:33:54Z</time></trkpt><trkpt lat="43.39175212" lon="-5.82498620"><ele>192.82</ele><time>2024-09-04T13:33:55Z</time></trkpt><trkpt lat="43.39173704" lon="-5.82499061"><ele>192.53</ele><time>2024-09-04T13:33:56Z</time></trkpt><trkpt lat="43.39172145" lon="-5.82499609"><ele>192.37</ele><time>2024-09-04T13:33:57Z</time></trkpt><trkpt lat="43.39170554" lon="-5.82500293"><ele>192.03</ele><time>2024-09-04T13:33:58Z</time></trkpt><trkpt lat="43.39169001" lon="-5.82501008"><ele>191.85</ele><time>2024-09-04T13:33:59Z</time></trkpt><trkpt lat="43.39167477" lon="-5.82501790"><ele>191.50</ele><time>2024-09-04T13:34:00Z</time></trkpt><trkpt lat="43.39165971" lon="-5.82502605"><ele>191.33</ele><time>2024-09-04T13:34:01Z</time></trkpt><trkpt lat="43.39164474" lon="-5.82503541"><ele>191.04</ele><time>2024-09-04T13:34:02Z</time></trkpt><trkpt lat="43.39162872" lon="-5.82504437"><ele>190.63</ele><time>2024-09-04T13:34:03Z</time></trkpt><trkpt lat="43.39161256" lon="-5.82505294"><ele>190.42</ele><time>2024-09-04T13:34:04Z</time></trkpt><trkpt lat="43.39159691" lon="-5.82506066"><ele>190.06</ele><time>2024-09-04T13:34:05Z</time></trkpt><trkpt lat="43.39158109" lon="-5.82506840"><ele>189.89</ele><time>2024-09-04T13:34:06Z</time></trkpt><trkpt lat="43.39156624" lon="-5.82507728"><ele>189.56</ele><time>2024-09-04T13:34:07Z</time></trkpt><trkpt lat="43.39155257" lon="-5.82508693"><ele>189.40</ele><time>2024-09-04T13:34:08Z</time></trkpt><trkpt lat="43.39153957" lon="-5.82509755"><ele>189.07</ele><time>2024-09-04T13:34:09Z</time></trkpt><trkpt lat="43.39152578" lon="-5.82510977"><ele>188.69</ele><time>2024-09-04T13:34:10Z</time></trkpt><trkpt lat="43.39151192" lon="-5.82512126"><ele>188.23</ele><time>2024-09-04T13:34:11Z</time></trkpt><trkpt lat="43.39149746" lon="-5.82513154"><ele>187.71</ele><time>2024-09-04T13:34:12Z</time></trkpt><trkpt lat="43.39148206" lon="-5.82514047"><ele>187.19</ele><time>2024-09-04T13:34:13Z</time></trkpt><trkpt lat="43.39146610" lon="-5.82514748"><ele>186.65</ele><time>2024-09-04T13:34:14Z</time></trkpt><trkpt lat="43.39144934" lon="-5.82515232"><ele>186.13</ele><time>2024-09-04T13:34:15Z</time></trkpt><trkpt lat="43.39143271" lon="-5.82515763"><ele>185.88</ele><time>2024-09-04T13:34:16Z</time></trkpt><trkpt lat="43.39141573" lon="-5.82516516"><ele>185.60</ele><time>2024-09-04T13:34:17Z</time></trkpt><trkpt lat="43.39139858" lon="-5.82517312"><ele>185.22</ele><time>2024-09-04T13:34:18Z</time></trkpt><trkpt lat="43.39138248" lon="-5.82518184"><ele>184.77</ele><time>2024-09-04T13:34:19Z</time></trkpt><trkpt lat="43.39136655" lon="-5.82519041"><ele>184.55</ele><time>2024-09-04T13:34:20Z</time></trkpt><trkpt lat="43.39135177" lon="-5.82519934"><ele>184.21</ele><time>2024-09-04T13:34:21Z</time></trkpt><trkpt lat="43.39133713" lon="-5.82520736"><ele>184.05</ele><time>2024-09-04T13:34:22Z</time></trkpt><trkpt lat="43.39132302" lon="-5.82521420"><ele>183.79</ele><time>2024-09-04T13:34:23Z</time></trkpt><trkpt lat="43.39130973" lon="-5.82522032"><ele>183.41</ele><time>2024-09-04T13:34:24Z</time></trkpt><trkpt lat="43.39129578" lon="-5.82522610"><ele>183.21</ele><time>2024-09-04T13:34:25Z</time></trkpt><trkpt lat="43.39128239" lon="-5.82523012"><ele>182.86</ele><time>2024-09-04T13:34:26Z</time></trkpt><trkpt lat="43.39126935" lon="-5.82523150"><ele>182.42</ele><time>2024-09-04T13:34:27Z</time></trkpt><trkpt lat="43.39125756" lon="-5.82523356"><ele>182.19</ele><time>2024-09-04T13:34:28Z</time></trkpt><trkpt lat="43.39124705" lon="-5.82523580"><ele>181.84</ele><time>2024-09-04T13:34:29Z</time></trkpt><trkpt lat="43.39123505" lon="-5.82523993"><ele>181.67</ele><time>2024-09-04T13:34:30Z</time></trkpt><trkpt lat="43.39122140" lon="-5.82524804"><ele>181.40</ele><time>2024-09-04T13:34:31Z</time></trkpt><trkpt lat="43.39120726" lon="-5.82525802"><ele>181.28</ele><time>2024-09-04T13:34:32Z</time></trkpt><trkpt lat="43.39119184" lon="-5.82526832"><ele>181.25</ele><time>2024-09-04T13:34:33Z</time></trkpt><trkpt lat="43.39117407" lon="-5.82527684"><ele>181.00</ele><time>2024-09-04T13:34:34Z</time></trkpt><trkpt lat="43.39115607" lon="-5.82528402"><ele>180.86</ele><time>2024-09-04T13:34:35Z</time></trkpt><trkpt lat="43.39113872" lon="-5.82529197"><ele>180.81</ele><time>2024-09-04T13:34:36Z</time></trkpt><trkpt lat="43.39112304" lon="-5.82529996"><ele>180.53</ele><time>2024-09-04T13:34:37Z</time></trkpt><trkpt lat="43.39110849" lon="-5.82530796"><ele>180.65</ele><time>2024-09-04T13:34:38Z</time></trkpt><trkpt lat="43.39109456" lon="-5.82531652"><ele>181.03</ele><time>2024-09-04T13:34:39Z</time></trkpt><trkpt lat="43.39108035" lon="-5.82532542"><ele>181.28</ele><time>2024-09-04T13:34:40Z</time></trkpt><trkpt lat="43.39106803" lon="-5.82533450"><ele>181.42</ele><time>2024-09-04T13:34:41Z</time></trkpt><trkpt lat="43.39105522" lon="-5.82534419"><ele>181.48</ele><time>2024-09-04T13:34:42Z</time></trkpt><trkpt lat="43.39104301" lon="-5.82535531"><ele>181.49</ele><time>2024-09-04T13:34:43Z</time></trkpt><trkpt lat="43.39103004" lon="-5.82536837"><ele>181.47</ele><time>2024-09-04T13:34:44Z</time></trkpt><trkpt lat="43.39101759" lon="-5.82538195"><ele>181.45</ele><time>2024-09-04T13:34:45Z</time></trkpt><trkpt lat="43.39100438" lon="-5.82539620"><ele>181.43</ele><time>2024-09-04T13:34:46Z</time></trkpt><trkpt lat="43.39099066" lon="-5.82541124"><ele>181.41</ele><time>2024-09-04T13:34:47Z</time></trkpt><trkpt lat="43.39097555" lon="-5.82542281"><ele>181.40</ele><time>2024-09-04T13:34:48Z</time></trkpt><trkpt lat="43.39095963" lon="-5.82543041"><ele>181.40</ele><time>2024-09-04T13:34:49Z</time></trkpt><trkpt lat="43.39094222" lon="-5.82543619"><ele>181.40</ele><time>2024-09-04T13:34:50Z</time></trkpt><trkpt lat="43.39092293" lon="-5.82544175"><ele>181.40</ele><time>2024-09-04T13:34:51Z</time></trkpt><trkpt lat="43.39090426" lon="-5.82544587"><ele>181.40</ele><time>2024-09-04T13:34:52Z</time></trkpt><trkpt lat="43.39088678" lon="-5.82544931"><ele>181.40</ele><time>2024-09-04T13:34:53Z</time></trkpt><trkpt lat="43.39087016" lon="-5.82545421"><ele>181.40</ele><time>2024-09-04T13:34:54Z</time></trkpt><trkpt lat="43.39085351" lon="-5.82545911"><ele>181.40</ele><time>2024-09-04T13:34:55Z</time></trkpt><trkpt lat="43.39083623" lon="-5.82546569"><ele>181.13</ele><time>2024-09-04T13:34:56Z</time></trkpt><trkpt lat="43.39081905" lon="-5.82547168"><ele>180.95</ele><time>2024-09-04T13:34:57Z</time></trkpt><trkpt lat="43.39080250" lon="-5.82547720"><ele>180.59</ele><time>2024-09-04T13:34:58Z</time></trkpt><trkpt lat="43.39078636" lon="-5.82548239"><ele>180.39</ele><time>2024-09-04T13:34:59Z</time></trkpt><trkpt lat="43.39077098" lon="-5.82548740"><ele>180.30</ele><time>2024-09-04T13:35:00Z</time></trkpt><trkpt lat="43.39075602" lon="-5.82549231"><ele>180.28</ele><time>2024-09-04T13:35:01Z</time></trkpt><trkpt lat="43.39074071" lon="-5.82549666"><ele>180.29</ele><time>2024-09-04T13:35:02Z</time></trkpt><trkpt lat="43.39072453" lon="-5.82550013"><ele>180.33</ele><time>2024-09-04T13:35:03Z</time></trkpt><trkpt lat="43.39070834" lon="-5.82550256"><ele>180.35</ele><time>2024-09-04T13:35:04Z</time></trkpt><trkpt lat="43.39069218" lon="-5.82550442"><ele>180.38</ele><time>2024-09-04T13:35:05Z</time></trkpt><trkpt lat="43.39067607" lon="-5.82550660"><ele>180.39</ele><time>2024-09-04T13:35:06Z</time></trkpt><trkpt lat="43.39065946" lon="-5.82550910"><ele>180.40</ele><time>2024-09-04T13:35:07Z</time></trkpt><trkpt lat="43.39064308" lon="-5.82551185"><ele>180.40</ele><time>2024-09-04T13:35:08Z</time></trkpt><trkpt lat="43.39062635" lon="-5.82551477"><ele>180.41</ele><time>2024-09-04T13:35:09Z</time></trkpt><trkpt lat="43.39060994" lon="-5.82551560"><ele>180.40</ele><time>2024-09-04T13:35:10Z</time></trkpt><trkpt lat="43.39059322" lon="-5.82551618"><ele>180.68</ele><time>2024-09-04T13:35:11Z</time></trkpt><trkpt lat="43.39057630" lon="-5.82551674"><ele>180.57</ele><time>2024-09-04T13:35:12Z</time></trkpt><trkpt lat="43.39055982" lon="-5.82551629"><ele>180.49</ele><time>2024-09-04T13:35:13Z</time></trkpt><trkpt lat="43.39054364" lon="-5.82551690"><ele>180.43</ele><time>2024-09-04T13:35:14Z</time></trkpt><trkpt lat="43.39052709" lon="-5.82551720"><ele>180.13</ele><time>2024-09-04T13:35:15Z</time></trkpt><trkpt lat="43.39051137" lon="-5.82551729"><ele>179.94</ele><time>2024-09-04T13:35:16Z</time></trkpt><trkpt lat="43.39049617" lon="-5.82551727"><ele>179.57</ele><time>2024-09-04T13:35:17Z</time></trkpt><trkpt lat="43.39048072" lon="-5.82551611"><ele>179.37</ele><time>2024-09-04T13:35:18Z</time></trkpt><trkpt lat="43.39046448" lon="-5.82551426"><ele>179.01</ele><time>2024-09-04T13:35:19Z</time></trkpt><trkpt lat="43.39044772" lon="-5.82551206"><ele>178.82</ele><time>2024-09-04T13:35:20Z</time></trkpt><trkpt lat="43.39043122" lon="-5.82550919"><ele>178.76</ele><time>2024-09-04T13:35:21Z</time></trkpt><trkpt lat="43.39041604" lon="-5.82550655"><ele>178.76</ele><time>2024-09-04T13:35:22Z</time></trkpt><trkpt lat="43.39040116" lon="-5.82550468"><ele>178.79</ele><time>2024-09-04T13:35:23Z</time></trkpt><trkpt lat="43.39038531" lon="-5.82550445"><ele>178.82</ele><time>2024-09-04T13:35:24Z</time></trkpt><trkpt lat="43.39036930" lon="-5.82550413"><ele>178.86</ele><time>2024-09-04T13:35:25Z</time></trkpt><trkpt lat="43.39035379" lon="-5.82550417"><ele>179.15</ele><time>2024-09-04T13:35:26Z</time></trkpt><trkpt lat="43.39033860" lon="-5.82550327"><ele>179.34</ele><time>2024-09-04T13:35:27Z</time></trkpt><trkpt lat="43.39032360" lon="-5.82550335"><ele>179.44</ele><time>2024-09-04T13:35:28Z</time></trkpt><trkpt lat="43.39030868" lon="-5.82550517"><ele>179.75</ele><time>2024-09-04T13:35:29Z</time></trkpt><trkpt lat="43.39029379" lon="-5.82550693"><ele>179.92</ele><time>2024-09-04T13:35:30Z</time></trkpt><trkpt lat="43.39027888" lon="-5.82550850"><ele>179.99</ele><time>2024-09-04T13:35:31Z</time></trkpt><trkpt lat="43.39026450" lon="-5.82551041"><ele>180.01</ele><time>2024-09-04T13:35:32Z</time></trkpt><trkpt lat="43.39024988" lon="-5.82551304"><ele>180.26</ele><time>2024-09-04T13:35:33Z</time></trkpt><trkpt lat="43.39023454" lon="-5.82551553"><ele>180.41</ele><time>2024-09-04T13:35:34Z</time></trkpt><trkpt lat="43.39021763" lon="-5.82551731"><ele>180.75</ele><time>2024-09-04T13:35:35Z</time></trkpt><trkpt lat="43.39020141" lon="-5.82551750"><ele>180.93</ele><time>2024-09-04T13:35:36Z</time></trkpt><trkpt lat="43.39018468" lon="-5.82551563"><ele>181.01</ele><time>2024-09-04T13:35:37Z</time></trkpt><trkpt lat="43.39016766" lon="-5.82551204"><ele>181.29</ele><time>2024-09-04T13:35:38Z</time></trkpt><trkpt lat="43.39015215" lon="-5.82550703"><ele>181.17</ele><time>2024-09-04T13:35:39Z</time></trkpt><trkpt lat="43.39013546" lon="-5.82550193"><ele>181.33</ele><time>2024-09-04T13:35:40Z</time></trkpt><trkpt lat="43.39011795" lon="-5.82549701"><ele>181.42</ele><time>2024-09-04T13:35:41Z</time></trkpt><trkpt lat="43.39010107" lon="-5.82549129"><ele>181.18</ele><time>2024-09-04T13:35:42Z</time></trkpt><trkpt lat="43.39008465" lon="-5.82548678"><ele>180.74</ele><time>2024-09-04T13:35:43Z</time></trkpt><trkpt lat="43.39006690" lon="-5.82548587"><ele>180.74</ele><time>2024-09-04T13:35:44Z</time></trkpt><trkpt lat="43.39004882" lon="-5.82548831"><ele>180.78</ele><time>2024-09-04T13:35:45Z</time></trkpt><trkpt lat="43.39003061" lon="-5.82549260"><ele>180.82</ele><time>2024-09-04T13:35:46Z</time></trkpt><trkpt lat="43.39001293" lon="-5.82549658"><ele>180.85</ele><time>2024-09-04T13:35:47Z</time></trkpt><trkpt lat="43.38999673" lon="-5.82549835"><ele>181.15</ele><time>2024-09-04T13:35:48Z</time></trkpt><trkpt lat="43.38998036" lon="-5.82549744"><ele>181.34</ele><time>2024-09-04T13:35:49Z</time></trkpt><trkpt lat="43.38996433" lon="-5.82549542"><ele>181.66</ele><time>2024-09-04T13:35:50Z</time></trkpt><trkpt lat="43.38994846" lon="-5.82549180"><ele>181.83</ele><time>2024-09-04T13:35:51Z</time></trkpt><trkpt lat="43.38993263" lon="-5.82548792"><ele>181.90</ele><time>2024-09-04T13:35:52Z</time></trkpt><trkpt lat="43.38991624" lon="-5.82548302"><ele>181.70</ele><time>2024-09-04T13:35:53Z</time></trkpt><trkpt lat="43.38990111" lon="-5.82547654"><ele>181.54</ele><time>2024-09-04T13:35:54Z</time></trkpt><trkpt lat="43.38988514" lon="-5.82547088"><ele>181.44</ele><time>2024-09-04T13:35:55Z</time></trkpt><trkpt lat="43.38986968" lon="-5.82546484"><ele>181.11</ele><time>2024-09-04T13:35:56Z</time></trkpt><trkpt lat="43.38985453" lon="-5.82545974"><ele>180.92</ele><time>2024-09-04T13:35:57Z</time></trkpt><trkpt lat="43.38984011" lon="-5.82545693"><ele>180.55</ele><time>2024-09-04T13:35:58Z</time></trkpt><trkpt lat="43.38982611" lon="-5.82545610"><ele>180.35</ele><time>2024-09-04T13:35:59Z</time></trkpt><trkpt lat="43.38981121" lon="-5.82545415"><ele>180.27</ele><time>2024-09-04T13:36:00Z</time></trkpt><trkpt lat="43.38979621" lon="-5.82545017"><ele>180.54</ele><time>2024-09-04T13:36:01Z</time></trkpt><trkpt lat="43.38978171" lon="-5.82544375"><ele>181.01</ele><time>2024-09-04T13:36:02Z</time></trkpt><trkpt lat="43.38976754" lon="-5.82543752"><ele>181.30</ele><time>2024-09-04T13:36:03Z</time></trkpt><trkpt lat="43.38975247" lon="-5.82543218"><ele>181.46</ele><time>2024-09-04T13:36:04Z</time></trkpt><trkpt lat="43.38973680" lon="-5.82542917"><ele>181.52</ele><time>2024-09-04T13:36:05Z</time></trkpt><trkpt lat="43.38972023" lon="-5.82542984"><ele>181.52</ele><time>2024-09-04T13:36:06Z</time></trkpt><trkpt lat="43.38970207" lon="-5.82543212"><ele>181.71</ele><time>2024-09-04T13:36:07Z</time></trkpt><trkpt lat="43.38968465" lon="-5.82543398"><ele>181.82</ele><time>2024-09-04T13:36:08Z</time></trkpt><trkpt lat="43.38966841" lon="-5.82543252"><ele>181.86</ele><time>2024-09-04T13:36:09Z</time></trkpt><trkpt lat="43.38965298" lon="-5.82542935"><ele>181.87</ele><time>2024-09-04T13:36:10Z</time></trkpt><trkpt lat="43.38963690" lon="-5.82542468"><ele>181.86</ele><time>2024-09-04T13:36:11Z</time></trkpt><trkpt lat="43.38962089" lon="-5.82541871"><ele>181.84</ele><time>2024-09-04T13:36:12Z</time></trkpt><trkpt lat="43.38960491" lon="-5.82541324"><ele>181.82</ele><time>2024-09-04T13:36:13Z</time></trkpt><trkpt lat="43.38958784" lon="-5.82540831"><ele>181.81</ele><time>2024-09-04T13:36:14Z</time></trkpt><trkpt lat="43.38957009" lon="-5.82540546"><ele>181.80</ele><time>2024-09-04T13:36:15Z</time></trkpt><trkpt lat="43.38955251" lon="-5.82540395"><ele>181.80</ele><time>2024-09-04T13:36:16Z</time></trkpt><trkpt lat="43.38953460" lon="-5.82540261"><ele>181.80</ele><time>2024-09-04T13:36:17Z</time></trkpt><trkpt lat="43.38951596" lon="-5.82540066"><ele>181.80</ele><time>2024-09-04T13:36:18Z</time></trkpt><trkpt lat="43.38949856" lon="-5.82539875"><ele>181.58</ele><time>2024-09-04T13:36:19Z</time></trkpt><trkpt lat="43.38948366" lon="-5.82539576"><ele>181.44</ele><time>2024-09-04T13:36:20Z</time></trkpt><trkpt lat="43.38946975" lon="-5.82539096"><ele>181.37</ele><time>2024-09-04T13:36:21Z</time></trkpt><trkpt lat="43.38945627" lon="-5.82538509"><ele>181.34</ele><time>2024-09-04T13:36:22Z</time></trkpt><trkpt lat="43.38944123" lon="-5.82537979"><ele>181.34</ele><time>2024-09-04T13:36:23Z</time></trkpt><trkpt lat="43.38942562" lon="-5.82537504"><ele>181.36</ele><time>2024-09-04T13:36:24Z</time></trkpt><trkpt lat="43.38940967" lon="-5.82536959"><ele>181.37</ele><time>2024-09-04T13:36:25Z</time></trkpt><trkpt lat="43.38939300" lon="-5.82536427"><ele>181.38</ele><time>2024-09-04T13:36:26Z</time></trkpt><trkpt lat="43.38937594" lon="-5.82536070"><ele>181.39</ele><time>2024-09-04T13:36:27Z</time></trkpt><trkpt lat="43.38935871" lon="-5.82535990"><ele>181.40</ele><time>2024-09-04T13:36:28Z</time></trkpt><trkpt lat="43.38934145" lon="-5.82536020"><ele>181.40</ele><time>2024-09-04T13:36:29Z</time></trkpt><trkpt lat="43.38932424" lon="-5.82535984"><ele>181.40</ele><time>2024-09-04T13:36:30Z</time></trkpt><trkpt lat="43.38930873" lon="-5.82535665"><ele>181.40</ele><time>2024-09-04T13:36:31Z</time></trkpt><trkpt lat="43.38929323" lon="-5.82535321"><ele>181.13</ele><time>2024-09-04T13:36:32Z</time></trkpt><trkpt lat="43.38927761" lon="-5.82534866"><ele>180.96</ele><time>2024-09-04T13:36:33Z</time></trkpt><trkpt lat="43.38926242" lon="-5.82534460"><ele>180.87</ele><time>2024-09-04T13:36:34Z</time></trkpt><trkpt lat="43.38924636" lon="-5.82533772"><ele>180.83</ele><time>2024-09-04T13:36:35Z</time></trkpt><trkpt lat="43.38923080" lon="-5.82533128"><ele>180.56</ele><time>2024-09-04T13:36:36Z</time></trkpt><trkpt lat="43.38921559" lon="-5.82532263"><ele>180.67</ele><time>2024-09-04T13:36:37Z</time></trkpt><trkpt lat="43.38920058" lon="-5.82531159"><ele>180.77</ele><time>2024-09-04T13:36:38Z</time></trkpt><trkpt lat="43.38918622" lon="-5.82530035"><ele>180.57</ele><time>2024-09-04T13:36:39Z</time></trkpt><trkpt lat="43.38917167" lon="-5.82529038"><ele>180.45</ele><time>2024-09-04T13:36:40Z</time></trkpt><trkpt lat="43.38915694" lon="-5.82528141"><ele>180.38</ele><time>2024-09-04T13:36:41Z</time></trkpt><trkpt lat="43.38914263" lon="-5.82527473"><ele>180.35</ele><time>2024-09-04T13:36:42Z</time></trkpt><trkpt lat="43.38912802" lon="-5.82526945"><ele>180.35</ele><time>2024-09-04T13:36:43Z</time></trkpt><trkpt lat="43.38911428" lon="-5.82526323"><ele>180.36</ele><time>2024-09-04T13:36:44Z</time></trkpt><trkpt lat="43.38910110" lon="-5.82525839"><ele>180.37</ele><time>2024-09-04T13:36:45Z</time></trkpt><trkpt lat="43.38908767" lon="-5.82525325"><ele>180.38</ele><time>2024-09-04T13:36:46Z</time></trkpt><trkpt lat="43.38907290" lon="-5.82524835"><ele>180.39</ele><time>2024-09-04T13:36:47Z</time></trkpt><trkpt lat="43.38905781" lon="-5.82524408"><ele>180.40</ele><time>2024-09-04T13:36:48Z</time></trkpt><trkpt lat="43.38904315" lon="-5.82524452"><ele>180.40</ele><time>2024-09-04T13:36:49Z</time></trkpt><trkpt lat="43.38903045" lon="-5.82525114"><ele>180.40</ele><time>2024-09-04T13:36:50Z</time></trkpt><trkpt lat="43.38901901" lon="-5.82526237"><ele>180.40</ele><time>2024-09-04T13:36:51Z</time></trkpt><trkpt lat="43.38900714" lon="-5.82527586"><ele>180.40</ele><time>2024-09-04T13:36:52Z</time></trkpt><trkpt lat="43.38899757" lon="-5.82529170"><ele>180.40</ele><time>2024-09-04T13:36:53Z</time></trkpt><trkpt lat="43.38898828" lon="-5.82530678"><ele>180.40</ele><time>2024-09-04T13:36:54Z</time></trkpt><trkpt lat="43.38897788" lon="-5.82531813"><ele>180.40</ele><time>2024-09-04T13:36:55Z</time></trkpt><trkpt lat="43.38896663" lon="-5.82532578"><ele>180.40</ele><time>2024-09-04T13:36:56Z</time></trkpt><trkpt lat="43.38895320" lon="-5.82532844"><ele>180.67</ele><time>2024-09-04T13:36:57Z</time></trkpt><trkpt lat="43.38893844" lon="-5.82532718"><ele>180.85</ele><time>2024-09-04T13:36:58Z</time></trkpt><trkpt lat="43.38892248" lon="-5.82532399"><ele>181.21</ele><time>2024-09-04T13:36:59Z</time></trkpt><trkpt lat="43.38890707" lon="-5.82532017"><ele>181.63</ele><time>2024-09-04T13:37:00Z</time></trkpt><trkpt lat="43.38889165" lon="-5.82531701"><ele>181.86</ele><time>2024-09-04T13:37:01Z</time></trkpt><trkpt lat="43.38887578" lon="-5.82531405"><ele>182.22</ele><time>2024-09-04T13:37:02Z</time></trkpt><trkpt lat="43.38886076" lon="-5.82531139"><ele>182.41</ele><time>2024-09-04T13:37:03Z</time></trkpt><trkpt lat="43.38884635" lon="-5.82530846"><ele>182.47</ele><time>2024-09-04T13:37:04Z</time></trkpt><trkpt lat="43.38883230" lon="-5.82530540"><ele>182.73</ele><time>2024-09-04T13:37:05Z</time></trkpt><trkpt lat="43.38881788" lon="-5.82530283"><ele>182.87</ele><time>2024-09-04T13:37:06Z</time></trkpt><trkpt lat="43.38880208" lon="-5.82530006"><ele>183.19</ele><time>2024-09-04T13:37:07Z</time></trkpt><trkpt lat="43.38878648" lon="-5.82529770"><ele>183.36</ele><time>2024-09-04T13:37:08Z</time></trkpt><trkpt lat="43.38877002" lon="-5.82529778"><ele>183.69</ele><time>2024-09-04T13:37:09Z</time></trkpt><trkpt lat="43.38875414" lon="-5.82529830"><ele>184.09</ele><time>2024-09-04T13:37:10Z</time></trkpt><trkpt lat="43.38873871" lon="-5.82529998"><ele>184.07</ele><time>2024-09-04T13:37:11Z</time></trkpt><trkpt lat="43.38872303" lon="-5.82530336"><ele>184.01</ele><time>2024-09-04T13:37:12Z</time></trkpt><trkpt lat="43.38870608" lon="-5.82530819"><ele>183.66</ele><time>2024-09-04T13:37:13Z</time></trkpt><trkpt lat="43.38868887" lon="-5.82531480"><ele>183.15</ele><time>2024-09-04T13:37:14Z</time></trkpt><trkpt lat="43.38867323" lon="-5.82532231"><ele>182.57</ele><time>2024-09-04T13:37:15Z</time></trkpt><trkpt lat="43.38865919" lon="-5.82533120"><ele>182.25</ele><time>2024-09-04T13:37:16Z</time></trkpt><trkpt lat="43.38864611" lon="-5.82534184"><ele>181.84</ele><time>2024-09-04T13:37:17Z</time></trkpt><trkpt lat="43.38863238" lon="-5.82535171"><ele>181.65</ele><time>2024-09-04T13:37:18Z</time></trkpt><trkpt lat="43.38861973" lon="-5.82536138"><ele>181.59</ele><time>2024-09-04T13:37:19Z</time></trkpt><trkpt lat="43.38860716" lon="-5.82537136"><ele>181.39</ele><time>2024-09-04T13:37:20Z</time></trkpt><trkpt lat="43.38859562" lon="-5.82538204"><ele>181.30</ele><time>2024-09-04T13:37:21Z</time></trkpt><trkpt lat="43.38858413" lon="-5.82539364"><ele>181.28</ele><time>2024-09-04T13:37:22Z</time></trkpt><trkpt lat="43.38857254" lon="-5.82540575"><ele>181.30</ele><time>2024-09-04T13:37:23Z</time></trkpt><trkpt lat="43.38856028" lon="-5.82541588"><ele>181.05</ele><time>2024-09-04T13:37:24Z</time></trkpt><trkpt lat="43.38854756" lon="-5.82542575"><ele>180.91</ele><time>2024-09-04T13:37:25Z</time></trkpt><trkpt lat="43.38853511" lon="-5.82543608"><ele>180.84</ele><time>2024-09-04T13:37:26Z</time></trkpt><trkpt lat="43.38852234" lon="-5.82544730"><ele>180.82</ele><time>2024-09-04T13:37:27Z</time></trkpt><trkpt lat="43.38850882" lon="-5.82545910"><ele>181.11</ele><time>2024-09-04T13:37:28Z</time></trkpt><trkpt lat="43.38849541" lon="-5.82547120"><ele>181.30</ele><time>2024-09-04T13:37:29Z</time></trkpt><trkpt lat="43.38848159" lon="-5.82548287"><ele>181.40</ele><time>2024-09-04T13:37:30Z</time></trkpt><trkpt lat="43.38846810" lon="-5.82549420"><ele>181.67</ele><time>2024-09-04T13:37:31Z</time></trkpt><trkpt lat="43.38845539" lon="-5.82550585"><ele>181.82</ele><time>2024-09-04T13:37:32Z</time></trkpt><trkpt lat="43.38844430" lon="-5.82551827"><ele>181.88</ele><time>2024-09-04T13:37:33Z</time></trkpt><trkpt lat="43.38843307" lon="-5.82553062"><ele>181.89</ele><time>2024-09-04T13:37:34Z</time></trkpt><trkpt lat="43.38842162" lon="-5.82554340"><ele>181.88</ele><time>2024-09-04T13:37:35Z</time></trkpt><trkpt lat="43.38841104" lon="-5.82555370"><ele>181.64</ele><time>2024-09-04T13:37:36Z</time></trkpt><trkpt lat="43.38839880" lon="-5.82556293"><ele>181.48</ele><time>2024-09-04T13:37:37Z</time></trkpt><trkpt lat="43.38838543" lon="-5.82557217"><ele>181.39</ele><time>2024-09-04T13:37:38Z</time></trkpt><trkpt lat="43.38837195" lon="-5.82558212"><ele>181.57</ele><time>2024-09-04T13:37:39Z</time></trkpt><trkpt lat="43.38836017" lon="-5.82559316"><ele>181.70</ele><time>2024-09-04T13:37:40Z</time></trkpt><trkpt lat="43.38834845" lon="-5.82560436"><ele>181.78</ele><time>2024-09-04T13:37:41Z</time></trkpt><trkpt lat="43.38833724" lon="-5.82561668"><ele>182.09</ele><time>2024-09-04T13:37:42Z</time></trkpt><trkpt lat="43.38832576" lon="-5.82563129"><ele>182.28</ele><time>2024-09-04T13:37:43Z</time></trkpt><trkpt lat="43.38831568" lon="-5.82564615"><ele>182.37</ele><time>2024-09-04T13:37:44Z</time></trkpt><trkpt lat="43.38830648" lon="-5.82566202"><ele>182.39</ele><time>2024-09-04T13:37:45Z</time></trkpt><trkpt lat="43.38829771" lon="-5.82567893"><ele>182.39</ele><time>2024-09-04T13:37:46Z</time></trkpt><trkpt lat="43.38828909" lon="-5.82569524"><ele>182.36</ele><time>2024-09-04T13:37:47Z</time></trkpt><trkpt lat="43.38827882" lon="-5.82571099"><ele>182.61</ele><time>2024-09-04T13:37:48Z</time></trkpt><trkpt lat="43.38826743" lon="-5.82572579"><ele>182.77</ele><time>2024-09-04T13:37:49Z</time></trkpt><trkpt lat="43.38825540" lon="-5.82573944"><ele>182.84</ele><time>2024-09-04T13:37:50Z</time></trkpt><trkpt lat="43.38824254" lon="-5.82575297"><ele>183.14</ele><time>2024-09-04T13:37:51Z</time></trkpt><trkpt lat="43.38823092" lon="-5.82576546"><ele>183.31</ele><time>2024-09-04T13:37:52Z</time></trkpt><trkpt lat="43.38821965" lon="-5.82577737"><ele>183.66</ele><time>2024-09-04T13:37:53Z</time></trkpt><trkpt lat="43.38820806" lon="-5.82578958"><ele>183.85</ele><time>2024-09-04T13:37:54Z</time></trkpt><trkpt lat="43.38819842" lon="-5.82580320"><ele>184.14</ele><time>2024-09-04T13:37:55Z</time></trkpt><trkpt lat="43.38819001" lon="-5.82581664"><ele>184.29</ele><time>2024-09-04T13:37:56Z</time></trkpt><trkpt lat="43.38818170" lon="-5.82582992"><ele>184.33</ele><time>2024-09-04T13:37:57Z</time></trkpt><trkpt lat="43.38817165" lon="-5.82584252"><ele>184.33</ele><time>2024-09-04T13:37:58Z</time></trkpt><trkpt lat="43.38816040" lon="-5.82585577"><ele>184.30</ele><time>2024-09-04T13:37:59Z</time></trkpt><trkpt lat="43.38814899" lon="-5.82586839"><ele>184.26</ele><time>2024-09-04T13:38:00Z</time></trkpt><trkpt lat="43.38813759" lon="-5.82588004"><ele>184.51</ele><time>2024-09-04T13:38:01Z</time></trkpt><trkpt lat="43.38812628" lon="-5.82589111"><ele>184.66</ele><time>2024-09-04T13:38:02Z</time></trkpt><trkpt lat="43.38811508" lon="-5.82590136"><ele>185.01</ele><time>2024-09-04T13:38:03Z</time></trkpt><trkpt lat="43.38810288" lon="-5.82591119"><ele>185.48</ele><time>2024-09-04T13:38:04Z</time></trkpt><trkpt lat="43.38809006" lon="-5.82592195"><ele>185.74</ele><time>2024-09-04T13:38:05Z</time></trkpt><trkpt lat="43.38807746" lon="-5.82593339"><ele>186.07</ele><time>2024-09-04T13:38:06Z</time></trkpt><trkpt lat="43.38806563" lon="-5.82594527"><ele>186.23</ele><time>2024-09-04T13:38:07Z</time></trkpt><trkpt lat="43.38805434" lon="-5.82595683"><ele>186.27</ele><time>2024-09-04T13:38:08Z</time></trkpt><trkpt lat="43.38804280" lon="-5.82596811"><ele>186.25</ele><time>2024-09-04T13:38:09Z</time></trkpt><trkpt lat="43.38803050" lon="-5.82597922"><ele>186.21</ele><time>2024-09-04T13:38:10Z</time></trkpt><trkpt lat="43.38801881" lon="-5.82598913"><ele>186.44</ele><time>2024-09-04T13:38:11Z</time></trkpt><trkpt lat="43.38800808" lon="-5.82599939"><ele>186.58</ele><time>2024-09-04T13:38:12Z</time></trkpt><trkpt lat="43.38799685" lon="-5.82601052"><ele>186.65</ele><time>2024-09-04T13:38:13Z</time></trkpt><trkpt lat="43.38798414" lon="-5.82602223"><ele>186.94</ele><time>2024-09-04T13:38:14Z</time></trkpt><trkpt lat="43.38797212" lon="-5.82603317"><ele>187.11</ele><time>2024-09-04T13:38:15Z</time></trkpt><trkpt lat="43.38796063" lon="-5.82604465"><ele>187.18</ele><time>2024-09-04T13:38:16Z</time></trkpt><trkpt lat="43.38794949" lon="-5.82605758"><ele>187.20</ele><time>2024-09-04T13:38:17Z</time></trkpt><trkpt lat="43.38793853" lon="-5.82606921"><ele>187.18</ele><time>2024-09-04T13:38:18Z</time></trkpt><trkpt lat="43.38792711" lon="-5.82608100"><ele>187.16</ele><time>2024-09-04T13:38:19Z</time></trkpt><trkpt lat="43.38791534" lon="-5.82609181"><ele>187.14</ele><time>2024-09-04T13:38:20Z</time></trkpt><trkpt lat="43.38790283" lon="-5.82610255"><ele>187.12</ele><time>2024-09-04T13:38:21Z</time></trkpt><trkpt lat="43.38788988" lon="-5.82611223"><ele>187.38</ele><time>2024-09-04T13:38:22Z</time></trkpt><trkpt lat="43.38787671" lon="-5.82612127"><ele>187.54</ele><time>2024-09-04T13:38:23Z</time></trkpt><trkpt lat="43.38786403" lon="-5.82613002"><ele>187.90</ele><time>2024-09-04T13:38:24Z</time></trkpt><trkpt lat="43.38785281" lon="-5.82614142"><ele>188.11</ele><time>2024-09-04T13:38:25Z</time></trkpt><trkpt lat="43.38784196" lon="-5.82615294"><ele>188.20</ele><time>2024-09-04T13:38:26Z</time></trkpt><trkpt lat="43.38783070" lon="-5.82616495"><ele>188.22</ele><time>2024-09-04T13:38:27Z</time></trkpt><trkpt lat="43.38781965" lon="-5.82617717"><ele>188.20</ele><time>2024-09-04T13:38:28Z</time></trkpt><trkpt lat="43.38780925" lon="-5.82619055"><ele>188.17</ele><time>2024-09-04T13:38:29Z</time></trkpt><trkpt lat="43.38779923" lon="-5.82620348"><ele>188.42</ele><time>2024-09-04T13:38:30Z</time></trkpt><trkpt lat="43.38778883" lon="-5.82621656"><ele>188.57</ele><time>2024-09-04T13:38:31Z</time></trkpt><trkpt lat="43.38777760" lon="-5.82622805"><ele>188.64</ele><time>2024-09-04T13:38:32Z</time></trkpt><trkpt lat="43.38776636" lon="-5.82623905"><ele>188.67</ele><time>2024-09-04T13:38:33Z</time></trkpt><trkpt lat="43.38775354" lon="-5.82625037"><ele>188.66</ele><time>2024-09-04T13:38:34Z</time></trkpt><trkpt lat="43.38774029" lon="-5.82626144"><ele>188.87</ele><time>2024-09-04T13:38:35Z</time></trkpt><trkpt lat="43.38772745" lon="-5.82627238"><ele>188.99</ele><time>2024-09-04T13:38:36Z</time></trkpt><trkpt lat="43.38771497" lon="-5.82628436"><ele>189.05</ele><time>2024-09-04T13:38:37Z</time></trkpt><trkpt lat="43.38770222" lon="-5.82629594"><ele>189.33</ele><time>2024-09-04T13:38:38Z</time></trkpt><trkpt lat="43.38769037" lon="-5.82630886"><ele>189.50</ele><time>2024-09-04T13:38:39Z</time></trkpt><trkpt lat="43.38767858" lon="-5.82632206"><ele>189.58</ele><time>2024-09-04T13:38:40Z</time></trkpt><trkpt lat="43.38766621" lon="-5.82633536"><ele>189.59</ele><time>2024-09-04T13:38:41Z</time></trkpt><trkpt lat="43.38765455" lon="-5.82634863"><ele>189.58</ele><time>2024-09-04T13:38:42Z</time></trkpt><trkpt lat="43.38764225" lon="-5.82635910"><ele>189.83</ele><time>2024-09-04T13:38:43Z</time></trkpt><trkpt lat="43.38762897" lon="-5.82636886"><ele>189.98</ele><time>2024-09-04T13:38:44Z</time></trkpt><trkpt lat="43.38761618" lon="-5.82637672"><ele>190.05</ele><time>2024-09-04T13:38:45Z</time></trkpt><trkpt lat="43.38760488" lon="-5.82638517"><ele>190.07</ele><time>2024-09-04T13:38:46Z</time></trkpt><trkpt lat="43.38759453" lon="-5.82639258"><ele>190.07</ele><time>2024-09-04T13:38:47Z</time></trkpt><trkpt lat="43.38758359" lon="-5.82639997"><ele>190.05</ele><time>2024-09-04T13:38:48Z</time></trkpt><trkpt lat="43.38757270" lon="-5.82640804"><ele>190.03</ele><time>2024-09-04T13:38:49Z</time></trkpt><trkpt lat="43.38756073" lon="-5.82641715"><ele>190.02</ele><time>2024-09-04T13:38:50Z</time></trkpt><trkpt lat="43.38755022" lon="-5.82642802"><ele>190.01</ele><time>2024-09-04T13:38:51Z</time></trkpt><trkpt lat="43.38753961" lon="-5.82643884"><ele>190.00</ele><time>2024-09-04T13:38:52Z</time></trkpt><trkpt lat="43.38752887" lon="-5.82645000"><ele>190.27</ele><time>2024-09-04T13:38:53Z</time></trkpt><trkpt lat="43.38751747" lon="-5.82646129"><ele>190.44</ele><time>2024-09-04T13:38:54Z</time></trkpt><trkpt lat="43.38750564" lon="-5.82647093"><ele>190.81</ele><time>2024-09-04T13:38:55Z</time></trkpt><trkpt lat="43.38749304" lon="-5.82648112"><ele>191.01</ele><time>2024-09-04T13:38:56Z</time></trkpt><trkpt lat="43.38748109" lon="-5.82649227"><ele>191.10</ele><time>2024-09-04T13:38:57Z</time></trkpt><trkpt lat="43.38747073" lon="-5.82650404"><ele>191.34</ele><time>2024-09-04T13:38:58Z</time></trkpt><trkpt lat="43.38746084" lon="-5.82651614"><ele>191.46</ele><time>2024-09-04T13:38:59Z</time></trkpt><trkpt lat="43.38745114" lon="-5.82652892"><ele>191.50</ele><time>2024-09-04T13:39:00Z</time></trkpt><trkpt lat="43.38744036" lon="-5.82654204"><ele>191.50</ele><time>2024-09-04T13:39:01Z</time></trkpt><trkpt lat="43.38742993" lon="-5.82655585"><ele>191.48</ele><time>2024-09-04T13:39:02Z</time></trkpt><trkpt lat="43.38741921" lon="-5.82657001"><ele>191.72</ele><time>2024-09-04T13:39:03Z</time></trkpt><trkpt lat="43.38740938" lon="-5.82658265"><ele>191.87</ele><time>2024-09-04T13:39:04Z</time></trkpt><trkpt lat="43.38739904" lon="-5.82659371"><ele>191.95</ele><time>2024-09-04T13:39:05Z</time></trkpt><trkpt lat="43.38739052" lon="-5.82660165"><ele>192.24</ele><time>2024-09-04T13:39:06Z</time></trkpt><trkpt lat="43.38738424" lon="-5.82660720"><ele>192.41</ele><time>2024-09-04T13:39:07Z</time></trkpt><trkpt lat="43.38737979" lon="-5.82661046"><ele>192.48</ele><time>2024-09-04T13:39:08Z</time></trkpt><trkpt lat="43.38737245" lon="-5.82661536"><ele>192.77</ele><time>2024-09-04T13:39:09Z</time></trkpt><trkpt lat="43.38736246" lon="-5.82662221"><ele>192.93</ele><time>2024-09-04T13:39:10Z</time></trkpt><trkpt lat="43.38735195" lon="-5.82663259"><ele>193.27</ele><time>2024-09-04T13:39:11Z</time></trkpt><trkpt lat="43.38734130" lon="-5.82664513"><ele>193.45</ele><time>2024-09-04T13:39:12Z</time></trkpt><trkpt lat="43.38733073" lon="-5.82665819"><ele>193.52</ele><time>2024-09-04T13:39:13Z</time></trkpt><trkpt lat="43.38731977" lon="-5.82667128"><ele>193.75</ele><time>2024-09-04T13:39:14Z</time></trkpt><trkpt lat="43.38731026" lon="-5.82668523"><ele>194.13</ele><time>2024-09-04T13:39:15Z</time></trkpt><trkpt lat="43.38730283" lon="-5.82669794"><ele>194.62</ele><time>2024-09-04T13:39:16Z</time></trkpt><trkpt lat="43.38729609" lon="-5.82670810"><ele>194.88</ele><time>2024-09-04T13:39:17Z</time></trkpt><trkpt lat="43.38728962" lon="-5.82671663"><ele>195.25</ele><time>2024-09-04T13:39:18Z</time></trkpt><trkpt lat="43.38728315" lon="-5.82672158"><ele>195.43</ele><time>2024-09-04T13:39:19Z</time></trkpt><trkpt lat="43.38727767" lon="-5.82672449"><ele>195.48</ele><time>2024-09-04T13:39:20Z</time></trkpt><trkpt lat="43.38727655" lon="-5.82672485"><ele>195.74</ele><time>2024-09-04T13:39:21Z</time></trkpt><trkpt lat="43.38727427" lon="-5.82672671"><ele>195.87</ele><time>2024-09-04T13:39:22Z</time></trkpt><trkpt lat="43.38726813" lon="-5.82673102"><ele>195.92</ele><time>2024-09-04T13:39:23Z</time></trkpt><trkpt lat="43.38725834" lon="-5.82673864"><ele>195.91</ele><time>2024-09-04T13:39:24Z</time></trkpt><trkpt lat="43.38724697" lon="-5.82674883"><ele>196.16</ele><time>2024-09-04T13:39:25Z</time></trkpt><trkpt lat="43.38723495" lon="-5.82676089"><ele>196.30</ele><time>2024-09-04T13:39:26Z</time></trkpt><trkpt lat="43.38722341" lon="-5.82677434"><ele>196.36</ele><time>2024-09-04T13:39:27Z</time></trkpt><trkpt lat="43.38721241" lon="-5.82678723"><ele>196.38</ele><time>2024-09-04T13:39:28Z</time></trkpt><trkpt lat="43.38720077" lon="-5.82679838"><ele>196.37</ele><time>2024-09-04T13:39:29Z</time></trkpt><trkpt lat="43.38718823" lon="-5.82680772"><ele>196.35</ele><time>2024-09-04T13:39:30Z</time></trkpt><trkpt lat="43.38717517" lon="-5.82681651"><ele>196.33</ele><time>2024-09-04T13:39:31Z</time></trkpt><trkpt lat="43.38716190" lon="-5.82682619"><ele>196.32</ele><time>2024-09-04T13:39:32Z</time></trkpt><trkpt lat="43.38714749" lon="-5.82683655"><ele>196.31</ele><time>2024-09-04T13:39:33Z</time></trkpt><trkpt lat="43.38713353" lon="-5.82684571"><ele>196.30</ele><time>2024-09-04T13:39:34Z</time></trkpt><trkpt lat="43.38711999" lon="-5.82685573"><ele>196.30</ele><time>2024-09-04T13:39:35Z</time></trkpt><trkpt lat="43.38710674" lon="-5.82686634"><ele>196.30</ele><time>2024-09-04T13:39:36Z</time></trkpt><trkpt lat="43.38709478" lon="-5.82687676"><ele>196.30</ele><time>2024-09-04T13:39:37Z</time></trkpt><trkpt lat="43.38708305" lon="-5.82688918"><ele>196.30</ele><time>2024-09-04T13:39:38Z</time></trkpt><trkpt lat="43.38707193" lon="-5.82690122"><ele>196.52</ele><time>2024-09-04T13:39:39Z</time></trkpt><trkpt lat="43.38706055" lon="-5.82691285"><ele>196.44</ele><time>2024-09-04T13:39:40Z</time></trkpt><trkpt lat="43.38704893" lon="-5.82692472"><ele>196.37</ele><time>2024-09-04T13:39:41Z</time></trkpt><trkpt lat="43.38703712" lon="-5.82693726"><ele>196.33</ele><time>2024-09-04T13:39:42Z</time></trkpt><trkpt lat="43.38702518" lon="-5.82695076"><ele>196.30</ele><time>2024-09-04T13:39:43Z</time></trkpt><trkpt lat="43.38701262" lon="-5.82696425"><ele>196.29</ele><time>2024-09-04T13:39:44Z</time></trkpt><trkpt lat="43.38699969" lon="-5.82697654"><ele>196.01</ele><time>2024-09-04T13:39:45Z</time></trkpt><trkpt lat="43.38698657" lon="-5.82698801"><ele>195.84</ele><time>2024-09-04T13:39:46Z</time></trkpt><trkpt lat="43.38697395" lon="-5.82699955"><ele>196.03</ele><time>2024-09-04T13:39:47Z</time></trkpt><trkpt lat="43.38696167" lon="-5.82701014"><ele>196.17</ele><time>2024-09-04T13:39:48Z</time></trkpt><trkpt lat="43.38695016" lon="-5.82701907"><ele>196.26</ele><time>2024-09-04T13:39:49Z</time></trkpt><trkpt lat="43.38693911" lon="-5.82702869"><ele>196.53</ele><time>2024-09-04T13:39:50Z</time></trkpt><trkpt lat="43.38692828" lon="-5.82703837"><ele>196.69</ele><time>2024-09-04T13:39:51Z</time></trkpt><trkpt lat="43.38691696" lon="-5.82704924"><ele>196.76</ele><time>2024-09-04T13:39:52Z</time></trkpt><trkpt lat="43.38690473" lon="-5.82706143"><ele>196.78</ele><time>2024-09-04T13:39:53Z</time></trkpt><trkpt lat="43.38689247" lon="-5.82707386"><ele>197.05</ele><time>2024-09-04T13:39:54Z</time></trkpt><trkpt lat="43.38687916" lon="-5.82708629"><ele>196.93</ele><time>2024-09-04T13:39:55Z</time></trkpt><trkpt lat="43.38686632" lon="-5.82709755"><ele>196.82</ele><time>2024-09-04T13:39:56Z</time></trkpt><trkpt lat="43.38685332" lon="-5.82710800"><ele>196.75</ele><time>2024-09-04T13:39:57Z</time></trkpt><trkpt lat="43.38684026" lon="-5.82711745"><ele>196.71</ele><time>2024-09-04T13:39:58Z</time></trkpt><trkpt lat="43.38682608" lon="-5.82712634"><ele>196.69</ele><time>2024-09-04T13:39:59Z</time></trkpt><trkpt lat="43.38681341" lon="-5.82713501"><ele>196.68</ele><time>2024-09-04T13:40:00Z</time></trkpt><trkpt lat="43.38680177" lon="-5.82714364"><ele>196.68</ele><time>2024-09-04T13:40:01Z</time></trkpt><trkpt lat="43.38679020" lon="-5.82715343"><ele>196.96</ele><time>2024-09-04T13:40:02Z</time></trkpt><trkpt lat="43.38677802" lon="-5.82716400"><ele>197.14</ele><time>2024-09-04T13:40:03Z</time></trkpt><trkpt lat="43.38676648" lon="-5.82717611"><ele>197.23</ele><time>2024-09-04T13:40:04Z</time></trkpt><trkpt lat="43.38675480" lon="-5.82718966"><ele>197.27</ele><time>2024-09-04T13:40:05Z</time></trkpt><trkpt lat="43.38674353" lon="-5.82720395"><ele>197.27</ele><time>2024-09-04T13:40:06Z</time></trkpt><trkpt lat="43.38673197" lon="-5.82721797"><ele>197.26</ele><time>2024-09-04T13:40:07Z</time></trkpt><trkpt lat="43.38672017" lon="-5.82723166"><ele>197.24</ele><time>2024-09-04T13:40:08Z</time></trkpt><trkpt lat="43.38670877" lon="-5.82724395"><ele>197.22</ele><time>2024-09-04T13:40:09Z</time></trkpt><trkpt lat="43.38669764" lon="-5.82725478"><ele>197.21</ele><time>2024-09-04T13:40:10Z</time></trkpt><trkpt lat="43.38668666" lon="-5.82726533"><ele>197.48</ele><time>2024-09-04T13:40:11Z</time></trkpt><trkpt lat="43.38667628" lon="-5.82727584"><ele>197.64</ele><time>2024-09-04T13:40:12Z</time></trkpt><trkpt lat="43.38666627" lon="-5.82728808"><ele>197.73</ele><time>2024-09-04T13:40:13Z</time></trkpt><trkpt lat="43.38665532" lon="-5.82730093"><ele>198.04</ele><time>2024-09-04T13:40:14Z</time></trkpt><trkpt lat="43.38664373" lon="-5.82731354"><ele>198.21</ele><time>2024-09-04T13:40:15Z</time></trkpt><trkpt lat="43.38663067" lon="-5.82732592"><ele>198.29</ele><time>2024-09-04T13:40:16Z</time></trkpt><trkpt lat="43.38661729" lon="-5.82733756"><ele>198.30</ele><time>2024-09-04T13:40:17Z</time></trkpt><trkpt lat="43.38660438" lon="-5.82734819"><ele>198.29</ele><time>2024-09-04T13:40:18Z</time></trkpt><trkpt lat="43.38659189" lon="-5.82735767"><ele>198.48</ele><time>2024-09-04T13:40:19Z</time></trkpt><trkpt lat="43.38658024" lon="-5.82736763"><ele>198.59</ele><time>2024-09-04T13:40:20Z</time></trkpt><trkpt lat="43.38656856" lon="-5.82737802"><ele>198.65</ele><time>2024-09-04T13:40:21Z</time></trkpt><trkpt lat="43.38655680" lon="-5.82738819"><ele>198.66</ele><time>2024-09-04T13:40:22Z</time></trkpt><trkpt lat="43.38654549" lon="-5.82739823"><ele>198.65</ele><time>2024-09-04T13:40:23Z</time></trkpt><trkpt lat="43.38653447" lon="-5.82740929"><ele>198.91</ele><time>2024-09-04T13:40:24Z</time></trkpt><trkpt lat="43.38652302" lon="-5.82742047"><ele>199.07</ele><time>2024-09-04T13:40:25Z</time></trkpt><trkpt lat="43.38651127" lon="-5.82743439"><ele>199.15</ele><time>2024-09-04T13:40:26Z</time></trkpt><trkpt lat="43.38649768" lon="-5.82744782"><ele>199.17</ele><time>2024-09-04T13:40:27Z</time></trkpt><trkpt lat="43.38648406" lon="-5.82746072"><ele>199.17</ele><time>2024-09-04T13:40:28Z</time></trkpt><trkpt lat="43.38647055" lon="-5.82747319"><ele>198.88</ele><time>2024-09-04T13:40:29Z</time></trkpt><trkpt lat="43.38645611" lon="-5.82748427"><ele>198.96</ele><time>2024-09-04T13:40:30Z</time></trkpt><trkpt lat="43.38644167" lon="-5.82749394"><ele>199.03</ele><time>2024-09-04T13:40:31Z</time></trkpt><trkpt lat="43.38642842" lon="-5.82750447"><ele>199.07</ele><time>2024-09-04T13:40:32Z</time></trkpt><trkpt lat="43.38641653" lon="-5.82751516"><ele>199.10</ele><time>2024-09-04T13:40:33Z</time></trkpt><trkpt lat="43.38640489" lon="-5.82752762"><ele>199.11</ele><time>2024-09-04T13:40:34Z</time></trkpt><trkpt lat="43.38639274" lon="-5.82753903"><ele>199.11</ele><time>2024-09-04T13:40:35Z</time></trkpt><trkpt lat="43.38638018" lon="-5.82754912"><ele>199.11</ele><time>2024-09-04T13:40:36Z</time></trkpt><trkpt lat="43.38636735" lon="-5.82755892"><ele>198.84</ele><time>2024-09-04T13:40:37Z</time></trkpt><trkpt lat="43.38635489" lon="-5.82756863"><ele>198.66</ele><time>2024-09-04T13:40:38Z</time></trkpt><trkpt lat="43.38634216" lon="-5.82757946"><ele>198.57</ele><time>2024-09-04T13:40:39Z</time></trkpt><trkpt lat="43.38632980" lon="-5.82758995"><ele>198.53</ele><time>2024-09-04T13:40:40Z</time></trkpt><trkpt lat="43.38631713" lon="-5.82759800"><ele>198.53</ele><time>2024-09-04T13:40:41Z</time></trkpt><trkpt lat="43.38630480" lon="-5.82760396"><ele>198.82</ele><time>2024-09-04T13:40:42Z</time></trkpt><trkpt lat="43.38629214" lon="-5.82760658"><ele>199.01</ele><time>2024-09-04T13:40:43Z</time></trkpt><trkpt lat="43.38627927" lon="-5.82760515"><ele>199.11</ele><time>2024-09-04T13:40:44Z</time></trkpt><trkpt lat="43.38626682" lon="-5.82759773"><ele>199.43</ele><time>2024-09-04T13:40:45Z</time></trkpt><trkpt lat="43.38625356" lon="-5.82758540"><ele>199.34</ele><time>2024-09-04T13:40:46Z</time></trkpt><trkpt lat="43.38624196" lon="-5.82757016"><ele>198.97</ele><time>2024-09-04T13:40:47Z</time></trkpt><trkpt lat="43.38623091" lon="-5.82755331"><ele>198.51</ele><time>2024-09-04T13:40:48Z</time></trkpt><trkpt lat="43.38621957" lon="-5.82753722"><ele>197.96</ele><time>2024-09-04T13:40:49Z</time></trkpt><trkpt lat="43.38620797" lon="-5.82752322"><ele>197.38</ele><time>2024-09-04T13:40:50Z</time></trkpt><trkpt lat="43.38619560" lon="-5.82751082"><ele>197.08</ele><time>2024-09-04T13:40:51Z</time></trkpt><trkpt lat="43.38618167" lon="-5.82750161"><ele>196.70</ele><time>2024-09-04T13:40:52Z</time></trkpt><trkpt lat="43.38616735" lon="-5.82749761"><ele>196.52</ele><time>2024-09-04T13:40:53Z</time></trkpt><trkpt lat="43.38615291" lon="-5.82749934"><ele>196.48</ele><time>2024-09-04T13:40:54Z</time></trkpt><trkpt lat="43.38613907" lon="-5.82750525"><ele>196.51</ele><time>2024-09-04T13:40:55Z</time></trkpt><trkpt lat="43.38612567" lon="-5.82751416"><ele>196.56</ele><time>2024-09-04T13:40:56Z</time></trkpt><trkpt lat="43.38611365" lon="-5.82752589"><ele>196.62</ele><time>2024-09-04T13:40:57Z</time></trkpt><trkpt lat="43.38610138" lon="-5.82753873"><ele>196.66</ele><time>2024-09-04T13:40:58Z</time></trkpt><trkpt lat="43.38608885" lon="-5.82755060"><ele>196.69</ele><time>2024-09-04T13:40:59Z</time></trkpt><trkpt lat="43.38607500" lon="-5.82756086"><ele>196.70</ele><time>2024-09-04T13:41:00Z</time></trkpt><trkpt lat="43.38605922" lon="-5.82756937"><ele>196.71</ele><time>2024-09-04T13:41:01Z</time></trkpt><trkpt lat="43.38604230" lon="-5.82757568"><ele>196.49</ele><time>2024-09-04T13:41:02Z</time></trkpt><trkpt lat="43.38602430" lon="-5.82757906"><ele>196.35</ele><time>2024-09-04T13:41:03Z</time></trkpt><trkpt lat="43.38600526" lon="-5.82758027"><ele>196.28</ele><time>2024-09-04T13:41:04Z</time></trkpt><trkpt lat="43.38598576" lon="-5.82757992"><ele>196.25</ele><time>2024-09-04T13:41:05Z</time></trkpt><trkpt lat="43.38596889" lon="-5.82757783"><ele>196.25</ele><time>2024-09-04T13:41:06Z</time></trkpt><trkpt lat="43.38595273" lon="-5.82757388"><ele>196.26</ele><time>2024-09-04T13:41:07Z</time></trkpt><trkpt lat="43.38593693" lon="-5.82756908"><ele>196.49</ele><time>2024-09-04T13:41:08Z</time></trkpt><trkpt lat="43.38592179" lon="-5.82756296"><ele>196.64</ele><time>2024-09-04T13:41:09Z</time></trkpt><trkpt lat="43.38590808" lon="-5.82755628"><ele>196.72</ele><time>2024-09-04T13:41:10Z</time></trkpt><trkpt lat="43.38589517" lon="-5.82754894"><ele>196.75</ele><time>2024-09-04T13:41:11Z</time></trkpt><trkpt lat="43.38588314" lon="-5.82754028"><ele>196.76</ele><time>2024-09-04T13:41:12Z</time></trkpt><trkpt lat="43.38587262" lon="-5.82753040"><ele>196.75</ele><time>2024-09-04T13:41:13Z</time></trkpt><trkpt lat="43.38586234" lon="-5.82751940"><ele>196.73</ele><time>2024-09-04T13:41:14Z</time></trkpt><trkpt lat="43.38585148" lon="-5.82750734"><ele>196.72</ele><time>2024-09-04T13:41:15Z</time></trkpt><trkpt lat="43.38584065" lon="-5.82749536"><ele>196.71</ele><time>2024-09-04T13:41:16Z</time></trkpt><trkpt lat="43.38582926" lon="-5.82748199"><ele>196.98</ele><time>2024-09-04T13:41:17Z</time></trkpt><trkpt lat="43.38581802" lon="-5.82746785"><ele>197.14</ele><time>2024-09-04T13:41:18Z</time></trkpt><trkpt lat="43.38580746" lon="-5.82745285"><ele>197.51</ele><time>2024-09-04T13:41:19Z</time></trkpt><trkpt lat="43.38579786" lon="-5.82743745"><ele>197.71</ele><time>2024-09-04T13:41:20Z</time></trkpt><trkpt lat="43.38578884" lon="-5.82742251"><ele>197.80</ele><time>2024-09-04T13:41:21Z</time></trkpt><trkpt lat="43.38578007" lon="-5.82740743"><ele>197.82</ele><time>2024-09-04T13:41:22Z</time></trkpt><trkpt lat="43.38577138" lon="-5.82739230"><ele>197.80</ele><time>2024-09-04T13:41:23Z</time></trkpt><trkpt lat="43.38576265" lon="-5.82737718"><ele>197.77</ele><time>2024-09-04T13:41:24Z</time></trkpt><trkpt lat="43.38575439" lon="-5.82736154"><ele>197.47</ele><time>2024-09-04T13:41:25Z</time></trkpt><trkpt lat="43.38574641" lon="-5.82734449"><ele>197.28</ele><time>2024-09-04T13:41:26Z</time></trkpt><trkpt lat="43.38573854" lon="-5.82732606"><ele>197.44</ele><time>2024-09-04T13:41:27Z</time></trkpt><trkpt lat="43.38573070" lon="-5.82730688"><ele>197.58</ele><time>2024-09-04T13:41:28Z</time></trkpt><trkpt lat="43.38572338" lon="-5.82728576"><ele>197.39</ele><time>2024-09-04T13:41:29Z</time></trkpt><trkpt lat="43.38571473" lon="-5.82726412"><ele>197.54</ele><time>2024-09-04T13:41:30Z</time></trkpt><trkpt lat="43.38570792" lon="-5.82724237"><ele>197.37</ele><time>2024-09-04T13:41:31Z</time></trkpt><trkpt lat="43.38570233" lon="-5.82722129"><ele>197.25</ele><time>2024-09-04T13:41:32Z</time></trkpt><trkpt lat="43.38569687" lon="-5.82720128"><ele>197.19</ele><time>2024-09-04T13:41:33Z</time></trkpt><trkpt lat="43.38569081" lon="-5.82718143"><ele>197.16</ele><time>2024-09-04T13:41:34Z</time></trkpt><trkpt lat="43.38568155" lon="-5.82716326"><ele>197.16</ele><time>2024-09-04T13:41:35Z</time></trkpt><trkpt lat="43.38567134" lon="-5.82714719"><ele>196.89</ele><time>2024-09-04T13:41:36Z</time></trkpt><trkpt lat="43.38566184" lon="-5.82713176"><ele>196.73</ele><time>2024-09-04T13:41:37Z</time></trkpt><trkpt lat="43.38565134" lon="-5.82711540"><ele>196.65</ele><time>2024-09-04T13:41:38Z</time></trkpt><trkpt lat="43.38564083" lon="-5.82709991"><ele>196.90</ele><time>2024-09-04T13:41:39Z</time></trkpt><trkpt lat="43.38563042" lon="-5.82708383"><ele>197.07</ele><time>2024-09-04T13:41:40Z</time></trkpt><trkpt lat="43.38562069" lon="-5.82706728"><ele>197.18</ele><time>2024-09-04T13:41:41Z</time></trkpt><trkpt lat="43.38561197" lon="-5.82705152"><ele>196.96</ele><time>2024-09-04T13:41:42Z</time></trkpt><trkpt lat="43.38560550" lon="-5.82703682"><ele>197.08</ele><time>2024-09-04T13:41:43Z</time></trkpt><trkpt lat="43.38559818" lon="-5.82702166"><ele>197.16</ele><time>2024-09-04T13:41:44Z</time></trkpt><trkpt lat="43.38558903" lon="-5.82700666"><ele>197.20</ele><time>2024-09-04T13:41:45Z</time></trkpt><trkpt lat="43.38557919" lon="-5.82699119"><ele>197.22</ele><time>2024-09-04T13:41:46Z</time></trkpt><trkpt lat="43.38556956" lon="-5.82697539"><ele>197.23</ele><time>2024-09-04T13:41:47Z</time></trkpt><trkpt lat="43.38556015" lon="-5.82696103"><ele>197.22</ele><time>2024-09-04T13:41:48Z</time></trkpt><trkpt lat="43.38555039" lon="-5.82694872"><ele>197.22</ele><time>2024-09-04T13:41:49Z</time></trkpt><trkpt lat="43.38553932" lon="-5.82693815"><ele>197.21</ele><time>2024-09-04T13:41:50Z</time></trkpt><trkpt lat="43.38553019" lon="-5.82692359"><ele>197.20</ele><time>2024-09-04T13:41:51Z</time></trkpt><trkpt lat="43.38552295" lon="-5.82690517"><ele>197.47</ele><time>2024-09-04T13:41:52Z</time></trkpt><trkpt lat="43.38551627" lon="-5.82688445"><ele>197.65</ele><time>2024-09-04T13:41:53Z</time></trkpt><trkpt lat="43.38551033" lon="-5.82686482"><ele>197.73</ele><time>2024-09-04T13:41:54Z</time></trkpt><trkpt lat="43.38550472" lon="-5.82684569"><ele>197.77</ele><time>2024-09-04T13:41:55Z</time></trkpt><trkpt lat="43.38549916" lon="-5.82682484"><ele>197.77</ele><time>2024-09-04T13:41:56Z</time></trkpt><trkpt lat="43.38549409" lon="-5.82680243"><ele>197.75</ele><time>2024-09-04T13:41:57Z</time></trkpt><trkpt lat="43.38548871" lon="-5.82678082"><ele>197.74</ele><time>2024-09-04T13:41:58Z</time></trkpt><trkpt lat="43.38548359" lon="-5.82675991"><ele>197.72</ele><time>2024-09-04T13:41:59Z</time></trkpt><trkpt lat="43.38547863" lon="-5.82673843"><ele>197.71</ele><time>2024-09-04T13:42:00Z</time></trkpt><trkpt lat="43.38547536" lon="-5.82671438"><ele>197.70</ele><time>2024-09-04T13:42:01Z</time></trkpt><trkpt lat="43.38547150" lon="-5.82668877"><ele>197.70</ele><time>2024-09-04T13:42:02Z</time></trkpt><trkpt lat="43.38547040" lon="-5.82666180"><ele>197.70</ele><time>2024-09-04T13:42:03Z</time></trkpt><trkpt lat="43.38547264" lon="-5.82663477"><ele>197.70</ele><time>2024-09-04T13:42:04Z</time></trkpt><trkpt lat="43.38547786" lon="-5.82660956"><ele>197.70</ele><time>2024-09-04T13:42:05Z</time></trkpt><trkpt lat="43.38548023" lon="-5.82658565"><ele>197.70</ele><time>2024-09-04T13:42:06Z</time></trkpt><trkpt lat="43.38547983" lon="-5.82656253"><ele>197.43</ele><time>2024-09-04T13:42:07Z</time></trkpt><trkpt lat="43.38547544" lon="-5.82654142"><ele>197.25</ele><time>2024-09-04T13:42:08Z</time></trkpt><trkpt lat="43.38546868" lon="-5.82652202"><ele>197.16</ele><time>2024-09-04T13:42:09Z</time></trkpt><trkpt lat="43.38546024" lon="-5.82650565"><ele>197.13</ele><time>2024-09-04T13:42:10Z</time></trkpt><trkpt lat="43.38545059" lon="-5.82649096"><ele>197.40</ele><time>2024-09-04T13:42:11Z</time></trkpt><trkpt lat="43.38543999" lon="-5.82647860"><ele>197.59</ele><time>2024-09-04T13:42:12Z</time></trkpt><trkpt lat="43.38542962" lon="-5.82646737"><ele>197.70</ele><time>2024-09-04T13:42:13Z</time></trkpt><trkpt lat="43.38541802" lon="-5.82645704"><ele>197.75</ele><time>2024-09-04T13:42:14Z</time></trkpt><trkpt lat="43.38540468" lon="-5.82644862"><ele>197.76</ele><time>2024-09-04T13:42:15Z</time></trkpt><trkpt lat="43.38539040" lon="-5.82644333"><ele>197.75</ele><time>2024-09-04T13:42:16Z</time></trkpt><trkpt lat="43.38537522" lon="-5.82644083"><ele>197.74</ele><time>2024-09-04T13:42:17Z</time></trkpt><trkpt lat="43.38536021" lon="-5.82643971"><ele>197.72</ele><time>2024-09-04T13:42:18Z</time></trkpt><trkpt lat="43.38534604" lon="-5.82643902"><ele>197.71</ele><time>2024-09-04T13:42:19Z</time></trkpt><trkpt lat="43.38533305" lon="-5.82643552"><ele>197.70</ele><time>2024-09-04T13:42:20Z</time></trkpt><trkpt lat="43.38532025" lon="-5.82643054"><ele>197.70</ele><time>2024-09-04T13:42:21Z</time></trkpt><trkpt lat="43.38530751" lon="-5.82642304"><ele>197.42</ele><time>2024-09-04T13:42:22Z</time></trkpt><trkpt lat="43.38529582" lon="-5.82641353"><ele>197.25</ele><time>2024-09-04T13:42:23Z</time></trkpt><trkpt lat="43.38528476" lon="-5.82640190"><ele>197.16</ele><time>2024-09-04T13:42:24Z</time></trkpt><trkpt lat="43.38527345" lon="-5.82638815"><ele>197.13</ele><time>2024-09-04T13:42:25Z</time></trkpt><trkpt lat="43.38526243" lon="-5.82637283"><ele>197.13</ele><time>2024-09-04T13:42:26Z</time></trkpt><trkpt lat="43.38525208" lon="-5.82635523"><ele>197.15</ele><time>2024-09-04T13:42:27Z</time></trkpt><trkpt lat="43.38524322" lon="-5.82633761"><ele>197.16</ele><time>2024-09-04T13:42:28Z</time></trkpt><trkpt lat="43.38523411" lon="-5.82632195"><ele>197.18</ele><time>2024-09-04T13:42:29Z</time></trkpt><trkpt lat="43.38522525" lon="-5.82630612"><ele>197.19</ele><time>2024-09-04T13:42:30Z</time></trkpt><trkpt lat="43.38521648" lon="-5.82629017"><ele>196.93</ele><time>2024-09-04T13:42:31Z</time></trkpt><trkpt lat="43.38520878" lon="-5.82627306"><ele>196.76</ele><time>2024-09-04T13:42:32Z</time></trkpt><trkpt lat="43.38520118" lon="-5.82625579"><ele>196.67</ele><time>2024-09-04T13:42:33Z</time></trkpt><trkpt lat="43.38519299" lon="-5.82623686"><ele>196.63</ele><time>2024-09-04T13:42:34Z</time></trkpt><trkpt lat="43.38518436" lon="-5.82621968"><ele>196.41</ele><time>2024-09-04T13:42:35Z</time></trkpt><trkpt lat="43.38517654" lon="-5.82619993"><ele>196.29</ele><time>2024-09-04T13:42:36Z</time></trkpt><trkpt lat="43.38516927" lon="-5.82617800"><ele>195.96</ele><time>2024-09-04T13:42:37Z</time></trkpt><trkpt lat="43.38516121" lon="-5.82615594"><ele>195.78</ele><time>2024-09-04T13:42:38Z</time></trkpt><trkpt lat="43.38515150" lon="-5.82613404"><ele>195.70</ele><time>2024-09-04T13:42:39Z</time></trkpt><trkpt lat="43.38514186" lon="-5.82611351"><ele>195.69</ele><time>2024-09-04T13:42:40Z</time></trkpt><trkpt lat="43.38513129" lon="-5.82609610"><ele>195.70</ele><time>2024-09-04T13:42:41Z</time></trkpt><trkpt lat="43.38512021" lon="-5.82608172"><ele>195.73</ele><time>2024-09-04T13:42:42Z</time></trkpt><trkpt lat="43.38510783" lon="-5.82606846"><ele>195.76</ele><time>2024-09-04T13:42:43Z</time></trkpt><trkpt lat="43.38509635" lon="-5.82605445"><ele>195.51</ele><time>2024-09-04T13:42:44Z</time></trkpt><trkpt lat="43.38508506" lon="-5.82603969"><ele>195.35</ele><time>2024-09-04T13:42:45Z</time></trkpt><trkpt lat="43.38507610" lon="-5.82602432"><ele>195.27</ele><time>2024-09-04T13:42:46Z</time></trkpt><trkpt lat="43.38506753" lon="-5.82600908"><ele>195.24</ele><time>2024-09-04T13:42:47Z</time></trkpt><trkpt lat="43.38505849" lon="-5.82599341"><ele>195.24</ele><time>2024-09-04T13:42:48Z</time></trkpt><trkpt lat="43.38504903" lon="-5.82597638"><ele>195.25</ele><time>2024-09-04T13:42:49Z</time></trkpt><trkpt lat="43.38504036" lon="-5.82595907"><ele>195.27</ele><time>2024-09-04T13:42:50Z</time></trkpt><trkpt lat="43.38503220" lon="-5.82594007"><ele>195.28</ele><time>2024-09-04T13:42:51Z</time></trkpt><trkpt lat="43.38502538" lon="-5.82591953"><ele>195.02</ele><time>2024-09-04T13:42:52Z</time></trkpt><trkpt lat="43.38501936" lon="-5.82589820"><ele>194.85</ele><time>2024-09-04T13:42:53Z</time></trkpt><trkpt lat="43.38501370" lon="-5.82587604"><ele>194.49</ele><time>2024-09-04T13:42:54Z</time></trkpt><trkpt lat="43.38500922" lon="-5.82585626"><ele>194.29</ele><time>2024-09-04T13:42:55Z</time></trkpt><trkpt lat="43.38500538" lon="-5.82583980"><ele>194.20</ele><time>2024-09-04T13:42:56Z</time></trkpt><trkpt lat="43.38500508" lon="-5.82582044"><ele>194.18</ele><time>2024-09-04T13:42:57Z</time></trkpt><trkpt lat="43.38500578" lon="-5.82579846"><ele>194.20</ele><time>2024-09-04T13:42:58Z</time></trkpt><trkpt lat="43.38500569" lon="-5.82577594"><ele>194.50</ele><time>2024-09-04T13:42:59Z</time></trkpt><trkpt lat="43.38500319" lon="-5.82575220"><ele>194.70</ele><time>2024-09-04T13:43:00Z</time></trkpt><trkpt lat="43.38499799" lon="-5.82572894"><ele>195.09</ele><time>2024-09-04T13:43:01Z</time></trkpt><trkpt lat="43.38499171" lon="-5.82570453"><ele>195.31</ele><time>2024-09-04T13:43:02Z</time></trkpt><trkpt lat="43.38498555" lon="-5.82567947"><ele>195.41</ele><time>2024-09-04T13:43:03Z</time></trkpt><trkpt lat="43.38498024" lon="-5.82565522"><ele>195.43</ele><time>2024-09-04T13:43:04Z</time></trkpt><trkpt lat="43.38497560" lon="-5.82563489"><ele>195.41</ele><time>2024-09-04T13:43:05Z</time></trkpt><trkpt lat="43.38496920" lon="-5.82561704"><ele>195.38</ele><time>2024-09-04T13:43:06Z</time></trkpt><trkpt lat="43.38496059" lon="-5.82559940"><ele>195.35</ele><time>2024-09-04T13:43:07Z</time></trkpt><trkpt lat="43.38495339" lon="-5.82557830"><ele>195.05</ele><time>2024-09-04T13:43:08Z</time></trkpt><trkpt lat="43.38494567" lon="-5.82555588"><ele>194.59</ele><time>2024-09-04T13:43:09Z</time></trkpt><trkpt lat="43.38493766" lon="-5.82553548"><ele>194.32</ele><time>2024-09-04T13:43:10Z</time></trkpt><trkpt lat="43.38492951" lon="-5.82551540"><ele>194.19</ele><time>2024-09-04T13:43:11Z</time></trkpt><trkpt lat="43.38492188" lon="-5.82549604"><ele>194.16</ele><time>2024-09-04T13:43:12Z</time></trkpt><trkpt lat="43.38491462" lon="-5.82547763"><ele>194.44</ele><time>2024-09-04T13:43:13Z</time></trkpt><trkpt lat="43.38490649" lon="-5.82546083"><ele>194.65</ele><time>2024-09-04T13:43:14Z</time></trkpt><trkpt lat="43.38489724" lon="-5.82544602"><ele>194.78</ele><time>2024-09-04T13:43:15Z</time></trkpt><trkpt lat="43.38488731" lon="-5.82543229"><ele>194.84</ele><time>2024-09-04T13:43:16Z</time></trkpt><trkpt lat="43.38487761" lon="-5.82541899"><ele>195.13</ele><time>2024-09-04T13:43:17Z</time></trkpt><trkpt lat="43.38486871" lon="-5.82540409"><ele>195.30</ele><time>2024-09-04T13:43:18Z</time></trkpt><trkpt lat="43.38486091" lon="-5.82538858"><ele>195.38</ele><time>2024-09-04T13:43:19Z</time></trkpt><trkpt lat="43.38485378" lon="-5.82537322"><ele>195.40</ele><time>2024-09-04T13:43:20Z</time></trkpt><trkpt lat="43.38484643" lon="-5.82535801"><ele>195.38</ele><time>2024-09-04T13:43:21Z</time></trkpt><trkpt lat="43.38483940" lon="-5.82534291"><ele>195.36</ele><time>2024-09-04T13:43:22Z</time></trkpt><trkpt lat="43.38483196" lon="-5.82532734"><ele>195.34</ele><time>2024-09-04T13:43:23Z</time></trkpt><trkpt lat="43.38482423" lon="-5.82531146"><ele>195.32</ele><time>2024-09-04T13:43:24Z</time></trkpt><trkpt lat="43.38481575" lon="-5.82529597"><ele>195.31</ele><time>2024-09-04T13:43:25Z</time></trkpt><trkpt lat="43.38480683" lon="-5.82528020"><ele>195.30</ele><time>2024-09-04T13:43:26Z</time></trkpt><trkpt lat="43.38479769" lon="-5.82526481"><ele>195.30</ele><time>2024-09-04T13:43:27Z</time></trkpt><trkpt lat="43.38478793" lon="-5.82525022"><ele>195.30</ele><time>2024-09-04T13:43:28Z</time></trkpt><trkpt lat="43.38477894" lon="-5.82523557"><ele>195.30</ele><time>2024-09-04T13:43:29Z</time></trkpt><trkpt lat="43.38477050" lon="-5.82522082"><ele>195.30</ele><time>2024-09-04T13:43:30Z</time></trkpt><trkpt lat="43.38476459" lon="-5.82520324"><ele>195.30</ele><time>2024-09-04T13:43:31Z</time></trkpt><trkpt lat="43.38476352" lon="-5.82518059"><ele>195.57</ele><time>2024-09-04T13:43:32Z</time></trkpt><trkpt lat="43.38476802" lon="-5.82515546"><ele>195.75</ele><time>2024-09-04T13:43:33Z</time></trkpt><trkpt lat="43.38477504" lon="-5.82513142"><ele>195.84</ele><time>2024-09-04T13:43:34Z</time></trkpt><trkpt lat="43.38478572" lon="-5.82511181"><ele>195.60</ele><time>2024-09-04T13:43:35Z</time></trkpt><trkpt lat="43.38479812" lon="-5.82509518"><ele>195.42</ele><time>2024-09-04T13:43:36Z</time></trkpt><trkpt lat="43.38481047" lon="-5.82508135"><ele>195.05</ele><time>2024-09-04T13:43:37Z</time></trkpt><trkpt lat="43.38482119" lon="-5.82506896"><ele>194.82</ele><time>2024-09-04T13:43:38Z</time></trkpt><trkpt lat="43.38483114" lon="-5.82505601"><ele>194.44</ele><time>2024-09-04T13:43:39Z</time></trkpt><trkpt lat="43.38484055" lon="-5.82504127"><ele>194.24</ele><time>2024-09-04T13:43:40Z</time></trkpt><trkpt lat="43.38484852" lon="-5.82502578"><ele>194.16</ele><time>2024-09-04T13:43:41Z</time></trkpt><trkpt lat="43.38485673" lon="-5.82500985"><ele>194.15</ele><time>2024-09-04T13:43:42Z</time></trkpt><trkpt lat="43.38486358" lon="-5.82499425"><ele>193.91</ele><time>2024-09-04T13:43:43Z</time></trkpt><trkpt lat="43.38486908" lon="-5.82497783"><ele>194.05</ele><time>2024-09-04T13:43:44Z</time></trkpt><trkpt lat="43.38487277" lon="-5.82495982"><ele>194.16</ele><time>2024-09-04T13:43:45Z</time></trkpt><trkpt lat="43.38487604" lon="-5.82494034"><ele>194.25</ele><time>2024-09-04T13:43:46Z</time></trkpt><trkpt lat="43.38487982" lon="-5.82492117"><ele>194.29</ele><time>2024-09-04T13:43:47Z</time></trkpt><trkpt lat="43.38488355" lon="-5.82490075"><ele>194.04</ele><time>2024-09-04T13:43:48Z</time></trkpt><trkpt lat="43.38488785" lon="-5.82488073"><ele>194.15</ele><time>2024-09-04T13:43:49Z</time></trkpt><trkpt lat="43.38489093" lon="-5.82485948"><ele>194.23</ele><time>2024-09-04T13:43:50Z</time></trkpt><trkpt lat="43.38489267" lon="-5.82483586"><ele>194.01</ele><time>2024-09-04T13:43:51Z</time></trkpt><trkpt lat="43.38489420" lon="-5.82481197"><ele>193.86</ele><time>2024-09-04T13:43:52Z</time></trkpt><trkpt lat="43.38489519" lon="-5.82478924"><ele>193.78</ele><time>2024-09-04T13:43:53Z</time></trkpt><trkpt lat="43.38489538" lon="-5.82476904"><ele>193.75</ele><time>2024-09-04T13:43:54Z</time></trkpt><trkpt lat="43.38489517" lon="-5.82475046"><ele>193.75</ele><time>2024-09-04T13:43:55Z</time></trkpt><trkpt lat="43.38489155" lon="-5.82473001"><ele>194.03</ele><time>2024-09-04T13:43:56Z</time></trkpt><trkpt lat="43.38488588" lon="-5.82470980"><ele>194.22</ele><time>2024-09-04T13:43:57Z</time></trkpt><trkpt lat="43.38488084" lon="-5.82469139"><ele>194.32</ele><time>2024-09-04T13:43:58Z</time></trkpt><trkpt lat="43.38487706" lon="-5.82467573"><ele>194.36</ele><time>2024-09-04T13:43:59Z</time></trkpt><trkpt lat="43.38487315" lon="-5.82466222"><ele>194.37</ele><time>2024-09-04T13:44:00Z</time></trkpt><trkpt lat="43.38486698" lon="-5.82464761"><ele>194.36</ele><time>2024-09-04T13:44:01Z</time></trkpt><trkpt lat="43.38486157" lon="-5.82462926"><ele>193.85</ele><time>2024-09-04T13:44:02Z</time></trkpt><trkpt lat="43.38485681" lon="-5.82460843"><ele>192.97</ele><time>2024-09-04T13:44:03Z</time></trkpt><trkpt lat="43.38485360" lon="-5.82458678"><ele>191.91</ele><time>2024-09-04T13:44:04Z</time></trkpt><trkpt lat="43.38485135" lon="-5.82456325"><ele>191.10</ele><time>2024-09-04T13:44:05Z</time></trkpt><trkpt lat="43.38484958" lon="-5.82454151"><ele>190.71</ele><time>2024-09-04T13:44:06Z</time></trkpt><trkpt lat="43.38484963" lon="-5.82452061"><ele>190.32</ele><time>2024-09-04T13:44:07Z</time></trkpt><trkpt lat="43.38485016" lon="-5.82450247"><ele>190.18</ele><time>2024-09-04T13:44:08Z</time></trkpt><trkpt lat="43.38485079" lon="-5.82448822"><ele>190.19</ele><time>2024-09-04T13:44:09Z</time></trkpt><trkpt lat="43.38485188" lon="-5.82447731"><ele>190.26</ele><time>2024-09-04T13:44:10Z</time></trkpt><trkpt lat="43.38485425" lon="-5.82446920"><ele>190.07</ele><time>2024-09-04T13:44:11Z</time></trkpt><trkpt lat="43.38485570" lon="-5.82446457"><ele>189.97</ele><time>2024-09-04T13:44:12Z</time></trkpt><trkpt lat="43.38485861" lon="-5.82446275"><ele>189.93</ele><time>2024-09-04T13:44:13Z</time></trkpt><trkpt lat="43.38486077" lon="-5.82446435"><ele>189.93</ele><time>2024-09-04T13:44:14Z</time></trkpt><trkpt lat="43.38486234" lon="-5.82446376"><ele>189.67</ele><time>2024-09-04T13:44:15Z</time></trkpt><trkpt lat="43.38486135" lon="-5.82445796"><ele>189.51</ele><time>2024-09-04T13:44:16Z</time></trkpt><trkpt lat="43.38485821" lon="-5.82444432"><ele>189.44</ele><time>2024-09-04T13:44:17Z</time></trkpt><trkpt lat="43.38485337" lon="-5.82442598"><ele>189.15</ele><time>2024-09-04T13:44:18Z</time></trkpt><trkpt lat="43.38484718" lon="-5.82440591"><ele>189.26</ele><time>2024-09-04T13:44:19Z</time></trkpt><trkpt lat="43.38483823" lon="-5.82438714"><ele>189.36</ele><time>2024-09-04T13:44:20Z</time></trkpt><trkpt lat="43.38482890" lon="-5.82436921"><ele>189.43</ele><time>2024-09-04T13:44:21Z</time></trkpt><trkpt lat="43.38481968" lon="-5.82435317"><ele>189.48</ele><time>2024-09-04T13:44:22Z</time></trkpt><trkpt lat="43.38481022" lon="-5.82434115"><ele>189.78</ele><time>2024-09-04T13:44:23Z</time></trkpt><trkpt lat="43.38479857" lon="-5.82433488"><ele>189.96</ele><time>2024-09-04T13:44:24Z</time></trkpt><trkpt lat="43.38478454" lon="-5.82433300"><ele>190.05</ele><time>2024-09-04T13:44:25Z</time></trkpt><trkpt lat="43.38477032" lon="-5.82433331"><ele>190.36</ele><time>2024-09-04T13:44:26Z</time></trkpt><trkpt lat="43.38475682" lon="-5.82433542"><ele>190.25</ele><time>2024-09-04T13:44:27Z</time></trkpt><trkpt lat="43.38474451" lon="-5.82433866"><ele>190.42</ele><time>2024-09-04T13:44:28Z</time></trkpt><trkpt lat="43.38473193" lon="-5.82434324"><ele>190.52</ele><time>2024-09-04T13:44:29Z</time></trkpt><trkpt lat="43.38471804" lon="-5.82434666"><ele>190.56</ele><time>2024-09-04T13:44:30Z</time></trkpt><trkpt lat="43.38470605" lon="-5.82434850"><ele>190.56</ele><time>2024-09-04T13:44:31Z</time></trkpt><trkpt lat="43.38469481" lon="-5.82434814"><ele>190.55</ele><time>2024-09-04T13:44:32Z</time></trkpt><trkpt lat="43.38468340" lon="-5.82434588"><ele>190.54</ele><time>2024-09-04T13:44:33Z</time></trkpt><trkpt lat="43.38467126" lon="-5.82434096"><ele>190.79</ele><time>2024-09-04T13:44:34Z</time></trkpt><trkpt lat="43.38465859" lon="-5.82433570"><ele>190.96</ele><time>2024-09-04T13:44:35Z</time></trkpt><trkpt lat="43.38464561" lon="-5.82433165"><ele>191.04</ele><time>2024-09-04T13:44:36Z</time></trkpt><trkpt lat="43.38463304" lon="-5.82433131"><ele>191.07</ele><time>2024-09-04T13:44:37Z</time></trkpt><trkpt lat="43.38461968" lon="-5.82433446"><ele>190.79</ele><time>2024-09-04T13:44:38Z</time></trkpt><trkpt lat="43.38460473" lon="-5.82433904"><ele>190.61</ele><time>2024-09-04T13:44:39Z</time></trkpt><trkpt lat="43.38459103" lon="-5.82434415"><ele>190.50</ele><time>2024-09-04T13:44:40Z</time></trkpt><trkpt lat="43.38457934" lon="-5.82434707"><ele>190.72</ele><time>2024-09-04T13:44:41Z</time></trkpt><trkpt lat="43.38456783" lon="-5.82434729"><ele>190.88</ele><time>2024-09-04T13:44:42Z</time></trkpt><trkpt lat="43.38455631" lon="-5.82434963"><ele>190.98</ele><time>2024-09-04T13:44:43Z</time></trkpt><trkpt lat="43.38454849" lon="-5.82435569"><ele>191.03</ele><time>2024-09-04T13:44:44Z</time></trkpt><trkpt lat="43.38454351" lon="-5.82436024"><ele>191.26</ele><time>2024-09-04T13:44:45Z</time></trkpt><trkpt lat="43.38453674" lon="-5.82436301"><ele>191.40</ele><time>2024-09-04T13:44:46Z</time></trkpt><trkpt lat="43.38452793" lon="-5.82436514"><ele>191.46</ele><time>2024-09-04T13:44:47Z</time></trkpt><trkpt lat="43.38451718" lon="-5.82436751"><ele>191.75</ele><time>2024-09-04T13:44:48Z</time></trkpt><trkpt lat="43.38450528" lon="-5.82437393"><ele>191.91</ele><time>2024-09-04T13:44:49Z</time></trkpt><trkpt lat="43.38449066" lon="-5.82437969"><ele>191.98</ele><time>2024-09-04T13:44:50Z</time></trkpt><trkpt lat="43.38447450" lon="-5.82438258"><ele>192.00</ele><time>2024-09-04T13:44:51Z</time></trkpt><trkpt lat="43.38445714" lon="-5.82438028"><ele>191.98</ele><time>2024-09-04T13:44:52Z</time></trkpt><trkpt lat="43.38444040" lon="-5.82437319"><ele>191.96</ele><time>2024-09-04T13:44:53Z</time></trkpt><trkpt lat="43.38442595" lon="-5.82436189"><ele>191.94</ele><time>2024-09-04T13:44:54Z</time></trkpt><trkpt lat="43.38441361" lon="-5.82434798"><ele>191.92</ele><time>2024-09-04T13:44:55Z</time></trkpt><trkpt lat="43.38440251" lon="-5.82433144"><ele>191.91</ele><time>2024-09-04T13:44:56Z</time></trkpt><trkpt lat="43.38439254" lon="-5.82431546"><ele>191.90</ele><time>2024-09-04T13:44:57Z</time></trkpt><trkpt lat="43.38438253" lon="-5.82429928"><ele>192.17</ele><time>2024-09-04T13:44:58Z</time></trkpt><trkpt lat="43.38437284" lon="-5.82428217"><ele>192.34</ele><time>2024-09-04T13:44:59Z</time></trkpt><trkpt lat="43.38436323" lon="-5.82426629"><ele>192.70</ele><time>2024-09-04T13:45:00Z</time></trkpt><trkpt lat="43.38435521" lon="-5.82425083"><ele>193.18</ele><time>2024-09-04T13:45:01Z</time></trkpt><trkpt lat="43.38434813" lon="-5.82423566"><ele>193.45</ele><time>2024-09-04T13:45:02Z</time></trkpt><trkpt lat="43.38434203" lon="-5.82421410"><ele>193.78</ele><time>2024-09-04T13:45:03Z</time></trkpt><trkpt lat="43.38433805" lon="-5.82418575"><ele>194.20</ele><time>2024-09-04T13:45:04Z</time></trkpt><trkpt lat="43.38433742" lon="-5.82415737"><ele>194.42</ele><time>2024-09-04T13:45:05Z</time></trkpt><trkpt lat="43.38433865" lon="-5.82413187"><ele>194.49</ele><time>2024-09-04T13:45:06Z</time></trkpt><trkpt lat="43.38434123" lon="-5.82410974"><ele>194.48</ele><time>2024-09-04T13:45:07Z</time></trkpt><trkpt lat="43.38434430" lon="-5.82408925"><ele>194.44</ele><time>2024-09-04T13:45:08Z</time></trkpt><trkpt lat="43.38434681" lon="-5.82406962"><ele>194.39</ele><time>2024-09-04T13:45:09Z</time></trkpt><trkpt lat="43.38434657" lon="-5.82404647"><ele>194.35</ele><time>2024-09-04T13:45:10Z</time></trkpt><trkpt lat="43.38434284" lon="-5.82402254"><ele>194.05</ele><time>2024-09-04T13:45:11Z</time></trkpt><trkpt lat="43.38433760" lon="-5.82399661"><ele>193.86</ele><time>2024-09-04T13:45:12Z</time></trkpt><trkpt lat="43.38433391" lon="-5.82396899"><ele>193.54</ele><time>2024-09-04T13:45:13Z</time></trkpt><trkpt lat="43.38433095" lon="-5.82394326"><ele>193.37</ele><time>2024-09-04T13:45:14Z</time></trkpt><trkpt lat="43.38432962" lon="-5.82391896"><ele>193.02</ele><time>2024-09-04T13:45:15Z</time></trkpt><trkpt lat="43.38432985" lon="-5.82389505"><ele>192.84</ele><time>2024-09-04T13:45:16Z</time></trkpt><trkpt lat="43.38433206" lon="-5.82387238"><ele>192.77</ele><time>2024-09-04T13:45:17Z</time></trkpt><trkpt lat="43.38433587" lon="-5.82385316"><ele>192.49</ele><time>2024-09-04T13:45:18Z</time></trkpt><trkpt lat="43.38434154" lon="-5.82383542"><ele>192.35</ele><time>2024-09-04T13:45:19Z</time></trkpt><trkpt lat="43.38434649" lon="-5.82381775"><ele>192.29</ele><time>2024-09-04T13:45:20Z</time></trkpt><trkpt lat="43.38435015" lon="-5.82379929"><ele>192.56</ele><time>2024-09-04T13:45:21Z</time></trkpt><trkpt lat="43.38435342" lon="-5.82378123"><ele>192.76</ele><time>2024-09-04T13:45:22Z</time></trkpt><trkpt lat="43.38435754" lon="-5.82376337"><ele>192.88</ele><time>2024-09-04T13:45:23Z</time></trkpt><trkpt lat="43.38436279" lon="-5.82374666"><ele>192.94</ele><time>2024-09-04T13:45:24Z</time></trkpt><trkpt lat="43.38436761" lon="-5.82373117"><ele>192.95</ele><time>2024-09-04T13:45:25Z</time></trkpt><trkpt lat="43.38437262" lon="-5.82371470"><ele>192.95</ele><time>2024-09-04T13:45:26Z</time></trkpt><trkpt lat="43.38437770" lon="-5.82369746"><ele>193.21</ele><time>2024-09-04T13:45:27Z</time></trkpt><trkpt lat="43.38438280" lon="-5.82368025"><ele>193.10</ele><time>2024-09-04T13:45:28Z</time></trkpt><trkpt lat="43.38438953" lon="-5.82366474"><ele>192.73</ele><time>2024-09-04T13:45:29Z</time></trkpt><trkpt lat="43.38439890" lon="-5.82364814"><ele>192.49</ele><time>2024-09-04T13:45:30Z</time></trkpt><trkpt lat="43.38440709" lon="-5.82363020"><ele>192.09</ele><time>2024-09-04T13:45:31Z</time></trkpt><trkpt lat="43.38441319" lon="-5.82361197"><ele>191.60</ele><time>2024-09-04T13:45:32Z</time></trkpt><trkpt lat="43.38441734" lon="-5.82359257"><ele>191.33</ele><time>2024-09-04T13:45:33Z</time></trkpt><trkpt lat="43.38442146" lon="-5.82357250"><ele>191.01</ele><time>2024-09-04T13:45:34Z</time></trkpt><trkpt lat="43.38442520" lon="-5.82355434"><ele>190.86</ele><time>2024-09-04T13:45:35Z</time></trkpt><trkpt lat="43.38442937" lon="-5.82353477"><ele>190.55</ele><time>2024-09-04T13:45:36Z</time></trkpt><trkpt lat="43.38443392" lon="-5.82351425"><ele>190.40</ele><time>2024-09-04T13:45:37Z</time></trkpt><trkpt lat="43.38443818" lon="-5.82349375"><ele>190.08</ele><time>2024-09-04T13:45:38Z</time></trkpt><trkpt lat="43.38444281" lon="-5.82347282"><ele>189.92</ele><time>2024-09-04T13:45:39Z</time></trkpt><trkpt lat="43.38444768" lon="-5.82345222"><ele>189.86</ele><time>2024-09-04T13:45:40Z</time></trkpt><trkpt lat="43.38445215" lon="-5.82343190"><ele>189.59</ele><time>2024-09-04T13:45:41Z</time></trkpt><trkpt lat="43.38445578" lon="-5.82341287"><ele>189.45</ele><time>2024-09-04T13:45:42Z</time></trkpt><trkpt lat="43.38445945" lon="-5.82339410"><ele>189.40</ele><time>2024-09-04T13:45:43Z</time></trkpt><trkpt lat="43.38446375" lon="-5.82337430"><ele>189.12</ele><time>2024-09-04T13:45:44Z</time></trkpt><trkpt lat="43.38446630" lon="-5.82335378"><ele>188.75</ele><time>2024-09-04T13:45:45Z</time></trkpt><trkpt lat="43.38446827" lon="-5.82333174"><ele>188.28</ele><time>2024-09-04T13:45:46Z</time></trkpt><trkpt lat="43.38447108" lon="-5.82330935"><ele>187.75</ele><time>2024-09-04T13:45:47Z</time></trkpt><trkpt lat="43.38447507" lon="-5.82328743"><ele>187.21</ele><time>2024-09-04T13:45:48Z</time></trkpt><trkpt lat="43.38448036" lon="-5.82326647"><ele>186.94</ele><time>2024-09-04T13:45:49Z</time></trkpt><trkpt lat="43.38448638" lon="-5.82324396"><ele>186.85</ele><time>2024-09-04T13:45:50Z</time></trkpt><trkpt lat="43.38449438" lon="-5.82321989"><ele>186.59</ele><time>2024-09-04T13:45:51Z</time></trkpt><trkpt lat="43.38450020" lon="-5.82319600"><ele>186.47</ele><time>2024-09-04T13:45:52Z</time></trkpt><trkpt lat="43.38450499" lon="-5.82317074"><ele>186.45</ele><time>2024-09-04T13:45:53Z</time></trkpt><trkpt lat="43.38450750" lon="-5.82314635"><ele>186.20</ele><time>2024-09-04T13:45:54Z</time></trkpt><trkpt lat="43.38451029" lon="-5.82312264"><ele>186.06</ele><time>2024-09-04T13:45:55Z</time></trkpt><trkpt lat="43.38451237" lon="-5.82310104"><ele>186.01</ele><time>2024-09-04T13:45:56Z</time></trkpt><trkpt lat="43.38451412" lon="-5.82308127"><ele>186.00</ele><time>2024-09-04T13:45:57Z</time></trkpt><trkpt lat="43.38451631" lon="-5.82306196"><ele>185.80</ele><time>2024-09-04T13:45:58Z</time></trkpt><trkpt lat="43.38451888" lon="-5.82304325"><ele>185.69</ele><time>2024-09-04T13:45:59Z</time></trkpt><trkpt lat="43.38452062" lon="-5.82302476"><ele>185.64</ele><time>2024-09-04T13:46:00Z</time></trkpt><trkpt lat="43.38452182" lon="-5.82300625"><ele>185.63</ele><time>2024-09-04T13:46:01Z</time></trkpt><trkpt lat="43.38452274" lon="-5.82298709"><ele>185.64</ele><time>2024-09-04T13:46:02Z</time></trkpt><trkpt lat="43.38452464" lon="-5.82296690"><ele>185.66</ele><time>2024-09-04T13:46:03Z</time></trkpt><trkpt lat="43.38452776" lon="-5.82294663"><ele>185.89</ele><time>2024-09-04T13:46:04Z</time></trkpt><trkpt lat="43.38453108" lon="-5.82292637"><ele>186.04</ele><time>2024-09-04T13:46:05Z</time></trkpt><trkpt lat="43.38453497" lon="-5.82290672"><ele>186.40</ele><time>2024-09-04T13:46:06Z</time></trkpt><trkpt lat="43.38453914" lon="-5.82288803"><ele>186.60</ele><time>2024-09-04T13:46:07Z</time></trkpt><trkpt lat="43.38454230" lon="-5.82286883"><ele>186.69</ele><time>2024-09-04T13:46:08Z</time></trkpt><trkpt lat="43.38454586" lon="-5.82284978"><ele>186.99</ele><time>2024-09-04T13:46:09Z</time></trkpt><trkpt lat="43.38454969" lon="-5.82283135"><ele>187.15</ele><time>2024-09-04T13:46:10Z</time></trkpt><trkpt lat="43.38455368" lon="-5.82281274"><ele>187.21</ele><time>2024-09-04T13:46:11Z</time></trkpt><trkpt lat="43.38455774" lon="-5.82279453"><ele>187.21</ele><time>2024-09-04T13:46:12Z</time></trkpt><trkpt lat="43.38456237" lon="-5.82277598"><ele>187.46</ele><time>2024-09-04T13:46:13Z</time></trkpt><trkpt lat="43.38456679" lon="-5.82275719"><ele>187.61</ele><time>2024-09-04T13:46:14Z</time></trkpt><trkpt lat="43.38457103" lon="-5.82273879"><ele>187.67</ele><time>2024-09-04T13:46:15Z</time></trkpt><trkpt lat="43.38457458" lon="-5.82272011"><ele>187.96</ele><time>2024-09-04T13:46:16Z</time></trkpt><trkpt lat="43.38457662" lon="-5.82270068"><ele>188.12</ele><time>2024-09-04T13:46:17Z</time></trkpt><trkpt lat="43.38457720" lon="-5.82268080"><ele>188.19</ele><time>2024-09-04T13:46:18Z</time></trkpt><trkpt lat="43.38457808" lon="-5.82266068"><ele>188.20</ele><time>2024-09-04T13:46:19Z</time></trkpt><trkpt lat="43.38457935" lon="-5.82264048"><ele>188.18</ele><time>2024-09-04T13:46:20Z</time></trkpt><trkpt lat="43.38458039" lon="-5.82262084"><ele>188.16</ele><time>2024-09-04T13:46:21Z</time></trkpt><trkpt lat="43.38458078" lon="-5.82260212"><ele>188.14</ele><time>2024-09-04T13:46:22Z</time></trkpt><trkpt lat="43.38458025" lon="-5.82258563"><ele>188.12</ele><time>2024-09-04T13:46:23Z</time></trkpt><trkpt lat="43.38457919" lon="-5.82256717"><ele>188.10</ele><time>2024-09-04T13:46:24Z</time></trkpt><trkpt lat="43.38457791" lon="-5.82254729"><ele>188.10</ele><time>2024-09-04T13:46:25Z</time></trkpt><trkpt lat="43.38457550" lon="-5.82252653"><ele>188.10</ele><time>2024-09-04T13:46:26Z</time></trkpt><trkpt lat="43.38457190" lon="-5.82250476"><ele>188.10</ele><time>2024-09-04T13:46:27Z</time></trkpt><trkpt lat="43.38456713" lon="-5.82247976"><ele>187.82</ele><time>2024-09-04T13:46:28Z</time></trkpt><trkpt lat="43.38456124" lon="-5.82245505"><ele>187.65</ele><time>2024-09-04T13:46:29Z</time></trkpt><trkpt lat="43.38455754" lon="-5.82242756"><ele>187.02</ele><time>2024-09-04T13:46:30Z</time></trkpt><trkpt lat="43.38455650" lon="-5.82240122"><ele>186.15</ele><time>2024-09-04T13:46:31Z</time></trkpt><trkpt lat="43.38455821" lon="-5.82237754"><ele>185.66</ele><time>2024-09-04T13:46:32Z</time></trkpt><trkpt lat="43.38456361" lon="-5.82235727"><ele>185.17</ele><time>2024-09-04T13:46:33Z</time></trkpt><trkpt lat="43.38457103" lon="-5.82233903"><ele>184.68</ele><time>2024-09-04T13:46:34Z</time></trkpt><trkpt lat="43.38457928" lon="-5.82232123"><ele>184.19</ele><time>2024-09-04T13:46:35Z</time></trkpt><trkpt lat="43.38458928" lon="-5.82230336"><ele>183.75</ele><time>2024-09-04T13:46:36Z</time></trkpt><trkpt lat="43.38460007" lon="-5.82228631"><ele>183.56</ele><time>2024-09-04T13:46:37Z</time></trkpt><trkpt lat="43.38461160" lon="-5.82227020"><ele>183.25</ele><time>2024-09-04T13:46:38Z</time></trkpt><trkpt lat="43.38462335" lon="-5.82225617"><ele>183.12</ele><time>2024-09-04T13:46:39Z</time></trkpt><trkpt lat="43.38463559" lon="-5.82224385"><ele>182.83</ele><time>2024-09-04T13:46:40Z</time></trkpt><trkpt lat="43.38464691" lon="-5.82223238"><ele>182.69</ele><time>2024-09-04T13:46:41Z</time></trkpt><trkpt lat="43.38465807" lon="-5.82222118"><ele>182.38</ele><time>2024-09-04T13:46:42Z</time></trkpt><trkpt lat="43.38466804" lon="-5.82220993"><ele>182.22</ele><time>2024-09-04T13:46:43Z</time></trkpt><trkpt lat="43.38467780" lon="-5.82219576"><ele>182.16</ele><time>2024-09-04T13:46:44Z</time></trkpt><trkpt lat="43.38468643" lon="-5.82217913"><ele>181.89</ele><time>2024-09-04T13:46:45Z</time></trkpt><trkpt lat="43.38469332" lon="-5.82216108"><ele>181.75</ele><time>2024-09-04T13:46:46Z</time></trkpt><trkpt lat="43.38469923" lon="-5.82214131"><ele>181.70</ele><time>2024-09-04T13:46:47Z</time></trkpt><trkpt lat="43.38470471" lon="-5.82212071"><ele>181.70</ele><time>2024-09-04T13:46:48Z</time></trkpt><trkpt lat="43.38471011" lon="-5.82209931"><ele>181.72</ele><time>2024-09-04T13:46:49Z</time></trkpt><trkpt lat="43.38471506" lon="-5.82207764"><ele>181.53</ele><time>2024-09-04T13:46:50Z</time></trkpt><trkpt lat="43.38471872" lon="-5.82205653"><ele>181.14</ele><time>2024-09-04T13:46:51Z</time></trkpt><trkpt lat="43.38472274" lon="-5.82203482"><ele>180.91</ele><time>2024-09-04T13:46:52Z</time></trkpt><trkpt lat="43.38472550" lon="-5.82201333"><ele>180.53</ele><time>2024-09-04T13:46:53Z</time></trkpt><trkpt lat="43.38472643" lon="-5.82199312"><ele>180.06</ele><time>2024-09-04T13:46:54Z</time></trkpt><trkpt lat="43.38472525" lon="-5.82197431"><ele>180.08</ele><time>2024-09-04T13:46:55Z</time></trkpt><trkpt lat="43.38472292" lon="-5.82195521"><ele>179.89</ele><time>2024-09-04T13:46:56Z</time></trkpt><trkpt lat="43.38472015" lon="-5.82193633"><ele>179.80</ele><time>2024-09-04T13:46:57Z</time></trkpt><trkpt lat="43.38471680" lon="-5.82191753"><ele>179.78</ele><time>2024-09-04T13:46:58Z</time></trkpt><trkpt lat="43.38471489" lon="-5.82189599"><ele>179.53</ele><time>2024-09-04T13:46:59Z</time></trkpt><trkpt lat="43.38471460" lon="-5.82187268"><ele>179.11</ele><time>2024-09-04T13:47:00Z</time></trkpt><trkpt lat="43.38471586" lon="-5.82184897"><ele>178.88</ele><time>2024-09-04T13:47:01Z</time></trkpt><trkpt lat="43.38471852" lon="-5.82182687"><ele>178.56</ele><time>2024-09-04T13:47:02Z</time></trkpt><trkpt lat="43.38472244" lon="-5.82180594"><ele>178.13</ele><time>2024-09-04T13:47:03Z</time></trkpt><trkpt lat="43.38472641" lon="-5.82178848"><ele>177.90</ele><time>2024-09-04T13:47:04Z</time></trkpt><trkpt lat="43.38472964" lon="-5.82177202"><ele>177.55</ele><time>2024-09-04T13:47:05Z</time></trkpt><trkpt lat="43.38473173" lon="-5.82175590"><ele>177.38</ele><time>2024-09-04T13:47:06Z</time></trkpt><trkpt lat="43.38473252" lon="-5.82174138"><ele>177.33</ele><time>2024-09-04T13:47:07Z</time></trkpt><trkpt lat="43.38473310" lon="-5.82172771"><ele>177.34</ele><time>2024-09-04T13:47:08Z</time></trkpt><trkpt lat="43.38473368" lon="-5.82171434"><ele>177.38</ele><time>2024-09-04T13:47:09Z</time></trkpt><trkpt lat="43.38473434" lon="-5.82170044"><ele>177.42</ele><time>2024-09-04T13:47:10Z</time></trkpt><trkpt lat="43.38473566" lon="-5.82168496"><ele>177.46</ele><time>2024-09-04T13:47:11Z</time></trkpt><trkpt lat="43.38473688" lon="-5.82166900"><ele>177.48</ele><time>2024-09-04T13:47:12Z</time></trkpt><trkpt lat="43.38473964" lon="-5.82165280"><ele>177.23</ele><time>2024-09-04T13:47:13Z</time></trkpt><trkpt lat="43.38474446" lon="-5.82163708"><ele>177.06</ele><time>2024-09-04T13:47:14Z</time></trkpt><trkpt lat="43.38475101" lon="-5.82162393"><ele>176.97</ele><time>2024-09-04T13:47:15Z</time></trkpt><trkpt lat="43.38475954" lon="-5.82161294"><ele>176.94</ele><time>2024-09-04T13:47:16Z</time></trkpt><trkpt lat="43.38476961" lon="-5.82160423"><ele>176.94</ele><time>2024-09-04T13:47:17Z</time></trkpt><trkpt lat="43.38478091" lon="-5.82159671"><ele>177.22</ele><time>2024-09-04T13:47:18Z</time></trkpt><trkpt lat="43.38479161" lon="-5.82159018"><ele>177.41</ele><time>2024-09-04T13:47:19Z</time></trkpt><trkpt lat="43.38480004" lon="-5.82158399"><ele>177.52</ele><time>2024-09-04T13:47:20Z</time></trkpt><trkpt lat="43.38480474" lon="-5.82157451"><ele>177.83</ele><time>2024-09-04T13:47:21Z</time></trkpt><trkpt lat="43.38480880" lon="-5.82156279"><ele>178.01</ele><time>2024-09-04T13:47:22Z</time></trkpt><trkpt lat="43.38481606" lon="-5.82154977"><ele>177.82</ele><time>2024-09-04T13:47:23Z</time></trkpt><trkpt lat="43.38482501" lon="-5.82153672"><ele>177.66</ele><time>2024-09-04T13:47:24Z</time></trkpt><trkpt lat="43.38483496" lon="-5.82152388"><ele>177.56</ele><time>2024-09-04T13:47:25Z</time></trkpt><trkpt lat="43.38484537" lon="-5.82151185"><ele>177.50</ele><time>2024-09-04T13:47:26Z</time></trkpt><trkpt lat="43.38485481" lon="-5.82150042"><ele>177.47</ele><time>2024-09-04T13:47:27Z</time></trkpt><trkpt lat="43.38486242" lon="-5.82148825"><ele>177.46</ele><time>2024-09-04T13:47:28Z</time></trkpt><trkpt lat="43.38486720" lon="-5.82147503"><ele>177.47</ele><time>2024-09-04T13:47:29Z</time></trkpt><trkpt lat="43.38487033" lon="-5.82146117"><ele>177.48</ele><time>2024-09-04T13:47:30Z</time></trkpt><trkpt lat="43.38487104" lon="-5.82144752"><ele>177.49</ele><time>2024-09-04T13:47:31Z</time></trkpt><trkpt lat="43.38487323" lon="-5.82143849"><ele>177.49</ele><time>2024-09-04T13:47:32Z</time></trkpt><trkpt lat="43.38487615" lon="-5.82143186"><ele>177.50</ele><time>2024-09-04T13:47:33Z</time></trkpt><trkpt lat="43.38488181" lon="-5.82142373"><ele>177.50</ele><time>2024-09-04T13:47:34Z</time></trkpt><trkpt lat="43.38488867" lon="-5.82141758"><ele>177.50</ele><time>2024-09-04T13:47:35Z</time></trkpt><trkpt lat="43.38489446" lon="-5.82141475"><ele>177.50</ele><time>2024-09-04T13:47:36Z</time></trkpt><trkpt lat="43.38489611" lon="-5.82141602"><ele>177.77</ele><time>2024-09-04T13:47:37Z</time></trkpt><trkpt lat="43.38489511" lon="-5.82141786"><ele>177.95</ele><time>2024-09-04T13:47:38Z</time></trkpt><trkpt lat="43.38489432" lon="-5.82141904"><ele>178.04</ele><time>2024-09-04T13:47:39Z</time></trkpt><trkpt lat="43.38489784" lon="-5.82141999"><ele>178.07</ele><time>2024-09-04T13:47:40Z</time></trkpt><trkpt lat="43.38490154" lon="-5.82142227"><ele>178.07</ele><time>2024-09-04T13:47:41Z</time></trkpt><trkpt lat="43.38490189" lon="-5.82142368"><ele>178.05</ele><time>2024-09-04T13:47:42Z</time></trkpt><trkpt lat="43.38490328" lon="-5.82142712"><ele>178.31</ele><time>2024-09-04T13:47:43Z</time></trkpt><trkpt lat="43.38490331" lon="-5.82142744"><ele>178.47</ele><time>2024-09-04T13:47:44Z</time></trkpt><trkpt lat="43.38490468" lon="-5.82142673"><ele>178.54</ele><time>2024-09-04T13:47:45Z</time></trkpt><trkpt lat="43.38490756" lon="-5.82142550"><ele>178.57</ele><time>2024-09-04T13:47:46Z</time></trkpt><trkpt lat="43.38491135" lon="-5.82142571"><ele>178.57</ele><time>2024-09-04T13:47:47Z</time></trkpt><trkpt lat="43.38491507" lon="-5.82142696"><ele>178.55</ele><time>2024-09-04T13:47:48Z</time></trkpt><trkpt lat="43.38491859" lon="-5.82142884"><ele>178.53</ele><time>2024-09-04T13:47:49Z</time></trkpt><trkpt lat="43.38492137" lon="-5.82142940"><ele>178.74</ele><time>2024-09-04T13:47:50Z</time></trkpt><trkpt lat="43.38492200" lon="-5.82142683"><ele>178.86</ele><time>2024-09-04T13:47:51Z</time></trkpt><trkpt lat="43.38492241" lon="-5.82142233"><ele>178.93</ele><time>2024-09-04T13:47:52Z</time></trkpt><trkpt lat="43.38492175" lon="-5.82142068"><ele>179.23</ele><time>2024-09-04T13:47:53Z</time></trkpt><trkpt lat="43.38492108" lon="-5.82142163"><ele>179.40</ele><time>2024-09-04T13:47:54Z</time></trkpt><trkpt lat="43.38492163" lon="-5.82142257"><ele>179.48</ele><time>2024-09-04T13:47:55Z</time></trkpt><trkpt lat="43.38492197" lon="-5.82142330"><ele>179.22</ele><time>2024-09-04T13:47:56Z</time></trkpt><trkpt lat="43.38492212" lon="-5.82142487"><ele>179.31</ele><time>2024-09-04T13:47:57Z</time></trkpt><trkpt lat="43.38492326" lon="-5.82142637"><ele>179.37</ele><time>2024-09-04T13:47:58Z</time></trkpt><trkpt lat="43.38492448" lon="-5.82142773"><ele>179.68</ele><time>2024-09-04T13:47:59Z</time></trkpt><trkpt lat="43.38492569" lon="-5.82142950"><ele>179.86</ele><time>2024-09-04T13:48:00Z</time></trkpt><trkpt lat="43.38492740" lon="-5.82143259"><ele>180.23</ele><time>2024-09-04T13:48:01Z</time></trkpt><trkpt lat="43.38492994" lon="-5.82143539"><ele>180.43</ele><time>2024-09-04T13:48:02Z</time></trkpt><trkpt lat="43.38493023" lon="-5.82143406"><ele>180.52</ele><time>2024-09-04T13:48:03Z</time></trkpt><trkpt lat="43.38492955" lon="-5.82143225"><ele>180.80</ele><time>2024-09-04T13:48:04Z</time></trkpt><trkpt lat="43.38492946" lon="-5.82142659"><ele>180.95</ele><time>2024-09-04T13:48:05Z</time></trkpt><trkpt lat="43.38493150" lon="-5.82142031"><ele>181.01</ele><time>2024-09-04T13:48:06Z</time></trkpt><trkpt lat="43.38493439" lon="-5.82141566"><ele>181.01</ele><time>2024-09-04T13:48:07Z</time></trkpt><trkpt lat="43.38493659" lon="-5.82141068"><ele>180.72</ele><time>2024-09-04T13:48:08Z</time></trkpt></trkseg></trk></gpx>