{
  "mean": {
    "dx": 0.0017182238439461183,
    "dy": -0.02546004314075991,
    "dz": 0.0028883601708790036
  },
  "std": {
    "dx": 1.687238928928757,
    "dy": 1.8217260741993484,
    "dz": 0.2743912781579255
  },
  "count": 1681280
}