<?xml version='1.0' encoding='utf-8'?>
<gpx version="1.1" creator="exponential_filter" xmlns="http://www.topografix.com/GPX/1/1"><trk><name>Exponential Filtered Track</name><trkseg><trkpt lat="43.38543490" lon="-5.82084769"><ele>173.66</ele><time>2024-09-03T18:18:17Z</time></trkpt><trkpt lat="43.38543476" lon="-5.82084756"><ele>173.67</ele><time>2024-09-03T18:18:18Z</time></trkpt><trkpt lat="43.38543453" lon="-5.82084734"><ele>173.68</ele><time>2024-09-03T18:18:19Z</time></trkpt><trkpt lat="43.38543423" lon="-5.82084705"><ele>173.70</ele><time>2024-09-03T18:18:20Z</time></trkpt><trkpt lat="43.38543388" lon="-5.82084671"><ele>173.71</ele><time>2024-09-03T18:18:21Z</time></trkpt><trkpt lat="43.38543350" lon="-5.82084635"><ele>173.74</ele><time>2024-09-03T18:18:22Z</time></trkpt><trkpt lat="43.38543310" lon="-5.82084596"><ele>173.76</ele><time>2024-09-03T18:18:23Z</time></trkpt><trkpt lat="43.38543268" lon="-5.82084555"><ele>173.78</ele><time>2024-09-03T18:18:24Z</time></trkpt><trkpt lat="43.38543225" lon="-5.82084514"><ele>173.80</ele><time>2024-09-03T18:18:25Z</time></trkpt><trkpt lat="43.38543182" lon="-5.82084472"><ele>173.83</ele><time>2024-09-03T18:18:26Z</time></trkpt><trkpt lat="43.38543137" lon="-5.82084429"><ele>173.85</ele><time>2024-09-03T18:18:27Z</time></trkpt><trkpt lat="43.38543093" lon="-5.82084386"><ele>173.87</ele><time>2024-09-03T18:18:28Z</time></trkpt><trkpt lat="43.38543048" lon="-5.82084342"><ele>173.90</ele><time>2024-09-03T18:18:29Z</time></trkpt><trkpt lat="43.38543003" lon="-5.82084298"><ele>173.92</ele><time>2024-09-03T18:18:30Z</time></trkpt><trkpt lat="43.38542957" lon="-5.82084255"><ele>173.95</ele><time>2024-09-03T18:18:31Z</time></trkpt><trkpt lat="43.38542912" lon="-5.82084211"><ele>173.97</ele><time>2024-09-03T18:18:32Z</time></trkpt><trkpt lat="43.38542867" lon="-5.82084167"><ele>174.00</ele><time>2024-09-03T18:18:33Z</time></trkpt><trkpt lat="43.38542821" lon="-5.82084123"><ele>174.02</ele><time>2024-09-03T18:18:34Z</time></trkpt><trkpt lat="43.38542776" lon="-5.82084079"><ele>174.05</ele><time>2024-09-03T18:18:35Z</time></trkpt><trkpt lat="43.38542730" lon="-5.82084035"><ele>174.07</ele><time>2024-09-03T18:18:36Z</time></trkpt><trkpt lat="43.38542685" lon="-5.82083991"><ele>174.09</ele><time>2024-09-03T18:18:37Z</time></trkpt><trkpt lat="43.38542639" lon="-5.82083947"><ele>174.12</ele><time>2024-09-03T18:18:38Z</time></trkpt><trkpt lat="43.38542593" lon="-5.82083903"><ele>174.14</ele><time>2024-09-03T18:18:39Z</time></trkpt><trkpt lat="43.38542548" lon="-5.82083859"><ele>174.17</ele><time>2024-09-03T18:18:40Z</time></trkpt><trkpt lat="43.38542502" lon="-5.82083815"><ele>174.19</ele><time>2024-09-03T18:18:41Z</time></trkpt><trkpt lat="43.38542457" lon="-5.82083771"><ele>174.22</ele><time>2024-09-03T18:18:42Z</time></trkpt><trkpt lat="43.38542411" lon="-5.82083727"><ele>174.24</ele><time>2024-09-03T18:18:43Z</time></trkpt><trkpt lat="43.38542366" lon="-5.82083683"><ele>174.27</ele><time>2024-09-03T18:18:44Z</time></trkpt><trkpt lat="43.38542320" lon="-5.82083639"><ele>174.29</ele><time>2024-09-03T18:18:45Z</time></trkpt><trkpt lat="43.38542275" lon="-5.82083594"><ele>174.32</ele><time>2024-09-03T18:18:46Z</time></trkpt><trkpt lat="43.38542229" lon="-5.82083550"><ele>174.34</ele><time>2024-09-03T18:18:47Z</time></trkpt><trkpt lat="43.38542183" lon="-5.82083506"><ele>174.37</ele><time>2024-09-03T18:18:48Z</time></trkpt><trkpt lat="43.38542138" lon="-5.82083462"><ele>174.39</ele><time>2024-09-03T18:18:49Z</time></trkpt><trkpt lat="43.38542092" lon="-5.82083418"><ele>174.41</ele><time>2024-09-03T18:18:50Z</time></trkpt><trkpt lat="43.38542047" lon="-5.82083374"><ele>174.44</ele><time>2024-09-03T18:18:51Z</time></trkpt><trkpt lat="43.38542001" lon="-5.82083330"><ele>174.46</ele><time>2024-09-03T18:18:52Z</time></trkpt><trkpt lat="43.38541956" lon="-5.82083286"><ele>174.49</ele><time>2024-09-03T18:18:53Z</time></trkpt><trkpt lat="43.38541910" lon="-5.82083242"><ele>174.51</ele><time>2024-09-03T18:18:54Z</time></trkpt><trkpt lat="43.38541864" lon="-5.82083198"><ele>174.54</ele><time>2024-09-03T18:18:55Z</time></trkpt><trkpt lat="43.38541819" lon="-5.82083154"><ele>174.56</ele><time>2024-09-03T18:18:56Z</time></trkpt><trkpt lat="43.38541783" lon="-5.82083135"><ele>174.58</ele><time>2024-09-03T18:18:57Z</time></trkpt><trkpt lat="43.38541754" lon="-5.82083134"><ele>174.59</ele><time>2024-09-03T18:18:58Z</time></trkpt><trkpt lat="43.38541729" lon="-5.82083145"><ele>174.60</ele><time>2024-09-03T18:18:59Z</time></trkpt><trkpt lat="43.38541708" lon="-5.82083164"><ele>174.61</ele><time>2024-09-03T18:19:00Z</time></trkpt><trkpt lat="43.38541689" lon="-5.82083190"><ele>174.61</ele><time>2024-09-03T18:19:01Z</time></trkpt><trkpt lat="43.38541671" lon="-5.82083220"><ele>174.61</ele><time>2024-09-03T18:19:02Z</time></trkpt><trkpt lat="43.38541655" lon="-5.82083253"><ele>174.62</ele><time>2024-09-03T18:19:03Z</time></trkpt><trkpt lat="43.38541640" lon="-5.82083288"><ele>174.62</ele><time>2024-09-03T18:19:04Z</time></trkpt><trkpt lat="43.38541625" lon="-5.82083324"><ele>174.62</ele><time>2024-09-03T18:19:05Z</time></trkpt><trkpt lat="43.38541610" lon="-5.82083361"><ele>174.62</ele><time>2024-09-03T18:19:06Z</time></trkpt><trkpt lat="43.38541596" lon="-5.82083399"><ele>174.62</ele><time>2024-09-03T18:19:07Z</time></trkpt><trkpt lat="43.38541582" lon="-5.82083438"><ele>174.62</ele><time>2024-09-03T18:19:08Z</time></trkpt><trkpt lat="43.38541568" lon="-5.82083477"><ele>174.62</ele><time>2024-09-03T18:19:09Z</time></trkpt><trkpt lat="43.38541554" lon="-5.82083516"><ele>174.62</ele><time>2024-09-03T18:19:10Z</time></trkpt><trkpt lat="43.38541540" lon="-5.82083556"><ele>174.62</ele><time>2024-09-03T18:19:11Z</time></trkpt><trkpt lat="43.38541526" lon="-5.82083595"><ele>174.62</ele><time>2024-09-03T18:19:12Z</time></trkpt><trkpt lat="43.38541513" lon="-5.82083635"><ele>174.62</ele><time>2024-09-03T18:19:13Z</time></trkpt><trkpt lat="43.38541499" lon="-5.82083674"><ele>174.62</ele><time>2024-09-03T18:19:14Z</time></trkpt><trkpt lat="43.38541485" lon="-5.82083714"><ele>174.62</ele><time>2024-09-03T18:19:15Z</time></trkpt><trkpt lat="43.38541472" lon="-5.82083754"><ele>174.62</ele><time>2024-09-03T18:19:16Z</time></trkpt><trkpt lat="43.38541458" lon="-5.82083793"><ele>174.62</ele><time>2024-09-03T18:19:17Z</time></trkpt><trkpt lat="43.38541444" lon="-5.82083833"><ele>174.62</ele><time>2024-09-03T18:19:18Z</time></trkpt><trkpt lat="43.38541431" lon="-5.82083873"><ele>174.62</ele><time>2024-09-03T18:19:19Z</time></trkpt><trkpt lat="43.38541417" lon="-5.82083912"><ele>174.62</ele><time>2024-09-03T18:19:20Z</time></trkpt><trkpt lat="43.38541403" lon="-5.82083952"><ele>174.62</ele><time>2024-09-03T18:19:21Z</time></trkpt><trkpt lat="43.38541390" lon="-5.82083992"><ele>174.62</ele><time>2024-09-03T18:19:22Z</time></trkpt><trkpt lat="43.38541376" lon="-5.82084032"><ele>174.62</ele><time>2024-09-03T18:19:23Z</time></trkpt><trkpt lat="43.38541362" lon="-5.82084071"><ele>174.62</ele><time>2024-09-03T18:19:24Z</time></trkpt><trkpt lat="43.38541349" lon="-5.82084111"><ele>174.62</ele><time>2024-09-03T18:19:25Z</time></trkpt><trkpt lat="43.38541335" lon="-5.82084151"><ele>174.62</ele><time>2024-09-03T18:19:26Z</time></trkpt><trkpt lat="43.38541321" lon="-5.82084191"><ele>174.62</ele><time>2024-09-03T18:19:27Z</time></trkpt><trkpt lat="43.38541308" lon="-5.82084230"><ele>174.62</ele><time>2024-09-03T18:19:28Z</time></trkpt><trkpt lat="43.38541294" lon="-5.82084270"><ele>174.62</ele><time>2024-09-03T18:19:29Z</time></trkpt><trkpt lat="43.38541280" lon="-5.82084310"><ele>174.62</ele><time>2024-09-03T18:19:30Z</time></trkpt><trkpt lat="43.38541267" lon="-5.82084350"><ele>174.62</ele><time>2024-09-03T18:19:31Z</time></trkpt><trkpt lat="43.38541254" lon="-5.82084365"><ele>174.62</ele><time>2024-09-03T18:19:32Z</time></trkpt><trkpt lat="43.38541242" lon="-5.82084363"><ele>174.62</ele><time>2024-09-03T18:19:33Z</time></trkpt><trkpt lat="43.38541230" lon="-5.82084349"><ele>174.62</ele><time>2024-09-03T18:19:34Z</time></trkpt><trkpt lat="43.38541219" lon="-5.82084327"><ele>174.62</ele><time>2024-09-03T18:19:35Z</time></trkpt><trkpt lat="43.38541208" lon="-5.82084299"><ele>174.62</ele><time>2024-09-03T18:19:36Z</time></trkpt><trkpt lat="43.38541197" lon="-5.82084266"><ele>174.62</ele><time>2024-09-03T18:19:37Z</time></trkpt><trkpt lat="43.38541187" lon="-5.82084231"><ele>174.62</ele><time>2024-09-03T18:19:38Z</time></trkpt><trkpt lat="43.38541176" lon="-5.82084194"><ele>174.62</ele><time>2024-09-03T18:19:39Z</time></trkpt><trkpt lat="43.38541165" lon="-5.82084155"><ele>174.62</ele><time>2024-09-03T18:19:40Z</time></trkpt><trkpt lat="43.38541155" lon="-5.82084116"><ele>174.62</ele><time>2024-09-03T18:19:41Z</time></trkpt><trkpt lat="43.38541144" lon="-5.82084076"><ele>174.62</ele><time>2024-09-03T18:19:42Z</time></trkpt><trkpt lat="43.38541134" lon="-5.82084035"><ele>174.62</ele><time>2024-09-03T18:19:43Z</time></trkpt><trkpt lat="43.38541123" lon="-5.82083994"><ele>174.62</ele><time>2024-09-03T18:19:44Z</time></trkpt><trkpt lat="43.38541113" lon="-5.82083952"><ele>174.62</ele><time>2024-09-03T18:19:45Z</time></trkpt><trkpt lat="43.38541102" lon="-5.82083911"><ele>174.62</ele><time>2024-09-03T18:19:46Z</time></trkpt><trkpt lat="43.38541092" lon="-5.82083869"><ele>174.62</ele><time>2024-09-03T18:19:47Z</time></trkpt><trkpt lat="43.38541081" lon="-5.82083827"><ele>174.62</ele><time>2024-09-03T18:19:48Z</time></trkpt><trkpt lat="43.38541071" lon="-5.82083786"><ele>174.62</ele><time>2024-09-03T18:19:49Z</time></trkpt><trkpt lat="43.38541060" lon="-5.82083744"><ele>174.62</ele><time>2024-09-03T18:19:50Z</time></trkpt><trkpt lat="43.38541050" lon="-5.82083702"><ele>174.62</ele><time>2024-09-03T18:19:51Z</time></trkpt><trkpt lat="43.38541039" lon="-5.82083660"><ele>174.62</ele><time>2024-09-03T18:19:52Z</time></trkpt><trkpt lat="43.38541029" lon="-5.82083618"><ele>174.62</ele><time>2024-09-03T18:19:53Z</time></trkpt><trkpt lat="43.38541018" lon="-5.82083576"><ele>174.62</ele><time>2024-09-03T18:19:54Z</time></trkpt><trkpt lat="43.38541008" lon="-5.82083534"><ele>174.62</ele><time>2024-09-03T18:19:55Z</time></trkpt><trkpt lat="43.38540997" lon="-5.82083493"><ele>174.62</ele><time>2024-09-03T18:19:56Z</time></trkpt><trkpt lat="43.38540987" lon="-5.82083451"><ele>174.62</ele><time>2024-09-03T18:19:57Z</time></trkpt><trkpt lat="43.38540976" lon="-5.82083409"><ele>174.62</ele><time>2024-09-03T18:19:58Z</time></trkpt><trkpt lat="43.38540966" lon="-5.82083367"><ele>174.62</ele><time>2024-09-03T18:19:59Z</time></trkpt><trkpt lat="43.38540975" lon="-5.82083330"><ele>174.62</ele><time>2024-09-03T18:20:00Z</time></trkpt><trkpt lat="43.38540998" lon="-5.82083297"><ele>174.62</ele><time>2024-09-03T18:20:01Z</time></trkpt><trkpt lat="43.38541030" lon="-5.82083267"><ele>174.62</ele><time>2024-09-03T18:20:02Z</time></trkpt><trkpt lat="43.38541070" lon="-5.82083239"><ele>174.62</ele><time>2024-09-03T18:20:03Z</time></trkpt><trkpt lat="43.38541113" lon="-5.82083212"><ele>174.62</ele><time>2024-09-03T18:20:04Z</time></trkpt><trkpt lat="43.38541161" lon="-5.82083186"><ele>174.62</ele><time>2024-09-03T18:20:05Z</time></trkpt><trkpt lat="43.38541210" lon="-5.82083160"><ele>174.62</ele><time>2024-09-03T18:20:06Z</time></trkpt><trkpt lat="43.38541261" lon="-5.82083135"><ele>174.62</ele><time>2024-09-03T18:20:07Z</time></trkpt><trkpt lat="43.38541314" lon="-5.82083110"><ele>174.62</ele><time>2024-09-03T18:20:08Z</time></trkpt><trkpt lat="43.38541367" lon="-5.82083086"><ele>174.62</ele><time>2024-09-03T18:20:09Z</time></trkpt><trkpt lat="43.38541420" lon="-5.82083061"><ele>174.62</ele><time>2024-09-03T18:20:10Z</time></trkpt><trkpt lat="43.38541474" lon="-5.82083037"><ele>174.62</ele><time>2024-09-03T18:20:11Z</time></trkpt><trkpt lat="43.38541528" lon="-5.82083013"><ele>174.62</ele><time>2024-09-03T18:20:12Z</time></trkpt><trkpt lat="43.38541583" lon="-5.82082989"><ele>174.62</ele><time>2024-09-03T18:20:13Z</time></trkpt><trkpt lat="43.38541637" lon="-5.82082964"><ele>174.62</ele><time>2024-09-03T18:20:14Z</time></trkpt><trkpt lat="43.38541692" lon="-5.82082940"><ele>174.62</ele><time>2024-09-03T18:20:15Z</time></trkpt><trkpt lat="43.38541747" lon="-5.82082916"><ele>174.62</ele><time>2024-09-03T18:20:16Z</time></trkpt><trkpt lat="43.38541802" lon="-5.82082892"><ele>174.62</ele><time>2024-09-03T18:20:17Z</time></trkpt><trkpt lat="43.38541856" lon="-5.82082868"><ele>174.62</ele><time>2024-09-03T18:20:18Z</time></trkpt><trkpt lat="43.38541911" lon="-5.82082844"><ele>174.62</ele><time>2024-09-03T18:20:19Z</time></trkpt><trkpt lat="43.38541966" lon="-5.82082820"><ele>174.62</ele><time>2024-09-03T18:20:20Z</time></trkpt><trkpt lat="43.38542021" lon="-5.82082796"><ele>174.62</ele><time>2024-09-03T18:20:21Z</time></trkpt><trkpt lat="43.38542076" lon="-5.82082772"><ele>174.62</ele><time>2024-09-03T18:20:22Z</time></trkpt><trkpt lat="43.38542131" lon="-5.82082748"><ele>174.62</ele><time>2024-09-03T18:20:23Z</time></trkpt><trkpt lat="43.38542186" lon="-5.82082724"><ele>174.62</ele><time>2024-09-03T18:20:24Z</time></trkpt><trkpt lat="43.38542241" lon="-5.82082700"><ele>174.62</ele><time>2024-09-03T18:20:25Z</time></trkpt><trkpt lat="43.38542295" lon="-5.82082675"><ele>174.62</ele><time>2024-09-03T18:20:26Z</time></trkpt><trkpt lat="43.38542350" lon="-5.82082651"><ele>174.62</ele><time>2024-09-03T18:20:27Z</time></trkpt><trkpt lat="43.38542405" lon="-5.82082627"><ele>174.62</ele><time>2024-09-03T18:20:28Z</time></trkpt><trkpt lat="43.38542460" lon="-5.82082603"><ele>174.62</ele><time>2024-09-03T18:20:29Z</time></trkpt><trkpt lat="43.38542515" lon="-5.82082579"><ele>174.62</ele><time>2024-09-03T18:20:30Z</time></trkpt><trkpt lat="43.38542575" lon="-5.82082560"><ele>174.63</ele><time>2024-09-03T18:20:31Z</time></trkpt><trkpt lat="43.38542638" lon="-5.82082545"><ele>174.64</ele><time>2024-09-03T18:20:32Z</time></trkpt><trkpt lat="43.38542703" lon="-5.82082533"><ele>174.66</ele><time>2024-09-03T18:20:33Z</time></trkpt><trkpt lat="43.38542770" lon="-5.82082523"><ele>174.67</ele><time>2024-09-03T18:20:34Z</time></trkpt><trkpt lat="43.38542838" lon="-5.82082513"><ele>174.69</ele><time>2024-09-03T18:20:35Z</time></trkpt><trkpt lat="43.38542907" lon="-5.82082505"><ele>174.71</ele><time>2024-09-03T18:20:36Z</time></trkpt><trkpt lat="43.38542977" lon="-5.82082497"><ele>174.74</ele><time>2024-09-03T18:20:37Z</time></trkpt><trkpt lat="43.38543046" lon="-5.82082490"><ele>174.76</ele><time>2024-09-03T18:20:38Z</time></trkpt><trkpt lat="43.38543117" lon="-5.82082483"><ele>174.78</ele><time>2024-09-03T18:20:39Z</time></trkpt><trkpt lat="43.38543187" lon="-5.82082476"><ele>174.81</ele><time>2024-09-03T18:20:40Z</time></trkpt><trkpt lat="43.38543258" lon="-5.82082469"><ele>174.83</ele><time>2024-09-03T18:20:41Z</time></trkpt><trkpt lat="43.38543328" lon="-5.82082463"><ele>174.85</ele><time>2024-09-03T18:20:42Z</time></trkpt><trkpt lat="43.38543399" lon="-5.82082456"><ele>174.88</ele><time>2024-09-03T18:20:43Z</time></trkpt><trkpt lat="43.38543470" lon="-5.82082450"><ele>174.90</ele><time>2024-09-03T18:20:44Z</time></trkpt><trkpt lat="43.38543540" lon="-5.82082444"><ele>174.92</ele><time>2024-09-03T18:20:45Z</time></trkpt><trkpt lat="43.38543611" lon="-5.82082437"><ele>174.95</ele><time>2024-09-03T18:20:46Z</time></trkpt><trkpt lat="43.38543682" lon="-5.82082431"><ele>174.97</ele><time>2024-09-03T18:20:47Z</time></trkpt><trkpt lat="43.38543753" lon="-5.82082425"><ele>175.00</ele><time>2024-09-03T18:20:48Z</time></trkpt><trkpt lat="43.38543823" lon="-5.82082418"><ele>175.02</ele><time>2024-09-03T18:20:49Z</time></trkpt><trkpt lat="43.38543894" lon="-5.82082412"><ele>175.04</ele><time>2024-09-03T18:20:50Z</time></trkpt><trkpt lat="43.38544179" lon="-5.82082647"><ele>175.06</ele><time>2024-09-03T18:20:51Z</time></trkpt><trkpt lat="43.38544613" lon="-5.82083051"><ele>175.07</ele><time>2024-09-03T18:20:52Z</time></trkpt><trkpt lat="43.38545153" lon="-5.82083573"><ele>175.08</ele><time>2024-09-03T18:20:53Z</time></trkpt><trkpt lat="43.38545765" lon="-5.82084177"><ele>175.09</ele><time>2024-09-03T18:20:54Z</time></trkpt><trkpt lat="43.38546429" lon="-5.82084840"><ele>175.09</ele><time>2024-09-03T18:20:55Z</time></trkpt><trkpt lat="43.38547129" lon="-5.82085543"><ele>175.09</ele><time>2024-09-03T18:20:56Z</time></trkpt><trkpt lat="43.38547734" lon="-5.82086368"><ele>175.10</ele><time>2024-09-03T18:20:57Z</time></trkpt><trkpt lat="43.38548272" lon="-5.82087279"><ele>175.10</ele><time>2024-09-03T18:20:58Z</time></trkpt><trkpt lat="43.38548764" lon="-5.82088249"><ele>175.10</ele><time>2024-09-03T18:20:59Z</time></trkpt><trkpt lat="43.38549223" lon="-5.82089262"><ele>175.10</ele><time>2024-09-03T18:21:00Z</time></trkpt><trkpt lat="43.38549659" lon="-5.82090304"><ele>175.10</ele><time>2024-09-03T18:21:01Z</time></trkpt><trkpt lat="43.38550079" lon="-5.82091366"><ele>175.10</ele><time>2024-09-03T18:21:02Z</time></trkpt><trkpt lat="43.38550488" lon="-5.82092443"><ele>175.10</ele><time>2024-09-03T18:21:03Z</time></trkpt><trkpt lat="43.38550889" lon="-5.82093530"><ele>175.10</ele><time>2024-09-03T18:21:04Z</time></trkpt><trkpt lat="43.38551285" lon="-5.82094624"><ele>175.10</ele><time>2024-09-03T18:21:05Z</time></trkpt><trkpt lat="43.38551677" lon="-5.82095722"><ele>175.10</ele><time>2024-09-03T18:21:06Z</time></trkpt><trkpt lat="43.38552066" lon="-5.82096825"><ele>175.10</ele><time>2024-09-03T18:21:07Z</time></trkpt><trkpt lat="43.38552454" lon="-5.82097929"><ele>175.10</ele><time>2024-09-03T18:21:08Z</time></trkpt><trkpt lat="43.38552840" lon="-5.82099036"><ele>175.10</ele><time>2024-09-03T18:21:09Z</time></trkpt><trkpt lat="43.38553207" lon="-5.82100009"><ele>175.10</ele><time>2024-09-03T18:21:10Z</time></trkpt><trkpt lat="43.38553561" lon="-5.82100888"><ele>175.10</ele><time>2024-09-03T18:21:11Z</time></trkpt><trkpt lat="43.38553906" lon="-5.82101703"><ele>175.10</ele><time>2024-09-03T18:21:12Z</time></trkpt><trkpt lat="43.38554244" lon="-5.82102472"><ele>175.10</ele><time>2024-09-03T18:21:13Z</time></trkpt><trkpt lat="43.38554578" lon="-5.82103209"><ele>175.10</ele><time>2024-09-03T18:21:14Z</time></trkpt><trkpt lat="43.38554909" lon="-5.82103923"><ele>175.10</ele><time>2024-09-03T18:21:15Z</time></trkpt><trkpt lat="43.38555237" lon="-5.82104622"><ele>175.10</ele><time>2024-09-03T18:21:16Z</time></trkpt><trkpt lat="43.38555564" lon="-5.82105310"><ele>175.10</ele><time>2024-09-03T18:21:17Z</time></trkpt><trkpt lat="43.38555890" lon="-5.82105990"><ele>175.10</ele><time>2024-09-03T18:21:18Z</time></trkpt><trkpt lat="43.38556215" lon="-5.82106664"><ele>175.10</ele><time>2024-09-03T18:21:19Z</time></trkpt><trkpt lat="43.38556540" lon="-5.82107335"><ele>175.10</ele><time>2024-09-03T18:21:20Z</time></trkpt><trkpt lat="43.38556864" lon="-5.82108004"><ele>175.10</ele><time>2024-09-03T18:21:21Z</time></trkpt><trkpt lat="43.38557188" lon="-5.82108670"><ele>175.10</ele><time>2024-09-03T18:21:22Z</time></trkpt><trkpt lat="43.38557512" lon="-5.82109335"><ele>175.10</ele><time>2024-09-03T18:21:23Z</time></trkpt><trkpt lat="43.38557832" lon="-5.82109810"><ele>175.14</ele><time>2024-09-03T18:21:24Z</time></trkpt><trkpt lat="43.38558150" lon="-5.82110152"><ele>175.20</ele><time>2024-09-03T18:21:25Z</time></trkpt><trkpt lat="43.38558466" lon="-5.82110401"><ele>175.28</ele><time>2024-09-03T18:21:26Z</time></trkpt><trkpt lat="43.38558781" lon="-5.82110585"><ele>175.37</ele><time>2024-09-03T18:21:27Z</time></trkpt><trkpt lat="43.38559499" lon="-5.82110368"><ele>175.43</ele><time>2024-09-03T18:21:28Z</time></trkpt><trkpt lat="43.38560498" lon="-5.82109870"><ele>175.48</ele><time>2024-09-03T18:21:29Z</time></trkpt><trkpt lat="43.38561695" lon="-5.82109176"><ele>175.51</ele><time>2024-09-03T18:21:30Z</time></trkpt><trkpt lat="43.38563030" lon="-5.82108344"><ele>175.53</ele><time>2024-09-03T18:21:31Z</time></trkpt><trkpt lat="43.38564462" lon="-5.82107417"><ele>175.54</ele><time>2024-09-03T18:21:32Z</time></trkpt><trkpt lat="43.38565961" lon="-5.82106422"><ele>175.55</ele><time>2024-09-03T18:21:33Z</time></trkpt><trkpt lat="43.38567508" lon="-5.82105379"><ele>175.56</ele><time>2024-09-03T18:21:34Z</time></trkpt><trkpt lat="43.38569088" lon="-5.82104304"><ele>175.57</ele><time>2024-09-03T18:21:35Z</time></trkpt><trkpt lat="43.38570691" lon="-5.82103206"><ele>175.57</ele><time>2024-09-03T18:21:36Z</time></trkpt><trkpt lat="43.38572311" lon="-5.82102091"><ele>175.57</ele><time>2024-09-03T18:21:37Z</time></trkpt><trkpt lat="43.38573942" lon="-5.82100965"><ele>175.58</ele><time>2024-09-03T18:21:38Z</time></trkpt><trkpt lat="43.38575580" lon="-5.82099832"><ele>175.58</ele><time>2024-09-03T18:21:39Z</time></trkpt><trkpt lat="43.38577225" lon="-5.82098692"><ele>175.58</ele><time>2024-09-03T18:21:40Z</time></trkpt><trkpt lat="43.38578873" lon="-5.82097549"><ele>175.58</ele><time>2024-09-03T18:21:41Z</time></trkpt><trkpt lat="43.38580524" lon="-5.82096403"><ele>175.58</ele><time>2024-09-03T18:21:42Z</time></trkpt><trkpt lat="43.38581868" lon="-5.82095460"><ele>175.58</ele><time>2024-09-03T18:21:43Z</time></trkpt><trkpt lat="43.38582997" lon="-5.82094657"><ele>175.58</ele><time>2024-09-03T18:21:44Z</time></trkpt><trkpt lat="43.38583975" lon="-5.82093954"><ele>175.58</ele><time>2024-09-03T18:21:45Z</time></trkpt><trkpt lat="43.38584848" lon="-5.82093320"><ele>175.58</ele><time>2024-09-03T18:21:46Z</time></trkpt><trkpt lat="43.38585648" lon="-5.82092735"><ele>175.58</ele><time>2024-09-03T18:21:47Z</time></trkpt><trkpt lat="43.38586395" lon="-5.82092183"><ele>175.58</ele><time>2024-09-03T18:21:48Z</time></trkpt><trkpt lat="43.38587107" lon="-5.82091656"><ele>175.58</ele><time>2024-09-03T18:21:49Z</time></trkpt><trkpt lat="43.38587793" lon="-5.82091145"><ele>175.58</ele><time>2024-09-03T18:21:50Z</time></trkpt><trkpt lat="43.38588462" lon="-5.82090645"><ele>175.58</ele><time>2024-09-03T18:21:51Z</time></trkpt><trkpt lat="43.38589118" lon="-5.82090154"><ele>175.58</ele><time>2024-09-03T18:21:52Z</time></trkpt><trkpt lat="43.38589765" lon="-5.82089668"><ele>175.58</ele><time>2024-09-03T18:21:53Z</time></trkpt><trkpt lat="43.38590407" lon="-5.82089187"><ele>175.58</ele><time>2024-09-03T18:21:54Z</time></trkpt><trkpt lat="43.38590809" lon="-5.82089024"><ele>175.47</ele><time>2024-09-03T18:21:55Z</time></trkpt><trkpt lat="43.38591044" lon="-5.82089084"><ele>175.29</ele><time>2024-09-03T18:21:56Z</time></trkpt><trkpt lat="43.38591163" lon="-5.82089300"><ele>175.05</ele><time>2024-09-03T18:21:57Z</time></trkpt><trkpt lat="43.38591199" lon="-5.82089626"><ele>174.78</ele><time>2024-09-03T18:21:58Z</time></trkpt><trkpt lat="43.38591247" lon="-5.82089967"><ele>174.59</ele><time>2024-09-03T18:21:59Z</time></trkpt><trkpt lat="43.38591303" lon="-5.82090320"><ele>174.45</ele><time>2024-09-03T18:22:00Z</time></trkpt><trkpt lat="43.38591365" lon="-5.82090681"><ele>174.36</ele><time>2024-09-03T18:22:01Z</time></trkpt><trkpt lat="43.38591431" lon="-5.82091047"><ele>174.29</ele><time>2024-09-03T18:22:02Z</time></trkpt><trkpt lat="43.38591500" lon="-5.82091416"><ele>174.25</ele><time>2024-09-03T18:22:03Z</time></trkpt><trkpt lat="43.38591628" lon="-5.82091743"><ele>174.23</ele><time>2024-09-03T18:22:04Z</time></trkpt><trkpt lat="43.38591798" lon="-5.82092039"><ele>174.22</ele><time>2024-09-03T18:22:05Z</time></trkpt><trkpt lat="43.38591998" lon="-5.82092314"><ele>174.23</ele><time>2024-09-03T18:22:06Z</time></trkpt><trkpt lat="43.38592218" lon="-5.82092573"><ele>174.25</ele><time>2024-09-03T18:22:07Z</time></trkpt><trkpt lat="43.38592452" lon="-5.82092823"><ele>174.27</ele><time>2024-09-03T18:22:08Z</time></trkpt><trkpt lat="43.38592696" lon="-5.82093065"><ele>174.30</ele><time>2024-09-03T18:22:09Z</time></trkpt><trkpt lat="43.38592947" lon="-5.82093302"><ele>174.33</ele><time>2024-09-03T18:22:10Z</time></trkpt><trkpt lat="43.38593203" lon="-5.82093535"><ele>174.36</ele><time>2024-09-03T18:22:11Z</time></trkpt><trkpt lat="43.38593463" lon="-5.82093766"><ele>174.39</ele><time>2024-09-03T18:22:12Z</time></trkpt><trkpt lat="43.38593725" lon="-5.82093995"><ele>174.43</ele><time>2024-09-03T18:22:13Z</time></trkpt><trkpt lat="43.38593989" lon="-5.82094223"><ele>174.46</ele><time>2024-09-03T18:22:14Z</time></trkpt><trkpt lat="43.38594253" lon="-5.82094450"><ele>174.50</ele><time>2024-09-03T18:22:15Z</time></trkpt><trkpt lat="43.38594519" lon="-5.82094677"><ele>174.54</ele><time>2024-09-03T18:22:16Z</time></trkpt><trkpt lat="43.38595135" lon="-5.82094775"><ele>174.50</ele><time>2024-09-03T18:22:17Z</time></trkpt><trkpt lat="43.38595996" lon="-5.82094784"><ele>174.42</ele><time>2024-09-03T18:22:18Z</time></trkpt><trkpt lat="43.38597029" lon="-5.82094731"><ele>174.31</ele><time>2024-09-03T18:22:19Z</time></trkpt><trkpt lat="43.38598182" lon="-5.82094634"><ele>174.17</ele><time>2024-09-03T18:22:20Z</time></trkpt><trkpt lat="43.38599419" lon="-5.82094506"><ele>174.02</ele><time>2024-09-03T18:22:21Z</time></trkpt><trkpt lat="43.38600592" lon="-5.82094757"><ele>173.86</ele><time>2024-09-03T18:22:22Z</time></trkpt><trkpt lat="43.38601719" lon="-5.82095275"><ele>173.70</ele><time>2024-09-03T18:22:23Z</time></trkpt><trkpt lat="43.38602815" lon="-5.82095978"><ele>173.55</ele><time>2024-09-03T18:22:24Z</time></trkpt><trkpt lat="43.38603890" lon="-5.82096811"><ele>173.39</ele><time>2024-09-03T18:22:25Z</time></trkpt><trkpt lat="43.38604948" lon="-5.82097736"><ele>173.23</ele><time>2024-09-03T18:22:26Z</time></trkpt><trkpt lat="43.38605996" lon="-5.82098724"><ele>173.07</ele><time>2024-09-03T18:22:27Z</time></trkpt><trkpt lat="43.38607171" lon="-5.82099472"><ele>172.94</ele><time>2024-09-03T18:22:28Z</time></trkpt><trkpt lat="43.38608434" lon="-5.82100051"><ele>172.84</ele><time>2024-09-03T18:22:29Z</time></trkpt><trkpt lat="43.38609760" lon="-5.82100512"><ele>172.75</ele><time>2024-09-03T18:22:30Z</time></trkpt><trkpt lat="43.38611129" lon="-5.82100891"><ele>172.68</ele><time>2024-09-03T18:22:31Z</time></trkpt><trkpt lat="43.38612528" lon="-5.82101211"><ele>172.62</ele><time>2024-09-03T18:22:32Z</time></trkpt><trkpt lat="43.38613949" lon="-5.82101492"><ele>172.56</ele><time>2024-09-03T18:22:33Z</time></trkpt><trkpt lat="43.38615385" lon="-5.82101744"><ele>172.51</ele><time>2024-09-03T18:22:34Z</time></trkpt><trkpt lat="43.38616831" lon="-5.82101976"><ele>172.46</ele><time>2024-09-03T18:22:35Z</time></trkpt><trkpt lat="43.38618285" lon="-5.82102194"><ele>172.41</ele><time>2024-09-03T18:22:36Z</time></trkpt><trkpt lat="43.38619744" lon="-5.82102403"><ele>172.36</ele><time>2024-09-03T18:22:37Z</time></trkpt><trkpt lat="43.38621206" lon="-5.82102605"><ele>172.32</ele><time>2024-09-03T18:22:38Z</time></trkpt><trkpt lat="43.38622888" lon="-5.82102464"><ele>172.29</ele><time>2024-09-03T18:22:39Z</time></trkpt><trkpt lat="43.38624723" lon="-5.82102084"><ele>172.26</ele><time>2024-09-03T18:22:40Z</time></trkpt><trkpt lat="43.38626665" lon="-5.82101537"><ele>172.25</ele><time>2024-09-03T18:22:41Z</time></trkpt><trkpt lat="43.38628683" lon="-5.82100872"><ele>172.24</ele><time>2024-09-03T18:22:42Z</time></trkpt><trkpt lat="43.38630753" lon="-5.82100125"><ele>172.23</ele><time>2024-09-03T18:22:43Z</time></trkpt><trkpt lat="43.38632861" lon="-5.82099320"><ele>172.22</ele><time>2024-09-03T18:22:44Z</time></trkpt><trkpt lat="43.38634994" lon="-5.82098475"><ele>172.22</ele><time>2024-09-03T18:22:45Z</time></trkpt><trkpt lat="43.38637145" lon="-5.82097602"><ele>172.22</ele><time>2024-09-03T18:22:46Z</time></trkpt><trkpt lat="43.38639309" lon="-5.82096710"><ele>172.21</ele><time>2024-09-03T18:22:47Z</time></trkpt><trkpt lat="43.38641303" lon="-5.82096002"><ele>172.25</ele><time>2024-09-03T18:22:48Z</time></trkpt><trkpt lat="43.38643179" lon="-5.82095423"><ele>172.31</ele><time>2024-09-03T18:22:49Z</time></trkpt><trkpt lat="43.38644971" lon="-5.82094935"><ele>172.39</ele><time>2024-09-03T18:22:50Z</time></trkpt><trkpt lat="43.38646706" lon="-5.82094511"><ele>172.48</ele><time>2024-09-03T18:22:51Z</time></trkpt><trkpt lat="43.38648376" lon="-5.82094122"><ele>172.54</ele><time>2024-09-03T18:22:52Z</time></trkpt><trkpt lat="43.38650002" lon="-5.82093757"><ele>172.59</ele><time>2024-09-03T18:22:53Z</time></trkpt><trkpt lat="43.38651597" lon="-5.82093410"><ele>172.62</ele><time>2024-09-03T18:22:54Z</time></trkpt><trkpt lat="43.38653170" lon="-5.82093075"><ele>172.64</ele><time>2024-09-03T18:22:55Z</time></trkpt><trkpt lat="43.38654728" lon="-5.82092749"><ele>172.65</ele><time>2024-09-03T18:22:56Z</time></trkpt><trkpt lat="43.38656275" lon="-5.82092429"><ele>172.67</ele><time>2024-09-03T18:22:57Z</time></trkpt><trkpt lat="43.38657814" lon="-5.82092112"><ele>172.67</ele><time>2024-09-03T18:22:58Z</time></trkpt><trkpt lat="43.38659351" lon="-5.82091914"><ele>172.68</ele><time>2024-09-03T18:22:59Z</time></trkpt><trkpt lat="43.38660885" lon="-5.82091799"><ele>172.68</ele><time>2024-09-03T18:23:00Z</time></trkpt><trkpt lat="43.38662418" lon="-5.82091741"><ele>172.68</ele><time>2024-09-03T18:23:01Z</time></trkpt><trkpt lat="43.38663950" lon="-5.82091724"><ele>172.69</ele><time>2024-09-03T18:23:02Z</time></trkpt><trkpt lat="43.38665655" lon="-5.82091838"><ele>172.70</ele><time>2024-09-03T18:23:03Z</time></trkpt><trkpt lat="43.38667481" lon="-5.82092042"><ele>172.72</ele><time>2024-09-03T18:23:04Z</time></trkpt><trkpt lat="43.38669392" lon="-5.82092311"><ele>172.74</ele><time>2024-09-03T18:23:05Z</time></trkpt><trkpt lat="43.38671362" lon="-5.82092625"><ele>172.77</ele><time>2024-09-03T18:23:06Z</time></trkpt><trkpt lat="43.38673374" lon="-5.82092969"><ele>172.79</ele><time>2024-09-03T18:23:07Z</time></trkpt><trkpt lat="43.38675415" lon="-5.82093336"><ele>172.82</ele><time>2024-09-03T18:23:08Z</time></trkpt><trkpt lat="43.38677476" lon="-5.82093718"><ele>172.86</ele><time>2024-09-03T18:23:09Z</time></trkpt><trkpt lat="43.38679552" lon="-5.82094111"><ele>172.89</ele><time>2024-09-03T18:23:10Z</time></trkpt><trkpt lat="43.38681637" lon="-5.82094511"><ele>172.92</ele><time>2024-09-03T18:23:11Z</time></trkpt><trkpt lat="43.38683729" lon="-5.82094917"><ele>172.95</ele><time>2024-09-03T18:23:12Z</time></trkpt><trkpt lat="43.38685827" lon="-5.82095326"><ele>172.99</ele><time>2024-09-03T18:23:13Z</time></trkpt><trkpt lat="43.38687927" lon="-5.82095738"><ele>173.02</ele><time>2024-09-03T18:23:14Z</time></trkpt><trkpt lat="43.38690030" lon="-5.82096152"><ele>173.06</ele><time>2024-09-03T18:23:15Z</time></trkpt><trkpt lat="43.38692135" lon="-5.82096567"><ele>173.09</ele><time>2024-09-03T18:23:16Z</time></trkpt><trkpt lat="43.38693946" lon="-5.82096882"><ele>173.10</ele><time>2024-09-03T18:23:17Z</time></trkpt><trkpt lat="43.38695550" lon="-5.82097126"><ele>173.10</ele><time>2024-09-03T18:23:18Z</time></trkpt><trkpt lat="43.38697011" lon="-5.82097322"><ele>173.09</ele><time>2024-09-03T18:23:19Z</time></trkpt><trkpt lat="43.38698371" lon="-5.82097483"><ele>173.07</ele><time>2024-09-03T18:23:20Z</time></trkpt><trkpt lat="43.38699660" lon="-5.82097621"><ele>173.04</ele><time>2024-09-03T18:23:21Z</time></trkpt><trkpt lat="43.38700900" lon="-5.82097741"><ele>173.02</ele><time>2024-09-03T18:23:22Z</time></trkpt><trkpt lat="43.38702105" lon="-5.82097850"><ele>172.98</ele><time>2024-09-03T18:23:23Z</time></trkpt><trkpt lat="43.38703286" lon="-5.82097950"><ele>172.95</ele><time>2024-09-03T18:23:24Z</time></trkpt><trkpt lat="43.38704450" lon="-5.82098045"><ele>172.92</ele><time>2024-09-03T18:23:25Z</time></trkpt><trkpt lat="43.38705602" lon="-5.82098136"><ele>172.88</ele><time>2024-09-03T18:23:26Z</time></trkpt><trkpt lat="43.38706746" lon="-5.82098224"><ele>172.85</ele><time>2024-09-03T18:23:27Z</time></trkpt><trkpt lat="43.38707884" lon="-5.82098310"><ele>172.81</ele><time>2024-09-03T18:23:28Z</time></trkpt><trkpt lat="43.38709018" lon="-5.82098394"><ele>172.77</ele><time>2024-09-03T18:23:29Z</time></trkpt><trkpt lat="43.38710317" lon="-5.82098501"><ele>172.75</ele><time>2024-09-03T18:23:30Z</time></trkpt><trkpt lat="43.38711823" lon="-5.82098358"><ele>172.77</ele><time>2024-09-03T18:23:31Z</time></trkpt><trkpt lat="43.38713474" lon="-5.82098039"><ele>172.82</ele><time>2024-09-03T18:23:32Z</time></trkpt><trkpt lat="43.38715226" lon="-5.82097598"><ele>172.89</ele><time>2024-09-03T18:23:33Z</time></trkpt><trkpt lat="43.38717049" lon="-5.82097071"><ele>172.97</ele><time>2024-09-03T18:23:34Z</time></trkpt><trkpt lat="43.38718684" lon="-5.82096857"><ele>173.03</ele><time>2024-09-03T18:23:35Z</time></trkpt><trkpt lat="43.38720186" lon="-5.82096862"><ele>173.07</ele><time>2024-09-03T18:23:36Z</time></trkpt><trkpt lat="43.38722011" lon="-5.82096510"><ele>173.10</ele><time>2024-09-03T18:23:37Z</time></trkpt><trkpt lat="43.38724061" lon="-5.82095909"><ele>173.12</ele><time>2024-09-03T18:23:38Z</time></trkpt><trkpt lat="43.38726269" lon="-5.82095133"><ele>173.14</ele><time>2024-09-03T18:23:39Z</time></trkpt><trkpt lat="43.38728587" lon="-5.82094235"><ele>173.15</ele><time>2024-09-03T18:23:40Z</time></trkpt><trkpt lat="43.38730983" lon="-5.82093252"><ele>173.15</ele><time>2024-09-03T18:23:41Z</time></trkpt><trkpt lat="43.38733432" lon="-5.82092208"><ele>173.16</ele><time>2024-09-03T18:23:42Z</time></trkpt><trkpt lat="43.38735601" lon="-5.82091720"><ele>173.17</ele><time>2024-09-03T18:23:43Z</time></trkpt><trkpt lat="43.38737572" lon="-5.82091621"><ele>173.19</ele><time>2024-09-03T18:23:44Z</time></trkpt><trkpt lat="43.38739405" lon="-5.82091795"><ele>173.21</ele><time>2024-09-03T18:23:45Z</time></trkpt><trkpt lat="43.38741142" lon="-5.82092159"><ele>173.24</ele><time>2024-09-03T18:23:46Z</time></trkpt><trkpt lat="43.38742811" lon="-5.82092656"><ele>173.27</ele><time>2024-09-03T18:23:47Z</time></trkpt><trkpt lat="43.38744433" lon="-5.82093247"><ele>173.30</ele><time>2024-09-03T18:23:48Z</time></trkpt><trkpt lat="43.38746022" lon="-5.82093903"><ele>173.33</ele><time>2024-09-03T18:23:49Z</time></trkpt><trkpt lat="43.38747588" lon="-5.82094604"><ele>173.36</ele><time>2024-09-03T18:23:50Z</time></trkpt><trkpt lat="43.38749137" lon="-5.82095338"><ele>173.39</ele><time>2024-09-03T18:23:51Z</time></trkpt><trkpt lat="43.38750675" lon="-5.82096095"><ele>173.42</ele><time>2024-09-03T18:23:52Z</time></trkpt><trkpt lat="43.38752205" lon="-5.82096866"><ele>173.45</ele><time>2024-09-03T18:23:53Z</time></trkpt><trkpt lat="43.38753730" lon="-5.82097649"><ele>173.49</ele><time>2024-09-03T18:23:54Z</time></trkpt><trkpt lat="43.38755250" lon="-5.82098440"><ele>173.52</ele><time>2024-09-03T18:23:55Z</time></trkpt><trkpt lat="43.38756768" lon="-5.82099236"><ele>173.55</ele><time>2024-09-03T18:23:56Z</time></trkpt><trkpt lat="43.38758284" lon="-5.82100036"><ele>173.58</ele><time>2024-09-03T18:23:57Z</time></trkpt><trkpt lat="43.38759753" lon="-5.82100865"><ele>173.61</ele><time>2024-09-03T18:23:58Z</time></trkpt><trkpt lat="43.38761190" lon="-5.82101715"><ele>173.62</ele><time>2024-09-03T18:23:59Z</time></trkpt><trkpt lat="43.38762603" lon="-5.82102579"><ele>173.63</ele><time>2024-09-03T18:24:00Z</time></trkpt><trkpt lat="43.38764001" lon="-5.82103454"><ele>173.64</ele><time>2024-09-03T18:24:01Z</time></trkpt><trkpt lat="43.38765387" lon="-5.82104335"><ele>173.65</ele><time>2024-09-03T18:24:02Z</time></trkpt><trkpt lat="43.38766766" lon="-5.82105222"><ele>173.65</ele><time>2024-09-03T18:24:03Z</time></trkpt><trkpt lat="43.38768139" lon="-5.82106111"><ele>173.65</ele><time>2024-09-03T18:24:04Z</time></trkpt><trkpt lat="43.38769508" lon="-5.82107004"><ele>173.66</ele><time>2024-09-03T18:24:05Z</time></trkpt><trkpt lat="43.38770874" lon="-5.82107898"><ele>173.66</ele><time>2024-09-03T18:24:06Z</time></trkpt><trkpt lat="43.38772239" lon="-5.82108793"><ele>173.66</ele><time>2024-09-03T18:24:07Z</time></trkpt><trkpt lat="43.38773602" lon="-5.82109689"><ele>173.66</ele><time>2024-09-03T18:24:08Z</time></trkpt><trkpt lat="43.38774964" lon="-5.82110586"><ele>173.66</ele><time>2024-09-03T18:24:09Z</time></trkpt><trkpt lat="43.38776326" lon="-5.82111483"><ele>173.66</ele><time>2024-09-03T18:24:10Z</time></trkpt><trkpt lat="43.38777687" lon="-5.82112380"><ele>173.66</ele><time>2024-09-03T18:24:11Z</time></trkpt><trkpt lat="43.38779048" lon="-5.82113278"><ele>173.66</ele><time>2024-09-03T18:24:12Z</time></trkpt><trkpt lat="43.38780560" lon="-5.82113954"><ele>173.66</ele><time>2024-09-03T18:24:13Z</time></trkpt><trkpt lat="43.38782178" lon="-5.82114475"><ele>173.66</ele><time>2024-09-03T18:24:14Z</time></trkpt><trkpt lat="43.38783817" lon="-5.82115048"><ele>173.66</ele><time>2024-09-03T18:24:15Z</time></trkpt><trkpt lat="43.38785472" lon="-5.82115657"><ele>173.66</ele><time>2024-09-03T18:24:16Z</time></trkpt><trkpt lat="43.38787138" lon="-5.82116292"><ele>173.66</ele><time>2024-09-03T18:24:17Z</time></trkpt><trkpt lat="43.38788811" lon="-5.82116944"><ele>173.66</ele><time>2024-09-03T18:24:18Z</time></trkpt><trkpt lat="43.38790489" lon="-5.82117610"><ele>173.66</ele><time>2024-09-03T18:24:19Z</time></trkpt><trkpt lat="43.38792171" lon="-5.82118284"><ele>173.66</ele><time>2024-09-03T18:24:20Z</time></trkpt><trkpt lat="43.38793733" lon="-5.82119064"><ele>173.66</ele><time>2024-09-03T18:24:21Z</time></trkpt><trkpt lat="43.38795211" lon="-5.82119918"><ele>173.66</ele><time>2024-09-03T18:24:22Z</time></trkpt><trkpt lat="43.38796631" lon="-5.82120825"><ele>173.66</ele><time>2024-09-03T18:24:23Z</time></trkpt><trkpt lat="43.38798010" lon="-5.82121768"><ele>173.66</ele><time>2024-09-03T18:24:24Z</time></trkpt><trkpt lat="43.38799360" lon="-5.82122736"><ele>173.66</ele><time>2024-09-03T18:24:25Z</time></trkpt><trkpt lat="43.38800690" lon="-5.82123722"><ele>173.66</ele><time>2024-09-03T18:24:26Z</time></trkpt><trkpt lat="43.38802006" lon="-5.82124721"><ele>173.66</ele><time>2024-09-03T18:24:27Z</time></trkpt><trkpt lat="43.38803312" lon="-5.82125729"><ele>173.66</ele><time>2024-09-03T18:24:28Z</time></trkpt><trkpt lat="43.38804611" lon="-5.82126743"><ele>173.66</ele><time>2024-09-03T18:24:29Z</time></trkpt><trkpt lat="43.38805905" lon="-5.82127761"><ele>173.66</ele><time>2024-09-03T18:24:30Z</time></trkpt><trkpt lat="43.38807196" lon="-5.82128782"><ele>173.66</ele><time>2024-09-03T18:24:31Z</time></trkpt><trkpt lat="43.38808485" lon="-5.82129805"><ele>173.66</ele><time>2024-09-03T18:24:32Z</time></trkpt><trkpt lat="43.38809772" lon="-5.82130829"><ele>173.66</ele><time>2024-09-03T18:24:33Z</time></trkpt><trkpt lat="43.38811057" lon="-5.82131855"><ele>173.66</ele><time>2024-09-03T18:24:34Z</time></trkpt><trkpt lat="43.38812315" lon="-5.82133017"><ele>173.66</ele><time>2024-09-03T18:24:35Z</time></trkpt><trkpt lat="43.38813554" lon="-5.82134274"><ele>173.66</ele><time>2024-09-03T18:24:36Z</time></trkpt><trkpt lat="43.38814779" lon="-5.82135599"><ele>173.66</ele><time>2024-09-03T18:24:37Z</time></trkpt><trkpt lat="43.38815994" lon="-5.82136970"><ele>173.66</ele><time>2024-09-03T18:24:38Z</time></trkpt><trkpt lat="43.38817203" lon="-5.82138375"><ele>173.66</ele><time>2024-09-03T18:24:39Z</time></trkpt><trkpt lat="43.38818407" lon="-5.82139802"><ele>173.66</ele><time>2024-09-03T18:24:40Z</time></trkpt><trkpt lat="43.38819608" lon="-5.82141245"><ele>173.66</ele><time>2024-09-03T18:24:41Z</time></trkpt><trkpt lat="43.38820806" lon="-5.82142699"><ele>173.66</ele><time>2024-09-03T18:24:42Z</time></trkpt><trkpt lat="43.38822003" lon="-5.82144162"><ele>173.66</ele><time>2024-09-03T18:24:43Z</time></trkpt><trkpt lat="43.38823199" lon="-5.82145629"><ele>173.66</ele><time>2024-09-03T18:24:44Z</time></trkpt><trkpt lat="43.38824394" lon="-5.82147101"><ele>173.66</ele><time>2024-09-03T18:24:45Z</time></trkpt><trkpt lat="43.38825589" lon="-5.82148575"><ele>173.66</ele><time>2024-09-03T18:24:46Z</time></trkpt><trkpt lat="43.38826783" lon="-5.82150052"><ele>173.66</ele><time>2024-09-03T18:24:47Z</time></trkpt><trkpt lat="43.38827976" lon="-5.82151529"><ele>173.66</ele><time>2024-09-03T18:24:48Z</time></trkpt><trkpt lat="43.38829170" lon="-5.82153008"><ele>173.66</ele><time>2024-09-03T18:24:49Z</time></trkpt><trkpt lat="43.38830364" lon="-5.82154487"><ele>173.66</ele><time>2024-09-03T18:24:50Z</time></trkpt><trkpt lat="43.38831557" lon="-5.82155966"><ele>173.66</ele><time>2024-09-03T18:24:51Z</time></trkpt><trkpt lat="43.38832600" lon="-5.82157535"><ele>173.68</ele><time>2024-09-03T18:24:52Z</time></trkpt><trkpt lat="43.38833538" lon="-5.82159167"><ele>173.72</ele><time>2024-09-03T18:24:53Z</time></trkpt><trkpt lat="43.38834402" lon="-5.82160843"><ele>173.78</ele><time>2024-09-03T18:24:54Z</time></trkpt><trkpt lat="43.38835214" lon="-5.82162549"><ele>173.84</ele><time>2024-09-03T18:24:55Z</time></trkpt><trkpt lat="43.38835990" lon="-5.82164277"><ele>173.90</ele><time>2024-09-03T18:24:56Z</time></trkpt><trkpt lat="43.38836741" lon="-5.82166019"><ele>173.98</ele><time>2024-09-03T18:24:57Z</time></trkpt><trkpt lat="43.38837474" lon="-5.82167773"><ele>174.05</ele><time>2024-09-03T18:24:58Z</time></trkpt><trkpt lat="43.38838195" lon="-5.82169533"><ele>174.12</ele><time>2024-09-03T18:24:59Z</time></trkpt><trkpt lat="43.38838908" lon="-5.82171299"><ele>174.20</ele><time>2024-09-03T18:25:00Z</time></trkpt><trkpt lat="43.38839614" lon="-5.82173069"><ele>174.28</ele><time>2024-09-03T18:25:01Z</time></trkpt><trkpt lat="43.38840316" lon="-5.82174841"><ele>174.36</ele><time>2024-09-03T18:25:02Z</time></trkpt><trkpt lat="43.38841014" lon="-5.82176615"><ele>174.44</ele><time>2024-09-03T18:25:03Z</time></trkpt><trkpt lat="43.38841711" lon="-5.82178390"><ele>174.52</ele><time>2024-09-03T18:25:04Z</time></trkpt><trkpt lat="43.38842407" lon="-5.82180165"><ele>174.59</ele><time>2024-09-03T18:25:05Z</time></trkpt><trkpt lat="43.38843101" lon="-5.82181942"><ele>174.67</ele><time>2024-09-03T18:25:06Z</time></trkpt><trkpt lat="43.38843795" lon="-5.82183719"><ele>174.75</ele><time>2024-09-03T18:25:07Z</time></trkpt><trkpt lat="43.38844488" lon="-5.82185496"><ele>174.83</ele><time>2024-09-03T18:25:08Z</time></trkpt><trkpt lat="43.38845181" lon="-5.82187273"><ele>174.91</ele><time>2024-09-03T18:25:09Z</time></trkpt><trkpt lat="43.38846066" lon="-5.82188870"><ele>174.97</ele><time>2024-09-03T18:25:10Z</time></trkpt><trkpt lat="43.38847085" lon="-5.82190341"><ele>175.01</ele><time>2024-09-03T18:25:11Z</time></trkpt><trkpt lat="43.38848198" lon="-5.82191722"><ele>175.04</ele><time>2024-09-03T18:25:12Z</time></trkpt><trkpt lat="43.38849378" lon="-5.82193042"><ele>175.06</ele><time>2024-09-03T18:25:13Z</time></trkpt><trkpt lat="43.38850603" lon="-5.82194319"><ele>175.07</ele><time>2024-09-03T18:25:14Z</time></trkpt><trkpt lat="43.38851861" lon="-5.82195565"><ele>175.08</ele><time>2024-09-03T18:25:15Z</time></trkpt><trkpt lat="43.38853142" lon="-5.82196790"><ele>175.08</ele><time>2024-09-03T18:25:16Z</time></trkpt><trkpt lat="43.38854438" lon="-5.82198000"><ele>175.09</ele><time>2024-09-03T18:25:17Z</time></trkpt><trkpt lat="43.38855745" lon="-5.82199200"><ele>175.09</ele><time>2024-09-03T18:25:18Z</time></trkpt><trkpt lat="43.38857060" lon="-5.82200392"><ele>175.09</ele><time>2024-09-03T18:25:19Z</time></trkpt><trkpt lat="43.38858381" lon="-5.82201579"><ele>175.10</ele><time>2024-09-03T18:25:20Z</time></trkpt><trkpt lat="43.38859705" lon="-5.82202763"><ele>175.10</ele><time>2024-09-03T18:25:21Z</time></trkpt><trkpt lat="43.38861032" lon="-5.82203944"><ele>175.10</ele><time>2024-09-03T18:25:22Z</time></trkpt><trkpt lat="43.38862361" lon="-5.82205123"><ele>175.10</ele><time>2024-09-03T18:25:23Z</time></trkpt><trkpt lat="43.38863691" lon="-5.82206302"><ele>175.10</ele><time>2024-09-03T18:25:24Z</time></trkpt><trkpt lat="43.38865022" lon="-5.82207479"><ele>175.10</ele><time>2024-09-03T18:25:25Z</time></trkpt><trkpt lat="43.38866354" lon="-5.82208656"><ele>175.10</ele><time>2024-09-03T18:25:26Z</time></trkpt><trkpt lat="43.38867686" lon="-5.82209832"><ele>175.10</ele><time>2024-09-03T18:25:27Z</time></trkpt><trkpt lat="43.38868944" lon="-5.82210454"><ele>175.10</ele><time>2024-09-03T18:25:28Z</time></trkpt><trkpt lat="43.38870150" lon="-5.82210687"><ele>175.10</ele><time>2024-09-03T18:25:29Z</time></trkpt><trkpt lat="43.38871320" lon="-5.82210648"><ele>175.10</ele><time>2024-09-03T18:25:30Z</time></trkpt><trkpt lat="43.38872464" lon="-5.82210419"><ele>175.10</ele><time>2024-09-03T18:25:31Z</time></trkpt><trkpt lat="43.38873590" lon="-5.82210057"><ele>175.10</ele><time>2024-09-03T18:25:32Z</time></trkpt><trkpt lat="43.38874704" lon="-5.82209602"><ele>175.10</ele><time>2024-09-03T18:25:33Z</time></trkpt><trkpt lat="43.38875809" lon="-5.82209082"><ele>175.10</ele><time>2024-09-03T18:25:34Z</time></trkpt><trkpt lat="43.38876908" lon="-5.82208516"><ele>175.10</ele><time>2024-09-03T18:25:35Z</time></trkpt><trkpt lat="43.38878003" lon="-5.82207917"><ele>175.10</ele><time>2024-09-03T18:25:36Z</time></trkpt><trkpt lat="43.38879095" lon="-5.82207297"><ele>175.10</ele><time>2024-09-03T18:25:37Z</time></trkpt><trkpt lat="43.38880185" lon="-5.82206661"><ele>175.10</ele><time>2024-09-03T18:25:38Z</time></trkpt><trkpt lat="43.38881273" lon="-5.82206014"><ele>175.10</ele><time>2024-09-03T18:25:39Z</time></trkpt><trkpt lat="43.38882360" lon="-5.82205359"><ele>175.10</ele><time>2024-09-03T18:25:40Z</time></trkpt><trkpt lat="43.38883447" lon="-5.82204699"><ele>175.10</ele><time>2024-09-03T18:25:41Z</time></trkpt><trkpt lat="43.38884533" lon="-5.82204035"><ele>175.10</ele><time>2024-09-03T18:25:42Z</time></trkpt><trkpt lat="43.38885618" lon="-5.82203368"><ele>175.10</ele><time>2024-09-03T18:25:43Z</time></trkpt><trkpt lat="43.38886703" lon="-5.82202699"><ele>175.10</ele><time>2024-09-03T18:25:44Z</time></trkpt><trkpt lat="43.38887789" lon="-5.82202030"><ele>175.10</ele><time>2024-09-03T18:25:45Z</time></trkpt><trkpt lat="43.38888874" lon="-5.82201359"><ele>175.10</ele><time>2024-09-03T18:25:46Z</time></trkpt><trkpt lat="43.38890030" lon="-5.82200643"><ele>175.11</ele><time>2024-09-03T18:25:47Z</time></trkpt><trkpt lat="43.38891235" lon="-5.82199894"><ele>175.12</ele><time>2024-09-03T18:25:48Z</time></trkpt><trkpt lat="43.38892475" lon="-5.82199123"><ele>175.14</ele><time>2024-09-03T18:25:49Z</time></trkpt><trkpt lat="43.38893740" lon="-5.82198336"><ele>175.16</ele><time>2024-09-03T18:25:50Z</time></trkpt><trkpt lat="43.38895022" lon="-5.82197538"><ele>175.18</ele><time>2024-09-03T18:25:51Z</time></trkpt><trkpt lat="43.38896315" lon="-5.82196732"><ele>175.20</ele><time>2024-09-03T18:25:52Z</time></trkpt><trkpt lat="43.38897617" lon="-5.82195921"><ele>175.22</ele><time>2024-09-03T18:25:53Z</time></trkpt><trkpt lat="43.38898924" lon="-5.82195106"><ele>175.25</ele><time>2024-09-03T18:25:54Z</time></trkpt><trkpt lat="43.38900236" lon="-5.82194289"><ele>175.27</ele><time>2024-09-03T18:25:55Z</time></trkpt><trkpt lat="43.38901551" lon="-5.82193470"><ele>175.30</ele><time>2024-09-03T18:25:56Z</time></trkpt><trkpt lat="43.38902867" lon="-5.82192649"><ele>175.32</ele><time>2024-09-03T18:25:57Z</time></trkpt><trkpt lat="43.38904185" lon="-5.82191828"><ele>175.35</ele><time>2024-09-03T18:25:58Z</time></trkpt><trkpt lat="43.38905504" lon="-5.82191005"><ele>175.37</ele><time>2024-09-03T18:25:59Z</time></trkpt><trkpt lat="43.38906824" lon="-5.82190183"><ele>175.40</ele><time>2024-09-03T18:26:00Z</time></trkpt><trkpt lat="43.38908144" lon="-5.82189360"><ele>175.42</ele><time>2024-09-03T18:26:01Z</time></trkpt><trkpt lat="43.38909465" lon="-5.82188537"><ele>175.45</ele><time>2024-09-03T18:26:02Z</time></trkpt><trkpt lat="43.38910785" lon="-5.82187713"><ele>175.47</ele><time>2024-09-03T18:26:03Z</time></trkpt><trkpt lat="43.38912106" lon="-5.82186890"><ele>175.50</ele><time>2024-09-03T18:26:04Z</time></trkpt><trkpt lat="43.38913427" lon="-5.82186067"><ele>175.52</ele><time>2024-09-03T18:26:05Z</time></trkpt><trkpt lat="43.38914792" lon="-5.82185149"><ele>175.51</ele><time>2024-09-03T18:26:06Z</time></trkpt><trkpt lat="43.38916187" lon="-5.82184164"><ele>175.48</ele><time>2024-09-03T18:26:07Z</time></trkpt><trkpt lat="43.38917604" lon="-5.82183133"><ele>175.44</ele><time>2024-09-03T18:26:08Z</time></trkpt><trkpt lat="43.38919036" lon="-5.82182070"><ele>175.38</ele><time>2024-09-03T18:26:09Z</time></trkpt><trkpt lat="43.38920478" lon="-5.82180984"><ele>175.31</ele><time>2024-09-03T18:26:10Z</time></trkpt><trkpt lat="43.38921928" lon="-5.82179882"><ele>175.24</ele><time>2024-09-03T18:26:11Z</time></trkpt><trkpt lat="43.38923383" lon="-5.82178769"><ele>175.16</ele><time>2024-09-03T18:26:12Z</time></trkpt><trkpt lat="43.38924841" lon="-5.82177649"><ele>175.09</ele><time>2024-09-03T18:26:13Z</time></trkpt><trkpt lat="43.38926302" lon="-5.82176523"><ele>175.00</ele><time>2024-09-03T18:26:14Z</time></trkpt><trkpt lat="43.38927765" lon="-5.82175392"><ele>174.92</ele><time>2024-09-03T18:26:15Z</time></trkpt><trkpt lat="43.38929229" lon="-5.82174260"><ele>174.84</ele><time>2024-09-03T18:26:16Z</time></trkpt><trkpt lat="43.38930694" lon="-5.82173125"><ele>174.76</ele><time>2024-09-03T18:26:17Z</time></trkpt><trkpt lat="43.38932159" lon="-5.82171989"><ele>174.67</ele><time>2024-09-03T18:26:18Z</time></trkpt><trkpt lat="43.38933625" lon="-5.82170852"><ele>174.59</ele><time>2024-09-03T18:26:19Z</time></trkpt><trkpt lat="43.38935091" lon="-5.82169715"><ele>174.51</ele><time>2024-09-03T18:26:20Z</time></trkpt><trkpt lat="43.38936557" lon="-5.82168577"><ele>174.42</ele><time>2024-09-03T18:26:21Z</time></trkpt><trkpt lat="43.38938024" lon="-5.82167439"><ele>174.34</ele><time>2024-09-03T18:26:22Z</time></trkpt><trkpt lat="43.38939415" lon="-5.82166269"><ele>174.29</ele><time>2024-09-03T18:26:23Z</time></trkpt><trkpt lat="43.38940755" lon="-5.82165076"><ele>174.26</ele><time>2024-09-03T18:26:24Z</time></trkpt><trkpt lat="43.38942057" lon="-5.82163867"><ele>174.26</ele><time>2024-09-03T18:26:25Z</time></trkpt><trkpt lat="43.38943335" lon="-5.82162648"><ele>174.26</ele><time>2024-09-03T18:26:26Z</time></trkpt><trkpt lat="43.38944594" lon="-5.82161420"><ele>174.28</ele><time>2024-09-03T18:26:27Z</time></trkpt><trkpt lat="43.38945840" lon="-5.82160187"><ele>174.30</ele><time>2024-09-03T18:26:28Z</time></trkpt><trkpt lat="43.38947078" lon="-5.82158951"><ele>174.32</ele><time>2024-09-03T18:26:29Z</time></trkpt><trkpt lat="43.38948309" lon="-5.82157712"><ele>174.35</ele><time>2024-09-03T18:26:30Z</time></trkpt><trkpt lat="43.38949537" lon="-5.82156471"><ele>174.38</ele><time>2024-09-03T18:26:31Z</time></trkpt><trkpt lat="43.38950761" lon="-5.82155229"><ele>174.41</ele><time>2024-09-03T18:26:32Z</time></trkpt><trkpt lat="43.38951983" lon="-5.82153985"><ele>174.44</ele><time>2024-09-03T18:26:33Z</time></trkpt><trkpt lat="43.38953204" lon="-5.82152742"><ele>174.48</ele><time>2024-09-03T18:26:34Z</time></trkpt><trkpt lat="43.38954423" lon="-5.82151497"><ele>174.51</ele><time>2024-09-03T18:26:35Z</time></trkpt><trkpt lat="43.38955642" lon="-5.82150253"><ele>174.54</ele><time>2024-09-03T18:26:36Z</time></trkpt><trkpt lat="43.38956927" lon="-5.82148947"><ele>174.55</ele><time>2024-09-03T18:26:37Z</time></trkpt><trkpt lat="43.38958259" lon="-5.82147599"><ele>174.54</ele><time>2024-09-03T18:26:38Z</time></trkpt><trkpt lat="43.38959623" lon="-5.82146221"><ele>174.51</ele><time>2024-09-03T18:26:39Z</time></trkpt><trkpt lat="43.38961010" lon="-5.82144822"><ele>174.48</ele><time>2024-09-03T18:26:40Z</time></trkpt><trkpt lat="43.38962413" lon="-5.82143409"><ele>174.43</ele><time>2024-09-03T18:26:41Z</time></trkpt><trkpt lat="43.38963828" lon="-5.82141985"><ele>174.39</ele><time>2024-09-03T18:26:42Z</time></trkpt><trkpt lat="43.38965249" lon="-5.82140554"><ele>174.34</ele><time>2024-09-03T18:26:43Z</time></trkpt><trkpt lat="43.38966677" lon="-5.82139118"><ele>174.29</ele><time>2024-09-03T18:26:44Z</time></trkpt><trkpt lat="43.38968108" lon="-5.82137679"><ele>174.24</ele><time>2024-09-03T18:26:45Z</time></trkpt><trkpt lat="43.38969542" lon="-5.82136237"><ele>174.18</ele><time>2024-09-03T18:26:46Z</time></trkpt><trkpt lat="43.38970978" lon="-5.82134793"><ele>174.13</ele><time>2024-09-03T18:26:47Z</time></trkpt><trkpt lat="43.38972415" lon="-5.82133349"><ele>174.07</ele><time>2024-09-03T18:26:48Z</time></trkpt><trkpt lat="43.38973853" lon="-5.82131903"><ele>174.02</ele><time>2024-09-03T18:26:49Z</time></trkpt><trkpt lat="43.38975292" lon="-5.82130457"><ele>173.96</ele><time>2024-09-03T18:26:50Z</time></trkpt><trkpt lat="43.38976731" lon="-5.82129010"><ele>173.90</ele><time>2024-09-03T18:26:51Z</time></trkpt><trkpt lat="43.38978171" lon="-5.82127563"><ele>173.85</ele><time>2024-09-03T18:26:52Z</time></trkpt><trkpt lat="43.38979610" lon="-5.82126116"><ele>173.79</ele><time>2024-09-03T18:26:53Z</time></trkpt><trkpt lat="43.38981054" lon="-5.82124708"><ele>173.74</ele><time>2024-09-03T18:26:54Z</time></trkpt><trkpt lat="43.38982499" lon="-5.82123328"><ele>173.70</ele><time>2024-09-03T18:26:55Z</time></trkpt><trkpt lat="43.38983947" lon="-5.82121968"><ele>173.66</ele><time>2024-09-03T18:26:56Z</time></trkpt><trkpt lat="43.38985396" lon="-5.82120621"><ele>173.62</ele><time>2024-09-03T18:26:57Z</time></trkpt><trkpt lat="43.38986846" lon="-5.82119283"><ele>173.58</ele><time>2024-09-03T18:26:58Z</time></trkpt><trkpt lat="43.38988296" lon="-5.82117952"><ele>173.55</ele><time>2024-09-03T18:26:59Z</time></trkpt><trkpt lat="43.38989747" lon="-5.82116626"><ele>173.51</ele><time>2024-09-03T18:27:00Z</time></trkpt><trkpt lat="43.38991198" lon="-5.82115303"><ele>173.48</ele><time>2024-09-03T18:27:01Z</time></trkpt><trkpt lat="43.38992649" lon="-5.82113982"><ele>173.44</ele><time>2024-09-03T18:27:02Z</time></trkpt><trkpt lat="43.38994100" lon="-5.82112663"><ele>173.41</ele><time>2024-09-03T18:27:03Z</time></trkpt><trkpt lat="43.38995552" lon="-5.82111345"><ele>173.38</ele><time>2024-09-03T18:27:04Z</time></trkpt><trkpt lat="43.38997003" lon="-5.82110028"><ele>173.34</ele><time>2024-09-03T18:27:05Z</time></trkpt><trkpt lat="43.38998455" lon="-5.82108711"><ele>173.31</ele><time>2024-09-03T18:27:06Z</time></trkpt><trkpt lat="43.38999907" lon="-5.82107395"><ele>173.28</ele><time>2024-09-03T18:27:07Z</time></trkpt><trkpt lat="43.39001358" lon="-5.82106079"><ele>173.25</ele><time>2024-09-03T18:27:08Z</time></trkpt><trkpt lat="43.39002760" lon="-5.82104825"><ele>173.21</ele><time>2024-09-03T18:27:09Z</time></trkpt><trkpt lat="43.39004127" lon="-5.82103615"><ele>173.18</ele><time>2024-09-03T18:27:10Z</time></trkpt><trkpt lat="43.39005470" lon="-5.82102435"><ele>173.15</ele><time>2024-09-03T18:27:11Z</time></trkpt><trkpt lat="43.39006795" lon="-5.82101276"><ele>173.11</ele><time>2024-09-03T18:27:12Z</time></trkpt><trkpt lat="43.39008108" lon="-5.82100133"><ele>173.08</ele><time>2024-09-03T18:27:13Z</time></trkpt><trkpt lat="43.39009413" lon="-5.82099000"><ele>173.04</ele><time>2024-09-03T18:27:14Z</time></trkpt><trkpt lat="43.39010712" lon="-5.82097874"><ele>173.01</ele><time>2024-09-03T18:27:15Z</time></trkpt><trkpt lat="43.39012007" lon="-5.82096753"><ele>172.98</ele><time>2024-09-03T18:27:16Z</time></trkpt><trkpt lat="43.39013300" lon="-5.82095636"><ele>172.94</ele><time>2024-09-03T18:27:17Z</time></trkpt><trkpt lat="43.39014590" lon="-5.82094521"><ele>172.91</ele><time>2024-09-03T18:27:18Z</time></trkpt><trkpt lat="43.39015878" lon="-5.82093408"><ele>172.87</ele><time>2024-09-03T18:27:19Z</time></trkpt><trkpt lat="43.39017166" lon="-5.82092297"><ele>172.84</ele><time>2024-09-03T18:27:20Z</time></trkpt><trkpt lat="43.39018453" lon="-5.82091186"><ele>172.80</ele><time>2024-09-03T18:27:21Z</time></trkpt><trkpt lat="43.39019740" lon="-5.82090076"><ele>172.77</ele><time>2024-09-03T18:27:22Z</time></trkpt><trkpt lat="43.39021021" lon="-5.82088938"><ele>172.75</ele><time>2024-09-03T18:27:23Z</time></trkpt><trkpt lat="43.39022297" lon="-5.82087780"><ele>172.73</ele><time>2024-09-03T18:27:24Z</time></trkpt><trkpt lat="43.39023572" lon="-5.82086609"><ele>172.72</ele><time>2024-09-03T18:27:25Z</time></trkpt><trkpt lat="43.39024844" lon="-5.82085428"><ele>172.71</ele><time>2024-09-03T18:27:26Z</time></trkpt><trkpt lat="43.39026115" lon="-5.82084241"><ele>172.70</ele><time>2024-09-03T18:27:27Z</time></trkpt><trkpt lat="43.39027384" lon="-5.82083048"><ele>172.70</ele><time>2024-09-03T18:27:28Z</time></trkpt><trkpt lat="43.39028654" lon="-5.82081853"><ele>172.70</ele><time>2024-09-03T18:27:29Z</time></trkpt><trkpt lat="43.39029922" lon="-5.82080655"><ele>172.69</ele><time>2024-09-03T18:27:30Z</time></trkpt><trkpt lat="43.39031191" lon="-5.82079456"><ele>172.69</ele><time>2024-09-03T18:27:31Z</time></trkpt><trkpt lat="43.39032459" lon="-5.82078256"><ele>172.69</ele><time>2024-09-03T18:27:32Z</time></trkpt><trkpt lat="43.39033727" lon="-5.82077054"><ele>172.69</ele><time>2024-09-03T18:27:33Z</time></trkpt><trkpt lat="43.39034995" lon="-5.82075853"><ele>172.69</ele><time>2024-09-03T18:27:34Z</time></trkpt><trkpt lat="43.39036263" lon="-5.82074650"><ele>172.69</ele><time>2024-09-03T18:27:35Z</time></trkpt><trkpt lat="43.39037530" lon="-5.82073448"><ele>172.69</ele><time>2024-09-03T18:27:36Z</time></trkpt><trkpt lat="43.39038798" lon="-5.82072245"><ele>172.69</ele><time>2024-09-03T18:27:37Z</time></trkpt><trkpt lat="43.39040066" lon="-5.82071043"><ele>172.69</ele><time>2024-09-03T18:27:38Z</time></trkpt><trkpt lat="43.39041334" lon="-5.82069840"><ele>172.69</ele><time>2024-09-03T18:27:39Z</time></trkpt><trkpt lat="43.39042687" lon="-5.82068800"><ele>172.69</ele><time>2024-09-03T18:27:40Z</time></trkpt><trkpt lat="43.39044099" lon="-5.82067873"><ele>172.69</ele><time>2024-09-03T18:27:41Z</time></trkpt><trkpt lat="43.39045554" lon="-5.82067027"><ele>172.69</ele><time>2024-09-03T18:27:42Z</time></trkpt><trkpt lat="43.39047038" lon="-5.82066236"><ele>172.69</ele><time>2024-09-03T18:27:43Z</time></trkpt><trkpt lat="43.39048542" lon="-5.82065484"><ele>172.69</ele><time>2024-09-03T18:27:44Z</time></trkpt><trkpt lat="43.39050060" lon="-5.82064759"><ele>172.69</ele><time>2024-09-03T18:27:45Z</time></trkpt><trkpt lat="43.39051347" lon="-5.82063971"><ele>172.68</ele><time>2024-09-03T18:27:46Z</time></trkpt><trkpt lat="43.39052471" lon="-5.82063138"><ele>172.66</ele><time>2024-09-03T18:27:47Z</time></trkpt><trkpt lat="43.39053482" lon="-5.82062273"><ele>172.63</ele><time>2024-09-03T18:27:48Z</time></trkpt><trkpt lat="43.39054413" lon="-5.82061387"><ele>172.60</ele><time>2024-09-03T18:27:49Z</time></trkpt><trkpt lat="43.39055288" lon="-5.82060486"><ele>172.57</ele><time>2024-09-03T18:27:50Z</time></trkpt><trkpt lat="43.39056124" lon="-5.82059573"><ele>172.53</ele><time>2024-09-03T18:27:51Z</time></trkpt><trkpt lat="43.39056933" lon="-5.82058653"><ele>172.50</ele><time>2024-09-03T18:27:52Z</time></trkpt><trkpt lat="43.39057723" lon="-5.82057728"><ele>172.46</ele><time>2024-09-03T18:27:53Z</time></trkpt><trkpt lat="43.39058500" lon="-5.82056799"><ele>172.42</ele><time>2024-09-03T18:27:54Z</time></trkpt><trkpt lat="43.39059267" lon="-5.82055868"><ele>172.38</ele><time>2024-09-03T18:27:55Z</time></trkpt><trkpt lat="43.39060027" lon="-5.82054935"><ele>172.34</ele><time>2024-09-03T18:27:56Z</time></trkpt><trkpt lat="43.39060783" lon="-5.82054000"><ele>172.30</ele><time>2024-09-03T18:27:57Z</time></trkpt><trkpt lat="43.39061454" lon="-5.82053496"><ele>172.26</ele><time>2024-09-03T18:27:58Z</time></trkpt><trkpt lat="43.39062065" lon="-5.82053292"><ele>172.22</ele><time>2024-09-03T18:27:59Z</time></trkpt><trkpt lat="43.39062635" lon="-5.82053299"><ele>172.18</ele><time>2024-09-03T18:28:00Z</time></trkpt><trkpt lat="43.39063175" lon="-5.82053453"><ele>172.14</ele><time>2024-09-03T18:28:01Z</time></trkpt><trkpt lat="43.39063695" lon="-5.82053710"><ele>172.10</ele><time>2024-09-03T18:28:02Z</time></trkpt><trkpt lat="43.39064201" lon="-5.82054039"><ele>172.06</ele><time>2024-09-03T18:28:03Z</time></trkpt><trkpt lat="43.39064696" lon="-5.82054419"><ele>172.02</ele><time>2024-09-03T18:28:04Z</time></trkpt><trkpt lat="43.39065185" lon="-5.82054835"><ele>171.98</ele><time>2024-09-03T18:28:05Z</time></trkpt><trkpt lat="43.39065668" lon="-5.82055275"><ele>171.94</ele><time>2024-09-03T18:28:06Z</time></trkpt><trkpt lat="43.39066149" lon="-5.82055733"><ele>171.90</ele><time>2024-09-03T18:28:07Z</time></trkpt><trkpt lat="43.39066626" lon="-5.82056202"><ele>171.86</ele><time>2024-09-03T18:28:08Z</time></trkpt><trkpt lat="43.39067103" lon="-5.82056681"><ele>171.82</ele><time>2024-09-03T18:28:09Z</time></trkpt><trkpt lat="43.39068075" lon="-5.82056408"><ele>171.80</ele><time>2024-09-03T18:28:10Z</time></trkpt><trkpt lat="43.39069395" lon="-5.82055611"><ele>171.78</ele><time>2024-09-03T18:28:11Z</time></trkpt><trkpt lat="43.39070957" lon="-5.82054445"><ele>171.76</ele><time>2024-09-03T18:28:12Z</time></trkpt><trkpt lat="43.39072690" lon="-5.82053023"><ele>171.75</ele><time>2024-09-03T18:28:13Z</time></trkpt><trkpt lat="43.39074542" lon="-5.82051420"><ele>171.75</ele><time>2024-09-03T18:28:14Z</time></trkpt><trkpt lat="43.39076478" lon="-5.82049691"><ele>171.74</ele><time>2024-09-03T18:28:15Z</time></trkpt><trkpt lat="43.39078472" lon="-5.82047873"><ele>171.74</ele><time>2024-09-03T18:28:16Z</time></trkpt><trkpt lat="43.39080507" lon="-5.82045994"><ele>171.74</ele><time>2024-09-03T18:28:17Z</time></trkpt><trkpt lat="43.39082570" lon="-5.82044072"><ele>171.73</ele><time>2024-09-03T18:28:18Z</time></trkpt><trkpt lat="43.39084653" lon="-5.82042119"><ele>171.73</ele><time>2024-09-03T18:28:19Z</time></trkpt><trkpt lat="43.39086751" lon="-5.82040145"><ele>171.73</ele><time>2024-09-03T18:28:20Z</time></trkpt><trkpt lat="43.39088858" lon="-5.82038156"><ele>171.73</ele><time>2024-09-03T18:28:21Z</time></trkpt><trkpt lat="43.39090972" lon="-5.82036157"><ele>171.73</ele><time>2024-09-03T18:28:22Z</time></trkpt><trkpt lat="43.39093091" lon="-5.82034151"><ele>171.73</ele><time>2024-09-03T18:28:23Z</time></trkpt><trkpt lat="43.39095213" lon="-5.82032139"><ele>171.73</ele><time>2024-09-03T18:28:24Z</time></trkpt><trkpt lat="43.39097255" lon="-5.82030152"><ele>171.73</ele><time>2024-09-03T18:28:25Z</time></trkpt><trkpt lat="43.39099239" lon="-5.82028182"><ele>171.73</ele><time>2024-09-03T18:28:26Z</time></trkpt><trkpt lat="43.39101184" lon="-5.82026225"><ele>171.73</ele><time>2024-09-03T18:28:27Z</time></trkpt><trkpt lat="43.39103101" lon="-5.82024276"><ele>171.73</ele><time>2024-09-03T18:28:28Z</time></trkpt><trkpt lat="43.39104999" lon="-5.82022332"><ele>171.73</ele><time>2024-09-03T18:28:29Z</time></trkpt><trkpt lat="43.39106458" lon="-5.82020002"><ele>171.73</ele><time>2024-09-03T18:28:30Z</time></trkpt><trkpt lat="43.39107611" lon="-5.82017401"><ele>171.73</ele><time>2024-09-03T18:28:31Z</time></trkpt><trkpt lat="43.39108548" lon="-5.82014610"><ele>171.73</ele><time>2024-09-03T18:28:32Z</time></trkpt><trkpt lat="43.39109335" lon="-5.82011686"><ele>171.73</ele><time>2024-09-03T18:28:33Z</time></trkpt><trkpt lat="43.39109787" lon="-5.82008766"><ele>171.73</ele><time>2024-09-03T18:28:34Z</time></trkpt><trkpt lat="43.39110006" lon="-5.82005848"><ele>171.73</ele><time>2024-09-03T18:28:35Z</time></trkpt><trkpt lat="43.39110060" lon="-5.82002932"><ele>171.73</ele><time>2024-09-03T18:28:36Z</time></trkpt><trkpt lat="43.39110000" lon="-5.82000017"><ele>171.73</ele><time>2024-09-03T18:28:37Z</time></trkpt><trkpt lat="43.39109860" lon="-5.81997102"><ele>171.73</ele><time>2024-09-03T18:28:38Z</time></trkpt><trkpt lat="43.39109663" lon="-5.81994189"><ele>171.73</ele><time>2024-09-03T18:28:39Z</time></trkpt><trkpt lat="43.39109427" lon="-5.81991275"><ele>171.73</ele><time>2024-09-03T18:28:40Z</time></trkpt><trkpt lat="43.39109163" lon="-5.81988362"><ele>171.73</ele><time>2024-09-03T18:28:41Z</time></trkpt><trkpt lat="43.39108881" lon="-5.81985449"><ele>171.73</ele><time>2024-09-03T18:28:42Z</time></trkpt><trkpt lat="43.39108584" lon="-5.81982536"><ele>171.73</ele><time>2024-09-03T18:28:43Z</time></trkpt><trkpt lat="43.39108279" lon="-5.81979624"><ele>171.73</ele><time>2024-09-03T18:28:44Z</time></trkpt><trkpt lat="43.39107966" lon="-5.81976711"><ele>171.73</ele><time>2024-09-03T18:28:45Z</time></trkpt><trkpt lat="43.39107649" lon="-5.81973798"><ele>171.73</ele><time>2024-09-03T18:28:46Z</time></trkpt><trkpt lat="43.39107329" lon="-5.81970886"><ele>171.73</ele><time>2024-09-03T18:28:47Z</time></trkpt><trkpt lat="43.39107007" lon="-5.81967973"><ele>171.73</ele><time>2024-09-03T18:28:48Z</time></trkpt><trkpt lat="43.39106682" lon="-5.81965061"><ele>171.73</ele><time>2024-09-03T18:28:49Z</time></trkpt><trkpt lat="43.39106357" lon="-5.81962148"><ele>171.73</ele><time>2024-09-03T18:28:50Z</time></trkpt><trkpt lat="43.39106031" lon="-5.81959236"><ele>171.73</ele><time>2024-09-03T18:28:51Z</time></trkpt><trkpt lat="43.39105705" lon="-5.81956323"><ele>171.73</ele><time>2024-09-03T18:28:52Z</time></trkpt><trkpt lat="43.39105799" lon="-5.81954037"><ele>171.72</ele><time>2024-09-03T18:28:53Z</time></trkpt><trkpt lat="43.39106187" lon="-5.81952188"><ele>171.71</ele><time>2024-09-03T18:28:54Z</time></trkpt><trkpt lat="43.39106781" lon="-5.81950646"><ele>171.69</ele><time>2024-09-03T18:28:55Z</time></trkpt><trkpt lat="43.39107519" lon="-5.81949319"><ele>171.67</ele><time>2024-09-03T18:28:56Z</time></trkpt><trkpt lat="43.39108358" lon="-5.81948143"><ele>171.65</ele><time>2024-09-03T18:28:57Z</time></trkpt><trkpt lat="43.39109268" lon="-5.81947071"><ele>171.62</ele><time>2024-09-03T18:28:58Z</time></trkpt><trkpt lat="43.39110228" lon="-5.81946073"><ele>171.60</ele><time>2024-09-03T18:28:59Z</time></trkpt><trkpt lat="43.39111222" lon="-5.81945127"><ele>171.58</ele><time>2024-09-03T18:29:00Z</time></trkpt><trkpt lat="43.39112240" lon="-5.81944217"><ele>171.55</ele><time>2024-09-03T18:29:01Z</time></trkpt><trkpt lat="43.39113275" lon="-5.81943332"><ele>171.52</ele><time>2024-09-03T18:29:02Z</time></trkpt><trkpt lat="43.39114322" lon="-5.81942464"><ele>171.50</ele><time>2024-09-03T18:29:03Z</time></trkpt><trkpt lat="43.39115377" lon="-5.81941609"><ele>171.47</ele><time>2024-09-03T18:29:04Z</time></trkpt><trkpt lat="43.39116439" lon="-5.81940763"><ele>171.44</ele><time>2024-09-03T18:29:05Z</time></trkpt><trkpt lat="43.39117504" lon="-5.81939923"><ele>171.42</ele><time>2024-09-03T18:29:06Z</time></trkpt><trkpt lat="43.39118572" lon="-5.81939087"><ele>171.39</ele><time>2024-09-03T18:29:07Z</time></trkpt><trkpt lat="43.39119642" lon="-5.81938254"><ele>171.37</ele><time>2024-09-03T18:29:08Z</time></trkpt><trkpt lat="43.39120714" lon="-5.81937423"><ele>171.34</ele><time>2024-09-03T18:29:09Z</time></trkpt><trkpt lat="43.39121786" lon="-5.81936593"><ele>171.31</ele><time>2024-09-03T18:29:10Z</time></trkpt><trkpt lat="43.39122912" lon="-5.81935692"><ele>171.29</ele><time>2024-09-03T18:29:11Z</time></trkpt><trkpt lat="43.39124075" lon="-5.81934741"><ele>171.28</ele><time>2024-09-03T18:29:12Z</time></trkpt><trkpt lat="43.39125264" lon="-5.81933755"><ele>171.27</ele><time>2024-09-03T18:29:13Z</time></trkpt><trkpt lat="43.39126471" lon="-5.81932744"><ele>171.26</ele><time>2024-09-03T18:29:14Z</time></trkpt><trkpt lat="43.39127691" lon="-5.81931716"><ele>171.26</ele><time>2024-09-03T18:29:15Z</time></trkpt><trkpt lat="43.39128920" lon="-5.81930676"><ele>171.26</ele><time>2024-09-03T18:29:16Z</time></trkpt><trkpt lat="43.39130156" lon="-5.81929627"><ele>171.26</ele><time>2024-09-03T18:29:17Z</time></trkpt><trkpt lat="43.39131395" lon="-5.81928573"><ele>171.25</ele><time>2024-09-03T18:29:18Z</time></trkpt><trkpt lat="43.39132638" lon="-5.81927514"><ele>171.25</ele><time>2024-09-03T18:29:19Z</time></trkpt><trkpt lat="43.39133883" lon="-5.81926453"><ele>171.25</ele><time>2024-09-03T18:29:20Z</time></trkpt><trkpt lat="43.39135130" lon="-5.81925389"><ele>171.25</ele><time>2024-09-03T18:29:21Z</time></trkpt><trkpt lat="43.39136377" lon="-5.81924325"><ele>171.25</ele><time>2024-09-03T18:29:22Z</time></trkpt><trkpt lat="43.39137625" lon="-5.81923259"><ele>171.25</ele><time>2024-09-03T18:29:23Z</time></trkpt><trkpt lat="43.39138874" lon="-5.81922192"><ele>171.25</ele><time>2024-09-03T18:29:24Z</time></trkpt><trkpt lat="43.39140123" lon="-5.81921125"><ele>171.25</ele><time>2024-09-03T18:29:25Z</time></trkpt><trkpt lat="43.39141372" lon="-5.81920058"><ele>171.25</ele><time>2024-09-03T18:29:26Z</time></trkpt><trkpt lat="43.39142430" lon="-5.81919034"><ele>171.23</ele><time>2024-09-03T18:29:27Z</time></trkpt><trkpt lat="43.39143353" lon="-5.81918041"><ele>171.20</ele><time>2024-09-03T18:29:28Z</time></trkpt><trkpt lat="43.39144182" lon="-5.81917070"><ele>171.16</ele><time>2024-09-03T18:29:29Z</time></trkpt><trkpt lat="43.39144944" lon="-5.81916113"><ele>171.12</ele><time>2024-09-03T18:29:30Z</time></trkpt><trkpt lat="43.39145661" lon="-5.81915167"><ele>171.07</ele><time>2024-09-03T18:29:31Z</time></trkpt><trkpt lat="43.39146346" lon="-5.81914228"><ele>171.01</ele><time>2024-09-03T18:29:32Z</time></trkpt><trkpt lat="43.39147008" lon="-5.81913295"><ele>170.96</ele><time>2024-09-03T18:29:33Z</time></trkpt><trkpt lat="43.39147654" lon="-5.81912365"><ele>170.90</ele><time>2024-09-03T18:29:34Z</time></trkpt><trkpt lat="43.39148289" lon="-5.81911438"><ele>170.84</ele><time>2024-09-03T18:29:35Z</time></trkpt><trkpt lat="43.39148916" lon="-5.81910512"><ele>170.79</ele><time>2024-09-03T18:29:36Z</time></trkpt><trkpt lat="43.39149538" lon="-5.81909588"><ele>170.73</ele><time>2024-09-03T18:29:37Z</time></trkpt><trkpt lat="43.39150156" lon="-5.81908664"><ele>170.67</ele><time>2024-09-03T18:29:38Z</time></trkpt><trkpt lat="43.39150772" lon="-5.81907741"><ele>170.61</ele><time>2024-09-03T18:29:39Z</time></trkpt><trkpt lat="43.39151386" lon="-5.81906819"><ele>170.55</ele><time>2024-09-03T18:29:40Z</time></trkpt><trkpt lat="43.39151998" lon="-5.81905897"><ele>170.49</ele><time>2024-09-03T18:29:41Z</time></trkpt><trkpt lat="43.39152609" lon="-5.81904975"><ele>170.43</ele><time>2024-09-03T18:29:42Z</time></trkpt><trkpt lat="43.39153012" lon="-5.81904104"><ele>170.42</ele><time>2024-09-03T18:29:43Z</time></trkpt><trkpt lat="43.39153269" lon="-5.81903269"><ele>170.46</ele><time>2024-09-03T18:29:44Z</time></trkpt><trkpt lat="43.39153424" lon="-5.81902460"><ele>170.51</ele><time>2024-09-03T18:29:45Z</time></trkpt><trkpt lat="43.39153507" lon="-5.81901668"><ele>170.59</ele><time>2024-09-03T18:29:46Z</time></trkpt><trkpt lat="43.39153540" lon="-5.81900888"><ele>170.68</ele><time>2024-09-03T18:29:47Z</time></trkpt><trkpt lat="43.39153538" lon="-5.81900117"><ele>170.78</ele><time>2024-09-03T18:29:48Z</time></trkpt><trkpt lat="43.39153511" lon="-5.81899352"><ele>170.88</ele><time>2024-09-03T18:29:49Z</time></trkpt><trkpt lat="43.39153467" lon="-5.81898591"><ele>170.99</ele><time>2024-09-03T18:29:50Z</time></trkpt><trkpt lat="43.39153412" lon="-5.81897834"><ele>171.11</ele><time>2024-09-03T18:29:51Z</time></trkpt><trkpt lat="43.39153347" lon="-5.81897078"><ele>171.22</ele><time>2024-09-03T18:29:52Z</time></trkpt><trkpt lat="43.39153277" lon="-5.81896324"><ele>171.34</ele><time>2024-09-03T18:29:53Z</time></trkpt><trkpt lat="43.39153203" lon="-5.81895570"><ele>171.46</ele><time>2024-09-03T18:29:54Z</time></trkpt><trkpt lat="43.39153175" lon="-5.81895021"><ele>171.53</ele><time>2024-09-03T18:29:55Z</time></trkpt><trkpt lat="43.39153178" lon="-5.81894614"><ele>171.58</ele><time>2024-09-03T18:29:56Z</time></trkpt><trkpt lat="43.39153204" lon="-5.81894307"><ele>171.62</ele><time>2024-09-03T18:29:57Z</time></trkpt><trkpt lat="43.39153246" lon="-5.81894070"><ele>171.63</ele><time>2024-09-03T18:29:58Z</time></trkpt><trkpt lat="43.39153299" lon="-5.81893881"><ele>171.64</ele><time>2024-09-03T18:29:59Z</time></trkpt><trkpt lat="43.39153359" lon="-5.81893727"><ele>171.64</ele><time>2024-09-03T18:30:00Z</time></trkpt><trkpt lat="43.39153425" lon="-5.81893597"><ele>171.64</ele><time>2024-09-03T18:30:01Z</time></trkpt><trkpt lat="43.39153495" lon="-5.81893484"><ele>171.63</ele><time>2024-09-03T18:30:02Z</time></trkpt><trkpt lat="43.39153567" lon="-5.81893382"><ele>171.62</ele><time>2024-09-03T18:30:03Z</time></trkpt><trkpt lat="43.39153641" lon="-5.81893289"><ele>171.61</ele><time>2024-09-03T18:30:04Z</time></trkpt><trkpt lat="43.39153716" lon="-5.81893201"><ele>171.60</ele><time>2024-09-03T18:30:05Z</time></trkpt><trkpt lat="43.39153793" lon="-5.81893117"><ele>171.59</ele><time>2024-09-03T18:30:06Z</time></trkpt><trkpt lat="43.39153870" lon="-5.81893037"><ele>171.58</ele><time>2024-09-03T18:30:07Z</time></trkpt><trkpt lat="43.39153947" lon="-5.81892958"><ele>171.56</ele><time>2024-09-03T18:30:08Z</time></trkpt><trkpt lat="43.39154025" lon="-5.81892880"><ele>171.55</ele><time>2024-09-03T18:30:09Z</time></trkpt><trkpt lat="43.39154103" lon="-5.81892804"><ele>171.54</ele><time>2024-09-03T18:30:10Z</time></trkpt><trkpt lat="43.39154181" lon="-5.81892728"><ele>171.52</ele><time>2024-09-03T18:30:11Z</time></trkpt><trkpt lat="43.39154259" lon="-5.81892653"><ele>171.51</ele><time>2024-09-03T18:30:12Z</time></trkpt><trkpt lat="43.39154337" lon="-5.81892578"><ele>171.49</ele><time>2024-09-03T18:30:13Z</time></trkpt><trkpt lat="43.39154415" lon="-5.81892503"><ele>171.48</ele><time>2024-09-03T18:30:14Z</time></trkpt><trkpt lat="43.39154494" lon="-5.81892429"><ele>171.47</ele><time>2024-09-03T18:30:15Z</time></trkpt><trkpt lat="43.39154572" lon="-5.81892354"><ele>171.45</ele><time>2024-09-03T18:30:16Z</time></trkpt><trkpt lat="43.39154650" lon="-5.81892280"><ele>171.44</ele><time>2024-09-03T18:30:17Z</time></trkpt><trkpt lat="43.39154729" lon="-5.81892205"><ele>171.42</ele><time>2024-09-03T18:30:18Z</time></trkpt><trkpt lat="43.39154807" lon="-5.81892131"><ele>171.41</ele><time>2024-09-03T18:30:19Z</time></trkpt><trkpt lat="43.39154885" lon="-5.81892057"><ele>171.40</ele><time>2024-09-03T18:30:20Z</time></trkpt><trkpt lat="43.39154964" lon="-5.81891983"><ele>171.38</ele><time>2024-09-03T18:30:21Z</time></trkpt><trkpt lat="43.39155042" lon="-5.81891908"><ele>171.37</ele><time>2024-09-03T18:30:22Z</time></trkpt><trkpt lat="43.39155121" lon="-5.81891834"><ele>171.35</ele><time>2024-09-03T18:30:23Z</time></trkpt><trkpt lat="43.39155199" lon="-5.81891760"><ele>171.34</ele><time>2024-09-03T18:30:24Z</time></trkpt><trkpt lat="43.39155277" lon="-5.81891686"><ele>171.33</ele><time>2024-09-03T18:30:25Z</time></trkpt><trkpt lat="43.39155356" lon="-5.81891611"><ele>171.31</ele><time>2024-09-03T18:30:26Z</time></trkpt><trkpt lat="43.39155434" lon="-5.81891537"><ele>171.30</ele><time>2024-09-03T18:30:27Z</time></trkpt><trkpt lat="43.39155512" lon="-5.81891463"><ele>171.28</ele><time>2024-09-03T18:30:28Z</time></trkpt><trkpt lat="43.39155561" lon="-5.81891440"><ele>171.27</ele><time>2024-09-03T18:30:29Z</time></trkpt><trkpt lat="43.39155589" lon="-5.81891452"><ele>171.26</ele><time>2024-09-03T18:30:30Z</time></trkpt><trkpt lat="43.39155603" lon="-5.81891489"><ele>171.24</ele><time>2024-09-03T18:30:31Z</time></trkpt><trkpt lat="43.39155607" lon="-5.81891544"><ele>171.23</ele><time>2024-09-03T18:30:32Z</time></trkpt><trkpt lat="43.39155603" lon="-5.81891611"><ele>171.21</ele><time>2024-09-03T18:30:33Z</time></trkpt><trkpt lat="43.39155595" lon="-5.81891687"><ele>171.20</ele><time>2024-09-03T18:30:34Z</time></trkpt><trkpt lat="43.39155583" lon="-5.81891768"><ele>171.19</ele><time>2024-09-03T18:30:35Z</time></trkpt><trkpt lat="43.39155568" lon="-5.81891854"><ele>171.17</ele><time>2024-09-03T18:30:36Z</time></trkpt><trkpt lat="43.39155552" lon="-5.81891943"><ele>171.16</ele><time>2024-09-03T18:30:37Z</time></trkpt><trkpt lat="43.39155535" lon="-5.81892034"><ele>171.14</ele><time>2024-09-03T18:30:38Z</time></trkpt><trkpt lat="43.39155517" lon="-5.81892126"><ele>171.13</ele><time>2024-09-03T18:30:39Z</time></trkpt><trkpt lat="43.39155498" lon="-5.81892219"><ele>171.12</ele><time>2024-09-03T18:30:40Z</time></trkpt><trkpt lat="43.39155479" lon="-5.81892313"><ele>171.10</ele><time>2024-09-03T18:30:41Z</time></trkpt><trkpt lat="43.39155459" lon="-5.81892407"><ele>171.09</ele><time>2024-09-03T18:30:42Z</time></trkpt><trkpt lat="43.39155439" lon="-5.81892502"><ele>171.08</ele><time>2024-09-03T18:30:43Z</time></trkpt><trkpt lat="43.39155420" lon="-5.81892597"><ele>171.06</ele><time>2024-09-03T18:30:44Z</time></trkpt><trkpt lat="43.39155400" lon="-5.81892692"><ele>171.05</ele><time>2024-09-03T18:30:45Z</time></trkpt><trkpt lat="43.39155380" lon="-5.81892788"><ele>171.04</ele><time>2024-09-03T18:30:46Z</time></trkpt><trkpt lat="43.39155360" lon="-5.81892883"><ele>171.02</ele><time>2024-09-03T18:30:47Z</time></trkpt><trkpt lat="43.39155340" lon="-5.81892978"><ele>171.01</ele><time>2024-09-03T18:30:48Z</time></trkpt><trkpt lat="43.39155320" lon="-5.81893074"><ele>170.99</ele><time>2024-09-03T18:30:49Z</time></trkpt><trkpt lat="43.39155300" lon="-5.81893169"><ele>170.98</ele><time>2024-09-03T18:30:50Z</time></trkpt><trkpt lat="43.39155280" lon="-5.81893265"><ele>170.97</ele><time>2024-09-03T18:30:51Z</time></trkpt><trkpt lat="43.39155259" lon="-5.81893360"><ele>170.95</ele><time>2024-09-03T18:30:52Z</time></trkpt><trkpt lat="43.39155239" lon="-5.81893456"><ele>170.94</ele><time>2024-09-03T18:30:53Z</time></trkpt><trkpt lat="43.39155219" lon="-5.81893551"><ele>170.93</ele><time>2024-09-03T18:30:54Z</time></trkpt><trkpt lat="43.39155199" lon="-5.81893647"><ele>170.91</ele><time>2024-09-03T18:30:55Z</time></trkpt><trkpt lat="43.39155179" lon="-5.81893742"><ele>170.90</ele><time>2024-09-03T18:30:56Z</time></trkpt><trkpt lat="43.39155159" lon="-5.81893838"><ele>170.88</ele><time>2024-09-03T18:30:57Z</time></trkpt><trkpt lat="43.39155139" lon="-5.81893934"><ele>170.87</ele><time>2024-09-03T18:30:58Z</time></trkpt><trkpt lat="43.39155119" lon="-5.81894029"><ele>170.86</ele><time>2024-09-03T18:30:59Z</time></trkpt><trkpt lat="43.39155099" lon="-5.81894125"><ele>170.84</ele><time>2024-09-03T18:31:00Z</time></trkpt><trkpt lat="43.39155078" lon="-5.81894220"><ele>170.83</ele><time>2024-09-03T18:31:01Z</time></trkpt><trkpt lat="43.39155058" lon="-5.81894316"><ele>170.82</ele><time>2024-09-03T18:31:02Z</time></trkpt><trkpt lat="43.39155038" lon="-5.81894411"><ele>170.80</ele><time>2024-09-03T18:31:03Z</time></trkpt><trkpt lat="43.39155023" lon="-5.81894480"><ele>170.78</ele><time>2024-09-03T18:31:04Z</time></trkpt><trkpt lat="43.39155011" lon="-5.81894529"><ele>170.74</ele><time>2024-09-03T18:31:05Z</time></trkpt><trkpt lat="43.39155002" lon="-5.81894564"><ele>170.71</ele><time>2024-09-03T18:31:06Z</time></trkpt><trkpt lat="43.39154995" lon="-5.81894591"><ele>170.67</ele><time>2024-09-03T18:31:07Z</time></trkpt><trkpt lat="43.39154988" lon="-5.81894610"><ele>170.62</ele><time>2024-09-03T18:31:08Z</time></trkpt><trkpt lat="43.39154983" lon="-5.81894625"><ele>170.57</ele><time>2024-09-03T18:31:09Z</time></trkpt><trkpt lat="43.39154978" lon="-5.81894637"><ele>170.53</ele><time>2024-09-03T18:31:10Z</time></trkpt><trkpt lat="43.39154974" lon="-5.81894647"><ele>170.48</ele><time>2024-09-03T18:31:11Z</time></trkpt><trkpt lat="43.39154969" lon="-5.81894655"><ele>170.43</ele><time>2024-09-03T18:31:12Z</time></trkpt><trkpt lat="43.39154965" lon="-5.81894662"><ele>170.38</ele><time>2024-09-03T18:31:13Z</time></trkpt><trkpt lat="43.39154962" lon="-5.81894668"><ele>170.33</ele><time>2024-09-03T18:31:14Z</time></trkpt><trkpt lat="43.39154958" lon="-5.81894674"><ele>170.28</ele><time>2024-09-03T18:31:15Z</time></trkpt><trkpt lat="43.39154954" lon="-5.81894679"><ele>170.23</ele><time>2024-09-03T18:31:16Z</time></trkpt><trkpt lat="43.39154950" lon="-5.81894684"><ele>170.18</ele><time>2024-09-03T18:31:17Z</time></trkpt><trkpt lat="43.39154947" lon="-5.81894689"><ele>170.13</ele><time>2024-09-03T18:31:18Z</time></trkpt><trkpt lat="43.39154943" lon="-5.81894694"><ele>170.08</ele><time>2024-09-03T18:31:19Z</time></trkpt><trkpt lat="43.39154940" lon="-5.81894698"><ele>170.03</ele><time>2024-09-03T18:31:20Z</time></trkpt><trkpt lat="43.39154936" lon="-5.81894703"><ele>169.98</ele><time>2024-09-03T18:31:21Z</time></trkpt><trkpt lat="43.39154933" lon="-5.81894708"><ele>169.93</ele><time>2024-09-03T18:31:22Z</time></trkpt><trkpt lat="43.39154932" lon="-5.81894710"><ele>169.88</ele><time>2024-09-03T18:31:23Z</time></trkpt><trkpt lat="43.39154934" lon="-5.81894711"><ele>169.85</ele><time>2024-09-03T18:31:24Z</time></trkpt><trkpt lat="43.39154938" lon="-5.81894710"><ele>169.81</ele><time>2024-09-03T18:31:25Z</time></trkpt><trkpt lat="43.39154943" lon="-5.81894709"><ele>169.78</ele><time>2024-09-03T18:31:26Z</time></trkpt><trkpt lat="43.39154948" lon="-5.81894708"><ele>169.75</ele><time>2024-09-03T18:31:27Z</time></trkpt><trkpt lat="43.39154955" lon="-5.81894706"><ele>169.72</ele><time>2024-09-03T18:31:28Z</time></trkpt><trkpt lat="43.39154961" lon="-5.81894704"><ele>169.69</ele><time>2024-09-03T18:31:29Z</time></trkpt><trkpt lat="43.39154968" lon="-5.81894701"><ele>169.66</ele><time>2024-09-03T18:31:30Z</time></trkpt><trkpt lat="43.39154975" lon="-5.81894699"><ele>169.63</ele><time>2024-09-03T18:31:31Z</time></trkpt><trkpt lat="43.39154982" lon="-5.81894696"><ele>169.61</ele><time>2024-09-03T18:31:32Z</time></trkpt><trkpt lat="43.39154989" lon="-5.81894694"><ele>169.58</ele><time>2024-09-03T18:31:33Z</time></trkpt><trkpt lat="43.39154997" lon="-5.81894691"><ele>169.55</ele><time>2024-09-03T18:31:34Z</time></trkpt><trkpt lat="43.39155004" lon="-5.81894688"><ele>169.53</ele><time>2024-09-03T18:31:35Z</time></trkpt><trkpt lat="43.39155011" lon="-5.81894685"><ele>169.50</ele><time>2024-09-03T18:31:36Z</time></trkpt><trkpt lat="43.39155019" lon="-5.81894683"><ele>169.47</ele><time>2024-09-03T18:31:37Z</time></trkpt><trkpt lat="43.39155026" lon="-5.81894680"><ele>169.45</ele><time>2024-09-03T18:31:38Z</time></trkpt><trkpt lat="43.39155034" lon="-5.81894677"><ele>169.42</ele><time>2024-09-03T18:31:39Z</time></trkpt><trkpt lat="43.39155041" lon="-5.81894674"><ele>169.39</ele><time>2024-09-03T18:31:40Z</time></trkpt><trkpt lat="43.39155029" lon="-5.81894674"><ele>169.37</ele><time>2024-09-03T18:31:41Z</time></trkpt><trkpt lat="43.39155004" lon="-5.81894674"><ele>169.36</ele><time>2024-09-03T18:31:42Z</time></trkpt><trkpt lat="43.39154969" lon="-5.81894676"><ele>169.35</ele><time>2024-09-03T18:31:43Z</time></trkpt><trkpt lat="43.39154928" lon="-5.81894679"><ele>169.34</ele><time>2024-09-03T18:31:44Z</time></trkpt><trkpt lat="43.39154882" lon="-5.81894682"><ele>169.34</ele><time>2024-09-03T18:31:45Z</time></trkpt><trkpt lat="43.39154833" lon="-5.81894685"><ele>169.34</ele><time>2024-09-03T18:31:46Z</time></trkpt><trkpt lat="43.39154782" lon="-5.81894689"><ele>169.34</ele><time>2024-09-03T18:31:47Z</time></trkpt><trkpt lat="43.39154729" lon="-5.81894693"><ele>169.33</ele><time>2024-09-03T18:31:48Z</time></trkpt><trkpt lat="43.39154675" lon="-5.81894696"><ele>169.33</ele><time>2024-09-03T18:31:49Z</time></trkpt><trkpt lat="43.39154620" lon="-5.81894700"><ele>169.33</ele><time>2024-09-03T18:31:50Z</time></trkpt><trkpt lat="43.39154565" lon="-5.81894704"><ele>169.33</ele><time>2024-09-03T18:31:51Z</time></trkpt><trkpt lat="43.39154509" lon="-5.81894709"><ele>169.33</ele><time>2024-09-03T18:31:52Z</time></trkpt><trkpt lat="43.39154453" lon="-5.81894713"><ele>169.33</ele><time>2024-09-03T18:31:53Z</time></trkpt><trkpt lat="43.39154397" lon="-5.81894717"><ele>169.33</ele><time>2024-09-03T18:31:54Z</time></trkpt><trkpt lat="43.39154341" lon="-5.81894721"><ele>169.33</ele><time>2024-09-03T18:31:55Z</time></trkpt><trkpt lat="43.39154285" lon="-5.81894725"><ele>169.33</ele><time>2024-09-03T18:31:56Z</time></trkpt><trkpt lat="43.39154228" lon="-5.81894729"><ele>169.33</ele><time>2024-09-03T18:31:57Z</time></trkpt><trkpt lat="43.39154172" lon="-5.81894734"><ele>169.33</ele><time>2024-09-03T18:31:58Z</time></trkpt><trkpt lat="43.39154115" lon="-5.81894738"><ele>169.33</ele><time>2024-09-03T18:31:59Z</time></trkpt><trkpt lat="43.39154059" lon="-5.81894742"><ele>169.33</ele><time>2024-09-03T18:32:00Z</time></trkpt><trkpt lat="43.39154027" lon="-5.81894715"><ele>169.33</ele><time>2024-09-03T18:32:01Z</time></trkpt><trkpt lat="43.39154012" lon="-5.81894665"><ele>169.33</ele><time>2024-09-03T18:32:02Z</time></trkpt><trkpt lat="43.39154008" lon="-5.81894600"><ele>169.33</ele><time>2024-09-03T18:32:03Z</time></trkpt><trkpt lat="43.39154014" lon="-5.81894525"><ele>169.33</ele><time>2024-09-03T18:32:04Z</time></trkpt><trkpt lat="43.39154025" lon="-5.81894441"><ele>169.33</ele><time>2024-09-03T18:32:05Z</time></trkpt><trkpt lat="43.39154040" lon="-5.81894353"><ele>169.33</ele><time>2024-09-03T18:32:06Z</time></trkpt><trkpt lat="43.39154058" lon="-5.81894261"><ele>169.33</ele><time>2024-09-03T18:32:07Z</time></trkpt><trkpt lat="43.39154078" lon="-5.81894166"><ele>169.33</ele><time>2024-09-03T18:32:08Z</time></trkpt><trkpt lat="43.39154100" lon="-5.81894069"><ele>169.33</ele><time>2024-09-03T18:32:09Z</time></trkpt><trkpt lat="43.39154123" lon="-5.81893971"><ele>169.33</ele><time>2024-09-03T18:32:10Z</time></trkpt><trkpt lat="43.39154146" lon="-5.81893872"><ele>169.33</ele><time>2024-09-03T18:32:11Z</time></trkpt><trkpt lat="43.39154170" lon="-5.81893773"><ele>169.33</ele><time>2024-09-03T18:32:12Z</time></trkpt><trkpt lat="43.39154194" lon="-5.81893673"><ele>169.33</ele><time>2024-09-03T18:32:13Z</time></trkpt><trkpt lat="43.39154218" lon="-5.81893573"><ele>169.33</ele><time>2024-09-03T18:32:14Z</time></trkpt><trkpt lat="43.39154242" lon="-5.81893472"><ele>169.33</ele><time>2024-09-03T18:32:15Z</time></trkpt><trkpt lat="43.39154267" lon="-5.81893372"><ele>169.33</ele><time>2024-09-03T18:32:16Z</time></trkpt><trkpt lat="43.39154292" lon="-5.81893271"><ele>169.33</ele><time>2024-09-03T18:32:17Z</time></trkpt><trkpt lat="43.39154316" lon="-5.81893171"><ele>169.33</ele><time>2024-09-03T18:32:18Z</time></trkpt><trkpt lat="43.39154341" lon="-5.81893070"><ele>169.33</ele><time>2024-09-03T18:32:19Z</time></trkpt><trkpt lat="43.39154366" lon="-5.81892969"><ele>169.33</ele><time>2024-09-03T18:32:20Z</time></trkpt><trkpt lat="43.39154391" lon="-5.81892868"><ele>169.33</ele><time>2024-09-03T18:32:21Z</time></trkpt><trkpt lat="43.39154415" lon="-5.81892767"><ele>169.33</ele><time>2024-09-03T18:32:22Z</time></trkpt><trkpt lat="43.39154440" lon="-5.81892666"><ele>169.33</ele><time>2024-09-03T18:32:23Z</time></trkpt><trkpt lat="43.39154465" lon="-5.81892566"><ele>169.33</ele><time>2024-09-03T18:32:24Z</time></trkpt><trkpt lat="43.39154490" lon="-5.81892465"><ele>169.33</ele><time>2024-09-03T18:32:25Z</time></trkpt><trkpt lat="43.39154515" lon="-5.81892364"><ele>169.33</ele><time>2024-09-03T18:32:26Z</time></trkpt><trkpt lat="43.39154539" lon="-5.81892263"><ele>169.33</ele><time>2024-09-03T18:32:27Z</time></trkpt><trkpt lat="43.39154537" lon="-5.81892255"><ele>169.32</ele><time>2024-09-03T18:32:28Z</time></trkpt><trkpt lat="43.39154515" lon="-5.81892313"><ele>169.29</ele><time>2024-09-03T18:32:29Z</time></trkpt><trkpt lat="43.39154480" lon="-5.81892417"><ele>169.26</ele><time>2024-09-03T18:32:30Z</time></trkpt><trkpt lat="43.39154436" lon="-5.81892553"><ele>169.22</ele><time>2024-09-03T18:32:31Z</time></trkpt><trkpt lat="43.39154385" lon="-5.81892711"><ele>169.18</ele><time>2024-09-03T18:32:32Z</time></trkpt><trkpt lat="43.39154330" lon="-5.81892884"><ele>169.14</ele><time>2024-09-03T18:32:33Z</time></trkpt><trkpt lat="43.39154271" lon="-5.81893069"><ele>169.10</ele><time>2024-09-03T18:32:34Z</time></trkpt><trkpt lat="43.39154210" lon="-5.81893262"><ele>169.05</ele><time>2024-09-03T18:32:35Z</time></trkpt><trkpt lat="43.39154147" lon="-5.81893459"><ele>169.01</ele><time>2024-09-03T18:32:36Z</time></trkpt><trkpt lat="43.39154084" lon="-5.81893661"><ele>168.96</ele><time>2024-09-03T18:32:37Z</time></trkpt><trkpt lat="43.39154309" lon="-5.81894220"><ele>168.93</ele><time>2024-09-03T18:32:38Z</time></trkpt><trkpt lat="43.39154736" lon="-5.81895030"><ele>168.90</ele><time>2024-09-03T18:32:39Z</time></trkpt><trkpt lat="43.39155305" lon="-5.81896014"><ele>168.89</ele><time>2024-09-03T18:32:40Z</time></trkpt><trkpt lat="43.39155973" lon="-5.81897122"><ele>168.88</ele><time>2024-09-03T18:32:41Z</time></trkpt><trkpt lat="43.39156768" lon="-5.81897753"><ele>168.87</ele><time>2024-09-03T18:32:42Z</time></trkpt><trkpt lat="43.39157652" lon="-5.81898050"><ele>168.86</ele><time>2024-09-03T18:32:43Z</time></trkpt><trkpt lat="43.39158598" lon="-5.81898114"><ele>168.86</ele><time>2024-09-03T18:32:44Z</time></trkpt><trkpt lat="43.39159588" lon="-5.81898015"><ele>168.86</ele><time>2024-09-03T18:32:45Z</time></trkpt><trkpt lat="43.39160609" lon="-5.81897801"><ele>168.85</ele><time>2024-09-03T18:32:46Z</time></trkpt><trkpt lat="43.39161651" lon="-5.81897507"><ele>168.85</ele><time>2024-09-03T18:32:47Z</time></trkpt><trkpt lat="43.39162708" lon="-5.81897158"><ele>168.85</ele><time>2024-09-03T18:32:48Z</time></trkpt><trkpt lat="43.39163775" lon="-5.81896769"><ele>168.85</ele><time>2024-09-03T18:32:49Z</time></trkpt><trkpt lat="43.39164850" lon="-5.81896352"><ele>168.85</ele><time>2024-09-03T18:32:50Z</time></trkpt><trkpt lat="43.39165930" lon="-5.81895916"><ele>168.85</ele><time>2024-09-03T18:32:51Z</time></trkpt><trkpt lat="43.39167014" lon="-5.81895467"><ele>168.85</ele><time>2024-09-03T18:32:52Z</time></trkpt><trkpt lat="43.39168100" lon="-5.81895009"><ele>168.85</ele><time>2024-09-03T18:32:53Z</time></trkpt><trkpt lat="43.39169187" lon="-5.81894543"><ele>168.85</ele><time>2024-09-03T18:32:54Z</time></trkpt><trkpt lat="43.39170276" lon="-5.81894074"><ele>168.85</ele><time>2024-09-03T18:32:55Z</time></trkpt><trkpt lat="43.39171366" lon="-5.81893601"><ele>168.85</ele><time>2024-09-03T18:32:56Z</time></trkpt><trkpt lat="43.39172457" lon="-5.81892915"><ele>168.85</ele><time>2024-09-03T18:32:57Z</time></trkpt><trkpt lat="43.39173549" lon="-5.81892080"><ele>168.85</ele><time>2024-09-03T18:32:58Z</time></trkpt><trkpt lat="43.39174642" lon="-5.81891142"><ele>168.85</ele><time>2024-09-03T18:32:59Z</time></trkpt><trkpt lat="43.39175735" lon="-5.81890130"><ele>168.85</ele><time>2024-09-03T18:33:00Z</time></trkpt><trkpt lat="43.39176828" lon="-5.81889067"><ele>168.85</ele><time>2024-09-03T18:33:01Z</time></trkpt><trkpt lat="43.39177922" lon="-5.81887969"><ele>168.85</ele><time>2024-09-03T18:33:02Z</time></trkpt><trkpt lat="43.39179016" lon="-5.81886845"><ele>168.85</ele><time>2024-09-03T18:33:03Z</time></trkpt><trkpt lat="43.39180110" lon="-5.81885704"><ele>168.85</ele><time>2024-09-03T18:33:04Z</time></trkpt><trkpt lat="43.39181204" lon="-5.81884551"><ele>168.85</ele><time>2024-09-03T18:33:05Z</time></trkpt><trkpt lat="43.39182298" lon="-5.81883389"><ele>168.85</ele><time>2024-09-03T18:33:06Z</time></trkpt><trkpt lat="43.39183392" lon="-5.81882222"><ele>168.85</ele><time>2024-09-03T18:33:07Z</time></trkpt><trkpt lat="43.39184486" lon="-5.81881049"><ele>168.85</ele><time>2024-09-03T18:33:08Z</time></trkpt><trkpt lat="43.39185580" lon="-5.81879874"><ele>168.85</ele><time>2024-09-03T18:33:09Z</time></trkpt><trkpt lat="43.39186674" lon="-5.81878697"><ele>168.85</ele><time>2024-09-03T18:33:10Z</time></trkpt><trkpt lat="43.39187768" lon="-5.81877519"><ele>168.85</ele><time>2024-09-03T18:33:11Z</time></trkpt><trkpt lat="43.39188862" lon="-5.81876339"><ele>168.85</ele><time>2024-09-03T18:33:12Z</time></trkpt><trkpt lat="43.39189956" lon="-5.81875159"><ele>168.85</ele><time>2024-09-03T18:33:13Z</time></trkpt><trkpt lat="43.39191139" lon="-5.81874067"><ele>168.85</ele><time>2024-09-03T18:33:14Z</time></trkpt><trkpt lat="43.39192384" lon="-5.81873037"><ele>168.85</ele><time>2024-09-03T18:33:15Z</time></trkpt><trkpt lat="43.39193674" lon="-5.81872050"><ele>168.85</ele><time>2024-09-03T18:33:16Z</time></trkpt><trkpt lat="43.39194993" lon="-5.81871092"><ele>168.85</ele><time>2024-09-03T18:33:17Z</time></trkpt><trkpt lat="43.39196334" lon="-5.81870157"><ele>168.85</ele><time>2024-09-03T18:33:18Z</time></trkpt><trkpt lat="43.39197690" lon="-5.81869236"><ele>168.85</ele><time>2024-09-03T18:33:19Z</time></trkpt><trkpt lat="43.39199057" lon="-5.81868325"><ele>168.85</ele><time>2024-09-03T18:33:20Z</time></trkpt><trkpt lat="43.39200430" lon="-5.81867421"><ele>168.85</ele><time>2024-09-03T18:33:21Z</time></trkpt><trkpt lat="43.39201809" lon="-5.81866523"><ele>168.85</ele><time>2024-09-03T18:33:22Z</time></trkpt><trkpt lat="43.39203192" lon="-5.81865628"><ele>168.85</ele><time>2024-09-03T18:33:23Z</time></trkpt><trkpt lat="43.39204577" lon="-5.81864736"><ele>168.85</ele><time>2024-09-03T18:33:24Z</time></trkpt><trkpt lat="43.39205964" lon="-5.81863845"><ele>168.85</ele><time>2024-09-03T18:33:25Z</time></trkpt><trkpt lat="43.39207352" lon="-5.81862956"><ele>168.85</ele><time>2024-09-03T18:33:26Z</time></trkpt><trkpt lat="43.39208741" lon="-5.81862068"><ele>168.85</ele><time>2024-09-03T18:33:27Z</time></trkpt><trkpt lat="43.39210130" lon="-5.81861180"><ele>168.85</ele><time>2024-09-03T18:33:28Z</time></trkpt><trkpt lat="43.39211520" lon="-5.81860292"><ele>168.85</ele><time>2024-09-03T18:33:29Z</time></trkpt><trkpt lat="43.39212910" lon="-5.81859405"><ele>168.85</ele><time>2024-09-03T18:33:30Z</time></trkpt><trkpt lat="43.39214301" lon="-5.81858472"><ele>168.85</ele><time>2024-09-03T18:33:31Z</time></trkpt><trkpt lat="43.39215692" lon="-5.81857508"><ele>168.85</ele><time>2024-09-03T18:33:32Z</time></trkpt><trkpt lat="43.39217084" lon="-5.81856521"><ele>168.85</ele><time>2024-09-03T18:33:33Z</time></trkpt><trkpt lat="43.39218476" lon="-5.81855518"><ele>168.85</ele><time>2024-09-03T18:33:34Z</time></trkpt><trkpt lat="43.39219868" lon="-5.81854505"><ele>168.85</ele><time>2024-09-03T18:33:35Z</time></trkpt><trkpt lat="43.39221260" lon="-5.81853484"><ele>168.85</ele><time>2024-09-03T18:33:36Z</time></trkpt><trkpt lat="43.39222652" lon="-5.81852458"><ele>168.85</ele><time>2024-09-03T18:33:37Z</time></trkpt><trkpt lat="43.39224044" lon="-5.81851427"><ele>168.85</ele><time>2024-09-03T18:33:38Z</time></trkpt><trkpt lat="43.39225436" lon="-5.81850395"><ele>168.85</ele><time>2024-09-03T18:33:39Z</time></trkpt><trkpt lat="43.39226829" lon="-5.81849360"><ele>168.85</ele><time>2024-09-03T18:33:40Z</time></trkpt><trkpt lat="43.39228221" lon="-5.81848324"><ele>168.85</ele><time>2024-09-03T18:33:41Z</time></trkpt><trkpt lat="43.39229613" lon="-5.81847287"><ele>168.85</ele><time>2024-09-03T18:33:42Z</time></trkpt><trkpt lat="43.39231006" lon="-5.81846250"><ele>168.85</ele><time>2024-09-03T18:33:43Z</time></trkpt><trkpt lat="43.39232398" lon="-5.81845212"><ele>168.85</ele><time>2024-09-03T18:33:44Z</time></trkpt><trkpt lat="43.39233790" lon="-5.81844174"><ele>168.85</ele><time>2024-09-03T18:33:45Z</time></trkpt><trkpt lat="43.39235183" lon="-5.81843135"><ele>168.85</ele><time>2024-09-03T18:33:46Z</time></trkpt><trkpt lat="43.39236575" lon="-5.81842097"><ele>168.85</ele><time>2024-09-03T18:33:47Z</time></trkpt><trkpt lat="43.39237967" lon="-5.81841058"><ele>168.85</ele><time>2024-09-03T18:33:48Z</time></trkpt><trkpt lat="43.39239355" lon="-5.81840040"><ele>168.85</ele><time>2024-09-03T18:33:49Z</time></trkpt><trkpt lat="43.39240740" lon="-5.81839036"><ele>168.85</ele><time>2024-09-03T18:33:50Z</time></trkpt><trkpt lat="43.39242123" lon="-5.81838041"><ele>168.85</ele><time>2024-09-03T18:33:51Z</time></trkpt><trkpt lat="43.39243504" lon="-5.81837054"><ele>168.85</ele><time>2024-09-03T18:33:52Z</time></trkpt><trkpt lat="43.39244884" lon="-5.81836071"><ele>168.85</ele><time>2024-09-03T18:33:53Z</time></trkpt><trkpt lat="43.39246263" lon="-5.81835092"><ele>168.85</ele><time>2024-09-03T18:33:54Z</time></trkpt><trkpt lat="43.39247642" lon="-5.81834115"><ele>168.85</ele><time>2024-09-03T18:33:55Z</time></trkpt><trkpt lat="43.39249020" lon="-5.81833140"><ele>168.85</ele><time>2024-09-03T18:33:56Z</time></trkpt><trkpt lat="43.39250399" lon="-5.81832166"><ele>168.85</ele><time>2024-09-03T18:33:57Z</time></trkpt><trkpt lat="43.39251777" lon="-5.81831192"><ele>168.85</ele><time>2024-09-03T18:33:58Z</time></trkpt><trkpt lat="43.39253154" lon="-5.81830220"><ele>168.85</ele><time>2024-09-03T18:33:59Z</time></trkpt><trkpt lat="43.39254532" lon="-5.81829248"><ele>168.85</ele><time>2024-09-03T18:34:00Z</time></trkpt><trkpt lat="43.39255910" lon="-5.81828276"><ele>168.85</ele><time>2024-09-03T18:34:01Z</time></trkpt><trkpt lat="43.39257288" lon="-5.81827304"><ele>168.85</ele><time>2024-09-03T18:34:02Z</time></trkpt><trkpt lat="43.39258665" lon="-5.81826332"><ele>168.85</ele><time>2024-09-03T18:34:03Z</time></trkpt><trkpt lat="43.39260043" lon="-5.81825361"><ele>168.85</ele><time>2024-09-03T18:34:04Z</time></trkpt><trkpt lat="43.39261421" lon="-5.81824389"><ele>168.85</ele><time>2024-09-03T18:34:05Z</time></trkpt><trkpt lat="43.39262751" lon="-5.81823356"><ele>168.85</ele><time>2024-09-03T18:34:06Z</time></trkpt><trkpt lat="43.39264049" lon="-5.81822279"><ele>168.85</ele><time>2024-09-03T18:34:07Z</time></trkpt><trkpt lat="43.39265323" lon="-5.81821173"><ele>168.85</ele><time>2024-09-03T18:34:08Z</time></trkpt><trkpt lat="43.39266582" lon="-5.81820045"><ele>168.85</ele><time>2024-09-03T18:34:09Z</time></trkpt><trkpt lat="43.39267829" lon="-5.81818902"><ele>168.85</ele><time>2024-09-03T18:34:10Z</time></trkpt><trkpt lat="43.39269068" lon="-5.81817749"><ele>168.85</ele><time>2024-09-03T18:34:11Z</time></trkpt><trkpt lat="43.39270302" lon="-5.81816588"><ele>168.85</ele><time>2024-09-03T18:34:12Z</time></trkpt><trkpt lat="43.39271532" lon="-5.81815423"><ele>168.85</ele><time>2024-09-03T18:34:13Z</time></trkpt><trkpt lat="43.39272759" lon="-5.81814254"><ele>168.85</ele><time>2024-09-03T18:34:14Z</time></trkpt><trkpt lat="43.39273984" lon="-5.81813082"><ele>168.85</ele><time>2024-09-03T18:34:15Z</time></trkpt><trkpt lat="43.39275208" lon="-5.81811909"><ele>168.85</ele><time>2024-09-03T18:34:16Z</time></trkpt><trkpt lat="43.39276431" lon="-5.81810734"><ele>168.85</ele><time>2024-09-03T18:34:17Z</time></trkpt><trkpt lat="43.39277653" lon="-5.81809559"><ele>168.85</ele><time>2024-09-03T18:34:18Z</time></trkpt><trkpt lat="43.39278875" lon="-5.81808383"><ele>168.85</ele><time>2024-09-03T18:34:19Z</time></trkpt><trkpt lat="43.39280097" lon="-5.81807206"><ele>168.85</ele><time>2024-09-03T18:34:20Z</time></trkpt><trkpt lat="43.39281318" lon="-5.81806030"><ele>168.85</ele><time>2024-09-03T18:34:21Z</time></trkpt><trkpt lat="43.39282539" lon="-5.81804853"><ele>168.85</ele><time>2024-09-03T18:34:22Z</time></trkpt><trkpt lat="43.39283816" lon="-5.81803693"><ele>168.85</ele><time>2024-09-03T18:34:23Z</time></trkpt><trkpt lat="43.39285131" lon="-5.81802546"><ele>168.85</ele><time>2024-09-03T18:34:24Z</time></trkpt><trkpt lat="43.39286474" lon="-5.81801408"><ele>168.85</ele><time>2024-09-03T18:34:25Z</time></trkpt><trkpt lat="43.39287836" lon="-5.81800275"><ele>168.85</ele><time>2024-09-03T18:34:26Z</time></trkpt><trkpt lat="43.39289211" lon="-5.81799147"><ele>168.85</ele><time>2024-09-03T18:34:27Z</time></trkpt><trkpt lat="43.39290595" lon="-5.81798021"><ele>168.85</ele><time>2024-09-03T18:34:28Z</time></trkpt><trkpt lat="43.39291986" lon="-5.81796898"><ele>168.85</ele><time>2024-09-03T18:34:29Z</time></trkpt><trkpt lat="43.39293381" lon="-5.81795776"><ele>168.85</ele><time>2024-09-03T18:34:30Z</time></trkpt><trkpt lat="43.39294780" lon="-5.81794656"><ele>168.85</ele><time>2024-09-03T18:34:31Z</time></trkpt><trkpt lat="43.39296181" lon="-5.81793535"><ele>168.85</ele><time>2024-09-03T18:34:32Z</time></trkpt><trkpt lat="43.39297583" lon="-5.81792416"><ele>168.85</ele><time>2024-09-03T18:34:33Z</time></trkpt><trkpt lat="43.39298987" lon="-5.81791297"><ele>168.85</ele><time>2024-09-03T18:34:34Z</time></trkpt><trkpt lat="43.39300391" lon="-5.81790178"><ele>168.85</ele><time>2024-09-03T18:34:35Z</time></trkpt><trkpt lat="43.39301796" lon="-5.81789059"><ele>168.85</ele><time>2024-09-03T18:34:36Z</time></trkpt><trkpt lat="43.39303201" lon="-5.81787940"><ele>168.85</ele><time>2024-09-03T18:34:37Z</time></trkpt><trkpt lat="43.39304606" lon="-5.81786821"><ele>168.85</ele><time>2024-09-03T18:34:38Z</time></trkpt><trkpt lat="43.39305947" lon="-5.81785612"><ele>169.07</ele><time>2024-09-03T18:34:39Z</time></trkpt><trkpt lat="43.39307243" lon="-5.81784339"><ele>169.43</ele><time>2024-09-03T18:34:40Z</time></trkpt><trkpt lat="43.39308590" lon="-5.81783379"><ele>169.69</ele><time>2024-09-03T18:34:41Z</time></trkpt><trkpt lat="43.39309973" lon="-5.81782637"><ele>169.87</ele><time>2024-09-03T18:34:42Z</time></trkpt><trkpt lat="43.39311382" lon="-5.81782048"><ele>170.00</ele><time>2024-09-03T18:34:43Z</time></trkpt><trkpt lat="43.39312808" lon="-5.81781567"><ele>170.08</ele><time>2024-09-03T18:34:44Z</time></trkpt><trkpt lat="43.39314247" lon="-5.81781160"><ele>170.15</ele><time>2024-09-03T18:34:45Z</time></trkpt><trkpt lat="43.39315694" lon="-5.81780806"><ele>170.19</ele><time>2024-09-03T18:34:46Z</time></trkpt><trkpt lat="43.39317147" lon="-5.81780488"><ele>170.22</ele><time>2024-09-03T18:34:47Z</time></trkpt><trkpt lat="43.39318605" lon="-5.81780197"><ele>170.24</ele><time>2024-09-03T18:34:48Z</time></trkpt><trkpt lat="43.39320065" lon="-5.81779923"><ele>170.26</ele><time>2024-09-03T18:34:49Z</time></trkpt><trkpt lat="43.39321528" lon="-5.81779662"><ele>170.27</ele><time>2024-09-03T18:34:50Z</time></trkpt><trkpt lat="43.39322992" lon="-5.81779410"><ele>170.27</ele><time>2024-09-03T18:34:51Z</time></trkpt><trkpt lat="43.39324457" lon="-5.81779163"><ele>170.28</ele><time>2024-09-03T18:34:52Z</time></trkpt><trkpt lat="43.39325923" lon="-5.81778922"><ele>170.28</ele><time>2024-09-03T18:34:53Z</time></trkpt><trkpt lat="43.39327389" lon="-5.81778683"><ele>170.28</ele><time>2024-09-03T18:34:54Z</time></trkpt><trkpt lat="43.39328676" lon="-5.81778759"><ele>170.29</ele><time>2024-09-03T18:34:55Z</time></trkpt><trkpt lat="43.39329839" lon="-5.81779055"><ele>170.29</ele><time>2024-09-03T18:34:56Z</time></trkpt><trkpt lat="43.39330914" lon="-5.81779505"><ele>170.29</ele><time>2024-09-03T18:34:57Z</time></trkpt><trkpt lat="43.39331928" lon="-5.81780063"><ele>170.29</ele><time>2024-09-03T18:34:58Z</time></trkpt><trkpt lat="43.39332898" lon="-5.81780697"><ele>170.29</ele><time>2024-09-03T18:34:59Z</time></trkpt><trkpt lat="43.39333839" lon="-5.81781383"><ele>170.29</ele><time>2024-09-03T18:35:00Z</time></trkpt><trkpt lat="43.39334759" lon="-5.81782107"><ele>170.29</ele><time>2024-09-03T18:35:01Z</time></trkpt><trkpt lat="43.39335664" lon="-5.81782856"><ele>170.29</ele><time>2024-09-03T18:35:02Z</time></trkpt><trkpt lat="43.39336559" lon="-5.81783624"><ele>170.29</ele><time>2024-09-03T18:35:03Z</time></trkpt><trkpt lat="43.39337446" lon="-5.81784404"><ele>170.29</ele><time>2024-09-03T18:35:04Z</time></trkpt><trkpt lat="43.39338328" lon="-5.81785193"><ele>170.29</ele><time>2024-09-03T18:35:05Z</time></trkpt><trkpt lat="43.39339207" lon="-5.81785989"><ele>170.29</ele><time>2024-09-03T18:35:06Z</time></trkpt><trkpt lat="43.39340084" lon="-5.81786788"><ele>170.29</ele><time>2024-09-03T18:35:07Z</time></trkpt><trkpt lat="43.39340959" lon="-5.81787591"><ele>170.29</ele><time>2024-09-03T18:35:08Z</time></trkpt><trkpt lat="43.39341832" lon="-5.81788396"><ele>170.29</ele><time>2024-09-03T18:35:09Z</time></trkpt><trkpt lat="43.39342705" lon="-5.81789203"><ele>170.29</ele><time>2024-09-03T18:35:10Z</time></trkpt><trkpt lat="43.39343262" lon="-5.81790288"><ele>170.29</ele><time>2024-09-03T18:35:11Z</time></trkpt><trkpt lat="43.39343598" lon="-5.81791570"><ele>170.29</ele><time>2024-09-03T18:35:12Z</time></trkpt><trkpt lat="43.39343780" lon="-5.81792988"><ele>170.29</ele><time>2024-09-03T18:35:13Z</time></trkpt><trkpt lat="43.39343853" lon="-5.81794502"><ele>170.29</ele><time>2024-09-03T18:35:14Z</time></trkpt><trkpt lat="43.39343850" lon="-5.81796084"><ele>170.29</ele><time>2024-09-03T18:35:15Z</time></trkpt><trkpt lat="43.39343795" lon="-5.81797712"><ele>170.29</ele><time>2024-09-03T18:35:16Z</time></trkpt><trkpt lat="43.39343702" lon="-5.81799373"><ele>170.29</ele><time>2024-09-03T18:35:17Z</time></trkpt><trkpt lat="43.39343584" lon="-5.81801057"><ele>170.29</ele><time>2024-09-03T18:35:18Z</time></trkpt><trkpt lat="43.39343447" lon="-5.81802758"><ele>170.29</ele><time>2024-09-03T18:35:19Z</time></trkpt><trkpt lat="43.39343298" lon="-5.81804469"><ele>170.29</ele><time>2024-09-03T18:35:20Z</time></trkpt><trkpt lat="43.39343139" lon="-5.81806189"><ele>170.29</ele><time>2024-09-03T18:35:21Z</time></trkpt><trkpt lat="43.39342974" lon="-5.81807914"><ele>170.29</ele><time>2024-09-03T18:35:22Z</time></trkpt><trkpt lat="43.39342805" lon="-5.81809642"><ele>170.29</ele><time>2024-09-03T18:35:23Z</time></trkpt><trkpt lat="43.39342633" lon="-5.81811374"><ele>170.29</ele><time>2024-09-03T18:35:24Z</time></trkpt><trkpt lat="43.39342459" lon="-5.81813107"><ele>170.29</ele><time>2024-09-03T18:35:25Z</time></trkpt><trkpt lat="43.39342283" lon="-5.81814842"><ele>170.29</ele><time>2024-09-03T18:35:26Z</time></trkpt><trkpt lat="43.39342107" lon="-5.81816578"><ele>170.29</ele><time>2024-09-03T18:35:27Z</time></trkpt><trkpt lat="43.39341929" lon="-5.81818314"><ele>170.29</ele><time>2024-09-03T18:35:28Z</time></trkpt><trkpt lat="43.39341751" lon="-5.81820051"><ele>170.29</ele><time>2024-09-03T18:35:29Z</time></trkpt><trkpt lat="43.39341573" lon="-5.81821788"><ele>170.29</ele><time>2024-09-03T18:35:30Z</time></trkpt><trkpt lat="43.39341394" lon="-5.81823525"><ele>170.29</ele><time>2024-09-03T18:35:31Z</time></trkpt><trkpt lat="43.39341149" lon="-5.81825351"><ele>170.27</ele><time>2024-09-03T18:35:32Z</time></trkpt><trkpt lat="43.39340858" lon="-5.81827239"><ele>170.24</ele><time>2024-09-03T18:35:33Z</time></trkpt><trkpt lat="43.39340535" lon="-5.81829170"><ele>170.19</ele><time>2024-09-03T18:35:34Z</time></trkpt><trkpt lat="43.39340189" lon="-5.81831132"><ele>170.14</ele><time>2024-09-03T18:35:35Z</time></trkpt><trkpt lat="43.39339827" lon="-5.81833115"><ele>170.09</ele><time>2024-09-03T18:35:36Z</time></trkpt><trkpt lat="43.39339454" lon="-5.81835113"><ele>170.03</ele><time>2024-09-03T18:35:37Z</time></trkpt><trkpt lat="43.39339073" lon="-5.81837121"><ele>169.97</ele><time>2024-09-03T18:35:38Z</time></trkpt><trkpt lat="43.39338687" lon="-5.81839137"><ele>169.91</ele><time>2024-09-03T18:35:39Z</time></trkpt><trkpt lat="43.39338297" lon="-5.81841158"><ele>169.85</ele><time>2024-09-03T18:35:40Z</time></trkpt><trkpt lat="43.39337905" lon="-5.81843182"><ele>169.78</ele><time>2024-09-03T18:35:41Z</time></trkpt><trkpt lat="43.39337510" lon="-5.81845209"><ele>169.72</ele><time>2024-09-03T18:35:42Z</time></trkpt><trkpt lat="43.39337114" lon="-5.81847237"><ele>169.66</ele><time>2024-09-03T18:35:43Z</time></trkpt><trkpt lat="43.39336717" lon="-5.81849267"><ele>169.59</ele><time>2024-09-03T18:35:44Z</time></trkpt><trkpt lat="43.39336320" lon="-5.81851298"><ele>169.53</ele><time>2024-09-03T18:35:45Z</time></trkpt><trkpt lat="43.39335922" lon="-5.81853329"><ele>169.46</ele><time>2024-09-03T18:35:46Z</time></trkpt><trkpt lat="43.39335524" lon="-5.81855360"><ele>169.39</ele><time>2024-09-03T18:35:47Z</time></trkpt><trkpt lat="43.39335126" lon="-5.81857392"><ele>169.33</ele><time>2024-09-03T18:35:48Z</time></trkpt><trkpt lat="43.39334727" lon="-5.81859424"><ele>169.26</ele><time>2024-09-03T18:35:49Z</time></trkpt><trkpt lat="43.39334328" lon="-5.81861457"><ele>169.20</ele><time>2024-09-03T18:35:50Z</time></trkpt><trkpt lat="43.39333930" lon="-5.81863489"><ele>169.13</ele><time>2024-09-03T18:35:51Z</time></trkpt><trkpt lat="43.39333531" lon="-5.81865522"><ele>169.07</ele><time>2024-09-03T18:35:52Z</time></trkpt><trkpt lat="43.39333132" lon="-5.81867554"><ele>169.00</ele><time>2024-09-03T18:35:53Z</time></trkpt><trkpt lat="43.39332819" lon="-5.81869700"><ele>168.94</ele><time>2024-09-03T18:35:54Z</time></trkpt><trkpt lat="43.39332566" lon="-5.81871926"><ele>168.88</ele><time>2024-09-03T18:35:55Z</time></trkpt><trkpt lat="43.39332354" lon="-5.81874207"><ele>168.82</ele><time>2024-09-03T18:35:56Z</time></trkpt><trkpt lat="43.39332172" lon="-5.81876527"><ele>168.76</ele><time>2024-09-03T18:35:57Z</time></trkpt><trkpt lat="43.39332011" lon="-5.81878874"><ele>168.70</ele><time>2024-09-03T18:35:58Z</time></trkpt><trkpt lat="43.39331864" lon="-5.81881241"><ele>168.65</ele><time>2024-09-03T18:35:59Z</time></trkpt><trkpt lat="43.39331727" lon="-5.81883621"><ele>168.59</ele><time>2024-09-03T18:36:00Z</time></trkpt><trkpt lat="43.39331597" lon="-5.81886010"><ele>168.53</ele><time>2024-09-03T18:36:01Z</time></trkpt><trkpt lat="43.39331472" lon="-5.81888406"><ele>168.47</ele><time>2024-09-03T18:36:02Z</time></trkpt><trkpt lat="43.39331351" lon="-5.81890806"><ele>168.42</ele><time>2024-09-03T18:36:03Z</time></trkpt><trkpt lat="43.39331232" lon="-5.81893210"><ele>168.36</ele><time>2024-09-03T18:36:04Z</time></trkpt><trkpt lat="43.39331115" lon="-5.81895615"><ele>168.30</ele><time>2024-09-03T18:36:05Z</time></trkpt><trkpt lat="43.39330998" lon="-5.81898023"><ele>168.25</ele><time>2024-09-03T18:36:06Z</time></trkpt><trkpt lat="43.39330883" lon="-5.81900431"><ele>168.19</ele><time>2024-09-03T18:36:07Z</time></trkpt><trkpt lat="43.39330768" lon="-5.81902840"><ele>168.13</ele><time>2024-09-03T18:36:08Z</time></trkpt><trkpt lat="43.39330654" lon="-5.81905250"><ele>168.08</ele><time>2024-09-03T18:36:09Z</time></trkpt><trkpt lat="43.39330540" lon="-5.81907660"><ele>168.02</ele><time>2024-09-03T18:36:10Z</time></trkpt><trkpt lat="43.39330538" lon="-5.81910007"><ele>167.98</ele><time>2024-09-03T18:36:11Z</time></trkpt><trkpt lat="43.39330614" lon="-5.81912310"><ele>167.95</ele><time>2024-09-03T18:36:12Z</time></trkpt><trkpt lat="43.39330745" lon="-5.81914581"><ele>167.94</ele><time>2024-09-03T18:36:13Z</time></trkpt><trkpt lat="43.39330915" lon="-5.81916831"><ele>167.92</ele><time>2024-09-03T18:36:14Z</time></trkpt><trkpt lat="43.39331112" lon="-5.81919065"><ele>167.91</ele><time>2024-09-03T18:36:15Z</time></trkpt><trkpt lat="43.39331327" lon="-5.81921289"><ele>167.91</ele><time>2024-09-03T18:36:16Z</time></trkpt><trkpt lat="43.39331556" lon="-5.81923506"><ele>167.90</ele><time>2024-09-03T18:36:17Z</time></trkpt><trkpt lat="43.39331794" lon="-5.81925717"><ele>167.90</ele><time>2024-09-03T18:36:18Z</time></trkpt><trkpt lat="43.39332038" lon="-5.81927924"><ele>167.90</ele><time>2024-09-03T18:36:19Z</time></trkpt><trkpt lat="43.39332287" lon="-5.81930129"><ele>167.89</ele><time>2024-09-03T18:36:20Z</time></trkpt><trkpt lat="43.39332539" lon="-5.81932332"><ele>167.89</ele><time>2024-09-03T18:36:21Z</time></trkpt><trkpt lat="43.39332793" lon="-5.81934534"><ele>167.89</ele><time>2024-09-03T18:36:22Z</time></trkpt><trkpt lat="43.39333048" lon="-5.81936735"><ele>167.89</ele><time>2024-09-03T18:36:23Z</time></trkpt><trkpt lat="43.39333305" lon="-5.81938936"><ele>167.89</ele><time>2024-09-03T18:36:24Z</time></trkpt><trkpt lat="43.39333563" lon="-5.81941136"><ele>167.89</ele><time>2024-09-03T18:36:25Z</time></trkpt><trkpt lat="43.39333821" lon="-5.81943336"><ele>167.89</ele><time>2024-09-03T18:36:26Z</time></trkpt><trkpt lat="43.39334079" lon="-5.81945535"><ele>167.89</ele><time>2024-09-03T18:36:27Z</time></trkpt><trkpt lat="43.39334487" lon="-5.81947622"><ele>167.89</ele><time>2024-09-03T18:36:28Z</time></trkpt><trkpt lat="43.39334998" lon="-5.81949631"><ele>167.89</ele><time>2024-09-03T18:36:29Z</time></trkpt><trkpt lat="43.39335582" lon="-5.81951584"><ele>167.89</ele><time>2024-09-03T18:36:30Z</time></trkpt><trkpt lat="43.39336216" lon="-5.81953500"><ele>167.89</ele><time>2024-09-03T18:36:31Z</time></trkpt><trkpt lat="43.39336887" lon="-5.81955388"><ele>167.89</ele><time>2024-09-03T18:36:32Z</time></trkpt><trkpt lat="43.39337583" lon="-5.81957257"><ele>167.89</ele><time>2024-09-03T18:36:33Z</time></trkpt><trkpt lat="43.39338296" lon="-5.81959113"><ele>167.89</ele><time>2024-09-03T18:36:34Z</time></trkpt><trkpt lat="43.39339021" lon="-5.81960960"><ele>167.89</ele><time>2024-09-03T18:36:35Z</time></trkpt><trkpt lat="43.39339755" lon="-5.81962800"><ele>167.89</ele><time>2024-09-03T18:36:36Z</time></trkpt><trkpt lat="43.39340495" lon="-5.81964636"><ele>167.89</ele><time>2024-09-03T18:36:37Z</time></trkpt><trkpt lat="43.39341239" lon="-5.81966468"><ele>167.89</ele><time>2024-09-03T18:36:38Z</time></trkpt><trkpt lat="43.39341986" lon="-5.81968298"><ele>167.89</ele><time>2024-09-03T18:36:39Z</time></trkpt><trkpt lat="43.39342735" lon="-5.81970127"><ele>167.89</ele><time>2024-09-03T18:36:40Z</time></trkpt><trkpt lat="43.39343485" lon="-5.81971955"><ele>167.89</ele><time>2024-09-03T18:36:41Z</time></trkpt><trkpt lat="43.39344237" lon="-5.81973782"><ele>167.89</ele><time>2024-09-03T18:36:42Z</time></trkpt><trkpt lat="43.39344989" lon="-5.81975608"><ele>167.89</ele><time>2024-09-03T18:36:43Z</time></trkpt><trkpt lat="43.39345815" lon="-5.81977397"><ele>167.89</ele><time>2024-09-03T18:36:44Z</time></trkpt><trkpt lat="43.39346694" lon="-5.81979158"><ele>167.89</ele><time>2024-09-03T18:36:45Z</time></trkpt><trkpt lat="43.39347608" lon="-5.81980901"><ele>167.89</ele><time>2024-09-03T18:36:46Z</time></trkpt><trkpt lat="43.39348549" lon="-5.81982631"><ele>167.89</ele><time>2024-09-03T18:36:47Z</time></trkpt><trkpt lat="43.39349507" lon="-5.81984352"><ele>167.89</ele><time>2024-09-03T18:36:48Z</time></trkpt><trkpt lat="43.39350477" lon="-5.81986066"><ele>167.89</ele><time>2024-09-03T18:36:49Z</time></trkpt><trkpt lat="43.39351456" lon="-5.81987776"><ele>167.89</ele><time>2024-09-03T18:36:50Z</time></trkpt><trkpt lat="43.39352441" lon="-5.81989483"><ele>167.89</ele><time>2024-09-03T18:36:51Z</time></trkpt><trkpt lat="43.39353431" lon="-5.81991187"><ele>167.89</ele><time>2024-09-03T18:36:52Z</time></trkpt><trkpt lat="43.39354424" lon="-5.81992890"><ele>167.89</ele><time>2024-09-03T18:36:53Z</time></trkpt><trkpt lat="43.39355418" lon="-5.81994592"><ele>167.89</ele><time>2024-09-03T18:36:54Z</time></trkpt><trkpt lat="43.39356414" lon="-5.81996294"><ele>167.89</ele><time>2024-09-03T18:36:55Z</time></trkpt><trkpt lat="43.39357411" lon="-5.81997994"><ele>167.89</ele><time>2024-09-03T18:36:56Z</time></trkpt><trkpt lat="43.39358409" lon="-5.81999695"><ele>167.89</ele><time>2024-09-03T18:36:57Z</time></trkpt><trkpt lat="43.39359408" lon="-5.82001395"><ele>167.89</ele><time>2024-09-03T18:36:58Z</time></trkpt><trkpt lat="43.39360406" lon="-5.82003094"><ele>167.89</ele><time>2024-09-03T18:36:59Z</time></trkpt><trkpt lat="43.39361502" lon="-5.82004702"><ele>167.88</ele><time>2024-09-03T18:37:00Z</time></trkpt><trkpt lat="43.39362664" lon="-5.82006246"><ele>167.87</ele><time>2024-09-03T18:37:01Z</time></trkpt><trkpt lat="43.39363874" lon="-5.82007745"><ele>167.85</ele><time>2024-09-03T18:37:02Z</time></trkpt><trkpt lat="43.39365117" lon="-5.82009212"><ele>167.83</ele><time>2024-09-03T18:37:03Z</time></trkpt><trkpt lat="43.39366382" lon="-5.82010658"><ele>167.80</ele><time>2024-09-03T18:37:04Z</time></trkpt><trkpt lat="43.39367665" lon="-5.82012088"><ele>167.78</ele><time>2024-09-03T18:37:05Z</time></trkpt><trkpt lat="43.39368958" lon="-5.82013507"><ele>167.75</ele><time>2024-09-03T18:37:06Z</time></trkpt><trkpt lat="43.39370259" lon="-5.82014918"><ele>167.73</ele><time>2024-09-03T18:37:07Z</time></trkpt><trkpt lat="43.39371566" lon="-5.82016324"><ele>167.70</ele><time>2024-09-03T18:37:08Z</time></trkpt><trkpt lat="43.39372877" lon="-5.82017727"><ele>167.67</ele><time>2024-09-03T18:37:09Z</time></trkpt><trkpt lat="43.39374191" lon="-5.82019127"><ele>167.64</ele><time>2024-09-03T18:37:10Z</time></trkpt><trkpt lat="43.39375506" lon="-5.82020525"><ele>167.62</ele><time>2024-09-03T18:37:11Z</time></trkpt><trkpt lat="43.39376823" lon="-5.82021922"><ele>167.59</ele><time>2024-09-03T18:37:12Z</time></trkpt><trkpt lat="43.39378141" lon="-5.82023318"><ele>167.56</ele><time>2024-09-03T18:37:13Z</time></trkpt><trkpt lat="43.39379459" lon="-5.82024713"><ele>167.53</ele><time>2024-09-03T18:37:14Z</time></trkpt><trkpt lat="43.39380778" lon="-5.82026108"><ele>167.50</ele><time>2024-09-03T18:37:15Z</time></trkpt><trkpt lat="43.39382097" lon="-5.82027502"><ele>167.48</ele><time>2024-09-03T18:37:16Z</time></trkpt><trkpt lat="43.39383535" lon="-5.82028759"><ele>167.46</ele><time>2024-09-03T18:37:17Z</time></trkpt><trkpt lat="43.39385056" lon="-5.82029919"><ele>167.44</ele><time>2024-09-03T18:37:18Z</time></trkpt><trkpt lat="43.39386635" lon="-5.82031011"><ele>167.43</ele><time>2024-09-03T18:37:19Z</time></trkpt><trkpt lat="43.39388254" lon="-5.82032055"><ele>167.43</ele><time>2024-09-03T18:37:20Z</time></trkpt><trkpt lat="43.39389902" lon="-5.82033067"><ele>167.42</ele><time>2024-09-03T18:37:21Z</time></trkpt><trkpt lat="43.39391570" lon="-5.82034055"><ele>167.42</ele><time>2024-09-03T18:37:22Z</time></trkpt><trkpt lat="43.39393252" lon="-5.82035027"><ele>167.42</ele><time>2024-09-03T18:37:23Z</time></trkpt><trkpt lat="43.39394944" lon="-5.82035988"><ele>167.41</ele><time>2024-09-03T18:37:24Z</time></trkpt><trkpt lat="43.39396642" lon="-5.82036941"><ele>167.41</ele><time>2024-09-03T18:37:25Z</time></trkpt><trkpt lat="43.39398346" lon="-5.82037888"><ele>167.41</ele><time>2024-09-03T18:37:26Z</time></trkpt><trkpt lat="43.39400053" lon="-5.82038831"><ele>167.41</ele><time>2024-09-03T18:37:27Z</time></trkpt><trkpt lat="43.39401762" lon="-5.82039772"><ele>167.41</ele><time>2024-09-03T18:37:28Z</time></trkpt><trkpt lat="43.39403472" lon="-5.82040710"><ele>167.41</ele><time>2024-09-03T18:37:29Z</time></trkpt><trkpt lat="43.39405184" lon="-5.82041648"><ele>167.41</ele><time>2024-09-03T18:37:30Z</time></trkpt><trkpt lat="43.39406897" lon="-5.82042584"><ele>167.41</ele><time>2024-09-03T18:37:31Z</time></trkpt><trkpt lat="43.39408610" lon="-5.82043520"><ele>167.41</ele><time>2024-09-03T18:37:32Z</time></trkpt><trkpt lat="43.39410324" lon="-5.82044455"><ele>167.41</ele><time>2024-09-03T18:37:33Z</time></trkpt><trkpt lat="43.39412037" lon="-5.82045390"><ele>167.41</ele><time>2024-09-03T18:37:34Z</time></trkpt><trkpt lat="43.39413752" lon="-5.82046325"><ele>167.41</ele><time>2024-09-03T18:37:35Z</time></trkpt><trkpt lat="43.39415466" lon="-5.82047259"><ele>167.41</ele><time>2024-09-03T18:37:36Z</time></trkpt><trkpt lat="43.39417169" lon="-5.82047960"><ele>167.41</ele><time>2024-09-03T18:37:37Z</time></trkpt><trkpt lat="43.39418864" lon="-5.82048497"><ele>167.41</ele><time>2024-09-03T18:37:38Z</time></trkpt><trkpt lat="43.39420553" lon="-5.82048920"><ele>167.41</ele><time>2024-09-03T18:37:39Z</time></trkpt><trkpt lat="43.39422239" lon="-5.82049262"><ele>167.41</ele><time>2024-09-03T18:37:40Z</time></trkpt><trkpt lat="43.39423922" lon="-5.82049549"><ele>167.41</ele><time>2024-09-03T18:37:41Z</time></trkpt><trkpt lat="43.39425604" lon="-5.82049796"><ele>167.41</ele><time>2024-09-03T18:37:42Z</time></trkpt><trkpt lat="43.39427283" lon="-5.82050016"><ele>167.41</ele><time>2024-09-03T18:37:43Z</time></trkpt><trkpt lat="43.39428962" lon="-5.82050216"><ele>167.41</ele><time>2024-09-03T18:37:44Z</time></trkpt><trkpt lat="43.39430641" lon="-5.82050403"><ele>167.41</ele><time>2024-09-03T18:37:45Z</time></trkpt><trkpt lat="43.39432319" lon="-5.82050580"><ele>167.41</ele><time>2024-09-03T18:37:46Z</time></trkpt><trkpt lat="43.39433996" lon="-5.82050751"><ele>167.41</ele><time>2024-09-03T18:37:47Z</time></trkpt><trkpt lat="43.39435673" lon="-5.82050918"><ele>167.41</ele><time>2024-09-03T18:37:48Z</time></trkpt><trkpt lat="43.39437351" lon="-5.82051081"><ele>167.41</ele><time>2024-09-03T18:37:49Z</time></trkpt><trkpt lat="43.39439028" lon="-5.82051241"><ele>167.41</ele><time>2024-09-03T18:37:50Z</time></trkpt><trkpt lat="43.39440705" lon="-5.82051401"><ele>167.41</ele><time>2024-09-03T18:37:51Z</time></trkpt><trkpt lat="43.39442381" lon="-5.82051559"><ele>167.41</ele><time>2024-09-03T18:37:52Z</time></trkpt><trkpt lat="43.39444058" lon="-5.82051716"><ele>167.41</ele><time>2024-09-03T18:37:53Z</time></trkpt><trkpt lat="43.39445735" lon="-5.82051873"><ele>167.41</ele><time>2024-09-03T18:37:54Z</time></trkpt><trkpt lat="43.39447412" lon="-5.82052029"><ele>167.41</ele><time>2024-09-03T18:37:55Z</time></trkpt><trkpt lat="43.39449089" lon="-5.82052185"><ele>167.41</ele><time>2024-09-03T18:37:56Z</time></trkpt><trkpt lat="43.39450753" lon="-5.82052321"><ele>167.41</ele><time>2024-09-03T18:37:57Z</time></trkpt><trkpt lat="43.39452408" lon="-5.82052443"><ele>167.41</ele><time>2024-09-03T18:37:58Z</time></trkpt><trkpt lat="43.39454057" lon="-5.82052555"><ele>167.41</ele><time>2024-09-03T18:37:59Z</time></trkpt><trkpt lat="43.39455701" lon="-5.82052660"><ele>167.41</ele><time>2024-09-03T18:38:00Z</time></trkpt><trkpt lat="43.39457342" lon="-5.82052760"><ele>167.41</ele><time>2024-09-03T18:38:01Z</time></trkpt><trkpt lat="43.39458981" lon="-5.82052857"><ele>167.41</ele><time>2024-09-03T18:38:02Z</time></trkpt><trkpt lat="43.39460619" lon="-5.82052952"><ele>167.41</ele><time>2024-09-03T18:38:03Z</time></trkpt><trkpt lat="43.39462255" lon="-5.82053044"><ele>167.41</ele><time>2024-09-03T18:38:04Z</time></trkpt><trkpt lat="43.39463891" lon="-5.82053136"><ele>167.41</ele><time>2024-09-03T18:38:05Z</time></trkpt><trkpt lat="43.39465526" lon="-5.82053227"><ele>167.41</ele><time>2024-09-03T18:38:06Z</time></trkpt><trkpt lat="43.39467161" lon="-5.82053317"><ele>167.41</ele><time>2024-09-03T18:38:07Z</time></trkpt><trkpt lat="43.39468796" lon="-5.82053407"><ele>167.41</ele><time>2024-09-03T18:38:08Z</time></trkpt><trkpt lat="43.39470430" lon="-5.82053497"><ele>167.41</ele><time>2024-09-03T18:38:09Z</time></trkpt><trkpt lat="43.39472064" lon="-5.82053586"><ele>167.41</ele><time>2024-09-03T18:38:10Z</time></trkpt><trkpt lat="43.39473698" lon="-5.82053675"><ele>167.41</ele><time>2024-09-03T18:38:11Z</time></trkpt><trkpt lat="43.39475333" lon="-5.82053764"><ele>167.41</ele><time>2024-09-03T18:38:12Z</time></trkpt><trkpt lat="43.39476967" lon="-5.82053853"><ele>167.41</ele><time>2024-09-03T18:38:13Z</time></trkpt><trkpt lat="43.39478601" lon="-5.82053943"><ele>167.41</ele><time>2024-09-03T18:38:14Z</time></trkpt><trkpt lat="43.39480225" lon="-5.82054024"><ele>167.41</ele><time>2024-09-03T18:38:15Z</time></trkpt><trkpt lat="43.39481842" lon="-5.82054101"><ele>167.41</ele><time>2024-09-03T18:38:16Z</time></trkpt><trkpt lat="43.39483454" lon="-5.82054174"><ele>167.41</ele><time>2024-09-03T18:38:17Z</time></trkpt><trkpt lat="43.39485062" lon="-5.82054245"><ele>167.41</ele><time>2024-09-03T18:38:18Z</time></trkpt><trkpt lat="43.39486669" lon="-5.82054314"><ele>167.41</ele><time>2024-09-03T18:38:19Z</time></trkpt><trkpt lat="43.39488273" lon="-5.82054382"><ele>167.41</ele><time>2024-09-03T18:38:20Z</time></trkpt><trkpt lat="43.39489876" lon="-5.82054449"><ele>167.41</ele><time>2024-09-03T18:38:21Z</time></trkpt><trkpt lat="43.39491479" lon="-5.82054515"><ele>167.41</ele><time>2024-09-03T18:38:22Z</time></trkpt><trkpt lat="43.39493081" lon="-5.82054581"><ele>167.41</ele><time>2024-09-03T18:38:23Z</time></trkpt><trkpt lat="43.39494682" lon="-5.82054647"><ele>167.41</ele><time>2024-09-03T18:38:24Z</time></trkpt><trkpt lat="43.39496283" lon="-5.82054712"><ele>167.41</ele><time>2024-09-03T18:38:25Z</time></trkpt><trkpt lat="43.39497884" lon="-5.82054777"><ele>167.41</ele><time>2024-09-03T18:38:26Z</time></trkpt><trkpt lat="43.39499485" lon="-5.82054843"><ele>167.41</ele><time>2024-09-03T18:38:27Z</time></trkpt><trkpt lat="43.39501086" lon="-5.82054908"><ele>167.41</ele><time>2024-09-03T18:38:28Z</time></trkpt><trkpt lat="43.39502687" lon="-5.82054973"><ele>167.41</ele><time>2024-09-03T18:38:29Z</time></trkpt><trkpt lat="43.39504287" lon="-5.82055038"><ele>167.41</ele><time>2024-09-03T18:38:30Z</time></trkpt><trkpt lat="43.39505888" lon="-5.82055103"><ele>167.41</ele><time>2024-09-03T18:38:31Z</time></trkpt><trkpt lat="43.39507488" lon="-5.82055168"><ele>167.41</ele><time>2024-09-03T18:38:32Z</time></trkpt><trkpt lat="43.39509089" lon="-5.82055233"><ele>167.41</ele><time>2024-09-03T18:38:33Z</time></trkpt><trkpt lat="43.39510689" lon="-5.82055298"><ele>167.41</ele><time>2024-09-03T18:38:34Z</time></trkpt><trkpt lat="43.39512287" lon="-5.82055375"><ele>167.41</ele><time>2024-09-03T18:38:35Z</time></trkpt><trkpt lat="43.39513881" lon="-5.82055460"><ele>167.41</ele><time>2024-09-03T18:38:36Z</time></trkpt><trkpt lat="43.39515474" lon="-5.82055552"><ele>167.41</ele><time>2024-09-03T18:38:37Z</time></trkpt><trkpt lat="43.39517066" lon="-5.82055647"><ele>167.41</ele><time>2024-09-03T18:38:38Z</time></trkpt><trkpt lat="43.39518658" lon="-5.82055746"><ele>167.41</ele><time>2024-09-03T18:38:39Z</time></trkpt><trkpt lat="43.39520248" lon="-5.82055846"><ele>167.41</ele><time>2024-09-03T18:38:40Z</time></trkpt><trkpt lat="43.39521838" lon="-5.82055948"><ele>167.41</ele><time>2024-09-03T18:38:41Z</time></trkpt><trkpt lat="43.39523428" lon="-5.82056051"><ele>167.41</ele><time>2024-09-03T18:38:42Z</time></trkpt><trkpt lat="43.39525018" lon="-5.82056155"><ele>167.41</ele><time>2024-09-03T18:38:43Z</time></trkpt><trkpt lat="43.39526607" lon="-5.82056259"><ele>167.41</ele><time>2024-09-03T18:38:44Z</time></trkpt><trkpt lat="43.39528197" lon="-5.82056363"><ele>167.41</ele><time>2024-09-03T18:38:45Z</time></trkpt><trkpt lat="43.39529786" lon="-5.82056468"><ele>167.41</ele><time>2024-09-03T18:38:46Z</time></trkpt><trkpt lat="43.39531375" lon="-5.82056572"><ele>167.41</ele><time>2024-09-03T18:38:47Z</time></trkpt><trkpt lat="43.39532965" lon="-5.82056677"><ele>167.41</ele><time>2024-09-03T18:38:48Z</time></trkpt><trkpt lat="43.39534554" lon="-5.82056782"><ele>167.41</ele><time>2024-09-03T18:38:49Z</time></trkpt><trkpt lat="43.39536143" lon="-5.82056887"><ele>167.41</ele><time>2024-09-03T18:38:50Z</time></trkpt><trkpt lat="43.39537732" lon="-5.82056993"><ele>167.41</ele><time>2024-09-03T18:38:51Z</time></trkpt><trkpt lat="43.39539322" lon="-5.82057098"><ele>167.41</ele><time>2024-09-03T18:38:52Z</time></trkpt><trkpt lat="43.39540911" lon="-5.82057203"><ele>167.41</ele><time>2024-09-03T18:38:53Z</time></trkpt><trkpt lat="43.39542500" lon="-5.82057308"><ele>167.41</ele><time>2024-09-03T18:38:54Z</time></trkpt><trkpt lat="43.39544115" lon="-5.82057455"><ele>167.41</ele><time>2024-09-03T18:38:55Z</time></trkpt><trkpt lat="43.39545748" lon="-5.82057632"><ele>167.41</ele><time>2024-09-03T18:38:56Z</time></trkpt><trkpt lat="43.39547393" lon="-5.82057829"><ele>167.41</ele><time>2024-09-03T18:38:57Z</time></trkpt><trkpt lat="43.39549047" lon="-5.82058041"><ele>167.41</ele><time>2024-09-03T18:38:58Z</time></trkpt><trkpt lat="43.39550707" lon="-5.82058262"><ele>167.41</ele><time>2024-09-03T18:38:59Z</time></trkpt><trkpt lat="43.39552372" lon="-5.82058491"><ele>167.41</ele><time>2024-09-03T18:39:00Z</time></trkpt><trkpt lat="43.39554040" lon="-5.82058725"><ele>167.41</ele><time>2024-09-03T18:39:01Z</time></trkpt><trkpt lat="43.39555709" lon="-5.82058962"><ele>167.41</ele><time>2024-09-03T18:39:02Z</time></trkpt><trkpt lat="43.39557380" lon="-5.82059202"><ele>167.41</ele><time>2024-09-03T18:39:03Z</time></trkpt><trkpt lat="43.39559053" lon="-5.82059443"><ele>167.41</ele><time>2024-09-03T18:39:04Z</time></trkpt><trkpt lat="43.39560726" lon="-5.82059686"><ele>167.41</ele><time>2024-09-03T18:39:05Z</time></trkpt><trkpt lat="43.39562399" lon="-5.82059929"><ele>167.41</ele><time>2024-09-03T18:39:06Z</time></trkpt><trkpt lat="43.39564073" lon="-5.82060173"><ele>167.41</ele><time>2024-09-03T18:39:07Z</time></trkpt><trkpt lat="43.39565747" lon="-5.82060417"><ele>167.41</ele><time>2024-09-03T18:39:08Z</time></trkpt><trkpt lat="43.39567421" lon="-5.82060662"><ele>167.41</ele><time>2024-09-03T18:39:09Z</time></trkpt><trkpt lat="43.39569095" lon="-5.82060907"><ele>167.41</ele><time>2024-09-03T18:39:10Z</time></trkpt><trkpt lat="43.39570770" lon="-5.82061152"><ele>167.41</ele><time>2024-09-03T18:39:11Z</time></trkpt><trkpt lat="43.39572444" lon="-5.82061397"><ele>167.41</ele><time>2024-09-03T18:39:12Z</time></trkpt><trkpt lat="43.39574119" lon="-5.82061642"><ele>167.41</ele><time>2024-09-03T18:39:13Z</time></trkpt><trkpt lat="43.39575813" lon="-5.82061901"><ele>167.41</ele><time>2024-09-03T18:39:14Z</time></trkpt><trkpt lat="43.39577521" lon="-5.82062169"><ele>167.41</ele><time>2024-09-03T18:39:15Z</time></trkpt><trkpt lat="43.39579240" lon="-5.82062445"><ele>167.41</ele><time>2024-09-03T18:39:16Z</time></trkpt><trkpt lat="43.39580964" lon="-5.82062725"><ele>167.41</ele><time>2024-09-03T18:39:17Z</time></trkpt><trkpt lat="43.39582694" lon="-5.82063008"><ele>167.41</ele><time>2024-09-03T18:39:18Z</time></trkpt><trkpt lat="43.39584427" lon="-5.82063294"><ele>167.41</ele><time>2024-09-03T18:39:19Z</time></trkpt><trkpt lat="43.39586162" lon="-5.82063581"><ele>167.41</ele><time>2024-09-03T18:39:20Z</time></trkpt><trkpt lat="43.39587899" lon="-5.82063869"><ele>167.41</ele><time>2024-09-03T18:39:21Z</time></trkpt><trkpt lat="43.39589637" lon="-5.82064159"><ele>167.41</ele><time>2024-09-03T18:39:22Z</time></trkpt><trkpt lat="43.39591376" lon="-5.82064448"><ele>167.41</ele><time>2024-09-03T18:39:23Z</time></trkpt><trkpt lat="43.39593116" lon="-5.82064739"><ele>167.41</ele><time>2024-09-03T18:39:24Z</time></trkpt><trkpt lat="43.39594856" lon="-5.82065029"><ele>167.41</ele><time>2024-09-03T18:39:25Z</time></trkpt><trkpt lat="43.39596596" lon="-5.82065320"><ele>167.41</ele><time>2024-09-03T18:39:26Z</time></trkpt><trkpt lat="43.39598336" lon="-5.82065610"><ele>167.41</ele><time>2024-09-03T18:39:27Z</time></trkpt><trkpt lat="43.39600076" lon="-5.82065901"><ele>167.41</ele><time>2024-09-03T18:39:28Z</time></trkpt><trkpt lat="43.39601817" lon="-5.82066192"><ele>167.41</ele><time>2024-09-03T18:39:29Z</time></trkpt><trkpt lat="43.39603558" lon="-5.82066483"><ele>167.41</ele><time>2024-09-03T18:39:30Z</time></trkpt><trkpt lat="43.39605298" lon="-5.82066774"><ele>167.41</ele><time>2024-09-03T18:39:31Z</time></trkpt><trkpt lat="43.39607039" lon="-5.82067065"><ele>167.41</ele><time>2024-09-03T18:39:32Z</time></trkpt><trkpt lat="43.39608780" lon="-5.82067356"><ele>167.41</ele><time>2024-09-03T18:39:33Z</time></trkpt><trkpt lat="43.39610520" lon="-5.82067647"><ele>167.41</ele><time>2024-09-03T18:39:34Z</time></trkpt><trkpt lat="43.39612261" lon="-5.82067938"><ele>167.41</ele><time>2024-09-03T18:39:35Z</time></trkpt><trkpt lat="43.39613950" lon="-5.82068191"><ele>167.40</ele><time>2024-09-03T18:39:36Z</time></trkpt><trkpt lat="43.39615602" lon="-5.82068417"><ele>167.39</ele><time>2024-09-03T18:39:37Z</time></trkpt><trkpt lat="43.39617228" lon="-5.82068625"><ele>167.37</ele><time>2024-09-03T18:39:38Z</time></trkpt><trkpt lat="43.39618837" lon="-5.82068819"><ele>167.35</ele><time>2024-09-03T18:39:39Z</time></trkpt><trkpt lat="43.39620433" lon="-5.82069004"><ele>167.33</ele><time>2024-09-03T18:39:40Z</time></trkpt><trkpt lat="43.39622021" lon="-5.82069183"><ele>167.31</ele><time>2024-09-03T18:39:41Z</time></trkpt><trkpt lat="43.39623602" lon="-5.82069357"><ele>167.29</ele><time>2024-09-03T18:39:42Z</time></trkpt><trkpt lat="43.39625179" lon="-5.82069528"><ele>167.26</ele><time>2024-09-03T18:39:43Z</time></trkpt><trkpt lat="43.39626753" lon="-5.82069697"><ele>167.24</ele><time>2024-09-03T18:39:44Z</time></trkpt><trkpt lat="43.39628325" lon="-5.82069864"><ele>167.21</ele><time>2024-09-03T18:39:45Z</time></trkpt><trkpt lat="43.39629895" lon="-5.82070030"><ele>167.19</ele><time>2024-09-03T18:39:46Z</time></trkpt><trkpt lat="43.39631465" lon="-5.82070195"><ele>167.16</ele><time>2024-09-03T18:39:47Z</time></trkpt><trkpt lat="43.39633033" lon="-5.82070360"><ele>167.14</ele><time>2024-09-03T18:39:48Z</time></trkpt><trkpt lat="43.39634602" lon="-5.82070525"><ele>167.11</ele><time>2024-09-03T18:39:49Z</time></trkpt><trkpt lat="43.39636169" lon="-5.82070689"><ele>167.09</ele><time>2024-09-03T18:39:50Z</time></trkpt><trkpt lat="43.39637737" lon="-5.82070853"><ele>167.06</ele><time>2024-09-03T18:39:51Z</time></trkpt><trkpt lat="43.39639304" lon="-5.82071017"><ele>167.04</ele><time>2024-09-03T18:39:52Z</time></trkpt><trkpt lat="43.39640872" lon="-5.82071181"><ele>167.01</ele><time>2024-09-03T18:39:53Z</time></trkpt><trkpt lat="43.39642439" lon="-5.82071345"><ele>166.99</ele><time>2024-09-03T18:39:54Z</time></trkpt><trkpt lat="43.39644023" lon="-5.82071539"><ele>166.97</ele><time>2024-09-03T18:39:55Z</time></trkpt><trkpt lat="43.39645620" lon="-5.82071755"><ele>166.96</ele><time>2024-09-03T18:39:56Z</time></trkpt><trkpt lat="43.39647225" lon="-5.82071986"><ele>166.95</ele><time>2024-09-03T18:39:57Z</time></trkpt><trkpt lat="43.39648836" lon="-5.82072227"><ele>166.94</ele><time>2024-09-03T18:39:58Z</time></trkpt><trkpt lat="43.39650451" lon="-5.82072476"><ele>166.94</ele><time>2024-09-03T18:39:59Z</time></trkpt><trkpt lat="43.39652069" lon="-5.82072729"><ele>166.94</ele><time>2024-09-03T18:40:00Z</time></trkpt><trkpt lat="43.39653689" lon="-5.82072987"><ele>166.93</ele><time>2024-09-03T18:40:01Z</time></trkpt><trkpt lat="43.39655311" lon="-5.82073247"><ele>166.93</ele><time>2024-09-03T18:40:02Z</time></trkpt><trkpt lat="43.39656933" lon="-5.82073508"><ele>166.93</ele><time>2024-09-03T18:40:03Z</time></trkpt><trkpt lat="43.39658556" lon="-5.82073771"><ele>166.93</ele><time>2024-09-03T18:40:04Z</time></trkpt><trkpt lat="43.39660180" lon="-5.82074035"><ele>166.93</ele><time>2024-09-03T18:40:05Z</time></trkpt><trkpt lat="43.39661804" lon="-5.82074299"><ele>166.93</ele><time>2024-09-03T18:40:06Z</time></trkpt><trkpt lat="43.39663428" lon="-5.82074564"><ele>166.93</ele><time>2024-09-03T18:40:07Z</time></trkpt><trkpt lat="43.39665053" lon="-5.82074829"><ele>166.93</ele><time>2024-09-03T18:40:08Z</time></trkpt><trkpt lat="43.39666677" lon="-5.82075094"><ele>166.93</ele><time>2024-09-03T18:40:09Z</time></trkpt><trkpt lat="43.39668302" lon="-5.82075359"><ele>166.93</ele><time>2024-09-03T18:40:10Z</time></trkpt><trkpt lat="43.39669927" lon="-5.82075625"><ele>166.93</ele><time>2024-09-03T18:40:11Z</time></trkpt><trkpt lat="43.39671551" lon="-5.82075890"><ele>166.93</ele><time>2024-09-03T18:40:12Z</time></trkpt><trkpt lat="43.39673176" lon="-5.82076156"><ele>166.93</ele><time>2024-09-03T18:40:13Z</time></trkpt><trkpt lat="43.39674801" lon="-5.82076421"><ele>166.93</ele><time>2024-09-03T18:40:14Z</time></trkpt><trkpt lat="43.39676404" lon="-5.82076689"><ele>166.93</ele><time>2024-09-03T18:40:15Z</time></trkpt><trkpt lat="43.39677992" lon="-5.82076957"><ele>166.93</ele><time>2024-09-03T18:40:16Z</time></trkpt><trkpt lat="43.39679569" lon="-5.82077226"><ele>166.93</ele><time>2024-09-03T18:40:17Z</time></trkpt><trkpt lat="43.39681138" lon="-5.82077496"><ele>166.93</ele><time>2024-09-03T18:40:18Z</time></trkpt><trkpt lat="43.39682702" lon="-5.82077766"><ele>166.93</ele><time>2024-09-03T18:40:19Z</time></trkpt><trkpt lat="43.39684263" lon="-5.82078036"><ele>166.93</ele><time>2024-09-03T18:40:20Z</time></trkpt><trkpt lat="43.39685821" lon="-5.82078307"><ele>166.93</ele><time>2024-09-03T18:40:21Z</time></trkpt><trkpt lat="43.39687377" lon="-5.82078578"><ele>166.93</ele><time>2024-09-03T18:40:22Z</time></trkpt><trkpt lat="43.39688932" lon="-5.82078849"><ele>166.93</ele><time>2024-09-03T18:40:23Z</time></trkpt><trkpt lat="43.39690486" lon="-5.82079119"><ele>166.93</ele><time>2024-09-03T18:40:24Z</time></trkpt><trkpt lat="43.39692040" lon="-5.82079390"><ele>166.93</ele><time>2024-09-03T18:40:25Z</time></trkpt><trkpt lat="43.39693593" lon="-5.82079661"><ele>166.93</ele><time>2024-09-03T18:40:26Z</time></trkpt><trkpt lat="43.39695146" lon="-5.82079932"><ele>166.93</ele><time>2024-09-03T18:40:27Z</time></trkpt><trkpt lat="43.39696698" lon="-5.82080203"><ele>166.93</ele><time>2024-09-03T18:40:28Z</time></trkpt><trkpt lat="43.39698251" lon="-5.82080474"><ele>166.93</ele><time>2024-09-03T18:40:29Z</time></trkpt><trkpt lat="43.39699803" lon="-5.82080745"><ele>166.93</ele><time>2024-09-03T18:40:30Z</time></trkpt><trkpt lat="43.39701355" lon="-5.82081016"><ele>166.93</ele><time>2024-09-03T18:40:31Z</time></trkpt><trkpt lat="43.39702907" lon="-5.82081287"><ele>166.93</ele><time>2024-09-03T18:40:32Z</time></trkpt><trkpt lat="43.39704447" lon="-5.82081525"><ele>166.93</ele><time>2024-09-03T18:40:33Z</time></trkpt><trkpt lat="43.39705977" lon="-5.82081739"><ele>166.93</ele><time>2024-09-03T18:40:34Z</time></trkpt><trkpt lat="43.39707501" lon="-5.82081936"><ele>166.93</ele><time>2024-09-03T18:40:35Z</time></trkpt><trkpt lat="43.39709021" lon="-5.82082122"><ele>166.93</ele><time>2024-09-03T18:40:36Z</time></trkpt><trkpt lat="43.39710538" lon="-5.82082300"><ele>166.93</ele><time>2024-09-03T18:40:37Z</time></trkpt><trkpt lat="43.39712052" lon="-5.82082473"><ele>166.93</ele><time>2024-09-03T18:40:38Z</time></trkpt><trkpt lat="43.39713565" lon="-5.82082641"><ele>166.93</ele><time>2024-09-03T18:40:39Z</time></trkpt><trkpt lat="43.39715077" lon="-5.82082807"><ele>166.93</ele><time>2024-09-03T18:40:40Z</time></trkpt><trkpt lat="43.39716588" lon="-5.82082971"><ele>166.93</ele><time>2024-09-03T18:40:41Z</time></trkpt><trkpt lat="43.39718099" lon="-5.82083133"><ele>166.93</ele><time>2024-09-03T18:40:42Z</time></trkpt><trkpt lat="43.39719609" lon="-5.82083295"><ele>166.93</ele><time>2024-09-03T18:40:43Z</time></trkpt><trkpt lat="43.39721119" lon="-5.82083455"><ele>166.93</ele><time>2024-09-03T18:40:44Z</time></trkpt><trkpt lat="43.39722629" lon="-5.82083616"><ele>166.93</ele><time>2024-09-03T18:40:45Z</time></trkpt><trkpt lat="43.39724139" lon="-5.82083776"><ele>166.93</ele><time>2024-09-03T18:40:46Z</time></trkpt><trkpt lat="43.39725649" lon="-5.82083936"><ele>166.93</ele><time>2024-09-03T18:40:47Z</time></trkpt><trkpt lat="43.39727158" lon="-5.82084095"><ele>166.93</ele><time>2024-09-03T18:40:48Z</time></trkpt><trkpt lat="43.39728668" lon="-5.82084255"><ele>166.93</ele><time>2024-09-03T18:40:49Z</time></trkpt><trkpt lat="43.39730178" lon="-5.82084414"><ele>166.93</ele><time>2024-09-03T18:40:50Z</time></trkpt><trkpt lat="43.39731687" lon="-5.82084574"><ele>166.93</ele><time>2024-09-03T18:40:51Z</time></trkpt><trkpt lat="43.39733197" lon="-5.82084733"><ele>166.93</ele><time>2024-09-03T18:40:52Z</time></trkpt><trkpt lat="43.39734706" lon="-5.82084892"><ele>166.93</ele><time>2024-09-03T18:40:53Z</time></trkpt><trkpt lat="43.39736216" lon="-5.82085051"><ele>166.93</ele><time>2024-09-03T18:40:54Z</time></trkpt><trkpt lat="43.39737707" lon="-5.82085390"><ele>166.93</ele><time>2024-09-03T18:40:55Z</time></trkpt><trkpt lat="43.39739186" lon="-5.82085854"><ele>166.93</ele><time>2024-09-03T18:40:56Z</time></trkpt><trkpt lat="43.39740657" lon="-5.82086407"><ele>166.93</ele><time>2024-09-03T18:40:57Z</time></trkpt><trkpt lat="43.39742121" lon="-5.82087020"><ele>166.93</ele><time>2024-09-03T18:40:58Z</time></trkpt><trkpt lat="43.39743580" lon="-5.82087677"><ele>166.93</ele><time>2024-09-03T18:40:59Z</time></trkpt><trkpt lat="43.39745037" lon="-5.82088364"><ele>166.93</ele><time>2024-09-03T18:41:00Z</time></trkpt><trkpt lat="43.39746492" lon="-5.82089072"><ele>166.93</ele><time>2024-09-03T18:41:01Z</time></trkpt><trkpt lat="43.39747945" lon="-5.82089795"><ele>166.93</ele><time>2024-09-03T18:41:02Z</time></trkpt><trkpt lat="43.39749397" lon="-5.82090528"><ele>166.93</ele><time>2024-09-03T18:41:03Z</time></trkpt><trkpt lat="43.39750848" lon="-5.82091269"><ele>166.93</ele><time>2024-09-03T18:41:04Z</time></trkpt><trkpt lat="43.39752299" lon="-5.82092014"><ele>166.93</ele><time>2024-09-03T18:41:05Z</time></trkpt><trkpt lat="43.39753749" lon="-5.82092763"><ele>166.93</ele><time>2024-09-03T18:41:06Z</time></trkpt><trkpt lat="43.39755200" lon="-5.82093515"><ele>166.93</ele><time>2024-09-03T18:41:07Z</time></trkpt><trkpt lat="43.39756650" lon="-5.82094268"><ele>166.93</ele><time>2024-09-03T18:41:08Z</time></trkpt><trkpt lat="43.39758100" lon="-5.82095022"><ele>166.93</ele><time>2024-09-03T18:41:09Z</time></trkpt><trkpt lat="43.39759549" lon="-5.82095778"><ele>166.93</ele><time>2024-09-03T18:41:10Z</time></trkpt><trkpt lat="43.39760999" lon="-5.82096534"><ele>166.93</ele><time>2024-09-03T18:41:11Z</time></trkpt><trkpt lat="43.39762449" lon="-5.82097290"><ele>166.93</ele><time>2024-09-03T18:41:12Z</time></trkpt><trkpt lat="43.39763899" lon="-5.82098047"><ele>166.93</ele><time>2024-09-03T18:41:13Z</time></trkpt><trkpt lat="43.39765348" lon="-5.82098803"><ele>166.93</ele><time>2024-09-03T18:41:14Z</time></trkpt><trkpt lat="43.39766621" lon="-5.82099649"><ele>166.94</ele><time>2024-09-03T18:41:15Z</time></trkpt><trkpt lat="43.39767770" lon="-5.82100557"><ele>166.96</ele><time>2024-09-03T18:41:16Z</time></trkpt><trkpt lat="43.39768832" lon="-5.82101509"><ele>166.98</ele><time>2024-09-03T18:41:17Z</time></trkpt><trkpt lat="43.39769834" lon="-5.82102491"><ele>167.00</ele><time>2024-09-03T18:41:18Z</time></trkpt><trkpt lat="43.39770793" lon="-5.82103494"><ele>167.03</ele><time>2024-09-03T18:41:19Z</time></trkpt><trkpt lat="43.39771722" lon="-5.82104513"><ele>167.06</ele><time>2024-09-03T18:41:20Z</time></trkpt><trkpt lat="43.39772631" lon="-5.82105542"><ele>167.09</ele><time>2024-09-03T18:41:21Z</time></trkpt><trkpt lat="43.39773525" lon="-5.82106578"><ele>167.12</ele><time>2024-09-03T18:41:22Z</time></trkpt><trkpt lat="43.39774409" lon="-5.82107619"><ele>167.15</ele><time>2024-09-03T18:41:23Z</time></trkpt><trkpt lat="43.39775285" lon="-5.82108664"><ele>167.18</ele><time>2024-09-03T18:41:24Z</time></trkpt><trkpt lat="43.39776157" lon="-5.82109712"><ele>167.21</ele><time>2024-09-03T18:41:25Z</time></trkpt><trkpt lat="43.39777025" lon="-5.82110761"><ele>167.24</ele><time>2024-09-03T18:41:26Z</time></trkpt><trkpt lat="43.39777891" lon="-5.82111811"><ele>167.27</ele><time>2024-09-03T18:41:27Z</time></trkpt><trkpt lat="43.39778755" lon="-5.82112863"><ele>167.30</ele><time>2024-09-03T18:41:28Z</time></trkpt><trkpt lat="43.39779618" lon="-5.82113915"><ele>167.34</ele><time>2024-09-03T18:41:29Z</time></trkpt><trkpt lat="43.39780654" lon="-5.82114889"><ele>167.36</ele><time>2024-09-03T18:41:30Z</time></trkpt><trkpt lat="43.39781812" lon="-5.82115808"><ele>167.37</ele><time>2024-09-03T18:41:31Z</time></trkpt><trkpt lat="43.39783055" lon="-5.82116689"><ele>167.38</ele><time>2024-09-03T18:41:32Z</time></trkpt><trkpt lat="43.39784358" lon="-5.82117544"><ele>167.39</ele><time>2024-09-03T18:41:33Z</time></trkpt><trkpt lat="43.39785702" lon="-5.82118380"><ele>167.40</ele><time>2024-09-03T18:41:34Z</time></trkpt><trkpt lat="43.39787076" lon="-5.82119202"><ele>167.40</ele><time>2024-09-03T18:41:35Z</time></trkpt><trkpt lat="43.39788578" lon="-5.82120267"><ele>167.40</ele><time>2024-09-03T18:41:36Z</time></trkpt><trkpt lat="43.39790171" lon="-5.82121501"><ele>167.41</ele><time>2024-09-03T18:41:37Z</time></trkpt><trkpt lat="43.39791828" lon="-5.82122853"><ele>167.41</ele><time>2024-09-03T18:41:38Z</time></trkpt><trkpt lat="43.39793528" lon="-5.82124289"><ele>167.41</ele><time>2024-09-03T18:41:39Z</time></trkpt><trkpt lat="43.39795259" lon="-5.82125783"><ele>167.41</ele><time>2024-09-03T18:41:40Z</time></trkpt><trkpt lat="43.39797012" lon="-5.82127317"><ele>167.41</ele><time>2024-09-03T18:41:41Z</time></trkpt><trkpt lat="43.39798781" lon="-5.82128880"><ele>167.41</ele><time>2024-09-03T18:41:42Z</time></trkpt><trkpt lat="43.39800560" lon="-5.82130463"><ele>167.41</ele><time>2024-09-03T18:41:43Z</time></trkpt><trkpt lat="43.39802346" lon="-5.82132059"><ele>167.41</ele><time>2024-09-03T18:41:44Z</time></trkpt><trkpt lat="43.39804137" lon="-5.82133666"><ele>167.41</ele><time>2024-09-03T18:41:45Z</time></trkpt><trkpt lat="43.39805933" lon="-5.82135279"><ele>167.41</ele><time>2024-09-03T18:41:46Z</time></trkpt><trkpt lat="43.39807730" lon="-5.82136897"><ele>167.41</ele><time>2024-09-03T18:41:47Z</time></trkpt><trkpt lat="43.39809530" lon="-5.82138518"><ele>167.41</ele><time>2024-09-03T18:41:48Z</time></trkpt><trkpt lat="43.39811331" lon="-5.82140142"><ele>167.41</ele><time>2024-09-03T18:41:49Z</time></trkpt><trkpt lat="43.39813132" lon="-5.82141768"><ele>167.41</ele><time>2024-09-03T18:41:50Z</time></trkpt><trkpt lat="43.39814935" lon="-5.82143394"><ele>167.41</ele><time>2024-09-03T18:41:51Z</time></trkpt><trkpt lat="43.39816626" lon="-5.82144799"><ele>167.41</ele><time>2024-09-03T18:41:52Z</time></trkpt><trkpt lat="43.39818241" lon="-5.82146050"><ele>167.41</ele><time>2024-09-03T18:41:53Z</time></trkpt><trkpt lat="43.39819801" lon="-5.82147192"><ele>167.41</ele><time>2024-09-03T18:41:54Z</time></trkpt><trkpt lat="43.39821323" lon="-5.82148258"><ele>167.41</ele><time>2024-09-03T18:41:55Z</time></trkpt><trkpt lat="43.39822819" lon="-5.82149271"><ele>167.41</ele><time>2024-09-03T18:41:56Z</time></trkpt><trkpt lat="43.39824296" lon="-5.82150247"><ele>167.41</ele><time>2024-09-03T18:41:57Z</time></trkpt><trkpt lat="43.39825760" lon="-5.82151196"><ele>167.41</ele><time>2024-09-03T18:41:58Z</time></trkpt><trkpt lat="43.39827215" lon="-5.82152128"><ele>167.41</ele><time>2024-09-03T18:41:59Z</time></trkpt><trkpt lat="43.39828664" lon="-5.82153047"><ele>167.41</ele><time>2024-09-03T18:42:00Z</time></trkpt><trkpt lat="43.39830108" lon="-5.82153957"><ele>167.41</ele><time>2024-09-03T18:42:01Z</time></trkpt><trkpt lat="43.39831549" lon="-5.82154860"><ele>167.41</ele><time>2024-09-03T18:42:02Z</time></trkpt><trkpt lat="43.39832988" lon="-5.82155759"><ele>167.41</ele><time>2024-09-03T18:42:03Z</time></trkpt><trkpt lat="43.39834426" lon="-5.82156655"><ele>167.41</ele><time>2024-09-03T18:42:04Z</time></trkpt><trkpt lat="43.39835862" lon="-5.82157549"><ele>167.41</ele><time>2024-09-03T18:42:05Z</time></trkpt><trkpt lat="43.39837298" lon="-5.82158442"><ele>167.41</ele><time>2024-09-03T18:42:06Z</time></trkpt><trkpt lat="43.39838733" lon="-5.82159333"><ele>167.41</ele><time>2024-09-03T18:42:07Z</time></trkpt><trkpt lat="43.39839984" lon="-5.82159808"><ele>167.41</ele><time>2024-09-03T18:42:08Z</time></trkpt><trkpt lat="43.39841107" lon="-5.82159992"><ele>167.41</ele><time>2024-09-03T18:42:09Z</time></trkpt><trkpt lat="43.39842141" lon="-5.82159971"><ele>167.41</ele><time>2024-09-03T18:42:10Z</time></trkpt><trkpt lat="43.39843111" lon="-5.82159808"><ele>167.41</ele><time>2024-09-03T18:42:11Z</time></trkpt><trkpt lat="43.39844037" lon="-5.82159545"><ele>167.41</ele><time>2024-09-03T18:42:12Z</time></trkpt><trkpt lat="43.39844933" lon="-5.82159211"><ele>167.41</ele><time>2024-09-03T18:42:13Z</time></trkpt><trkpt lat="43.39845807" lon="-5.82158829"><ele>167.41</ele><time>2024-09-03T18:42:14Z</time></trkpt><trkpt lat="43.39846665" lon="-5.82158413"><ele>167.41</ele><time>2024-09-03T18:42:15Z</time></trkpt><trkpt lat="43.39847514" lon="-5.82157972"><ele>167.41</ele><time>2024-09-03T18:42:16Z</time></trkpt><trkpt lat="43.39848354" lon="-5.82157515"><ele>167.41</ele><time>2024-09-03T18:42:17Z</time></trkpt><trkpt lat="43.39849190" lon="-5.82157045"><ele>167.41</ele><time>2024-09-03T18:42:18Z</time></trkpt><trkpt lat="43.39850022" lon="-5.82156568"><ele>167.41</ele><time>2024-09-03T18:42:19Z</time></trkpt><trkpt lat="43.39850995" lon="-5.82156182"><ele>167.40</ele><time>2024-09-03T18:42:20Z</time></trkpt><trkpt lat="43.39852066" lon="-5.82155861"><ele>167.38</ele><time>2024-09-03T18:42:21Z</time></trkpt><trkpt lat="43.39853206" lon="-5.82155584"><ele>167.36</ele><time>2024-09-03T18:42:22Z</time></trkpt><trkpt lat="43.39854394" lon="-5.82155339"><ele>167.33</ele><time>2024-09-03T18:42:23Z</time></trkpt><trkpt lat="43.39855617" lon="-5.82155116"><ele>167.31</ele><time>2024-09-03T18:42:24Z</time></trkpt><trkpt lat="43.39856862" lon="-5.82154908"><ele>167.27</ele><time>2024-09-03T18:42:25Z</time></trkpt><trkpt lat="43.39858125" lon="-5.82154711"><ele>167.24</ele><time>2024-09-03T18:42:26Z</time></trkpt><trkpt lat="43.39859399" lon="-5.82154521"><ele>167.21</ele><time>2024-09-03T18:42:27Z</time></trkpt><trkpt lat="43.39860681" lon="-5.82154337"><ele>167.18</ele><time>2024-09-03T18:42:28Z</time></trkpt><trkpt lat="43.39861969" lon="-5.82154157"><ele>167.14</ele><time>2024-09-03T18:42:29Z</time></trkpt><trkpt lat="43.39863260" lon="-5.82153979"><ele>167.11</ele><time>2024-09-03T18:42:30Z</time></trkpt><trkpt lat="43.39864555" lon="-5.82153803"><ele>167.08</ele><time>2024-09-03T18:42:31Z</time></trkpt><trkpt lat="43.39865851" lon="-5.82153628"><ele>167.04</ele><time>2024-09-03T18:42:32Z</time></trkpt><trkpt lat="43.39867149" lon="-5.82153454"><ele>167.01</ele><time>2024-09-03T18:42:33Z</time></trkpt><trkpt lat="43.39868652" lon="-5.82153576"><ele>166.99</ele><time>2024-09-03T18:42:34Z</time></trkpt><trkpt lat="43.39870299" lon="-5.82153905"><ele>166.97</ele><time>2024-09-03T18:42:35Z</time></trkpt><trkpt lat="43.39872046" lon="-5.82154379"><ele>166.96</ele><time>2024-09-03T18:42:36Z</time></trkpt><trkpt lat="43.39873863" lon="-5.82154954"><ele>166.95</ele><time>2024-09-03T18:42:37Z</time></trkpt><trkpt lat="43.39875730" lon="-5.82155600"><ele>166.94</ele><time>2024-09-03T18:42:38Z</time></trkpt><trkpt lat="43.39877632" lon="-5.82156296"><ele>166.94</ele><time>2024-09-03T18:42:39Z</time></trkpt><trkpt lat="43.39879557" lon="-5.82157027"><ele>166.94</ele><time>2024-09-03T18:42:40Z</time></trkpt><trkpt lat="43.39881499" lon="-5.82157782"><ele>166.93</ele><time>2024-09-03T18:42:41Z</time></trkpt><trkpt lat="43.39883454" lon="-5.82158555"><ele>166.93</ele><time>2024-09-03T18:42:42Z</time></trkpt><trkpt lat="43.39885416" lon="-5.82159339"><ele>166.93</ele><time>2024-09-03T18:42:43Z</time></trkpt><trkpt lat="43.39887384" lon="-5.82160131"><ele>166.93</ele><time>2024-09-03T18:42:44Z</time></trkpt><trkpt lat="43.39889357" lon="-5.82160930"><ele>166.93</ele><time>2024-09-03T18:42:45Z</time></trkpt><trkpt lat="43.39891332" lon="-5.82161732"><ele>166.93</ele><time>2024-09-03T18:42:46Z</time></trkpt><trkpt lat="43.39893309" lon="-5.82162537"><ele>166.93</ele><time>2024-09-03T18:42:47Z</time></trkpt><trkpt lat="43.39895288" lon="-5.82163345"><ele>166.93</ele><time>2024-09-03T18:42:48Z</time></trkpt><trkpt lat="43.39897267" lon="-5.82164153"><ele>166.93</ele><time>2024-09-03T18:42:49Z</time></trkpt><trkpt lat="43.39899214" lon="-5.82164763"><ele>166.94</ele><time>2024-09-03T18:42:50Z</time></trkpt><trkpt lat="43.39901137" lon="-5.82165234"><ele>166.95</ele><time>2024-09-03T18:42:51Z</time></trkpt><trkpt lat="43.39903044" lon="-5.82165607"><ele>166.96</ele><time>2024-09-03T18:42:52Z</time></trkpt><trkpt lat="43.39904940" lon="-5.82165913"><ele>166.98</ele><time>2024-09-03T18:42:53Z</time></trkpt><trkpt lat="43.39906828" lon="-5.82166170"><ele>167.00</ele><time>2024-09-03T18:42:54Z</time></trkpt><trkpt lat="43.39908711" lon="-5.82166394"><ele>167.02</ele><time>2024-09-03T18:42:55Z</time></trkpt><trkpt lat="43.39910589" lon="-5.82166595"><ele>167.04</ele><time>2024-09-03T18:42:56Z</time></trkpt><trkpt lat="43.39912465" lon="-5.82166779"><ele>167.06</ele><time>2024-09-03T18:42:57Z</time></trkpt><trkpt lat="43.39914339" lon="-5.82166952"><ele>167.08</ele><time>2024-09-03T18:42:58Z</time></trkpt><trkpt lat="43.39916212" lon="-5.82167117"><ele>167.11</ele><time>2024-09-03T18:42:59Z</time></trkpt><trkpt lat="43.39918084" lon="-5.82167276"><ele>167.13</ele><time>2024-09-03T18:43:00Z</time></trkpt><trkpt lat="43.39919955" lon="-5.82167431"><ele>167.15</ele><time>2024-09-03T18:43:01Z</time></trkpt><trkpt lat="43.39921825" lon="-5.82167584"><ele>167.17</ele><time>2024-09-03T18:43:02Z</time></trkpt><trkpt lat="43.39923696" lon="-5.82167734"><ele>167.20</ele><time>2024-09-03T18:43:03Z</time></trkpt><trkpt lat="43.39925566" lon="-5.82167883"><ele>167.22</ele><time>2024-09-03T18:43:04Z</time></trkpt><trkpt lat="43.39927436" lon="-5.82168032"><ele>167.24</ele><time>2024-09-03T18:43:05Z</time></trkpt><trkpt lat="43.39929306" lon="-5.82168179"><ele>167.27</ele><time>2024-09-03T18:43:06Z</time></trkpt><trkpt lat="43.39931175" lon="-5.82168326"><ele>167.29</ele><time>2024-09-03T18:43:07Z</time></trkpt><trkpt lat="43.39933045" lon="-5.82168473"><ele>167.31</ele><time>2024-09-03T18:43:08Z</time></trkpt><trkpt lat="43.39934915" lon="-5.82168620"><ele>167.33</ele><time>2024-09-03T18:43:09Z</time></trkpt><trkpt lat="43.39936784" lon="-5.82168766"><ele>167.36</ele><time>2024-09-03T18:43:10Z</time></trkpt><trkpt lat="43.39938634" lon="-5.82169071"><ele>167.37</ele><time>2024-09-03T18:43:11Z</time></trkpt><trkpt lat="43.39940470" lon="-5.82169487"><ele>167.38</ele><time>2024-09-03T18:43:12Z</time></trkpt><trkpt lat="43.39942297" lon="-5.82169980"><ele>167.39</ele><time>2024-09-03T18:43:13Z</time></trkpt><trkpt lat="43.39944116" lon="-5.82170528"><ele>167.40</ele><time>2024-09-03T18:43:14Z</time></trkpt><trkpt lat="43.39945931" lon="-5.82171114"><ele>167.40</ele><time>2024-09-03T18:43:15Z</time></trkpt><trkpt lat="43.39947743" lon="-5.82171726"><ele>167.40</ele><time>2024-09-03T18:43:16Z</time></trkpt><trkpt lat="43.39949552" lon="-5.82172357"><ele>167.41</ele><time>2024-09-03T18:43:17Z</time></trkpt><trkpt lat="43.39951360" lon="-5.82173001"><ele>167.41</ele><time>2024-09-03T18:43:18Z</time></trkpt><trkpt lat="43.39953166" lon="-5.82173655"><ele>167.41</ele><time>2024-09-03T18:43:19Z</time></trkpt><trkpt lat="43.39954972" lon="-5.82174314"><ele>167.41</ele><time>2024-09-03T18:43:20Z</time></trkpt><trkpt lat="43.39956777" lon="-5.82174978"><ele>167.41</ele><time>2024-09-03T18:43:21Z</time></trkpt><trkpt lat="43.39958582" lon="-5.82175646"><ele>167.41</ele><time>2024-09-03T18:43:22Z</time></trkpt><trkpt lat="43.39960387" lon="-5.82176315"><ele>167.41</ele><time>2024-09-03T18:43:23Z</time></trkpt><trkpt lat="43.39962191" lon="-5.82176986"><ele>167.41</ele><time>2024-09-03T18:43:24Z</time></trkpt><trkpt lat="43.39963995" lon="-5.82177658"><ele>167.41</ele><time>2024-09-03T18:43:25Z</time></trkpt><trkpt lat="43.39965799" lon="-5.82178331"><ele>167.41</ele><time>2024-09-03T18:43:26Z</time></trkpt><trkpt lat="43.39967603" lon="-5.82179004"><ele>167.41</ele><time>2024-09-03T18:43:27Z</time></trkpt><trkpt lat="43.39969407" lon="-5.82179678"><ele>167.41</ele><time>2024-09-03T18:43:28Z</time></trkpt><trkpt lat="43.39971211" lon="-5.82180352"><ele>167.41</ele><time>2024-09-03T18:43:29Z</time></trkpt><trkpt lat="43.39972776" lon="-5.82181201"><ele>167.41</ele><time>2024-09-03T18:43:30Z</time></trkpt><trkpt lat="43.39974174" lon="-5.82182174"><ele>167.41</ele><time>2024-09-03T18:43:31Z</time></trkpt><trkpt lat="43.39975455" lon="-5.82183234"><ele>167.41</ele><time>2024-09-03T18:43:32Z</time></trkpt><trkpt lat="43.39976654" lon="-5.82184353"><ele>167.41</ele><time>2024-09-03T18:43:33Z</time></trkpt><trkpt lat="43.39977796" lon="-5.82185515"><ele>167.41</ele><time>2024-09-03T18:43:34Z</time></trkpt><trkpt lat="43.39978898" lon="-5.82186707"><ele>167.41</ele><time>2024-09-03T18:43:35Z</time></trkpt><trkpt lat="43.39979971" lon="-5.82187919"><ele>167.41</ele><time>2024-09-03T18:43:36Z</time></trkpt><trkpt lat="43.39981025" lon="-5.82189145"><ele>167.41</ele><time>2024-09-03T18:43:37Z</time></trkpt><trkpt lat="43.39981504" lon="-5.82190362"><ele>167.40</ele><time>2024-09-03T18:43:38Z</time></trkpt><trkpt lat="43.39981580" lon="-5.82191570"><ele>167.39</ele><time>2024-09-03T18:43:39Z</time></trkpt><trkpt lat="43.39981375" lon="-5.82192774"><ele>167.37</ele><time>2024-09-03T18:43:40Z</time></trkpt><trkpt lat="43.39980972" lon="-5.82193974"><ele>167.34</ele><time>2024-09-03T18:43:41Z</time></trkpt><trkpt lat="43.39980431" lon="-5.82195172"><ele>167.32</ele><time>2024-09-03T18:43:42Z</time></trkpt><trkpt lat="43.39979794" lon="-5.82196368"><ele>167.29</ele><time>2024-09-03T18:43:43Z</time></trkpt><trkpt lat="43.39979089" lon="-5.82197563"><ele>167.26</ele><time>2024-09-03T18:43:44Z</time></trkpt><trkpt lat="43.39978337" lon="-5.82198756"><ele>167.24</ele><time>2024-09-03T18:43:45Z</time></trkpt><trkpt lat="43.39977551" lon="-5.82199950"><ele>167.21</ele><time>2024-09-03T18:43:46Z</time></trkpt><trkpt lat="43.39976743" lon="-5.82201142"><ele>167.18</ele><time>2024-09-03T18:43:47Z</time></trkpt><trkpt lat="43.39975918" lon="-5.82202335"><ele>167.15</ele><time>2024-09-03T18:43:48Z</time></trkpt><trkpt lat="43.39975081" lon="-5.82203527"><ele>167.12</ele><time>2024-09-03T18:43:49Z</time></trkpt><trkpt lat="43.39974237" lon="-5.82204719"><ele>167.09</ele><time>2024-09-03T18:43:50Z</time></trkpt><trkpt lat="43.39973387" lon="-5.82205911"><ele>167.06</ele><time>2024-09-03T18:43:51Z</time></trkpt><trkpt lat="43.39972534" lon="-5.82207103"><ele>167.03</ele><time>2024-09-03T18:43:52Z</time></trkpt><trkpt lat="43.39971677" lon="-5.82208295"><ele>167.00</ele><time>2024-09-03T18:43:53Z</time></trkpt><trkpt lat="43.39970721" lon="-5.82209632"><ele>166.98</ele><time>2024-09-03T18:43:54Z</time></trkpt><trkpt lat="43.39969696" lon="-5.82211070"><ele>166.96</ele><time>2024-09-03T18:43:55Z</time></trkpt><trkpt lat="43.39968622" lon="-5.82212580"><ele>166.95</ele><time>2024-09-03T18:43:56Z</time></trkpt><trkpt lat="43.39967514" lon="-5.82214139"><ele>166.95</ele><time>2024-09-03T18:43:57Z</time></trkpt><trkpt lat="43.39966382" lon="-5.82215733"><ele>166.94</ele><time>2024-09-03T18:43:58Z</time></trkpt><trkpt lat="43.39965233" lon="-5.82217351"><ele>166.94</ele><time>2024-09-03T18:43:59Z</time></trkpt><trkpt lat="43.39964072" lon="-5.82218986"><ele>166.94</ele><time>2024-09-03T18:44:00Z</time></trkpt><trkpt lat="43.39962904" lon="-5.82220634"><ele>166.93</ele><time>2024-09-03T18:44:01Z</time></trkpt><trkpt lat="43.39961729" lon="-5.82222289"><ele>166.93</ele><time>2024-09-03T18:44:02Z</time></trkpt><trkpt lat="43.39960551" lon="-5.82223951"><ele>166.93</ele><time>2024-09-03T18:44:03Z</time></trkpt><trkpt lat="43.39959370" lon="-5.82225616"><ele>166.93</ele><time>2024-09-03T18:44:04Z</time></trkpt><trkpt lat="43.39958187" lon="-5.82227285"><ele>166.93</ele><time>2024-09-03T18:44:05Z</time></trkpt><trkpt lat="43.39957002" lon="-5.82228955"><ele>166.93</ele><time>2024-09-03T18:44:06Z</time></trkpt><trkpt lat="43.39955817" lon="-5.82230627"><ele>166.93</ele><time>2024-09-03T18:44:07Z</time></trkpt><trkpt lat="43.39954631" lon="-5.82232300"><ele>166.93</ele><time>2024-09-03T18:44:08Z</time></trkpt><trkpt lat="43.39953444" lon="-5.82233973"><ele>166.93</ele><time>2024-09-03T18:44:09Z</time></trkpt><trkpt lat="43.39952257" lon="-5.82235647"><ele>166.93</ele><time>2024-09-03T18:44:10Z</time></trkpt><trkpt lat="43.39951070" lon="-5.82237322"><ele>166.93</ele><time>2024-09-03T18:44:11Z</time></trkpt><trkpt lat="43.39949883" lon="-5.82238996"><ele>166.93</ele><time>2024-09-03T18:44:12Z</time></trkpt><trkpt lat="43.39948695" lon="-5.82240671"><ele>166.93</ele><time>2024-09-03T18:44:13Z</time></trkpt><trkpt lat="43.39947591" lon="-5.82242383"><ele>166.93</ele><time>2024-09-03T18:44:14Z</time></trkpt><trkpt lat="43.39946544" lon="-5.82244121"><ele>166.93</ele><time>2024-09-03T18:44:15Z</time></trkpt><trkpt lat="43.39945538" lon="-5.82245877"><ele>166.93</ele><time>2024-09-03T18:44:16Z</time></trkpt><trkpt lat="43.39944560" lon="-5.82247646"><ele>166.93</ele><time>2024-09-03T18:44:17Z</time></trkpt><trkpt lat="43.39943602" lon="-5.82249423"><ele>166.93</ele><time>2024-09-03T18:44:18Z</time></trkpt><trkpt lat="43.39942658" lon="-5.82251207"><ele>166.93</ele><time>2024-09-03T18:44:19Z</time></trkpt><trkpt lat="43.39941724" lon="-5.82252995"><ele>166.93</ele><time>2024-09-03T18:44:20Z</time></trkpt><trkpt lat="43.39940797" lon="-5.82254787"><ele>166.93</ele><time>2024-09-03T18:44:21Z</time></trkpt><trkpt lat="43.39939874" lon="-5.82256580"><ele>166.93</ele><time>2024-09-03T18:44:22Z</time></trkpt><trkpt lat="43.39938955" lon="-5.82258375"><ele>166.93</ele><time>2024-09-03T18:44:23Z</time></trkpt><trkpt lat="43.39938038" lon="-5.82260171"><ele>166.93</ele><time>2024-09-03T18:44:24Z</time></trkpt><trkpt lat="43.39937123" lon="-5.82261968"><ele>166.93</ele><time>2024-09-03T18:44:25Z</time></trkpt><trkpt lat="43.39936209" lon="-5.82263765"><ele>166.93</ele><time>2024-09-03T18:44:26Z</time></trkpt><trkpt lat="43.39935295" lon="-5.82265563"><ele>166.93</ele><time>2024-09-03T18:44:27Z</time></trkpt><trkpt lat="43.39934383" lon="-5.82267361"><ele>166.93</ele><time>2024-09-03T18:44:28Z</time></trkpt><trkpt lat="43.39933470" lon="-5.82269159"><ele>166.93</ele><time>2024-09-03T18:44:29Z</time></trkpt><trkpt lat="43.39932558" lon="-5.82270957"><ele>166.93</ele><time>2024-09-03T18:44:30Z</time></trkpt><trkpt lat="43.39931646" lon="-5.82272755"><ele>166.93</ele><time>2024-09-03T18:44:31Z</time></trkpt><trkpt lat="43.39930735" lon="-5.82274553"><ele>166.93</ele><time>2024-09-03T18:44:32Z</time></trkpt><trkpt lat="43.39929823" lon="-5.82276352"><ele>166.93</ele><time>2024-09-03T18:44:33Z</time></trkpt><trkpt lat="43.39928911" lon="-5.82278150"><ele>166.93</ele><time>2024-09-03T18:44:34Z</time></trkpt><trkpt lat="43.39928000" lon="-5.82279949"><ele>166.93</ele><time>2024-09-03T18:44:35Z</time></trkpt><trkpt lat="43.39927088" lon="-5.82281747"><ele>166.93</ele><time>2024-09-03T18:44:36Z</time></trkpt><trkpt lat="43.39926204" lon="-5.82283550"><ele>167.00</ele><time>2024-09-03T18:44:37Z</time></trkpt><trkpt lat="43.39925338" lon="-5.82285355"><ele>167.12</ele><time>2024-09-03T18:44:38Z</time></trkpt><trkpt lat="43.39924486" lon="-5.82287163"><ele>167.28</ele><time>2024-09-03T18:44:39Z</time></trkpt><trkpt lat="43.39923643" lon="-5.82288972"><ele>167.46</ele><time>2024-09-03T18:44:40Z</time></trkpt><trkpt lat="43.39923066" lon="-5.82290852"><ele>167.61</ele><time>2024-09-03T18:44:41Z</time></trkpt><trkpt lat="43.39922675" lon="-5.82292780"><ele>167.74</ele><time>2024-09-03T18:44:42Z</time></trkpt><trkpt lat="43.39922415" lon="-5.82294743"><ele>167.84</ele><time>2024-09-03T18:44:43Z</time></trkpt><trkpt lat="43.39922246" lon="-5.82296729"><ele>167.94</ele><time>2024-09-03T18:44:44Z</time></trkpt><trkpt lat="43.39922141" lon="-5.82298733"><ele>168.03</ele><time>2024-09-03T18:44:45Z</time></trkpt><trkpt lat="43.39922080" lon="-5.82300748"><ele>168.11</ele><time>2024-09-03T18:44:46Z</time></trkpt><trkpt lat="43.39922051" lon="-5.82302772"><ele>168.19</ele><time>2024-09-03T18:44:47Z</time></trkpt><trkpt lat="43.39922044" lon="-5.82304801"><ele>168.26</ele><time>2024-09-03T18:44:48Z</time></trkpt><trkpt lat="43.39922052" lon="-5.82306834"><ele>168.34</ele><time>2024-09-03T18:44:49Z</time></trkpt><trkpt lat="43.39922071" lon="-5.82308871"><ele>168.41</ele><time>2024-09-03T18:44:50Z</time></trkpt><trkpt lat="43.39922097" lon="-5.82310909"><ele>168.48</ele><time>2024-09-03T18:44:51Z</time></trkpt><trkpt lat="43.39922129" lon="-5.82312948"><ele>168.55</ele><time>2024-09-03T18:44:52Z</time></trkpt><trkpt lat="43.39922164" lon="-5.82314989"><ele>168.62</ele><time>2024-09-03T18:44:53Z</time></trkpt><trkpt lat="43.39922202" lon="-5.82317030"><ele>168.69</ele><time>2024-09-03T18:44:54Z</time></trkpt><trkpt lat="43.39922242" lon="-5.82319072"><ele>168.76</ele><time>2024-09-03T18:44:55Z</time></trkpt><trkpt lat="43.39922283" lon="-5.82321114"><ele>168.83</ele><time>2024-09-03T18:44:56Z</time></trkpt><trkpt lat="43.39922324" lon="-5.82323156"><ele>168.90</ele><time>2024-09-03T18:44:57Z</time></trkpt><trkpt lat="43.39922367" lon="-5.82325198"><ele>168.96</ele><time>2024-09-03T18:44:58Z</time></trkpt><trkpt lat="43.39922410" lon="-5.82327241"><ele>169.03</ele><time>2024-09-03T18:44:59Z</time></trkpt><trkpt lat="43.39922453" lon="-5.82329284"><ele>169.10</ele><time>2024-09-03T18:45:00Z</time></trkpt><trkpt lat="43.39922496" lon="-5.82331326"><ele>169.17</ele><time>2024-09-03T18:45:01Z</time></trkpt><trkpt lat="43.39922727" lon="-5.82333391"><ele>169.22</ele><time>2024-09-03T18:45:02Z</time></trkpt><trkpt lat="43.39923089" lon="-5.82335470"><ele>169.25</ele><time>2024-09-03T18:45:03Z</time></trkpt><trkpt lat="43.39923542" lon="-5.82337561"><ele>169.28</ele><time>2024-09-03T18:45:04Z</time></trkpt><trkpt lat="43.39924059" lon="-5.82339659"><ele>169.29</ele><time>2024-09-03T18:45:05Z</time></trkpt><trkpt lat="43.39924622" lon="-5.82341762"><ele>169.30</ele><time>2024-09-03T18:45:06Z</time></trkpt><trkpt lat="43.39925216" lon="-5.82343869"><ele>169.31</ele><time>2024-09-03T18:45:07Z</time></trkpt><trkpt lat="43.39925832" lon="-5.82345978"><ele>169.32</ele><time>2024-09-03T18:45:08Z</time></trkpt><trkpt lat="43.39926463" lon="-5.82348090"><ele>169.32</ele><time>2024-09-03T18:45:09Z</time></trkpt><trkpt lat="43.39927105" lon="-5.82350202"><ele>169.32</ele><time>2024-09-03T18:45:10Z</time></trkpt><trkpt lat="43.39927755" lon="-5.82352315"><ele>169.33</ele><time>2024-09-03T18:45:11Z</time></trkpt><trkpt lat="43.39928410" lon="-5.82354429"><ele>169.33</ele><time>2024-09-03T18:45:12Z</time></trkpt><trkpt lat="43.39929069" lon="-5.82356544"><ele>169.33</ele><time>2024-09-03T18:45:13Z</time></trkpt><trkpt lat="43.39929730" lon="-5.82358659"><ele>169.33</ele><time>2024-09-03T18:45:14Z</time></trkpt><trkpt lat="43.39930393" lon="-5.82360774"><ele>169.33</ele><time>2024-09-03T18:45:15Z</time></trkpt><trkpt lat="43.39931058" lon="-5.82362889"><ele>169.33</ele><time>2024-09-03T18:45:16Z</time></trkpt><trkpt lat="43.39931723" lon="-5.82365004"><ele>169.33</ele><time>2024-09-03T18:45:17Z</time></trkpt><trkpt lat="43.39932389" lon="-5.82367119"><ele>169.33</ele><time>2024-09-03T18:45:18Z</time></trkpt><trkpt lat="43.39933055" lon="-5.82369234"><ele>169.33</ele><time>2024-09-03T18:45:19Z</time></trkpt><trkpt lat="43.39933722" lon="-5.82371350"><ele>169.33</ele><time>2024-09-03T18:45:20Z</time></trkpt><trkpt lat="43.39934389" lon="-5.82373465"><ele>169.33</ele><time>2024-09-03T18:45:21Z</time></trkpt><trkpt lat="43.39935056" lon="-5.82375581"><ele>169.33</ele><time>2024-09-03T18:45:22Z</time></trkpt><trkpt lat="43.39935714" lon="-5.82377718"><ele>169.33</ele><time>2024-09-03T18:45:23Z</time></trkpt><trkpt lat="43.39936366" lon="-5.82379870"><ele>169.33</ele><time>2024-09-03T18:45:24Z</time></trkpt><trkpt lat="43.39937014" lon="-5.82382033"><ele>169.33</ele><time>2024-09-03T18:45:25Z</time></trkpt><trkpt lat="43.39937659" lon="-5.82384204"><ele>169.33</ele><time>2024-09-03T18:45:26Z</time></trkpt><trkpt lat="43.39938302" lon="-5.82386380"><ele>169.33</ele><time>2024-09-03T18:45:27Z</time></trkpt><trkpt lat="43.39938943" lon="-5.82388559"><ele>169.33</ele><time>2024-09-03T18:45:28Z</time></trkpt><trkpt lat="43.39939584" lon="-5.82390741"><ele>169.33</ele><time>2024-09-03T18:45:29Z</time></trkpt><trkpt lat="43.39940223" lon="-5.82392925"><ele>169.33</ele><time>2024-09-03T18:45:30Z</time></trkpt><trkpt lat="43.39940862" lon="-5.82395110"><ele>169.33</ele><time>2024-09-03T18:45:31Z</time></trkpt><trkpt lat="43.39941501" lon="-5.82397296"><ele>169.33</ele><time>2024-09-03T18:45:32Z</time></trkpt><trkpt lat="43.39942139" lon="-5.82399482"><ele>169.33</ele><time>2024-09-03T18:45:33Z</time></trkpt><trkpt lat="43.39942778" lon="-5.82401669"><ele>169.33</ele><time>2024-09-03T18:45:34Z</time></trkpt><trkpt lat="43.39943416" lon="-5.82403857"><ele>169.33</ele><time>2024-09-03T18:45:35Z</time></trkpt><trkpt lat="43.39944054" lon="-5.82406044"><ele>169.33</ele><time>2024-09-03T18:45:36Z</time></trkpt><trkpt lat="43.39944692" lon="-5.82408232"><ele>169.33</ele><time>2024-09-03T18:45:37Z</time></trkpt><trkpt lat="43.39945330" lon="-5.82410419"><ele>169.33</ele><time>2024-09-03T18:45:38Z</time></trkpt><trkpt lat="43.39945968" lon="-5.82412607"><ele>169.33</ele><time>2024-09-03T18:45:39Z</time></trkpt><trkpt lat="43.39946606" lon="-5.82414795"><ele>169.33</ele><time>2024-09-03T18:45:40Z</time></trkpt><trkpt lat="43.39947244" lon="-5.82416983"><ele>169.33</ele><time>2024-09-03T18:45:41Z</time></trkpt><trkpt lat="43.39947882" lon="-5.82419171"><ele>169.33</ele><time>2024-09-03T18:45:42Z</time></trkpt><trkpt lat="43.39948520" lon="-5.82421359"><ele>169.33</ele><time>2024-09-03T18:45:43Z</time></trkpt><trkpt lat="43.39949158" lon="-5.82423547"><ele>169.33</ele><time>2024-09-03T18:45:44Z</time></trkpt><trkpt lat="43.39949796" lon="-5.82425735"><ele>169.33</ele><time>2024-09-03T18:45:45Z</time></trkpt><trkpt lat="43.39950434" lon="-5.82427923"><ele>169.33</ele><time>2024-09-03T18:45:46Z</time></trkpt><trkpt lat="43.39951072" lon="-5.82430111"><ele>169.33</ele><time>2024-09-03T18:45:47Z</time></trkpt><trkpt lat="43.39951710" lon="-5.82432299"><ele>169.33</ele><time>2024-09-03T18:45:48Z</time></trkpt><trkpt lat="43.39952348" lon="-5.82434487"><ele>169.33</ele><time>2024-09-03T18:45:49Z</time></trkpt><trkpt lat="43.39952986" lon="-5.82436675"><ele>169.33</ele><time>2024-09-03T18:45:50Z</time></trkpt><trkpt lat="43.39953650" lon="-5.82438815"><ele>169.33</ele><time>2024-09-03T18:45:51Z</time></trkpt><trkpt lat="43.39954333" lon="-5.82440923"><ele>169.33</ele><time>2024-09-03T18:45:52Z</time></trkpt><trkpt lat="43.39955029" lon="-5.82443007"><ele>169.33</ele><time>2024-09-03T18:45:53Z</time></trkpt><trkpt lat="43.39955734" lon="-5.82445075"><ele>169.33</ele><time>2024-09-03T18:45:54Z</time></trkpt><trkpt lat="43.39956445" lon="-5.82447132"><ele>169.33</ele><time>2024-09-03T18:45:55Z</time></trkpt><trkpt lat="43.39957161" lon="-5.82449181"><ele>169.33</ele><time>2024-09-03T18:45:56Z</time></trkpt><trkpt lat="43.39957880" lon="-5.82451224"><ele>169.33</ele><time>2024-09-03T18:45:57Z</time></trkpt><trkpt lat="43.39958601" lon="-5.82453264"><ele>169.33</ele><time>2024-09-03T18:45:58Z</time></trkpt><trkpt lat="43.39959324" lon="-5.82455300"><ele>169.33</ele><time>2024-09-03T18:45:59Z</time></trkpt><trkpt lat="43.39960047" lon="-5.82457335"><ele>169.33</ele><time>2024-09-03T18:46:00Z</time></trkpt><trkpt lat="43.39960772" lon="-5.82459369"><ele>169.33</ele><time>2024-09-03T18:46:01Z</time></trkpt><trkpt lat="43.39961497" lon="-5.82461401"><ele>169.33</ele><time>2024-09-03T18:46:02Z</time></trkpt><trkpt lat="43.39962222" lon="-5.82463433"><ele>169.33</ele><time>2024-09-03T18:46:03Z</time></trkpt><trkpt lat="43.39962947" lon="-5.82465464"><ele>169.33</ele><time>2024-09-03T18:46:04Z</time></trkpt><trkpt lat="43.39963673" lon="-5.82467495"><ele>169.33</ele><time>2024-09-03T18:46:05Z</time></trkpt><trkpt lat="43.39964399" lon="-5.82469526"><ele>169.33</ele><time>2024-09-03T18:46:06Z</time></trkpt><trkpt lat="43.39965125" lon="-5.82471557"><ele>169.33</ele><time>2024-09-03T18:46:07Z</time></trkpt><trkpt lat="43.39965851" lon="-5.82473588"><ele>169.33</ele><time>2024-09-03T18:46:08Z</time></trkpt><trkpt lat="43.39966577" lon="-5.82475618"><ele>169.33</ele><time>2024-09-03T18:46:09Z</time></trkpt><trkpt lat="43.39967303" lon="-5.82477649"><ele>169.33</ele><time>2024-09-03T18:46:10Z</time></trkpt><trkpt lat="43.39968029" lon="-5.82479679"><ele>169.33</ele><time>2024-09-03T18:46:11Z</time></trkpt><trkpt lat="43.39968756" lon="-5.82481709"><ele>169.33</ele><time>2024-09-03T18:46:12Z</time></trkpt><trkpt lat="43.39969581" lon="-5.82483639"><ele>169.31</ele><time>2024-09-03T18:46:13Z</time></trkpt><trkpt lat="43.39970476" lon="-5.82485499"><ele>169.27</ele><time>2024-09-03T18:46:14Z</time></trkpt><trkpt lat="43.39971420" lon="-5.82487310"><ele>169.23</ele><time>2024-09-03T18:46:15Z</time></trkpt><trkpt lat="43.39972399" lon="-5.82489086"><ele>169.18</ele><time>2024-09-03T18:46:16Z</time></trkpt><trkpt lat="43.39973401" lon="-5.82490838"><ele>169.12</ele><time>2024-09-03T18:46:17Z</time></trkpt><trkpt lat="43.39974419" lon="-5.82492574"><ele>169.06</ele><time>2024-09-03T18:46:18Z</time></trkpt><trkpt lat="43.39975450" lon="-5.82494297"><ele>169.00</ele><time>2024-09-03T18:46:19Z</time></trkpt><trkpt lat="43.39976488" lon="-5.82496012"><ele>168.93</ele><time>2024-09-03T18:46:20Z</time></trkpt><trkpt lat="43.39977533" lon="-5.82497722"><ele>168.87</ele><time>2024-09-03T18:46:21Z</time></trkpt><trkpt lat="43.39978581" lon="-5.82499427"><ele>168.80</ele><time>2024-09-03T18:46:22Z</time></trkpt><trkpt lat="43.39979632" lon="-5.82501130"><ele>168.73</ele><time>2024-09-03T18:46:23Z</time></trkpt><trkpt lat="43.39980685" lon="-5.82502830"><ele>168.66</ele><time>2024-09-03T18:46:24Z</time></trkpt><trkpt lat="43.39981740" lon="-5.82504529"><ele>168.60</ele><time>2024-09-03T18:46:25Z</time></trkpt><trkpt lat="43.39982795" lon="-5.82506228"><ele>168.53</ele><time>2024-09-03T18:46:26Z</time></trkpt><trkpt lat="43.39983851" lon="-5.82507925"><ele>168.46</ele><time>2024-09-03T18:46:27Z</time></trkpt><trkpt lat="43.39984908" lon="-5.82509622"><ele>168.39</ele><time>2024-09-03T18:46:28Z</time></trkpt><trkpt lat="43.39985965" lon="-5.82511319"><ele>168.32</ele><time>2024-09-03T18:46:29Z</time></trkpt><trkpt lat="43.39987022" lon="-5.82513015"><ele>168.26</ele><time>2024-09-03T18:46:30Z</time></trkpt><trkpt lat="43.39988079" lon="-5.82514712"><ele>168.19</ele><time>2024-09-03T18:46:31Z</time></trkpt><trkpt lat="43.39989137" lon="-5.82516408"><ele>168.12</ele><time>2024-09-03T18:46:32Z</time></trkpt><trkpt lat="43.39990194" lon="-5.82518104"><ele>168.05</ele><time>2024-09-03T18:46:33Z</time></trkpt><trkpt lat="43.39991270" lon="-5.82519843"><ele>168.02</ele><time>2024-09-03T18:46:34Z</time></trkpt><trkpt lat="43.39992358" lon="-5.82521613"><ele>168.02</ele><time>2024-09-03T18:46:35Z</time></trkpt><trkpt lat="43.39993456" lon="-5.82523404"><ele>168.04</ele><time>2024-09-03T18:46:36Z</time></trkpt><trkpt lat="43.39994559" lon="-5.82525210"><ele>168.07</ele><time>2024-09-03T18:46:37Z</time></trkpt><trkpt lat="43.39995667" lon="-5.82527026"><ele>168.11</ele><time>2024-09-03T18:46:38Z</time></trkpt><trkpt lat="43.39996778" lon="-5.82528849"><ele>168.16</ele><time>2024-09-03T18:46:39Z</time></trkpt><trkpt lat="43.39997891" lon="-5.82530678"><ele>168.21</ele><time>2024-09-03T18:46:40Z</time></trkpt><trkpt lat="43.39999006" lon="-5.82532510"><ele>168.26</ele><time>2024-09-03T18:46:41Z</time></trkpt><trkpt lat="43.40000121" lon="-5.82534344"><ele>168.32</ele><time>2024-09-03T18:46:42Z</time></trkpt><trkpt lat="43.40001238" lon="-5.82536181"><ele>168.38</ele><time>2024-09-03T18:46:43Z</time></trkpt><trkpt lat="43.40002355" lon="-5.82538018"><ele>168.44</ele><time>2024-09-03T18:46:44Z</time></trkpt><trkpt lat="43.40003472" lon="-5.82539857"><ele>168.50</ele><time>2024-09-03T18:46:45Z</time></trkpt><trkpt lat="43.40004589" lon="-5.82541696"><ele>168.56</ele><time>2024-09-03T18:46:46Z</time></trkpt><trkpt lat="43.40005707" lon="-5.82543535"><ele>168.62</ele><time>2024-09-03T18:46:47Z</time></trkpt><trkpt lat="43.40006825" lon="-5.82545375"><ele>168.68</ele><time>2024-09-03T18:46:48Z</time></trkpt><trkpt lat="43.40007943" lon="-5.82547215"><ele>168.75</ele><time>2024-09-03T18:46:49Z</time></trkpt><trkpt lat="43.40009061" lon="-5.82549055"><ele>168.81</ele><time>2024-09-03T18:46:50Z</time></trkpt><trkpt lat="43.40010179" lon="-5.82550895"><ele>168.87</ele><time>2024-09-03T18:46:51Z</time></trkpt><trkpt lat="43.40011297" lon="-5.82552735"><ele>168.93</ele><time>2024-09-03T18:46:52Z</time></trkpt><trkpt lat="43.40012415" lon="-5.82554575"><ele>169.00</ele><time>2024-09-03T18:46:53Z</time></trkpt><trkpt lat="43.40013533" lon="-5.82556415"><ele>169.06</ele><time>2024-09-03T18:46:54Z</time></trkpt><trkpt lat="43.40014651" lon="-5.82558256"><ele>169.12</ele><time>2024-09-03T18:46:55Z</time></trkpt><trkpt lat="43.40015769" lon="-5.82560096"><ele>169.18</ele><time>2024-09-03T18:46:56Z</time></trkpt><trkpt lat="43.40016880" lon="-5.82561845"><ele>169.24</ele><time>2024-09-03T18:46:57Z</time></trkpt><trkpt lat="43.40017987" lon="-5.82563529"><ele>169.30</ele><time>2024-09-03T18:46:58Z</time></trkpt><trkpt lat="43.40019090" lon="-5.82565168"><ele>169.36</ele><time>2024-09-03T18:46:59Z</time></trkpt><trkpt lat="43.40020191" lon="-5.82566776"><ele>169.41</ele><time>2024-09-03T18:47:00Z</time></trkpt><trkpt lat="43.40021291" lon="-5.82568362"><ele>169.47</ele><time>2024-09-03T18:47:01Z</time></trkpt><trkpt lat="43.40022389" lon="-5.82569932"><ele>169.52</ele><time>2024-09-03T18:47:02Z</time></trkpt><trkpt lat="43.40023487" lon="-5.82571492"><ele>169.58</ele><time>2024-09-03T18:47:03Z</time></trkpt><trkpt lat="43.40024584" lon="-5.82573044"><ele>169.63</ele><time>2024-09-03T18:47:04Z</time></trkpt><trkpt lat="43.40025680" lon="-5.82574590"><ele>169.68</ele><time>2024-09-03T18:47:05Z</time></trkpt><trkpt lat="43.40026777" lon="-5.82576133"><ele>169.74</ele><time>2024-09-03T18:47:06Z</time></trkpt><trkpt lat="43.40027873" lon="-5.82577674"><ele>169.79</ele><time>2024-09-03T18:47:07Z</time></trkpt><trkpt lat="43.40028969" lon="-5.82579212"><ele>169.85</ele><time>2024-09-03T18:47:08Z</time></trkpt><trkpt lat="43.40030065" lon="-5.82580750"><ele>169.90</ele><time>2024-09-03T18:47:09Z</time></trkpt><trkpt lat="43.40031160" lon="-5.82582286"><ele>169.95</ele><time>2024-09-03T18:47:10Z</time></trkpt><trkpt lat="43.40032256" lon="-5.82583822"><ele>170.01</ele><time>2024-09-03T18:47:11Z</time></trkpt><trkpt lat="43.40033352" lon="-5.82585357"><ele>170.06</ele><time>2024-09-03T18:47:12Z</time></trkpt><trkpt lat="43.40034448" lon="-5.82586892"><ele>170.11</ele><time>2024-09-03T18:47:13Z</time></trkpt><trkpt lat="43.40035544" lon="-5.82588427"><ele>170.17</ele><time>2024-09-03T18:47:14Z</time></trkpt><trkpt lat="43.40036610" lon="-5.82589970"><ele>170.22</ele><time>2024-09-03T18:47:15Z</time></trkpt><trkpt lat="43.40037655" lon="-5.82591518"><ele>170.27</ele><time>2024-09-03T18:47:16Z</time></trkpt><trkpt lat="43.40038687" lon="-5.82593070"><ele>170.33</ele><time>2024-09-03T18:47:17Z</time></trkpt><trkpt lat="43.40039708" lon="-5.82594625"><ele>170.38</ele><time>2024-09-03T18:47:18Z</time></trkpt><trkpt lat="43.40040722" lon="-5.82596181"><ele>170.43</ele><time>2024-09-03T18:47:19Z</time></trkpt><trkpt lat="43.40041731" lon="-5.82597739"><ele>170.49</ele><time>2024-09-03T18:47:20Z</time></trkpt><trkpt lat="43.40042736" lon="-5.82599298"><ele>170.54</ele><time>2024-09-03T18:47:21Z</time></trkpt><trkpt lat="43.40043739" lon="-5.82600857"><ele>170.59</ele><time>2024-09-03T18:47:22Z</time></trkpt><trkpt lat="43.40044741" lon="-5.82602417"><ele>170.65</ele><time>2024-09-03T18:47:23Z</time></trkpt><trkpt lat="43.40045741" lon="-5.82603977"><ele>170.70</ele><time>2024-09-03T18:47:24Z</time></trkpt><trkpt lat="43.40046740" lon="-5.82605538"><ele>170.75</ele><time>2024-09-03T18:47:25Z</time></trkpt><trkpt lat="43.40047739" lon="-5.82607098"><ele>170.81</ele><time>2024-09-03T18:47:26Z</time></trkpt><trkpt lat="43.40048737" lon="-5.82608659"><ele>170.86</ele><time>2024-09-03T18:47:27Z</time></trkpt><trkpt lat="43.40049736" lon="-5.82610220"><ele>170.91</ele><time>2024-09-03T18:47:28Z</time></trkpt><trkpt lat="43.40050733" lon="-5.82611780"><ele>170.97</ele><time>2024-09-03T18:47:29Z</time></trkpt><trkpt lat="43.40051731" lon="-5.82613341"><ele>171.02</ele><time>2024-09-03T18:47:30Z</time></trkpt><trkpt lat="43.40052729" lon="-5.82614902"><ele>171.07</ele><time>2024-09-03T18:47:31Z</time></trkpt><trkpt lat="43.40053727" lon="-5.82616463"><ele>171.13</ele><time>2024-09-03T18:47:32Z</time></trkpt><trkpt lat="43.40054819" lon="-5.82617958"><ele>171.19</ele><time>2024-09-03T18:47:33Z</time></trkpt><trkpt lat="43.40055979" lon="-5.82619406"><ele>171.27</ele><time>2024-09-03T18:47:34Z</time></trkpt><trkpt lat="43.40057186" lon="-5.82620822"><ele>171.36</ele><time>2024-09-03T18:47:35Z</time></trkpt><trkpt lat="43.40058425" lon="-5.82622216"><ele>171.45</ele><time>2024-09-03T18:47:36Z</time></trkpt><trkpt lat="43.40059687" lon="-5.82623593"><ele>171.54</ele><time>2024-09-03T18:47:37Z</time></trkpt><trkpt lat="43.40060965" lon="-5.82624959"><ele>171.64</ele><time>2024-09-03T18:47:38Z</time></trkpt><trkpt lat="43.40062254" lon="-5.82626318"><ele>171.74</ele><time>2024-09-03T18:47:39Z</time></trkpt><trkpt lat="43.40063551" lon="-5.82627671"><ele>171.84</ele><time>2024-09-03T18:47:40Z</time></trkpt><trkpt lat="43.40064853" lon="-5.82629021"><ele>171.94</ele><time>2024-09-03T18:47:41Z</time></trkpt><trkpt lat="43.40066160" lon="-5.82630367"><ele>172.04</ele><time>2024-09-03T18:47:42Z</time></trkpt><trkpt lat="43.40067469" lon="-5.82631712"><ele>172.14</ele><time>2024-09-03T18:47:43Z</time></trkpt><trkpt lat="43.40068780" lon="-5.82633056"><ele>172.25</ele><time>2024-09-03T18:47:44Z</time></trkpt><trkpt lat="43.40070092" lon="-5.82634399"><ele>172.35</ele><time>2024-09-03T18:47:45Z</time></trkpt><trkpt lat="43.40071405" lon="-5.82635741"><ele>172.45</ele><time>2024-09-03T18:47:46Z</time></trkpt><trkpt lat="43.40072294" lon="-5.82637007"><ele>172.52</ele><time>2024-09-03T18:47:47Z</time></trkpt><trkpt lat="43.40072886" lon="-5.82638220"><ele>172.57</ele><time>2024-09-03T18:47:48Z</time></trkpt><trkpt lat="43.40073090" lon="-5.82639454"><ele>172.66</ele><time>2024-09-03T18:47:49Z</time></trkpt><trkpt lat="43.40073021" lon="-5.82640703"><ele>172.78</ele><time>2024-09-03T18:47:50Z</time></trkpt><trkpt lat="43.40072762" lon="-5.82641962"><ele>172.91</ele><time>2024-09-03T18:47:51Z</time></trkpt><trkpt lat="43.40072370" lon="-5.82643228"><ele>173.06</ele><time>2024-09-03T18:47:52Z</time></trkpt><trkpt lat="43.40071884" lon="-5.82644500"><ele>173.22</ele><time>2024-09-03T18:47:53Z</time></trkpt><trkpt lat="43.40071333" lon="-5.82645774"><ele>173.39</ele><time>2024-09-03T18:47:54Z</time></trkpt><trkpt lat="43.40070736" lon="-5.82647052"><ele>173.56</ele><time>2024-09-03T18:47:55Z</time></trkpt><trkpt lat="43.40070107" lon="-5.82648331"><ele>173.73</ele><time>2024-09-03T18:47:56Z</time></trkpt><trkpt lat="43.40069456" lon="-5.82649611"><ele>173.91</ele><time>2024-09-03T18:47:57Z</time></trkpt><trkpt lat="43.40068789" lon="-5.82650892"><ele>174.08</ele><time>2024-09-03T18:47:58Z</time></trkpt><trkpt lat="43.40068111" lon="-5.82652173"><ele>174.26</ele><time>2024-09-03T18:47:59Z</time></trkpt><trkpt lat="43.40067425" lon="-5.82653455"><ele>174.44</ele><time>2024-09-03T18:48:00Z</time></trkpt><trkpt lat="43.40066734" lon="-5.82654738"><ele>174.62</ele><time>2024-09-03T18:48:01Z</time></trkpt><trkpt lat="43.40066040" lon="-5.82656020"><ele>174.80</ele><time>2024-09-03T18:48:02Z</time></trkpt><trkpt lat="43.40065342" lon="-5.82657303"><ele>174.98</ele><time>2024-09-03T18:48:03Z</time></trkpt><trkpt lat="43.40064643" lon="-5.82658585"><ele>175.16</ele><time>2024-09-03T18:48:04Z</time></trkpt><trkpt lat="43.40063832" lon="-5.82659241"><ele>175.29</ele><time>2024-09-03T18:48:05Z</time></trkpt><trkpt lat="43.40062944" lon="-5.82659458"><ele>175.37</ele><time>2024-09-03T18:48:06Z</time></trkpt><trkpt lat="43.40062001" lon="-5.82659368"><ele>175.44</ele><time>2024-09-03T18:48:07Z</time></trkpt><trkpt lat="43.40061020" lon="-5.82659062"><ele>175.48</ele><time>2024-09-03T18:48:08Z</time></trkpt><trkpt lat="43.40060012" lon="-5.82658606"><ele>175.51</ele><time>2024-09-03T18:48:09Z</time></trkpt><trkpt lat="43.40058985" lon="-5.82658045"><ele>175.53</ele><time>2024-09-03T18:48:10Z</time></trkpt><trkpt lat="43.40057946" lon="-5.82657409"><ele>175.55</ele><time>2024-09-03T18:48:11Z</time></trkpt><trkpt lat="43.40056897" lon="-5.82656723"><ele>175.56</ele><time>2024-09-03T18:48:12Z</time></trkpt><trkpt lat="43.40055841" lon="-5.82656000"><ele>175.56</ele><time>2024-09-03T18:48:13Z</time></trkpt><trkpt lat="43.40054782" lon="-5.82655251"><ele>175.57</ele><time>2024-09-03T18:48:14Z</time></trkpt><trkpt lat="43.40053719" lon="-5.82654485"><ele>175.57</ele><time>2024-09-03T18:48:15Z</time></trkpt><trkpt lat="43.40052654" lon="-5.82653707"><ele>175.57</ele><time>2024-09-03T18:48:16Z</time></trkpt><trkpt lat="43.40051587" lon="-5.82652920"><ele>175.58</ele><time>2024-09-03T18:48:17Z</time></trkpt><trkpt lat="43.40050519" lon="-5.82652127"><ele>175.58</ele><time>2024-09-03T18:48:18Z</time></trkpt><trkpt lat="43.40049451" lon="-5.82651329"><ele>175.58</ele><time>2024-09-03T18:48:19Z</time></trkpt><trkpt lat="43.40048382" lon="-5.82650529"><ele>175.58</ele><time>2024-09-03T18:48:20Z</time></trkpt><trkpt lat="43.40047312" lon="-5.82649727"><ele>175.58</ele><time>2024-09-03T18:48:21Z</time></trkpt><trkpt lat="43.40046243" lon="-5.82648923"><ele>175.58</ele><time>2024-09-03T18:48:22Z</time></trkpt><trkpt lat="43.40045173" lon="-5.82648118"><ele>175.58</ele><time>2024-09-03T18:48:23Z</time></trkpt><trkpt lat="43.40044040" lon="-5.82647243"><ele>175.60</ele><time>2024-09-03T18:48:24Z</time></trkpt><trkpt lat="43.40042862" lon="-5.82646320"><ele>175.63</ele><time>2024-09-03T18:48:25Z</time></trkpt><trkpt lat="43.40041653" lon="-5.82645362"><ele>175.66</ele><time>2024-09-03T18:48:26Z</time></trkpt><trkpt lat="43.40040422" lon="-5.82644380"><ele>175.71</ele><time>2024-09-03T18:48:27Z</time></trkpt><trkpt lat="43.40039177" lon="-5.82643382"><ele>175.75</ele><time>2024-09-03T18:48:28Z</time></trkpt><trkpt lat="43.40037920" lon="-5.82642372"><ele>175.80</ele><time>2024-09-03T18:48:29Z</time></trkpt><trkpt lat="43.40036656" lon="-5.82641354"><ele>175.85</ele><time>2024-09-03T18:48:30Z</time></trkpt><trkpt lat="43.40035387" lon="-5.82640330"><ele>175.91</ele><time>2024-09-03T18:48:31Z</time></trkpt><trkpt lat="43.40034114" lon="-5.82639302"><ele>175.96</ele><time>2024-09-03T18:48:32Z</time></trkpt><trkpt lat="43.40032838" lon="-5.82638271"><ele>176.02</ele><time>2024-09-03T18:48:33Z</time></trkpt><trkpt lat="43.40031561" lon="-5.82637238"><ele>176.07</ele><time>2024-09-03T18:48:34Z</time></trkpt><trkpt lat="43.40030283" lon="-5.82636204"><ele>176.13</ele><time>2024-09-03T18:48:35Z</time></trkpt><trkpt lat="43.40029003" lon="-5.82635169"><ele>176.18</ele><time>2024-09-03T18:48:36Z</time></trkpt><trkpt lat="43.40027723" lon="-5.82634133"><ele>176.24</ele><time>2024-09-03T18:48:37Z</time></trkpt><trkpt lat="43.40026443" lon="-5.82633097"><ele>176.30</ele><time>2024-09-03T18:48:38Z</time></trkpt><trkpt lat="43.40025162" lon="-5.82632060"><ele>176.35</ele><time>2024-09-03T18:48:39Z</time></trkpt><trkpt lat="43.40023881" lon="-5.82631023"><ele>176.41</ele><time>2024-09-03T18:48:40Z</time></trkpt><trkpt lat="43.40022546" lon="-5.82629965"><ele>176.45</ele><time>2024-09-03T18:48:41Z</time></trkpt><trkpt lat="43.40021174" lon="-5.82628893"><ele>176.48</ele><time>2024-09-03T18:48:42Z</time></trkpt><trkpt lat="43.40019775" lon="-5.82627810"><ele>176.49</ele><time>2024-09-03T18:48:43Z</time></trkpt><trkpt lat="43.40018358" lon="-5.82626719"><ele>176.51</ele><time>2024-09-03T18:48:44Z</time></trkpt><trkpt lat="43.40016928" lon="-5.82625624"><ele>176.52</ele><time>2024-09-03T18:48:45Z</time></trkpt><trkpt lat="43.40015489" lon="-5.82624525"><ele>176.52</ele><time>2024-09-03T18:48:46Z</time></trkpt><trkpt lat="43.40014044" lon="-5.82623423"><ele>176.53</ele><time>2024-09-03T18:48:47Z</time></trkpt><trkpt lat="43.40012594" lon="-5.82622320"><ele>176.53</ele><time>2024-09-03T18:48:48Z</time></trkpt><trkpt lat="43.40011141" lon="-5.82621216"><ele>176.53</ele><time>2024-09-03T18:48:49Z</time></trkpt><trkpt lat="43.40009686" lon="-5.82620110"><ele>176.54</ele><time>2024-09-03T18:48:50Z</time></trkpt><trkpt lat="43.40008230" lon="-5.82619005"><ele>176.54</ele><time>2024-09-03T18:48:51Z</time></trkpt><trkpt lat="43.40006772" lon="-5.82617898"><ele>176.54</ele><time>2024-09-03T18:48:52Z</time></trkpt><trkpt lat="43.40005313" lon="-5.82616792"><ele>176.54</ele><time>2024-09-03T18:48:53Z</time></trkpt><trkpt lat="43.40003855" lon="-5.82615685"><ele>176.54</ele><time>2024-09-03T18:48:54Z</time></trkpt><trkpt lat="43.40002395" lon="-5.82614578"><ele>176.54</ele><time>2024-09-03T18:48:55Z</time></trkpt><trkpt lat="43.40000936" lon="-5.82613471"><ele>176.54</ele><time>2024-09-03T18:48:56Z</time></trkpt><trkpt lat="43.39999476" lon="-5.82612364"><ele>176.54</ele><time>2024-09-03T18:48:57Z</time></trkpt><trkpt lat="43.39998016" lon="-5.82611257"><ele>176.54</ele><time>2024-09-03T18:48:58Z</time></trkpt><trkpt lat="43.39996556" lon="-5.82610150"><ele>176.54</ele><time>2024-09-03T18:48:59Z</time></trkpt><trkpt lat="43.39995096" lon="-5.82609042"><ele>176.54</ele><time>2024-09-03T18:49:00Z</time></trkpt><trkpt lat="43.39993618" lon="-5.82607929"><ele>176.54</ele><time>2024-09-03T18:49:01Z</time></trkpt><trkpt lat="43.39992127" lon="-5.82606812"><ele>176.54</ele><time>2024-09-03T18:49:02Z</time></trkpt><trkpt lat="43.39990627" lon="-5.82605691"><ele>176.54</ele><time>2024-09-03T18:49:03Z</time></trkpt><trkpt lat="43.39989121" lon="-5.82604569"><ele>176.54</ele><time>2024-09-03T18:49:04Z</time></trkpt><trkpt lat="43.39987610" lon="-5.82603445"><ele>176.54</ele><time>2024-09-03T18:49:05Z</time></trkpt><trkpt lat="43.39986096" lon="-5.82602320"><ele>176.54</ele><time>2024-09-03T18:49:06Z</time></trkpt><trkpt lat="43.39984580" lon="-5.82601194"><ele>176.54</ele><time>2024-09-03T18:49:07Z</time></trkpt><trkpt lat="43.39983063" lon="-5.82600068"><ele>176.54</ele><time>2024-09-03T18:49:08Z</time></trkpt><trkpt lat="43.39981544" lon="-5.82598941"><ele>176.54</ele><time>2024-09-03T18:49:09Z</time></trkpt><trkpt lat="43.39980025" lon="-5.82597815"><ele>176.54</ele><time>2024-09-03T18:49:10Z</time></trkpt><trkpt lat="43.39978505" lon="-5.82596688"><ele>176.54</ele><time>2024-09-03T18:49:11Z</time></trkpt><trkpt lat="43.39976985" lon="-5.82595561"><ele>176.54</ele><time>2024-09-03T18:49:12Z</time></trkpt><trkpt lat="43.39975465" lon="-5.82594433"><ele>176.54</ele><time>2024-09-03T18:49:13Z</time></trkpt><trkpt lat="43.39973944" lon="-5.82593306"><ele>176.54</ele><time>2024-09-03T18:49:14Z</time></trkpt><trkpt lat="43.39972424" lon="-5.82592179"><ele>176.54</ele><time>2024-09-03T18:49:15Z</time></trkpt><trkpt lat="43.39970903" lon="-5.82591052"><ele>176.54</ele><time>2024-09-03T18:49:16Z</time></trkpt><trkpt lat="43.39969382" lon="-5.82589924"><ele>176.54</ele><time>2024-09-03T18:49:17Z</time></trkpt><trkpt lat="43.39967861" lon="-5.82588797"><ele>176.54</ele><time>2024-09-03T18:49:18Z</time></trkpt><trkpt lat="43.39966341" lon="-5.82587670"><ele>176.54</ele><time>2024-09-03T18:49:19Z</time></trkpt><trkpt lat="43.39964820" lon="-5.82586542"><ele>176.54</ele><time>2024-09-03T18:49:20Z</time></trkpt><trkpt lat="43.39963299" lon="-5.82585415"><ele>176.54</ele><time>2024-09-03T18:49:21Z</time></trkpt><trkpt lat="43.39961778" lon="-5.82584287"><ele>176.54</ele><time>2024-09-03T18:49:22Z</time></trkpt><trkpt lat="43.39960251" lon="-5.82583197"><ele>176.50</ele><time>2024-09-03T18:49:23Z</time></trkpt><trkpt lat="43.39958720" lon="-5.82582132"><ele>176.44</ele><time>2024-09-03T18:49:24Z</time></trkpt><trkpt lat="43.39957185" lon="-5.82581085"><ele>176.36</ele><time>2024-09-03T18:49:25Z</time></trkpt><trkpt lat="43.39955649" lon="-5.82580051"><ele>176.27</ele><time>2024-09-03T18:49:26Z</time></trkpt><trkpt lat="43.39954111" lon="-5.82579026"><ele>176.17</ele><time>2024-09-03T18:49:27Z</time></trkpt><trkpt lat="43.39952572" lon="-5.82578006"><ele>176.07</ele><time>2024-09-03T18:49:28Z</time></trkpt><trkpt lat="43.39951033" lon="-5.82576992"><ele>175.96</ele><time>2024-09-03T18:49:29Z</time></trkpt><trkpt lat="43.39949493" lon="-5.82575980"><ele>175.84</ele><time>2024-09-03T18:49:30Z</time></trkpt><trkpt lat="43.39947937" lon="-5.82574997"><ele>175.76</ele><time>2024-09-03T18:49:31Z</time></trkpt><trkpt lat="43.39946371" lon="-5.82574034"><ele>175.68</ele><time>2024-09-03T18:49:32Z</time></trkpt><trkpt lat="43.39944797" lon="-5.82573086"><ele>175.62</ele><time>2024-09-03T18:49:33Z</time></trkpt><trkpt lat="43.39943218" lon="-5.82572147"><ele>175.57</ele><time>2024-09-03T18:49:34Z</time></trkpt><trkpt lat="43.39941635" lon="-5.82571216"><ele>175.53</ele><time>2024-09-03T18:49:35Z</time></trkpt><trkpt lat="43.39940050" lon="-5.82570289"><ele>175.48</ele><time>2024-09-03T18:49:36Z</time></trkpt><trkpt lat="43.39938463" lon="-5.82569366"><ele>175.45</ele><time>2024-09-03T18:49:37Z</time></trkpt><trkpt lat="43.39936874" lon="-5.82568445"><ele>175.41</ele><time>2024-09-03T18:49:38Z</time></trkpt><trkpt lat="43.39935285" lon="-5.82567526"><ele>175.37</ele><time>2024-09-03T18:49:39Z</time></trkpt><trkpt lat="43.39933695" lon="-5.82566608"><ele>175.34</ele><time>2024-09-03T18:49:40Z</time></trkpt><trkpt lat="43.39932104" lon="-5.82565691"><ele>175.31</ele><time>2024-09-03T18:49:41Z</time></trkpt><trkpt lat="43.39930514" lon="-5.82564774"><ele>175.27</ele><time>2024-09-03T18:49:42Z</time></trkpt><trkpt lat="43.39928923" lon="-5.82563858"><ele>175.24</ele><time>2024-09-03T18:49:43Z</time></trkpt><trkpt lat="43.39927332" lon="-5.82562942"><ele>175.21</ele><time>2024-09-03T18:49:44Z</time></trkpt><trkpt lat="43.39925740" lon="-5.82562026"><ele>175.18</ele><time>2024-09-03T18:49:45Z</time></trkpt><trkpt lat="43.39924180" lon="-5.82561085"><ele>175.15</ele><time>2024-09-03T18:49:46Z</time></trkpt><trkpt lat="43.39922642" lon="-5.82560126"><ele>175.14</ele><time>2024-09-03T18:49:47Z</time></trkpt><trkpt lat="43.39921119" lon="-5.82559154"><ele>175.13</ele><time>2024-09-03T18:49:48Z</time></trkpt><trkpt lat="43.39919606" lon="-5.82558174"><ele>175.12</ele><time>2024-09-03T18:49:49Z</time></trkpt><trkpt lat="43.39918101" lon="-5.82557188"><ele>175.11</ele><time>2024-09-03T18:49:50Z</time></trkpt><trkpt lat="43.39916601" lon="-5.82556198"><ele>175.11</ele><time>2024-09-03T18:49:51Z</time></trkpt><trkpt lat="43.39915105" lon="-5.82555204"><ele>175.11</ele><time>2024-09-03T18:49:52Z</time></trkpt><trkpt lat="43.39913612" lon="-5.82554208"><ele>175.10</ele><time>2024-09-03T18:49:53Z</time></trkpt><trkpt lat="43.39912120" lon="-5.82553211"><ele>175.10</ele><time>2024-09-03T18:49:54Z</time></trkpt><trkpt lat="43.39910629" lon="-5.82552213"><ele>175.10</ele><time>2024-09-03T18:49:55Z</time></trkpt><trkpt lat="43.39909140" lon="-5.82551215"><ele>175.10</ele><time>2024-09-03T18:49:56Z</time></trkpt><trkpt lat="43.39907651" lon="-5.82550215"><ele>175.10</ele><time>2024-09-03T18:49:57Z</time></trkpt><trkpt lat="43.39906162" lon="-5.82549216"><ele>175.10</ele><time>2024-09-03T18:49:58Z</time></trkpt><trkpt lat="43.39904674" lon="-5.82548216"><ele>175.10</ele><time>2024-09-03T18:49:59Z</time></trkpt><trkpt lat="43.39903186" lon="-5.82547216"><ele>175.10</ele><time>2024-09-03T18:50:00Z</time></trkpt><trkpt lat="43.39901698" lon="-5.82546216"><ele>175.10</ele><time>2024-09-03T18:50:01Z</time></trkpt><trkpt lat="43.39900210" lon="-5.82545215"><ele>175.10</ele><time>2024-09-03T18:50:02Z</time></trkpt><trkpt lat="43.39898722" lon="-5.82544215"><ele>175.10</ele><time>2024-09-03T18:50:03Z</time></trkpt><trkpt lat="43.39897234" lon="-5.82543215"><ele>175.10</ele><time>2024-09-03T18:50:04Z</time></trkpt><trkpt lat="43.39895747" lon="-5.82542214"><ele>175.10</ele><time>2024-09-03T18:50:05Z</time></trkpt><trkpt lat="43.39894259" lon="-5.82541214"><ele>175.10</ele><time>2024-09-03T18:50:06Z</time></trkpt><trkpt lat="43.39892771" lon="-5.82540213"><ele>175.10</ele><time>2024-09-03T18:50:07Z</time></trkpt><trkpt lat="43.39891284" lon="-5.82539213"><ele>175.10</ele><time>2024-09-03T18:50:08Z</time></trkpt><trkpt lat="43.39889796" lon="-5.82538212"><ele>175.10</ele><time>2024-09-03T18:50:09Z</time></trkpt><trkpt lat="43.39888308" lon="-5.82537212"><ele>175.10</ele><time>2024-09-03T18:50:10Z</time></trkpt><trkpt lat="43.39886878" lon="-5.82536285"><ele>175.13</ele><time>2024-09-03T18:50:11Z</time></trkpt><trkpt lat="43.39885489" lon="-5.82535409"><ele>175.17</ele><time>2024-09-03T18:50:12Z</time></trkpt><trkpt lat="43.39884127" lon="-5.82534569"><ele>175.23</ele><time>2024-09-03T18:50:13Z</time></trkpt><trkpt lat="43.39882786" lon="-5.82533755"><ele>175.29</ele><time>2024-09-03T18:50:14Z</time></trkpt><trkpt lat="43.39881458" lon="-5.82532958"><ele>175.37</ele><time>2024-09-03T18:50:15Z</time></trkpt><trkpt lat="43.39880140" lon="-5.82532173"><ele>175.44</ele><time>2024-09-03T18:50:16Z</time></trkpt><trkpt lat="43.39878829" lon="-5.82531397"><ele>175.52</ele><time>2024-09-03T18:50:17Z</time></trkpt><trkpt lat="43.39877523" lon="-5.82530627"><ele>175.61</ele><time>2024-09-03T18:50:18Z</time></trkpt><trkpt lat="43.39876219" lon="-5.82529861"><ele>175.69</ele><time>2024-09-03T18:50:19Z</time></trkpt><trkpt lat="43.39874919" lon="-5.82529099"><ele>175.77</ele><time>2024-09-03T18:50:20Z</time></trkpt><trkpt lat="43.39873619" lon="-5.82528338"><ele>175.86</ele><time>2024-09-03T18:50:21Z</time></trkpt><trkpt lat="43.39872288" lon="-5.82527517"><ele>175.94</ele><time>2024-09-03T18:50:22Z</time></trkpt><trkpt lat="43.39870934" lon="-5.82526654"><ele>176.03</ele><time>2024-09-03T18:50:23Z</time></trkpt><trkpt lat="43.39869564" lon="-5.82525762"><ele>176.11</ele><time>2024-09-03T18:50:24Z</time></trkpt><trkpt lat="43.39868183" lon="-5.82524849"><ele>176.19</ele><time>2024-09-03T18:50:25Z</time></trkpt><trkpt lat="43.39866794" lon="-5.82523922"><ele>176.27</ele><time>2024-09-03T18:50:26Z</time></trkpt><trkpt lat="43.39865400" lon="-5.82522985"><ele>176.35</ele><time>2024-09-03T18:50:27Z</time></trkpt><trkpt lat="43.39864002" lon="-5.82522041"><ele>176.43</ele><time>2024-09-03T18:50:28Z</time></trkpt><trkpt lat="43.39862602" lon="-5.82521091"><ele>176.51</ele><time>2024-09-03T18:50:29Z</time></trkpt><trkpt lat="43.39861199" lon="-5.82520139"><ele>176.59</ele><time>2024-09-03T18:50:30Z</time></trkpt><trkpt lat="43.39859796" lon="-5.82519184"><ele>176.67</ele><time>2024-09-03T18:50:31Z</time></trkpt><trkpt lat="43.39858391" lon="-5.82518227"><ele>176.75</ele><time>2024-09-03T18:50:32Z</time></trkpt><trkpt lat="43.39856986" lon="-5.82517269"><ele>176.83</ele><time>2024-09-03T18:50:33Z</time></trkpt><trkpt lat="43.39855580" lon="-5.82516310"><ele>176.91</ele><time>2024-09-03T18:50:34Z</time></trkpt><trkpt lat="43.39854174" lon="-5.82515351"><ele>176.99</ele><time>2024-09-03T18:50:35Z</time></trkpt><trkpt lat="43.39852768" lon="-5.82514391"><ele>177.07</ele><time>2024-09-03T18:50:36Z</time></trkpt><trkpt lat="43.39851361" lon="-5.82513431"><ele>177.15</ele><time>2024-09-03T18:50:37Z</time></trkpt><trkpt lat="43.39849955" lon="-5.82512470"><ele>177.23</ele><time>2024-09-03T18:50:38Z</time></trkpt><trkpt lat="43.39848548" lon="-5.82511510"><ele>177.31</ele><time>2024-09-03T18:50:39Z</time></trkpt><trkpt lat="43.39847142" lon="-5.82510549"><ele>177.39</ele><time>2024-09-03T18:50:40Z</time></trkpt><trkpt lat="43.39845735" lon="-5.82509589"><ele>177.47</ele><time>2024-09-03T18:50:41Z</time></trkpt><trkpt lat="43.39844328" lon="-5.82508628"><ele>177.55</ele><time>2024-09-03T18:50:42Z</time></trkpt><trkpt lat="43.39842921" lon="-5.82507667"><ele>177.63</ele><time>2024-09-03T18:50:43Z</time></trkpt><trkpt lat="43.39841515" lon="-5.82506707"><ele>177.71</ele><time>2024-09-03T18:50:44Z</time></trkpt><trkpt lat="43.39840108" lon="-5.82505746"><ele>177.79</ele><time>2024-09-03T18:50:45Z</time></trkpt><trkpt lat="43.39838646" lon="-5.82505005"><ele>177.87</ele><time>2024-09-03T18:50:46Z</time></trkpt><trkpt lat="43.39837144" lon="-5.82504418"><ele>177.95</ele><time>2024-09-03T18:50:47Z</time></trkpt><trkpt lat="43.39835615" lon="-5.82503939"><ele>178.02</ele><time>2024-09-03T18:50:48Z</time></trkpt><trkpt lat="43.39834067" lon="-5.82503535"><ele>178.10</ele><time>2024-09-03T18:50:49Z</time></trkpt><trkpt lat="43.39832506" lon="-5.82503184"><ele>178.17</ele><time>2024-09-03T18:50:50Z</time></trkpt><trkpt lat="43.39830935" lon="-5.82502869"><ele>178.24</ele><time>2024-09-03T18:50:51Z</time></trkpt><trkpt lat="43.39829358" lon="-5.82502581"><ele>178.31</ele><time>2024-09-03T18:50:52Z</time></trkpt><trkpt lat="43.39827776" lon="-5.82502311"><ele>178.39</ele><time>2024-09-03T18:50:53Z</time></trkpt><trkpt lat="43.39826191" lon="-5.82502053"><ele>178.46</ele><time>2024-09-03T18:50:54Z</time></trkpt><trkpt lat="43.39824604" lon="-5.82501805"><ele>178.53</ele><time>2024-09-03T18:50:55Z</time></trkpt><trkpt lat="43.39823015" lon="-5.82501562"><ele>178.60</ele><time>2024-09-03T18:50:56Z</time></trkpt><trkpt lat="43.39821425" lon="-5.82501324"><ele>178.68</ele><time>2024-09-03T18:50:57Z</time></trkpt><trkpt lat="43.39819834" lon="-5.82501089"><ele>178.75</ele><time>2024-09-03T18:50:58Z</time></trkpt><trkpt lat="43.39818243" lon="-5.82500856"><ele>178.82</ele><time>2024-09-03T18:50:59Z</time></trkpt><trkpt lat="43.39816651" lon="-5.82500624"><ele>178.89</ele><time>2024-09-03T18:51:00Z</time></trkpt><trkpt lat="43.39815059" lon="-5.82500394"><ele>178.96</ele><time>2024-09-03T18:51:01Z</time></trkpt><trkpt lat="43.39813467" lon="-5.82500164"><ele>179.04</ele><time>2024-09-03T18:51:02Z</time></trkpt><trkpt lat="43.39811875" lon="-5.82499935"><ele>179.11</ele><time>2024-09-03T18:51:03Z</time></trkpt><trkpt lat="43.39810282" lon="-5.82499706"><ele>179.18</ele><time>2024-09-03T18:51:04Z</time></trkpt><trkpt lat="43.39808690" lon="-5.82499478"><ele>179.25</ele><time>2024-09-03T18:51:05Z</time></trkpt><trkpt lat="43.39807081" lon="-5.82499458"><ele>179.31</ele><time>2024-09-03T18:51:06Z</time></trkpt><trkpt lat="43.39805461" lon="-5.82499586"><ele>179.37</ele><time>2024-09-03T18:51:07Z</time></trkpt><trkpt lat="43.39803833" lon="-5.82499815"><ele>179.42</ele><time>2024-09-03T18:51:08Z</time></trkpt><trkpt lat="43.39802199" lon="-5.82500117"><ele>179.47</ele><time>2024-09-03T18:51:09Z</time></trkpt><trkpt lat="43.39800561" lon="-5.82500469"><ele>179.52</ele><time>2024-09-03T18:51:10Z</time></trkpt><trkpt lat="43.39798921" lon="-5.82500856"><ele>179.56</ele><time>2024-09-03T18:51:11Z</time></trkpt><trkpt lat="43.39797279" lon="-5.82501267"><ele>179.61</ele><time>2024-09-03T18:51:12Z</time></trkpt><trkpt lat="43.39795635" lon="-5.82501696"><ele>179.65</ele><time>2024-09-03T18:51:13Z</time></trkpt><trkpt lat="43.39793990" lon="-5.82502137"><ele>179.70</ele><time>2024-09-03T18:51:14Z</time></trkpt><trkpt lat="43.39792345" lon="-5.82502586"><ele>179.74</ele><time>2024-09-03T18:51:15Z</time></trkpt><trkpt lat="43.39790699" lon="-5.82503041"><ele>179.78</ele><time>2024-09-03T18:51:16Z</time></trkpt><trkpt lat="43.39789053" lon="-5.82503501"><ele>179.82</ele><time>2024-09-03T18:51:17Z</time></trkpt><trkpt lat="43.39787407" lon="-5.82503963"><ele>179.86</ele><time>2024-09-03T18:51:18Z</time></trkpt><trkpt lat="43.39785760" lon="-5.82504427"><ele>179.91</ele><time>2024-09-03T18:51:19Z</time></trkpt><trkpt lat="43.39784114" lon="-5.82504893"><ele>179.95</ele><time>2024-09-03T18:51:20Z</time></trkpt><trkpt lat="43.39782467" lon="-5.82505360"><ele>179.99</ele><time>2024-09-03T18:51:21Z</time></trkpt><trkpt lat="43.39780820" lon="-5.82505827"><ele>180.03</ele><time>2024-09-03T18:51:22Z</time></trkpt><trkpt lat="43.39779173" lon="-5.82506295"><ele>180.07</ele><time>2024-09-03T18:51:23Z</time></trkpt><trkpt lat="43.39777527" lon="-5.82506763"><ele>180.12</ele><time>2024-09-03T18:51:24Z</time></trkpt><trkpt lat="43.39775880" lon="-5.82507232"><ele>180.16</ele><time>2024-09-03T18:51:25Z</time></trkpt><trkpt lat="43.39774233" lon="-5.82507700"><ele>180.20</ele><time>2024-09-03T18:51:26Z</time></trkpt><trkpt lat="43.39772586" lon="-5.82508169"><ele>180.24</ele><time>2024-09-03T18:51:27Z</time></trkpt><trkpt lat="43.39770939" lon="-5.82508638"><ele>180.28</ele><time>2024-09-03T18:51:28Z</time></trkpt><trkpt lat="43.39769343" lon="-5.82509211"><ele>180.34</ele><time>2024-09-03T18:51:29Z</time></trkpt><trkpt lat="43.39767781" lon="-5.82509857"><ele>180.40</ele><time>2024-09-03T18:51:30Z</time></trkpt><trkpt lat="43.39766244" lon="-5.82510555"><ele>180.46</ele><time>2024-09-03T18:51:31Z</time></trkpt><trkpt lat="43.39764725" lon="-5.82511288"><ele>180.54</ele><time>2024-09-03T18:51:32Z</time></trkpt><trkpt lat="43.39763217" lon="-5.82512046"><ele>180.61</ele><time>2024-09-03T18:51:33Z</time></trkpt><trkpt lat="43.39761718" lon="-5.82512821"><ele>180.69</ele><time>2024-09-03T18:51:34Z</time></trkpt><trkpt lat="43.39760225" lon="-5.82513609"><ele>180.76</ele><time>2024-09-03T18:51:35Z</time></trkpt><trkpt lat="43.39758736" lon="-5.82514406"><ele>180.84</ele><time>2024-09-03T18:51:36Z</time></trkpt><trkpt lat="43.39757250" lon="-5.82515208"><ele>180.92</ele><time>2024-09-03T18:51:37Z</time></trkpt><trkpt lat="43.39755765" lon="-5.82516015"><ele>181.00</ele><time>2024-09-03T18:51:38Z</time></trkpt><trkpt lat="43.39754283" lon="-5.82516825"><ele>181.08</ele><time>2024-09-03T18:51:39Z</time></trkpt><trkpt lat="43.39752801" lon="-5.82517636"><ele>181.16</ele><time>2024-09-03T18:51:40Z</time></trkpt><trkpt lat="43.39751320" lon="-5.82518449"><ele>181.24</ele><time>2024-09-03T18:51:41Z</time></trkpt><trkpt lat="43.39749839" lon="-5.82519264"><ele>181.32</ele><time>2024-09-03T18:51:42Z</time></trkpt><trkpt lat="43.39748359" lon="-5.82520079"><ele>181.40</ele><time>2024-09-03T18:51:43Z</time></trkpt><trkpt lat="43.39746879" lon="-5.82520894"><ele>181.48</ele><time>2024-09-03T18:51:44Z</time></trkpt><trkpt lat="43.39745400" lon="-5.82521710"><ele>181.56</ele><time>2024-09-03T18:51:45Z</time></trkpt><trkpt lat="43.39743920" lon="-5.82522526"><ele>181.64</ele><time>2024-09-03T18:51:46Z</time></trkpt><trkpt lat="43.39742440" lon="-5.82523342"><ele>181.72</ele><time>2024-09-03T18:51:47Z</time></trkpt><trkpt lat="43.39740961" lon="-5.82524158"><ele>181.80</ele><time>2024-09-03T18:51:48Z</time></trkpt><trkpt lat="43.39739481" lon="-5.82524974"><ele>181.88</ele><time>2024-09-03T18:51:49Z</time></trkpt><trkpt lat="43.39738002" lon="-5.82525791"><ele>181.96</ele><time>2024-09-03T18:51:50Z</time></trkpt><trkpt lat="43.39736522" lon="-5.82526607"><ele>182.04</ele><time>2024-09-03T18:51:51Z</time></trkpt><trkpt lat="43.39735043" lon="-5.82527424"><ele>182.12</ele><time>2024-09-03T18:51:52Z</time></trkpt><trkpt lat="43.39733556" lon="-5.82528154"><ele>182.18</ele><time>2024-09-03T18:51:53Z</time></trkpt><trkpt lat="43.39732064" lon="-5.82528824"><ele>182.23</ele><time>2024-09-03T18:51:54Z</time></trkpt><trkpt lat="43.39730568" lon="-5.82529452"><ele>182.28</ele><time>2024-09-03T18:51:55Z</time></trkpt><trkpt lat="43.39729070" lon="-5.82530050"><ele>182.31</ele><time>2024-09-03T18:51:56Z</time></trkpt><trkpt lat="43.39727571" lon="-5.82530627"><ele>182.34</ele><time>2024-09-03T18:51:57Z</time></trkpt><trkpt lat="43.39726069" lon="-5.82531190"><ele>182.37</ele><time>2024-09-03T18:51:58Z</time></trkpt><trkpt lat="43.39724567" lon="-5.82531743"><ele>182.40</ele><time>2024-09-03T18:51:59Z</time></trkpt><trkpt lat="43.39723065" lon="-5.82532289"><ele>182.42</ele><time>2024-09-03T18:52:00Z</time></trkpt><trkpt lat="43.39721562" lon="-5.82532829"><ele>182.44</ele><time>2024-09-03T18:52:01Z</time></trkpt><trkpt lat="43.39720058" lon="-5.82533367"><ele>182.47</ele><time>2024-09-03T18:52:02Z</time></trkpt><trkpt lat="43.39718555" lon="-5.82533902"><ele>182.49</ele><time>2024-09-03T18:52:03Z</time></trkpt><trkpt lat="43.39717051" lon="-5.82534435"><ele>182.51</ele><time>2024-09-03T18:52:04Z</time></trkpt><trkpt lat="43.39715548" lon="-5.82534967"><ele>182.53</ele><time>2024-09-03T18:52:05Z</time></trkpt><trkpt lat="43.39714044" lon="-5.82535498"><ele>182.55</ele><time>2024-09-03T18:52:06Z</time></trkpt><trkpt lat="43.39712540" lon="-5.82536028"><ele>182.57</ele><time>2024-09-03T18:52:07Z</time></trkpt><trkpt lat="43.39711036" lon="-5.82536558"><ele>182.59</ele><time>2024-09-03T18:52:08Z</time></trkpt><trkpt lat="43.39709532" lon="-5.82537088"><ele>182.62</ele><time>2024-09-03T18:52:09Z</time></trkpt><trkpt lat="43.39708028" lon="-5.82537618"><ele>182.64</ele><time>2024-09-03T18:52:10Z</time></trkpt><trkpt lat="43.39706524" lon="-5.82538147"><ele>182.66</ele><time>2024-09-03T18:52:11Z</time></trkpt><trkpt lat="43.39705020" lon="-5.82538677"><ele>182.68</ele><time>2024-09-03T18:52:12Z</time></trkpt><trkpt lat="43.39703516" lon="-5.82539206"><ele>182.70</ele><time>2024-09-03T18:52:13Z</time></trkpt><trkpt lat="43.39702012" lon="-5.82539735"><ele>182.72</ele><time>2024-09-03T18:52:14Z</time></trkpt><trkpt lat="43.39700508" lon="-5.82540264"><ele>182.74</ele><time>2024-09-03T18:52:15Z</time></trkpt><trkpt lat="43.39699042" lon="-5.82540634"><ele>182.78</ele><time>2024-09-03T18:52:16Z</time></trkpt><trkpt lat="43.39697602" lon="-5.82540891"><ele>182.84</ele><time>2024-09-03T18:52:17Z</time></trkpt><trkpt lat="43.39696181" lon="-5.82541070"><ele>182.91</ele><time>2024-09-03T18:52:18Z</time></trkpt><trkpt lat="43.39694773" lon="-5.82541194"><ele>182.99</ele><time>2024-09-03T18:52:19Z</time></trkpt><trkpt lat="43.39693374" lon="-5.82541280"><ele>183.08</ele><time>2024-09-03T18:52:20Z</time></trkpt><trkpt lat="43.39691981" lon="-5.82541339"><ele>183.16</ele><time>2024-09-03T18:52:21Z</time></trkpt><trkpt lat="43.39690592" lon="-5.82541379"><ele>183.25</ele><time>2024-09-03T18:52:22Z</time></trkpt><trkpt lat="43.39689207" lon="-5.82541406"><ele>183.34</ele><time>2024-09-03T18:52:23Z</time></trkpt><trkpt lat="43.39687824" lon="-5.82541424"><ele>183.44</ele><time>2024-09-03T18:52:24Z</time></trkpt><trkpt lat="43.39686442" lon="-5.82541435"><ele>183.53</ele><time>2024-09-03T18:52:25Z</time></trkpt><trkpt lat="43.39685062" lon="-5.82541442"><ele>183.63</ele><time>2024-09-03T18:52:26Z</time></trkpt><trkpt lat="43.39683682" lon="-5.82541446"><ele>183.72</ele><time>2024-09-03T18:52:27Z</time></trkpt><trkpt lat="43.39682303" lon="-5.82541447"><ele>183.82</ele><time>2024-09-03T18:52:28Z</time></trkpt><trkpt lat="43.39680924" lon="-5.82541447"><ele>183.91</ele><time>2024-09-03T18:52:29Z</time></trkpt><trkpt lat="43.39679546" lon="-5.82541446"><ele>184.01</ele><time>2024-09-03T18:52:30Z</time></trkpt><trkpt lat="43.39678167" lon="-5.82541444"><ele>184.10</ele><time>2024-09-03T18:52:31Z</time></trkpt><trkpt lat="43.39676789" lon="-5.82541441"><ele>184.20</ele><time>2024-09-03T18:52:32Z</time></trkpt><trkpt lat="43.39675411" lon="-5.82541438"><ele>184.29</ele><time>2024-09-03T18:52:33Z</time></trkpt><trkpt lat="43.39674033" lon="-5.82541435"><ele>184.39</ele><time>2024-09-03T18:52:34Z</time></trkpt><trkpt lat="43.39672655" lon="-5.82541432"><ele>184.49</ele><time>2024-09-03T18:52:35Z</time></trkpt><trkpt lat="43.39671311" lon="-5.82541495"><ele>184.58</ele><time>2024-09-03T18:52:36Z</time></trkpt><trkpt lat="43.39669991" lon="-5.82541604"><ele>184.67</ele><time>2024-09-03T18:52:37Z</time></trkpt><trkpt lat="43.39668688" lon="-5.82541745"><ele>184.77</ele><time>2024-09-03T18:52:38Z</time></trkpt><trkpt lat="43.39667397" lon="-5.82541910"><ele>184.86</ele><time>2024-09-03T18:52:39Z</time></trkpt><trkpt lat="43.39666114" lon="-5.82542090"><ele>184.95</ele><time>2024-09-03T18:52:40Z</time></trkpt><trkpt lat="43.39664837" lon="-5.82542282"><ele>185.04</ele><time>2024-09-03T18:52:41Z</time></trkpt><trkpt lat="43.39663564" lon="-5.82542481"><ele>185.13</ele><time>2024-09-03T18:52:42Z</time></trkpt><trkpt lat="43.39662294" lon="-5.82542686"><ele>185.22</ele><time>2024-09-03T18:52:43Z</time></trkpt><trkpt lat="43.39661026" lon="-5.82542894"><ele>185.31</ele><time>2024-09-03T18:52:44Z</time></trkpt><trkpt lat="43.39659759" lon="-5.82543105"><ele>185.40</ele><time>2024-09-03T18:52:45Z</time></trkpt><trkpt lat="43.39658493" lon="-5.82543318"><ele>185.49</ele><time>2024-09-03T18:52:46Z</time></trkpt><trkpt lat="43.39657228" lon="-5.82543533"><ele>185.58</ele><time>2024-09-03T18:52:47Z</time></trkpt><trkpt lat="43.39655963" lon="-5.82543748"><ele>185.67</ele><time>2024-09-03T18:52:48Z</time></trkpt><trkpt lat="43.39654699" lon="-5.82543964"><ele>185.76</ele><time>2024-09-03T18:52:49Z</time></trkpt><trkpt lat="43.39653435" lon="-5.82544180"><ele>185.85</ele><time>2024-09-03T18:52:50Z</time></trkpt><trkpt lat="43.39652171" lon="-5.82544397"><ele>185.94</ele><time>2024-09-03T18:52:51Z</time></trkpt><trkpt lat="43.39650888" lon="-5.82544538"><ele>186.03</ele><time>2024-09-03T18:52:52Z</time></trkpt><trkpt lat="43.39649592" lon="-5.82544626"><ele>186.13</ele><time>2024-09-03T18:52:53Z</time></trkpt><trkpt lat="43.39648286" lon="-5.82544678"><ele>186.22</ele><time>2024-09-03T18:52:54Z</time></trkpt><trkpt lat="43.39646973" lon="-5.82544703"><ele>186.31</ele><time>2024-09-03T18:52:55Z</time></trkpt><trkpt lat="43.39645656" lon="-5.82544711"><ele>186.41</ele><time>2024-09-03T18:52:56Z</time></trkpt><trkpt lat="43.39644336" lon="-5.82544706"><ele>186.51</ele><time>2024-09-03T18:52:57Z</time></trkpt><trkpt lat="43.39643014" lon="-5.82544692"><ele>186.60</ele><time>2024-09-03T18:52:58Z</time></trkpt><trkpt lat="43.39641690" lon="-5.82544671"><ele>186.70</ele><time>2024-09-03T18:52:59Z</time></trkpt><trkpt lat="43.39640365" lon="-5.82544647"><ele>186.79</ele><time>2024-09-03T18:53:00Z</time></trkpt><trkpt lat="43.39639039" lon="-5.82544619"><ele>186.89</ele><time>2024-09-03T18:53:01Z</time></trkpt><trkpt lat="43.39637712" lon="-5.82544589"><ele>186.99</ele><time>2024-09-03T18:53:02Z</time></trkpt><trkpt lat="43.39636385" lon="-5.82544558"><ele>187.08</ele><time>2024-09-03T18:53:03Z</time></trkpt><trkpt lat="43.39635058" lon="-5.82544526"><ele>187.18</ele><time>2024-09-03T18:53:04Z</time></trkpt><trkpt lat="43.39633731" lon="-5.82544493"><ele>187.28</ele><time>2024-09-03T18:53:05Z</time></trkpt><trkpt lat="43.39632404" lon="-5.82544459"><ele>187.37</ele><time>2024-09-03T18:53:06Z</time></trkpt><trkpt lat="43.39631076" lon="-5.82544425"><ele>187.47</ele><time>2024-09-03T18:53:07Z</time></trkpt><trkpt lat="43.39629749" lon="-5.82544391"><ele>187.57</ele><time>2024-09-03T18:53:08Z</time></trkpt><trkpt lat="43.39628421" lon="-5.82544356"><ele>187.66</ele><time>2024-09-03T18:53:09Z</time></trkpt><trkpt lat="43.39627093" lon="-5.82544322"><ele>187.76</ele><time>2024-09-03T18:53:10Z</time></trkpt><trkpt lat="43.39625766" lon="-5.82544287"><ele>187.85</ele><time>2024-09-03T18:53:11Z</time></trkpt><trkpt lat="43.39624362" lon="-5.82544237"><ele>187.95</ele><time>2024-09-03T18:53:12Z</time></trkpt><trkpt lat="43.39622905" lon="-5.82544177"><ele>188.03</ele><time>2024-09-03T18:53:13Z</time></trkpt><trkpt lat="43.39621411" lon="-5.82544108"><ele>188.11</ele><time>2024-09-03T18:53:14Z</time></trkpt><trkpt lat="43.39619891" lon="-5.82544034"><ele>188.19</ele><time>2024-09-03T18:53:15Z</time></trkpt><trkpt lat="43.39618352" lon="-5.82543957"><ele>188.27</ele><time>2024-09-03T18:53:16Z</time></trkpt><trkpt lat="43.39616801" lon="-5.82543877"><ele>188.35</ele><time>2024-09-03T18:53:17Z</time></trkpt><trkpt lat="43.39615241" lon="-5.82543795"><ele>188.43</ele><time>2024-09-03T18:53:18Z</time></trkpt><trkpt lat="43.39613674" lon="-5.82543712"><ele>188.51</ele><time>2024-09-03T18:53:19Z</time></trkpt><trkpt lat="43.39612104" lon="-5.82543628"><ele>188.58</ele><time>2024-09-03T18:53:20Z</time></trkpt><trkpt lat="43.39610530" lon="-5.82543544"><ele>188.66</ele><time>2024-09-03T18:53:21Z</time></trkpt><trkpt lat="43.39608954" lon="-5.82543459"><ele>188.74</ele><time>2024-09-03T18:53:22Z</time></trkpt><trkpt lat="43.39607376" lon="-5.82543373"><ele>188.81</ele><time>2024-09-03T18:53:23Z</time></trkpt><trkpt lat="43.39605797" lon="-5.82543288"><ele>188.89</ele><time>2024-09-03T18:53:24Z</time></trkpt><trkpt lat="43.39604218" lon="-5.82543202"><ele>188.96</ele><time>2024-09-03T18:53:25Z</time></trkpt><trkpt lat="43.39602638" lon="-5.82543116"><ele>189.04</ele><time>2024-09-03T18:53:26Z</time></trkpt><trkpt lat="43.39601058" lon="-5.82543031"><ele>189.12</ele><time>2024-09-03T18:53:27Z</time></trkpt><trkpt lat="43.39599477" lon="-5.82542945"><ele>189.19</ele><time>2024-09-03T18:53:28Z</time></trkpt><trkpt lat="43.39597897" lon="-5.82542859"><ele>189.27</ele><time>2024-09-03T18:53:29Z</time></trkpt><trkpt lat="43.39596316" lon="-5.82542773"><ele>189.34</ele><time>2024-09-03T18:53:30Z</time></trkpt><trkpt lat="43.39594699" lon="-5.82542695"><ele>189.42</ele><time>2024-09-03T18:53:31Z</time></trkpt><trkpt lat="43.39593058" lon="-5.82542624"><ele>189.49</ele><time>2024-09-03T18:53:32Z</time></trkpt><trkpt lat="43.39591400" lon="-5.82542557"><ele>189.56</ele><time>2024-09-03T18:53:33Z</time></trkpt><trkpt lat="43.39589729" lon="-5.82542492"><ele>189.63</ele><time>2024-09-03T18:53:34Z</time></trkpt><trkpt lat="43.39588050" lon="-5.82542430"><ele>189.70</ele><time>2024-09-03T18:53:35Z</time></trkpt><trkpt lat="43.39586365" lon="-5.82542369"><ele>189.77</ele><time>2024-09-03T18:53:36Z</time></trkpt><trkpt lat="43.39584675" lon="-5.82542309"><ele>189.84</ele><time>2024-09-03T18:53:37Z</time></trkpt><trkpt lat="43.39582983" lon="-5.82542250"><ele>189.91</ele><time>2024-09-03T18:53:38Z</time></trkpt><trkpt lat="43.39581289" lon="-5.82542192"><ele>189.98</ele><time>2024-09-03T18:53:39Z</time></trkpt><trkpt lat="43.39579593" lon="-5.82542133"><ele>190.05</ele><time>2024-09-03T18:53:40Z</time></trkpt><trkpt lat="43.39577896" lon="-5.82542075"><ele>190.11</ele><time>2024-09-03T18:53:41Z</time></trkpt><trkpt lat="43.39576198" lon="-5.82542017"><ele>190.18</ele><time>2024-09-03T18:53:42Z</time></trkpt><trkpt lat="43.39574501" lon="-5.82541960"><ele>190.25</ele><time>2024-09-03T18:53:43Z</time></trkpt><trkpt lat="43.39572802" lon="-5.82541902"><ele>190.32</ele><time>2024-09-03T18:53:44Z</time></trkpt><trkpt lat="43.39571104" lon="-5.82541844"><ele>190.39</ele><time>2024-09-03T18:53:45Z</time></trkpt><trkpt lat="43.39569405" lon="-5.82541787"><ele>190.46</ele><time>2024-09-03T18:53:46Z</time></trkpt><trkpt lat="43.39567706" lon="-5.82541729"><ele>190.53</ele><time>2024-09-03T18:53:47Z</time></trkpt><trkpt lat="43.39566007" lon="-5.82541672"><ele>190.59</ele><time>2024-09-03T18:53:48Z</time></trkpt><trkpt lat="43.39564308" lon="-5.82541614"><ele>190.66</ele><time>2024-09-03T18:53:49Z</time></trkpt><trkpt lat="43.39562609" lon="-5.82541557"><ele>190.73</ele><time>2024-09-03T18:53:50Z</time></trkpt><trkpt lat="43.39560910" lon="-5.82541499"><ele>190.80</ele><time>2024-09-03T18:53:51Z</time></trkpt><trkpt lat="43.39559215" lon="-5.82541385"><ele>190.85</ele><time>2024-09-03T18:53:52Z</time></trkpt><trkpt lat="43.39557524" lon="-5.82541230"><ele>190.88</ele><time>2024-09-03T18:53:53Z</time></trkpt><trkpt lat="43.39555834" lon="-5.82541047"><ele>190.91</ele><time>2024-09-03T18:53:54Z</time></trkpt><trkpt lat="43.39554146" lon="-5.82540844"><ele>190.92</ele><time>2024-09-03T18:53:55Z</time></trkpt><trkpt lat="43.39552459" lon="-5.82540627"><ele>190.93</ele><time>2024-09-03T18:53:56Z</time></trkpt><trkpt lat="43.39550773" lon="-5.82540401"><ele>190.94</ele><time>2024-09-03T18:53:57Z</time></trkpt><trkpt lat="43.39549087" lon="-5.82540168"><ele>190.95</ele><time>2024-09-03T18:53:58Z</time></trkpt><trkpt lat="43.39547402" lon="-5.82539931"><ele>190.95</ele><time>2024-09-03T18:53:59Z</time></trkpt><trkpt lat="43.39545717" lon="-5.82539690"><ele>190.95</ele><time>2024-09-03T18:54:00Z</time></trkpt><trkpt lat="43.39544032" lon="-5.82539447"><ele>190.96</ele><time>2024-09-03T18:54:01Z</time></trkpt><trkpt lat="43.39542347" lon="-5.82539202"><ele>190.96</ele><time>2024-09-03T18:54:02Z</time></trkpt><trkpt lat="43.39540663" lon="-5.82538956"><ele>190.96</ele><time>2024-09-03T18:54:03Z</time></trkpt><trkpt lat="43.39538978" lon="-5.82538709"><ele>190.96</ele><time>2024-09-03T18:54:04Z</time></trkpt><trkpt lat="43.39537294" lon="-5.82538462"><ele>190.96</ele><time>2024-09-03T18:54:05Z</time></trkpt><trkpt lat="43.39535609" lon="-5.82538215"><ele>190.96</ele><time>2024-09-03T18:54:06Z</time></trkpt><trkpt lat="43.39533924" lon="-5.82537967"><ele>190.96</ele><time>2024-09-03T18:54:07Z</time></trkpt><trkpt lat="43.39532240" lon="-5.82537718"><ele>190.96</ele><time>2024-09-03T18:54:08Z</time></trkpt><trkpt lat="43.39530555" lon="-5.82537470"><ele>190.96</ele><time>2024-09-03T18:54:09Z</time></trkpt><trkpt lat="43.39528871" lon="-5.82537222"><ele>190.96</ele><time>2024-09-03T18:54:10Z</time></trkpt><trkpt lat="43.39527186" lon="-5.82536973"><ele>190.96</ele><time>2024-09-03T18:54:11Z</time></trkpt><trkpt lat="43.39525502" lon="-5.82536725"><ele>190.96</ele><time>2024-09-03T18:54:12Z</time></trkpt><trkpt lat="43.39523818" lon="-5.82536477"><ele>190.96</ele><time>2024-09-03T18:54:13Z</time></trkpt><trkpt lat="43.39522133" lon="-5.82536228"><ele>190.96</ele><time>2024-09-03T18:54:14Z</time></trkpt><trkpt lat="43.39520449" lon="-5.82535979"><ele>190.96</ele><time>2024-09-03T18:54:15Z</time></trkpt><trkpt lat="43.39518764" lon="-5.82535731"><ele>190.96</ele><time>2024-09-03T18:54:16Z</time></trkpt><trkpt lat="43.39517080" lon="-5.82535482"><ele>190.96</ele><time>2024-09-03T18:54:17Z</time></trkpt><trkpt lat="43.39515395" lon="-5.82535234"><ele>190.96</ele><time>2024-09-03T18:54:18Z</time></trkpt><trkpt lat="43.39513711" lon="-5.82534985"><ele>190.96</ele><time>2024-09-03T18:54:19Z</time></trkpt><trkpt lat="43.39512026" lon="-5.82534737"><ele>190.96</ele><time>2024-09-03T18:54:20Z</time></trkpt><trkpt lat="43.39510389" lon="-5.82534526"><ele>190.96</ele><time>2024-09-03T18:54:21Z</time></trkpt><trkpt lat="43.39508786" lon="-5.82534341"><ele>190.96</ele><time>2024-09-03T18:54:22Z</time></trkpt><trkpt lat="43.39507206" lon="-5.82534176"><ele>190.96</ele><time>2024-09-03T18:54:23Z</time></trkpt><trkpt lat="43.39505642" lon="-5.82534023"><ele>190.96</ele><time>2024-09-03T18:54:24Z</time></trkpt><trkpt lat="43.39504090" lon="-5.82533879"><ele>190.96</ele><time>2024-09-03T18:54:25Z</time></trkpt><trkpt lat="43.39502546" lon="-5.82533741"><ele>190.96</ele><time>2024-09-03T18:54:26Z</time></trkpt><trkpt lat="43.39501007" lon="-5.82533608"><ele>190.96</ele><time>2024-09-03T18:54:27Z</time></trkpt><trkpt lat="43.39499473" lon="-5.82533478"><ele>190.96</ele><time>2024-09-03T18:54:28Z</time></trkpt><trkpt lat="43.39497941" lon="-5.82533350"><ele>190.96</ele><time>2024-09-03T18:54:29Z</time></trkpt><trkpt lat="43.39496411" lon="-5.82533224"><ele>190.96</ele><time>2024-09-03T18:54:30Z</time></trkpt><trkpt lat="43.39494882" lon="-5.82533098"><ele>190.96</ele><time>2024-09-03T18:54:31Z</time></trkpt><trkpt lat="43.39493354" lon="-5.82532974"><ele>190.96</ele><time>2024-09-03T18:54:32Z</time></trkpt><trkpt lat="43.39491827" lon="-5.82532850"><ele>190.96</ele><time>2024-09-03T18:54:33Z</time></trkpt><trkpt lat="43.39490301" lon="-5.82532726"><ele>190.96</ele><time>2024-09-03T18:54:34Z</time></trkpt><trkpt lat="43.39488774" lon="-5.82532603"><ele>190.96</ele><time>2024-09-03T18:54:35Z</time></trkpt><trkpt lat="43.39487248" lon="-5.82532480"><ele>190.96</ele><time>2024-09-03T18:54:36Z</time></trkpt><trkpt lat="43.39485723" lon="-5.82532356"><ele>190.96</ele><time>2024-09-03T18:54:37Z</time></trkpt><trkpt lat="43.39484197" lon="-5.82532233"><ele>190.96</ele><time>2024-09-03T18:54:38Z</time></trkpt><trkpt lat="43.39482671" lon="-5.82532110"><ele>190.96</ele><time>2024-09-03T18:54:39Z</time></trkpt><trkpt lat="43.39481145" lon="-5.82531988"><ele>190.96</ele><time>2024-09-03T18:54:40Z</time></trkpt><trkpt lat="43.39479636" lon="-5.82532025"><ele>190.97</ele><time>2024-09-03T18:54:41Z</time></trkpt><trkpt lat="43.39478138" lon="-5.82532174"><ele>190.99</ele><time>2024-09-03T18:54:42Z</time></trkpt><trkpt lat="43.39476648" lon="-5.82532402"><ele>191.02</ele><time>2024-09-03T18:54:43Z</time></trkpt><trkpt lat="43.39475163" lon="-5.82532684"><ele>191.05</ele><time>2024-09-03T18:54:44Z</time></trkpt><trkpt lat="43.39473683" lon="-5.82533005"><ele>191.09</ele><time>2024-09-03T18:54:45Z</time></trkpt><trkpt lat="43.39472205" lon="-5.82533353"><ele>191.12</ele><time>2024-09-03T18:54:46Z</time></trkpt><trkpt lat="43.39470729" lon="-5.82533720"><ele>191.16</ele><time>2024-09-03T18:54:47Z</time></trkpt><trkpt lat="43.39469254" lon="-5.82534100"><ele>191.20</ele><time>2024-09-03T18:54:48Z</time></trkpt><trkpt lat="43.39467780" lon="-5.82534489"><ele>191.24</ele><time>2024-09-03T18:54:49Z</time></trkpt><trkpt lat="43.39466307" lon="-5.82534885"><ele>191.28</ele><time>2024-09-03T18:54:50Z</time></trkpt><trkpt lat="43.39464835" lon="-5.82535285"><ele>191.32</ele><time>2024-09-03T18:54:51Z</time></trkpt><trkpt lat="43.39463362" lon="-5.82535688"><ele>191.36</ele><time>2024-09-03T18:54:52Z</time></trkpt><trkpt lat="43.39461890" lon="-5.82536094"><ele>191.41</ele><time>2024-09-03T18:54:53Z</time></trkpt><trkpt lat="43.39460418" lon="-5.82536501"><ele>191.45</ele><time>2024-09-03T18:54:54Z</time></trkpt><trkpt lat="43.39458946" lon="-5.82536909"><ele>191.49</ele><time>2024-09-03T18:54:55Z</time></trkpt><trkpt lat="43.39457475" lon="-5.82537318"><ele>191.53</ele><time>2024-09-03T18:54:56Z</time></trkpt><trkpt lat="43.39456003" lon="-5.82537728"><ele>191.57</ele><time>2024-09-03T18:54:57Z</time></trkpt><trkpt lat="43.39454531" lon="-5.82538137"><ele>191.61</ele><time>2024-09-03T18:54:58Z</time></trkpt><trkpt lat="43.39453060" lon="-5.82538547"><ele>191.66</ele><time>2024-09-03T18:54:59Z</time></trkpt><trkpt lat="43.39451588" lon="-5.82538958"><ele>191.70</ele><time>2024-09-03T18:55:00Z</time></trkpt><trkpt lat="43.39450116" lon="-5.82539368"><ele>191.74</ele><time>2024-09-03T18:55:01Z</time></trkpt><trkpt lat="43.39448645" lon="-5.82539779"><ele>191.78</ele><time>2024-09-03T18:55:02Z</time></trkpt><trkpt lat="43.39447173" lon="-5.82540189"><ele>191.82</ele><time>2024-09-03T18:55:03Z</time></trkpt><trkpt lat="43.39445752" lon="-5.82540689"><ele>191.88</ele><time>2024-09-03T18:55:04Z</time></trkpt><trkpt lat="43.39444365" lon="-5.82541250"><ele>191.94</ele><time>2024-09-03T18:55:05Z</time></trkpt><trkpt lat="43.39443003" lon="-5.82541855"><ele>192.00</ele><time>2024-09-03T18:55:06Z</time></trkpt><trkpt lat="43.39441658" lon="-5.82542490"><ele>192.07</ele><time>2024-09-03T18:55:07Z</time></trkpt><trkpt lat="43.39440325" lon="-5.82543146"><ele>192.15</ele><time>2024-09-03T18:55:08Z</time></trkpt><trkpt lat="43.39439001" lon="-5.82543818"><ele>192.22</ele><time>2024-09-03T18:55:09Z</time></trkpt><trkpt lat="43.39437683" lon="-5.82544500"><ele>192.30</ele><time>2024-09-03T18:55:10Z</time></trkpt><trkpt lat="43.39436368" lon="-5.82545189"><ele>192.38</ele><time>2024-09-03T18:55:11Z</time></trkpt><trkpt lat="43.39435057" lon="-5.82545883"><ele>192.46</ele><time>2024-09-03T18:55:12Z</time></trkpt><trkpt lat="43.39433747" lon="-5.82546581"><ele>192.54</ele><time>2024-09-03T18:55:13Z</time></trkpt><trkpt lat="43.39432439" lon="-5.82547281"><ele>192.62</ele><time>2024-09-03T18:55:14Z</time></trkpt><trkpt lat="43.39431132" lon="-5.82547983"><ele>192.69</ele><time>2024-09-03T18:55:15Z</time></trkpt><trkpt lat="43.39430157" lon="-5.82548510"><ele>192.77</ele><time>2024-09-03T18:55:16Z</time></trkpt><trkpt lat="43.39429413" lon="-5.82548915"><ele>192.83</ele><time>2024-09-03T18:55:17Z</time></trkpt><trkpt lat="43.39428832" lon="-5.82549234"><ele>192.89</ele><time>2024-09-03T18:55:18Z</time></trkpt><trkpt lat="43.39428365" lon="-5.82549493"><ele>192.95</ele><time>2024-09-03T18:55:19Z</time></trkpt><trkpt lat="43.39427978" lon="-5.82549711"><ele>193.01</ele><time>2024-09-03T18:55:20Z</time></trkpt><trkpt lat="43.39427646" lon="-5.82549898"><ele>193.07</ele><time>2024-09-03T18:55:21Z</time></trkpt><trkpt lat="43.39427354" lon="-5.82550066"><ele>193.12</ele><time>2024-09-03T18:55:22Z</time></trkpt><trkpt lat="43.39427088" lon="-5.82550218"><ele>193.18</ele><time>2024-09-03T18:55:23Z</time></trkpt><trkpt lat="43.39426842" lon="-5.82550361"><ele>193.23</ele><time>2024-09-03T18:55:24Z</time></trkpt><trkpt lat="43.39426609" lon="-5.82550497"><ele>193.29</ele><time>2024-09-03T18:55:25Z</time></trkpt><trkpt lat="43.39426386" lon="-5.82550628"><ele>193.34</ele><time>2024-09-03T18:55:26Z</time></trkpt><trkpt lat="43.39426169" lon="-5.82550755"><ele>193.39</ele><time>2024-09-03T18:55:27Z</time></trkpt><trkpt lat="43.39425956" lon="-5.82550880"><ele>193.45</ele><time>2024-09-03T18:55:28Z</time></trkpt><trkpt lat="43.39425747" lon="-5.82551003"><ele>193.50</ele><time>2024-09-03T18:55:29Z</time></trkpt><trkpt lat="43.39425540" lon="-5.82551125"><ele>193.56</ele><time>2024-09-03T18:55:30Z</time></trkpt><trkpt lat="43.39425335" lon="-5.82551246"><ele>193.61</ele><time>2024-09-03T18:55:31Z</time></trkpt><trkpt lat="43.39425131" lon="-5.82551367"><ele>193.66</ele><time>2024-09-03T18:55:32Z</time></trkpt><trkpt lat="43.39424927" lon="-5.82551487"><ele>193.72</ele><time>2024-09-03T18:55:33Z</time></trkpt><trkpt lat="43.39424761" lon="-5.82551613"><ele>193.75</ele><time>2024-09-03T18:55:34Z</time></trkpt><trkpt lat="43.39424621" lon="-5.82551745"><ele>193.78</ele><time>2024-09-03T18:55:35Z</time></trkpt><trkpt lat="43.39424499" lon="-5.82551879"><ele>193.80</ele><time>2024-09-03T18:55:36Z</time></trkpt><trkpt lat="43.39424390" lon="-5.82552016"><ele>193.81</ele><time>2024-09-03T18:55:37Z</time></trkpt><trkpt lat="43.39424290" lon="-5.82552154"><ele>193.82</ele><time>2024-09-03T18:55:38Z</time></trkpt><trkpt lat="43.39424196" lon="-5.82552293"><ele>193.83</ele><time>2024-09-03T18:55:39Z</time></trkpt><trkpt lat="43.39424107" lon="-5.82552433"><ele>193.83</ele><time>2024-09-03T18:55:40Z</time></trkpt><trkpt lat="43.39424020" lon="-5.82552574"><ele>193.83</ele><time>2024-09-03T18:55:41Z</time></trkpt><trkpt lat="43.39423936" lon="-5.82552715"><ele>193.83</ele><time>2024-09-03T18:55:42Z</time></trkpt><trkpt lat="43.39423853" lon="-5.82552856"><ele>193.84</ele><time>2024-09-03T18:55:43Z</time></trkpt><trkpt lat="43.39423771" lon="-5.82552997"><ele>193.84</ele><time>2024-09-03T18:55:44Z</time></trkpt><trkpt lat="43.39423690" lon="-5.82553139"><ele>193.84</ele><time>2024-09-03T18:55:45Z</time></trkpt><trkpt lat="43.39423610" lon="-5.82553281"><ele>193.84</ele><time>2024-09-03T18:55:46Z</time></trkpt><trkpt lat="43.39423234" lon="-5.82553631"><ele>193.86</ele><time>2024-09-03T18:55:47Z</time></trkpt><trkpt lat="43.39422652" lon="-5.82554127"><ele>193.91</ele><time>2024-09-03T18:55:48Z</time></trkpt><trkpt lat="43.39421925" lon="-5.82554725"><ele>193.96</ele><time>2024-09-03T18:55:49Z</time></trkpt><trkpt lat="43.39421096" lon="-5.82555394"><ele>194.03</ele><time>2024-09-03T18:55:50Z</time></trkpt><trkpt lat="43.39420197" lon="-5.82556113"><ele>194.10</ele><time>2024-09-03T18:55:51Z</time></trkpt><trkpt lat="43.39419248" lon="-5.82556868"><ele>194.17</ele><time>2024-09-03T18:55:52Z</time></trkpt><trkpt lat="43.39418265" lon="-5.82557647"><ele>194.25</ele><time>2024-09-03T18:55:53Z</time></trkpt><trkpt lat="43.39417257" lon="-5.82558443"><ele>194.33</ele><time>2024-09-03T18:55:54Z</time></trkpt><trkpt lat="43.39416232" lon="-5.82559251"><ele>194.41</ele><time>2024-09-03T18:55:55Z</time></trkpt><trkpt lat="43.39415196" lon="-5.82560068"><ele>194.49</ele><time>2024-09-03T18:55:56Z</time></trkpt><trkpt lat="43.39414151" lon="-5.82560890"><ele>194.58</ele><time>2024-09-03T18:55:57Z</time></trkpt><trkpt lat="43.39413100" lon="-5.82561717"><ele>194.66</ele><time>2024-09-03T18:55:58Z</time></trkpt><trkpt lat="43.39412045" lon="-5.82562546"><ele>194.75</ele><time>2024-09-03T18:55:59Z</time></trkpt><trkpt lat="43.39410987" lon="-5.82563378"><ele>194.83</ele><time>2024-09-03T18:56:00Z</time></trkpt><trkpt lat="43.39409927" lon="-5.82564211"><ele>194.91</ele><time>2024-09-03T18:56:01Z</time></trkpt><trkpt lat="43.39408866" lon="-5.82565045"><ele>195.00</ele><time>2024-09-03T18:56:02Z</time></trkpt><trkpt lat="43.39407804" lon="-5.82565879"><ele>195.08</ele><time>2024-09-03T18:56:03Z</time></trkpt><trkpt lat="43.39406623" lon="-5.82566546"><ele>195.15</ele><time>2024-09-03T18:56:04Z</time></trkpt><trkpt lat="43.39405359" lon="-5.82567095"><ele>195.20</ele><time>2024-09-03T18:56:05Z</time></trkpt><trkpt lat="43.39404037" lon="-5.82567562"><ele>195.25</ele><time>2024-09-03T18:56:06Z</time></trkpt><trkpt lat="43.39402674" lon="-5.82567971"><ele>195.28</ele><time>2024-09-03T18:56:07Z</time></trkpt><trkpt lat="43.39401283" lon="-5.82568340"><ele>195.31</ele><time>2024-09-03T18:56:08Z</time></trkpt><trkpt lat="43.39399872" lon="-5.82568680"><ele>195.34</ele><time>2024-09-03T18:56:09Z</time></trkpt><trkpt lat="43.39398447" lon="-5.82569001"><ele>195.37</ele><time>2024-09-03T18:56:10Z</time></trkpt><trkpt lat="43.39397012" lon="-5.82569308"><ele>195.40</ele><time>2024-09-03T18:56:11Z</time></trkpt><trkpt lat="43.39395570" lon="-5.82569605"><ele>195.42</ele><time>2024-09-03T18:56:12Z</time></trkpt><trkpt lat="43.39394124" lon="-5.82569896"><ele>195.45</ele><time>2024-09-03T18:56:13Z</time></trkpt><trkpt lat="43.39392674" lon="-5.82570182"><ele>195.47</ele><time>2024-09-03T18:56:14Z</time></trkpt><trkpt lat="43.39391221" lon="-5.82570464"><ele>195.49</ele><time>2024-09-03T18:56:15Z</time></trkpt><trkpt lat="43.39389768" lon="-5.82570744"><ele>195.52</ele><time>2024-09-03T18:56:16Z</time></trkpt><trkpt lat="43.39388313" lon="-5.82571023"><ele>195.54</ele><time>2024-09-03T18:56:17Z</time></trkpt><trkpt lat="43.39386857" lon="-5.82571300"><ele>195.56</ele><time>2024-09-03T18:56:18Z</time></trkpt><trkpt lat="43.39385400" lon="-5.82571577"><ele>195.58</ele><time>2024-09-03T18:56:19Z</time></trkpt><trkpt lat="43.39383944" lon="-5.82571853"><ele>195.61</ele><time>2024-09-03T18:56:20Z</time></trkpt><trkpt lat="43.39382487" lon="-5.82572128"><ele>195.63</ele><time>2024-09-03T18:56:21Z</time></trkpt><trkpt lat="43.39381029" lon="-5.82572404"><ele>195.65</ele><time>2024-09-03T18:56:22Z</time></trkpt><trkpt lat="43.39379572" lon="-5.82572679"><ele>195.67</ele><time>2024-09-03T18:56:23Z</time></trkpt><trkpt lat="43.39378115" lon="-5.82572954"><ele>195.70</ele><time>2024-09-03T18:56:24Z</time></trkpt><trkpt lat="43.39376657" lon="-5.82573229"><ele>195.72</ele><time>2024-09-03T18:56:25Z</time></trkpt><trkpt lat="43.39375300" lon="-5.82573087"><ele>195.71</ele><time>2024-09-03T18:56:26Z</time></trkpt><trkpt lat="43.39374013" lon="-5.82572653"><ele>195.68</ele><time>2024-09-03T18:56:27Z</time></trkpt><trkpt lat="43.39372775" lon="-5.82572014"><ele>195.64</ele><time>2024-09-03T18:56:28Z</time></trkpt><trkpt lat="43.39371571" lon="-5.82571233"><ele>195.59</ele><time>2024-09-03T18:56:29Z</time></trkpt><trkpt lat="43.39370392" lon="-5.82570351"><ele>195.53</ele><time>2024-09-03T18:56:30Z</time></trkpt><trkpt lat="43.39369230" lon="-5.82569399"><ele>195.46</ele><time>2024-09-03T18:56:31Z</time></trkpt><trkpt lat="43.39368079" lon="-5.82568399"><ele>195.39</ele><time>2024-09-03T18:56:32Z</time></trkpt><trkpt lat="43.39366936" lon="-5.82567364"><ele>195.32</ele><time>2024-09-03T18:56:33Z</time></trkpt><trkpt lat="43.39365800" lon="-5.82566304"><ele>195.25</ele><time>2024-09-03T18:56:34Z</time></trkpt><trkpt lat="43.39364667" lon="-5.82565228"><ele>195.18</ele><time>2024-09-03T18:56:35Z</time></trkpt><trkpt lat="43.39363537" lon="-5.82564141"><ele>195.10</ele><time>2024-09-03T18:56:36Z</time></trkpt><trkpt lat="43.39362410" lon="-5.82563045"><ele>195.03</ele><time>2024-09-03T18:56:37Z</time></trkpt><trkpt lat="43.39361283" lon="-5.82561943"><ele>194.95</ele><time>2024-09-03T18:56:38Z</time></trkpt><trkpt lat="43.39360158" lon="-5.82560837"><ele>194.88</ele><time>2024-09-03T18:56:39Z</time></trkpt><trkpt lat="43.39359033" lon="-5.82559729"><ele>194.80</ele><time>2024-09-03T18:56:40Z</time></trkpt><trkpt lat="43.39357909" lon="-5.82558618"><ele>194.73</ele><time>2024-09-03T18:56:41Z</time></trkpt><trkpt lat="43.39356785" lon="-5.82557506"><ele>194.65</ele><time>2024-09-03T18:56:42Z</time></trkpt><trkpt lat="43.39355661" lon="-5.82556393"><ele>194.57</ele><time>2024-09-03T18:56:43Z</time></trkpt><trkpt lat="43.39354537" lon="-5.82555279"><ele>194.50</ele><time>2024-09-03T18:56:44Z</time></trkpt><trkpt lat="43.39353355" lon="-5.82554118"><ele>194.43</ele><time>2024-09-03T18:56:45Z</time></trkpt><trkpt lat="43.39352132" lon="-5.82552923"><ele>194.36</ele><time>2024-09-03T18:56:46Z</time></trkpt><trkpt lat="43.39350880" lon="-5.82551704"><ele>194.29</ele><time>2024-09-03T18:56:47Z</time></trkpt><trkpt lat="43.39349607" lon="-5.82550469"><ele>194.22</ele><time>2024-09-03T18:56:48Z</time></trkpt><trkpt lat="43.39348321" lon="-5.82549223"><ele>194.16</ele><time>2024-09-03T18:56:49Z</time></trkpt><trkpt lat="43.39347025" lon="-5.82547968"><ele>194.09</ele><time>2024-09-03T18:56:50Z</time></trkpt><trkpt lat="43.39345722" lon="-5.82546708"><ele>194.03</ele><time>2024-09-03T18:56:51Z</time></trkpt><trkpt lat="43.39344414" lon="-5.82545444"><ele>193.97</ele><time>2024-09-03T18:56:52Z</time></trkpt><trkpt lat="43.39343102" lon="-5.82544177"><ele>193.90</ele><time>2024-09-03T18:56:53Z</time></trkpt><trkpt lat="43.39341789" lon="-5.82542908"><ele>193.84</ele><time>2024-09-03T18:56:54Z</time></trkpt><trkpt lat="43.39340473" lon="-5.82541638"><ele>193.78</ele><time>2024-09-03T18:56:55Z</time></trkpt><trkpt lat="43.39339157" lon="-5.82540367"><ele>193.72</ele><time>2024-09-03T18:56:56Z</time></trkpt><trkpt lat="43.39337839" lon="-5.82539095"><ele>193.65</ele><time>2024-09-03T18:56:57Z</time></trkpt><trkpt lat="43.39336522" lon="-5.82537823"><ele>193.59</ele><time>2024-09-03T18:56:58Z</time></trkpt><trkpt lat="43.39335203" lon="-5.82536550"><ele>193.53</ele><time>2024-09-03T18:56:59Z</time></trkpt><trkpt lat="43.39333885" lon="-5.82535277"><ele>193.46</ele><time>2024-09-03T18:57:00Z</time></trkpt><trkpt lat="43.39332566" lon="-5.82534005"><ele>193.40</ele><time>2024-09-03T18:57:01Z</time></trkpt><trkpt lat="43.39331247" lon="-5.82532731"><ele>193.34</ele><time>2024-09-03T18:57:02Z</time></trkpt><trkpt lat="43.39329928" lon="-5.82531458"><ele>193.28</ele><time>2024-09-03T18:57:03Z</time></trkpt><trkpt lat="43.39328609" lon="-5.82530185"><ele>193.21</ele><time>2024-09-03T18:57:04Z</time></trkpt><trkpt lat="43.39327290" lon="-5.82528912"><ele>193.15</ele><time>2024-09-03T18:57:05Z</time></trkpt><trkpt lat="43.39325971" lon="-5.82527639"><ele>193.09</ele><time>2024-09-03T18:57:06Z</time></trkpt><trkpt lat="43.39324651" lon="-5.82526365"><ele>193.03</ele><time>2024-09-03T18:57:07Z</time></trkpt><trkpt lat="43.39323396" lon="-5.82525078"><ele>192.96</ele><time>2024-09-03T18:57:08Z</time></trkpt><trkpt lat="43.39322186" lon="-5.82523782"><ele>192.89</ele><time>2024-09-03T18:57:09Z</time></trkpt><trkpt lat="43.39321007" lon="-5.82522479"><ele>192.82</ele><time>2024-09-03T18:57:10Z</time></trkpt><trkpt lat="43.39319849" lon="-5.82521171"><ele>192.75</ele><time>2024-09-03T18:57:11Z</time></trkpt><trkpt lat="43.39318708" lon="-5.82519860"><ele>192.67</ele><time>2024-09-03T18:57:12Z</time></trkpt><trkpt lat="43.39317577" lon="-5.82518547"><ele>192.60</ele><time>2024-09-03T18:57:13Z</time></trkpt><trkpt lat="43.39316453" lon="-5.82517232"><ele>192.52</ele><time>2024-09-03T18:57:14Z</time></trkpt><trkpt lat="43.39315335" lon="-5.82515916"><ele>192.45</ele><time>2024-09-03T18:57:15Z</time></trkpt><trkpt lat="43.39314220" lon="-5.82514599"><ele>192.37</ele><time>2024-09-03T18:57:16Z</time></trkpt><trkpt lat="43.39313108" lon="-5.82513282"><ele>192.30</ele><time>2024-09-03T18:57:17Z</time></trkpt><trkpt lat="43.39311998" lon="-5.82511964"><ele>192.22</ele><time>2024-09-03T18:57:18Z</time></trkpt><trkpt lat="43.39310889" lon="-5.82510646"><ele>192.15</ele><time>2024-09-03T18:57:19Z</time></trkpt><trkpt lat="43.39309781" lon="-5.82509328"><ele>192.07</ele><time>2024-09-03T18:57:20Z</time></trkpt><trkpt lat="43.39308674" lon="-5.82508010"><ele>192.00</ele><time>2024-09-03T18:57:21Z</time></trkpt><trkpt lat="43.39307567" lon="-5.82506692"><ele>191.92</ele><time>2024-09-03T18:57:22Z</time></trkpt><trkpt lat="43.39306460" lon="-5.82505373"><ele>191.84</ele><time>2024-09-03T18:57:23Z</time></trkpt><trkpt lat="43.39305354" lon="-5.82504055"><ele>191.77</ele><time>2024-09-03T18:57:24Z</time></trkpt><trkpt lat="43.39304247" lon="-5.82502736"><ele>191.69</ele><time>2024-09-03T18:57:25Z</time></trkpt><trkpt lat="43.39303141" lon="-5.82501417"><ele>191.62</ele><time>2024-09-03T18:57:26Z</time></trkpt><trkpt lat="43.39302131" lon="-5.82500262"><ele>191.56</ele><time>2024-09-03T18:57:27Z</time></trkpt><trkpt lat="43.39301187" lon="-5.82499219"><ele>191.53</ele><time>2024-09-03T18:57:28Z</time></trkpt><trkpt lat="43.39300290" lon="-5.82498257"><ele>191.50</ele><time>2024-09-03T18:57:29Z</time></trkpt><trkpt lat="43.39299427" lon="-5.82497350"><ele>191.48</ele><time>2024-09-03T18:57:30Z</time></trkpt><trkpt lat="43.39298586" lon="-5.82496483"><ele>191.47</ele><time>2024-09-03T18:57:31Z</time></trkpt><trkpt lat="43.39297761" lon="-5.82495643"><ele>191.46</ele><time>2024-09-03T18:57:32Z</time></trkpt><trkpt lat="43.39296948" lon="-5.82494822"><ele>191.45</ele><time>2024-09-03T18:57:33Z</time></trkpt><trkpt lat="43.39296142" lon="-5.82494014"><ele>191.45</ele><time>2024-09-03T18:57:34Z</time></trkpt><trkpt lat="43.39295342" lon="-5.82493215"><ele>191.45</ele><time>2024-09-03T18:57:35Z</time></trkpt><trkpt lat="43.39294546" lon="-5.82492424"><ele>191.44</ele><time>2024-09-03T18:57:36Z</time></trkpt><trkpt lat="43.39293753" lon="-5.82491636"><ele>191.44</ele><time>2024-09-03T18:57:37Z</time></trkpt><trkpt lat="43.39292860" lon="-5.82490685"><ele>191.44</ele><time>2024-09-03T18:57:38Z</time></trkpt><trkpt lat="43.39291899" lon="-5.82489618"><ele>191.44</ele><time>2024-09-03T18:57:39Z</time></trkpt><trkpt lat="43.39290889" lon="-5.82488470"><ele>191.44</ele><time>2024-09-03T18:57:40Z</time></trkpt><trkpt lat="43.39289845" lon="-5.82487266"><ele>191.44</ele><time>2024-09-03T18:57:41Z</time></trkpt><trkpt lat="43.39288777" lon="-5.82486022"><ele>191.44</ele><time>2024-09-03T18:57:42Z</time></trkpt><trkpt lat="43.39287693" lon="-5.82484751"><ele>191.44</ele><time>2024-09-03T18:57:43Z</time></trkpt><trkpt lat="43.39286596" lon="-5.82483461"><ele>191.44</ele><time>2024-09-03T18:57:44Z</time></trkpt><trkpt lat="43.39285492" lon="-5.82482156"><ele>191.44</ele><time>2024-09-03T18:57:45Z</time></trkpt><trkpt lat="43.39284382" lon="-5.82480843"><ele>191.44</ele><time>2024-09-03T18:57:46Z</time></trkpt><trkpt lat="43.39283269" lon="-5.82479522"><ele>191.44</ele><time>2024-09-03T18:57:47Z</time></trkpt><trkpt lat="43.39282152" lon="-5.82478197"><ele>191.44</ele><time>2024-09-03T18:57:48Z</time></trkpt><trkpt lat="43.39281033" lon="-5.82476869"><ele>191.44</ele><time>2024-09-03T18:57:49Z</time></trkpt><trkpt lat="43.39279913" lon="-5.82475539"><ele>191.44</ele><time>2024-09-03T18:57:50Z</time></trkpt><trkpt lat="43.39278792" lon="-5.82474207"><ele>191.44</ele><time>2024-09-03T18:57:51Z</time></trkpt><trkpt lat="43.39277671" lon="-5.82472873"><ele>191.44</ele><time>2024-09-03T18:57:52Z</time></trkpt><trkpt lat="43.39276549" lon="-5.82471539"><ele>191.44</ele><time>2024-09-03T18:57:53Z</time></trkpt><trkpt lat="43.39275426" lon="-5.82470205"><ele>191.44</ele><time>2024-09-03T18:57:54Z</time></trkpt><trkpt lat="43.39274304" lon="-5.82468870"><ele>191.44</ele><time>2024-09-03T18:57:55Z</time></trkpt><trkpt lat="43.39273181" lon="-5.82467535"><ele>191.44</ele><time>2024-09-03T18:57:56Z</time></trkpt><trkpt lat="43.39271960" lon="-5.82466346"><ele>191.44</ele><time>2024-09-03T18:57:57Z</time></trkpt><trkpt lat="43.39270627" lon="-5.82465549"><ele>191.43</ele><time>2024-09-03T18:57:58Z</time></trkpt><trkpt lat="43.39269217" lon="-5.82465026"><ele>191.41</ele><time>2024-09-03T18:57:59Z</time></trkpt><trkpt lat="43.39267752" lon="-5.82464695"><ele>191.38</ele><time>2024-09-03T18:58:00Z</time></trkpt><trkpt lat="43.39266248" lon="-5.82464498"><ele>191.35</ele><time>2024-09-03T18:58:01Z</time></trkpt><trkpt lat="43.39264718" lon="-5.82464395"><ele>191.32</ele><time>2024-09-03T18:58:02Z</time></trkpt><trkpt lat="43.39263170" lon="-5.82464357"><ele>191.28</ele><time>2024-09-03T18:58:03Z</time></trkpt><trkpt lat="43.39261608" lon="-5.82464366"><ele>191.25</ele><time>2024-09-03T18:58:04Z</time></trkpt><trkpt lat="43.39260036" lon="-5.82464407"><ele>191.21</ele><time>2024-09-03T18:58:05Z</time></trkpt><trkpt lat="43.39258459" lon="-5.82464471"><ele>191.17</ele><time>2024-09-03T18:58:06Z</time></trkpt><trkpt lat="43.39256877" lon="-5.82464550"><ele>191.13</ele><time>2024-09-03T18:58:07Z</time></trkpt><trkpt lat="43.39255292" lon="-5.82464641"><ele>191.09</ele><time>2024-09-03T18:58:08Z</time></trkpt><trkpt lat="43.39253704" lon="-5.82464739"><ele>191.05</ele><time>2024-09-03T18:58:09Z</time></trkpt><trkpt lat="43.39252115" lon="-5.82464843"><ele>191.01</ele><time>2024-09-03T18:58:10Z</time></trkpt><trkpt lat="43.39250525" lon="-5.82464950"><ele>190.97</ele><time>2024-09-03T18:58:11Z</time></trkpt><trkpt lat="43.39248934" lon="-5.82465060"><ele>190.93</ele><time>2024-09-03T18:58:12Z</time></trkpt><trkpt lat="43.39247343" lon="-5.82465172"><ele>190.89</ele><time>2024-09-03T18:58:13Z</time></trkpt><trkpt lat="43.39245751" lon="-5.82465286"><ele>190.85</ele><time>2024-09-03T18:58:14Z</time></trkpt><trkpt lat="43.39244159" lon="-5.82465400"><ele>190.81</ele><time>2024-09-03T18:58:15Z</time></trkpt><trkpt lat="43.39242567" lon="-5.82465515"><ele>190.77</ele><time>2024-09-03T18:58:16Z</time></trkpt><trkpt lat="43.39240975" lon="-5.82465630"><ele>190.73</ele><time>2024-09-03T18:58:17Z</time></trkpt><trkpt lat="43.39239383" lon="-5.82465745"><ele>190.69</ele><time>2024-09-03T18:58:18Z</time></trkpt><trkpt lat="43.39237790" lon="-5.82465861"><ele>190.65</ele><time>2024-09-03T18:58:19Z</time></trkpt><trkpt lat="43.39236198" lon="-5.82465977"><ele>190.61</ele><time>2024-09-03T18:58:20Z</time></trkpt><trkpt lat="43.39234605" lon="-5.82466093"><ele>190.57</ele><time>2024-09-03T18:58:21Z</time></trkpt><trkpt lat="43.39233008" lon="-5.82466414"><ele>190.51</ele><time>2024-09-03T18:58:22Z</time></trkpt><trkpt lat="43.39231408" lon="-5.82466879"><ele>190.42</ele><time>2024-09-03T18:58:23Z</time></trkpt><trkpt lat="43.39229806" lon="-5.82467443"><ele>190.32</ele><time>2024-09-03T18:58:24Z</time></trkpt><trkpt lat="43.39228202" lon="-5.82468079"><ele>190.21</ele><time>2024-09-03T18:58:25Z</time></trkpt><trkpt lat="43.39226597" lon="-5.82468763"><ele>190.10</ele><time>2024-09-03T18:58:26Z</time></trkpt><trkpt lat="43.39224992" lon="-5.82469482"><ele>189.98</ele><time>2024-09-03T18:58:27Z</time></trkpt><trkpt lat="43.39223385" lon="-5.82470225"><ele>189.86</ele><time>2024-09-03T18:58:28Z</time></trkpt><trkpt lat="43.39221779" lon="-5.82470984"><ele>189.73</ele><time>2024-09-03T18:58:29Z</time></trkpt><trkpt lat="43.39220172" lon="-5.82471756"><ele>189.61</ele><time>2024-09-03T18:58:30Z</time></trkpt><trkpt lat="43.39218565" lon="-5.82472536"><ele>189.48</ele><time>2024-09-03T18:58:31Z</time></trkpt><trkpt lat="43.39216958" lon="-5.82473322"><ele>189.35</ele><time>2024-09-03T18:58:32Z</time></trkpt><trkpt lat="43.39215351" lon="-5.82474111"><ele>189.22</ele><time>2024-09-03T18:58:33Z</time></trkpt><trkpt lat="43.39213744" lon="-5.82474904"><ele>189.10</ele><time>2024-09-03T18:58:34Z</time></trkpt><trkpt lat="43.39212136" lon="-5.82475699"><ele>188.97</ele><time>2024-09-03T18:58:35Z</time></trkpt><trkpt lat="43.39210529" lon="-5.82476494"><ele>188.84</ele><time>2024-09-03T18:58:36Z</time></trkpt><trkpt lat="43.39208922" lon="-5.82477291"><ele>188.71</ele><time>2024-09-03T18:58:37Z</time></trkpt><trkpt lat="43.39207314" lon="-5.82478089"><ele>188.58</ele><time>2024-09-03T18:58:38Z</time></trkpt><trkpt lat="43.39205707" lon="-5.82478887"><ele>188.45</ele><time>2024-09-03T18:58:39Z</time></trkpt><trkpt lat="43.39204100" lon="-5.82479685"><ele>188.32</ele><time>2024-09-03T18:58:40Z</time></trkpt><trkpt lat="43.39202492" lon="-5.82480484"><ele>188.19</ele><time>2024-09-03T18:58:41Z</time></trkpt><trkpt lat="43.39200885" lon="-5.82481283"><ele>188.06</ele><time>2024-09-03T18:58:42Z</time></trkpt><trkpt lat="43.39199277" lon="-5.82482082"><ele>187.93</ele><time>2024-09-03T18:58:43Z</time></trkpt><trkpt lat="43.39197670" lon="-5.82482881"><ele>187.80</ele><time>2024-09-03T18:58:44Z</time></trkpt><trkpt lat="43.39196063" lon="-5.82483680"><ele>187.67</ele><time>2024-09-03T18:58:45Z</time></trkpt><trkpt lat="43.39194455" lon="-5.82484479"><ele>187.54</ele><time>2024-09-03T18:58:46Z</time></trkpt><trkpt lat="43.39192848" lon="-5.82485278"><ele>187.41</ele><time>2024-09-03T18:58:47Z</time></trkpt><trkpt lat="43.39191252" lon="-5.82486071"><ele>187.28</ele><time>2024-09-03T18:58:48Z</time></trkpt><trkpt lat="43.39189664" lon="-5.82486860"><ele>187.15</ele><time>2024-09-03T18:58:49Z</time></trkpt><trkpt lat="43.39188081" lon="-5.82487647"><ele>187.02</ele><time>2024-09-03T18:58:50Z</time></trkpt><trkpt lat="43.39186502" lon="-5.82488431"><ele>186.89</ele><time>2024-09-03T18:58:51Z</time></trkpt><trkpt lat="43.39184926" lon="-5.82489214"><ele>186.76</ele><time>2024-09-03T18:58:52Z</time></trkpt><trkpt lat="43.39183352" lon="-5.82489995"><ele>186.63</ele><time>2024-09-03T18:58:53Z</time></trkpt><trkpt lat="43.39181779" lon="-5.82490777"><ele>186.50</ele><time>2024-09-03T18:58:54Z</time></trkpt><trkpt lat="43.39180207" lon="-5.82491557"><ele>186.37</ele><time>2024-09-03T18:58:55Z</time></trkpt><trkpt lat="43.39178636" lon="-5.82492338"><ele>186.24</ele><time>2024-09-03T18:58:56Z</time></trkpt><trkpt lat="43.39177065" lon="-5.82493118"><ele>186.11</ele><time>2024-09-03T18:58:57Z</time></trkpt><trkpt lat="43.39175495" lon="-5.82493898"><ele>185.98</ele><time>2024-09-03T18:58:58Z</time></trkpt><trkpt lat="43.39173925" lon="-5.82494677"><ele>185.84</ele><time>2024-09-03T18:58:59Z</time></trkpt><trkpt lat="43.39172355" lon="-5.82495457"><ele>185.71</ele><time>2024-09-03T18:59:00Z</time></trkpt><trkpt lat="43.39170785" lon="-5.82496237"><ele>185.58</ele><time>2024-09-03T18:59:01Z</time></trkpt><trkpt lat="43.39169215" lon="-5.82497016"><ele>185.45</ele><time>2024-09-03T18:59:02Z</time></trkpt><trkpt lat="43.39167645" lon="-5.82497796"><ele>185.32</ele><time>2024-09-03T18:59:03Z</time></trkpt><trkpt lat="43.39166075" lon="-5.82498575"><ele>185.19</ele><time>2024-09-03T18:59:04Z</time></trkpt><trkpt lat="43.39164505" lon="-5.82499355"><ele>185.06</ele><time>2024-09-03T18:59:05Z</time></trkpt><trkpt lat="43.39162936" lon="-5.82500135"><ele>184.93</ele><time>2024-09-03T18:59:06Z</time></trkpt><trkpt lat="43.39161366" lon="-5.82500914"><ele>184.80</ele><time>2024-09-03T18:59:07Z</time></trkpt><trkpt lat="43.39159796" lon="-5.82501694"><ele>184.67</ele><time>2024-09-03T18:59:08Z</time></trkpt><trkpt lat="43.39158227" lon="-5.82502473"><ele>184.54</ele><time>2024-09-03T18:59:09Z</time></trkpt><trkpt lat="43.39156677" lon="-5.82503291"><ele>184.39</ele><time>2024-09-03T18:59:10Z</time></trkpt><trkpt lat="43.39155142" lon="-5.82504135"><ele>184.24</ele><time>2024-09-03T18:59:11Z</time></trkpt><trkpt lat="43.39153618" lon="-5.82504998"><ele>184.09</ele><time>2024-09-03T18:59:12Z</time></trkpt><trkpt lat="43.39152100" lon="-5.82505873"><ele>183.93</ele><time>2024-09-03T18:59:13Z</time></trkpt><trkpt lat="43.39150587" lon="-5.82506758"><ele>183.76</ele><time>2024-09-03T18:59:14Z</time></trkpt><trkpt lat="43.39149078" lon="-5.82507650"><ele>183.60</ele><time>2024-09-03T18:59:15Z</time></trkpt><trkpt lat="43.39147571" lon="-5.82508545"><ele>183.43</ele><time>2024-09-03T18:59:16Z</time></trkpt><trkpt lat="43.39146065" lon="-5.82509444"><ele>183.26</ele><time>2024-09-03T18:59:17Z</time></trkpt><trkpt lat="43.39144561" lon="-5.82510345"><ele>183.10</ele><time>2024-09-03T18:59:18Z</time></trkpt><trkpt lat="43.39143058" lon="-5.82511248"><ele>182.93</ele><time>2024-09-03T18:59:19Z</time></trkpt><trkpt lat="43.39141555" lon="-5.82512152"><ele>182.76</ele><time>2024-09-03T18:59:20Z</time></trkpt><trkpt lat="43.39140053" lon="-5.82513056"><ele>182.59</ele><time>2024-09-03T18:59:21Z</time></trkpt><trkpt lat="43.39138551" lon="-5.82513961"><ele>182.42</ele><time>2024-09-03T18:59:22Z</time></trkpt><trkpt lat="43.39137049" lon="-5.82514867"><ele>182.25</ele><time>2024-09-03T18:59:23Z</time></trkpt><trkpt lat="43.39135548" lon="-5.82515772"><ele>182.08</ele><time>2024-09-03T18:59:24Z</time></trkpt><trkpt lat="43.39134046" lon="-5.82516678"><ele>181.91</ele><time>2024-09-03T18:59:25Z</time></trkpt><trkpt lat="43.39132544" lon="-5.82517584"><ele>181.75</ele><time>2024-09-03T18:59:26Z</time></trkpt><trkpt lat="43.39131092" lon="-5.82518438"><ele>181.58</ele><time>2024-09-03T18:59:27Z</time></trkpt><trkpt lat="43.39129674" lon="-5.82519257"><ele>181.41</ele><time>2024-09-03T18:59:28Z</time></trkpt><trkpt lat="43.39128281" lon="-5.82520050"><ele>181.25</ele><time>2024-09-03T18:59:29Z</time></trkpt><trkpt lat="43.39126904" lon="-5.82520825"><ele>181.09</ele><time>2024-09-03T18:59:30Z</time></trkpt><trkpt lat="43.39125539" lon="-5.82521588"><ele>180.93</ele><time>2024-09-03T18:59:31Z</time></trkpt><trkpt lat="43.39124182" lon="-5.82522342"><ele>180.76</ele><time>2024-09-03T18:59:32Z</time></trkpt><trkpt lat="43.39122831" lon="-5.82523090"><ele>180.60</ele><time>2024-09-03T18:59:33Z</time></trkpt><trkpt lat="43.39121485" lon="-5.82523833"><ele>180.44</ele><time>2024-09-03T18:59:34Z</time></trkpt><trkpt lat="43.39120141" lon="-5.82524574"><ele>180.28</ele><time>2024-09-03T18:59:35Z</time></trkpt><trkpt lat="43.39118799" lon="-5.82525313"><ele>180.12</ele><time>2024-09-03T18:59:36Z</time></trkpt><trkpt lat="43.39117458" lon="-5.82526050"><ele>179.96</ele><time>2024-09-03T18:59:37Z</time></trkpt><trkpt lat="43.39116118" lon="-5.82526787"><ele>179.80</ele><time>2024-09-03T18:59:38Z</time></trkpt><trkpt lat="43.39114779" lon="-5.82527522"><ele>179.64</ele><time>2024-09-03T18:59:39Z</time></trkpt><trkpt lat="43.39113441" lon="-5.82528257"><ele>179.48</ele><time>2024-09-03T18:59:40Z</time></trkpt><trkpt lat="43.39112103" lon="-5.82528992"><ele>179.32</ele><time>2024-09-03T18:59:41Z</time></trkpt><trkpt lat="43.39110765" lon="-5.82529726"><ele>179.16</ele><time>2024-09-03T18:59:42Z</time></trkpt><trkpt lat="43.39109427" lon="-5.82530461"><ele>179.00</ele><time>2024-09-03T18:59:43Z</time></trkpt><trkpt lat="43.39108089" lon="-5.82531195"><ele>178.83</ele><time>2024-09-03T18:59:44Z</time></trkpt><trkpt lat="43.39106762" lon="-5.82531895"><ele>178.70</ele><time>2024-09-03T18:59:45Z</time></trkpt><trkpt lat="43.39105441" lon="-5.82532571"><ele>178.58</ele><time>2024-09-03T18:59:46Z</time></trkpt><trkpt lat="43.39104125" lon="-5.82533230"><ele>178.47</ele><time>2024-09-03T18:59:47Z</time></trkpt><trkpt lat="43.39102812" lon="-5.82533878"><ele>178.37</ele><time>2024-09-03T18:59:48Z</time></trkpt><trkpt lat="43.39101502" lon="-5.82534517"><ele>178.28</ele><time>2024-09-03T18:59:49Z</time></trkpt><trkpt lat="43.39100193" lon="-5.82535151"><ele>178.19</ele><time>2024-09-03T18:59:50Z</time></trkpt><trkpt lat="43.39098885" lon="-5.82535781"><ele>178.10</ele><time>2024-09-03T18:59:51Z</time></trkpt><trkpt lat="43.39097579" lon="-5.82536407"><ele>178.02</ele><time>2024-09-03T18:59:52Z</time></trkpt><trkpt lat="43.39096273" lon="-5.82537032"><ele>177.93</ele><time>2024-09-03T18:59:53Z</time></trkpt><trkpt lat="43.39094967" lon="-5.82537656"><ele>177.85</ele><time>2024-09-03T18:59:54Z</time></trkpt><trkpt lat="43.39093662" lon="-5.82538278"><ele>177.77</ele><time>2024-09-03T18:59:55Z</time></trkpt><trkpt lat="43.39092356" lon="-5.82538900"><ele>177.69</ele><time>2024-09-03T18:59:56Z</time></trkpt><trkpt lat="43.39091051" lon="-5.82539521"><ele>177.61</ele><time>2024-09-03T18:59:57Z</time></trkpt><trkpt lat="43.39089746" lon="-5.82540142"><ele>177.53</ele><time>2024-09-03T18:59:58Z</time></trkpt><trkpt lat="43.39088441" lon="-5.82540763"><ele>177.45</ele><time>2024-09-03T18:59:59Z</time></trkpt><trkpt lat="43.39087136" lon="-5.82541384"><ele>177.37</ele><time>2024-09-03T19:00:00Z</time></trkpt><trkpt lat="43.39085831" lon="-5.82542004"><ele>177.29</ele><time>2024-09-03T19:00:01Z</time></trkpt><trkpt lat="43.39084527" lon="-5.82542625"><ele>177.21</ele><time>2024-09-03T19:00:02Z</time></trkpt><trkpt lat="43.39083261" lon="-5.82543104"><ele>177.15</ele><time>2024-09-03T19:00:03Z</time></trkpt><trkpt lat="43.39082023" lon="-5.82543483"><ele>177.11</ele><time>2024-09-03T19:00:04Z</time></trkpt><trkpt lat="43.39080804" lon="-5.82543793"><ele>177.08</ele><time>2024-09-03T19:00:05Z</time></trkpt><trkpt lat="43.39079599" lon="-5.82544055"><ele>177.06</ele><time>2024-09-03T19:00:06Z</time></trkpt><trkpt lat="43.39078403" lon="-5.82544283"><ele>177.05</ele><time>2024-09-03T19:00:07Z</time></trkpt><trkpt lat="43.39077213" lon="-5.82544487"><ele>177.04</ele><time>2024-09-03T19:00:08Z</time></trkpt><trkpt lat="43.39076029" lon="-5.82544674"><ele>177.04</ele><time>2024-09-03T19:00:09Z</time></trkpt><trkpt lat="43.39074847" lon="-5.82544849"><ele>177.03</ele><time>2024-09-03T19:00:10Z</time></trkpt><trkpt lat="43.39073668" lon="-5.82545016"><ele>177.03</ele><time>2024-09-03T19:00:11Z</time></trkpt><trkpt lat="43.39072490" lon="-5.82545178"><ele>177.03</ele><time>2024-09-03T19:00:12Z</time></trkpt><trkpt lat="43.39071313" lon="-5.82545336"><ele>177.02</ele><time>2024-09-03T19:00:13Z</time></trkpt><trkpt lat="43.39070138" lon="-5.82545490"><ele>177.02</ele><time>2024-09-03T19:00:14Z</time></trkpt><trkpt lat="43.39068962" lon="-5.82545643"><ele>177.02</ele><time>2024-09-03T19:00:15Z</time></trkpt><trkpt lat="43.39067788" lon="-5.82545795"><ele>177.02</ele><time>2024-09-03T19:00:16Z</time></trkpt><trkpt lat="43.39066613" lon="-5.82545945"><ele>177.02</ele><time>2024-09-03T19:00:17Z</time></trkpt><trkpt lat="43.39065439" lon="-5.82546095"><ele>177.02</ele><time>2024-09-03T19:00:18Z</time></trkpt><trkpt lat="43.39064239" lon="-5.82546229"><ele>177.01</ele><time>2024-09-03T19:00:19Z</time></trkpt><trkpt lat="43.39063022" lon="-5.82546351"><ele>177.00</ele><time>2024-09-03T19:00:20Z</time></trkpt><trkpt lat="43.39061793" lon="-5.82546465"><ele>176.98</ele><time>2024-09-03T19:00:21Z</time></trkpt><trkpt lat="43.39060555" lon="-5.82546574"><ele>176.96</ele><time>2024-09-03T19:00:22Z</time></trkpt><trkpt lat="43.39059311" lon="-5.82546678"><ele>176.93</ele><time>2024-09-03T19:00:23Z</time></trkpt><trkpt lat="43.39058063" lon="-5.82546780"><ele>176.91</ele><time>2024-09-03T19:00:24Z</time></trkpt><trkpt lat="43.39056813" lon="-5.82546881"><ele>176.88</ele><time>2024-09-03T19:00:25Z</time></trkpt><trkpt lat="43.39055560" lon="-5.82546979"><ele>176.86</ele><time>2024-09-03T19:00:26Z</time></trkpt><trkpt lat="43.39054305" lon="-5.82547077"><ele>176.83</ele><time>2024-09-03T19:00:27Z</time></trkpt><trkpt lat="43.39053050" lon="-5.82547174"><ele>176.80</ele><time>2024-09-03T19:00:28Z</time></trkpt><trkpt lat="43.39051794" lon="-5.82547271"><ele>176.77</ele><time>2024-09-03T19:00:29Z</time></trkpt><trkpt lat="43.39050537" lon="-5.82547367"><ele>176.75</ele><time>2024-09-03T19:00:30Z</time></trkpt><trkpt lat="43.39049280" lon="-5.82547464"><ele>176.72</ele><time>2024-09-03T19:00:31Z</time></trkpt><trkpt lat="43.39048023" lon="-5.82547560"><ele>176.69</ele><time>2024-09-03T19:00:32Z</time></trkpt><trkpt lat="43.39046765" lon="-5.82547656"><ele>176.66</ele><time>2024-09-03T19:00:33Z</time></trkpt><trkpt lat="43.39045508" lon="-5.82547751"><ele>176.63</ele><time>2024-09-03T19:00:34Z</time></trkpt><trkpt lat="43.39044250" lon="-5.82547847"><ele>176.61</ele><time>2024-09-03T19:00:35Z</time></trkpt><trkpt lat="43.39042871" lon="-5.82547952"><ele>176.58</ele><time>2024-09-03T19:00:36Z</time></trkpt><trkpt lat="43.39041405" lon="-5.82548062"><ele>176.55</ele><time>2024-09-03T19:00:37Z</time></trkpt><trkpt lat="43.39039880" lon="-5.82548177"><ele>176.52</ele><time>2024-09-03T19:00:38Z</time></trkpt><trkpt lat="43.39038313" lon="-5.82548295"><ele>176.48</ele><time>2024-09-03T19:00:39Z</time></trkpt><trkpt lat="43.39036717" lon="-5.82548414"><ele>176.45</ele><time>2024-09-03T19:00:40Z</time></trkpt><trkpt lat="43.39035101" lon="-5.82548536"><ele>176.42</ele><time>2024-09-03T19:00:41Z</time></trkpt><trkpt lat="43.39033469" lon="-5.82548658"><ele>176.39</ele><time>2024-09-03T19:00:42Z</time></trkpt><trkpt lat="43.39031828" lon="-5.82548781"><ele>176.36</ele><time>2024-09-03T19:00:43Z</time></trkpt><trkpt lat="43.39030180" lon="-5.82548904"><ele>176.33</ele><time>2024-09-03T19:00:44Z</time></trkpt><trkpt lat="43.39028527" lon="-5.82549028"><ele>176.29</ele><time>2024-09-03T19:00:45Z</time></trkpt><trkpt lat="43.39026870" lon="-5.82549152"><ele>176.26</ele><time>2024-09-03T19:00:46Z</time></trkpt><trkpt lat="43.39025211" lon="-5.82549276"><ele>176.23</ele><time>2024-09-03T19:00:47Z</time></trkpt><trkpt lat="43.39023551" lon="-5.82549401"><ele>176.20</ele><time>2024-09-03T19:00:48Z</time></trkpt><trkpt lat="43.39021889" lon="-5.82549525"><ele>176.17</ele><time>2024-09-03T19:00:49Z</time></trkpt><trkpt lat="43.39020226" lon="-5.82549649"><ele>176.13</ele><time>2024-09-03T19:00:50Z</time></trkpt><trkpt lat="43.39018645" lon="-5.82549691"><ele>176.11</ele><time>2024-09-03T19:00:51Z</time></trkpt><trkpt lat="43.39017122" lon="-5.82549675"><ele>176.10</ele><time>2024-09-03T19:00:52Z</time></trkpt><trkpt lat="43.39015639" lon="-5.82549619"><ele>176.09</ele><time>2024-09-03T19:00:53Z</time></trkpt><trkpt lat="43.39014185" lon="-5.82549534"><ele>176.08</ele><time>2024-09-03T19:00:54Z</time></trkpt><trkpt lat="43.39012750" lon="-5.82549430"><ele>176.07</ele><time>2024-09-03T19:00:55Z</time></trkpt><trkpt lat="43.39011329" lon="-5.82549311"><ele>176.07</ele><time>2024-09-03T19:00:56Z</time></trkpt><trkpt lat="43.39009917" lon="-5.82549183"><ele>176.07</ele><time>2024-09-03T19:00:57Z</time></trkpt><trkpt lat="43.39008512" lon="-5.82549048"><ele>176.06</ele><time>2024-09-03T19:00:58Z</time></trkpt><trkpt lat="43.39007113" lon="-5.82548908"><ele>176.06</ele><time>2024-09-03T19:00:59Z</time></trkpt><trkpt lat="43.39005716" lon="-5.82548765"><ele>176.06</ele><time>2024-09-03T19:01:00Z</time></trkpt><trkpt lat="43.39004321" lon="-5.82548620"><ele>176.06</ele><time>2024-09-03T19:01:01Z</time></trkpt><trkpt lat="43.39002929" lon="-5.82548473"><ele>176.06</ele><time>2024-09-03T19:01:02Z</time></trkpt><trkpt lat="43.39001537" lon="-5.82548324"><ele>176.06</ele><time>2024-09-03T19:01:03Z</time></trkpt><trkpt lat="43.39000146" lon="-5.82548175"><ele>176.06</ele><time>2024-09-03T19:01:04Z</time></trkpt><trkpt lat="43.38998756" lon="-5.82548026"><ele>176.06</ele><time>2024-09-03T19:01:05Z</time></trkpt><trkpt lat="43.38997366" lon="-5.82547876"><ele>176.06</ele><time>2024-09-03T19:01:06Z</time></trkpt><trkpt lat="43.38995977" lon="-5.82547726"><ele>176.06</ele><time>2024-09-03T19:01:07Z</time></trkpt><trkpt lat="43.38994539" lon="-5.82547644"><ele>176.05</ele><time>2024-09-03T19:01:08Z</time></trkpt><trkpt lat="43.38993067" lon="-5.82547610"><ele>176.04</ele><time>2024-09-03T19:01:09Z</time></trkpt><trkpt lat="43.38991572" lon="-5.82547609"><ele>176.02</ele><time>2024-09-03T19:01:10Z</time></trkpt><trkpt lat="43.38990060" lon="-5.82547632"><ele>175.99</ele><time>2024-09-03T19:01:11Z</time></trkpt><trkpt lat="43.38988536" lon="-5.82547671"><ele>175.97</ele><time>2024-09-03T19:01:12Z</time></trkpt><trkpt lat="43.38987004" lon="-5.82547722"><ele>175.94</ele><time>2024-09-03T19:01:13Z</time></trkpt><trkpt lat="43.38985467" lon="-5.82547781"><ele>175.91</ele><time>2024-09-03T19:01:14Z</time></trkpt><trkpt lat="43.38983926" lon="-5.82547845"><ele>175.89</ele><time>2024-09-03T19:01:15Z</time></trkpt><trkpt lat="43.38982382" lon="-5.82547913"><ele>175.86</ele><time>2024-09-03T19:01:16Z</time></trkpt><trkpt lat="43.38980835" lon="-5.82547984"><ele>175.83</ele><time>2024-09-03T19:01:17Z</time></trkpt><trkpt lat="43.38979288" lon="-5.82548057"><ele>175.80</ele><time>2024-09-03T19:01:18Z</time></trkpt><trkpt lat="43.38977740" lon="-5.82548132"><ele>175.77</ele><time>2024-09-03T19:01:19Z</time></trkpt><trkpt lat="43.38976191" lon="-5.82548207"><ele>175.74</ele><time>2024-09-03T19:01:20Z</time></trkpt><trkpt lat="43.38974641" lon="-5.82548283"><ele>175.71</ele><time>2024-09-03T19:01:21Z</time></trkpt><trkpt lat="43.38973091" lon="-5.82548360"><ele>175.68</ele><time>2024-09-03T19:01:22Z</time></trkpt><trkpt lat="43.38971541" lon="-5.82548436"><ele>175.65</ele><time>2024-09-03T19:01:23Z</time></trkpt><trkpt lat="43.38969966" lon="-5.82548590"><ele>175.63</ele><time>2024-09-03T19:01:24Z</time></trkpt><trkpt lat="43.38968373" lon="-5.82548798"><ele>175.61</ele><time>2024-09-03T19:01:25Z</time></trkpt><trkpt lat="43.38966768" lon="-5.82549044"><ele>175.60</ele><time>2024-09-03T19:01:26Z</time></trkpt><trkpt lat="43.38965155" lon="-5.82549317"><ele>175.60</ele><time>2024-09-03T19:01:27Z</time></trkpt><trkpt lat="43.38963536" lon="-5.82549608"><ele>175.59</ele><time>2024-09-03T19:01:28Z</time></trkpt><trkpt lat="43.38961912" lon="-5.82549912"><ele>175.59</ele><time>2024-09-03T19:01:29Z</time></trkpt><trkpt lat="43.38960285" lon="-5.82550225"><ele>175.59</ele><time>2024-09-03T19:01:30Z</time></trkpt><trkpt lat="43.38958657" lon="-5.82550544"><ele>175.58</ele><time>2024-09-03T19:01:31Z</time></trkpt><trkpt lat="43.38956952" lon="-5.82550485"><ele>175.59</ele><time>2024-09-03T19:01:32Z</time></trkpt><trkpt lat="43.38955193" lon="-5.82550160"><ele>175.60</ele><time>2024-09-03T19:01:33Z</time></trkpt><trkpt lat="43.38953397" lon="-5.82549649"><ele>175.62</ele><time>2024-09-03T19:01:34Z</time></trkpt><trkpt lat="43.38951575" lon="-5.82549009"><ele>175.64</ele><time>2024-09-03T19:01:35Z</time></trkpt><trkpt lat="43.38949734" lon="-5.82548277"><ele>175.67</ele><time>2024-09-03T19:01:36Z</time></trkpt><trkpt lat="43.38947881" lon="-5.82547482"><ele>175.69</ele><time>2024-09-03T19:01:37Z</time></trkpt><trkpt lat="43.38946018" lon="-5.82546643"><ele>175.72</ele><time>2024-09-03T19:01:38Z</time></trkpt><trkpt lat="43.38944149" lon="-5.82545772"><ele>175.74</ele><time>2024-09-03T19:01:39Z</time></trkpt><trkpt lat="43.38942276" lon="-5.82544879"><ele>175.77</ele><time>2024-09-03T19:01:40Z</time></trkpt><trkpt lat="43.38940400" lon="-5.82543971"><ele>175.80</ele><time>2024-09-03T19:01:41Z</time></trkpt><trkpt lat="43.38938522" lon="-5.82543052"><ele>175.83</ele><time>2024-09-03T19:01:42Z</time></trkpt><trkpt lat="43.38936642" lon="-5.82542126"><ele>175.85</ele><time>2024-09-03T19:01:43Z</time></trkpt><trkpt lat="43.38934761" lon="-5.82541195"><ele>175.88</ele><time>2024-09-03T19:01:44Z</time></trkpt><trkpt lat="43.38932879" lon="-5.82540259"><ele>175.91</ele><time>2024-09-03T19:01:45Z</time></trkpt><trkpt lat="43.38930997" lon="-5.82539322"><ele>175.94</ele><time>2024-09-03T19:01:46Z</time></trkpt><trkpt lat="43.38929114" lon="-5.82538382"><ele>175.97</ele><time>2024-09-03T19:01:47Z</time></trkpt><trkpt lat="43.38927231" lon="-5.82537442"><ele>175.99</ele><time>2024-09-03T19:01:48Z</time></trkpt><trkpt lat="43.38925307" lon="-5.82536778"><ele>176.01</ele><time>2024-09-03T19:01:49Z</time></trkpt><trkpt lat="43.38923336" lon="-5.82536342"><ele>176.03</ele><time>2024-09-03T19:01:50Z</time></trkpt><trkpt lat="43.38921332" lon="-5.82536066"><ele>176.04</ele><time>2024-09-03T19:01:51Z</time></trkpt><trkpt lat="43.38919306" lon="-5.82535901"><ele>176.04</ele><time>2024-09-03T19:01:52Z</time></trkpt><trkpt lat="43.38917263" lon="-5.82535814"><ele>176.05</ele><time>2024-09-03T19:01:53Z</time></trkpt><trkpt lat="43.38915209" lon="-5.82535782"><ele>176.05</ele><time>2024-09-03T19:01:54Z</time></trkpt><trkpt lat="43.38913317" lon="-5.82535621"><ele>176.05</ele><time>2024-09-03T19:01:55Z</time></trkpt><trkpt lat="43.38911540" lon="-5.82535371"><ele>176.06</ele><time>2024-09-03T19:01:56Z</time></trkpt><trkpt lat="43.38909841" lon="-5.82535057"><ele>176.06</ele><time>2024-09-03T19:01:57Z</time></trkpt><trkpt lat="43.38908199" lon="-5.82534699"><ele>176.06</ele><time>2024-09-03T19:01:58Z</time></trkpt><trkpt lat="43.38906596" lon="-5.82534310"><ele>176.06</ele><time>2024-09-03T19:01:59Z</time></trkpt><trkpt lat="43.38904909" lon="-5.82533931"><ele>176.06</ele><time>2024-09-03T19:02:00Z</time></trkpt><trkpt lat="43.38903164" lon="-5.82533559"><ele>176.06</ele><time>2024-09-03T19:02:01Z</time></trkpt><trkpt lat="43.38901378" lon="-5.82533191"><ele>176.06</ele><time>2024-09-03T19:02:02Z</time></trkpt><trkpt lat="43.38899564" lon="-5.82532827"><ele>176.06</ele><time>2024-09-03T19:02:03Z</time></trkpt><trkpt lat="43.38897729" lon="-5.82532466"><ele>176.06</ele><time>2024-09-03T19:02:04Z</time></trkpt><trkpt lat="43.38895880" lon="-5.82532106"><ele>176.06</ele><time>2024-09-03T19:02:05Z</time></trkpt><trkpt lat="43.38894021" lon="-5.82531747"><ele>176.06</ele><time>2024-09-03T19:02:06Z</time></trkpt><trkpt lat="43.38892156" lon="-5.82531389"><ele>176.06</ele><time>2024-09-03T19:02:07Z</time></trkpt><trkpt lat="43.38890286" lon="-5.82531032"><ele>176.06</ele><time>2024-09-03T19:02:08Z</time></trkpt><trkpt lat="43.38888412" lon="-5.82530675"><ele>176.06</ele><time>2024-09-03T19:02:09Z</time></trkpt><trkpt lat="43.38886536" lon="-5.82530318"><ele>176.06</ele><time>2024-09-03T19:02:10Z</time></trkpt><trkpt lat="43.38884658" lon="-5.82529962"><ele>176.06</ele><time>2024-09-03T19:02:11Z</time></trkpt><trkpt lat="43.38882779" lon="-5.82529606"><ele>176.06</ele><time>2024-09-03T19:02:12Z</time></trkpt><trkpt lat="43.38880900" lon="-5.82529249"><ele>176.06</ele><time>2024-09-03T19:02:13Z</time></trkpt><trkpt lat="43.38879020" lon="-5.82528893"><ele>176.06</ele><time>2024-09-03T19:02:14Z</time></trkpt><trkpt lat="43.38877139" lon="-5.82528537"><ele>176.06</ele><time>2024-09-03T19:02:15Z</time></trkpt><trkpt lat="43.38875258" lon="-5.82528181"><ele>176.06</ele><time>2024-09-03T19:02:16Z</time></trkpt><trkpt lat="43.38873377" lon="-5.82527825"><ele>176.06</ele><time>2024-09-03T19:02:17Z</time></trkpt><trkpt lat="43.38871496" lon="-5.82527469"><ele>176.06</ele><time>2024-09-03T19:02:18Z</time></trkpt><trkpt lat="43.38869666" lon="-5.82527306"><ele>176.20</ele><time>2024-09-03T19:02:19Z</time></trkpt><trkpt lat="43.38867872" lon="-5.82527278"><ele>176.45</ele><time>2024-09-03T19:02:20Z</time></trkpt><trkpt lat="43.38866104" lon="-5.82527345"><ele>176.76</ele><time>2024-09-03T19:02:21Z</time></trkpt><trkpt lat="43.38864454" lon="-5.82527735"><ele>177.00</ele><time>2024-09-03T19:02:22Z</time></trkpt><trkpt lat="43.38862887" lon="-5.82528351"><ele>177.18</ele><time>2024-09-03T19:02:23Z</time></trkpt><trkpt lat="43.38861378" lon="-5.82529126"><ele>177.33</ele><time>2024-09-03T19:02:24Z</time></trkpt><trkpt lat="43.38859910" lon="-5.82530011"><ele>177.44</ele><time>2024-09-03T19:02:25Z</time></trkpt><trkpt lat="43.38858470" lon="-5.82530974"><ele>177.54</ele><time>2024-09-03T19:02:26Z</time></trkpt><trkpt lat="43.38857050" lon="-5.82531991"><ele>177.62</ele><time>2024-09-03T19:02:27Z</time></trkpt><trkpt lat="43.38855644" lon="-5.82533046"><ele>177.70</ele><time>2024-09-03T19:02:28Z</time></trkpt><trkpt lat="43.38854248" lon="-5.82534127"><ele>177.77</ele><time>2024-09-03T19:02:29Z</time></trkpt><trkpt lat="43.38852859" lon="-5.82535227"><ele>177.83</ele><time>2024-09-03T19:02:30Z</time></trkpt><trkpt lat="43.38851475" lon="-5.82536341"><ele>177.89</ele><time>2024-09-03T19:02:31Z</time></trkpt><trkpt lat="43.38850094" lon="-5.82537463"><ele>177.95</ele><time>2024-09-03T19:02:32Z</time></trkpt><trkpt lat="43.38848715" lon="-5.82538592"><ele>178.01</ele><time>2024-09-03T19:02:33Z</time></trkpt><trkpt lat="43.38847338" lon="-5.82539725"><ele>178.06</ele><time>2024-09-03T19:02:34Z</time></trkpt><trkpt lat="43.38845962" lon="-5.82540861"><ele>178.12</ele><time>2024-09-03T19:02:35Z</time></trkpt><trkpt lat="43.38844587" lon="-5.82542000"><ele>178.17</ele><time>2024-09-03T19:02:36Z</time></trkpt><trkpt lat="43.38843212" lon="-5.82543140"><ele>178.23</ele><time>2024-09-03T19:02:37Z</time></trkpt><trkpt lat="43.38841838" lon="-5.82544281"><ele>178.28</ele><time>2024-09-03T19:02:38Z</time></trkpt><trkpt lat="43.38840464" lon="-5.82545423"><ele>178.33</ele><time>2024-09-03T19:02:39Z</time></trkpt><trkpt lat="43.38839195" lon="-5.82546529"><ele>178.39</ele><time>2024-09-03T19:02:40Z</time></trkpt><trkpt lat="43.38838000" lon="-5.82547611"><ele>178.46</ele><time>2024-09-03T19:02:41Z</time></trkpt><trkpt lat="43.38836855" lon="-5.82548674"><ele>178.53</ele><time>2024-09-03T19:02:42Z</time></trkpt><trkpt lat="43.38835747" lon="-5.82549726"><ele>178.60</ele><time>2024-09-03T19:02:43Z</time></trkpt><trkpt lat="43.38834664" lon="-5.82550769"><ele>178.67</ele><time>2024-09-03T19:02:44Z</time></trkpt><trkpt lat="43.38833598" lon="-5.82551806"><ele>178.74</ele><time>2024-09-03T19:02:45Z</time></trkpt><trkpt lat="43.38832545" lon="-5.82552839"><ele>178.82</ele><time>2024-09-03T19:02:46Z</time></trkpt><trkpt lat="43.38831501" lon="-5.82553869"><ele>178.89</ele><time>2024-09-03T19:02:47Z</time></trkpt><trkpt lat="43.38830462" lon="-5.82554896"><ele>178.97</ele><time>2024-09-03T19:02:48Z</time></trkpt><trkpt lat="43.38829428" lon="-5.82555923"><ele>179.04</ele><time>2024-09-03T19:02:49Z</time></trkpt><trkpt lat="43.38828397" lon="-5.82556948"><ele>179.12</ele><time>2024-09-03T19:02:50Z</time></trkpt><trkpt lat="43.38827368" lon="-5.82557973"><ele>179.19</ele><time>2024-09-03T19:02:51Z</time></trkpt><trkpt lat="43.38826340" lon="-5.82558997"><ele>179.27</ele><time>2024-09-03T19:02:52Z</time></trkpt><trkpt lat="43.38825313" lon="-5.82560021"><ele>179.34</ele><time>2024-09-03T19:02:53Z</time></trkpt><trkpt lat="43.38824287" lon="-5.82561045"><ele>179.42</ele><time>2024-09-03T19:02:54Z</time></trkpt><trkpt lat="43.38823262" lon="-5.82562068"><ele>179.50</ele><time>2024-09-03T19:02:55Z</time></trkpt><trkpt lat="43.38822237" lon="-5.82563091"><ele>179.57</ele><time>2024-09-03T19:02:56Z</time></trkpt><trkpt lat="43.38821212" lon="-5.82564115"><ele>179.65</ele><time>2024-09-03T19:02:57Z</time></trkpt><trkpt lat="43.38820187" lon="-5.82565138"><ele>179.72</ele><time>2024-09-03T19:02:58Z</time></trkpt><trkpt lat="43.38819137" lon="-5.82566079"><ele>179.80</ele><time>2024-09-03T19:02:59Z</time></trkpt><trkpt lat="43.38818069" lon="-5.82566964"><ele>179.88</ele><time>2024-09-03T19:03:00Z</time></trkpt><trkpt lat="43.38816988" lon="-5.82567808"><ele>179.96</ele><time>2024-09-03T19:03:01Z</time></trkpt><trkpt lat="43.38815899" lon="-5.82568624"><ele>180.05</ele><time>2024-09-03T19:03:02Z</time></trkpt><trkpt lat="43.38814804" lon="-5.82569421"><ele>180.13</ele><time>2024-09-03T19:03:03Z</time></trkpt><trkpt lat="43.38813705" lon="-5.82570204"><ele>180.22</ele><time>2024-09-03T19:03:04Z</time></trkpt><trkpt lat="43.38812602" lon="-5.82570977"><ele>180.30</ele><time>2024-09-03T19:03:05Z</time></trkpt><trkpt lat="43.38811498" lon="-5.82571744"><ele>180.38</ele><time>2024-09-03T19:03:06Z</time></trkpt><trkpt lat="43.38810392" lon="-5.82572506"><ele>180.47</ele><time>2024-09-03T19:03:07Z</time></trkpt><trkpt lat="43.38809285" lon="-5.82573264"><ele>180.55</ele><time>2024-09-03T19:03:08Z</time></trkpt><trkpt lat="43.38808177" lon="-5.82574021"><ele>180.64</ele><time>2024-09-03T19:03:09Z</time></trkpt><trkpt lat="43.38807069" lon="-5.82574775"><ele>180.72</ele><time>2024-09-03T19:03:10Z</time></trkpt><trkpt lat="43.38805961" lon="-5.82575529"><ele>180.81</ele><time>2024-09-03T19:03:11Z</time></trkpt><trkpt lat="43.38804852" lon="-5.82576282"><ele>180.90</ele><time>2024-09-03T19:03:12Z</time></trkpt><trkpt lat="43.38803743" lon="-5.82577034"><ele>180.98</ele><time>2024-09-03T19:03:13Z</time></trkpt><trkpt lat="43.38802634" lon="-5.82577786"><ele>181.07</ele><time>2024-09-03T19:03:14Z</time></trkpt><trkpt lat="43.38801525" lon="-5.82578537"><ele>181.15</ele><time>2024-09-03T19:03:15Z</time></trkpt><trkpt lat="43.38800437" lon="-5.82579366"><ele>181.23</ele><time>2024-09-03T19:03:16Z</time></trkpt><trkpt lat="43.38799364" lon="-5.82580250"><ele>181.30</ele><time>2024-09-03T19:03:17Z</time></trkpt><trkpt lat="43.38798301" lon="-5.82581171"><ele>181.37</ele><time>2024-09-03T19:03:18Z</time></trkpt><trkpt lat="43.38797246" lon="-5.82582119"><ele>181.44</ele><time>2024-09-03T19:03:19Z</time></trkpt><trkpt lat="43.38796195" lon="-5.82583085"><ele>181.50</ele><time>2024-09-03T19:03:20Z</time></trkpt><trkpt lat="43.38795149" lon="-5.82584065"><ele>181.56</ele><time>2024-09-03T19:03:21Z</time></trkpt><trkpt lat="43.38794105" lon="-5.82585054"><ele>181.63</ele><time>2024-09-03T19:03:22Z</time></trkpt><trkpt lat="43.38793062" lon="-5.82586049"><ele>181.69</ele><time>2024-09-03T19:03:23Z</time></trkpt><trkpt lat="43.38792021" lon="-5.82587049"><ele>181.75</ele><time>2024-09-03T19:03:24Z</time></trkpt><trkpt lat="43.38790981" lon="-5.82588051"><ele>181.81</ele><time>2024-09-03T19:03:25Z</time></trkpt><trkpt lat="43.38789941" lon="-5.82589056"><ele>181.87</ele><time>2024-09-03T19:03:26Z</time></trkpt><trkpt lat="43.38788902" lon="-5.82590063"><ele>181.93</ele><time>2024-09-03T19:03:27Z</time></trkpt><trkpt lat="43.38787863" lon="-5.82591070"><ele>181.99</ele><time>2024-09-03T19:03:28Z</time></trkpt><trkpt lat="43.38786824" lon="-5.82592078"><ele>182.05</ele><time>2024-09-03T19:03:29Z</time></trkpt><trkpt lat="43.38785785" lon="-5.82593087"><ele>182.11</ele><time>2024-09-03T19:03:30Z</time></trkpt><trkpt lat="43.38784747" lon="-5.82594096"><ele>182.17</ele><time>2024-09-03T19:03:31Z</time></trkpt><trkpt lat="43.38783626" lon="-5.82595022"><ele>182.28</ele><time>2024-09-03T19:03:32Z</time></trkpt><trkpt lat="43.38782448" lon="-5.82595888"><ele>182.44</ele><time>2024-09-03T19:03:33Z</time></trkpt><trkpt lat="43.38781281" lon="-5.82596782"><ele>182.56</ele><time>2024-09-03T19:03:34Z</time></trkpt><trkpt lat="43.38780120" lon="-5.82597696"><ele>182.66</ele><time>2024-09-03T19:03:35Z</time></trkpt><trkpt lat="43.38778965" lon="-5.82598624"><ele>182.75</ele><time>2024-09-03T19:03:36Z</time></trkpt><trkpt lat="43.38777813" lon="-5.82599561"><ele>182.82</ele><time>2024-09-03T19:03:37Z</time></trkpt><trkpt lat="43.38776664" lon="-5.82600505"><ele>182.89</ele><time>2024-09-03T19:03:38Z</time></trkpt><trkpt lat="43.38775516" lon="-5.82601454"><ele>182.96</ele><time>2024-09-03T19:03:39Z</time></trkpt><trkpt lat="43.38774369" lon="-5.82602406"><ele>183.02</ele><time>2024-09-03T19:03:40Z</time></trkpt><trkpt lat="43.38773224" lon="-5.82603361"><ele>183.08</ele><time>2024-09-03T19:03:41Z</time></trkpt><trkpt lat="43.38772079" lon="-5.82604316"><ele>183.14</ele><time>2024-09-03T19:03:42Z</time></trkpt><trkpt lat="43.38770934" lon="-5.82605274"><ele>183.19</ele><time>2024-09-03T19:03:43Z</time></trkpt><trkpt lat="43.38769790" lon="-5.82606231"><ele>183.25</ele><time>2024-09-03T19:03:44Z</time></trkpt><trkpt lat="43.38768646" lon="-5.82607190"><ele>183.30</ele><time>2024-09-03T19:03:45Z</time></trkpt><trkpt lat="43.38767502" lon="-5.82608149"><ele>183.36</ele><time>2024-09-03T19:03:46Z</time></trkpt><trkpt lat="43.38766358" lon="-5.82609108"><ele>183.41</ele><time>2024-09-03T19:03:47Z</time></trkpt><trkpt lat="43.38765214" lon="-5.82610067"><ele>183.46</ele><time>2024-09-03T19:03:48Z</time></trkpt><trkpt lat="43.38764070" lon="-5.82611027"><ele>183.52</ele><time>2024-09-03T19:03:49Z</time></trkpt><trkpt lat="43.38762926" lon="-5.82611986"><ele>183.57</ele><time>2024-09-03T19:03:50Z</time></trkpt><trkpt lat="43.38761783" lon="-5.82612946"><ele>183.63</ele><time>2024-09-03T19:03:51Z</time></trkpt><trkpt lat="43.38760589" lon="-5.82613921"><ele>183.69</ele><time>2024-09-03T19:03:52Z</time></trkpt><trkpt lat="43.38759360" lon="-5.82614909"><ele>183.75</ele><time>2024-09-03T19:03:53Z</time></trkpt><trkpt lat="43.38758106" lon="-5.82615904"><ele>183.82</ele><time>2024-09-03T19:03:54Z</time></trkpt><trkpt lat="43.38756835" lon="-5.82616905"><ele>183.90</ele><time>2024-09-03T19:03:55Z</time></trkpt><trkpt lat="43.38755552" lon="-5.82617909"><ele>183.97</ele><time>2024-09-03T19:03:56Z</time></trkpt><trkpt lat="43.38754260" lon="-5.82618917"><ele>184.05</ele><time>2024-09-03T19:03:57Z</time></trkpt><trkpt lat="43.38752962" lon="-5.82619926"><ele>184.13</ele><time>2024-09-03T19:03:58Z</time></trkpt><trkpt lat="43.38751661" lon="-5.82620936"><ele>184.21</ele><time>2024-09-03T19:03:59Z</time></trkpt><trkpt lat="43.38750356" lon="-5.82621948"><ele>184.29</ele><time>2024-09-03T19:04:00Z</time></trkpt><trkpt lat="43.38749050" lon="-5.82622960"><ele>184.37</ele><time>2024-09-03T19:04:01Z</time></trkpt><trkpt lat="43.38747742" lon="-5.82623973"><ele>184.44</ele><time>2024-09-03T19:04:02Z</time></trkpt><trkpt lat="43.38746433" lon="-5.82624986"><ele>184.52</ele><time>2024-09-03T19:04:03Z</time></trkpt><trkpt lat="43.38745123" lon="-5.82625999"><ele>184.60</ele><time>2024-09-03T19:04:04Z</time></trkpt><trkpt lat="43.38743813" lon="-5.82627012"><ele>184.68</ele><time>2024-09-03T19:04:05Z</time></trkpt><trkpt lat="43.38742502" lon="-5.82628026"><ele>184.76</ele><time>2024-09-03T19:04:06Z</time></trkpt><trkpt lat="43.38741192" lon="-5.82629040"><ele>184.84</ele><time>2024-09-03T19:04:07Z</time></trkpt><trkpt lat="43.38739881" lon="-5.82630053"><ele>184.92</ele><time>2024-09-03T19:04:08Z</time></trkpt><trkpt lat="43.38738570" lon="-5.82631067"><ele>185.00</ele><time>2024-09-03T19:04:09Z</time></trkpt><trkpt lat="43.38737344" lon="-5.82632092"><ele>185.08</ele><time>2024-09-03T19:04:10Z</time></trkpt><trkpt lat="43.38736177" lon="-5.82633126"><ele>185.15</ele><time>2024-09-03T19:04:11Z</time></trkpt><trkpt lat="43.38735052" lon="-5.82634166"><ele>185.22</ele><time>2024-09-03T19:04:12Z</time></trkpt><trkpt lat="43.38733957" lon="-5.82635210"><ele>185.29</ele><time>2024-09-03T19:04:13Z</time></trkpt><trkpt lat="43.38732881" lon="-5.82636256"><ele>185.35</ele><time>2024-09-03T19:04:14Z</time></trkpt><trkpt lat="43.38731820" lon="-5.82637305"><ele>185.42</ele><time>2024-09-03T19:04:15Z</time></trkpt><trkpt lat="43.38730769" lon="-5.82638355"><ele>185.49</ele><time>2024-09-03T19:04:16Z</time></trkpt><trkpt lat="43.38729726" lon="-5.82639406"><ele>185.55</ele><time>2024-09-03T19:04:17Z</time></trkpt><trkpt lat="43.38728686" lon="-5.82640458"><ele>185.62</ele><time>2024-09-03T19:04:18Z</time></trkpt><trkpt lat="43.38727651" lon="-5.82641510"><ele>185.68</ele><time>2024-09-03T19:04:19Z</time></trkpt><trkpt lat="43.38726618" lon="-5.82642563"><ele>185.74</ele><time>2024-09-03T19:04:20Z</time></trkpt><trkpt lat="43.38725586" lon="-5.82643615"><ele>185.81</ele><time>2024-09-03T19:04:21Z</time></trkpt><trkpt lat="43.38724556" lon="-5.82644668"><ele>185.87</ele><time>2024-09-03T19:04:22Z</time></trkpt><trkpt lat="43.38723526" lon="-5.82645721"><ele>185.94</ele><time>2024-09-03T19:04:23Z</time></trkpt><trkpt lat="43.38722497" lon="-5.82646775"><ele>186.00</ele><time>2024-09-03T19:04:24Z</time></trkpt><trkpt lat="43.38721445" lon="-5.82647819"><ele>186.06</ele><time>2024-09-03T19:04:25Z</time></trkpt><trkpt lat="43.38720377" lon="-5.82648857"><ele>186.12</ele><time>2024-09-03T19:04:26Z</time></trkpt><trkpt lat="43.38719298" lon="-5.82649891"><ele>186.18</ele><time>2024-09-03T19:04:27Z</time></trkpt><trkpt lat="43.38718211" lon="-5.82650921"><ele>186.24</ele><time>2024-09-03T19:04:28Z</time></trkpt><trkpt lat="43.38717118" lon="-5.82651950"><ele>186.30</ele><time>2024-09-03T19:04:29Z</time></trkpt><trkpt lat="43.38716022" lon="-5.82652977"><ele>186.35</ele><time>2024-09-03T19:04:30Z</time></trkpt><trkpt lat="43.38714923" lon="-5.82654003"><ele>186.41</ele><time>2024-09-03T19:04:31Z</time></trkpt><trkpt lat="43.38713822" lon="-5.82655028"><ele>186.47</ele><time>2024-09-03T19:04:32Z</time></trkpt><trkpt lat="43.38712720" lon="-5.82656053"><ele>186.53</ele><time>2024-09-03T19:04:33Z</time></trkpt><trkpt lat="43.38711616" lon="-5.82657077"><ele>186.58</ele><time>2024-09-03T19:04:34Z</time></trkpt><trkpt lat="43.38710512" lon="-5.82658102"><ele>186.64</ele><time>2024-09-03T19:04:35Z</time></trkpt><trkpt lat="43.38709408" lon="-5.82659126"><ele>186.70</ele><time>2024-09-03T19:04:36Z</time></trkpt><trkpt lat="43.38708303" lon="-5.82660149"><ele>186.75</ele><time>2024-09-03T19:04:37Z</time></trkpt><trkpt lat="43.38707198" lon="-5.82661173"><ele>186.81</ele><time>2024-09-03T19:04:38Z</time></trkpt><trkpt lat="43.38706093" lon="-5.82662197"><ele>186.87</ele><time>2024-09-03T19:04:39Z</time></trkpt><trkpt lat="43.38704988" lon="-5.82663221"><ele>186.92</ele><time>2024-09-03T19:04:40Z</time></trkpt><trkpt lat="43.38703883" lon="-5.82664244"><ele>186.98</ele><time>2024-09-03T19:04:41Z</time></trkpt><trkpt lat="43.38702768" lon="-5.82665303"><ele>187.05</ele><time>2024-09-03T19:04:42Z</time></trkpt><trkpt lat="43.38701647" lon="-5.82666387"><ele>187.14</ele><time>2024-09-03T19:04:43Z</time></trkpt><trkpt lat="43.38700521" lon="-5.82667488"><ele>187.23</ele><time>2024-09-03T19:04:44Z</time></trkpt><trkpt lat="43.38699391" lon="-5.82668601"><ele>187.33</ele><time>2024-09-03T19:04:45Z</time></trkpt><trkpt lat="43.38698260" lon="-5.82669723"><ele>187.44</ele><time>2024-09-03T19:04:46Z</time></trkpt><trkpt lat="43.38697126" lon="-5.82670850"><ele>187.54</ele><time>2024-09-03T19:04:47Z</time></trkpt><trkpt lat="43.38695992" lon="-5.82671982"><ele>187.65</ele><time>2024-09-03T19:04:48Z</time></trkpt><trkpt lat="43.38694857" lon="-5.82673117"><ele>187.76</ele><time>2024-09-03T19:04:49Z</time></trkpt><trkpt lat="43.38693721" lon="-5.82674253"><ele>187.87</ele><time>2024-09-03T19:04:50Z</time></trkpt><trkpt lat="43.38692585" lon="-5.82675391"><ele>187.98</ele><time>2024-09-03T19:04:51Z</time></trkpt><trkpt lat="43.38691449" lon="-5.82676530"><ele>188.10</ele><time>2024-09-03T19:04:52Z</time></trkpt><trkpt lat="43.38690312" lon="-5.82677670"><ele>188.21</ele><time>2024-09-03T19:04:53Z</time></trkpt><trkpt lat="43.38689176" lon="-5.82678811"><ele>188.32</ele><time>2024-09-03T19:04:54Z</time></trkpt><trkpt lat="43.38688039" lon="-5.82679951"><ele>188.44</ele><time>2024-09-03T19:04:55Z</time></trkpt><trkpt lat="43.38686902" lon="-5.82681092"><ele>188.55</ele><time>2024-09-03T19:04:56Z</time></trkpt><trkpt lat="43.38685765" lon="-5.82682233"><ele>188.66</ele><time>2024-09-03T19:04:57Z</time></trkpt><trkpt lat="43.38684628" lon="-5.82683374"><ele>188.78</ele><time>2024-09-03T19:04:58Z</time></trkpt><trkpt lat="43.38683470" lon="-5.82684544"><ele>188.88</ele><time>2024-09-03T19:04:59Z</time></trkpt><trkpt lat="43.38682297" lon="-5.82685735"><ele>188.97</ele><time>2024-09-03T19:05:00Z</time></trkpt><trkpt lat="43.38681113" lon="-5.82686940"><ele>189.06</ele><time>2024-09-03T19:05:01Z</time></trkpt><trkpt lat="43.38679922" lon="-5.82688155"><ele>189.15</ele><time>2024-09-03T19:05:02Z</time></trkpt><trkpt lat="43.38678727" lon="-5.82689377"><ele>189.23</ele><time>2024-09-03T19:05:03Z</time></trkpt><trkpt lat="43.38677527" lon="-5.82690604"><ele>189.31</ele><time>2024-09-03T19:05:04Z</time></trkpt><trkpt lat="43.38676325" lon="-5.82691834"><ele>189.39</ele><time>2024-09-03T19:05:05Z</time></trkpt><trkpt lat="43.38675121" lon="-5.82693067"><ele>189.46</ele><time>2024-09-03T19:05:06Z</time></trkpt><trkpt lat="43.38673916" lon="-5.82694301"><ele>189.54</ele><time>2024-09-03T19:05:07Z</time></trkpt><trkpt lat="43.38672710" lon="-5.82695537"><ele>189.62</ele><time>2024-09-03T19:05:08Z</time></trkpt><trkpt lat="43.38671504" lon="-5.82696773"><ele>189.70</ele><time>2024-09-03T19:05:09Z</time></trkpt><trkpt lat="43.38670297" lon="-5.82698010"><ele>189.77</ele><time>2024-09-03T19:05:10Z</time></trkpt><trkpt lat="43.38669090" lon="-5.82699248"><ele>189.85</ele><time>2024-09-03T19:05:11Z</time></trkpt><trkpt lat="43.38667882" lon="-5.82700485"><ele>189.92</ele><time>2024-09-03T19:05:12Z</time></trkpt><trkpt lat="43.38666675" lon="-5.82701723"><ele>190.00</ele><time>2024-09-03T19:05:13Z</time></trkpt><trkpt lat="43.38665467" lon="-5.82702961"><ele>190.08</ele><time>2024-09-03T19:05:14Z</time></trkpt><trkpt lat="43.38664259" lon="-5.82704199"><ele>190.15</ele><time>2024-09-03T19:05:15Z</time></trkpt><trkpt lat="43.38663052" lon="-5.82705437"><ele>190.23</ele><time>2024-09-03T19:05:16Z</time></trkpt><trkpt lat="43.38661844" lon="-5.82706676"><ele>190.30</ele><time>2024-09-03T19:05:17Z</time></trkpt><trkpt lat="43.38660664" lon="-5.82707921"><ele>190.38</ele><time>2024-09-03T19:05:18Z</time></trkpt><trkpt lat="43.38659504" lon="-5.82709171"><ele>190.45</ele><time>2024-09-03T19:05:19Z</time></trkpt><trkpt lat="43.38658358" lon="-5.82710425"><ele>190.51</ele><time>2024-09-03T19:05:20Z</time></trkpt><trkpt lat="43.38657221" lon="-5.82711681"><ele>190.58</ele><time>2024-09-03T19:05:21Z</time></trkpt><trkpt lat="43.38656091" lon="-5.82712939"><ele>190.65</ele><time>2024-09-03T19:05:22Z</time></trkpt><trkpt lat="43.38654966" lon="-5.82714198"><ele>190.71</ele><time>2024-09-03T19:05:23Z</time></trkpt><trkpt lat="43.38653844" lon="-5.82715458"><ele>190.78</ele><time>2024-09-03T19:05:24Z</time></trkpt><trkpt lat="43.38652724" lon="-5.82716718"><ele>190.84</ele><time>2024-09-03T19:05:25Z</time></trkpt><trkpt lat="43.38651606" lon="-5.82717979"><ele>190.91</ele><time>2024-09-03T19:05:26Z</time></trkpt><trkpt lat="43.38650489" lon="-5.82719240"><ele>190.97</ele><time>2024-09-03T19:05:27Z</time></trkpt><trkpt lat="43.38649373" lon="-5.82720501"><ele>191.03</ele><time>2024-09-03T19:05:28Z</time></trkpt><trkpt lat="43.38648258" lon="-5.82721763"><ele>191.10</ele><time>2024-09-03T19:05:29Z</time></trkpt><trkpt lat="43.38647143" lon="-5.82723024"><ele>191.16</ele><time>2024-09-03T19:05:30Z</time></trkpt><trkpt lat="43.38646028" lon="-5.82724286"><ele>191.23</ele><time>2024-09-03T19:05:31Z</time></trkpt><trkpt lat="43.38644913" lon="-5.82725547"><ele>191.29</ele><time>2024-09-03T19:05:32Z</time></trkpt><trkpt lat="43.38643779" lon="-5.82726711"><ele>191.35</ele><time>2024-09-03T19:05:33Z</time></trkpt><trkpt lat="43.38642630" lon="-5.82727807"><ele>191.41</ele><time>2024-09-03T19:05:34Z</time></trkpt><trkpt lat="43.38641472" lon="-5.82728855"><ele>191.46</ele><time>2024-09-03T19:05:35Z</time></trkpt><trkpt lat="43.38640307" lon="-5.82729869"><ele>191.51</ele><time>2024-09-03T19:05:36Z</time></trkpt><trkpt lat="43.38639137" lon="-5.82730860"><ele>191.56</ele><time>2024-09-03T19:05:37Z</time></trkpt><trkpt lat="43.38637964" lon="-5.82731835"><ele>191.61</ele><time>2024-09-03T19:05:38Z</time></trkpt><trkpt lat="43.38636788" lon="-5.82732798"><ele>191.66</ele><time>2024-09-03T19:05:39Z</time></trkpt><trkpt lat="43.38635611" lon="-5.82733753"><ele>191.71</ele><time>2024-09-03T19:05:40Z</time></trkpt><trkpt lat="43.38634433" lon="-5.82734702"><ele>191.76</ele><time>2024-09-03T19:05:41Z</time></trkpt><trkpt lat="43.38633253" lon="-5.82735648"><ele>191.81</ele><time>2024-09-03T19:05:42Z</time></trkpt><trkpt lat="43.38632184" lon="-5.82736670"><ele>191.84</ele><time>2024-09-03T19:05:43Z</time></trkpt><trkpt lat="43.38631192" lon="-5.82737745"><ele>191.86</ele><time>2024-09-03T19:05:44Z</time></trkpt><trkpt lat="43.38630253" lon="-5.82738859"><ele>191.88</ele><time>2024-09-03T19:05:45Z</time></trkpt><trkpt lat="43.38629352" lon="-5.82739998"><ele>191.89</ele><time>2024-09-03T19:05:46Z</time></trkpt><trkpt lat="43.38628452" lon="-5.82740895"><ele>191.92</ele><time>2024-09-03T19:05:47Z</time></trkpt><trkpt lat="43.38627552" lon="-5.82741623"><ele>191.95</ele><time>2024-09-03T19:05:48Z</time></trkpt><trkpt lat="43.38626653" lon="-5.82742232"><ele>191.99</ele><time>2024-09-03T19:05:49Z</time></trkpt><trkpt lat="43.38625754" lon="-5.82742758"><ele>192.04</ele><time>2024-09-03T19:05:50Z</time></trkpt><trkpt lat="43.38624855" lon="-5.82743226"><ele>192.09</ele><time>2024-09-03T19:05:51Z</time></trkpt><trkpt lat="43.38623957" lon="-5.82743654"><ele>192.14</ele><time>2024-09-03T19:05:52Z</time></trkpt><trkpt lat="43.38623058" lon="-5.82744052"><ele>192.19</ele><time>2024-09-03T19:05:53Z</time></trkpt><trkpt lat="43.38622160" lon="-5.82744431"><ele>192.25</ele><time>2024-09-03T19:05:54Z</time></trkpt><trkpt lat="43.38621261" lon="-5.82744796"><ele>192.30</ele><time>2024-09-03T19:05:55Z</time></trkpt><trkpt lat="43.38620363" lon="-5.82745151"><ele>192.36</ele><time>2024-09-03T19:05:56Z</time></trkpt><trkpt lat="43.38619464" lon="-5.82745499"><ele>192.41</ele><time>2024-09-03T19:05:57Z</time></trkpt><trkpt lat="43.38618566" lon="-5.82745843"><ele>192.47</ele><time>2024-09-03T19:05:58Z</time></trkpt><trkpt lat="43.38617668" lon="-5.82746183"><ele>192.52</ele><time>2024-09-03T19:05:59Z</time></trkpt><trkpt lat="43.38616769" lon="-5.82746521"><ele>192.58</ele><time>2024-09-03T19:06:00Z</time></trkpt><trkpt lat="43.38615871" lon="-5.82746857"><ele>192.64</ele><time>2024-09-03T19:06:01Z</time></trkpt><trkpt lat="43.38614973" lon="-5.82747192"><ele>192.69</ele><time>2024-09-03T19:06:02Z</time></trkpt><trkpt lat="43.38614074" lon="-5.82747526"><ele>192.75</ele><time>2024-09-03T19:06:03Z</time></trkpt><trkpt lat="43.38613001" lon="-5.82747755"><ele>192.79</ele><time>2024-09-03T19:06:04Z</time></trkpt><trkpt lat="43.38611804" lon="-5.82747910"><ele>192.82</ele><time>2024-09-03T19:06:05Z</time></trkpt><trkpt lat="43.38610522" lon="-5.82748013"><ele>192.83</ele><time>2024-09-03T19:06:06Z</time></trkpt><trkpt lat="43.38609180" lon="-5.82748080"><ele>192.85</ele><time>2024-09-03T19:06:07Z</time></trkpt><trkpt lat="43.38607796" lon="-5.82748122"><ele>192.86</ele><time>2024-09-03T19:06:08Z</time></trkpt><trkpt lat="43.38606382" lon="-5.82748146"><ele>192.86</ele><time>2024-09-03T19:06:09Z</time></trkpt><trkpt lat="43.38604948" lon="-5.82748157"><ele>192.87</ele><time>2024-09-03T19:06:10Z</time></trkpt><trkpt lat="43.38603499" lon="-5.82748160"><ele>192.87</ele><time>2024-09-03T19:06:11Z</time></trkpt><trkpt lat="43.38602040" lon="-5.82748157"><ele>192.87</ele><time>2024-09-03T19:06:12Z</time></trkpt><trkpt lat="43.38600575" lon="-5.82748150"><ele>192.88</ele><time>2024-09-03T19:06:13Z</time></trkpt><trkpt lat="43.38599104" lon="-5.82748139"><ele>192.88</ele><time>2024-09-03T19:06:14Z</time></trkpt><trkpt lat="43.38597629" lon="-5.82748127"><ele>192.88</ele><time>2024-09-03T19:06:15Z</time></trkpt><trkpt lat="43.38596153" lon="-5.82748113"><ele>192.88</ele><time>2024-09-03T19:06:16Z</time></trkpt><trkpt lat="43.38594674" lon="-5.82748098"><ele>192.88</ele><time>2024-09-03T19:06:17Z</time></trkpt><trkpt lat="43.38593415" lon="-5.82747600"><ele>192.88</ele><time>2024-09-03T19:06:18Z</time></trkpt><trkpt lat="43.38592310" lon="-5.82746765"><ele>192.88</ele><time>2024-09-03T19:06:19Z</time></trkpt><trkpt lat="43.38591313" lon="-5.82745693"><ele>192.88</ele><time>2024-09-03T19:06:20Z</time></trkpt><trkpt lat="43.38590391" lon="-5.82744456"><ele>192.88</ele><time>2024-09-03T19:06:21Z</time></trkpt><trkpt lat="43.38589521" lon="-5.82743103"><ele>192.88</ele><time>2024-09-03T19:06:22Z</time></trkpt><trkpt lat="43.38588689" lon="-5.82741668"><ele>192.88</ele><time>2024-09-03T19:06:23Z</time></trkpt><trkpt lat="43.38587882" lon="-5.82740177"><ele>192.88</ele><time>2024-09-03T19:06:24Z</time></trkpt><trkpt lat="43.38587093" lon="-5.82738646"><ele>192.88</ele><time>2024-09-03T19:06:25Z</time></trkpt><trkpt lat="43.38586317" lon="-5.82737088"><ele>192.88</ele><time>2024-09-03T19:06:26Z</time></trkpt><trkpt lat="43.38585550" lon="-5.82735509"><ele>192.88</ele><time>2024-09-03T19:06:27Z</time></trkpt><trkpt lat="43.38584789" lon="-5.82733918"><ele>192.88</ele><time>2024-09-03T19:06:28Z</time></trkpt><trkpt lat="43.38584033" lon="-5.82732316"><ele>192.88</ele><time>2024-09-03T19:06:29Z</time></trkpt><trkpt lat="43.38583279" lon="-5.82730708"><ele>192.88</ele><time>2024-09-03T19:06:30Z</time></trkpt><trkpt lat="43.38582528" lon="-5.82729096"><ele>192.88</ele><time>2024-09-03T19:06:31Z</time></trkpt><trkpt lat="43.38581778" lon="-5.82727480"><ele>192.88</ele><time>2024-09-03T19:06:32Z</time></trkpt><trkpt lat="43.38581029" lon="-5.82725862"><ele>192.88</ele><time>2024-09-03T19:06:33Z</time></trkpt><trkpt lat="43.38580281" lon="-5.82724242"><ele>192.88</ele><time>2024-09-03T19:06:34Z</time></trkpt><trkpt lat="43.38579534" lon="-5.82722621"><ele>192.88</ele><time>2024-09-03T19:06:35Z</time></trkpt><trkpt lat="43.38578786" lon="-5.82720999"><ele>192.88</ele><time>2024-09-03T19:06:36Z</time></trkpt><trkpt lat="43.38578039" lon="-5.82719377"><ele>192.88</ele><time>2024-09-03T19:06:37Z</time></trkpt><trkpt lat="43.38577195" lon="-5.82718168"><ele>192.83</ele><time>2024-09-03T19:06:38Z</time></trkpt><trkpt lat="43.38576283" lon="-5.82717248"><ele>192.73</ele><time>2024-09-03T19:06:39Z</time></trkpt><trkpt lat="43.38575323" lon="-5.82716530"><ele>192.62</ele><time>2024-09-03T19:06:40Z</time></trkpt><trkpt lat="43.38574330" lon="-5.82715954"><ele>192.48</ele><time>2024-09-03T19:06:41Z</time></trkpt><trkpt lat="43.38573314" lon="-5.82715478"><ele>192.33</ele><time>2024-09-03T19:06:42Z</time></trkpt><trkpt lat="43.38572281" lon="-5.82715070"><ele>192.17</ele><time>2024-09-03T19:06:43Z</time></trkpt><trkpt lat="43.38571237" lon="-5.82714712"><ele>192.01</ele><time>2024-09-03T19:06:44Z</time></trkpt><trkpt lat="43.38570185" lon="-5.82714387"><ele>191.84</ele><time>2024-09-03T19:06:45Z</time></trkpt><trkpt lat="43.38569125" lon="-5.82714016"><ele>191.72</ele><time>2024-09-03T19:06:46Z</time></trkpt><trkpt lat="43.38568061" lon="-5.82713611"><ele>191.63</ele><time>2024-09-03T19:06:47Z</time></trkpt><trkpt lat="43.38567053" lon="-5.82713045"><ele>191.58</ele><time>2024-09-03T19:06:48Z</time></trkpt><trkpt lat="43.38566086" lon="-5.82712366"><ele>191.54</ele><time>2024-09-03T19:06:49Z</time></trkpt><trkpt lat="43.38565148" lon="-5.82711608"><ele>191.51</ele><time>2024-09-03T19:06:50Z</time></trkpt><trkpt lat="43.38564229" lon="-5.82710794"><ele>191.49</ele><time>2024-09-03T19:06:51Z</time></trkpt><trkpt lat="43.38563323" lon="-5.82709942"><ele>191.47</ele><time>2024-09-03T19:06:52Z</time></trkpt><trkpt lat="43.38562428" lon="-5.82709063"><ele>191.46</ele><time>2024-09-03T19:06:53Z</time></trkpt><trkpt lat="43.38561539" lon="-5.82708165"><ele>191.46</ele><time>2024-09-03T19:06:54Z</time></trkpt><trkpt lat="43.38560655" lon="-5.82707254"><ele>191.45</ele><time>2024-09-03T19:06:55Z</time></trkpt><trkpt lat="43.38559775" lon="-5.82706333"><ele>191.45</ele><time>2024-09-03T19:06:56Z</time></trkpt><trkpt lat="43.38558896" lon="-5.82705406"><ele>191.45</ele><time>2024-09-03T19:06:57Z</time></trkpt><trkpt lat="43.38558019" lon="-5.82704474"><ele>191.44</ele><time>2024-09-03T19:06:58Z</time></trkpt><trkpt lat="43.38557144" lon="-5.82703539"><ele>191.44</ele><time>2024-09-03T19:06:59Z</time></trkpt><trkpt lat="43.38556269" lon="-5.82702602"><ele>191.44</ele><time>2024-09-03T19:07:00Z</time></trkpt><trkpt lat="43.38555395" lon="-5.82701663"><ele>191.44</ele><time>2024-09-03T19:07:01Z</time></trkpt><trkpt lat="43.38554726" lon="-5.82700249"><ele>191.41</ele><time>2024-09-03T19:07:02Z</time></trkpt><trkpt lat="43.38554201" lon="-5.82698501"><ele>191.37</ele><time>2024-09-03T19:07:03Z</time></trkpt><trkpt lat="43.38553776" lon="-5.82696520"><ele>191.31</ele><time>2024-09-03T19:07:04Z</time></trkpt><trkpt lat="43.38553422" lon="-5.82694375"><ele>191.25</ele><time>2024-09-03T19:07:05Z</time></trkpt><trkpt lat="43.38553118" lon="-5.82692117"><ele>191.17</ele><time>2024-09-03T19:07:06Z</time></trkpt><trkpt lat="43.38552847" lon="-5.82689778"><ele>191.10</ele><time>2024-09-03T19:07:07Z</time></trkpt><trkpt lat="43.38552601" lon="-5.82687384"><ele>191.02</ele><time>2024-09-03T19:07:08Z</time></trkpt><trkpt lat="43.38552372" lon="-5.82684950"><ele>190.93</ele><time>2024-09-03T19:07:09Z</time></trkpt><trkpt lat="43.38552155" lon="-5.82682489"><ele>190.85</ele><time>2024-09-03T19:07:10Z</time></trkpt><trkpt lat="43.38551946" lon="-5.82680008"><ele>190.77</ele><time>2024-09-03T19:07:11Z</time></trkpt><trkpt lat="43.38551742" lon="-5.82677514"><ele>190.68</ele><time>2024-09-03T19:07:12Z</time></trkpt><trkpt lat="43.38551745" lon="-5.82675496"><ele>190.64</ele><time>2024-09-03T19:07:13Z</time></trkpt><trkpt lat="43.38551891" lon="-5.82673810"><ele>190.63</ele><time>2024-09-03T19:07:14Z</time></trkpt><trkpt lat="43.38552139" lon="-5.82672356"><ele>190.65</ele><time>2024-09-03T19:07:15Z</time></trkpt><trkpt lat="43.38552456" lon="-5.82671066"><ele>190.68</ele><time>2024-09-03T19:07:16Z</time></trkpt><trkpt lat="43.38552824" lon="-5.82669890"><ele>190.72</ele><time>2024-09-03T19:07:17Z</time></trkpt><trkpt lat="43.38553226" lon="-5.82668793"><ele>190.77</ele><time>2024-09-03T19:07:18Z</time></trkpt><trkpt lat="43.38553652" lon="-5.82667753"><ele>190.83</ele><time>2024-09-03T19:07:19Z</time></trkpt><trkpt lat="43.38553573" lon="-5.82667073"><ele>190.85</ele><time>2024-09-03T19:07:20Z</time></trkpt><trkpt lat="43.38553140" lon="-5.82666645"><ele>190.84</ele><time>2024-09-03T19:07:21Z</time></trkpt><trkpt lat="43.38552460" lon="-5.82666393"><ele>190.81</ele><time>2024-09-03T19:07:22Z</time></trkpt><trkpt lat="43.38551607" lon="-5.82666265"><ele>190.78</ele><time>2024-09-03T19:07:23Z</time></trkpt><trkpt lat="43.38550633" lon="-5.82666224"><ele>190.73</ele><time>2024-09-03T19:07:24Z</time></trkpt><trkpt lat="43.38549574" lon="-5.82666243"><ele>190.67</ele><time>2024-09-03T19:07:25Z</time></trkpt><trkpt lat="43.38548455" lon="-5.82666305"><ele>190.62</ele><time>2024-09-03T19:07:26Z</time></trkpt><trkpt lat="43.38547388" lon="-5.82665903"><ele>190.58</ele><time>2024-09-03T19:07:27Z</time></trkpt><trkpt lat="43.38546357" lon="-5.82665177"><ele>190.55</ele><time>2024-09-03T19:07:28Z</time></trkpt><trkpt lat="43.38545351" lon="-5.82664225"><ele>190.53</ele><time>2024-09-03T19:07:29Z</time></trkpt><trkpt lat="43.38544362" lon="-5.82663113"><ele>190.51</ele><time>2024-09-03T19:07:30Z</time></trkpt><trkpt lat="43.38543386" lon="-5.82661890"><ele>190.50</ele><time>2024-09-03T19:07:31Z</time></trkpt><trkpt lat="43.38542419" lon="-5.82660590"><ele>190.50</ele><time>2024-09-03T19:07:32Z</time></trkpt><trkpt lat="43.38541392" lon="-5.82659049"><ele>190.48</ele><time>2024-09-03T19:07:33Z</time></trkpt><trkpt lat="43.38540324" lon="-5.82657340"><ele>190.46</ele><time>2024-09-03T19:07:34Z</time></trkpt><trkpt lat="43.38539227" lon="-5.82655513"><ele>190.44</ele><time>2024-09-03T19:07:35Z</time></trkpt><trkpt lat="43.38538109" lon="-5.82653604"><ele>190.42</ele><time>2024-09-03T19:07:36Z</time></trkpt><trkpt lat="43.38536978" lon="-5.82651637"><ele>190.40</ele><time>2024-09-03T19:07:37Z</time></trkpt><trkpt lat="43.38535836" lon="-5.82649630"><ele>190.37</ele><time>2024-09-03T19:07:38Z</time></trkpt><trkpt lat="43.38534687" lon="-5.82647595"><ele>190.34</ele><time>2024-09-03T19:07:39Z</time></trkpt><trkpt lat="43.38533533" lon="-5.82645540"><ele>190.32</ele><time>2024-09-03T19:07:40Z</time></trkpt><trkpt lat="43.38532376" lon="-5.82643470"><ele>190.29</ele><time>2024-09-03T19:07:41Z</time></trkpt><trkpt lat="43.38531217" lon="-5.82641392"><ele>190.26</ele><time>2024-09-03T19:07:42Z</time></trkpt><trkpt lat="43.38530055" lon="-5.82639306"><ele>190.23</ele><time>2024-09-03T19:07:43Z</time></trkpt><trkpt lat="43.38528893" lon="-5.82637216"><ele>190.21</ele><time>2024-09-03T19:07:44Z</time></trkpt><trkpt lat="43.38527730" lon="-5.82635122"><ele>190.18</ele><time>2024-09-03T19:07:45Z</time></trkpt><trkpt lat="43.38526566" lon="-5.82633026"><ele>190.15</ele><time>2024-09-03T19:07:46Z</time></trkpt><trkpt lat="43.38525402" lon="-5.82630929"><ele>190.12</ele><time>2024-09-03T19:07:47Z</time></trkpt><trkpt lat="43.38524238" lon="-5.82628830"><ele>190.09</ele><time>2024-09-03T19:07:48Z</time></trkpt><trkpt lat="43.38523073" lon="-5.82626730"><ele>190.07</ele><time>2024-09-03T19:07:49Z</time></trkpt><trkpt lat="43.38521923" lon="-5.82624746"><ele>190.04</ele><time>2024-09-03T19:07:50Z</time></trkpt><trkpt lat="43.38520784" lon="-5.82622843"><ele>190.00</ele><time>2024-09-03T19:07:51Z</time></trkpt><trkpt lat="43.38519652" lon="-5.82620996"><ele>189.97</ele><time>2024-09-03T19:07:52Z</time></trkpt><trkpt lat="43.38518525" lon="-5.82619189"><ele>189.94</ele><time>2024-09-03T19:07:53Z</time></trkpt><trkpt lat="43.38517402" lon="-5.82617410"><ele>189.91</ele><time>2024-09-03T19:07:54Z</time></trkpt><trkpt lat="43.38516282" lon="-5.82615650"><ele>189.87</ele><time>2024-09-03T19:07:55Z</time></trkpt><trkpt lat="43.38515163" lon="-5.82613903"><ele>189.84</ele><time>2024-09-03T19:07:56Z</time></trkpt><trkpt lat="43.38514045" lon="-5.82612167"><ele>189.80</ele><time>2024-09-03T19:07:57Z</time></trkpt><trkpt lat="43.38512928" lon="-5.82610436"><ele>189.77</ele><time>2024-09-03T19:07:58Z</time></trkpt><trkpt lat="43.38511812" lon="-5.82608711"><ele>189.74</ele><time>2024-09-03T19:07:59Z</time></trkpt><trkpt lat="43.38510696" lon="-5.82606988"><ele>189.70</ele><time>2024-09-03T19:08:00Z</time></trkpt><trkpt lat="43.38509581" lon="-5.82605268"><ele>189.67</ele><time>2024-09-03T19:08:01Z</time></trkpt><trkpt lat="43.38508466" lon="-5.82603550"><ele>189.63</ele><time>2024-09-03T19:08:02Z</time></trkpt><trkpt lat="43.38507350" lon="-5.82601833"><ele>189.60</ele><time>2024-09-03T19:08:03Z</time></trkpt><trkpt lat="43.38506468" lon="-5.82599874"><ele>189.56</ele><time>2024-09-03T19:08:04Z</time></trkpt><trkpt lat="43.38505749" lon="-5.82597746"><ele>189.50</ele><time>2024-09-03T19:08:05Z</time></trkpt><trkpt lat="43.38505144" lon="-5.82595500"><ele>189.45</ele><time>2024-09-03T19:08:06Z</time></trkpt><trkpt lat="43.38504619" lon="-5.82593171"><ele>189.39</ele><time>2024-09-03T19:08:07Z</time></trkpt><trkpt lat="43.38504149" lon="-5.82590784"><ele>189.32</ele><time>2024-09-03T19:08:08Z</time></trkpt><trkpt lat="43.38503719" lon="-5.82588356"><ele>189.26</ele><time>2024-09-03T19:08:09Z</time></trkpt><trkpt lat="43.38503316" lon="-5.82585900"><ele>189.19</ele><time>2024-09-03T19:08:10Z</time></trkpt><trkpt lat="43.38502933" lon="-5.82583424"><ele>189.13</ele><time>2024-09-03T19:08:11Z</time></trkpt><trkpt lat="43.38502562" lon="-5.82580934"><ele>189.06</ele><time>2024-09-03T19:08:12Z</time></trkpt><trkpt lat="43.38502202" lon="-5.82578435"><ele>188.99</ele><time>2024-09-03T19:08:13Z</time></trkpt><trkpt lat="43.38501847" lon="-5.82575928"><ele>188.92</ele><time>2024-09-03T19:08:14Z</time></trkpt><trkpt lat="43.38501498" lon="-5.82573417"><ele>188.86</ele><time>2024-09-03T19:08:15Z</time></trkpt><trkpt lat="43.38501151" lon="-5.82570902"><ele>188.79</ele><time>2024-09-03T19:08:16Z</time></trkpt><trkpt lat="43.38500807" lon="-5.82568385"><ele>188.72</ele><time>2024-09-03T19:08:17Z</time></trkpt><trkpt lat="43.38500259" lon="-5.82566161"><ele>188.67</ele><time>2024-09-03T19:08:18Z</time></trkpt><trkpt lat="43.38499568" lon="-5.82564141"><ele>188.64</ele><time>2024-09-03T19:08:19Z</time></trkpt><trkpt lat="43.38498776" lon="-5.82562264"><ele>188.61</ele><time>2024-09-03T19:08:20Z</time></trkpt><trkpt lat="43.38497915" lon="-5.82560487"><ele>188.60</ele><time>2024-09-03T19:08:21Z</time></trkpt><trkpt lat="43.38497005" lon="-5.82558780"><ele>188.59</ele><time>2024-09-03T19:08:22Z</time></trkpt><trkpt lat="43.38496060" lon="-5.82557123"><ele>188.58</ele><time>2024-09-03T19:08:23Z</time></trkpt><trkpt lat="43.38495092" lon="-5.82555499"><ele>188.57</ele><time>2024-09-03T19:08:24Z</time></trkpt><trkpt lat="43.38494106" lon="-5.82553900"><ele>188.57</ele><time>2024-09-03T19:08:25Z</time></trkpt><trkpt lat="43.38493109" lon="-5.82552318"><ele>188.57</ele><time>2024-09-03T19:08:26Z</time></trkpt><trkpt lat="43.38492103" lon="-5.82550747"><ele>188.56</ele><time>2024-09-03T19:08:27Z</time></trkpt><trkpt lat="43.38491092" lon="-5.82549185"><ele>188.56</ele><time>2024-09-03T19:08:28Z</time></trkpt><trkpt lat="43.38490077" lon="-5.82547629"><ele>188.56</ele><time>2024-09-03T19:08:29Z</time></trkpt><trkpt lat="43.38489174" lon="-5.82546116"><ele>188.54</ele><time>2024-09-03T19:08:30Z</time></trkpt><trkpt lat="43.38488349" lon="-5.82544635"><ele>188.50</ele><time>2024-09-03T19:08:31Z</time></trkpt><trkpt lat="43.38487579" lon="-5.82543175"><ele>188.45</ele><time>2024-09-03T19:08:32Z</time></trkpt><trkpt lat="43.38486848" lon="-5.82541730"><ele>188.39</ele><time>2024-09-03T19:08:33Z</time></trkpt><trkpt lat="43.38486144" lon="-5.82540296"><ele>188.33</ele><time>2024-09-03T19:08:34Z</time></trkpt><trkpt lat="43.38485458" lon="-5.82538869"><ele>188.27</ele><time>2024-09-03T19:08:35Z</time></trkpt><trkpt lat="43.38484786" lon="-5.82537448"><ele>188.20</ele><time>2024-09-03T19:08:36Z</time></trkpt><trkpt lat="43.38484123" lon="-5.82536030"><ele>188.13</ele><time>2024-09-03T19:08:37Z</time></trkpt><trkpt lat="43.38483466" lon="-5.82534615"><ele>188.06</ele><time>2024-09-03T19:08:38Z</time></trkpt><trkpt lat="43.38482814" lon="-5.82533201"><ele>187.98</ele><time>2024-09-03T19:08:39Z</time></trkpt><trkpt lat="43.38482165" lon="-5.82531789"><ele>187.91</ele><time>2024-09-03T19:08:40Z</time></trkpt><trkpt lat="43.38481519" lon="-5.82530377"><ele>187.84</ele><time>2024-09-03T19:08:41Z</time></trkpt><trkpt lat="43.38480873" lon="-5.82528966"><ele>187.76</ele><time>2024-09-03T19:08:42Z</time></trkpt><trkpt lat="43.38480271" lon="-5.82527581"><ele>187.71</ele><time>2024-09-03T19:08:43Z</time></trkpt><trkpt lat="43.38479758" lon="-5.82525869"><ele>187.67</ele><time>2024-09-03T19:08:44Z</time></trkpt><trkpt lat="43.38479307" lon="-5.82523929"><ele>187.65</ele><time>2024-09-03T19:08:45Z</time></trkpt><trkpt lat="43.38478900" lon="-5.82521828"><ele>187.63</ele><time>2024-09-03T19:08:46Z</time></trkpt><trkpt lat="43.38478524" lon="-5.82519614"><ele>187.62</ele><time>2024-09-03T19:08:47Z</time></trkpt><trkpt lat="43.38478169" lon="-5.82517323"><ele>187.61</ele><time>2024-09-03T19:08:48Z</time></trkpt><trkpt lat="43.38477829" lon="-5.82514976"><ele>187.60</ele><time>2024-09-03T19:08:49Z</time></trkpt><trkpt lat="43.38477500" lon="-5.82512591"><ele>187.60</ele><time>2024-09-03T19:08:50Z</time></trkpt><trkpt lat="43.38477178" lon="-5.82510179"><ele>187.60</ele><time>2024-09-03T19:08:51Z</time></trkpt><trkpt lat="43.38476861" lon="-5.82507748"><ele>187.59</ele><time>2024-09-03T19:08:52Z</time></trkpt><trkpt lat="43.38476548" lon="-5.82505303"><ele>187.59</ele><time>2024-09-03T19:08:53Z</time></trkpt><trkpt lat="43.38476237" lon="-5.82502850"><ele>187.59</ele><time>2024-09-03T19:08:54Z</time></trkpt><trkpt lat="43.38476281" lon="-5.82500421"><ele>187.59</ele><time>2024-09-03T19:08:55Z</time></trkpt><trkpt lat="43.38476113" lon="-5.82498490"><ele>187.57</ele><time>2024-09-03T19:08:56Z</time></trkpt><trkpt lat="43.38475797" lon="-5.82496907"><ele>187.54</ele><time>2024-09-03T19:08:57Z</time></trkpt><trkpt lat="43.38475377" lon="-5.82495568"><ele>187.50</ele><time>2024-09-03T19:08:58Z</time></trkpt><trkpt lat="43.38474885" lon="-5.82494399"><ele>187.46</ele><time>2024-09-03T19:08:59Z</time></trkpt><trkpt lat="43.38474341" lon="-5.82493350"><ele>187.41</ele><time>2024-09-03T19:09:00Z</time></trkpt><trkpt lat="43.38473762" lon="-5.82492385"><ele>187.35</ele><time>2024-09-03T19:09:01Z</time></trkpt><trkpt lat="43.38473158" lon="-5.82491478"><ele>187.30</ele><time>2024-09-03T19:09:02Z</time></trkpt><trkpt lat="43.38472537" lon="-5.82490613"><ele>187.24</ele><time>2024-09-03T19:09:03Z</time></trkpt><trkpt lat="43.38471938" lon="-5.82489745"><ele>187.20</ele><time>2024-09-03T19:09:04Z</time></trkpt><trkpt lat="43.38471356" lon="-5.82488876"><ele>187.17</ele><time>2024-09-03T19:09:05Z</time></trkpt><trkpt lat="43.38470932" lon="-5.82487687"><ele>187.16</ele><time>2024-09-03T19:09:06Z</time></trkpt><trkpt lat="43.38470620" lon="-5.82486274"><ele>187.14</ele><time>2024-09-03T19:09:07Z</time></trkpt><trkpt lat="43.38470385" lon="-5.82484704"><ele>187.13</ele><time>2024-09-03T19:09:08Z</time></trkpt><trkpt lat="43.38470202" lon="-5.82483334"><ele>187.13</ele><time>2024-09-03T19:09:09Z</time></trkpt><trkpt lat="43.38470055" lon="-5.82482103"><ele>187.12</ele><time>2024-09-03T19:09:10Z</time></trkpt><trkpt lat="43.38469933" lon="-5.82480969"><ele>187.12</ele><time>2024-09-03T19:09:11Z</time></trkpt><trkpt lat="43.38469829" lon="-5.82479904"><ele>187.12</ele><time>2024-09-03T19:09:12Z</time></trkpt><trkpt lat="43.38469737" lon="-5.82478887"><ele>187.11</ele><time>2024-09-03T19:09:13Z</time></trkpt><trkpt lat="43.38469653" lon="-5.82477904"><ele>187.11</ele><time>2024-09-03T19:09:14Z</time></trkpt><trkpt lat="43.38469576" lon="-5.82476944"><ele>187.11</ele><time>2024-09-03T19:09:15Z</time></trkpt><trkpt lat="43.38469503" lon="-5.82476000"><ele>187.11</ele><time>2024-09-03T19:09:16Z</time></trkpt><trkpt lat="43.38469433" lon="-5.82475068"><ele>187.11</ele><time>2024-09-03T19:09:17Z</time></trkpt><trkpt lat="43.38469365" lon="-5.82474144"><ele>187.11</ele><time>2024-09-03T19:09:18Z</time></trkpt><trkpt lat="43.38469298" lon="-5.82473226"><ele>187.11</ele><time>2024-09-03T19:09:19Z</time></trkpt><trkpt lat="43.38469233" lon="-5.82472311"><ele>187.11</ele><time>2024-09-03T19:09:20Z</time></trkpt><trkpt lat="43.38469168" lon="-5.82471400"><ele>187.11</ele><time>2024-09-03T19:09:21Z</time></trkpt><trkpt lat="43.38469104" lon="-5.82470490"><ele>187.11</ele><time>2024-09-03T19:09:22Z</time></trkpt><trkpt lat="43.38469040" lon="-5.82469582"><ele>187.11</ele><time>2024-09-03T19:09:23Z</time></trkpt><trkpt lat="43.38468957" lon="-5.82469036"><ele>187.11</ele><time>2024-09-03T19:09:24Z</time></trkpt><trkpt lat="43.38468807" lon="-5.82468934"><ele>187.12</ele><time>2024-09-03T19:09:25Z</time></trkpt><trkpt lat="43.38468608" lon="-5.82469142"><ele>187.14</ele><time>2024-09-03T19:09:26Z</time></trkpt><trkpt lat="43.38468376" lon="-5.82469567"><ele>187.16</ele><time>2024-09-03T19:09:27Z</time></trkpt><trkpt lat="43.38468120" lon="-5.82470144"><ele>187.19</ele><time>2024-09-03T19:09:28Z</time></trkpt><trkpt lat="43.38467849" lon="-5.82470827"><ele>187.21</ele><time>2024-09-03T19:09:29Z</time></trkpt><trkpt lat="43.38467565" lon="-5.82471585"><ele>187.25</ele><time>2024-09-03T19:09:30Z</time></trkpt><trkpt lat="43.38467274" lon="-5.82472395"><ele>187.28</ele><time>2024-09-03T19:09:31Z</time></trkpt><trkpt lat="43.38466977" lon="-5.82473241"><ele>187.31</ele><time>2024-09-03T19:09:32Z</time></trkpt><trkpt lat="43.38466676" lon="-5.82474113"><ele>187.34</ele><time>2024-09-03T19:09:33Z</time></trkpt><trkpt lat="43.38466372" lon="-5.82475003"><ele>187.38</ele><time>2024-09-03T19:09:34Z</time></trkpt><trkpt lat="43.38466067" lon="-5.82475906"><ele>187.41</ele><time>2024-09-03T19:09:35Z</time></trkpt><trkpt lat="43.38465760" lon="-5.82476817"><ele>187.44</ele><time>2024-09-03T19:09:36Z</time></trkpt><trkpt lat="43.38465452" lon="-5.82477734"><ele>187.48</ele><time>2024-09-03T19:09:37Z</time></trkpt><trkpt lat="43.38465143" lon="-5.82478656"><ele>187.51</ele><time>2024-09-03T19:09:38Z</time></trkpt><trkpt lat="43.38464797" lon="-5.82479403"><ele>187.52</ele><time>2024-09-03T19:09:39Z</time></trkpt><trkpt lat="43.38464425" lon="-5.82480029"><ele>187.50</ele><time>2024-09-03T19:09:40Z</time></trkpt><trkpt lat="43.38464035" lon="-5.82480569"><ele>187.47</ele><time>2024-09-03T19:09:41Z</time></trkpt><trkpt lat="43.38463632" lon="-5.82481050"><ele>187.44</ele><time>2024-09-03T19:09:42Z</time></trkpt><trkpt lat="43.38463220" lon="-5.82481489"><ele>187.39</ele><time>2024-09-03T19:09:43Z</time></trkpt><trkpt lat="43.38462802" lon="-5.82481899"><ele>187.34</ele><time>2024-09-03T19:09:44Z</time></trkpt><trkpt lat="43.38462380" lon="-5.82482288"><ele>187.29</ele><time>2024-09-03T19:09:45Z</time></trkpt><trkpt lat="43.38461954" lon="-5.82482663"><ele>187.24</ele><time>2024-09-03T19:09:46Z</time></trkpt><trkpt lat="43.38461359" lon="-5.82482118"><ele>187.19</ele><time>2024-09-03T19:09:47Z</time></trkpt><trkpt lat="43.38460645" lon="-5.82480927"><ele>187.15</ele><time>2024-09-03T19:09:48Z</time></trkpt><trkpt lat="43.38459848" lon="-5.82479285"><ele>187.11</ele><time>2024-09-03T19:09:49Z</time></trkpt><trkpt lat="43.38458992" lon="-5.82477328"><ele>187.07</ele><time>2024-09-03T19:09:50Z</time></trkpt><trkpt lat="43.38458096" lon="-5.82475149"><ele>187.03</ele><time>2024-09-03T19:09:51Z</time></trkpt><trkpt lat="43.38457171" lon="-5.82472816"><ele>187.00</ele><time>2024-09-03T19:09:52Z</time></trkpt><trkpt lat="43.38456227" lon="-5.82470374"><ele>186.97</ele><time>2024-09-03T19:09:53Z</time></trkpt><trkpt lat="43.38455268" lon="-5.82467857"><ele>186.93</ele><time>2024-09-03T19:09:54Z</time></trkpt><trkpt lat="43.38454299" lon="-5.82465286"><ele>186.90</ele><time>2024-09-03T19:09:55Z</time></trkpt><trkpt lat="43.38453324" lon="-5.82462678"><ele>186.87</ele><time>2024-09-03T19:09:56Z</time></trkpt><trkpt lat="43.38452344" lon="-5.82460044"><ele>186.83</ele><time>2024-09-03T19:09:57Z</time></trkpt><trkpt lat="43.38451361" lon="-5.82457392"><ele>186.80</ele><time>2024-09-03T19:09:58Z</time></trkpt><trkpt lat="43.38450375" lon="-5.82454728"><ele>186.77</ele><time>2024-09-03T19:09:59Z</time></trkpt><trkpt lat="43.38449387" lon="-5.82452054"><ele>186.74</ele><time>2024-09-03T19:10:00Z</time></trkpt><trkpt lat="43.38448399" lon="-5.82449374"><ele>186.70</ele><time>2024-09-03T19:10:01Z</time></trkpt><trkpt lat="43.38447481" lon="-5.82446684"><ele>186.67</ele><time>2024-09-03T19:10:02Z</time></trkpt><trkpt lat="43.38446613" lon="-5.82443987"><ele>186.64</ele><time>2024-09-03T19:10:03Z</time></trkpt><trkpt lat="43.38445780" lon="-5.82441286"><ele>186.60</ele><time>2024-09-03T19:10:04Z</time></trkpt><trkpt lat="43.38444972" lon="-5.82438580"><ele>186.57</ele><time>2024-09-03T19:10:05Z</time></trkpt><trkpt lat="43.38444180" lon="-5.82435873"><ele>186.53</ele><time>2024-09-03T19:10:06Z</time></trkpt><trkpt lat="43.38443400" lon="-5.82433164"><ele>186.49</ele><time>2024-09-03T19:10:07Z</time></trkpt><trkpt lat="43.38442629" lon="-5.82430453"><ele>186.46</ele><time>2024-09-03T19:10:08Z</time></trkpt><trkpt lat="43.38441864" lon="-5.82427742"><ele>186.42</ele><time>2024-09-03T19:10:09Z</time></trkpt><trkpt lat="43.38441102" lon="-5.82425030"><ele>186.38</ele><time>2024-09-03T19:10:10Z</time></trkpt><trkpt lat="43.38440344" lon="-5.82422318"><ele>186.35</ele><time>2024-09-03T19:10:11Z</time></trkpt><trkpt lat="43.38439587" lon="-5.82419605"><ele>186.31</ele><time>2024-09-03T19:10:12Z</time></trkpt><trkpt lat="43.38438832" lon="-5.82416893"><ele>186.27</ele><time>2024-09-03T19:10:13Z</time></trkpt><trkpt lat="43.38438078" lon="-5.82414180"><ele>186.24</ele><time>2024-09-03T19:10:14Z</time></trkpt><trkpt lat="43.38437736" lon="-5.82411960"><ele>186.21</ele><time>2024-09-03T19:10:15Z</time></trkpt><trkpt lat="43.38437683" lon="-5.82410085"><ele>186.19</ele><time>2024-09-03T19:10:16Z</time></trkpt><trkpt lat="43.38437831" lon="-5.82408452"><ele>186.18</ele><time>2024-09-03T19:10:17Z</time></trkpt><trkpt lat="43.38438121" lon="-5.82406988"><ele>186.17</ele><time>2024-09-03T19:10:18Z</time></trkpt><trkpt lat="43.38438509" lon="-5.82405643"><ele>186.16</ele><time>2024-09-03T19:10:19Z</time></trkpt><trkpt lat="43.38438967" lon="-5.82404380"><ele>186.16</ele><time>2024-09-03T19:10:20Z</time></trkpt><trkpt lat="43.38439474" lon="-5.82403175"><ele>186.16</ele><time>2024-09-03T19:10:21Z</time></trkpt><trkpt lat="43.38440014" lon="-5.82402011"><ele>186.15</ele><time>2024-09-03T19:10:22Z</time></trkpt><trkpt lat="43.38440578" lon="-5.82400875"><ele>186.15</ele><time>2024-09-03T19:10:23Z</time></trkpt><trkpt lat="43.38441159" lon="-5.82399759"><ele>186.15</ele><time>2024-09-03T19:10:24Z</time></trkpt><trkpt lat="43.38441751" lon="-5.82398658"><ele>186.15</ele><time>2024-09-03T19:10:25Z</time></trkpt><trkpt lat="43.38442352" lon="-5.82397565"><ele>186.15</ele><time>2024-09-03T19:10:26Z</time></trkpt><trkpt lat="43.38442810" lon="-5.82396523"><ele>186.16</ele><time>2024-09-03T19:10:27Z</time></trkpt><trkpt lat="43.38443169" lon="-5.82395514"><ele>186.17</ele><time>2024-09-03T19:10:28Z</time></trkpt><trkpt lat="43.38443457" lon="-5.82394530"><ele>186.19</ele><time>2024-09-03T19:10:29Z</time></trkpt><trkpt lat="43.38443697" lon="-5.82393562"><ele>186.21</ele><time>2024-09-03T19:10:30Z</time></trkpt><trkpt lat="43.38443902" lon="-5.82392606"><ele>186.23</ele><time>2024-09-03T19:10:31Z</time></trkpt><trkpt lat="43.38444084" lon="-5.82391659"><ele>186.25</ele><time>2024-09-03T19:10:32Z</time></trkpt><trkpt lat="43.38444249" lon="-5.82390717"><ele>186.27</ele><time>2024-09-03T19:10:33Z</time></trkpt><trkpt lat="43.38444402" lon="-5.82389779"><ele>186.30</ele><time>2024-09-03T19:10:34Z</time></trkpt><trkpt lat="43.38444547" lon="-5.82388845"><ele>186.32</ele><time>2024-09-03T19:10:35Z</time></trkpt><trkpt lat="43.38444686" lon="-5.82387912"><ele>186.35</ele><time>2024-09-03T19:10:36Z</time></trkpt><trkpt lat="43.38444821" lon="-5.82386980"><ele>186.37</ele><time>2024-09-03T19:10:37Z</time></trkpt><trkpt lat="43.38444953" lon="-5.82386050"><ele>186.40</ele><time>2024-09-03T19:10:38Z</time></trkpt><trkpt lat="43.38445084" lon="-5.82385120"><ele>186.42</ele><time>2024-09-03T19:10:39Z</time></trkpt><trkpt lat="43.38445213" lon="-5.82384191"><ele>186.45</ele><time>2024-09-03T19:10:40Z</time></trkpt><trkpt lat="43.38445341" lon="-5.82383262"><ele>186.47</ele><time>2024-09-03T19:10:41Z</time></trkpt><trkpt lat="43.38445468" lon="-5.82382333"><ele>186.50</ele><time>2024-09-03T19:10:42Z</time></trkpt><trkpt lat="43.38445595" lon="-5.82381405"><ele>186.52</ele><time>2024-09-03T19:10:43Z</time></trkpt><trkpt lat="43.38445721" lon="-5.82380476"><ele>186.55</ele><time>2024-09-03T19:10:44Z</time></trkpt><trkpt lat="43.38445848" lon="-5.82379548"><ele>186.57</ele><time>2024-09-03T19:10:45Z</time></trkpt><trkpt lat="43.38445901" lon="-5.82378344"><ele>186.58</ele><time>2024-09-03T19:10:46Z</time></trkpt><trkpt lat="43.38445904" lon="-5.82376948"><ele>186.58</ele><time>2024-09-03T19:10:47Z</time></trkpt><trkpt lat="43.38445872" lon="-5.82375417"><ele>186.57</ele><time>2024-09-03T19:10:48Z</time></trkpt><trkpt lat="43.38445814" lon="-5.82373791"><ele>186.55</ele><time>2024-09-03T19:10:49Z</time></trkpt><trkpt lat="43.38445740" lon="-5.82372099"><ele>186.53</ele><time>2024-09-03T19:10:50Z</time></trkpt><trkpt lat="43.38445653" lon="-5.82370361"><ele>186.51</ele><time>2024-09-03T19:10:51Z</time></trkpt><trkpt lat="43.38445557" lon="-5.82368591"><ele>186.49</ele><time>2024-09-03T19:10:52Z</time></trkpt><trkpt lat="43.38445456" lon="-5.82366798"><ele>186.46</ele><time>2024-09-03T19:10:53Z</time></trkpt><trkpt lat="43.38445350" lon="-5.82364989"><ele>186.44</ele><time>2024-09-03T19:10:54Z</time></trkpt><trkpt lat="43.38445242" lon="-5.82363169"><ele>186.41</ele><time>2024-09-03T19:10:55Z</time></trkpt><trkpt lat="43.38445131" lon="-5.82361341"><ele>186.38</ele><time>2024-09-03T19:10:56Z</time></trkpt><trkpt lat="43.38445019" lon="-5.82359507"><ele>186.36</ele><time>2024-09-03T19:10:57Z</time></trkpt><trkpt lat="43.38444906" lon="-5.82357670"><ele>186.33</ele><time>2024-09-03T19:10:58Z</time></trkpt><trkpt lat="43.38444792" lon="-5.82355831"><ele>186.30</ele><time>2024-09-03T19:10:59Z</time></trkpt><trkpt lat="43.38444678" lon="-5.82353989"><ele>186.27</ele><time>2024-09-03T19:11:00Z</time></trkpt><trkpt lat="43.38444563" lon="-5.82352146"><ele>186.24</ele><time>2024-09-03T19:11:01Z</time></trkpt><trkpt lat="43.38444449" lon="-5.82350302"><ele>186.22</ele><time>2024-09-03T19:11:02Z</time></trkpt><trkpt lat="43.38444376" lon="-5.82348424"><ele>186.20</ele><time>2024-09-03T19:11:03Z</time></trkpt><trkpt lat="43.38444334" lon="-5.82346522"><ele>186.18</ele><time>2024-09-03T19:11:04Z</time></trkpt><trkpt lat="43.38444313" lon="-5.82344604"><ele>186.17</ele><time>2024-09-03T19:11:05Z</time></trkpt><trkpt lat="43.38444306" lon="-5.82342673"><ele>186.17</ele><time>2024-09-03T19:11:06Z</time></trkpt><trkpt lat="43.38444309" lon="-5.82340735"><ele>186.16</ele><time>2024-09-03T19:11:07Z</time></trkpt><trkpt lat="43.38444320" lon="-5.82338790"><ele>186.16</ele><time>2024-09-03T19:11:08Z</time></trkpt><trkpt lat="43.38444335" lon="-5.82336842"><ele>186.16</ele><time>2024-09-03T19:11:09Z</time></trkpt><trkpt lat="43.38444354" lon="-5.82334891"><ele>186.15</ele><time>2024-09-03T19:11:10Z</time></trkpt><trkpt lat="43.38444376" lon="-5.82332938"><ele>186.15</ele><time>2024-09-03T19:11:11Z</time></trkpt><trkpt lat="43.38444399" lon="-5.82330983"><ele>186.15</ele><time>2024-09-03T19:11:12Z</time></trkpt><trkpt lat="43.38444423" lon="-5.82329028"><ele>186.15</ele><time>2024-09-03T19:11:13Z</time></trkpt><trkpt lat="43.38444449" lon="-5.82327072"><ele>186.15</ele><time>2024-09-03T19:11:14Z</time></trkpt><trkpt lat="43.38444475" lon="-5.82325115"><ele>186.15</ele><time>2024-09-03T19:11:15Z</time></trkpt><trkpt lat="43.38444501" lon="-5.82323158"><ele>186.15</ele><time>2024-09-03T19:11:16Z</time></trkpt><trkpt lat="43.38444527" lon="-5.82321201"><ele>186.15</ele><time>2024-09-03T19:11:17Z</time></trkpt><trkpt lat="43.38444554" lon="-5.82319244"><ele>186.15</ele><time>2024-09-03T19:11:18Z</time></trkpt><trkpt lat="43.38444920" lon="-5.82317156"><ele>186.16</ele><time>2024-09-03T19:11:19Z</time></trkpt><trkpt lat="43.38445524" lon="-5.82314976"><ele>186.19</ele><time>2024-09-03T19:11:20Z</time></trkpt><trkpt lat="43.38446293" lon="-5.82312732"><ele>186.21</ele><time>2024-09-03T19:11:21Z</time></trkpt><trkpt lat="43.38447179" lon="-5.82310443"><ele>186.25</ele><time>2024-09-03T19:11:22Z</time></trkpt><trkpt lat="43.38448147" lon="-5.82308123"><ele>186.28</ele><time>2024-09-03T19:11:23Z</time></trkpt><trkpt lat="43.38449171" lon="-5.82305781"><ele>186.32</ele><time>2024-09-03T19:11:24Z</time></trkpt><trkpt lat="43.38450235" lon="-5.82303424"><ele>186.36</ele><time>2024-09-03T19:11:25Z</time></trkpt><trkpt lat="43.38451328" lon="-5.82301055"><ele>186.40</ele><time>2024-09-03T19:11:26Z</time></trkpt><trkpt lat="43.38452440" lon="-5.82298679"><ele>186.45</ele><time>2024-09-03T19:11:27Z</time></trkpt><trkpt lat="43.38453565" lon="-5.82296298"><ele>186.49</ele><time>2024-09-03T19:11:28Z</time></trkpt><trkpt lat="43.38454700" lon="-5.82293914"><ele>186.53</ele><time>2024-09-03T19:11:29Z</time></trkpt><trkpt lat="43.38455695" lon="-5.82291482"><ele>186.54</ele><time>2024-09-03T19:11:30Z</time></trkpt><trkpt lat="43.38456592" lon="-5.82289018"><ele>186.54</ele><time>2024-09-03T19:11:31Z</time></trkpt><trkpt lat="43.38457420" lon="-5.82286532"><ele>186.52</ele><time>2024-09-03T19:11:32Z</time></trkpt><trkpt lat="43.38458200" lon="-5.82284029"><ele>186.49</ele><time>2024-09-03T19:11:33Z</time></trkpt><trkpt lat="43.38458946" lon="-5.82281516"><ele>186.45</ele><time>2024-09-03T19:11:34Z</time></trkpt><trkpt lat="43.38459669" lon="-5.82278994"><ele>186.41</ele><time>2024-09-03T19:11:35Z</time></trkpt><trkpt lat="43.38460375" lon="-5.82276467"><ele>186.36</ele><time>2024-09-03T19:11:36Z</time></trkpt><trkpt lat="43.38461070" lon="-5.82273936"><ele>186.31</ele><time>2024-09-03T19:11:37Z</time></trkpt><trkpt lat="43.38461756" lon="-5.82271403"><ele>186.27</ele><time>2024-09-03T19:11:38Z</time></trkpt><trkpt lat="43.38462520" lon="-5.82268874"><ele>186.24</ele><time>2024-09-03T19:11:39Z</time></trkpt><trkpt lat="43.38463338" lon="-5.82266349"><ele>186.23</ele><time>2024-09-03T19:11:40Z</time></trkpt><trkpt lat="43.38464194" lon="-5.82263825"><ele>186.23</ele><time>2024-09-03T19:11:41Z</time></trkpt><trkpt lat="43.38465076" lon="-5.82261303"><ele>186.23</ele><time>2024-09-03T19:11:42Z</time></trkpt><trkpt lat="43.38465977" lon="-5.82258783"><ele>186.25</ele><time>2024-09-03T19:11:43Z</time></trkpt><trkpt lat="43.38466891" lon="-5.82256263"><ele>186.26</ele><time>2024-09-03T19:11:44Z</time></trkpt><trkpt lat="43.38467814" lon="-5.82253743"><ele>186.28</ele><time>2024-09-03T19:11:45Z</time></trkpt><trkpt lat="43.38468743" lon="-5.82251224"><ele>186.30</ele><time>2024-09-03T19:11:46Z</time></trkpt><trkpt lat="43.38469677" lon="-5.82248706"><ele>186.33</ele><time>2024-09-03T19:11:47Z</time></trkpt><trkpt lat="43.38470613" lon="-5.82246187"><ele>186.35</ele><time>2024-09-03T19:11:48Z</time></trkpt><trkpt lat="43.38471552" lon="-5.82243669"><ele>186.37</ele><time>2024-09-03T19:11:49Z</time></trkpt><trkpt lat="43.38472493" lon="-5.82241150"><ele>186.40</ele><time>2024-09-03T19:11:50Z</time></trkpt><trkpt lat="43.38473434" lon="-5.82238632"><ele>186.42</ele><time>2024-09-03T19:11:51Z</time></trkpt><trkpt lat="43.38474377" lon="-5.82236114"><ele>186.45</ele><time>2024-09-03T19:11:52Z</time></trkpt><trkpt lat="43.38475320" lon="-5.82233596"><ele>186.47</ele><time>2024-09-03T19:11:53Z</time></trkpt><trkpt lat="43.38476263" lon="-5.82231078"><ele>186.50</ele><time>2024-09-03T19:11:54Z</time></trkpt><trkpt lat="43.38477206" lon="-5.82228560"><ele>186.52</ele><time>2024-09-03T19:11:55Z</time></trkpt><trkpt lat="43.38478150" lon="-5.82226041"><ele>186.55</ele><time>2024-09-03T19:11:56Z</time></trkpt><trkpt lat="43.38479094" lon="-5.82223523"><ele>186.57</ele><time>2024-09-03T19:11:57Z</time></trkpt><trkpt lat="43.38479982" lon="-5.82221196"><ele>186.59</ele><time>2024-09-03T19:11:58Z</time></trkpt><trkpt lat="43.38480833" lon="-5.82219003"><ele>186.60</ele><time>2024-09-03T19:11:59Z</time></trkpt><trkpt lat="43.38481656" lon="-5.82216903"><ele>186.61</ele><time>2024-09-03T19:12:00Z</time></trkpt><trkpt lat="43.38482460" lon="-5.82214868"><ele>186.62</ele><time>2024-09-03T19:12:01Z</time></trkpt><trkpt lat="43.38483251" lon="-5.82212879"><ele>186.62</ele><time>2024-09-03T19:12:02Z</time></trkpt><trkpt lat="43.38484033" lon="-5.82210923"><ele>186.62</ele><time>2024-09-03T19:12:03Z</time></trkpt><trkpt lat="43.38484808" lon="-5.82208989"><ele>186.63</ele><time>2024-09-03T19:12:04Z</time></trkpt><trkpt lat="43.38485579" lon="-5.82207070"><ele>186.63</ele><time>2024-09-03T19:12:05Z</time></trkpt><trkpt lat="43.38486347" lon="-5.82205163"><ele>186.63</ele><time>2024-09-03T19:12:06Z</time></trkpt><trkpt lat="43.38487112" lon="-5.82203263"><ele>186.63</ele><time>2024-09-03T19:12:07Z</time></trkpt><trkpt lat="43.38487624" lon="-5.82201386"><ele>186.62</ele><time>2024-09-03T19:12:08Z</time></trkpt><trkpt lat="43.38487957" lon="-5.82199526"><ele>186.60</ele><time>2024-09-03T19:12:09Z</time></trkpt><trkpt lat="43.38488166" lon="-5.82197677"><ele>186.57</ele><time>2024-09-03T19:12:10Z</time></trkpt><trkpt lat="43.38488287" lon="-5.82195836"><ele>186.54</ele><time>2024-09-03T19:12:11Z</time></trkpt><trkpt lat="43.38488348" lon="-5.82194001"><ele>186.51</ele><time>2024-09-03T19:12:12Z</time></trkpt><trkpt lat="43.38488366" lon="-5.82192170"><ele>186.47</ele><time>2024-09-03T19:12:13Z</time></trkpt><trkpt lat="43.38488354" lon="-5.82190341"><ele>186.44</ele><time>2024-09-03T19:12:14Z</time></trkpt><trkpt lat="43.38488321" lon="-5.82188514"><ele>186.40</ele><time>2024-09-03T19:12:15Z</time></trkpt><trkpt lat="43.38488274" lon="-5.82186689"><ele>186.36</ele><time>2024-09-03T19:12:16Z</time></trkpt><trkpt lat="43.38488216" lon="-5.82184864"><ele>186.32</ele><time>2024-09-03T19:12:17Z</time></trkpt><trkpt lat="43.38488151" lon="-5.82183040"><ele>186.28</ele><time>2024-09-03T19:12:18Z</time></trkpt><trkpt lat="43.38488081" lon="-5.82181217"><ele>186.24</ele><time>2024-09-03T19:12:19Z</time></trkpt><trkpt lat="43.38487983" lon="-5.82179826"><ele>186.21</ele><time>2024-09-03T19:12:20Z</time></trkpt><trkpt lat="43.38487867" lon="-5.82178740"><ele>186.20</ele><time>2024-09-03T19:12:21Z</time></trkpt><trkpt lat="43.38487737" lon="-5.82177865"><ele>186.18</ele><time>2024-09-03T19:12:22Z</time></trkpt><trkpt lat="43.38487597" lon="-5.82177139"><ele>186.17</ele><time>2024-09-03T19:12:23Z</time></trkpt><trkpt lat="43.38487451" lon="-5.82176517"><ele>186.17</ele><time>2024-09-03T19:12:24Z</time></trkpt><trkpt lat="43.38487301" lon="-5.82175968"><ele>186.16</ele><time>2024-09-03T19:12:25Z</time></trkpt><trkpt lat="43.38487147" lon="-5.82175469"><ele>186.16</ele><time>2024-09-03T19:12:26Z</time></trkpt><trkpt lat="43.38486991" lon="-5.82175007"><ele>186.16</ele><time>2024-09-03T19:12:27Z</time></trkpt><trkpt lat="43.38486833" lon="-5.82174569"><ele>186.15</ele><time>2024-09-03T19:12:28Z</time></trkpt><trkpt lat="43.38486675" lon="-5.82174149"><ele>186.15</ele><time>2024-09-03T19:12:29Z</time></trkpt><trkpt lat="43.38486515" lon="-5.82173741"><ele>186.15</ele><time>2024-09-03T19:12:30Z</time></trkpt><trkpt lat="43.38486355" lon="-5.82173342"><ele>186.15</ele><time>2024-09-03T19:12:31Z</time></trkpt><trkpt lat="43.38486187" lon="-5.82172920"><ele>186.19</ele><time>2024-09-03T19:12:32Z</time></trkpt><trkpt lat="43.38486015" lon="-5.82172482"><ele>186.25</ele><time>2024-09-03T19:12:33Z</time></trkpt><trkpt lat="43.38485839" lon="-5.82172032"><ele>186.33</ele><time>2024-09-03T19:12:34Z</time></trkpt><trkpt lat="43.38485660" lon="-5.82171575"><ele>186.42</ele><time>2024-09-03T19:12:35Z</time></trkpt><trkpt lat="43.38485480" lon="-5.82171112"><ele>186.52</ele><time>2024-09-03T19:12:36Z</time></trkpt><trkpt lat="43.38485299" lon="-5.82170645"><ele>186.63</ele><time>2024-09-03T19:12:37Z</time></trkpt><trkpt lat="43.38485116" lon="-5.82170176"><ele>186.74</ele><time>2024-09-03T19:12:38Z</time></trkpt><trkpt lat="43.38484933" lon="-5.82169705"><ele>186.85</ele><time>2024-09-03T19:12:39Z</time></trkpt><trkpt lat="43.38484750" lon="-5.82169232"><ele>186.97</ele><time>2024-09-03T19:12:40Z</time></trkpt><trkpt lat="43.38484566" lon="-5.82168759"><ele>187.08</ele><time>2024-09-03T19:12:41Z</time></trkpt><trkpt lat="43.38484382" lon="-5.82168285"><ele>187.20</ele><time>2024-09-03T19:12:42Z</time></trkpt><trkpt lat="43.38484198" lon="-5.82167810"><ele>187.32</ele><time>2024-09-03T19:12:43Z</time></trkpt><trkpt lat="43.38484014" lon="-5.82167335"><ele>187.44</ele><time>2024-09-03T19:12:44Z</time></trkpt><trkpt lat="43.38483830" lon="-5.82166860"><ele>187.56</ele><time>2024-09-03T19:12:45Z</time></trkpt><trkpt lat="43.38483645" lon="-5.82166385"><ele>187.68</ele><time>2024-09-03T19:12:46Z</time></trkpt><trkpt lat="43.38483461" lon="-5.82165909"><ele>187.80</ele><time>2024-09-03T19:12:47Z</time></trkpt><trkpt lat="43.38483276" lon="-5.82165439"><ele>187.88</ele><time>2024-09-03T19:12:48Z</time></trkpt><trkpt lat="43.38483089" lon="-5.82164973"><ele>187.94</ele><time>2024-09-03T19:12:49Z</time></trkpt><trkpt lat="43.38482903" lon="-5.82164510"><ele>187.98</ele><time>2024-09-03T19:12:50Z</time></trkpt><trkpt lat="43.38482716" lon="-5.82164049"><ele>188.01</ele><time>2024-09-03T19:12:51Z</time></trkpt><trkpt lat="43.38482529" lon="-5.82163589"><ele>188.03</ele><time>2024-09-03T19:12:52Z</time></trkpt><trkpt lat="43.38482341" lon="-5.82163130"><ele>188.05</ele><time>2024-09-03T19:12:53Z</time></trkpt><trkpt lat="43.38482153" lon="-5.82162672"><ele>188.06</ele><time>2024-09-03T19:12:54Z</time></trkpt><trkpt lat="43.38481966" lon="-5.82162215"><ele>188.06</ele><time>2024-09-03T19:12:55Z</time></trkpt><trkpt lat="43.38481778" lon="-5.82161757"><ele>188.07</ele><time>2024-09-03T19:12:56Z</time></trkpt><trkpt lat="43.38481590" lon="-5.82161300"><ele>188.07</ele><time>2024-09-03T19:12:57Z</time></trkpt><trkpt lat="43.38481403" lon="-5.82160843"><ele>188.07</ele><time>2024-09-03T19:12:58Z</time></trkpt><trkpt lat="43.38481215" lon="-5.82160386"><ele>188.08</ele><time>2024-09-03T19:12:59Z</time></trkpt><trkpt lat="43.38481027" lon="-5.82159929"><ele>188.08</ele><time>2024-09-03T19:13:00Z</time></trkpt><trkpt lat="43.38480839" lon="-5.82159472"><ele>188.08</ele><time>2024-09-03T19:13:01Z</time></trkpt><trkpt lat="43.38480651" lon="-5.82159016"><ele>188.08</ele><time>2024-09-03T19:13:02Z</time></trkpt><trkpt lat="43.38480463" lon="-5.82158559"><ele>188.08</ele><time>2024-09-03T19:13:03Z</time></trkpt><trkpt lat="43.38480275" lon="-5.82158102"><ele>188.08</ele><time>2024-09-03T19:13:04Z</time></trkpt><trkpt lat="43.38480088" lon="-5.82157645"><ele>188.08</ele><time>2024-09-03T19:13:05Z</time></trkpt><trkpt lat="43.38479900" lon="-5.82157189"><ele>188.08</ele><time>2024-09-03T19:13:06Z</time></trkpt><trkpt lat="43.38479712" lon="-5.82156732"><ele>188.08</ele><time>2024-09-03T19:13:07Z</time></trkpt><trkpt lat="43.38479524" lon="-5.82156275"><ele>188.08</ele><time>2024-09-03T19:13:08Z</time></trkpt><trkpt lat="43.38479336" lon="-5.82155819"><ele>188.08</ele><time>2024-09-03T19:13:09Z</time></trkpt><trkpt lat="43.38479148" lon="-5.82155362"><ele>188.08</ele><time>2024-09-03T19:13:10Z</time></trkpt><trkpt lat="43.38478960" lon="-5.82154905"><ele>188.08</ele><time>2024-09-03T19:13:11Z</time></trkpt><trkpt lat="43.38478773" lon="-5.82154449"><ele>188.08</ele><time>2024-09-03T19:13:12Z</time></trkpt><trkpt lat="43.38478585" lon="-5.82153992"><ele>188.08</ele><time>2024-09-03T19:13:13Z</time></trkpt><trkpt lat="43.38478397" lon="-5.82153535"><ele>188.08</ele><time>2024-09-03T19:13:14Z</time></trkpt><trkpt lat="43.38478209" lon="-5.82153079"><ele>188.08</ele><time>2024-09-03T19:13:15Z</time></trkpt><trkpt lat="43.38478021" lon="-5.82152622"><ele>188.08</ele><time>2024-09-03T19:13:16Z</time></trkpt><trkpt lat="43.38477774" lon="-5.82152067"><ele>188.08</ele><time>2024-09-03T19:13:17Z</time></trkpt><trkpt lat="43.38477487" lon="-5.82151445"><ele>188.08</ele><time>2024-09-03T19:13:18Z</time></trkpt><trkpt lat="43.38477170" lon="-5.82150774"><ele>188.08</ele><time>2024-09-03T19:13:19Z</time></trkpt><trkpt lat="43.38476834" lon="-5.82150069"><ele>188.08</ele><time>2024-09-03T19:13:20Z</time></trkpt><trkpt lat="43.38476483" lon="-5.82149341"><ele>188.08</ele><time>2024-09-03T19:13:21Z</time></trkpt><trkpt lat="43.38476123" lon="-5.82148597"><ele>188.08</ele><time>2024-09-03T19:13:22Z</time></trkpt><trkpt lat="43.38475756" lon="-5.82147841"><ele>188.08</ele><time>2024-09-03T19:13:23Z</time></trkpt><trkpt lat="43.38475383" lon="-5.82147077"><ele>188.08</ele><time>2024-09-03T19:13:24Z</time></trkpt><trkpt lat="43.38474947" lon="-5.82146185"><ele>188.15</ele><time>2024-09-03T19:13:25Z</time></trkpt><trkpt lat="43.38474466" lon="-5.82145203"><ele>188.27</ele><time>2024-09-03T19:13:26Z</time></trkpt><trkpt lat="43.38473954" lon="-5.82144158"><ele>188.43</ele><time>2024-09-03T19:13:27Z</time></trkpt><trkpt lat="43.38473420" lon="-5.82143069"><ele>188.61</ele><time>2024-09-03T19:13:28Z</time></trkpt><trkpt lat="43.38472870" lon="-5.82141950"><ele>188.81</ele><time>2024-09-03T19:13:29Z</time></trkpt><trkpt lat="43.38472310" lon="-5.82140808"><ele>189.03</ele><time>2024-09-03T19:13:30Z</time></trkpt><trkpt lat="43.38471744" lon="-5.82139670"><ele>189.46</ele><time>2024-09-03T19:13:31Z</time></trkpt><trkpt lat="43.38471175" lon="-5.82138534"><ele>190.06</ele><time>2024-09-03T19:13:32Z</time></trkpt><trkpt lat="43.38470604" lon="-5.82137398"><ele>190.76</ele><time>2024-09-03T19:13:33Z</time></trkpt><trkpt lat="43.38470032" lon="-5.82136261"><ele>191.54</ele><time>2024-09-03T19:13:34Z</time></trkpt><trkpt lat="43.38469437" lon="-5.82135082"><ele>192.42</ele><time>2024-09-03T19:13:35Z</time></trkpt><trkpt lat="43.38468824" lon="-5.82133871"><ele>193.38</ele><time>2024-09-03T19:13:36Z</time></trkpt><trkpt lat="43.38468201" lon="-5.82132639"><ele>194.38</ele><time>2024-09-03T19:13:37Z</time></trkpt><trkpt lat="43.38467658" lon="-5.82131572"><ele>195.09</ele><time>2024-09-03T19:13:38Z</time></trkpt><trkpt lat="43.38467089" lon="-5.82130452"><ele>195.92</ele><time>2024-09-03T19:13:39Z</time></trkpt><trkpt lat="43.38466501" lon="-5.82129294"><ele>196.83</ele><time>2024-09-03T19:13:40Z</time></trkpt><trkpt lat="43.38465901" lon="-5.82128110"><ele>197.81</ele><time>2024-09-03T19:13:41Z</time></trkpt><trkpt lat="43.38465308" lon="-5.82126941"><ele>198.78</ele><time>2024-09-03T19:13:42Z</time></trkpt><trkpt lat="43.38464720" lon="-5.82125784"><ele>199.75</ele><time>2024-09-03T19:13:43Z</time></trkpt></trkseg></trk></gpx>