time,dx,dy,dz
0,0.005330412384904826,0.02946965415333804,-0.01889669380750623
1,1.327176014743387,0.9071628784269006,0.254483731688116
2,1.3271760147433875,0.9071628784269,0.25448373168801885
3,1.3271760146966123,0.9071628788755611,0.254483731688116
4,1.3271760147433875,0.9071628784269006,0.25448373168801885
5,1.3271760147433875,0.9071628784269006,0.254483731688116
6,1.3271760147433853,0.9071628784269006,0.254483731688116
7,1.3271760147433875,0.9071628784269006,0.25448373168801885
8,1.3271760146966156,0.9071628788755607,0.254483731688116
9,1.327176014743383,0.9071628784269006,0.25448373168801885
10,1.32717601474339,0.9071628784269016,0.254483731688116
11,1.3602101858900455,1.108647719319609,0.043235221077893356
12,1.3602101858900524,1.108647719319613,0.04323522107779623
13,1.3602101858900502,1.108647719768274,0.043235221077893356
14,1.3602101858900477,1.108647719319609,0.04323522107779623
15,1.3602101858900477,1.108647719319615,0.043235221077893356
16,1.3602101858432782,1.108647719319611,0.04323522107779623
17,1.3602101858900455,1.108647719319611,0.043235221077893356
18,1.3602101858900502,1.108647719319615,0.04323522107779623
19,1.3602101858900502,1.10864771976827,0.043235221077893356
20,1.3602101858900502,1.108647719319609,0.04323522107779623
21,1.3602101858900455,1.108647719319617,0.043235221077893356
22,1.0435472201387557,1.7974847823348858,-0.311804292552781
23,1.043547220138751,1.797484782334894,-0.311804292552781
24,1.0435472201855207,1.7974847823348858,-0.311804292552781
25,1.0435472201387557,1.797484782334894,-0.31180429255268394
26,1.0435472201387463,1.79748478233489,-0.311804292552781
27,1.043547220138751,1.797484782334894,-0.311804292552781
28,1.0435472201855254,1.79748478233489,-0.311804292552781
29,1.043547220138751,1.797484781886237,-0.311804292552781
30,1.0435472201387463,1.79748478233489,-0.311804292552781
31,1.0435472201387463,1.7974847823348818,-0.311804292552781
32,1.0435472201387557,1.79748478233489,-0.31180429255268394
33,1.0435472201855345,1.797484782334898,-0.311804292552781
34,1.0435472201387463,1.79748478233489,-0.311804292552781
35,1.0435472201387463,1.79748478233489,-0.311804292552781
36,-0.0068226271509490965,0.005183732159079409,0.007389885567074694
37,-0.006822627197727995,0.005183732159071339,0.007389885567074694
38,-0.0068226271509490965,0.005183731710414255,0.007389885567074694
39,-0.006822627197727995,0.005183732159071339,0.007389885567074694
40,-0.0068226271509583426,0.005183732159071339,0.007389885567074694
41,-0.006822627197727995,0.005183732159079409,0.007389885567074694
42,-0.0068226271509490965,0.005183731710406185,0.0073898855669775705
43,-0.006822627197727995,0.005183732159071339,0.007389885567074694
44,-0.0068226271509583426,0.005183732159079409,0.007389885567074694
45,-0.006822627197727995,0.005183732159071339,0.007389885567074694
46,-0.0068226271509490965,0.005183731710414255,0.007389885567074694
47,-0.006822627197718748,0.005183732159071339,0.007389885567074694
48,-0.0068226271509583426,0.005183732159079409,0.007389885567074694
49,0.07554797427236627,0.45042563688278553,-0.9301647787928166
50,0.07554797427237553,0.4504256373314507,-0.9301647787927194
51,0.07554797427236627,0.4504256368827936,-0.9301647787928166
52,0.8074310230612116,1.554625561494917,0.1125362030653984
53,0.8074310230612024,1.554625561494933,0.11253620306530127
54,0.8074310230612116,1.554625561494925,0.1125362030653984
55,0.8074310230612116,1.5546255610462678,0.1125362030653984
56,0.8074310230611931,1.554625561494917,0.11253620306530127
57,0.8074310230612024,1.554625561494933,0.1125362030653984
58,0.8074310231079813,1.554625561494917,0.1125362030653984
59,0.8074310230612116,1.5546255614949411,0.1125362030653984
60,0.8074310230612116,1.554625561494917,0.11253620306530127
61,0.8074310230612116,1.5546255610462678,0.1125362030653984
62,0.8074310230612024,1.554625561494925,0.1125362030653984
63,0.8074310230612116,1.554625561494933,0.11253620306530127
64,0.8074310230611931,1.554625561494917,0.1125362030653984
65,0.21193208482191078,2.3317750684520107,-0.3606222256769612
66,0.21193208482192002,2.3317750680033535,-0.3606222256769612
67,0.21193208486867118,2.3317750684520187,-0.3606222256769612
68,0.21193208482192002,2.3317750680033456,-0.36062222567705826
69,0.21193208482191078,2.3317750684520107,-0.3606222256769612
70,0.21193208482190154,2.3317750684519942,-0.3606222256769612
71,0.21193208486868967,2.3317750680033615,-0.3606222256769612
72,0.21193208482191078,2.3317750684520266,-0.3606222256769612
73,0.21193208482190154,2.3317750684519942,-0.3606222256769612
74,0.21193208482190154,2.3317750680033615,-0.36062222567705826
75,0.21193208486868967,2.3317750684519942,-0.3606222256769612
76,0.21193208482192002,2.3317750680033615,-0.3606222256769612
77,0.21193208482191078,2.3317750684520107,-0.3606222256769612
78,-1.3990208251773195,2.239488564155931,0.2658745827504215
79,-1.3990208251773195,2.2394885646046125,0.26587458275032433
80,-1.39902082513055,2.2394885646046285,0.2658745827504215
81,-1.3990208251773104,2.239488564155931,0.2658745827504215
82,-1.3990208251773288,2.2394885641559634,0.26587458275032433
83,-1.3990208251773104,2.2394885646045966,0.2658745827504215
84,-1.8642121726116272,2.2304680790232716,0.15196607212726979
85,-1.8642121726116088,2.2304680790232716,0.15196607212717267
86,-1.8642121726116272,2.2304680790232396,0.15196607212726979
87,-1.8642121726116134,2.2304680790232396,0.15196607212717267
88,-1.8642121726116228,2.2304680790232716,0.15196607212726979
89,-1.864212172611618,2.2304680790232716,0.15196607212717267
90,-1.8642121725648484,2.2304680790232396,0.15196607212726979
91,-1.8642121726116134,2.2304680785746065,0.15196607212726979
92,-1.8642121726116228,2.2304680790232716,0.15196607212717267
93,-1.8642121726116134,2.2304680790232396,0.15196607212726979
94,-1.8642121726116228,2.2304680790232556,0.15196607212717267
95,-1.8642121726116134,2.2304680790232556,0.15196607212726979
96,-1.8642121726116228,2.2304680790232716,0.15196607212717267
97,-1.864212172611618,2.2304680790232556,0.15196607212726979
98,-2.267963153417775,1.8290564809723007,-0.3321450980211975
99,-2.267963153370998,1.8290564809723169,-0.3321450980211975
100,-2.267963153417775,1.8290564809722847,-0.3321450980211975
101,-2.2679631534177727,1.829056481420966,-0.3321450980211975
102,-2.2679631533710007,1.8290564809722847,-0.3321450980211975
103,-2.267963153417775,1.8290564809722847,-0.33214509802110037
104,-2.2679631534177735,1.8290564809723169,-0.3321450980211975
105,-2.267963153371,1.8290564809723169,-0.3321450980211975
106,-2.2679631534177744,1.829056481420966,-0.3321450980211975
107,-2.2679631534177735,1.8290564809722847,-0.3321450980211975
108,-2.2679631533709994,1.8290564809722847,-0.3321450980211975
109,-2.2679631534177735,1.8290564809723493,-0.3321450980211975
110,-1.274384652822389,1.6775123271538,-0.4973124384247237
111,-1.274384652869162,1.6775123271538,-0.49731243842482087
112,-1.27438465282239,1.6775123271538,-0.49731243842482087
113,-1.2743846528223879,1.6775123271538,-0.4973124384247237
114,-1.2743846528223879,1.6775123271538,-0.4973124384247237
115,-1.2743846528691645,1.6775123276024813,-0.49731243842482087
116,-1.2743846528223854,1.6775123271538,-0.4973124384247237
117,-1.2743846528223879,1.6775123271538,-0.49731243842482087
118,-1.2743846528691667,1.6775123271537677,-0.4973124384247237
119,-1.2743846528223854,1.6775123271538646,-0.49731243842482087
120,-0.0683980276062864,0.6103889106070841,-0.25810456611611493
121,-0.06839802755951674,0.6103889106071164,-0.25810456611611493
122,-0.06839802760629334,0.6103889101584674,-0.2581045661162121
123,-0.06839802755950981,0.6103889106071487,-0.25810456611611493
124,-0.06839802760629334,0.6103889106071164,-0.25810456611611493
125,-0.06839802760628871,0.6103889106071164,-0.25810456611611493
126,-0.06839802755951443,0.6103889106071164,-0.25810456611611493
127,-0.06839802760628871,0.6103889101584997,-0.2581045661162121
128,-0.06839802755951443,0.6103889106070841,-0.25810456611611493
129,-0.06839802760628871,0.6103889106071164,-0.25810456611611493
130,-1.153259358571188,-0.9176813072122474,2.0314564974093208
131,-1.3720140705908226,-1.0196821802162648,0.48054831430943423
132,-1.3720140705908248,-1.0196821802162972,0.48054831430943423
133,-1.3720140706375945,-1.0196821802163294,0.48054831430943423
134,-1.3720140705908295,-1.0196821797676159,0.4805483143093371
135,-1.3720140705908248,-1.0196821802162972,0.48054831430943423
136,-1.3720140705908201,-1.0196821802162972,0.48054831430943423
137,-1.3720140706375992,-1.0196821802162648,0.48054831430943423
138,-1.3720140705908201,-1.0196821802163294,0.48054831430943423
139,-1.3720140705908295,-1.0196821802162648,0.48054831430943423
140,-1.3720140705908201,-1.0196821797676159,0.4805483143093371
141,-1.3720140706376038,-1.0196821802162972,0.48054831430943423
142,-1.3720140705908155,-1.0196821802163294,0.48054831430943423
143,-1.3720140705908248,-1.0196821802162648,0.48054831430943423
144,-0.9426066729555665,-1.0439681022105718,-0.3606222256769612
145,-0.07366434471510679,-0.5072492240286008,-0.5314849916117372
146,-0.07366434476187644,-0.5072492240286008,-0.5314849916117372
147,1.2633950627127581,-0.9246972403923632,0.17095082389771413
148,1.2633950626659747,-0.924697240392331,0.17095082389781124
149,1.2633950627127581,-0.9246972403923632,0.17095082389771413
150,1.2633950626659838,-0.924697240392331,0.17095082389781124
151,1.2633950627127488,-0.9246972403923632,0.17095082389771413
152,1.2633950626659884,-0.924697240392331,0.17095082389781124
153,1.2633950627127535,-0.9246972403923632,0.17095082389771413
154,1.2633950626659884,-0.924697240392331,0.17095082389781124
155,1.2633950627127488,-0.9246972403923632,0.17095082389771413
156,1.0322622548721623,-1.8385225201619875,-0.01889669380750623
157,1.0322622548253833,-1.8385225197133708,-0.01889669380750623
158,1.0322622548253926,-1.8385225197133384,-0.01889669380750623
159,1.032262254872153,-1.8385225201619875,-0.01889669380750623
160,1.0322622548721623,-1.8385225201620197,-0.01889669380750623
161,1.0322622548253833,-1.8385225197133384,-0.01889669380750623
162,1.032262254825388,-1.8385225197133708,-0.01889669380750623
163,1.0322622548721576,-1.8385225201619875,-0.01889669380750623
164,1.0322622548721598,-1.8385225201620197,-0.01889669380750623
165,1.032262254825381,-1.8385225197133224,-0.01889669380750623
166,1.0322622548253901,-1.8385225197133708,-0.01889669380750623
167,1.0322622548721576,-1.8385225201619875,-0.01889669380750623
168,0.732082177798563,-1.6880307559391556,0.18613862531418615
169,0.7320821778453396,-1.688030756387837,0.18613862531418615
170,0.7320821777985653,-1.6880307559391718,0.18613862531418615
171,0.7320821778453374,-1.6880307563878207,0.18613862531418615
172,0.7320821777985653,-1.6880307559391718,0.18613862531418615
173,-0.04733275903069588,-2.375719757373403,0.07430117852054459
174,-0.04733275903069126,-2.375719756924786,0.07430117852054459
175,-0.04733275898392392,-2.3757197573734192,0.07430117852044747
176,-0.04733275903069357,-2.375719757373435,0.07430117852054459
177,-0.04733275903069126,-2.375719756924786,0.07430117852054459
178,-0.047332759030698196,-2.375719757373435,0.07430117852054459
179,-0.04733275903069357,-2.37571975692477,0.07430117852054459
180,-0.04733275903069357,-2.375719757373403,0.07430117852054459
181,-0.047332758983921606,-2.375719757373435,0.07430117852044747
182,-0.04733275903069357,-2.37571975692477,0.07430117852054459
183,-0.04733275903069588,-2.375719757373435,0.07430117852054459
184,-0.13829641874854914,-1.8074291801054285,0.13643309340584706
185,-0.13829641870177256,-1.8074291805540614,0.13643309340594417
186,-0.13829641874854684,-1.8074291801054123,0.13643309340584706
187,-0.13829641874854914,-1.8074291801054123,0.13643309340594417
188,-0.13829641870177717,-1.8074291805540614,0.13643309340584706
189,-0.13829641874854684,-1.8074291801054123,0.13643309340594417
190,-0.13829641870177486,-1.8074291805540936,0.13643309340584706
191,-0.13829641874854684,-1.8074291801053963,0.13643309340594417
192,-0.13829641874854914,-1.8074291801054285,0.13643309340584706
193,-0.13829641870177486,-1.8074291805540614,0.13643309340594417
194,-0.13829641874854684,-1.8074291801053963,0.13643309340584706
195,-0.7562600664584294,-1.5248293597608331,0.033676464941655625
196,-0.7562600664116551,-1.524829359312184,0.033676464941655625
197,-0.7562600664584317,-1.5248293597608331,0.033676464941655625
198,-0.7562600664116574,-1.5248293597608331,0.033676464941655625
199,-0.7562600664584225,-1.524829359312168,0.033676464941655625
200,-0.7562600664584317,-1.5248293597608331,0.033676464941655625
201,-0.7562600664116574,-1.5248293597608251,0.0336764649415585
202,-0.7562600664584317,-1.5248293597608331,0.033676464941655625
203,-0.7562600664584248,-1.524829359312168,0.033676464941655625
204,-0.7562600664116598,-1.5248293597608331,0.033676464941655625
205,-0.7562600664584294,-1.5248293597608331,0.033676464941655625
206,-0.7562600664116551,-1.524829359312168,0.033676464941655625
207,-0.7562600664584248,-1.5248293597608331,0.033676464941655625
208,-1.1771971637600995,-1.1587742796041016,-0.04996265125015746
209,-1.1771971638068646,-1.1587742791554365,-0.049962651250254585
210,-1.1771971637600995,-1.1587742796041016,-0.04996265125015746
211,-1.1771971638068692,-1.1587742791554527,-0.04996265125015746
212,-1.1771971637600949,-1.1587742796040856,-0.049962651250254585
213,-1.177197163806874,-1.1587742791554365,-0.04996265125015746
214,-1.1771971637600949,-1.1587742796041098,-0.049962651250254585
215,-1.177197163806874,-1.1587742791554445,-0.04996265125015746
216,-1.1771971637600902,-1.1587742796040936,-0.04996265125015746
217,-1.177197163806874,-1.1587742791554445,-0.049962651250254585
218,-1.1771971637600949,-1.1587742796041016,-0.04996265125015746
219,-1.2747897541636382,-1.2091123724894108,0.1125362030653984
220,-1.2747897541636335,-1.2091123724894108,0.11253620306530127
221,-1.2747897541636382,-1.2091123724894188,0.1125362030653984
222,-1.2747897541168685,-1.2091123720407537,0.1125362030653984
223,-1.2747897541636382,-1.2091123724894028,0.11253620306530127
224,-1.2747897541636288,-1.2091123724894188,0.1125362030653984
225,-1.2747897541636382,-1.2091123724894108,0.1125362030653984
226,-1.2747897541636382,-1.2091123724894108,0.1125362030653984
227,-1.2747897541636382,-1.2091123724894108,0.11253620306530127
228,-1.2747897541168591,-1.2091123720407537,0.1125362030653984
229,-1.2747897541636382,-1.2091123724894108,0.1125362030653984
230,-1.2747897541636473,-1.2091123724894148,0.11253620306530127
231,-1.2747897541636288,-1.2091123724894108,0.1125362030653984
232,-1.114958870315703,-1.4744912664268588,-0.01889669380750623
233,-1.1149588702689333,-1.474491266875516,-0.01889669380750623
234,-1.1149588703157123,-1.4744912664268628,-0.01889669380750623
235,-1.1149588703157123,-1.4744912664268628,-0.01889669380750623
236,-1.1149588702689333,-1.4744912664268548,-0.01889669380750623
237,-1.114958870315703,-1.47449126687552,-0.01889669380750623
238,-1.1149588702689333,-1.4744912664268628,-0.01889669380750623
239,-1.114958870315703,-1.4744912664268588,-0.01889669380750623
240,-1.1149588703157123,-1.4744912664268588,-0.01889669380750623
241,-1.1149588702689333,-1.47449126687552,-0.01889669380750623
242,-1.114958870315703,-1.4744912664268588,-0.01889669380750623
243,-0.9908812467648876,-1.764855222892722,0.12348894447140903
244,-0.9908812467181272,-1.764855222892722,0.12348894447150616
245,-0.9908812467648783,-1.764855222892724,0.12348894447140903
246,-0.9908812467649061,-1.764855222892724,0.12348894447140903
247,-0.9908812467648691,-1.764855222892722,0.12348894447150616
248,-0.9908812467648969,-1.7648552233413841,0.12348894447140903
249,-0.9908812467181087,-1.7648552228927226,0.12348894447140903
250,-0.9908812467648876,-1.7648552228927235,0.12348894447150616
251,-0.9908812467648969,-1.7648552228927228,0.12348894447140903
252,-0.9908812467181087,-1.764855222892723,0.12348894447140903
253,-0.9908812467648969,-1.764855222892723,0.12348894447150616
254,-0.9908812467648876,-1.764855222892722,0.12348894447140903
255,-0.8943320991930153,-1.9700712644845462,0.009580433848257398
256,-0.8943320991462363,-1.9700712644845484,0.009580433848354521
257,-0.8943320991930153,-1.9700712649332084,0.009580433848257398
258,-0.8943320991462271,-1.9700712644845473,0.009580433848257398
259,-0.8943320991930153,-1.9700712644845453,0.009580433848354521
260,-0.8943320991930153,-1.9700712649332084,0.009580433848257398
261,-0.8943320991462363,-1.9700712644845473,0.009580433848257398
262,-0.894332099193006,-1.9700712644845473,0.009580433848354521
263,-0.8943320991462363,-1.9700712644845473,0.009580433848257398
264,-0.894332099193006,-1.9700712644845473,0.009580433848257398
265,-0.8943320991462363,-1.9700712649332084,0.009580433848354521
266,-0.8943320991930245,-1.9700712644845473,0.009580433848257398
267,-1.2059225299867866,-1.9016659174368211,0.03805756150402103
268,-1.2059225300335377,-1.9016659174368251,0.038057561504118154
269,-1.2059225299867866,-1.9016659174368333,0.038057561504118154
270,-1.205922529986805,-1.9016659174368171,0.03805756150402103
271,-1.2059225300335563,-1.9016659174368333,0.03805756150402103
272,-1.2059225299867682,-1.9016659169881682,0.038057561504118154
273,-1.2059225299868237,-1.9016659174368251,0.038057561504118154
274,-1.2059225300335563,-1.9016659174368171,0.03805756150402103
275,-1.2059225299867495,-1.9016659174368251,0.03805756150402103
276,-1.2059225299868237,-1.9016659174368251,0.038057561504118154
277,-1.2059225300335563,-1.9016659174368333,0.038057561504118154
278,-1.2059225299867866,-1.9016659174368251,0.03805756150402103
279,-1.5131243632210527,-1.9490234653929455,0.32282883806194873
280,-1.5131243632210711,-1.9490234653929293,0.32282883806194873
281,-1.5131243632210343,-1.9490234658416106,0.3228288380620458
282,-1.5131243632210898,-1.9490234653929455,0.32282883806194873
283,-1.5131243632210527,-1.9490234653929213,0.32282883806194873
284,-1.5131243632210711,-1.9490234653929455,0.32282883806194873
285,-1.486792777536651,-2.159501456757661,-0.01889669380750623
286,-1.4867927774898815,-2.1595014572063262,-0.01889669380750623
287,-1.486792777536651,-2.159501456757677,-0.01889669380750623
288,-0.8636119158555319,-2.7698876322089037,0.2658745827504215
289,-0.8636119158555688,-2.7698876317602306,0.26587458275032433
290,-0.8636119158555503,-2.7698876322088957,0.2658745827504215
291,-0.8636119158087622,-2.7698876322088957,0.2658745827504215
292,-0.8636119158555503,-2.7698876317602465,0.26587458275032433
293,-0.8636119158555688,-2.7698876322088957,0.2658745827504215
294,-0.42914075175867983,-3.127700217663538,0.15196607212726979
295,-0.42914075171194715,-3.1277002176635054,0.15196607212717267
296,-0.42914075171194715,-3.1277002172148887,0.15196607212726979
297,-0.4291407517587168,-3.127700217663522,0.15196607212726979
298,0.01118187589111804,-2.5173140422122953,-0.1707747079717408
299,0.011181875844366881,-2.5173140426609604,-0.1707747079717408
300,0.011181875891081054,-2.5173140422122953,-0.17077470797164368
301,0.01118187589111804,-2.5173140422122953,-0.1707747079717408
302,0.011181875844366881,-2.5173140426609604,-0.1707747079717408
303,0.01118187589111804,-2.5173140422123113,-0.1707747079717408
304,0.01118187589111804,-2.5173140422122953,-0.17077470797164368
305,0.011181875844348387,-2.517314042660944,-0.1707747079717408
306,0.01118187589111804,-2.5173140422122953,-0.1707747079717408
307,-0.15265910186190657,-2.748839833117294,0.09501181681564541
308,-0.1526591018151184,-2.7488398326686285,0.09501181681564541
309,-0.15265910186188805,-2.74883983311731,0.09501181681564541
310,-0.6134618516431417,-2.8277690797107926,-0.3606222256769612
311,-0.6134618516899114,-2.827769079710825,-0.3606222256769612
312,-0.6134618516431417,-2.827769079710825,-0.36062222567705826
313,-0.6134618516431602,-2.8277690797108086,-0.3606222256769612
314,-0.521301301677526,-2.976156063845037,0.1177935189402563
315,-0.5213013017243325,-2.976156063845021,0.11779351894035343
316,-0.521301301677526,-2.976156063396388,0.1177935189402563
317,-0.5213013017243511,-2.976156063845037,0.11779351894035343
318,-0.521301301677526,-2.976156063845037,0.1177935189402563
319,-0.0068226271509490965,-2.6759820666858207,-0.045183273182087154
320,-0.006822627197737242,-2.6759820666858527,-0.045183273182087154
321,-0.0068226271509490965,-2.6759820666858207,-0.045183273182087154
322,-0.006822627197718748,-2.6759820666858527,-0.045183273182087154
323,-0.0068226271509490965,-2.6759820666858207,-0.045183273182087154
324,-0.006822627197755735,-2.6759820666858527,-0.045183273182087154
325,-0.0068226271509490965,-2.6759820666858527,-0.045183273182087154
326,-0.006822627197700255,-2.6759820666858207,-0.045183273182087154
327,-0.006822627150986083,-2.6759820666858207,-0.045183273182087154
328,-0.006822627197718748,-2.6759820666858207,-0.045183273182087154
329,-0.0068226271509490965,-2.675982066685885,-0.045183273182087154
330,-0.006822627197718748,-2.6759820666857883,-0.045183273182087154
331,-0.0068226271509675895,-2.675982066685885,-0.045183273182087154
332,1.6283136039590667,-1.6294796058856857,0.043235221077893356
333,1.6283136039590482,-1.6294796054370366,0.04323522107779623
334,1.6283136040058364,-1.629479605885718,0.043235221077893356
335,1.6283136039590482,-1.6294796058856857,0.043235221077893356
336,1.6283136039590667,-1.6294796054371012,0.04323522107779623
337,1.6283136039590298,-1.6294796058856857,0.043235221077893356
338,1.6283136039590667,-1.6294796054370366,0.04323522107779623
339,1.6283136039590482,-1.629479605885718,0.043235221077893356
340,1.6283136040058364,-1.6294796058857501,0.043235221077893356
341,1.6283136039590667,-1.6294796054370044,0.04323522107779623
342,1.6283136039590482,-1.629479605885718,0.043235221077893356
343,1.9749330230570388,-1.6943450957563821,-0.01889669380750623
344,1.9749330230570388,-1.6943450957563821,-0.01889669380750623
345,1.9749330230570203,-1.6943450957563821,-0.01889669380750623
346,1.9749330230570203,-1.6943450957563821,-0.01889669380750623
347,1.974933023010269,-1.6943450962049988,-0.01889669380750623
348,1.9749330230570574,-1.6943450957563821,-0.01889669380750623
349,1.9749330230570203,-1.6943450957564143,-0.01889669380750623
350,1.9749330230570203,-1.6943450957563821,-0.01889669380750623
351,1.9749330230570574,-1.69434509575635,-0.01889669380750623
352,1.9749330230570203,-1.6943450957563821,-0.01889669380750623
353,1.3219096975877975,-1.4917121932826554,0.9130820294729048
354,1.3219096975877975,-1.491712192833974,0.9130820294728077
355,1.3219096975877975,-1.4917121932826554,0.9130820294729048
356,1.3219096975877975,-1.4917121932826554,0.9130820294729048
357,1.3219096975877975,-1.4917121928340387,0.9130820294729048
358,1.3219096976345672,-1.491712193282623,0.9130820294728077
359,1.3219096975877884,-1.4917121928340062,0.9130820294729048
360,1.3219096975877975,-1.4917121932826554,0.9130820294729048
361,1.3219096975877884,-1.4917121932826554,0.9130820294729048
362,1.3219096975877975,-1.491712192833974,0.9130820294728077
363,1.3219096975877975,-1.4917121932826876,0.9130820294729048
364,1.0498166452972626,-1.7806410722113608,-0.9301647787928166
365,1.049816645344023,-1.7806410722114576,-0.9301647787927194
366,1.049816645297244,-1.7806410722114254,-0.9301647787927194
367,1.0498166452972626,-1.7806410726601067,-0.9301647787928166
368,1.0498166453440045,-1.7806410722114254,-0.9301647787928166
369,1.0498166452972626,-1.7806410722114254,-0.9301647787927194
370,0.6899516406941378,-3.0329851213026484,-1.385798821285423
371,0.6899516406941655,-3.0329851213026484,-1.385798821285423
372,0.23792608607867383,-2.4646945444832906,-0.21823658739804588
373,0.23792608612543423,-2.4646945444832906,-0.21823658739804588
374,0.23792608612543423,-2.464694544483226,-0.21823658739804588
375,0.23792608607867383,-2.464694544483323,-0.21823658739794874
376,0.23792608607866458,-2.464694544483258,-0.21823658739804588
377,0.23792608612544347,-2.4646945449319717,-0.21823658739804588
378,0.23792608612546198,-2.464694544483258,-0.21823658739804588
379,0.2379260860786461,-2.4646945444832906,-0.21823658739804588
380,0.23792608607867383,-2.464694544483258,-0.21823658739794874
381,0.23792608612544347,-2.464694544483323,-0.21823658739804588
382,0.2379260861254527,-2.464694544483226,-0.21823658739804588
383,0.23792608607865534,-2.464694544483323,-0.21823658739804588
384,-1.4022125325358414,-2.7316189062615055,-0.04996265125015746
385,-1.4022125324890533,-2.7316189067101866,-0.049962651250254585
386,-1.4022125325358508,-2.7316189062615055,-0.04996265125015746
387,-1.4022125325358414,-2.7316189062614407,-0.04996265125015746
388,-1.4022125325358414,-2.7316189062615055,-0.049962651250254585
389,-1.4022125324890533,-2.731618906710122,-0.04996265125015746
390,-1.4022125325358321,-2.7316189062615055,-0.049962651250254585
391,-1.4022125325358599,-2.7316189062615055,-0.04996265125015746
392,-1.402212532535823,-2.7316189062615055,-0.04996265125015746
393,-1.4022125324890626,-2.731618906710122,-0.049962651250254585
394,-1.4022125325358414,-2.7316189062615055,-0.04996265125015746
395,-1.2099735432121834,-1.9716903261602163,0.1125362030653984
396,-1.209973543165423,-1.9716903261602163,0.11253620306530127
397,-1.2099735432121557,-1.9716903257115996,0.1125362030653984
398,-1.209973543165423,-1.9716903261601517,0.1125362030653984
399,-1.2099735432121743,-1.9716903261602163,0.11253620306530127
400,-1.2099735431654046,-1.9716903261602163,0.1125362030653984
401,-1.2099735432121927,-1.971690325711535,0.1125362030653984
402,-1.2099735431653862,-1.9716903261601517,0.1125362030653984
403,-1.2099735432121927,-1.971690326160281,0.11253620306530127
404,-1.2099735431653862,-1.9716903261602163,0.1125362030653984
405,-1.2099735432121927,-1.9716903257114704,0.1125362030653984
406,-1.2099735431654046,-1.9716903261602163,0.11253620306530127
407,-1.2099735432121743,-1.9716903261602163,0.1125362030653984
408,-1.8095234946301118,-1.8114032404596627,0.05996304431623655
409,-1.809523494583305,-1.811403240011046,0.05996304431623655
410,-1.8095234946301118,-1.8114032404596627,0.05996304431623655
411,-1.809523494583305,-1.8114032400109814,0.05996304431613943
412,-1.8095234946301118,-1.8114032404597273,0.05996304431623655
413,-1.809523494583305,-1.8114032404596627,0.05996304431623655
414,-1.8095234946301118,-1.811403240010917,0.05996304431623655
415,-1.8095234945833234,-1.811403240459792,0.05996304431623655
416,-1.809523494630093,-1.811403240459598,0.05996304431623655
417,-1.809523494583305,-1.8114032400109814,0.05996304431613943
418,-1.8095234946301118,-1.8114032404597273,0.05996304431623655
419,-1.809523494583342,-1.8114032400109814,0.05996304431623655
420,-1.8095234946300747,-1.8114032404596627,0.05996304431623655
421,-2.1741146812671315,-1.4956862531882404,0.08624962369081748
422,-2.1741146812671133,-1.4956862531882404,0.08624962369081748
423,-2.17411468131392,-1.4956862527395591,0.08624962369072035
424,-2.1741146812671315,-1.4956862531882404,0.08624962369081748
425,-2.1741146812671133,-1.495686253188305,0.08624962369081748
426,-2.1741146812671315,-1.4956862531882404,0.08624962369081748
427,-2.1741146813138643,-1.4956862527395591,0.08624962369072035
428,-2.174114681267169,-1.4956862531882404,0.08624962369081748
429,-2.174114681267076,-1.495686253188305,0.08624962369081748
430,-2.17411468126715,-1.4956862531882404,0.08624962369081748
431,-2.174114681313901,-1.4956862527396237,0.08624962369072035
432,-2.1741146812671315,-1.4956862531882404,0.08624962369081748
433,-2.1741146812671315,-1.4956862531882404,0.08624962369081748
434,-2.0959301268028323,-1.675402076753384,0.22031117850110252
435,-2.0959301268028696,-1.6754020763047026,0.22031117850110252
436,-2.095930126802814,-1.675402076753384,0.22031117850119963
437,-2.095930126802851,-1.6754020763047672,0.22031117850110252
438,-2.095930126802814,-1.675402076753384,0.22031117850110252
439,-2.095930126802851,-1.675402076753384,0.22031117850110252
440,-2.0959301268028323,-1.6754020763047672,0.22031117850110252
441,-2.095930126802814,-1.675402076753384,0.22031117850119963
442,-2.0959301268028696,-1.6754020763047026,0.22031117850110252
443,-2.0959301268027954,-1.6754020767534485,0.22031117850110252
444,-2.127528029642889,-1.7385454740282218,-0.7877791405138042
445,-2.127528029689603,-1.7385454740282218,-0.7877791405139013
446,-2.1275280296428147,-1.7385454740281572,-0.7877791405138042
447,-2.127528029642852,-1.7385454740282218,-0.7877791405138042
448,-2.1498086021486724,-1.524829359760817,0.217682520563625
449,-2.1498086021953497,-1.5248293593121356,0.21768252056372212
450,-2.1498086021486724,-1.5248293597608815,0.217682520563625
451,-2.1498086021953866,-1.524829359760817,0.21768252056372212
452,-2.1498086021486356,-1.5248293593121356,0.217682520563625
453,-2.1498086021486724,-1.5248293597608815,0.21768252056372212
454,-2.1498086021953497,-1.524829359760817,0.217682520563625
455,-2.1498086021486724,-1.524829359760817,0.21768252056372212
456,-2.1498086021486724,-1.5248293593122002,0.217682520563625
457,-2.1498086021953866,-1.524829359760817,0.21768252056372212
458,-2.1498086021485987,-1.5248293597608815,0.217682520563625
459,-2.1498086021954608,-1.5248293593122002,0.21768252056372212
460,-2.1498086021486356,-1.524829359760817,0.217682520563625
461,-2.083642053486506,-1.6648781767589178,-0.1612823320864215
462,-2.0836420534865803,-1.6648781772075347,-0.16128233208651863
463,-2.083642053439792,-1.6648781772075991,-0.1612823320864215
464,-2.0836420534865803,-1.6648781767589178,-0.1612823320864215
465,-2.0836420534865803,-1.6648781767589824,-0.16128233208651863
466,-2.083642053439755,-1.6648781772075991,-0.1612823320864215
467,-2.0836420534865803,-1.6648781772075991,-0.1612823320864215
468,-2.0836420534865434,-1.6648781767588534,-0.16128233208651863
469,-2.0836420534865803,-1.6648781767589824,-0.1612823320864215
470,-2.0836420534865434,-1.6648781772075991,-0.1612823320864215
471,-2.0836420534398292,-1.6648781772075991,-0.16128233208651863
472,-2.0836420534865434,-1.6648781767589824,-0.1612823320864215
473,-2.0941746877509906,-2.0837293798483945,0.003885008317104671
474,-2.094174687750917,-2.083729380297011,0.003885008317104671
475,-2.0941746877509906,-2.0837293798483945,0.0038850083172017953
476,-2.094174687797742,-2.0837293798484593,0.003885008317104671
477,-2.094174687751028,-2.083729380297076,0.003885008317104671
478,-2.0941746877509537,-2.0837293798484593,0.003885008317104671
479,-2.0941746877509537,-2.0837293798483945,0.003885008317104671
480,-2.0941746877509906,-2.0837293802971404,0.0038850083172017953
481,-2.0941746877509537,-2.0837293798482657,0.003885008317104671
482,-2.0941746877509537,-2.0837293798485237,0.003885008317104671
483,-2.0941746877509906,-2.083729380297011,0.003885008317104671
484,-2.094174687797742,-2.0837293798484593,0.003885008317104671
485,-2.0941746877509906,-2.0837293798483945,0.0038850083172017953
486,-2.094174687750917,-2.0837293802971404,0.003885008317104671
487,-2.0941746877510647,-2.0837293798483945,0.003885008317104671
488,-1.6897654172945356,-1.908243354652957,0.301470992320126
489,-1.6897654173412127,-1.9082433546530213,0.301470992320126
490,-1.6897654173413237,-1.9082433546528277,0.301470992320126
491,-1.6897654172945356,-1.9082433546530213,0.301470992320126
492,-1.6897654172945356,-1.9082433542042756,0.301470992320126
493,-1.6897654173412866,-1.908243354652957,0.301470992320126
494,-1.6897654173412866,-1.908243354652957,0.301470992320126
495,-1.6897654172945356,-1.9082433546528923,0.301470992320126
496,-1.6897654172944985,-1.9082433546530213,0.301470992320126
497,-1.6897654173412866,-1.908243354652957,0.301470992320126
498,-1.6897654173412866,-1.9082433546528923,0.301470992320126
499,-1.6897654172945356,-1.9082433542043402,0.301470992320126
500,-1.6897654172945356,-1.9082433546530213,0.301470992320126
501,-1.6897654173412866,-1.9082433546528277,0.301470992320126
502,-1.6897654173413237,-1.9082433546530213,0.301470992320126
503,-1.6897654172945356,-1.908243354652957,0.301470992320126
504,-0.40719776363375587,-1.3386372903903276,0.5506458593082519
505,-0.407197763680581,-1.3386372899417756,0.5506458593083491
506,-0.40719776363375587,-1.3386372903903276,0.5506458593082519
507,-0.40719776363382987,-1.3386372903903923,0.5506458593082519
508,-0.40719776363379284,-1.338637289941711,0.5506458593083491
509,-0.40719776363379284,-1.3386372903903276,0.5506458593082519
510,-0.407197763680581,-1.3386372903903923,0.5506458593082519
511,-0.40719776363379284,-1.3386372899416463,0.5506458593083491
512,-0.40719776363379284,-1.3386372903903923,0.5506458593082519
513,-0.407197763680581,-1.3386372903903923,0.5506458593082519
514,-0.40719776363379284,-1.338637289941711,0.5506458593083491
515,-0.40719776363379284,-1.3386372903903923,0.5506458593082519
516,0.25109187894422247,-1.396518737892273,0.06653468915988178
517,0.25109187894429646,-1.396518737892273,0.06653468915988178
518,0.2510918789910476,-1.3965187378923376,0.06653468915978467
519,0.25109187894429646,-1.396518737892273,0.06653468915988178
520,0.25109187894422247,-1.3965187378922084,0.06653468915988178
521,0.2510918789910476,-1.3965187378924022,0.06653468915988178
522,0.2510918789442595,-1.3965187383409543,0.06653468915988178
523,0.25109187894422247,-1.396518737892273,0.06653468915988178
524,0.25109187894429646,-1.3965187378922084,0.06653468915988178
525,0.2510918789442595,-1.3965187378924022,0.06653468915978467
526,0.25109187899101065,-1.3965187378922084,0.06653468915988178
527,0.25109187894429646,-1.396518737892273,0.06653468915988178
528,0.03773851786063677,-1.4471144087510743,-0.1766161700549918
529,0.03773851786059978,-1.4471144091997556,-0.1766161700548947
530,0.03773851786063677,-1.4471144087510743,-0.1766161700549918
531,0.03773851790742491,-1.447114409199691,-0.1766161700548947
532,0.037738517860673754,-1.4471144087510097,-0.1766161700549918
533,0.037738517860562794,-1.4471144087510743,-0.1766161700549918
534,0.03773851786059978,-1.4471144091997556,-0.1766161700548947
535,0.037738517860673754,-1.4471144087510743,-0.1766161700549918
536,0.037738517860673754,-1.4471144087510743,-0.1766161700549918
537,0.03773851790738793,-1.4471144091996264,-0.1766161700548947
538,0.03773851786059978,-1.4471144087510743,-0.1766161700549918
539,0.037738517860673754,-1.447114409199691,-0.1766161700548947
540,0.03773851786063677,-1.4471144087510743,-0.1766161700549918
541,-1.2962022524001706,-1.3551748466913156,0.05433020587881248
542,-1.2962022524469217,-1.3551748466913802,0.05433020587881248
543,-1.2962022524001706,-1.355174846691251,0.05433020587881248
544,-1.2962022524469217,-1.355174846691251,0.05433020587881248
545,-1.2962022524001706,-1.3551748466913802,0.05433020587881248
546,-1.2962022524469956,-1.3551748466913156,0.05433020587881248
547,-1.2962022524001706,-1.355174847139997,0.05433020587881248
548,-1.2962022524000967,-1.3551748466911864,0.05433020587871536
549,-1.2962022524469956,-1.3551748466913156,0.05433020587881248
550,-1.2962022524001335,-1.3551748466913156,0.05433020587881248
551,-1.2962022524469587,-1.3551748466913156,0.05433020587881248
552,-1.2962022524001706,-1.3551748466911864,0.05433020587881248
553,-1.2962022524469956,-1.3551748466914446,0.05433020587881248
554,-1.2962022524000967,-1.3551748466913156,0.05433020587881248
555,-1.6368030233403512,-1.0841502642758365,0.2917628806192975
556,-1.6368030233404252,-1.0841502642759657,0.2917628806192975
557,-1.6368030233403512,-1.0841502642757075,0.2917628806192975
558,-1.6368030233403512,-1.0841502642759657,0.2917628806192975
559,-1.6368030233404252,-1.0841502642758365,0.2917628806192975
560,-1.6368030233870654,-1.0841502638271554,0.29176288061920036
561,-1.6368030233404252,-1.0841502642759657,0.2917628806192975
562,-1.6368030233403512,-1.0841502642757075,0.2917628806192975
563,-1.6368030233403512,-1.0841502642759657,0.2917628806192975
564,-1.6368030233404252,-1.0841502642758365,0.2917628806192975
565,-1.6368030233403512,-1.0841502642759657,0.2917628806192975
566,-1.6798910726804142,-1.0790477676622119,0.2848593345209629
567,-1.6798910726804142,-1.0790477672137888,0.2848593345208658
568,-1.6798910726803773,-1.0790477676622119,0.2848593345209629
569,-1.6798910726804883,-1.0790477672137888,0.2848593345208658
570,-1.6798910726335892,-1.079047767662341,0.2848593345209629
571,-1.6798910726803402,-1.0790477672136596,0.2848593345208658
572,-1.6798910726804142,-1.079047767662341,0.2848593345209629
573,-1.6798910726804142,-1.0790477672136596,0.2848593345208658
574,-1.6798910726804142,-1.079047767662341,0.2848593345209629
575,-1.688668267892909,-1.538591382209307,0.20892032743879704
576,-1.688668267939808,-1.538591382209307,0.20892032743879704
577,-1.68866826793966,-1.538591382209307,0.20892032743879704
578,-1.688668267892983,-1.5385913817606256,0.20892032743889416
579,-1.688668267892983,-1.538591382209307,0.20892032743879704
580,-1.688668267939808,-1.538591382209178,0.20892032743879704
581,-1.6886682679395861,-1.538591382209307,0.20892032743879704
582,-1.688668267892983,-1.5385913822094361,0.20892032743879704
583,-1.688668267892983,-1.5385913817604966,0.20892032743889416
584,-1.688668267939734,-1.538591382209307,0.20892032743879704
585,-1.688668267939734,-1.538591382209178,0.20892032743879704
586,-1.688668267892983,-1.538591382209307,0.20892032743879704
587,-1.6686061073670604,-1.436359214680315,0.10314813900299258
588,-1.6686061073669864,-1.436359215128738,0.1031481390030897
589,-1.6686061074137375,-1.4363592146801858,0.10314813900299258
590,-1.6686061073670604,-1.4363592146801858,0.10314813900299258
591,-1.6686061073670604,-1.436359215128738,0.10314813900299258
592,-1.6686061073670604,-1.436359214680315,0.1031481390030897
593,-1.6686061074138856,-1.4363592146800568,0.10314813900299258
594,-1.6686061073669864,-1.436359215128867,0.10314813900299258
595,-1.6686061073670604,-1.4363592146801858,0.1031481390030897
596,-1.6686061073669864,-1.436359215128738,0.10314813900299258
597,-1.6686061073670604,-1.4363592146801858,0.10314813900299258
598,-1.6686061074138117,-1.4363592146801858,0.10314813900299258
599,-1.6686061073671343,-1.436359215128867,0.1031481390030897
600,-1.6686061073669864,-1.4363592146801858,0.10314813900299258
601,-1.7038288778692723,-1.1817355148135054,0.10536713596319583
602,-1.7038288778693464,-1.1817355148136344,0.10536713596319583
603,-1.7038288778225212,-1.1817355148136344,0.10536713596319583
604,-1.7038288778692723,-1.1817355148136344,0.10536713596319583
605,-1.7038288778694204,-1.1817355148136344,0.10536713596319583
606,-1.7038288778692723,-1.1817355148136344,0.10536713596329295
607,-1.7038288778693464,-1.1817355148135054,0.10536713596319583
608,-1.7038288778692723,-1.1817355148136344,0.10536713596319583
609,-1.7038288778225212,-1.1817355148136344,0.10536713596319583
610,-1.7038288778693464,-1.1817355148136344,0.10536713596319583
611,-1.7038288778692723,-1.1817355148136344,0.10536713596319583
612,-1.6447822917367112,-1.0808017506207863,-0.13280520443065788
613,-1.6447822917366373,-1.0808017510695966,-0.13280520443065788
614,-1.6447822917367112,-1.0808017506209155,-0.13280520443065788
615,-1.6447822917367112,-1.0808017506207863,-0.13280520443065788
616,-1.6447822917366373,-1.0808017506207863,-0.13280520443065788
617,-1.6447822917366373,-1.0808017506210446,-0.13280520443065788
618,-1.6447822917835364,-1.0808017510694676,-0.13280520443065788
619,-1.6447822917366373,-1.0808017506207863,-0.13280520443065788
620,-1.6447822917366373,-1.0808017506210446,-0.13280520443065788
621,-1.6447822917367851,-1.0808017510693384,-0.13280520443065788
622,-1.6447822917366373,-1.0808017506209155,-0.13280520443065788
623,-1.6447822917366373,-1.0808017506209155,-0.13280520443065788
624,-0.17460208994004237,-2.117405858574288,-0.44605360864434923
625,-0.17460208989321724,-2.1174058585745463,-0.44605360864434923
626,-0.17460208994011636,-2.1174058585745463,-0.44605360864434923
627,-0.1746020899399684,-2.117405858574417,-0.44605360864434923
628,-0.17460208994004237,-2.1174058585745463,-0.44605360864434923
629,-0.1746020899399684,-2.117405858574417,-0.44605360864434923
630,-0.1746020898932912,-2.1174058590229694,-0.44605360864434923
631,-0.17460208994004237,-2.1174058585745463,-0.44605360864434923
632,-0.17460208994004237,-2.117405858574417,-0.44605360864434923
633,-0.1746020898932912,-2.1174058585745463,-0.44605360864434923
634,-0.17460208994004237,-2.117405858574417,-0.44605360864434923
635,-0.1746020899399684,-2.117405858574417,-0.44605360864434923
636,0.8317371021797169,-2.0542624612997087,0.05996304431623655
637,0.8317371021796429,-2.0542624612997087,0.05996304431623655
638,0.8317371021796429,-2.054262460850898,0.05996304431613943
639,0.8317371021797169,-2.0542624612995795,0.05996304431623655
640,0.8317371021797169,-2.0542624612997087,0.05996304431623655
641,0.8317371021797169,-2.0542624612995795,0.05996304431623655
642,0.8317371021329657,-2.054262460850898,0.05996304431613943
643,0.8317371021796429,-2.0542624612995795,0.05996304431623655
644,0.8317371021797169,-2.0542624612997087,0.05996304431623655
645,0.8317371021796429,-2.0542624612997087,0.05996304431623655
646,0.8317371021797169,-2.054262460850898,0.05996304431613943
647,0.8317371021796429,-2.0542624612997087,0.05996304431623655
648,0.8317371021797169,-2.0542624612995795,0.05996304431623655
649,0.7996665811316328,-1.7595932731198558,0.009580433848257398
650,0.7996665811317067,-1.7595932731198558,0.009580433848354521
651,0.7996665811315588,-1.7595932731197268,0.009580433848257398
652,0.7996665811316328,-1.7595932731198558,0.009580433848257398
653,0.7996665811316328,-1.7595932731197268,0.009580433848257398
654,0.7996665811316328,-1.759593273119985,0.009580433848257398
655,0.7996665810848076,-1.7595932731195976,0.009580433848354521
656,0.7996665811315588,-1.759593273119985,0.009580433848257398
657,0.7996665811317067,-1.7595932731198558,0.009580433848257398
658,0.7996665811316328,-1.7595932731197268,0.009580433848354521
659,0.7996665811316328,-1.7595932731198558,0.009580433848257398
660,0.7996665811315588,-1.7595932731198558,0.009580433848257398
661,0.11943395042873038,-1.585948930165403,0.09501181681564541
662,0.11943395042858243,-1.585948930165403,0.09501181681564541
663,0.11943395047540756,-1.585948930165403,0.09501181681564541
664,0.1194339504286564,-1.585948930165532,0.09501181681564541
665,0.1194339504286564,-1.585948930165403,0.09501181681564541
666,0.1194339504286564,-1.5859489301652738,0.09501181681564541
667,0.11943395042858243,-1.5859489306140844,0.09501181681574254
668,0.11943395042873038,-1.5859489301652738,0.09501181681564541
669,0.1194339504286564,-1.585948930165532,0.09501181681564541
670,0.11943395047540756,-1.585948930165403,0.09501181681564541
671,0.11943395042873038,-1.585948930165403,0.09501181681564541
672,0.11943395042858243,-1.585948930165403,0.09501181681564541
673,-0.047332759030686636,-1.4343091043616667,-0.04996265125015746
674,-0.047332759030686636,-1.4343091048100898,-0.049962651250254585
675,-0.047332759030686636,-1.4343091043615377,-0.04996265125015746
676,-0.04733275903076061,-1.4343091048102188,-0.04996265125015746
677,-0.04733275903061266,-1.4343091043616667,-0.04996265125015746
678,-0.04733275898393548,-1.4343091048100898,-0.049962651250254585
679,-0.04733275903076061,-1.4343091043615377,-0.04996265125015746
680,-0.04733275903061266,-1.434309104810348,-0.04996265125015746
681,-0.04733275903076061,-1.4343091043615377,-0.04996265125015746
682,-0.047332759030686636,-1.4343091048100898,-0.049962651250254585
683,-0.047332759030686636,-1.4343091043615377,-0.04996265125015746
684,-0.4335293493650381,-1.2754938926669377,-0.13280520443065788
685,-0.433529349318139,-1.275493893115619,-0.13280520443065788
686,-0.4335293493650381,-1.2754938926668087,-0.13280520443065788
687,-0.37384442174185767,-1.246026974118187,0.4595190508097112
688,-0.37384442174193167,-1.2460269741180579,0.4595190508098083
689,-0.3738444217886828,-1.2460269736695058,0.4595190508097112
690,-0.37384442174193167,-1.2460269741180579,0.4595190508098083
691,-0.3738444217420056,-1.2460269741180579,0.4595190508097112
692,-0.6749022183179975,-1.4280904365296918,0.009580433848257398
693,-0.6749022183180715,-1.428090436529821,0.009580433848354521
694,-0.6749022182713943,-1.4280904365295628,0.009580433848257398
695,-0.6749022183180715,-1.4280904369783731,0.009580433848257398
696,-0.6749022183179975,-1.428090436529821,0.009580433848257398
697,-0.6749022182712463,-1.4280904365295628,0.009580433848257398
698,-0.6749022183180715,-1.428090436529821,0.009580433848354521
699,-0.6749022183180715,-1.4280904365296918,0.009580433848257398
700,-0.6749022183180715,-1.4280904369782441,0.009580433848257398
701,-0.6749022183179975,-1.428090436529821,0.009580433848354521
702,-0.6749022182713204,-1.4280904365296918,0.009580433848257398
703,-0.6749022183181455,-1.4280904365295628,0.009580433848257398
704,-1.1313163704930038,-1.4386143360756058,0.15196607212726979
705,-1.131316370539829,-1.438614336524158,0.15196607212717267
706,-1.1313163704930778,-1.4386143360754766,0.15196607212726979
707,-1.1313163704930038,-1.4386143360754766,0.15196607212726979
708,-1.131316370539903,-1.438614336524158,0.15196607212717267
709,-1.1313163704930038,-1.4386143360754766,0.15196607212726979
710,-1.1313163704930038,-1.4386143360756058,0.15196607212726979
711,-1.131316370539829,-1.438614336524158,0.15196607212717267
712,-1.1313163704930778,-1.4386143360754766,0.15196607212726979
713,-1.1313163704931517,-1.4386143360754766,0.15196607212726979
714,-1.131316370539755,-1.438614336524029,0.15196607212717267
715,-1.1313163704930038,-1.4386143360757349,0.15196607212726979
716,-1.5394559489054545,-1.3491611899361124,0.12348894447140903
717,-1.5394559489522794,-1.3491611899361124,0.12348894447150616
718,-1.5394559489053803,-1.3491611894875601,0.12348894447140903
719,-1.5394559489523534,-1.3491611899361124,0.12348894447140903
720,-1.5394559489054545,-1.3491611899362415,0.12348894447150616
721,-1.5394559489522794,-1.3491611894875601,0.12348894447140903
722,-1.5394559489054545,-1.3491611899359832,0.12348894447140903
723,-1.5394559489055284,-1.3491611899362415,0.12348894447150616
724,-1.5394559489522055,-1.3491611899361124,0.12348894447140903
725,-1.5394559489053803,-1.3491611899362415,0.12348894447140903
726,-1.5394559489523534,-1.3491611894874311,0.12348894447150616
727,-1.5394559489054545,-1.3491611899362415,0.12348894447140903
728,-1.713403999944875,-1.2506192208908735,0.35389479550459996
729,-1.713403999944875,-1.2506192213394256,0.35389479550469705
730,-1.7134039998981236,-1.2506192208908735,0.35389479550459996
731,-1.7134039999448007,-1.2506192213394256,0.35389479550469705
732,-1.7134039999450228,-1.2506192208908735,0.35389479550459996
733,-1.7134039999448007,-1.2506192213392966,0.35389479550469705
734,-1.713403999944875,-1.2506192208910025,0.35389479550459996
735,-1.713403999944875,-1.2506192213392966,0.35389479550469705
736,-1.7134039998981236,-1.2506192208908735,0.35389479550459996
737,-1.7134039999449489,-1.2506192213394256,0.35389479550469705
738,-1.713403999944875,-1.2506192208908735,0.35389479550459996
739,-1.7018340607585132,-1.585948930165403,0.09501181681564541
740,-1.701834060758439,-1.585948930165403,0.09501181681564541
741,-1.701834060758661,-1.585948930165403,0.09501181681564541
742,-1.7018340608052642,-1.585948930165532,0.09501181681564541
743,-1.7018340607585871,-1.585948930165403,0.09501181681564541
744,-1.7018340607585871,-1.5859489301652738,0.09501181681564541
745,-1.7018340607585132,-1.5859489306140844,0.09501181681574254
746,-1.7018340607585871,-1.585948930165403,0.09501181681564541
747,-1.7018340608051903,-1.585948930165532,0.09501181681564541
748,-1.7018340607585871,-1.585948930165403,0.09501181681564541
749,-1.7018340607585132,-1.5859489301652738,0.09501181681564541
750,-1.7018340607585871,-1.585948930165532,0.09501181681564541
751,-1.9432069297116203,-1.1896836346246757,0.217682520563625
752,-1.9432069297116203,-1.189683635073486,0.21768252056372212
753,-1.9432069297117684,-1.189683634624934,0.217682520563625
754,-1.9432069297582977,-1.1896836346246757,0.21768252056372212
755,-1.9432069297116943,-1.189683635073486,0.217682520563625
756,-1.9432069297116203,-1.1896836346246757,0.21768252056372212
757,-1.9432069297115464,-1.189683634624934,0.217682520563625
758,-1.9432069297117684,-1.1896836346246757,0.21768252056372212
759,-1.9432069297114725,-1.1896836350737443,0.217682520563625
760,-1.9432069297584456,-1.1896836346246757,0.21768252056372212
761,-1.9432069297116203,-1.189683634624934,0.217682520563625
762,-1.9432069297116203,-1.1896836350732278,0.21768252056372212
763,-1.9432069297116943,-1.189683634624934,0.217682520563625
764,-2.028278206603055,-1.0293965489241867,0.16510936181456023
765,-2.028278206602907,-1.029396548924316,0.16510936181446312
766,-2.028278206602907,-1.0293965489241867,0.16510936181456023
767,-2.028278206649806,-1.0293965493729973,0.16510936181446312
768,-2.0282782066029807,-1.029396548924316,0.16510936181456023
769,-2.028278206602833,-1.0293965489241867,0.16510936181446312
770,-2.0282782066029807,-1.029396548924316,0.16510936181456023
771,-2.0282782066029807,-1.0293965489241867,0.16510936181446312
772,-2.028278206602907,-1.029396548924316,0.16510936181456023
773,-2.028278206649806,-1.0293965493729973,0.16510936181446312
774,-2.028278206602907,-1.0293965489241867,0.16510936181456023
775,-2.0282782066029807,-1.029396548924316,0.16510936181446312
776,-2.028278206602907,-1.0293965489241867,0.16510936181456023
777,-1.8378805869272625,-1.512558577762728,0.14297329497274655
778,-1.8378805868803636,-1.5125585782114093,0.14297329497284367
779,-1.8378805869272625,-1.512558577762728,0.14297329497274655
780,-1.8378805868803636,-1.512558577762599,0.14297329497274655
781,-1.8378805869272625,-1.5125585782114093,0.14297329497274655
782,-1.8378805868804375,-1.512558577762728,0.14297329497284367
783,-1.8378805869271886,-1.512558578211151,0.14297329497274655
784,-1.8378805868804375,-1.5125585777629862,0.14297329497274655
785,-1.8378805869272625,-1.512558577762599,0.14297329497274655
786,-1.8378805868803636,-1.5125585782112803,0.14297329497284367
787,-1.8378805869273365,-1.512558577762599,0.14297329497274655
788,-1.8378805868802894,-1.512558577762728,0.14297329497274655
789,-1.8378805869273365,-1.5125585782114093,0.14297329497274655
790,-1.8378805868802894,-1.512558577762728,0.14297329497284367
791,-1.8378805869274106,-1.5125585782114093,0.14297329497274655
792,-1.8378805868803636,-1.512558577762728,0.14297329497274655
793,-1.8378805869272625,-1.512558577762599,0.14297329497274655
794,-1.8378805868803636,-1.5125585782114093,0.14297329497284367
795,-1.8378805869272625,-1.512558577762728,0.14297329497274655
796,-1.7356520776948023,-1.300256009350675,0.12181381931518764
797,-1.7356520776950242,-1.300256009350804,0.12181381931528476
798,-1.7356520776947284,-1.3002560097996145,0.12181381931518764
799,-1.7356520776950242,-1.300256009350675,0.12181381931518764
800,-1.7356520776949502,-1.3002560093509332,0.12181381931518764
801,-1.7356520776949502,-1.300256009350804,0.12181381931528476
802,-1.7356520776949502,-1.3002560097993563,0.12181381931518764
803,-1.7356520776950242,-1.3002560093509332,0.12181381931518764
804,-1.7356520777414794,-1.300256009350804,0.12181381931528476
805,-1.7356520776950242,-1.3002560093509332,0.12181381931518764
806,-1.7356520776950242,-1.3002560097993563,0.12181381931518764
807,-1.7356520776948763,-1.3002560093509332,0.12181381931528476
808,-1.7356520776949502,-1.300256009350675,0.12181381931518764
809,-1.7356520776949502,-1.300256009350804,0.12181381931518764
810,-1.7356520776949502,-1.3002560097996145,0.12181381931518764
811,-1.7356520776948763,-1.300256009350675,0.12181381931528476
812,-1.7356520776950242,-1.300256009350804,0.12181381931518764
813,-1.75649204928479,-1.2161773680765946,0.012169263635145
814,-1.7564920492381126,-1.2161773676280425,0.012169263635242124
815,-1.756492049284864,-1.2161773680764654,0.012169263635145
816,-1.7564920492849379,-1.2161773680764654,0.012169263635145
817,-1.7564920492850118,-1.2161773680764654,0.012169263635145
818,-1.7564920492380387,-1.2161773676280425,0.012169263635242124
819,-1.7564920492849379,-1.2161773680763364,0.012169263635145
820,-1.7564920492850118,-1.2161773680767236,0.012169263635145
821,-1.756492049284864,-1.2161773680765946,0.012169263635145
822,-1.7564920492382605,-1.2161773676277843,0.012169263635242124
823,-1.756492049284864,-1.2161773680765946,0.012169263635145
824,-1.8642121726116458,-1.1882958679228643,-0.01889669380750623
825,-1.8642121726116458,-1.188295867474312,-0.01889669380750623
826,-1.864212172611572,-1.1882958679228643,-0.01889669380750623
827,-1.864212172611572,-1.1882958679227351,-0.01889669380750623
828,-1.8642121726117198,-1.1882958679231226,-0.01889669380750623
829,-1.8642121726114238,-1.1882958674740538,-0.01889669380750623
830,-1.8642121725649685,-1.1882958679228643,-0.01889669380750623
831,-1.864212172611572,-1.1882958679229934,-0.01889669380750623
832,-1.8642121726117198,-1.188295867474312,-0.01889669380750623
833,-1.8642121726114977,-1.1882958679228643,-0.01889669380750623
834,-1.8642121726116458,-1.1882958679228643,-0.01889669380750623
835,-1.864212172611572,-1.1882958679229934,-0.01889669380750623
836,-1.8642121726117198,-1.1882958674740538,-0.01889669380750623
837,-1.8642121726114977,-1.1882958679231226,-0.01889669380750623
838,-1.8618183920693696,-1.1587742791553477,0.2606969231766462
839,-1.8618183921160467,-1.158774279604029,0.26069692317654913
840,-1.8618183920695175,-1.158774279155477,0.2606969231766462
841,-1.8618183921159728,-1.1587742796041582,0.2606969231766462
842,-1.8618183920694436,-1.158774279155477,0.26069692317654913
843,-1.8618183921159728,-1.1587742796039,0.2606969231766462
844,-1.8618183920695175,-1.158774279155477,0.26069692317654913
845,-1.8618183921159728,-1.1587742796041582,0.2606969231766462
846,-1.8618183920693696,-1.158774279155477,0.2606969231766462
847,-1.8618183921161207,-1.1587742796041582,0.26069692317654913
848,-1.8618183920693696,-1.1587742791553477,0.2606969231766462
849,-1.6686061073670604,-1.1251524701994744,-0.06771462693168633
850,-1.6686061073670604,-1.1251524706480267,-0.06771462693178346
851,-1.6686061074138117,-1.1251524701994744,-0.06771462693168633
852,-1.6686061073669125,-1.1251524701993454,-0.06771462693168633
853,-1.6686061073672083,-1.125152470648285,-0.06771462693168633
854,-1.6686061073670604,-1.1251524701992162,-0.06771462693178346
855,-1.6686061073669125,-1.125152470648285,-0.06771462693168633
856,-1.6686061074139595,-1.1251524701993454,-0.06771462693168633
857,-1.6686061073669125,-1.1251524701992162,-0.06771462693178346
858,-1.6686061073670604,-1.1251524706480267,-0.06771462693168633
859,-1.6686061073672083,-1.1251524701996036,-0.06771462693168633
860,-1.6686061074136636,-1.1251524701994744,-0.06771462693168633
861,-1.6686061073670604,-1.1251524706480267,-0.06771462693178346
862,-1.6686061073670604,-1.1251524701994744,-0.06771462693168633
863,-1.6648444522625598,-1.093580771561991,0.029921239316673866
864,-1.664844452309459,-1.093580771561862,0.02992123931677099
865,-1.6648444522625598,-1.0935807720108015,0.029921239316673866
866,-1.6648444522625598,-1.093580771561991,0.029921239316673866
867,-1.6648444522625598,-1.0935807715621202,0.029921239316673866
868,-1.664844452309459,-1.093580771561862,0.02992123931677099
869,-1.6648444522625598,-1.0935807720106723,0.029921239316673866
870,-1.664844452262412,-1.0935807715621202,0.029921239316673866
871,-1.664844452309459,-1.093580771561862,0.02992123931677099
872,-1.6648444522627077,-1.0935807715621202,0.029921239316673866
873,-1.664844452262412,-1.093580771561862,0.029921239316673866
874,-1.6648444522627077,-1.0935807720109305,0.029921239316673866
875,-1.6648444523093109,-1.093580771561862,0.02992123931677099
876,-1.6648444522625598,-1.0935807715621202,0.029921239316673866
877,-1.7106112560178328,-1.1123734492581407,0.15196607212726979
878,-1.7106112559710818,-1.112373449706951,0.15196607212717267
879,-1.7106112560178328,-1.112373449258399,0.15196607212726979
880,-1.7106112559712296,-1.112373449706951,0.15196607212717267
881,-1.7106112560178328,-1.1123734492581407,0.15196607212726979
882,-1.7106112559710818,-1.1123734492582698,0.15196607212717267
883,-1.710611256017981,-1.11237344970708,0.15196607212726979
884,-1.710611256017685,-1.1123734492581407,0.15196607212726979
885,-1.7106112559710818,-1.112373449706951,0.15196607212717267
886,-1.710611256017981,-1.112373449258399,0.15196607212726979
887,-1.7106112559710818,-1.1123734497068218,0.15196607212717267
888,-1.7106112560178328,-1.1123734492582698,0.15196607212726979
889,-1.6588258041047683,-0.8166518714829256,0.08362096575333997
890,-1.6588258041047683,-0.8166518714827965,0.08362096575333997
891,-1.6588258041516672,-0.8166518714826674,0.08362096575333997
892,-1.6588258041049162,-0.8166518714829256,0.08362096575333997
893,-1.6588258041047683,-0.8166518710341153,0.08362096575333997
894,-1.6588258041047683,-0.8166518714829256,0.08362096575333997
895,-1.6588258041047683,-0.8166518714826674,0.08362096575333997
896,-1.6588258041516672,-0.8166518714829256,0.08362096575333997
897,-1.6588258041047683,-0.8166518714826674,0.08362096575333997
898,-1.6588258041047683,-0.8166518714827965,0.08362096575333997
899,-1.1848572614580213,-1.006082063755991,0.254483731688116
900,-1.1848572614580213,-1.006082063755991,0.25448373168801885
901,-1.1848572614111221,-1.0060820642045432,0.254483731688116
902,-1.1848572614580213,-1.006082063755991,0.25448373168801885
903,-1.1848572614578732,-1.006082063755862,0.254483731688116
904,-1.8168153183516167,0.4904164554262121,-0.01889669380750623
905,-1.8168153183048654,0.49041645542582474,-0.01889669380750623
906,-1.8168153183516167,0.49041645542595386,-0.01889669380750623
907,-1.8168153183516167,0.49041645542595386,-0.01889669380750623
908,-1.8168153183516167,0.4904164554263412,-0.01889669380750623
909,-1.8168153183048654,0.49041645542595386,-0.01889669380750623
910,-1.8168153183516167,0.49041645542595386,-0.01889669380750623
911,-1.8168153183514686,0.490416455426083,-0.01889669380750623
912,-1.8168153183050133,0.49041645542595386,-0.01889669380750623
913,-1.8168153183516167,0.490416455426083,-0.01889669380750623
914,-2.113349483494267,1.1174789638035685,-0.2554759081786374
915,-2.113349483494267,1.1174789638035685,-0.25547590817873456
916,-2.113349483494267,1.1174789638034393,-0.2554759081786374
917,-2.1133494835410183,1.1174789638035685,-0.25547590817873456
918,-2.113349483494267,1.1174789638035685,-0.2554759081786374
919,-2.113349483494267,1.1174789638034393,-0.25547590817873456
920,-2.113349483494267,1.1174789638035685,-0.2554759081786374
921,-2.113349483494267,1.1174789638035685,-0.25547590817873456
922,-2.113349483494267,1.1174789638033102,-0.2554759081786374
923,-2.113349483541166,1.1174789638035685,-0.25547590817873456
924,-2.113349483494267,1.1174789638036975,-0.2554759081786374
925,-2.113349483494267,1.1174789638033102,-0.25547590817873456
926,-2.113349483494415,1.1174789638035685,-0.2554759081786374
927,-2.3820666914615636,0.5556646327896535,-0.10432807677489424
928,-2.3820666914615636,0.5556646327893953,-0.10432807677489424
929,-2.382066691414664,0.5556646327895244,-0.10432807677479712
930,-2.3820666914615636,0.5556646327893953,-0.10432807677489424
931,-2.3820666914614153,0.5556646327893953,-0.10432807677489424
932,-2.3820666914615636,0.5556646327896535,-0.10432807677489424
933,-2.3820666914615636,0.5556646323408431,-0.10432807677489424
934,-2.3820666914614153,0.5556646327895244,-0.10432807677489424
935,-2.3820666914615636,0.5556646327893953,-0.10432807677489424
936,-2.382066691414812,0.5556646327893953,-0.10432807677479712
937,-2.3820666914614153,0.5556646327896535,-0.10432807677489424
938,-2.3820666914615636,0.5556646327893953,-0.10432807677489424
939,-1.9695385154427547,-0.7977088520312785,0.28865628487503237
940,-1.9695385153960037,-0.7977088524797015,0.28865628487503237
941,-1.9695385154429026,-0.7977088520312785,0.28865628487503237
942,-1.9695385153960037,-0.7977088524795724,0.28865628487503237
943,-1.9695385154427547,-0.7977088520314076,0.2886562848749352
944,-1.9695385154429026,-0.7977088520311494,0.28865628487503237
945,-1.9695385153960037,-0.7977088524798306,0.28865628487503237
946,-1.9695385154429026,-0.7977088520312785,0.28865628487503237
947,-1.9695385153960037,-0.7977088524797015,0.28865628487503237
948,-1.9695385154429026,-0.7977088520312785,0.28865628487503237
949,-1.952782051787001,-0.6823286440714191,-0.01889669380750623
950,-1.952782051787297,-0.6823286445201003,-0.01889669380750623
951,-1.9527820518339,-0.6823286440714191,-0.01889669380750623
952,-1.9527820517871488,-0.68232864407129,-0.01889669380750623
953,-1.952782051787297,-0.6823286440715481,-0.01889669380750623
954,-1.9527820517871488,-0.6823286445199712,-0.01889669380750623
955,-1.9527820517871488,-0.6823286440715481,-0.01889669380750623
956,-1.9527820517874448,-0.6823286440714191,-0.01889669380750623
957,-1.952782051833752,-0.6823286440715481,-0.01889669380750623
958,-1.952782051787297,-0.6823286445202295,-0.01889669380750623
959,-1.9527820517871488,-0.68232864407129,-0.01889669380750623
960,-2.000657662165013,-0.8660185275422123,0.012169263635145
961,-2.000657662165013,-0.8660185279910227,0.012169263635242124
962,-2.000657662165013,-0.8660185275420832,0.012169263635145
963,-2.000657662165013,-0.8660185275420832,0.012169263635145
964,-2.000657662165013,-0.8660185275423414,0.012169263635145
965,-2.000657662165013,-0.8660185279907645,0.012169263635242124
966,-2.000657662165013,-0.8660185275420832,0.012169263635145
967,-2.000657662165013,-0.8660185275423414,0.012169263635145
968,-2.000657662165013,-0.8660185275423414,0.012169263635145
969,-2.000657662165013,-0.8660185279907645,0.012169263635242124
970,-2.000657662165013,-0.8660185275420832,0.012169263635145
971,-1.9240566855604895,-1.30228200100959,-0.2052924384636079
972,-1.9240566855603416,-1.3022820005610376,-0.20529243846351075
973,-1.9240566856073886,-1.3022820010094607,-0.2052924384636079
974,-1.9240566855606374,-1.3022820005607794,-0.2052924384636079
975,-1.9240566855603416,-1.30228200100959,-0.2052924384636079
976,-1.9240566855606374,-1.3022820005607794,-0.20529243846351075
977,-1.9240566855604895,-1.30228200100959,-0.2052924384636079
978,-1.9240566855604895,-1.3022820005607794,-0.2052924384636079
979,-1.9240566856073886,-1.302282001009719,-0.2052924384636079
980,-1.9240566855601937,-1.3022820005607794,-0.20529243846351075
981,-1.9240566855606374,-1.3022820010094607,-0.2052924384636079
982,-1.6839420858590877,-1.3111132450449245,0.007389885567074694
983,-1.6839420858589398,-1.3111132454933476,0.007389885567074694
984,-1.6839420858589398,-1.3111132450449245,0.007389885567074694
985,-1.6839420859059868,-1.3111132454934769,0.007389885567074694
986,-1.6839420858589398,-1.3111132450446663,0.007389885567074694
987,-1.6839420858592355,-1.3111132450447955,0.007389885567074694
988,-1.6839420858589398,-1.3111132454933476,0.0073898855669775705
989,-1.6839420858589398,-1.3111132450447955,0.007389885567074694
990,-1.6839420858590877,-1.3111132450447955,0.007389885567074694
991,-1.6839420859056908,-1.3111132454933476,0.007389885567074694
992,-1.6839420858589398,-1.3111132450450538,0.007389885567074694
993,-1.6839420858592355,-1.3111132454933476,0.007389885567074694
994,-1.6839420858589398,-1.3111132450447955,0.007389885567074694
995,-1.5087357656147868,-0.8703237592561514,-0.10432807677489424
996,-1.5087357655681837,-0.8703237592562805,-0.10432807677489424
997,-1.508735765614639,-0.8703237592560222,-0.10432807677479712
998,-1.5087357656147868,-0.8703237592560222,-0.10432807677489424
999,-1.6377605355292701,0.5851315513381459,0.6645543699314036
1000,-1.6377605355758733,0.5851315517868272,0.6645543699315007
1001,-1.6377605355292701,0.5851315513385332,0.6645543699314036
1002,-1.6377605355760214,0.5851315517868272,0.6645543699315007
1003,-1.6377605355291223,0.585131551338275,0.6645543699314036
1004,-1.6096735107931561,0.773158557334243,0.7025238734724865
1005,-1.6096735107928604,0.773158557334243,0.7025238734724865
1006,-1.6096735108397595,0.773158557334243,0.7025238734724865
1007,-1.6096735107928604,0.773158557334243,0.7025238734724865
1008,-1.6096735107928604,0.7731585568856908,0.7025238734725836
1009,-1.6096735107931561,0.7731585573345012,0.7025238734724865
1010,-1.6096735108397595,0.773158557334243,0.7025238734724865
1011,-1.6096735107928604,0.773158557334243,0.7025238734724865
1012,-1.6096735107928604,0.7731585573343721,0.7025238734724865
1013,-1.7588858297803889,-0.791394512662701,-0.10432807677489424
1014,-1.7588858297805368,-0.7913945126625719,-0.10432807677489424
1015,-1.75888582982714,-0.7913945122140197,-0.10432807677479712
1016,-1.758885829780241,-0.7913945126625719,-0.10432807677489424
1017,-1.1720676340937537,-1.4634206709756399,0.24960193837563
1018,-1.1720676340934577,-1.4634206709755107,0.24960193837563
1019,-1.1720676340933098,-1.4634206705269586,0.24960193837572714
1020,-1.1720676340934577,-1.4634206709753816,0.24960193837563
1021,-1.1720676340934577,-1.463420670975769,0.24960193837563
1022,-1.1720676340936056,-1.4634206709753816,0.24960193837563
1023,-1.1720676341400609,-1.4634206709756399,0.24960193837563
1024,-1.1720676340936056,-1.4634206705268293,0.24960193837572714
1025,-1.1720676340933098,-1.4634206709756399,0.24960193837563
1026,-1.1720676340936056,-1.4634206709755107,0.24960193837563
1027,-1.1720676340934577,-1.4634206709755107,0.24960193837563
1028,-1.1720676340934577,-1.4634206705268293,0.24960193837572714
1029,-1.1720676340934577,-1.463420670975769,0.24960193837563
1030,-1.1720676340934577,-1.4634206709755107,0.24960193837563
1031,-1.6184507060521802,-0.43358192720801053,0.806940008210416
1032,-1.618450706005429,-0.43358192675920015,0.806940008210416
1033,-1.618450706052476,-0.43358192720813965,0.8069400082103189
1034,-1.6184507060520321,-0.43358192675920015,0.806940008210416
1035,-1.618450706005725,-0.43358192720801053,0.806940008210416
1036,-1.6184507060521802,-0.4335819272078814,0.8069400082103189
1037,-1.6184507060521802,-0.4335819267594584,0.806940008210416
1038,-1.6184507060055768,-0.43358192720801053,0.806940008210416
1039,-1.6184507060521802,-0.4335819267594584,0.806940008210416
1040,-1.618450706052328,-0.4335819272077523,0.806940008210416
1041,-1.618450706005281,-0.4335819267593293,0.8069400082103189
1042,-1.618450706052328,-0.43358192720801053,0.806940008210416
1043,-1.2261775959267387,-1.1799692659167538,0.4016885761856915
1044,-1.2261775959265906,-1.179969265917012,0.4016885761856915
1045,-1.2261775959267387,-1.1799692659166245,0.4016885761856915
1046,-1.2261775959267387,-1.1799692659168828,0.4016885761856915
1047,-1.2261775959265906,-1.179969265917012,0.4016885761856915
1048,-1.2261775959267387,-1.1799692659167538,0.4016885761856915
1049,-1.2261775959733419,-1.1799692663653059,0.4016885761856915
1050,-1.2261775959264427,-1.179969265917012,0.4016885761856915
1051,-1.2261775959267387,-1.1799692659168828,0.4016885761856915
1052,-1.2261775959267387,-1.1799692659166245,0.4016885761856915
1053,-1.2261775959265906,-1.179969265917012,0.4016885761856915
1054,-1.2261775959267387,-1.1799692659167538,0.4016885761856915
1055,-1.2261775959267387,-1.1799692659168828,0.4016885761856915
1056,-1.2990958332820786,-1.4714003311939658,0.24396909993820592
1057,-1.2990958332351796,-1.4714003307452845,0.24396909993830304
1058,-1.2990958332823745,-1.4714003311939658,0.24396909993820592
1059,-1.2990958332819307,-1.4714003307452845,0.24396909993830304
1060,-1.2990958332354754,-1.4714003311940949,0.24396909993820592
1061,-1.2990958332820786,-1.4714003311939658,0.24396909993820592
1062,-1.2990958332822267,-1.4714003307452845,0.24396909993830304
1063,-1.2990958332820786,-1.4714003311940949,0.24396909993820592
1064,-1.2990958332354754,-1.4714003311939658,0.24396909993820592
1065,-1.2990958332819307,-1.4714003307452845,0.24396909993830304
1066,-1.2990958332823745,-1.4714003311939658,0.24396909993820592
1067,-1.2990958332351796,-1.4714003307452845,0.24396909993830304
1068,-1.2990958332822267,-1.4714003311940949,0.24396909993820592
1069,-0.8737394488254246,-1.879403822312673,-0.20290274942957273
1070,-0.8737394488255725,-1.879403821864121,-0.20290274942947562
1071,-0.8737394487786735,-1.8794038223129312,-0.20290274942957273
1072,-0.8737394488252767,-1.879403821864121,-0.20290274942947562
1073,-0.8737394488255725,-1.8794038223129312,-0.20290274942957273
1074,-0.8737394488255725,-1.879403821864121,-0.20290274942947562
1075,-0.8737394487786735,-1.879403822312673,-0.20290274942957273
1076,-0.8737394488255725,-1.879403821864121,-0.20290274942947562
1077,-0.8737394488255725,-1.879403822312673,-0.20290274942957273
1078,-0.8737394488254246,-1.8794038218643792,-0.20290274942947562
1079,-0.8737394487788214,-1.879403822312673,-0.20290274942957273
1080,-0.8737394488252767,-1.8794038218643792,-0.20290274942947562
1081,-0.8737394488254246,-1.879403822312673,-0.20290274942957273
1082,-0.0956073327933166,-1.7859030219845113,0.5221687316524883
1083,-0.09560733283977185,-1.7859030224328054,0.5221687316524883
1084,-0.09560733279346453,-1.785903021984253,0.5221687316524883
1085,-0.09560733284006775,-1.785903021984253,0.5221687316524883
1086,-0.0956073327933166,-1.785903021984253,0.5221687316524883
1087,-0.09560733283977185,-1.7859030219845113,0.5221687316524883
1088,-0.0956073327933166,-1.7859030224330636,0.5221687316524883
1089,-0.09560733279346453,-1.785903021984253,0.5221687316524883
1090,-0.09560733283977185,-1.7859030219845113,0.5221687316524883
1091,-0.0956073327933166,-1.7859030224328054,0.5221687316524883
1092,-0.09560733284006775,-1.785903021984253,0.5221687316524883
1093,-0.09560733279316865,-1.7859030219845113,0.5221687316524883
1094,-0.1622342238907948,-1.6754020767534485,0.2917628806192975
1095,-0.16223422393739803,-1.675402076304638,0.2917628806192975
1096,-0.16223422389064687,-1.6754020767534485,0.2917628806192975
1097,-0.16223422393739803,-1.675402076304638,0.2917628806192975
1098,-0.1622342238907948,-1.6754020767531903,0.2917628806192975
1099,-0.16223422393739803,-1.6754020763048962,0.29176288061920036
1100,-0.16223422389094277,-1.6754020767534485,0.2917628806192975
1101,-0.1622342239372501,-1.6754020763048962,0.2917628806192975
1102,-0.16223422389049894,-1.6754020767531903,0.2917628806192975
1103,-0.16223422393754597,-1.6754020763048962,0.2917628806192975
1104,-0.16223422389094277,-1.6754020767534485,0.2917628806192975
1105,-0.08563324733287446,-1.7729873272911174,-0.04996265125015746
1106,-0.08563324728627124,-1.7729873268423069,-0.049962651250254585
1107,-0.08563324733287446,-1.7729873272911174,-0.04996265125015746
1108,-0.08563324733287446,-1.7729873272911174,-0.04996265125015746
1109,-0.0856332473330224,-1.7729873272911174,-0.04996265125015746
1110,-0.08563324728597535,-1.772987326842565,-0.049962651250254585
1111,-0.08563324733287446,-1.7729873272913756,-0.04996265125015746
1112,-0.0856332473330224,-1.7729873272908592,-0.04996265125015746
1113,-0.08563324733287446,-1.7729873272911174,-0.04996265125015746
1114,-0.0856332472861233,-1.772987326842565,-0.049962651250254585
1115,-0.08563324733317035,-1.7729873272911174,-0.04996265125015746
1116,-0.17899068754640068,-2.4489086951645813,-0.44605360864434923
1117,-0.17899068754625275,-2.4489086951645813,-0.44605360864434923
1118,-0.17899068754610478,-2.4489086951645813,-0.44605360864434923
1119,-0.17899068754640068,-2.4489086951645813,-0.44605360864434923
1120,0.683368744284924,-3.1434860669823923,-0.9586419064485802
1121,0.683368744237729,-3.1434860669821343,-0.958641906448483
1122,0.683368744284776,-3.1434860669821343,-0.9586419064485802
1123,0.683368744284628,-3.143486066533582,-0.9586419064485802
1124,0.6833687442380249,-3.1434860669823923,-0.9586419064485802
1125,0.683368744284776,-3.143486066981876,-0.9586419064485802
1126,0.6833687442380249,-3.1434860669826508,-0.958641906448483
1127,0.683368744284628,-3.143486066981876,-0.9586419064485802
1128,0.9006043263096323,-2.575195490163067,-0.2467137150538095
1129,0.9006043263099281,-2.5751954897142566,-0.2467137150538095
1130,0.9006043263565314,-2.575195490162809,-0.24671371505390663
1131,0.9006043263099281,-2.575195490162809,-0.2467137150538095
1132,0.9006043263097803,-2.5751954897145146,-0.2467137150538095
1133,0.9006043263562354,-2.5751954901625504,-0.2467137150538095
1134,0.9006043263100761,-2.575195490163067,-0.2467137150538095
1135,0.9006043263097803,-2.5751954897139986,-0.2467137150538095
1136,0.9006043263094843,-2.575195490162809,-0.2467137150538095
1137,0.9006043263099281,-2.575195490163067,-0.24671371505390663
1138,0.9006043263566793,-2.5751954897142566,-0.2467137150538095
1139,0.9006043263097803,-2.575195490162809,-0.2467137150538095
1140,0.5934024931221544,-2.1910731553949105,0.09501181681564541
1141,0.5934024931224504,-2.1910731558439793,0.09501181681564541
1142,0.5934024930752554,-2.191073155843721,0.09501181681564541
1143,0.5934024931223024,-2.1910731553949105,0.09501181681574254
1144,0.5934024931223024,-2.191073155395427,0.09501181681564541
1145,0.5934024931223024,-2.191073155843721,0.09501181681564541
1146,0.32130944083170243,-2.7172681340310967,-0.8732105234811921
1147,0.3213094408315545,-2.7172681340310967,-0.8732105234811921
1148,-0.41597495889292774,-2.8356620043701475,0.40826022102933673
1149,-0.4159749588932236,-2.8356620043701475,0.40826022102933673
1150,-0.4159749588461766,-2.8356620043704055,0.40826022102933673
1151,-0.4159749588932236,-2.835662004818958,0.40826022102933673
1152,-0.4159749588930757,-2.835662004369889,0.40826022102933673
1153,-0.41597495884647245,-2.8356620043704055,0.40826022102933673
1154,-0.4159749588930757,-2.835662004369889,0.40826022102933673
1155,-0.4159749588932236,-2.8356620043701475,0.40826022102933673
1156,0.3608068193816898,-3.7670271164169913,-0.23247515122592768
1157,0.36080681938183773,-3.7670271168658016,-0.23247515122592768
1158,0.36080681942844095,-3.7670271164169913,-0.23247515122592768
1159,0.36080681938183773,-3.7670271168658016,-0.23247515122592768
1160,0.3608068193816898,-3.7670271164172493,-0.23247515122592768
1161,0.3608068194285889,-3.7670271164169913,-0.23247515122592768
1162,0.3608068193816898,-3.767027116865543,-0.23247515122592768
1163,0.3608068193816898,-3.7670271164169913,-0.23247515122592768
1164,1.8282863457573975,-2.35540789528523,0.8222738461788891
1165,1.8282863457569536,-2.355407894835903,0.8222738461788891
1166,1.8282863457104983,-2.3554078952847135,0.8222738461788891
1167,1.8282863457572496,-2.355407894835903,0.8222738461788891
1168,1.8282863457569536,-2.3554078952849715,0.8222738461788891
1169,1.8282863457572496,-2.3554078952847135,0.8222738461788891
1170,1.8282863457103504,-2.355407894836161,0.8222738461788891
1171,1.8282863457569536,-2.3554078952847135,0.8222738461788891
1172,1.8282863457572496,-2.3554078952847135,0.8222738461788891
1173,1.8282863457572496,-2.355407894836161,0.8222738461788891
1174,1.8282863457102025,-2.3554078952847135,0.8222738461788891
1175,1.8282863457572496,-2.355407894836161,0.8222738461788891
1176,1.8282863457571015,-2.3554078952847135,0.8222738461788891
1177,0.7385637989311575,-1.7725457647308058,0.559408052433177
1178,0.7385637988842584,-1.7725457651785834,0.5594080524330799
1179,0.7385637989311575,-1.7725457647305476,0.559408052433177
1180,0.7385637988844064,-1.772545765179358,0.5594080524330799
1181,0.7385637989311575,-1.7725457647302894,0.559408052433177
1182,0.7385637989311575,-1.772545765179358,0.559408052433177
1183,0.7385637988842584,-1.7725457647302894,0.5594080524330799
1184,0.7385637989311575,-1.7725457651790997,0.559408052433177
1185,0.7385637989311575,-1.7725457647302894,0.559408052433177
1186,0.7385637988844064,-1.7725457651790997,0.5594080524330799
1187,0.7385637989311575,-1.7725457647305476,0.559408052433177
1188,0.7385637988842584,-1.7725457651790997,0.5594080524330799
1189,0.7385637989311575,-1.7725457647305476,0.559408052433177
1190,-0.31875064241909173,-1.665687707596716,0.16510936181456023
1191,-0.3187506424658429,-1.6656877080452683,0.16510936181446312
1192,-0.31875064241938766,-1.665687707596716,0.16510936181456023
1193,-0.31875064241909173,-1.6656877075972325,0.16510936181446312
1194,-0.3187506424661388,-1.66568770804501,0.16510936181456023
1195,-0.31875064241909173,-1.6656877075969743,0.16510936181456023
1196,-0.31875064241909173,-1.6656877075964578,0.16510936181446312
1197,-0.31875064241909173,-1.6656877075969743,0.16510936181456023
1198,-0.3187506424658429,-1.6656877080455266,0.16510936181456023
1199,-0.3187506424192397,-1.6656877075964578,0.16510936181446312
1200,-0.31875064241909173,-1.6656877075969743,0.16510936181456023
1201,-0.3187506424658429,-1.6656877080455266,0.16510936181446312
1202,-0.31875064241938766,-1.665687707596716,0.16510936181456023
1203,-0.33495469518038873,-1.6025443103220074,0.08624962369081748
1204,-0.3349546951802408,-1.6025443103217492,0.08624962369081748
1205,-0.3349546951805367,-1.6025443103220074,0.08624962369072035
1206,-0.33495469518038873,-1.6025443103220074,0.08624962369081748
1207,-0.3349546951805367,-1.6025443103220074,0.08624962369081748
1208,-0.3349546951802408,-1.6025443103217492,0.08624962369081748
1209,-0.33495469513378556,-1.6025443098734553,0.08624962369072035
1210,-0.3349546951802408,-1.6025443103217492,0.08624962369081748
1211,-0.33495469518038873,-1.6025443103220074,0.08624962369081748
1212,-0.3349546951805367,-1.6025443103220074,0.08624962369081748
1213,-0.3349546951802408,-1.6025443103220074,0.08624962369072035
1214,-0.33495469518038873,-1.6025443103217492,0.08624962369081748
1215,-0.3349546951805367,-1.6025443103220074,0.08624962369081748
1216,-0.12632751613073526,-1.4491382356212614,0.15196607212726979
1217,-0.12632751613073526,-1.4491382360700718,0.15196607212717267
1218,-0.12632751613073526,-1.4491382356210032,0.15196607212726979
1219,-0.12632751613073526,-1.4491382356215197,0.15196607212717267
1220,-0.12632751613043935,-1.4491382360700718,0.15196607212726979
1221,-0.1263275161777823,-1.4491382356212614,0.15196607212726979
1222,-0.12632751613073526,-1.4491382356212614,0.15196607212717267
1223,-0.12632751613043935,-1.4491382360700718,0.15196607212726979
1224,-0.12632751613073526,-1.4491382356212614,0.15196607212717267
1225,-0.12632751613073526,-1.4491382356215197,0.15196607212726979
1226,-0.12632751613073526,-1.4491382360695553,0.15196607212717267
1227,-0.1263275161305873,-1.4491382356215197,0.15196607212726979
1228,0.2303457811137752,-1.6409602234904883,0.22963096573389788
1229,0.2303457811606743,-1.6409602234904883,0.22963096573399502
1230,0.23034578111392315,-1.640960223041678,0.22963096573389788
1231,0.23034578111392315,-1.6409602234904883,0.22963096573389788
1232,0.23034578111362727,-1.64096022349023,0.22963096573389788
1233,0.23034578116082227,-1.6409602234907466,0.22963096573399502
1234,0.23034578111392315,-1.6409602234904883,0.22963096573389788
1235,0.23034578111362727,-1.6409602234904883,0.22963096573389788
1236,0.23034578111392315,-1.640960223041678,0.22963096573389788
1237,0.2303457811606743,-1.6409602234904883,0.22963096573399502
1238,0.23034578111392315,-1.64096022349023,0.22963096573389788
1239,0.3375134935931475,-1.7288311053204934,-0.01889669380750623
1240,0.3375134935461004,-1.728831104871683,-0.01889669380750623
1241,0.3375134935929995,-1.7288311053202352,-0.01889669380750623
1242,0.33751349359285154,-1.728831105319977,-0.01889669380750623
1243,0.3375134935462483,-1.728831104871683,-0.01889669380750623
1244,0.3375134935929995,-1.7288311053202352,-0.01889669380750623
1245,0.33751349359285154,-1.7288311053202352,-0.01889669380750623
1246,0.3375134935931475,-1.7288311053202352,-0.01889669380750623
1247,0.3375134935461004,-1.7288311048719411,-0.01889669380750623
1248,0.3375134935929995,-1.728831105319977,-0.01889669380750623
1249,0.3375134935931475,-1.7288311053204934,-0.01889669380750623
1250,0.3375134935461004,-1.7288311048714247,-0.01889669380750623
1251,0.3375134935929995,-1.728831105319977,-0.01889669380750623
1252,0.3596099291339643,-1.7442857828305585,0.19856500829124663
1253,0.3596099291339643,-1.7442857828305585,0.19856500829124663
1254,0.3596099291339643,-1.7442857828308167,0.19856500829124663
1255,0.3596099291339643,-1.7442857828305585,0.19856500829124663
1256,0.3596099291339643,-1.7442857828305585,0.19856500829124663
1257,0.3596099290872131,-1.744285783279369,0.19856500829134377
1258,0.3596099291339643,-1.7442857828305585,0.19856500829124663
1259,0.3596099291339643,-1.7442857828305585,0.19856500829124663
1260,0.3596099291339643,-1.7442857828305585,0.19856500829124663
1261,0.3596099291339643,-1.7442857828305585,0.19856500829124663
1262,0.3596099291341122,-1.7442857828305585,0.19856500829124663
1263,0.1238225480350147,-1.164992947435875,-0.01889669380750623
1264,0.12382254808161793,-1.1649929469875808,-0.01889669380750623
1265,0.12382254803486677,-1.164992947435875,-0.01889669380750623
1266,0.12382254808161793,-1.164992947435875,-0.01889669380750623
1267,0.1238225480350147,-1.1649929469873226,-0.01889669380750623
1268,0.12382254808161793,-1.1649929474361331,-0.01889669380750623
1269,0.12382254803516266,-1.164992947435875,-0.01889669380750623
1270,0.12382254803471882,-1.1649929469873226,-0.01889669380750623
1271,0.12382254808176586,-1.164992947435875,-0.01889669380750623
1272,0.12382254803486677,-1.1649929474361331,-0.01889669380750623
1273,0.12382254808161793,-1.1649929469870643,-0.01889669380750623
1274,0.1238225480350147,-1.1649929474361331,-0.01889669380750623
1275,-0.43033764200647934,-1.813169489356479,0.13643309340584706
1276,-0.4303376419597282,-1.8131694889076684,0.13643309340594417
1277,-0.43033764200647934,-1.8131694893562207,0.13643309340584706
1278,-0.43033764200647934,-1.8131694889079266,0.13643309340594417
1279,-0.4303376420063314,-1.813169489356479,0.13643309340584706
1280,-0.4303376419597282,-1.8131694889079266,0.13643309340594417
1281,-0.4303376420063314,-1.813169489356479,0.13643309340584706
1282,-0.43033764200647934,-1.8131694889076684,0.13643309340594417
1283,-0.4303376420066273,-1.8131694893562207,0.13643309340584706
1284,-0.4303376419594323,-1.8131694889079266,0.13643309340594417
1285,-0.4303376420066273,-1.8131694893567372,0.13643309340584706
1286,-0.6225766313301648,-1.587972757035461,0.16510936181456023
1287,-0.622576631330017,-1.5879727570357192,0.16510936181446312
1288,-0.6225766313301648,-1.587972757035461,0.16510936181456023
1289,-0.6225766313303128,-1.5879727570357192,0.16510936181446312
1290,-0.622576631330017,-1.587972757035461,0.16510936181456023
1291,-0.622576631330017,-1.5879727570359774,0.16510936181446312
1292,-0.6225766313303128,-1.5879727574842715,0.16510936181456023
1293,-0.622576631330017,-1.587972757035461,0.16510936181446312
1294,-0.6225766313301648,-1.5879727570357192,0.16510936181456023
1295,-0.622576631330017,-1.5879727570357192,0.16510936181446312
1296,-0.6225766313301648,-1.5879727570357192,0.16510936181456023
1297,-0.622576631330017,-1.5879727570357192,0.16510936181446312
1298,-0.6225766313303128,-1.5879727570357192,0.16510936181456023
1299,-0.39571989295295723,-1.971690326159958,0.1913959411891412
1300,-0.3957198929534011,-1.9716903261602163,0.19139594118904404
1301,-0.39571989295325316,-1.971690325711406,0.1913959411891412
1302,-0.3957198929534011,-1.9716903261604746,0.19139594118904404
1303,-0.39571989295295723,-1.971690326159958,0.1913959411891412
1304,-0.3957198929534011,-1.9716903261602163,0.19139594118904404
1305,-0.3957198929534011,-1.9716903257116642,0.1913959411891412
1306,-0.39571989295295723,-1.9716903261602163,0.19139594118904404
1307,-0.3957198929534011,-1.9716903261602163,0.1913959411891412
1308,-0.39571989295325316,-1.9716903261602163,0.19139594118904404
1309,-0.3957198929531052,-1.971690325711406,0.1913959411891412
1310,-0.3957198929534011,-1.9716903261604746,0.19139594118904404
1311,-0.39571989295325316,-1.971690326159958,0.1913959411891412
1312,-0.039809448821611464,-1.8332605699403492,0.12755710556513117
1313,-0.03980944882190736,-1.8332605703891596,0.12755710556513117
1314,-0.03980944882175941,-1.8332605703891596,0.12755710556513117
1315,-0.03980944882190736,-1.8332605699403492,0.12755710556513117
1316,-0.039809448821611464,-1.8332605699406075,0.12755710556513117
1317,-0.03980944882175941,-1.8332605703891596,0.12755710556513117
1318,-0.03980944882190736,-1.8332605703891596,0.12755710556503405
1319,-0.03980944882190736,-1.833260569940091,0.12755710556513117
1320,-0.039809448821611464,-1.8332605699406075,0.12755710556513117
1321,-0.03980944882175941,-1.8332605703891596,0.12755710556513117
1322,-0.03980944882190736,-1.8332605703891596,0.12755710556513117
1323,-0.03980944882175941,-1.8332605699403492,0.12755710556513117
1324,-0.03980944882190736,-1.8332605699406075,0.12755710556513117
1325,-0.039809448821611464,-1.8332605703889013,0.12755710556513117
1326,-0.4370402274219705,-1.864832269026643,0.1177935189402563
1327,-0.4370402274687217,-1.864832268578091,0.11779351894035343
1328,-0.4370402274687217,-1.8648322690263848,0.1177935189402563
1329,-0.4370402274219705,-1.8648322685778327,0.1177935189402563
1330,-0.4370402274219705,-1.8648322690263848,0.1177935189402563
1331,-0.4370402274687217,-1.8648322690263848,0.11779351894035343
1332,-0.4370402274219705,-1.8648322685778327,0.1177935189402563
1333,-0.43704022746857374,-1.8648322690269012,0.1177935189402563
1334,-0.4370402274218226,-1.8648322685778327,0.11779351894035343
1335,-0.4370402274688696,-1.8648322690263848,0.1177935189402563
1336,-0.6115810240909839,-1.9415063942248025,0.17637503868931126
1337,-0.6115810241377351,-1.9415063946733548,0.17637503868931126
1338,-0.6115810240906879,-1.9415063942245443,0.1763750386894084
1339,-0.6115810241377351,-1.9415063942248025,0.17637503868931126
1340,-0.6115810240911318,-1.9415063942245443,0.17637503868931126
1341,-0.6115810241374391,-1.941506394673613,0.17637503868931126
1342,-0.6115810240909839,-1.9415063942245443,0.1763750386894084
1343,-0.6115810240908359,-1.9415063942248025,0.17637503868931126
1344,-0.6115810241377351,-1.9415063946730966,0.17637503868931126
1345,-0.6115810240909839,-1.9415063942250608,0.17637503868931126
1346,-0.6115810241377351,-1.9415063942245443,0.17637503868931126
1347,-0.6115810240908359,-1.9415063942245443,0.1763750386894084
1348,-0.6115810241377351,-1.9415063946733548,0.17637503868931126
1349,-0.6115810240909839,-1.9415063942248025,0.17637503868931126
1350,-0.7206690220265195,-1.9460166370153842,0.05433020587881248
1351,-0.7206690220266674,-1.9460166370153842,0.05433020587881248
1352,-0.7206690220265195,-1.9460166370153842,0.05433020587881248
1353,-0.7206690220265195,-1.946016637015126,0.05433020587881248
1354,-0.7206690220266674,-1.9460166370156424,0.05433020587881248
1355,-0.7206690220265195,-1.9460166370153842,0.05433020587881248
1356,-0.7206690220266674,-1.9460166365665739,0.05433020587881248
1357,-0.7206690220732707,-1.9460166370156424,0.05433020587881248
1358,-0.7206690220263715,-1.946016637015126,0.05433020587881248
1359,-0.7206690220265195,-1.9460166370153842,0.05433020587881248
1360,-0.7206690220268154,-1.9460166370156424,0.05433020587881248
1361,-0.7206690220266674,-1.946016637015126,0.05433020587881248
1362,-0.7206690220265195,-1.9460166370153842,0.05433020587881248
1363,-0.7206690220266674,-1.9460166370156424,0.05433020587881248
1364,-0.4598609350491254,-2.0753102603908906,0.2373974550945607
1365,-0.45986093504927333,-2.075310260391407,0.23739745509465782
1366,-0.4598609350497172,-2.075310260391149,0.2373974550945607
1367,-0.4598609350491254,-2.075310260391149,0.23739745509465782
1368,-0.4598609350494213,-2.075310260391407,0.2373974550945607
1369,-0.4598609350963204,-2.075310260391407,0.2373974550945607
1370,-0.4598609350494213,-2.0753102599425968,0.23739745509465782
1371,-0.45986093504927333,-2.075310260391149,0.2373974550945607
1372,-0.4598609350494213,-2.075310260391149,0.23739745509465782
1373,-0.4598609350494213,-2.075310260391149,0.2373974550945607
1374,-0.45986093504927333,-2.075310260391407,0.23739745509465782
1375,-0.4598609350494213,-2.0753102603908906,0.2373974550945607
1376,-0.24583240511065083,-1.9231184817232438,-0.09775643193124901
1377,-0.2458324051105029,-1.923118482171796,-0.09775643193124901
1378,-0.2458324050636038,-1.9231184817227274,-0.09775643193124901
1379,-0.24583240511035495,-1.9231184817232438,-0.09775643193115188
1380,-0.24583240511065083,-1.923118482171796,-0.09775643193124901
1381,-0.24583240511035495,-1.9231184817227274,-0.09775643193124901
1382,-0.2458324050636038,-1.9231184817229856,-0.09775643193124901
1383,-0.2458324051105029,-1.9231184817229856,-0.09775643193124901
1384,-0.24583240511065083,-1.9231184821720542,-0.09775643193124901
1385,-0.24583240511035495,-1.9231184817227274,-0.09775643193115188
1386,-0.2458324050636038,-1.9231184817229856,-0.09775643193124901
1387,-0.2458324051105029,-1.9231184821720542,-0.09775643193124901
1388,-0.24583240511035495,-1.9231184817227274,-0.09775643193124901
1389,-0.12193891852452489,-1.4649240849401322,0.2658745827504215
1390,-0.12193891852452489,-1.4649240853886845,0.26587458275032433
1391,-0.121938918524229,-1.464924084939874,0.2658745827504215
1392,-0.12193891852437694,-1.4649240853886845,0.2658745827504215
1393,-0.12193891852452489,-1.464924084939874,0.26587458275032433
1394,-0.12193891852437694,-1.4649240853886845,0.2658745827504215
1395,-0.12193891847777373,-1.4649240849401322,0.2658745827504215
1396,-0.12193891852452489,-1.4649240849403904,0.26587458275032433
1397,-0.12193891852437694,-1.4649240853886845,0.2658745827504215
1398,-0.12193891852452489,-1.4649240849393574,0.2658745827504215
1399,-0.12193891852437694,-1.4649240853889427,0.26587458275032433
1400,-0.12193891852437694,-1.464924084939874,0.2658745827504215
1401,-0.18776788275896933,-1.5982268131183144,0.24688983097988
1402,-0.1877678828057205,-1.5982268131185726,0.24688983097988
1403,-0.18776788275867345,-1.5982268131183144,0.24688983097988
1404,-0.1877678828057205,-1.5982268131188309,0.24688983097988
1405,-0.1877678827588214,-1.598226812669504,0.24688983097978287
1406,-0.18776788280557255,-1.5982268131183144,0.24688983097988
1407,-0.18776788275896933,-1.5982268131183144,0.24688983097988
1408,-0.18776788280557255,-1.5982268131185726,0.24688983097988
1409,-0.1877678827588214,-1.5982268131183144,0.24688983097988
1410,-0.4402810380114237,-1.6414017856025058,0.05996304431623655
1411,-0.4402810379649685,-1.6414017856025058,0.05996304431623655
1412,-0.4402810380115717,-1.641401785602764,0.05996304431613943
1413,-0.4402810379649685,-1.6414017856019893,0.05996304431623655
1414,-0.4402810380114237,-1.641401785602764,0.05996304431623655
1415,-0.4402810379649685,-1.6414017856025058,0.05996304431623655
1416,-0.4402810380115717,-1.6414017860513164,0.05996304431613943
1417,-0.44028103796482054,-1.6414017856022476,0.05996304431623655
1418,-0.44028103801171964,-1.6414017856025058,0.05996304431623655
1419,-0.44028103796467255,-1.641401785602764,0.05996304431623655
1420,-0.4402810380115717,-1.6414017856019893,0.05996304431613943
1421,-0.4402810379649685,-1.6414017856030223,0.05996304431623655
1422,-0.4402810380114237,-1.6414017856022476,0.05996304431623655
1423,-0.7894047197936358,-1.8303904157634245,0.13643309340584706
1424,-0.7894047197465888,-1.8303904157636828,0.13643309340594417
1425,-0.7894047197928962,-1.8303904157636828,0.13643309340584706
1426,-0.7894047197934879,-1.8303904157634245,0.13643309340594417
1427,-0.7894047197465888,-1.8303904157636828,0.13643309340584706
1428,-0.7894047197933399,-1.8303904153151307,0.13643309340594417
1429,-0.7894047197467368,-1.8303904157634245,0.13643309340584706
1430,-0.789404719793044,-1.8303904157636828,0.13643309340594417
1431,-0.7894047197934879,-1.8303904157636828,0.13643309340584706
1432,-0.7894047197464409,-1.8303904157634245,0.13643309340594417
1433,-0.789404719793192,-1.8303904157636828,0.13643309340584706
1434,-0.7463166704534249,-1.8361307245660843,0.1674990508485954
1435,-0.7463166704065258,-1.8361307245660843,0.16749905084849828
1436,-0.746316670453129,-1.8361307245655678,0.1674990508485954
1437,-0.746316670453277,-1.8361307245660843,0.1674990508485954
1438,-0.7463166704534249,-1.8361307245660843,0.1674990508485954
1439,-0.7463166704065258,-1.8361307250143781,0.16749905084849828
1440,-0.7463166704534249,-1.8361307245660843,0.1674990508485954
1441,-0.7463166704529811,-1.8361307245655678,0.1674990508485954
1442,-0.7463166704534249,-1.8361307245660843,0.1674990508485954
1443,-0.7463166704065258,-1.8361307245660843,0.16749905084849828
1444,-0.7463166704534249,-1.836130724565826,0.1674990508485954
1445,-0.5404515458284165,-1.5089331196898592,0.07430117852054459
1446,-0.5404515458756114,-1.5089331196901175,0.07430117852054459
1447,-0.5404515458285644,-1.508933119689601,0.07430117852054459
1448,-0.5404515458288602,-1.508933119689601,0.07430117852054459
1449,-0.5404515458754635,-1.5089331196898592,0.07430117852054459
1450,-0.5404515458284165,-1.5089331196901175,0.07430117852044747
1451,-0.5404515458756114,-1.508933119689601,0.07430117852054459
1452,-0.5404515458287124,-1.508933119689601,0.07430117852054459
1453,-0.5404515458284165,-1.5089331196901175,0.07430117852054459
1454,-0.5404515458757594,-1.508933119689601,0.07430117852054459
1455,-0.5404515458284165,-1.5089331196898592,0.07430117852054459
1456,-0.4973634965355484,-1.6926230031601361,0.3849607529473483
1457,-0.49736349648850137,-1.6926230031606526,0.3849607529473483
1458,-0.49736349653540046,-1.6926230031606526,0.3849607529472512
1459,-0.4973634964886493,-1.6926230031606526,0.3849607529473483
1460,-0.4973634965352525,-1.6926230031606526,0.3849607529473483
1461,-0.49736349648894523,-1.692623002711842,0.3849607529473483
1462,-0.49736349653540046,-1.6926230031606526,0.3849607529473483
1463,-0.49736349648835343,-1.6926230031606526,0.3849607529473483
1464,-0.4973634965355484,-1.6926230031601361,0.3849607529472512
1465,-0.4973634964886493,-1.6926230031606526,0.3849607529473483
1466,-0.4973634965351046,-1.6926230031603944,0.3849607529473483
1467,-0.6601405717734469,-1.9738981371688564,0.012169263635145
1468,-0.660140571773151,-1.973898137169373,0.012169263635242124
1469,-0.6601405717732989,-1.9738981371688564,0.012169263635145
1470,-0.660140571773151,-1.9738981371691147,0.012169263635145
1471,-0.660140571773151,-1.9738981371685982,0.012169263635145
1472,-0.6601405717734469,-1.9738981371691147,0.012169263635242124
1473,-0.660140571773003,-1.973898137169373,0.012169263635145
1474,-0.660140571773151,-1.9738981371691147,0.012169263635145
1475,-0.6601405717732989,-1.9738981371685982,0.012169263635145
1476,-0.6601405717734469,-1.9738981371691147,0.012169263635242124
1477,-0.660140571773151,-1.973898137169373,0.012169263635145
1478,-0.8656374224214746,-1.8114032404593399,0.1388227824399793
1479,-0.8656374224680777,-1.8114032400113043,0.1388227824398822
1480,-0.8656374224214746,-1.8114032404593399,0.1388227824399793
1481,-0.8656374224683736,-1.8114032400113043,0.1388227824398822
1482,-0.8656374224213266,-1.811403240459598,0.1388227824399793
1483,-0.8656374224683736,-1.8114032404598563,0.1388227824399793
1484,-0.8656374224214746,-1.8114032400107878,0.1388227824398822
1485,-0.8656374224682257,-1.8114032404598563,0.1388227824399793
1486,-0.8656374224213266,-1.8114032404593399,0.1388227824399793
1487,-0.8656374224682257,-1.8114032400113043,0.1388227824398822
1488,-0.8656374224216224,-1.8114032404593399,0.1388227824399793
1489,-0.8656374224683736,-1.8114032400113043,0.1388227824398822
1490,-0.8656374224214746,-1.8114032404593399,0.1388227824399793
1491,-0.8846771844311594,-1.883775288029609,0.1177935189402563
1492,-0.8846771843844082,-1.8837752880293508,0.11779351894035343
1493,-0.8846771844308635,-1.8837752884784194,0.1177935189402563
1494,-0.8846771844313073,-1.883775288029609,0.1177935189402563
1495,-0.8846771843844082,-1.8837752880293508,0.1177935189402563
1496,-0.8846771844310114,-1.8837752880293508,0.11779351894035343
1497,-0.8846771844313073,-1.8837752880293508,0.1177935189402563
1498,-0.8846771844311594,-1.8837752884786776,0.1177935189402563
1499,-0.8846771843842602,-1.8837752880293508,0.11779351894035343
1500,-0.8846771844311594,-1.8837752880293508,0.1177935189402563
1501,-0.7846171587553908,-2.0736911987154234,0.1125362030653984
1502,-0.7846171587089356,-2.073691199164492,0.11253620306530127
1503,-0.7846171587555387,-2.0736911987154234,0.1125362030653984
1504,-0.7846171587087876,-2.07369119871594,0.1125362030653984
1505,-0.7846171587556867,-2.0736911991642337,0.11253620306530127
1506,-0.7846171587552428,-2.0736911987151654,0.1125362030653984
1507,-0.7846171587089356,-2.07369119871594,0.1125362030653984
1508,-0.7846171587553908,-2.0736911987154234,0.1125362030653984
1509,-0.7846171587556867,-2.0736911991642337,0.11253620306530127
1510,-0.7846171587087876,-2.0736911987154234,0.1125362030653984
1511,-0.7846171587555387,-2.0736911987156814,0.1125362030653984
1512,-0.7846171587086397,-2.0736911991642337,0.11253620306530127
1513,-0.7846171587556867,-2.0736911987154234,0.1125362030653984
1514,-0.7363425849462316,-1.975333214257706,0.12348894447140903
1515,-0.7363425849460836,-1.9753332142574478,0.12348894447150616
1516,-0.7363425849462316,-1.9753332147059999,0.12348894447140903
1517,-0.7363425849462316,-1.9753332142574478,0.12348894447140903
1518,-0.7363425849462316,-1.975333214257706,0.12348894447150616
1519,-0.7363425849462316,-1.9753332147057416,0.12348894447140903
1520,-0.7363425849462316,-1.975333214257706,0.12348894447140903
1521,-0.7363425849459357,-1.9753332142574478,0.12348894447150616
1522,-0.7363425849465275,-1.9753332142571896,0.12348894447140903
1523,-0.7363425849462316,-1.975333214257706,0.12348894447140903
1524,-0.7363425849459357,-1.9753332147062581,0.12348894447150616
1525,-0.7363425849465275,-1.9753332142571896,0.12348894447140903
1526,-0.6873928422814068,-2.102834305288258,0.24396909993820592
1527,-0.6873928422815547,-2.102834305288,0.24396909993830304
1528,-0.6873928423284539,-2.102834305288258,0.24396909993820592
1529,-0.6873928422815547,-2.10283430573681,0.24396909993830304
1530,-0.6873928422814068,-2.102834305288258,0.24396909993820592
1531,-0.6873928422817027,-2.102834305288,0.24396909993820592
1532,-0.6873928423284539,-2.102834305288258,0.24396909993830304
1533,-0.6873928422814068,-2.1028343052877414,0.24396909993820592
1534,-0.6873928422815547,-2.1028343052885163,0.24396909993820592
1535,-0.6873928422817027,-2.102834305736552,0.24396909993830304
1536,-0.6873928423283059,-2.102834305288258,0.24396909993820592
1537,-0.6873928422814068,-2.102834305288258,0.24396909993830304
1538,-0.6873928422818507,-2.1028343052885163,0.24396909993820592
1539,-0.7530192559153713,-1.7132881152076742,0.18613862531418615
1540,-0.7530192558687682,-1.7132881147591221,0.18613862531418615
1541,-0.7530192559156672,-1.713288115208449,0.18613862531418615
1542,-0.7530192558686202,-1.7132881147591221,0.18613862531418615
1543,-0.7530192559156672,-1.7132881152081907,0.186138625314089
1544,-0.7530192559153713,-1.7132881152079324,0.18613862531418615
1545,-0.753019255868916,-1.7132881147593804,0.18613862531418615
1546,-0.7530192559155193,-1.7132881152079324,0.18613862531418615
1547,-0.7530192558686202,-1.7132881147593804,0.18613862531418615
1548,-0.7530192559156672,-1.7132881152081907,0.18613862531418615
1549,-0.6888659379999582,-1.9738981371691147,-0.04996265125015746
1550,-0.6888659379996623,-1.9738981371685982,-0.049962651250254585
1551,-0.6888659379999582,-1.9738981371691147,-0.04996265125015746
1552,-0.6888659379998103,-1.9738981371691147,-0.04996265125015746
1553,-0.6888659380001062,-1.973898137169373,-0.04996265125015746
1554,-0.6888659379530592,-1.9738981371685982,-0.049962651250254585
1555,-0.6888659380001062,-1.9738981371691147,-0.04996265125015746
1556,-0.6888659379998103,-1.9738981371688564,-0.04996265125015746
1557,-0.6888659379998103,-1.9738981371691147,-0.04996265125015746
1558,-0.6888659379998103,-1.9738981371691147,-0.049962651250254585
1559,-0.6888659379999582,-1.9738981371688564,-0.04996265125015746
1560,-0.6792908159246517,-1.8533516509732881,0.07430117852054459
1561,-0.6792908159242078,-1.8533516514215822,0.07430117852054459
1562,-0.6792908159242078,-1.8533516509732881,0.07430117852044747
1563,-0.6792908159245038,-1.8533516514218404,0.07430117852054459
1564,-0.6792908159242078,-1.8533516509727717,0.07430117852054459
1565,-0.6792908158776046,-1.8533516514220987,0.07430117852054459
1566,-0.6792908159245038,-1.8533516509727717,0.07430117852054459
1567,-0.6792908159242078,-1.8533516514218404,0.07430117852054459
1568,-0.6792908159243558,-1.8533516509732881,0.07430117852044747
1569,-0.6792908159242078,-1.8533516514215822,0.07430117852054459
1570,-0.6792908159243558,-1.8533516509732881,0.07430117852054459
1571,-0.6397934373743684,-1.2544460935748516,0.15196607212726979
1572,-0.6397934373743684,-1.2544460935756263,0.15196607212717267
1573,-0.6397934373743684,-1.2544460940236621,0.15196607212726979
1574,-0.6397934373276173,-1.254446093575368,0.15196607212726979
1575,-0.6397934373742206,-1.254446093575368,0.15196607212717267
1576,-0.6397934373742206,-1.2544460935751098,0.15196607212726979
1577,-0.6397934373743684,-1.254446093575368,0.15196607212726979
1578,-0.6397934373742206,-1.2544460935756263,0.15196607212717267
1579,-0.6397934373277653,-1.2544460935748516,0.15196607212726979
1580,-0.6397934373742206,-1.2544460940241786,0.15196607212726979
1581,-0.6397934373745164,-1.2544460935751098,0.15196607212717267
1582,-0.6397934373742206,-1.254446093575368,0.15196607212726979
1583,-0.5438712323042152,-1.4318489723381564,0.22519297181358852
1584,-0.5438712323042152,-1.431848971889346,0.2251929718134914
1585,-0.5438712323043631,-1.4318489723381564,0.22519297181358852
1586,-0.5438712323045111,-1.4318489723381564,0.2251929718134914
1587,-0.5438712323040672,-1.4318489718896041,0.22519297181358852
1588,-0.5438712323042152,-1.4318489723384147,0.2251929718134914
1589,-0.543871232257464,-1.4318489723378982,0.22519297181358852
1590,-0.5438712323043631,-1.431848971889346,0.22519297181358852
1591,-0.5438712323042152,-1.4318489723384147,0.2251929718134914
1592,-0.5438712323045111,-1.4318489718896041,0.22519297181358852
1593,-0.5438712323039192,-1.4318489723381564,0.2251929718134914
1594,-0.543871232304659,-1.4318489723381564,0.22519297181358852
1595,-0.5438712323042152,-1.431848971889346,0.2251929718134914
1596,-0.5438712323040672,-1.4318489723381564,0.22519297181358852
1597,-0.2316538589620661,-1.47544798493434,-0.01889669380750623
1598,-0.23165385896177024,-1.475447984485788,-0.01889669380750623
1599,-0.23165385891531495,-1.475447984485788,-0.01889669380750623
1600,-0.23165385896177024,-1.4754479849345983,-0.01889669380750623
1601,-0.23165385896191817,-1.47544798493434,-0.01889669380750623
1602,-0.2316538589620661,-1.4754479844860462,-0.01889669380750623
1603,-0.23165385896177024,-1.475447984485788,-0.01889669380750623
1604,-0.23165385896191817,-1.4754479849345983,-0.01889669380750623
1605,-0.23165385896177024,-1.4754479849340818,-0.01889669380750623
1606,-0.23165385891501905,-1.475447984485788,-0.01889669380750623
1607,-0.2316538589620661,-1.4754479844860462,-0.01889669380750623
1608,-0.23165385896177024,-1.4754479849345983,-0.01889669380750623
1609,-0.14388190660247577,-1.6227825785755852,0.20892032743879704
1610,-0.1438819066029196,-1.6227825790241373,0.20892032743879704
1611,-0.14388190660232783,-1.6227825785758434,0.20892032743879704
1612,-0.14388190660247577,-1.6227825785758434,0.20892032743879704
1613,-0.1438819066029196,-1.6227825790241373,0.20892032743879704
1614,-0.14388190660247577,-1.6227825785761016,0.20892032743879704
1615,-0.1438819066493749,-1.6227825785755852,0.20892032743889416
1616,-0.14388190660277167,-1.6227825790243955,0.20892032743879704
1617,-0.14388190660232783,-1.6227825785758434,0.20892032743879704
1618,-0.14388190660262373,-1.622782578575327,0.20892032743879704
1619,-0.14388190660262373,-1.6227825790246537,0.20892032743879704
1620,-0.14388190660247577,-1.6227825785758434,0.20892032743879704
1621,-0.09520836940847689,-1.0956308818807683,-0.11209456613555706
1622,-0.09520836936172573,-1.0956308818802518,-0.11209456613555706
1623,-0.09520836940862484,-1.0956308818807683,-0.11209456613545994
1624,-0.09520836940847689,-1.0956308818802518,-0.11209456613555706
1625,-0.09520836936172573,-1.0956308818807683,-0.11209456613555706
1626,-0.09520836940862484,-1.0956308823295788,-0.11209456613555706
1627,-0.09520836936142983,-1.0956308818807683,-0.11209456613555706
1628,-0.09520836940862484,-1.0956308818802518,-0.11209456613555706
1629,-0.09520836940862484,-1.0956308818807683,-0.11209456613545994
1630,-0.09520836936157778,-1.0956308818802518,-0.11209456613555706
1631,-0.09520836940862484,-1.0956308818807683,-0.11209456613555706
1632,-0.04311970529707889,-0.13217744319351407,-0.0052276725327591155
1633,-0.04311970534353416,-0.1321774431929976,-0.005227672532661991
1634,-0.043119705296783,-0.13217744364206624,-0.0052276725327591155
1635,-0.043119705296930946,-0.1321774431929976,-0.0052276725327591155
1636,-0.043119705343682105,-0.13217744319351407,-0.005227672532661991
1637,-0.043119705296783,-0.1321774431929976,-0.0052276725327591155
1638,-0.043119705296783,-0.13217744319325583,-0.0052276725327591155
1639,-0.043119705343682105,-0.132177443641808,-0.005227672532661991
1640,-0.043119705296930946,-0.13217744319351407,-0.0052276725327591155
1641,-0.043119705296930946,-0.1321774431929976,-0.0052276725327591155
1642,-0.04311970534338621,-0.13217744319325583,-0.005227672532661991
1643,-0.04311970529722684,-0.13217744319351407,-0.0052276725327591155
1644,-0.04311970529663505,-0.13217744364154976,-0.0052276725327591155
1645,-0.043119705296783,-0.13217744319325583,-0.0052276725327591155
1646,-0.043119705343682105,-0.13217744319325583,-0.005227672532661991
1647,-0.043119705296783,-0.13217744319351407,-0.0052276725327591155
1648,-0.04311970529707889,-0.13217744319325583,-0.0052276725327591155
1649,-0.04311970534353416,-0.132177443641808,-0.005227672532661991
1650,-0.043119705296783,-0.13217744319325583,-0.0052276725327591155
1651,-0.04311970529707889,-0.1321774431929976,-0.0052276725327591155
1652,-0.043119705343238265,-0.13217744319351407,-0.005227672532661991
1653,-0.043119705297374786,-0.1321774431929976,-0.0052276725327591155
1654,-0.043119705296783,-0.13217744364206624,-0.0052276725327591155
1655,-0.04311970534353416,-0.1321774431929976,-0.005227672532661991
1656,-0.04311970529707889,-0.13217744319351407,-0.0052276725327591155
1657,-0.022882000851432743,0.020449169020726982,0.029921239316673866
1658,-0.02288200089862774,0.020449168571916573,0.02992123931677099
1659,-0.02288200085158069,0.020449169020985217,0.029921239316673866
1660,-0.022882000851876583,0.020449168571400105,0.029921239316673866
1661,-0.022882000898479797,0.02044916902124345,0.02992123931677099
1662,-0.02288200085172864,0.02044916857165834,0.029921239316673866
1663,-0.02288200085158069,0.020449169020726982,0.029921239316673866
1664,-0.02288200089862774,0.020449168571916573,0.02992123931677099
1665,-0.02288200085172864,0.020449169020726982,0.029921239316673866
1666,-0.022882000898479797,0.020449168571916573,0.029921239316673866
1667,-0.02288200085158069,0.020449169020985217,0.02992123931677099
1668,-0.022882000851876583,0.020449168571916573,0.029921239316673866
1669,-0.02288200089862774,0.020449169020210517,0.029921239316673866
1670,-0.02288200085172864,0.020449168572174808,0.02992123931677099
1671,-0.022882000851432743,0.020449169020726982,0.029921239316673866
1672,-0.02288200089862774,0.020449169020726982,0.029921239316673866
1673,-0.022882000851876583,0.020449168571916573,0.029921239316673866
1674,-0.02288200085172864,0.020449169020726982,0.02992123931677099
1675,-0.02288200089862774,0.02044916857165834,0.029921239316673866
1676,-0.02288200085172864,0.020449169020726982,0.029921239316673866
1677,-0.02288200089833185,0.02044916857243304,0.02992123931677099
1678,-0.02288200085172864,0.020449169020210517,0.029921239316673866
1679,-0.022882000851876583,0.020449168572174808,0.029921239316673866
1680,-0.022882000898479797,0.020449169020726982,0.02992123931677099
1681,-0.022882000851876583,0.020449168571916573,0.029921239316673866
1682,-0.022882000851432743,0.02044916902046875,0.029921239316673866
1683,-0.022882000898923636,0.020449168571916573,0.02992123931677099
1684,-0.022882000851432743,0.020449169020726982,0.029921239316673866
1685,-0.0108736403763922,-0.0652454422074062,-0.005753404120215769
1686,-0.010873640329493096,-0.06524544175911227,-0.005753404120215769
1687,-0.010873640376244255,-0.0652454422074062,-0.005753404120215769
1688,-0.01087364032978899,-0.06524544175885404,-0.005753404120215769
1689,-0.0108736403763922,-0.06524544220792268,-0.005753404120215769
1690,-0.010873640329345149,-0.0652454417585958,-0.005753404120215769
1691,-0.0108736403763922,-0.0652454422074062,-0.005753404120215769
1692,-0.010873640376540148,-0.06524544175911227,-0.005753404120215769
1693,-0.010873640329493096,-0.0652454422074062,-0.005753404120215769
1694,-0.0108736403763922,-0.06524544175885404,-0.005753404120215769
1695,-0.010873640329493096,-0.0652454422074062,-0.005753404120215769
1696,-0.010873640376244255,-0.06524544175911227,-0.005753404120215769
1697,-0.010873640376540148,-0.0652454422074062,-0.005753404120215769
1698,-0.010873640329641042,-0.0652454422074062,-0.0057534041203128935
1699,-0.010873640376244255,-0.0652454417593705,-0.005753404120215769
1700,-0.010873640329493096,-0.0652454422074062,-0.005753404120215769
1701,-0.010873640376540148,-0.06524544175885404,-0.005753404120215769
1702,-0.010873640329493096,-0.06524544220766444,-0.005753404120215769
1703,-0.0108736403763922,-0.0652454417585958,-0.005753404120215769
1704,-0.010873640376096307,-0.06524544220792268,-0.005753404120215769
1705,-0.010873640329641042,-0.0652454417585958,-0.005753404120215769
1706,-0.010873640376540148,-0.06524544220766444,-0.005753404120215769
1707,-0.010873640329493096,-0.06524544175885404,-0.005753404120215769
1708,-0.0108736403763922,-0.0652454422074062,-0.005753404120215769
1709,-0.010873640329345149,-0.06524544175885404,-0.005753404120215769
1710,-0.0108736403763922,-0.06524544220792268,-0.005753404120215769
1711,-0.02302667991256051,0.007612324224293077,0.08624962369081748
1712,-0.023026679911968724,0.007612324223776609,0.08624962369072035
1713,-0.02302667991211667,0.007612324224034843,0.08624962369081748
1714,-0.023026679912412563,0.007612324223776609,0.08624962369081748
1715,-0.02302667991211667,0.00761232467258702,0.08624962369081748
1716,-0.023026679911968724,0.007612324223776609,0.08624962369072035
1717,-0.023026679912264616,0.007612324223776609,0.08624962369081748
1718,-0.023026679912264616,0.007612324224034843,0.08624962369081748
1719,-0.02302667991211667,0.007612324224034843,0.08624962369081748
1720,-0.023026679912412563,0.007612324223518375,0.08624962369072035
1721,-0.02302667991211667,0.007612324224293077,0.08624962369081748
1722,-0.023026679912264616,0.007612324223776609,0.08624962369081748
1723,-0.023026679912264616,0.007612324224034843,0.08624962369081748
1724,-0.023026679911968724,0.007612324672328787,0.08624962369072035
1725,-0.02302667991256051,0.007612324224034843,0.08624962369081748
1726,-0.023026679911968724,0.007612324223776609,0.08624962369081748
1727,-0.02302667991211667,0.007612324224293077,0.08624962369072035
1728,-0.023026679912412563,0.007612324223518375,0.08624962369081748
1729,-0.02302667991211667,0.007612324224034843,0.08624962369081748
1730,-0.023026679912412563,0.007612324223518375,0.08624962369081748
1731,-0.023026679911820776,0.007612324224293077,0.08624962369072035
1732,-0.023026679912264616,0.00761232467258702,0.08624962369081748
1733,-0.023026679912264616,0.007612324223776609,0.08624962369081748
1734,-0.023026679912264616,0.007612324223776609,0.08624962369081748
1735,-0.02302667991211667,0.007612324224034843,0.08624962369072035
1736,-0.023026679912264616,0.007612324223776609,0.08624962369081748
1737,0.02473263343744578,-0.11343382431470757,0.1609588492816959
1738,0.02473263343803757,-0.11343382431470757,0.1609588492816959
1739,0.02473263343759373,-0.11343382431470757,0.1609588492816959
1740,0.024732633390990515,-0.11343382431444933,0.1609588492816959
1741,0.02473263343744578,-0.11343382386641362,0.1609588492816959
1742,0.024732633437741677,-0.11343382431470757,0.1609588492816959
1743,0.02473263343788962,-0.11343382431419109,0.1609588492816959
1744,0.02473263343744578,-0.11343382431522403,0.1609588492816959
1745,0.024732633437741677,-0.11343382431470757,0.1609588492816959
1746,0.024732633390990515,-0.11343382431444933,0.1609588492815988
1747,0.02473263343759373,-0.11343382431522403,0.1609588492816959
1748,0.024732633437741677,-0.11343382431419109,0.1609588492816959
1749,0.024732633437741677,-0.11343382431470757,0.1609588492816959
1750,0.02473263343759373,-0.11343382431496579,0.1609588492816959
1751,0.02473263343759373,-0.11343382386615539,0.1609588492816959
1752,0.02473263339084257,-0.11343382431444933,0.1609588492816959
1753,0.02473263343788962,-0.11343382431470757,0.1609588492816959
1754,0.024732633437741677,-0.11343382431470757,0.1609588492816959
1755,0.02473263343744578,-0.11343382431522403,0.1609588492816959
1756,-0.5871302659584071,-1.238660244256239,-0.047373821463269856
1757,-0.587130265958999,-1.2386602442564973,-0.047373821463269856
1758,-0.5871302659585551,-1.2386602442564973,-0.04737382146336698
1759,-0.5871302659587031,-1.2386602442567556,-0.047373821463269856
1760,-0.587130265958851,-1.2386602442564973,-0.047373821463269856
1761,-0.5871302659587031,-1.2386602447050494,-0.04737382146336698
1762,-0.5871302659587031,-1.2386602442570138,-0.047373821463269856
1763,-0.587130265958851,-1.238660244256239,-0.047373821463269856
1764,-0.5871302659587031,-1.2386602442564973,-0.047373821463269856
1765,-0.587130265958999,-1.2386602442567556,-0.047373821463269856
1766,-0.5871302659585551,-1.2386602442564973,-0.04737382146336698
1767,-0.5871302659587031,-1.2386602442567556,-0.047373821463269856
1768,-1.3112488728179512,-1.2965416922073176,-0.10432807677489424
1769,-1.3112488728179512,-1.2965416917585073,-0.10432807677479712
1770,-1.3112488728179512,-1.2965416917585073,-0.10432807677489424
1771,-1.3112488728178033,-1.2965416922073176,-0.10432807677489424
1772,-1.311248872818247,-1.2965416922068012,-0.10432807677489424
1773,-1.311248872818099,-1.2965416917585073,-0.10432807677489424
1774,-1.3112488728178033,-1.2965416917585073,-0.10432807677479712
1775,-1.311248872818099,-1.2965416922070594,-0.10432807677489424
1776,-1.3112488728178033,-1.2965416922073176,-0.10432807677489424
1777,-1.311248872818099,-1.2965416917585073,-0.10432807677479712
1778,-1.3112488728178033,-1.2965416917585073,-0.10432807677489424
1779,-1.311248872818247,-1.2965416922070594,-0.10432807677489424
1780,-1.4429068013334434,-2.1384536576658575,0.15196607212726979
1781,-1.442906801333887,-2.138453657666374,0.15196607212717267
1782,-1.4429068013801944,-2.138453657666116,0.15196607212726979
1783,-1.4429068013334434,-2.138453658114668,0.15196607212717267
1784,-1.4429068013337392,-2.1384536576658575,0.15196607212726979
1785,-1.4429068013337392,-2.138453657666116,0.15196607212726979
1786,-1.4429068013334434,-2.1384536576658575,0.15196607212717267
1787,-1.4429068013335913,-2.138453657666116,0.15196607212726979
1788,-1.4429068013335913,-2.1384536581151843,0.15196607212717267
1789,-1.4429068013803423,-2.1384536576655995,0.15196607212726979
1790,-1.4429068013337392,-2.138453657666374,0.15196607212717267
1791,-1.4429068013334434,-2.1384536576658575,0.15196607212726979
1792,-1.497595479361969,-1.9959762481546848,0.217682520563625
1793,-1.4975954793150699,-1.99597624815391,0.21768252056372212
1794,-1.497595479361969,-1.995976248154943,0.217682520563625
1795,-1.497595479314922,-1.9959762481544265,0.21768252056372212
1796,-1.497595479362117,-1.9959762481544265,0.217682520563625
1797,-1.497595479361673,-1.9959762481546848,0.21768252056372212
1798,-1.4975954793152177,-1.99597624815391,0.217682520563625
1799,-1.497595479361969,-1.995976248154943,0.21768252056372212
1800,-1.4975954793618211,-1.9959762481544265,0.217682520563625
1801,-1.4975954793152177,-1.9959762481544265,0.21768252056372212
1802,-1.4975954793618211,-1.9959762481541683,0.217682520563625
1803,-1.4975954793152177,-1.995976248154943,0.21768252056372212
1804,-1.4975954793618211,-1.9959762481544265,0.217682520563625
1805,-1.4527811459942788,-2.105566471585135,-0.1470437682585397
1806,-1.4527811459479714,-2.105566471585393,-0.1470437682585397
1807,-1.4527811459945745,-2.1055664715856515,-0.14704376825863683
1808,-1.4527811459942788,-2.105566471585135,-0.1470437682585397
1809,-1.4527811459479714,-2.1055664715856515,-0.1470437682585397
1810,-1.4527811459941309,-2.105566471585135,-0.14704376825863683
1811,-1.4527811459948705,-2.1055664715856515,-0.1470437682585397
1812,-1.4527811459942788,-2.105566471585135,-0.1470437682585397
1813,-1.4527811459476756,-2.105566472034462,-0.1470437682585397
1814,-1.4527811459944266,-2.105566471585135,-0.1470437682585397
1815,-1.4527811459947226,-2.1055664715856515,-0.14704376825863683
1816,-1.4527811459476756,-2.1055664715856515,-0.1470437682585397
1817,-1.4527811459944266,-2.105566471585135,-0.1470437682585397
1818,-1.4527811459942788,-2.1055664715856515,-0.14704376825863683
1819,-1.4527811459476756,-2.105566471585135,-0.1470437682585397
1820,-1.4527811459948705,-2.105566471585135,-0.1470437682585397
1821,-1.1927567371676933,-2.2081744926060893,0.04517684341805906
1822,-1.192756737121238,-2.208174492157279,0.04517684341796194
1823,-1.192756737167989,-2.2081744926050564,0.04517684341805906
1824,-1.192756737167989,-2.208174492157279,0.04517684341796194
1825,-1.192756737121238,-2.2081744926060893,0.04517684341805906
1826,-1.1927567371678411,-2.2081744921567625,0.04517684341805906
1827,-1.1927567371678411,-2.208174492605573,0.04517684341796194
1828,-1.1927567371213859,-2.208174492605573,0.04517684341805906
1829,-1.192756737167989,-2.208174492157279,0.04517684341805906
1830,-1.192756737167989,-2.208174492605573,0.04517684341796194
1831,-1.192756737167989,-2.2081744921567625,0.04517684341805906
1832,-1.192756737121238,-2.208174492605573,0.04517684341805906
1833,-1.1927567371678411,-2.208174492157279,0.04517684341796194
1834,-1.192756737167989,-2.208174492605573,0.04517684341805906
1835,-1.19275673712109,-2.2081744921567625,0.04517684341796194
1836,-1.192756737167989,-2.2081744926060893,0.04517684341805906
1837,-1.1377701905300726,-2.1916922086262747,-0.01889669380750623
1838,-1.1377701905296287,-2.1916922086262747,-0.01889669380750623
1839,-1.1377701905296287,-2.1916922081774644,-0.01889669380750623
1840,-1.1377701905297766,-2.1916922086262747,-0.01889669380750623
1841,-1.1377701905766757,-2.1916922086262747,-0.01889669380750623
1842,-1.1377701905296287,-2.191692208625758,-0.01889669380750623
1843,-1.1377701905299247,-2.1916922086262747,-0.01889669380750623
1844,-1.1377701905297766,-2.191692208626791,-0.01889669380750623
1845,-1.1377701905296287,-2.1916922081774644,-0.01889669380750623
1846,-1.1377701905299247,-2.1916922086262747,-0.01889669380750623
1847,-1.1377701905299247,-2.1916922086262747,-0.01889669380750623
1848,-1.1377701905296287,-2.1916922086262747,-0.01889669380750623
1849,-1.1377701905765278,-2.191692208625758,-0.01889669380750623
1850,-1.1377701905300726,-2.1916922086262747,-0.01889669380750623
1851,-1.1377701905294808,-2.1916922081774644,-0.01889669380750623
1852,-1.1377701905300726,-2.1916922086262747,-0.01889669380750623
1853,-1.1377701905296287,-2.191692208626791,-0.01889669380750623
1854,-1.8510463797460417,-1.4912338342529528,-0.10432807677489424
1855,-1.8510463797458936,-1.4912338338041422,-0.10432807677489424
1856,-1.8510463797929406,-1.4912338338051752,-0.10432807677479712
1857,-1.8510463797458936,-1.4912338342529528,-0.10432807677489424
1858,-1.8510463797460417,-1.4912338342529528,-0.10432807677489424
1859,-1.8510463797460417,-1.4912338338046587,-0.10432807677489424
1860,-1.8510463797460417,-1.4912338338046587,-0.10432807677489424
1861,-1.8510463797463375,-1.4912338342529528,-0.10432807677489424
1862,-1.8510463797457457,-1.4912338342529528,-0.10432807677489424
1863,-1.8510463797927927,-1.4912338338046587,-0.10432807677479712
1864,-1.8510463797460417,-1.4912338338046587,-0.10432807677489424
1865,-1.8510463797460417,-1.4912338342529528,-0.10432807677489424
1866,-1.8454038970892168,-1.0755398008480876,-0.04330566036964484
1867,-1.8454038971362638,-1.0755398008480876,-0.043305660369547715
1868,-1.8454038970892168,-1.075539801296898,-0.04330566036964484
1869,-1.8454038970895126,-1.0755398008475712,-0.04330566036964484
1870,-1.8454038971362638,-1.0755398008480876,-0.043305660369547715
1871,-1.8454038970892168,-1.0755398008480876,-0.04330566036964484
1872,-1.8454038970892168,-1.0755398008480876,-0.04330566036964484
1873,-1.8454038971362638,-1.0755398012963815,-0.043305660369547715
1874,-1.8454038970892168,-1.0755398008475712,-0.04330566036964484
1875,-1.8454038971359679,-1.0755398008486041,-0.043305660369547715
1876,-1.8454038970895126,-1.0755398008475712,-0.04330566036964484
1877,-1.8454038970892168,-1.0755398012963815,-0.04330566036964484
1878,-1.8454038971362638,-1.0755398008480876,-0.043305660369547715
1879,-1.8454038970892168,-1.0755398008486041,-0.04330566036964484
1880,-2.1187508344304313,-1.1071114994853128,-0.01889669380750623
1881,-2.118750834383384,-1.1071114999341232,-0.01889669380750623
1882,-2.1187508344304313,-1.1071114994847964,-0.01889669380750623
1883,-2.1187508344304313,-1.1071114999341232,-0.01889669380750623
1884,-2.118750834383384,-1.1071114994853128,-0.01889669380750623
1885,-2.118750834430135,-1.1071114999341232,-0.01889669380750623
1886,-2.118750834430135,-1.1071114994853128,-0.01889669380750623
1887,-2.118750834383976,-1.1071114999341232,-0.01889669380750623
1888,-2.118750834430135,-1.1071114994853128,-0.01889669380750623
1889,-2.430341265270427,-1.5175435831177373,0.40826022102933673
1890,-2.430341265224563,-1.5175435831177373,0.40826022102933673
1891,-2.4303412652239715,-1.5175435826694434,0.40826022102933673
1892,-2.4303412652707226,-1.517543583117221,0.40826022102933673
1893,-2.3309993737253625,-1.9222353574992086,0.10536713596319583
1894,-2.3309993737253625,-1.9222353574986921,0.10536713596319583
1895,-2.3309993737247705,-1.9222353574986921,0.10536713596329295
1896,-2.3309993737256582,-1.922235357499725,0.10536713596319583
1897,-2.3309993737250663,-1.9222353574986921,0.10536713596319583
1898,-2.3309993737250663,-1.9222353570498818,0.10536713596319583
1899,-2.3309993737250663,-1.9222353574992086,0.10536713596319583
1900,-2.3309993737253625,-1.9222353574992086,0.10536713596319583
1901,-2.3309993737247705,-1.9222353574986921,0.10536713596329295
1902,-2.3309993737253625,-1.9222353574986921,0.10536713596319583
1903,-2.3309993737250663,-1.9222353574992086,0.10536713596319583
1904,-1.9991615493320545,-1.9595473649390933,-0.08297023103307152
1905,-1.9991615493317587,-1.9595473649385768,-0.08297023103297439
1906,-1.9991615493788057,-1.959547365386871,-0.08297023103307152
1907,-1.9991615493320545,-1.9595473649390933,-0.08297023103297439
1908,-1.9991615493320545,-1.9595473649385768,-0.08297023103307152
1909,-1.9991615493317587,-1.9595473649390933,-0.08297023103307152
1910,-1.9991615493320545,-1.9595473649385768,-0.08297023103297439
1911,-1.9991615493320545,-1.9595473653873874,-0.08297023103307152
1912,-1.9991615493785098,-1.9595473649390933,-0.08297023103307152
1913,-1.9991615493320545,-1.9595473649385768,-0.08297023103297439
1914,-1.9991615493320545,-1.9595473649385768,-0.08297023103307152
1915,-1.9991615493317587,-1.9595473649385768,-0.08297023103307152
1916,-1.9991615493320545,-1.9595473649385768,-0.08297023103297439
1917,-1.9991615493785098,-1.9595473653879039,-0.08297023103307152
1918,-1.9991615493323505,-1.9595473649385768,-0.08297023103297439
1919,-1.9991615493317587,-1.9595473649385768,-0.08297023103307152
1920,-1.8564675885673854,-1.8611179514349918,-0.07920119943157339
1921,-1.8564675885673854,-1.8611179514339589,-0.07920119943147627
1922,-1.8564675886144324,-1.8611179514339589,-0.07920119943157339
1923,-1.8564675885673854,-1.8611179514339589,-0.07920119943147627
1924,-1.8564675885673854,-1.861117950985665,-0.07920119943157339
1925,-1.8564675885679771,-1.8611179514339589,-0.07920119943147627
1926,-1.8564675886141364,-1.8611179514344753,-0.07920119943157339
1927,-1.8564675885676811,-1.8611179514339589,-0.07920119943147627
1928,-1.8564675885673854,-1.8611179514339589,-0.07920119943157339
1929,-1.8564675885673854,-1.8611179514344753,-0.07920119943147627
1930,-1.8564675886144324,-1.8611179514344753,-0.07920119943157339
1931,-1.8564675885676811,-1.8611179514339589,-0.07920119943147627
1932,-1.8564675885673854,-1.861117950985665,-0.07920119943157339
1933,-1.8564675885676811,-1.8611179514339589,-0.07920119943147627
1934,-1.8564675886141364,-1.8611179514339589,-0.07920119943157339
1935,-1.8564675885676811,-1.8611179514349918,-0.07920119943147627
1936,-1.8564675885673854,-1.8611179514339589,-0.07920119943157339
1937,-1.1532593585712507,-2.496266243120419,-1.385798821285423
1938,-0.11619998316082397,-2.457408767840437,-0.01889669380750623
1939,-0.11619998316082397,-2.4574087678399206,-0.01889669380750623
1940,-0.11619998320757513,-2.457408767840437,-0.01889669380750623
1941,-0.11619998316052808,-2.4574087678399206,-0.01889669380750623
1942,-0.11619998316111987,-2.457408767840437,-0.01889669380750623
1943,-0.11619998316052808,-2.4574087678399206,-0.01889669380750623
1944,-0.11619998320757513,-2.457408768288731,-0.01889669380750623
1945,-0.11619998316052808,-2.4574087678399206,-0.01889669380750623
1946,-0.11619998316111987,-2.4574087678399206,-0.01889669380750623
1947,-0.1161999831602322,-2.457408767840437,-0.01889669380750623
1948,-0.11619998320787103,-2.457408767840437,-0.01889669380750623
1949,-0.11619998316082397,-2.4574087678399206,-0.01889669380750623
1950,-0.11619998316052808,-2.457408767840437,-0.01889669380750623
1951,-0.17021349233397998,-1.8385225197127897,0.2373974550945607
1952,-0.17021349228722882,-1.8385225201621165,0.23739745509465782
1953,-0.17021349228693292,-1.8385225201621165,0.2373974550945607
1954,-0.17021349233368407,-1.8385225197133062,0.23739745509465782
1955,-0.17021349233368407,-1.8385225197133062,0.2373974550945607
1956,-0.170213492286637,-1.8385225201621165,0.2373974550945607
1957,-0.17021349228722882,-1.8385225201616002,0.23739745509465782
1958,-0.17021349233397998,-1.8385225197138226,0.2373974550945607
1959,-0.17021349233338817,-1.8385225197133062,0.23739745509465782
1960,-0.17021349228722882,-1.8385225201621165,0.2373974550945607
1961,-0.17021349228693292,-1.8385225201621165,0.23739745509465782
1962,-0.17021349233368407,-1.8385225197127897,0.2373974550945607
1963,-1.244223018289326,-1.9911190635763185,0.07430117852054459
1964,-1.244223018335781,-1.9911190640246126,0.07430117852054459
1965,-1.24422301828903,-1.991119063575802,0.07430117852044747
1966,-1.24422301828903,-1.991119063576835,0.07430117852054459
1967,-1.24422301828903,-1.9911190640246126,0.07430117852054459
1968,-1.244223018335781,-1.991119063575802,0.07430117852054459
1969,-1.24422301828903,-1.991119064025129,0.07430117852054459
1970,-1.24422301828903,-1.9911190635763185,0.07430117852054459
1971,-1.244223018289326,-1.9911190635763185,0.07430117852044747
1972,-1.244223018335781,-1.9911190640246126,0.07430117852054459
1973,-1.244223018288734,-1.9911190635763185,0.07430117852054459
1974,-1.1532593586180018,-2.5804574399355076,-0.7023477575464161
1975,-1.1532593585709547,-2.5804574394872137,-0.7023477575465132
1976,-1.1532593586180018,-2.580457439936024,-0.7023477575464161
1977,-1.9206369991318857,-1.7520762019513498,0.005512272754632378
1978,-1.9206369990848386,-1.7520762019518663,0.005512272754535254
1979,-1.92063699913159,-1.7520762019518663,0.005512272754632378
1980,-1.9206369991318857,-1.7520762023996437,0.005512272754632378
1981,-1.9206369990851346,-1.7520762019513498,0.005512272754535254
1982,-1.920636999131294,-1.7520762019523828,0.005512272754632378
1983,-1.92063699913159,-1.7520762019513498,0.005512272754535254
1984,-1.9206369990848386,-1.7520762019513498,0.005512272754632378
1985,-1.9206369991318857,-1.7520762019518663,0.005512272754632378
1986,-1.9206369990851346,-1.7520762019513498,0.005512272754535254
1987,-1.920636999131294,-1.7520762024001602,0.005512272754632378
1988,-1.9206369991318857,-1.7520762019513498,0.005512272754632378
1989,-1.9206369990848386,-1.7520762019518663,0.005512272754535254
1990,-1.92063699913159,-1.7520762019513498,0.005512272754632378
1991,-2.2065227867428265,-0.9216277695420942,-0.01889669380750623
1992,-2.2065227867895776,-0.9216277699909046,-0.01889669380750623
1993,-2.2065227867425308,-0.9216277695415778,-0.01889669380750623
1994,-2.2065227867431223,-0.9216277695415778,-0.01889669380750623
1995,-2.2065227867895776,-0.9216277699909046,-0.01889669380750623
1996,-2.2065227867428265,-0.9216277695426107,-0.01889669380750623
1997,-2.206522786789874,-0.9216277699898717,-0.01889669380750623
1998,-2.2065227867428265,-0.9216277695420942,-0.01889669380750623
1999,-2.2065227867428265,-0.9216277695420942,-0.01889669380750623
2000,-2.206522786789874,-0.9216277699903881,-0.01889669380750623
2001,-2.2065227867428265,-0.9216277695415778,-0.01889669380750623
2002,-2.2065227867895776,-0.9216277699909046,-0.01889669380750623
2003,-2.2065227867425308,-0.9216277695420942,-0.01889669380750623
2004,-2.2065227867431223,-0.9216277695420942,-0.01889669380750623
2005,-2.2065227867895776,-0.9216277699903881,-0.01889669380750623
2006,-2.2065227867428265,-0.9216277695415778,-0.01889669380750623
2007,-2.41190915524963,-0.5451352624837627,-0.08724180018143607
2008,-2.41190915524963,-0.5451352624832462,-0.08724180018133894
2009,-2.411909155249926,-0.5451352624827297,-0.08724180018143607
2010,-2.41190915524963,-0.5451352624837627,-0.08724180018133894
2011,-2.411909155296381,-0.5451352624832462,-0.08724180018143607
2012,-2.41190915524963,-0.5451352624832462,-0.08724180018143607
2013,-2.41190915524963,-0.5451352624832462,-0.08724180018133894
2014,-2.411909155249926,-0.5451352624827297,-0.08724180018143607
2015,-2.41190915524963,-0.5451352624832462,-0.08724180018133894
2016,-2.4119091552493344,-0.5451352624832462,-0.08724180018143607
2017,-2.6926443689724926,-0.19881801340035493,-0.01889669380750623
2018,-2.692644369018948,-0.19881801340035493,-0.01889669380750623
2019,-2.6926443689727884,-0.19881801384916534,-0.01889669380750623
2020,-2.692644369018652,-0.19881801340035493,-0.01889669380750623
2021,-2.6926443689724926,-0.19881801340035493,-0.01889669380750623
2022,-2.6926443689719006,-0.19881801340035493,-0.01889669380750623
2023,-2.69264436901954,-0.1988180138486489,-0.01889669380750623
2024,-2.692644368972197,-0.1988180134008714,-0.01889669380750623
2025,-2.6926443689724926,-0.19881801339983848,-0.01889669380750623
2026,-2.692644369018652,-0.19881801340035493,-0.01889669380750623
2027,-2.6926443689727884,-0.1988180138486489,-0.01889669380750623
2028,-2.692644369018948,-0.19881801340138788,-0.01889669380750623
2029,-2.6926443689724926,-0.19881801340035493,-0.01889669380750623
2030,-2.565589864529835,-0.06237528758167122,0.07430117852054459
2031,-2.5655898645762902,-0.06237528758167122,0.07430117852054459
2032,-2.565589864529835,-0.06237528758270416,0.07430117852054459
2033,-2.565589864529539,-0.06237528758115475,0.07430117852054459
2034,-2.5655898645765864,-0.06237528758270416,0.07430117852054459
2035,-2.565589864529539,-0.06237528758167122,0.07430117852044747
2036,-2.5655898645765864,-0.06237528758218769,0.07430117852054459
2037,-2.565589864529539,-0.06237528758218769,0.07430117852054459
2038,-2.565589864529835,-0.06237528758167122,0.07430117852054459
2039,-2.5655898645762902,-0.06237528758218769,0.07430117852054459
2040,-2.565589864530131,-0.06237528758218769,0.07430117852054459
2041,-2.7331545008518416,-0.020143015197919684,-0.04330566036964484
2042,-2.7331545008518416,-0.020143015198436153,-0.043305660369547715
2043,-2.7331545008056826,-0.020143015197919684,-0.04330566036964484
2044,-2.7331545008518416,-0.020143015646213628,-0.04330566036964484
2045,-2.7331545008524336,-0.020143015198952622,-0.04330566036964484
2046,-2.7331545008518416,-0.020143015197919684,-0.043305660369547715
2047,-2.7331545008050906,-0.020143015197919684,-0.04330566036964484
2048,-2.733154500852138,-0.020143015198436153,-0.04330566036964484
2049,-2.733154500852138,-0.020143015197919684,-0.043305660369547715
2050,-2.733154500852138,-0.020143015197919684,-0.04330566036964484
2051,-2.733154500852138,-0.020143015647246566,-0.04330566036964484
2052,-2.7331545008050906,-0.020143015197919684,-0.04330566036964484
2053,-2.7331545008524336,-0.020143015197919684,-0.043305660369547715
2054,-2.7331545008518416,-0.020143015197919684,-0.04330566036964484
2055,-2.8121492579518166,0.5293548839249979,0.15196607212726979
2056,-2.812149257952408,0.5293548839244814,0.15196607212717267
2057,-2.8121492579521123,0.5293548834767039,0.15196607212726979
2058,-2.812149257952408,0.5293548839249979,0.15196607212726979
2059,-2.8121492579515204,0.5293548839249979,0.15196607212717267
2060,-2.8121492579988634,0.5293548839244814,0.15196607212726979
2061,-2.8121492579521123,0.5293548839249979,0.15196607212726979
2062,-2.812149257952408,0.5293548839255143,0.15196607212717267
2063,-2.8121492579521123,0.5293548839244814,0.15196607212726979
2064,-2.8121492579518166,0.5293548834767039,0.15196607212726979
2065,-2.812149257952408,0.5293548839249979,0.15196607212717267
2066,-2.8121492579518166,0.5293548839249979,0.15196607212726979
2067,-2.323134094887511,0.4759836787650174,0.005512272754632378
2068,-2.3231340948872155,0.47598367876450093,0.005512272754535254
2069,-2.323134094887511,0.47598367921434426,0.005512272754632378
2070,-2.32313409484076,0.47598367876450093,0.005512272754632378
2071,-2.3231340948872155,0.4759836787655339,0.005512272754535254
2072,-2.323134094887511,0.4759836787650174,0.005512272754632378
2073,-2.323134094887807,0.4759836792138278,0.005512272754632378
2074,-2.3231340948869197,0.4759836787650174,0.005512272754535254
2075,-2.323134094887511,0.4759836787650174,0.005512272754632378
2076,-2.323134094887511,0.4759836787655339,0.005512272754535254
2077,-2.32313409484076,0.47598367876450093,0.005512272754632378
2078,-2.3231340948872155,0.4759836792138278,0.005512272754632378
2079,-2.3231340948872155,0.4759836787650174,0.005512272754535254
2080,-2.323134094887807,0.4759836787650174,0.005512272754632378
2081,-1.6894661947558687,0.2992641705572556,-0.01889669380750623
2082,-1.6894661947558687,0.2992641705572556,-0.01889669380750623
2083,-1.6894661947561647,0.2992641701079288,-0.01889669380750623
2084,-1.6894661947558687,0.2992641705572556,-0.01889669380750623
2085,-1.6894661947558687,0.29926417055673915,-0.01889669380750623
2086,-1.6894661947094134,0.2992641705572556,-0.01889669380750623
2087,-1.6894661947558687,0.2992641705572556,-0.01889669380750623
2088,-1.6894661947558687,0.2992641705572556,-0.01889669380750623
2089,-1.6894661947558687,0.29926417010844525,-0.01889669380750623
2090,-1.6894661947558687,0.2992641705572556,-0.01889669380750623
2091,-1.6894661947561647,0.29926417055673915,-0.01889669380750623
2092,-1.5985025350383852,0.2648223172940372,0.043235221077893356
2093,-1.5985025350377935,0.2648223172940372,0.04323522107779623
2094,-1.5985025350851365,0.2648223172945537,0.043235221077893356
2095,-1.5985025350377935,0.26482231729352074,0.04323522107779623
2096,-1.5985025350383852,0.2648223172945537,0.043235221077893356
2097,-1.5985025350380895,0.26482231774284765,0.04323522107779623
2098,-1.5985025350380895,0.26482231729352074,0.043235221077893356
2099,-1.5985025350380895,0.2648223172945537,0.04323522107779623
2100,-1.5985025350848405,0.2648223172940372,0.043235221077893356
2101,-1.5985025350380895,0.2648223172945537,0.04323522107779623
2102,-1.5985025350380895,0.2648223172940372,0.043235221077893356
2103,-1.6309895563692494,0.17379741986559824,-0.01889669380750623
2104,-1.6309895563695453,0.1737974194173043,-0.01889669380750623
2105,-1.6309895563692494,0.17379741986559824,-0.01889669380750623
2106,-1.6309895563692494,0.17379741986559824,-0.01889669380750623
2107,-1.6309895563692494,0.1737974194173043,-0.01889669380750623
2108,-1.6309895563692494,0.17379741986559824,-0.01889669380750623
2109,-1.6309895563692494,0.17379741941678784,-0.01889669380750623
2110,-1.6309895564160006,0.17379741986559824,-0.01889669380750623
2111,-1.6309895563692494,0.17379741986559824,-0.01889669380750623
2112,-1.6309895563692494,0.1737974194173043,-0.01889669380750623
2113,-1.6309895563695453,0.17379741986559824,-0.01889669380750623
2114,-1.6309895563686576,0.17379741986559824,-0.01889669380750623
2115,-1.6309895563695453,0.17379741941678784,-0.01889669380750623
2116,-1.6309895563695453,0.17379741986559824,-0.01889669380750623
2117,-1.7229791220203292,0.0007681096932956532,0.012169263635145
2118,-1.7229791220206252,0.0007681101410731289,0.012169263635242124
2119,-1.7229791219732822,0.0007681096932956532,0.012169263635145
2120,-1.7229791220206252,0.0007681096922627179,0.012169263635145
2121,-1.7229791220206252,0.0007681101421060642,0.012169263635145
2122,-1.7229791220200334,0.0007681096922627179,0.012169263635242124
2123,-1.7229791220206252,0.0007681101415895965,0.012169263635145
2124,-1.7229791220203292,0.0007681096927791856,0.012169263635145
2125,-1.7229791219735782,0.0007681096922627179,0.012169263635145
2126,-1.7229791220206252,0.0007681101421060642,0.012169263635242124
2127,-1.7229791220203292,0.0007681096922627179,0.012169263635145
2128,-1.7413314393086483,0.19785204733522127,0.4367373486851003
2129,-1.7413314393553996,0.19785204733418835,0.4367373486851974
2130,-1.7413314393083525,0.19785204733522127,0.4367373486851003
2131,-1.7413314393086483,0.19785204733522127,0.4367373486851003
2132,-1.7413314393553996,0.19785204733470482,0.4367373486851974
2133,-1.7413314393086483,0.19785204733470482,0.4367373486851003
2134,-1.3789586646513232,0.14673596357040247,0.12755710556513117
2135,-1.378958664604572,0.14673596356988602,0.12755710556513117
2136,-1.378958664651619,0.14673596357091895,0.12755710556513117
2137,-1.378958664604572,0.14673596401869643,0.12755710556513117
2138,-1.3789586646513232,0.14673596357040247,0.12755710556513117
2139,-1.378958664604572,0.14673596357040247,0.12755710556513117
2140,-1.3789586646513232,0.14673596356988602,0.12755710556513117
2141,-1.557010339377343,0.1452325496061683,-0.30366797036543386
2142,-1.557010339424094,0.1452325491573579,-0.30366797036533677
2143,-1.5570103393776387,0.14523254960513537,-0.30366797036543386
2144,-1.557010339377343,0.1452325496061683,-0.30366797036543386
2145,-1.557010339424094,0.1452325491573579,-0.30366797036533677
2146,-1.557010339377047,0.14523254960565182,-0.30366797036543386
2147,-1.1927567371213859,0.23468569574540343,-0.18975945974228225
2148,-1.1927567371675452,0.23468569574488696,-0.18975945974228225
2149,-1.192756737168433,0.23468569619421384,-0.18975945974218514
2150,-1.19275673712109,0.23468569574488696,-0.18975945974228225
2151,-1.932674295447469,0.0547270129735627,-0.42896733205089105
2152,-1.9326742954468772,0.054727013422373114,-0.42896733205089105
2153,-1.9326742954007177,0.0547270129735627,-0.4289673320507939
2154,-1.9326742954468772,0.054727013422373114,-0.42896733205089105
2155,-1.9326742954477647,0.05472701297252977,-0.42896733205089105
2156,-2.0297249970202262,0.09261305142882137,0.005512272754632378
2157,-2.0297249970672735,0.09261305187659885,0.005512272754535254
2158,-2.0297249970205224,0.09261305142830491,0.005512272754632378
2159,-2.0297249970205224,0.09261305142778845,0.005512272754632378
2160,-2.029724997020818,0.09261305187659885,0.005512272754535254
2161,-2.0297249970672735,0.09261305142882137,0.005512272754632378
2162,-2.0297249970205224,0.09261305142830491,0.005512272754632378
2163,-2.0297249970205224,0.09261305187659885,0.005512272754535254
2164,-2.0297249970669777,0.09261305142778845,0.005512272754632378
2165,-2.029724997020818,0.09261305187659885,0.005512272754535254
2166,-2.029724997020818,0.09261305142882137,0.005512272754632378
2167,-2.0297249970202262,0.09261305142830491,0.005512272754632378
2168,-2.0297249970675693,0.09261305187659885,0.005512272754535254
2169,-2.0297249970202262,0.09261305142778845,0.005512272754632378
2170,-2.3294035200463417,0.318876892560492,0.038057561504118154
2171,-2.329403520045454,0.31887689211168163,0.03805756150402103
2172,-2.3294035200463417,0.31887689255997553,0.038057561504118154
2173,-2.329403520045454,0.31887689211219805,0.03805756150402103
2174,-2.3294035200463417,0.31887689255997553,0.038057561504118154
2175,-2.329403520092501,0.31887689211116516,0.03805756150402103
2176,-2.329403520046046,0.3188768925610085,0.038057561504118154
2177,-2.329403520046046,0.31887689255997553,0.038057561504118154
2178,-2.32940352004575,0.31887689211116516,0.03805756150402103
2179,-2.329403520046046,0.318876892560492,0.038057561504118154
2180,-2.32940352004575,0.31887689211168163,0.03805756150402103
2181,-2.329403520046046,0.318876892560492,0.038057561504118154
2182,-2.307798116395484,0.6366177062529037,0.08624962369081748
2183,-2.307798116395188,0.636617706701714,0.08624962369072035
2184,-2.307798116395484,0.6366177062534201,0.08624962369081748
2185,-2.307798116395484,0.6366177067022305,0.08624962369081748
2186,-2.307798116395484,0.6366177062529037,0.08624962369072035
2187,-2.307798116395484,0.6366177062534201,0.08624962369081748
2188,-2.307798116348437,0.6366177067022305,0.08624962369081748
2189,-2.307798116395188,0.6366177062523872,0.08624962369081748
2190,-2.307798116395484,0.6366177062534201,0.08624962369072035
2191,-2.3077981163957797,0.6366177067022305,0.08624962369081748
2192,-2.307798116395188,0.6366177062534201,0.08624962369081748
2193,-2.3077981163957797,0.6366177067011975,0.08624962369072035
2194,-2.307798116395188,0.6366177062539365,0.08624962369081748
2195,-2.3685633141682003,0.6997611039766809,0.05996304431623655
2196,-2.3685633141684965,0.6997611035278706,0.05996304431623655
2197,-2.3685633141682003,0.6997611039771974,0.05996304431623655
2198,-2.3685633141682003,0.6997611039761644,0.05996304431613943
2199,-2.3685633141682003,0.6997611035278706,0.05996304431623655
2200,-2.3685633141684965,0.6997611039771974,0.05996304431623655
2201,-2.3685633141679046,0.6997611039771974,0.05996304431623655
2202,-2.3685633141687923,0.6997611039761644,0.05996304431623655
2203,-2.3685633141679046,0.6997611035278706,0.05996304431623655
2204,-2.3685633141684965,0.6997611039766809,0.05996304431613943
2205,-2.3685633141682003,0.6997611039771974,0.05996304431623655
2206,-2.3685633141682003,0.6997611035278706,0.05996304431623655
2207,-2.3685633141684965,0.6997611039766809,0.05996304431623655
2208,-2.582688296813847,-0.04269422870279207,-0.18975945974228225
2209,-2.5826882968141427,-0.04269422870279207,-0.18975945974218514
2210,-2.582688296814439,-0.04269422870279207,-0.18975945974228225
2211,-2.582688296860894,-0.042694228254498125,-0.18975945974218514
2212,-2.5826882968141427,-0.04269422870279207,-0.18975945974228225
2213,-2.582688296814439,-0.04269422870279207,-0.18975945974218514
2214,-2.582688296813847,-0.04269422870279207,-0.18975945974228225
2215,-2.582688296814439,-0.04269422870279207,-0.18975945974228225
2216,-2.5826882968141427,-0.04269422870279207,-0.18975945974218514
2217,-2.5826882968141427,-0.04269422870279207,-0.18975945974228225
2218,-2.582688296860598,-0.042694228254498125,-0.18975945974218514
2219,-2.5826882968147347,-0.0426942287022756,-0.18975945974228225
2220,-2.582688296813847,-0.04269422870279207,-0.18975945974218514
2221,-2.5826882968147347,-0.04269422870279207,-0.18975945974228225
2222,-2.2027611316849294,0.17379741986559824,0.17637503868931126
2223,-2.202761131638474,0.17379741941678784,0.17637503868931126
2224,-2.202761131638178,0.17379741986559824,0.1763750386894084
2225,-2.202761131685225,0.17379741986559824,0.17637503868931126
2226,-2.2027611316849294,0.1737974194173043,0.17637503868931126
2227,-2.202761131638474,0.17379741986559824,0.17637503868931126
2228,-2.20276113163877,0.17379741986559824,0.17637503868931126
2229,-2.2027611316849294,0.17379741941678784,0.1763750386894084
2230,-2.202761131685225,0.17379741986559824,0.17637503868931126
2231,-2.202761131638178,0.1737974194173043,0.17637503868931126
2232,-2.202761131638474,0.17379741986559824,0.17637503868931126
2233,-2.202761131685521,0.17379741986559824,0.1763750386894084
2234,-2.2027611316849294,0.1737974194173043,0.17637503868931126
2235,-2.202761131638474,0.17379741986559824,0.17637503868931126
2236,-1.688668267892687,0.4819973359689018,0.12348894447140903
2237,-1.688668267939734,0.48199733552009144,0.12348894447150616
2238,-1.688668267892687,0.4819973359689018,0.12348894447140903
2239,-1.68866826794003,0.48199733552009144,0.12348894447140903
2240,-1.688668267892983,0.4819973359689018,0.12348894447150616
2241,-1.68866826794003,0.4819973355206079,0.12348894447140903
2242,-1.688668267892687,0.4819973359683854,0.12348894447140903
2243,-1.688668267892983,0.4819973359683854,0.12348894447150616
2244,-1.68866826794003,0.4819973355206079,0.12348894447140903
2245,-1.688668267892687,0.4819973359694183,0.12348894447140903
2246,-1.688668267939734,0.48199733552009144,0.12348894447150616
2247,-1.688668267892687,0.4819973359683854,0.12348894447140903
2248,-1.6579480846026113,0.31361494278753504,-0.07585094911913061
2249,-1.6579480846020196,0.31361494233872467,-0.07585094911903349
2250,-1.6579480845552683,0.31361494278753504,-0.07585094911903349
2251,-1.6579480846023154,0.3136149423382082,-0.07585094911913061
2252,-1.6579480846023154,0.31361494278753504,-0.07585094911913061
2253,-1.65794808455586,0.31361494278753504,-0.07585094911903349
2254,-1.6579480846020196,0.3136149423382082,-0.07585094911913061
2255,-1.6579480846026113,0.31361494278753504,-0.07585094911903349
2256,-1.6579480846023154,0.31361494233872467,-0.07585094911913061
2257,-1.6579480846020196,0.31361494278753504,-0.07585094911903349
2258,-1.657948084556156,0.3136149423382082,-0.07585094911903349
2259,-1.6579480846017236,0.31361494278753504,-0.07585094911913061
2260,-1.7193884512304016,-0.5546067719846,0.2943517104061851
2261,-1.7193884512301056,-0.5546067724334104,0.2943517104061851
2262,-1.7193884512309934,-0.5546067719840835,0.2943517104061851
2263,-1.719388451276857,-0.5546067719851164,0.2943517104061851
2264,-1.7193884512304016,-0.5546067719846,0.2943517104061851
2265,-1.7193884512306974,-0.5546067719846,0.29435171040608793
2266,-1.7193884512298099,-0.5546067724339269,0.2943517104061851
2267,-1.7193884512304016,-0.5546067719840835,0.2943517104061851
2268,-1.7193884512774487,-0.5546067719851164,0.2943517104061851
2269,-1.7193884512298099,-0.5546067724339269,0.2943517104061851
2270,-1.7193884512312891,-0.5546067719840835,0.2943517104061851
2271,-1.7193884512298099,-0.5546067719851164,0.2943517104061851
2272,-0.9385556597772584,-1.048825286788454,0.05996304431623655
2273,-0.9385556597769625,-1.04882528634016,0.05996304431623655
2274,-0.9385556597769625,-1.0488252867889705,0.05996304431623655
2275,-0.9385556597769625,-1.0488252867889705,0.05996304431613943
2276,-0.9385556597766666,-1.04882528634016,0.05996304431623655
2277,-0.9385556597775543,-1.0488252867889705,0.05996304431623655
2278,-0.9385556597766666,-1.0488252867889705,0.05996304431623655
2279,-0.9385556597766666,-1.0488252867889705,0.05996304431623655
2280,-0.9385556597775543,-1.04882528634016,0.05996304431623655
2281,-0.9385556597766666,-1.048825286788454,0.05996304431613943
2282,-0.9385556597766666,-1.048825286789487,0.05996304431623655
2283,-0.9385556597766666,-1.0488252863396434,0.05996304431623655
2284,-0.9385556597775543,-1.0488252867889705,0.05996304431623655
2285,0.005330412384904826,-1.6227825785758434,0.03805756150402103
2286,0.005330412384904826,-1.6227825790241373,0.038057561504118154
2287,0.005330412384904826,-1.6227825785758434,0.038057561504118154
2288,0.005330412384904826,-1.622782578575327,0.03805756150402103
2289,0.005330412384904826,-1.6227825790246537,0.03805756150402103
2290,0.005330412384904826,-1.6227825785758434,0.038057561504118154
2291,0.005330412384904826,-1.6227825785758434,0.038057561504118154
2292,0.005330412384904826,-1.6227825790246537,0.03805756150402103
2293,0.005330412384904826,-1.6227825785758434,0.03805756150402103
2294,0.005330412384904826,-1.6227825785758434,0.038057561504118154
2295,0.005330412384904826,-1.6227825790241373,0.038057561504118154
2296,0.005330412384904826,-1.622782578575327,0.03805756150402103
2297,-0.003446782873971152,-1.8122127708485214,0.09501181681564541
2298,-0.0034467828278117803,-1.8122127712978484,0.09501181681564541
2299,-0.003446782828107674,-1.8122127708490379,0.09501181681564541
2300,-0.0034467828742670457,-1.8122127708490379,0.09501181681564541
2301,-0.003446782873971152,-1.812212771297332,0.09501181681564541
2302,-0.003446782828107674,-1.8122127708485214,0.09501181681564541
2303,-0.0034467828275158868,-1.8122127708485214,0.09501181681574254
2304,-0.003446782874562939,-1.8122127712983649,0.09501181681564541
2305,-0.003446782873971152,-1.8122127708485214,0.09501181681564541
2306,-0.003446782828107674,-1.8122127708485214,0.09501181681564541
2307,-0.0034467828275158868,-1.812212771297332,0.09501181681564541
2308,-0.003446782873971152,-1.8122127708490379,0.09501181681564541
2309,0.1106567552156439,-1.7114840181817719,0.029921239316673866
2310,0.11065675516948453,-1.7114840177329613,0.02992123931677099
2311,0.11065675521653158,-1.711484018180739,0.029921239316673866
2312,0.11065675521534801,-1.7114840177329613,0.029921239316673866
2313,0.11065675521653158,-1.7114840181817719,0.029921239316673866
2314,0.11065675516918864,-1.7114840177329613,0.02992123931677099
2315,0.11065675521623569,-1.7114840181812554,0.029921239316673866
2316,-0.29309422559015225,-2.2857882517564296,0.32282883806194873
2317,-0.2930942255904482,-2.2857882517553967,0.32282883806194873
2318,-0.29309422559015225,-2.285788251755913,0.3228288380620458
2319,-0.2930942255895605,-2.285788251755913,0.32282883806194873
2320,-0.2930942255904482,-2.2857882517564296,0.32282883806194873
2321,-0.29309422559015225,-2.285788251755913,0.32282883806194873
2322,-0.19027565285916273,-1.8467912983123522,0.27401090493776864
2323,-0.19027565281270747,-1.8467912978640584,0.27401090493776864
2324,-0.19027565286005044,-1.8467912983118357,0.27401090493776864
2325,-0.19027565285975453,-1.8467912983133852,0.27401090493776864
2326,-0.19027565285945863,-1.8467912983123522,0.27401090493776864
2327,-0.19027565281300338,-1.8467912978630254,0.27401090493776864
2328,-0.19027565285975453,-1.8467912983128687,0.2740109049376715
2329,-0.19027565285945863,-1.8467912983128687,0.27401090493776864
2330,-0.19027565281241157,-1.846791297863542,0.27401090493776864
2331,-0.19027565286005044,-1.8467912983123522,0.27401090493776864
2332,-0.19027565285975453,-1.8467912983123522,0.27401090493776864
2333,-0.19027565285945863,-1.8467912983123522,0.27401090493776864
2334,-0.19027565281359515,-1.846791297863542,0.27401090493776864
2335,-0.19027565285945863,-1.8467912983133852,0.27401090493776864
2336,-0.9478729901106064,-1.624887358664447,0.25448373168801885
2337,-0.9478729901111982,-1.6248873586639305,0.254483731688116
2338,-0.9478729901114942,-1.624887358664447,0.254483731688116
2339,-0.9478729901111982,-1.624887358664447,0.25448373168801885
2340,-0.9478729900641512,-1.6248873582156367,0.25448373168801885
2341,-0.9478729901111982,-1.6248873586639305,0.254483731688116
2342,-0.9478729901114942,-1.624887358664447,0.254483731688116
2343,-0.9478729901106064,-1.624887358664447,0.25448373168801885
2344,-0.9478729901114942,-1.624887358664447,0.25448373168801885
2345,-0.9478729901111982,-1.624887358664447,0.254483731688116
2346,-0.45906300823313867,-1.7672470184881997,0.2606969231766462
2347,-0.4590630081863875,-1.767247018040422,0.26069692317654913
2348,-0.4590630082334346,-1.767247018488716,0.2606969231766462
2349,-0.4590630082328428,-1.767247018040422,0.2606969231766462
2350,-0.45906300818609164,-1.767247018488716,0.26069692317654913
2351,-0.45906300823313867,-1.7672470180399056,0.2606969231766462
2352,-0.4590630081869793,-1.7672470184881997,0.26069692317654913
2353,-0.4590630082328428,-1.767247018040422,0.2606969231766462
2354,-0.45906300823313867,-1.7672470184892324,0.2606969231766462
2355,-0.4590630081863875,-1.7672470180399056,0.26069692317654913
2356,-0.4590630082334346,-1.767247018488716,0.2606969231766462
2357,-0.609073254036506,-1.8069508210755645,0.12348894447140903
2358,-0.6090732540368019,-1.8069508215248913,0.12348894447150616
2359,-0.6090732540368019,-1.806950821076081,0.12348894447140903
2360,-0.6090732540370978,-1.8069508210755645,0.12348894447140903
2361,-0.6090732540368019,-1.8069508215248913,0.12348894447150616
2362,-0.6090732540368019,-1.806950821076081,0.12348894447140903
2363,-0.6090732540835531,-1.806950821076081,0.12348894447140903
2364,-0.6090732540373937,-1.8069508215238586,0.12348894447150616
2365,-0.609073254036506,-1.8069508210765974,0.12348894447140903
2366,-0.6090732540368019,-1.806950821076081,0.12348894447140903
2367,-0.6090732540368019,-1.8069508215238586,0.12348894447150616
2368,-0.6090732540368019,-1.806950821076081,0.12348894447140903
2369,-0.7122052980648057,-1.8806181183452557,0.19468176361091521
2370,-0.7122052980186463,-1.8806181183452557,0.19468176361091521
2371,-0.7122052980648057,-1.8806181178969616,0.19468176361091521
2372,-0.7122052980651016,-1.8806181183452557,0.19468176361091521
2373,-0.7122052980651016,-1.8806181183452557,0.19468176361091521
2374,-0.7122052980645098,-1.8806181178964452,0.19468176361091521
2375,-0.7122052980183504,-1.8806181183452557,0.19468176361091521
2376,-0.7122052980645098,-1.8806181183447392,0.19468176361091521
2377,-0.5844971074044455,-2.180549255849513,-0.01889669380750623
2378,-0.5844971074044455,-2.180549256297807,-0.01889669380750623
2379,-0.5844971073579902,-2.180549255849513,-0.01889669380750623
2380,-0.5844971074041495,-2.180549256297807,-0.01889669380750623
2381,-0.5844971074041495,-2.180549255849513,-0.01889669380750623
2382,-0.2579854446463753,-2.146107403035105,0.2917628806192975
2383,-0.2579854446463753,-2.1461074025862947,0.2917628806192975
2384,-0.2579854446934224,-2.1461074030345886,0.2917628806192975
2385,-0.2579854446454876,-2.146107403035105,0.2917628806192975
2386,-0.2579854446469671,-2.1461074030345886,0.2917628806192975
2387,-0.2579854446463753,-2.146107402586811,0.29176288061920036
2388,-0.25798544464578355,-2.146107403035105,0.2917628806192975
2389,-0.2579854446463753,-2.146107403035105,0.2917628806192975
2390,-0.25798544469312645,-2.146107403035105,0.2917628806192975
2391,-0.2579854446463753,-2.1461074025857783,0.2917628806192975
2392,-0.2579854446463753,-2.146107403035105,0.2917628806192975
2393,0.06756870587587681,-2.5651499496468557,0.13643309340584706
2394,0.06756870587646858,-2.5651499491980454,0.13643309340594417
2395,0.06756870582942154,-2.5651499496463392,0.13643309340584706
2396,0.0675687058755809,-2.5651499496463392,0.13643309340594417
2397,0.06756870587587681,-2.5651499491980454,0.13643309340584706
2398,0.06756870587646858,-2.5651499496463392,0.13643309340594417
2399,0.06756870587587681,-2.5651499491980454,0.13643309340584706
2400,0.06756870587587681,-2.5651499496463392,0.13643309340594417
2401,0.06756870582971743,-2.5651499496468557,0.13643309340584706
2402,0.0675687058755809,-2.5651499491980454,0.13643309340594417
2403,0.06756870587676449,-2.5651499496463392,0.13643309340584706
2404,0.14895724351805364,-2.0427818436942604,0.2606969231766462
2405,0.14895724347189426,-2.042781843246999,0.26069692317654913
2406,0.14895724351805364,-2.042781843694777,0.2606969231766462
2407,0.14895724347159836,-2.0427818432464826,0.2606969231766462
2408,0.14895724351805364,-2.0427818436942604,0.26069692317654913
2409,0.14895724347219017,-2.0427818432464826,0.2606969231766462
2410,0.14895724351775774,-2.042781843694777,0.26069692317654913
2411,0.14895724347189426,-2.042781843245966,0.2606969231766462
2412,0.14895724351775774,-2.0427818436952934,0.2606969231766462
2413,0.14895724347278194,-2.0427818432464826,0.26069692317654913
2414,0.14895724351775774,-2.042781843694777,0.2606969231766462
2415,-0.5607986802745418,-1.991119063575802,-0.01889669380750623
2416,-0.5607986802277907,-1.9911190635763185,-0.01889669380750623
2417,-0.5607986802274948,-1.991119064025129,-0.01889669380750623
2418,-0.5607986802739501,-1.991119063575802,-0.01889669380750623
2419,-0.5404515458288602,-1.308022309811604,0.2606969231766462
2420,-0.5404515458753155,-1.3080223093638264,0.26069692317654913
2421,-0.5404515458285644,-1.3080223098121204,0.2606969231766462
2422,-0.5404515458291561,-1.3080223098110875,0.2606969231766462
2423,-0.5404515458750196,-1.3080223098121204,0.26069692317654913
2424,-0.5404515458288602,-1.3080223093638264,0.2606969231766462
2425,-0.5404515458753155,-1.308022309811604,0.26069692317654913
2426,-0.5404515458285644,-1.308022309811604,0.2606969231766462
2427,-0.5404515458288602,-1.3080223098121204,0.2606969231766462
2428,-0.5404515458753155,-1.3080223093633099,0.26069692317654913
2429,-0.5404515458285644,-1.3080223098121204,0.2606969231766462
2430,-0.5213013016776554,-1.001872504027207,0.7784628805545553
2431,-0.5213013017247025,-1.0018725035789129,0.7784628805546524
2432,-0.5213013016770636,-1.001872504027207,0.7784628805545553
2433,-0.9426066729559318,-1.6964498758445017,-0.2467137150538095
2434,-0.9426066730023871,-1.6964498758455346,-0.2467137150538095
2435,-0.9426066729550442,-1.6964498758445017,-0.2467137150538095
2436,-0.2974828231965106,-1.17025489720909,0.4936916039967247
2437,-0.2974828231965106,-1.1702548967602795,0.4936916039967247
2438,-0.2974828232429658,-1.1702548972085736,0.49369160399662754
2439,-0.2974828231965106,-1.17025489720909,0.4936916039967247
2440,-0.8372803301240092,-1.2649699931207656,0.32282883806194873
2441,-0.837280330171648,-1.264969993121282,0.32282883806194873
2442,-0.35672889106802075,-1.5017577337988666,0.06653468915988178
2443,-0.3567288910209737,-1.5017577333505727,0.06653468915988178
2444,-0.3567288910218614,-1.501757733799383,0.06653468915988178
2445,-0.3567288910677249,-1.5017577333500562,0.06653468915978467
2446,-0.35672889106802075,-1.5017577337988666,0.06653468915988178
2447,-0.3567288910212696,-1.50175773379835,0.06653468915988178
2448,-0.35672889102156546,-1.5017577333510892,0.06653468915988178
2449,-0.35672889106802075,-1.5017577337988666,0.06653468915988178
2450,0.16917139009136317,-1.359685089481768,0.2848593345208658
2451,0.1691713900910673,-1.3596850894822845,0.2848593345209629
2452,0.1691713900910673,-1.3596850890334742,0.2848593345208658
2453,0.1691713900907714,-1.3596850894822845,0.2848593345209629
2454,0.16917139013841023,-1.3596850894812516,0.2848593345208658
2455,0.16917139009136317,-1.3596850894822845,0.2848593345209629
2456,0.1691713900907714,-1.3596850890329577,0.2848593345208658
2457,0.1691713900910673,-1.359685089481768,0.2848593345209629
2458,0.16917139009136317,-1.3596850894822845,0.2848593345208658
2459,-0.5344670945431855,-0.9966105542547664,0.40826022102933673
2460,-0.5344670945434815,-0.9966105542542499,0.40826022102933673
2461,-0.5344670945428897,-0.9966105542542499,0.40826022102933673
2462,-0.5344670945896408,-0.996610553805956,0.40826022102933673
2463,-0.5344670945431855,-0.9966105542547664,0.40826022102933673
2464,-0.5344670945434815,-0.9966105542542499,0.40826022102933673
2465,-0.5344670945428897,-0.9966105542542499,0.40826022102933673
2466,-0.5344670945434815,-0.9966105542542499,0.40826022102933673
2467,-0.2843170303771398,-0.9492530062981539,-1.214936055350647
2468,-0.2843170303312763,-0.9492530058498599,-1.214936055350647
2469,-0.6068789552331789,-0.8071803619820883,0.45097591251298214
2470,-0.6068789552340665,-0.8071803615317285,0.4509759125130792
2471,-0.6068789552334748,-0.8071803619820883,0.45097591251298214
2472,-0.606878955280226,-0.8071803619810554,0.45097591251298214
2473,-0.6068789552340665,-0.8071803615322449,0.4509759125130792
2474,-0.6068789552331789,-0.8071803619815718,0.45097591251298214
2475,-0.6068789552340665,-0.8071803615327614,0.4509759125130792
2476,-0.6068789552337707,-0.8071803619810554,0.45097591251298214
2477,-2.961361576939937,-1.3807328885735959,0.20892032743879704
2478,-2.961361576939345,-1.3807328885735959,0.20892032743879704
2479,-2.9613615769396406,-1.3807328885735959,0.20892032743879704
2480,-2.3013164953097838,-1.4986005636662194,0.39117394443587855
2481,-2.301316495262441,-1.4986005636662194,0.39117394443587855
2482,-2.3013164953097838,-1.4986005641145133,0.39117394443587855
2483,-2.301316495262737,-1.4986005636662194,0.39117394443587855
2484,-2.3013164953097838,-1.498600563665703,0.39117394443587855
2485,-0.675529160820299,-1.5355845538317698,0.3472378046240873
2486,-0.6755291608194114,-1.5355845533829595,0.3472378046240873
2487,-0.6755291608197073,-1.5355845538317698,0.3472378046240873
2488,-0.675529160820299,-1.5355845538322863,0.3472378046239902
2489,-0.6755291608197073,-1.5355845533829595,0.3472378046240873
2490,-0.6755291608200031,-1.5355845538312534,0.3472378046240873
2491,-0.6755291608664584,-1.535584553383476,0.3472378046240873
2492,-0.6755291608200031,-1.5355845538312534,0.3472378046240873
2493,-0.675529160820299,-1.5355845538317698,0.3472378046240873
2494,-0.6755291608197073,-1.535584553383476,0.3472378046240873
2495,-0.6755291608194114,-1.5355845538317698,0.3472378046239902
2496,-0.675529160820299,-1.5355845538312534,0.3472378046240873
2497,-0.6755291608197073,-1.535584553383476,0.3472378046240873
2498,-0.6755291608200031,-1.5355845538317698,0.3472378046240873
2499,-0.051721356636527126,-1.5754250306197473,0.2658745827504215
2500,-0.0517213566377107,-1.5754250306192308,0.26587458275032433
2501,-0.05172135663711891,-1.5754250306192308,0.2658745827504215
2502,-0.051721356636527126,-1.5754250306202637,0.2658745827504215
2503,-0.051721356636527126,-1.5754250306192308,0.26587458275032433
2504,-0.05172135668387007,-1.5754250306197473,0.2658745827504215
2505,-0.05172135663711891,-1.5754250310685578,0.2658745827504215
2506,-0.05172135663682302,-1.5754250306192308,0.26587458275032433
2507,-0.05172135663711891,-1.5754250306192308,0.2658745827504215
2508,-0.05172135663711891,-1.5754250306202637,0.2658745827504215
2509,-0.05172135663711891,-1.5754250306197473,0.26587458275032433
2510,-0.05172135663711891,-1.5754250306192308,0.2658745827504215
2511,-0.15265910181474854,-1.422828486756735,1.0062799018008586
2512,-0.7214213530753519,-1.3723137686679916,0.4595190508098083
2513,-0.7214213530286008,-1.3723137691162857,0.4595190508097112
2514,-0.7214213530762396,-1.3723137686674751,0.4595190508098083
2515,-0.7214213530280089,-1.3723137691168021,0.4595190508097112
2516,-0.7214213530759437,-1.3723137686679916,0.4595190508098083
2517,-1.4596632649887533,-1.3711657070865708,0.3849607529473483
2518,-1.4596632649425938,-1.3711657070865708,0.3849607529472512
2519,-1.459663264989345,-1.3711657070865708,0.3849607529473483
2520,-1.4596632649425938,-1.3711657070865708,0.3849607529473483
2521,-1.459663264989641,-1.3711657070870873,0.3849607529473483
2522,-1.459663264942298,-1.3711657075353811,0.3849607529472512
2523,-1.4596632649887533,-1.3711657070865708,0.3849607529473483
2524,-1.4596632649425938,-1.3711657070870873,0.3849607529473483
2525,-1.459663264989345,-1.3711657070865708,0.3849607529473483
2526,-1.4596632649425938,-1.3711657070865708,0.3849607529472512
2527,-1.4596632649887533,-1.3711657070865708,0.3849607529473483
2528,-1.1897184772725182,-0.6505361643784433,0.3754019968111106
2529,-1.1897184772722222,-0.6505361643774104,0.3754019968111106
2530,-1.1897184772725182,-0.6505361643784433,0.3754019968111106
2531,-1.1897184772251752,-0.6505361643784433,0.3754019968111106
2532,-1.1897184772722222,-0.6505361643774104,0.3754019968111106
2533,-1.1897184772725182,-0.6505361643779268,0.3754019968111106
2534,-1.1897184772722222,-0.6505361643784433,0.37540199681120767
2535,-1.18971847727311,-0.6505361643779268,0.3754019968111106
2536,-1.1897184772713345,-0.6505361643779268,0.3754019968111106
2537,-1.189718477226063,-0.6505361643784433,0.3754019968111106
2538,-1.1897184772725182,-0.6505361643779268,0.3754019968111106
2539,-1.1897184772713345,-0.6505361643774104,0.3754019968111106
2540,-1.189718477272814,-0.6505361643784433,0.3754019968111106
2541,-1.6515339803830968,-1.442257224620873,0.32282883806194873
2542,-1.6515339803833928,-1.4422572241730953,0.32282883806194873
2543,-1.6515339803833928,-1.4422572246213894,0.3228288380620458
2544,-1.6515339803833928,-1.4422572246219059,0.32282883806194873
2545,-1.6515339803830968,-1.4422572241720624,0.32282883806194873
2546,-1.6515339803833928,-1.4422572246219059,0.32282883806194873
2547,-1.6515339803833928,-1.4422572246213894,0.3228288380620458
2548,-1.6515339803833928,-1.4422572246213894,0.32282883806194873
2549,-1.6515339803828009,-1.4422572241725788,0.32282883806194873
2550,-1.6515339803836886,-1.4422572246213894,0.32282883806194873
2551,-1.6515339803833928,-1.4422572246213894,0.3228288380620458
2552,-1.6515339803833928,-1.4422572241725788,0.32282883806194873
2553,-1.6515339803828009,-1.4422572246219059,0.32282883806194873
2554,-1.6942537557947055,-1.4917121932826554,0.2606969231766462
2555,-1.6942537557929302,-1.4917121928338448,0.26069692317654913
2556,-1.694253755793818,-1.4917121932826554,0.2606969231766462
2557,-1.6942537557941137,-1.4917121932826554,0.2606969231766462
2558,-1.6942537557941137,-1.4917121932821389,0.26069692317654913
2559,-1.694253755746179,-1.4917121928343613,0.2606969231766462
2560,-1.6942537557941137,-1.4917121932826554,0.26069692317654913
2561,-1.694253755793818,-1.4917121932826554,0.2606969231766462
2562,-1.694253755793522,-1.4917121932826554,0.2606969231766462
2563,-1.694253755793522,-1.4917121928338448,0.26069692317654913
2564,-1.6942537557941137,-1.4917121932826554,0.2606969231766462
2565,-0.9200367423756795,-1.3957670309103496,0.17637503868931126
2566,-0.9200367423286323,-1.3957670304615393,0.17637503868931126
2567,-0.9200367423753835,-1.3957670309103496,0.17637503868931126
2568,-0.9200367423292242,-1.3957670309098331,0.1763750386894084
2569,-0.9200367423756795,-1.3957670309093166,0.17637503868931126
2570,-0.9200367423286323,-1.3957670304615393,0.17637503868931126
2571,-0.9200367423759753,-1.3957670309103496,0.17637503868931126
2572,-1.2585857014019897,-1.086063700393485,0.4367373486851003
2573,-1.2585857014493327,-1.086063700842812,0.4367373486851974
2574,-1.2585857014022857,-1.086063700393485,0.4367373486851003
2575,-1.320026068077123,-1.8174747206219948,0.06653468915988178
2576,-1.3200260680309637,-1.8174747210702888,0.06653468915988178
2577,-1.320026068077123,-1.8174747206214783,0.06653468915988178
2578,-1.320026068030372,-1.8174747206219948,0.06653468915978467
2579,-1.3200260680768272,-1.8174747210702888,0.06653468915988178
2580,-1.3200260680309637,-1.8174747206214783,0.06653468915988178
2581,-1.320026068077123,-1.8174747206219948,0.06653468915988178
2582,-1.320026068077419,-1.8174747210702888,0.06653468915988178
2583,-1.3200260680309637,-1.8174747206219948,0.06653468915978467
2584,-1.320026068077123,-1.8174747206214783,0.06653468915988178
2585,-1.320026068030372,-1.8174747210702888,0.06653468915988178
2586,-1.320026068077123,-1.8174747206219948,0.06653468915988178
2587,-1.5377005098540935,-0.9934533841216027,0.32282883806194873
2588,-1.5377005099002528,-0.9934533845704131,0.32282883806194873
2589,-1.5377005098535017,-0.9934533841210862,0.3228288380620458
2590,-1.5377005099002528,-0.9934533845704131,0.32282883806194873
2591,-1.5377005098535017,-0.9934533841210862,0.32282883806194873
2592,-1.5377005098537975,-0.9934533841216027,0.32282883806194873
2593,-1.5377005099005487,-0.9934533845704131,0.32282883806194873
2594,-1.5377005098532057,-0.9934533841216027,0.3228288380620458
2595,-1.5377005099008445,-0.9934533845698966,0.32282883806194873
2596,-1.5377005098532057,-0.9934533841221191,0.32282883806194873
2597,-1.8618183920696654,-1.727064856422838,0.07430117852054459
2598,-1.8618183921161207,-1.7270648559750605,0.07430117852054459
2599,-1.8618183920693696,-1.7270648564233544,0.07430117852044747
2600,-1.861818392115825,-1.7270648564238709,0.07430117852054459
2601,-1.8618183920696654,-1.727064856422838,0.07430117852054459
2602,-1.8618183921161207,-1.7270648559750605,0.07430117852054459
2603,-1.8618183920690736,-1.7270648564233544,0.07430117852054459
2604,-1.8618183921161207,-1.7270648564233544,0.07430117852054459
2605,-1.8618183920693696,-1.7270648564238709,0.07430117852044747
2606,-1.8618183921161207,-1.727064855974544,0.07430117852054459
2607,-1.8618183920693696,-1.7270648564233544,0.07430117852054459
2608,-2.034170589429326,-1.3309835450217256,0.2606969231766462
2609,-2.0341705894299174,-1.3309835450212093,0.26069692317654913
2610,-2.0341705894290296,-1.3309835454700196,0.2606969231766462
2611,-2.0341705894299174,-1.3309835450217256,0.2606969231766462
2612,-2.034170589429326,-1.3309835450212093,0.26069692317654913
2613,-2.0341705893825743,-1.3309835450217256,0.2606969231766462
2614,-2.0341705894299174,-1.3309835450212093,0.26069692317654913
2615,-2.0341705894290296,-1.3309835450212093,0.2606969231766462
2616,-2.034170589429326,-1.330983545470536,0.2606969231766462
2617,-2.0341705894296216,-1.3309835450212093,0.26069692317654913
2618,-2.0341705894299174,-1.3309835450206928,0.2606969231766462
2619,-1.8846922948364189,-1.3667010226630136,-0.05686619734858915
2620,-1.8846922947899636,-1.3667010222126539,-0.05686619734849203
2621,-1.8846922948364189,-1.3667010226624972,-0.05686619734858915
2622,-1.8846922948364189,-1.3667010222131704,-0.05686619734858915
2623,-1.8846922947902596,-1.3667010226624972,-0.05686619734849203
2624,-1.884692294836123,-1.3667010222126539,-0.05686619734858915
2625,-1.8846922948364189,-1.3667010226630136,-0.05686619734858915
2626,-1.8846922947899636,-1.3667010222126539,-0.05686619734849203
2627,-1.8846922948367149,-1.3667010226624972,-0.05686619734858915
2628,-1.9432069297118424,-1.1013711906826533,0.07430117852054459
2629,-1.9432069297112504,-1.1013711911319801,0.07430117852054459
2630,-1.9432069297588894,-1.1013711906831698,0.07430117852054459
2631,-1.9432069297118424,-1.1013711906826533,0.07430117852054459
2632,-1.9432069297112504,-1.1013711906831698,0.07430117852054459
2633,-1.9432069297118424,-1.1013711911314636,0.07430117852044747
2634,-1.9432069297109547,-1.1013711906831698,0.07430117852054459
2635,-1.9432069297121382,-1.1013711906831698,0.07430117852054459
2636,-1.9432069297580017,-1.1013711906826533,0.07430117852054459
2637,-1.9432069297118424,-1.1013711911319801,0.07430117852054459
2638,-1.9432069297115464,-1.1013711906831698,0.07430117852054459
2639,-2.1055850415643094,-0.8861096085743766,0.15196607212726979
2640,-2.105585041564901,-0.8861096085748931,0.15196607212717267
2641,-2.105585041564901,-0.8861096085743766,0.15196607212726979
2642,-2.105585041564605,-0.8861096085754095,0.15196607212717267
2643,-2.105585041564901,-0.8861096085748931,0.15196607212726979
2644,-2.105585041517854,-0.8861096085748931,0.15196607212726979
2645,-2.105585041564901,-0.886109609023187,0.15196607212717267
2646,-2.105585041564901,-0.8861096085748931,0.15196607212726979
2647,-2.1055850415643094,-0.8861096085748931,0.15196607212717267
2648,-2.105585041564605,-0.8861096085754095,0.15196607212726979
2649,-2.105585041564901,-0.8861096085743766,0.15196607212717267
2650,-2.105585041564901,-0.8861096085748931,0.15196607212726979
2651,-1.9168753440269413,-0.943991056076903,0.09501181681564541
2652,-1.9168753440272372,-0.9439910565251969,0.09501181681564541
2653,-1.9168753440269413,-0.9439910565257134,0.09501181681564541
2654,-1.916875343980782,-0.9439910560763866,0.09501181681564541
2655,-1.9168753440269413,-0.943991056076903,0.09501181681564541
2656,-1.9168753440269413,-0.9439910565251969,0.09501181681574254
2657,-1.916875344028125,-0.9439910565251969,0.09501181681564541
2658,-1.9168753440269413,-0.9439910560774194,0.09501181681564541
2659,-1.9168753439801902,-0.9439910560763866,0.09501181681564541
2660,-1.9168753440272372,-0.9439910565257134,0.09501181681564541
2661,-1.9168753440275332,-0.9439910565257134,0.09501181681564541
2662,-1.9168753440269413,-0.943991056076903,0.09501181681564541
2663,-1.334654726796053,-1.6052427462980108,0.13298132035672833
2664,-1.3346547267495976,-1.6052427458502332,0.1329813203566312
2665,-1.334654726796053,-1.6052427462980108,0.13298132035672833
2666,-1.3346547267490059,-1.6052427458502332,0.13298132035672833
2667,-1.3346547267966447,-1.6052427462980108,0.1329813203566312
2668,-1.3346547267490059,-1.6052427458502332,0.13298132035672833
2669,-1.3346547267954612,-1.6052427462980108,0.13298132035672833
2670,-1.3346547267498936,-1.6052427458502332,0.1329813203566312
2671,-1.334654726795757,-1.6052427462980108,0.13298132035672833
2672,-0.12632751613103113,-2.091096109710278,-0.01889669380750623
2673,-0.12632751613043935,-2.0910961097097616,-0.01889669380750623
2674,-0.1263275161771905,-2.091096109710278,-0.01889669380750623
2675,-0.12632751613162294,-2.0910961097097616,-0.01889669380750623
2676,-0.12632751613043935,-2.0910961097097616,-0.01889669380750623
2677,-0.12632751613043935,-2.091096109710278,-0.01889669380750623
2678,-0.12632751613103113,-2.0910961092609512,-0.01889669380750623
2679,-0.12632751613043935,-2.091096109710278,-0.01889669380750623
2680,-0.12632751613043935,-2.0910961097097616,-0.01889669380750623
2681,-0.1263275161777823,-2.091096109710278,-0.01889669380750623
2682,-0.12632751613043935,-2.0910961097097616,-0.01889669380750623
2683,-0.12632751613103113,-2.0910961097097616,-0.01889669380750623
2684,0.23792608612610924,-1.8648322690263848,0.06653468915988178
2685,0.2379260860781745,-1.8648322685775744,0.06653468915988178
2686,0.23792608612522156,-1.8648322690269012,0.06653468915978467
2687,0.23792608607876628,-1.8648322690269012,0.06653468915988178
2688,0.23792608612551744,-1.8648322685775744,0.06653468915988178
2689,0.23792608612551744,-1.8648322690263848,0.06653468915988178
2690,0.2379260860784704,-1.8648322690263848,0.06653468915988178
2691,0.23792608612581334,-1.864832268578091,0.06653468915988178
2692,0.2379260860784704,-1.8648322690258683,0.06653468915988178
2693,0.23792608612522156,-1.8648322690274177,0.06653468915978467
2694,0.23792608607906218,-1.8648322685775744,0.06653468915988178
2695,0.23792608612551744,-1.8648322690269012,0.06653468915988178
2696,-0.0247628284043488,-1.9640576077289003,0.05433020587881248
2697,-0.02476282845021228,-1.9640576077299332,0.05433020587881248
2698,-0.0247628284043488,-1.9640576077289003,0.05433020587881248
2699,-0.024762828403757015,-1.9640576077294167,0.05433020587881248
2700,-0.02476282845080407,-1.9640576077294167,0.05433020587881248
2701,-0.024762828403757015,-1.9640576077299332,0.05433020587881248
2702,-0.0247628284043488,-1.9640576077289003,0.05433020587881248
2703,-0.024762828450508177,-1.9640576072806064,0.05433020587881248
2704,-0.0247628284043488,-1.9640576077299332,0.05433020587881248
2705,-0.02476282845080407,-1.9640576077294167,0.05433020587881248
2706,-0.02476282840316523,-1.9640576077289003,0.05433020587881248
2707,-0.02476282840494059,-1.9640576077294167,0.05433020587881248
2708,-0.024762828450508177,-1.9640576077299332,0.05433020587881248
2709,-0.024762828403757015,-1.9640576077294167,0.05433020587881248
2710,0.9168083790712251,-1.6899736300397368,0.1125362030653984
2711,0.9168083790709293,-1.6899736295909262,0.11253620306530127
2712,0.9168083790709293,-1.6899736300397368,0.1125362030653984
2713,0.9168083790709293,-1.6899736295909262,0.1125362030653984
2714,0.9168083790709293,-1.6899736300397368,0.11253620306530127
2715,0.9168083790709293,-1.6899736295914427,0.1125362030653984
2716,0.91680837902477,-1.6899736300387038,0.1125362030653984
2717,0.9168083790709293,-1.6899736295914427,0.1125362030653984
2718,0.9168083790712251,-1.6899736300397368,0.11253620306530127
2719,0.9168083790709293,-1.6899736295909262,0.1125362030653984
2720,0.9168083790709293,-1.6899736300397368,0.1125362030653984
2721,0.9168083790712251,-1.6899736295909262,0.11253620306530127
2722,0.9168083790709293,-1.6899736300397368,0.1125362030653984
2723,0.5606874926739766,-1.5892974438203242,0.22963096573389788
2724,0.5606874927207277,-1.5892974433720302,0.22963096573399502
2725,0.5606874926739766,-1.5892974438203242,0.22963096573389788
2726,0.5606874926739766,-1.5892974438208407,0.22963096573389788
2727,0.5606874926739766,-1.5892974438203242,0.22963096573389788
2728,0.5606874927210236,-1.5892974433715137,0.22963096573399502
2729,0.5606874926742724,-1.5892974438203242,0.22963096573389788
2730,0.5606874926739766,-1.5892974438203242,0.22963096573389788
2731,0.5606874926733847,-1.5892974438203242,0.22963096573389788
2732,0.5606874927213195,-1.5892974433715137,0.22963096573399502
2733,0.5606874926739766,-1.5892974438203242,0.22963096573389788
2734,-0.6661250230588256,-1.5333294324366082,-0.01889669380750623
2735,-0.6661250230585297,-1.5333294324366082,-0.01889669380750623
2736,-0.6661250230588256,-1.533329431987798,-0.01889669380750623
2737,-0.6661250230588256,-1.5333294324366082,-0.01889669380750623
2738,-0.7951497930197642,-1.043968102210346,0.254483731688116
2739,-0.7951497930200602,-1.043968102210346,0.25448373168801885
2740,-0.7951497930668113,-1.043968102210346,0.254483731688116
2741,-0.7951497930200602,-1.0439681022108624,0.25448373168801885
2742,-0.7951497930197642,-1.043968102210346,0.254483731688116
2743,-0.3984205684211872,-1.3807328885735959,0.09501181681564541
2744,-0.39842056837414014,-1.3807328885735959,0.09501181681564541
2745,-0.398420568421779,-1.3807328885735959,0.09501181681564541
2746,-0.6306786576873639,-1.364542273611582,0.08624962369081748
2747,-0.6306786576876597,-1.3645422740603925,0.08624962369081748
2748,-0.6306786577338191,-1.364542273611582,0.08624962369072035
2749,-0.6306786576873639,-1.364542274059876,0.08624962369081748
2750,-0.630678657687068,-1.3645422736120985,0.08624962369081748
2751,-0.6306786576876597,-1.3645422740603925,0.08624962369081748
2752,-0.6306786577347068,-1.364542273611582,0.08624962369072035
2753,-0.6306786576864761,-1.3645422740603925,0.08624962369081748
2754,-0.6306786576876597,-1.364542273611582,0.08624962369081748
2755,-0.6306786576873639,-1.3645422740603925,0.08624962369081748
2756,-0.6306786577338191,-1.364542273611582,0.08624962369072035
2757,-0.6306786576879556,-1.3645422740603925,0.08624962369081748
2758,-0.630678657686772,-1.3645422736110655,0.08624962369081748
2759,-1.811549001196498,-1.3281133908450593,0.6645543699314036
2760,-1.8115490011959063,-1.3281133908445428,0.6645543699315007
2761,-0.6104235917942925,-1.9279756663013516,0.24396909993820592
2762,-0.6104235917475413,-1.9279756663013516,0.24396909993830304
2763,-0.6104235917939965,-1.9279756663013516,0.24396909993820592
2764,-0.6104235917475413,-1.9279756663013516,0.24396909993830304
2765,-0.6104235917942925,-1.9279756663013516,0.24396909993820592
2766,-0.6104235917475413,-1.9279756663013516,0.24396909993820592
2767,-0.6104235917942925,-1.9279756663013516,0.24396909993830304
2768,-0.6104235917475413,-1.9279756663013516,0.24396909993820592
2769,-0.6104235917942925,-1.9279756663013516,0.24396909993820592
2770,-0.6104235917469495,-1.9279756663013516,0.24396909993830304
2771,-0.6104235917942925,-1.9279756663013516,0.24396909993820592
2772,-0.6104235917475413,-1.9279756663013516,0.24396909993830304
2773,-0.6104235917948843,-1.9279756663008352,0.24396909993820592
2774,-0.2421864932258478,-1.8648322690269012,0.015275859379410122
2775,-0.24218649322614366,-1.8648322685775744,0.015275859379507248
2776,-0.24218649327319072,-1.8648322690269012,0.015275859379410122
2777,-0.24218649322673547,-1.8648322685775744,0.015275859379410122
2778,-0.2421864932258478,-1.8648322690263848,0.015275859379410122
2779,-0.24218649322643956,-1.8648322690263848,0.015275859379507248
2780,-0.24218649322643956,-1.864832268578091,0.015275859379410122
2781,-0.24218649327319072,-1.8648322690269012,0.015275859379410122
2782,-0.2421864932258478,-1.8648322685775744,0.015275859379507248
2783,-0.24218649322703134,-1.8648322690269012,0.015275859379410122
2784,-0.05690788110606715,-1.8590919602237252,0.32282883806194873
2785,-0.056907881106363044,-1.8590919597754314,0.32282883806194873
2786,-0.056907881059020095,-1.8590919602242417,0.3228288380620458
2787,-0.05690788110665893,-1.8590919597754314,0.32282883806194873
2788,-0.05690788110606715,-1.8590919602242417,0.32282883806194873
2789,-0.05690788110606715,-1.859091959774915,0.32282883806194873
2790,-0.05690788110665893,-1.8590919602247582,0.32282883806194873
2791,-0.05690788110606715,-1.8590919597754314,0.32282883806194873
2792,-0.05690788105931599,-1.8590919602237252,0.3228288380620458
2793,-0.05690788110606715,-1.8590919597759479,0.32282883806194873
2794,-0.05690788110665893,-1.8590919602242417,0.32282883806194873
2795,-0.12632751613043935,-2.2121209549350325,0.32282883806194873
2796,-0.12632751613073526,-2.2121209544862217,0.32282883806194873
2797,-0.12632751613073526,-2.212120954935549,0.3228288380620458
2798,-0.12632751613073526,-2.2121209544872547,0.32282883806194873
2799,-0.12632751617748642,-2.212120954934516,0.32282883806194873
2800,-0.12632751613073526,-2.212120954935549,0.32282883806194873
2801,-0.12632751613073526,-2.212120954486738,0.32282883806194873
2802,-0.12632751613073526,-2.212120954935549,0.3228288380620458
2803,-0.12632751613073526,-2.212120954486738,0.32282883806194873
2804,-0.12632751613073526,-2.2121209549350325,0.32282883806194873
2805,-0.2579854446463753,-1.883775288029609,0.32282883806194873
2806,-0.2579854446463753,-1.883775288029609,0.32282883806194873
2807,-0.25798544469312645,-1.8837752884779029,0.3228288380620458
2808,-0.2579854446463753,-1.8837752880301255,0.32282883806194873
2809,-0.25798544464578355,-1.8837752880290926,0.32282883806194873
2810,-0.2579854446469671,-1.883775288029609,0.32282883806194873
2811,-0.2579854446463753,-1.883775288029609,0.32282883806194873
2812,-0.2579854446925347,-1.8837752884779029,0.3228288380620458
2813,-0.2579854446463753,-1.883775288029609,0.32282883806194873
2814,-0.2579854446469671,-1.8837752880290926,0.32282883806194873
2815,-0.7750420366797883,-1.761506709238279,0.22963096573389788
2816,-0.7750420366327413,-1.7615067096865729,0.22963096573399502
2817,-0.7750420366797883,-1.761506709237246,0.22963096573389788
2818,-0.7750420366797883,-1.7615067096865729,0.22963096573389788
2819,-0.7750420366803802,-1.7615067092377625,0.22963096573399502
2820,-0.775042036633333,-1.7615067096860564,0.22963096573389788
2821,-0.7750420366800842,-1.761506709238279,0.22963096573399502
2822,-0.7750420366797883,-1.7615067096860564,0.22963096573389788
2823,-0.7750420366797883,-1.7615067092377625,0.22963096573389788
2824,-0.7750420366330372,-1.7615067096865729,0.22963096573399502
2825,-0.7750420366800842,-1.761506709237246,0.22963096573389788
2826,-0.879410867275597,-1.6690877369361898,0.32282883806194873
2827,-0.879410867275597,-1.6690877364878958,0.32282883806194873
2828,-0.879410867275597,-1.6690877369367063,0.3228288380620458
2829,-0.879410867275597,-1.6690877369356734,0.32282883806194873
2830,-0.8794108672758929,-1.6690877369356734,0.32282883806194873
2831,-0.87941086722855,-1.6690877364884122,0.32282883806194873
2832,-0.879410867275597,-1.6690877369356734,0.32282883806194873
2833,-0.879410867275597,-1.6690877369367063,0.3228288380620458
2834,-0.879410867275597,-1.6690877364868628,0.32282883806194873
2835,-0.8794108672758929,-1.6690877369361898,0.32282883806194873
2836,-0.4569352032960188,-1.878864134938,0.2848593345208658
2837,-0.45693520334306587,-1.878864134938,0.2848593345209629
2838,-0.4569352032963147,-1.8788641349385165,0.2848593345208658
2839,-0.4569352032963147,-1.878864134938,0.2848593345209629
2840,-0.45693520334276994,-1.8788641353862938,0.2848593345208658
2841,-0.4569352032963147,-1.878864134938,0.2848593345209629
2842,-0.4569352032963147,-1.878864134938,0.2848593345208658
2843,-0.45693520334306587,-1.8788641349385165,0.2848593345209629
2844,-0.4569352032963147,-1.878864134938,0.2848593345208658
2845,-1.2410313109301012,-1.4754479844863044,0.3797830933735731
2846,-1.24103131097774,-1.4754479849330489,0.3797830933735731
2847,-1.241031310930693,-1.4754479849351148,0.379783093373476
2848,-1.2410313109301012,-1.475447984485788,0.3797830933735731
2849,-1.241031310930989,-1.4754479844863044,0.3797830933735731
2850,-1.2410313109301012,-1.4754479849340818,0.379783093373476
2851,-1.2410313109774442,-1.4754479849340818,0.3797830933735731
2852,-1.2410313109301012,-1.4754479844863044,0.3797830933735731
2853,-1.241031310930989,-1.4754479844852715,0.3797830933735731
2854,-1.2410313109774442,-1.4754479849345983,0.3797830933735731
2855,-1.2410313109301012,-1.4754479849351148,0.379783093373476
2856,-1.241031310930989,-1.4754479844852715,0.3797830933735731
2857,-1.6447822917364894,-0.7703467131225793,0.3797830933735731
2858,-1.6447822917367851,-0.7703467135713897,0.379783093373476
2859,-1.6447822917364894,-0.7703467135703568,0.3797830933735731
2860,-1.6447822917370811,-0.7703467131220628,0.3797830933735731
2861,-1.6447822917361934,-0.7703467131230958,0.3797830933735731
2862,-1.6447822917370811,-0.7703467135708733,0.3797830933735731
2863,-1.6447822917826487,-0.7703467135713897,0.379783093373476
2864,-1.6447822917370811,-0.7703467131215463,0.3797830933735731
2865,-1.6447822917367851,-0.7703467131225793,0.3797830933735731
2866,-1.6447822917364894,-0.7703467135713897,0.379783093373476
2867,-1.6447822917367851,-0.7703467135703568,0.3797830933735731
2868,-1.6447822917364894,-0.7703467131225793,0.3797830933735731
2869,-0.6792908159246517,-0.7512123505973395,0.32282883806194873
2870,-0.6792908159243558,-0.7512123501490455,0.32282883806194873
2871,-0.6792908159246517,-0.7512123505973395,0.3228288380620458
2872,-0.6792908159237641,-0.751212350596823,0.32282883806194873
2873,-0.6792908159246517,-0.7512123505973395,0.32282883806194873
2874,-0.6792908158776046,-0.751212350148529,0.32282883806194873
2875,-0.6792908159240599,-0.751212350596823,0.32282883806194873
2876,-0.6792908159243558,-0.7512123505983724,0.32282883806194873
2877,-0.6792908159246517,-0.751212350596823,0.3228288380620458
2878,-0.6792908159240599,-0.751212350148529,0.32282883806194873
2879,-0.6792908159243558,-0.751212350597856,0.32282883806194873
2880,-2.0397560773301606,-0.4756775253912788,0.2658745827504215
2881,-2.0397560772834096,-0.4756775253902458,0.26587458275032433
2882,-2.039756077284001,-0.4756775249435013,0.2658745827504215
2883,-2.0397560773301606,-0.4756775253902458,0.2658745827504215
2884,-2.0397560773301606,-0.4756775253923117,0.26587458275032433
2885,-2.039756077284001,-0.4756775253912788,0.2658745827504215
2886,-2.477361953982812,-0.09681714084385672,0.27401090493776864
2887,-2.477361954029859,-0.09681714039711217,0.27401090493776864
2888,-2.477361953982812,-0.09681714084437318,0.27401090493776864
2889,-2.477361954029563,-0.09681714084540612,0.2740109049376715
2890,-2.4773619539831078,-0.09681714084540612,0.27401090493776864
2891,-2.477361954029563,-0.09681714039607923,0.27401090493776864
2892,-2.4773619539831078,-0.09681714084488964,0.27401090493776864
2893,-1.429741008467765,-0.6861555167557846,0.40826022102933673
2894,-1.429741008515108,-0.6861555167557846,0.40826022102933673
2895,-1.429741008468061,-0.686155516756301,0.40826022102933673
2896,-1.4297410085145164,-0.6861555167557846,0.40826022102933673
2897,-1.429741008468061,-0.6861555167557846,0.40826022102933673
2898,-1.429741008467765,-0.6861555167552682,0.40826022102933673
2899,-1.429741008515108,-0.6861555167568175,0.40826022102933673
2900,-1.429741008468061,-0.6861555167557846,0.40826022102933673
2901,-1.4297410085145164,-0.6861555167552682,0.40826022102933673
2902,-1.429741008467765,-0.6861555167568175,0.40826022102933673
2903,-1.429741008515108,-0.6861555167552682,0.40826022102933673
2904,-1.429741008468061,-0.6861555167557846,0.40826022102933673
2905,-1.4165752156486904,-1.1702548972096065,0.3228288380620458
2906,-0.5564100826220242,-1.3386372903899402,0.2943517104061851
2907,-0.5564100826675917,-1.3386372899416463,0.2943517104061851
2908,-0.5564100826211364,-1.3386372903904566,0.2943517104061851
2909,-0.5564100826214323,-1.3386372903909731,0.2943517104061851
2910,-0.5564100826681835,-1.3386372903894237,0.2943517104061851
2911,-0.5564100826214323,-1.3386372903909731,0.2943517104061851
2912,-0.5564100826208406,-1.3386372899416463,0.29435171040608793
2913,-0.5564100826684794,-1.3386372903904566,0.2943517104061851
2914,-0.5564100826214323,-1.3386372903904566,0.2943517104061851
2915,-0.5564100826211364,-1.3386372899411298,0.2943517104061851
2916,-0.5564100826675917,-1.3386372903904566,0.2943517104061851
2917,-0.5564100826214323,-1.3386372903904566,0.2943517104061851
2918,-1.403409422783456,-1.912189816982481,0.32282883806194873
2919,-1.403409422783752,-1.9121898169829974,0.3228288380620458
2920,-1.403409422783752,-1.9121898165341868,0.32282883806194873
2921,-1.4034094227831602,-1.912189816982481,0.32282883806194873
2922,-0.580160140338257,-0.8508235923447254,0.20221982681391149
2923,-0.5801601403376653,-0.8508235923452419,0.20221982681391149
2924,-0.5801601402909141,-0.8508235927940523,0.20221982681391149
2925,-0.5801601403373693,-0.8508235923452419,0.20221982681391149
2926,-0.5801601403385529,-0.8508235923452419,0.20221982681391149
2927,-0.5801601403373693,-0.8508235923442089,0.20221982681391149
2928,-0.5801601403376653,-0.8508235923457583,0.20221982681391149
2929,-0.5801601403379611,-0.8508235923452419,0.20221982681391149
2930,-0.5801601402906181,-0.8508235927930193,0.2022198268140086
2931,-0.5801601403379611,-0.8508235923452419,0.20221982681391149
2932,-0.5801601403376653,-0.8508235923452419,0.20221982681391149
2933,-0.5801601403373693,-0.8508235923452419,0.20221982681391149
2934,-0.5801601403385529,-0.8508235923452419,0.20221982681391149
2935,-0.5801601403373693,-0.8508235923452419,0.20221982681391149
2936,-0.5801601402909141,-0.8508235927935358,0.20221982681391149
2937,-0.5801601403379611,-0.8508235923452419,0.20221982681391149
2938,-0.5801601403379611,-0.8508235923452419,0.20221982681391149
2939,-0.047332759030464716,-0.05967396581928373,0.2826258343126353
2940,-0.04733275903076061,-0.05967396581876726,0.2826258343126353
2941,-0.0473327590310565,-0.05967396581876726,0.28262583431253824
2942,-0.047332759030464716,-0.05967396581876726,0.2826258343126353
2943,-0.04733275898400945,-0.05967396537150625,0.2826258343126353
2944,-0.047332759030464716,-0.05967396581825079,0.2826258343126353
2945,-0.04733275903076061,-0.05967396581928373,0.2826258343126353
2946,-0.047332759030464716,-0.05967396581876726,0.2826258343126353
2947,-0.0473327590310565,-0.05967396581928373,0.28262583431253824
2948,-0.04733275903076061,-0.05967396581928373,0.2826258343126353
2949,-0.047332759030464716,-0.05967396581876726,0.2826258343126353
2950,-0.04733275903016882,-0.05967396581928373,0.2826258343126353
2951,-0.04733275898430534,-0.059673965370473314,0.2826258343126353
2952,-0.04733275903076061,-0.05967396581928373,0.2826258343126353
2953,-0.0473327590310565,-0.05967396581876726,0.28262583431253824
2954,-0.047332759030464716,-0.05967396581928373,0.2826258343126353
2955,-0.04733275903016882,-0.05967396581928373,0.2826258343126353
2956,-6.402022108958129,-15.956333796301001,0.15196607212717267
2957,-6.402022108957538,-15.956333796301518,0.15196607212726979
2958,-6.402022108958129,-15.956333796301001,0.15196607212726979
2959,-6.402022108910786,-15.956333796301518,0.15196607212717267
2960,-6.402022108957538,-15.956333796301001,0.15196607212717267
2961,-6.402022108957538,-15.956333796301518,0.15196607212726979
2962,-0.6968452063965402,-0.8334901108458401,0.7784628805546524
2963,-0.6968452063491972,-0.8334901103970297,0.7784628805545553
2964,-0.6968452063959484,-0.8334901108458401,0.7784628805546524
2965,-0.9074978920118589,-0.8124423117540123,-0.07585094911913061
2966,-0.9074978920586101,-0.8124423117540123,-0.07585094911903349
2967,-0.9074978920118589,-0.8124423113057183,-0.07585094911903349
2968,-0.9074978920118589,-0.8124423117540123,-0.07585094911913061
2969,-0.9074978920586101,-0.8124423117540123,-0.07585094911913061
2970,-0.9074978920118589,-0.8124423117550452,-0.07585094911903349
2971,-0.8636119158559572,-0.9447427635067975,0.3472378046240873
2972,-0.8636119158553655,-0.944742763508347,0.3472378046240873
2973,-0.8636119158553655,-0.94474276305902,0.3472378046240873
2974,-0.8636119158553655,-0.9447427635078305,0.3472378046239902
2975,-0.8636119158553655,-0.944742763507314,0.3472378046240873
2976,-0.863611915856549,-0.9447427635078305,0.3472378046240873
2977,-0.8636119158080224,-0.9447427635067975,0.3472378046240873
2978,-0.8636119158559572,-0.9447427630595365,0.3472378046240873
2979,-0.8636119158553655,-0.9447427635078305,0.3472378046240873
2980,-0.8636119158553655,-0.9447427635078305,0.3472378046240873
2981,-0.8636119158553655,-0.944742763507314,0.3472378046239902
2982,-0.8636119158559572,-0.94474276305902,0.3472378046240873
2983,-0.8636119158559572,-0.944742763507314,0.3472378046240873
2984,-0.8636119158547736,-0.9447427635078305,0.3472378046240873
2985,-0.6792908159249476,-0.7756086628955362,2.5440447952135514
2986,-0.6792908158776046,-0.7756086633438302,2.5440447952135514
2987,-0.6792908159237641,-0.7756086633438302,2.5440447952135514
2988,-0.6792908159243558,-0.7756086628955362,2.5440447952135514
2989,-3.7178333336908103,-2.891279590114773,-0.02684379919974008
2990,-3.7178333336908103,-2.8912795896669956,-0.026843799199934328
2991,-3.7178333336908103,-2.8912795901152895,-0.02684379919974008
2992,-3.7178333336902183,-2.891279590114773,-0.026843799199934328
2993,-3.717833333691402,-2.8912795896669956,-0.02684379919974008
2994,-3.7178333336434672,-2.891279590114773,-0.026843799199934328
2995,-3.7178333336908103,-2.891279589666479,-0.02684379919974008
2996,-3.7178333336908103,-2.8912795901163224,-0.02684379919974008
2997,-3.7178333336902183,-2.8912795901142565,-0.026843799199934328
2998,-3.7178333336908103,-2.891279589666479,-0.02684379919974008
2999,-3.717833333691402,-2.8912795901152895,-0.026843799199934328
3000,-3.7178333336902183,-2.891279590115806,-0.02684379919974008
3001,-3.7178333336908103,-2.891279589666479,-0.02684379919974008
3002,-3.7178333336908103,-2.8912795901152895,-0.026843799199934328
3003,-3.7178333336908103,-2.891279589666479,-0.02684379919974008
3004,-3.7178333336908103,-2.8912795901152895,-0.026843799199934328
3005,-3.7178333336434672,-2.8912795901152895,-0.02684379919974008
3006,-3.717833333691402,-2.891279589666479,-0.026843799199934328
3007,-3.7178333336896268,-2.8912795901152895,-0.02684379919974008
3008,-3.717833333691402,-2.8912795901152895,-0.02684379919974008
3009,-3.7178333336908103,-2.891279589666479,-0.026843799199934328
3010,-3.7178333336902183,-2.891279590114773,-0.02684379919974008
3011,-3.7178333336908103,-2.891279589666479,-0.026843799199934328
3012,-3.717833333691402,-2.8912795901163224,-0.02684379919974008
3013,-3.7178333336902183,-2.8912795901142565,-0.02684379919974008
3014,-3.7178333336902183,-2.891279589666479,-0.026843799199934328
3015,-3.7178333336440588,-2.8912795901163224,-0.02684379919974008
3016,-3.7178333336908103,-2.8912795901142565,-0.026843799199934328
3017,-3.717833333691402,-2.8912795896669956,-0.02684379919974008
3018,-3.7178333336902183,-2.8912795901152895,-0.026843799199934328
3019,-3.7178333336908103,-2.891279589666479,-0.02684379919974008
3020,-3.7178333336908103,-2.8912795901152895,-0.02684379919974008
3021,-3.7178333336908103,-2.8912795901152895,-0.026843799199934328
3022,-3.7178333336908103,-2.891279589666479,-0.02684379919974008
3023,-3.7178333336902183,-2.8912795901152895,-0.026843799199934328
3024,-3.7178333336908103,-2.8912795901152895,-0.02684379919974008
3025,-3.7178333336908103,-2.891279589666479,-0.02684379919974008
3026,-3.7178333336434672,-2.8912795901152895,-0.026843799199934328
3027,-3.7178333336908103,-2.8912795896659627,-0.02684379919974008
3028,-3.717833333691402,-2.8912795901163224,-0.026843799199934328
3029,-3.7178333336902183,-2.8912795901142565,-0.02684379919974008
3030,-3.7178333336908103,-2.891279589666479,-0.026843799199934328
3031,-3.7178333336908103,-2.8912795901163224,-0.02684379919974008
3032,-7.748694634949351,-4.2131652875376115,-0.05144198255689488
3033,-7.748694634949351,-4.213165287985906,-0.05144198255708913
3034,-7.748694634996102,-4.2131652875376115,-0.05144198255689488
3035,-7.748694634949943,-4.213165287986422,-0.05144198255708913
3036,-7.748694634948759,-4.2131652875376115,-0.05144198255689488
3037,-7.748694634949943,-4.213165287986938,-0.05144198255708913
3038,-7.74869463499551,-4.2131652875376115,-0.05144198255689488
3039,-7.748694634949943,-4.213165287985389,-0.05144198255689488
3040,-7.748694634949351,-4.2131652875381285,-0.05144198255708913
3041,-7.748694634949943,-4.213165287986422,-0.05144198255689488
3042,-7.74869463499551,-4.2131652875376115,-0.05144198255708913
3043,-7.748694634949943,-4.213165287986422,-0.05144198255689488
3044,-7.748694634948759,-4.2131652875376115,-0.05144198255708913
3045,-7.748694634949943,-4.213165287985906,-0.05144198255689488
3046,-7.748694634996102,-4.2131652875386445,-0.05144198255689488
3047,-7.748694634949351,-4.213165287985906,-0.05144198255708913
3048,-7.748694634949351,-4.2131652875376115,-0.05144198255689488
3049,-7.748694634949943,-4.213165287986422,-0.05144198255708913
3050,-7.748694634996102,-4.2131652875376115,-0.05144198255689488
3051,-7.748694634948759,-4.213165287986422,-0.05144198255708913
3052,-7.748694634949351,-4.2131652875370955,-0.05144198255689488
3053,-1.1269277728872373,-0.8545379099376679,0.15196607212726979
3054,-1.1269277729333966,-0.8545379099376679,0.15196607212726979
3055,-0.5890110935110273,-0.4937184961047948,-0.06771462693178346
3056,-0.5890110935110273,-0.4937184956575338,-0.06771462693158921
3057,-0.5890110935104356,-0.4937184961047948,-0.06771462693178346
3058,-0.5890110934642762,-0.49371849610531127,-0.06771462693178346
3059,-0.5890110935116192,-0.49371849610531127,-0.06771462693178346
3060,-0.5890110935104356,-0.4937184956565009,-0.06771462693158921
3061,-0.5890110935110273,-0.49371849610582774,-0.06771462693178346
3062,0.19683285384961055,0.22464015522919217,-0.08102860869280869
3063,0.1968328538963617,0.2246401552286757,-0.08102860869300295
3064,0.19683285384901875,0.22464015567800258,-0.08102860869280869
3065,0.19683285384901875,0.2246401552286757,-0.08102860869280869
3066,0.1968328538963617,0.22464015522919217,-0.08102860869280869
3067,0.19683285384961055,0.22464015522815922,-0.08102860869300295
3068,0.1968328538963617,0.2246401552286757,-0.08102860869280869
3069,0.19683285384901875,0.22464015522919217,-0.08102860869280869
3070,0.19683285384961055,0.2246401556774861,-0.08102860869280869
3071,0.1968328538963617,0.22464015522919217,-0.08102860869300295
3072,0.19683285384961055,0.22464015522919217,-0.08102860869280869
3073,-0.021001173299404364,-0.03367374312214529,0.15196607212726979
3074,-0.02100117334674731,-0.033673743569922775,0.15196607212707552
3075,-0.021001173299404364,-0.03367374312162883,0.15196607212726979
3076,-0.02100117329999615,-0.03367374357043924,0.15196607212726979
3077,-0.021001173346155522,-0.03367374312111236,0.15196607212726979
3078,-0.021001173299404364,-0.03367374312111236,0.15196607212726979
3079,-0.021001173346155522,-0.03367374357043924,0.15196607212707552
3080,-0.021001173299404364,-0.03367374312214529,0.15196607212726979
3081,0.4833499682566325,-0.2182467512644929,0.16510936181456023
3082,0.48334996825722426,-0.21824675126500936,0.16510936181456023
3083,0.4833499682104731,-0.21824675081568248,0.165109361814366
3084,0.48334996825722426,-0.2182467512655258,0.16510936181456023
3085,0.48334996825722426,-0.2182467512644929,0.16510936181456023
3086,0.4833499682566325,-0.2182467512655258,0.16510936181456023
3087,0.4833499682104731,-0.21824675081619893,0.165109361814366
3088,0.48334996825781606,-0.2182467512644929,0.16510936181456023
3089,0.48334996825722426,-0.21824675126500936,0.16510936181456023
3090,0.48334996825722426,-0.2182467512655258,0.16510936181456023
3091,0.48334996820988135,-0.21824675081568248,0.165109361814366
3092,0.48334996825722426,-0.2182467512644929,0.16510936181456023
3093,0.48334996825722426,-0.2182467512655258,0.16510936181456023
3094,0.3739726122469241,-0.7512123505973395,0.3228288380620458
3095,0.3739726122475159,-0.7512123505973395,0.3228288380618516
3096,0.37397261220135647,-0.7512123501490455,0.3228288380620458
3097,0.37397261224633227,-0.751212350596823,0.3228288380620458
3098,0.3739726122481076,-0.7512123505973395,0.3228288380618516
3099,0.3739726122469241,-0.7512123505973395,0.3228288380620458
3100,0.3739726122469241,-0.751212350597856,0.3228288380618516
3101,0.3739726122475159,-0.751212350596823,0.3228288380620458
3102,0.3739726122007647,-0.751212350148529,0.3228288380620458
3103,0.3739726122469241,-0.751212350597856,0.3228288380618516
3104,0.3739726122475159,-0.7512123505973395,0.3228288380620458
3105,0.8742727406257669,-0.9703008053894652,0.15196607212726979
3106,0.8742727406245834,-0.9703008049416877,0.15196607212726979
3107,0.8742727406257669,-0.9703008053894652,0.15196607212707552
3108,0.8742727406257669,-0.9703008049416877,0.15196607212726979
3109,0.8742727406251751,-0.9703008053899816,0.15196607212726979
3110,0.8742727406251751,-0.9703008053894652,0.15196607212726979
3111,0.8742727405790157,-0.9703008049416877,0.15196607212726979
3112,0.8742727406251751,-0.9703008053894652,0.15196607212726979
3113,0.8742727406251751,-0.9703008049416877,0.15196607212726979
3114,0.8742727406257669,-0.9703008053894652,0.15196607212707552
3115,0.8742727406251751,-0.9703008049416877,0.15196607212726979
3116,0.8742727406251751,-0.9703008053894652,0.15196607212726979
3117,-0.1877678827588214,-1.1071114994853128,0.18044319978303341
3118,-0.18776788280557255,-1.1071114999341232,0.18044319978303341
3119,-0.18776788275941317,-1.1071114994853128,0.18044319978303341
3120,-0.18776788280438897,-1.1071114999341232,0.18044319978303341
3121,-0.18776788276000497,-1.1071114994853128,0.18044319978303341
3122,-0.18776788280498077,-1.1071114999341232,0.18044319978303341
3123,-0.1877678827588214,-1.1071114994858293,0.18044319978283915
3124,-0.18776788275941317,-1.1071114994853128,0.18044319978303341
3125,-0.18776788280498077,-1.1071114999341232,0.18044319978303341
3126,-0.1877678827588214,-1.1071114994853128,0.18044319978303341
3127,-0.18776788280557255,-1.1071114999341232,0.18044319978303341
3128,-0.18776788275941317,-1.1071114994853128,0.18044319978303341
3129,0.2889013353560075,-0.7282511149389237,0.21768252056372212
3130,0.2889013353560075,-0.7282511149384072,0.21768252056352788
3131,0.2889013353560075,-0.7282511153887671,0.21768252056372212
3132,0.2889013353565993,-0.7282511149389237,0.21768252056372212
3133,0.2889013353560075,-0.7282511149394402,0.21768252056352788
3134,0.2889013353554157,-0.7282511149384072,0.21768252056372212
3135,0.28890133530984813,-0.7282511153882506,0.21768252056372212
3136,0.2889013353560075,-0.7282511149394402,0.21768252056372212
3137,0.2889013353554157,-0.7282511149384072,0.21768252056352788
3138,0.2889013353560075,-0.7282511149389237,0.21768252056372212
3139,0.2889013353560075,-0.7282511153887671,0.21768252056372212
3140,0.2889013353560075,-0.7282511149384072,0.21768252056352788
3141,0.2889013353560075,-0.7282511149389237,0.21768252056372212
3142,0.7426148121095351,-0.09681714084592258,-1.044073289415968
3143,1.5852255546187448,0.2504715455125682,0.49369160399662754
3144,1.585225554665496,0.25047154506427427,0.4936916039968218
3145,1.2297491476228477,0.26625739438211216,-0.01889669380750623
3146,1.2297491476216642,0.2662573948309226,-0.01889669380750623
3147,1.2297491476228477,0.2662573943831451,-0.01889669380750623
3148,1.229749147622256,0.26625739438262863,-0.01889669380750623
3149,0.7355930559023159,0.30730060297001804,0.3456105401866567
3150,0.7355930559023159,0.30730060252172414,0.3456105401864625
3151,0.7355930559490671,0.30730060297001804,0.3456105401866567
3152,0.7355930559023159,0.30730060297001804,0.3456105401866567
3153,0.7355930559017242,0.30730060297001804,0.3456105401866567
3154,0.7355930559029077,0.3073006025222406,0.3456105401864625
3155,0.7355930559017242,0.30730060297001804,0.3456105401866567
3156,0.7355930559490671,0.30730060297001804,0.3456105401866567
3157,0.7355930559023159,0.30730060297001804,0.3456105401866567
3158,0.7355930559023159,0.30730060252120767,0.3456105401864625
3159,0.7355930559029077,0.3073006029705345,0.3456105401866567
3160,0.7355930559023159,0.30730060297001804,0.3456105401866567
3161,0.7355930559490671,0.30730060297001804,0.3456105401866567
3162,0.7355930559023159,0.30730060252120767,0.3456105401864625
3163,0.7355930559023159,0.30730060297001804,0.3456105401866567
3164,0.464553267079608,0.24163146958944987,0.3775049231610343
3165,0.46455326703404043,0.24163146958893342,0.3775049231610343
3166,0.4645532670801998,0.24163146958841694,0.3775049231612286
3167,0.4645532670801998,0.24163146958944987,0.3775049231610343
3168,0.46455326703404043,0.24163146914063946,0.3775049231610343
3169,0.464553267079608,0.24163146958841694,0.3775049231610343
3170,0.4645532670801998,0.24163146958893342,0.3775049231612286
3171,0.46455326703404043,0.24163146958841694,0.3775049231610343
3172,0.464553267079608,0.24163146958996634,0.3775049231610343
3173,0.4645532670807916,0.24163146958841694,0.3775049231610343
3174,0.4645532670334486,0.24163146958944987,0.3775049231612286
3175,0.4645532670801998,0.24163146958841694,0.3775049231610343
3176,0.4645532670801998,0.24163146914063946,0.3775049231610343
3177,0.4645532670801998,0.24163146958893342,0.3775049231610343
3178,0.46455326703404043,0.24163146958841694,0.3775049231612286
3179,0.464553267079608,0.24163146958944987,0.3775049231610343
3180,0.4645532670801998,0.24163146958944987,0.3775049231610343
3181,0.46455326703404043,0.24163146958893342,0.3775049231610343
3182,0.4645532670801998,0.24163146958841694,0.3775049231612286
3183,0.4645532670807916,0.24163146958944987,0.3775049231610343
3184,0.4645532670328568,0.24163146914063946,0.3775049231610343
3185,0.4645532670801998,0.24163146958841694,0.3775049231610343
3186,0.4645532670801998,0.24163146958893342,0.3775049231612286
3187,0.4645532670334486,0.24163146958841694,0.3775049231610343
3188,0.4645532670801998,0.24163146958944987,0.3775049231610343
3189,12.783330820447583,-54.867974106135286,0.012169263635145
3190,12.783330820446992,-54.867974106136835,0.012169263635145
3191,12.783330820400241,-54.86797410568751,0.012169263635145
3192,12.783330820446992,-54.867974106135286,0.012169263635339248
3193,12.783330820446992,-54.86797410613632,0.012169263635145
3194,12.783330820447583,-54.867974106135804,0.012169263635145
3195,12.7833308204464,-54.86797410613632,0.012169263635145
3196,12.783330820446992,-54.86797410613632,0.012169263635145
3197,12.783330820400833,-54.86797410568648,0.012169263635145
3198,12.783330820446992,-54.867974106136835,0.012169263635145
3199,12.783330820446992,-54.867974106135286,0.012169263635145
3200,12.7833308204464,-54.86797410613632,0.012169263635339248
3201,12.783330820446992,-54.867974106135804,0.012169263635145
3202,12.783330820400833,-54.86797410568751,0.012169263635145
3203,12.7833308204464,-54.867974106135804,0.012169263635145
3204,12.783330820447583,-54.867974106136835,0.012169263635145
3205,12.783330820446992,-54.867974106135804,0.012169263635145
3206,12.783330820446992,-54.867974106134774,0.012169263635145
3207,12.783330820447583,-54.867974106136835,0.012169263635339248
3208,12.783330820400241,-54.86797410568751,0.012169263635145
3209,12.7833308204464,-54.867974106135804,0.012169263635145
3210,12.783330820446992,-54.867974106135804,0.012169263635145
3211,-1.1101713092776428,5.841532372419107,-0.2052924384636079
3212,-1.1101713092308918,5.841532372419107,-0.2052924384636079
3213,-1.1101713092788266,5.841532372868434,-0.2052924384636079
3214,-1.110171309277051,5.841532372419107,-0.20529243846341363
3215,-1.1101713092320753,5.84153237242014,-0.2052924384636079
3216,-1.1101713092776428,5.841532372419107,-0.2052924384636079
3217,-1.1101713092776428,5.841532372867401,-0.2052924384636079
3218,-1.1101713092314835,5.84153237242014,-0.2052924384636079
3219,-1.1101713092776428,5.841532372419107,-0.2052924384636079
3220,-1.1101713092776428,5.841532372419107,-0.2052924384636079
3221,-1.1101713092782346,5.84153237242014,-0.2052924384636079
3222,-1.1101713092308918,5.841532372867401,-0.20529243846341363
3223,-1.1101713092782346,5.841532372419107,-0.2052924384636079
3224,-1.1101713092776428,5.84153237242014,-0.2052924384636079
3225,-1.1101713092314835,5.841532372419107,-0.2052924384636079
3226,-1.1101713092776428,5.841532372868434,-0.2052924384636079
3227,-1.1101713092776428,5.841532372419107,-0.2052924384636079
3228,-1.1101713092320753,5.841532372419107,-0.2052924384636079
3229,-1.110171309277051,5.84153237242014,-0.20529243846341363
3230,-1.1101713092782346,5.841532372867401,-0.2052924384636079
3231,-1.1101713092314835,5.841532372419107,-0.2052924384636079
3232,-1.1101713092776428,5.84153237242014,-0.2052924384636079
3233,-1.7548348166015675,5.884805470166213,-0.33433564630247736
3234,-1.7548348166021592,5.884805470166213,-0.3343356463022831
3235,-1.7548348166021592,5.884805469716886,-0.33433564630247736
3236,-1.7548348166009757,5.884805470166213,-0.3343356463022831
3237,-1.7548348166021592,5.884805470167246,-0.33433564630247736
3238,-1.7548348166021592,5.88480547016518,-0.33433564630247736
3239,-1.7548348166489105,5.884805470167246,-0.3343356463022831
3240,-1.7548348166009757,5.884805469716886,-0.33433564630247736
3241,-1.7548348166015675,5.884805470167246,-0.33433564630247736
3242,-1.7548348166021592,5.88480547016518,-0.3343356463022831
3243,-1.7548348166021592,5.884805470167246,-0.33433564630247736
3244,-1.7548348166015675,5.884805470166213,-0.3343356463022831
3245,-1.7548348166015675,5.884805469716886,-0.33433564630247736
3246,-1.7548348166021592,5.884805470166213,-0.33433564630247736
3247,-1.7548348166015675,5.88480547016518,-0.3343356463022831
3248,-1.7548348166021592,5.884805470167246,-0.33433564630247736
3249,-1.7548348166015675,5.884805470166213,-0.3343356463022831
3250,-1.7548348166015675,5.884805470166213,-0.33433564630247736
3251,-1.7548348166015675,5.884805469717919,-0.33433564630247736
3252,-1.7548348166489105,5.884805470166213,-0.3343356463022831
3253,-1.7548348166009757,5.884805470166213,-0.33433564630247736
3254,-1.754834816602751,5.884805470166213,-0.33433564630247736
3255,-1.7548348166015675,5.884805470166213,-0.3343356463022831
3256,-1.7548348166015675,5.884805469716886,-0.33433564630247736
3257,-1.7548348166021592,5.884805470166213,-0.3343356463022831
3258,-1.7548348166021592,5.884805470166213,-0.33433564630247736
3259,-2.6804913294355845,5.396658435973824,-0.132805204430755
3260,-2.68049132943736,5.396658436421085,-0.13280520443056076
3261,-2.6804913294361765,5.396658435972791,-0.132805204430755
3262,-1.8993209535550528,2.7446357437008064,-0.4175764809885855
3263,-1.8993209535556446,2.7446357436997735,-0.4175764809885855
3264,-1.8993209535550528,2.7446357441501332,-0.4175764809883913
3265,-1.8993209535088935,2.7446357436997735,-0.4175764809885855
3266,-1.8993209535550528,2.7446357437008064,-0.4175764809885855
3267,-1.8993209535550528,2.7446357437008064,-0.4175764809885855
3268,-1.381466434705801,1.302861502335614,-0.47453073630011283
3269,-1.381466434705801,1.302861502336647,-0.47453073630011283
3270,-1.381466434658458,1.302861502335614,-0.47453073630011283
3271,-1.381466434705801,1.302861502784941,-0.47453073630030707
3272,-1.3814664347052092,1.302861502336647,-0.47453073630011283
3273,-1.3814664347052092,1.302861502335614,-0.47453073630011283
3274,-0.16018241202434153,1.220173719934603,-0.6535298244223331
3275,-0.1601824120705009,1.220173720382897,-0.6535298244221389
3276,-0.16018241202434153,1.22017371993357,-0.6535298244223331
3277,-0.16018241207109268,1.220173719934603,-0.6535298244221389
3278,-0.16018241202315794,1.22017371993357,-0.6535298244223331
3279,-0.16018241207168446,1.220173720382897,-0.6535298244221389
3280,-0.16018241202374975,1.220173719934603,-0.6535298244223331
3281,-0.02977836855887213,0.8924294191525162,-0.9301647787927194
3282,-0.029778368511529183,0.8924294191525162,-0.9301647787927194
3283,-0.02977836855887213,0.8924294191525162,-0.9301647787927194
3284,-1.6511657064543466,0.10409366948243445,-0.2363583959062591
3285,-1.6511657064537548,0.10409366903104171,-0.2363583959062591
3286,-1.651165706453163,0.10409366948243445,-0.2363583959062591
3287,-1.6511657064537548,0.10409366903310757,-0.2363583959062591
3288,-1.6511657064543466,0.10409366948140152,-0.2363583959062591
3289,-1.6511657064999143,0.10409366903310757,-0.23635839590645333
3290,-1.6511657064537548,0.10409366948140152,-0.2363583959062591
3291,-1.6511657064537548,0.10409366903207465,-0.2363583959062591
3292,-1.6511657064537548,0.10409366948243445,-0.2363583959062591
3293,-1.6511657064537548,0.10409366903310757,-0.2363583959062591
3294,-1.6511657064537548,0.10409366948140152,-0.2363583959062591
3295,-1.6798910726802663,-0.7671085902194221,-0.7023477575464161
3296,-1.6798910726802663,-0.767108590668749,-0.7023477575464161
3297,-1.6798910726802663,-0.7671085902194221,-0.7023477575464161
3298,-1.679891072680858,-0.767108590668749,-0.7023477575466104
3299,-1.6798910726802663,-0.7671085902204551,-0.7023477575464161
3300,-1.679891072680858,-0.7671085902194221,-0.7023477575464161
3301,-1.6798910726335152,-0.7671085906677161,-0.7023477575464161
3302,-1.6798910726802663,-0.7671085902194221,-0.7023477575464161
3303,-1.6798910726802663,-0.7671085902194221,-0.7023477575464161
3304,-1.6798910726802663,-0.767108590668749,-0.7023477575466104
3305,-1.6798910726802663,-0.7671085902204551,-0.7023477575464161
3306,-1.6798910726802663,-0.7671085906677161,-0.7023477575464161
3307,-1.679891072680858,-0.7671085902194221,-0.7023477575464161
3308,-2.421226485583866,49.32989149722872,-0.439481963800704
3309,-2.421226485583866,49.329891496779396,-0.439481963800704
3310,-2.421226485583866,49.32989149722872,-0.439481963800704
3311,-2.421226485583866,49.32989149678043,-0.439481963800704
3312,-2.421226485583274,49.32989149722872,-0.439481963800704
3313,-2.421226485584458,49.32989149722924,-0.439481963800704
3314,-2.421226485537115,49.329891496779915,-0.4394819638008011
3315,-2.421226485583866,49.32989149722872,-0.439481963800704
3316,-2.421226485583866,49.32989149722872,-0.439481963800704
3317,-2.421226485583866,49.329891496779915,-0.439481963800704
3318,-2.421226485583866,49.32989149722872,-0.439481963800704
3319,-2.421226485583866,49.32989149678043,-0.439481963800704
3320,-2.421226485583866,49.3298914972282,-0.439481963800704
3321,-0.5177904236205011,2.24790768406231,-0.47453073630011283
3322,-0.5177904235737499,2.2479076840617935,-0.47453073630021
3323,-0.5177904236210928,2.247907684061277,-0.47453073630011283
3324,-0.5177904236199093,2.247907683614016,-0.47453073630011283
3325,-0.5177904235743417,2.2479076840607606,-0.47453073630011283
3326,-0.5177904236205011,2.24790768406231,-0.47453073630021
3327,-0.5177904236199093,2.2479076840617935,-0.47453073630011283
3328,-0.5177904235743417,2.2479076840617935,-0.47453073630011283
3329,-0.5177904236205011,2.2479076840617935,-0.47453073630011283
3330,-0.5177904236205011,2.24790768406231,-0.47453073630021
3331,-0.5177904235743417,2.2479076840607606,-0.47453073630011283
3332,-0.5177904236199093,2.2479076836134997,-0.47453073630011283
3333,-0.5177904236210928,2.2479076840617935,-0.47453073630011283
3334,-0.5177904235731582,2.2479076840617935,-0.47453073630021
3335,-0.5177904236210928,2.2479076840617935,-0.47453073630011283
3336,-3.207123043498737,2.386823158246245,-1.044073289415871
3337,-3.2071230435460794,2.386823158694539,-1.044073289415968
3338,-3.207123043498737,2.386823158245212,-1.044073289415871
3339,-0.33698020174605403,0.708261176652795,-0.18975945974228225
3340,-0.33698020179339694,0.7082611766522785,-0.18975945974228225
3341,-0.3369802017928052,0.7082611762029517,-0.18975945974218514
3342,-0.3369802017466458,0.7082611766522785,-0.18975945974228225
3343,-0.8109487444394041,1.2765517534723787,-0.7450634490301586
3344,-0.8109487444399959,1.2765517534713458,-0.7450634490300616
3345,-0.8109487444399959,1.2765517534713458,-0.7450634490301586
3346,-0.8109487444405876,1.2765517534718622,-0.7450634490301586
3347,-0.8109487444394041,1.2765517534718622,-0.7450634490301586
3348,-0.8109487444399959,1.2765517534718622,-0.7450634490301586
3349,-0.8109487444399959,1.2765517534713458,-0.7450634490300616
3350,-0.8109487444399959,1.2765517534713458,-0.7450634490301586
3351,-0.6218400834707413,4.891511256428174,-0.2363583959062591
3352,-0.621840083471333,4.891511256877501,-0.2363583959062591
3353,-0.6218400835174924,4.891511256427658,-0.2363583959062591
3354,-0.6218400834707413,4.891511256428174,-0.2363583959062591
3355,-0.6218400834719248,4.891511256877501,-0.2363583959062591
3356,-0.6218400834707413,4.891511256428174,-0.2363583959063562
3357,-0.6218400834707413,4.891511256877501,-0.2363583959062591
3358,-0.6218400834707413,4.891511256427658,-0.2363583959062591
3359,-0.6218400835174924,4.891511256428174,-0.2363583959062591
3360,-0.621840083471333,4.891511256877501,-0.2363583959062591
3361,-0.621840083471333,4.891511256427658,-0.2363583959062591
3362,-0.047332759030464716,-0.6077046291916496,-0.17422648102085952
3363,-0.047332759030464716,-0.6077046287428391,-0.17422648102095664
3364,-0.04733275898371356,-0.6077046291921661,-0.17422648102085952
3365,-0.0473327590310565,-0.6077046291916496,-0.17422648102095664
3366,-0.047332759030464716,-0.6077046287438721,-0.17422648102085952
3367,-0.0473327590310565,-0.6077046291916496,-0.17422648102095664
3368,-0.047332759030464716,-0.6077046287428391,-0.17422648102085952
3369,-0.047332759030464716,-0.6077046291916496,-0.17422648102095664
3370,-0.04733275898430534,-0.6077046291926824,-0.17422648102085952
3371,-0.047332759030464716,-0.6077046287428391,-0.17422648102095664
3372,-0.0473327590310565,-0.6077046291916496,-0.17422648102085952
3373,-0.8855549039336122,-0.8387520606182806,-0.21823658739804588
3374,-0.8855549039330204,-0.8387520606193135,-0.21823658739804588
3375,-0.885554903934204,-0.8387520606193135,-0.21823658739804588
3376,-0.8855549039336122,-0.838752060618797,-0.21823658739794874
3377,-0.8855549039336122,-0.8387520606182806,-0.21823658739804588
3378,-0.885554903934204,-0.8387520601705031,-0.21823658739804588
3379,-0.8855549039803634,-0.8387520606182806,-0.21823658739804588
3380,-0.8855549039336122,-0.838752060618797,-0.21823658739804588
3381,-0.8855549039336122,-0.8387520606182806,-0.21823658739794874
3382,-0.8855549039336122,-0.8387520606193135,-0.21823658739804588
3383,-0.8855549039336122,-0.8387520606182806,-0.21823658739804588
3384,-0.885554903934204,-0.8387520606193135,-0.21823658739804588
3385,-0.3708350976858197,0.01142868344033845,0.046193883691465314
3386,-0.37083509763966027,0.011428683439305516,0.046193883691465314
3387,-0.37083509768641143,0.01142868343827258,0.04619388369136819
3388,-0.37083509768700323,0.011428683439821983,0.046193883691465314
3389,-0.3708350976858197,0.011428683439305516,0.046193883691465314
3390,-0.37083509763966027,0.011428683439305516,0.046193883691465314
3391,-0.37083509768641143,0.011428683439305516,0.04619388369136819
3392,-0.37083509768700323,0.011428683439305516,0.046193883691465314
3393,-0.3708350976390685,0.011428683438789047,0.046193883691465314
3394,-0.37083509768700323,0.011428683439305516,0.046193883691465314
3395,-0.3708350976858197,0.011428683888115927,0.04619388369136819
3396,-0.37083509768641143,0.011428683439305516,0.046193883691465314
3397,-0.37083509763966027,0.011428683438789047,0.046193883691465314
3398,-0.37083509768700323,0.01142868344033845,0.046193883691465314
3399,-0.3708350976858197,0.011428683439305516,0.04619388369136819
3400,-0.37083509763966027,0.011428683439305516,0.046193883691465314
3401,-0.37083509768641143,0.011428683438789047,0.046193883691465314
3402,-0.37083509768700323,0.011428683439305516,0.046193883691465314
3403,-0.37083509768641143,0.011428683439305516,0.04619388369136819
3404,-0.37083509763966027,0.011428683439305516,0.046193883691465314
3405,-0.3708350976858197,0.011428683439821983,0.046193883691465314
3406,-0.5739644730936168,-0.3020331824374715,0.4936916039967247
3407,-0.573964473139776,-0.3020331824359221,0.49369160399662754
3408,-0.5739644730930249,-0.30203318198917756,0.4936916039967247
3409,-0.5739644730930249,-0.30203318243643856,0.4936916039967247
3410,-0.34894910436474635,-0.0595051329572274,-0.22082541718493348
3411,-0.34894910436356275,-0.05950513340448841,-0.22082541718493348
3412,-0.34894910436474635,-0.059505132956194466,-0.22082541718493348
3413,-0.34894910436356275,-0.05950513340552134,-0.22082541718493348
3414,-0.34894910436474635,-0.059505132956194466,-0.22082541718493348
3415,-0.34894910436415455,-0.0595051329572274,-0.22082541718483636
3416,-0.34894910436415455,-0.05950513340500488,-0.22082541718493348
3417,-0.34894910436356275,-0.059505132955678,-0.22082541718493348
3418,-0.34894910436474635,-0.05950513340603781,-0.22082541718493348
3419,-0.34894910436356275,-0.059505132956194466,-0.22082541718493348
3420,-0.3489491043179952,-0.059505132956710935,-0.22082541718493348
3421,-0.34894910436356275,-0.05950513340500488,-0.22082541718493348
3422,-0.34894910436474635,-0.059505132956194466,-0.22082541718493348
3423,-0.34894910436415455,-0.05950513340552134,-0.22082541718493348
3424,-0.34894910436415455,-0.059505132956710935,-0.22082541718493348
3425,-0.34894910436356275,-0.05950513340448841,-0.22082541718493348
3426,-0.34894910436474635,-0.059505132956710935,-0.22082541718483636
3427,-0.34894910436415455,-0.059505132956194466,-0.22082541718493348
3428,-0.34894910436415455,-0.05950513340552134,-0.22082541718493348
3429,-0.34894910436415455,-0.0595051329572274,-0.22082541718493348
3430,-0.34894910436415455,-0.05950513340448841,-0.22082541718493348
3431,-0.34894910436415455,-0.059505132956194466,-0.22082541718493348
3432,0.005330412384904826,-0.20205613630402855,-0.18975945974228225
3433,0.005330412384904826,-0.20205613675077308,-0.18975945974218514
3434,0.005330412384904826,-0.20205613630351207,-0.18975945974218514
3435,0.005330412384904826,-0.2020561363029956,-0.18975945974228225
3436,0.005330412384904826,-0.20205613675128956,-0.18975945974228225
3437,0.005330412384904826,-0.2020561363029956,-0.18975945974218514
3438,-0.9031092944057966,-1.2333982944845734,0.8354171358661796
3439,-0.9031092944052048,-1.2333982944825075,0.8354171358661796
3440,-0.9031092944052048,-1.2333982949328672,0.8354171358661796
3441,-0.9031092944063883,-1.2333982944835404,0.8354171358661796
3442,-1.0814459430511314,-2.2092508003095555,-0.04996265125015746
3443,-1.0814459430511314,-2.209250800310072,-0.049962651250254585
3444,-1.0814459430043804,-2.2092508003095555,-0.04996265125015746
3445,-1.0814459430505396,-2.209250800310072,-0.04996265125015746
3446,-1.0814459430517234,-2.2092508003095555,-0.04996265125015746
3447,-1.0814459430517234,-2.2092508003105884,-0.049962651250254585
3448,-1.0814459430505396,-2.209250800309039,-0.04996265125015746
3449,-1.0814459430517234,-2.209250800310072,-0.04996265125015746
3450,-1.0814459430037886,-2.2092508003095555,-0.04996265125015746
3451,-1.0814459430523151,-2.209250800310072,-0.049962651250254585
3452,-1.0814459430505396,-2.2092508003105884,-0.04996265125015746
3453,-0.6266276445089862,-2.3647174983487176,0.06653468915988178
3454,-0.6266276445083945,-2.3647174987985613,0.06653468915988178
3455,-0.6266276445089862,-2.364717498798045,0.06653468915978467
3456,-0.6266276445083945,-2.364717498349234,0.06653468915988178
3457,-0.6266276445089862,-2.3647174983497505,0.06653468915988178
3458,-0.6266276445557374,-2.364717498798045,0.06653468915978467
3459,-0.6266276445083945,-2.3647174987985613,0.06653468915988178
3460,-0.6266276445083945,-2.3647174983487176,0.06653468915988178
3461,-0.6266276445101698,-2.3647174983497505,0.06653468915988178
3462,-0.6266276445083945,-2.3647174987985613,0.06653468915988178
3463,-0.6266276445078027,-2.3647174987975283,0.06653468915978467
3464,-0.6266276445089862,-2.3647174983497505,0.06653468915988178
3465,-0.9645496610344745,-1.7122357251638889,0.009580433848257398
3466,-0.9645496610800421,-1.7122357251638889,0.009580433848354521
3467,-0.964549661033291,-1.712235724714562,0.009580433848257398
3468,-0.9645496610338827,-1.7122357251638889,0.009580433848257398
3469,-0.9645496610800421,-1.7122357251633724,0.009580433848257398
3470,-0.9645496610338827,-1.7122357251633724,0.009580433848257398
3471,-0.964549661033291,-1.7122357251649218,0.009580433848354521
3472,-0.9645496610812256,-1.712235725162856,0.009580433848257398
3473,-0.9645496610338827,-1.7122357251638889,0.009580433848257398
3474,-0.964549661033291,-1.7122357247150786,0.009580433848354521
3475,-0.9645496610800421,-1.7122357251638889,0.009580433848257398
3476,-0.9645496610344745,-1.7122357251633724,0.009580433848257398
3477,-1.4034094227828642,-0.8071803619815718,0.3797830933735731
3478,-1.4034094227840477,-0.8071803615322449,0.3797830933735731
3479,-1.403409422783456,-0.8071803619815718,0.379783093373476
3480,-1.4034094227840477,-0.8071803619810554,0.3797830933735731
3481,-1.403409422783456,-0.8071803615332779,0.3797830933735731
3482,-1.4034094227840477,-0.8071803619805389,0.379783093373476
3483,-1.4034094228296154,-0.8071803619820883,0.3797830933735731
3484,-1.403409422783456,-0.8071803615327614,0.3797830933735731
3485,-1.4034094227840477,-0.8071803619810554,0.3797830933735731
3486,-1.403409422783456,-0.8071803619810554,0.3797830933735731
3487,-1.4034094227840477,-0.8071803615327614,0.379783093373476
3488,-1.403409422783456,-0.8071803619810554,0.3797830933735731
3489,-0.6661250230588256,-0.8703237592565387,0.6645543699315007
3490,-0.666125023104985,-0.8703237592565387,0.6645543699314036
3491,-0.6661250230588256,-0.8703237592555058,0.6645543699314036
3492,-0.6661250230588256,-0.8703237592565387,0.6645543699315007
3493,-0.07366434471536569,-0.3493907303930511,-0.21416842630432373
3494,-0.07366434471477391,-0.3493907303930511,-0.21416842630442084
3495,-0.07366434476211685,-0.3493907303920181,-0.21416842630432373
3496,-0.07366434471477391,-0.34939073084134503,-0.21416842630432373
3497,-0.07366434471536569,-0.349390730394084,-0.21416842630432373
3498,-0.07366434471536569,-0.3493907303920181,-0.21416842630442084
3499,-0.07366434476152507,-0.34939073039356755,-0.21416842630432373
3500,-0.07366434471536569,-0.3493907303930511,-0.21416842630432373
3501,-0.07366434471418212,-0.3493907303920181,-0.21416842630442084
3502,-0.07366434471595748,-0.34939073039356755,-0.21416842630432373
3503,-0.07366434471536569,-0.34939073084186145,-0.21416842630432373
3504,-0.07366434476152507,-0.3493907303920181,-0.21416842630432373
3505,-0.07366434471477391,-0.34939073039356755,-0.21416842630442084
3506,-0.07366434471477391,-0.3493907303920181,-0.21416842630432373
3507,0.07714382795147924,-0.08246636861512668,0.13643309340584706
3508,0.07714382795147924,-0.08246636861512668,0.13643309340594417
3509,0.07714382790413629,-0.08246636861461022,0.13643309340584706
3510,0.07714382795207102,-0.08246636861409375,0.13643309340594417
3511,0.07714382795147924,-0.08246636861512668,0.13643309340584706
3512,0.07714382795147924,-0.08246636816631628,0.13643309340594417
3513,0.07714382790472808,-0.08246636861409375,0.13643309340584706
3514,0.07714382795266281,-0.08246636861461022,0.13643309340594417
3515,0.07714382795147924,-0.08246636861512668,0.13643309340584706
3516,0.07714382795147924,-0.08246636861512668,0.13643309340594417
3517,0.07714382795088745,-0.08246636861409375,0.13643309340584706
3518,0.07714382790531986,-0.08246636861461022,0.13643309340584706
3519,0.07714382795147924,-0.08246636861512668,0.13643309340594417
3520,0.07714382795147924,-0.08246636861409375,0.13643309340584706
3521,0.07714382795207102,-0.08246636861512668,0.13643309340594417
3522,0.07714382790472808,-0.08246636861409375,0.13643309340584706
3523,0.07714382795147924,-0.08246636816683274,0.13643309340594417
3524,0.07714382795147924,-0.08246636861409375,0.13643309340584706
3525,0.07714382795207102,-0.08246636861512668,0.13643309340594417
3526,0.07714382790531986,-0.08246636861461022,0.13643309340584706
3527,0.07714382795147924,-0.08246636861409375,0.13643309340594417
3528,0.07714382795147924,-0.08246636861512668,0.13643309340584706
3529,-0.03315421288247178,0.05618416866074921,0.020533175254365158
3530,-0.03315421288247178,0.05618416821245527,0.020533175254365158
3531,-0.033154212881879995,0.05618416866178214,0.020533175254365158
3532,-0.03315421283572062,0.05618416821245527,0.020533175254365158
3533,-0.03315421288247178,0.05618416866074921,0.020533175254365158
3534,-0.033154212881879995,0.05618416821245527,0.020533175254365158
3535,-0.033154212881879995,0.05618416866074921,0.020533175254268034
3536,-0.03315421288247178,0.05618416821297173,0.020533175254365158
3537,-0.033154212881879995,0.056184168661265674,0.020533175254365158
3538,-0.033154212835128836,0.0561841682119388,0.020533175254365158
3539,-0.033154212881879995,0.056184168661265674,0.020533175254365158
3540,-0.03315421288247178,0.0561841682119388,0.020533175254365158
3541,-0.03315421288247178,0.05618416866178214,0.020533175254365158
3542,-0.033154212881288204,0.056184168661265674,0.020533175254365158
3543,-0.03315421288247178,0.0561841682119388,0.020533175254365158
3544,-0.03315421288247178,0.05618416866074921,0.020533175254365158
3545,-0.033154212835128836,0.05618416821245527,0.020533175254365158
3546,-0.033154212881879995,0.05618416866178214,0.020533175254365158
3547,-0.03315421288247178,0.0561841682119388,0.020533175254365158
3548,-0.033154212881879995,0.056184168661265674,0.020533175254268034
3549,-0.033154212881879995,0.05618416821297173,0.020533175254365158
3550,-0.03315421288247178,0.05618416866023274,0.020533175254365158
3551,-0.033154212835128836,0.05618416821297173,0.020533175254365158
3552,-0.03315421288247178,0.056184168661265674,0.020533175254365158
3553,-0.03315421288247178,0.0561841682119388,0.020533175254365158
3554,-0.033154212881288204,0.056184168661265674,0.020533175254365158
3555,0.07280510076748616,-0.019861125191892936,0.0024611519343164896
3556,0.07280510072191858,-0.019861125191892936,0.0024611519343164896
3557,0.07280510076866974,-0.019861124743082527,0.0024611519344136137
3558,0.07280510076866974,-0.019861125192409405,0.0024611519343164896
3559,0.07280510072132679,-0.019861125191892936,0.0024611519343164896
3560,0.07280510076866974,-0.019861125191892936,0.0024611519343164896
3561,0.07280510076807795,-0.019861124743082527,0.0024611519343164896
3562,0.07280510072251037,-0.019861125191892936,0.0024611519343164896
3563,0.07280510076748616,-0.019861125191892936,0.0024611519344136137
3564,0.07280510076866974,-0.019861125191892936,0.0024611519343164896
3565,0.07280510072251037,-0.019861125192409405,0.0024611519343164896
3566,0.07280510076807795,-0.019861124743082527,0.0024611519343164896
3567,0.07280510076807795,-0.019861125191892936,0.0024611519343164896
3568,0.07280510072132679,-0.019861125191892936,0.0024611519344136137
3569,0.07280510076866974,-0.019861125191892936,0.0024611519343164896
3570,0.07280510072132679,-0.019861125192409405,0.0024611519343164896
3571,0.07280510076866974,-0.019861124743082527,0.0024611519343164896
3572,0.07280510076866974,-0.019861125191892936,0.0024611519343164896
3573,0.07280510072191858,-0.019861125191892936,0.0024611519344136137
3574,0.07280510076807795,-0.019861125191892936,0.0024611519343164896
3575,0.07280510076866974,-0.019861124743082527,0.0024611519343164896
3576,0.07280510072251037,-0.019861125192409405,0.0024611519343164896
3577,0.07280510076748616,-0.019861125191892936,0.0024611519343164896
3578,0.07280510076866974,-0.019861125191892936,0.0024611519344136137
3579,0.07280510072191858,-0.019861125191892936,0.0024611519343164896
3580,0.07280510076807795,-0.019861124743082527,0.0024611519343164896
3581,0.07280510076866974,-0.019861125192409405,0.0024611519343164896
3582,0.07280510072132679,-0.019861125191892936,0.0024611519343164896
3583,0.07280510076866974,-0.019861125191892936,0.0024611519343164896
3584,0.07280510076807795,-0.019861124743598992,0.0024611519344136137
3585,0.07280510072132679,-0.01986112519137647,0.0024611519343164896
3586,0.07280510076866974,-0.019861125192409405,0.0024611519343164896
3587,0.06818645568629922,0.031506537951445694,-0.007873289553662247
3588,0.06818645568629922,0.031506537950929225,-0.007873289553662247
3589,0.06818645568570744,0.031506537950929225,-0.007873289553662247
3590,0.06818645563895627,0.03150653795041276,-0.007873289553662247
3591,0.06818645568629922,0.031506537950929225,-0.007873289553662247
3592,0.06818645568570744,0.031506537951445694,-0.007873289553565123
3593,0.06818645568511565,0.03150653794989629,-0.007873289553662247
3594,0.06818645568629922,0.031506537951445694,-0.007873289553662247
3595,0.06818645568629922,0.031506537950929225,-0.007873289553662247
3596,0.06818645563895627,0.03150653795041276,-0.007873289553662247
3597,0.06818645568511565,0.031506537950929225,-0.007873289553662247
3598,0.06818645568629922,0.031506537950929225,-0.007873289553662247
3599,0.06818645568629922,0.031506537951445694,-0.007873289553662247
