time,dx,dy,dz
0,-1.4975954793618211,-1.9959762481544265,0.217682520563625
1,-1.4975954793152177,-1.9959762481544265,0.21768252056372212
2,-1.4975954793618211,-1.9959762481541683,0.217682520563625
3,-1.4975954793152177,-1.995976248154943,0.21768252056372212
4,-1.4975954793618211,-1.9959762481544265,0.217682520563625
5,-1.4527811459942788,-2.105566471585135,-0.1470437682585397
6,-1.4527811459479714,-2.105566471585393,-0.1470437682585397
7,-1.4527811459945745,-2.1055664715856515,-0.14704376825863683
8,-1.4527811459942788,-2.105566471585135,-0.1470437682585397
9,-1.4527811459479714,-2.1055664715856515,-0.1470437682585397
10,-1.4527811459941309,-2.105566471585135,-0.14704376825863683
11,-1.4527811459948705,-2.1055664715856515,-0.1470437682585397
12,-1.4527811459942788,-2.105566471585135,-0.1470437682585397
13,-1.4527811459476756,-2.105566472034462,-0.1470437682585397
14,-1.4527811459944266,-2.105566471585135,-0.1470437682585397
15,-1.4527811459947226,-2.1055664715856515,-0.14704376825863683
16,-1.4527811459476756,-2.1055664715856515,-0.1470437682585397
17,-1.4527811459944266,-2.105566471585135,-0.1470437682585397
18,-1.4527811459942788,-2.1055664715856515,-0.14704376825863683
19,-1.4527811459476756,-2.105566471585135,-0.1470437682585397
20,-1.4527811459948705,-2.105566471585135,-0.1470437682585397
21,-1.1927567371676933,-2.2081744926060893,0.04517684341805906
22,-1.192756737121238,-2.208174492157279,0.04517684341796194
23,-1.192756737167989,-2.2081744926050564,0.04517684341805906
24,-1.192756737167989,-2.208174492157279,0.04517684341796194
25,-1.192756737121238,-2.2081744926060893,0.04517684341805906
26,-1.1927567371678411,-2.2081744921567625,0.04517684341805906
27,-1.1927567371678411,-2.208174492605573,0.04517684341796194
28,-1.1927567371213859,-2.208174492605573,0.04517684341805906
29,-1.192756737167989,-2.208174492157279,0.04517684341805906
30,-1.192756737167989,-2.208174492605573,0.04517684341796194
31,-1.192756737167989,-2.2081744921567625,0.04517684341805906
32,-1.192756737121238,-2.208174492605573,0.04517684341805906
33,-1.1927567371678411,-2.208174492157279,0.04517684341796194
34,-1.192756737167989,-2.208174492605573,0.04517684341805906
35,-1.19275673712109,-2.2081744921567625,0.04517684341796194
36,-1.192756737167989,-2.2081744926060893,0.04517684341805906
37,-1.1377701905300726,-2.1916922086262747,-0.01889669380750623
38,-1.1377701905296287,-2.1916922086262747,-0.01889669380750623
39,-1.1377701905296287,-2.1916922081774644,-0.01889669380750623
40,-1.1377701905297766,-2.1916922086262747,-0.01889669380750623
41,-1.1377701905766757,-2.1916922086262747,-0.01889669380750623
42,-1.1377701905296287,-2.191692208625758,-0.01889669380750623
43,-1.1377701905299247,-2.1916922086262747,-0.01889669380750623
44,-1.1377701905297766,-2.191692208626791,-0.01889669380750623
45,-1.1377701905296287,-2.1916922081774644,-0.01889669380750623
46,-1.1377701905299247,-2.1916922086262747,-0.01889669380750623
47,-1.1377701905299247,-2.1916922086262747,-0.01889669380750623
48,-1.1377701905296287,-2.1916922086262747,-0.01889669380750623
49,-1.1377701905765278,-2.191692208625758,-0.01889669380750623
50,-1.1377701905300726,-2.1916922086262747,-0.01889669380750623
51,-1.1377701905294808,-2.1916922081774644,-0.01889669380750623
52,-1.1377701905300726,-2.1916922086262747,-0.01889669380750623
53,-1.1377701905296287,-2.191692208626791,-0.01889669380750623
54,-1.8510463797460417,-1.4912338342529528,-0.10432807677489424
55,-1.8510463797458936,-1.4912338338041422,-0.10432807677489424
56,-1.8510463797929406,-1.4912338338051752,-0.10432807677479712
57,-1.8510463797458936,-1.4912338342529528,-0.10432807677489424
58,-1.8510463797460417,-1.4912338342529528,-0.10432807677489424
59,-1.8510463797460417,-1.4912338338046587,-0.10432807677489424
60,-1.8510463797460417,-1.4912338338046587,-0.10432807677489424
61,-1.8510463797463375,-1.4912338342529528,-0.10432807677489424
62,-1.8510463797457457,-1.4912338342529528,-0.10432807677489424
63,-1.8510463797927927,-1.4912338338046587,-0.10432807677479712
64,-1.8510463797460417,-1.4912338338046587,-0.10432807677489424
65,-1.8510463797460417,-1.4912338342529528,-0.10432807677489424
66,-1.8454038970892168,-1.0755398008480876,-0.04330566036964484
67,-1.8454038971362638,-1.0755398008480876,-0.043305660369547715
68,-1.8454038970892168,-1.075539801296898,-0.04330566036964484
69,-1.8454038970895126,-1.0755398008475712,-0.04330566036964484
70,-1.8454038971362638,-1.0755398008480876,-0.043305660369547715
71,-1.8454038970892168,-1.0755398008480876,-0.04330566036964484
72,-1.8454038970892168,-1.0755398008480876,-0.04330566036964484
73,-1.8454038971362638,-1.0755398012963815,-0.043305660369547715
74,-1.8454038970892168,-1.0755398008475712,-0.04330566036964484
75,-1.8454038971359679,-1.0755398008486041,-0.043305660369547715
76,-1.8454038970895126,-1.0755398008475712,-0.04330566036964484
77,-1.8454038970892168,-1.0755398012963815,-0.04330566036964484
78,-1.8454038971362638,-1.0755398008480876,-0.043305660369547715
79,-1.8454038970892168,-1.0755398008486041,-0.04330566036964484
80,-2.1187508344304313,-1.1071114994853128,-0.01889669380750623
81,-2.118750834383384,-1.1071114999341232,-0.01889669380750623
82,-2.1187508344304313,-1.1071114994847964,-0.01889669380750623
83,-2.1187508344304313,-1.1071114999341232,-0.01889669380750623
84,-2.118750834383384,-1.1071114994853128,-0.01889669380750623
85,-2.118750834430135,-1.1071114999341232,-0.01889669380750623
86,-2.118750834430135,-1.1071114994853128,-0.01889669380750623
87,-2.118750834383976,-1.1071114999341232,-0.01889669380750623
88,-2.118750834430135,-1.1071114994853128,-0.01889669380750623
89,-2.430341265270427,-1.5175435831177373,0.40826022102933673
90,-2.430341265224563,-1.5175435831177373,0.40826022102933673
91,-2.4303412652239715,-1.5175435826694434,0.40826022102933673
92,-2.4303412652707226,-1.517543583117221,0.40826022102933673
93,-2.3309993737253625,-1.9222353574992086,0.10536713596319583
94,-2.3309993737253625,-1.9222353574986921,0.10536713596319583
95,-2.3309993737247705,-1.9222353574986921,0.10536713596329295
96,-2.3309993737256582,-1.922235357499725,0.10536713596319583
97,-2.3309993737250663,-1.9222353574986921,0.10536713596319583
98,-2.3309993737250663,-1.9222353570498818,0.10536713596319583
99,-2.3309993737250663,-1.9222353574992086,0.10536713596319583
100,-2.3309993737253625,-1.9222353574992086,0.10536713596319583
101,-2.3309993737247705,-1.9222353574986921,0.10536713596329295
102,-2.3309993737253625,-1.9222353574986921,0.10536713596319583
103,-2.3309993737250663,-1.9222353574992086,0.10536713596319583
104,-1.9991615493320545,-1.9595473649390933,-0.08297023103307152
105,-1.9991615493317587,-1.9595473649385768,-0.08297023103297439
106,-1.9991615493788057,-1.959547365386871,-0.08297023103307152
107,-1.9991615493320545,-1.9595473649390933,-0.08297023103297439
108,-1.9991615493320545,-1.9595473649385768,-0.08297023103307152
109,-1.9991615493317587,-1.9595473649390933,-0.08297023103307152
110,-1.9991615493320545,-1.9595473649385768,-0.08297023103297439
111,-1.9991615493320545,-1.9595473653873874,-0.08297023103307152
112,-1.9991615493785098,-1.9595473649390933,-0.08297023103307152
113,-1.9991615493320545,-1.9595473649385768,-0.08297023103297439
114,-1.9991615493320545,-1.9595473649385768,-0.08297023103307152
115,-1.9991615493317587,-1.9595473649385768,-0.08297023103307152
116,-1.9991615493320545,-1.9595473649385768,-0.08297023103297439
117,-1.9991615493785098,-1.9595473653879039,-0.08297023103307152
118,-1.9991615493323505,-1.9595473649385768,-0.08297023103297439
119,-1.9991615493317587,-1.9595473649385768,-0.08297023103307152
120,-1.8564675885673854,-1.8611179514349918,-0.07920119943157339
121,-1.8564675885673854,-1.8611179514339589,-0.07920119943147627
122,-1.8564675886144324,-1.8611179514339589,-0.07920119943157339
123,-1.8564675885673854,-1.8611179514339589,-0.07920119943147627
124,-1.8564675885673854,-1.861117950985665,-0.07920119943157339
125,-1.8564675885679771,-1.8611179514339589,-0.07920119943147627
126,-1.8564675886141364,-1.8611179514344753,-0.07920119943157339
127,-1.8564675885676811,-1.8611179514339589,-0.07920119943147627
128,-1.8564675885673854,-1.8611179514339589,-0.07920119943157339
129,-1.8564675885673854,-1.8611179514344753,-0.07920119943147627
130,-1.8564675886144324,-1.8611179514344753,-0.07920119943157339
131,-1.8564675885676811,-1.8611179514339589,-0.07920119943147627
132,-1.8564675885673854,-1.861117950985665,-0.07920119943157339
133,-1.8564675885676811,-1.8611179514339589,-0.07920119943147627
134,-1.8564675886141364,-1.8611179514339589,-0.07920119943157339
135,-1.8564675885676811,-1.8611179514349918,-0.07920119943147627
136,-1.8564675885673854,-1.8611179514339589,-0.07920119943157339
137,-1.1532593585712507,-2.496266243120419,-1.385798821285423
138,-0.11619998316082397,-2.457408767840437,-0.01889669380750623
139,-0.11619998316082397,-2.4574087678399206,-0.01889669380750623
140,-0.11619998320757513,-2.457408767840437,-0.01889669380750623
141,-0.11619998316052808,-2.4574087678399206,-0.01889669380750623
142,-0.11619998316111987,-2.457408767840437,-0.01889669380750623
143,-0.11619998316052808,-2.4574087678399206,-0.01889669380750623
144,-0.11619998320757513,-2.457408768288731,-0.01889669380750623
145,-0.11619998316052808,-2.4574087678399206,-0.01889669380750623
146,-0.11619998316111987,-2.4574087678399206,-0.01889669380750623
147,-0.1161999831602322,-2.457408767840437,-0.01889669380750623
148,-0.11619998320787103,-2.457408767840437,-0.01889669380750623
149,-0.11619998316082397,-2.4574087678399206,-0.01889669380750623
150,-0.11619998316052808,-2.457408767840437,-0.01889669380750623
151,-0.17021349233397998,-1.8385225197127897,0.2373974550945607
152,-0.17021349228722882,-1.8385225201621165,0.23739745509465782
153,-0.17021349228693292,-1.8385225201621165,0.2373974550945607
154,-0.17021349233368407,-1.8385225197133062,0.23739745509465782
155,-0.17021349233368407,-1.8385225197133062,0.2373974550945607
156,-0.170213492286637,-1.8385225201621165,0.2373974550945607
157,-0.17021349228722882,-1.8385225201616002,0.23739745509465782
158,-0.17021349233397998,-1.8385225197138226,0.2373974550945607
159,-0.17021349233338817,-1.8385225197133062,0.23739745509465782
160,-0.17021349228722882,-1.8385225201621165,0.2373974550945607
161,-0.17021349228693292,-1.8385225201621165,0.23739745509465782
162,-0.17021349233368407,-1.8385225197127897,0.2373974550945607
163,-1.244223018289326,-1.9911190635763185,0.07430117852054459
164,-1.244223018335781,-1.9911190640246126,0.07430117852054459
165,-1.24422301828903,-1.991119063575802,0.07430117852044747
166,-1.24422301828903,-1.991119063576835,0.07430117852054459
167,-1.24422301828903,-1.9911190640246126,0.07430117852054459
168,-1.244223018335781,-1.991119063575802,0.07430117852054459
169,-1.24422301828903,-1.991119064025129,0.07430117852054459
170,-1.24422301828903,-1.9911190635763185,0.07430117852054459
171,-1.244223018289326,-1.9911190635763185,0.07430117852044747
172,-1.244223018335781,-1.9911190640246126,0.07430117852054459
173,-1.244223018288734,-1.9911190635763185,0.07430117852054459
174,-1.1532593586180018,-2.5804574399355076,-0.7023477575464161
175,-1.1532593585709547,-2.5804574394872137,-0.7023477575465132
176,-1.1532593586180018,-2.580457439936024,-0.7023477575464161
177,-1.9206369991318857,-1.7520762019513498,0.005512272754632378
178,-1.9206369990848386,-1.7520762019518663,0.005512272754535254
179,-1.92063699913159,-1.7520762019518663,0.005512272754632378
180,-1.9206369991318857,-1.7520762023996437,0.005512272754632378
181,-1.9206369990851346,-1.7520762019513498,0.005512272754535254
182,-1.920636999131294,-1.7520762019523828,0.005512272754632378
183,-1.92063699913159,-1.7520762019513498,0.005512272754535254
184,-1.9206369990848386,-1.7520762019513498,0.005512272754632378
185,-1.9206369991318857,-1.7520762019518663,0.005512272754632378
186,-1.9206369990851346,-1.7520762019513498,0.005512272754535254
187,-1.920636999131294,-1.7520762024001602,0.005512272754632378
188,-1.9206369991318857,-1.7520762019513498,0.005512272754632378
189,-1.9206369990848386,-1.7520762019518663,0.005512272754535254
190,-1.92063699913159,-1.7520762019513498,0.005512272754632378
191,-2.2065227867428265,-0.9216277695420942,-0.01889669380750623
192,-2.2065227867895776,-0.9216277699909046,-0.01889669380750623
193,-2.2065227867425308,-0.9216277695415778,-0.01889669380750623
194,-2.2065227867431223,-0.9216277695415778,-0.01889669380750623
195,-2.2065227867895776,-0.9216277699909046,-0.01889669380750623
196,-2.2065227867428265,-0.9216277695426107,-0.01889669380750623
197,-2.206522786789874,-0.9216277699898717,-0.01889669380750623
198,-2.2065227867428265,-0.9216277695420942,-0.01889669380750623
199,-2.2065227867428265,-0.9216277695420942,-0.01889669380750623
200,-2.206522786789874,-0.9216277699903881,-0.01889669380750623
201,-2.2065227867428265,-0.9216277695415778,-0.01889669380750623
202,-2.2065227867895776,-0.9216277699909046,-0.01889669380750623
203,-2.2065227867425308,-0.9216277695420942,-0.01889669380750623
204,-2.2065227867431223,-0.9216277695420942,-0.01889669380750623
205,-2.2065227867895776,-0.9216277699903881,-0.01889669380750623
206,-2.2065227867428265,-0.9216277695415778,-0.01889669380750623
207,-2.41190915524963,-0.5451352624837627,-0.08724180018143607
208,-2.41190915524963,-0.5451352624832462,-0.08724180018133894
209,-2.411909155249926,-0.5451352624827297,-0.08724180018143607
210,-2.41190915524963,-0.5451352624837627,-0.08724180018133894
211,-2.411909155296381,-0.5451352624832462,-0.08724180018143607
212,-2.41190915524963,-0.5451352624832462,-0.08724180018143607
213,-2.41190915524963,-0.5451352624832462,-0.08724180018133894
214,-2.411909155249926,-0.5451352624827297,-0.08724180018143607
215,-2.41190915524963,-0.5451352624832462,-0.08724180018133894
216,-2.4119091552493344,-0.5451352624832462,-0.08724180018143607
217,-2.6926443689724926,-0.19881801340035493,-0.01889669380750623
218,-2.692644369018948,-0.19881801340035493,-0.01889669380750623
219,-2.6926443689727884,-0.19881801384916534,-0.01889669380750623
220,-2.692644369018652,-0.19881801340035493,-0.01889669380750623
221,-2.6926443689724926,-0.19881801340035493,-0.01889669380750623
222,-2.6926443689719006,-0.19881801340035493,-0.01889669380750623
223,-2.69264436901954,-0.1988180138486489,-0.01889669380750623
224,-2.692644368972197,-0.1988180134008714,-0.01889669380750623
225,-2.6926443689724926,-0.19881801339983848,-0.01889669380750623
226,-2.692644369018652,-0.19881801340035493,-0.01889669380750623
227,-2.6926443689727884,-0.1988180138486489,-0.01889669380750623
228,-2.692644369018948,-0.19881801340138788,-0.01889669380750623
229,-2.6926443689724926,-0.19881801340035493,-0.01889669380750623
230,-2.565589864529835,-0.06237528758167122,0.07430117852054459
231,-2.5655898645762902,-0.06237528758167122,0.07430117852054459
232,-2.565589864529835,-0.06237528758270416,0.07430117852054459
233,-2.565589864529539,-0.06237528758115475,0.07430117852054459
234,-2.5655898645765864,-0.06237528758270416,0.07430117852054459
235,-2.565589864529539,-0.06237528758167122,0.07430117852044747
236,-2.5655898645765864,-0.06237528758218769,0.07430117852054459
237,-2.565589864529539,-0.06237528758218769,0.07430117852054459
238,-2.565589864529835,-0.06237528758167122,0.07430117852054459
239,-2.5655898645762902,-0.06237528758218769,0.07430117852054459
240,-2.565589864530131,-0.06237528758218769,0.07430117852054459
241,-2.7331545008518416,-0.020143015197919684,-0.04330566036964484
242,-2.7331545008518416,-0.020143015198436153,-0.043305660369547715
243,-2.7331545008056826,-0.020143015197919684,-0.04330566036964484
244,-2.7331545008518416,-0.020143015646213628,-0.04330566036964484
245,-2.7331545008524336,-0.020143015198952622,-0.04330566036964484
246,-2.7331545008518416,-0.020143015197919684,-0.043305660369547715
247,-2.7331545008050906,-0.020143015197919684,-0.04330566036964484
248,-2.733154500852138,-0.020143015198436153,-0.04330566036964484
249,-2.733154500852138,-0.020143015197919684,-0.043305660369547715
250,-2.733154500852138,-0.020143015197919684,-0.04330566036964484
251,-2.733154500852138,-0.020143015647246566,-0.04330566036964484
252,-2.7331545008050906,-0.020143015197919684,-0.04330566036964484
253,-2.7331545008524336,-0.020143015197919684,-0.043305660369547715
254,-2.7331545008518416,-0.020143015197919684,-0.04330566036964484
255,-2.8121492579518166,0.5293548839249979,0.15196607212726979
256,-2.812149257952408,0.5293548839244814,0.15196607212717267
257,-2.8121492579521123,0.5293548834767039,0.15196607212726979
258,-2.812149257952408,0.5293548839249979,0.15196607212726979
259,-2.8121492579515204,0.5293548839249979,0.15196607212717267
260,-2.8121492579988634,0.5293548839244814,0.15196607212726979
261,-2.8121492579521123,0.5293548839249979,0.15196607212726979
262,-2.812149257952408,0.5293548839255143,0.15196607212717267
263,-2.8121492579521123,0.5293548839244814,0.15196607212726979
264,-2.8121492579518166,0.5293548834767039,0.15196607212726979
265,-2.812149257952408,0.5293548839249979,0.15196607212717267
266,-2.8121492579518166,0.5293548839249979,0.15196607212726979
267,-2.323134094887511,0.4759836787650174,0.005512272754632378
268,-2.3231340948872155,0.47598367876450093,0.005512272754535254
269,-2.323134094887511,0.47598367921434426,0.005512272754632378
270,-2.32313409484076,0.47598367876450093,0.005512272754632378
271,-2.3231340948872155,0.4759836787655339,0.005512272754535254
272,-2.323134094887511,0.4759836787650174,0.005512272754632378
273,-2.323134094887807,0.4759836792138278,0.005512272754632378
274,-2.3231340948869197,0.4759836787650174,0.005512272754535254
275,-2.323134094887511,0.4759836787650174,0.005512272754632378
276,-2.323134094887511,0.4759836787655339,0.005512272754535254
277,-2.32313409484076,0.47598367876450093,0.005512272754632378
278,-2.3231340948872155,0.4759836792138278,0.005512272754632378
279,-2.3231340948872155,0.4759836787650174,0.005512272754535254
280,-2.323134094887807,0.4759836787650174,0.005512272754632378
281,-1.6894661947558687,0.2992641705572556,-0.01889669380750623
282,-1.6894661947558687,0.2992641705572556,-0.01889669380750623
283,-1.6894661947561647,0.2992641701079288,-0.01889669380750623
284,-1.6894661947558687,0.2992641705572556,-0.01889669380750623
285,-1.6894661947558687,0.29926417055673915,-0.01889669380750623
286,-1.6894661947094134,0.2992641705572556,-0.01889669380750623
287,-1.6894661947558687,0.2992641705572556,-0.01889669380750623
288,-1.6894661947558687,0.2992641705572556,-0.01889669380750623
289,-1.6894661947558687,0.29926417010844525,-0.01889669380750623
290,-1.6894661947558687,0.2992641705572556,-0.01889669380750623
291,-1.6894661947561647,0.29926417055673915,-0.01889669380750623
292,-1.5985025350383852,0.2648223172940372,0.043235221077893356
293,-1.5985025350377935,0.2648223172940372,0.04323522107779623
294,-1.5985025350851365,0.2648223172945537,0.043235221077893356
295,-1.5985025350377935,0.26482231729352074,0.04323522107779623
296,-1.5985025350383852,0.2648223172945537,0.043235221077893356
297,-1.5985025350380895,0.26482231774284765,0.04323522107779623
298,-1.5985025350380895,0.26482231729352074,0.043235221077893356
299,-1.5985025350380895,0.2648223172945537,0.04323522107779623
300,-1.5985025350848405,0.2648223172940372,0.043235221077893356
301,-1.5985025350380895,0.2648223172945537,0.04323522107779623
302,-1.5985025350380895,0.2648223172940372,0.043235221077893356
303,-1.6309895563692494,0.17379741986559824,-0.01889669380750623
304,-1.6309895563695453,0.1737974194173043,-0.01889669380750623
305,-1.6309895563692494,0.17379741986559824,-0.01889669380750623
306,-1.6309895563692494,0.17379741986559824,-0.01889669380750623
307,-1.6309895563692494,0.1737974194173043,-0.01889669380750623
308,-1.6309895563692494,0.17379741986559824,-0.01889669380750623
309,-1.6309895563692494,0.17379741941678784,-0.01889669380750623
310,-1.6309895564160006,0.17379741986559824,-0.01889669380750623
311,-1.6309895563692494,0.17379741986559824,-0.01889669380750623
312,-1.6309895563692494,0.1737974194173043,-0.01889669380750623
313,-1.6309895563695453,0.17379741986559824,-0.01889669380750623
314,-1.6309895563686576,0.17379741986559824,-0.01889669380750623
315,-1.6309895563695453,0.17379741941678784,-0.01889669380750623
316,-1.6309895563695453,0.17379741986559824,-0.01889669380750623
317,-1.7229791220203292,0.0007681096932956532,0.012169263635145
318,-1.7229791220206252,0.0007681101410731289,0.012169263635242124
319,-1.7229791219732822,0.0007681096932956532,0.012169263635145
320,-1.7229791220206252,0.0007681096922627179,0.012169263635145
321,-1.7229791220206252,0.0007681101421060642,0.012169263635145
322,-1.7229791220200334,0.0007681096922627179,0.012169263635242124
323,-1.7229791220206252,0.0007681101415895965,0.012169263635145
324,-1.7229791220203292,0.0007681096927791856,0.012169263635145
325,-1.7229791219735782,0.0007681096922627179,0.012169263635145
326,-1.7229791220206252,0.0007681101421060642,0.012169263635242124
327,-1.7229791220203292,0.0007681096922627179,0.012169263635145
328,-1.7413314393086483,0.19785204733522127,0.4367373486851003
329,-1.7413314393553996,0.19785204733418835,0.4367373486851974
330,-1.7413314393083525,0.19785204733522127,0.4367373486851003
331,-1.7413314393086483,0.19785204733522127,0.4367373486851003
332,-1.7413314393553996,0.19785204733470482,0.4367373486851974
333,-1.7413314393086483,0.19785204733470482,0.4367373486851003
334,-1.3789586646513232,0.14673596357040247,0.12755710556513117
335,-1.378958664604572,0.14673596356988602,0.12755710556513117
336,-1.378958664651619,0.14673596357091895,0.12755710556513117
337,-1.378958664604572,0.14673596401869643,0.12755710556513117
338,-1.3789586646513232,0.14673596357040247,0.12755710556513117
339,-1.378958664604572,0.14673596357040247,0.12755710556513117
340,-1.3789586646513232,0.14673596356988602,0.12755710556513117
341,-1.557010339377343,0.1452325496061683,-0.30366797036543386
342,-1.557010339424094,0.1452325491573579,-0.30366797036533677
343,-1.5570103393776387,0.14523254960513537,-0.30366797036543386
344,-1.557010339377343,0.1452325496061683,-0.30366797036543386
345,-1.557010339424094,0.1452325491573579,-0.30366797036533677
346,-1.557010339377047,0.14523254960565182,-0.30366797036543386
347,-1.1927567371213859,0.23468569574540343,-0.18975945974228225
348,-1.1927567371675452,0.23468569574488696,-0.18975945974228225
349,-1.192756737168433,0.23468569619421384,-0.18975945974218514
350,-1.19275673712109,0.23468569574488696,-0.18975945974228225
351,-1.932674295447469,0.0547270129735627,-0.42896733205089105
352,-1.9326742954468772,0.054727013422373114,-0.42896733205089105
353,-1.9326742954007177,0.0547270129735627,-0.4289673320507939
354,-1.9326742954468772,0.054727013422373114,-0.42896733205089105
355,-1.9326742954477647,0.05472701297252977,-0.42896733205089105
356,-2.0297249970202262,0.09261305142882137,0.005512272754632378
357,-2.0297249970672735,0.09261305187659885,0.005512272754535254
358,-2.0297249970205224,0.09261305142830491,0.005512272754632378
359,-2.0297249970205224,0.09261305142778845,0.005512272754632378
360,-2.029724997020818,0.09261305187659885,0.005512272754535254
361,-2.0297249970672735,0.09261305142882137,0.005512272754632378
362,-2.0297249970205224,0.09261305142830491,0.005512272754632378
363,-2.0297249970205224,0.09261305187659885,0.005512272754535254
364,-2.0297249970669777,0.09261305142778845,0.005512272754632378
365,-2.029724997020818,0.09261305187659885,0.005512272754535254
366,-2.029724997020818,0.09261305142882137,0.005512272754632378
367,-2.0297249970202262,0.09261305142830491,0.005512272754632378
368,-2.0297249970675693,0.09261305187659885,0.005512272754535254
369,-2.0297249970202262,0.09261305142778845,0.005512272754632378
370,-2.3294035200463417,0.318876892560492,0.038057561504118154
371,-2.329403520045454,0.31887689211168163,0.03805756150402103
372,-2.3294035200463417,0.31887689255997553,0.038057561504118154
373,-2.329403520045454,0.31887689211219805,0.03805756150402103
374,-2.3294035200463417,0.31887689255997553,0.038057561504118154
375,-2.329403520092501,0.31887689211116516,0.03805756150402103
376,-2.329403520046046,0.3188768925610085,0.038057561504118154
377,-2.329403520046046,0.31887689255997553,0.038057561504118154
378,-2.32940352004575,0.31887689211116516,0.03805756150402103
379,-2.329403520046046,0.318876892560492,0.038057561504118154
380,-2.32940352004575,0.31887689211168163,0.03805756150402103
381,-2.329403520046046,0.318876892560492,0.038057561504118154
382,-2.307798116395484,0.6366177062529037,0.08624962369081748
383,-2.307798116395188,0.636617706701714,0.08624962369072035
384,-2.307798116395484,0.6366177062534201,0.08624962369081748
385,-2.307798116395484,0.6366177067022305,0.08624962369081748
386,-2.307798116395484,0.6366177062529037,0.08624962369072035
387,-2.307798116395484,0.6366177062534201,0.08624962369081748
388,-2.307798116348437,0.6366177067022305,0.08624962369081748
389,-2.307798116395188,0.6366177062523872,0.08624962369081748
390,-2.307798116395484,0.6366177062534201,0.08624962369072035
391,-2.3077981163957797,0.6366177067022305,0.08624962369081748
392,-2.307798116395188,0.6366177062534201,0.08624962369081748
393,-2.3077981163957797,0.6366177067011975,0.08624962369072035
394,-2.307798116395188,0.6366177062539365,0.08624962369081748
395,-2.3685633141682003,0.6997611039766809,0.05996304431623655
396,-2.3685633141684965,0.6997611035278706,0.05996304431623655
397,-2.3685633141682003,0.6997611039771974,0.05996304431623655
398,-2.3685633141682003,0.6997611039761644,0.05996304431613943
399,-2.3685633141682003,0.6997611035278706,0.05996304431623655
400,-2.3685633141684965,0.6997611039771974,0.05996304431623655
401,-2.3685633141679046,0.6997611039771974,0.05996304431623655
402,-2.3685633141687923,0.6997611039761644,0.05996304431623655
403,-2.3685633141679046,0.6997611035278706,0.05996304431623655
404,-2.3685633141684965,0.6997611039766809,0.05996304431613943
405,-2.3685633141682003,0.6997611039771974,0.05996304431623655
406,-2.3685633141682003,0.6997611035278706,0.05996304431623655
407,-2.3685633141684965,0.6997611039766809,0.05996304431623655
408,-2.582688296813847,-0.04269422870279207,-0.18975945974228225
409,-2.5826882968141427,-0.04269422870279207,-0.18975945974218514
410,-2.582688296814439,-0.04269422870279207,-0.18975945974228225
411,-2.582688296860894,-0.042694228254498125,-0.18975945974218514
412,-2.5826882968141427,-0.04269422870279207,-0.18975945974228225
413,-2.582688296814439,-0.04269422870279207,-0.18975945974218514
414,-2.582688296813847,-0.04269422870279207,-0.18975945974228225
415,-2.582688296814439,-0.04269422870279207,-0.18975945974228225
416,-2.5826882968141427,-0.04269422870279207,-0.18975945974218514
417,-2.5826882968141427,-0.04269422870279207,-0.18975945974228225
418,-2.582688296860598,-0.042694228254498125,-0.18975945974218514
419,-2.5826882968147347,-0.0426942287022756,-0.18975945974228225
420,-2.582688296813847,-0.04269422870279207,-0.18975945974218514
421,-2.5826882968147347,-0.04269422870279207,-0.18975945974228225
422,-2.2027611316849294,0.17379741986559824,0.17637503868931126
423,-2.202761131638474,0.17379741941678784,0.17637503868931126
424,-2.202761131638178,0.17379741986559824,0.1763750386894084
425,-2.202761131685225,0.17379741986559824,0.17637503868931126
426,-2.2027611316849294,0.1737974194173043,0.17637503868931126
427,-2.202761131638474,0.17379741986559824,0.17637503868931126
428,-2.20276113163877,0.17379741986559824,0.17637503868931126
429,-2.2027611316849294,0.17379741941678784,0.1763750386894084
430,-2.202761131685225,0.17379741986559824,0.17637503868931126
431,-2.202761131638178,0.1737974194173043,0.17637503868931126
432,-2.202761131638474,0.17379741986559824,0.17637503868931126
433,-2.202761131685521,0.17379741986559824,0.1763750386894084
434,-2.2027611316849294,0.1737974194173043,0.17637503868931126
435,-2.202761131638474,0.17379741986559824,0.17637503868931126
436,-1.688668267892687,0.4819973359689018,0.12348894447140903
437,-1.688668267939734,0.48199733552009144,0.12348894447150616
438,-1.688668267892687,0.4819973359689018,0.12348894447140903
439,-1.68866826794003,0.48199733552009144,0.12348894447140903
440,-1.688668267892983,0.4819973359689018,0.12348894447150616
441,-1.68866826794003,0.4819973355206079,0.12348894447140903
442,-1.688668267892687,0.4819973359683854,0.12348894447140903
443,-1.688668267892983,0.4819973359683854,0.12348894447150616
444,-1.68866826794003,0.4819973355206079,0.12348894447140903
445,-1.688668267892687,0.4819973359694183,0.12348894447140903
446,-1.688668267939734,0.48199733552009144,0.12348894447150616
447,-1.688668267892687,0.4819973359683854,0.12348894447140903
448,-1.6579480846026113,0.31361494278753504,-0.07585094911913061
449,-1.6579480846020196,0.31361494233872467,-0.07585094911903349
450,-1.6579480845552683,0.31361494278753504,-0.07585094911903349
451,-1.6579480846023154,0.3136149423382082,-0.07585094911913061
452,-1.6579480846023154,0.31361494278753504,-0.07585094911913061
453,-1.65794808455586,0.31361494278753504,-0.07585094911903349
454,-1.6579480846020196,0.3136149423382082,-0.07585094911913061
455,-1.6579480846026113,0.31361494278753504,-0.07585094911903349
456,-1.6579480846023154,0.31361494233872467,-0.07585094911913061
457,-1.6579480846020196,0.31361494278753504,-0.07585094911903349
458,-1.657948084556156,0.3136149423382082,-0.07585094911903349
459,-1.6579480846017236,0.31361494278753504,-0.07585094911913061
460,-1.7193884512304016,-0.5546067719846,0.2943517104061851
461,-1.7193884512301056,-0.5546067724334104,0.2943517104061851
462,-1.7193884512309934,-0.5546067719840835,0.2943517104061851
463,-1.719388451276857,-0.5546067719851164,0.2943517104061851
464,-1.7193884512304016,-0.5546067719846,0.2943517104061851
465,-1.7193884512306974,-0.5546067719846,0.29435171040608793
466,-1.7193884512298099,-0.5546067724339269,0.2943517104061851
467,-1.7193884512304016,-0.5546067719840835,0.2943517104061851
468,-1.7193884512774487,-0.5546067719851164,0.2943517104061851
469,-1.7193884512298099,-0.5546067724339269,0.2943517104061851
470,-1.7193884512312891,-0.5546067719840835,0.2943517104061851
471,-1.7193884512298099,-0.5546067719851164,0.2943517104061851
472,-0.9385556597772584,-1.048825286788454,0.05996304431623655
473,-0.9385556597769625,-1.04882528634016,0.05996304431623655
474,-0.9385556597769625,-1.0488252867889705,0.05996304431623655
475,-0.9385556597769625,-1.0488252867889705,0.05996304431613943
476,-0.9385556597766666,-1.04882528634016,0.05996304431623655
477,-0.9385556597775543,-1.0488252867889705,0.05996304431623655
478,-0.9385556597766666,-1.0488252867889705,0.05996304431623655
479,-0.9385556597766666,-1.0488252867889705,0.05996304431623655
480,-0.9385556597775543,-1.04882528634016,0.05996304431623655
481,-0.9385556597766666,-1.048825286788454,0.05996304431613943
482,-0.9385556597766666,-1.048825286789487,0.05996304431623655
483,-0.9385556597766666,-1.0488252863396434,0.05996304431623655
484,-0.9385556597775543,-1.0488252867889705,0.05996304431623655
485,0.005330412384904826,-1.6227825785758434,0.03805756150402103
486,0.005330412384904826,-1.6227825790241373,0.038057561504118154
487,0.005330412384904826,-1.6227825785758434,0.038057561504118154
488,0.005330412384904826,-1.622782578575327,0.03805756150402103
489,0.005330412384904826,-1.6227825790246537,0.03805756150402103
490,0.005330412384904826,-1.6227825785758434,0.038057561504118154
491,0.005330412384904826,-1.6227825785758434,0.038057561504118154
492,0.005330412384904826,-1.6227825790246537,0.03805756150402103
493,0.005330412384904826,-1.6227825785758434,0.03805756150402103
494,0.005330412384904826,-1.6227825785758434,0.038057561504118154
495,0.005330412384904826,-1.6227825790241373,0.038057561504118154
496,0.005330412384904826,-1.622782578575327,0.03805756150402103
497,-0.003446782873971152,-1.8122127708485214,0.09501181681564541
498,-0.0034467828278117803,-1.8122127712978484,0.09501181681564541
499,-0.003446782828107674,-1.8122127708490379,0.09501181681564541
500,-0.0034467828742670457,-1.8122127708490379,0.09501181681564541
501,-0.003446782873971152,-1.812212771297332,0.09501181681564541
502,-0.003446782828107674,-1.8122127708485214,0.09501181681564541
503,-0.0034467828275158868,-1.8122127708485214,0.09501181681574254
504,-0.003446782874562939,-1.8122127712983649,0.09501181681564541
505,-0.003446782873971152,-1.8122127708485214,0.09501181681564541
506,-0.003446782828107674,-1.8122127708485214,0.09501181681564541
507,-0.0034467828275158868,-1.812212771297332,0.09501181681564541
508,-0.003446782873971152,-1.8122127708490379,0.09501181681564541
509,0.1106567552156439,-1.7114840181817719,0.029921239316673866
510,0.11065675516948453,-1.7114840177329613,0.02992123931677099
511,0.11065675521653158,-1.711484018180739,0.029921239316673866
512,0.11065675521534801,-1.7114840177329613,0.029921239316673866
513,0.11065675521653158,-1.7114840181817719,0.029921239316673866
514,0.11065675516918864,-1.7114840177329613,0.02992123931677099
515,0.11065675521623569,-1.7114840181812554,0.029921239316673866
516,-0.29309422559015225,-2.2857882517564296,0.32282883806194873
517,-0.2930942255904482,-2.2857882517553967,0.32282883806194873
518,-0.29309422559015225,-2.285788251755913,0.3228288380620458
519,-0.2930942255895605,-2.285788251755913,0.32282883806194873
520,-0.2930942255904482,-2.2857882517564296,0.32282883806194873
521,-0.29309422559015225,-2.285788251755913,0.32282883806194873
522,-0.19027565285916273,-1.8467912983123522,0.27401090493776864
523,-0.19027565281270747,-1.8467912978640584,0.27401090493776864
524,-0.19027565286005044,-1.8467912983118357,0.27401090493776864
525,-0.19027565285975453,-1.8467912983133852,0.27401090493776864
526,-0.19027565285945863,-1.8467912983123522,0.27401090493776864
527,-0.19027565281300338,-1.8467912978630254,0.27401090493776864
528,-0.19027565285975453,-1.8467912983128687,0.2740109049376715
529,-0.19027565285945863,-1.8467912983128687,0.27401090493776864
530,-0.19027565281241157,-1.846791297863542,0.27401090493776864
531,-0.19027565286005044,-1.8467912983123522,0.27401090493776864
532,-0.19027565285975453,-1.8467912983123522,0.27401090493776864
533,-0.19027565285945863,-1.8467912983123522,0.27401090493776864
534,-0.19027565281359515,-1.846791297863542,0.27401090493776864
535,-0.19027565285945863,-1.8467912983133852,0.27401090493776864
536,-0.9478729901106064,-1.624887358664447,0.25448373168801885
537,-0.9478729901111982,-1.6248873586639305,0.254483731688116
538,-0.9478729901114942,-1.624887358664447,0.254483731688116
539,-0.9478729901111982,-1.624887358664447,0.25448373168801885
540,-0.9478729900641512,-1.6248873582156367,0.25448373168801885
541,-0.9478729901111982,-1.6248873586639305,0.254483731688116
542,-0.9478729901114942,-1.624887358664447,0.254483731688116
543,-0.9478729901106064,-1.624887358664447,0.25448373168801885
544,-0.9478729901114942,-1.624887358664447,0.25448373168801885
545,-0.9478729901111982,-1.624887358664447,0.254483731688116
546,-0.45906300823313867,-1.7672470184881997,0.2606969231766462
547,-0.4590630081863875,-1.767247018040422,0.26069692317654913
548,-0.4590630082334346,-1.767247018488716,0.2606969231766462
549,-0.4590630082328428,-1.767247018040422,0.2606969231766462
550,-0.45906300818609164,-1.767247018488716,0.26069692317654913
551,-0.45906300823313867,-1.7672470180399056,0.2606969231766462
552,-0.4590630081869793,-1.7672470184881997,0.26069692317654913
553,-0.4590630082328428,-1.767247018040422,0.2606969231766462
554,-0.45906300823313867,-1.7672470184892324,0.2606969231766462
555,-0.4590630081863875,-1.7672470180399056,0.26069692317654913
556,-0.4590630082334346,-1.767247018488716,0.2606969231766462
557,-0.609073254036506,-1.8069508210755645,0.12348894447140903
558,-0.6090732540368019,-1.8069508215248913,0.12348894447150616
559,-0.6090732540368019,-1.806950821076081,0.12348894447140903
560,-0.6090732540370978,-1.8069508210755645,0.12348894447140903
561,-0.6090732540368019,-1.8069508215248913,0.12348894447150616
562,-0.6090732540368019,-1.806950821076081,0.12348894447140903
563,-0.6090732540835531,-1.806950821076081,0.12348894447140903
564,-0.6090732540373937,-1.8069508215238586,0.12348894447150616
565,-0.609073254036506,-1.8069508210765974,0.12348894447140903
566,-0.6090732540368019,-1.806950821076081,0.12348894447140903
567,-0.6090732540368019,-1.8069508215238586,0.12348894447150616
568,-0.6090732540368019,-1.806950821076081,0.12348894447140903
569,-0.7122052980648057,-1.8806181183452557,0.19468176361091521
570,-0.7122052980186463,-1.8806181183452557,0.19468176361091521
571,-0.7122052980648057,-1.8806181178969616,0.19468176361091521
572,-0.7122052980651016,-1.8806181183452557,0.19468176361091521
573,-0.7122052980651016,-1.8806181183452557,0.19468176361091521
574,-0.7122052980645098,-1.8806181178964452,0.19468176361091521
575,-0.7122052980183504,-1.8806181183452557,0.19468176361091521
576,-0.7122052980645098,-1.8806181183447392,0.19468176361091521
577,-0.5844971074044455,-2.180549255849513,-0.01889669380750623
578,-0.5844971074044455,-2.180549256297807,-0.01889669380750623
579,-0.5844971073579902,-2.180549255849513,-0.01889669380750623
580,-0.5844971074041495,-2.180549256297807,-0.01889669380750623
581,-0.5844971074041495,-2.180549255849513,-0.01889669380750623
582,-0.2579854446463753,-2.146107403035105,0.2917628806192975
583,-0.2579854446463753,-2.1461074025862947,0.2917628806192975
584,-0.2579854446934224,-2.1461074030345886,0.2917628806192975
585,-0.2579854446454876,-2.146107403035105,0.2917628806192975
586,-0.2579854446469671,-2.1461074030345886,0.2917628806192975
587,-0.2579854446463753,-2.146107402586811,0.29176288061920036
588,-0.25798544464578355,-2.146107403035105,0.2917628806192975
589,-0.2579854446463753,-2.146107403035105,0.2917628806192975
590,-0.25798544469312645,-2.146107403035105,0.2917628806192975
591,-0.2579854446463753,-2.1461074025857783,0.2917628806192975
592,-0.2579854446463753,-2.146107403035105,0.2917628806192975
593,0.06756870587587681,-2.5651499496468557,0.13643309340584706
594,0.06756870587646858,-2.5651499491980454,0.13643309340594417
595,0.06756870582942154,-2.5651499496463392,0.13643309340584706
596,0.0675687058755809,-2.5651499496463392,0.13643309340594417
597,0.06756870587587681,-2.5651499491980454,0.13643309340584706
598,0.06756870587646858,-2.5651499496463392,0.13643309340594417
599,0.06756870587587681,-2.5651499491980454,0.13643309340584706
600,0.06756870587587681,-2.5651499496463392,0.13643309340594417
601,0.06756870582971743,-2.5651499496468557,0.13643309340584706
602,0.0675687058755809,-2.5651499491980454,0.13643309340594417
603,0.06756870587676449,-2.5651499496463392,0.13643309340584706
604,0.14895724351805364,-2.0427818436942604,0.2606969231766462
605,0.14895724347189426,-2.042781843246999,0.26069692317654913
606,0.14895724351805364,-2.042781843694777,0.2606969231766462
607,0.14895724347159836,-2.0427818432464826,0.2606969231766462
608,0.14895724351805364,-2.0427818436942604,0.26069692317654913
609,0.14895724347219017,-2.0427818432464826,0.2606969231766462
610,0.14895724351775774,-2.042781843694777,0.26069692317654913
611,0.14895724347189426,-2.042781843245966,0.2606969231766462
612,0.14895724351775774,-2.0427818436952934,0.2606969231766462
613,0.14895724347278194,-2.0427818432464826,0.26069692317654913
614,0.14895724351775774,-2.042781843694777,0.2606969231766462
615,-0.5607986802745418,-1.991119063575802,-0.01889669380750623
616,-0.5607986802277907,-1.9911190635763185,-0.01889669380750623
617,-0.5607986802274948,-1.991119064025129,-0.01889669380750623
618,-0.5607986802739501,-1.991119063575802,-0.01889669380750623
619,-0.5404515458288602,-1.308022309811604,0.2606969231766462
620,-0.5404515458753155,-1.3080223093638264,0.26069692317654913
621,-0.5404515458285644,-1.3080223098121204,0.2606969231766462
622,-0.5404515458291561,-1.3080223098110875,0.2606969231766462
623,-0.5404515458750196,-1.3080223098121204,0.26069692317654913
624,-0.5404515458288602,-1.3080223093638264,0.2606969231766462
625,-0.5404515458753155,-1.308022309811604,0.26069692317654913
626,-0.5404515458285644,-1.308022309811604,0.2606969231766462
627,-0.5404515458288602,-1.3080223098121204,0.2606969231766462
628,-0.5404515458753155,-1.3080223093633099,0.26069692317654913
629,-0.5404515458285644,-1.3080223098121204,0.2606969231766462
630,-0.5213013016776554,-1.001872504027207,0.7784628805545553
631,-0.5213013017247025,-1.0018725035789129,0.7784628805546524
632,-0.5213013016770636,-1.001872504027207,0.7784628805545553
633,-0.9426066729559318,-1.6964498758445017,-0.2467137150538095
634,-0.9426066730023871,-1.6964498758455346,-0.2467137150538095
635,-0.9426066729550442,-1.6964498758445017,-0.2467137150538095
636,-0.2974828231965106,-1.17025489720909,0.4936916039967247
637,-0.2974828231965106,-1.1702548967602795,0.4936916039967247
638,-0.2974828232429658,-1.1702548972085736,0.49369160399662754
639,-0.2974828231965106,-1.17025489720909,0.4936916039967247
640,-0.8372803301240092,-1.2649699931207656,0.32282883806194873
641,-0.837280330171648,-1.264969993121282,0.32282883806194873
642,-0.35672889106802075,-1.5017577337988666,0.06653468915988178
643,-0.3567288910209737,-1.5017577333505727,0.06653468915988178
644,-0.3567288910218614,-1.501757733799383,0.06653468915988178
645,-0.3567288910677249,-1.5017577333500562,0.06653468915978467
646,-0.35672889106802075,-1.5017577337988666,0.06653468915988178
647,-0.3567288910212696,-1.50175773379835,0.06653468915988178
648,-0.35672889102156546,-1.5017577333510892,0.06653468915988178
649,-0.35672889106802075,-1.5017577337988666,0.06653468915988178
650,0.16917139009136317,-1.359685089481768,0.2848593345208658
651,0.1691713900910673,-1.3596850894822845,0.2848593345209629
652,0.1691713900910673,-1.3596850890334742,0.2848593345208658
653,0.1691713900907714,-1.3596850894822845,0.2848593345209629
654,0.16917139013841023,-1.3596850894812516,0.2848593345208658
655,0.16917139009136317,-1.3596850894822845,0.2848593345209629
656,0.1691713900907714,-1.3596850890329577,0.2848593345208658
657,0.1691713900910673,-1.359685089481768,0.2848593345209629
658,0.16917139009136317,-1.3596850894822845,0.2848593345208658
659,-0.5344670945431855,-0.9966105542547664,0.40826022102933673
660,-0.5344670945434815,-0.9966105542542499,0.40826022102933673
661,-0.5344670945428897,-0.9966105542542499,0.40826022102933673
662,-0.5344670945896408,-0.996610553805956,0.40826022102933673
663,-0.5344670945431855,-0.9966105542547664,0.40826022102933673
664,-0.5344670945434815,-0.9966105542542499,0.40826022102933673
665,-0.5344670945428897,-0.9966105542542499,0.40826022102933673
666,-0.5344670945434815,-0.9966105542542499,0.40826022102933673
667,-0.2843170303771398,-0.9492530062981539,-1.214936055350647
668,-0.2843170303312763,-0.9492530058498599,-1.214936055350647
669,-0.6068789552331789,-0.8071803619820883,0.45097591251298214
670,-0.6068789552340665,-0.8071803615317285,0.4509759125130792
671,-0.6068789552334748,-0.8071803619820883,0.45097591251298214
672,-0.606878955280226,-0.8071803619810554,0.45097591251298214
673,-0.6068789552340665,-0.8071803615322449,0.4509759125130792
674,-0.6068789552331789,-0.8071803619815718,0.45097591251298214
675,-0.6068789552340665,-0.8071803615327614,0.4509759125130792
676,-0.6068789552337707,-0.8071803619810554,0.45097591251298214
677,-2.961361576939937,-1.3807328885735959,0.20892032743879704
678,-2.961361576939345,-1.3807328885735959,0.20892032743879704
679,-2.9613615769396406,-1.3807328885735959,0.20892032743879704
680,-2.3013164953097838,-1.4986005636662194,0.39117394443587855
681,-2.301316495262441,-1.4986005636662194,0.39117394443587855
682,-2.3013164953097838,-1.4986005641145133,0.39117394443587855
683,-2.301316495262737,-1.4986005636662194,0.39117394443587855
684,-2.3013164953097838,-1.498600563665703,0.39117394443587855
685,-0.675529160820299,-1.5355845538317698,0.3472378046240873
686,-0.6755291608194114,-1.5355845533829595,0.3472378046240873
687,-0.6755291608197073,-1.5355845538317698,0.3472378046240873
688,-0.675529160820299,-1.5355845538322863,0.3472378046239902
689,-0.6755291608197073,-1.5355845533829595,0.3472378046240873
690,-0.6755291608200031,-1.5355845538312534,0.3472378046240873
691,-0.6755291608664584,-1.535584553383476,0.3472378046240873
692,-0.6755291608200031,-1.5355845538312534,0.3472378046240873
693,-0.675529160820299,-1.5355845538317698,0.3472378046240873
694,-0.6755291608197073,-1.535584553383476,0.3472378046240873
695,-0.6755291608194114,-1.5355845538317698,0.3472378046239902
696,-0.675529160820299,-1.5355845538312534,0.3472378046240873
697,-0.6755291608197073,-1.535584553383476,0.3472378046240873
698,-0.6755291608200031,-1.5355845538317698,0.3472378046240873
699,-0.051721356636527126,-1.5754250306197473,0.2658745827504215
700,-0.0517213566377107,-1.5754250306192308,0.26587458275032433
701,-0.05172135663711891,-1.5754250306192308,0.2658745827504215
702,-0.051721356636527126,-1.5754250306202637,0.2658745827504215
703,-0.051721356636527126,-1.5754250306192308,0.26587458275032433
704,-0.05172135668387007,-1.5754250306197473,0.2658745827504215
705,-0.05172135663711891,-1.5754250310685578,0.2658745827504215
706,-0.05172135663682302,-1.5754250306192308,0.26587458275032433
707,-0.05172135663711891,-1.5754250306192308,0.2658745827504215
708,-0.05172135663711891,-1.5754250306202637,0.2658745827504215
709,-0.05172135663711891,-1.5754250306197473,0.26587458275032433
710,-0.05172135663711891,-1.5754250306192308,0.2658745827504215
711,-0.15265910181474854,-1.422828486756735,1.0062799018008586
712,-0.7214213530753519,-1.3723137686679916,0.4595190508098083
713,-0.7214213530286008,-1.3723137691162857,0.4595190508097112
714,-0.7214213530762396,-1.3723137686674751,0.4595190508098083
715,-0.7214213530280089,-1.3723137691168021,0.4595190508097112
716,-0.7214213530759437,-1.3723137686679916,0.4595190508098083
717,-1.4596632649887533,-1.3711657070865708,0.3849607529473483
718,-1.4596632649425938,-1.3711657070865708,0.3849607529472512
719,-1.459663264989345,-1.3711657070865708,0.3849607529473483
720,-1.4596632649425938,-1.3711657070865708,0.3849607529473483
721,-1.459663264989641,-1.3711657070870873,0.3849607529473483
722,-1.459663264942298,-1.3711657075353811,0.3849607529472512
723,-1.4596632649887533,-1.3711657070865708,0.3849607529473483
724,-1.4596632649425938,-1.3711657070870873,0.3849607529473483
725,-1.459663264989345,-1.3711657070865708,0.3849607529473483
726,-1.4596632649425938,-1.3711657070865708,0.3849607529472512
727,-1.4596632649887533,-1.3711657070865708,0.3849607529473483
728,-1.1897184772725182,-0.6505361643784433,0.3754019968111106
729,-1.1897184772722222,-0.6505361643774104,0.3754019968111106
730,-1.1897184772725182,-0.6505361643784433,0.3754019968111106
731,-1.1897184772251752,-0.6505361643784433,0.3754019968111106
732,-1.1897184772722222,-0.6505361643774104,0.3754019968111106
733,-1.1897184772725182,-0.6505361643779268,0.3754019968111106
734,-1.1897184772722222,-0.6505361643784433,0.37540199681120767
735,-1.18971847727311,-0.6505361643779268,0.3754019968111106
736,-1.1897184772713345,-0.6505361643779268,0.3754019968111106
737,-1.189718477226063,-0.6505361643784433,0.3754019968111106
738,-1.1897184772725182,-0.6505361643779268,0.3754019968111106
739,-1.1897184772713345,-0.6505361643774104,0.3754019968111106
740,-1.189718477272814,-0.6505361643784433,0.3754019968111106
741,-1.6515339803830968,-1.442257224620873,0.32282883806194873
742,-1.6515339803833928,-1.4422572241730953,0.32282883806194873
743,-1.6515339803833928,-1.4422572246213894,0.3228288380620458
744,-1.6515339803833928,-1.4422572246219059,0.32282883806194873
745,-1.6515339803830968,-1.4422572241720624,0.32282883806194873
746,-1.6515339803833928,-1.4422572246219059,0.32282883806194873
747,-1.6515339803833928,-1.4422572246213894,0.3228288380620458
748,-1.6515339803833928,-1.4422572246213894,0.32282883806194873
749,-1.6515339803828009,-1.4422572241725788,0.32282883806194873
750,-1.6515339803836886,-1.4422572246213894,0.32282883806194873
751,-1.6515339803833928,-1.4422572246213894,0.3228288380620458
752,-1.6515339803833928,-1.4422572241725788,0.32282883806194873
753,-1.6515339803828009,-1.4422572246219059,0.32282883806194873
754,-1.6942537557947055,-1.4917121932826554,0.2606969231766462
755,-1.6942537557929302,-1.4917121928338448,0.26069692317654913
756,-1.694253755793818,-1.4917121932826554,0.2606969231766462
757,-1.6942537557941137,-1.4917121932826554,0.2606969231766462
758,-1.6942537557941137,-1.4917121932821389,0.26069692317654913
759,-1.694253755746179,-1.4917121928343613,0.2606969231766462
760,-1.6942537557941137,-1.4917121932826554,0.26069692317654913
761,-1.694253755793818,-1.4917121932826554,0.2606969231766462
762,-1.694253755793522,-1.4917121932826554,0.2606969231766462
763,-1.694253755793522,-1.4917121928338448,0.26069692317654913
764,-1.6942537557941137,-1.4917121932826554,0.2606969231766462
765,-0.9200367423756795,-1.3957670309103496,0.17637503868931126
766,-0.9200367423286323,-1.3957670304615393,0.17637503868931126
767,-0.9200367423753835,-1.3957670309103496,0.17637503868931126
768,-0.9200367423292242,-1.3957670309098331,0.1763750386894084
769,-0.9200367423756795,-1.3957670309093166,0.17637503868931126
770,-0.9200367423286323,-1.3957670304615393,0.17637503868931126
771,-0.9200367423759753,-1.3957670309103496,0.17637503868931126
772,-1.2585857014019897,-1.086063700393485,0.4367373486851003
773,-1.2585857014493327,-1.086063700842812,0.4367373486851974
774,-1.2585857014022857,-1.086063700393485,0.4367373486851003
775,-1.320026068077123,-1.8174747206219948,0.06653468915988178
776,-1.3200260680309637,-1.8174747210702888,0.06653468915988178
777,-1.320026068077123,-1.8174747206214783,0.06653468915988178
778,-1.320026068030372,-1.8174747206219948,0.06653468915978467
779,-1.3200260680768272,-1.8174747210702888,0.06653468915988178
780,-1.3200260680309637,-1.8174747206214783,0.06653468915988178
781,-1.320026068077123,-1.8174747206219948,0.06653468915988178
782,-1.320026068077419,-1.8174747210702888,0.06653468915988178
783,-1.3200260680309637,-1.8174747206219948,0.06653468915978467
784,-1.320026068077123,-1.8174747206214783,0.06653468915988178
785,-1.320026068030372,-1.8174747210702888,0.06653468915988178
786,-1.320026068077123,-1.8174747206219948,0.06653468915988178
787,-1.5377005098540935,-0.9934533841216027,0.32282883806194873
788,-1.5377005099002528,-0.9934533845704131,0.32282883806194873
789,-1.5377005098535017,-0.9934533841210862,0.3228288380620458
790,-1.5377005099002528,-0.9934533845704131,0.32282883806194873
791,-1.5377005098535017,-0.9934533841210862,0.32282883806194873
792,-1.5377005098537975,-0.9934533841216027,0.32282883806194873
793,-1.5377005099005487,-0.9934533845704131,0.32282883806194873
794,-1.5377005098532057,-0.9934533841216027,0.3228288380620458
795,-1.5377005099008445,-0.9934533845698966,0.32282883806194873
796,-1.5377005098532057,-0.9934533841221191,0.32282883806194873
797,-1.8618183920696654,-1.727064856422838,0.07430117852054459
798,-1.8618183921161207,-1.7270648559750605,0.07430117852054459
799,-1.8618183920693696,-1.7270648564233544,0.07430117852044747
800,-1.861818392115825,-1.7270648564238709,0.07430117852054459
801,-1.8618183920696654,-1.727064856422838,0.07430117852054459
802,-1.8618183921161207,-1.7270648559750605,0.07430117852054459
803,-1.8618183920690736,-1.7270648564233544,0.07430117852054459
804,-1.8618183921161207,-1.7270648564233544,0.07430117852054459
805,-1.8618183920693696,-1.7270648564238709,0.07430117852044747
806,-1.8618183921161207,-1.727064855974544,0.07430117852054459
807,-1.8618183920693696,-1.7270648564233544,0.07430117852054459
808,-2.034170589429326,-1.3309835450217256,0.2606969231766462
809,-2.0341705894299174,-1.3309835450212093,0.26069692317654913
810,-2.0341705894290296,-1.3309835454700196,0.2606969231766462
811,-2.0341705894299174,-1.3309835450217256,0.2606969231766462
812,-2.034170589429326,-1.3309835450212093,0.26069692317654913
813,-2.0341705893825743,-1.3309835450217256,0.2606969231766462
814,-2.0341705894299174,-1.3309835450212093,0.26069692317654913
815,-2.0341705894290296,-1.3309835450212093,0.2606969231766462
816,-2.034170589429326,-1.330983545470536,0.2606969231766462
817,-2.0341705894296216,-1.3309835450212093,0.26069692317654913
818,-2.0341705894299174,-1.3309835450206928,0.2606969231766462
819,-1.8846922948364189,-1.3667010226630136,-0.05686619734858915
820,-1.8846922947899636,-1.3667010222126539,-0.05686619734849203
821,-1.8846922948364189,-1.3667010226624972,-0.05686619734858915
822,-1.8846922948364189,-1.3667010222131704,-0.05686619734858915
823,-1.8846922947902596,-1.3667010226624972,-0.05686619734849203
824,-1.884692294836123,-1.3667010222126539,-0.05686619734858915
825,-1.8846922948364189,-1.3667010226630136,-0.05686619734858915
826,-1.8846922947899636,-1.3667010222126539,-0.05686619734849203
827,-1.8846922948367149,-1.3667010226624972,-0.05686619734858915
828,-1.9432069297118424,-1.1013711906826533,0.07430117852054459
829,-1.9432069297112504,-1.1013711911319801,0.07430117852054459
830,-1.9432069297588894,-1.1013711906831698,0.07430117852054459
831,-1.9432069297118424,-1.1013711906826533,0.07430117852054459
832,-1.9432069297112504,-1.1013711906831698,0.07430117852054459
833,-1.9432069297118424,-1.1013711911314636,0.07430117852044747
834,-1.9432069297109547,-1.1013711906831698,0.07430117852054459
835,-1.9432069297121382,-1.1013711906831698,0.07430117852054459
836,-1.9432069297580017,-1.1013711906826533,0.07430117852054459
837,-1.9432069297118424,-1.1013711911319801,0.07430117852054459
838,-1.9432069297115464,-1.1013711906831698,0.07430117852054459
839,-2.1055850415643094,-0.8861096085743766,0.15196607212726979
840,-2.105585041564901,-0.8861096085748931,0.15196607212717267
841,-2.105585041564901,-0.8861096085743766,0.15196607212726979
842,-2.105585041564605,-0.8861096085754095,0.15196607212717267
843,-2.105585041564901,-0.8861096085748931,0.15196607212726979
844,-2.105585041517854,-0.8861096085748931,0.15196607212726979
845,-2.105585041564901,-0.886109609023187,0.15196607212717267
846,-2.105585041564901,-0.8861096085748931,0.15196607212726979
847,-2.1055850415643094,-0.8861096085748931,0.15196607212717267
848,-2.105585041564605,-0.8861096085754095,0.15196607212726979
849,-2.105585041564901,-0.8861096085743766,0.15196607212717267
850,-2.105585041564901,-0.8861096085748931,0.15196607212726979
851,-1.9168753440269413,-0.943991056076903,0.09501181681564541
852,-1.9168753440272372,-0.9439910565251969,0.09501181681564541
853,-1.9168753440269413,-0.9439910565257134,0.09501181681564541
854,-1.916875343980782,-0.9439910560763866,0.09501181681564541
855,-1.9168753440269413,-0.943991056076903,0.09501181681564541
856,-1.9168753440269413,-0.9439910565251969,0.09501181681574254
857,-1.916875344028125,-0.9439910565251969,0.09501181681564541
858,-1.9168753440269413,-0.9439910560774194,0.09501181681564541
859,-1.9168753439801902,-0.9439910560763866,0.09501181681564541
860,-1.9168753440272372,-0.9439910565257134,0.09501181681564541
861,-1.9168753440275332,-0.9439910565257134,0.09501181681564541
862,-1.9168753440269413,-0.943991056076903,0.09501181681564541
863,-1.334654726796053,-1.6052427462980108,0.13298132035672833
864,-1.3346547267495976,-1.6052427458502332,0.1329813203566312
865,-1.334654726796053,-1.6052427462980108,0.13298132035672833
866,-1.3346547267490059,-1.6052427458502332,0.13298132035672833
867,-1.3346547267966447,-1.6052427462980108,0.1329813203566312
868,-1.3346547267490059,-1.6052427458502332,0.13298132035672833
869,-1.3346547267954612,-1.6052427462980108,0.13298132035672833
870,-1.3346547267498936,-1.6052427458502332,0.1329813203566312
871,-1.334654726795757,-1.6052427462980108,0.13298132035672833
872,-0.12632751613103113,-2.091096109710278,-0.01889669380750623
873,-0.12632751613043935,-2.0910961097097616,-0.01889669380750623
874,-0.1263275161771905,-2.091096109710278,-0.01889669380750623
875,-0.12632751613162294,-2.0910961097097616,-0.01889669380750623
876,-0.12632751613043935,-2.0910961097097616,-0.01889669380750623
877,-0.12632751613043935,-2.091096109710278,-0.01889669380750623
878,-0.12632751613103113,-2.0910961092609512,-0.01889669380750623
879,-0.12632751613043935,-2.091096109710278,-0.01889669380750623
880,-0.12632751613043935,-2.0910961097097616,-0.01889669380750623
881,-0.1263275161777823,-2.091096109710278,-0.01889669380750623
882,-0.12632751613043935,-2.0910961097097616,-0.01889669380750623
883,-0.12632751613103113,-2.0910961097097616,-0.01889669380750623
884,0.23792608612610924,-1.8648322690263848,0.06653468915988178
885,0.2379260860781745,-1.8648322685775744,0.06653468915988178
886,0.23792608612522156,-1.8648322690269012,0.06653468915978467
887,0.23792608607876628,-1.8648322690269012,0.06653468915988178
888,0.23792608612551744,-1.8648322685775744,0.06653468915988178
889,0.23792608612551744,-1.8648322690263848,0.06653468915988178
890,0.2379260860784704,-1.8648322690263848,0.06653468915988178
891,0.23792608612581334,-1.864832268578091,0.06653468915988178
892,0.2379260860784704,-1.8648322690258683,0.06653468915988178
893,0.23792608612522156,-1.8648322690274177,0.06653468915978467
894,0.23792608607906218,-1.8648322685775744,0.06653468915988178
895,0.23792608612551744,-1.8648322690269012,0.06653468915988178
896,-0.0247628284043488,-1.9640576077289003,0.05433020587881248
897,-0.02476282845021228,-1.9640576077299332,0.05433020587881248
898,-0.0247628284043488,-1.9640576077289003,0.05433020587881248
899,-0.024762828403757015,-1.9640576077294167,0.05433020587881248
900,-0.02476282845080407,-1.9640576077294167,0.05433020587881248
901,-0.024762828403757015,-1.9640576077299332,0.05433020587881248
902,-0.0247628284043488,-1.9640576077289003,0.05433020587881248
903,-0.024762828450508177,-1.9640576072806064,0.05433020587881248
904,-0.0247628284043488,-1.9640576077299332,0.05433020587881248
905,-0.02476282845080407,-1.9640576077294167,0.05433020587881248
906,-0.02476282840316523,-1.9640576077289003,0.05433020587881248
907,-0.02476282840494059,-1.9640576077294167,0.05433020587881248
908,-0.024762828450508177,-1.9640576077299332,0.05433020587881248
909,-0.024762828403757015,-1.9640576077294167,0.05433020587881248
910,0.9168083790712251,-1.6899736300397368,0.1125362030653984
911,0.9168083790709293,-1.6899736295909262,0.11253620306530127
912,0.9168083790709293,-1.6899736300397368,0.1125362030653984
913,0.9168083790709293,-1.6899736295909262,0.1125362030653984
914,0.9168083790709293,-1.6899736300397368,0.11253620306530127
915,0.9168083790709293,-1.6899736295914427,0.1125362030653984
916,0.91680837902477,-1.6899736300387038,0.1125362030653984
917,0.9168083790709293,-1.6899736295914427,0.1125362030653984
918,0.9168083790712251,-1.6899736300397368,0.11253620306530127
919,0.9168083790709293,-1.6899736295909262,0.1125362030653984
920,0.9168083790709293,-1.6899736300397368,0.1125362030653984
921,0.9168083790712251,-1.6899736295909262,0.11253620306530127
922,0.9168083790709293,-1.6899736300397368,0.1125362030653984
923,0.5606874926739766,-1.5892974438203242,0.22963096573389788
924,0.5606874927207277,-1.5892974433720302,0.22963096573399502
925,0.5606874926739766,-1.5892974438203242,0.22963096573389788
926,0.5606874926739766,-1.5892974438208407,0.22963096573389788
927,0.5606874926739766,-1.5892974438203242,0.22963096573389788
928,0.5606874927210236,-1.5892974433715137,0.22963096573399502
929,0.5606874926742724,-1.5892974438203242,0.22963096573389788
930,0.5606874926739766,-1.5892974438203242,0.22963096573389788
931,0.5606874926733847,-1.5892974438203242,0.22963096573389788
932,0.5606874927213195,-1.5892974433715137,0.22963096573399502
933,0.5606874926739766,-1.5892974438203242,0.22963096573389788
934,-0.6661250230588256,-1.5333294324366082,-0.01889669380750623
935,-0.6661250230585297,-1.5333294324366082,-0.01889669380750623
936,-0.6661250230588256,-1.533329431987798,-0.01889669380750623
937,-0.6661250230588256,-1.5333294324366082,-0.01889669380750623
938,-0.7951497930197642,-1.043968102210346,0.254483731688116
939,-0.7951497930200602,-1.043968102210346,0.25448373168801885
940,-0.7951497930668113,-1.043968102210346,0.254483731688116
941,-0.7951497930200602,-1.0439681022108624,0.25448373168801885
942,-0.7951497930197642,-1.043968102210346,0.254483731688116
943,-0.3984205684211872,-1.3807328885735959,0.09501181681564541
944,-0.39842056837414014,-1.3807328885735959,0.09501181681564541
945,-0.398420568421779,-1.3807328885735959,0.09501181681564541
946,-0.6306786576873639,-1.364542273611582,0.08624962369081748
947,-0.6306786576876597,-1.3645422740603925,0.08624962369081748
948,-0.6306786577338191,-1.364542273611582,0.08624962369072035
949,-0.6306786576873639,-1.364542274059876,0.08624962369081748
950,-0.630678657687068,-1.3645422736120985,0.08624962369081748
951,-0.6306786576876597,-1.3645422740603925,0.08624962369081748
952,-0.6306786577347068,-1.364542273611582,0.08624962369072035
953,-0.6306786576864761,-1.3645422740603925,0.08624962369081748
954,-0.6306786576876597,-1.364542273611582,0.08624962369081748
955,-0.6306786576873639,-1.3645422740603925,0.08624962369081748
956,-0.6306786577338191,-1.364542273611582,0.08624962369072035
957,-0.6306786576879556,-1.3645422740603925,0.08624962369081748
958,-0.630678657686772,-1.3645422736110655,0.08624962369081748
959,-1.811549001196498,-1.3281133908450593,0.6645543699314036
960,-1.8115490011959063,-1.3281133908445428,0.6645543699315007
961,-0.6104235917942925,-1.9279756663013516,0.24396909993820592
962,-0.6104235917475413,-1.9279756663013516,0.24396909993830304
963,-0.6104235917939965,-1.9279756663013516,0.24396909993820592
964,-0.6104235917475413,-1.9279756663013516,0.24396909993830304
965,-0.6104235917942925,-1.9279756663013516,0.24396909993820592
966,-0.6104235917475413,-1.9279756663013516,0.24396909993820592
967,-0.6104235917942925,-1.9279756663013516,0.24396909993830304
968,-0.6104235917475413,-1.9279756663013516,0.24396909993820592
969,-0.6104235917942925,-1.9279756663013516,0.24396909993820592
970,-0.6104235917469495,-1.9279756663013516,0.24396909993830304
971,-0.6104235917942925,-1.9279756663013516,0.24396909993820592
972,-0.6104235917475413,-1.9279756663013516,0.24396909993830304
973,-0.6104235917948843,-1.9279756663008352,0.24396909993820592
974,-0.2421864932258478,-1.8648322690269012,0.015275859379410122
975,-0.24218649322614366,-1.8648322685775744,0.015275859379507248
976,-0.24218649327319072,-1.8648322690269012,0.015275859379410122
977,-0.24218649322673547,-1.8648322685775744,0.015275859379410122
978,-0.2421864932258478,-1.8648322690263848,0.015275859379410122
979,-0.24218649322643956,-1.8648322690263848,0.015275859379507248
980,-0.24218649322643956,-1.864832268578091,0.015275859379410122
981,-0.24218649327319072,-1.8648322690269012,0.015275859379410122
982,-0.2421864932258478,-1.8648322685775744,0.015275859379507248
983,-0.24218649322703134,-1.8648322690269012,0.015275859379410122
984,-0.05690788110606715,-1.8590919602237252,0.32282883806194873
985,-0.056907881106363044,-1.8590919597754314,0.32282883806194873
986,-0.056907881059020095,-1.8590919602242417,0.3228288380620458
987,-0.05690788110665893,-1.8590919597754314,0.32282883806194873
988,-0.05690788110606715,-1.8590919602242417,0.32282883806194873
989,-0.05690788110606715,-1.859091959774915,0.32282883806194873
990,-0.05690788110665893,-1.8590919602247582,0.32282883806194873
991,-0.05690788110606715,-1.8590919597754314,0.32282883806194873
992,-0.05690788105931599,-1.8590919602237252,0.3228288380620458
993,-0.05690788110606715,-1.8590919597759479,0.32282883806194873
994,-0.05690788110665893,-1.8590919602242417,0.32282883806194873
995,-0.12632751613043935,-2.2121209549350325,0.32282883806194873
996,-0.12632751613073526,-2.2121209544862217,0.32282883806194873
997,-0.12632751613073526,-2.212120954935549,0.3228288380620458
998,-0.12632751613073526,-2.2121209544872547,0.32282883806194873
999,-0.12632751617748642,-2.212120954934516,0.32282883806194873
1000,-0.12632751613073526,-2.212120954935549,0.32282883806194873
1001,-0.12632751613073526,-2.212120954486738,0.32282883806194873
1002,-0.12632751613073526,-2.212120954935549,0.3228288380620458
1003,-0.12632751613073526,-2.212120954486738,0.32282883806194873
1004,-0.12632751613073526,-2.2121209549350325,0.32282883806194873
1005,-0.2579854446463753,-1.883775288029609,0.32282883806194873
1006,-0.2579854446463753,-1.883775288029609,0.32282883806194873
1007,-0.25798544469312645,-1.8837752884779029,0.3228288380620458
1008,-0.2579854446463753,-1.8837752880301255,0.32282883806194873
1009,-0.25798544464578355,-1.8837752880290926,0.32282883806194873
1010,-0.2579854446469671,-1.883775288029609,0.32282883806194873
1011,-0.2579854446463753,-1.883775288029609,0.32282883806194873
1012,-0.2579854446925347,-1.8837752884779029,0.3228288380620458
1013,-0.2579854446463753,-1.883775288029609,0.32282883806194873
1014,-0.2579854446469671,-1.8837752880290926,0.32282883806194873
1015,-0.7750420366797883,-1.761506709238279,0.22963096573389788
1016,-0.7750420366327413,-1.7615067096865729,0.22963096573399502
1017,-0.7750420366797883,-1.761506709237246,0.22963096573389788
1018,-0.7750420366797883,-1.7615067096865729,0.22963096573389788
1019,-0.7750420366803802,-1.7615067092377625,0.22963096573399502
1020,-0.775042036633333,-1.7615067096860564,0.22963096573389788
1021,-0.7750420366800842,-1.761506709238279,0.22963096573399502
1022,-0.7750420366797883,-1.7615067096860564,0.22963096573389788
1023,-0.7750420366797883,-1.7615067092377625,0.22963096573389788
1024,-0.7750420366330372,-1.7615067096865729,0.22963096573399502
1025,-0.7750420366800842,-1.761506709237246,0.22963096573389788
1026,-0.879410867275597,-1.6690877369361898,0.32282883806194873
1027,-0.879410867275597,-1.6690877364878958,0.32282883806194873
1028,-0.879410867275597,-1.6690877369367063,0.3228288380620458
1029,-0.879410867275597,-1.6690877369356734,0.32282883806194873
1030,-0.8794108672758929,-1.6690877369356734,0.32282883806194873
1031,-0.87941086722855,-1.6690877364884122,0.32282883806194873
1032,-0.879410867275597,-1.6690877369356734,0.32282883806194873
1033,-0.879410867275597,-1.6690877369367063,0.3228288380620458
1034,-0.879410867275597,-1.6690877364868628,0.32282883806194873
1035,-0.8794108672758929,-1.6690877369361898,0.32282883806194873
1036,-0.4569352032960188,-1.878864134938,0.2848593345208658
1037,-0.45693520334306587,-1.878864134938,0.2848593345209629
1038,-0.4569352032963147,-1.8788641349385165,0.2848593345208658
1039,-0.4569352032963147,-1.878864134938,0.2848593345209629
1040,-0.45693520334276994,-1.8788641353862938,0.2848593345208658
1041,-0.4569352032963147,-1.878864134938,0.2848593345209629
1042,-0.4569352032963147,-1.878864134938,0.2848593345208658
1043,-0.45693520334306587,-1.8788641349385165,0.2848593345209629
1044,-0.4569352032963147,-1.878864134938,0.2848593345208658
1045,-1.2410313109301012,-1.4754479844863044,0.3797830933735731
1046,-1.24103131097774,-1.4754479849330489,0.3797830933735731
1047,-1.241031310930693,-1.4754479849351148,0.379783093373476
1048,-1.2410313109301012,-1.475447984485788,0.3797830933735731
1049,-1.241031310930989,-1.4754479844863044,0.3797830933735731
1050,-1.2410313109301012,-1.4754479849340818,0.379783093373476
1051,-1.2410313109774442,-1.4754479849340818,0.3797830933735731
1052,-1.2410313109301012,-1.4754479844863044,0.3797830933735731
1053,-1.241031310930989,-1.4754479844852715,0.3797830933735731
1054,-1.2410313109774442,-1.4754479849345983,0.3797830933735731
1055,-1.2410313109301012,-1.4754479849351148,0.379783093373476
1056,-1.241031310930989,-1.4754479844852715,0.3797830933735731
1057,-1.6447822917364894,-0.7703467131225793,0.3797830933735731
1058,-1.6447822917367851,-0.7703467135713897,0.379783093373476
1059,-1.6447822917364894,-0.7703467135703568,0.3797830933735731
1060,-1.6447822917370811,-0.7703467131220628,0.3797830933735731
1061,-1.6447822917361934,-0.7703467131230958,0.3797830933735731
1062,-1.6447822917370811,-0.7703467135708733,0.3797830933735731
1063,-1.6447822917826487,-0.7703467135713897,0.379783093373476
1064,-1.6447822917370811,-0.7703467131215463,0.3797830933735731
1065,-1.6447822917367851,-0.7703467131225793,0.3797830933735731
1066,-1.6447822917364894,-0.7703467135713897,0.379783093373476
1067,-1.6447822917367851,-0.7703467135703568,0.3797830933735731
1068,-1.6447822917364894,-0.7703467131225793,0.3797830933735731
1069,-0.6792908159246517,-0.7512123505973395,0.32282883806194873
1070,-0.6792908159243558,-0.7512123501490455,0.32282883806194873
1071,-0.6792908159246517,-0.7512123505973395,0.3228288380620458
1072,-0.6792908159237641,-0.751212350596823,0.32282883806194873
1073,-0.6792908159246517,-0.7512123505973395,0.32282883806194873
1074,-0.6792908158776046,-0.751212350148529,0.32282883806194873
1075,-0.6792908159240599,-0.751212350596823,0.32282883806194873
1076,-0.6792908159243558,-0.7512123505983724,0.32282883806194873
1077,-0.6792908159246517,-0.751212350596823,0.3228288380620458
1078,-0.6792908159240599,-0.751212350148529,0.32282883806194873
1079,-0.6792908159243558,-0.751212350597856,0.32282883806194873
1080,-2.0397560773301606,-0.4756775253912788,0.2658745827504215
1081,-2.0397560772834096,-0.4756775253902458,0.26587458275032433
1082,-2.039756077284001,-0.4756775249435013,0.2658745827504215
1083,-2.0397560773301606,-0.4756775253902458,0.2658745827504215
1084,-2.0397560773301606,-0.4756775253923117,0.26587458275032433
1085,-2.039756077284001,-0.4756775253912788,0.2658745827504215
1086,-2.477361953982812,-0.09681714084385672,0.27401090493776864
1087,-2.477361954029859,-0.09681714039711217,0.27401090493776864
1088,-2.477361953982812,-0.09681714084437318,0.27401090493776864
1089,-2.477361954029563,-0.09681714084540612,0.2740109049376715
1090,-2.4773619539831078,-0.09681714084540612,0.27401090493776864
1091,-2.477361954029563,-0.09681714039607923,0.27401090493776864
1092,-2.4773619539831078,-0.09681714084488964,0.27401090493776864
1093,-1.429741008467765,-0.6861555167557846,0.40826022102933673
1094,-1.429741008515108,-0.6861555167557846,0.40826022102933673
1095,-1.429741008468061,-0.686155516756301,0.40826022102933673
1096,-1.4297410085145164,-0.6861555167557846,0.40826022102933673
1097,-1.429741008468061,-0.6861555167557846,0.40826022102933673
1098,-1.429741008467765,-0.6861555167552682,0.40826022102933673
1099,-1.429741008515108,-0.6861555167568175,0.40826022102933673
1100,-1.429741008468061,-0.6861555167557846,0.40826022102933673
1101,-1.4297410085145164,-0.6861555167552682,0.40826022102933673
1102,-1.429741008467765,-0.6861555167568175,0.40826022102933673
1103,-1.429741008515108,-0.6861555167552682,0.40826022102933673
1104,-1.429741008468061,-0.6861555167557846,0.40826022102933673
1105,-1.4165752156486904,-1.1702548972096065,0.3228288380620458
1106,-0.5564100826220242,-1.3386372903899402,0.2943517104061851
1107,-0.5564100826675917,-1.3386372899416463,0.2943517104061851
1108,-0.5564100826211364,-1.3386372903904566,0.2943517104061851
1109,-0.5564100826214323,-1.3386372903909731,0.2943517104061851
1110,-0.5564100826681835,-1.3386372903894237,0.2943517104061851
1111,-0.5564100826214323,-1.3386372903909731,0.2943517104061851
1112,-0.5564100826208406,-1.3386372899416463,0.29435171040608793
1113,-0.5564100826684794,-1.3386372903904566,0.2943517104061851
1114,-0.5564100826214323,-1.3386372903904566,0.2943517104061851
1115,-0.5564100826211364,-1.3386372899411298,0.2943517104061851
1116,-0.5564100826675917,-1.3386372903904566,0.2943517104061851
1117,-0.5564100826214323,-1.3386372903904566,0.2943517104061851
1118,-1.403409422783456,-1.912189816982481,0.32282883806194873
1119,-1.403409422783752,-1.9121898169829974,0.3228288380620458
1120,-1.403409422783752,-1.9121898165341868,0.32282883806194873
1121,-1.4034094227831602,-1.912189816982481,0.32282883806194873
1122,-0.580160140338257,-0.8508235923447254,0.20221982681391149
1123,-0.5801601403376653,-0.8508235923452419,0.20221982681391149
1124,-0.5801601402909141,-0.8508235927940523,0.20221982681391149
1125,-0.5801601403373693,-0.8508235923452419,0.20221982681391149
1126,-0.5801601403385529,-0.8508235923452419,0.20221982681391149
1127,-0.5801601403373693,-0.8508235923442089,0.20221982681391149
1128,-0.5801601403376653,-0.8508235923457583,0.20221982681391149
1129,-0.5801601403379611,-0.8508235923452419,0.20221982681391149
1130,-0.5801601402906181,-0.8508235927930193,0.2022198268140086
1131,-0.5801601403379611,-0.8508235923452419,0.20221982681391149
1132,-0.5801601403376653,-0.8508235923452419,0.20221982681391149
1133,-0.5801601403373693,-0.8508235923452419,0.20221982681391149
1134,-0.5801601403385529,-0.8508235923452419,0.20221982681391149
1135,-0.5801601403373693,-0.8508235923452419,0.20221982681391149
1136,-0.5801601402909141,-0.8508235927935358,0.20221982681391149
1137,-0.5801601403379611,-0.8508235923452419,0.20221982681391149
1138,-0.5801601403379611,-0.8508235923452419,0.20221982681391149
1139,-0.047332759030464716,-0.05967396581928373,0.2826258343126353
1140,-0.04733275903076061,-0.05967396581876726,0.2826258343126353
1141,-0.0473327590310565,-0.05967396581876726,0.28262583431253824
1142,-0.047332759030464716,-0.05967396581876726,0.2826258343126353
1143,-0.04733275898400945,-0.05967396537150625,0.2826258343126353
1144,-0.047332759030464716,-0.05967396581825079,0.2826258343126353
1145,-0.04733275903076061,-0.05967396581928373,0.2826258343126353
1146,-0.047332759030464716,-0.05967396581876726,0.2826258343126353
1147,-0.0473327590310565,-0.05967396581928373,0.28262583431253824
1148,-0.04733275903076061,-0.05967396581928373,0.2826258343126353
1149,-0.047332759030464716,-0.05967396581876726,0.2826258343126353
1150,-0.04733275903016882,-0.05967396581928373,0.2826258343126353
1151,-0.04733275898430534,-0.059673965370473314,0.2826258343126353
1152,-0.04733275903076061,-0.05967396581928373,0.2826258343126353
1153,-0.0473327590310565,-0.05967396581876726,0.28262583431253824
1154,-0.047332759030464716,-0.05967396581928373,0.2826258343126353
1155,-0.04733275903016882,-0.05967396581928373,0.2826258343126353
1156,-6.402022108958129,-15.956333796301001,0.15196607212717267
1157,-6.402022108957538,-15.956333796301518,0.15196607212726979
1158,-6.402022108958129,-15.956333796301001,0.15196607212726979
1159,-6.402022108910786,-15.956333796301518,0.15196607212717267
1160,-6.402022108957538,-15.956333796301001,0.15196607212717267
1161,-6.402022108957538,-15.956333796301518,0.15196607212726979
1162,-0.6968452063965402,-0.8334901108458401,0.7784628805546524
1163,-0.6968452063491972,-0.8334901103970297,0.7784628805545553
1164,-0.6968452063959484,-0.8334901108458401,0.7784628805546524
1165,-0.9074978920118589,-0.8124423117540123,-0.07585094911913061
1166,-0.9074978920586101,-0.8124423117540123,-0.07585094911903349
1167,-0.9074978920118589,-0.8124423113057183,-0.07585094911903349
1168,-0.9074978920118589,-0.8124423117540123,-0.07585094911913061
1169,-0.9074978920586101,-0.8124423117540123,-0.07585094911913061
1170,-0.9074978920118589,-0.8124423117550452,-0.07585094911903349
1171,-0.8636119158559572,-0.9447427635067975,0.3472378046240873
1172,-0.8636119158553655,-0.944742763508347,0.3472378046240873
1173,-0.8636119158553655,-0.94474276305902,0.3472378046240873
1174,-0.8636119158553655,-0.9447427635078305,0.3472378046239902
1175,-0.8636119158553655,-0.944742763507314,0.3472378046240873
1176,-0.863611915856549,-0.9447427635078305,0.3472378046240873
1177,-0.8636119158080224,-0.9447427635067975,0.3472378046240873
1178,-0.8636119158559572,-0.9447427630595365,0.3472378046240873
1179,-0.8636119158553655,-0.9447427635078305,0.3472378046240873
1180,-0.8636119158553655,-0.9447427635078305,0.3472378046240873
1181,-0.8636119158553655,-0.944742763507314,0.3472378046239902
1182,-0.8636119158559572,-0.94474276305902,0.3472378046240873
1183,-0.8636119158559572,-0.944742763507314,0.3472378046240873
1184,-0.8636119158547736,-0.9447427635078305,0.3472378046240873
1185,-0.6792908159249476,-0.7756086628955362,2.5440447952135514
1186,-0.6792908158776046,-0.7756086633438302,2.5440447952135514
1187,-0.6792908159237641,-0.7756086633438302,2.5440447952135514
1188,-0.6792908159243558,-0.7756086628955362,2.5440447952135514
1189,-3.7178333336908103,-2.891279590114773,-0.02684379919974008
1190,-3.7178333336908103,-2.8912795896669956,-0.026843799199934328
1191,-3.7178333336908103,-2.8912795901152895,-0.02684379919974008
1192,-3.7178333336902183,-2.891279590114773,-0.026843799199934328
1193,-3.717833333691402,-2.8912795896669956,-0.02684379919974008
1194,-3.7178333336434672,-2.891279590114773,-0.026843799199934328
1195,-3.7178333336908103,-2.891279589666479,-0.02684379919974008
1196,-3.7178333336908103,-2.8912795901163224,-0.02684379919974008
1197,-3.7178333336902183,-2.8912795901142565,-0.026843799199934328
1198,-3.7178333336908103,-2.891279589666479,-0.02684379919974008
1199,-3.717833333691402,-2.8912795901152895,-0.026843799199934328
1200,-3.7178333336902183,-2.891279590115806,-0.02684379919974008
1201,-3.7178333336908103,-2.891279589666479,-0.02684379919974008
1202,-3.7178333336908103,-2.8912795901152895,-0.026843799199934328
1203,-3.7178333336908103,-2.891279589666479,-0.02684379919974008
1204,-3.7178333336908103,-2.8912795901152895,-0.026843799199934328
1205,-3.7178333336434672,-2.8912795901152895,-0.02684379919974008
1206,-3.717833333691402,-2.891279589666479,-0.026843799199934328
1207,-3.7178333336896268,-2.8912795901152895,-0.02684379919974008
1208,-3.717833333691402,-2.8912795901152895,-0.02684379919974008
1209,-3.7178333336908103,-2.891279589666479,-0.026843799199934328
1210,-3.7178333336902183,-2.891279590114773,-0.02684379919974008
1211,-3.7178333336908103,-2.891279589666479,-0.026843799199934328
1212,-3.717833333691402,-2.8912795901163224,-0.02684379919974008
1213,-3.7178333336902183,-2.8912795901142565,-0.02684379919974008
1214,-3.7178333336902183,-2.891279589666479,-0.026843799199934328
1215,-3.7178333336440588,-2.8912795901163224,-0.02684379919974008
1216,-3.7178333336908103,-2.8912795901142565,-0.026843799199934328
1217,-3.717833333691402,-2.8912795896669956,-0.02684379919974008
1218,-3.7178333336902183,-2.8912795901152895,-0.026843799199934328
1219,-3.7178333336908103,-2.891279589666479,-0.02684379919974008
1220,-3.7178333336908103,-2.8912795901152895,-0.02684379919974008
1221,-3.7178333336908103,-2.8912795901152895,-0.026843799199934328
1222,-3.7178333336908103,-2.891279589666479,-0.02684379919974008
1223,-3.7178333336902183,-2.8912795901152895,-0.026843799199934328
1224,-3.7178333336908103,-2.8912795901152895,-0.02684379919974008
1225,-3.7178333336908103,-2.891279589666479,-0.02684379919974008
1226,-3.7178333336434672,-2.8912795901152895,-0.026843799199934328
1227,-3.7178333336908103,-2.8912795896659627,-0.02684379919974008
1228,-3.717833333691402,-2.8912795901163224,-0.026843799199934328
1229,-3.7178333336902183,-2.8912795901142565,-0.02684379919974008
1230,-3.7178333336908103,-2.891279589666479,-0.026843799199934328
1231,-3.7178333336908103,-2.8912795901163224,-0.02684379919974008
1232,-7.748694634949351,-4.2131652875376115,-0.05144198255689488
1233,-7.748694634949351,-4.213165287985906,-0.05144198255708913
1234,-7.748694634996102,-4.2131652875376115,-0.05144198255689488
1235,-7.748694634949943,-4.213165287986422,-0.05144198255708913
1236,-7.748694634948759,-4.2131652875376115,-0.05144198255689488
1237,-7.748694634949943,-4.213165287986938,-0.05144198255708913
1238,-7.74869463499551,-4.2131652875376115,-0.05144198255689488
1239,-7.748694634949943,-4.213165287985389,-0.05144198255689488
1240,-7.748694634949351,-4.2131652875381285,-0.05144198255708913
1241,-7.748694634949943,-4.213165287986422,-0.05144198255689488
1242,-7.74869463499551,-4.2131652875376115,-0.05144198255708913
1243,-7.748694634949943,-4.213165287986422,-0.05144198255689488
1244,-7.748694634948759,-4.2131652875376115,-0.05144198255708913
1245,-7.748694634949943,-4.213165287985906,-0.05144198255689488
1246,-7.748694634996102,-4.2131652875386445,-0.05144198255689488
1247,-7.748694634949351,-4.213165287985906,-0.05144198255708913
1248,-7.748694634949351,-4.2131652875376115,-0.05144198255689488
1249,-7.748694634949943,-4.213165287986422,-0.05144198255708913
1250,-7.748694634996102,-4.2131652875376115,-0.05144198255689488
1251,-7.748694634948759,-4.213165287986422,-0.05144198255708913
1252,-7.748694634949351,-4.2131652875370955,-0.05144198255689488
1253,-1.1269277728872373,-0.8545379099376679,0.15196607212726979
1254,-1.1269277729333966,-0.8545379099376679,0.15196607212726979
1255,-0.5890110935110273,-0.4937184961047948,-0.06771462693178346
1256,-0.5890110935110273,-0.4937184956575338,-0.06771462693158921
1257,-0.5890110935104356,-0.4937184961047948,-0.06771462693178346
1258,-0.5890110934642762,-0.49371849610531127,-0.06771462693178346
1259,-0.5890110935116192,-0.49371849610531127,-0.06771462693178346
1260,-0.5890110935104356,-0.4937184956565009,-0.06771462693158921
1261,-0.5890110935110273,-0.49371849610582774,-0.06771462693178346
1262,0.19683285384961055,0.22464015522919217,-0.08102860869280869
1263,0.1968328538963617,0.2246401552286757,-0.08102860869300295
1264,0.19683285384901875,0.22464015567800258,-0.08102860869280869
1265,0.19683285384901875,0.2246401552286757,-0.08102860869280869
1266,0.1968328538963617,0.22464015522919217,-0.08102860869280869
1267,0.19683285384961055,0.22464015522815922,-0.08102860869300295
1268,0.1968328538963617,0.2246401552286757,-0.08102860869280869
1269,0.19683285384901875,0.22464015522919217,-0.08102860869280869
1270,0.19683285384961055,0.2246401556774861,-0.08102860869280869
1271,0.1968328538963617,0.22464015522919217,-0.08102860869300295
1272,0.19683285384961055,0.22464015522919217,-0.08102860869280869
1273,-0.021001173299404364,-0.03367374312214529,0.15196607212726979
1274,-0.02100117334674731,-0.033673743569922775,0.15196607212707552
1275,-0.021001173299404364,-0.03367374312162883,0.15196607212726979
1276,-0.02100117329999615,-0.03367374357043924,0.15196607212726979
1277,-0.021001173346155522,-0.03367374312111236,0.15196607212726979
1278,-0.021001173299404364,-0.03367374312111236,0.15196607212726979
1279,-0.021001173346155522,-0.03367374357043924,0.15196607212707552
1280,-0.021001173299404364,-0.03367374312214529,0.15196607212726979
1281,0.4833499682566325,-0.2182467512644929,0.16510936181456023
1282,0.48334996825722426,-0.21824675126500936,0.16510936181456023
1283,0.4833499682104731,-0.21824675081568248,0.165109361814366
1284,0.48334996825722426,-0.2182467512655258,0.16510936181456023
1285,0.48334996825722426,-0.2182467512644929,0.16510936181456023
1286,0.4833499682566325,-0.2182467512655258,0.16510936181456023
1287,0.4833499682104731,-0.21824675081619893,0.165109361814366
1288,0.48334996825781606,-0.2182467512644929,0.16510936181456023
1289,0.48334996825722426,-0.21824675126500936,0.16510936181456023
1290,0.48334996825722426,-0.2182467512655258,0.16510936181456023
1291,0.48334996820988135,-0.21824675081568248,0.165109361814366
1292,0.48334996825722426,-0.2182467512644929,0.16510936181456023
1293,0.48334996825722426,-0.2182467512655258,0.16510936181456023
1294,0.3739726122469241,-0.7512123505973395,0.3228288380620458
1295,0.3739726122475159,-0.7512123505973395,0.3228288380618516
1296,0.37397261220135647,-0.7512123501490455,0.3228288380620458
1297,0.37397261224633227,-0.751212350596823,0.3228288380620458
1298,0.3739726122481076,-0.7512123505973395,0.3228288380618516
1299,0.3739726122469241,-0.7512123505973395,0.3228288380620458
1300,0.3739726122469241,-0.751212350597856,0.3228288380618516
1301,0.3739726122475159,-0.751212350596823,0.3228288380620458
1302,0.3739726122007647,-0.751212350148529,0.3228288380620458
1303,0.3739726122469241,-0.751212350597856,0.3228288380618516
1304,0.3739726122475159,-0.7512123505973395,0.3228288380620458
1305,0.8742727406257669,-0.9703008053894652,0.15196607212726979
1306,0.8742727406245834,-0.9703008049416877,0.15196607212726979
1307,0.8742727406257669,-0.9703008053894652,0.15196607212707552
1308,0.8742727406257669,-0.9703008049416877,0.15196607212726979
1309,0.8742727406251751,-0.9703008053899816,0.15196607212726979
1310,0.8742727406251751,-0.9703008053894652,0.15196607212726979
1311,0.8742727405790157,-0.9703008049416877,0.15196607212726979
1312,0.8742727406251751,-0.9703008053894652,0.15196607212726979
1313,0.8742727406251751,-0.9703008049416877,0.15196607212726979
1314,0.8742727406257669,-0.9703008053894652,0.15196607212707552
1315,0.8742727406251751,-0.9703008049416877,0.15196607212726979
1316,0.8742727406251751,-0.9703008053894652,0.15196607212726979
1317,-0.1877678827588214,-1.1071114994853128,0.18044319978303341
1318,-0.18776788280557255,-1.1071114999341232,0.18044319978303341
1319,-0.18776788275941317,-1.1071114994853128,0.18044319978303341
1320,-0.18776788280438897,-1.1071114999341232,0.18044319978303341
1321,-0.18776788276000497,-1.1071114994853128,0.18044319978303341
1322,-0.18776788280498077,-1.1071114999341232,0.18044319978303341
1323,-0.1877678827588214,-1.1071114994858293,0.18044319978283915
1324,-0.18776788275941317,-1.1071114994853128,0.18044319978303341
1325,-0.18776788280498077,-1.1071114999341232,0.18044319978303341
1326,-0.1877678827588214,-1.1071114994853128,0.18044319978303341
1327,-0.18776788280557255,-1.1071114999341232,0.18044319978303341
1328,-0.18776788275941317,-1.1071114994853128,0.18044319978303341
1329,0.2889013353560075,-0.7282511149389237,0.21768252056372212
1330,0.2889013353560075,-0.7282511149384072,0.21768252056352788
1331,0.2889013353560075,-0.7282511153887671,0.21768252056372212
1332,0.2889013353565993,-0.7282511149389237,0.21768252056372212
1333,0.2889013353560075,-0.7282511149394402,0.21768252056352788
1334,0.2889013353554157,-0.7282511149384072,0.21768252056372212
1335,0.28890133530984813,-0.7282511153882506,0.21768252056372212
1336,0.2889013353560075,-0.7282511149394402,0.21768252056372212
1337,0.2889013353554157,-0.7282511149384072,0.21768252056352788
1338,0.2889013353560075,-0.7282511149389237,0.21768252056372212
1339,0.2889013353560075,-0.7282511153887671,0.21768252056372212
1340,0.2889013353560075,-0.7282511149384072,0.21768252056352788
1341,0.2889013353560075,-0.7282511149389237,0.21768252056372212
1342,0.7426148121095351,-0.09681714084592258,-1.044073289415968
1343,1.5852255546187448,0.2504715455125682,0.49369160399662754
1344,1.585225554665496,0.25047154506427427,0.4936916039968218
1345,1.2297491476228477,0.26625739438211216,-0.01889669380750623
1346,1.2297491476216642,0.2662573948309226,-0.01889669380750623
1347,1.2297491476228477,0.2662573943831451,-0.01889669380750623
1348,1.229749147622256,0.26625739438262863,-0.01889669380750623
1349,0.7355930559023159,0.30730060297001804,0.3456105401866567
1350,0.7355930559023159,0.30730060252172414,0.3456105401864625
1351,0.7355930559490671,0.30730060297001804,0.3456105401866567
1352,0.7355930559023159,0.30730060297001804,0.3456105401866567
1353,0.7355930559017242,0.30730060297001804,0.3456105401866567
1354,0.7355930559029077,0.3073006025222406,0.3456105401864625
1355,0.7355930559017242,0.30730060297001804,0.3456105401866567
1356,0.7355930559490671,0.30730060297001804,0.3456105401866567
1357,0.7355930559023159,0.30730060297001804,0.3456105401866567
1358,0.7355930559023159,0.30730060252120767,0.3456105401864625
1359,0.7355930559029077,0.3073006029705345,0.3456105401866567
1360,0.7355930559023159,0.30730060297001804,0.3456105401866567
1361,0.7355930559490671,0.30730060297001804,0.3456105401866567
1362,0.7355930559023159,0.30730060252120767,0.3456105401864625
1363,0.7355930559023159,0.30730060297001804,0.3456105401866567
1364,0.464553267079608,0.24163146958944987,0.3775049231610343
1365,0.46455326703404043,0.24163146958893342,0.3775049231610343
1366,0.4645532670801998,0.24163146958841694,0.3775049231612286
1367,0.4645532670801998,0.24163146958944987,0.3775049231610343
1368,0.46455326703404043,0.24163146914063946,0.3775049231610343
1369,0.464553267079608,0.24163146958841694,0.3775049231610343
1370,0.4645532670801998,0.24163146958893342,0.3775049231612286
1371,0.46455326703404043,0.24163146958841694,0.3775049231610343
1372,0.464553267079608,0.24163146958996634,0.3775049231610343
1373,0.4645532670807916,0.24163146958841694,0.3775049231610343
1374,0.4645532670334486,0.24163146958944987,0.3775049231612286
1375,0.4645532670801998,0.24163146958841694,0.3775049231610343
1376,0.4645532670801998,0.24163146914063946,0.3775049231610343
1377,0.4645532670801998,0.24163146958893342,0.3775049231610343
1378,0.46455326703404043,0.24163146958841694,0.3775049231612286
1379,0.464553267079608,0.24163146958944987,0.3775049231610343
1380,0.4645532670801998,0.24163146958944987,0.3775049231610343
1381,0.46455326703404043,0.24163146958893342,0.3775049231610343
1382,0.4645532670801998,0.24163146958841694,0.3775049231612286
1383,0.4645532670807916,0.24163146958944987,0.3775049231610343
1384,0.4645532670328568,0.24163146914063946,0.3775049231610343
1385,0.4645532670801998,0.24163146958841694,0.3775049231610343
1386,0.4645532670801998,0.24163146958893342,0.3775049231612286
1387,0.4645532670334486,0.24163146958841694,0.3775049231610343
1388,0.4645532670801998,0.24163146958944987,0.3775049231610343
1389,12.783330820447583,-54.867974106135286,0.012169263635145
1390,12.783330820446992,-54.867974106136835,0.012169263635145
1391,12.783330820400241,-54.86797410568751,0.012169263635145
1392,12.783330820446992,-54.867974106135286,0.012169263635339248
1393,12.783330820446992,-54.86797410613632,0.012169263635145
1394,12.783330820447583,-54.867974106135804,0.012169263635145
1395,12.7833308204464,-54.86797410613632,0.012169263635145
1396,12.783330820446992,-54.86797410613632,0.012169263635145
1397,12.783330820400833,-54.86797410568648,0.012169263635145
1398,12.783330820446992,-54.867974106136835,0.012169263635145
1399,12.783330820446992,-54.867974106135286,0.012169263635145
1400,12.7833308204464,-54.86797410613632,0.012169263635339248
1401,12.783330820446992,-54.867974106135804,0.012169263635145
1402,12.783330820400833,-54.86797410568751,0.012169263635145
1403,12.7833308204464,-54.867974106135804,0.012169263635145
1404,12.783330820447583,-54.867974106136835,0.012169263635145
1405,12.783330820446992,-54.867974106135804,0.012169263635145
1406,12.783330820446992,-54.867974106134774,0.012169263635145
1407,12.783330820447583,-54.867974106136835,0.012169263635339248
1408,12.783330820400241,-54.86797410568751,0.012169263635145
1409,12.7833308204464,-54.867974106135804,0.012169263635145
1410,12.783330820446992,-54.867974106135804,0.012169263635145
1411,-1.1101713092776428,5.841532372419107,-0.2052924384636079
1412,-1.1101713092308918,5.841532372419107,-0.2052924384636079
1413,-1.1101713092788266,5.841532372868434,-0.2052924384636079
1414,-1.110171309277051,5.841532372419107,-0.20529243846341363
1415,-1.1101713092320753,5.84153237242014,-0.2052924384636079
1416,-1.1101713092776428,5.841532372419107,-0.2052924384636079
1417,-1.1101713092776428,5.841532372867401,-0.2052924384636079
1418,-1.1101713092314835,5.84153237242014,-0.2052924384636079
1419,-1.1101713092776428,5.841532372419107,-0.2052924384636079
1420,-1.1101713092776428,5.841532372419107,-0.2052924384636079
1421,-1.1101713092782346,5.84153237242014,-0.2052924384636079
1422,-1.1101713092308918,5.841532372867401,-0.20529243846341363
1423,-1.1101713092782346,5.841532372419107,-0.2052924384636079
1424,-1.1101713092776428,5.84153237242014,-0.2052924384636079
1425,-1.1101713092314835,5.841532372419107,-0.2052924384636079
1426,-1.1101713092776428,5.841532372868434,-0.2052924384636079
1427,-1.1101713092776428,5.841532372419107,-0.2052924384636079
1428,-1.1101713092320753,5.841532372419107,-0.2052924384636079
1429,-1.110171309277051,5.84153237242014,-0.20529243846341363
1430,-1.1101713092782346,5.841532372867401,-0.2052924384636079
1431,-1.1101713092314835,5.841532372419107,-0.2052924384636079
1432,-1.1101713092776428,5.84153237242014,-0.2052924384636079
1433,-1.7548348166015675,5.884805470166213,-0.33433564630247736
1434,-1.7548348166021592,5.884805470166213,-0.3343356463022831
1435,-1.7548348166021592,5.884805469716886,-0.33433564630247736
1436,-1.7548348166009757,5.884805470166213,-0.3343356463022831
1437,-1.7548348166021592,5.884805470167246,-0.33433564630247736
1438,-1.7548348166021592,5.88480547016518,-0.33433564630247736
1439,-1.7548348166489105,5.884805470167246,-0.3343356463022831
1440,-1.7548348166009757,5.884805469716886,-0.33433564630247736
1441,-1.7548348166015675,5.884805470167246,-0.33433564630247736
1442,-1.7548348166021592,5.88480547016518,-0.3343356463022831
1443,-1.7548348166021592,5.884805470167246,-0.33433564630247736
1444,-1.7548348166015675,5.884805470166213,-0.3343356463022831
1445,-1.7548348166015675,5.884805469716886,-0.33433564630247736
1446,-1.7548348166021592,5.884805470166213,-0.33433564630247736
1447,-1.7548348166015675,5.88480547016518,-0.3343356463022831
1448,-1.7548348166021592,5.884805470167246,-0.33433564630247736
1449,-1.7548348166015675,5.884805470166213,-0.3343356463022831
1450,-1.7548348166015675,5.884805470166213,-0.33433564630247736
1451,-1.7548348166015675,5.884805469717919,-0.33433564630247736
1452,-1.7548348166489105,5.884805470166213,-0.3343356463022831
1453,-1.7548348166009757,5.884805470166213,-0.33433564630247736
1454,-1.754834816602751,5.884805470166213,-0.33433564630247736
1455,-1.7548348166015675,5.884805470166213,-0.3343356463022831
1456,-1.7548348166015675,5.884805469716886,-0.33433564630247736
1457,-1.7548348166021592,5.884805470166213,-0.3343356463022831
1458,-1.7548348166021592,5.884805470166213,-0.33433564630247736
1459,-2.6804913294355845,5.396658435973824,-0.132805204430755
1460,-2.68049132943736,5.396658436421085,-0.13280520443056076
1461,-2.6804913294361765,5.396658435972791,-0.132805204430755
1462,-1.8993209535550528,2.7446357437008064,-0.4175764809885855
1463,-1.8993209535556446,2.7446357436997735,-0.4175764809885855
1464,-1.8993209535550528,2.7446357441501332,-0.4175764809883913
1465,-1.8993209535088935,2.7446357436997735,-0.4175764809885855
1466,-1.8993209535550528,2.7446357437008064,-0.4175764809885855
1467,-1.8993209535550528,2.7446357437008064,-0.4175764809885855
1468,-1.381466434705801,1.302861502335614,-0.47453073630011283
1469,-1.381466434705801,1.302861502336647,-0.47453073630011283
1470,-1.381466434658458,1.302861502335614,-0.47453073630011283
1471,-1.381466434705801,1.302861502784941,-0.47453073630030707
1472,-1.3814664347052092,1.302861502336647,-0.47453073630011283
1473,-1.3814664347052092,1.302861502335614,-0.47453073630011283
1474,-0.16018241202434153,1.220173719934603,-0.6535298244223331
1475,-0.1601824120705009,1.220173720382897,-0.6535298244221389
1476,-0.16018241202434153,1.22017371993357,-0.6535298244223331
1477,-0.16018241207109268,1.220173719934603,-0.6535298244221389
1478,-0.16018241202315794,1.22017371993357,-0.6535298244223331
1479,-0.16018241207168446,1.220173720382897,-0.6535298244221389
1480,-0.16018241202374975,1.220173719934603,-0.6535298244223331
1481,-0.02977836855887213,0.8924294191525162,-0.9301647787927194
1482,-0.029778368511529183,0.8924294191525162,-0.9301647787927194
1483,-0.02977836855887213,0.8924294191525162,-0.9301647787927194
1484,-1.6511657064543466,0.10409366948243445,-0.2363583959062591
1485,-1.6511657064537548,0.10409366903104171,-0.2363583959062591
1486,-1.651165706453163,0.10409366948243445,-0.2363583959062591
1487,-1.6511657064537548,0.10409366903310757,-0.2363583959062591
1488,-1.6511657064543466,0.10409366948140152,-0.2363583959062591
1489,-1.6511657064999143,0.10409366903310757,-0.23635839590645333
1490,-1.6511657064537548,0.10409366948140152,-0.2363583959062591
1491,-1.6511657064537548,0.10409366903207465,-0.2363583959062591
1492,-1.6511657064537548,0.10409366948243445,-0.2363583959062591
1493,-1.6511657064537548,0.10409366903310757,-0.2363583959062591
1494,-1.6511657064537548,0.10409366948140152,-0.2363583959062591
1495,-1.6798910726802663,-0.7671085902194221,-0.7023477575464161
1496,-1.6798910726802663,-0.767108590668749,-0.7023477575464161
1497,-1.6798910726802663,-0.7671085902194221,-0.7023477575464161
1498,-1.679891072680858,-0.767108590668749,-0.7023477575466104
1499,-1.6798910726802663,-0.7671085902204551,-0.7023477575464161
1500,-1.679891072680858,-0.7671085902194221,-0.7023477575464161
1501,-1.6798910726335152,-0.7671085906677161,-0.7023477575464161
1502,-1.6798910726802663,-0.7671085902194221,-0.7023477575464161
1503,-1.6798910726802663,-0.7671085902194221,-0.7023477575464161
1504,-1.6798910726802663,-0.767108590668749,-0.7023477575466104
1505,-1.6798910726802663,-0.7671085902204551,-0.7023477575464161
1506,-1.6798910726802663,-0.7671085906677161,-0.7023477575464161
1507,-1.679891072680858,-0.7671085902194221,-0.7023477575464161
1508,-2.421226485583866,49.32989149722872,-0.439481963800704
1509,-2.421226485583866,49.329891496779396,-0.439481963800704
1510,-2.421226485583866,49.32989149722872,-0.439481963800704
1511,-2.421226485583866,49.32989149678043,-0.439481963800704
1512,-2.421226485583274,49.32989149722872,-0.439481963800704
1513,-2.421226485584458,49.32989149722924,-0.439481963800704
1514,-2.421226485537115,49.329891496779915,-0.4394819638008011
1515,-2.421226485583866,49.32989149722872,-0.439481963800704
1516,-2.421226485583866,49.32989149722872,-0.439481963800704
1517,-2.421226485583866,49.329891496779915,-0.439481963800704
1518,-2.421226485583866,49.32989149722872,-0.439481963800704
1519,-2.421226485583866,49.32989149678043,-0.439481963800704
1520,-2.421226485583866,49.3298914972282,-0.439481963800704
1521,-0.5177904236205011,2.24790768406231,-0.47453073630011283
1522,-0.5177904235737499,2.2479076840617935,-0.47453073630021
1523,-0.5177904236210928,2.247907684061277,-0.47453073630011283
1524,-0.5177904236199093,2.247907683614016,-0.47453073630011283
1525,-0.5177904235743417,2.2479076840607606,-0.47453073630011283
1526,-0.5177904236205011,2.24790768406231,-0.47453073630021
1527,-0.5177904236199093,2.2479076840617935,-0.47453073630011283
1528,-0.5177904235743417,2.2479076840617935,-0.47453073630011283
1529,-0.5177904236205011,2.2479076840617935,-0.47453073630011283
1530,-0.5177904236205011,2.24790768406231,-0.47453073630021
1531,-0.5177904235743417,2.2479076840607606,-0.47453073630011283
1532,-0.5177904236199093,2.2479076836134997,-0.47453073630011283
1533,-0.5177904236210928,2.2479076840617935,-0.47453073630011283
1534,-0.5177904235731582,2.2479076840617935,-0.47453073630021
1535,-0.5177904236210928,2.2479076840617935,-0.47453073630011283
1536,-3.207123043498737,2.386823158246245,-1.044073289415871
1537,-3.2071230435460794,2.386823158694539,-1.044073289415968
1538,-3.207123043498737,2.386823158245212,-1.044073289415871
1539,-0.33698020174605403,0.708261176652795,-0.18975945974228225
1540,-0.33698020179339694,0.7082611766522785,-0.18975945974228225
1541,-0.3369802017928052,0.7082611762029517,-0.18975945974218514
1542,-0.3369802017466458,0.7082611766522785,-0.18975945974228225
1543,-0.8109487444394041,1.2765517534723787,-0.7450634490301586
1544,-0.8109487444399959,1.2765517534713458,-0.7450634490300616
1545,-0.8109487444399959,1.2765517534713458,-0.7450634490301586
1546,-0.8109487444405876,1.2765517534718622,-0.7450634490301586
1547,-0.8109487444394041,1.2765517534718622,-0.7450634490301586
1548,-0.8109487444399959,1.2765517534718622,-0.7450634490301586
1549,-0.8109487444399959,1.2765517534713458,-0.7450634490300616
1550,-0.8109487444399959,1.2765517534713458,-0.7450634490301586
1551,-0.6218400834707413,4.891511256428174,-0.2363583959062591
1552,-0.621840083471333,4.891511256877501,-0.2363583959062591
1553,-0.6218400835174924,4.891511256427658,-0.2363583959062591
1554,-0.6218400834707413,4.891511256428174,-0.2363583959062591
1555,-0.6218400834719248,4.891511256877501,-0.2363583959062591
1556,-0.6218400834707413,4.891511256428174,-0.2363583959063562
1557,-0.6218400834707413,4.891511256877501,-0.2363583959062591
1558,-0.6218400834707413,4.891511256427658,-0.2363583959062591
1559,-0.6218400835174924,4.891511256428174,-0.2363583959062591
1560,-0.621840083471333,4.891511256877501,-0.2363583959062591
1561,-0.621840083471333,4.891511256427658,-0.2363583959062591
1562,-0.047332759030464716,-0.6077046291916496,-0.17422648102085952
1563,-0.047332759030464716,-0.6077046287428391,-0.17422648102095664
1564,-0.04733275898371356,-0.6077046291921661,-0.17422648102085952
1565,-0.0473327590310565,-0.6077046291916496,-0.17422648102095664
1566,-0.047332759030464716,-0.6077046287438721,-0.17422648102085952
1567,-0.0473327590310565,-0.6077046291916496,-0.17422648102095664
1568,-0.047332759030464716,-0.6077046287428391,-0.17422648102085952
1569,-0.047332759030464716,-0.6077046291916496,-0.17422648102095664
1570,-0.04733275898430534,-0.6077046291926824,-0.17422648102085952
1571,-0.047332759030464716,-0.6077046287428391,-0.17422648102095664
1572,-0.0473327590310565,-0.6077046291916496,-0.17422648102085952
1573,-0.8855549039336122,-0.8387520606182806,-0.21823658739804588
1574,-0.8855549039330204,-0.8387520606193135,-0.21823658739804588
1575,-0.885554903934204,-0.8387520606193135,-0.21823658739804588
1576,-0.8855549039336122,-0.838752060618797,-0.21823658739794874
1577,-0.8855549039336122,-0.8387520606182806,-0.21823658739804588
1578,-0.885554903934204,-0.8387520601705031,-0.21823658739804588
1579,-0.8855549039803634,-0.8387520606182806,-0.21823658739804588
1580,-0.8855549039336122,-0.838752060618797,-0.21823658739804588
1581,-0.8855549039336122,-0.8387520606182806,-0.21823658739794874
1582,-0.8855549039336122,-0.8387520606193135,-0.21823658739804588
1583,-0.8855549039336122,-0.8387520606182806,-0.21823658739804588
1584,-0.885554903934204,-0.8387520606193135,-0.21823658739804588
1585,-0.3708350976858197,0.01142868344033845,0.046193883691465314
1586,-0.37083509763966027,0.011428683439305516,0.046193883691465314
1587,-0.37083509768641143,0.01142868343827258,0.04619388369136819
1588,-0.37083509768700323,0.011428683439821983,0.046193883691465314
1589,-0.3708350976858197,0.011428683439305516,0.046193883691465314
1590,-0.37083509763966027,0.011428683439305516,0.046193883691465314
1591,-0.37083509768641143,0.011428683439305516,0.04619388369136819
1592,-0.37083509768700323,0.011428683439305516,0.046193883691465314
1593,-0.3708350976390685,0.011428683438789047,0.046193883691465314
1594,-0.37083509768700323,0.011428683439305516,0.046193883691465314
1595,-0.3708350976858197,0.011428683888115927,0.04619388369136819
1596,-0.37083509768641143,0.011428683439305516,0.046193883691465314
1597,-0.37083509763966027,0.011428683438789047,0.046193883691465314
1598,-0.37083509768700323,0.01142868344033845,0.046193883691465314
1599,-0.3708350976858197,0.011428683439305516,0.04619388369136819
1600,-0.37083509763966027,0.011428683439305516,0.046193883691465314
1601,-0.37083509768641143,0.011428683438789047,0.046193883691465314
1602,-0.37083509768700323,0.011428683439305516,0.046193883691465314
1603,-0.37083509768641143,0.011428683439305516,0.04619388369136819
1604,-0.37083509763966027,0.011428683439305516,0.046193883691465314
1605,-0.3708350976858197,0.011428683439821983,0.046193883691465314
1606,-0.5739644730936168,-0.3020331824374715,0.4936916039967247
1607,-0.573964473139776,-0.3020331824359221,0.49369160399662754
1608,-0.5739644730930249,-0.30203318198917756,0.4936916039967247
1609,-0.5739644730930249,-0.30203318243643856,0.4936916039967247
1610,-0.34894910436474635,-0.0595051329572274,-0.22082541718493348
1611,-0.34894910436356275,-0.05950513340448841,-0.22082541718493348
1612,-0.34894910436474635,-0.059505132956194466,-0.22082541718493348
1613,-0.34894910436356275,-0.05950513340552134,-0.22082541718493348
1614,-0.34894910436474635,-0.059505132956194466,-0.22082541718493348
1615,-0.34894910436415455,-0.0595051329572274,-0.22082541718483636
1616,-0.34894910436415455,-0.05950513340500488,-0.22082541718493348
1617,-0.34894910436356275,-0.059505132955678,-0.22082541718493348
1618,-0.34894910436474635,-0.05950513340603781,-0.22082541718493348
1619,-0.34894910436356275,-0.059505132956194466,-0.22082541718493348
1620,-0.3489491043179952,-0.059505132956710935,-0.22082541718493348
1621,-0.34894910436356275,-0.05950513340500488,-0.22082541718493348
1622,-0.34894910436474635,-0.059505132956194466,-0.22082541718493348
1623,-0.34894910436415455,-0.05950513340552134,-0.22082541718493348
1624,-0.34894910436415455,-0.059505132956710935,-0.22082541718493348
1625,-0.34894910436356275,-0.05950513340448841,-0.22082541718493348
1626,-0.34894910436474635,-0.059505132956710935,-0.22082541718483636
1627,-0.34894910436415455,-0.059505132956194466,-0.22082541718493348
1628,-0.34894910436415455,-0.05950513340552134,-0.22082541718493348
1629,-0.34894910436415455,-0.0595051329572274,-0.22082541718493348
1630,-0.34894910436415455,-0.05950513340448841,-0.22082541718493348
1631,-0.34894910436415455,-0.059505132956194466,-0.22082541718493348
1632,0.005330412384904826,-0.20205613630402855,-0.18975945974228225
1633,0.005330412384904826,-0.20205613675077308,-0.18975945974218514
1634,0.005330412384904826,-0.20205613630351207,-0.18975945974218514
1635,0.005330412384904826,-0.2020561363029956,-0.18975945974228225
1636,0.005330412384904826,-0.20205613675128956,-0.18975945974228225
1637,0.005330412384904826,-0.2020561363029956,-0.18975945974218514
1638,-0.9031092944057966,-1.2333982944845734,0.8354171358661796
1639,-0.9031092944052048,-1.2333982944825075,0.8354171358661796
1640,-0.9031092944052048,-1.2333982949328672,0.8354171358661796
1641,-0.9031092944063883,-1.2333982944835404,0.8354171358661796
1642,-1.0814459430511314,-2.2092508003095555,-0.04996265125015746
1643,-1.0814459430511314,-2.209250800310072,-0.049962651250254585
1644,-1.0814459430043804,-2.2092508003095555,-0.04996265125015746
1645,-1.0814459430505396,-2.209250800310072,-0.04996265125015746
1646,-1.0814459430517234,-2.2092508003095555,-0.04996265125015746
1647,-1.0814459430517234,-2.2092508003105884,-0.049962651250254585
1648,-1.0814459430505396,-2.209250800309039,-0.04996265125015746
1649,-1.0814459430517234,-2.209250800310072,-0.04996265125015746
1650,-1.0814459430037886,-2.2092508003095555,-0.04996265125015746
1651,-1.0814459430523151,-2.209250800310072,-0.049962651250254585
1652,-1.0814459430505396,-2.2092508003105884,-0.04996265125015746
1653,-0.6266276445089862,-2.3647174983487176,0.06653468915988178
1654,-0.6266276445083945,-2.3647174987985613,0.06653468915988178
1655,-0.6266276445089862,-2.364717498798045,0.06653468915978467
1656,-0.6266276445083945,-2.364717498349234,0.06653468915988178
1657,-0.6266276445089862,-2.3647174983497505,0.06653468915988178
1658,-0.6266276445557374,-2.364717498798045,0.06653468915978467
1659,-0.6266276445083945,-2.3647174987985613,0.06653468915988178
1660,-0.6266276445083945,-2.3647174983487176,0.06653468915988178
1661,-0.6266276445101698,-2.3647174983497505,0.06653468915988178
1662,-0.6266276445083945,-2.3647174987985613,0.06653468915988178
1663,-0.6266276445078027,-2.3647174987975283,0.06653468915978467
1664,-0.6266276445089862,-2.3647174983497505,0.06653468915988178
1665,-0.9645496610344745,-1.7122357251638889,0.009580433848257398
1666,-0.9645496610800421,-1.7122357251638889,0.009580433848354521
1667,-0.964549661033291,-1.712235724714562,0.009580433848257398
1668,-0.9645496610338827,-1.7122357251638889,0.009580433848257398
1669,-0.9645496610800421,-1.7122357251633724,0.009580433848257398
1670,-0.9645496610338827,-1.7122357251633724,0.009580433848257398
1671,-0.964549661033291,-1.7122357251649218,0.009580433848354521
1672,-0.9645496610812256,-1.712235725162856,0.009580433848257398
1673,-0.9645496610338827,-1.7122357251638889,0.009580433848257398
1674,-0.964549661033291,-1.7122357247150786,0.009580433848354521
1675,-0.9645496610800421,-1.7122357251638889,0.009580433848257398
1676,-0.9645496610344745,-1.7122357251633724,0.009580433848257398
1677,-1.4034094227828642,-0.8071803619815718,0.3797830933735731
1678,-1.4034094227840477,-0.8071803615322449,0.3797830933735731
1679,-1.403409422783456,-0.8071803619815718,0.379783093373476
1680,-1.4034094227840477,-0.8071803619810554,0.3797830933735731
1681,-1.403409422783456,-0.8071803615332779,0.3797830933735731
1682,-1.4034094227840477,-0.8071803619805389,0.379783093373476
1683,-1.4034094228296154,-0.8071803619820883,0.3797830933735731
1684,-1.403409422783456,-0.8071803615327614,0.3797830933735731
1685,-1.4034094227840477,-0.8071803619810554,0.3797830933735731
1686,-1.403409422783456,-0.8071803619810554,0.3797830933735731
1687,-1.4034094227840477,-0.8071803615327614,0.379783093373476
1688,-1.403409422783456,-0.8071803619810554,0.3797830933735731
1689,-0.6661250230588256,-0.8703237592565387,0.6645543699315007
1690,-0.666125023104985,-0.8703237592565387,0.6645543699314036
1691,-0.6661250230588256,-0.8703237592555058,0.6645543699314036
1692,-0.6661250230588256,-0.8703237592565387,0.6645543699315007
1693,-0.07366434471536569,-0.3493907303930511,-0.21416842630432373
1694,-0.07366434471477391,-0.3493907303930511,-0.21416842630442084
1695,-0.07366434476211685,-0.3493907303920181,-0.21416842630432373
1696,-0.07366434471477391,-0.34939073084134503,-0.21416842630432373
1697,-0.07366434471536569,-0.349390730394084,-0.21416842630432373
1698,-0.07366434471536569,-0.3493907303920181,-0.21416842630442084
1699,-0.07366434476152507,-0.34939073039356755,-0.21416842630432373
1700,-0.07366434471536569,-0.3493907303930511,-0.21416842630432373
1701,-0.07366434471418212,-0.3493907303920181,-0.21416842630442084
1702,-0.07366434471595748,-0.34939073039356755,-0.21416842630432373
1703,-0.07366434471536569,-0.34939073084186145,-0.21416842630432373
1704,-0.07366434476152507,-0.3493907303920181,-0.21416842630432373
1705,-0.07366434471477391,-0.34939073039356755,-0.21416842630442084
1706,-0.07366434471477391,-0.3493907303920181,-0.21416842630432373
1707,0.07714382795147924,-0.08246636861512668,0.13643309340584706
1708,0.07714382795147924,-0.08246636861512668,0.13643309340594417
1709,0.07714382790413629,-0.08246636861461022,0.13643309340584706
1710,0.07714382795207102,-0.08246636861409375,0.13643309340594417
1711,0.07714382795147924,-0.08246636861512668,0.13643309340584706
1712,0.07714382795147924,-0.08246636816631628,0.13643309340594417
1713,0.07714382790472808,-0.08246636861409375,0.13643309340584706
1714,0.07714382795266281,-0.08246636861461022,0.13643309340594417
1715,0.07714382795147924,-0.08246636861512668,0.13643309340584706
1716,0.07714382795147924,-0.08246636861512668,0.13643309340594417
1717,0.07714382795088745,-0.08246636861409375,0.13643309340584706
1718,0.07714382790531986,-0.08246636861461022,0.13643309340584706
1719,0.07714382795147924,-0.08246636861512668,0.13643309340594417
1720,0.07714382795147924,-0.08246636861409375,0.13643309340584706
1721,0.07714382795207102,-0.08246636861512668,0.13643309340594417
1722,0.07714382790472808,-0.08246636861409375,0.13643309340584706
1723,0.07714382795147924,-0.08246636816683274,0.13643309340594417
1724,0.07714382795147924,-0.08246636861409375,0.13643309340584706
1725,0.07714382795207102,-0.08246636861512668,0.13643309340594417
1726,0.07714382790531986,-0.08246636861461022,0.13643309340584706
1727,0.07714382795147924,-0.08246636861409375,0.13643309340594417
1728,0.07714382795147924,-0.08246636861512668,0.13643309340584706
1729,-0.03315421288247178,0.05618416866074921,0.020533175254365158
1730,-0.03315421288247178,0.05618416821245527,0.020533175254365158
1731,-0.033154212881879995,0.05618416866178214,0.020533175254365158
1732,-0.03315421283572062,0.05618416821245527,0.020533175254365158
1733,-0.03315421288247178,0.05618416866074921,0.020533175254365158
1734,-0.033154212881879995,0.05618416821245527,0.020533175254365158
1735,-0.033154212881879995,0.05618416866074921,0.020533175254268034
1736,-0.03315421288247178,0.05618416821297173,0.020533175254365158
1737,-0.033154212881879995,0.056184168661265674,0.020533175254365158
1738,-0.033154212835128836,0.0561841682119388,0.020533175254365158
1739,-0.033154212881879995,0.056184168661265674,0.020533175254365158
1740,-0.03315421288247178,0.0561841682119388,0.020533175254365158
1741,-0.03315421288247178,0.05618416866178214,0.020533175254365158
1742,-0.033154212881288204,0.056184168661265674,0.020533175254365158
1743,-0.03315421288247178,0.0561841682119388,0.020533175254365158
1744,-0.03315421288247178,0.05618416866074921,0.020533175254365158
1745,-0.033154212835128836,0.05618416821245527,0.020533175254365158
1746,-0.033154212881879995,0.05618416866178214,0.020533175254365158
1747,-0.03315421288247178,0.0561841682119388,0.020533175254365158
1748,-0.033154212881879995,0.056184168661265674,0.020533175254268034
1749,-0.033154212881879995,0.05618416821297173,0.020533175254365158
1750,-0.03315421288247178,0.05618416866023274,0.020533175254365158
1751,-0.033154212835128836,0.05618416821297173,0.020533175254365158
1752,-0.03315421288247178,0.056184168661265674,0.020533175254365158
1753,-0.03315421288247178,0.0561841682119388,0.020533175254365158
1754,-0.033154212881288204,0.056184168661265674,0.020533175254365158
1755,0.07280510076748616,-0.019861125191892936,0.0024611519343164896
1756,0.07280510072191858,-0.019861125191892936,0.0024611519343164896
1757,0.07280510076866974,-0.019861124743082527,0.0024611519344136137
1758,0.07280510076866974,-0.019861125192409405,0.0024611519343164896
1759,0.07280510072132679,-0.019861125191892936,0.0024611519343164896
1760,0.07280510076866974,-0.019861125191892936,0.0024611519343164896
1761,0.07280510076807795,-0.019861124743082527,0.0024611519343164896
1762,0.07280510072251037,-0.019861125191892936,0.0024611519343164896
1763,0.07280510076748616,-0.019861125191892936,0.0024611519344136137
1764,0.07280510076866974,-0.019861125191892936,0.0024611519343164896
1765,0.07280510072251037,-0.019861125192409405,0.0024611519343164896
1766,0.07280510076807795,-0.019861124743082527,0.0024611519343164896
1767,0.07280510076807795,-0.019861125191892936,0.0024611519343164896
1768,0.07280510072132679,-0.019861125191892936,0.0024611519344136137
1769,0.07280510076866974,-0.019861125191892936,0.0024611519343164896
1770,0.07280510072132679,-0.019861125192409405,0.0024611519343164896
1771,0.07280510076866974,-0.019861124743082527,0.0024611519343164896
1772,0.07280510076866974,-0.019861125191892936,0.0024611519343164896
1773,0.07280510072191858,-0.019861125191892936,0.0024611519344136137
1774,0.07280510076807795,-0.019861125191892936,0.0024611519343164896
1775,0.07280510076866974,-0.019861124743082527,0.0024611519343164896
1776,0.07280510072251037,-0.019861125192409405,0.0024611519343164896
1777,0.07280510076748616,-0.019861125191892936,0.0024611519343164896
1778,0.07280510076866974,-0.019861125191892936,0.0024611519344136137
1779,0.07280510072191858,-0.019861125191892936,0.0024611519343164896
1780,0.07280510076807795,-0.019861124743082527,0.0024611519343164896
1781,0.07280510076866974,-0.019861125192409405,0.0024611519343164896
1782,0.07280510072132679,-0.019861125191892936,0.0024611519343164896
1783,0.07280510076866974,-0.019861125191892936,0.0024611519343164896
1784,0.07280510076807795,-0.019861124743598992,0.0024611519344136137
1785,0.07280510072132679,-0.01986112519137647,0.0024611519343164896
1786,0.07280510076866974,-0.019861125192409405,0.0024611519343164896
1787,0.06818645568629922,0.031506537951445694,-0.007873289553662247
1788,0.06818645568629922,0.031506537950929225,-0.007873289553662247
1789,0.06818645568570744,0.031506537950929225,-0.007873289553662247
1790,0.06818645563895627,0.03150653795041276,-0.007873289553662247
1791,0.06818645568629922,0.031506537950929225,-0.007873289553662247
1792,0.06818645568570744,0.031506537951445694,-0.007873289553565123
1793,0.06818645568511565,0.03150653794989629,-0.007873289553662247
1794,0.06818645568629922,0.031506537951445694,-0.007873289553662247
1795,0.06818645568629922,0.031506537950929225,-0.007873289553662247
1796,0.06818645563895627,0.03150653795041276,-0.007873289553662247
1797,0.06818645568511565,0.031506537950929225,-0.007873289553662247
1798,0.06818645568629922,0.031506537950929225,-0.007873289553662247
1799,0.06818645568629922,0.031506537951445694,-0.007873289553662247
1800,0.06818645568511565,0.03150653795041276,-0.007873289553662247
1801,0.06818645568629922,0.031506537950929225,-0.007873289553662247
1802,0.06818645563895627,0.03150653750211881,-0.007873289553565123
1803,0.06818645568629922,0.03150653795041276,-0.007873289553662247
1804,0.06818645568570744,0.031506537950929225,-0.007873289553662247
1805,0.06818645568629922,0.031506537951445694,-0.007873289553662247
1806,0.06818645568570744,0.03150653794989629,-0.007873289553662247
1807,0.06818645568570744,0.031506537951445694,-0.007873289553662247
1808,0.06818645563895627,0.031506537950929225,-0.007873289553662247
1809,0.06818645568629922,0.031506537950929225,-0.007873289553662247
1810,0.06818645568570744,0.031506537951445694,-0.007873289553662247
1811,0.06818645568629922,0.031506537950929225,-0.007873289553662247
1812,0.06818645568511565,0.03150653795041276,-0.007873289553565123
1813,0.06818645568629922,0.031506537950929225,-0.007873289553662247
1814,0.06818645563895627,0.031506537950929225,-0.007873289553662247
1815,0.06818645568629922,0.03150653795041276,-0.007873289553662247
1816,0.06818645568511565,0.031506537950929225,-0.007873289553662247
1817,0.06818645568629922,0.03150653795041276,-0.007873289553662247
1818,-0.04921358658293693,-0.0156327724060469,-0.04330566036964484
1819,-0.04921358658293693,-0.01563277285692318,-0.043305660369547715
1820,-0.04921358653618577,-0.015632772407079835,-0.04330566036964484
1821,-0.04921358658352872,-0.015632772856406713,-0.04330566036964484
1822,-0.04921358658293693,-0.015632772407079835,-0.043305660369547715
1823,-0.04921358658234515,-0.015632772407596304,-0.04330566036964484
1824,-0.04921358658293693,-0.01563277285537378,-0.04330566036964484
1825,-0.04921358658352872,-0.01563277240811277,-0.043305660369547715
1826,-0.04921358653559399,-0.015632772855890247,-0.04330566036964484
1827,-0.04921358658234515,-0.01563277240811277,-0.043305660369547715
1828,-0.04921358658352872,-0.015632772407079835,-0.04330566036964484
1829,-0.04921358658293693,-0.015632772856406713,-0.04330566036964484
1830,-0.04921358658293693,-0.015632772407079835,-0.043305660369547715
1831,-0.04921358658234515,-0.015632772855890247,-0.04330566036964484
1832,-0.049213586536777564,-0.01563277240811277,-0.04330566036964484
1833,-0.04921358658293693,-0.015632772407079835,-0.043305660369547715
1834,-0.04921358658293693,-0.015632772855890247,-0.04330566036964484
1835,-0.04921358658293693,-0.01563277240811277,-0.04330566036964484
1836,-0.04921358658293693,-0.015632772407079835,-0.043305660369547715
1837,-0.04921358653559399,-0.015632772855890247,-0.04330566036964484
1838,-0.04921358658293693,-0.015632772407596304,-0.043305660369547715
1839,-0.049213586584120506,-0.015632772855890247,-0.04330566036964484
1840,-0.04921358658234515,-0.01563277240811277,-0.04330566036964484
1841,-0.04921358658293693,-0.015632772407079835,-0.043305660369547715
1842,-0.04921358658293693,-0.015632772856406713,-0.04330566036964484
1843,-0.04921358653618577,-0.015632772406563366,-0.04330566036964484
1844,-0.04921358658234515,-0.015632772856406713,-0.043305660369547715
1845,-0.04921358658293693,-0.015632772407596304,-0.04330566036964484
1846,0.0031361135812818346,0.06893427745051513,-0.004658129979624418
1847,0.003136113582465408,0.0689342778982926,-0.004658129979624418
1848,0.0031361135818736216,0.06893427745051513,-0.004658129979624418
1849,0.0031361135351224627,0.06893427744999865,-0.004658129979624418
1850,0.0031361135812818346,0.06893427744999865,-0.004658129979527294
1851,0.0031361135812818346,0.06893427744999865,-0.004658129979624418
1852,0.0031361135818736216,0.06893427789880907,-0.004658129979624418
1853,0.0031361135818736216,0.06893427744999865,-0.004658129979624418
1854,0.0031361135818736216,0.06893427745051513,-0.004658129979624418
1855,0.0031361135818736216,0.06893427789880907,-0.004658129979624418
1856,0.0031361135818736216,0.06893427744948219,-0.004658129979624418
1857,0.0031361135812818346,0.06893427745051513,-0.004658129979527294
1858,0.0031361135351224627,0.06893427745051513,-0.004658129979624418
1859,0.003136113582465408,0.06893427744896571,-0.004658129979624418
1860,0.0031361135812818346,0.06893427789880907,-0.004658129979624418
1861,0.003136113582465408,0.06893427745103159,-0.004658129979624418
1862,0.0031361135812818346,0.06893427744999865,-0.004658129979624418
1863,0.0031361135812818346,0.06893427789777613,-0.004658129979624418
1864,0.0031361135818736216,0.06893427745103159,-0.004658129979624418
1865,0.0031361135351224627,0.06893427744999865,-0.004658129979624418
1866,0.0031361135818736216,0.06893427744999865,-0.004658129979527294
1867,0.0031361135818736216,0.06893427744999865,-0.004658129979624418
1868,0.0031361135818736216,0.06893427789880907,-0.004658129979624418
1869,0.0031361135818736216,0.06893427744999865,-0.004658129979624418
1870,-0.0009891681925380614,0.05977848473750434,0.035779391291579365
1871,-0.0009891681925380614,0.05977848518683122,0.03577939129167649
1872,-0.0009891681457869026,0.05977848473698787,0.035779391291579365
1873,-0.0009891681919462745,0.059778485186314755,0.035779391291579365
1874,-0.0009891681931298482,0.05977848473750434,0.03577939129167649
1875,-0.0009891681925380614,0.05977848473802081,0.035779391291579365
1876,-0.0009891681919462745,0.059778485185798286,0.035779391291579365
1877,-0.0009891681457869026,0.05977848473750434,0.03577939129167649
1878,-0.0009891681925380614,0.059778485186314755,0.035779391291579365
1879,-0.0009891681925380614,0.05977848473802081,0.035779391291579365
1880,-0.0009891681925380614,0.05977848473750434,0.03577939129167649
1881,-0.0009891681925380614,0.059778485185798286,0.035779391291579365
1882,-0.000989168144603329,0.05977848473750434,0.035779391291579365
1883,-0.0009891681931298482,0.05977848518683122,0.035779391291579365
1884,-0.0009891681931298482,0.05977848473750434,0.03577939129167649
1885,-0.0009891681919462745,0.05977848473698787,0.035779391291579365
1886,-0.0009891681925380614,0.059778485186314755,0.035779391291579365
1887,-0.0009891681457869026,0.05977848473750434,0.03577939129167649
1888,-0.0009891681919462745,0.05977848518683122,0.035779391291579365
1889,-0.0009891681925380614,0.05977848473698787,0.035779391291579365
1890,-0.0009891681931298482,0.05977848473750434,0.03577939129167649
1891,-0.0009891681919462745,0.05977848518683122,0.035779391291579365
1892,-0.0009891681457869026,0.05977848473750434,0.035779391291579365
1893,-0.0009891681925380614,0.059778485186314755,0.03577939129167649
1894,-0.0009891681931298482,0.05977848473698787,0.035779391291579365
1895,0.01849620525102679,-0.006612287274210544,0.005512272754632378
1896,0.018496205203683846,-0.006612287275243479,0.005512272754535254
1897,0.018496205250435004,-0.006612287274727011,0.005512272754632378
1898,0.01849620525102679,-0.006612287274727011,0.005512272754632378
1899,0.018496205250435004,-0.006612287274210544,0.005512272754535254
1900,0.01849620520309206,-0.006612287274727011,0.005512272754632378
1901,0.018496205251618575,-0.006612286826433068,0.005512272754632378
1902,0.018496205249843217,-0.006612287274727011,0.005512272754535254
1903,0.01849620520427563,-0.006612287275243479,0.005512272754632378
1904,0.018496205250435004,-0.006612287274727011,0.005512272754535254
1905,0.018496205250435004,-0.006612287274210544,0.005512272754632378
1906,0.018496205250435004,-0.006612287274727011,0.005512272754632378
1907,0.01849620520309206,-0.006612287274210544,0.005512272754535254
1908,0.018496205250435004,-0.006612287275759947,0.005512272754632378
1909,0.018496205250435004,-0.006612287274210544,0.005512272754632378
1910,0.01849620520427563,-0.006612287274727011,0.005512272754535254
1911,0.018496205249843217,-0.006612287275243479,0.005512272754632378
1912,0.01849620525102679,-0.006612287274727011,0.005512272754632378
1913,0.018496205250435004,-0.006612287274210544,0.005512272754535254
1914,0.018496205203683846,-0.006612287275243479,0.005512272754632378
1915,0.018496205250435004,-0.006612287273694076,0.005512272754535254
1916,0.01849620525102679,-0.006612286826949535,0.005512272754632378
1917,0.018496205203683846,-0.006612287274210544,0.005512272754632378
1918,0.018496205249843217,-0.006612287275759947,0.005512272754535254
1919,0.01849620525102679,-0.006612287274210544,0.005512272754632378
1920,0.018496205250435004,-0.006612287274727011,0.005512272754632378
1921,0.018496205203683846,-0.006612287275243479,0.005512272754535254
1922,0.018496205250435004,-0.006612287273694076,0.005512272754632378
1923,-0.17483306873908191,-0.043643753383870096,-0.03688224811645558
1924,-0.1748330687396737,-0.04364375338283716,-0.03688224811635846
1925,-0.17483306878583307,-0.04364375338180423,-0.03688224811645558
1926,-0.17483306873908191,-0.043643753383870096,-0.03688224811645558
1927,-0.17483306873908191,-0.04364375338283716,-0.03688224811635846
1928,-0.1748330687396737,-0.04364375338180423,-0.03688224811645558
1929,-0.17483306873908191,-0.043643753383870096,-0.03688224811645558
1930,-0.17483306878583307,-0.04364375338180423,-0.03688224811635846
1931,-0.1748330687396737,-0.04364375338283716,-0.03688224811645558
1932,-0.17483306873908191,-0.04364375383164757,-0.03688224811645558
1933,-0.17483306873908191,-0.04364375338283716,-0.03688224811645558
1934,-0.17483306878642485,-0.04364375338283716,-0.03688224811635846
1935,-0.17483306873908191,-0.04364375338283716,-0.03688224811645558
1936,-0.1748330687396737,-0.04364375338283716,-0.03688224811645558
1937,-0.17483306873849014,-0.04364375338283716,-0.03688224811635846
1938,-0.1748330687396737,-0.04364375338283716,-0.03688224811645558
1939,-0.17483306878642485,-0.04364375338283716,-0.03688224811645558
1940,-0.17483306873849014,-0.04364375338283716,-0.03688224811635846
1941,-0.1748330687396737,-0.04364375338180423,-0.03688224811645558
1942,0.4792989550320956,-0.8703237592565387,0.32282883806194873
1943,0.4792989550776631,-0.8703237592565387,0.3228288380620458
1944,0.47929895507884673,-0.8703237592565387,0.32282883806194873
1945,0.4792989550320956,-0.8703237592555058,0.32282883806194873
1946,1.1160445730097994,-1.0210068670017736,0.10536713596319583
1947,1.1160445729630482,-1.0210068665514138,0.10536713596319583
1948,1.1160445730103912,-1.0210068670017736,0.10536713596329295
1949,1.1160445730097994,-1.0210068665524465,0.10536713596319583
1950,1.1160445730097994,-1.0210068670007406,0.10536713596319583
1951,1.1160445729630482,-1.0210068665519303,0.10536713596319583
1952,1.1160445730103912,-1.0210068670017736,0.10536713596319583
1953,1.1160445730097994,-1.0210068665514138,0.10536713596319583
1954,1.1160445730097994,-1.0210068670017736,0.10536713596329295
1955,1.11604457296364,-1.0210068665524465,0.10536713596319583
1956,1.1160445730097994,-1.0210068670017736,0.10536713596319583
1957,0.8347753620753358,-1.50175773379835,-0.4033379171607037
1958,0.8347753620285846,-1.5017577333505727,-0.4033379171606066
1959,0.8347753620753358,-1.50175773379835,-0.4033379171607037
1960,0.8347753620753358,-1.5017577333505727,-0.4033379171607037
1961,0.8347753620753358,-1.501757733799383,-0.4033379171606066
1962,0.834775362074744,-1.5017577337988666,-0.4033379171607037
1963,0.8347753620291763,-1.5017577333505727,-0.4033379171606066
1964,0.8347753620753358,-1.50175773379835,-0.4033379171607037
1965,0.2159830980002236,-2.417336996527614,-1.1295046723832591
1966,0.21598309804697477,-2.417336996078287,-1.1295046723833562
1967,0.21598309804756657,-2.4173369965265814,-1.1295046723833562
1968,0.2159830980002236,-2.417336996527614,-1.1295046723832591
1969,0.07304020421886855,-2.2572233814959666,-0.48266705848746
1970,0.07304020417152561,-2.2572233814959666,-0.48266705848755714
1971,0.07304020417152561,-2.2572233814959666,-0.48266705848746
1972,0.07304020421827677,-2.2572233814969995,-0.48266705848755714
1973,0.07304020421827677,-2.2572233814959666,-0.48266705848746
1974,0.07304020417211739,-2.25722338149545,-0.48266705848755714
1975,0.07304020417152561,-2.2572233814959666,-0.48266705848746
1976,0.07304020421827677,-2.257223381496483,-0.48266705848746
1977,0.07304020421768498,-2.257223381496483,-0.48266705848755714
1978,0.07304020417211739,-2.2572233814959666,-0.48266705848746
1979,0.07304020417152561,-2.257223381496483,-0.48266705848755714
1980,0.07304020421768498,-2.2572233814949336,-0.48266705848746
1981,0.07304020421886855,-2.2572233814969995,-0.48266705848755714
1982,0.07304020417152561,-2.2572233814959666,-0.48266705848746
1983,0.11065675521623569,-2.203510491507929,0.4781586252753991
1984,0.11065675516889274,-2.203510491506896,0.47815862527530195
1985,0.11065675521682748,-2.2035104915074126,0.4781586252753991
1986,0.11065675521505211,-2.203510491506896,0.4781586252753991
1987,0.11065675517007632,-2.203510491507929,0.47815862527530195
1988,0.1106567552156439,-2.2035104910591183,0.4781586252753991
1989,0.11065675517007632,-2.2035104915074126,0.47815862527530195
1990,0.11065675521623569,-2.203510491506896,0.4781586252753991
1991,0.11065675521505211,-2.203510491508445,0.4781586252753991
1992,0.11065675517007632,-2.203510491506896,0.47815862527530195
1993,0.1106567552156439,-2.203510491507929,0.4781586252753991
1994,0.07554797427245874,-1.9953286237530095,-0.041678395932117134
1995,0.07554797427245874,-1.9953286233047154,-0.041678395932117134
1996,0.07554797422511579,-1.995328623753526,-0.04167839593221426
1997,0.07554797427305053,-1.9953286233047154,-0.041678395932117134
1998,0.07554797427186695,-1.9953286237530095,-0.041678395932117134
1999,0.07554797427245874,-1.9953286237540424,-0.041678395932117134
2000,0.07554797427245874,-1.9953286233047154,-0.041678395932117134
2001,0.07554797422570758,-1.9953286237530095,-0.04167839593221426
2002,0.07554797427245874,-1.9953286233052319,-0.041678395932117134
2003,0.07554797427186695,-1.9953286237530095,-0.041678395932117134
2004,0.07554797427305053,-1.995328623753526,-0.041678395932117134
2005,0.07554797427245874,-1.9953286233052319,-0.041678395932117134
2006,0.07554797422511579,-1.9953286237530095,-0.04167839593221426
2007,0.07554797427245874,-1.9953286233047154,-0.041678395932117134
2008,0.07554797427245874,-1.9953286237530095,-0.041678395932117134
2009,0.17289504870691177,-1.9050144310922628,0.07430117852054459
2010,0.17289504866016062,-1.9050144306424195,0.07430117852054459
2011,0.17289504870809536,-1.9050144310917463,0.07430117852044747
2012,0.17289504866016062,-1.905014430643969,0.07430117852054459
2013,0.17289504870750355,-1.9050144310917463,0.07430117852054459
2014,0.1728950486607524,-1.9050144306434524,0.07430117852054459
2015,0.17289504870691177,-1.9050144310917463,0.07430117852054459
2016,0.1728950486607524,-1.9050144306424195,0.07430117852054459
2017,0.17289504870691177,-1.9050144310922628,0.07430117852044747
2018,0.1728950486607524,-1.905014430642936,0.07430117852054459
2019,0.17289504870750355,-1.9050144310917463,0.07430117852054459
2020,-0.2316538589620661,-1.9911190635763185,0.20078400525144988
2021,-0.23165385896147433,-1.9911190640246126,0.20078400525144988
2022,-0.23165385891590676,-1.9911190635763185,0.20078400525144988
2023,-0.2316538589620661,-1.9911190635763185,0.20078400525144988
2024,-0.2316538589620661,-1.9911190640246126,0.20078400525144988
2025,-0.23165385896147433,-1.9911190635763185,0.20078400525144988
2026,-0.23165385891472318,-1.9911190635752856,0.20078400525144988
2027,-0.23165385896265792,-1.991119064025129,0.20078400525135276
2028,-0.2316538589620661,-1.991119063576835,0.20078400525144988
2029,-0.23165385896088253,-1.991119064025129,0.20078400525144988
2030,-0.23165385896265792,-1.9911190635752856,0.20078400525144988
2031,-0.23165385891531495,-1.991119063576835,0.20078400525144988
2032,-0.23165385896147433,-1.991119064025129,0.20078400525144988
2033,-0.2316538589620661,-1.9911190635752856,0.20078400525144988
2034,-0.17372437039054248,-2.085834159937321,0.3570013912489622
2035,-0.17372437043788544,-2.085834159937321,0.35700139124886504
2036,-0.17372437039054248,-2.085834159936288,0.35700139124886504
2037,-0.1737243703899507,-2.085834159937321,0.3570013912489622
2038,-0.17372437039172606,-2.085834159937321,0.3570013912489622
2039,-0.17372437043729363,-2.085834159487994,0.35700139124886504
2040,-0.17372437039054248,-2.085834159937321,0.35700139124886504
2041,-0.1737243703899507,-2.085834159937321,0.3570013912489622
2042,-0.17372437043788544,-2.085834159937321,0.3570013912489622
2043,-0.17372437039113428,-2.085834159936288,0.35700139124886504
2044,0.26425767181012255,-2.0753102603919236,0.12348894447140903
2045,0.26425767180953075,-2.0753102603908906,0.12348894447150616
2046,0.2642576718107143,-2.0753102599425968,0.12348894447140903
2047,0.26425767180953075,-2.075310260391407,0.12348894447140903
2048,0.26425767180953075,-2.075310260391407,0.12348894447150616
2049,0.26425767181012255,-2.0753102603908906,0.12348894447140903
2050,0.26425767181012255,-2.0753102603908906,0.12348894447140903
2051,0.2642576718083472,-2.0753102603908906,0.12348894447150616
2052,0.2642576718107143,-2.0753102603919236,0.12348894447140903
2053,0.26425767180953075,-2.0753102599425968,0.12348894447140903
2054,0.26425767181012255,-2.0753102603908906,0.12348894447150616
2055,0.26425767181012255,-2.0753102603908906,0.12348894447140903
2056,0.019693095497864636,-2.31831666845306,0.07430117852054459
2057,0.01969309549904821,-2.318316668900321,0.07430117852054459
2058,0.019693095497864636,-2.31831666845306,0.07430117852054459
2059,0.019693095498456423,-2.3183166689008377,0.07430117852054459
2060,0.019693095497864636,-2.3183166684525434,0.07430117852054459
2061,0.019693095451705264,-2.3183166689008377,0.07430117852044747
2062,0.019693095497864636,-2.318316668452027,0.07430117852054459
2063,0.019693095498456423,-2.3183166689013537,0.07430117852054459
2064,0.019693095497864636,-2.318316668452027,0.07430117852054459
2065,0.019693095498456423,-2.3183166689008377,0.07430117852054459
2066,0.019693095498456423,-2.3183166684525434,0.07430117852054459
2067,-0.031533807610528965,-2.477323224117711,0.35700139124886504
2068,-0.031533807610528965,-2.4773232236694174,0.3570013912489622
2069,-0.031533807563777806,-2.477323224117711,0.3570013912489622
2070,-0.031533807610528965,-2.477323224117711,0.35700139124886504
2071,-0.031533807611120755,-2.4773232241171947,0.35700139124886504
2072,-0.031533807611120755,-2.4773232236694174,0.3570013912489622
2073,-0.031533807610528965,-2.477323224117711,0.3570013912489622
2074,-0.031533807563777806,-2.4773232241171947,0.35700139124886504
2075,-0.031533807610528965,-2.477323223669934,0.35700139124886504
2076,-0.031533807611120755,-2.4773232241171947,0.3570013912489622
2077,0.1393821214427471,-2.019820608036361,0.22963096573389788
2078,0.13938212139599593,-2.0198206080368775,0.22963096573399502
2079,0.1393821214427471,-2.0198206080368775,0.22963096573389788
2080,0.1393821214427471,-2.019820608036361,0.22963096573389788
2081,0.13938212139658773,-2.019820608037394,0.22963096573399502
2082,0.1393821214421553,-2.019820608036361,0.22963096573389788
2083,0.13938212139658773,-2.0198206080368775,0.22963096573399502
2084,0.1393821214427471,-2.019820608036361,0.22963096573389788
2085,0.1393821214427471,-2.0198206080368775,0.22963096573389788
2086,0.13938212139599593,-2.019820608036361,0.22963096573399502
2087,0.1393821214427471,-2.0198206080368775,0.22963096573389788
2088,0.46493627196529513,-2.39868099258275,0.2606969231766462
2089,0.46493627191795217,-2.3986809925832664,0.26069692317654913
2090,0.46493627196588694,-2.39868099258275,0.2606969231766462
2091,0.46493627196470333,-2.3986809925832664,0.26069692317654913
2092,0.464936271918544,-2.3986809925832664,0.2606969231766462
2093,0.46493627196470333,-2.398680993031044,0.26069692317654913
2094,0.46493627191795217,-2.39868099258275,0.2606969231766462
2095,0.46493627196529513,-2.3986809925832664,0.26069692317654913
2096,0.4649362719664787,-2.3986809925832664,0.2606969231766462
2097,0.46493627191795217,-2.39868099258275,0.26069692317654913
2098,0.46493627196529513,-2.3986809925832664,0.2606969231766462
2099,-0.33458642125060295,-2.042781843245966,0.35389479550459996
2100,-0.33458642125119475,-2.0427818436942604,0.35389479550469705
2101,-0.33458642125060295,-2.0427818432464826,0.35389479550459996
2102,-0.33458642125119475,-2.0427818436952934,0.35389479550469705
2103,-0.33458642125119475,-2.042781843245966,0.35389479550469705
2104,-0.33458642125001115,-2.0427818436942604,0.3538947955045028
2105,-0.33458642125119475,-2.0427818432464826,0.35389479550469705
2106,-0.33458642125119475,-2.0427818436952934,0.35389479550469705
2107,-0.33458642125060295,-2.042781843245966,0.35389479550469705
2108,-0.33458642125060295,-2.0427818436952934,0.3538947955045028
2109,-0.33458642125060295,-2.0427818432454496,0.35389479550469705
2110,-2.0444822593644996,-1.4956862531889508,0.2965422586874649
2111,-2.0444822593177485,-1.4956862531879178,0.29654225868727063
2112,-2.044482259363908,-1.4956862531884343,0.2965422586874649
2113,-2.0444822593644996,-1.4956862527396237,0.2965422586874649
2114,-2.044482259317157,-1.4956862531874013,0.29654225868727063
2115,-2.044482259363908,-1.4956862531889508,0.2965422586874649
2116,-2.0444822593644996,-1.4956862531884343,0.2965422586874649
2117,-2.044482259363908,-1.4956862531884343,0.2965422586874649
2118,-2.044482259317157,-1.4956862531884343,0.29654225868727063
2119,-2.0444822593650915,-1.4956862527391073,0.2965422586874649
2120,-2.044482259363908,-1.4956862531884343,0.2965422586874649
2121,-2.044482259317157,-1.4956862531884343,0.29654225868727063
2122,-2.0444822593644996,-1.4956862531884343,0.2965422586874649
2123,-2.1845797986645796,-0.6072262701614305,0.3513059657178095
2124,-2.1845797986645796,-0.6072262697141695,0.35130596571761524
2125,-2.184579798711331,-0.6072262701624633,0.3513059657178095
2126,-2.1845797986651716,-0.6072262697141695,0.3513059657178095
2127,-2.1845797986645796,-0.6072262701624633,0.35130596571761524
2128,-2.184579798711331,-0.6072262697131365,0.3513059657178095
2129,-2.1845797986645796,-0.6072262701634963,0.3513059657178095
2130,-2.1845797986651716,-0.6072262701614305,0.35130596571761524
2131,-2.1845797986645796,-0.6072262697141695,0.3513059657178095
2132,-2.1845797986651716,-0.6072262701614305,0.3513059657178095
2133,-2.184579798710739,-0.6072262697141695,0.35130596571761524
2134,-2.1845797986651716,-0.6072262701624633,0.3513059657178095
2135,-2.105585041564901,-0.3178190317553094,0.15196607212726979
2136,-2.105585041564901,-0.31781903175634235,0.15196607212726979
2137,-2.1055850415637174,-0.31781903175427645,0.15196607212707552
2138,-2.105585041565493,-0.31781903175634235,0.15196607212726979
2139,-2.1055850415643094,-0.3178190317553094,0.15196607212726979
2140,-2.10558504151815,-0.3178190317553094,0.15196607212726979
2141,-2.105585041564901,-0.31781903130701544,0.15196607212726979
2142,-2.105585041564901,-0.3178190317553094,0.15196607212726979
2143,-2.1055850415643094,-0.3178190317553094,0.15196607212726979
2144,-2.1055850415643094,-0.31781903175634235,0.15196607212707552
2145,-2.1055850415643094,-0.31781903175427645,0.15196607212726979
2146,-2.105585041565493,-0.31781903175634235,0.15196607212726979
2147,-2.111729078223212,-0.19153223675708173,0.3228288380620458
2148,-2.1117290782220284,-0.1915322372064086,0.3228288380618516
2149,-2.1117290782226203,-0.19153223675708173,0.3228288380620458
2150,-2.111729078223804,-0.19153223675604877,0.3228288380618516
2151,-2.1117290782693714,-0.1915322372064086,0.3228288380620458
2152,-2.1117290782226203,-0.19153223675708173,0.3228288380620458
2153,-2.1117290782226203,-0.19153223675708173,0.3228288380618516
2154,-2.111729078223212,-0.19153223675708173,0.3228288380620458
2155,-2.1117290782226203,-0.1915322372064086,0.3228288380618516
2156,-2.1117290782226203,-0.19153223675708173,0.3228288380620458
2157,-1.548233144165218,-0.09681714084488964,-0.21823658739804588
2158,-1.548233144165218,-0.0968171403965957,-0.21823658739804588
2159,-1.5482331441178752,-0.09681714084385672,-0.21823658739804588
2160,-1.5482331441646262,-0.09681714084592258,-0.21823658739804588
2161,-1.5482331441640345,-0.09681714039556277,-0.21823658739804588
2162,-1.548233144165218,-0.09681714084592258,-0.21823658739804588
2163,-1.548233144165218,-0.09681714084385672,-0.21823658739785162
2164,-1.5482331441646262,-0.09681714039762863,-0.21823658739804588
2165,-1.5482331441646262,-0.09681714084385672,-0.21823658739804588
2166,-1.5482331441178752,-0.09681714084488964,-0.21823658739804588
2167,-1.548233144165218,-0.0968171403965957,-0.21823658739804588
2168,-1.5482331441640345,-0.09681714084488964,-0.21823658739804588
2169,-1.9607613201837308,-0.19153223675811465,0.46521447634086394
2170,-1.9607613201837308,-0.19153223675604877,0.46521447634105817
2171,-1.9607613202304819,-0.1915322372064086,0.46521447634086394
2172,-1.960761320183139,-0.19153223675708173,0.46521447634086394
2173,-1.9607613201837308,-0.19153223675708173,0.46521447634086394
2174,-1.960761320183139,-0.1915322372064086,0.46521447634086394
2175,-1.9607613201843226,-0.19153223675708173,0.46521447634105817
2176,-1.960761320183139,-0.19153223675708173,0.46521447634086394
2177,-1.9607613201837308,-0.19153223675708173,0.46521447634086394
2178,-1.9607613202304819,-0.19153223675708173,0.46521447634105817
2179,-1.960761320183139,-0.1915322372064086,0.46521447634086394
2180,-1.960761320183139,-0.19153223675604877,0.46521447634086394
2181,-1.451683996592763,-0.2651995340267729,0.01907280973357669
2182,-1.451683996546012,-0.2651995335784789,0.01907280973357669
2183,-1.451683996592763,-0.2651995340257399,0.01907280973357669
2184,-1.451683996592763,-0.2651995340267729,0.01907280973357669
2185,-1.4516839965471955,-0.2651995335784789,0.01907280973338244
2186,-1.451683996592763,-0.2651995340257399,0.01907280973357669
2187,-1.451683996592763,-0.2651995340267729,0.01907280973357669
2188,-1.451683996546012,-0.265199533577446,0.01907280973357669
2189,-1.451683996593355,-0.2651995340267729,0.01907280973357669
2190,-1.2761400918738781,-0.6124882199343874,0.0950118168155483
2191,-1.27614009187447,-0.6124882194871264,0.09501181681574254
2192,-1.27614009187447,-0.6124882199354204,0.09501181681574254
2193,-1.2761400919212211,-0.6124882194871264,0.0950118168155483
2194,-1.2761400918732864,-0.6124882199343874,0.0950118168155483
2195,-1.27614009187447,-0.6124882199364533,0.09501181681574254
2196,-1.27614009187447,-0.6124882194860934,0.09501181681574254
2197,-1.27614009187447,-0.6124882199354204,0.0950118168155483
2198,-1.2761400919200376,-0.6124882194860934,0.0950118168155483
2199,-1.2761400918750618,-0.6124882199354204,0.09501181681574254
2200,-1.27614009187447,-0.6124882194871264,0.09501181681574254
2201,-1.2761400918738781,-0.6124882199354204,0.0950118168155483
2202,-1.758885829779945,-0.8292805511169268,0.18613862531418615
2203,-1.7588858297811285,-0.8292805506675999,0.18613862531418615
2204,-1.758885829827288,-0.8292805511179596,0.18613862531418615
2205,-1.7588858297805368,-0.8292805511169268,0.18613862531418615
2206,-1.758885829779945,-0.8292805511179596,0.18613862531418615
2207,-1.7588858297805368,-0.8292805506686328,0.18613862531418615
2208,-1.7588858297805368,-0.8292805511169268,0.18613862531418615
2209,-1.758885829827288,-0.8292805511169268,0.18613862531418615
2210,-1.7588858297805368,-0.8292805506686328,0.18613862531418615
2211,-1.758885829779945,-0.8292805511179596,0.18613862531418615
2212,-1.5877305227150573,-1.0650159013021738,0.29435171040608793
2213,-1.5877305227144656,-1.0650159013011409,0.2943517104062822
2214,-1.5877305227150573,-1.0650159013032066,0.29435171040608793
2215,-1.5877305227150573,-1.0650159017504677,0.2943517104062822
2216,-1.5877305227144656,-1.0650159013021738,0.29435171040608793
2217,-1.5877305227144656,-1.0650159013021738,0.29435171040608793
2218,-1.5877305227150573,-1.0650159013021738,0.2943517104062822
2219,-1.5877305227150573,-1.0650159013021738,0.29435171040608793
2220,-1.5877305227144656,-1.0650159017504677,0.2943517104062822
2221,-1.5877305227150573,-1.0650159013032066,0.29435171040608793
2222,-1.5877305227150573,-1.0650159013011409,0.2943517104062822
2223,-1.5877305227144656,-1.0650159013021738,0.29435171040608793
2224,-1.3234019123545633,-1.5102578064749808,0.05996304431623655
2225,-1.323401912399539,-1.5102578060256537,0.05996304431623655
2226,-1.3234019123539715,-1.5102578064749808,0.05996304431623655
2227,-1.3234019124007228,-1.5102578064739478,0.05996304431623655
2228,-1.3234019123539715,-1.5102578060266867,0.05996304431623655
2229,-1.3234019124007228,-1.5102578064739478,0.05996304431623655
2230,-1.3234019123533798,-1.5102578064749808,0.059963044316042304
2231,-1.3234019124007228,-1.5102578064739478,0.05996304431623655
2232,-1.3234019123539715,-1.5102578060266867,0.05996304431623655
2233,-1.3234019124013146,-1.5102578064739478,0.05996304431623655
2234,-1.3234019123533798,-1.5102578064749808,0.05996304431623655
2235,-1.3234019124001308,-1.5102578060256537,0.05996304431623655
2236,-1.3234019123539715,-1.5102578064749808,0.05996304431623655
2237,-0.7802285611028731,-1.412304587210821,0.009580433848257398
2238,-0.7802285611490325,-1.4123045872097881,0.009580433848257398
2239,-0.7802285611028731,-1.412304587210821,0.009580433848257398
2240,-0.7802285611484407,-1.4123045876611808,0.009580433848451645
2241,-0.7802285611028731,-1.4123045872097881,0.009580433848257398
2242,-0.7802285611502161,-1.412304587210821,0.009580433848257398
2243,-0.7802285611016896,-1.412304587210821,0.009580433848257398
2244,-0.7802285611022813,-1.412304587211854,0.009580433848257398
2245,-0.7802285611490325,-1.412304587659115,0.009580433848451645
2246,-0.7802285611028731,-1.412304587210821,0.009580433848257398
2247,-0.7802285611496242,-1.412304587211854,0.009580433848257398
2248,-0.7802285611016896,-1.412304587210821,0.009580433848257398
2249,-0.14827050420898202,-1.7332835242557167,0.4367373486851003
2250,-0.14827050425573318,-1.7332835242557167,0.4367373486851003
2251,-0.1482705042095738,-1.7332835242546838,0.4367373486851003
2252,-0.14827050420839025,-1.7332835242557167,0.4367373486851003
2253,-0.1482705042551414,-1.7332835242546838,0.4367373486851003
2254,-0.1482705042095738,-1.7332835242557167,0.4367373486851003
2255,-0.14827050420898202,-1.7332835238063897,0.43673734868529457
2256,-0.1482705042551414,-1.7332835242557167,0.4367373486851003
2257,-0.14827050420839025,-1.7332835242546838,0.4367373486851003
2258,-0.1482705042095738,-1.7332835242557167,0.4367373486851003
2259,-0.14827050425632496,-1.7332835242546838,0.4367373486851003
2260,-0.14827050420839025,-1.7332835242557167,0.4367373486851003
2261,0.13496283433502756,-2.0154049860195973,-0.07146985255666809
2262,0.13496283428768463,-2.0154049855702705,-0.07146985255666809
2263,0.1349628343344358,-2.0154049860195973,-0.07146985255666809
2264,0.1349628342882764,-2.0154049855692375,-0.07146985255666809
2265,0.134962834333844,-2.0154049860195973,-0.07146985255666809
2266,0.13496283428768463,-2.0154049855702705,-0.07146985255666809
2267,0.13496283433502756,-2.0154049860185643,-0.07146985255647384
2268,0.1349628342882764,-2.0154049855713034,-0.07146985255666809
2269,0.1349628343344358,-2.0154049860185643,-0.07146985255666809
2270,0.13496283428768463,-2.0154049855702705,-0.07146985255666809
2271,0.1349628343344358,-2.0154049860195973,-0.07146985255666809
2272,0.1349628342882764,-2.0154049855702705,-0.07146985255666809
2273,0.1349628343344358,-2.0154049860185643,-0.07146985255666809
2274,-0.2711512375119055,-1.9648093147120502,0.3797830933735731
2275,-0.2711512375119055,-1.9648093147110175,0.3797830933735731
2276,-0.27115123751249726,-1.9648093151603443,0.3797830933735731
2277,-0.2711512375119055,-1.9648093147120502,0.37978309337337884
2278,-0.2711512375113137,-1.9648093147120502,0.3797830933735731
2279,-0.2711512374657461,-1.9648093151603443,0.3797830933735731
2280,-0.2711512375113137,-1.9648093147110175,0.3797830933735731
2281,-0.27115123751249726,-1.9648093147120502,0.3797830933735731
2282,-0.2711512375113137,-1.9648093147120502,0.37978309337337884
2283,-0.27115123751249726,-1.9648093147110175,0.3797830933735731
2284,-0.2711512375113137,-1.9648093151603443,0.3797830933735731
2285,-0.2711512375119055,-1.9648093147120502,0.3797830933735731
2286,-0.8995186236155729,-1.3080223098110875,0.26069692317654913
2287,-0.8995186236629159,-1.3080223093638264,0.26069692317674337
2288,-0.8995186236149811,-1.3080223098110875,0.26069692317654913
2289,-0.8995186236155729,-1.3080223098131532,0.26069692317654913
2290,-0.8995186236155729,-1.3080223098121204,0.26069692317674337
2291,-0.899518623662324,-1.3080223093627934,0.26069692317654913
2292,-0.8995186236155729,-1.3080223098121204,0.26069692317674337
2293,-0.8995186236155729,-1.3080223098110875,0.26069692317654913
2294,-0.8995186236155729,-1.3080223098121204,0.26069692317654913
2295,-0.8995186236617323,-1.3080223093627934,0.26069692317674337
2296,-0.8995186236155729,-1.3080223098121204,0.26069692317654913
2297,-0.9952698443710055,-1.022920303119551,-0.132805204430755
2298,-0.9952698443715973,-1.0229203031185181,-0.13280520443056076
2299,-0.9952698443710055,-1.022920303119551,-0.132805204430755
2300,-0.9952698443715973,-1.0229203031185181,-0.13280520443056076
2301,-0.9952698443710055,-1.0229203031185181,-0.132805204430755
2302,-0.9952698443710055,-1.022920303119551,-0.13280520443056076
2303,-0.9952698443715973,-1.0229203026702243,-0.132805204430755
2304,-0.9952698443704137,-1.0229203031185181,-0.132805204430755
2305,-0.9952698443715973,-1.022920303119551,-0.13280520443056076
2306,-0.9952698443710055,-1.0229203031185181,-0.132805204430755
2307,-0.9952698443710055,-1.0229203031185181,-0.13280520443056076
2308,-0.9952698443715973,-1.022920303119551,-0.132805204430755
2309,-2.022201686811817,-0.5956499805725058,0.08362096575324283
2310,-2.022201686857976,-0.595649980123179,0.08362096575343708
2311,-2.022201686811817,-0.5956499805725058,0.08362096575343708
2312,-2.022201686858568,-0.5956499805725058,0.08362096575324283
2313,-2.022201686811225,-0.595649980124212,0.08362096575324283
2314,-2.022201686811817,-0.595649980571473,0.08362096575343708
2315,-2.022201686858568,-0.5956499805725058,0.08362096575343708
2316,-2.022201686811225,-0.5956499805725058,0.08362096575324283
2317,-2.022201686858568,-0.595649980124212,0.08362096575324283
2318,-2.022201686811817,-0.595649980571473,0.08362096575343708
2319,-2.0327343211229416,-0.431477147119536,0.08362096575343708
2320,-2.0327343211223496,-0.431477147119536,0.08362096575324283
2321,-2.0327343211229416,-0.4314771471185031,0.08362096575324283
2322,-2.0327343211229416,-0.431477147119536,0.08362096575343708
2323,-2.0327343211229416,-0.431477147119536,0.08362096575343708
2324,-2.0327343210761906,-0.431477147119536,0.08362096575324283
2325,-2.0327343211229416,-0.431477147119536,0.08362096575324283
2326,-2.0327343211229416,-0.431477147119536,0.08362096575343708
2327,-2.0327343211229416,-0.4314771471185031,0.08362096575343708
2328,-2.0327343211223496,-0.431477147119536,0.08362096575324283
2329,-1.7641521469360992,0.03578399397033857,0.22031117850110252
2330,-1.7641521469360992,0.03578399397033857,0.22031117850110252
2331,-1.7641521469360992,0.03578399352204463,0.22031117850110252
2332,-1.7641521469355073,0.03578399397137151,0.22031117850110252
2333,-1.7641521469360992,0.035783993969305636,0.22031117850129678
2334,-1.764152146889348,0.03578399397137151,0.22031117850110252
2335,-1.7641521469360992,0.03578399397033857,0.22031117850110252
2336,-1.7641521469360992,0.03578399352101169,0.22031117850110252
2337,-1.7641521469355073,0.03578399397137151,0.22031117850110252
2338,-1.7641521469360992,0.035783993969305636,0.22031117850110252
2339,-1.8062826840409358,0.2441572052477902,0.2886562848749352
2340,-1.8062826840870951,0.2441572056950512,0.28865628487512945
2341,-1.8062826840409358,0.24415720569608412,0.28865628487512945
2342,-1.8062826840397523,0.24415720524572432,0.2886562848749352
2343,-1.8062826840865034,0.2441572052477902,0.2886562848749352
2344,-1.8062826840409358,0.2441572056950512,0.28865628487512945
2345,-1.8062826840409358,0.24415720569401828,0.28865628487512945
2346,-1.806282684040344,0.24415720524675727,0.2886562848749352
2347,-1.8062826840870951,0.2441572052477902,0.2886562848749352
2348,-1.806282684040344,0.2441572056950512,0.28865628487512945
2349,-2.0533208335805306,0.396849421094408,0.10536713596329295
2350,-2.0533208335805306,0.396849421094408,0.1053671359630987
2351,-2.0533208335805306,0.396849420647147,0.10536713596329295
2352,-2.053320833581122,0.396849421094408,0.1053671359630987
2353,-2.0533208335805306,0.3968494210954409,0.10536713596329295
2354,-2.0533208335331876,0.396849421094408,0.1053671359630987
2355,-2.053320833581122,0.396849421094408,0.10536713596329295
2356,-2.053320833581122,0.3968494210954409,0.1053671359630987
2357,-2.0533208335799387,0.39684942064611406,0.10536713596329295
2358,-2.0533208335805306,0.3968494210954409,0.1053671359630987
2359,-2.053320833581122,0.396849421094408,0.10536713596329295
2360,-1.8747448068756494,0.3451866414242438,-0.053069246994422586
2361,-1.8747448069229924,0.3451866414252767,-0.053069246994422586
2362,-1.8747448068762411,0.34518664097594987,-0.053069246994616834
2363,-1.8747448068756494,0.3451866414242438,-0.053069246994422586
2364,-1.8747448068756494,0.3451866414252767,-0.053069246994422586
2365,-1.8747448069235841,0.3451866414242438,-0.053069246994422586
2366,-1.8747448068756494,0.3451866414252767,-0.053069246994422586
2367,-1.8747448068756494,0.34518664097594987,-0.053069246994616834
2368,-1.8747448069229924,0.3451866414242438,-0.053069246994422586
2369,-1.8747448068762411,0.3451866414252767,-0.053069246994422586
2370,-2.086833760844695,0.3853688034901218,0.1674990508485954
2371,-2.0868337607991276,0.3853688030407949,0.1674990508485954
2372,-2.086833760844695,0.3853688034901218,0.1674990508485954
2373,-2.086833760844695,0.3853688034901218,0.1674990508485954
2374,-2.086833760845287,0.38536880304182786,0.1674990508485954
2375,-2.0868337607985357,0.3853688034901218,0.16749905084840117
2376,-2.086833760844695,0.3853688030407949,0.1674990508485954
2377,-2.086833760845287,0.3853688034901218,0.1674990508485954
2378,-2.0868337608458787,0.3853688034901218,0.1674990508485954
2379,-2.086833760797944,0.38536880304182786,0.1674990508485954
2380,-2.086833760844695,0.3853688034901218,0.1674990508485954
2381,-1.8334919892735613,0.18206619801635043,0.26587458275032433
2382,-1.833491989274745,0.18206619801635043,0.26587458275051856
2383,-1.833491989321496,0.18206619801635043,0.26587458275032433
2384,-1.8334919892741532,0.18206619756702355,0.26587458275032433
2385,-1.8334919892735613,0.18206619801635043,0.26587458275051856
2386,-1.8334919893209043,0.18206619801635043,0.26587458275032433
2387,-1.8334919892741532,0.1820661980153175,0.26587458275032433
2388,-1.8334919892735613,0.18206619801635043,0.26587458275051856
2389,-1.833491989274745,0.18206619756702355,0.26587458275032433
2390,-1.8334919892741532,0.18206619801635043,0.26587458275032433
2391,-1.833491989321496,0.18206619801635043,0.26587458275051856
2392,-1.8334919892735613,0.18206619801635043,0.26587458275032433
2393,-2.0397560772834096,0.29782909346866426,0.03805756150402103
2394,-2.0397560773301606,0.29782909301933735,0.03805756150402103
2395,-2.039756077284001,0.29782909346866426,0.03805756150421528
2396,-2.0397560773301606,0.2978290930203703,0.03805756150402103
2397,-2.0397560772834096,0.29782909346866426,0.03805756150402103
2398,-2.0397560773307526,0.2978290930203703,0.03805756150421528
2399,-2.0397560772834096,0.2978290934676313,0.03805756150402103
2400,-2.0397560772834096,0.29782909346969716,0.03805756150402103
2401,-2.039756077329569,0.29782909301933735,0.03805756150402103
2402,-2.039756077284001,0.29782909346866426,0.03805756150402103
2403,-2.0397560773307526,0.2978290930203703,0.03805756150421528
2404,-2.0397560772828176,0.2978290934676313,0.03805756150402103
2405,-1.9620152052344932,-0.006612287273694076,0.1763750386894084
2406,-1.9620152051871502,-0.006612287274727011,0.17637503868921414
2407,-1.9620152052339015,-0.006612287274727011,0.1763750386894084
2408,-1.9620152052339015,-0.006612287274727011,0.1763750386894084
2409,-1.9620152052339015,-0.006612287274727011,0.17637503868921414
2410,-1.9620152051865585,-0.006612287274727011,0.1763750386894084
2411,-1.9620152052339015,-0.006612287275759947,0.1763750386894084
2412,-1.9620152052344932,-0.006612286825400132,0.17637503868921414
2413,-1.9620152051865585,-0.006612287274727011,0.1763750386894084
2414,-1.9620152052339015,-0.006612287274727011,0.17637503868921414
2415,-1.9620152052344932,-0.006612287274727011,0.1763750386894084
2416,-1.9620152052333097,-0.006612287274727011,0.1763750386894084
2417,-1.9620152051871502,-0.006612287275759947,0.17637503868921414
2418,-1.962015205235085,-0.006612287273694076,0.1763750386894084
2419,-2.0853974925371275,-0.43147714712056895,0.3228288380620458
2420,-2.08539749249156,-0.4314771471185031,0.3228288380618516
2421,-2.085397492538903,-0.4314771471185031,0.3228288380620458
2422,-2.085397492538903,-0.431477147119536,0.3228288380618516
2423,-2.085397492490968,-0.431477147119536,0.3228288380620458
2424,-2.085397492538311,-0.43147714712056895,0.3228288380620458
2425,-2.085397492538903,-0.4314771471185031,0.3228288380618516
2426,-2.085397492538903,-0.431477147119536,0.3228288380620458
2427,-2.085397492490968,-0.4314771471185031,0.3228288380618516
2428,-2.0853974925377194,-0.431477147119536,0.3228288380620458
2429,-1.9845851358144497,-0.597454077599183,0.15196607212726979
2430,-1.984585135861201,-0.597454077599183,0.15196607212726979
2431,-1.9845851358132662,-0.597454077599183,0.15196607212707552
2432,-1.984585135813858,-0.5974540771498562,0.15196607212726979
2433,-1.984585135813858,-0.597454077599183,0.15196607212726979
2434,-1.984585135861201,-0.5974540775981502,0.15196607212726979
2435,-1.9845851358132662,-0.597454077599183,0.15196607212726979
2436,-1.984585135813858,-0.597454077599183,0.15196607212707552
2437,-1.984585135861201,-0.5974540775981502,0.15196607212726979
2438,-1.9845851358132662,-0.597454077599183,0.15196607212726979
2439,-1.984585135813858,-0.5974540771498562,0.15196607212726979
2440,-1.984585135813858,-0.5974540775981502,0.15196607212707552
2441,-1.9845851358617927,-0.597454077599183,0.15196607212726979
2442,-1.9845851358126745,-0.597454077599183,0.15196607212726979
2443,-1.9623571738633432,-0.6191852467964523,0.07430117852044747
2444,-1.9623571738627512,-0.6191852467964523,0.07430117852064172
2445,-1.9623571738627512,-0.6191852467964523,0.07430117852044747
2446,-1.9623571738627512,-0.6191852467974851,0.07430117852064172
2447,-1.9623571738621595,-0.6191852467964523,0.07430117852044747
2448,-1.9623571739100942,-0.6191852463481583,0.07430117852064172
2449,-1.9623571738627512,-0.6191852467964523,0.07430117852044747
2450,-1.9623571738621595,-0.6191852467964523,0.07430117852064172
2451,-1.9623571738627512,-0.6191852467964523,0.07430117852044747
2452,-1.9623571738627512,-0.6191852467964523,0.07430117852064172
2453,-1.9623571738633432,-0.6191852467974851,0.07430117852044747
2454,-1.955359969294022,-0.8545379099366349,0.05996304431623655
2455,-1.9553599692478627,-0.8545379099376679,0.05996304431623655
2456,-1.955359969294022,-0.8545379099376679,0.05996304431623655
2457,-1.9553599692478627,-0.8545379099376679,0.05996304431623655
2458,-1.955359969294022,-0.8545379099376679,0.05996304431623655
2459,-1.955359969294022,-0.8545379099366349,0.05996304431623655
2460,-1.9553599692478627,-0.8545379094893739,0.059963044316042304
2461,-1.955359969294022,-0.8545379099376679,0.05996304431623655
2462,-1.955359969294022,-0.8545379099376679,0.05996304431623655
2463,-1.9553599692478627,-0.8545379099366349,0.05996304431623655
2464,-1.955359969294022,-0.8545379099366349,0.05996304431623655
2465,-1.955359969247271,-0.8545379099376679,0.05996304431623655
2466,-1.9553599692946138,-0.8545379099376679,0.05996304431623655
2467,-2.1634347374027634,-0.9865650137385551,0.1674990508485954
2468,-2.163434737449515,-0.9865650137385551,0.1674990508485954
2469,-2.1634347374033553,-0.9865650132892282,0.16749905084840117
2470,-2.163434737448923,-0.9865650137375221,0.1674990508485954
2471,-2.1634347374027634,-0.9865650137385551,0.1674990508485954
2472,-2.1634347374501064,-0.9865650137375221,0.1674990508485954
2473,-2.163434737402172,-0.9865650137385551,0.1674990508485954
2474,-2.163434737449515,-0.9865650137385551,0.1674990508485954
2475,-2.1634347374033553,-0.9865650132892282,0.16749905084840117
2476,-2.163434737449515,-0.9865650137375221,0.1674990508485954
2477,-2.1634347374027634,-0.9865650137385551,0.1674990508485954
2478,-1.912486746420583,-0.7756086633433137,0.12348894447150616
2479,-1.9124867463750155,-0.7756086628960527,0.12348894447131191
2480,-1.9124867464211748,-0.7756086633433137,0.12348894447150616
2481,-1.91248674637324,-0.7756086628960527,0.12348894447150616
2482,-1.9124867464211748,-0.7756086633433137,0.12348894447131191
2483,-1.9124867464211748,-0.7756086633443466,0.12348894447150616
2484,-1.9124867463744237,-0.7756086628950197,0.12348894447150616
2485,-1.9124867464199913,-0.7756086633433137,0.12348894447131191
2486,-1.9124867463744237,-0.7756086628960527,0.12348894447150616
2487,-1.9124867464211748,-0.7756086633433137,0.12348894447150616
2488,-1.912486746373832,-0.7756086628960527,0.12348894447131191
2489,-1.912486746420583,-0.7756086633433137,0.12348894447150616
2490,-1.550626924661261,-1.1185921175394424,0.04323522107779623
2491,-1.5506269247068285,-1.1185921170901154,0.043235221077990486
2492,-1.5506269246600772,-1.1185921175384095,0.04323522107779623
2493,-1.5506269246600772,-1.1185921175384095,0.04323522107779623
2494,-1.5506269246600772,-1.1185921170911484,0.043235221077990486
2495,-1.5506269247074203,-1.1185921175373765,0.04323522107779623
2496,-1.550626924660669,-1.1185921170911484,0.043235221077990486
2497,-1.5506269246600772,-1.1185921175384095,0.04323522107779623
2498,-1.550626924660669,-1.1185921175384095,0.04323522107779623
2499,-1.5506269247074203,-1.1185921170911484,0.043235221077990486
2500,-1.5506269246600772,-1.1185921175384095,0.04323522107779623
2501,-1.1216614557304914,-1.5112292433002203,-0.053069246994422586
2502,-1.1216614557784261,-1.5112292433012533,-0.053069246994422586
2503,-1.1216614557778344,-1.5112292428508936,-0.053069246994616834
2504,-1.121661455731675,-1.5112292433002203,-0.053069246994422586
2505,-1.1216614557304914,-1.5112292433012533,-0.053069246994422586
2506,-1.1216614557784261,-1.5112292433002203,-0.053069246994422586
2507,-1.1216614557772426,-1.5112292433012533,-0.053069246994422586
2508,-1.121661455731675,-1.5112292428508936,-0.053069246994616834
2509,-1.121661455731675,-1.5112292433002203,-0.053069246994422586
2510,-1.1216614557772426,-1.5112292433012533,-0.053069246994422586
2511,-0.802171549227871,-1.8858800681176962,0.20892032743879704
2512,-0.8021715491805281,-1.8858800681176962,0.20892032743879704
2513,-0.8021715492272793,-1.8858800676694023,0.20892032743879704
2514,-0.8021715491805281,-1.885880068118729,0.20892032743879704
2515,-0.802171549227871,-1.8858800681176962,0.20892032743879704
2516,-0.8021715491799363,-1.8858800681176962,0.20892032743879704
2517,-0.802171549227871,-1.885880068118729,0.2089203274389913
2518,-0.8021715492272793,-1.8858800681176962,0.20892032743879704
2519,-0.8021715491799363,-1.885880068118729,0.20892032743879704
2520,-0.802171549227871,-1.8858800676694023,0.20892032743879704
2521,-0.8021715491811199,-1.8858800681176962,0.20892032743879704
2522,-0.8021715492266874,-1.885880068118729,0.20892032743879704
2523,-0.7271664263026639,-1.7270648564223217,0.22963096573389788
2524,-0.7271664263020721,-1.7270648559760935,0.22963096573389788
2525,-0.7271664262553209,-1.7270648564233544,0.22963096573409214
2526,-0.7271664263020721,-1.7270648564223217,0.22963096573389788
2527,-0.7271664263026639,-1.7270648564243873,0.22963096573389788
2528,-0.7271664263020721,-1.7270648559750605,0.22963096573389788
2529,-0.7271664263014803,-1.7270648564233544,0.22963096573389788
2530,-0.7271664263026639,-1.7270648564233544,0.22963096573389788
2531,-0.7271664262553209,-1.7270648564233544,0.22963096573409214
2532,-0.7271664263026639,-1.7270648559740276,0.22963096573389788
2533,-0.7271664263014803,-1.7270648564243873,0.22963096573389788
2534,-1.5613989370307482,-1.3596850894822845,0.26587458275032433
2535,-1.5613989369834052,-1.3596850890329577,0.26587458275051856
2536,-1.5613989370307482,-1.3596850894822845,0.26587458275032433
2537,-1.5613989369834052,-1.3596850894822845,0.26587458275032433
2538,-1.5613989370301564,-1.3596850894812516,0.26587458275051856
2539,-1.5613989369834052,-1.3596850894822845,0.26587458275032433
2540,-1.5613989370307482,-1.3596850890329577,0.26587458275032433
2541,-1.5613989370301564,-1.3596850894812516,0.26587458275051856
2542,-1.5613989369834052,-1.3596850894822845,0.26587458275032433
2543,-1.5613989370307482,-1.3596850890329577,0.26587458275032433
2544,-1.5613989369834052,-1.3596850894822845,0.26587458275051856
2545,-1.5613989370301564,-1.3596850894822845,0.26587458275032433
2546,-2.342569312911872,-0.13365078925558826,0.2373974550945607
2547,-2.3425693128651206,-0.1336507892545553,0.2373974550945607
2548,-2.3425693129106886,-0.1336507892566212,0.23739745509475493
2549,-2.342569312911872,-0.1336507892545553,0.2373974550945607
2550,-2.342569312864529,-0.13365078925558826,0.2373974550945607
2551,-2.342569312911872,-0.1336507892545553,0.2373974550945607
2552,-2.34256931291128,-0.13365078880626138,0.2373974550945607
2553,-2.3425693128651206,-0.13365078925558826,0.2373974550945607
2554,-2.342569312911872,-0.1336507892566212,0.2373974550945607
2555,-2.34256931291128,-0.1336507892535224,0.23739745509475493
2556,-2.342569312864529,-0.13365078925558826,0.2373974550945607
2557,-2.3425693129106886,-0.13365078925558826,0.2373974550945607
2558,-1.5219015584341578,0.48410211560921157,-0.053069246994422586
2559,-1.521901558480317,0.4841021156081786,-0.053069246994422586
2560,-1.521901558480317,0.48410211560921157,-0.053069246994616834
2561,-1.5219015584341578,0.48410211560921157,-0.053069246994422586
2562,-1.5219015584335658,0.4841021160564726,-0.053069246994422586
2563,-1.521901558480317,0.48410211560921157,-0.053069246994422586
2564,-1.521901558480317,0.4841021156081786,-0.053069246994422586
2565,-1.521901558432974,0.48410211560921157,-0.053069246994616834
2566,-1.5219015584341578,0.48410211560921157,-0.053069246994422586
2567,-1.521901558480317,0.4841021156081786,-0.053069246994422586
2568,-0.4093920624372309,0.15575644915156572,0.06653468915978467
2569,-0.4093920624839821,0.15575644915156572,0.06653468915997891
2570,-0.4093920624366391,0.15575644870327177,0.06653468915997891
2571,-0.4093920624372309,0.15575644915156572,0.06653468915978467
2572,-0.4093920624833903,0.15575644915156572,0.06653468915978467
2573,-0.4093920624366391,0.15575644870327177,0.06653468915997891
2574,-0.4093920624833903,0.15575644915156572,0.06653468915997891
2575,-0.4093920624378227,0.15575644915156572,0.06653468915978467
2576,-1.5745647298489354,0.7714045739272454,-0.2751908427095731
2577,-1.5745647298489354,0.7714045739272454,-0.2751908427095731
2578,-1.5745647298956866,0.7714045743755393,-0.2751908427097674
2579,-1.5745647298495271,0.7714045739272454,-0.2751908427095731
2580,-1.6703159506049599,0.9364384534539493,0.3849607529473483
2581,-1.6703159506043679,0.9364384539022432,0.3849607529473483
2582,-1.6703159506049599,0.9364384534539493,0.3849607529473483
2583,-1.6703159506049599,0.9364384539022432,0.3849607529473483
2584,-1.6703159506055516,0.9364384534529163,0.3849607529473483
2585,-1.6703159506043679,0.9364384539022432,0.38496075294715404
2586,-1.6703159506049599,0.9364384534539493,0.3849607529473483
2587,-1.6703159506043679,0.9364384539022432,0.3849607529473483
2588,-1.6703159506049599,0.9364384534539493,0.3849607529473483
2589,-1.6703159506049599,0.9364384539022432,0.3849607529473483
2590,-1.6703159506055516,0.9364384534529163,0.3849607529473483
2591,-2.022201686810633,1.0271353336085705,0.08362096575324283
2592,-2.022201686858568,1.0271353336075375,0.08362096575343708
2593,-2.022201686811817,1.0271353336085705,0.08362096575324283
2594,-2.022201686858568,1.0271353336075375,0.08362096575343708
2595,-2.022201686811817,1.0271353336085705,0.08362096575324283
2596,-2.022201686811817,1.0271353336075375,0.08362096575324283
2597,-2.022201686857976,1.0271353336075375,0.08362096575343708
2598,-2.022201686811225,1.0271353336085705,0.08362096575324283
2599,-2.0222016868591597,1.0271353336075375,0.08362096575343708
2600,-2.022201686811225,1.0271353336085705,0.08362096575324283
2601,-2.6038903528325403,0.31074478816102535,0.1674990508485954
2602,-2.6038903528787,0.3107447881620583,0.1674990508485954
2603,-2.603890352831357,0.3107447881620583,0.1674990508485954
2604,-2.603890352831949,0.3107447881620583,0.1674990508485954
2605,-2.603890352831949,0.3107447881620583,0.1674990508485954
2606,-2.603890352879292,0.3107447881620583,0.16749905084840117
2607,-2.603890352831357,0.31074478816102535,0.1674990508485954
2608,-2.603890352831949,0.3107447881620583,0.1674990508485954
2609,-2.6038903528325403,0.3107447881620583,0.1674990508485954
2610,-2.6038903528787,0.3107447881620583,0.1674990508485954
2611,-2.603890352831949,0.31074478816102535,0.1674990508485954
2612,-2.3118491295735657,0.05472701297407917,0.3228288380620458
2613,-2.311849129574749,0.054727013422373114,0.3228288380618516
2614,-2.3118491295735657,0.05472701297304623,0.3228288380620458
2615,-2.3118491295735657,0.054727013422373114,0.3228288380618516
2616,-2.3118491295741572,0.05472701297304623,0.3228288380620458
2617,-2.3118491295741572,0.05472701297407917,0.3228288380620458
2618,-2.311849129574749,0.054727013422373114,0.3228288380618516
2619,-2.3118491295735657,0.05472701297304623,0.3228288380620458
2620,-2.311849129574749,0.054727013422373114,0.3228288380618516
2621,-2.3118491295735657,0.05472701297407917,0.3228288380620458
2622,-2.175802603452455,-0.46515362584536485,0.15196607212726979
2623,-2.175802603451863,-0.46515362584536485,0.15196607212726979
2624,-2.175802603405112,-0.4651536253970709,0.15196607212707552
2625,-2.1758026034530467,-0.46515362584536485,0.15196607212726979
2626,-2.175802603451863,-0.46515362584536485,0.15196607212726979
2627,-2.175802603405112,-0.46515362584536485,0.15196607212726979
2628,-2.175802603452455,-0.46515362584536485,0.15196607212726979
2629,-2.175802603451863,-0.46515362584536485,0.15196607212726979
2630,-2.175802603451863,-0.4651536258463978,0.15196607212726979
2631,-2.175802603452455,-0.465153625396038,0.15196607212707552
2632,-2.175802603405112,-0.46515362584536485,0.15196607212726979
2633,-2.175802603451863,-0.46515362584536485,0.15196607212726979
2634,-1.8326142697719963,-1.2207696148490228,0.18613862531418615
2635,-1.8326142697719963,-1.2207696152983498,0.18613862531418615
2636,-1.8326142697240615,-1.2207696148490228,0.18613862531418615
2637,-1.8326142697719963,-1.2207696152983498,0.18613862531418615
2638,-1.8326142697714045,-1.2207696148479898,0.1861386253139919
2639,-1.8326142697719963,-1.2207696148500558,0.18613862531418615
2640,-1.8326142697719963,-1.2207696152973169,0.18613862531418615
2641,-1.8326142697240615,-1.2207696148500558,0.18613862531418615
2642,-1.8326142697714045,-1.2207696152973169,0.18613862531418615
2643,-1.832614269772588,-1.2207696148500558,0.18613862531418615
2644,-0.7740845244439702,-1.6501447174851882,0.2886562848749352
2645,-0.7740845244913133,-1.650144717932449,0.28865628487512945
2646,-0.7740845244439702,-1.6501447174841553,0.28865628487512945
2647,-0.7740845244445621,-1.6501447174851882,0.2886562848749352
2648,-0.774084524491905,-1.650144717933482,0.2886562848749352
2649,-0.7740845244439702,-1.6501447174831223,0.28865628487512945
2650,-0.7740845244439702,-1.6501447174851882,0.28865628487512945
2651,-0.7740845244439702,-1.6501447174841553,0.2886562848749352
2652,-0.774084524491905,-1.650144717933482,0.2886562848749352
2653,-0.7740845244445621,-1.6501447174841553,0.28865628487512945
2654,-0.07163883814866481,-2.1028343052885163,0.16510936181456023
2655,-0.07163883810250544,-2.1028343052885163,0.16510936181456023
2656,-0.07163883814866481,-2.1028343052874834,0.165109361814366
2657,-0.07163883814984838,-2.10283430573681,0.16510936181456023
2658,-0.07163883810132186,-2.1028343052885163,0.16510936181456023
2659,-0.07163883814984838,-2.1028343052885163,0.16510936181456023
2660,-0.0716388381492566,-2.1028343052874834,0.165109361814366
2661,-0.0716388381492566,-2.1028343052885163,0.16510936181456023
2662,-0.07163883810191365,-2.1028343052885163,0.16510936181456023
2663,-0.07163883814984838,-2.10283430573681,0.16510936181456023
2664,-0.07163883814866481,-2.1028343052874834,0.165109361814366
2665,-0.07163883810309722,-2.1028343052885163,0.16510936181456023
2666,-0.07163883814866481,-2.1028343052885163,0.16510936181456023
2667,0.22651573231194,-2.647810396938355,0.15196607212726979
2668,0.22651573231134822,-2.647810396939388,0.15196607212726979
2669,0.22651573226518884,-2.6478103973887146,0.15196607212707552
2670,0.22651573231134822,-2.647810396939388,0.15196607212726979
2671,0.22651573231194,-2.647810396938355,0.15196607212726979
2672,0.22651573231134822,-2.647810396939388,0.15196607212726979
2673,0.22651573231194,-2.647810396939388,0.15196607212726979
2674,0.22651573226518884,-2.6478103973887146,0.15196607212707552
2675,0.22651573231194,-2.647810396938355,0.15196607212726979
2676,0.22651573231134822,-2.647810396939388,0.15196607212726979
2677,0.09749096235011373,-2.001642963121716,0.3513059657178095
2678,0.09749096235070552,-2.00164296357001,0.35130596571761524
2679,0.09749096235070552,-2.001642963121716,0.3513059657178095
2680,0.09749096235011373,-2.001642963571043,0.3513059657178095
2681,0.09749096235070552,-2.001642963121716,0.3513059657178095
2682,0.09749096235070552,-2.001642963571043,0.3513059657178095
2683,0.09749096230395436,-2.001642963120683,0.35130596571761524
2684,0.09749096235011373,-2.001642963123782,0.3513059657178095
2685,0.09749096235070552,-2.00164296357001,0.3513059657178095
2686,0.09749096235011373,-2.001642963121716,0.35130596571761524
2687,0.09749096235070552,-2.001642963571043,0.3513059657178095
2688,0.09749096235070552,-2.001642963121716,0.3513059657178095
2689,-0.7012338040031943,-1.5859489301646283,0.20892032743879704
2690,-0.7012338040020109,-1.5859489301656613,0.20892032743879704
2691,-0.7012338040026026,-1.5859489301666942,0.20892032743879704
2692,-0.7012338040020109,-1.5859489301656613,0.20892032743879704
2693,-0.7012338040031943,-1.5859489301646283,0.20892032743879704
2694,-0.7012338040493538,-1.5859489301646283,0.20892032743879704
2695,-0.7012338040020109,-1.585948930614988,0.20892032743879704
2696,-0.7012338040026026,-1.5859489301646283,0.20892032743879704
2697,-0.7012338040026026,-1.5859489301656613,0.20892032743879704
2698,-0.7012338040026026,-1.5859489301646283,0.20892032743879704
2699,-0.7012338040020109,-1.5859489301666942,0.20892032743879704
2700,-0.7012338040026026,-1.5859489301656613,0.20892032743879704
2701,-1.4850373384848832,-1.4038854677529944,0.04944841256632648
2702,-1.4850373384375404,-1.4038854673047003,0.04944841256652073
2703,-1.4850373384842914,-1.4038854677550603,0.04944841256632648
2704,-1.485037338486067,-1.4038854677529944,0.04944841256652073
2705,-1.4850373384375404,-1.4038854677540273,0.04944841256632648
2706,-1.4850373384848832,-1.4038854673057333,0.04944841256632648
2707,-1.4850373384842914,-1.4038854677529944,0.04944841256652073
2708,-1.4850373384848832,-1.4038854677540273,0.04944841256632648
2709,-1.4850373384381321,-1.4038854673057333,0.04944841256652073
2710,-1.4850373384848832,-1.4038854677540273,0.04944841256632648
2711,-1.6667252798153278,-1.0650159013011409,0.03805756150402103
2712,-1.6667252798608956,-1.0650159013021738,0.03805756150402103
2713,-1.6667252798153278,-1.0650159013032066,0.03805756150421528
2714,-1.666725279814736,-1.0650159017504677,0.03805756150402103
2715,-1.666725279814736,-1.0650159013011409,0.03805756150402103
2716,-1.6667252798153278,-1.0650159013032066,0.03805756150421528
2717,-1.6667252798614873,-1.0650159013021738,0.03805756150402103
2718,-1.666725279814736,-1.0650159013011409,0.03805756150402103
2719,-1.6667252798141443,-1.0650159017515006,0.03805756150402103
2720,-1.666725279862079,-1.0650159013021738,0.03805756150402103
2721,-1.6667252798141443,-1.0650159013011409,0.03805756150421528
2722,-1.666725279814736,-1.0650159013032066,0.03805756150402103
2723,-1.346357653762024,-0.3704385294838459,0.3228288380620458
2724,-1.346357653762024,-0.37043852993420573,0.3228288380618516
2725,-1.3463576537608404,-0.3704385294838459,0.3228288380620458
2726,-0.8197259397000555,-1.1597309976636925,0.15196607212726979
2727,-0.8197259396521207,-1.1597309972143657,0.15196607212707552
2728,-0.8197259396533043,-1.1597309976616266,0.15196607212726979
2729,-0.8197259396988719,-1.1597309976636925,0.15196607212726979
2730,-0.8197259396988719,-1.1597309972143657,0.15196607212707552
2731,-0.8197259396533043,-1.1597309976636925,0.15196607212726979
2732,-4.558811109645074,-1.0860637003940015,0.20892032743879704
2733,-4.558811109693008,-1.0860637008412626,0.2089203274389913
2734,-4.558811109645074,-1.0860637003940015,0.20892032743879704
2735,-2.5795535842115,-0.48093947516526864,0.46521447634086394
2736,-2.5795535842582513,-0.48093947516320273,0.46521447634086394
2737,-2.5795535842582513,-0.48093947471594173,0.46521447634105817
2738,-2.5795535842115,-0.48093947516320273,0.46521447634086394
2739,-2.5795535842115,-0.48093947516526864,0.46521447634086394
2740,-2.5795535842582513,-0.48093947516320273,0.46521447634105817
2741,-2.5795535842582513,-0.4809394751642357,0.46521447634086394
2742,-2.579553584212092,-0.48093947516320273,0.46521447634086394
2743,-2.5795535842115,-0.48093947516526864,0.46521447634086394
2744,-2.5795535842576593,-0.48093947471490883,0.46521447634086394
2745,-2.579553584258843,-0.48093947516526864,0.46521447634105817
2746,-2.5795535842115,-0.4809394751642357,0.46521447634086394
2747,-2.1538596153736163,0.21889984642704904,-0.7023477575464161
2748,-2.1538596153280487,0.21889984642704904,-0.7023477575466104
2749,-2.1538596153736163,0.21889984642601612,-0.7023477575464161
2750,-2.5711139734264683,-1.014824995638286,0.033676464941655625
2751,-2.57111397342706,-1.014824995638286,0.033676464941655625
2752,-2.5711139734264683,-1.014824995637253,0.033676464941655625
2753,-2.5711139734732193,-1.0148249960865798,0.033676464941655625
2754,-2.57111397342706,-1.014824995638286,0.033676464941655625
2755,-2.5711139734264683,-1.014824995638286,0.033676464941655625
2756,-2.5711139734264683,-1.014824995637253,0.03367646494146138
2757,-2.57111397342706,-1.014824995638286,0.033676464941655625
2758,-2.5711139734258763,-1.014824995638286,0.033676464941655625
2759,-2.5711139734738113,-1.0148249960865798,0.033676464941655625
2760,-2.57111397342706,-1.014824995637253,0.033676464941655625
2761,-2.5711139734264683,-1.014824995638286,0.033676464941655625
2762,-2.5711139734264683,-1.014824995638286,0.033676464941655625
2763,-1.3591244831965552,-1.5318943553480169,0.41602671038999955
2764,-1.3591244831953715,-1.5318943548997228,0.41602671038999955
2765,-1.3591244831953715,-1.531894355346984,0.41602671038999955
2766,-1.3591244831959635,-1.5318943548986899,0.41602671038999955
2767,-1.3591244831959635,-1.5318943553490498,0.41602671038999955
2768,-1.3591244831486204,-1.5318943548986899,0.4160267103901938
2769,-1.3591244831959635,-1.5318943553490498,0.41602671038999955
2770,-1.3591244831959635,-1.5318943548986899,0.41602671038999955
2771,-1.3591244831959635,-1.5318943553480169,0.41602671038999955
2772,-1.3591244831953715,-1.5318943548997228,0.41602671038999955
2773,-1.3591244831965552,-1.531894355346984,0.41602671038999955
2774,-0.042944161423810516,-2.1700253563025664,0.18044319978303341
2775,-0.04294416137824293,-2.170025356752926,0.18044319978303341
2776,-0.042944161423810516,-2.1700253563046323,0.18044319978303341
2777,-0.04294416137765115,-2.1700253567518932,0.18044319978303341
2778,-0.042944161424402306,-2.1700253563025664,0.18044319978303341
2779,-0.04294416137765115,-2.1700253563035994,0.18044319978283915
2780,-0.04294416142499409,-2.1700253567518932,0.18044319978303341
2781,-0.042944161423810516,-2.1700253563046323,0.18044319978303341
2782,-0.04294416137765115,-2.1700253567518932,0.18044319978303341
2783,-0.042944161424402306,-2.1700253563025664,0.18044319978303341
2784,-0.04294416137765115,-2.170025356752926,0.18044319978303341
2785,-0.04294416142499409,-2.1700253563035994,0.18044319978303341
2786,0.19167701888261532,-2.180549255849513,0.2965422586874649
2787,0.19167701892877467,-2.180549256296774,0.29654225868727063
2788,0.19167701888143174,-2.180549255850546,0.2965422586874649
2789,0.19167701892936648,-2.180549256296774,0.29654225868727063
2790,0.19167701888202351,-2.180549255850546,0.2965422586874649
2791,0.19167701892877467,-2.1805492558484803,0.2965422586874649
2792,0.19167701888143174,-2.18054925629884,0.29654225868727063
2793,0.19167701892936648,-2.1805492558484803,0.2965422586874649
2794,0.19167701888143174,-2.180549255849513,0.2965422586874649
2795,0.19167701892936648,-2.180549256297807,0.29654225868727063
2796,0.19167701888202351,-2.180549255849513,0.2965422586874649
2797,0.1916770189281829,-2.180549256296774,0.29654225868727063
2798,0.1916770188832071,-2.180549255850546,0.2965422586874649
2799,1.383350064215551,-1.7753791224373063,-0.047373821463269856
2800,1.3833500642628938,-1.7753791224383393,-0.047373821463269856
2801,1.383350064215551,-1.7753791224393722,-0.047373821463269856
2802,1.3833500642628938,-1.7753791228866334,-0.047373821463269856
2803,1.383350064215551,-1.7753791224393722,-0.047373821463269856
2804,1.3833500642161427,-1.7753791224383393,-0.04737382146346411
2805,1.383350064262302,-1.7753791224383393,-0.047373821463269856
2806,1.3833500642167345,-1.7753791224383393,-0.047373821463269856
2807,1.3833500642628938,-1.7753791228866334,-0.047373821463269856
2808,1.383350064215551,-1.7753791224393722,-0.047373821463269856
2809,1.3833500642628938,-1.7753791224393722,-0.047373821463269856
2810,1.3833500642161427,-1.7753791224373063,-0.047373821463269856
2811,1.7958782402808149,-1.6983633119627957,0.35389479550469705
2812,1.7958782402346554,-1.6983633119638286,0.3538947955045028
2813,1.7958782402814066,-1.6983633119627957,0.35389479550469705
2814,1.7958782402819984,-1.6983633119627957,0.35389479550469705
2815,1.7958782402340636,-1.6983633119617627,0.35389479550469705
2816,1.7958782402814066,-1.6983633124131554,0.3538947955045028
2817,1.7958782402346554,-1.6983633119627957,0.35389479550469705
2818,1.7958782402819984,-1.6983633119627957,0.35389479550469705
2819,1.7958782402808149,-1.6983633119617627,0.35389479550469705
2820,1.7958782402346554,-1.6983633119638286,0.3538947955045028
2821,1.7958782402819984,-1.6983633119627957,0.35389479550469705
2822,1.326697258625118,-1.6868826943585093,0.29176288061920036
2823,1.3266972586257098,-1.6868826943574764,0.2917628806193946
2824,1.3266972586257098,-1.6868826939102155,0.29176288061920036
2825,1.3266972586257098,-1.6868826943585093,0.2917628806193946
2826,1.3266972586257098,-1.6868826943574764,0.29176288061920036
2827,1.326697258671869,-1.6868826943585093,0.2917628806193946
2828,1.3266972586257098,-1.6868826943585093,0.29176288061920036
2829,1.326697258625118,-1.6868826943574764,0.2917628806193946
2830,1.3266972586263015,-1.6868826939091826,0.29176288061920036
2831,1.3266972586245263,-1.6868826943574764,0.2917628806193946
2832,1.3266972586263015,-1.6868826943585093,0.29176288061920036
2833,0.27303486702224733,-1.785903021985286,0.03805756150402103
2834,0.2730348670695903,-1.7859030224325472,0.03805756150421528
2835,0.27303486702224733,-1.785903021985286,0.03805756150402103
2836,0.2730348670689985,-1.785903021984253,0.03805756150402103
2837,0.27303486702224733,-1.7859030219821874,0.03805756150402103
2838,0.2730348670689985,-1.785903021985286,0.03805756150402103
2839,0.27303486702283913,-1.7859030224325472,0.03805756150421528
2840,0.27303486702224733,-1.785903021984253,0.03805756150402103
2841,0.2730348670695903,-1.785903021985286,0.03805756150402103
2842,0.27303486702224733,-1.7859030224325472,0.03805756150421528
2843,0.2730348670689985,-1.785903021984253,0.03805756150402103
2844,0.27303486702283913,-1.785903021984253,0.03805756150402103
2845,0.5648766085870273,-1.5806869803937371,0.023818997676139212
2846,0.5648766085882109,-1.5806869803916714,0.023818997676139212
2847,0.564876608634962,-1.5806869803916714,0.02381899767633346
2848,0.5648766085876191,-1.5806869803937371,0.023818997676139212
2849,0.5648766085882109,-1.5806869803916714,0.023818997676139212
2850,0.5648766086343703,-1.5806869803916714,0.02381899767633346
2851,0.5648766085888026,-1.5806869803937371,0.023818997676139212
2852,0.5648766085876191,-1.5806869803927042,0.023818997676139212
2853,0.7162832263784747,-1.7448598138456741,0.39117394443587855
2854,0.7162832264252259,-1.7448598138446412,0.39117394443587855
2855,0.7162832263784747,-1.7448598133973803,0.39117394443587855
2856,0.7162832263784747,-1.7448598138446412,0.39117394443587855
2857,0.7162832264252259,-1.744859813846707,0.39117394443587855
2858,0.7162832263790665,-1.7448598138446412,0.3911739444356843
2859,0.7162832263790665,-1.7448598138456741,0.39117394443587855
2860,0.7162832263778829,-1.7448598133963473,0.39117394443587855
2861,0.7162832264252259,-1.7448598138456741,0.39117394443587855
2862,0.7162832263790665,-1.7448598138446412,0.39117394443587855
2863,1.1687077444251688,-1.979638445971516,0.012169263635145
2864,1.1687077443784177,-1.979638445972549,0.012169263635145
2865,1.1687077444263525,-1.9796384464198098,0.012169263635145
2866,1.1687077443790095,-1.979638445971516,0.012169263635145
2867,1.1687077444251688,-1.979638445970483,0.012169263635145
2868,1.1687077443784177,-1.979638445971516,0.012169263635339248
2869,1.1687077444257608,-1.979638445971516,0.012169263635145
2870,1.1687077443790095,-1.979638445971516,0.012169263635145
2871,1.1687077444251688,-1.9796384464198098,0.012169263635145
2872,1.1687077443790095,-1.979638445972549,0.012169263635145
2873,1.1687077444251688,-1.979638445970483,0.012169263635145
2874,1.200379302042032,-1.8794038223124148,0.3228288380620458
2875,1.200379302042032,-1.879403821864121,0.3228288380618516
2876,1.2003793020426237,-1.8794038223134477,0.3228288380620458
2877,1.2003793019952809,-1.879403821864121,0.3228288380618516
2878,1.200379302042032,-1.8794038223124148,0.3228288380620458
2879,1.200379302042032,-1.879403821864121,0.3228288380620458
2880,1.2003793020426237,-1.8794038223134477,0.3228288380618516
2881,1.2003793020414402,-1.879403821864121,0.3228288380620458
2882,1.2003793020426237,-1.8794038223124148,0.3228288380620458
2883,1.2003793019946891,-1.879403821864121,0.3228288380618516
2884,1.2003793020426237,-1.8794038223134477,0.3228288380620458
2885,1.200379302042032,-1.879403821864121,0.3228288380618516
2886,1.2003793020426237,-1.8794038223124148,0.3228288380620458
2887,0.7162832263778829,-1.8558117834452217,0.2251929718134914
2888,0.7162832264252259,-1.8558117834452217,0.22519297181368564
2889,0.7162832263784747,-1.8558117838935155,0.2251929718134914
2890,0.7162832263790665,-1.8558117834452217,0.2251929718134914
2891,0.7162832264252259,-1.8558117834441887,0.2251929718134914
2892,0.7162832263784747,-1.8558117834452217,0.22519297181368564
2893,0.7162832264252259,-1.8558117834452217,0.2251929718134914
2894,0.7162832263778829,-1.8558117838955814,0.2251929718134914
2895,0.7162832263796582,-1.8558117834452217,0.22519297181368564
2896,0.7162832264252259,-1.8558117834441887,0.2251929718134914
2897,0.7162832263784747,-1.8558117834452217,0.2251929718134914
2898,0.7162832263784747,-1.8558117838935155,0.2251929718134914
2899,0.7162832264258177,-1.8558117834452217,0.22519297181368564
2900,0.7162832263778829,-1.8558117834452217,0.2251929718134914
2901,1.3697853079657727,-2.427382537043309,0.13643309340594417
2902,1.3697853079657727,-2.427382536595015,0.1364330934057499
2903,1.369785307965181,-2.427382537043309,0.13643309340594417
2904,1.3697853079663647,-2.427382537043309,0.13643309340594417
2905,1.369785307965181,-2.427382537044342,0.13643309340594417
2906,1.3697853079190216,-2.427382536595015,0.1364330934057499
2907,1.3697853079657727,-2.427382537042276,0.13643309340594417
2908,1.3697853079657727,-2.427382537044342,0.13643309340594417
2909,1.369785307965181,-2.427382537043309,0.13643309340594417
2910,1.369785307965181,-2.427382536595015,0.1364330934057499
2911,1.3697853079657727,-2.427382537043309,0.13643309340594417
2912,0.38713840511245423,-2.033214662207752,0.4367373486851003
2913,0.3871384050662949,-2.0332146617594575,0.4367373486851003
2914,0.38713840511304604,-2.0332146622087843,0.43673734868529457
2915,0.38713840511304604,-2.0332146617594575,0.4367373486851003
2916,0.3871384050662949,-2.033214662207752,0.4367373486851003
2917,0.38713840511245423,-2.0332146617594575,0.4367373486851003
2918,0.38713840511304604,-2.0332146622087843,0.4367373486851003
2919,0.3871384050662949,-2.033214662206719,0.4367373486851003
2920,0.38713840511304604,-2.0332146617604905,0.4367373486851003
2921,0.38713840511245423,-2.033214662207752,0.43673734868529457
2922,0.3871384050668867,-2.0332146617584246,0.4367373486851003
2923,0.38713840511245423,-2.033214662207752,0.4367373486851003
2924,-1.0814459430511314,-1.5548555905576222,0.26069692317654913
2925,-1.0814459430505396,-1.5548555905576222,0.26069692317674337
2926,-1.081445943004972,-1.5548555905576222,0.26069692317654913
2927,-1.0814459430511314,-1.5548555905576222,0.26069692317654913
2928,-1.0814459430511314,-1.5548555905576222,0.26069692317654913
2929,-1.0814459430511314,-1.5548555905576222,0.26069692317674337
2930,-1.0814459430511314,-1.5548555905565893,0.26069692317654913
2931,-1.0814459430511314,-1.5548555905586552,0.26069692317654913
2932,-1.081445943004972,-1.5548555905565893,0.26069692317654913
2933,-1.0814459430505396,-1.5548555905565893,0.26069692317674337
2934,-1.0814459430523151,-1.5548555905586552,0.26069692317654913
2935,-1.7229791220203292,-0.9578634692779963,0.13643309340594417
2936,-1.7229791220197375,-0.9578634692769633,0.1364330934057499
2937,-1.72297912197417,-0.9578634697252573,0.13643309340594417
2938,-1.7229791220197375,-0.9578634692779963,0.13643309340594417
2939,-1.7229791220209212,-0.9578634692779963,0.13643309340594417
2940,-1.7229791220203292,-0.9578634692790292,0.1364330934057499
2941,-1.7229791220209212,-0.9578634692769633,0.13643309340594417
2942,-1.7229791220203292,-0.9578634692769633,0.13643309340594417
2943,-1.7229791219735782,-0.9578634697262902,0.13643309340594417
2944,-1.7229791220203292,-0.9578634692779963,0.1364330934057499
2945,-1.7229791220209212,-0.9578634692769633,0.13643309340594417
2946,-1.4633869235584385,-0.18100833721116782,0.4367373486851003
2947,-1.4633869235584385,-0.18100833721116782,0.4367373486851003
2948,-1.4633869235590302,-0.1810083376604947,0.4367373486851003
2949,-1.4633869235578465,-0.18100833721116782,0.4367373486851003
2950,-1.4633869235116872,-0.18100833721116782,0.43673734868529457
2951,-1.4633869235584385,-0.18100833721220078,0.4367373486851003
2952,-1.4633869235590302,-0.1810083376604947,0.4367373486851003
2953,-1.4633869235584385,-0.1810083372101349,0.4367373486851003
2954,-1.4633869235584385,-0.18100833721220078,0.4367373486851003
2955,-1.6166952670005232,-1.3470564098482833,0.04944841256632648
2956,-1.6166952670005232,-1.3470564098462177,0.04944841256652073
2957,-1.6166952669531804,-1.3470564102965774,0.04944841256632648
2958,-1.6166952670005232,-1.3470564098472506,0.04944841256652073
2959,-1.6166952670005232,-1.3470564098482833,0.04944841256632648
2960,-2.5427568811292987,-0.9905390736427846,0.21768252056372212
2961,-2.542756881130482,-0.9905390736438175,0.21768252056352788
2962,-2.5427568811292987,-0.9905390736438175,0.21768252056372212
2963,-2.5427568811760497,-0.9905390736438175,0.21768252056372212
2964,-2.5427568811292987,-0.9905390736438175,0.21768252056352788
2965,-2.5427568811298906,-0.9905390736438175,0.21768252056372212
2966,-2.5427568811298906,-0.9905390731955236,0.21768252056372212
2967,-2.5427568811292987,-0.9905390736427846,0.21768252056372212
2968,-2.5427568811292987,-0.9905390736448505,0.21768252056352788
2969,-2.5427568811766417,-0.9905390736427846,0.21768252056372212
2970,-2.5427568811292987,-0.9905390736427846,0.21768252056372212
2971,-2.5427568811292987,-0.9905390736448505,0.21768252056352788
2972,-2.5427568811292987,-0.9905390736438175,0.21768252056372212
2973,-1.8598235750058052,-0.6440599185721291,0.3228288380620458
2974,-1.8598235749584624,-0.644059918573162,0.3228288380618516
2975,-1.8598235750058052,-0.6440599181238351,0.3228288380620458
2976,-1.8598235750046217,-0.6440599185721291,0.3228288380620458
2977,-1.8598235749590541,-0.644059918574195,0.3228288380618516
2978,-1.8598235750052134,-0.6440599185721291,0.3228288380620458
2979,-1.8598235750052134,-0.644059918573162,0.3228288380620458
2980,-1.8598235749584624,-0.6440599185721291,0.3228288380618516
2981,-1.8598235750052134,-0.644059918573162,0.3228288380620458
2982,-1.8598235750058052,-0.6440599181228022,0.3228288380620458
2983,-1.8598235749584624,-0.644059918574195,0.3228288380618516
2984,-1.8598235750052134,-0.6440599185721291,0.3228288380620458
2985,-1.8971266547520216,-0.09681714084488964,0.3228288380620458
2986,-1.8971266547058623,-0.0968171403965957,0.3228288380618516
2987,-1.8971266547520216,-0.09681714084385672,0.3228288380618516
2988,-1.8971266547520216,-0.09681714084592258,0.3228288380620458
2989,-1.8971266547526136,-0.09681714084488964,0.3228288380620458
2990,-1.8971266547520216,-0.09681714084488964,0.3228288380618516
2991,-1.8971266547058623,-0.0968171403965957,0.3228288380618516
2992,-1.8971266547520216,-0.09681714084385672,0.3228288380620458
2993,-2.1187508344298394,-1.2825098258484415,0.01907280973357669
2994,-2.11875083438368,-1.2825098258453427,0.01907280973357669
2995,-2.1187508344304313,-1.2825098258484415,0.01907280973357669
2996,-2.1187508344304313,-1.2825098258474086,0.01907280973357669
2997,-2.1187508343830883,-1.2825098258463756,0.01907280973338244
2998,-2.1187508344304313,-1.2825098258474086,0.01907280973357669
2999,-2.1187508344304313,-1.2825098258463756,0.01907280973357669
3000,-2.1187508343830883,-1.2825098258474086,0.01907280973357669
3001,-2.1187508344304313,-1.2825098258463756,0.01907280973357669
3002,-1.2059225299875078,-0.5158596874571567,-0.04996265125015746
3003,-1.2059225300330754,-0.515859687006797,-0.04996265125015746
3004,-1.205922529986916,-0.5158596874571567,-0.04996265125035171
3005,-1.205922529986916,-0.5158596874561238,-0.04996265125015746
3006,-1.2059225300336671,-0.5158596874571567,-0.04996265125015746
3007,-1.205922529986916,-0.5158596870078299,-0.04996265125015746
3008,-1.2059225300330754,-0.5158596874550909,-0.04996265125015746
3009,-1.205922529986916,-0.5158596874571567,-0.04996265125015746
3010,-1.205922529986916,-0.5158596874571567,-0.04996265125035171
3011,-1.2059225300330754,-0.5158596870078299,-0.04996265125015746
3012,-1.205922529986916,-0.5158596874561238,-0.04996265125015746
3013,-0.135104711390203,-0.10523626030168341,-0.11002350230594986
3014,-0.13510471134345184,-0.10523626030271635,-0.1100235023061441
3015,-0.135104711390203,-0.10523626030168341,-0.11002350230594986
3016,-0.13510471134286006,-0.1052362607510103,-0.1100235023061441
3017,-0.135104711390203,-0.10523626030271635,-0.11002350230594986
3018,-0.13510471138961122,-0.10523626030168341,-0.11002350230594986
3019,-0.13510471134404364,-0.10523626030271635,-0.1100235023061441
3020,-0.13510471138961122,-0.10523626030168341,-0.11002350230594986
3021,-0.13510471134345184,-0.10523626030168341,-0.1100235023061441
3022,-0.13510471138961122,-0.10523626030271635,-0.11002350230594986
3023,-0.1351047113907948,-0.10523626030271635,-0.11002350230594986
3024,-0.13510471134286006,-0.10523626074997736,-0.1100235023061441
3025,-0.13510471138901944,-0.10523626030168341,-0.11002350230594986
3026,-0.13510471134404364,-0.10523626030168341,-0.1100235023061441
3027,-0.135104711390203,-0.10523626030271635,-0.11002350230594986
3028,-0.03462095903736535,-0.0140775165826155,0.04002150134241654
3029,-0.03462095903677356,-0.014077516581582565,0.04002150134241654
3030,-0.034620958990022405,-0.014077516133288621,0.04002150134241654
3031,-0.03462095903677356,-0.0140775165826155,0.04002150134241654
3032,-0.03462095903677356,-0.0140775165826155,0.04002150134241654
3033,-0.03462095903736535,-0.014077516581582565,0.04002150134241654
3034,-0.03462095903736535,-0.014077516581582565,0.04002150134241654
3035,-0.03462095899061419,-0.014077516134321557,0.040021501342222286
3036,-0.03462095903618177,-0.0140775165826155,0.04002150134241654
3037,-0.03462095903736535,-0.014077516581582565,0.04002150134241654
3038,-0.03462095903677356,-0.014077516581582565,0.04002150134241654
3039,-0.03462095903736535,-0.014077516583648435,0.04002150134241654
3040,-0.03462095899061419,-0.014077516132255686,0.04002150134241654
3041,-0.03462095903677356,-0.0140775165826155,0.04002150134241654
3042,-0.03462095903677356,-0.014077516581582565,0.04002150134241654
3043,-0.03462095903736535,-0.0140775165826155,0.04002150134241654
3044,-0.03462095899061419,-0.014077516134321557,0.04002150134241654
3045,-0.03462095903677356,-0.01407751658054963,0.04002150134241654
3046,-0.03462095903677356,-0.014077516581582565,0.04002150134241654
3047,-0.03462095903736535,-0.014077516583648435,0.04002150134241654
3048,-0.03462095903677356,-0.0140775165826155,0.04002150134241654
3049,-0.034620958990022405,-0.014077516132255686,0.040021501342222286
3050,-0.03462095903736535,-0.0140775165826155,0.04002150134241654
3051,-0.03462095903677356,-0.0140775165826155,0.04002150134241654
3052,-0.03462095903736535,-0.014077516581582565,0.04002150134241654
3053,-0.03462095903736535,-0.014077516581582565,0.04002150134241654
3054,-0.03462095899061419,-0.014077516134321557,0.04002150134241654
3055,-0.03462095903677356,-0.014077516581582565,0.04002150134241654
3056,-0.03462095903677356,-0.0140775165826155,0.04002150134241654
3057,-0.29560199564374245,-0.31330878896498604,0.27401090493776864
3058,-0.29560199569167717,-0.31330878941327994,0.27401090493776864
3059,-0.29560199564374245,-0.3133087889639531,0.27401090493776864
3060,-0.2956019956910854,-0.31330878896601894,0.27401090493776864
3061,-0.29560199564374245,-0.31330878896498604,0.27401090493776864
3062,-0.2956019956910854,-0.31330878941224705,0.27401090493776864
3063,-0.29560199564374245,-0.31330878896601894,0.27401090493776864
3064,-1.2190883228524463,-0.744036964257278,0.15196607212726979
3065,-1.219088322853038,-0.744036964706605,0.15196607212726979
3066,-1.2190883228518545,-0.744036964258311,0.15196607212707552
3067,-1.2190883228518545,-0.744036964257278,0.15196607212726979
3068,-1.442906801333887,-0.8545379099376679,0.3228288380618516
3069,-1.4429068013800466,-0.8545379099366349,0.3228288380620458
3070,-2.013424491599692,-1.485971884481545,-0.01889669380750623
3071,-2.013424491552941,-1.4859718840311853,-0.01889669380750623
3072,-2.0134244915985087,-1.4859718844794794,-0.01889669380750623
3073,-1.5444714890596818,-1.3912567881189932,0.054330205878909604
3074,-1.5444714890608653,-1.3912567881200262,0.05433020587871536
3075,-1.5444714890602735,-1.3912567881200262,0.05433020587871536
3076,-1.5444714890602735,-1.3912567881189932,0.054330205878909604
3077,-1.5444714890608653,-1.3912567881189932,0.054330205878909604
3078,-1.5444714890602735,-1.3912567881189932,0.05433020587871536
3079,-1.5444714890602735,-1.3912567881210591,0.05433020587871536
3080,-1.5444714890602735,-1.3912567881189932,0.054330205878909604
3081,-1.5444714890602735,-1.3912567881189932,0.054330205878909604
3082,-1.5444714890602735,-1.3912567881200262,0.05433020587871536
3083,-1.5444714890602735,-1.3912567881179603,0.05433020587871536
3084,-1.5444714890602735,-1.3912567881189932,0.054330205878909604
3085,-1.5444714890602735,-1.3912567881210591,0.054330205878909604
3086,-1.5444714890602735,-1.3912567881189932,0.05433020587871536
3087,-1.0239952105981087,-1.7442857828303002,0.13643309340594417
3088,-1.0239952105981087,-1.7442857828303002,0.1364330934057499
3089,-1.023995210597517,-1.7442857828313332,0.13643309340594417
3090,-1.023995210597517,-1.7442857828303002,0.13643309340594417
3091,-1.0239952105987005,-1.7442857828303002,0.13643309340594417
3092,-1.0239952105507657,-1.7442857828313332,0.1364330934057499
3093,-1.023995210597517,-1.7442857828303002,0.13643309340594417
3094,-1.023995210597517,-1.7442857828303002,0.13643309340594417
3095,-1.0239952105981087,-1.7442857828313332,0.13643309340594417
3096,-1.023995210597517,-1.7442857828303002,0.1364330934057499
3097,-1.023995210597517,-1.7442857828303002,0.13643309340594417
3098,-0.7805661455311498,-2.0251193547275195,0.3228288380620458
3099,-0.7805661455773091,-2.0251193547275195,0.3228288380618516
3100,-0.7805661455293744,-2.0251193547264865,0.3228288380620458
3101,-0.7805661455773091,-2.0251193547275195,0.3228288380618516
3102,-0.7805661455299662,-2.0251193547275195,0.3228288380620458
3103,-0.7805661455773091,-2.0251193547264865,0.3228288380620458
3104,-0.7805661455293744,-2.0251193542771597,0.3228288380618516
3105,-0.7805661455773091,-2.0251193547275195,0.3228288380620458
3106,-0.7805661455299662,-2.0251193547275195,0.3228288380620458
3107,-0.7805661455773091,-2.0251193547264865,0.3228288380618516
3108,-0.7805661455305579,-2.0251193547275195,0.3228288380620458
3109,-0.7805661455761256,-2.0251193547264865,0.3228288380618516
3110,-0.7805661455299662,-2.0251193547275195,0.3228288380620458
3111,-0.7977829515744657,-1.517543583117221,0.2373974550945607
3112,-0.7977829516218087,-1.51754358266996,0.2373974550945607
3113,-0.7977829515744657,-1.517543583117221,0.23739745509475493
3114,-0.7977829515738739,-1.517543583117221,0.2373974550945607
3115,-0.7977829516206251,-1.51754358266996,0.2373974550945607
3116,-0.7977829515744657,-1.517543583117221,0.2373974550945607
3117,-0.7977829515750575,-1.5175435831182538,0.2373974550945607
3118,-0.7977829516206251,-1.517543582667894,0.2373974550945607
3119,-0.7977829515744657,-1.5175435831192867,0.2373974550945607
3120,-0.7977829515738739,-1.517543583117221,0.23739745509475493
3121,-0.7977829516218087,-1.517543582667894,0.2373974550945607
3122,-0.7977829515738739,-1.517543583117221,0.2373974550945607
3123,-1.397424971498373,-1.1932161324192119,0.4470926678326507
3124,-1.3974249714977813,-1.1932161328664728,0.4470926678326507
3125,-1.3974249714522138,-1.1932161324192119,0.44709266783284496
3126,-1.3974249714977813,-1.193216132418179,0.4470926678326507
3127,-1.3974249714977813,-1.193216132418179,0.4470926678326507
3128,-1.3974249714977813,-1.1932161328675057,0.4470926678326507
3129,-1.3974249714977813,-1.193216132418179,0.4470926678326507
3130,-1.3974249714989648,-1.193216132418179,0.4470926678326507
3131,-1.39742497145103,-1.1932161324192119,0.44709266783284496
3132,-1.3974249714977813,-1.1932161328664728,0.4470926678326507
3133,-1.3974249714977813,-1.193216132418179,0.4470926678326507
3134,-1.464849789412134,-1.2386602442570138,0.20892032743879704
3135,-1.464849789458885,-1.2386602442559809,0.20892032743879704
3136,-1.4648497894109505,-1.2386602442559809,0.20892032743879704
3137,-1.464849789458885,-1.2386602442570138,0.20892032743879704
3138,-1.4648497894109505,-1.2386602442559809,0.20892032743879704
3139,-1.4648497894133174,-1.2386602442570138,0.20892032743879704
3140,-1.4648497894582932,-1.2386602447053077,0.2089203274389913
3141,-1.4648497894115422,-1.2386602442570138,0.20892032743879704
3142,-1.464849789458885,-1.2386602442559809,0.20892032743879704
3143,-1.4648497894115422,-1.2386602442570138,0.20892032743879704
3144,-1.4648497894582932,-1.2386602442559809,0.20892032743879704
3145,-1.4648497894115422,-1.2386602442570138,0.20892032743879704
3146,-1.438518203727233,-1.0913256501669584,0.2373974550945607
3147,-1.438518203727233,-1.0913256506152524,0.2373974550945607
3148,-1.438518203727233,-1.0913256501669584,0.2373974550945607
3149,-1.438518203727233,-1.0913256501669584,0.23739745509475493
3150,-1.438518203727233,-1.0913256506142195,0.2373974550945607
3151,-1.4385182036804818,-1.0913256501669584,0.2373974550945607
3152,-1.4385182037278248,-1.0913256501669584,0.2373974550945607
3153,-1.438518203727233,-1.0913256506152524,0.2373974550945607
3154,-1.438518203727233,-1.0913256501669584,0.23739745509475493
3155,-1.438518203727233,-1.0913256501659254,0.2373974550945607
3156,-1.4385182037284165,-1.0913256506152524,0.2373974550945607
3157,-1.4385182037260493,-1.0913256501669584,0.2373974550945607
3158,-1.8454038970901043,-1.436359214680444,0.3716467711861288
3159,-1.845403897135672,-1.436359215128738,0.37164677118632305
3160,-1.8454038970895126,-1.436359214679411,0.3716467711861288
3161,-1.8454038970901043,-1.436359215129771,0.3716467711861288
3162,-1.8454038970889208,-1.436359214680444,0.3716467711861288
3163,-1.845403897135672,-1.4363592151277051,0.37164677118632305
3164,-1.8454038970895126,-1.436359214681477,0.3716467711861288
3165,-1.8454038970889208,-1.436359214679411,0.3716467711861288
3166,-1.8454038971368556,-1.436359215128738,0.37164677118632305
3167,-1.845403897088329,-1.436359214680444,0.3716467711861288
3168,-1.8454038970901043,-1.436359215128738,0.3716467711861288
3169,-1.8454038970889208,-1.436359214680444,0.3716467711861288
3170,-1.8454038971362638,-1.436359215128738,0.37164677118632305
3171,-1.8454038970889208,-1.436359214680444,0.3716467711861288
3172,-1.826177659915132,-1.5420993485742334,0.24688983097988
3173,-1.826177659915132,-1.5420993485752663,0.24688983097988
3174,-1.8261776599606996,-1.5420993485752663,0.24688983097988
3175,-1.826177659915132,-1.5420993485742334,0.24688983097988
3176,-1.826177659915132,-1.5420993490235604,0.24688983097968575
3177,-1.826177659915132,-1.5420993485752663,0.24688983097988
3178,-1.8261776599606996,-1.5420993485762993,0.24688983097988
3179,-1.826177659915132,-1.5420993485742334,0.24688983097988
3180,-1.826177659915132,-1.5420993485742334,0.24688983097988
3181,-2.278336202309401,-1.4228284867577679,-0.01889669380750623
3182,-2.2783362023099927,-1.422828486755702,-0.01889669380750623
3183,-2.2783362023555602,-1.4228284872060617,-0.01889669380750623
3184,-2.278336202309401,-1.422828486756735,-0.01889669380750623
3185,-2.278336202308809,-1.4228284867577679,-0.01889669380750623
3186,-2.2783362023105846,-1.422828486756735,-0.01889669380750623
3187,-2.2783362023099927,-1.422828486755702,-0.01889669380750623
3188,-2.278336202309401,-1.422828486756735,-0.01889669380750623
3189,-2.2783362023567437,-1.422828487205029,-0.01889669380750623
3190,-2.278336202309401,-1.4228284867577679,-0.01889669380750623
3191,-2.2783362023099927,-1.422828486756735,-0.01889669380750623
3192,-2.3250149224390957,-0.6914174665277086,0.2943517104062822
3193,-2.3250149224396877,-0.6914174665308074,0.29435171040608793
3194,-2.3250149224396877,-0.6914174665277086,0.29435171040608793
3195,-2.3250149223929366,-0.6914174665297745,0.2943517104062822
3196,-2.325014922438504,-0.6914174665277086,0.2943517104062822
3197,-2.325014922440279,-0.6914174665297745,0.29435171040608793
3198,-2.3250149224396877,-0.6914174669760026,0.29435171040608793
3199,-2.325014922440279,-0.6914174665297745,0.2943517104062822
3200,-2.3250149223917527,-0.6914174665287416,0.2943517104062822
3201,-2.325014922440871,-0.6914174665287416,0.29435171040608793
3202,-2.3250149224390957,-0.6914174665287416,0.29435171040608793
3203,-2.325014922440871,-0.6914174665297745,0.2943517104062822
3204,-1.5862676568601783,-0.426565994026894,0.05704231327465961
3205,-1.5862676568152025,-0.42656599402792694,0.057042313274465364
3206,-1.5862676568613618,-0.42656599402792694,0.05704231327465961
3207,-1.5862676568152025,-0.42656599402792694,0.05704231327465961
3208,-1.5862676568613618,-0.426565993579633,0.057042313274465364
3209,-1.5862676568152025,-0.42656599402792694,0.05704231327465961
3210,-1.5862676568625453,-0.42656599402792694,0.05704231327465961
3211,-1.5862676568146108,-0.42656599402792694,0.057042313274465364
3212,-1.58626765686077,-0.42656599402792694,0.05704231327465961
3213,-3.343169569667782,1.0713357118803133,0.3228288380620458
3214,-3.343169569620439,1.0713357118792803,0.3228288380618516
3215,-3.343169569667782,1.0713357118803133,0.3228288380620458
3216,-3.343169569667782,1.0713357114309865,0.3228288380618516
3217,-3.343169569667782,1.0713357118792803,0.3228288380620458
3218,-3.3431695696671904,1.0713357118803133,0.3228288380618516
3219,-3.343169569620439,1.0713357118792803,0.3228288380620458
3220,-3.343169569667782,1.0713357118803133,0.3228288380620458
3221,-3.343169569668374,1.0713357114309865,0.3228288380618516
3222,-3.343169569620439,1.0713357118803133,0.3228288380620458
3223,-3.343169569667782,1.0713357118803133,0.3228288380618516
3224,-3.3431695696665984,1.0713357118782474,0.3228288380620458
3225,-2.1457575889707017,-0.1939608292689915,0.4805483143093371
3226,-2.14575758897011,-0.19396082882276344,0.4805483143095313
3227,-2.145757589016861,-0.19396082927105737,0.4805483143093371
3228,-2.14575758897011,-0.1939608288217305,0.4805483143095313
3229,-2.14575758897011,-0.19396082927002445,0.4805483143093371
3230,-2.145757588969518,-0.19396082882276344,0.4805483143093371
3231,-2.145757589016861,-0.19396082927105737,0.4805483143095313
3232,-2.14575758897011,-0.19396082882069757,0.4805483143093371
3233,-2.1457575889689267,-0.19396082927105737,0.4805483143093371
3234,-2.1457575889712937,-0.19396082882276344,0.4805483143095313
3235,-2.1457575890162697,-0.19396082927105737,0.4805483143093371
3236,-2.14575758897011,-0.19396082882069757,0.4805483143095313
3237,-2.1457575889689267,-0.19396082927105737,0.4805483143093371
3238,-2.2065227867434185,-0.2460651710537556,0.07430117852044747
3239,-2.206522786790761,-0.24606517105168974,0.07430117852064172
3240,-2.2065227867422346,-0.24606517105272266,0.07430117852044747
3241,-2.2065227867434185,-0.2460651710537556,0.07430117852064172
3242,-2.206522786788986,-0.24606517105168974,0.07430117852044747
3243,-2.2065227867428265,-0.24606517060442873,0.07430117852064172
3244,-2.2065227867901696,-0.24606517105272266,0.07430117852044747
3245,-2.2065227867428265,-0.2460651710537556,0.07430117852064172
3246,-2.2065227867434185,-0.24606517105272266,0.07430117852044747
3247,-2.206522786788986,-0.24606517105168974,0.07430117852064172
3248,-2.2065227867428265,-0.2460651710537556,0.07430117852044747
3249,-2.237242970080541,0.03999355369925193,0.3228288380620458
3250,-2.2372429700793575,0.03999355370028486,0.3228288380618516
3251,-2.237242970081133,0.03999355369821899,0.3228288380620458
3252,-2.2372429700799494,0.03999355370028486,0.3228288380618516
3253,-2.2372429700799494,0.03999355369821899,0.3228288380620458
3254,-2.237242970080541,0.0399935541485788,0.3228288380618516
3255,-2.2372429701272925,0.03999355369821899,0.3228288380620458
3256,-2.2372429700799494,0.03999355369821899,0.3228288380620458
3257,-2.2372429700793575,0.03999355370028486,0.3228288380618516
3258,-2.2372429700817245,0.03999355369821899,0.3228288380620458
3259,-2.2372429700799494,0.03999355370028486,0.3228288380618516
3260,-2.237242970080541,0.03999355369925193,0.3228288380620458
3261,-2.2697185924699124,0.06735569260704731,0.18613862531418615
3262,-2.2697185924231613,0.06735569260808025,0.18613862531418615
3263,-2.269718592468729,0.06735569260808025,0.18613862531418615
3264,-2.2697185924231613,0.06735569260808025,0.18613862531418615
3265,-2.2697185924699124,0.06735569260808025,0.18613862531418615
3266,-2.269718592469321,0.06735569260808025,0.18613862531418615
3267,-2.2697185924231613,0.06735569260808025,0.18613862531418615
3268,-2.269718592469321,0.06735569260704731,0.18613862531418615
3269,-2.2697185924237533,0.06735569260808025,0.18613862531418615
3270,-2.269718592468729,0.06735569260808025,0.18613862531418615
3271,-1.829103391667499,-0.18100833721116782,0.15196607212726979
3272,-1.8291033916692743,-0.18100833721220078,0.15196607212726979
3273,-1.829103391667499,-0.18100833765946178,0.15196607212707552
3274,-1.829103391667499,-0.1810083372101349,0.15196607212726979
3275,-1.8291033916680908,-0.18100833721116782,0.15196607212726979
3276,-1.829103391667499,-0.18100833721220078,0.15196607212726979
3277,-1.829103391667499,-0.18100833721116782,0.15196607212726979
3278,-1.8291033916692743,-0.18100833721220078,0.15196607212726979
3279,-1.829103391666907,-0.18100833721116782,0.15196607212726979
3280,-1.829103391667499,-0.18100833765946178,0.15196607212707552
3281,-1.8291033916686825,-0.18100833721220078,0.15196607212726979
3282,-1.829103391666907,-0.18100833721116782,0.15196607212726979
3283,-1.6069728353262578,-0.6456789797998189,0.4016885761855944
3284,-1.6069728353706418,-0.6456789802481129,0.4016885761857886
3285,-1.6069728353262578,-0.6456789797998189,0.4016885761855944
3286,-1.60697283537005,-0.6456789802481129,0.4016885761857886
3287,-1.6069728353262578,-0.6456789797998189,0.4016885761855944
3288,-1.6069728353718253,-0.6456789797998189,0.4016885761857886
3289,-1.6069728353238906,-0.6456789802481129,0.4016885761855944
3290,-1.606972835373009,-0.6456789797998189,0.4016885761857886
3291,-1.6069728353232988,-0.645678979798786,0.4016885761855944
3292,-1.606972835372417,-0.6456789802491457,0.4016885761857886
3293,-1.6069728353244825,-0.6456789797998189,0.4016885761855944
3294,-1.6069728353718253,-0.6456789802491457,0.4016885761857886
3295,-1.606972835325666,-0.6456789797998189,0.4016885761855944
3296,-1.5175129608269118,-1.5333294324350588,0.3228288380620458
3297,-1.5175129608275035,-1.5333294324371247,0.3228288380618516
3298,-1.5175129608742546,-1.5333294319888309,0.3228288380620458
3299,-1.5175129608275035,-1.5333294324350588,0.3228288380618516
3300,-1.5175129608269118,-1.5333294324360918,0.3228288380620458
3301,-1.5175129608275035,-1.533329431987798,0.3228288380618516
3302,-1.5175129608263198,-1.5333294324371247,0.3228288380620458
3303,-1.517512960828687,-1.5333294324360918,0.3228288380620458
3304,-1.5175129608263198,-1.5333294324350588,0.3228288380618516
3305,-1.5175129608742546,-1.5333294324381577,0.3228288380620458
3306,-1.517512960828687,-1.533329431987798,0.3228288380618516
3307,-1.517512960825728,-1.5333294324350588,0.3228288380620458
3308,-2.051824720748016,-1.6714556144252801,0.45097591251298214
3309,-2.051824720748016,-1.6714556139749204,0.45097591251298214
3310,-2.051824720748016,-1.6714556144221815,0.45097591251317637
3311,-2.0518247207462403,-1.6714556139749204,0.45097591251298214
3312,-2.051824720748016,-1.6714556144252801,0.45097591251298214
3313,-2.0518247207468323,-1.6714556139749204,0.45097591251317637
3314,-2.051824720748016,-1.6714556144221815,0.45097591251298214
3315,-2.0518247207941753,-1.6714556144252801,0.45097591251298214
3316,-2.051824720748016,-1.6714556139749204,0.45097591251298214
3317,-2.0518247207468323,-1.6714556144242472,0.45097591251298214
3318,-2.051824720748016,-1.6714556139738874,0.45097591251317637
3319,-2.051824720748016,-1.6714556144242472,0.45097591251298214
3320,-2.051824720748016,-1.6714556139749204,0.45097591251298214
3321,-2.0518247207462403,-1.6714556144232144,0.45097591251317637
3322,-2.0518247207474243,-1.6714556139749204,0.45097591251298214
3323,-2.0518247207474243,-1.6714556144242472,0.45097591251298214
3324,-3.022801943568319,-3.2908206610721895,0.03805756150402103
3325,-3.0228019436138864,-3.2908206610721895,0.03805756150402103
3326,-3.0228019435695024,-3.2908206606228627,0.03805756150421528
3327,-3.022801943612703,-3.2908206610721895,0.03805756150402103
3328,-3.022801943568319,-3.2908206610721895,0.03805756150402103
3329,-3.022801943568319,-3.2908206606238957,0.03805756150421528
3330,-3.0228019436138864,-3.2908206610721895,0.03805756150402103
3331,-3.0228019435671354,-3.2908206610721895,0.03805756150402103
3332,-3.02280194361507,-3.2908206610721895,0.03805756150402103
3333,-3.0228019435671354,-3.2908206610721895,0.03805756150402103
3334,-3.02280194361507,-3.2908206606238957,0.03805756150421528
3335,-3.022801943567727,-3.2908206610721895,0.03805756150402103
3336,-1.5554144856977306,-2.117405858572997,0.47815862527530195
3337,-1.5554144857456653,-2.117405858575063,0.4781586252754962
3338,-1.5554144856971388,-2.11740585857403,0.47815862527530195
3339,-1.555414485698914,-2.117405858575063,0.47815862527530195
3340,-1.5554144857444818,-2.11740585857403,0.47815862527530195
3341,-1.5554144856983223,-2.1174058590243896,0.4781586252754962
3342,-1.5554144857450736,-2.11740585857403,0.47815862527530195
3343,-1.5554144856977306,-2.11740585857403,0.47815862527530195
3344,-1.5554144856977306,-2.11740585857403,0.47815862527530195
3345,-1.5554144857450736,-2.117405858575063,0.4781586252754962
3346,-1.5554144856977306,-2.11740585857403,0.47815862527530195
3347,0.6089313769816266,-3.0014134226660687,0.5594080524330799
3348,0.6089313769810347,-3.001413422664003,0.5594080524332742
3349,0.6089313769816266,-3.0014134226660687,0.5594080524330799
3350,0.6089313770277859,-3.0014134226650357,0.5594080524332742
3351,0.6089313769816266,-3.0014134226660687,0.5594080524330799
3352,0.6089313769810347,-3.001413422664003,0.5594080524330799
3353,0.6089313769816266,-3.0014134226660687,0.5594080524332742
3354,0.6089313769816266,-3.0014134226650357,0.5594080524330799
3355,0.6089313769810347,-3.0014134226660687,0.5594080524330799
3356,0.6089313770283777,-3.001413422664003,0.5594080524332742
3357,0.6089313769822183,-3.0014134226650357,0.5594080524330799
3358,0.6089313769816266,-3.0014134226660687,0.5594080524332742
3359,0.6089313769798512,-3.0014134226650357,0.5594080524330799
3360,2.038939031374048,-2.496266243120419,0.4016885761855944
3361,2.0389390313722724,-2.496266243120419,0.4016885761857886
3362,2.0389390313722724,-2.4962662435687126,0.4016885761855944
3363,2.038939031420207,-2.4962662431214517,0.4016885761857886
3364,2.0389390313722724,-2.4962662431214517,0.4016885761855944
3365,2.0389390313728644,-2.496266243119386,0.4016885761857886
3366,2.0389390313728644,-2.4962662435707785,0.4016885761855944
3367,2.0389390313728644,-2.496266243119386,0.4016885761857886
3368,2.0389390313722724,-2.4962662431214517,0.4016885761855944
3369,2.038939031420207,-2.496266243120419,0.4016885761857886
3370,2.0389390313728644,-2.4962662435687126,0.4016885761855944
3371,2.038939031373456,-2.4962662431214517,0.4016885761857886
3372,2.0389390313722724,-2.496266243120419,0.4016885761855944
3373,1.1770859762057029,-1.8385225197138226,0.63607724227564
3374,1.1770859762536376,-1.8385225201621165,0.63607724227564
3375,1.1770859762074781,-1.8385225201610838,0.63607724227564
3376,1.1770859762057029,-1.8385225197138226,0.63607724227564
3377,1.1770859762062946,-1.8385225197138226,0.63607724227564
3378,1.1770859762074781,-1.8385225201610838,0.6360772422758342
3379,1.1770859762530457,-1.8385225201631494,0.63607724227564
3380,1.1770859762062946,-1.8385225197127897,0.63607724227564
3381,1.1770859762074781,-1.8385225197127897,0.63607724227564
3382,1.1770859762518622,-1.8385225201621165,0.63607724227564
3383,1.1770859762074781,-1.8385225201621165,0.63607724227564
3384,1.1770859762074781,-1.8385225197127897,0.63607724227564
3385,0.6222418488602018,-1.7475659591610264,0.12755710556513117
3386,0.6222418489063611,-1.7475659596103534,0.12755710556513117
3387,0.6222418488613853,-1.7475659591610264,0.12755710556513117
3388,0.6222418489087284,-1.7475659596082875,0.12755710556513117
3389,0.62224184885961,-1.7475659591620594,0.12755710556513117
3390,0.622241848906953,-1.7475659596093205,0.12755710556513117
3391,0.6222418488607936,-1.7475659591610264,0.12755710556513117
3392,0.6222418488619772,-1.7475659591599935,0.12755710556513117
3393,0.622241848906953,-1.7475659596103534,0.12755710556513117
3394,0.6222418488602018,-1.7475659591610264,0.12755710556513117
3395,0.6222418489075447,-1.7475659596093205,0.12755710556513117
3396,0.6222418488607936,-1.7475659591620594,0.12755710556513117
3397,0.6222418489081365,-1.7475659596082875,0.12755710556513117
3398,0.6222418488602018,-1.7475659591610264,0.12755710556513117
3399,0.6448117794880931,-1.2920314494164777,0.29841987149990723
3400,0.6448117794880931,-1.292031448968184,0.298419871499713
3401,0.6448117794863177,-1.2920314494164777,0.29841987149990723
3402,0.6448117794875012,-1.2920314494164777,0.29841987149990723
3403,0.6448117794869095,-1.2920314494154448,0.29841987149990723
3404,0.6448117794880931,-1.292031448968184,0.298419871499713
3405,0.6448117794880931,-1.2920314494175107,0.29841987149990723
3406,0.6448117794401583,-1.2920314494154448,0.29841987149990723
3407,0.6448117794869095,-1.292031448968184,0.298419871499713
3408,0.6448117794880931,-1.2920314494175107,0.29841987149990723
3409,0.6448117794875012,-1.2920314494154448,0.29841987149990723
3410,0.6448117794863177,-1.2920314494154448,0.29841987149990723
3411,0.6448117794880931,-1.292031448968184,0.298419871499713
3412,0.6448117794875012,-1.2920314494175107,0.29841987149990723
3413,-0.695494868685209,-0.6699649022425813,0.37540199681120767
3414,-0.6954948686390496,-0.6699649017932544,0.37540199681101344
3415,-0.695494868685209,-0.6699649022425813,0.37540199681120767
3416,-0.6954948686396414,-0.6699649017942874,0.37540199681101344
3417,-0.695494868685209,-0.6699649022425813,0.37540199681120767
3418,-0.6954948686384579,-0.6699649017942874,0.37540199681101344
3419,-0.6954948686863925,-0.6699649022425813,0.37540199681120767
3420,-0.6954948686384579,-0.6699649017942874,0.37540199681101344
3421,-0.6954948686858008,-0.6699649022415484,0.37540199681120767
3422,-0.6954948686384579,-0.6699649017942874,0.37540199681101344
3423,-0.6954948686863925,-0.6699649022436142,0.37540199681120767
3424,-0.6954948686372743,-0.6699649017942874,0.37540199681101344
3425,-0.6954948686863925,-0.6699649022425813,0.37540199681120767
3426,-1.1927567371681371,-0.22310393539379045,0.40826022102933673
3427,-1.192756737120794,-0.22310393584415025,0.40826022102933673
3428,-1.1927567371213859,-0.2231039358420844,0.40826022102933673
3429,-1.1927567371681371,-0.22310393539585632,0.40826022102933673
3430,-1.3112488728176552,-0.36743170110605067,0.5669185036830434
3431,-1.311248872818247,-0.36743170110605067,0.5669185036830434
3432,-1.311248872818247,-0.36743170110914947,0.5669185036830434
3433,-1.3112488728649982,-0.3674317015543446,0.5669185036830434
3434,-1.3112488728176552,-0.3674317011070836,0.5669185036830434
3435,-1.3112488728170635,-0.3674317011070836,0.5669185036830434
3436,-1.311248872818247,-0.3674317011070836,0.5669185036830434
3437,-2.164392249639173,0.4335873979687622,1.0746250081747883
3438,-2.1643922496379897,0.4335873975194353,1.0746250081747883
3439,-2.1643922495918306,0.4335873979687622,1.0746250081747883
3440,-2.1643922496385817,0.4335873975194353,1.0746250081747883
3441,-2.164392249637398,0.4335873979697952,1.0746250081747883
3442,-2.5346548547725436,-0.4562487875271408,0.8485604255534701
3443,-2.5346548547725436,-0.4562487879754347,0.8485604255534701
3444,-2.5346548547719516,-0.4562487875271408,0.8485604255534701
3445,-2.5346548547725436,-0.45624878752610787,0.8485604255534701
3446,-2.5346548547731356,-0.4562487879754347,0.8485604255534701
3447,-2.5346548547719516,-0.4562487875271408,0.8485604255534701
3448,-2.5346548547257925,-0.4562487875271408,0.8485604255534701
3449,-2.5346548547719516,-0.4562487875250749,0.8485604255534701
3450,-2.5346548547725436,-0.4562487879754347,0.8485604255534701
3451,-2.5346548547719516,-0.45624878752610787,0.8485604255534701
3452,-2.5346548547725436,-0.4562487875271408,0.8485604255534701
3453,-2.5346548547725436,-0.4562487879754347,0.8485604255534701
3454,-2.5346548547719516,-0.45624878752610787,0.8485604255534701
3455,-0.1614362970745122,-0.18627028698412476,0.8354171358661796
3456,-0.16143629707510398,-0.1862702869851577,0.8354171358661796
3457,-0.16143629707332863,-0.18627028698412476,0.8354171358661796
3458,-0.16143629707510398,-0.18627028743345164,0.8354171358661796
3459,-0.16143629707332863,-0.18627028698412476,0.8354171358661796
3460,-0.1614362970756958,-0.18627028698309184,0.8354171358661796
3461,-0.1614362970745122,-0.18627028698619064,0.8354171358661796
3462,-0.16143629707273685,-0.18627028698309184,0.8354171358661796
3463,-0.1614362970756958,-0.18627028743345164,0.8354171358661796
3464,-0.1614362970745122,-0.18627028698412476,0.8354171358661796
3465,-0.1614362970739204,-0.18627028698412476,0.8354171358661796
3466,-0.1614362970756958,-0.18627028698412476,0.8354171358661796
3467,-0.5871302659585551,-0.8808476588014197,0.03805756150402103
3468,-0.5871302659585551,-0.8808476588024525,0.03805756150402103
3469,-0.5871302659573715,-0.8808476588024525,0.03805756150421528
3470,-0.5871302659597387,-0.8808476592497136,0.03805756150402103
3471,-0.5871302659591469,-0.8808476588024525,0.03805756150402103
3472,-0.587130265911804,-0.8808476588024525,0.03805756150421528
3473,-0.5871302659573715,-0.8808476588014197,0.03805756150402103
3474,-0.5871302659597387,-0.8808476588024525,0.03805756150402103
3475,-0.5871302659591469,-0.8808476592497136,0.03805756150402103
3476,-0.5871302659579634,-0.8808476588024525,0.03805756150402103
3477,-0.5871302659591469,-0.8808476588014197,0.03805756150421528
3478,-0.5871302659585551,-0.8808476588034855,0.03805756150402103
3479,-0.7319539873409089,0.12418475051588992,1.8605937314746417
3480,-0.7319539873385418,0.1241847500655301,1.8605937314746417
3481,-0.583539595169515,-0.7225108061367806,-0.17422648102095664
3482,-0.5835395952156744,-0.7225108061378135,-0.1742264810207624
3483,-0.5835395951683314,-0.7225108061367806,-0.17422648102095664
3484,-0.5835395951689233,-0.7225108061357477,-0.17422648102095664
3485,-0.583539595169515,-0.7225108061378135,-0.17422648102095664
3486,-0.5835395952144908,-0.7225108065850745,-0.1742264810207624
3487,-0.5835395951683314,-0.7225108061357477,-0.17422648102095664
3488,-0.583539595169515,-0.7225108061367806,-0.17422648102095664
3489,-0.5835395951677397,-0.7225108061367806,-0.17422648102095664
3490,-0.5835395952162662,-0.7225108061378135,-0.1742264810207624
3491,-0.5835395951683314,-0.7225108061367806,-0.17422648102095664
3492,-0.09999593039908311,-1.61225867947874,-0.01889669380750623
3493,0.07554797427245874,-0.454629726298418,0.8923713911777069
3494,0.07554797422511579,-0.45462972585218997,0.8923713911779011
3495,0.07554797427245874,-0.454629726298418,0.8923713911777069
3496,-0.09999593044642606,-1.043968102210346,-0.7023477575466104
3497,-0.09999593039908311,-1.043968102211379,-0.7023477575464161
3498,-0.06990268961219662,-0.5207799519516966,0.12755710556513117
3499,-0.06990268965658063,-0.5207799524010235,0.12755710556513117
3500,-0.06990268961042126,-0.5207799519506637,0.12755710556513117
3501,-0.0699026896577642,-0.5207799519537625,0.12755710556513117
3502,-0.06990268960982947,-0.5207799519506637,0.12755710556513117
3503,-0.06990268965835598,-0.5207799524010235,0.12755710556513117
3504,-0.06990268960982947,-0.5207799519516966,0.12755710556513117
3505,0.05799358380027437,-0.5009348842120199,0.11779351894035343
3506,0.05799358380027437,-0.5009348842120199,0.11779351894015919
3507,0.05799358380086616,-0.5009348846592809,0.11779351894035343
3508,0.05799358380027437,-0.5009348842120199,0.11779351894015919
3509,0.05799358380027437,-0.500934884210987,0.11779351894035343
3510,0.2686462694167767,-0.5230350733478912,0.40826022102933673
3511,0.26864626941559316,-0.5230350733468583,0.40826022102933673
3512,0.2686462694167767,-0.5230350733468583,0.40826022102933673
3513,0.26864626941559316,-0.5230350733478912,0.40826022102933673
3514,0.09310236474345954,-0.4335819272086561,-0.36062222567705826
3515,0.0931023647446431,-0.4335819267582963,-0.360622225676864
3516,0.0931023647452349,-0.4335819272076232,-0.36062222567705826
3517,0.001429436729087951,-0.25818360084707664,0.09501181681574254
3518,0.0014294367302715245,-0.2581836008460437,0.0950118168155483
3519,0.0014294367279043773,-0.2581836008460437,0.09501181681574254
3520,0.0014294367302715245,-0.2581836008460437,0.0950118168155483
3521,0.0014294366835203658,-0.25818360084707664,0.09501181681574254
3522,0.0014294367302715245,-0.2581836008460437,0.0950118168155483
3523,0.001429436729087951,-0.25818360039774974,0.09501181681574254
3524,0.0014294367296797377,-0.25818360084707664,0.0950118168155483
3525,0.0014294367296797377,-0.2581836008460437,0.09501181681574254
3526,0.0014294367296797377,-0.2581836008460437,0.09501181681574254
3527,0.001429436729087951,-0.25818360084707664,0.0950118168155483
3528,0.0014294367302715245,-0.2581836008460437,0.09501181681574254
3529,0.001429436729087951,-0.2581836008460437,0.0950118168155483
3530,0.0014294366835203658,-0.25818360084707664,0.09501181681574254
3531,0.0014294367302715245,-0.2581836008460437,0.0950118168155483
3532,0.001429436729087951,-0.25818360084707664,0.09501181681574254
3533,0.0014294367302715245,-0.25818360084501074,0.0950118168155483
3534,0.0014294367296797377,-0.2581836008460437,0.09501181681574254
3535,0.001429436728496164,-0.25818360084707664,0.09501181681574254
3536,0.0014294367302715245,-0.25818360084707664,0.0950118168155483
3537,0.001429436729087951,-0.25818360039774974,0.09501181681574254
3538,0.0014294367296797377,-0.2581836008460437,0.0950118168155483
3539,0.0014294366835203658,-0.25818360084707664,0.09501181681574254
3540,0.0014294367302715245,-0.25818360084501074,0.0950118168155483
3541,0.0014294367302715245,-0.2581836008460437,0.09501181681574254
3542,0.001429436729087951,-0.25818360084707664,0.0950118168155483
3543,0.001429436729087951,-0.2581836008460437,0.09501181681574254
3544,0.11065675521682748,0.11132220642524676,0.08235531563538157
3545,0.11065675516889274,0.11132220642524676,0.08235531563518732
3546,0.11065675521623569,0.11132220642524676,0.08235531563538157
3547,0.11065675521505211,0.11132220642524676,0.08235531563518732
3548,0.11065675517007632,0.11132220597798576,0.08235531563538157
3549,0.11065675521682748,0.11132220642421382,0.08235531563538157
3550,0.11065675521505211,0.1113222064262797,0.08235531563518732
3551,0.11065675517007632,0.11132220642524676,0.08235531563538157
3552,0.11065675521505211,0.11132220642524676,0.08235531563518732
3553,0.1106567552156439,0.1113222064262797,0.08235531563538157
3554,0.11065675517007632,0.11132220642421382,0.08235531563538157
3555,0.11065675521682748,0.1113222064262797,0.08235531563518732
3556,0.11065675521505211,0.1113222064262797,0.08235531563538157
3557,0.11065675517007632,0.11132220597591988,0.08235531563518732
3558,0.11065675521505211,0.11132220642524676,0.08235531563538157
3559,0.11065675521682748,0.11132220642524676,0.08235531563518732
3560,0.11065675517007632,0.1113222064262797,0.08235531563538157
3561,0.11065675521505211,0.1113222064262797,0.08235531563538157
3562,0.11065675521623569,0.11132220642421382,0.08235531563518732
3563,0.11065675516889274,0.1113222064262797,0.08235531563538157
3564,0.11065675521623569,0.11132220642524676,0.08235531563518732
3565,0.11065675521682748,0.1113222064262797,0.08235531563538157
3566,0.11065675517007632,0.11132220597488694,0.08235531563538157
3567,0.11065675521505211,0.1113222064262797,0.08235531563518732
3568,0.1106567552156439,0.1113222064262797,0.08235531563538157
3569,0.11065675516948453,0.11132220642524676,0.08235531563518732
3570,0.11065675521682748,0.11132220642524676,0.08235531563538157
3571,-0.23750532242064049,0.01192982142772789,0.07602706504510395
3572,-0.2375053224697588,0.01192982142772789,0.07602706504510395
3573,-0.23750532242064049,0.011929821876021833,0.07602706504510395
3574,-0.23750532246739164,0.01192982142772789,0.07602706504510395
3575,-0.23750532242182407,0.01192982142772789,0.0760270650452982
3576,-0.23750532246857523,0.011929821426694954,0.07602706504510395
3577,-0.2375053224212323,0.011929821874988897,0.07602706504510395
3578,-0.23750532246739164,0.01192982142772789,0.07602706504510395
3579,-0.23750532242182407,0.01192982142772789,0.07602706504510395
3580,-0.23750532242182407,0.01192982142772789,0.07602706504510395
3581,-0.23750532246798345,0.01192982142772789,0.07602706504510395
3582,-0.23750532242182407,0.011929821877054768,0.07602706504510395
3583,-0.23750532246798345,0.011929821425662018,0.07602706504510395
3584,-0.23750532242064049,0.01192982142772789,0.0760270650452982
3585,-0.23750532246739164,0.01192982142772789,0.07602706504510395
3586,-0.23750532242182407,0.011929821877054768,0.07602706504510395
3587,-0.23750532246857523,0.01192982142772789,0.07602706504510395
3588,-0.23750532242064049,0.011929821425662018,0.07602706504510395
3589,-1.2410313109318767,0.050517453245165815,0.5506458593083491
3590,-1.2410313109301012,0.05051745369345976,0.5506458593081548
3591,-1.2410313109295095,0.050517453245165815,0.5506458593083491
3592,-2.3996210819344874,-0.023149843576231406,-0.30366797036533677
3593,-2.399621081933304,-0.023149844023492416,-0.303667970365531
3594,-2.399621081932712,-0.023149843576231406,-0.30366797036533677
3595,-2.3996210818871444,-0.023149843575198472,-0.30366797036533677
3596,-2.399621081932712,-0.02314984402452535,-0.303667970365531
3597,-2.399621081933304,-0.023149843575198472,-0.30366797036533677
3598,-1.5043471679619733,-2.264740452664085,-0.01889669380750623
3599,-1.5043471680081326,-2.264740452664085,-0.01889669380750623
