time,dx,dy,dz
0,-0.328699262050245,-0.7668387467565553,-0.37960697744769684
1,-0.32869926205054095,-0.7668387472053657,-0.37960697744769684
2,-0.3286992620496533,-0.7668387467565553,-0.37960697744769684
3,-0.32869926205054095,-0.7668387467566844,-0.37960697744691985
4,-0.32869926204994915,-0.7668387467566199,-0.37960697744769684
5,-0.328699262050245,-0.7668387467566844,-0.37960697744769684
6,-0.328699262050245,-0.7668387467566844,-0.37960697744769684
7,-0.32869926205054095,-0.7668387467566199,-0.37960697744769684
8,-0.3286992620496533,-0.7668387467566199,-0.37960697744691985
9,-0.328699262050245,-0.7668387467566199,-0.37960697744769684
10,-0.32869926205054095,-0.7668387472053012,-0.37960697744769684
11,-0.32869926204994915,-0.7668387467566199,-0.37960697744769684
12,-0.32869926205054095,-0.7668387467566199,-0.37960697744691985
13,-0.328699262050245,-0.7668387467566199,-0.37960697744769684
14,-0.32869926204994915,-0.7668387467566199,-0.37960697744769684
15,-0.23728061431161562,-0.791394512662701,-0.49731243842511225
16,-0.23728061431102385,-0.7913945122138906,-0.49731243842433526
17,-0.23728061431102385,-0.791394512662701,-0.49731243842511225
18,-0.23728061431161562,-0.7913945126625719,-0.49731243842433526
19,-0.23728061431161562,-0.7913945122140197,-0.49731243842511225
20,-0.23728061431102385,-0.7913945126625719,-0.49731243842511225
21,-0.23728061431102385,-0.7913945126625719,-0.49731243842433526
22,-0.23728061431161562,-0.7913945126625719,-0.49731243842511225
23,-0.23728061431161562,-0.7913945122141488,-0.49731243842433526
24,-0.23728061431102385,-0.7913945126624428,-0.49731243842511225
25,-0.5543157965373937,-0.651075851304177,-0.01889669380750623
26,-0.5543157965376896,-0.6510758517528582,-0.01889669380750623
27,-0.5543157965370978,-0.651075851304177,-0.01889669380750623
28,-0.5543157965376896,-0.6510758517527291,-0.01889669380750623
29,-0.5543157965373937,-0.651075851304177,-0.01889669380750623
30,-0.5543157965376896,-0.6510758517527291,-0.01889669380750623
31,-0.5543157965376896,-0.651075851304177,-0.01889669380750623
32,-0.5543157965373937,-0.6510758517528582,-0.01889669380750623
33,-0.5543157965370978,-0.6510758513040479,-0.01889669380750623
34,-0.5543157965376896,-0.651075851304177,-0.01889669380750623
35,-0.5543157965376896,-0.6510758517527291,-0.01889669380750623
36,-0.5543157965373937,-0.6510758513043061,-0.01889669380750623
37,-0.5543157965376896,-0.6510758517527291,-0.01889669380750623
38,-0.5543157965376896,-0.651075851304177,-0.01889669380750623
39,-0.5543157965370978,-0.6510758517527291,-0.01889669380750623
40,-0.5543157965376896,-0.651075851304177,-0.01889669380750623
41,-0.5543157965376896,-0.6510758517528582,-0.01889669380750623
42,-0.5543157965373937,-0.6510758513040479,-0.01889669380750623
43,-0.6855835984139125,-0.46936318557401996,-0.01889669380750623
44,-0.6855835984145043,-0.46936318557401996,-0.01889669380750623
45,-0.6855835984372881,-0.46936318557401996,-0.01889669380750623
46,-0.6855835984145043,-0.46936318557389084,-0.01889669380750623
47,-0.6855835984139125,-0.46936318557401996,-0.01889669380750623
48,-0.6855835984142085,-0.46936318602257215,-0.01889669380750623
49,-0.6855835984142085,-0.4693631855741491,-0.01889669380750623
50,-0.685583598437584,-0.46936318557389084,-0.01889669380750623
51,-0.6855835984145043,-0.46936318557401996,-0.01889669380750623
52,-0.6855835984139125,-0.46936318557389084,-0.01889669380750623
53,-0.5279450327630675,-0.4055181949363574,-0.5884392469235559
54,-0.5279450327621797,-0.40551819493622826,-0.5884392469227788
55,-0.5279450327858513,-0.4055181944878052,-0.5884392469235559
56,-0.5279450327630675,-0.40551819493622826,-0.5884392469235559
57,-0.5279450327624756,-0.40551819493609914,-0.5884392469227788
58,-0.5279450327624756,-0.4055181949364865,-0.5884392469235559
59,-0.5279450327861471,-0.405518194487547,-0.5884392469235559
60,-0.5279450327624756,-0.4055181949363574,-0.5884392469227788
61,-0.5279450327630675,-0.40551819493622826,-0.5884392469235559
62,-0.2056356977668009,-0.5388209226659874,-0.01889669380750623
63,-0.363860280417197,-0.5546067719848582,2.1168878803767086
64,-0.3638602804163093,-0.5546067719846,2.1168878803767086
65,-0.3638602804169011,-0.5546067724334104,2.1168878803767086
66,-0.36386028041660523,-0.5546067719847291,2.1168878803767086
67,-0.4605530809011639,-0.6335360190269899,-0.5884392469235559
68,-0.4605530809014598,-0.6335360185781794,-0.5884392469227788
69,-0.4605530809014598,-0.6335360190268607,-0.5884392469235559
70,-0.4605530809245395,-0.6335360190269899,-0.5884392469235559
71,-0.4605530809011639,-0.6335360185783085,-0.5884392469227788
72,-0.4605530809011639,-0.6335360190268607,-0.5884392469235559
73,-0.3902310441912274,-0.5072492240285039,-1.7275243531548778
74,-0.3902310441687395,-0.507249224028633,-1.7275243531548778
75,-0.36386028041660523,-0.5388209231146687,-1.7275243531548778
76,0.193693010757056,-0.5207799519519548,-1.3857988212857144
77,0.19369301073308864,-0.5207799519520839,-1.3857988212849375
78,0.193693010757056,-0.5207799519519548,-1.3857988212857144
79,0.19369301075676013,-0.5207799524006361,-1.3857988212849375
80,0.193693010757056,-0.5207799519519548,-1.3857988212857144
81,0.19369301073338455,-0.5207799519519548,-1.3857988212849375
82,0.193693010757056,-0.5207799519520839,-1.3857988212857144
83,0.34815034141149687,-0.09681714084488964,-0.7267567241083605
84,0.34815034141179274,-0.09681714039633747,-0.7267567241083605
85,0.34815034141149687,-0.09681714084488964,-0.7267567241091375
86,0.34815034141179274,-0.09681714084488964,-0.7267567241083605
87,0.34815034141149687,-0.09681714084514788,-0.7267567241083605
88,0.3481503414120886,-0.09681714039607923,-0.7267567241083605
89,0.34815034138782536,-0.09681714084514788,-0.7267567241091375
90,0.34815034141149687,-0.09681714084488964,-0.7267567241083605
91,0.3481503414120886,-0.09681714039633747,-0.7267567241083605
92,0.34815034141179274,-0.09681714084488964,-0.7267567241083605
93,0.34815034141149687,-0.09681714084514788,-0.7267567241083605
94,0.34815034141149687,-0.09681714084488964,-0.7267567241091375
95,0.34815034141179274,-0.09681714039633747,-0.7267567241083605
96,0.34815034141149687,-0.09681714084488964,-0.7267567241083605
97,-0.16607955211655545,-0.16522248789268434,-0.1612823320867129
98,-0.1660795521402269,-0.16522248789268434,-0.1612823320859359
99,-0.16607955211655545,-0.16522248789255523,-0.1612823320867129
100,-0.1660795521405228,-0.16522248789281346,-0.1612823320867129
101,-0.16607955211685133,-0.16522248789268434,-0.1612823320859359
102,-0.16607955213993103,-0.16522248789268434,-0.1612823320867129
103,-0.16607955211685133,-0.1652224883412365,-0.1612823320867129
104,-0.16607955211655545,-0.16522248789268434,-0.1612823320859359
105,-0.1660795521405228,-0.16522248789281346,-0.1612823320867129
106,-0.16607955211655545,-0.16522248789268434,-0.1612823320867129
107,-0.1660795521402269,-0.16522248789255523,-0.1612823320859359
108,-0.16607955211655545,-0.16522248789281346,-0.1612823320867129
109,-0.2759577345007048,-0.4125341281163119,-2.183158395647873
110,-0.2759577345237845,-0.4125341276676306,-2.183158395647096
111,-0.27595773450040895,-0.412534128116441,-2.183158395647873
112,-0.3261877607286822,-0.2140834502619541,-1.6787064200306008
113,-0.32618776075146605,-0.214083450261825,-1.6787064200306008
114,-0.32618776072838634,-0.2140834502619541,-1.6787064200306008
115,-0.32618776075146605,-0.2140834498132728,-1.6787064200313777
116,-0.32618776072809047,-0.2140834502619541,-1.6787064200306008
117,-0.3261877607517619,-0.2140834502619541,-1.6787064200306008
118,-0.32618776072809047,-0.214083450261825,-1.6787064200306008
119,0.16355499501044587,-0.412534128116441,3.3983586248872375
120,-0.3111187528667691,-0.4125341276676306,1.6897309655398656
121,-0.3726505350083432,-0.23362783494034992,-1.6705700978433509
122,-0.3726505350083432,-0.23362783538916035,-1.6705700978433509
123,-0.37265053498496764,-0.23362783538903123,-1.6705700978425737
124,-0.3726505350083432,-0.23362783494034992,-1.6705700978433509
125,-0.3726505350083432,-0.23362783494047903,-1.6705700978433509
126,-0.3726505350083432,-0.23362783538916035,-1.6705700978433509
127,0.022910921567789018,-0.531804989934585,-1.499707331908769
128,0.02291092156808491,-0.5318049894857747,-1.499707331908769
129,0.022910921568676697,-0.531804989934585,-1.499707331907992
130,0.022910921567789018,-0.5318049894860329,-1.499707331908769
131,0.02291092154470933,-0.5318049899344559,-1.499707331908769
132,0.02291092156808491,-0.5318049894860329,-1.499707331908769
133,0.022910921568380805,-0.5318049899347141,-1.499707331907992
134,0.02291092156808491,-0.5318049894857747,-1.499707331908769
135,0.02291092156808491,-0.531804989934585,-1.499707331908769
136,-0.2689255308318712,-0.6272216792098603,-0.22393201292900436
137,-0.2689255308315753,-0.627221679209602,-0.22393201292900436
138,-0.2689255308315753,-0.6272216792097312,-0.22393201292978135
139,-0.26892553085554266,-0.6272216787609207,-0.22393201292900436
140,-0.2689255308318712,-0.6272216792097312,-0.22393201292900436
141,-0.2689255308315753,-0.627221679209602,-0.22393201292900436
142,-0.2689255308315753,-0.6272216792097312,-0.22393201292900436
143,-0.2689255308321671,-0.6272216792098603,-0.22393201292978135
144,-0.2689255308315753,-0.627221679209602,-0.22393201292900436
145,-0.2689255308318712,-0.6272216792097312,-0.22393201292900436
146,-0.2689255308321671,-0.627221679209602,-0.22393201292900436
147,-0.26892553085495086,-0.6272216787610498,-0.22393201292900436
148,-0.2689255308315753,-0.6272216792098603,-0.22393201292978135
149,-0.26892553083246296,-0.6272216792094729,-0.22393201292900436
150,-0.2689255308315753,-0.6272216792097312,-0.22393201292900436
151,-0.14072304849649997,-0.3105332551124235,0.08624962369081748
152,-0.14072304849709175,-0.3105332551124235,0.08624962369081748
153,-0.14072304852046733,-0.3105332551122944,0.08624962369081748
154,-0.14072304849709175,-0.3105332551122944,0.08624962369081748
155,-0.14072304849679587,-0.3105332551124235,0.08624962369081748
156,-0.14072304849709175,-0.3105332551122944,0.08624962369081748
157,-0.14072304852046733,-0.3105332551124235,0.08624962369004048
158,-0.14072304849709175,-0.3105332551122944,0.08624962369081748
159,-0.14072304849679587,-0.3105332551122944,0.08624962369081748
160,-0.14072304849709175,-0.3105332551124235,0.08624962369081748
161,-0.14072304852046733,-0.3105332551122944,0.08624962369081748
162,-0.14072304849649997,-0.3105332551124235,0.08624962369081748
163,-0.14072304849709175,-0.3105332551122944,0.08624962369081748
164,-0.1924503158920653,-0.6651077176643442,-0.4033379171605095
165,-0.192450315915145,-0.6651077176643442,-0.4033379171605095
166,-0.19245031589117761,-0.6651077176642151,-0.4033379171605095
167,-0.1924503159148491,-0.6651077172156629,-0.4033379171612865
168,-0.19245031589176942,-0.6651077176643442,-0.4033379171605095
169,-0.19245031589176942,-0.6651077176642151,-0.4033379171605095
170,-0.19245031591544087,-0.6651077176643442,-0.4033379171605095
171,-0.19245031589117761,-0.6651077176643442,-0.4033379171605095
172,-0.4844123433548151,-0.37645218668837593,0.6645543699315979
173,-0.4844123433770071,-0.37645218623956556,0.6645543699308208
174,-0.4844123433548151,-0.37645218668837593,0.6645543699315979
175,-0.4844123433770071,-0.37645218623956556,0.6645543699315979
176,-0.4844123433548151,-0.37645218668837593,0.6645543699315979
177,-0.4844123433770071,-0.37645218623943644,0.6645543699308208
178,-0.4844123433545192,-0.37645218668837593,0.6645543699315979
179,-0.41660180796644136,-0.4756775253912788,-0.01889669380750623
180,-0.4166018079430658,-0.47567752539114966,-0.01889669380750623
181,-0.41660180794336166,-0.4756775253912788,-0.01889669380750623
182,-0.4166018079661455,-0.47567752539114966,-0.01889669380750623
183,-0.4015328000820403,-0.34939073039292196,0.4448736708727388
184,-0.4015328000814485,-0.34939073039279284,0.44487367087196183
185,-0.4015328000820403,-0.3493907303930511,0.4448736708727388
186,-0.40153280010512,-0.34939073039292196,0.4448736708727388
187,-0.4015328000817444,-0.34939073039279284,0.4448736708727388
188,-0.4015328000820403,-0.34939073039292196,0.44487367087196183
189,-0.4015328000811526,-0.34939073039279284,0.4448736708727388
190,-0.40153280008233616,-0.34939073084160327,0.4448736708727388
191,-0.4015328000817444,-0.3493907303930511,0.44487367087196183
192,-0.4015328000814485,-0.34939073039279284,0.4448736708727388
193,-0.40153280010512,-0.34939073039292196,0.4448736708727388
194,-0.4015328000817444,-0.34939073039292196,0.4448736708727388
195,-0.4015328000820403,-0.34939073039279284,0.44487367087196183
196,-0.4015328000817444,-0.3493907303930511,0.4448736708727388
197,-0.5504841471040057,-0.1696749068276494,-0.12404301130582995
198,-0.5504841471045976,-0.1696749072764598,-0.12404301130582995
199,-0.5504841471040057,-0.16967490682777853,-0.12404301130582995
200,-0.550484147081222,-0.1696749072763307,-0.12404301130582995
201,-0.5504841471045976,-0.16967490682777853,-0.12404301130582995
202,-0.5504841471040057,-0.16967490682790765,-0.12404301130582995
203,-0.5504841471043016,-0.16967490727620158,-0.12404301130582995
204,-0.5504841471045976,-0.16967490682790765,-0.12404301130582995
205,-0.5504841471040057,-0.16967490682777853,-0.12404301130582995
206,-0.550484147081222,-0.1696749072763307,-0.12404301130582995
207,-0.5504841471045976,-0.16967490682777853,-0.12404301130582995
208,-0.5504841471040057,-0.1696749072763307,-0.12404301130582995
209,-0.5504841471040057,-0.16967490682777853,-0.12404301130582995
210,-0.5924068997526746,-0.1557509783912014,0.41395564656087797
211,-0.5924068997754584,-0.1557509783912014,0.413955646560101
212,-0.5924068997529705,-0.1557509783912014,0.41395564656087797
213,-0.5924068997748666,-0.1557509779425201,0.413955646560101
214,-0.5924068997526746,-0.1557509783912014,0.41395564656087797
215,-0.5924068997520828,-0.15575097839107227,0.413955646560101
216,-0.5924068997754584,-0.15575097839145963,0.41395564656087797
217,-0.5924068997523787,-0.15575097839107227,0.413955646560101
218,-0.5924068997760502,-0.1557509783912014,0.41395564656087797
219,-0.5924068997520828,-0.1557509783912014,0.413955646560101
220,-0.5924068997523787,-0.15575097839107227,0.41395564656087797
221,-0.5924068997754584,-0.15575097794264922,0.413955646560101
222,-0.5924068997520828,-0.1557509783912014,0.41395564656087797
223,-0.5924068997763461,-0.1557509783912014,0.413955646560101
224,-0.5924068997520828,-0.1557509783912014,0.41395564656087797
225,-0.27595773450040895,-0.22310393539456516,0.5506458593085434
226,-0.2759577345240804,-0.22310393584324645,0.5506458593077663
227,-0.275957734500113,-0.22310393539443604,0.5506458593085434
228,-0.4041920367629974,-0.46824889020668503,0.16201682306440388
229,-0.40419203676358917,-0.4682488906551081,0.16201682306440388
230,-0.404192036786373,-0.46824889020668503,0.16201682306518086
231,-0.4041920367629974,-0.4682488902065559,0.16201682306440388
232,-0.40419203676358917,-0.4682488902065559,0.16201682306440388
233,-0.4041920367627015,-0.4682488906552372,0.16201682306440388
234,-0.4041920367872607,-0.4682488902064268,0.16201682306440388
235,-0.4041920367629974,-0.4682488902065559,0.16201682306440388
236,-0.4041920367629974,-0.4682488906552372,0.16201682306518086
237,-0.4041920367629974,-0.4682488902065559,0.16201682306440388
238,-0.40419203678696475,-0.4682488902065559,0.16201682306440388
239,-0.4041920367629974,-0.4682488906552372,0.16201682306440388
240,-0.4041920367629974,-0.4682488902065559,0.16201682306440388
241,-0.4041920367629974,-0.46824889020668503,0.16201682306440388
242,-0.40419203678696475,-0.4682488902064268,0.16201682306518086
243,-0.4041920367629974,-0.46824889065536635,0.16201682306440388
244,-0.4041920367629974,-0.4682488902064268,0.16201682306440388
245,-0.2748589526798075,-0.36517657971153455,0.40826022102933673
246,-0.2748589526795116,-0.3651765797116637,0.40826022102933673
247,-0.27485895270259125,-0.365176580160345,0.40826022102933673
248,-0.2748589526792157,-0.3651765797116637,0.40826022102933673
249,-0.2748589526798075,-0.3651765797116637,0.40826022102933673
250,-0.2748589526792157,-0.36517657971153455,0.40826022102933673
251,-0.2748589526792157,-0.3651765797116637,0.40826022102933673
252,-0.2748589526795116,-0.36517658016021587,0.40826022102933673
253,-0.27485895270318306,-0.36517657971153455,0.40826022102933673
254,-0.2748589526789198,-0.3651765797116637,0.40826022102933673
255,-0.2748589526792157,-0.36517657971153455,0.40826022102933673
256,-0.27485895268010335,-0.3651765797116637,0.40826022102933673
257,-0.2748589526792157,-0.36517657971153455,0.40826022102933673
258,-0.27485895270259125,-0.36517658016021587,0.40826022102933673
259,-0.2748589526795116,-0.3651765797116637,0.40826022102933673
260,-0.2748589526795116,-0.36517657971153455,0.40826022102933673
261,-0.2759577345007048,-0.5598687217576861,0.4367373486854888
262,-0.2759577345237845,-0.5598687222063673,0.4367373486847118
263,-0.275957734500113,-0.5598687217576861,0.4367373486854888
264,-0.46934333549260604,-0.4335819272078814,-0.01889669380750623
265,-0.4693433354931978,-0.4335819267593293,-0.01889669380750623
266,-0.4693433354931978,-0.43358192720801053,-0.01889669380750623
267,-0.4693433355162775,-0.43358192720801053,-0.01889669380750623
268,-0.4693433354923101,-0.4335819267593293,-0.01889669380750623
269,-0.4693433354929019,-0.43358192720801053,-0.01889669380750623
270,-0.41660180796673724,-0.34149780573348654,0.40826022102933673
271,-0.4166018079427699,-0.34149780573348654,0.40826022102933673
272,-0.4166018079436576,-0.34149780573361566,0.40826022102933673
273,-0.4166018079661455,-0.34149780573348654,0.40826022102933673
274,-0.41660180796673724,-0.34149780573361566,0.40826022102933673
275,-0.4166018079427699,-0.34149780573348654,0.40826022102933673
276,-0.41660180794336166,-0.34149780573361566,0.40826022102933673
277,-0.41660180796673724,-0.34149780573348654,0.40826022102933673
278,-0.8912755558211685,-0.09681714084501876,-0.01889669380750623
279,-0.8912755558442481,-0.09681714084501876,-0.01889669380750623
280,-0.17596858855256636,0.0886665890985872,0.08789253490170451
281,-0.17596858852948669,0.08866658954701026,0.08789253490170451
282,-0.17596858855256636,0.0886665890985872,0.08789253490170451
283,-0.17596858852978256,0.08866658909845808,0.08789253490170451
284,-0.17596858855256636,0.08866658954713938,0.08789253490170451
285,-0.17596858852948669,0.08866658909845808,0.08789253490170451
286,-0.17596858855256636,0.08866658954713938,0.08789253490170451
287,-0.17596858855286227,0.08866658909845808,0.08789253490170451
288,-0.17596858852978256,0.08866658909845808,0.08789253490170451
289,-0.17596858855256636,0.08866658954713938,0.08789253490170451
290,-0.17596858852948669,0.08866658909871632,0.08789253490170451
291,-0.17596858855256636,0.08866658954701026,0.08789253490170451
292,-0.17596858852948669,0.0886665890985872,0.08789253490170451
293,-0.17596858855315814,0.08866658909845808,0.08789253490170451
294,-0.17596858852919078,0.08866658954713938,0.08789253490170451
295,-0.17596858855286227,0.08866658909845808,0.08789253490170451
296,0.04342151559988983,0.06104135279056324,0.05704231327427112
297,0.04342151562267362,0.06104135279082147,0.057042313275048113
298,0.04342151560018573,0.06104135323937365,0.05704231327427112
299,0.04342151562296952,0.06104135279082147,0.057042313275048113
300,0.04342151559929804,0.06104135279082147,0.05704231327427112
301,0.04342151562326541,0.06104135279069235,0.057042313275048113
302,0.04342151559959394,0.06104135279069235,0.05704231327427112
303,0.04342151562356131,0.06104135279082147,0.057042313275048113
304,0.04342151559988983,0.06104135279069235,0.05704231327427112
305,0.04342151559929804,0.06104135323937365,0.05704231327427112
306,0.04342151562296952,0.06104135279082147,0.057042313275048113
307,0.04342151559988983,0.06104135279069235,0.05704231327427112
308,0.04342151562296952,0.06104135279082147,0.057042313275048113
309,0.04342151560018573,0.06104135279069235,0.05704231327427112
310,0.04342151562267362,0.06104135323937365,0.057042313275048113
311,0.04342151559988983,0.06104135279082147,0.05704231327427112
312,0.04342151562267362,0.06104135279069235,0.057042313275048113
313,0.04342151560018573,0.06104135279069235,0.05704231327427112
314,0.006795454820461194,0.050517453245165815,-0.01889669380750623
315,0.006795454821348875,0.050517453244778465,-0.01889669380750623
316,0.006795454796789721,0.050517453245036696,-0.01889669380750623
317,0.006795454820461194,0.050517453244778465,-0.01889669380750623
318,0.006795454821052981,0.050517453693718,-0.01889669380750623
319,0.0067954548207570875,0.050517453245036696,-0.01889669380750623
320,0.0067954548207570875,0.050517453244778465,-0.01889669380750623
321,0.006795454821052981,0.050517453244907584,-0.01889669380750623
322,0.0067954548201653005,0.050517453245036696,-0.01889669380750623
323,0.006795454797677402,0.050517453245036696,-0.01889669380750623
324,0.0067954548207570875,0.050517453244907584,-0.01889669380750623
325,0.0067954548207570875,0.050517453244778465,-0.01889669380750623
326,0.006795454820461194,0.050517453245165815,-0.01889669380750623
327,0.006795454821052981,0.05051745369358888,-0.01889669380750623
328,0.006795454796789721,0.050517453244778465,-0.01889669380750623
329,0.006795454821348875,0.050517453245036696,-0.01889669380750623
330,0.006795454820461194,0.050517453244907584,-0.01889669380750623
331,0.0067954548207570875,0.050517453245036696,-0.01889669380750623
332,0.0067954548207570875,0.050517453244907584,-0.01889669380750623
333,0.006795454820461194,0.050517453244907584,-0.01889669380750623
334,0.006795454821052981,0.050517453245036696,-0.01889669380750623
335,0.006795454797085615,0.050517453244907584,-0.01889669380750623
336,0.006795454821052981,0.05051745369358888,-0.01889669380750623
337,0.006795454820461194,0.050517453244907584,-0.01889669380750623
338,0.0067954548207570875,0.050517453244907584,-0.01889669380750623
339,0.006795454821052981,0.050517453245036696,-0.01889669380750623
340,0.006795454797381508,0.050517453244907584,-0.01889669380750623
341,0.0067954548201653005,0.050517453244907584,-0.01889669380750623
342,0.006795454821052981,0.050517453244907584,-0.01889669380750623
343,0.006795454821052981,0.050517453245036696,-0.01889669380750623
344,0.0067954548201653005,0.050517453244907584,-0.01889669380750623
345,0.006795454821348875,0.05051745369358888,-0.01889669380750623
346,0.0067954548201653005,0.050517453244907584,-0.01889669380750623
347,0.006795454797677402,0.050517453245036696,-0.01889669380750623
348,0.006795454821052981,0.050517453244907584,-0.01889669380750623
349,0.0067954548201653005,0.050517453244907584,-0.01889669380750623
350,0.002757654952254038,0.020229156969336456,-0.01889669380750623
351,0.0027576549288784585,0.020229156969207338,-0.01889669380750623
352,0.002757654951662251,0.020229156969465572,-0.01889669380750623
353,0.002757654951662251,0.020229156969207338,-0.01889669380750623
354,0.0027576549288784585,0.020229156969336456,-0.01889669380750623
355,0.002757654952254038,0.020229156969207338,-0.01889669380750623
356,0.0027576549288784585,0.020229156969207338,-0.01889669380750623
357,0.002757654951662251,0.020229156969336456,-0.01889669380750623
358,0.002757654952254038,0.020229156969336456,-0.01889669380750623
359,0.002757654928286672,0.020229156969336456,-0.01889669380750623
360,0.002757654952254038,0.020229156969207338,-0.01889669380750623
361,0.002757654951662251,0.020229156969207338,-0.01889669380750623
362,0.002757654928582565,0.020229156969336456,-0.01889669380750623
363,0.0027576549525499313,0.020229156969207338,-0.01889669380750623
364,0.002757654951662251,0.020229156969465572,-0.01889669380750623
365,0.0027576549288784585,0.020229156969207338,-0.01889669380750623
366,0.002757654952254038,0.020229156969336456,-0.01889669380750623
367,0.002757654928286672,0.020229156969207338,-0.01889669380750623
368,0.002757654951662251,0.020229156969207338,-0.01889669380750623
369,0.0027576549519581447,0.020229156969336456,-0.01889669380750623
370,0.0027576549288784585,0.020229156969465572,-0.01889669380750623
371,0.0027576549525499313,0.020229156969207338,-0.01889669380750623
372,0.002757654951662251,0.020229156969207338,-0.01889669380750623
373,0.002757654928582565,0.020229156969336456,-0.01889669380750623
374,0.0027576549519581447,0.020229156969207338,-0.01889669380750623
375,0.0027576549288784585,0.020229156969207338,-0.01889669380750623
376,0.002757654951662251,0.020229156969465572,-0.01889669380750623
377,0.0027576549519581447,0.020229156969207338,-0.01889669380750623
378,0.0027576549288784585,0.020229156969336456,-0.01889669380750623
379,0.002757654951662251,0.020229156969207338,-0.01889669380750623
380,0.002757654952254038,0.020229156969207338,-0.01889669380750623
381,0.002757654928286672,0.020229156969336456,-0.01889669380750623
382,0.0027576549525499313,0.020229156969465572,-0.01889669380750623
383,0.0027576549519581447,0.020229156969207338,-0.01889669380750623
384,0.002757654928286672,0.020229156969207338,-0.01889669380750623
385,0.002757654952254038,0.020229156969336456,-0.01889669380750623
386,0.002757654928286672,0.020229156969207338,-0.01889669380750623
387,0.002757654952254038,0.020229156969207338,-0.01889669380750623
388,0.002757654951662251,0.020229156969336456,-0.01889669380750623
389,0.0027576549288784585,0.020229156969465572,-0.01889669380750623
390,0.002757654952254038,0.020229156969207338,-0.01889669380750623
391,0.010125096707536505,0.052430889362814266,-0.01889669380750623
392,0.010125096707832399,0.05243088981162467,-0.01889669380750623
393,0.010125096707536505,0.052430889362814266,-0.01889669380750623
394,0.010125096707240612,0.05243088981136644,-0.01889669380750623
395,0.010125096707832399,0.052430889362814266,-0.01889669380750623
396,0.010125096707536505,0.05243088981149556,-0.01889669380750623
397,0.010125096707832399,0.05243088936294338,-0.01889669380750623
398,0.010125096707832399,0.05243088981149556,-0.01889669380750623
399,0.010125096707240612,0.05243088936294338,-0.01889669380750623
400,0.010125096707536505,0.05243088981149556,-0.01889669380750623
401,0.010125096707832399,0.052430889362814266,-0.01889669380750623
402,0.010125096707536505,0.05243088981149556,-0.01889669380750623
403,0.010125096707832399,0.05243088936294338,-0.01889669380750623
404,0.010125096707240612,0.05243088981136644,-0.01889669380750623
405,0.010125096707536505,0.052430889362814266,-0.01889669380750623
406,0.010125096707240612,0.05243088981149556,-0.01889669380750623
407,0.010125096684752713,0.05243088936294338,-0.01889669380750623
408,0.010125096707536505,0.05243088981149556,-0.01889669380750623
409,0.010125096707536505,0.052430889362814266,-0.01889669380750623
410,0.010125096707832399,0.05243088981162467,-0.01889669380750623
411,0.010125096707536505,0.052430889362814266,-0.01889669380750623
412,0.010125096707832399,0.05243088981149556,-0.01889669380750623
413,0.010125096707240612,0.05243088936294338,-0.01889669380750623
414,0.010125096707536505,0.05243088981136644,-0.01889669380750623
415,0.010125096707832399,0.052430889362814266,-0.01889669380750623
416,0.010125096707240612,0.05243088981162467,-0.01889669380750623
417,0.010125096708128292,0.052430889362814266,-0.01889669380750623
418,0.010125096707240612,0.05243088981149556,-0.01889669380750623
419,0.010125096707832399,0.052430889362814266,-0.01889669380750623
420,0.010125096707536505,0.05243088981162467,-0.01889669380750623
421,0.010125096707240612,0.052430889362814266,-0.01889669380750623
422,0.010125096707832399,0.05243088981162467,-0.01889669380750623
423,0.010125096707536505,0.052430889362814266,-0.01889669380750623
424,0.010604565130834104,-0.03998808293875848,0.15196607212707552
425,0.01060456515391379,-0.03998808293862937,0.15196607212707552
426,0.010604565130834104,-0.03998808338743978,0.15196607212785254
427,0.01060456515391379,-0.03998808293875848,0.15196607212707552
428,0.01060456512965053,-0.03998808293862937,0.15196607212707552
429,0.010604565130834104,-0.03998808293862937,0.15196607212707552
430,0.01060456515391379,-0.03998808293875848,0.15196607212707552
431,0.010604565130834104,-0.03998808338731066,0.15196607212785254
432,0.010604565153617896,-0.03998808293875848,0.15196607212707552
433,0.01060456513053821,-0.03998808293862937,0.15196607212707552
434,0.010604565130834104,-0.03998808293875848,0.15196607212707552
435,0.010604565153617896,-0.03998808293862937,0.15196607212707552
436,0.01060456513053821,-0.03998808338743978,0.15196607212785254
437,0.010604565154209683,-0.03998808293875848,0.15196607212707552
438,0.01060456513053821,-0.03998808293850025,0.15196607212707552
439,0.010604565130242317,-0.03998808293875848,0.15196607212707552
440,0.01060456515391379,-0.03998808293875848,0.15196607212707552
441,0.010604565130834104,-0.03998808338731066,0.15196607212785254
442,0.010604565153617896,-0.03998808293875848,0.15196607212707552
443,0.01060456513053821,-0.03998808293875848,0.15196607212707552
444,0.005330412384904826,-0.0715597815761128,-0.3606222256766698
445,0.005330412384904826,-0.0715597820247941,-0.3606222256774468
446,0.005330412384904826,-0.07155978157598368,-0.3606222256766698
447,0.005330412384904826,-0.0715597820247941,-0.3606222256774468
448,0.005330412384904826,-0.07155978157598368,-0.3606222256766698
449,-0.5220848630424422,-0.1283888394823731,0.8354171358661796
450,-0.5220848630430339,-0.1283888390338209,0.8354171358661796
451,-0.7066802094431972,0.04525550347207975,-0.44605360864434923
452,-0.7066802094201176,0.04525550347195064,-0.44605360864434923
453,-0.706680209443789,0.04525550347207975,-0.44605360864434923
454,-0.7066802094431972,0.04525550347207975,-0.44605360864434923
455,-0.5880117724681975,-0.20731808607595256,0.8354171358661796
456,-0.5880117724681975,-0.20731808607595256,0.8354171358661796
457,-0.5880117724681975,-0.20731808652450473,0.8354171358661796
458,-0.5880117724679016,-0.20731808607582344,0.8354171358661796
459,-0.9344277147257413,0.14427583109821088,0.2917628806190061
460,-0.9344277147482292,0.14427583154689216,0.2917628806197831
461,-0.9344277147257413,0.14427583109821088,0.2917628806190061
462,-0.9344277147251494,0.14427583154689216,0.2917628806190061
463,-0.934427714748525,0.14427583109808176,0.2917628806197831
464,-0.9344277147254454,0.14427583154702128,0.2917628806190061
465,-0.9344277147479333,0.14427583109821088,0.2917628806197831
466,-0.9344277147260371,0.14427583154689216,0.2917628806190061
467,-0.9344277147251494,0.14427583109821088,0.2917628806190061
468,-0.9344277147488209,0.14427583154689216,0.2917628806197831
469,-0.9344277147251494,0.14427583109808176,0.2917628806190061
470,-0.9088560650037567,0.3872822396081576,-1.6705700978433509
471,-0.9088560650277241,0.3872822396080285,-1.6705700978433509
472,-0.9088560650274282,0.38728223960789937,-1.6705700978433509
473,-0.9088560650037567,0.38728223960789937,-1.6705700978433509
474,-0.9088560650046444,0.3872822396080285,-1.6705700978433509
475,-0.9088560650277241,0.38728223960789937,-1.6705700978433509
476,-0.7119543621885347,-0.2609899738491782,-0.01889669380750623
477,-0.7119543621897183,-0.26098997429798865,-0.01889669380750623
478,-0.7119543622119102,-0.2609899738491782,-0.01889669380750623
479,-0.7119543621894223,-0.2609899742977304,-0.01889669380750623
480,-0.7119543621888306,-0.26098997384943645,-0.01889669380750623
481,-0.7989778826441665,0.01368380483472544,-0.44605360864434923
482,-0.7989778826438706,0.013683804834596323,-0.44605360864434923
483,-0.798977882620791,0.013683804386044147,-0.44605360864434923
484,-0.7989778826432788,0.01368380483472544,-0.44605360864434923
485,-0.8912755558442481,0.12418475051408229,-0.01889669380750623
486,-0.8912755558205766,0.1241847500655301,-0.01889669380750623
487,-0.8008615086301605,0.20987936129392154,-1.6787064200306008
488,-0.8008615086058972,0.2098793608448529,-1.6787064200306008
489,-0.8008615086295687,0.20987936129392154,-1.6787064200306008
490,-0.800861508606489,0.20987936129379242,-1.6787064200313777
491,-0.8008615086292729,0.2098793612936633,-1.6787064200306008
492,-0.8008615086056013,0.20987936084524023,-1.6787064200306008
493,-0.8008615086295687,0.20987936129353418,-1.6787064200306008
494,-0.706680209443789,-0.06524544175885404,0.8354171358661796
495,-0.7066802094431972,-0.0652454422074062,0.8354171358661796
496,-0.7594217369699536,-0.03367374357005189,-3.265289246566891
497,-0.7594217369936251,-0.03367374312149971,-3.2652892465676677
498,-0.7594217369696578,-0.19153223675733996,-0.44605360864434923
499,-0.7594217369933293,-0.19153223675708173,-0.44605360864434923
500,-0.7594217369693619,-0.19153223720602125,-0.44605360864434923
501,-0.7594217369702495,-0.19153223675708173,-0.44605360864434923
502,-0.8596306393236967,-0.05893110239027656,-1.3174537149118817
503,-0.859630639300617,-0.05893110239040567,-1.3174537149111047
504,-0.8596306393234008,-0.05893110194159527,-1.3174537149118817
505,-0.8596306393003211,-0.05893110239027656,-1.3174537149111047
506,-0.8596306393242885,-0.05893110239053479,-1.3174537149118817
507,-0.7154704640352311,-0.07050739153168187,-0.9871190341042466
508,-0.7154704640109678,-0.07050739198049227,-0.9871190341042466
509,-0.7154704640355269,-0.07050739198036315,-0.9871190341042466
510,-0.7154704640352311,-0.07050739153194009,-0.9871190341042466
511,-0.7154704640115596,-0.07050739153181097,-0.9871190341042466
512,-0.7154704640349352,-0.07050739198023404,-0.9871190341050237
513,-0.7154704640352311,-0.07050739198049227,-0.9871190341042466
514,-0.7154704640115596,-0.07050739153194009,-0.9871190341042466
515,-0.7154704640355269,-0.07050739153168187,-0.9871190341042466
516,-0.7154704640349352,-0.07050739198049227,-0.9871190341042466
517,-0.7154704640118555,-0.07050739198062139,-0.9871190341042466
518,-0.7154704640343434,-0.07050739153168187,-0.9871190341042466
519,-0.8209535191118237,0.02946965415333804,-1.3857988212857144
520,-0.8209535191112319,0.02946965415333804,-1.3857988212849375
521,-0.8209535191106401,0.02946965415333804,-1.3857988212857144
522,-0.8209535191118237,0.02946965415333804,-1.3857988212857144
523,-0.8209535191109361,0.02946965415333804,-1.3857988212849375
524,-0.8209535191112319,0.02946965415333804,-1.3857988212857144
525,-0.680309445668871,-0.22310393584311733,-1.5566615872202962
526,-0.6803094456679832,-0.22310393539469428,-1.5566615872202962
527,-0.5484556268182479,-0.22310393539456516,-0.44605360864434923
528,-0.5484556267936888,-0.22310393584337557,-0.44605360864434923
529,-0.5484556268182479,-0.22310393584311733,-0.44605360864434923
530,-0.5484556268176561,-0.22310393539469428,-0.44605360864434923
531,-0.5326331685567887,-0.03367374312149971,-0.7023477575466104
532,-0.5326331685340048,-0.03367374357005189,-0.7023477575466104
533,-0.5326331685570845,-0.03367374312149971,-0.7023477575458333
534,-0.5326331685340048,-0.033673743570181006,-0.7023477575466104
535,-0.5326331685573804,-0.03367374312149971,-0.7023477575466104
536,-0.5296193669846427,-0.32232927454627835,-1.4346167544092148
537,-0.529619366961859,-0.32232927409733886,-1.4346167544099917
538,-0.5296193669852345,-0.32232927454614924,-1.4346167544092148
539,-0.529619366961859,-0.32232927454614924,-1.4346167544099917
540,-0.5296193669849386,-0.3223292745464075,-1.4346167544092148
541,-0.529619366961563,-0.32232927409733886,-1.4346167544099917
542,-0.5296193669852345,-0.32232927454614924,-1.4346167544092148
543,-0.6934948275439025,-0.22310393539469428,-1.2149360553511328
544,-0.6934948275441983,-0.22310393584324645,-1.2149360553503556
545,-0.6934948275681657,-0.22310393539456516,-1.2149360553503556
546,-0.6934948275441983,-0.22310393539456516,-1.2149360553511328
547,-0.5001092265750808,-0.06524544220766444,-0.84473339582504
548,-0.5001092265520012,-0.06524544175885404,-0.844733395825817
549,-0.5001092265522971,-0.06524544220753532,-0.84473339582504
550,-0.500109226574785,-0.06524544175885404,-0.844733395825817
551,-0.5001092265756727,-0.06524544220753532,-0.84473339582504
552,-0.5001092265511136,-0.06524544220753532,-0.844733395825817
553,-0.5001092265522971,-0.06524544175885404,-0.84473339582504
554,-0.5001092265753768,-0.06524544220753532,-0.84473339582504
555,-0.5001092265753768,-0.06524544175898316,-0.844733395825817
556,-0.5001092265517053,-0.06524544220766444,-0.84473339582504
557,-0.5001092265522971,-0.06524544175885404,-0.844733395825817
558,-0.5001092265753768,-0.0652454422074062,-0.84473339582504
559,0.05807193993533276,0.09261305187672797,1.6897309655398656
560,-0.6934948275444942,-0.1599605381197274,-1.6420929701871987
561,-0.6934948275675739,-0.1599605381197274,-1.6420929701879756
562,-0.6934948275444942,-0.1599605385685378,-1.6420929701879756
563,-0.6934948275441983,-0.1599605381197274,-1.6420929701871987
564,-0.7506314824015913,-0.25818360084643105,-0.9301647787927194
565,-0.7506314823785115,-0.25818360084643105,-0.9301647787927194
566,-0.7506314824015913,-0.25818360084630193,-0.9301647787927194
567,-0.7506314823779198,-0.25818360084643105,-0.9301647787927194
568,-0.7506314824015913,-0.25818360039774974,-0.9301647787934963
569,-0.7506314823782156,-0.25818360084630193,-0.9301647787927194
570,-0.750631482402183,-0.25818360084643105,-0.9301647787927194
571,-0.7506314823782156,-0.25818360084630193,-0.9301647787927194
572,-0.7506314824009994,-0.25818360084643105,-0.9301647787927194
573,-0.7752441952305252,-0.13470317929963185,-0.8390379702942757
574,-0.775244195253605,-0.13470317885095057,-0.8390379702942757
575,-0.7752441952533091,-0.13470317929950273,-0.8390379702942757
576,-0.7752441952299335,-0.13470317929963185,-0.8390379702942757
577,-0.7752441952302294,-0.13470317929950273,-0.8390379702934988
578,-0.775244195253605,-0.13470317885095057,-0.8390379702942757
579,-0.775244195253605,-0.13470317929963185,-0.8390379702942757
580,-0.7752441952296376,-0.13470317929963185,-0.8390379702942757
581,-0.7752441952305252,-0.13470317885095057,-0.8390379702942757
582,-0.775244195253605,-0.13470317929950273,-0.8390379702942757
583,-0.9440170833937884,-0.03367374357005189,-1.7275243531548778
584,-0.792385191694815,-0.19153223675721084,-0.44605360864434923
585,-0.7923851916939273,-0.19153223720602125,-0.44605360864434923
586,-0.7923851916942233,-0.19153223675708173,-0.44605360864434923
587,-0.7923851916942233,-0.19153223675721084,-0.44605360864434923
588,-0.7923851916711435,-0.19153223675721084,-0.44605360864434923
589,-0.792385191694815,-0.19153223675721084,-0.44605360864434923
590,-0.7923851916939273,-0.191532237205763,-0.44605360864434923
591,-0.7923851916942233,-0.19153223675733996,-0.44605360864434923
592,-0.7541475842237285,-0.248361294663342,-1.4883164808464635
593,-0.7541475842243203,-0.2483612942147898,-1.4883164808456866
594,-0.7541475842240244,-0.24836129466347112,-1.4883164808464635
595,-0.7541475842246161,-0.24836129466347112,-1.4883164808464635
596,-0.7541475842243203,-0.2483612942147898,-1.4883164808456866
597,-0.7541475842479918,-0.24836129466347112,-1.4883164808464635
598,-0.7541475842240244,-0.248361294663342,-1.4883164808464635
599,-0.7541475842240244,-0.24836129466360024,-1.4883164808464635
600,-0.7541475842246161,-0.2483612942147898,-1.4883164808456866
601,-0.7541475842240244,-0.248361294663342,-1.4883164808464635
602,-0.5748263905925742,-0.09681714084514788,-0.01889669380750623
603,-0.6978899548514592,-0.012625944029801049,-0.5884392469235559
604,-0.6978899548286754,-0.012625944478482344,-0.5884392469227788
605,-0.6978899548517551,-0.012625944029930166,-0.5884392469235559
606,-0.6035944965049888,-0.1082977584495632,-1.075139246858425
607,-0.603594496528956,-0.10829775844982144,-1.0751392468592023
608,-0.6035944965052846,-0.10829775844969232,-1.075139246858425
609,-0.6035944965052846,-0.10829775844982144,-1.075139246858425
610,-0.6035944965283643,-0.10829775844969232,-1.075139246858425
611,-0.6035944965055805,-0.1082977580008819,-1.0751392468592023
612,-0.6035944965286602,-0.10829775844982144,-1.075139246858425
613,-0.6035944965052846,-0.10829775844982144,-1.075139246858425
614,-0.6035944965052846,-0.10829775844969232,-1.075139246858425
615,-0.6035944965286602,-0.10829775844969232,-1.0751392468592023
616,-0.6035944965058764,-0.10829775844982144,-1.075139246858425
617,-1.0099439927958722,0.5135690346063853,-0.9586419064488715
618,-1.0099439928192477,0.5135690341575748,-0.9586419064480945
619,-1.00994399279676,0.5135690346062561,-0.9586419064488715
620,-1.0099439928192477,0.5135690346063853,-0.9586419064480945
621,-1.0099439927961682,0.5135690341574457,-0.9586419064488715
622,-1.0099439927961682,0.5135690346062561,-0.9586419064488715
623,-1.0099439928198397,0.5135690346063853,-0.9586419064480945
624,-1.0099439927958722,0.5135690341575748,-0.9586419064488715
625,-1.0099439928198397,0.5135690346063853,-0.9586419064480945
626,-1.009943992796464,0.513569034606127,-0.9586419064488715
627,-1.0099439928192477,0.5135690341577039,-0.9586419064480945
628,-1.0099439927958722,0.5135690346062561,-0.9586419064488715
629,-0.5844157592378376,0.8445935121668466,-1.075139246858425
630,-0.5844157592147579,0.8445935117182944,-1.0751392468592023
631,-0.5844157592378376,0.8445935121668466,-1.075139246858425
632,-0.584415759214462,0.8445935117184236,-1.075139246858425
633,-0.5844157592378376,0.8445935121668466,-1.075139246858425
634,-0.5844157592141661,0.8445935117182944,-1.0751392468592023
635,-0.5844157592378376,0.8445935121668466,-1.075139246858425
636,-0.5844157592147579,0.8445935117182944,-1.075139246858425
637,-0.5844157592378376,0.8445935121668466,-1.075139246858425
638,-0.584415759214462,0.8445935117182944,-1.0751392468592023
639,-0.5844157592381335,0.8445935121668466,-1.075139246858425
640,-0.272761278284828,0.6379423930381541,-1.19940307662903
641,-0.2727612783087954,0.6379423930378959,-1.1994030766298072
642,-0.27276127828512386,0.6379423930381541,-1.19940307662903
643,-0.2727612782854198,0.6379423930378959,-1.19940307662903
644,-0.27276127828571567,0.637942393038025,-1.1994030766298072
645,-0.27276127830820357,0.6379423934867062,-1.19940307662903
646,-0.27276127828571567,0.6379423930378959,-1.1994030766298072
647,-0.272761278284828,0.637942393038025,-1.19940307662903
648,-0.27276127828571567,0.637942393038025,-1.19940307662903
649,-0.27276127830820357,0.637942393038025,-1.1994030766298072
650,-0.2727612782854198,0.637942393038025,-1.19940307662903
651,-0.24079671615742435,0.7029992268791925,0.4367373486854888
652,-0.24079671613404877,0.7029992264307694,0.4367373486847118
653,-0.24079671615742435,0.7029992268794507,0.4367373486854888
654,-0.5220848630424422,0.4714734359744358,-0.7023477575466104
655,-0.5220848630424422,0.47147343642298795,-0.7023477575466104
656,-0.047411115164931315,0.6924753268849847,-0.8732105234811921
657,-0.047411115141555736,0.6924753273336659,-0.8732105234811921
658,-0.13531366105775205,0.7135231264252355,-1.3857988212857144
659,-0.13531366105775205,0.7135231264249773,-1.3857988212849375
660,-0.13531366105745615,0.7135231264252355,-1.3857988212857144
661,-0.13531366108142354,0.7135231259765542,-1.3857988212857144
662,-0.13531366105834383,0.7135231264252355,-1.3857988212849375
663,-0.13531366105745615,0.7135231264252355,-1.3857988212857144
664,-0.311118752867065,0.4083300391481502,-0.01889669380750623
665,-0.05552519631180922,0.1363277112870404,-0.9126403925432578
666,-0.055525196311513335,0.1363277112870404,-0.9126403925424807
667,-0.05552519633607249,0.1363277112870404,-0.9126403925432578
668,-0.055525196311513335,0.1363277112869113,-0.9126403925432578
669,-0.055525196312401014,0.13632771128716953,-0.9126403925424807
670,-0.05552519631180922,0.1363277112870404,-0.9126403925432578
671,-0.0555251963354807,0.13632771173572172,-0.9126403925432578
672,-0.055525196311513335,0.1363277112869113,-0.9126403925432578
673,-0.055525196312401014,0.13632771128716953,-0.9126403925424807
674,-0.05552519631180922,0.1363277112869113,-0.9126403925432578
675,-0.0555251963354807,0.13632771128716953,-0.9126403925432578
676,-0.05552519631180922,0.1363277112869113,-0.9126403925424807
677,-0.05552519631210512,0.1363277112870404,-0.9126403925432578
678,-0.047411115164931315,-0.34939073039292196,-1.7275243531548778
679,-0.25837722531693297,-0.3599146299387067,-1.1010275447273012
680,-0.2583772253406044,-0.3599146299387067,-1.1010275447280782
681,-0.2583772253175248,-0.3599146303872589,-1.1010275447273012
682,-0.2583772253400126,-0.35991462993883583,-1.1010275447273012
683,-0.2583772253175248,-0.3599146299385776,-1.1010275447273012
684,-0.2583772253406044,-0.35991462993883583,-1.1010275447273012
685,-0.25837722531693297,-0.3599146299385776,-1.1010275447280782
686,-0.2583772253175248,-0.3599146299387067,-1.1010275447273012
687,-0.2583772253400126,-0.3599146299387067,-1.1010275447273012
688,-0.25837722531782065,-0.359914630387388,-1.1010275447280782
689,-0.25837722534030855,-0.3599146299387067,-1.1010275447273012
690,-0.25837722531722884,-0.3599146299387067,-1.1010275447273012
691,-0.5880117724681975,-0.4046412030084534,-0.6382742203212394
692,-0.5880117724681975,-0.4046412034568765,-0.6382742203204623
693,-0.5880117724681975,-0.4046412030084534,-0.6382742203212394
694,-0.5880117724681975,-0.4046412034570056,-0.6382742203204623
695,-0.5880117724681975,-0.4046412030084534,-0.6382742203212394
696,-0.5880117724681975,-0.4046412034570056,-0.6382742203212394
697,-0.5880117724679016,-0.40464120300819517,-0.6382742203204623
698,-0.5880117724681975,-0.4046412030084534,-0.6382742203212394
699,-0.5880117724681975,-0.4046412034571347,-0.6382742203212394
700,-0.5880117724684935,-0.4046412030083243,-0.6382742203204623
701,-0.5880117724679016,-0.4046412034570056,-0.6382742203212394
702,-0.5880117724681975,-0.4046412030083243,-0.6382742203212394
703,-0.5880117724681975,-0.4046412034571347,-0.6382742203204623
704,-0.5880117724681975,-0.4046412030083243,-0.6382742203212394
705,-0.5880117724679016,-0.4046412034570056,-0.6382742203204623
706,-0.5880117724684935,-0.4046412030083243,-0.6382742203212394
707,-0.6492850176951764,-0.28253301552578736,-0.7023477575466104
708,-0.6492850176951764,-0.28253301552578736,-0.7023477575466104
709,-0.6492850177191438,-0.28253301552578736,-0.7023477575458333
710,-0.6492850176954723,-0.28253301552565824,-0.7023477575466104
711,-0.6492850176951764,-0.2825330155259165,-0.7023477575466104
712,-0.6492850176951764,-0.28253301552578736,-0.7023477575466104
713,-0.6492850176957683,-0.28253301552565824,-0.7023477575466104
714,-0.6492850176951764,-0.28253301552578736,-0.7023477575466104
715,-0.6492850177191438,-0.28253301552578736,-0.7023477575458333
716,-0.6492850176954723,-0.28253301552565824,-0.7023477575466104
717,-0.6492850176951764,-0.28253301552578736,-0.7023477575466104
718,-0.6492850176951764,-0.28253301552578736,-0.7023477575466104
719,-0.6492850176957683,-0.28253301552578736,-0.7023477575466104
720,-0.6492850176951764,-0.28253301552565824,-0.7023477575466104
721,-0.649285017718848,-0.28253301552578736,-0.7023477575458333
722,-0.6492850176948806,-0.28253301552578736,-0.7023477575466104
723,-0.6492850176954723,-0.28253301552578736,-0.7023477575466104
724,-0.2122283887167442,-0.41648059044590047,-0.3179065341936071
725,-0.21222838874100747,-0.4164805899974774,-0.3179065341928301
726,-0.21222838871704008,-0.4164805899974774,-0.3179065341936071
727,-0.2122283887401198,-0.4164805904460296,-0.3179065341928301
728,-0.21222838871704008,-0.4164805904460296,-0.3179065341936071
729,-0.21222838874041566,-0.4164805899974774,-0.3179065341928301
730,-0.2122283887167442,-0.41648058999734827,-0.3179065341936071
731,-0.21222838871704008,-0.4164805904461587,-0.3179065341928301
732,-0.21222838874071157,-0.4164805904460296,-0.3179065341936071
733,-0.2122283887164483,-0.41648058999721915,-0.3179065341936071
734,-0.21222838874071157,-0.4164805899974774,-0.3179065341928301
735,-0.21222838871704008,-0.4164805904460296,-0.3179065341936071
736,-0.2122283887401198,-0.4164805904461587,-0.3179065341928301
737,-0.21222838871704008,-0.41648058999734827,-0.3179065341936071
738,-0.21222838874041566,-0.41648058999734827,-0.3179065341928301
739,-0.21222838871704008,-0.4164805904461587,-0.3179065341936071
740,-0.4271501134574122,-0.0841884612103721,-0.6795660554219994
741,-0.4271501134810837,-0.08418846121063034,-0.6795660554219994
742,-0.42715011345770815,-0.08418846121050122,-0.6795660554212225
743,-0.4271501134582999,-0.08418846121050122,-0.6795660554219994
744,-0.42715011345770815,-0.08418846121063034,-0.6795660554219994
745,-0.4271501134810837,-0.08418846121050122,-0.6795660554219994
746,-0.42715011345770815,-0.08418846121050122,-0.6795660554219994
747,-0.42715011345770815,-0.08418846165931164,-0.6795660554212225
748,-0.42715011345770815,-0.08418846121050122,-0.6795660554219994
749,-0.4271501134810837,-0.08418846121050122,-0.6795660554219994
750,-0.42715011345770815,-0.0841884612103721,-0.6795660554219994
751,-0.42715011345770815,-0.08418846121075946,-0.6795660554219994
752,-0.42715011345770815,-0.0841884612103721,-0.6795660554212225
753,-0.4271501134813796,-0.08418846121050122,-0.6795660554219994
754,-0.42715011345770815,-0.08418846121063034,-0.6795660554219994
755,-0.5187885175560787,-0.2704614837994716,-0.7450634490304501
756,-0.5187885175797501,-0.27046148335066117,-0.745063449029673
757,-0.5187885175794542,-0.2704614837993425,-0.7450634490304501
758,-0.5187885175560787,-0.2704614837994716,-0.745063449029673
759,-0.5187885175563746,-0.27046148335066117,-0.7450634490304501
760,-0.5187885175794542,-0.2704614837993425,-0.745063449029673
761,-0.5187885175794542,-0.2704614837993425,-0.7450634490304501
762,-0.5187885175563746,-0.2704614837993425,-0.7450634490304501
763,-0.5187885175566704,-0.2704614833507903,-0.745063449029673
764,-0.5187885175788625,-0.2704614837993425,-0.7450634490304501
765,-0.5187885175794542,-0.2704614837993425,-0.745063449029673
766,-0.5187885175563746,-0.2704614833507903,-0.7450634490304501
767,-0.5187885175560787,-0.2704614837993425,-0.745063449029673
768,-0.5187885175794542,-0.2704614837993425,-0.7450634490304501
769,-0.5187885175797501,-0.2704614833507903,-0.745063449029673
770,-0.5187885175560787,-0.27046148379921336,-0.7450634490304501
771,-0.7231619367824003,-0.21915747306497657,0.08789253490170451
772,-0.7231619368057758,-0.21915747351365786,0.08789253490170451
773,-0.7231619368054799,-0.21915747306497657,0.08789253490170451
774,-0.7231619367824003,-0.21915747306484745,0.08789253490170451
775,-0.7231619367824003,-0.21915747351352874,0.08789253490170451
776,-0.7231619368057758,-0.2191574730651057,0.08789253490170451
777,-0.7231619368060718,-0.21915747351352874,0.08789253490170451
778,-0.7231619367824003,-0.21915747306484745,0.08789253490170451
779,-0.7231619367815125,-0.21915747306497657,0.08789253490170451
780,-0.7231619368057758,-0.21915747351365786,0.08789253490170451
781,-0.7231619368057758,-0.21915747306484745,0.08789253490170451
782,-0.7231619367826961,-0.21915747351352874,0.08789253490170451
783,-0.7231619367824003,-0.21915747306484745,0.08789253490170451
784,-0.723161936805184,-0.2191574730651057,0.08789253490170451
785,-0.7231619368060718,-0.21915747351352874,0.08789253490170451
786,-0.7231619367818085,-0.21915747306484745,0.08789253490170451
787,-0.8635168571308959,-0.08684713058368132,0.16095884928140453
788,-0.8635168571300081,-0.08684713058368132,0.16095884928218152
789,-0.8635168571297123,-0.0868471305835522,0.16095884928140453
790,-0.8635168571308959,-0.08684713058368132,0.16095884928140453
791,-0.8635168571300081,-0.08684713058368132,0.16095884928218152
792,-0.8635168571297123,-0.08684713058368132,0.16095884928140453
793,-0.863516857130304,-0.0868471305835522,0.16095884928218152
794,-0.8635168571306,-0.08684713058368132,0.16095884928140453
795,-0.8635168571300081,-0.08684713058368132,0.16095884928140453
796,-0.8635168571300081,-0.0868471310323626,0.16095884928218152
797,-0.8635168571297123,-0.0868471305835522,0.16095884928140453
798,-0.863516857130304,-0.0868471305835522,0.16095884928140453
799,-0.8635168571306,-0.08684713058381044,0.16095884928218152
800,-0.8635168571300081,-0.0868471305835522,0.16095884928140453
801,-0.8635168571300081,-0.08684713058368132,0.16095884928218152
802,-0.8635168571306,-0.0868471305835522,0.16095884928140453
803,-0.8635168571300081,-0.08684713058381044,0.16095884928140453
804,-0.8635168571300081,-0.0868471305835522,0.16095884928218152
805,-0.863516857130304,-0.08684713058368132,0.16095884928140453
806,-0.6392882575821814,-0.20907206948307921,0.4367373486847118
807,-0.6392882575818855,-0.20907206948307921,0.4367373486854888
808,-0.6392882575591017,-0.20907206948307921,0.4367373486854888
809,-0.6392882575818855,-0.2090720694829501,0.4367373486847118
810,-0.6392882575821814,-0.20907206948307921,0.4367373486847118
811,-0.6392882575818855,-0.20907206948320833,0.4367373486854888
812,-0.6392882575591017,-0.20907206948307921,0.4367373486854888
813,-0.6392882575821814,-0.2090720694829501,0.4367373486847118
814,-0.6392882575818855,-0.20907206948320833,0.4367373486847118
815,-0.6392882575821814,-0.20907206948307921,0.4367373486854888
816,-0.6392882575818855,-0.20907206948307921,0.4367373486854888
817,-0.6392882575591017,-0.20907206948307921,0.4367373486847118
818,-0.6392882575818855,-0.20907206948307921,0.4367373486847118
819,-0.6392882575821814,-0.20907206948307921,0.4367373486854888
820,-0.6392882575818855,-0.20907206948307921,0.4367373486854888
821,-0.6392882575588058,-0.20907206948307921,0.4367373486847118
822,-0.6392882575824773,-0.20907206948307921,0.4367373486847118
823,-0.6392882575818855,-0.20907206948307921,0.4367373486854888
824,-1.0165366837461114,0.00579088017541914,0.19468176361091521
825,-1.0165366837458156,0.005790880175160907,0.19468176361091521
826,-1.0165366837685994,0.00579088017541914,0.19468176361091521
827,-1.0165366837458156,0.005790880175160907,0.19468176361091521
828,-1.0165366837464074,0.005790879726608729,0.19468176361091521
829,-1.0165366837458156,0.005790880175160907,0.19468176361091521
830,-1.0165366837452237,0.005790880175290024,0.19468176361091521
831,-1.0165366837691912,0.005790880175290024,0.19468176361091521
832,-1.0165366837461114,0.005790880175290024,0.19468176361091521
833,-1.0165366837455196,0.005790880175290024,0.19468176361091521
834,-1.0165366837455196,0.005790880175290024,0.19468176361091521
835,-1.0165366837458156,0.005790879726608729,0.19468176361091521
836,-1.0165366837458156,0.005790880175290024,0.19468176361091521
837,-1.0165366837691912,0.005790880175290024,0.19468176361091521
838,-1.0165366837458156,0.005790880175290024,0.19468176361091521
839,-1.0165366837458156,0.005790880175290024,0.19468176361091521
840,-0.6618499110239427,-0.2609899738491782,-0.2751908427097674
841,-0.661849911023351,-0.26098997429785953,-0.2751908427097674
842,-0.6618499110239427,-0.26098997384930733,-0.2751908427089904
843,-0.6618499110239427,-0.26098997429785953,-0.2751908427097674
844,-0.6618499110236469,-0.26098997384930733,-0.2751908427097674
845,-0.6618499110470224,-0.26098997429785953,-0.2751908427097674
846,-0.6618499110245345,-0.2609899738490491,-0.2751908427097674
847,-0.6618499110230551,-0.26098997429798865,-0.2751908427089904
848,-0.6618499110242386,-0.2609899738491782,-0.2751908427097674
849,-0.6618499110239427,-0.2609899738491782,-0.2751908427097674
850,-0.6618499110236469,-0.26098997429798865,-0.2751908427097674
851,-0.6618499110242386,-0.2609899738491782,-0.2751908427097674
852,-0.661849911023351,-0.26098997429785953,-0.2751908427089904
853,-0.6618499110242386,-0.26098997384930733,-0.2751908427097674
854,-0.6618499110470224,-0.26098997429785953,-0.2751908427097674
855,-0.6618499110239427,-0.2609899738491782,-0.2751908427097674
856,-0.6618499110236469,-0.26098997429798865,-0.2751908427097674
857,-0.6618499110239427,-0.2609899738491782,-0.2751908427089904
858,-0.6618499110236469,-0.26098997429798865,-0.2751908427097674
859,-0.6618499110242386,-0.2609899738491782,-0.2751908427097674
860,-0.5440604995098035,-0.4177960778892688,-0.1612823320867129
861,-0.5440604995334749,-0.41779607744058755,-0.1612823320859359
862,-0.5440604995098035,-0.41779607744058755,-0.1612823320867129
863,-0.5440604995100994,-0.41779607788939793,-0.1612823320867129
864,-0.5440604995100994,-0.4177960778891397,-0.1612823320859359
865,-0.5440604995100994,-0.4177960774407167,-0.1612823320867129
866,-0.544060499533179,-0.4177960774407167,-0.1612823320867129
867,-0.5440604995100994,-0.4177960778891397,-0.1612823320859359
868,-0.5440604995103953,-0.4177960778892688,-0.1612823320867129
869,-0.5440604995328832,-0.4177960774407167,-0.1612823320867129
870,-0.5440604995103953,-0.41779607744045844,-0.1612823320859359
871,-0.5440604995103953,-0.41779607788939793,-0.1612823320867129
872,-0.37316760878989474,-0.6168215903101416,0.08161081556577716
873,-0.3731676088129744,-0.6168215898614604,0.08161081556577716
874,-0.3731676087901906,-0.6168215903101416,0.08161081556577716
875,-0.3731676088129744,-0.6168215903100125,0.08161081556577716
876,-0.3731676087904865,-0.6168215903102707,0.08161081556655417
877,-0.3731676088129744,-0.6168215898614604,0.08161081556577716
878,-0.37316760878989474,-0.6168215903100125,0.08161081556577716
879,-0.3731676088138621,-0.6168215903101416,0.08161081556577716
880,-0.3731676087895988,-0.6168215898614604,0.08161081556577716
881,-0.3731676088138621,-0.6168215903101416,0.08161081556577716
882,-0.3731676087895988,-0.6168215903101416,0.08161081556577716
883,-0.3731676088138621,-0.6168215898614604,0.08161081556577716
884,-0.3731676087895988,-0.6168215903101416,0.08161081556655417
885,-0.3731676088132703,-0.6168215903101416,0.08161081556577716
886,-0.3731676087895988,-0.6168215903101416,0.08161081556577716
887,-0.3731676088135662,-0.6168215898614604,0.08161081556577716
888,-0.37316760878989474,-0.6168215903100125,0.08161081556577716
889,-0.23200646156598226,-1.201826595846186,-0.01889669380750623
890,-0.23200646156509458,-1.201826595397634,-0.01889669380750623
891,-0.2876780739638514,-0.9492530062984121,-0.11382045266031067
892,-0.28767807396414735,-0.9492530058497308,-0.11382045266031067
893,-0.2876780739638514,-0.949253006298283,-0.11382045265953368
894,-0.2876780739638514,-0.9492530058497308,-0.11382045266031067
895,-0.28767807394017997,-0.949253006298283,-0.11382045266031067
896,-0.2876780739638514,-0.9492530058496017,-0.11382045266031067
897,-0.2876780739632597,-0.9492530062984121,-0.11382045265953368
898,-0.2876780739638514,-0.9492530058496017,-0.11382045266031067
899,-0.28767807396414735,-0.949253006298283,-0.11382045266031067
900,-0.28767807396355555,-0.9492530062985413,-0.11382045266031067
901,-0.28767807396355555,-0.9492530058494726,-0.11382045266031067
902,-0.28767807396355555,-0.949253006298283,-0.11382045265953368
903,-0.28767807396414735,-0.9492530058498599,-0.11382045266031067
904,-0.28767807394017997,-0.949253006298283,-0.11382045266031067
905,-0.28767807396355555,-0.9492530058496017,-0.11382045266031067
906,-0.28767807396414735,-0.949253006298283,-0.11382045265953368
907,-0.2876780739638514,-0.9492530058497308,-0.11382045266031067
908,-0.2876780739638514,-0.949253006298283,-0.11382045266031067
909,-0.7663614116650836,-0.379300760728253,-0.3606222256766698
910,-0.7663614116431876,-0.379300760728253,-0.3606222256774468
911,-0.7663614116659714,-0.37930076072812385,-0.3606222256766698
912,-0.7663614116656755,-0.37930076117680517,-0.3606222256766698
913,-0.7663614116425957,-0.379300760728253,-0.3606222256774468
914,-0.7663614116662673,-0.37930076072812385,-0.3606222256766698
915,-0.7663614116422999,-0.379300760728253,-0.3606222256774468
916,-0.7663614116662673,-0.379300760728253,-0.3606222256766698
917,-0.7663614116650836,-0.379300760728253,-0.3606222256766698
918,-0.7663614116428917,-0.37930076117667605,-0.3606222256774468
919,-0.7663614116656755,-0.379300760728253,-0.3606222256766698
920,-0.7663614116662673,-0.379300760728253,-0.3606222256766698
921,-0.7663614116425957,-0.379300760728253,-0.3606222256774468
922,-0.7663614116659714,-0.37930076072812385,-0.3606222256766698
923,-0.7663614116425957,-0.379300760728253,-0.3606222256774468
924,-0.7663614116656755,-0.37930076117680517,-0.3606222256766698
925,-0.7663614116662673,-0.37930076072812385,-0.3606222256766698
926,-0.7663614116422999,-0.379300760728253,-0.3606222256774468
927,-0.7663614116656755,-0.379300760728253,-0.3606222256766698
928,-0.39262838635328295,-0.10255744964729098,-1.0440732894157738
929,-0.3926283863296115,-0.1025574496474201,-1.044073289416551
930,-0.3926283863529871,-0.1025574491986097,-1.0440732894157738
931,-0.39262838632931557,-0.1025574496474201,-1.0440732894157738
932,-0.39262838635269115,-0.10255744964729098,-1.0440732894157738
933,-0.39262838633020325,-0.1025574496474201,-1.044073289416551
934,-0.39262838635269115,-0.10255744964729098,-1.0440732894157738
935,-0.3926283863296115,-0.10255744964729098,-1.0440732894157738
936,-0.39262838635269115,-0.1025574491987388,-1.0440732894157738
937,-0.3926283863299074,-0.10255744964729098,-1.044073289416551
938,-0.3926283863529871,-0.1025574496474201,-1.0440732894157738
939,-0.6681383239244387,-0.10167432497457456,-0.7812074956699646
940,-0.6681383239247346,-0.10167432542325586,-0.7812074956699646
941,-0.6681383239244387,-0.10167432497457456,-0.7812074956707417
942,-0.6681383239244387,-0.10167432542338498,-0.7812074956699646
943,-0.6681383239244387,-0.10167432497457456,-0.7812074956699646
944,-0.6681383239244387,-0.10167432497457456,-0.7812074956699646
945,-0.6681383239481102,-0.10167432542325586,-0.7812074956707417
946,-0.6681383239244387,-0.10167432497457456,-0.7812074956699646
947,-0.6681383239244387,-0.1016743249748328,-0.7812074956699646
948,-0.6681383239244387,-0.10167432542325586,-0.7812074956699646
949,-0.6681383239247346,-0.10167432497457456,-0.7812074956707417
950,-0.6681383239247346,-0.10167432542325586,-0.7812074956699646
951,-0.6681383239241429,-0.10167432497457456,-0.7812074956699646
952,-0.8666628429922344,-0.1557509783913305,-0.3606222256766698
953,-0.8666628429694506,-0.1557509783912014,-0.3606222256774468
954,-0.8666628429919385,-0.15575097839107227,-0.3606222256766698
955,-0.8666628429694506,-0.1557509779425201,-0.3606222256774468
956,-0.8666628429925303,-0.1557509783912014,-0.3606222256766698
957,-0.8666628429922344,-0.1557509783912014,-0.3606222256766698
958,-0.866662842968563,-0.1557509783912014,-0.3606222256774468
959,-0.8666628429931221,-0.1557509783912014,-0.3606222256766698
960,-0.8666628429688589,-0.1557509783912014,-0.3606222256774468
961,-0.8666628429925303,-0.1557509783912014,-0.3606222256766698
962,-0.8666628429922344,-0.1557509783912014,-0.3606222256766698
963,-0.8666628429691547,-0.1557509779425201,-0.3606222256774468
964,-0.8666628429922344,-0.15575097839107227,-0.3606222256766698
965,-0.8666628429691547,-0.1557509783912014,-0.3606222256774468
966,-0.8666628429922344,-0.1557509783913305,-0.3606222256766698
967,-0.5841337189655679,0.2003282589136005,-0.5013327388000436
968,-0.5841337189661596,0.2003282589136005,-0.5013327387992665
969,-0.5841337189889434,0.2003282593620236,-0.5013327388000436
970,-0.5841337189655679,0.2003282589136005,-0.5013327387992665
971,-0.5841337189655679,0.2003282589134714,-0.5013327388000436
972,-0.5841337189658637,0.2003282589134714,-0.5013327388000436
973,-0.5841337189889434,0.2003282589134714,-0.5013327387992665
974,-0.5841337189655679,0.2003282589136005,-0.5013327388000436
975,-0.5841337189661596,0.20032825936215268,-0.5013327387992665
976,-0.5841337189655679,0.2003282589134714,-0.5013327388000436
977,-0.5841337189889434,0.2003282589136005,-0.5013327387992665
978,-0.5841337189655679,0.2003282589134714,-0.5013327388000436
979,-0.5841337189655679,0.2003282589134714,-0.5013327388000436
980,-0.5841337189655679,0.2003282589134714,-0.5013327387992665
981,-0.5841337189895351,0.2003282593622818,-0.5013327388000436
982,-0.5841337189655679,0.2003282589134714,-0.5013327387992665
983,-0.584133718964976,0.2003282589134714,-0.5013327388000436
984,-0.7975128402086101,0.4293778377912967,-1.1200122964983283
985,-0.7975128402083143,0.42937783779116756,-1.1200122964975512
986,-0.7975128402077225,0.4293778382398489,-1.1200122964983283
987,-0.7975128402083143,0.42937783779116756,-1.1200122964975512
988,-0.7975128401843469,0.42937783779103844,-1.1200122964983283
989,-0.7975128402083143,0.4293778377912967,-1.1200122964975512
990,-0.7975128402077225,0.4293778382398489,-1.1200122964983283
991,-0.7975128402083143,0.42937783779116756,-1.1200122964975512
992,-0.7975128402080184,0.42937783779116756,-1.1200122964983283
993,-0.6869021366179265,0.9766206155189234,-0.8304948319973524
994,-0.6869021365951428,0.9766206159677339,-0.8304948319973524
995,-0.6869021366182224,0.9766206155189234,-0.8304948319981295
996,-0.6869021365945509,0.9766206159674756,-0.8304948319973524
997,-0.6869021366182224,0.9766206155189234,-0.8304948319973524
998,-0.6869021366179265,0.9766206155189234,-0.8304948319981295
999,-0.6869021365945509,0.9766206159676047,-0.8304948319973524
1000,-0.6869021366185183,0.9766206155189234,-0.8304948319973524
1001,-0.33748951664168714,0.8661196702879896,-0.7877791405135127
1002,-0.33748951664227894,0.8661196698394374,-0.7877791405142898
1003,-0.33748951664139126,0.8661196698393083,-0.7877791405142898
1004,-0.33748951664168714,0.8661196702879896,-0.7877791405135127
1005,0.18465160604002648,0.7198374662423651,-0.793474566045054
1006,0.18465160601694677,0.7198374657938129,-0.793474566045054
1007,0.18465160604002648,0.7198374662423651,-0.793474566045054
1008,0.1846516060160591,0.7198374662423651,-0.793474566044277
1009,0.18465160604002648,0.7198374662424942,-0.793474566045054
1010,0.18465160601694677,0.7198374657936838,-0.793474566045054
1011,0.18465160604002648,0.7198374662424942,-0.793474566045054
1012,0.18465160601724268,0.7198374662423651,-0.793474566045054
1013,0.18465160603973058,0.7198374662424942,-0.793474566045054
1014,0.1846516060166509,0.7198374657936838,-0.793474566045054
1015,0.18465160604002648,0.7198374662423651,-0.793474566045054
1016,0.18465160601724268,0.7198374662423651,-0.793474566044277
1017,0.18465160603943467,0.7198374662424942,-0.793474566045054
1018,0.18465160601694677,0.7198374657938129,-0.793474566045054
1019,0.18465160604002648,0.7198374662423651,-0.793474566045054
1020,0.05053743599254044,0.6067807165539558,-0.2629863594288923
1021,0.050537435991948654,0.6067807161054036,-0.2629863594281153
1022,0.05053743599254044,0.6067807165540849,-0.2629863594288923
1023,0.05053743599224455,0.6067807165540849,-0.2629863594281153
1024,0.05053743599224455,0.6067807161052745,-0.2629863594288923
1025,0.05053743599254044,0.6067807165540849,-0.2629863594281153
1026,0.05053743599224455,0.6067807161054036,-0.2629863594288923
1027,0.050537435991948654,0.6067807165539558,-0.2629863594288923
1028,0.05053743599283633,0.6067807165540849,-0.2629863594281153
1029,0.05053743599224455,0.6067807161054036,-0.2629863594288923
1030,0.050537435991948654,0.6067807165540849,-0.2629863594281153
1031,0.05053743599254044,0.6067807165539558,-0.2629863594288923
1032,0.05053743599254044,0.6067807161054036,-0.2629863594281153
1033,0.050537435991948654,0.6067807165540849,-0.2629863594288923
1034,0.20499476664727712,0.678944599410215,-0.4826670584877514
1035,0.20499476667035682,0.6789445989615337,-0.4826670584869744
1036,0.20499476664727712,0.6789445989615337,-0.4826670584877514
1037,0.20499476664727712,0.678944599410215,-0.4826670584877514
1038,0.20499476664638944,0.6789445994103441,-0.4826670584877514
1039,0.2049947666706527,0.6789445989615337,-0.4826670584869744
1040,0.20499476664698124,0.6789445989615337,-0.4826670584877514
1041,0.20499476664786892,0.678944599410215,-0.4826670584877514
1042,0.20499476666976502,0.678944599410215,-0.4826670584869744
1043,0.20499476664757302,0.6789445989615337,-0.4826670584877514
1044,0.20499476664638944,0.6789445989616628,-0.4826670584877514
1045,0.20499476664698124,0.6789445994100859,-0.4826670584877514
1046,0.2049947666706527,0.678944599410215,-0.4826670584869744
1047,0.20499476664698124,0.6789445989615337,-0.4826670584877514
1048,0.3358439849739501,0.7493043847913741,-0.24671371505361525
1049,0.33584398499762164,0.7493043852397971,-0.24671371505439224
1050,0.3358439849739501,0.7493043847911158,-0.24671371505361525
1051,0.3358439849979175,0.749304384791245,-0.24671371505361525
1052,0.33584398497365425,0.749304384791245,-0.24671371505361525
1053,0.33584398497424606,0.749304385239668,-0.24671371505439224
1054,0.33584398499673396,0.7493043847911158,-0.24671371505361525
1055,0.33584398497424606,0.7493043847913741,-0.24671371505361525
1056,0.3358439849979175,0.7493043847911158,-0.24671371505361525
1057,0.33584398497365425,0.7493043852399263,-0.24671371505439224
1058,0.33584398497365425,0.749304384791245,-0.24671371505361525
1059,0.3358439849973257,0.7493043847911158,-0.24671371505361525
1060,0.33584398497424606,0.749304384791245,-0.24671371505361525
1061,0.3358439849979175,0.7493043852397971,-0.24671371505439224
1062,0.33584398497365425,0.749304384791245,-0.24671371505361525
1063,0.7568971798641401,0.6451177789287595,-0.3606222256766698
1064,0.7568971798635483,0.6451177793774407,-0.3606222256774468
1065,0.7568971798644359,0.6451177793775699,-0.3606222256766698
1066,0.7568971798635483,0.6451177789288887,-0.3606222256766698
1067,0.5327456878122518,0.8187621223317645,-0.8732105234811921
1068,0.5327456878128437,0.8187621218832123,-0.8732105234811921
1069,0.585487215362088,0.834547971201954,-0.8732105234811921
1070,0.5854872153393043,0.8345479716505062,-0.8732105234811921
1071,0.5854872153387124,0.8345479716506353,-0.8732105234811921
1072,0.585487215362088,0.834547971201954,-0.8732105234811921
1073,0.22801686200034896,0.6117920973328307,-0.2087442115131151
1074,0.22801686202372454,0.6117920968842785,-0.2087442115123381
1075,0.22801686200064486,0.6117920973328307,-0.2087442115131151
1076,0.22801686200064486,0.6117920968842785,-0.2087442115123381
1077,0.22801686202402044,0.6117920973328307,-0.2087442115131151
1078,0.22801686200064486,0.6117920968841494,-0.2087442115123381
1079,0.22801686200034896,0.6117920973329598,-0.2087442115131151
1080,0.22801686202402044,0.6117920968841494,-0.2087442115123381
1081,0.22801686200064486,0.6117920973329598,-0.2087442115131151
1082,-0.4741380198158295,0.6264617754330932,-1.0440732894157738
1083,-0.4741380198155336,0.6264617754332223,-1.044073289416551
1084,-0.47413801983920506,0.6264617749846701,-1.0440732894157738
1085,-0.4741380198155336,0.6264617754332223,-1.0440732894157738
1086,-0.4741380198158295,0.6264617754333515,-1.0440732894157738
1087,-0.4741380198149418,0.6264617754330932,-1.044073289416551
1088,-0.4741380198158295,0.6264617754333515,-1.0440732894157738
1089,-0.4741380198161254,0.6264617754332223,-1.0440732894157738
1090,-0.4741380198386133,0.6264617749846701,-1.0440732894157738
1091,-0.4741380198161254,0.6264617754332223,-1.044073289416551
1092,-0.4741380198149418,0.6264617754332223,-1.0440732894157738
1093,0.31298932304513666,0.7135231264251064,-0.5884392469235559
1094,0.31298932304484073,0.7135231264252355,-0.5884392469227788
1095,0.31298932306851224,0.7135231264251064,-0.5884392469235559
1096,0.31298932304513666,0.7135231264252355,-0.5884392469235559
1097,0.31298932304543253,0.7135231264252355,-0.5884392469227788
1098,0.31298932304454485,0.7135231264252355,-0.5884392469235559
1099,0.6759012625773593,0.7375777538943421,-0.6047118912980559
1100,0.6759012625539836,0.7375777538943421,-0.6047118912980559
1101,0.6759012625770634,0.7375777538944712,-0.6047118912980559
1102,0.6759012625533919,0.737577753894213,-0.6047118912980559
1103,0.6759012625773593,0.7375777538944712,-0.6047118912980559
1104,0.6759012625533919,0.7375777538943421,-0.6047118912980559
1105,0.6759012625773593,0.7375777543428942,-0.604711891297279
1106,0.6759012625764715,0.7375777538944712,-0.6047118912980559
1107,0.6759012625539836,0.7375777538943421,-0.6047118912980559
1108,0.6759012625773593,0.7375777538943421,-0.6047118912980559
1109,0.6759012625536878,0.7375777538944712,-0.6047118912980559
1110,0.6759012625767674,0.737577753894213,-0.6047118912980559
1111,0.6759012625533919,0.7375777538943421,-0.6047118912980559
1112,0.6759012625773593,0.7375777538946003,-0.6047118912980559
1113,0.4835202621088162,0.7408852653339347,-0.33784052355205885
1114,0.4835202621088162,0.7408852653339347,-0.33784052355283584
1115,0.48352026208514476,0.7408852648853825,-0.33784052355205885
1116,0.4835202621088162,0.7408852653339347,-0.33784052355283584
1117,0.48352026210911214,0.7408852653340638,-0.33784052355205885
1118,0.4835202621088162,0.7408852653340638,-0.33784052355205885
1119,0.48352026210822446,0.7408852653339347,-0.33784052355283584
1120,0.48352026208514476,0.7408852648853825,-0.33784052355205885
1121,0.4835202621088162,0.7408852653340638,-0.33784052355283584
1122,0.48352026210852034,0.7408852653339347,-0.33784052355205885
1123,0.48352026210852034,0.7408852653340638,-0.33784052355205885
1124,0.48352026210852034,0.7408852653339347,-0.33784052355283584
1125,0.48352026208544063,0.7408852648853825,-0.33784052355205885
1126,0.48352026210852034,0.7408852653340638,-0.33784052355283584
1127,0.483520262109408,0.7408852653340638,-0.33784052355205885
1128,0.38582286107663605,0.5526578044118582,-0.2629863594288923
1129,0.3858228611003075,0.5526578044118582,-0.2629863594281153
1130,0.3858228610763401,0.5526578044119873,-0.2629863594288923
1131,0.38582286107663605,0.552657803963177,-0.2629863594281153
1132,0.38582286107663605,0.5526578044119873,-0.2629863594288923
1133,0.3858228611000116,0.5526578044119873,-0.2629863594281153
1134,0.3858228610769319,0.5526578044117291,-0.2629863594288923
1135,0.38582286107663605,0.5526578044121164,-0.2629863594288923
1136,0.3858228610997157,0.5526578044118582,-0.2629863594281153
1137,0.3858228610769319,0.5526578044118582,-0.2629863594288923
1138,0.3858228610763401,0.5526578039633061,-0.2629863594281153
1139,0.3858228610769319,0.5526578044118582,-0.2629863594288923
1140,0.3858228611006034,0.5526578044119873,-0.2629863594281153
1141,0.38582286107663605,0.5526578044119873,-0.2629863594288923
1142,0.13341697926413165,0.7601289673989562,-0.7023477575466104
1143,0.1334169792883949,0.7601289669505331,-0.7023477575458333
1144,0.13341697926501933,0.7601289673989562,-0.7023477575466104
1145,0.13341697926472343,0.7601289673990853,-0.7023477575466104
1146,0.13341697926442755,0.7601289673992144,-0.7023477575466104
1147,0.1334169792883949,0.760128966950404,-0.7023477575458333
1148,0.13341697926501933,0.7601289673989562,-0.7023477575466104
1149,0.297166864784565,0.8292860218778075,-0.793474566045054
1150,0.29716686478486093,0.8292860214289971,-0.793474566045054
1151,0.2971668647851568,0.8292860218775493,-0.793474566045054
1152,0.2971668647842691,0.8292860214291262,-0.793474566045054
1153,0.2971668647851568,0.8292860218776784,-0.793474566045054
1154,0.2971668647854527,0.8292860214291262,-0.793474566045054
1155,0.2971668647842691,0.8292860218775493,-0.793474566045054
1156,0.2971668648085324,0.8292860214291262,-0.793474566044277
1157,0.29716686478486093,0.8292860218776784,-0.793474566045054
1158,0.29716686478486093,0.8292860214289971,-0.793474566045054
1159,0.2971668647851568,0.8292860218776784,-0.793474566045054
1160,0.2971668647842691,0.8292860214291262,-0.793474566045054
1161,0.2971668647851568,0.8292860218776784,-0.793474566045054
1162,0.29716686478486093,0.8292860214289971,-0.793474566045054
1163,0.2971668647854527,0.8292860218775493,-0.793474566045054
1164,0.7876630709223517,0.7661426241542885,-0.5884392469235559
1165,0.7876630709460232,0.7661426241541593,-0.5884392469227788
1166,0.7876630709232394,0.7661426246029698,-0.5884392469235559
1167,0.7876630709232394,0.7661426241540302,-0.5884392469235559
1168,0.7876630709460232,0.7661426241542885,-0.5884392469227788
1169,0.7876630709232394,0.7661426241542885,-0.5884392469235559
1170,0.4140772508366604,0.8029762725644706,-0.7877791405135127
1171,0.4140772508375481,0.8029762725644706,-0.7877791405142898
1172,0.4140772508369563,0.802976273013281,-0.7877791405142898
1173,0.4140772508375481,0.8029762725644706,-0.7877791405135127
1174,0.5960355208533548,0.7240470259710202,-0.8390379702942757
1175,0.5960355208764345,0.7240470259708911,-0.8390379702942757
1176,0.5960355208536506,0.7240470259710202,-0.8390379702942757
1177,0.5960355208536506,0.7240470259710202,-0.8390379702942757
1178,0.5960355208767304,0.724047025522339,-0.8390379702934988
1179,0.5960355208530589,0.7240470259710202,-0.8390379702942757
1180,0.5960355208539466,0.7240470259710202,-0.8390379702942757
1181,0.5960355208536506,0.7240470259710202,-0.8390379702942757
1182,0.5960355208770263,0.7240470259710202,-0.8390379702942757
1183,0.5960355208530589,0.7240470259710202,-0.8390379702942757
1184,0.5327456878122518,0.8445935121668466,-0.6402158426613079
1185,0.5327456878125477,0.8445935117182944,-0.6402158426605309
1186,0.5327456878125477,0.8445935121668466,-0.6402158426613079
1187,0.5327456878122518,0.8445935117182944,-0.6402158426613079
1188,0.5327456878128437,0.8445935121668466,-0.6402158426613079
1189,0.5327456877888763,0.8445935117184236,-0.6402158426605309
1190,0.5327456878128437,0.8445935121668466,-0.6402158426613079
1191,0.5327456878122518,0.8445935117182944,-0.6402158426613079
1192,0.5327456878128437,0.8445935121667175,-0.6402158426613079
1193,0.5327456878122518,0.8445935117184236,-0.6402158426605309
1194,0.5327456878128437,0.8445935121668466,-0.6402158426613079
1195,0.3704640645894524,0.5637599402705312,-0.7549209162957722
1196,0.370464064612828,0.5637599398217208,-0.7549209162957722
1197,0.3704640645894524,0.5637599402705312,-0.7549209162949952
1198,0.3704640646125321,0.5637599402705312,-0.7549209162957722
1199,0.37046406458974834,0.5637599398217208,-0.7549209162957722
1200,0.3704640646134198,0.5637599402704021,-0.7549209162957722
1201,0.3704640645894524,0.5637599402705312,-0.7549209162949952
1202,0.370464064612828,0.5637599402704021,-0.7549209162957722
1203,0.3704640645900442,0.5637599398218499,-0.7549209162957722
1204,0.37046406461223624,0.5637599402705312,-0.7549209162957722
1205,0.3704640645900442,0.563759940270273,-0.7549209162949952
1206,0.3704640646134198,0.5637599398217208,-0.7549209162957722
1207,0.3704640645894524,0.5637599402706603,-0.7549209162957722
1208,-0.025435478674786235,0.6451177789287595,-0.9871190341042466
1209,-0.025435478696978243,0.6451177793774407,-0.9871190341042466
1210,-0.025435478673898556,0.6451177789287595,-0.9871190341042466
1211,-0.025435478674786235,0.6451177793775699,-0.9871190341050237
1212,-0.025435478697274135,0.6451177789288887,-0.9871190341042466
1213,-0.025435478674194448,0.6451177789286304,-0.9871190341042466
1214,-0.025435478674194448,0.6451177793775699,-0.9871190341042466
1215,-0.025435478696978243,0.6451177789287595,-0.9871190341042466
1216,-0.025435478674194448,0.6451177793774407,-0.9871190341050237
1217,-0.025435478673898556,0.6451177789288887,-0.9871190341042466
1218,-0.025435478697570027,0.6451177793774407,-0.9871190341042466
1219,-0.025435478674490343,0.6451177789288887,-0.9871190341042466
1220,-0.10454776999865278,0.6609036286960533,-0.5599621192674037
1221,-0.10454776999865278,0.6609036282475013,-0.5599621192674037
1222,-0.104547769975869,0.6609036286961825,-0.5599621192674037
1223,-0.10454776999865278,0.6609036282475013,-0.5599621192681807
1224,-0.104547769998061,0.6609036286963116,-0.5599621192674037
1225,-0.10454776999924457,0.6609036282475013,-0.5599621192674037
1226,-0.10454776999865278,0.6609036286960533,-0.5599621192674037
1227,-0.10454776999865278,0.6609036286961825,-0.5599621192674037
1228,-0.10454776999865278,0.6609036282475013,-0.5599621192681807
1229,-0.1045477699752772,0.6609036286963116,-0.5599621192674037
1230,-0.10454776999894867,0.6609036282475013,-0.5599621192674037
1231,-0.10454776999865278,0.6609036286960533,-0.5599621192674037
1232,0.2162965225608738,1.3554810005138649,-1.7275243531548778
1233,0.21629652255998613,1.3554810000651836,-1.7275243531548778
1234,0.11784567115311485,0.6061793508785259,-0.33784052355205885
1235,0.11784567113003516,0.6061793504298446,-0.33784052355283584
1236,0.11784567115281895,0.606179350878655,-0.33784052355205885
1237,0.11784567112973926,0.6061793508785259,-0.33784052355205885
1238,0.11784567115341074,0.6061793504298446,-0.33784052355283584
1239,0.11784567112944337,0.6061793508785259,-0.33784052355205885
1240,0.11784567115311485,0.6061793508785259,-0.33784052355205885
1241,0.11784567113003516,0.6061793504298446,-0.33784052355283584
1242,0.11784567115281895,0.6061793508785259,-0.33784052355205885
1243,0.11784567112914748,0.606179350878655,-0.33784052355205885
1244,0.11784567115281895,0.6061793504298446,-0.33784052355283584
1245,0.11784567113003516,0.6061793508783968,-0.33784052355205885
1246,0.11784567115311485,0.606179350878655,-0.33784052355205885
1247,0.11784567113003516,0.6061793504298446,-0.33784052355283584
1248,0.11784567115311485,0.6061793508785259,-0.33784052355205885
1249,0.21629652255998613,0.6879650845429552,-0.5070760250495014
1250,0.21629652253749823,0.6879650845429552,-0.5070760250495014
1251,0.2162965225611697,0.6879650845428261,-0.5070760250495014
1252,0.21629652256028203,0.6879650845429552,-0.5070760250502785
1253,0.21629652256057794,0.6879650845428261,-0.5070760250495014
1254,0.21629652253690645,0.6879650845429552,-0.5070760250495014
1255,0.2162965225608738,0.6879650845429552,-0.5070760250495014
1256,0.21629652256057794,0.6879650840942739,-0.5070760250495014
1257,0.21629652253690645,0.6879650845428261,-0.5070760250495014
1258,0.2162965225608738,0.6879650845429552,-0.5070760250495014
1259,0.21629652256057794,0.6879650845429552,-0.5070760250502785
1260,0.21629652256057794,0.6879650845428261,-0.5070760250495014
1261,0.21629652253690645,0.6879650845429552,-0.5070760250495014
1262,0.2162965225608738,0.6879650845428261,-0.5070760250495014
1263,0.09323295830139702,0.787190423245858,-1.0440732894157738
1264,0.09323295827772556,0.7871904236945393,-1.044073289416551
1265,0.09323295830110113,0.7871904232457289,-1.0440732894157738
1266,0.3877064870623341,0.7398328752897619,-0.5599621192674037
1267,0.3877064870620382,0.7398328752896328,-0.5599621192674037
1268,0.3877064870860056,0.7398328752897619,-0.5599621192674037
1269,0.3877064870620382,0.7398328752896328,-0.5599621192674037
1270,0.3877064870620382,0.7398328752896328,-0.5599621192674037
1271,0.3877064870629259,0.7398328752898911,-0.5599621192681807
1272,0.3877064870620382,0.7398328752895037,-0.5599621192674037
1273,0.3877064870623341,0.7398328752897619,-0.5599621192674037
1274,0.3877064870620382,0.7398328752897619,-0.5599621192674037
1275,0.3877064870860056,0.7398328752896328,-0.5599621192674037
1276,0.3877064870623341,0.7398328752897619,-0.5599621192674037
1277,0.3877064870620382,0.7398328752896328,-0.5599621192674037
1278,0.4800041602630075,0.834547971201954,-0.01889669380750623
1279,0.4800041602624157,0.8345479716506353,-0.01889669380750623
1280,0.4800041602857913,0.8345479716506353,-0.01889669380750623
1281,0.4800041602630075,0.8345479712018249,-0.01889669380750623
1282,0.4975846694458917,0.7591266909742048,-0.30366797036514254
1283,0.4975846694461876,0.759126691422757,-0.3036679703659195
1284,0.4975846694455958,0.7591266909740757,-0.30366797036514254
1285,0.4975846694458917,0.759126691422757,-0.30366797036514254
1286,0.4975846694464835,0.7591266909741403,-0.3036679703659195
1287,0.4975846694455958,0.759126691422757,-0.30366797036514254
1288,0.4975846694455958,0.7591266909741403,-0.30366797036514254
1289,0.4975846694464835,0.759126691422757,-0.3036679703659195
1290,0.4975846694455958,0.7591266909742048,-0.30366797036514254
1291,0.4975846694698591,0.7591266909740757,-0.30366797036514254
1292,0.4975846694455958,0.759126691422757,-0.3036679703659195
1293,0.4975846694461876,0.7591266909740757,-0.30366797036514254
1294,0.4975846694458917,0.759126691422757,-0.30366797036514254
1295,0.4975846694455958,0.7591266909742694,-0.3036679703659195
1296,0.4975846694461876,0.759126691422757,-0.30366797036514254
1297,0.4975846694464835,0.7591266909741403,-0.30366797036514254
1298,0.4975846694455958,0.759126691422757,-0.3036679703659195
1299,0.4975846694455958,0.7591266909740112,-0.30366797036514254
1300,0.43102988468427167,0.7736596953225362,-0.4826670584877514
1301,0.4310298847073513,0.7736596953224717,-0.4826670584869744
1302,0.43102988468397574,0.7736596953223426,-0.4826670584877514
1303,0.43102988468456754,0.7736596953225362,-0.4826670584877514
1304,0.43102988468367986,0.7736596953224717,-0.4826670584877514
1305,0.4310298847079431,0.7736596953224071,-0.4826670584869744
1306,0.43102988468397574,0.7736596957710884,-0.4826670584877514
1307,0.43102988468397574,0.7736596953224717,-0.4826670584877514
1308,0.43102988470764725,0.7736596953224071,-0.4826670584869744
1309,0.43102988468397574,0.7736596953224717,-0.4826670584877514
1310,0.43102988468397574,0.7736596953224717,-0.4826670584877514
1311,0.43102988468456754,0.7736596953224071,-0.4826670584877514
1312,0.4310298847073513,0.7736596953224717,-0.4826670584869744
1313,0.43102988468397574,0.7736596953224071,-0.4826670584877514
1314,0.3217795776365787,0.7917006660365042,-0.3606222256766698
1315,0.32177957763687465,0.7917006660365042,-0.3606222256774468
1316,0.3217795776365787,0.7917006660364396,-0.3606222256766698
1317,0.321779577660842,0.7917006660365687,-0.3606222256774468
1318,0.3217795776365787,0.7917006660365042,-0.3606222256766698
1319,0.32177957763687465,0.7917006660365042,-0.3606222256774468
1320,0.3217795776365787,0.7917006660364396,-0.3606222256766698
1321,0.32177957763628284,0.7917006660365042,-0.3606222256766698
1322,0.32177957763687465,0.7917006660365042,-0.3606222256774468
1323,0.32177957763687465,0.7917006660364396,-0.3606222256766698
1324,0.3217795776605461,0.7917006660365042,-0.3606222256774468
1325,0.3217795776365787,0.7917006660364396,-0.3606222256766698
1326,0.32177957763687465,0.7917006660366334,-0.3606222256774468
1327,0.32177957763687465,0.7917006660364396,-0.3606222256766698
1328,0.13894228215813628,0.808238222337363,-0.47453073630050135
1329,0.13894228215931986,0.8082382227860443,-0.47453073629972436
1330,0.13894228215931986,0.8082382223374921,-0.47453073630050135
1331,0.13894228215872806,0.8082382227860443,-0.47453073629972436
1332,0.13894228215931986,0.8082382223374276,-0.47453073630050135
1333,0.13894228215843216,0.8082382223374921,-0.47453073629972436
1334,0.13894228215902396,0.8082382227860443,-0.47453073630050135
1335,0.13894228215902396,0.8082382223374276,-0.47453073629972436
1336,0.13894228215931986,0.8082382227861089,-0.47453073630050135
1337,0.13894228215813628,0.808238222337363,-0.47453073629972436
1338,0.13894228215931986,0.8082382223374276,-0.47453073630050135
1339,0.13894228215872806,0.8082382227861089,-0.47453073629972436
1340,0.13894228215931986,0.8082382223374276,-0.47453073630050135
1341,0.13894228215843216,0.8082382227860443,-0.47453073629972436
1342,0.13894228215961574,0.8082382223374921,-0.47453073630050135
1343,0.06796097634708043,0.8621732079582719,-0.5314849916120286
1344,0.06796097634737631,0.8621732075096552,-0.5314849916112516
1345,0.06796097632400074,0.8621732079582719,-0.5314849916120286
1346,0.06796097634678452,0.862173207958401,-0.5314849916112516
1347,0.0679609763479681,0.8621732075096552,-0.5314849916120286
1348,0.06796097632340894,0.8621732079582719,-0.5314849916112516
1349,0.06796097634737631,0.862173207958401,-0.5314849916120286
1350,0.0679609763476722,0.8621732075096552,-0.5314849916112516
1351,0.06796097634737631,0.8621732079583365,-0.5314849916120286
1352,0.06796097634737631,0.8621732079582719,-0.5314849916120286
1353,0.06796097632340894,0.862173207958401,-0.5314849916112516
1354,0.06796097634737631,0.8621732075096552,-0.5314849916120286
1355,0.06796097634737631,0.8621732079582719,-0.5314849916112516
1356,0.06796097632459253,0.8621732079582719,-0.5314849916120286
1357,0.06796097634678452,0.8621732075096552,-0.5314849916112516
1358,0.06796097634737631,0.862173207958401,-0.5314849916120286
1359,0.35945209730230976,0.7781699381131179,-0.3606222256766698
1360,0.35945209732450173,0.7781699381131179,-0.3606222256774468
1361,0.35945209730260563,0.7781699376645012,-0.3606222256766698
1362,0.35945209732509353,0.7781699381131179,-0.3606222256774468
1363,0.35945209730171795,0.7781699381131179,-0.3606222256766698
1364,0.3594520973253894,0.7781699381130532,-0.3606222256774468
1365,0.35945209730112615,0.7781699381131179,-0.3606222256766698
1366,0.35945209730230976,0.7781699376645012,-0.3606222256766698
1367,0.35945209732479766,0.7781699381131179,-0.3606222256774468
1368,0.35945209730230976,0.7781699381131824,-0.3606222256766698
1369,0.3594520973253894,0.7781699381130532,-0.3606222256774468
1370,0.35945209730171795,0.7781699376645012,-0.3606222256766698
1371,0.35945209732509353,0.7781699381131179,-0.3606222256774468
1372,0.35945209730171795,0.7781699381131824,-0.3606222256766698
1373,0.3349649595358736,0.6687965529068075,-0.6596320660627707
1374,0.33496495951279387,0.6687965533554888,-0.6596320660627707
1375,0.33496495953528177,0.6687965533555533,-0.6596320660627707
1376,0.33496495951279387,0.6687965529068721,-0.6596320660627707
1377,0.33496495953557764,0.6687965529068721,-0.6596320660627707
1378,0.3349649595358736,0.6687965533555533,-0.6596320660627707
1379,0.33496495951279387,0.6687965533554888,-0.6596320660627707
1380,0.3349649595358736,0.6687965529069366,-0.6596320660627707
1381,0.2087620186183774,0.5571680472024398,-0.4826670584877514
1382,0.2087620186180815,0.5571680467540168,-0.4826670584869744
1383,0.2087620186183774,0.5571680472026981,-0.4826670584877514
1384,0.20876201861867327,0.5571680467538231,-0.4826670584877514
1385,0.20876201861748972,0.5571680472026336,-0.4826670584869744
1386,0.2087620186183774,0.5571680467539523,-0.4826670584877514
1387,0.2087620186180815,0.557168047202569,-0.4826670584877514
1388,0.20876201864204885,0.5571680472026336,-0.4826670584869744
1389,0.2087620186177856,0.5571680467538231,-0.4826670584877514
1390,0.20876201861867327,0.5571680472026336,-0.4826670584869744
1391,0.2087620186183774,0.5571680467539523,-0.4826670584877514
1392,0.2087620186180815,0.557168047202569,-0.4826670584877514
1393,0.2087620186180815,0.5571680467540168,-0.4826670584869744
1394,0.2087620186177856,0.557168047202569,-0.4826670584877514
1395,0.17234524960307154,0.6924753273335368,-0.8162562681696649
1396,0.17234524960277567,0.6924753268849847,-0.8162562681696649
1397,0.17234524960218386,0.6924753273336014,-0.8162562681696649
1398,0.17234524960247977,0.6924753273335368,-0.8162562681696649
1399,0.17234524960218386,0.6924753268848556,-0.8162562681696649
1400,0.17234524960277567,0.6924753273336659,-0.8162562681696649
1401,0.17485675092463437,0.7601289673990853,-0.3606222256766698
1402,0.174856750900667,0.7601289673990853,-0.3606222256774468
1403,0.17485675092433847,0.7601289673990853,-0.3606222256766698
1404,0.1748567509012588,0.760128966950404,-0.3606222256774468
1405,0.17485675092404257,0.7601289673990208,-0.3606222256766698
1406,0.1748567509009629,0.7601289673991499,-0.3606222256774468
1407,0.17485675092404257,0.7601289673990853,-0.3606222256766698
1408,0.17485675092433847,0.7601289673990853,-0.3606222256766698
1409,0.1748567509012588,0.7601289673990853,-0.3606222256774468
1410,0.17485675092463437,0.7601289673989562,-0.3606222256766698
1411,0.174856750900667,0.7601289669505977,-0.3606222256774468
1412,0.17485675092463437,0.7601289673990208,-0.3606222256766698
1413,0.1748567509009629,0.7601289673990853,-0.3606222256774468
1414,0.17485675092463437,0.7601289673990208,-0.3606222256766698
1415,0.12399884935990452,0.8187621223319582,-0.8732105234811921
1416,0.1239988493604963,0.8187621218832123,-0.8732105234811921
1417,0.12399884933682483,0.8187621218832123,-0.8732105234811921
1418,0.1239988493604963,0.8187621223318291,-0.8732105234811921
1419,0.3393600868191671,0.7293089757439126,-0.84473339582504
1420,0.3393600868203506,0.7293089757438481,-0.844733395825817
1421,0.33936008682005475,0.7293089757439772,-0.84473339582504
1422,0.3393600868197589,0.7293089757439772,-0.844733395825817
1423,0.3393600868203506,0.7293089757438481,-0.84473339582504
1424,0.33936008682005475,0.7293089752951668,-0.84473339582504
1425,0.3393600868197589,0.7293089757438481,-0.844733395825817
1426,0.33936008682005475,0.7293089757439772,-0.84473339582504
1427,0.3393600868197589,0.7293089757439772,-0.844733395825817
1428,0.3393600868203506,0.7293089757438481,-0.84473339582504
1429,0.3393600868203506,0.7293089757438481,-0.844733395825817
1430,0.3393600868197589,0.7293089757439126,-0.84473339582504
1431,0.18992575878595575,0.40833003869959805,-0.01889669380750623
1432,0.18992575878565984,0.40833003869959805,-0.01889669380750623
1433,-0.2056356977907683,0.47147343597437125,-1.7275243531548778
1434,-0.2056356977910642,0.47147343642298795,-1.7275243531548778
1435,0.11081346748428121,0.6609036286962471,-1.3857988212857144
1436,0.2954088138616607,0.7556187246083745,-1.7275243531548778
1437,0.29540881386195655,0.7556187246084392,-1.7275243531548778
1438,0.40465912093272915,0.6969855696755662,-0.848801556918665
1439,0.4046591209090577,0.6969855701242476,-0.848801556919442
1440,0.4046591209093536,0.6969855701243122,-0.848801556919442
1441,0.40465912093272915,0.6969855696755662,-0.848801556918665
1442,0.4046591209324333,0.6969855696756309,-0.848801556918665
1443,0.4046591209093536,0.6969855701243122,-0.848801556919442
1444,0.40465912090964945,0.696985570124183,-0.848801556919442
1445,0.4046591209324333,0.6969855696756309,-0.848801556918665
1446,0.4046591209324333,0.6969855701243122,-0.848801556918665
1447,0.4046591209093536,0.6969855696755017,-0.848801556919442
1448,0.40465912090876177,0.6969855701243122,-0.848801556919442
1449,0.40465912093272915,0.6969855696755662,-0.848801556918665
1450,0.40465912093272915,0.6969855696756309,-0.848801556918665
1451,0.4046591209090577,0.696985570124183,-0.848801556919442
1452,0.11081346746120153,0.6609036282476304,-0.01889669380750623
1453,0.21629652256057794,0.5346168336978903,-0.01889669380750623
1454,0.21629652253749823,0.5346168336977611,-0.01889669380750623
1455,0.21629652256028203,0.5346168336978903,-0.01889669380750623
1456,0.35694059600353073,0.7450948250626543,-0.9586419064488715
1457,0.35694059600323486,0.7450948250625898,-0.9586419064480945
1458,0.35694059600323486,0.7450948250626543,-0.9586419064488715
1459,0.35694059600353073,0.7450948250625252,-0.9586419064488715
1460,0.3569405960029389,0.7450948250626543,-0.9586419064480945
1461,0.35694059598015515,0.7450948250625252,-0.9586419064488715
1462,0.3569405960029389,0.7450948250626543,-0.9586419064488715
1463,0.35694059600353073,0.7450948250625898,-0.9586419064480945
1464,0.3569405960029389,0.7450948250626543,-0.9586419064488715
1465,0.35694059600353073,0.7450948250625898,-0.9586419064488715
1466,0.35694059600353073,0.7450948250625898,-0.9586419064480945
1467,0.3569405960029389,0.7450948250626543,-0.9586419064488715
1468,0.400891868961333,0.5977602309725989,-0.8732105234811921
1469,0.4008918689619248,0.5977602309726635,-0.8732105234811921
1470,0.40089186893766154,0.5977602314214093,-0.8732105234811921
1471,0.400891868961333,0.5977602309725989,-0.8732105234811921
1472,0.4574006484591897,0.588739745840117,-0.7023477575466104
1473,0.45740064845859796,0.5887397453913711,-0.7023477575458333
1474,0.45740064845948564,0.5887397458398588,-0.7023477575466104
1475,0.4574006484822694,0.588739745840117,-0.7023477575466104
1476,0.45740064845889383,0.5887397458399879,-0.7023477575466104
1477,0.4574006484591897,0.5887397453913066,-0.7023477575458333
1478,0.45740064845859796,0.5887397458400524,-0.7023477575466104
1479,0.09323295827831733,0.597760230972728,-0.5884392469235559
1480,0.09323295830139702,0.5977602309726635,-0.5884392469227788
1481,0.09323295827713377,0.597760230972728,-0.5884392469235559
1482,0.19519991153158914,0.6356462694272765,-1.0440732894157738
1483,0.19519991155466881,0.6356462694272765,-1.0440732894157738
1484,0.19519991153158914,0.6356462698759578,-1.044073289416551
1485,0.1951999115543729,0.6356462694273411,-1.0440732894157738
1486,0.19519991153158914,0.6356462694273411,-1.0440732894157738
1487,0.2487528471957284,0.47633062055273745,-0.7549209162957722
1488,0.2487528471957284,0.47633062055273745,-0.7549209162957722
1489,0.2487528471957284,0.4763306205526729,-0.7549209162949952
1490,0.2487528471960243,0.47633062100135415,-0.7549209162957722
1491,0.2487528471957284,0.47633062055273745,-0.7549209162957722
1492,0.2487528471960243,0.47633062055273745,-0.7549209162957722
1493,0.2487528471957284,0.4763306205526729,-0.7549209162949952
1494,0.2487528471957284,0.47633062055273745,-0.7549209162957722
1495,0.24875284719632018,0.47633062055273745,-0.7549209162957722
1496,0.24875284719513663,0.4763306210012896,-0.7549209162957722
1497,0.2487528471960243,0.47633062055273745,-0.7549209162949952
1498,0.2487528471960243,0.47633062055273745,-0.7549209162957722
1499,0.2487528471957284,0.47633062055273745,-0.7549209162957722
1500,0.2848605083473142,0.5535598527008562,-1.1807635021634393
1501,0.2848605083703939,0.5535598531494729,-1.1807635021642164
1502,0.2848605083709857,0.5535598527009207,-1.1807635021634393
1503,0.2848605083470183,0.5535598531494729,-1.1807635021642164
1504,0.2848605083473142,0.5535598527008562,-1.1807635021634393
1505,0.2848605083709857,0.5535598527008562,-1.1807635021634393
1506,0.284860508370098,0.5535598531495375,-1.1807635021642164
1507,0.2848605083476101,0.5535598527009207,-1.1807635021634393
1508,0.2848605083470183,0.5535598531494729,-1.1807635021642164
1509,0.28486050837068977,0.5535598527008562,-1.1807635021634393
1510,0.6382287428888445,0.6609036282475013,-1.7275243531548778
1511,0.28551977744902535,0.4793663610823588,-0.7237056032881417
1512,0.28551977744902535,0.47936636063380667,-0.7237056032881417
1513,0.2855197774732886,0.4793663610823588,-0.7237056032889188
1514,0.28551977744843354,0.47936636063380667,-0.7237056032881417
1515,0.2855197774493212,0.4793663610823588,-0.7237056032881417
1516,0.28551977744902535,0.47936636063380667,-0.7237056032881417
1517,0.285519777449913,0.47936636108242336,-0.7237056032881417
1518,0.28551977744902535,0.4793663610823588,-0.7237056032889188
1519,0.2855197774726968,0.4793663606337421,-0.7237056032881417
1520,0.28551977744843354,0.47936636108242336,-0.7237056032881417
1521,0.285519777449913,0.4793663606337421,-0.7237056032881417
1522,0.28551977744902535,0.47936636108242336,-0.7237056032881417
1523,0.2855197774493212,0.4793663606337421,-0.7237056032881417
1524,0.2855197774729927,0.47936636108242336,-0.7237056032889188
1525,0.2855197774487294,0.4793663606337421,-0.7237056032881417
1526,0.2855197774496171,0.47936636108242336,-0.7237056032881417
1527,0.186629413322376,0.5188309843791485,-0.6382742203212394
1528,0.1866294132992963,0.5188309843791485,-0.6382742203204623
1529,0.186629413322376,0.5188309839305963,-0.6382742203212394
1530,0.1866294132995922,0.5188309843791485,-0.6382742203212394
1531,0.18662941332267188,0.5188309843791485,-0.6382742203204623
1532,0.18662941329900043,0.5188309839304672,-0.6382742203212394
1533,0.186629413322376,0.5188309843791485,-0.6382742203204623
1534,0.1866294132992963,0.5188309843791485,-0.6382742203212394
1535,0.18662941332296779,0.5188309843792777,-0.6382742203212394
1536,0.186629413322376,0.5188309843791485,-0.6382742203204623
1537,0.1866294132992963,0.5188309839304672,-0.6382742203212394
1538,0.186629413322376,0.5188309843792777,-0.6382742203204623
1539,0.1866294132992963,0.5188309843791485,-0.6382742203212394
1540,0.18662941332296779,0.5188309839304672,-0.6382742203212394
1541,0.18662941329900043,0.5188309843791485,-0.6382742203204623
1542,0.18662941332267188,0.5188309843791485,-0.6382742203212394
1543,0.47594711968912473,0.44233032985054066,-0.9126403925432578
1544,0.47594711968912473,0.4423303294017302,-0.9126403925424807
1545,0.47594711968912473,0.4423303298506052,-0.9126403925432578
1546,0.47594711968912473,0.4423303294017302,-0.9126403925432578
1547,0.47594711968912473,0.4423303298504761,-0.9126403925424807
1548,0.47594711968882886,0.4423303298504761,-0.9126403925432578
1549,0.47594711966634096,0.4423303294017948,-0.9126403925432578
1550,0.4759471196885329,0.44233032985054066,-0.9126403925432578
1551,0.47594711968971654,0.44233032985041154,-0.9126403925424807
1552,0.47594711968882886,0.44233032940185935,-0.9126403925432578
1553,0.4759471196894206,0.44233032985041154,-0.9126403925432578
1554,0.47594711968912473,0.44233032940185935,-0.9126403925424807
1555,0.47594711968882886,0.4423303298504761,-0.9126403925432578
1556,0.6645995066637626,0.47147343597437125,-0.8732105234811921
1557,0.6645995066634667,0.4714734364230525,-0.8732105234811921
1558,0.25465399711914344,0.5460974513026929,-1.0440732894157738
1559,0.25465399714192727,0.5460974513026284,-1.044073289416551
1560,0.25465399711914344,0.5460974513026284,-1.0440732894157738
1561,0.25465399714222314,0.5460974513026284,-1.0440732894157738
1562,0.2546539971185517,0.5460974513025638,-1.0440732894157738
1563,0.254653997142519,0.5460974517513743,-1.044073289416551
1564,0.2546539971185517,0.5460974513025638,-1.0440732894157738
1565,0.25465399714281495,0.5460974513026929,-1.0440732894157738
1566,0.25465399711825576,0.5460974513026284,-1.0440732894157738
1567,0.254653997142519,0.5460974513026284,-1.044073289416551
1568,0.25465399711884756,0.5460974513026284,-1.0440732894157738
1569,0.37452110518611903,-0.0968171408449542,-1.7275243531548778
1570,0.08004757640239815,0.5293548839249334,-0.9871190341042466
1571,0.08004757640210226,0.5293548839249979,-0.9871190341042466
1572,0.08004757640210226,0.5293548834763165,-0.9871190341042466
1573,0.08004757640180636,0.5293548839249334,-0.9871190341042466
1574,0.08004757640269405,0.5293548839249979,-0.9871190341042466
1575,0.08004757640180636,0.5293548839249334,-0.9871190341042466
1576,0.08004757642518194,0.5293548839249979,-0.9871190341050237
1577,0.08004757640210226,0.5293548839249979,-0.9871190341042466
1578,0.08004757640210226,0.5293548839249334,-0.9871190341042466
1579,0.08004757640239815,0.5293548834763165,-0.9871190341042466
1580,0.08004757640151047,0.5293548839249979,-0.9871190341042466
1581,0.08004757640269405,0.5293548839250625,-0.9871190341042466
1582,0.3085941957609554,0.07682720210943407,-0.10432807677518562
1583,0.30859419573757985,0.07682720210943407,-0.10432807677440863
1584,0.30859419576065955,0.07682720255811537,-0.10432807677518562
1585,0.3085941957609554,0.07682720210943407,-0.10432807677440863
1586,0.30859419573757985,0.07682720210943407,-0.10432807677518562
1587,0.30859419576125136,0.07682720255811537,-0.10432807677518562
1588,0.3085941957609554,0.07682720210943407,-0.10432807677440863
1589,0.30859419576125136,0.07682720210943407,-0.10432807677518562
1590,0.30859419573757985,0.07682720210943407,-0.10432807677440863
1591,0.30859419576065955,0.07682720210943407,-0.10432807677518562
1592,0.3085941957609554,0.07682720255817993,-0.10432807677518562
1593,0.3085941957378758,0.07682720210949863,-0.10432807677440863
1594,0.3085941957609554,0.07682720210943407,-0.10432807677518562
1595,0.3085941957609554,0.07682720255811537,-0.10432807677440863
1596,0.3085941957609554,0.07682720210943407,-0.10432807677518562
1597,0.3085941957378758,0.07682720210943407,-0.10432807677518562
1598,0.3085941957609554,0.07682720210943407,-0.10432807677440863
1599,0.30859419576125136,0.07682720210949863,-0.10432807677518562
1600,0.30859419573728397,0.07682720255805081,-0.10432807677440863
1601,0.3085941957609554,0.07682720210949863,-0.10432807677518562
1602,0.16355499501103768,0.17489081167674098,0.1364330934057499
1603,0.16355499501103768,0.17489081212529314,0.1364330934057499
1604,0.16355499501074178,0.17489081167667642,0.1364330934065269
1605,0.16355499501103768,0.1748908121253577,0.1364330934057499
1606,0.16355499501044587,0.17489081167667642,0.1364330934057499
1607,0.16355499501074178,0.17489081212529314,0.1364330934057499
1608,0.16355499501103768,0.17489081167667642,0.1364330934057499
1609,0.16355499501074178,0.1748908121253577,0.1364330934057499
1610,0.16355499501103768,0.17489081167667642,0.1364330934065269
1611,0.16355499501044587,0.17489081212529314,0.1364330934057499
1612,0.16355499501103768,0.17489081167667642,0.1364330934057499
1613,0.16355499501103768,0.17489081167674098,0.1364330934057499
1614,0.16355499501074178,0.1748908121253577,0.1364330934057499
1615,0.16355499501103768,0.17489081167667642,0.1364330934065269
1616,0.16355499501044587,0.1748908121253577,0.1364330934057499
1617,0.16355499501133355,0.17489081167667642,0.1364330934057499
1618,0.16355499503382145,0.17489081212529314,0.1364330934057499
1619,0.16355499501074178,0.17489081167667642,0.1364330934057499
1620,0.16355499501103768,0.17489081212529314,0.1364330934057499
1621,0.16355499501044587,0.17489081167674098,0.1364330934065269
1622,0.16355499501103768,0.17489081212529314,0.1364330934057499
1623,0.16355499501074178,0.17489081167667642,0.1364330934057499
1624,0.16355499501103768,0.17489081167674098,0.1364330934057499
1625,0.16355499501103768,0.17489081212529314,0.1364330934057499
1626,0.16355499501044587,0.17489081167667642,0.1364330934065269
1627,0.16355499501133355,0.1748908121253577,0.1364330934057499
1628,0.16355499501044587,0.17489081167667642,0.1364330934057499
1629,0.16355499501103768,0.1748908121253577,0.1364330934057499
1630,0.16355499501074178,0.17489081167661186,0.1364330934057499
1631,0.16355499501103768,0.1748908121253577,0.1364330934057499
1632,0.16355499501044587,0.17489081167667642,0.1364330934065269
1633,0.16355499501103768,0.1748908121253577,0.1364330934057499
1634,0.16355499501074178,0.17489081167661186,0.1364330934057499
1635,-0.10391989466219627,-0.10583762597756526,0.688963336493348
1636,-0.10391989466278805,-0.10583762597769437,0.688963336493348
1637,-0.10391989466249216,-0.10583762597762982,0.688963336494125
1638,-0.10391989468616362,-0.10583762642624656,0.688963336493348
1639,-0.10391989466160448,-0.10583762597769437,0.688963336493348
1640,-0.10391989466249216,-0.10583762597769437,0.688963336493348
1641,-0.10391989466278805,-0.10583762597769437,0.688963336494125
1642,-0.10391989466249216,-0.10583762597756526,0.688963336493348
1643,-0.10391989466249216,-0.10583762597769437,0.688963336493348
1644,-0.10391989466190037,-0.10583762597769437,0.688963336493348
1645,-0.10391989468616362,-0.10583762642624656,0.688963336493348
1646,-0.10391989466219627,-0.10583762597762982,0.688963336494125
1647,-0.10391989466278805,-0.10583762597769437,0.688963336493348
1648,-0.10391989466219627,-0.10583762597762982,0.688963336493348
1649,-0.5279450327624756,-0.5177731235744178,-0.2087442115131151
1650,-0.5279450327627715,-0.5177731235744178,-0.2087442115123381
1651,-0.5279450327861471,-0.5177731235744178,-0.2087442115131151
1652,-0.5279450327627715,-0.5177731235744178,-0.2087442115123381
1653,-0.5279450327624756,-0.5177731240230992,-0.2087442115131151
1654,-0.5279450327624756,-0.5177731235743532,-0.2087442115123381
1655,-0.5279450327627715,-0.5177731235744178,-0.2087442115131151
1656,-0.5279450327624756,-0.5177731235744824,-0.2087442115123381
1657,-0.5279450327624756,-0.5177731235743532,-0.2087442115131151
1658,-0.527945032786443,-0.5177731235744178,-0.2087442115131151
1659,-0.5279450327624756,-0.5177731235744824,-0.2087442115123381
1660,-0.5279450327624756,-0.5177731235743532,-0.2087442115131151
1661,-0.5279450327621797,-0.5177731235744178,-0.2087442115123381
1662,-0.5279450327630675,-0.5177731240230992,-0.2087442115131151
1663,-0.5279450327858513,-0.5177731235744178,-0.2087442115123381
1664,-0.5279450327627715,-0.5177731235744178,-0.2087442115131151
1665,-0.5279450327627715,-0.5177731235744178,-0.2087442115123381
1666,-0.5279450327627715,-0.5177731235743532,-0.2087442115131151
1667,-0.19646325821563584,0.16948327460710796,0.05539146529445207
1668,-0.19646325821622762,0.16948327460717252,0.05539146529445207
1669,-0.19646325819226026,0.16948327460710796,0.05539146529445207
1670,-0.19646325821593175,0.1694832741585558,0.05539146529522906
1671,-0.19646325821622762,0.16948327460710796,0.05539146529445207
1672,-0.19646325821563584,0.16948327460717252,0.05539146529445207
1673,-0.19646325821593175,0.16948327460710796,0.05539146529445207
1674,-0.19646325821563584,0.16948327460717252,0.05539146529445207
1675,-0.19646325819226026,0.16948327460710796,0.05539146529445207
1676,-0.19646325821622762,0.16948327460723708,0.05539146529445207
1677,-0.19646325821593175,0.16948327460710796,0.05539146529445207
1678,-0.19646325821563584,0.16948327415849124,0.05539146529522906
1679,-0.19646325821622762,0.16948327460710796,0.05539146529445207
1680,-0.19646325821563584,0.16948327460717252,0.05539146529445207
1681,-0.19646325819285204,0.16948327460710796,0.05539146529445207
1682,-0.19646325821593175,0.16948327460723708,0.05539146529445207
1683,-0.19646325821563584,0.16948327460710796,0.05539146529445207
1684,-0.19646325821593175,0.16948327460717252,0.05539146529445207
1685,-0.19646325821593175,0.16948327460710796,0.05539146529445207
1686,-0.19646325821593175,0.16948327415849124,0.05539146529522906
1687,-0.19646325819285204,0.16948327460717252,0.05539146529445207
1688,-0.19646325821563584,0.16948327460717252,0.05539146529445207
1689,-0.19646325821593175,0.16948327460710796,0.05539146529445207
1690,-0.052962854898547435,0.14578643889029283,-0.4505499972215137
1691,-0.052962854898251546,0.1457864388903574,-0.4505499972215137
1692,-0.052962854898251546,0.14578643889029283,-0.4505499972215137
1693,-0.05296285489795565,0.1457864388903574,-0.4505499972215137
1694,-0.05296285489884333,0.14578643889029283,-0.4505499972215137
1695,-0.052962854898251546,0.1457864388903574,-0.4505499972215137
1696,-0.05296285489795565,0.14578643889029283,-0.4505499972215137
1697,-0.052962854898251546,0.1457864388903574,-0.4505499972215137
1698,-0.05296285489884333,0.14578643889029283,-0.4505499972215137
1699,-0.052962854921035335,0.14578643933897412,-0.4505499972222907
1700,-0.052962854899139225,0.1457864388903574,-0.4505499972215137
1701,-0.052962854898251546,0.14578643889029283,-0.4505499972215137
1702,-0.05296285489795565,0.1457864388903574,-0.4505499972215137
1703,-0.05296285489884333,0.14578643889029283,-0.4505499972215137
1704,-0.052962854898251546,0.14578643889029283,-0.4505499972215137
1705,-0.05296285489795565,0.14578643889029283,-0.4505499972215137
1706,-0.05296285489884333,0.14578643889029283,-0.4505499972215137
1707,-0.052962854897659756,0.1457864388903574,-0.4505499972215137
1708,-0.052962854898547435,0.14578643889029283,-0.4505499972215137
1709,0.12211522337479822,0.2143896036357573,-0.848801556919442
1710,0.12211522337479822,0.21438960408450314,-0.848801556918665
1711,0.12211522337420644,0.2143896036357573,-0.848801556919442
1712,0.12211522335142264,0.2143896036357573,-0.848801556918665
1713,0.12211522337479822,0.2143896036357573,-0.848801556919442
1714,0.12211522337391054,0.21438960408450314,-0.848801556918665
1715,0.12211522337479822,0.2143896036357573,-0.848801556919442
1716,0.12211522337479822,0.2143896036357573,-0.848801556919442
1717,0.12211522337479822,0.21438960408450314,-0.848801556918665
1718,0.12211522337450233,0.2143896036357573,-0.848801556919442
1719,0.12211522335142264,0.2143896036357573,-0.848801556918665
1720,0.12211522337420644,0.2143896036357573,-0.848801556919442
1721,0.12211522337450233,0.21438960408450314,-0.848801556918665
1722,0.12211522337479822,0.2143896036357573,-0.848801556919442
1723,-0.33748951664168714,-0.07050739198042771,-0.9871190341042466
1724,-0.33748951664227894,-0.07050739153174641,-0.9871190341042466
1725,-0.33748951664168714,-0.07050739153181097,-0.9871190341042466
1726,-0.337489516641983,-0.07050739198049227,-0.9871190341042466
1727,-0.33748951664109533,-0.07050739198042771,-0.9871190341042466
1728,-0.3374895166425748,-0.07050739153181097,-0.9871190341050237
1729,-0.33748951661831156,-0.07050739153181097,-0.9871190341042466
1730,-0.337489516641983,-0.07050739198042771,-0.9871190341042466
1731,-0.33748951664139126,-0.07050739198049227,-0.9871190341042466
1732,-0.337489516641983,-0.07050739153174641,-0.9871190341042466
1733,-0.337489516641983,-0.07050739153181097,-0.9871190341042466
1734,-0.33748951664168714,-0.07050739198042771,-0.9871190341042466
1735,-0.3638602804169011,0.155756448702949,1.6897309655398656
1736,-0.18702104099773398,0.5420454684338673,-0.30031772005269974
1737,-0.18702104102081368,0.542045468882484,-0.30031772005347673
1738,-0.1870210409968463,0.5420454684339318,-0.30031772005269974
1739,-0.18702104099802988,0.542045468882484,-0.30031772005269974
1740,-0.1870210409974381,0.5420454684338673,-0.30031772005347673
1741,-0.18702104102081368,0.5420454684338673,-0.30031772005269974
1742,-0.18702104099773398,0.542045468882484,-0.30031772005269974
1743,-0.1870210409974381,0.5420454684338673,-0.30031772005347673
1744,-0.18702104102110956,0.5420454688825486,-0.30031772005269974
1745,-0.1870210409974381,0.5420454684338026,-0.30031772005347673
1746,-0.1870210409974381,0.5420454688825486,-0.30031772005269974
1747,-0.18702104102110956,0.5420454684338026,-0.30031772005269974
1748,-0.1870210409974381,0.5420454684338673,-0.30031772005347673
1749,-0.1870210409968463,0.5420454688825486,-0.30031772005269974
1750,-0.18702104099802988,0.5420454684338673,-0.30031772005269974
1751,-0.18702104102081368,0.5420454688825486,-0.30031772005347673
1752,-0.18702104099773398,0.5420454684338026,-0.30031772005269974
1753,0.25497364274996304,0.36623444051639437,-0.5656575447989449
1754,0.2549736427496671,0.3662344405163298,-0.565657544798168
1755,0.2549736427496671,0.36623444051639437,-0.5656575447989449
1756,0.25497364274996304,0.3662344405163298,-0.5656575447989449
1757,0.2549736427496671,0.36623444051639437,-0.565657544798168
1758,0.25497364274937123,0.36623444051639437,-0.5656575447989449
1759,0.2549736427496671,0.3662344405163298,-0.5656575447989449
1760,0.2549736427733386,0.3662344400677131,-0.565657544798168
1761,0.25497364274996304,0.3662344405163298,-0.5656575447989449
1762,0.2549736427496671,0.36623444051639437,-0.5656575447989449
1763,0.2549736427496671,0.36623444051639437,-0.565657544798168
1764,0.25497364274996304,0.3662344405163298,-0.5656575447989449
1765,0.2549736427496671,0.3662344405163298,-0.5656575447989449
1766,0.2549736427496671,0.36623444051639437,-0.565657544798168
1767,0.25497364274937123,0.36623444051639437,-0.5656575447989449
1768,0.418472378144809,0.1206767836997644,0.4367373486854888
1769,0.4184723781211375,0.12067678369989351,0.4367373486847118
1770,0.4184723781454008,0.12067678369989351,0.4367373486854888
1771,0.4184723781205457,0.12067678414851024,0.4367373486847118
1772,0.418472378144809,0.12067678369989351,0.4367373486854888
1773,0.41847237812172927,0.1206767836997644,0.4367373486847118
1774,0.41847237814421717,0.12067678369989351,0.4367373486854888
1775,0.4184723781214334,0.12067678369982895,0.4367373486847118
1776,0.41847237814510485,0.1206767841485748,0.4367373486854888
1777,0.418472378144809,0.1206767836997644,0.4367373486854888
1778,0.4184723781211375,0.12067678369989351,0.4367373486847118
1779,0.418472378144809,0.12067678369982895,0.4367373486854888
1780,0.4184723781211375,0.12067678369989351,0.4367373486847118
1781,0.418472378144809,0.12067678369989351,0.4367373486854888
1782,0.4184723781208416,0.1206767836997644,0.4367373486847118
1783,0.41847237814510485,0.12067678414851024,0.4367373486854888
1784,0.4184723781208416,0.12067678369989351,0.4367373486847118
1785,0.41847237814510485,0.12067678369989351,0.4367373486854888
1786,0.577159605750124,0.14910977549446852,0.41275660960650123
1787,0.5771596057267484,0.14910977594321437,0.41275660960650123
1788,0.577159605750124,0.14910977549453308,0.41275660960650123
1789,0.5771596057273403,0.14910977549453308,0.41275660960650123
1790,0.5771596057504199,0.14910977549459764,0.4127566096072782
1791,0.5771596057270443,0.1491097759431498,0.41275660960650123
1792,0.5771596057498282,0.14910977549453308,0.41275660960650123
1793,0.5771596057273403,0.14910977549459764,0.41275660960650123
1794,0.5771596057504199,0.14910977549446852,0.41275660960650123
1795,0.5771596057270443,0.14910977594321437,0.41275660960650123
1796,0.577159605750124,0.14910977549453308,0.41275660960650123
1797,0.5771596057267484,0.14910977549453308,0.41275660960650123
1798,0.5771596057507158,0.14910977549459764,0.41275660960650123
1799,0.5771596057270443,0.1491097759431498,0.41275660960650123
1800,0.577159605750124,0.14910977549453308,0.4127566096072782
1801,0.5771596057270443,0.14910977549453308,0.41275660960650123
1802,0.5771596057504199,0.14910977549453308,0.41275660960650123
1803,0.5771596057267484,0.14910977594327893,0.41275660960650123
1804,0.5771596057504199,0.14910977549446852,0.41275660960650123
1805,0.11081346746120153,0.21315953762413126,-1.075139246858425
1806,0.11081346748428121,0.21315953762400214,-1.0751392468592023
1807,0.11081346746120153,0.21315953762413126,-1.075139246858425
1808,0.11081346746120153,0.21315953762400214,-1.075139246858425
1809,0.11081346748398532,0.21315953762413126,-1.075139246858425
1810,0.11081346746120153,0.21315953717544997,-1.0751392468592023
1811,0.11081346748428121,0.2131595376240667,-1.075139246858425
1812,0.11081346746120153,0.2131595376240667,-1.075139246858425
1813,0.11081346746120153,0.2131595376240667,-1.075139246858425
1814,0.11081346748457711,0.21315953762413126,-1.0751392468592023
1815,0.11081346746060974,0.21315953762400214,-1.075139246858425
1816,0.2210912068835055,0.3509269502271616,-0.919809459645169
1817,0.22109120686012992,0.350926950227097,-0.919809459645169
1818,0.2210912068832096,0.35092695022722614,-0.919809459645169
1819,0.2210912068832096,0.350926950227097,-0.919809459645169
1820,0.22109120688380138,0.350926950227097,-0.919809459645169
1821,0.22109120685953812,0.3509269497784803,-0.919809459645946
1822,0.2210912068835055,0.3509269502271616,-0.919809459645169
1823,0.2210912068832096,0.3509269502271616,-0.919809459645169
1824,0.2210912068832096,0.350926950227097,-0.919809459645169
1825,0.22109120685953812,0.350926950227097,-0.919809459645169
1826,0.22109120688380138,0.35092695022722614,-0.919809459645169
1827,-0.10015264269139189,0.4083300386995335,-1.3857988212849375
1828,-0.2989476311229287,0.22375703100476968,-0.7812074956699646
1829,-0.2989476311463043,0.2237570305560884,-0.7812074956707417
1830,-0.29894763112263284,0.22375703100476968,-0.7812074956699646
1831,-0.2989476311232246,0.22375703100483424,-0.7812074956699646
1832,-0.2989476311463043,0.2237570305560884,-0.7812074956707417
1833,-0.29894763112263284,0.22375703100476968,-0.7812074956699646
1834,-0.2989476311229287,0.22375703100476968,-0.7812074956699646
1835,-0.2989476311229287,0.22375703100476968,-0.7812074956699646
1836,-0.2989476311460084,0.2237570305560884,-0.7812074956707417
1837,-0.2989476311232246,0.22375703100483424,-0.7812074956699646
1838,-0.2989476311229287,0.22375703100476968,-0.7812074956699646
1839,-0.2989476311460084,0.2237570305560884,-0.7812074956707417
1840,-0.2989476311229287,0.22375703100483424,-0.7812074956699646
1841,-0.3563257764747006,0.4128402814902442,-0.848801556918665
1842,-0.35632577647440467,0.4128402814902442,-0.848801556919442
1843,-0.3563257764741088,0.41284028149017965,-0.848801556919442
1844,-0.35632577649778024,0.4128402814902442,-0.848801556918665
1845,-0.3563257764747006,0.41284028149030877,-0.848801556918665
1846,-0.3563257764741088,0.4128402814902442,-0.848801556919442
1847,-0.3563257764741088,0.4128402814902442,-0.848801556919442
1848,-0.35632577647440467,0.4128402810415629,-0.848801556918665
1849,-0.3563257764747006,0.4128402814902442,-0.848801556918665
1850,-0.3563257764741088,0.4128402814902442,-0.848801556919442
1851,-0.35632577649778024,0.41284028149030877,-0.848801556919442
1852,-0.3563257764741088,0.4128402814902442,-0.848801556918665
1853,-0.3563257764747006,0.4128402814902442,-0.848801556918665
1854,-0.3563257764741088,0.4128402814902442,-0.848801556919442
1855,-0.5597573827078772,0.0024081978580131635,-0.848801556919442
1856,-0.5597573827075814,0.0024081983065653407,-0.848801556918665
1857,-0.5597573827078772,0.0024081983065653407,-0.848801556919442
1858,-0.5597573827312529,0.0024081978580131635,-0.848801556918665
1859,-0.5597573827075814,0.0024081978578840463,-0.848801556919442
1860,-0.5597573827078772,0.002408198306629899,-0.848801556918665
1861,-0.5597573827075814,0.002408198306629899,-0.848801556919442
1862,-0.5597573827075814,0.0024081978578840463,-0.848801556919442
1863,-0.5597573827072855,0.0024081978580131635,-0.848801556918665
1864,-0.5597573827078772,0.0024081983065653407,-0.848801556919442
1865,-0.5597573827312529,0.0024081983065653407,-0.848801556918665
1866,-0.5597573827072855,0.002408197857948605,-0.848801556919442
1867,-0.5597573827084691,0.0024081978580131635,-0.848801556918665
1868,-0.5597573827072855,0.0024081983065653407,-0.848801556919442
1869,-0.8121632645197898,-0.586178470622148,-1.1010275447273012
1870,-0.8121632645194939,-0.5861784710707647,-1.1010275447273012
1871,-0.8121632645197898,-0.5861784706222125,-1.1010275447280782
1872,-0.8121632645428695,-0.5861784710707647,-1.1010275447273012
1873,-0.8121632645197898,-0.586178470622148,-1.1010275447273012
1874,-0.8121632645194939,-0.5861784706220834,-1.1010275447280782
1875,-0.8121632645197898,-0.5861784710708293,-1.1010275447273012
1876,-0.8121632645194939,-0.586178470622148,-1.1010275447273012
1877,-0.8121632645431653,-0.5861784710707647,-1.1010275447273012
1878,-0.8121632645194939,-0.586178470622148,-1.1010275447273012
1879,-0.8121632645197898,-0.5861784710707647,-1.1010275447280782
1880,-0.8121632645194939,-0.5861784706222125,-1.1010275447273012
1881,-0.6120557041321876,-0.34567641280056055,-0.6018402481733269
1882,-0.612055704155859,-0.3456764132491773,-0.60184024817255
1883,-0.6120557041321876,-0.34567641280056055,-0.6018402481733269
1884,-0.6120557041318917,-0.3456764128006251,-0.6018402481733269
1885,-0.612055704155859,-0.3456764132491773,-0.6018402481733269
1886,-0.6120557041321876,-0.3456764128006251,-0.60184024817255
1887,-0.6120557041321876,-0.3456764128006251,-0.6018402481733269
1888,-0.612055704155859,-0.3456764132491773,-0.6018402481733269
1889,-0.6120557041315957,-0.34567641280056055,-0.60184024817255
1890,-0.612055704156155,-0.34567641324930637,-0.6018402481733269
1891,-0.6120557041318917,-0.34567641280056055,-0.6018402481733269
1892,-0.6120557041324834,-0.3456764128006251,-0.60184024817255
1893,-0.6120557041552672,-0.3456764132491773,-0.6018402481733269
1894,-0.6120557041321876,-0.34567641280056055,-0.6018402481733269
1895,-0.6120557041324834,-0.34567641280056055,-0.6018402481733269
1896,-0.6120557041549713,-0.34567641324930637,-0.60184024817255
1897,-0.6120557041324834,-0.34567641280056055,-0.6018402481733269
1898,-0.7359810580667401,-0.41253412811637646,-0.47453073630050135
1899,-0.7359810580664442,-0.4125341276677597,-0.47453073629972436
1900,-0.7359810580901157,-0.41253412766769515,-0.47453073629972436
1901,-0.735981058067036,-0.41253412811637646,-0.47453073630050135
1902,-0.7359810580664442,-0.41253412811637646,-0.47453073630050135
1903,-0.7359810580667401,-0.41253412766769515,-0.47453073629972436
1904,-0.7359810580898198,-0.4125341276677597,-0.47453073629972436
1905,-0.7359810580667401,-0.41253412811637646,-0.47453073630050135
1906,-0.7359810580667401,-0.4125341281163119,-0.47453073630050135
1907,-0.7359810580664442,-0.4125341276677597,-0.47453073629972436
1908,-0.7359810580667401,-0.41253412766769515,-0.47453073630050135
1909,-0.7359810580904116,-0.412534128116441,-0.47453073629972436
1910,-0.7359810580664442,-0.41253412811637646,-0.47453073630050135
1911,-0.7359810580661483,-0.41253412766769515,-0.47453073629972436
1912,-0.735981058067036,-0.41253412766769515,-0.47453073629972436
1913,-0.7359810580901157,-0.412534128116441,-0.47453073630050135
1914,-0.7359810580661483,-0.41253412811637646,-0.47453073630050135
1915,-0.7359810580673319,-0.41253412766769515,-0.47453073629972436
1916,-0.7014060566738923,-0.34307639057572775,-0.01889669380750623
1917,-0.7014060566978597,-0.3430763910242799,-0.01889669380750623
1918,-0.7014060566747801,-0.34307639057572775,-0.01889669380750623
1919,-0.7014060566981556,-0.3430763905756632,-0.01889669380750623
1920,-0.7014060566741882,-0.3430763905756632,-0.01889669380750623
1921,-0.7014060566741882,-0.34307639102434445,-0.01889669380750623
1922,-0.7014060566978597,-0.3430763905756632,-0.01889669380750623
1923,-0.7014060566747801,-0.34307639057572775,-0.01889669380750623
1924,-0.7014060566978597,-0.343076391024409,-0.01889669380750623
1925,-0.7014060566741882,-0.34307639057559863,-0.01889669380750623
1926,-0.7014060566741882,-0.34307639057572775,-0.01889669380750623
1927,-0.7014060566981556,-0.3430763910242799,-0.01889669380750623
1928,-0.7014060566744842,-0.34307639057572775,-0.01889669380750623
1929,-0.7014060566981556,-0.34307639057572775,-0.01889669380750623
1930,-0.7014060566744842,-0.3430763910242799,-0.01889669380750623
1931,-0.7014060566741882,-0.34307639057572775,-0.01889669380750623
1932,-0.7014060566975638,-0.3430763905756632,-0.01889669380750623
1933,-0.7014060566747801,-0.34307639057572775,-0.01889669380750623
1934,-0.7014060566978597,-0.34307639102434445,-0.01889669380750623
1935,-0.7014060566747801,-0.3430763905756632,-0.01889669380750623
1936,-0.5859298700589187,-0.5487909329273248,0.32282883806165735
1937,-0.5859298700592147,-0.5487909329273893,0.32282883806243434
1938,-0.585929870083182,-0.5487909329273248,0.32282883806165735
1939,-0.5859298700592147,-0.5487909329273248,0.32282883806165735
1940,-0.5859298700592147,-0.5487909324787081,0.32282883806243434
1941,-0.5859298700595106,-0.5487909329273248,0.32282883806165735
1942,-0.5859298700592147,-0.5487909329273248,0.32282883806243434
1943,-0.5859298700825902,-0.5487909329273248,0.32282883806165735
1944,-0.5859298700595106,-0.5487909329273248,0.32282883806165735
1945,-0.5859298700592147,-0.5487909329273893,0.32282883806243434
1946,-0.5859298700598065,-0.5487909329272602,0.32282883806165735
1947,-0.5859298700825902,-0.5487909329273893,0.32282883806165735
1948,-0.5859298700595106,-0.5487909329273893,0.32282883806243434
1949,-0.5859298700592147,-0.5487909329273248,0.32282883806165735
1950,-0.5859298700592147,-0.5487909324787081,0.32282883806243434
1951,-0.5859298700592147,-0.5487909329272602,0.32282883806165735
1952,-0.5859298700828861,-0.5487909329273893,0.32282883806165735
1953,-0.5859298700592147,-0.5487909329273248,0.32282883806243434
1954,-0.5859298700598065,-0.5487909329273248,0.32282883806165735
1955,-0.6381162236333813,-0.27361865348363124,0.391173944436267
1956,-0.6381162236330853,-0.2736186534836958,0.39117394443549003
1957,-0.6381162236333813,-0.27361865348363124,0.39117394443549003
1958,-0.6381162236336771,-0.27361865348363124,0.391173944436267
1959,-0.6381162236330853,-0.2736186534836958,0.391173944436267
1960,-0.638116223633973,-0.2736186539323125,0.39117394443549003
1961,-0.6381162236330853,-0.27361865348363124,0.39117394443549003
1962,-0.6381162236336771,-0.27361865348363124,0.391173944436267
1963,-0.6381162236333813,-0.27361865348363124,0.391173944436267
1964,-0.6381162236330853,-0.27361865348363124,0.39117394443549003
1965,-0.6381162236105974,-0.2736186534836958,0.39117394443549003
1966,-0.6381162236336771,-0.27361865348363124,0.391173944436267
1967,-0.6381162236330853,-0.2736186534836958,0.391173944436267
1968,-0.6381162236333813,-0.27361865348363124,0.39117394443549003
1969,-0.6381162236336771,-0.2736186539323125,0.39117394443549003
1970,-0.6381162236336771,-0.27361865348363124,0.391173944436267
1971,-0.6381162236333813,-0.2736186534836958,0.391173944436267
1972,-0.6381162236330853,-0.27361865348363124,0.39117394443549003
1973,-0.6381162236336771,-0.2736186534836958,0.39117394443549003
1974,-0.6381162236333813,-0.27361865348363124,0.391173944436267
1975,-0.6727749417260785,-0.385472671820987,0.30655619368715725
1976,-0.6727749417263745,-0.385472671820987,0.30655619368715725
1977,-0.6727749417491583,-0.385472671820987,0.30655619368715725
1978,-0.6727749417263745,-0.38547267182105155,0.30655619368715725
1979,-0.6727749417263745,-0.38547267182092243,0.30655619368715725
1980,-0.6727749417260785,-0.38547267182105155,0.30655619368793424
1981,-0.67277494174975,-0.38547267182092243,0.30655619368715725
1982,-0.6727749417260785,-0.38547267182105155,0.30655619368715725
1983,-0.6727749417263745,-0.38547267182085787,0.30655619368715725
1984,-0.6727749417263745,-0.38547267182105155,0.30655619368715725
1985,-0.67277494174975,-0.3854726722696683,0.30655619368715725
1986,-0.6727749417257827,-0.385472671820987,0.30655619368715725
1987,-0.6727749417263745,-0.385472671820987,0.30655619368715725
1988,-0.6727749417260785,-0.385472671820987,0.30655619368715725
1989,-0.67277494174975,-0.385472671820987,0.30655619368715725
1990,-0.6727749417260785,-0.385472671820987,0.30655619368793424
1991,-0.6727749417263745,-0.38547267182092243,0.30655619368715725
1992,-0.6727749417263745,-0.385472671820987,0.30655619368715725
1993,-0.6727749417491583,-0.38547267182105155,0.30655619368715725
1994,-0.6727749417263745,-0.38547267182092243,0.30655619368715725
1995,-0.6727749417266704,-0.38547267182105155,0.30655619368715725
1996,-0.9412412135157364,-0.12340383457598045,-0.10882446535235012
1997,-0.9412412134920649,-0.1234038341273637,-0.10882446535157313
1998,-0.9412412135154404,-0.12340383457610957,-0.10882446535235012
1999,-0.9412412135157364,-0.1234038341273637,-0.10882446535235012
2000,-0.9412412134923608,-0.12340383457604501,-0.10882446535157313
2001,-0.9412412135154404,-0.1234038341273637,-0.10882446535235012
2002,-0.9412412135157364,-0.12340383457604501,-0.10882446535235012
2003,-0.9412412134923608,-0.1234038341273637,-0.10882446535157313
2004,-0.9412412135154404,-0.12340383457604501,-0.10882446535235012
2005,-0.9412412135154404,-0.12340383412742827,-0.10882446535235012
2006,-0.9412412135157364,-0.12340383457604501,-0.10882446535235012
2007,-0.9412412134923608,-0.1234038341273637,-0.10882446535157313
2008,-0.9412412135154404,-0.12340383457598045,-0.10882446535235012
2009,-0.9412412135157364,-0.12340383412742827,-0.10882446535235012
2010,-0.9412412134923608,-0.12340383457604501,-0.10882446535157313
2011,-0.9412412135154404,-0.12340383412742827,-0.10882446535235012
2012,-0.9412412135154404,-0.12340383457598045,-0.10882446535235012
2013,-0.9412412134923608,-0.1234038341273637,-0.10882446535157313
2014,-0.9412412135157364,-0.12340383457610957,-0.10882446535235012
2015,-0.8121632645197898,-0.09681714084488964,-0.18975945974208802
2016,-0.8121632645194939,-0.09681714039633747,-0.18975945974208802
2017,-0.8121632645197898,-0.0968171408449542,-0.189759459742865
2018,-0.8121632645194939,-0.09681714084501876,-0.18975945974208802
2019,-0.8121632645431653,-0.09681714039627291,-0.18975945974208802
2020,-0.8121632645194939,-0.0968171408449542,-0.18975945974208802
2021,-0.8121632645197898,-0.0968171408449542,-0.18975945974208802
2022,-0.8121632645191981,-0.09681714084488964,-0.189759459742865
2023,-0.8121632645200857,-0.09681714039633747,-0.18975945974208802
2024,-0.8121632645191981,-0.0968171408449542,-0.18975945974208802
2025,-0.9615975925547765,-0.5598687217576861,-0.10025991568156059
2026,-0.9615975925535929,-0.5598687222063028,-0.1002599156807836
2027,-0.9615975925772644,-0.559868721757557,-0.10025991568156059
2028,-0.9615975925535929,-0.5598687217576215,-0.1002599156807836
2029,-0.9615975925544805,-0.5598687222063028,-0.10025991568156059
2030,-0.961597592553297,-0.5598687217576861,-0.1002599156807836
2031,-0.9615975925778562,-0.5598687217576215,-0.10025991568156059
2032,-0.961597592553297,-0.5598687222062382,-0.1002599156807836
2033,-0.9615975925544805,-0.5598687217576215,-0.10025991568156059
2034,-0.9615975925535929,-0.5598687217576861,-0.1002599156807836
2035,-0.9615975925772644,-0.5598687222062382,-0.10025991568156059
2036,-0.9615975925547765,-0.5598687217576215,-0.1002599156807836
2037,-0.961597592553297,-0.5598687217576215,-0.10025991568156059
2038,-0.9615975925535929,-0.5598687222063028,-0.1002599156807836
2039,-0.9615975925775603,-0.5598687217576215,-0.10025991568156059
2040,-0.9615975925538888,-0.5598687217576215,-0.1002599156807836
2041,-0.9615975925538888,-0.5598687222063028,-0.10025991568156059
2042,-0.9615975925544805,-0.5598687217576861,-0.1002599156807836
2043,-0.9615975925769684,-0.5598687217574924,-0.10025991568156059
2044,-0.9615975925541846,-0.5598687222063673,-0.1002599156807836
2045,-0.9615975925535929,-0.5598687217576215,-0.10025991568156059
2046,-0.5409211228751597,-0.3899829146116332,-0.01889669380750623
2047,-0.5409211228757514,-0.38998291461169776,-0.01889669380750623
2048,-0.5409211228748638,-0.3899829141629519,-0.01889669380750623
2049,-0.5409211228748638,-0.38998291461169776,-0.01889669380750623
2050,-0.5409211228754556,-0.3899829146116332,-0.01889669380750623
2051,-0.5409211228748638,-0.38998291461169776,-0.01889669380750623
2052,-0.5409211228751597,-0.3899829141629519,-0.01889669380750623
2053,-0.5409211228754556,-0.38998291461169776,-0.01889669380750623
2054,-0.5409211228748638,-0.3899829146116332,-0.01889669380750623
2055,-0.5409211228754556,-0.3899829146116332,-0.01889669380750623
2056,-0.5409211228751597,-0.38998291461169776,-0.01889669380750623
2057,-0.5409211228754556,-0.389982914163081,-0.01889669380750623
2058,-0.5409211228748638,-0.3899829146116332,-0.01889669380750623
2059,-0.5409211228751597,-0.38998291461156864,-0.01889669380750623
2060,-0.3186532568095614,-0.3539009731835681,-0.01889669380750623
2061,-0.31865325680926554,-0.35390097318363267,-0.01889669380750623
2062,-0.31865325678559403,-0.3539009731835681,-0.01889669380750623
2063,-0.31865325680926554,-0.3539009727349514,-0.01889669380750623
2064,-0.3186532568095614,-0.3539009731835681,-0.01889669380750623
2065,-0.31865325680926554,-0.3539009731835681,-0.01889669380750623
2066,-0.3186532568095614,-0.3539009731835681,-0.01889669380750623
2067,-0.31865325678559403,-0.3539009731835681,-0.01889669380750623
2068,-0.3186532568098573,-0.35390097318363267,-0.01889669380750623
2069,-0.31865325680926554,-0.3539009731835681,-0.01889669380750623
2070,-0.31865325680926554,-0.3539009727349514,-0.01889669380750623
2071,-0.31865325678588996,-0.3539009731835681,-0.01889669380750623
2072,-0.3186532568095614,-0.3539009731835681,-0.01889669380750623
2073,-0.31865325680926554,-0.3539009731835681,-0.01889669380750623
2074,0.07725067722615536,-0.28050702431568286,0.1364330934057499
2075,0.0772506772018921,-0.2805070238670661,0.1364330934057499
2076,0.07725067722556359,-0.28050702431568286,0.1364330934065269
2077,0.077250677202188,-0.28050702431568286,0.1364330934057499
2078,0.07725067722526768,-0.2805070238670661,0.1364330934057499
2079,0.077250677202188,-0.28050702431568286,0.1364330934057499
2080,0.07725067722556359,-0.2805070238670661,0.1364330934057499
2081,0.0772506772018921,-0.28050702431568286,0.1364330934057499
2082,0.07725067722556359,-0.28050702431568286,0.1364330934065269
2083,0.077250677202188,-0.2805070238670661,0.1364330934057499
2084,0.07725067722556359,-0.28050702431568286,0.1364330934057499
2085,-0.11773315187427608,-0.43358192720794597,0.5506458593085434
2086,-0.11773315189824345,-0.4335819267594584,0.5506458593077663
2087,-0.11773315187427608,-0.43358192720781685,0.5506458593085434
2088,-0.22321620697394837,-0.5261922434802803,0.1861386253139919
2089,-0.2232162069508687,-0.5261922430316636,0.1861386253139919
2090,-0.22321620697424427,-0.5261922434802803,0.18613862531476888
2091,-0.2232162069508687,-0.5261922430315344,0.1861386253139919
2092,-0.2232162069733566,-0.5261922434802803,0.1861386253139919
2093,-0.22321620697424427,-0.5261922430315344,0.1861386253139919
2094,-0.2232162069508687,-0.5261922434802803,0.1861386253139919
2095,-0.22321620697365246,-0.5261922430315344,0.18613862531476888
2096,-0.22321620695146047,-0.5261922434802803,0.1861386253139919
2097,-0.22321620697365246,-0.5261922430316636,0.1861386253139919
2098,-0.22321620697424427,-0.5261922434802803,0.1861386253139919
2099,-0.22321620695027689,-0.5261922430314698,0.1861386253139919
2100,-0.22321620697424427,-0.5261922434802803,0.18613862531476888
2101,-0.2232162069505728,-0.526192243031599,0.1861386253139919
2102,-0.22321620697424427,-0.5261922434802803,0.1861386253139919
2103,-0.4731105874640022,-0.4350853411724384,-0.11653256005606068
2104,-0.4731105874640022,-0.43508534117237385,-0.11653256005606068
2105,-0.4731105874640022,-0.43508534162124884,-0.11653256005528369
2106,-0.47311058746429807,-0.43508534117237385,-0.11653256005606068
2107,-0.4731105874640022,-0.43508534117237385,-0.11653256005606068
2108,-0.47311058746429807,-0.43508534117250297,-0.11653256005606068
2109,-0.47311058746370627,-0.43508534162105517,-0.11653256005528369
2110,-0.4731105874640022,-0.43508534117250297,-0.11653256005606068
2111,-0.4731105874640022,-0.4350853411724384,-0.11653256005606068
2112,-0.4731105874640022,-0.4350853411724384,-0.11653256005606068
2113,-0.47311058746429807,-0.43508534117237385,-0.11653256005606068
2114,-0.4731105874640022,-0.4350853416211197,-0.11653256005528369
2115,-0.4731105874640022,-0.43508534117237385,-0.11653256005606068
2116,-0.4731105874640022,-0.43508534117250297,-0.11653256005606068
2117,-0.6671240637695761,-0.2862473331180842,-0.01889669380750623
2118,-0.6671240637926559,-0.28624733311801964,-0.01889669380750623
2119,-0.6671240637932476,-0.28624733266946745,-0.01889669380750623
2120,-0.6671240637692802,-0.28624733311814876,-0.01889669380750623
2121,-0.8121632645197898,-0.3020331824366968,-0.8732105234811921
2122,-0.8121632645194939,-0.3020331819881446,-0.8732105234811921
2123,-0.8121632645431653,-0.3020331824368259,-0.8732105234811921
2124,-0.8121632645194939,-0.30203318243676136,-0.8732105234811921
2125,-0.706680209443789,-0.3037871658439526,-0.47453073630050135
2126,-0.7066802094195257,-0.3037871653952713,-0.47453073629972436
2127,-0.706680209443789,-0.30378716584401716,-0.47453073630050135
2128,-0.7066802094429013,-0.30378716539533585,-0.47453073629972436
2129,-0.706680209443789,-0.30378716584388804,-0.47453073630050135
2130,-0.7066802094204134,-0.3037871653954004,-0.47453073629972436
2131,-0.7066802094431972,-0.3037871658439526,-0.47453073630050135
2132,-0.7066802094434931,-0.3037871653952713,-0.47453073629972436
2133,-0.706680209443789,-0.30378716584401716,-0.47453073630050135
2134,-0.7066802094198216,-0.3037871658439526,-0.47453073630050135
2135,-0.7066802094434931,-0.3037871653952713,-0.47453073629972436
2136,-0.7066802094431972,-0.30378716584401716,-0.47453073630050135
2137,-0.7066802094204134,-0.30378716539533585,-0.47453073629972436
2138,-0.7066802094429013,-0.30378716584388804,-0.47453073630050135
2139,-0.706680209443789,-0.3037871653954004,-0.47453073629972436
2140,-0.706680209443789,-0.3037871658439526,-0.47453073630050135
2141,-0.7066802094201176,-0.30378716539533585,-0.47453073629972436
2142,-0.706680209443789,-0.3037871658439526,-0.47453073630050135
2143,-0.5583446632296997,-0.2507291721509476,-0.4246957629028178
2144,-0.5583446632299955,-0.2507291717023309,-0.4246957629020408
2145,-0.5583446632072118,-0.2507291721510767,-0.4246957629028178
2146,-0.5583446632299955,-0.2507291717023309,-0.4246957629020408
2147,-0.5583446632302915,-0.2507291721509476,-0.4246957629028178
2148,-0.5583446632305874,-0.2507291717023309,-0.4246957629020408
2149,-0.5583446632296997,-0.25072917215101215,-0.4246957629028178
2150,-0.55834466320662,-0.2507291717023309,-0.4246957629028178
2151,-0.5583446632305874,-0.2507291721509476,-0.4246957629020408
2152,-0.5583446632299955,-0.2507291721510767,-0.4246957629028178
2153,-0.5583446632305874,-0.2507291717023309,-0.4246957629020408
2154,-0.5583446632299955,-0.2507291721510767,-0.4246957629028178
2155,-0.5583446632302915,-0.25072917170220177,-0.4246957629020408
2156,-0.5583446632063241,-0.2507291721510767,-0.4246957629028178
2157,-0.5583446632308833,-0.2507291717023309,-0.4246957629020408
2158,-0.5583446632296997,-0.25072917215101215,-0.4246957629028178
2159,-0.526141903616325,-0.33967636168480625,-0.9126403925432578
2160,-0.5261419036166208,-0.33967636168499993,-0.9126403925432578
2161,-0.5261419036157332,-0.3396763616848708,-0.9126403925424807
2162,-0.526141903616325,-0.33967636123638323,-0.9126403925432578
2163,-0.5261419036160291,-0.33967636168480625,-0.9126403925432578
2164,-0.526141903616325,-0.33967636168499993,-0.9126403925432578
2165,-0.5261419036399965,-0.3396763616848708,-0.9126403925424807
2166,-0.5261419036157332,-0.33967636168499993,-0.9126403925432578
2167,-0.526141903616325,-0.3396763616848708,-0.9126403925432578
2168,-0.5261419036166208,-0.3396763612362541,-0.9126403925432578
2169,-0.5261419036157332,-0.33967636168493537,-0.9126403925424807
2170,-0.526141903616325,-0.33967636168493537,-0.9126403925432578
2171,-0.526141903616325,-0.33967636168499993,-0.9126403925432578
2172,-0.7392558588080015,-0.1933893955532947,-0.6018402481733269
2173,-0.7392558588085933,-0.19338939555335927,-0.60184024817255
2174,-0.7392558587843301,-0.19338939555335927,-0.6018402481733269
2175,-0.7392558588085933,-0.19338939555335927,-0.6018402481733269
2176,-0.7392558588085933,-0.193389396001976,-0.6018402481733269
2177,-0.7392558588085933,-0.19338939555342383,-0.60184024817255
2178,-0.7392558587849218,-0.19338939555335927,-0.6018402481733269
2179,-0.7392558588080015,-0.19338939555335927,-0.6018402481733269
2180,-0.7392558588085933,-0.19338939555323015,-0.60184024817255
2181,-0.7392558588080015,-0.19338939555335927,-0.6018402481733269
2182,-0.7392558587849218,-0.19338939555335927,-0.6018402481733269
2183,-0.7392558588080015,-0.19338939555335927,-0.60184024817255
2184,-0.7392558588085933,-0.19338939600204055,-0.6018402481733269
2185,-0.7392558588085933,-0.19338939555335927,-0.6018402481733269
2186,-0.7392558587849218,-0.19338939555335927,-0.6018402481733269
2187,-0.7392558588080015,-0.19338939555335927,-0.60184024817255
2188,-0.7392558588085933,-0.1933893955532947,-0.6018402481733269
2189,-0.680309445668871,-0.24836129466347112,-0.4517490341751134
2190,-0.6803094456679832,-0.24836129466347112,-0.4517490341758904
2191,-0.680309445668575,-0.2483612942147898,-0.4517490341751134
2192,-0.6803094456454953,-0.24836129466347112,-0.4517490341758904
2193,-0.680309445668575,-0.24836129466340656,-0.4517490341751134
2194,-0.680309445668575,-0.24836129466353568,-0.4517490341758904
2195,-0.680309445668575,-0.24836129466340656,-0.4517490341751134
2196,-0.680309445668871,-0.2483612942147898,-0.4517490341758904
2197,-0.680309445668575,-0.24836129466347112,-0.4517490341751134
2198,-0.6803094456679832,-0.24836129466340656,-0.4517490341758904
2199,-0.680309445668871,-0.24836129466353568,-0.4517490341751134
2200,-0.6803094456451995,-0.24836129466340656,-0.4517490341758904
2201,-0.680309445668575,-0.24836129421485437,-0.4517490341751134
2202,-0.680309445668575,-0.24836129466347112,-0.4517490341758904
2203,-0.680309445668871,-0.24836129466347112,-0.4517490341751134
2204,-0.5438019626191757,-0.338247778064519,-0.7023477575466104
2205,-0.5438019626194716,-0.3382477780646481,-0.7023477575466104
2206,-0.5438019626188797,-0.3382477776159023,-0.7023477575458333
2207,-0.5438019626197674,-0.33824777806458356,-0.7023477575466104
2208,-0.5438019625955042,-0.3382477780646481,-0.7023477575466104
2209,-0.5438019626188797,-0.33824777806458356,-0.7023477575466104
2210,-0.5438019626197674,-0.3382477776159023,-0.7023477575466104
2211,-0.5438019626188797,-0.33824777806458356,-0.7023477575466104
2212,-0.5438019626197674,-0.3382477780646481,-0.7023477575458333
2213,-0.543801962618288,-0.33824777806458356,-0.7023477575466104
2214,-0.5438019626197674,-0.3382477776159023,-0.7023477575466104
2215,-0.5438019626188797,-0.33824777806458356,-0.7023477575466104
2216,-0.5438019625960959,-0.3382477780646481,-0.7023477575466104
2217,-0.5438019626191757,-0.338247778064519,-0.7023477575466104
2218,-0.5438019626194716,-0.338247777616096,-0.7023477575458333
2219,-0.5438019626191757,-0.338247778064519,-0.7023477575466104
2220,-0.5438019626188797,-0.33824777806458356,-0.7023477575466104
2221,-0.680309445668575,-0.03367374312143515,-0.40082522942598314
2222,-0.680309445668575,-0.033673743570245565,-0.40082522942676013
2223,-0.680309445668871,-0.03367374312143515,-0.40082522942598314
2224,-0.680309445668575,-0.03367374312143515,-0.40082522942676013
2225,-0.6803094456449036,-0.033673743570116446,-0.40082522942598314
2226,-0.680309445668871,-0.03367374312156427,-0.40082522942598314
2227,-0.6803094456682791,-0.03367374312143515,-0.40082522942676013
2228,-0.680309445668575,-0.033673743570181006,-0.40082522942598314
2229,-0.680309445668575,-0.03367374312149971,-0.40082522942676013
2230,-0.680309445668871,-0.033673743570181006,-0.40082522942598314
2231,-0.680309445668575,-0.03367374312143515,-0.40082522942676013
2232,-0.6803094456682791,-0.03367374312143515,-0.40082522942598314
2233,-0.6803094456451995,-0.033673743570116446,-0.40082522942598314
2234,-0.6803094456691668,-0.03367374312156427,-0.40082522942676013
2235,-0.6803094456679832,-0.03367374312143515,-0.40082522942598314
2236,-0.680309445668575,-0.033673743570116446,-0.40082522942676013
2237,-0.680309445668871,-0.03367374312156427,-0.40082522942598314
2238,-0.6162661622288137,-0.2185936930525357,-0.8243925903569149
2239,-0.6162661622048463,-0.21859369260391898,-0.8243925903569149
2240,-0.6162661622285178,-0.21859369305260026,-0.8243925903569149
2241,-0.6162661622288137,-0.2185936930525357,-0.824392590357692
2242,-0.6162661622288137,-0.21859369305260026,-0.8243925903569149
2243,-0.6162661622054381,-0.21859369260398354,-0.8243925903569149
2244,-0.6162661622285178,-0.2185936930525357,-0.8243925903569149
2245,-0.6162661622285178,-0.2185936930525357,-0.8243925903569149
2246,-0.6162661622051422,-0.2185936926040481,-0.8243925903569149
2247,-0.6162661622288137,-0.2185936930525357,-0.8243925903569149
2248,-0.6162661622285178,-0.21859369305260026,-0.824392590357692
2249,-0.6162661622291096,-0.2185936930525357,-0.8243925903569149
2250,-0.6162661622051422,-0.21859369260391898,-0.8243925903569149
2251,-0.6162661622285178,-0.2185936930525357,-0.8243925903569149
2252,-0.6539386818939529,-0.3493907303930511,-1.300367438318035
2253,-0.653938681893361,-0.3493907303928574,-1.300367438318035
2254,-0.653938681893657,-0.34939073039279284,-1.300367438318035
2255,-0.6539386818939529,-0.34939073039292196,-1.300367438318035
2256,-0.7423583015917007,0.237471433939271,-0.30031772005269974
2257,-0.7423583016150763,0.23747143393946465,-0.30031772005347673
2258,-0.7423583015917007,0.2374714339394001,-0.30031772005269974
2259,-0.7423583015914048,0.2374714339394001,-0.30031772005269974
2260,-0.7423583016144845,0.2374714339394001,-0.30031772005269974
2261,-0.7423583015917007,0.23747143393946465,-0.30031772005347673
2262,-0.7423583015917007,0.2374714339394001,-0.30031772005269974
2263,-0.7423583016153722,0.2374714339394001,-0.30031772005269974
2264,-0.7423583015911089,0.23747143393933554,-0.30031772005347673
2265,-0.7423583016156681,0.2374714339394001,-0.30031772005269974
2266,-0.7423583015911089,0.23747143393946465,-0.30031772005269974
2267,-0.7423583015917007,0.23747143393933554,-0.30031772005347673
2268,-0.7423583016150763,0.23747143393946465,-0.30031772005269974
2269,-0.7423583015914048,0.2374714339394001,-0.30031772005269974
2270,-0.7423583015917007,0.23747143393933554,-0.30031772005269974
2271,-0.7423583016150763,0.2374714339394001,-0.30031772005347673
2272,-0.7423583015914048,0.23747143393952921,-0.30031772005269974
2273,-0.7423583015917007,0.16689940147983953,0.16201682306440388
2274,-0.7423583016150763,0.1668994014799041,0.16201682306440388
2275,-0.7423583015917007,0.16689940147996865,0.16201682306518086
2276,-0.7423583015917007,0.16689940147996865,0.16201682306440388
2277,-0.7423583015917007,0.1668994014799041,0.16201682306440388
2278,-0.7423583016147803,0.16689940147996865,0.16201682306440388
2279,-0.7423583015917007,0.1668994014799041,0.16201682306440388
2280,-0.7423583015917007,0.16689940147996865,0.16201682306440388
2281,-0.7423583016150763,0.1668994019287145,0.16201682306518086
2282,-0.7423583015917007,0.16689940147983953,0.16201682306440388
2283,-0.742358301590813,0.1668994014800332,0.16201682306440388
2284,-0.7423583016150763,0.16689940147983953,0.16201682306440388
2285,-0.7423583015919966,0.16689940147996865,0.16201682306440388
2286,-0.7423583015917007,0.1668994014799041,0.16201682306440388
2287,-0.7423583015917007,0.16689940147996865,0.16201682306518086
2288,-0.7423583016150763,0.1668994014799041,0.16201682306440388
2289,-0.7423583015917007,0.16689940147996865,0.16201682306440388
2290,-0.5996459329518232,0.08147009909983742,-0.11940420318078963
2291,-0.5996459329524151,0.08147009909983742,-0.11940420318078963
2292,-0.5996459329521192,0.08147009909990198,-0.11940420318078963
2293,-0.5996459329524151,0.08147009909983742,-0.11940420318078963
2294,-0.5996459329524151,0.08147009909983742,-0.11940420318156664
2295,-0.5996459329521192,0.08147009909983742,-0.11940420318078963
2296,-0.5996459329518232,0.08147009909983742,-0.11940420318078963
2297,-0.599645932952711,0.08147009909996653,-0.11940420318078963
2298,-0.5996459329757906,0.08147009909983742,-0.11940420318078963
2299,-0.5996459329524151,0.08147009909990198,-0.11940420318078963
2300,-0.5996459329521192,0.08147009909983742,-0.11940420318078963
2301,-0.5996459329524151,0.0814700990997083,-0.11940420318078963
2302,-0.5996459329524151,0.08147009909990198,-0.11940420318156664
2303,-0.5996459329518232,0.08147009909990198,-0.11940420318078963
2304,-0.599645932952711,0.08147009909983742,-0.11940420318078963
2305,-0.5996459329524151,0.08147009909990198,-0.11940420318078963
2306,-0.5996459329521192,0.08147009909983742,-0.11940420318078963
2307,-0.6697611401536367,0.08419393197099467,-0.5656575447989449
2308,-0.6697611401542286,0.08419393197093011,-0.565657544798168
2309,-0.6697611401773083,0.08419393197099467,-0.5656575447989449
2310,-0.6697611401539327,0.08419393152231337,-0.565657544798168
2311,-0.6697611401539327,0.08419393197099467,-0.5656575447989449
2312,-0.6697611401536367,0.08419393197099467,-0.5656575447989449
2313,-0.6697611401542286,0.08419393197093011,-0.565657544798168
2314,-0.6697611401770124,0.08419393197099467,-0.5656575447989449
2315,-0.6697611401542286,0.08419393197099467,-0.565657544798168
2316,-0.6697611401536367,0.08419393197093011,-0.5656575447989449
2317,-0.6697611401542286,0.08419393197099467,-0.5656575447989449
2318,-0.6697611401542286,0.08419393152231337,-0.565657544798168
2319,-0.6697611401770124,0.08419393197099467,-0.5656575447989449
2320,-0.6697611401542286,0.08419393197099467,-0.565657544798168
2321,-0.6697611401536367,0.08419393197099467,-0.5656575447989449
2322,-0.8662927270089479,0.1690497960171434,-0.3606222256766698
2323,-0.8662927269849805,0.1690497955684621,-0.3606222256774468
2324,-0.8662927270089479,0.16904979601733708,-0.3606222256766698
2325,-0.866292727008356,0.16904979601707884,-0.3606222256774468
2326,-0.8662927269849805,0.16904979556859123,-0.3606222256766698
2327,-0.866292727008652,0.16904979601707884,-0.3606222256774468
2328,-0.8662927269855722,0.16904979556852667,-0.3606222256766698
2329,-0.866292727008356,0.1690497960171434,-0.3606222256766698
2330,-0.866292727008652,0.16904979601727252,-0.3606222256774468
2331,-0.8662927269852764,0.1690497955684621,-0.3606222256766698
2332,-0.8662927270089479,0.16904979601720796,-0.3606222256774468
2333,-0.866292727008356,0.16904979601707884,-0.3606222256766698
2334,-0.8662927269852764,0.16904979556859123,-0.3606222256766698
2335,-0.866292727008356,0.16904979601720796,-0.3606222256774468
2336,-0.8662927269852764,0.1690497955684621,-0.3606222256766698
2337,-0.8662927270089479,0.16904979601727252,-0.3606222256774468
2338,-0.8662927270080601,0.16904979601707884,-0.3606222256766698
2339,-0.8662927269855722,0.16904979556859123,-0.3606222256774468
2340,-0.866292727008652,0.16904979601707884,-0.3606222256766698
2341,-0.6967911730311537,0.2346856957451452,0.19468176361091521
2342,-0.6967911730068904,0.23468569574527431,0.19468176361091521
2343,-0.6967911730311537,0.23468569619382648,0.19468176361091521
2344,-0.6967911730305618,0.2346856957451452,0.19468176361091521
2345,-0.6967911730074822,0.2346856957451452,0.19468176361091521
2346,-0.6967911730311537,0.2346856957451452,0.19468176361091521
2347,-0.6967911730305618,0.23468569574527431,0.19468176361091521
2348,-0.6967911730074822,0.23468569574501608,0.19468176361091521
2349,-0.6967911730305618,0.23468569619389104,0.19468176361091521
2350,-0.6967911730308578,0.23468569574520975,0.19468176361091521
2351,-0.6967911730308578,0.23468569574501608,0.19468176361091521
2352,-0.6967911730074822,0.23468569574527431,0.19468176361091521
2353,-0.6967911730305618,0.2346856957451452,0.19468176361091521
2354,-0.6967911730308578,0.23468569619376192,0.19468176361091521
2355,-0.696791173007778,0.23468569574520975,0.19468176361091521
2356,-0.6967911730311537,0.2346856957451452,0.19468176361091521
2357,-0.2636513780862378,-0.03998808293862937,0.06653468916017316
2358,-0.26365137808564604,-0.03998808293875848,0.06653468915939616
2359,-0.2636513780628622,-0.03998808338737522,0.06653468916017316
2360,-0.2636513780862378,-0.03998808293862937,0.06653468915939616
2361,-0.2636513780862378,-0.03998808293875848,0.06653468916017316
2362,-0.2636513780862378,-0.03998808293862937,0.06653468916017316
2363,-0.2636513780859419,-0.03998808293875848,0.06653468915939616
2364,-0.2636513780628622,-0.03998808338737522,0.06653468916017316
2365,-0.2636513780862378,-0.03998808293862937,0.06653468915939616
2366,-0.2636513780862378,-0.03998808293875848,0.06653468916017316
2367,-0.2636513780859419,-0.03998808293862937,0.06653468916017316
2368,-0.2636513780862378,-0.03998808293869393,0.06653468915939616
2369,-0.26365137806315814,-0.03998808338743978,0.06653468916017316
2370,-0.2636513780859419,-0.03998808293862937,0.06653468915939616
2371,-0.2636513780865337,-0.03998808293869393,0.06653468916017316
2372,-0.2636513780859419,-0.03998808293869393,0.06653468916017316
2373,-0.2636513780862378,-0.03998808293869393,0.06653468915939616
2374,-0.2636513780628622,-0.03998808338737522,0.06653468916017316
2375,-0.2636513780862378,-0.03998808293862937,0.06653468915939616
2376,-0.26365137808564604,-0.03998808293875848,0.06653468916017316
2377,-0.2335576829576839,0.11118463894110786,0.3630318418109707
2378,-0.23355768295709212,0.11118463938978916,0.3630318418117477
2379,-0.2335576829576839,0.1111846389410433,0.3630318418109707
2380,-0.23355768295709212,0.11118463894117242,0.3630318418117477
2381,-0.23355768293371654,0.1111846389410433,0.3630318418109707
2382,-0.2335576829576839,0.11118463938978916,0.3630318418117477
2383,-0.23355768295709212,0.1111846389410433,0.3630318418109707
2384,-0.233557682957388,0.11118463894117242,0.3630318418117477
2385,-0.233557682957388,0.1111846393897246,0.3630318418109707
2386,-0.233557682957388,0.11118463894117242,0.3630318418117477
2387,-0.23355768295709212,0.1111846389410433,0.3630318418109707
2388,-0.23355768295709212,0.11118463938978916,0.3630318418117477
2389,-0.2335576829343083,0.1111846389410433,0.3630318418109707
2390,-0.23355768295709212,0.11118463894117242,0.3630318418117477
2391,-0.2335576829579798,0.1111846389410433,0.3630318418109707
2392,-0.233557682957388,0.11118463938978916,0.3630318418117477
2393,-0.23355768295709212,0.11118463894110786,0.3630318418109707
2394,-0.299816996976548,0.2730227585685656,-0.2629863594288923
2395,-0.2998169969534683,0.2730227585686302,-0.2629863594281153
2396,-0.2998169969768439,0.2730227585685656,-0.2629863594288923
2397,-0.2998169969537642,0.2730227585685656,-0.2629863594281153
2398,-0.2998169969768439,0.2730227585686302,-0.2629863594288923
2399,-0.29981699695258063,0.2730227585686302,-0.2629863594281153
2400,-0.2998169969774357,0.2730227585685656,-0.2629863594288923
2401,-0.2998169969768439,0.27302275811994886,-0.2629863594288923
2402,-0.29981699695317243,0.27302275856850106,-0.2629863594281153
2403,-0.2998169969774357,0.2730227585685656,-0.2629863594288923
2404,-0.29981699695258063,0.2730227585686302,-0.2629863594281153
2405,-0.2998169969768439,0.2730227585685656,-0.2629863594288923
2406,-0.29981699695317243,0.2730227585685656,-0.2629863594281153
2407,-0.2998169969774357,0.2730227585686302,-0.2629863594288923
2408,-0.04741111516433953,0.33115477506459307,-1.2718903106618829
2409,-0.04741111514185163,0.33115477551320976,-1.27189031066266
2410,-0.047411115164931315,0.33115477506459307,-1.2718903106618829
2411,-0.047411115164931315,0.3311547750646576,-1.27189031066266
2412,-0.04741111514125984,0.33115477551308065,-1.2718903106618829
2413,-0.04741111516433953,0.3311547750646576,-1.27189031066266
2414,-0.047411115164931315,0.33115477506459307,-1.2718903106618829
2415,-0.04741111514185163,0.33115477551320976,-1.27189031066266
2416,-0.047411115164931315,0.33115477506459307,-1.2718903106618829
2417,0.0580719399110695,0.5346168336978903,-0.01889669380750623
2418,-0.5903386045554541,0.5717600087237544,0.3630318418109707
2419,-0.5903386045791256,0.5717600082750731,0.3630318418117477
2420,-0.5903386045560458,0.5717600087237544,0.3630318418109707
2421,-0.5903386045548623,0.5717600087238189,0.3630318418117477
2422,-0.5903386045791256,0.5717600087237544,0.3630318418109707
2423,-0.5903386045560458,0.5717600082752022,0.3630318418109707
2424,-0.5903386045554541,0.5717600087237544,0.3630318418117477
2425,-0.5903386045791256,0.5717600087237544,0.3630318418109707
2426,-0.5903386045554541,0.5717600082750086,0.3630318418117477
2427,-0.5903386045785337,0.5717600087237544,0.3630318418109707
2428,-0.5903386045566377,0.5717600087238836,0.3630318418117477
2429,-0.5903386045554541,0.5717600082750731,0.3630318418109707
2430,-0.5903386045791256,0.5717600087237544,0.3630318418109707
2431,-0.5903386045554541,0.5717600087237544,0.3630318418117477
2432,-0.5903386045554541,0.5717600087237544,0.3630318418109707
2433,-0.5903386045791256,0.5717600082750731,0.3630318418117477
2434,-0.5903386045554541,0.5717600087238189,0.3630318418109707
2435,-0.6506423364309649,0.39254418938085633,0.6859122156731292
2436,-0.6506423364072934,0.3925441893807918,0.6859122156731292
2437,-0.6506423364303731,0.3925441893809854,0.6859122156739061
2438,-0.6506423364303731,0.3925441893807918,0.6859122156731292
2439,-0.6506423364309649,0.3925441893809854,0.6859122156731292
2440,-0.6506423364303731,0.3925441893807918,0.6859122156731292
2441,-0.6506423364072934,0.39254418938085633,0.6859122156731292
2442,-0.6506423364309649,0.39254418982960215,0.6859122156731292
2443,-0.6506423364303731,0.3925441893807918,0.6859122156739061
2444,-0.6506423364072934,0.3925441893809854,0.6859122156731292
2445,-0.6506423364303731,0.39254418938085633,0.6859122156731292
2446,-0.6506423364303731,0.3925441893807918,0.6859122156731292
2447,-0.6506423364309649,0.3925441893809854,0.6859122156731292
2448,-0.6506423364303731,0.3925441893807272,0.6859122156739061
2449,-0.6506423364072934,0.3925441893809854,0.6859122156731292
2450,-0.6506423364309649,0.3925441893807918,0.6859122156731292
2451,-0.45693356431283355,0.14832781396703656,0.48364085305968774
2452,-0.45693356431283355,0.148327813966972,0.48364085305891075
2453,-0.45693356431283355,0.14832781396703656,0.48364085305968774
2454,-0.45693356431342536,0.14832781396690747,0.48364085305891075
2455,-0.4569335642891621,0.14832781441565332,0.48364085305968774
2456,-0.45693356431342536,0.14832781396703656,0.48364085305968774
2457,-0.45693356431283355,0.14832781396703656,0.48364085305891075
2458,-0.45693356431283355,0.148327813966972,0.48364085305968774
2459,-0.45693356431283355,0.14832781396703656,0.48364085305891075
2460,-0.45693356431224175,0.14832781396690747,0.48364085305968774
2461,-0.4569335643140171,0.14832781396703656,0.48364085305891075
2462,-0.45693356431224175,0.148327813966972,0.48364085305968774
2463,-0.45693356429034565,0.14832781441565332,0.48364085305968774
2464,-0.45693356431283355,0.14832781396703656,0.48364085305891075
2465,-0.45693356431283355,0.14832781396690747,0.48364085305968774
2466,-0.45693356431283355,0.14832781396703656,0.48364085305891075
2467,-0.45693356431342536,0.14832781396703656,0.48364085305968774
2468,-0.6461825749111814,0.3006148312142379,0.5439453586836578
2469,-0.6461825748892853,0.3006148316628546,0.5439453586828807
2470,-0.6461825749117732,0.3006148312142379,0.5439453586836578
2471,-0.646182574912365,0.3006148312141733,0.5439453586836578
2472,-0.6461825748881017,0.30061483166291914,0.5439453586836578
2473,-0.646182574912365,0.3006148312141733,0.5439453586828807
2474,-0.6461825749129567,0.3006148312142379,0.5439453586836578
2475,-0.6461825748881017,0.3006148316628546,0.5439453586836578
2476,-0.6461825749117732,0.30061483121430244,0.5439453586828807
2477,-0.6461825748892853,0.30061483166291914,0.5439453586836578
2478,-0.6461825749117732,0.3006148312141733,0.5439453586836578
2479,-0.6461825749117732,0.3006148312141733,0.5439453586828807
2480,-0.6461825748886935,0.30061483166291914,0.5439453586836578
2481,-0.646182574912365,0.3006148312141733,0.5439453586836578
2482,-0.646182574912365,0.30061483121430244,0.5439453586836578
2483,-0.6461825748886935,0.30061483166279,0.5439453586828807
2484,-0.6461825749117732,0.30061483121430244,0.5439453586836578
2485,-0.4891214083184685,-0.029727280791782003,0.49369160399701606
2486,-0.4891214083178767,-0.029727281240463296,0.49369160399623907
2487,-0.48912140834154816,-0.029727280791846562,0.49369160399701606
2488,-0.4891214083184685,-0.029727280791782003,0.49369160399623907
2489,-0.4891214083178767,-0.029727281240463296,0.49369160399701606
2490,-0.48912140834213996,-0.029727280791782003,0.49369160399623907
2491,-0.4891214083178767,-0.029727280791911122,0.49369160399701606
2492,-0.4891214083184685,-0.029727281240463296,0.49369160399623907
2493,-0.4891214083184685,-0.029727280791782003,0.49369160399701606
2494,-0.4891214083178767,-0.029727280791782003,0.49369160399701606
2495,-0.4891214083409564,-0.029727280791846562,0.49369160399623907
2496,-0.4891214083190603,-0.02972728124039874,0.49369160399701606
2497,-0.4891214083178767,-0.029727280791846562,0.49369160399623907
2498,-0.48912140834154816,-0.029727280791782003,0.49369160399701606
2499,-0.4891214083184685,-0.029727281240463296,0.49369160399623907
2500,-0.4891214083178767,-0.029727280791782003,0.49369160399701606
2501,-0.3395180369289244,-0.03367374312149971,0.3754019968108192
2502,-0.33951803692833266,-0.033673743570181006,0.3754019968115962
2503,-0.3395180369289244,-0.03367374312143515,0.3754019968108192
2504,-0.3395180369520041,-0.033673743570116446,0.3754019968115962
2505,-0.33951803692833266,-0.03367374312156427,0.3754019968108192
2506,-0.3395180369289244,-0.03367374312143515,0.3754019968108192
2507,-0.33951803692833266,-0.033673743570181006,0.3754019968115962
2508,-0.33951803692833266,-0.03367374312143515,0.3754019968108192
2509,-0.3395180369289244,-0.03367374312149971,0.3754019968108192
2510,-0.3395180369520041,-0.03367374357005189,0.3754019968115962
2511,-0.3395180369289244,-0.03367374312156427,0.3754019968108192
2512,-0.33951803692833266,-0.033673743570116446,0.3754019968115962
2513,-0.33951803692833266,-0.03367374312156427,0.3754019968108192
2514,-0.49726532065981754,0.018326701825064226,0.46353935118503103
2515,-0.4972653206828972,0.01832670137644749,0.46353935118425404
2516,-0.49726532065863394,0.018326701825064226,0.46353935118503103
2517,-0.49726532065981754,0.018326701824935107,0.46353935118425404
2518,-0.49726532065981754,0.01832670137644749,0.46353935118503103
2519,-0.4972653206828972,0.018326701824999667,0.46353935118503103
2520,-0.49726532065922574,0.018326701825064226,0.46353935118425404
2521,-0.49726532065922574,0.018326701376318373,0.46353935118503103
2522,-0.4972653206828972,0.018326701825064226,0.46353935118425404
2523,-0.49726532065922574,0.018326701376318373,0.46353935118503103
2524,-0.49726532065922574,0.018326701825064226,0.46353935118425404
2525,-0.4972653206828972,0.018326701825064226,0.46353935118503103
2526,-0.49726532065981754,0.018326701376318373,0.46353935118503103
2527,-0.49726532065922574,0.018326701825128782,0.46353935118425404
2528,-0.49726532065922574,0.018326701824999667,0.46353935118503103
2529,-0.4972653206828972,0.01832670137638293,0.46353935118425404
2530,-0.49726532065981754,0.018326701824999667,0.46353935118503103
2531,-0.3638602804160134,-0.16328387472396763,0.41275660960650123
2532,-0.363860280417197,-0.16328387517264892,0.41275660960650123
2533,-0.3638602803929337,-0.1632838747240322,0.41275660960650123
2534,-0.363860280417197,-0.1632838747240322,0.41275660960650123
2535,-0.36386028041660523,-0.16328387517264892,0.41275660960650123
2536,-0.363860280417197,-0.16328387472396763,0.41275660960650123
2537,-0.3638602804160134,-0.1632838747240322,0.41275660960650123
2538,-0.3638602803935255,-0.16328387517264892,0.41275660960650123
2539,-0.36386028041660523,-0.16328387472396763,0.41275660960650123
2540,-0.363860280417197,-0.1632838747240322,0.4127566096072782
2541,-0.36386028041660523,-0.16328387472396763,0.41275660960650123
2542,-0.3638602803935255,-0.16328387517271348,0.41275660960650123
2543,-0.36386028041660523,-0.16328387472390307,0.41275660960650123
2544,-0.36386028041660523,-0.1632838747240322,0.41275660960650123
2545,-0.36386028041660523,-0.16328387517277804,0.41275660960650123
2546,-0.36386028041660523,-0.16328387472390307,0.41275660960650123
2547,-0.3638602803935255,-0.1632838747240322,0.41275660960650123
2548,-0.36386028041660523,-0.16328387517271348,0.41275660960650123
2549,-0.36386028041660523,-0.1632838747240322,0.41275660960650123
2550,-0.4693433354931978,-0.09287067851523649,0.49369160399701606
2551,-0.46934333549260604,-0.0928706780665552,0.49369160399623907
2552,-0.4693433354931978,-0.09287067851523649,0.49369160399701606
2553,-0.4693433355156857,-0.09287067851536561,0.49369160399623907
2554,-0.4693433354931978,-0.09287067806668432,0.49369160399701606
2555,-0.46934333549260604,-0.09287067851523649,0.49369160399701606
2556,-0.4693433354931978,-0.09287067851536561,0.49369160399623907
2557,-0.4693433354931978,-0.09287067806649064,0.49369160399701606
2558,-0.46934333549260604,-0.09287067851530105,0.49369160399701606
2559,-0.4693433354931978,-0.09287067851523649,0.49369160399623907
2560,-0.46934333549260604,-0.09287067851536561,0.49369160399701606
2561,-0.46934333549260604,-0.09287067806668432,0.49369160399701606
2562,-0.4693433355168693,-0.09287067851523649,0.49369160399623907
2563,-0.46934333549201424,-0.09287067851523649,0.49369160399701606
2564,-0.4693433354931978,-0.09287067806661976,0.49369160399623907
2565,-0.4693433354931978,-0.09287067851530105,0.49369160399701606
2566,-0.4415846368020375,0.03611632736168939,0.41275660960650123
2567,-0.4415846367789578,0.0361163278104998,0.41275660960650123
2568,-0.4415846368020375,0.03611632736175395,0.41275660960650123
2569,-0.4415846367789578,0.03611632781043524,0.41275660960650123
2570,-0.4415846368020375,0.03611632736188307,0.4127566096072782
2571,-0.44158463677836607,0.036116327810370684,0.41275660960650123
2572,-0.4415846368026293,0.03611632736168939,0.41275660960650123
2573,-0.4415846367789578,0.0361163278104998,0.41275660960650123
2574,-0.4415846368020375,0.03611632736181851,0.41275660960650123
2575,-0.4415846367789578,0.036116327810370684,0.41275660960650123
2576,-0.4415846368014457,0.03611632736188307,0.41275660960650123
2577,-0.4415846367789578,0.036116327810370684,0.41275660960650123
2578,-0.4415846368020375,0.03611632736181851,0.41275660960650123
2579,-0.4415846367795496,0.036116327810370684,0.41275660960650123
2580,-0.4415846368020375,0.03611632736181851,0.4127566096072782
2581,-0.44158463677836607,0.036116327810370684,0.41275660960650123
2582,-0.4415846368020375,0.03611632736175395,0.41275660960650123
2583,-0.4415846367795496,0.03611632781056436,0.41275660960650123
2584,-0.4415846368020375,0.03611632736175395,0.41275660960650123
2585,-0.4879579922859362,-0.12281736309392781,0.5640468605583144
2586,-0.4879579922628565,-0.12281736309392781,0.5640468605575375
2587,-0.4879579922859362,-0.12281736354254454,0.5640468605583144
2588,-0.4879579922628565,-0.12281736309379869,0.5640468605583144
2589,-0.48795799228652803,-0.12281736309392781,0.5640468605575375
2590,-0.4879579922859362,-0.12281736309386325,0.5640468605583144
2591,-0.4879579922628565,-0.12281736309392781,0.5640468605583144
2592,-0.4879579922859362,-0.12281736309392781,0.5640468605575375
2593,-0.4879579922628565,-0.12281736354254454,0.5640468605583144
2594,-0.4879579922859362,-0.12281736309379869,0.5640468605575375
2595,-0.4879579922628565,-0.12281736309392781,0.5640468605583144
2596,-0.48795799228652803,-0.12281736309392781,0.5640468605583144
2597,-0.4879579922859362,-0.12281736309386325,0.5640468605575375
2598,-0.4879579922628565,-0.12281736309392781,0.5640468605583144
2599,-0.4879579922859362,-0.12281736354254454,0.5640468605583144
2600,-0.4879579922628565,-0.12281736309379869,0.5640468605575375
2601,-0.4879579922859362,-0.12281736309392781,0.5640468605583144
2602,-0.5074344387312625,-0.005610011298527847,0.5316611075375163
2603,-0.5074344387075911,-0.005610010849781995,0.5316611075382932
2604,-0.5074344387312625,-0.00561001129839873,0.5316611075375163
2605,-0.5074344387075911,-0.005610010849781995,0.5316611075375163
2606,-0.5074344387312625,-0.005610011298463289,0.5316611075382932
2607,-0.5074344387312625,-0.005610010849781995,0.5316611075375163
2608,-0.5074344387069992,-0.00561001129839873,0.5316611075375163
2609,-0.5074344387312625,-0.005610010849781995,0.5316611075382932
2610,-0.5074344387075911,-0.005610011298463289,0.5316611075375163
2611,-0.5074344387312625,-0.005610011298463289,0.5316611075375163
2612,-0.5074344387312625,-0.0056100108497174365,0.5316611075382932
2613,-0.5074344387075911,-0.005610011298527847,0.5316611075375163
2614,-0.5074344387312625,-0.005610010849781995,0.5316611075375163
2615,-0.5074344387306707,-0.005610011298463289,0.5316611075382932
2616,-0.5074344387075911,-0.005610010849781995,0.5316611075375163
2617,-0.5074344387312625,-0.00561001129839873,0.5316611075375163
2618,-0.5074344387075911,-0.005610010849781995,0.5316611075382932
2619,-0.5074344387312625,-0.00561001129839873,0.5316611075375163
2620,-0.49726532065981754,-0.011387838465016637,0.46353935118503103
2621,-0.49726532068230545,-0.011387838016141669,0.46353935118425404
2622,-0.49726532065922574,-0.01138783846488752,0.46353935118503103
2623,-0.49726532065981754,-0.01138783846488752,0.46353935118425404
2624,-0.49726532065922574,-0.011387838016141669,0.46353935118503103
2625,-0.4972653206828972,-0.01138783846488752,0.46353935118425404
2626,-0.49726532065922574,-0.01138783846488752,0.46353935118503103
2627,-0.49726532065922574,-0.011387838016206226,0.46353935118425404
2628,-0.4972653206828972,-0.01138783846495208,0.46353935118503103
2629,-0.49726532065981754,-0.011387838016206226,0.46353935118425404
2630,-0.49726532065922574,-0.01138783846488752,0.46353935118503103
2631,-0.4972653206828972,-0.01138783846488752,0.46353935118425404
2632,-0.49726532065922574,-0.011387838016141669,0.46353935118503103
2633,-0.49726532065922574,-0.01138783846488752,0.46353935118425404
2634,-0.49726532065981754,-0.01138783846488752,0.46353935118503103
2635,-0.49726532068230545,-0.011387838016141669,0.46353935118425404
2636,-0.49726532065981754,-0.011387838465016637,0.46353935118503103
2637,-0.4637915957595817,-0.08020045737507173,0.41275660960650123
2638,-0.4637915957589899,-0.0802004569265841,0.41275660960650123
2639,-0.463791595736502,-0.08020045737520085,0.41275660960650123
2640,-0.4637915957589899,-0.0802004569265841,0.41275660960650123
2641,-0.4637915957601735,-0.08020045737520085,0.4127566096072782
2642,-0.4637915957589899,-0.080200456926455,0.41275660960650123
2643,-0.4637915957595817,-0.0802004573752654,0.41275660960650123
2644,-0.4637915957359102,-0.08020045737520085,0.41275660960650123
2645,-0.4637915957589899,-0.080200456926455,0.41275660960650123
2646,-0.4637915957595817,-0.08020045737532996,0.41275660960650123
2647,-0.4637915957595817,-0.0802004569265841,0.41275660960650123
2648,-0.4637915957359102,-0.08020045737507173,0.41275660960650123
2649,-0.4637915957601735,-0.08020045737520085,0.41275660960650123
2650,-0.4637915957583981,-0.0802004569265841,0.41275660960650123
2651,-0.4637915957595817,-0.08020045737520085,0.4127566096072782
2652,-0.4637915957595817,-0.08020045692651956,0.41275660960650123
2653,-0.4637915957359102,-0.08020045737520085,0.41275660960650123
2654,-0.4637915957595817,-0.0802004569265841,0.41275660960650123
2655,-0.4637915957595817,-0.08020045737520085,0.41275660960650123
2656,-0.5841337189655679,-0.15624622052743053,0.3630318418109707
2657,-0.5841337189892393,-0.1562462205274951,0.3630318418117477
2658,-0.5841337189655679,-0.1562462209760473,0.3630318418109707
2659,-0.5841337189655679,-0.1562462205274951,0.3630318418117477
2660,-0.5841337189655679,-0.15624622052743053,0.3630318418109707
2661,-0.5841337189892393,-0.1562462205274951,0.3630318418117477
2662,-0.5841337189655679,-0.15624622097611185,0.3630318418109707
2663,-0.5841337189655679,-0.15624622052743053,0.3630318418117477
2664,-0.5841337189892393,-0.1562462205274951,0.3630318418109707
2665,-0.5841337189655679,-0.15624622052743053,0.3630318418117477
2666,-0.5841337189655679,-0.15624622097624097,0.3630318418109707
2667,-0.5841337189892393,-0.15624622052743053,0.3630318418117477
2668,-0.5841337189655679,-0.1562462205274951,0.3630318418109707
2669,-0.5841337189661596,-0.156246220527366,0.3630318418117477
2670,-0.5841337189655679,-0.1562462209761764,0.3630318418109707
2671,-0.5841337189886475,-0.15624622052743053,0.3630318418117477
2672,-0.5841337189661596,-0.1562462205274951,0.3630318418109707
2673,-0.6523874605022512,0.04804124166639923,0.2625243324376873
2674,-0.6523874605010677,0.048041241666270114,0.2625243324384643
2675,-0.6523874604791715,0.048041241666270114,0.2625243324376873
2676,-0.6523874605022512,0.048041241666205554,0.2625243324376873
2677,-0.6523874605022512,0.04804124121765338,0.2625243324376873
2678,-0.6523874605022512,0.048041241666270114,0.2625243324384643
2679,-0.6523874604779879,0.048041241666270114,0.2625243324376873
2680,-0.6523874605022512,0.048041241666270114,0.2625243324376873
2681,-0.6523874605016594,0.04804124166633467,0.2625243324384643
2682,-0.6523874605022512,0.048041241666270114,0.2625243324376873
2683,-0.6523874604785798,0.048041241666270114,0.2625243324376873
2684,-0.6523874605022512,0.048041241666270114,0.2625243324384643
2685,-0.6523874605022512,0.04804124121771794,0.2625243324376873
2686,-0.6523874605022512,0.048041241666270114,0.2625243324376873
2687,-0.6523874604779879,0.048041241666270114,0.2625243324376873
2688,-0.6523874605022512,0.048041241666270114,0.2625243324384643
2689,-0.6523874605022512,0.048041241666270114,0.2625243324376873
2690,-0.6681383239241429,0.15089926457332864,-0.2554759081783461
2691,-0.6681383239247346,0.15089926457326408,-0.2554759081791231
2692,-0.6681383239241429,0.15089926457332864,-0.2554759081783461
2693,-0.6681383239247346,0.15089926457332864,-0.2554759081791231
2694,-0.6681383239247346,0.1508992645733932,-0.2554759081783461
2695,-0.6681383239247346,0.15089926457332864,-0.2554759081783461
2696,-0.6681383239478144,0.15089926502194537,-0.2554759081791231
2697,-0.6681383239241429,0.1508992645733932,-0.2554759081783461
2698,-0.6681383239247346,0.15089926457319952,-0.2554759081783461
2699,-0.6681383239247346,0.15089926457332864,-0.2554759081791231
2700,-0.6681383239241429,0.1508992645733932,-0.2554759081783461
2701,-0.6681383239253265,0.15089926457332864,-0.2554759081791231
2702,-0.6681383239235511,0.15089926457319952,-0.2554759081783461
2703,-0.4561579536175745,0.14786352449232398,0.28011314657859465
2704,-0.45615795359390304,0.14786352404370726,0.28011314657781766
2705,-0.45615795361698275,0.14786352449225942,0.28011314657859465
2706,-0.45615795361698275,0.14786352449225942,0.28011314657781766
2707,-0.4561579536175745,0.1478635240436427,0.28011314657859465
2708,-0.45615795361698275,0.14786352449232398,0.28011314657781766
2709,-0.45615795359331124,0.14786352449225942,0.28011314657859465
2710,-0.4561579536181663,0.14786352449225942,0.28011314657781766
2711,-0.45615795361698275,0.1478635240436427,0.28011314657859465
2712,-0.45615795359331124,0.14786352449225942,0.28011314657859465
2713,-0.45615795361698275,0.14786352449225942,0.28011314657781766
2714,-0.4561579536175745,0.1478635240436427,0.28011314657859465
2715,-0.45615795361639094,0.14786352449225942,0.28011314657781766
2716,-0.4561579536175745,0.14786352449225942,0.28011314657859465
2717,-0.45615795359390304,0.14786352404370726,0.28011314657781766
2718,-0.45615795361698275,0.14786352449232398,0.28011314657859465
2719,-0.37374931682924056,0.001844417845572315,0.7072700614154376
2720,-0.37374931682983237,0.001844417845572315,0.7072700614146605
2721,-0.37374931680616086,0.0018444173969555792,0.7072700614154376
2722,-0.37374931682924056,0.001844417845572315,0.7072700614154376
2723,-0.37374931682864876,0.0018444178456368733,0.7072700614146605
2724,-0.37374931682983237,0.0018444178456368733,0.7072700614154376
2725,-0.37374931682924056,0.0018444178455077564,0.7072700614146605
2726,-0.37374931682924056,0.0018444178457014317,0.7072700614154376
2727,-0.37374931680616086,0.0018444173968910208,0.7072700614154376
2728,-0.37374931682983237,0.0018444178456368733,0.7072700614146605
2729,-0.37374931682924056,0.0018444178456368733,0.7072700614154376
2730,-0.37374931682924056,0.001844417845572315,0.7072700614146605
2731,-0.37374931682924056,0.001844417845572315,0.7072700614154376
2732,-0.37374931680616086,0.0018444173969555792,0.7072700614154376
2733,-0.37374931682924056,0.001844417845572315,0.7072700614146605
2734,-0.37374931682924056,0.0018444178457014317,0.7072700614154376
2735,-0.4660469900302099,-0.002102044484145394,0.49369160399701606
2736,-0.4660469900290263,-0.0021020444840808353,0.49369160399623907
2737,-0.4660469900071302,-0.0021020444840162767,0.49369160399701606
2738,-0.4660469900296181,-0.0021020444840808353,0.49369160399623907
2739,-0.4660469900296181,-0.002102044932762129,0.49369160399701606
2740,-0.4660469900296181,-0.0021020444840808353,0.49369160399623907
2741,-0.46604699003080163,-0.0021020444840808353,0.49369160399701606
2742,-0.46604699000594657,-0.0021020444840162767,0.49369160399701606
2743,-0.4660469900290263,-0.0021020444840808353,0.49369160399623907
2744,-0.46604699003080163,-0.0021020444840808353,0.49369160399701606
2745,-0.4660469900296181,-0.0021020444840162767,0.49369160399623907
2746,-0.4660469900296181,-0.002102044932826688,0.49369160399701606
2747,-0.4660469900296181,-0.0021020444840808353,0.49369160399623907
2748,-0.4660469900065384,-0.0021020444840162767,0.49369160399701606
2749,-0.4660469900296181,-0.0021020444840808353,0.49369160399623907
2750,-0.4660469900302099,-0.0021020444840808353,0.49369160399701606
2751,-0.6407533000177378,-0.16785346277916283,0.6004808327062268
2752,-0.640753299994658,-0.16785346277909827,0.6004808327054498
2753,-0.6407533000177378,-0.16785346277916283,0.6004808327062268
2754,-0.6407533000177378,-0.16785346277909827,0.6004808327054498
2755,-0.6407532999952499,-0.16785346322777955,0.6004808327062268
2756,-0.6407533000171459,-0.16785346277909827,0.6004808327062268
2757,-0.6407533000183295,-0.16785346277916283,0.6004808327054498
2758,-0.640753299994658,-0.16785346277916283,0.6004808327062268
2759,-0.6407533000177378,-0.16785346277922739,0.6004808327062268
2760,-0.6407533000177378,-0.1678534627790337,0.6004808327054498
2761,-0.6407533000183295,-0.16785346277922739,0.6004808327062268
2762,-0.6407532999940663,-0.167853463227715,0.6004808327062268
2763,-0.6407533000189213,-0.16785346277916283,0.6004808327054498
2764,-0.6407533000171459,-0.16785346277909827,0.6004808327062268
2765,-0.640753299994658,-0.16785346277916283,0.6004808327054498
2766,-0.6407533000183295,-0.16785346277909827,0.6004808327062268
2767,-0.45546398614732175,-0.1632838747240322,0.41275660960650123
2768,-0.45546398614791356,-0.16328387517264892,0.41275660960650123
2769,-0.4554639861236503,-0.1632838747240322,0.41275660960650123
2770,-0.45546398614732175,-0.16328387472390307,0.41275660960650123
2771,-0.45546398614850536,-0.16328387517264892,0.4127566096072782
2772,-0.45546398614673,-0.1632838747240322,0.41275660960650123
2773,-0.45546398614791356,-0.1632838747240322,0.41275660960650123
2774,-0.4554639861236503,-0.16328387517271348,0.41275660960650123
2775,-0.45546398614791356,-0.16328387472390307,0.41275660960650123
2776,-0.45546398614732175,-0.1632838747240322,0.41275660960650123
2777,-0.45546398614732175,-0.1632838747240322,0.41275660960650123
2778,-0.4554639861242421,-0.16328387517258436,0.41275660960650123
2779,-0.45546398614732175,-0.1632838747240322,0.41275660960650123
2780,-0.45546398614791356,-0.16328387472409675,0.41275660960650123
2781,-0.45546398614732175,-0.16328387517258436,0.4127566096072782
2782,-0.45546398614791356,-0.1632838747240322,0.41275660960650123
2783,-0.4554639861242421,-0.1632838747240322,0.41275660960650123
2784,-0.45546398614732175,-0.16328387517264892,0.41275660960650123
2785,-0.45546398614791356,-0.16328387472396763,0.41275660960650123
2786,-0.6430801321046984,-0.08938850566029595,0.3630318418109707
2787,-0.643080132105882,-0.08938850566036051,0.3630318418117477
2788,-0.6430801321052902,-0.08938850566023139,0.3630318418109707
2789,-0.6430801321052902,-0.08938850566042505,0.3630318418117477
2790,-0.6430801321289616,-0.08938850610897724,0.3630318418109707
2791,-0.643080132105882,-0.08938850566029595,0.3630318418109707
2792,-0.6430801321046984,-0.08938850566029595,0.3630318418117477
2793,-0.6430801321052902,-0.08938850566023139,0.3630318418109707
2794,-0.643080132105882,-0.08938850566048961,0.3630318418117477
2795,-0.6430801321052902,-0.08938850566023139,0.3630318418109707
2796,-0.6430801321052902,-0.08938850566036051,0.3630318418117477
2797,-0.643080132105882,-0.08938850566029595,0.3630318418109707
2798,-0.6430801321283699,-0.08938850610897724,0.3630318418109707
2799,-0.6430801321052902,-0.08938850566036051,0.3630318418117477
2800,-0.6430801321052902,-0.08938850566023139,0.3630318418109707
2801,-0.643080132105882,-0.08938850566036051,0.3630318418117477
2802,-0.6430801321052902,-0.08938850566029595,0.3630318418109707
2803,-0.6306703609255178,0.04432692407397326,0.16201682306440388
2804,-0.6306703609255178,0.0443269240739087,0.16201682306440388
2805,-0.630670360902438,0.04432692407397326,0.16201682306518086
2806,-0.6306703609249259,0.04432692407397326,0.16201682306440388
2807,-0.6306703609255178,0.044326924522654555,0.16201682306440388
2808,-0.6306703609255178,0.0443269240739087,0.16201682306440388
2809,-0.6306703609018462,0.04432692407397326,0.16201682306518086
2810,-0.6306703609261095,0.04432692407397326,0.16201682306440388
2811,-0.6306703609249259,0.0443269240739087,0.16201682306440388
2812,-0.6306703609255178,0.04432692407397326,0.16201682306440388
2813,-0.630670360902438,0.04432692407403782,0.16201682306518086
2814,-0.6306703609255178,0.04432692407384414,0.16201682306440388
2815,-0.6306703609249259,0.044326924522783674,0.16201682306440388
2816,-0.6306703609261095,0.04432692407384414,0.16201682306440388
2817,-0.630670360902438,0.04432692407403782,0.16201682306518086
2818,-0.6306703609249259,0.04432692407397326,0.16201682306440388
2819,-0.6306703609255178,0.0443269240739087,0.16201682306440388
2820,-0.5982670694954919,-0.08278527448478698,0.5316611075375163
2821,-0.5982670694724121,-0.08278527493340371,0.5316611075382932
2822,-0.5982670694954919,-0.08278527448478698,0.5316611075375163
2823,-0.5982670694960837,-0.08278527448485154,0.5316611075375163
2824,-0.5982670694954919,-0.08278527448478698,0.5316611075375163
2825,-0.5982670694724121,-0.08278527493340371,0.5316611075382932
2826,-0.5982670694954919,-0.08278527448478698,0.5316611075375163
2827,-0.5982670694954919,-0.08278527448478698,0.5316611075375163
2828,-0.5982670694724121,-0.08278527448478698,0.5316611075382932
2829,-0.5982670694954919,-0.08278527493340371,0.5316611075375163
2830,-0.5982670694954919,-0.08278527448478698,0.5316611075375163
2831,-0.5982670694960837,-0.08278527448485154,0.5316611075375163
2832,-0.5982670694718204,-0.08278527493340371,0.5316611075382932
2833,-0.5982670694960837,-0.08278527448478698,0.5316611075375163
2834,-0.5982670694954919,-0.08278527448478698,0.5316611075375163
2835,-0.5982670694954919,-0.08278527448478698,0.5316611075375163
2836,-0.5982670694724121,-0.08278527493340371,0.5316611075382932
2837,-0.5982670694954919,-0.08278527448472242,0.5316611075375163
2838,-0.59064884885285,-0.005259214617050867,0.23739745509475493
2839,-0.5906488488291785,-0.0052592141683695725,0.23739745509475493
2840,-0.59064884885285,-0.005259214617050867,0.23739745509397794
2841,-0.5906488488522581,-0.005259214168240456,0.23739745509475493
2842,-0.5906488488297702,-0.005259214617050867,0.23739745509475493
2843,-0.5906488488522581,-0.005259214616986308,0.23739745509475493
2844,-0.59064884885285,-0.005259214168434131,0.23739745509475493
2845,-0.5906488488297702,-0.005259214616986308,0.23739745509397794
2846,-0.5906488488516664,-0.0052592141683695725,0.23739745509475493
2847,-0.5906488488297702,-0.00525921461692175,0.23739745509475493
2848,-0.59064884885285,-0.005259214617050867,0.23739745509475493
2849,-0.5906488488522581,-0.0052592141683695725,0.23739745509475493
2850,-0.5906488488291785,-0.005259214617050867,0.23739745509397794
2851,-0.5906488488534417,-0.0052592141683695725,0.23739745509475493
2852,-0.5906488488522581,-0.00525921461692175,0.23739745509475493
2853,-0.5906488488291785,-0.005259214616986308,0.23739745509475493
2854,-0.59064884885285,-0.005259214168434131,0.23739745509475493
2855,-0.59064884885285,-0.005259214616986308,0.23739745509397794
2856,-0.5906488488291785,-0.0052592141683695725,0.23739745509475493
2857,-0.59064884885285,-0.00525921461692175,0.23739745509475493
2858,-0.31732363845665534,-0.018816473200929044,0.6444528680569411
2859,-0.31732363845724715,-0.01881647320079993,0.6444528680569411
2860,-0.3173236384803268,-0.018816473649610338,0.6444528680561642
2861,-0.31732363845724715,-0.01881647320079993,0.6444528680569411
2862,-0.31732363845606354,-0.018816473200929044,0.6444528680569411
2863,-0.31732363845724715,-0.01881647320079993,0.6444528680569411
2864,-0.3173236384803268,-0.018816473649545782,0.6444528680569411
2865,-0.31732363845665534,-0.01881647320079993,0.6444528680569411
2866,-0.31732363845724715,-0.018816473200864485,0.6444528680561642
2867,-0.31732363845665534,-0.01881647320079993,0.6444528680569411
2868,-0.3173236384809186,-0.018816473649545782,0.6444528680569411
2869,-0.31732363845665534,-0.018816473200929044,0.6444528680569411
2870,-0.31732363845665534,-0.01881647320079993,0.6444528680569411
2871,-0.31732363845724715,-0.018816473200864485,0.6444528680569411
2872,-0.31732363847973505,-0.018816473649545782,0.6444528680561642
2873,-0.31732363845665534,-0.01881647320079993,0.6444528680569411
2874,-0.3173236384578389,-0.018816473200929044,0.6444528680569411
2875,-0.41660180796584956,-0.11910304550156639,0.08161081556577716
2876,-0.41660180794336166,-0.11910304595018313,0.08161081556577716
2877,-0.41660180796644136,-0.11910304550150183,0.08161081556577716
2878,-0.41660180794336166,-0.11910304595031225,0.08161081556577716
2879,-0.41660180796644136,-0.11910304550156639,0.08161081556655417
2880,-0.41660180794336166,-0.11910304550156639,0.08161081556577716
2881,-0.41660180796644136,-0.11910304595018313,0.08161081556577716
2882,-0.4166018079427699,-0.11910304550163095,0.08161081556577716
2883,-0.41660180796644136,-0.11910304595031225,0.08161081556577716
2884,-0.4166018079427699,-0.11910304550150183,0.08161081556577716
2885,-0.41660180796703317,-0.11910304595018313,0.08161081556577716
2886,-0.41660180794336166,-0.11910304550156639,0.08161081556577716
2887,-0.41660180796644136,-0.11910304550169551,0.08161081556655417
2888,-0.4166018079427699,-0.11910304595018313,0.08161081556577716
2889,-0.41660180796644136,-0.11910304550150183,0.08161081556577716
2890,-0.4166018079427699,-0.11910304595031225,0.08161081556577716
2891,-0.41660180796703317,-0.11910304550156639,0.08161081556577716
2892,-0.5313921914394032,-0.08567418806793453,0.46353935118503103
2893,-0.5313921914157317,-0.08567418851661583,0.46353935118425404
2894,-0.5313921914394032,-0.08567418806806365,0.46353935118503103
2895,-0.5313921914157317,-0.08567418806799909,0.46353935118425404
2896,-0.5313921914394032,-0.08567418851668039,0.46353935118503103
2897,-0.5313921914157317,-0.08567418806799909,0.46353935118425404
2898,-0.5313921914394032,-0.08567418806793453,0.46353935118503103
2899,-0.5313921914163234,-0.08567418851668039,0.46353935118425404
2900,-0.5313921914388113,-0.08567418806799909,0.46353935118503103
2901,-0.5313921914157317,-0.08567418851661583,0.46353935118425404
2902,-0.5313921914394032,-0.08567418806806365,0.46353935118503103
2903,-0.5313921914163234,-0.08567418806793453,0.46353935118425404
2904,-0.5313921914394032,-0.08567418851661583,0.46353935118503103
2905,-0.5313921914157317,-0.08567418806806365,0.46353935118425404
2906,-0.5313921914388113,-0.08567418806799909,0.46353935118503103
2907,-0.5313921914163234,-0.08567418851668039,0.46353935118425404
2908,-0.5313921914394032,-0.08567418806799909,0.46353935118503103
2909,-0.5150526593739044,-0.01683550375845617,0.0950118168155483
2910,-0.5150526593508248,-0.016835504207072905,0.0950118168155483
2911,-0.5150526593739044,-0.016835503758520727,0.0950118168155483
2912,-0.5150526593733127,-0.016835504207137465,0.09501181681632528
2913,-0.515052659375088,-0.01683550375839161,0.0950118168155483
2914,-0.5150526593502329,-0.016835504207137465,0.0950118168155483
2915,-0.5150526593744962,-0.016835503758520727,0.0950118168155483
2916,-0.5150526593739044,-0.016835504207137465,0.0950118168155483
2917,-0.5150526593739044,-0.01683550375845617,0.0950118168155483
2918,-0.5150526593502329,-0.016835504207137465,0.0950118168155483
2919,-0.5150526593744962,-0.01683550375845617,0.0950118168155483
2920,-0.5150526593733127,-0.016835504207137465,0.09501181681632528
2921,-0.5150526593744962,-0.01683550375839161,0.0950118168155483
2922,-0.5150526593502329,-0.016835504207137465,0.0950118168155483
2923,-0.5150526593744962,-0.016835503758520727,0.0950118168155483
2924,-0.357655394826719,-0.24538984049985862,0.2625243324376873
2925,-0.3576553948030475,-0.24538984049985862,0.2625243324384643
2926,-0.357655394826719,-0.24538984049985862,0.2625243324376873
2927,-0.35765539482731074,-0.24538984049992318,0.2625243324376873
2928,-0.3576553948030475,-0.24538984094847538,0.2625243324384643
2929,-0.357655394826719,-0.24538984049985862,0.2625243324376873
2930,-0.357655394826719,-0.24538984049992318,0.2625243324376873
2931,-0.3576553948036393,-0.24538984049985862,0.2625243324384643
2932,-0.357655394826719,-0.24538984049985862,0.2625243324376873
2933,-0.3576553948036393,-0.24538984049979407,0.2625243324384643
2934,-0.357655394826719,-0.24538984049985862,0.2625243324376873
2935,-0.357655394826719,-0.24538984049992318,0.2625243324376873
2936,-0.3576553948030475,-0.24538984094847538,0.2625243324384643
2937,-0.35765539482731074,-0.24538984049985862,0.2625243324376873
2938,-0.357655394826719,-0.24538984049992318,0.2625243324376873
2939,-0.3576553948030475,-0.24538984049985862,0.2625243324384643
2940,-0.3576553948261272,-0.24538984049985862,0.2625243324376873
2941,-0.10015264269227957,0.04630789351638158,0.4367373486854888
2942,-0.10015264271417568,0.04630789351638158,0.4367373486847118
2943,-0.100152642691096,0.04630789351631702,0.4367373486854888
2944,-0.10015264269168779,0.046307893067635726,0.4367373486847118
2945,-0.10015264271417568,0.04630789351638158,0.4367373486854888
2946,-0.10015264269168779,0.04630789351638158,0.4367373486847118
2947,-0.10015264269050421,0.04630789351638158,0.4367373486854888
2948,-0.10015264271476747,0.04630789351631702,0.4367373486847118
2949,-0.10015264269168779,0.04630789351631702,0.4367373486854888
2950,-0.100152642691096,0.04630789351638158,0.4367373486847118
2951,-0.10015264271476747,0.04630789351638158,0.4367373486854888
2952,-0.100152642691096,0.046307893067764845,0.4367373486847118
2953,-0.100152642691096,0.04630789351625246,0.4367373486854888
2954,-0.10015264271535926,0.04630789351631702,0.4367373486847118
2955,-0.100152642691096,0.04630789351638158,0.4367373486854888
2956,-0.2831967677001494,-0.07824555333195757,0.2625243324376873
2957,-0.2831967677007412,-0.07824555333202213,0.2625243324384643
2958,-0.2831967677007412,-0.07824555288334083,0.2625243324376873
2959,-0.2831967677001494,-0.07824555333208669,0.2625243324376873
2960,-0.2831967677001494,-0.07824555333202213,0.2625243324376873
2961,-0.2831967677001494,-0.07824555333195757,0.2625243324384643
2962,-0.2831967677007412,-0.07824555288334083,0.2625243324376873
2963,-0.2831967677007412,-0.07824555333208669,0.2625243324376873
2964,-0.2831967677001494,-0.07824555333195757,0.2625243324384643
2965,-0.2831967677001494,-0.07824555333202213,0.2625243324376873
2966,-0.2831967677007412,-0.07824555288340539,0.2625243324376873
2967,-0.2831967677001494,-0.07824555333195757,0.2625243324384643
2968,-0.2831967677007412,-0.07824555333195757,0.2625243324376873
2969,-0.2831967677001494,-0.07824555333208669,0.2625243324376873
2970,-0.2831967677007412,-0.07824555288334083,0.2625243324376873
2971,-0.2831967677001494,-0.07824555333202213,0.2625243324384643
2972,-0.2831967677007412,-0.07824555333208669,0.2625243324376873
2973,-0.1026641440132506,0.07457208071414326,0.062466528066548135
2974,-0.1026641440126588,0.07457208116282456,0.062466528065771146
2975,-0.1026641440132506,0.07457208071407871,0.062466528066548135
2976,-0.1026641440132506,0.07457208116282456,0.062466528065771146
2977,-0.1026641440132506,0.07457208071407871,0.062466528066548135
2978,-0.1026641440126588,0.07457208071414326,0.062466528065771146
2979,-0.10266414401384238,0.07457208116269544,0.062466528066548135
2980,-0.1026641440132506,0.07457208071420782,0.062466528065771146
2981,-0.1026641440126588,0.07457208071414326,0.062466528066548135
2982,-0.10266414401384238,0.07457208116269544,0.062466528065771146
2983,-0.10266414398898734,0.07457208071414326,0.062466528066548135
2984,-0.1026641440132506,0.07457208116269544,0.062466528065771146
2985,-0.10266414401384238,0.07457208071420782,0.062466528066548135
2986,-0.1026641440126588,0.07457208071407871,0.062466528065771146
2987,-0.1026641440132506,0.07457208116276,0.062466528066548135
2988,-0.1026641440132506,0.07457208071407871,0.062466528065771146
2989,-0.1026641440132506,0.07457208071420782,0.062466528066548135
2990,-0.1026641440132506,0.07457208116276,0.062466528065771146
2991,-0.1026641440126588,0.07457208071407871,0.062466528066548135
2992,-0.10266414401384238,0.07457208116276,0.062466528065771146
2993,-0.1026641440126588,0.07457208071407871,0.062466528066548135
2994,-0.27276127828512386,-0.045154361174790006,0.416026710390388
2995,-0.2727612783093871,-0.04515436072617327,0.41602671038961103
2996,-0.2727612782845321,-0.04515436117504824,0.416026710390388
2997,-0.27276127828571567,-0.04515436072617327,0.41602671038961103
2998,-0.27276127828512386,-0.045154361174854565,0.416026710390388
2999,-0.2727612783087954,-0.04515436072623783,0.41602671038961103
3000,-0.27276127828512386,-0.045154361174919125,0.416026710390388
3001,-0.27276127828512386,-0.045154360726302384,0.41602671038961103
3002,-0.27276127828571567,-0.045154361174854565,0.416026710390388
3003,-0.27276127830820357,-0.04515436072623783,0.41602671038961103
3004,-0.27276127828571567,-0.045154361174919125,0.416026710390388
3005,-0.21184058338065453,-0.2193896182509496,0.5640468605583144
3006,-0.21184058338065453,-0.21938961780233285,0.5640468605575375
3007,-0.2118405833812463,-0.2193896182509496,0.5640468605583144
3008,-0.21184058338065453,-0.21938961825088504,0.5640468605583144
3009,-0.21184058335698305,-0.21938961780233285,0.5640468605583144
3010,-0.2118405833812463,-0.2193896182509496,0.5640468605575375
3011,-0.21184058338065453,-0.21938961825088504,0.5640468605583144
3012,-0.2118405833812463,-0.21938961780220373,0.5640468605583144
3013,-0.21184058338006273,-0.2193896182509496,0.5640468605575375
3014,-0.21184058338065453,-0.21938961780233285,0.5640468605583144
3015,-0.21184058338065453,-0.2193896182509496,0.5640468605583144
3016,-0.2118405833812463,-0.21938961825088504,0.5640468605575375
3017,-0.21184058335698305,-0.21938961780233285,0.5640468605583144
3018,-0.2118405833812463,-0.2193896182509496,0.5640468605583144
3019,-0.21184058338006273,-0.21938961825082048,0.5640468605583144
3020,-0.2118405833812463,-0.21938961780233285,0.5640468605575375
3021,-0.21184058338065453,-0.21938961825088504,0.5640468605583144
3022,-0.412834555995637,-0.21408345026201867,0.4448736708727388
3023,-0.4128345559713737,-0.2140834502619541,0.44487367087196183
3024,-0.412834555995637,-0.21408345026188955,0.4448736708727388
3025,-0.4128345559950452,-0.21408345026188955,0.4448736708727388
3026,-0.4128345559719655,-0.214083450261825,0.44487367087196183
3027,-0.4128345559950452,-0.21408345026201867,0.4448736708727388
3028,-0.4128345559719655,-0.21408345026188955,0.44487367087196183
3029,-0.41283455599622876,-0.21408344981320823,0.4448736708727388
3030,-0.4128345559950452,-0.21408345026188955,0.4448736708727388
3031,-0.4128345559719655,-0.2140834502619541,0.44487367087196183
3032,-0.4128345559950452,-0.21408345026188955,0.4448736708727388
3033,-0.4128345559950452,-0.21408345026188955,0.4448736708727388
3034,-0.4128345559719655,-0.21408345026188955,0.44487367087196183
3035,-0.412834555995637,-0.2140834502619541,0.4448736708727388
3036,-0.4341823171262459,-0.08839802093909178,0.5278641571839324
3037,-0.43418231714991734,-0.08839802138783764,0.5278641571831554
3038,-0.4341823171262459,-0.08839802093909178,0.5278641571839324
3039,-0.43418231715050914,-0.08839802093909178,0.5278641571839324
3040,-0.4341823171250623,-0.08839802093915634,0.5278641571831554
3041,-0.43418231712683764,-0.08839802138783764,0.5278641571839324
3042,-0.43418231715050914,-0.08839802093902722,0.5278641571839324
3043,-0.4341823171256541,-0.08839802093915634,0.5278641571831554
3044,-0.43418231714932554,-0.08839802093909178,0.5278641571839324
3045,-0.43418231712683764,-0.08839802138783764,0.5278641571839324
3046,-0.43418231712683764,-0.08839802093909178,0.5278641571831554
3047,-0.43418231714991734,-0.08839802093909178,0.5278641571839324
3048,-0.4341823171256541,-0.0883980209392209,0.5278641571839324
3049,-0.43418231714932554,-0.08839802138770853,0.5278641571831554
3050,-0.43418231712683764,-0.08839802093909178,0.5278641571839324
3051,-0.36075783761012226,-0.2973902854464226,0.3831333436856274
3052,-0.36075783760953045,-0.29739028544648716,0.3831333436864044
3053,-0.36075783763320196,-0.29739028544635804,0.3831333436856274
3054,-0.36075783761071406,-0.29739028544635804,0.3831333436864044
3055,-0.36075783761071406,-0.29739028589497474,0.3831333436856274
3056,-0.36075783760893865,-0.29739028544635804,0.3831333436864044
3057,-0.3607578376337937,-0.2973902854464226,0.3831333436856274
3058,-0.36075783761012226,-0.29739028544635804,0.3831333436864044
3059,-0.36075783761071406,-0.29739028544648716,0.3831333436856274
3060,-0.36075783760953045,-0.29739028544635804,0.3831333436864044
3061,-0.3607578376337937,-0.2973902854464226,0.3831333436856274
3062,-0.36075783760953045,-0.2973902854462935,0.3831333436864044
3063,-0.36075783761012226,-0.2973902858950393,0.3831333436856274
3064,-0.36075783761012226,-0.29739028544635804,0.3831333436864044
3065,-0.36075783763320196,-0.29739028544648716,0.3831333436856274
3066,-0.36075783761012226,-0.2973902854464226,0.3831333436864044
3067,-0.36075783761012226,-0.29739028544635804,0.3831333436856274
3068,-0.55175197228094,0.19522107244848458,0.38690237528780536
3069,-0.55175197228094,0.19522107244835546,0.38690237528702837
3070,-0.5517519722797564,0.19522107244842002,0.38690237528780536
3071,-0.55175197228094,0.19522107244835546,0.38690237528702837
3072,-0.55175197228094,0.19522107199973873,0.38690237528780536
3073,-0.5517519722803482,0.19522107244848458,0.38690237528702837
3074,-0.55175197228094,0.19522107244835546,0.38690237528780536
3075,-0.5517519722797564,0.19522107244842002,0.38690237528780536
3076,-0.5517519723046115,0.19522107244835546,0.38690237528702837
3077,-0.5517519722803482,0.19522107244848458,0.38690237528780536
3078,-0.55175197228094,0.19522107244835546,0.38690237528702837
3079,-0.55175197228094,0.19522107199973873,0.38690237528780536
3080,-0.5517519722803482,0.19522107244842002,0.38690237528702837
3081,-0.55175197228094,0.19522107244835546,0.38690237528780536
3082,-0.55175197228094,0.19522107244842002,0.38690237528702837
3083,-0.5517519722797564,0.19522107244842002,0.38690237528780536
3084,-0.7206412020152632,0.21889984642646804,0.18211832493906055
3085,-0.7206412020389346,0.21889984642633892,0.18211832493906055
3086,-0.7206412020146713,0.21889984642659716,0.18211832493983754
3087,-0.7206412020146713,0.21889984642640348,0.18211832493906055
3088,-0.7206412020158549,0.21889984687508476,0.18211832493906055
3089,-0.7206412020377511,0.21889984642646804,0.18211832493906055
3090,-0.7206412020152632,0.21889984642646804,0.18211832493983754
3091,-0.7206412020152632,0.21889984642646804,0.18211832493906055
3092,-0.7206412020383428,0.21889984642646804,0.18211832493906055
3093,-0.7206412020152632,0.21889984642646804,0.18211832493906055
3094,-0.7206412020146713,0.21889984642640348,0.18211832493983754
3095,-0.7206412020383428,0.21889984642646804,0.18211832493906055
3096,-0.7206412020152632,0.21889984687521388,0.18211832493906055
3097,-0.7206412020152632,0.21889984642633892,0.18211832493906055
3098,-0.7206412020146713,0.21889984642646804,0.18211832493983754
3099,-0.7206412020383428,0.21889984642646804,0.18211832493906055
3100,-0.7206412020146713,0.21889984642646804,0.18211832493906055
3101,-0.7752441952541967,0.01684097451894962,0.41395564656087797
3102,-0.7752441952299335,0.016840974967566355,0.413955646560101
3103,-0.775244195253605,0.01684097451888506,0.41395564656087797
3104,-0.7752441952299335,0.01684097451888506,0.413955646560101
3105,-0.775244195253605,0.016840974967566355,0.41395564656087797
3106,-0.7752441952299335,0.01684097451888506,0.413955646560101
3107,-0.7752441952541967,0.01684097451894962,0.41395564656087797
3108,-0.7752441952293417,0.016840974967630915,0.413955646560101
3109,-0.775244195253605,0.016840974518820502,0.41395564656087797
3110,-0.7752441952305252,0.01684097451888506,0.413955646560101
3111,-0.775244195253605,0.016840974967630915,0.41395564656087797
3112,-0.7752441952299335,0.01684097451894962,0.413955646560101
3113,-0.7752441952530131,0.01684097451888506,0.41395564656087797
3114,-0.7752441952305252,0.016840974967566355,0.413955646560101
3115,-0.775244195253605,0.01684097451888506,0.41395564656087797
3116,-0.7885683706229237,-0.11011048771053189,-0.01889669380750623
3117,-0.7885683706229237,-0.11011048726178603,-0.01889669380750623
3118,-0.7885683706235155,-0.11011048771053189,-0.01889669380750623
3119,-0.7885683706235155,-0.11011048771040277,-0.01889669380750623
3120,-0.788568370622332,-0.11011048726191515,-0.01889669380750623
3121,-0.7885683706241073,-0.11011048771053189,-0.01889669380750623
3122,-0.7885683706229237,-0.11011048726178603,-0.01889669380750623
3123,-0.7885683706229237,-0.11011048771059644,-0.01889669380750623
3124,-0.7885683706229237,-0.11011048771040277,-0.01889669380750623
3125,-0.7885683705998441,-0.11011048726191515,-0.01889669380750623
3126,-0.7885683706229237,-0.11011048771040277,-0.01889669380750623
3127,-0.7885683706229237,-0.11011048771053189,-0.01889669380750623
3128,-0.7885683706235155,-0.11011048726191515,-0.01889669380750623
3129,-0.7885683706235155,-0.11011048771046733,-0.01889669380750623
3130,-0.7885683706229237,-0.11011048726178603,-0.01889669380750623
3131,-0.7885683706235155,-0.11011048771053189,-0.01889669380750623
3132,-0.7885683706229237,-0.11011048771053189,-0.01889669380750623
3133,-0.7885683706229237,-0.11011048726178603,-0.01889669380750623
3134,-0.7885683706241073,-0.11011048771053189,-0.01889669380750623
3135,-0.8148003409035546,0.035783993970596804,0.39117394443549003
3136,-0.8148003409041463,0.035783993970532245,0.391173944436267
3137,-0.8148003408804748,0.03578399352191551,0.391173944436267
3138,-0.8148003409041463,0.035783993970532245,0.39117394443549003
3139,-0.8148003409041463,0.035783993970532245,0.39117394443549003
3140,-0.8148003409047381,0.035783993970532245,0.391173944436267
3141,-0.8148003409035546,0.03578399397046769,0.391173944436267
3142,-0.8148003408810667,0.03578399352204463,0.39117394443549003
3143,-0.8148003409035546,0.03578399397046769,0.39117394443549003
3144,-0.8148003409047381,0.035783993970532245,0.391173944436267
3145,-0.8148003409041463,0.035783993970532245,0.391173944436267
3146,-0.8148003409041463,0.035783993970661364,0.39117394443549003
3147,-0.8148003408804748,0.0357839935217864,0.39117394443549003
3148,-0.8148003409041463,0.035783993970596804,0.391173944436267
3149,-0.8148003409041463,0.035783993970661364,0.391173944436267
3150,-0.8148003409041463,0.03578399397046769,0.39117394443549003
3151,-0.8148003409035546,0.035783993970532245,0.39117394443549003
3152,-0.8148003408816584,0.03578399352191551,0.391173944436267
3153,-0.8148003409041463,0.035783993970532245,0.391173944436267
3154,-0.8148003409035546,0.035783993970532245,0.39117394443549003
3155,-0.8135511994597034,0.022822980944922126,0.41275660960650123
3156,-0.81355119945852,0.022822980496305392,0.41275660960650123
3157,-0.81355119945852,0.02282298094485757,0.41275660960650123
3158,-0.81355119945852,0.022822980496176273,0.41275660960650123
3159,-0.8135511994591117,0.022822980944922126,0.41275660960650123
3160,-0.8135511994591117,0.022822980496240833,0.41275660960650123
3161,-0.81355119945852,0.022822980944922126,0.41275660960650123
3162,-0.81355119945852,0.022822980944922126,0.41275660960650123
3163,-0.8135511994591117,0.022822980496240833,0.41275660960650123
3164,-0.8135511994354402,0.02282298094479301,0.4127566096072782
3165,-0.8135511994591117,0.022822980496305392,0.41275660960650123
3166,-0.81355119945852,0.022822980944922126,0.41275660960650123
3167,-0.81355119945852,0.02282298094485757,0.41275660960650123
3168,-0.8135511994591117,0.022822980496240833,0.41275660960650123
3169,-0.8135511994591117,0.022822980944922126,0.41275660960650123
3170,-0.8135511994591117,0.022822980496176273,0.41275660960650123
3171,-0.81355119945852,0.022822980944922126,0.41275660960650123
3172,-0.8135511994591117,0.022822980496240833,0.41275660960650123
3173,-0.81355119945852,0.022822980944922126,0.41275660960650123
3174,-1.2077247210962179,0.9134772182441503,-1.7275243531548778
3175,-0.8163270693371637,0.23219319329198115,-0.10882446535235012
3176,-0.816327069314084,0.23219319329198115,-0.10882446535157313
3177,-0.8163270693371637,0.23219319329198115,-0.10882446535235012
3178,-0.816327069336572,0.2321931932920457,-0.10882446535235012
3179,-0.8163270693146758,0.23219319329198115,-0.10882446535157313
3180,-0.8163270693377555,0.23219319329198115,-0.10882446535235012
3181,-0.8163270693134922,0.23219319329198115,-0.10882446535235012
3182,-0.8163270693371637,0.23219319329198115,-0.10882446535157313
3183,-0.8163270693371637,0.23219319329198115,-0.10882446535235012
3184,-0.8163270693134922,0.23219319284336443,-0.10882446535235012
3185,-0.8163270693377555,0.2321931932920457,-0.10882446535235012
3186,-0.8163270693371637,0.23219319329198115,-0.10882446535157313
3187,-0.816327069314084,0.23219319329198115,-0.10882446535235012
3188,-0.8163270693371637,0.23219319329198115,-0.10882446535235012
3189,-0.8163270693134922,0.23219319329198115,-0.10882446535157313
3190,-0.8163270693371637,0.23219319329198115,-0.10882446535235012
3191,-0.8163270693383473,0.2321931932920457,-0.10882446535235012
3192,-0.8163270693129004,0.23219319329198115,-0.10882446535157313
3193,-0.8163270693383473,0.23219319329198115,-0.10882446535235012
3194,-0.6124989102565298,0.03397989694398422,0.34723780462418447
3195,-0.6124989102577134,0.03397989694411333,0.34723780462418447
3196,-0.6124989102577134,0.033979896495302926,0.34723780462418447
3197,-0.6124989102340419,0.03397989694398422,0.3472378046234075
3198,-0.6124989102565298,0.03397989694411333,0.34723780462418447
3199,-0.6124989102577134,0.03397989694391966,0.34723780462418447
3200,-0.6124989102583052,0.03397989694404877,0.34723780462418447
3201,-0.6124989102565298,0.033979896495302926,0.34723780462418447
3202,-0.6124989102577134,0.03397989694398422,0.34723780462418447
3203,-0.6124989102577134,0.03397989694411333,0.34723780462418447
3204,-0.6124989102346337,0.03397989694398422,0.3472378046234075
3205,-0.6124989102571216,0.03397989649536748,0.34723780462418447
3206,-0.6124989102577134,0.03397989694404877,0.34723780462418447
3207,-0.6124989102571216,0.03397989694398422,0.34723780462418447
3208,-0.6029552052670211,0.37044400024492036,-0.793474566045054
3209,-0.6029552052670211,0.3704440002449849,-0.793474566045054
3210,-0.6029552052906926,0.3704440002449849,-0.793474566045054
3211,-0.6029552052670211,0.3704440002448558,-0.793474566044277
3212,-0.6029552052664293,0.3704440002449849,-0.793474566045054
3213,-0.6029552052670211,0.3704440002450495,-0.793474566045054
3214,-0.6029552052670211,0.3704440002448558,-0.793474566045054
3215,-0.6029552052901007,0.37044400069366623,-0.793474566045054
3216,-0.6029552052670211,0.3704440002448558,-0.793474566045054
3217,-0.6029552052676128,0.3704440002449849,-0.793474566045054
3218,-0.6029552052658375,0.3704440002449849,-0.793474566045054
3219,-0.6029552052670211,0.37044400024492036,-0.793474566044277
3220,-0.6029552052906926,0.3704440002449849,-0.793474566045054
3221,-0.6029552052670211,0.3704440002449849,-0.793474566045054
3222,-0.6029552052664293,0.37044400024492036,-0.793474566045054
3223,-0.7791998097952243,0.629331929610147,-1.4712302042526169
3224,-0.7791998098188958,0.6293319300586345,-1.4712302042526169
3225,-0.7791998098188958,0.6293319296102114,-1.4712302042533938
3226,-0.7791998097946325,0.629331930058699,-1.4712302042526169
3227,-0.7791998097952243,0.6293319296100823,-1.4712302042526169
3228,-0.7791998098188958,0.6293319296102114,-1.4712302042533938
3229,-0.7791998098183041,0.6293319300587636,-1.4712302042526169
3230,-0.7791998097952243,0.6293319296100823,-1.4712302042526169
3231,-0.7330509732181153,0.5346168336978903,-0.7023477575466104
3232,-0.7330509732181153,0.5346168336978903,-0.7023477575466104
3233,-0.7638168642778064,0.1504944993787379,-0.9871190341042466
3234,-0.7638168642772145,0.1504944989300566,-0.9871190341042466
3235,-0.7638168642778064,0.15049449937867335,-0.9871190341042466
3236,-0.7638168642766228,0.15049449937880244,-0.9871190341042466
3237,-0.7638168642778064,0.15049449893012115,-0.9871190341042466
3238,-0.7638168642778064,0.1504944993787379,-0.9871190341042466
3239,-0.7638168642535431,0.15049449937867335,-0.9871190341050237
3240,-0.7638168642778064,0.1504944989300566,-0.9871190341042466
3241,-0.7638168642766228,0.15049449937867335,-0.9871190341042466
3242,-0.7638168642772145,0.150494499378867,-0.9871190341042466
3243,-0.7638168642778064,0.1504944989300566,-0.9871190341042466
3244,-0.7638168642772145,0.1504944993787379,-0.9871190341042466
3245,-0.9967586109211366,0.23468569574508064,-1.2576517468341954
3246,-0.9967586109199531,0.23468569574527431,-1.2576517468349724
3247,-0.9967586109199531,0.2346856957451452,-1.2576517468341954
3248,-0.9967586109211366,0.23468569619376192,-1.2576517468341954
3249,-0.9967586109199531,0.2346856957451452,-1.2576517468341954
3250,-0.9967586109211366,0.2346856957451452,-1.2576517468341954
3251,-0.9967586109199531,0.23468569574520975,-1.2576517468349724
3252,-0.9967586109205449,0.2346856957451452,-1.2576517468341954
3253,-0.9104542931350708,0.035209962955739374,-0.6091498852186567
3254,-0.9104542931113992,0.03520996295567482,-0.6091498852178797
3255,-0.9104542931350708,0.035209963404356115,-0.6091498852186567
3256,-0.910454293111991,0.035209962955739374,-0.6091498852186567
3257,-0.9104542931356625,0.035209962955739374,-0.6091498852178797
3258,-0.9104542931108075,0.03520996295567482,-0.6091498852186567
3259,-0.9104542931356625,0.035209962955739374,-0.6091498852178797
3260,-0.910454293111991,0.03520996295580393,-0.6091498852186567
3261,-0.9104542931344789,0.035209963404291555,-0.6091498852186567
3262,-0.910454293111991,0.035209962955739374,-0.6091498852178797
3263,-0.9104542931350708,0.035209962955739374,-0.6091498852186567
3264,-0.680309445668871,0.09655951375776438,-0.23247515122592768
3265,-0.6803094456682791,0.09655951420651024,-0.23247515122592768
3266,-0.6803094456694627,0.09655951375782894,-0.23247515122592768
3267,-0.6803094456446077,0.09655951375782894,-0.23247515122592768
3268,-0.6803094456682791,0.09655951420651024,-0.23247515122592768
3269,-0.680309445668871,0.0965595137578935,-0.23247515122592768
3270,-0.6803094456682791,0.09655951420644568,-0.23247515122592768
3271,-0.680309445668871,0.09655951375776438,-0.23247515122592768
3272,-0.6803094456682791,0.0965595137578935,-0.23247515122592768
3273,-0.6803094456682791,0.09655951420651024,-0.23247515122592768
3274,-0.6803094456694627,0.0965595137578935,-0.23247515122592768
3275,-0.6803094456676874,0.09655951420651024,-0.23247515122592768
3276,-0.6803094456451995,0.09655951375769982,-0.23247515122592768
3277,-0.6803094456694627,0.0965595137578935,-0.23247515122592768
3278,-0.6803094456682791,0.09655951420651024,-0.23247515122592768
3279,-0.680309445668871,0.0965595137578935,-0.23247515122592768
3280,-0.4759360264422534,-0.11260299016382504,-0.616916374578931
3281,-0.4759360264422534,-0.1126029901635668,-0.616916374578931
3282,-0.4759360264428452,-0.11260299016369592,-0.6169163745797079
3283,-0.47593602641858196,-0.11260298971495007,-0.616916374578931
3284,-0.4759360264422534,-0.11260299016376048,-0.616916374578931
3285,-0.4759360264422534,-0.11260299016363136,-0.6169163745797079
3286,-0.47593602644343697,-0.11260299016363136,-0.616916374578931
3287,-0.4759360264416616,-0.11260299016369592,-0.616916374578931
3288,-0.754147584224912,0.18101380797185496,-0.6795660554219994
3289,-0.7541475842237285,0.18101380797185496,-0.6795660554219994
3290,-0.7541475842243203,0.1810138079717904,-0.6795660554212225
3291,-0.7541475842243203,0.18101380797185496,-0.6795660554219994
3292,-0.7541475842243203,0.1810138079717904,-0.6795660554219994
3293,-0.7541475842243203,0.18101380797185496,-0.6795660554219994
3294,-0.7541475842243203,0.1810138079717904,-0.6795660554219994
3295,-0.7541475842473999,0.1810138084206008,-0.6795660554212225
3296,-0.7541475842243203,0.1810138079717904,-0.6795660554219994
3297,-0.7541475842243203,0.18101380797185496,-0.6795660554219994
3298,-0.7541475842237285,0.1810138079717904,-0.6795660554219994
3299,-0.754147584224912,0.18101380797185496,-0.6795660554219994
3300,-0.7541475842237285,0.1810138079717904,-0.6795660554212225
3301,-0.7541475842243203,0.18101380797185496,-0.6795660554219994
3302,-0.754147584224912,0.18101380797185496,-0.6795660554219994
3303,-0.5590039323074434,0.023155314336079272,-1.0099007362288577
3304,-0.5590039323328903,0.02315531433614383,-1.0099007362288577
3305,-0.5590039323092187,0.023155314784825125,-1.0099007362288577
3306,-0.5590039323317066,0.023155314336014712,-1.0099007362288577
3307,-0.5590039323092187,0.02315531433614383,-1.0099007362288577
3308,-0.559003932308627,0.02315531433614383,-1.0099007362296346
3309,-0.5590039323317066,0.02315531433614383,-1.0099007362288577
3310,-0.5590039323092187,0.023155314784825125,-1.0099007362288577
3311,-0.5590039323328903,0.02315531433614383,-1.0099007362288577
3312,-0.5590039323080352,0.02315531433614383,-1.0099007362288577
3313,-0.3083428829887171,-0.12672717118028523,-0.2706944541326029
3314,-0.308342883011205,-0.1267271711803498,-0.2706944541318259
3315,-0.3083428829893089,-0.12672717073153938,-0.2706944541326029
3316,-0.308342883011205,-0.12672717118028523,-0.2706944541326029
3317,-0.3083428829887171,-0.12672717118022067,-0.2706944541326029
3318,-0.30834288301238855,-0.12672717118022067,-0.2706944541318259
3319,-0.3083428829881253,-0.12672717118028523,-0.2706944541326029
3320,-0.3083428830117968,-0.12672717073160394,-0.2706944541326029
3321,-0.3083428829887171,-0.12672717118028523,-0.2706944541326029
3322,-0.3083428830117968,-0.1267271711803498,-0.2706944541318259
3323,-0.3083428829887171,-0.1267271711801561,-0.2706944541326029
3324,-0.30834288301238855,-0.12672717073160394,-0.2706944541326029
3325,-0.3083428829881253,-0.12672717118028523,-0.2706944541326029
3326,-0.308342883011205,-0.12672717118022067,-0.2706944541318259
3327,-0.3083428829887171,-0.1267271711803498,-0.2706944541326029
3328,-0.30834288301238855,-0.12672717118028523,-0.2706944541326029
3329,-0.3083428829887171,-0.12672717073147483,-0.2706944541326029
3330,-0.3083428830117968,-0.12672717118028523,-0.2706944541318259
3331,-0.3083428829887171,-0.1267271711803498,-0.2706944541326029
3332,-0.12554671152436295,0.15575644915169484,-0.01889669380750623
3333,-0.12554671150128327,0.15575644870301356,-0.01889669380750623
3334,-0.12554671152436295,0.15575644915156572,-0.01889669380750623
3335,-0.12554671152436295,0.15575644915169484,-0.01889669380750623
3336,-0.12554671150128327,0.15575644915163028,-0.01889669380750623
3337,-0.12554671152495472,0.155756448702949,-0.01889669380750623
3338,-0.12554671152377117,0.15575644915163028,-0.01889669380750623
3339,-0.12554671150128327,0.15575644915169484,-0.01889669380750623
3340,-0.12554671152377117,0.15575644870288444,-0.01889669380750623
3341,-0.12554671152554653,0.15575644915169484,-0.01889669380750623
3342,-0.12554671150069147,0.15575644915163028,-0.01889669380750623
3343,-0.12554671152436295,0.155756448702949,-0.01889669380750623
3344,-0.12554671152495472,0.15575644915169484,-0.01889669380750623
3345,-0.12554671150128327,0.15575644915163028,-0.01889669380750623
3346,-0.12554671152436295,0.15575644915169484,-0.01889669380750623
3347,-0.12554671152436295,0.15575644870288444,-0.01889669380750623
3348,-0.12554671150128327,0.15575644915169484,-0.01889669380750623
3349,-0.12554671152436295,0.15575644915163028,-0.01889669380750623
3350,-0.12554671152436295,0.155756448702949,-0.01889669380750623
3351,-0.12554671150069147,0.15575644915163028,-0.01889669380750623
3352,-0.12554671152436295,0.15575644915156572,-0.01889669380750623
3353,-0.12554671152495472,0.15575644870307812,-0.01889669380750623
3354,-0.12554671150069147,0.15575644915163028,-0.01889669380750623
3355,-0.12554671152554653,0.15575644915163028,-0.01889669380750623
3356,-0.12554671152377117,0.15575644915156572,-0.01889669380750623
3357,-0.12554671150128327,0.15575644870307812,-0.01889669380750623
3358,-0.12554671152495472,0.15575644915163028,-0.01889669380750623
3359,-0.002910451296236538,-0.03564697451069922,-0.01889669380750623
3360,-0.0029104512956447514,-0.0356469745105701,-0.01889669380750623
3361,-0.002910451296828325,-0.03564697451069922,-0.01889669380750623
3362,-0.0029104512956447514,-0.035646974061953364,-0.01889669380750623
3363,-0.0029104512725650652,-0.03564697451069922,-0.01889669380750623
3364,-0.002910451296828325,-0.03564697451063466,-0.01889669380750623
3365,-0.0029104512950529644,-0.03564697451069922,-0.01889669380750623
3366,-0.002910451296828325,-0.0356469745105701,-0.01889669380750623
3367,-0.002910451296236538,-0.03564697451069922,-0.01889669380750623
3368,-0.002910451296828325,-0.03564697406201792,-0.01889669380750623
3369,-0.002910451296236538,-0.03564697451069922,-0.01889669380750623
3370,-0.0029104512725650652,-0.0356469745105701,-0.01889669380750623
3371,-0.0029104512956447514,-0.03564697451069922,-0.01889669380750623
3372,-0.002910451296828325,-0.0356469745105701,-0.01889669380750623
3373,-0.0029104512956447514,-0.03564697451063466,-0.01889669380750623
3374,-0.002910451296236538,-0.03564697406208248,-0.01889669380750623
3375,-0.002910451296828325,-0.0356469745105701,-0.01889669380750623
3376,-0.002910451296236538,-0.03564697451069922,-0.01889669380750623
3377,-0.0029104512956447514,-0.03564697451069922,-0.01889669380750623
3378,-0.0029104512956447514,-0.0356469745105701,-0.01889669380750623
3379,-0.0029104512731568523,-0.03564697451063466,-0.01889669380750623
3380,-0.002910451296236538,-0.03564697451069922,-0.01889669380750623
3381,-0.002910451296828325,-0.035646974061953364,-0.01889669380750623
3382,-0.002910451296236538,-0.03564697451063466,-0.01889669380750623
3383,-0.0029104512956447514,-0.03564697451063466,-0.01889669380750623
3384,-0.002910451296236538,-0.03564697451069922,-0.01889669380750623
3385,-0.002910451296828325,-0.03564697451063466,-0.01889669380750623
3386,-0.0029104512719732786,-0.03564697451069922,-0.01889669380750623
3387,-0.0029104512974201116,-0.035646974061953364,-0.01889669380750623
3388,-0.0029104512950529644,-0.03564697451063466,-0.01889669380750623
3389,-0.002910451296828325,-0.03564697451069922,-0.01889669380750623
3390,-0.0029104512956447514,-0.0356469745105701,-0.01889669380750623
3391,-0.025773565408756118,0.016517162542710812,-0.06270765943193728
3392,-0.02577356538449286,0.01651716209402952,-0.06270765943193728
3393,-0.025773565407572543,0.016517162542710812,-0.06270765943116027
3394,-0.025773565385084646,0.01651716209402952,-0.06270765943193728
3395,-0.02577356540816433,0.016517162542710812,-0.06270765943193728
3396,-0.02577356538449286,0.016517162542710812,-0.06270765943193728
3397,-0.02577356540816433,0.01651716209402952,-0.06270765943193728
3398,-0.02577356538449286,0.016517162542710812,-0.06270765943193728
3399,-0.02577356540816433,0.016517162542710812,-0.06270765943116027
3400,-0.025773565383901072,0.01651716209402952,-0.06270765943193728
3401,-0.025773565408756118,0.016517162542710812,-0.06270765943193728
3402,-0.02577356538449286,0.016517162094094075,-0.06270765943193728
3403,-0.025773565407572543,0.016517162542646253,-0.06270765943193728
3404,-0.025773565385676434,0.016517162542710812,-0.06270765943116027
3405,-0.025773565407572543,0.016517162094094075,-0.06270765943193728
3406,-0.02577356538449286,0.016517162542710812,-0.06270765943193728
3407,-0.025773565408756118,0.01651716209402952,-0.06270765943193728
3408,-0.02577356538449286,0.016517162542710812,-0.06270765943193728
3409,-0.025773565407572543,0.016517162542710812,-0.06270765943193728
3410,-0.025773565385084646,0.01651716209402952,-0.06270765943116027
3411,-0.025773565407572543,0.016517162542710812,-0.06270765943193728
3412,-0.025773565385084646,0.016517162542710812,-0.06270765943193728
3413,-0.02577356540816433,0.01651716209402952,-0.06270765943193728
3414,-0.02577356538449286,0.016517162542710812,-0.06270765943193728
3415,-0.02577356540816433,0.01651716209396496,-0.06270765943193728
3416,-0.025773565385084646,0.01651716254277537,-0.06270765943116027
3417,-0.025773565407572543,0.016517162542710812,-0.06270765943193728
3418,-0.02577356538449286,0.01651716209402952,-0.06270765943193728
3419,-0.025773565408756118,0.016517162542710812,-0.06270765943193728
3420,-0.02577356538449286,0.016517162094094075,-0.06270765943193728
3421,-0.025773565407572543,0.016517162542646253,-0.06270765943116027
3422,-0.02577356538449286,0.016517162542710812,-0.06270765943193728
3423,-0.02577356540816433,0.016517162094094075,-0.06270765943193728
3424,-0.025773565385084646,0.016517162542646253,-0.06270765943193728
3425,-0.025773565407572543,0.016517162542710812,-0.06270765943193728
3426,-0.025773565385084646,0.016517162094094075,-0.06270765943193728
3427,-0.025773565407572543,0.016517162542710812,-0.06270765943116027
3428,-0.02577356538449286,0.01651716209402952,-0.06270765943193728
3429,-0.025773565408756118,0.016517162542710812,-0.06270765943193728
3430,0.01705075184923502,-0.005610011298527847,-0.01889669380750623
3431,0.017050751824379973,-0.005610010849781995,-0.01889669380750623
3432,0.017050751848051444,-0.00561001129839873,-0.01889669380750623
3433,0.017050751824379973,-0.005610010849846553,-0.01889669380750623
3434,0.017050751848051444,-0.00561001129839873,-0.01889669380750623
3435,0.01705075184864323,-0.005610010849781995,-0.01889669380750623
3436,0.01705075182497176,-0.00561001129839873,-0.01889669380750623
3437,0.017050751848051444,-0.005610010849781995,-0.01889669380750623
3438,0.017050751824379973,-0.005610011298463289,-0.01889669380750623
3439,0.01705075184864323,-0.00561001129839873,-0.01889669380750623
3440,0.01705075184864323,-0.0056100108499111115,-0.01889669380750623
3441,0.017050751824379973,-0.00561001129839873,-0.01889669380750623
3442,0.017050751848051444,-0.005610010849781995,-0.01889669380750623
3443,0.01705075182497176,-0.005610011298463289,-0.01889669380750623
3444,0.017050751847459657,-0.005610010849781995,-0.01889669380750623
3445,0.017050751825563547,-0.00561001129839873,-0.01889669380750623
3446,0.017050751848051444,-0.0056100108499111115,-0.01889669380750623
3447,0.01705075184923502,-0.00561001129839873,-0.01889669380750623
3448,0.017050751823788186,-0.00561001129839873,-0.01889669380750623
3449,0.01705075184864323,-0.005610010849781995,-0.01889669380750623
3450,0.017050751824379973,-0.005610011298463289,-0.01889669380750623
3451,0.017050751848051444,-0.005610010849781995,-0.01889669380750623
3452,0.017050751848051444,-0.00561001129839873,-0.01889669380750623
3453,0.017050751825563547,-0.005610010849846553,-0.01889669380750623
3454,0.017050751848051444,-0.005610011298463289,-0.01889669380750623
3455,0.017050751824379973,-0.0056100108497174365,-0.01889669380750623
3456,0.01705075184864323,-0.005610011298527847,-0.01889669380750623
3457,-0.4618088315504055,-0.020143015198113363,-0.848801556918665
3458,-0.46180883157466873,-0.020143015198048803,-0.848801556919442
3459,-0.4618088315734852,-0.020143015198113363,-0.848801556919442
3460,-0.4618088315504055,-0.020143015198113363,-0.848801556918665
3461,-0.4618088315504055,-0.020143015198048803,-0.848801556918665
3462,-0.4618088315734852,-0.020143015198242478,-0.848801556919442
3463,-0.46180883157466873,-0.020143015198048803,-0.848801556919442
3464,-0.4618088315504055,-0.020143015646730097,-0.848801556918665
3465,-0.4618088315509973,-0.02014301519817792,-0.848801556918665
3466,-0.4618088315734852,-0.020143015198113363,-0.848801556919442
3467,-0.4618088315734852,-0.020143015198113363,-0.848801556919442
3468,-0.4618088315509973,-0.020143015198048803,-0.848801556918665
3469,-0.4618088315498137,-0.020143015198242478,-0.848801556918665
3470,-0.46180883157466873,-0.020143015198048803,-0.848801556919442
3471,-0.5924068997520828,0.1431277695171773,-0.4517490341758904
3472,-0.5924068997757543,0.1431277695171773,-0.4517490341751134
3473,-0.5924068997520828,0.1431277695173064,-0.4517490341758904
3474,-0.5924068997763461,0.14312776951711273,-0.4517490341751134
3475,-0.5924068997520828,0.14312776951724185,-0.4517490341758904
3476,-0.5924068997520828,0.1431277695171773,-0.4517490341751134
3477,-0.5924068997751625,0.14312776951724185,-0.4517490341758904
3478,-0.5924068997520828,0.14312776951724185,-0.4517490341751134
3479,-0.5924068997763461,0.14312776951724185,-0.4517490341758904
3480,-0.5924068997520828,0.1431277695171773,-0.4517490341751134
3481,-0.5924068997520828,0.1431277695171773,-0.4517490341758904
3482,-0.5924068997757543,0.1431277695173064,-0.4517490341751134
3483,-0.5924068997526746,0.14312776951704817,-0.4517490341758904
3484,-0.5924068997757543,0.1431277695173064,-0.4517490341751134
3485,-0.5924068997520828,0.1431277695171773,-0.4517490341758904
3486,-0.44297257171768795,-0.4819918652084084,-0.668175204359694
3487,-0.4429725717413594,-0.48199186475979167,-0.668175204359694
3488,-0.44297257171887156,-0.4819918652084084,-0.668175204358917
3489,-0.44297257174017585,-0.4819918652084084,-0.668175204359694
3490,-0.44297257171887156,-0.4819918652084084,-0.668175204359694
3491,-0.44297257171768795,-0.4819918647597271,-0.668175204359694
3492,-0.4429725717419512,-0.4819918652084084,-0.668175204359694
3493,-0.44297257171709614,-0.4819918652084084,-0.668175204358917
3494,-0.4429725717413594,-0.48199186475979167,-0.668175204359694
3495,-0.44297257171827975,-0.4819918652084084,-0.668175204359694
3496,-0.6451484273025108,-0.13891273902815784,-0.5884392469235559
3497,-0.645148427301919,-0.13891273857954112,-0.5884392469227788
3498,-0.645148427301919,-0.13891273902809328,-0.5884392469235559
3499,-0.7154704640352311,-0.054721542661750555,-0.24671371505361525
3500,-0.7154704640121514,-0.05472154221306926,-0.24671371505439224
3501,-0.7154704640340475,-0.054721542661750555,-0.24671371505361525
3502,-0.7154704640352311,-0.05472154221306926,-0.24671371505361525
3503,-0.7154704640121514,-0.054721542661815115,-0.24671371505361525
3504,-0.7154704640352311,-0.05472154221313382,-0.24671371505439224
3505,-0.7154704640358229,-0.054721542661685996,-0.24671371505361525
3506,-0.7154704640109678,-0.05472154221306926,-0.24671371505361525
3507,-0.7154704640352311,-0.054721542661750555,-0.24671371505361525
3508,-0.7154704640352311,-0.05472154221306926,-0.24671371505439224
3509,-0.7154704640109678,-0.054721542661815115,-0.24671371505361525
3510,-0.7154704640358229,-0.05472154221313382,-0.24671371505361525
3511,-0.7154704640340475,-0.054721542661685996,-0.24671371505361525
3512,-0.7154704640127432,-0.05472154221313382,-0.24671371505439224
3513,-0.7154704640352311,-0.054721542661685996,-0.24671371505361525
3514,-0.6953784535296005,-0.1238785966917269,-0.9464374231672195
3515,-0.6953784535538637,-0.1238785966917269,-0.9464374231679965
3516,-0.6953784535290087,-0.1238785966917269,-0.9464374231672195
3517,-0.6953784535307841,-0.12387859714034365,-0.9464374231672195
3518,-0.6953784535290087,-0.12387859669159779,-0.9464374231672195
3519,-0.6953784535538637,-0.1238785966917269,-0.9464374231679965
3520,-0.6953784535301923,-0.1238785966917269,-0.9464374231672195
3521,-0.59654349016842,0.02946965415333804,-0.5013327388000436
3522,-0.5965434901453404,0.02946965415333804,-0.5013327387992665
3523,-0.5965434901696036,0.02946965415333804,-0.5013327388000436
3524,-0.5965434901453404,0.02946965415333804,-0.5013327387992665
3525,-0.5965434901696036,0.02946965415333804,-0.5013327388000436
3526,-0.5965434901453404,0.02946965415333804,-0.5013327388000436
3527,-0.59654349016842,0.02946965415333804,-0.5013327387992665
3528,-0.5965434901453404,0.02946965415333804,-0.5013327388000436
3529,-0.5965434901696036,0.02946965415333804,-0.5013327387992665
3530,-0.5965434901459321,0.02946965415333804,-0.5013327388000436
3531,-0.59654349016842,0.02946965415333804,-0.5013327387992665
3532,-0.5965434901459321,0.02946965415333804,-0.5013327388000436
3533,-0.5965434901690118,0.02946965415333804,-0.5013327388000436
3534,-0.5965434901453404,0.02946965415333804,-0.5013327387992665
3535,-0.5965434901696036,0.02946965415333804,-0.5013327388000436
3536,-0.5965434901453404,0.02946965415333804,-0.5013327387992665
3537,-0.59654349016842,0.02946965415333804,-0.5013327388000436
3538,-0.19772446866137017,0.19679965729046756,-0.3435359490836001
3539,-0.1977244686371069,0.19679965729059667,-0.3435359490836001
3540,-0.19772446866077836,0.19679965729059667,-0.3435359490836001
3541,-0.19772446866077836,0.19679965773914884,-0.3435359490828231
3542,-0.1977244686371069,0.19679965729059667,-0.3435359490836001
3543,-0.19772446866077836,0.19679965729046756,-0.3435359490836001
3544,-0.19772446866077836,0.19679965729059667,-0.3435359490836001
3545,-0.1977244686601866,0.19679965729046756,-0.3435359490836001
3546,-0.1977244686371069,0.19679965729053212,-0.3435359490836001
3547,-0.19772446866077836,0.1967996577392134,-0.3435359490836001
3548,-0.19772446866077836,0.19679965729059667,-0.3435359490828231
3549,-0.1977244686371069,0.19679965729053212,-0.3435359490836001
3550,-0.19772446866077836,0.19679965729053212,-0.3435359490836001
3551,-0.19772446866137017,0.19679965729053212,-0.3435359490836001
3552,-0.1977244686601866,0.19679965729046756,-0.3435359490836001
3553,-0.1977244686371069,0.19679965729059667,-0.3435359490836001
3554,-0.19772446866077836,0.1967996577392134,-0.3435359490828231
3555,-0.19772446866077836,0.19679965729053212,-0.3435359490836001
3556,-0.1977244686371069,0.19679965729046756,-0.3435359490836001
3557,-0.19772446866077836,0.19679965729059667,-0.3435359490836001
3558,-0.6235108775457437,0.7094754726846675,-0.41319538442583165
3559,-0.6235108775445601,0.7094754726847321,-0.41319538442660864
3560,-0.623510877545152,0.7094754726847966,-0.41319538442583165
3561,-0.6235108775463356,0.7094754726846675,-0.41319538442660864
3562,-0.6235108775445601,0.7094754726846675,-0.41319538442583165
3563,-0.623510877545152,0.7094754726847321,-0.41319538442583165
3564,-0.6235108775220723,0.7094754726846675,-0.41319538442660864
3565,-0.623510877545152,0.7094754726846675,-0.41319538442583165
3566,-0.623510877545152,0.7094754726847321,-0.41319538442583165
3567,-0.6235108775445601,0.7094754726847966,-0.41319538442660864
3568,-0.6235108775457437,0.7094754726846675,-0.41319538442583165
3569,-0.6235108775457437,0.7094754726846675,-0.41319538442660864
3570,-0.623510877545152,0.7094754726847321,-0.41319538442583165
3571,-0.08798152097063118,0.9183344028224519,0.3754019968108192
3572,-0.0879815209475515,0.918334402373706,0.3754019968115962
3573,-0.08798152096944761,0.9183344028224519,0.3754019968108192
3574,-0.0879815209481433,0.9183344023737706,0.3754019968115962
3575,-0.0879815209700394,0.9183344028224519,0.3754019968108192
3576,-0.0879815209481433,0.9183344028224519,0.3754019968108192
3577,-0.08798152096944761,0.918334402373706,0.3754019968115962
3578,-0.0879815209475515,0.9183344028224519,0.3754019968108192
3579,-0.08798152097063118,0.9183344028224519,0.3754019968108192
3580,-0.08798152094695971,0.9183344023738351,0.3754019968115962
3581,-0.08798152097063118,0.9183344028223228,0.3754019968108192
3582,-0.0879815209475515,0.9183344023737706,0.3754019968115962
3583,-0.08798152097063118,0.9183344028224519,0.3754019968108192
3584,0.3085941957609554,0.2583644697232578,0.28011314657859465
3585,0.3085941957378758,0.2583644701718745,0.28011314657781766
3586,0.3085941957609554,0.2583644697232578,0.28011314657859465
3587,0.3085941957609554,0.25836446972312865,0.28011314657781766
3588,0.30859419573728397,0.2583644701718745,0.28011314657859465
3589,0.3085941957609554,0.2583644697232578,0.28011314657781766
3590,0.30859419576213903,0.2583644697231932,0.28011314657859465
3591,0.30859419573728397,0.2583644697232578,0.28011314657781766
3592,0.3085941957609554,0.2583644701718745,0.28011314657859465
3593,0.3085941957609554,0.25836446972312865,0.28011314657859465
3594,0.3085941957609554,0.2583644697232578,0.28011314657781766
3595,0.3085941957378758,0.2583644701718745,0.28011314657859465
3596,0.3085941957609554,0.2583644697232578,0.28011314657781766
3597,0.3085941957609554,0.2583644697231932,0.28011314657859465
3598,0.30859419573728397,0.2583644701718745,0.28011314657781766
3599,0.30859419576154723,0.2583644697232578,0.28011314657859465
