time,dx,dy,dz
0,-1.1143512487827165,0.9803349331112203,0.6243513661820902
1,-1.1143512487827165,0.9803349335599661,0.6243513661820902
2,-1.1143512487821248,0.9803349331112203,0.6243513661820902
3,-1.1143512487827165,0.9803349331112203,0.6243513661820902
4,-1.1143512487827165,0.9803349331113494,0.6243513661820902
5,-1.11435124882858,0.9803349331112203,0.6243513661820902
6,-1.1143512487830125,0.9803349331112848,0.6243513661820902
7,-1.1143512487821248,0.9803349331111557,0.6243513661820902
8,-1.1143512487824208,0.9803349331113494,0.6243513661820902
9,-1.1143512487827165,0.9803349335599016,0.6243513661820902
10,-1.1143512487824208,0.9803349331112848,0.6243513661820902
11,-1.1143512488294678,0.9803349331111557,0.6243513661820902
12,-1.1143512487818288,0.9803349331112848,0.6243513661820902
13,-1.1143512487830125,0.9803349331112848,0.6243513661820902
14,-1.3033705592794769,0.871381620060882,0.17095082389771413
15,-1.3033705593268199,0.8713816200609467,0.17095082389771413
16,-1.3033705592797726,0.8713816196122007,0.17095082389790836
17,-1.3033705592794769,0.8713816200609467,0.17095082389771413
18,-1.303370559326524,0.871381620060882,0.17095082389771413
19,-1.3033705592794769,0.8713816200609467,0.17095082389771413
20,-1.3033705592794769,0.8713816196121362,0.17095082389790836
21,-1.303370559326524,0.8713816200610112,0.17095082389771413
22,-1.3033705592794769,0.871381620060882,0.17095082389771413
23,0.4785660315821424,1.1029074105171512,3.3983586248872375
24,0.47856603162948536,1.0397640132424424,1.0062799018009556
25,1.8456911537921208,0.155756448702949,0.3228288380618516
26,1.6879459474096117,0.09261305187692165,2.7149075611483275
27,1.530200741025327,-0.7913945126626364,-3.0944264806326975
28,1.2672920636408596,-0.8545379099375388,2.7149075611483275
29,1.319873799118463,-0.8545379099374096,0.3228288380618516
30,1.174500765779639,-0.44224866795758233,0.5841483624327769
31,1.1745007657328879,-0.4422486679576469,0.5841483624327769
32,1.1745007657790472,-0.4422486675089656,0.5841483624325826
33,1.174500765779639,-0.44224866795758233,0.5841483624327769
34,1.174500765779639,-0.4422486679576469,0.5841483624327769
35,1.1745007657328879,-0.4422486679576469,0.5841483624327769
36,1.174500765779639,-0.4422486675089656,0.5841483624327769
37,1.1745007657790472,-0.4422486679576469,0.5841483624327769
38,1.1745007657322961,-0.44224866795758233,0.5841483624325826
39,1.1745007657802307,-0.4422486679576469,0.5841483624327769
40,1.174500765779639,-0.44224866750903014,0.5841483624327769
41,1.1745007657322961,-0.4422486679576469,0.5841483624327769
42,1.174500765779639,-0.44224866795758233,0.5841483624327769
43,1.174500765779639,-0.4422486679576469,0.5841483624327769
44,1.174500765779639,-0.4422486675089656,0.5841483624325826
45,1.1745007657322961,-0.4422486679576469,0.5841483624327769
46,1.174500765779639,-0.4422486679576469,0.5841483624327769
47,1.2725502372029116,-0.3178190317555031,0.7670720294923469
48,1.2725502372029116,-0.3178190317554385,0.7670720294921527
49,1.2725502372029116,-0.3178190317555031,0.7670720294923469
50,1.2725502372029116,-0.3178190317555031,0.7670720294923469
51,1.2725502371567523,-0.3178190317555031,0.7670720294923469
52,1.2725502372029116,-0.3178190317554385,0.7670720294921527
53,1.2725502372029116,-0.3178190317555031,0.7670720294923469
54,1.2725502372029116,-0.3178190317555031,0.7670720294923469
55,1.2725502372029116,-0.3178190317554385,0.7670720294921527
56,1.2725502372029116,-0.3178190317555031,0.7670720294923469
57,1.2672920636414513,-0.15996053811979197,0.5364072954804673
58,1.2672920636408596,-0.15996053811985653,0.536407295480273
59,1.2672920636414513,-0.1599605381197274,0.5364072954804673
60,1.2672920636882026,-0.1599605381197274,0.536407295480273
61,1.2672920636408596,-0.15996053811979197,0.5364072954804673
62,1.2672920636417473,-0.15996053811979197,0.5364072954804673
63,1.2672920636411555,-0.15996053811985653,0.536407295480273
64,1.2672920636411555,-0.1599605381197274,0.5364072954804673
65,1.2541466298074837,-0.207318086075888,0.49369160399662754
66,1.2541466297601407,-0.2073180865245693,0.4936916039968218
67,1.2541466298071877,-0.20731808607582344,0.49369160399662754
68,1.2541466297601407,-0.20731808607595256,0.49369160399662754
69,1.2541466298074837,-0.2073180865245693,0.4936916039968218
70,1.2541466297601407,-0.207318086075888,0.49369160399662754
71,1.254146629806892,-0.207318086075888,0.4936916039968218
72,1.2541466297601407,-0.20731808607595256,0.49369160399662754
73,1.2541466298074837,-0.20731808652450473,0.49369160399662754
74,1.254146629806892,-0.20731808607595256,0.4936916039968218
75,1.2541466297604367,-0.20731808607582344,0.49369160399662754
76,1.2541466298071877,-0.2073180865245693,0.4936916039968218
77,1.2541466297607324,-0.207318086075888,0.49369160399662754
78,1.254146629806596,-0.20731808607595256,0.49369160399662754
79,1.2541466297607324,-0.20731808652450473,0.4936916039968218
80,1.254146629806892,-0.207318086075888,0.49369160399662754
81,1.3428783083745837,0.1754887607999606,0.7499857528988887
82,1.342878308421335,0.1754887608000897,0.7499857528986945
83,1.342878308374288,0.17548876035134386,0.7499857528988887
84,1.3428783083748796,0.1754887607999606,0.7499857528988887
85,1.342878308421335,0.1754887608000897,0.7499857528986945
86,1.342878308374288,0.1754887607999606,0.7499857528988887
87,1.3428783083745837,0.17548876080002515,0.7499857528986945
88,1.342878308421335,0.1754887607999606,0.7499857528988887
89,1.3428783083745837,0.17548876035147296,0.7499857528988887
90,1.3428783083748796,0.1754887607999606,0.7499857528986945
91,1.342878308373992,0.17548876080002515,0.7499857528988887
92,1.3428783084219267,0.17548876080002515,0.7499857528986945
93,1.3428783083745837,0.1754887608000897,0.7499857528988887
94,1.342878308374288,0.1754887603512793,0.7499857528988887
95,1.342878308421335,0.17548876080002515,0.7499857528986945
96,1.3428783083745837,0.17548876080002515,0.7499857528988887
97,1.244287554384739,0.26625739438256407,0.472333758254902
98,1.244287554385035,0.2662573948312454,0.472333758254902
99,1.244287554384443,0.26625739438256407,0.4723337582547077
100,1.244287554384739,0.26625739438256407,0.472333758254902
101,1.244287554385035,0.26625739483130995,0.472333758254902
102,1.244287554384739,0.2662573943824995,0.472333758254902
103,1.244287554384739,0.26625739438256407,0.472333758254902
104,1.244287554384443,0.26625739438256407,0.472333758254902
105,1.2442875543382836,0.26625739483130995,0.4723337582547077
106,1.244287554384443,0.2662573943824995,0.472333758254902
107,1.244287554385035,0.26625739438256407,0.472333758254902
108,1.244287554384739,0.2662573948312454,0.472333758254902
109,1.2442875543853307,0.26625739438262863,0.472333758254902
110,1.2442875543841472,0.26625739438256407,0.4723337582547077
111,1.244287554384739,0.2662573948312454,0.472333758254902
112,1.244287554384739,0.2662573943824995,0.472333758254902
113,1.1719876681098764,0.24257862040451605,0.8567749816080995
114,1.1719876681101722,0.2425786204045806,0.8567749816079052
115,1.1719876681098764,0.24257862085313278,0.8567749816080995
116,1.1719876681104682,0.24257862040451605,0.8567749816079052
117,1.1719876681101722,0.24257862040451605,0.8567749816080995
118,1.1719876681092847,0.24257862040451605,0.8567749816079052
119,1.1719876681104682,0.24257862040451605,0.8567749816080995
120,1.1719876681569235,0.2425786204044515,0.8567749816079052
121,1.1719876681098764,0.2425786208532619,0.8567749816080995
122,1.1719876681098764,0.24257862040451605,0.8567749816080995
123,1.1719876681101722,0.24257862040451605,0.8567749816079052
124,1.1719876681098764,0.2425786204044515,0.8567749816080995
125,1.1719876681104682,0.2425786204045806,0.8567749816079052
126,1.1719876681095804,0.24257862085313278,0.8567749816080995
127,1.1719876681098764,0.24257862040451605,0.8567749816079052
128,1.1719876681095804,0.24257862040451605,0.8567749816080995
129,1.1898031903345034,0.13581642862901994,0.4667132725332521
130,1.1898031903345034,0.1358164290776367,0.46671327253344635
131,1.18980319033332,0.13581642862901994,0.4667132725332521
132,1.1898031903345034,0.13581642862901994,0.4667132725332521
133,1.1898031902874564,0.1358164290776367,0.46671327253344635
134,1.1898031903342075,0.13581642862901994,0.4667132725332521
135,1.1898031903336157,0.1358164290776367,0.46671327253344635
136,1.1898031903345034,0.13581642862901994,0.4667132725332521
137,1.1898031903339117,0.1358164286289554,0.4667132725332521
138,1.1898031903339117,0.13581642907770125,0.46671327253344635
139,1.1898031903345034,0.13581642862901994,0.4667132725332521
140,1.1898031903336157,0.1358164286289554,0.4667132725332521
141,1.1898031903345034,0.1358164290776367,0.46671327253344635
142,1.1898031903339117,0.13581642862901994,0.4667132725332521
143,1.1898031902871604,0.1358164290776367,0.46671327253344635
144,1.1898031903339117,0.13581642862901994,0.4667132725332521
145,1.1898031903345034,0.13581642862901994,0.4667132725332521
146,1.1898031903339117,0.1358164290776367,0.46671327253344635
147,1.1898031903342075,0.1358164286289554,0.4667132725332521
148,1.2785595783959727,0.09712329421882196,0.7377812696178194
149,1.2785595783965646,0.09712329421882196,0.7377812696176251
150,1.2785595783965646,0.09712329421888652,0.7377812696178194
151,1.2785595783962687,0.09712329421882196,0.7377812696178194
152,1.2785595783959727,0.09712329421882196,0.7377812696178194
153,1.2785595783962687,0.09712329421882196,0.7377812696176251
154,1.2785595783968604,0.09712329421888652,0.7377812696178194
155,1.2785595783962687,0.0971232946674387,0.7377812696178194
156,1.2785595783959727,0.09712329421882196,0.7377812696176251
157,1.2785595783962687,0.09712329421882196,0.7377812696178194
158,1.2785595783962687,0.09712329421888652,0.7377812696178194
159,1.2785595783965646,0.09712329421882196,0.7377812696178194
160,1.2785595783962687,0.09712329421888652,0.7377812696176251
161,1.2785595783962687,0.09712329421875741,0.7377812696178194
162,1.3631764047990262,0.18547098899290074,0.5841483624327769
163,1.3631764047993222,0.18547098899290074,0.5841483624327769
164,1.3631764047993222,0.18547098899290074,0.5841483624325826
165,1.363176404799618,0.18547098899283618,0.5841483624327769
166,1.3631764047993222,0.18547098899290074,0.5841483624327769
167,1.3631764047993222,0.18547098899290074,0.5841483624327769
168,1.3631764047993222,0.18547098899290074,0.5841483624327769
169,1.363176404799618,0.18547098899290074,0.5841483624327769
170,1.3631764048454815,0.18547098899283618,0.5841483624325826
171,1.363176404799914,0.18547098899290074,0.5841483624327769
172,1.3631764047993222,0.18547098899283618,0.5841483624327769
173,1.3631764047990262,0.1854709889929653,0.5841483624327769
174,1.3631764047993222,0.18547098899290074,0.5841483624327769
175,1.363176404799914,0.18547098899290074,0.5841483624327769
176,1.3631764047993222,0.18547098899283618,0.5841483624325826
177,1.3631764047984345,0.18547098899290074,0.5841483624327769
178,1.363176404799914,0.18547098899290074,0.5841483624327769
179,1.5689451776557213,0.1258464188163638,0.4846988268422986
180,1.5689451776554255,0.12584641836761795,0.4846988268421043
181,1.5689451776551295,0.1258464188163638,0.4846988268422986
182,1.5689451776560173,0.12584641881629924,0.4846988268422986
183,1.5689451777024725,0.1258464183676825,0.4846988268422986
184,1.5689451776548335,0.1258464188163638,0.4846988268421043
185,1.5689451776557213,0.1258464183676825,0.4846988268422986
186,1.5689451776554255,0.1258464188163638,0.4846988268422986
187,1.5689451776557213,0.12584641881629924,0.4846988268422986
188,1.5689451776548335,0.1258464183676825,0.4846988268421043
189,1.568945177656313,0.12584641881629924,0.4846988268422986
190,1.5689451776551295,0.1258464188163638,0.4846988268422986
191,1.5689451776554255,0.1258464183676825,0.4846988268422986
192,1.5689451776557213,0.12584641881629924,0.4846988268421043
193,1.5689451777024725,0.12584641836774707,0.4846988268422986
194,1.5689451776548335,0.12584641881629924,0.4846988268422986
195,1.5689451776557213,0.1258464188163638,0.4846988268422986
196,1.5689451776554255,0.1258464183676825,0.4846988268421043
197,1.5689451776557213,0.12584641881629924,0.4846988268422986
198,1.5196843939018148,0.1641755686088114,0.4823007529343221
199,1.5196843939021107,0.1641755686088114,0.48230075293451635
200,1.5196843939021107,0.1641755686088114,0.4823007529343221
201,1.519684393901519,0.16417556905755726,0.4823007529343221
202,1.5196843939021107,0.1641755686088114,0.48230075293451635
203,1.5196843939018148,0.16417556860874685,0.4823007529343221
204,1.519684393901519,0.1641755686088114,0.4823007529343221
205,1.5196843939488618,0.16417556860887597,0.48230075293451635
206,1.5196843939018148,0.1641755686088114,0.4823007529343221
207,1.5196843939021107,0.16417556860874685,0.4823007529343221
208,1.5196843939021107,0.1641755686088114,0.48230075293451635
209,1.519684393901519,0.16417556905755726,0.4823007529343221
210,1.5196843939018148,0.1641755686088114,0.4823007529343221
211,1.519684393901519,0.1641755686088114,0.48230075293451635
212,1.5196843939024065,0.1641755686088114,0.4823007529343221
213,1.4056650517330265,0.4847667828399489,0.43074216391554765
214,1.4056650517330265,0.48476678328856565,0.4307421639153534
215,1.4056650517336182,0.4847667828399489,0.43074216391554765
216,1.4056650517327305,0.48476678328856565,0.43074216391554765
217,1.4056650516868672,0.4847667828399489,0.4307421639153534
218,1.4056650517333225,0.4847667832886302,0.43074216391554765
219,1.4056650517327305,0.4847667828399489,0.43074216391554765
220,1.4056650517336182,0.48476678283988434,0.4307421639153534
221,1.4056650517330265,0.48476678328856565,0.43074216391554765
222,1.4056650517333225,0.48476678284001345,0.43074216391554765
223,1.4056650517327305,0.48476678328856565,0.43074216391554765
224,1.4056650517330265,0.4847667828399489,0.4307421639153534
225,1.4056650517336182,0.48476678283988434,0.43074216391554765
226,1.4056650517333225,0.4847667832886302,0.43074216391554765
227,1.4056650516868672,0.4847667828399489,0.4307421639153534
228,1.4056650517327305,0.48476678328856565,0.43074216391554765
229,1.4056650517330265,0.4847667828399489,0.43074216391554765
230,1.4056650517333225,0.4847667832886302,0.4307421639153534
231,1.4056650517336182,0.4847667828399489,0.43074216391554765
232,1.3522317901696543,0.7046182881063658,0.4542617349347562
233,1.35223179016995,0.7046182885550472,0.4542617349349504
234,1.3522317902164054,0.7046182881063658,0.4542617349347562
235,1.35223179016995,0.7046182885550472,0.4542617349349504
236,1.352231790170246,0.7046182881063658,0.4542617349347562
237,1.3522317901696543,0.7046182881064305,0.4542617349349504
238,1.3522317902167014,0.7046182885550472,0.4542617349347562
239,1.3522317901696543,0.7046182881063658,0.4542617349349504
240,1.35223179016995,0.7046182881063658,0.4542617349347562
241,1.352231790170246,0.7046182885550472,0.4542617349349504
242,1.3522317902169971,0.7046182881064305,0.4542617349347562
243,1.3522317901696543,0.7046182885550472,0.4542617349349504
244,1.35223179016995,0.7046182881064305,0.4542617349347562
245,1.2357430223647128,0.3073006029700826,1.0746250081747883
246,1.235743022364121,0.3073006025214659,1.0746250081747883
247,1.2357430223647128,0.30730060297014716,1.0746250081747883
248,1.2357430223644168,0.30730060297014716,1.0746250081747883
249,1.2357430223644168,0.30730060297014716,1.0746250081747883
250,1.235743022411168,0.3073006025214659,1.0746250081749826
251,1.2357430223647128,0.30730060297014716,1.0746250081747883
252,1.2357430223647128,0.3073006029700826,1.0746250081747883
253,1.235743022364121,0.3073006025214659,1.0746250081747883
254,1.2357430223647128,0.30730060297014716,1.0746250081747883
255,1.2672920636414513,0.15575644915163028,-1.044073289415968
256,1.3584337384768528,-0.13470317929963185,0.505082455058933
257,1.3584337384301015,-0.134703178850886,0.5050824550591273
258,1.3584337384774445,-0.1347031792995673,0.505082455058933
259,1.3584337384771485,-0.1347031792995673,0.5050824550591273
260,1.3584337384765568,-0.1347031792995673,0.505082455058933
261,1.3584337384309892,-0.13470317885101513,0.5050824550591273
262,1.358433738476261,-0.13470317929950273,0.505082455058933
263,1.3584337384780363,-0.13470317929963185,0.5050824550591273
264,1.3584337384768528,-0.1347031792995673,0.505082455058933
265,1.3584337384303975,-0.13470317885095057,0.5050824550591273
266,1.3584337384768528,-0.13470317929963185,0.505082455058933
267,1.3584337384768528,-0.1347031792995673,0.5050824550591273
268,1.3584337384774445,-0.1347031792995673,0.505082455058933
269,1.3584337384301015,-0.134703178850886,0.5050824550591273
270,1.3584337384774445,-0.1347031792995673,0.505082455058933
271,1.348554745741696,0.10983397828393197,1.1305437315715605
272,1.3485547457411042,0.10983397783525067,1.1305437315717548
273,1.3485547457422877,0.10983397828399653,1.1305437315715605
274,1.348554745741696,0.10983397828393197,1.1305437315715605
275,1.348554745741696,0.10983397828393197,1.1305437315717548
276,1.348554745741992,0.10983397783531523,1.1305437315715605
277,1.348554745741696,0.10983397828393197,1.1305437315717548
278,1.348554745741696,0.10983397828393197,1.1305437315715605
279,1.348554745741696,0.10983397828399653,1.1305437315715605
280,1.3485547457422877,0.10983397783525067,1.1305437315717548
281,1.3485547457414,0.10983397828399653,1.1305437315715605
282,1.1921752987012602,0.6022704737633742,0.3228288380620458
283,1.1921752987012602,0.6022704737633742,0.3228288380618516
284,1.1921752987006682,0.6022704737633742,0.3228288380620458
285,1.1921752986548049,0.6022704737633097,0.3228288380620458
286,1.1921752987012602,0.6022704737633742,0.3228288380618516
287,1.1921752987006682,0.6022704737634388,0.3228288380620458
288,1.1921752987012602,0.6022704737633742,0.3228288380618516
289,1.1921752987006682,0.6022704733146284,0.3228288380620458
290,1.192175298701556,0.6022704737634388,0.3228288380620458
291,1.1921752987012602,0.6022704737633742,0.3228288380618516
292,1.192175298654213,0.6022704737633742,0.3228288380620458
293,1.1921752987012602,0.6022704737633742,0.3228288380620458
294,1.1921752987006682,0.6022704737633742,0.3228288380618516
295,1.192175298701556,0.6022704737633419,0.3228288380620458
296,1.060720960031958,0.5526578044119551,0.7133723030556808
297,1.0607209600325498,0.5526578044119228,0.7133723030556808
298,1.0607209599855028,0.5526578039632415,0.7133723030556808
299,1.0607209600328456,0.5526578044119228,0.7133723030554866
300,1.0607209600325498,0.5526578044118905,0.7133723030556808
301,1.0607209600328456,0.5526578044119228,0.7133723030556808
302,1.0607209599852068,0.5526578039632415,0.7133723030556808
303,1.0607209600328456,0.5526578044119551,0.7133723030556808
304,1.060720960031958,0.5526578044119228,0.7133723030556808
305,1.0607209600328456,0.5526578044119228,0.7133723030556808
306,1.0607209600322538,0.5526578044118905,0.7133723030554866
307,1.0607209599857985,0.5526578039633061,0.7133723030556808
308,1.0607209600322538,0.5526578044118582,0.7133723030556808
309,1.0607209600328456,0.5526578044119551,0.7133723030556808
310,1.2532702675231249,0.31151016269870546,0.4823007529343221
311,1.2532702675234209,0.31151016269873777,0.48230075293451635
312,1.2532702675237168,0.31151016269873777,0.4823007529343221
313,1.2532702675237168,0.31151016269870546,0.4823007529343221
314,1.2532702675231249,0.31151016269873777,0.48230075293451635
315,1.2532702675237168,0.31151016269870546,0.4823007529343221
316,1.253270267522829,0.31151016269873777,0.4823007529343221
317,1.2532702675710596,0.3115101626986732,0.48230075293451635
318,1.2532702675225331,0.31151016269873777,0.4823007529343221
319,1.2532702675243086,0.31151016269873777,0.4823007529343221
320,1.253270267522829,0.31151016269870546,0.48230075293451635
321,1.2532702675237168,0.31151016269873777,0.4823007529343221
322,1.2532702675231249,0.31151016269870546,0.4823007529343221
323,1.2532702675237168,0.31151016269873777,0.48230075293451635
324,1.2532702675234209,0.31151016269873777,0.4823007529343221
325,1.2614496486193216,0.36272647415062864,0.5126763557672661
326,1.2614496485725704,0.36272647370197963,0.5126763557672661
327,1.2614496486199134,0.36272647415066095,0.5126763557670719
328,1.2614496485725704,0.3627264737019474,0.5126763557672661
329,1.2614496486193216,0.3627264741507255,0.5126763557672661
330,1.261449648573162,0.3627264737019474,0.5126763557672661
331,1.2614496486196174,0.36272647415066095,0.5126763557672661
332,1.2614496485725704,0.36272647370197963,0.5126763557672661
333,1.2614496486193216,0.36272647415062864,0.5126763557672661
334,1.2614496486193216,0.36272647415066095,0.5126763557670719
335,1.2614496485722746,0.36272647370197963,0.5126763557672661
336,1.2614496486193216,0.36272647415062864,0.5126763557672661
337,1.261449648573162,0.3627264737020442,0.5126763557672661
338,1.2614496486193216,0.36272647415062864,0.5126763557672661
339,1.2614496485728663,0.36272647370197963,0.5126763557670719
340,1.2614496486193216,0.36272647415066095,0.5126763557672661
341,1.2614496485725704,0.36272647370201194,0.5126763557672661
342,1.2614496486199134,0.36272647415062864,0.5126763557672661
343,1.3560237422553025,0.25836446972322547,0.7286279071569689
344,1.3560237422553025,0.2583644701718745,0.7286279071569689
345,1.3560237422553025,0.25836446972322547,0.7286279071569689
346,1.3560237422553025,0.25836446972322547,0.7286279071569689
347,1.3560237422558943,0.2583644701718422,0.7286279071569689
348,1.3560237422550068,0.2583644697232578,0.7286279071569689
349,1.3560237422555985,0.2583644697231932,0.7286279071569689
350,1.3560237422555985,0.2583644701719068,0.7286279071569689
351,1.3560237423020538,0.2583644697231932,0.7286279071569689
352,1.3560237422555985,0.25836446972322547,0.7286279071569689
353,1.3560237422553025,0.25836446972322547,0.7286279071569689
354,1.3560237422555985,0.2583644701719068,0.7286279071569689
355,1.3560237422555985,0.2583644697231932,0.7286279071569689
356,1.3560237422553025,0.2583644697231932,0.7286279071569689
357,1.3560237422555985,0.2583644701719068,0.7286279071569689
358,1.3560237422553025,0.2583644697231932,0.7286279071569689
359,1.4828771790633202,-0.03998808293862937,0.49369160399662754
360,1.4828771791100712,-0.03998808293875848,0.4936916039968218
361,1.482877179063616,-0.03998808338731066,0.49369160399662754
362,1.4828771790633202,-0.03998808293869393,0.4936916039968218
363,1.482877179063616,-0.03998808293869393,0.49369160399662754
364,1.4828771790633202,-0.03998808293869393,0.49369160399662754
365,1.4828771791100712,-0.03998808293875848,0.4936916039968218
366,1.482877179063616,-0.03998808338731066,0.49369160399662754
367,1.482877179063616,-0.03998808293869393,0.4936916039968218
368,1.4828771791100712,-0.03998808293869393,0.49369160399662754
369,1.4828771790633202,-0.03998808293869393,0.49369160399662754
370,1.482877179063616,-0.03998808293869393,0.4936916039968218
371,1.4828771790633202,-0.03998808338737522,0.49369160399662754
372,1.482877179063616,-0.03998808293869393,0.4936916039968218
373,1.4828771791100712,-0.03998808293869393,0.49369160399662754
374,1.4828771790633202,-0.03998808293869393,0.49369160399662754
375,1.482877179063616,-0.03998808293869393,0.4936916039968218
376,1.4828771791100712,-0.03998808338737522,0.49369160399662754
377,1.4828771790633202,-0.03998808293869393,0.4936916039968218
378,1.482877179063616,-0.03998808293866165,0.49369160399662754
379,1.4592153981061362,-0.0652454422075676,0.44243277421625304
380,1.4592153981055442,-0.0652454417589186,0.44243277421625304
381,1.4592153981528873,-0.06524544220753532,0.44243277421625304
382,1.4592153981061362,-0.06524544175888632,0.4424327742164473
383,1.4592153981055442,-0.0652454422075676,0.44243277421625304
384,1.4592153981058402,-0.06524544175888632,0.44243277421625304
385,1.4592153981058402,-0.06524544220753532,0.44243277421625304
386,1.4592153981525913,-0.06524544175885404,0.44243277421625304
387,1.4592153981061362,-0.06524544220759988,0.44243277421625304
388,1.4592153981058402,-0.06524544220753532,0.4424327742164473
389,1.4592153981058402,-0.0652454417589186,0.44243277421625304
390,1.4592153981058402,-0.06524544220753532,0.44243277421625304
391,1.4592153981525913,-0.06524544175888632,0.44243277421625304
392,1.4592153981061362,-0.06524544220759988,0.44243277421625304
393,1.4592153981058402,-0.06524544175885404,0.44243277421625304
394,1.4592153981058402,-0.06524544220753532,0.44243277421625304
395,1.4592153981061362,-0.06524544175888632,0.4424327742164473
396,1.4592153981522955,-0.0652454422075676,0.44243277421625304
397,1.4592153981058402,-0.06524544175888632,0.44243277421625304
398,1.4592153981061362,-0.06524544220753532,0.44243277421625304
399,1.4056650517333225,0.4681500993701633,0.6465688156225514
400,1.4056650517330265,0.4681500998188123,0.6465688156225514
401,1.4056650517333225,0.4681500993701633,0.6465688156225514
402,1.4056650517330265,0.46815009937022783,0.6465688156223571
403,1.4056650517333225,0.4681500993701633,0.6465688156225514
404,1.4056650517330265,0.46815009981884453,0.6465688156225514
405,1.4056650517333225,0.4681500993701633,0.6465688156225514
406,1.4056650517330265,0.4681500993701955,0.6465688156225514
407,1.4056650517330265,0.4681500993701633,0.6465688156225514
408,1.4056650516865712,0.4681500998188123,0.6465688156223571
409,1.4056650517333225,0.4681500993701633,0.6465688156225514
410,1.4056650517333225,0.46815009937022783,0.6465688156225514
411,1.4056650517330265,0.4681500993701633,0.6465688156225514
412,1.4056650517333225,0.46815009981884453,0.6465688156225514
413,1.4056650517330265,0.4681500993701633,0.6465688156225514
414,1.4056650517333225,0.4681500993701633,0.6465688156223571
415,1.4056650517333225,0.4681500993701955,0.6465688156225514
416,1.4056650517327305,0.46815009981878,0.6465688156225514
417,1.4056650517336182,0.4681500993701955,0.6465688156225514
418,1.3540519271988636,0.6640607983804713,0.49369160399662754
419,1.3540519271524083,0.6640607983804713,0.4936916039968218
420,1.3540519271521123,0.664060798380439,0.49369160399662754
421,1.3540519271994553,0.664060798380439,0.4936916039968218
422,1.3540519271988636,0.6640607983804713,0.49369160399662754
423,1.3540519271524083,0.664060798380439,0.49369160399662754
424,1.3540519271521123,0.664060798380439,0.4936916039968218
425,1.3540519271988636,0.6640607983804713,0.49369160399662754
426,1.3540519271988636,0.6640607983804713,0.4936916039968218
427,1.3540519271524083,0.6640607983804067,0.49369160399662754
428,1.3540519271521123,0.6640607979318223,0.49369160399662754
429,1.3540519271994553,0.664060798380439,0.4936916039968218
430,1.3540519271988636,0.6640607983804713,0.49369160399662754
431,1.3540519271524083,0.664060798380439,0.4936916039968218
432,1.3540519271521123,0.664060798380439,0.49369160399662754
433,1.3540519271988636,0.6640607983804713,0.49369160399662754
434,1.3540519271994553,0.664060798380439,0.4936916039968218
435,1.3540519271518163,0.6640607983805036,0.49369160399662754
436,1.354051927152704,0.6640607983804067,0.4936916039968218
437,1.3540519271988636,0.664060798380439,0.49369160399662754
438,1.3086062843627582,0.4985348922698252,0.9086440355525954
439,1.308606284410101,0.4985348922697929,0.9086440355524013
440,1.3086062843627582,0.4985348922697929,0.9086440355524013
441,1.30860628436335,0.4985348922697929,0.9086440355525954
442,1.308606284363054,0.49853489226976067,0.9086440355525954
443,1.3086062844095092,0.4985348922697929,0.9086440355524013
444,1.308606284363054,0.4985348922697929,0.9086440355524013
445,1.308606284363054,0.4985348918211439,0.9086440355525954
446,1.3086062844095092,0.4985348922697929,0.9086440355525954
447,1.30860628436335,0.4985348922697929,0.9086440355524013
448,1.3086062843627582,0.49853489226976067,0.9086440355524013
449,1.30860628436335,0.4985348922697929,0.9086440355525954
450,1.3086062844098052,0.4985348922697929,0.9086440355525954
451,1.3086062843627582,0.4985348922697929,0.9086440355524013
452,1.2410011959264688,0.4579427080510494,0.3228288380620458
453,1.241001195925877,0.4579427084996662,0.3228288380618516
454,1.2410011959264688,0.45794270805101717,0.3228288380620458
455,1.2410011958797178,0.4579427080510494,0.3228288380618516
456,1.241001195925877,0.4579427080510494,0.3228288380620458
457,1.2410011959264688,0.4579427084996984,0.3228288380618516
458,1.241001195926173,0.45794270805101717,0.3228288380620458
459,1.2410011959264688,0.45794270805098486,0.3228288380620458
460,1.241001195925877,0.4579427084996984,0.3228288380618516
461,1.241001195926173,0.4579427080510494,0.3228288380620458
462,1.2410011958794218,0.45794270805101717,0.3228288380618516
463,1.2410011959264688,0.4579427080510494,0.3228288380620458
464,1.2410011959264688,0.4579427084996984,0.3228288380618516
465,1.241001195925877,0.45794270805098486,0.3228288380620458
466,1.0414999054395238,0.761190200996949,0.6243513661820902
467,1.041499905485683,0.7611902009968521,0.6243513661820902
468,1.0414999054395238,0.7611902005482354,0.6243513661820902
469,1.041499905485979,0.7611902009968844,0.6243513661820902
470,1.041499905439228,0.7611902009968844,0.6243513661820902
471,1.0414999054398197,0.7611902009968521,0.6243513661820902
472,1.041499905485683,0.7611902005482677,0.6243513661820902
473,1.0414999054395238,0.7611902009969167,0.6243513661820902
474,1.041499905485979,0.7611902009968521,0.6243513661820902
475,1.0414999054395238,0.7611902009968844,0.6243513661820902
476,1.041499905485979,0.7611902005482354,0.6243513661820902
477,1.041499905439228,0.7611902009968844,0.6243513661820902
478,1.0414999054395238,0.7611902009968844,0.6243513661820902
479,1.041499905485683,0.7611902009968521,0.6243513661820902
480,1.0414999054395238,0.7611902005482677,0.6243513661820902
481,1.041499905485979,0.7611902009969167,0.6243513661820902
482,1.0414999054395238,0.7611902009968521,0.6243513661820902
483,0.5589851564458375,1.0769071882682744,0.5238438568088069
484,0.5589851564461333,1.0769071878196899,0.5238438568086126
485,0.5589851564461333,1.0769071882683066,0.5238438568088069
486,0.5589851564458375,1.0769071878196255,0.5238438568086126
487,0.5589851564461333,1.0769071882682744,0.5238438568088069
488,0.5589851564461333,1.0769071878196577,0.5238438568088069
489,0.5589851564464293,1.0769071882683066,0.5238438568086126
490,0.5589851564455416,1.0769071878196577,0.5238438568088069
491,0.5589851564461333,1.0769071882683066,0.5238438568086126
492,0.5589851564458375,1.0769071878196577,0.5238438568088069
493,0.5589851564461333,1.0769071882683066,0.5238438568086126
494,0.5589851564458375,1.0769071878196255,0.5238438568088069
495,0.5589851564467252,1.0769071882683066,0.5238438568088069
496,0.5589851564455416,1.0769071878196577,0.5238438568086126
497,0.5589851564461333,1.0769071882683066,0.5238438568088069
498,0.5589851564458375,1.0769071878196255,0.5238438568086126
499,0.5589851564464293,1.0769071882683066,0.5238438568088069
500,1.2830665842793767,0.664060798380439,0.49369160399662754
501,1.2830665842799684,0.6640607983805036,0.4936916039968218
502,1.283066584326128,0.664060798380439,0.49369160399662754
503,1.2830665842796727,0.6640607983804067,0.4936916039968218
504,1.2830665842796727,0.6640607983804713,0.49369160399662754
505,1.283066584326128,0.6640607983804713,0.49369160399662754
506,1.2830665842796727,0.6640607983804713,0.4936916039968218
507,1.2830665842799684,0.664060798380439,0.49369160399662754
508,1.2830665842793767,0.664060798380439,0.4936916039968218
509,1.2830665842796727,0.6640607983804713,0.49369160399662754
510,1.2830665843267197,0.664060798380439,0.49369160399662754
511,1.2830665842793767,0.664060798380439,0.4936916039968218
512,1.2830665842796727,0.6640607983805036,0.49369160399662754
513,1.2830665843264237,0.6640607983804067,0.4936916039968218
514,1.2830665842793767,0.664060798380439,0.49369160399662754
515,1.2830665842796727,0.6640607983805036,0.49369160399662754
516,1.2830665842799684,0.664060798380439,0.4936916039968218
517,1.2830665842793767,0.6640607983804067,0.49369160399662754
518,1.283066584326128,0.6640607983804713,0.4936916039968218
519,1.2830665842799684,0.6640607983804713,0.49369160399662754
520,1.3820158501361581,-0.0021020444840808353,0.3849607529473483
521,1.3820158501358621,-0.0021020444840808353,0.3849607529473483
522,1.3820158501361581,-0.002102044932697571,0.3849607529473483
523,1.3820158500894069,-0.0021020444840808353,0.38496075294715404
524,1.3820158501361581,-0.0021020444840808353,0.3849607529473483
525,1.3820158501358621,-0.0021020444840808353,0.3849607529473483
526,1.3820158501361581,-0.002102044484048556,0.3849607529473483
527,1.3820158501358621,-0.0021020444840808353,0.3849607529473483
528,1.382015850136454,-0.00210204493272985,0.3849607529473483
529,1.3820158501361581,-0.0021020444841131146,0.3849607529473483
530,1.3820158501361581,-0.0021020444840162767,0.38496075294715404
531,1.382015850089111,-0.0021020444841131146,0.3849607529473483
532,1.3820158501361581,-0.002102044484048556,0.3849607529473483
533,1.382015850136454,-0.00210204493272985,0.3849607529473483
534,1.3820158501358621,-0.0021020444840808353,0.3849607529473483
535,1.3820158501361581,-0.002102044484048556,0.3849607529473483
536,1.3820158501358621,-0.0021020444841131146,0.3849607529473483
537,1.382015850136454,-0.002102044484048556,0.3849607529473483
538,1.3820158500894069,-0.0021020444840808353,0.38496075294715404
539,1.3820158501358621,-0.00210204493272985,0.3849607529473483
540,1.3820158501361581,-0.0021020444840808353,0.3849607529473483
541,1.3820158501361581,-0.002102044484048556,0.3849607529473483
542,1.379466432677422,-0.042092863027297575,0.7101177741806254
543,1.379466432630079,-0.042092863027362135,0.7101177741808197
544,1.379466432677422,-0.04209286257864856,0.7101177741806254
545,1.379466432630375,-0.042092863027329855,0.7101177741808197
546,1.3794664326768302,-0.042092863027329855,0.7101177741806254
547,1.3794664326309667,-0.042092863027297575,0.7101177741806254
548,1.3794664326768302,-0.042092863027297575,0.7101177741808197
549,1.379466432630375,-0.04209286257871312,0.7101177741806254
550,1.379466432677126,-0.042092863027297575,0.7101177741808197
551,1.379466432630375,-0.042092863027329855,0.7101177741806254
552,1.379466432677422,-0.042092863027329855,0.7101177741806254
553,1.379466432630079,-0.042092863027297575,0.7101177741808197
554,1.379466432677126,-0.04209286257864856,0.7101177741806254
555,1.3794664326306707,-0.042092863027329855,0.7101177741808197
556,1.3794664326768302,-0.042092863027329855,0.7101177741806254
557,1.3171063393486662,0.13581642862898766,0.5206699354600031
558,1.3171063393486662,0.13581642907766897,0.5206699354601972
559,1.317106339396009,0.13581642862901994,0.5206699354600031
560,1.3171063393483702,0.13581642862898766,0.5206699354601972
561,1.3171063393486662,0.1358164290776367,0.5206699354600031
562,1.3171063393486662,0.13581642862898766,0.5206699354601972
563,1.317106339349258,0.13581642862901994,0.5206699354600031
564,1.3171063393951215,0.1358164290776367,0.5206699354600031
565,1.3171063393486662,0.13581642862901994,0.5206699354601972
566,1.3171063393486662,0.13581642862898766,0.5206699354600031
567,1.317106339349258,0.13581642862901994,0.5206699354601972
568,1.3171063393954172,0.1358164290776367,0.5206699354600031
569,1.3171063393483702,0.13581642862901994,0.5206699354600031
570,1.317106339349258,0.13581642862898766,0.5206699354601972
571,1.3171063393486662,0.1358164290776367,0.5206699354600031
572,1.3171063393486662,0.13581642862901994,0.5206699354601972
573,1.3171063393951215,0.13581642862898766,0.5206699354600031
574,1.317106339349258,0.13581642907766897,0.5206699354601972
575,1.3171063393486662,0.13581642862901994,0.5206699354600031
576,1.3358769359980496,0.4906909918812746,0.4862627880864706
577,1.3358769359983456,0.49069099188133913,0.4862627880864706
578,1.3358769359980496,0.4906909918812746,0.48626278808666484
579,1.3358769360453926,0.49069099232998814,0.4862627880864706
580,1.3358769359977538,0.4906909918813069,0.4862627880864706
581,1.3358769359986413,0.4906909918812746,0.4862627880864706
582,1.3358769359980496,0.49069099188133913,0.4862627880864706
583,1.3358769359980496,0.4906909918813069,0.4862627880864706
584,1.3358769359986413,0.4906909918813069,0.48626278808666484
585,1.3358769359980496,0.4906909918813069,0.4862627880864706
586,1.3358769359980496,0.4906909918813069,0.4862627880864706
587,1.3358769360453926,0.4906909923299559,0.4862627880864706
588,1.3358769359983456,0.49069099188133913,0.4862627880864706
589,1.3358769359980496,0.4906909918813069,0.4862627880864706
590,1.3358769359980496,0.4906909918813069,0.48626278808666484
591,1.3358769359983456,0.4906909918813069,0.4862627880864706
592,1.3358769359980496,0.4906909918813069,0.4862627880864706
593,1.3358769359986413,0.4906909918813069,0.4862627880864706
594,1.3358769359983456,0.4906909918813069,0.4862627880864706
595,1.3358769360448008,0.49069099232998814,0.4862627880864706
596,1.3358769359980496,0.4906909918812746,0.48626278808666484
597,1.3358769359983456,0.49069099188133913,0.4862627880864706
598,1.3358769359983456,0.4906909918812746,0.4862627880864706
599,1.0832559894957292,0.5819743816540186,0.6218386784477582
600,1.0832559895427762,0.5819743816539863,0.6218386784477582
601,1.0832559894954332,0.5819743816539863,0.6218386784477582
602,1.083255989496025,0.5819743821026353,0.6218386784477582
603,1.083255989496025,0.5819743816540186,0.6218386784477582
604,1.0832559894957292,0.5819743816539863,0.6218386784477582
605,1.0832559895424803,0.5819743816539863,0.6218386784477582
606,1.0832559894957292,0.5819743816540186,0.6218386784477582
607,1.1095468572107114,-0.033673743570181006,-1.044073289415968
608,1.4776190055486111,-0.03367374312146743,0.3228288380620458
609,1.530200741025327,0.21889984642646804,-0.01889669380750623
610,1.3198737991178713,0.345186641424728,2.7149075611481335
611,1.3198737991181673,0.4714734359744358,0.3228288380620458
612,1.2147103281647353,0.47147343642302025,0.3228288380620458
613,1.290296572944619,0.35307956608409885,0.643196524189678
614,1.290296572897572,0.35307956608413116,0.6431965241894837
615,1.290296572897572,0.35307956563544984,0.643196524189678
616,1.290296572944619,0.35307956608409885,0.6431965241894837
617,1.2902965729443232,0.35307956608413116,0.643196524189678
618,1.2902965728981637,0.35307956608413116,0.6431965241894837
619,1.290296572897572,0.35307956608409885,0.643196524189678
620,1.290296572944619,0.35307956608409885,0.6431965241894837
621,1.2902965729443232,0.35307956563544984,0.643196524189678
622,1.290296572897868,0.35307956608409885,0.643196524189678
623,1.290296572897572,0.35307956608413116,0.6431965241894837
624,1.290296572944619,0.35307956608409885,0.643196524189678
625,1.290296572944619,0.35307956608409885,0.6431965241894837
626,1.2902965728972762,0.35307956563544984,0.643196524189678
627,1.2902965728981637,0.35307956608409885,0.6431965241894837
628,1.2902965729443232,0.35307956608409885,0.643196524189678
629,1.3514228403949058,0.33571513147462834,0.5278641571837381
630,1.3514228403949058,0.33571513192327734,0.527864157183544
631,1.3514228403946098,0.33571513192324504,0.5278641571837381
632,1.351422840441361,0.33571513147459603,0.527864157183544
633,1.3514228403949058,0.33571513147459603,0.5278641571837381
634,1.3514228403952016,0.33571513192327734,0.527864157183544
635,1.3514228403946098,0.3357151319233096,0.5278641571837381
636,1.3514228403949058,0.3357151314745638,0.527864157183544
637,1.3514228403946098,0.33571513147462834,0.5278641571837381
638,1.351422840441361,0.33571513192324504,0.527864157183544
639,1.3514228403949058,0.33571513192324504,0.5278641571837381
640,1.3514228403949058,0.33571513147462834,0.5278641571837381
641,1.3514228403946098,0.33571513147462834,0.527864157183544
642,1.3514228403949058,0.33571513192327734,0.5278641571837381
643,1.3514228403949058,0.33571513192324504,0.527864157183544
644,1.3514228403949058,0.33571513147459603,0.5278641571837381
645,1.351422840441361,0.33571513147459603,0.527864157183544
646,1.3514228403949058,0.33571513192324504,0.5278641571837381
647,1.3514228403949058,0.3357151319233096,0.527864157183544
648,1.3514228403946098,0.33571513147459603,0.5278641571837381
649,1.258989684380291,0.6243469247037543,0.6105977070046527
650,1.258989684333244,0.6243469247037865,0.6105977070046527
651,1.2589896843799953,0.6243469247037865,0.6105977070046527
652,1.2589896843799953,0.6243469247037543,0.610597707004847
653,1.258989684380291,0.6243469247038188,0.6105977070046527
654,1.258989684333244,0.624346924703722,0.6105977070046527
655,1.2589896843799953,0.6243469247037865,0.6105977070046527
656,1.2589896843799953,0.6243469247037865,0.6105977070046527
657,1.2589896843799953,0.6243469247038188,0.6105977070046527
658,1.25898968433354,0.624346925152371,0.610597707004847
659,1.2589896843796993,0.6243469247038188,0.6105977070046527
660,1.258989684380291,0.6243469247037543,0.6105977070046527
661,1.2589896843799953,0.6243469247037865,0.6105977070046527
662,1.258989684333244,0.6243469247037543,0.6105977070046527
663,1.2589896843799953,0.6243469247037865,0.6105977070046527
664,1.2589896843799953,0.6243469247037865,0.610597707004847
665,1.258989684380291,0.6243469247037865,0.6105977070046527
666,1.258989684333244,0.6243469247037543,0.6105977070046527
667,1.2589896843799953,0.6243469247037865,0.6105977070046527
668,0.7815369835887934,1.2051395775977203,0.4692826374346832
669,0.7815369835890893,1.205139578046337,0.46928263743448895
670,0.7815369836358405,1.2051395775977203,0.4692826374346832
671,0.7815369835887934,1.205139578046337,0.46928263743448895
672,0.7815369835890893,1.2051395775977203,0.4692826374346832
673,0.7815369835887934,1.2051395780463692,0.46928263743448895
674,0.7815369836358405,1.2051395775976879,0.4692826374346832
675,0.7815369835893853,1.2051395780463692,0.4692826374346832
676,0.7815369835884975,1.2051395775976879,0.46928263743448895
677,0.7815369835893853,1.2051395780463854,0.4692826374346832
678,0.7815369836352487,1.2051395775976879,0.46928263743448895
679,0.7815369835893853,1.2051395780463692,0.4692826374346832
680,0.7815369835884975,1.2051395775977203,0.46928263743448895
681,0.7815369835896812,1.205139578046337,0.4692826374346832
682,0.7815369836352487,1.2051395775977203,0.4692826374346832
683,0.7815369835887934,1.2051395780463692,0.46928263743448895
684,0.7815369835893853,1.2051395775976879,0.4692826374346832
685,0.7815369835884975,1.205139578046353,0.46928263743448895
686,0.7815369836361364,1.205139577597704,0.4692826374346832
687,0.7815369835887934,1.2051395780463854,0.46928263743448895
688,0.7815369835890893,1.2051395775976879,0.4692826374346832
689,0.20514100716855246,1.36390011997103,0.36839224231126766
690,0.20514100716914424,1.3639001199709975,0.36839224231126766
691,0.20514100716825656,1.3639001199709975,0.36839224231126766
692,0.20514100716884834,1.3639001199710137,0.36839224231107337
693,0.20514100716855246,1.3639001199710137,0.36839224231126766
694,0.20514100716914424,1.3639001199710137,0.36839224231126766
695,0.20514100716825656,1.3639001199710137,0.36839224231126766
696,0.20514100716884834,1.3639001195223486,0.36839224231126766
697,0.20514100716884834,1.3639001199710137,0.36839224231126766
698,0.20514100716884834,1.3639001199710137,0.36839224231126766
699,0.20514100716884834,1.3639001199710137,0.36839224231126766
700,0.20514100716855246,1.3639001199710137,0.36839224231107337
701,0.20514100716884834,1.3639001199710137,0.36839224231126766
702,0.20514100716855246,1.3639001199710137,0.36839224231126766
703,0.20514100716884834,1.3639001199710137,0.36839224231126766
704,0.015846759461665923,1.212355966152513,0.7101177741806254
705,0.015846759508121186,1.212355966152513,0.7101177741808197
706,0.015846759461370027,1.2123559657038638,0.7101177741806254
707,0.015846759461961814,1.212355966152513,0.7101177741808197
708,0.015846759508121186,1.212355966152513,0.7101177741806254
709,0.015846759461370027,1.212355966152513,0.7101177741806254
710,0.015846759461665923,1.212355966152513,0.7101177741808197
711,0.01584675950841708,1.2123559657038638,0.7101177741806254
712,0.015846759461370027,1.212355966152513,0.7101177741808197
713,0.015846759461665923,1.212355966152513,0.7101177741806254
714,0.01584675950841708,1.212355966152513,0.7101177741806254
715,0.015846759461665923,1.2123559661525292,0.7101177741808197
716,0.015846759461370027,1.2123559657038478,0.7101177741806254
717,0.01584675950841708,1.212355966152513,0.7101177741808197
718,0.015846759461665923,1.212355966152513,0.7101177741806254
719,0.18781996490538153,1.210622618002592,0.44343784930998587
720,0.18781996490567743,1.210622618002592,0.44343784930998587
721,0.18781996485863037,1.2106226175539108,0.4434378493101801
722,0.18781996490567743,1.210622618002592,0.44343784930998587
723,0.18781996490567743,1.210622618002592,0.44343784930998587
724,0.18781996490508565,1.210622618002592,0.44343784930998587
725,0.18781996490597333,1.210622618002576,0.44343784930998587
726,0.18781996490538153,1.210622618002592,0.44343784930998587
727,0.18781996485892627,1.210622617553927,0.4434378493101801
728,0.18781996490538153,1.210622618002592,0.44343784930998587
729,0.18781996490567743,1.210622618002592,0.44343784930998587
730,0.18781996490567743,1.210622618002592,0.44343784930998587
731,0.18781996490538153,1.210622618002576,0.44343784930998587
732,0.18781996490538153,1.210622618002592,0.44343784930998587
733,0.18781996485892627,1.210622617553927,0.4434378493101801
734,0.18781996490567743,1.210622618002592,0.44343784930998587
735,0.18781996490567743,1.210622618002576,0.44343784930998587
736,1.0000015750257456,0.724047025970996,0.46521447634086394
737,1.0000015750260416,0.7240470259710041,0.46521447634086394
738,1.0000015749789943,0.724047025970996,0.46521447634105817
739,1.0000015750263374,0.724047025970996,0.46521447634086394
740,1.0000015750257456,0.724047025970988,0.46521447634086394
741,1.0000015749792903,0.7240470259710041,0.46521447634105817
742,1.0000015750257456,0.7240470255223228,0.46521447634086394
743,1.0000015750260416,0.7240470259710041,0.46521447634086394
744,1.0000015750257456,0.724047025970996,0.46521447634086394
745,1.0000015750263374,0.724047025970996,0.46521447634086394
746,1.0000015749789943,0.724047025970988,0.46521447634105817
747,1.0000015750260416,0.7240470259710041,0.46521447634086394
748,1.2541466297601407,0.32940079210605083,1.6042995825725745
749,1.2541466298071877,0.3294007916573938,1.6042995825723803
750,1.2541466298071877,0.3294007921060428,1.6042995825725745
751,1.2541466297601407,0.3294007921060589,1.6042995825725745
752,1.06174527955168,0.5346168336978742,0.3228288380620458
753,1.0617452795510882,0.5346168336978742,0.32282883806165735
754,1.06174527955168,0.534616833249217,0.3228288380620458
755,1.0617452795510882,0.5346168336978742,0.3228288380620458
756,1.06174527955168,0.5346168336978742,0.3228288380620458
757,1.061745279504633,0.5346168336978742,0.32282883806165735
758,1.0617452795513842,0.5346168336978822,0.3228288380620458
759,1.0617452795513842,0.5346168336978742,0.3228288380620458
760,1.06174527955168,0.534616833249217,0.3228288380620458
761,1.0617452795510882,0.5346168336978742,0.32282883806165735
762,1.0617452795510882,0.5346168336978742,0.3228288380620458
763,0.8291109347148787,0.6819514277877843,0.6645543699315979
764,0.829110934761334,0.6819514273391192,0.6645543699312093
765,0.8291109347145829,0.6819514277877763,0.6645543699315979
766,0.47105435512617516,1.0983971677265696,0.5425095371209048
767,0.4710543551258793,1.0983971681752105,0.5425095371209048
768,0.471054355079424,1.0983971677265696,0.5425095371209048
769,0.47105435512617516,1.0983971677265454,0.5425095371209048
770,0.47105435512617516,1.0983971681752347,0.5425095371209048
771,0.4710543551258793,1.0983971677265454,0.5425095371209048
772,0.4710543551258793,1.0983971677265696,0.5425095371209048
773,0.471054355079424,1.0983971681752105,0.5425095371212932
774,0.4710543551258793,1.0983971677265534,0.5425095371209048
775,0.4710543551258793,1.0983971681752267,0.5425095371209048
776,0.47105435512617516,1.0983971677265534,0.5425095371209048
777,0.471054355079424,1.0983971677265614,0.5425095371209048
778,0.47105435512617516,1.0983971681752105,0.5425095371209048
779,0.4710543551258793,1.0983971677265534,0.5425095371209048
780,1.1002677274624935,0.5754743258674426,0.624351366181896
781,1.1002677274616057,0.5754743263160835,0.6243513661822845
782,1.1002677274154464,0.5754743258674264,0.624351366181896
783,1.1002677274619017,0.5754743263160916,0.6243513661822845
784,1.1002677274621975,0.5754743258674264,0.624351366181896
785,1.1002677274621975,0.5754743263160916,0.6243513661822845
786,1.1002677274621975,0.5754743258674264,0.624351366181896
787,1.1002677274616057,0.5754743263160835,0.6243513661822845
788,1.1002677274154464,0.5754743258674345,0.624351366181896
789,1.1002677274619017,0.5754743263160916,0.6243513661822845
790,1.1002677274621975,0.5754743258674224,0.624351366181896
791,1.1002677274621975,0.5754743263160956,0.6243513661822845
792,1.1002677274619017,0.5754743258674264,0.624351366181896
793,1.1002677274624935,0.5754743263160916,0.6243513661822845
794,1.1002677274151504,0.5754743258674305,0.624351366181896
795,1.1002677274619017,0.5754743263160835,0.6243513661822845
796,1.1002677274619017,0.5754743258674305,0.624351366181896
797,1.22785576204575,0.36097249074346166,0.527864157183544
798,1.2278557620454542,0.36097249074346166,0.5278641571839324
799,1.2278557620451582,0.36097249074346566,0.527864157183544
800,1.2278557620451582,0.3609724902947965,0.527864157183544
801,1.22785576204575,0.3609724907434576,0.5278641571839324
802,1.2278557620916135,0.3609724907434697,0.527864157183544
803,1.2278557620451582,0.3609724907434576,0.527864157183544
804,1.22785576204575,0.36097249074346166,0.527864157183544
805,1.2278557620454542,0.36097249074346166,0.5278641571839324
806,1.2278557620451582,0.36097249074346566,0.527864157183544
807,1.2278557620454542,0.3609724902947965,0.527864157183544
808,1.2278557620454542,0.36097249074346566,0.5278641571839324
809,1.2278557620451582,0.36097249074346166,0.527864157183544
810,1.2278557620454542,0.36097249074346166,0.527864157183544
811,1.2278557620919095,0.3609724907434576,0.527864157183544
812,1.2278557620454542,0.36097249074346566,0.5278641571839324
813,1.2278557620451582,0.3609724902948005,0.527864157183544
814,1.2278557620454542,0.36097249074346166,0.527864157183544
815,1.2278557620454542,0.36097249074346166,0.5278641571839324
816,1.2278557620451582,0.36097249074346566,0.527864157183544
817,1.009918305842441,0.7572803929105109,0.5206699354600031
818,1.0099183057962817,0.7572803929105149,0.5206699354600031
819,1.009918305842737,0.757280393359176,0.5206699354603915
820,1.009918305842441,0.7572803929105149,0.5206699354600031
821,1.00991830579569,0.7572803929105149,0.5206699354600031
822,1.009918305842737,0.7572803929105149,0.5206699354600031
823,1.009918305842441,0.7572803929105149,0.5206699354600031
824,1.0099183057962817,0.757280393359176,0.5206699354603915
825,1.009918305842441,0.7572803929105149,0.5206699354600031
826,1.009918305842441,0.7572803929105149,0.5206699354600031
827,1.009918305842737,0.7572803929105149,0.5206699354600031
828,1.00991830579569,0.757280393359174,0.5206699354603915
829,1.009918305842441,0.7572803929105169,0.5206699354600031
830,1.0099183058430328,0.7572803929105149,0.5206699354600031
831,1.0099183057959857,0.7572803929105169,0.5206699354600031
832,1.009918305842441,0.7572803929105129,0.5206699354600031
833,1.009918305842441,0.757280393359176,0.5206699354603915
834,1.0099183057959857,0.7572803929105169,0.5206699354600031
835,1.009918305842737,0.7572803929105129,0.5206699354600031
836,0.32391386844834885,1.2143369355949092,0.5841483624325826
837,0.3239138684953959,1.214336935146249,0.5841483624329711
838,0.3239138684486447,1.2143369355949092,0.5841483624325826
839,0.32391386844834885,1.214336935146247,0.5841483624329711
840,0.3239138684953959,1.2143369355949092,0.5841483624325826
841,0.3239138684486447,1.2143369355949087,0.5841483624325826
842,0.3239138684486447,1.2143369351462485,0.5841483624329711
843,0.3239138684951,1.2143369355949094,0.5841483624325826
844,0.3239138684486447,1.214336935146248,0.5841483624329711
845,0.3239138684956918,1.2143369355949092,0.5841483624325826
846,0.32391386844834885,1.214336935146248,0.5841483624329711
847,0.3239138684486447,1.2143369355949092,0.5841483624325826
848,0.3239138684953959,1.2143369355949087,0.5841483624325826
849,0.32391386844834885,1.2143369351462485,0.5841483624329711
850,0.3239138684486447,1.2143369355949092,0.5841483624325826
851,0.3239138684953959,1.214336935146248,0.5841483624329711
852,0.3239138684486447,1.2143369355949092,0.5841483624325826
853,0.3003723725058929,1.1660508077920515,0.6265848663903206
854,0.30037237255264404,1.1660508082407146,0.6265848663903206
855,0.300372372505597,1.1660508077920555,0.6265848663907092
856,0.3003723725058929,1.1660508082407146,0.6265848663903206
857,0.300372372505597,1.1660508077920535,0.6265848663903206
858,0.30037237255264404,1.1660508077920495,0.6265848663903206
859,0.3003723725058929,1.1660508082407166,0.6265848663903206
860,0.300372372505597,1.1660508077920535,0.6265848663903206
861,0.300372372505597,1.1660508077920515,0.6265848663903206
862,0.30037237255293997,1.1660508082407188,0.6265848663907092
863,0.300372372505597,1.1660508077920495,0.6265848663903206
864,0.3003723725058929,1.1660508082407146,0.6265848663903206
865,0.30037237255234817,1.1660508077920495,0.6265848663903206
866,0.300372372505597,1.1660508077920575,0.6265848663903206
867,0.3003723725061888,1.1660508082407106,0.6265848663907092
868,0.300372372505597,1.1660508077920535,0.6265848663903206
869,0.30037237255264404,1.1660508082407146,0.6265848663903206
870,0.300372372505597,1.1660508077920575,0.6265848663903206
871,-0.03178610675029236,1.299766237974992,0.4032348455606726
872,-0.031786106797339404,1.2997662375263348,0.4032348455606726
873,-0.031786106750588246,1.299766237974996,0.4032348455606726
874,-0.031786106797043516,1.299766237974992,0.4032348455606726
875,-0.031786106750588246,1.2997662379750001,0.4032348455606726
876,-0.03178610675029236,1.2997662375263348,0.4032348455606726
877,-0.031786106797339404,1.299766237974996,0.4032348455606726
878,-0.03178610675029236,1.299766237974996,0.4032348455606726
879,-0.031786106797339404,1.299766237526339,0.4032348455606726
880,-0.03178610674999646,1.299766237974996,0.4032348455606726
881,-0.0317861067976353,1.299766237974988,0.4032348455606726
882,-0.031786106750588246,1.2997662375263308,0.4032348455606726
883,-0.03178610674999646,1.2997662379750041,0.4032348455606726
884,-0.031786106797339404,1.299766237974996,0.4032348455606726
885,-0.031786106750588246,1.299766237974996,0.4032348455606726
886,-0.031786106797043516,1.2997662375263308,0.4032348455606726
887,-0.03178610675029236,1.299766237974996,0.4032348455606726
888,-0.08997398314667013,1.1778901947810856,0.5150494497385474
889,-0.08997398314607834,1.1778901952297427,0.5150494497385474
890,-0.08997398319342129,1.1778901947810776,0.5150494497385474
891,-0.08997398314607834,1.177890195229751,0.5150494497385474
892,-0.08997398314667013,1.1778901947810696,0.5150494497385474
893,-0.08997398314607834,1.177890195229751,0.5150494497385474
894,-0.08997398314637423,1.1778901947810696,0.5150494497385474
895,-0.08997398319312538,1.177890195229759,0.5150494497385474
896,-0.08997398314637423,1.1778901947810776,0.5150494497385474
897,-0.08997398314637423,1.1778901947810856,0.5150494497385474
898,-0.08997398314607834,1.1778901952297347,0.5150494497385474
899,-0.08997398314667013,1.1778901947810856,0.5150494497385474
900,-0.08997398314607834,1.1778901952297427,0.5150494497385474
901,-0.08997398319342129,1.1778901947810776,0.5150494497385474
902,-0.08997398314607834,1.1778901952297427,0.5150494497385474
903,-0.08997398314667013,1.1778901947810938,0.5150494497385474
904,0.24433830086913821,1.26363605877846,1.0684118166864525
905,0.24433830091618527,1.263636058329795,1.0684118166860639
906,0.24433830086854644,1.2636360587784763,1.0684118166864525
907,0.24433830086943412,1.263636058329787,1.0684118166860639
908,0.24433830086913821,1.2636360587784683,1.0684118166864525
909,0.24433830091588937,1.263636058329787,1.0684118166860639
910,0.2443383008688423,1.2636360587784843,1.0684118166864525
911,0.24433830086943412,1.2636360583298032,1.0684118166860639
912,0.2443383008688423,1.263636058778452,1.0684118166864525
913,0.24433830091588937,1.2636360583298032,1.0684118166860639
914,0.24433830086913821,1.263636058778452,1.0684118166864525
915,0.13880712551460178,1.1029074105172318,0.1125362030653984
916,0.1388071254681465,1.102907410517248,0.1125362030653984
917,0.13880712551489766,1.1029074105172318,0.1125362030653984
918,0.13880712551430588,1.1029074105172318,0.1125362030653984
919,0.1388071254681465,1.1029074105172318,0.1125362030653984
920,0.13880712551489766,1.1029074105172318,0.1125362030653984
921,0.13880712551489766,1.1029074105172318,0.1125362030650099
922,0.13880712551460178,1.1029074105172318,0.1125362030653984
923,0.13880712546785062,1.102907410517248,0.1125362030653984
924,0.13880712551460178,1.1029074105172318,0.1125362030653984
925,0.13880712551489766,1.1029074105172318,0.1125362030653984
926,0.1388071254681465,1.1029074105172318,0.1125362030653984
927,0.13880712551489766,1.1029074105172318,0.1125362030653984
928,-0.34083267946925044,1.1660508077920535,0.8923713911777069
929,-0.3408326794222034,1.1660508082407188,0.8923713911777069
930,-0.34083267946925044,1.1660508077920375,0.8923713911777069
931,-0.34083267946895457,1.1660508082407348,0.8923713911777069
932,-0.34083267946895457,1.1660508077920375,0.8923713911777069
933,-0.34083267946925044,1.1660508077920535,0.8923713911780954
934,-0.3408326794222034,1.1660508082407188,0.8923713911777069
935,-0.34083267946895457,1.1660508077920535,0.8923713911777069
936,-0.3408326794686587,1.1660508082407188,0.8923713911777069
937,-0.3408326794224993,1.1660508077920535,0.8923713911777069
938,-0.34083267946895457,1.1660508082407188,0.8923713911777069
939,-0.34083267946895457,1.1660508077920375,0.8923713911777069
940,-1.231886892781609,0.2634716561883253,0.5439453586832692
941,-1.2318868927807212,0.26347165663700656,0.5439453586836578
942,-1.231886892781609,0.2634716561883253,0.5439453586832692
943,-1.231886892781017,0.26347165663699046,0.5439453586832692
944,-1.231886892781313,0.26347165618834145,0.5439453586836578
945,-1.231886892781017,0.26347165663699046,0.5439453586832692
946,-1.231886892781313,0.26347165618834145,0.5439453586832692
947,-1.231886892781313,0.26347165663699046,0.5439453586836578
948,-1.2318868927342659,0.2634716561883253,0.5439453586832692
949,-1.231886892781609,0.26347165663700656,0.5439453586836578
950,-1.231886892781017,0.2634716561883253,0.5439453586832692
951,-1.231886892781017,0.2634716566369743,0.5439453586832692
952,-1.231886892781313,0.26347165618834145,0.5439453586836578
953,-1.231886892781017,0.26347165663699046,0.5439453586832692
954,-1.231886892781609,0.2634716561883253,0.5439453586832692
955,-1.231886892781017,0.26347165663700656,0.5439453586836578
956,-1.231886892781313,0.2634716561883253,0.5439453586832692
957,-1.1164132776466569,-0.03718170993584989,0.39876784514421165
958,-1.1164132775999058,-0.03718170948721702,0.3987678451438232
959,-1.1164132776469529,-0.03718170993584989,0.39876784514421165
960,-1.1164132775999058,-0.03718170993584989,0.3987678451438232
961,-1.1164132776466569,-0.03718170948720088,0.39876784514421165
962,-1.1164132776466569,-0.03718170993584989,0.39876784514421165
963,-1.1164132775999058,-0.03718170993584989,0.3987678451438232
964,-1.1164132776466569,-0.03718170948721702,0.39876784514421165
965,-1.1164132776002016,-0.03718170993584989,0.39876784514421165
966,-1.1164132776466569,-0.03718170993584989,0.3987678451438232
967,-1.1164132776466569,-0.03718170948720088,0.39876784514421165
968,-1.1164132775999058,-0.03718170993586603,0.3987678451438232
969,-1.1164132776466569,-0.03718170993583375,0.39876784514421165
970,-1.1164132776469529,-0.03718170948721702,0.39876784514421165
971,-1.1164132775999058,-0.03718170993584989,0.3987678451438232
972,-1.1164132776466569,-0.03718170993584989,0.39876784514421165
973,-1.1164132776002016,-0.03718170948720088,0.3987678451438232
974,-1.1164132776466569,-0.03718170993586603,0.39876784514421165
975,-1.1711859187622196,0.07682720210945021,1.3052897421868623
976,-1.1711859187160603,0.07682720255811537,1.3052897421864738
977,-1.1711859187622196,0.07682720210946635,1.3052897421868623
978,-1.1711859187160603,0.07682720210945021,1.3052897421864738
979,-1.1711859187625155,0.07682720210943407,1.3052897421868623
980,-1.1711859187625155,0.07682720210946635,1.3052897421868623
981,-1.1711859187160603,0.07682720255811537,1.3052897421864738
982,-1.1711859187622196,0.07682720210943407,1.3052897421868623
983,-1.2566312388716416,0.09261305142819193,-1.7275243531548778
984,-1.1409514208411526,-0.021045063935744165,0.7328994763054305
985,-1.1409514208411526,-0.021045063487046732,0.7328994763054305
986,-1.140951420887904,-0.021045063935711886,0.732899476305042
987,-1.1409514208414486,-0.021045063487062872,0.7328994763054305
988,-1.1409514208408567,-0.021045063935695746,0.7328994763054305
989,-1.081358787328649,-0.0021020444840808353,-0.01889669380750623
990,-1.0813587873292407,-0.002102044484048556,-0.01889669380750623
991,-1.081358787328649,-0.0021020444840969747,-0.01889669380750623
992,-1.0813587872821937,-0.0021020449327137105,-0.01889669380750623
993,-1.081358787328945,-0.0021020444840808353,-0.01889669380750623
994,-1.081358787328649,-0.0021020444840808353,-0.01889669380750623
995,-1.1514677679179137,0.13602413750325154,0.6859122156731292
996,-1.151467767964665,0.13602413705460253,0.6859122156735177
997,-1.151467767964665,0.1360241375032677,0.6859122156731292
998,-1.1514677679179137,0.1360241370545864,0.6859122156735177
999,-1.1514677679179137,0.1360241375032677,0.6859122156731292
1000,-1.151467767964369,0.13602413705457025,0.6859122156731292
1001,-1.151467767964369,0.1360241375032677,0.6859122156735177
1002,-1.1514677679179137,0.1360241375032677,0.6859122156731292
1003,-1.1514677679179137,0.13602413705460253,0.6859122156731292
1004,-1.151467767964665,0.13602413750325154,0.6859122156735177
1005,-1.151467767964665,0.1360241370545864,0.6859122156731292
1006,-1.1514677679176177,0.1360241375032677,0.6859122156731292
1007,-1.1514677679179137,0.13602413705457025,0.6859122156735177
1008,-1.151467767964665,0.1360241375032677,0.6859122156731292
1009,-1.151467767964369,0.13602413705460253,0.6859122156735177
1010,-1.1514677679176177,0.1360241375032677,0.6859122156731292
1011,-1.0803277728971226,0.3786154988583114,0.6243513661822845
1012,-1.0803277728965308,0.3786154988583114,0.624351366181896
1013,-1.0803277728968268,0.3786154988583437,0.6243513661822845
1014,-1.0803277728968268,0.3786154988583437,0.624351366181896
1015,-1.0803277728965308,0.37861549840964626,0.6243513661822845
1016,-1.0803277728968268,0.3786154988583437,0.624351366181896
1017,-1.0803277728968268,0.3786154988583114,0.6243513661822845
1018,-1.0803277728968268,0.3786154988583437,0.624351366181896
1019,-1.080327772896235,0.3786154988583114,0.6243513661822845
1020,-1.0803277728971226,0.3786154988583437,0.624351366181896
1021,-1.0803277728968268,0.37861549885832757,0.6243513661822845
1022,-1.0803277728965308,0.37861549885832757,0.624351366181896
1023,-1.0803277728968268,0.37861549840964626,0.6243513661822845
1024,-1.0803277728968268,0.3786154988583437,0.624351366181896
1025,-1.0803277728965308,0.3786154988583114,0.6243513661822845
1026,-1.0803277728968268,0.3786154988583437,0.624351366181896
1027,-1.0803277728968268,0.37861549885832757,0.6243513661822845
1028,-0.1721329448433897,1.0002993894969876,0.6859122156731292
1029,-0.17213294479663854,1.0002993899456367,0.6859122156735177
1030,-0.1721329448433897,1.0002993894970038,0.6859122156731292
1031,-0.17213294479663854,1.000299389945669,0.6859122156735177
1032,-0.1721329448433897,1.0002993894969714,0.6859122156731292
1033,-0.17213294479723032,1.0002993899456367,0.6859122156731292
1034,-0.1721329448430938,1.0002993894970198,0.6859122156735177
1035,-0.17213294479693445,1.0002993899456527,0.6859122156731292
1036,-0.1721329448433897,1.0002993894969876,0.6859122156731292
1037,-0.1721329448430938,1.0002993894970038,0.6859122156735177
1038,-0.17213294479723032,1.0002993899456367,0.6859122156731292
1039,-0.1721329448433897,1.0002993894969714,0.6859122156731292
1040,-0.17213294479663854,1.000299389945669,0.6859122156735177
1041,-0.1721329448433897,1.0002993894970038,0.6859122156731292
1042,-0.17213294479693445,1.0002993899456367,0.6859122156735177
1043,-0.1721329448433897,1.0002993894969876,0.6859122156731292
1044,-0.20236744271800142,1.0587070322453762,0.5107778805900858
1045,-0.20236744271829732,1.0587070322454084,0.5107778805900858
1046,-0.20236744271829732,1.0587070326940735,0.5107778805904742
1047,-0.20236744271770554,1.0587070322453922,0.5107778805900858
1048,-0.20236744271829732,1.0587070322453762,0.5107778805900858
1049,-0.20236744271829732,1.0587070322454084,0.5107778805904742
1050,-0.20236744271770554,1.0587070322454246,0.5107778805900858
1051,-0.20236744271829732,1.0587070326940413,0.5107778805900858
1052,-0.20236744271800142,1.0587070322453922,0.5107778805900858
1053,-0.20236744276504848,1.0587070322454084,0.5107778805900858
1054,-0.20236744271770554,1.0587070322453762,0.5107778805904742
1055,-0.20236744271829732,1.0587070322454084,0.5107778805900858
1056,-0.20236744271800142,1.0587070326940573,0.5107778805900858
1057,-0.20236744271800142,1.0587070322454084,0.5107778805904742
1058,-0.20236744271829732,1.0587070322453762,0.5107778805900858
1059,-0.20236744271800142,1.0587070322453762,0.5107778805900858
1060,-0.20236744271800142,1.0587070322454084,0.5107778805900858
1061,-0.20236744271829732,1.0587070326940573,0.5107778805900858
1062,-0.20236744271829732,1.0587070322454084,0.5107778805904742
1063,-0.20236744271800142,1.0587070322453762,0.5107778805900858
1064,-1.2040495033946297,0.4681500993701633,0.610597707004847
1065,-1.204049503441085,0.46815009981884453,0.6105977070044584
1066,-1.2040495033946297,0.4681500993701633,0.610597707004847
1067,-1.2040495033946297,0.46815009937022783,0.6105977070044584
1068,-1.2040495034416767,0.4681500993701633,0.610597707004847
1069,-1.204049503394334,0.46815009981884453,0.6105977070044584
1070,-1.2040495034416767,0.4681500993701633,0.610597707004847
1071,-1.2040495033946297,0.4681500993701633,0.610597707004847
1072,-1.2040495033946297,0.4681500993701633,0.6105977070044584
1073,-1.204049503441381,0.46815009981884453,0.610597707004847
1074,-1.2040495033946297,0.4681500993701633,0.6105977070044584
1075,-1.2040495033946297,0.46815009937022783,0.610597707004847
1076,-1.2040495034416767,0.4681500993701633,0.610597707004847
1077,-1.204049503394334,0.4681500998188123,0.6105977070044584
1078,-1.2040495034416767,0.4681500993701955,0.610597707004847
1079,-1.204049503394334,0.4681500993701633,0.6105977070044584
1080,-1.2040495033946297,0.4681500993701633,0.610597707004847
1081,-1.204049503441381,0.46815009981884453,0.6105977070044584
1082,-1.2040495033946297,0.4681500993701633,0.610597707004847
1083,-1.2986966272715965,0.13049908988278888,0.5449504337770021
1084,-1.2986966272248455,0.13049909033147017,0.5449504337773906
1085,-1.2986966272715965,0.1304990898827566,0.5449504337770021
1086,-1.2986966272715965,0.13049908988278888,0.5449504337770021
1087,-1.2986966272251412,0.1304990903314379,0.5449504337773906
1088,-1.2986966272715965,0.13049908988278888,0.5449504337770021
1089,-1.2986966272713005,0.13049908988278888,0.5449504337770021
1090,-1.2986966272715965,0.1304990903314379,0.5449504337773906
1091,-1.2986966272251412,0.13049908988278888,0.5449504337770021
1092,-1.2986966272713005,0.1304990903314379,0.5449504337770021
1093,-1.2986966272715965,0.13049908988278888,0.5449504337773906
1094,-1.2986966272251412,0.13049908988278888,0.5449504337770021
1095,-1.2986966272713005,0.1304990903314056,0.5449504337773906
1096,-1.2986966272715965,0.13049908988278888,0.5449504337770021
1097,-1.2986966272718925,0.13049908988282116,0.5449504337770021
1098,-1.2986966272245495,0.1304990903314056,0.5449504337773906
1099,-1.2986966272715965,0.13049908988278888,0.5449504337770021
1100,-1.2986966272718925,0.13049908988278888,0.5449504337770021
1101,-1.2986966272245495,0.1304990903314056,0.5449504337773906
1102,-1.2986966272715965,0.13049908988278888,0.5449504337770021
1103,-1.2040495033946297,0.10524173106259649,2.37318202927897
1104,-1.204049503441381,0.10524173106259649,2.3731820292785812
1105,-1.2040495033949257,0.10524173106256421,2.37318202927897
1106,-1.204049503441085,0.10524173106259649,2.3731820292785812
1107,-1.2040495033949257,0.10524173106259649,2.37318202927897
1108,-1.0988860324879488,-0.03367374312146743,-10.61238818176129
1109,-1.167646763466737,0.11689897387103501,0.8222738461786949
1110,-1.1676467634670329,0.11689897342241828,0.8222738461790834
1111,-1.1676467634673287,0.11689897387109957,0.8222738461786949
1112,-1.1676467634670329,0.11689897342241828,0.8222738461790834
1113,-1.1676467634670329,0.11689897387109957,0.8222738461786949
1114,-1.1676467634676246,0.11689897342241828,0.8222738461790834
1115,-1.1676467635134882,0.11689897387109957,0.8222738461786949
1116,-1.1676467634673287,0.11689897342241828,0.8222738461790834
1117,-1.1676467634670329,0.11689897387109957,0.8222738461786949
1118,-1.1676467634670329,0.116898973422386,0.8222738461790834
1119,-1.1676467634676246,0.11689897387109957,0.8222738461786949
1120,-1.167646763466737,0.11689897342241828,0.8222738461790834
1121,-1.1676467634673287,0.11689897387106729,0.8222738461786949
1122,-1.1485465604299285,0.06805728597084053,0.5316611075379047
1123,-1.148546560384065,0.06805728597084053,0.5316611075375163
1124,-1.1485465604299285,0.06805728597080825,0.5316611075379047
1125,-1.1485465604308163,0.06805728597090509,0.5316611075379047
1126,-1.1485465604302245,0.06805728552215923,0.5316611075375163
1127,-1.1485465603831775,0.06805728597084053,0.5316611075379047
1128,-1.1485465604305203,0.06805728597080825,0.5316611075379047
1129,-1.1485465604302245,0.06805728597084053,0.5316611075375163
1130,-1.1485465603837692,0.06805728597084053,0.5316611075379047
1131,-1.1485465604299285,0.06805728597084053,0.5316611075379047
1132,-1.1485465604305203,0.06805728597080825,0.5316611075375163
1133,-1.1485465604302245,0.06805728597084053,0.5316611075379047
1134,-1.1485465603834732,0.06805728597087281,0.5316611075379047
1135,-1.1485465604308163,0.06805728552219151,0.5316611075375163
1136,-1.1485465604296325,0.06805728597080825,0.5316611075379047
1137,-1.1485465604308163,0.06805728597084053,0.5316611075379047
1138,-1.1485465603831775,0.06805728597084053,0.5316611075375163
1139,-1.1485465604305203,0.06805728597080825,0.5316611075379047
1140,-1.3420765590269272,-0.1836393120978077,0.6218386784477582
1141,-1.3420765590272232,-0.18363931209787226,0.6218386784477582
1142,-1.3420765589801762,-0.1836393125464567,0.6218386784477582
1143,-1.3420765590272232,-0.18363931209783999,0.6218386784477582
1144,-1.3420765590269272,-0.18363931209783999,0.6218386784477582
1145,-1.342076559027519,-0.18363931209787226,0.6218386784477582
1146,-1.3420765590269272,-0.1836393120978077,0.6218386784477582
1147,-1.342076558980768,-0.18363931209787226,0.6218386784477582
1148,-1.3420765590269272,-0.1836393125464567,0.6218386784477582
1149,-1.3420765590269272,-0.18363931209783999,0.6218386784477582
1150,-1.3420765590272232,-0.18363931209783999,0.6218386784477582
1151,-1.3420765590269272,-0.18363931209783999,0.6218386784477582
1152,-1.3420765590272232,-0.18363931209787226,0.6218386784477582
1153,-1.342076558980472,-0.183639312546489,0.6218386784477582
1154,-1.3420765590269272,-0.18363931209783999,0.6218386784477582
1155,-1.3420765590269272,-0.1836393120978077,0.6218386784477582
1156,-1.1545608112142682,-0.6316788602307446,0.6042498643072393
1157,-1.1545608112139722,-0.6316788602307769,0.6042498643076278
1158,-1.154560811167813,-0.6316788597820956,0.6042498643072393
1159,-1.1545608112139722,-0.6316788602307446,0.6042498643076278
1160,-1.154560811214564,-0.6316788602307769,0.6042498643072393
1161,-1.1545608112139722,-0.6316788602307123,0.6042498643072393
1162,-1.1545608112139722,-0.6316788602307446,0.6042498643076278
1163,-1.1545608112142682,-0.6316788602307769,0.6042498643072393
1164,-1.154560811167517,-0.6316788597820956,0.6042498643076278
1165,-1.1545608112139722,-0.6316788602307123,0.6042498643072393
1166,-1.154560811214564,-0.6316788602307446,0.6042498643076278
1167,-1.1545608112139722,-0.6316788602307446,0.6042498643072393
1168,-1.1545608112139722,-0.6316788602307769,0.6042498643072393
1169,-1.1545608112142682,-0.6316788602307446,0.6042498643076278
1170,-1.154560811167813,-0.6316788597820956,0.6042498643072393
1171,-1.1545608112136765,-0.6316788602307446,0.6042498643076278
1172,-1.1545608112142682,-0.6316788602307446,0.6042498643072393
1173,-0.34302358510780123,-1.4701860347128954,0.28011314657820613
1174,-0.34302358510839304,-1.4701860351615768,0.28011314657820613
1175,-0.34302358510780123,-1.4701860347129279,0.28011314657859465
1176,-0.3430235850616419,-1.4701860351615446,0.28011314657820613
1177,-0.34302358510780123,-1.4701860347129279,0.28011314657820613
1178,-0.3430235851080971,-1.4701860351615768,0.28011314657859465
1179,-0.3430235851080971,-1.4701860347129116,0.28011314657820613
1180,-0.3430235851080971,-1.4701860347129116,0.28011314657820613
1181,-0.34302358510780123,-1.4701860351615608,0.28011314657820613
1182,-0.3430235851080971,-1.4701860347128954,0.28011314657820613
1183,-0.3430235851080971,-1.4701860351615768,0.28011314657859465
1184,-0.3430235851080971,-1.4701860347129279,0.28011314657820613
1185,-0.34302358506134595,-1.4701860351615768,0.28011314657820613
1186,-0.3430235851080971,-1.4701860347128795,0.28011314657859465
1187,-0.34302358510780123,-1.4701860351615768,0.28011314657820613
1188,-0.3430235851080971,-1.4701860347129438,0.28011314657820613
1189,0.2866426971648004,-2.3415649196178876,0.1861386253139919
1190,0.28664269711775336,-2.34156491961792,0.18613862531438038
1191,0.2866426971650963,-2.341564919169271,0.1861386253139919
1192,0.28664269711804924,-2.34156491961792,0.18613862531438038
1193,0.2866426971645045,-2.34156491961792,0.1861386253139919
1194,0.2866426971650963,-2.3415649191692385,0.18613862531438038
1195,0.28664269711804924,-2.341564919617936,0.1861386253139919
1196,0.2866426971648004,-2.34156491961792,0.18613862531438038
1197,0.28664269711804924,-2.34156491961792,0.1861386253139919
1198,0.2866426971648004,-2.3415649196179036,0.1861386253139919
1199,0.2866426971648004,-2.341564919169287,0.18613862531438038
1200,0.28664269711775336,-2.3415649196179036,0.1861386253139919
1201,0.2866426971648004,-2.3415649196179036,0.18613862531438038
1202,0.28664269711834517,-2.341564919169287,0.1861386253139919
1203,0.2866426971645045,-2.3415649196179036,0.18613862531438038
1204,0.2866426971648004,-2.34156491961792,0.1861386253139919
1205,0.28664269711804924,-2.34156491961792,0.18613862531438038
1206,0.2866426971648004,-2.341564919617936,0.1861386253139919
1207,0.28664269711804924,-2.3415649191692385,0.18613862531438038
1208,0.2866426971645045,-2.34156491961792,0.1861386253139919
1209,0.8104882367834985,-2.3305148248256438,0.5364072954804673
1210,0.8104882367358597,-2.3305148252742924,0.5364072954804673
1211,0.8104882367832026,-2.3305148248256273,0.5364072954800787
1212,0.8104882367358597,-2.3305148248256273,0.5364072954804673
1213,0.8104882367832026,-2.3305148252742764,0.5364072954804673
1214,0.8104882367355638,-2.3305148248256438,0.5364072954804673
1215,0.8104882367832026,-2.3305148248256193,0.5364072954804673
1216,0.8104882367826108,-2.330514825274301,0.5364072954804673
1217,0.8104882367367473,-2.3305148248256273,0.5364072954800787
1218,0.8104882367829067,-2.3305148248256273,0.5364072954804673
1219,0.8104882367361556,-2.3305148248256353,0.5364072954804673
1220,0.8104882367829067,-2.3305148252742844,0.5364072954804673
1221,0.8104882367361556,-2.3305148248256273,0.5364072954804673
1222,0.8104882367826108,-2.3305148248256273,0.5364072954800787
1223,0.8104882367364514,-2.330514825274301,0.5364072954804673
1224,0.8104882367829067,-2.3305148248256273,0.5364072954804673
1225,-0.40913738483670603,-1.9168327139730295,0.3027273361873892
1226,-0.4091373848370019,-1.9168327135243723,0.3027273361873892
1227,-0.40913738488375306,-1.9168327139730295,0.30272733618700065
1228,-0.40913738483670603,-1.9168327139730295,0.3027273361873892
1229,-0.4091373848370019,-1.9168327135243644,0.3027273361873892
1230,-0.40913738483670603,-1.9168327139730335,0.3027273361873892
1231,-0.40913738483670603,-1.9168327139730335,0.30272733618700065
1232,-0.4091373848372978,-1.9168327135243644,0.3027273361873892
1233,-0.4091373848834572,-1.9168327139730335,0.3027273361873892
1234,-0.4091373848370019,-1.9168327135243723,0.3027273361873892
1235,-0.40913738483670603,-1.9168327139730295,0.30272733618700065
1236,-0.40913738483670603,-1.9168327139730295,0.3027273361873892
1237,-0.4091373848370019,-1.9168327135243723,0.3027273361873892
1238,-0.4091373848370019,-1.9168327139730335,0.3027273361873892
1239,-0.4091373848834572,-1.9168327139730275,0.30272733618700065
1240,-0.4091373848370019,-1.9168327135243703,0.3027273361873892
1241,-0.40913738483670603,-1.9168327139730275,0.3027273361873892
1242,-0.6957593938790884,-1.9805951640303523,0.12348894447131191
1243,-0.6957593938790884,-1.9805951640303503,0.1234889444717004
1244,-0.6957593938787925,-1.9805951644790114,0.12348894447131191
1245,-0.6957593938790884,-1.9805951640303503,0.12348894447131191
1246,-0.6957593938790884,-1.9805951640303503,0.1234889444717004
1247,-0.6957593938323372,-1.9805951644790107,0.12348894447131191
1248,-0.6957593938787925,-1.9805951640303503,0.12348894447131191
1249,-0.6957593938787925,-1.9805951640303503,0.1234889444717004
1250,-0.6957593938793842,-1.9805951640303507,0.12348894447131191
1251,-0.6957593938790884,-1.9805951640303512,0.12348894447131191
1252,-0.6957593938790884,-1.9805951644790083,0.1234889444717004
1253,-0.6957593938787925,-1.9805951640303523,0.12348894447131191
1254,-0.7439593180307681,-1.8016888717516943,3.1420644759849763
1255,-0.7439593180778151,-1.8016888713030352,3.142064475985365
1256,-0.743959318078111,-1.8016888713030332,3.1420644759849763
1257,-0.743959318031064,-1.8016888717516923,3.1420644759849763
1258,-0.7308138841968004,-2.085834159937047,-10.44152541582632
1259,-0.7308138841503451,-2.085834159937047,-10.44152541582632
1260,-0.8359773551502324,-2.0542624608509708,9.891143730407173
1261,-1.0463042970112328,-2.2752643522101565,-0.8732105234811921
1262,-1.0463042969641858,-2.2752643522101645,-0.8732105234811921
1263,-1.046304297010937,-2.2752643522101685,-0.8732105234811921
1264,-1.046304297010937,-2.2752643522101565,-0.8732105234811921
1265,-1.6247033871621985,-2.3068360508475756,-1.0440732894161624
1266,-1.2829221066333751,-2.717268134031218,-0.01889669380750623
1267,-1.2829221066330794,-2.717268134479883,-0.01889669380750623
1268,-1.2303403711560674,-2.8593407783482276,-0.2751908427097674
1269,-1.2303403711566592,-2.8593407783482196,-0.2751908427093789
1270,-1.2303403711099081,-2.8593407787968848,-0.2751908427093789
1271,-1.2303403711563634,-2.8593407783482356,-0.2751908427097674
1272,0.005330412384904826,-2.685696435393799,-2.06924988502443
1273,0.9518016508270188,-2.4331228458458796,-0.36062222567705826
1274,1.7405276828860317,-1.8016888717517003,-1.385798821285326
1275,2.0560180956998724,-0.9176813072122555,3.3983586248872375
1276,2.0034363602228606,-0.0968171408449542,-4.80305413998007
1277,1.635364211932008,-0.03367374312148357,0.6645543699315979
1278,0.47856603162948536,1.1660508077920455,4.423535220495505
1279,-0.31016000042893593,1.3554810005138407,1.3480054336703133
1280,-0.36274173590624365,1.3554810000651756,-2.06924988502443
1281,-0.41532347138236786,1.5449111927869545,-1.7275243531548778
1282,0.1762210526493164,1.89746182846868,0.46521447634086394
1283,0.17622105269606755,1.8974618280200228,0.46521447634086394
1284,0.1762210526493164,1.8974618280200148,0.46521447634086394
1285,0.17622105264990817,1.897461828468688,0.46521447634125246
1286,0.1762210526493164,1.89746182846868,0.46521447634086394
1287,0.1762210526493164,1.8974618280200228,0.46521447634086394
1288,0.17622105269606755,1.8974618280200228,0.46521447634086394
1289,0.17622105264990817,1.897461828468688,0.46521447634086394
1290,0.1762210526493164,1.897461828468672,0.46521447634125246
1291,0.17622105269606755,1.8974618280200308,0.46521447634086394
1292,0.1762210526496123,1.8974618280200188,0.46521447634086394
1293,0.1762210526493164,1.897461828468688,0.46521447634086394
1294,0.8320321422490233,1.955343275970593,0.2089203274389913
1295,0.8320321422954786,1.955343275970605,0.20892032743860278
1296,0.8320321422490233,1.955343275970601,0.2089203274389913
1297,0.8320321422487275,1.95534327552194,0.20892032743860278
1298,0.8320321422957745,1.955343275970597,0.2089203274389913
1299,0.8320321422490233,1.955343275970601,0.20892032743860278
1300,0.8320321422490233,1.955343275970601,0.2089203274389913
1301,0.8320321422954786,1.955343275970601,0.20892032743860278
1302,0.8320321422487275,1.955343275521938,0.2089203274389913
1303,0.8320321422490233,1.955343275970601,0.2089203274389913
1304,0.8320321422957745,1.955343275970601,0.20892032743860278
1305,0.8320321422487275,1.955343275970601,0.2089203274389913
1306,0.8320321422490233,1.955343275970599,0.20892032743860278
1307,0.8320321422954786,1.955343275970601,0.2089203274389913
1308,0.8320321422487275,1.955343275970601,0.20892032743860278
1309,0.8320321422493192,1.9553432755219395,0.2089203274389913
1310,0.8320321422954786,1.9553432759706006,0.20892032743860278
1311,0.8320321422490233,1.9553432759706006,0.2089203274389913
1312,0.8466381799200421,2.586777250064778,6.473888411712428
1313,0.8466381798735868,2.5867772505134385,6.473888411712428
1314,0.794056444443622,2.618348948702187,-6.853407331196993
1315,1.1621285926877234,2.492062154152549,-3.777877544371802
1316,1.0043833863040308,2.5867772505134377,-1.2149360553507442
1317,1.0043833863040308,2.5867772500647783,-1.2149360553503556
1318,0.4403247694643858,3.0947945842348337,-0.9819413745304715
1319,0.44032476941793053,3.0947945842348377,-0.98194137453086
1320,0.4403247694643858,3.0947945837861726,-0.9819413745304715
1321,0.4403247694646817,3.0947945842348337,-0.9819413745304715
1322,0.440324769463794,3.0947945842348337,-0.9819413745304715
1323,0.44032476941793053,3.0947945842348377,-0.98194137453086
1324,0.4403247694643858,3.0947945842348337,-0.9819413745304715
1325,0.4403247694646817,3.0947945842348417,-0.9819413745304715
1326,0.4403247694643858,3.0947945837861686,-0.9819413745304715
1327,0.44032476941763465,3.0947945842348337,-0.98194137453086
1328,0.4403247694646817,3.0947945842348417,-0.9819413745304715
1329,-0.2312873972375334,3.6286433077912634,-0.5314849916116401
1330,-0.23128739723723749,3.6286433077912554,-0.5314849916120286
1331,-0.7308138841503451,3.691786705514742,0.6645543699315979
1332,-1.186522258282377,3.6496911068828735,-4.916962650603124
1333,-1.1865222582356258,3.6496911073315466,-4.916962650603513
1334,-1.186522258282377,3.649691106882857,-4.916962650603124
1335,-1.7473941032752263,3.165591726878596,3.7400841567567893
1336,-1.7473941032278832,3.165591726429947,3.7400841567564007
1337,-1.7473941032752263,3.165591726878596,3.7400841567567893
1338,-1.0237692675007106,3.231741952530971,-0.11653256005606068
1339,-1.0237692675474617,3.231741952530987,-0.11653256005567218
1340,-1.0237692675007106,3.2317419525310034,-0.11653256005606068
1341,-1.0237692675013024,3.23174195297962,-0.11653256005606068
1342,-1.0237692675007106,3.2317419525310034,-0.11653256005606068
1343,-1.0237692675477577,3.231741952530971,-0.11653256005567218
1344,-1.0237692675007106,3.231741952530971,-0.11653256005606068
1345,0.10611207201359643,3.6075955086996614,-0.44605360864434923
1346,0.10611207206064348,3.6075955086996614,-0.44605360864434923
1347,0.10611207201389232,3.607595509148327,-0.44605360864434923
1348,0.10611207206005169,3.6075955086996454,-0.44605360864434923
1349,0.10611207201359643,3.607595508699678,-0.44605360864434923
1350,0.10611207206064348,3.6075955086996454,-0.44605360864434923
1351,0.10611207201389232,3.6075955086996454,-0.44605360864434923
1352,0.10611207201359643,3.6075955086996454,-0.44605360864434923
1353,0.10611207206034759,3.6075955086996614,-0.44605360864434923
1354,0.10611207201418822,3.607595509148343,-0.44605360864434923
1355,0.10611207206005169,3.6075955086996454,-0.44605360864434923
1356,0.10611207201359643,3.6075955086996614,-0.44605360864434923
1357,1.5302007409788718,3.754930102789556,-0.01889669380750623
1358,2.529253714944157,3.5654999105164578,-1.0440732894157738
1359,3.633470159770556,3.0603527309719056,-2.06924988502443
1360,4.3170327208752495,2.9340659359735812,1.6897309655398656
1361,4.685104869165806,2.492062154152548,-0.01889669380750623
1362,5.31608569479467,2.365775359154256,-5.828230735588337
1363,5.947066520422648,1.9237715773331903,-3.777877544371802
1364,6.315138668760252,1.2923376027903457,-2.410975416893982
1365,6.8935377588647615,0.724047025970988,-2.06924988502443
1366,7.261609907155615,0.40833003869959805,-3.4361520125022498
1367,7.6822637909234786,-0.033673743570148726,-3.4361520125022498
1368,7.73484552640049,-0.4756775249425329,-4.119603076240965
1369,8.102917674690751,-0.6019643203895064,-1.7275243531548778
1370,8.286953748836474,-0.5230350733473103,-3.6070147784372204
1371,8.286953748836474,-0.5230350733473426,-3.607014778436832
1372,8.286953748789722,-0.523035073347278,-3.607014778436832
1373,8.286953748836474,-0.5230350733473103,-3.6070147784372204
1374,6.525465610620956,-0.6019643203895064,-5.657367969653755
1375,6.525465610573909,-0.6019643203895064,-5.657367969653755
1376,5.894484784945636,-1.8016888713030594,-3.0944264806326975
1377,5.210922223887693,-2.2436926535727415,-5.144779671849622
1378,4.474777927258646,-2.369979448122385,-3.4361520125022498
1379,3.1076528050957144,-2.6856964353938073,-2.06924988502443
1380,1.9508546247464404,-3.5697039999332363,-7.195132863066545
1381,1.7931094183624519,-3.5065606022097815,-5.8282307355887255
1382,0.005330412384904826,-4.39056816585188,-0.3606222256766698
1383,-0.32768724558823575,-4.6010461576652615,-0.8162562681696649
1384,-0.3276872455879398,-4.601046158113927,-0.8162562681696649
1385,-0.32768724558823575,-4.6010461576652615,-0.8162562681696649
1386,1.4776190055018599,-4.327424768577075,-4.119603076241354
1387,3.0024893341422825,-3.63284739720809,-2.7527009487631453
1388,4.422196191828681,-2.4962662431206772,0.3228288380620458
1389,5.36866743027109,-1.7385454740282056,-3.0944264806326975
1390,6.052229991376375,-1.2333982944836694,0.32282883806165735
1391,6.420302139666933,-0.8545379099374741,-1.385798821285326
1392,6.893537758865057,-0.601964320389458,-4.119603076240965
1393,7.103864700772218,-0.47567752494256516,-3.4361520125022498
1394,7.594627565128459,-0.03367374312148357,-3.8917860549948564
1395,7.59462756517521,-0.033673743570148726,-3.891786054995245
1396,7.594627565129051,-0.03367374312145129,-3.8917860549948564
1397,6.735792552480773,0.11366085051974534,-4.4613286081105175
1398,6.735792552434614,0.11366085096841048,-4.4613286081109065
1399,6.735792552481069,0.11366085051979376,-4.4613286081105175
1400,5.841903049469216,-0.2546756340320163,-4.290465842175936
1401,5.841903049515375,-0.2546756344806815,-4.290465842175936
1402,5.053177017457251,-1.5491152817550917,-6.853407331196993
1403,4.054124043537828,-3.127700217663538,-3.4361520125022498
1404,2.2137633021303165,-4.769428550846773,-0.01889669380750623
1405,1.0043833863040308,-4.958858743119903,-6.853407331196993
1406,-0.4153234713826638,-5.779722909935845,1.6897309655398656
1407,-0.993722561534221,-6.032296499483813,-3.0944264806326975
1408,-0.9411408260572092,-6.284870089031732,-2.06924988502443
1409,-0.5730686778134035,-6.632158775389239,-1.7275243531548778
1410,-0.5730686777666524,-6.6321587749405575,-1.7275243531548778
1411,0.11049388329188155,-6.916304063574577,-5.828230735588337
1412,0.1104938833386327,-6.916304063574561,-5.8282307355887255
1413,0.5311477671062014,-6.916304063574577,-0.01889669380750623
1414,0.26823908972232546,-7.074162557210288,-1.385798821285326
1415,0.26823908972202953,-7.0741625572102755,-1.385798821285326
1416,-1.1514677679179137,-6.97944746129806,-2.410975416893982
1417,-1.6641396887584916,-7.011019159935462,-3.1798578635999886
1418,-1.664139688804651,-7.011019159486807,-3.179857863600377
1419,-1.6641396887584916,-7.011019159486801,-3.179857863600377
1420,-1.6641396887584916,-7.011019159935464,-3.1798578635999886
1421,-2.6763380965577444,-5.842866307210679,-2.0692498850240413
1422,-3.9908814832915986,-5.085145538118201,-5.486505203719174
1423,-5.620915282838702,-4.137994576752604,-1.7275243531548778
1424,-6.514804785850555,-3.3171304094879863,-4.80305413998007
1425,-7.093203876002408,-2.748839833117294,-1.3857988212857144
1426,-7.356112553339237,-2.1805492562979323,-3.0944264806326975
1427,-7.3561125533398295,-1.8648322685778569,-3.0944264806326975
1428,-6.5148047858041,-2.0226907622135557,-2.923563714698116
1429,-6.514804785850852,-2.0226907626622292,-2.923563714698116
1430,-5.042516192640689,-3.380273807211473,-5.486505203718785
1431,-3.88571801238403,-4.769428550846781,-2.752700948763534
1432,-2.886665038418745,-5.527149320387918,-3.4361520125022498
1433,-2.83408330298878,-5.022002140394725,2.0314564974094176
1434,-2.728919831988005,-4.83257194857026,-8.903760522413917
1435,-4.201208425198758,-4.201137973578766,-5.828230735588337
1436,-5.831242224699407,-2.24369265357275,-3.094426480633086
1437,-6.830295198664988,-0.9176813072122555,-4.4613286081105175
1438,-6.3044778439433955,-1.9279756663013357,-4.4613286081105175
1439,-5.410588340978293,-3.3171304099366434,-4.119603076241354
1440,-2.9918285093724726,-5.716579512661048,0.3228288380620458
1441,-1.3617947098250738,-5.906009704485505,-0.36062222567705826
1442,-0.7833956196267652,-6.41115688403004,-4.11960307624116
1443,-0.13926936016452435,-6.853160666299739,-2.667269565796049
1444,-0.13926936016482022,-6.85316066585109,-2.6672695657958547
1445,-0.13926936016452435,-6.853160666299755,-2.6672695657958547
1446,-0.13926936016452435,-6.853160666299772,-2.667269565796049
1447,-1.4669581807788017,-7.232021050845983,-3.607014778437026
1448,-1.4669581807317547,-7.232021050845999,-3.607014778436832
1449,-2.9392467738957566,-7.168877653122513,-3.777877544371802
1450,-4.043463218768019,-6.790017269024934,-2.4109754168937876
1451,-5.200261399070837,-6.221726691756895,-1.3857988212855201
1452,-6.19931437303701,-5.2114323326678225,-1.0440732894157738
1453,-7.461276024246214,-4.516854961298853,-2.06924988502443
1454,-8.039675114444522,-3.3802738072114895,-2.06924988502443
1455,-8.775819411026228,-2.559409640844164,-6.16995626745789
1456,-8.512910733689104,-2.1805492558492547,-4.461328608110712
1457,-8.723237675549216,-2.275264352210193,-2.838132331730631
1458,-8.723237675549512,-2.2752643522101605,-2.838132331730825
1459,-8.723237675503057,-2.2752643522101605,-2.838132331730631
1460,-8.723237675549216,-2.2752643522101605,-2.838132331730631
1461,-8.495383488530099,-2.917222226298822,-4.575237118733766
1462,-8.495383488483643,-2.9172222258501406,-4.575237118733961
1463,-8.495383488529507,-2.9172222262987897,-4.575237118733766
1464,-7.8556390402990965,-2.0384766115322854,-3.2652892465674737
1465,-7.855639040299392,-2.038476611980902,-3.2652892465674737
1466,-7.855639040298801,-2.0384766119809345,-3.2652892465676677
1467,-7.8556390402990965,-2.0384766115322854,-3.2652892465674737
1468,-8.35516552725866,-1.3596850894819617,-2.4109754168937876
1469,-8.583019714278072,0.40833003869959805,-4.005694565618105
1470,-8.583019714324823,0.40833003869956574,-4.005694565617911
1471,-8.583019714277777,0.40833003869959805,-4.005694565618105
1472,-8.407747262735375,0.2609954446096394,-3.4361520125022498
1473,-8.407747262688623,0.2609954450583207,-3.4361520125022498
1474,-8.407747262735375,0.26099544460967167,-3.4361520125022498
1475,-7.513857759723522,-0.9808247049357341,-2.75270094876334
1476,-7.1457856114788285,-1.8016888713030594,-3.0944264806326975
1477,-6.935458669571669,-2.685696435393775,-4.461328608110712
1478,-6.146732637559999,-3.443417204934944,-2.4109754168937876
1479,-5.463170076455009,-4.327424768577075,-4.803054139980264
1480,-4.096044954198575,-5.274575730391342,-4.4613286081105175
1481,-3.4650641286164614,-6.095439897207251,4.081809688626147
1482,-4.148626689675291,-5.96915310176031,-3.4361520125022498
1483,-5.5157518119314295,-5.148288935393017,-5.828230735588532
1484,-6.777713463188272,-4.327424769025724,-3.4361520125022498
1485,-7.461276024246214,-3.695990794482879,-4.461328608110712
1486,-8.092256849921238,-3.317130409936684,-3.4361520125022498
1487,-8.09225684992183,-3.064556819940035,-4.11960307624116
1488,-8.51291073364176,-3.285558711299233,-5.144779671849622
1489,-8.512910733689104,-3.285558711299233,-5.144779671849622
1490,-8.460328998165636,-3.759134191757749,1.6897309655398656
1491,-8.618074204595784,-3.695990794482847,-3.663969033748553
1492,-8.61807420464283,-3.695990794482879,-3.6639690337487476
1493,-8.618074204595487,-3.695990794482944,-3.663969033748553
1494,-9.354218501177785,-2.1805492558492228,-5.144779671849622
1495,-9.091309823840364,-1.359685089481994,-3.4361520125022498
1496,-9.406800236654204,-0.22310393539459744,-3.4361520125022498
1497,-9.143891559270921,0.9766206155189234,-4.4613286081105175
1498,-9.14389155931708,1.1660508077920535,-4.803054139980264
1499,-9.20961872862806,-0.06524544220753532,-3.777877544371608
1500,-9.209618728674515,-0.06524544175885404,-3.777877544371802
1501,-9.209618728628357,-0.06524544175898316,-3.777877544371802
1502,-9.209618728628651,-0.06524544220753532,-3.777877544371608
1503,-8.986146352886045,-0.9808247049357341,-4.803054139980264
1504,-8.933564617410216,-2.1174058585744495,1.3480054336705076
1505,-8.723237675549512,-2.2752643522101605,-5.144779671849622
1506,-8.723237675549512,-2.2752643522101605,-5.144779671849622
1507,-7.5664394951996465,-1.7385454735795405,-5.315642437784398
1508,-7.566439495200238,-1.738545474028254,-5.315642437784398
1509,-6.90916780185639,-2.275264352210096,-4.632191374045294
1510,-6.909167801856983,-2.275264352210193,-4.632191374045488
1511,-6.409641314897419,-3.380273807660138,-3.4361520125022498
1512,-6.199314372989668,-3.3802738072114247,-0.36062222567705826
1513,-6.5936773890428455,-2.275264352210193,-5.144779671849622
1514,-6.593677389043141,-2.275264352210193,-5.144779671849622
1515,-6.882876934094657,-1.6754020763047026,-7.536858394935903
1516,-7.671602966153374,0.40833003869959805,-1.7275243531548778
1517,-7.829348172584114,1.1029074105172156,-2.069249885024236
1518,-8.144838585351499,0.47147343597437125,-5.486505203719174
1519,-7.9870933789675105,-0.6651077176643442,-1.7275243531548778
1520,-7.829348172583818,-2.306836050847547,-2.75270094876334
1521,-7.776766437107398,-4.264281371302237,-0.01889669380750623
1522,-7.619021230676954,-4.074851179029107,-6.511681799327442
1523,-7.356112553339237,-3.948564384030815,1.0062799018009556
1524,-7.724184701630682,-3.7591341922064307,-6.853407331196993
1525,-8.618074204595784,-3.001413422665165,-2.410975416893982
1526,-9.038728088363944,-1.170254896760215,-5.828230735588532
1527,-8.98614635288634,-0.5703926213034063,-1.21493605535055
1528,-8.986146352887229,-0.5703926217520876,-1.2149360553507442
1529,-8.749528543264494,-0.5703926217520876,-2.923563714698116
1530,-8.749528543264494,-0.5703926213034708,-2.9235637146979214
1531,-8.74952854331095,-0.5703926213034063,-2.9235637146979214
1532,-8.749528543264494,-0.5703926217520876,-2.923563714698116
1533,-8.986146352886932,-0.6019643203895064,-2.75270094876334
1534,-8.986146352886637,-0.6019643199408251,-2.75270094876334
1535,-9.284109520542065,-0.6651077176643442,-4.347420097487463
1536,-9.284109520588224,-0.6651077176642797,-4.347420097487658
1537,-9.284109520542065,-0.6651077176643442,-4.347420097487463
1538,-9.564545443084649,-1.2018265958463152,-5.65736796965395
1539,-9.564545443038194,-1.2018265953975693,-5.657367969653755
1540,-9.529490952720186,-1.8016888713029948,-4.461328608110712
1541,-9.529490952767233,-1.8016888717517408,-4.4613286081105175
1542,-9.529490952720481,-1.8016888713029948,-4.461328608110712
1543,-8.986146352886637,-0.6966794163017631,-5.657367969653755
1544,-8.986146352886932,-0.6966794163016985,-5.65736796965395
1545,-8.986146352886637,0.597760230972728,-4.80305413998007
1546,-8.460328998212091,1.2291942050667621,-4.803054139980264
1547,-7.434985156531232,1.5133394937009592,-5.315642437784203
1548,-7.4349851565315275,1.5133394941495115,-5.315642437784398
1549,-6.725131727711556,1.544911192786995,-5.315642437784398
1550,-6.725131727711556,1.544911192338249,-5.315642437784398
1551,-5.603388037678811,1.9869149746079635,-3.777877544371802
1552,-5.603388037726745,1.9869149746080925,-3.777877544371608
1553,-5.603388037679698,1.9869149746079635,-3.777877544371802
1554,-4.41153536701212,2.4289187568777426,-3.4361520125022498
1555,-3.5965184672860593,1.5764828914243492,-3.2652892465674737
1556,-3.596518467284876,1.5764828909757325,-3.2652892465674737
1557,-2.4134294192212113,-0.03367374312156427,-2.06924988502443
1558,-1.4143764452550387,-1.1702548972087672,-4.4613286081105175
1559,0.16307561876859755,-2.0542624612997087,-4.803054139980264
1560,1.687945947408724,-2.117405858574417,-1.044073289415968
1561,2.6869989213281458,-1.8016888713030594,2.0314564974094176
1562,3.1076528050957144,-1.6754020767533193,5.790437347973518
1563,3.133943672810993,-2.480480393802,-2.5818381828285637
1564,3.133943672810697,-2.480480393802,-2.5818381828285637
1565,3.133943672810401,-2.480480393802,-2.5818381828285637
1566,3.133943672810993,-2.4804803938019355,-2.5818381828285637
1567,3.927927878430874,-3.3045017303022632,-1.6591792467810453
1568,3.927927878384123,-3.3045017303021984,-1.659179246780851
1569,3.927927878431466,-3.30450173075088,-1.6591792467810453
1570,3.927927878384715,-3.3045017303021984,-1.659179246780851
1571,3.9279278784305784,-3.3045017303022632,-1.6591792467810453
1572,4.566795964378702,-4.1064228776665255,-2.667269565796049
1573,4.566795964331655,-4.1064228781152075,-2.6672695657958547
1574,4.566795964331655,-4.1064228776665255,-2.6672695657958547
1575,4.566795964378702,-4.1064228776665255,-2.667269565796049
1576,5.1057587528872155,-4.422139864937948,-5.144779671849622
1577,5.105758752933671,-4.422139864937948,-5.144779671849622
1578,5.947066520469103,-3.790705890843785,1.1771426677355374
1579,5.947066520422352,-3.7907058903951683,1.1771426677357317
1580,7.051282965295205,-2.3699794485710015,-1.385798821285326
1581,7.209028171679194,-2.3068360508476116,-2.75270094876334
1582,7.892590732830639,-0.6019643199408251,-0.7023477575464161
1583,7.934656121183842,-0.8545379099374096,-2.4109754168937876
1584,7.934656121184139,-0.8545379099374741,-2.4109754168937876
1585,7.934656121137091,-0.8545379099374096,-2.410975416893982
1586,7.934656121184139,-0.8545379099374096,-2.4109754168937876
1587,7.934656121183842,-0.8545379099374741,-2.4109754168937876
1588,7.840008997353923,-1.675402076753384,-0.7023477575464161
1589,7.314191642632626,-2.938270024941775,0.6645543699314036
1590,6.472883875097193,-4.074851179477788,-4.11960307624116
1591,5.894484784992387,-4.832571948121562,-4.461328608110712
1592,5.894484784945636,-4.769428550846789,-2.5818381828285637
1593,5.894484784945636,-4.769428550846789,-2.5818381828285637
1594,6.420302139667228,-3.5065606022098463,-3.4361520125022498
1595,6.52546561062066,-3.317130409936587,-1.044073289415968
1596,7.629682055446467,-0.5388209226659874,1.0062799018009556
1597,7.4193551135857625,0.15575644915156572,-4.80305413998007
1598,6.998701229818786,0.15575644915163028,-2.06924988502443
1599,5.947066520422648,0.09261305142824035,-1.898387119089654
1600,5.947066520422352,0.09261305142811123,-1.898387119089654
1601,4.711395736928427,-0.633536018578244,-4.290465842175936
1602,4.711395736881085,-0.6335360190268607,-4.290465842175936
1603,3.0550710696187027,-2.1174058585744815,-3.0944264806326975
1604,1.1621285926877234,-3.0014134226652294,-1.7275243531548778
1605,-0.9937225615345169,-3.3171304099366514,-4.80305413998007
1606,-3.0969919802791535,-2.1805492562980007,1.0062799018007613
1607,-4.096044954244439,-0.6019643199407606,-0.01889669380750623
1608,-4.358953631582451,-0.033673743570181006,-0.7023477575464161
1609,-4.5166988379661435,-0.2862473326694029,-3.0944264806326975
1610,-4.674444044395996,-0.5388209226659874,2.0314564974092235
1611,-5.1301524184818685,-1.0860637003938078,-1.9553413744011812
1612,-5.130152418435709,-1.0860637008424892,-1.9553413744011812
1613,-5.1301524184818685,-1.0860637003937432,-1.9553413744011812
1614,-5.8049513569841285,-0.7913945126625719,-1.556661587220102
1615,-5.804951356983833,-0.7913945126626364,-1.556661587220102
1616,-6.251896108513726,-0.03367374312143515,-4.11960307624116
1617,-6.409641314897123,0.7871904232457935,0.6645543699314036
1618,-6.672549992234544,0.3241388423331262,-2.1831583956474843
1619,-6.672549992234544,0.32413884188444486,-2.1831583956476788
1620,-6.672549992234249,0.3241388423332553,-2.1831583956474843
1621,-6.725131727664805,-1.9279756663014163,-5.48650520371898
1622,-6.146732637559703,-3.443417204486198,-0.36062222567705826
1623,-4.937352721733417,-4.832571948570308,2.3731820292787758
1624,-4.411535367059759,-5.337719127666179,-4.80305413998007
1625,-4.2012084251517114,-5.464005922664471,-2.06924988502443
1626,-4.376480876741159,-5.590292717662699,-3.8917860549948564
1627,-4.376480876741455,-5.590292717214083,-3.8917860549948564
1628,-4.376480876740863,-5.590292717662764,-3.8917860549948564
1629,-4.595571441204593,-4.485283262212722,-3.4361520125022498
1630,-4.595571441204298,-4.485283262212786,-3.4361520125022498
1631,-5.25284313454785,-3.3171304099366514,-2.4109754168937876
1632,-5.778660489269146,-2.622553038118905,-3.4361520125022498
1633,-6.146732637513248,-2.1805492562979363,-3.4361520125022498
1634,-6.19931437303701,-1.9911190635761895,-1.3857988212855201
1635,-6.5148047858041,-1.5491152817551563,-0.7023477575464161
1636,-4.867243741097696,-1.6754020767533193,-3.322243501879001
1637,-4.867243741144447,-1.6754020763047672,-3.322243501879195
1638,-4.867243741097992,-1.6754020767534485,-3.322243501879001
1639,-2.728919832035348,-2.74883983266858,-4.803054139980264
1640,-1.3092129743480618,-3.695990794482847,-1.7275243531548778
1641,0.37340256067546157,-4.137994576752755,-2.4109754168937876
1642,2.108599831130133,-4.13799457630388,-1.385798821285326
1643,3.4231432179095553,-3.6959907944829116,-0.01889669380750623
1644,3.9489605725843964,-3.632847397208074,1.3480054336703133
1645,4.106705779015432,-3.695990794482847,-3.0944264806326975
1646,4.439723436987389,-3.8854209867559772,-2.5248839275170365
1647,4.43972343694123,-3.8854209867560416,-2.5248839275168424
1648,4.4397234369882765,-3.8854209867559772,-2.5248839275170365
1649,3.8227644074768508,-3.443417204486327,-3.4361520125022498
1650,3.8227644074771465,-3.443417204934944,-3.4361520125022498
1651,3.822764407431283,-3.4434172044862628,-3.4361520125022498
1652,3.822764407477738,-3.443417204934944,-3.4361520125022498
1653,3.8227644074771465,-3.443417204486327,-3.4361520125022498
1654,2.2768613846834973,-2.1174058585744815,-0.2239320129291986
1655,2.2768613846367463,-2.117405858574417,-0.2239320129291986
1656,2.2768613846837935,-2.1174058590230986,-0.2239320129291986
1657,2.2768613846373382,-2.117405858574417,-0.2239320129291986
1658,2.2768613846837935,-2.1174058585744815,-0.2239320129291986
1659,3.1076528050957144,-1.9911190635761895,-4.11960307624116
1660,3.475724953386567,-1.9279756663012872,-3.4361520125022498
1661,4.180320208645079,-2.0163764228450307,-0.42896733205089105
1662,4.180320208644487,-2.0163764228449663,-0.42896733205089105
1663,4.180320208691534,-2.016376422396414,-0.42896733205089105
1664,4.180320208645079,-2.0163764228449663,-0.42896733205089105
1665,4.180320208645375,-2.0163764228450956,-0.42896733205089105
1666,5.1583404884106825,-2.0858341599369337,-2.2401126509590115
1667,5.158340488363636,-2.085834159937063,-2.240112650959206
1668,4.790268340119829,-2.875126627666937,-0.01889669380750623
1669,4.369614456351965,-3.759134191757685,-4.461328608110712
1670,3.8437971016309644,-4.453711564024048,-0.01889669380750623
1671,2.476671979467441,-4.832571948121627,-0.7023477575464161
1672,1.6353642119323037,-5.337719127666115,-0.7023477575464161
1673,1.2147103281641436,-5.527149319939309,-2.06924988502443
1674,0.7414747089672019,-5.464005922664471,-1.385798821285326
1675,0.26823908972202953,-5.653436114937537,-3.0944264806326975
1676,0.5837295025829173,-5.779722909935893,-2.06924988502443
1677,1.2672920636414513,-6.042820399029582,-2.06924988502443
1678,1.2672920636414513,-6.042820399029453,-2.069249885024236
1679,1.2672920636879066,-6.042820399029582,-2.06924988502443
1680,1.2672920636411555,-6.0428203994783924,-2.06924988502443
1681,1.2672920636411555,-6.042820399029582,-2.069249885024236
1682,1.2672920636411555,-6.042820399029582,-2.06924988502443
1683,4.317032720875545,-5.085145538118211,-3.777877544371608
1684,5.473830901224522,-4.327424768577011,-0.01889669380750623
1685,5.947066520422943,-3.9485643844794316,2.0314564974092235
1686,6.209975197759476,-3.569703999484619,-3.4361520125022498
1687,6.367720404190512,-3.4434172044863915,-1.7275243531548778
1688,6.209975197806523,-3.54865620039305,-2.297066906270733
1689,6.209975197759476,-3.548656200841473,-2.297066906270539
1690,6.209975197806523,-3.5486562003929207,-2.297066906270733
1691,6.6832108170049445,-2.717268134031355,-1.385798821285326
1692,6.683210817003761,-2.7172681344799074,-1.385798821285326
1693,6.6832108170049445,-2.7172681344799074,-1.3857988212855201
1694,6.683210817003761,-2.7172681340310967,-1.385798821285326
1695,6.131102594568074,-2.1174058585745463,-2.240112650959206
1696,6.13110259456837,-2.117405858574417,-2.2401126509590115
1697,5.000595281980239,-3.253987012213197,-6.511681799327442
1698,3.791215366200408,-4.579998358573595,-0.7023477575466104
1699,2.529253714897998,-5.400862525389634,-1.385798821285326
1700,1.4776190055480194,-5.779722909935893,-4.80305413998007
1701,1.4776190055021559,-6.032296499483797,-0.7023477575466104
1702,1.414520922947791,-4.87045798657624,-2.4109754168937876
1703,1.4145209229954299,-4.87045798657624,-2.4109754168937876
1704,1.4145209229480868,-4.870457987024793,-2.410975416893982
1705,1.4145209229951339,-4.87045798657624,-2.4109754168937876
1706,1.4145209229483828,-4.87045798657624,-2.4109754168937876
1707,2.2137633021300203,-3.0645568203886837,-3.4361520125022498
1708,2.213763302083861,-2.3699794481224497,-1.7275243531548778
1709,2.371508508514009,-2.2436926535726447,1.0062799018009556
1710,2.634417185850542,-2.4962662431206772,-5.144779671849622
1711,3.1076528050963064,-2.8593407783483245,-1.21493605535055
1712,3.1076528050954186,-2.8593407783481952,-1.2149360553507442
1713,3.1076528050489634,-2.859340778797006,-1.2149360553507442
1714,3.1076528050957144,-2.8593407783480664,-1.21493605535055
1715,4.369614456352557,-2.938270025390456,-1.7275243531548778
1716,4.36961445635167,-2.938270025390456,-1.7275243531548778
1717,4.369614456352261,-2.938270024941775,-1.7275243531548778
1718,4.369614456352261,-2.938270025390327,-1.7275243531548778
1719,4.369614456351965,-2.938270025390456,-1.7275243531548778
1720,5.038153664450334,-2.830024201106132,-1.7275243531548778
1721,5.03815366445063,-2.830024201106261,-1.7275243531548778
1722,5.038153664450038,-2.830024201106003,-1.7275243531548778
1723,5.038153664497085,-2.830024201106132,-1.7275243531548778
1724,5.038153664450038,-2.830024201106261,-1.7275243531548778
1725,5.03815366445063,-2.830024201106132,-1.7275243531548778
1726,5.038153664450334,-2.830024201106132,-1.7275243531548778
1727,4.093560345134417,-3.5223464515286524,-1.4712302042528111
1728,4.093560345133234,-3.522346451528265,-1.4712302042526169
1729,4.093560345134121,-3.5223464515286524,-1.4712302042528111
1730,4.093560345133826,-3.522346451528265,-1.4712302042528111
1731,3.633470159770556,-4.0748511790292365,1.0062799018007613
1732,3.2759143586029196,-3.4434172044862628,-0.6340026511725834
1733,3.275914358602624,-3.443417204934944,-0.6340026511725834
1734,3.2759143585561685,-3.4434172044862628,-0.6340026511723892
1735,3.2759143586029196,-3.443417204934944,-0.6340026511725834
1736,3.275914358602624,-3.4434172044862628,-0.6340026511725834
1737,2.7658715245195484,-1.3596850894820263,-5.999093501523308
1738,2.7658715245201404,-1.3596850894820263,-5.999093501523308
1739,1.565255231296584,0.9871445150648374,0.5506458593083491
1740,1.5652552313427432,0.9871445155133896,0.5506458593081548
1741,1.565255231296584,0.9871445150647082,0.5506458593083491
1742,1.565255231296288,0.9871445150647082,0.5506458593083491
1743,1.565255231343335,0.9871445155135187,0.5506458593081548
1744,1.565255231296584,0.9871445150647082,0.5506458593083491
1745,-0.03673497596859481,0.09261305142804667,-2.1375949913982626
1746,-0.03673497601534597,0.09261305187685709,-2.1375949913982626
1747,-0.036734975968298916,0.09261305142817579,-2.1375949913982626
1748,-0.03673497601534597,0.09261305187672797,-2.1375949913982626
1749,-0.03673497596859481,0.09261305142830491,-2.1375949913982626
1750,-0.006619982065212311,0.05530104398829102,-0.09656158741413431
1751,-0.006619982018165259,0.05530104398829102,-0.09656158741432856
1752,-0.006619982018165259,0.05530104398842014,-0.09656158741413431
1753,-0.006619982064916418,0.05530104398829102,-0.09656158741413431
1754,-0.006619982064916418,0.05530104398842014,-0.09656158741432856
1755,-0.006619982018165259,0.05530104398842014,-0.09656158741413431
1756,-0.006619982018461153,0.05530104398829102,-0.09656158741432856
1757,-0.006619982064916418,0.05530104398854925,-0.09656158741413431
1758,-0.006619982064916418,0.05530104398829102,-0.09656158741413431
1759,-0.006619982018757046,0.05530104398829102,-0.09656158741432856
1760,-0.006619982018165259,0.05530104443710143,-0.09656158741413431
1761,-0.006619982064916418,0.05530104398829102,-0.09656158741413431
1762,-0.006619982065212311,0.05530104398854925,-0.09656158741432856
1763,-0.006619982017869366,0.05530104398829102,-0.09656158741413431
1764,-0.006619982018461153,0.05530104398829102,-0.09656158741413431
1765,-0.006619982064916418,0.05530104398842014,-0.09656158741432856
1766,-0.006619982064916418,0.05530104398829102,-0.09656158741413431
1767,-0.006619982018757046,0.05530104398842014,-0.09656158741432856
1768,-0.006619982018165259,0.05530104398842014,-0.09656158741413431
1769,-0.006619982064916418,0.05530104398829102,-0.09656158741413431
1770,-0.006619982065212311,0.05530104398842014,-0.09656158741432856
1771,-0.006619982018165259,0.05530104398829102,-0.09656158741413431
1772,0.031621280147230195,-0.00210204448388716,2.37318202927897
1773,0.03162128009959135,-0.002102044484145394,2.3731820292787758
1774,0.009969977259457722,0.033183971745505775,-0.01889669380750623
1775,0.009969977305912989,0.033183971745764006,-0.01889669380750623
1776,0.009969977259457722,0.0331839712969536,-0.01889669380750623
1777,0.009969977305912989,0.033183971745764006,-0.01889669380750623
1778,0.009969977259161829,0.033183971745634894,-0.01889669380750623
1779,0.009969977305912989,0.033183971745634894,-0.01889669380750623
1780,0.009969977259457722,0.033183971745764006,-0.01889669380750623
1781,0.009969977305912989,0.0331839712969536,-0.01889669380750623
1782,0.009969977259457722,0.033183971745634894,-0.01889669380750623
1783,0.009969977259457722,0.033183971745634894,-0.01889669380750623
1784,0.009969977305912989,0.033183971745764006,-0.01889669380750623
1785,0.009969977259457722,0.033183971745505775,-0.01889669380750623
1786,0.009969977305912989,0.0331839712969536,-0.01889669380750623
1787,0.009969977258865937,0.033183971745764006,-0.01889669380750623
1788,0.009969977306208883,0.033183971745505775,-0.01889669380750623
1789,0.009969977259457722,0.033183971745764006,-0.01889669380750623
1790,0.009969977305912989,0.033183971745764006,-0.01889669380750623
1791,0.009969977259457722,0.0331839712969536,-0.01889669380750623
1792,0.009969977259161829,0.033183971745634894,-0.01889669380750623
1793,0.009969977306208883,0.033183971745634894,-0.01889669380750623
1794,0.009969977259457722,0.033183971745764006,-0.01889669380750623
1795,0.009969977305912989,0.0331839712969536,-0.01889669380750623
1796,0.009969977258865937,0.033183971745764006,-0.01889669380750623
1797,0.009969977306504774,0.033183971745505775,-0.01889669380750623
1798,0.009969977258865937,0.033183971745505775,-0.01889669380750623
1799,0.009969977259457722,0.033183971745764006,-0.01889669380750623
1800,0.009969977306208883,0.0331839712969536,-0.01889669380750623
1801,0.009969977259161829,0.033183971745764006,-0.01889669380750623
1802,0.009969977306208883,0.033183971745634894,-0.01889669380750623
1803,0.009969977259161829,0.033183971745634894,-0.01889669380750623
1804,0.009969977306208883,0.033183971745764006,-0.01889669380750623
1805,0.009969977258865937,0.0331839712969536,-0.01889669380750623
1806,0.009969977306208883,0.033183971745634894,-0.01889669380750623
1807,0.009969977259161829,0.033183971745634894,-0.01889669380750623
1808,0.0023257417652945414,0.022253266047145902,-0.05795104030681146
1809,0.002325741811749807,0.022253265598593724,-0.05795104030700571
1810,0.0023257417647027548,0.022253266047145902,-0.05795104030681146
1811,0.0023257418114539133,0.022253265598593724,-0.05795104030681146
1812,0.002325741764998648,0.022253266047145902,-0.05795104030700571
1813,0.0023257418114539133,0.022253266047145902,-0.05795104030681146
1814,0.002325741764998648,0.022253265598593724,-0.05795104030681146
1815,0.0023257418114539133,0.022253266047275018,-0.05795104030700571
1816,0.0023257417647027548,0.02225326559833549,-0.05795104030681146
1817,0.002325741811749807,0.022253266047275018,-0.05795104030681146
1818,0.0023257417647027548,0.022253266047145902,-0.05795104030700571
1819,0.002325741764998648,0.022253265598593724,-0.05795104030681146
1820,0.0023257418114539133,0.022253266047145902,-0.05795104030681146
1821,0.0023257417647027548,0.02225326559846461,-0.05795104030700571
1822,0.0023257418120457003,0.022253266047275018,-0.05795104030681146
1823,0.002325741764998648,0.022253266047145902,-0.05795104030681146
1824,0.0023257418114539133,0.02225326559846461,-0.05795104030700571
1825,0.0023257417647027548,0.022253266047275018,-0.05795104030681146
1826,0.002325741811749807,0.02225326559846461,-0.05795104030700571
1827,0.0023257417647027548,0.022253266047275018,-0.05795104030681146
1828,0.002325741811749807,0.022253266047145902,-0.05795104030681146
1829,0.0023257417647027548,0.022253265598593724,-0.05795104030700571
1830,0.0023257418120457003,0.022253266047145902,-0.05795104030681146
1831,0.0023257417647027548,0.02225326559846461,-0.05795104030681146
1832,0.002325741764998648,0.022253266047275018,-0.05795104030700571
1833,0.0023257418114539133,0.022253266047145902,-0.05795104030681146
1834,0.0023257417647027548,0.02225326559846461,-0.05795104030681146
1835,0.002325741811749807,0.022253266047145902,-0.05795104030700571
1836,0.0023257417647027548,0.022253265598593724,-0.05795104030681146
1837,0.002325741811749807,0.022253266047145902,-0.05795104030681146
1838,0.0023257417647027548,0.022253266047275018,-0.05795104030700571
1839,0.0023257418114539133,0.02225326559833549,-0.05795104030681146
1840,0.002325741764998648,0.022253266047275018,-0.05795104030681146
1841,0.0023257418114539133,0.022253265598593724,-0.05795104030700571
1842,0.002325741764998648,0.022253266047275018,-0.05795104030681146
1843,0.005330412384904826,0.03117623250657994,-0.06507581973572432
1844,0.005330412384904826,0.03117623250632171,-0.06507581973591857
1845,0.005330412384904826,0.03117623250670906,-0.06507581973572432
1846,0.005330412384904826,0.03117623250657994,-0.06507581973591857
1847,0.005330412384904826,0.03117623250657994,-0.06507581973572432
1848,0.005330412384904826,0.031176232506450824,-0.06507581973591857
1849,0.005330412384904826,0.031176232058027765,-0.06507581973572432
1850,0.005330412384904826,0.03117623250657994,-0.06507581973591857
1851,0.005330412384904826,0.03117623250657994,-0.06507581973572432
1852,0.005330412384904826,0.031176232506450824,-0.06507581973591857
1853,0.005330412384904826,0.03117623250657994,-0.06507581973572432
1854,0.005330412384904826,0.03117623250657994,-0.06507581973591857
1855,0.005330412384904826,0.03117623250657994,-0.06507581973572432
1856,0.005330412384904826,0.031176232506450824,-0.06507581973572432
1857,0.005330412384904826,0.03117623250657994,-0.06507581973591857
1858,0.005330412384904826,0.03117623250657994,-0.06507581973572432
1859,0.005330412384904826,0.03117623250670906,-0.06507581973591857
1860,0.005330412384904826,0.031176232506450824,-0.06507581973572432
1861,0.005330412384904826,0.031176232057898646,-0.06507581973591857
1862,0.005330412384904826,0.03117623250657994,-0.06507581973572432
1863,0.005330412384904826,0.03117623250670906,-0.06507581973591857
1864,0.005330412384904826,0.03117623250632171,-0.06507581973572432
1865,0.005330412384904826,0.03117623250670906,-0.06507581973591857
1866,0.005330412384904826,0.03117623250657994,-0.06507581973572432
1867,0.005330412384904826,0.03117623250657994,-0.06507581973572432
1868,0.005330412384904826,0.03117623250657994,-0.06507581973591857
1869,0.005330412384904826,0.03117623250657994,-0.06507581973572432
1870,0.005330412384904826,0.03117623250657994,-0.06507581973591857
1871,0.005330412384904826,0.03117623250657994,-0.06507581973572432
1872,0.005330412384904826,0.031176232506450824,-0.06507581973591857
1873,0.005330412384904826,0.031176232057898646,-0.06507581973572432
1874,0.005330412384904826,0.03117623250657994,-0.06507581973591857
1875,0.005330412384904826,0.03117623250657994,-0.06507581973572432
1876,0.005330412384904826,0.03117623250657994,-0.06507581973591857
1877,0.005330412384904826,0.03117623250657994,-0.06507581973572432
1878,0.005330412384904826,0.03117623250657994,-0.06507581973591857
1879,0.005330412384904826,0.03117623250657994,-0.06507581973572432
1880,0.031621280100479036,0.023155314336079272,-0.18975945974228225
1881,0.031621280146342516,0.023155314336079272,-0.18975945974228225
1882,0.03162128009959135,0.023155314336079272,-0.18975945974208802
1883,0.031621280146638404,0.023155314336208387,-0.18975945974228225
1884,0.031621280100479036,0.023155314336079272,-0.18975945974228225
1885,0.03162128009959135,0.023155314784760565,-0.18975945974228225
1886,0.031621280146342516,0.023155314336208387,-0.18975945974228225
1887,0.03162128010018314,0.023155314336079272,-0.18975945974208802
1888,0.031621280146638404,0.023155314336208387,-0.18975945974228225
1889,0.03162128010018314,0.023155314336208387,-0.18975945974228225
1890,0.005330412384904826,0.02946965415333804,2.4870905399020242
1891,0.005330412384904826,0.02946965415333804,2.4870905399020242
1892,0.005330412384904826,0.02946965415333804,2.4870905399020242
1893,0.019437707280614853,0.023309322547647435,-0.32728314939694564
1894,0.019437707233271907,0.023309322996457847,-0.32728314939713987
1895,0.019437707280318958,0.023309322547647435,-0.32728314939694564
1896,0.019437707280318958,0.02330932254790567,-0.32728314939713987
1897,0.019437707280318958,0.02330932299632873,-0.32728314939694564
1898,0.019437707233271907,0.023309322547776554,-0.32728314939713987
1899,0.019437707280614853,0.023309322547647435,-0.32728314939694564
1900,0.019437707280614853,0.023309322996457847,-0.32728314939713987
1901,0.019437707280318958,0.023309322547776554,-0.32728314939694564
1902,0.019437707233271907,0.023309322547647435,-0.32728314939713987
1903,0.019437707280318958,0.023309322996457847,-0.32728314939694564
1904,0.019437707280318958,0.023309322547776554,-0.32728314939713987
1905,0.019437707280023066,0.023309322547776554,-0.32728314939694564
1906,0.019437707233863694,0.023309322996457847,-0.32728314939694564
1907,0.019437707280614853,0.023309322547776554,-0.32728314939713987
1908,0.019437707280318958,0.023309322547647435,-0.32728314939694564
1909,0.019437707233271907,0.02330932299632873,-0.32728314939713987
1910,0.019437707280318958,0.02330932254790567,-0.32728314939694564
1911,0.019437707280318958,0.023309322547647435,-0.32728314939713987
1912,0.019437707280023066,0.023309322996457847,-0.32728314939694564
1913,0.019437707233863694,0.023309322547647435,-0.32728314939713987
1914,0.019437707280614853,0.023309322996457847,-0.32728314939694564
1915,0.019437707280318958,0.023309322547776554,-0.32728314939713987
1916,0.019437707280023066,0.023309322547647435,-0.32728314939694564
1917,0.019437707233863694,0.023309322996457847,-0.32728314939713987
1918,0.019437707280023066,0.023309322547776554,-0.32728314939694564
1919,0.019437707280023066,0.023309322547776554,-0.32728314939713987
1920,0.019437707234159586,0.02330932299632873,-0.32728314939694564
1921,0.019437707280318958,0.02330932254790567,-0.32728314939694564
1922,0.019437707280318958,0.023309322547647435,-0.32728314939713987
1923,0.019437707280023066,0.023309322996457847,-0.32728314939694564
1924,0.019437707233863694,0.023309322547776554,-0.32728314939713987
1925,0.019437707280023066,0.023309322547647435,-0.32728314939694564
1926,0.019437707280614853,0.023309322996457847,-0.32728314939713987
1927,0.019437707280318958,0.023309322547647435,-0.32728314939694564
1928,0.0194377072335678,0.02330932254790567,-0.32728314939713987
1929,0.019437707280318958,0.02330932299632873,-0.32728314939694564
1930,0.019437707280614853,0.023309322547776554,-0.32728314939713987
1931,0.019437707280023066,0.023309322547647435,-0.32728314939694564
1932,0.019437707233271907,0.023309322996457847,-0.32728314939713987
1933,0.019437707280614853,0.023309322547776554,-0.32728314939694564
1934,0.21565735424531354,0.09261305142817579,11.941496921624095
1935,0.026841122329249803,0.05817119861389689,0.12090011468461855
1936,0.02684112237600096,0.05817119816508648,0.1209001146844243
1937,0.026841122329545695,0.05817119861389689,0.12090011468461855
1938,0.02684112237659275,0.05817119861402601,0.12090011468461855
1939,0.026841122328658016,0.0581711981652156,0.1209001146844243
1940,0.026841122376296853,0.05817119861389689,0.12090011468461855
1941,0.026841122329249803,0.0581711981652156,0.12090011468461855
1942,0.02684112237600096,0.05817119861389689,0.1209001146844243
1943,0.026841122329249803,0.05817119861389689,0.12090011468461855
1944,0.026841122376296853,0.05817119816508648,0.12090011468461855
1945,0.026841122329249803,0.05817119861402601,0.12090011468461855
1946,0.026841122329249803,0.05817119861376777,0.1209001146844243
1947,0.02684112237600096,0.05817119816534472,0.12090011468461855
1948,0.026841122329545695,0.05817119861376777,0.12090011468461855
1949,0.02684112237600096,0.05817119861402601,0.1209001146844243
1950,0.026841122329249803,0.0581711981652156,0.12090011468461855
1951,0.026841122376296853,0.05817119861389689,0.12090011468461855
1952,0.026841122329249803,0.0581711981652156,0.1209001146844243
1953,0.02684112237600096,0.05817119861376777,0.12090011468461855
1954,0.026841122329249803,0.05817119861389689,0.12090011468461855
1955,0.02684112237570507,0.0581711981652156,0.1209001146844243
1956,0.02684112232984159,0.05817119861402601,0.12090011468461855
1957,0.8150891385968483,1.2544515643356036,-2.274285204146122
1958,0.8150891385965524,1.2544515643357328,-2.274285204145928
1959,0.8150891386435994,1.2544515643358618,-2.274285204146122
1960,0.8150891385965524,1.2544515643357328,-2.274285204145928
1961,0.8150891385968483,1.2544515643357328,-2.274285204146122
1962,1.4644735716675963,2.1289876189249974,1.2625740507030225
1963,1.4644735716678923,2.1289876184763163,1.2625740507030225
1964,1.4644735716675963,2.1289876189249974,1.2625740507030225
1965,1.4644735716673005,2.1289876189249974,1.2625740507030225
1966,-0.2786109591519015,1.1407934489718934,-1.7275243531548778
1967,-0.27861095915278916,1.1407934489718934,-1.7275243531548778
1968,-0.27861095915249323,1.1407934494203165,-1.7275243531548778
1969,-0.27861095915249323,1.1407934489720226,-1.7275243531548778
1970,-0.27861095915249323,1.1407934489717644,-1.7275243531548778
1971,-1.1076496550436314,1.0923835109714954,0.009580433848257398
1972,-1.1076496550439274,1.0923835109714954,0.009580433848257398
1973,-1.1076496550439274,1.0923835109713664,0.009580433848257398
1974,-1.1076496550909745,1.0923835109714954,0.009580433848451645
1975,-1.1076496550436314,1.0923835109714954,0.009580433848257398
1976,-1.1076496550439274,1.0923835109713664,0.009580433848257398
1977,-1.1076496550436314,1.0923835109713664,0.009580433848257398
1978,-1.1076496550439274,1.0923835109713664,0.009580433848257398
1979,-1.1076496550909745,1.0923835109714954,0.009580433848451645
1980,-1.1076496550433355,1.0923835109713664,0.009580433848257398
1981,-1.1076496550442232,1.0923835109713664,0.009580433848257398
1982,-1.1076496550439274,1.0923835109716247,0.009580433848257398
1983,-2.2504260392751707,1.6333119488818637,0.49369160399662754
1984,-2.2504260392293074,1.6333119488819927,0.4936916039968218
1985,-2.2504260392287154,1.6333119493305448,0.49369160399662754
1986,-2.2504260392757627,1.6333119488821217,0.4936916039968218
1987,-2.2504260392751707,1.6333119488818637,0.49369160399662754
1988,-2.2504260392290116,1.6333119488819927,0.49369160399662754
1989,-2.2504260392290116,1.6333119488819927,0.4936916039968218
1990,-2.2504260392751707,1.633311949330674,0.49369160399662754
1991,-2.2504260392751707,1.6333119488818637,0.4936916039968218
1992,-2.250426039229603,1.6333119488821217,0.49369160399662754
1993,-2.211191975111543,1.4866249796417774,-0.045183273182087154
1994,-2.211191975064792,1.4866249796416484,-0.045183273182087154
1995,-2.2111919751121345,1.4866249791932253,-0.045183273182087154
1996,-2.211191975111543,1.4866249796416484,-0.045183273182087154
1997,-2.2111919750650877,1.4866249796420357,-0.045183273182087154
1998,-2.211191975111543,1.4866249796416484,-0.045183273182087154
1999,-2.2111919751121345,1.4866249791932253,-0.045183273182087154
2000,-2.211191975111543,1.4866249796416484,-0.045183273182087154
2001,-2.211191975064792,1.4866249796417774,-0.045183273182087154
2002,-2.211191975111543,1.4866249796417774,-0.045183273182087154
2003,-2.2111919751121345,1.4866249791932253,-0.045183273182087154
2004,-2.211191975064792,1.4866249796416484,-0.045183273182087154
2005,-2.2111919751118387,1.4866249796419067,-0.045183273182087154
2006,-1.5392580670063212,1.6317333640398162,0.2373974550945607
2007,-1.5392580670539602,1.6317333640399452,0.2373974550945607
2008,-1.5392580670530724,1.631733364039687,0.23739745509475493
2009,-1.539258067006913,1.6317333640398162,0.2373974550945607
2010,-1.5392580670066172,1.6317333640398162,0.2373974550945607
2011,-1.5392580670533682,1.6317333640399452,0.2373974550945607
2012,-1.5392580670533682,1.6317333640398162,0.2373974550945607
2013,-1.539258067006913,1.6317333640398162,0.23739745509475493
2014,-1.539258067006913,1.6317333644883683,0.2373974550945607
2015,-1.5392580670530724,1.6317333640399452,0.2373974550945607
2016,-1.5392580670533682,1.6317333640398162,0.2373974550945607
2017,-1.539258067006913,1.631733364039687,0.2373974550945607
2018,-1.5392580670063212,1.6317333640400744,0.2373974550945607
2019,-1.5392580670536642,1.631733364039687,0.23739745509475493
2020,-1.5392580670536642,1.6317333640398162,0.2373974550945607
2021,-1.5392580670066172,1.6317333640398162,0.2373974550945607
2022,-0.6782321487200844,2.0311153528798997,0.18613862531418615
2023,-0.6782321487197885,2.0311153528798997,0.18613862531418615
2024,-0.6782321487203803,2.031115352879771,0.18613862531418615
2025,-0.6782321487200844,2.0311153524312187,0.18613862531418615
2026,-0.6782321487200844,2.031115352879771,0.18613862531418615
2027,-0.6782321487200844,2.0311153528798997,0.18613862531418615
2028,-0.6782321487203803,2.031115352879771,0.18613862531418615
2029,-0.6782321487194926,2.031115352880029,0.18613862531418615
2030,-0.6782321487203803,2.0311153528798997,0.18613862531418615
2031,-0.6782321486730374,2.031115352879771,0.1861386253139919
2032,-0.6782321487203803,2.0311153524312187,0.18613862531418615
2033,-0.6782321487200844,2.031115352879771,0.18613862531418615
2034,-0.6782321487197885,2.0311153528798997,0.18613862531418615
2035,-0.6782321487203803,2.031115352879771,0.18613862531418615
2036,-0.6782321487194926,2.031115352879771,0.18613862531418615
2037,-0.678232148720972,2.031115352880029,0.18613862531418615
2038,-0.6782321487191967,2.0311153524310894,0.18613862531418615
2039,-0.6782321487203803,2.0311153528798997,0.18613862531418615
2040,-0.6782321487203803,2.031115352879771,0.18613862531418615
2041,-0.6782321487200844,2.0311153528798997,0.18613862531418615
2042,-1.4171439050709949,1.8340414858787741,0.10700218635484784
2043,-1.4171439050245396,1.834041486327068,0.10700218635504209
2044,-1.4171439050712908,1.8340414858787741,0.10700218635484784
2045,-1.4171439050242438,1.8340414863271972,0.10700218635504209
2046,-1.4171439050712908,1.834041485878645,0.10700218635484784
2047,-1.4171439050245396,1.8340414863271972,0.10700218635504209
2048,-1.4171439050709949,1.8340414858787741,0.10700218635484784
2049,-1.417143905070699,1.8340414863273262,0.10700218635504209
2050,-1.4171439050251315,1.834041485878516,0.10700218635484784
2051,-1.417143905070403,1.8340414863273262,0.10700218635504209
2052,-1.4171439050251315,1.834041485878516,0.10700218635484784
2053,-1.4171439050712908,1.8340414863274555,0.10700218635504209
2054,-1.4171439050709949,1.834041485878516,0.10700218635484784
2055,-1.4171439050245396,1.8340414863274555,0.10700218635504209
2056,-1.4171439050712908,1.834041485878516,0.10700218635484784
2057,-1.4171439050242438,1.8340414863273262,0.10700218635504209
2058,-1.4171439050712908,1.834041485878516,0.10700218635484784
2059,-1.4171439050242438,1.8340414863274555,0.10700218635504209
2060,-1.4171439050712908,1.834041485878645,0.10700218635484784
2061,-1.5963901449862294,1.846056626323383,-0.1766161700549918
2062,-1.5963901449862294,1.8460566267720644,-0.1766161700549918
2063,-1.5963901449859335,1.846056626323383,-0.1766161700549918
2064,-1.5963901450326847,1.8460566267720644,-0.17661617005479754
2065,-1.5963901449859335,1.846056626323512,-0.1766161700549918
2066,-1.5963901449865254,1.846056626323383,-0.1766161700549918
2067,-1.5963901449862294,1.8460566267720644,-0.1766161700549918
2068,-1.5963901449856377,1.846056626323383,-0.1766161700549918
2069,-1.5963901449862294,1.846056626323512,-0.1766161700549918
2070,-1.5963901450329805,1.8460566267720644,-0.17661617005479754
2071,-1.5963901449865254,1.846056626323383,-0.1766161700549918
2072,-1.5963901449862294,1.8460566267720644,-0.1766161700549918
2073,-1.5963901449856377,1.846056626323512,-0.1766161700549918
2074,-1.47572180333478,1.867644112789755,0.1329813203566312
2075,-1.47572180333478,1.867644112789884,0.13298132035682544
2076,-1.47572180333478,1.8676441127896257,0.1329813203566312
2077,-1.475721803335076,1.867644112789884,0.13298132035682544
2078,-1.4757218033344843,1.867644112789755,0.1329813203566312
2079,-1.47572180333478,1.867644112789755,0.1329813203566312
2080,-1.4757218033344843,1.867644112789884,0.13298132035682544
2081,-1.4757218033356678,1.867644112789755,0.1329813203566312
2082,-1.4757218033812354,1.867644112789884,0.1329813203566312
2083,-1.47572180333478,1.8676441127896257,0.13298132035682544
2084,-1.4757218033344843,1.867644112789884,0.1329813203566312
2085,-1.475721803335076,1.867644112789884,0.13298132035682544
2086,-1.4757218033344843,1.867644112789755,0.1329813203566312
2087,-1.4757218033344843,1.867644112789755,0.1329813203566312
2088,-1.475721803335076,1.867644112789755,0.13298132035682544
2089,-1.47572180333478,1.867644112789884,0.1329813203566312
2090,-1.475721803335076,1.867644112789884,0.13298132035682544
2091,-1.4757218033344843,1.8676441127896257,0.1329813203566312
2092,-0.8447409777065067,2.197392965972792,-0.07585094911903349
2093,-0.8447409777065067,2.197392965972792,-0.07585094911922774
2094,-0.8447409777065067,2.197392965972792,-0.07585094911903349
2095,-0.8447409777068027,2.1973929664213445,-0.07585094911903349
2096,-0.8447409777068027,2.197392965972792,-0.07585094911922774
2097,-0.8447409777062108,2.197392965972663,-0.07585094911903349
2098,-0.7308138841973921,3.312926320968555,-1.7275243531548778
2099,-0.9411408260569132,3.9443602950625887,-1.2718903106622714
2100,-0.9411408260572092,3.944360295062718,-1.2718903106620771
2101,-0.9411408260578009,3.944360295062718,-1.2718903106622714
2102,0.21565735424531354,4.196933884610621,-4.461328608110712
2103,0.5311477671064972,4.007503692786107,-1.7275243531548778
2104,1.2147103281641436,3.6917867050660043,-1.3857988212855201
2105,1.9508546247464404,3.12349612869536,-3.777877544371608
2106,4.211869249921521,1.3765287991568822,-4.005694565618105
2107,4.211869249968273,1.3765287996054345,-4.005694565617911
2108,4.2118692499218175,1.3765287991567532,-4.005694565618105
2109,5.631576107655558,-0.09681714039620835,1.0062799018009556
2110,5.438776410906218,-0.43358192720801053,-1.7275243531548778
2111,5.438776410860651,-0.4335819267593293,-1.7275243531548778
2112,5.438776410906811,-0.43358192720801053,-1.7275243531548778
2113,3.6860518952475676,-0.646164698212697,-0.7023477575464161
2114,3.686051895246976,-0.6461646986613783,-0.7023477575464161
2115,3.686051895246976,-0.6461646982125678,-0.7023477575466104
2116,3.686051895246976,-0.6461646986613783,-0.7023477575464161
2117,3.6860518952475676,-0.646164698212697,-0.7023477575464161
2118,3.686051895246976,-0.646164698212697,-0.7023477575464161
2119,3.68605189524668,-0.6461646986612491,-0.7023477575464161
2120,3.686051895247272,-0.6461646982128261,-0.7023477575466104
2121,3.686051895246976,-0.6461646986612491,-0.7023477575464161
2122,3.686051895247272,-0.646164698212697,-0.7023477575464161
2123,3.644737674525373,-0.6245155334455684,-0.14094152661800505
2124,3.644737674525373,-0.6245155338942497,-0.14094152661800505
2125,3.644737674525373,-0.6245155334454393,-0.14094152661800505
2126,3.644737674478622,-0.6245155334456975,-0.14094152661819928
2127,3.644737674525373,-0.6245155334454393,-0.14094152661800505
2128,3.644737674525373,-0.6245155338942497,-0.14094152661800505
2129,3.6447376745250772,-0.6245155334455684,-0.14094152661800505
2130,3.644737674525669,-0.6245155334454393,-0.14094152661800505
2131,3.644737674525373,-0.6245155338943789,-0.14094152661800505
2132,3.6447376745250772,-0.6245155334455684,-0.14094152661800505
2133,3.644737674478622,-0.6245155334454393,-0.14094152661819928
2134,3.644737674525373,-0.6245155334455684,-0.14094152661800505
2135,3.644737674525373,-0.6245155338943789,-0.14094152661800505
2136,3.644737674525373,-0.6245155334454393,-0.14094152661800505
2137,4.320319079333815,-0.2862473331180842,-0.5314849916116401
2138,4.320319079380567,-0.2862473331180842,-0.5314849916118344
2139,4.320319079333815,-0.2862473326694029,-0.5314849916116401
2140,4.320319079333815,-0.2862473331180842,-0.5314849916118344
2141,4.320319079334111,-0.2862473331180842,-0.5314849916116401
2142,4.320319079333815,-0.2862473326694029,-0.5314849916118344
2143,4.32031907938027,-0.2862473331180842,-0.5314849916116401
2144,4.320319079333815,-0.2862473331182133,-0.5314849916118344
2145,4.320319079333815,-0.2862473331179551,-0.5314849916116401
2146,4.320319079380567,-0.2862473331180842,-0.5314849916116401
2147,4.320319079333815,-0.286247332669532,-0.5314849916118344
2148,4.320319079334111,-0.2862473331179551,-0.5314849916116401
2149,4.320319079333815,-0.2862473331180842,-0.5314849916118344
2150,4.320319079333815,-0.286247332669532,-0.5314849916116401
2151,4.32031907938027,-0.2862473331179551,-0.5314849916118344
2152,4.320319079334407,-0.2862473331180842,-0.5314849916116401
2153,3.5212957907807443,0.25678588488101656,-0.38340392780166915
2154,3.5212957907810405,0.2567858848811457,-0.3834039278014749
2155,3.5212957907813363,0.25678588488101656,-0.38340392780166915
2156,3.5212957907813363,0.2567858848811457,-0.38340392780166915
2157,3.5212957907807443,0.25678588488101656,-0.3834039278014749
2158,3.521295790781632,0.25678588488101656,-0.38340392780166915
2159,3.5212957907810405,0.2567858848811457,-0.38340392780166915
2160,3.521295790734289,0.256785885329827,-0.3834039278014749
2161,3.5212957907810405,0.25678588488101656,-0.38340392780166915
2162,3.5212957907813363,0.25678588488101656,-0.38340392780166915
2163,3.5212957907810405,0.2567858848811457,-0.3834039278014749
2164,3.5212957907813363,0.2567858848811457,-0.38340392780166915
2165,3.5212957907807443,0.25678588488101656,-0.38340392780166915
2166,3.5212957907813363,0.2567858848811457,-0.3834039278014749
2167,3.5212957907813363,0.2567858848811457,-0.38340392780166915
2168,1.0569651217807468,0.5862796133678608,-0.01889669380750623
2169,1.0569651217807468,0.5862796133678608,-0.01889669380750623
2170,1.0569651217339955,0.58627961336799,-0.01889669380750623
2171,1.0569651217810425,0.5862796133678608,-0.01889669380750623
2172,1.0569651217807468,0.58627961336799,-0.01889669380750623
2173,1.0569651217807468,0.5862796129193086,-0.01889669380750623
2174,1.0569651217807468,0.5862796133678608,-0.01889669380750623
2175,1.0569651217804508,0.58627961336799,-0.01889669380750623
2176,1.0569651217342915,0.58627961336799,-0.01889669380750623
2177,1.0569651217807468,0.5862796133678608,-0.01889669380750623
2178,1.0569651217807468,0.58627961336799,-0.01889669380750623
2179,2.5770552926037804,1.6482367521270005,-0.2363583959062591
2180,2.5770552926508272,1.6482367521271295,-0.2363583959062591
2181,2.5770552926037804,1.6482367516784482,-0.2363583959062591
2182,2.5770552926037804,1.6482367521271295,-0.2363583959062591
2183,2.5770552926037804,1.6482367521270005,-0.2363583959062591
2184,2.5770552926502357,1.6482367521270005,-0.23635839590645333
2185,2.577055292604076,1.6482367521272587,-0.2363583959062591
2186,2.5770552926037804,1.6482367521270005,-0.2363583959062591
2187,2.577055292604076,1.6482367516784482,-0.2363583959062591
2188,2.5770552926502357,1.6482367521270005,-0.2363583959062591
2189,2.5770552926037804,1.6482367521271941,-0.2363583959062591
2190,2.432853866546999,2.186869066426943,0.3228288380620458
2191,2.4328538665934545,2.1868690664268784,0.3228288380618516
2192,2.432853866546999,2.186869066426943,0.3228288380620458
2193,2.4328538665467034,2.186869066875495,0.3228288380620458
2194,2.4328538665937507,2.186869066426943,0.3228288380618516
2195,2.4328538665467034,2.186869066426943,0.3228288380620458
2196,1.7054731925680238,2.723587944608914,-1.8414328637781265
2197,1.7054731925209767,2.7235879446088496,-1.8414328637779322
2198,1.7054731925680238,2.723587944608914,-1.8414328637781265
2199,0.846638179920338,3.228735124153466,0.09501181681574254
2200,0.8466381798735868,3.228735124153337,0.0950118168155483
2201,0.846638179920338,3.228735124153466,0.09501181681574254
2202,2.1085998311298373,3.975931993700072,-2.923563714698116
2203,2.1085998311765883,3.975931993700072,-2.9235637146979214
2204,4.299505475716541,2.4499665559693766,-2.06924988502443
2205,4.299505475762996,2.4499665555206307,-2.069249885024236
2206,4.299505475715949,2.4499665559693122,-2.06924988502443
2207,4.034405892740274,1.5449111927870594,-0.31790653419321857
2208,4.034405892693522,1.544911192338249,-0.3179065341934128
2209,4.0344058927399775,1.5449111927869303,-0.31790653419321857
2210,4.0344058927399775,1.5449111927869303,-0.3179065341934128
2211,4.034405892740274,1.544911192338378,-0.31790653419321857
2212,4.0344058927399775,1.5449111927869303,-0.31790653419321857
2213,4.034405892692931,1.5449111923383136,-0.3179065341934128
2214,4.0344058927399775,1.5449111927868657,-0.31790653419321857
2215,3.916096987905827,-0.9413600816389767,-0.18975945974228225
2216,3.9160969879522822,-0.9413600811902308,-0.18975945974228225
2217,3.9160969879522822,-0.94136008119036,-0.18975945974228225
2218,3.916096987905827,-0.9413600816389767,-0.18975945974208802
2219,3.916096987904939,-0.9413600816389767,-0.18975945974228225
2220,3.9160969879525784,-0.9413600811902954,-0.18975945974228225
2221,3.9160969879522822,-0.94136008119036,-0.18975945974228225
2222,3.916096987905531,-0.9413600816389767,-0.18975945974228225
2223,3.370561482433135,-2.6015052390274,-1.385798821285326
2224,3.370561482386384,-2.601505239027335,-1.3857988212855201
2225,3.370561482433135,-2.601505239027335,-1.385798821285326
2226,4.001542308060817,-1.8174747206217365,0.40826022102933673
2227,4.001542308061408,-1.8174747210704825,0.40826022102933673
2228,4.001542308107863,-1.8174747206217365,0.40826022102933673
2229,4.001542308061112,-1.8174747206216721,0.40826022102933673
2230,3.846890144927023,-1.1516833096959642,-0.11940420318078963
2231,3.846890144927319,-1.1516833096958996,-0.1194042031809839
2232,3.8468901448805677,-1.1516833092472183,-0.11940420318078963
2233,3.846890144926727,-1.1516833096958996,-0.1194042031809839
2234,3.846890144927319,-1.1516833096959642,-0.11940420318078963
2235,3.846890144927023,-1.1516833096958996,-0.1194042031809839
2236,3.846890144880272,-1.1516833096959642,-0.11940420318078963
2237,3.846890144927319,-1.151683309695835,-0.1194042031809839
2238,3.846890144927319,-1.151683309247283,-0.11940420318078963
2239,3.846890144926727,-1.151683309695835,-0.1194042031809839
2240,3.8468901448805677,-1.1516833096960288,-0.11940420318078963
2241,3.846890144927319,-1.151683309695835,-0.1194042031809839
2242,3.846890144926727,-1.1516833096959642,-0.11940420318078963
2243,3.846890144927615,-1.1516833096958996,-0.1194042031809839
2244,3.846890144880272,-1.1516833092472183,-0.11940420318078963
2245,3.846890144927023,-1.1516833096958996,-0.1194042031809839
2246,3.846890144927023,-1.1516833096959642,-0.11940420318078963
2247,2.231290547242569,-2.1489775572119005,-2.638792438140091
2248,2.2312905472890243,-2.148977557660453,-2.638792438140091
2249,2.231290547242569,-2.1489775572119005,-2.6387924381402854
2250,2.2312905472422733,-2.148977557211836,-2.638792438140091
2251,2.2312905472896163,-2.148977557660582,-2.638792438140091
2252,2.2312905472422733,-2.148977557211836,-2.638792438140091
2253,1.4776190055486111,-1.485971884480254,-3.607014778437026
2254,1.4776190055018599,-1.4859718840316372,-3.607014778437026
2255,1.4776190055480194,-1.4859718840316372,-3.607014778437026
2256,1.4776190055486111,-1.4859718844801895,-3.607014778436929
2257,1.372455534548428,-1.2333982944836694,-0.01889669380750623
2258,2.1085998311762926,-1.3281133908445428,-2.410975416893885
2259,2.1085998311765883,-1.3281133903959907,-2.4109754168937876
2260,2.897325863188555,-1.1071114999339942,5.106986284234609
2261,2.792162392281874,-0.7282511149391819,-4.11960307624116
2262,2.831598693877575,-0.6256430943675545,-1.385798821285423
2263,2.831598693877575,-0.6256430939188732,-1.385798821285423
2264,2.831598693830528,-0.6256430943675545,-1.385798821285423
2265,2.831598693877871,-0.6256430939188732,-1.385798821285423
2266,2.8315986938772792,-0.6256430943675545,-1.385798821285326
2267,2.831598693830824,-0.6256430943675545,-1.385798821285423
2268,2.831598693877871,-0.6256430939190023,-1.385798821285423
2269,2.8315986938772792,-0.6256430943675545,-1.385798821285423
2270,2.890753146271423,-0.3809624290302763,0.06653468915988178
2271,2.890753146271423,-0.3809624294789576,0.06653468915988178
2272,2.890753146271719,-0.3809624290302763,0.06653468915988178
2273,2.890753146271423,-0.3809624290304054,0.06653468915978467
2274,2.890753146271423,-0.38096242947882847,0.06653468915988178
2275,2.890753146271423,-0.3809624290304054,0.06653468915988178
2276,2.890753146271127,-0.3809624294789576,0.06653468915988178
2277,2.8907531462720146,-0.3809624290302763,0.06653468915988178
2278,3.8437971016774197,0.28204324414992255,-6.169956267458083
2279,3.7912153661539527,0.6609036282475013,-0.3606222256769612
2280,3.791215366200408,0.9134772182442148,-0.01889669380750623
2281,3.63347015977026,0.8503338209691188,0.6645543699314036
2282,3.9840150629021087,1.022925773879528,-0.3606222256769612
2283,3.9840150629027002,1.0229257738793989,-0.3606222256769612
2284,3.9840150629024045,1.0229257734307176,-0.36062222567705826
2285,3.9840150629021087,1.0229257738793989,-0.3606222256769612
2286,3.9840150629024045,1.0229257738792699,-0.3606222256769612
2287,3.9840150629021087,1.0229257738793989,-0.3606222256769612
2288,3.9840150629024045,1.022925773879528,-0.3606222256769612
2289,3.9840150629488598,1.0229257734307176,-0.36062222567705826
2290,3.9840150629021087,1.0229257738793989,-0.3606222256769612
2291,3.9840150629024045,1.0229257738793989,-0.3606222256769612
2292,3.9840150629021087,1.0229257738793989,-0.3606222256769612
2293,3.9840150629021087,1.0229257738793989,-0.3606222256769612
2294,3.9840150629024045,1.0229257734307176,-0.36062222567705826
2295,3.9840150629021087,1.0229257738793989,-0.3606222256769612
2296,3.9840150629024045,1.0229257738793989,-0.3606222256769612
2297,3.966487817743696,1.1239552096087853,-0.30366797036543386
2298,3.9664878177431047,1.1239552096089143,-0.30366797036533677
2299,3.9664878177901515,1.1239552100575312,-0.30366797036543386
2300,3.9664878177431047,1.1239552096087853,-0.30366797036543386
2301,3.966487817743696,1.1239552096088499,-0.30366797036533677
2302,3.9664878177431047,1.1239552096087853,-0.30366797036543386
2303,3.317979746956419,2.223702714837254,0.40826022102933673
2304,3.3179797469561234,2.2237027148373185,0.40826022102933673
2305,3.3179797470025787,2.223702715285871,0.40826022102933673
2306,3.317979746956419,2.2237027148371893,0.40826022102933673
2307,3.1654927140877316,3.0792957504236176,-0.6681752043594997
2308,3.1654927140874354,3.079295749974807,-0.6681752043594997
2309,3.165492714134187,3.0792957504236176,-0.6681752043594997
2310,3.1654927140874354,3.079295749974807,-0.6681752043594997
2311,3.1654927140874354,3.0792957504236176,-0.6681752043595969
2312,3.1654927140874354,3.0792957504235527,-0.6681752043594997
2313,3.1654927140874354,3.0792957499748717,-0.6681752043594997
2314,3.1654927141344826,3.0792957504235527,-0.6681752043594997
2315,3.1654927140874354,3.0792957499748717,-0.6681752043594997
2316,3.1654927140871396,3.0792957504235527,-0.6681752043594997
2317,2.9423959221625524,1.40058342707467,-0.7023477575464161
2318,2.9423959222087115,1.400583427074541,-0.7023477575465132
2319,2.9423959221616647,1.4005834270746056,-0.7023477575464161
2320,2.9423959222087115,1.400583426625989,-0.7023477575464161
2321,2.9423959221619604,1.4005834270746056,-0.7023477575464161
2322,2.9423959222090077,1.40058342707467,-0.7023477575465132
2323,2.9423959221619604,1.400583427074541,-0.7023477575464161
2324,2.9236167309499925,-0.2862473331180842,-2.0692498850243326
2325,2.9236167309035372,-0.28624733311801964,-2.06924988502443
2326,2.923616730950584,-0.28624733266946745,-2.0692498850243326
2327,2.9236167309499925,-0.2862473331180842,-2.0692498850243326
2328,2.923616730903833,-0.28624733311814876,-2.06924988502443
2329,2.9236167309499925,-0.28624733311801964,-2.0692498850243326
2330,2.6563262422881273,-0.3125570819825461,0.2943517104061851
2331,2.656326242335174,-0.31255708198267523,0.2943517104061851
2332,2.6563262422881273,-0.3125570819825461,0.2943517104061851
2333,2.656326242288423,-0.3125570819826107,0.2943517104061851
2334,2.6563262423348784,-0.3125570819825461,0.2943517104061851
2335,2.6563262422881273,-0.31255708198267523,0.2943517104061851
2336,2.6563262422881273,-0.3125570815339294,0.2943517104061851
2337,2.6563262423348784,-0.3125570819825461,0.2943517104061851
2338,2.6563262422881273,-0.3125570819826107,0.2943517104061851
2339,2.656326242288423,-0.3125570819825461,0.2943517104061851
2340,2.656326242335174,-0.3125570819825461,0.2943517104061851
2341,2.6563262422881273,-0.3125570819826107,0.2943517104061851
2342,1.6003097216142959,0.21889984642640348,-0.6453935022348889
2343,1.6003097216142959,0.2188998464265326,-0.6453935022348889
2344,1.6003097216610471,0.21889984642646804,-0.6453935022348889
2345,1.6003097216142959,0.21889984642633892,-0.6453935022348889
2346,1.6003097216142959,0.2188998464265326,-0.6453935022348889
2347,1.600309721614,0.21889984642646804,-0.6453935022348889
2348,0.6888929734898941,1.1660508082407348,2.7149075611483275
2349,0.68889297349019,1.166050807791989,2.7149075611483275
2350,0.08420301557660324,1.702769686422706,-2.06924988502443
2351,0.0842030156233544,1.70276968597396,-2.0692498850243326
2352,0.18936648653062702,1.7208106566880572,0.8598261024283183
2353,0.18936648653033114,1.7208106571368031,0.8598261024282211
2354,0.18936648653003524,1.7208106566879926,0.8598261024283183
2355,0.18936648653062702,1.7208106566879926,0.8598261024283183
2356,0.18936648653033114,1.7208106571367385,0.8598261024282211
2357,0.18936648653033114,1.7208106566880572,0.8598261024283183
2358,0.18936648648357998,1.720810657136674,0.8598261024282211
2359,0.18936648653033114,1.7208106566880572,0.8598261024283183
2360,0.18936648653062702,1.7208106566879926,0.8598261024283183
2361,0.18936648653003524,1.7208106571368031,0.8598261024282211
2362,0.18936648653033114,1.7208106566880572,0.8598261024283183
2363,0.18936648653033114,1.720810656687928,0.8598261024283183
2364,0.18936648653062702,1.7208106571367385,0.8598261024282211
2365,0.18936648653003524,1.7208106566880572,0.8598261024283183
2366,0.7697879511431709,1.4720534263554892,1.1114262192991822
2367,0.769787951142875,1.4720534263554892,1.1114262192992794
2368,0.7697879510961239,1.4720534263554892,1.1114262192991822
2369,0.7697879511431709,1.4720534263554892,1.1114262192992794
2370,0.769787951142875,1.4720534263554892,1.1114262192991822
2371,0.769787951142875,1.4720534263555538,1.1114262192991822
2372,0.7697879510961239,1.4720534259068725,1.1114262192992794
2373,0.7697879511425791,1.4720534263554246,1.1114262192991822
2374,0.769787951142875,1.4720534263555538,1.1114262192991822
2375,0.769787951142875,1.4720534263553602,1.1114262192992794
2376,0.7697879510964197,1.4720534263556184,1.1114262192991822
2377,0.769787951142875,1.4720534263554892,1.1114262192992794
2378,0.769787951142875,1.4720534263554892,1.1114262192991822
2379,0.47856603162948536,1.2291942050668268,-11.295839245500199
2380,0.6888929734898941,1.0397640132424424,8.524241602929353
2381,1.39672402789563,0.5929030468430431,0.34911541743652963
2382,1.3967240278953343,0.592903046394491,0.34911541743652963
2383,1.396724027848583,0.5929030468429786,0.34911541743652963
2384,1.39672402789563,0.5929030463943619,0.3491154174366268
2385,1.39672402789563,0.5929030468430431,0.34911541743652963
2386,1.3967240278953343,0.5929030463943619,0.34911541743652963
2387,1.396724027848583,0.5929030468431077,0.34911541743652963
2388,1.39672402789563,0.5929030463942973,0.34911541743652963
2389,1.3967240278953343,0.5929030468431077,0.34911541743652963
2390,1.3967240278953343,0.5929030463943619,0.3491154174366268
2391,1.396724027848583,0.5929030468429786,0.34911541743652963
2392,1.396724027895926,0.5929030463943619,0.34911541743652963
2393,1.3967240278950384,0.5929030468431077,0.34911541743652963
2394,1.460091760389607,0.5935506712441374,0.5962092635575709
2395,1.460091760342856,0.5935506712440083,0.5962092635575709
2396,1.460091760389607,0.5935506712441374,0.5962092635574737
2397,1.460091760342856,0.5935506712440729,0.5962092635575709
2398,1.460091760389607,0.5935506712441374,0.5962092635575709
2399,1.460091760389607,0.5935506712441374,0.5962092635575709
2400,1.46009176034256,0.5935506712440729,0.5962092635575709
2401,1.460091760389607,0.5935506712441374,0.5962092635574737
2402,1.460091760342856,0.5935506712441374,0.5962092635575709
2403,1.460091760389607,0.5935506712440729,0.5962092635575709
2404,1.4600917603893113,0.5935506712440083,0.5962092635575709
2405,1.4600917603431518,0.5935506712441374,0.5962092635575709
2406,1.4600917603893113,0.5935506712441374,0.5962092635574737
2407,1.4600917603431518,0.5935506712440729,0.5962092635575709
2408,1.4600917603893113,0.5935506712441374,0.5962092635575709
2409,1.3987464023098657,0.9860921254690876,0.4936916039967247
2410,1.3987464023566167,0.9860921250204064,0.4936916039967247
2411,1.3987464023098657,0.9860921254690876,0.49369160399662754
2412,1.3987464023101615,0.9860921250204709,0.4936916039967247
2413,1.3987464023566167,0.9860921254690876,0.4936916039967247
2414,1.3987464023095697,0.9860921254690231,0.4936916039967247
2415,1.3987464023101615,0.9860921250204709,0.4936916039967247
2416,1.3987464023566167,0.9860921254690876,0.49369160399662754
2417,1.3987464023098657,0.9860921250204709,0.4936916039967247
2418,1.3987464023098657,0.9860921254690231,0.4936916039967247
2419,1.3987464023566167,0.9860921254690876,0.4936916039967247
2420,1.3987464023101615,0.9860921250204709,0.4936916039967247
2421,1.3987464023566167,0.9860921254690876,0.49369160399662754
2422,1.3987464023095697,0.9860921250204064,0.4936916039967247
2423,1.3987464023098657,0.9860921254690876,0.4936916039967247
2424,1.3987464023569127,0.9860921254690876,0.4936916039967247
2425,1.3987464023098657,0.9860921250203418,0.4936916039967247
2426,1.3987464023098657,0.9860921254690876,0.49369160399662754
2427,1.3987464023566167,0.9860921250204064,0.4936916039968218
2428,1.3987464023098657,0.9860921254692168,0.49369160399662754
2429,1.3593101007138684,0.8463873586395948,0.5150494497385474
2430,1.3593101007141644,0.8463873581909135,0.5150494497385474
2431,1.3593101007606196,0.8463873586395948,0.5150494497385474
2432,1.3593101007141644,0.8463873581909781,0.5150494497385474
2433,1.3593101007135726,0.8463873586396593,0.5150494497385474
2434,1.3593101007144603,0.8463873581909135,0.5150494497385474
2435,1.3593101007138684,0.8463873586395948,0.5150494497385474
2436,1.3593101007606196,0.8463873586396593,0.5150494497385474
2437,1.3593101007141644,0.8463873581909135,0.5150494497385474
2438,1.3593101007138684,0.8463873586396593,0.5150494497385474
2439,1.3593101007141644,0.8463873581909781,0.5150494497385474
2440,1.3593101007135726,0.8463873586395948,0.5150494497385474
2441,1.3593101007141644,0.8463873581909781,0.5150494497385474
2442,1.3593101007609154,0.8463873586396593,0.5150494497385474
2443,1.3593101007138684,0.8463873581909135,0.5150494497385474
2444,1.3593101007138684,0.8463873586395948,0.5150494497385474
2445,1.103360770711801,0.7797617885098811,0.5439453586834635
2446,1.103360770711505,0.7797617880611352,0.5439453586832692
2447,1.103360770711801,0.7797617885098165,0.5439453586834635
2448,1.103360770711505,0.7797617885098811,0.5439453586834635
2449,1.103360770758552,0.7797617885098165,0.5439453586832692
2450,1.1033607707116528,0.7797617880611998,0.5439453586834635
2451,1.103360770711801,0.7797617885098165,0.5439453586834635
2452,1.103360770711505,0.779761788509752,0.5439453586832692
2453,1.1033607707116528,0.7797617880612643,0.5439453586834635
2454,1.1033607707116528,0.7797617885098165,0.5439453586832692
2455,1.103360770711801,0.7797617885098165,0.5439453586834635
2456,1.1033607707116528,0.7797617880611998,0.5439453586834635
2457,1.103360770758256,0.779761788509752,0.5439453586832692
2458,1.103360770711801,0.7797617885098811,0.5439453586834635
2459,1.103360770711801,0.7797617885098165,0.5439453586834635
2460,1.103360770711209,0.7797617880611998,0.5439453586832692
2461,1.103360770711801,0.7797617885098165,0.5439453586834635
2462,0.8291109347147309,0.976620615518988,0.6076001146198763
2463,0.829110934761334,0.9766206159676047,0.6076001146198763
2464,0.829110934761334,0.9766206155188589,0.6076001146196821
2465,0.8291109347147309,0.9766206155189234,0.6076001146198763
2466,0.8291109347145829,0.9766206159676047,0.6076001146198763
2467,0.829110934761334,0.9766206155189234,0.6076001146198763
2468,0.5048568993446158,1.1068538728469335,0.6645543699314036
2469,0.5048568993444678,1.1068538728469335,0.6645543699314036
2470,0.5048568993443199,1.1068538728469335,0.6645543699315979
2471,0.5048568993443199,1.1068538728468689,0.6645543699314036
2472,0.5048568993444678,1.1068538728469335,0.6645543699314036
2473,0.5048568993446158,1.1068538728469335,0.6645543699314036
2474,0.5048568993443199,1.1068538728468043,0.6645543699314036
2475,0.504856899391071,1.1068538728469335,0.6645543699314036
2476,0.5048568993446158,1.1068538732956148,0.6645543699315979
2477,0.5048568993444678,1.1068538728469335,0.6645543699314036
2478,0.5048568993443199,1.1068538728468689,0.6645543699314036
2479,0.5048568993443199,1.1068538728469335,0.6645543699314036
2480,0.5048568993446158,1.1068538728469335,0.6645543699314036
2481,0.5048568993444678,1.1068538728468689,0.6645543699315979
2482,0.5048568993443199,1.1068538728469335,0.6645543699314036
2483,0.5048568993446158,1.1068538728469335,0.6645543699314036
2484,0.17058729527190772,1.3509707577231542,0.7377812696178194
2485,0.17058729531865888,1.3509707572744083,0.7377812696176251
2486,0.17058729527161184,1.3509707577231542,0.7377812696178194
2487,0.17058729527205568,1.3509707577232186,0.7377812696178194
2488,0.17058729531880684,1.3509707577231542,0.7377812696178194
2489,0.17058729527205568,1.350970757274473,0.7377812696176251
2490,0.17058729527161184,1.3509707577232186,0.7377812696178194
2491,0.17058729531880684,1.3509707577231542,0.7377812696178194
2492,0.17058729527205568,1.350970757274473,0.7377812696176251
2493,0.17058729531865888,1.3509707577230896,0.7377812696178194
2494,0.17058729527205568,1.3509707577232832,0.7377812696178194
2495,0.17058729527175978,1.3509707577230896,0.7377812696178194
2496,0.17058729531880684,1.350970757274473,0.7377812696176251
2497,0.17058729527190772,1.3509707577231542,0.7377812696178194
2498,0.579347691258177,1.1450030087004195,0.8923713911777069
2499,0.579347691258325,1.1450030091491654,0.8923713911777069
2500,0.579347691258177,1.1450030087004195,0.8923713911779011
2501,0.579347691258325,1.145003008700484,0.8923713911777069
2502,0.579347691258325,1.1450030087004195,0.8923713911777069
2503,0.579347691258029,1.1450030087004195,0.8923713911779011
2504,0.5793476912584729,1.1450030091491654,0.8923713911777069
2505,0.579347691258177,1.145003008700484,0.8923713911777069
2506,0.579347691258177,1.1450030087004195,0.8923713911777069
2507,0.579347691258029,1.1450030091491008,0.8923713911777069
2508,0.579347691258177,1.1450030087004195,0.8923713911779011
2509,0.579347691258325,1.1450030087004195,0.8923713911777069
2510,1.3198737991181673,0.5767124318811585,0.505082455058933
2511,1.3198737991181673,0.5767124318810294,0.5050824550591273
2512,1.3198737991180192,0.5767124318810939,0.505082455058933
2513,1.3198737991180192,0.5767124318811585,0.5050824550591273
2514,1.3198737991178713,0.5767124318810294,0.505082455058933
2515,1.3198737991181673,0.5767124318811585,0.5050824550591273
2516,1.3198737991180192,0.5767124318810939,0.505082455058933
2517,1.3198737991649183,0.5767124323297107,0.5050824550591273
2518,1.3198737991183151,0.5767124318810939,0.505082455058933
2519,1.3198737991178713,0.5767124318810294,0.5050824550591273
2520,1.3198737991180192,0.5767124318810939,0.505082455058933
2521,1.3198737991180192,0.5767124318810939,0.5050824550591273
2522,1.3198737991181673,0.5767124318810939,0.505082455058933
2523,1.3198737991178713,0.5767124318810939,0.5050824550591273
2524,1.3198737991183151,0.5767124318810939,0.505082455058933
2525,0.8816926701914468,0.9303154576071292,0.23170202956340796
2526,0.881692670238198,0.9303154576071292,0.23170202956340796
2527,0.8816926701914468,0.9303154576071292,0.23170202956360222
2528,0.8816926702379021,0.9303154576071292,0.23170202956340796
2529,0.8816926701914468,0.9303154576071292,0.23170202956340796
2530,0.8816926701914468,0.9303154576071292,0.23170202956340796
2531,0.881692670238198,0.9303154576071938,0.23170202956340796
2532,0.8816926701914468,0.930315457158448,0.23170202956360222
2533,0.881692670238198,0.9303154576071292,0.23170202956340796
2534,0.8816926701914468,0.9303154576071292,0.23170202956340796
2535,0.8816926701914468,0.9303154576071292,0.23170202956340796
2536,0.881692670238346,0.9303154576071292,0.23170202956340796
2537,0.8816926701914468,0.9303154576071292,0.23170202956360222
2538,0.8816926702379021,0.9303154576071292,0.23170202956340796
2539,0.8816926701917427,0.9303154576071292,0.23170202956340796
2540,0.4084570509934695,2.1342495686979546,-1.9553413744011812
2541,0.40845705094701423,2.134249568249273,-1.9553413744013755
2542,0.40845705099361745,2.1342495686978897,-1.9553413744011812
2543,1.470107329045005,4.4585279597398815,-1.6298884869065178
2544,1.4701073289986977,4.458527960188563,-1.6298884869063235
2545,1.470107329044857,4.4585279597398815,-1.6298884869065178
2546,1.470107329045153,4.458527960188627,-1.6298884869063235
2547,1.470107329045005,4.4585279597398815,-1.6298884869065178
2548,1.4701073289986977,4.458527960188563,-1.6298884869063235
2549,1.470107329044857,4.458527959739945,-1.6298884869065178
2550,1.7755821732037438,4.196933884610621,-0.2467137150538095
2551,1.7755821731568446,4.196933885059303,-0.24671371505400375
2552,1.7755821732035957,4.196933884610621,-0.2467137150538095
2553,2.371508508513861,3.6917867050660687,-3.0944264806326975
2554,2.7395806568048617,3.8180735000643935,-3.9487403103063836
2555,2.73958065680501,3.81807350051301,-3.948740310306578
2556,4.2644509853985335,3.565499910516426,-5.828230735588532
2557,5.21092222388725,2.7446357437004836,-0.7023477575464161
2558,5.947066520422796,1.544911192786995,0.6645543699314036
2559,5.841903049468772,0.8503338205206312,-2.4109754168937876
2560,5.999648255899512,0.6609036286961503,-1.044073289415968
2561,4.04243921344741,0.766142624154224,-0.2087442115127266
2562,4.042439213400955,0.7661426241541917,-0.2087442115127266
2563,4.042439213447706,0.766142624154224,-0.20874421151292086
2564,4.04243921344741,0.766142624154224,-0.2087442115127266
2565,4.042439213401102,0.766142624602873,-0.2087442115127266
2566,4.042439213447706,0.766142624154224,-0.2087442115127266
2567,4.04243921344741,0.7661426241541917,-0.20874421151292086
2568,4.042439213400955,0.766142624154224,-0.2087442115127266
2569,4.042439213447706,0.7661426241541917,-0.2087442115127266
2570,1.7162591895849888,0.4520446985584304,0.7959872668043082
2571,1.7162591895852848,0.45204469855846263,0.7959872668043082
2572,1.716259189585137,0.4520446985583981,0.7959872668043082
2573,1.7162591895854327,0.4520446985585272,0.7959872668043082
2574,1.716259189584841,0.4520446985583981,0.7959872668043082
2575,1.7162591895852848,0.45204469855846263,0.7959872668043082
2576,1.7162591895385335,0.4520446981097814,0.7959872668045025
2577,1.7162591895849888,0.4520446985584304,0.7959872668043082
2578,1.7162591895852848,0.45204469855846263,0.7959872668043082
2579,1.7162591895852848,0.45204469855846263,0.7959872668043082
2580,1.7162591895852848,0.45204469855846263,0.7959872668043082
2581,1.7162591895849888,0.4520446985583981,0.7959872668043082
2582,1.7162591895852848,0.45204469855846263,0.7959872668043082
2583,1.5170553071444604,0.3925441893809209,1.476152508121444
2584,1.517055307097709,0.392544189380824,1.476152508121444
2585,1.5170553071443122,0.3925441893808886,1.476152508121444
2586,1.5170553071444604,0.3925441893808886,1.476152508121444
2587,1.5170553071443122,0.3925441898295376,1.476152508121444
2588,1.5170553071443122,0.3925441893808886,1.476152508121444
2589,1.517055307098005,0.392544189380824,1.476152508121444
2590,1.5170553071440165,0.3925441893808886,1.476152508121444
2591,1.5302007409788718,0.345186640976079,-1.7275243531548778
2592,1.6441278345347374,0.46094953642861874,0.06653468915978467
2593,1.6441278344884303,0.46094953687723544,0.06653468915997891
2594,1.6441278345350334,0.46094953642858644,0.06653468915978467
2595,1.6441278345347374,0.46094953687723544,0.06653468915978467
2596,1.6441278344884303,0.46094953642861874,0.06653468915997891
2597,1.6441278345347374,0.46094953642861874,0.06653468915978467
2598,1.6441278345351813,0.46094953687723544,0.06653468915978467
2599,1.6441278344882824,0.4609495364285542,0.06653468915997891
2600,1.6441278345347374,0.46094953687726775,0.06653468915978467
2601,1.6441278345351813,0.46094953642861874,0.06653468915978467
2602,1.6441278344882824,0.46094953687723544,0.06653468915997891
2603,1.6441278345351813,0.46094953642861874,0.06653468915978467
2604,2.958671221268,1.4396721968802075,-0.47453073630011283
2605,2.958671221221545,1.4396721968802721,-0.47453073630011283
2606,2.958671221268148,1.4396721968803043,-0.47453073630011283
2607,2.958671221221397,1.4396721968802075,-0.47453073630011283
2608,2.958671221268,1.4396721968803043,-0.47453073630011283
2609,2.958671221221693,1.4396721968802721,-0.47453073630011283
2610,2.958671221268148,1.43967219688024,-0.47453073630030707
2611,2.958671221268,1.4396721968802721,-0.47453073630011283
2612,2.958671221221249,1.4396721968802075,-0.47453073630011283
2613,2.958671221268,1.4396721968803043,-0.47453073630011283
2614,2.958671221221545,1.4396721968802721,-0.47453073630011283
2615,2.9586712212682964,1.43967219688024,-0.47453073630011283
2616,4.514214228901838,1.5922687407430587,-2.154681267991721
2617,4.514214228901246,1.5922687402943774,-2.154681267991721
2618,4.514214228855087,1.592268740743123,-2.154681267991721
2619,4.514214228901838,1.5922687407430587,-2.154681267991721
2620,4.579941398258977,2.492062154152516,-1.044073289415968
2621,5.105758752933818,2.645410404997581,-2.118067818148513
2622,5.105758752887363,2.645410404997613,-2.118067818148707
2623,5.1057587529339665,2.645410404997581,-2.118067818148513
2624,5.105758752933671,2.6454104049975484,-2.118067818148513
2625,5.1057587529339665,2.645410404997613,-2.118067818148513
2626,5.1057587528872155,2.645410404997581,-2.118067818148707
2627,5.105758752933671,2.645410404997581,-2.118067818148513
2628,5.578994372131795,3.5970716091538444,-2.838132331730631
2629,5.578994372178398,3.5970716091538444,-2.838132331730825
2630,5.578994372131499,3.5970716091538444,-2.838132331730631
2631,5.578994372131795,3.597071609153877,-2.838132331730631
2632,5.578994372131647,2.9972093336971004,-2.7527009487631453
2633,4.054124043537977,1.6396262886991546,0.19468176361091521
2634,4.054124043537977,1.6396262886992192,0.19468176361091521
2635,4.054124043537977,1.6396262886991546,0.19468176361091521
2636,4.054124043537977,1.639626288699187,0.19468176361091521
2637,4.054124043537977,1.6396262886991546,0.19468176361091521
2638,4.054124043537977,1.639626288699187,0.19468176361091521
2639,4.054124043538124,1.639626288699187,0.19468176361091521
2640,4.054124043537977,1.639626288699187,0.19468176361091521
2641,2.138646537143374,0.9270079461675044,0.9086440355524013
2642,2.138646537143374,0.9270079461674721,0.9086440355525954
2643,2.138646537143374,0.9270079466161211,0.9086440355524013
2644,2.1386465371435217,0.9270079461674721,0.9086440355525954
2645,2.138646537143374,0.9270079461675044,0.9086440355524013
2646,2.138646537143374,0.9270079461675044,0.9086440355525954
2647,2.138646537143226,0.9270079466161211,0.9086440355524013
2648,2.138646537143374,0.9270079461674721,0.9086440355524013
2649,2.138646537143374,0.9270079461674721,0.9086440355525954
2650,2.1386465371435217,0.9270079461675044,0.9086440355524013
2651,2.138646537143374,0.9270079461674721,0.9086440355525954
2652,2.138646537143078,0.9270079466161534,0.9086440355524013
2653,2.1386465371435217,0.9270079461674721,0.9086440355525954
2654,2.138646537143374,0.9270079461674398,0.9086440355524013
2655,1.7825930712393834,1.077650051697088,0.6645543699314036
2656,1.7825930712858387,1.077650051248342,0.6645543699314036
2657,1.7825930712390874,1.0776500516970555,0.6645543699315979
2658,1.7825930712858387,1.0776500512483742,0.6645543699314036
2659,1.7825930712392355,1.0776500516970555,0.6645543699314036
2660,1.7054731925678759,1.1450030087004195,0.4823007529343221
2661,1.7054731925678759,1.145003009149133,0.48230075293451635
2662,1.7054731925678759,1.1450030087004517,0.4823007529343221
2663,1.7054731925211246,1.1450030087004195,0.48230075293451635
2664,1.7054731925680238,1.1450030091491008,0.4823007529343221
2665,1.7054731925678759,1.145003008700484,0.4823007529343221
2666,1.7054731925678759,1.1450030087004517,0.48230075293451635
2667,1.7054731925678759,1.1450030091491008,0.4823007529343221
2668,1.7054731925680238,1.1450030087004517,0.48230075293451635
2669,1.7054731925677278,1.1450030087004195,0.4823007529343221
2670,1.7054731925678759,1.1450030091491008,0.4823007529343221
2671,1.7054731925212727,1.145003008700484,0.48230075293451635
2672,1.7054731925678759,1.1450030087004357,0.4823007529343221
2673,1.7054731925678759,1.1450030091491008,0.48230075293451635
2674,1.7054731925678759,1.1450030087004517,0.4823007529343221
2675,2.227785098248199,1.4859773547920663,0.3000471359372407
2676,2.2277850982013,1.4859773552407154,0.30004713593743493
2677,2.227785098248051,1.4859773547920503,0.3000471359372407
2678,2.2277850982014478,1.4859773552407154,0.30004713593743493
2679,2.227785098247903,1.4859773547920825,0.3000471359372407
2680,2.227785098201152,1.4859773547920503,0.30004713593743493
2681,2.227785098248199,1.4859773552407316,0.3000471359372407
2682,2.2277850982014478,1.4859773547920663,0.30004713593743493
2683,2.227785098248051,1.4859773552406992,0.3000471359372407
2684,2.2277850982013,1.4859773547920825,0.30004713593743493
2685,2.227785098248199,1.4859773547920503,0.3000471359372407
2686,2.227785098201152,1.4859773552407316,0.30004713593743493
2687,2.227785098248199,1.4859773547920503,0.3000471359372407
2688,2.227785098201152,1.4859773552407154,0.30004713593743493
2689,2.227785098248199,1.4859773547920825,0.3000471359372407
2690,2.1436543214944486,1.4607199959718578,-2.2401126509590115
2691,2.1436543214479933,1.4607199959718578,-2.240112650959206
2692,2.1436543214944486,1.460719995971874,-2.2401126509590115
2693,2.1436543214944486,1.4607199959718578,-2.2401126509590115
2694,2.1436543214478454,1.460719995971874,-2.240112650959206
2695,2.1436543214944486,1.460719995971874,-2.2401126509590115
2696,2.161181566653452,1.734341384611395,-0.01889669380750623
2697,3.645154989860679,2.4850462209724644,-0.8162562681696649
2698,3.645154989907578,2.4850462209724644,-0.8162562681696649
2699,3.645154989860531,2.4850462214211135,-0.8162562681694706
2700,3.64515498990743,2.4850462209724484,-0.8162562681696649
2701,3.645154989860679,2.4850462209724804,-0.8162562681696649
2702,3.64515498990743,2.4850462209724484,-0.8162562681696649
2703,3.645154989860679,2.4850462214211295,-0.8162562681694706
2704,3.64515498990743,2.4850462209724484,-0.8162562681696649
2705,3.645154989860679,2.4850462209724644,-0.8162562681696649
2706,5.6491033527673675,3.9864558932459055,-4.347420097487463
2707,5.6491033527673675,3.9864558936945382,-4.347420097487658
2708,5.649103352767515,3.9864558932459055,-4.347420097487463
2709,6.0522299913760795,4.512650871882044,-0.01889669380750623
2710,6.087284481694088,3.4602609146097514,-4.0056945656180085
2711,6.087284481647041,3.4602609150584005,-4.005694565618105
2712,6.087284481694236,3.4602609146097514,-4.0056945656180085
2713,6.52546561062066,2.1763451668811338,-2.4109754168937876
2714,6.735792552480921,1.608054590061768,-0.7023477575464161
2715,6.814665155673211,1.5449111927869545,-2.5818381828285637
2716,6.814665155672915,1.5449111923382974,-2.5818381828285637
2717,6.770847042798929,1.2923376027903457,-2.1831583956474843
2718,6.770847042752326,1.292337602790354,-2.1831583956475815
2719,6.770847042798929,1.2923376027903457,-2.1831583956474843
2720,6.840956023434945,0.6609036286961825,-3.7778775443717048
2721,6.630629081527341,-0.9176813076609206,-3.4361520125022498
2722,6.946119494341773,-1.9279756663013274,-6.853407331196993
2723,6.683210817004205,-2.306836050847571,-1.385798821285423
2724,5.776175880157941,-2.0069049128948584,-3.692446161404414
2725,5.776175880158088,-2.0069049133435235,-3.692446161404317
2726,5.776175880157941,-2.0069049133435155,-3.692446161404317
2727,5.776175880157941,-2.006904912894867,-3.692446161404414
2728,2.0560180956998724,-1.0650159013021494,-4.461328608110712
2729,2.0560180956531213,-1.0650159013021738,-4.461328608110615
2730,2.0560180957000203,-1.0650159013021656,-4.461328608110712
2731,0.2813845236030443,-0.11260299016365558,-0.10432807677489424
2732,0.2813845236030443,-0.11260298971501463,-0.10432807677489424
2733,0.2813845236030443,-0.11260299016367172,-0.10432807677479712
2734,0.2813845236030443,-0.11260299016365558,-0.10432807677489424
2735,0.08659309448544548,0.06391150741625788,-1.385798821285423
2736,0.08659309443869433,0.06391150696760886,-1.385798821285423
2737,0.08659309448544548,0.06391150741627402,-1.385798821285326
2738,0.08659309448529753,0.06391150741625788,-1.385798821285423
2739,0.08659309448544548,0.06391150741627402,-1.385798821285423
2740,0.08659309443869433,0.0639115069676008,-1.385798821285423
2741,0.08659309448544548,0.06391150741625788,-1.385798821285423
2742,0.08659309448544548,0.06391150741627402,-1.385798821285423
2743,0.08659309448544548,0.06391150741627402,-1.385798821285326
2744,0.08659309443854638,0.0639115069676008,-1.385798821285423
2745,0.08659309448559344,0.06391150741627402,-1.385798821285423
2746,0.7940564444433261,0.7871904232458096,-3.0944264806326975
2747,0.005330412384904826,1.1029074105172318,18.434282027144032
2748,-0.8359773551037771,1.1029074105172318,-4.461328608110615
2749,-1.3092129743482097,1.1029074105172398,3.740084156756692
2750,-1.3092129743482097,1.1660508082407106,-0.3606222256769612
2751,-1.361794709824926,1.765913083248814,-2.9235637146980187
2752,-1.3617947098252217,1.7659130836974872,-2.923563714698116
2753,-1.5195399162087666,2.2079168655185364,2.3731820292787758
2754,-1.5195399162553698,2.2079168659672015,2.3731820292788726
2755,-1.7982231142311595,2.5046908333383198,-0.3947947788638775
2756,-1.7982231141844085,2.504690833786977,-0.3947947788639746
2757,-1.7982231142311595,2.504690833786977,-0.3947947788639746
2758,-1.7982231142310117,2.5046908333383118,-0.3947947788638775
2759,-1.7982231141845564,2.5046908333383198,-0.3947947788638775
2760,-1.7982231142310117,2.504690833786969,-0.3947947788639746
2761,-1.7982231142313077,2.504690833786985,-0.3947947788639746
2762,-1.7982231142311595,2.5046908333383158,-0.3947947788638775
2763,-1.7982231141842604,2.5046908333383198,-0.3947947788638775
2764,-1.7982231142311595,2.504690833786973,-0.3947947788639746
2765,0.1266728788411486,2.360918175024591,0.34911541743652963
2766,0.12667287884100067,2.360918174575934,0.34911541743652963
2767,0.12667287888775183,2.360918175024591,0.34911541743652963
2768,0.1266728788411486,2.360918174575934,0.3491154174366268
2769,0.1266728788411486,2.360918175024589,0.34911541743652963
2770,0.12667287884100067,2.360918174575932,0.34911541743652963
2771,0.12667287888789977,2.360918175024593,0.34911541743652963
2772,0.12667287884100067,2.360918174575932,0.34911541743652963
2773,0.1266728788411486,2.360918175024593,0.34911541743652963
2774,0.12667287884100067,2.360918174575931,0.3491154174366268
2775,0.12667287888789977,2.360918175024592,0.34911541743652963
2776,0.12667287884100067,2.3609181745759313,0.34911541743652963
2777,0.1266728788411486,2.360918175024592,0.34911541743652963
2778,1.1696402691908856,2.2034066231765244,0.5181005705587661
2779,1.1696402692377847,2.2034066227278633,0.5181005705588633
2780,1.1696402691911816,2.203406622727864,0.5181005705587661
2781,1.1696402691910337,2.203406623176522,0.5181005705588633
2782,1.1696402692376369,2.2034066231765252,0.5181005705587661
2783,1.1696402691910337,2.203406622727862,0.5181005705588633
2784,1.1696402692377847,2.203406622727864,0.5181005705587661
2785,1.1696402691908856,2.2034066231765252,0.5181005705587661
2786,1.1696402691910337,2.203406623176519,0.5181005705588633
2787,1.1696402692377847,2.2034066227278664,0.5181005705587661
2788,1.1696402691910337,2.2034066227278664,0.5181005705588633
2789,1.1696402691911816,2.2034066231765235,0.5181005705587661
2790,1.1696402692376369,2.203406623176519,0.5181005705588633
2791,1.1696402691910337,2.2034066227278664,0.5181005705587661
2792,2.3452176407521277,2.649920647788255,-0.10432807677489424
2793,2.3452176407990266,2.6499206477882633,-0.10432807677479712
2794,2.3452176407988787,2.6499206473395938,-0.10432807677489424
2795,2.3452176407521277,2.6499206477882593,-0.10432807677489424
2796,3.278543445360274,3.2182112246076167,-0.6738706298906525
2797,3.278543445360274,3.2182112246076167,-0.6738706298906525
2798,3.278543445360348,3.2182112246076167,-0.6738706298906525
2799,3.2785434453602003,3.2182112246076167,-0.6738706298907496
2800,3.278543445360496,3.2182112246076087,-0.6738706298906525
2801,3.2785434453602003,3.2182112241589516,-0.6738706298906525
2802,3.278543445360348,3.2182112246076167,-0.6738706298906525
2803,3.2785434453602003,3.2182112246076167,-0.6738706298906525
2804,3.278543445360348,3.2182112246076167,-0.6738706298907496
2805,3.2785434453602003,3.2182112246076167,-0.6738706298906525
2806,3.278543445360348,3.2182112246076007,-0.6738706298906525
2807,3.278543445360348,3.2182112246076167,-0.6738706298906525
2808,2.371508508513861,3.691786705514766,-0.7023477575464161
2809,2.161181566606701,3.8812168973391827,1.3480054336704106
2810,1.5617497823019917,3.8180735000644095,-0.5656575447986536
2811,1.5617497822553885,3.818073500513026,-0.5656575447986536
2812,1.5617497823019177,3.818073500064377,-0.5656575447987507
2813,1.5617497822553885,3.8180735005130586,-0.5656575447986536
2814,1.5617497823020656,3.818073500064377,-0.5656575447986536
2815,0.4259842961526214,3.754930102789572,0.6645543699315007
2816,0.8729290475885693,3.6917867050660527,0.32282883806194873
2817,0.8729290476351724,3.691786705514766,0.32282883806194873
2818,1.7405276828858098,3.2497829232450033,-0.7023477575464161
2819,2.686998921328072,2.6183489491508727,-2.06924988502443
2820,3.1076528050957144,1.608054590061768,3.0566330930177825
2821,3.1076528050958627,0.8503338205206312,2.3731820292788726
2822,2.739580656758037,0.6609036286961664,-2.06924988502443
2823,2.1787088118124562,0.4083300386995819,2.7149075611483275
2824,2.178708811765705,0.4083300386995819,2.7149075611482303
2825,2.1787088118123825,0.40833003869956574,2.7149075611483275
2826,2.306792526410147,1.1466220703761127,0.5856946318077579
2827,2.306792526363544,1.1466220703761127,0.5856946318076608
2828,2.306792526410073,1.1466220703760805,0.5856946318077579
2829,2.306792526363544,1.1466220699274636,0.5856946318076608
2830,2.306792526410295,1.1466220703761127,0.5856946318077579
2831,2.306792526410073,1.1466220703761127,0.5856946318077579
2832,2.3067925263636178,1.1466220703761127,0.5856946318076608
2833,2.306792526410073,1.1466220703760805,0.5856946318077579
2834,2.306792526410295,1.1466220703761127,0.5856946318077579
2835,2.30679252636347,1.1466220699274476,0.5856946318076608
2836,2.306792526410295,1.1466220703761127,0.5856946318077579
2837,2.306792526363544,1.1466220703761127,0.5856946318076608
2838,2.306792526410073,1.1466220703760965,0.5856946318077579
2839,0.9780925185890483,2.302631961879418,-0.3606222256769612
2840,0.9780925185420752,2.302631961879434,-0.3606222256769612
2841,0.9780925185890483,2.302631961879418,-0.3606222256769612
2842,0.9780925185889743,2.302631961430769,-0.36062222567705826
2843,0.9780925185422231,2.30263196187945,-0.3606222256769612
2844,0.9780925185889003,2.302631961879418,-0.3606222256769612
2845,0.6918141810241126,2.3412195936969207,0.2848593345209629
2846,0.6918141810242606,2.3412195932482716,0.2848593345208658
2847,0.6918141809772875,2.3412195936969207,0.2848593345208658
2848,0.6918141810242606,2.3412195936969526,0.2848593345209629
2849,0.6918141810241866,2.3412195932482716,0.2848593345209629
2850,0.6918141810241866,2.3412195936969207,0.2848593345208658
2851,0.6918141809773615,2.3412195936968883,0.2848593345208658
2852,0.6918141810241126,2.341219593248336,0.2848593345209629
2853,0.6918141810242606,2.3412195936968883,0.2848593345209629
2854,0.6918141810240387,2.3412195936969207,0.2848593345208658
2855,0.6918141810243346,2.3412195932482716,0.2848593345209629
2856,0.6918141809773615,2.3412195936969207,0.2848593345208658
2857,0.6918141810241126,2.3412195936969526,0.2848593345209629
2858,0.6918141810241866,2.3412195932482716,0.2848593345208658
2859,0.6918141810241126,2.3412195936969207,0.2848593345208658
2860,0.6918141809774354,2.3412195936968883,0.2848593345209629
2861,0.6918141810242606,2.341219593248336,0.2848593345209629
2862,0.6918141810241866,2.3412195936968883,0.2848593345208658
2863,2.634417185851282,2.4289187564290935,6.8156139435819805
2864,3.0419256357380577,2.492062154152548,-1.64209297018749
2865,3.041925635784587,2.492062154152548,-1.642092970187587
2866,3.04192563573828,2.492062154152516,-1.64209297018749
2867,3.04192563573791,2.492062154152548,-1.64209297018749
2868,2.5608027561743665,2.9719519744282263,-3.026081374258865
2869,2.5608027562210434,2.9719519748768755,-3.026081374258865
2870,2.5608027561743665,2.9719519744282588,-3.026081374258962
2871,2.5608027562211175,2.971951974876908,-3.026081374258865
2872,2.5608027561742923,2.9719519744282263,-3.026081374258865
2873,3.1777617857316565,3.3550219191516937,-0.47453073630011283
2874,3.1777617856846834,3.355021918703077,-0.47453073630021
2875,3.1777617857313607,3.3550219191516937,-0.47453073630011283
2876,3.8437971016775676,2.30263196187945,-3.4361520125022498
2877,3.8437971016308166,1.608054589613119,-4.11960307624116
2878,3.7386336307239136,0.9134772182440857,-2.0692498850243326
2879,3.633470159770334,0.34518664142479255,-5.4865052037190765
2880,3.212816276002543,-0.6651077176643119,-1.385798821285423
2881,2.161181566653452,-1.1071114994854097,-6.853407331196993
2882,1.53020074097865,-0.9176813072122474,-4.8030541399801665
2883,1.8456911538393896,-1.6122586794785785,-1.7275243531548778
2884,0.8466381798735868,-3.064556819940035,2.0314564974093208
2885,0.89921991539698,-3.1908436149383594,1.0062799018009556
2886,0.8887035682737636,-4.289538730571079,-2.2059400977721926
2887,0.8887035682736897,-4.2895387301224615,-2.2059400977720953
2888,0.8887035682269385,-4.289538730571111,-2.2059400977721926
2889,0.8887035682737636,-4.2895387301224295,-2.2059400977720953
2890,0.8887035682736897,-4.289538730571079,-2.2059400977721926
2891,0.4785660316293374,-4.579998358573723,-0.3606222256769612
2892,-0.04725132309188514,-4.516854960850172,-2.4109754168937876
2893,-0.6256504132432205,-4.958858743119887,-3.4361520125022498
2894,-0.7483411293558783,-5.316671328574513,-4.0056945656180085
2895,-0.7483411293090532,-5.316671329023227,-4.005694565618105
2896,-0.7483411293558043,-5.316671328574513,-4.0056945656180085
2897,-0.6519412809583508,-5.969153102208959,-3.4361520125022498
2898,-0.651941281005028,-5.969153101760343,-3.4361520125022498
2899,-1.098886032487801,-6.474300281753512,-5.999093501523308
2900,-1.098886032487801,-6.4743002813048625,-5.999093501523308
2901,-0.9411408260572831,-6.348013486755219,1.0062799018008586
2902,-0.32067634750591895,-5.501891961119068,-1.6591792467809483
2903,-0.3206763475525961,-5.501891961119052,-1.6591792467809483
2904,-0.32067634750584495,-5.501891961119052,-1.6591792467810453
2905,-0.3206763475525221,-5.501891961119084,-1.6591792467809483
2906,-0.32067634750591895,-5.501891961119052,-1.6591792467809483
2907,-0.020960455330077593,-2.90669832630434,-2.4109754168937876
2908,-0.020960455376902724,-2.906698326753005,-2.410975416893885
2909,1.1621285926877234,-1.6754020763047188,-1.5566615872201992
2910,1.1621285927343266,-1.6754020767534001,-1.556661587220102
2911,2.0034363602230822,-0.9808247049357341,3.0566330930177825
2912,2.464987149330419,-0.5458368558461194,-0.7023477575464161
2913,2.46498714937717,-0.5458368558461033,-0.7023477575465132
2914,2.464987149330419,-0.5458368558461194,-0.7023477575464161
2915,2.4649871493304927,-0.5458368558461033,-0.7023477575465132
2916,2.46498714937717,-0.5458368553974543,-0.7023477575464161
2917,2.464987149330419,-0.5458368558461033,-0.7023477575465132
2918,2.4649871493304927,-0.5458368558461033,-0.7023477575464161
2919,2.46498714937717,-0.5458368558461033,-0.7023477575465132
2920,2.4649871493304927,-0.5458368558461194,-0.7023477575464161
2921,4.141760269332552,-0.9176813072122474,-0.9301647787928166
2922,4.14176026928595,-0.9176813076609287,-0.9301647787927194
2923,4.141760269332774,-0.9176813072122635,-0.9301647787927194
2924,4.141760269332626,-0.9176813072122474,-0.9301647787928166
2925,4.14176026928595,-0.9176813076609125,-0.9301647787928166
2926,4.141760269332701,-0.9176813072122797,-0.9301647787927194
2927,4.990078934903625,-1.3470564098475248,-1.7275243531548778
2928,4.990078934856874,-1.3470564098475573,-1.7275243531548778
2929,4.990078934903625,-1.3470564102962224,-1.7275243531548778
2930,4.9900789348568,-1.347056409847541,-1.7275243531548778
2931,4.9900789349035515,-1.347056409847541,-1.7275243531548778
2932,4.3696144563521875,-1.5617439609408796,-2.1375949913982626
2933,4.369614456352113,-1.5617439613895123,-2.1375949913982626
2934,4.369614456352039,-1.5617439609408634,-2.1375949913981653
2935,4.369614456352113,-1.5617439613895123,-2.1375949913982626
2936,4.369614456352039,-1.5617439609408634,-2.1375949913982626
2937,4.82532283043769,-2.9593178244820257,-2.1831583956474843
2938,4.825322830390938,-2.9593178244820257,-2.1831583956475815
2939,4.8253228304376155,-2.9593178244820098,-2.1831583956474843
2940,1.7843457957597222,0.050517453244939864,-1.1579818000391198
2941,1.7843457957597961,0.050517453244956004,-1.1579818000390227
2942,1.7843457958063254,0.05051745369360502,-1.1579818000391198
2943,1.78434579575987,0.050517453244939864,-1.1579818000391198
2944,1.7843457957597222,0.050517453244956004,-1.1579818000390227
2945,1.7843457957597961,0.050517453244923724,-1.1579818000391198
2946,-0.15241479399886187,-1.0755398008479584,2.0314564974093208
2947,-0.15241479404539113,-1.0755398008479666,2.0314564974093208
2948,-0.7728792725503,-1.864832269026522,-1.4541439276592558
2949,-0.7728792725970511,-1.8648322690265058,-1.4541439276593529
2950,-0.772879272550226,-1.8648322685778649,-1.4541439276592558
2951,-0.7728792725970511,-1.8648322690265058,-1.4541439276593529
2952,-0.7728792725503,-1.8648322690265058,-1.4541439276592558
2953,-0.41532347138288567,0.15575644915163836,1.0917112847683437
2954,-0.41532347138273773,0.15575644915163028,1.0917112847682466
2955,-0.41532347133606057,0.15575644870298128,1.0917112847682466
2956,-0.4153234713828117,0.15575644915163836,1.0917112847683437
2957,0.49609327678834136,1.5028155941550696,-1.044073289415968
2958,0.4960932767416642,1.5028155946037347,-1.044073289415871
2959,0.4960932767881934,1.5028155941550858,-1.044073289415968
2960,0.8316148269136436,0.8864157623973856,-0.311804292552781
2961,0.8316148269135697,0.8864157619487205,-0.311804292552781
2962,0.8316148269135697,0.8864157623973775,-0.311804292552781
2963,0.8316148268668925,0.8864157619487285,-0.31180429255268394
2964,0.8316148269134958,0.8864157623973775,-0.311804292552781
2965,0.8316148269136436,0.8864157619487205,-0.311804292552781
2966,0.8316148269135697,0.8864157623973695,-0.311804292552781
2967,-1.0550679195670634,-2.033214662208018,-2.5818381828285637
2968,-1.0550679196138146,-2.033214661759377,-2.5818381828285637
2969,-1.0550679195670634,-2.033214662208018,-2.5818381828285637
2970,-1.0550679195670634,-2.0332146622080343,-2.5818381828285637
2971,-1.0550679196138146,-2.0332146617593607,-2.5818381828285637
2972,-1.0550679195671373,-2.0332146622080343,-2.5818381828285637
2973,-1.046304297010937,0.47147343597439545,3.569221390821916
2974,-1.046304297010937,0.47147343642306866,3.569221390822013
2975,-0.1261239262837315,0.9450489168815207,-0.5314849916117372
2976,-0.1261239262837315,0.9450489168815207,-0.5314849916117372
2977,0.9868561411449528,2.2184407650643374,-1.8414328637780295
2978,0.9868561411451007,2.2184407655130105,-1.8414328637780295
2979,0.9868561411449528,2.2184407650643454,-1.8414328637780295
2980,1.460091760389607,2.828826940515564,-1.7275243531548778
2981,1.4600917603427819,2.82882694051558,-1.7275243531548778
2982,1.460091760389607,2.828826940515572,-1.7275243531548778
2983,1.6353642119321559,0.724047025970988,-1.385798821285423
2984,1.6353642119322298,0.724047025522339,-1.385798821285326
2985,-0.5625523306898174,-1.6880307559391556,0.527864157183641
2986,-0.5625523306898913,-1.6880307559391556,0.527864157183641
2987,-0.5625523306430662,-1.688030756387837,0.527864157183641
2988,-0.5625523306898174,-1.6880307559391556,0.527864157183641
2989,-0.5625523306898174,-1.6880307559391636,0.527864157183641
2990,-0.6447710443257703,-1.9738981371690176,-0.08102860869290582
2991,-0.6447710443256962,-1.9738981371690338,-0.08102860869280869
2992,-0.6447710443256962,-1.9738981371690096,-0.08102860869290582
2993,-0.6447710443257703,-1.9738981371690176,-0.08102860869280869
2994,-0.6447710443257703,-1.9738981371690176,-0.08102860869290582
2995,-0.6447710443724474,-1.9738981371690258,-0.08102860869280869
2996,-0.6447710443257703,-1.9738981371690176,-0.08102860869290582
2997,-0.6447710443257703,-1.9738981371690258,-0.08102860869280869
2998,-0.6447710443256962,-1.9738981371690096,-0.08102860869290582
2999,-0.6447710443257703,-1.9738981371690176,-0.08102860869280869
3000,-0.6447710443257703,-1.9738981371690176,-0.08102860869290582
3001,2.2347959962836166,-0.19784657657440505,-0.9073830766681085
3002,2.2347959962836166,-0.19784657657440505,-0.9073830766682056
3003,2.234795996330294,-0.19784657657441312,-0.9073830766681085
3004,2.2347959962836166,-0.19784657657440505,-0.9073830766682056
3005,2.2347959962836166,-0.19784657657440505,-0.9073830766681085
3006,2.1085998311299115,2.1763451668811338,-0.7023477575464161
3007,1.7668185506007923,1.3554810000651756,-4.973916905914943
3008,1.7668185506475433,1.3554810005138327,-4.973916905914845
3009,1.5196843939018887,-0.6019643203895064,-0.770692863920346
3010,1.5196843939018887,-0.6019643199408413,-0.770692863920346
3011,1.5196843939018887,-0.6019643203894903,-0.770692863920346
3012,1.5196843939018887,-0.6019643199408413,-0.770692863920346
3013,1.5196843939018148,-0.6019643203894983,-0.770692863920346
3014,-1.4143764453017897,-1.3175894912987662,1.4049596889819378
3015,-1.4143764452551866,-1.317589490850101,1.404959688982035
3016,-1.4143764453017897,-1.3175894912987662,1.4049596889819378
3017,-1.4143764453018637,-1.317589491298758,1.4049596889819378
3018,-1.4143764452551866,-1.3175894908501091,1.404959688982035
3019,-1.4143764453018637,-1.3175894912987662,1.4049596889819378
3020,-1.7824485935927163,-1.317589490850101,0.7784628805545553
3021,-1.7824485935461132,-1.317589491298758,0.7784628805546524
3022,-1.7824485935926424,-1.317589490850101,0.7784628805545553
3023,-0.5730686777665044,-1.5175435831176889,-0.3606222256769612
3024,-0.5730686778131816,-1.517543583117685,-0.36062222567705826
3025,-0.5730686777665044,-1.5175435826690278,-0.3606222256769612
3026,-0.5730686777665044,-1.517543583117681,-0.3606222256769612
3027,1.9902909263421418,-0.9966105542544477,0.2373974550945607
3028,1.9902909263422157,-0.9966105538057785,0.23739745509465782
3029,1.9902909263888928,-0.9966105542544477,0.23739745509465782
3030,1.9902909263422157,-0.9966105542544436,0.2373974550945607
3031,3.360702407010612,-1.8490464197078085,-0.3819800714187839
3032,3.3607024070573637,-1.8490464192591474,-0.381980071418881
3033,3.3607024070107605,-1.8490464197078085,-0.3819800714187839
3034,3.3607024070106863,-1.8490464192591514,-0.381980071418881
3035,3.3607024070573637,-1.8490464197078065,-0.3819800714187839
3036,3.3607024070106863,-1.8490464192591494,-0.3819800714187839
3037,3.3607024070573637,-1.8490464197078105,-0.381980071418881
3038,3.3607024070107605,-1.8490464192591474,-0.3819800714187839
3039,3.3607024070105753,-1.8490464197078105,-0.3819800714187839
3040,3.3607024070573637,-1.8490464197078105,-0.381980071418881
3041,3.3607024070107605,-1.8490464192591494,-0.3819800714187839
3042,3.3607024070574005,-1.8490464197078085,-0.3819800714187839
3043,3.3607024070106863,-1.8490464192591494,-0.381980071418881
3044,3.3607024070106495,-1.8490464197078096,-0.3819800714187839
3045,3.3607024070573637,-1.8490464192591485,-0.381980071418881
3046,3.3607024070107605,-1.8490464197078096,-0.3819800714187839
3047,3.8024828809090288,-1.9730780928621106,-0.9708463897296494
3048,3.8024828809557802,-1.9730780933107717,-0.9708463897295524
3049,3.802482880908955,-1.9730780928621094,-0.9708463897296494
3050,3.8024828809557802,-1.9730780933107717,-0.9708463897296494
3051,3.8024828809090288,-1.9730780928621126,-0.9708463897295524
3052,3.802482880955743,-1.9730780933107717,-0.9708463897296494
3053,3.8024828809090288,-1.9730780928621106,-0.9708463897295524
3054,3.8024828809090288,-1.9730780928621086,-0.9708463897296494
3055,3.8024828809557802,-1.9730780933107697,-0.9708463897296494
3056,3.8024828809090288,-1.9730780928621126,-0.9708463897295524
3057,3.802482880955743,-1.9730780933107777,-0.9708463897296494
3058,3.802482880909066,-1.9730780928621003,-0.9708463897296494
3059,3.802482880955743,-1.9730780933107777,-0.9708463897295524
3060,3.8024828809090288,-1.9730780928621086,-0.9708463897296494
3061,4.093560345133899,-1.8806181183452193,0.32282883806194873
3062,4.093560345133937,-1.8806181178965582,0.3228288380620458
3063,4.093560345133937,-1.8806181183452193,0.32282883806194873
3064,4.093560345133899,-1.8806181183452233,0.32282883806194873
3065,1.8231561243292742,-1.2875212066257993,-1.7763422862790579
3066,1.8231561243293113,-1.2875212066258075,-1.7763422862791551
3067,1.8231561243292742,-1.2875212066258075,-1.7763422862790579
3068,1.8231561243292742,-1.2875212066257993,-1.7763422862791551
3069,1.8231561243293113,-1.2875212066258075,-1.7763422862790579
3070,1.8231561243292742,-1.2875212066258075,-1.7763422862791551
3071,1.8231561243293113,-1.2875212066258075,-1.7763422862790579
3072,0.11049388333848477,-2.138453657666059,1.575822454916714
3073,0.11049388329184456,-2.138453658114716,1.575822454916714
3074,0.11049388333848477,-2.138453657666059,1.575822454916714
3075,-0.09983305856867512,-3.0014134226652294,0.32282883806194873
3076,0.7414747089666471,-3.1908436149383514,0.6645543699315007
3077,1.7405276828857728,-3.127700217663522,-2.0692498850243326
3078,2.5818354503744176,-2.6856964353938313,-0.7023477575465132
3079,3.2128162760493315,-2.2436926535727415,4.081809688626244
3080,3.633470159770297,-1.6122586790299134,-2.410975416893885
3081,4.001542308061223,-0.9176813072122555,0.6645543699315007
3082,4.001542308061187,-0.22310393584327065,-0.36062222567705826
3083,3.8963788371075694,0.7871904236944748,0.3228288380620458
3084,3.686051895247161,1.3554810000651836,-2.410975416893885
3085,3.4757249533866044,1.797484782334898,-1.044073289415871
3086,3.317979746956197,1.7343413850600602,-2.06924988502443
3087,3.370561482433024,1.039764012793753,-0.3606222256769612
3088,3.370561482433024,0.9766206159675886,-1.7275243531548778
3089,4.054124043538013,-0.47567752539119806,-0.01889669380750623
3090,3.7912153661539527,-1.864832269026522,-2.4109754168937876
3091,3.370561482433024,-2.1174058585744415,1.3480054336704106
3092,3.633470159770334,-2.3699794481224012,-1.385798821285423
3093,3.1310224652765153,-2.1665173899377366,-1.0061037858748854
3094,3.1310224653231926,-2.166517389937769,-1.0061037858748854
3095,3.1310224652765153,-2.166517389937753,-1.0061037858748854
3096,3.131022465276497,-2.166517389937753,-1.0061037858748854
3097,3.131022465323174,-2.166517390386418,-1.006103785874788
3098,3.1310224652765153,-2.1665173899377366,-1.0061037858748854
3099,3.131022465276497,-2.166517389937769,-1.0061037858748854
3100,3.1310224653232295,-2.166517389937753,-1.0061037858748854
3101,3.1310224652764598,-2.166517389937769,-1.0061037858748854
3102,2.222526924686406,-2.054262461299628,-0.7023477575464161
3103,2.2225269246863686,-2.0542624608509628,-0.7023477575465132
3104,2.2225269246396175,-2.054262461299644,-0.7023477575465132
3105,2.2225269246863686,-2.054262461299628,-0.7023477575464161
3106,2.2225269246863872,-2.0542624608509787,-0.7023477575464161
3107,2.2225269246863317,-2.054262461299628,-0.7023477575465132
3108,3.16023454057256,-0.2862473331180842,-1.044073289415871
3109,3.107652805095696,1.6501501882449878,0.8923713911777069
3110,3.1076528050490375,1.650150188693653,0.892371391177804
3111,3.1076528050957144,1.6501501882449716,0.8923713911777069
3112,2.634417185851245,1.7904688491548144,-0.18975945974228225
3113,2.634417185851208,1.7904688491547982,-0.18975945974218514
3114,2.634417185851245,1.7904688496034635,-0.18975945974228225
3115,2.6344171858512637,1.7904688491547822,-0.18975945974218514
3116,2.6344171858979037,1.7904688491548144,-0.18975945974228225
3117,2.6344171858512637,1.7904688491548144,-0.18975945974228225
3118,2.634417185851245,1.7904688496034473,-0.18975945974218514
3119,2.634417185851208,1.7904688491548144,-0.18975945974228225
3120,2.634417185851245,1.7904688491547822,-0.18975945974228225
3121,2.6344171858512264,1.7904688491548144,-0.18975945974218514
3122,2.6344171858512637,1.7904688491547982,-0.18975945974228225
3123,2.634417185851208,1.7904688496034635,-0.18975945974218514
3124,2.634417185851245,1.7904688491548144,-0.18975945974228225
3125,2.63441718589795,1.7904688491547982,-0.18975945974228225
3126,2.6344171858512264,1.7904688491547982,-0.18975945974218514
3127,2.634417185851245,1.7904688496034553,-0.18975945974228225
3128,2.6344171858512357,1.7904688491548064,-0.18975945974218514
3129,2.6344171858512264,1.7904688491547982,-0.18975945974228225
3130,3.0024893341421346,0.913477218244118,1.6897309655398656
3131,3.1076528050957237,1.1660508077920535,-1.385798821285326
3132,2.8973258632352317,1.2291942055155323,1.6897309655398656
3133,2.1085998311299483,2.5552055514273695,-2.06924988502443
3134,0.951801650827176,2.9340659364222703,-0.01889669380750623
3135,0.3208208251989952,3.186639525521533,-0.3606222256769612
3136,0.9255107831121381,2.9656376346110322,-1.5566615872201992
3137,0.9255107831121289,2.9656376350596734,-1.556661587220102
3138,2.7921623922816337,1.986914974608004,2.0314564974094176
3139,3.2128162760026266,1.0397640132424182,1.0062799018008586
3140,3.4231432179098142,0.4714734364230525,-1.044073289415871
3141,3.4231432179098142,0.534616833249217,-1.044073289415968
3142,2.386531861520657,0.2910637292826304,-0.21416842630432373
3143,2.386531861473957,0.2910637292826304,-0.21416842630442084
3144,2.386531861520657,0.2910637292826304,-0.21416842630432373
3145,2.3865318614739524,0.2910637292826304,-0.21416842630432373
3146,2.386531861520657,0.2910637292826304,-0.21416842630432373
3147,2.3865318614739617,0.29106372928262236,-0.21416842630442084
3148,2.386531861520657,0.29106372928262236,-0.21416842630432373
3149,0.6888929734898849,1.2291942050668752,8.524241602929353
3150,-0.07354219080694616,1.7027696864226656,-5.828230735588629
3151,-0.07354219085363721,1.7027696859740005,-5.828230735588532
3152,-0.0669694738898606,1.3949456238105982,1.9033094229582872
3153,-0.06696947388985136,1.3949456233619248,1.9033094229582872
3154,-0.06696947388985598,1.3949456238106022,1.9033094229582872
3155,-0.06696947384315569,1.3949456238105942,1.9033094229582872
3156,-0.06696947388985598,1.3949456238105982,1.9033094229582872
3157,-0.0669694738898606,1.3949456238105942,1.9033094229582872
3158,-0.06696947388985598,1.3949456233619328,1.9033094229582872
3159,-0.06696947388985136,1.3949456238105942,1.9033094229582872
3160,0,0,0
3161,0,0,0
3162,0,0,0
3163,0,0,0
3164,0,0,0
3165,0,0,0
3166,0,0,0
3167,0,0,0
3168,0,0,0
3169,0,0,0
3170,0,0,0
3171,0,0,0
3172,0,0,0
3173,0,0,0
3174,0,0,0
3175,0,0,0
3176,0,0,0
3177,0,0,0
3178,0,0,0
3179,0,0,0
3180,0,0,0
3181,0,0,0
3182,0,0,0
3183,0,0,0
3184,0,0,0
3185,0,0,0
3186,0,0,0
3187,0,0,0
3188,0,0,0
3189,0,0,0
3190,0,0,0
3191,0,0,0
3192,0,0,0
3193,0,0,0
3194,0,0,0
3195,0,0,0
3196,0,0,0
3197,0,0,0
3198,0,0,0
3199,0,0,0
3200,0,0,0
3201,0,0,0
3202,0,0,0
3203,0,0,0
3204,0,0,0
3205,0,0,0
3206,0,0,0
3207,0,0,0
3208,0,0,0
3209,0,0,0
3210,0,0,0
3211,0,0,0
3212,0,0,0
3213,0,0,0
3214,0,0,0
3215,0,0,0
3216,0,0,0
3217,0,0,0
3218,0,0,0
3219,0,0,0
3220,0,0,0
3221,0,0,0
3222,0,0,0
3223,0,0,0
3224,0,0,0
3225,0,0,0
3226,0,0,0
3227,0,0,0
3228,0,0,0
3229,0,0,0
3230,0,0,0
3231,0,0,0
3232,0,0,0
3233,0,0,0
3234,0,0,0
3235,0,0,0
3236,0,0,0
3237,0,0,0
3238,0,0,0
3239,0,0,0
3240,0,0,0
3241,0,0,0
3242,0,0,0
3243,0,0,0
3244,0,0,0
3245,0,0,0
3246,0,0,0
3247,0,0,0
3248,0,0,0
3249,0,0,0
3250,0,0,0
3251,0,0,0
3252,0,0,0
3253,0,0,0
3254,0,0,0
3255,0,0,0
3256,0,0,0
3257,0,0,0
3258,0,0,0
3259,0,0,0
3260,0,0,0
3261,0,0,0
3262,0,0,0
3263,0,0,0
3264,0,0,0
3265,0,0,0
3266,0,0,0
3267,0,0,0
3268,0,0,0
3269,0,0,0
3270,0,0,0
3271,0,0,0
3272,0,0,0
3273,0,0,0
3274,0,0,0
3275,0,0,0
3276,0,0,0
3277,0,0,0
3278,0,0,0
3279,0,0,0
3280,0,0,0
3281,0,0,0
3282,0,0,0
3283,0,0,0
3284,0,0,0
3285,0,0,0
3286,0,0,0
3287,0,0,0
3288,0,0,0
3289,0,0,0
3290,0,0,0
3291,0,0,0
3292,0,0,0
3293,0,0,0
3294,0,0,0
3295,0,0,0
3296,0,0,0
3297,0,0,0
3298,0,0,0
3299,0,0,0
3300,0,0,0
3301,0,0,0
3302,0,0,0
3303,0,0,0
3304,0,0,0
3305,0,0,0
3306,0,0,0
3307,0,0,0
3308,0,0,0
3309,0,0,0
3310,0,0,0
3311,0,0,0
3312,0,0,0
3313,0,0,0
3314,0,0,0
3315,0,0,0
3316,0,0,0
3317,0,0,0
3318,0,0,0
3319,0,0,0
3320,0,0,0
3321,0,0,0
3322,0,0,0
3323,0,0,0
3324,0,0,0
3325,0,0,0
3326,0,0,0
3327,0,0,0
3328,0,0,0
3329,0,0,0
3330,0,0,0
3331,0,0,0
3332,0,0,0
3333,0,0,0
3334,0,0,0
3335,0,0,0
3336,0,0,0
3337,0,0,0
3338,0,0,0
3339,0,0,0
3340,0,0,0
3341,0,0,0
3342,0,0,0
3343,0,0,0
3344,0,0,0
3345,0,0,0
3346,0,0,0
3347,0,0,0
3348,0,0,0
3349,0,0,0
3350,0,0,0
3351,0,0,0
3352,0,0,0
3353,0,0,0
3354,0,0,0
3355,0,0,0
3356,0,0,0
3357,0,0,0
3358,0,0,0
3359,0,0,0
3360,0,0,0
3361,0,0,0
3362,0,0,0
3363,0,0,0
3364,0,0,0
3365,0,0,0
3366,0,0,0
3367,0,0,0
3368,0,0,0
3369,0,0,0
3370,0,0,0
3371,0,0,0
3372,0,0,0
3373,0,0,0
3374,0,0,0
3375,0,0,0
3376,0,0,0
3377,0,0,0
3378,0,0,0
3379,0,0,0
3380,0,0,0
3381,0,0,0
3382,0,0,0
3383,0,0,0
3384,0,0,0
3385,0,0,0
3386,0,0,0
3387,0,0,0
3388,0,0,0
3389,0,0,0
3390,0,0,0
3391,0,0,0
3392,0,0,0
3393,0,0,0
3394,0,0,0
3395,0,0,0
3396,0,0,0
3397,0,0,0
3398,0,0,0
3399,0,0,0
3400,0,0,0
3401,0,0,0
3402,0,0,0
3403,0,0,0
3404,0,0,0
3405,0,0,0
3406,0,0,0
3407,0,0,0
3408,0,0,0
3409,0,0,0
3410,0,0,0
3411,0,0,0
3412,0,0,0
3413,0,0,0
3414,0,0,0
3415,0,0,0
3416,0,0,0
3417,0,0,0
3418,0,0,0
3419,0,0,0
3420,0,0,0
3421,0,0,0
3422,0,0,0
3423,0,0,0
3424,0,0,0
3425,0,0,0
3426,0,0,0
3427,0,0,0
3428,0,0,0
3429,0,0,0
3430,0,0,0
3431,0,0,0
3432,0,0,0
3433,0,0,0
3434,0,0,0
3435,0,0,0
3436,0,0,0
3437,0,0,0
3438,0,0,0
3439,0,0,0
3440,0,0,0
3441,0,0,0
3442,0,0,0
3443,0,0,0
3444,0,0,0
3445,0,0,0
3446,0,0,0
3447,0,0,0
3448,0,0,0
3449,0,0,0
3450,0,0,0
3451,0,0,0
3452,0,0,0
3453,0,0,0
3454,0,0,0
3455,0,0,0
3456,0,0,0
3457,0,0,0
3458,0,0,0
3459,0,0,0
3460,0,0,0
3461,0,0,0
3462,0,0,0
3463,0,0,0
3464,0,0,0
3465,0,0,0
3466,0,0,0
3467,0,0,0
3468,0,0,0
3469,0,0,0
3470,0,0,0
3471,0,0,0
3472,0,0,0
3473,0,0,0
3474,0,0,0
3475,0,0,0
3476,0,0,0
3477,0,0,0
3478,0,0,0
3479,0,0,0
3480,0,0,0
3481,0,0,0
3482,0,0,0
3483,0,0,0
3484,0,0,0
3485,0,0,0
3486,0,0,0
3487,0,0,0
3488,0,0,0
3489,0,0,0
3490,0,0,0
3491,0,0,0
3492,0,0,0
3493,0,0,0
3494,0,0,0
3495,0,0,0
3496,0,0,0
3497,0,0,0
3498,0,0,0
3499,0,0,0
3500,0,0,0
3501,0,0,0
3502,0,0,0
3503,0,0,0
3504,0,0,0
3505,0,0,0
3506,0,0,0
3507,0,0,0
3508,0,0,0
3509,0,0,0
3510,0,0,0
3511,0,0,0
3512,0,0,0
3513,0,0,0
3514,0,0,0
3515,0,0,0
3516,0,0,0
3517,0,0,0
3518,0,0,0
3519,0,0,0
3520,0,0,0
3521,0,0,0
3522,0,0,0
3523,0,0,0
3524,0,0,0
3525,0,0,0
3526,0,0,0
3527,0,0,0
3528,0,0,0
3529,0,0,0
3530,0,0,0
3531,0,0,0
3532,0,0,0
3533,0,0,0
3534,0,0,0
3535,0,0,0
3536,0,0,0
3537,0,0,0
3538,0,0,0
3539,0,0,0
3540,0,0,0
3541,0,0,0
3542,0,0,0
3543,0,0,0
3544,0,0,0
3545,0,0,0
3546,0,0,0
3547,0,0,0
3548,0,0,0
3549,0,0,0
3550,0,0,0
3551,0,0,0
3552,0,0,0
3553,0,0,0
3554,0,0,0
3555,0,0,0
3556,0,0,0
3557,0,0,0
3558,0,0,0
3559,0,0,0
3560,0,0,0
3561,0,0,0
3562,0,0,0
3563,0,0,0
3564,0,0,0
3565,0,0,0
3566,0,0,0
3567,0,0,0
3568,0,0,0
3569,0,0,0
3570,0,0,0
3571,0,0,0
3572,0,0,0
3573,0,0,0
3574,0,0,0
3575,0,0,0
3576,0,0,0
3577,0,0,0
3578,0,0,0
3579,0,0,0
3580,0,0,0
3581,0,0,0
3582,0,0,0
3583,0,0,0
3584,0,0,0
3585,0,0,0
3586,0,0,0
3587,0,0,0
3588,0,0,0
3589,0,0,0
3590,0,0,0
3591,0,0,0
3592,0,0,0
3593,0,0,0
3594,0,0,0
3595,0,0,0
3596,0,0,0
3597,0,0,0
3598,0,0,0
3599,0,0,0
