time,dx,dy,dz
0,0.7645822581816296,-0.2077884252931503,-0.9115559778430953
1,0.7352669843587579,-0.29430214357578777,-0.9036705082648374
2,0.7352669844046215,-0.29430214357578777,-0.9036705082646431
3,0.735266984358462,-0.29430214357582,-0.9036705082648374
4,0.7352669844052132,-0.29430214357578777,-0.9036705082648374
5,0.735266984358462,-0.29430214357578777,-0.9036705082646431
6,0.7352669843581662,-0.29430214357582,-0.9036705082648374
7,0.7352669844049173,-0.29430214357578777,-0.9036705082648374
8,0.9214359448709049,-0.30184169444595393,-1.0912569288595548
9,0.9818483890589094,-0.30428830383208444,-1.152129343489634
10,0.9818483890583175,-0.304288303832149,-1.1521293434898283
11,0.9818483890121582,-0.3042883033834677,-1.152129343489634
12,0.9818483890583175,-0.30428830383211675,-1.1521293434898283
13,0.9818483890121582,-0.304288303832149,-1.152129343489634
14,0.9818483890583175,-0.30428830383208444,-1.152129343489634
15,0.6583159982278958,-0.5254848175267101,-0.9966557957032663
16,0.5533286661003151,-0.5972638193872818,-0.9462041146335629
17,0.5533286661473621,-0.5972638189386328,-0.9462041146335629
18,0.5533286661003151,-0.5972638193873141,-0.9462041146335629
19,0.5533286661473621,-0.5972638189386328,-0.9462041146335629
20,0.5533286661006109,-0.5972638193872818,-0.9462041146333686
21,0.5533286661470662,-0.5972638189386328,-0.9462041146335629
22,0.5533286661009068,-0.5972638193873141,-0.9462041146335629
23,1.097735915789456,-0.5794638966360035,-1.124482107197226
24,1.3366484497377724,-0.5716524196192074,-1.2027192118474597
25,1.3366484497842277,-0.5716524200679534,-1.2027192118474597
26,1.336648449783932,-0.5716524196192397,-1.202719211847654
27,1.3366484497374767,-0.5716524200678887,-1.2027192118474597
28,1.147087447008535,-0.7848756485656988,-1.1915702036444211
29,1.086567971211897,-0.8529495550571815,-1.1880107577537609
30,1.0865679711657377,-0.8529495555058628,-1.1880107577537609
31,1.086567971212489,-0.852949555505895,-1.1880107577537609
32,1.086567971165442,-0.8529495550572138,-1.1880107577537609
33,0.9465792285497899,-0.8623568033175814,-1.1172304022047446
34,0.8996671132075258,-0.865509298853385,-1.0935109506123069
35,0.8996671132078218,-0.8655092993020985,-1.0935109506125011
36,0.8996671132075258,-0.8655092988534172,-1.0935109506123069
37,0.8996671132078218,-0.865509298853385,-1.0935109506123069
38,0.8996671132078218,-0.8655092988534172,-1.0935109506123069
39,1.6421483596716966,-0.4657904823867234,-1.4299995812949506
40,1.8870091961975495,-0.3339683192230017,-1.5409692360943041
41,1.8870091961972535,-0.33396831922296943,-1.5409692360944984
42,1.8870091962440048,-0.3339683187743527,-1.5409692360944984
43,1.591832644451257,0.10286766968293184,-1.292660597574674
44,1.4965640219088785,0.24385706326955187,-1.212518656042091
45,1.4965640219556298,0.24385706282083827,-1.2125186560418968
46,1.4965640219553338,0.2438570632694873,-1.2125186560418968
47,1.4965640219088785,0.24385706326951959,-1.212518656042091
48,1.0830112665096543,0.18464052633298944,-0.8815348201642333
49,0.944424161598833,0.16479626707923792,-0.7706176735618752
50,0.944424161551786,0.16479626663055663,-0.7706176735618752
51,0.9444241615520819,0.16479626663055663,-0.7706176735618752
52,0.9444241615985371,0.16479626663055663,-0.7706176735618752
53,0.9444241615520819,0.16479626663055663,-0.7706176735618752
54,0.9444241615520819,0.16479626707920564,-0.7706176735618752
55,1.3471987777900953,0.5855922923545454,-1.200751271493181
56,1.481456983203457,0.7258576348607403,-1.3441291374704771
57,1.481456983156706,0.7258576344120267,-1.3441291374704771
58,1.481456983203457,0.7258576348607726,-1.3441291374704771
59,1.4814569832031612,0.7258576344120267,-1.3441291374704771
60,1.340151143151532,0.29067810126680427,-1.1157470309887272
61,1.296259289886459,0.1555043793871483,-1.0448078969963779
62,1.296259289839412,0.15550437983573276,-1.0448078969963779
63,1.2962592898861633,0.15550437938708375,-1.0448078969965722
64,1.2962592898391163,0.15550437983579732,-1.0448078969963779
65,1.4721829561323536,0.060600231263660174,-1.178960643086583
66,1.5298896567779723,0.02946965415333804,-1.2229655943272753
67,1.5298896567309253,0.02946965415333804,-1.2229655943272753
68,1.5298896567773805,0.02946965415333804,-1.2229655943272753
69,1.5298896567776765,0.02946965415333804,-1.2229655943272753
70,1.36987963679547,0.2568678395104063,-1.1263736300332439
71,1.2956143713937867,0.3624098959329038,-1.0815425133698087
72,1.2956143713464436,0.36240989638158505,-1.0815425133696146
73,1.2956143713467396,0.3624098959328715,-1.0815425133696146
74,1.2956143713934907,0.36240989638161736,-1.0815425133696146
75,1.103607980400589,0.39444057055485415,-0.9481140073256823
76,1.0402867238433329,0.40500387867276827,-0.9041109893747986
77,1.0402867238439246,0.4050038782241838,-0.9041109893749929
78,1.0402867237971734,0.4050038786728005,-0.9041109893747986
79,1.0402867238439246,0.40500387867273596,-0.9041109893749929
80,1.0402867238439246,0.4050038782241515,-0.9041109893747986
81,1.0402867237971734,0.4050038786728005,-0.9041109893747986
82,1.0085566908192662,0.4504617711282028,-0.8986368538661273
83,0.9943011687475942,0.470884882706015,-0.8961774596518727
84,0.9943011687014348,0.470884882706015,-0.8961774596518727
85,0.9943011687008431,0.47088488225733366,-0.8961774596518727
86,0.994301168748186,0.47088488270607953,-0.8961774596518727
87,0.9943011687008431,0.470884882706015,-0.8961774596518727
88,1.1102085378830648,0.1914111429912598,-0.9224078099659179
89,1.164253322893453,0.06109934040752475,-0.9346383838661622
90,1.1642533228467018,0.06109934040758931,-0.934638383865968
91,1.1642533228937488,0.061099340856206046,-0.934638383865968
92,1.164253322893453,0.06109934040755703,-0.9346383838661622
93,1.1642533228467018,0.061099340856206046,-0.934638383865968
94,1.0172262147171842,0.16039430139974614,-0.829691083716577
95,0.9520929936353822,0.20438211269791487,-0.7831992783113315
96,0.9520929936350864,0.20438211224926583,-0.7831992783113315
97,0.9520929936353822,0.20438211224923356,-0.7831992783113315
98,0.9520929935886311,0.20438211269794715,-0.7831992783113315
99,0.9520929936356781,0.20438211224923356,-0.7831992783113315
100,0.9520929936350864,0.20438211269794715,-0.7831992783113315
101,0.9520929936353822,0.20438211224923356,-0.7831992783113315
102,0.660591254785414,-0.3714905619461352,-0.7303382775600057
103,0.5639415437750813,-0.5624257102309644,-0.7128117939553653
104,0.5639415438224242,-0.5624257097822831,-0.7128117939553653
105,0.5639415437753772,-0.5624257097823154,-0.7128117939555595
106,0.5639415437756731,-0.5624257097823154,-0.7128117939553653
107,0.5639415437756731,-0.5624257102309644,-0.7128117939553653
108,0.5639415437756731,-0.5624257097823154,-0.7128117939553653
109,0.5639415438224242,-0.5624257097822831,-0.7128117939555595
110,-0.1195045219374754,-0.50722480162535,-0.6014794240516024
111,-0.3473198771589174,-0.4888244989063508,-0.5643686340838757
112,-0.34731987720626034,-0.48882449935499983,-0.5643686340838757
113,-0.3473198771589174,-0.4888244989063508,-0.5643686340838757
114,-0.34731987715921325,-0.4888244989063508,-0.5643686340838757
115,-0.34731987715921325,-0.4888244989063831,-0.5643686340838757
116,-0.34731987720566854,-0.4888244989063185,-0.5643686340838757
117,-0.3473198771589174,-0.4888244989063508,-0.5643686340838757
118,-0.34731987715921325,-0.4888244989063831,-0.5643686340838757
119,-0.34731987715921325,-0.4888244989063508,-0.5643686340838757
120,-0.4121014622460073,-0.35468808399138085,-0.5024263705567604
121,-0.43255880481904563,-0.3123292161234667,-0.4828656557588161
122,-0.4325588048657968,-0.31232921612353126,-0.48286565575862184
123,-0.43255880481963743,-0.31232921612353126,-0.4828656557588161
124,-0.43255880481904563,-0.3123292156748177,-0.4828656557588161
125,-0.4325588048657968,-0.31232921612353126,-0.48286565575862184
126,-0.43255880481904563,-0.312329216123499,-0.4828656557588161
127,-0.43255880486609266,-0.312329216123499,-0.4828656557588161
128,-0.43255880481904563,-0.312329216123499,-0.48286565575862184
129,-0.43255880486550086,-0.31232921567488225,-0.4828656557588161
130,-0.4325588048193415,-0.3123292161234667,-0.4828656557588161
131,-0.4325588048657968,-0.31232921612353126,-0.4828656557588161
132,0.20092241159926713,-0.26716371861879024,-0.4979394509179542
133,0.4098364298322075,-0.25226871452824257,-0.5029105961300745
134,0.40983642978575224,-0.2522687140796258,-0.5029105961300745
135,0.4098364298322075,-0.2522687145282748,-0.5029105961300745
136,0.40983642978545637,-0.2522687140796258,-0.5029105961300745
137,0.4098364298322075,-0.25226871407956125,-0.5029105961302687
138,0.40983642978545637,-0.2522687145282748,-0.5029105961300745
139,0.4098364298322075,-0.2522687140796258,-0.5029105961300745
140,0.40983642978575224,-0.25226871452824257,-0.5029105961300745
141,0.40983642978545637,-0.2522687140796258,-0.5029105961300745
142,0.4098364298319116,-0.2522687145282748,-0.5029105961300745
143,0.4098364297860481,-0.25226871407956125,-0.5029105961302687
144,0.4098364298319116,-0.2522687145283071,-0.5029105961300745
145,0.8638764432121872,0.3242856423600135,-1.1908730221782609
146,1.0128112151978808,0.5134077217477575,-1.4165393159817787
147,1.0128112151978808,0.5134077217478221,-1.4165393159815844
148,1.012811215196993,0.5134077217477253,-1.4165393159815844
149,1.0128112151981765,0.5134077221964711,-1.4165393159817787
150,1.0128112151972888,0.5134077217477898,-1.4165393159815844
151,1.0262263827782387,0.3870736903919678,-1.3593082290978564
152,1.030674287847619,0.345186640976079,-1.3403328088126354
153,1.030674287847915,0.34518664142479255,-1.3403328088128297
154,1.030674287894666,0.345186641424728,-1.3403328088126354
155,1.030674287847915,0.34518664097611124,-1.3403328088128297
156,1.030674287847619,0.3451866414247603,-1.3403328088126354
157,1.0369969833541637,0.5347271925952515,-1.4629448991754117
158,1.0390933230988393,0.5975708642502736,-1.5035979091623297
159,1.0390933230985435,0.5975708638015278,-1.503597909162524
160,1.0390933230988393,0.5975708642502413,-1.5035979091623297
161,1.0390933230988393,0.5975708638015601,-1.503597909162524
162,1.0390933230985435,0.5975708642502413,-1.5035979091623297
163,1.0463061233907776,0.5348348797174896,-1.4673417636374926
164,1.0487232300191371,0.5138112051183811,-1.4551918403709274
165,1.0487232300194331,0.5138112051184134,-1.4551918403707331
166,1.0487232299726819,0.5138112051183811,-1.4551918403709274
167,1.0487232300194331,0.5138112055670624,-1.4551918403707331
168,1.0487232300188414,0.5138112051183811,-1.4551918403709274
169,1.008789447945095,0.49780114787229923,-1.4018775885787351
170,0.9956197963735555,0.4925212350660053,-1.3842952289452057
171,0.9956197964203066,0.49252123551468663,-1.3842952289452057
172,0.9956197963732596,0.49252123551462207,-1.3842952289450114
173,0.9956197964203066,0.4925212350660053,-1.3842952289452057
174,0.9956197963732596,0.49252123551468663,-1.3842952289452057
175,1.358747933643066,0.48639531081030535,-1.7857005552508916
176,1.4785029576353335,0.48437505886949794,-1.918078907543056
177,1.4785029576350377,0.48437505886949794,-1.918078907543056
178,1.4785029576356294,0.4843750588695302,-1.918078907543056
179,1.4785029576356294,0.4843750588695302,-1.918078907543056
180,1.7550357025747771,0.6174158817407442,-2.297788882088595
181,1.8447714940015318,0.6605880693871944,-2.421006026146287
182,1.8447714940018278,0.6605880693871298,-2.421006026146481
183,1.844771494001236,0.6605880693871621,-2.421006026146287
184,1.400031002248756,0.8985605765880931,-2.1263135585478357
185,1.2541466709618185,0.9766206155189234,-2.0296481674499502
186,1.2541466710088656,0.9766206155189234,-2.0296481674497557
187,1.2541466709624103,0.9766206159675724,-2.0296481674497557
188,1.2251802487157202,0.6631303305689835,-1.755199489497614
189,1.2156786466619247,0.5602988558201804,-1.6651744915504556
190,1.2156786466616287,0.5602988558201804,-1.66517449155065
191,1.2156786466616287,0.5602988562688616,-1.6651744915504556
192,1.2156786466619247,0.560298855820148,-1.6651744915504556
193,0.7528876417767896,-0.22625540125382965,-1.1875132029102795
194,0.6043298951692592,-0.4787424351556487,-1.0341820362796328
195,0.604329895122508,-0.47874243515568093,-1.0341820362794385
196,0.6043298951686674,-0.4787424351557132,-1.0341820362794385
197,0.6043298951228039,-0.4787424351556487,-1.0341820362796328
198,0.6043298951689633,-0.47874243515568093,-1.0341820362794385
199,0.6043298951228039,-0.47874243515568093,-1.0341820362794385
200,0.6043298951686674,-0.47874243515568093,-1.0341820362796328
201,0.12424646898149366,-0.5659496161697494,-0.9524897639871629
202,-0.10063842517557658,-0.6067999692483041,-0.9142227524435874
203,-0.10063842517616838,-0.6067999692483041,-0.9142227524435874
204,-0.10063842522262363,-0.606799969248272,-0.9142227524433931
205,-0.10063842517587247,-0.606799969248272,-0.9142227524435874
206,-0.10063842517616838,-0.6067999696969532,-0.9142227524435874
207,-0.10063842517587247,-0.606799969248272,-0.9142227524435874
208,-0.10063842517616838,-0.6067999692483041,-0.9142227524435874
209,-0.10063842522262363,-0.606799969248272,-0.9142227524433931
210,-0.10063842517587247,-0.6067999696969532,-0.9142227524435874
211,-0.5318394844819854,-0.7233361531659556,-1.2757903625431455
212,-0.6702567334152302,-0.7607447308100481,-1.391854998281892
213,-0.6702567334149343,-0.7607447303613669,-1.391854998281892
214,-0.6702567334149343,-0.7607447303614314,-1.391854998281892
215,-0.6702567334149343,-0.7607447308100804,-1.391854998281892
216,-0.6702567334152302,-0.7607447303613669,-1.391854998281892
217,-0.3946617301990145,-1.0910390837687496,-1.676002051567538
218,-0.3095302894446271,-1.1930671824088528,-1.7637752250954537
219,-0.3095302894446271,-1.193067182408885,-1.7637752250954537
220,-0.3095302894446271,-1.1930671824088206,-1.763775225095648
221,-0.309530289444923,-1.193067182408885,-1.7637752250954537
222,-0.17159002135612206,-1.075526337434024,-1.5745745602106256
223,-0.12658563679372573,-1.037177467652312,-1.5128459613226108
224,-0.1265856367943175,-1.037177467652312,-1.5128459613226108
225,-0.1265856367940216,-1.037177467652312,-1.5128459613226108
226,-0.1265856367940216,-1.037177467652312,-1.5128459613224166
227,-0.1265856367943175,-1.037177467652312,-1.5128459613226108
228,0.35656745836562187,-0.4947543274245555,-0.9641136913884041
229,0.4968377117818763,-0.33727664184138206,-0.804804322697878
230,0.49683771178246805,-0.3372766418414143,-0.8048043226976838
231,0.4968377117818763,-0.3372766422901279,-0.804804322697878
232,0.49683771178246805,-0.33727664184138206,-0.804804322697878
233,0.4968377117821722,-0.3372766418414466,-0.804804322697878
234,0.4968377117821722,-0.33727664184138206,-0.8048043226976838
235,0.4968377117821722,-0.3372766418414789,-0.804804322697878
236,0.49683771178246805,-0.33727664184134976,-0.804804322697878
237,0.4968377117818763,-0.3372766418414466,-0.804804322697878
238,0.4968377117821722,-0.3372766418414143,-0.8048043226976838
239,0.4214514933646446,-0.5112614061956966,-0.934833248040306
240,0.3971204916265621,-0.5674152192433142,-0.9768002556904737
241,0.3971204916265621,-0.5674152196919632,-0.9768002556902794
242,0.3971204916727215,-0.5674152192433142,-0.9768002556904737
243,0.3971204916265621,-0.5674152192433142,-0.9768002556904737
244,0.39712049162597035,-0.5674152192433142,-0.9768002556902794
245,0.3971204916736092,-0.5674152192433142,-0.9768002556904737
246,0.3971204916262662,-0.5674152192432497,-0.9768002556904737
247,0.3971204916262662,-0.5674152192433142,-0.9768002556902794
248,-0.046481680005018594,-1.0354153957878318,-1.5435660552759207
249,-0.18351062305571933,-1.1799808952053872,-1.7186403075038572
250,-0.1835106230563111,-1.1799808952053226,-1.7186403075040515
251,-0.18351062305601523,-1.1799808952053872,-1.7186403075038572
252,-0.18351062305601523,-1.1799808952053872,-1.7186403075038572
253,-0.5487441842556,-1.0389119073940145,-1.6753755581810197
254,-0.6691935501688632,-0.9923891557127067,-1.6611073961703997
255,-0.6691935501694549,-0.992389155712739,-1.6611073961703997
256,-0.6691935502153185,-0.9923891557127067,-1.6611073961703997
257,-0.6691935501688632,-0.9923891557126744,-1.6611073961703997
258,-0.4189751386534867,-1.0643250165758007,-1.686159408235998
259,-0.3039111976053774,-1.097405011056114,-1.6976796765579671
260,-0.30391119760567326,-1.097405011056114,-1.6976796765577729
261,-0.3039111976524244,-1.097405011056114,-1.6976796765579671
262,-0.30391119760596913,-1.097405010607465,-1.6976796765579671
263,-0.47374992599017507,-0.8824373533833715,-1.4880725056597166
264,-0.5291615005878606,-0.8123020164120418,-1.4196860812019936
265,-0.5291615005411094,-0.8123020164120095,-1.4196860812021879
266,-0.5291615005414053,-0.8123020164120418,-1.4196860812019936
267,-0.5291615005411094,-0.812302016411945,-1.4196860812021879
268,-0.5291615005411094,-0.8123020164120418,-1.4196860812019936
269,-0.6756080604760437,-0.7826924317972399,-1.4872902010611848
270,-0.7236456439320516,-0.7729798595271656,-1.5094657888501102
271,-0.7236456439329392,-0.7729798595271979,-1.5094657888503045
272,-0.7236456438853004,-0.7729798590785489,-1.5094657888501102
273,-0.7236456439323474,-0.7729798595271979,-1.5094657888501102
274,-0.723645643886188,-0.7729798590784843,-1.5094657888503045
275,-1.1249379632231098,-0.8274912316323007,-1.9310942328432192
276,-1.3018766515482134,-0.851526504770806,-2.1169995698198703
277,-1.3018766515476217,-0.851526505219455,-2.1169995698200648
278,-1.3018766515949645,-0.851526504770806,-2.1169995698198703
279,-1.386476531665819,-0.8063072464829003,-2.1661070638063937
280,-1.4143764920949653,-0.7913945126626042,-2.182302088418803
281,-1.4143764921420123,-0.7913945122139874,-2.182302088418997
282,-1.4143764921417166,-0.7913945126626364,-2.182302088418803
283,-1.3226075015596281,-0.8537844276043359,-2.1414657964002055
284,-1.2923432599809004,-0.8743598254335417,-2.1279985086066318
285,-1.2923432599341491,-0.8743598254335094,-2.127998508606826
286,-1.2923432599809004,-0.8743598254335417,-2.1279985086066318
287,-1.1579204294433678,-0.8225575930063037,-1.948366052902309
288,-1.1003106448540276,-0.8003566364440051,-1.8713807147431751
289,-1.100310644900779,-0.8003566364440696,-1.8713807147433692
290,-1.1003106449010747,-0.8003566364440696,-1.8713807147431751
291,-1.1003106448540276,-0.8003566364440051,-1.8713807147431751
292,-0.7106995420545315,-0.955473608755682,-1.7433890096249063
293,-0.5835850443194136,-1.0060820637558943,-1.7016304427029922
294,-0.5835850442735501,-1.0060820637559265,-1.7016304427029922
295,-0.5835850443194136,-1.0060820637559589,-1.7016304427029922
296,-0.5835850443194136,-1.0060820637559265,-1.7016304427029922
297,-0.30479216412493365,-0.9872920205960634,-1.5616769521734208
298,-0.21383321383512213,-0.9811615814664102,-1.5160157337780562
299,-0.2138332138357139,-0.9811615819151561,-1.516015733777862
300,-0.21383321383512213,-0.9811615819150915,-1.5160157337780562
301,-0.21383321383453036,-0.9811615819151561,-1.516015733777862
302,-0.2138332138818733,-0.9811615819150915,-1.5160157337780562
303,-0.5567650191781193,-0.9806015118791929,-1.6696502854139712
304,-0.6674467129800732,-0.9804207486766214,-1.719236040174801
305,-0.6674467129803691,-0.9804207486765569,-1.7192360401746067
306,-0.6674467129803691,-0.980420748676686,-1.719236040174801
307,-0.6674467129800732,-0.9804207482279402,-1.719236040174801
308,-0.9605544544355304,-0.9707522340021066,-1.93091385117729
309,-1.0561837706320631,-0.9675977849971039,-1.9999758425655463
310,-1.0561837706320631,-0.9675977849971039,-1.999975842565352
311,-1.0561837706320631,-0.9675977849970393,-1.9999758425655463
312,-1.056183770632359,-0.9675977849971039,-1.999975842565352
313,-1.4337809372494048,-1.0012415473758827,-2.3895178850727943
314,-1.558976269462131,-1.0123964035731854,-2.5186736355178074
315,-1.55897626941538,-1.0123964031244395,-2.5186736355178074
316,-1.5589762694618352,-1.0123964035731854,-2.5186736355178074
317,-1.253111199344689,-0.9414076567353895,-2.1549044843640957
318,-1.1516992120279812,-0.9178707757807396,-2.0342939402400533
319,-1.1516992120282772,-0.9178707753319938,-2.0342939402400533
320,-1.1516992120282772,-0.9178707753321229,-2.0342939402400533
321,-1.1516992120279812,-0.9178707757807396,-2.0342939402400533
322,-1.0321033995150704,-0.9095608504974441,-1.91844852226221
323,-0.9926622272845292,-0.9068203431468783,-1.8802441822909282
324,-0.9926622273312804,-0.9068203431468137,-1.8802441822907339
325,-0.9926622273312804,-0.9068203435955596,-1.8802441822909282
326,-0.9926622273312804,-0.9068203431468137,-1.8802441822907339
327,-1.3139704195077562,-0.8104768359160757,-2.1076842782547542
328,-1.4556423313653473,-0.7679968453289702,-2.207967663506896
329,-1.4556423313653473,-0.7679968453289057,-2.207967663506702
330,-1.4556423313650515,-0.7679968457775224,-2.207967663506896
331,-1.3043197768217438,-0.928156811061041,-2.196922280293882
332,-1.2497613048100882,-0.9859015610318504,-2.1929399312445588
333,-1.2497613048100882,-0.985901561031915,-2.1929399312443647
334,-1.2497613047633371,-0.9859015605831691,-2.1929399312443647
335,-0.25255544673413044,-0.7912324904713879,-1.3863890682468458
336,0.07104115616804267,-0.7280617320648143,-1.1246606425057555
337,0.07104115621479383,-0.7280617320648788,-1.1246606425057555
338,0.07104115621479383,-0.7280617325135601,-1.1246606425057555
339,0.07104115621508973,-0.7280617320648788,-1.1246606425057555
340,0.07104115621508973,-0.7280617320648788,-1.1246606425057555
341,0.07104115621479383,-0.7280617325134956,-1.1246606425057555
342,0.07104115616833857,-0.7280617320648788,-1.1246606425057555
343,-0.13118075397406334,-0.8505669852737104,-1.3190903111720425
344,-0.19751383743867565,-0.8907513116788602,-1.3828673738024433
345,-0.19751383743867565,-0.8907513112301143,-1.3828673738024433
346,-0.19751383743837975,-0.8907513116787956,-1.3828673738024433
347,-0.19751383743837975,-0.8907513112301143,-1.3828673738024433
348,-0.1975138374854268,-0.8907513112301143,-1.3828673738024433
349,-0.19751383743867565,-0.8907513116788602,-1.3828673738024433
350,-0.6720134646017463,-0.8844494872552157,-1.4115273184368917
351,-0.8268236877433259,-0.8823934541651106,-1.420877910453054
352,-0.826823687790373,-0.8823934541651751,-1.420877910453054
353,-0.8268236877897812,-0.882393454165046,-1.420877910453054
354,-0.826823687790373,-0.8823934541651751,-1.420877910453054
355,-0.7829113674361273,-1.0881021518121807,-1.291641446043143
356,-0.7640020563661236,-1.1766834364601497,-1.235990264659162
357,-0.7640020563199643,-1.1766834364601497,-1.2359902646593564
358,-0.7640020563661236,-1.1766834360114684,-1.235990264659162
359,-0.7640020563667155,-1.176683436460085,-1.235990264659162
360,-0.7862136554353496,-1.5580875825099818,-1.546921834267104
361,-0.7925516696067598,-1.666920127731796,-1.6356452384480553
362,-0.7925516695600087,-1.6669201277318606,-1.6356452384482494
363,-0.7925516695594169,-1.666920127731796,-1.6356452384482494
364,-0.83738147274631,-1.3651943388574763,-1.4115208615342358
365,-0.8516938900922405,-1.2688649971949415,-1.3399666409365245
366,-0.8516938900454893,-1.2688649967463248,-1.3399666409367188
367,-0.8516938900928324,-1.2688649971949415,-1.3399666409365245
368,-0.5127359314435558,-1.1941492854648734,-1.1748509985270812
369,-0.4114887489604018,-1.1718316048540784,-1.1255307417035014
370,-0.4114887489609936,-1.171831604854143,-1.1255307417036957
371,-0.4114887489609936,-1.1718316053026951,-1.1255307417035014
372,-0.4114887489609936,-1.171831604854143,-1.1255307417035014
373,-0.1768361709234538,-1.3960448775848684,-1.2901992064184935
374,-0.08738297812663837,-1.4815184457391894,-1.3529733725250452
375,-0.08738297817279775,-1.4815184457391894,-1.3529733725250452
376,-0.08738297812693427,-1.4815184457390604,-1.3529733725252395
377,-0.1126099667628431,-1.360886291348336,-1.248157502560397
378,-0.12084052273992878,-1.3215288513276093,-1.2139602823862308
379,-0.12084052269376941,-1.3215288513275447,-1.2139602823862308
380,-0.12084052273992878,-1.321528851327674,-1.2139602823862308
381,-0.1208405226934735,-1.321528850878928,-1.2139602823862308
382,-0.010002521853641021,-1.3973702198630826,-1.2779280999072067
383,0.026354697562851935,-1.4222477998586274,-1.2989109032641295
384,0.02635469751580488,-1.4222477998586274,-1.2989109032641295
385,0.026354697562851935,-1.4222477998586274,-1.2989109032641295
386,0.026354697562851935,-1.422247799858692,-1.2989109032641295
387,0.44503008335266586,-1.309069648384012,-1.2616536381377543
388,0.5838452246150193,-1.2715445355775972,-1.2493006967041225
389,0.5838452245682682,-1.2715445360262139,-1.2493006967041225
390,0.5838452246147234,-1.2715445355775972,-1.2493006967043168
391,0.5838452245679723,-1.2715445360262785,-1.2493006967041225
392,0.7125498555801604,-1.3027181240063774,-1.3141912478149158
393,0.7549949998691721,-1.3129987758054116,-1.3355913231814167
394,0.754994999822125,-1.3129987753567947,-1.3355913231812226
395,0.754994999822125,-1.3129987758054116,-1.3355913231814167
396,0.6354382189893968,-1.6328619229931098,-1.5662944897013213
397,0.5964316300190006,-1.7372204561317994,-1.6415636925713872
398,0.5964316300657517,-1.7372204565804807,-1.641563692571193
399,0.5964316300190006,-1.7372204561317348,-1.6415636925713872
400,1.0616681157785903,-0.9325859395641103,-1.2604302076402893
401,1.215920958636004,-0.6658029902934807,-1.1340623810786692
402,1.2159209586354123,-0.6658029902935452,-1.1340623810786692
403,1.215920958636004,-0.6658029902934807,-1.134062381078475
404,1.215920958635708,-0.6658029902935452,-1.1340623810786692
405,1.503832266259338,-0.31636932338889395,-1.2297678984072153
406,1.5967560216587342,-0.20358914528144936,-1.260656980719343
407,1.59675602165903,-0.203589145729937,-1.260656980719343
408,1.5967560216584382,-0.2035891452813848,-1.2606569807195374
409,1.787757054657127,-0.009058855384147482,-1.3962230230292711
410,1.87276907517309,0.07752398986628765,-1.4565616661380818
411,1.872769075126339,0.07752399031490438,-1.456561666138276
412,1.87276907517309,0.07752398986628765,-1.456561666138276
413,1.7054995258937644,-0.11254431385254936,-1.3370422125879198
414,1.6497430094675196,-0.17590041494249367,-1.297202394737801
415,1.6497430094678156,-0.17590041494255823,-1.297202394737801
416,1.6497430094675196,-0.17590041539117496,-1.2972023947379954
417,1.61467811545793,-0.2303798078500516,-1.2786930100858385
418,1.6031760851093808,-0.2482502066922224,-1.2726215386263153
419,1.6031760851096766,-0.2482502066922224,-1.2726215386263153
420,1.6031760851564278,-0.2482502066922224,-1.2726215386263153
421,1.6031760851093808,-0.24825020669215783,-1.2726215386263153
422,2.153867870597611,0.18161396899301407,-1.6923170526226046
423,2.3364540951060957,0.32413884233319074,-1.8314704254389256
424,2.3364540951060957,0.3241388423331262,-1.8314704254389256
425,2.0168944990541204,0.13839891135635443,-1.56294731456699
426,1.910941983129458,0.07681536553962967,-1.4739163497106484
427,1.9109419831297538,0.07681536598824641,-1.4739163497108427
428,1.9109419831762091,0.07681536553956513,-1.4739163497106484
429,1.8623928248620158,0.660130058472033,-0.5708963743295129
430,1.8462097721062016,0.8545682894495008,-0.2698897158691343
431,1.8462097721064976,0.8545682890008195,-0.2698897158691343
432,1.8462097721062016,0.8545682894495008,-0.26988971586894006
433,1.6803447704380403,0.6935761781307769,-0.24216745288609642
434,1.6072112107121848,0.6225911838921158,-0.229944091974281
435,1.6072112106657295,0.6225911834434344,-0.229944091974281
436,1.607211210711593,0.6225911838921803,-0.229944091974281
437,1.0375454544448852,0.3225260462059367,-0.15086721216159096
438,0.8526870303025197,0.22515391539188934,-0.12520650281832166
439,0.8526870302554727,0.2251539153919539,-0.12520650281832166
440,0.8526870303025197,0.22515391539188934,-0.12520650281812742
441,0.8526870302551767,0.2251539153919539,-0.12520650281832166
442,0.8526870303028156,0.22515391539201846,-0.12520650281832166
443,0.8526870302551767,0.22515391584050606,-0.12520650281832166
444,0.8526870303025197,0.2251539153919539,-0.12520650281832166
445,1.024635460050746,0.21381616126396594,-0.1452176393548562
446,1.1026120735750558,0.20867462173693957,-0.15429245708647046
447,1.1026120735753517,0.208674621736875,-0.15429245708666472
448,1.1026120735753517,0.2086746221855563,-0.15429245708647046
449,1.1026120735753517,0.208674621736875,-0.15429245708647046
450,1.1026120736221028,0.208674621736875,-0.15429245708647046
451,0.9280819223021505,0.07249335839751,-0.13152849920519857
452,0.8525688769012515,0.013572524836469127,-0.12167933691262109
453,0.8525688769018432,0.013572524836598245,-0.12167933691281534
454,0.8525688769012515,0.013572524836533687,-0.12167933691262109
455,0.8525688769012515,0.013572524836533687,-0.12167933691262109
456,0.8525688769015474,0.01357252528521498,-0.12167933691281534
457,0.8525688769012515,0.013572524836533687,-0.12167933691262109
458,0.8525688769015474,0.013572524836533687,-0.12167933691262109
459,1.092731199732167,0.12079507626656635,-0.15160857317194737
460,1.1710865464334594,0.1557775003175124,-0.1613732842061619
461,1.1710865464325717,0.1557775003175124,-0.1613732842061619
462,1.1710865464331635,0.1557775003175124,-0.1613732842061619
463,1.1710865464328675,0.1557775003175124,-0.1613732842061619
464,1.1710865464328675,0.15577750031738327,-0.1613732842061619
465,1.2437217433806789,0.29878140208908804,-0.17401675616070914
466,1.2672921052772048,0.345186640976079,-0.1781196046756451
467,1.2672921052769088,0.34518664142469574,-0.1781196046756451
468,1.2672921053230684,0.34518664142482486,-0.1781196046756451
469,1.2672921052769088,0.3451866414247603,-0.17811960467583937
470,1.3327786128477492,0.24974482804080825,-0.18299597094203834
471,1.3540292014538038,0.21877364396939775,-0.18457836794227275
472,1.3540292014067568,0.21877364352071646,-0.184578367942467
473,1.3540292014538038,0.21877364396939775,-0.184578367942467
474,1.3540292014073485,0.2187736435206519,-0.184578367942467
475,1.3540292014535078,0.21877364396939775,-0.18457836794227275
476,1.304108990317404,0.15181759476355003,-0.17741123129627903
477,1.287557548778558,0.12961778677297514,-0.175034910357631
478,1.2875575488247175,0.12961778632442295,-0.17503491035743673
479,1.2875575488244215,0.12961778632429383,-0.175034910357631
480,1.2875575488250133,0.12961778677297514,-0.17503491035743673
481,1.5089710251268245,0.3974404801339106,-0.20931744107432057
482,1.600730782683803,0.5084334779713332,-0.22352505281419502
483,1.6007307826840989,0.5084334779712687,-0.22352505281419502
484,1.6007307826840989,0.5084334779712687,-0.22352505281400079
485,1.374293759532299,0.2812872407916682,-0.18913216826453516
486,1.2996177199984769,0.2063773118670787,-0.17778983399825712
487,1.2996177199984769,0.2063773114182683,-0.1777898339980629
488,1.2996177199987728,0.2063773114183974,-0.17778983399825712
489,1.2996177199984769,0.20637731186688502,-0.17778983399825712
490,1.2419759470386782,0.11253313077194084,-0.16949071420063463
491,1.2232710008696288,0.0820803832551837,-0.1667976223458323
492,1.2232710008228778,0.08208038370386499,-0.1667976223458323
493,1.2232710008696288,0.08208038370386499,-0.1667976223458323
494,1.2232710008225818,0.08208038325524826,-0.1667976223458323
495,1.223271000869333,0.08208038370386499,-0.1667976223458323
496,1.1709949077920772,0.3440935049017825,-0.16837749768830979
497,1.153939312477212,0.4295778920631505,-0.1688929477337788
498,1.1539393124307566,0.42957789206308594,-0.16889294773358457
499,1.153939312477212,0.42957789206308594,-0.1688929477337788
500,1.153939312476916,0.4295778920631505,-0.1688929477337788
501,1.1539393124310526,0.4295778920631505,-0.16889294773358457
502,1.0062980988303356,0.12669595584253138,-0.14289720083897975
503,0.958904684113046,0.02946965415333804,-0.13455246306427934
504,0.958904684113046,0.02946965415333804,-0.13455246306427934
505,0.958904684113046,0.02946965415333804,-0.13455246306427934
506,0.9589046841133418,0.02946965415333804,-0.13455246306427934
507,0.9589046841133418,0.02946965415333804,-0.13455246306427934
508,0.958904684113046,0.02946965415333804,-0.13455246306427934
509,1.118596863742969,-0.033999929859499,-0.15428572181059774
510,1.1706980258339348,-0.05470751303778174,-0.1607238937623422
511,1.1706980257868878,-0.05470751258903589,-0.16072389376253643
512,1.1706980258339348,-0.0547075130378463,-0.1607238937623422
513,1.1706980257868878,-0.05470751303778174,-0.1607238937623422
514,1.1706980258339348,-0.05470751258916501,-0.16072389376253643
515,1.1835970850565962,0.17500915180150056,-0.16436956957627963
516,1.1878282505602167,0.25036109957487723,-0.16556542870776533
517,1.1878282505602167,0.2503610995749418,-0.16556542870776533
518,1.1878282505605127,0.25036109957487723,-0.16556542870776533
519,1.1878282505602167,0.2503610995749418,-0.16556542870776533
520,1.1878282505605127,0.2503610995748127,-0.16556542870776533
521,1.0504944736077289,0.4952614548250961,-0.16289292775137748
522,1.0047165479723845,0.5768949071733032,-0.16200209409937769
523,1.0047165480194316,0.5768949067246865,-0.16200209409918342
524,1.0047165479723845,0.5768949071733032,-0.16200209409918342
525,1.0047165479723845,0.5768949067246218,-0.16200209409918342
526,1.0047165479726803,0.5768949071733032,-0.16200209409918342
527,1.0523953251410036,0.7543841607719421,-0.18126804455470127
528,1.0681191771444416,0.812917851638121,-0.18762170906656744
529,1.068119177190601,0.8129178511895043,-0.18762170906676168
530,1.0681191771438499,0.8129178511894398,-0.18762170906656744
531,1.0681191771908969,0.8129178511894398,-0.18762170906656744
532,0.920314250555373,0.7454710069734426,-0.0366715872908109
533,0.8723510625339559,0.7235842830301014,0.012312227060298428
534,0.8723510624872047,0.7235842830302305,0.012312227060298428
535,0.8723510624875007,0.7235842825814847,0.012312227060104179
536,0.8723510624869089,0.7235842830301014,0.012312227060298428
537,0.8723510624875007,0.7235842830301014,0.012312227060298428
538,1.0508169710796469,0.7431164044624079,0.13386846177245962
539,1.1099887569910971,0.7495924340131184,0.17417139445320445
540,1.1099887570381441,0.7495924340131184,0.17417139445320445
541,1.1099887569910971,0.7495924335645017,0.17417139445320445
542,1.109988756991393,0.7495924340131184,0.17417139445320445
543,1.0385388189080835,0.7970404517324041,0.17122424245621468
544,1.015101720927034,0.8126044091108667,0.17025751397907551
545,1.0151017209740811,0.8126044091108667,0.17025751397907551
546,1.0151017209737851,0.8126044095595479,0.17025751397907551
547,1.0151017209737851,0.8126044091108021,0.17025751397926975
548,0.5311680852843526,0.9439670336693761,0.14978727136976103
549,0.37327992300010193,0.9868253969780277,0.14310865110196558
550,0.37327992295364665,0.9868253965294109,0.1431086511021598
551,0.37327992300010193,0.9868253965294109,0.1431086511021598
552,0.37327992300010193,0.9868253965294109,0.14310865110196558
553,0.37327992295305484,0.9868253969780922,0.1431086511021598
554,0.06833395104181468,1.0131750376223583,0.14107573888261615
555,-0.03223333756649048,1.0218648130674315,0.140405310384665
556,-0.03223333761383342,1.0218648130673023,0.140405310384665
557,-0.032233337566786376,1.0218648135160482,0.140405310384665
558,-0.032233337613537534,1.0218648130673669,0.140405310384665
559,-0.032233337566786376,1.0218648130673669,0.140405310384665
560,-0.032233337613537534,1.0218648130673669,0.14040531038485926
561,0.015883895762881364,1.3462737136526164,0.19240826205228712
562,0.03166737066887789,1.4526867261689749,0.20946633517560784
563,0.03166737066887789,1.4526867266175916,0.2094663351758021
564,0.03166737066887789,1.4526867261689103,0.20946633517560784
565,-0.15469120962641952,1.2259903163311057,0.17503808319317157
566,-0.21354128760869276,1.154401976028035,0.16416600361955594
567,-0.21354128760928456,1.1544019760279707,0.16416600361955594
568,-0.2135412875625334,1.154401976028035,0.1641660036197502
569,-0.21354128760898866,1.154401976028035,0.16416600361955594
570,-0.21354128760898866,1.1544019760279707,0.1641660036197502
571,0.5068184573552824,1.413692078674223,0.22008821800894227
572,0.7418429895437892,1.4982880536949497,0.23833339670872628
573,0.74184298949763,1.4982880536950143,0.2383333967089205
574,0.7418429895440852,1.4982880536950143,0.2383333967089205
575,1.2450873032580456,1.5653594190516609,0.284120084890331
576,1.4075100711743462,1.587006790970134,0.29889779906523534
577,1.4075100711743462,1.5870067909701986,0.2988977990650411
578,1.5862989895592081,1.0640842492651628,0.26142852821146007
579,1.644003349409521,0.8953103070909153,0.24933527148096904
580,1.6440033494559763,0.895310306642234,0.24933527148096904
581,1.6440033494556805,0.8953103070909153,0.24933527148096904
582,1.737801283804695,0.9571234999502425,0.265713339584045
583,1.76990661708325,0.9782810356465271,0.2713192555121221
584,1.76990661708325,0.9782810351980396,0.2713192555121221
585,1.76990661708325,0.9782810356465917,0.2713192555121221
586,1.6396730329732088,0.9180042207598419,0.25072464571364855
587,1.5967236594393799,0.898125697279009,0.24393280631170194
588,1.5967236594396759,0.8981256968302632,0.2439328063118962
589,1.5967236594390841,0.8981256968303277,0.2439328063118962
590,1.5760055911015531,0.9928310388562525,0.2500393040766779
591,1.569246115288127,1.0237295986489279,0.2520316097136113
592,1.569246115287831,1.0237295990975446,0.25203160971380556
593,1.569246115288127,1.0237295986487986,0.2520316097136113
594,1.480726191333528,0.9646554460194111,0.23643259231167432
595,1.4516897753123068,0.9452778693970328,0.23131578315089926
596,1.451689775358762,0.9452778689485452,0.23131578315070503
597,1.451689775358762,0.945277868948416,0.23131578315089926
598,1.529250252012509,1.170109128892299,0.26247551454253704
599,1.5545551290171247,1.2434625632391496,0.27264168685346546
600,1.5545551289703736,1.2434625636877017,0.2726416868532712
601,1.5545551290171247,1.2434625636878955,0.27264168685346546
602,0.8864823308536715,1.5401891937527519,0.2596786999687772
603,0.6626021274134488,1.6396262886991224,0.2553346282623623
604,0.6626021274597561,1.639626288699187,0.2553346282623623
605,0.6626021274134488,1.6396262891478037,0.25533462826255654
606,0.4125639497058506,0.5069399605673038,0.08583987631123859
607,0.32877278466596294,0.1273614988595159,0.029039899355824177
608,0.32877278466566706,0.12736149841089914,0.029039899355824177
609,0.32877278466596294,0.12736149841083458,0.029039899355824177
610,0.32877278466566706,0.12736149885958045,0.029039899355824177
611,0.32877278466596294,0.12736149841083458,0.029039899355824177
612,0.328772784665815,0.12736149841089914,0.029039899355824177
613,0.32877278466566706,0.1273614988595159,0.029039899355824177
614,0.32877278466596294,0.12736149841083458,0.029039899355824177
615,0.32877278466596294,0.12736149841083458,0.029039899355824177
616,0.328772784665815,0.12736149841089914,0.029039899355824177
617,0.3287727846655191,0.1273614988595159,0.029039899355824177
618,0.32877278466596294,0.12736149841089914,0.029039899355824177
619,0.32877278466596294,0.12736149841083458,0.029039899355824177
620,0.32877278466596294,0.1273614988595159,0.029039899355824177
621,0.32877278466596294,0.12736149841083458,0.029039899355824177
622,0.3287727846655191,0.12736149841089914,0.029039899355824177
623,0.328772784665815,0.12736149885945133,0.029039899355824177
624,0.32877278466596294,0.12736149841089914,0.029039899355824177
625,0.328772784665815,0.12736149841089914,0.029039899355824177
626,0.8766267969828452,0.7569222543433475,0.15109293536937762
627,1.0563345540045221,0.9634315589645113,0.191128924606238
628,1.056334553957623,0.9634315589645113,0.19112892460643224
629,1.056334554004374,0.9634315589645758,0.191128924606238
630,1.0563345539577709,0.9634315589645113,0.191128924606238
631,0.8304705559684619,1.2463668080112418,0.00825858377313821
632,0.755182556685394,1.3406785573945366,-0.05269819650456172
633,0.7551825566383469,1.3406785573945366,-0.052698196504367474
634,0.7551825566384949,1.3406785578431533,-0.05269819650456172
635,0.8083346007711472,1.1808211716625245,-0.05530834748507228
636,0.8257696006017934,1.1283845525717648,-0.05616453246813771
637,0.8257696006483966,1.1283845525717648,-0.05616453246813771
638,0.8257696006016454,1.1283845521230835,-0.05616453246813771
639,0.8257696006016454,1.1283845525718295,-0.05616453246813771
640,0.9477069851073062,1.095488983712317,-0.05719254080863401
641,0.9874902697279897,1.0847564770732314,-0.0575279387551877
642,0.9874902697282856,1.0847564775219773,-0.05752793875499345
643,0.9874902697281376,1.0847564770732638,-0.0575279387551877
644,0.9874902696812385,1.084756477073296,-0.0575279387551877
645,0.8697155379642136,1.4141185680258426,-0.06399996228074402
646,0.8111807909897466,1.577813499185944,-0.06721659672770651
647,0.8111807909898946,1.5778134996346898,-0.06721659672770651
648,0.8111807909898946,1.5778134991860087,-0.06721659672751226
649,0.5504772751043958,1.718146250737668,-0.06892640927318787
650,0.4649609823301826,1.7641783747592663,-0.06948726411871668
651,0.46496098237678585,1.7641783747592663,-0.06948726411871668
652,0.4649609823303306,1.7641783752079476,-0.06948726411871668
653,0.3440955032231556,1.8851339355369972,-0.07232782930010283
654,0.3035918512649332,1.9256677754535805,-0.07327974099653846
655,0.3035918513113885,1.9256677754535483,-0.07327974099634421
656,0.25058850712061265,1.9554124953624603,-0.07396336735634028
657,0.23310868087659814,1.965221924531113,-0.07418881860249052
658,0.23310868082969904,1.965221924531113,-0.07418881860249052
659,0.1147869470322756,1.9681342788476757,-0.07407406649724968
660,0.07555643867567499,1.9690998925048,-0.07403601952738299
661,0.0755564387225741,1.9690998925048,-0.07403601952738299
662,0.44883800305838106,1.6339339457768196,-0.06618679497398063
663,0.5693151217536987,1.5257586926994644,-0.0636534473665142
664,0.5693151217539946,1.5257586931480813,-0.06365344736670844
665,0.5693151217072434,1.5257586926994644,-0.06365344736670844
666,0.5215383617620448,1.4703757785495224,-0.061794675716803436
667,0.5053569423146242,1.451618244904155,-0.06116513190486808
668,0.5053569423613754,1.4516182449042518,-0.06116513190486808
669,0.5053569423609316,1.451618244904155,-0.06116513190486808
670,0.5247258647405953,1.426839866060106,-0.06064000583934559
671,0.5311477844541361,1.418624397339989,-0.06046589613171047
672,0.5311477844079767,1.4186243977886703,-0.060465896131904714
673,0.5311477844541361,1.4186243977885735,-0.06046589613171047
674,0.7990232844228232,1.5276254658484214,-0.06588103908584508
675,0.8878395287911233,1.5637656340295383,-0.06767647263536061
676,0.8878395287906795,1.5637656340295383,-0.06767647263516637
677,0.8878395287909754,1.5637656340295059,-0.06767647263536061
678,1.002902700704112,0.9024562908919618,-0.054804260418894316
679,1.0394379107397322,0.6924753273335691,-0.05071703625016568
680,1.0394379107397322,0.6924753273336014,-0.050717036249971426
681,1.0394379107400282,0.6924753268849524,-0.05071703625016568
682,1.0394379107398803,0.6924753273335691,-0.050717036249971426
683,1.0394379107395844,0.6924753273335691,-0.05071703625016568
684,1.4897696631836652,0.3615114284060133,-0.05758617563867199
685,1.6327603777528221,0.2564227598975355,-0.05976728577415326
686,1.6327603777991295,0.25642275989750324,-0.05976728577415326
687,1.6327603777523783,0.2564227598975678,-0.05976728577395901
688,1.6327603777526742,0.25642275989750324,-0.05976728577415326
689,1.9117424620823225,0.144510589284898,-0.06633793777333974
690,2.004241182438557,0.10740522245793824,-0.06851648950138926
691,2.0042411824378177,0.10740522245787368,-0.06851648950158351
692,2.004241182438557,0.10740522245793824,-0.06851648950138926
693,2.01277710401895,0.22078489263339773,-0.06901853376726695
694,2.016435356071826,0.2693761793387931,-0.06923369559533375
695,2.016435356118281,0.26937617933872854,-0.069233695595528
696,2.016435356118577,0.2693761793387931,-0.06923369559533375
697,1.9279331902124306,0.19583181692972795,-0.06682055936240067
698,1.8987463056926484,0.17157782567771007,-0.06602473783899077
699,1.8987463057396954,0.1715778256776455,-0.06602473783879652
700,1.8987463056925002,0.17157782522896423,-0.06602473783899077
701,1.7911783662557241,0.1935510778987063,0.035358002124084784
702,1.7558937965269639,0.20075877185546118,0.06861369504664151
703,1.7558937964802128,0.2007587718554289,0.06861369504683576
704,1.755893796526816,0.20075877185546118,0.06861369504664151
705,1.8378034875192357,0.47262073842125857,0.2205971202500732
706,1.8732429240905395,0.5902458302336886,0.28635499189963315
707,1.8732429240902435,0.5902458302337208,0.28635499189963315
708,1.8732429240905395,0.590245830233624,0.2863549918998274
709,1.6322891610978187,1.0252706660242827,0.2919676730537842
710,1.5549420482995115,1.1649153625534063,0.29376936594768055
711,1.5549420482526126,1.1649153621047574,0.29376936594748626
712,1.5549420482992158,1.1649153625533741,0.29376936594748626
713,1.2203035986450055,1.2152455464457372,0.2638385914847934
714,1.1105350766624376,1.231754916976376,0.2540206614817066
715,1.1105350766625854,1.2317549169764082,0.2540206614815123
716,1.1105350766624376,1.2317549165276946,0.2540206614817066
717,1.627097188937969,0.8432000739436115,0.2775756109976961
718,1.8391135142777157,0.6837226980964612,0.2872434393604318
719,1.8391135142774198,0.6837226980965259,0.2872434393604318
720,1.8391135142778636,0.6837226976478122,0.2872434393604318
721,1.465265993541893,0.6669429326986294,0.23368015636037995
722,1.3419758537640447,0.6614091801608142,0.2160156694137362
723,1.3419758537172934,0.661409180160911,0.21601566941354194
724,1.3419758537172934,0.6614091801608142,0.21601566941354194
725,1.3419758537171456,0.6614091801608464,0.21601566941354194
726,1.0069146652607819,0.660788420223891,0.17270210472525163
727,0.8987732234145905,0.6605880693871944,0.1587225944289395
728,0.8987732234613417,0.6605880693871944,0.1587225944289395
729,0.8987732234141467,0.6605880693871298,0.15872259442913375
730,0.8987732234614896,0.6605880693871621,0.1587225944289395
731,0.8987732234611937,0.6605880693871298,0.1587225944289395
732,1.3586270860522638,0.5658078189501669,0.2125151951982323
733,1.5094689241546784,0.5347178833318429,0.2301603112541201
734,1.509468924107927,0.5347178833318752,0.2301603112541201
735,1.5094689241543824,0.5347178833318752,0.23016031125392586
736,1.509468924108223,0.5347178833318752,0.2301603112541201
737,1.6283777754319122,0.23604981757301052,0.23655042329468323
738,1.6671729709504974,0.1386063900675568,0.23863526090985232
739,1.6671729709500538,0.1386063905162058,0.23863526091004658
740,1.6671729709037464,0.13860639051623808,0.23863526091004658
741,1.6327890962848062,0.10663078990768989,0.23299022062653119
742,1.618332239803807,0.09318650322185469,0.23061673778009728
743,1.618332239850558,0.09318650322188697,0.23061673778009728
744,1.618332239850558,0.09318650322185469,0.23061673778009728
745,1.618332239850558,0.09318650322185469,0.23061673778029154
746,1.827373570813628,-0.5138824140819768,0.2840823539075673
747,1.8974261396578196,-0.7173193948185109,0.30199940283677235
748,1.8974261396578196,-0.7173193943698941,0.30199940283677235
749,1.8974261396575236,-0.7173193943698619,0.30199940283677235
750,1.8882463567766954,-0.17501390377792247,0.27857906260773696
751,1.8855812585146094,-0.017570373397311465,0.2717796089926677
752,1.8855812585612126,-0.01757037384599276,0.27177960899247344
753,1.8855812585149052,-0.0175703738459282,0.2717796089926677
754,2.1201390824228703,0.25408716938883324,0.3113704618093609
755,2.199161237013699,0.34560815916585086,0.3247085566083807
756,2.1991612369668,0.34560815961449987,0.3247085566083807
757,2.2012632820565936,0.23185068427324956,0.32252340450186623
758,2.2019565097155023,0.19433492155843327,0.32180276923274825
759,2.2019565096686033,0.19433492155843327,0.32180276923255396
760,2.1944258617385985,0.9245980686429182,0.3636504560078845
761,2.1910108004513935,1.2557639142938408,0.3826278953595443
762,2.1910108004041984,1.2557639147424575,0.38262789535935005
763,1.8431965470817726,0.6536277028500753,0.288770351826565
764,1.7291060814851749,0.4561142316926535,0.2579830832306673
765,1.7291060814853227,0.4561142312440368,0.2579830832304731
766,1.7291060814851749,0.45611423124397227,0.2579830832306673
767,1.5377266665574683,0.3968139970795067,0.22667881562806494
768,1.4762931158652897,0.37777838704499817,0.21663002166856396
769,1.4762931159121888,0.3777783870450305,0.2166300216683697
770,1.4762931159124846,0.3777783870450305,0.21663002166856396
771,1.4762931158652897,0.3777783870450627,0.2166300216683697
772,1.5130115047357944,0.28882818565096047,0.20519899721775606
773,1.530211454794117,0.24716135063249395,0.1998443763662011
774,1.530211454794413,0.24716135108114295,0.1998443763662011
775,1.5302114547942651,0.24716135063249395,0.1998443763662011
776,1.5302114548408683,0.24716135108114295,0.19984437636639535
777,1.5699356063220606,0.5339017872402196,-0.08909826481746962
778,1.58317699014947,0.6294819330752168,-0.18541247854548937
779,1.5831769901491741,0.6294819326265355,-0.18541247854529513
780,1.5831769901493222,0.6294819330752491,-0.18541247854548937
781,1.4742863167231175,0.7123554906697732,-0.18009259142447043
782,1.4381827511792733,0.7398328752896974,-0.1783287407011651
783,1.4381827512261725,0.7398328752896651,-0.1783287407011651
784,1.4381827511795693,0.7398328752897297,-0.1783287407011651
785,1.3951367483857766,1.0606715367328887,-0.19628181350119972
786,1.3808645050964279,1.1670481372827788,-0.2022342970262184
787,1.38086450509628,1.1670481368340975,-0.20223429702602416
788,1.38086450509628,1.1670481372827788,-0.2022342970262184
789,1.620924163513253,1.1436671942299497,-0.21841978332364953
790,1.7242974928023393,1.1335990062125691,-0.22538949916874346
791,1.7242974928021915,1.1335990062125691,-0.22538949916874346
792,1.7242974928021915,1.1335990057638878,-0.22538949916874346
793,1.8557763003984549,1.0156320922812225,-0.2289132920807858
794,1.8989041429669662,0.9769364381918556,-0.23006917103087846
795,1.8989041429668183,0.9769364377432066,-0.23006917103068422
796,1.7564517647890612,0.9867902291480406,-0.21886208010014
797,1.7099752594033686,0.9900051262259222,-0.21520565520765653
798,1.7099752594033686,0.9900051266745067,-0.2152056552074623
799,1.7099752594036646,0.99000512622589,-0.21520565520765653
800,1.2809189590371677,1.0947624506402085,-0.19098186724277755
801,1.1332866835857285,1.130807981447881,-0.18264680041610865
802,1.1332866836324795,1.1308079814478165,-0.1826468004163029
803,1.1332866835858764,1.1308079814478165,-0.18264680041610865
804,1.1332866835857285,1.130807981447881,-0.18264680041610865
805,1.5500700923364394,1.4098224845060872,-0.2328363428830559
806,1.6845874887469867,1.499874783974422,-0.24903508410263314
807,1.6845874887938859,1.4998747839743574,-0.24903508410263314
808,1.528625508861362,1.501344209638143,-0.23885792168421144
809,1.4766381822953034,1.501834018043221,-0.2354655342114042
810,1.4766381822482562,1.5018340180431886,-0.2354655342114042
811,1.4204638931207119,1.3233607794727036,-0.21725882188958617
812,1.401538865159177,1.2632334314527283,-0.21112500971692447
813,1.401538865205632,1.263233431452696,-0.2111250097171187
814,1.40153886520578,1.263233431901345,-0.21112500971692447
815,1.1786574268439038,1.318644612580557,-0.2017712269718084
816,1.1067221478443585,1.3365286448790936,-0.1987522812178974
817,1.1067221477974594,1.3365286448791258,-0.1987522812178974
818,1.1067221478443585,1.336528645327775,-0.1987522812178974
819,0.9428273434951895,1.4075990461921153,-0.1969403673909371
820,0.8719158378689219,1.4383487044306558,-0.19615641613623003
821,0.8719158379155252,1.4383487044305912,-0.19615641613623003
822,0.8719158379156731,1.4383487044306233,-0.19615641613623003
823,0.8444264458959613,1.1372069247878913,-0.16635996758013166
824,0.8354577583689805,1.038956423759965,-0.15663857985468255
825,0.8354577583216375,1.038956423759965,-0.1566385798548768
826,0.8354577583220814,1.038956423759981,-0.15663857985468255
827,0.8354577583685366,1.038956423759965,-0.1566385798548768
828,1.2981745629396282,0.8742550077363286,-0.17717860215035602
829,1.4524134978121437,0.8193545354293074,-0.18402527624910808
830,1.4524134978119958,0.8193545358779887,-0.18402527624891385
831,1.4524134978121437,0.8193545358779726,-0.18402527624910808
832,1.4518685347860478,0.7952776355395501,-0.1825860871491366
833,1.45168977535891,0.7873799012361894,-0.18211400254376184
834,1.4516897753121587,0.787379900787492,-0.18211400254395607
835,1.451689775359206,0.7873799007875242,-0.18211400254376184
836,1.6025748786746354,0.5617806874043801,-0.1851252152382825
837,1.6518026445039182,0.4881766993179173,-0.18610765333204776
838,1.651802644457167,0.48817669976658246,-0.1861076533318535
839,1.6518026445039182,0.48817669931794955,-0.18610765333204776
840,1.6452930929440341,0.3307955606087509,-0.18130830549604204
841,1.643259925919322,0.28163977199584717,-0.17980929659186085
842,1.6432599259657772,0.2816397715471659,-0.17980929659186085
843,1.6432599259194698,0.2816397715472143,-0.17980929659186085
844,1.6432599259190261,0.281639771995831,-0.17980929659186085
845,1.7693086275262013,0.5383260823202396,-0.22585969645865037
846,1.8104332702261619,0.6220725440939066,-0.2408840974763774
847,1.8104332702258659,0.6220725445425879,-0.24088409747618317
848,1.8104332702260137,0.6220725445425718,-0.2408840974763774
849,1.898982396544777,0.6890158158881753,-0.29114594932466553
850,1.9360348678694546,0.7170275398458428,-0.3121775043535485
851,1.9360348678229993,0.7170275393971616,-0.3121775043535485
852,1.9360348678227035,0.7170275393971938,-0.3121775043535485
853,1.9732409086557743,0.8971344686781286,-0.32928856862588485
854,1.9852492074913353,0.9552642185396648,-0.33481118725333686
855,1.9852492074911874,0.9552642180909836,-0.3348111872535311
856,1.6510321453631678,0.7327837259542137,-0.27669074453844844
857,1.5425776019662958,0.660588069387146,-0.25783046842570606
858,1.542577602012899,0.6605880693871621,-0.2578304684255118
859,1.5425776020130468,0.6605880693871783,-0.25783046842570606
860,1.622344471822968,0.39931730463127546,-0.25531892861109223
861,1.6485097000261693,0.3136149427873414,-0.2544950901856299
862,1.6485096999791222,0.3136149423386601,-0.2544950901858241
863,1.6485097000258735,0.3136149427873575,-0.2544950901858241
864,1.5426802848277128,0.4132127493867944,-0.24405703510661297
865,1.507965987974422,0.44588294649270854,-0.2406331312493153
866,1.5079659879742742,0.44588294694132524,-0.2406331312493153
867,1.5079659879742742,0.44588294649270854,-0.24063313124950952
868,1.507965987974422,0.44588294649267624,-0.2406331312493153
869,1.7234624627087651,0.5073969776987188,-0.27252065602019765
870,1.795678237208229,0.5280111586668488,-0.28320659556314176
871,1.795678237255128,0.5280111586668326,-0.2832065955629475
872,1.795678237254832,0.5280111586668326,-0.2832065955629475
873,1.4750687663357334,0.6878085620360224,-0.25290910776529524
874,1.3350324456733205,0.7576051291280265,-0.23967572229052783
875,1.3350324456731726,0.7576051295766917,-0.23967572229033357
876,1.3350324456730245,0.7576051291280104,-0.23967572229052783
877,1.3350324456731726,0.7576051291280104,-0.23967572229033357
878,1.4613514973857296,0.7200660728404971,-0.2521050196052428
879,1.5027868303665044,0.7077524648207866,-0.2561820932264541
880,1.5027868304131076,0.7077524643721053,-0.25618209322625984
881,1.5027868303668002,0.7077524643721215,-0.2561820932264541
882,1.4940486624735372,1.0635317319854425,-0.2879133146636095
883,1.4911359397494897,1.182124821189867,-0.29849038847580034
884,1.491135939795945,1.1821248211898832,-0.2984903884759946
885,1.4911359397960928,1.1821248211898832,-0.29849038847580034
886,1.4902994780539165,1.0511341817689466,-0.285006132599269
887,1.4900221425487017,1.0077031975862993,-0.2805353207305199
888,1.4900221425022464,1.0077031975862993,-0.2805353207305199
889,1.4900221425489975,1.0077031975862831,-0.2805353207305199
890,1.6780842005277168,1.1738995936482628,-0.31784485422753544
891,1.7411063321241487,1.229594246760298,-0.33034778200844395
892,1.7411063320772495,1.2295942472089794,-0.33034778200824966
893,1.3216701543369895,1.2377596539056834,-0.28865805562599295
894,1.1818580951055735,1.2404814565865456,-0.274761480165176
895,1.1818580951057214,1.240481456586594,-0.2747614801653702
896,1.1818580950591182,1.2404814561379127,-0.274761480165176
897,0.8353185311733665,1.3792984865100635,-0.2684175195423863
898,0.6744795241449646,1.4437274738167862,-0.2654731044362917
899,0.6744795241918637,1.4437274742654675,-0.2654731044362917
900,0.6744795241918637,1.4437274738168024,-0.2654731044362917
901,0.8828675048092435,1.4475346579183352,-0.2790423175433989
902,0.9508561563270357,1.4487767893169448,-0.28346940829202305
903,0.9508561562805804,1.4487767893169123,-0.28346940829182876
904,0.9508561563271837,1.4487767893169285,-0.28346940829182876
905,1.096165077942364,1.7103077840803975,-0.3302014578162141
906,1.1446013851631063,1.7974847823348818,-0.3457788076577406
907,1.1446013851629584,1.7974847823348818,-0.34577880765754637
908,0.9629200064014042,1.6595704772808946,-0.3141849632581071
909,0.9023595468298032,1.6135990431601754,-0.30365368179169205
910,0.9023595467832,1.6135990427115263,-0.3036536817914978
911,0.9023595468296552,1.6135990427115425,-0.30365368179169205
912,1.0383059454011632,1.6060555696484595,-0.31172932081407356
913,1.0802998590938309,1.6037253868486765,-0.3142238899361959
914,1.0802998590938309,1.6037253868486847,-0.3142238899361959
915,1.0802998590936828,1.6037253868486765,-0.3142238899361959
916,0.9639169749956101,1.5002750665987006,0.20761502547133054
917,0.925740916104055,1.4663411637898571,0.378789277935842
918,0.925740916104055,1.4663411633412162,0.37878927793564776
919,0.9257409160574518,1.4663411637898571,0.378789277935842
920,0.9551215485797224,1.4420004872286873,0.4573358089337687
921,0.9647072721260563,1.4340591000218146,0.4829623959703847
922,0.9647072721729554,1.4340590995731575,0.4829623959703847
923,0.9647072721728075,1.4340591000218146,0.4829623959701905
924,0.954989362779698,1.446210257827875,0.4848555330292985
925,0.951801682053686,1.450196096426049,0.48547652221063614
926,0.951801682053686,1.450196096426065,0.48547652221063614
927,0.9518016820538339,1.450196096426065,0.4854765222104419
928,0.8596424315509886,1.3779621888318543,0.45405261853377116
929,0.8294122391602784,1.3542679320174276,0.4437449104218091
930,0.8294122391604264,1.3542679315687784,0.4437449104218091
931,0.8294122391602784,1.3542679320174276,0.4437449104218091
932,1.1284657355081105,1.0669572860877832,0.4231356907230858
933,1.2046361994625638,0.9937777863257106,0.4178864164461663
934,1.2046361994625638,0.9937777863257187,0.4178864164461663
935,1.2046361994625638,0.9937777863257106,0.4178864164459721
936,1.204636199462712,0.9937777863257187,0.4178864164461663
937,1.1330105436510023,0.9618940503667559,0.3972003268683829
938,1.1097677811365536,0.9515476724490236,0.3904876223035046
939,1.1097677811833047,0.9515476720003503,0.3904876223035046
940,1.1097677811364055,0.9515476724490236,0.39048762230331036
941,1.1097677811365536,0.9515476724490195,0.3904876223035046
942,1.2279030802726507,1.2320754452040232,0.4749381198620091
943,1.266031404292458,1.3226161550502427,0.5021946296562592
944,1.2660314042923102,1.3226161550502549,0.5021946296560649
945,1.2660314042923102,1.3226161550502467,0.5021946296560649
946,1.296635551219756,1.074298467856022,0.4539952383977564
947,1.3067284081738013,0.9924064652863062,0.43809969447221014
948,1.3067284082205524,0.992406464837637,0.4380996944720159
949,1.3067284081738013,0.992406464837637,0.43809969447221014
950,1.2660145200379567,1.0389269884693138,0.4394813677435059
951,1.2525875994876305,1.0542688636754045,0.43993702594974704
952,1.2525875995345295,1.0542688632267394,0.43993702594974704
953,1.2525875994880742,1.0542688636754045,0.4399370259499413
954,1.3033416506112312,1.0556092024416464,0.45023135551109206
955,1.3205314429929256,1.0560631592575844,0.4537179222834172
956,1.3205314430396768,1.0560631592575924,0.4537179222836114
957,1.3205314429929256,1.0560631592575864,0.4537179222834172
958,1.2785351766888928,0.942321415310846,0.4225943338880118
959,1.2644616614658004,0.9042050236215368,0.4121643997262586
960,1.2644616615128474,0.9042050231728717,0.41216439972606433
961,1.2644616614656523,0.9042050231728757,0.41216439972606433
962,1.2644616615126993,0.9042050231728737,0.41216439972606433
963,1.4093284836533222,0.930859745101328,0.4480862937159208
964,1.472603647425938,0.9425020371852021,0.46377631637805644
965,1.4726036473791868,0.9425020371852031,0.46377631637805644
966,1.472603647425938,0.9425020371852021,0.4637763163778622
967,1.3968343656737146,0.9918480629225925,0.4568601663109262
968,1.372113883798016,1.007947694853449,0.454603703556852
969,1.3721138838443234,1.007947694853451,0.4546037035566577
970,1.3721138838446192,1.0079476953021105,0.454603703556852
971,1.2952782596916623,0.7572022151079887,0.39355786802190074
972,1.2700745423640518,0.6749523696385896,0.3735335368435725
973,1.270074542410507,0.6749523700872505,0.3735335368435725
974,1.270074542363904,0.6749523700872507,0.3735335368435725
975,1.2700745423640518,0.6749523696385897,0.3735335368437667
976,1.0725007809298404,0.5028788209797732,0.30197356388592217
977,1.011470142561058,0.4497252109353775,0.27986865077349393
978,1.011470142607957,0.4497252109353772,0.27986865077349393
979,1.011470142561206,0.44972521138403837,0.2798686507732997
980,1.0114701426081052,0.4497252109353772,0.27986865077349393
981,1.011470142561058,0.44972521138403787,0.27986865077349393
982,1.1180262783851218,0.4897499845784156,0.3109193180052874
983,1.152791277553115,0.5028084655787061,0.3210499070489079
984,1.152791277600162,0.5028084655787056,0.3210499070489079
985,1.1527912775529672,0.5028084655787061,0.32104990704910213
986,1.152791277599866,0.5028084655787051,0.3210499070489079
987,1.1527912775529672,0.502808465130045,0.3210499070489079
988,1.0416184398352175,0.29557627101136535,0.27187094568932757
989,1.0047582047237675,0.22686679518643083,0.2555652714169229
990,1.0047582046767205,0.22686679518643083,0.2555652714169229
991,1.0047582046768686,0.22686679518643285,0.2555652714169229
992,1.0047582046767205,0.2268667947377687,0.2555652714169229
993,1.0047582047237675,0.22686679518643285,0.2555652714169229
994,1.0047582046767205,0.22686679518643083,0.2555652714169229
995,1.0047582046768686,0.22686679518643182,0.2555652714169229
996,1.4204729091216168,0.5421120160505156,0.26774232158991934
997,1.5561039665034782,0.6449639057640945,0.27171520533333077
998,1.5561039665497856,0.6449639057640935,0.27171520533333077
999,1.5561039665499334,0.6449639053154343,0.27171520533333077
1000,1.9584120419344009,1.179650559939823,-0.2517435655390146
1001,2.090377639095466,1.3550391436316431,-0.42344916501497354
1002,2.090377639048863,1.3550391440803002,-0.42344916501516777
1003,1.519597681188578,0.974730091611966,-0.3108751733920385
1004,1.3313617376462017,0.8493090217709917,-0.2737497080697073
1005,1.3313617376463496,0.8493090217709877,-0.273749708069513
1006,1.3313617375994504,0.8493090213223305,-0.2737497080697073
1007,1.6097704930176722,0.8038986958874389,-0.30694742150471505
1008,1.7040642213966928,0.7885187594377054,-0.31819109151698793
1009,1.7040642213966928,0.7885187589890443,-0.31819109151698793
1010,1.704064221396545,0.7885187594377095,-0.31819109151698793
1011,1.3740249413450667,1.4055567546856813,-0.3531238069935068
1012,1.2663463433314484,1.606871538769111,-0.36452095289172054
1013,1.2663463433317441,1.606871538320454,-0.3645209528915263
1014,1.2663463433317441,1.606871538769111,-0.36452095289172054
1015,1.0992288508378594,1.2758151699484663,-0.30113665422338354
1016,1.0438197221624135,1.1660508077920495,-0.28012108782070133
1017,1.0438197221625614,1.1660508082407146,-0.2801210878205071
1018,1.0438197221622656,1.1660508077920575,-0.28012108782070133
1019,0.8405672968913042,1.0239310240282955,-0.24054027538952436
1020,0.7731773449401121,0.9768100836387464,-0.22741694343822447
1021,0.7731773449870113,0.9768100836387505,-0.22741694343822447
1022,0.7731773449401121,0.9768100840874117,-0.22741694343822447
1023,0.7731773449870113,0.9768100836387505,-0.22741694343822447
1024,1.424408764748632,1.3432275785489394,-0.3439392648677971
1025,1.6391765733934112,1.4640673906667698,-0.38236683895624624
1026,1.6391765734400143,1.464067391115427,-0.382366838956052
1027,1.9191967235321394,1.5761558872264034,-0.4280568053417941
1028,2.0081095775447415,1.6117465692803468,-0.4425644231267424
1029,2.00810957754489,1.6117465692803468,-0.4425644231267424
1030,1.841002447890211,1.0777763183126217,-0.3646240459239422
1031,1.7899540558151668,0.9146574689959147,-0.34081458343605026
1032,1.7899540558154625,0.9146574685472496,-0.3408145834362445
1033,1.7899540558157585,0.9146574689959147,-0.3408145834362445
1034,1.641110587010727,1.0789192018990597,-0.33823355846491104
1035,1.5773205289452772,1.149317087557177,-0.3371274049060179
1036,1.5773205289920285,1.149317087557177,-0.33712740490582366
1037,1.5773205289454253,1.149317087557177,-0.33712740490582366
1038,1.451694675515775,1.3510605037963654,-0.34809104286217174
1039,1.4104867262724612,1.4172366310867377,-0.35168734907061155
1040,1.4104867263192125,1.4172366306380968,-0.3516873490708058
1041,1.4104867262724612,1.4172366306380808,-0.3516873490708058
1042,1.304180110637297,1.5613428261000402,-0.3617529853035772
1043,1.2685553301753323,1.6096347550873185,-0.3651261157366024
1044,1.2685553302222312,1.6096347546386693,-0.3651261157366024
1045,1.3876551774952912,1.4990878391710862,-0.3609140487189764
1046,1.4269327867443433,1.4626308778637096,-0.3595249627875532
1047,1.4269327867443433,1.4626308774150363,-0.3595249627877474
1048,1.337454714223017,1.0184452956964236,-0.29454764763486013
1049,1.3085755479651024,0.8750838112484849,-0.27357613322058727
1050,1.3085755479649546,0.8750838112484849,-0.2735761332207815
1051,1.3085755479651024,0.8750838112484849,-0.27357613322058727
1052,1.3085755479649546,0.8750838112484849,-0.27357613322058727
1053,0.7816155759593801,0.9909596714204656,-0.23467127308172403
1054,0.608761508118484,1.0289694159833258,-0.22190965229247378
1055,0.6087615081187799,1.0289694155346931,-0.22190965229227952
1056,0.6087615081186319,1.0289694159833582,-0.22190965229247378
1057,0.6087615081186319,1.028969415534677,-0.22190965229247378
1058,0.23899197707605388,1.3389151458287682,-0.26142931619091087
1059,0.079763609644035,1.47238247689549,-0.2784470827625718
1060,0.07976360964418296,1.472382477344139,-0.2784470827625718
1061,0.07976360964433091,1.472382477344139,-0.2784470827625718
1062,0.079763609644035,1.4723824768954739,-0.2784470827625718
1063,0.17209316259580318,1.6323200616470408,-0.3081950068263239
1064,0.2022165976120399,1.684501289537136,-0.3179005629533203
1065,0.20221659761189192,1.6845012890884872,-0.3179005629533203
1066,0.20221659765879105,1.6845012895371523,-0.3179005629533203
1067,0.21238837075117561,1.770005542951108,-0.2990795605451221
1068,0.21581522479876322,1.798811788696095,-0.29273879502789873
1069,0.21581522479891116,1.7988117891447764,-0.29273879502789873
1070,0.21581522479891116,1.798811788696095,-0.29273879502789873
1071,0.3869248972628538,1.893130955340015,-0.3048302307263292
1072,0.443657664871562,1.9244032213330269,-0.30883924202982366
1073,0.4436576648249588,1.9244032217817082,-0.3088392420296294
1074,0.5980555191495648,1.7805158933887206,-0.2931227141344661
1075,0.6489739604869669,1.7330636892153406,-0.2879396038711593
1076,0.6489739604869669,1.7330636896639897,-0.28793960387096507
1077,0.648973960486671,1.7330636892153406,-0.2879396038711593
1078,0.6127749684931239,1.6676595214567558,-0.27714535242084426
1079,0.600644198100166,1.6457417026263996,-0.27352805320294055
1080,0.6006441980997221,1.645741702626432,-0.2735280532031348
1081,0.600644198100314,1.6457417026264158,-0.2735280532031348
1082,0.37506388600867513,1.3360444999196601,-0.22106301363266848
1083,0.2718099238580175,1.1942880538046612,-0.1970484036838082
1084,0.2718099238580175,1.1942880542533587,-0.19704840368361393
1085,0.2718099238583134,1.1942880538046612,-0.1970484036838082
1086,0.27180992385816544,1.1942880542533425,-0.19704840368361393
1087,0.06322992984254484,0.6310735604875125,-0.10999066658328903
1088,-0.00518874019234827,0.4463272391545002,-0.08143387898185567
1089,-0.005188740145449165,0.446327239154484,-0.08143387898185567
1090,-0.005188740145449165,0.446327239154484,-0.08143387898204991
1091,-0.005188740192200323,0.4463272396031815,-0.08143387898185567
1092,-0.0051887401455971115,0.446327239154484,-0.08143387898185567
1093,-0.005188740192200323,0.446327239154484,-0.08143387898185567
1094,-0.005188740145449165,0.44632723915451633,-0.08143387898204991
1095,-0.005188740145745058,0.446327239154484,-0.08143387898185567
1096,-0.0051887401920523765,0.4463272396031492,-0.08143387898185567
1097,-0.005188740145449165,0.446327239154484,-0.08143387898204991
1098,-0.005188740192200323,0.4463272391545002,-0.08143387898185567
1099,-0.005188740145449165,0.446327239154484,-0.08143387898185567
1100,-0.00518874019234827,0.446327239154484,-0.08143387898185567
1101,-0.0051887401455971115,0.4463272396031815,-0.08143387898204991
1102,0.07105910476060724,0.7867713336571164,-0.13288880998719949
1103,0.09553496511045356,0.8960552370513849,-0.14940604675666042
1104,0.09553496511015766,0.8960552370513849,-0.14940604675646615
1105,0.09553496515720472,0.8960552375000823,-0.14940604675666042
1106,0.09553496511000972,0.8960552370513849,-0.14940604675666042
1107,0.09553496515735266,0.8960552375000339,-0.14940604675646615
1108,0.09553496511000972,0.8960552370514172,-0.14940604675666042
1109,-0.08657371093815254,1.0686044994354837,-0.17575620001295553
1110,-0.14345279874291064,1.122497839012749,-0.1839863003739022
1111,-0.14345279874320654,1.1224978385640838,-0.1839863003739022
1112,-0.14345279874335448,1.122497839012733,-0.18398630037409644
1113,-0.14345279874305858,1.1224978385641,-0.1839863003739022
1114,-0.14345279874305858,1.122497839012733,-0.1839863003739022
1115,-0.17979659316605232,1.4636372855575401,-0.23536047382324188
1116,-0.1916541176051905,1.5749374235835902,-0.2521218089271558
1117,-0.19165411760504256,1.5749374235836064,-0.25212180892735003
1118,-0.19165411760489462,1.574937423583574,-0.25212180892735003
1119,-0.12280804898679974,1.7184948328292466,-0.27285365749456114
1120,-0.09985935949408731,1.7663473030264962,-0.2797642736838905
1121,-0.09985935944733615,1.7663473030264962,-0.2797642736838905
1122,-0.09985935949393937,1.7663473030264316,-0.2797642736836963
1123,0.12725850670180805,1.56475896729829,-0.2503881617753653
1124,0.2025612346171263,1.497920757063147,-0.2406482791317899
1125,0.20256123461727424,1.4979207575117637,-0.2406482791317899
1126,0.20256123457052308,1.497920757063147,-0.2406482791317899
1127,0.5485119860217859,1.5807413996001074,-0.2633259794466727
1128,0.662602127459904,1.608054590061768,-0.27080479550803
1129,0.6626021274133008,1.608054589613119,-0.27080479550803
1130,0.6626021274602,1.6080545900618004,-0.27080479550803
1131,0.6348997726620554,1.4714860386614836,-0.25035288956727086
1132,0.6257638897208173,1.426447473136317,-0.2436081120762066
1133,0.6257638897209653,1.4264474735850308,-0.2436081120762066
1134,0.6257638897674206,1.4264474735849983,-0.2436081120762066
1135,0.6315140292796209,1.5149497508565233,-0.25630775324216887
1136,0.6341705265344159,1.5558367676002613,-0.26217483892706833
1137,0.63417052653412,1.5558367676002613,-0.2621748389268741
1138,0.6341705264873688,1.5558367680489105,-0.26217483892706833
1139,0.5166664284965123,1.4399586089388623,-0.24084359507563474
1140,0.47832954765514796,1.402152206883107,-0.233884064588162
1141,0.478329547655,1.4021522073317558,-0.233884064588162
1142,0.47832954765514796,1.402152206883107,-0.233884064588162
1143,0.33689830148062355,1.480969881400368,-0.24120038582920258
1144,0.29025608192752067,1.5069629439198196,-0.24361321517479678
1145,0.2902560819739759,1.5069629439198842,-0.24361321517479678
1146,0.2902560819739759,1.5069629434712029,-0.24361321517499104
1147,0.3946723628911965,1.3520412104035857,-0.22407741342253112
1148,0.44114666137542236,1.2830876061106211,-0.21538228778710156
1149,0.4411466613755703,1.2830876065593668,-0.21538228778729582
1150,0.44114666137542236,1.2830876061106855,-0.21538228778710156
1151,0.44114666137542236,1.2830876061106533,-0.21538228778710156
1152,0.5675007560467366,1.363558023271637,-0.23238898497866062
1153,0.6918492301462554,1.4427511313334072,-0.24912573459518622
1154,0.6918492301464034,1.4427511313334394,-0.24912573459538048
1155,0.6918492301461076,1.4427511317820885,-0.24912573459538048
1156,0.6311918783364638,1.4620887188164338,-0.09206277953300805
1157,0.611080452822635,1.468500249784567,-0.03998731240855698
1158,0.6110804527757359,1.4685002493359502,-0.03998731240855698
1159,0.6110804527758839,1.4685002493358856,-0.03998731240836273
1160,0.6937127061444986,1.2734904814491224,-0.03650091653604055
1161,0.7200939795954315,1.2112314265125128,-0.03538784555836422
1162,0.7200939795488284,1.2112314265125128,-0.03538784555816997
1163,0.7200939795952837,1.2112314260638637,-0.03538784555816997
1164,0.7200939795954315,1.2112314265124482,-0.03538784555836422
1165,1.1079447025242897,1.1388764074155702,-0.03721173481956922
1166,1.2887900542923092,1.1051390229827625,-0.03806216998851599
1167,1.288790054292161,1.1051390234314116,-0.03806216998851599
1168,1.288790054245558,1.1051390229827303,-0.03806216998851599
1169,1.0687823046860059,0.9907905675667541,-0.03539216885829891
1170,0.9950547409950108,0.9524708580466812,-0.0344974154758315
1171,0.995054741041614,0.9524708580466812,-0.034497415475637255
1172,0.995054741041614,0.9524708584953302,-0.0344974154758315
1173,0.9950547409951587,0.9524708580466812,-0.034497415475637255
1174,1.0259174200489045,1.008842537200898,-0.035234585307267495
1175,1.0359324615830645,1.0271353336079896,-0.03547379935840468
1176,1.0359324615830645,1.0271353336079896,-0.03547379935840468
1177,1.0359324615829166,1.0271353336079896,-0.035473799358598936
1178,1.0359324615830645,1.0271353336079896,-0.03547379935840468
1179,0.985646793612546,0.7585759400720898,-0.03281809077848709
1180,0.9693289277911615,0.6714275282419996,-0.03195630455030695
1181,0.9693289277910137,0.6714275282419996,-0.0319563045505012
1182,0.9693289277910137,0.671427527793286,-0.0319563045505012
1183,0.9693289277910137,0.6714275282419996,-0.03195630455030695
1184,0.9693289277910137,0.6714275282419996,-0.0319563045505012
1185,0.9495973365911624,0.7032957957216788,-0.032036222046728034
1186,0.9431943698423428,0.7136371544708195,-0.032062155538699726
1187,0.9431943698421948,0.7136371540221705,-0.032062155538699726
1188,0.9431943698424908,0.7136371544708195,-0.032062155538699726
1189,0.9431943698421948,0.7136371540222028,-0.03206215553889397
1190,0.943194369889094,0.7136371544708195,-0.032062155538699726
1191,1.5055908935919249,0.7808852881540436,-0.03758585167157465
1192,1.6871051155627803,0.802589712680173,-0.039368631904926114
1193,1.6871051156090877,0.8025897126801407,-0.03936863190473187
1194,1.6871051155626324,0.8025897126802375,-0.039368631904926114
1195,1.7652374836878304,1.0279515310969694,-0.04153162361894963
1196,1.7907289459215012,1.1014780659681862,-0.04223732118050095
1197,1.7907289459681044,1.1014780659681216,-0.042237321180695196
1198,1.3493047491614436,1.30432307957608,-0.04047554250393487
1199,1.2021633502568112,1.3719380836635033,-0.039888282945079505
1200,1.202163350256959,1.37193808411212,-0.039888282945079505
1201,1.2021633502568112,1.3719380841120878,-0.03988828294488526
1202,1.3177196677786207,1.629482141058431,-0.043185637627086514
1203,1.355828666104916,1.7144168841639518,-0.04427306310694057
1204,1.355828666152111,1.714416883715335,-0.044273063107134816
1205,0.8034008835618132,1.6937323661898844,-0.04135839966493764
1206,0.6231658245162603,1.686983836655283,-0.04040746172484295
1207,0.6231658245630115,1.6869838371039643,-0.04040746172484295
1208,0.6231658245162603,1.6869838366553151,-0.04040746172484295
1209,0.08795366259572016,1.6271736958755105,-0.0388932475869075
1210,-0.08666462896797422,1.6076600422201108,-0.038399220162679874
1211,-0.08666462896782627,1.6076600426687921,-0.038399220162679874
1212,-0.08666462892122306,1.6076600426687597,-0.038399220162679874
1213,0.11125613142330418,1.5720087214126073,-0.0380075494073373
1214,0.17617834630571833,1.5603143308337868,-0.037879073077187714
1215,0.17617834630571833,1.5603143303852025,-0.037879073077187714
1216,0.17617834630571833,1.5603143308338838,-0.037879073077187714
1217,0.047700700009555626,1.5365783472168923,-0.0375187520733889
1218,0.005330412384904826,1.5287505232429581,-0.03739992280647829
1219,0.005330412384904826,1.5287505227944058,-0.03739992280628404
1220,0.005330412384904826,1.5287505232429581,-0.03739992280628404
1221,-0.31045435085503414,1.474069705853399,-0.037155158785996456
1222,-0.41515529093924586,1.4559398482515737,-0.03707400533567105
1223,-0.4151552909858491,1.4559398482516384,-0.037074005335865294
1224,-0.41515529098570114,1.4559398478028924,-0.03707400533567105
1225,-0.4151552909390979,1.4559398482516384,-0.037074005335865294
1226,-0.4063537650134509,1.514135649959555,-0.03774902023068496
1227,-0.4034042549179761,1.5336378475094894,-0.03797522682407534
1228,-0.40340425496472726,1.533637847958106,-0.037975226824269584
1229,-0.4034042549648752,1.5336378479581383,-0.037975226824269584
1230,-0.28204762675799994,1.6358273909143555,-0.1922742865963809
1231,-0.24393430990082718,1.667921084435665,-0.24073351824604086
1232,-0.24393430985378012,1.6679210848843462,-0.24073351824623512
1233,-0.24393430990097512,1.6679210844356003,-0.24073351824604086
1234,-0.0067454138941435045,1.539634402211346,-0.5245614517911338
1235,0.07105758391094247,1.4975536443822175,-0.6176630448661231
1236,0.0710575838644872,1.4975536448308342,-0.6176630448663174
1237,0.07105758391109042,1.4975536443821529,-0.6176630448661231
1238,0.29866793997355046,1.3428358150963584,-0.5666016915602039
1239,0.37332897309246055,1.2920850798783832,-0.5498524827067992
1240,0.37332897309246055,1.2920850798783832,-0.5498524827067992
1241,0.37332897313906377,1.2920850798783832,-0.5498524827067992
1242,0.37332897309246055,1.2920850794297665,-0.5498524827067992
1243,0.19153154975708628,1.2261510297786713,-0.5122411654784196
1244,0.13157708034940063,1.2044068211512775,-0.49983743320108887
1245,0.13157708030235357,1.2044068211514065,-0.49983743320108887
1246,0.1315770803492527,1.2044068216000232,-0.49983743320108887
1247,0.1315770803492527,1.2044068211512775,-0.49983743320108887
1248,0.6324276316918253,1.439865118342481,-0.6409822768410233
1249,0.7958351060410829,1.5166857299535061,-0.6870321860390776
1250,0.7958351059943317,1.5166857299535708,-0.6870321860392719
1251,0.7958351060412309,1.5166857299535708,-0.6870321860390776
1252,0.5335284571990947,0.17327107880440018,-0.32532150961473255
1253,0.45205181787622417,-0.2440149925376811,-0.21296838993891856
1254,0.45205181792312327,-0.2440149920891289,-0.2129683899391128
1255,0.45205181792312327,-0.24401499253774567,-0.21296838993891856
1256,0.45205181792312327,-0.2440149925376811,-0.21296838993891856
1257,0.4520518179228274,-0.2440149925376811,-0.21296838993891856
1258,0.45205181792297533,-0.24401499208906435,-0.21296838993891856
1259,0.45205181792312327,-0.2440149925376811,-0.2129683899391128
1260,0.45205181792312327,-0.24401499253781023,-0.21296838993891856
1261,0.45205181792297533,-0.2440149925376811,-0.21296838993891856
1262,0.45205181792312327,-0.24401499208906435,-0.21296838993891856
1263,0.4520518178763721,-0.2440149925376811,-0.21296838993891856
1264,0.29680092205159875,-1.058875636051922,-0.4875720148510086
1265,0.24696476912708493,-1.3204491324552692,-0.5757208667052639
1266,0.24696476917383609,-1.3204491320065233,-0.5757208667052639
1267,0.24696476917368812,-1.3204491320065233,-0.5757208667050696
1268,0.24696476917383609,-1.3204491324552046,-0.5757208667052639
1269,0.03559963304666181,-1.4093093652402366,-0.6070423112784471
1270,-0.03410589051213565,-1.438614336524158,-0.6173717238502601
1271,-0.03410589051213565,-1.4386143360755412,-0.6173717238502601
1272,-0.03410589051213565,-1.4386143360754766,-0.6173717238502601
1273,0.46361195676956835,-1.447060135597242,-0.6502849276737802
1274,0.6277529489357149,-1.4498454520503188,-0.6611392821262653
1275,0.6277529489821702,-1.4498454520502542,-0.6611392821262653
1276,0.6277529489821702,-1.4498454520502542,-0.6611392821262653
1277,0.9094440286649289,-1.2891618964451146,-0.6500595942447692
1278,1.031900839561953,-1.2193095038328856,-0.6452430297854644
1279,1.031900839562175,-1.2193095042815025,-0.6452430297854644
1280,1.031900839562101,-1.2193095038328212,-0.6452430297856587
1281,1.1789948757627633,-1.074992676920026,-0.6343903657838335
1282,1.2272448451351001,-1.0276536914082322,-0.6308304613902371
1283,1.2272448451817035,-1.0276536914081678,-0.6308304613902371
1284,1.2272448451817035,-1.0276536909595186,-0.6308304613902371
1285,1.2039685406159821,-0.9925785161539135,-0.6149083580089496
1286,1.196251097485263,-0.9809490642941681,-0.6096292584860331
1287,1.196251097485411,-0.9809490638454544,-0.6096292584858389
1288,1.1962510974388076,-0.980949063845519,-0.6096292584858389
1289,0.835696803026485,-1.4116348855567882,-0.6901312413294742
1290,0.6729502347000426,-1.6060373385255335,-0.7264681305372834
1291,0.6729502346535133,-1.6060373389741827,-0.7264681305374777
1292,0.6729502347001165,-1.6060373389742149,-0.7264681305374777
1293,0.6264860284638286,-1.4466076082146282,-0.6597568064599716
1294,0.6110804528224131,-1.3937474178623308,-0.6376381384237998
1295,0.6110804528225611,-1.3937474178622018,-0.6376381384236056
1296,0.6110804527758839,-1.3937474183109475,-0.6376381384237998
1297,0.5101568867442373,-1.7489177764657051,-0.7667659523345419
1298,0.47793590655906776,-1.8623098960816629,-0.8079914549288135
1299,0.47793590655906776,-1.8623098960817275,-0.8079914549288135
1300,0.587905578945208,-1.5439514873051783,-0.6940825334941261
1301,0.6237842784068264,-1.440083889607621,-0.6569186148300383
1302,0.6237842784069743,-1.4400838896075563,-0.6569186148300383
1303,0.6237842784069743,-1.4400838900563022,-0.6569186148300383
1304,0.9616962731507264,-1.1992199630528158,-0.630369715168023
1305,1.0695784667428039,-1.122321453154827,-0.6218936812388625
1306,1.0695784667428778,-1.1223214536035404,-0.6218936812388625
1307,1.06957846674273,-1.1223214536035082,-0.6218936812390566
1308,0.9996804406763267,-1.288797030208938,-0.6629804495043976
1309,0.9771207603320078,-1.3425272434406779,-0.6762412583097409
1310,0.9771207603320817,-1.3425272429919644,-0.6762412583099352
1311,0.9771207603320078,-1.3425272429919966,-0.6762412583097409
1312,1.0374274438585684,-2.0049404052667463,-1.0005464681067233
1313,1.0573158182690554,-2.2233958095078177,-1.107498186231287
1314,1.0573158182690554,-2.22339580950785,-1.107498186231287
1315,0.5958928934858386,-2.1155941383518746,-1.5916431311363552
1316,0.44453636961466525,-2.0802328996484176,-1.7504529603416759
1317,0.44453636966134247,-2.08023289964845,-1.7504529603416759
1318,0.05758105228468211,-2.0887269957131918,-1.7366573054507575
1319,-0.06461536373132051,-2.0914093418152375,-1.7323007828537378
1320,-0.06461536373132051,-2.091409341366653,-1.7323007828537378
1321,-0.1834632304631117,-1.9995400521542954,-1.663573446033998
1322,-0.2224478561067885,-1.9694049731012593,-1.6410294192153985
1323,-0.22244785606003734,-1.9694049731012593,-1.6410294192152042
1324,-0.5785539483310267,-1.8754080736943317,-1.6182933517996523
1325,-0.6959931915846626,-1.8444090959821404,-1.6107952870135132
1326,-0.6959931915377635,-1.8444090959821728,-1.6107952870135132
1327,-0.6246761597260073,-1.728840986177563,-1.506638830849214
1328,-0.6012826579819934,-1.6909321902999639,-1.472473300075684
1329,-0.6012826579351683,-1.6909321907486774,-1.472473300075684
1330,-0.6012826579819934,-1.6909321902999639,-1.472473300075684
1331,-0.07953699993529235,-1.944595948479528,-1.6362757139341475
1332,0.1671203730289318,-2.0645165173824007,-1.7137139684978318
1333,0.1671203729819587,-2.064516516933719,-1.7137139684976375
1334,1.0657763000187528,-1.1401264982668027,-1.3283915661325354
1335,1.3589717350598225,-0.8385350590815094,-1.2026762995785691
1336,1.3589717350597486,-0.8385350595301584,-1.202676299578375
1337,1.3589717350597486,-0.8385350590814771,-1.2026762995785691
1338,1.2779274047516958,-0.5135499905099145,-1.0237629561512078
1339,1.2513431423339745,-0.4069479818649684,-0.9650755778957614
1340,1.2513431423807257,-0.40694798231358514,-0.9650755778957614
1341,1.2513431423339005,-0.4069479823136174,-0.9650755778957614
1342,1.2513431423339005,-0.4069479823136174,-0.9650755778955671
1343,1.4430574444847521,-0.13271424837086596,-1.053579462536234
1344,1.5295932180212584,-0.008930952502539615,-1.0935282406537596
1345,1.5295932180210363,-0.008930952502539615,-1.093528240653954
1346,1.5295932180208884,-0.008930952502539615,-1.093528240653954
1347,1.5295932180211844,-0.008930952502507335,-1.093528240653954
1348,1.323911214501886,-0.2855965254684972,-0.9924501316146093
1349,1.257527075889949,-0.3748907056940451,-0.9598270382211218
1350,1.2575270758431238,-0.37489070569407734,-0.9598270382211218
1351,1.2575270758431978,-0.37489070569407734,-0.9598270382211218
1352,1.25752707584305,-0.37489070569407734,-0.9598270382211218
1353,0.7131274618317348,-0.8113272554580319,-0.9106486865333029
1354,0.5402680323718532,-0.9499059231024737,-0.8950334259841073
1355,0.5402680323721492,-0.9499059231024737,-0.8950334259843015
1356,0.5402680323719272,-0.9499059231024737,-0.8950334259841073
1357,0.5402680323720751,-0.9499059231024737,-0.8950334259843015
1358,0.5402680323720012,-0.9499059231024737,-0.8950334259841073
1359,0.07176487932187799,-1.4708131490330871,-1.2515228094451278
1360,-0.07375969122842851,-1.6326152618348209,-1.3622541120402245
1361,-0.07375969118182531,-1.6326152622835022,-1.3622541120402245
1362,-0.07375969122842851,-1.6326152622835022,-1.3622541120402245
1363,0.24068069180203647,-1.5016951388841566,-1.2725453594000407
1364,0.33249403360510493,-1.4634678162549342,-1.2463513308514307
1365,0.33249403365193003,-1.4634678162548695,-1.2463513308512364
1366,0.3324940336053268,-1.4634678158062528,-1.2463513308514307
1367,0.8410471202040531,-1.003651882983121,-1.0770085357216008
1368,1.0051833015539853,-0.8552456822571866,-1.0223529245950995
1369,1.0051833016006624,-0.8552456822571544,-1.0223529245950995
1370,1.0051833015538372,-0.8552456822571866,-1.0223529245950995
1371,1.0051833015540592,-0.8552456822572189,-1.0223529245949052
1372,0.6757888606953019,-0.2197879900287425,-0.5645693443632441
1373,0.5717695635669194,-0.01911713966248692,-0.4200061085004201
1374,0.5717695635672154,-0.019117140111168215,-0.4200061085006143
1375,0.5717695635205382,-0.01911713966248692,-0.4200061085004201
1376,0.5717695635669935,-0.0191171396625192,-0.4200061085004201
1377,0.5717695635672154,-0.019117140111135935,-0.4200061085004201
1378,0.5717695635670674,-0.01911713966248692,-0.4200061085006143
1379,0.5717695635205382,-0.0191171396625192,-0.4200061085004201
1380,0.5717695635669935,-0.019117140111135935,-0.4200061085004201
1381,0.5717695635672154,-0.01911713966248692,-0.4200061085004201
1382,0.5717695635203902,-0.01911713966248692,-0.4200061085004201
1383,0.5717695635670674,-0.019117140111135935,-0.4200061085006143
1384,0.5717695635672154,-0.0191171396625192,-0.4200061085004201
1385,1.1906447961467672,0.7757239398029884,-1.074632608750912
1386,1.3818156795190333,1.021250765993668,-1.2768470774147902
1387,1.3818156795191072,1.0212507655450191,-1.276847077414596
1388,1.3818156795188852,1.021250765993668,-1.2768470774147902
1389,1.4777120494562208,0.7213811843059844,-1.2054595488053852
1390,1.5091680963942273,0.6230175897928558,-1.1820429225549471
1391,1.5091680964408305,0.6230175902415694,-1.1820429225551414
1392,1.5091680964409044,0.6230175897928881,-1.1820429225549471
1393,1.5091680963940795,0.6230175902416017,-1.1820429225551414
1394,1.5111369484626824,0.7801855836532167,-1.2292131053355544
1395,1.5117827737209306,0.8317400247456007,-1.2446859275757738
1396,1.5117827737676819,0.8317400251942174,-1.244685927575968
1397,1.5117827737209306,0.8317400251942497,-1.2446859275757738
1398,1.9286601761522688,1.0230154782271301,-1.4876479770560347
1399,2.0758929257801633,1.090570137882373,-1.5734573071161089
1400,2.0758929258267664,1.0905701378823407,-1.5734573071161089
1401,2.07589292582684,1.090570137882373,-1.5734573071159146
1402,2.1293490741428602,1.0971710956935103,-1.6058520137484342
1403,2.146978229450513,1.0993480078800972,-1.6165353744462876
1404,2.1469782294505872,1.0993480074313837,-1.6165353744462876
1405,1.8842007206170017,1.1920471630333596,-1.5136314137938323
1406,1.7622380993974234,1.2350715142463897,-1.4658707175614447
1407,1.7622380993974234,1.2350715146950064,-1.4658707175612504
1408,1.9071309414443147,1.3527457348676042,-1.5936166353998322
1409,1.9554285555067457,1.3919704753737643,-1.6361986080126927
1410,1.9554285555063018,1.3919704753737965,-1.6361986080126927
1411,1.7875315376437237,1.3043790805228148,-1.510861286143023
1412,1.7412741959363933,1.2802467575614898,-1.476329575015637
1413,1.7412741959362454,1.2802467575614898,-1.476329575015443
1414,1.4724804826240883,1.3248830511002325,-1.3725877877512769
1415,1.3852560325825907,1.3393676763519735,-1.3389232342682174
1416,1.3852560326291938,1.3393676763519413,-1.3389232342682174
1417,1.3852560325823688,1.3393676763519735,-1.33892323426812
1418,1.2868706131819712,1.3043833405573488,-1.2771676213430134
1419,1.2547713914626208,1.2929693526741743,-1.2570192383460843
1420,1.254771391509224,1.2929693526741097,-1.2570192383461816
1421,1.254771391462547,1.2929693531228557,-1.2570192383460843
1422,1.0752247751321642,1.2564597692847312,-1.1635090246184343
1423,1.0172758671715185,1.2446762531307736,-1.133328479446947
1424,1.0172758672182698,1.2446762531308058,-1.133328479446947
1425,1.0172758672181956,1.2446762526820923,-1.133328479447044
1426,1.2254016604398237,1.351658238459812,-1.2787150948001917
1427,1.2929391694884635,1.386374246816327,-1.3258935328949892
1428,1.2929391695351409,1.386374246816327,-1.3258935328950863
1429,1.2929391694886117,1.386374246816327,-1.3258935328949892
1430,1.5111912188539287,1.1848104636030719,-1.3223392708115094
1431,1.5827825284997619,1.118693259835893,-1.3211733973259223
1432,1.5827825284997619,1.1186932598359574,-1.3211733973259223
1433,1.582782528499688,1.1186932598359574,-1.3211733973259223
1434,1.6325844945124488,0.7503171302677735,-1.209089943421497
1435,1.6489205975911314,0.6294819330752491,-1.172324188953546
1436,1.6489205975910575,0.6294819330751845,-1.172324188953546
1437,1.6489205975443804,0.6294819326265678,-1.172324188953546
1438,1.935518673767322,0.6895103836872138,-1.3611217079005766
1439,2.029024146918987,0.7090952622483376,-1.4227187764165068
1440,2.029024146918987,0.7090952622483376,-1.4227187764164098
1441,1.6546371677779363,0.4085999880465698,-1.127451467061617
1442,1.4848570260268226,0.2723288749933192,-0.9935511756101287
1443,1.4848570260268965,0.27232887544196827,-0.9935511756100316
1444,1.4848570260268965,0.27232887499328695,-0.9935511756101287
1445,1.4848570260267486,0.27232887499328695,-0.9935511756100316
1446,0.7166897329880609,-0.8452575375740049,-0.9926112727289556
1447,0.4578954043296365,-1.2217706072069492,-0.992294620956172
1448,0.4578954043294146,-1.2217706076555659,-0.9922946209560749
1449,0.45789540432948855,-1.221770607206917,-0.992294620956172
1450,0.45789540432948855,-1.2217706072069816,-0.9922946209560749
1451,0.578883638148519,-1.7528368117105064,-1.3924330414139465
1452,0.6187840130935792,-1.9279756663013194,-1.5243935843307554
1453,0.6187840130936532,-1.9279756663013516,-1.5243935843308525
1454,0.5033682608252698,-1.66651194060111,-1.3178166775495515
1455,0.46530561914856033,-1.5802845419529445,-1.2496902508450354
1456,0.4653056191018831,-1.5802845415042956,-1.2496902508449383
1457,0.4653056191019571,-1.5802845419529445,-1.2496902508450354
1458,0.34709574921139114,-1.6882710129129088,-1.31335333552671
1459,0.3079023302474319,-1.7240747832843406,-1.3344613356407233
1460,0.30790233024735797,-1.7240747828356915,-1.3344613356407233
1461,0.30790233024735797,-1.7240747832843406,-1.3344613356408206
1462,0.06986382080531923,-1.7927597640229693,-1.7146932503092107
1463,-0.007798610625866041,-1.815168922537727,-1.8387476946174974
1464,-0.007798610626013988,-1.8151689225376946,-1.8387476946174974
1465,-0.007798610625866041,-1.815168922537727,-1.8387476946174974
1466,0.13022440545051797,-1.653195039490979,-1.7116257406284734
1467,0.17647777935875,-1.5989154074312335,-1.6690254596521685
1468,0.17647777935867603,-1.5989154074312335,-1.6690254596521685
1469,0.1764777793121468,-1.5989154074312657,-1.6690254596521685
1470,-0.08511331296183976,-1.8637450781567384,-1.9355614396372247
1471,-0.17000048857246067,-1.9496831829978674,-2.0220532477117836
1472,-0.17000048861913786,-1.949683182997803,-2.0220532477117836
1473,-0.2759610873929826,-1.933272300247875,-2.0156866155077475
1474,-0.3101600108380962,-1.9279756663013516,-2.013631776542344
1475,-0.3101600108380222,-1.9279756663013194,-2.013631776542344
1476,-0.1709790692956283,-1.7244577749691874,-1.796526350276987
1477,-0.12605823632189594,-1.6587721061933425,-1.7264552867733534
1478,-0.12605823627536672,-1.6587721066419916,-1.7264552867733534
1479,-0.1260582363220439,-1.6587721061933425,-1.7264552867733534
1480,-0.2945390597015365,-1.6947889271948657,-1.780690772371917
1481,-0.34950760424137084,-1.7065397727649734,-1.7983856390260462
1482,-0.34950760424129684,-1.7065397732136547,-1.7983856390261432
1483,-0.34950760424129684,-1.7065397727650058,-1.7983856390260462
1484,-0.2308665341343284,-1.802662202374957,-1.8805921538223196
1485,-0.1919497422063057,-1.8341924012321522,-1.907557637427352
1486,-0.19194974220623173,-1.8341924007835355,-1.907557637427352
1487,-0.1919497422529829,-1.8341924012321844,-1.907557637427352
1488,-0.31103991287933597,-1.6788636915207504,-1.7666324539922498
1489,-0.3496850675957521,-1.6284590106393093,-1.7209017653279515
1490,-0.3496850675956781,-1.6284590106393417,-1.7209017653279515
1491,-0.3496850675957521,-1.6284590106393093,-1.7209017653279515
1492,-0.3893697630157816,-1.6520138662925579,-1.751028569386197
1493,-0.4021780509467497,-1.6596162274347068,-1.7607520352462296
1494,-0.4021780509466017,-1.6596162269859933,-1.7607520352461326
1495,-0.4021780509467497,-1.6596162274347068,-1.7607520352462296
1496,-0.12063823033315313,-1.8166715603189587,-1.8911766828374823
1497,-0.029770880809257667,-1.8673613768189399,-1.9332714103670339
1498,-0.029770880809109723,-1.867361376818956,-1.9332714103669366
1499,-0.2024559348015694,-1.7544744596094484,-1.830610591898304
1500,-0.2569880570509012,-1.7188259595325275,-1.7981913860660939
1501,-0.2569880570978003,-1.718825959532495,-1.7981913860660939
1502,-0.2569880570976524,-1.7188259595325113,-1.7981913860661909
1503,-0.09942318939442542,-1.8897257935303946,-1.9597420189541341
1504,-0.04718130919527071,-1.9463889869140962,-2.0133054112168165
1505,-0.04718130914851955,-1.9463889873627938,-2.0133054112167192
1506,0.04116770527812207,-1.7210029964467846,-1.7862060179074617
1507,0.07109046391528367,-1.6446674464091617,-1.7092901591294574
1508,0.07109046391535766,-1.6446674464091942,-1.7092901591294574
1509,0.07109046391528367,-1.6446674459605128,-1.7092901591294574
1510,0.15021842586893064,-1.6952484159987624,-1.7644345829897319
1511,0.17673527288039306,-1.7121987806368528,-1.782914223028434
1512,0.17673527288024513,-1.7121987801881877,-1.782914223028434
1513,0.17673527288039306,-1.7121987806368528,-1.782914223028434
1514,0.26285790692364414,-1.5688832089969562,-1.6485182003641814
1515,0.28990561987962904,-1.5238734560212752,-1.6063097254407785
1516,0.289905619879777,-1.5238734564699563,-1.6063097254407785
1517,0.28990561987962904,-1.5238734560212752,-1.6063097254406815
1518,0.397606122422026,-0.9492036334179786,-1.0791425288436374
1519,0.444647721201391,-0.6981984234731163,-0.8488855923989471
1520,0.444647721201465,-0.6981984234731002,-0.84888559239885
1521,0.444647721201317,-0.6981984234730841,-0.8488855923989471
1522,0.444647721201465,-0.6981984234731325,-0.84888559239885
1523,0.444647721201391,-0.6981984230244351,-0.8488855923989471
1524,0.4446477212480682,-0.6981984234731002,-0.8488855923989471
1525,0.8095531444061225,-0.5233492117475051,-0.9429016962959927
1526,0.9286071684125309,-0.4663029163083939,-0.9735753853658233
1527,0.928607168459282,-0.46630291675705904,-0.9735753853659205
1528,0.9286071684126048,-0.4663029167570752,-0.9735753853659205
1529,0.928607168459356,-0.46630291675705904,-0.9735753853658233
1530,0.9286071684124569,-0.46630291675705904,-0.9735753853659205
1531,0.928607168459356,-0.4663029167570752,-0.9735753853659205
1532,1.1749681790711308,-0.44515796913732053,-0.8872614890287767
1533,1.2575270758431978,-0.43807201166786186,-0.8583365384537931
1534,1.2575270758431978,-0.4380720121165432,-0.8583365384538902
1535,1.2575270758431978,-0.43807201166782955,-0.8583365384537931
1536,1.2575270758431978,-0.43807201166786186,-0.8583365384538902
1537,1.3918334537249963,-0.48550450168465675,-0.7459380698566983
1538,1.4361259825696693,-0.5011471308412236,-0.7088704897874157
1539,1.4361259825697432,-0.5011471312898889,-0.7088704897874157
1540,1.4361259825696693,-0.5011471308412236,-0.7088704897874157
1541,1.4361259825696693,-0.5011471312898889,-0.7088704897874157
1542,1.78708691369455,-0.5779979292498517,-0.8679713861736273
1543,1.9015914085028933,-0.6030712666926255,-0.9198796361881563
1544,1.901591408456364,-0.6030712666926417,-0.9198796361882534
1545,1.9015914084562162,-0.6030712666926417,-0.9198796361881563
1546,1.6562829220678472,-0.6970386365901392,-0.8410194422084044
1547,1.5792412291404383,-0.7265500708171659,-0.8162525744539029
1548,1.5792412291872635,-0.7265500708171821,-0.8162525744539029
1549,1.5792412291871893,-0.7265500703684847,-0.8162525744538057
1550,1.5674939000411794,-0.5573666628289213,-0.7749713569617953
1551,1.5636197808615993,-0.5015721342282482,-0.7613573384272385
1552,1.5636197809084245,-0.5015721346768972,-0.7613573384271415
1553,1.5636197808615993,-0.5015721342282321,-0.7613573384271415
1554,1.5636197808616732,-0.5015721346768972,-0.7613573384271415
1555,1.8932238295229782,-0.7555133411205034,-0.947608663376201
1556,1.9984536181203383,-0.8365869190488824,-1.00707148743646
1557,1.9984536181670154,-0.8365869194975475,-1.00707148743646
1558,1.9984536181202643,-0.8365869190488985,-1.00707148743646
1559,1.7318374720645626,-0.5971496616786786,-0.849599676361427
1560,1.6420149202507428,-0.5164836342312645,-0.7965476758387289
1561,1.6420149202040657,-0.5164836337826154,-0.7965476758387289
1562,1.6420149202508167,-0.5164836337826154,-0.7965476758387289
1563,1.8854632192533363,-0.48138110547258206,-0.8934847852986209
1564,1.9897982045200728,-0.4663371643836911,-0.935029260781404
1565,1.989798204566898,-0.4663371648323724,-0.9350292607813069
1566,1.9897982045200728,-0.4663371643837234,-0.935029260781404
1567,1.8346773128600475,-0.6525436030143625,-0.9041630017404199
1568,1.7835204230621775,-0.713952109194694,-0.8939837035459277
1569,1.7835204230154265,-0.713952109643343,-0.8939837035460249
1570,1.7835204230622514,-0.713952109194694,-0.8939837035460249
1571,2.2238217662236943,-1.1052248744409725,-1.161046905866225
1572,2.3628642957068857,-1.2287846950450545,-1.2453826539672896
1573,2.3628642956603567,-1.2287846954937036,-1.2453826539672896
1574,2.083435300152626,-0.7946399657858148,-1.0352639669562236
1575,1.9897948756976145,-0.6491522126391094,-0.9648503615626451
1576,1.9897948757441437,-0.6491522126391094,-0.9648503615626451
1577,1.9897948756976145,-0.6491522130877584,-0.9648503615627423
1578,1.6859399022548889,-0.9094349979958373,-0.9107465982558938
1579,1.583571649114515,-0.9971238509509104,-0.8925191271953632
1580,1.5835716491612661,-0.9971238509509265,-0.8925191271953632
1581,1.583571649114589,-0.9971238509509104,-0.8925191271953632
1582,1.5047701304817718,-0.05658919563456974,-0.7352889627261862
1583,1.4785029576354816,0.25692235673575053,-0.6828789079030624
1584,1.4785029576354816,0.25692235673575053,-0.6828789079031595
1585,1.4785029576354816,0.2569223562871015,-0.6828789079030624
1586,1.4785029576354074,0.25692235673575053,-0.6828789079030624
1587,2.6362400749152632,0.03816680513361298,-1.1893546462600375
1588,3.016002449394796,-0.033589664531806354,-1.3554894502097619
1589,3.016002449394796,-0.0335896640831412,-1.3554894502096648
1590,1.4694909855132094,-0.7331617466867315,-0.8474492881685536
1591,0.9512341398424567,-0.9675977845484387,-0.6771981791265773
1592,0.9512341397957056,-0.9675977849970877,-0.6771981791266745
1593,0.9512341398424567,-0.9675977845484307,-0.6771981791265773
1594,0.9512341398423828,-0.9675977849970958,-0.6771981791266745
1595,0.19597042079899543,-0.09352725728906414,-0.25591377499675466
1596,-0.06118371404596273,0.20407852500565146,-0.1124737768077771
1597,-0.06118371404588875,0.20407852545433275,-0.1124737768077771
1598,-0.06118371404596273,0.20407852545430855,-0.1124737768077771
1599,-0.06118371404596273,0.20407852545433275,-0.1124737768077771
1600,-0.06118371404581478,0.20407852500565146,-0.1124737768077771
1601,-0.06118371404596273,0.20407852545433275,-0.1124737768077771
1602,-0.06118371404581478,0.20407852545430855,-0.1124737768077771
1603,-0.06118371404596273,0.20407852545432467,-0.1124737768077771
1604,-0.06118371404588875,0.20407852500567567,-0.1124737768077771
1605,-0.06118371404596273,0.20407852545430855,-0.1124737768077771
1606,-0.06118371404588875,0.20407852545433275,-0.1124737768077771
1607,-0.06118371404588875,0.20407852545432467,-0.1124737768077771
1608,-0.06118371404588875,0.20407852545431662,-0.1124737768077771
1609,-0.06118371404596273,0.20407852500565146,-0.1124737768077771
1610,-0.06118371404596273,0.20407852545432467,-0.11247377680787424
1611,-0.06118371404581478,0.20407852545433275,-0.1124737768077771
1612,-0.06118371404596273,0.20407852545432467,-0.1124737768077771
1613,-0.06118371404596273,0.20407852500565146,-0.1124737768077771
1614,-0.06118371404588875,0.20407852545433275,-0.1124737768077771
1615,-0.06118371404588875,0.20407852545430855,-0.1124737768077771
1616,-0.06118371404596273,0.20407852545433275,-0.1124737768077771
1617,-0.06118371404588875,0.20407852500565146,-0.1124737768077771
1618,-0.06118371404596273,0.20407852545433275,-0.1124737768077771
1619,-0.06118371404581478,0.20407852545430855,-0.1124737768077771
1620,-0.06118371404596273,0.20407852545432467,-0.1124737768077771
1621,-0.06118371404581478,0.20407852545433275,-0.1124737768077771
1622,-0.06118371404596273,0.20407852500565146,-0.1124737768077771
1623,-0.06118371404588875,0.20407852545433275,-0.1124737768077771
1624,-0.06118371404596273,0.20407852545432467,-0.1124737768077771
1625,-0.06118371404588875,0.20407852545431662,-0.1124737768077771
1626,-0.06118371404588875,0.2040785250056676,-0.1124737768077771
1627,-0.06118371404596273,0.20407852545430855,-0.1124737768077771
1628,-0.06118371404581478,0.20407852545433275,-0.1124737768077771
1629,0.6613278147210614,0.7375907484577818,-0.48850013594696173
1630,0.8983269483173875,0.9125940935714015,-0.6118447716805397
1631,0.8983269483173875,0.9125940940200505,-0.6118447716805397
1632,0.8983269483641386,0.9125940935714015,-0.6118447716805397
1633,0.8983269483173875,0.9125940940200505,-0.6118447716805397
1634,1.2007859546541553,-0.4122272243719774,0.27380112665957884
1635,1.302683908646624,-0.8585574007893738,0.5721738089880851
1636,1.302683908646624,-0.8585574007893657,0.5721738089880851
1637,1.302683908693301,-0.8585574007893657,0.5721738089880851
1638,1.0489719407227454,-1.152863455461075,0.6019926432607295
1639,0.9376307174381319,-1.2820193502833066,0.6150786065027696
1640,0.9376307174380579,-1.2820193502832904,0.6150786065026724
1641,0.937630717437984,-1.2820193502833226,0.6150786065027696
1642,0.6812982740453021,-1.2083273237267318,0.5457163001111205
1643,0.5944815295362779,-1.1833687119971834,0.5222241133413457
1644,0.5944815294896006,-1.1833687119971754,0.5222241133413457
1645,0.5944815295362779,-1.1833687119971916,0.5222241133413457
1646,0.5944815294896006,-1.1833687119971674,0.5222241133413457
1647,0.8425948100829078,-1.2092508426794075,0.5733967986499986
1648,0.9257409160573778,-1.2179242936003016,0.5905454555424924
1649,0.925740916104129,-1.2179242936003258,0.5905454555423952
1650,0.925740916104129,-1.2179242936002936,0.5905454555424924
1651,0.9852226531917169,-1.5618856354664619,0.7237944148732859
1652,1.0050498989341827,-1.676539415789378,0.7682107346501523
1653,1.0050498989342567,-1.6765394157893863,0.7682107346501523
1654,0.7161208193735336,-1.8546616678949062,0.7989781433907007
1655,0.6208356973540023,-1.9134041134637045,0.809124842017785
1656,0.6208356974006796,-1.9134041130150392,0.809124842017785
1657,0.2877232687539721,-1.3449356071835907,0.5559527890046866
1658,0.18368027915903432,-1.1673824521698284,0.47687805328666083
1659,0.18368027920578547,-1.1673824521698366,0.4768780532865637
1660,0.1836802792057115,-1.1673824521698366,0.47687805328666083
1661,0.1836802792057115,-1.1673824517211715,0.4768780532865637
1662,0.2126943638424694,-0.8443127489577117,0.3481715656014683
1663,0.2223657254347079,-0.736622847288794,0.30526940303976985
1664,0.2223657254347079,-0.736622847737447,0.30526940303976985
1665,0.2223657254347079,-0.736622847288794,0.3052694030396727
1666,0.2223657253880307,-0.7366228477374551,0.30526940303976985
1667,0.2223657254347079,-0.7366228472887859,0.30526940303976985
1668,0.2223657254347079,-0.7366228477374551,0.30526940303976985
1669,0.22236572543478186,-0.736622847288794,0.3052694030396727
1670,0.5688495922775856,-0.6416970584591565,0.33054835707608987
1671,0.6812847543869202,-0.6108933249262486,0.338751461365889
1672,0.6812847543870681,-0.6108933253749057,0.3387514613659861
1673,0.6812847543869941,-0.6108933249262486,0.3387514613659861
1674,0.6812847543869941,-0.6108933253749017,0.3387514613659861
1675,0.6812847543870681,-0.6108933249262486,0.338751461365889
1676,0.6812847543869202,-0.6108933253749057,0.3387514613659861
1677,0.8157118914059588,-0.4076991935256251,0.3269811823354036
1678,0.8595700820821048,-0.3414050868337306,0.32314101172332743
1679,0.8595700820355017,-0.3414050872823877,0.3231410117232303
1680,0.8595700820355017,-0.3414050868337306,0.32314101172332743
1681,0.8595700820353537,-0.3414050872823877,0.32314101172332743
1682,0.8595700820355017,-0.34140508683372656,0.3231410117232303
1683,0.8595700820354277,-0.3414050872823917,0.32314101172332743
1684,0.8595700820355017,-0.3414050868337306,0.32314101172332743
1685,1.5227030015060965,-0.4544448883594767,0.5608625011283098
1686,1.7413957727781775,-0.4917239712733905,0.6392600135917833
1687,1.7413957728248548,-0.4917239717220436,0.6392600135916862
1688,1.7413957727782516,-0.4917239717220516,0.6392600135916862
1689,1.7295324887260342,-0.8716355631940038,0.7060629601151691
1690,1.72566197428445,-0.995585498870811,0.727858085903786
1691,1.7256619742377357,-0.995585498870803,0.7278580859038831
1692,1.72566197428445,-0.995585498870811,0.7278580859038831
1693,1.3919827906346924,-0.9610196860062507,0.6244736942808036
1694,1.280756396084712,-0.9494977476369687,0.5900122304064437
1695,1.2807563960380717,-0.9494977480856257,0.5900122304065408
1696,1.280756396084712,-0.9494977480856257,0.5900122304064437
1697,1.2812356780285483,-0.890545271374144,0.574526995804319
1698,1.281394587720003,-0.8709991108961062,0.5693927435859626
1699,1.281394587720003,-0.8709991108961062,0.5693927435860597
1700,1.281394587720003,-0.870999110447449,0.5693927435859626
1701,1.5869835487727972,-0.6677900704963207,0.6205323694380176
1702,1.6866849869804932,-0.6014910998724368,0.6372171810554939
1703,1.6866849869804932,-0.6014910998724368,0.6372171810554939
1704,1.6866849870272445,-0.6014910994237747,0.6372171810553968
1705,1.785673378710649,-0.40017228322552456,0.6453003776105555
1706,1.818493764222793,-0.3334234345612443,0.6479804254696669
1707,1.8184937642694332,-0.3334234345612453,0.6479804254697641
1708,1.8184937642695072,-0.3334234345612443,0.6479804254696669
1709,1.4939987032342525,-0.8890617317381928,0.6512968357081961
1710,1.3852560325824057,-1.0752636173588128,0.6524082094998411
1711,1.3852560325824796,-1.0752636178074744,0.652408209499744
1712,1.385256032629157,-1.0752636178074733,0.652408209499744
1713,1.2433640601820624,-1.0448221505212856,0.6071653351832398
1714,1.1955608822903794,-1.0345664698376964,0.5919230834080533
1715,1.1955608822904904,-1.0345664693890353,0.5919230834080533
1716,1.1955608822904533,-1.0345664693890355,0.5919230834080533
1717,1.4281370296774007,-0.9772615295096998,0.19971930563412207
1718,1.4968253218739875,-0.9603372728935857,0.08388710183568152
1719,1.4968253219207388,-0.9603372724449252,0.08388710183558439
1720,1.4968253218740246,-0.9603372724449252,0.08388710183558439
1721,1.7591749777141674,-0.773550017253134,-0.05036116760411452
1722,1.8452312393460613,-0.7122798282694563,-0.09439745253336135
1723,1.845231239299458,-0.7122798282694573,-0.09439745253326423
1724,1.8452312393460613,-0.7122798282694583,-0.09439745253336135
1725,1.4106210105320138,-0.9379674928906538,-0.08628537252097798
1726,1.2672921052767239,-1.012396403573147,-0.08361011209143555
1727,1.267292105276798,-1.012396403573149,-0.08361011209153268
1728,1.267292105276798,-1.012396403573147,-0.08361011209143555
1729,1.2704660022446543,-1.4993836262072457,-0.09974609011928914
1730,1.2715127129607704,-1.6599857956363275,-0.10506752968160232
1731,1.2715127129606965,-1.6599857951876664,-0.10506752968160232
1732,1.605945179165425,-1.2367512884656537,-0.10025941608215459
1733,1.710400463928579,-1.1045599330780975,-0.09875766931467035
1734,1.710400463928505,-1.1045599330780855,-0.09875766931476748
1735,1.7104004638818278,-1.1045599335267506,-0.09875766931476748
1736,2.4340317690083424,-0.795007338241379,-0.11693598055320055
1737,2.671398213086465,-0.6934675095483147,-0.12289885289839514
1738,2.6713982130397507,-0.6934675099969798,-0.12289885289839514
1739,2.780581750561092,-0.593494111475679,-0.12570277655134407
1740,2.8282711117492783,-0.5498275700414718,-0.1269274788366038
1741,2.828271111749315,-0.5498275700414799,-0.1269274788366038
1742,2.2398534456306525,-0.6565675723986364,-0.10735876389587092
1743,2.0468399482145956,-0.6915805614681136,-0.10093980959274577
1744,2.0468399482145587,-0.6915805610194484,-0.10093980959264866
1745,1.387519193004282,-1.2009104815918543,-0.0956072330760452
1746,1.088524897000362,-1.4318856781774445,-0.0931889716325381
1747,1.088524897000436,-1.4318856781774405,-0.0931889716325381
1748,1.0885248970004728,-1.4318856781774527,-0.0931889716325381
1749,1.2621840071361483,-1.125687655711488,-0.08731507267099918
1750,1.3182327145886796,-1.0268618382554644,-0.08541926401140504
1751,1.3182327146353567,-1.0268618387041215,-0.08541926401140504
1752,1.3182327145886796,-1.0268618387041255,-0.08541926401140504
1753,1.2761617179963982,-0.899643485199878,-0.08068071257994187
1754,1.2622127457503072,-0.8574632323464747,-0.07910960831039711
1755,1.2622127457970214,-0.8574632323464989,-0.07910960831039711
1756,1.26221274575027,-0.8574632323464828,-0.07910960831029999
1757,1.0735742602777647,0.08495934329806344,-0.06639898653802301
1758,0.9900071390843947,0.5024539046329618,-0.060768162751381395
1759,0.9900071390377916,0.5024539046329618,-0.060768162751284265
1760,0.9900071390376806,0.5024539046329538,-0.060768162751381395
1761,0.9900071390844687,0.5024539046329618,-0.060768162751381395
1762,0.9900071390377545,0.5024539046329457,-0.060768162751284265
1763,0.9900071390377175,0.5024539046329699,-0.060768162751381395
1764,0.9168510231032219,0.38458353084563685,-0.05613311972861206
1765,0.892595533257309,0.34550267451960015,-0.0545963344921267
1766,0.8925955332105949,0.34550267407094304,-0.0545963344921267
1767,0.8925955332573461,0.34550267451960015,-0.05459633449202957
1768,0.8925955332105949,0.34550267407094304,-0.0545963344921267
1769,0.8925955332573461,0.34550267451959205,-0.05459633449202957
1770,0.892595533257309,0.34550267407094304,-0.0545963344921267
1771,2.6332109594073683,0.5040093197328499,-0.1190247488444475
1772,3.188921953038774,0.5546143433751439,-0.139594242608751
1773,3.1889219529920227,0.5546143433751519,-0.13959424260865388
1774,3.702612769053792,0.563520040879424,-0.1585150273904312
1775,3.872021442447263,0.5664570257779283,-0.16475486066944428
1776,2.9137094704337043,-0.2975152549835231,-0.13028820280530162
1777,2.599362781164124,-0.5809165208492395,-0.11898240666656926
1778,2.5993627811174465,-0.5809165208492314,-0.11898240666647213
1779,1.3058247257726072,-0.8467665903077076,-0.08315339586211662
1780,0.8815167580945125,-0.9339710614104175,-0.07140071901115345
1781,0.8815167580945125,-0.9339710614104094,-0.07140071901125059
1782,0.8815167580945125,-0.9339710618590665,-0.07140071901125059
1783,0.8815167580945125,-0.9339710614104175,-0.07140071901115345
1784,-0.04740657233689987,-1.3424557816419957,0.043037851329377874
1785,-0.32175180460302605,-1.463096346180036,0.07683577106726709
1786,-0.32175180460295205,-1.463096346628693,0.07683577106726709
1787,-0.321751804602989,-1.463096346180028,0.07683577106726709
1788,-0.4303856213357454,-1.3928995929258414,0.09958831187629222
1789,-0.46601982153703564,-1.369873565709448,0.10705162871543208
1790,-0.46601982153699867,-1.3698735661581294,0.10705162871543208
1791,-0.46601982153703564,-1.3698735657094643,0.10705162871533497
1792,-0.04084398583976822,-1.8643505279917454,0.14611240704137204
1793,0.11088090523866638,-2.0408056713340166,0.16005132793644872
1794,0.11088090528541754,-2.0408056713340086,0.16005132793644872
1795,0.8196021558747666,-1.7534216047525413,0.15022997142250047
1796,1.0583692081599587,-1.6566023734772943,0.1469211721690728
1797,1.0583692082066358,-1.6566023734772781,0.1469211721690728
1798,0.8016316990163077,-1.3764351795556653,0.11657427128194478
1799,0.7169629460172661,-1.2840396161325967,0.1065662507767321
1800,0.7169629459705149,-1.2840396156839233,0.10656625077663497
1801,0.7169629459705519,-1.2840396156839313,0.1065662507767321
1802,0.948172896979085,-0.8036135959227023,0.0845682594274099
1803,1.0203880785037547,-0.653559274656881,0.0776974957250907
1804,1.0203880784571144,-0.6535592746568891,0.07769749572518783
1805,1.0203880785037915,-0.6535592746568729,0.0776974957250907
1806,1.0203880785037915,-0.653559274656881,0.07769749572518783
1807,1.0203880785037915,-0.653559274656881,0.0776974957250907
1808,1.7993486161732486,0.5771588229295578,0.13669726018480985
1809,2.054864224137573,0.9808605096544678,0.15605043657460504
1810,2.0548642241842874,0.9808605096544759,0.15605043657460504
1811,1.8601499616276491,0.7515167869461961,0.13435345856903877
1812,1.7767009919205252,0.653226619814884,0.12505475370942712
1813,1.7767009919672394,0.6532266193662026,0.12505475370942712
1814,1.7767009919672025,0.6532266198148678,0.12505475370942712
1815,1.3878212572459996,0.2712876844204678,0.08828118810293994
1816,1.2595736851412145,0.14532909872310573,0.07615373561568797
1817,1.259573685141196,0.14532909917176284,0.0761537356157851
1818,1.2595736851411405,0.14532909872310573,0.07615373561568797
1819,1.2595736851411774,0.1453290991717709,0.07615373561568797
1820,1.2595736851411774,0.14532909917175477,0.0761537356157851
1821,2.018283311839691,0.518763553349358,0.13895061237277942
1822,2.261832108799117,0.6386374938300938,0.15910865867658766
1823,2.261832108752384,0.6386374938300938,0.15910865867658766
1824,1.888027743807713,0.48438362604794727,0.12835302528629297
1825,1.7640899450654537,0.4332395346314577,0.11815575136585589
1826,1.7640899450187395,0.4332395341828006,0.11815575136585589
1827,1.764089945018758,0.4332395346314577,0.11815575136575876
1828,2.0852340136964784,0.43742632168263257,0.14179806037535278
1829,2.232913402930152,0.43935163250654286,0.1526700710875925
1830,2.2329134029768847,0.43935163295521606,0.15267007108768962
1831,2.414876758811575,0.22424311058969168,0.16382632096684027
1832,2.4729706007140266,0.1555673022729873,0.16738807884384171
1833,2.4729706007140266,0.15556730272162822,0.16738807884384171
1834,2.472970600667331,0.15556730272162822,0.16738807884384171
1835,2.687331928445121,0.4249059927397657,0.1864412424664003
1836,2.758025557826084,0.5137304546947099,0.19272473259726472
1837,2.7580255577793884,0.5137304546946938,0.19272473259726472
1838,3.189979084037215,0.889472974488112,0.23266918131525943
1839,3.3316690189767613,1.0127245045371984,0.24577180924783656
1840,3.2884625888645354,1.1631193311024746,0.2473319039583313
1841,3.2697686892976106,1.2281898724293547,0.24800690195625308
1842,2.1526812350052644,-0.07706091512601407,0.15417871834248292
1843,1.778330165518439,-0.5144680541956326,0.12273562877351636
1844,1.7783301655651718,-0.5144680546442816,0.12273562877361349
1845,1.7783301655184205,-0.5144680541956326,0.12273562877351636
1846,1.9099037693220766,-0.18536986778279255,0.10743823753780703
1847,1.970128421782232,-0.03473308875454237,0.10043622463981966
1848,1.970128421782269,-0.034733088305877215,0.10043622463981966
1849,1.970128421782269,-0.034733088305885285,0.10043622463981966
1850,1.786936174651749,0.42882329076993053,0.01069786996737853
1851,1.7265217101839712,0.5816982677072586,-0.01889669380750623
1852,1.7265217101839896,0.5816982672586015,-0.01889669380750623
1853,1.7265217101839803,0.5816982672586015,-0.01889669380750623
1854,1.7196913802049152,0.950199654404127,-0.01889669380750623
1855,1.7174146035452054,1.0730334498201894,-0.01889669380750623
1856,1.7174146035452147,1.0730334498201815,-0.01889669380750623
1857,1.7174146035452054,1.0730334502688545,-0.01889669380750623
1858,1.867897053079866,1.0480871794038944,-0.01889669380750623
1859,1.9336250195201827,1.0371911071803663,-0.01889669380750623
1860,1.9336250195201736,1.0371911071803823,-0.01889669380750623
1861,2.127075883913851,0.6374056852197608,-0.01889669380750623
1862,2.191216050680233,0.5048536612666543,-0.01889669380750623
1863,2.1912160506802145,0.5048536608179892,-0.01889669380750623
1864,2.5933790867633237,0.5018438699330124,-0.01889669380750623
1865,2.7690365048306873,0.5005292484051771,-0.01889669380750623
1866,2.7690365048773735,0.5005292484051852,-0.01889669380750623
1867,2.596405190274835,0.9677533170998992,-0.01889669380750623
1868,2.537937020826997,1.1259965427757577,-0.01889669380750623
1869,2.5379370208270062,1.1259965427757497,-0.01889669380750623
1870,1.993850851064876,1.4815163282990946,-0.01889669380750623
1871,1.7550792225943495,1.6375358029443947,-0.01889669380750623
1872,1.7550792225943355,1.6375358024957376,-0.01889669380750623
1873,1.2868733181597323,1.0283106621018916,-0.01889669380750623
1874,1.1308046834104635,0.8252356151543853,-0.01889669380750623
1875,1.1308046834104728,0.8252356147057281,-0.01889669380750623
1876,1.1308046834104728,0.8252356151543853,-0.01889669380750623
1877,1.1308046834104635,0.8252356147057281,-0.01889669380750623
1878,0.5554142175978877,0.28030503565730525,-0.01889669380750623
1879,0.364638949927535,0.09962898460824327,-0.01889669380750623
1880,0.3646389499742214,0.09962898460825133,-0.01889669380750623
1881,0.3646389499275304,0.09962898460824327,-0.01889669380750623
1882,0.3646389499742353,0.09962898505691245,-0.01889669380750623
1883,0.3646389499275257,0.09962898460824327,-0.01889669380750623
1884,0.3646389499742307,0.09962898460825133,-0.01889669380750623
1885,0.364638949927535,0.09962898460824327,-0.01889669380750623
1886,0.364638949974226,0.09962898460824327,-0.01889669380750623
1887,0.3646389499275257,0.09962898460825133,-0.01889669380750623
1888,0.3646389499275304,0.09962898460824327,-0.01889669380750623
1889,0.3646389499742307,0.0996289846082473,-0.01889669380750623
1890,0.3646389499275304,0.09962898460825133,-0.01889669380750623
1891,0.3646389499742353,0.09962898460824327,-0.01889669380750623
1892,0.3646389499275257,0.09962898460824327,-0.01889669380750623
1893,0.3646389499742353,0.09962898460825133,-0.01889669380750623
1894,0.3646389499275257,0.09962898460824327,-0.01889669380750623
1895,0.364638949974226,0.0996289846082473,-0.01889669380750623
1896,0.12796890130202662,-0.041263158604218364,-0.01889669380750623
1897,0.04949907164825882,-0.0879770649214001,-0.01889669380750623
1898,0.04949907164825882,-0.08797706537005719,-0.01889669380750623
1899,0.04949907160156314,-0.08797706492139608,-0.01889669380750623
1900,0.04949907164826344,-0.0879770649214001,-0.01889669380750623
1901,0,0,0
1902,0,0,0
1903,0,0,0
1904,0,0,0
1905,0,0,0
1906,0,0,0
1907,0,0,0
1908,0,0,0
1909,0,0,0
1910,0,0,0
1911,0,0,0
1912,0,0,0
1913,0,0,0
1914,0,0,0
1915,0,0,0
1916,0,0,0
1917,0,0,0
1918,0,0,0
1919,0,0,0
1920,0,0,0
1921,0,0,0
1922,0,0,0
1923,0,0,0
1924,0,0,0
1925,0,0,0
1926,0,0,0
1927,0,0,0
1928,0,0,0
1929,0,0,0
1930,0,0,0
1931,0,0,0
1932,0,0,0
1933,0,0,0
1934,0,0,0
1935,0,0,0
1936,0,0,0
1937,0,0,0
1938,0,0,0
1939,0,0,0
1940,0,0,0
1941,0,0,0
1942,0,0,0
1943,0,0,0
1944,0,0,0
1945,0,0,0
1946,0,0,0
1947,0,0,0
1948,0,0,0
1949,0,0,0
1950,0,0,0
1951,0,0,0
1952,0,0,0
1953,0,0,0
1954,0,0,0
1955,0,0,0
1956,0,0,0
1957,0,0,0
1958,0,0,0
1959,0,0,0
1960,0,0,0
1961,0,0,0
1962,0,0,0
1963,0,0,0
1964,0,0,0
1965,0,0,0
1966,0,0,0
1967,0,0,0
1968,0,0,0
1969,0,0,0
1970,0,0,0
1971,0,0,0
1972,0,0,0
1973,0,0,0
1974,0,0,0
1975,0,0,0
1976,0,0,0
1977,0,0,0
1978,0,0,0
1979,0,0,0
1980,0,0,0
1981,0,0,0
1982,0,0,0
1983,0,0,0
1984,0,0,0
1985,0,0,0
1986,0,0,0
1987,0,0,0
1988,0,0,0
1989,0,0,0
1990,0,0,0
1991,0,0,0
1992,0,0,0
1993,0,0,0
1994,0,0,0
1995,0,0,0
1996,0,0,0
1997,0,0,0
1998,0,0,0
1999,0,0,0
2000,0,0,0
2001,0,0,0
2002,0,0,0
2003,0,0,0
2004,0,0,0
2005,0,0,0
2006,0,0,0
2007,0,0,0
2008,0,0,0
2009,0,0,0
2010,0,0,0
2011,0,0,0
2012,0,0,0
2013,0,0,0
2014,0,0,0
2015,0,0,0
2016,0,0,0
2017,0,0,0
2018,0,0,0
2019,0,0,0
2020,0,0,0
2021,0,0,0
2022,0,0,0
2023,0,0,0
2024,0,0,0
2025,0,0,0
2026,0,0,0
2027,0,0,0
2028,0,0,0
2029,0,0,0
2030,0,0,0
2031,0,0,0
2032,0,0,0
2033,0,0,0
2034,0,0,0
2035,0,0,0
2036,0,0,0
2037,0,0,0
2038,0,0,0
2039,0,0,0
2040,0,0,0
2041,0,0,0
2042,0,0,0
2043,0,0,0
2044,0,0,0
2045,0,0,0
2046,0,0,0
2047,0,0,0
2048,0,0,0
2049,0,0,0
2050,0,0,0
2051,0,0,0
2052,0,0,0
2053,0,0,0
2054,0,0,0
2055,0,0,0
2056,0,0,0
2057,0,0,0
2058,0,0,0
2059,0,0,0
2060,0,0,0
2061,0,0,0
2062,0,0,0
2063,0,0,0
2064,0,0,0
2065,0,0,0
2066,0,0,0
2067,0,0,0
2068,0,0,0
2069,0,0,0
2070,0,0,0
2071,0,0,0
2072,0,0,0
2073,0,0,0
2074,0,0,0
2075,0,0,0
2076,0,0,0
2077,0,0,0
2078,0,0,0
2079,0,0,0
2080,0,0,0
2081,0,0,0
2082,0,0,0
2083,0,0,0
2084,0,0,0
2085,0,0,0
2086,0,0,0
2087,0,0,0
2088,0,0,0
2089,0,0,0
2090,0,0,0
2091,0,0,0
2092,0,0,0
2093,0,0,0
2094,0,0,0
2095,0,0,0
2096,0,0,0
2097,0,0,0
2098,0,0,0
2099,0,0,0
2100,0,0,0
2101,0,0,0
2102,0,0,0
2103,0,0,0
2104,0,0,0
2105,0,0,0
2106,0,0,0
2107,0,0,0
2108,0,0,0
2109,0,0,0
2110,0,0,0
2111,0,0,0
2112,0,0,0
2113,0,0,0
2114,0,0,0
2115,0,0,0
2116,0,0,0
2117,0,0,0
2118,0,0,0
2119,0,0,0
2120,0,0,0
2121,0,0,0
2122,0,0,0
2123,0,0,0
2124,0,0,0
2125,0,0,0
2126,0,0,0
2127,0,0,0
2128,0,0,0
2129,0,0,0
2130,0,0,0
2131,0,0,0
2132,0,0,0
2133,0,0,0
2134,0,0,0
2135,0,0,0
2136,0,0,0
2137,0,0,0
2138,0,0,0
2139,0,0,0
2140,0,0,0
2141,0,0,0
2142,0,0,0
2143,0,0,0
2144,0,0,0
2145,0,0,0
2146,0,0,0
2147,0,0,0
2148,0,0,0
2149,0,0,0
2150,0,0,0
2151,0,0,0
2152,0,0,0
2153,0,0,0
2154,0,0,0
2155,0,0,0
2156,0,0,0
2157,0,0,0
2158,0,0,0
2159,0,0,0
2160,0,0,0
2161,0,0,0
2162,0,0,0
2163,0,0,0
2164,0,0,0
2165,0,0,0
2166,0,0,0
2167,0,0,0
2168,0,0,0
2169,0,0,0
2170,0,0,0
2171,0,0,0
2172,0,0,0
2173,0,0,0
2174,0,0,0
2175,0,0,0
2176,0,0,0
2177,0,0,0
2178,0,0,0
2179,0,0,0
2180,0,0,0
2181,0,0,0
2182,0,0,0
2183,0,0,0
2184,0,0,0
2185,0,0,0
2186,0,0,0
2187,0,0,0
2188,0,0,0
2189,0,0,0
2190,0,0,0
2191,0,0,0
2192,0,0,0
2193,0,0,0
2194,0,0,0
2195,0,0,0
2196,0,0,0
2197,0,0,0
2198,0,0,0
2199,0,0,0
2200,0,0,0
2201,0,0,0
2202,0,0,0
2203,0,0,0
2204,0,0,0
2205,0,0,0
2206,0,0,0
2207,0,0,0
2208,0,0,0
2209,0,0,0
2210,0,0,0
2211,0,0,0
2212,0,0,0
2213,0,0,0
2214,0,0,0
2215,0,0,0
2216,0,0,0
2217,0,0,0
2218,0,0,0
2219,0,0,0
2220,0,0,0
2221,0,0,0
2222,0,0,0
2223,0,0,0
2224,0,0,0
2225,0,0,0
2226,0,0,0
2227,0,0,0
2228,0,0,0
2229,0,0,0
2230,0,0,0
2231,0,0,0
2232,0,0,0
2233,0,0,0
2234,0,0,0
2235,0,0,0
2236,0,0,0
2237,0,0,0
2238,0,0,0
2239,0,0,0
2240,0,0,0
2241,0,0,0
2242,0,0,0
2243,0,0,0
2244,0,0,0
2245,0,0,0
2246,0,0,0
2247,0,0,0
2248,0,0,0
2249,0,0,0
2250,0,0,0
2251,0,0,0
2252,0,0,0
2253,0,0,0
2254,0,0,0
2255,0,0,0
2256,0,0,0
2257,0,0,0
2258,0,0,0
2259,0,0,0
2260,0,0,0
2261,0,0,0
2262,0,0,0
2263,0,0,0
2264,0,0,0
2265,0,0,0
2266,0,0,0
2267,0,0,0
2268,0,0,0
2269,0,0,0
2270,0,0,0
2271,0,0,0
2272,0,0,0
2273,0,0,0
2274,0,0,0
2275,0,0,0
2276,0,0,0
2277,0,0,0
2278,0,0,0
2279,0,0,0
2280,0,0,0
2281,0,0,0
2282,0,0,0
2283,0,0,0
2284,0,0,0
2285,0,0,0
2286,0,0,0
2287,0,0,0
2288,0,0,0
2289,0,0,0
2290,0,0,0
2291,0,0,0
2292,0,0,0
2293,0,0,0
2294,0,0,0
2295,0,0,0
2296,0,0,0
2297,0,0,0
2298,0,0,0
2299,0,0,0
2300,0,0,0
2301,0,0,0
2302,0,0,0
2303,0,0,0
2304,0,0,0
2305,0,0,0
2306,0,0,0
2307,0,0,0
2308,0,0,0
2309,0,0,0
2310,0,0,0
2311,0,0,0
2312,0,0,0
2313,0,0,0
2314,0,0,0
2315,0,0,0
2316,0,0,0
2317,0,0,0
2318,0,0,0
2319,0,0,0
2320,0,0,0
2321,0,0,0
2322,0,0,0
2323,0,0,0
2324,0,0,0
2325,0,0,0
2326,0,0,0
2327,0,0,0
2328,0,0,0
2329,0,0,0
2330,0,0,0
2331,0,0,0
2332,0,0,0
2333,0,0,0
2334,0,0,0
2335,0,0,0
2336,0,0,0
2337,0,0,0
2338,0,0,0
2339,0,0,0
2340,0,0,0
2341,0,0,0
2342,0,0,0
2343,0,0,0
2344,0,0,0
2345,0,0,0
2346,0,0,0
2347,0,0,0
2348,0,0,0
2349,0,0,0
2350,0,0,0
2351,0,0,0
2352,0,0,0
2353,0,0,0
2354,0,0,0
2355,0,0,0
2356,0,0,0
2357,0,0,0
2358,0,0,0
2359,0,0,0
2360,0,0,0
2361,0,0,0
2362,0,0,0
2363,0,0,0
2364,0,0,0
2365,0,0,0
2366,0,0,0
2367,0,0,0
2368,0,0,0
2369,0,0,0
2370,0,0,0
2371,0,0,0
2372,0,0,0
2373,0,0,0
2374,0,0,0
2375,0,0,0
2376,0,0,0
2377,0,0,0
2378,0,0,0
2379,0,0,0
2380,0,0,0
2381,0,0,0
2382,0,0,0
2383,0,0,0
2384,0,0,0
2385,0,0,0
2386,0,0,0
2387,0,0,0
2388,0,0,0
2389,0,0,0
2390,0,0,0
2391,0,0,0
2392,0,0,0
2393,0,0,0
2394,0,0,0
2395,0,0,0
2396,0,0,0
2397,0,0,0
2398,0,0,0
2399,0,0,0
2400,0,0,0
2401,0,0,0
2402,0,0,0
2403,0,0,0
2404,0,0,0
2405,0,0,0
2406,0,0,0
2407,0,0,0
2408,0,0,0
2409,0,0,0
2410,0,0,0
2411,0,0,0
2412,0,0,0
2413,0,0,0
2414,0,0,0
2415,0,0,0
2416,0,0,0
2417,0,0,0
2418,0,0,0
2419,0,0,0
2420,0,0,0
2421,0,0,0
2422,0,0,0
2423,0,0,0
2424,0,0,0
2425,0,0,0
2426,0,0,0
2427,0,0,0
2428,0,0,0
2429,0,0,0
2430,0,0,0
2431,0,0,0
2432,0,0,0
2433,0,0,0
2434,0,0,0
2435,0,0,0
2436,0,0,0
2437,0,0,0
2438,0,0,0
2439,0,0,0
2440,0,0,0
2441,0,0,0
2442,0,0,0
2443,0,0,0
2444,0,0,0
2445,0,0,0
2446,0,0,0
2447,0,0,0
2448,0,0,0
2449,0,0,0
2450,0,0,0
2451,0,0,0
2452,0,0,0
2453,0,0,0
2454,0,0,0
2455,0,0,0
2456,0,0,0
2457,0,0,0
2458,0,0,0
2459,0,0,0
2460,0,0,0
2461,0,0,0
2462,0,0,0
2463,0,0,0
2464,0,0,0
2465,0,0,0
2466,0,0,0
2467,0,0,0
2468,0,0,0
2469,0,0,0
2470,0,0,0
2471,0,0,0
2472,0,0,0
2473,0,0,0
2474,0,0,0
2475,0,0,0
2476,0,0,0
2477,0,0,0
2478,0,0,0
2479,0,0,0
2480,0,0,0
2481,0,0,0
2482,0,0,0
2483,0,0,0
2484,0,0,0
2485,0,0,0
2486,0,0,0
2487,0,0,0
2488,0,0,0
2489,0,0,0
2490,0,0,0
2491,0,0,0
2492,0,0,0
2493,0,0,0
2494,0,0,0
2495,0,0,0
2496,0,0,0
2497,0,0,0
2498,0,0,0
2499,0,0,0
2500,0,0,0
2501,0,0,0
2502,0,0,0
2503,0,0,0
2504,0,0,0
2505,0,0,0
2506,0,0,0
2507,0,0,0
2508,0,0,0
2509,0,0,0
2510,0,0,0
2511,0,0,0
2512,0,0,0
2513,0,0,0
2514,0,0,0
2515,0,0,0
2516,0,0,0
2517,0,0,0
2518,0,0,0
2519,0,0,0
2520,0,0,0
2521,0,0,0
2522,0,0,0
2523,0,0,0
2524,0,0,0
2525,0,0,0
2526,0,0,0
2527,0,0,0
2528,0,0,0
2529,0,0,0
2530,0,0,0
2531,0,0,0
2532,0,0,0
2533,0,0,0
2534,0,0,0
2535,0,0,0
2536,0,0,0
2537,0,0,0
2538,0,0,0
2539,0,0,0
2540,0,0,0
2541,0,0,0
2542,0,0,0
2543,0,0,0
2544,0,0,0
2545,0,0,0
2546,0,0,0
2547,0,0,0
2548,0,0,0
2549,0,0,0
2550,0,0,0
2551,0,0,0
2552,0,0,0
2553,0,0,0
2554,0,0,0
2555,0,0,0
2556,0,0,0
2557,0,0,0
2558,0,0,0
2559,0,0,0
2560,0,0,0
2561,0,0,0
2562,0,0,0
2563,0,0,0
2564,0,0,0
2565,0,0,0
2566,0,0,0
2567,0,0,0
2568,0,0,0
2569,0,0,0
2570,0,0,0
2571,0,0,0
2572,0,0,0
2573,0,0,0
2574,0,0,0
2575,0,0,0
2576,0,0,0
2577,0,0,0
2578,0,0,0
2579,0,0,0
2580,0,0,0
2581,0,0,0
2582,0,0,0
2583,0,0,0
2584,0,0,0
2585,0,0,0
2586,0,0,0
2587,0,0,0
2588,0,0,0
2589,0,0,0
2590,0,0,0
2591,0,0,0
2592,0,0,0
2593,0,0,0
2594,0,0,0
2595,0,0,0
2596,0,0,0
2597,0,0,0
2598,0,0,0
2599,0,0,0
2600,0,0,0
2601,0,0,0
2602,0,0,0
2603,0,0,0
2604,0,0,0
2605,0,0,0
2606,0,0,0
2607,0,0,0
2608,0,0,0
2609,0,0,0
2610,0,0,0
2611,0,0,0
2612,0,0,0
2613,0,0,0
2614,0,0,0
2615,0,0,0
2616,0,0,0
2617,0,0,0
2618,0,0,0
2619,0,0,0
2620,0,0,0
2621,0,0,0
2622,0,0,0
2623,0,0,0
2624,0,0,0
2625,0,0,0
2626,0,0,0
2627,0,0,0
2628,0,0,0
2629,0,0,0
2630,0,0,0
2631,0,0,0
2632,0,0,0
2633,0,0,0
2634,0,0,0
2635,0,0,0
2636,0,0,0
2637,0,0,0
2638,0,0,0
2639,0,0,0
2640,0,0,0
2641,0,0,0
2642,0,0,0
2643,0,0,0
2644,0,0,0
2645,0,0,0
2646,0,0,0
2647,0,0,0
2648,0,0,0
2649,0,0,0
2650,0,0,0
2651,0,0,0
2652,0,0,0
2653,0,0,0
2654,0,0,0
2655,0,0,0
2656,0,0,0
2657,0,0,0
2658,0,0,0
2659,0,0,0
2660,0,0,0
2661,0,0,0
2662,0,0,0
2663,0,0,0
2664,0,0,0
2665,0,0,0
2666,0,0,0
2667,0,0,0
2668,0,0,0
2669,0,0,0
2670,0,0,0
2671,0,0,0
2672,0,0,0
2673,0,0,0
2674,0,0,0
2675,0,0,0
2676,0,0,0
2677,0,0,0
2678,0,0,0
2679,0,0,0
2680,0,0,0
2681,0,0,0
2682,0,0,0
2683,0,0,0
2684,0,0,0
2685,0,0,0
2686,0,0,0
2687,0,0,0
2688,0,0,0
2689,0,0,0
2690,0,0,0
2691,0,0,0
2692,0,0,0
2693,0,0,0
2694,0,0,0
2695,0,0,0
2696,0,0,0
2697,0,0,0
2698,0,0,0
2699,0,0,0
2700,0,0,0
2701,0,0,0
2702,0,0,0
2703,0,0,0
2704,0,0,0
2705,0,0,0
2706,0,0,0
2707,0,0,0
2708,0,0,0
2709,0,0,0
2710,0,0,0
2711,0,0,0
2712,0,0,0
2713,0,0,0
2714,0,0,0
2715,0,0,0
2716,0,0,0
2717,0,0,0
2718,0,0,0
2719,0,0,0
2720,0,0,0
2721,0,0,0
2722,0,0,0
2723,0,0,0
2724,0,0,0
2725,0,0,0
2726,0,0,0
2727,0,0,0
2728,0,0,0
2729,0,0,0
2730,0,0,0
2731,0,0,0
2732,0,0,0
2733,0,0,0
2734,0,0,0
2735,0,0,0
2736,0,0,0
2737,0,0,0
2738,0,0,0
2739,0,0,0
2740,0,0,0
2741,0,0,0
2742,0,0,0
2743,0,0,0
2744,0,0,0
2745,0,0,0
2746,0,0,0
2747,0,0,0
2748,0,0,0
2749,0,0,0
2750,0,0,0
2751,0,0,0
2752,0,0,0
2753,0,0,0
2754,0,0,0
2755,0,0,0
2756,0,0,0
2757,0,0,0
2758,0,0,0
2759,0,0,0
2760,0,0,0
2761,0,0,0
2762,0,0,0
2763,0,0,0
2764,0,0,0
2765,0,0,0
2766,0,0,0
2767,0,0,0
2768,0,0,0
2769,0,0,0
2770,0,0,0
2771,0,0,0
2772,0,0,0
2773,0,0,0
2774,0,0,0
2775,0,0,0
2776,0,0,0
2777,0,0,0
2778,0,0,0
2779,0,0,0
2780,0,0,0
2781,0,0,0
2782,0,0,0
2783,0,0,0
2784,0,0,0
2785,0,0,0
2786,0,0,0
2787,0,0,0
2788,0,0,0
2789,0,0,0
2790,0,0,0
2791,0,0,0
2792,0,0,0
2793,0,0,0
2794,0,0,0
2795,0,0,0
2796,0,0,0
2797,0,0,0
2798,0,0,0
2799,0,0,0
2800,0,0,0
2801,0,0,0
2802,0,0,0
2803,0,0,0
2804,0,0,0
2805,0,0,0
2806,0,0,0
2807,0,0,0
2808,0,0,0
2809,0,0,0
2810,0,0,0
2811,0,0,0
2812,0,0,0
2813,0,0,0
2814,0,0,0
2815,0,0,0
2816,0,0,0
2817,0,0,0
2818,0,0,0
2819,0,0,0
2820,0,0,0
2821,0,0,0
2822,0,0,0
2823,0,0,0
2824,0,0,0
2825,0,0,0
2826,0,0,0
2827,0,0,0
2828,0,0,0
2829,0,0,0
2830,0,0,0
2831,0,0,0
2832,0,0,0
2833,0,0,0
2834,0,0,0
2835,0,0,0
2836,0,0,0
2837,0,0,0
2838,0,0,0
2839,0,0,0
2840,0,0,0
2841,0,0,0
2842,0,0,0
2843,0,0,0
2844,0,0,0
2845,0,0,0
2846,0,0,0
2847,0,0,0
2848,0,0,0
2849,0,0,0
2850,0,0,0
2851,0,0,0
2852,0,0,0
2853,0,0,0
2854,0,0,0
2855,0,0,0
2856,0,0,0
2857,0,0,0
2858,0,0,0
2859,0,0,0
2860,0,0,0
2861,0,0,0
2862,0,0,0
2863,0,0,0
2864,0,0,0
2865,0,0,0
2866,0,0,0
2867,0,0,0
2868,0,0,0
2869,0,0,0
2870,0,0,0
2871,0,0,0
2872,0,0,0
2873,0,0,0
2874,0,0,0
2875,0,0,0
2876,0,0,0
2877,0,0,0
2878,0,0,0
2879,0,0,0
2880,0,0,0
2881,0,0,0
2882,0,0,0
2883,0,0,0
2884,0,0,0
2885,0,0,0
2886,0,0,0
2887,0,0,0
2888,0,0,0
2889,0,0,0
2890,0,0,0
2891,0,0,0
2892,0,0,0
2893,0,0,0
2894,0,0,0
2895,0,0,0
2896,0,0,0
2897,0,0,0
2898,0,0,0
2899,0,0,0
2900,0,0,0
2901,0,0,0
2902,0,0,0
2903,0,0,0
2904,0,0,0
2905,0,0,0
2906,0,0,0
2907,0,0,0
2908,0,0,0
2909,0,0,0
2910,0,0,0
2911,0,0,0
2912,0,0,0
2913,0,0,0
2914,0,0,0
2915,0,0,0
2916,0,0,0
2917,0,0,0
2918,0,0,0
2919,0,0,0
2920,0,0,0
2921,0,0,0
2922,0,0,0
2923,0,0,0
2924,0,0,0
2925,0,0,0
2926,0,0,0
2927,0,0,0
2928,0,0,0
2929,0,0,0
2930,0,0,0
2931,0,0,0
2932,0,0,0
2933,0,0,0
2934,0,0,0
2935,0,0,0
2936,0,0,0
2937,0,0,0
2938,0,0,0
2939,0,0,0
2940,0,0,0
2941,0,0,0
2942,0,0,0
2943,0,0,0
2944,0,0,0
2945,0,0,0
2946,0,0,0
2947,0,0,0
2948,0,0,0
2949,0,0,0
2950,0,0,0
2951,0,0,0
2952,0,0,0
2953,0,0,0
2954,0,0,0
2955,0,0,0
2956,0,0,0
2957,0,0,0
2958,0,0,0
2959,0,0,0
2960,0,0,0
2961,0,0,0
2962,0,0,0
2963,0,0,0
2964,0,0,0
2965,0,0,0
2966,0,0,0
2967,0,0,0
2968,0,0,0
2969,0,0,0
2970,0,0,0
2971,0,0,0
2972,0,0,0
2973,0,0,0
2974,0,0,0
2975,0,0,0
2976,0,0,0
2977,0,0,0
2978,0,0,0
2979,0,0,0
2980,0,0,0
2981,0,0,0
2982,0,0,0
2983,0,0,0
2984,0,0,0
2985,0,0,0
2986,0,0,0
2987,0,0,0
2988,0,0,0
2989,0,0,0
2990,0,0,0
2991,0,0,0
2992,0,0,0
2993,0,0,0
2994,0,0,0
2995,0,0,0
2996,0,0,0
2997,0,0,0
2998,0,0,0
2999,0,0,0
3000,0,0,0
3001,0,0,0
3002,0,0,0
3003,0,0,0
3004,0,0,0
3005,0,0,0
3006,0,0,0
3007,0,0,0
3008,0,0,0
3009,0,0,0
3010,0,0,0
3011,0,0,0
3012,0,0,0
3013,0,0,0
3014,0,0,0
3015,0,0,0
3016,0,0,0
3017,0,0,0
3018,0,0,0
3019,0,0,0
3020,0,0,0
3021,0,0,0
3022,0,0,0
3023,0,0,0
3024,0,0,0
3025,0,0,0
3026,0,0,0
3027,0,0,0
3028,0,0,0
3029,0,0,0
3030,0,0,0
3031,0,0,0
3032,0,0,0
3033,0,0,0
3034,0,0,0
3035,0,0,0
3036,0,0,0
3037,0,0,0
3038,0,0,0
3039,0,0,0
3040,0,0,0
3041,0,0,0
3042,0,0,0
3043,0,0,0
3044,0,0,0
3045,0,0,0
3046,0,0,0
3047,0,0,0
3048,0,0,0
3049,0,0,0
3050,0,0,0
3051,0,0,0
3052,0,0,0
3053,0,0,0
3054,0,0,0
3055,0,0,0
3056,0,0,0
3057,0,0,0
3058,0,0,0
3059,0,0,0
3060,0,0,0
3061,0,0,0
3062,0,0,0
3063,0,0,0
3064,0,0,0
3065,0,0,0
3066,0,0,0
3067,0,0,0
3068,0,0,0
3069,0,0,0
3070,0,0,0
3071,0,0,0
3072,0,0,0
3073,0,0,0
3074,0,0,0
3075,0,0,0
3076,0,0,0
3077,0,0,0
3078,0,0,0
3079,0,0,0
3080,0,0,0
3081,0,0,0
3082,0,0,0
3083,0,0,0
3084,0,0,0
3085,0,0,0
3086,0,0,0
3087,0,0,0
3088,0,0,0
3089,0,0,0
3090,0,0,0
3091,0,0,0
3092,0,0,0
3093,0,0,0
3094,0,0,0
3095,0,0,0
3096,0,0,0
3097,0,0,0
3098,0,0,0
3099,0,0,0
3100,0,0,0
3101,0,0,0
3102,0,0,0
3103,0,0,0
3104,0,0,0
3105,0,0,0
3106,0,0,0
3107,0,0,0
3108,0,0,0
3109,0,0,0
3110,0,0,0
3111,0,0,0
3112,0,0,0
3113,0,0,0
3114,0,0,0
3115,0,0,0
3116,0,0,0
3117,0,0,0
3118,0,0,0
3119,0,0,0
3120,0,0,0
3121,0,0,0
3122,0,0,0
3123,0,0,0
3124,0,0,0
3125,0,0,0
3126,0,0,0
3127,0,0,0
3128,0,0,0
3129,0,0,0
3130,0,0,0
3131,0,0,0
3132,0,0,0
3133,0,0,0
3134,0,0,0
3135,0,0,0
3136,0,0,0
3137,0,0,0
3138,0,0,0
3139,0,0,0
3140,0,0,0
3141,0,0,0
3142,0,0,0
3143,0,0,0
3144,0,0,0
3145,0,0,0
3146,0,0,0
3147,0,0,0
3148,0,0,0
3149,0,0,0
3150,0,0,0
3151,0,0,0
3152,0,0,0
3153,0,0,0
3154,0,0,0
3155,0,0,0
3156,0,0,0
3157,0,0,0
3158,0,0,0
3159,0,0,0
3160,0,0,0
3161,0,0,0
3162,0,0,0
3163,0,0,0
3164,0,0,0
3165,0,0,0
3166,0,0,0
3167,0,0,0
3168,0,0,0
3169,0,0,0
3170,0,0,0
3171,0,0,0
3172,0,0,0
3173,0,0,0
3174,0,0,0
3175,0,0,0
3176,0,0,0
3177,0,0,0
3178,0,0,0
3179,0,0,0
3180,0,0,0
3181,0,0,0
3182,0,0,0
3183,0,0,0
3184,0,0,0
3185,0,0,0
3186,0,0,0
3187,0,0,0
3188,0,0,0
3189,0,0,0
3190,0,0,0
3191,0,0,0
3192,0,0,0
3193,0,0,0
3194,0,0,0
3195,0,0,0
3196,0,0,0
3197,0,0,0
3198,0,0,0
3199,0,0,0
3200,0,0,0
3201,0,0,0
3202,0,0,0
3203,0,0,0
3204,0,0,0
3205,0,0,0
3206,0,0,0
3207,0,0,0
3208,0,0,0
3209,0,0,0
3210,0,0,0
3211,0,0,0
3212,0,0,0
3213,0,0,0
3214,0,0,0
3215,0,0,0
3216,0,0,0
3217,0,0,0
3218,0,0,0
3219,0,0,0
3220,0,0,0
3221,0,0,0
3222,0,0,0
3223,0,0,0
3224,0,0,0
3225,0,0,0
3226,0,0,0
3227,0,0,0
3228,0,0,0
3229,0,0,0
3230,0,0,0
3231,0,0,0
3232,0,0,0
3233,0,0,0
3234,0,0,0
3235,0,0,0
3236,0,0,0
3237,0,0,0
3238,0,0,0
3239,0,0,0
3240,0,0,0
3241,0,0,0
3242,0,0,0
3243,0,0,0
3244,0,0,0
3245,0,0,0
3246,0,0,0
3247,0,0,0
3248,0,0,0
3249,0,0,0
3250,0,0,0
3251,0,0,0
3252,0,0,0
3253,0,0,0
3254,0,0,0
3255,0,0,0
3256,0,0,0
3257,0,0,0
3258,0,0,0
3259,0,0,0
3260,0,0,0
3261,0,0,0
3262,0,0,0
3263,0,0,0
3264,0,0,0
3265,0,0,0
3266,0,0,0
3267,0,0,0
3268,0,0,0
3269,0,0,0
3270,0,0,0
3271,0,0,0
3272,0,0,0
3273,0,0,0
3274,0,0,0
3275,0,0,0
3276,0,0,0
3277,0,0,0
3278,0,0,0
3279,0,0,0
3280,0,0,0
3281,0,0,0
3282,0,0,0
3283,0,0,0
3284,0,0,0
3285,0,0,0
3286,0,0,0
3287,0,0,0
3288,0,0,0
3289,0,0,0
3290,0,0,0
3291,0,0,0
3292,0,0,0
3293,0,0,0
3294,0,0,0
3295,0,0,0
3296,0,0,0
3297,0,0,0
3298,0,0,0
3299,0,0,0
3300,0,0,0
3301,0,0,0
3302,0,0,0
3303,0,0,0
3304,0,0,0
3305,0,0,0
3306,0,0,0
3307,0,0,0
3308,0,0,0
3309,0,0,0
3310,0,0,0
3311,0,0,0
3312,0,0,0
3313,0,0,0
3314,0,0,0
3315,0,0,0
3316,0,0,0
3317,0,0,0
3318,0,0,0
3319,0,0,0
3320,0,0,0
3321,0,0,0
3322,0,0,0
3323,0,0,0
3324,0,0,0
3325,0,0,0
3326,0,0,0
3327,0,0,0
3328,0,0,0
3329,0,0,0
3330,0,0,0
3331,0,0,0
3332,0,0,0
3333,0,0,0
3334,0,0,0
3335,0,0,0
3336,0,0,0
3337,0,0,0
3338,0,0,0
3339,0,0,0
3340,0,0,0
3341,0,0,0
3342,0,0,0
3343,0,0,0
3344,0,0,0
3345,0,0,0
3346,0,0,0
3347,0,0,0
3348,0,0,0
3349,0,0,0
3350,0,0,0
3351,0,0,0
3352,0,0,0
3353,0,0,0
3354,0,0,0
3355,0,0,0
3356,0,0,0
3357,0,0,0
3358,0,0,0
3359,0,0,0
3360,0,0,0
3361,0,0,0
3362,0,0,0
3363,0,0,0
3364,0,0,0
3365,0,0,0
3366,0,0,0
3367,0,0,0
3368,0,0,0
3369,0,0,0
3370,0,0,0
3371,0,0,0
3372,0,0,0
3373,0,0,0
3374,0,0,0
3375,0,0,0
3376,0,0,0
3377,0,0,0
3378,0,0,0
3379,0,0,0
3380,0,0,0
3381,0,0,0
3382,0,0,0
3383,0,0,0
3384,0,0,0
3385,0,0,0
3386,0,0,0
3387,0,0,0
3388,0,0,0
3389,0,0,0
3390,0,0,0
3391,0,0,0
3392,0,0,0
3393,0,0,0
3394,0,0,0
3395,0,0,0
3396,0,0,0
3397,0,0,0
3398,0,0,0
3399,0,0,0
3400,0,0,0
3401,0,0,0
3402,0,0,0
3403,0,0,0
3404,0,0,0
3405,0,0,0
3406,0,0,0
3407,0,0,0
3408,0,0,0
3409,0,0,0
3410,0,0,0
3411,0,0,0
3412,0,0,0
3413,0,0,0
3414,0,0,0
3415,0,0,0
3416,0,0,0
3417,0,0,0
3418,0,0,0
3419,0,0,0
3420,0,0,0
3421,0,0,0
3422,0,0,0
3423,0,0,0
3424,0,0,0
3425,0,0,0
3426,0,0,0
3427,0,0,0
3428,0,0,0
3429,0,0,0
3430,0,0,0
3431,0,0,0
3432,0,0,0
3433,0,0,0
3434,0,0,0
3435,0,0,0
3436,0,0,0
3437,0,0,0
3438,0,0,0
3439,0,0,0
3440,0,0,0
3441,0,0,0
3442,0,0,0
3443,0,0,0
3444,0,0,0
3445,0,0,0
3446,0,0,0
3447,0,0,0
3448,0,0,0
3449,0,0,0
3450,0,0,0
3451,0,0,0
3452,0,0,0
3453,0,0,0
3454,0,0,0
3455,0,0,0
3456,0,0,0
3457,0,0,0
3458,0,0,0
3459,0,0,0
3460,0,0,0
3461,0,0,0
3462,0,0,0
3463,0,0,0
3464,0,0,0
3465,0,0,0
3466,0,0,0
3467,0,0,0
3468,0,0,0
3469,0,0,0
3470,0,0,0
3471,0,0,0
3472,0,0,0
3473,0,0,0
3474,0,0,0
3475,0,0,0
3476,0,0,0
3477,0,0,0
3478,0,0,0
3479,0,0,0
3480,0,0,0
3481,0,0,0
3482,0,0,0
3483,0,0,0
3484,0,0,0
3485,0,0,0
3486,0,0,0
3487,0,0,0
3488,0,0,0
3489,0,0,0
3490,0,0,0
3491,0,0,0
3492,0,0,0
3493,0,0,0
3494,0,0,0
3495,0,0,0
3496,0,0,0
3497,0,0,0
3498,0,0,0
3499,0,0,0
3500,0,0,0
3501,0,0,0
3502,0,0,0
3503,0,0,0
3504,0,0,0
3505,0,0,0
3506,0,0,0
3507,0,0,0
3508,0,0,0
3509,0,0,0
3510,0,0,0
3511,0,0,0
3512,0,0,0
3513,0,0,0
3514,0,0,0
3515,0,0,0
3516,0,0,0
3517,0,0,0
3518,0,0,0
3519,0,0,0
3520,0,0,0
3521,0,0,0
3522,0,0,0
3523,0,0,0
3524,0,0,0
3525,0,0,0
3526,0,0,0
3527,0,0,0
3528,0,0,0
3529,0,0,0
3530,0,0,0
3531,0,0,0
3532,0,0,0
3533,0,0,0
3534,0,0,0
3535,0,0,0
3536,0,0,0
3537,0,0,0
3538,0,0,0
3539,0,0,0
3540,0,0,0
3541,0,0,0
3542,0,0,0
3543,0,0,0
3544,0,0,0
3545,0,0,0
3546,0,0,0
3547,0,0,0
3548,0,0,0
3549,0,0,0
3550,0,0,0
3551,0,0,0
3552,0,0,0
3553,0,0,0
3554,0,0,0
3555,0,0,0
3556,0,0,0
3557,0,0,0
3558,0,0,0
3559,0,0,0
3560,0,0,0
3561,0,0,0
3562,0,0,0
3563,0,0,0
3564,0,0,0
3565,0,0,0
3566,0,0,0
3567,0,0,0
3568,0,0,0
3569,0,0,0
3570,0,0,0
3571,0,0,0
3572,0,0,0
3573,0,0,0
3574,0,0,0
3575,0,0,0
3576,0,0,0
3577,0,0,0
3578,0,0,0
3579,0,0,0
3580,0,0,0
3581,0,0,0
3582,0,0,0
3583,0,0,0
3584,0,0,0
3585,0,0,0
3586,0,0,0
3587,0,0,0
3588,0,0,0
3589,0,0,0
3590,0,0,0
3591,0,0,0
3592,0,0,0
3593,0,0,0
3594,0,0,0
3595,0,0,0
3596,0,0,0
3597,0,0,0
3598,0,0,0
3599,0,0,0
