time,dx,dy,dz
0,-0.6604549431839831,0.998680550805778,-0.01889669380750623
1,-0.6604549432308822,0.998680550805778,-0.01889669380750623
2,-0.660454943184131,0.9986805512543302,-0.01889669380750623
3,-0.660454943184131,0.998680550805778,-0.01889669380750623
4,-0.660454943184131,0.998680550805778,-0.01889669380750623
5,-0.660454943184131,0.998680550805778,-0.01889669380750623
6,-0.6604549431839831,0.998680550805778,-0.01889669380750623
7,-0.6604549432308822,0.9986805508056489,-0.01889669380750623
8,-0.660454943184279,0.9986805508059071,-0.01889669380750623
9,-0.660454943184131,0.998680550805778,-0.01889669380750623
10,-0.660454943184131,0.998680550805778,-0.01889669380750623
11,-0.660454943184131,0.9986805512543302,-0.01889669380750623
12,-0.6604549432307343,0.9986805508056489,-0.01889669380750623
13,-0.660454943184279,0.998680550805778,-0.01889669380750623
14,-0.660454943184131,0.9986805508059071,-0.01889669380750623
15,-0.42658999881766163,0.8732012021670217,-0.01889669380750623
16,-0.42658999881780957,0.8732012021671508,-0.01889669380750623
17,-0.4265899987709105,0.8732012021671508,-0.01889669380750623
18,-0.42658999881780957,0.8732012021670217,-0.01889669380750623
19,-0.42658999881766163,0.8732012021671508,-0.01889669380750623
20,-0.42658999881766163,0.8732012021670217,-0.01889669380750623
21,-0.42658999881780957,0.8732012021671508,-0.01889669380750623
22,-0.42658999881780957,0.8732012021671508,-0.01889669380750623
23,-0.42658999881780957,0.8732012021670217,-0.01889669380750623
24,-0.4265899987710584,0.8732012021671508,-0.01889669380750623
25,-0.42658999881766163,0.8732012021671508,-0.01889669380750623
26,-0.42658999881780957,0.8732012021671508,-0.01889669380750623
27,-0.5147345175787307,0.8127761282083114,3.261668412139378
28,-0.356074383780874,0.8286566925191656,-1.659179246780851
29,-0.5147345176253338,0.9345039693104776,1.6213858591658385
30,-0.5499958305698718,0.9609736819104079,1.6213858591660328
31,-0.9239425844797402,0.6592910434393884,-0.27124785580340544
32,-0.9239425844794443,0.6592910429909653,-0.27124785580340544
33,-0.9239425844795923,0.6592910434395175,-0.27124785580340544
34,-0.9239425844795923,0.6592910429907071,-0.27124785580340544
35,-0.9239425844795923,0.6592910434396466,-0.27124785580340544
36,-0.9239425844795923,0.6592910434395175,-0.27124785580340544
37,-0.9239425844328412,0.6592910429908362,-0.27124785580359967
38,-0.9239425844797402,0.6592910434395175,-0.27124785580340544
39,-0.9239425844794443,0.6592910434393884,-0.27124785580340544
40,-0.9239425844795923,0.6592910429909653,-0.27124785580340544
41,-0.9239425844797402,0.6592910434393884,-0.27124785580340544
42,-0.9239425844794443,0.6592910429908362,-0.27124785580340544
43,-0.9239425844795923,0.6592910434396466,-0.27124785580340544
44,-0.9265487679333534,0.5855254086908607,-0.43110311662512185
45,-0.9265487679333534,0.5855254082423085,-0.4311031166249276
46,-0.9265487679799567,0.5855254086908607,-0.43110311662512185
47,-0.9265487679333534,0.5855254086908607,-0.43110311662512185
48,-0.9265487679332055,0.5855254082423085,-0.4311031166249276
49,-0.9265487679801045,0.5855254086908607,-0.43110311662512185
50,-0.9265487679332055,0.5855254082423085,-0.43110311662512185
51,-0.9265487679333534,0.5855254086908607,-0.4311031166249276
52,-0.9265487679332055,0.5855254086908607,-0.43110311662512185
53,-0.9265487679335014,0.5855254082423085,-0.43110311662512185
54,-0.9265487679799567,0.5855254086908607,-0.43110311662512185
55,-0.9265487679333534,0.5855254082423085,-0.4311031166249276
56,-0.9265487679333534,0.5855254086908607,-0.43110311662512185
57,-0.9265487679798087,0.5855254086908607,-0.43110311662512185
58,-0.9265487679336493,0.5855254082423085,-0.4311031166249276
59,-0.9265487679332055,0.5855254086908607,-0.43110311662512185
60,-0.9494616782103843,0.5779774046022986,-0.01889669380750623
61,-0.949461678163929,0.5779774046020404,-0.01889669380750623
62,-0.9494616782105323,0.5779774046021695,-0.01889669380750623
63,-0.9494616782106802,0.5779774046024277,-0.01889669380750623
64,-0.9494616782103843,0.5779774046020404,-0.01889669380750623
65,-0.949461678164077,0.5779774050508508,-0.01889669380750623
66,-0.9494616782103843,0.5779774046021695,-0.01889669380750623
67,-0.9494616782106802,0.5779774046021695,-0.01889669380750623
68,-0.9494616782106802,0.5779774046021695,-0.01889669380750623
69,-0.9494616781637811,0.5779774046022986,-0.01889669380750623
70,-0.9494616782106802,0.5779774046021695,-0.01889669380750623
71,-1.241950459478868,-0.05521195631016626,-1.6591792467810453
72,-0.9863243440660735,-0.1504827141659005,-1.6591792467810453
73,-0.694179085400336,-0.5822058491232002,0.6865224398372506
74,-0.6941790854469393,-0.582205849123071,0.6865224398374449
75,-0.694179085400336,-0.5822058491232002,0.6865224398374449
76,-0.6941790854001881,-0.5822058491232002,0.6865224398372506
77,-0.694179085400484,-0.582205849123071,0.6865224398372506
78,-0.6941790854469393,-0.5822058491232002,0.6865224398374449
79,-0.6941790854001881,-0.5822058486743897,0.6865224398374449
80,-0.694179085400336,-0.5822058491232002,0.6865224398372506
81,-0.6941790854470872,-0.582205849123071,0.6865224398374449
82,-0.6941790854001881,-0.5822058491232002,0.6865224398372506
83,-0.6941790854001881,-0.582205849123071,0.6865224398374449
84,-0.694179085400484,-0.5822058491232002,0.6865224398372506
85,-0.6941790854469393,-0.582205849123071,0.6865224398372506
86,-0.6941790854001881,-0.5822058491232002,0.6865224398374449
87,-0.5041592786046714,-0.5350760983809798,0.5278641571837381
88,-0.5041592786511265,-0.5350760983809798,0.527864157183544
89,-0.5041592786046714,-0.5350760983809798,0.5278641571837381
90,-0.5041592786511265,-0.5350760979324276,0.527864157183544
91,-0.5041592786045234,-0.5350760983809798,0.5278641571837381
92,-0.5041592786046714,-0.5350760983809798,0.527864157183544
93,-0.5041592786512745,-0.5350760983811089,0.5278641571837381
94,-0.5041592786043754,-0.5350760983809798,0.527864157183544
95,-0.5041592786512745,-0.5350760983809798,0.5278641571837381
96,-0.5041592786045234,-0.5350760983809798,0.527864157183544
97,-0.5041592786046714,-0.5350760983808507,0.5278641571837381
98,-0.5041592786509786,-0.5350760979322985,0.527864157183544
99,-0.5041592786046714,-0.5350760983811089,0.5278641571837381
100,-0.5041592786512745,-0.5350760983809798,0.527864157183544
101,-0.5041592786045234,-0.5350760983809798,0.5278641571837381
102,0.19778482872462103,-0.09579000816179878,1.0746250081747883
103,0.19778482872462103,-0.09579000816166966,1.0746250081747883
104,0.1977848287244731,-0.09579000816166966,1.0746250081747883
105,0.49013928762503317,-0.1398935663252475,-0.8390379702942757
106,0.4901392875781341,-0.13989356632511837,-0.8390379702940816
107,0.09788478621067627,-0.7326648386728024,3.261668412139378
108,-0.4186561157608247,-0.46168494825937495,-0.01889669380750623
109,-0.4186561157608247,-0.46168494870792715,-0.01889669380750623
110,-0.4186561157608247,-0.46168494825937495,-0.01889669380750623
111,-0.4186561157605288,-0.46168494870805626,-0.01889669380750623
112,-0.4186561157611206,-0.46168494825937495,-0.01889669380750623
113,-0.8364769093587726,-0.4098189620263564,3.261668412139378
114,-0.8100282955982927,-0.5738907655863177,-0.01889669380750623
115,-0.8232526024787546,-0.3939383972673373,-0.01889669380750623
116,-0.836471651184789,-0.26162772232818077,1.6213858591660328
117,-0.8496959581114102,-0.4574480265017505,-0.01889669380750623
118,-0.7306982286529832,-0.5844735989746267,-0.01889669380750623
119,-0.6249195479467499,-0.6426918117394842,-0.01889669380750623
120,-0.5632201374501857,-0.7273797362067802,-0.01889669380750623
121,-0.6342863271272922,-0.571242294722425,0.5983450481318017
122,-0.6342863271272922,-0.571242294722425,0.5983450481316075
123,-0.634286327127588,-0.5712422951712355,0.5983450481318017
124,-0.634286327127588,-0.571242294722425,0.5983450481318017
125,-0.6342863271272922,-0.571242294722425,0.5983450481316075
126,-0.634286327127588,-0.5712422947225542,0.5983450481318017
127,-0.6342863271272922,-0.571242294722425,0.5983450481316075
128,-0.6342863271743392,-0.5712422951709772,0.5983450481318017
129,-0.6342863271272922,-0.5712422947226833,0.5983450481318017
130,-0.634286327127588,-0.571242294722425,0.5983450481316075
131,-0.6342863271272922,-0.571242294722425,0.5983450481318017
132,-0.6342863271272922,-0.5712422947225542,0.5983450481316075
133,-0.634286327127736,-0.571242294722425,0.5983450481318017
134,-0.6342863271272922,-0.5712422951709772,0.5983450481318017
135,-0.6342863271274402,-0.5712422947226833,0.5983450481316075
136,-0.634286327127588,-0.571242294722425,0.5983450481318017
137,-0.7069648548580983,-0.5396903586968308,0.4858056301842921
138,-0.7069648548583942,-0.539690358697089,0.4858056301842921
139,-0.7069648548582462,-0.539690358697089,0.48580563018448636
140,-0.7069648548583942,-0.5396903591455121,0.4858056301842921
141,-0.7069648548580983,-0.539690358697089,0.4858056301842921
142,-0.7069648548583942,-0.539690358697089,0.4858056301842921
143,-0.7069648548116431,-0.539690358697089,0.48580563018448636
144,-0.7069648548582462,-0.5396903586968308,0.4858056301842921
145,-0.7069648548583942,-0.539690358697089,0.4858056301842921
146,-0.7069648548582462,-0.5396903591456412,0.4858056301842921
147,-0.7069648548582462,-0.5396903586969599,0.48580563018448636
148,-0.7069648548582462,-0.5396903586972182,0.4858056301842921
149,-0.7069648548583942,-0.5396903586969599,0.4858056301842921
150,-0.6904018387508182,-0.570108476327908,0.9184076221773732
151,-0.6904018387975693,-0.5701084758793558,0.9184076221773732
152,-0.6904018387508182,-0.570108476327908,0.9184076221773732
153,-0.6904018387509661,-0.570108476327908,0.918407622177179
154,-0.6904018387508182,-0.570108476327908,0.9184076221773732
155,-0.6904018387977172,-0.5701084758793558,0.9184076221773732
156,-0.6904018387506702,-0.570108476327908,0.9184076221773732
157,-0.3992643216082652,-0.562950961495106,0.19980764658903039
158,-0.3992643216082652,-0.562950961495106,0.19980764658883612
159,-0.3992643216548684,-0.5629509619437872,0.19980764658903039
160,-0.3992643216082652,-0.562950961495106,0.19980764658883612
161,-0.39926432160811726,-0.562950961495106,0.19980764658903039
162,-0.3992643216079693,-0.5629509614949769,0.19980764658903039
163,-0.3992643216082652,-0.562950961495106,0.19980764658883612
164,-0.39926432165501635,-0.5629509619437872,0.19980764658903039
165,-0.39926432160811726,-0.562950961495106,0.19980764658883612
166,-0.3992643216082652,-0.562950961495106,0.19980764658903039
167,-0.3992643216082652,-0.5629509614948478,0.19980764658903039
168,-0.39926432160811726,-0.562950961495235,0.19980764658883612
169,-0.3992643216548684,-0.5629509619436581,0.19980764658903039
170,-0.39926432160811726,-0.562950961495106,0.19980764658883612
171,-0.3992643216082652,-0.562950961495106,0.19980764658903039
172,-0.2789437358009397,-0.683521685246044,0.8036854793353606
173,-0.2789437358010876,-0.6835216856945961,0.8036854793355548
174,-0.2789437358010876,-0.683521685246044,0.8036854793353606
175,-0.2789437358007917,-0.6835216852459148,0.8036854793355548
176,-0.2789437358010876,-0.6835216856948544,0.8036854793353606
177,-0.27894373580123555,-0.6835216852459148,0.8036854793355548
178,-0.2789437358009397,-0.6835216856947253,0.8036854793353606
179,-0.2789437357541885,-0.683521685246044,0.8036854793353606
180,-0.2789437358009397,-0.6835216852459148,0.8036854793355548
181,-0.2789437358010876,-0.6835216856947253,0.8036854793353606
182,-0.2789437358009397,-0.6835216852459148,0.8036854793355548
183,-0.2789437358009397,-0.683521685246044,0.8036854793353606
184,-0.2789437358010876,-0.6835216856948544,0.8036854793355548
185,-0.2789437358010876,-0.6835216852459148,0.8036854793353606
186,-0.1611316378421553,-0.6764842150002511,0.6119812111822417
187,-0.1611316378421553,-0.6764842150003803,0.6119812111822417
188,-0.16113163779525622,-0.6764842150005094,0.611981211182436
189,-0.1611316378421553,-0.6764842150005094,0.6119812111822417
190,-0.16113163784200737,-0.6764842150003803,0.6119812111822417
191,-0.1611316378421553,-0.6764842150003803,0.6119812111822417
192,-0.16113163779525622,-0.6764842145516989,0.611981211182436
193,-0.1611316378421553,-0.6764842150005094,0.6119812111822417
194,-0.1611316378418594,-0.6764842150003803,0.6119812111822417
195,-0.1611316378421553,-0.6764842150003803,0.6119812111822417
196,-0.16113163779525622,-0.6764842150003803,0.611981211182436
197,-0.1611316378421553,-0.6764842150003803,0.6119812111822417
198,-0.16113163784200737,-0.6764842150003803,0.6119812111822417
199,-0.11964961644034762,-0.7009113772165964,0.5693594003391407
200,-0.11964961644034762,-0.700911376767915,0.569359400339335
201,-0.11964961644019968,-0.7009113772165964,0.569359400339335
202,-0.11964961644034762,-0.700911376767915,0.5693594003391407
203,-0.11964961644034762,-0.7009113772165964,0.5693594003391407
204,-0.11964961644034762,-0.700911376767915,0.569359400339335
205,-0.11964961644019968,-0.7009113772165964,0.569359400339335
206,-0.11964961644034762,-0.7009113772165964,0.5693594003391407
207,-0.11964961644019968,-0.700911376767915,0.569359400339335
208,-0.11964961644034762,-0.7009113772165964,0.5693594003391407
209,-0.11964961644034762,-0.700911376767915,0.569359400339335
210,-0.11964961644034762,-0.7009113772165964,0.5693594003391407
211,-0.11964961644034762,-0.700911376767915,0.5693594003391407
212,-0.11964961644019968,-0.7009113772164672,0.569359400339335
213,-0.25147108013104147,-0.8970915082680369,0.5278641571837381
214,-0.25147108013104147,-0.8970915082679077,0.527864157183544
215,-0.25147108013104147,-0.8970915082679077,0.5278641571837381
216,-0.25147108013104147,-0.897091508716589,0.527864157183544
217,-0.2514710801311894,-0.8970915082679077,0.5278641571837381
218,-0.2514710801307456,-0.8970915082679077,0.527864157183544
219,-0.2514710801311894,-0.8970915082679077,0.5278641571837381
220,-0.25147108013104147,-0.8970915082680369,0.527864157183544
221,-0.25147108013104147,-0.8970915082680369,0.5278641571837381
222,-0.2514710801311894,-0.8970915082679077,0.527864157183544
223,-0.2514710801307456,-0.8970915082679077,0.5278641571837381
224,-0.2514710801311894,-0.897091508716589,0.527864157183544
225,-0.25147108013104147,-0.8970915082680369,0.5278641571837381
226,-0.25147108013104147,-0.8970915082679077,0.527864157183544
227,-0.25147108013104147,-0.8970915082677786,0.5278641571837381
228,-0.7074011388173963,-0.49865811358534456,0.44975546418493345
229,-0.7074011388172483,-0.4986581140340259,0.44975546418493345
230,-0.7074011388172483,-0.4986581140340259,0.44975546418493345
231,-0.7074011388175442,-0.49865811358534456,0.44975546418493345
232,-0.7074011388172483,-0.49865811358534456,0.44975546418493345
233,-0.7074011388172483,-0.49865811403389676,0.44975546418493345
234,-0.7074011388172483,-0.498658114034155,0.4497554641847392
235,-0.7074011388172483,-0.49865811358534456,0.44975546418493345
236,-0.7074011388175442,-0.49865811358521545,0.44975546418493345
237,-0.7074011388171004,-0.4986581140340259,0.44975546418493345
238,-0.7074011388173963,-0.4986581140340259,0.44975546418493345
239,-0.7074011388173963,-0.49865811358534456,0.44975546418493345
240,-0.7074011388172483,-0.49865811358534456,0.44975546418493345
241,-0.7074011388172483,-0.49865811403389676,0.44975546418493345
242,-0.8291277352681267,-0.22251775419601075,0.4386358238622807
243,-0.8291277352212275,-0.22251775464469203,0.43863582386208644
244,-0.8291277352679787,-0.22251775419613987,0.43863582386208644
245,-0.8291277352215234,-0.22251775464469203,0.4386358238622807
246,-0.8291277352678308,-0.22251775419588163,0.4386358238622807
247,-0.8291277352681267,-0.22251775419601075,0.43863582386208644
248,-0.8291277352213755,-0.22251775464456292,0.43863582386208644
249,-0.8291277352678308,-0.22251775419613987,0.4386358238622807
250,-0.8291277352681267,-0.22251775419588163,0.4386358238622807
251,-0.8291277352212275,-0.22251775464469203,0.43863582386208644
252,-0.8291277352679787,-0.22251775419601075,0.4386358238622807
253,-0.8291277352215234,-0.22251775464469203,0.43863582386208644
254,-0.8291277352678308,-0.22251775419601075,0.4386358238622807
255,-0.8291277352681267,-0.22251775419601075,0.43863582386208644
256,-0.8291277352210796,-0.22251775464456292,0.43863582386208644
257,-0.8291277352681267,-0.22251775419601075,0.4386358238622807
258,-0.8291277352213755,-0.22251775464469203,0.4386358238622807
259,-0.8291277352678308,-0.22251775419601075,0.43863582386208644
260,-0.8213626646339123,-0.3107699734981742,0.44975546418493345
261,-0.8213626645870132,-0.3107699734980451,0.44975546418493345
262,-0.8213626646337644,-0.3107699734981742,0.44975546418493345
263,-0.8213626645870132,-0.3107699734981742,0.4497554641847392
264,-0.8213626646336164,-0.3107699734981742,0.44975546418493345
265,-0.8213626645871611,-0.3107699734981742,0.44975546418493345
266,-0.8213626646336164,-0.3107699734980451,0.44975546418493345
267,-0.8213626646339123,-0.3107699730494929,0.44975546418493345
268,-0.8213626645868652,-0.3107699734981742,0.44975546418493345
269,-0.8213626646339123,-0.3107699734980451,0.44975546418493345
270,-0.8213626645868652,-0.3107699734983033,0.4497554641847392
271,-0.8213626646336164,-0.3107699734980451,0.44975546418493345
272,-0.8213626645871611,-0.3107699734980451,0.44975546418493345
273,-0.8213626646339123,-0.3107699734981742,0.44975546418493345
274,-0.8866685145293693,-0.6247569820624482,0.5278641571837381
275,-0.8866685144829141,-0.6247569816137669,0.527864157183544
276,-0.8866685145293693,-0.6247569820624482,0.5278641571837381
277,-0.8866685145295173,-0.6247569816136378,0.527864157183544
278,-0.8866685144827662,-0.6247569820624482,0.5278641571837381
279,-0.8866685145295173,-0.6247569820624482,0.527864157183544
280,-0.8866685145295173,-0.6247569816137669,0.5278641571837381
281,-0.8866685144829141,-0.6247569820624482,0.527864157183544
282,-0.8866685145295173,-0.6247569820623191,0.5278641571837381
283,-0.8866685145293693,-0.624756981613896,0.5278641571837381
284,-0.8866685144829141,-0.62475698206219,0.527864157183544
285,-0.8866685145295173,-0.6247569816137669,0.5278641571837381
286,-0.8866685145293693,-0.6247569820624482,0.527864157183544
287,-0.8866685144827662,-0.6247569820624482,0.5278641571837381
288,-0.8866685145298132,-0.6247569816137669,0.527864157183544
289,-0.8866685145292214,-0.6247569820624482,0.5278641571837381
290,-0.8866685144829141,-0.6247569816137669,0.527864157183544
291,-0.8866685145295173,-0.6247569820623191,0.5278641571837381
292,-0.722512003347672,-0.36596406829179207,0.6840815431811533
293,-0.7225120033009208,-0.36596406784323987,0.6840815431811533
294,-0.7225120033475241,-0.36596406829179207,0.6840815431811533
295,-0.7225120033475241,-0.3659640682919212,0.684081543180959
296,-0.72251200334782,-0.36596406829179207,0.6840815431811533
297,-0.7225120033010688,-0.36596406784323987,0.6840815431811533
298,-0.7225120033475241,-0.36596406829179207,0.6840815431811533
299,-0.9378387241946184,-0.1875289452529855,1.6213858591660328
300,-0.8805509215339719,-0.2192837603188088,1.6213858591660328
301,-0.7920607115179433,-0.30518695216927294,0.740785450117766
302,-0.7920607114711922,-0.30518695216940206,0.7407854501175717
303,-0.7920607115177953,-0.30518695216927294,0.740785450117766
304,-0.79206071147134,-0.30518695216940206,0.740785450117766
305,-0.7920607115177953,-0.30518695216940206,0.7407854501175717
306,-0.7920607114711922,-0.30518695216927294,0.740785450117766
307,-0.7920607115177953,-0.30518695261795425,0.740785450117766
308,-0.7920607114710442,-0.30518695216940206,0.740785450117766
309,-0.7920607115179433,-0.30518695216927294,0.7407854501175717
310,-0.7920607114711922,-0.30518695216940206,0.740785450117766
311,-0.7920607115179433,-0.30518695216940206,0.740785450117766
312,-0.7920607114711922,-0.30518695216927294,0.7407854501175717
313,-0.7920607115177953,-0.30518695216940206,0.740785450117766
314,-0.6878254702046672,-0.3419759736336087,0.726686284816706
315,-0.6878254702049631,-0.3419759731847983,0.7266862848169003
316,-0.6878254702514184,-0.34197597363335047,0.726686284816706
317,-0.6878254702045192,-0.3419759736336087,0.7266862848169003
318,-0.6878254702046672,-0.3419759736334796,0.726686284816706
319,-0.6878254702049631,-0.3419759731847983,0.7266862848169003
320,-0.6878254702046672,-0.3419759736336087,0.726686284816706
321,-0.6878254702046672,-0.3419759736336087,0.7266862848169003
322,-0.6878254702515663,-0.34197597363335047,0.726686284816706
323,-0.6878254702048151,-0.3419759731850565,0.7266862848169003
324,-0.6878254702045192,-0.34197597363335047,0.726686284816706
325,-0.893769970240302,-0.3833492494264261,-0.01889669380750623
326,-0.6022964307832486,-0.38229601769449345,0.6394944975944481
327,-0.6022964307367933,-0.38229601769449345,0.6394944975942539
328,-0.6022964307833966,-0.38229601769449345,0.6394944975944481
329,-0.6022964307366454,-0.38229601769436433,0.6394944975942539
330,-0.6022964307833966,-0.38229601769449345,0.6394944975944481
331,-0.6022964307364974,-0.3822960176946225,0.6394944975942539
332,-0.6022964307836924,-0.38229601769436433,0.6394944975944481
333,-0.6022964307363494,-0.3822960181431747,0.6394944975942539
334,-0.6022964307835444,-0.38229601769436433,0.6394944975944481
335,-0.6022964307366454,-0.38229601769449345,0.6394944975942539
336,-0.6022964307832486,-0.38229601769449345,0.6394944975944481
337,-0.6022964307367933,-0.38229601769449345,0.6394944975942539
338,-0.6022964307833966,-0.38229601769436433,0.6394944975944481
339,-0.6022964307367933,-0.38229601769449345,0.6394944975942539
340,-0.6022964307832486,-0.38229601769449345,0.6394944975944481
341,-0.58399518185715,-0.3697450043892658,0.6840815431811533
342,-0.58399518185715,-0.36974500483768885,0.6840815431811533
343,-0.58399518185715,-0.3697450048380762,0.6840815431811533
344,-0.5839951818105469,-0.36974500438913666,0.684081543180959
345,-0.58399518185715,-0.3697450043892658,0.6840815431811533
346,-0.583995181857298,-0.36974500483781797,0.6840815431811533
347,-0.58399518185715,-0.3697450048379471,0.6840815431811533
348,-0.58399518185715,-0.36974500438913666,0.6840815431811533
349,-0.5839951818570022,-0.3697450048379471,0.6840815431811533
350,-0.583995181857446,-0.3697450043892658,0.6840815431811533
351,-0.5839951818105469,-0.3697450048379471,0.684081543180959
352,-0.5839951818570022,-0.36974500438913666,0.6840815431811533
353,-0.583995181857298,-0.3697450043892658,0.6840815431811533
354,-0.58399518185715,-0.36974500483781797,0.6840815431811533
355,-0.675920077186651,-0.40754940766101255,0.6840815431811533
356,-0.6759200771397519,-0.40754940766101255,0.6840815431811533
357,-0.675920077186503,-0.40754940766114167,0.6840815431811533
358,-0.675920077186503,-0.40754940810956475,0.684081543180959
359,-0.675920077186503,-0.40754940766101255,0.6840815431811533
360,-0.6759200771397519,-0.40754940766101255,0.6840815431811533
361,-0.675920077186651,-0.40754940766101255,0.6840815431811533
362,-0.9795121409872533,-0.27365309538056437,1.3262592634604575
363,-0.9795121410338565,-0.27365309538030613,1.3262592634606518
364,-0.9795121409872533,-0.27365309538043525,1.3262592634604575
365,-0.9795121410340044,-0.27365309538043525,1.3262592634604575
366,-0.9795121409875491,-0.27365309538043525,1.3262592634604575
367,-0.9795121410338565,-0.27365309538043525,1.3262592634606518
368,-0.9795121409872533,-0.27365309538043525,1.3262592634604575
369,-0.9795121410340044,-0.27365309538043525,1.3262592634604575
370,-0.9795121409872533,-0.27365309538043525,1.3262592634604575
371,-0.9795121410340044,-0.27365309538043525,1.3262592634606518
372,-0.9795121409874012,-0.27365309538043525,1.3262592634604575
373,-0.8541027458846662,-0.15930068950581502,0.39117394443587855
374,-0.854102745884814,-0.15930068995462543,0.39117394443587855
375,-0.854102745884814,-0.15930068950594414,0.39117394443587855
376,-0.8541027458380629,-0.15930068950594414,0.39117394443587855
377,-0.854102745884814,-0.15930068995462543,0.39117394443587855
378,-0.854102745884962,-0.15930068950594414,0.3911739444356843
379,-0.8541027458845182,-0.15930068950581502,0.39117394443587855
380,-0.854102745884962,-0.1593006899544963,0.39117394443587855
381,-0.8541027458380629,-0.15930068950594414,0.39117394443587855
382,-0.854102745884962,-0.15930068950594414,0.39117394443587855
383,-0.854102745884814,-0.15930068995462543,0.39117394443587855
384,-0.854102745884814,-0.15930068950594414,0.39117394443587855
385,-0.9578761901892057,0.18824831928331093,1.0249194762665463
386,-0.9578761901893537,0.18824831928331093,1.0249194762665463
387,-0.9578761902361048,0.18824831928331093,1.0249194762665463
388,-0.9578761901893537,0.18824831928331093,1.0249194762665463
389,-0.9578761901893537,0.18824831928331093,1.0249194762665463
390,-0.9578761901893537,0.18824831928331093,1.024919476266352
391,-0.9578761901892057,0.1882483192831818,1.0249194762665463
392,-0.9578761901895015,0.18824831928331093,1.0249194762665463
393,-0.9578761902359568,0.18824831928331093,1.0249194762665463
394,-0.9578761901893537,0.18824831928331093,1.0249194762665463
395,-0.9578761901893537,0.1882483192831818,1.0249194762665463
396,-0.9896291062423971,-0.05918209716341006,-0.01889669380750623
397,-0.9896291062892962,-0.05918209716353917,-0.01889669380750623
398,-0.9896291062423971,-0.05918209761209135,-0.01889669380750623
399,-0.9896291062423971,-0.05918209716366829,-0.01889669380750623
400,-0.8849520129287155,-0.3092567872522561,1.6555584123529492
401,-0.8629150068177404,-0.4045275451079903,-0.01889669380750623
402,-0.7968092468455072,-0.3886469803485839,3.261668412139378
403,-0.6998485234513043,-0.4045212311041986,-1.6591792467810453
404,-0.6205131983312713,-0.5474273674389896,1.6213858591660328
405,-0.41777379423113087,-0.48920915557149464,-0.01889669380750623
406,-0.30758876386266787,-0.4997919889596746,1.6213858591660328
407,-0.060780605808063125,-0.616228413592027,-1.6591792467810453
408,0.03618011758673164,-0.8596904111458077,1.6213858591660328
409,-0.2943692769990041,-0.6219634129419592,0.8012445826792632
410,-0.2943692769524009,-0.6219634124935361,0.8012445826792632
411,-0.294369276952105,-0.6219634129422175,0.8012445826790691
412,-0.2943692769990041,-0.6219634124935361,0.8012445826792632
413,-0.2943692769990041,-0.6219634129420883,0.8012445826792632
414,-0.29436927695225296,-0.6219634129420883,0.8012445826792632
415,-0.294369276952105,-0.6219634124935361,0.8012445826792632
416,-0.29436927699915205,-0.6219634129422175,0.8012445826792632
417,-0.2943692769988562,-0.6219634124935361,0.8012445826792632
418,-0.294369276952105,-0.6219634129420883,0.8012445826790691
419,-0.2943692769524009,-0.6219634124935361,0.8012445826792632
420,-0.2943692769988562,-0.6219634129420883,0.8012445826792632
421,0.20145766304518414,-0.9249659505382185,0.25448373168801885
422,0.2014576630919353,-0.9249659505380894,0.25448373168821314
423,0.20145766309208327,-0.9249659509867707,0.25448373168801885
424,0.2014576630453321,-0.9249659505382185,0.25448373168801885
425,0.20145766304518414,-0.9249659505382185,0.25448373168821314
426,0.20145766309208327,-0.9249659505380894,0.25448373168801885
427,-0.135704323138338,-0.92320004038035,-0.01889669380750623
428,-0.49490462995262274,-0.7564841067498219,0.39117394443587855
429,-0.49490462995262274,-0.7564841067498219,0.3911739444356843
430,-0.49490462999952184,-0.7564841063012697,0.39117394443587855
431,-0.4949046299527707,-0.7564841067498219,0.39117394443587855
432,-0.3957367881198598,-0.7644259672938652,-0.01889669380750623
433,-0.34285007690070807,-0.7009100240555313,1.6213858591660328
434,-0.08722396144086664,-0.7697173842123605,1.6213858591660328
435,-0.20622169089973746,-0.647983228209169,-0.01889669380750623
436,-0.14892863006510718,-0.7591282363717075,1.6213858591658385
437,-0.20769222679839078,-0.6003520586172061,-0.01889669380750623
438,-0.207692226844994,-0.6003520590660164,-0.01889669380750623
439,-0.20769222679839078,-0.6003520586172061,-0.01889669380750623
440,-0.5411778732584333,-0.8120613466704136,1.6555584123529492
441,-0.46625941410229005,-0.70091002360685,1.6213858591660328
442,-0.27673905866113696,-0.8438098468352118,-0.01889669380750623
443,-0.23134419332491812,-0.767069781507133,0.6372163273819094
444,-0.2313441932783149,-0.767069781507133,0.6372163273819094
445,-0.23134419332491812,-0.7670697815070039,0.6372163273819094
446,-0.23134419332491812,-0.767069781507133,0.6372163273819094
447,-0.23134419332462222,-0.767069781507133,0.6372163273817151
448,-0.2313441932783149,-0.767069781507133,0.6372163273819094
449,-0.23134419332491812,-0.7670697815070684,0.6372163273819094
450,-0.23134419332462222,-0.7670697815071975,0.6372163273819094
451,-0.2313441932783149,-0.767069781507133,0.6372163273819094
452,-0.23134419332491812,-0.7670697815070684,0.6372163273819094
453,-0.1268916240007352,-0.8120550322179406,1.6213858591658385
454,-0.17536672747702786,-0.6903271902185409,-0.01889669380750623
455,-0.11197297172564169,-0.6846267987696799,0.7381567921801914
456,-0.11197297172534579,-0.6846267992183612,0.7381567921803855
457,-0.11197297172549374,-0.6846267987696799,0.7381567921801914
458,-0.11197297172534579,-0.6846267992183612,0.7381567921801914
459,-0.11197297172549374,-0.6846267987696799,0.7381567921803855
460,-0.11197297172549374,-0.6846267987696799,0.7381567921801914
461,-0.11197297167874258,-0.6846267992183612,0.7381567921801914
462,-0.11197297172564169,-0.6846267987697444,0.7381567921801914
463,-0.11197297172519785,-0.6846267987696799,0.7381567921803855
464,-0.11197297172564169,-0.6846267992182966,0.7381567921801914
465,-0.11197297172549374,-0.6846267987696799,0.7381567921801914
466,-0.11197297172564169,-0.6846267992182966,0.7381567921803855
467,-0.11197297172519785,-0.684626798769809,0.7381567921801914
468,-0.06702381074152669,-0.6695966867533221,0.9407825081925051
469,-0.06702381069477553,-0.6695966872020034,0.9407825081926993
470,-0.06702381074152669,-0.6695966872020034,0.9407825081926993
471,-0.06702381074152669,-0.6695966867535157,0.9407825081925051
472,-0.06702381074152669,-0.6695966867532575,0.9407825081925051
473,-0.06702381074152669,-0.6695966872021325,0.9407825081926993
474,-0.06702381069477553,-0.6695966872020034,0.9407825081926993
475,-0.06702381074137875,-0.6695966867534512,0.9407825081925051
476,-0.06702381074137875,-0.6695966867533866,0.9407825081925051
477,-0.06702381069492348,-0.6695966872020034,0.9407825081926993
478,-0.06702381074152669,-0.6695966872020679,0.9407825081926993
479,-0.06702381074137875,-0.6695966867533221,0.9407825081925051
480,-0.24809252824396974,-0.6665095009790771,1.6213858591660328
481,-0.24809252824396974,-0.666509500978948,1.6213858591660328
482,-0.23090355837730683,-0.6903271906672868,0.6372163273819094
483,-0.23090355833070364,-0.6903271906672221,0.6372163273819094
484,-0.23090355837730683,-0.6903271902185409,0.6372163273817151
485,-0.23090355833070364,-0.6903271906674159,0.6372163273819094
486,-0.23090355837730683,-0.6903271906671576,0.6372163273819094
487,-0.05549088302767974,-0.7453692899418196,0.6372163273819094
488,-0.055490883027975633,-0.7453692903904363,0.6372163273819094
489,-0.055490883074430904,-0.7453692899416905,0.6372163273819094
490,-0.05549088302782769,-0.7453692903905008,0.6372163273819094
491,-0.05549088302782769,-0.7453692899416905,0.6372163273819094
492,-0.055490883027975633,-0.7453692899418196,0.6372163273817151
493,-0.05549088302767974,-0.7453692903904363,0.6372163273819094
494,-0.05549088307457885,-0.745369289941755,0.6372163273819094
495,-0.05549088302767974,-0.7453692903904363,0.6372163273819094
496,-0.055490883028123585,-0.7453692899418196,0.6372163273819094
497,-0.17231981810026775,-0.6585709187996031,0.8669610311157155
498,-0.1723198180538125,-0.6585709187996031,0.8669610311157155
499,-0.1723198181004157,-0.6585709187996677,0.8669610311155214
500,-0.17231981810056365,-0.6585709187996031,0.8669610311157155
501,-0.1723198180538125,-0.6585709187996031,0.8669610311157155
502,-0.1723198181004157,-0.6585709187996031,0.8669610311157155
503,-0.17231981810056365,-0.658570919248349,0.8669610311155214
504,-0.17231981810026775,-0.6585709187994739,0.8669610311157155
505,-0.1723198180538125,-0.6585709187996677,0.8669610311157155
506,-0.17231981810056365,-0.6585709187996031,0.8669610311157155
507,-0.1723198181004157,-0.6585709187996031,0.8669610311155214
508,-0.1723198180538125,-0.6585709187996031,0.8669610311157155
509,-0.17231981810056365,-0.6585709187996031,0.8669610311157155
510,-0.20695695887236573,-0.6250505987164624,0.8012445826792632
511,-0.2069569588722178,-0.6250505987166561,0.8012445826792632
512,-0.20695695887236573,-0.6250505987164624,0.8012445826790691
513,-0.2069569588257625,-0.6250505982679102,0.8012445826792632
514,-0.2069569588722178,-0.6250505987164624,0.8012445826792632
515,-0.20695695887236573,-0.625050598716527,0.8012445826792632
516,-0.6954369157082972,-0.4997919889598037,-0.01889669380750623
517,-0.8320653016160615,-0.45216292403572833,-0.01889669380750623
518,-0.38398564622570885,-0.4645074582460663,0.8012445826792632
519,-0.3839856462720162,-0.46450745824600176,0.8012445826792632
520,-0.38398564622570885,-0.46450745869461846,0.8012445826792632
521,-0.3839856462255609,-0.4645074582460663,0.8012445826790691
522,-0.38398564627216414,-0.4645074582460663,0.8012445826792632
523,-0.383985646225413,-0.46450745824600176,0.8012445826792632
524,-0.425267743383746,-0.4982045637048343,0.6372163273819094
525,-0.4252677433833022,-0.4982045637046406,0.6372163273819094
526,-0.4252677433835981,-0.49820456415338643,0.6372163273817151
527,-0.42526774338345014,-0.49820456370476973,0.6372163273819094
528,-0.4252677433835981,-0.49820456370489885,0.6372163273819094
529,-0.42526774343034923,-0.4982045637047052,0.6372163273819094
530,-0.4252677433833022,-0.49820456370476973,0.6372163273819094
531,-0.4252677433835981,-0.49820456415338643,0.6372163273817151
532,-0.42526774338345014,-0.49820456370476973,0.6372163273819094
533,-0.4252677433835981,-0.49820456370476973,0.6372163273819094
534,-0.6637048889298776,-0.28491121894222865,0.6440508380193315
535,-0.6637048888834223,-0.2849112184934828,0.6440508380193315
536,-0.6637048889303214,-0.28491121894209953,0.6440508380191372
537,-0.6637048888832744,-0.2849112184934828,0.6440508380193315
538,-0.6637048889301734,-0.2849112189421641,0.6440508380193315
539,-0.5367767818638375,-0.6479895422130253,-0.01889669380750623
540,-0.5676264870653683,-0.404521231104134,1.6213858591660328
541,-0.5610130190586728,-0.518316682892027,0.8012445826792632
542,-0.5610130190583769,-0.5183166828921562,0.8012445826790691
543,-0.5610130190585249,-0.5183166833407082,0.8012445826792632
544,-0.5610130190585249,-0.5183166828921562,0.8012445826792632
545,-0.719993713691139,-0.3924279168948035,0.6840815431811533
546,-0.7199937137378901,-0.3924279173433557,0.6840815431811533
547,-0.719993713691287,-0.3924279168948035,0.6840815431811533
548,-0.7199937137378901,-0.39242791689473894,0.684081543180959
549,-0.719993713691139,-0.39242791734342025,0.6840815431811533
550,-0.7199937137378901,-0.3924279168948035,0.6840815431811533
551,-0.719993713691287,-0.3924279173434848,0.6840815431811533
552,-0.719993713690991,-0.3924279168946744,0.6840815431811533
553,-0.7199937137380381,-0.39242791689486806,0.6840815431811533
554,-0.719993713690991,-0.39242791734342025,0.6840815431811533
555,-0.7199937137378901,-0.39242791689473894,0.684081543180959
556,-0.719993713691287,-0.3924279168948035,0.6840815431811533
557,-0.7199937137377421,-0.39242791734342025,0.6840815431811533
558,-0.719993713691287,-0.39242791689473894,0.6840815431811533
559,-0.853472829183867,-0.20642956850011354,0.44975546418493345
560,-0.8534728291837191,-0.20642956850011354,0.44975546418493345
561,-0.8534728291837191,-0.20642956849998442,0.44975546418493345
562,-0.853472829184015,-0.20642956805143226,0.4497554641847392
563,-0.853472829183867,-0.20642956850011354,0.44975546418493345
564,-0.8534728291837191,-0.20642956849998442,0.44975546418493345
565,-0.8534728291837191,-0.20642956850011354,0.44975546418493345
566,-0.6205136028172663,-0.16472883625901444,0.740785450117766
567,-0.6205136028169704,-0.1647288358103977,0.740785450117766
568,-0.6205136028172663,-0.164728836259079,0.7407854501175717
569,-0.6205136028169704,-0.16472883581033315,0.740785450117766
570,-0.6205136028172663,-0.164728836259079,0.740785450117766
571,-0.6205136028171184,-0.16472883625901444,0.740785450117766
572,-0.6205136028172663,-0.1647288358103977,0.7407854501175717
573,-0.6205136028171184,-0.16472883625901444,0.740785450117766
574,-0.6205136028172663,-0.16472883625901444,0.740785450117766
575,-0.6205136028171184,-0.1647288358103977,0.740785450117766
576,-0.6205136028169704,-0.16472883625901444,0.7407854501175717
577,-0.6205136028171184,-0.16472883581033315,0.740785450117766
578,-0.6205136028172663,-0.16472883625901444,0.740785450117766
579,-0.8364734039560041,-0.015076434332267451,0.6645543699314036
580,-0.8364734039095488,-0.015076433883521598,0.6645543699314036
581,-0.8364734039560041,-0.015076434332202893,0.6645543699315979
582,-0.8364734039094008,-0.015076433883392483,0.6645543699314036
583,-0.8364734039560041,-0.015076434332267451,0.6645543699314036
584,-0.8364734039095488,-0.015076433883521598,0.6645543699314036
585,-0.8364734039560041,-0.015076434332202893,0.6645543699314036
586,-0.836473403956152,-0.015076434332138334,0.6645543699314036
587,-0.8364734039095488,-0.015076433883521598,0.6645543699314036
588,-0.8364734039558561,-0.015076434332202893,0.6645543699315979
589,-0.8364734039094008,-0.015076433883521598,0.6645543699314036
590,-0.8364734039560041,-0.015076434332138334,0.6645543699314036
591,-0.7514747753687834,-0.023456239436065597,0.6840815431811533
592,-0.7514747753220322,-0.023456239884617775,0.6840815431811533
593,-0.7514747753687834,-0.023456239436065597,0.6840815431811533
594,-0.7514747753684874,-0.023456239436065597,0.684081543180959
595,-0.7514747753687834,-0.023456239436065597,0.6840815431811533
596,-0.7514747753220322,-0.023456239884617775,0.6840815431811533
597,-0.7514747753687834,-0.023456239436065597,0.6840815431811533
598,-0.9506971498595375,-0.12578049100994668,0.39117394443587855
599,-0.9506971498599813,-0.12578049100994668,0.39117394443587855
600,-0.9506971498130822,-0.12578049056120083,0.39117394443587855
601,-0.9506971498598333,-0.12578049100994668,0.39117394443587855
602,-0.9506971498598333,-0.12578049100981756,0.39117394443587855
603,-0.9506971498130822,-0.12578049056132995,0.3911739444356843
604,-0.9506971498599813,-0.12578049100994668,0.39117394443587855
605,-0.9506971498598333,-0.12578049100988212,0.39117394443587855
606,-0.9506971498598333,-0.12578049100994668,0.39117394443587855
607,-0.9506971498598333,-0.12578049100994668,0.39117394443587855
608,-0.9506971498132302,-0.12578049056120083,0.39117394443587855
609,-0.9506971498598333,-0.12578049100994668,0.39117394443587855
610,-1.0468244129072524,-0.3164752252897357,1.0280260720108114
611,-1.0468244128605013,-0.3164752257383524,1.0280260720108114
612,-1.0468244129072524,-0.3164752252897357,1.0280260720108114
613,-1.0468244128606492,-0.3164752252897357,1.0280260720108114
614,-1.0468244129072524,-0.31647522573841697,1.0280260720108114
615,-1.0468244128606492,-0.3164752252897357,1.0280260720106174
616,-1.0468244129071045,-0.31647522573841697,1.0280260720108114
617,-1.046824412860797,-0.3164752252897357,1.0280260720108114
618,-1.0468244129072524,-0.3164752252897357,1.0280260720108114
619,-1.046824412860797,-0.31647522573841697,1.0280260720108114
620,-1.0468244129072524,-0.3164752252897357,1.0280260720108114
621,-0.6112980098972441,-0.5435767686728175,0.726686284816706
622,-0.611298009850493,-0.543576768672753,0.7266862848169003
623,-0.6112980098970962,-0.5435767686726883,0.726686284816706
624,-0.6112980098973921,-0.5435767686728175,0.7266862848169003
625,-0.6112980098972441,-0.5435767686728175,0.726686284816706
626,-0.6112980098500491,-0.5435767682241361,0.7266862848169003
627,-0.61129800989754,-0.5435767686726883,0.726686284816706
628,-0.6112980098970962,-0.5435767686728821,0.7266862848169003
629,-0.6112980098970962,-0.5435767686726883,0.726686284816706
630,-0.6112980098507889,-0.543576768672753,0.7266862848169003
631,-0.6112980098970962,-0.5435767686728175,0.726686284816706
632,-0.4077013868529189,-0.5292790532768379,0.44975546418493345
633,-0.407701386852623,-0.5292790532769025,0.44975546418493345
634,-0.40770138685306684,-0.5292790532769025,0.44975546418493345
635,-0.4077013868995221,-0.5292790537254546,0.44975546418493345
636,-0.407701386852623,-0.5292790532767734,0.44975546418493345
637,-0.4077013868529189,-0.5292790532769025,0.44975546418493345
638,-0.4077013868529189,-0.5292790532768379,0.44975546418493345
639,-0.40014313773519045,-0.7062077549778182,1.6213858591658385
640,-0.4177737941843797,-0.8914452257630143,1.6213858591660328
641,-0.40785950765466905,-0.7181134423713136,0.39971708273260764
642,-0.407859507654817,-0.7181134428199949,0.39971708273260764
643,-0.4078595076545211,-0.7181134428200594,0.39971708273260764
644,-0.4078595076545211,-0.7181134423713136,0.39971708273260764
645,-0.3756604966342699,-0.6856216040946491,0.8923713911777069
646,-0.37566049663397405,-0.6856216045433303,0.8923713911777069
647,-0.37566049663382606,-0.68562160409452,0.8923713911779011
648,-0.37566049663382606,-0.6856216045433303,0.8923713911777069
649,-0.37566049663441786,-0.6856216040946491,0.8923713911777069
650,-0.37566049663382606,-0.6856216045431367,0.8923713911777069
651,-0.37566049663382606,-0.6856216040947136,0.8923713911779011
652,-0.375660496634122,-0.6856216045432658,0.8923713911777069
653,-0.375660496634122,-0.68562160409452,0.8923713911777069
654,-0.14256068955529172,-0.867629290338612,0.4367373486851003
655,-0.1425606895558835,-0.8676292898899953,0.4367373486851003
656,-0.14256068955573556,-0.867629290338612,0.43673734868529457
657,-0.1425606895555876,-0.8676292903385474,0.4367373486851003
658,-0.14256068955603143,-0.8676292898899307,0.4367373486851003
659,-0.14256068955543966,-0.867629290338612,0.4367373486851003
660,-0.1425606895558835,-0.867629290338612,0.4367373486851003
661,-0.14256068955573556,-0.8676292898899953,0.4367373486851003
662,-0.1425606895555876,-0.8676292903385474,0.4367373486851003
663,-0.14256068955573556,-0.867629290338612,0.43673734868529457
664,-0.14256068955543966,-0.8676292898899307,0.4367373486851003
665,-0.14256068955573556,-0.867629290338612,0.4367373486851003
666,-0.14256068955573556,-0.8676292903385474,0.4367373486851003
667,-0.1425606895555876,-0.8676292898899953,0.4367373486851003
668,-0.14256068955573556,-0.867629290338612,0.43673734868529457
669,-0.1425606895558835,-0.867629290338612,0.4367373486851003
670,-0.1425606895555876,-0.8676292898899307,0.4367373486851003
671,-0.14256068955573556,-0.8676292903385474,0.4367373486851003
672,-0.08604858433815861,-0.8635712043366481,0.5301423273960827
673,-0.08604858433786272,-0.8635712043367126,0.5301423273960827
674,-0.08604858433815861,-0.8635712043366481,0.5301423273960827
675,-0.08604858438490977,-0.863571204336519,0.530142327396277
676,-0.08604858433815861,-0.8635712043367773,0.5301423273960827
677,-0.08604858433786272,-0.8635712043365835,0.5301423273960827
678,-0.08604858433786272,-0.8635712043366481,0.5301423273960827
679,-0.0860485843384545,-0.8635712047852648,0.5301423273960827
680,-0.08604858433801066,-0.8635712043366481,0.5301423273960827
681,-0.08604858433815861,-0.8635712043366481,0.5301423273960827
682,-0.08604858433771477,-0.8635712043367126,0.5301423273960827
683,-0.08604858438490977,-0.8635712043365835,0.530142327396277
684,-0.08604858433815861,-0.8635712043366481,0.5301423273960827
685,-0.08604858433801066,-0.8635712043365835,0.5301423273960827
686,-0.0860485843384545,-0.8635712043367773,0.5301423273960827
687,0.23451317216519166,-0.8967429566851075,-0.01889669380750623
688,0.32155829446344125,-0.831904158993035,0.39117394443587855
689,0.3215582944629974,-0.8319041594415872,0.39117394443587855
690,0.3215582945098965,-0.831904158993035,0.39117394443587855
691,0.3215582944629974,-0.8319041589929705,0.39117394443587855
692,-0.007893894495261138,-0.8702732445339231,1.6213858591660328
693,0.17633568648413822,-0.8956800428528158,0.3091598167872016
694,0.17633568648443412,-0.8956800428526221,0.3091598167872016
695,0.17633568648384235,-0.8956800428526867,0.3091598167872016
696,0.17633568648443412,-0.8956800433013035,0.3091598167872016
697,0.17633568648443412,-0.8956800428526867,0.3091598167872016
698,0.17633568648384235,-0.8956800428526867,0.3091598167872016
699,0.17633568648443412,-0.8956800428526867,0.3091598167872016
700,0.17633568648413822,-0.8956800428526221,0.3091598167870073
701,0.17633568648384235,-0.8956800428526867,0.3091598167872016
702,0.17633568648443412,-0.8956800428526221,0.3091598167872016
703,0.17633568648443412,-0.8956800428527513,0.3091598167872016
704,0.17633568648413822,-0.8956800433013035,0.3091598167872016
705,0.17633568648413822,-0.8956800428526867,0.3091598167872016
706,0.17633568648443412,-0.8956800428526221,0.3091598167872016
707,0.17633568648413822,-0.8956800428526867,0.3091598167872016
708,0.029815390452270468,-0.8261703880761264,0.3456105401866567
709,0.029815390405963153,-0.8261703876274451,0.3456105401864625
710,0.029815390452566363,-0.8261703880760619,0.3456105401866567
711,0.029815390452566363,-0.8261703876275097,0.3456105401866567
712,0.029815390405667257,-0.8261703880760619,0.3456105401864625
713,0.02981539045271431,-0.8261703876275097,0.3456105401866567
714,0.029815390452270468,-0.8261703880761264,0.3456105401866567
715,0.029815390406111097,-0.8261703876273806,0.3456105401864625
716,0.029815390452418416,-0.826170388076191,0.3456105401866567
717,0.06703508100929331,-0.8067636152993809,-0.01889669380750623
718,-0.05637425623948365,-0.7591282363716428,1.6213858591660328
719,0.06262873139381472,-0.9390806046908814,-0.01889669380750623
720,0.13754719059641318,-0.7750088006821098,1.6213858591658385
721,-0.08281235369815551,-0.7379625695950247,-0.01889669380750623
722,-0.17096563608272797,-0.8438098468352763,-1.659179246780851
723,-0.21000006432704157,-0.9360551340073872,0.44975546418493345
724,-0.21000006428103016,-0.9360551340073872,0.44975546418493345
725,-0.21000006432733748,-0.9360551340073225,0.44975546418493345
726,-0.21000006432733748,-0.9360551335587705,0.4497554641847392
727,-0.21000006432704157,-0.9360551340073872,0.44975546418493345
728,-0.21000006428103016,-0.9360551340073872,0.44975546418493345
729,-0.21000006432733748,-0.9360551340073872,0.44975546418493345
730,-0.10485461793636323,-0.9179086239105361,-0.01889669380750623
731,0.2345131721650437,-0.9655440023895928,-0.01889669380750623
732,0.11110909313759339,-1.0713912796297798,1.6213858591660328
733,0.2653628773667226,-1.0819804274704328,-0.01889669380750623
734,0.0956809541428953,-0.8500973504539621,0.39117394443587855
735,0.09568095414304324,-0.8500973504539621,0.39117394443587855
736,0.09568095418964646,-0.8500973504538974,0.39117394443587855
737,0.09568095414274735,-0.8500973504539621,0.39117394443587855
738,0.0956809541431912,-0.8500973509025141,0.39117394443587855
739,0.0956809541428953,-0.8500973504538974,0.39117394443587855
740,0.09568095414274735,-0.8500973504538974,0.39117394443587855
741,0.09568095418949851,-0.8500973504540266,0.3911739444356843
742,0.0956809541428953,-0.850097350453833,0.39117394443587855
743,0.0956809541431912,-0.8500973504538974,0.39117394443587855
744,0.09568095414274735,-0.8500973504539621,0.39117394443587855
745,0.09568095414304324,-0.8500973509025788,0.39117394443587855
746,0.09568095414274735,-0.8500973504538974,0.39117394443587855
747,0.09568095418964646,-0.8500973504538974,0.39117394443587855
748,0.0956809541431912,-0.8500973504539621,0.39117394443587855
749,0.09568095414274735,-0.8500973504538974,0.39117394443587855
750,-0.04572119628747704,-0.9364333178428239,0.25733144445359524
751,-0.045721196240873826,-0.9364333178428239,0.25733144445359524
752,-0.045721196287624985,-0.9364333178428239,0.25733144445378947
753,-0.045721196240873826,-0.9364333178428239,0.25733144445359524
754,-0.04572119628747704,-0.9364333178427594,0.25733144445359524
755,-0.045721196240873826,-0.9364333178428239,0.25733144445378947
756,-0.04572119628777293,-0.9364333173942072,0.25733144445359524
757,-0.04572119628732909,-0.9364333178427594,0.25733144445359524
758,-0.04572119624102177,-0.9364333178428239,0.25733144445359524
759,-0.045721196287624985,-0.9364333178428239,0.25733144445359524
760,-0.04572119624072588,-0.9364333178428885,0.25733144445378947
761,-0.045721196287624985,-0.9364333178427594,0.25733144445359524
762,-0.07145027050285645,-0.8524478634215751,0.4990872702893804
763,-0.07145027054975556,-0.8524478634215751,0.4990872702893804
764,-0.07145027050285645,-0.8524478634216397,0.4990872702893804
765,-0.07145027050270851,-0.8524478634216397,0.4990872702893804
766,-0.07145027054975556,-0.8524478638702564,0.4990872702893804
767,-0.07145027050285645,-0.8524478634215751,0.4990872702893804
768,-0.07145027050285645,-0.8524478634215751,0.4990872702893804
769,-0.07145027054945967,-0.8524478634216397,0.4990872702893804
770,-0.07145027050315235,-0.8524478634215751,0.4990872702893804
771,-0.07145027050270851,-0.8524478634215751,0.4990872702893804
772,-0.07145027050285645,-0.8524478634215751,0.4990872702893804
773,-0.07145027054975556,-0.8524478634217042,0.4990872702893804
774,-0.0714502705030044,-0.8524478634215106,0.4990872702893804
775,-0.0714502705030044,-0.8524478634216397,0.4990872702893804
776,-0.0714502705496076,-0.8524478638702564,0.4990872702893804
777,-0.07145027050285645,-0.8524478634215751,0.4990872702893804
778,-0.07145027050270851,-0.8524478634216397,0.4990872702893804
779,-0.07145027054990351,-0.8524478634215751,0.4990872702893804
780,-0.07145027050270851,-0.8524478634215751,0.4990872702893804
781,-0.15533786580566117,-0.8038768140113801,0.13021990191741392
782,-0.15533786580536527,-0.8038768144600613,0.13021990191721966
783,-0.15533786580566117,-0.8038768140113801,0.13021990191741392
784,-0.15533786580566117,-0.8038768140113801,0.13021990191741392
785,-0.15533786580551323,-0.8038768140114446,0.13021990191741392
786,-0.15533786575876207,-0.8038768144600613,0.13021990191721966
787,-0.15533786580551323,-0.8038768140113801,0.13021990191741392
788,-0.15533786580595707,-0.8038768140113801,0.13021990191741392
789,-0.15533786580536527,-0.8038768140113801,0.13021990191741392
790,-0.15533786580536527,-0.8038768144601259,0.13021990191721966
791,-0.15533786580566117,-0.8038768140113155,0.13021990191741392
792,-0.5237835578438369,-0.8307202202492,0.4990872702893804
793,-0.5237835578439848,-0.8307202206978813,0.4990872702893804
794,-0.5237835577972336,-0.8307202202491354,0.4990872702893804
795,-0.5237835578439848,-0.8307202202492,0.4990872702893804
796,-0.5237835578439848,-0.8307202206979458,0.4990872702893804
797,-0.5237835578439848,-0.8307202202491354,0.4990872702893804
798,-0.5237835578439848,-0.8307202206978813,0.4990872702893804
799,-0.5237835577972336,-0.8307202202492,0.4990872702893804
800,-0.5237835578439848,-0.8307202202492,0.4990872702893804
801,-0.5237835578439848,-0.8307202206978167,0.4990872702893804
802,-0.5237835578438369,-0.8307202202492645,0.4990872702893804
803,-0.5237835577970857,-0.8307202202492645,0.4990872702893804
804,-0.5237835578439848,-0.8307202206977522,0.4990872702893804
805,-0.5237835578441328,-0.8307202202492645,0.4990872702893804
806,-0.5237835578439848,-0.8307202206978167,0.4990872702893804
807,-0.5237835578439848,-0.8307202202492,0.4990872702893804
808,-0.5237835577969377,-0.8307202202492,0.4990872702893804
809,-0.5237835578439848,-0.8307202206978813,0.4990872702893804
810,-0.5237835578439848,-0.8307202202492,0.4990872702893804
811,-0.6731693802020808,-0.5524399564613274,0.5008858257203627
812,-0.6731693802489799,-0.5524399569100086,0.5008858257201685
813,-0.6731693802017849,-0.5524399564613274,0.5008858257203627
814,-0.6731693802022287,-0.5524399564613919,0.5008858257201685
815,-0.6731693802017849,-0.5524399564613274,0.5008858257203627
816,-0.673169380248684,-0.5524399569100086,0.5008858257201685
817,-0.6731693802023767,-0.5524399564613274,0.5008858257203627
818,-0.6731693802019328,-0.5524399564613919,0.5008858257201685
819,-0.6731693802017849,-0.5524399564613274,0.5008858257203627
820,-0.6731693802489799,-0.5524399569099441,0.5008858257201685
821,-0.6731693802017849,-0.5524399564613919,0.5008858257203627
822,-0.6731693802022287,-0.5524399564613919,0.5008858257201685
823,-0.6731693802017849,-0.5524399564613274,0.5008858257203627
824,-0.6731693802491279,-0.5524399569100086,0.5008858257201685
825,-0.6731693802019328,-0.5524399564612628,0.5008858257203627
826,-0.6731693802020808,-0.5524399564613919,0.5008858257201685
827,-0.6731693802019328,-0.5524399564613919,0.5008858257203627
828,-0.673169380248684,-0.5524399569100086,0.5008858257201685
829,-0.6731693802023767,-0.5524399564612628,0.5008858257203627
830,-0.6922062937404491,-0.4443958653378221,0.5278641571837381
831,-0.6922062937408929,-0.44439586533788666,0.527864157183544
832,-0.6922062937872002,-0.4443958653378221,0.5278641571837381
833,-0.692206293740745,-0.4443958648892054,0.527864157183544
834,-0.692206293740745,-0.4443958653378221,0.5278641571837381
835,-0.6922062937405971,-0.44439586533788666,0.5278641571837381
836,-0.692206293740745,-0.4443958653378221,0.527864157183544
837,-0.6922062937876441,-0.4443958653378221,0.5278641571837381
838,-0.6922062937404491,-0.4443958653378221,0.527864157183544
839,-0.6922062937410409,-0.4443958653378221,0.5278641571837381
840,-0.6922062937405971,-0.4443958653378221,0.5278641571837381
841,-0.692206293740745,-0.4443958648892054,0.527864157183544
842,-0.6922062937872002,-0.4443958653378221,0.5278641571837381
843,-0.6922062937408929,-0.44439586533788666,0.527864157183544
844,-0.6922062937405971,-0.4443958653378221,0.5278641571837381
845,-0.6767073009076107,-0.5880027887919508,0.527864157183544
846,-0.6767073008608595,-0.5880027887920154,0.5278641571837381
847,-0.6767073009079065,-0.5880027887920154,0.5278641571837381
848,-0.6767073009077587,-0.5880027887919508,0.527864157183544
849,-0.6767073008610075,-0.5880027887920154,0.527864157183544
850,-0.6767073009074628,-0.5880027887920154,0.5278641571837381
851,-0.6767073009074628,-0.5880027887919508,0.5278641571837381
852,-0.6767073008610075,-0.5880027887920154,0.527864157183544
853,-0.6767073009077587,-0.5880027887920154,0.527864157183544
854,-0.6767073009076107,-0.5880027887919508,0.5278641571837381
855,-0.6767073008610075,-0.5880027887920154,0.5278641571837381
856,-0.6767073009076107,-0.5880027887919508,0.527864157183544
857,-0.6778087130272573,-0.6190526074027258,0.2020858168013749
858,-0.6778087129806541,-0.6190526074027258,0.20208581680156917
859,-0.6778087130275533,-0.6190526074027258,0.2020858168013749
860,-0.6778087130271094,-0.6190526074027258,0.2020858168013749
861,-0.6778087130274053,-0.6190526074027258,0.2020858168013749
862,-0.6778087129806541,-0.6190526074026613,0.20208581680156917
863,-0.6778087130274053,-0.6190526074027904,0.2020858168013749
864,-0.6778087130275533,-0.61905260695398,0.2020858168013749
865,-0.6778087130271094,-0.6190526074027258,0.2020858168013749
866,-0.6778087129808021,-0.6190526074027258,0.20208581680156917
867,-0.6778087130272573,-0.6190526074027258,0.2020858168013749
868,-0.6778087130272573,-0.6190526074027258,0.2020858168013749
869,-0.6778087130277012,-0.6190526074026613,0.2020858168013749
870,-0.6778087129803583,-0.6190526074027904,0.20208581680156917
871,-0.6778087130275533,-0.6190526074026613,0.2020858168013749
872,-0.7021961227055198,-0.5643620060665117,0.5278641571837381
873,-0.702196122752271,-0.5643620060665117,0.527864157183544
874,-0.7021961227055198,-0.5643620060664472,0.5278641571837381
875,-0.7021961227525668,-0.5643620060665117,0.527864157183544
876,-0.7021961227055198,-0.5643620060665117,0.5278641571837381
877,-0.7021961227524189,-0.5643620060664472,0.527864157183544
878,-0.7021961227053718,-0.5643620060665117,0.5278641571837381
879,-0.7021961227524189,-0.5643620060665117,0.527864157183544
880,-0.7021961227055198,-0.5643620060664472,0.5278641571837381
881,-0.702196122752271,-0.5643620060665762,0.527864157183544
882,-0.7021961227058157,-0.5643620060664472,0.5278641571837381
883,-0.702196122752271,-0.5643620060664472,0.527864157183544
884,-0.7021961227056678,-0.5643620060665117,0.5278641571837381
885,-0.702196122752271,-0.5643620060665117,0.527864157183544
886,-0.7021961227058157,-0.5643620060665117,0.5278641571837381
887,-0.6153715807897676,-0.546543360250323,0.25448373168801885
888,-0.6153715808369626,-0.5465433602503875,0.25448373168821314
889,-0.6153715807899156,-0.546543360250323,0.25448373168801885
890,-0.6153715807899156,-0.5465433602503875,0.25448373168801885
891,-0.6153715808369626,-0.546543360250323,0.25448373168821314
892,-0.6153715807900635,-0.5465433602503875,0.25448373168801885
893,-0.9202133259197087,-0.5791821825048128,-0.01889669380750623
894,-0.7439172773588695,-0.5050834054296176,1.6213858591660328
895,-0.7857907438369188,-0.4336366512659493,-0.01889669380750623
896,-0.7857907437903155,-0.43363665126601386,-0.01889669380750623
897,-0.8188409947358956,-0.5791758680524043,-0.01889669380750623
898,-0.6013099723259115,-0.6903267393144991,0.5669185036830434
899,-0.6013099723265033,-0.6903267397631158,0.5669185036830434
900,-0.6013099723259115,-0.6903267397631158,0.5669185036830434
901,-0.6013099723263554,-0.6903267393144668,0.5669185036828491
902,-0.6013099723263554,-0.6903267393144344,0.5669185036830434
903,-0.6013099723262074,-0.6903267397631158,0.5669185036830434
904,-0.6013099723263554,-0.6903267397631158,0.5669185036830434
905,-0.6013099723728106,-0.6903267393144991,0.5669185036830434
906,-0.6013099723263554,-0.6903267397631158,0.5669185036830434
907,-0.6013099723263554,-0.6903267393144668,0.5669185036830434
908,-0.6013099723260594,-0.6903267397631158,0.5669185036828491
909,-0.6013099723263554,-0.6903267393144344,0.5669185036830434
910,-0.6013099723262074,-0.6903267393144991,0.5669185036830434
911,-0.6013099723263554,-0.6903267397631158,0.5669185036830434
912,-0.5784965343373497,-0.8046470488909536,0.5301423273960827
913,-0.5784965342905986,-0.8046470484423369,0.5301423273960827
914,-0.5784965343372018,-0.8046470488909859,0.5301423273960827
915,-0.5784965343373497,-0.8046470488909536,0.530142327396277
916,-0.5784965342907465,-0.8046470484423369,0.5301423273960827
917,-0.5784965343373497,-0.8046470488909859,0.5301423273960827
918,-0.5784965343372018,-0.8046470488909536,0.5301423273960827
919,-0.5784965342905986,-0.8046470484424015,0.5301423273960827
920,-0.5784965343373497,-0.8046470488909214,0.5301423273960827
921,-0.5784965343374977,-0.8046470488910182,0.5301423273960827
922,-0.5784965342904507,-0.8046470484423369,0.5301423273960827
923,-0.5784965343373497,-0.8046470488909859,0.530142327396277
924,-0.5784965343373497,-0.8046470488909536,0.5301423273960827
925,-0.5784965342908944,-0.8046470484423369,0.5301423273960827
926,-0.5784965343370538,-0.8046470488909859,0.5301423273960827
927,-0.538151136982102,-0.757807355576632,0.39117394443587855
928,-0.5381511370285573,-0.7578073555766967,0.39117394443587855
929,-0.538151136982102,-0.757807355127983,0.39117394443587855
930,-0.5381511369818062,-0.7578073555765997,0.39117394443587855
931,-0.5381511370287052,-0.7578073555766643,0.39117394443587855
932,-0.538151136981954,-0.7578073551280153,0.39117394443587855
933,-0.5381511370288532,-0.757807355576632,0.39117394443587855
934,-0.538151136982102,-0.757807355576632,0.39117394443587855
935,-0.5381511369816582,-0.757807355576632,0.3911739444356843
936,-0.5381511370287052,-0.7578073555766643,0.39117394443587855
937,-0.538151136982102,-0.7578073551280153,0.39117394443587855
938,-0.5381511370287052,-0.757807355576632,0.39117394443587855
939,-0.5381511369818062,-0.757807355576632,0.39117394443587855
940,-0.5381511369818062,-0.7578073551280153,0.39117394443587855
941,-0.5381511370288532,-0.757807355576632,0.39117394443587855
942,-0.5381511369818062,-0.7578073555766643,0.39117394443587855
943,-0.3075887639097149,-0.7220820048358766,-1.659179246780851
944,-0.20622169089973746,-0.7220820052844933,-1.6591792467810453
945,-0.28775887623655994,-0.7803002176006695,-0.01889669380750623
946,-0.28775887623715174,-0.780300217600605,-0.01889669380750623
947,-0.2877588762834591,-0.780300217600605,-0.01889669380750623
948,-0.2877588762370038,-0.7803002176006372,-0.01889669380750623
949,-0.40014839586257095,-0.92320004038035,-0.01889669380750623
950,-0.26391819711358816,-0.8717192285670279,-0.16801328953242642
951,-0.26391819706728087,-0.8717192281184435,-0.16801328953223216
952,-0.26391819711358816,-0.8717192285670602,-0.16801328953242642
953,-0.263918197114032,-0.8717192281183789,-0.16801328953242642
954,-0.263918197066837,-0.8717192285670925,-0.16801328953242642
955,-0.2639181971137361,-0.8717192281183789,-0.16801328953223216
956,-0.2639181970671329,-0.8717192285670602,-0.16801328953242642
957,-0.2639181971137361,-0.8717192281184112,-0.16801328953242642
958,-0.2639181971137361,-0.8717192285670602,-0.16801328953242642
959,-0.26391819706698494,-0.8717192281184435,-0.16801328953223216
960,-0.26391819711358816,-0.8717192285670602,-0.16801328953242642
961,-0.5789586025911311,-0.8566658422705585,0.21542938518871366
962,-0.5789586025908352,-0.8566658427191752,0.21542938518871366
963,-0.5789586025908352,-0.8566658422705262,0.21542938518871366
964,-0.5789586026378822,-0.8566658422705585,0.21542938518871366
965,-0.5789586025908352,-0.8566658422705585,0.21542938518871366
966,-0.5789586025908352,-0.8566658427192075,0.21542938518871366
967,-0.5789586025909831,-0.8566658422705585,0.21542938518871366
968,-0.5789586025908352,-0.8566658422705262,0.21542938518871366
969,-0.5789586025911311,-0.8566658427191752,0.21542938518871366
970,-0.5789586025908352,-0.8566658422705585,0.21542938518871366
971,-0.5789586026375864,-0.8566658422705585,0.21542938518871366
972,-0.5789586025911311,-0.8566658422705262,0.21542938518871366
973,-0.5789586025908352,-0.8566658427191752,0.21542938518871366
974,-0.5789586025908352,-0.8566658422705585,0.21542938518871366
975,-0.5720328366342438,-0.944372021609312,-0.01889669380750623
976,-0.7130675721573386,-0.7908893654413225,-0.01889669380750623
977,-0.7527299765430755,-0.7908830509889463,1.6213858591658385
978,-0.7615479338543661,-0.6532809591315204,-1.659179246780851
979,-0.651368161753685,-0.6426918117394196,1.6213858591658385
980,-0.5940698426986157,-0.8014721983809503,-0.01889669380750623
981,-0.6513629035799972,-0.7961744679073769,-0.01889669380750623
982,-0.6557745112758092,-0.6532809591315204,-0.01889669380750623
983,-0.5808455358181539,-0.6585723760499511,1.6213858591660328
984,-0.5852518853870292,-0.6585660615975426,1.6213858591660328
985,-0.7042548729731326,-0.6003541637338717,-0.01889669380750623
986,-0.8100282955982927,-0.6109369966734672,-0.01889669380750623
987,-0.6447537078218635,-0.585135815620403,0.5983450481318017
988,-0.6447537078215676,-0.5851358151717216,0.5983450481316075
989,-0.6447537078221595,-0.5851358156203383,0.5983450481318017
990,-0.6447537078683188,-0.585135815620403,0.5983450481318017
991,-0.6447537078218635,-0.5851358151717216,0.5983450481316075
992,-0.6447537078217156,-0.5851358156203383,0.5983450481318017
993,-0.6447537078217156,-0.5851358156203706,0.5983450481316075
994,-0.6447537078217156,-0.5851358156203706,0.5983450481318017
995,-0.6447537078218635,-0.5851358151717216,0.5983450481318017
996,-0.6447537078218635,-0.5851358156203706,0.5983450481316075
997,-0.6447537078215676,-0.5851358156203706,0.5983450481318017
998,-0.6447537078218635,-0.5851358151716893,0.5983450481316075
999,-0.6447537078686146,-0.5851358156203706,0.5983450481318017
1000,-0.6447537078215676,-0.585135815620403,0.5983450481318017
1001,-0.6447537078220115,-0.5851358151716893,0.5983450481316075
1002,-0.6447537078217156,-0.5851358156203706,0.5983450481318017
1003,-0.7430930586766912,-0.5358480525288983,0.39117394443587855
1004,-0.743093058630088,-0.5358480529775151,0.39117394443587855
1005,-0.7430930586768392,-0.5358480525288983,0.39117394443587855
1006,-0.743093058630088,-0.5358480525288661,0.39117394443587855
1007,-0.7430930586765433,-0.5358480529774828,0.39117394443587855
1008,-0.743093058630088,-0.5358480525288983,0.39117394443587855
1009,-0.7430930586766912,-0.5358480529775151,0.39117394443587855
1010,-0.7430930586768392,-0.5358480525288983,0.3911739444356843
1011,-0.743093058630088,-0.5358480525288661,0.39117394443587855
1012,-0.7430930586768392,-0.5358480529775473,0.39117394443587855
1013,-0.74309305862994,-0.5358480525288338,0.39117394443587855
1014,-0.7430930586768392,-0.5358480529775473,0.39117394443587855
1015,-0.743093058630088,-0.5358480525288338,0.39117394443587855
1016,-0.7430930586768392,-0.5358480525288983,0.39117394443587855
1017,-0.74309305862994,-0.5358480529775473,0.39117394443587855
1018,-0.7430930586768392,-0.5358480525288661,0.39117394443587855
1019,-0.7089356335230151,-0.6820565896078785,0.39117394443587855
1020,-0.7089356335230151,-0.6820565891591972,0.39117394443587855
1021,-0.7089356335700622,-0.6820565896078462,0.39117394443587855
1022,-0.7089356335230151,-0.6820565891591972,0.39117394443587855
1023,-0.7089356335230151,-0.6820565896078462,0.3911739444356843
1024,-0.7089356335231631,-0.6820565891591972,0.39117394443587855
1025,-0.7089356335230151,-0.6820565896078785,0.39117394443587855
1026,-0.7089356335697663,-0.6820565896078785,0.39117394443587855
1027,-0.708935633523311,-0.6820565891591327,0.39117394443587855
1028,-0.7089356335230151,-0.6820565896078785,0.39117394443587855
1029,-0.7089356335230151,-0.6820565891591972,0.39117394443587855
1030,-0.7089356335231631,-0.6820565896078785,0.3911739444356843
1031,-0.708935633523311,-0.6820565891591972,0.39117394443587855
1032,-0.7089356335694704,-0.6820565896078785,0.39117394443587855
1033,-0.708935633523311,-0.6820565891591649,0.39117394443587855
1034,-0.7089356335230151,-0.6820565896078462,0.39117394443587855
1035,-0.7575609862319757,-0.6545384149891618,0.29353807818751837
1036,-0.7575609862321236,-0.6545384149891618,0.2935380781873241
1037,-0.7575609862785788,-0.6545384149891295,0.29353807818751837
1038,-0.7575609862319757,-0.6545384149891941,0.2935380781873241
1039,-0.7575609862316798,-0.6545384149891295,0.29353807818751837
1040,-0.7575609862322715,-0.6545384145405128,0.29353807818751837
1041,-0.7575609862784309,-0.6545384149891295,0.2935380781873241
1042,-0.7575609862319757,-0.6545384149891618,0.29353807818751837
1043,-0.7575609862322715,-0.6545384149891295,0.29353807818751837
1044,-0.7575609862318277,-0.6545384149891618,0.2935380781873241
1045,-0.7575609862787268,-0.6545384149891618,0.29353807818751837
1046,-0.7575609862316798,-0.6545384149891295,0.2935380781873241
1047,-0.7575609862322715,-0.6545384149891618,0.29353807818751837
1048,-0.7575609862319757,-0.6545384149891618,0.29353807818751837
1049,-0.7575609862787268,-0.6545384149891618,0.2935380781873241
1050,-0.7575609862316798,-0.6545384145404805,0.29353807818751837
1051,-0.7575609862322715,-0.6545384149891295,0.29353807818751837
1052,-0.7575609862319757,-0.6545384149891618,0.2935380781873241
1053,-0.7575609862784309,-0.6545384149891618,0.29353807818751837
1054,-0.7575609862319757,-0.6545384149891295,0.2935380781873241
1055,-0.7575609862319757,-0.6545384149891941,0.29353807818751837
1056,-0.44810819841199645,-0.6436267051412533,0.4655495013721082
1057,-0.4481081983653933,-0.6436267051413179,0.46554950137230244
1058,-0.44810819841214444,-0.6436267055899346,0.4655495013721082
1059,-0.4481081984118485,-0.6436267051412856,0.4655495013721082
1060,-0.4481081983655412,-0.6436267051412856,0.4655495013721082
1061,-0.44810819841199645,-0.6436267051413179,0.46554950137230244
1062,-0.44810819841199645,-0.6436267055899346,0.4655495013721082
1063,-0.44810819836568916,-0.6436267051412856,0.4655495013721082
1064,-0.44810819841155264,-0.6436267051412533,0.46554950137230244
1065,-0.44810819836568916,-0.6436267051413179,0.4655495013721082
1066,-0.44810819841214444,-0.6436267055899346,0.4655495013721082
1067,-0.44810819841199645,-0.6436267051412856,0.46554950137230244
1068,-0.4481081983653933,-0.6436267051412856,0.4655495013721082
1069,-0.4481081984118485,-0.6436267051413179,0.4655495013721082
1070,-0.44810819841214444,-0.6436267055899346,0.4655495013721082
1071,-0.4481081983653933,-0.6436267051412856,0.46554950137230244
1072,-0.44810819841199645,-0.6436267051412856,0.4655495013721082
1073,-0.7506995125342496,-0.20136997821843056,0.8643323731781409
1074,-0.7506995125345455,-0.20136997821843056,0.8643323731783352
1075,-0.7506995125339537,-0.20136997821846284,0.8643323731781409
1076,-0.7506995125343976,-0.20136997821839828,0.8643323731781409
1077,-0.7506995125342496,-0.20136997821843056,0.8643323731783352
1078,-0.7506995125342496,-0.20136997821843056,0.8643323731781409
1079,-0.7506995125811488,-0.20136997776978152,0.8643323731781409
1080,-0.7506995125343976,-0.20136997821843056,0.8643323731781409
1081,-0.7506995125343976,-0.20136997821843056,0.8643323731783352
1082,-0.7506995125339537,-0.20136997821843056,0.8643323731781409
1083,-0.7506995125345455,-0.20136997821843056,0.8643323731781409
1084,-0.7506995125343976,-0.20136997821843056,0.8643323731783352
1085,-0.7506995125342496,-0.20136997821843056,0.8643323731781409
1086,-0.7903430953280925,0.4694625296385109,0.4185119869853728
1087,-0.7903430953745478,0.4694625291899264,0.418511986985567
1088,-0.7903430953279446,0.4694625296385432,0.4185119869853728
1089,-0.7903430953276487,0.46946252918986187,0.4185119869853728
1090,-0.7903430953745478,0.46946252963857543,0.4185119869853728
1091,-0.7903430953282405,0.4694625296385432,0.418511986985567
1092,-0.7903430953276487,0.46946252918986187,0.4185119869853728
1093,-0.7903430953748437,0.46946252963857543,0.4185119869853728
1094,-0.7903430953277967,0.4694625291898942,0.4185119869853728
1095,-0.7903430953277967,0.4694625296385432,0.418511986985567
1096,-0.7903430953748437,0.4694625296385432,0.4185119869853728
1097,-0.7903430953275008,0.4694625291898942,0.4185119869853728
1098,-0.7903430953280925,0.46946252963857543,0.4185119869853728
1099,-0.7903430953745478,0.46946252918986187,0.418511986985567
1100,-0.7903430953282405,0.4694625296385432,0.4185119869853728
1101,-0.8400547679495648,0.4747111138055364,0.39330972901010935
1102,-0.840054767996316,0.4747111138055364,0.3933097290099151
1103,-0.8400547679498607,0.4747111142541208,0.39330972901010935
1104,-0.8400547679495648,0.4747111138055364,0.39330972901010935
1105,-0.840054767996464,0.4747111138055364,0.3933097290099151
1106,-0.8400547679498607,0.47471111380550407,0.39330972901010935
1107,-0.840054767996464,0.47471111380550407,0.39330972901010935
1108,-0.8400547679495648,0.47471111380550407,0.39330972901010935
1109,-0.8400547679495648,0.4747111142541854,0.3933097290099151
1110,-0.840054767996464,0.4747111138055364,0.39330972901010935
1111,-0.8400547679498607,0.47471111380550407,0.39330972901010935
1112,-0.840054767996464,0.47471111380550407,0.3933097290099151
1113,-0.8400547679495648,0.4747111138055364,0.39330972901010935
1114,-0.8400547679495648,0.4747111142541854,0.39330972901010935
1115,-0.8400547679967598,0.47471111380550407,0.3933097290099151
1116,-0.8400547679495648,0.4747111138055364,0.39330972901010935
1117,-0.8437140343689886,0.3935265201402399,0.6840815431811533
1118,-0.8437140343225334,0.39352652058895354,0.6840815431811533
1119,-0.8437140343222375,0.3935265201402399,0.6840815431811533
1120,-0.8437140343689886,0.3935265201402399,0.684081543180959
1121,-0.8437140343692846,0.39352652014027223,0.6840815431811533
1122,-0.8437140343220896,0.39352652058892124,0.6840815431811533
1123,-0.8437140343223855,0.39352652014027223,0.6840815431811533
1124,-0.8437140343689886,0.3935265201402399,0.6840815431811533
1125,-0.8437140343691366,0.39352652058892124,0.6840815431811533
1126,-0.8437140343223855,0.39352652014027223,0.6840815431811533
1127,-0.8437140343225334,0.39352652014027223,0.684081543180959
1128,-0.8437140343688407,0.39352652014027223,0.6840815431811533
1129,-0.8437140343689886,0.39352652058892124,0.6840815431811533
1130,-0.8437140343225334,0.3935265201402399,0.6840815431811533
1131,-0.8852297102337505,0.35066512029506786,0.49369160399662754
1132,-0.8852297101869994,0.3506651202950356,0.4936916039968218
1133,-0.8852297102336025,0.3506651202950356,0.49369160399662754
1134,-0.8852297101869994,0.35066512029506786,0.49369160399662754
1135,-0.8852297102338985,0.3506651202950033,0.4936916039968218
1136,-0.8852297101867035,0.35066512029506786,0.49369160399662754
1137,-0.8852297102338985,0.35066512029506786,0.4936916039968218
1138,-0.8852297101869994,0.3506651202950356,0.49369160399662754
1139,-0.8852297102336025,0.3506651207437169,0.49369160399662754
1140,-0.8852297102334546,0.35066512029506786,0.4936916039968218
1141,-0.8852297101871474,0.3506651202950356,0.49369160399662754
1142,-0.8852297102337505,0.3506651202950356,0.4936916039968218
1143,-0.8852297101868514,0.35066512029506786,0.49369160399662754
1144,-0.8852297102340464,0.3506651202950356,0.49369160399662754
1145,-0.8852297101868514,0.3506651202950356,0.4936916039968218
1146,-0.8852297102337505,0.3506651202950356,0.49369160399662754
1147,-0.9189170314070418,0.04877221917249957,0.5620367103706545
1148,-0.9189170314068938,0.04877221962114858,0.5620367103706545
1149,-0.9189170314068938,0.04877221917246729,0.5620367103704603
1150,-0.9189170314070418,0.04877221917249957,0.5620367103706545
1151,-0.918917031453645,0.0487722196211163,0.5620367103706545
1152,-0.9189170314068938,0.04877221917246729,0.5620367103706545
1153,-0.9189170314071898,0.04877221917249957,0.5620367103704603
1154,-0.918917031406746,0.0487722196211163,0.5620367103706545
1155,-0.9189170314073377,0.04877221917249957,0.5620367103706545
1156,-0.9189170314068938,0.04877221962114858,0.5620367103706545
1157,-0.9189170314068938,0.04877221917246729,0.5620367103704603
1158,-0.9189170314071898,0.04877221917249957,0.5620367103706545
1159,-0.9189170314534971,0.0487722196211163,0.5620367103706545
1160,-0.9189170314071898,0.04877221917249957,0.5620367103706545
1161,-0.9189170314068938,0.04877221917243501,0.5620367103704603
1162,-0.9189170314068938,0.04877221962114858,0.5620367103706545
1163,-0.9189170314070418,0.04877221917246729,0.5620367103706545
1164,-1.017419722848984,-0.11695953387001497,0.5278641571837381
1165,-1.0174197228488362,-0.11695953342136596,0.527864157183544
1166,-1.01741972284928,-0.11695953387001497,0.5278641571837381
1167,-1.0174197228486883,-0.11695953342136596,0.527864157183544
1168,-1.0174197228491322,-0.11695953387001497,0.5278641571837381
1169,-1.0174197228486883,-0.11695953387001497,0.527864157183544
1170,-1.01741972284928,-0.11695953342139824,0.5278641571837381
1171,-1.0174197228486883,-0.11695953387001497,0.527864157183544
1172,-1.01741972284928,-0.11695953387001497,0.527864157183544
1173,-1.017419722848984,-0.11695953342139824,0.5278641571839324
1174,-1.017419722848984,-0.11695953387001497,0.527864157183544
1175,-1.0174197228486883,-0.11695953342136596,0.527864157183544
1176,-1.01741972284928,-0.11695953387001497,0.5278641571839324
1177,-1.0174197228486883,-0.11695953387004725,0.527864157183544
1178,-1.01741972284928,-0.11695953342136596,0.527864157183544
1179,-1.017419722848984,-0.11695953387001497,0.527864157183544
1180,-1.017419722848984,-0.11695953342133368,0.5278641571839324
1181,-1.017419722848984,-0.11695953387004725,0.527864157183544
1182,-0.8281770368317177,-0.4138649678356773,0.3670521421862905
1183,-0.8281770368317177,-0.4138649678356773,0.3670521421862905
1184,-0.8281770367852624,-0.413864967835645,0.3670521421862905
1185,-0.8281770368317177,-0.4138649678357096,0.3670521421862905
1186,-0.8281770368320136,-0.413864967835645,0.36705214218590204
1187,-0.8281770368317177,-0.413864967835645,0.3670521421862905
1188,-0.8281770367852624,-0.4138649678357096,0.3670521421862905
1189,-0.8281770368320136,-0.413864967835645,0.3670521421862905
1190,-0.8281770368314219,-0.41386496828429403,0.3670521421862905
1191,-0.8281770368320136,-0.4138649678357096,0.3670521421862905
1192,-0.8281770367852624,-0.413864967835645,0.3670521421862905
1193,-0.8281770368317177,-0.4138649678356773,0.3670521421862905
1194,-0.8281770368317177,-0.4138649678356773,0.36705214218590204
1195,-0.8281770368317177,-0.4138649678356773,0.3670521421862905
1196,-0.8281770367852624,-0.413864967835645,0.3670521421862905
1197,-0.8281770368320136,-0.4138649678356773,0.3670521421862905
1198,-0.8281770368314219,-0.413864967835645,0.3670521421862905
1199,-0.7775255520020291,-0.5500714975093627,0.805516151827725
1200,-0.777525551955278,-0.550071497509395,0.8055161518273364
1201,-0.7775255520014374,-0.5500714975093627,0.805516151827725
1202,-0.7775255520017332,-0.550071497958044,0.805516151827725
1203,-0.7775255520017332,-0.5500714975094272,0.805516151827725
1204,-0.7775255520014374,-0.5500714975093627,0.805516151827725
1205,-0.777525551955278,-0.550071497509395,0.8055161518273364
1206,-0.7775255520017332,-0.5500714975093627,0.805516151827725
1207,-0.749795565052691,-0.3346627434345784,0.527864157183544
1208,-0.7497955650529868,-0.3346627434345784,0.5278641571839324
1209,-0.7497955650994421,-0.3346627434345461,0.527864157183544
1210,-0.749795565052691,-0.3346627438832274,0.527864157183544
1211,-0.749795565052691,-0.33466274343461067,0.527864157183544
1212,-0.749795565052691,-0.3346627434345784,0.5278641571839324
1213,-0.749795565052691,-0.3346627434345461,0.527864157183544
1214,-0.7497955650994421,-0.3346627434345784,0.527864157183544
1215,-0.7497955650529868,-0.3346627434345784,0.527864157183544
1216,-0.749795565052691,-0.3346627434345784,0.5278641571839324
1217,-0.749795565052691,-0.3346627434345461,0.527864157183544
1218,-0.749795565052691,-0.33466274388325973,0.527864157183544
1219,-0.7497955650994421,-0.3346627434345784,0.527864157183544
1220,-0.749795565052691,-0.3346627434345784,0.5278641571839324
1221,-0.749795565052691,-0.3346627434345461,0.527864157183544
1222,-0.6205131983317151,-0.6733145550474676,0.44975546418493345
1223,-0.6205131983314193,-0.6733145554961166,0.44975546418493345
1224,-0.6205131983781704,-0.6733145550474354,0.44975546418493345
1225,-0.6205131983314193,-0.6733145550474676,0.44975546418493345
1226,-0.6205131983314193,-0.6733145550474676,0.44975546418493345
1227,-0.6205131983311233,-0.6733145554961489,0.44975546418493345
1228,-0.6205131983317151,-0.6733145550474354,0.44975546418493345
1229,-0.6205131983781704,-0.6733145550474999,0.449755464184545
1230,-0.6205131983314193,-0.6733145554961166,0.44975546418493345
1231,-0.6205131983314193,-0.6733145550474676,0.44975546418493345
1232,-0.6205131983314193,-0.6733145550474676,0.44975546418493345
1233,-0.6205131983778744,-0.6733145550474676,0.44975546418493345
1234,-0.6205131983317151,-0.6733145554961166,0.44975546418493345
1235,-0.6205131983314193,-0.6733145550474354,0.44975546418493345
1236,-0.6315317013867588,-0.6066365369160809,0.5983450481316075
1237,-0.6315317013403036,-0.6066365369160486,0.598345048131996
1238,-0.6315317013870547,-0.6066365369160809,0.5983450481316075
1239,-0.6315317013867588,-0.6066365369160809,0.5983450481316075
1240,-0.6315317013400077,-0.6066365369160486,0.598345048131996
1241,-0.6315317013870547,-0.6066365369160486,0.5983450481316075
1242,-0.6315317013870547,-0.6066365369160486,0.5983450481316075
1243,-0.6315317013400077,-0.6066365369160809,0.598345048131996
1244,-0.6315317013870547,-0.6066365373647299,0.5983450481316075
1245,-0.6315317013870547,-0.6066365369160486,0.5983450481316075
1246,-0.6315317013867588,-0.6066365369160486,0.5983450481316075
1247,-0.6315317013405994,-0.6066365369160486,0.598345048131996
1248,-0.6315317013867588,-0.6066365369160809,0.5983450481316075
1249,-0.6315317013867588,-0.6066365369160809,0.5983450481316075
1250,-0.6315317013403036,-0.6066365369160486,0.598345048131996
1251,-0.6315317013870547,-0.6066365369160486,0.5983450481316075
1252,-0.7752346833042767,-0.49338559246613345,0.24009528824113135
1253,-0.7752346833513237,-0.49338559291475015,0.24009528824074283
1254,-0.7752346833045726,-0.49338559246610114,0.24009528824113135
1255,-0.7752346833045726,-0.49338559246613345,0.24009528824074283
1256,-0.7752346833510279,-0.4933855929147663,0.24009528824113135
1257,-0.7752346833045726,-0.4933855924661173,0.24009528824074283
1258,-0.7752346833045726,-0.4933855929147663,0.24009528824113135
1259,-0.7752346833513237,-0.4933855924661173,0.24009528824074283
1260,-0.7752346833042767,-0.49338559246610114,0.24009528824113135
1261,-0.7752346833048684,-0.4933855929147663,0.24009528824074283
1262,-0.7752346833045726,-0.49338559246613345,0.24009528824113135
1263,-0.7752346833510279,-0.49338559246610114,0.24009528824074283
1264,-0.7752346833042767,-0.49338559291478246,0.24009528824113135
1265,-0.7752346833045726,-0.49338559246610114,0.24009528824074283
1266,-0.7752346833513237,-0.4933855929147663,0.24009528824113135
1267,-0.7752346833045726,-0.4933855924661173,0.24009528824074283
1268,-0.7752346833045726,-0.49338559246610114,0.24009528824113135
1269,-0.7752346833513237,-0.49338559291478246,0.24009528824074283
1270,-0.7752346833042767,-0.49338559246610114,0.24009528824113135
1271,-0.9022163499582773,-0.38776507782807934,0.527864157183544
1272,-0.9022163499579814,-0.3877650778281116,0.527864157183544
1273,-0.9022163499582773,-0.38776507782807934,0.5278641571839324
1274,-0.9022163499576855,-0.38776507782807934,0.527864157183544
1275,-0.9022163499582773,-0.38776507782807934,0.527864157183544
1276,-0.9022163500047325,-0.38776507782807934,0.5278641571839324
1277,-0.9022163499579814,-0.38776507827672835,0.527864157183544
1278,-0.9022163499579814,-0.3877650778281116,0.527864157183544
1279,-0.9022163499582773,-0.38776507782807934,0.527864157183544
1280,-0.9022163499576855,-0.38776507782807934,0.527864157183544
1281,-0.9022163499582773,-0.3877650778281116,0.5278641571839324
1282,-0.9022163499582773,-0.38776507782807934,0.527864157183544
1283,-1.021580398882639,0.05064163538234852,-1.6591792467810453
1284,-1.0832850674604244,-0.13989356632515065,1.6213858591660328
1285,-1.0876966752503305,-0.24574715801769773,1.6213858591660328
1286,-1.0436174049471592,-0.282793389104815,-0.01889669380750623
1287,-0.9510630310747844,-0.2827933895534963,1.6213858591660328
1288,-0.9510630311215356,-0.1663569640239266,-0.01889669380750623
1289,-1.1405833865156416,-0.1769461123133416,-0.01889669380750623
1290,-0.9224167927783858,-0.12048784655541922,0.620889440859168
1291,-0.9224167928248411,-0.12048784610678635,0.620889440859168
1292,-0.9224167927783858,-0.12048784655541922,0.620889440859168
1293,-0.92241679277809,-0.12048784655541922,0.6208894408595564
1294,-0.9224167928248411,-0.1204878465554515,0.620889440859168
1295,-0.9224167927783858,-0.12048784610675407,0.620889440859168
1296,-0.9224167927783858,-0.12048784655541922,0.620889440859168
1297,-0.9224167928248411,-0.1204878465554515,0.620889440859168
1298,-0.9224167927783858,-0.12048784655541922,0.6208894408595564
1299,-0.92241679277809,-0.12048784610677021,0.620889440859168
1300,-0.9224167928248411,-0.12048784655543536,0.620889440859168
1301,-0.9224167927786817,-0.12048784655541922,0.620889440859168
1302,-0.92241679277809,-0.12048784610677021,0.620889440859168
1303,-0.9224167928248411,-0.12048784655541922,0.620889440859168
1304,-0.92241679277809,-0.12048784655543536,0.620889440859168
1305,-0.9224167927783858,-0.12048784655541922,0.6208894408595564
1306,-0.922416792825137,-0.12048784610677021,0.620889440859168
1307,-0.92241679277809,-0.12048784655543536,0.620889440859168
1308,-1.0641873805156463,0.003006256454529819,0.527864157183544
1309,-1.0641873805153503,0.0030062560058485245,0.5278641571839324
1310,-1.0641873805156463,0.003006256454529819,0.527864157183544
1311,-0.9742029390983946,-0.04131922460670632,0.5962092635573766
1312,-0.9742029390980987,-0.04131922505538761,0.5962092635577652
1313,-0.9742029390978029,-0.04131922460669018,0.5962092635573766
1314,-0.9742029390980987,-0.0413192246067386,0.5962092635577652
1315,-0.9742029391448499,-0.04131922505535533,0.5962092635573766
1316,-0.9742029390980987,-0.0413192246067386,0.5962092635577652
1317,-0.9742029390983946,-0.04131922505538761,0.5962092635573766
1318,-0.9742029390980987,-0.04131922460670632,0.5962092635577652
1319,-0.9742029390978029,-0.04131922460672246,0.5962092635573766
1320,-0.9742029390983946,-0.04131922505537147,0.5962092635573766
1321,-0.9742029390978029,-0.04131922460672246,0.5962092635577652
1322,-0.9742029391448499,-0.04131922505535533,0.5962092635573766
1323,-0.9742029390980987,-0.04131922460670632,0.5962092635577652
1324,-0.9742029390980987,-0.0413192246067386,0.5962092635573766
1325,-0.9742029390980987,-0.04131922505538761,0.5962092635577652
1326,-0.9742029390983946,-0.04131922460670632,0.5962092635573766
1327,-0.7993264097235144,0.02417733542661392,0.9184076221773732
1328,-0.7993264097238103,0.02417733542659778,0.9184076221773732
1329,-0.7993264097238103,0.02417733542663006,0.9184076221773732
1330,-0.7993264096770591,0.02417733542659778,0.9184076221769847
1331,-0.7993264097241062,0.02417733542659778,0.9184076221773732
1332,-0.7993264097241062,0.02417733542661392,0.9184076221773732
1333,-0.7993264097235144,0.02417733542661392,0.9184076221773732
1334,-0.7237709603408048,-0.28355110993672134,0.6889633364937364
1335,-0.7237709603872601,-0.2835511099366891,0.688963336493348
1336,-0.7237709603405089,-0.2835511099367375,0.6889633364937364
1337,-0.7237709603405089,-0.28355110993672134,0.688963336493348
1338,-0.7237709603408048,-0.28355110993670524,0.6889633364937364
1339,-0.7237709603869642,-0.28355110993672134,0.688963336493348
1340,-0.7237709603408048,-0.28355110993672134,0.6889633364937364
1341,-0.706771284743473,0.2510037537113573,0.6840815431811533
1342,-0.7067712846970178,0.2510037537113896,0.6840815431811533
1343,-0.7067712847440648,0.2510037537113573,0.6840815431811533
1344,-0.7067712846967218,0.2510037541600386,0.6840815431807649
1345,-0.7067712847437689,0.2510037537113896,0.6840815431811533
1346,-0.7067712846967218,0.2510037537113573,0.6840815431811533
1347,-0.7067712847437689,0.2510037537113573,0.6840815431811533
1348,-0.7694825180013437,0.3470266398417538,0.9652728379766171
1349,-0.769482518047799,0.3470266398417215,0.9652728379766171
1350,-0.7694825180013437,0.34702664029041896,0.9652728379766171
1351,-0.7694825180483907,0.3470266398417538,0.9652728379766171
1352,-0.7694825180010478,0.3470266398417215,0.9652728379766171
1353,-1.0220717459989435,0.05240438831398054,0.07223011469093739
1354,-1.0220717459989435,0.05240438876266183,0.07223011469093739
1355,-1.0220717459521922,0.0524043883139644,0.07223011469132588
1356,-1.0220717459992392,0.05240438876262955,0.07223011469093739
1357,-1.0220717459989435,0.05240438831399668,0.07223011469093739
1358,-1.0220717459989435,0.05240438831398054,0.07223011469093739
1359,-1.0220717459524882,0.05240438876266183,0.07223011469132588
1360,-1.0220717459989435,0.0524043883139644,0.07223011469093739
1361,-1.0220717459989435,0.05240438876266183,0.07223011469093739
1362,-1.0220717459995352,0.05240438831398054,0.07223011469093739
1363,-1.0220717459986475,0.0524043883139644,0.07223011469093739
1364,-1.022071745952784,0.05240438876266183,0.07223011469132588
1365,-1.0220717459986475,0.0524043883139644,0.07223011469093739
1366,-1.0220717459995352,0.05240438831401282,0.07223011469093739
1367,-1.0220717459983517,0.05240438876262955,0.07223011469093739
1368,-1.022071745952784,0.0524043883139644,0.07223011469132588
1369,-1.0220717459986475,0.05240438876266183,0.07223011469093739
1370,-1.0220717459995352,0.05240438831399668,0.07223011469093739
1371,-1.0835442645294906,0.08955653969695265,0.07759051519084584
1372,-1.0835442644827395,0.08955653969698493,0.07759051519084584
1373,-1.0835442645297866,0.08955653969698493,0.07759051519123433
1374,-1.0835442644827395,0.08955653969695265,0.07759051519084584
1375,-1.0835442645297866,0.08955653969698493,0.07759051519084584
1376,-1.0835442645294906,0.08955653969696879,0.07759051519084584
1377,-1.0835442644827395,0.08955653969698493,0.07759051519084584
1378,-1.0835442645297866,0.08955653969695265,0.07759051519084584
1379,-1.0835442644830353,0.08955654014563395,0.07759051519123433
1380,-1.0835442645294906,0.08955653969698493,0.07759051519084584
1381,-1.0835442644830353,0.08955653969698493,0.07759051519084584
1382,-1.0835442645291946,0.08955653969695265,0.07759051519084584
1383,-1.0835442645297866,0.08955653969698493,0.07759051519084584
1384,-1.0835442644830353,0.08955653969695265,0.07759051519084584
1385,-1.0835442645294906,0.08955653969698493,0.07759051519123433
1386,-1.0835442644830353,0.08955653969696879,0.07759051519084584
1387,-1.0835442645294906,0.08955653969698493,0.07759051519084584
1388,-0.9638461772368546,0.032645135480447854,0.47318807208455543
1389,-0.9638461772365587,0.03264513592916143,0.47318807208455543
1390,-0.9638461772368546,0.032645135480447854,0.47318807208455543
1391,-0.9638461772368546,0.032645135480480134,0.47318807208455543
1392,-0.9638461771898076,0.032645135480447854,0.47318807208455543
1393,-0.9638461772365587,0.03264513592914529,0.47318807208455543
1394,-0.9638461772368546,0.032645135480463994,0.47318807208455543
1395,-0.9638461772368546,0.032645135480463994,0.47318807208455543
1396,-0.9638461772365587,0.03264513592912915,0.47318807208455543
1397,-0.9638461772368546,0.032645135480480134,0.47318807208455543
1398,-0.8331682035750039,-0.09358419862885164,-0.42896733205089105
1399,-0.8331682035750039,-0.09358419862880323,-0.42896733205089105
1400,-0.8331682035752997,-0.09358419907750065,-0.42896733205089105
1401,-0.833168203574708,-0.0935841986288355,-0.42896733205089105
1402,-0.9152548680649392,-0.00294737666099574,0.805516151827725
1403,-0.9152548680652351,-0.002947377109644755,0.805516151827725
1404,-0.9152548680646433,-0.0029473766609796003,0.8055161518273364
1405,-0.9152548680646433,-0.002947376660963461,0.805516151827725
1406,-0.9152548680646433,-0.0029473766609796003,0.805516151827725
1407,-0.9152548680649392,-0.00294737666099574,0.8055161518273364
1408,-0.9152548680646433,-0.002947377109644755,0.805516151827725
1409,-0.9152548680649392,-0.0029473766609796003,0.805516151827725
1410,-0.8293537018816535,-0.13297305029106102,0.8643323731783352
1411,-0.8293537019281088,-0.13297304984239586,0.8643323731779466
1412,-0.8293537018810617,-0.13297305029106102,0.8643323731783352
1413,-0.8293537018816535,-0.13297304984242814,0.8643323731779466
1414,-0.8293537019281088,-0.13297305029106102,0.8643323731783352
1415,-0.8293537018813576,-0.13297304984239586,0.8643323731783352
1416,-0.8293537018813576,-0.13297305029106102,0.8643323731779466
1417,-0.8293537018816535,-0.13297304984242814,0.8643323731783352
1418,-0.8293537019281088,-0.13297305029106102,0.8643323731783352
1419,-0.8293537018813576,-0.13297304984239586,0.8643323731779466
1420,-0.8293537018813576,-0.13297305029106102,0.8643323731783352
1421,-0.8293537019284046,-0.13297304984239586,0.8643323731779466
1422,-0.8293537018813576,-0.13297305029106102,0.8643323731783352
1423,-0.7601925384729352,-0.037298660109453666,0.7381567921801914
1424,-0.7601925384729352,-0.037298660109437526,0.7381567921801914
1425,-0.7601925384729352,-0.037298660109437526,0.7381567921801914
1426,-0.7601925384726393,-0.03729865966077237,0.7381567921805798
1427,-0.7601925384729352,-0.037298660109437526,0.7381567921801914
1428,-0.7601925384726393,-0.037298660109437526,0.7381567921801914
1429,-0.7601925385196864,-0.037298660109421386,0.7381567921801914
1430,-0.7601925384729352,-0.037298660109437526,0.7381567921801914
1431,-0.7601925384729352,-0.037298660109437526,0.7381567921801914
1432,-0.7601925384729352,-0.03729865966077237,0.7381567921805798
1433,-0.7601925384729352,-0.037298660109437526,0.7381567921801914
1434,-0.7601925384729352,-0.037298660109437526,0.7381567921801914
1435,-0.7601925384726393,-0.037298660109421386,0.7381567921801914
1436,-0.9422503319376254,0.10356211677618933,1.6213858591660328
1437,-0.997617258055817,0.1459072628014125,-0.1214143533682553
1438,-0.997617258056113,0.1459072632501261,-0.1214143533686438
1439,-0.9976172580096577,0.14590726280146094,-0.1214143533682553
1440,-0.997617258055817,0.14590726325009382,-0.1214143533682553
1441,-0.997617258055817,0.14590726280146094,-0.1214143533682553
1442,-0.9976172580093619,0.14590726280146094,-0.1214143533682553
1443,-0.997617258056113,0.14590726325009382,-0.1214143533686438
1444,-0.997617258055817,0.14590726280142866,-0.1214143533682553
1445,-0.997617258056113,0.14590726280146094,-0.1214143533682553
1446,-0.997617258055817,0.14590726325009382,-0.1214143533686438
1447,-0.9976172580090659,0.14590726280146094,-0.1214143533682553
1448,-0.9976172580564089,0.14590726280146094,-0.1214143533682553
1449,-0.997617258055817,0.14590726325009382,-0.1214143533682553
1450,-0.9976172580093619,0.14590726280146094,-0.1214143533682553
1451,-0.997617258055817,0.14590726325009382,-0.1214143533686438
1452,-0.9976172580564089,0.14590726280142866,-0.1214143533682553
1453,-0.8563066092427314,0.37575841910653823,0.5693594003391407
1454,-0.8563066092427314,0.37575841955518724,0.5693594003395293
1455,-0.8563066092433231,0.37575841910653823,0.5693594003391407
1456,-0.8563066091959802,0.37575841910653823,0.5693594003391407
1457,-0.8563066092427314,0.3757584191065221,0.5693594003391407
1458,-0.8563066092430273,0.37575841955518724,0.5693594003395293
1459,-0.8563066092427314,0.3757584191065221,0.5693594003391407
1460,-0.8563066092430273,0.37575841910653823,0.5693594003391407
1461,-0.8563066092433231,0.3757584195551711,0.5693594003395293
1462,-0.8563066092427314,0.3757584191065544,0.5693594003391407
1463,-0.8563066091959802,0.3757584191065059,0.5693594003391407
1464,-0.8563066092430273,0.37575841910653823,0.5693594003391407
1465,-0.8563066092427314,0.37575841955518724,0.5693594003395293
1466,-0.8563066092430273,0.37575841910653823,0.5693594003391407
1467,-0.5358923570175623,0.7344454808478371,0.9652728379766171
1468,-0.5358923570175623,0.7344454803991881,0.9652728379766171
1469,-0.5358923570643135,0.7344454808478371,0.9652728379762286
1470,-0.5358923570178582,0.7344454803992204,0.9652728379766171
1471,-0.5358923570175623,0.7344454808478371,0.9652728379766171
1472,-0.15851922962384768,0.7828896153275882,0.3670521421862905
1473,-0.1585192296232559,0.7828896148789231,0.3670521421862905
1474,-0.15851922957680062,0.7828896153275882,0.3670521421862905
1475,-0.15851922962384768,0.7828896148789068,0.3670521421862905
1476,-0.15851922962355178,0.7828896153275882,0.3670521421862905
1477,-0.15851922962355178,0.7828896148789231,0.3670521421862905
1478,-0.15851922957680062,0.7828896153275882,0.3670521421862905
1479,-0.15851922962384768,0.7828896148789392,0.3670521421862905
1480,-0.15851922962355178,0.7828896153275882,0.36705214218590204
1481,-0.15851922962384768,0.7828896148789068,0.3670521421862905
1482,-0.15851922957680062,0.7828896153276043,0.3670521421862905
1483,-0.15851922962355178,0.7828896148789231,0.3670521421862905
1484,-0.15851922962355178,0.7828896153275721,0.3670521421862905
1485,-0.15851922962384768,0.7828896148789231,0.3670521421862905
1486,-0.15851922957680062,0.7828896153275882,0.3670521421862905
1487,-0.15851922962355178,0.7828896148789392,0.3670521421862905
1488,-0.15851922962384768,0.7828896153275882,0.3670521421862905
1489,-0.07372655814638007,0.7886296980049143,0.4958273885708584
1490,-0.0737265581457883,0.7886296984535796,0.4958273885708584
1491,-0.07372655809992482,0.7886296980048982,0.4958273885708584
1492,-0.07372655814638007,0.7886296984535472,0.4958273885708584
1493,-0.07372655814608418,0.7886296980048982,0.4958273885708584
1494,-0.07372655814638007,0.7886296980049305,0.4958273885708584
1495,-0.07372655814638007,0.7886296984535796,0.4958273885708584
1496,-0.07372655814638007,0.7886296980048982,0.4958273885708584
1497,-0.07372655809992482,0.7886296980048982,0.4958273885712469
1498,-0.07372655814608418,0.7886296984535796,0.4958273885708584
1499,-0.07372655814608418,0.7886296980049305,0.4958273885708584
1500,-0.07372655814667597,0.7886296980048982,0.4958273885708584
1501,-0.07372655814608418,0.7886296984535796,0.4958273885708584
1502,-0.07372655809962891,0.7886296980048982,0.4958273885708584
1503,-0.07372655814638007,0.7886296984535796,0.4958273885708584
1504,-0.07372655814638007,0.7886296980048982,0.4958273885708584
1505,-0.4932878291996036,0.7132760251306426,0.527864157183544
1506,-0.49328782915285246,0.7132760251306103,0.5278641571839324
1507,-0.4932878291996036,0.7132760255792916,0.527864157183544
1508,-0.49328782915285246,0.7132760251306103,0.527864157183544
1509,-0.49328782919989955,0.7132760251306426,0.527864157183544
1510,-0.49328782919930775,0.7132760251306103,0.5278641571839324
1511,-0.49328782915344427,0.7132760251306103,0.527864157183544
1512,-0.4932878291990119,0.7132760255792916,0.527864157183544
1513,-0.49328782915344427,0.7132760251306103,0.527864157183544
1514,-0.49328782919930775,0.7132760251306103,0.5278641571839324
1515,-0.49328782919989955,0.7132760251306103,0.527864157183544
1516,-0.49328782915285246,0.7132760251306749,0.527864157183544
1517,-0.4932878291996036,0.7132760255792593,0.527864157183544
1518,-0.4932878291531484,0.7132760251306426,0.5278641571839324
1519,-0.49328782919930775,0.7132760251306103,0.527864157183544
1520,-0.788727141701631,0.5231531498985668,0.163356923189381
1521,-0.788727141701927,0.5231531498985991,0.1633569231897695
1522,-0.7887271417480863,0.5231531498985991,0.163356923189381
1523,-0.788727141701927,0.5231531494499178,0.1633569231897695
1524,-0.788727141701631,0.5231531498985668,0.163356923189381
1525,-0.788727141701927,0.5231531498985668,0.1633569231897695
1526,-0.7887271417483822,0.5231531498986314,0.163356923189381
1527,-0.788727141701927,0.5231531498985668,0.1633569231897695
1528,-0.7887271417013352,0.5231531494499178,0.163356923189381
1529,-0.788727141701927,0.5231531498985991,0.163356923189381
1530,-0.788727141701631,0.5231531498985991,0.1633569231897695
1531,-0.7887271417486782,0.5231531498985668,0.163356923189381
1532,-0.7887271417013352,0.5231531498985668,0.1633569231897695
1533,-0.788727141701631,0.5231531498985991,0.163356923189381
1534,-0.788727141701927,0.5231531498985668,0.1633569231897695
1535,-0.7887271417483822,0.5231531494499178,0.163356923189381
1536,-0.788727141701631,0.5231531498985991,0.1633569231897695
1537,-0.788727141701631,0.5231531498985991,0.163356923189381
1538,-0.8097146830821542,0.404867525264594,0.44975546418493345
1539,-0.8097146830351072,0.4048675257132108,0.44975546418493345
1540,-0.8097146830818583,0.40486752526456177,0.44975546418493345
1541,-0.8097146830815624,0.404867525713243,0.44975546418493345
1542,-0.8097146830815624,0.404867525264594,0.44975546418493345
1543,-0.8097146830354031,0.404867525713243,0.44975546418493345
1544,-0.8097146830815624,0.40486752526456177,0.44975546418493345
1545,-0.8097146830818583,0.40486752526456177,0.449755464184545
1546,-0.8097146830351072,0.404867525713243,0.44975546418493345
1547,-0.8097146830818583,0.404867525264594,0.44975546418493345
1548,-0.8097146830818583,0.404867525713243,0.44975546418493345
1549,-0.8097146830812665,0.40486752526456177,0.44975546418493345
1550,-0.8097146830356989,0.40486752571327533,0.44975546418493345
1551,-0.8097146830812665,0.40486752526456177,0.44975546418493345
1552,-0.9532675204264265,-0.26956326886852916,0.8012445826792632
1553,-0.9532675204725859,-0.26956326886852916,0.8012445826792632
1554,-0.9532675204258347,-0.26956326886849685,0.8012445826792632
1555,-0.9532675204261306,-0.26956326886849685,0.8012445826792632
1556,-0.5343694943230529,-0.37902392668090046,0.8789094762858913
1557,-0.5343694942768935,-0.3790239271294849,0.8789094762858913
1558,-0.5343694943233488,-0.3790239266808682,0.8789094762858913
1559,-0.5343694943236447,-0.3790239271294849,0.8789094762858913
1560,-0.5343694943233488,-0.3790239266808682,0.8789094762858913
1561,-0.5343694942763018,-0.3790239271294849,0.8789094762862798
1562,-0.5343694943233488,-0.3790239266808682,0.8789094762858913
1563,-0.5343694943236447,-0.3790239271295172,0.8789094762858913
1564,-0.5343694943233488,-0.3790239266808359,0.8789094762858913
1565,-0.5343694942765976,-0.3790239271295172,0.8789094762858913
1566,-0.5343694943230529,-0.3790239266808682,0.8789094762858913
1567,-0.4420157277574314,-0.2254581318676215,0.8012445826792632
1568,-0.44201572780447845,-0.2254581318676538,0.8012445826792632
1569,-0.4420157277574314,-0.2254581318676538,0.8012445826792632
1570,-0.4420157277577273,-0.2254581318676538,0.8012445826788748
1571,-0.44201572780447845,-0.2254581318676215,0.8012445826792632
1572,-0.4420157277574314,-0.2254581318676538,0.8012445826792632
1573,-0.8673253000403681,0.19089417131401992,0.39117394443587855
1574,-0.8673253000868234,0.19089417086530636,0.39117394443587855
1575,-0.8673253000871193,0.19089417086533864,0.39117394443587855
1576,-0.8673253000403681,0.19089417131398764,0.39117394443587855
1577,-0.9833850249466276,0.11503316713755675,-0.2922771193032256
1578,-0.9833850249933788,0.11503316713752447,-0.29227711930283706
1579,-0.9833850249460359,0.11503316713758903,-0.2922771193032256
1580,-0.9833850249466276,0.11503316758617349,-0.2922771193032256
1581,-0.9833850249933788,0.11503316713758903,-0.29227711930283706
1582,-0.9833850249466276,0.11503316713752447,-0.2922771193032256
1583,-0.6513646563044612,-0.3868831748588289,1.0746250081749826
1584,-0.65136465625771,-0.38688317530741334,1.074625008174594
1585,-0.6513646563044612,-0.38688317485876433,1.0746250081749826
1586,-0.8418606950321363,-0.01816362010657697,0.163356923189381
1587,-0.8418606950324322,-0.01816362010654469,0.1633569231897695
1588,-0.8418606950321363,-0.01816362010654469,0.163356923189381
1589,-0.8418606950321363,-0.01816362010657697,0.1633569231897695
1590,-0.8418606950324322,-0.01816362010654469,0.163356923189381
1591,-0.8418606950318404,-0.01816362010654469,0.1633569231897695
1592,-0.8418606950321363,-0.01816362010654469,0.163356923189381
1593,-0.8418606950324322,-0.01816362010654469,0.1633569231897695
1594,-0.8418606950318404,-0.01816362010654469,0.163356923189381
1595,-0.7985023787836332,0.005856451954619679,0.8669610311155214
1596,-0.7985023787836332,0.005856452403300973,0.8669610311159098
1597,-0.798502378783929,0.005856451954684237,0.8669610311155214
1598,-0.7985023787833373,0.005856451954619679,0.8669610311159098
1599,-0.7985023787836332,0.005856452403300973,0.8669610311155214
1600,-0.7985023787836332,0.0058564519546519585,0.8669610311155214
1601,-0.7985023787371779,0.005856451954684237,0.8669610311159098
1602,-0.7985023787836332,0.005856451954619679,0.8669610311155214
1603,-0.7985023787833373,0.005856452403300973,0.8669610311155214
1604,-0.7985023787836332,0.0058564519546519585,0.8669610311159098
1605,-0.798502378783929,0.005856451954684237,0.8669610311155214
1606,-0.7985023787833373,0.0058564524032686935,0.8669610311159098
1607,-0.7985023787836332,0.005856451954619679,0.8669610311155214
1608,-0.8188438260425833,0.07873170404441837,0.35963004918653685
1609,-0.8188438260422874,0.07873170449303511,0.3596300491861483
1610,-0.8188438260890386,0.07873170404438609,0.35963004918653685
1611,-0.8188438260422874,0.07873170449303511,0.3596300491861483
1612,-0.8188438260422874,0.07873170404438609,0.35963004918653685
1613,-0.8188438260425833,0.07873170449300283,0.3596300491861483
1614,-0.8188438260890386,0.07873170404441837,0.35963004918653685
1615,-0.8188438260422874,0.07873170449303511,0.3596300491861483
1616,-0.8188438260422874,0.07873170404435381,0.35963004918653685
1617,-0.8188438260425833,0.07873170449306739,0.3596300491861483
1618,-0.8188438260890386,0.07873170404435381,0.35963004918653685
1619,-0.8188438260422874,0.07873170449303511,0.3596300491861483
1620,-0.8188438260425833,0.07873170404435381,0.35963004918653685
1621,-0.9890359438006294,0.1634138004076206,0.611981211182436
1622,-0.9890359438006294,0.16341379995900387,0.6119812111820475
1623,-0.9890359438473806,0.1634138004076206,0.611981211182436
1624,-0.9890359438000377,0.1634138004076206,0.611981211182436
1625,-0.9890359438006294,0.1634137999589716,0.6119812111820475
1626,-0.9890359438003336,0.16341380040758832,0.611981211182436
1627,-0.9890359438473806,0.1634138004076206,0.611981211182436
1628,-0.9890359438006294,0.16341380040765288,0.611981211182436
1629,-0.9890359438003336,0.16341379995893932,0.6119812111820475
1630,-0.9890359438006294,0.1634138004076206,0.611981211182436
1631,-0.9890359438470847,0.1634138004076206,0.611981211182436
1632,-0.9890359438006294,0.1634137999589716,0.6119812111820475
1633,-0.9890359438006294,0.1634138004076206,0.611981211182436
1634,-0.9265487679333534,-0.034372661568497005,0.5983450481316075
1635,-0.9265487679333534,-0.03437266201721058,0.598345048131996
1636,-0.9265487679798087,-0.034372661568529285,0.5983450481316075
1637,-0.9265487679333534,-0.03437266201721058,0.5983450481316075
1638,-0.9265487679330575,-0.034372661568497005,0.598345048131996
1639,-0.9265487679801045,-0.03437266201721058,0.5983450481316075
1640,-0.9265487679333534,-0.034372661568497005,0.5983450481316075
1641,-0.9265487679333534,-0.034372661568529285,0.598345048131996
1642,-0.9265487679336493,-0.03437266201721058,0.5983450481316075
1643,-0.9265487679333534,-0.034372661568497005,0.5983450481316075
1644,-0.9265487679801045,-0.03437266201721058,0.5983450481316075
1645,-0.9265487679330575,-0.034372661568529285,0.598345048131996
1646,-0.9265487679333534,-0.03437266201714602,0.5983450481316075
1647,-0.9265487679798087,-0.034372661568561565,0.5983450481316075
1648,-0.9265487679333534,-0.0343726620171783,0.598345048131996
1649,-0.9265487679333534,-0.034372661568529285,0.5983450481316075
1650,-0.779516731392257,-0.06783334969287942,0.4858056301842921
1651,-0.7795167313452099,-0.06783335014156071,0.4858056301842921
1652,-0.7795167313925528,-0.06783334969287942,0.4858056301842921
1653,-0.7795167313452099,-0.06783335014156071,0.4858056301842921
1654,-0.7795167313925528,-0.06783334969284714,0.4858056301842921
1655,-0.7795167313919611,-0.06783334969294398,0.4858056301842921
1656,-0.7795167313455058,-0.06783335014152843,0.48580563018468065
1657,-0.7795167313919611,-0.06783334969287942,0.4858056301842921
1658,-0.779516731392257,-0.06783334969287942,0.4858056301842921
1659,-0.7795167313455058,-0.06783335014156071,0.4858056301842921
1660,-0.779516731392257,-0.06783334969287942,0.4858056301842921
1661,-0.7795167313452099,-0.06783335014152843,0.4858056301842921
1662,-0.7795167313925528,-0.06783334969287942,0.4858056301842921
1663,-0.9778025971846077,-0.05521195631029538,0.418511986985567
1664,-0.9778025971854953,-0.055211955861549526,0.41851198698517855
1665,-0.9778025972319506,-0.05521195631023082,0.418511986985567
1666,-0.9778025971851995,-0.055211955861581806,0.41851198698517855
1667,-0.9778025971851995,-0.05521195631019854,0.418511986985567
1668,-0.9778025971851995,-0.05521195631023082,0.418511986985567
1669,-0.9778025971849036,-0.055211955861581806,0.41851198698517855
1670,-0.9778025972319506,-0.05521195631023082,0.418511986985567
1671,-0.9778025971849036,-0.055211955861614086,0.41851198698517855
1672,-0.9778025971854953,-0.05521195631019854,0.418511986985567
1673,-0.9778025971846077,-0.05521195631023082,0.418511986985567
1674,-0.9778025971854953,-0.055211955861581806,0.41851198698517855
1675,-0.9778025972316547,-0.05521195631023082,0.418511986985567
1676,-0.9778025971851995,-0.055211955861549526,0.41851198698517855
1677,-0.9778025971854953,-0.05521195631023082,0.418511986985567
1678,-0.7598958814310666,-0.5414717615618084,0.08362096575324283
1679,-0.7598958813846113,-0.5414717615617761,0.08362096575324283
1680,-0.7598958814313624,-0.5414717615617761,0.08362096575363133
1681,-0.7598958814313624,-0.5414717611130948,0.08362096575324283
1682,-0.7598958813846113,-0.5414717615617761,0.08362096575324283
1683,-0.7598958814310666,-0.5414717615617761,0.08362096575363133
1684,-0.7598958813846113,-0.5414717615617761,0.08362096575324283
1685,-0.7598958814313624,-0.5414717615617761,0.08362096575324283
1686,-0.7598958814313624,-0.5414717615617761,0.08362096575324283
1687,-0.7598958813846113,-0.5414717615617438,0.08362096575324283
1688,-0.7598958814310666,-0.5414717615617761,0.08362096575363133
1689,-0.7598958813846113,-0.5414717615617761,0.08362096575324283
1690,-0.7598958814313624,-0.5414717611131271,0.08362096575324283
1691,-0.7598958814313624,-0.5414717615617761,0.08362096575363133
1692,-0.7598958813843154,-0.5414717615617438,0.08362096575324283
1693,-0.7598958814316584,-0.5414717615618084,0.08362096575324283
1694,-0.36194846488857985,-0.5255494435290291,0.748846667792425
1695,-0.361948464935331,-0.5255494435289968,0.7488466677928136
1696,-0.3619484648891716,-0.5255494435290291,0.748846667792425
1697,-0.36194846488857985,-0.5255494435289968,0.7488466677928136
1698,-0.3619484649356269,-0.5255494435290614,0.748846667792425
1699,-0.36194846488857985,-0.5255494435289968,0.748846667792425
1700,-0.3619484648891716,-0.5255494435290614,0.7488466677928136
1701,-0.361948464935331,-0.5255494430803155,0.748846667792425
1702,-0.3619484648888757,-0.5255494435290614,0.7488466677928136
1703,-0.36194846488857985,-0.5255494435289646,0.748846667792425
1704,-0.361948464935331,-0.5255494435290614,0.748846667792425
1705,-0.3619484648891716,-0.5255494435289968,0.7488466677928136
1706,-0.36194846488857985,-0.5255494435290291,0.748846667792425
1707,-0.3619484649356269,-0.5255494435290291,0.7488466677928136
1708,-0.36194846488857985,-0.5255494435289968,0.748846667792425
1709,-0.06518753961803196,-0.40922962360159776,0.7101177741808197
1710,-0.06518753961832785,-0.40922962315291644,0.7101177741808197
1711,-0.06518753961832785,-0.40922962360156545,0.7101177741804311
1712,-0.06518753961803196,-0.4092296231528842,0.7101177741808197
1713,-0.06518753961832785,-0.40922962360156545,0.7101177741808197
1714,-0.06518753961832785,-0.40922962315291644,0.7101177741808197
1715,-0.06518753961803196,-0.40922962360159776,0.7101177741804311
1716,-0.06518753961832785,-0.4092296231528842,0.7101177741808197
1717,-0.06518753961803196,-0.40922962360156545,0.7101177741808197
1718,-0.028826684126914665,-0.6572479432072413,0.8012445826792632
1719,-0.028826684080459398,-0.6572479432072413,0.8012445826788748
1720,-0.028826684080459398,-0.6572479432072413,0.8012445826792632
1721,-0.028826684126914665,-0.6572479432072413,0.8012445826792632
1722,-0.3880256763746608,-0.7379594123688528,-0.42896733205089105
1723,-0.38802567637495666,-0.7379594128175018,-0.42896733205089105
1724,-0.3880256764211161,-0.7379594123688528,-0.42896733205089105
1725,-0.3880256763746608,-0.7379594123688367,-0.42896733205089105
1726,-0.4129668673908739,-0.7932922586628642,-1.0627128638813648
1727,-0.41296686739028216,-0.7932922586628804,-1.0627128638817531
1728,-0.41296686739057803,-0.7932922582141991,-1.0627128638813648
1729,-0.4129668673908739,-0.7932922586628481,-1.0627128638813648
1730,-0.41296686739057803,-0.7932922586628642,-1.0627128638817531
1731,-0.41296686739028216,-0.7932922586628804,-1.0627128638813648
1732,-0.41296686739028216,-0.7932922586628481,-1.0627128638817531
1733,-0.41296686739057803,-0.7932922586628642,-1.0627128638813648
1734,-0.4129668673908739,-0.7932922582141991,-1.0627128638813648
1735,-0.41296686739028216,-0.7932922586628481,-1.0627128638817531
1736,-0.41296686739028216,-0.7932922586628804,-1.0627128638813648
1737,-0.5460784911511515,-0.7214940698220993,-1.1162153461439674
1738,-0.5460784911508556,-0.7214940702707967,-1.1162153461439674
1739,-0.5460784911511515,-0.7214940698220993,-1.1162153461439674
1740,-0.5460784911508556,-0.7214940698221315,-1.1162153461439674
1741,-0.5460784911979026,-0.7214940702707805,-1.1162153461439674
1742,-0.5460784911508556,-0.7214940698220993,-1.1162153461439674
1743,-0.5460784911508556,-0.7214940698221315,-1.1162153461439674
1744,-0.5460784911511515,-0.7214940702707644,-1.1162153461439674
1745,-0.5460784911508556,-0.7214940698221315,-1.1162153461439674
1746,-0.5397108427626964,-0.7838299332484222,-1.6591792467810453
1747,-0.5397108428088558,-0.7838299336970873,-1.6591792467806568
1748,-0.5397108427624006,-0.7838299332484383,-1.6591792467810453
1749,-0.3904498697463464,-0.9179090447543353,-0.6772878852094607
1750,-0.3904498697460505,-0.9179090443056702,-0.6772878852090721
1751,-0.39044986969929935,-0.9179090447543676,-0.6772878852094607
1752,-0.3904498697463464,-0.9179090443056863,-0.6772878852094607
1753,-0.3904498697460505,-0.9179090447543353,-0.6772878852094607
1754,-0.3904498697460505,-0.9179090443056863,-0.6772878852090721
1755,-0.3904498697460505,-0.9179090447543192,-0.6772878852094607
1756,-0.39044986969929935,-0.9179090443056863,-0.6772878852094607
1757,-0.3904498697460505,-0.9179090447543515,-0.6772878852094607
1758,-0.3904498697460505,-0.9179090443056863,-0.6772878852090721
1759,-0.3904498697463464,-0.9179090447543353,-0.6772878852094607
1760,-0.3904498697457546,-0.9179090443056863,-0.6772878852094607
1761,-0.3904498696995952,-0.9179090447543515,-0.6772878852094607
1762,-0.3904498697460505,-0.9179090443056863,-0.6772878852090721
1763,-0.3904498697460505,-0.9179090447543192,-0.6772878852094607
1764,-0.2553991757595792,-0.9836488763134659,-0.7095419792701513
1765,-0.25539917571282805,-0.9836488763134497,-0.7095419792697628
1766,-0.2553991757598751,-0.9836488763134336,-0.7095419792701513
1767,-0.2553991757595792,-0.9836488763134497,-0.7095419792701513
1768,-0.25539917575928334,-0.9836488763134497,-0.7095419792697628
1769,-0.2553991757131239,-0.9836488763134659,-0.7095419792701513
1770,-0.25539917575928334,-0.9836488763134497,-0.7095419792701513
1771,-0.2553991757598751,-0.9836488763134497,-0.7095419792697628
1772,-0.2553991757595792,-0.9836488763134336,-0.7095419792701513
1773,-0.2553991757125322,-0.9836488767621149,-0.7095419792701513
1774,-0.2553991757598751,-0.9836488763134336,-0.7095419792701513
1775,-0.2553991757595792,-0.9836488763134659,-0.7095419792697628
1776,-0.2553991757595792,-0.9836488763134497,-0.7095419792701513
1777,-0.2553991757125322,-0.9836488763134336,-0.7095419792701513
1778,-0.2553991757598751,-0.9836488763134497,-0.7095419792697628
1779,-0.2553991757595792,-0.9836488763134497,-0.7095419792701513
1780,-0.25539917575928334,-0.9836488763134659,-0.7095419792701513
1781,-0.2553991757131239,-0.9836488763134497,-0.7095419792697628
1782,-0.2553991757595792,-0.9836488763134497,-0.7095419792701513
1783,-0.208555701423693,-0.927560277462552,-0.3083583208029509
1784,-0.2085557014233971,-0.9275602779112172,-0.3083583208025624
1785,-0.20855570147074007,-0.9275602774625682,-0.3083583208029509
1786,-0.20855570142310123,-0.927560277462552,-0.3083583208029509
1787,-0.2085557014239889,-0.9275602774625682,-0.3083583208025624
1788,-0.208555701423693,-0.9275602779112172,-0.3083583208029509
1789,-0.208555701423693,-0.9275602774625682,-0.3083583208029509
1790,-0.2085557014233971,-0.927560277462552,-0.3083583208025624
1791,-0.20855570147044417,-0.9275602779112333,-0.3083583208029509
1792,-0.2085557014239889,-0.927560277462552,-0.3083583208025624
1793,-0.208555701423693,-0.9275602774625682,-0.3083583208029509
1794,-0.2085557014233971,-0.9275602779112011,-0.3083583208029509
1795,-0.208555701423693,-0.9275602774625682,-0.3083583208025624
1796,-0.208555701423693,-0.9275602774625843,-0.3083583208029509
1797,-0.20855570147044417,-0.927560277462552,-0.3083583208029509
1798,-0.208555701423693,-0.9275602779112172,-0.3083583208025624
1799,-0.208555701423693,-0.9275602774625682,-0.3083583208029509
1800,-0.25852299220281105,-0.9207315542923615,-0.5679357150110952
1801,-0.2585229921563558,-0.9207315547410267,-0.5679357150110952
1802,-0.258522992203107,-0.9207315542923615,-0.5679357150110952
1803,-0.2585229921563558,-0.9207315542923454,-0.5679357150114838
1804,-0.25852299220281105,-0.9207315542923696,-0.5679357150110952
1805,-0.2585229921563558,-0.9207315547410186,-0.5679357150110952
1806,-0.258522992203107,-0.9207315542923776,-0.5679357150110952
1807,-0.2585229921563558,-0.9207315542923615,-0.5679357150110952
1808,-0.258522992203107,-0.9207315542923615,-0.5679357150110952
1809,-0.2585229921560599,-0.9207315547410186,-0.5679357150110952
1810,-0.258522992203107,-0.9207315542923696,-0.5679357150110952
1811,-0.2585229921563558,-0.9207315542923454,-0.5679357150114838
1812,-0.258522992203107,-0.9207315542923776,-0.5679357150110952
1813,-0.2585229921563558,-0.9207315547410186,-0.5679357150110952
1814,-0.258522992203107,-0.9207315542923696,-0.5679357150110952
1815,-0.41860129928334844,-0.9579344339600208,-0.3264496724901419
1816,-0.41860129928334844,-0.957934433960045,-0.32644967248975343
1817,-0.4186012993303955,-0.9579344339600208,-0.3264496724901419
1818,-0.41860129928394024,-0.9579344339600289,-0.3264496724901419
1819,-0.41860129928334844,-0.957934433960037,-0.32644967248975343
1820,-0.41860129928364437,-0.9579344339600208,-0.3264496724901419
1821,-0.41860129928334844,-0.957934433960045,-0.3264496724901419
1822,-0.41860129928394024,-0.9579344339600208,-0.3264496724901419
1823,-0.4186012993300996,-0.9579344335113718,-0.32644967248975343
1824,-0.41860129928334844,-0.9579344339600289,-0.3264496724901419
1825,-0.41860129928364437,-0.957934433960037,-0.3264496724901419
1826,-0.41860129928394024,-0.9579344339600289,-0.32644967248975343
1827,-0.41860129928334844,-0.9579344339600289,-0.3264496724901419
1828,-0.4186012993303955,-0.957934433960037,-0.3264496724901419
1829,-0.41860129928334844,-0.9579344339600289,-0.32644967248975343
1830,-0.41860129928394024,-0.9579344339600289,-0.3264496724901419
1831,-0.4437997510113823,-0.8886738321526324,-0.01889669380750623
1832,-0.4437997510116782,-0.8886738317039592,-0.01889669380750623
1833,-0.4437997510113823,-0.8886738321526243,-0.01889669380750623
1834,-0.4437997509655188,-0.8886738317039753,-0.01889669380750623
1835,-0.4437997510113823,-0.8886738321526243,-0.01889669380750623
1836,-0.4437997510113823,-0.8886738317039592,-0.01889669380750623
1837,-0.4437997510116782,-0.8886738321526324,-0.01889669380750623
1838,-0.44379975101197405,-0.8886738321526324,-0.01889669380750623
1839,-0.4437997510113823,-0.8886738317039672,-0.01889669380750623
1840,-0.4437997510116782,-0.8886738321526243,-0.01889669380750623
1841,-0.4437997509652229,-0.8886738317039672,-0.01889669380750623
1842,-0.4437997510116782,-0.8886738321526243,-0.01889669380750623
1843,-0.4437997510116782,-0.8886738317039713,-0.01889669380750623
1844,-0.4437997510116782,-0.8886738321526243,-0.01889669380750623
1845,-0.4437997510116782,-0.8886738321526283,-0.01889669380750623
1846,-0.4437997510116782,-0.8886738317039632,-0.01889669380750623
1847,-0.4437997510116782,-0.8886738321526283,-0.01889669380750623
1848,-0.443799750964927,-0.8886738317039672,-0.01889669380750623
1849,-0.4437997510116782,-0.8886738321526283,-0.01889669380750623
1850,-0.4437997510116782,-0.8886738317039632,-0.01889669380750623
1851,-0.4437997510116782,-0.8886738321526283,-0.01889669380750623
1852,-0.5924164757081858,-0.828926948062358,-0.01889669380750623
1853,-0.5924164757084817,-0.8289269476136888,-0.01889669380750623
1854,-0.5924164757084817,-0.828926948062358,-0.01889669380750623
1855,-0.5924164757084817,-0.828926948062354,-0.01889669380750623
1856,-0.5924164756617305,-0.8289269476136929,-0.01889669380750623
1857,-0.5924164757081858,-0.8289269480623499,-0.01889669380750623
1858,-0.5924164757084817,-0.828926948062354,-0.01889669380750623
1859,-0.5924164757084817,-0.828926948062358,-0.01889669380750623
1860,-0.5924164757084817,-0.8289269476136929,-0.01889669380750623
1861,-0.5924164757081858,-0.828926948062354,-0.01889669380750623
1862,-0.5924164757087775,-0.8289269480623499,-0.01889669380750623
1863,-0.5924164756611388,-0.8289269476136949,-0.01889669380750623
1864,-0.5924164757084817,-0.828926948062354,-0.01889669380750623
1865,-0.5924164757084817,-0.828926948062354,-0.01889669380750623
1866,-0.5924164757084817,-0.8289269476136929,-0.01889669380750623
1867,-0.5924164757081858,-0.828926948062354,-0.01889669380750623
1868,-0.6771790341796359,-0.782568869709089,-0.487548851799946
1869,-0.6771790342260912,-0.782568869709089,-0.487548851799946
1870,-0.6771790341796359,-0.7825688692604278,-0.487548851799946
1871,-0.67717903417934,-0.782568869709089,-0.487548851799946
1872,-0.67717903417934,-0.7825688697090869,-0.487548851799946
1873,-0.6771790342260912,-0.782568869709091,-0.487548851799946
1874,-0.6771790341796359,-0.7825688692604278,-0.487548851799946
1875,-0.6771790341796359,-0.7825688697090879,-0.487548851799946
1876,-0.6771790342257953,-0.782568869709089,-0.487548851799946
1877,-0.67717903417934,-0.7825688697090879,-0.487548851799946
1878,-0.6771790341796359,-0.782568869709089,-0.487548851799946
1879,-0.6771790341796359,-0.7825688692604273,-0.487548851799946
1880,-0.6771790342260912,-0.7825688697090895,-0.487548851799946
1881,-0.6771790341790441,-0.782568869709089,-0.487548851799946
1882,-0.6487211970711012,-0.6966781533215102,-0.6750097149969219
1883,-0.6487211970708053,-0.6966781537701715,-0.6750097149969219
1884,-0.6487211971178524,-0.6966781533215106,-0.6750097149965334
1885,-0.6487211970708053,-0.6966781537701713,-0.6750097149969219
1886,-0.6487211970708053,-0.6966781533215106,-0.6750097149969219
1887,-0.5574539432969983,-0.7575020508594166,-0.27124785580340544
1888,-0.5574539432972941,-0.7575020513080771,-0.27124785580340544
1889,-0.5574539432502471,-0.7575020508594166,-0.27124785580340544
1890,-0.5574539432972941,-0.7575020513080771,-0.27124785580340544
1891,-0.5574539432969983,-0.757502050859416,-0.27124785580340544
1892,-0.5574539432972941,-0.7575020513080771,-0.27124785580340544
1893,-0.557453943250543,-0.757502050859417,-0.2712478558037939
1894,-0.5574539432969983,-0.7575020513080771,-0.27124785580340544
1895,-0.5574539432967023,-0.757502050859418,-0.27124785580340544
1896,-0.55745394329759,-0.7575020513080751,-0.27124785580340544
1897,-0.5574539432502471,-0.757502050859418,-0.27124785580340544
1898,-0.5574539432969983,-0.7575020513080771,-0.27124785580340544
1899,-0.5574539432972941,-0.757502050859416,-0.27124785580340544
1900,-0.6622538185503508,-0.6921943779301382,-0.21187111180421037
1901,-0.6622538185500549,-0.6921943779301403,-0.21187111180459886
1902,-0.6622538185500549,-0.6921943779301403,-0.21187111180421037
1903,-0.6622538185503508,-0.6921943779301382,-0.21187111180459886
1904,-0.6622538185503508,-0.6921943779301403,-0.21187111180421037
1905,-0.6622538185500549,-0.6921943779301362,-0.21187111180459886
1906,-0.6622538185503508,-0.6921943779301403,-0.21187111180421037
1907,-0.6622538185500549,-0.6921943779301403,-0.21187111180459886
1908,-0.662253818597102,-0.6921943783788014,-0.21187111180421037
1909,-0.6622538185500549,-0.6921943779301382,-0.21187111180459886
1910,-0.6622538185500549,-0.6921943779301423,-0.21187111180421037
1911,-0.6622538185503508,-0.6921943779301342,-0.21187111180459886
1912,-0.6622538185500549,-0.6921943779301423,-0.21187111180421037
1913,-0.6622538185500549,-0.6921943779301382,-0.21187111180459886
1914,-0.6622538185503508,-0.6921943779301382,-0.21187111180421037
1915,-0.6622538185503508,-0.6921943779301423,-0.21187111180459886
1916,-0.6622538185500549,-0.6921943779301382,-0.21187111180421037
1917,-0.05168955208245195,-0.009563226422180523,0.08362096575324283
1918,-0.051689552081860164,-0.009563225973515367,0.08362096575324283
1919,-0.051689552035109006,-0.009563226422180523,0.08362096575363133
1920,-0.05168955208215606,-0.009563226422180523,0.08362096575324283
1921,-0.051689552081860164,-0.009563225973515367,0.08362096575324283
1922,-0.05168955208245195,-0.009563226422180523,0.08362096575363133
1923,-0.051689552081860164,-0.009563225973515367,0.08362096575324283
1924,-0.051689552035109006,-0.009563226422180523,0.08362096575324283
1925,-0.05168955208215606,-0.009563226422176488,0.08362096575324283
1926,-0.05168955208215606,-0.009563225973515367,0.08362096575324283
1927,-0.05168955208215606,-0.009563226422180523,0.08362096575363133
1928,-0.05168955208156427,-0.009563225973515367,0.08362096575324283
1929,-0.05168955208215606,-0.009563226422180523,0.08362096575324283
1930,-0.0516895520354049,-0.009563226422180523,0.08362096575363133
1931,-0.05168955208215606,-0.009563225973515367,0.08362096575324283
1932,-0.05168955208215606,-0.009563226422180523,0.08362096575324283
1933,-0.36929343253365954,-0.049920539391759854,0.8012445826792632
1934,-0.3692934324869084,-0.049920539391759854,0.8012445826792632
1935,-0.8893623061045921,-0.15577255224689238,-0.42896733205089105
1936,-0.8893623061045921,-0.15577255269555754,-0.42896733205089105
1937,-0.8893623061513433,-0.15577255224689238,-0.42896733205089105
1938,-0.8893623061045921,-0.15577255224689643,-0.42896733205089105
1939,-0.8230066368232094,-0.40599527842304584,0.3456105401866567
1940,-0.8230066367767541,-0.4059952779743888,0.3456105401866567
1941,-0.8230066367761624,-0.40599527842304584,0.3456105401866567
1942,-0.8230066368232094,-0.40599527842304584,0.3456105401866567
1943,-0.8230066368232094,-0.40599527842304584,0.34561054018626824
1944,-0.8230066367764582,-0.4059952779743847,0.3456105401866567
1945,-0.8230066367761624,-0.40599527842304584,0.3456105401866567
1946,-0.8230066368232094,-0.4059952784230499,0.3456105401866567
1947,-0.8230066368232094,-0.4059952784230418,0.3456105401866567
1948,-0.8230066367764582,-0.4059952779743888,0.3456105401866567
1949,-0.8230066368235053,-0.40599527842304584,0.3456105401866567
1950,-0.8230066367764582,-0.4059952784230499,0.3456105401866567
1951,-0.8230066368229135,-0.4059952779743807,0.3456105401866567
1952,-0.8230066367764582,-0.4059952784230499,0.34561054018626824
1953,-0.8230066367767541,-0.4059952784230418,0.3456105401866567
1954,-0.8230066368229135,-0.4059952784230539,0.3456105401866567
1955,-0.8230066368232094,-0.4059952779743766,0.3456105401866567
1956,-0.8230066367764582,-0.4059952784230539,0.3456105401866567
1957,-0.673401411952909,-0.3750373231159455,0.44975546418493345
1958,-0.6734014119523173,-0.3750373235646147,0.44975546418493345
1959,-0.6734014119535008,-0.37503732356461067,0.44975546418493345
1960,-0.6734014119523173,-0.37503732311594956,0.44975546418493345
1961,-0.6734014119535008,-0.3750373231159536,0.44975546418493345
1962,-0.6734014119523173,-0.3750373235646067,0.44975546418493345
1963,-0.673401411952909,-0.37503732356461067,0.44975546418493345
1964,-0.6734014119996602,-0.3750373231159536,0.449755464184545
1965,-0.673401411952909,-0.3750373235646067,0.44975546418493345
1966,-0.673401411952909,-0.37503732311594956,0.44975546418493345
1967,-0.673401411952909,-0.3750373235646147,0.44975546418493345
1968,-0.673401411952909,-0.37503732311594956,0.44975546418493345
1969,-0.6734014119523173,-0.37503732311594956,0.44975546418493345
1970,-0.6734014119535008,-0.3750373235646147,0.44975546418493345
1971,-0.9232433484728728,-0.4032019282492679,-0.01889669380750623
1972,-0.9232433485202157,-0.4032019286979331,-0.01889669380750623
1973,-0.9232433484731687,-0.40320192824927603,-0.01889669380750623
1974,-0.9232433484734646,-0.4032019286979331,-0.01889669380750623
1975,-0.9232433485202157,-0.40320192824927603,-0.01889669380750623
1976,-0.9232433484734646,-0.4032019282492679,-0.01889669380750623
1977,-0.923243348519624,-0.4032019286979331,-0.01889669380750623
1978,-0.9232433484737604,-0.40320192824927603,-0.01889669380750623
1979,-0.9232433484731687,-0.4032019282492679,-0.01889669380750623
1980,-0.9232433485202157,-0.4032019286979331,-0.01889669380750623
1981,-0.9232433484728728,-0.40320192824927603,-0.01889669380750623
1982,-0.9232433485202157,-0.40320192824927603,-0.01889669380750623
1983,-0.9232433484734646,-0.4032019286979331,-0.01889669380750623
1984,-0.9232433484734646,-0.4032019282492679,-0.01889669380750623
1985,-0.9232433485199198,-0.4032019286979331,-0.01889669380750623
1986,-0.9232433484734646,-0.40320192824927603,-0.01889669380750623
1987,-0.7302068815368269,-0.45745153458074844,0.527864157183544
1988,-0.7302068815368269,-0.45745153413208334,0.527864157183544
1989,-0.7302068815368269,-0.45745153458074844,0.5278641571839324
1990,-0.7302068815365309,-0.45745153458074844,0.527864157183544
1991,-0.7302068814900757,-0.45745153413208334,0.527864157183544
1992,-0.7302068815368269,-0.4574515345807404,0.527864157183544
1993,-0.7302068815368269,-0.45745153458074844,0.5278641571839324
1994,-0.7302068815368269,-0.45745153413208334,0.527864157183544
1995,-0.7302068815368269,-0.45745153458074844,0.527864157183544
1996,0.026010809610748413,-0.6166369026713842,0.6146098691196221
1997,0.026010809656907784,-0.6166369031200413,0.6146098691200106
1998,0.02601080961045252,-0.6166369026713842,0.6146098691196221
1999,0.02601080965749957,-0.6166369031200494,0.6146098691200106
2000,0.026010809610156626,-0.6166369026713842,0.6146098691196221
2001,0.02601080961045252,-0.6166369031200413,0.6146098691196221
2002,0.02601080965749957,-0.6166369026713842,0.6146098691200106
2003,0.026010809610156626,-0.6166369031200413,0.6146098691196221
2004,0.026010809610748413,-0.6166369026713923,0.6146098691196221
2005,0.02601080965720368,-0.6166369031200413,0.6146098691200106
2006,0.026010809610156626,-0.6166369026713762,0.6146098691196221
2007,0.02601080965749957,-0.6166369031200575,0.6146098691200106
2008,0.026010809610156626,-0.6166369026713762,0.6146098691196221
2009,-0.8124780202797389,-0.43628095631414293,0.527864157183544
2010,-0.8124780202797389,-0.43628095676280004,0.527864157183544
2011,-0.8124780202800349,-0.43628095631415104,0.5278641571839324
2012,-0.812478020279443,-0.4362809563141349,0.527864157183544
2013,-0.8124780203267861,-0.43628095676280004,0.527864157183544
2014,-0.8124780202797389,-0.43628095631414293,0.527864157183544
2015,-0.8124780202797389,-0.43628095631414293,0.5278641571839324
2016,-0.8124780202797389,-0.43628095676279194,0.527864157183544
2017,-0.8124780202797389,-0.43628095631414293,0.527864157183544
2018,-0.2155878128436137,-0.7505296844399559,-0.22393201292939285
2019,-0.2155878128436137,-0.7505296839912666,-0.22393201292900436
2020,-0.2155878128436137,-0.7505296844399398,-0.22393201292900436
2021,-0.21558781289006895,-0.7505296839912746,-0.22393201292939285
2022,-0.2155878128436137,-0.7505296844399559,-0.22393201292939285
2023,-0.2155878128436137,-0.7505296844399236,-0.22393201292900436
2024,-0.2155878128436137,-0.7505296839912908,-0.22393201292900436
2025,-0.2155878128436137,-0.7505296844399398,-0.22393201292939285
2026,-0.11476978082823192,-0.6290202137393502,0.25448373168821314
2027,-0.1147697808285278,-0.6290202132906689,0.2544837316878246
2028,-0.11476978087498307,-0.6290202137393421,0.25448373168821314
2029,-0.11476978082823192,-0.6290202137393421,0.25448373168821314
2030,-0.1147697808285278,-0.6290202132906931,0.2544837316878246
2031,-0.11476978087527896,-0.6290202137393421,0.25448373168821314
2032,-0.11476978082823192,-0.629020213739334,0.25448373168821314
2033,-0.11476978082793603,-0.6290202132906931,0.2544837316878246
2034,-0.1147697808285278,-0.6290202137393421,0.25448373168821314
2035,-0.1147697808285278,-0.6290202137393421,0.25448373168821314
2036,-0.11476978087527896,-0.629020213290677,0.2544837316878246
2037,-0.1147697808285278,-0.6290202137393421,0.25448373168821314
2038,-1.0722665644047888,-0.20869776925574332,-1.6591792467810453
2039,-1.0722665644515401,-0.20869776970439233,-1.6591792467810453
2040,-0.8959728529036012,-0.3980563992301972,0.6189909656819875
2041,-0.895972852903897,-0.3980563992301649,0.618990965682376
2042,-0.8959728529503523,-0.39805639923018105,0.618990965682376
2043,-0.895972852903897,-0.3980563992301649,0.6189909656819875
2044,-0.895972852903897,-0.3980563992301972,0.6189909656819875
2045,-0.8959728529033053,-0.39805639923018105,0.618990965682376
2046,-0.8959728529506482,-0.39805639923018105,0.618990965682376
2047,-0.8959728529036012,-0.3980563992301649,0.6189909656819875
2048,-0.8959728529036012,-0.3980563992301649,0.6189909656819875
2049,-0.895972852903897,-0.3980563996788623,0.618990965682376
2050,-0.8959728529033053,-0.3980563992301649,0.618990965682376
2051,-0.8959728529506482,-0.39805639923018105,0.6189909656819875
2052,-0.8959728529036012,-0.39805639923018105,0.6189909656819875
2053,-0.8959728529036012,-0.39805639923018105,0.618990965682376
2054,-0.895972852904193,-0.3980563992301649,0.618990965682376
2055,-0.8959728529500565,-0.39805639923018105,0.6189909656819875
2056,-0.895972852903897,-0.39805639923018105,0.6189909656819875
2057,-0.8959728529036012,-0.39805639923018105,0.618990965682376
2058,-0.9257225774006274,-0.23119102610124317,0.39117394443587855
2059,-0.9257225774012192,-0.2311910265499245,0.39117394443587855
2060,-0.9257225774006274,-0.23119102610125933,0.39117394443587855
2061,-0.9257225774012192,-0.23119102610124317,0.39117394443587855
2062,-0.70425224393267,-0.5183182612808691,-0.8390379702942757
2063,-0.7042522438859189,-0.5183182617295182,-0.8390379702942757
2064,-0.8607131466002111,-0.22060661432422107,1.211315220922648
2065,-0.8607131466469623,-0.2206066138755075,1.211315220922648
2066,-0.8607131466002111,-0.2206066143241888,1.211315220922648
2067,-0.8607131466002111,-0.2206066143241888,1.211315220922648
2068,-0.7152720615083888,-0.004932447311958284,-0.01889669380750623
2069,-0.7152720615083888,-0.004932447311974424,-0.01889669380750623
2070,-0.7152720614616377,-0.004932447311958284,-0.01889669380750623
2071,-0.7152720615083888,-0.004932447311958284,-0.01889669380750623
2072,-0.7674248193687939,-0.07197231847347615,0.5335595827146966
2073,-0.767424819368498,-0.0719723189221413,0.5335595827150852
2074,-0.767424819368498,-0.0719723184734923,0.5335595827146966
2075,-0.7674248193687939,-0.07197231847346001,0.5335595827146966
2076,-0.767424819368498,-0.07197231892212516,0.5335595827150852
2077,-0.7674248193687939,-0.0719723184734923,0.5335595827146966
2078,-0.8147516379250863,-0.1897957932962315,0.3325924246868236
2079,-0.814751637878631,-0.1897957937449128,0.3325924246868236
2080,-0.8147516379250863,-0.1897957932962315,0.3325924246868236
2081,-0.8147516379253822,-0.18979579329624763,0.3325924246868236
2082,-0.8147516378783352,-0.18979579374489666,0.3325924246868236
2083,-0.8147516379250863,-0.18979579329624763,0.3325924246868236
2084,-0.8147516378789269,-0.1897957932962315,0.3325924246868236
2085,-0.8147516379247904,-0.1897957937448805,0.3325924246864351
2086,-0.8147516379253822,-0.18979579329626378,0.3325924246868236
2087,-0.814751637878631,-0.18979579374489666,0.3325924246868236
2088,-0.8147516379250863,-0.18979579329624763,0.3325924246868236
2089,-0.8147516379253822,-0.1897957932962315,0.3325924246868236
2090,-0.8147516378783352,-0.18979579374489666,0.3325924246868236
2091,-0.8147516379253822,-0.1897957932962315,0.3325924246868236
2092,-0.23833298222807023,-0.12250432570738598,0.3325924246868236
2093,-0.23833298222807023,-0.1225043257073537,0.3325924246868236
2094,-0.23833298222777433,-0.12250432615601886,0.3325924246868236
2095,-0.2383329822748214,-0.12250432570736984,0.3325924246868236
2096,-0.23833298222777433,-0.12250432570736984,0.3325924246868236
2097,-0.23833298222836613,-0.12250432570736984,0.3325924246868236
2098,-0.23833298222807023,-0.1225043257073537,0.3325924246868236
2099,-0.23833298222777433,-0.122504326156035,0.3325924246868236
2100,-0.23833298222807023,-0.12250432570736984,0.3325924246868236
2101,-0.23833298222836613,-0.1225043257073537,0.3325924246868236
2102,-0.23833298227452548,-0.12250432570736984,0.3325924246868236
2103,-0.23833298222807023,-0.12250432615601886,0.3325924246868236
2104,-0.23833298222777433,-0.12250432570736984,0.3325924246868236
2105,-0.23833298222807023,-0.12250432570736984,0.3325924246868236
2106,-0.7644866687324227,0.12767728160163663,0.527864157183544
2107,-0.7644866687321268,0.12767728205028564,0.527864157183544
2108,-0.7644866687791738,0.1276772816016205,0.5278641571839324
2109,-0.7644866687321268,0.12767728205031792,0.527864157183544
2110,-0.7644866687324227,0.1276772816016205,0.527864157183544
2111,-0.7644866687321268,0.12767728205028564,0.527864157183544
2112,-0.7644866687791738,0.1276772816016205,0.5278641571839324
2113,-0.7644866687327185,0.12767728205028564,0.527864157183544
2114,-0.7644866687321268,0.12767728160163663,0.527864157183544
2115,-0.759786445652085,0.01147504849744949,0.9652728379766171
2116,-0.7597864456997238,0.011475048946146923,0.9652728379766171
2117,-0.759786445652085,0.011475048497465628,0.9652728379766171
2118,-0.7597864456994279,0.011475048946114643,0.9652728379766171
2119,-0.7597864456526767,0.011475048497465628,0.9652728379766171
2120,-0.8089267081591378,0.27822306817691655,0.8097877209757981
2121,-0.8089267082064807,0.2782230686255817,0.8097877209757981
2122,-0.8089267082061848,0.27822306862556556,0.8097877209761866
2123,-0.8089267081597296,0.2782230681769327,0.8097877209757981
2124,-0.7451784879083145,-0.05596877488522693,0.9184076221773732
2125,-0.7451784879086104,-0.05596877488522693,0.9184076221773732
2126,-0.7451784879080185,-0.05596877488521079,0.9184076221773732
2127,-0.7451784879086104,-0.05596877488522693,0.9184076221773732
2128,-0.7451784879083145,-0.05596877488522693,0.9184076221773732
2129,-0.7451784879083145,-0.05596877488521079,0.9184076221773732
2130,-0.7451784879089063,-0.05596877488522693,0.9184076221773732
2131,-0.7968071435756771,0.141672945519961,0.6372163273819094
2132,-0.7968071435759729,0.14167294596859387,0.6372163273819094
2133,-0.7968071435762689,0.141672945519961,0.6372163273815209
2134,-0.7968071435756771,0.14167294596861002,0.6372163273819094
2135,-0.7968071435759729,0.14167294551994486,0.6372163273819094
2136,-0.7921409164907465,0.3968397977688291,-0.3083583208029509
2137,-0.7921409164901547,0.3968397973201478,-0.3083583208025624
2138,-0.7921409164904506,0.3968397977688291,-0.3083583208029509
2139,-0.7921409164907465,0.3968397973201478,-0.3083583208029509
2140,-0.7921409164907465,0.39683979776881295,-0.3083583208025624
2141,-0.7921409164901547,0.39683979776881295,-0.3083583208029509
2142,-0.7921409164907465,0.3968397973201478,-0.3083583208029509
2143,-0.7921409164907465,0.39683979776881295,-0.3083583208025624
2144,-0.7921409164436994,0.39683979732016395,-0.3083583208029509
2145,-0.7921409164904506,0.39683979776881295,-0.3083583208025624
2146,-0.7921409164904506,0.39683979732016395,-0.3083583208029509
2147,-0.7921409164907465,0.3968397977687968,-0.3083583208029509
2148,-0.7921409164901547,0.3968397977688291,-0.3083583208025624
2149,-0.7921409164907465,0.3968397973201478,-0.3083583208029509
2150,-0.7921409164907465,0.39683979776881295,-0.3083583208029509
2151,-0.7921409164907465,0.39683979732016395,-0.3083583208025624
2152,-0.7921409164904506,0.39683979776881295,-0.3083583208029509
2153,-0.8287605394391461,0.28616177194340464,-0.01889669380750623
2154,-0.8287605394397378,0.28616177194340464,-0.01889669380750623
2155,-0.8287605394858972,0.28616177194340464,-0.01889669380750623
2156,-0.8287605394397378,0.2861617719434208,-0.01889669380750623
2157,-1.0656557255317622,0.14524583579878708,-0.1214143533682553
2158,-1.0656557255314665,0.1452458357988032,-0.1214143533686438
2159,-1.0656557255314665,0.14524583624745224,-0.1214143533682553
2160,-1.0656557255320582,0.14524583579881936,-0.1214143533682553
2161,-1.0656557255317622,0.1452458357988032,-0.1214143533682553
2162,-1.0656557255317622,0.14524583579878708,-0.1214143533682553
2163,-1.0656557255320582,0.14524583579881936,-0.1214143533686438
2164,-1.0656557255779218,0.14524583579878708,-0.1214143533682553
2165,-1.0656557255320582,0.14524583624748452,-0.1214143533682553
2166,-1.0656557255314665,0.14524583579878708,-0.1214143533686438
2167,-1.0656557255320582,0.1452458357988032,-0.1214143533682553
2168,-1.0656557255314665,0.1452458357988032,-0.1214143533682553
2169,-1.0656557255317622,0.14524583579881936,-0.1214143533682553
2170,-1.0656557255320582,0.14524583624745224,-0.1214143533682553
2171,-1.0656557255314665,0.14524583579881936,-0.1214143533686438
2172,-1.0656557255320582,0.14524583579878708,-0.1214143533682553
2173,-1.19146529953822,0.2325135631423702,-0.01889669380750623
2174,-1.1914652995846753,0.23251356269368892,-0.01889669380750623
2175,-1.191465299537924,0.2325135631423702,-0.01889669380750623
2176,-1.19146529953822,0.23251356269370507,-0.01889669380750623
2177,-1.191465299584971,0.23251356314235408,-0.01889669380750623
2178,-1.19146529953822,0.23251356269370507,-0.01889669380750623
2179,-1.1914652995846753,0.2325135631423702,-0.01889669380750623
2180,-1.1914652995385158,0.23251356269370507,-0.01889669380750623
2181,-1.191465299537924,0.23251356314233793,-0.01889669380750623
2182,-1.191465299585267,0.23251356269370507,-0.01889669380750623
2183,-1.19146529953822,0.2325135631423702,-0.01889669380750623
2184,-0.9731013517058429,0.41582989564934036,-0.01889669380750623
2185,-0.973101351705547,0.4158298960979894,-0.01889669380750623
2186,-0.9731013517061389,0.41582989564932427,-0.01889669380750623
2187,-0.973101351705547,0.4158298956493565,-0.01889669380750623
2188,-0.8796654450532254,-0.19493692902855692,-0.01889669380750623
2189,-0.8796654450529295,-0.19493692857989176,-0.01889669380750623
2190,-0.8796654450529295,-0.19493692902854076,-0.01889669380750623
2191,-0.8796654450535213,-0.19493692857989176,-0.01889669380750623
2192,-0.8796654450529295,-0.19493692902855692,-0.01889669380750623
2193,-0.9113979976487329,0.0903335749286811,-0.01889669380750623
2194,-0.9113979976487329,0.09033357492866496,-0.01889669380750623
2195,-0.9901798999619006,0.194864312167296,-0.01889669380750623
2196,-0.9901798999151494,0.194864312167296,-0.01889669380750623
2197,-0.9901798999619006,0.194864312167296,-0.01889669380750623
2198,-0.9901798999619006,0.19486431261596115,-0.01889669380750623
2199,-0.9901798999621966,0.194864312167296,-0.01889669380750623
2200,-0.9901798999613088,0.194864312167296,-0.01889669380750623
2201,-0.9901798999151494,0.194864312167296,-0.01889669380750623
2202,-0.9901798999621966,0.19486431216727987,-0.01889669380750623
2203,-0.9766272200820476,0.14590734176576955,0.3091598167872016
2204,-0.9766272201290946,0.14590734176573728,0.3091598167872016
2205,-0.9766272200826394,0.14590734221441856,0.3091598167872016
2206,-0.9766272201287988,0.14590734176575343,0.3091598167872016
2207,-0.9766272200826394,0.14590734176575343,0.3091598167872016
2208,-0.9444535067215453,0.3331333558367341,-0.01889669380750623
2209,-0.9444535067685924,0.33313335628541535,-0.01889669380750623
2210,-0.9444535067215453,0.33313335628541535,-0.01889669380750623
2211,-0.9444535067221371,0.3331333558367502,-0.01889669380750623
2212,-0.9444535067215453,0.3331333558367502,-0.01889669380750623
2213,-0.9444535067218413,0.33313335628539925,-0.01889669380750623
2214,-0.9444535067680006,0.33313335628539925,-0.01889669380750623
2215,-0.9444535067221371,0.3331333558367502,-0.01889669380750623
2216,-0.9293218849425098,0.2948062084175195,0.6372163273819094
2217,-0.9293218849431016,0.2948062084175356,0.6372163273819094
2218,-0.9293218849431016,0.2948062084175356,0.6372163273819094
2219,-0.9293218849898528,0.2948062079688543,0.6372163273819094
2220,-0.9293218849428058,0.2948062084175195,0.6372163273819094
2221,-0.9293218849431016,0.2948062084175195,0.6372163273819094
2222,-0.9293218849431016,0.2948062084175356,0.6372163273819094
2223,-0.9293218849425098,0.2948062084175195,0.6372163273815209
2224,-0.9293218849428058,0.2948062084175195,0.6372163273819094
2225,-0.9293218849431016,0.2948062084175195,0.6372163273819094
2226,-0.9293218849431016,0.2948062084175356,0.6372163273819094
2227,-0.9293218849898528,0.29480620796886237,0.6372163273819094
2228,-0.9293218849431016,0.2948062084175275,0.6372163273819094
2229,-0.9293218849428058,0.2948062084175195,0.6372163273819094
2230,-0.9293218849425098,0.2948062084175195,0.6372163273819094
2231,-1.0248877901472122,0.09562814862470731,1.211315220922648
2232,-1.0248877900995734,0.09562814907335633,1.211315220922648
2233,-1.0248877901469162,0.09562814862469117,1.211315220922648
2234,-1.0248877901463245,0.09562814862471539,1.211315220922648
2235,-0.9669311477333806,0.008298935904551977,-0.01889669380750623
2236,-0.9669311477804277,0.008298935904551977,-0.01889669380750623
2237,-0.9669311477336765,0.008298935904551977,-0.01889669380750623
2238,-0.9669311477798359,0.008298935904568117,-0.01889669380750623
2239,-0.9669311477336765,0.008298935904535837,-0.01889669380750623
2240,-0.9945083158615278,0.0820180404878132,0.45219636084103076
2241,-0.9945083159073912,0.08201804048779707,0.45219636084103076
2242,-0.9945083159085748,0.08201804048779707,0.4521963608414193
2243,-0.994508315860936,0.08201804048780514,0.45219636084103076
2244,-0.9945083158618236,0.082018040487789,0.45219636084103076
2245,-0.9945083159073912,0.08201804048780514,0.45219636084103076
2246,-0.994508315907983,0.08201804048779707,0.45219636084103076
2247,-0.9945083158612319,0.08201804093646223,0.4521963608414193
2248,-0.994508315860936,0.082018040487789,0.45219636084103076
2249,-0.9945083159085748,0.0820180404878132,0.45219636084103076
2250,-0.9945083159076872,0.08201804048779707,0.45219636084103076
2251,-0.9945083158612319,0.08201804048779707,0.4521963608414193
2252,-0.9945083158612319,0.08201804048779707,0.45219636084103076
2253,-0.994508315907983,0.08201804048779707,0.45219636084103076
2254,-1.051056406203755,0.1720395524017459,0.5962092635573766
2255,-1.0510564062028676,0.17203955285041106,0.5962092635577652
2256,-1.0510564062034593,0.17203955285040298,0.5962092635573766
2257,-1.0510564062028676,0.17203955240173782,0.5962092635577652
2258,-1.0510564062034593,0.1720395524017459,0.5962092635573766
2259,-1.0510564062034593,0.17203955285040298,0.5962092635577652
2260,-1.0510564062028676,0.17203955285040298,0.5962092635573766
2261,-1.0510564062034593,0.17203955240173782,0.5962092635573766
2262,-1.051056406156708,0.1720395524017459,0.5962092635577652
2263,-1.0510564062031633,0.17203955285040298,0.5962092635573766
2264,-1.0510564062031633,0.17203955285041106,0.5962092635577652
2265,-1.0510564062031633,0.1720395524017459,0.5962092635573766
2266,-1.0510564062034593,0.1720395524017459,0.5962092635577652
2267,-1.0510564062028676,0.1720395528503949,0.5962092635573766
2268,-1.0510564062034593,0.17203955285040298,0.5962092635577652
2269,-1.0510564062028676,0.1720395524017459,0.5962092635573766
2270,-1.0045038224309697,-0.009563620795038315,0.39117394443587855
2271,-1.0045038224309697,-0.009563620795046385,0.39117394443587855
2272,-1.004503822430378,-0.009563621243695399,0.39117394443587855
2273,-1.004503822477721,-0.009563620795054455,0.39117394443587855
2274,-1.004503822430378,-0.009563620795030245,0.39117394443587855
2275,-1.0045038224309697,-0.009563621243711538,0.39117394443587855
2276,-1.004503822430674,-0.009563620795046385,0.39117394443587855
2277,-1.004503822430674,-0.009563620795038315,0.39117394443587855
2278,-1.004503822430674,-0.009563620795038315,0.39117394443549003
2279,-1.004503822430674,-0.009563620795046385,0.39117394443587855
2280,-1.004503822430378,-0.009563621243711538,0.39117394443587855
2281,-1.004503822430378,-0.009563620795030245,0.39117394443587855
2282,-1.004503822477721,-0.009563620795054455,0.39117394443587855
2283,-1.004503822430674,-0.009563621243695399,0.39117394443587855
2284,-1.004503822430674,-0.009563620795038315,0.39117394443587855
2285,-1.004503822430378,-0.009563620795046385,0.39117394443587855
2286,-0.8490172492535678,0.03354094603797978,0.35963004918653685
2287,-0.8490172492062249,0.03354094603797171,0.3596300491861483
2288,-0.8490172492535678,0.033540946486636865,0.35963004918653685
2289,-0.8490172492065208,0.03354094603797978,0.3596300491861483
2290,-0.8490172492529761,0.03354094603797978,0.35963004918653685
2291,-0.8490172492532719,0.03354094603797978,0.35963004918653685
2292,-0.8490172492068166,0.033540946486628795,0.3596300491861483
2293,-0.8490172492529761,0.03354094603797978,0.35963004918653685
2294,-0.8490172492529761,0.03354094603797978,0.35963004918653685
2295,-0.8490172492065208,0.03354094603797171,0.3596300491861483
2296,-0.8490172492538637,0.033540946486636865,0.35963004918653685
2297,-0.849017249205929,0.03354094603797978,0.3596300491861483
2298,-0.8490172492532719,0.03354094603797171,0.35963004918653685
2299,-0.8441867065838883,0.1829554675475076,0.8097877209757981
2300,-0.8441867066306394,0.18295546709885052,0.8097877209761866
2301,-0.8441867066306394,0.18295546754749956,0.8097877209761866
2302,-0.8441867065838883,0.18295546754751568,0.8097877209757981
2303,-0.7615479339009693,0.026823946142763677,1.6213858591656443
2304,-0.76154793385481,0.026823945694098524,1.6213858591660328
2305,-0.8414317522013505,0.04137810440025653,0.6987269231185141
2306,-0.8414317522016463,0.041378103951607514,0.6987269231181257
2307,-0.8414317522481016,0.0413781044002646,0.6987269231185141
2308,-0.8414317522016463,0.0413781044002646,0.6987269231185141
2309,-0.8414317522019422,0.041378103951591375,0.6987269231181257
2310,-0.8414317522013505,0.04137810440027267,0.6987269231185141
2311,-0.8414317522016463,0.0413781044002646,0.6987269231185141
2312,-0.8414317522013505,0.041378103951591375,0.6987269231185141
2313,-0.8414317522486934,0.0413781044002646,0.6987269231181257
2314,-0.8414317522016463,0.04137810440025653,0.6987269231185141
2315,-0.8414317522016463,0.0413781044002646,0.6987269231185141
2316,-0.8414317522010546,0.041378103951607514,0.6987269231181257
2317,-0.8414317522019422,0.0413781044002646,0.6987269231185141
2318,-0.8414317522481016,0.04137810440024846,0.6987269231185141
2319,-0.8414317522019422,0.041378103951607514,0.6987269231181257
2320,-0.8414317522010546,0.0413781044002646,0.6987269231185141
2321,-0.6032514903895151,0.012268340056786195,0.527864157183544
2322,-0.6032514903892192,0.01226834050544328,0.5278641571839324
2323,-0.6032514903421722,0.01226834050544328,0.527864157183544
2324,-0.6032514903889233,0.012268340056794265,0.527864157183544
2325,-0.6032514903889233,0.012268340056778126,0.5278641571839324
2326,-0.6032514903427639,0.01226834050544328,0.527864157183544
2327,-0.6032514903889233,0.012268340056794265,0.527864157183544
2328,-0.603251490389811,0.01226834050544328,0.5278641571839324
2329,-0.6032514903883316,0.012268340056786195,0.527864157183544
2330,-0.6032514903895151,0.01226834050544328,0.527864157183544
2331,-0.6032514903421722,0.01226834050545135,0.5278641571839324
2332,-0.6032514903892192,0.012268340056770057,0.527864157183544
2333,-0.31199861892707437,0.3179176391189844,0.9407825081926993
2334,-0.31199861892796205,0.3179176386703354,0.9407825081923108
2335,-0.311998618880915,0.3179176391189844,0.9407825081926993
2336,-0.3119986189273703,0.31791763911897636,0.9407825081926993
2337,-0.31199861892855385,0.3179176386703112,0.9407825081926993
2338,-0.31199861892707437,0.3179176391189844,0.9407825081926993
2339,-0.3119986189273703,0.3179176391189844,0.9407825081923108
2340,-0.31199861892796205,0.31791763867031925,0.9407825081926993
2341,-0.31199861892766617,0.3179176391189844,0.9407825081926993
2342,-0.3119986188812109,0.3179176391189844,0.9407825081923108
2343,-0.3119986189273703,0.3179176386703112,0.9407825081926993
2344,-0.31199861892796205,0.3179176391189844,0.9407825081926993
2345,-0.6107544035165408,0.22794288304678473,0.6840815431811533
2346,-0.6107544034694937,0.22794288304680085,0.6840815431811533
2347,-0.6107544035171326,0.22794288304676857,0.6840815431811533
2348,-0.6107544035165408,0.22794288304679278,0.6840815431811533
2349,-0.6107544034700856,0.22794288304678473,0.6840815431811533
2350,-0.6107544035171326,0.22794288304677665,0.6840815431811533
2351,-0.6107544035165408,0.22794288304679278,0.6840815431811533
2352,-0.6107544034694937,0.22794288259811957,0.6840815431807649
2353,-0.6107544035165408,0.22794288304678473,0.6840815431811533
2354,-0.6107544034703815,0.22794288304678473,0.6840815431811533
2355,-0.6107544035165408,0.22794288304679278,0.6840815431811533
2356,-0.6107544035168367,0.22794288304676857,0.6840815431811533
2357,-0.6107544034697896,0.22794288304679278,0.6840815431811533
2358,-0.6107544035168367,0.22794288304678473,0.6840815431811533
2359,-0.6054019582239345,0.18976007071183212,0.9232894154895678
2360,-0.6054019582703898,0.18976007026316696,0.9232894154899564
2361,-0.6054019582239345,0.18976007071182405,0.9232894154895678
2362,-0.6054019582236386,0.1897600707118402,0.9232894154899564
2363,-0.6054019582242305,0.18976007071183212,0.9232894154895678
2364,-0.6054019582706857,0.1897600702631589,0.9232894154899564
2365,-0.6054019582242305,0.18976007071183212,0.9232894154895678
2366,-0.6460763357039152,0.16390194742161776,0.6372163273819094
2367,-0.6460763357042112,0.16390194697296875,0.6372163273819094
2368,-0.646076335657164,0.1639019474216339,0.6372163273819094
2369,-0.6460763357039152,0.16390194697296875,0.6372163273819094
2370,-0.6460763357045071,0.16390194742161776,0.6372163273819094
2371,-0.666790385244379,0.11679802518576568,0.8012445826792632
2372,-0.6667903852908342,0.11679802518579796,0.8012445826792632
2373,-0.666790385244379,0.11679802518576568,0.8012445826792632
2374,-0.6667903852446748,0.11679802518578182,0.8012445826788748
2375,-0.6667903852908342,0.11679802518578182,0.8012445826792632
2376,-0.6667903852440831,0.11679802518576568,0.8012445826792632
2377,-0.6047724797275161,0.21849212051910621,0.6840815431811533
2378,-0.604772479727812,0.21849212051909817,0.6840815431811533
2379,-0.6047724797272201,0.2184921205190901,0.6840815431811533
2380,-0.6047724797275161,0.21849212051909817,0.6840815431811533
2381,-0.6047724797272201,0.21849212051910621,0.6840815431811533
2382,-0.6047724797272201,0.21849212051909817,0.6840815431811533
2383,-0.6047724797275161,0.2184921205190901,0.6840815431811533
2384,-0.7915184724308005,-0.1377769999166831,0.6372163273819094
2385,-0.7915184724305047,-0.13777699946801794,0.6372163273819094
2386,-0.7915184724775517,-0.1377769999166831,0.6372163273815209
2387,-0.7915184724308005,-0.13777699946802602,0.6372163273819094
2388,-0.7915184724310965,-0.1377769999166831,0.6372163273819094
2389,-0.7512650493628844,-0.026985173516680637,0.6394944975944481
2390,-0.7512650493167251,-0.02698517396532965,0.6394944975944481
2391,-0.7512650493634763,-0.026985173516680637,0.6394944975940596
2392,-0.7512650493164292,-0.026985173516680637,0.6394944975944481
2393,-0.7512650493637721,-0.02698517396532158,0.6394944975944481
2394,-0.7512650493164292,-0.026985173516680637,0.6394944975944481
2395,-0.7512650493631804,-0.026985173516680637,0.6394944975944481
2396,-0.7512650493167251,-0.02698517396532158,0.6394944975940596
2397,-0.7512650493637721,-0.026985173516680637,0.6394944975944481
2398,-0.7512650493164292,-0.026985173516680637,0.6394944975944481
2399,-0.7512650493631804,-0.02698517396532965,0.6394944975944481
2400,-0.7512650493167251,-0.026985173516672567,0.6394944975944481
2401,-0.7512650493631804,-0.026985173516680637,0.6394944975940596
2402,-0.7512650493164292,-0.02698517396532965,0.6394944975944481
2403,-0.7512650493637721,-0.026985173516680637,0.6394944975944481
2404,-0.7483236269736083,0.01359540429524738,-0.01889669380750623
2405,-0.8367882683656461,0.012457469886330858,0.5669185036830434
2406,-0.8367882684123973,0.012457469886338928,0.5669185036830434
2407,-0.8367882684123973,0.012457469437681844,0.5669185036830434
2408,-0.8367882683656461,0.012457469886346998,0.5669185036830434
2409,-0.8367882683656461,0.012457469886338928,0.5669185036830434
2410,-0.8367882684123973,0.012457469886338928,0.5669185036830434
2411,-0.8367882684121014,0.012457469437673774,0.5669185036830434
2412,-0.8367882683656461,0.012457469886346998,0.566918503682655
2413,-0.836788268365942,0.012457469886338928,0.5669185036830434
2414,-0.8367882684121014,0.012457469886338928,0.5669185036830434
2415,-0.8367882684123973,0.012457469886338928,0.5669185036830434
2416,-0.8367882683656461,0.012457469437673774,0.5669185036830434
2417,-0.8367882683650543,0.012457469886338928,0.5669185036830434
2418,-0.836788268412989,0.012457469886346998,0.5669185036830434
2419,-0.8840728462564241,0.027352456030433764,0.6372163273819094
2420,-0.8840728462564241,0.027352456030433764,0.6372163273819094
2421,-0.8840728463031753,0.027352456030441834,0.6372163273819094
2422,-0.88407284625672,0.027352456030449904,0.6372163273819094
2423,-0.8840728462561281,0.027352456030425694,0.6372163273815209
2424,-0.88407284625672,0.027352456030433764,0.6372163273819094
2425,-0.8840728462570159,0.027352456030449904,0.6372163273819094
2426,-0.8840728463031753,0.027352456030425694,0.6372163273819094
2427,-0.8840728462564241,0.027352456030449904,0.6372163273819094
2428,-0.8840728462564241,0.027352456030441834,0.6372163273819094
2429,-0.6188184484969519,0.15852844396752505,0.740785450117766
2430,-0.6188184484975436,0.1585284444161983,0.740785450117766
2431,-0.6188184484972478,0.15852844396751697,0.740785450117766
2432,-0.618818448543703,0.1585284444161983,0.7407854501173775
2433,-0.6188184484978395,0.15852844396753313,0.740785450117766
2434,-0.6188184484969519,0.1585284444161983,0.740785450117766
2435,-0.6188184484975436,0.15852844396752505,0.740785450117766
2436,-0.6188184484972478,0.1585284444161902,0.740785450117766
2437,-0.6188184484972478,0.15852844396752505,0.740785450117766
2438,-0.6188184485442948,0.1585284444161902,0.7407854501173775
2439,-0.6188184484975436,0.1585284439675412,0.740785450117766
2440,-0.6188184484969519,0.15852844441618213,0.740785450117766
2441,-0.6188184484972478,0.15852844396753313,0.740785450117766
2442,-0.4398108002953549,0.3099778827942038,1.6213858591660328
2443,-0.3067095972375714,0.5566147304093229,0.3091598167872016
2444,-0.3067095972369796,0.5566147304093229,0.3091598167872016
2445,-0.3067095972378673,0.556614730857988,0.3091598167872016
2446,-0.3067095972375714,0.5566147304093229,0.3091598167872016
2447,-0.3067095972375714,0.5566147304093229,0.3091598167872016
2448,-0.48577475026805345,0.5163900411305324,1.152733701173593
2449,-0.48577475026864525,0.5163900406818592,1.152733701173593
2450,-0.48577475026864525,0.5163900411305405,1.152733701173593
2451,-0.4857747502224859,0.5163900406818753,1.1527337011732046
2452,-0.48577475026805345,0.5163900411305163,1.152733701173593
2453,-0.48577475026923705,0.5163900406818753,1.152733701173593
2454,-0.48577475026805345,0.5163900411305324,1.152733701173593
2455,-0.45215225982829554,0.49945417003167747,0.6372163273819094
2456,-0.45215225978184026,0.49945416958300426,0.6372163273819094
2457,-0.4521522597809526,0.4994541700316856,0.6372163273819094
2458,-0.4521522598279996,0.4994541700316694,0.6372163273819094
2459,-0.45215225982829554,0.4994541700316856,0.6372163273819094
2460,-0.45215225978184026,0.4994541695830123,0.6372163273815209
2461,-0.4521522597809526,0.49945417003167747,0.6372163273819094
2462,-0.4521522598279996,0.4994541700316694,0.6372163273819094
2463,-0.45215225982829554,0.4994541695830204,0.6372163273819094
2464,-0.45215225978184026,0.49945417003167747,0.6372163273819094
2465,-0.6117004991936685,0.32585844710472717,-0.01889669380750623
2466,-0.6944212792182591,0.2578666083050669,0.6146098691196221
2467,-0.6944212791718039,0.257866608753724,0.6146098691200106
2468,-0.6944212792182591,0.2578666083050669,0.6146098691196221
2469,-0.694421279218555,0.25786660830505886,0.6146098691200106
2470,-0.694421279171508,0.2578666087537321,0.6146098691196221
2471,-0.694421279218555,0.25786660830505886,0.6146098691196221
2472,-0.6944212792179633,0.2578666083050669,0.6146098691200106
2473,-0.6944212792182591,0.25786660830505886,0.6146098691196221
2474,-0.694421279171508,0.2578666087537159,0.6146098691196221
2475,-0.694421279218555,0.2578666083050669,0.6146098691200106
2476,-0.6944212792182591,0.2578666083050669,0.6146098691196221
2477,-0.6944212791718039,0.2578666087537321,0.6146098691200106
2478,-0.6944212792179633,0.25786660830505886,0.6146098691196221
2479,-0.45633855483176117,0.23323497654578015,0.8012445826792632
2480,-0.4563385547847141,0.233234976097115,0.8012445826788748
2481,-0.4563385547853059,0.233234976097115,0.8012445826792632
2482,-0.45633855483205704,0.23323497654578015,0.8012445826792632
2483,-0.5486396262167467,0.20860455841402692,-0.14507227480526158
2484,-0.5486396262640897,0.20860455841402692,-0.1450722748056501
2485,-0.5486396262167467,0.20860455841402692,-0.14507227480526158
2486,-0.548639626263202,0.2086045579653537,-0.1450722748056501
2487,-0.5486396262173385,0.20860455841402692,-0.14507227480526158
2488,-0.5486396262167467,0.20860455841401887,-0.1450722748056501
2489,-0.548639626263202,0.20860455841402692,-0.14507227480526158
2490,-0.5486396262167467,0.20860455841401887,-0.1450722748056501
2491,-0.5486396262173385,0.20860455841402692,-0.14507227480526158
2492,-0.5486396262634978,0.2086045579653537,-0.1450722748056501
2493,-0.5486396262173385,0.20860455841402692,-0.14507227480526158
2494,-0.548639626263202,0.20860455841402692,-0.1450722748056501
2495,-0.5486396262173385,0.20860455841402692,-0.14507227480526158
2496,-0.11268871253271043,0.03711421498655674,-0.38340392780166915
2497,-0.11268871253211864,0.037114214537899655,-0.38340392780166915
2498,-0.11268871253330222,0.03711421498656481,-0.38340392780166915
2499,-0.11268871253271043,0.03711421498657288,-0.38340392780166915
2500,-0.11268871248595927,0.037114214537899655,-0.3834039278012807
2501,-0.11268871253300632,0.03711421498656481,-0.38340392780166915
2502,-0.11268871253211864,0.03711421498655674,-0.38340392780166915
2503,-0.11268871253330222,0.037114214537899655,-0.38340392780166915
2504,-0.11268871253271043,0.03711421498656481,-0.38340392780166915
2505,0.059834537880964496,0.061401691141924813,-0.12938794911194682
2506,0.05983453792801154,0.061401691141916744,-0.12938794911194682
2507,0.059834537880964496,0.061401691141916744,-0.12938794911194682
2508,0.059834537927123864,0.06140169114193288,-0.12938794911194682
2509,0.059834537881260384,0.06140169159057383,-0.12938794911194682
2510,0.059834537927715654,0.061401691141916744,-0.12938794911194682
2511,0.059834537880964496,0.061401691141924813,-0.12938794911194682
2512,0.059834537880964496,0.061401691141916744,-0.1293879491123353
2513,0.05983453792741976,0.061401691141924813,-0.12938794911194682
2514,0.059834537880964496,0.061401691141916744,-0.12938794911194682
2515,0.059834537927715654,0.061401691141916744,-0.12938794911194682
2516,0.0598345378806686,0.061401691141924813,-0.12938794911194682
2517,0.059834537927715654,0.061401691141924813,-0.12938794911194682
2518,0.059834537880964496,0.061401691141916744,-0.12938794911194682
2519,0.05983453792801154,0.061401691141924813,-0.12938794911194682
2520,0.059834537880372705,0.06140169159057383,-0.12938794911194682
2521,0.059834537880964496,0.061401691141916744,-0.12938794911194682
2522,0.05983453792801154,0.061401691141924813,-0.12938794911194682
2523,0.059834537880964496,0.061401691141916744,-0.12938794911194682
2524,0.059834537927715654,0.061401691141924813,-0.12938794911194682
2525,0.0598345378806686,0.061401691141916744,-0.12938794911194682
2526,0.05983453792801154,0.061401691141924813,-0.12938794911194682
2527,0.0598345378806686,0.061401691141916744,-0.1293879491123353
2528,0.059834537880964496,0.061401691141924813,-0.12938794911194682
2529,0.059834537927715654,0.0614016915905819,-0.12938794911194682
2530,0.0598345378806686,0.061401691141924813,-0.12938794911194682
2531,0.05983453792830744,0.061401691141916744,-0.12938794911194682
2532,0.0598345378806686,0.061401691141908674,-0.12938794911194682
2533,0.059834537927715654,0.06140169114193288,-0.12938794911194682
2534,0.059834537880964496,0.061401691141916744,-0.12938794911194682
2535,0.0038613955141005543,0.033703769537463284,0.054764143062120824
2536,0.0038613954679411824,0.03370376998612037,0.054764143062120824
2537,0.0038613955141005543,0.033703769537463284,0.054764143062120824
2538,0.0038613954673493954,0.03370376998612844,0.054764143062120824
2539,0.0038613955141005543,0.033703769537455214,0.054764143062120824
2540,0.003861395515284128,0.03370376998612037,0.054764143062120824
2541,0.003861395466757609,0.033703769537471354,0.054764143062120824
2542,0.003861395514692341,0.03370376998612037,0.054764143062120824
2543,0.0038613954673493954,0.033703769537455214,0.054764143062120824
2544,0.003861395513804661,0.03370376998613651,0.054764143062120824
2545,0.003861395514692341,0.033703769537455214,0.054764143062120824
2546,0.0038613954673493954,0.03370376998612037,0.054764143062509325
2547,0.003861395514692341,0.033703769537471354,0.054764143062120824
2548,0.0038613954673493954,0.03370376998612037,0.054764143062120824
2549,0.003861395514692341,0.033703769537455214,0.054764143062120824
2550,0.0038613955141005543,0.033703769537471354,0.054764143062120824
2551,0.0038613954673493954,0.03370376998612037,0.054764143062120824
2552,0.0038613955141005543,0.033703769537455214,0.054764143062120824
2553,0.0038613954679411824,0.03370376998612844,0.054764143062120824
2554,0.0038613955141005543,0.033703769537471354,0.054764143062120824
2555,0.0038613955141005543,0.0337037699861123,0.054764143062120824
2556,0.0038613954679411824,0.033703769537471354,0.054764143062120824
2557,0.003861395513804661,0.03370376998612037,0.054764143062120824
2558,0.0038613954682370755,0.033703769537471354,0.054764143062120824
2559,0.003861395513804661,0.0337037699861123,0.054764143062120824
2560,0.003861395514692341,0.033703769537471354,0.054764143062120824
2561,0.0038613954673493954,0.0337037699861123,0.054764143062120824
2562,0.003861395514692341,0.033703769537471354,0.054764143062120824
2563,0.0038613954673493954,0.0337037699861123,0.054764143062120824
2564,0.0038613955141005543,0.033703769537471354,0.054764143062120824
2565,0.003861395514692341,0.033703769537463284,0.054764143062120824
2566,0.0038613954673493954,0.03370376998612844,0.054764143062120824
2567,0.0038613955141005543,0.033703769537455214,0.054764143062120824
2568,0.0038613954679411824,0.03370376998612844,0.054764143062509325
2569,0.0038613955141005543,0.033703769537463284,0.054764143062120824
2570,0.0038613955141005543,0.03370376998612037,0.054764143062120824
2571,0.0038613954679411824,0.033703769537463284,0.054764143062120824
2572,0.003861395513804661,0.03370376998612844,0.054764143062120824
2573,0.003861395467645289,0.033703769537455214,0.054764143062120824
2574,0.0038613955143964474,0.03370376998612844,0.054764143062120824
2575,0.0038613955143964474,0.033703769537463284,0.054764143062120824
2576,0.003861395467645289,0.03370376998612037,0.054764143062120824
2577,0.0038613955143964474,0.033703769537463284,0.054764143062120824
2578,0.003861395467053502,0.03370376998612844,0.054764143062120824
2579,0.003861395514692341,0.033703769537455214,0.054764143062120824
2580,-0.00882940194998891,0.02721758454891663,-0.08942302698051208
2581,-0.008829401950284803,0.027217584100267617,-0.08942302698051208
2582,-0.008829401903533644,0.0272175845489247,-0.08942302698051208
2583,-0.008829401950284803,0.02721758454891663,-0.08942302698090057
2584,-0.008829401949693016,0.0272175845489247,-0.08942302698051208
2585,-0.008829401949693016,0.027217584100259547,-0.08942302698051208
2586,-0.008829401903533644,0.02721758454891663,-0.08942302698051208
2587,-0.00882940194998891,0.0272175845489247,-0.08942302698051208
2588,-0.008829401950284803,0.0272175845489247,-0.08942302698051208
2589,-0.008829401949693016,0.027217584100259547,-0.08942302698051208
2590,-0.00882940190412543,0.0272175845489247,-0.08942302698090057
2591,-0.008829401949693016,0.0272175845489247,-0.08942302698051208
2592,-0.008829401950284803,0.027217584100259547,-0.08942302698051208
2593,-0.008829401949693016,0.0272175845489247,-0.08942302698051208
2594,-0.00882940190323775,0.0272175845489247,-0.08942302698051208
2595,-0.008829401950284803,0.02721758454890856,-0.08942302698051208
2596,-0.008829401950284803,0.027217584100267617,-0.08942302698090057
2597,-0.008829401949693016,0.0272175845489247,-0.08942302698051208
2598,-0.00882940194998891,0.0272175845489247,-0.08942302698051208
2599,-0.008829401903533644,0.027217584100259547,-0.08942302698051208
2600,-0.008829401950284803,0.0272175845489247,-0.08942302698051208
2601,-0.008829401950284803,0.02721758454891663,-0.08942302698051208
2602,-0.008829401949693016,0.0272175845489247,-0.08942302698051208
2603,-0.008829401902941857,0.027217584100251477,-0.08942302698090057
2604,-0.008829401950284803,0.0272175845489247,-0.08942302698051208
2605,-0.00882940194998891,0.0272175845489247,-0.08942302698051208
2606,-0.008829401950284803,0.0272175845489247,-0.08942302698051208
2607,-0.008829401903533644,0.027217584100259547,-0.08942302698051208
2608,-0.008829401949693016,0.0272175845489247,-0.08942302698051208
2609,-0.008829401950284803,0.02721758454891663,-0.08942302698051208
2610,-0.00882940194998891,0.027217584100267617,-0.08942302698090057
2611,-0.00882940194998891,0.0272175845489247,-0.08942302698051208
2612,-0.00882940190323775,0.02721758454890856,-0.08942302698051208
2613,-0.008829401950284803,0.02721758454893277,-0.08942302698051208
2614,-0.008829401949693016,0.027217584100259547,-0.08942302698051208
2615,-0.008829401950284803,0.0272175845489247,-0.08942302698051208
2616,-0.008829401903533644,0.0272175845489247,-0.08942302698090057
2617,-0.008829401950284803,0.027217584100259547,-0.08942302698051208
2618,-0.00882940194998891,0.02721758454891663,-0.08942302698051208
2619,-0.008829401949693016,0.0272175845489247,-0.08942302698051208
2620,-0.008829401903533644,0.0272175845489247,-0.08942302698051208
2621,-0.008829401949693016,0.027217584100251477,-0.08942302698051208
2622,-0.00882940194998891,0.0272175845489247,-0.08942302698051208
2623,-0.008829401950284803,0.02721758454893277,-0.08942302698090057
2624,-0.008829401903533644,0.02721758454891663,-0.08942302698051208
2625,-0.008829401950284803,0.027217584100259547,-0.08942302698051208
2626,-0.008829401950284803,0.0272175845489247,-0.08942302698051208
2627,0.007154092098860441,0.0305646476834752,0.09540460478322739
2628,0.007154092051517495,0.03056464768346713,0.09540460478322739
2629,0.00715409209797276,0.030564648132140354,0.09540460478361588
2630,0.0071540920982686535,0.0305646476834752,0.09540460478322739
2631,0.007154092051517495,0.03056464768348327,0.09540460478322739
2632,0.0071540920982686535,0.03056464768346713,0.09540460478322739
2633,0.0071540920982686535,0.03056464768348327,0.09540460478361588
2634,0.0071540920982686535,0.03056464768346713,0.09540460478322739
2635,0.0071540920518133886,0.030564648132132284,0.09540460478322739
2636,0.0071540920976768665,0.03056464768348327,0.09540460478322739
2637,0.0071540920982686535,0.03056464768346713,0.09540460478361588
2638,0.007154092052109282,0.03056464768348327,0.09540460478322739
2639,0.0071540920976768665,0.0305646476834752,0.09540460478322739
2640,0.0071540920982686535,0.0305646476834752,0.09540460478322739
2641,0.0071540920518133886,0.030564648132132284,0.09540460478361588
2642,0.0071540920982686535,0.03056464768348327,0.09540460478322739
2643,0.0071540920976768665,0.03056464768346713,0.09540460478322739
2644,0.007154092051517495,0.0305646476834752,0.09540460478322739
2645,0.007154092098860441,0.0305646476834752,0.09540460478361588
2646,0.0071540920976768665,0.0305646476834752,0.09540460478322739
2647,0.007154092051517495,0.030564648132140354,0.09540460478322739
2648,0.007154092098564547,0.0305646476834752,0.09540460478322739
2649,0.00715409209797276,0.0305646476834752,0.09540460478361588
2650,0.007154092098564547,0.0305646476834752,0.09540460478322739
2651,0.007154092051517495,0.03056464768346713,0.09540460478322739
2652,0.0071540920982686535,0.03056464768348327,0.09540460478322739
2653,0.00715409209797276,0.030564648132132284,0.09540460478361588
2654,0.007154092051517495,0.03056464768348327,0.09540460478322739
2655,0.0071540920982686535,0.03056464768346713,0.09540460478322739
2656,0.054986501729858646,0.04005480263148271,-0.01889669380750623
2657,0.054986501730154534,0.04005480308012365,-0.01889669380750623
2658,0.05498650172956275,0.04005480263147464,-0.01889669380750623
2659,0.054986501730154534,0.04005480308013979,-0.01889669380750623
2660,0.05498650172956275,0.04005480263146657,-0.01889669380750623
2661,0.054986501730154534,0.04005480308013172,-0.01889669380750623
2662,0.054986501729858646,0.04005480263147464,-0.01889669380750623
2663,0.054986501730154534,0.04005480263146657,-0.01889669380750623
2664,0.054986501729858646,0.04005480308013979,-0.01889669380750623
2665,0.054986501729858646,0.04005480263147464,-0.01889669380750623
2666,0.05498650172956275,0.04005480308012365,-0.01889669380750623
2667,0.054986501730746325,0.04005480263148271,-0.01889669380750623
2668,0.054986501729266855,0.04005480308013172,-0.01889669380750623
2669,0.05498650172956275,0.04005480263146657,-0.01889669380750623
2670,0.054986501730154534,0.04005480308013979,-0.01889669380750623
2671,0.05498650177690569,0.04005480263147464,-0.01889669380750623
2672,0.05498650172956275,0.04005480263146657,-0.01889669380750623
2673,0.054986501730154534,0.04005480308013172,-0.01889669380750623
2674,0.054986501729858646,0.04005480263147464,-0.01889669380750623
2675,0.054986501730154534,0.04005480308013172,-0.01889669380750623
2676,0.05498650172956275,0.04005480263147464,-0.01889669380750623
2677,0.054986501730154534,0.04005480308013979,-0.01889669380750623
2678,0.05498650172956275,0.04005480263146657,-0.01889669380750623
2679,0.054986501730154534,0.04005480263146657,-0.01889669380750623
2680,0.054986501729858646,0.04005480308013979,-0.01889669380750623
2681,0.054986501730154534,0.04005480263146657,-0.01889669380750623
2682,0.05498650172956275,0.04005480308013979,-0.01889669380750623
2683,0.054986501730154534,0.04005480263146657,-0.01889669380750623
2684,0.05498650172956275,0.04005480308013172,-0.01889669380750623
2685,0.054986501730154534,0.04005480263147464,-0.01889669380750623
2686,-0.013890403447882291,0.023883042191970336,-0.11097273989454005
2687,-0.013890403495225237,0.023883041743313252,-0.11097273989454005
2688,-0.013890403447882291,0.023883042191978406,-0.11097273989454005
2689,-0.01389040349463345,0.023883042191970336,-0.11097273989454005
2690,-0.013890403447882291,0.023883042191978406,-0.11097273989454005
2691,-0.01389040349463345,0.023883041743305182,-0.11097273989454005
2692,-0.013890403448474078,0.023883042191978406,-0.11097273989454005
2693,-0.013890403495225237,0.023883042191970336,-0.11097273989454005
2694,-0.013890403447882291,0.023883042191970336,-0.11097273989454005
2695,-0.01389040349463345,0.023883041743313252,-0.11097273989492856
2696,-0.013890403447586398,0.023883042191970336,-0.11097273989454005
2697,-0.013890403495225237,0.023883042191970336,-0.11097273989454005
2698,-0.013890403448474078,0.023883041743313252,-0.11097273989454005
2699,-0.01389040349463345,0.023883042191978406,-0.11097273989454005
2700,-0.013890403447882291,0.023883042191970336,-0.11097273989454005
2701,-0.01389040349463345,0.023883042191962266,-0.11097273989454005
2702,-0.013890403448474078,0.023883041743321322,-0.11097273989454005
2703,-0.01389040349463345,0.023883042191962266,-0.11097273989454005
2704,-0.013890403447882291,0.023883042191978406,-0.11097273989454005
2705,-0.013890403448178185,0.023883041743305182,-0.11097273989454005
2706,-0.01389040349463345,0.023883042191978406,-0.11097273989454005
2707,-0.013890403448474078,0.023883042191970336,-0.11097273989454005
2708,-0.013890403494929343,0.023883042191978406,-0.11097273989454005
2709,-0.013890403447586398,0.023883041743305182,-0.11097273989454005
2710,-0.013890403495225237,0.023883042191978406,-0.11097273989454005
2711,-0.013890403447882291,0.023883042191970336,-0.11097273989454005
2712,-0.01389040349463345,0.023883041743313252,-0.11097273989492856
2713,-0.013890403448474078,0.023883042191970336,-0.11097273989454005
2714,-0.01389040349463345,0.023883042191970336,-0.11097273989454005
2715,-0.013890403447882291,0.023883042191978406,-0.11097273989454005
2716,-0.013890403495225237,0.023883041743305182,-0.11097273989454005
2717,-0.013890403448474078,0.023883042191978406,-0.11097273989454005
2718,-0.01389040349374577,0.023883042191970336,-0.11097273989454005
2719,-0.013890403448474078,0.023883042191978406,-0.11097273989454005
2720,-0.01389040349463345,0.023883041743313252,-0.11097273989454005
2721,-0.013890403448474078,0.023883042191970336,-0.11097273989454005
2722,-0.015523889318546463,0.013204530985738414,-0.01889669380750623
2723,-0.015523889365297621,0.013204530985730344,-0.01889669380750623
2724,-0.015523889318546463,0.013204530985738414,-0.01889669380750623
2725,-0.015523889318546463,0.013204530985738414,-0.01889669380750623
2726,-0.015523889365297621,0.013204530985738414,-0.01889669380750623
2727,-0.015523889318546463,0.013204530985738414,-0.01889669380750623
2728,-0.015523889318546463,0.013204530985730344,-0.01889669380750623
2729,-0.015523889364705834,0.013204530985746483,-0.01889669380750623
2730,-0.015523889318546463,0.013204530985730344,-0.01889669380750623
2731,-0.01552388931913825,0.013204530985738414,-0.01889669380750623
2732,-0.015523889365297621,0.013204531434403569,-0.01889669380750623
2733,-0.015523889318546463,0.013204530985730344,-0.01889669380750623
2734,-0.015523889318842356,0.013204530985738414,-0.01889669380750623
2735,-0.015523889365001728,0.013204530985738414,-0.01889669380750623
2736,-0.015523889318546463,0.013204530985738414,-0.01889669380750623
2737,-0.015523889318546463,0.013204530985738414,-0.01889669380750623
2738,-0.015523889365297621,0.013204530985738414,-0.01889669380750623
2739,-0.015523889318546463,0.013204530985730344,-0.01889669380750623
2740,-0.015523889318546463,0.013204530985738414,-0.01889669380750623
2741,-0.015523889365297621,0.013204530985738414,-0.01889669380750623
2742,-0.015523889318546463,0.013204530985738414,-0.01889669380750623
2743,-0.015523889365297621,0.013204530985738414,-0.01889669380750623
2744,-0.015523889318546463,0.013204530985746483,-0.01889669380750623
2745,-0.015523889318546463,0.013204530985730344,-0.01889669380750623
2746,-0.015523889365297621,0.013204530985746483,-0.01889669380750623
2747,-0.015523889318842356,0.013204530985730344,-0.01889669380750623
2748,-0.015523889318546463,0.013204530985738414,-0.01889669380750623
2749,-0.015523889365001728,0.013204530985738414,-0.01889669380750623
2750,-0.015523889318546463,0.013204530985738414,-0.01889669380750623
2751,-0.015523889318546463,0.013204530985738414,-0.01889669380750623
2752,-0.015523889365593515,0.013204531434395499,-0.01889669380750623
2753,-0.015523889318546463,0.013204530985738414,-0.01889669380750623
2754,-0.015523889318546463,0.013204530985730344,-0.01889669380750623
2755,-0.015523889365297621,0.013204530985746483,-0.01889669380750623
2756,-0.015523889318546463,0.013204530985730344,-0.01889669380750623
2757,-0.015523889318546463,0.013204530985746483,-0.01889669380750623
2758,-0.015523889365001728,0.013204530985730344,-0.01889669380750623
2759,-0.015523889318546463,0.013204530985738414,-0.01889669380750623
2760,-0.015523889318546463,0.013204530985738414,-0.01889669380750623
2761,-0.015523889365593515,0.013204530985730344,-0.01889669380750623
2762,-0.015523889318546463,0.013204530985746483,-0.01889669380750623
2763,-0.03640989852688119,0.029158394360997947,-0.01889669380750623
2764,-0.03640989852658529,0.029158394360989878,-0.01889669380750623
2765,-0.03640989852688119,0.029158394360997947,-0.01889669380750623
2766,-0.03640989852688119,0.029158394360997947,-0.01889669380750623
2767,-0.036409898479834134,0.029158394360989878,-0.01889669380750623
2768,-0.0364098985262894,0.029158394360997947,-0.01889669380750623
2769,-0.036409898527177076,0.029158394360997947,-0.01889669380750623
2770,-0.0364098985262894,0.029158394360989878,-0.01889669380750623
2771,-0.036409898527177076,0.029158393912340864,-0.01889669380750623
2772,-0.03640989852658529,0.029158394360997947,-0.01889669380750623
2773,-0.036409898527177076,0.029158394360997947,-0.01889669380750623
2774,-0.0364098985262894,0.029158394360989878,-0.01889669380750623
2775,-0.03640989848042592,0.029158394360997947,-0.01889669380750623
2776,-0.03640989852658529,0.029158394361006017,-0.01889669380750623
2777,-0.03640989852688119,0.029158394360981808,-0.01889669380750623
2778,-0.03640989852688119,0.029158394360997947,-0.01889669380750623
2779,-0.03640989852658529,0.029158394361006017,-0.01889669380750623
2780,-0.025031451149989503,0.03476177232867487,-0.01889669380750623
2781,-0.0250314511502854,0.03476177277733196,-0.01889669380750623
2782,-0.0250314511502854,0.03476177232868294,-0.01889669380750623
2783,-0.0250314511502854,0.03476177232868294,-0.01889669380750623
2784,-0.025031451195852983,0.03476177277734003,-0.01889669380750623
2785,-0.025031451150877185,0.03476177232867487,-0.01889669380750623
2786,-0.02503145114969361,0.03476177232867487,-0.01889669380750623
2787,-0.0250314511502854,0.03476177277733196,-0.01889669380750623
2788,-0.0250314511502854,0.03476177232868294,-0.01889669380750623
2789,0.06360558325676573,-0.1487146988914147,0.34940749054062903
2790,0.06360558321001457,-0.14871469934007178,0.34940749054062903
2791,0.06360558325676573,-0.14871469889140662,0.34940749054101755
2792,0.06360558325617394,-0.14871469934007986,0.34940749054062903
2793,0.06360558321060635,-0.1487146988914147,0.34940749054062903
2794,0.06360558325676573,-0.14871469934007986,0.34940749054062903
2795,0.06360558325617394,-0.1487146988914147,0.34940749054101755
2796,0.06360558321060635,-0.14871469934007986,0.34940749054062903
2797,0.06360558325676573,-0.1487146988914147,0.34940749054062903
2798,0.42402826943221317,-0.5103811363518238,-1.6591792467810453
2799,0.4199362834877349,-0.5160478055558889,-0.4899897484560433
2800,0.419936283487439,-0.5160478055559131,-0.4899897484560433
2801,0.4199362834877349,-0.5160478051072399,-0.4899897484564318
2802,0.4199362834877349,-0.516047805555905,-0.4899897484560433
2803,0.4199362834877349,-0.516047805555905,-0.4899897484560433
2804,0.4199362834877349,-0.5160478055559131,-0.4899897484560433
2805,0.4199362834877349,-0.5160478051072399,-0.4899897484564318
2806,0.419936283487439,-0.5160478055559131,-0.4899897484560433
2807,0.4199362834877349,-0.516047805555905,-0.4899897484560433
2808,0.4199362834877349,-0.5160478055558889,-0.4899897484560433
2809,0.4199362834877349,-0.516047805555905,-0.4899897484560433
2810,0.4199362834877349,-0.5160478051072479,-0.4899897484564318
2811,0.4199362834877349,-0.516047805555905,-0.4899897484560433
2812,0.41993628348803075,-0.516047805555905,-0.4899897484560433
2813,-0.10863111338545182,-0.42418363376897683,-0.1360597333056162
2814,-0.1086311134310194,-0.4241836337689849,-0.1360597333056162
2815,-0.1086311134313153,-0.42418363332030357,-0.1360597333056162
2816,-0.10863111338486003,-0.42418363376897683,-0.1360597333056162
2817,-0.10863111338486003,-0.4241836337689849,-0.1360597333056162
2818,-0.1086311134313153,-0.4241836337689687,-0.1360597333056162
2819,-0.10863111343161119,-0.42418363332031167,-0.1360597333056162
2820,-0.10863111338515594,-0.42418363376897683,-0.1360597333056162
2821,-0.10863111338515594,-0.4241836337689687,-0.1360597333056162
2822,-0.1086311134313153,-0.42418363376897683,-0.1360597333056162
2823,-0.10863111343161119,-0.42418363376897683,-0.1360597333056162
2824,-0.10863111338456415,-0.4241836333203197,-0.1360597333056162
2825,-0.10863111338486003,-0.4241836337689687,-0.1360597333056162
2826,-0.1086311134313153,-0.4241836337689687,-0.1360597333056162
2827,0.2518028563117542,0.08483864231999369,0.233454468188393
2828,0.2518028563117542,0.08483864187133659,0.233454468188393
2829,0.251802856312346,0.08483864231999369,0.233454468188393
2830,0.25180285626559484,0.08483864231999369,0.233454468188393
2831,0.2518028563117542,0.08483864187133659,0.233454468188393
2832,0.2518028563117542,0.08483864232000175,0.233454468188393
2833,0.2518028563117542,0.08483864231999369,0.233454468188393
2834,0.2518028563126419,0.08483864232000175,0.233454468188393
2835,0.2518028563114583,0.08483864187132853,0.233454468188393
2836,0.2518028562652989,0.08483864232000983,0.233454468188393
2837,0.251802856312346,0.08483864231998561,0.233454468188393
2838,0.2518028563117542,0.08483864187134467,0.233454468188393
2839,0.251802856312346,0.08483864231999369,0.233454468188393
2840,0.2212906179624426,0.5693162353226441,0.527864157183544
2841,0.22129061800948965,0.5693162353226603,0.5278641571839324
2842,0.2212906179630344,0.5693162353226522,0.527864157183544
2843,0.6675342943978559,0.4211244697940237,-0.42896733205089105
2844,0.6675342943969683,0.42112446934536657,-0.42896733205089105
2845,0.6675342943514007,0.4211244697940237,-0.42896733205089105
2846,0.6675342943972642,0.4211244697940237,-0.42896733205089105
2847,0.6943474748993629,0.10180252062210449,-0.01889669380750623
2848,0.6943474749464099,0.10180252107076157,-0.01889669380750623
2849,0.6943474748987711,0.10180252062210449,-0.01889669380750623
2850,0.298419262849036,0.6548797483068628,-0.5656575447985565
2851,0.298419262849036,0.6548797483068628,-0.5656575447985565
2852,0.29841926284874015,0.6548797483068628,-0.5656575447985565
2853,0.29841926280228487,0.6548797487555199,-0.5656575447989449
2854,0.298419262849036,0.6548797483068628,-0.5656575447985565
2855,0.29841926284874015,0.6548797483068628,-0.5656575447985565
2856,0.34733990894830863,0.7460903859323598,0.6372163273819094
2857,0.34733990894830863,0.7460903859323518,0.6372163273819094
2858,0.3473399089491963,0.7460903859323598,0.6372163273815209
2859,0.34733990894890043,0.7460903859323518,0.6372163273819094
2860,0.34733990894860456,0.7460903859323518,0.6372163273819094
2861,0.9391010892721746,0.09650984117208232,-0.7843618851952873
2862,0.9391010892263111,0.09650984117206618,-0.7843618851948988
2863,0.9391010892730622,0.09650984117207426,-0.7843618851952873
2864,0.9391010892727664,0.09650984072341717,-0.7843618851948988
2865,0.9391010892260152,0.09650984117206618,-0.7843618851952873
2866,0.9391010892730622,0.09650984117207426,-0.7843618851948988
2867,0.9391010892721746,0.09650984117207426,-0.7843618851952873
2868,0.9391010892263111,0.09650984117207426,-0.7843618851948988
2869,0.9391010892730622,0.09650984117206618,-0.7843618851952873
2870,0.9391010892724705,0.09650984117207426,-0.7843618851948988
2871,0.9391010892260152,0.09650984117206618,-0.7843618851952873
2872,0.9391010892730622,0.09650984072342524,-0.7843618851948988
2873,0.9391010892727664,0.09650984117205812,-0.7843618851952873
2874,0.9391010892257193,0.09650984117208232,-0.7843618851948988
2875,0.9391010892730622,0.09650984117207426,-0.7843618851952873
2876,1.0379726330156545,-0.20711097571517834,-1.1705117362075976
2877,1.0379726329683117,-0.20711097616383542,-1.1705117362075976
2878,1.0379726329686074,-0.20711097571517834,-1.1705117362075976
2879,1.0379726330150627,-0.20711097571517834,-1.1705117362075976
2880,1.0379726330150627,-0.20711097571516218,-1.170511736207986
2881,1.0379726329689034,-0.20711097616385155,-1.1705117362075976
2882,1.0379726329686074,-0.20711097571516218,-1.1705117362075976
2883,1.0379726330150627,-0.20711097571517834,-1.1705117362075976
2884,1.0379726330156545,-0.20711097616383542,-1.1705117362075976
2885,1.0379726329683117,-0.20711097571517834,-1.1705117362075976
2886,1.0821929976107316,-0.27132707435845366,-0.9757281830419412
2887,1.0821929976113234,-0.2713270743584456,-0.9757281830419412
2888,1.0821929976577787,-0.27132707435845366,-0.9757281830423297
2889,1.0821929976113234,-0.27132707435845366,-0.9757281830419412
2890,1.0821929976110274,-0.27132707435845366,-0.9757281830419412
2891,1.0821929976107316,-0.27132707435845366,-0.9757281830423297
2892,1.0821929976119151,-0.27132707480711077,-0.9757281830419412
2893,1.0821929976107316,-0.2713270743584375,-0.9757281830419412
2894,1.0821929976110274,-0.27132707435846176,-0.9757281830419412
2895,1.0821929976580744,-0.2713270743584456,-0.9757281830419412
2896,1.0821929976110274,-0.27132707435845366,-0.9757281830423297
2897,1.0821929976107316,-0.27132707435845366,-0.9757281830419412
2898,1.136817694642801,-0.08311904179600264,-1.0658194596256299
2899,1.1368176946422093,-0.08311904179600264,-1.0658194596260182
2900,1.1368176946889605,-0.08311904134733748,-1.0658194596256299
2901,1.1368176946422093,-0.08311904179599457,-1.0658194596260182
2902,1.136817694642801,-0.08311904179600264,-1.0658194596256299
2903,1.136817694642801,-0.08311904179600264,-1.0658194596260182
2904,1.1368176946422093,-0.08311904179600264,-1.0658194596256299
2905,1.1368176946422093,-0.08311904179599457,-1.0658194596260182
2906,1.1368176946895523,-0.08311904134735362,-1.0658194596256299
2907,1.1368176946422093,-0.08311904179600264,-1.0658194596260182
2908,1.1368176946425053,-0.08311904179599457,-1.0658194596256299
2909,1.321658700352961,-0.1346014481497977,-1.2946720127868823
2910,1.3216587003535527,-0.13460144814980576,-1.2946720127868823
2911,1.321658700352961,-0.13460144814980576,-1.2946720127868823
2912,1.321658700353257,-0.1346014481497977,-1.2946720127868823
2913,1.3216587003070974,-0.13460144814980576,-1.2946720127868823
2914,1.321658700352961,-0.13460144814981384,-1.2946720127868823
2915,1.321658700352961,-0.13460144814978964,-1.2946720127868823
2916,1.3216587003535527,-0.13460144814981384,-1.2946720127868823
2917,1.321658700353257,-0.1346014481497977,-1.2946720127868823
2918,1.455348059309539,-0.2351611674032167,-2.479320523267815
2919,1.4553480593083552,-0.23516116695455153,-2.479320523267815
2920,1.790308185275088,-0.19017465371219275,-1.2491086085376606
2921,1.790308185275088,-0.19017465371220083,-1.249108608537272
2922,1.7903081853212472,-0.19017465416084176,-1.2491086085376606
2923,1.790308185275384,-0.19017465371220083,-1.2491086085376606
2924,1.7479964500979281,-0.2108149678273047,-1.9940702680129807
2925,1.7479964500514729,-0.21081496737863953,-1.9940702680129807
2926,1.7479964500976324,-0.2108149678273047,-1.9940702680133693
2927,1.7479964500514729,-0.21081496737863953,-1.9940702680129807
2928,1.7479964500976324,-0.2108149678272966,-1.9940702680129807
2929,1.5769911759517956,-0.3844125845515939,-2.315292267970461
2930,1.5769911759985469,-0.3844125841029206,-2.315292267970461
2931,1.5769911759523874,-0.38441258455157773,-2.3152922679700723
2932,1.576991175998251,-0.38441258410293677,-2.315292267970461
2933,1.5769911759520916,-0.38441258455157773,-2.315292267970461
2934,1.5905076620891252,-0.15841878698527814,-1.9382550978079172
2935,1.590507662042374,-0.15841878653661298,-1.9382550978075288
2936,1.590507662089421,-0.15841878698527007,-1.9382550978075288
2937,1.590507662090013,-0.15841878698528622,-1.9382550978079172
2938,1.590507662042374,-0.15841878653662106,-1.9382550978079172
2939,1.590507662089421,-0.15841878698526202,-1.9382550978075288
2940,1.681224742345632,-0.2258996096314535,-1.6591792467810453
2941,1.681224742392679,-0.22589960963143738,-1.6591792467806568
2942,1.681224742345632,-0.22589960918277222,-1.6591792467810453
2943,1.6812247423462237,-0.22589960963144545,-1.6591792467810453
2944,1.6792426737608532,-0.4182852285575408,-1.3311227361863376
2945,1.6792426738079003,-0.4182852285575489,-1.3311227361863376
2946,1.6792426737611492,-0.4182852285575489,-1.3311227361863376
2947,1.679242673808492,-0.41828522855755695,-1.3311227361863376
2948,1.679242673761741,-0.4182852285575489,-1.3311227361863376
2949,1.5508408758911187,-0.5438976517911077,-1.1124183957899951
2950,1.5508408758920065,-0.5438976522397809,-1.1124183957896066
2951,1.5508408758920065,-0.54389765179114,-1.1124183957899951
2952,1.6272351291206386,-0.09754960386713778,-0.01889669380750623
2953,1.5390871049104937,-0.10813875170785534,-0.01889669380750623
2954,1.49061200138745,-0.13989356677380774,-3.2994617997541957
2955,1.464158129359188,0.04005248754163095,-0.01889669380750623
2956,1.609609730845729,0.09297928338789642,-1.6933517999679617
2957,1.6669027916806551,0.08239644999963577,-1.6591792467810453
2958,1.7153778952042908,0.43171203879729847,-1.6591792467810453
2959,1.9181225575713254,0.3840703454170632,-0.01889669380750623
2960,1.9313416062310524,0.3311498640231901,-1.6591792467810453
2961,1.8696421958279905,0.42112289095659705,-1.6591792467806568
2962,1.9018132801018708,-0.026102849703525992,-1.1670944808889836
2963,1.901813280101279,-0.026102850152175006,-1.1670944808889836
2964,1.901813280101279,-0.026102850152183076,-1.1670944808889836
2965,1.9018132801009833,-0.026102849703534062,-1.1670944808889836
2966,1.901813280101279,-0.026102849703517922,-1.1670944808889836
2967,1.901813280148622,-0.026102850152183076,-1.167094480888595
2968,1.9018132801009833,-0.026102850152191145,-1.1670944808889836
2969,1.901813280101575,-0.026102849703525992,-1.1670944808889836
2970,1.901813280101575,-0.026102849703517922,-1.1670944808889836
2971,1.901813280101279,-0.026102850152183076,-1.1670944808889836
2972,1.7021588464975168,-0.4839114242005748,-0.01889669380750623
2973,1.771475916614533,-0.24767130950208202,-1.2149360553507442
2974,1.7714759165680778,-0.2476713095020659,-1.2149360553507442
2975,1.771475916614829,-0.2476713090534088,-1.2149360553503556
2976,1.771475916614829,-0.2476713095020659,-1.2149360553507442
2977,1.771475916567486,-0.2476713095020659,-1.2149360553507442
2978,1.771475916614829,-0.24767130950208202,-1.2149360553507442
2979,1.7714759165680778,-0.2476713095020659,-1.2149360553507442
2980,1.771475916614533,-0.2476713095020659,-1.2149360553507442
2981,1.771475916614829,-0.2476713090534088,-1.2149360553503556
2982,1.771475916567782,-0.2476713095020659,-1.2149360553507442
2983,1.771475916614533,-0.24767130950208202,-1.2149360553507442
2984,1.8828617703983075,-0.141481622845932,-1.0030662255916296
2985,1.8828617703512605,-0.14148162284592392,-1.0030662255916296
2986,1.8828617703980117,-0.14148162284592392,-1.0030662255916296
2987,1.8828617703512605,-0.141481622845932,-1.0030662255916296
2988,1.8828617703977157,-0.14148162284594007,-1.0030662255916296
2989,1.8828617703980117,-0.141481623294581,-1.0030662255912413
2990,1.8828617703512605,-0.141481622845932,-1.0030662255916296
2991,1.8828617703986035,-0.14148162284592392,-1.0030662255916296
2992,1.8828617703512605,-0.141481622845932,-1.0030662255916296
2993,1.8828617703977157,-0.14148162284592392,-1.0030662255916296
2994,1.823362379828113,-0.2942623347982384,-0.8418856830596579
2995,1.8233623798278171,-0.29426233524690354,-0.8418856830600464
2996,1.823362379828113,-0.29426233479825453,-0.8418856830596579
2997,1.8233623798275211,-0.2942623347982464,-0.8418856830600464
2998,1.823362379828113,-0.2942623352468955,-0.8418856830596579
2999,1.8233623798742724,-0.2942623347982464,-0.8418856830600464
3000,1.823362379828113,-0.2942623347982384,-0.8418856830596579
3001,1.823362379828113,-0.29426233524690354,-0.8418856830596579
3002,1.8233623798278171,-0.2942623347982384,-0.8418856830600464
3003,1.8233623798275211,-0.2942623347982464,-0.8418856830596579
3004,1.823362379828113,-0.2942623352469116,-0.8418856830600464
3005,1.8233623798275211,-0.2942623347982464,-0.8418856830596579
3006,1.1012049557218877,-0.011314666371155394,-0.3083583208029509
3007,1.1012049557218877,-0.01131466592249024,-0.3083583208025624
3008,1.101204955721592,-0.011314666371155394,-0.3083583208029509
3009,1.101204955721296,-0.011314666371163464,-0.3083583208029509
3010,1.1012049557218877,-0.011314666371163464,-0.3083583208029509
3011,1.1012049557218877,-0.01131466592248217,-0.3083583208025624
3012,1.101204955721296,-0.011314666371163464,-0.3083583208029509
3013,1.1012049557218877,-0.011314666371163464,-0.3083583208029509
3014,1.1012049556751367,-0.01131466592248217,-0.3083583208025624
3015,1.1012049557218877,-0.011314666371163464,-0.3083583208029509
3016,1.101204955721592,-0.011314666371147326,-0.3083583208029509
3017,1.101204955721592,-0.01131466592251445,-0.3083583208025624
3018,1.1012049557218877,-0.011314666371147326,-0.3083583208029509
3019,1.1012049557218877,-0.011314666371163464,-0.3083583208029509
3020,1.101204955721296,-0.011314666371163464,-0.3083583208029509
3021,1.101204955721592,-0.01131466592248217,-0.3083583208025624
3022,1.1012049557218877,-0.011314666371163464,-0.3083583208029509
3023,1.0157890991641096,0.0848657777752712,-0.8937140553932642
3024,1.0157890991647014,0.0848657777752712,-0.8937140553936528
3025,1.0157890991176544,0.08486577732660604,-0.8937140553932642
3026,1.0157890991647014,0.08486577777525506,-0.8937140553932642
3027,1.0157890991644056,0.08486577777528734,-0.8937140553932642
3028,1.0157890991644056,0.08486577777525506,-0.8937140553936528
3029,1.0157890991647014,0.0848657777752712,-0.8937140553932642
3030,1.0157890991179503,0.08486577732662218,-0.8937140553932642
3031,1.0157890991644056,0.08486577777525506,-0.8937140553932642
3032,1.0157890991647014,0.0848657777752712,-0.8937140553936528
3033,1.0157890991644056,0.0848657777752712,-0.8937140553932642
3034,1.0157890991644056,0.08486577777526312,-0.8937140553932642
3035,1.0157890991179503,0.08486577732660604,-0.8937140553932642
3036,1.0157890991647014,0.08486577777526312,-0.8937140553936528
3037,1.0157890991644056,0.0848657777752712,-0.8937140553932642
3038,1.0057989196081052,0.15472847433201745,-0.01889669380750623
3039,1.0057989196545605,0.15472847478069873,-0.01889669380750623
3040,1.0057989196081052,0.15472847433201745,-0.01889669380750623
3041,1.0057989196542645,0.15472847478069873,-0.01889669380750623
3042,1.0057989196081052,0.15472847433200937,-0.01889669380750623
3043,1.0057989196545605,0.15472847433201745,-0.01889669380750623
3044,1.0057989196081052,0.15472847478069873,-0.01889669380750623
3045,1.0057989196548565,0.15472847433201745,-0.01889669380750623
3046,1.0057989196081052,0.1547284747806826,-0.01889669380750623
3047,1.0057989196542645,0.15472847433202552,-0.01889669380750623
3048,1.0057989196081052,0.15472847433202552,-0.01889669380750623
3049,1.0057989196545605,0.15472847478067453,-0.01889669380750623
3050,1.0057989196081052,0.15472847433202552,-0.01889669380750623
3051,1.0057989196545605,0.1547284747806826,-0.01889669380750623
3052,1.0057989196078092,0.15472847433202552,-0.01889669380750623
3053,1.0939458922769854,0.15119749570399996,-0.01889669380750623
3054,1.102758591367689,-0.04462912292195404,-0.01889669380750623
3055,1.1027585914144402,0.09298559784035333,-1.6591792467806568
3056,1.1311882221712388,0.18639551967569504,-0.348661832061521
3057,1.1311882221709428,0.18639551967568696,-0.348661832061521
3058,1.1311882221712388,0.18639551967570311,-0.348661832061521
3059,1.1311882221238958,0.18639552012435212,-0.348661832061521
3060,1.1311882221712388,0.18639551967569504,-0.3486618320619095
3061,1.1311882221709428,0.18639551967568696,-0.348661832061521
3062,1.1311882221712388,0.18639551967570311,-0.348661832061521
3063,1.1311882221712388,0.18639551967569504,-0.348661832061521
3064,1.131188222170647,0.18639551967569504,-0.348661832061521
3065,1.1311882221244876,0.1863955201243602,-0.348661832061521
3066,1.1311882221712388,0.18639551967569504,-0.348661832061521
3067,1.1311882221709428,0.18639551967568696,-0.348661832061521
3068,1.1311882221712388,0.18639551967570311,-0.348661832061521
3069,1.131188222170647,0.18639551967569504,-0.348661832061521
3070,1.1311882221712388,0.18639551967568696,-0.348661832061521
3071,1.1311882221709428,0.18639551967569504,-0.3486618320619095
3072,1.1311882221244876,0.1863955201243602,-0.348661832061521
3073,1.1311882221709428,0.18639551967569504,-0.348661832061521
3074,1.1311882221715346,0.18639551967570311,-0.348661832061521
3075,1.1311882221709428,0.1863955196756789,-0.348661832061521
3076,1.0737238840308965,0.27137349528958576,-0.11538390280585831
3077,1.0737238840306007,0.2713734957382509,-0.11538390280585831
3078,1.0737238840308965,0.27137349528958576,-0.1153839028062468
3079,1.0737238840308965,0.2713734952896019,-0.11538390280585831
3080,1.0737238840306007,0.2713734957382428,-0.11538390280585831
3081,1.0737238840308965,0.27137349528958576,-0.11538390280585831
3082,1.0737238840306007,0.2713734952895938,-0.1153839028062468
3083,1.0737238840311925,0.2713734957382428,-0.11538390280585831
3084,1.0737238840308965,0.27137349528958576,-0.11538390280585831
3085,1.0737238840306007,0.2713734957382509,-0.11538390280585831
3086,1.0737238840311925,0.27137349528958576,-0.1153839028062468
3087,1.0737238840306007,0.27137349528958576,-0.11538390280585831
3088,1.0737238840308965,0.2713734957382509,-0.11538390280585831
3089,1.0737238840306007,0.27137349528958576,-0.11538390280585831
3090,1.0737238840311925,0.27137349528958576,-0.1153839028062468
3091,1.0737238840308965,0.2713734957382509,-0.11538390280585831
3092,1.0737238840308965,0.27137349528958576,-0.11538390280585831
3093,1.238759001180633,0.03287218118755753,-0.487548851799946
3094,1.2387590011812248,0.03287218118755753,-0.487548851799946
3095,1.238759001180929,0.03287218118757367,-0.487548851799946
3096,1.238759001180929,0.032872181636214616,-0.487548851799946
3097,1.238759001180929,0.0328721811875656,-0.487548851799946
3098,1.238759001180929,0.03287218118757367,-0.487548851799946
3099,1.2387590011347696,0.03287218118755753,-0.487548851799946
3100,1.238759001180929,0.03287218118755753,-0.4875488517995575
3101,1.238759001180633,0.03287218118757367,-0.487548851799946
3102,1.2387590011812248,0.03287218118755753,-0.487548851799946
3103,1.238759001180929,0.032872181636230756,-0.487548851799946
3104,1.238759001180929,0.03287218118755753,-0.487548851799946
3105,1.2387590011812248,0.03287218118755753,-0.487548851799946
3106,1.238759001180633,0.0328721811875656,-0.487548851799946
3107,1.250651738200757,0.008887011349158855,-0.5656575447985565
3108,1.25065173815371,0.008887011349150785,-0.5656575447989449
3109,1.2506517382001652,0.008887011349150785,-0.5656575447985565
3110,1.250651738200757,0.008887011349142717,-0.5656575447985565
3111,1.25065173815371,0.008887011349150785,-0.5656575447989449
3112,1.2506517382001652,0.008887011349158855,-0.5656575447985565
3113,1.2506517382004612,0.008887011349150785,-0.5656575447985565
3114,1.2506517381540059,0.008887011349150785,-0.5656575447989449
3115,1.2506517382001652,0.008887011349150785,-0.5656575447985565
3116,0.9705365550285042,-0.5421296369653354,-0.01889669380750623
3117,0.6311740231012289,-0.663863792519773,1.6213858591660328
3118,0.710509348221262,-0.6903271906672384,-1.6591792467810453
3119,0.675248035229677,-0.7803002176006372,1.6213858591660328
3120,0.6488046795964296,-0.7538368194531719,-0.01889669380750623
3121,0.6664300779186823,-0.5103811368004728,-0.01889669380750623
3122,0.8173843581450276,-0.520962391351331,-0.8390379702942757
3123,0.8173843581917788,-0.5209623913513391,-0.8390379702938873
3124,0.8173843581450276,-0.520962391351331,-0.8390379702942757
3125,0.8173843581450276,-0.520962391351331,-0.8390379702942757
3126,0.829507077679541,-0.8014721988296315,-1.6591792467810453
3127,0.8476241152382747,-0.6050565926316238,0.07223011469093739
3128,0.8476241151912277,-0.6050565926316238,0.07223011469093739
3129,0.8476241152379789,-0.6050565926316238,0.07223011469132588
3130,0.8476241152379789,-0.60505659263164,0.07223011469093739
3131,0.8476241152382747,-0.605056593080289,0.07223011469093739
3132,0.8476241151912277,-0.6050565926316238,0.07223011469093739
3133,0.8476241152379789,-0.6050565926316238,0.07223011469132588
3134,0.8476241152379789,-0.6050565926316238,0.07223011469093739
3135,0.8476241151912277,-0.6050565926316238,0.07223011469093739
3136,0.8476241152382747,-0.60505659263164,0.07223011469093739
3137,0.8476241152379789,-0.6050565926316238,0.07223011469093739
3138,0.8476241152379789,-0.60505659263164,0.07223011469132588
3139,0.8476241151915236,-0.6050565926316238,0.07223011469093739
3140,0.847624115237683,-0.605056593080289,0.07223011469093739
3141,0.8476241152382747,-0.6050565926316238,0.07223011469093739
3142,0.8476241152379789,-0.6050565926316238,0.07223011469132588
3143,0.8476241151912277,-0.6050565926316238,0.07223011469093739
3144,0.8476241152382747,-0.60505659263164,0.07223011469093739
3145,1.086754924545669,-0.36608385086117545,-0.01889669380750623
3146,1.0867549245930117,-0.3660838504125426,-0.01889669380750623
3147,1.086754924545669,-0.3660838508611916,-0.01889669380750623
3148,1.0867549245462607,-0.3660838508611916,-0.01889669380750623
3149,1.086754924592716,-0.3660838504125426,-0.01889669380750623
3150,1.0867549245459647,-0.36608385086117545,-0.01889669380750623
3151,1.086754924592716,-0.36608385086120776,-0.01889669380750623
3152,1.0867549245459647,-0.3660838504125103,-0.01889669380750623
3153,1.0867549245459647,-0.36608385086120776,-0.01889669380750623
3154,1.086754924592716,-0.36608385086117545,-0.01889669380750623
3155,1.0867549245459647,-0.36608385086120776,-0.01889669380750623
3156,1.0867549245459647,-0.3660838504125103,-0.01889669380750623
3157,1.086754924592716,-0.3660838508611916,-0.01889669380750623
3158,1.0867549245462607,-0.3660838508611916,-0.01889669380750623
3159,1.08675492459242,-0.3660838504125426,-0.01889669380750623
3160,1.0867549245459647,-0.36608385086117545,-0.01889669380750623
3161,1.0867549245459647,-0.36608385086120776,-0.01889669380750623
3162,1.086754924592716,-0.36608385041252645,-0.01889669380750623
3163,1.086754924545669,-0.3660838508611916,-0.01889669380750623
3164,1.0439094204303887,-0.2018487536051518,0.3670521421862905
3165,1.0439094204303887,-0.20184875360516794,0.3670521421862905
3166,1.043909420430093,-0.20184875405380082,0.3670521421862905
3167,1.043909420430093,-0.2018487536051518,0.3670521421862905
3168,1.0439094204303887,-0.2018487536051518,0.36705214218590204
3169,1.0439094204303887,-0.20184875360516794,0.3670521421862905
3170,1.043909420430093,-0.20184875405380082,0.3670521421862905
3171,1.043909420429797,-0.2018487536051518,0.3670521421862905
3172,1.0439094203836377,-0.2018487536051518,0.3670521421862905
3173,1.0439094204303887,-0.20184875360516794,0.3670521421862905
3174,1.043909420429797,-0.20184875405380082,0.3670521421862905
3175,1.0439094204306847,-0.2018487536051518,0.3670521421862905
3176,1.043909420429797,-0.2018487536051518,0.36705214218590204
3177,1.0439094204303887,-0.20184875360516794,0.3670521421862905
3178,1.043909420430093,-0.20184875405380082,0.3670521421862905
3179,1.0439094204303887,-0.2018487536051518,0.3670521421862905
3180,1.043909420429797,-0.2018487536051518,0.3670521421862905
3181,0.9950256227872228,-0.2413358898047263,0.07223011469093739
3182,0.9950256227410634,-0.24133589025339147,0.07223011469093739
3183,0.9950256227869269,-0.24133588980471019,0.07223011469132588
3184,0.9950256227407676,-0.24133589025337535,0.07223011469093739
3185,0.9950256227872228,-0.24133588980474246,0.07223011469093739
3186,0.9950256227872228,-0.24133589025337535,0.07223011469093739
3187,0.9950256227407676,-0.2413358898047263,0.07223011469132588
3188,0.9950256227872228,-0.24133589025337535,0.07223011469093739
3189,0.9950256227872228,-0.2413358898047263,0.07223011469093739
3190,0.9950256227404717,-0.24133588980471019,0.07223011469093739
3191,0.9950256227875187,-0.24133589025339147,0.07223011469093739
3192,0.9950256227404717,-0.24133588980471019,0.07223011469132588
3193,0.9950256227875187,-0.24133589025339147,0.07223011469093739
3194,0.9950256227869269,-0.2413358898047263,0.07223011469093739
3195,0.9950256227407676,-0.2413358902533592,0.07223011469093739
3196,0.9950256227872228,-0.2413358898047263,0.07223011469132588
3197,0.9950256227407676,-0.24133589025339147,0.07223011469093739
3198,0.9950256227872228,-0.24133588980471019,0.07223011469093739
3199,0.5077681913490187,-0.7591313935978633,-1.1124183957899951
3200,0.5077681913493146,-0.759131393597831,-1.1124183957896066
3201,0.5077681913022676,-0.7591313935978633,-1.1124183957899951
3202,0.5077681913493146,-0.7591313935978471,-1.1124183957899951
3203,0.5077681913490187,-0.7591313935978471,-1.1124183957896066
3204,0.5077681913490187,-0.7591313935978471,-1.1124183957899951
3205,0.8691694820186747,-0.5474210534351494,-0.01889669380750623
3206,1.0420748174543695,-0.1887490702867986,-0.9047544187305339
3207,1.0420748174540735,-0.18874907028678245,-0.9047544187309223
3208,1.0420748174076182,-0.18874906983813344,-0.9047544187305339
3209,1.0420748174546652,-0.1887490702867986,-0.9047544187309223
3210,1.0420748174543695,-0.18874907028678245,-0.9047544187305339
3211,1.0420748174540735,-0.1887490702867986,-0.9047544187305339
3212,1.0420748174079142,-0.1887490698381173,-0.9047544187309223
3213,1.0420748174543695,-0.1887490702867986,-0.9047544187305339
3214,1.0420748174540735,-0.1887490702867986,-0.9047544187305339
3215,1.0420748174543695,-0.18874907028678245,-0.9047544187309223
3216,1.0420748174079142,-0.18874906983813344,-0.9047544187305339
3217,1.0420748174543695,-0.18874907028676632,-0.9047544187309223
3218,1.0420748174540735,-0.1887490702867986,-0.9047544187305339
3219,1.1142193068698376,0.37560660439765436,0.6440508380191372
3220,1.1142193068230866,0.3756066043976705,0.6440508380195257
3221,1.1142193068695418,0.3756066048463357,0.6440508380191372
3222,1.1142193068224948,0.37560660439768667,0.6440508380195257
3223,1.1142193068698376,0.3756066043976705,0.6440508380191372
3224,1.0013915184046107,0.06122446877060916,-3.3336343529415005
3225,0.9485048071381159,-0.282793389104815,-1.6591792467806568
3226,0.8449319302574487,-0.44686519311347367,-1.6591792467810453
3227,0.844931930303904,-0.44686519311347367,-1.6591792467810453
3228,1.111571290551895,-0.10813875215652856,-0.01889669380750623
3229,1.0851331930924835,-0.049920539391751784,1.6213858591660328
3230,1.0057978679730422,-0.012874307856017765,-0.01889669380750623
3231,1.1248008556530917,0.008297672924327561,-0.01889669380750623
3232,1.093945892230234,0.034767385075592704,-0.01889669380750623
3233,0.2156239342537712,0.02115231564729061,-0.01889669380750623
3234,0.21562393420702003,0.02115231564729061,-0.01889669380750623
3235,0.21562393425347529,0.02115231564729061,-0.01889669380750623
3236,0.2156239342537712,0.02115231564730675,-0.01889669380750623
3237,0.2156239342540671,0.02115231564729061,-0.01889669380750623
3238,0.21562393420702003,0.02115231564729061,-0.01889669380750623
3239,0.21562393425347529,0.02115231564729061,-0.01889669380750623
3240,0.2156239342537712,0.02115231564730675,-0.01889669380750623
3241,0.21562393420702003,0.02115231564729061,-0.01889669380750623
3242,0.2156239342537712,0.02115231564729061,-0.01889669380750623
3243,0.21562393425347529,0.02115231564729061,-0.01889669380750623
3244,0.2156239342540671,0.02115231564729061,-0.01889669380750623
3245,0.21562393420702003,0.02115231564729061,-0.01889669380750623
3246,0.2156239342537712,0.02115231564729061,-0.01889669380750623
3247,0.1175173728421025,0.031394379923551895,-0.01889669380750623
3248,0.11751737284239838,0.03139437947488674,-0.01889669380750623
3249,0.1175173728421025,0.031394379923551895,-0.01889669380750623
3250,0.1175173728421025,0.03139437947488674,-0.01889669380750623
3251,0.11751737284239838,0.031394379923551895,-0.01889669380750623
3252,0.11751737279564722,0.03139437947488674,-0.01889669380750623
3253,0.1175173728421025,0.031394379923535755,-0.01889669380750623
3254,0.1175173728421025,0.03139437947488674,-0.01889669380750623
3255,0.11751737284239838,0.031394379923551895,-0.01889669380750623
3256,0.1175173728421025,0.03139437947488674,-0.01889669380750623
3257,0.11751737284239838,0.031394379923551895,-0.01889669380750623
3258,0.9176498437626013,-0.0022851604639492176,-1.6591792467810453
3259,0.9485048071384119,0.050641634933683365,1.6213858591660328
3260,1.1136321440890422,-0.02133973314813964,-0.7843618851952873
3261,1.1136321441357933,-0.021339732699442206,-0.7843618851948988
3262,1.1136321440884502,-0.0213397331481235,-0.7843618851952873
3263,1.1136321441354973,-0.021339732699474485,-0.7843618851948988
3264,1.113632144089338,-0.02133973314810736,-0.7843618851952873
3265,1.1136321441354973,-0.0213397331481235,-0.7843618851952873
3266,1.1136321440884502,-0.021339732699458346,-0.7843618851948988
3267,1.1136321441360892,-0.0213397331481235,-0.7843618851952873
3268,1.1136321440890422,-0.021339732699458346,-0.7843618851948988
3269,1.1136321441352015,-0.0213397331481235,-0.7843618851952873
3270,1.1136321440890422,-0.0213397331481235,-0.7843618851952873
3271,1.1136321441354973,-0.021339732699458346,-0.7843618851948988
3272,1.1136321440887462,-0.0213397331481235,-0.7843618851952873
3273,1.1136321441354973,-0.021339732699442206,-0.7843618851948988
3274,1.1136321440890422,-0.0213397331481235,-0.7843618851952873
3275,1.4629880104307598,-0.1614174667849765,-0.5679357150110952
3276,1.462988010477215,-0.16141746678496036,-0.5679357150110952
3277,1.4629880104307598,-0.16141746678496036,-0.5679357150110952
3278,1.4629880104775108,-0.16141746678496036,-0.5679357150110952
3279,1.4629880104304638,-0.16141746678496036,-0.5679357150110952
3280,1.462988010477215,-0.16141746678496036,-0.5679357150110952
3281,1.4629880104307598,-0.16141746678496036,-0.5679357150110952
3282,1.462988010477215,-0.16141746723362552,-0.5679357150114838
3283,1.4629880104307598,-0.1614174667849765,-0.5679357150110952
3284,1.4629880104775108,-0.16141746678496036,-0.5679357150110952
3285,1.4629880104304638,-0.16141746678496036,-0.5679357150110952
3286,1.462988010477215,-0.16141746678496036,-0.5679357150110952
3287,1.4629880104307598,-0.16141746678496036,-0.5679357150110952
3288,1.462988010477215,-0.16141746678496036,-0.5679357150110952
3289,1.4629880104307598,-0.16141746678496036,-0.5679357150110952
3290,1.519696011847927,-0.312432899845202,-1.6591792467810453
3291,1.5196960118473353,-0.312432899845202,-1.6591792467810453
3292,1.5196960118943823,-0.31243290029385107,-1.6591792467810453
3293,1.519696011847631,-0.3124328998451859,-1.6591792467810453
3294,1.519696011847631,-0.312432899845202,-1.6591792467810453
3295,1.3099064483994454,-0.2478637244261895,-2.315292267970461
3296,1.3099064483532858,-0.24786372442617335,-2.3152922679700723
3297,1.3099064484003329,-0.24786372487482236,-2.315292267970461
3298,1.3099064483532858,-0.24786372442617335,-2.3152922679700723
3299,1.3099064483994454,-0.24786372442617335,-2.315292267970461
3300,1.4597570379648883,-0.45215661003195273,-0.01889669380750623
3301,1.6388044258956298,-0.29338016891373325,-1.4584154968076204
3302,1.6388044258488785,-0.29338016936235,-1.4584154968076204
3303,1.6388044258956298,-0.29338016891368485,-1.4584154968076204
3304,1.6388044258491745,-0.293380168913701,-1.4584154968080087
3305,1.6388044258959256,-0.29338016891368485,-1.4584154968076204
3306,1.6388044258956298,-0.29338016891373325,-1.4584154968076204
3307,1.6388044258488785,-0.29338016936235,-1.4584154968076204
3308,1.6388044258959256,-0.29338016891368485,-1.4584154968076204
3309,1.5170500987992226,-0.06579478969853989,-0.01889669380750623
3310,1.6118094001807208,0.11767992815507262,-1.932559672276376
3311,1.6118094001813126,0.11767992770640746,-1.9325596722767644
3312,1.6118094001810168,0.11767992815507262,-1.9325596722767644
3313,1.6118094001807208,0.1176799281551049,-1.932559672276376
3314,1.6118094001810168,0.11767992770639132,-1.932559672276376
3315,1.6118094001810168,0.11767992815508876,-1.9325596722767644
3316,1.4685712394576342,0.1942964726718375,-1.6640610400932399
3317,1.4685712394576342,0.19429647267180522,-1.6640610400936284
3318,1.4685712394576342,0.1942964726718375,-1.6640610400932399
3319,1.4685712395046813,0.1942964726718375,-1.6640610400936284
3320,1.4685712394570423,0.19429647267180522,-1.6640610400932399
3321,1.4685712394576342,0.1942964726718375,-1.6640610400936284
3322,1.46857123945793,0.19429647267180522,-1.6640610400932399
3323,1.5456992583500588,-0.06844365493531042,-1.6591792467810453
3324,1.5456992583506506,-0.06844365538395944,-1.6591792467810453
3325,1.3434020666030773,0.015709445191939335,-2.315292267970461
3326,1.3434020666498285,0.01570944474325804,-2.315292267970461
3327,1.3434020666033732,0.015709445191923195,-2.3152922679700723
3328,1.3434020666495325,0.01570944474325804,-2.315292267970461
3329,1.3434020666030773,0.015709445191923195,-2.315292267970461
3330,1.5170500988459739,-0.3039653703338255,-1.6705700978433509
3331,1.5170500987998143,-0.3039653703338093,-1.6705700978429623
3332,1.5170500988453821,-0.30396537033379323,-1.6705700978433509
3333,1.3998170124473783,0.11203343477955784,-1.9872357573757529
3334,1.3998170124935376,0.11203343477957398,-1.9872357573757529
3335,1.3998170124473783,0.11203343522822298,-1.9872357573753645
3336,1.3998170124935376,0.11203343477959012,-1.9872357573757529
3337,1.3998170124473783,0.11203343477955784,-1.9872357573757529
3338,1.5875674666076691,-0.0075765769337631,-1.6591792467810453
3339,1.3583847068270865,0.16178664309606045,-3.2994617997545843
3340,1.314315952873066,0.6328300743417234,1.6213858591660328
3341,1.3363477007634543,0.8498223592956062,-1.6591792467810453
3342,0.9176551018899818,0.8233652756005252,1.6213858591660328
3343,0.8250954699369778,1.1197477545482113,1.6213858591660328
3344,0.9352805002116427,1.0244833111449825,-1.6591792467810453
3345,1.1732812173499712,0.7968955634492924,-0.01889669380750623
3346,1.2402692988985013,0.7069250624763745,-1.0030662255916296
3347,1.2402692988987973,0.7069250620276932,-1.0030662255916296
3348,1.2402692989452526,0.7069250624763584,-1.0030662255916296
3349,1.2402692988985013,0.7069250620276932,-1.0030662255916296
3350,1.2402692988985013,0.7069250624763745,-1.0030662255916296
3351,0.6073744772004004,1.4690620808142987,-0.34695320440221405
3352,0.6073744772001045,1.4690620808142987,-0.34695320440221405
3353,0.6073744772468557,1.4690620803656174,-0.34695320440182553
3354,0.6073744771998086,1.4690620808142987,-0.34695320440221405
3355,0.6073744772001045,1.4690620808142987,-0.34695320440221405
3356,0.9117755873361271,0.954795100128506,-0.5656575447985565
3357,0.9117755873355352,0.954795100577155,-0.5656575447989449
3358,0.9117755873822864,0.954795100128506,-0.5656575447985565
3359,0.9117755873361271,0.9547951001284737,-0.5656575447985565
3360,0.9117755873352393,0.9547951005771711,-0.5656575447989449
3361,0.9117755873358312,0.9547951001284898,-0.5656575447985565
3362,1.0136342995827337,1.0497694354052225,-0.20494726115875428
3363,1.0136342995353906,1.0497694349565572,-0.20494726115875428
3364,1.0136342995821417,1.0497694354052225,-0.20494726115836578
3365,1.0136342995827337,1.0497694354052063,-0.20494726115875428
3366,1.0136342995359824,1.0497694349565734,-0.20494726115875428
3367,1.0136342995821417,1.0497694354052063,-0.20494726115875428
3368,1.0136342995824377,1.0497694354052225,-0.20494726115836578
3369,1.0136342995356866,1.0497694349565572,-0.20494726115875428
3370,1.0136342995824377,1.0497694354052225,-0.20494726115875428
3371,1.184297091271642,1.1673799762497774,-0.01889669380750623
3372,1.1842970912719377,1.1673799766984265,-0.01889669380750623
3373,0.7556810040873257,1.4346612418805456,-0.8390379702942757
3374,0.7556810040879175,1.4346612423292269,-0.8390379702942757
3375,0.7556810041343728,1.4346612418805618,-0.8390379702942757
3376,0.7556810040879175,1.4346612418805456,-0.8390379702942757
3377,0.5981198285482039,0.5137432051866379,-0.8390379702942757
3378,0.598119828594955,0.513743205186654,-0.8390379702942757
3379,0.5981198285482039,0.5137432047379727,-0.8390379702938873
3380,0.5981198285484998,0.513743205186654,-0.8390379702942757
3381,0.3006228757913251,-0.9642195699955804,-1.2491086085376606
3382,0.3006228757910292,-0.9642195695469153,-1.2491086085376606
3383,0.3006228758374845,-0.9642195699955804,-1.2491086085376606
3384,0.3006228757910292,-0.9642195699955804,-1.2491086085376606
3385,-0.43209968850340474,-0.9417247343126055,-0.42896733205089105
3386,-0.4320996885031088,-0.9417247347613191,-0.42896733205089105
3387,-0.43209968850340474,-0.9417247347612868,-0.42896733205089105
3388,-0.43209968850340474,-0.9417247343126217,-0.42896733205089105
3389,0.3833831707675604,-0.01463600912667953,-0.9301647787927194
3390,0.3833831707675604,-0.014636008678014376,-0.9301647787927194
3391,0.3833831708146075,-0.01463600912667953,-0.9301647787927194
3392,0.3833831707672645,-0.014636008678014376,-0.9301647787927194
3393,0.3833831707675604,-0.01463600912667953,-0.9301647787931079
3394,0.3833831707672645,-0.014636008678014376,-0.9301647787927194
3395,0.38338317081431156,-0.01463600912667953,-0.9301647787927194
3396,0.3833831707678563,-0.014636008678014376,-0.9301647787927194
3397,0.3833831707672645,-0.01463600912667953,-0.9301647787927194
3398,0.7046307099823702,0.1653142545246069,-0.5656575447985565
3399,0.7046307099820743,0.16531425452459075,-0.5656575447989449
3400,0.7046307099820743,0.1653142545246069,-0.5656575447985565
3401,0.036916261921517916,-0.6779773941141596,-1.664874672312198
3402,0.03691626192181381,-0.6779773945627925,-1.664874672312198
3403,0.036916261921517916,-0.6779773945628409,-1.6648746723118095
3404,0.03691626192181381,-0.6779773941141434,-1.664874672312198
3405,0.03691626192181381,-0.6779773941141434,-1.664874672312198
3406,0.03691626192122202,-0.6779773945628247,-1.664874672312198
3407,0.7633943067622571,0.07533912292330433,-2.2059400977720953
3408,0.7633943067625529,0.07533912247462303,-2.2059400977720953
3409,0.7633943067622571,0.07533912292328819,-2.2059400977720953
3410,0.49719049855991093,-0.4849722333652534,-1.3311227361863376
3411,0.4971904985134557,-0.48497223336523726,-1.3311227361863376
3412,0.49719049856050274,-0.4849722338139186,-1.3311227361863376
3413,0.4971904985137516,-0.4849722333652211,-1.3311227361863376
3414,0.49719049856020686,-0.4849722333652534,-1.3311227361863376
3415,-0.20034480543235672,-0.9514293486856434,-0.5656575447985565
3416,-0.20034480538560556,-0.9514293482369783,-0.5656575447989449
3417,-0.20034480543206085,-0.9514293486856273,-0.5656575447985565
3418,0.8273012738081115,0.010944959772352767,-1.6677223850775802
3419,0.8273012737616562,0.010944960221017923,-1.6677223850775802
3420,0.8273012738084073,0.010944960221001783,-1.6677223850779685
3421,0.8273012738081115,0.010944959772352767,-1.6677223850775802
3422,1.1115765487260265,0.7863190445134564,-3.2994617997545843
3423,0.8206891203682504,1.0721123756203603,1.6213858591660328
3424,0.5915063605415083,1.2891109750266356,-3.2994617997541957
3425,0.76717217940476,0.9662632943150665,-0.487548851799946
3426,0.767172179357713,0.9662632943150503,-0.487548851799946
3427,0.76717217940476,0.9662632943150342,-0.487548851799946
3428,0.7671721793580089,0.9662632947637155,-0.487548851799946
3429,0.7671721794050559,0.9662632943150503,-0.487548851799946
3430,0.767172179357713,0.9662632943150503,-0.487548851799946
3431,0.76717217940476,0.9662632943150665,-0.487548851799946
3432,0.41129647810452696,1.0227181022439555,-0.5656575447985565
3433,0.4112964781042311,1.022718102244004,-0.5656575447989449
3434,0.4112964780577758,1.0227181022439717,-0.5656575447985565
3435,0.41129647810393516,1.0227181022439877,-0.5656575447985565
3436,0.41129647810452696,1.0227181017953388,-0.5656575447989449
3437,0.4112964781042311,1.0227181022439877,-0.5656575447985565
3438,0.4112964780577758,1.0227181022439717,-0.5656575447985565
3439,0.41129647810452696,1.0227181022439877,-0.5656575447989449
3440,0.4112964781042311,1.0227181022439877,-0.5656575447985565
3441,1.4597570379648883,0.5640227137362613,-1.6591792467810453
3442,1.1115765487257308,-0.3886469807973782,-1.6591792467806568
3443,0.5397212366675653,-0.8782151055267284,-0.42896733205089105
3444,0.5397212367143165,-0.8782151050780471,-0.42896733205089105
3445,0.5397212366678612,-0.8782151050780633,-0.42896733205089105
3446,0.5397212366672695,-0.8782151055267123,-0.42896733205089105
3447,-0.003484198824343927,-1.2758823203262455,-0.7675862681761779
3448,-0.003484198824048034,-1.2758823203262455,-0.7675862681757895
3449,-0.003484198871095086,-1.2758823207749106,-0.7675862681761779
3450,-0.003484198824048034,-1.2758823203262293,-0.7675862681761779
3451,-0.0034841988246398204,-1.2758823203262455,-0.7675862681761779
3452,-0.003484198824048034,-1.2758823203262455,-0.7675862681757895
3453,-0.003484198824048034,-1.2758823203262455,-0.7675862681761779
3454,-0.003484198824343927,-1.2758823203262455,-0.7675862681761779
3455,-0.0034841988713909793,-1.2758823207748944,-0.7675862681761779
3456,-0.003484198824048034,-1.2758823203262615,-0.7675862681757895
3457,-0.003484198824343927,-1.2758823203262455,-0.7675862681761779
3458,0.6047306674682775,-0.45745434095419124,-1.6591792467810453
3459,-0.012300244110591772,-0.6162284135919786,0.527864157183544
3460,-0.012300244064136505,-0.6162284135919623,0.5278641571839324
3461,-0.012300244110887664,-0.6162284135919462,0.527864157183544
3462,-0.408961095046629,-0.7697173842123605,-1.6591792467810453
3463,-0.3031824143406916,-1.0237622151543857,1.6213858591660328
3464,-0.17977833526663808,-1.1613706210156194,-1.6591792467810453
3465,-0.25470205259706086,-1.3095618602650814,-0.01889669380750623
3466,0.23891952173362319,-1.177244871322343,-1.6591792467810453
3467,0.5253953423952915,-0.8226441800586259,-1.6591792467810453
3468,0.11551544270632082,-1.1243180754760775,-1.6591792467810453
3469,0.29621784074268104,-1.0766890105520344,1.6213858591660328
3470,0.28299353386236714,-1.1772511857747836,-3.2994617997545843
3471,0.30943688954177384,-1.2248802502501615,-3.29946179975439
3472,0.29180623299982195,-1.1190266585575985,-1.659179246780851
3473,0.22129412341225824,-1.251343647948986,-1.6591792467810453
3474,0.4196219198164387,-1.2566350648674487,-1.6591792467810453
3475,0.37113629994542746,-1.166662037934066,-3.3336343529413064
3476,0.3887722146147598,-1.1560792040971404,-1.6591792467810453
3477,0.35791725119278994,-1.2195888337803478,-3.29946179975439
3478,0.06262873144012204,-1.320144693653342,-1.6591792467810453
3479,0.08906682889953361,-1.3413229897834584,-1.6591792467810453
3480,0.15885331049983462,-1.3960083287768834,-1.6591792467810453
3481,0.15885331049953874,-1.3960083287768834,-1.659179246780851
3482,0.15885331050013052,-1.3960083287768834,-1.6591792467810453
3483,0.15885331049953874,-1.3960083287768834,-1.6591792467810453
3484,0.15885331049983462,-1.3960083287768834,-1.659179246780851
3485,0.15885331049983462,-1.3960083287768834,-1.6591792467810453
3486,0.07535818575490787,-1.3560206674598385,-1.2984689631410489
3487,0.07535818575520375,-1.3560206674598225,-1.2984689631408546
3488,0.07535818575490787,-1.3560206679085038,-1.2984689631410489
3489,0.07535818575520375,-1.356020667459871,-1.2984689631410489
3490,0.07535818570874848,-1.3560206674598547,-1.2984689631408546
3491,0.07535818575461196,-1.3560206674598225,-1.2984689631410489
3492,0.07535818575520375,-1.3560206679085038,-1.2984689631410489
3493,0.07535818575490787,-1.356020667459871,-1.2984689631408546
3494,0.07535818575520375,-1.3560206674598385,-1.2984689631410489
3495,-0.30538821816537,-1.1216723670168138,-0.8390379702942757
3496,-0.30538821821212114,-1.1216723670168298,-0.8390379702940816
3497,-0.17536672752377902,-1.1825426022446137,-1.6591792467810453
3498,-0.3252246785331838,-1.1507814736235185,-1.6591792467810453
3499,-0.21944073965193117,-1.1454963707088472,-1.659179246780851
3500,-0.029930900606384262,-1.0555170297716892,-0.01889669380750623
3501,-0.0723492452525899,-1.1514452682093426,-1.4541439276593529
3502,-0.07234924525288579,-1.1514452682093426,-1.4541439276593529
3503,-0.07234924525288579,-1.151445268209375,-1.4541439276591588
3504,-0.07234924529934106,-1.1514452686580239,-1.4541439276593529
3505,-0.0723492452525899,-1.1514452682093426,-1.4541439276593529
3506,-0.0723492452525899,-1.151445268209375,-1.4541439276591588
3507,-0.07234924525288579,-1.1514452682093426,-1.4541439276593529
3508,-0.0723492452525899,-1.1514452682093426,-1.4541439276593529
3509,-0.09934405184215478,-1.1150596749305106,-1.2576517468343897
3510,-0.09934405188831416,-1.1150596749305106,-1.2576517468343897
3511,-0.09934405188861005,-1.1150596744818615,-1.2576517468341954
3512,-0.09934405184185889,-1.1150596749305106,-1.2576517468343897
3513,-0.201815341331158,-1.0502256128532261,-3.2994617997545843
3514,0.13755244877054484,-1.0025902339253592,-0.01889669380750623
3515,-0.007892141816956539,-0.9514293486856434,-1.6591792467810453
3516,-0.007892141770501274,-0.9514293482369621,-1.659179246780851
3517,-0.007892141817548326,-0.9514293486856434,-1.6591792467810453
3518,-0.4354044506798763,-0.8067636152994777,-1.659179246780851
3519,-0.2591084021654924,-1.076689011000651,-1.6591792467810453
3520,-0.16655928656045582,-1.2037082690211833,-3.29946179975439
3521,-0.2767390586612849,-1.2566350648674487,-1.6591792467810453
3522,-0.36312349144680933,-1.0629275386104113,-1.0030662255916296
3523,-0.36312349144680933,-1.0629275386103791,-1.0030662255916296
3524,-0.36312349149326456,-1.0629275390590602,-1.0030662255914355
3525,-0.36312349144621753,-1.0629275386104113,-1.0030662255916296
3526,-0.3631234914474011,-1.0629275386104113,-1.0030662255916296
3527,-0.8673266146066109,-0.7062014409739942,-0.01889669380750623
3528,-0.6822178669556598,-0.8120550317692593,-0.01889669380750623
3529,-0.5323651740745231,-0.7908893654413548,-1.6933517999679617
3530,-0.5235524749367724,-0.8332270134469026,-1.6591792467810453
3531,-0.736756959333174,-0.8649826172585787,-1.4541439276593529
3532,-0.736756959333174,-0.864982616809962,-1.4541439276591588
3533,-0.7367569593325822,-0.8649826172585787,-1.4541439276593529
3534,-0.7367569592867187,-0.8649826172585787,-1.4541439276593529
3535,-0.7367569593334699,-0.864982617258611,-1.4541439276591588
3536,-0.7367569593325822,-0.8649826172585787,-1.4541439276593529
3537,-0.736756959333174,-0.8649826168099297,-1.4541439276591588
3538,-0.7367569593334699,-0.864982617258611,-1.4541439276593529
3539,-1.1890616449435787,-0.6321077153709185,-1.6591792467810453
3540,-1.1890616449432827,-0.6321077153709185,-1.6591792467810453
3541,-1.1890616448968274,-0.6321077149223017,-1.659179246780851
3542,-1.1890616449435787,-0.6321077153709507,-1.6591792467810453
3543,-1.1890616449432827,-0.6321077153708862,-1.6591792467810453
3544,-1.167026742149185,-0.48920915512287794,-1.6591792467810453
3545,-0.9378387241944705,-0.5209639701887335,-0.01889669380750623
3546,-1.1423438230830076,-0.6162296765721545,-1.6660137574182732
3547,-1.1423438230830076,-0.6162296765721867,-1.6660137574184675
3548,-1.1423438230362566,-0.6162296761235377,-1.6660137574182732
3549,-1.1423438230830076,-0.6162296765721867,-1.6660137574184675
3550,-1.1423438230833036,-0.6162296765721867,-1.6660137574182732
3551,-1.1471929108688808,-0.3066110787930408,-0.8390379702942757
3552,-1.1471929108685848,-0.3066110787930731,-0.8390379702942757
3553,-1.4887586175809637,-0.5633016177456647,-3.29946179975439
3554,-1.8501634137468905,-0.35160074971027705,-0.01889669380750623
3555,-1.8545750214888619,-0.29867395341536257,-3.2994617997545843
3556,-1.7443847329939062,-0.5791821825048451,3.261668412139572
3557,-1.5196135809567741,-0.6479832282092658,-3.2994617997545843
3558,-1.427059207130559,-0.40981896157773967,3.261668412139572
3559,-1.2816181220387366,-0.3780578329566445,1.6213858591660328
3560,-1.0876914170761989,-0.3092631012560479,-0.01889669380750623
3561,-1.012767699698729,-0.446865193113506,-1.6591792467810453
3562,-0.9202133258731056,-0.6691552094382278,-1.6591792467810453
3563,-1.065654411011383,-0.6903271906672545,-1.6591792467810453
3564,-1.0876914170294478,-0.468037174342468,-4.93974435272793
3565,-0.9114006267359466,-0.47332859081234646,-0.01889669380750623
3566,-0.8577751420473039,-0.4583330862486046,-1.1181138213209536
3567,-0.8577751420475999,-0.4583330866972536,-1.1181138213209536
3568,-0.8577751420478957,-0.45833308669728584,-1.1181138213209536
3569,-0.8577751420008487,-0.45833308624863683,-1.1181138213209536
3570,-0.8577751420478957,-0.4583330862486046,-1.1181138213209536
3571,-0.8577751420473039,-0.45833308669728584,-1.1181138213209536
3572,-0.6945566974013866,-0.41616866170041616,-1.6591792467810453
3573,-0.6945566974019785,-0.41616866170041616,-1.6591792467810453
3574,-0.6945566974481377,-0.4161686621490975,-1.659179246780851
3575,-0.6945566974013866,-0.4161686617004485,-1.6591792467810453
3576,-0.6945566974013866,-0.41616866170041616,-1.6591792467810453
3577,-0.4089610950463331,-0.7220820052845579,-1.6591792467810453
3578,0.49895198676204416,-0.7009100240555313,-3.29946179975439
3579,1.1556505608544747,-0.3304287680326014,-0.01889669380750623
3580,1.3231286520105208,0.20412429155028963,-0.01889669380750623
3581,1.265830333001463,0.3681960951102832,-1.6591792467810453
3582,1.2261661758912623,0.4511160047518554,-0.01889669380750623
3583,1.2261661758912623,0.4511160052005367,-0.01889669380750623
3584,1.2261661758912623,0.4511160047518554,-0.01889669380750623
3585,1.2261679286158742,0.08239644999963577,-0.01889669380750623
3586,1.3275350016257035,0.06122446877060916,-0.01889669380750623
3587,1.3583847068273824,0.08239644955098677,1.6213858591660328
3588,1.4024639770835068,0.1247340980051514,-0.01889669380750623
3589,1.4200893754519188,0.33114986402323043,1.6213858591660328
3590,1.3451656580744489,0.33644128094169334,-1.6591792467810453
3591,1.3716090137544474,0.18825004124351769,-0.01889669380750623
3592,1.0288146471080517,-0.013459436944952911,-0.38340392780166915
3593,1.0288146470618922,-0.01345943694498519,-0.3834039278014749
3594,1.0288146471083475,-0.013459436944952911,-0.38340392780166915
3595,1.0288146471083475,-0.01345943694498519,-0.38340392780166915
3596,1.0288146470613004,-0.013459437393634205,-0.3834039278014749
3597,1.0288146471089392,-0.01345943694498519,-0.38340392780166915
3598,1.0288146471080517,-0.013459436944952911,-0.38340392780166915
3599,1.0288146470615964,-0.013459436944952911,-0.3834039278014749
