time,dx,dy,dz
0,0.005330412384904826,0.02946965415333804,-0.01889669380750623
1,-0.45058535988452053,0.31115445497591127,-0.08724180018143607
2,-0.45058535993122084,0.31115445497590927,-0.08724180018133894
3,-0.4505853598845194,0.31115445497590927,-0.08724180018143607
4,0.16223194228163954,0.8024566026410512,0.013567231720103155
5,0.16223194223493867,0.8024566026410512,0.013567231720103155
6,0.1622319422816407,0.8024566021923901,0.013567231720103155
7,0.16223194223493867,0.8024566026410512,0.013567231720103155
8,0.1622319422816407,0.8024566026410512,0.013567231720006031
9,0.1622319422349375,0.8024566026410492,0.013567231720103155
10,0.1622319422816407,0.8024566026410532,0.013567231720103155
11,0.16223194223493867,0.8024566021923921,0.013567231720103155
12,0.16223194228164012,0.8024566026410492,0.013567231720103155
13,0.16223194223493867,0.8024566026410492,0.013567231720103155
14,0.16223194228164012,0.8024566026410532,0.013567231720103155
15,0.1622319422816407,0.8024566026410512,0.013567231720103155
16,0.1622319422349381,0.8024566021923901,0.013567231720103155
17,0.1622319422816407,0.8024566026410532,0.013567231720103155
18,0.1622319422349381,0.8024566026410492,0.013567231720103155
19,0.16223194228164012,0.8024566026410532,0.013567231720006031
20,0.16223194223493895,0.8024566026410492,0.013567231720103155
21,0.1622319422816407,0.8024566021923921,0.013567231720103155
22,0.1622319422349381,0.8024566026410451,0.013567231720103155
23,0.1622319422816404,0.8024566026410572,0.013567231720103155
24,0.19925447871054597,1.207078230697192,-0.03598297040096441
25,0.19925447866384363,1.2070782302485428,-0.03598297040096441
26,0.5110158727099766,0.44062256927597904,-0.002709694929442104
27,0.511015872709977,0.44062256927597093,-0.0027096949295392285
28,0.5110158726632749,0.440622569275975,-0.002709694929442104
29,0.5110158727099768,0.44062256882731793,-0.002709694929442104
30,0.5110158727099767,0.440622569275975,-0.0027096949295392285
31,0.5110158727099766,0.44062256927597904,-0.002709694929442104
32,0.5110158727099772,0.440622569275975,-0.0027096949295392285
33,0.5110158726632752,0.440622569275975,-0.002709694929442104
34,0.5110158727099766,0.44062256927597904,-0.002709694929442104
35,0.5110158727099766,0.4406225688273139,-0.0027096949295392285
36,0.5110158727099772,0.440622569275975,-0.002709694929442104
37,0.5110158726632746,0.440622569275975,-0.002709694929442104
38,0.5110158727099772,0.44062256927597904,-0.0027096949295392285
39,0.5110158727099748,0.440622569275975,-0.002709694929442104
40,0.5110158727099772,0.44062256927597904,-0.0027096949295392285
41,0.5110158727099784,0.4406225688273098,-0.002709694929442104
42,0.5110158726632746,0.44062256927597904,-0.002709694929442104
43,0.5110158727099761,0.440622569275975,-0.0027096949295392285
44,0.5110158727099761,0.44062256927597904,-0.002709694929442104
45,0.6937583500985812,0.491515150407967,0.10070724234679813
46,0.6937583501452826,0.49151515085663616,0.10070724234679813
47,0.6937583500985789,0.491515150407967,0.10070724234679813
48,0.6937583501452815,0.491515150407967,0.10070724234679813
49,0.6937583500985836,0.491515150407971,0.10070724234689526
50,0.6937583500985789,0.49151515085663616,0.10070724234679813
51,0.6937583501452815,0.491515150407971,0.10070724234679813
52,0.6937583500985812,0.49151515040796295,0.10070724234679813
53,0.6937583501452815,0.49151515085663616,0.10070724234679813
54,0.6937583500985836,0.491515150407971,0.10070724234679813
55,0.3547130940496064,0.9446115053307644,-0.08102860869290582
56,0.35471309404961104,0.9446115053307805,-0.08102860869280869
57,0.35471309409631363,0.9446115057794295,-0.08102860869290582
58,0.3547130940496064,0.9446115053307724,-0.08102860869280869
59,0.354713094049618,0.9446115053307724,-0.08102860869290582
60,0.3547130940496064,0.9446115053307724,-0.08102860869280869
61,0.3547130940496087,0.9446115053307805,-0.08102860869290582
62,0.35471309404961104,0.9446115053307644,-0.08102860869280869
63,0.35471309409631363,0.9446115057794376,-0.08102860869290582
64,0.3547130940496087,0.9446115053307724,-0.08102860869280869
65,0.35471309404961104,0.9446115053307644,-0.08102860869290582
66,-0.03198509194284757,1.0135439278975216,-0.38112575758913037
67,-0.03198509194284757,1.0135439278975136,-0.38112575758913037
68,-0.03198509194284757,1.0135439274488565,-0.3811257575892275
69,-0.03198509194284757,1.0135439278975216,-0.38112575758913037
70,-0.03198509194284757,1.0135439278975136,-0.38112575758913037
71,-0.03198509194284989,1.0135439278975216,-0.38112575758913037
72,-0.03198509194284526,1.0135439278975056,-0.38112575758913037
73,-0.031985091896149585,1.0135439274488565,-0.3811257575892275
74,-0.03198509194284295,1.0135439278975298,-0.38112575758913037
75,-0.03198509194284757,1.0135439278975056,-0.38112575758913037
76,-0.03198509194284757,1.0135439278975298,-0.38112575758913037
77,-0.03198509194284757,1.0135439278974974,-0.38112575758913037
78,-0.03198509194284757,1.0135439274488565,-0.3811257575892275
79,-0.03198509194284757,1.0135439278975298,-0.38112575758913037
80,-0.03198509194284757,1.0135439278975136,-0.38112575758913037
81,0.15694248264866342,0.5619074098593531,-0.45630537460048237
82,0.15694248269536604,0.5619074098593451,-0.4563053746003853
83,0.15694248264866342,0.5619074103080183,-0.45630537460048237
84,0.1569424826953614,0.5619074098593531,-0.4563053746003853
85,0.15694248264866342,0.5619074098593531,-0.45630537460048237
86,-0.025519291290019522,0.6645817317328064,-0.24101828952265678
87,-0.025519291290024147,0.6645817312841251,-0.24101828952265678
88,-0.12453946118822604,0.6155388858549851,-0.08951997039387773
89,-0.12453946118822373,0.6155388863036502,-0.08951997039387773
90,-0.12453946118822373,0.6155388858549689,-0.08951997039387773
91,-0.12453946118822604,0.6155388863036502,-0.08951997039378061
92,-0.12453946118822373,0.6155388858549689,-0.08951997039387773
93,-0.12453946118822141,0.6155388858549931,-0.08951997039387773
94,-0.12453946118822835,0.6155388863036421,-0.08951997039387773
95,-0.12453946114152342,0.615538885854977,-0.08951997039387773
96,-0.12453946118822141,0.6155388863036341,-0.08951997039387773
97,-0.12453946118822604,0.6155388858549851,-0.08951997039387773
98,-0.12453946118822835,0.6155388858549851,-0.08951997039387773
99,-0.12453946118822373,0.6155388863036502,-0.08951997039378061
100,-0.12453946118822141,0.6155388858549689,-0.08951997039387773
101,-0.12453946118822835,0.6155388863036502,-0.08951997039387773
102,-0.12453946118822373,0.6155388858549689,-0.08951997039387773
103,0.32706694582687207,0.45052736803257126,0.007681958671271237
104,0.32706694582687207,0.45052736803257126,0.007681958671174114
105,0.3270669458268744,0.45052736803257126,0.007681958671271237
106,0.32706694582687207,0.45052736803257126,0.007681958671174114
107,0.3270669458268698,0.45052736848122027,0.007681958671271237
108,0.32706694582687207,0.45052736803257126,0.007681958671174114
109,0.32706694582687207,0.4505273680325874,0.007681958671271237
110,0.3270669458268698,0.45052736803257126,0.007681958671174114
111,0.32706694582687207,0.4505273680325874,0.007681958671271237
112,-0.7771212035395456,1.174086436653562,-0.04851290656953926
113,-0.7771212034928406,1.174086436653578,-0.04851290656953926
114,-0.7771212035395456,1.174086436653578,-0.04851290656953926
115,-0.7771212035395433,1.1740864371022592,-0.04851290656944213
116,-0.7771212035395456,1.174086436653562,-0.04851290656953926
117,-0.777121203492843,1.174086436653578,-0.04851290656953926
118,-0.7771212035395456,1.174086436653578,-0.04851290656953926
119,-0.7771212035395456,1.1740864366535941,-0.04851290656953926
120,-0.7771212035395433,1.174086436653578,-0.04851290656953926
121,-0.7771212034928406,1.174086436653562,-0.04851290656953926
122,-0.7771212035395456,1.1740864366535941,-0.04851290656953926
123,-0.7771212035395467,1.1740864371022433,-0.04851290656944213
124,-0.7771212035395444,1.174086436653578,-0.04851290656953926
125,-0.777121203492843,1.174086436653562,-0.04851290656953926
126,-0.7771212035395456,1.1740864366535941,-0.04851290656953926
127,-0.035217466428518626,0.49998331163379234,-0.03940022571967547
128,-0.03521746642852094,0.49998331163379234,-0.03940022571967547
129,-0.0352174664752224,0.49998331163379234,-0.03940022571967547
130,-0.035217466428519785,0.49998331163379234,-0.03940022571967547
131,-0.03521746642851747,0.49998331163377624,-0.03940022571967547
132,-0.035217466428522096,0.4999833111851272,-0.03940022571967547
133,-0.035217466428519785,0.49998331163379234,-0.03940022571967547
134,-0.03521746647522124,0.4999833116338085,-0.03940022571967547
135,-0.03521746642852094,0.49998331163377624,-0.03940022571967547
136,-0.035217466428518626,0.4999833116338085,-0.03940022571967547
137,-0.16082655440834803,1.469855793217459,0.0067327210826810336
138,-0.16082655440834687,1.469855793217459,0.006732721082778158
139,-0.16082655440834687,1.4698557932174752,0.0067327210826810336
140,-0.16082655445505065,1.4698557932174752,0.0067327210826810336
141,-0.16082655440834687,1.4698557932174752,0.0067327210826810336
142,-0.16082655440834803,1.4698557932174752,0.0067327210826810336
143,-0.16082655440834687,1.469855793217459,0.006732721082778158
144,-0.16082655440834687,1.469855793217459,0.0067327210826810336
145,-0.16082655440834803,1.4698557932174912,0.0067327210826810336
146,-0.16082655445504834,1.469855793217459,0.006732721082778158
147,-0.16082655440834803,1.469855793217459,0.0067327210826810336
148,-0.16082655440834803,1.469855793217459,0.0067327210826810336
149,-0.16082655440834573,1.4698557932174752,0.0067327210826810336
150,-0.16082655440834803,1.4698557932174752,0.0067327210826810336
151,-0.16082655440834745,1.4698557932174752,0.006732721082778158
152,-0.16082655440834573,1.469855793217459,0.0067327210826810336
153,-0.16082655445504948,1.469855793217459,0.0067327210826810336
154,-0.16082655440834745,1.469855793217459,0.006732721082778158
155,-0.16082655440834745,1.4698557932174912,0.0067327210826810336
156,-0.16082655440834745,1.469855793217459,0.0067327210826810336
157,-0.36224220336079443,1.0138966888160486,-0.032565715082253345
158,-0.36224220331409185,1.0138966888160323,-0.032565715082253345
159,-0.3622422033607939,1.0138966892646977,-0.03256571508235047
160,-0.3622422033140924,1.0138966888160486,-0.032565715082253345
161,-0.3622422033607939,1.0138966888160323,-0.032565715082253345
162,-0.2767400963366242,1.0848180898695374,-0.01889669380750623
163,-0.27674009638332625,1.0848180903182187,-0.01889669380750623
164,-0.2767400963366245,1.0848180898695212,-0.01889669380750623
165,-0.27674009638332614,1.0848180903181863,-0.01889669380750623
166,-0.2767400963366242,1.0848180898695374,-0.01889669380750623
167,-0.3661463971511166,0.5644020250563694,-0.04330566036964484
168,-0.3661463971511165,0.56440202550497,-0.043305660369547715
169,-0.3661463971511165,0.5644020250563533,-0.04330566036964484
170,-0.36614639710441454,0.5644020250563371,-0.04330566036964484
171,-0.36614639715111647,0.5644020255050023,-0.04330566036964484
172,-0.3661463971511167,0.564402025056321,-0.043305660369547715
173,-0.3661463971511167,0.5644020255050023,-0.04330566036964484
174,-0.36614639715111635,0.5644020250563371,-0.04330566036964484
175,-0.3661463971511167,0.5644020250563048,-0.043305660369547715
176,-0.3661463971511161,0.5644020255050507,-0.04330566036964484
177,-0.36614639710441493,0.5644020250563048,-0.04330566036964484
178,-0.3661463971511158,0.5644020250563371,-0.04330566036964484
179,-0.36614639715111696,0.5644020255050184,-0.043305660369547715
180,-0.36614639715111635,0.5644020250563048,-0.04330566036964484
181,-0.6748704118803013,0.6822271536428898,-0.13280520443065788
182,-0.6748704118803013,0.6822271540915711,-0.13280520443065788
183,-0.6748704118803018,0.6822271536428898,-0.13280520443065788
184,-0.8100282552004187,0.7863127300610478,-0.053069246994422586
185,-0.9069942320170102,0.9609673674579672,-0.05306924699451971
186,-0.5455841955628438,0.7016311200461279,-0.01889669380750623
187,-0.56762645871043,0.6963397031276005,-0.01889669380750623
188,-0.7351045415781136,1.1991379480933175,-0.01889669380750623
189,-0.8100282552004198,1.5537449538094108,-0.01889669380750623
190,-0.5059217931399759,1.114456338078333,-0.01889669380750623
191,-0.31200035594798964,1.050946708843823,-0.01889669380750623
192,0.07349737311221662,0.09756812437628785,-0.03484388529479214
193,0.07349737311221662,0.09756812437632013,-0.03484388529469501
194,0.07349737315891461,0.09756812482493687,-0.03484388529479214
195,0.07349737311221662,0.09756812437628785,-0.03484388529469501
196,0.07349737311221662,0.09756812437635241,-0.03484388529479214
197,0.07349737311221662,0.09756812437628785,-0.03484388529469501
198,0.0734973731122143,0.09756812437628785,-0.03484388529479214
199,0.07349737315891691,0.09756812482496915,-0.03484388529469501
200,0.07349737311221662,0.09756812437628785,-0.03484388529479214
201,0.0734973731122143,0.09756812437632013,-0.03484388529469501
202,0.07349737311221662,0.09756812437632013,-0.03484388529479214
203,0.0734973731122143,0.09756812437628785,-0.03484388529469501
204,0.07349737315891923,0.09756812482496915,-0.03484388529479214
205,0.0734973731122143,0.09756812437628785,-0.03484388529469501
206,0.07349737311221662,0.09756812437632013,-0.03484388529479214
207,-0.18418566138158804,0.12473686040989322,-0.0167609092332754
208,-0.18418566138158574,0.12473686040989322,-0.016760909233372524
209,-0.18418566138158574,0.12473686040986094,-0.0167609092332754
210,-0.18418566138158574,0.12473686040989322,-0.016760909233372524
211,-0.18418566133488543,0.12473686040989322,-0.0167609092332754
212,-0.18418566138159034,0.12473686040986094,-0.016760909233372524
213,-0.1841856613815811,0.12473686040989322,-0.0167609092332754
214,-0.18418566138159034,0.12473686040986094,-0.016760909233372524
215,-0.18418566138158574,0.12473685996124421,-0.0167609092332754
216,-0.18418566138158574,0.12473686040989322,-0.0167609092332754
217,-0.18418566138158804,0.12473686040986094,-0.016760909233372524
218,-0.18418566133488543,0.12473686040989322,-0.0167609092332754
219,-0.1841856613815834,0.12473686040989322,-0.016760909233372524
220,-0.18418566138158804,0.12473686040986094,-0.0167609092332754
221,-0.18418566138158804,0.12473686040989322,-0.016760909233372524
222,-0.18418566138158574,0.1247368604099255,-0.0167609092332754
223,-0.17857611644896246,0.7112547475511373,-0.05617584273868771
224,-0.17857611644896246,0.7112547475512018,-0.056175842738784836
225,-0.17857611644896246,0.7112547479998185,-0.05617584273868771
226,-0.17857611644896476,0.7112547475512018,-0.05617584273868771
227,-0.17857611644896246,0.7112547475511695,-0.056175842738784836
228,-0.17857611644896476,0.7112547475512018,-0.05617584273868771
229,-0.17857611644896013,0.7112547475511373,-0.056175842738784836
230,-0.17857611644896476,0.7112547475512018,-0.05617584273868771
231,-0.17857611644896246,0.7112547479998185,-0.05617584273868771
232,-0.17857611644896246,0.7112547475512018,-0.056175842738784836
233,-0.17857611644896476,0.7112547475511373,-0.05617584273868771
234,-0.620513167359047,0.6010752592758194,-0.08724180018143607
235,-0.9995486012623886,0.7968955634492924,-0.053069246994422586
236,-0.7879912502267259,0.5851946949652557,-0.08724180018143607
237,-1.62979853035696,1.320872104545029,-0.01889669380750623
238,-1.647423927806133,1.43730221427613,-0.01889669380750623
239,-0.7391969028971322,0.466110757808678,0.007953169410826815
240,-0.7391969028504274,0.4661107573599967,0.007953169410826815
241,-0.7391969028504319,0.4661107578086457,0.007953169410826815
242,-0.7391969028971277,0.4661107578086457,0.00795316941072969
243,-0.7391969028971322,0.466110757808678,0.007953169410826815
244,-0.7391969028504319,0.4661107573599967,0.007953169410826815
245,-0.7391969028504227,0.46611075780861344,0.007953169410826815
246,-0.7391969028971369,0.466110757808678,0.007953169410826815
247,-0.7391969028971277,0.46611075735996443,0.007953169410826815
248,-0.7391969028504227,0.466110757808678,0.007953169410826815
249,-0.7391969028504319,0.46611075780861344,0.00795316941072969
250,-0.7391969028971277,0.466110757808678,0.007953169410826815
251,-0.7391969028971369,0.4661107573599967,0.007953169410826815
252,-0.7391969028504227,0.466110757808678,0.007953169410826815
253,-1.0434352887530747,0.4954405651610552,0.040905274269694515
254,-1.0434352887530747,0.4954405651610875,0.04090527426959739
255,-1.0434352887997749,0.49544056471243847,0.040905274269694515
256,-1.0434352887530747,0.4954405651610875,0.04090527426959739
257,-1.0434352887530793,0.4954405651611198,0.040905274269694515
258,-1.0434352887530747,0.4954405651610552,0.04090527426959739
259,-1.0434352887530653,0.4954405651610875,0.040905274269694515
260,-1.0434352887997795,0.4954405647124708,0.04090527426959739
261,-1.0434352887530747,0.4954405651610875,0.040905274269694515
262,-1.043435288753084,0.4954405651610875,0.04090527426959739
263,-1.0434352887530653,0.4954405651610552,0.040905274269694515
264,-1.043435288799761,0.4954405651610875,0.040905274269694515
265,-1.043435288753084,0.49544056471243847,0.04090527426959739
266,-1.0434352887530653,0.4954405651611198,0.040905274269694515
267,-1.043435288753084,0.4954405651610875,0.04090527426959739
268,-1.0434352887530747,0.4954405651610552,0.040905274269694515
269,-1.0434352887997704,0.49544056471243847,0.04090527426959739
270,-1.0434352887530747,0.4954405651610875,0.040905274269694515
271,-1.0434352887530747,0.4954405651611198,0.04090527426959739
272,-1.0434352887530747,0.4954405651610875,0.040905274269694515
273,-1.0434352887530747,0.4954405651610552,0.04090527426959739
274,-1.0434352887997795,0.4954405647124708,0.040905274269694515
275,-1.0434352887530747,0.4954405651610875,0.04090527426959739
276,-1.0434352887530653,0.4954405651610875,0.040905274269694515
277,-0.3873647044960237,0.46716958209780635,0.16221783808330584
278,-0.38736470449600524,0.4671695825465199,0.16221783808330584
279,-0.38736470454271943,0.46716958209783865,0.16221783808330584
280,-0.3873647044960237,0.46716958209783865,0.16221783808330584
281,-0.38736470449600524,0.46716958254648766,0.16221783808330584
282,-0.3873647044960145,0.46716958209783865,0.16221783808340295
283,-0.3873647044960237,0.46716958209783865,0.16221783808330584
284,-0.38736470454271016,0.46716958209780635,0.16221783808330584
285,-0.3873647044960145,0.4671695825465199,0.16221783808330584
286,-0.38736470449600524,0.46716958209783865,0.16221783808330584
287,-0.1434167420888856,1.0721155328465484,0.15196607212717267
288,-0.1434167420888856,1.0721155328465808,0.15196607212726979
289,-0.14341674208886712,1.072115532397964,0.15196607212726979
290,-0.1434167420888856,1.0721155328465484,0.15196607212717267
291,0.26588249579232626,1.1178809387764361,-0.032967745119765905
292,0.26588249574560285,1.1178809387764683,-0.032967745119765905
293,0.26588249579231704,1.117880938327787,-0.032967745119765905
294,0.26588249574562134,1.1178809387764361,-0.032967745119765905
295,0.26588249579230777,1.1178809387764683,-0.03296774511986303
296,0.2658824957456121,1.1178809387764683,-0.032967745119765905
297,0.26588249579231704,1.1178809383277224,-0.032967745119765905
298,0.2658824957456121,1.1178809387764683,-0.032967745119765905
299,0.26588249579230777,1.1178809387764361,-0.032967745119765905
300,0.26588249574562134,1.1178809387764683,-0.032967745119765905
301,0.26588249579231704,1.117880938327787,-0.032967745119765905
302,0.26588249574560285,1.1178809387764683,-0.032967745119765905
303,0.26588249579232626,1.1178809387764361,-0.03296774511986303
304,0.26588249574560285,1.1178809387764361,-0.032967745119765905
305,0.26588249579231704,1.117880938327787,-0.032967745119765905
306,0.26588249574560285,1.1178809387764361,-0.032967745119765905
307,0.26588249579232626,1.1178809387764683,-0.032967745119765905
308,0.5562502785065586,-0.7882404997559029,-0.1555869065552688
309,0.5562502785065401,-0.7882404997559029,-0.1555869065552688
310,0.2271669082569386,0.45758399340336364,-0.026490594515742243
311,0.22716690825692012,0.45758399340336364,-0.026490594515742243
312,0.22716690825692937,0.4575839938520449,-0.026490594515645116
313,0.2271669082569386,0.45758399340336364,-0.026490594515742243
314,0.22716690825692937,0.4575839934034282,-0.026490594515742243
315,0.2271669082569386,0.45758399340333133,-0.026490594515742243
316,0.22716690825692937,0.4575839938520449,-0.026490594515645116
317,0.22716690825692012,0.4575839934033959,-0.026490594515742243
318,0.2271669082569386,0.45758399340336364,-0.026490594515742243
319,0.35644845064202896,0.803954995642225,-0.053069246994422586
320,0.3564484506420382,0.8039549951935758,-0.05306924699451971
321,0.35644845064204744,0.8039549956421926,-0.053069246994422586
322,-0.20915924667947858,1.6031420335592745,-0.06446009805672803
323,-0.2091592466794601,1.6031420340079234,-0.06446009805682516
324,-0.20915924667946934,1.6031420335592421,-0.06446009805672803
325,-0.25543818402679824,1.7363388208033759,-0.05876467252557531
326,-0.25543818402679824,1.7363388212519604,-0.05876467252567243
327,-0.255438184026789,1.7363388208034083,-0.05876467252557531
328,-0.25543818402677976,1.7363388208033437,-0.05876467252557531
329,-0.25543818402679824,1.736338821252025,-0.05876467252567243
330,-0.25543818402679824,1.7363388208033437,-0.05876467252557531
331,0.051607597007594055,1.0588838337727875,-0.10432807677489424
332,0.051607597007594055,1.0588838342215656,-0.10432807677489424
333,0.6140954447180902,0.9755258669575881,-0.1555869065552688
334,0.614095444764786,0.9755258669575881,-0.1555869065552688
335,0.614095444764786,0.9755258669576203,-0.15558690655536592
336,0.6140954447180902,0.9755258669576203,-0.1555869065552688
337,0.614095444718081,0.9755258674062371,-0.1555869065552688
338,0.614095444764786,0.9755258669576203,-0.15558690655536592
339,0.614095444764786,0.9755258669575881,-0.1555869065552688
340,0.6140954447180995,0.9755258669575881,-0.1555869065552688
341,0.7443628680884204,0.8683494930455209,-0.07326211933224301
342,0.7443628680884482,0.8683494930454563,-0.07326211933214588
343,0.7443628680884204,0.8683494934941376,-0.07326211933224301
344,0.744362868088439,0.8683494930454886,-0.07326211933214588
345,0.744362868088439,0.8683494930454886,-0.07326211933224301
346,0.744362868088439,0.8683494930454886,-0.07326211933214588
347,0.7443628680884297,0.8683494930454563,-0.07326211933224301
348,0.744362868088439,0.8683494930454886,-0.07326211933214588
349,0.7443628680884297,0.8683494934941054,-0.07326211933224301
350,0.744362868088439,0.8683494930455209,-0.07326211933214588
351,0.744362868088439,0.8683494930454563,-0.07326211933224301
352,0.7443628681351346,0.8683494930454563,-0.07326211933224301
353,0.744362868088439,0.8683494930455209,-0.07326211933214588
354,0.7443628680884343,0.8683494934941376,-0.07326211933224301
355,0.7443628680884297,0.8683494930454563,-0.07326211933214588
356,0.744362868088439,0.8683494930454886,-0.07326211933224301
357,0.7443628680884343,0.8683494930454886,-0.07326211933214588
358,0.744362868088439,0.8683494930454886,-0.07326211933224301
359,0.7443628680884297,0.8683494930454563,-0.07326211933214588
360,0.7443628680884343,0.8683494934941376,-0.07326211933224301
361,0.744362868088439,0.8683494930454563,-0.07326211933214588
362,0.7443628680884343,0.8683494930455209,-0.07326211933224301
363,0.7393991788783271,0.8809930973821943,-0.05876467252557531
364,0.7393991789250458,0.8809930973821943,-0.05876467252567243
365,0.7393991788783316,0.8809930973822266,-0.05876467252557531
366,0.7393991789250366,0.8809930973821943,-0.05876467252557531
367,0.7393991788783316,0.8809930978308756,-0.05876467252567243
368,0.7393991789250366,0.880993097382162,-0.05876467252557531
369,0.739399178878341,0.8809930973821943,-0.05876467252557531
370,0.7393991789250366,0.8809930973822588,-0.05876467252567243
371,0.7393991788783316,0.880993097382162,-0.05876467252557531
372,0.739399178878341,0.8809930973822266,-0.05876467252557531
373,0.7393991789250273,0.8809930973822266,-0.05876467252567243
374,0.739399178878341,0.8809930973821297,-0.05876467252557531
375,0.7393991789250366,0.8809930973822588,-0.05876467252557531
376,0.7393991788783316,0.8809930978308433,-0.05876467252567243
377,0.7393991789250411,0.8809930973821943,-0.05876467252557531
378,0.7393991788783316,0.8809930973821943,-0.05876467252557531
379,0.7393991789250366,0.8809930973822266,-0.05876467252567243
380,0.7393991788783386,0.8809930973822266,-0.05876467252557531
381,0.6443961951317442,0.8492963749196553,-0.1402092576212147
382,0.6443961951317511,0.8492963744710385,-0.14020925762111758
383,0.6443961950850484,0.8492963749196875,-0.1402092576212147
384,0.6443961951317487,0.8492963749197198,-0.14020925762111758
385,0.6443961951317534,0.8492963744710063,-0.1402092576212147
386,0.6443961951317487,0.8492963749196875,-0.14020925762111758
387,0.6443961951317511,0.8492963749197521,-0.1402092576212147
388,0.6443961950850462,0.8492963744710063,-0.14020925762111758
389,0.6443961951317511,0.8492963749196553,-0.1402092576212147
390,0.6443961951317487,0.8492963749196875,-0.1402092576212147
391,0.6443961951317511,0.8492963744710708,-0.14020925762111758
392,0.6443961951317511,0.8492963749196875,-0.1402092576212147
393,0.6443961950850439,0.8492963744710385,-0.14020925762111758
394,0.6443961951317511,0.8492963749196875,-0.1402092576212147
395,0.6443961951317511,0.8492963749197521,-0.14020925762111758
396,0.64439619513175,0.8492963744710063,-0.1402092576212147
397,0.64439619513175,0.8492963749196875,-0.14020925762111758
398,0.6443961950850484,0.8492963749196875,-0.1402092576212147
399,0.6443961951317511,0.8492963744710063,-0.14020925762111758
400,0.64439619513175,0.8492963749196875,-0.1402092576212147
401,0.6915915006295876,0.8399017421044405,-0.07015552358788077
402,0.6915915006762903,0.8399017425529282,-0.07015552358797789
403,0.6915915006295889,0.8399017421043113,-0.07015552358788077
404,0.6915915006762914,0.839901742104376,-0.07015552358797789
405,0.6915915006295889,0.8399017425529927,-0.07015552358788077
406,0.6915915006295882,0.839901742104376,-0.07015552358797789
407,0.6915915006762908,0.8399017421043113,-0.07015552358788077
408,0.6915915006295885,0.8399017425529927,-0.07015552358797789
409,0.6915915006762908,0.839901742104376,-0.07015552358788077
410,0.691591500629589,0.8399017421043113,-0.07015552358797789
411,0.6915915006762905,0.8399017425530573,-0.07015552358788077
412,0.6915915006295889,0.8399017421043113,-0.07015552358788077
413,0.6915915006295886,0.8399017421043113,-0.07015552358797789
414,0.6915915006762905,0.8399017425530573,-0.07015552358788077
415,0.6915915006295889,0.8399017421043113,-0.07015552358797789
416,0.6915915006762912,0.839901742104376,-0.07015552358788077
417,0.6915915006295882,0.8399017425529927,-0.07015552358797789
418,0.6915915006762914,0.8399017421043113,-0.07015552358788077
419,0.6915915006295889,0.839901742104376,-0.07015552358797789
420,0.6915915006295876,0.8399017425529927,-0.07015552358788077
421,0.6915915006762914,0.8399017421043113,-0.07015552358797789
422,0.6915915006295876,0.8399017421043113,-0.07015552358788077
423,0.6915915006762914,0.8399017425530573,-0.07015552358797789
424,0.6915915006295889,0.839901742104376,-0.07015552358788077
425,0.3979520901037538,0.8189520785946153,-0.05591695975999895
426,0.39795209015045524,0.8189520785947444,-0.05591695976009607
427,0.3979520901037561,0.818952078145934,-0.05591695975999895
428,0.3979520901504564,0.8189520785946799,-0.05591695976009607
429,0.3979520901037503,0.8189520785946799,-0.05591695975999895
430,0.397952090103755,0.8189520781459986,-0.05591695975999895
431,0.39795209015045757,0.8189520785947444,-0.05591695976009607
432,0.39795209010375265,0.8189520785946153,-0.05591695975999895
433,0.39795209015045757,0.8189520785946799,-0.05591695976009607
434,0.397952090103755,0.8189520785947444,-0.05591695975999895
435,0.39795209015045524,0.8189520781459986,-0.05591695976009607
436,0.397952090103755,0.8189520785946799,-0.05591695975999895
437,0.7215243103366069,0.6910472340995022,-0.07585094911913061
438,0.7215243103366069,0.6910472340995022,-0.07585094911903349
439,0.7215243103833118,0.6910472340995668,-0.07585094911903349
440,0.7215243103366069,0.6910472336508855,-0.07585094911913061
441,0.7215243103366069,0.6910472340995668,-0.07585094911913061
442,0.7215243103366046,0.6910472340995022,-0.07585094911903349
443,-0.342850059622914,0.7717597553708136,-0.3008202575997604
444,-0.34285005962291165,0.7717597558194305,-0.30082025759985753
445,-0.34285005966961657,0.7717597558194305,-0.30082025759985753
446,-0.3428500596229163,0.7717597553707491,-0.3008202575997604
447,-0.022583477765337735,0.7298583232348527,-0.14419605549296333
448,-0.02258347781204497,0.7298583232349172,-0.14419605549306047
449,-0.022583477765337735,0.7298583232348527,-0.14419605549296333
450,-0.05196439838566684,0.4705220758229489,-0.12141435336835243
451,-0.051964398338959605,0.4705220753743967,-0.12141435336835243
452,-0.05196439838566222,0.4705220758230135,-0.12141435336835243
453,-0.6109207124325432,0.7480203453310754,0.023316460129272795
454,-0.6109207124792412,0.7480203453310109,0.023316460129369918
455,-0.6109207124325432,0.7480203453310754,0.023316460129272795
456,-0.6109207124792435,0.74802034533114,0.023316460129369918
457,-0.6109207124325409,0.7480203453310109,0.023316460129272795
458,-0.6109207124792435,0.7480203453310754,0.023316460129272795
459,-0.6109207124325432,0.7480203453310754,0.023316460129369918
460,-0.6109207124792412,0.74802034533114,0.023316460129272795
461,-0.6109207124325409,0.7480203457796922,0.023316460129369918
462,-0.6109207124792446,0.7480203453310754,0.023316460129272795
463,-0.6109207124325396,0.7480203453310754,0.023316460129369918
464,-0.6109207124792457,0.7480203453310754,0.023316460129272795
465,-0.6109207124325396,0.7480203453310754,0.023316460129272795
466,-0.6109207124792435,0.7480203453310754,0.023316460129369918
467,-0.610920712432542,0.7480203453310109,0.023316460129272795
468,-0.6109207124792423,0.74802034533114,0.023316460129369918
469,-0.6109207124325432,0.7480203453310754,0.023316460129272795
470,-0.09604191378230494,0.66987630542876,-0.053069246994422586
471,-0.706455383491548,0.7333890914409866,-0.08724180018143607
472,-0.706455383491548,0.7333890914409866,-0.08724180018143607
473,0.06879551443538502,0.9673208560726033,-0.06673826826926682
474,0.06879551438868356,0.9673208560727324,-0.0667382682691697
475,0.0687955144353856,0.9673208560726033,-0.06673826826926682
476,0.06879551438868241,0.9673208560727324,-0.0667382682691697
477,0.06879551443538502,0.9673208560726678,-0.06673826826926682
478,1.263628848670067,0.7669077119968555,-0.01889669380750623
479,1.2636288486233658,0.7669077115481742,-0.01889669380750623
480,1.263628848670067,0.7669077115481742,-0.01889669380750623
481,1.263628848670066,0.7669077119967909,-0.01889669380750623
482,1.2636288486233669,0.7669077119968555,-0.01889669380750623
483,1.2636288486700695,0.7669077115481742,-0.01889669380750623
484,1.4826741892236857,-0.1705913607184326,-0.02573120444492835
485,1.482674189176983,-0.17059136026968674,-0.025731204444831228
486,1.482674189223688,-0.17059136071849715,-0.02573120444492835
487,1.4826741891769855,-0.1705913602697513,-0.025731204444831228
488,1.482674189223688,-0.1705913607184326,-0.02573120444492835
489,3.0196986678439375,0.37411263160293157,-0.10734330205609276
490,3.0196986677972397,0.3741126316029961,-0.10734330205609276
491,3.0196986678439397,0.3741126320515483,-0.10734330205599563
492,3.0196986678439397,0.3741126316029961,-0.10734330205609276
493,3.0196986678439353,0.37411263160293157,-0.10734330205609276
494,3.0196986677972397,0.374112631602867,-0.10734330205609276
495,3.0196986678439397,0.3741126316029961,-0.10734330205609276
496,3.019698667843931,0.37411263160280245,-0.10734330205609276
497,3.019698667797244,0.37411263205167744,-0.10734330205599563
498,3.0196986678439397,0.37411263160293157,-0.10734330205609276
499,3.0196986678439397,0.37411263160293157,-0.10734330205609276
500,3.0196986677972255,0.37411263160293157,-0.10734330205609276
501,3.0196986678439397,0.37411263160293157,-0.10734330205609276
502,3.0196986678439397,0.37411263160293157,-0.10734330205609276
503,3.0196986678439397,0.3741126320515483,-0.10734330205599563
504,3.019698667797244,0.37411263160293157,-0.10734330205609276
505,3.0196986678439215,0.37411263160293157,-0.10734330205609276
506,0.4835271104726164,-0.8279355965284075,-0.10432807677489424
507,0.48352711042590224,-0.827935596528472,-0.10432807677489424
508,0.2389247683475507,-0.22986659370718243,-0.12141435336835243
509,0.19043915087567098,-0.1240130020146515,-0.1555869065552688
510,0.22128885459728176,0.26763392078489645,-0.2239320129291986
511,0.4456820928087608,0.6487059712337471,-0.053069246994422586
512,0.4456820928554565,0.6487059712336825,-0.05306924699451971
513,0.4456820928087701,0.6487059716823638,-0.053069246994422586
514,0.4456820928554565,0.6487059712336825,-0.053069246994422586
515,0.4456820928087608,0.6487059712337471,-0.05306924699451971
516,0.44568209285544724,0.6487059712336825,-0.053069246994422586
517,0.4456820928087701,0.6487059716823638,-0.053069246994422586
518,0.44568209285546573,0.6487059712338116,-0.053069246994422586
519,0.4456820928087516,0.648705971233618,-0.05306924699451971
520,0.44568209285546573,0.6487059712337471,-0.053069246994422586
521,0.4456820928087701,0.6487059712336825,-0.053069246994422586
522,0.44568209285544724,0.6487059716823638,-0.05306924699451971
523,0.4456820928087701,0.6487059712336825,-0.053069246994422586
524,0.44568209285544724,0.6487059712338116,-0.053069246994422586
525,0.4456820928087701,0.6487059712336825,-0.05306924699451971
526,0.44568209285546573,0.6487059712336825,-0.053069246994422586
527,0.4456820928087516,0.6487059716824284,-0.053069246994422586
528,0.44568209285546573,0.648705971233618,-0.053069246994422586
529,0.4456820928087516,0.6487059712337471,-0.05306924699451971
530,0.445682092855475,0.6487059712336825,-0.053069246994422586
531,0.4456820928087423,0.6487059716824284,-0.053069246994422586
532,0.445682092855475,0.6487059712337471,-0.05306924699451971
533,0.4456820928087608,0.6487059712336825,-0.053069246994422586
534,0.5773582472357218,0.806370396630154,-0.020695249238391455
535,0.5773582472824452,0.8063703961815373,-0.020695249238391455
536,0.5773582472357495,0.806370396630154,-0.020695249238391455
537,0.577358247235731,0.806370396630154,-0.020695249238391455
538,0.5773582472824452,0.8063703961814727,-0.02069524923848858
539,0.5773582472357125,0.8063703966302186,-0.020695249238391455
540,0.577358247235731,0.8063703966302186,-0.020695249238391455
541,0.5773582472824637,0.8063703961814727,-0.020695249238391455
542,0.577358247235731,0.8063703966302186,-0.020695249238391455
543,0.5773582472357125,0.8063703966302186,-0.020695249238391455
544,0.5773582472357495,0.806370396630154,-0.020695249238391455
545,0.5773582472824452,0.8063703961815373,-0.020695249238391455
546,0.577358247235731,0.806370396630154,-0.020695249238391455
547,0.577358247235731,0.806370396630154,-0.020695249238391455
548,0.5773582472824452,0.8063703961815373,-0.02069524923848858
549,0.577358247235731,0.8063703966302186,-0.020695249238391455
550,0.5773582472357125,0.806370396630154,-0.020695249238391455
551,0.5773582472824637,0.8063703961815373,-0.020695249238391455
552,0.577358247235731,0.806370396630154,-0.020695249238391455
553,0.5386196228834668,0.7466197379563663,-0.010353555510777143
554,0.5386196228834852,0.7466197384050476,-0.010353555510777143
555,0.5386196229301994,0.7466197379564954,-0.010353555510777143
556,0.5386196228834668,0.746619738404983,-0.010353555510777143
557,0.5386196228834852,0.7466197379563663,-0.010353555510777143
558,0.5386196228834668,0.7466197384051121,-0.010353555510777143
559,0.5386196228834668,0.7466197379564308,-0.01035355551068002
560,0.5386196228834852,0.7466197379564308,-0.010353555510777143
561,0.5386196228834852,0.746619738404983,-0.010353555510777143
562,0.538619622930181,0.7466197379564308,-0.010353555510777143
563,0.5386196228834852,0.7466197384050476,-0.010353555510777143
564,0.5386196228834668,0.7466197379563663,-0.010353555510777143
565,0.6563939448003064,0.7377982545373891,-0.020795168984589517
566,0.6563939447535923,0.7377982549860059,-0.020795168984492393
567,0.6563939448003064,0.7377982545373891,-0.020795168984589517
568,0.6563939447536108,0.7377982549860059,-0.020795168984589517
569,0.6563939448003249,0.7377982545373891,-0.020795168984492393
570,0.6563939447535923,0.7377982545373246,-0.020795168984589517
571,0.6563939448002879,0.7377982549860059,-0.020795168984589517
572,0.6563939447536108,0.7377982545373246,-0.020795168984492393
573,0.6563939448003064,0.7377982545374537,-0.020795168984589517
574,0.6563939448003064,0.7377982549860059,-0.020795168984589517
575,0.6563939447535737,0.7377982545373891,-0.020795168984492393
576,0.6563939448003064,0.7377982549859413,-0.020795168984589517
577,0.6563939447536108,0.7377982545374537,-0.020795168984589517
578,0.6563939448003064,0.7377982545373246,-0.020795168984492393
579,0.6563939447536108,0.7377982549860059,-0.020795168984589517
580,0.6563939448003064,0.7377982545373246,-0.020795168984589517
581,0.6563939447535923,0.7377982549860704,-0.020795168984492393
582,0.6563939448003249,0.7377982545373891,-0.020795168984589517
583,0.5022590905012766,0.8495609457207248,0.025527625335543303
584,0.5022590905012582,0.849560945272108,0.025527625335543303
585,0.5022590905013137,0.8495609457207248,0.02552762533544618
586,0.5022590905012582,0.8495609457207893,0.025527625335543303
587,0.5022590905013137,0.8495609457207248,0.025527625335543303
588,0.5022590905479724,0.8495609457207893,0.025527625335543303
589,0.5022590905012951,0.8495609452720435,0.025527625335543303
590,0.5022590905012766,0.8495609457207248,0.02552762533544618
591,0.5022590905012951,0.8495609457207893,0.025527625335543303
592,0.5022590905012766,0.8495609452721726,0.025527625335543303
593,0.5022590905012766,0.8495609457207248,0.025527625335543303
594,0.5022590905012951,0.8495609457207248,0.025527625335543303
595,0.5022590905012951,0.8495609457207248,0.02552762533544618
596,0.5022590905012766,0.8495609457207248,0.025527625335543303
597,0.5022590905479908,0.849560945272108,0.025527625335543303
598,0.5022590905012766,0.8495609457207893,0.025527625335543303
599,0.5022590905012951,0.8495609457207248,0.025527625335543303
600,0.5022590905012766,0.849560945272108,0.02552762533544618
601,0.5022590905012951,0.8495609457207248,0.025527625335543303
602,0.5022590905012766,0.8495609457207248,0.025527625335543303
603,0.7004673704594542,0.9309788138513583,0.003885008317104671
604,0.7004673705061129,0.9309788142999105,0.003885008317104671
605,0.7004673704594356,0.9309788138514229,0.0038850083172017953
606,0.7004673705061314,0.9309788142999105,0.003885008317104671
607,0.7004673704594542,0.9309788138513583,0.003885008317104671
608,0.7004673705061314,0.9309788138512938,0.003885008317104671
609,0.7004673704594356,0.9309788142999751,0.0038850083172017953
610,0.7004673705061498,0.9309788138512938,0.003885008317104671
611,0.7004673704594172,0.9309788138513583,0.003885008317104671
612,0.7004673704594727,0.9309788142999751,0.003885008317104671
613,0.7004673705061314,0.9309788138513583,0.003885008317104671
614,0.7004673704594356,0.9309788142999105,0.0038850083172017953
615,0.7004673705061314,0.9309788138513583,0.003885008317104671
616,0.7004673704594172,0.9309788138512938,0.003885008317104671
617,0.7004673705061868,0.9309788142999751,0.003885008317104671
618,0.7004673704593987,0.9309788138513583,0.0038850083172017953
619,0.7004673705061684,0.9309788142999105,0.003885008317104671
620,0.7004673704594172,0.9309788138513583,0.003885008317104671
621,0.6417518596666458,0.8990470577244064,0.04261390192900148
622,0.641751859713323,0.8990470572757897,0.04261390192900148
623,0.6417518596666274,0.8990470577244064,0.04261390192900148
624,0.6417518597133045,0.8990470577244064,0.04261390192900148
625,0.6417518596666458,0.8990470577243419,0.04261390192900148
626,0.6417518597133416,0.8990470577244064,0.04261390192900148
627,0.6417518596665903,0.8990470572757897,0.04261390192900148
628,0.64175185971336,0.8990470577244064,0.04261390192900148
629,0.6417518596666274,0.899047057724471,0.04261390192900148
630,0.6417518596666089,0.8990470572756606,0.04261390192900148
631,0.6417518597133416,0.8990470577244064,0.04261390192900148
632,0.6417518596666274,0.899047057724471,0.04261390192900148
633,0.641751859713323,0.8990470577244064,0.04261390192900148
634,0.6417518596666274,0.8990470577244064,0.04261390192900148
635,0.6417518597133416,0.8990470572757897,0.04261390192900148
636,0.6417518596666458,0.8990470577243419,0.04261390192900148
637,0.641751859713323,0.8990470577244064,0.04261390192900148
638,0.6417518596666274,0.8990470572757897,0.04261390192900148
639,0.6417518597133045,0.8990470577244064,0.04261390192900148
640,0.6417518596666458,0.8990470577244064,0.04261390192900148
641,0.6867906943658709,0.8745243572237991,0.031548503754201575
642,0.6867906944125851,0.8745243567751824,0.03154850375410445
643,0.6867906943659079,0.8745243572237991,0.031548503754201575
644,0.6867906944125851,0.8745243567751178,0.031548503754201575
645,0.6867906943658709,0.8745243572237991,0.031548503754201575
646,0.6867906944125851,0.8745243567751824,0.03154850375410445
647,0.6867906943658524,0.8745243572237344,0.031548503754201575
648,0.6867906943658709,0.8745243572237991,0.031548503754201575
649,0.6867906944125851,0.8745243567751824,0.03154850375410445
650,0.6867906943659079,0.8745243572238636,0.031548503754201575
651,0.6867906944125851,0.8745243567750532,0.031548503754201575
652,0.6867906943658894,0.8745243572238636,0.031548503754201575
653,0.6867906944125851,0.8745243567751178,0.03154850375410445
654,0.6867906943658709,0.8745243572238636,0.031548503754201575
655,0.6867906943659079,0.8745243572237991,0.031548503754201575
656,0.6867906944125481,0.8745243567751178,0.03154850375410445
657,0.6867906943658894,0.8745243572237991,0.031548503754201575
658,0.6867906944125851,0.8745243567750532,0.031548503754201575
659,0.6867906943658524,0.8745243572239282,0.031548503754201575
660,0.6867906944126406,0.8745243567750532,0.03154850375410445
661,0.686790694365834,0.8745243572238636,0.031548503754201575
662,0.3372039739310555,0.930008475347119,-0.012062183170084112
663,0.3372039739777327,0.9300084753470544,-0.012062183170181236
664,0.33720397397771423,0.930008475347119,-0.012062183170084112
665,0.337203973931037,0.9300084753469898,-0.012062183170084112
666,0.337203973931037,0.9300084757957358,-0.012062183170181236
667,0.3372039739777327,0.930008475347119,-0.012062183170084112
668,0.3372039739777327,0.9300084753470544,-0.012062183170084112
669,0.33720397393101853,0.930008475347119,-0.012062183170084112
670,0.3372039739310555,0.9300084753470544,-0.012062183170181236
671,0.3372039739777327,0.930008475347119,-0.012062183170084112
672,0.3372039739777327,0.930008475347119,-0.012062183170084112
673,0.33720397393101853,0.9300084753469898,-0.012062183170181236
674,0.337203973931037,0.930008475347119,-0.012062183170084112
675,0.3372039739777327,0.930008475347119,-0.012062183170084112
676,0.3372039739777327,0.9300084753470544,-0.012062183170084112
677,0.3372039739310555,0.9300084757957358,-0.012062183170181236
678,0.33720397393101853,0.930008475347119,-0.012062183170084112
679,0.3372039739777327,0.9300084753470544,-0.012062183170084112
680,0.3372039739777327,0.9300084753469898,-0.012062183170181236
681,0.33720397393101853,0.930008475347119,-0.012062183170084112
682,-0.6129949072171897,0.691669691769069,-0.014876393432574896
683,-0.6129949072639409,0.6916696917690044,-0.014876393432574896
684,-0.6129949072172453,0.691669691769069,-0.014876393432574896
685,-0.6129949072171897,0.6916696917690044,-0.014876393432574896
686,-0.6129949072639409,0.6916696917690044,-0.014876393432574896
687,-0.6129949072171897,0.691669691769069,-0.014876393432574896
688,-0.6129949072172453,0.6916696917690044,-0.014876393432574896
689,-0.6129949072639039,0.6916696917689399,-0.014876393432574896
690,-0.6129949072172453,0.691669691769069,-0.014876393432574896
691,-0.6129949072638855,0.6916696917691335,-0.014876393432574896
692,-0.6129949072172268,0.6916696917689399,-0.014876393432574896
693,-0.6129949072172453,0.6916696917690044,-0.014876393432574896
694,-0.6129949072639225,0.691669691769069,-0.014876393432574896
695,-0.6129949072172453,0.6916696917690044,-0.014876393432574896
696,-0.6129949072172083,0.691669691769069,-0.014876393432574896
697,-0.6129949072639039,0.6916696917690044,-0.014876393432574896
698,-0.6129949072172453,0.6916696917689399,-0.014876393432574896
699,-1.0083602983933546,0.034510301526379995,-0.05632377586938087
700,-1.0083602984400133,0.03451030107776326,-0.05632377586938087
701,-1.0083602983933733,0.034510301526379995,-0.056323775869477996
702,-1.0083602984400133,0.03451030107756958,-0.05632377586938087
703,-1.0083602983933917,0.034510301526379995,-0.05632377586938087
704,-1.0083602983933362,0.034510301526379995,-0.05632377586938087
705,-1.008360298440032,0.03451030107763414,-0.05632377586938087
706,-1.0083602983933917,0.034510301526379995,-0.056323775869477996
707,-1.0083602983933362,0.034510301526379995,-0.05632377586938087
708,-1.0083602984400504,0.03451030107763414,-0.05632377586938087
709,-1.0083602983933362,0.034510301526379995,-0.05632377586938087
710,-1.0083602984400504,0.0345103010776987,-0.05632377586938087
711,-1.0083602983933546,0.034510301526379995,-0.05632377586938087
712,-1.0083602983933546,0.034510301526250876,-0.056323775869477996
713,-1.0083602984400504,0.03451030107776326,-0.05632377586938087
714,-1.0083602983933546,0.034510301526379995,-0.05632377586938087
715,-1.0083602983933733,0.034510301526250876,-0.05632377586938087
716,-1.0083602984400133,0.0345103010776987,-0.05632377586938087
717,-1.0083602983933546,0.034510301526379995,-0.056323775869477996
718,-1.008360298440032,0.0345103010776987,-0.05632377586938087
719,-1.0083602983933917,0.034510301526315436,-0.05632377586938087
720,-1.0191780797940624,-0.25777511401023007,-0.13228743847328037
721,-1.0191780797940624,-0.2577751140102946,-0.13228743847328037
722,-1.019178079794081,-0.2577751140102946,-0.13228743847328037
723,-1.019178079794081,-0.2577751144589114,-0.13228743847328037
724,-1.0191780797940624,-0.25777511401023007,-0.13228743847328037
725,-1.0191780798407766,-0.2577751140103592,-0.13228743847328037
726,-1.0191780797940995,-0.25777511401023007,-0.13228743847328037
727,-1.0191780797940624,-0.25777511401023007,-0.13228743847328037
728,-1.019178079794081,-0.25777511401023007,-0.13228743847328037
729,-1.019178079794081,-0.2577751140102946,-0.13228743847328037
730,-1.0191780797940624,-0.2577751140102946,-0.13228743847328037
731,-1.019178079794081,-0.2577751144589114,-0.13228743847337748
732,-1.019178079794081,-0.2577751140103592,-0.13228743847328037
733,-1.0191780797940624,-0.25777511401023007,-0.13228743847328037
734,-1.019178079794081,-0.25777511401023007,-0.13228743847328037
735,-1.019178079794081,-0.2577751140103592,-0.13228743847328037
736,-1.0191780798407581,-0.25777511401010095,-0.13228743847328037
737,-1.0191780797940995,-0.2577751140103592,-0.13228743847328037
738,-1.019178079794044,-0.25777511445897594,-0.13228743847328037
739,-1.0191780797940995,-0.2577751140101655,-0.13228743847328037
740,-1.0191780797940624,-0.2577751140103592,-0.13228743847328037
741,-1.0191780797940624,-0.25777511401023007,-0.13228743847328037
742,-1.033334994824317,-0.12078181406230788,-0.08914027535842223
743,-1.0333349948243356,-0.12078181406237244,-0.08914027535851934
744,-1.0333349947776027,-0.12078181406224332,-0.08914027535842223
745,-1.033334994824317,-0.12078181406230788,-0.08914027535842223
746,-1.0333349948242985,-0.1207818136136266,-0.08914027535851934
747,-1.033334994824317,-0.12078181406230788,-0.08914027535842223
748,-1.0333349947776027,-0.12078181406237244,-0.08914027535842223
749,-1.0333349948243356,-0.12078181406224332,-0.08914027535851934
750,-1.033334994824317,-0.12078181406230788,-0.08914027535842223
751,-1.0333349948242985,-0.12078181406237244,-0.08914027535842223
752,-1.033334994824317,-0.12078181406230788,-0.08914027535851934
753,-1.0333349947776027,-0.12078181406224332,-0.08914027535842223
754,-1.0333349948243356,-0.12078181406230788,-0.08914027535842223
755,-1.03333499482428,-0.1207818136136266,-0.08914027535851934
756,-1.0333349948243356,-0.12078181406237244,-0.08914027535842223
757,-1.0333349947776027,-0.12078181406230788,-0.08914027535842223
758,-1.033334994824317,-0.12078181406237244,-0.08914027535851934
759,-1.0333349948242985,-0.12078181406217878,-0.08914027535842223
760,-1.1858784044865196,0.1417905327917897,-0.0834448498272695
761,-1.1858784044398425,0.14179053279198334,-0.08344484982736662
762,-1.1858784044865383,0.14179053234317293,-0.0834448498272695
763,-1.185878404439824,0.14179053279198334,-0.0834448498272695
764,-1.1858784044865196,0.14179053279191878,-0.0834448498272695
765,-1.1858784044865196,0.14179053279185422,-0.08344484982736662
766,-1.1858784044398425,0.1417905323432375,-0.0834448498272695
767,-1.1858784044865196,0.14179053279191878,-0.0834448498272695
768,-1.1858784044865383,0.14179053279185422,-0.08344484982736662
769,-1.1858784044398332,0.14179053279191878,-0.0834448498272695
770,-1.1858784044865105,0.14179053279185422,-0.0834448498272695
771,-1.1858784044398425,0.14179053234330205,-0.0834448498272695
772,-1.1858784044865196,0.14179053279185422,-0.08344484982736662
773,-1.185878404486529,0.14179053279185422,-0.0834448498272695
774,-1.1858784044398425,0.1417905327920479,-0.0834448498272695
775,-1.1858784044865105,0.14179053234317293,-0.0834448498272695
776,-1.1858784044398332,0.14179053279185422,-0.08344484982736662
777,-1.185878404486529,0.14179053279198334,-0.0834448498272695
778,-0.8310866556814354,0.15943279792447912,-0.06256162287974187
779,-0.8310866556814631,0.15943279792428544,-0.06256162287964476
780,-0.8310866556814354,0.15943279792447912,-0.06256162287974187
781,-0.8310866556814539,0.15943279792454368,-0.06256162287974187
782,-0.8310866557281588,0.15943279792435,-0.06256162287974187
783,-0.8310866556814539,0.15943279792454368,-0.06256162287964476
784,-0.8310866556814447,0.15943279792435,-0.06256162287974187
785,-0.8310866556814539,0.15943279792441456,-0.06256162287974187
786,-0.8310866556814447,0.15943279792447912,-0.06256162287964476
787,-0.8310866556814539,0.15943279792441456,-0.06256162287974187
788,-0.8310866556814447,0.15943279792447912,-0.06256162287974187
789,-0.8310866556814539,0.15943279792441456,-0.06256162287974187
790,-0.8310866556814354,0.15943279792441456,-0.06256162287964476
791,-0.8310866557281495,0.15943279792447912,-0.06256162287974187
792,-0.8310866556814447,0.15943279792441456,-0.06256162287974187
793,-0.8310866556814539,0.15943279792447912,-0.06256162287974187
794,-0.8310866556814447,0.15943279792454368,-0.06256162287964476
795,-0.8310866556814539,0.15943279792435,-0.06256162287974187
796,-0.9344930069215153,0.7228028482304284,-0.04076712784719874
797,-0.9344930069215059,0.7228028486790452,-0.04076712784710162
798,-0.9344930068748103,0.7228028482304284,-0.04076712784719874
799,-0.9344930069215245,0.7228028486790452,-0.04076712784710162
800,-0.9344930069215059,0.7228028482304284,-0.04076712784719874
801,-0.9344930069215153,0.7228028486790452,-0.04076712784710162
802,-0.9344930068748103,0.7228028482304284,-0.04076712784719874
803,-0.9344930069215245,0.7228028486790452,-0.04076712784710162
804,-0.9344930069215059,0.7228028482304284,-0.04076712784719874
805,-0.9344930069215245,0.7228028482304284,-0.04076712784719874
806,-0.9344930068748011,0.7228028486790452,-0.04076712784710162
807,-0.9344930069215245,0.7228028482304284,-0.04076712784719874
808,-0.9344930069215059,0.7228028486790452,-0.04076712784710162
809,-0.9344930069215245,0.7228028482304284,-0.04076712784719874
810,-0.9344930068748103,0.7228028486790452,-0.04076712784710162
811,-0.9344930069215059,0.7228028482304284,-0.04076712784719874
812,-0.9344930069215245,0.7228028482303639,-0.04076712784719874
813,-0.9344930069215106,0.7228028486791097,-0.04076712784710162
814,-0.9344930068748103,0.7228028482303639,-0.04076712784719874
815,-0.9344930069215106,0.7228028486791743,-0.04076712784710162
816,-0.9344930069215198,0.7228028482302993,-0.04076712784719874
817,-0.9344930069215106,0.7228028486791097,-0.04076712784710162
818,-0.9344930068748103,0.722802848230493,-0.04076712784719874
819,-0.9344930069215106,0.7228028486790452,-0.04076712784710162
820,-0.9344930069215245,0.7228028482302993,-0.04076712784719874
821,-0.5201024011029474,1.1091638232869376,-0.02335398335360042
822,-0.5201024011496616,1.1091638228381917,-0.023353983353697545
823,-0.5201024011029428,1.1091638232868084,-0.02335398335360042
824,-0.5201024011496616,1.1091638228382563,-0.02335398335360042
825,-0.5201024011029474,1.109163823286873,-0.02335398335360042
826,-0.520102401149657,1.1091638228380627,-0.023353983353697545
827,-0.520102401102952,1.1091638232869376,-0.02335398335360042
828,-0.520102401149657,1.1091638228381917,-0.02335398335360042
829,-0.5201024011029567,1.109163823286873,-0.02335398335360042
830,-0.520102401149657,1.1091638228381917,-0.023353983353697545
831,-0.5201024011029474,1.109163823286873,-0.02335398335360042
832,-0.520102401149657,1.109163822838127,-0.02335398335360042
833,-0.5201024011029567,1.109163823286873,-0.02335398335360042
834,-0.5201024011496477,1.1091638228382563,-0.023353983353697545
835,-0.520102401102952,1.1091638232868084,-0.02335398335360042
836,-0.5201024011496616,1.1091638228381917,-0.02335398335360042
837,-0.520102401102952,1.109163823286873,-0.02335398335360042
838,-0.520102401149657,1.1091638228381917,-0.023353983353697545
839,-0.520102401102952,1.1091638232868084,-0.02335398335360042
840,-0.520102401149657,1.1091638228382563,-0.02335398335360042
841,-0.520102401102952,1.1091638232868084,-0.02335398335360042
842,-0.520102401149657,1.1091638228381917,-0.023353983353697545
843,-0.520102401102952,1.1091638232869376,-0.02335398335360042
844,-0.10740482658924014,1.036459951555733,0.009880193086754455
845,-0.10740482663593583,1.0364599520045432,0.009880193086754455
846,-0.10740482658924014,1.0364599515557975,0.009880193086754455
847,-0.10740482658924014,1.0364599520045432,0.009880193086754455
848,-0.10740482658924014,1.0364599515557975,0.009880193086851579
849,-0.10740482663594045,1.0364599520045432,0.009880193086754455
850,-0.10740482658923552,1.0364599515557975,0.009880193086754455
851,-0.10740482658924014,1.0364599520045432,0.009880193086754455
852,-0.10740482658924014,1.0364599515557975,0.009880193086754455
853,-0.10740482663594045,1.0364599520044786,0.009880193086754455
854,-0.10740482658923552,1.0364599515559265,0.009880193086754455
855,-0.10740482658923552,1.0364599520044142,0.009880193086754455
856,-0.10740482658924014,1.0364599515557975,0.009880193086754455
857,-0.10740482663594045,1.0364599520045432,0.009880193086754455
858,-0.10740482658924014,1.0364599515557975,0.009880193086851579
859,-0.10740482658923783,1.0364599520045432,0.009880193086754455
860,-0.10740482658923552,1.036459951555862,0.009880193086754455
861,-0.10740482663594507,1.0364599520045432,0.009880193086754455
862,-0.10740482658924014,1.0364599515557975,0.009880193086754455
863,-0.06999531251974353,1.0049952495516097,0.012169263635145
864,-0.06999531251974815,1.0049952491029284,0.012169263635242124
865,-0.06999531247304785,1.0049952495516097,0.012169263635145
866,-0.06999531251974583,1.0049952491029928,0.012169263635145
867,-0.06999531251974815,1.004995249551674,0.012169263635145
868,-0.06999531251974815,1.0049952491029928,0.012169263635242124
869,-0.06999531251974815,1.0049952495516097,0.012169263635145
870,-0.06999531251974583,1.0049952491029284,0.012169263635145
871,-0.06999531247305016,1.0049952495517387,0.012169263635145
872,-0.06999531251974815,1.0049952491029284,0.012169263635242124
873,-0.06999531251974583,1.0049952495516097,0.012169263635145
874,-0.06999531251974815,1.0049952495516097,0.012169263635145
875,-0.06999531251974815,1.0049952491030574,0.012169263635242124
876,-0.06999531247304554,1.0049952495516097,0.012169263635145
877,-0.06999531251974815,1.0049952491029928,0.012169263635145
878,-0.06999531251974815,1.004995249551545,0.012169263635145
879,-0.06999531251974353,1.0049952491029928,0.012169263635242124
880,-0.06999531251975277,1.004995249551674,0.012169263635145
881,-0.06999531251974815,1.0049952491029928,0.012169263635145
882,-0.06999531247304323,1.004995249551545,0.012169263635145
883,-0.06999531251975047,1.0049952491029928,0.012169263635242124
884,-0.06999531251974815,1.004995249551674,0.012169263635145
885,-0.06997760514396419,0.9957179244925276,-0.059012299722645295
886,-0.06997760514395956,0.9957179244925276,-0.05901229972254817
887,-0.06997760514396188,0.9957179244925276,-0.059012299722645295
888,-0.0699776051439665,0.9957179240438463,-0.059012299722645295
889,-0.06997760514396188,0.9957179244926567,-0.059012299722645295
890,-0.06997760514396188,0.9957179244925276,-0.05901229972254817
891,-0.0699776051439665,0.9957179244925276,-0.059012299722645295
892,-0.06997760514396188,0.9957179244925276,-0.059012299722645295
893,-0.06997760514395956,0.9957179244925276,-0.059012299722645295
894,-0.0699776051439665,0.9957179244925276,-0.05901229972254817
895,-0.0699776051439665,0.9957179244925276,-0.059012299722645295
896,-0.06997760514395726,0.9957179240438463,-0.059012299722645295
897,-0.0699776051439665,0.9957179244925276,-0.059012299722645295
898,-0.06997760514396188,0.9957179244925276,-0.05901229972254817
899,-0.06997760514396419,0.9957179244925276,-0.059012299722645295
900,-0.06997760514396188,0.9957179244925276,-0.059012299722645295
901,-0.06997760514396419,0.9957179244926567,-0.059012299722645295
902,-0.06997760514395956,0.9957179244925276,-0.05901229972254817
903,-0.0699776051439665,0.9957179244923985,-0.059012299722645295
904,-0.06997760514396188,0.9957179240439754,-0.059012299722645295
905,-0.06997760514396188,0.9957179244925276,-0.059012299722645295
906,-0.0699776051439665,0.9957179244925276,-0.05901229972254817
907,-0.06997760514396188,0.9957179244925276,-0.059012299722645295
908,-0.07994230109376906,1.01918914887086,-0.036725851991980106
909,-0.07994230109376675,1.019189148870989,-0.036725851991980106
910,-0.07994230104706876,1.019189148870989,-0.03672585199207723
911,-0.07994230109376906,1.01918914887086,-0.036725851991980106
912,-0.07994230109376906,1.019189148870989,-0.036725851991980106
913,-0.07994230109376906,1.01918914887086,-0.036725851991980106
914,-0.07994230104706876,1.019189148870989,-0.036725851991980106
915,-0.07994230109376675,1.01918914887086,-0.036725851991980106
916,-0.07994230109377137,1.01918914887086,-0.03672585199207723
917,-0.07994230109377137,1.0191891488711182,-0.036725851991980106
918,-0.07994230109376443,1.01918914887086,-0.036725851991980106
919,-0.07994230104707106,1.0191891484221787,-0.036725851991980106
920,-0.07994230109376675,1.0191891488711182,-0.036725851991980106
921,-0.07994230109376906,1.0191891488707308,-0.036725851991980106
922,-0.07994230109376906,1.019189148870989,-0.03672585199207723
923,-0.07994230109376906,1.019189148870989,-0.036725851991980106
924,-0.07994230104706876,1.01918914887086,-0.036725851991980106
925,-0.07994230109376906,1.019189148870989,-0.036725851991980106
926,-0.07994230109376906,1.01918914887086,-0.036725851991980106
927,-0.07994230109376906,1.019189148870989,-0.036725851991980106
928,-0.07994230104706414,1.01918914887086,-0.03672585199207723
929,-0.07994230109377368,1.019189148870989,-0.036725851991980106
930,-0.07994230109376675,1.01918914887086,-0.036725851991980106
931,-0.08722395686047132,1.0636011945514994,-0.02038245698953763
932,-0.08722395686047595,1.0636011950001807,-0.02038245698953763
933,-0.08722395686047132,1.0636011945513704,-0.02038245698953763
934,-0.08722395686047132,1.0636011945514994,-0.020382456989634753
935,-0.08722395686047132,1.0636011950001807,-0.02038245698953763
936,-0.08722395686047132,1.0636011945514994,-0.02038245698953763
937,-0.08722395686047595,1.0636011945514994,-0.02038245698953763
938,-0.08722395686047132,1.0636011945513704,-0.02038245698953763
939,-0.08722395686047132,1.0636011950001807,-0.02038245698953763
940,-0.08722395686047364,1.0636011945513704,-0.02038245698953763
941,-0.08722395686047132,1.0636011945516286,-0.02038245698953763
942,-0.08722395690717626,1.0636011950000517,-0.020382456989634753
943,-0.08722395686047132,1.0636011945513704,-0.02038245698953763
944,-0.08722395686047364,1.0636011945516286,-0.02038245698953763
945,-0.08722395686047132,1.0636011950000517,-0.02038245698953763
946,-0.08722395686047132,1.0636011945513704,-0.02038245698953763
947,-0.08722395686047364,1.0636011945514994,-0.02038245698953763
948,-0.08722395686047364,1.0636011945516286,-0.02038245698953763
949,-0.087223956860469,1.0636011950001807,-0.02038245698953763
950,-0.08722395686047364,1.0636011945514994,-0.020382456989634753
951,-0.08722395686047364,1.0636011945512411,-0.02038245698953763
952,-0.08722395686047132,1.0636011950001807,-0.02038245698953763
953,-0.08722395686047132,1.0636011945516286,-0.02038245698953763
954,-0.08832576327703046,0.9858900665805621,-0.023168262955870777
955,-0.08832576332373307,0.9858900661318808,-0.023168262955870777
956,-0.08832576327703046,0.9858900665805621,-0.023168262955870777
957,-0.08832576327703046,0.9858900665805621,-0.023168262955870777
958,-0.08832576332373307,0.9858900661318808,-0.023168262955870777
959,-0.08832576327703046,0.9858900665805621,-0.023168262955870777
960,-0.08832576327703046,0.9858900661318808,-0.023168262955870777
961,-0.08832576332373307,0.9858900665805621,-0.023168262955870777
962,-0.08832576327703046,0.9858900665805621,-0.023168262955870777
963,-0.08832576327703046,0.9858900661318808,-0.023168262955870777
964,-0.08832576332373075,0.9858900665806912,-0.023168262955870777
965,-0.08832576327703277,0.9858900661320099,-0.023168262955870777
966,-0.08832576327702814,0.9858900665805621,-0.0231682629559679
967,-0.08832576332373307,0.9858900665805621,-0.023168262955870777
968,-0.08832576327703046,0.9858900661318808,-0.023168262955870777
969,-0.08832576327703046,0.9858900665805621,-0.023168262955870777
970,-0.08832576332373307,0.9858900665805621,-0.023168262955870777
971,-0.08832576327703046,0.9858900661320099,-0.023168262955870777
972,-0.08832576327703046,0.9858900665805621,-0.023168262955870777
973,-0.08832576332373307,0.985890066580433,-0.023168262955870777
974,-0.08832576327702814,0.9858900661320099,-0.023168262955870777
975,-0.08832576327703046,0.9858900665805621,-0.023168262955870777
976,-0.08832576332373307,0.9858900661318808,-0.023168262955870777
977,-0.08832576327703046,0.9858900665805621,-0.023168262955870777
978,-0.07798960272404039,0.9574421617487702,-0.059578304744339165
979,-0.07798960267733777,0.9574421617487702,-0.059578304744339165
980,-0.07798960272404154,0.9574421617488993,-0.059578304744339165
981,-0.07798960272404039,0.957442161748641,-0.059578304744339165
982,-0.07798960267733777,0.9574421617488993,-0.059578304744339165
983,-0.07798960272403924,0.9574421617487702,-0.05957830474443629
984,-0.07798960272403924,0.9574421617487702,-0.059578304744339165
985,-0.07798960267733777,0.957442161748641,-0.059578304744339165
986,-0.07798960272404039,0.9574421617488993,-0.059578304744339165
987,-0.07798960272404039,0.9574421617487702,-0.059578304744339165
988,-0.07798960267734009,0.9574421621973224,-0.059578304744339165
989,-0.07798960272403807,0.9574421617488993,-0.059578304744339165
990,-0.07798960272403807,0.9574421617488993,-0.059578304744339165
991,-0.07798960267734009,0.957442161748641,-0.059578304744339165
992,-0.07798960272404039,0.9574421617488993,-0.059578304744339165
993,-0.07798960272404039,0.9574421617487702,-0.05957830474443629
994,-0.07798960267733777,0.957442161748641,-0.059578304744339165
995,-0.07798960272404039,0.9574421617487702,-0.059578304744339165
996,-0.07798960272404154,0.9574421617488993,-0.059578304744339165
997,-0.07798960267733777,0.957442161748641,-0.059578304744339165
998,-0.07798960272403807,0.9574421617488993,-0.059578304744339165
999,-0.07488328664106658,0.9265684232189073,0.008441348742085126
1000,-0.07488328668776804,0.9265684232187782,0.008441348741988002
1001,-0.07488328664106658,0.926568422770226,0.008441348742085126
1002,-0.07488328664106773,0.9265684232190364,0.008441348742085126
1003,-0.07488328668776804,0.9265684232189073,0.008441348741988002
1004,-0.07488328664106658,0.926568422770097,0.008441348742085126
1005,-0.07488328664106658,0.9265684232189073,0.008441348742085126
1006,-0.07488328668776804,0.9265684232189073,0.008441348741988002
1007,-0.07488328664106543,0.9265684232187782,0.008441348742085126
1008,-0.07488328668777035,0.9265684232190364,0.008441348742085126
1009,-0.07488328664106543,0.926568422770226,0.008441348741988002
1010,-0.07488328664106543,0.9265684232189073,0.008441348742085126
1011,-0.0748832866877692,0.9265684232187782,0.008441348741988002
1012,-0.07488328664106543,0.926568422770226,0.008441348742085126
1013,-0.07488328664106773,0.9265684232190364,0.008441348742085126
1014,-0.07488328668776804,0.9265684232189073,0.008441348741988002
1015,-0.07488328664106543,0.9265684232187782,0.008441348742085126
1016,-0.07488328664106773,0.9265684232189073,0.008441348742085126
1017,-0.07488328668776689,0.926568422770226,0.008441348741988002
1018,-0.07488328664106773,0.9265684232190364,0.008441348742085126
1019,-0.04168116381178695,1.1032831137069485,-0.03788144557804769
1020,-0.04168116376508665,1.1032831137069485,-0.03788144557804769
1021,-0.04168116381178695,1.1032831137069485,-0.03788144557795057
1022,-0.0416811638117881,1.1032831137068193,-0.03788144557804769
1023,-0.04168116381178695,1.1032831141557589,-0.03788144557804769
1024,-0.04168116376508549,1.1032831137069485,-0.03788144557804769
1025,-0.0416811638117881,1.1032831137070775,-0.03788144557804769
1026,-0.04168116381178695,1.1032831137069485,-0.03788144557804769
1027,-0.04168116381178695,1.1032831137069485,-0.03788144557804769
1028,-0.04168116376508665,1.1032831137069485,-0.03788144557795057
1029,-0.04168116381178695,1.1032831137069485,-0.03788144557804769
1030,-0.0416811638117881,1.1032831137069485,-0.03788144557804769
1031,-0.04168116376508549,1.1032831137069485,-0.03788144557804769
1032,-0.04168116381178579,1.1032831141557589,-0.03788144557804769
1033,-0.04168116381178926,1.1032831137069485,-0.03788144557795057
1034,-0.04168116381178579,1.1032831137069485,-0.03788144557804769
1035,-0.0416811637650878,1.1032831137069485,-0.03788144557804769
1036,-0.04168116381178579,1.1032831137069485,-0.03788144557804769
1037,-0.0938350583385695,1.06999833472362,0.022110370016832245
1038,-0.09383505838526865,1.0699983347237492,0.022110370016832245
1039,-0.09383505833857066,1.06999833472362,0.022110370016832245
1040,-0.09383505833856834,1.0699983342750679,0.022110370016832245
1041,-0.09383505838527095,1.06999833472362,0.022110370016832245
1042,-0.0938350583385695,1.0699983347237492,0.022110370016832245
1043,-0.09383505833856604,1.0699983347237492,0.022110370016832245
1044,-0.09383505838527212,1.06999833472362,0.022110370016832245
1045,-0.09383505833856834,1.06999833472362,0.022110370016832245
1046,-0.09383505838527095,1.0699983347237492,0.022110370016832245
1047,-0.09383505833856834,1.0699983342749386,0.022110370016832245
1048,-0.09383505833856892,1.06999833472362,0.022110370016832245
1049,-0.09383505838527038,1.0699983347237492,0.022110370016832245
1050,-0.0938350583385695,1.0699983347237492,0.022110370016832245
1051,-0.09383505833856777,1.06999833472362,0.022110370016832245
1052,-0.09383505838527095,1.06999833472362,0.022110370016832245
1053,-0.09383505833856834,1.0699983342750679,0.022110370016832245
1054,-0.09383505833856892,1.0699983347237492,0.022110370016832245
1055,-0.09383505838527154,1.06999833472362,0.022110370016832245
1056,-0.09383505833856777,1.06999833472362,0.022110370016832245
1057,-0.3697583472032136,0.9425856599355197,0.0350599691192447
1058,-0.3697583471565121,0.9425856594868385,0.0350599691192447
1059,-0.3697583472032136,0.9425856599355197,0.0350599691192447
1060,-0.36975834720321415,0.9425856599353906,0.0350599691192447
1061,-0.3697583472032136,0.9425856594869676,0.0350599691192447
1062,-0.36975834715651185,0.9425856599353906,0.0350599691192447
1063,-0.3697583472032139,0.9425856599355197,0.0350599691192447
1064,-0.3697583472032137,0.9425856594868385,0.0350599691192447
1065,-0.3697583472032139,0.9425856599353906,0.0350599691192447
1066,-0.3697583471565119,0.9425856599355197,0.035059969119341824
1067,-0.3697583472032137,0.9425856599353906,0.0350599691192447
1068,-0.3697583472032138,0.9425856594869676,0.0350599691192447
1069,-0.3697583472032137,0.9425856599353906,0.0350599691192447
1070,-0.3697583471565119,0.9425856599355197,0.0350599691192447
1071,-0.3697583472032139,0.9425856594868385,0.0350599691192447
1072,-0.3697583472032136,0.9425856599353906,0.0350599691192447
1073,-0.3697583472032133,0.9425856599356488,0.0350599691192447
1074,-0.3697583471565124,0.9425856594867094,0.0350599691192447
1075,-0.3697583472032139,0.9425856599355197,0.0350599691192447
1076,-0.7506597651881285,0.6294036161878442,-0.022916994182437568
1077,-0.7506597652348311,0.6294036161878442,-0.022916994182437568
1078,-0.750659765188129,0.6294036157391629,-0.022916994182437568
1079,-0.7506597651881274,0.6294036161878442,-0.022916994182437568
1080,-0.7506597652348306,0.6294036161878442,-0.022916994182437568
1081,-0.750659765188129,0.6294036161878442,-0.022916994182437568
1082,-0.750659765188129,0.6294036161877151,-0.022916994182437568
1083,-0.7506597652348306,0.6294036161878442,-0.022916994182437568
1084,-0.750659765188129,0.6294036157394212,-0.022916994182437568
1085,-0.7506597652348306,0.6294036161877151,-0.022916994182437568
1086,-0.750659765188129,0.6294036161878442,-0.022916994182437568
1087,-0.750659765188129,0.6294036161878442,-0.022916994182437568
1088,-0.7506597652348294,0.6294036161878442,-0.022916994182437568
1089,-0.750659765188129,0.6294036161877151,-0.022916994182437568
1090,-0.7506597651881268,0.629403615739292,-0.022916994182437568
1091,-0.750659765234834,0.6294036161878442,-0.022916994182437568
1092,-0.7506597651881268,0.6294036161877151,-0.022916994182437568
1093,-0.8997317665534886,0.756737476972584,-0.0269372945573689
1094,-0.8997317665067907,0.7567374769723257,-0.0269372945573689
1095,-0.899731766553491,0.7567374774211362,-0.0269372945573689
1096,-0.8997317665534933,0.7567374769724549,-0.0269372945573689
1097,-0.899731766553491,0.7567374769724549,-0.0269372945573689
1098,-0.899731766506786,0.7567374769724549,-0.0269372945573689
1099,-0.8997317665534933,0.7567374774211362,-0.0269372945573689
1100,-0.8997317665534886,0.756737476972584,-0.0269372945573689
1101,-0.8997317665067883,0.7567374769723257,-0.026937294557466025
1102,-0.8997317665534886,0.756737476972584,-0.0269372945573689
1103,-0.8997317665534933,0.756737477421007,-0.0269372945573689
1104,-0.8997317665067883,0.7567374769724549,-0.0269372945573689
1105,-0.8997317665534933,0.7567374769724549,-0.0269372945573689
1106,-0.8997317665534886,0.7567374769724549,-0.0269372945573689
1107,-0.8997317665534886,0.7567374774211362,-0.0269372945573689
1108,-0.8997317665067883,0.7567374769724549,-0.0269372945573689
1109,-0.8997317665534933,0.7567374769723257,-0.0269372945573689
1110,-0.33789193070169643,0.9798255375207309,-0.09578493847816516
1111,-0.3378919307017057,0.9798255379692831,-0.09578493847806803
1112,-0.3378919306550008,0.9798255375206018,-0.09578493847816516
1113,-0.33789193070169643,0.9798255379694122,-0.09578493847816516
1114,-0.33789193070170104,0.9798255375206018,-0.09578493847816516
1115,-0.33789193070170104,0.9798255379694122,-0.09578493847816516
1116,-0.33789193070170104,0.9798255375206018,-0.09578493847806803
1117,-0.3378919306549961,0.9798255379692831,-0.09578493847816516
1118,-0.33789193070170104,0.9798255375206018,-0.09578493847816516
1119,-0.3378919307017057,0.9798255375207309,-0.09578493847806803
1120,-0.33789193070170104,0.9798255379692831,-0.09578493847816516
1121,-0.33789193070170104,0.9798255375206018,-0.09578493847816516
1122,-0.33789193070170104,0.9798255379692831,-0.09578493847816516
1123,-0.3378919306549961,0.9798255375207309,-0.09578493847816516
1124,-0.33789193070170104,0.9798255379692831,-0.09578493847806803
1125,-0.3378919307017057,0.9798255375206018,-0.09578493847816516
1126,-0.03226181619879185,0.6975847422970255,-0.1033230016811614
1127,-0.03226181619880572,0.6975847422970255,-0.1033230016811614
1128,-0.0322618161988011,0.6975847427457067,-0.10332300168106429
1129,-0.0322618161988011,0.6975847422970255,-0.1033230016811614
1130,-0.032261816245506024,0.6975847422968964,-0.1033230016811614
1131,-0.0322618161988011,0.6975847422970255,-0.1033230016811614
1132,-0.03226181619879647,0.6975847422970255,-0.10332300168106429
1133,-0.0322618161988011,0.6975847422970255,-0.1033230016811614
1134,-0.0322618161988011,0.6975847427457067,-0.1033230016811614
1135,-0.03226181619880572,0.6975847422968964,-0.1033230016811614
1136,-0.03226181619879185,0.6975847422970255,-0.10332300168106429
1137,-0.03226181619880572,0.6975847422970255,-0.1033230016811614
1138,-0.0322618162455014,0.6975847422971546,-0.1033230016811614
1139,-0.03226181619880572,0.6975847422968964,-0.1033230016811614
1140,-0.0322618161988011,0.6975847427457067,-0.10332300168106429
1141,-0.0322618161988011,0.6975847422970255,-0.1033230016811614
1142,-0.03226181619879647,0.6975847422970255,-0.1033230016811614
1143,0.05255181475226798,0.531512884609085,-0.08236000686895006
1144,0.05255181470557692,0.5315128846092141,-0.0823600068690472
1145,0.05255181475226335,0.531512884609085,-0.08236000686895006
1146,0.052551814705563055,0.5315128846092141,-0.0823600068690472
1147,0.05255181475227722,0.531512884609085,-0.08236000686895006
1148,0.0525518147055723,0.531512884609085,-0.0823600068690472
1149,0.05255181475226335,0.5315128846093432,-0.08236000686895006
1150,-0.12512697443808662,0.8530009978488718,-0.07357277890659182
1151,-0.12512697443809126,0.8530009978488718,-0.07357277890659182
1152,-0.12512697443807738,0.853000997849001,-0.07357277890668895
1153,-0.12512697443809126,0.8530009978488718,-0.07357277890659182
1154,-0.12512697443809126,0.8530009978488718,-0.07357277890659182
1155,-0.42451567953981123,1.5808293855770823,-0.03899819568216291
1156,-0.42451567958651615,1.580829385576953,-0.03899819568216291
1157,-0.42451567953981123,1.580829385576824,-0.03899819568226003
1158,-0.4245156795398066,1.5808293855770823,-0.03899819568216291
1159,-0.42451567953981584,1.5808293860255054,-0.03899819568216291
1160,-0.42451567958651154,1.580829385576953,-0.03899819568216291
1161,-0.42451567953981123,1.580829385576953,-0.03899819568216291
1162,-0.4245156795398066,1.580829385576824,-0.03899819568216291
1163,-0.4245156795865254,1.5808293855770823,-0.03899819568226003
1164,-0.42451567953980196,1.580829385576953,-0.03899819568216291
1165,-0.42451567953982045,1.580829385576824,-0.03899819568216291
1166,-0.4245156795865069,1.580829385576953,-0.03899819568216291
1167,-0.42451567953981123,1.5808293860255054,-0.03899819568216291
1168,-0.42451567953982045,1.580829385576953,-0.03899819568216291
1169,-0.42451567953980196,1.580829385576953,-0.03899819568226003
1170,-0.42451567958651615,1.580829385576953,-0.03899819568216291
1171,-0.42451567953981123,1.580829385576953,-0.03899819568216291
1172,0.01759430182345405,0.9989393356768909,-0.012953641079380648
1173,0.017594301823463297,0.9989393361254431,-0.012953641079283524
1174,0.01759430182345405,0.9989393356768909,-0.012953641079380648
1175,0.017594301823463297,0.9989393356768909,-0.012953641079283524
1176,0.017594301823463297,0.9989393361254431,-0.012953641079380648
1177,0.01759430182345405,0.9989393356767617,-0.012953641079380648
1178,0.017594301823463297,0.9989393356768909,-0.012953641079283524
1179,0.01759430182345405,0.9989393361254431,-0.012953641079380648
1180,0.017594301823472543,0.9989393356768909,-0.012953641079283524
1181,0.01759430182345405,0.9989393356767617,-0.012953641079380648
1182,0.01759430182345405,0.9989393361255722,-0.012953641079380648
1183,0.017594301870158976,0.9989393356768909,-0.012953641079283524
1184,0.017594301823463297,0.9989393361254431,-0.012953641079380648
1185,0.017594301823463297,0.9989393356768909,-0.012953641079380648
1186,0.01759430182345405,0.9989393356768909,-0.012953641079283524
1187,0.01759430182345405,0.9989393361254431,-0.012953641079380648
1188,0.017594301823463297,0.9989393356767617,-0.012953641079283524
1189,0.01759430182345405,0.9989393356768909,-0.012953641079380648
1190,0.017594301823472543,0.9989393361254431,-0.012953641079380648
1191,0.01759430182345405,0.9989393356768909,-0.012953641079283524
1192,0.01759430182345405,0.9989393356767617,-0.012953641079380648
1193,0.017594301823463297,0.9989393361255722,-0.012953641079283524
1194,0.01759430182345405,0.9989393356768909,-0.012953641079380648
1195,-0.09498081433694223,0.9292148262051,-0.0640044640143174
1196,-0.09498081438364717,0.9292148257562896,-0.06400446401422027
1197,-0.09498081433693299,0.9292148262051,-0.0640044640143174
1198,-0.09498081433694223,0.9292148262049709,-0.06400446401422027
1199,-0.09498081433695149,0.9292148257565478,-0.0640044640143174
1200,-0.09498081438364717,0.9292148262051,-0.0640044640143174
1201,-0.09498081433694223,0.9292148257565478,-0.06400446401422027
1202,-0.09498081433693299,0.9292148262048417,-0.0640044640143174
1203,-0.09498081438365641,0.9292148262052291,-0.06400446401422027
1204,-0.09498081433694223,0.9292148257564187,-0.0640044640143174
1205,-0.09498081433693299,0.9292148262049709,-0.0640044640143174
1206,-0.09498081433695149,0.9292148262052291,-0.06400446401422027
1207,-0.09498081438364717,0.9292148257562896,-0.0640044640143174
1208,-0.09498081433694223,0.9292148262051,-0.06400446401422027
1209,-0.09498081433694223,0.9292148262052291,-0.0640044640143174
1210,-0.09498081433695149,0.9292148257564187,-0.0640044640143174
1211,-0.09498081438364717,0.9292148262049709,-0.06400446401422027
1212,-0.09498081433693299,0.9292148262051,-0.0640044640143174
1213,-0.09498081433694223,0.9292148257564187,-0.06400446401422027
1214,-0.09498081438364717,0.9292148262051,-0.0640044640143174
1215,-0.09498081433695149,0.9292148257564187,-0.0640044640143174
1216,-0.09498081433693299,0.9292148262052291,-0.06400446401422027
1217,-0.09498081433694223,0.9292148262049709,-0.0640044640143174
1218,-0.09498081438364717,0.9292148257562896,-0.06400446401422027
1219,-0.09498081433695149,0.9292148262052291,-0.0640044640143174
1220,-0.4281926049574244,0.8185508789077104,-0.04374945976162722
1221,-0.4281926050041108,0.8185508784590291,-0.04374945976162722
1222,-0.4281926049574151,0.8185508789074522,-0.04374945976172434
1223,-0.4281926049574151,0.8185508784592873,-0.04374945976162722
1224,-0.4281926049574151,0.8185508789074522,-0.04374945976162722
1225,-0.4281926050041108,0.8185508784590291,-0.04374945976162722
1226,-0.4281926049574151,0.8185508789077104,-0.04374945976162722
1227,-0.4281926049574244,0.8185508784590291,-0.04374945976162722
1228,-0.4281926049574151,0.8185508789077104,-0.04374945976172434
1229,-0.4281926050041201,0.8185508784589,-0.04374945976162722
1230,-0.4281926049574059,0.8185508789075813,-0.04374945976162722
1231,-0.8213958727630086,-0.19616297414199738,-0.09083891104320652
1232,-0.8213958727162944,-0.19616297414186826,-0.09083891104320652
1233,-0.8213958727629901,-0.19616297459067866,-0.09083891104310939
1234,-0.8213958727629994,-0.19616297414173914,-0.09083891104320652
1235,-0.8213958727630086,-0.1961629741421265,-0.09083891104320652
1236,-0.8213958727162852,-0.19616297414199738,-0.09083891104320652
1237,-0.8213958727629901,-0.19616297414186826,-0.09083891104320652
1238,-0.8213958727629994,-0.19616297459054954,-0.09083891104310939
1239,-0.8213958727630086,-0.1961629741421265,-0.09083891104320652
1240,-0.8213958727162852,-0.19616297414186826,-0.09083891104320652
1241,-0.8213958727629994,-0.19616297414199738,-0.09083891104320652
1242,-0.8213958727629901,-0.19616297459067866,-0.09083891104310939
1243,-0.8213958727630086,-0.19616297414186826,-0.09083891104320652
1244,-0.8213958727162852,-0.19616297414173914,-0.09083891104320652
1245,-0.8213958727629994,-0.1961629741421265,-0.09083891104320652
1246,-0.8213958727629901,-0.19616297414199738,-0.09083891104320652
1247,-0.8213958727630086,-0.19616297459067866,-0.09083891104310939
1248,-0.8213958727162944,-0.19616297414173914,-0.09083891104320652
1249,-0.8213958727629994,-0.1961629741421265,-0.09083891104320652
1250,-0.6754046741521001,-0.7663478229806847,-0.0018104172140480548
1251,-0.6754046741987866,-0.7663478225322616,-0.0018104172140480548
1252,-0.6754046741521001,-0.7663478229806847,-0.0018104172139509307
1253,-0.6754046741520816,-0.7663478229808138,-0.0018104172140480548
1254,-0.6754046741988051,-0.7663478229806847,-0.0018104172140480548
1255,-0.6754046741521187,-0.7663478225322616,-0.0018104172140480548
1256,-0.6754046741520724,-0.7663478229806847,-0.0018104172140480548
1257,-0.6754046741987958,-0.766347822980943,-0.0018104172140480548
1258,-0.6754046741521187,-0.7663478229808138,-0.0018104172139509307
1259,-0.6754046741520816,-0.7663478225321325,-0.0018104172140480548
1260,-0.6754046741987866,-0.7663478229808138,-0.0018104172140480548
1261,-0.6754046741521187,-0.7663478229806847,-0.0018104172140480548
1262,-0.6754046741520816,-0.7663478225322616,-0.0018104172140480548
1263,-0.6754046741520909,-0.7663478229806847,-0.0018104172139509307
1264,-0.6754046741988143,-0.7663478229808138,-0.0018104172140480548
1265,-0.6754046741521001,-0.766347822980943,-0.0018104172140480548
1266,-0.6754046741520909,-0.7663478225320034,-0.0018104172140480548
1267,-0.6754046741987958,-0.766347822980943,-0.0018104172140480548
1268,-0.6754046741521001,-0.7663478229806847,-0.0018104172140480548
1269,-0.6754046741520909,-0.7663478229806847,-0.0018104172139509307
1270,-0.6754046741987958,-0.7663478225322616,-0.0018104172140480548
1271,-0.6754046741521001,-0.7663478229806847,-0.0018104172140480548
1272,-0.9065189306919743,-0.5449683835384893,-0.044526108697693495
1273,-0.9065189306452325,-0.5449683835386184,-0.04452610869779062
1274,-0.9065189306919836,-0.5449683835386184,-0.044526108697693495
1275,-0.9065189306919281,-0.5449683835387475,-0.044526108697693495
1276,-0.9065189306919836,-0.5449683835383602,-0.044526108697693495
1277,-0.9065189306452509,-0.5449683835384893,-0.044526108697693495
1278,-0.9065189306919651,-0.5449683835386184,-0.04452610869779062
1279,-0.9065189306919466,-0.5449683830899371,-0.044526108697693495
1280,-0.9065189306452509,-0.5449683835386184,-0.044526108697693495
1281,-0.9065189306919836,-0.5449683835386184,-0.04452610869779062
1282,-0.9065189306919466,-0.5449683835386184,-0.044526108697693495
1283,-0.9065189306919651,-0.5449683835383602,-0.044526108697693495
1284,-0.9065189306452509,-0.5449683835386184,-0.044526108697693495
1285,-0.9065189306919651,-0.5449683835386184,-0.044526108697693495
1286,-0.9065189306919466,-0.5449683835384893,-0.04452610869779062
1287,-0.9065189306452694,-0.5449683835386184,-0.044526108697693495
1288,-0.9065189306919466,-0.5449683835386184,-0.044526108697693495
1289,-0.9065189306919651,-0.5449683835383602,-0.04452610869779062
1290,-0.9065189306919466,-0.5449683835386184,-0.044526108697693495
1291,-0.9065189306452694,-0.5449683835386184,-0.044526108697693495
1292,-0.9065189306919466,-0.5449683830899371,-0.044526108697693495
1293,-0.9065189306919651,-0.5449683835386184,-0.044526108697693495
1294,-0.9065189306452509,-0.5449683835384893,-0.04452610869779062
1295,-0.9065189306919466,-0.5449683835384893,-0.044526108697693495
1296,-0.9065189306920021,-0.5449683835386184,-0.044526108697693495
1297,-0.9065189306919281,-0.5449683835384893,-0.04452610869779062
1298,-0.9065189306452509,-0.5449683835387475,-0.044526108697693495
1299,-0.9065189306919651,-0.5449683835384893,-0.044526108697693495
1300,-1.0812816495186341,-0.07397702566267833,0.13643309340584706
1301,-1.0812816495186526,-0.07397702611135963,0.13643309340594417
1302,-1.0812816495186526,-0.07397702566267833,0.13643309340584706
1303,-1.0812816494719384,-0.07397702566280745,0.13643309340594417
1304,-1.0812816495186155,-0.07397702611148875,0.13643309340584706
1305,-1.081281649518671,-0.07397702566267833,0.13643309340594417
1306,-1.0812816495186526,-0.07397702566267833,0.13643309340584706
1307,-1.0812816495186155,-0.07397702611135963,0.13643309340594417
1308,-1.0812816495186526,-0.07397702566280745,0.13643309340584706
1309,-1.0812816495186526,-0.07397702566267833,0.13643309340594417
1310,-1.0812816494719568,-0.07397702566267833,0.13643309340584706
1311,-1.0812816495186155,-0.07397702611135963,0.13643309340584706
1312,-1.0812816495186341,-0.07397702566280745,0.13643309340594417
1313,-1.0812816495186526,-0.07397702566267833,0.13643309340584706
1314,-1.0812816495186526,-0.07397702611123051,0.13643309340594417
1315,-1.0812816495186341,-0.07397702566280745,0.13643309340584706
1316,-1.0812816495186341,-0.07397702566280745,0.13643309340594417
1317,-1.0812816495186155,-0.07397702611135963,0.13643309340584706
1318,-1.0812816494719755,-0.07397702566280745,0.13643309340594417
1319,-1.0812816495186341,-0.07397702566267833,0.13643309340584706
1320,-1.0812816495186526,-0.07397702611135963,0.13643309340594417
1321,-1.0812816495186526,-0.07397702566267833,0.13643309340584706
1322,-1.0251881720426206,0.35448450662497144,0.1177935189402563
1323,-1.0251881720893903,0.35448450662510056,0.11779351894035343
1324,-1.0251881720426022,0.35448450662497144,0.1177935189402563
1325,-1.0251881720893348,0.35448450662497144,0.1177935189402563
1326,-1.0251881720426577,0.35448450662510056,0.1177935189402563
1327,-1.0251881720893534,0.3544845061762902,0.11779351894035343
1328,-1.0251881720426206,0.35448450662497144,0.1177935189402563
1329,-1.0251881720893534,0.35448450662510056,0.1177935189402563
1330,-1.0251881720426577,0.35448450662497144,0.1177935189402563
1331,-1.0251881720893534,0.35448450662497144,0.11779351894035343
1332,-1.0251881720426392,0.35448450662510056,0.1177935189402563
1333,-1.0251881720426577,0.35448450662497144,0.1177935189402563
1334,-1.0251881720893534,0.35448450662497144,0.11779351894035343
1335,-1.0251881720426577,0.35448450662510056,0.1177935189402563
1336,-1.0251881720893163,0.35448450662497144,0.1177935189402563
1337,-1.0251881720426577,0.35448450662510056,0.1177935189402563
1338,-1.0251881720893348,0.3544845061762902,0.11779351894035343
1339,-1.0251881720426577,0.35448450662497144,0.1177935189402563
1340,-1.0251881720893348,0.35448450662497144,0.1177935189402563
1341,-1.0251881720426206,0.35448450662510056,0.1177935189402563
1342,-1.0251881720893719,0.35448450662497144,0.11779351894035343
1343,-1.0251881720426392,0.35448450662510056,0.1177935189402563
1344,-1.087876056306303,0.523226817313957,0.03520984873844467
1345,-1.0878760563062846,0.5232268168651466,0.03520984873854179
1346,-1.087876056306303,0.5232268173136988,0.03520984873854179
1347,-1.087876056306303,0.5232268168652757,0.03520984873844467
1348,-1.087876056306303,0.523226817313957,0.03520984873844467
1349,-1.0878760563062846,0.5232268173136988,0.03520984873854179
1350,-1.087876056306303,0.5232268168652757,0.03520984873854179
1351,-1.087876056306303,0.5232268173138279,0.03520984873844467
1352,-1.087876056306303,0.5232268168651466,0.03520984873844467
1353,-1.0878760563062846,0.523226817313957,0.03520984873854179
1354,-1.0878760563062846,0.5232268168651466,0.03520984873854179
1355,-1.0878760563063217,0.5232268173138279,0.03520984873844467
1356,-1.0878760562595704,0.5232268173138279,0.03520984873844467
1357,-1.0878760563062846,0.5232268168651466,0.03520984873854179
1358,-1.0878760563062846,0.5232268173138279,0.03520984873854179
1359,-1.0878760563063217,0.5232268168651466,0.03520984873844467
1360,-1.0878760563062846,0.5232268173140862,0.03520984873844467
1361,-1.0878760563062846,0.5232268168650175,0.03520984873854179
1362,-1.0878760563063217,0.523226817313957,0.03520984873854179
1363,-1.0878760563062846,0.523226817313957,0.03520984873844467
1364,-1.0878760563063217,0.5232268168650175,0.03520984873844467
1365,-1.0878760563063217,0.523226817313957,0.03520984873854179
1366,-1.0878760563062846,0.5232268168652757,0.03520984873854179
1367,-1.0878760563062846,0.5232268173135697,0.03520984873844467
1368,-0.9796164659961026,0.5587315718470365,-0.06941264199686506
1369,-0.9796164659494254,0.5587315713982262,-0.06941264199696219
1370,-0.9796164659961766,0.5587315718467784,-0.06941264199686506
1371,-0.9796164659493884,0.5587315713983553,-0.06941264199696219
1372,-0.9796164659961766,0.5587315718467784,-0.06941264199686506
1373,-0.9796164659494254,0.5587315713982262,-0.06941264199696219
1374,-0.9796164659961026,0.5587315718467784,-0.06941264199686506
1375,-0.9796164659493884,0.5587315718469074,-0.06941264199686506
1376,-0.9796164659961396,0.5587315713982262,-0.06941264199696219
1377,-0.9796164659494624,0.5587315718467784,-0.06941264199686506
1378,-0.9796164659961026,0.5587315713983553,-0.06941264199696219
1379,-0.9796164659494254,0.5587315718467784,-0.06941264199686506
1380,-0.9796164659961396,0.5587315713982262,-0.06941264199696219
1381,-0.9796164659494254,0.5587315718467784,-0.06941264199686506
1382,-0.9796164659961396,0.5587315713983553,-0.06941264199696219
1383,-0.9796164659494254,0.5587315718467784,-0.06941264199686506
1384,-0.9796164659961396,0.5587315718470365,-0.06941264199686506
1385,-0.9796164659493884,0.558731571398097,-0.06941264199696219
1386,-0.9796164659961396,0.5587315718467784,-0.06941264199686506
1387,-0.9796164659494624,0.5587315713982262,-0.06941264199696219
1388,-0.9796164659960656,0.5587315718470365,-0.06941264199686506
1389,-0.9796164659494254,0.558731571398097,-0.06941264199696219
1390,-0.9796164659961396,0.5587315718467784,-0.06941264199686506
1391,-0.9897292013275737,0.5488680113013522,-0.10743467251915938
1392,-0.9897292013275367,0.548868011301094,-0.10743467251915938
1393,-0.9897292012808595,0.5488680117499044,-0.10743467251906226
1394,-0.9897292013275737,0.5488680113012231,-0.10743467251915938
1395,-0.9897292013274998,0.5488680113012231,-0.10743467251915938
1396,-0.9897292013275737,0.5488680113012231,-0.10743467251915938
1397,-0.9897292013275367,0.5488680117499044,-0.10743467251915938
1398,-0.9897292013275737,0.548868011301094,-0.10743467251915938
1399,-0.9897292012808595,0.5488680113013522,-0.10743467251906226
1400,-0.9897292013275367,0.5488680113012231,-0.10743467251915938
1401,-0.9897292013275737,0.548868011301094,-0.10743467251915938
1402,-0.9897292013274998,0.5488680117499044,-0.10743467251915938
1403,-0.9897292013275737,0.5488680113012231,-0.10743467251915938
1404,-0.9897292012808595,0.5488680113012231,-0.10743467251906226
1405,-0.9897292013275367,0.5488680113012231,-0.10743467251915938
1406,-0.9897292013275737,0.5488680117499044,-0.10743467251915938
1407,-0.9897292013275737,0.5488680113009649,-0.10743467251915938
1408,-0.9897292013275367,0.5488680113014813,-0.10743467251915938
1409,-0.9897292013275367,0.5488680113012231,-0.10743467251915938
1410,-0.9897292012808595,0.5488680117499044,-0.10743467251906226
1411,-0.9897292013274998,0.5488680113009649,-0.10743467251915938
1412,-0.9897292013275737,0.5488680113012231,-0.10743467251915938
1413,-0.7147466466615369,0.6227469755306133,-0.0286602804323811
1414,-0.7147466466615738,0.6227469755306133,-0.028660280432283976
1415,-0.7147466467082509,0.6227469755304842,-0.0286602804323811
1416,-0.7147466466614998,0.6227469750820611,-0.0286602804323811
1417,-0.7147466466615369,0.6227469755303551,-0.028660280432283976
1418,-0.7147466466615369,0.6227469755306133,-0.0286602804323811
1419,-0.7147466467082509,0.6227469755306133,-0.0286602804323811
1420,-0.7147466466615369,0.6227469755303551,-0.028660280432283976
1421,-0.7147466466615369,0.6227469755306133,-0.0286602804323811
1422,-0.7147466466615738,0.6227469755306133,-0.0286602804323811
1423,-0.714746646708177,0.622746975081932,-0.028660280432283976
1424,-0.7147466466615738,0.6227469755303551,-0.0286602804323811
1425,-0.7147466466614998,0.6227469755306133,-0.0286602804323811
1426,-0.7147466466615738,0.6227469755306133,-0.028660280432283976
1427,-0.7147466467082509,0.6227469755303551,-0.0286602804323811
1428,-0.7147466466614998,0.6227469755306133,-0.0286602804323811
1429,-0.7147466466615738,0.6227469755306133,-0.028660280432283976
1430,-0.7147466466615738,0.6227469750816738,-0.0286602804323811
1431,-0.714746646708177,0.6227469755308715,-0.0286602804323811
1432,-0.7147466466615738,0.6227469755303551,-0.028660280432283976
1433,-0.7147466466615369,0.6227469755303551,-0.0286602804323811
1434,-0.8024165711462549,0.7309821800132825,0.09138745511400277
1435,-0.8024165710995778,0.7309821800131534,0.09138745511400277
1436,-0.8024165710995037,0.7309821804617055,0.09138745511400277
1437,-0.8024165711463289,0.7309821800131534,0.09138745511400277
1438,-0.8024165711462549,0.7309821800130243,0.09138745511400277
1439,-0.8024165710996147,0.7309821800132825,0.09138745511400277
1440,-0.8024165710995037,0.7309821800128952,0.09138745511400277
1441,-0.8024165711462549,0.7309821800132825,0.09138745511400277
1442,-0.802416571146292,0.7309821804617055,0.09138745511400277
1443,-0.8024165710995778,0.7309821800131534,0.09138745511400277
1444,-0.8024165710995408,0.7309821800130243,0.09138745511400277
1445,-0.8024165711462549,0.7309821800128952,0.09138745511409989
1446,-0.8024165711462549,0.7309821800132825,0.09138745511400277
1447,-0.8024165710996147,0.7309821804617055,0.09138745511400277
1448,-0.8024165710995408,0.7309821800131534,0.09138745511400277
1449,-0.8024165711462549,0.7309821800130243,0.09138745511400277
1450,-0.802416571146292,0.7309821800131534,0.09138745511400277
1451,-0.8024165710995778,0.7309821800132825,0.09138745511400277
1452,-0.8024165710995408,0.7309821800128952,0.09138745511400277
1453,-0.8024165711462549,0.7309821804617055,0.09138745511400277
1454,-0.8024165711462179,0.7309821800132825,0.09138745511400277
1455,-0.8024165710996147,0.7309821800131534,0.09138745511400277
1456,-0.6925863323961222,0.506116504194626,0.14794577175233845
1457,-0.692586332349445,0.5061165037462029,0.14794577175224133
1458,-0.6925863323961592,0.5061165041948842,0.14794577175233845
1459,-0.6925863323961222,0.5061165041947551,0.14794577175224133
1460,-0.692586332349445,0.506116503746332,0.14794577175233845
1461,-0.6925863323961222,0.5061165041947551,0.14794577175224133
1462,-0.6925863323961592,0.506116504194626,0.14794577175233845
1463,-0.692586332349445,0.506116503746332,0.14794577175224133
1464,-0.6925863323961222,0.5061165041947551,0.14794577175233845
1465,-0.692586332349482,0.5061165037460738,0.14794577175224133
1466,-0.6925863323961222,0.5061165041950133,0.14794577175233845
1467,-0.6925863323961222,0.506116504194626,0.14794577175224133
1468,-0.692586332349408,0.506116503746332,0.14794577175233845
1469,-0.6925863323961222,0.5061165041947551,0.14794577175224133
1470,-0.6925863323961962,0.5061165041948842,0.14794577175233845
1471,-0.692586332349482,0.5061165037462029,0.14794577175224133
1472,-0.6925863323961222,0.506116504194626,0.14794577175233845
1473,-0.7381199656956134,0.6988468283344833,0.22210973393198774
1474,-0.7381199656956134,0.6988468283343542,0.22210973393208486
1475,-0.7381199656956134,0.6988468283344833,0.22210973393198774
1476,-0.7381199656956504,0.6988468283343542,0.22210973393198774
1477,-0.7381199656956134,0.6988468283343542,0.22210973393208486
1478,-0.7381199656956134,0.6988468283342251,0.22210973393198774
1479,-0.7381199656956134,0.6988468283346124,0.22210973393198774
1480,-0.7381199656956134,0.6988468283342251,0.22210973393208486
1481,-0.7381199656956134,0.6988468283343542,0.22210973393198774
1482,-0.7381199656489362,0.6988468287830355,0.22210973393198774
1483,-0.7381199656956874,0.6988468283343542,0.22210973393198774
1484,-0.7381199656955394,0.6988468283343542,0.22210973393208486
1485,-0.7381199656956874,0.6988468283342251,0.22210973393198774
1486,-0.7381199656955765,0.6988468283346124,0.22210973393198774
1487,-0.7381199656956504,0.6988468283342251,0.22210973393208486
1488,-0.7381199656956874,0.6988468283344833,0.22210973393198774
1489,-0.7381199656955765,0.6988468283343542,0.22210973393198774
1490,-0.7381199656956504,0.6988468283343542,0.22210973393208486
1491,-0.7381199656956134,0.6988468283343542,0.22210973393198774
1492,-0.6184256725094266,0.1949336037933493,0.29585050659857326
1493,-0.6184256725094636,0.19493360379373667,0.29585050659857326
1494,-0.6184256725093896,0.19493360379360755,0.29585050659857326
1495,-0.6184256725094636,0.19493360379347843,0.29585050659867035
1496,-0.6184256725093527,0.19493360379360755,0.29585050659857326
1497,-0.6184256725094636,0.19493360379347843,0.29585050659857326
1498,-0.6184256725094636,0.19493360379347843,0.29585050659857326
1499,-0.6184256725094636,0.19493360379360755,0.29585050659857326
1500,-0.6184256725094636,0.19493360379347843,0.29585050659857326
1501,-0.6184256724626385,0.19493360379373667,0.29585050659867035
1502,-0.6184256725094636,0.19493360379347843,0.29585050659857326
1503,-0.6184256725094636,0.19493360379360755,0.29585050659857326
1504,-0.6184256725094636,0.19493360379347843,0.29585050659857326
1505,-0.6184256725093527,0.19493360379360755,0.29585050659857326
1506,-0.6184256725094636,0.19493360379347843,0.29585050659857326
1507,-0.6184256725094266,0.19493360379347843,0.29585050659867035
1508,-0.6184256725094266,0.19493360379360755,0.29585050659857326
1509,-0.6184256725094266,0.19493360379347843,0.29585050659857326
1510,-0.6184256725094636,0.19493360379373667,0.29585050659857326
1511,-0.6733998760076132,-0.38335556432758044,0.3570013912489622
1512,-0.6849711440136251,-0.3807082770309708,0.38263080613914946
1513,-0.684971143966837,-0.3807082770308417,0.3826308061390523
1514,-0.6849711440135882,-0.38070827703109994,0.38263080613914946
1515,-0.6849711440135512,-0.38070827658203127,0.38263080613914946
1516,-0.6849711440135512,-0.3807082770309708,0.38263080613914946
1517,-0.6849711440135512,-0.3807082770308417,0.38263080613914946
1518,-0.684971143966911,-0.3807082770309708,0.3826308061390523
1519,-0.6849711440135512,-0.3807082770308417,0.38263080613914946
1520,-0.3428500596229371,-0.5738907655863177,0.16905234872063085
1521,-0.34285005962286313,-0.5738907655864468,0.16905234872072797
1522,0.28341317246236675,-0.8251620982501703,0.1210480478152146
1523,0.2834131724156156,-0.8251620978013599,0.1210480478152146
1524,0.2834131724624037,-0.8251620982501703,0.12104804781531171
1525,0.2834131724156896,-0.825162097801489,0.1210480478152146
1526,0.28341317246236675,-0.8251620982502994,0.1210480478152146
1527,0.2834131724156896,-0.825162097801489,0.1210480478152146
1528,0.2834131724624037,-0.825162098249912,0.1210480478152146
1529,0.28341317246236675,-0.825162097801489,0.12104804781531171
1530,0.28341317241565256,-0.8251620982502994,0.1210480478152146
1531,0.28341317246236675,-0.825162097801489,0.1210480478152146
1532,0.2834131724156896,-0.8251620982500412,0.1210480478152146
1533,0.2834131724624777,-0.825162097801489,0.1210480478152146
1534,0.2834131724156896,-0.8251620982501703,0.1210480478152146
1535,0.28341317246229275,-0.8251620978013599,0.12104804781531171
1536,0.28341317246236675,-0.8251620982501703,0.1210480478152146
1537,0.28341317241565256,-0.825162097801489,0.1210480478152146
1538,0.28341317246244074,-0.8251620982500412,0.1210480478152146
1539,0.28341317241565256,-0.8251620978016181,0.1210480478152146
1540,0.28341317246244074,-0.8251620982500412,0.12104804781531171
1541,0.2834131724156896,-0.825162097801489,0.1210480478152146
1542,0.2834131724623298,-0.8251620982502994,0.1210480478152146
1543,0.4606793781670533,-0.8045356504462586,0.16635451557435157
1544,0.4606793781670903,-0.8045356504465169,0.16635451557435157
1545,0.4606793781670533,-0.8045356504463878,0.16635451557435157
1546,0.4606793781670533,-0.8045356504465169,0.1663545155744487
1547,0.4606793781670903,-0.8045356508950691,0.16635451557435157
1548,0.4606793781670163,-0.8045356504462586,0.16635451557435157
1549,0.4606793781670163,-0.8045356504465169,0.16635451557435157
1550,0.46067937816716426,-0.8045356504463878,0.16635451557435157
1551,0.4606793781669423,-0.8045356504465169,0.16635451557435157
1552,0.4606793782138415,-0.8045356504465169,0.1663545155744487
1553,0.4606793781670163,-0.8045356504463878,0.16635451557435157
1554,0.46067937816697935,-0.8045356504465169,0.16635451557435157
1555,0.4606793781670903,-0.8045356504462586,0.16635451557435157
1556,0.4606793781670903,-0.8045356504463878,0.16635451557435157
1557,0.4606793781670163,-0.8045356508951982,0.16635451557435157
1558,0.4606793781670903,-0.804535650446646,0.1663545155744487
1559,0.4606793781670163,-0.8045356504462586,0.16635451557435157
1560,0.4606793781670903,-0.8045356504463878,0.16635451557435157
1561,0.4606793781670903,-0.8045356504465169,0.16635451557435157
1562,0.5590326824843386,-0.8410265520477919,0.0134773039485249
1563,0.5590326825311267,-0.8410265524966023,0.013477303948622024
1564,0.5590326824844125,-0.8410265520475337,0.0134773039485249
1565,0.5590326824844866,-0.841026552047921,0.0134773039485249
1566,0.5590326825310897,-0.8410265524964732,0.0134773039485249
1567,0.5590326824844125,-0.841026552047921,0.013477303948622024
1568,0.5590326825310528,-0.8410265524963441,0.0134773039485249
1569,0.5590326824844866,-0.8410265520477919,0.0134773039485249
1570,0.5590326824844125,-0.8410265520477919,0.0134773039485249
1571,0.5590326825310897,-0.8410265524966023,0.013477303948622024
1572,0.5590326824843755,-0.8410265520477919,0.0134773039485249
1573,0.5590326824844125,-0.8410265520476627,0.0134773039485249
1574,0.5590326825311637,-0.8410265524966023,0.0134773039485249
1575,0.5590326824844125,-0.8410265520477919,0.013477303948622024
1576,0.5590326825311267,-0.8410265524964732,0.0134773039485249
1577,0.5590326824844496,-0.8410265520476627,0.0134773039485249
1578,0.5590326824843755,-0.8410265520477919,0.0134773039485249
1579,0.5590326825311637,-0.8410265524966023,0.013477303948622024
1580,0.5590326824843386,-0.8410265520477919,0.0134773039485249
1581,0.6101868691161935,-0.8770804032704594,-0.08886906461886665
1582,0.6101868691629077,-0.8770804037190116,-0.08886906461886665
1583,0.6101868691161935,-0.8770804032703303,-0.08886906461886665
1584,0.6101868691628707,-0.8770804037191408,-0.08886906461886665
1585,0.6101868691161565,-0.8770804032703303,-0.08886906461886665
1586,0.6101868691161935,-0.8770804037191408,-0.08886906461896377
1587,0.6101868691629077,-0.8770804032703303,-0.08886906461886665
1588,0.6101868691161935,-0.8770804037191408,-0.08886906461886665
1589,0.6101868691161195,-0.8770804032703303,-0.08886906461886665
1590,0.6101868691629816,-0.8770804037191408,-0.08886906461886665
1591,0.6101868691160455,-0.8770804032703303,-0.08886906461886665
1592,0.6101868691629816,-0.8770804037190116,-0.08886906461886665
1593,0.6101868691161195,-0.8770804032704594,-0.08886906461886665
1594,0.6101868691162674,-0.8770804037190116,-0.08886906461886665
1595,0.6101868691627966,-0.8770804032704594,-0.08886906461886665
1596,0.6101868691162304,-0.8770804037190116,-0.08886906461896377
1597,0.6101868691161935,-0.8770804032702012,-0.08886906461886665
1598,0.6101868691628336,-0.8770804037192699,-0.08886906461886665
1599,0.6101868691161935,-0.8770804032702012,-0.08886906461886665
1600,0.6101868691629077,-0.8770804037192699,-0.08886906461886665
1601,0.6101868691161935,-0.8770804032702012,-0.08886906461886665
1602,0.5356815558957925,-0.8501130612099798,-0.09537812236878322
1603,0.5356815558489674,-0.8501130612101089,-0.09537812236878322
1604,0.5356815558957185,-0.8501130612098506,-0.09537812236878322
1605,0.5356815558490413,-0.8501130612099798,-0.0953781223686861
1606,0.5356815558957185,-0.8501130612099798,-0.09537812236878322
1607,0.5356815558490043,-0.8501130612098506,-0.09537812236878322
1608,0.5356815558957925,-0.850113061210238,-0.09537812236878322
1609,0.5356815558957185,-0.8501130612099798,-0.09537812236878322
1610,0.5356815558489674,-0.8501130612098506,-0.09537812236878322
1611,0.5356815558957185,-0.8501130612099798,-0.09537812236878322
1612,0.5356815558491153,-0.8501130607612984,-0.0953781223686861
1613,0.5356815558957185,-0.8501130612099798,-0.09537812236878322
1614,0.5356815558489674,-0.8501130612099798,-0.09537812236878322
1615,0.5356815558957925,-0.8501130612099798,-0.09537812236878322
1616,0.5356815558957185,-0.8501130612098506,-0.09537812236878322
1617,0.5356815558490043,-0.8501130612101089,-0.09537812236878322
1618,0.5356815558957185,-0.8501130612099798,-0.09537812236878322
1619,0.5356815558490413,-0.8501130612101089,-0.0953781223686861
1620,0.5356815558957185,-0.8501130612097215,-0.09537812236878322
1621,0.5356815558490413,-0.8501130612099798,-0.09537812236878322
1622,0.5356815558957185,-0.8501130612101089,-0.09537812236878322
1623,0.49577047523952655,-0.8620425025021016,-0.049272296640353146
1624,0.49577047523952655,-0.862042502950912,-0.049272296640353146
1625,0.49577047523952655,-0.8620425025021016,-0.049272296640353146
1626,0.4957704752394895,-0.862042502950912,-0.049272296640353146
1627,0.4957704752395635,-0.8620425025022307,-0.049272296640353146
1628,0.49577047523952655,-0.8620425029507829,-0.049272296640353146
1629,0.4957704752394895,-0.8620425025023598,-0.049272296640353146
1630,0.49577047523952655,-0.8620425029506538,-0.049272296640353146
1631,0.4957704752862037,-0.8620425025023598,-0.049272296640256015
1632,0.4957704752395635,-0.8620425025022307,-0.049272296640353146
1633,0.49577047523952655,-0.8620425029507829,-0.049272296640353146
1634,0.4957704752394895,-0.8620425025022307,-0.049272296640353146
1635,0.49577047523952655,-0.8620425029507829,-0.049272296640353146
1636,0.4957704752394895,-0.8620425025022307,-0.049272296640353146
1637,0.4957704752395635,-0.8620425029507829,-0.049272296640353146
1638,0.49577047523952655,-0.8620425025022307,-0.049272296640353146
1639,0.4957704752394895,-0.8620425029507829,-0.049272296640353146
1640,0.49577047523952655,-0.8620425025022307,-0.049272296640353146
1641,0.5524714045273584,-0.8649830304752963,0.07711190800342338
1642,0.5524714044807183,-0.8649830309237194,0.07711190800342338
1643,0.5524714045274325,-0.8649830304752963,0.07711190800352051
1644,0.5524714045273584,-0.8649830304751672,0.07711190800342338
1645,0.5524714044806813,-0.8649830304751672,0.07711190800342338
1646,0.5524714045274325,-0.8649830309238485,0.07711190800342338
1647,0.5524714045273954,-0.8649830304754255,0.07711190800342338
1648,0.5524714044806813,-0.8649830304751672,0.07711190800352051
1649,0.5524714045273954,-0.8649830309238485,0.07711190800342338
1650,0.5524714045273954,-0.8649830304751672,0.07711190800342338
1651,0.5524714044807183,-0.8649830304751672,0.07711190800342338
1652,0.5524714045273954,-0.8649830304752963,0.07711190800342338
1653,0.5524714045273954,-0.8649830309238485,0.07711190800342338
1654,0.5524714044807183,-0.8649830304751672,0.07711190800352051
1655,0.5524714045273584,-0.8649830304751672,0.07711190800342338
1656,0.5524714045274325,-0.8649830309238485,0.07711190800342338
1657,0.5524714044806442,-0.8649830304751672,0.07711190800342338
1658,0.5524714045274325,-0.8649830304754255,0.07711190800342338
1659,0.5524714045274325,-0.8649830304751672,0.07711190800352051
1660,0.5524714044806442,-0.8649830309238485,0.07711190800342338
1661,0.5524714045274325,-0.8649830304751672,0.07711190800342338
1662,0.3443572133596296,-0.6597920151841631,0.20191057293895412
1663,0.3443572133597036,-0.6597920147354818,0.201910572938857
1664,0.3443572133597036,-0.659792015184034,0.20191057293895412
1665,0.3443572133596296,-0.6597920147356109,0.201910572938857
1666,0.3443572133597036,-0.659792015184034,0.20191057293895412
1667,0.3443572133597036,-0.6597920147354818,0.20191057293895412
1668,0.34435721331295244,-0.659792015184034,0.201910572938857
1669,0.3443572133597036,-0.6597920147356109,0.20191057293895412
1670,0.3443572133596666,-0.659792015184034,0.20191057293895412
1671,0.3443572133596666,-0.6597920147354818,0.201910572938857
1672,0.3443572133596666,-0.6597920151841631,0.20191057293895412
1673,0.3443572133596666,-0.6597920147353526,0.201910572938857
1674,0.3443572133597036,-0.6597920151842922,0.20191057293895412
1675,0.3446981856447617,-0.8491075777573696,0.08362096575333997
1676,0.34716447936054096,-0.7525676373962324,0.2353471019033729
1677,0.34716447936046696,-0.7525676373962324,0.2353471019033729
1678,0.34716447936050393,-0.7525676373962324,0.2353471019033729
1679,0.34716447936050393,-0.7525676373961033,0.2353471019033729
1680,0.34716447936046696,-0.7525676373963616,0.23534710190347002
1681,0.34716447936054096,-0.7525676373961033,0.2353471019033729
1682,0.34716447936043,-0.7525676373962324,0.2353471019033729
1683,0.34716447936054096,-0.7525676373963616,0.2353471019033729
1684,0.34716447936046696,-0.7525676373961033,0.2353471019033729
1685,0.34716447936050393,-0.7525676373961033,0.2353471019033729
1686,0.34716447936050393,-0.7525676373962324,0.2353471019033729
1687,0.34716447936046696,-0.7525676373962324,0.2353471019033729
1688,0.34716447936050393,-0.7525676378449138,0.23534710190347002
1689,0.34716447936050393,-0.7525676373961033,0.2353471019033729
1690,0.34716447936050393,-0.7525676373963616,0.2353471019033729
1691,0.34716447936050393,-0.7525676373962324,0.2353471019033729
1692,0.34716447936046696,-0.7525676373961033,0.2353471019033729
1693,0.34716447936050393,-0.7525676373963616,0.2353471019033729
1694,0.34716447936050393,-0.7525676373961033,0.2353471019033729
1695,0.34716447936050393,-0.7525676373962324,0.2353471019033729
1696,0.34716447936050393,-0.7525676373962324,0.23534710190347002
1697,0.34716447936046696,-0.7525676373963616,0.2353471019033729
1698,0.34716447936046696,-0.7525676373961033,0.2353471019033729
1699,0.34716447936054096,-0.7525676373961033,0.2353471019033729
1700,0.34716447936050393,-0.7525676373963616,0.2353471019033729
1701,-0.02478643336175984,-0.8043381194430241,0.2516360189225396
1702,-0.024786433408474015,-0.8043381198915762,0.25163601892244253
1703,-0.024786433361722857,-0.8043381198914471,0.2516360189225396
1704,-0.024786433408437027,-0.8043381194430241,0.25163601892244253
1705,-0.02478643336175984,-0.8043381194430241,0.2516360189225396
1706,-0.02478643336175984,-0.8043381198917053,0.25163601892244253
1707,-0.024786433408437027,-0.8043381198915762,0.2516360189225396
1708,-0.02478643336175984,-0.8043381194430241,0.25163601892244253
1709,-0.02478643336175984,-0.8043381194427659,0.2516360189225396
1710,-0.024786433408437027,-0.8043381198917053,0.25163601892244253
1711,-0.02478643336175984,-0.8043381198915762,0.2516360189225396
1712,-0.024786433361722857,-0.8043381194430241,0.2516360189225396
1713,-0.024786433408437027,-0.804338119442895,0.25163601892244253
1714,-0.024786433361722857,-0.8043381198917053,0.2516360189225396
1715,-0.024786433408474015,-0.8043381198917053,0.25163601892244253
1716,-0.02478643336175984,-0.8043381194427659,0.2516360189225396
1717,-0.024786433361722857,-0.8043381194430241,0.25163601892244253
1718,-0.024786433408474015,-0.8043381198915762,0.2516360189225396
1719,-0.02478643336175984,-0.8043381198917053,0.25163601892244253
1720,-0.024786433408437027,-0.804338119442895,0.2516360189225396
1721,-0.02478643336175984,-0.8043381194430241,0.25163601892244253
1722,-0.02478643336175984,-0.8043381198915762,0.2516360189225396
1723,-0.024786433408437027,-0.8043381198917053,0.25163601892244253
1724,-0.02478643336175984,-0.804338119442895,0.2516360189225396
1725,-0.3081924823388476,-0.8611338117897759,0.18613862531418615
1726,-0.30819248229217044,-0.8611338117896468,0.18613862531418615
1727,-0.30819248233881064,-0.861133811789905,0.18613862531418615
1728,-0.3081924823388846,-0.8611338117896468,0.18613862531418615
1729,-0.30819248229217044,-0.8611338117897759,0.18613862531418615
1730,-0.3081924823388476,-0.8611338122383281,0.186138625314089
1731,-0.30819248229217044,-0.8611338117900341,0.18613862531418615
1732,-0.3081924823388846,-0.8611338117896468,0.18613862531418615
1733,-0.3081924823388846,-0.8611338117896468,0.18613862531418615
1734,-0.30819248229217044,-0.8611338117897759,0.18613862531418615
1735,-0.3081924823388476,-0.8611338117897759,0.18613862531418615
1736,-0.30819248233881064,-0.861133811789905,0.18613862531418615
1737,-0.3081924822922074,-0.8611338117896468,0.18613862531418615
1738,-0.30819248233881064,-0.8611338117897759,0.18613862531418615
1739,-0.3081924823388846,-0.8611338117897759,0.18613862531418615
1740,-0.30819248229217044,-0.8611338117897759,0.18613862531418615
1741,-0.3081924823388846,-0.8611338122384571,0.186138625314089
1742,-0.3081924822921334,-0.8611338117897759,0.18613862531418615
1743,-0.3081924823388846,-0.8611338117896468,0.18613862531418615
1744,-0.3081924823388846,-0.8611338117896468,0.18613862531418615
1745,-0.30819248229217044,-0.8611338117900341,0.18613862531418615
1746,-0.3081924823388846,-0.8611338117896468,0.18613862531418615
1747,-0.35337896771924576,-0.702381615853669,0.17474777425188068
1748,-0.3533789677660339,-0.702381615853669,0.17474777425188068
1749,-0.3533789677659969,-0.7023816163026085,0.17474777425188068
1750,-0.35337896771931976,-0.702381615853669,0.17474777425178356
1751,-0.35337896771931976,-0.7023816158537981,0.17474777425188068
1752,-0.3533789677659969,-0.702381615853669,0.17474777425188068
1753,-0.35337896776595995,-0.7023816158539272,0.17474777425188068
1754,-0.35337896771935673,-0.702381615853669,0.17474777425188068
1755,-0.35337896771924576,-0.7023816158537981,0.17474777425178356
1756,-0.3533789677660709,-0.7023816163023503,0.17474777425188068
1757,-0.3533789677659969,-0.7023816158537981,0.17474777425188068
1758,-0.35337896771928273,-0.702381615853669,0.17474777425188068
1759,-0.35337896771931976,-0.702381615853669,0.17474777425188068
1760,-0.3533789677660339,-0.7023816158539272,0.17474777425188068
1761,-0.35337896776595995,-0.7023816163023503,0.17474777425188068
1762,-0.35337896771935673,-0.7023816158537981,0.17474777425178356
1763,-0.35337896771928273,-0.702381615853669,0.17474777425188068
1764,-0.3533789677659969,-0.7023816158537981,0.17474777425188068
1765,-0.47837685147803277,-1.006560374778732,0.19468176361091521
1766,-0.47837685147803277,-1.0065603752272843,0.19468176361091521
1767,-0.4783768514779958,-1.0065603752274133,0.19468176361091521
1768,-0.47837685147803277,-1.006560374778732,0.19468176361091521
1769,-0.08201501902228477,-0.17766422491909392,-0.012683502318975986
1770,-0.08201501902232176,-0.17766422447028352,-0.012683502318975986
1771,-0.08201501902232176,-0.17766422447054175,-0.012683502318975986
1772,-0.08201501902224778,-0.1776642249189648,-0.012683502318975986
1773,-0.08201501902235875,-0.17766422491909392,-0.012683502318975986
1774,-0.08201501906899894,-0.17766422447041263,-0.012683502318975986
1775,-0.08201501902232176,-0.17766422447041263,-0.012683502318975986
1776,-0.08201501902228477,-0.17766422491909392,-0.012683502318975986
1777,-0.08201501902232176,-0.1776642249189648,-0.012683502318975986
1778,-0.08201501902228477,-0.17766422447041263,-0.012683502318975986
1779,-0.08201501902232176,-0.17766422447041263,-0.012683502318878862
1780,-0.08201501902228477,-0.17766422491922304,-0.012683502318975986
1781,-0.08201501902232176,-0.17766422491909392,-0.012683502318975986
1782,-0.08201501902232176,-0.17766422447041263,-0.012683502318975986
1783,-0.08201501902228477,-0.17766422447028352,-0.012683502318975986
1784,-0.08201501902232176,-0.17766422491922304,-0.012683502318975986
1785,-0.08201501906896196,-0.1776642249189648,-0.012683502318975986
1786,-0.08201501902232176,-0.17766422447054175,-0.012683502318975986
1787,-0.08201501902232176,-0.17766422447028352,-0.012683502318975986
1788,-0.08201501902228477,-0.17766422491909392,-0.012683502318975986
1789,-0.08201501902232176,-0.17766422491909392,-0.012683502318975986
1790,-0.08201501902232176,-0.17766422447041263,-0.012683502318975986
1791,-0.1930026323316128,-0.8014721988296315,-0.053069246994422586
1792,-0.28996335097424847,-1.0978609917809643,-0.05306924699451971
1793,-0.030633601145891056,-0.7610356720995858,0.14786536574479708
1794,-0.030633601145891056,-0.7610356720997149,0.14786536574479708
1795,-0.030633601145854072,-0.761035672099844,0.14786536574479708
1796,-0.030633601145891056,-0.7610356720997149,0.14786536574479708
1797,-0.030633601099213873,-0.7610356725482671,0.14786536574479708
1798,-0.030633601145817084,-0.7610356720995858,0.14786536574479708
1799,-0.030633601145891056,-0.7610356720997149,0.14786536574479708
1800,-0.030633601145891056,-0.7610356720997149,0.14786536574479708
1801,-0.030633601145854072,-0.7610356720997149,0.14786536574479708
1802,-0.030633601145891056,-0.7610356720995858,0.14786536574479708
1803,-0.030633601145891056,-0.7610356720997149,0.14786536574479708
1804,-0.030633601145891056,-0.7610356720997149,0.14786536574479708
1805,-0.030633601099139898,-0.7610356725483962,0.14786536574479708
1806,-0.030633601145891056,-0.7610356720997149,0.14786536574479708
1807,-0.030633601145891056,-0.7610356720995858,0.14786536574479708
1808,-0.030633601145854072,-0.7610356720997149,0.14786536574479708
1809,-0.030633601145891056,-0.7610356720997149,0.14786536574479708
1810,-0.030633601145891056,-0.7610356720997149,0.14786536574479708
1811,-0.030633601145891056,-0.7610356720997149,0.14786536574479708
1812,-0.030633601145854072,-0.7610356720995858,0.14786536574479708
1813,-0.030633601099176885,-0.7610356725482671,0.14786536574479708
1814,-0.030633601145854072,-0.761035672099844,0.14786536574479708
1815,-0.030633601145891056,-0.7610356720997149,0.14786536574479708
1816,-0.030633601145928044,-0.7610356720994567,0.14786536574479708
1817,-0.030633601145817084,-0.7610356720997149,0.14786536574479708
1818,-0.18229674079898792,-1.0083876998734456,0.2919108137499906
1819,-0.18229674079891395,-1.0083876998733166,0.2919108137499906
1820,-0.18229674084570208,-1.0083876998734456,0.2919108137498935
1821,-0.18229674079891395,-1.0083876998734456,0.2919108137499906
1822,-0.18229674079895092,-1.0083876998733166,0.2919108137499906
1823,-0.1822967407990249,-1.0083876994248935,0.2919108137499906
1824,-0.18229674079891395,-1.0083876998734456,0.2919108137498935
1825,-0.18229674084570208,-1.0083876998733166,0.2919108137499906
1826,-0.18229674079887695,-1.0083876998734456,0.2919108137499906
1827,-0.18229674079898792,-1.0083876998734456,0.2919108137499906
1828,-0.18229674079898792,-1.0083876998733166,0.2919108137498935
1829,-0.18229674079895092,-1.0083876998734456,0.2919108137499906
1830,-0.18229674079891395,-1.0083876998734456,0.2919108137499906
1831,-0.1822967408456281,-1.0083876998731873,0.2919108137499906
1832,-0.1822967407990249,-1.0083876998734456,0.2919108137498935
1833,-0.18229674079891395,-1.0083876994247643,0.2919108137499906
1834,-0.18229674079898792,-1.0083876998733166,0.2919108137499906
1835,-0.18229674079895092,-1.0083876998734456,0.2919108137499906
1836,-0.1822967408456281,-1.0083876998734456,0.2919108137498935
1837,-0.18229674079891395,-1.0083876998733166,0.2919108137499906
1838,-0.1822967407990249,-1.0083876998734456,0.2919108137499906
1839,0.09457923086787884,-0.7554258230969916,0.29719942317176146
1840,0.09457923091459301,-0.7554258235455438,0.29719942317176146
1841,0.09457923086791582,-0.7554258230969916,0.29719942317176146
1842,0.09457923091455601,-0.7554258235456729,0.29719942317176146
1843,0.09457923086787884,-0.7554258230969916,0.29719942317176146
1844,0.09457923086787884,-0.7554258230968625,0.29719942317176146
1845,0.09457923091459301,-0.7554258235455438,0.29719942317176146
1846,0.09457923086787884,-0.7554258230969916,0.29719942317176146
1847,0.09457923091463,-0.7554258235455438,0.29719942317176146
1848,0.09457923086784185,-0.7554258230969916,0.29719942317176146
1849,0.09457923086791582,-0.7554258230969916,0.29719942317176146
1850,0.09457923091455601,-0.7554258235456729,0.29719942317176146
1851,0.09457923086787884,-0.7554258230968625,0.29719942317176146
1852,0.09457923091459301,-0.7554258235455438,0.29719942317176146
1853,0.09457923086787884,-0.7554258230969916,0.29719942317176146
1854,0.09457923086787884,-0.7554258230968625,0.29719942317176146
1855,0.09457923091463,-0.7554258235456729,0.29719942317176146
1856,0.09457923086784185,-0.7554258230969916,0.29719942317176146
1857,0.09457923091455601,-0.7554258235455438,0.29719942317176146
1858,0.09457923086791582,-0.7554258230969916,0.29719942317176146
1859,-0.03727393809884435,-0.8543968895592959,0.2772654338127269
1860,-0.03727393805216716,-0.8543968900079771,0.2772654338126298
1861,-0.03727393805216716,-0.8543968895592959,0.2772654338127269
1862,-0.03727393809884435,-0.8543968895592959,0.2772654338127269
1863,-0.03727393809884435,-0.8543968900081063,0.2772654338126298
1864,-0.03727393805216716,-0.854396889559425,0.2772654338127269
1865,-0.14451701490638252,-0.9443720216091829,0.254483731688116
1866,-0.09163123413237938,-1.1053301127724744,0.284635984500101
1867,-0.09163123413237938,-1.1053301132208975,0.284635984500101
1868,-0.09163123413237938,-1.1053301127724744,0.2846359845000039
1869,-0.09163123413237938,-1.1053301132211557,0.284635984500101
1870,-0.09163123413234239,-1.1053301127724744,0.284635984500101
1871,-0.09163123413237938,-1.1053301132208975,0.284635984500101
1872,-0.09163123413237938,-1.1053301127724744,0.284635984500101
1873,-0.09163123413234239,-1.1053301132210267,0.284635984500101
1874,-0.09163123413237938,-1.1053301127724744,0.2846359845000039
1875,-0.09163123413241636,-1.1053301132210267,0.284635984500101
1876,-0.09163123413234239,-1.1053301127724744,0.284635984500101
1877,-0.09163123413237938,-1.1053301132210267,0.284635984500101
1878,-0.09163123413237938,-1.1053301127724744,0.284635984500101
1879,-0.09163123413234239,-1.1053301132208975,0.284635984500101
1880,-0.09163123413237938,-1.1053301127724744,0.2846359845000039
1881,-0.09163123413237938,-1.1053301132211557,0.284635984500101
1882,-0.09163123413237938,-1.1053301127722162,0.284635984500101
1883,0.05534410077187721,-0.979349345732657,0.16682370394768087
1884,0.055344100818591375,-0.9793493452838465,0.16682370394758375
1885,0.05534410077187721,-0.979349345732657,0.16682370394768087
1886,0.05534410081855439,-0.9793493457325279,0.16682370394758375
1887,0.05534410077187721,-0.9793493452841048,0.16682370394768087
1888,0.055344100818591375,-0.9793493457323987,0.16682370394768087
1889,0.05534410077187721,-0.979349345732657,0.16682370394758375
1890,0.05534410077184022,-0.9793493452839757,0.16682370394768087
1891,0.05534410081862837,-0.979349345732657,0.16682370394758375
1892,0.05534410077184022,-0.9793493457323987,0.16682370394768087
1893,0.055344100818591375,-0.9793493452841048,0.16682370394768087
1894,0.05534410077187721,-0.9793493457323987,0.16682370394758375
1895,0.05534410081862837,-0.9793493452839757,0.16682370394768087
1896,0.05534410077184022,-0.979349345732657,0.16682370394768087
1897,0.055344100818591375,-0.979349345732657,0.16682370394758375
1898,0.05534410077187721,-0.9793493452837174,0.16682370394768087
1899,0.05534410077187721,-0.979349345732657,0.16682370394758375
1900,0.055344100818591375,-0.979349345732657,0.16682370394768087
1901,0.05534410077184022,-0.9793493452838465,0.16682370394768087
1902,0.055344100818591375,-0.9793493457325279,0.16682370394758375
1903,0.05534410077187721,-0.979349345732657,0.16682370394768087
1904,0.055344100818591375,-0.9793493452838465,0.16682370394758375
1905,0.05534410077184022,-0.979349345732657,0.16682370394768087
1906,0.07444575639170925,-0.9965766861949331,-0.01889669380750623
1907,0.07444575643842342,-0.9965766866434852,-0.01889669380750623
1908,0.07444575639167227,-0.996576686194804,-0.01889669380750623
1909,0.07444575639167227,-0.9965766861949331,-0.01889669380750623
1910,0.07444575643834946,-0.9965766866434852,-0.01889669380750623
1911,0.07444575639170925,-0.9965766861949331,-0.01889669380750623
1912,0.07444575643838644,-0.996576686194804,-0.01889669380750623
1913,0.07444575639170925,-0.9965766866434852,-0.01889669380750623
1914,0.07444575639167227,-0.996576686194804,-0.01889669380750623
1915,0.07444575643838644,-0.996576686194804,-0.01889669380750623
1916,0.07444575639170925,-0.9965766861949331,-0.01889669380750623
1917,0.07444575639167227,-0.9965766866434852,-0.01889669380750623
1918,0.07444575643838644,-0.9965766861949331,-0.01889669380750623
1919,0.07444575639167227,-0.996576686194804,-0.01889669380750623
1920,0.07444575639170925,-0.9965766866434852,-0.01889669380750623
1921,0.07444575643838644,-0.9965766861949331,-0.01889669380750623
1922,0.07444575639167227,-0.996576686194804,-0.01889669380750623
1923,0.07444575643838644,-0.9965766866436143,-0.01889669380750623
1924,0.07444575639170925,-0.996576686194804,-0.01889669380750623
1925,0.07444575639163528,-0.996576686194804,-0.01889669380750623
1926,0.07444575643842342,-0.9965766866434852,-0.01889669380750623
1927,0.07444575639167227,-0.996576686194804,-0.01889669380750623
1928,0.14682952067263966,-0.9627570523626183,-0.027889470961932342
1929,0.1468295206726027,-0.9627570523624892,-0.027889470962029466
1930,0.14682952067263966,-0.9627570528111704,-0.027889470961932342
1931,0.1468295206726027,-0.9627570523624892,-0.027889470961932342
1932,0.14682952067263966,-0.9627570523626183,-0.027889470962029466
1933,0.1468295206726027,-0.9627570523623601,-0.027889470961932342
1934,0.1468295206726027,-0.9627570523626183,-0.027889470961932342
1935,0.1468295206726027,-0.9627570528112995,-0.027889470962029466
1936,0.14682952067263966,-0.9627570523623601,-0.027889470961932342
1937,0.14682952071931685,-0.9627570523626183,-0.027889470961932342
1938,0.1468295206726027,-0.9627570523624892,-0.027889470961932342
1939,0.14682952067263966,-0.9627570528111704,-0.027889470962029466
1940,0.14682952067263966,-0.9627570523624892,-0.027889470961932342
1941,0.1468295206726027,-0.9627570523626183,-0.027889470961932342
1942,0.1468295206726027,-0.9627570523623601,-0.027889470962029466
1943,0.1468295206726027,-0.9627570523626183,-0.027889470961932342
1944,0.14682952067263966,-0.9627570528111704,-0.027889470961932342
1945,0.1468295206726027,-0.9627570523624892,-0.027889470962029466
1946,0.1468295206726027,-0.9627570523624892,-0.027889470961932342
1947,-0.05517037047751157,-0.9041964606907297,0.06808798703201434
1948,-0.05517037043087137,-0.904196461139411,0.06808798703201434
1949,-0.05517037047758554,-0.9041964606906006,0.06808798703191722
1950,-0.055170370430908354,-0.9041964606907297,0.06808798703201434
1951,-0.05517037047754855,-0.9041964606907297,0.06808798703201434
1952,-0.055170370430908354,-0.904196461139411,0.06808798703201434
1953,-0.05517037047751157,-0.9041964606906006,0.06808798703191722
1954,-0.055170370430908354,-0.9041964606906006,0.06808798703201434
1955,-0.05517037047758554,-0.9041964606907297,0.06808798703201434
1956,-0.05517037043087137,-0.904196461139411,0.06808798703201434
1957,-0.05517037047754855,-0.9041964606907297,0.06808798703201434
1958,-0.05517037047758554,-0.9041964606906006,0.06808798703191722
1959,-0.055170370430908354,-0.904196461139411,0.06808798703201434
1960,-0.05517037047754855,-0.9041964606907297,0.06808798703201434
1961,-0.05517037043087137,-0.9041964606907297,0.06808798703201434
1962,-0.05517037047754855,-0.9041964606906006,0.06808798703191722
1963,-0.055170370430908354,-0.9041964611392819,0.06808798703201434
1964,-0.05517037047758554,-0.9041964606907297,0.06808798703201434
1965,-0.05517037043087137,-0.9041964606907297,0.06808798703201434
1966,-0.05517037047754855,-0.9041964606906651,0.06808798703191722
1967,-0.05517037043087137,-0.9041964611393464,0.06808798703201434
1968,-0.05517037047754855,-0.9041964606907297,0.06808798703201434
1969,-0.3787702199647467,-0.7554255076883738,0.254483731688116
1970,-0.3787702200114609,-0.7554255076883738,0.25448373168801885
1971,-0.3787702200113869,-0.7554255072396925,0.254483731688116
1972,-0.3787702199647837,-0.7554255076883738,0.25448373168801885
1973,-0.37877021996467275,-0.7554255076883738,0.254483731688116
1974,-0.3787702200114609,-0.7554255072398216,0.254483731688116
1975,-0.3787702200114609,-0.7554255076883738,0.25448373168801885
1976,-0.3787702199647097,-0.7554255076883738,0.254483731688116
1977,-0.3787702199647097,-0.7554255076883738,0.25448373168801885
1978,-0.3787702200114609,-0.7554255076883738,0.254483731688116
1979,-0.3787702200113869,-0.7554255072396925,0.254483731688116
1980,-0.3787702199647467,-0.7554255076883738,0.25448373168801885
1981,-0.3787702199647097,-0.7554255076884384,0.254483731688116
1982,-0.3787702200114609,-0.7554255072397571,0.25448373168801885
1983,-0.3787702200113869,-0.7554255076883738,0.254483731688116
1984,-0.3787702199647837,-0.7554255076883738,0.254483731688116
1985,-0.3787702199647467,-0.7554255076883738,0.25448373168801885
1986,-0.3787702200113869,-0.7554255076883093,0.254483731688116
1987,-0.3787702200114609,-0.7554255072397571,0.25448373168801885
1988,-0.3787702199647097,-0.7554255076883738,0.254483731688116
1989,-0.5159388525904884,-0.7622578528973818,0.3321486252947441
1990,-0.5159388525904515,-0.7622578528974463,0.3321486252948412
1991,-0.5159388526372026,-0.762257852448765,0.3321486252947441
1992,-0.5159388525904884,-0.7622578528974463,0.3321486252947441
1993,-0.5159388525904145,-0.7622578528974463,0.3321486252947441
1994,-0.5159388525904515,-0.7622578528973172,0.3321486252948412
1995,-0.5159388526372026,-0.762257852448765,0.3321486252947441
1996,-0.5159388525904515,-0.7622578528974463,0.3321486252947441
1997,-0.5159388525904884,-0.7622578528974463,0.3321486252947441
1998,-0.5159388525904884,-0.7622578528973818,0.3321486252948412
1999,-0.5159388525904515,-0.7622578524488296,0.3321486252947441
2000,-0.5159388526371657,-0.7622578528973172,0.3321486252947441
2001,-0.5159388525904884,-0.7622578528973818,0.3321486252948412
2002,-0.5159388525904145,-0.7622578528974463,0.3321486252947441
2003,-0.5159388525905254,-0.7622578528974463,0.3321486252947441
2004,-0.5159388526371657,-0.762257852448765,0.3321486252947441
2005,-0.5159388525904515,-0.7622578528974463,0.3321486252948412
2006,-0.5159388525904515,-0.7622578528973172,0.3321486252947441
2007,-0.5159388525905254,-0.7622578528974463,0.3321486252947441
2008,-0.5159388526371657,-0.762257852448765,0.3321486252947441
2009,-0.5159388525903774,-0.7622578528974463,0.3321486252948412
2010,-0.5159388525905254,-0.7622578528973818,0.3321486252947441
2011,-0.009570750434910026,-0.9630224760678022,0.11942078337778401
2012,-0.009570750388158866,-0.963022476516419,0.11942078337768688
2013,-0.009570750434947012,-0.9630224760678668,0.11942078337778401
2014,-0.009570750434836052,-0.963022476516419,0.11942078337778401
2015,-0.009570750434947012,-0.9630224760677377,0.11942078337778401
2016,-0.009570750388158866,-0.9630224765165482,0.11942078337768688
2017,-0.009570750434873038,-0.9630224760677377,0.11942078337778401
2018,-0.009570750434983998,-0.9630224760678668,0.11942078337778401
2019,-0.00957075038812188,-0.963022476516419,0.11942078337768688
2020,-0.009570750434910026,-0.9630224760678022,0.11942078337778401
2021,-0.009570750434910026,-0.9630224765164835,0.11942078337778401
2022,-0.009570750434873038,-0.9630224760678022,0.11942078337778401
2023,-0.00957075038823284,-0.9630224765164835,0.11942078337768688
2024,-0.009570750434873038,-0.9630224760678022,0.11942078337778401
2025,-0.009570750434910026,-0.9630224760677377,0.11942078337778401
2026,-0.009570750388195853,-0.9630224765165482,0.11942078337768688
2027,-0.009570750434836052,-0.9630224760677377,0.11942078337778401
2028,-0.009570750434947012,-0.963022476516419,0.11942078337778401
2029,-0.009570750434836052,-0.9630224760678668,0.11942078337778401
2030,-0.00957075038823284,-0.963022476516419,0.11942078337768688
2031,-0.009570750434873038,-0.9630224760678022,0.11942078337778401
2032,0.7013084242240494,-0.7777695399440231,-0.10061366881981575
2033,0.7013084242239385,-0.7777695399439586,-0.10061366881971863
2034,0.7013084241773353,-0.7777695403925753,-0.10061366881981575
2035,0.7013084242239385,-0.7777695399439586,-0.10061366881971863
2036,0.7013084242240494,-0.7777695399440231,-0.10061366881981575
2037,0.7013084242239754,-0.777769539943894,-0.10061366881971863
2038,0.7013084242240494,-0.7777695399440231,-0.10061366881981575
2039,0.7013084242240124,-0.7777695399440231,-0.10061366881971863
2040,0.7013084241772982,-0.7777695403925753,-0.10061366881981575
2041,0.7013084242239754,-0.7777695399440231,-0.10061366881971863
2042,0.7013084242240124,-0.777769539943894,-0.10061366881981575
2043,0.7013084242240494,-0.7777695399440231,-0.10061366881971863
2044,0.7013084242239754,-0.777769539943894,-0.10061366881981575
2045,0.7013084242240124,-0.7777695399440231,-0.10061366881971863
2046,0.7013084241772982,-0.7777695403927044,-0.10061366881981575
2047,0.7013084242240124,-0.777769539943894,-0.10061366881971863
2048,0.7013084242240124,-0.7777695399439586,-0.10061366881981575
2049,0.7013084242240124,-0.7777695399439586,-0.10061366881971863
2050,0.7013084242240124,-0.7777695399439586,-0.10061366881981575
2051,0.7013084242239754,-0.7777695399440231,-0.10061366881971863
2052,0.7013084241773353,-0.7777695403926399,-0.10061366881981575
2053,0.7013084242240124,-0.7777695399439586,-0.10061366881971863
2054,0.7013084242240124,-0.7777695399440231,-0.10061366881981575
2055,0.6809406321342832,-0.7079686666054098,-0.31363496504495114
2056,0.6809406321342093,-0.7079686661567286,-0.31363496504495114
2057,0.6809406320875321,-0.7079686666054098,-0.31363496504485405
2058,0.6809406321342832,-0.7079686666054098,-0.31363496504495114
2059,0.6809406321342463,-0.7079686666054098,-0.31363496504495114
2060,0.6809406321342832,-0.7079686666053453,-0.31363496504495114
2061,0.6809406321342093,-0.7079686661567286,-0.31363496504495114
2062,0.680940632087569,-0.7079686666054744,-0.31363496504485405
2063,0.6809406321342463,-0.7079686666053453,-0.31363496504495114
2064,0.6809406321342832,-0.7079686661567286,-0.31363496504495114
2065,0.6809406321342463,-0.7079686666054744,-0.31363496504495114
2066,0.6809406321342463,-0.7079686666053453,-0.31363496504495114
2067,0.680940632087569,-0.7079686666054744,-0.31363496504485405
2068,0.6809406321342093,-0.7079686666053453,-0.31363496504495114
2069,0.6809406321342463,-0.7079686661567286,-0.31363496504495114
2070,0.6809406321342832,-0.7079686666054744,-0.31363496504495114
2071,0.680940632087569,-0.7079686666053453,-0.31363496504485405
2072,0.6809406321342093,-0.7079686661567286,-0.31363496504495114
2073,0.6809406321342832,-0.7079686666054744,-0.31363496504495114
2074,0.6809406321342463,-0.7079686666053453,-0.31363496504495114
2075,0.6809406321342463,-0.7079686666053453,-0.31363496504495114
2076,0.6809406320875321,-0.7079686666054098,-0.31363496504485405
2077,0.6809406321342832,-0.7079686661567931,-0.31363496504495114
2078,0.6809406321342463,-0.7079686666053453,-0.31363496504495114
2079,0.7243294662027228,-0.7357947418929119,-0.1586935022995339
2080,0.7243294662026488,-0.7357947418928473,-0.15869350229963103
2081,0.724329466249363,-0.7357947418929119,-0.1586935022995339
2082,0.7243294662027228,-0.7357947423415286,-0.1586935022995339
2083,0.7243294662026118,-0.7357947418928473,-0.1586935022995339
2084,0.7243294662027228,-0.7357947418929119,-0.15869350229963103
2085,0.724329466249363,-0.7357947418928473,-0.1586935022995339
2086,0.7243294662026488,-0.7357947418929119,-0.1586935022995339
2087,0.7243294662027228,-0.7357947418927828,-0.1586935022995339
2088,0.7243294662026488,-0.7357947418928473,-0.15869350229963103
2089,0.724329466249363,-0.7357947418929119,-0.1586935022995339
2090,0.7243294662026858,-0.7357947423415286,-0.1586935022995339
2091,0.7243294662027228,-0.7357947418928473,-0.15869350229963103
2092,0.7243294662026488,-0.7357947418929119,-0.1586935022995339
2093,0.7243294662026858,-0.7357947418928473,-0.1586935022995339
2094,0.7243294662494,-0.7357947418929119,-0.1586935022995339
2095,0.7243294662026488,-0.7357947418927828,-0.15869350229963103
2096,0.7243294662026858,-0.7357947418928473,-0.1586935022995339
2097,0.7243294662026488,-0.7357947423415286,-0.1586935022995339
2098,0.7243294662494,-0.7357947418928473,-0.1586935022995339
2099,0.7243294662026488,-0.7357947418929119,-0.15869350229963103
2100,0.7243294662027228,-0.7357947418928473,-0.1586935022995339
2101,0.48758711223566387,-0.7789084039780935,-0.0009111394985568814
2102,0.48758711223570084,-0.7789084044267748,-0.0009111394986540056
2103,0.4875871122357378,-0.7789084039780935,-0.0009111394985568814
2104,0.48758711223566387,-0.778908403978158,-0.0009111394985568814
2105,0.487587112282415,-0.7789084044266457,-0.0009111394986540056
2106,0.48758711223570084,-0.778908403978158,-0.0009111394985568814
2107,0.48758711223570084,-0.7789084044267748,-0.0009111394985568814
2108,0.48758711223570084,-0.7789084039780935,-0.0009111394986540056
2109,0.48758711223570084,-0.7789084039780935,-0.0009111394985568814
2110,0.48758711223570084,-0.7789084044267102,-0.0009111394985568814
2111,0.48758711223570084,-0.778908403978158,-0.0009111394985568814
2112,0.48758711223566387,-0.7789084039780935,-0.0009111394986540056
2113,0.4875871122357378,-0.7789084044267748,-0.0009111394985568814
2114,0.48758711223570084,-0.7789084039780935,-0.0009111394985568814
2115,0.487587112282415,-0.7789084044267748,-0.0009111394986540056
2116,0.48758711223566387,-0.7789084039780935,-0.0009111394985568814
2117,0.4875871122357378,-0.7789084039780935,-0.0009111394985568814
2118,0.48758711223570084,-0.7789084044267748,-0.0009111394986540056
2119,0.48758711223570084,-0.7789084039780935,-0.0009111394985568814
2120,-0.049372531267152964,-0.9032764412924543,-0.18372900917988527
2121,-0.049372531220401805,-0.9032764412925188,-0.18372900917978813
2122,-0.04937253126711598,-0.9032764412923897,-0.18372900917988527
2123,-0.049372531267152964,-0.9032764412924543,-0.18372900917978813
2124,-0.04937253126711598,-0.9032764408438375,-0.18372900917988527
2125,-0.049372531220401805,-0.9032764412925188,-0.18372900917978813
2126,-0.049372531267152964,-0.9032764412923897,-0.18372900917988527
2127,-0.049372531267152964,-0.9032764412925188,-0.18372900917978813
2128,-0.049372531220401805,-0.9032764412923897,-0.18372900917988527
2129,-0.049372531267152964,-0.9032764412925188,-0.18372900917978813
2130,-0.04937253126711598,-0.9032764412924543,-0.18372900917988527
2131,-0.04937253122043879,-0.9032764412924543,-0.18372900917978813
2132,-0.04937253126711598,-0.9032764408438375,-0.18372900917988527
2133,-0.049372531267152964,-0.9032764412924543,-0.18372900917978813
2134,-0.049372531267152964,-0.9032764412923897,-0.18372900917988527
2135,-0.049372531220401805,-0.9032764412925188,-0.18372900917978813
2136,-0.04937253126711598,-0.9032764412924543,-0.18372900917988527
2137,-0.3332689817146492,-0.921360645860828,-0.27890525066474875
2138,-0.3332689817613634,-0.9213606454120821,-0.2789052506646516
2139,-0.3332689817146492,-0.921360645860828,-0.27890525066474875
2140,-0.3332689817613634,-0.9213606454121467,-0.27890525066474875
2141,-0.3332689817146492,-0.9213606458607634,-0.2789052506646516
2142,-0.33326898176140035,-0.9213606458607634,-0.27890525066474875
2143,-0.3332689817146492,-0.9213606454122112,-0.27890525066474875
2144,-0.33326898171468616,-0.9213606458607634,-0.2789052506646516
2145,-0.33326898176132635,-0.9213606454120821,-0.27890525066474875
2146,-0.3332689817146492,-0.921360645860828,-0.27890525066474875
2147,-0.3332689817613634,-0.921360645860828,-0.2789052506646516
2148,-0.33326898171468616,-0.9213606454120821,-0.27890525066474875
2149,-0.33326898176132635,-0.9213606458607634,-0.2789052506646516
2150,-0.3332689817146492,-0.921360645860828,-0.27890525066474875
2151,-0.3332689817613634,-0.9213606454120821,-0.27890525066474875
2152,-0.33326898171468616,-0.9213606458608925,-0.2789052506646516
2153,-0.33326898171468616,-0.9213606454120176,-0.27890525066474875
2154,-0.3332689817612894,-0.921360645860828,-0.27890525066474875
2155,-0.33326898171468616,-0.9213606458607634,-0.2789052506646516
2156,-0.33326898176140035,-0.9213606454122112,-0.27890525066474875
2157,-0.3332689817145752,-0.9213606458607634,-0.27890525066474875
2158,-0.33326898176140035,-0.9213606454120821,-0.2789052506646516
2159,-0.33326898171468616,-0.921360645860828,-0.27890525066474875
2160,-0.37100845485926304,-0.86086628162185,-0.46313988523780736
2161,-0.37100845490597717,-0.8608662816219791,-0.46313988523780736
2162,-0.37100845485926304,-0.8608662811732333,-0.46313988523780736
2163,-0.3710084548593,-0.8608662816219146,-0.4631398852379045
2164,-0.3710084548593,-0.8608662816219146,-0.46313988523780736
2165,-0.37100845490597717,-0.8608662816219146,-0.46313988523780736
2166,-0.3710084548593,-0.8608662811732333,-0.46313988523780736
2167,-0.3710084548593,-0.8608662816219146,-0.46313988523780736
2168,-0.371008454859226,-0.8608662816219146,-0.4631398852379045
2169,-0.37100845490608814,-0.8608662816219146,-0.46313988523780736
2170,-0.371008454859226,-0.8608662816219146,-0.46313988523780736
2171,-0.3710084548593,-0.8608662811732333,-0.46313988523780736
2172,-0.3710084549060142,-0.8608662816219146,-0.46313988523780736
2173,-0.3710084548593,-0.8608662816219146,-0.46313988523780736
2174,-0.3710084548593,-0.8608662816219146,-0.46313988523780736
2175,-0.37100845485926304,-0.8608662811732333,-0.4631398852379045
2176,-0.37100845490597717,-0.8608662816219146,-0.46313988523780736
2177,-0.3710084548593,-0.8608662816219791,-0.46313988523780736
2178,-0.3910990593162128,-0.8009145430375104,-0.42537022118912055
2179,-0.3910990592694986,-0.8009145425888292,-0.4253702211890234
2180,-0.3910990593162498,-0.800914543037575,-0.42537022118912055
2181,-0.3910990593162498,-0.8009145425888292,-0.42537022118912055
2182,-0.3910990592694986,-0.800914543037575,-0.42537022118912055
2183,-0.39109905931617583,-0.8009145425888937,-0.4253702211890234
2184,-0.3910990592695726,-0.8009145430375104,-0.42537022118912055
2185,-0.3910990593162498,-0.8009145425888937,-0.42537022118912055
2186,-0.39109905931617583,-0.8009145430375104,-0.42537022118912055
2187,-0.3910990592695356,-0.8009145425888292,-0.4253702211890234
2188,-0.3910990593162128,-0.800914543037575,-0.42537022118912055
2189,-0.3910990593162498,-0.8009145425888937,-0.42537022118912055
2190,-0.3910990592694986,-0.8009145430375104,-0.42537022118912055
2191,-0.3910990593162128,-0.8009145425888937,-0.4253702211890234
2192,-0.3910990592695726,-0.8009145430375104,-0.42537022118912055
2193,-0.39109905931617583,-0.8009145425888937,-0.42537022118912055
2194,-0.3910990593162128,-0.8009145430375104,-0.42537022118912055
2195,-0.3910990592695356,-0.8009145425888937,-0.4253702211890234
2196,-0.3910990593162498,-0.8009145430375104,-0.42537022118912055
2197,-0.32815901509451717,-0.6929725482737084,-0.5030078639558765
2198,-0.3281590150945542,-0.6929725478250915,-0.5030078639559736
2199,-0.3281590150945542,-0.6929725482737729,-0.5030078639559736
2200,-0.32815901514130535,-0.6929725482736437,-0.5030078639558765
2201,-0.32815901509451717,-0.6929725478250915,-0.5030078639558765
2202,-0.32815901509459117,-0.6929725482737084,-0.5030078639559736
2203,-0.3281590150945542,-0.6929725482737084,-0.5030078639559736
2204,-0.3281590150945542,-0.6929725478250915,-0.5030078639558765
2205,-0.32815901514126833,-0.6929725482737084,-0.5030078639558765
2206,-0.3281590150945542,-0.6929725482737084,-0.5030078639559736
2207,-0.3281590150945542,-0.6929725478250915,-0.5030078639559736
2208,-0.32815901509459117,-0.6929725482737084,-0.5030078639558765
2209,-0.3281590150945542,-0.6929725482737729,-0.5030078639558765
2210,-0.32815901509451717,-0.692972547825027,-0.5030078639559736
2211,-0.32815901509459117,-0.6929725482737084,-0.5030078639559736
2212,-0.32815901514126833,-0.6929725482737084,-0.5030078639558765
2213,-0.32815901509451717,-0.6929725478250915,-0.5030078639558765
2214,-0.32815901509462814,-0.6929725482737084,-0.5030078639559736
2215,-0.6293276188315585,-0.730903137850838,-0.5200941405494318
2216,-0.6293276187849554,-0.7309031374021567,-0.5200941405493347
2217,-0.6293276188316326,-0.730903137850838,-0.5200941405494318
2218,-0.5499958030873289,-0.7432539865135199,-0.49731243842482087
2219,-0.31860987997393825,-0.8538096562510737,-0.3853024029786553
2220,-0.3186098799738643,-0.8538096558023925,-0.3853024029786553
2221,-0.31860987997393825,-0.8538096562511384,-0.3853024029786553
2222,-0.31860987997393825,-0.853809655802457,-0.3853024029786553
2223,-0.31860988002061547,-0.8538096562510737,-0.38530240297875246
2224,-0.31860987997393825,-0.8538096562510737,-0.3853024029786553
2225,-0.3186098799738643,-0.8538096558025215,-0.3853024029786553
2226,-0.31860987997393825,-0.8538096562510737,-0.3853024029786553
2227,-0.3186098799738643,-0.853809655802457,-0.3853024029786553
2228,-0.31860987997393825,-0.8538096562510737,-0.3853024029786553
2229,-0.31860987997393825,-0.8538096562511384,-0.3853024029786553
2230,-0.3186098799738643,-0.853809655802457,-0.3853024029786553
2231,-0.31860987997393825,-0.8538096562510737,-0.3853024029786553
2232,-0.31860988002065244,-0.8538096562511384,-0.38530240297875246
2233,-0.3186098799739013,-0.853809655802457,-0.3853024029786553
2234,-0.3186098799739013,-0.8538096562511384,-0.3853024029786553
2235,-0.3186098799739013,-0.8538096558023925,-0.3853024029786553
2236,-0.31860987997393825,-0.8538096562511384,-0.3853024029786553
2237,-0.26162905728163743,-1.1457435321239415,-0.19626851749210172
2238,-0.26162905732835157,-1.1457435325726228,-0.19626851749219884
2239,-0.26162905728163743,-1.145743532123877,-0.19626851749210172
2240,-0.26162905732835157,-1.1457435321239415,-0.19626851749210172
2241,-0.2616290572816744,-1.1457435321240705,-0.19626851749219884
2242,-0.26162905732835157,-1.1457435325726228,-0.19626851749210172
2243,-0.26162905728163743,-1.145743532123877,-0.19626851749210172
2244,-0.26162905728163743,-1.1457435321239415,-0.19626851749219884
2245,-0.2616290573283886,-1.1457435325726228,-0.19626851749210172
2246,-0.26162905728163743,-1.1457435321240061,-0.19626851749210172
2247,-0.26162905732835157,-1.1457435321239415,-0.19626851749219884
2248,-0.26162905728163743,-1.1457435321240061,-0.19626851749210172
2249,-0.26162905732835157,-1.1457435325725582,-0.19626851749210172
2250,-0.26162905728163743,-1.1457435321240061,-0.19626851749219884
2251,-0.2616290572816744,-1.1457435321239415,-0.19626851749210172
2252,-0.26162905732835157,-1.1457435325726228,-0.19626851749210172
2253,-0.26162905728163743,-1.1457435321239415,-0.19626851749219884
2254,-0.26162905732835157,-1.1457435321239415,-0.19626851749210172
2255,-0.26162905728163743,-1.1457435321240705,-0.19626851749210172
2256,-0.2616290573283886,-1.1457435325726228,-0.19626851749219884
2257,-0.26162905728163743,-1.145743532123877,-0.19626851749210172
2258,-0.04755795675198432,-1.123764075372386,-0.10163024362851784
2259,-0.047557956751910345,-1.1237640749237048,-0.10163024362851784
2260,-0.04755795675198432,-1.1237640753723215,-0.10163024362861497
2261,-0.04755795675194733,-1.1237640753724507,-0.10163024362851784
2262,-0.04755795675198432,-1.1237640749236402,-0.10163024362851784
2263,-0.04755795675198432,-1.123764075372386,-0.10163024362851784
2264,-0.04755795675198432,-1.123764075372386,-0.10163024362851784
2265,-0.04755795675194733,-1.1237640749237048,-0.10163024362861497
2266,-0.04755795675194733,-1.1237640753723215,-0.10163024362851784
2267,-0.04755795679869849,-1.123764075372386,-0.10163024362851784
2268,-0.04755795675198432,-1.123764075372386,-0.10163024362851784
2269,-0.04755795675194733,-1.1237640749236402,-0.10163024362861497
2270,-0.04755795675194733,-1.123764075372386,-0.10163024362851784
2271,-0.04755795675194733,-1.1237640753723215,-0.10163024362851784
2272,-0.047557956752021305,-1.1237640749237048,-0.10163024362851784
2273,-0.04755795675194733,-1.1237640753724507,-0.10163024362851784
2274,-0.04755795675198432,-1.1237640753723215,-0.10163024362861497
2275,-0.04755795675198432,-1.1237640749237048,-0.10163024362851784
2276,-0.04755795675194733,-1.1237640753723215,-0.10163024362851784
2277,0.08818870976137048,-0.951517328381177,-0.08040728954401394
2278,0.08818870976129652,-0.951517328381177,-0.08040728954401394
2279,0.08818870980804767,-0.951517328381177,-0.08040728954401394
2280,0.0881887097613335,-0.9515173279324957,-0.08040728954401394
2281,0.0881887097613335,-0.951517328381177,-0.08040728954401394
2282,0.08818870976137048,-0.951517328381177,-0.08040728954401394
2283,0.0881887097613335,-0.951517328381177,-0.08040728954401394
2284,0.08818870980804767,-0.951517328381177,-0.08040728954401394
2285,0.0881887097613335,-0.951517328381177,-0.08040728954401394
2286,0.08818870976137048,-0.9515173279325603,-0.08040728954401394
2287,0.0881887097613335,-0.951517328381177,-0.08040728954401394
2288,0.0881887097613335,-0.951517328381177,-0.08040728954401394
2289,0.08818870980804767,-0.9515173283811125,-0.08040728954401394
2290,0.08818870976137048,-0.9515173283812416,-0.08040728954401394
2291,0.08818870976125952,-0.951517328381177,-0.08040728954401394
2292,0.08818870976140747,-0.9515173283811447,-0.08040728954401394
2293,0.08818870976129652,-0.951517327932528,-0.08040728954401394
2294,0.08818870980812164,-0.951517328381177,-0.08040728954401394
2295,0.08818870976125952,-0.9515173283811447,-0.08040728954401394
2296,0.08818870976140747,-0.9515173283812093,-0.08040728954401394
2297,0.36673256157819284,-0.6294601126656587,-0.17267318314872696
2298,0.3667325615315157,-0.6294601126657233,-0.1726731831488241
2299,0.009736761782235991,-0.8491075777574019,-0.1555869065552688
2300,0.043772334315959054,-0.9058534965698851,-0.08914027535842223
2301,0.04377233431592207,-0.905853496569756,-0.08914027535851934
2302,0.04377233431592207,-0.9058534965698205,-0.08914027535842223
2303,0.043772334315959054,-0.905853496569756,-0.08914027535842223
2304,0.043772334269207895,-0.9058534970185018,-0.08914027535851934
2305,0.04377233431592207,-0.9058534965697882,-0.08914027535842223
2306,0.04377233431592207,-0.9058534965697882,-0.08914027535842223
2307,0.04377233431592207,-0.9058534965697882,-0.08914027535851934
2308,0.04377233431592207,-0.9058534965698205,-0.08914027535842223
2309,0.043772334315959054,-0.9058534965698205,-0.08914027535842223
2310,0.04377233431592207,-0.905853496569756,-0.08914027535851934
2311,0.04377233431588508,-0.9058534965698205,-0.08914027535842223
2312,0.043772334315959054,-0.9058534965698205,-0.08914027535842223
2313,0.043772334269207895,-0.9058534970184372,-0.08914027535851934
2314,0.04377233431592207,-0.9058534965698205,-0.08914027535842223
2315,0.04377233431592207,-0.9058534965697882,-0.08914027535842223
2316,0.043772334315959054,-0.9058534965697882,-0.08914027535851934
2317,0.04377233431592207,-0.9058534965697882,-0.08914027535842223
2318,0.15878638067189693,-1.038917491426653,-0.012683502318975986
2319,0.1587863807186111,-1.0389174914266206,-0.012683502318975986
2320,0.15878638067189693,-1.0389174914266206,-0.012683502318975986
2321,0.1587863807186111,-1.0389174918753343,-0.012683502318975986
2322,0.15878638067189693,-1.0389174914266206,-0.012683502318975986
2323,0.1587863807186111,-1.038917491426653,-0.012683502318878862
2324,0.15878638067189693,-1.038917491426653,-0.012683502318975986
2325,0.1587863807186111,-1.0389174914266206,-0.012683502318975986
2326,0.15878638067189693,-1.038917491426653,-0.012683502318975986
2327,0.1587863807186111,-1.0389174914266206,-0.012683502318975986
2328,0.15878638067189693,-1.0389174918753343,-0.012683502318975986
2329,0.1587863806719339,-1.0389174914265884,-0.012683502318975986
2330,0.15878638071853712,-1.038917491426653,-0.012683502318975986
2331,0.1587863806719339,-1.038917491426653,-0.012683502318975986
2332,0.15878638071857412,-1.038917491426653,-0.012683502318975986
2333,0.1587863806719339,-1.038917491426653,-0.012683502318975986
2334,0.15878638071857412,-1.0389174914265884,-0.012683502318878862
2335,0.1587863806719339,-1.0389174914266852,-0.012683502318975986
2336,0.15878638071857412,-1.0389174918752373,-0.012683502318975986
2337,0.1587863806719339,-1.0389174914267174,-0.012683502318975986
2338,0.15878638071857412,-1.0389174914265884,-0.012683502318975986
2339,0.1587863806719709,-1.038917491426653,-0.012683502318975986
2340,0.09435900104121486,-0.7129085321949333,-0.041678395932117134
2341,0.09435900108796602,-0.71290853264355,-0.04167839593221426
2342,0.09435900104125185,-0.7129085321949656,-0.041678395932117134
2343,0.09435900104125185,-0.7129085321949656,-0.041678395932117134
2344,0.09435900104125185,-0.7129085326435823,-0.041678395932117134
2345,0.09435900108796602,-0.7129085321949333,-0.04167839593221426
2346,0.09435900104121486,-0.7129085321949333,-0.041678395932117134
2347,0.09435900104128883,-0.71290853264355,-0.041678395932117134
2348,0.09435900104125185,-0.7129085321949333,-0.041678395932117134
2349,0.09435900108792904,-0.7129085321949333,-0.04167839593221426
2350,0.09435900104125185,-0.7129085326436146,-0.041678395932117134
2351,0.09435900104128883,-0.7129085321949333,-0.041678395932117134
2352,0.09435900104121486,-0.7129085321949333,-0.041678395932117134
2353,0.09435900108796602,-0.7129085326435823,-0.04167839593221426
2354,0.09435900104125185,-0.7129085321949333,-0.041678395932117134
2355,-0.11614719722627652,-0.5305554520431849,0.028090566824503758
2356,-0.11614719727299068,-0.5305554520431203,0.028090566824600885
2357,-0.11614719727306466,-0.5305554520431526,0.028090566824503758
2358,-0.11614719722623952,-0.5305554520431203,0.028090566824600885
2359,-0.11614719722635049,-0.5305554520431849,0.028090566824503758
2360,-0.11614719727299068,-0.5305554520431203,0.028090566824600885
2361,-0.11614719727299068,-0.5305554520431203,0.028090566824503758
2362,-0.1161471972263135,-0.5305554520431849,0.028090566824503758
2363,-0.1161471972263135,-0.5305554520431849,0.028090566824600885
2364,-0.1161471972729537,-0.5305554520431203,0.028090566824503758
2365,-0.11614719727306466,-0.5305554520431203,0.028090566824600885
2366,-0.11614719722627652,-0.5305554520431526,0.028090566824503758
2367,-0.1161471972263135,-0.5305554520431203,0.028090566824600885
2368,-0.11614719727299068,-0.5305554520431526,0.028090566824503758
2369,-0.11614719727299068,-0.5305554520431526,0.028090566824600885
2370,-0.1161471972263135,-0.5305554520431849,0.028090566824503758
2371,0.026737438108130035,-0.8664951646114176,0.05107567700385419
2372,0.026737438108093047,-0.8664951646114176,0.05107567700385419
2373,0.026737438061489836,-0.8664951646114499,0.05107567700385419
2374,0.026737438108167023,-0.8664951646113853,0.05107567700385419
2375,0.026737438108130035,-0.8664951646114499,0.05107567700385419
2376,0.026737438108130035,-0.8664951646114176,0.05107567700395131
2377,0.026737438061415864,-0.8664951646114499,0.05107567700385419
2378,0.026737438108130035,-0.8664951646114176,0.05107567700385419
2379,0.026737438108130035,-0.8664951646114176,0.05107567700385419
2380,0.026737438108167023,-0.8664951646114499,0.05107567700385419
2381,0.02673743806145285,-0.8664951646114176,0.05107567700385419
2382,0.026737438108130035,-0.8664951646114499,0.05107567700385419
2383,0.026737438108130035,-0.8664951646114176,0.05107567700385419
2384,0.026737438108167023,-0.8664951646114176,0.05107567700385419
2385,0.026737438061415864,-0.8664951646114499,0.05107567700385419
2386,0.026737438108167023,-0.8664951646114176,0.05107567700395131
2387,0.026737438108093047,-0.8664951646114499,0.05107567700385419
2388,0.026737438108204007,-0.8664951646114176,0.05107567700385419
2389,0.026737438061378876,-0.8664951646114176,0.05107567700385419
2390,0.026737438108167023,-0.8664951646114499,0.05107567700385419
2391,0.026737438108130035,-0.8664951646114176,0.05107567700385419
2392,-0.4919654323063723,-0.6579826867723987,0.1272858948255756
2393,-0.49196543230644624,-0.6579826867723987,0.12728589482547847
2394,-0.4919654323063723,-0.6579826867723664,0.1272858948255756
2395,-0.49196543230640927,-0.6579826867723664,0.1272858948255756
2396,-0.49196543230640927,-0.6579826872210799,0.1272858948255756
2397,-0.4919654323063723,-0.6579826867723664,0.12728589482547847
2398,-0.49196543230640927,-0.6579826867723987,0.1272858948255756
2399,-0.4919654323063723,-0.6579826867723987,0.1272858948255756
2400,-0.49196543225973205,-0.6579826867723987,0.12728589482547847
2401,-0.4919654323063723,-0.6579826867723664,0.1272858948255756
2402,-0.49196543230644624,-0.6579826867723664,0.1272858948255756
2403,-0.4919654323063723,-0.6579826867723987,0.1272858948255756
2404,-0.49196543230640927,-0.6579826867723664,0.12728589482547847
2405,-0.49196543230640927,-0.6579826872210477,0.1272858948255756
2406,-0.49196543230640927,-0.6579826867723987,0.1272858948255756
2407,-0.4919654323063723,-0.6579826867723664,0.1272858948255756
2408,-0.49196543230640927,-0.6579826867723987,0.12728589482547847
2409,-0.49196543230640927,-0.6579826867723987,0.1272858948255756
2410,-0.33214667196923103,0.19958969365545573,0.1592887620958531
2411,-0.33214667196926806,0.19958969320680672,0.1592887620958531
2412,-0.33214667196923103,0.199589693655488,0.1592887620958531
2413,-0.33214667196923103,0.19958969320680672,0.1592887620958531
2414,-0.33214667196930503,0.199589693655488,0.1592887620958531
2415,-0.33214667196926806,0.19958969320680672,0.1592887620958531
2416,-0.33214667196923103,0.19958969365545573,0.1592887620958531
2417,-0.33214667192255387,0.199589693655488,0.15928876209595022
2418,-0.33214667196923103,0.19958969320680672,0.1592887620958531
2419,-0.33214667196926806,0.19958969365545573,0.1592887620958531
2420,-0.33214667196930503,0.19958969320680672,0.1592887620958531
2421,-0.33214667196923103,0.19958969365545573,0.1592887620958531
2422,-0.33214667196923103,0.19958969320680672,0.1592887620958531
2423,-0.332146671969342,0.19958969365545573,0.1592887620958531
2424,-0.4301157580313531,-0.838519692896941,0.17246960403943903
2425,-0.4301157579848239,-0.8385196928969086,0.1724696040393419
2426,-0.4301157580313531,-0.8385196928970056,0.17246960403943903
2427,-0.4301157579848239,-0.8385196928969086,0.1724696040393419
2428,-0.43011575803146407,-0.838519692896941,0.17246960403943903
2429,-0.43011575798474994,-0.838519692896941,0.17246960403943903
2430,-0.4301157580314271,-0.8385196928969733,0.1724696040393419
2431,-0.43011575798474994,-0.8385196924482919,0.17246960403943903
2432,-0.4301157580314271,-0.838519692896941,0.1724696040393419
2433,-0.4301157579847869,-0.8385196928969733,0.17246960403943903
2434,-0.4301157580314271,-0.838519692896941,0.17246960403943903
2435,-0.4301157579847869,-0.838519692896941,0.1724696040393419
2436,-0.4301157580313901,-0.838519692896941,0.17246960403943903
2437,-0.4301157579847869,-0.8385196928969733,0.1724696040393419
2438,-0.4301157580314271,-0.838519692896941,0.17246960403943903
2439,-0.5411810011165976,-0.9840668025246143,0.18272136999547509
2440,-0.5411810011165606,-0.9840668025246466,0.18272136999547509
2441,-0.5411810010698465,-0.9840668025246143,0.18272136999547509
2442,-0.5411810011165606,-0.9840668025246466,0.18272136999547509
2443,-0.5411810011165976,-0.9840668025246143,0.18272136999547509
2444,-0.5411810010697724,-0.9840668025246789,0.1827213699955722
2445,-0.5411810011165976,-0.9840668025246143,0.18272136999547509
2446,-0.5411810011165606,-0.9840668025246466,0.18272136999547509
2447,-0.5411810011165976,-0.9840668025246143,0.18272136999547509
2448,-0.5411810011165606,-0.9840668025246143,0.18272136999547509
2449,-0.5411810010699204,-0.9840668025246466,0.18272136999547509
2450,-0.5411810011165236,-0.9840668025246143,0.18272136999547509
2451,-0.5411810011165606,-0.9840668025246466,0.18272136999547509
2452,-0.5411810010697724,-0.9840668025246143,0.18272136999547509
2453,-0.5411810011165976,-0.9840668025246789,0.1827213699955722
2454,-0.5411810011165606,-0.9840668025246143,0.18272136999547509
2455,-0.5411810011165976,-0.9840668025246143,0.18272136999547509
2456,-0.5411810011165606,-0.9840668025246143,0.18272136999547509
2457,-0.5411810010699204,-0.9840668025246466,0.18272136999547509
2458,-0.5411810011165236,-0.9840668025246466,0.18272136999547509
2459,-0.6469573980457043,-0.5297836993439677,0.2032249019076443
2460,-0.6469573980923075,-0.529783699344,0.2032249019076443
2461,-0.6469573980457043,-0.5297836993439677,0.2032249019076443
2462,-0.6469573980923815,-0.529783699344,0.2032249019076443
2463,-0.6469573980456303,-0.529783699792649,0.2032249019076443
2464,-0.6469573980457043,-0.5297836993439677,0.2032249019076443
2465,-0.6469573980923444,-0.5297836993439677,0.2032249019076443
2466,-0.6469573980457043,-0.5297836993439677,0.2032249019076443
2467,-0.6469573980923075,-0.529783699344,0.20322490190774145
2468,-0.6469573980457043,-0.529783699344,0.2032249019076443
2469,-0.6469573980457043,-0.5297836993439677,0.2032249019076443
2470,-0.6469573980923444,-0.5297836993439677,0.2032249019076443
2471,-0.6469573980456673,-0.529783699344,0.2032249019076443
2472,-0.6469573980457043,-0.529783699792649,0.2032249019076443
2473,-0.6469573980923444,-0.529783699344,0.2032249019076443
2474,-0.6469573980457043,-0.5297836993439677,0.2032249019076443
2475,-0.6469573980923075,-0.529783699344,0.2032249019076443
2476,-0.6469573980457043,-0.5297836993439677,0.2032249019076443
2477,-0.5314849292476108,-0.6744491518684905,0.17246960403943903
2478,-0.5314849292476478,-0.6744491518684905,0.1724696040393419
2479,-0.5314849292475369,-0.6744491518685228,0.17246960403943903
2480,-0.5314849292476848,-0.6744491518684905,0.1724696040393419
2481,-0.5314849292475738,-0.6744491518684905,0.17246960403943903
2482,-0.2668234440961895,-1.2337019090956,0.18329091254860977
2483,-0.2668234441428297,-1.2337019090955679,0.18329091254860977
2484,-0.2668234440961155,-1.2337019086469188,0.18329091254860977
2485,-0.2668234440961155,-1.2337019090956,0.18329091254860977
2486,-0.26682344414279274,-1.2337019090955839,0.18329091254860977
2487,-0.2668234440962265,-1.2337019090955679,0.18329091254851265
2488,-0.26682344409607855,-1.2337019090956,0.18329091254860977
2489,-0.2668234441428667,-1.2337019090955679,0.18329091254860977
2490,-0.26682344409607855,-1.2337019090956,0.18329091254860977
2491,-0.2668234440961895,-1.233701908646935,0.18329091254860977
2492,-0.26682344414279274,-1.2337019090955839,0.18329091254860977
2493,-0.2668234440961895,-1.2337019090955679,0.18329091254860977
2494,-0.9016395334792422,-0.46803627208555776,0.18125683200179726
2495,-0.9016395335260674,-0.4680362720855739,0.18125683200170015
2496,-0.9016395334793902,-0.4680362725342391,0.18125683200179726
2497,-0.9016395335260304,-0.46803627208555776,0.18125683200170015
2498,-0.9016395334793162,-0.46803627208559007,0.18125683200179726
2499,-0.9016395335261413,-0.46803627208555776,0.18125683200170015
2500,-0.9016395334793532,-0.46803627208554166,0.18125683200179726
2501,-0.9016395334793902,-0.4680362725342391,0.18125683200179726
2502,-0.9016395335260674,-0.46803627208555776,0.18125683200170015
2503,-0.9016395334792422,-0.46803627208559007,0.18125683200179726
2504,-0.9016395335260674,-0.46803627208555776,0.18125683200170015
2505,-0.9016395334793902,-0.4680362725342391,0.18125683200179726
2506,-0.9016395335260304,-0.46803627208554166,0.18125683200170015
2507,-0.9016395334793902,-0.46803627208555776,0.18125683200179726
2508,-0.585464186209259,-0.2906078358075722,0.17800230312683898
2509,-0.5854641861625818,-0.2906078353588748,0.17800230312674184
2510,-0.585464186209259,-0.2906078358075722,0.17800230312683898
2511,-0.585464186209259,-0.2906078353588748,0.17800230312683898
2512,-0.585464186209222,-0.29060783580753996,0.17800230312683898
2513,-0.5854641861625818,-0.29060783580755606,0.17800230312674184
2514,-0.585464186209296,-0.2906078353588909,0.17800230312683898
2515,-0.585464186209259,-0.2906078358075238,0.17800230312683898
2516,-0.5854641861625818,-0.2906078358075722,0.17800230312674184
2517,-0.585464186209259,-0.2906078353588748,0.17800230312683898
2518,-0.585464186209222,-0.29060783580753996,0.17800230312683898
2519,-0.585464186209296,-0.2906078353588909,0.17800230312683898
2520,-0.5854641861625448,-0.29060783580755606,0.17800230312674184
2521,-0.585464186209296,-0.2906078358075238,0.17800230312683898
2522,-0.585464186209222,-0.2906078353589232,0.17800230312683898
2523,-0.5854641861625818,-0.2906078358075238,0.17800230312674184
2524,-0.585464186209259,-0.29060783580753996,0.17800230312683898
2525,-0.5854641862093329,-0.2906078353588909,0.17800230312683898
2526,-0.585464186209259,-0.29060783580755606,0.17800230312683898
2527,-0.5854641861625448,-0.2906078353588909,0.17800230312674184
2528,-0.585464186209296,-0.29060783580755606,0.17800230312683898
2529,-0.5745753371720175,-0.86274363733369,0.1756239935643732
2530,-0.5745753371721655,-0.8627436373337061,0.17562399356427608
2531,-0.5745753371720914,-0.86274363733369,0.1756239935643732
2532,-0.5745753371720175,-0.8627436373337222,0.1756239935643732
2533,-0.5745753371721655,-0.8627436368850409,0.1756239935643732
2534,-0.5745753371720914,-0.8627436373337222,0.17562399356427608
2535,-0.5745753371720914,-0.86274363733369,0.1756239935643732
2536,-0.5745753371720914,-0.86274363733369,0.1756239935643732
2537,-0.5745753371720914,-0.8627436373337061,0.1756239935643732
2538,-0.5745753371721285,-0.8627436373337222,0.17562399356427608
2539,-0.5745753371720544,-0.8627436373337061,0.1756239935643732
2540,-0.5745753371721285,-0.86274363733369,0.1756239935643732
2541,-0.5745753371720914,-0.8627436368850409,0.17562399356427608
2542,-0.5745753371720544,-0.8627436373337061,0.1756239935643732
2543,-0.5745753371721285,-0.8627436373337222,0.1756239935643732
2544,-0.5745753371720914,-0.8627436373337061,0.1756239935643732
2545,-0.5745753371720544,-0.8627436373337061,0.17562399356427608
2546,-0.5745753371721285,-0.86274363733369,0.1756239935643732
2547,-0.5745753371721655,-0.8627436373337222,0.1756239935643732
2548,-0.5745753371720175,-0.86274363733369,0.1756239935643732
2549,-0.5745753371721655,-0.8627436373337222,0.17562399356427608
2550,-0.5745753371720175,-0.8627436368850409,0.1756239935643732
2551,-0.5745753371720914,-0.86274363733369,0.1756239935643732
2552,-0.5745753371720914,-0.8627436373337061,0.1756239935643732
2553,-0.5745753371721655,-0.8627436373337061,0.17562399356427608
2554,-0.5745753371720175,-0.8627436373337061,0.1756239935643732
2555,-0.6233338619486989,-0.6772006886481563,0.1984407444615071
2556,-0.6233338619485139,-0.6772006881994911,0.19844074446141
2557,-0.6233338619019477,-0.6772006886481724,0.1984407444615071
2558,-0.623333861948625,-0.6772006886481563,0.1984407444615071
2559,-0.6233338619485509,-0.6772006886481563,0.1984407444615071
2560,-0.623333861948588,-0.6772006881995073,0.19844074446141
2561,-0.623333861948625,-0.6772006886481401,0.1984407444615071
2562,-0.6233338619019108,-0.6772006886481724,0.1984407444615071
2563,-0.6233338619485139,-0.6772006881994911,0.19844074446141
2564,-0.623333861948588,-0.6772006886481401,0.1984407444615071
2565,-0.6233338619486619,-0.6772006886481724,0.1984407444615071
2566,-0.6233338619485139,-0.6772006886481563,0.1984407444615071
2567,-0.6233338619019847,-0.6772006881994911,0.19844074446141
2568,-0.6233338619485139,-0.6772006886481724,0.1984407444615071
2569,-0.6233338619486619,-0.6772006886481563,0.1984407444615071
2570,-0.623333861948588,-0.6772006886481563,0.1984407444615071
2571,-0.6233338619485139,-0.6772006881995073,0.19844074446141
2572,-0.6233338619019108,-0.6772006886481401,0.1984407444615071
2573,-0.6233338619486619,-0.6772006886481563,0.1984407444615071
2574,-0.6233338619485139,-0.6772006881994911,0.19844074446141
2575,-0.623333861948588,-0.6772006886481563,0.1984407444615071
2576,-0.6233338619486619,-0.6772006886481563,0.1984407444615071
2577,-0.6233338619018368,-0.6772006886481724,0.1984407444615071
2578,-0.623333861948588,-0.6772006881994911,0.19844074446141
2579,-0.6233338619486619,-0.6772006886481563,0.1984407444615071
2580,-0.7079824783823065,-0.9834563272397522,0.19402459912652156
2581,-0.7079824784289837,-0.9834563272397684,0.19402459912661868
2582,-0.7079824783823805,-0.9834563272397522,0.19402459912652156
2583,-0.7079824784289837,-0.9834563276884174,0.19402459912652156
2584,-0.7079824783823805,-0.9834563272397684,0.19402459912661868
2585,-0.7079824784289837,-0.9834563272397522,0.19402459912652156
2586,-0.7079824783823065,-0.9834563272397522,0.19402459912652156
2587,-0.7079824784290577,-0.9834563272397603,0.19402459912652156
2588,-0.7079824783823065,-0.9834563272397603,0.19402459912661868
2589,-0.7079824784290577,-0.9834563276884174,0.19402459912652156
2590,-0.7079824783823065,-0.9834563272397522,0.19402459912652156
2591,-0.7079824784290577,-0.9834563272397684,0.19402459912661868
2592,-0.7079824783823065,-0.9834563272397441,0.19402459912652156
2593,-0.003484039040867102,-1.4551094961719213,0.15766149765842252
2594,-0.003484039087692234,-1.4551094966205702,0.15766149765832538
2595,-0.003484039087692234,-1.4551094966205622,0.15766149765842252
2596,-0.003484039041015049,-1.455109496171897,0.15766149765842252
2597,-0.0034840390409410756,-1.455109496171913,0.15766149765832538
2598,-0.003484039087692234,-1.4551094966205622,0.15766149765842252
2599,0.18338723919942765,-0.5396632555453315,0.06083926362872906
2600,0.18338723915260252,-0.5396632559939805,0.060839263628631936
2601,0.18338723919942765,-0.5396632555453152,0.06083926362872906
2602,0.1833872391526765,-0.5396632555453315,0.06083926362872906
2603,0.18338723919935368,-0.5396632559939805,0.06083926362872906
2604,0.18338723915275046,-0.5396632555453234,0.060839263628631936
2605,0.1833872391992797,-0.5396632555453152,0.06083926362872906
2606,0.18338723915275046,-0.5396632559939886,0.06083926362872906
2607,0.18338723919935368,-0.5396632555453152,0.06083926362872906
2608,0.1833872391526765,-0.5396632555453315,0.060839263628631936
2609,0.18338723919942765,-0.5396632559939724,0.06083926362872906
2610,0.1833872391526765,-0.5396632555453315,0.06083926362872906
2611,0.18338723919935368,-0.5396632555453152,0.06083926362872906
2612,0.18338723915260252,-0.5396632559939886,0.060839263628631936
2613,0.18338723919942765,-0.5396632555453152,0.06083926362872906
2614,-0.023316116614711026,-0.9562808662291005,0.16050921042399888
2615,-0.023316116661462185,-0.9562808662290843,0.16050921042399888
2616,-0.023316116614711026,-0.9562808657804353,0.16050921042390176
2617,-0.023316116614711026,-0.9562808662290843,0.16050921042399888
2618,0.42579141940420917,-0.7248342994036688,0.0562829232037486
2619,0.42579141940420917,-0.724834299852326,0.056282923203845724
2620,0.4257914194042831,-0.7248342994036688,0.0562829232037486
2621,0.4257914194041352,-0.7248342994036608,0.0562829232037486
2622,0.42579141935753195,-0.724834299852326,0.0562829232037486
2623,0.4257914194042831,-0.7248342994036608,0.056282923203845724
2624,0.4257914194041352,-0.7248342994036688,0.0562829232037486
2625,0.42579141940420917,-0.724834299852326,0.0562829232037486
2626,0.4257914194042831,-0.7248342994036688,0.056282923203845724
2627,0.4257914194041352,-0.7248342994036608,0.0562829232037486
2628,0.4257914194042831,-0.724834299852326,0.0562829232037486
2629,0.42579141940406123,-0.7248342994036608,0.0562829232037486
2630,0.42579141935760595,-0.7248342994036688,0.056282923203845724
2631,0.42579141940420917,-0.7248342994036648,0.0562829232037486
2632,0.4257914194041352,-0.724834299852326,0.0562829232037486
2633,0.4257914194042831,-0.7248342994036608,0.0562829232037486
2634,0.4257914194041352,-0.7248342994036648,0.056282923203845724
2635,0.4257914194042831,-0.724834299852326,0.0562829232037486
2636,0.42579141940420917,-0.7248342994036648,0.0562829232037486
2637,0.4257914194041352,-0.7248342994036688,0.056282923203845724
2638,0.425791419357458,-0.724834299852326,0.0562829232037486
2639,0.4257914194042831,-0.7248342994036608,0.0562829232037486
2640,0.42579141940420917,-0.7248342994036729,0.0562829232037486
2641,0.42579141940420917,-0.724834299852322,0.056282923203845724
2642,0.4257914194041352,-0.7248342994036648,0.0562829232037486
2643,0.8008578788055063,-0.2589788570914506,-0.01889669380750623
2644,0.8008578788055802,-0.2589788566427894,-0.01889669380750623
2645,1.1042290729295121,-0.3374839904410373,-0.14419605549296333
2646,1.1042290729296602,-0.3374839904410373,-0.14419605549296333
2647,1.1042290729296602,-0.3374839904410373,-0.14419605549296333
2648,0.3817188817361448,-0.5389573124157567,-0.18292494910486015
2649,0.38171888173621876,-0.5389573124157688,-0.18292494910486015
2650,0.381718881782822,-0.5389573128644178,-0.18292494910486015
2651,0.38171888173621876,-0.5389573124157607,-0.18292494910486015
2652,0.38171888173621876,-0.5389573124157647,-0.18292494910486015
2653,-0.3093544430774548,-0.924260849544968,-0.2376010342039457
2654,-0.30935444303070364,-0.9242608490963109,-0.2376010342039457
2655,-0.30935444307738086,-0.92426084954497,-0.23760103420404285
2656,-0.30935444303070364,-0.9242608490963089,-0.2376010342039457
2657,-0.30935444307738086,-0.924260849544968,-0.2376010342039457
2658,0.27665774973261975,-0.1881891886883482,-0.09578493847816516
2659,0.2766577497326937,-0.1881891886883462,-0.09578493847806803
2660,0.2766577497793709,-0.18818918823968708,-0.09578493847816516
2661,0.2766577497326937,-0.18818918868835022,-0.09578493847816516
2662,0.27665774973261975,-0.1881891886883462,-0.09578493847806803
2663,0.27665774973261975,-0.1881891886883482,-0.09578493847816516
2664,0.2766577497326937,-0.18818918868835022,-0.09578493847816516
2665,0.2766577497326937,-0.18818918868834417,-0.09578493847806803
2666,0.2766577497793709,-0.18818918823968708,-0.09578493847816516
2667,0.2766577497326937,-0.1881891886883482,-0.09578493847816516
2668,0.2766577497325827,-0.1881891886883482,-0.09578493847816516
2669,0.2766577497326937,-0.1881891886883482,-0.09578493847806803
2670,0.2766577497326937,-0.1881891886883482,-0.09578493847816516
2671,0.2766577497794079,-0.18818918823968708,-0.09578493847816516
2672,0.2766577497326937,-0.1881891886883482,-0.09578493847806803
2673,0.2766577497326567,-0.1881891886883462,-0.09578493847816516
2674,0.9856515024396653,-0.320599145537649,-0.10676897343108868
2675,0.9856515024864164,-0.3205991450889859,-0.10676897343108868
2676,0.9856515024397022,-0.320599145537647,-0.10676897343108868
2677,0.9856515024864164,-0.3205991450889859,-0.10676897343108868
2678,0.9856515024397392,-0.320599145537649,-0.10676897343108868
2679,0.9856515024864164,-0.3205991450889859,-0.10676897343108868
2680,0.9856515024397022,-0.320599145537647,-0.10676897343108868
2681,0.8541122214222376,-0.32954633923284166,-0.20399802357016408
2682,0.8541122213755975,-0.3295463392328396,-0.20399802357016408
2683,0.8541122214223116,-0.32954633923284266,-0.20399802357006697
2684,0.8541122214222746,-0.32954633923284166,-0.20399802357016408
2685,0.8541122213755235,-0.3295463392328396,-0.20399802357016408
2686,0.8541122214222376,-0.32954633923284166,-0.20399802357006697
2687,0.8541122214223487,-0.32954633923284166,-0.20399802357016408
2688,0.8541122213755604,-0.32954633923284066,-0.20399802357016408
2689,0.8541122214222007,-0.32954633923284266,-0.20399802357016408
2690,0.8541122214223116,-0.32954633923284066,-0.20399802357016408
2691,0.8541122213755975,-0.32954633923284166,-0.20399802357006697
2692,0.8541122214222746,-0.32954633923284066,-0.20399802357016408
2693,0.5080132557649086,-0.17106184889106554,-0.15938385690943535
2694,0.5080132558116228,-0.17106184889106554,-0.15938385690933823
2695,0.5080132557648347,-0.17106184933972465,-0.15938385690943535
2696,0.5080132558116228,-0.17106184889106654,-0.15938385690943535
2697,0.5080132557648717,-0.17106184889106454,-0.15938385690933823
2698,0.5080132558116598,-0.17106184889106554,-0.15938385690943535
2699,0.5080132557648347,-0.17106184933972565,-0.15938385690943535
2700,0.5080132558116228,-0.17106184889106654,-0.15938385690933823
2701,0.5080132557648717,-0.17106184889106504,-0.15938385690943535
2702,0.5080132557649086,-0.17106184889106454,-0.15938385690943535
2703,0.5080132558115488,-0.17106184889106654,-0.15938385690933823
2704,0.5080132557649086,-0.17106184933972565,-0.15938385690943535
2705,0.5080132558116228,-0.17106184889106504,-0.15938385690943535
2706,0.5080132557648347,-0.17106184889106504,-0.15938385690933823
2707,0.5080132558116598,-0.17106184889106554,-0.15938385690943535
2708,0.5080132557648717,-0.17106184933972615,-0.15938385690943535
2709,0.5080132558115859,-0.17106184889106554,-0.15938385690933823
2710,0.5080132557648717,-0.17106184889106504,-0.15938385690943535
2711,0.6104335908642107,-0.19313162196377134,-0.06110984774428526
2712,0.6104335909109618,-0.19313162196377134,-0.061109847744382384
2713,0.6104335908641737,-0.1931316219637711,-0.06110984774428526
2714,0.6104335908643217,-0.19313162196377134,-0.06110984774428526
2715,0.6104335909109618,-0.1931316219637711,-0.061109847744382384
2716,0.6104335908641737,-0.19313162196377123,-0.06110984774428526
2717,0.6104335908642846,-0.19313162196377134,-0.06110984774428526
2718,0.6104335909109249,-0.19313162196377115,-0.061109847744382384
2719,0.6104335908642107,-0.19313162241243206,-0.06110984774428526
2720,0.6104335909109618,-0.19313162196377123,-0.061109847744382384
2721,0.6104335908642107,-0.19313162196377123,-0.06110984774428526
2722,0.6104335908642476,-0.19313162196377132,-0.06110984774428526
2723,0.6104335909109249,-0.19313162196377123,-0.061109847744382384
2724,0.6104335908642846,-0.1931316219637711,-0.06110984774428526
2725,0.6104335908642476,-0.19313162196377148,-0.06110984774428526
2726,0.6104335909108879,-0.1931316219637711,-0.061109847744382384
2727,0.6104335908642476,-0.1931316219637711,-0.06110984774428526
2728,1.339288356046033,-1.0474018403349754,-0.16014324698024923
2729,1.3392883559994668,-1.047401839886314,-0.16014324698015212
2730,1.33928835604607,-1.0474018403349752,-0.16014324698024923
2731,1.339288356046033,-1.0474018403349756,-0.16014324698024923
2732,1.3392883559993927,-1.0474018398863154,-0.16014324698024923
2733,1.339288356046033,-1.0474018403349745,-0.16014324698015212
2734,1.3392883560461069,-1.0474018403349745,-0.16014324698024923
2735,1.3392883559993927,-1.0474018398863145,-0.16014324698024923
2736,1.33928835604607,-1.0474018403349756,-0.16014324698024923
2737,1.3392883560461069,-1.0474018403349756,-0.16014324698015212
2738,1.3392883559993927,-1.0474018398863125,-0.16014324698024923
2739,1.33928835604607,-1.0474018403349776,-0.16014324698024923
2740,1.339288356046033,-1.0474018403349736,-0.16014324698024923
2741,1.3392883559994297,-1.0474018398863145,-0.16014324698015212
2742,1.3392883560461069,-1.0474018403349736,-0.16014324698024923
2743,1.0779695355660541,-0.7816238612489723,-0.14277219911017516
2744,1.0779695356127312,-0.7816238608003092,-0.14277219911027228
2745,1.077969535566017,-0.7816238608003092,-0.14277219911017516
2746,1.0779695356127312,-0.7816238612489703,-0.14277219911017516
2747,1.077969535566017,-0.7816238612489743,-0.14277219911017516
2748,1.077969535566091,-0.7816238608003092,-0.14277219911017516
2749,1.0779695356127312,-0.7816238608003092,-0.14277219911027228
2750,1.07796953556598,-0.7816238612489703,-0.14277219911017516
2751,0.9833949322904766,0.018443238333337685,-0.19260717250785864
2752,0.9833949322437994,0.01844323833333365,-0.1926071725077615
2753,0.9833949322905136,0.01844323833333365,-0.19260717250785864
2754,0.9833949322904395,0.01844323833333365,-0.1926071725077615
2755,0.9833949322903656,0.01844323833333365,-0.19260717250785864
2756,0.9833949322905505,0.01844323833333365,-0.1926071725077615
2757,0.9833949322437624,0.018443238781998803,-0.19260717250785864
2758,0.9833949322904766,0.01844323833333365,-0.19260717250785864
2759,0.9833949322904395,0.01844323833333365,-0.1926071725077615
2760,0.9833949322437994,0.01844323833333365,-0.19260717250785864
2761,0.9833949322904395,0.018443238333337685,-0.1926071725077615
2762,0.9833949322905136,0.01844323833333365,-0.19260717250785864
2763,0.7915337215597887,0.007892097896964758,-0.36587954155191615
2764,0.7915337216065769,0.007892098345625879,-0.36587954155191615
2765,0.7915337215598257,0.007892097896964758,-0.36587954155181907
2766,0.7915337216065769,0.007892098345625879,-0.36587954155191615
2767,0.7915337215598628,0.007892097896968793,-0.36587954155191615
2768,0.7915337215598628,0.007892098345629914,-0.36587954155191615
2769,0.7915337216065029,0.007892097896960723,-0.36587954155181907
2770,0.7915337215598257,0.007892098345629914,-0.36587954155191615
2771,0.7915337215598628,0.007892097896968793,-0.36587954155191615
2772,0.7915337216065399,0.007892098345625879,-0.36587954155191615
2773,0.7915337215598628,0.007892097896964758,-0.36587954155181907
2774,0.7915337216065399,0.007892098345625879,-0.36587954155191615
2775,0.7915337215598628,0.007892097896968793,-0.36587954155191615
2776,0.849338238103467,0.090333574928669,-0.1726731831488241
2777,0.8493382380567898,0.09033357492867707,-0.17267318314872696
2778,1.7349006575061168,-0.27599013910153136,-0.10676897343108868
2779,1.7349006574593657,-0.2759901391015354,-0.10676897343108868
2780,1.73490065750608,-0.2759901391015354,-0.10676897343108868
2781,1.7349006574594026,-0.27599013955019247,-0.10676897343108868
2782,1.7349006575060428,-0.27599013910153136,-0.10676897343108868
2783,1.7349006574594397,-0.2759901391015394,-0.10676897343108868
2784,1.73490065750608,-0.27599013910153136,-0.10676897343108868
2785,1.204129360915483,-0.3126602160947691,-0.11897345671215799
2786,1.2041293608687318,-0.3126602160947651,-0.11897345671215799
2787,1.204129360915483,-0.3126602160947651,-0.11897345671206087
2788,1.2041293608688057,-0.31266021654343024,-0.11897345671215799
2789,1.204129360915446,-0.312660216094761,-0.11897345671215799
2790,1.2041293608688057,-0.3126602160947691,-0.11897345671215799
2791,1.204129360915483,-0.3126602160947651,-0.11897345671215799
2792,1.204129360915483,-0.3126602160947691,-0.11897345671206087
2793,1.2041293608687318,-0.3126602160947691,-0.11897345671215799
2794,1.204129360915446,-0.312660216094761,-0.11897345671215799
2795,1.2041293608688057,-0.31266021654343024,-0.11897345671215799
2796,1.204129360915483,-0.312660216094761,-0.11897345671206087
2797,1.2041293608688057,-0.3126602160947691,-0.11897345671215799
2798,1.204129360915446,-0.3126602160947651,-0.11897345671215799
2799,0.37365945392376654,-0.3901588138821949,-0.22881380624158748
2800,0.37365945392376654,-0.3901588138821869,-0.2288138062416846
2801,0.37365945392376654,-0.3901588138821869,-0.22881380624158748
2802,0.3736594539704437,-0.39015881433085203,-0.22881380624158748
2803,0.37365945392376654,-0.3901588138821949,-0.22881380624158748
2804,0.3736594539238035,-0.39015881388219087,-0.2288138062416846
2805,0.3736594539237295,-0.3901588138821869,-0.22881380624158748
2806,0.7463662322024098,-0.012630919229748138,-0.2239320129291986
2807,0.7463662321557696,-0.01263091878108702,-0.2239320129291986
2808,0.7463662321557326,-0.012630919229748138,-0.2239320129291986
2809,0.7463662322024098,-0.012630919229748138,-0.2239320129291986
2810,0.7463662322024468,-0.012630918781082984,-0.2239320129291986
2811,0.7463662321556956,-0.012630919229752173,-0.22393201292910148
2812,0.7463662321557326,-0.012630919229748138,-0.2239320129291986
2813,0.7463662322024098,-0.012630918781082984,-0.2239320129291986
2814,0.7463662322024468,-0.012630919229752173,-0.2239320129291986
2815,0.7463662321557326,-0.012630919229748138,-0.2239320129291986
2816,0.7463662321556956,-0.012630918781082984,-0.2239320129291986
2817,0.7463662322024098,-0.012630919229752173,-0.2239320129291986
2818,0.7463662322024468,-0.012630919229740068,-0.2239320129291986
2819,0.7463662321557326,-0.012630919229752173,-0.2239320129291986
2820,0.7463662321557326,-0.012630918781091054,-0.2239320129291986
2821,0.7463662322024098,-0.012630919229740068,-0.2239320129291986
2822,0.7463662322024468,-0.012630919229748138,-0.22393201292910148
2823,0.7463662321556956,-0.01263091878108702,-0.2239320129291986
2824,0.7463662321557326,-0.012630919229748138,-0.2239320129291986
2825,0.7463662322024098,-0.012630919229748138,-0.2239320129291986
2826,0.7463662322024468,-0.01263091878108702,-0.2239320129291986
2827,0.7463662321557326,-0.012630919229748138,-0.2239320129291986
2828,0.04866915439597821,-0.576534895208191,-0.13565291719623424
2829,0.04866915439594122,-0.5765348956568602,-0.13565291719623424
2830,0.04866915444265539,-0.5765348956568441,-0.13565291719623424
2831,0.04866915439597821,-0.5765348952081951,-0.13565291719623424
2832,0.04866915439597821,-0.576534895208187,-0.13565291719623424
2833,0.04866915439594122,-0.5765348956568522,-0.13565291719623424
2834,0.04866915439597821,-0.5765348956568602,-0.13565291719633138
2835,0.04866915439594122,-0.5765348952081789,-0.13565291719623424
2836,0.04866915439594122,-0.5765348952082031,-0.13565291719623424
2837,0.04866915444265539,-0.5765348956568522,-0.13565291719623424
2838,0.04866915439601519,-0.5765348956568522,-0.13565291719623424
2839,0.04866915439594122,-0.576534895208187,-0.13565291719623424
2840,-0.5632148511392169,-1.1454900567050716,-0.05306924699451971
2841,0.06923679202686116,-0.33924955019479336,-0.11951587819126915
2842,0.06923679202678718,-0.33924954974613625,-0.11951587819126915
2843,0.069236791980073,-0.33924955019479336,-0.11951587819136628
2844,0.06923679202682416,-0.3392495497461282,-0.11951587819126915
2845,0.06923679202682416,-0.33924955019479336,-0.11951587819126915
2846,0.06923679202675019,-0.33924955019479336,-0.11951587819126915
2847,0.06923679198014698,-0.33924954974613625,-0.11951587819136628
2848,0.06923679202678718,-0.33924955019479336,-0.11951587819126915
2849,0.06923679202686116,-0.3392495497461282,-0.11951587819126915
2850,0.06923679202675019,-0.33924955019479336,-0.11951587819126915
2851,0.06923679202682416,-0.33924955019479336,-0.11951587819126915
2852,0.069236791980073,-0.33924954974613625,-0.11951587819136628
2853,0.06923679202682416,-0.33924955019479336,-0.11951587819126915
2854,0.06923679202682416,-0.33924955019478525,-0.11951587819126915
2855,0.06923679202678718,-0.33924954974613625,-0.11951587819126915
2856,0.06923679198011,-0.33924955019479336,-0.11951587819136628
2857,0.06923679202682416,-0.33924954974613625,-0.11951587819126915
2858,0.06923679202675019,-0.33924955019478525,-0.11951587819126915
2859,1.1446304991072922,-0.17883274677962585,-0.22881380624158748
2860,1.1446304991072922,-0.1788327463309526,-0.2288138062416846
2861,1.1446304991072922,-0.17883274677962585,-0.22881380624158748
2862,1.1446304991072553,-0.1788327463309607,-0.22881380624158748
2863,1.1446304991073293,-0.17883274677961777,-0.22881380624158748
2864,1.1446304991072922,-0.17883274633096877,-0.2288138062416846
2865,1.144630499060578,-0.1788327467796097,-0.22881380624158748
2866,1.1446304991072922,-0.17883274677962585,-0.22881380624158748
2867,1.1446304991072553,-0.1788327463309526,-0.2288138062416846
2868,1.1446304991072922,-0.17883274677962585,-0.22881380624158748
2869,1.1446304991072922,-0.1788327463309526,-0.22881380624158748
2870,1.1446304991072553,-0.17883274677962585,-0.22881380624158748
2871,1.1446304991072922,-0.1788327463309526,-0.2288138062416846
2872,1.1446304991072922,-0.17883274677962585,-0.22881380624158748
2873,1.2757498148335409,-1.2354662408646668,-0.20684573633574044
2874,1.2757498148335409,-1.2354662404160097,-0.20684573633574044
2875,1.275749814880218,-1.2354662408646668,-0.20684573633564332
2876,1.2757498148335409,-1.2354662408646748,-0.20684573633574044
2877,0.5089702167936913,-0.03187645272828958,-0.14937371506673855
2878,0.5089702167937282,-0.03187645227964057,-0.14937371506673855
2879,0.5089702167936913,-0.03187645272828958,-0.14937371506683567
2880,0.5089702167937282,-0.03187645272830572,-0.14937371506673855
2881,0.5089702167936913,-0.03187645227962443,-0.14937371506673855
2882,0.5089702168404424,-0.03187645272830572,-0.14937371506673855
2883,0.5089702167936913,-0.03187645272830572,-0.14937371506683567
2884,0.5089702167937282,-0.03187645227962443,-0.14937371506673855
2885,0.5089702167937282,-0.03187645272830572,-0.14937371506673855
2886,0.5089702167936913,-0.03187645272830572,-0.14937371506673855
2887,0.5089702167937282,-0.03187645227962443,-0.14937371506673855
2888,0.5089702167936913,-0.03187645272828958,-0.14937371506683567
2889,0.5089702167937282,-0.03187645272830572,-0.14937371506673855
2890,0.5089702167937098,-0.03187645272830572,-0.14937371506673855
2891,0.5089702167936728,-0.03187645227962443,-0.14937371506673855
2892,0.5089702167937468,-0.03187645272830572,-0.14937371506683567
2893,0.5089702168404054,-0.03187645272829765,-0.14937371506673855
2894,0.5089702167937098,-0.0318764522796325,-0.14937371506673855
2895,0.5089702167937098,-0.03187645272830572,-0.14937371506673855
2896,0.5089702167937098,-0.03187645272829765,-0.14937371506683567
2897,0.5089702167937098,-0.0318764522796325,-0.14937371506673855
2898,0.5089702167937468,-0.03187645272828958,-0.14937371506673855
2899,0.7986535356003904,0.202949824036499,-0.11192197748313026
2900,0.7986535356470676,0.20294982448516413,-0.11192197748303313
2901,0.7986535356471416,0.20294982448518029,-0.11192197748313026
2902,0.7986535356003904,0.202949824036499,-0.11192197748303313
2903,0.798653535600372,0.2029498240365232,-0.11192197748313026
2904,0.7986535356470862,0.20294982448516413,-0.11192197748303313
2905,0.7986535356471416,0.2029498244851722,-0.11192197748313026
2906,0.798653535600372,0.20294982403650705,-0.11192197748303313
2907,0.7986535356004275,0.20294982403651513,-0.11192197748313026
2908,0.7986535356470862,0.20294982448516413,-0.11192197748313026
2909,0.7986535356470862,0.2029498244851722,-0.11192197748303313
2910,0.798653535600409,0.20294982403650705,-0.11192197748313026
2911,0.798653535600372,0.20294982403650705,-0.11192197748303313
2912,0.7986535356471416,0.2029498244851722,-0.11192197748313026
2913,0.7986535356470862,0.20294982448516413,-0.11192197748303313
2914,0.7986535356003904,0.20294982403651513,-0.11192197748313026
2915,0.798653535600409,0.20294982403650705,-0.11192197748303313
2916,0.7986535356470862,0.20294982448516413,-0.11192197748313026
2917,1.650474024510929,0.18584255597850388,-0.1586935022995339
2918,1.650474024511003,0.18584255552983067,-0.15869350229963103
2919,1.650474024464252,0.18584255597847968,-0.1586935022995339
2920,1.650474024510929,0.18584255597850388,-0.1586935022995339
2921,1.6504740245109475,0.1858425555298226,-0.1586935022995339
2922,1.6504740245109475,0.18584255597849583,-0.15869350229963103
2923,1.650474024464252,0.18584255552983875,-0.1586935022995339
2924,1.650474024510966,0.18584255597847968,-0.1586935022995339
2925,1.650474024510929,0.18584255597848776,-0.1586935022995339
2926,1.650474024510966,0.18584255552983067,-0.15869350229963103
2927,1.6504740245109475,0.18584255597848776,-0.1586935022995339
2928,1.650474024464252,0.18584255597849583,-0.1586935022995339
2929,1.650474024510966,0.18584255552983875,-0.15869350229963103
2930,1.6504740245109475,0.18584255597848776,-0.1586935022995339
2931,1.6504740245109475,0.18584255597848776,-0.1586935022995339
2932,1.650474024464252,0.18584255552983067,-0.1586935022995339
2933,1.650474024510929,0.18584255597848776,-0.15869350229963103
2934,1.650474024510966,0.18584255552983067,-0.1586935022995339
2935,1.6504740245109475,0.18584255597849583,-0.1586935022995339
2936,1.650474024464252,0.18584255597848776,-0.1586935022995339
2937,1.6504740245109475,0.18584255552983067,-0.15869350229963103
2938,1.6504740245109475,0.18584255597849583,-0.1586935022995339
2939,1.1570046858303302,-0.03892727377403149,-0.1371863009931204
2940,1.1570046858302931,-0.038927274222696644,-0.1371863009931204
2941,1.1570046858303487,-0.03892727377401535,-0.13718630099302329
2942,1.1570046858302931,-0.038927274222696644,-0.1371863009931204
2943,1.1570046858303118,-0.03892727377403149,-0.1371863009931204
2944,1.1570046858303118,-0.03892727377402342,-0.1371863009931204
2945,1.1570046858303302,-0.038927274222688574,-0.13718630099302329
2946,1.1570046858302931,-0.03892727377403956,-0.1371863009931204
2947,1.1570046858303302,-0.03892727377401535,-0.1371863009931204
2948,1.1570046858303118,-0.038927274222688574,-0.1371863009931204
2949,1.1570046858303118,-0.03892727377403956,-0.13718630099302329
2950,1.1570046858303118,-0.038927274222680504,-0.1371863009931204
2951,1.1570046858303118,-0.03892727377403149,-0.1371863009931204
2952,1.0287171449675965,0.2946296173120157,-0.17096455548942
2953,1.028717144967615,0.29462961731199955,-0.17096455548942
2954,1.028717144967578,0.29462961731200765,-0.17096455548942
2955,1.0287171449675965,0.29462961731199955,-0.17096455548942
2956,1.028717144920901,0.2946296173120157,-0.17096455548942
2957,1.0287171449675965,0.29462961731199955,-0.17096455548942
2958,1.0287171449675965,0.29462961731200765,-0.17096455548942
2959,1.0287171449675965,0.29462961731199955,-0.17096455548942
2960,1.0287171449675965,0.29462961731200765,-0.17096455548942
2961,1.028717144967578,0.2946296173120157,-0.17096455548942
2962,1.028717144967615,0.29462961686333444,-0.17096455548942
2963,1.028717144967578,0.2946296173120157,-0.17096455548942
2964,1.0287171449676058,0.29462961731199955,-0.17096455548942
2965,1.0287171449675965,0.29462961731200765,-0.17096455548942
2966,1.0287171449675965,0.29462961731200765,-0.17096455548942
2967,1.0287171449209194,0.29462961731200765,-0.17096455548942
2968,1.028717144967578,0.29462961731200765,-0.17096455548942
2969,1.0287171449675965,0.29462961731199955,-0.17096455548942
2970,1.0287171449675874,0.2946296173120157,-0.17096455548942
2971,1.0287171449675965,0.29462961731199955,-0.17096455548942
2972,1.5758162469913906,0.36437486747631503,-0.12710977889950517
2973,1.5758162469446948,0.3643748674762989,-0.12710977889950517
2974,1.5758162469913906,0.36437486747631503,-0.12710977889950517
2975,1.5758162469913906,0.36437486747631503,-0.12710977889950517
2976,1.5758162469446948,0.36437486702764177,-0.12710977889950517
2977,1.5758162469913721,0.36437486747631503,-0.12710977889950517
2978,1.5758162469913906,0.36437486747631503,-0.12710977889950517
2979,1.5758162469447041,0.36437486747630693,-0.12710977889950517
2980,1.5758162469913812,0.36437486747631503,-0.12710977889950517
2981,1.5758162469913906,0.36437486747631503,-0.1271097788996023
2982,1.5758162469446857,0.36437486747630693,-0.12710977889950517
2983,1.5758162469913906,0.36437486747630693,-0.12710977889950517
2984,1.5758162469913812,0.36437486747631503,-0.12710977889950517
2985,1.5758162469446948,0.3643748670276499,-0.12710977889950517
2986,1.5758162469913906,0.36437486747630693,-0.12710977889950517
2987,1.5758162469913812,0.36437486747631503,-0.12710977889950517
2988,1.5758162469446948,0.36437486747630693,-0.12710977889950517
2989,1.5758162469913999,0.36437486747631503,-0.12710977889950517
2990,1.0126853684666373,0.4654491616608791,-0.07656287731047615
2991,1.0126853684199415,0.46544916121222196,-0.07656287731047615
2992,1.01268536841996,0.4654491612122139,-0.07656287731047615
2993,1.0126853684666464,0.46544916166087097,-0.07656287731047615
2994,1.0126853684666464,0.4654491616608871,-0.07656287731047615
2995,1.0126853684199508,0.4654491612122139,-0.07656287731047615
2996,1.0126853684199462,0.46544916121222196,-0.07656287731047615
2997,1.0126853684666464,0.4654491616608791,-0.07656287731047615
2998,1.0126853684666557,0.4654491616608791,-0.07656287731047615
2999,1.0126853684199368,0.4654491612122139,-0.07656287731047615
3000,1.0126853684199555,0.46544916121222196,-0.07656287731047615
3001,1.012685368466651,0.46544916166087097,-0.07656287731047615
3002,1.0126853684666464,0.4654491616608791,-0.07656287731047615
3003,1.0126853684199415,0.46544916121222196,-0.07656287731047615
3004,1.0126853684199508,0.46544916121221797,-0.07656287731047615
3005,1.012685368466651,0.4654491616608791,-0.07656287731047615
3006,0.1404882557517265,0.6345917747150791,-0.03028754486981168
3007,0.14048825570501694,0.6345917747150831,-0.03028754486981168
3008,0.1404882557517265,0.6345917747150831,-0.03028754486981168
3009,0.30342773823264,0.7911254052423371,-0.00647031083044574
3010,0.3034277382326354,0.79112540479368,-0.00647031083044574
3011,0.3034277381859351,0.7911254052423371,-0.00647031083044574
3012,0.30342773823264,0.7911254052423371,-0.00647031083044574
3013,0.30342773823264,0.791125404793672,-0.00647031083044574
3014,0.3034277382326354,0.7911254052423412,-0.006470310830348615
3015,0.30342773823264,0.791125404793676,-0.00647031083044574
3016,0.3034277382326354,0.7911254052423371,-0.00647031083044574
3017,0.3034277381859351,0.7911254052423371,-0.00647031083044574
3018,0.3034277382326447,0.791125404793676,-0.00647031083044574
3019,0.3034277382326308,0.7911254052423371,-0.00647031083044574
3020,0.07526026340673926,0.09086418993293618,-0.11457984273093032
3021,0.0752602634067254,0.09086418993292811,-0.11457984273102743
3022,0.0752602634067254,0.09086418993293215,-0.11457984273093032
3023,0.07526026340673464,0.09086418993293215,-0.11457984273093032
3024,0.07526026345343031,0.09086418993293215,-0.11457984273102743
3025,0.07526026340673464,0.09086418993293215,-0.11457984273093032
3026,0.0752602634067254,0.09086418993293215,-0.11457984273093032
3027,0.0752602634067254,0.09086419038158923,-0.11457984273093032
3028,0.07526026340673464,0.09086418993293618,-0.11457984273102743
3029,0.0752602634067254,0.09086418993293618,-0.11457984273093032
3030,0.07526026340673002,0.09086418993292407,-0.11457984273093032
3031,0.07526026340673002,0.09086418993293618,-0.11457984273102743
3032,0.07526026340673464,0.09086418993292811,-0.11457984273093032
3033,0.07526026340673002,0.09086418993293618,-0.11457984273093032
3034,0.0752602634067254,0.09086418993293215,-0.11457984273093032
3035,0.07526026345343031,0.09086418993293215,-0.11457984273102743
3036,0.07526026340673464,0.09086418993293215,-0.11457984273093032
3037,0.07526026340673002,0.09086418993292811,-0.11457984273093032
3038,0.0752602634067254,0.09086418993293618,-0.11457984273102743
3039,0.07526026340673002,0.09086418993293215,-0.11457984273093032
3040,0.07526026340673464,0.09086418993292811,-0.11457984273093032
3041,0.07526026340673002,0.09086418993293215,-0.11457984273102743
3042,0.0752602634067254,0.09086419038159327,-0.11457984273093032
3043,0.07526026340673002,0.09086418993293215,-0.11457984273093032
3044,0.07526026345343031,0.09086418993293215,-0.11457984273102743
3045,0.07526026340673464,0.09086418993293215,-0.11457984273093032
3046,0.0752602634067254,0.09086418993293618,-0.11457984273093032
3047,0.07526026340673002,0.09086418993292811,-0.11457984273093032
3048,0.07526026340673002,0.09086418993293618,-0.11457984273102743
3049,0.07526026340673464,0.09086418993292407,-0.11457984273093032
3050,0.011696658278640918,0.026764450576933295,-0.03560327536560603
3051,0.01169665823194524,0.02676445057692926,-0.0356032753655089
3052,0.011696658278650166,0.026764451025594414,-0.03560327536560603
3053,0.011696658278645541,0.02676445057692926,-0.0356032753655089
3054,0.011696658278645541,0.02676445057692926,-0.03560327536560603
3055,0.01169665823194524,0.02676445057692926,-0.03560327536560603
3056,0.011696658278645541,0.02676445102559038,-0.0356032753655089
3057,0.011696658278645541,0.02676445057692926,-0.03560327536560603
3058,0.01169665823194524,0.02676445057692926,-0.03560327536560603
3059,0.011696658278650166,0.02676445057692926,-0.0356032753655089
3060,0.011696658278650166,0.026764451025594414,-0.03560327536560603
3061,0.011696658278645541,0.026764450576925225,-0.0356032753655089
3062,0.011696658231940616,0.02676445057692926,-0.03560327536560603
3063,0.011696658278650166,0.02676445057692926,-0.03560327536560603
3064,0.011696658278650166,0.026764451025594414,-0.0356032753655089
3065,0,0,0
3066,0,0,0
3067,0,0,0
3068,0,0,0
3069,0,0,0
3070,0,0,0
3071,0,0,0
3072,0,0,0
3073,0,0,0
3074,0,0,0
3075,0,0,0
3076,0,0,0
3077,0,0,0
3078,0,0,0
3079,0,0,0
3080,0,0,0
3081,0,0,0
3082,0,0,0
3083,0,0,0
3084,0,0,0
3085,0,0,0
3086,0,0,0
3087,0,0,0
3088,0,0,0
3089,0,0,0
3090,0,0,0
3091,0,0,0
3092,0,0,0
3093,0,0,0
3094,0,0,0
3095,0,0,0
3096,0,0,0
3097,0,0,0
3098,0,0,0
3099,0,0,0
3100,0,0,0
3101,0,0,0
3102,0,0,0
3103,0,0,0
3104,0,0,0
3105,0,0,0
3106,0,0,0
3107,0,0,0
3108,0,0,0
3109,0,0,0
3110,0,0,0
3111,0,0,0
3112,0,0,0
3113,0,0,0
3114,0,0,0
3115,0,0,0
3116,0,0,0
3117,0,0,0
3118,0,0,0
3119,0,0,0
3120,0,0,0
3121,0,0,0
3122,0,0,0
3123,0,0,0
3124,0,0,0
3125,0,0,0
3126,0,0,0
3127,0,0,0
3128,0,0,0
3129,0,0,0
3130,0,0,0
3131,0,0,0
3132,0,0,0
3133,0,0,0
3134,0,0,0
3135,0,0,0
3136,0,0,0
3137,0,0,0
3138,0,0,0
3139,0,0,0
3140,0,0,0
3141,0,0,0
3142,0,0,0
3143,0,0,0
3144,0,0,0
3145,0,0,0
3146,0,0,0
3147,0,0,0
3148,0,0,0
3149,0,0,0
3150,0,0,0
3151,0,0,0
3152,0,0,0
3153,0,0,0
3154,0,0,0
3155,0,0,0
3156,0,0,0
3157,0,0,0
3158,0,0,0
3159,0,0,0
3160,0,0,0
3161,0,0,0
3162,0,0,0
3163,0,0,0
3164,0,0,0
3165,0,0,0
3166,0,0,0
3167,0,0,0
3168,0,0,0
3169,0,0,0
3170,0,0,0
3171,0,0,0
3172,0,0,0
3173,0,0,0
3174,0,0,0
3175,0,0,0
3176,0,0,0
3177,0,0,0
3178,0,0,0
3179,0,0,0
3180,0,0,0
3181,0,0,0
3182,0,0,0
3183,0,0,0
3184,0,0,0
3185,0,0,0
3186,0,0,0
3187,0,0,0
3188,0,0,0
3189,0,0,0
3190,0,0,0
3191,0,0,0
3192,0,0,0
3193,0,0,0
3194,0,0,0
3195,0,0,0
3196,0,0,0
3197,0,0,0
3198,0,0,0
3199,0,0,0
3200,0,0,0
3201,0,0,0
3202,0,0,0
3203,0,0,0
3204,0,0,0
3205,0,0,0
3206,0,0,0
3207,0,0,0
3208,0,0,0
3209,0,0,0
3210,0,0,0
3211,0,0,0
3212,0,0,0
3213,0,0,0
3214,0,0,0
3215,0,0,0
3216,0,0,0
3217,0,0,0
3218,0,0,0
3219,0,0,0
3220,0,0,0
3221,0,0,0
3222,0,0,0
3223,0,0,0
3224,0,0,0
3225,0,0,0
3226,0,0,0
3227,0,0,0
3228,0,0,0
3229,0,0,0
3230,0,0,0
3231,0,0,0
3232,0,0,0
3233,0,0,0
3234,0,0,0
3235,0,0,0
3236,0,0,0
3237,0,0,0
3238,0,0,0
3239,0,0,0
3240,0,0,0
3241,0,0,0
3242,0,0,0
3243,0,0,0
3244,0,0,0
3245,0,0,0
3246,0,0,0
3247,0,0,0
3248,0,0,0
3249,0,0,0
3250,0,0,0
3251,0,0,0
3252,0,0,0
3253,0,0,0
3254,0,0,0
3255,0,0,0
3256,0,0,0
3257,0,0,0
3258,0,0,0
3259,0,0,0
3260,0,0,0
3261,0,0,0
3262,0,0,0
3263,0,0,0
3264,0,0,0
3265,0,0,0
3266,0,0,0
3267,0,0,0
3268,0,0,0
3269,0,0,0
3270,0,0,0
3271,0,0,0
3272,0,0,0
3273,0,0,0
3274,0,0,0
3275,0,0,0
3276,0,0,0
3277,0,0,0
3278,0,0,0
3279,0,0,0
3280,0,0,0
3281,0,0,0
3282,0,0,0
3283,0,0,0
3284,0,0,0
3285,0,0,0
3286,0,0,0
3287,0,0,0
3288,0,0,0
3289,0,0,0
3290,0,0,0
3291,0,0,0
3292,0,0,0
3293,0,0,0
3294,0,0,0
3295,0,0,0
3296,0,0,0
3297,0,0,0
3298,0,0,0
3299,0,0,0
3300,0,0,0
3301,0,0,0
3302,0,0,0
3303,0,0,0
3304,0,0,0
3305,0,0,0
3306,0,0,0
3307,0,0,0
3308,0,0,0
3309,0,0,0
3310,0,0,0
3311,0,0,0
3312,0,0,0
3313,0,0,0
3314,0,0,0
3315,0,0,0
3316,0,0,0
3317,0,0,0
3318,0,0,0
3319,0,0,0
3320,0,0,0
3321,0,0,0
3322,0,0,0
3323,0,0,0
3324,0,0,0
3325,0,0,0
3326,0,0,0
3327,0,0,0
3328,0,0,0
3329,0,0,0
3330,0,0,0
3331,0,0,0
3332,0,0,0
3333,0,0,0
3334,0,0,0
3335,0,0,0
3336,0,0,0
3337,0,0,0
3338,0,0,0
3339,0,0,0
3340,0,0,0
3341,0,0,0
3342,0,0,0
3343,0,0,0
3344,0,0,0
3345,0,0,0
3346,0,0,0
3347,0,0,0
3348,0,0,0
3349,0,0,0
3350,0,0,0
3351,0,0,0
3352,0,0,0
3353,0,0,0
3354,0,0,0
3355,0,0,0
3356,0,0,0
3357,0,0,0
3358,0,0,0
3359,0,0,0
3360,0,0,0
3361,0,0,0
3362,0,0,0
3363,0,0,0
3364,0,0,0
3365,0,0,0
3366,0,0,0
3367,0,0,0
3368,0,0,0
3369,0,0,0
3370,0,0,0
3371,0,0,0
3372,0,0,0
3373,0,0,0
3374,0,0,0
3375,0,0,0
3376,0,0,0
3377,0,0,0
3378,0,0,0
3379,0,0,0
3380,0,0,0
3381,0,0,0
3382,0,0,0
3383,0,0,0
3384,0,0,0
3385,0,0,0
3386,0,0,0
3387,0,0,0
3388,0,0,0
3389,0,0,0
3390,0,0,0
3391,0,0,0
3392,0,0,0
3393,0,0,0
3394,0,0,0
3395,0,0,0
3396,0,0,0
3397,0,0,0
3398,0,0,0
3399,0,0,0
3400,0,0,0
3401,0,0,0
3402,0,0,0
3403,0,0,0
3404,0,0,0
3405,0,0,0
3406,0,0,0
3407,0,0,0
3408,0,0,0
3409,0,0,0
3410,0,0,0
3411,0,0,0
3412,0,0,0
3413,0,0,0
3414,0,0,0
3415,0,0,0
3416,0,0,0
3417,0,0,0
3418,0,0,0
3419,0,0,0
3420,0,0,0
3421,0,0,0
3422,0,0,0
3423,0,0,0
3424,0,0,0
3425,0,0,0
3426,0,0,0
3427,0,0,0
3428,0,0,0
3429,0,0,0
3430,0,0,0
3431,0,0,0
3432,0,0,0
3433,0,0,0
3434,0,0,0
3435,0,0,0
3436,0,0,0
3437,0,0,0
3438,0,0,0
3439,0,0,0
3440,0,0,0
3441,0,0,0
3442,0,0,0
3443,0,0,0
3444,0,0,0
3445,0,0,0
3446,0,0,0
3447,0,0,0
3448,0,0,0
3449,0,0,0
3450,0,0,0
3451,0,0,0
3452,0,0,0
3453,0,0,0
3454,0,0,0
3455,0,0,0
3456,0,0,0
3457,0,0,0
3458,0,0,0
3459,0,0,0
3460,0,0,0
3461,0,0,0
3462,0,0,0
3463,0,0,0
3464,0,0,0
3465,0,0,0
3466,0,0,0
3467,0,0,0
3468,0,0,0
3469,0,0,0
3470,0,0,0
3471,0,0,0
3472,0,0,0
3473,0,0,0
3474,0,0,0
3475,0,0,0
3476,0,0,0
3477,0,0,0
3478,0,0,0
3479,0,0,0
3480,0,0,0
3481,0,0,0
3482,0,0,0
3483,0,0,0
3484,0,0,0
3485,0,0,0
3486,0,0,0
3487,0,0,0
3488,0,0,0
3489,0,0,0
3490,0,0,0
3491,0,0,0
3492,0,0,0
3493,0,0,0
3494,0,0,0
3495,0,0,0
3496,0,0,0
3497,0,0,0
3498,0,0,0
3499,0,0,0
3500,0,0,0
3501,0,0,0
3502,0,0,0
3503,0,0,0
3504,0,0,0
3505,0,0,0
3506,0,0,0
3507,0,0,0
3508,0,0,0
3509,0,0,0
3510,0,0,0
3511,0,0,0
3512,0,0,0
3513,0,0,0
3514,0,0,0
3515,0,0,0
3516,0,0,0
3517,0,0,0
3518,0,0,0
3519,0,0,0
3520,0,0,0
3521,0,0,0
3522,0,0,0
3523,0,0,0
3524,0,0,0
3525,0,0,0
3526,0,0,0
3527,0,0,0
3528,0,0,0
3529,0,0,0
3530,0,0,0
3531,0,0,0
3532,0,0,0
3533,0,0,0
3534,0,0,0
3535,0,0,0
3536,0,0,0
3537,0,0,0
3538,0,0,0
3539,0,0,0
3540,0,0,0
3541,0,0,0
3542,0,0,0
3543,0,0,0
3544,0,0,0
3545,0,0,0
3546,0,0,0
3547,0,0,0
3548,0,0,0
3549,0,0,0
3550,0,0,0
3551,0,0,0
3552,0,0,0
3553,0,0,0
3554,0,0,0
3555,0,0,0
3556,0,0,0
3557,0,0,0
3558,0,0,0
3559,0,0,0
3560,0,0,0
3561,0,0,0
3562,0,0,0
3563,0,0,0
3564,0,0,0
3565,0,0,0
3566,0,0,0
3567,0,0,0
3568,0,0,0
3569,0,0,0
3570,0,0,0
3571,0,0,0
3572,0,0,0
3573,0,0,0
3574,0,0,0
3575,0,0,0
3576,0,0,0
3577,0,0,0
3578,0,0,0
3579,0,0,0
3580,0,0,0
3581,0,0,0
3582,0,0,0
3583,0,0,0
3584,0,0,0
3585,0,0,0
3586,0,0,0
3587,0,0,0
3588,0,0,0
3589,0,0,0
3590,0,0,0
3591,0,0,0
3592,0,0,0
3593,0,0,0
3594,0,0,0
3595,0,0,0
3596,0,0,0
3597,0,0,0
3598,0,0,0
3599,0,0,0
