time,dx,dy,dz
0,0.027907087758672535,0.030159745647626312,-0.03663654382253388
1,0.027907087713104947,0.03015974609566202,-0.03663654382253388
2,0.027907087758672535,0.030159745647368078,-0.03663654382253388
3,0.027907087759856106,0.03015974609617849,-0.03663654382253388
4,0.027907087759856106,0.03015974609617849,-0.03663654382253388
5,0.027907087758672535,0.030159745647368078,-0.03663654382253388
6,0.027907087759856106,0.030159746095920256,-0.03663654382253388
7,0.027907087711921377,0.030159746095920256,-0.03663654382253388
8,0.027907087759856106,0.030159745647368078,-0.03663654382253388
9,0.027907087759856106,0.030159746095920256,-0.03663654382253388
10,0.027907087758672535,0.030159745647368078,-0.03663654382253388
11,0.027907087759856106,0.030159746095920256,-0.03663654382253388
12,0.027907087759856106,0.03015974609617849,-0.03663654382253388
13,0.027907087711921377,0.030159745647368078,-0.03663654382331088
14,0.027907087760447893,0.03015974609617849,-0.03663654382253388
15,0.027907087758080748,0.03015974609566202,-0.03663654382253388
16,0.027907087760447893,0.030159745647368078,-0.03663654382253388
17,0.027907087759264322,0.030159746095920256,-0.03663654382253388
18,0.02790708771251316,0.030159745647368078,-0.03663654382253388
19,0.027907087759856106,0.03015974609617849,-0.03663654382253388
20,0.027907087759264322,0.03015974609566202,-0.03663654382253388
21,0.027907087758672535,0.030159745647368078,-0.03663654382253388
22,0.027907087759856106,0.03015974609617849,-0.03663654382253388
23,0.027907087758672535,0.030159746095920256,-0.03663654382253388
24,0.027907087713104947,0.030159745647626312,-0.03663654382253388
25,0.027907087759856106,0.030159746095920256,-0.03663654382253388
26,0.027907087758672535,0.030159745647109843,-0.03663654382253388
27,0.027907087758672535,0.03015974609617849,-0.03663654382331088
28,0.027907087759856106,0.03015974609566202,-0.03663654382253388
29,0.027907087759856106,0.030159745647626312,-0.03663654382253388
30,0.027907087711921377,0.030159746095920256,-0.03663654382253388
31,0.027907087759856106,0.03015974609617849,-0.03663654382253388
32,0.027907087758672535,0.030159745647368078,-0.03663654382253388
33,0.027907087759856106,0.03015974609566202,-0.03663654382253388
34,0.027907087759856106,0.030159745647626312,-0.03663654382253388
35,0.027907087758672535,0.030159746095920256,-0.03663654382253388
36,0.027907087713104947,0.030159746095920256,-0.03663654382253388
37,0.027907087758672535,0.030159745647368078,-0.03663654382253388
38,0.027907087759856106,0.030159746095920256,-0.03663654382253388
39,0.027907087759856106,0.03015974609617849,-0.03663654382253388
40,0.027907087758672535,0.030159745647109843,-0.03663654382253388
41,0.027907087713104947,0.03015974609617849,-0.03663654382253388
42,0.027907087758672535,0.030159745647368078,-0.03663654382331088
43,0.027907087759856106,0.030159746095920256,-0.03663654382253388
44,0.027907087760447893,0.03015974609617849,-0.03663654382253388
45,0.027907087758080748,0.030159745647109843,-0.03663654382253388
46,0.027907087759856106,0.03015974609617849,-0.03663654382253388
47,0.027907087711921377,0.03015974609566202,-0.03663654382253388
48,0.027907087760447893,0.030159745647626312,-0.03663654382253388
49,0.027907087759856106,0.030159746095920256,-0.03663654382253388
50,0.027907087758672535,0.030159745647368078,-0.03663654382253388
51,0.027907087759264322,0.03015974609617849,-0.03663654382253388
52,0.027907087759264322,0.03015974609566202,-0.03663654382253388
53,0.027907087713104947,0.030159745647626312,-0.03663654382253388
54,0.027907087758672535,0.030159746095920256,-0.03663654382253388
55,0.027907087759856106,0.030159746095920256,-0.03663654382253388
56,0.027907087759264322,0.030159745647368078,-0.03663654382253388
57,0.027907087759264322,0.030159746095920256,-0.03663654382331088
58,0.027907087713104947,0.030159745647626312,-0.03663654382253388
59,0.027907087758672535,0.03015974609566202,-0.03663654382253388
60,0.027907087759264322,0.03015974609617849,-0.03663654382253388
61,0.027907087759856106,0.030159745647368078,-0.03663654382253388
62,0.027907087758672535,0.030159746095920256,-0.03663654382253388
63,0.027907087759856106,0.03015974609617849,-0.03663654382253388
64,0.02790708771251316,0.030159745647368078,-0.03663654382253388
65,0.027907087759264322,0.030159746095920256,-0.03663654382253388
66,0.027907087759264322,0.030159745647109843,-0.03663654382253388
67,0.027907087759264322,0.030159746095920256,-0.03663654382253388
68,0.027907087759856106,0.03015974609617849,-0.03663654382253388
69,0.027907087760447893,0.030159745647368078,-0.03663654382253388
70,0.02790708771132959,0.03015974609617849,-0.03663654382253388
71,0.027907087759264322,0.03015974609566202,-0.03663654382331088
72,0.027907087759264322,0.030159745647368078,-0.03663654382253388
73,0.027907087759856106,0.03015974609617849,-0.03663654382253388
74,0.027907087760447893,0.030159745647368078,-0.03663654382253388
75,0.027907087758080748,0.030159746095920256,-0.03663654382253388
76,0.027907087713696734,0.030159746095920256,-0.03663654382253388
77,0.027907087758080748,0.030159745647109843,-0.03663654382253388
78,0.027907087760447893,0.03015974609617849,-0.03663654382253388
79,0.2522911445071407,-0.5533924759520173,-0.9126403925432578
80,0.2522911444603895,-0.5533924759525338,-0.9126403925432578
81,0.2522911445077325,-0.5533924759522756,-0.9126403925424807
82,0.25229114450891604,-0.5533924759522756,-0.9126403925432578
83,0.2522911444603895,-0.5533924759522756,-0.9126403925432578
84,0.2522911445071407,-0.5533924759522756,-0.9126403925432578
85,0.25229114450832424,-0.5533924764008278,-0.9126403925424807
86,0.2522911445071407,-0.5533924759525338,-0.9126403925432578
87,0.2522911444615731,-0.5533924759522756,-0.9126403925432578
88,0.2522911445071407,-0.5533924759522756,-0.9126403925432578
89,0.2522911445077325,-0.5533924759522756,-0.9126403925424807
90,0.25229114446098133,-0.5533924759522756,-0.9126403925432578
91,0.2522911445077325,-0.5533924759525338,-0.9126403925432578
92,0.2522911445077325,-0.4125341281163119,-0.9126403925432578
93,0.25229114446098133,-0.41253412766750147,-0.9126403925424807
94,0.2522911445065489,-0.41253412811657014,-0.9126403925432578
95,0.2522911444615731,-0.4125341276677597,-0.9126403925432578
96,0.25229114450891604,-0.4125341281163119,-0.9126403925424807
97,0.2522911445071407,-0.4125341276677597,-0.9126403925432578
98,0.2522911444603895,-0.41253412811657014,-0.9126403925432578
99,0.2522911445071407,-0.41253412766750147,-0.9126403925432578
100,0.25229114450832424,-0.4125341281163119,-0.9126403925424807
101,0.2522911444603895,-0.41253412766801795,-0.9126403925432578
102,0.25229114450832424,-0.41253412811605367,-0.9126403925432578
103,0.2522911444615731,-0.4125341276677597,-0.9126403925424807
104,0.2522911445071407,-0.4125341281163119,-0.9126403925432578
105,0.08012179892131874,-0.013733723047764351,-0.01889669380750623
106,0.0801217988739758,-0.013733723047247884,-0.01889669380750623
107,0.08012179892131874,-0.013733723047764351,-0.01889669380750623
108,0.08012179887456758,-0.013733723047506119,-0.01889669380750623
109,0.08012179892191053,-0.013733723047247884,-0.01889669380750623
110,0.08012179887456758,-0.013733723047764351,-0.01889669380750623
111,0.08012179892131874,-0.013733723047506119,-0.01889669380750623
112,0.0801217988739758,-0.013733723047247884,-0.01889669380750623
113,0.08012179892131874,-0.013733723047764351,-0.01889669380750623
114,0.08012179887456758,-0.013733722598695706,-0.01889669380750623
115,0.08012179892191053,-0.013733723047506119,-0.01889669380750623
116,0.08012179887456758,-0.013733723047764351,-0.01889669380750623
117,0.08012179892131874,-0.013733723047247884,-0.01889669380750623
118,0.0801217988739758,-0.013733723047506119,-0.01889669380750623
119,0.08012179892072696,-0.013733723047506119,-0.01889669380750623
120,0.08012179887456758,-0.013733723047506119,-0.01889669380750623
121,0.08012179892250232,-0.013733723047506119,-0.01889669380750623
122,0.08012179887456758,-0.013733723047506119,-0.01889669380750623
123,0.08012179891954338,-0.013733723047506119,-0.01889669380750623
124,0.06415326755537117,0.007183749048367348,-0.11940420318078963
125,0.06415326760034697,0.007183749496403057,-0.11940420318078963
126,0.0641532675541876,0.00718374904785088,-0.11940420318078963
127,0.06415326759975518,0.007183749048367348,-0.11940420318078963
128,0.0641532675541876,0.0071837490481091145,-0.11940420318156664
129,0.06415326755359581,0.007183749496661292,-0.11940420318078963
130,0.06415326760212232,0.0071837490481091145,-0.11940420318078963
131,0.06415326755359581,0.0071837490481091145,-0.11940420318078963
132,0.06415326759975518,0.007183749496919525,-0.11940420318078963
133,0.06415326755477939,0.00718374904785088,-0.11940420318078963
134,0.0641532675991634,0.00718374904785088,-0.11940420318078963
135,0.0641532675541876,0.007183749496919525,-0.11940420318078963
136,0.06415326755477939,0.00718374904785088,-0.11940420318156664
137,0.06415326760093876,0.007183749048367348,-0.11940420318078963
138,0.06415326755359581,0.0071837490481091145,-0.11940420318078963
139,0.06415326760034697,0.007183749496661292,-0.11940420318078963
140,0.06415326755359581,0.007183749048367348,-0.11940420318078963
141,0.01629519900776845,0.016314779720687445,0.0522961253317086
142,0.016295198960425503,0.016314779721203914,0.05229612533248559
143,0.016295199006584875,0.01631477972094568,0.0522961253317086
144,0.016295198960425503,0.016314779721203914,0.0522961253317086
145,0.016295199007176662,0.01631477972094568,0.05229612533248559
146,0.016295199006584875,0.016314779721203914,0.0522961253317086
147,0.016295198960425503,0.0163147792723935,0.0522961253317086
148,0.01629519900776845,0.016314779721203914,0.05229612533248559
149,0.016295198959833716,0.01631477972094568,0.0522961253317086
150,0.016295199006584875,0.016314779721203914,0.0522961253317086
151,0.01629519896101729,0.01631477972094568,0.05229612533248559
152,0.016295199007176662,0.016314779721203914,0.0522961253317086
153,0.016295199005993088,0.01631477972094568,0.0522961253317086
154,0.016295198961609077,0.016314779721203914,0.05229612533248559
155,0.016295199005993088,0.01631477972094568,0.0522961253317086
156,0.016295198959833716,0.016314779721203914,0.0522961253317086
157,0.016295199007176662,0.01631477972094568,0.05229612533248559
158,0.01629519896101729,0.016314779272651736,0.0522961253317086
159,0.016295199005993088,0.01631477972094568,0.0522961253317086
160,0.016295199008360236,0.016314779721203914,0.05229612533248559
161,0.01629519895924193,0.01631477972094568,0.0522961253317086
162,0.01629519900776845,0.016314779721203914,0.0522961253317086
163,0.016295198960425503,0.01631477972094568,0.05229612533248559
164,0.016295199006584875,0.016314779721203914,0.0522961253317086
165,-0.033130685245263504,0.02946965415333804,-0.01889669380750623
166,-0.033130685245263504,0.02946965415333804,-0.01889669380750623
167,-0.033130685245263504,0.02946965415333804,-0.01889669380750623
168,-0.033130685197920555,0.02946965415333804,-0.01889669380750623
169,-0.03313068524644708,0.02946965415333804,-0.01889669380750623
170,-0.033130685245263504,0.02946965415333804,-0.01889669380750623
171,-0.03313068524467171,0.02946965415333804,-0.01889669380750623
172,-0.03313068524644708,0.02946965415333804,-0.01889669380750623
173,-0.033130685245263504,0.02946965415333804,-0.01889669380750623
174,-0.033130685197920555,0.02946965415333804,-0.01889669380750623
175,-0.03313068524585529,0.02946965415333804,-0.01889669380750623
176,-0.03313068524585529,0.02946965415333804,-0.01889669380750623
177,-0.03313068524407993,0.02946965415333804,-0.01889669380750623
178,-0.03313068524644708,0.02946965415333804,-0.01889669380750623
179,-0.03313068524467171,0.02946965415333804,-0.01889669380750623
180,-0.033130685245263504,0.02946965415333804,-0.01889669380750623
181,-0.03313068519910413,0.02946965415333804,-0.01889669380750623
182,-0.033130685245263504,0.02946965415333804,-0.01889669380750623
183,-0.033130685245263504,0.02946965415333804,-0.01889669380750623
184,-0.03313068524467171,0.02946965415333804,-0.01889669380750623
185,-0.03313068524644708,0.02946965415333804,-0.01889669380750623
186,-0.033130685245263504,0.02946965415333804,-0.01889669380750623
187,-0.033130685197920555,0.02946965415333804,-0.01889669380750623
188,-0.03313068524585529,0.02946965415333804,-0.01889669380750623
189,-0.03313068524585529,0.02946965415333804,-0.01889669380750623
190,-0.033130685245263504,0.02946965415333804,-0.01889669380750623
191,-0.019840923793866667,0.01574282869779579,0.05539146529445207
192,-0.019840923841209612,0.015742828698054025,0.05539146529445207
193,-0.019840923794458454,0.015742828248727147,0.05539146529445207
194,-0.019840923840026038,0.015742828698054025,0.05539146529522906
195,-0.019840923793866667,0.01574282869779579,0.05539146529445207
196,-0.019840923840026038,0.01574282869779579,0.05539146529445207
197,-0.019840923794458454,0.01574282869779579,0.05539146529445207
198,-0.019840923840617825,0.01574282869779579,0.05539146529445207
199,-0.019840923794458454,0.015742828249243612,0.05539146529445207
200,-0.0198409238418014,0.01574282869779579,0.05539146529445207
201,-0.019840923793866667,0.01574282869779579,0.05539146529445207
202,-0.019840923840026038,0.01574282869779579,0.05539146529522906
203,-0.01984092379327488,0.01574282869779579,0.05539146529445207
204,-0.019840923841209612,0.015742828698054025,0.05539146529445207
205,-0.019840923793866667,0.015742828249243612,0.05539146529445207
206,-0.019840923841209612,0.015742828697537556,0.05539146529445207
207,-0.019840923793866667,0.015742828698054025,0.05539146529445207
208,-0.019840923841209612,0.01574282869779579,0.05539146529445207
209,-0.019840923793866667,0.01574282869779579,0.05539146529445207
210,-0.019840923841209612,0.015742828697537556,0.05539146529522906
211,-0.01984092379327488,0.015742828249501847,0.05539146529445207
212,-0.019840923840026038,0.01574282869779579,0.05539146529445207
213,-0.01984092379505024,0.01574282869779579,0.05539146529445207
214,-0.001248459559579078,0.06630330256326195,-0.09008951294672106
215,-0.001248459608105597,0.06630330256403665,-0.09008951294749805
216,-0.0012484595607626515,0.06630330301233059,-0.09008951294672106
217,-0.001248459559579078,0.06630330256352018,-0.09008951294672106
218,-0.0012484596069220234,0.06630330256377842,-0.09008951294749805
219,-0.0012484595607626515,0.06630330256352018,-0.09008951294672106
220,-0.0012484596069220234,0.06630330256377842,-0.09008951294672106
221,-0.001248459559579078,0.06630330301233059,-0.09008951294749805
222,-0.0012484595607626515,0.06630330256352018,-0.09008951294672106
223,-0.0012484596069220234,0.06630330256377842,-0.09008951294672106
224,-0.0012484595607626515,0.06630330256352018,-0.09008951294749805
225,-0.0012484596063302366,0.06630330256377842,-0.09008951294672106
226,-0.0012484595613544384,0.06630330301207236,-0.09008951294672106
227,-0.0012484595601708647,0.06630330256377842,-0.09008951294749805
228,-0.0012484596075138102,0.06630330256352018,-0.09008951294672106
229,-0.001248459559579078,0.06630330256377842,-0.09008951294672106
230,-0.0012484595613544384,0.06630330301233059,-0.09008951294749805
231,-0.0012484596063302366,0.06630330256352018,-0.09008951294672106
232,-0.001248459559579078,0.06630330256377842,-0.09008951294672106
233,-0.0012484595601708647,0.06630330256377842,-0.09008951294749805
234,-0.0012484596086973839,0.06630330256352018,-0.09008951294672106
235,-0.0012484595601708647,0.06630330301233059,-0.09008951294672106
236,-0.0012484596063302366,0.06630330256352018,-0.09008951294749805
237,-0.0012484595607626515,0.06630330256403665,-0.09008951294672106
238,0.04480364415004487,0.04920196580141011,0.08789253490170451
239,0.04480364415063665,0.04920196580192658,0.08789253490170451
240,0.044803644148861295,0.04920196580166834,0.08789253490170451
241,0.04480364415004487,0.049201966250478756,0.08789253490170451
242,0.04480364419679603,0.04920196580141011,0.08789253490170451
243,0.04480364414945308,0.04920196580192658,0.08789253490170451
244,0.04480364415063665,0.04920196580166834,0.08789253490170451
245,0.044803644148861295,0.04920196580192658,0.08789253490170451
246,0.04480364415004487,0.04920196580141011,0.08789253490170451
247,0.04480364415004487,0.04920196580192658,0.08789253490170451
248,0.04480364414945308,0.04920196580166834,0.08789253490170451
249,0.04480364419561245,0.04920196580141011,0.08789253490170451
250,0.04480364415063665,0.049201966250478756,0.08789253490170451
251,0.04480364415004487,0.04920196580192658,0.08789253490170451
252,0.04480364415004487,0.04920196580166834,0.08789253490170451
253,0.04480364414945308,0.04920196580141011,0.08789253490170451
254,0.03319387012685148,0.007183749048367348,-0.21991171255407302
255,0.03319387007891675,0.007183749496403057,-0.21991171255407302
256,0.03319387012625969,0.007183749048367348,-0.21991171255485
257,0.03319387007891675,0.0071837490481091145,-0.21991171255407302
258,0.03319387012625969,0.0071837490481091145,-0.21991171255407302
259,0.03319387012685148,0.007183749496661292,-0.21991171255407302
260,0.033193870077733174,0.00718374904785088,-0.21991171255485
261,0.03319387012625969,0.0071837490481091145,-0.21991171255407302
262,0.033193870080100316,0.007183749496919525,-0.21991171255407302
263,0.03319387012566791,0.00718374904785088,-0.21991171255407302
264,0.03319387007950853,0.007183749048367348,-0.21991171255485
265,0.03319387012566791,0.007183749496403057,-0.21991171255407302
266,0.03319387012625969,0.007183749048367348,-0.21991171255407302
267,0.03319387007891675,0.0071837490481091145,-0.21991171255407302
268,0.03319387012625969,0.00718374904785088,-0.21991171255485
269,0.033193870080100316,0.007183749496661292,-0.21991171255407302
270,0.03319387012566791,0.007183749048367348,-0.21991171255407302
271,-0.013967612043497495,2.7351559060778834e-06,0.0950118168155483
272,-0.013967612044089282,2.7356044582550463e-06,0.0950118168155483
273,-0.013967612044681069,2.7351559060778834e-06,0.0950118168155483
274,-0.013967611996746336,2.7356044582550463e-06,0.09501181681632528
275,-0.013967612044089282,2.7351559060778834e-06,0.0950118168155483
276,-0.01396761204290571,2.7356047164888844e-06,0.0950118168155483
277,-0.013967612044089282,2.735155647844045e-06,0.0950118168155483
278,-0.013967612044089282,2.7351559060778834e-06,0.0950118168155483
279,-0.013967611997338123,2.7356044582550463e-06,0.0950118168155483
280,-0.013967612044089282,2.7351561643117216e-06,0.0950118168155483
281,-0.013967612044089282,2.7356044582550463e-06,0.0950118168155483
282,-0.013967612043497495,2.7351559060778834e-06,0.09501181681632528
283,-0.01396761204290571,2.7356047164888844e-06,0.0950118168155483
284,-0.013967612045272856,2.7351559060778834e-06,0.0950118168155483
285,-0.013967612044089282,2.735155647844045e-06,0.0950118168155483
286,-0.013967611996154549,2.7356047164888844e-06,0.0950118168155483
287,-0.013967612045272856,2.735155647844045e-06,0.0950118168155483
288,-0.013967612042313922,2.7356047164888844e-06,0.0950118168155483
289,-0.013967612044089282,2.735155647844045e-06,0.09501181681632528
290,-0.013967612044681069,2.7356047164888844e-06,0.0950118168155483
291,-0.013967611996746336,2.7351561643117216e-06,0.0950118168155483
292,-0.013967612044089282,2.7356042000212077e-06,0.0950118168155483
293,-0.013967612044681069,2.7351561643117216e-06,0.0950118168155483
294,-0.013967612042313922,2.7351559060778834e-06,0.0950118168155483
295,-0.013967612044089282,2.7356044582550463e-06,0.0950118168155483
296,-0.013967612044089282,2.7351559060778834e-06,0.0950118168155483
297,-0.013967612044089282,2.7356044582550463e-06,0.09501181681632528
298,-0.013967611997338123,2.7351559060778834e-06,0.0950118168155483
299,-0.013967612044089282,2.7356044582550463e-06,0.0950118168155483
300,-0.013967612043497495,2.7351561643117216e-06,0.0950118168155483
301,0.08720081901674563,-0.014964588572980919,-0.08217919970911686
302,0.0872008190179292,-0.014964588572722684,-0.08217919970911686
303,0.08720081901674563,-0.014964588123912274,-0.08217919970989385
304,0.08720081901615384,-0.014964588572980919,-0.08217919970911686
305,0.0872008190179292,-0.014964588572980919,-0.08217919970911686
306,0.08720081901674563,-0.014964588572722684,-0.08217919970911686
307,0.08720081906408857,-0.014964588572722684,-0.08217919970911686
308,0.08720081901733741,-0.014964588572722684,-0.08217919970911686
309,0.08720081901674563,-0.014964588124428743,-0.08217919970989385
310,0.08720081901674563,-0.014964588572722684,-0.08217919970911686
311,0.08720081901733741,-0.014964588572464452,-0.08217919970911686
312,0.08720081901674563,-0.014964588572980919,-0.08217919970911686
313,0.0872008190179292,-0.014964588572722684,-0.08217919970911686
314,0.08720081901615384,-0.014964588124170508,-0.08217919970989385
315,0.0872008190179292,-0.014964588572980919,-0.08217919970911686
316,0.08720081901674563,-0.014964588572464452,-0.08217919970911686
317,0.08720081901733741,-0.014964588572722684,-0.08217919970911686
318,0.08720081901674563,-0.014964588573239153,-0.08217919970911686
319,0.08720081901733741,-0.014964588123912274,-0.08217919970989385
320,0.08720081901674563,-0.014964588572722684,-0.08217919970911686
321,0.08720081906408857,-0.014964588572722684,-0.08217919970911686
322,0.08720081901674563,-0.014964588572980919,-0.08217919970911686
323,0.0872008190179292,-0.014964588572980919,-0.08217919970911686
324,0.08720081901615384,-0.014964588572464452,-0.08217919970911686
325,0.0872008190179292,-0.014964588124170508,-0.08217919970989385
326,0.08720081901674563,-0.014964588572980919,-0.08217919970911686
327,0.08720081901733741,-0.014964588572722684,-0.08217919970911686
328,-0.03371837602624833,0.06817044630653758,0.0362203274617137
329,-0.03371837602565654,0.06817044585772718,0.0362203274617137
330,-0.03371837602624833,0.06817044630653758,0.0362203274617137
331,-0.033718376071815916,0.06817044585772718,0.0362203274617137
332,-0.03371837602624833,0.06817044630627934,0.0362203274617137
333,-0.03371837602565654,0.06817044630653758,0.0362203274617137
334,-0.03371837602624833,0.06817044585798542,0.0362203274617137
335,-0.03371837602447297,0.06817044630627934,0.036220327462490695
336,-0.03371837602506476,0.06817044630653758,0.0362203274617137
337,-0.03371837607299949,0.06817044585798542,0.0362203274617137
338,-0.03371837602565654,0.06817044630602112,0.0362203274617137
339,-0.03371837602624833,0.06817044585772718,0.0362203274617137
340,-0.03371837602506476,0.06817044630653758,0.0362203274617137
341,-0.03371837602624833,0.06817044630653758,0.0362203274617137
342,-0.03371837602447297,0.06817044585772718,0.0362203274617137
343,-0.033718376074183064,0.06817044630653758,0.0362203274617137
344,-0.03371837602447297,0.06817044585772718,0.0362203274617137
345,-0.03371837602624833,0.06817044630627934,0.0362203274617137
346,-0.03371837602506476,0.06817044630653758,0.0362203274617137
347,-0.03371837602624833,0.06817044585798542,0.0362203274617137
348,-0.03371837602565654,0.06817044630627934,0.0362203274617137
349,-0.03371837607299949,0.06817044585772718,0.0362203274617137
350,-0.03371837602506476,0.06817044630653758,0.0362203274617137
351,-0.03371837602565654,0.06817044630627934,0.036220327462490695
352,-0.03371837602624833,0.06817044585772718,0.0362203274617137
353,-0.03371837602506476,0.06817044630653758,0.0362203274617137
354,-0.03371837602565654,0.06817044630653758,0.0362203274617137
355,-0.03371837607299949,0.06817044585772718,0.0362203274617137
356,-0.03371837602506476,0.06817044630627934,0.0362203274617137
357,-0.03371837602565654,0.06817044585798542,0.0362203274617137
358,-0.03371837602624833,0.06817044630653758,0.0362203274617137
359,-0.11907007563810491,0.05817119861363866,-0.1742264810207624
360,-0.11907007559135376,0.05817119816534472,-0.1742264810207624
361,-0.1190700756386967,0.05817119861389689,-0.1742264810215394
362,-0.11907007563810491,0.05817119816508648,-0.1742264810207624
363,-0.11907007559253734,0.05817119861389689,-0.1742264810207624
364,-0.11907007563751312,0.05817119861389689,-0.1742264810207624
365,-0.11907007559135376,0.05817119816508648,-0.1742264810207624
366,-0.11907007563810491,0.05817119861415513,-0.1742264810207624
367,-0.11907007563810491,0.05817119816534472,-0.1742264810215394
368,-0.11907007559194555,0.05817119861389689,-0.1742264810207624
369,-0.11907007563810491,0.05817119861363866,-0.1742264810207624
370,-0.11907007563751312,0.05817119816534472,-0.1742264810207624
371,-0.11907007559135376,0.05817119861389689,-0.1742264810207624
372,-0.1190700756392885,0.05817119816534472,-0.1742264810215394
373,-0.11907007563810491,0.05817119861363866,-0.1742264810207624
374,-0.11907007559194555,0.05817119816534472,-0.1742264810207624
375,-0.1190700756392885,0.05817119861389689,-0.1742264810207624
376,-0.11907007559135376,0.05817119861389689,-0.1742264810207624
377,-0.11907007563751312,0.05817119816508648,-0.1742264810207624
378,-0.11907007563810491,0.05817119861389689,-0.1742264810215394
379,-0.11907007559135376,0.05817119816534472,-0.1742264810207624
380,-0.1190700756386967,0.05817119861415513,-0.1742264810207624
381,0.1252120792535932,-0.09330917403115278,0.17095082389810262
382,0.12521207925477676,-0.09330917447867201,0.17095082389732563
383,0.12521207920743382,-0.09330917403089455,0.17095082389810262
384,0.12521207925477676,-0.09330917403037807,0.17095082389732563
385,0.12521207925418498,-0.09330917447944671,0.17095082389810262
386,0.1252120792535932,-0.09330917403037807,0.17095082389732563
387,0.12521207920684205,-0.09330917403089455,0.17095082389810262
388,0.12521207925418498,-0.09330917447918849,0.17095082389732563
389,0.12521207925477676,-0.09330917403063631,0.17095082389810262
390,0.12521207925418498,-0.09330917403037807,0.17095082389810262
391,0.12521207925418498,-0.09330917447918849,0.17095082389732563
392,0.12521207920684205,-0.09330917403063631,0.17095082389810262
393,0.12521207925536856,-0.09330917403063631,0.17095082389732563
394,0.1252120792535932,-0.09330917447918849,0.17095082389810262
395,0.12521207925418498,-0.09330917403063631,0.17095082389732563
396,0.12521207920684205,-0.09330917403063631,0.17095082389810262
397,0.12521207925477676,-0.09330917447944671,0.17095082389732563
398,0.12521207925418498,-0.09330917403037807,0.17095082389810262
399,-0.05284066599081516,0.13913976568200603,-0.01889669380750623
400,-0.05284066603756632,0.13913976523319563,-0.01889669380750623
401,-0.05284066599081516,0.1391397656817478,-0.01889669380750623
402,-0.05284066603756632,0.13913976523345387,-0.01889669380750623
403,-0.05284066598963159,0.1391397656817478,-0.01889669380750623
404,-0.05284066603756632,0.1391397652329374,-0.01889669380750623
405,-0.05284066599081516,0.13913976568226427,-0.01889669380750623
406,-0.05284066603756632,0.1391397656817478,-0.01889669380750623
407,-0.05284066599081516,0.1391397652329374,-0.01889669380750623
408,-0.05284066603756632,0.13913976568200603,-0.01889669380750623
409,-0.05284066599081516,0.13913976523319563,-0.01889669380750623
410,-0.05284066603815811,0.13913976568200603,-0.01889669380750623
411,-0.05284066599081516,0.1391397656817478,-0.01889669380750623
412,-0.052840666036382745,0.13913976523319563,-0.01889669380750623
413,-0.05284066599081516,0.13913976568200603,-0.01889669380750623
414,-0.05284066603756632,0.13913976523319563,-0.01889669380750623
415,-0.05284066599081516,0.1391397656817478,-0.01889669380750623
416,-0.05284066603756632,0.13913976523345387,-0.01889669380750623
417,-0.052840665991998735,0.1391397656817478,-0.01889669380750623
418,-0.1074502498394221,0.12869499285611172,-0.0799191102126585
419,-0.10745024979385451,0.12869499330492212,-0.0799191102126585
420,-0.10745024984060567,0.12869499285636996,-0.0799191102126585
421,-0.10745024979385451,0.12869499285611172,-0.0799191102134355
422,-0.10745024984060567,0.12869499285611172,-0.0799191102126585
423,-0.10745024979326273,0.12869499285636996,-0.0799191102126585
424,-0.10745024984119746,0.12869499330518036,-0.0799191102126585
425,-0.10745024979385451,0.12869499285611172,-0.0799191102126585
426,-0.10745024984001389,0.12869499285611172,-0.0799191102126585
427,-0.1074502497944463,0.12869499330492212,-0.0799191102126585
428,-0.10745024984060567,0.12869499285636996,-0.0799191102134355
429,-0.1074502497944463,0.12869499285611172,-0.0799191102126585
430,-0.10745024984060567,0.12869499285611172,-0.0799191102126585
431,-0.10745024984060567,0.1286949928566282,-0.0799191102126585
432,-0.10745024979267094,0.1286949933046639,-0.0799191102126585
433,-0.10745024984178925,0.12869499285636996,-0.0799191102126585
434,-0.10745024979385451,0.12869499285636996,-0.0799191102126585
435,-0.1074502498394221,0.1286949933046639,-0.0799191102134355
436,-0.10745024979503809,0.12869499285611172,-0.0799191102126585
437,-0.10745024984060567,0.12869499285636996,-0.0799191102126585
438,-0.10745024979385451,0.1286949928566282,-0.0799191102126585
439,-0.10745024984060567,0.12869499285611172,-0.0799191102126585
440,-0.10745024979385451,0.1286949933046639,-0.0799191102126585
441,-0.10745024984001389,0.12869499285636996,-0.0799191102126585
442,-0.1074502497944463,0.12869499285636996,-0.0799191102134355
443,-0.10745024984001389,0.1286949933046639,-0.0799191102126585
444,-0.1074502497944463,0.12869499285611172,-0.0799191102126585
445,-0.10745024984060567,0.12869499285636996,-0.0799191102126585
446,-0.07361605114478346,0.09261305142830491,-0.01889669380750623
447,-0.07361605119212641,0.09261305187685709,-0.01889669380750623
448,-0.07361605114359988,0.09261305142804667,-0.01889669380750623
449,-0.07361605114596703,0.09261305187685709,-0.01889669380750623
450,-0.07361605114419167,0.09261305142804667,-0.01889669380750623
451,-0.07361605114478346,0.09261305142830491,-0.01889669380750623
452,-0.07361605119271819,0.09261305187685709,-0.01889669380750623
453,-0.07361605114478346,0.09261305142804667,-0.01889669380750623
454,-0.07361605114478346,0.09261305142804667,-0.01889669380750623
455,-0.07361605119094283,0.09261305187685709,-0.01889669380750623
456,-0.07361605114478346,0.09261305142830491,-0.01889669380750623
457,-0.07361605114596703,0.09261305142804667,-0.01889669380750623
458,-0.07361605114419167,0.09261305187685709,-0.01889669380750623
459,-0.07361605114478346,0.09261305142804667,-0.01889669380750623
460,-0.07361605119271819,0.09261305187685709,-0.01889669380750623
461,-0.07361605114478346,0.09261305142804667,-0.01889669380750623
462,-0.07361605114419167,0.09261305142830491,-0.01889669380750623
463,-0.07361605119153462,0.09261305187685709,-0.01889669380750623
464,-0.07361605114478346,0.09261305142830491,-0.01889669380750623
465,-0.07361605114478346,0.09261305187685709,-0.01889669380750623
466,-0.07361605114537526,0.09261305142778845,-0.01889669380750623
467,-0.07361605114537526,0.09261305142830491,-0.01889669380750623
468,-0.07361605119212641,0.09261305187685709,-0.01889669380750623
469,-0.07361605114478346,0.09261305142830491,-0.01889669380750623
470,0.14957827171294397,-0.11084900675650469,0.044385812094104395
471,0.14957827166500923,-0.11084900675650469,0.044385812094104395
472,0.14957827170939325,-0.11084900675676293,0.044385812094881384
473,0.14957827171294397,-0.11084900720479864,0.044385812094104395
474,0.14957827166382565,-0.11084900675650469,0.044385812094104395
475,0.14957827171176039,-0.11084900675676293,0.044385812094104395
476,0.14957827171176039,-0.11084900675650469,0.044385812094104395
477,0.14957827166382565,-0.11084900675624645,0.044385812094104395
478,0.14957827171176039,-0.11084900675650469,0.044385812094881384
479,0.14957827171176039,-0.11084900675650469,0.044385812094104395
480,0.14957827166500923,-0.11084900720531511,0.044385812094104395
481,0.14957827171176039,-0.11084900675624645,0.044385812094104395
482,0.1495782717105768,-0.11084900675650469,0.044385812094104395
483,0.14957827166500923,-0.11084900675650469,0.044385812094881384
484,0.14957827171176039,-0.11084900675650469,0.044385812094104395
485,0.1495782717111686,-0.11084900675624645,0.044385812094104395
486,0.14957827166500923,-0.11084900720531511,0.044385812094104395
487,0.1495782717111686,-0.11084900675650469,0.044385812094104395
488,0.14957827171176039,-0.11084900675650469,0.044385812094881384
489,0.14957827166441745,-0.11084900675676293,0.044385812094104395
490,0.14957827171176039,-0.11084900675624645,0.044385812094104395
491,0.1495782717105768,-0.11084900675650469,0.044385812094104395
492,0.1495782716661928,-0.11084900675650469,0.044385812094104395
493,0.1495782717111686,-0.11084900720531511,0.044385812094104395
494,0.1495782717111686,-0.11084900675624645,0.044385812094881384
495,0.14957827166500923,-0.11084900675650469,0.044385812094104395
496,0.1495782717105768,-0.11084900675650469,0.044385812094104395
497,0.049472521047451284,0.02539588655841391,0.0362203274617137
498,0.049472521000700126,0.02539588655841391,0.0362203274617137
499,0.04947252104804307,0.025395886558155674,0.0362203274617137
500,0.049472521046859494,0.02539588655841391,0.0362203274617137
501,0.04947252100129191,0.02539588655789744,0.0362203274617137
502,0.04947252104626771,0.025395886558672143,0.0362203274617137
503,0.04947252104863486,0.025395886558155674,0.0362203274617137
504,0.04947252099951655,0.025395887006966086,0.036220327462490695
505,0.049472521047451284,0.02539588655789744,0.0362203274617137
506,0.049472521047451284,0.02539588655841391,0.0362203274617137
507,0.049472521000700126,0.02539588655841391,0.0362203274617137
508,0.049472521047451284,0.02539588655841391,0.0362203274617137
509,0.049472521046859494,0.025395886558155674,0.0362203274617137
510,0.049472521000700126,0.025395886558155674,0.0362203274617137
511,0.049472521047451284,0.02539588655841391,0.0362203274617137
512,0.04947252104863486,0.025395886558155674,0.0362203274617137
513,0.04947252104626771,0.02539588655841391,0.0362203274617137
514,0.049472521000700126,0.025395886558155674,0.0362203274617137
515,0.049472521047451284,0.02539588655841391,0.0362203274617137
516,0.04947252104626771,0.025395886558155674,0.0362203274617137
517,0.04947252100129191,0.025395886558155674,0.0362203274617137
518,0.049472521047451284,0.02539588655841391,0.0362203274617137
519,0.049472521047451284,0.025395886558155674,0.0362203274617137
520,0.049472521000700126,0.025395887006966086,0.036220327462490695
521,0.049472521047451284,0.02539588655841391,0.0362203274617137
522,0.049472521047451284,0.025395886558155674,0.0362203274617137
523,0.049472521000700126,0.02539588655841391,0.0362203274617137
524,0.049472521046859494,0.025395886558155674,0.0362203274617137
525,0.049472521047451284,0.025395886558155674,0.0362203274617137
526,0.049472521000108335,0.02539588655841391,0.0362203274617137
527,0.04947252104804307,0.02539588655841391,0.0362203274617137
528,-0.04730056331772954,0.03965407314103572,-0.1291307363459461
529,-0.04730056331713775,0.039654073140777485,-0.1291307363459461
530,-0.04730056331772954,0.039654073141293954,-0.1291307363459461
531,-0.04730056327097838,0.039654073140777485,-0.1291307363467231
532,-0.04730056331536239,0.039654073140777485,-0.1291307363459461
533,-0.04730056331772954,0.03965407269248354,-0.1291307363459461
534,-0.04730056331713775,0.03965407314103572,-0.1291307363459461
535,-0.04730056331713775,0.03965407314103572,-0.1291307363459461
536,-0.04730056331713775,0.03965407314103572,-0.1291307363459461
537,-0.04730056326979481,0.039654073140777485,-0.1291307363459461
538,-0.04730056331772954,0.03965407314103572,-0.1291307363459461
539,-0.04730056331772954,0.03965407314103572,-0.1291307363467231
540,-0.04730056331713775,0.03965407314103572,-0.1291307363459461
541,-0.04730056331772954,0.03965407314103572,-0.1291307363459461
542,-0.04730056331654597,0.039654073140777485,-0.1291307363459461
543,-0.04730056327097838,0.03965407269248354,-0.1291307363459461
544,-0.04730056331654597,0.03965407314103572,-0.1291307363459461
545,-0.04730056331772954,0.03965407314103572,-0.1291307363459461
546,-0.04730056331713775,0.039654073140777485,-0.1291307363459461
547,-0.04730056331654597,0.039654073141293954,-0.1291307363467231
548,-0.04730056331713775,0.039654073140777485,-0.1291307363459461
549,-0.04730056327038659,0.039654073141293954,-0.1291307363459461
550,-0.04730056331772954,0.039654073140777485,-0.1291307363459461
551,-0.04730056331772954,0.039654073141293954,-0.1291307363459461
552,-0.04730056331713775,0.039654073140777485,-0.1291307363459461
553,-0.04730056331772954,0.03965407269248354,-0.1291307363459461
554,-0.04730056331654597,0.039654073140519254,-0.1291307363459461
555,-0.04730056327097838,0.039654073141293954,-0.1291307363467231
556,-0.04730056331654597,0.03965407314103572,-0.1291307363459461
557,-0.04730056331772954,0.03965407314103572,-0.1291307363459461
558,-0.04730056331713775,0.03965407314103572,-0.1291307363459461
559,-0.026248173027088845,-0.010521164390007812,0.03805756150402103
560,-0.02624817302590527,-0.010521163941197401,0.03805756150402103
561,-0.026248173028864206,-0.010521164390007812,0.03805756150402103
562,-0.026248173026497058,-0.010521164389749578,0.03805756150402103
563,-0.026248173073840003,-0.010521163941455634,0.03805756150402103
564,-0.026248173027088845,-0.010521164389749578,0.03805756150402103
565,-0.026248173026497058,-0.010521163941455634,0.03805756150402103
566,-0.026248173027088845,-0.010521164389749578,0.038057561504798026
567,-0.026248173027088845,-0.010521164390007812,0.03805756150402103
568,-0.026248173027088845,-0.010521163941197401,0.03805756150402103
569,-0.02624817302590527,-0.010521164389749578,0.03805756150402103
570,-0.02624817302827242,-0.010521164390007812,0.03805756150402103
571,-0.02624817302590527,-0.010521163941197401,0.03805756150402103
572,-0.02624817302827242,-0.010521164390007812,0.03805756150402103
573,-0.026248173027088845,-0.010521163941197401,0.03805756150402103
574,-0.026248173073248216,-0.010521164390007812,0.03805756150402103
575,-0.026248173027088845,-0.010521164390007812,0.03805756150402103
576,-0.026248173027088845,-0.010521163941197401,0.03805756150402103
577,-0.026248173027088845,-0.010521164390007812,0.03805756150402103
578,-0.02624817302590527,-0.010521164389749578,0.03805756150402103
579,-0.02624817302827242,-0.010521163941197401,0.03805756150402103
580,-0.02624817302590527,-0.010521164390007812,0.03805756150402103
581,-0.02624817302827242,-0.010521164389749578,0.038057561504798026
582,-0.026248173027088845,-0.010521163941197401,0.03805756150402103
583,-0.026248173073248216,-0.010521164390007812,0.03805756150402103
584,-0.026248173026497058,-0.010521163941197401,0.03805756150402103
585,-0.026248173027680632,-0.010521164390007812,0.03805756150402103
586,-0.026248173027088845,-0.010521164389749578,0.03805756150402103
587,-0.026248173027088845,-0.010521163941455634,0.03805756150402103
588,-0.026248173027088845,-0.010521164389749578,0.03805756150402103
589,-0.043670840828950515,0.027292295548779804,-0.13673308410735177
590,-0.04367084087510989,0.027292295549554507,-0.13673308410735177
591,-0.043670840829542305,0.027292295549296273,-0.13673308410735177
592,-0.04367084087570168,0.027292295998106685,-0.13673308410735177
593,-0.04367084083013409,0.02729229554903804,-0.13673308410735177
594,-0.043670840828950515,0.027292295549296273,-0.13673308410735177
595,-0.04367084087570168,0.02729229554903804,-0.13673308410735177
596,-0.043670840829542305,0.027292295549554507,-0.13673308410735177
597,-0.04367084087570168,0.027292295549296273,-0.13673308410735177
598,-0.043670840829542305,0.027292295549296273,-0.13673308410735177
599,-0.04367084087570168,0.02729229599784845,-0.13673308410735177
600,-0.043670840829542305,0.027292295549296273,-0.13673308410735177
601,-0.043670840828950515,0.02729229554903804,-0.13673308410735177
602,-0.043670840876293464,0.027292295549554507,-0.13673308410735177
603,-0.043670840829542305,0.027292295549296273,-0.13673308410657478
604,-0.04367084087570168,0.02729229554903804,-0.13673308410735177
605,-0.043670840828950515,0.027292295549296273,-0.13673308410735177
606,-0.04367084083013409,0.027292295549296273,-0.13673308410735177
607,-0.04367084087570168,0.027292295998106685,-0.13673308410735177
608,-0.043670840828950515,0.02729229554903804,-0.13673308410735177
609,-0.04367084087570168,0.027292295549296273,-0.13673308410735177
610,-0.04367084083013409,0.027292295549296273,-0.13673308410735177
611,-0.04367084087570168,0.027292295549296273,-0.13673308410735177
612,-0.04367084082776695,0.027292295549296273,-0.13673308410735177
613,-0.04367084083013409,0.027292295549296273,-0.13673308410735177
614,-0.04367084087688525,0.02729229599784845,-0.13673308410735177
615,-0.04367084082776695,0.027292295549296273,-0.13673308410735177
616,-0.04367084087570168,0.027292295549296273,-0.13673308410735177
617,-0.04367084083013409,0.027292295549296273,-0.13673308410735177
618,0.08615655362113302,0.052020867657952184,0.10314813900279833
619,0.08615655361935766,0.0520208672094,0.10314813900357532
620,0.08615655366610882,0.052020867657952184,0.10314813900279833
621,0.08615655362054123,0.052020867658210415,0.10314813900279833
622,0.08615655362054123,0.052020867657952184,0.10314813900279833
623,0.08615655361935766,0.0520208672094,0.10314813900357532
624,0.08615655366729238,0.052020867658210415,0.10314813900279833
625,0.08615655361935766,0.052020867657952184,0.10314813900279833
626,0.08615655362113302,0.0520208672094,0.10314813900357532
627,0.08615655361935766,0.052020867657952184,0.10314813900279833
628,0.08615655362054123,0.052020867658210415,0.10314813900279833
629,0.08615655366610882,0.052020867657952184,0.10314813900279833
630,0.08615655362054123,0.0520208672094,0.10314813900357532
631,0.08615655361935766,0.052020867658210415,0.10314813900279833
632,0.08615655362113302,0.052020867657952184,0.10314813900279833
633,0.08615655361935766,0.0520208672094,0.10314813900357532
634,0.08615655366729238,0.052020867657952184,0.10314813900279833
635,0.08615655361935766,0.052020867658210415,0.10314813900279833
636,0.08615655362054123,0.052020867657952184,0.10314813900279833
637,0.08615655361935766,0.0520208672094,0.10314813900357532
638,0.08615655362113302,0.052020867657952184,0.10314813900279833
639,0.08615655366551703,0.052020867657952184,0.10314813900279833
640,0.08615655362113302,0.05202086720965824,0.10314813900357532
641,0.08615655361935766,0.052020867657952184,0.10314813900279833
642,0.08615655362054123,0.052020867658210415,0.10314813900279833
643,0.0861565536667006,0.052020867657952184,0.10314813900279833
644,0.08615655361935766,0.0520208672094,0.10314813900357532
645,0.08615655361994944,0.052020867657952184,0.10314813900279833
646,-0.003743893787332632,0.08390361746069001,-0.13673308410735177
647,-0.0037438937417650473,0.08390361746043178,-0.13673308410735177
648,-0.003743893789107993,0.08390361746043178,-0.13673308410735177
649,-0.0037438937405814736,0.08390361746069001,-0.13673308410735177
650,-0.003743893789107993,0.08390361746069001,-0.13673308410735177
651,-0.0037438937885162058,0.08390361746017354,-0.13673308410735177
652,-0.0037438937411732602,0.08390361746094824,-0.13673308410735177
653,-0.0037438937885162058,0.08390361746043178,-0.13673308410735177
654,-0.003743893742356834,0.08390361746017354,-0.13673308410735177
655,-0.003743893787924419,0.08390361746094824,-0.13673308410735177
656,-0.0037438937417650473,0.08390361746043178,-0.13673308410735177
657,-0.003743893787332632,0.08390361746017354,-0.13673308410735177
658,-0.003743893789107993,0.08390361746094824,-0.13673308410735177
659,-0.0037438937411732602,0.08390361746043178,-0.13673308410735177
660,-0.003743893789107993,0.08390361746017354,-0.13673308410657478
661,-0.0037438937417650473,0.08390361746094824,-0.13673308410735177
662,-0.003743893787332632,0.08390361746017354,-0.13673308410735177
663,-0.003743893789107993,0.08390361746043178,-0.13673308410735177
664,-0.0037438937405814736,0.08390361746094824,-0.13673308410735177
665,-0.003743893789107993,0.08390361746017354,-0.13673308410735177
666,-0.0037438937417650473,0.08390361746069001,-0.13673308410735177
667,-0.003743893789107993,0.08390361746069001,-0.13673308410735177
668,-0.0037438937405814736,0.08390361746043178,-0.13673308410735177
669,-0.003743893789107993,0.08390361746043178,-0.13673308410735177
670,-0.003743893787924419,0.08390361746069001,-0.13673308410735177
671,-0.0037438937417650473,0.08390361746043178,-0.13673308410735177
672,-0.003743893787924419,0.08390361746043178,-0.13673308410735177
673,-0.0037438937417650473,0.08390361746069001,-0.13673308410735177
674,-0.003743893789107993,0.08390361746043178,-0.13673308410735177
675,0.04315892616407184,-0.01591466286243346,0.08789253490170451
676,0.04315892616407184,-0.015914662861916996,0.08789253490170451
677,0.043158926162888266,-0.015914662413881286,0.08789253490170451
678,0.04315892616407184,-0.01591466286217523,0.08789253490170451
679,0.043158926162888266,-0.01591466286217523,0.08789253490170451
680,0.04315892616407184,-0.015914662413881286,0.08789253490170451
681,0.04315892616348005,-0.01591466286217523,0.08789253490170451
682,0.04315892616348005,-0.01591466286217523,0.08789253490170451
683,0.043158926162888266,-0.01591466286217523,0.08789253490170451
684,0.04315892616407184,-0.01591466286243346,0.08789253490170451
685,0.043158926162888266,-0.015914662413623052,0.08789253490170451
686,0.04315892616407184,-0.01591466286243346,0.08789253490170451
687,0.04315892616348005,-0.015914662861916996,0.08789253490170451
688,0.04315892616348005,-0.015914662413623052,0.08789253490170451
689,0.04315892616348005,-0.01591466286243346,0.08789253490170451
690,0.04315892621023121,-0.01591466286243346,0.08789253490170451
691,0.04315892616348005,-0.01591466286217523,0.08789253490170451
692,0.043158926162888266,-0.01591466286217523,0.08789253490170451
693,0.04315892616407184,-0.015914662413623052,0.08789253490170451
694,0.043158926162888266,-0.01591466286217523,0.08789253490170451
695,0.04315892616407184,-0.01591466286243346,0.08789253490170451
696,0.043158926162888266,-0.015914662413364818,0.08789253490170451
697,0.04315892616407184,-0.01591466286217523,0.08789253490170451
698,0.043158926162888266,-0.01591466286243346,0.08789253490170451
699,0.04315892616407184,-0.01591466286243346,0.08789253490170451
700,0.043158926162888266,-0.01591466286217523,0.08789253490170451
701,0.04315892616407184,-0.015914662413364818,0.08789253490170451
702,0.04315892616407184,-0.01591466286243346,0.08789253490170451
703,0.043158926162888266,-0.01591466286243346,0.08789253490170451
704,0.04315892616407184,-0.015914662413623052,0.08789253490170451
705,0.043158926162888266,-0.01591466286217523,0.08789253490170451
706,0.04315892616407184,-0.015914662861916996,0.08789253490170451
707,0.018089436796929422,0.04286370832421221,0.03287990193024582
708,0.018089436796929422,0.04286370787617651,0.03287990193024582
709,0.018089436798112996,0.04286370832472868,0.03287990193024582
710,0.01808943679752121,0.04286370787591827,0.03287990193024582
711,0.01808943679752121,0.04286370832447045,0.03287990193024582
712,0.01808943679752121,0.04286370832472868,0.03287990193024582
713,0.018089436798112996,0.04286370787617651,0.03287990193024582
714,0.018089436796929422,0.04286370832472868,0.03287990193024582
715,0.018089436796929422,0.04286370787566004,0.03287990193102282
716,0.018089436798112996,0.04286370832498692,0.03287990193024582
717,0.01808943679752121,0.04286370832447045,0.03287990193024582
718,0.01808943679752121,0.04286370787617651,0.03287990193024582
719,0.018089436798112996,0.04286370832447045,0.03287990193024582
720,0.018089436798112996,0.04286370787617651,0.03287990193024582
721,0.018089436796929422,0.04286370832447045,0.03287990193024582
722,0.01808943679752121,0.04286370832472868,0.03287990193024582
723,0.018089436750178264,0.04286370787591827,0.03287990193024582
724,0.018089436798112996,0.04286370832498692,0.03287990193024582
725,0.018089436796929422,0.04286370832447045,0.03287990193024582
726,0.01808943679752121,0.04286370787617651,0.03287990193024582
727,0.018089436798704783,0.04286370832447045,0.03287990193024582
728,0.018089436798112996,0.04286370787591827,0.03287990193024582
729,0.018089436796929422,0.04286370832472868,0.03287990193024582
730,0.018089436796929422,0.04286370832472868,0.03287990193024582
731,0.018089436798112996,0.04286370787566004,0.03287990193102282
732,0.01808943679752121,0.04286370832524515,0.03287990193024582
733,0.018089436796929422,0.04286370787566004,0.03287990193024582
734,0.018089436798112996,0.04286370832472868,0.03287990193024582
735,0.018089436796929422,0.04286370832472868,0.03287990193024582
736,0.018089436798112996,0.04286370787591827,0.03287990193024582
737,0.018089436796929422,0.04286370832447045,0.03287990193024582
738,0.018089436798112996,0.04286370787617651,0.03287990193024582
739,0.01808943679752121,0.04286370832472868,0.03287990193024582
740,-0.043401972529062395,0.0715652523362189,-0.08217919970911686
741,-0.04340197248349481,0.07156525278528754,-0.08217919970911686
742,-0.043401972529654186,0.07156525233647713,-0.08217919970989385
743,-0.043401972529654186,0.07156525233673536,-0.08217919970911686
744,-0.043401972529654186,0.07156525233673536,-0.08217919970911686
745,-0.0434019724840866,0.0715652527850293,-0.08217919970911686
746,-0.04340197252847061,0.07156525233673536,-0.08217919970911686
747,-0.043401972529654186,0.07156525233647713,-0.08217919970911686
748,-0.043401972529654186,0.07156525233647713,-0.08217919970989385
749,-0.04340197248290303,0.0715652527850293,-0.08217919970911686
750,-0.043401972529654186,0.07156525233673536,-0.08217919970911686
751,-0.043401972529654186,0.07156525233673536,-0.08217919970911686
752,-0.043401972529654186,0.07156525233647713,-0.08217919970911686
753,-0.04340197248290303,0.07156525278528754,-0.08217919970989385
754,-0.04340197253083776,0.07156525233647713,-0.08217919970911686
755,-0.04340197252847061,0.07156525233647713,-0.08217919970911686
756,-0.04340197253083776,0.07156525233647713,-0.08217919970911686
757,-0.04340197248290303,0.07156525278528754,-0.08217919970911686
758,-0.04340197252847061,0.07156525233647713,-0.08217919970989385
759,-0.04340197253083776,0.07156525233673536,-0.08217919970911686
760,-0.04340197252847061,0.07156525233647713,-0.08217919970911686
761,-0.04340197248290303,0.07156525278528754,-0.08217919970911686
762,-0.04340197253083776,0.07156525233647713,-0.08217919970911686
763,-0.043401972529654186,0.07156525233647713,-0.08217919970911686
764,-0.043401972529654186,0.07156525233647713,-0.08217919970989385
765,-0.04340197248171945,0.07156525278528754,-0.08217919970911686
766,-0.043401972529654186,0.07156525233647713,-0.08217919970911686
767,-0.017476343767382448,0.016840974518820502,-0.01889669380750623
768,-0.017476343719447715,0.01684097496788915,-0.01889669380750623
769,-0.01747634376679066,0.016840974518820502,-0.01889669380750623
770,-0.017476343767382448,0.016840974518820502,-0.01889669380750623
771,-0.017476343720039502,0.016840974518820502,-0.01889669380750623
772,-0.01747634376679066,0.01684097496788915,-0.01889669380750623
773,-0.017476343719447715,0.016840974518820502,-0.01889669380750623
774,-0.01747634376679066,0.016840974518820502,-0.01889669380750623
775,-0.017476343767382448,0.016840974967630915,-0.01889669380750623
776,-0.017476343719447715,0.016840974518820502,-0.01889669380750623
777,-0.017476343766198874,0.016840974519078736,-0.01889669380750623
778,-0.01747634376679066,0.016840974967114446,-0.01889669380750623
779,-0.01747634372063129,0.016840974519078736,-0.01889669380750623
780,-0.017476343766198874,0.016840974519078736,-0.01889669380750623
781,-0.017476343720039502,0.016840974967630915,-0.01889669380750623
782,-0.01747634376560709,0.016840974518820502,-0.01889669380750623
783,-0.017476343767974235,0.016840974519078736,-0.01889669380750623
784,-0.017476343719447715,0.016840974518562268,-0.01889669380750623
785,-0.01747634376679066,0.016840974967630915,-0.01889669380750623
786,-0.017476343766198874,0.016840974519078736,-0.01889669380750623
787,-0.01747634372063129,0.016840974518820502,-0.01889669380750623
788,-0.017476343766198874,0.016840974967630915,-0.01889669380750623
789,-0.017476343767974235,0.016840974518820502,-0.01889669380750623
790,-0.017476343719447715,0.016840974519078736,-0.01889669380750623
791,-0.017476343767382448,0.016840974518820502,-0.01889669380750623
792,-0.017476343719447715,0.01684097496737268,-0.01889669380750623
793,-0.017476343766198874,0.016840974519078736,-0.01889669380750623
794,-0.01747634376679066,0.016840974518820502,-0.01889669380750623
795,-0.017476343719447715,0.01684097496788915,-0.01889669380750623
796,-0.017476343767382448,0.016840974518820502,-0.01889669380750623
797,0.0356944368453479,-0.004530636549052409,-0.01889669380750623
798,0.03569443679800496,-0.0045306369973463516,-0.01889669380750623
799,0.035694436844164325,-0.0045306369978628195,-0.01889669380750623
800,0.035694436797413166,-0.004530636548794175,-0.01889669380750623
801,0.0356944368453479,-0.004530636549052409,-0.01889669380750623
802,0.035694436797413166,-0.0045306369973463516,-0.01889669380750623
803,0.035694436844756115,-0.0045306369973463516,-0.01889669380750623
804,0.035694436844164325,-0.004530636549052409,-0.01889669380750623
805,0.035694436797413166,-0.004530636549052409,-0.01889669380750623
806,0.035694436844756115,-0.004530636997604586,-0.01889669380750623
807,0.03569443679859674,-0.004530636997604586,-0.01889669380750623
808,0.035694436844164325,-0.004530636548794175,-0.01889669380750623
809,0.03569443679800496,-0.004530636548794175,-0.01889669380750623
810,0.035694436844164325,-0.0045306369978628195,-0.01889669380750623
811,0.035694436844164325,-0.0045306369973463516,-0.01889669380750623
812,0.03569443679859674,-0.004530636548794175,-0.01889669380750623
813,0.03569443684593969,-0.004530636549052409,-0.01889669380750623
814,0.035694436797413166,-0.0045306369973463516,-0.01889669380750623
815,0.035694436844164325,-0.0045306369978628195,-0.01889669380750623
816,0.035694436844756115,-0.004530636548794175,-0.01889669380750623
817,0.035694436797413166,-0.004530636549052409,-0.01889669380750623
818,0.0356944368453479,-0.0045306369973463516,-0.01889669380750623
819,0.035694436797413166,-0.0045306369973463516,-0.01889669380750623
820,0.035694436844756115,-0.004530636549052409,-0.01889669380750623
821,0.03569443679859674,-0.004530636548794175,-0.01889669380750623
822,0.03569443684357254,-0.0045306369978628195,-0.01889669380750623
823,-0.005558754984970984,-0.014077516582099032,-0.0778148889570405
824,-0.005558755032905717,-0.014077516582099032,-0.07781488895781749
825,-0.005558754985562771,-0.014077516133546856,-0.0778148889570405
826,-0.005558754986154557,-0.014077516582099032,-0.07781488895781749
827,-0.005558755031722143,-0.014077516582099032,-0.0778148889570405
828,-0.005558754985562771,-0.014077516582357267,-0.07781488895781749
829,-0.005558754984970984,-0.014077516582099032,-0.0778148889570405
830,-0.005558754985562771,-0.014077516133030387,-0.07781488895781749
831,-0.005558755033497503,-0.0140775165826155,-0.0778148889570405
832,-0.005558754985562771,-0.014077516582099032,-0.07781488895781749
833,-0.005558754984970984,-0.014077516582099032,-0.0778148889570405
834,-0.00555875503231393,-0.014077516582099032,-0.07781488895781749
835,-0.005558754986154557,-0.014077516133546856,-0.0778148889570405
836,-0.005558754984970984,-0.014077516582099032,-0.07781488895781749
837,-0.005558755032905717,-0.014077516582099032,-0.0778148889570405
838,-0.005558754986746344,-0.014077516582099032,-0.07781488895781749
839,-0.005558754984970984,-0.014077516133546856,-0.0778148889570405
840,-0.00555875503231393,-0.014077516582099032,-0.07781488895781749
841,-0.005558754984970984,-0.014077516582099032,-0.0778148889570405
842,-0.005558754986154557,-0.014077516582099032,-0.07781488895781749
843,-0.00555875503231393,-0.014077516582357267,-0.0778148889570405
844,-0.005558754986154557,-0.014077516133288621,-0.07781488895781749
845,-0.005558754984970984,-0.014077516582099032,-0.0778148889570405
846,-0.005558754985562771,-0.014077516582357267,-0.07781488895781749
847,-0.005558755031722143,-0.014077516582357267,-0.0778148889570405
848,-0.005558754985562771,-0.014077516582099032,-0.07781488895781749
849,-0.005558754986154557,-0.014077516133546856,-0.0778148889570405
850,-0.005558755032905717,-0.014077516581840798,-0.07781488895781749
851,-0.005558754984970984,-0.014077516582099032,-0.0778148889570405
852,0.008839144107606205,0.03578399397033857,0.0950118168155483
853,0.008839144108197992,0.035783993970596804,0.0950118168155483
854,0.00883914406026326,0.03578399352204463,0.0950118168155483
855,0.008839144107606205,0.035783993970596804,0.09501181681632528
856,0.00883914410701442,0.035783993970596804,0.0950118168155483
857,0.008839144108197992,0.035783993970596804,0.0950118168155483
858,0.008839144060855047,0.03578399397033857,0.0950118168155483
859,0.008839144108197992,0.035783993970596804,0.0950118168155483
860,0.008839144107606205,0.035783993970596804,0.0950118168155483
861,0.008839144108197992,0.03578399352204463,0.0950118168155483
862,0.00883914406026326,0.03578399397033857,0.0950118168155483
863,0.008839144108197992,0.035783993970596804,0.09501181681632528
864,0.008839144107606205,0.035783993970596804,0.0950118168155483
865,0.008839144108197992,0.035783993970596804,0.0950118168155483
866,0.00883914410701442,0.0357839935217864,0.0950118168155483
867,0.008839144062038621,0.03578399397033857,0.0950118168155483
868,0.00883914410701442,0.035783993970596804,0.0950118168155483
869,0.008839144107606205,0.035783993970596804,0.0950118168155483
870,0.008839144108197992,0.035783993970596804,0.09501181681632528
871,0.00883914406026326,0.035783993970596804,0.0950118168155483
872,0.008839144107606205,0.035783993970596804,0.0950118168155483
873,0.008839144107606205,0.0357839935217864,0.0950118168155483
874,0.00883914410878978,0.035783993970596804,0.0950118168155483
875,0.008839144060855047,0.035783993970596804,0.0950118168155483
876,0.00883914410701442,0.035783993970596804,0.0950118168155483
877,0.008839144108197992,0.03578399397033857,0.0950118168155483
878,0.008839144107606205,0.03578399352204463,0.09501181681632528
879,0.008839144061446834,0.03578399397085504,0.0950118168155483
880,0.008839144107606205,0.03578399397033857,0.0950118168155483
881,0.00883914410701442,0.035783993970596804,0.0950118168155483
882,-0.01288800227183205,-0.028816558992073034,-0.0846131422437643
883,-0.01288800227183205,-0.028816558543004387,-0.0846131422437643
884,-0.01288800227183205,-0.0288165589918148,-0.08461314224454129
885,-0.012888002273607412,-0.028816558992073034,-0.0846131422437643
886,-0.012888002317991422,-0.028816558543004387,-0.0846131422437643
887,-0.012888002272423838,-0.0288165589918148,-0.0846131422437643
888,-0.012888002272423838,-0.0288165589918148,-0.08461314224454129
889,-0.01288800227183205,-0.028816558991556565,-0.0846131422437643
890,-0.012888002272423838,-0.02881655854326262,-0.0846131422437643
891,-0.012888002271240264,-0.028816558992073034,-0.0846131422437643
892,-0.012888002273607412,-0.0288165589918148,-0.08461314224454129
893,-0.012888002272423838,-0.028816558543004387,-0.0846131422437643
894,-0.01288800227183205,-0.028816558992073034,-0.0846131422437643
895,-0.01288800231858321,-0.028816558991556565,-0.0846131422437643
896,-0.012888002273015625,-0.028816558543004387,-0.0846131422437643
897,-0.012888002271240264,-0.028816558992073034,-0.08461314224454129
898,-0.012888002273015625,-0.0288165589918148,-0.0846131422437643
899,-0.01288800227183205,-0.02881655854326262,-0.0846131422437643
900,-0.012888002272423838,-0.0288165589918148,-0.0846131422437643
901,-0.01288800227183205,-0.028816558991556565,-0.08461314224454129
902,-0.012888002272423838,-0.028816558992073034,-0.0846131422437643
903,-0.012888002319174996,-0.02881655854326262,-0.0846131422437643
904,-0.012888002272423838,-0.028816558991556565,-0.0846131422437643
905,-0.01288800227183205,-0.028816558992073034,-0.08461314224454129
906,-0.012888002272423838,-0.02881655854326262,-0.0846131422437643
907,-0.012888002271240264,-0.028816558991556565,-0.0846131422437643
908,-0.003158454655183085,0.07020733010412877,-0.07401371507672616
909,-0.003158454655183085,0.07020732965531835,-0.07401371507672616
910,-0.0031584546539995114,0.07020733010387054,-0.07401371507672616
911,-0.0031584547019342436,0.07020732965531835,-0.07401371507672616
912,-0.003158454655183085,0.07020733010387054,-0.07401371507672616
913,-0.003158454655183085,0.07020732965531835,-0.07401371507672616
914,-0.003158454654591298,0.07020733010412877,-0.07401371507672616
915,-0.003158454654591298,0.0702073301036123,-0.07401371507750315
916,-0.0031584546539995114,0.07020732965531835,-0.07401371507672616
917,-0.0031584547019342436,0.07020733010412877,-0.07401371507672616
918,-0.003158454655183085,0.07020732965531835,-0.07401371507672616
919,-0.003158454654591298,0.07020733010387054,-0.07401371507672616
920,-0.003158454655183085,0.07020733010412877,-0.07401371507672616
921,-0.0031584546539995114,0.07020732965531835,-0.07401371507672616
922,-0.0031584546563666587,0.07020733010387054,-0.07401371507672616
923,-0.00315845470075067,0.07020732965531835,-0.07401371507672616
924,-0.003158454655183085,0.07020733010412877,-0.07401371507672616
925,-0.0031584546534077244,0.07020732965531835,-0.07401371507672616
926,-0.0031584546557748717,0.07020733010387054,-0.07401371507672616
927,-0.0031584546539995114,0.07020733010387054,-0.07401371507672616
928,-0.003158454655183085,0.07020732965531835,-0.07401371507672616
929,-0.0031584547019342436,0.07020733010387054,-0.07401371507672616
930,-0.003158454655183085,0.07020732965557659,-0.07401371507672616
931,-0.003158454654591298,0.0702073301036123,-0.07401371507750315
932,-0.003158454654591298,0.070207330104387,-0.07401371507672616
933,-0.0031584546539995114,0.07020732965506013,-0.07401371507672616
934,-0.003158454655183085,0.07020733010412877,-0.07401371507672616
935,-0.003158454701342457,0.07020732965531835,-0.07401371507672616
936,-0.003158454654591298,0.07020733010387054,-0.07401371507672616
937,-0.003158454654591298,0.07020732965531835,-0.07401371507672616
938,-0.003158454655183085,0.07020733010412877,-0.07401371507672616
939,-0.0007423925172441639,0.08047009065521765,0.04681975462875184
940,-0.0007423924693094315,0.08047009020692371,0.04681975462875184
941,-0.0007423925160605902,0.08047009065495943,0.04681975462952883
942,-0.0007423925160605902,0.08047009065547589,0.04681975462875184
943,-0.0007423925172441639,0.08047009065547589,0.04681975462875184
944,-0.0007423924693094315,0.08047009020666548,0.04681975462875184
945,-0.0007423925160605902,0.08047009065547589,0.04681975462952883
946,-0.0007423925160605902,0.08047009065521765,0.04681975462875184
947,-0.0007423925172441639,0.08047009065521765,0.04681975462875184
948,-0.0007423924693094315,0.08047009020692371,0.04681975462875184
949,-0.000742392516652377,0.08047009065547589,0.04681975462952883
950,-0.0007423925172441639,0.08047009065495943,0.04681975462875184
951,-0.0007423925142852298,0.08047009065547589,0.04681975462875184
952,-0.000742392471084792,0.08047009020666548,0.04681975462875184
953,-0.0007423925154688034,0.08047009065547589,0.04681975462875184
954,-0.000742392516652377,0.08047009065547589,0.04681975462952883
955,-0.0007423924693094315,0.08047009020640725,0.04681975462875184
956,-0.0007423925160605902,0.08047009065547589,0.04681975462875184
957,-0.0007423925172441639,0.08047009065547589,0.04681975462875184
958,-0.0007423925160605902,0.08047009065521765,0.04681975462952883
959,-0.0007423924693094315,0.08047009020666548,0.04681975462875184
960,-0.0007423925172441639,0.08047009065547589,0.04681975462875184
961,-0.0007423925148770166,0.08047009065521765,0.04681975462875184
962,-0.0007423925172441639,0.08047009065547589,0.04681975462952883
963,-0.0007423924704930052,0.08047009020640725,0.04681975462875184
964,-0.0007423925160605902,0.08047009065547589,0.04681975462875184
965,0.01616620149917837,0.05361271805477995,-0.11940420318078963
966,0.016166201497403013,0.053612717606227774,-0.11940420318078963
967,0.016166201499770157,0.05361271805477995,-0.11940420318078963
968,0.0161662014979948,0.053612717605969536,-0.11940420318078963
969,0.01616620149917837,0.05361271805477995,-0.11940420318156664
970,0.016166201498586583,0.05361271805452172,-0.11940420318078963
971,0.01616620149917837,0.053612717606227774,-0.11940420318078963
972,0.01616620149917837,0.05361271805503818,-0.11940420318078963
973,0.016166201497403013,0.05361271805477995,-0.11940420318078963
974,0.016166201498586583,0.053612717605969536,-0.11940420318078963
975,0.01616620149917837,0.05361271805477995,-0.11940420318078963
976,0.0161662014979948,0.053612717606227774,-0.11940420318078963
977,0.01616620149917837,0.05361271805477995,-0.11940420318156664
978,0.016166201499770157,0.05361271805477995,-0.11940420318078963
979,0.016166201497403013,0.053612717605969536,-0.11940420318078963
980,0.01616620149917837,0.05361271805477995,-0.11940420318078963
981,0.0161662014979948,0.05361271805452172,-0.11940420318078963
982,0.016166201498586583,0.053612717606227774,-0.11940420318078963
983,0.01616620149917837,0.05361271805477995,-0.11940420318078963
984,0.01616620149917837,0.053612717606227774,-0.11940420318078963
985,0.016166201498586583,0.05361271805477995,-0.11940420318078963
986,0.0161662014979948,0.05361271805477995,-0.11940420318156664
987,0.016166201498586583,0.053612717605969536,-0.11940420318078963
988,0.01616620149917837,0.05361271805503818,-0.11940420318078963
989,0.016166201498586583,0.053612717605711305,-0.11940420318078963
990,0.01616620149917837,0.05361271805503818,-0.11940420318078963
991,0.0161662014979948,0.05361271805477995,-0.11940420318078963
992,0.016166201498586583,0.053612717606227774,-0.11940420318078963
993,0.01616620149917837,0.05361271805452172,-0.11940420318078963
994,0.0161662014979948,0.05361271805477995,-0.11940420318156664
995,0.016166201498586583,0.053612717606227774,-0.11940420318078963
996,0.01616620149917837,0.05361271805452172,-0.11940420318078963
997,0.016166201498586583,0.053612717606227774,-0.11940420318078963
998,0.0161662014979948,0.05361271805477995,-0.11940420318078963
999,0.022308146465080652,-0.049968813501583595,-0.01889669380750623
1000,0.022308146510648236,-0.04996881350184183,-0.01889669380750623
1001,0.022308146465080652,-0.04996881395039401,-0.01889669380750623
1002,0.022308146463897078,-0.04996881350184183,-0.01889669380750623
1003,0.022308146510648236,-0.04996881350184183,-0.01889669380750623
1004,0.022308146464488865,-0.049968813501583595,-0.01889669380750623
1005,0.022308146463897078,-0.04996881350184183,-0.01889669380750623
1006,0.02230814651183181,-0.04996881395039401,-0.01889669380750623
1007,0.022308146462713504,-0.049968813501583595,-0.01889669380750623
1008,0.022308146465080652,-0.04996881350184183,-0.01889669380750623
1009,0.02230814651183181,-0.049968813501583595,-0.01889669380750623
1010,0.022308146463897078,-0.04996881350184183,-0.01889669380750623
1011,0.022308146463897078,-0.04996881395039401,-0.01889669380750623
1012,0.022308146511240023,-0.049968813501583595,-0.01889669380750623
1013,0.022308146463897078,-0.04996881350184183,-0.01889669380750623
1014,0.022308146465080652,-0.04996881350184183,-0.01889669380750623
1015,0.022308146462713504,-0.049968813501583595,-0.01889669380750623
1016,0.02230814651183181,-0.04996881350184183,-0.01889669380750623
1017,0.022308146465080652,-0.04996881395039401,-0.01889669380750623
1018,0.022308146464488865,-0.049968813501583595,-0.01889669380750623
1019,0.022308146510648236,-0.04996881350184183,-0.01889669380750623
1020,0.022308146463897078,-0.04996881350184183,-0.01889669380750623
1021,0.022308146463897078,-0.049968813501583595,-0.01889669380750623
1022,0.02230814651183181,-0.04996881395039401,-0.01889669380750623
1023,0.022308146463897078,-0.04996881350184183,-0.01889669380750623
1024,0.022308146463897078,-0.049968813501583595,-0.01889669380750623
1025,0.022308146510648236,-0.04996881350184183,-0.01889669380750623
1026,0.022308146465080652,-0.04996881350184183,-0.01889669380750623
1027,0.022308146464488865,-0.049968813950135776,-0.01889669380750623
1028,0.022308146510648236,-0.04996881350184183,-0.01889669380750623
1029,0.022308146463897078,-0.04996881350184183,-0.01889669380750623
1030,-0.05093028575739025,0.02946965415333804,0.04002150134202804
1031,-0.05093028580591677,0.02946965415333804,0.040021501342805035
1032,-0.05093028575857383,0.02946965415333804,0.04002150134202804
1033,-0.05093028575798204,0.02946965415333804,0.040021501342805035
1034,-0.05093028575857383,0.02946965415333804,0.04002150134202804
1035,-0.05093028580591677,0.02946965415333804,0.040021501342805035
1036,-0.05093028575857383,0.02946965415333804,0.04002150134202804
1037,-0.05093028575798204,0.02946965415333804,0.040021501342805035
1038,-0.05093028575857383,0.02946965415333804,0.04002150134202804
1039,-0.050930285805324986,0.02946965415333804,0.040021501342805035
1040,-0.05093028575798204,0.02946965415333804,0.04002150134202804
1041,-0.05093028575857383,0.02946965415333804,0.040021501342805035
1042,-0.050930285805324986,0.02946965415333804,0.04002150134202804
1043,-0.05093028575916561,0.02946965415333804,0.040021501342805035
1044,-0.05093028575857383,0.02946965415333804,0.04002150134202804
1045,-0.05093028575739025,0.02946965415333804,0.040021501342805035
1046,-0.05093028580591677,0.02946965415333804,0.04002150134202804
1047,-0.05093028575857383,0.02946965415333804,0.040021501342805035
1048,-0.05093028575798204,0.02946965415333804,0.04002150134202804
1049,-0.050930285805324986,0.02946965415333804,0.040021501342805035
1050,-0.05093028575857383,0.02946965415333804,0.04002150134202804
1051,-0.05093028575798204,0.02946965415333804,0.040021501342805035
1052,-0.05093028575916561,0.02946965415333804,0.04002150134202804
1053,-0.050930285804733195,0.02946965415333804,0.040021501342805035
1054,-0.05093028575916561,0.02946965415333804,0.04002150134202804
1055,-0.05093028575798204,0.02946965415333804,0.040021501342805035
1056,-0.0509302857597574,0.02946965415333804,0.04002150134202804
1057,-0.05093028580414141,0.02946965415333804,0.040021501342805035
1058,-0.05093028575916561,0.02946965415333804,0.04002150134202804
1059,-0.04145267711164914,0.031808298696259674,-0.13280520443056076
1060,-0.041452677112240925,0.0318082982477075,-0.13280520443056076
1061,-0.041452677159583874,0.031808298696259674,-0.13280520443056076
1062,-0.041452677112832716,0.0318082982477075,-0.13280520443133775
1063,-0.041452677112240925,0.03180829869600144,-0.13280520443056076
1064,-0.041452677112240925,0.031808298696259674,-0.13280520443056076
1065,-0.0414526771134245,0.0318082982477075,-0.13280520443056076
1066,-0.041452677112240925,0.031808298696259674,-0.13280520443056076
1067,-0.041452677159583874,0.0318082982477075,-0.13280520443056076
1068,-0.04145267711164914,0.03180829869600144,-0.13280520443056076
1069,-0.041452677112832716,0.031808298696259674,-0.13280520443133775
1070,-0.041452677112832716,0.0318082982477075,-0.13280520443056076
1071,-0.04145267711164914,0.031808298696259674,-0.13280520443056076
1072,-0.041452677159583874,0.0318082982477075,-0.13280520443056076
1073,-0.041452677112832716,0.031808298696259674,-0.13280520443056076
1074,-0.04145267711164914,0.03180829824744927,-0.13280520443056076
1075,-0.041452677112832716,0.031808298696259674,-0.13280520443133775
1076,-0.041452677112832716,0.031808298696259674,-0.13280520443056076
1077,-0.041452677159583874,0.0318082982477075,-0.13280520443056076
1078,-0.041452677112240925,0.031808298696259674,-0.13280520443056076
1079,-0.041452677112832716,0.03180829824744927,-0.13280520443056076
1080,-0.041452677112240925,0.031808298696259674,-0.13280520443056076
1081,-0.041452677112240925,0.031808298696259674,-0.13280520443056076
1082,-0.041452677112832716,0.0318082982477075,-0.13280520443133775
1083,-0.041452677159583874,0.031808298696259674,-0.13280520443056076
1084,-0.041452677112832716,0.03180829824744927,-0.13280520443056076
1085,-0.041452677112832716,0.031808298696259674,-0.13280520443056076
1086,0.03436819205605512,0.03164701275737981,0.08715605746196625
1087,0.03436819210221449,0.03164701275737981,0.08715605746274326
1088,0.03436819205546333,0.03164701230908586,0.08715605746196625
1089,0.03436819210103092,0.03164701275737981,0.08715605746274326
1090,0.03436819205546333,0.03164701275737981,0.08715605746196625
1091,0.03436819210221449,0.031647012757121576,0.08715605746274326
1092,0.03436819205605512,0.03164701275737981,0.08715605746196625
1093,0.03436819210103092,0.03164701275737981,0.08715605746274326
1094,0.03436819205546333,0.03164701230908586,0.08715605746196625
1095,0.03436819210221449,0.03164701275737981,0.08715605746274326
1096,0.03436819205546333,0.03164701275737981,0.08715605746196625
1097,0.0343681921016227,0.031647012757121576,0.08715605746274326
1098,0.03436819205546333,0.031647012757896276,0.08715605746196625
1099,0.0343681921016227,0.031647012757121576,0.08715605746274326
1100,0.03436819205427976,0.03164701230882763,0.08715605746196625
1101,0.03436819210221449,0.03164701275737981,0.08715605746274326
1102,0.03436819205546333,0.031647012757638045,0.08715605746196625
1103,0.03436819210221449,0.03164701275737981,0.08715605746274326
1104,0.03436819205605512,0.03164701275737981,0.08715605746196625
1105,0.03436819210103092,0.031647012757121576,0.08715605746274326
1106,0.03436819205546333,0.03164701230882763,0.08715605746196625
1107,0.03436819210221449,0.03164701275737981,0.08715605746274326
1108,0.034368192054871544,0.031647012757638045,0.08715605746196625
1109,0.03436819210221449,0.03164701275737981,0.08715605746274326
1110,0.03436819205546333,0.03164701275737981,0.08715605746196625
1111,0.0343681921016227,0.031647012757121576,0.08715605746274326
1112,0.03436819205546333,0.03164701230882763,0.08715605746196625
1113,0.03436819210221449,0.03164701275737981,0.08715605746274326
1114,0.03436819205427976,0.031647012757638045,0.08715605746196625
1115,0.03244333926289821,0.06773837965185335,-0.01889669380750623
1116,0.032443339261122854,0.067738380100922,-0.01889669380750623
1117,0.03244333926230643,0.06773837965211159,-0.01889669380750623
1118,0.032443339261122854,0.06773838010066377,-0.01889669380750623
1119,0.032443339261714645,0.06773837965236983,-0.01889669380750623
1120,0.03244333926230643,0.06773838010040553,-0.01889669380750623
1121,0.032443339261714645,0.06773837965211159,-0.01889669380750623
1122,0.032443339261122854,0.067738380100922,-0.01889669380750623
1123,0.03244333921555527,0.06773837965185335,-0.01889669380750623
1124,0.032443339261714645,0.067738380100922,-0.01889669380750623
1125,0.032443339261122854,0.06773837965185335,-0.01889669380750623
1126,0.03244333926230643,0.067738380100922,-0.01889669380750623
1127,0.032443339261714645,0.06773837965185335,-0.01889669380750623
1128,0.03244333926230643,0.067738380100922,-0.01889669380750623
1129,0.03244333926053107,0.06773837965211159,-0.01889669380750623
1130,0.03244333926230643,0.06773838010066377,-0.01889669380750623
1131,0.032443339261122854,0.06773837965211159,-0.01889669380750623
1132,0.032443339261714645,0.06773838010066377,-0.01889669380750623
1133,0.03244333926289821,0.06773837965211159,-0.01889669380750623
1134,0.032443339261122854,0.06773838010066377,-0.01889669380750623
1135,0.03244333926230643,0.06773837965211159,-0.01889669380750623
1136,0.032443339261714645,0.067738380100922,-0.01889669380750623
1137,0.032443339261122854,0.06773837965211159,-0.01889669380750623
1138,0.03244333926230643,0.06773838010040553,-0.01889669380750623
1139,0.03244333921496348,0.06773837965236983,-0.01889669380750623
1140,0.032443339261122854,0.06773838010066377,-0.01889669380750623
1141,0.03244333926230643,0.06773837965211159,-0.01889669380750623
1142,0.032443339261714645,0.067738380100922,-0.01889669380750623
1143,0.03244333926230643,0.06773837965185335,-0.01889669380750623
1144,0.032443339261122854,0.06773838010066377,-0.01889669380750623
1145,0.032443339261714645,0.06773837965185335,-0.01889669380750623
1146,0.03244333926230643,0.06773838010118023,-0.01889669380750623
1147,0.032443339261714645,0.06773837965185335,-0.01889669380750623
1148,0.04954043198004136,0.07493290047865614,-0.01889669380750623
1149,0.04954043198063315,0.07493290002932926,-0.01889669380750623
1150,0.049540431933290205,0.0749329004783979,-0.01889669380750623
1151,0.04954043198063315,0.07493290002984573,-0.01889669380750623
1152,0.04954043198004136,0.07493290047813968,-0.01889669380750623
1153,0.04954043198063315,0.07493290047865614,-0.01889669380750623
1154,0.049540431933290205,0.0749329000295875,-0.01889669380750623
1155,0.04954043197944957,0.0749329004783979,-0.01889669380750623
1156,0.04954043198122494,0.0749329000295875,-0.01889669380750623
1157,0.04954043198004136,0.0749329004783979,-0.01889669380750623
1158,0.04954043193388199,0.07493290047813968,-0.01889669380750623
1159,0.04954043197944957,0.07493290002984573,-0.01889669380750623
1160,0.04954043198004136,0.0749329004783979,-0.01889669380750623
1161,0.04954043198122494,0.0749329000295875,-0.01889669380750623
1162,0.049540431932698414,0.0749329004783979,-0.01889669380750623
1163,0.04954043198063315,0.07493290047865614,-0.01889669380750623
1164,0.04954043198004136,0.07493290002932926,-0.01889669380750623
1165,0.04954043198122494,0.07493290047813968,-0.01889669380750623
1166,0.04954043193388199,0.07493290003010396,-0.01889669380750623
1167,0.04954043198004136,0.07493290047813968,-0.01889669380750623
1168,0.04954043197944957,0.0749329004783979,-0.01889669380750623
1169,0.04954043198122494,0.07493290002984573,-0.01889669380750623
1170,0.049540431933290205,0.0749329004783979,-0.01889669380750623
1171,0.04954043198063315,0.0749329000295875,-0.01889669380750623
1172,0.04954043197944957,0.0749329004783979,-0.01889669380750623
1173,-0.0061826135660246855,-0.023807587521610645,-0.01889669380750623
1174,-0.006182613518089953,-0.02380758752186888,-0.01889669380750623
1175,-0.006182613567800046,-0.023807587072800236,-0.01889669380750623
1176,-0.006182613518089953,-0.023807587521610645,-0.01889669380750623
1177,-0.0061826135660246855,-0.02380758752186888,-0.01889669380750623
1178,-0.006182613565432898,-0.023807587521610645,-0.01889669380750623
1179,-0.006182613519865313,-0.023807587072800236,-0.01889669380750623
1180,-0.0061826135660246855,-0.023807587521610645,-0.01889669380750623
1181,-0.0061826135660246855,-0.023807587521610645,-0.01889669380750623
1182,-0.006182613519865313,-0.023807587521610645,-0.01889669380750623
1183,-0.0061826135660246855,-0.023807587521610645,-0.01889669380750623
1184,-0.006182613564841111,-0.023807587073058467,-0.01889669380750623
1185,-0.006182613519865313,-0.023807587521610645,-0.01889669380750623
1186,-0.006182613565432898,-0.023807587521610645,-0.01889669380750623
1187,-0.0061826135204571,-0.023807587521610645,-0.01889669380750623
1188,-0.006182613565432898,-0.023807587072800236,-0.01889669380750623
1189,-0.0061826135660246855,-0.02380758752186888,-0.01889669380750623
1190,-0.006182613519273527,-0.02380758752135241,-0.01889669380750623
1191,-0.006182613565432898,-0.023807587521610645,-0.01889669380750623
1192,-0.006182613519865313,-0.02380758752186888,-0.01889669380750623
1193,-0.0061826135660246855,-0.023807587072800236,-0.01889669380750623
1194,-0.0061826135660246855,-0.02380758752186888,-0.01889669380750623
1195,-0.00618261351868174,-0.023807587521610645,-0.01889669380750623
1196,-0.006182613567208259,-0.023807587521610645,-0.01889669380750623
1197,-0.006182613565432898,-0.02380758752135241,-0.01889669380750623
1198,-0.006182613518089953,-0.0238075870733167,-0.01889669380750623
1199,-0.006182613567800046,-0.02380758752135241,-0.01889669380750623
1200,-0.0061826135660246855,-0.023807587521610645,-0.01889669380750623
1201,-0.006182613518089953,-0.023807587521610645,-0.01889669380750623
1202,-0.0061826135660246855,-0.023807587073058467,-0.01889669380750623
1203,-0.00618261351868174,-0.023807587521610645,-0.01889669380750623
1204,-0.0061826135666164725,-0.023807587521610645,-0.01889669380750623
1205,0.024628436813898938,-0.006311604212800514,-0.01889669380750623
1206,0.024628436812715364,-0.006311604661094457,-0.01889669380750623
1207,0.024628436813898938,-0.00631160421254228,-0.01889669380750623
1208,0.02462843676714778,-0.006311604661610925,-0.01889669380750623
1209,0.024628436813898938,-0.00631160421254228,-0.01889669380750623
1210,0.024628436813898938,-0.006311604212800514,-0.01889669380750623
1211,0.024628436813898938,-0.006311604661094457,-0.01889669380750623
1212,0.02462843681330715,-0.006311604212800514,-0.01889669380750623
1213,0.02462843676714778,-0.0063116046613526915,-0.01889669380750623
1214,0.024628436813898938,-0.006311604212800514,-0.01889669380750623
1215,0.024628436813898938,-0.00631160421254228,-0.01889669380750623
1216,0.024628436813898938,-0.0063116046613526915,-0.01889669380750623
1217,0.024628436812715364,-0.00631160421254228,-0.01889669380750623
1218,0.024628436813898938,-0.0063116046613526915,-0.01889669380750623
1219,0.024628436812715364,-0.00631160421254228,-0.01889669380750623
1220,0.024628436768331353,-0.00631160421254228,-0.01889669380750623
1221,0.024628436812715364,-0.006311604661610925,-0.01889669380750623
1222,0.024628436813898938,-0.00631160421254228,-0.01889669380750623
1223,0.024628436813898938,-0.0063116046613526915,-0.01889669380750623
1224,0.02462843681330715,-0.00631160421254228,-0.01889669380750623
1225,0.02462843676714778,-0.006311604212800514,-0.01889669380750623
1226,0.024628436813898938,-0.0063116046613526915,-0.01889669380750623
1227,0.024628436813898938,-0.006311604212800514,-0.01889669380750623
1228,0.024628436813898938,-0.006311604661094457,-0.01889669380750623
1229,0.024628436812715364,-0.006311604212800514,-0.01889669380750623
1230,0.024628436813898938,-0.00631160421254228,-0.01889669380750623
1231,0.02462843681330715,-0.0063116046613526915,-0.01889669380750623
1232,0.024628436767739566,-0.00631160421254228,-0.01889669380750623
1233,0.024628436813898938,-0.0063116046613526915,-0.01889669380750623
1234,0.02462843681330715,-0.006311604212800514,-0.01889669380750623
1235,0.01736034968048489,0.11967450772350066,0.02992123931677099
1236,0.01736034968048489,0.1196745077237589,0.02992123931677099
1237,0.017360349679893104,0.1196745072749485,0.02992123931677099
1238,0.01736034972723605,0.11967450772324244,0.02992123931677099
1239,0.01736034968048489,0.1196745077237589,0.02992123931677099
1240,0.017360349679301317,0.11967450772350066,0.029921239315993997
1241,0.01736034968048489,0.11967450772350066,0.02992123931677099
1242,0.01736034968048489,0.11967450727520672,0.02992123931677099
1243,0.017360349679893104,0.11967450772324244,0.02992123931677099
1244,0.01736034968048489,0.1196745077237589,0.02992123931677099
1245,0.017360349726644263,0.11967450772324244,0.02992123931677099
1246,0.01736034968048489,0.1196745077237589,0.02992123931677099
1247,0.01736034968048489,0.11967450727469026,0.02992123931677099
1248,0.01736034968048489,0.1196745077237589,0.02992123931677099
1249,0.017360349679893104,0.11967450772350066,0.02992123931677099
1250,0.01736034968048489,0.11967450772350066,0.02992123931677099
1251,0.01736034968048489,0.11967450772350066,0.02992123931677099
1252,0.01736034972723605,0.1196745072749485,0.029921239315993997
1253,0.017360349678709534,0.1196745077237589,0.02992123931677099
1254,0.01736034968107668,0.11967450772350066,0.02992123931677099
1255,0.017360349679893104,0.11967450772324244,0.02992123931677099
1256,0.01736034968048489,0.1196745077237589,0.02992123931677099
1257,0.017360349679893104,0.1196745072749485,0.02992123931677099
1258,0.01736034968048489,0.11967450772350066,0.02992123931677099
1259,0.01736034972723605,0.1196745077237589,0.02992123931677099
1260,0.01736034968048489,0.11967450772324244,0.02992123931677099
1261,0.017360349678709534,0.1196745077237589,0.02992123931677099
1262,0.017360349681668465,0.1196745072749485,0.02992123931677099
1263,0.017360349679301317,0.11967450772350066,0.02992123931677099
1264,0.01736034968048489,0.11967450772350066,0.029921239315993997
1265,0.01736034968048489,0.11967450772350066,0.02992123931677099
1266,0.017360349726644263,0.11967450772350066,0.02992123931677099
1267,0.01736034968107668,0.1196745072749485,0.02992123931677099
1268,0.017360349679893104,0.11967450772350066,0.02992123931677099
1269,0.01736034968048489,0.11967450772350066,0.02992123931677099
1270,-0.023909018546076976,-0.15528324948256542,-0.08217919970911686
1271,-0.023909018591052773,-0.15528324948256542,-0.08217919970911686
1272,-0.02390901854548519,-0.15528324948282365,-0.08217919970989385
1273,-0.02390901854548519,-0.15528324948256542,-0.08217919970911686
1274,-0.023909018544301615,-0.15528324948230718,-0.08217919970911686
1275,-0.023909018592236347,-0.15528324948256542,-0.08217919970911686
1276,-0.023909018544893402,-0.15528324948282365,-0.08217919970911686
1277,-0.02390901854548519,-0.15528324948256542,-0.08217919970911686
1278,-0.02390901854548519,-0.15528324948256542,-0.08217919970989385
1279,-0.023909018591052773,-0.15528324948282365,-0.08217919970911686
1280,-0.02390901854548519,-0.15528324948230718,-0.08217919970911686
1281,-0.023909018544893402,-0.15528324948256542,-0.08217919970911686
1282,-0.02390901854548519,-0.15528324948282365,-0.08217919970911686
1283,-0.023909018592236347,-0.15528324903401325,-0.08217919970989385
1284,-0.023909018544301615,-0.15528324948256542,-0.08217919970911686
1285,-0.023909018546076976,-0.15528324948256542,-0.08217919970911686
1286,-0.023909018544301615,-0.15528324948256542,-0.08217919970911686
1287,-0.023909018592828134,-0.15528324948256542,-0.08217919970911686
1288,-0.023909018544893402,-0.15528324948282365,-0.08217919970989385
1289,-0.023909018544301615,-0.15528324948256542,-0.08217919970911686
1290,-0.023909018546076976,-0.15528324948230718,-0.08217919970911686
1291,-0.023909018591052773,-0.15528324948282365,-0.08217919970911686
1292,-0.02390901854548519,-0.15528324948256542,-0.08217919970911686
1293,-0.02390901854548519,-0.15528324948256542,-0.08217919970911686
1294,-0.023909018544301615,-0.15528324948256542,-0.08217919970989385
1295,-0.023909018592828134,-0.15528324948282365,-0.08217919970911686
1296,-0.02390901854548519,-0.15528324948256542,-0.08217919970911686
1297,-0.053492442783786155,0.03875544768533431,0.03135706087913547
1298,-0.05349244282994553,0.03875544813414472,0.03135706087913547
1299,-0.05349244278496973,0.038755447685592546,0.03135706087913547
1300,-0.0534924428311291,0.03875544813414472,0.03135706087913547
1301,-0.053492442783786155,0.038755447685592546,0.03135706087913547
1302,-0.053492442783786155,0.03875544813414472,0.03135706087913547
1303,-0.0534924428311291,0.03875544768533431,0.03135706087913547
1304,-0.053492442783786155,0.03875544813414472,0.03135706087913547
1305,-0.0534924428311291,0.03875544768585078,0.03135706087991246
1306,-0.053492442783786155,0.03875544813362825,0.03135706087913547
1307,-0.05349244283172089,0.038755447685592546,0.03135706087913547
1308,-0.053492442783194365,0.03875544813414472,0.03135706087913547
1309,-0.053492442783786155,0.038755447685592546,0.03135706087913547
1310,-0.053492442830537314,0.03875544813414472,0.03135706087913547
1311,-0.05349244278437794,0.038755447685592546,0.03135706087913547
1312,-0.05349244283172089,0.03875544813388649,0.03135706087913547
1313,-0.053492442783786155,0.03875544768585078,0.03135706087913547
1314,-0.05349244278437794,0.03875544768507608,0.03135706087913547
1315,-0.053492442830537314,0.03875544813414472,0.03135706087913547
1316,-0.053492442783786155,0.03875544768585078,0.03135706087913547
1317,-0.0534924428311291,0.03875544813388649,0.03135706087913547
1318,-0.05349244278437794,0.038755447685592546,0.03135706087913547
1319,-0.053492442783786155,0.03875544813414472,0.03135706087913547
1320,-0.053492442830537314,0.03875544768533431,0.03135706087913547
1321,-0.05349244278437794,0.03875544813414472,0.03135706087913547
1322,-0.05349244282994553,0.03875544768533431,0.03135706087991246
1323,-0.05349244278437794,0.03875544813414472,0.03135706087913547
1324,-0.0534924428311291,0.03875544768585078,0.03135706087913547
1325,-0.05349244278496973,0.03875544813414472,0.03135706087913547
1326,-0.053492442783786155,0.03875544768533431,0.03135706087913547
1327,-0.05349244282994553,0.03875544813414472,0.03135706087913547
1328,-0.05349244278496973,0.03875544768533431,0.03135706087913547
1329,-0.0534924428311291,0.03875544813414472,0.03135706087913547
1330,-0.053492442783786155,0.03875544768585078,0.03135706087913547
1331,0.10638188571334495,-0.005890648195286371,-0.01889669380750623
1332,0.10638188571216138,-0.005890648643580315,-0.01889669380750623
1333,0.10638188571156959,-0.00589064819451167,-0.01889669380750623
1334,0.10638188571275316,-0.0058906486438385485,-0.01889669380750623
1335,0.1063818857600961,-0.005890648195028138,-0.01889669380750623
1336,0.10638188571216138,-0.005890648643580315,-0.01889669380750623
1337,0.10638188571156959,-0.005890648194769903,-0.01889669380750623
1338,0.10638188571275316,-0.005890648643580315,-0.01889669380750623
1339,0.10638188571334495,-0.005890648195028138,-0.01889669380750623
1340,0.10638188571216138,-0.0058906486438385485,-0.01889669380750623
1341,0.10638188571156959,-0.005890648194769903,-0.01889669380750623
1342,0.10638188571216138,-0.005890648643580315,-0.01889669380750623
1343,0.1063818857600961,-0.005890648195028138,-0.01889669380750623
1344,0.10638188571156959,-0.005890648643322081,-0.01889669380750623
1345,0.10638188571275316,-0.005890648195028138,-0.01889669380750623
1346,0.10638188571334495,-0.0058906486438385485,-0.01889669380750623
1347,0.10638188571216138,-0.005890648194769903,-0.01889669380750623
1348,0.10638188571156959,-0.005890648643580315,-0.01889669380750623
1349,0.10638188571275316,-0.005890648195028138,-0.01889669380750623
1350,0.10638188571216138,-0.005890648643322081,-0.01889669380750623
1351,0.1063818857600961,-0.005890648195286371,-0.01889669380750623
1352,0.10638188571156959,-0.005890648643580315,-0.01889669380750623
1353,0.10638188571216138,-0.005890648195028138,-0.01889669380750623
1354,0.10638188571334495,-0.005890648643322081,-0.01889669380750623
1355,0.10638188571275316,-0.005890648195028138,-0.01889669380750623
1356,-0.017695639470794822,0.1439170621624126,0.03449792054709914
1357,-0.017695639469611252,0.14391706171411864,0.03449792054709914
1358,-0.017695639517545984,0.14391706216267083,0.03449792054709914
1359,-0.017695639470794822,0.14391706216292907,0.03449792054709914
1360,-0.017695639469611252,0.1439170617136022,0.03449792054709914
1361,-0.017695639470794822,0.14391706216267083,0.03449792054709914
1362,-0.01769563951636241,0.14391706216267083,0.03449792054709914
1363,-0.017695639470794822,0.1439170617136022,0.03449792054709914
1364,-0.017695639469019465,0.14391706216292907,0.03449792054709914
1365,-0.017695639470794822,0.14391706216267083,0.03449792054709914
1366,-0.017695639469611252,0.14391706171386043,0.03449792054709914
1367,-0.017695639517545984,0.14391706216267083,0.03449792054709914
1368,-0.017695639469611252,0.1439170621624126,0.03449792054709914
1369,-0.017695639470794822,0.14391706171411864,0.03449792054709914
1370,-0.017695639470794822,0.1439170621624126,0.03449792054709914
1371,-0.017695639469611252,0.14391706216267083,0.03449792054709914
1372,-0.017695639516954197,0.14391706171411864,0.03449792054709914
1373,-0.017695639469611252,0.1439170621624126,0.03449792054709914
1374,-0.017695639469611252,0.14391706171411864,0.03449792054709914
1375,-0.017695639470794822,0.1439170621624126,0.03449792054709914
1376,-0.01769563951636241,0.1439170621624126,0.03449792054709914
1377,-0.01769563947020304,0.14391706171411864,0.03449792054709914
1378,-0.01769563947020304,0.14391706216267083,0.03449792054709914
1379,-0.017695639470794822,0.14391706216292907,0.03449792054709914
1380,-0.01769563947020304,0.1439170617136022,0.03449792054709914
1381,-0.017695639516954197,0.14391706216267083,0.03449792054709914
1382,-0.01769563947020304,0.14391706216267083,0.03449792054709914
1383,-0.017695639470794822,0.14391706171386043,0.03449792054709914
1384,-0.017695639468427678,0.14391706216267083,0.03449792054709914
1385,-0.017695639518729555,0.14391706216267083,0.03449792054709914
1386,-0.017695639469019465,0.14391706171411864,0.03449792054709914
1387,-0.01769563947020304,0.1439170621624126,0.03449792054709914
1388,-0.04251592916240661,-0.11786493993671743,-0.01889669380750623
1389,-0.042515929162998393,-0.11786493993645919,-0.01889669380750623
1390,-0.04251592916240661,-0.11786493948790701,-0.01889669380750623
1391,-0.04251592916240661,-0.11786493993645919,-0.01889669380750623
1392,-0.042515929116247235,-0.11786493993645919,-0.01889669380750623
1393,-0.04251592916240661,-0.11786493993671743,-0.01889669380750623
1394,-0.04251592916240661,-0.11786493993671743,-0.01889669380750623
1395,-0.04251592916240661,-0.11786493993671743,-0.01889669380750623
1396,-0.04251592916181482,-0.11786493948739055,-0.01889669380750623
1397,-0.04251592916240661,-0.11786493993697567,-0.01889669380750623
1398,-0.04251592916240661,-0.11786493993645919,-0.01889669380750623
1399,-0.042515929162998393,-0.11786493993645919,-0.01889669380750623
1400,-0.04251592911565545,-0.11786493993671743,-0.01889669380750623
1401,-0.042515929162998393,-0.11786493948790701,-0.01889669380750623
1402,-0.04251592916240661,-0.11786493993645919,-0.01889669380750623
1403,-0.04251592916240661,-0.11786493993671743,-0.01889669380750623
1404,-0.04251592916240661,-0.11786493993671743,-0.01889669380750623
1405,-0.04251592916181482,-0.11786493993645919,-0.01889669380750623
1406,-0.04251592916240661,-0.11786493993620095,-0.01889669380750623
1407,-0.04251592916240661,-0.11786493948816525,-0.01889669380750623
1408,-0.042515929116247235,-0.11786493993671743,-0.01889669380750623
1409,-0.04251592916240661,-0.11786493993645919,-0.01889669380750623
1410,-0.04251592916240661,-0.11786493993645919,-0.01889669380750623
1411,-0.042515929163590184,-0.11786493993671743,-0.01889669380750623
1412,-0.04251592916240661,-0.11786493948764878,-0.01889669380750623
1413,-0.04251592916240661,-0.11786493993697567,-0.01889669380750623
1414,-0.04251592916240661,-0.11786493993620095,-0.01889669380750623
1415,-0.04251592916240661,-0.11786493993671743,-0.01889669380750623
1416,-0.04251592911506366,-0.11786493993645919,-0.01889669380750623
1417,-0.04251592916240661,-0.11786493993645919,-0.01889669380750623
1418,-0.04251592916240661,-0.11786493948816525,-0.01889669380750623
1419,-0.04251592916240661,-0.11786493993645919,-0.01889669380750623
1420,-0.04251592916181482,-0.11786493993671743,-0.01889669380750623
1421,0.03084846120895402,0.11557428708646243,0.07430117852044747
1422,0.030848461210137592,0.11557428708646243,0.07430117852044747
1423,0.03084846121072938,0.1155742870862042,0.07430117852044747
1424,0.030848461210137592,0.11557428663765201,0.07430117852044747
1425,0.030848461210137592,0.1155742870862042,0.07430117852044747
1426,0.030848461210137592,0.11557428708672066,0.07430117852122446
1427,0.030848461209545805,0.11557428708594596,0.07430117852044747
1428,0.030848461210137592,0.11557428708646243,0.07430117852044747
1429,0.030848461164570008,0.1155742870862042,0.07430117852044747
1430,0.03084846120895402,0.11557428663765201,0.07430117852044747
1431,0.03084846121072938,0.11557428708646243,0.07430117852044747
1432,0.030848461210137592,0.11557428708646243,0.07430117852044747
1433,0.030848461210137592,0.1155742870862042,0.07430117852044747
1434,0.030848461210137592,0.11557428708646243,0.07430117852044747
1435,0.030848461209545805,0.11557428708594596,0.07430117852044747
1436,0.030848461210137592,0.11557428708646243,0.07430117852044747
1437,0.030848461210137592,0.11557428663791025,0.07430117852122446
1438,0.030848461211321166,0.1155742870862042,0.07430117852044747
1439,0.030848461210137592,0.1155742870862042,0.07430117852044747
1440,0.030848461210137592,0.11557428708646243,0.07430117852044747
1441,0.030848461209545805,0.1155742870862042,0.07430117852044747
1442,0.030848461210137592,0.11557428708672066,0.07430117852044747
1443,0.030848461210137592,0.11557428708594596,0.07430117852044747
1444,0.030848461210137592,0.11557428663791025,0.07430117852044747
1445,0.03084846116397822,0.1155742870862042,0.07430117852044747
1446,0.030848461210137592,0.1155742870862042,0.07430117852044747
1447,0.030848461210137592,0.1155742870862042,0.07430117852044747
1448,0.030848461210137592,0.11557428708672066,0.07430117852122446
1449,0.030848461210137592,0.1155742870862042,0.07430117852044747
1450,0.030848461210137592,0.11557428663765201,0.07430117852044747
1451,0.03084846121072938,0.1155742870862042,0.07430117852044747
1452,0.030848461210137592,0.11557428708646243,0.07430117852044747
1453,0.030848461210137592,0.11557428708646243,0.07430117852044747
1454,0.04236702489026198,0.2890591768811957,-0.06952269852895013
1455,0.04236702493642135,0.28905917688145394,-0.06952269852895013
1456,0.04236702489026198,0.2890591768811957,-0.06952269852895013
1457,0.04236702493642135,0.28905917688145394,-0.06952269852895013
1458,0.04236702489026198,0.28905917733000613,-0.06952269852895013
1459,0.04236702493642135,0.2890591768811957,-0.06952269852895013
1460,0.04236702489085376,0.28905917688145394,-0.06952269852817314
1461,0.04236702493582956,0.28905917688145394,-0.06952269852895013
1462,0.04236702489085376,0.2890591768817122,-0.06952269852895013
1463,0.042367024889078404,0.2890591768811957,-0.06952269852895013
1464,0.04236702493701314,0.2890591768811957,-0.06952269852895013
1465,0.04236702489085376,0.28905917688145394,-0.06952269852895013
1466,0.04236702493642135,0.2890591768811957,-0.06952269852895013
1467,0.04236702489026198,0.28905917733026437,-0.06952269852895013
1468,0.04236702493760492,0.2890591768811957,-0.06952269852895013
1469,0.042367024889078404,0.28905917688145394,-0.06952269852895013
1470,0.04236702493642135,0.2890591768811957,-0.06952269852895013
1471,0.04236702489085376,0.28905917688145394,-0.06952269852895013
1472,0.042367024889078404,0.28905917688145394,-0.06952269852895013
1473,0.04236702493760492,0.2890591768811957,-0.06952269852895013
1474,0.04236702489026198,0.28905917688145394,-0.06952269852817314
1475,0.04236702493642135,0.28905917688145394,-0.06952269852895013
1476,0.04236702489026198,0.28905917733000613,-0.06952269852895013
1477,0.04236702493642135,0.2890591768811957,-0.06952269852895013
1478,0.04236702489026198,0.28905917688145394,-0.06952269852895013
1479,0.04236702493642135,0.2890591768811957,-0.06952269852895013
1480,0.04236702489026198,0.2890591768817122,-0.06952269852895013
1481,0.08582484578095932,-0.03367374312162883,-0.01889669380750623
1482,0.08582484582889405,-0.033673743570181006,-0.01889669380750623
1483,0.0858248457815511,-0.03367374312162883,-0.01889669380750623
1484,0.08582484582830226,-0.03367374312111236,-0.01889669380750623
1485,0.08582484578095932,-0.033673743570181006,-0.01889669380750623
1486,0.0858248457815511,-0.03367374312162883,-0.01889669380750623
1487,0.08582484582889405,-0.03367374312162883,-0.01889669380750623
1488,0.08582484578036753,-0.033673743570181006,-0.01889669380750623
1489,0.08582484582771048,-0.03367374312111236,-0.01889669380750623
1490,0.08582484578214289,-0.033673743570181006,-0.01889669380750623
1491,0.08582484582830226,-0.03367374312162883,-0.01889669380750623
1492,0.08582484578095932,-0.03367374312162883,-0.01889669380750623
1493,0.08582484578214289,-0.033673743570181006,-0.01889669380750623
1494,0.08582484582830226,-0.03367374312111236,-0.01889669380750623
1495,0.08582484578214289,-0.03367374312162883,-0.01889669380750623
1496,0.08582484582771048,-0.033673743570181006,-0.01889669380750623
1497,0.0858248457815511,-0.03367374312162883,-0.01889669380750623
1498,0.08582484578036753,-0.03367374312137059,-0.01889669380750623
1499,0.08582484582889405,-0.033673743570181006,-0.01889669380750623
1500,0.08582484578095932,-0.03367374312137059,-0.01889669380750623
1501,0.08582484582830226,-0.03367374312162883,-0.01889669380750623
1502,0.0858248457815511,-0.033673743569922775,-0.01889669380750623
1503,0.08582484578095932,-0.03367374312162883,-0.01889669380750623
1504,0.08582484582889405,-0.03367374312137059,-0.01889669380750623
1505,0.0858248457815511,-0.033673743570181006,-0.01889669380750623
1506,0.08582484582771048,-0.03367374312137059,-0.01889669380750623
1507,0.0858248457815511,-0.033673743570181006,-0.01889669380750623
1508,0.08582484582771048,-0.03367374312162883,-0.01889669380750623
1509,0.08582484578214289,-0.03367374312137059,-0.01889669380750623
1510,0.08582484578036753,-0.033673743570181006,-0.01889669380750623
1511,0.08582484582889405,-0.03367374312137059,-0.01889669380750623
1512,0.0858248457815511,-0.03367374312162883,-0.01889669380750623
1513,0.08582484582771048,-0.033673743570181006,-0.01889669380750623
1514,0.0858248457815511,-0.03367374312162883,-0.01889669380750623
1515,-0.04379183159384459,-0.09471236075602776,-0.01889669380750623
1516,-0.04379183159443637,-0.09471236075654423,-0.01889669380750623
1517,-0.04379183159443637,-0.094712360756286,-0.01889669380750623
1518,-0.04379183159443637,-0.094712360756286,-0.01889669380750623
1519,-0.04379183159443637,-0.09471236120509641,-0.01889669380750623
1520,-0.04379183159443637,-0.094712360756286,-0.01889669380750623
1521,-0.04379183159384459,-0.09471236075602776,-0.01889669380750623
1522,-0.04379183164118753,-0.09471236075654423,-0.01889669380750623
1523,-0.04379183159443637,-0.09471236075654423,-0.01889669380750623
1524,-0.043791831595619946,-0.09471236075602776,-0.01889669380750623
1525,-0.0437918315932528,-0.09471236075654423,-0.01889669380750623
1526,-0.04379183159443637,-0.094712360756286,-0.01889669380750623
1527,-0.04379183159502816,-0.094712360756286,-0.01889669380750623
1528,-0.04379183159443637,-0.094712360756286,-0.01889669380750623
1529,-0.0437918315932528,-0.094712360756286,-0.01889669380750623
1530,-0.043791831595619946,-0.09471236120509641,-0.01889669380750623
1531,-0.0437918315932528,-0.094712360756286,-0.01889669380750623
1532,-0.043791831595619946,-0.09471236075654423,-0.01889669380750623
1533,-0.04379183159384459,-0.09471236075602776,-0.01889669380750623
1534,-0.04379183159443637,-0.09471236075654423,-0.01889669380750623
1535,-0.04379183159443637,-0.094712360756286,-0.01889669380750623
1536,-0.04379183159443637,-0.094712360756286,-0.01889669380750623
1537,-0.04379183164118753,-0.094712360756286,-0.01889669380750623
1538,-0.04379183159443637,-0.094712360756286,-0.01889669380750623
1539,-0.04379183159384459,-0.09471236120509641,-0.01889669380750623
1540,-0.04379183159443637,-0.09471236075654423,-0.01889669380750623
1541,-0.04379183159443637,-0.094712360756286,-0.01889669380750623
1542,-0.043791831595619946,-0.094712360756286,-0.01889669380750623
1543,-0.0437918315932528,-0.094712360756286,-0.01889669380750623
1544,-0.04379183159443637,-0.094712360756286,-0.01889669380750623
1545,-0.03135178280195906,0.060084634731674455,-0.01889669380750623
1546,-0.03135178280077549,0.06008463473193269,-0.01889669380750623
1547,-0.03135178280195906,0.060084634731674455,-0.01889669380750623
1548,-0.03135178280077549,0.060084634731674455,-0.01889669380750623
1549,-0.031351782755207905,0.06008463473193269,-0.01889669380750623
1550,-0.03135178280195906,0.06008463473193269,-0.01889669380750623
1551,-0.03135178280077549,0.060084634731674455,-0.01889669380750623
1552,-0.03135178280195906,0.060084634731674455,-0.01889669380750623
1553,-0.03135178280077549,0.06008463473193269,-0.01889669380750623
1554,-0.03135178280195906,0.06008463473193269,-0.01889669380750623
1555,-0.03135178280077549,0.060084634731416224,-0.01889669380750623
1556,-0.03135178280195906,0.06008463473193269,-0.01889669380750623
1557,-0.03135178275402433,0.06008463473193269,-0.01889669380750623
1558,-0.03135178280077549,0.060084634731674455,-0.01889669380750623
1559,-0.03135178280255085,0.06008463473193269,-0.01889669380750623
1560,-0.03135178280195906,0.060084634731416224,-0.01889669380750623
1561,-0.03135178280077549,0.060084634732190924,-0.01889669380750623
1562,-0.03135178280195906,0.060084634731674455,-0.01889669380750623
1563,-0.03135178280077549,0.060084634731674455,-0.01889669380750623
1564,-0.03135178280195906,0.06008463473193269,-0.01889669380750623
1565,-0.03135178275402433,0.06008463473193269,-0.01889669380750623
1566,-0.03135178280077549,0.060084634731674455,-0.01889669380750623
1567,-0.03135178280195906,0.060084634731674455,-0.01889669380750623
1568,-0.03135178280077549,0.06008463473193269,-0.01889669380750623
1569,-0.03135178280195906,0.060084634731674455,-0.01889669380750623
1570,-0.03135178280077549,0.06008463473193269,-0.01889669380750623
1571,-0.03135178280195906,0.060084634731674455,-0.01889669380750623
1572,-0.03135178280255085,0.06008463473193269,-0.01889669380750623
1573,-0.031351782754616114,0.06008463473193269,-0.01889669380750623
1574,-0.03135178280077549,0.060084634731416224,-0.01889669380750623
1575,-0.03135178280136727,0.06008463473193269,-0.01889669380750623
1576,-0.03135178280195906,0.06008463473193269,-0.01889669380750623
1577,-0.03135178280077549,0.060084634731674455,-0.01889669380750623
1578,0.022358081011986147,0.07032714677162816,0.021306309941807128
1579,0.022358080965234988,0.07032714632307598,0.021306309941807128
1580,0.02235808101316972,0.07032714677136992,0.021306309941807128
1581,0.022358080965234988,0.07032714632281775,0.021306309941807128
1582,0.022358081011986147,0.07032714677162816,0.021306309941807128
1583,0.022358080965826775,0.07032714677162816,0.021306309941807128
1584,0.02235808101139436,0.07032714632281775,0.021306309941807128
1585,0.02235808096701035,0.07032714677136992,0.021306309941807128
1586,0.02235808101139436,0.0703271467718864,0.021306309941807128
1587,0.022358081012577934,0.07032714632281775,0.021306309941807128
1588,0.0223580809646432,0.07032714677136992,0.021306309941807128
1589,0.02235808101316972,0.07032714632307598,0.021306309941807128
1590,0.022358080965234988,0.07032714677136992,0.021306309941807128
1591,0.022358081012577934,0.07032714677162816,0.021306309941807128
1592,0.022358080965234988,0.07032714632281775,0.021306309941807128
1593,0.022358081011986147,0.07032714677136992,0.021306309941807128
1594,0.022358080966418562,0.07032714632333421,0.021306309941807128
1595,0.022358081011986147,0.07032714677136992,0.02130630994258412
1596,0.022358081011986147,0.07032714677136992,0.021306309941807128
1597,0.022358080965826775,0.07032714632307598,0.021306309941807128
1598,0.022358081011986147,0.07032714677136992,0.021306309941807128
1599,0.022358080966418562,0.07032714677162816,0.021306309941807128
1600,0.02235808101139436,0.07032714632281775,0.021306309941807128
1601,0.022358080965826775,0.0703271467718864,0.021306309941807128
1602,0.022358081012577934,0.07032714632281775,0.021306309941807128
1603,0.022358081011986147,0.07032714677136992,0.021306309941807128
1604,0.022358080965234988,0.07032714677162816,0.021306309941807128
1605,0.02235808101316972,0.07032714632281775,0.021306309941807128
1606,0.022358080965234988,0.07032714677162816,0.021306309941807128
1607,0.022358081012577934,0.07032714677136992,0.021306309941807128
1608,0.022358080965234988,0.07032714632307598,0.021306309941807128
1609,0.02235808101139436,0.07032714677162816,0.021306309941807128
1610,0.02235808096701035,0.07032714632281775,0.021306309941807128
1611,0.02235808101139436,0.07032714677162816,0.021306309941807128
1612,-0.09213435739746205,-0.005610011298656964,-0.01889669380750623
1613,-0.09213435744421321,-0.005610010849846553,-0.01889669380750623
1614,-0.09213435739864562,-0.00561001129839873,-0.01889669380750623
1615,-0.09213435744302963,-0.005610010849846553,-0.01889669380750623
1616,-0.09213435739746205,-0.0056100112981404965,-0.01889669380750623
1617,-0.09213435744421321,-0.005610010849846553,-0.01889669380750623
1618,-0.09213435739746205,-0.005610011298656964,-0.01889669380750623
1619,-0.09213435744421321,-0.005610010849588319,-0.01889669380750623
1620,-0.09213435739746205,-0.00561001129839873,-0.01889669380750623
1621,-0.09213435744421321,-0.005610010849846553,-0.01889669380750623
1622,-0.09213435739746205,-0.005610011298656964,-0.01889669380750623
1623,-0.09213435744421321,-0.005610010849588319,-0.01889669380750623
1624,-0.09213435739746205,-0.00561001129839873,-0.01889669380750623
1625,-0.09213435744421321,-0.005610010849846553,-0.01889669380750623
1626,-0.09213435739864562,-0.00561001129839873,-0.01889669380750623
1627,-0.09213435744421321,-0.005610010849846553,-0.01889669380750623
1628,-0.09213435739627847,-0.005610011298656964,-0.01889669380750623
1629,-0.09213435744421321,-0.005610010849846553,-0.01889669380750623
1630,-0.09213435739864562,-0.0056100112981404965,-0.01889669380750623
1631,-0.09213435744362142,-0.005610010849846553,-0.01889669380750623
1632,-0.09213435739746205,-0.005610011298656964,-0.01889669380750623
1633,-0.09213435744421321,-0.005610010849588319,-0.01889669380750623
1634,-0.09213435739746205,-0.00561001129839873,-0.01889669380750623
1635,-0.09213435744421321,-0.005610010849846553,-0.01889669380750623
1636,-0.09213435739746205,-0.00561001129839873,-0.01889669380750623
1637,-0.09213435744421321,-0.005610010849846553,-0.01889669380750623
1638,-0.09213435739746205,-0.0056100112981404965,-0.01889669380750623
1639,0.08653248915167047,0.007820489385951212,0.02992123931677099
1640,0.08653248919842163,0.007820489386209445,0.02992123931677099
1641,0.08653248915167047,0.007820489385951212,0.02992123931677099
1642,0.08653248919842163,0.007820488937657268,0.02992123931677099
1643,0.0865324891510787,0.007820489386209445,0.02992123931677099
1644,0.08653248915285405,0.007820489386209445,0.029921239315993997
1645,0.08653248919842163,0.007820489386467679,0.02992123931677099
1646,0.08653248915167047,0.007820489386209445,0.02992123931677099
1647,0.08653248919842163,0.007820489386209445,0.02992123931677099
1648,0.08653248915167047,0.007820489386209445,0.02992123931677099
1649,0.08653248915167047,0.007820488937657268,0.02992123931677099
1650,0.08653248919960521,0.007820489385951212,0.02992123931677099
1651,0.0865324891510787,0.007820489386467679,0.02992123931677099
1652,0.08653248919842163,0.007820489386209445,0.02992123931677099
1653,0.08653248915167047,0.007820489386209445,0.02992123931677099
1654,0.08653248915167047,0.007820489386209445,0.02992123931677099
1655,0.08653248919842163,0.007820489386209445,0.02992123931677099
1656,0.08653248915285405,0.007820488937399034,0.029921239315993997
1657,0.08653248919723806,0.007820489385951212,0.02992123931677099
1658,0.08653248915226226,0.007820489386725913,0.02992123931677099
1659,0.08653248915167047,0.007820489386209445,0.02992123931677099
1660,0.08653248919723806,0.007820489386209445,0.02992123931677099
1661,0.08653248915285405,0.007820489385951212,0.02992123931677099
1662,0.08653248919842163,0.007820489386467679,0.02992123931677099
1663,0.08653248915167047,0.007820488937399034,0.02992123931677099
1664,0.08653248915226226,0.007820489386467679,0.02992123931677099
1665,0.08653248919842163,0.007820489386209445,0.02992123931677099
1666,0.0865324891504869,0.007820489385951212,0.02992123931677099
1667,0.08653248919960521,0.007820489386209445,0.02992123931677099
1668,0.08653248915167047,0.007820489386467679,0.029921239315993997
1669,0.08653248915167047,0.007820489386209445,0.02992123931677099
1670,0.08653248919842163,0.007820488937657268,0.02992123931677099
1671,0.08653248915226226,0.007820489385951212,0.02992123931677099
1672,0.08653248919723806,0.007820489386209445,0.02992123931677099
1673,0.08653248915344583,0.007820489386209445,0.02992123931677099
1674,0.09555494214613931,0.10524173106282245,-0.01889669380750623
1675,0.09555494214554754,0.10524173106230597,-0.01889669380750623
1676,0.0955549421467311,0.10524173106282245,-0.01889669380750623
1677,0.0955549421473229,0.10524173106256421,-0.01889669380750623
1678,0.0955549421467311,0.10524173106230597,-0.01889669380750623
1679,0.0955549421467311,0.10524173106282245,-0.01889669380750623
1680,0.0955549421467311,0.10524173106256421,-0.01889669380750623
1681,0.0955549421467311,0.10524173106256421,-0.01889669380750623
1682,0.09555494214554754,0.10524173106230597,-0.01889669380750623
1683,0.0955549421473229,0.10524173106308068,-0.01889669380750623
1684,0.0955549421467311,0.10524173106230597,-0.01889669380750623
1685,0.0955549421467311,0.10524173106230597,-0.01889669380750623
1686,0.09555494214554754,0.10524173106282245,-0.01889669380750623
1687,0.09555494214791468,0.10524173106256421,-0.01889669380750623
1688,0.09555494214613931,0.10524173106256421,-0.01889669380750623
1689,0.09555494214613931,0.10524173106256421,-0.01889669380750623
1690,0.0955549421473229,0.10524173106282245,-0.01889669380750623
1691,0.0955549421922987,0.10524173151137463,-0.01889669380750623
1692,0.09555494214791468,0.10524173106230597,-0.01889669380750623
1693,0.0955549421467311,0.10524173106256421,-0.01889669380750623
1694,0.09555494214554754,0.10524173106256421,-0.01889669380750623
1695,0.0955549421473229,0.10524173106256421,-0.01889669380750623
1696,0.0955549421467311,0.10524173106256421,-0.01889669380750623
1697,0.0955549421467311,0.10524173106256421,-0.01889669380750623
1698,0.09555494214554754,0.10524173106282245,-0.01889669380750623
1699,0.09555494214791468,0.10524173106256421,-0.01889669380750623
1700,0.09555494214554754,0.10524173106256421,-0.01889669380750623
1701,0.0955549421467311,0.10524173106256421,-0.01889669380750623
1702,0.0955549421473229,0.10524173106256421,-0.01889669380750623
1703,0.0955549421467311,0.10524173106256421,-0.01889669380750623
1704,0.0955549421467311,0.10524173106256421,-0.01889669380750623
1705,0.0955549421467311,0.10524173106282245,-0.01889669380750623
1706,0.09555494214613931,0.10524173106230597,-0.01889669380750623
1707,0.09555494214613931,0.10524173106282245,-0.01889669380750623
1708,0.0955549421467311,0.10524173106256421,-0.01889669380750623
1709,-0.02656714864663613,-0.09107683204274654,-0.01889669380750623
1710,-0.02656714864663613,-0.09107683159393613,-0.01889669380750623
1711,-0.02656714864663613,-0.09107683204248831,-0.01889669380750623
1712,-0.02656714864663613,-0.09107683159393613,-0.01889669380750623
1713,-0.026567148647227916,-0.09107683204274654,-0.01889669380750623
1714,-0.026567148599293183,-0.09107683204248831,-0.01889669380750623
1715,-0.026567148647227916,-0.09107683159393613,-0.01889669380750623
1716,-0.02656714864663613,-0.09107683204248831,-0.01889669380750623
1717,-0.02656714864663613,-0.09107683159393613,-0.01889669380750623
1718,-0.026567148646044342,-0.09107683204248831,-0.01889669380750623
1719,-0.02656714864663613,-0.09107683204274654,-0.01889669380750623
1720,-0.02656714864663613,-0.0910768315936779,-0.01889669380750623
1721,-0.02656714864663613,-0.09107683204300478,-0.01889669380750623
1722,-0.026567148647227916,-0.0910768315936779,-0.01889669380750623
1723,-0.026567148647819703,-0.09107683204274654,-0.01889669380750623
1724,-0.026567148645452555,-0.09107683204248831,-0.01889669380750623
1725,-0.026567148598701396,-0.09107683159393613,-0.01889669380750623
1726,-0.02656714864841149,-0.09107683204248831,-0.01889669380750623
1727,-0.02656714864663613,-0.09107683204248831,-0.01889669380750623
1728,-0.02656714864663613,-0.09107683159419437,-0.01889669380750623
1729,-0.02656714864663613,-0.09107683204248831,-0.01889669380750623
1730,-0.02656714864663613,-0.09107683159393613,-0.01889669380750623
1731,-0.026567148646044342,-0.09107683204248831,-0.01889669380750623
1732,-0.026567148647819703,-0.09107683204274654,-0.01889669380750623
1733,-0.026567148645452555,-0.09107683159393613,-0.01889669380750623
1734,-0.02656714864663613,-0.09107683204248831,-0.01889669380750623
1735,-0.026567148647227916,-0.09107683159393613,-0.01889669380750623
1736,-0.02656714859988497,-0.09107683204248831,-0.01889669380750623
1737,-0.02656714864663613,-0.09107683204248831,-0.01889669380750623
1738,-0.02656714864663613,-0.09107683159393613,-0.01889669380750623
1739,-0.02656714864663613,-0.09107683204248831,-0.01889669380750623
1740,-0.02656714864663613,-0.09107683159419437,-0.01889669380750623
1741,-0.026567148647227916,-0.09107683204248831,-0.01889669380750623
1742,-0.07671199092485882,-0.0448166958986485,0.03135706087913547
1743,-0.07671199087869945,-0.044816695449579856,0.03135706087913547
1744,-0.07671199092485882,-0.04481669589839027,0.03135706087913547
1745,-0.07671199087810766,-0.04481669589839027,0.03135706087913547
1746,-0.07671199092485882,-0.04481669589839027,0.03135706087913547
1747,-0.07671199087869945,-0.044816695449838094,0.03135706087913547
1748,-0.07671199092485882,-0.04481669589839027,0.03135706087913547
1749,-0.07671199087869945,-0.04481669589839027,0.03135706087913547
1750,-0.07671199092545061,-0.044816695450096325,0.03135706087991246
1751,-0.07671199092426703,-0.04481669589839027,0.03135706087913547
1752,-0.07671199087869945,-0.0448166958986485,0.03135706087913547
1753,-0.07671199092485882,-0.044816695449579856,0.03135706087913547
1754,-0.07671199087869945,-0.0448166958986485,0.03135706087913547
1755,-0.07671199092485882,-0.04481669589839027,0.03135706087913547
1756,-0.07671199087869945,-0.04481669589839027,0.03135706087913547
1757,-0.07671199092426703,-0.044816695449838094,0.03135706087913547
1758,-0.07671199087869945,-0.04481669589813203,0.03135706087913547
1759,-0.07671199092545061,-0.04481669589890674,0.03135706087913547
1760,-0.07671199092485882,-0.044816695449321625,0.03135706087913547
1761,-0.07671199087929123,-0.04481669589890674,0.03135706087913547
1762,-0.07671199092426703,-0.04481669589839027,0.03135706087913547
1763,-0.07671199087751587,-0.04481669589839027,0.03135706087913547
1764,-0.07671199092545061,-0.044816695449838094,0.03135706087913547
1765,-0.07671199087869945,-0.04481669589839027,0.03135706087913547
1766,-0.07671199092604239,-0.04481669589839027,0.03135706087913547
1767,-0.07671199092367526,-0.044816695449838094,0.03135706087991246
1768,-0.07671199087869945,-0.04481669589839027,0.03135706087913547
1769,-0.07671199092604239,-0.04481669589839027,0.03135706087913547
1770,-0.0767119908769241,-0.044816695449838094,0.03135706087913547
1771,-0.07671199092545061,-0.04481669589839027,0.03135706087913547
1772,-0.07671199087929123,-0.04481669589839027,0.03135706087913547
1773,-0.07671199092426703,-0.04481669589839027,0.03135706087913547
1774,-0.07671199087929123,-0.044816695449838094,0.03135706087913547
1775,-0.07671199092485882,-0.04481669589839027,0.03135706087913547
1776,-0.05058999929026738,0.017630267164184914,-0.0722913081621116
1777,-0.05058999928908381,0.017630267164443148,-0.0722913081621116
1778,-0.05058999928908381,0.017630267164184914,-0.0722913081621116
1779,-0.05058999929026738,0.017630267164443148,-0.0722913081621116
1780,-0.05058999929026738,0.017630267164184914,-0.0722913081621116
1781,-0.0505899992896756,0.017630267164184914,-0.0722913081621116
1782,-0.05058999928908381,0.017630267164701383,-0.0722913081621116
1783,-0.050589999290859174,0.01763026671511627,-0.0722913081621116
1784,-0.0505899992896756,0.017630267164443148,-0.0722913081621116
1785,-0.05058999928908381,0.017630267164184914,-0.0722913081621116
1786,-0.05058999929026738,0.017630267164443148,-0.0722913081621116
1787,-0.0505899992896756,0.017630267164443148,-0.0722913081621116
1788,-0.050589999290859174,0.017630267164184914,-0.0722913081621116
1789,-0.05058999928908381,0.017630267164443148,-0.0722913081621116
1790,-0.0505899992896756,0.017630267164184914,-0.0722913081621116
1791,-0.05058999929026738,0.017630267164184914,-0.0722913081621116
1792,-0.05058999929026738,0.017630267164443148,-0.0722913081621116
1793,-0.05058999929026738,0.017630267164184914,-0.0722913081621116
1794,-0.05058999928908381,0.017630267164443148,-0.0722913081621116
1795,-0.05058999928908381,0.017630267164443148,-0.0722913081621116
1796,-0.05058999929026738,0.017630267164184914,-0.0722913081621116
1797,-0.05058999929026738,0.017630267164443148,-0.0722913081621116
1798,-0.05058999929026738,0.017630267164184914,-0.0722913081621116
1799,-0.0505899992896756,0.017630267164184914,-0.0722913081621116
1800,-0.05058999928908381,0.017630266715890974,-0.0722913081621116
1801,-0.05058999929026738,0.017630267164184914,-0.0722913081621116
1802,-0.05058999928908381,0.017630267164443148,-0.0722913081621116
1803,-0.05058999929026738,0.017630267164443148,-0.0722913081621116
1804,-0.05058999929026738,0.017630267164184914,-0.0722913081621116
1805,-0.05058999928908381,0.017630267164443148,-0.0722913081621116
1806,-0.05058999929026738,0.017630267164184914,-0.0722913081621116
1807,-0.0505899992896756,0.017630267164443148,-0.0722913081621116
1808,0.10130454454226621,0.2969005140704286,0.08161081556577716
1809,0.10130454454108265,0.29690051362187647,0.08161081556577716
1810,0.10130454449610685,0.29690051407068685,0.08161081556577716
1811,0.10130454454167442,0.29690051362187647,0.08161081556577716
1812,0.101304544542858,0.2969005140704286,0.08161081556655417
1813,0.10130454454226621,0.29690051407068685,0.08161081556577716
1814,0.10130454454108265,0.29690051362187647,0.08161081556577716
1815,0.101304544542858,0.2969005140704286,0.08161081556577716
1816,0.10130454449433149,0.29690051362187647,0.08161081556577716
1817,0.101304544542858,0.29690051407068685,0.08161081556577716
1818,0.101304544542858,0.29690051362161823,0.08161081556577716
1819,0.10130454454108265,0.2969005140709451,0.08161081556577716
1820,0.101304544542858,0.2969005140704286,0.08161081556655417
1821,0.10130454454167442,0.29690051362187647,0.08161081556577716
1822,0.10130454449551506,0.29690051407068685,0.08161081556577716
1823,0.10130454454167442,0.29690051362187647,0.08161081556577716
1824,0.10130454454226621,0.2969005140704286,0.08161081556577716
1825,0.005330412384904826,-0.03683091325427607,-0.01889669380750623
1826,0.005330412384904826,-0.0368309132545343,-0.01889669380750623
1827,0.005330412384904826,-0.03683091280598213,-0.01889669380750623
1828,0.005330412384904826,-0.03683091325401784,-0.01889669380750623
1829,0.005330412384904826,-0.0368309132545343,-0.01889669380750623
1830,0.005330412384904826,-0.03683091325427607,-0.01889669380750623
1831,0.005330412384904826,-0.0368309132545343,-0.01889669380750623
1832,0.005330412384904826,-0.03683091280598213,-0.01889669380750623
1833,0.005330412384904826,-0.03683091325427607,-0.01889669380750623
1834,0.005330412384904826,-0.03683091325427607,-0.01889669380750623
1835,0.005330412384904826,-0.03683091325427607,-0.01889669380750623
1836,0.005330412384904826,-0.03683091325479254,-0.01889669380750623
1837,0.005330412384904826,-0.0368309128057239,-0.01889669380750623
1838,0.005330412384904826,-0.03683091325427607,-0.01889669380750623
1839,0.005330412384904826,-0.0368309132545343,-0.01889669380750623
1840,0.005330412384904826,-0.0368309132545343,-0.01889669380750623
1841,0.005330412384904826,-0.0368309132545343,-0.01889669380750623
1842,0.005330412384904826,-0.03683091280546566,-0.01889669380750623
1843,0.005330412384904826,-0.03683091325427607,-0.01889669380750623
1844,0.005330412384904826,-0.03683091325479254,-0.01889669380750623
1845,0.051096478194885685,0.07065013051996478,0.05539146529445207
1846,0.05109647824045327,0.0706501309687752,0.05539146529445207
1847,0.051096478194885685,0.07065013051996478,0.05539146529445207
1848,0.051096478194885685,0.07065013096825873,0.05539146529522906
1849,0.051096478194885685,0.07065013051996478,0.05539146529445207
1850,0.05109647824045327,0.07065013096825873,0.05539146529445207
1851,0.0510964781942939,0.07065013051996478,0.05539146529445207
1852,0.0510964781942939,0.0706501309687752,0.05539146529445207
1853,0.051096478194885685,0.07065013051996478,0.05539146529445207
1854,0.05109647824163684,0.07065013096825873,0.05539146529445207
1855,0.051096478194885685,0.07065013051996478,0.05539146529445207
1856,0.051096478194885685,0.0706501309687752,0.05539146529522906
1857,0.051096478194885685,0.07065013051970656,0.05539146529445207
1858,0.05109647824045327,0.07065013096851697,0.05539146529445207
1859,0.051096478194885685,0.07065013051970656,0.05539146529445207
1860,0.051096478194885685,0.07065013096851697,0.05539146529445207
1861,0.05109647819370211,0.07065013051996478,0.05539146529445207
1862,0.05109647824163684,0.07065013096851697,0.05539146529445207
1863,0.051096478194885685,0.07065013051996478,0.05539146529445207
1864,0.05109647819370211,0.07065013096851697,0.05539146529522906
1865,0.051096478194885685,0.07065013051996478,0.05539146529445207
1866,0.05109647824163684,0.07065013096825873,0.05539146529445207
1867,0.051096478194885685,0.07065013051996478,0.05539146529445207
1868,-0.03075939950124358,0.045706527840693414,-0.06771462693178346
1869,-0.030759399547402953,0.045706527840951645,-0.06771462693178346
1870,-0.03075939950124358,0.045706527840693414,-0.06771462693178346
1871,-0.03075939954799474,0.045706527840951645,-0.06771462693178346
1872,-0.030759399501835368,0.04570652739239947,-0.06771462693178346
1873,-0.030759399546811166,0.045706527840951645,-0.06771462693100645
1874,-0.030759399502427155,0.045706527840951645,-0.06771462693178346
1875,-0.030759399500060007,0.04570652784043518,-0.06771462693178346
1876,-0.030759399548586527,0.045706527840693414,-0.06771462693178346
1877,-0.030759399500060007,0.045706527840951645,-0.06771462693178346
1878,-0.030759399549178314,0.045706527840951645,-0.06771462693178346
1879,-0.030759399500060007,0.045706527840951645,-0.06771462693178346
1880,-0.030759399548586527,0.045706527840693414,-0.06771462693178346
1881,-0.030759399500060007,0.04570652739239947,-0.06771462693178346
1882,-0.030759399502427155,0.045706527840951645,-0.06771462693178346
1883,-0.030759399546811166,0.045706527840693414,-0.06771462693178346
1884,-0.030759399501835368,0.045706527840951645,-0.06771462693178346
1885,-0.03075939954799474,0.045706527840693414,-0.06771462693100645
1886,-0.030759399500651794,0.045706527840693414,-0.06771462693178346
1887,-0.03075939954799474,0.045706527840951645,-0.06771462693178346
1888,-0.03075939950124358,0.045706527840693414,-0.06771462693178346
1889,-0.030759399500060007,0.04570652739239947,-0.06771462693178346
1890,-0.03075939954799474,0.045706527840693414,-0.06771462693178346
1891,-0.030759399501835368,0.045706527840951645,-0.06771462693178346
1892,-0.030759399546811166,0.045706527840951645,-0.06771462693178346
1893,-0.030759399502427155,0.045706527840693414,-0.06771462693178346
1894,-0.030759399546811166,0.045706527840951645,-0.06771462693178346
1895,-0.030759399501835368,0.045706527840693414,-0.06771462693178346
1896,-0.030759399500060007,0.045706527840693414,-0.06771462693178346
1897,-0.030759399549178314,0.045706527840951645,-0.06771462693100645
1898,-0.030759399500060007,0.04570652739214123,-0.06771462693178346
1899,-0.030759399547402953,0.045706527840951645,-0.06771462693178346
1900,-0.03075939950124358,0.045706527840951645,-0.06771462693178346
1901,-0.03075939954799474,0.045706527840951645,-0.06771462693178346
1902,-0.03075939950124358,0.045706527840951645,-0.06771462693178346
1903,0.02788654484918082,0.04976574626227402,-0.01889669380750623
1904,0.0278865448006543,0.04976574626304872,-0.01889669380750623
1905,0.027886544849772606,0.04976574581372185,-0.01889669380750623
1906,0.027886544801246086,0.04976574626304872,-0.01889669380750623
1907,0.02788654484858903,0.04976574626253225,-0.01889669380750623
1908,0.027886544803021447,0.04976574626279049,-0.01889669380750623
1909,0.027886544847405458,0.04976574626253225,-0.01889669380750623
1910,0.027886544801837873,0.04976574626279049,-0.01889669380750623
1911,0.027886544849772606,0.04976574581423831,-0.01889669380750623
1912,0.027886544801837873,0.04976574626253225,-0.01889669380750623
1913,0.027886544847997245,0.04976574626253225,-0.01889669380750623
1914,0.027886544801837873,0.04976574626304872,-0.01889669380750623
1915,0.02788654484918082,0.04976574626253225,-0.01889669380750623
1916,0.02788654484858903,0.04976574626279049,-0.01889669380750623
1917,0.02788654480242966,0.04976574581423831,-0.01889669380750623
1918,0.027886544847997245,0.04976574626253225,-0.01889669380750623
1919,0.027886544803021447,0.04976574626279049,-0.01889669380750623
1920,0.02788654484858903,0.04976574626253225,-0.01889669380750623
1921,0.027886544801837873,0.04976574626253225,-0.01889669380750623
1922,0.027886544847997245,0.04976574581423831,-0.01889669380750623
1923,0.027886544803021447,0.04976574626304872,-0.01889669380750623
1924,0.027886544847405458,0.04976574626253225,-0.01889669380750623
1925,0.027886544803021447,0.04976574626279049,-0.01889669380750623
1926,0.02788654484858903,0.04976574626253225,-0.01889669380750623
1927,0.02788654480242966,0.04976574626279049,-0.01889669380750623
1928,0.02788654484858903,0.04976574581423831,-0.01889669380750623
1929,0.0278865448006543,0.04976574626253225,-0.01889669380750623
1930,0.027886544849772606,0.04976574626253225,-0.01889669380750623
1931,0.0009444977550516279,-0.08629324129897575,0.0522961253317086
1932,0.0009444977071168955,-0.08629324085016535,0.05229612533248559
1933,0.000944497754459841,-0.08629324129949223,0.0522961253317086
1934,0.0009444977556434147,-0.08629324129897575,0.0522961253317086
1935,0.0009444977538680542,-0.08629324085068181,0.05229612533248559
1936,0.0009444977550516279,-0.08629324129923399,0.0522961253317086
1937,0.0009444977083004691,-0.08629324129897575,0.0522961253317086
1938,0.0009444977550516279,-0.08629324085042357,0.05229612533248559
1939,0.0009444977538680542,-0.08629324129923399,0.0522961253317086
1940,0.000944497708892256,-0.08629324129923399,0.0522961253317086
1941,0.000944497754459841,-0.08629324085042357,0.05229612533248559
1942,0.000944497754459841,-0.08629324129923399,0.0522961253317086
1943,0.000944497754459841,-0.08629324129923399,0.0522961253317086
1944,0.0009444977556434147,-0.08629324085016535,0.05229612533248559
1945,0.0009444977071168955,-0.08629324129949223,0.0522961253317086
1946,0.0009444977550516279,-0.08629324129897575,0.0522961253317086
1947,0.000944497754459841,-0.08629324085068181,0.05229612533248559
1948,0.000944497708892256,-0.08629324129923399,0.0522961253317086
1949,0.0009444977538680542,-0.08629324129871752,0.0522961253317086
1950,0.0009444977562352015,-0.08629324085068181,0.05229612533248559
1951,0.0009444977538680542,-0.08629324129923399,0.0522961253317086
1952,0.0009444977550516279,-0.08629324129923399,0.0522961253317086
1953,0.0009444977071168955,-0.08629324085042357,0.05229612533248559
1954,0.0009444977550516279,-0.08629324129923399,0.0522961253317086
1955,-0.009949548323115695,0.06613356250920463,-0.07401371507672616
1956,-0.00994954827754811,0.06613356206013599,-0.07401371507672616
1957,-0.009949548323707482,0.06613356250868817,-0.07401371507672616
1958,-0.00994954827754811,0.0661335625089464,-0.07401371507672616
1959,-0.009949548324299269,0.06613356206039422,-0.07401371507672616
1960,-0.009949548276364536,0.0661335625089464,-0.07401371507672616
1961,-0.009949548323707482,0.06613356250868817,-0.07401371507672616
1962,-0.00994954827754811,0.06613356206013599,-0.07401371507750315
1963,-0.009949548324299269,0.0661335625089464,-0.07401371507672616
1964,-0.009949548276956323,0.06613356206039422,-0.07401371507672616
1965,-0.009949548323115695,0.0661335625089464,-0.07401371507672616
1966,-0.00994954827754811,0.0661335625089464,-0.07401371507672616
1967,-0.009949548324299269,0.06613356206013599,-0.07401371507672616
1968,-0.009949548276956323,0.0661335625089464,-0.07401371507672616
1969,-0.009949548324299269,0.0661335625089464,-0.07401371507672616
1970,-0.009949548276956323,0.06613356206039422,-0.07401371507672616
1971,-0.009949548324299269,0.0661335625089464,-0.07401371507672616
1972,-0.00994954827754811,0.06613356250868817,-0.07401371507672616
1973,-0.009949548323707482,0.06613356206039422,-0.07401371507672616
1974,-0.009949548276364536,0.0661335625089464,-0.07401371507672616
1975,-0.009949548324299269,0.0661335625089464,-0.07401371507672616
1976,-0.00994954827754811,0.06613356206013599,-0.07401371507672616
1977,-0.009949548323707482,0.06613356250868817,-0.07401371507672616
1978,-0.00994954827754811,0.06613356206013599,-0.07401371507750315
1979,-0.009949548323115695,0.06613356250920463,-0.07401371507672616
1980,-0.009949548276956323,0.0661335625089464,-0.07401371507672616
1981,-0.009949548324299269,0.06613356206013599,-0.07401371507672616
1982,-0.00994954827754811,0.0661335625089464,-0.07401371507672616
1983,-0.009949548323707482,0.0661335625089464,-0.07401371507672616
1984,-0.00994954827754811,0.06613356206013599,-0.07401371507672616
1985,-0.009949548323115695,0.06613356250868817,-0.07401371507672616
1986,-0.034498434090589204,0.06189464196757154,-0.01889669380750623
1987,-0.03449843408999742,0.06189464196757154,-0.01889669380750623
1988,-0.03449843408940563,0.06189464196705507,-0.01889669380750623
1989,-0.03449843408881385,0.06189464196757154,-0.01889669380750623
1990,-0.03449843409177278,0.06189464241612372,-0.01889669380750623
1991,-0.03449843408881385,0.061894641967313306,-0.01889669380750623
1992,-0.03449843404324626,0.06189464196705507,-0.01889669380750623
1993,-0.034498434090589204,0.06189464196757154,-0.01889669380750623
1994,-0.03449843408940563,0.06189464196757154,-0.01889669380750623
1995,-0.034498434090589204,0.06189464196705507,-0.01889669380750623
1996,-0.03449843408881385,0.06189464196757154,-0.01889669380750623
1997,-0.03449843408999742,0.06189464196705507,-0.01889669380750623
1998,-0.034498434090589204,0.06189464196757154,-0.01889669380750623
1999,-0.03449843408999742,0.06189464241586548,-0.01889669380750623
2000,-0.03449843408881385,0.06189464196757154,-0.01889669380750623
2001,-0.034498434090589204,0.06189464196705507,-0.01889669380750623
2002,-0.03449843408940563,0.06189464196757154,-0.01889669380750623
2003,-0.03449843408999742,0.06189464196757154,-0.01889669380750623
2004,-0.03449843404265447,0.06189464196705507,-0.01889669380750623
2005,-0.03449843408940563,0.06189464196757154,-0.01889669380750623
2006,-0.034498434091180995,0.06189464196705507,-0.01889669380750623
2007,-0.03449843408881385,0.06189464196757154,-0.01889669380750623
2008,-0.034498434090589204,0.061894641967313306,-0.01889669380750623
2009,-0.03449843408881385,0.06189464241612372,-0.01889669380750623
2010,-0.034498434090589204,0.061894641967313306,-0.01889669380750623
2011,-0.03449843408999742,0.061894641967313306,-0.01889669380750623
2012,-0.03449843408999742,0.06189464196757154,-0.01889669380750623
2013,-0.034498434090589204,0.06189464196705507,-0.01889669380750623
2014,-0.03449843408940563,0.06189464196757154,-0.01889669380750623
2015,-0.03449843408881385,0.061894641967313306,-0.01889669380750623
2016,-0.03449843404324626,0.061894641967313306,-0.01889669380750623
2017,-0.03449843408940563,0.06189464196757154,-0.01889669380750623
2018,-0.034498434091180995,0.06189464241586548,-0.01889669380750623
2019,-0.03449843408940563,0.06189464196757154,-0.01889669380750623
2020,-0.03449843408881385,0.06189464196705507,-0.01889669380750623
2021,-0.03449843409177278,0.06189464196757154,-0.01889669380750623
2022,-0.03449843408881385,0.06189464196705507,-0.01889669380750623
2023,-0.0026439778735722,0.060084634732190924,-0.01889669380750623
2024,-0.002643977872980413,0.060084634731674455,-0.01889669380750623
2025,-0.0026439778723886262,0.060084634731674455,-0.01889669380750623
2026,-0.0026439778735722,0.060084634731674455,-0.01889669380750623
2027,-0.002643977872980413,0.06008463473193269,-0.01889669380750623
2028,-0.0026439778723886262,0.06008463473193269,-0.01889669380750623
2029,-0.0026439778735722,0.060084634731674455,-0.01889669380750623
2030,-0.002643977872980413,0.06008463473193269,-0.01889669380750623
2031,-0.002643977871796839,0.060084634731674455,-0.01889669380750623
2032,-0.0026439778741639865,0.060084634731674455,-0.01889669380750623
2033,-0.002643977872980413,0.060084634731674455,-0.01889669380750623
2034,-0.002643977871796839,0.060084634732190924,-0.01889669380750623
2035,-0.0026439778741639865,0.060084634731674455,-0.01889669380750623
2036,-0.002643977872980413,0.060084634731674455,-0.01889669380750623
2037,-0.002643977872980413,0.060084634731674455,-0.01889669380750623
2038,-0.002643977872980413,0.060084634732190924,-0.01889669380750623
2039,-0.002643977872980413,0.060084634731416224,-0.01889669380750623
2040,-0.002643977872980413,0.06008463473193269,-0.01889669380750623
2041,-0.002643977872980413,0.060084634731674455,-0.01889669380750623
2042,-0.002643977872980413,0.06008463473193269,-0.01889669380750623
2043,-0.002643977872980413,0.06008463473193269,-0.01889669380750623
2044,-0.0026439778723886262,0.060084634731416224,-0.01889669380750623
2045,-0.002643977872980413,0.060084634732190924,-0.01889669380750623
2046,-0.002643977872980413,0.060084634731674455,-0.01889669380750623
2047,-0.002643977872980413,0.060084634731674455,-0.01889669380750623
2048,-0.002643977872980413,0.06008463473193269,-0.01889669380750623
2049,-0.002643977872980413,0.06008463473193269,-0.01889669380750623
2050,-0.002643977872980413,0.060084634731674455,-0.01889669380750623
2051,-0.002643977872980413,0.060084634731674455,-0.01889669380750623
2052,-0.002643977872980413,0.060084634731674455,-0.01889669380750623
2053,-0.002643977872980413,0.06008463473193269,-0.01889669380750623
2054,-0.0026439778741639865,0.06008463473193269,-0.01889669380750623
2055,-0.002643977872980413,0.060084634731674455,-0.01889669380750623
2056,0.017795643459413844,0.05771801618651668,-0.06386057957992818
2057,0.01779564350557322,0.05771801618677491,-0.06386057957992818
2058,0.017795643458230273,0.05771801618651668,-0.06386057957992818
2059,0.017795643458822057,0.05771801618625844,-0.06386057957915117
2060,0.017795643458230273,0.05771801618677491,-0.06386057957992818
2061,0.01779564350498143,0.05771801618651668,-0.06386057957992818
2062,0.01779564346000563,0.05771801618651668,-0.06386057957992818
2063,0.017795643458230273,0.05771801618625844,-0.06386057957992818
2064,0.017795643458822057,0.05771801618651668,-0.06386057957992818
2065,0.017795643506165002,0.0577180157379645,-0.06386057957915117
2066,0.017795643458230273,0.05771801618651668,-0.06386057957992818
2067,0.017795643458822057,0.05771801618651668,-0.06386057957992818
2068,0.017795643458822057,0.05771801618651668,-0.06386057957992818
2069,0.01779564350498143,0.05771801618651668,-0.06386057957992818
2070,0.017795643458230273,0.05771801618651668,-0.06386057957992818
2071,0.01779564346000563,0.05771801618651668,-0.06386057957915117
2072,0.017795643458230273,0.05771801618677491,-0.06386057957992818
2073,0.01779564350498143,0.05771801618651668,-0.06386057957992818
2074,0.01779564346000563,0.05771801618651668,-0.06386057957992818
2075,0.017795643457638486,0.05771801618651668,-0.06386057957992818
2076,0.017795643506165002,0.05771801618651668,-0.06386057957992818
2077,0.017795643458230273,0.05771801618651668,-0.06386057957992818
2078,0.017795643458822057,0.05771801618625844,-0.06386057957915117
2079,0.017795643458230273,0.05771801618651668,-0.06386057957992818
2080,0.01779564350557322,0.05771801618677491,-0.06386057957992818
2081,0.017795643459413844,0.05771801618651668,-0.06386057957992818
2082,0.017795643458822057,0.05771801618625844,-0.06386057957992818
2083,0.017795643459413844,0.05771801618677491,-0.06386057957992818
2084,0.017795643504389645,0.05771801573770627,-0.06386057957915117
2085,0.017795643459413844,0.05771801618651668,-0.06386057957992818
2086,0.017795643458230273,0.05771801618677491,-0.06386057957992818
2087,0.017795643458230273,0.05771801618651668,-0.06386057957992818
2088,0.017795643506165002,0.05771801618651668,-0.06386057957992818
2089,0.017795643458230273,0.05771801618651668,-0.06386057957992818
2090,0.017795643458230273,0.05771801618651668,-0.06386057957915117
2091,0.017795643459413844,0.05771801618651668,-0.06386057957992818
2092,0.01779564350557322,0.05771801618651668,-0.06386057957992818
2093,0.017795643458230273,0.05771801618625844,-0.06386057957992818
2094,-0.00011417130092075896,-0.027141667757797465,0.0989396964923393
2095,-0.00011417129973718532,-0.027141667757797465,0.0989396964923393
2096,-0.00011417130032897214,-0.02714166730924529,0.0989396964923393
2097,-0.00011417134648834404,-0.027141667757797465,0.0989396964923393
2098,-0.00011417130092075896,-0.0271416677580557,0.0989396964923393
2099,-0.00011417130032897214,-0.0271416677580557,0.0989396964923393
2100,-0.00011417129973718532,-0.027141667757797465,0.0989396964923393
2101,-0.00011417130092075896,-0.0271416677580557,0.0989396964923393
2102,-0.00011417129973718532,-0.02714166730924529,0.0989396964923393
2103,-0.00011417130032897214,-0.027141667757797465,0.0989396964923393
2104,-0.00011417134648834404,-0.0271416677580557,0.0989396964923393
2105,-0.00011417130269611942,-0.027141667757797465,0.0989396964923393
2106,-0.00011417129973718532,-0.0271416677580557,0.0989396964923393
2107,-0.00011417130032897214,-0.027141667757797465,0.0989396964923393
2108,-0.00011417129973718532,-0.02714166730924529,0.09893969649156231
2109,-0.00011417130092075896,-0.0271416677580557,0.0989396964923393
2110,-0.00011417130092075896,-0.027141667757797465,0.0989396964923393
2111,-0.00011417129973718532,-0.027141667757797465,0.0989396964923393
2112,-0.00011417134708013086,-0.0271416677580557,0.0989396964923393
2113,-0.00011417129973718532,-0.027141667757797465,0.0989396964923393
2114,-0.00011417130092075896,-0.02714166730924529,0.0989396964923393
2115,-0.00011417130032897214,-0.0271416677580557,0.0989396964923393
2116,-0.00011417129973718532,-0.027141667757797465,0.0989396964923393
2117,-0.00011417130092075896,-0.0271416677580557,0.0989396964923393
2118,-0.00011417130032897214,-0.027141667757797465,0.0989396964923393
2119,-0.00011417134767191768,-0.0271416677580557,0.0989396964923393
2120,-0.00011417129973718532,-0.02714166730924529,0.0989396964923393
2121,-0.00011417130032897214,-0.027141667757797465,0.0989396964923393
2122,-0.00011417130092075896,-0.027141667758313934,0.0989396964923393
2123,0.04480364415004487,0.017630267164443148,0.03449792054709914
2124,0.04480364415004487,0.017630267164443148,0.03449792054709914
2125,0.04480364415063665,0.017630267164184914,0.03449792054709914
2126,0.04480364419561245,0.017630267164443148,0.03449792054709914
2127,0.04480364414945308,0.017630267164184914,0.03449792054709914
2128,0.044803644151228436,0.017630267164184914,0.03449792054709914
2129,0.044803644148861295,0.017630267164443148,0.03449792054709914
2130,0.04480364415063665,0.01763026671563274,0.03449792054709914
2131,0.044803644148861295,0.017630267164443148,0.03449792054709914
2132,0.04480364414945308,0.017630267164443148,0.03449792054709914
2133,0.04480364415004487,0.017630267164184914,0.03449792054709914
2134,0.04480364415004487,0.017630267164443148,0.03449792054709914
2135,0.04480364419738781,0.017630267164184914,0.03449792054709914
2136,0.044803644148861295,0.017630267164184914,0.03449792054709914
2137,0.04480364415004487,0.017630267164443148,0.03449792054709914
2138,0.04480364414945308,0.017630267164184914,0.03449792054709914
2139,0.04480364415004487,0.017630267164443148,0.03449792054709914
2140,0.04480364414945308,0.017630267164184914,0.03449792054709914
2141,0.044803644151228436,0.017630267164443148,0.03449792054709914
2142,0.04480364419561245,0.017630267164443148,0.03449792054709914
2143,0.04480364414945308,0.017630267164184914,0.03449792054709914
2144,0.04480364415063665,0.017630267164184914,0.03449792054709914
2145,0.044803644148861295,0.017630267164443148,0.03449792054709914
2146,0.04480364415004487,0.017630267164184914,0.03449792054709914
2147,0.04480364415063665,0.01763026671563274,0.03449792054709914
2148,0.044803644148861295,0.017630267164184914,0.03449792054709914
2149,0.04480364415063665,0.017630267164443148,0.03449792054709914
2150,0.04480364414945308,0.017630267164184914,0.03449792054709914
2151,0.04480364419620424,0.017630267164443148,0.03449792054709914
2152,0.04480364415004487,0.017630267164184914,0.03449792054709914
2153,0.04480364414945308,0.017630267164443148,0.03449792054709914
2154,0.044803644151228436,0.017630267164443148,0.03449792054709914
2155,0.007523369698351959,0.01631477972094568,-0.1612823320867129
2156,0.007523369700127319,0.01631477972094568,-0.1612823320859359
2157,0.007523369700719106,0.016314779721203914,-0.1612823320867129
2158,0.007523369746878478,0.01631477972094568,-0.1612823320867129
2159,0.007523369699535532,0.016314779721203914,-0.1612823320859359
2160,0.007523369700127319,0.016314779272651736,-0.1612823320867129
2161,0.007523369700127319,0.01631477972094568,-0.1612823320867129
2162,0.007523369700719106,0.01631477972094568,-0.1612823320859359
2163,0.007523369698351959,0.016314779721203914,-0.1612823320867129
2164,0.007523369700127319,0.01631477972094568,-0.1612823320867129
2165,0.007523369700719106,0.016314779721203914,-0.1612823320859359
2166,0.007523369699535532,0.01631477972094568,-0.1612823320867129
2167,0.007523369746878478,0.016314779721203914,-0.1612823320867129
2168,0.007523369700127319,0.01631477972094568,-0.1612823320859359
2169,0.007523369699535532,0.016314779721203914,-0.1612823320867129
2170,0.007523369700127319,0.016314779721203914,-0.1612823320867129
2171,0.007523369700719106,0.01631477972094568,-0.1612823320859359
2172,0.007523369699535532,0.016314779721203914,-0.1612823320867129
2173,0.007523369700127319,0.0163147792723935,-0.1612823320867129
2174,0.007523369746878478,0.01631477972094568,-0.1612823320859359
2175,0.007523369700719106,0.016314779721203914,-0.1612823320867129
2176,0.007523369698351959,0.01631477972094568,-0.1612823320867129
2177,0.007523369700127319,0.016314779721203914,-0.1612823320859359
2178,0.007523369700719106,0.01631477972094568,-0.1612823320867129
2179,-0.002979741695146242,0.02946965415333804,-0.01889669380750623
2180,-0.0029797416495786566,0.02946965415333804,-0.01889669380750623
2181,-0.002979741648395083,0.02946965415333804,-0.01889669380750623
2182,-0.0029797416957380285,0.02946965415333804,-0.01889669380750623
2183,-0.0029797416957380285,0.02946965415333804,-0.01889669380750623
2184,-0.0029797416478032964,0.02946965415333804,-0.01889669380750623
2185,-0.0029797416501704437,0.02946965415333804,-0.01889669380750623
2186,-0.0029797416939626683,0.02946965415333804,-0.01889669380750623
2187,-0.0029797416963298156,0.02946965415333804,-0.01889669380750623
2188,-0.002979741648395083,0.02946965415333804,-0.01889669380750623
2189,-0.00297974164898687,0.02946965415333804,-0.01889669380750623
2190,-0.002979741695146242,0.02946965415333804,-0.01889669380750623
2191,-0.0029797416957380285,0.02946965415333804,-0.01889669380750623
2192,-0.0029797416478032964,0.02946965415333804,-0.01889669380750623
2193,-0.0029797416501704437,0.02946965415333804,-0.01889669380750623
2194,-0.002979741695146242,0.02946965415333804,-0.01889669380750623
2195,-0.002979741694554455,0.02946965415333804,-0.01889669380750623
2196,-0.0029797416495786566,0.02946965415333804,-0.01889669380750623
2197,-0.002979741648395083,0.02946965415333804,-0.01889669380750623
2198,-0.002979741695146242,0.02946965415333804,-0.01889669380750623
2199,-0.0029797416957380285,0.02946965415333804,-0.01889669380750623
2200,-0.0029797416495786566,0.02946965415333804,-0.01889669380750623
2201,-0.0029797416472115094,0.02946965415333804,-0.01889669380750623
2202,-0.0029797416957380285,0.02946965415333804,-0.01889669380750623
2203,-0.0029797416963298156,0.02946965415333804,-0.01889669380750623
2204,-0.002979741648395083,0.02946965415333804,-0.01889669380750623
2205,-0.00297974164898687,0.02946965415333804,-0.01889669380750623
2206,-0.002979741694554455,0.02946965415333804,-0.01889669380750623
2207,-0.0029797416957380285,0.02946965415333804,-0.01889669380750623
2208,-0.00297974164898687,0.02946965415333804,-0.01889669380750623
2209,-0.002979741648395083,0.02946965415333804,-0.01889669380750623
2210,-0.002979741695146242,0.02946965415333804,-0.01889669380750623
2211,-0.0029797416963298156,0.02946965415333804,-0.01889669380750623
2212,-0.002979741648395083,0.02946965415333804,-0.01889669380750623
2213,-0.00297974164898687,0.02946965415333804,-0.01889669380750623
2214,-0.0029797416957380285,0.02946965415333804,-0.01889669380750623
2215,-0.002979741694554455,0.02946965415333804,-0.01889669380750623
2216,-0.00297974164898687,0.02946965415333804,-0.01889669380750623
2217,0.08289185023478186,-0.05029042659093028,-0.01889669380750623
2218,0.08289185028034944,-0.05029042704025716,-0.01889669380750623
2219,0.08289185023537364,-0.05029042703974069,-0.01889669380750623
2220,0.08289185023419007,-0.050290426591188514,-0.01889669380750623
2221,0.08289185028153302,-0.05029042659144675,-0.01889669380750623
2222,0.08289185023478186,-0.05029042703974069,-0.01889669380750623
2223,0.08289185023478186,-0.050290427039998926,-0.01889669380750623
2224,0.08289185028153302,-0.050290426591188514,-0.01889669380750623
2225,0.08289185023419007,-0.05029042659144675,-0.01889669380750623
2226,0.08289185023478186,-0.05029042703948246,-0.01889669380750623
2227,0.08289185028271659,-0.050290427039998926,-0.01889669380750623
2228,0.08289185023359828,-0.05029042659144675,-0.01889669380750623
2229,0.08289185023419007,-0.050290426591188514,-0.01889669380750623
2230,0.0828918502821248,-0.05029042703974069,-0.01889669380750623
2231,0.08289185023537364,-0.050290427039998926,-0.01889669380750623
2232,0.08289185023419007,-0.050290426591188514,-0.01889669380750623
2233,0.08289185028153302,-0.050290426591188514,-0.01889669380750623
2234,0.08289185023478186,-0.050290427039998926,-0.01889669380750623
2235,0.08289185023478186,-0.050290427039998926,-0.01889669380750623
2236,0.08289185028094123,-0.050290426591188514,-0.01889669380750623
2237,0.08289185023419007,-0.05029042703974069,-0.01889669380750623
2238,0.08289185028153302,-0.05029042659144675,-0.01889669380750623
2239,0.08289185023478186,-0.05029042703974069,-0.01889669380750623
2240,0.08289185023478186,-0.050290426591188514,-0.01889669380750623
2241,0.08289185028094123,-0.050290426591188514,-0.01889669380750623
2242,0.08289185023478186,-0.050290427039998926,-0.01889669380750623
2243,0.08289185023478186,-0.050290427039998926,-0.01889669380750623
2244,0.08289185028153302,-0.050290426591188514,-0.01889669380750623
2245,0.08289185023478186,-0.050290426591188514,-0.01889669380750623
2246,0.08289185023419007,-0.050290427039998926,-0.01889669380750623
2247,0.08289185028094123,-0.05029042703974069,-0.01889669380750623
2248,0.08289185023478186,-0.05029042659144675,-0.01889669380750623
2249,0.08289185023478186,-0.050290426591188514,-0.01889669380750623
2250,0.08289185028153302,-0.050290427039998926,-0.01889669380750623
2251,0.08289185023478186,-0.050290427039998926,-0.01889669380750623
2252,0.08289185023478186,-0.05029042659093028,-0.01889669380750623
2253,0.08289185028153302,-0.05029042659144675,-0.01889669380750623
2254,0.08289185023359828,-0.050290427039998926,-0.01889669380750623
2255,-0.028407392569236162,0.024612469575230066,-0.01889669380750623
2256,-0.02840739252307679,0.024612470023782244,-0.01889669380750623
2257,-0.028407392571011523,0.024612469574971835,-0.01889669380750623
2258,-0.028407392523668577,0.024612469574971835,-0.01889669380750623
2259,-0.02840739256982795,0.024612470023782244,-0.01889669380750623
2260,-0.02840739252485215,0.024612469574971835,-0.01889669380750623
2261,-0.028407392568644375,0.02461247002352401,-0.01889669380750623
2262,-0.028407392523668577,0.024612469575230066,-0.01889669380750623
2263,-0.028407392570419736,0.024612469575230066,-0.01889669380750623
2264,-0.028407392524260364,0.02461247002352401,-0.01889669380750623
2265,-0.028407392570419736,0.0246124695747136,-0.01889669380750623
2266,-0.028407392523668577,0.024612469575230066,-0.01889669380750623
2267,-0.028407392569236162,0.02461247002352401,-0.01889669380750623
2268,-0.028407392524260364,0.024612469575230066,-0.01889669380750623
2269,-0.02840739256982795,0.0246124695747136,-0.01889669380750623
2270,-0.028407392524260364,0.024612470023782244,-0.01889669380750623
2271,-0.028407392570419736,0.024612469575230066,-0.01889669380750623
2272,-0.028407392523668577,0.024612469574971835,-0.01889669380750623
2273,-0.028407392570419736,0.024612470023782244,-0.01889669380750623
2274,-0.02840739252307679,0.0246124695747136,-0.01889669380750623
2275,-0.02840739256982795,0.02461247002404048,-0.01889669380750623
2276,-0.02840739252485215,0.0246124695747136,-0.01889669380750623
2277,-0.02840739256982795,0.024612469575230066,-0.01889669380750623
2278,-0.028407392522485003,0.02461247002352401,-0.01889669380750623
2279,-0.02840739257160331,0.024612469575230066,-0.01889669380750623
2280,-0.02840739252307679,0.0246124695747136,-0.01889669380750623
2281,-0.028407392570419736,0.024612470023782244,-0.01889669380750623
2282,-0.028407392524260364,0.024612469574971835,-0.01889669380750623
2283,-0.028407392569236162,0.024612469575230066,-0.01889669380750623
2284,-0.02840739252307679,0.02461247002352401,-0.01889669380750623
2285,-0.02840739257160331,0.024612469574971835,-0.01889669380750623
2286,-0.02840739252307679,0.024612469575230066,-0.01889669380750623
2287,-0.028407392570419736,0.02461247002352401,-0.01889669380750623
2288,-0.028407392524260364,0.024612469575230066,-0.01889669380750623
2289,-0.028407392569236162,0.02461247002352401,-0.01889669380750623
2290,-0.02840739252485215,0.024612469574971835,-0.01889669380750623
2291,-0.02840739256982795,0.024612469574971835,-0.01889669380750623
2292,-0.02840739252307679,0.024612470023782244,-0.01889669380750623
2293,-0.028407392570419736,0.024612469575230066,-0.01889669380750623
2294,-0.06923013651611384,0.0803351689236874,-0.01889669380750623
2295,-0.0692301365137467,0.08033516847513524,-0.01889669380750623
2296,-0.06923013651493026,0.08033516892394564,-0.01889669380750623
2297,-0.06923013651433847,0.080335168474877,-0.01889669380750623
2298,-0.06923013651552205,0.08033516892394564,-0.01889669380750623
2299,-0.06923013651493026,0.08033516892394564,-0.01889669380750623
2300,-0.0692301365131549,0.080335168474877,-0.01889669380750623
2301,-0.06923013651493026,0.08033516892394564,-0.01889669380750623
2302,-0.06923013651611384,0.0803351689236874,-0.01889669380750623
2303,-0.06923013651433847,0.08033516847539346,-0.01889669380750623
2304,-0.06923013651493026,0.0803351689236874,-0.01889669380750623
2305,-0.0692301365137467,0.08033516847513524,-0.01889669380750623
2306,-0.06923013651493026,0.08033516892394564,-0.01889669380750623
2307,-0.06923013651611384,0.08033516892394564,-0.01889669380750623
2308,-0.0692301365137467,0.080335168474877,-0.01889669380750623
2309,-0.06923013651493026,0.08033516892420388,-0.01889669380750623
2310,-0.06923013651493026,0.080335168474877,-0.01889669380750623
2311,-0.06923013656168142,0.08033516892394564,-0.01889669380750623
2312,-0.06923013651433847,0.08033516892394564,-0.01889669380750623
2313,-0.06923013651493026,0.080335168474877,-0.01889669380750623
2314,-0.06923013651433847,0.08033516892394564,-0.01889669380750623
2315,-0.06923013651493026,0.08033516847539346,-0.01889669380750623
2316,-0.06923013651493026,0.0803351689236874,-0.01889669380750623
2317,-0.06923013651493026,0.0803351689236874,-0.01889669380750623
2318,-0.06923013651493026,0.08033516847539346,-0.01889669380750623
2319,-0.06923013651493026,0.0803351689236874,-0.01889669380750623
2320,-0.0692301365137467,0.08033516847513524,-0.01889669380750623
2321,-0.06923013651493026,0.0803351689236874,-0.01889669380750623
2322,-0.06923013651493026,0.08033516892420388,-0.01889669380750623
2323,-0.06923013651552205,0.080335168474877,-0.01889669380750623
2324,-0.06923013651493026,0.08033516892394564,-0.01889669380750623
2325,-0.0692301365137467,0.08033516892394564,-0.01889669380750623
2326,-0.06923013651493026,0.080335168474877,-0.01889669380750623
2327,-0.06923013651611384,0.08033516892394564,-0.01889669380750623
2328,-0.0692301365131549,0.080335168474877,-0.01889669380750623
2329,-0.06923013651493026,0.08033516892394564,-0.01889669380750623
2330,-0.08557763655498692,-0.04371928363758187,-0.05772914061120877
2331,-0.08557763650941932,-0.04371928408665051,-0.05772914061043177
2332,-0.08557763655380334,-0.04371928363758187,-0.05772914061120877
2333,-0.08557763655617048,-0.0437192836378401,-0.05772914061043177
2334,-0.08557763655498692,-0.04371928408639227,-0.05772914061120877
2335,-0.08557763650823576,-0.0437192836378401,-0.05772914061043177
2336,-0.08557763655557869,-0.04371928363809833,-0.05772914061120877
2337,-0.08557763655380334,-0.04371928408613404,-0.05772914061043177
2338,-0.08557763655498692,-0.04371928363809833,-0.05772914061120877
2339,-0.08557763650882753,-0.04371928363758187,-0.05772914061043177
2340,-0.08557763655557869,-0.04371928408665051,-0.05772914061120877
2341,-0.08557763655498692,-0.04371928363758187,-0.05772914061120877
2342,-0.08557763650882753,-0.04371928363809833,-0.05772914061043177
2343,-0.08557763655498692,-0.04371928363758187,-0.05772914061120877
2344,-0.08557763655498692,-0.04371928408665051,-0.05772914061043177
2345,-0.08557763655498692,-0.0437192836378401,-0.05772914061120877
2346,-0.08557763650823576,-0.04371928363758187,-0.05772914061043177
2347,-0.08557763655617048,-0.04371928408665051,-0.05772914061120877
2348,-0.08557763655439513,-0.04371928363758187,-0.05772914061043177
2349,-0.08557763655498692,-0.0437192836378401,-0.05772914061120877
2350,-0.08557763650823576,-0.04371928408639227,-0.05772914061043177
2351,-0.08557763655498692,-0.04371928363809833,-0.05772914061120877
2352,-0.08557763655617048,-0.04371928363758187,-0.05772914061120877
2353,-0.08557763650823576,-0.04371928408665051,-0.05772914061043177
2354,-0.08557763655498692,-0.0437192836378401,-0.05772914061120877
2355,-0.08557763655439513,-0.04371928363758187,-0.05772914061043177
2356,-0.08557763655617048,-0.04371928408665051,-0.05772914061120877
2357,-0.08557763650823576,-0.04371928363758187,-0.05772914061043177
2358,-0.08557763655498692,-0.0437192836378401,-0.05772914061120877
2359,-0.08557763655498692,-0.04371928408665051,-0.05772914061043177
2360,-0.08557763655498692,-0.0437192836378401,-0.05772914061120877
2361,-0.08557763650823576,-0.0437192836378401,-0.05772914061043177
2362,-0.08557763655557869,-0.04371928363758187,-0.05772914061120877
2363,-0.08557763655557869,-0.04371928408665051,-0.05772914061120877
2364,-0.08557763650823576,-0.04371928363758187,-0.05772914061043177
2365,-0.08557763655439513,-0.04371928363809833,-0.05772914061120877
2366,-0.08557763655498692,-0.04371928408613404,-0.05772914061043177
2367,-0.08557763655498692,-0.04371928363809833,-0.05772914061120877
2368,-0.08557763650882753,-0.0437192836378401,-0.05772914061043177
2369,-0.08557763655498692,-0.04371928408639227,-0.05772914061120877
2370,-0.08557763655557869,-0.0437192836378401,-0.05772914061043177
2371,-0.08557763655439513,-0.0437192836378401,-0.05772914061120877
2372,-0.08557763650823576,-0.04371928408665051,-0.05772914061043177
2373,-0.08557763655617048,-0.04371928363732363,-0.05772914061120877
2374,-0.00015198090226372504,0.10050597608722385,-0.01889669380750623
2375,-0.00015198094901488376,0.10050597653629251,-0.01889669380750623
2376,-0.0001519809040390855,0.10050597608748209,-0.01889669380750623
2377,-0.00015198090226372504,0.10050597653629251,-0.01889669380750623
2378,-0.00015198094901488376,0.10050597608748209,-0.01889669380750623
2379,-0.00015198090463087232,0.10050597608748209,-0.01889669380750623
2380,-0.0001519809010801514,0.10050597653629251,-0.01889669380750623
2381,-0.00015198090344729868,0.10050597608748209,-0.01889669380750623
2382,-0.00015198094901488376,0.10050597653603427,-0.01889669380750623
2383,-0.00015198090226372504,0.10050597608748209,-0.01889669380750623
2384,-0.0001519809040390855,0.10050597608748209,-0.01889669380750623
2385,-0.00015198094901488376,0.10050597653629251,-0.01889669380750623
2386,-0.00015198090226372504,0.10050597608748209,-0.01889669380750623
2387,-0.0001519809040390855,0.10050597653603427,-0.01889669380750623
2388,-0.00015198094901488376,0.10050597608748209,-0.01889669380750623
2389,-0.00015198090285551186,0.10050597608748209,-0.01889669380750623
2390,-0.00015198090226372504,0.10050597653629251,-0.01889669380750623
2391,-0.00015198094960667058,0.10050597608748209,-0.01889669380750623
2392,-0.00015198090344729868,0.10050597653603427,-0.01889669380750623
2393,-0.00015198090226372504,0.10050597608748209,-0.01889669380750623
2394,-0.0001519809501984574,0.10050597608799856,-0.01889669380750623
2395,-0.00015198090226372504,0.10050597653603427,-0.01889669380750623
2396,-0.00015198090285551186,0.10050597608722385,-0.01889669380750623
2397,-0.0001519809501984574,0.10050597608774033,-0.01889669380750623
2398,-0.00015198090226372504,0.10050597653603427,-0.01889669380750623
2399,-0.00015198090226372504,0.10050597608774033,-0.01889669380750623
2400,-0.00015198090344729868,0.10050597653603427,-0.01889669380750623
2401,-0.00015198094901488376,0.10050597608748209,-0.01889669380750623
2402,-0.00015198090285551186,0.10050597608722385,-0.01889669380750623
2403,-0.00015198090344729868,0.10050597653655073,-0.01889669380750623
2404,-0.00015198094901488376,0.10050597608722385,-0.01889669380750623
2405,-0.00015198090344729868,0.10050597653629251,-0.01889669380750623
2406,-0.00015198090226372504,0.10050597608748209,-0.01889669380750623
2407,-0.00015198094901488376,0.10050597608748209,-0.01889669380750623
2408,-0.00015198090226372504,0.10050597653629251,-0.01889669380750623
2409,-0.0001519809040390855,0.10050597608748209,-0.01889669380750623
2410,-0.00015198094901488376,0.10050597653629251,-0.01889669380750623
2411,-0.00015198090226372504,0.10050597608748209,-0.01889669380750623
2412,-0.0001519809040390855,0.10050597608748209,-0.01889669380750623
2413,-0.00015198090226372504,0.10050597653603427,-0.01889669380750623
2414,-0.00015198094960667058,0.10050597608748209,-0.01889669380750623
2415,-0.00015198090226372504,0.10050597653629251,-0.01889669380750623
2416,-0.00015198090285551186,0.10050597608748209,-0.01889669380750623
2417,-0.0001519809501984574,0.10050597608774033,-0.01889669380750623
2418,-0.00015198090226372504,0.10050597653577603,-0.01889669380750623
2419,-0.00015198090344729868,0.10050597608748209,-0.01889669380750623
2420,-0.00015198094901488376,0.10050597653629251,-0.01889669380750623
2421,-0.00015198090285551186,0.10050597608748209,-0.01889669380750623
2422,0.03164590021314233,0.00894804985964332,0.10925038064323585
2423,0.03164590025870991,0.008948050308195496,0.10925038064401284
2424,0.03164590021255054,0.00894804985964332,0.10925038064323585
2425,0.031645900259301696,0.008948049859385085,0.10925038064401284
2426,0.031645900211958754,0.00894805030845373,0.10925038064323585
2427,0.03164590026107706,0.00894804985964332,0.10925038064323585
2428,0.031645900211958754,0.008948049859385085,0.10925038064401284
2429,0.03164590021136696,0.008948049859385085,0.10925038064323585
2430,0.031645900259893486,0.00894805030845373,0.10925038064401284
2431,0.03164590021373411,0.00894804985964332,0.10925038064323585
2432,0.03164590025870991,0.008948049859385085,0.10925038064323585
2433,0.03164590021255054,0.008948050308195496,0.10925038064401284
2434,0.031645900259893486,0.008948049859385085,0.10925038064323585
2435,0.031645900211958754,0.008948049859901554,0.10925038064401284
2436,0.03164590021314233,0.008948049859385085,0.10925038064323585
2437,0.031645900259301696,0.008948050308195496,0.10925038064323585
2438,0.03164590021136696,0.00894804985964332,0.10925038064401284
2439,0.031645900259893486,0.00894804985964332,0.10925038064323585
2440,0.03164590021255054,0.008948050308195496,0.10925038064401284
2441,0.03164590025870991,0.008948049859385085,0.10925038064323585
2442,0.03164590021314233,0.008948049859385085,0.10925038064323585
2443,0.03164590021255054,0.00894805030845373,0.10925038064401284
2444,0.031645900259301696,0.00894804985964332,0.10925038064323585
2445,0.03164590021314233,0.00894804985964332,0.10925038064401284
2446,0.03164590025870991,0.008948050307937263,0.10925038064323585
2447,0.03164590021314233,0.008948049859901554,0.10925038064323585
2448,0.03164590021136696,0.008948049859385085,0.10925038064401284
2449,0.03164590026107706,0.008948049859385085,0.10925038064323585
2450,0.03164590021136696,0.008948050308195496,0.10925038064401284
2451,0.03164590026107706,0.00894804985964332,0.10925038064323585
2452,0.03164590021136696,0.00894804985964332,0.10925038064323585
2453,0.031645900259893486,0.008948050308195496,0.10925038064401284
2454,0.031645900211958754,0.008948049859385085,0.10925038064323585
2455,0.03164590021314233,0.008948049859901554,0.10925038064401284
2456,0.031645900259301696,0.008948049859385085,0.10925038064323585
2457,0.03164590021255054,0.008948050308195496,0.10925038064323585
2458,0.03164590025870991,0.00894804985964332,0.10925038064401284
2459,0.03164590021314233,0.008948049859385085,0.10925038064323585
2460,0.031645900259301696,0.00894805030845373,0.10925038064401284
2461,0.031645900211958754,0.008948049859385085,0.10925038064323585
2462,0.011909284330572305,0.07682720210943407,-0.0722913081621116
2463,0.011909284376731678,0.07682720210943407,-0.0722913081621116
2464,0.011909284330572305,0.07682720255824449,-0.0722913081621116
2465,0.011909284376139891,0.07682720210943407,-0.0722913081621116
2466,0.01190928432998052,0.07682720210943407,-0.0722913081621116
2467,0.011909284331164092,0.07682720255798625,-0.0722913081621116
2468,0.011909284376139891,0.07682720210943407,-0.0722913081621116
2469,0.011909284330572305,0.07682720210943407,-0.0722913081621116
2470,0.011909284330572305,0.07682720210943407,-0.0722913081621116
2471,0.011909284376731678,0.07682720210943407,-0.0722913081621116
2472,0.011909284329388732,0.07682720255850271,-0.0722913081621116
2473,0.011909284330572305,0.07682720210917583,-0.0722913081621116
2474,0.011909284376731678,0.07682720210969231,-0.0722913081621116
2475,0.011909284330572305,0.07682720255824449,-0.0722913081621116
2476,0.011909284376139891,0.07682720210917583,-0.0722913081621116
2477,0.01190928432998052,0.07682720210969231,-0.0722913081621116
2478,0.011909284331164092,0.07682720210917583,-0.0722913081621116
2479,0.011909284377323465,0.07682720210969231,-0.0722913081621116
2480,0.011909284329388732,0.07682720255772801,-0.0722913081621116
2481,0.011909284376731678,0.07682720210969231,-0.0722913081621116
2482,0.011909284330572305,0.07682720210917583,-0.0722913081621116
2483,0.01190928432998052,0.07682720255824449,-0.0722913081621116
2484,0.011909284376139891,0.07682720210969231,-0.0722913081621116
2485,0.011909284331164092,0.07682720210943407,-0.0722913081621116
2486,0.011909284330572305,0.07682720210943407,-0.0722913081621116
2487,0.011909284376139891,0.07682720210943407,-0.0722913081621116
2488,0.011909284329388732,0.07682720255798625,-0.0722913081621116
2489,0.01190928432998052,0.07682720210943407,-0.0722913081621116
2490,0.01190928437791525,0.07682720210943407,-0.0722913081621116
2491,0.011909284329388732,0.07682720255824449,-0.0722913081621116
2492,0.011909284377323465,0.07682720210943407,-0.0722913081621116
2493,0.01190928432998052,0.07682720210943407,-0.0722913081621116
2494,-0.0024667691906540955,0.05753338642486208,-0.01889669380750623
2495,-0.0024667691900623085,0.057533386425378544,-0.01889669380750623
2496,-0.002466769235629894,0.05753338597605167,-0.01889669380750623
2497,-0.0024667691906540955,0.05753338642512031,-0.01889669380750623
2498,-0.002466769191245882,0.05753338642512031,-0.01889669380750623
2499,-0.002466769189470522,0.05753338642486208,-0.01889669380750623
2500,-0.0024667692368134674,0.05753338642512031,-0.01889669380750623
2501,-0.0024667691900623085,0.05753338642512031,-0.01889669380750623
2502,-0.0024667691906540955,0.0575333859763099,-0.01889669380750623
2503,-0.0024667691900623085,0.05753338642486208,-0.01889669380750623
2504,-0.0024667691900623085,0.057533386425378544,-0.01889669380750623
2505,-0.0024667692368134674,0.05753338642486208,-0.01889669380750623
2506,-0.0024667691906540955,0.05753338642486208,-0.01889669380750623
2507,-0.0024667691900623085,0.05753338597656814,-0.01889669380750623
2508,-0.0024667691900623085,0.05753338642486208,-0.01889669380750623
2509,-0.0024667692368134674,0.05753338642512031,-0.01889669380750623
2510,-0.0024667691906540955,0.05753338642512031,-0.01889669380750623
2511,-0.0024667691906540955,0.05753338642486208,-0.01889669380750623
2512,-0.002466769189470522,0.0575333859763099,-0.01889669380750623
2513,-0.0024667691906540955,0.057533386425378544,-0.01889669380750623
2514,-0.0024667692368134674,0.05753338642486208,-0.01889669380750623
2515,-0.0024667691906540955,0.05753338642486208,-0.01889669380750623
2516,-0.002466769188878735,0.057533386425378544,-0.01889669380750623
2517,-0.002466769191245882,0.05753338642486208,-0.01889669380750623
2518,-0.0024667692368134674,0.05753338597656814,-0.01889669380750623
2519,-0.0024667691906540955,0.05753338642486208,-0.01889669380750623
2520,-0.0024667691900623085,0.05753338642486208,-0.01889669380750623
2521,0.040856320973767575,-0.05103817773071202,-0.061612385291345925
2522,0.040856320973767575,-0.05103817728241808,-0.061612385291345925
2523,0.04085632097317579,-0.05103817773122849,-0.06161238529056893
2524,0.040856320972584,-0.05103817773071202,-0.061612385291345925
2525,0.04085632101992695,-0.05103817728241808,-0.061612385291345925
2526,0.040856320973767575,-0.05103817773097026,-0.061612385291345925
2527,0.040856320972584,-0.05103817773097026,-0.061612385291345925
2528,0.040856320973767575,-0.05103817728215985,-0.06161238529056893
2529,0.040856320973767575,-0.05103817773122849,-0.061612385291345925
2530,0.04085632097317579,-0.05103817728215985,-0.061612385291345925
2531,0.040856320973767575,-0.05103817773097026,-0.061612385291345925
2532,0.04085632101933516,-0.05103817773122849,-0.061612385291345925
2533,0.04085632097317579,-0.05103817728215985,-0.06161238529056893
2534,0.040856320973767575,-0.05103817773122849,-0.061612385291345925
2535,0.040856320972584,-0.05103817773071202,-0.061612385291345925
2536,0.040856320973767575,-0.05103817728215985,-0.061612385291345925
2537,0.040856320973767575,-0.05103817773122849,-0.061612385291345925
2538,0.04085632097317579,-0.05103817773097026,-0.06161238529056893
2539,0.040856320973767575,-0.05103817728215985,-0.061612385291345925
2540,0.040856320972584,-0.05103817773122849,-0.061612385291345925
2541,0.04085632102170231,-0.05103817773097026,-0.061612385291345925
2542,0.040856320972584,-0.05103817728215985,-0.061612385291345925
2543,0.04085632097317579,-0.05103817773097026,-0.06161238529056893
2544,0.040856320973767575,-0.05103817773122849,-0.061612385291345925
2545,0.040856320972584,-0.05103817728215985,-0.061612385291345925
2546,0.04085632097317579,-0.05103817773097026,-0.061612385291345925
2547,0.040856320972584,-0.05103817773097026,-0.061612385291345925
2548,0.040856321020518734,-0.05103817728241808,-0.06161238529056893
2549,0.040856320973767575,-0.05103817773071202,-0.061612385291345925
2550,0.040856320973767575,-0.05103817773122849,-0.061612385291345925
2551,0.04085632097317579,-0.05103817728215985,-0.061612385291345925
2552,0.040856320973767575,-0.05103817773122849,-0.061612385291345925
2553,0.040856320972584,-0.05103817728215985,-0.06161238529056893
2554,0.040856320973767575,-0.05103817773097026,-0.061612385291345925
2555,0.04085632097317579,-0.05103817773122849,-0.061612385291345925
2556,0.040856320972584,-0.05103817728215985,-0.061612385291345925
2557,0.040856321020518734,-0.05103817773097026,-0.061612385291345925
2558,0.040856320973767575,-0.05103817773097026,-0.06161238529056893
2559,0.04085632097317579,-0.05103817728215985,-0.061612385291345925
2560,0.040856320973767575,-0.05103817773097026,-0.061612385291345925
2561,0.012442706394327938,0.01240387106921299,-0.06507581973591857
2562,0.012442706394327938,0.012403871069987691,-0.06507581973591857
2563,0.012442706395511512,0.012403871069729457,-0.06507581973591857
2564,0.012442706394327938,0.012403871069729457,-0.06507581973514158
2565,0.012442706395511512,0.012403871069729457,-0.06507581973591857
2566,0.012442706394327938,0.012403871069471224,-0.06507581973591857
2567,0.012442706395511512,0.012403871069729457,-0.06507581973591857
2568,0.012442706394327938,0.012403871069987691,-0.06507581973591857
2569,0.012442706395511512,0.012403871069729457,-0.06507581973591857
2570,0.01244270644226267,0.012403871069729457,-0.06507581973591857
2571,0.012442706394327938,0.012403871069471224,-0.06507581973591857
2572,0.012442706394327938,0.012403871069729457,-0.06507581973514158
2573,0.012442706395511512,0.012403871069987691,-0.06507581973591857
2574,0.012442706394327938,0.012403871069471224,-0.06507581973591857
2575,0.012442706395511512,0.012403871069729457,-0.06507581973591857
2576,0.012442706394919725,0.012403871069729457,-0.06507581973591857
2577,0.012442706393736151,0.012403871069729457,-0.06507581973591857
2578,0.012442706396103299,0.012403871069729457,-0.06507581973591857
2579,0.012442706394327938,0.012403871069729457,-0.06507581973514158
2580,0.012442706395511512,0.012403871069729457,-0.06507581973591857
2581,0.012442706394327938,0.012403871069729457,-0.06507581973591857
2582,0.012442706394919725,0.012403871069471224,-0.06507581973591857
2583,0.012442706394919725,0.012403871069987691,-0.06507581973591857
2584,0.012442706395511512,0.012403871069729457,-0.06507581973591857
2585,0.012442706395511512,0.012403871069729457,-0.06507581973591857
2586,0.012442706394327938,0.012403871069471224,-0.06507581973514158
2587,0.012442706394327938,0.012403871069729457,-0.06507581973591857
2588,0.012442706441079096,0.012403871069987691,-0.06507581973591857
2589,0.012442706396695086,0.012403871069729457,-0.06507581973591857
2590,0.012442706394327938,0.012403871069471224,-0.06507581973591857
2591,0.012442706394919725,0.012403871069729457,-0.06507581973591857
2592,0.012442706394919725,0.012403871069729457,-0.06507581973591857
2593,0.012442706394327938,0.012403871069729457,-0.06507581973591857
2594,0.012442706395511512,0.012403871069471224,-0.06507581973514158
2595,0.012442706394919725,0.012403871069987691,-0.06507581973591857
2596,0.012442706393736151,0.012403871069729457,-0.06507581973591857
2597,0.012442706396103299,0.012403871069729457,-0.06507581973591857
2598,0.011178298589801652,0.017191771200168366,0.028565185618895986
2599,0.011178298541866919,0.01719177164897878,0.028565185618895986
2600,0.011178298589801652,0.0171917712004266,0.028565185618895986
2601,0.011178298589801652,0.0171917712004266,0.028565185618895986
2602,0.01117829854364228,0.017191771200168366,0.02856518561811899
2603,0.011178298588618078,0.0171917712004266,0.028565185618895986
2604,0.011178298590393439,0.017191771649237013,0.028565185618895986
2605,0.011178298543050493,0.017191771200168366,0.028565185618895986
2606,0.011178298588618078,0.0171917712004266,0.028565185618895986
2607,0.011178298589801652,0.01719177164897878,0.028565185618895986
2608,0.01117829854364228,0.017191771200168366,0.028565185618895986
2609,0.011178298589209865,0.0171917712004266,0.028565185618895986
2610,0.011178298589209865,0.017191771200168366,0.028565185618895986
2611,0.011178298543050493,0.017191771200684835,0.02856518561811899
2612,0.011178298588618078,0.01719177164897878,0.028565185618895986
2613,0.011178298589801652,0.0171917712004266,0.028565185618895986
2614,0.01117829854364228,0.0171917712004266,0.028565185618895986
2615,0.011178298589209865,0.017191771648720544,0.028565185618895986
2616,0.011178298590393439,0.017191771200168366,0.028565185618895986
2617,0.011178298543050493,0.0171917712004266,0.028565185618895986
2618,0.011178298589209865,0.0171917712004266,0.028565185618895986
2619,0.011178298588618078,0.0171917712004266,0.028565185618895986
2620,0.011178298544234067,0.017191771649237013,0.02856518561811899
2621,0.011178298589209865,0.017191771200168366,0.028565185618895986
2622,0.011178298589209865,0.0171917712004266,0.028565185618895986
2623,0.011178298542458706,0.017191771648720544,0.028565185618895986
2624,0.011178298590985226,0.0171917712004266,0.028565185618895986
2625,0.011178298588618078,0.0171917712004266,0.028565185618895986
2626,0.01117829854364228,0.017191771200168366,0.028565185618895986
2627,0.011178298589801652,0.0171917712004266,0.028565185618895986
2628,0.011178298588618078,0.017191771649237013,0.028565185618895986
2629,0.01117829854364228,0.017191771200168366,0.02856518561811899
2630,0.011178298589801652,0.0171917712004266,0.028565185618895986
2631,0.011178298588618078,0.01719177164897878,0.028565185618895986
2632,0.011178298543050493,0.0171917712004266,0.028565185618895986
2633,0.011178298589801652,0.0171917712004266,0.028565185618895986
2634,0.09511266502886666,0.02946965415333804,-0.01889669380750623
2635,0.09511266507502603,0.02946965415333804,-0.01889669380750623
2636,0.09511266502827487,0.02946965415333804,-0.01889669380750623
2637,0.09511266502886666,0.02946965415333804,-0.01889669380750623
2638,0.09511266502827487,0.02946965415333804,-0.01889669380750623
2639,0.09511266507502603,0.02946965415333804,-0.01889669380750623
2640,0.09511266502827487,0.02946965415333804,-0.01889669380750623
2641,0.09511266502886666,0.02946965415333804,-0.01889669380750623
2642,0.09511266502827487,0.02946965415333804,-0.01889669380750623
2643,0.09511266507561782,0.02946965415333804,-0.01889669380750623
2644,0.09511266502709129,0.02946965415333804,-0.01889669380750623
2645,0.09511266502945843,0.02946965415333804,-0.01889669380750623
2646,0.09511266502886666,0.02946965415333804,-0.01889669380750623
2647,0.09511266507502603,0.02946965415333804,-0.01889669380750623
2648,0.09511266502886666,0.02946965415333804,-0.01889669380750623
2649,0.09511266502827487,0.02946965415333804,-0.01889669380750623
2650,0.09511266507502603,0.02946965415333804,-0.01889669380750623
2651,0.09511266502886666,0.02946965415333804,-0.01889669380750623
2652,0.09511266502827487,0.02946965415333804,-0.01889669380750623
2653,0.09511266502886666,0.02946965415333804,-0.01889669380750623
2654,0.09511266507502603,0.02946965415333804,-0.01889669380750623
2655,0.09511266502827487,0.02946965415333804,-0.01889669380750623
2656,0.09511266502886666,0.02946965415333804,-0.01889669380750623
2657,0.09511266502827487,0.02946965415333804,-0.01889669380750623
2658,0.09511266507561782,0.02946965415333804,-0.01889669380750623
2659,0.09511266502768308,0.02946965415333804,-0.01889669380750623
2660,0.09511266502886666,0.02946965415333804,-0.01889669380750623
2661,0.09511266502827487,0.02946965415333804,-0.01889669380750623
2662,0.09511266507561782,0.02946965415333804,-0.01889669380750623
2663,0.09511266502827487,0.02946965415333804,-0.01889669380750623
2664,0.09511266502827487,0.02946965415333804,-0.01889669380750623
2665,0.09511266502886666,0.02946965415333804,-0.01889669380750623
2666,0.09511266507561782,0.02946965415333804,-0.01889669380750623
2667,0.09511266502768308,0.02946965415333804,-0.01889669380750623
2668,-0.025522228528859613,0.07519418349281688,-0.01889669380750623
2669,-0.0255222285294514,0.0751941830442647,-0.01889669380750623
2670,-0.02552222857620256,0.07519418349281688,-0.01889669380750623
2671,-0.02552222853063497,0.07519418349281688,-0.01889669380750623
2672,-0.025522228528267826,0.0751941830442647,-0.01889669380750623
2673,-0.0255222285294514,0.07519418349281688,-0.01889669380750623
2674,-0.025522228575610772,0.0751941834930751,-0.01889669380750623
2675,-0.025522228530043187,0.07519418304400646,-0.01889669380750623
2676,-0.025522228530043187,0.0751941834930751,-0.01889669380750623
2677,-0.025522228528267826,0.07519418349281688,-0.01889669380750623
2678,-0.02552222857620256,0.0751941830442647,-0.01889669380750623
2679,-0.0255222285294514,0.07519418349281688,-0.01889669380750623
2680,-0.0255222285294514,0.07519418349281688,-0.01889669380750623
2681,-0.02552222853063497,0.07519418304452294,-0.01889669380750623
2682,-0.02552222857620256,0.07519418349281688,-0.01889669380750623
2683,-0.025522228528859613,0.07519418304400646,-0.01889669380750623
2684,-0.0255222285294514,0.07519418349333334,-0.01889669380750623
2685,-0.0255222285294514,0.07519418349281688,-0.01889669380750623
2686,-0.02552222857620256,0.0751941830442647,-0.01889669380750623
2687,-0.025522228528859613,0.07519418349255864,-0.01889669380750623
2688,-0.0255222285294514,0.07519418349281688,-0.01889669380750623
2689,-0.025522228530043187,0.0751941830442647,-0.01889669380750623
2690,-0.02552222857620256,0.07519418349281688,-0.01889669380750623
2691,-0.025522228528859613,0.0751941834930751,-0.01889669380750623
2692,-0.025522228528267826,0.0751941830442647,-0.01889669380750623
2693,-0.02552222853063497,0.07519418349281688,-0.01889669380750623
2694,-0.02552222857620256,0.07519418349281688,-0.01889669380750623
2695,-0.0255222285294514,0.0751941830442647,-0.01889669380750623
2696,-0.025522228528859613,0.0751941834930751,-0.01889669380750623
2697,-0.00636535997872945,0.0715652523362189,-0.01889669380750623
2698,-0.006365360023705248,0.07156525233673536,-0.01889669380750623
2699,-0.00636535997872945,0.07156525278528754,-0.01889669380750623
2700,-0.006365359977545876,0.07156525233647713,-0.01889669380750623
2701,-0.006365359976954089,0.07156525233673536,-0.01889669380750623
2702,-0.0063653600248888215,0.07156525233647713,-0.01889669380750623
2703,-0.006365359977545876,0.07156525278528754,-0.01889669380750623
2704,-0.006365359978137663,0.0715652523362189,-0.01889669380750623
2705,-0.0063653600242970345,0.07156525233673536,-0.01889669380750623
2706,-0.006365359978137663,0.07156525233673536,-0.01889669380750623
2707,-0.006365359977545876,0.07156525233647713,-0.01889669380750623
2708,-0.0063653600248888215,0.07156525278528754,-0.01889669380750623
2709,-0.006365359976954089,0.07156525233647713,-0.01889669380750623
2710,-0.006365359977545876,0.07156525233647713,-0.01889669380750623
2711,-0.00636535997872945,0.07156525233647713,-0.01889669380750623
2712,-0.006365360023705248,0.07156525278528754,-0.01889669380750623
2713,-0.006365359977545876,0.07156525233647713,-0.01889669380750623
2714,-0.006365359978137663,0.07156525233673536,-0.01889669380750623
2715,-0.0063653600242970345,0.07156525233647713,-0.01889669380750623
2716,-0.00636535997872945,0.07156525233647713,-0.01889669380750623
2717,-0.006365359976954089,0.07156525278528754,-0.01889669380750623
2718,-0.0063653600248888215,0.07156525233647713,-0.01889669380750623
2719,-0.00636535997872945,0.07156525233647713,-0.01889669380750623
2720,-0.006365359976954089,0.07156525233673536,-0.01889669380750623
2721,-0.006365359977545876,0.0715652527850293,-0.01889669380750623
2722,-0.0063653600248888215,0.07156525233673536,-0.01889669380750623
2723,-0.006365359977545876,0.07156525233673536,-0.01889669380750623
2724,-0.0698566957340708,0.02495941136249819,-0.0799191102126585
2725,-0.06985669578141375,0.024959411362756423,-0.0799191102126585
2726,-0.06985669573347901,0.024959411811050367,-0.0799191102126585
2727,-0.06985669573525437,0.024959411362756423,-0.0799191102134355
2728,-0.06985669578082196,0.024959411362756423,-0.0799191102126585
2729,-0.0698566957340708,0.024959411811050367,-0.0799191102126585
2730,-0.0698566957340708,0.024959411362756423,-0.0799191102126585
2731,-0.06985669578141375,0.024959411362756423,-0.0799191102126585
2732,-0.06985669573466258,0.02495941136249819,-0.0799191102126585
2733,-0.06985669578023017,0.024959411362756423,-0.0799191102126585
2734,-0.06985669573466258,0.0249594118113086,-0.0799191102134355
2735,-0.06985669573466258,0.024959411362756423,-0.0799191102126585
2736,-0.06985669578023017,0.024959411362756423,-0.0799191102126585
2737,-0.06985669573466258,0.024959411811050367,-0.0799191102126585
2738,-0.06985669573347901,0.024959411362756423,-0.0799191102126585
2739,-0.06985669578259732,0.024959411362756423,-0.0799191102126585
2740,-0.06985669573347901,0.02495941136249819,-0.0799191102126585
2741,-0.06985669573466258,0.024959411362756423,-0.0799191102134355
2742,-0.06985669578023017,0.0249594118113086,-0.0799191102126585
2743,-0.0698566957340708,0.02495941136249819,-0.0799191102126585
2744,-0.06985669578200553,0.024959411362756423,-0.0799191102126585
2745,-0.06985669573347901,0.024959411811566835,-0.0799191102126585
2746,-0.06985669573466258,0.024959411362756423,-0.0799191102126585
2747,-0.06985669578023017,0.024959411362239958,-0.0799191102126585
2748,-0.06985669573584616,0.024959411362756423,-0.0799191102134355
2749,-0.06985669573347901,0.024959411362756423,-0.0799191102126585
2750,-0.06985669578141375,0.0249594118113086,-0.0799191102126585
2751,-0.06985669573347901,0.024959411362756423,-0.0799191102126585
2752,0.005330412384904826,-0.06641476403018573,-0.01889669380750623
2753,0.005330412384904826,-0.06641476447925437,-0.01889669380750623
2754,0.005330412384904826,-0.06641476403018573,-0.01889669380750623
2755,0.005330412384904826,-0.0664147640307022,-0.01889669380750623
2756,0.005330412384904826,-0.06641476403018573,-0.01889669380750623
2757,0.005330412384904826,-0.06641476447899615,-0.01889669380750623
2758,0.005330412384904826,-0.06641476403018573,-0.01889669380750623
2759,0.005330412384904826,-0.06641476403044397,-0.01889669380750623
2760,0.005330412384904826,-0.06641476447899615,-0.01889669380750623
2761,0.005330412384904826,-0.06641476403044397,-0.01889669380750623
2762,0.005330412384904826,-0.06641476403018573,-0.01889669380750623
2763,0.005330412384904826,-0.06641476447899615,-0.01889669380750623
2764,0.005330412384904826,-0.06641476403018573,-0.01889669380750623
2765,0.005330412384904826,-0.06641476403044397,-0.01889669380750623
2766,0.005330412384904826,-0.06641476403044397,-0.01889669380750623
2767,0.005330412384904826,-0.06641476447925437,-0.01889669380750623
2768,0.005330412384904826,-0.06641476403018573,-0.01889669380750623
2769,0.005330412384904826,-0.06641476403044397,-0.01889669380750623
2770,0.005330412384904826,-0.06641476447873791,-0.01889669380750623
2771,0.005330412384904826,-0.06641476403044397,-0.01889669380750623
2772,0.005330412384904826,-0.06641476403044397,-0.01889669380750623
2773,0.005330412384904826,-0.06641476447925437,-0.01889669380750623
2774,0.005330412384904826,-0.06641476403018573,-0.01889669380750623
2775,0.005330412384904826,-0.06641476403044397,-0.01889669380750623
2776,0.005330412384904826,-0.06641476403018573,-0.01889669380750623
2777,0.005330412384904826,-0.06641476447899615,-0.01889669380750623
2778,0.005330412384904826,-0.06641476403018573,-0.01889669380750623
2779,0.0010630359606688539,0.060188063613813174,-0.01889669380750623
2780,0.001063036006236439,0.06018806361432964,-0.01889669380750623
2781,0.001063035960077067,0.06018806406262358,-0.01889669380750623
2782,0.0010630360068282258,0.06018806361432964,-0.01889669380750623
2783,0.0010630359606688539,0.060188063614071405,-0.01889669380750623
2784,0.001063035960077067,0.060188063614071405,-0.01889669380750623
2785,0.001063036006236439,0.06018806406288182,-0.01889669380750623
2786,0.0010630359606688539,0.060188063614071405,-0.01889669380750623
2787,0.0010630359606688539,0.060188063614071405,-0.01889669380750623
2788,0.0010630360056446521,0.06018806361432964,-0.01889669380750623
2789,0.0010630359606688539,0.060188063614071405,-0.01889669380750623
2790,0.0010630360074200126,0.06018806406288182,-0.01889669380750623
2791,0.0010630359606688539,0.060188063614071405,-0.01889669380750623
2792,0.001063035960077067,0.06018806361432964,-0.01889669380750623
2793,0.001063036006236439,0.060188063613813174,-0.01889669380750623
2794,0.0010630359606688539,0.060188063614071405,-0.01889669380750623
2795,0.001063035960077067,0.06018806406288182,-0.01889669380750623
2796,0.001063036006236439,0.060188063614071405,-0.01889669380750623
2797,0.0010630359618524275,0.060188063614071405,-0.01889669380750623
2798,0.001063036006236439,0.06018806361432964,-0.01889669380750623
2799,0.0010630359588934934,0.06018806406262358,-0.01889669380750623
2800,0.0010630359618524275,0.060188063614071405,-0.01889669380750623
2801,0.001063036006236439,0.06018806361432964,-0.01889669380750623
2802,0.0010630359594852802,0.060188063614071405,-0.01889669380750623
2803,0.0010630359606688539,0.06018806361432964,-0.01889669380750623
2804,0.0010630360068282258,0.06018806406262358,-0.01889669380750623
2805,0.0010630359612606407,0.06018806361432964,-0.01889669380750623
2806,0.0010630360068282258,0.060188063613813174,-0.01889669380750623
2807,0.0010630359594852802,0.060188063614071405,-0.01889669380750623
2808,0.0010630359606688539,0.06018806361432964,-0.01889669380750623
2809,0.0010630360068282258,0.06018806406262358,-0.01889669380750623
2810,0.0010630359594852802,0.06018806361432964,-0.01889669380750623
2811,0.0010630359606688539,0.06018806361432964,-0.01889669380750623
2812,0.0010630360068282258,0.060188063613813174,-0.01889669380750623
2813,0.0010630359594852802,0.06018806406314005,-0.01889669380750623
2814,0.0010630360074200126,0.060188063613813174,-0.01889669380750623
2815,0.0010630359606688539,0.060188063614071405,-0.01889669380750623
2816,0.037588107173101175,0.005027048583018542,-0.07401371507672616
2817,0.03758810717369296,0.005027049031828953,-0.07401371507672616
2818,0.0375881071719176,0.005027048582760309,-0.07401371507672616
2819,0.0375881071269418,0.005027048583018542,-0.07401371507672616
2820,0.037588107173101175,0.005027048582760309,-0.07401371507672616
2821,0.037588107173101175,0.005027049031828953,-0.07401371507672616
2822,0.037588107172509384,0.005027048582760309,-0.07401371507672616
2823,0.037588107173101175,0.005027048583276776,-0.07401371507750315
2824,0.03758810717369296,0.005027048582760309,-0.07401371507672616
2825,0.037588107126350016,0.00502704903157072,-0.07401371507672616
2826,0.037588107173101175,0.005027048583018542,-0.07401371507672616
2827,0.037588107172509384,0.005027048583018542,-0.07401371507672616
2828,0.037588107173101175,0.005027048583018542,-0.07401371507672616
2829,0.03758810717369296,0.00502704903157072,-0.07401371507672616
2830,0.037588107173101175,0.005027048583018542,-0.07401371507672616
2831,0.0375881071269418,0.005027048582760309,-0.07401371507672616
2832,0.037588107173101175,0.005027048583276776,-0.07401371507672616
2833,0.037588107172509384,0.005027049031312486,-0.07401371507672616
2834,0.037588107173101175,0.005027048583018542,-0.07401371507672616
2835,0.037588107173101175,0.005027048583018542,-0.07401371507672616
2836,0.037588107172509384,0.005027048583018542,-0.07401371507672616
2837,0.0375881071269418,0.00502704903157072,-0.07401371507672616
2838,0.037588107173101175,0.005027048583018542,-0.07401371507672616
2839,0.037588107173101175,0.005027048583018542,-0.07401371507750315
2840,0.037588107172509384,0.005027048582760309,-0.07401371507672616
2841,0.037588107173101175,0.00502704903157072,-0.07401371507672616
2842,0.03758810717369296,0.005027048583018542,-0.07401371507672616
2843,0.037588107126350016,0.005027048583276776,-0.07401371507672616
2844,0.037588107173101175,0.0050270485825020745,-0.07401371507672616
2845,0.037588107172509384,0.005027049031828953,-0.07401371507672616
2846,0.037588107173101175,0.005027048583018542,-0.07401371507672616
2847,-0.002188298435928717,0.06735569260782201,-0.01889669380750623
2848,-0.0021882984365205038,0.06735569260808025,-0.01889669380750623
2849,-0.002188298389177558,0.06735569260782201,-0.01889669380750623
2850,-0.0021882984365205038,0.06735569260808025,-0.01889669380750623
2851,-0.002188298435928717,0.06735569260782201,-0.01889669380750623
2852,-0.002188298437112291,0.06735569260808025,-0.01889669380750623
2853,-0.00218829843533693,0.06735569260808025,-0.01889669380750623
2854,-0.002188298437112291,0.06735569260808025,-0.01889669380750623
2855,-0.002188298390361132,0.06735569260756377,-0.01889669380750623
2856,-0.00218829843533693,0.06735569260808025,-0.01889669380750623
2857,-0.002188298437112291,0.06735569260808025,-0.01889669380750623
2858,-0.0021882984365205038,0.06735569260756377,-0.01889669380750623
2859,-0.002188298435928717,0.06735569260833847,-0.01889669380750623
2860,-0.002188298437112291,0.06735569260808025,-0.01889669380750623
2861,-0.002188298389177558,0.06735569260782201,-0.01889669380750623
2862,-0.002188298435928717,0.06735569260782201,-0.01889669380750623
2863,-0.0021882984365205038,0.06735569260808025,-0.01889669380750623
2864,-0.002188298435928717,0.06735569260808025,-0.01889669380750623
2865,-0.0021882984365205038,0.06735569260782201,-0.01889669380750623
2866,-0.0021882984365205038,0.06735569260782201,-0.01889669380750623
2867,-0.002188298389177558,0.06735569260808025,-0.01889669380750623
2868,-0.0021882984377040774,0.06735569260808025,-0.01889669380750623
2869,-0.0021882984347451435,0.06735569260782201,-0.01889669380750623
2870,-0.0021882984377040774,0.06735569260782201,-0.01889669380750623
2871,-0.00218829843533693,0.06735569260833847,-0.01889669380750623
2872,-0.002188298437112291,0.06735569260756377,-0.01889669380750623
2873,-0.0021882983885857716,0.06735569260808025,-0.01889669380750623
2874,-0.0021882984377040774,0.06735569260808025,-0.01889669380750623
2875,-0.002188298435928717,0.06735569260808025,-0.01889669380750623
2876,-0.0021882984365205038,0.06735569260756377,-0.01889669380750623
2877,-0.002188298435928717,0.06735569260833847,-0.01889669380750623
2878,-0.002188298435928717,0.06735569260782201,-0.01889669380750623
2879,-0.002188298390361132,0.06735569260782201,-0.01889669380750623
2880,-0.002188298435928717,0.06735569260808025,-0.01889669380750623
2881,-0.0021882984365205038,0.06735569260808025,-0.01889669380750623
2882,-0.021736946552934112,0.0547270129735627,-0.01889669380750623
2883,-0.021736946554117686,0.05472701342211488,-0.01889669380750623
2884,-0.02173694650499938,0.05472701297330447,-0.01889669380750623
2885,-0.021736946552934112,0.05472701297382094,-0.01889669380750623
2886,-0.021736946552934112,0.05472701342211488,-0.01889669380750623
2887,-0.021736946552342325,0.0547270129735627,-0.01889669380750623
2888,-0.021736946554117686,0.05472701297330447,-0.01889669380750623
2889,-0.021736946506182953,0.054727013422373114,-0.01889669380750623
2890,-0.021736946552934112,0.05472701297330447,-0.01889669380750623
2891,-0.0217369465535259,0.05472701297382094,-0.01889669380750623
2892,-0.021736946552342325,0.05472701342211488,-0.01889669380750623
2893,-0.021736946551750538,0.05472701297382094,-0.01889669380750623
2894,-0.021736946507366527,0.05472701297330447,-0.01889669380750623
2895,-0.021736946551750538,0.05472701342211488,-0.01889669380750623
2896,-0.021736946554117686,0.0547270129735627,-0.01889669380750623
2897,-0.021736946552934112,0.0547270129735627,-0.01889669380750623
2898,-0.021736946552934112,0.05472701342211488,-0.01889669380750623
2899,-0.021736946506182953,0.05472701297382094,-0.01889669380750623
2900,-0.021736946552934112,0.05472701342211488,-0.01889669380750623
2901,-0.021736946552342325,0.05472701297330447,-0.01889669380750623
2902,-0.0217369465535259,0.0547270129735627,-0.01889669380750623
2903,-0.021736946552934112,0.054727013422373114,-0.01889669380750623
2904,-0.021736946507366527,0.0547270129735627,-0.01889669380750623
2905,-0.021736946551750538,0.05472701297330447,-0.01889669380750623
2906,-0.021736946552934112,0.054727013422373114,-0.01889669380750623
2907,-0.0217369465535259,0.05472701297330447,-0.01889669380750623
2908,-0.021736946551750538,0.0547270129735627,-0.01889669380750623
2909,-0.021736946507366527,0.054727013422373114,-0.01889669380750623
2910,-0.021736946552934112,0.0547270129735627,-0.01889669380750623
2911,-0.021736946552934112,0.05472701297330447,-0.01889669380750623
2912,-0.021736946552934112,0.05472701342211488,-0.01889669380750623
2913,-0.021736946551750538,0.05472701297382094,-0.01889669380750623
2914,-0.021736946506182953,0.0547270129735627,-0.01889669380750623
2915,-0.021736946554117686,0.05472701342211488,-0.01889669380750623
2916,-0.021736946551750538,0.0547270129735627,-0.01889669380750623
2917,-0.003692040611339375,0.033077848206175875,0.02992123931677099
2918,-0.003692040562812856,0.03307784820643411,0.02992123931677099
2919,-0.0036920406101558015,0.033077848655244525,0.02992123931677099
2920,-0.0036920406101558015,0.03307784820643411,0.02992123931677099
2921,-0.003692040562812856,0.033077848206175875,0.02992123931677099
2922,-0.003692040609564015,0.033077848206692344,0.029921239315993997
2923,-0.003692040562812856,0.033077848206175875,0.02992123931677099
2924,-0.0036920406101558015,0.033077848655502756,0.02992123931677099
2925,-0.0036920406107475885,0.033077848206175875,0.02992123931677099
2926,-0.003692040563404643,0.033077848206175875,0.02992123931677099
2927,-0.0036920406101558015,0.03307784820643411,0.02992123931677099
2928,-0.003692040609564015,0.033077848206692344,0.02992123931677099
2929,-0.003692040563404643,0.033077848654728056,0.02992123931677099
2930,-0.003692040608972228,0.03307784820643411,0.02992123931677099
2931,-0.003692040563404643,0.033077848206692344,0.02992123931677099
2932,-0.0036920406107475885,0.03307784820643411,0.02992123931677099
2933,-0.0036920406101558015,0.03307784820643411,0.02992123931677099
2934,-0.003692040562812856,0.03307784865498629,0.029921239315993997
2935,-0.0036920406101558015,0.03307784820643411,0.02992123931677099
2936,-0.0036920406101558015,0.03307784820643411,0.02992123931677099
2937,-0.003692040562812856,0.03307784820643411,0.02992123931677099
2938,-0.003692040609564015,0.03307784820643411,0.02992123931677099
2939,-0.003692040562812856,0.03307784865498629,0.02992123931677099
2940,-0.0036920406107475885,0.03307784820643411,0.02992123931677099
2941,-0.0036920406101558015,0.03307784820643411,0.02992123931677099
2942,-0.003692040563404643,0.03307784820643411,0.02992123931677099
2943,-0.003692040609564015,0.03307784820643411,0.02992123931677099
2944,-0.0036920406101558015,0.03307784865498629,0.02992123931677099
2945,-0.0036920405622210693,0.03307784820643411,0.02992123931677099
2946,-0.0036920406107475885,0.03307784820643411,0.029921239315993997
2947,-0.003692040563404643,0.03307784820643411,0.02992123931677099
2948,-0.0036920406101558015,0.03307784820643411,0.02992123931677099
2949,-0.0036920406101558015,0.03307784865498629,0.02992123931677099
2950,-0.0036920405622210693,0.03307784820643411,0.02992123931677099
2951,-0.0036920406107475885,0.033077848206692344,0.02992123931677099
2952,0.033030925892361784,0.07765803626038116,-0.06386057957992818
2953,0.03303092593970473,0.07765803670919157,-0.06386057957992818
2954,0.033030925892361784,0.07765803626038116,-0.06386057957992818
2955,0.03303092589354536,0.07765803626038116,-0.06386057957915117
2956,0.03303092593911294,0.0776580367094498,-0.06386057957992818
2957,0.033030925892953575,0.07765803626038116,-0.06386057957992818
2958,0.033030925892361784,0.07765803626063938,-0.06386057957992818
2959,0.03303092593970473,0.07765803670893333,-0.06386057957992818
2960,0.033030925892361784,0.07765803626063938,-0.06386057957992818
2961,0.033030925892361784,0.07765803626063938,-0.06386057957915117
2962,0.03303092593970473,0.07765803626038116,-0.06386057957992818
2963,0.033030925892361784,0.07765803670919157,-0.06386057957992818
2964,0.033030925892361784,0.07765803626038116,-0.06386057957992818
2965,0.03303092594029652,0.07765803626038116,-0.06386057957992818
2966,0.033030925892361784,0.0776580367094498,-0.06386057957992818
2967,0.033030925892953575,0.07765803626038116,-0.06386057957915117
2968,0.03303092593911294,0.07765803626063938,-0.06386057957992818
2969,0.033030925892953575,0.07765803670893333,-0.06386057957992818
2970,0.03303092593911294,0.07765803626063938,-0.06386057957992818
2971,0.033030925892361784,0.07765803626063938,-0.06386057957992818
2972,0.033030925892953575,0.07765803670893333,-0.06386057957992818
2973,0.03303092593911294,0.07765803626063938,-0.06386057957992818
2974,0.033030925892361784,0.07765803626063938,-0.06386057957915117
2975,0.03303092589413715,0.07765803670893333,-0.06386057957992818
2976,0.03303092593911294,0.07765803626063938,-0.06386057957992818
2977,0.033030925892361784,0.07765803626038116,-0.06386057957992818
2978,0.033030925892361784,0.07765803670919157,-0.06386057957992818
2979,0.03303092593911294,0.07765803626038116,-0.06386057957992818
2980,0.033030925892361784,0.07765803626063938,-0.06386057957915117
2981,0.033030925892953575,0.07765803626063938,-0.06386057957992818
2982,0.03303092593970473,0.07765803670893333,-0.06386057957992818
2983,0.033030925892361784,0.07765803626063938,-0.06386057957992818
2984,0.03303092589354536,0.07765803626063938,-0.06386057957992818
2985,0.03303092593911294,0.07765803670893333,-0.06386057957992818
2986,0.03303092589177,0.07765803626063938,-0.06386057957915117
2987,0.033030925892361784,0.07765803626038116,-0.06386057957992818
2988,0.03303092594088831,0.07765803670919157,-0.06386057957992818
2989,0.033030925892361784,0.07765803626038116,-0.06386057957992818
2990,0.039385749592908095,0.048041241666657464,-0.01889669380750623
2991,0.03938574959172452,0.048041241665882764,-0.01889669380750623
2992,0.03938574959349988,0.04804124166639923,-0.01889669380750623
2993,0.03938574963906746,0.04804124166639923,-0.01889669380750623
2994,0.039385749592908095,0.04804124166639923,-0.01889669380750623
2995,0.03938574959349988,0.048041241665882764,-0.01889669380750623
2996,0.039385749592908095,0.048041241666657464,-0.01889669380750623
2997,0.03938574959349988,0.048041241666140995,-0.01889669380750623
2998,0.039385749592316305,0.04804124121784705,-0.01889669380750623
2999,0.03938574959349988,0.048041241665882764,-0.01889669380750623
3000,0.039385749639659254,0.04804124166639923,-0.01889669380750623
3001,0.039385749592316305,0.04804124166639923,-0.01889669380750623
3002,0.039385749592908095,0.04804124166639923,-0.01889669380750623
3003,0.03938574959349988,0.048041241665882764,-0.01889669380750623
3004,0.039385749592908095,0.048041241666657464,-0.01889669380750623
3005,0.03938574959349988,0.048041241666140995,-0.01889669380750623
3006,0.03938574963906746,0.04804124166639923,-0.01889669380750623
3007,0.039385749592908095,0.048041241665882764,-0.01889669380750623
3008,0.03938574959349988,0.048041241666657464,-0.01889669380750623
3009,0.039385749592908095,0.048041241666140995,-0.01889669380750623
3010,0.03938574959172452,0.04804124166639923,-0.01889669380750623
3011,0.03938574959349988,0.04804124166639923,-0.01889669380750623
3012,0.039385749592316305,0.048041241666140995,-0.01889669380750623
3013,0.039385749639659254,0.048041241666140995,-0.01889669380750623
3014,0.03938574959349988,0.04804124166639923,-0.01889669380750623
3015,0.039385749592316305,0.04804124121784705,-0.01889669380750623
3016,0.03938574959409167,0.048041241666140995,-0.01889669380750623
3017,0.039385749592316305,0.048041241666140995,-0.01889669380750623
3018,0.03938574959349988,0.048041241666140995,-0.01889669380750623
3019,0.039385749592908095,0.048041241666657464,-0.01889669380750623
3020,0.03938574963906746,0.048041241666140995,-0.01889669380750623
3021,0.039385749592908095,0.048041241666140995,-0.01889669380750623
3022,0.03938574959349988,0.04804124166639923,-0.01889669380750623
3023,0.039385749592908095,0.04804124166639923,-0.01889669380750623
3024,0.005330412384904826,0.03288281085982184,-0.01889669380750623
3025,0.005330412384904826,0.03288281085982184,-0.01889669380750623
3026,0.005330412384904826,0.03288281041101143,-0.01889669380750623
3027,0.005330412384904826,0.03288281085982184,-0.01889669380750623
3028,0.005330412384904826,0.032882810859563606,-0.01889669380750623
3029,0.005330412384904826,0.03288281085982184,-0.01889669380750623
3030,0.005330412384904826,0.03288281085982184,-0.01889669380750623
3031,0.005330412384904826,0.03288281041126966,-0.01889669380750623
3032,0.005330412384904826,0.03288281085982184,-0.01889669380750623
3033,0.005330412384904826,0.032882810860080075,-0.01889669380750623
3034,0.005330412384904826,0.032882810859305375,-0.01889669380750623
3035,0.005330412384904826,0.032882810860080075,-0.01889669380750623
3036,0.005330412384904826,0.03288281085982184,-0.01889669380750623
3037,0.005330412384904826,0.03288281041101143,-0.01889669380750623
3038,0.005330412384904826,0.03288281085982184,-0.01889669380750623
3039,0.005330412384904826,0.03288281085982184,-0.01889669380750623
3040,0.005330412384904826,0.03288281085982184,-0.01889669380750623
3041,0.005330412384904826,0.03288281085982184,-0.01889669380750623
3042,0.005330412384904826,0.03288281041101143,-0.01889669380750623
3043,0.005330412384904826,0.03288281085982184,-0.01889669380750623
3044,0.005330412384904826,0.03288281085982184,-0.01889669380750623
3045,0.005330412384904826,0.032882810859563606,-0.01889669380750623
3046,0.005330412384904826,0.03288281085982184,-0.01889669380750623
3047,0.005330412384904826,0.03288281041126966,-0.01889669380750623
3048,0.005330412384904826,0.03288281085982184,-0.01889669380750623
3049,0.005330412384904826,0.03288281085982184,-0.01889669380750623
3050,0.005330412384904826,0.03288281085982184,-0.01889669380750623
3051,0.005330412384904826,0.032882810859563606,-0.01889669380750623
3052,0.005330412384904826,0.03288281085982184,-0.01889669380750623
3053,0.005330412384904826,0.03288281041101143,-0.01889669380750623
3054,0.005330412384904826,0.032882810860080075,-0.01889669380750623
3055,0.005330412384904826,0.03288281085982184,-0.01889669380750623
3056,0.005330412384904826,0.03288281085982184,-0.01889669380750623
3057,0.005330412384904826,0.032882810859563606,-0.01889669380750623
3058,0.005330412384904826,0.032882810411527894,-0.01889669380750623
3059,0.005330412384904826,0.032882810859305375,-0.01889669380750623
3060,0.005330412384904826,0.032882810860080075,-0.01889669380750623
3061,0.014102241645203012,0.031223637560593827,-0.01889669380750623
3062,0.01410224169195417,0.031223637111783414,-0.01889669380750623
3063,0.014102241645794798,0.031223637560593827,-0.01889669380750623
3064,0.01410224169017881,0.031223637560335592,-0.01889669380750623
3065,0.014102241645794798,0.031223637111783414,-0.01889669380750623
3066,0.014102241692545958,0.03122363756085206,-0.01889669380750623
3067,0.014102241645203012,0.031223637560335592,-0.01889669380750623
3068,0.014102241691362384,0.031223637111783414,-0.01889669380750623
3069,0.014102241645794798,0.03122363756085206,-0.01889669380750623
3070,0.014102241691362384,0.031223637560335592,-0.01889669380750623
3071,0.014102241645794798,0.03122363711204165,-0.01889669380750623
3072,0.014102241691362384,0.031223637560335592,-0.01889669380750623
3073,0.014102241645794798,0.031223637560593827,-0.01889669380750623
3074,0.01410224169195417,0.03122363711204165,-0.01889669380750623
3075,0.014102241644611225,0.031223637560335592,-0.01889669380750623
3076,0.014102241692545958,0.031223637560593827,-0.01889669380750623
3077,0.014102241645794798,0.03122363711152518,-0.01889669380750623
3078,0.01410224169017881,0.03122363756085206,-0.01889669380750623
3079,0.014102241645794798,0.031223637560335592,-0.01889669380750623
3080,0.014102241645794798,0.03122363711204165,-0.01889669380750623
3081,0.01410224169195417,0.031223637560593827,-0.01889669380750623
3082,0.014102241645203012,0.031223637560335592,-0.01889669380750623
3083,0.014102241690770597,0.03122363711204165,-0.01889669380750623
3084,0.014102241645794798,0.031223637560335592,-0.01889669380750623
3085,0.014102241692545958,0.031223637560593827,-0.01889669380750623
3086,0.014102241644611225,0.03122363711204165,-0.01889669380750623
3087,0.014102241692545958,0.031223637560335592,-0.01889669380750623
3088,0.014102241645203012,0.031223637560593827,-0.01889669380750623
3089,0.014102241693137743,0.031223637111783414,-0.01889669380750623
3090,0.014102241644019438,0.031223637560593827,-0.01889669380750623
3091,0.014102241692545958,0.031223637560335592,-0.01889669380750623
3092,0.014102241644611225,0.03122363711204165,-0.01889669380750623
3093,0.014102241692545958,0.031223637560335592,-0.01889669380750623
3094,0.014102241645794798,0.031223637560593827,-0.01889669380750623
3095,0.014102241691362384,0.031223637111783414,-0.01889669380750623
3096,0.014102241644611225,0.03122363756085206,-0.01889669380750623
3097,-0.004364767328798119,0.004544628724205962,-0.01889669380750623
3098,-0.004364767375549278,0.004544629172758139,-0.01889669380750623
3099,-0.004364767328798119,0.004544628724722429,-0.01889669380750623
3100,-0.004364767376141065,0.0045446287244641954,-0.01889669380750623
3101,-0.004364767327614545,0.004544628724205962,-0.01889669380750623
3102,-0.004364767375549278,0.004544629172758139,-0.01889669380750623
3103,-0.004364767329389906,0.004544628724722429,-0.01889669380750623
3104,-0.004364767327614545,0.0045446287244641954,-0.01889669380750623
3105,-0.004364767376141065,0.004544629172758139,-0.01889669380750623
3106,-0.004364767328798119,0.0045446287244641954,-0.01889669380750623
3107,-0.004364767375549278,0.0045446287244641954,-0.01889669380750623
3108,-0.004364767328798119,0.0045446287244641954,-0.01889669380750623
3109,-0.004364767328798119,0.004544629172758139,-0.01889669380750623
3110,-0.004364767374957491,0.0045446287244641954,-0.01889669380750623
3111,-0.004364767329389906,0.004544628724205962,-0.01889669380750623
3112,-0.004364767375549278,0.004544629173016373,-0.01889669380750623
3113,-0.004364767328798119,0.004544628724722429,-0.01889669380750623
3114,-0.004364767375549278,0.004544628724205962,-0.01889669380750623
3115,-0.004364767329389906,0.004544628724205962,-0.01889669380750623
3116,-0.004364767327614545,0.004544629173274606,-0.01889669380750623
3117,-0.004364767376141065,0.0045446287244641954,-0.01889669380750623
3118,-0.004364767328798119,0.004544628724205962,-0.01889669380750623
3119,-0.004364767375549278,0.004544629172758139,-0.01889669380750623
3120,-0.004364767328798119,0.004544628724722429,-0.01889669380750623
3121,-0.004364767375549278,0.0045446287244641954,-0.01889669380750623
3122,-0.004364767328798119,0.004544629172758139,-0.01889669380750623
3123,-0.004364767328798119,0.0045446287244641954,-0.01889669380750623
3124,-0.004364767375549278,0.004544628724205962,-0.01889669380750623
3125,-0.004364767328206332,0.0045446287244641954,-0.01889669380750623
3126,-0.004364767375549278,0.004544629172758139,-0.01889669380750623
3127,-0.004364767328798119,0.004544628724722429,-0.01889669380750623
3128,-0.004364767328798119,0.004544628724205962,-0.01889669380750623
3129,-0.004364767375549278,0.004544629173016373,-0.01889669380750623
3130,-0.004364767329389906,0.0045446287244641954,-0.01889669380750623
3131,-0.004364767376141065,0.0045446287244641954,-0.01889669380750623
3132,-0.004364767328206332,0.004544628724205962,-0.01889669380750623
3133,-0.004364767374957491,0.004544629173016373,-0.01889669380750623
3134,-0.004364767329389906,0.004544628724722429,-0.01889669380750623
3135,-0.002766660785412219,0.039184022861001803,-0.01889669380750623
3136,-0.0027666608327551645,0.039184023310070454,-0.01889669380750623
3137,-0.002766660785412219,0.03918402286126004,-0.01889669380750623
3138,-0.002766660785412219,0.03918402286126004,-0.01889669380750623
3139,-0.0027666607860040056,0.03918402286126004,-0.01889669380750623
3140,-0.0027666608321633775,0.039184023310070454,-0.01889669380750623
3141,-0.002766660785412219,0.03918402286126004,-0.01889669380750623
3142,-0.0027666607860040056,0.03918402286126004,-0.01889669380750623
3143,-0.0027666608327551645,0.039184023309812216,-0.01889669380750623
3144,-0.002766660785412219,0.03918402286177651,-0.01889669380750623
3145,-0.002766660785412219,0.03918402286126004,-0.01889669380750623
3146,-0.002766660785412219,0.03918402286126004,-0.01889669380750623
3147,-0.002766660831571591,0.039184023309812216,-0.01889669380750623
3148,-0.0027666607865957926,0.03918402286126004,-0.01889669380750623
3149,-0.0027666607860040056,0.03918402286126004,-0.01889669380750623
3150,-0.0027666608327551645,0.039184023310070454,-0.01889669380750623
3151,-0.002766660785412219,0.03918402286126004,-0.01889669380750623
3152,-0.002766660785412219,0.03918402286151827,-0.01889669380750623
3153,-0.002766660785412219,0.03918402286126004,-0.01889669380750623
3154,-0.0027666608327551645,0.039184023310070454,-0.01889669380750623
3155,-0.0027666607860040056,0.03918402286126004,-0.01889669380750623
3156,-0.002766660785412219,0.03918402286126004,-0.01889669380750623
3157,-0.002766660785412219,0.03918402286126004,-0.01889669380750623
3158,-0.0027666608327551645,0.039184023309812216,-0.01889669380750623
3159,-0.002766660785412219,0.03918402286126004,-0.01889669380750623
3160,-0.002766660785412219,0.03918402286177651,-0.01889669380750623
3161,-0.0027666608327551645,0.039184023309812216,-0.01889669380750623
3162,-0.002766660785412219,0.03918402286126004,-0.01889669380750623
3163,-0.0027666607860040056,0.03918402286126004,-0.01889669380750623
3164,-0.002766660785412219,0.03918402286126004,-0.01889669380750623
3165,-0.0027666608321633775,0.039184023310070454,-0.01889669380750623
3166,-0.002766660784820432,0.03918402286126004,-0.01889669380750623
3167,-0.0027666607865957926,0.03918402286126004,-0.01889669380750623
3168,-0.0027666608327551645,0.039184023310070454,-0.01889669380750623
3169,-0.002766660785412219,0.03918402286126004,-0.01889669380750623
3170,-0.002766660785412219,0.03918402286151827,-0.01889669380750623
3171,-0.002766660784820432,0.03918402286126004,-0.01889669380750623
3172,-0.002766660833938738,0.039184023309812216,-0.01889669380750623
3173,-0.002766660785412219,0.03918402286126004,-0.01889669380750623
3174,0.05065153035553348,0.010175838468766048,-0.01889669380750623
3175,0.05065153035375811,0.010175838020472104,-0.01889669380750623
3176,0.050651530307598745,0.010175838468766048,-0.01889669380750623
3177,0.050651530354349904,0.01017583802021387,-0.01889669380750623
3178,0.05065153035553348,0.01017583846902428,-0.01889669380750623
3179,0.05065153035375811,0.010175838020472104,-0.01889669380750623
3180,0.050651530307598745,0.010175838468766048,-0.01889669380750623
3181,0.05065153035494169,0.01017583802021387,-0.01889669380750623
3182,0.050651530354349904,0.01017583846902428,-0.01889669380750623
3183,0.050651530354349904,0.010175838468766048,-0.01889669380750623
3184,0.05065153035494169,0.010175838020472104,-0.01889669380750623
3185,0.050651530307598745,0.010175838468766048,-0.01889669380750623
3186,0.05065153035494169,0.01017583802021387,-0.01889669380750623
3187,0.050651530354349904,0.01017583846902428,-0.01889669380750623
3188,0.050651530354349904,0.01017583802021387,-0.01889669380750623
3189,0.050651530307006955,0.010175838468766048,-0.01889669380750623
3190,0.050651530354349904,0.010175838020472104,-0.01889669380750623
3191,0.05065153035553348,0.010175838468766048,-0.01889669380750623
3192,0.05065153035494169,0.010175838469282515,-0.01889669380750623
3193,0.05065153035375811,0.010175838019955636,-0.01889669380750623
3194,0.050651530307598745,0.01017583846902428,-0.01889669380750623
3195,0.05065153035553348,0.01017583802021387,-0.01889669380750623
3196,0.050651530354349904,0.01017583846902428,-0.01889669380750623
3197,0.05065153035375811,0.01017583802021387,-0.01889669380750623
3198,0.050651530307598745,0.010175838468766048,-0.01889669380750623
3199,0.05065153035553348,0.01017583802021387,-0.01889669380750623
3200,0.05065153035494169,0.01017583846902428,-0.01889669380750623
3201,0.05065153035316633,0.01017583846902428,-0.01889669380750623
3202,0.05065153035553348,0.01017583802021387,-0.01889669380750623
3203,0.05065153030819053,0.010175838468766048,-0.01889669380750623
3204,0.05065153035316633,0.010175838020472104,-0.01889669380750623
3205,0.05065153035494169,0.01017583846902428,-0.01889669380750623
3206,0.05065153035553348,0.010175838019955636,-0.01889669380750623
3207,0.050651530307598745,0.01017583846902428,-0.01889669380750623
3208,0.05065153035375811,0.010175838020472104,-0.01889669380750623
3209,0.050651530354349904,0.010175838468766048,-0.01889669380750623
3210,0.015856607507441382,0.02631248446924298,0.02381899767633346
3211,0.015856607553008967,0.026312484020174335,0.02381899767633346
3212,0.015856607506257808,0.026312484468984744,0.023818997675556466
3213,0.015856607506257808,0.02631248402043257,0.02381899767633346
3214,0.015856607553008967,0.026312484468984744,0.02381899767633346
3215,0.015856607507441382,0.0263124840206908,0.02381899767633346
3216,0.015856607553008967,0.026312484468726513,0.02381899767633346
3217,0.015856607506257808,0.02631248446924298,0.023818997675556466
3218,0.015856607507441382,0.02631248402043257,0.02381899767633346
3219,0.01585660755419254,0.026312484468984744,0.02381899767633346
3220,0.015856607505074234,0.02631248402043257,0.02381899767633346
3221,0.015856607553008967,0.026312484468984744,0.02381899767633346
3222,0.015856607507441382,0.02631248402043257,0.023818997675556466
3223,0.015856607507441382,0.02631248446924298,0.02381899767633346
3224,0.015856607553008967,0.026312484468984744,0.02381899767633346
3225,0.015856607506257808,0.02631248402043257,0.02381899767633346
3226,0.015856607506257808,0.026312484468984744,0.02381899767633346
3227,0.01585660755419254,0.02631248402043257,0.023818997675556466
3228,0.015856607506257808,0.02631248446924298,0.02381899767633346
3229,0.015856607506849595,0.026312484468726513,0.02381899767633346
3230,0.015856607553008967,0.0263124840206908,0.02381899767633346
3231,0.015856607506849595,0.026312484468726513,0.02381899767633346
3232,0.015856607553008967,0.02631248402043257,0.023818997675556466
3233,0.015856607506849595,0.026312484468984744,0.02381899767633346
3234,0.015856607507441382,0.0263124840206908,0.02381899767633346
3235,0.015856607553008967,0.026312484468726513,0.02381899767633346
3236,0.015856607506257808,0.02631248446924298,0.02381899767633346
3237,0.015856607553008967,0.02631248402043257,0.023818997675556466
3238,0.015856607507441382,0.026312484468984744,0.02381899767633346
3239,0.015856607506257808,0.02631248402043257,0.02381899767633346
3240,0.01585660755419254,0.02631248446924298,0.02381899767633346
3241,0.015856607506257808,0.026312484020174335,0.02381899767633346
3242,0.015856607505074234,0.02631248446924298,0.023818997675556466
3243,0.01585660755419254,0.026312484468984744,0.02381899767633346
3244,0.015856607506257808,0.02631248402043257,0.02381899767633346
3245,0.015856607507441382,0.02631248446924298,0.02381899767633346
3246,0.01585660755419254,0.026312484020174335,0.02381899767633346
3247,0.015856607505074234,0.02631248446924298,0.023818997675556466
3248,0.015856607553008967,0.02631248402043257,0.02381899767633346
3249,0.015856607507441382,0.026312484468984744,0.02381899767633346
3250,0.0035155511399235294,0.08172625885639001,0.04002150134202804
3251,0.003515551189041835,0.08172625885639001,0.040021501342805035
3252,0.0035155511399235294,0.08172625930520042,0.04002150134202804
3253,0.003515551141107103,0.08172625885639001,0.040021501342805035
3254,0.0035155511422906766,0.08172625885639001,0.04002150134202804
3255,0.003515551186674688,0.08172625885639001,0.040021501342805035
3256,0.003515551140515316,0.08172625885639001,0.04002150134202804
3257,0.0035155511416988896,0.08172625885664823,0.040021501342805035
3258,0.003515551140515316,0.08172625930494218,0.04002150134202804
3259,0.003515551186674688,0.08172625885664823,0.040021501342805035
3260,0.0035155511422906766,0.08172625885664823,0.04002150134202804
3261,0.003515551141107103,0.08172625885613177,0.040021501342805035
3262,0.003515551186674688,0.08172625885639001,0.04002150134202804
3263,0.003515551141107103,0.08172625885639001,0.040021501342805035
3264,0.003515551141107103,0.08172625930545865,0.04002150134202804
3265,0.003515551140515316,0.08172625885613177,0.040021501342805035
3266,0.0035155511878582615,0.08172625885639001,0.04002150134202804
3267,0.003515551141107103,0.08172625885664823,0.040021501342805035
3268,0.003515551141107103,0.08172625885664823,0.04002150134202804
3269,0.0035155511878582615,0.08172625885613177,0.040021501342805035
3270,0.003515551141107103,0.08172625930545865,0.04002150134202804
3271,0.0035155511399235294,0.08172625885613177,0.040021501342805035
3272,0.003515551141107103,0.08172625885664823,0.04002150134202804
3273,0.0035155511878582615,0.08172625885613177,0.040021501342805035
3274,0.003515551140515316,0.08172625885690647,0.04002150134202804
3275,0.003515551141107103,0.08172625885613177,0.040021501342805035
3276,0.003515551141107103,0.08172625930520042,0.04002150134202804
3277,0.0035155511878582615,0.08172625885664823,0.040021501342805035
3278,0.0035155511399235294,0.08172625885639001,0.04002150134202804
3279,0.015856607507441382,0.015036877492401585,-0.11653256005606068
3280,0.01585660755419254,0.015036877492143351,-0.11653256005606068
3281,0.015856607505074234,0.015036877940953762,-0.11653256005528369
3282,0.015856607507441382,0.015036877492659818,-0.11653256005606068
3283,0.015856607553008967,0.015036877492143351,-0.11653256005606068
3284,0.015856607507441382,0.015036877492401585,-0.11653256005606068
3285,0.015856607553008967,0.015036877941211996,-0.11653256005606068
3286,0.015856607506257808,0.015036877492401585,-0.11653256005606068
3287,0.015856607506257808,0.015036877492401585,-0.11653256005528369
3288,0.01585660755419254,0.015036877492401585,-0.11653256005606068
3289,0.015856607506257808,0.015036877940695529,-0.11653256005606068
3290,0.015856607506849595,0.015036877492401585,-0.11653256005606068
3291,0.015856607553008967,0.015036877492401585,-0.11653256005606068
3292,0.015856607506849595,0.015036877492401585,-0.11653256005606068
3293,0.015856607553008967,0.015036877492401585,-0.11653256005528369
3294,0.015856607506849595,0.015036877941211996,-0.11653256005606068
3295,0.015856607506257808,0.015036877492401585,-0.11653256005606068
3296,0.01585660755419254,0.015036877492143351,-0.11653256005606068
3297,0.015856607506257808,0.015036877492659818,-0.11653256005606068
3298,0.015856607506257808,0.015036877940953762,-0.11653256005606068
3299,0.01585660755419254,0.015036877492143351,-0.11653256005528369
3300,0.015856607506257808,0.015036877492401585,-0.11653256005606068
3301,0.015856607553008967,0.015036877492401585,-0.11653256005606068
3302,0.015856607507441382,0.015036877492401585,-0.11653256005606068
3303,0.01585660750566602,0.015036877941211996,-0.11653256005606068
3304,0.015856607553008967,0.015036877492401585,-0.11653256005606068
3305,0.015856607506849595,0.015036877492143351,-0.11653256005528369
3306,0.015856607507441382,0.015036877492401585,-0.11653256005606068
3307,0.01585660755419254,0.015036877941211996,-0.11653256005606068
3308,0.015856607506257808,0.015036877492143351,-0.11653256005606068
3309,0.015856607553600754,0.015036877492401585,-0.11653256005606068
3310,0.01585660750566602,0.015036877492401585,-0.11653256005606068
3311,0.015856607506257808,0.015036877940953762,-0.11653256005528369
3312,0.01585660755419254,0.015036877492401585,-0.11653256005606068
3313,0.015856607506257808,0.015036877492143351,-0.11653256005606068
3314,-0.04894528130370257,0.08274689582854496,0.08789253490170451
3315,-0.04894528130311078,0.08274689582828672,0.08789253490170451
3316,-0.04894528130370257,0.08274689537973455,0.08789253490170451
3317,-0.04894528130311078,0.08274689582828672,0.08789253490170451
3318,-0.048945281304294354,0.08274689582828672,0.08789253490170451
3319,-0.048945281302518996,0.08274689582828672,0.08789253490170451
3320,-0.048945281304294354,0.08274689537973455,0.08789253490170451
3321,-0.04894528125576784,0.08274689582828672,0.08789253490170451
3322,-0.048945281304294354,0.0827468958280285,0.08789253490170451
3323,-0.04894528130370257,0.08274689582828672,0.08789253490170451
3324,-0.048945281304294354,0.08274689582828672,0.08789253490170451
3325,-0.048945281302518996,0.08274689537973455,0.08789253490170451
3326,-0.048945281304294354,0.08274689582828672,0.08789253490170451
3327,-0.04894528130370257,0.08274689582828672,0.08789253490170451
3328,-0.04894528130311078,0.08274689582854496,0.08789253490170451
3329,-0.04894528130370257,0.0827468958280285,0.08789253490170451
3330,-0.04894528130311078,0.08274689537999277,0.08789253490170451
3331,-0.04894528130370257,0.08274689582777026,0.08789253490170451
3332,-0.04894528130311078,0.08274689582854496,0.08789253490170451
3333,-0.04894528130370257,0.08274689582828672,0.08789253490170451
3334,-0.04894528130311078,0.08274689537973455,0.08789253490170451
3335,-0.04894528130370257,0.08274689582828672,0.08789253490170451
3336,-0.048945281304294354,0.08274689582828672,0.08789253490170451
3337,-0.048945281302518996,0.08274689582828672,0.08789253490170451
3338,-0.048945281257543195,0.08274689582828672,0.08789253490170451
3339,-0.04894528130370257,0.08274689537973455,0.08789253490170451
3340,-0.04894528130311078,0.0827468958280285,0.08789253490170451
3341,-0.04894528130370257,0.08274689582828672,0.08789253490170451
3342,-0.048945281304294354,0.08274689582854496,0.08789253490170451
3343,-0.048945281302518996,0.08274689537947631,0.08789253490170451
3344,-0.048945281304294354,0.08274689582828672,0.08789253490170451
3345,-0.04894528130311078,0.08274689582828672,0.08789253490170451
3346,0.027886544803021447,0.08810280908627546,0.2251929718138799
3347,0.027886544847405458,0.08810280863746506,0.22519297181310288
3348,0.027886544849772606,0.08810280908627546,0.2251929718138799
3349,0.027886544801837873,0.08810280908601724,0.22519297181310288
3350,0.027886544801246086,0.08810280863746506,0.2251929718138799
3351,0.02788654484858903,0.08810280908601724,0.22519297181310288
3352,0.027886544849772606,0.0881028086377233,0.2251929718138799
3353,0.0278865448006543,0.088102809085759,0.2251929718138799
3354,0.02788654480242966,0.08810280908627546,0.22519297181310288
3355,0.02788654484918082,0.08810280863746506,0.2251929718138799
3356,0.027886544847997245,0.08810280908627546,0.22519297181310288
3357,0.027886544801837873,0.08810280908601724,0.2251929718138799
3358,0.027886544803021447,0.08810280863746506,0.22519297181310288
3359,0.027886544847997245,0.08810280908627546,0.2251929718138799
3360,-0.015042868528941407,-0.04996881350184183,-0.1291307363459461
3361,-0.015042868529533194,-0.049968813501583595,-0.1291307363459461
3362,-0.01504286852834962,-0.04996881395039401,-0.1291307363459461
3363,-0.015042868528941407,-0.04996881350184183,-0.1291307363467231
3364,-0.015042868529533194,-0.04996881350184183,-0.1291307363459461
3365,-0.01504286852834962,-0.049968813501325364,-0.1291307363459461
3366,-0.015042868529533194,-0.049968813502100064,-0.1291307363459461
3367,-0.015042868528941407,-0.049968813950135776,-0.1291307363459461
3368,-0.015042868529533194,-0.04996881350184183,-0.1291307363459461
3369,-0.01504286852834962,-0.04996881350184183,-0.1291307363459461
3370,-0.015042868529533194,-0.049968813501583595,-0.1291307363459461
3371,-0.015042868528941407,-0.04996881350184183,-0.1291307363467231
3372,-0.01504286852834962,-0.04996881395039401,-0.1291307363459461
3373,-0.015042868530716768,-0.04996881350184183,-0.1291307363459461
3374,-0.01504286852834962,-0.049968813501583595,-0.1291307363459461
3375,-0.01504286852834962,-0.04996881350184183,-0.1291307363459461
3376,-0.015042868529533194,-0.04996881350184183,-0.1291307363459461
3377,-0.015042868528941407,-0.049968813501583595,-0.1291307363459461
3378,-0.01504286852834962,-0.04996881395039401,-0.1291307363459461
3379,-0.015042868529533194,-0.049968813501583595,-0.1291307363467231
3380,-0.015042868528941407,-0.04996881350184183,-0.1291307363459461
3381,-0.01504286852834962,-0.04996881350184183,-0.1291307363459461
3382,-0.015042868529533194,-0.049968813501583595,-0.1291307363459461
3383,-0.015042868528941407,-0.04996881395039401,-0.1291307363459461
3384,-0.015042868529533194,-0.04996881350184183,-0.1291307363459461
3385,-0.01504286852834962,-0.049968813501583595,-0.1291307363459461
3386,-0.015042868529533194,-0.04996881350184183,-0.1291307363459461
3387,-0.015042868528941407,-0.04996881350184183,-0.1291307363467231
3388,-0.01504286852834962,-0.049968813950135776,-0.1291307363459461
3389,-0.015042868530716768,-0.04996881350184183,-0.1291307363459461
3390,-0.01504286852834962,-0.04996881350184183,-0.1291307363459461
3391,0.16322333949103257,0.038080117581474365,-0.01889669380750623
3392,0.1632233394448732,0.038080117132405715,-0.01889669380750623
3393,0.16322333949221612,0.03808011758121613,-0.01889669380750623
3394,0.1632233394436896,0.03808011758121613,-0.01889669380750623
3395,0.16322333949103257,0.038080117132405715,-0.01889669380750623
3396,0.16322333944546497,0.038080117581474365,-0.01889669380750623
3397,0.16322333949044077,0.038080117581474365,-0.01889669380750623
3398,0.1632233394448732,0.038080117132147484,-0.01889669380750623
3399,0.16322333949221612,0.038080117581474365,-0.01889669380750623
3400,0.16322333944428138,0.038080117581474365,-0.01889669380750623
3401,0.16322333949044077,0.03808011758069966,-0.01889669380750623
3402,0.16322333949221612,0.038080117132922184,-0.01889669380750623
3403,0.1632233394436896,0.038080117580957897,-0.01889669380750623
3404,0.16322333949103257,0.038080117581474365,-0.01889669380750623
3405,0.1632233394448732,0.038080117132405715,-0.01889669380750623
3406,0.16322333949221612,0.038080117581474365,-0.01889669380750623
3407,0.1632233394436896,0.03808011758121613,-0.01889669380750623
3408,0.16322333949103257,0.03808011713266395,-0.01889669380750623
3409,0.1632233394448732,0.03808011758121613,-0.01889669380750623
3410,0.16322333949221612,0.038080117580957897,-0.01889669380750623
3411,0.1632233394436896,0.038080117132922184,-0.01889669380750623
3412,0.163223339489849,0.038080117580957897,-0.01889669380750623
3413,0.048938935093662136,0.011428683439305516,0.02992123931677099
3414,0.048938935091294995,0.011428683439563748,0.02992123931677099
3415,0.04893893513922973,0.011428683439047281,0.02992123931677099
3416,0.04893893509247856,0.011428683439305516,0.02992123931677099
3417,0.04893893509188678,0.011428683439305516,0.02992123931677099
3418,0.04893893509247856,0.011428683439305516,0.029921239315993997
3419,0.048938935138046154,0.011428683439305516,0.02992123931677099
3420,0.04893893509247856,0.011428683439047281,0.02992123931677099
3421,0.04893893509247856,0.011428683888115927,0.02992123931677099
3422,0.04893893509247856,0.011428683439305516,0.02992123931677099
3423,0.04893893513863794,0.011428683439305516,0.02992123931677099
3424,0.04893893509247856,0.011428683439305516,0.02992123931677099
3425,0.04893893509247856,0.011428683439305516,0.02992123931677099
3426,0.048938935091294995,0.011428683439047281,0.02992123931677099
3427,0.04893893509247856,0.011428683439563748,0.02992123931677099
3428,0.04893893513922973,0.011428683439305516,0.02992123931677099
3429,0.048938935091294995,0.011428683439305516,0.02992123931677099
3430,0.048938935093662136,0.011428683439305516,0.029921239315993997
3431,0.048938935091294995,0.011428683439305516,0.02992123931677099
3432,0.04893893513922973,0.011428683439305516,0.02992123931677099
3433,0.04893893509247856,0.011428683439305516,0.02992123931677099
3434,0.04893893509188678,0.011428683439047281,0.02992123931677099
3435,0.048938935091294995,0.011428683439305516,0.02992123931677099
3436,0.04893893509247856,0.011428683439563748,0.02992123931677099
3437,0.04893893513922973,0.011428683439305516,0.02992123931677099
3438,0.04893893509188678,0.011428683439305516,0.02992123931677099
3439,0.04893893509247856,0.011428683887857692,0.02992123931677099
3440,0.048938935091294995,0.011428683439047281,0.02992123931677099
3441,0.04893893513922973,0.011428683439563748,0.02992123931677099
3442,0.04893893509188678,0.011428683439305516,0.029921239315993997
3443,0.04893893509307035,0.011428683439305516,0.02992123931677099
3444,0.04893893509247856,0.011428683439305516,0.02992123931677099
3445,0.048938935138046154,0.011428683439305516,0.02992123931677099
3446,0.04893893509247856,0.011428683439047281,0.02992123931677099
3447,0.04893893509188678,0.011428683439563748,0.02992123931677099
3448,-0.009289303080881968,0.011929821427211421,-0.11382045266031067
3449,-0.009289303078514822,0.01192982142772789,-0.11382045266031067
3450,-0.009289303080881968,0.011929821875763599,-0.11382045265953368
3451,-0.009289303080290181,0.01192982142772789,-0.11382045266031067
3452,-0.009289303127633127,0.011929821427469655,-0.11382045266031067
3453,-0.009289303079106607,0.011929821427211421,-0.11382045266031067
3454,-0.009289303080290181,0.011929821876280066,-0.11382045265953368
3455,-0.009289303080881968,0.011929821427211421,-0.11382045266031067
3456,-0.009289303078514822,0.011929821427469655,-0.11382045266031067
3457,-0.009289303080881968,0.01192982142772789,-0.11382045266031067
3458,-0.009289303080881968,0.011929821427469655,-0.11382045266031067
3459,-0.009289303078514822,0.011929821876021833,-0.11382045265953368
3460,-0.009289303080881968,0.011929821427469655,-0.11382045266031067
3461,-0.00928930312704134,0.011929821427469655,-0.11382045266031067
3462,-0.009289303079106607,0.011929821427211421,-0.11382045266031067
3463,-0.009289303080881968,0.011929821876280066,-0.11382045265953368
3464,-0.009289303080290181,0.011929821427211421,-0.11382045266031067
3465,-0.009289303079698394,0.011929821427469655,-0.11382045266031067
3466,-0.009289303079698394,0.01192982142772789,-0.11382045266031067
3467,-0.009289303080881968,0.011929821427469655,-0.11382045266031067
3468,-0.009289303079698394,0.011929821876021833,-0.11382045265953368
3469,-0.009289303080881968,0.011929821427469655,-0.11382045266031067
3470,-0.009289303126449553,0.011929821427469655,-0.11382045266031067
3471,-0.009289303080290181,0.011929821427211421,-0.11382045266031067
3472,-0.009289303080290181,0.011929821876280066,-0.11382045265953368
3473,-0.009289303080290181,0.011929821427211421,-0.11382045266031067
3474,-0.009289303079698394,0.011929821427469655,-0.11382045266031067
3475,-0.009289303079698394,0.01192982142772789,-0.11382045266031067
3476,-0.009289303080881968,0.011929821427469655,-0.11382045266031067
3477,-0.009289303080881968,0.011929821876021833,-0.11382045265953368
3478,-0.009289303078514822,0.011929821427211421,-0.11382045266031067
3479,-0.009289303127633127,0.011929821427469655,-0.11382045266031067
3480,-0.009289303079698394,0.011929821427469655,-0.11382045266031067
3481,-0.009289303080290181,0.011929821876280066,-0.11382045265953368
3482,-0.009289303080290181,0.011929821427211421,-0.11382045266031067
3483,-0.009289303080290181,0.01192982142772789,-0.11382045266031067
3484,-0.024417530388179957,0.02946965415333804,0.20396778349836864
3485,-0.02441753038936353,0.02946965415333804,0.20396778349914563
3486,-0.02441753043611469,0.02946965415333804,0.20396778349836864
3487,-0.024417530388179957,0.02946965415333804,0.20396778349914563
3488,-0.024417530389955318,0.02946965415333804,0.20396778349836864
3489,-0.024417530388179957,0.02946965415333804,0.20396778349836864
3490,-0.02441753043611469,0.02946965415333804,0.20396778349914563
3491,-0.02441753038936353,0.02946965415333804,0.20396778349836864
3492,-0.024417530388179957,0.02946965415333804,0.20396778349914563
3493,-0.024417530389955318,0.02946965415333804,0.20396778349836864
3494,-0.024417530388771744,0.02946965415333804,0.20396778349836864
3495,-0.024417530436706476,0.02946965415333804,0.20396778349914563
3496,-0.024417530388179957,0.02946965415333804,0.20396778349836864
3497,-0.02441753038936353,0.02946965415333804,0.20396778349836864
3498,-0.024417530388179957,0.02946965415333804,0.20396778349914563
3499,-0.02441753038936353,0.02946965415333804,0.20396778349836864
3500,-0.024417530435522902,0.02946965415333804,0.20396778349914563
3501,-0.02441753038936353,0.02946965415333804,0.20396778349836864
3502,-0.02441753038936353,0.02946965415333804,0.20396778349836864
3503,-0.024417530388179957,0.02946965415333804,0.20396778349914563
3504,-0.02441753043611469,0.02946965415333804,0.20396778349836864
3505,-0.024417530388771744,0.02946965415333804,0.20396778349914563
3506,-0.02441753038936353,0.02946965415333804,0.20396778349836864
3507,-0.18874631051382512,-0.029727280791911122,-0.23247515122592768
3508,-0.18874631046766574,-0.029727281240463296,-0.23247515122592768
3509,-0.18874631046648216,-0.029727280791911122,-0.23247515122592768
3510,-0.18874631051323332,-0.029727280791652887,-0.23247515122592768
3511,-0.18874631051382512,-0.02972728124072153,-0.23247515122592768
3512,-0.18874631046825752,-0.029727280791911122,-0.23247515122592768
3513,-0.18874631046589038,-0.029727280791652887,-0.23247515122592768
3514,-0.18874631051382512,-0.029727281240205062,-0.23247515122592768
3515,-0.1887463105144169,-0.029727280791911122,-0.23247515122592768
3516,-0.18874631046589038,-0.029727280791652887,-0.23247515122592768
3517,-0.18874631046825752,-0.029727280791911122,-0.23247515122592768
3518,-0.18874631051323332,-0.02972728124072153,-0.23247515122592768
3519,-0.18874631051382512,-0.029727280791652887,-0.23247515122592768
3520,-0.18874631046589038,-0.029727280791652887,-0.23247515122592768
3521,-0.18874631046825752,-0.029727281240463296,-0.23247515122592768
3522,-0.18874631051382512,-0.029727280791652887,-0.23247515122592768
3523,0.11059236378898998,0.001405921881297532,-0.47453073630050135
3524,0.11059236374223883,0.0014059218818139997,-0.47453073629972436
3525,0.11059236378958176,0.001405922330366177,-0.47453073629972436
3526,0.11059236378898998,0.0014059218815557657,-0.47453073630050135
3527,0.1105923637428306,0.0014059218815557657,-0.47453073630050135
3528,0.11059236378898998,0.0014059218815557657,-0.47453073629972436
3529,0.11059236379017355,0.0014059218818139997,-0.47453073629972436
3530,0.11059236374164703,0.0014059218815557657,-0.47453073630050135
3531,0.11059236378898998,0.0014059218815557657,-0.47453073630050135
3532,0.11059236378898998,0.001405922330366177,-0.47453073629972436
3533,0.1105923637428306,0.0014059218818139997,-0.47453073630050135
3534,0.11059236378839819,0.0014059218815557657,-0.47453073629972436
3535,0.11059236378958176,0.0014059218815557657,-0.47453073630050135
3536,0.1105923637428306,0.0014059218818139997,-0.47453073629972436
3537,0.11059236378898998,0.001405922330107943,-0.47453073629972436
3538,0.11059236378898998,0.0014059218818139997,-0.47453073630050135
3539,0.1105923637428306,0.0014059218815557657,-0.47453073630050135
3540,0.11059236378958176,0.0014059218815557657,-0.47453073629972436
3541,0.21585431514632397,-0.29887601230379135,-1.146590948976523
3542,0.21585431519307513,-0.2988760127523435,-1.1465909489773
3543,0.21585431514691578,-0.29887601230430777,-1.146590948976523
3544,0.21585431519366693,-0.29887601275208525,-1.1465909489773
3545,0.2158543151457322,-0.29887601230404953,-1.146590948976523
3546,0.21585431514750755,-0.29887601230379135,-1.146590948976523
3547,0.21585431519248335,-0.2988760127523435,-1.1465909489773
3548,0.21585431514691578,-0.29887601230404953,-1.146590948976523
3549,0.21585431519307513,-0.2988760127523435,-1.1465909489773
3550,0.21585431514691578,-0.29887601230404953,-1.146590948976523
3551,0.057961388087539194,-0.22310393584311733,-0.01889669380750623
3552,0.2263805103150199,-0.3557050702100516,-1.1807635021634393
3553,0.22638051026826875,-0.35570507021030984,-1.1807635021642164
3554,0.2263805103150199,-0.3557050702100516,-1.1807635021634393
3555,0.22638051031442813,-0.3557050702100516,-1.1807635021634393
3556,0.2263805103162035,-0.3557050702100516,-1.1807635021634393
3557,0.22638051026826875,-0.35570507021030984,-1.1807635021642164
3558,0.2263805103150199,-0.3557050702100516,-1.1807635021634393
3559,0.22638051031442813,-0.3557050702100516,-1.1807635021634393
3560,0.22638051026826875,-0.3557050702100516,-1.1807635021642164
3561,0.2263805103162035,-0.35570507021030984,-1.1807635021634393
3562,0.32111626655100095,-0.21162331779002072,-0.1742264810207624
3563,0.32111626655100095,-0.21162331778950424,-0.1742264810207624
3564,0.32111626654981734,-0.21162331778976248,-0.1742264810215394
3565,0.3211162665521845,-0.21162331778976248,-0.1742264810207624
3566,0.32111626654981734,-0.21162331778976248,-0.1742264810207624
3567,0.3211162665977521,-0.21162331823883113,-0.1742264810207624
3568,0.3211162665521845,-0.21162331778976248,-0.1742264810207624
3569,0.32111626654981734,-0.21162331778976248,-0.1742264810207624
3570,0.32111626655100095,-0.21162331779002072,-0.1742264810215394
3571,0.32111626655100095,-0.21162331778976248,-0.1742264810207624
3572,0.32111626655100095,-0.21162331779002072,-0.1742264810207624
3573,0.4965528522244762,-0.18100833721142606,-0.01889669380750623
3574,0.49655285217890865,-0.18100833765997823,-0.01889669380750623
3575,0.4965528521771333,-0.18100833721142606,-0.01889669380750623
3576,0.496552852225068,-0.18100833721116782,-0.01889669380750623
3577,0.496552852225068,-0.18100833765997823,-0.01889669380750623
3578,0.4965528521771333,-0.18100833721142606,-0.01889669380750623
3579,0.6193584621491578,-0.11786493993671743,-2.183158395647873
3580,0.6193584621970925,-0.11786493948790701,-2.183158395647096
3581,0.6193584621497495,-0.11786493993671743,-2.183158395647873
3582,0.29480077872276345,-0.5230350733471165,-0.01889669380750623
3583,0.29480077867660404,-0.523035073795927,-0.01889669380750623
3584,0.2948007786760123,-0.5230350733473748,-0.01889669380750623
3585,0.2948007787233552,-0.5230350733473748,-0.01889669380750623
3586,0.49216693754846363,-0.25467563448060077,-0.30366797036514254
3587,0.49216693759462304,-0.25467563403204857,-0.3036679703659195
3588,0.4921669375472801,-0.25467563448060077,-0.30366797036514254
3589,0.4921669375472801,-0.2546756340323068,-0.30366797036514254
3590,0.4921669375958066,-0.2546756344803425,-0.3036679703659195
3591,0.4921669375472801,-0.254675634480859,-0.30366797036514254
3592,0.4921669375478719,-0.25467563403179033,-0.30366797036514254
3593,0.49216693759403124,-0.254675634480859,-0.3036679703659195
3594,0.49216693754846363,-0.25467563403179033,-0.30366797036514254
3595,0.4921669375478719,-0.25467563448060077,-0.30366797036514254
3596,0.49216693759403124,-0.2546756340323068,-0.3036679703659195
3597,0.4921669375478719,-0.2546756344803425,-0.30366797036514254
3598,0.6273328524076348,-0.13699930291076765,0.2917628806190061
3599,0.6273328524076348,-0.13699930246118253,0.2917628806197831
