time,dx,dy,dz
0,-0.7633642498301504,-0.08195987047563769,0.564046860557926
1,-0.7633642497832512,-0.08195987092431897,0.5640468605581201
2,-0.7633642498302983,-0.08195987047563769,0.5640468605581201
3,-0.7633642498298545,-0.08195987092438353,0.564046860557926
4,-0.7633642497833992,-0.08195987092438353,0.5640468605581201
5,-0.7633642498304463,-0.08195987047563769,0.5640468605581201
6,-0.7633642498301504,-0.08195987092438353,0.5640468605581201
7,-0.7633642497833992,-0.08195987047570225,0.564046860557926
8,-0.7633642498300024,-0.08195987092431897,0.5640468605581201
9,-0.6972399778011548,0.538124800063656,0.417752596914656
10,-0.6972399778013026,0.5381248000635914,0.41775259691446176
11,-0.6972399778010068,0.5381248005122081,0.417752596914656
12,-0.6972399778008588,0.5381248000635914,0.417752596914656
13,-0.6972399777544036,0.5381248000635914,0.417752596914656
14,-0.6972399778014506,0.5381248000635914,0.41775259691446176
15,-0.6972399778008588,0.5381248005122081,0.417752596914656
16,-0.6972399778010068,0.538124800063656,0.417752596914656
17,-0.6972399778011548,0.5381248000635269,0.41775259691446176
18,-0.6972399778010068,0.5381248000635914,0.417752596914656
19,-0.6972399778013026,0.5381248000635914,0.417752596914656
20,-0.6972399778011548,0.5381248005123372,0.417752596914656
21,-0.6972399778008588,0.5381248000635269,0.41775259691446176
22,-0.6972399777542556,0.538124800063656,0.417752596914656
23,-0.6972399778013026,0.5381248000635269,0.417752596914656
24,-0.6972399778011548,0.5381248005122727,0.417752596914656
25,-0.6972399778010068,0.5381248000635914,0.41775259691446176
26,-0.6972399778008588,0.5381248000635914,0.417752596914656
27,-0.995832393623358,0.155756448702949,0.3228288380618516
28,-0.8377540558570375,0.21889984687508476,0.3228288380620458
29,-0.8377540558102864,0.4714734359745003,0.3228288380620458
30,-0.890446835127864,0.4083300386995335,0.3228288380618516
31,-0.8904468350812609,0.21889984642646804,0.3228288380620458
32,-0.8377540558101384,0.28204324414992255,0.3228288380618516
33,-0.7792065233181323,0.26450341142405415,0.5126763557672661
34,-0.7792065233179843,0.26450341097537283,0.5126763557672661
35,-0.7792065233182802,0.26450341142405415,0.5126763557672661
36,-0.7792065233181323,0.26450341097537283,0.5126763557670719
37,-0.7792065233182802,0.26450341142405415,0.5126763557672661
38,-0.7792065233179843,0.26450341142405415,0.5126763557672661
39,-0.7792065233181323,0.26450341097537283,0.5126763557672661
40,-0.7792065233181323,0.26450341142405415,0.5126763557672661
41,-0.7792065233179843,0.2645034114239896,0.5126763557670719
42,-0.7792065233182802,0.2645034109754374,0.5126763557672661
43,-0.7792065233179843,0.26450341142405415,0.5126763557672661
44,-0.7792065233181323,0.26450341097537283,0.5126763557672661
45,-0.7792065233179843,0.26450341142405415,0.5126763557672661
46,-0.7792065233182802,0.2645034114239896,0.5126763557672661
47,-0.7792065233181323,0.26450341097537283,0.5126763557672661
48,-0.7792065233179843,0.2645034114241187,0.5126763557670719
49,-0.7792065233184282,0.2645034109754374,0.5126763557672661
50,-0.7792065233182802,0.26450341142392503,0.5126763557672661
51,-0.6094186790159506,0.21469028669794202,0.6645543699314036
52,-0.6094186790159506,0.2146902866978129,0.6645543699314036
53,-0.6094186790632935,0.21469028669787746,0.6645543699315979
54,-0.6094186790159506,0.21469028624926073,0.6645543699314036
55,-0.6094186790162465,0.2146902866978129,0.6645543699314036
56,-0.6094186790162465,0.21469028669787746,0.6645543699314036
57,-0.6094186790159506,0.2146902866978129,0.6645543699314036
58,-0.6094186790627018,0.21469028669794202,0.6645543699315979
59,-0.6094186790165423,0.21469028669787746,0.6645543699314036
60,-0.6094186790159506,0.2146902866978129,0.6645543699314036
61,-0.6094186790159506,0.21469028669794202,0.6645543699314036
62,-0.6094186790165423,0.21469028624919617,0.6645543699314036
63,-0.6094186790629976,0.2146902866978129,0.6645543699315979
64,-0.6094186790159506,0.2146902866978129,0.6645543699314036
65,-0.6094186790162465,0.21469028669794202,0.6645543699314036
66,-0.7230697715557912,0.2931861964782609,0.6243513661820902
67,-0.7230697715559391,0.2931861964781963,0.6243513661820902
68,-0.7230697715559391,0.2931861960296442,0.6243513661820902
69,-0.7230697715557912,0.2931861964781963,0.6243513661820902
70,-0.7230697715559391,0.2931861964782609,0.6243513661820902
71,-0.7230697715557912,0.2931861964782609,0.6243513661820902
72,-0.7230697715559391,0.29318619602951507,0.6243513661820902
73,-0.7230697715559391,0.29318619647832544,0.6243513661820902
74,-0.7230697715088921,0.29318619647813177,0.6243513661820902
75,-0.7230697715557912,0.29318619647832544,0.6243513661820902
76,-0.7230697715559391,0.2931861960295796,0.6243513661820902
77,-0.7230697715557912,0.2931861964781963,0.6243513661820902
78,-0.723069771556235,0.2931861964782609,0.6243513661820902
79,-0.7230697715556432,0.2931861964781963,0.6243513661820902
80,-0.7230697715557912,0.2931861960296442,0.6243513661820902
81,-0.7230697715559391,0.2931861964782609,0.6243513661820902
82,-0.7230697715557912,0.2931861964781963,0.6243513661820902
83,-0.7762791466842409,0.33466274187891093,0.5506458593083491
84,-0.776279146684093,0.3346627414303588,0.5506458593081548
85,-0.7762791467309921,0.33466274187891093,0.5506458593083491
86,-0.776279146684093,0.3346627418789755,0.5506458593083491
87,-0.7762791466842409,0.3346627418789755,0.5506458593081548
88,-0.776279146684093,0.33466274143029423,0.5506458593083491
89,-0.7762791466842409,0.3346627418789755,0.5506458593083491
90,-0.776279146683945,0.3346627418789755,0.5506458593081548
91,-0.7762791466842409,0.33466274187891093,0.5506458593083491
92,-0.7762791467311401,0.33466274143022967,0.5506458593083491
93,-0.776279146684093,0.3346627418789755,0.5506458593081548
94,-0.7762791466842409,0.3346627418789755,0.5506458593083491
95,-0.776279146683945,0.33466274143029423,0.5506458593083491
96,-0.7762791466843889,0.3346627418789755,0.5506458593081548
97,-0.7762791467308442,0.33466274187891093,0.5506458593083491
98,-0.7762791466842409,0.3346627418789755,0.5506458593083491
99,-0.776279146683945,0.33466274143029423,0.5506458593081548
100,-0.7762791466842409,0.3346627418789755,0.5506458593083491
101,-0.7294411206810492,0.17329628142881737,0.5696306110787934
102,-0.7294411206810492,0.1732962818775632,0.5696306110787934
103,-0.729441120681197,0.17329628187749865,0.5696306110787934
104,-0.729441120681197,0.17329628142888193,0.5696306110787934
105,-0.729441120681197,0.17329628142888193,0.5696306110789876
106,-0.7294411206810492,0.1732962818775632,0.5696306110787934
107,-0.7294411206810492,0.17329628187749865,0.5696306110787934
108,-0.729441120681345,0.17329628142888193,0.5696306110787934
109,-0.729441120634298,0.17329628142888193,0.5696306110787934
110,-0.7294411206810492,0.17329628187749865,0.5696306110787934
111,-0.729441120681197,0.17329628187749865,0.5696306110787934
112,-0.7294411206810492,0.17329628142888193,0.5696306110787934
113,-0.7294411206810492,0.17329628142888193,0.5696306110787934
114,-0.7294411206810492,0.1732962818775632,0.5696306110789876
115,-0.729441120681197,0.17329628187749865,0.5696306110787934
116,-0.7294411206810492,0.17329628142888193,0.5696306110787934
117,-0.7294411206810492,0.17329628142881737,0.5696306110787934
118,-0.7294411206810492,0.1732962818775632,0.5696306110787934
119,-0.6550857543660001,0.037888773610519164,0.6645543699314036
120,-0.6550857544120116,0.03788877405920046,0.6645543699314036
121,-0.6550857543658521,0.037888773610519164,0.6645543699315979
122,-0.6550857544124554,0.0378887740591359,0.6645543699314036
123,-0.6550857543654083,0.037888773610519164,0.6645543699314036
124,-0.6550857544124554,0.037888773610519164,0.6645543699314036
125,-0.6550857543654083,0.03788877405920046,0.6645543699314036
126,-0.6550857544127513,0.037888773610519164,0.6645543699315979
127,-0.6550857543657043,0.0378887740591359,0.6645543699314036
128,-0.6550857544121594,0.037888773610519164,0.6645543699314036
129,-0.6550857543657043,0.037888773610519164,0.6645543699314036
130,-0.6550857544121594,0.03788877405920046,0.6645543699314036
131,-0.6550857543657043,0.037888773610519164,0.6645543699315979
132,-0.6550857544124554,0.0378887740591359,0.6645543699314036
133,-0.6550857543657043,0.037888773610519164,0.6645543699314036
134,-0.577389734786382,-0.055959648226728644,0.6042498643074335
135,-0.577389734739483,-0.055959648226728644,0.6042498643074335
136,-0.5773897347866779,-0.055959648226728644,0.6042498643074335
137,-0.5773897347396308,-0.055959648226728644,0.6042498643074335
138,-0.5773897347862341,-0.0559596482267932,0.6042498643074335
139,-0.5773897347396308,-0.0559596482267932,0.6042498643074335
140,-0.57738973478653,-0.055959648226664084,0.6042498643074335
141,-0.5773897347396308,-0.0559596482267932,0.6042498643074335
142,-0.57738973478653,-0.05595964867540994,0.6042498643072393
143,-0.577389734739483,-0.055959648226728644,0.6042498643074335
144,-0.57738973478653,-0.055959648226728644,0.6042498643074335
145,-0.5773897347396308,-0.0559596482267932,0.6042498643074335
146,-0.57738973478653,-0.055959648226728644,0.6042498643074335
147,-0.5773897347396308,-0.0559596482267932,0.6042498643074335
148,-0.57738973478653,-0.055959648226728644,0.6042498643074335
149,-0.577389734739483,-0.055959648226728644,0.6042498643074335
150,-0.5773897347862341,-0.055959648226728644,0.6042498643074335
151,-0.5404162299875843,-0.0877966552635973,0.7621902361797638
152,-0.5404162299877322,-0.08779665526366186,0.7621902361799581
153,-0.5404162299875843,-0.08779665571227858,0.7621902361799581
154,-0.5404162299874363,-0.0877966552635973,0.7621902361797638
155,-0.5404162299878802,-0.0877966552635973,0.7621902361797638
156,-0.5404162299872884,-0.08779665526366186,0.7621902361799581
157,-0.5404162299874363,-0.0877966552635973,0.7621902361799581
158,-0.5404162299874363,-0.08779665571221403,0.7621902361797638
159,-0.5404162299877322,-0.0877966552635973,0.7621902361797638
160,-0.5404162299874363,-0.08779665526366186,0.7621902361799581
161,-0.5404162299875843,-0.0877966552635973,0.7621902361799581
162,-0.5404162299875843,-0.08779665571227858,0.7621902361797638
163,-0.5404162299877322,-0.0877966552635973,0.7621902361797638
164,-0.5404162299872884,-0.0877966552635973,0.7621902361799581
165,-0.5512370685857971,-0.195478699086864,0.643196524189678
166,-0.5512370685857971,-0.19547869953554528,0.6431965241894837
167,-0.5512370685857971,-0.195478699086864,0.643196524189678
168,-0.5512370685856492,-0.195478699086864,0.6431965241894837
169,-0.5512370685857971,-0.195478699086864,0.643196524189678
170,-0.5512370685857971,-0.195478699086864,0.6431965241894837
171,-0.5512370685857971,-0.19547869953554528,0.643196524189678
172,-0.5512370685855013,-0.195478699086864,0.643196524189678
173,-0.5512370686326963,-0.19547869908679943,0.6431965241894837
174,-0.5512370685855013,-0.19547869953560984,0.643196524189678
175,-0.551237068586093,-0.19547869908679943,0.6431965241894837
176,-0.5512370685855013,-0.19547869908692855,0.643196524189678
177,-0.5512370685859451,-0.195478699086864,0.6431965241894837
178,-0.5512370685857971,-0.195478699086864,0.643196524189678
179,-0.5512370685855013,-0.19547869953548072,0.6431965241894837
180,-0.5512370685859451,-0.19547869908692855,0.643196524189678
181,-0.5818176994047816,-0.10132738318691908,0.7377812696178194
182,-0.5818176994043378,-0.10132738363566494,0.7377812696176251
183,-0.5818176994049296,-0.1013273831870482,0.7377812696178194
184,-0.5818176994046337,-0.10132738363560038,0.7377812696178194
185,-0.5818176994046337,-0.10132738318691908,0.7377812696178194
186,-0.5818176994049296,-0.1013273836357295,0.7377812696176251
187,-0.5818176994046337,-0.10132738318691908,0.7377812696178194
188,-0.5818176994513848,-0.10132738318698364,0.7377812696178194
189,-0.5818176994049296,-0.10132738363560038,0.7377812696176251
190,-0.5818176994046337,-0.10132738318698364,0.7377812696178194
191,-0.5818176994046337,-0.10132738363566494,0.7377812696178194
192,-0.5818176994044857,-0.10132738318691908,0.7377812696178194
193,-0.5818176994049296,-0.1013273836357295,0.7377812696176251
194,-0.5818176994046337,-0.10132738318691908,0.7377812696178194
195,-0.5426744919491374,-0.11365538020793318,0.6645543699315979
196,-0.5426744919488415,-0.11365537975944556,0.6645543699312093
197,-0.5426744919489895,-0.11365538020793318,0.6645543699315979
198,-0.5426744919955927,-0.11365538020793318,0.6645543699312093
199,-0.5426744919492854,-0.11365537975938102,0.6645543699315979
200,-0.5426744919486937,-0.11365538020793318,0.6645543699315979
201,-0.5426744919489895,-0.11365538020793318,0.6645543699312093
202,-0.5426744919488415,-0.11365537975931646,0.6645543699315979
203,-0.5426744919488415,-0.1136553802080623,0.6645543699312093
204,-0.5426744919491374,-0.11365538020793318,0.6645543699315979
205,-0.5426744919489895,-0.11365537975931646,0.6645543699315979
206,-0.5426744919955927,-0.11365538020799774,0.6645543699312093
207,-0.5426744919488415,-0.11365538020793318,0.6645543699315979
208,-0.5426744919491374,-0.11365537975931646,0.6645543699312093
209,-0.5426744919488415,-0.1136553802080623,0.6645543699315979
210,-0.6081640890636445,-0.11936835390095162,0.7621902361797638
211,-0.6081640890167453,-0.11936835434969746,0.7621902361801522
212,-0.6081640890637924,-0.11936835390101617,0.7621902361797638
213,-0.6081640890168933,-0.11936835390101617,0.7621902361797638
214,-0.6081640890634965,-0.11936835434969746,0.7621902361797638
215,-0.6081640890168933,-0.11936835390101617,0.7621902361801522
216,-0.6081640890634965,-0.11936835434969746,0.7621902361797638
217,-0.6081640890634965,-0.11936835390108073,0.7621902361797638
218,-0.6081640890168933,-0.11936835390095162,0.7621902361801522
219,-0.6081640890636445,-0.1193683543496329,0.7621902361797638
220,-0.6081640890165974,-0.11936835390108073,0.7621902361797638
221,-0.6081640890636445,-0.11936835390101617,0.7621902361797638
222,-0.6081640890167453,-0.1193683543496329,0.7621902361801522
223,-0.6081640890636445,-0.11936835390108073,0.7621902361797638
224,-0.6621114582870731,-0.01683550375845617,0.7328994763054305
225,-0.6621114582870731,-0.016835504207137465,0.732899476305042
226,-0.662111458287369,-0.01683550375845617,0.7328994763054305
227,-0.6621114582870731,-0.016835504207072905,0.7328994763054305
228,-0.6621114582870731,-0.01683550375845617,0.7328994763054305
229,-0.6621114582870731,-0.016835504207137465,0.732899476305042
230,-0.662111458287369,-0.01683550375845617,0.7328994763054305
231,-0.6621114582869251,-0.016835504207137465,0.7328994763054305
232,-0.6621114582870731,-0.01683550375845617,0.7328994763054305
233,-0.6621114582870731,-0.016835504207202024,0.732899476305042
234,-0.6621114582870731,-0.01683550375845617,0.7328994763054305
235,-0.662111458287369,-0.016835504207137465,0.7328994763054305
236,-0.6621114582870731,-0.01683550375845617,0.7328994763054305
237,-0.6621114582870731,-0.016835504207072905,0.732899476305042
238,-0.6621114582867772,-0.01683550375845617,0.7328994763054305
239,-0.7323684973153843,-0.2862473331180842,0.6645543699315979
240,-0.7323684973150885,-0.22310393539462972,1.0062799018007613
241,-0.9348197018600679,0.16904979601720796,0.4667132725332521
242,-0.9348197018137606,0.1690497955684621,0.4667132725332521
243,-0.9348197018603639,0.16904979601727252,0.4667132725336406
244,-0.9348197018602159,0.16904979601707884,0.4667132725332521
245,-0.9348197018136127,0.16904979556859123,0.4667132725332521
246,-0.9348197018603639,0.1690497960171434,0.4667132725332521
247,-0.9348197018131689,0.16904979556852667,0.4667132725332521
248,-0.9348197018606598,0.1690497960171434,0.4667132725336406
249,-0.9348197018602159,0.16904979601720796,0.4667132725332521
250,-0.9348197018136127,0.1690497955684621,0.4667132725332521
251,-0.9348197018602159,0.16904979601720796,0.4667132725332521
252,-0.9348197018606598,0.1690497960171434,0.4667132725336406
253,-0.9348197018133168,0.16904979556859123,0.4667132725332521
254,-0.9348197018602159,0.16904979601720796,0.4667132725332521
255,-0.9348197018136127,0.1690497955684621,0.4667132725332521
256,-0.9348197018605118,0.16904979601720796,0.4667132725332521
257,-0.93481970185992,0.1690497960171434,0.4667132725336406
258,-0.9348197018136127,0.16904979556852667,0.4667132725332521
259,-0.9348197018606598,0.1690497960171434,0.4667132725332521
260,-1.043255894952825,0.048412673605049784,-0.13850062996171347
261,-1.043255894952825,0.04841267315630393,-0.138500629962102
262,-1.043255894999872,0.04841267315630393,-0.13850062996171347
263,-1.043255894952825,0.048412673604985225,-0.13850062996171347
264,-1.0432558949529729,0.04841267360492067,-0.13850062996171347
265,-1.043255894953121,0.04841267315636849,-0.138500629962102
266,-1.043255894952825,0.04841267315630393,-0.13850062996171347
267,-1.043255894999872,0.048412673605049784,-0.13850062996171347
268,-1.0432558949529729,0.04841267360492067,-0.138500629962102
269,-1.0432558949529729,0.04841267315636849,-0.13850062996171347
270,-1.0432558949529729,0.04841267360492067,-0.13850062996171347
271,-1.0432558949526771,0.04841267315636849,-0.138500629962102
272,-1.04325589500002,0.048412673604985225,-0.13850062996171347
273,-1.043255894952825,0.04841267315623937,-0.13850062996171347
274,-1.043255894953121,0.04841267315636849,-0.138500629962102
275,-1.0432558949529729,0.04841267360492067,-0.13850062996171347
276,-1.043255894952825,0.048412673605049784,-0.13850062996171347
277,-1.043255894999872,0.04841267315630393,-0.13850062996171347
278,-1.043255894953121,0.04841267315630393,-0.138500629962102
279,-1.0432558949529729,0.048412673604985225,-0.13850062996171347
280,-1.0512984770736762,-0.14002051804573382,-0.0009111394984597571
281,-1.0512984770266292,-0.14002051759724618,-0.0009111394988482541
282,-1.0512984770736762,-0.14002051804573382,-0.0009111394984597571
283,-1.0512984770736762,-0.14002051804586294,-0.0009111394984597571
284,-1.051298477026777,-0.1400205175970525,-0.0009111394988482541
285,-1.0512984770736762,-0.14002051804586294,-0.0009111394984597571
286,-1.0512984770736762,-0.14002051804573382,-0.0009111394984597571
287,-1.0512984770270728,-0.14002051759724618,-0.0009111394988482541
288,-1.0512984770736762,-0.14002051804573382,-0.0009111394984597571
289,-1.0512984770733802,-0.14002051804579838,-0.0009111394984597571
290,-1.051298477073528,-0.14002051804586294,-0.0009111394984597571
291,-1.051298477026925,-0.1400205175970525,-0.0009111394988482541
292,-1.0512984770736762,-0.14002051804586294,-0.0009111394984597571
293,-1.051298477073824,-0.14002051804573382,-0.0009111394984597571
294,-1.0512984770266292,-0.14002051759724618,-0.0009111394988482541
295,-1.0512984770736762,-0.14002051804573382,-0.0009111394984597571
296,-1.051298477073824,-0.14002051804579838,-0.0009111394984597571
297,-1.051298477026925,-0.14002051759711706,-0.0009111394988482541
298,-1.0512984770733802,-0.14002051804579838,-0.0009111394984597571
299,-0.9115239467987643,0.31571972242726376,-0.2922771193032256
300,-0.9115239467990601,0.3157197224273283,-0.29227711930283706
301,-0.9115239467990601,0.315719722875945,-0.2922771193032256
302,-0.9115239467990601,0.3157197224273283,-0.2922771193032256
303,-0.9115239467989121,0.3157197224273283,-0.29227711930283706
304,-0.9115239467990601,0.3157197224273283,-0.2922771193032256
305,-0.9115239467987643,0.31571972242726376,-0.2922771193032256
306,-0.9115239467989121,0.3157197228760096,-0.29227711930283706
307,-0.9115239467990601,0.3157197224273283,-0.2922771193032256
308,-0.9115239467987643,0.31571972242726376,-0.2922771193032256
309,-0.9115239467990601,0.31571972242726376,-0.29227711930283706
310,-0.9115239467990601,0.3157197224273929,-0.2922771193032256
311,-0.9115239467987643,0.315719722875945,-0.2922771193032256
312,-0.9115239467989121,0.3157197224273283,-0.29227711930283706
313,-0.9115239467990601,0.3157197224273283,-0.2922771193032256
314,-0.5215973802777935,0.40833003869959805,-0.36062222567705826
315,-0.5742901595023128,0.6609036282474366,-0.7023477575462219
316,-0.695888880914623,0.6463320754098943,-0.8074940750449341
317,-0.6958888808678718,0.646332074961213,-0.8074940750445456
318,-0.695888880914771,0.6463320754099589,-0.8074940750449341
319,-0.6958888808678718,0.6463320754098943,-0.8074940750445456
320,-0.6958888809149189,0.646332074961213,-0.8074940750449341
321,-0.6958888808675759,0.6463320754098297,-0.8074940750445456
322,-0.6958888809149189,0.6463320754098943,-0.8074940750449341
323,-0.6958888808678718,0.6463320754098943,-0.8074940750445456
324,-0.695888880914771,0.646332074961213,-0.8074940750449341
325,-0.6958888808678718,0.6463320754098943,-0.8074940750445456
326,-0.695888880914771,0.6463320754098943,-0.8074940750449341
327,-0.6958888808677239,0.646332074961213,-0.8074940750445456
328,-0.695888880914771,0.6463320754098297,-0.8074940750449341
329,-0.8904468350811129,0.5661885323353092,-0.7755746572326377
330,-0.89044683512816,0.5661885323353092,-0.7755746572330262
331,-0.8904468350814089,0.5661885323353092,-0.7755746572326377
332,-0.890446835080817,0.5661885323353092,-0.7755746572326377
333,-0.8904468350814089,0.5661885323352446,-0.7755746572330262
334,-0.89044683512816,0.5661885323352446,-0.7755746572326377
335,-0.8904468350811129,0.5661885323353092,-0.7755746572330262
336,-0.8904468350811129,0.5661885323353092,-0.7755746572326377
337,-0.890446835127864,0.5661885323353092,-0.7755746572326377
338,-0.8904468350815568,0.5661885323353092,-0.7755746572330262
339,-0.890446835080965,0.5661885323352446,-0.7755746572326377
340,-0.8904468350811129,0.5661885323352446,-0.7755746572326377
341,-0.890446835127864,0.5661885323353092,-0.7755746572330262
342,-0.8904468350814089,0.5661885323353092,-0.7755746572326377
343,-0.9269264515283295,0.37918693212695703,-0.8074940750449341
344,-0.9269264514815784,0.3791869321270216,-0.8074940750445456
345,-0.9269264515283295,0.37918693257563835,-0.8074940750449341
346,-0.9269264514815784,0.3791869321270216,-0.8074940750445456
347,-0.9269264515283295,0.3791869321270216,-0.8074940750449341
348,-0.9269264515283295,0.37918693212695703,-0.8074940750445456
349,-0.9269264514815784,0.37918693257563835,-0.8074940750449341
350,-0.9269264515283295,0.3791869321270216,-0.8074940750445456
351,-0.9269264515283295,0.37918693212695703,-0.8074940750449341
352,-0.9269264514815784,0.3791869321270216,-0.8074940750445456
353,-0.9269264515283295,0.37918693257563835,-0.8074940750449341
354,-0.9269264514815784,0.3791869321270216,-0.8074940750445456
355,-0.9269264515284775,0.37918693212695703,-0.8074940750449341
356,-1.033470093089099,0.30008421441533834,-0.7755746572326377
357,-1.033470093088803,0.3000842148640196,-0.7755746572330262
358,-1.03347009313585,0.3000842144152738,-0.7755746572326377
359,-1.033470093089099,0.30008421486395503,-0.7755746572326377
360,-1.033470093088803,0.30008421441533834,-0.7755746572330262
361,-1.033470093089099,0.3000842148640196,-0.7755746572326377
362,-1.033470093089099,0.3000842144152738,-0.7755746572328319
363,-1.03347009313585,0.30008421441533834,-0.7755746572328319
364,-1.033470093089099,0.3000842148640196,-0.7755746572326377
365,-1.033470093089099,0.30008421441533834,-0.7755746572328319
366,-1.033470093088803,0.30008421486395503,-0.7755746572328319
367,-1.03347009313585,0.30008421441533834,-0.7755746572328319
368,-1.033470093088803,0.30008421486395503,-0.7755746572326377
369,-1.0334700930893947,0.3000842144152738,-0.7755746572328319
370,-1.168281489372093,0.000768109692843744,-0.7955456298745641
371,-1.16828148941914,0.0007681101413959211,-0.7955456298743698
372,-1.168281489372093,0.000768109692843744,-0.7955456298745641
373,-1.16828148941914,0.0007681096927146271,-0.7955456298745641
374,-1.168281489372093,0.0007681101415250381,-0.7955456298743698
375,-1.168281489419436,0.0007681096927146271,-0.7955456298745641
376,-1.168281489372093,0.0007681101414604796,-0.7955456298743698
377,-1.16828148941914,0.0007681096927791856,-0.7955456298745641
378,-1.168281489372093,0.000768109692843744,-0.7955456298745641
379,-1.1682814894188442,0.0007681101413959211,-0.7955456298743698
380,-1.168281489372389,0.0007681096927791856,-0.7955456298745641
381,-0.89044683512816,-0.8545379099374096,-0.7023477575464161
382,-0.7850612765388679,-0.8545379099374096,-1.044073289415968
383,-0.8494635623462956,-0.651075851304177,-0.8921952752516364
384,-0.8494635623459997,-0.6510758517527937,-0.8921952752518307
385,-0.8494635622995445,-0.6510758513041124,-0.8921952752516364
386,-0.8494635623459997,-0.6510758517528582,-0.8921952752516364
387,-0.8494635623457039,-0.6510758513041124,-0.8921952752518307
388,-0.8494635623462956,-0.6510758517527937,-0.8921952752516364
389,-0.8494635622995445,-0.651075851304177,-0.8921952752516364
390,-0.8494635623459997,-0.6510758517527937,-0.8921952752518307
391,-0.8494635623459997,-0.6510758513041124,-0.8921952752516364
392,-1.1670839262186659,-0.07576934175338466,-0.9016876511369558
393,-1.1670839262654171,-0.0757693413046388,-0.9016876511369558
394,-1.1670839262186659,-0.07576934175338466,-0.9016876511369558
395,-1.1670839262186659,-0.07576934175338466,-0.90168765113715
396,-1.1670839262186659,-0.07576934130470336,-0.9016876511369558
397,-1.1670839262186659,-0.0757693417533201,-0.9016876511369558
398,-1.1670839262654171,-0.07576934175338466,-0.9016876511369558
399,-1.1670839262186659,-0.0757693413046388,-0.9016876511369558
400,-1.1670839262186659,-0.07576934175338466,-0.90168765113715
401,-1.167083926265713,-0.07576934175338466,-0.9016876511369558
402,-1.1670839262186659,-0.0757693413046388,-0.9016876511369558
403,-1.16708392621837,-0.07576934175338466,-0.9016876511369558
404,-1.028258719317625,0.11204178929276565,-0.8337806544193208
405,-1.028258719317625,0.11204178929276565,-0.8337806544193208
406,-1.028258719317625,0.11204178929276565,-0.8337806544193208
407,-1.0282587193643762,0.11204178929276565,-0.8337806544193208
408,-1.028258719317625,0.11204178929276565,-0.8337806544193208
409,-1.028258719317625,0.11204178929276565,-0.8337806544193208
410,-1.028258719317625,0.1120417888441489,-0.833780654419515
411,-1.0282587193173292,0.11204178929270109,-0.8337806544193208
412,-1.0282587193173292,0.11204178929283021,-0.8337806544193208
413,-1.028258719364672,0.11204178929270109,-0.8337806544193208
414,-1.0282587193173292,0.11204178929276565,-0.8337806544193208
415,-1.028258719317625,0.11204178929283021,-0.8337806544193208
416,-1.028258719317625,0.11204178929276565,-0.8337806544193208
417,-1.0836536924078224,0.2715193441553919,-0.9016876511369558
418,-1.0836536923616629,0.27151934460413774,-0.9016876511369558
419,-1.0836536924078224,0.27151934415552104,-0.9016876511369558
420,-1.0836536924081182,0.27151934460413774,-0.9016876511369558
421,-1.0836536924081182,0.2715193441554565,-0.9016876511369558
422,-1.0836536924081182,0.27151934460413774,-0.9016876511369558
423,-1.083653692361367,0.2715193441554565,-0.90168765113715
424,-1.0836536924081182,0.2715193441554565,-0.9016876511369558
425,-1.0836536924081182,0.2715193446042023,-0.9016876511369558
426,-1.083653692361367,0.2715193441554565,-0.9016876511369558
427,-1.0836536924078224,0.27151934460413774,-0.9016876511369558
428,-1.0836536924081182,0.2715193441554565,-0.9016876511369558
429,-0.8185930452129795,0.5977602309726635,-0.9508754170878202
430,-0.8185930451662283,0.597760230972728,-0.9508754170880145
431,-0.8185930452132754,0.5977602314213447,-0.9508754170878202
432,-0.8185930451659325,0.597760230972728,-0.9508754170878202
433,-0.8185930452132754,0.5977602309726635,-0.9508754170880145
434,-0.8185930451659325,0.597760230972728,-0.9508754170878202
435,-0.8185930452132754,0.5977602309726635,-0.9508754170880145
436,-0.8185930451659325,0.597760230972728,-0.9508754170878202
437,-0.8185930452132754,0.5977602314213447,-0.9508754170878202
438,-0.8185930451662283,0.597760230972728,-0.9508754170880145
439,-0.8185930452129795,0.5977602309725989,-0.9508754170878202
440,-0.7566882415976984,0.7434757633869934,-0.8600672337939017
441,-0.7566882415506514,0.7434757638355456,-0.8600672337939017
442,-0.7566882415976984,0.7434757633869934,-0.8600672337939017
443,-0.7566882415509473,0.7434757638356101,-0.8600672337939017
444,-0.7566882415974026,0.7434757633869288,-0.8600672337939017
445,-0.7566882415976984,0.7434757638356424,-0.8600672337939017
446,-0.7566882415506514,0.7434757633869288,-0.8600672337939017
447,-0.7566882415976984,0.7434757638356101,-0.8600672337939017
448,-0.7566882415976984,0.7434757633869288,-0.8600672337939017
449,-0.7566882415503555,0.7434757638355779,-0.8600672337939017
450,-0.7566882415979943,0.7434757633869611,-0.8600672337939017
451,-0.7566882415506514,0.7434757638355779,-0.8600672337939017
452,-0.7566882415976984,0.7434757633869934,-0.8600672337939017
453,-0.8260445493210282,0.8292860218776461,-1.1959513035801057
454,-0.8260445493210282,0.8292860214290294,-1.1959513035801057
455,-0.8260445493680753,0.8292860218777107,-1.1959513035802998
456,-0.8260445493210282,0.8292860214290294,-1.1959513035801057
457,-0.8260445493213241,0.8292860218776461,-1.1959513035801057
458,-0.8260445493210282,0.8292860214290294,-1.1959513035801057
459,-0.8260445493680753,0.8292860218777107,-1.1959513035802998
460,-0.8260445493210282,0.8292860214290294,-1.1959513035801057
461,-0.8260445493213241,0.8292860218776784,-1.1959513035801057
462,-0.7639841648681158,0.6861609875164072,-1.0782458426028845
463,-0.7639841648684117,0.6861609875163426,-1.0782458426028845
464,-0.7639841648684117,0.6861609875163749,-1.0782458426028845
465,-0.7639841648684117,0.6861609875164072,-1.0782458426028845
466,-0.7639841648210688,0.6861609870676936,-1.0782458426028845
467,-0.7639841648687076,0.6861609875163749,-1.0782458426028845
468,-0.7639841648681158,0.6861609875163426,-1.0782458426028845
469,-0.7639841648684117,0.6861609875163749,-1.0782458426028845
470,-0.7639841648684117,0.6861609875164072,-1.0782458426028845
471,-0.7639841648681158,0.6861609875163749,-1.0782458426028845
472,-0.6844659707050175,0.8331128941134595,-0.9508754170878202
473,-0.6844659707050175,0.8331128941135241,-0.9508754170880145
474,-0.6844659707053133,0.8331128945621731,-0.9508754170878202
475,-0.6844659707050175,0.8331128941134918,-0.9508754170878202
476,-0.6844659707053133,0.8331128941134918,-0.9508754170880145
477,-0.6844659706582663,0.8331128941135241,-0.9508754170878202
478,-0.6844659707050175,0.8331128941134595,-0.9508754170880145
479,-0.6844659707053133,0.8331128941135241,-0.9508754170878202
480,-0.6844659707050175,0.8331128945621408,-0.9508754170878202
481,-0.6844659707050175,0.8331128941135241,-0.9508754170880145
482,-0.6844659707050175,0.8331128941134918,-0.9508754170878202
483,-0.6269829388200384,0.724047025970988,-0.7023477575464161
484,-0.6269829387732873,0.7240470259710202,-0.7023477575464161
485,-1.085004789294354,0.40833003869956574,-0.8600672337939017
486,-1.085004789294354,0.40833003869956574,-0.8600672337939017
487,-1.08500478929465,0.40833003869959805,-0.8600672337939017
488,-1.085004789294354,0.4083300391481825,-0.8600672337939017
489,-1.085004789294354,0.4083300386996303,-0.8600672337939017
490,-1.08500478929465,0.4083300386995335,-0.8600672337939017
491,-1.0850047893414012,0.4083300386996303,-0.8600672337939017
492,-1.0850047892940582,0.4083300386995335,-0.8600672337939017
493,-1.08500478929465,0.40833003869959805,-0.8600672337939017
494,-1.085004789294354,0.40833003914821475,-0.8600672337939017
495,-1.08500478929465,0.40833003869959805,-0.8600672337939017
496,-1.08500478929465,0.40833003869956574,-0.8600672337939017
497,-1.085004789294354,0.40833003869956574,-0.8600672337939017
498,-1.2314001127001908,0.04432692407400554,-0.642043251922446
499,-1.2314001126537357,0.04432692407394098,-0.642043251922446
500,-1.2314001127001908,0.04432692407394098,-0.642043251922446
501,-1.2314001127004868,0.04432692407400554,-0.642043251922446
502,-1.2314001127001908,0.044326924522622276,-0.642043251922446
503,-1.2314001126534397,0.04432692407394098,-0.642043251922446
504,-1.2314001127004868,0.04432692407394098,-0.642043251922446
505,-1.2314001127004868,0.04432692407394098,-0.642043251922446
506,-1.2314001126534397,0.04432692407400554,-0.6420432519222519
507,-1.2314001127004868,0.04432692407394098,-0.642043251922446
508,-1.2314001127004868,0.04432692407397326,-0.642043251922446
509,-1.2314001126537357,0.04432692407400554,-0.642043251922446
510,-1.2314001127001908,0.044326924522589996,-0.642043251922446
511,-1.2314001127001908,0.04432692407394098,-0.642043251922446
512,-1.2314001127004868,0.04432692407397326,-0.642043251922446
513,-1.2314001126534397,0.04432692407394098,-0.642043251922446
514,-1.2314001127004868,0.04432692407400554,-0.642043251922446
515,-1.2066035106599131,-0.27782821321225404,-0.725129459671027
516,-1.206603510707552,-0.2778282136609031,-0.7251294596712212
517,-1.2066035106596171,-0.27782821321225404,-0.725129459671027
518,-1.2066035106608008,-0.2778282132122218,-0.725129459671027
519,-1.2066035107066644,-0.27782821366093535,-0.725129459671027
520,-1.206603510660209,-0.2778282132122218,-0.7251294596712212
521,-1.206603510660209,-0.27782821321225404,-0.725129459671027
522,-1.2066035107072561,-0.2778282136609031,-0.725129459671027
523,-1.2066035106599131,-0.2778282132122218,-0.725129459671027
524,-1.206603510660209,-0.27782821321225404,-0.7251294596712212
525,-1.2066035107072561,-0.2778282136609031,-0.725129459671027
526,-1.2066035106599131,-0.27782821321225404,-0.725129459671027
527,-1.2066035106605049,-0.2778282132121895,-0.725129459671027
528,-1.2066035107066644,-0.2778282136609031,-0.7251294596712212
529,-1.2066035106608008,-0.27782821321225404,-0.725129459671027
530,-1.1756077581914544,-0.30481892063104854,-0.6219417500477894
531,-1.175607758145295,-0.30481892018239953,-0.6219417500477894
532,-1.175607758192046,-0.304818920630984,-0.6219417500475951
533,-1.175607758144999,-0.3048189206310163,-0.6219417500477894
534,-1.175607758192046,-0.30481892063104854,-0.6219417500477894
535,-1.1756077581447033,-0.304818920182335,-0.6219417500477894
536,-1.175607758192046,-0.30481892063104854,-0.6219417500477894
537,-1.175607758145295,-0.3048189206310163,-0.6219417500477894
538,-1.1756077581917503,-0.30481892018239953,-0.6219417500475951
539,-1.175607758145295,-0.30481892063104854,-0.6219417500477894
540,-1.175607758192046,-0.304818920630984,-0.6219417500477894
541,-1.175607758144999,-0.30481892018239953,-0.6219417500477894
542,-1.175607758192046,-0.3048189206310163,-0.6219417500477894
543,-1.175607758145295,-0.304818920630984,-0.6219417500477894
544,-1.175607758192046,-0.30481892063104854,-0.6219417500475951
545,-1.1756077581447033,-0.304818920182335,-0.6219417500477894
546,-1.175607758192046,-0.30481892063104854,-0.6219417500477894
547,-1.1258079157966696,-0.38727676884756734,-0.7023477575464161
548,-1.1258079158437166,-0.3872767688474705,-0.7023477575464161
549,-1.1258079157966696,-0.38727676884753504,-0.7023477575466104
550,-1.1258079157966696,-0.38727676929618404,-0.7023477575464161
551,-1.1258079157966696,-0.38727676884753504,-0.7023477575464161
552,-1.1258079158440126,-0.38727676884753504,-0.7023477575464161
553,-1.1258079157969656,-0.38727676884753504,-0.7023477575464161
554,-1.1258079157963736,-0.38727676884753504,-0.7023477575466104
555,-1.1258079157966696,-0.38727676884753504,-0.7023477575464161
556,-1.1258079158437166,-0.3872767688474705,-0.7023477575464161
557,-1.1258079157969656,-0.38727676884753504,-0.7023477575464161
558,-1.1258079157966696,-0.38727676929621635,-0.7023477575464161
559,-1.1258079157969656,-0.3872767688474705,-0.7023477575466104
560,-1.1258079158434209,-0.38727676884753504,-0.7023477575464161
561,-1.1258079157966696,-0.38727676884753504,-0.7023477575464161
562,-1.0560527127966532,0.10163353700950042,-0.7755746572328319
563,-1.0560527127496062,0.10163353700946814,-0.7755746572326377
564,-1.0560527127966532,0.10163353700956498,-0.7755746572328319
565,-1.0560527127969492,0.1016335365608514,-0.7755746572328319
566,-1.0560527127496062,0.10163353700950042,-0.7755746572328319
567,-1.0560527127966532,0.10163353700946814,-0.7755746572326377
568,-1.0560527127499022,0.10163353700956498,-0.7755746572328319
569,-1.0560527127969492,0.10163353700946814,-0.7755746572328319
570,-1.0560527127966532,0.1016335370095327,-0.7755746572326377
571,-1.0560527127493105,0.10163353700950042,-0.7755746572328319
572,-1.0560527127969492,0.10163353656088368,-0.7755746572328319
573,-1.0560527127966532,0.10163353700946814,-0.7755746572328319
574,-1.0560527127499022,0.10163353700950042,-0.7755746572326377
575,-1.0560527127966532,0.1016335370095327,-0.7755746572328319
576,-1.1363464716790928,0.26099544460967167,-0.7023477575464161
577,-1.1363464716320457,0.260995445058353,-0.7023477575466104
578,-1.1363464716790928,0.2609954446096071,-0.7023477575464161
579,-0.9431396143520875,0.09261305142817579,-1.385798821285326
580,-1.0485251728940366,0.21889984642646804,-1.044073289415968
581,-1.0590637287297084,0.3388723016075338,-1.1124183957898008
582,-1.0590637287297084,0.33887230160756604,-1.1124183957898008
583,-1.0590637287764597,0.3388723016075338,-1.1124183957898008
584,-1.0590637287294127,0.3388723016075338,-1.1124183957898008
585,-1.0590637287294127,0.33887230160756604,-1.1124183957898008
586,-1.0590637287297084,0.3388723016075338,-1.1124183957899951
587,-1.0590637287297084,0.3388723016075338,-1.1124183957898008
588,-1.0590637287761637,0.33887230160756604,-1.1124183957898008
589,-1.0590637287297084,0.3388723016075338,-1.1124183957898008
590,-1.0590637287297084,0.3388723016075338,-1.1124183957898008
591,-1.0836536924078224,0.4293778377912321,-1.2718903106622714
592,-1.0836536924081182,0.4293778377911353,-1.2718903106622714
593,-1.0836536924084141,0.42937783779119987,-1.2718903106622714
594,-1.1539107313889385,-0.28624733266946745,-0.7023477575464161
595,-1.1539107314362815,-0.4125341281163119,-1.044073289415968
596,-0.9958323936227661,-0.5388209226660843,-1.0440732894157738
597,-0.995832393623062,-0.41253412811637646,-1.044073289415968
598,-1.0485251728475813,-0.09681714039630519,-1.3857988212855201
599,-0.9431396143988386,0.7871904232458258,-1.0440732894157738
600,-0.7850612765391639,1.2291942055155403,-1.044073289415968
601,-0.5742901595490639,1.1660508077920535,-1.3857988212855201
602,-0.27921059564072004,0.913477218244118,-0.9073830766681085
603,-0.27921059564131184,0.9134772182441503,-0.9073830766681085
604,-0.2792105955939689,0.9134772182440857,-0.9073830766681085
605,-0.27921059564101597,0.913477218244118,-0.9073830766681085
606,-0.27921059564072004,0.9134772182440857,-0.9073830766681085
607,0.3214870879640009,1.1660508077920535,-1.7275243531548778
608,0.3017272957430814,0.9608347662002463,-1.3430831298016805
609,0.3017272957430814,0.9608347666488953,-1.3430831298016805
610,0.3017272957430814,0.9608347662002463,-1.3430831298018748
611,0.3017272957433773,0.9608347662001817,-1.3430831298016805
612,0.3017272957430814,0.9608347662002463,-1.3430831298016805
613,0.3017272957433773,0.960834766200214,-1.3430831298018748
614,0.3017272957430814,0.9608347666489276,-1.3430831298016805
615,0.3017272957430814,0.9608347662002463,-1.3430831298016805
616,-0.2265178163700414,0.8250764617003743,-1.044073289415968
617,-0.2265178163700414,0.8250764621491524,-1.044073289415968
618,-0.22651781636974552,0.8250764617004388,-1.0440732894157738
619,-0.2265178163700414,0.8250764617004388,-1.044073289415968
620,-0.22651781641649668,0.8250764621490878,-1.044073289415968
621,-0.2265178163703373,0.8250764617004388,-1.044073289415968
622,-0.22651781636974552,0.8250764617004388,-1.044073289415968
623,-0.22651781636974552,0.8250764617004711,-1.0440732894157738
624,-0.2265178163700414,0.8250764621490556,-1.044073289415968
625,-0.2265178163700414,0.8250764617004711,-1.044073289415968
626,-0.38108330222205866,0.2609954446096394,-1.6136158425316292
627,-0.38108330222176273,0.26099544505838523,-1.6136158425318234
628,-0.38108330222205866,0.2609954446096394,-1.6136158425316292
629,-0.7323684973155322,-0.6651077176643119,-0.7023477575466104
630,-0.5742901595020169,-0.9176813072122797,-0.7023477575464161
631,-0.5303795101327164,-0.9176813072122474,-1.21493605535055
632,-0.5303795101333082,-0.9176813076609287,-1.2149360553507442
633,-0.5303795100862612,-0.9176813072122797,-1.2149360553507442
634,-0.5303795101330123,-0.9176813072122474,-1.21493605535055
635,-0.5303795101333082,-0.9176813076608964,-1.21493605535055
636,-0.5303795101327164,-0.9176813072122474,-1.2149360553507442
637,-0.7060221077031247,-0.3178190317555031,-1.044073289415968
638,-0.7060221076566694,-0.3178190317555031,-1.044073289415968
639,-0.14396579552604882,1.1660508077920535,-1.1010275447274955
640,-0.14396579552575295,1.1660508082407348,-1.1010275447274955
641,-0.14396579552634473,1.1660508077920213,-1.1010275447274955
642,-0.14396579552604882,1.166050807792086,-1.1010275447274955
643,-0.14396579552604882,1.1660508082407348,-1.1010275447274955
644,-0.14396579552604882,1.166050807791989,-1.1010275447274955
645,-0.0473623668863656,1.0397640132424748,-1.044073289415968
646,-0.18787644494180455,0.6398558291558671,-0.9301647787927194
647,-0.1878764448950534,0.6398558296045807,-0.9301647787929137
648,-0.18787644494210046,0.6398558291558993,-0.9301647787927194
649,-0.31082626319419127,0.7240470259710202,-1.385798821285326
650,-0.3635190424648699,0.7871904232458258,-0.7023477575466104
651,-0.31082626319419127,0.9134772182440857,-0.360622225676864
652,-0.1000551461102931,0.8503338209693447,-1.044073289415968
653,-0.10005514615704426,0.9766206155188589,-0.7023477575464161
654,0.005330412384904826,0.8503338209693125,-0.7023477575464161
655,-0.53665246003598,0.8232723646739231,-0.8976194900433307
656,-0.5366524600365717,0.8232723646738586,-0.8976194900433307
657,-0.5366524600362759,0.8232723646739231,-0.8976194900433307
658,-0.536652460083027,0.8232723651225721,-0.8976194900431365
659,-0.5366524600365717,0.8232723646738908,-0.8976194900433307
660,-0.5366524600362759,0.8232723646739231,-0.8976194900433307
661,-0.53665246003598,0.8232723646738586,-0.8976194900433307
662,-0.9403663101725959,0.7273703625752282,-0.576448877384062
663,-0.9403663102196429,0.7273703625752282,-0.576448877384062
664,-0.9403663101725959,0.7273703625751959,-0.5764488773838677
665,-0.9403663101725959,0.7273703630239096,-0.576448877384062
666,-0.940366310219347,0.7273703625751636,-0.576448877384062
667,-0.9403663101725959,0.7273703625752282,-0.576448877384062
668,-0.9403663101725959,0.7273703625752282,-0.576448877384062
669,-0.940366310219347,0.7273703625751959,-0.5764488773838677
670,-0.9403663101725959,0.7273703625752282,-0.576448877384062
671,-0.9403663101725959,0.7273703630239096,-0.576448877384062
672,-0.9403663101725959,0.7273703625752282,-0.576448877384062
673,-0.9403663102196429,0.7273703625751636,-0.5764488773838677
674,-0.9403663101723,0.7273703625752604,-0.576448877384062
675,-0.9403663101731877,0.7273703625751636,-0.576448877384062
676,-0.9403663102187553,0.7273703625752604,-0.576448877384062
677,-0.9403663101731877,0.727370363023845,-0.576448877384062
678,-0.9403663101723,0.7273703625752282,-0.5764488773838677
679,-0.9403663102196429,0.7273703625751959,-0.576448877384062
680,-0.9403663101725959,0.7273703625752282,-0.576448877384062
681,-1.118782211921904,0.40833003869956574,-0.20115031080458773
682,-1.1187822118754487,0.40833003869959805,-0.20115031080458773
683,-1.1187822119222,0.40833003869956574,-0.20115031080458773
684,-1.118782211921904,0.40833003914821475,-0.20115031080439347
685,-1.118782211875153,0.40833003869959805,-0.20115031080458773
686,-1.118782211921904,0.40833003869959805,-0.20115031080458773
687,-1.1187822119222,0.4083300386995335,-0.20115031080458773
688,-1.118782211875153,0.40833003869959805,-0.20115031080458773
689,-1.1187822119222,0.40833003869956574,-0.20115031080458773
690,-1.118782211921904,0.40833003869959805,-0.20115031080458773
691,-1.1187822118754487,0.40833003869956574,-0.20115031080458773
692,-1.118782211921904,0.40833003914824706,-0.20115031080439347
693,-1.1187822119222,0.40833003869956574,-0.20115031080458773
694,-1.118782211875153,0.40833003869959805,-0.20115031080458773
695,-1.1187822119222,0.40833003869956574,-0.20115031080458773
696,-1.1338372916800905,0.24295447389563915,-0.2467137150538095
697,-1.1338372917271375,0.24295447434425588,-0.2467137150538095
698,-1.1338372916803865,0.24295447389563915,-0.2467137150538095
699,-1.1338372916803865,0.24295447389563915,-0.2467137150538095
700,-1.1338372916803865,0.24295447434428816,-0.2467137150538095
701,-1.1338372917271375,0.24295447389563915,-0.2467137150538095
702,-1.1338372916806823,0.24295447389560687,-0.2467137150538095
703,-1.1338372916797945,0.24295447434428816,-0.2467137150538095
704,-1.1338372917274335,0.24295447389560687,-0.2467137150538095
705,-1.1338372916800905,0.24295447389563915,-0.2467137150538095
706,-1.1338372916803865,0.24295447434432044,-0.24671371505400375
707,-1.1338372916803865,0.24295447389560687,-0.2467137150538095
708,-1.1338372917271375,0.24295447389563915,-0.2467137150538095
709,-1.1338372916803865,0.24295447434425588,-0.2467137150538095
710,-1.1338372916806823,0.24295447389563915,-0.2467137150538095
711,-1.1338372917268416,0.24295447389563915,-0.2467137150538095
712,-1.1338372916803865,0.24295447434428816,-0.2467137150538095
713,-1.1338372916800905,0.24295447389563915,-0.2467137150538095
714,-1.1338372916806823,0.24295447389560687,-0.2467137150538095
715,-1.1338372917271375,0.24295447434428816,-0.2467137150538095
716,-1.1338372916800905,0.24295447389563915,-0.2467137150538095
717,-1.0936904122626903,-0.34037024526021403,-0.311804292552781
718,-1.0936904122623943,-0.340370244811565,-0.311804292552781
719,-1.093690412262986,-0.3403702452601818,-0.311804292552781
720,-1.0936904122153472,-0.3403702448115328,-0.311804292552781
721,-1.0936904122626903,-0.34037024526024634,-0.311804292552781
722,-1.0936904122623943,-0.3403702448115328,-0.311804292552781
723,-1.0936904122626903,-0.34037024526021403,-0.311804292552781
724,-1.3119890692018623,-0.15996053856844097,-0.360622225676864
725,-1.1539107314359855,-0.34939073039288965,-0.36062222567705826
726,-0.8904468350814089,-0.538820922666052,-0.360622225676864
727,-0.995832393623062,-0.41253412766769515,-0.01889669380750623
728,-0.8904468350811129,-0.538820923114701,-0.36062222567705826
729,-0.8377540558571854,-0.4756775249425329,-0.36062222567705826
730,-0.9431396143520875,-0.34939073039288965,-0.01889669380750623
731,-0.995832393623062,-0.22310393584324645,-0.360622225676864
732,-1.0847514586402796,-0.29019379544776963,-0.3819800714187839
733,-1.0847514586399836,-0.29019379544776963,-0.3819800714187839
734,-1.0847514585932325,-0.2901937949991206,-0.3819800714189781
735,-1.0847514586396876,-0.2901937954477373,-0.3819800714187839
736,-1.0847514586399836,-0.2901937954477373,-0.3819800714187839
737,-1.0847514586399836,-0.29019379544776963,-0.3819800714187839
738,-1.0847514586399836,-0.29019379544776963,-0.3819800714187839
739,-1.0847514585932325,-0.2901937954477373,-0.3819800714187839
740,-1.0847514586396876,-0.2901937949991206,-0.3819800714189781
741,-1.0847514586399836,-0.29019379544776963,-0.3819800714187839
742,-1.0847514586399836,-0.29019379544770507,-0.3819800714187839
743,-1.0847514586402796,-0.29019379544776963,-0.3819800714187839
744,-1.0847514586399836,-0.29019379544776963,-0.3819800714187839
745,-1.0847514585932325,-0.2901937949990883,-0.3819800714189781
746,-1.0847514586396876,-0.29019379544776963,-0.3819800714187839
747,-1.0847514586399836,-0.29019379544776963,-0.3819800714187839
748,-1.0133966533805467,-0.13891273902815784,-0.2467137150538095
749,-1.013396653379955,-0.13891273902815784,-0.24671371505400375
750,-1.0133966533802508,-0.13891273902819012,-0.2467137150538095
751,-1.1012179521647152,0.40833003914824706,-0.01889669380750623
752,-0.9431396143520875,0.2820432437012735,-0.360622225676864
753,-0.7323684973152363,0.09261305142814351,-0.01889669380750623
754,-0.9431396143520875,0.4714734364230848,-0.36062222567705826
755,-0.7729014044213084,0.5831886776864076,-0.36062222567705826
756,-0.7729014044213084,0.5831886776863753,-0.360622225676864
757,-0.7729014044216043,0.5831886781350888,-0.36062222567705826
758,-0.7729014044680595,0.5831886776863753,-0.360622225676864
759,-0.7729014044216043,0.5831886776864398,-0.36062222567705826
760,-0.7729014044213084,0.5831886776863753,-0.36062222567705826
761,-0.7729014044213084,0.5831886781350888,-0.360622225676864
762,-0.7729014044219003,0.5831886776863753,-0.36062222567705826
763,-0.7729014044210125,0.5831886776864076,-0.36062222567705826
764,-0.7729014044683554,0.5831886776864398,-0.360622225676864
765,-0.7729014044210125,0.5831886781350566,-0.36062222567705826
766,-0.7729014044216043,0.5831886776863753,-0.360622225676864
767,-0.7729014044213084,0.5831886776864398,-0.36062222567705826
768,-0.6951735942786391,0.7760474709174874,-0.1998102106796106
769,-0.6951735943250944,0.7760474709174874,-0.1998102106796106
770,-0.6951735942777515,0.7760474709175197,-0.19981021067941637
771,-0.6951735943253903,0.7760474709175197,-0.1998102106796106
772,-0.6951735942783432,0.7760474709175197,-0.1998102106796106
773,-0.6951735942777515,0.7760474709174874,-0.1998102106796106
774,-0.6951735943253903,0.7760474709175519,-0.1998102106796106
775,-0.6951735942783432,0.7760474709174874,-0.1998102106796106
776,-0.6951735943247985,0.7760474704688384,-0.19981021067941637
777,-0.6951735942783432,0.7760474709175519,-0.1998102106796106
778,-0.6951735943250944,0.7760474709174874,-0.1998102106796106
779,-0.6951735942780474,0.7760474709175519,-0.1998102106796106
780,-0.6951735942783432,0.7760474709174874,-0.1998102106796106
781,-0.6951735943250944,0.7760474709175197,-0.1998102106796106
782,-0.6951735942780474,0.7760474709175197,-0.19981021067941637
783,-0.6951735943253903,0.7760474709174874,-0.1998102106796106
784,-0.6951735942780474,0.7760474709174874,-0.1998102106796106
785,-0.8904468350814089,0.15575644915163028,8.805796293810427e-05
786,-0.890446835127864,0.15575644870298128,8.805796313235275e-05
787,-0.8904468350814089,0.15575644915166256,8.805796293810427e-05
788,-0.8904468350811129,0.15575644915166256,8.805796313235275e-05
789,-0.890446835127864,0.15575644915163028,8.805796293810427e-05
790,-0.8904468350811129,0.155756448702949,8.805796313235275e-05
791,-0.8904468350814089,0.15575644915163028,8.805796293810427e-05
792,-0.890446835127864,0.15575644915166256,8.805796313235275e-05
793,-0.8904468350811129,0.15575644870298128,8.805796293810427e-05
794,-0.8904468350811129,0.15575644915163028,8.805796293810427e-05
795,-0.89044683512816,0.15575644915163028,8.805796313235275e-05
796,-0.8904468350811129,0.15575644915163028,8.805796293810427e-05
797,-0.8904468350811129,0.15575644870298128,8.805796313235275e-05
798,-0.89044683512816,0.15575644915166256,8.805796293810427e-05
799,-0.8904468350811129,0.15575644915163028,8.805796313235275e-05
800,-0.8904468350814089,0.15575644915163028,8.805796293810427e-05
801,-0.890446835127864,0.15575644870298128,8.805796313235275e-05
802,-0.8904468350814089,0.15575644915166256,8.805796293810427e-05
803,-0.9694860039641992,0.06104135279069235,-0.01889669380750623
804,-0.9694860040106544,0.06104135279075691,-0.01889669380750623
805,-0.8377540558107301,0.02946965415333804,-0.01889669380750623
806,-0.5918544192589097,-0.1810083372113615,-0.132805204430755
807,-0.5918544193059568,-0.1810083376600428,-0.13280520443056076
808,-0.5918544192589097,-0.18100833721142606,-0.132805204430755
809,-0.6796757180442619,-0.1599605381197597,-0.01889669380750623
810,-0.2581334839232167,-0.34939073039288965,-0.36062222567705826
811,-0.6350895201850923,-0.30081888640437243,-0.07146985255666809
812,-0.6350895202318435,-0.30081888595572337,-0.07146985255666809
813,-0.6350895201850923,-0.30081888640437243,-0.07146985255666809
814,-0.6350895202318435,-0.3008188864043401,-0.07146985255666809
815,-0.6350895201850923,-0.30081888595572337,-0.07146985255666809
816,-0.6350895201845005,-0.3008188864044047,-0.07146985255666809
817,-0.6350895202321394,-0.3008188864043401,-0.07146985255647384
818,-0.6350895201853882,-0.30081888640437243,-0.07146985255666809
819,-0.6350895201845005,-0.30081888595572337,-0.07146985255666809
820,-0.6350895202321394,-0.30081888640437243,-0.07146985255666809
821,-0.6350895201850923,-0.3008188864043401,-0.07146985255666809
822,-0.6350895202318435,-0.30081888595572337,-0.07146985255666809
823,-0.6350895201850923,-0.3008188864044047,-0.07146985255666809
824,0.11730256831804609,1.6001616654024295,-0.10432807677479712
825,0.11730256831863788,1.6001616654024295,-0.10432807677499137
826,0.11730256831775018,1.6001616654023971,-0.10432807677479712
827,0.11730256831834197,1.6001616654024617,-0.10432807677479712
828,0.11730256831804609,1.6001616649537482,-0.10432807677499137
829,0.11730256831834197,1.6001616654023971,-0.10432807677479712
830,0.11730256831834197,1.6001616654024295,-0.10432807677499137
831,0.11730256831804609,1.6001616654023971,-0.10432807677479712
832,-1.5754529655105756,-0.4756775253911819,-0.01889669380750623
833,-1.8389168618648566,0.6609036282475013,-0.01889669380750623
834,-1.2592962899311835,-0.03367374312149971,-0.01889669380750623
835,0.10017741504443076,0.042098333787791015,-0.01889669380750623
836,0.1001774150917737,0.042098333339142,-0.01889669380750623
837,0.10017741504443076,0.04209833378772646,-0.01889669380750623
838,0.1001774150914778,0.042098333339142,-0.01889669380750623
839,0.10017741504443076,0.04209833378772646,-0.01889669380750623
840,1.2875213744578862,-0.41253412766769515,-0.01889669380750623
841,1.2875213744578862,-0.4125341281164087,-0.01889669380750623
842,1.2875213745049332,-0.41253412766769515,-0.01889669380750623
843,1.2875213744578862,-0.4125341276677274,-0.01889669380750623
844,1.2875213744578862,-0.41253412811637646,-0.01889669380750623
845,1.287521374458182,-0.41253412766769515,-0.01889669380750623
846,1.0591859976170952,-0.9176813076609609,-0.01889669380750623
847,0.47956542577692457,-0.5388209226659874,-0.01889669380750623
848,0.47956542577692457,-0.538820922666052,-0.01889669380750623
849,3.641132181566702,-2.306836050847547,0.3228288380620458
850,1.3226498939722635,-2.433122845845904,-0.01889669380750623
851,0.1877284944338352,-1.9085469284366974,0.1125362030653984
852,0.1877284944799946,-1.9085469288854109,0.1125362030653984
853,0.18772849443324344,-1.9085469284366974,0.1125362030653984
854,0.18772849448058637,-1.9085469288854109,0.11253620306520415
855,0.1877284944335393,-1.9085469284366974,0.1125362030653984
856,0.1877284944335393,-1.9085469288854109,0.1125362030653984
857,0.18772849448029047,-1.9085469284366974,0.1125362030653984
858,0.18772849443324344,-1.9085469288854109,0.1125362030653984
859,0.1877284944338352,-1.9085469284366974,0.1125362030653984
860,0.18772849448029047,-1.9085469288854109,0.11253620306520415
861,0.1877284944335393,-1.9085469284367618,0.1125362030653984
862,0.18772849448029047,-1.9085469288853463,0.1125362030653984
863,0.18772849443324344,-1.9085469284367296,0.1125362030653984
864,-1.7862240825935862,-1.8648322690264816,-0.01889669380750623
865,-0.6796757180442619,-1.1071114994854419,0.3228288380618516
866,-1.6878642279737457,0.012631414790326779,0.07223011469093739
867,-1.6878642279269944,0.012631414790359058,0.07223011469113164
868,-1.6878642279734497,0.012631414790326779,0.07223011469093739
869,-1.6878642279269944,0.012631415238975794,0.07223011469113164
870,-1.6878642279734497,0.012631414790294499,0.07223011469093739
871,-1.6878642279269944,0.012631414790359058,0.07223011469113164
872,-1.6878642279737457,0.012631414790294499,0.07223011469093739
873,-1.6878642279266987,0.012631414790326779,0.07223011469113164
874,-1.6878642279740415,0.012631414790294499,0.07223011469093739
875,-1.6878642279264027,0.012631414790326779,0.07223011469113164
876,-1.6878642279737457,0.012631414790359058,0.07223011469093739
877,-1.6878642279269944,0.012631415238975794,0.07223011469113164
878,-1.6878642279737457,0.012631414790326779,0.07223011469093739
879,-1.6878642279266987,0.012631414790294499,0.07223011469113164
880,-1.6878642279737457,0.012631414790326779,0.07223011469093739
881,-1.2592962899311835,0.5682933124239128,0.16335692318957523
882,-1.2592962899314795,0.5682933119752638,0.16335692318957523
883,-1.2592962899776388,0.5682933124238805,0.163356923189381
884,-1.2592962899311835,0.5682933119752315,0.16335692318957523
885,-1.2592962899311835,0.5682933124239451,0.16335692318957523
886,-1.2592962899311835,0.5682933124239128,0.16335692318957523
887,-1.2592962899311835,0.5682933119752315,0.16335692318957523
888,-1.2592962899779347,0.5682933124239451,0.163356923189381
889,-1.2592962899314795,0.5682933119752315,0.16335692318957523
890,-1.2592962899308877,0.5682933124239451,0.16335692318957523
891,-1.2592962899314795,0.5682933124239128,0.16335692318957523
892,-1.2592962899311835,0.5682933119752315,0.16335692318957523
893,-1.2592962899779347,0.5682933124238805,0.163356923189381
894,-1.2592962899308877,0.5682933119752315,0.16335692318957523
895,-1.2592962899311835,0.5682933124239451,0.16335692318957523
896,-1.3734639783751028,0.5661885323352769,0.09501181681574254
897,-1.3734639783283515,0.5661885323352769,0.0950118168155483
898,-1.3734639783280558,0.5661885323353092,0.09501181681574254
899,-1.3734639783751028,0.5661885323352769,0.09501181681574254
900,-1.3734639783751028,0.5661885323352769,0.0950118168155483
901,-1.3734639783283515,0.5661885323352769,0.09501181681574254
902,-1.2592962899308877,-0.2862473331180519,0.3228288380618516
903,-1.3251622640315897,-0.11260299016369592,0.06653468915997891
904,-1.3251622640318856,-0.11260298971501463,0.06653468915978467
905,-1.3251622639845426,-0.11260299016363136,0.06653468915978467
906,-1.3251622640315897,-0.11260299016369592,0.06653468915997891
907,-1.0353519780646052,-0.30203318243676136,0.06653468915978467
908,-1.0353519781116522,-0.3020331824367936,0.06653468915997891
909,-1.0353519780646052,-0.3020331819881446,0.06653468915978467
910,-1.0353519780646052,-0.30203318243676136,0.06653468915978467
911,-1.10121795211826,-0.22310393584327873,0.3228288380620458
912,-0.995832393623358,-0.22310393539456516,-0.01889669380750623
913,-0.890446835127864,-0.34939073039292196,-0.01889669380750623
914,-0.7850612765394598,-0.5388209226660197,-0.01889669380750623
915,-0.8377540558568896,-0.22310393584324645,-0.01889669380750623
916,-0.3409364227573154,-0.5478414082473766,0.02992123931677099
917,-0.3409364228043625,-0.5478414077987276,0.029921239316576743
918,-0.3409364227576113,-0.5478414082473443,0.02992123931677099
919,-0.3409364227573154,-0.5478414082474089,0.02992123931677099
920,-0.3409364227576113,-0.5478414082473443,0.02992123931677099
921,-0.34093642280406655,-0.5478414077987276,0.029921239316576743
922,-0.3409364227576113,-0.5478414082474089,0.02992123931677099
923,2.850740492596474,-0.8545379099374096,-0.01889669380750623
924,0.4364531518274612,1.137349263780176,0.10536713596329295
925,0.4364531517810059,1.137349263780176,0.1053671359630987
926,0.436453151828053,1.1373492633314948,0.10536713596329295
927,0.43645315182775707,1.137349263780176,0.1053671359630987
928,0.436453151828053,1.137349263780176,0.10536713596329295
929,0.4364531517810059,1.1373492637801437,0.1053671359630987
930,0.43645315182775707,1.137349263780176,0.10536713596329295
931,0.43645315182775707,1.1373492637801437,0.1053671359630987
932,0.436453151828053,1.1373492633314948,0.10536713596329295
933,0.43645315178130184,1.137349263780176,0.1053671359630987
934,0.4364531518274612,1.1373492637801437,0.10536713596329295
935,1.437915348601001,2.6814923464257103,0.08789253490170451
936,1.437915348647752,2.6814923464256135,0.08789253490170451
937,1.437915348601001,2.681492346425678,0.08789253490170451
938,1.437915348600705,2.681492346425678,0.08789253490170451
939,1.437915348601001,2.6814923464256455,0.08789253490170451
940,1.437915348600705,2.681492346425678,0.08789253490170451
941,1.437915348647456,2.681492346425678,0.08789253490170451
942,1.4379153486012968,2.681492346425678,0.08789253490170451
943,1.437915348601001,2.681492345976997,0.08789253490170451
944,1.437915348647456,2.681492346425678,0.08789253490170451
945,1.437915348601001,2.681492346425678,0.08789253490170451
946,1.437915348600705,2.6814923464256455,0.08789253490170451
947,1.437915348600705,2.681492346425678,0.08789253490170451
948,1.4379153486012968,2.681492346425678,0.08789253490170451
949,1.437915348647752,2.681492346425678,0.08789253490170451
950,1.437915348600705,2.6814923464256455,0.08789253490170451
951,0.8918089340917733,-0.19338939555335927,-0.17970870880495393
952,0.8918089341385245,-0.19338939555335927,-0.17970870880495393
953,0.8918089340917733,-0.19338939600200827,-0.17970870880475967
954,0.8918089341385245,-0.19338939555335927,-0.17970870880495393
955,0.8918089340920692,-0.193389395553327,-0.17970870880495393
956,0.8918089341382286,-0.19338939555335927,-0.17970870880495393
957,0.8918089340920692,-0.19338939555335927,-0.17970870880475967
958,0.8918089341388203,-0.193389395553327,-0.17970870880495393
959,0.8918089340914774,-0.19338939600204055,-0.17970870880495393
960,0.8918089341385245,-0.19338939555335927,-0.17970870880495393
961,0.8918089340917733,-0.19338939555335927,-0.17970870880475967
962,0.8918089341385245,-0.193389395553327,-0.17970870880495393
963,0.8918089340917733,-0.19338939555335927,-0.17970870880495393
964,0.8918089341388203,-0.19338939555335927,-0.17970870880495393
965,0.8918089340917733,-0.193389396001976,-0.17970870880475967
966,0.8918089341388203,-0.19338939555339155,-0.17970870880495393
967,0.8918089340917733,-0.193389395553327,-0.17970870880495393
968,1.4393267623207948,-7.421451243119129,0.27401090493776864
969,1.4393267623678418,-7.421451243119097,0.27401090493776864
970,1.439326762367546,-7.421451243119129,0.27401090493776864
971,1.4393267623210908,-7.421451243119097,0.27401090493776864
972,1.4393267623207948,-7.421451243119129,0.27401090493776864
973,1.439326762367546,-7.421451243119097,0.27401090493776864
974,1.4393267623678418,-7.4214512426704475,0.27401090493757435
975,1.4393267623207948,-7.421451243119097,0.27401090493776864
976,1.4393267623213866,-7.421451243119129,0.27401090493776864
977,1.43932676236725,-7.421451243119129,0.27401090493776864
978,1.4393267623678418,-7.421451243119097,0.27401090493776864
979,1.439326762320499,-7.4214512431191615,0.27401090493776864
980,1.4393267623213866,-7.421451243119065,0.27401090493776864
981,1.439326762367546,-7.421451243119097,0.27401090493776864
982,-15.815676561488985,9.13790473392775,0.2373974550945607
983,-15.815676561536032,9.137904733927718,0.2373974550945607
984,-15.815676561536032,9.13790473437643,0.23739745509475493
985,-15.815676561489576,9.137904733927718,0.2373974550945607
986,-1.8389168618181053,-1.8648322685778327,0.3228288380620458
987,-1.0485251728940366,0.7240470259710202,-0.01889669380750623
988,-1.3458629987168866,-0.08328641247295111,0.10314813900299258
989,-1.345862998763638,-0.08328641292160013,0.10314813900299258
990,-1.3458629987165909,-0.08328641292156785,0.10314813900299258
991,-1.3458629987171826,-0.08328641247295111,0.10314813900318683
992,-1.345862998716295,-0.08328641247295111,0.10314813900299258
993,-1.3458629987639337,-0.08328641292160013,0.10314813900299258
994,-1.3458629987165909,-0.08328641292156785,0.10314813900299258
995,-1.3458629987168866,-0.08328641247295111,0.10314813900299258
996,-1.345862998763638,-0.08328641247291883,0.10314813900299258
997,-1.3458629987165909,-0.08328641292156785,0.10314813900299258
998,-1.3458629987168866,-0.08328641292163241,0.10314813900318683
999,-1.3458629987165909,-0.08328641247295111,0.10314813900299258
1000,-1.345862998763638,-0.08328641247291883,0.10314813900299258
1001,-1.3458629987168866,-0.08328641292156785,0.10314813900299258
1002,-0.9782681338658732,-0.4756775253912142,0.09501181681574254
1003,-0.978268133866465,-0.47567752539124647,0.0950118168155483
1004,-0.9782681338658732,-0.4756775253912142,0.09501181681574254
1005,-0.978268133866465,-0.4756775249425006,0.0950118168155483
1006,-0.9782681338661692,-0.4756775253912142,0.09501181681574254
1007,-0.9782681338661692,-0.4756775253912142,0.0950118168155483
1008,-0.9782681338658732,-0.4756775253911819,0.09501181681574254
1009,-0.9782681339129203,-0.4756775253911819,0.0950118168155483
1010,-0.9782681338661692,-0.4756775253912142,0.09501181681574254
1011,-0.978268133866465,-0.4756775253911819,0.0950118168155483
1012,-0.9782681338658732,-0.4756775253912142,0.09501181681574254
1013,-0.9782681338658732,-0.4756775249425329,0.0950118168155483
1014,-0.978268133866465,-0.4756775253911819,0.09501181681574254
1015,-0.9782681338661692,-0.4756775253912142,0.0950118168155483
1016,-0.9782681338661692,-0.4756775253912142,0.09501181681574254
1017,-0.8873472598439428,-0.6205359074537895,0.001204808067150447
1018,-0.8873472598436469,-0.6205359079024385,0.001204808067150447
1019,-0.8873472598436469,-0.6205359074537895,0.001204808067150447
1020,-0.8873472598436469,-0.6205359079024385,0.001204808067150447
1021,-0.8873472598436469,-0.6205359074537895,0.001204808067150447
1022,-0.8873472598436469,-0.6205359079024062,0.001204808067150447
1023,-0.8873472598439428,-0.620535907453854,0.001204808067150447
1024,-0.8873472598436469,-0.620535907902374,0.001204808067150447
1025,-0.8873472598903981,-0.6205359074538218,0.0012048080673446955
1026,-0.8873472598439428,-0.6205359079024385,0.001204808067150447
1027,-0.8873472598436469,-0.6205359074537895,0.001204808067150447
1028,-0.8873472598433509,-0.6205359079024385,0.001204808067150447
1029,-0.8873472598439428,-0.6205359074537895,0.001204808067150447
1030,-0.8873472598439428,-0.6205359079024708,0.001204808067150447
1031,-0.8873472598436469,-0.6205359074537249,0.001204808067150447
1032,-0.8873472598439428,-0.6205359079024708,0.001204808067150447
1033,-0.8873472598433509,-0.6205359074538218,0.001204808067150447
1034,-0.9009853909632402,-0.6651077176642797,0.04944841256632648
1035,-0.9009853909167849,-0.6651077176643442,0.04944841256652073
1036,-0.900985390963832,-0.6651077176642797,0.04944841256632648
1037,-0.900985390963536,-0.6651077176643442,0.04944841256632648
1038,-0.900985390916489,-0.6651077176643119,0.04944841256652073
1039,-0.900985390963536,-0.6651077176643119,0.04944841256632648
1040,-0.9009853909632402,-0.6651077176643442,0.04944841256632648
1041,-0.9009853909167849,-0.6651077172156629,0.04944841256652073
1042,-0.9009853909632402,-0.6651077176643119,0.04944841256632648
1043,-0.900985390963832,-0.6651077176643442,0.04944841256632648
1044,-0.900985390916489,-0.6651077176642797,0.04944841256652073
1045,-0.900985390963536,-0.6651077176643442,0.04944841256632648
1046,-0.900985390963536,-0.6651077176642797,0.04944841256632648
1047,-0.900985390916489,-0.6651077176643442,0.04944841256652073
1048,-0.900985390963536,-0.6651077176643442,0.04944841256632648
1049,-1.061698367723468,0.06104135279078919,0.06653468915997891
1050,-1.0616983676770126,0.06104135279072463,0.06653468915978467
1051,-1.061698367723468,0.061041353239438205,0.06653468915978467
1052,-1.061698367723468,0.06104135279072463,0.06653468915997891
1053,-1.061698367723468,0.41359198847245815,-0.047373821463269856
1054,-1.0616983676770126,0.4135919884724904,-0.047373821463269856
1055,-1.0616983676767169,0.41359198892110716,-0.04737382146346411
1056,-1.061698367723468,0.4135919884725227,-0.047373821463269856
1057,-1.061698367723468,0.4135919884724904,-0.047373821463269856
1058,-1.0616983676767169,0.41359198847245815,-0.047373821463269856
1059,-1.0616983676767169,0.4135919884725227,-0.047373821463269856
1060,-1.061698367723468,0.4135919884723936,-0.047373821463269856
1061,-1.061698367723468,0.4135919884725227,-0.047373821463269856
1062,-1.0616983676770126,0.4135919889211394,-0.04737382146346411
1063,-1.0616983676767169,0.4135919884724904,-0.047373821463269856
1064,-1.061698367723468,0.41359198847245815,-0.047373821463269856
1065,-0.9845410837694327,-0.0066122872747592905,-0.01889669380750623
1066,-0.9845410838161839,-0.006612287274727011,-0.01889669380750623
1067,-0.9845410837691368,-0.006612287274727011,-0.01889669380750623
1068,-0.9845410837694327,-0.006612287274791569,-0.01889669380750623
1069,-0.9845410837691368,-0.006612287274727011,-0.01889669380750623
1070,-0.9845410838161839,-0.0066122872747592905,-0.01889669380750623
1071,-0.9845410837694327,-0.006612286826045717,-0.01889669380750623
1072,-0.9845410837694327,-0.006612287274791569,-0.01889669380750623
1073,-0.9845410838161839,-0.0066122872747592905,-0.01889669380750623
1074,-0.9845410837691368,-0.006612287274727011,-0.01889669380750623
1075,-0.9845410837694327,-0.006612287274727011,-0.01889669380750623
1076,-0.9845410837691368,-0.0066122872747592905,-0.01889669380750623
1077,-0.984541083815888,-0.006612287274727011,-0.01889669380750623
1078,-0.9845410837697286,-0.006612287274791569,-0.01889669380750623
1079,-1.0748715625058523,0.1918383905797276,-0.06771462693178346
1080,-1.0748715625531953,0.1918383901310786,-0.06771462693158921
1081,-1.0748715625064442,0.19183839057969534,-0.06771462693178346
1082,-1.0748715625058523,0.1918383905797276,-0.06771462693178346
1083,-1.0748715625064442,0.1918383901310786,-0.06771462693158921
1084,-1.0748715625526035,0.1918383905797276,-0.06771462693178346
1085,-1.0748715625064442,0.1918383901310786,-0.06771462693158921
1086,-1.0748715625061482,0.1918383905797276,-0.06771462693178346
1087,-1.0748715625531953,0.19183839057969534,-0.06771462693178346
1088,-1.0748715625058523,0.1918383901310786,-0.06771462693158921
1089,-1.0748715625064442,0.1918383905797276,-0.06771462693178346
1090,-1.0748715625061482,0.1918383905797276,-0.06771462693178346
1091,-1.0748715625528995,0.1918383901310463,-0.06771462693158921
1092,-1.0748715625061482,0.1918383905797276,-0.06771462693178346
1093,-0.6761628660833555,-0.5514496023004404,-0.11002350230594986
1094,-0.6761628660833555,-0.5514496023005049,-0.1100235023061441
1095,-0.6761628660836514,-0.5514496023003758,-0.11002350230594986
1096,-0.6761628661298108,-0.5514496018518237,-0.1100235023061441
1097,-0.6761628660833555,-0.5514496023004404,-0.11002350230594986
1098,-0.6761628660833555,-0.5514496023004404,-0.11002350230594986
1099,-0.6761628660833555,-0.5514496023004727,-0.1100235023061441
1100,-0.6761628660833555,-0.5514496023004404,-0.11002350230594986
1101,-0.6761628660833555,-0.5514496023004404,-0.1100235023061441
1102,-0.6761628660836514,-0.5514496023004404,-0.11002350230594986
1103,-0.6761628660833555,-0.5514496023004404,-0.11002350230594986
1104,-0.6761628661298108,-0.5514496018518237,-0.1100235023061441
1105,-0.6761628660836514,-0.5514496023004404,-0.11002350230594986
1106,-0.6761628660830596,-0.5514496023004404,-0.1100235023061441
1107,-0.6761628660836514,-0.5514496023004404,-0.11002350230594986
1108,-0.4162118217358444,-1.1513118777571845,-0.053069246994422586
1109,-0.4162118217361403,-1.1513118782058658,-0.053069246994422586
1110,-0.41621182168938914,-1.151311877757249,-0.053069246994616834
1111,-0.4162118217358444,-1.1513118777572169,-0.053069246994422586
1112,-0.4162118217358444,-1.1513118782058658,-0.053069246994422586
1113,-0.4162118217361403,-1.1513118777571845,-0.053069246994422586
1114,-0.4162118217361403,-1.151311877757249,-0.053069246994422586
1115,-0.41621182168938914,-1.151311877757249,-0.053069246994616834
1116,-0.4162118217358444,-1.1513118782058336,-0.053069246994422586
1117,-0.4162118217361403,-1.151311877757249,-0.053069246994422586
1118,-0.5705263895510043,-0.8455174243560527,-0.04330566036964484
1119,-0.5705263895977555,-0.845517424804734,-0.04330566036964484
1120,-0.5705263895507084,-0.8455174243561173,-0.04330566036964484
1121,-0.5705263895510043,-0.8455174248047663,-0.04330566036945059
1122,-0.5705263895974596,-0.8455174243560527,-0.04330566036964484
1123,-0.5705263895510043,-0.8455174248047985,-0.04330566036964484
1124,-0.5705263895510043,-0.8455174243560527,-0.04330566036964484
1125,-0.5705263895977555,-0.8455174243560527,-0.04330566036964484
1126,-0.5705263895510043,-0.8455174248047985,-0.04330566036964484
1127,-0.5705263895974596,-0.8455174243560527,-0.04330566036964484
1128,-0.5705263895510043,-0.845517424804734,-0.04330566036945059
1129,-0.5705263895510043,-0.8455174243561173,-0.04330566036964484
1130,-0.5705263895974596,-0.845517424804734,-0.04330566036964484
1131,-0.5705263895507084,-0.8455174243560527,-0.04330566036964484
1132,-1.0602346793834425,0.07507321915085959,0.01907280973357669
1133,-1.0602346793831467,0.0750732187023074,0.01907280973357669
1134,-1.0602346793834425,0.07507321915092414,0.01907280973357669
1135,-1.0602346793828508,0.07507321870224284,0.01907280973357669
1136,-1.0602346794298978,0.0750732191509887,0.01907280973338244
1137,-1.0602346793834425,0.07507321870217828,0.01907280973357669
1138,-1.0602346793828508,0.0750732191509887,0.01907280973357669
1139,-1.0602346793834425,0.07507321870224284,0.01907280973357669
1140,-1.0602346793831467,0.07507321915092414,0.01907280973357669
1141,-1.0602346793831467,0.07507321915092414,0.01907280973357669
1142,-1.0602346793828508,0.07507321870224284,0.01907280973357669
1143,-1.0602346793834425,0.07507321915092414,0.01907280973357669
1144,-1.0602346793834425,0.0750732187023074,0.01907280973357669
1145,-1.0602346794298978,0.07507321915092414,0.01907280973338244
1146,-1.0602346793828508,0.07507321870224284,0.01907280973357669
1147,-1.0602346793834425,0.07507321915092414,0.01907280973357669
1148,-1.0602346793831467,0.07507321870224284,0.01907280973357669
1149,-1.0602346793828508,0.07507321915092414,0.01907280973357669
1150,-1.101217952165307,1.0397640132424424,-0.01889669380750623
1151,-0.6269829387729914,0.09261305142811123,-0.01889669380750623
1152,-1.2461230951485034,-1.3281133903958615,0.06653468915978467
1153,-1.246123095102048,-1.3281133908446074,0.06653468915978467
1154,-1.2461230951014561,-1.3281133908445428,0.06653468915997891
1155,-1.2461230951485034,-1.3281133903959261,0.06653468915978467
1156,-1.2497157846090805,-0.4699372165887483,0.22963096573389788
1157,-1.2497157846561275,-0.4699372161401961,0.22963096573389788
1158,-1.2497157846093765,-0.4699372165888129,0.22963096573409214
1159,-1.2497157846090805,-0.46993721658887744,0.22963096573389788
1160,-1.2497157846090805,-0.4699372165888129,0.22963096573389788
1161,-1.2497157846564235,-0.46993721614013156,0.22963096573389788
1162,-1.2497157846090805,-0.4699372165888129,0.22963096573389788
1163,-1.2497157846090805,-0.4699372165888129,0.22963096573389788
1164,-1.2497157846087847,-0.4699372165888129,0.22963096573409214
1165,-1.2497157846564235,-0.4699372161401961,0.22963096573389788
1166,-1.2497157846090805,-0.4699372165888129,0.22963096573389788
1167,-0.39513471001834105,0.791399982974384,0.25448373168801885
1168,-0.39513471001834105,0.7913999834231299,0.25448373168821314
1169,-0.395134710018637,0.791399982974384,0.25448373168801885
1170,-0.3951347100177493,0.7913999834230653,0.25448373168801885
1171,-0.395134710018637,0.791399982974384,0.25448373168801885
1172,-0.3951347100180452,0.7913999834230653,0.25448373168821314
1173,-0.39513471001834105,0.791399982974384,0.25448373168801885
1174,-0.395134710018637,0.7913999834230653,0.25448373168801885
1175,-0.3951347100180452,0.7913999829744486,0.25448373168801885
1176,-0.395134710018637,0.7913999834230008,0.25448373168821314
1177,-0.3951347100180452,0.7913999829744486,0.25448373168801885
1178,-0.39513471001834105,0.7913999834230653,0.25448373168801885
1179,-0.3951347100180452,0.791399982974384,0.25448373168801885
1180,-0.395134710018637,0.7913999834230653,0.25448373168821314
1181,-0.3951347100180452,0.791399982974384,0.25448373168801885
1182,-0.6229296480672368,-0.09681714084488964,0.1388227824399793
1183,-0.6229296480675327,-0.09681714039633747,0.1388227824399793
1184,-0.622929648066941,-0.0968171408449542,0.1388227824399793
1185,-0.6229296480672368,-0.09681714084501876,0.13882278243978508
1186,-0.6229296480672368,-0.09681714039627291,0.1388227824399793
1187,-0.622929648066941,-0.0968171408449542,0.1388227824399793
1188,-0.6229296480672368,-0.0968171408449542,0.1388227824399793
1189,-0.6229296480675327,-0.0968171408449542,0.1388227824399793
1190,-0.622929648066941,-0.09681714039627291,0.1388227824399793
1191,-0.6229296480672368,-0.09681714084501876,0.13882278243978508
1192,-0.6229296480672368,-0.0968171408449542,0.1388227824399793
1193,-0.622929648066941,-0.09681714039627291,0.1388227824399793
1194,-0.6229296480672368,-0.0968171408449542,0.1388227824399793
1195,0.5322582050008521,-0.507249224028633,0.15196607212726979
1196,0.5322582050478991,-0.5072492240285685,0.15196607212707552
1197,0.7430293220850461,-0.002102044932762129,-0.01889669380750623
1198,0.7430293220847501,-0.0021020444840808353,-0.01889669380750623
1199,0.874761270238811,0.16628034869741506,-0.01889669380750623
1200,0.8747612702391069,0.1662803486974796,-0.01889669380750623
1201,0.874761270238811,0.16628034824873375,-0.01889669380750623
1202,0.8747612701920598,0.1662803486974796,-0.01889669380750623
1203,0.874761270238811,0.1662803486974796,-0.01889669380750623
1204,0.874761270238811,0.16628034869741506,-0.01889669380750623
1205,0.28526080221834976,-1.2176124451649923,-0.04025453954942607
1206,0.28526080221775796,-1.2176124451649923,-0.040254539549231826
1207,0.28526080221834976,-1.2176124451649923,-0.04025453954942607
1208,0.2852608022180539,-1.2176124451649277,-0.040254539549231826
1209,0.28526080226480505,-1.2176124451649277,-0.04025453954942607
1210,0.28526080221834976,-1.2176124451649923,-0.040254539549231826
1211,0.2852608022180539,-1.217612445165057,-0.04025453954942607
1212,0.28526080221775796,-1.2176124451649277,-0.040254539549231826
1213,0.2852608022180539,-1.2176124451649277,-0.04025453954942607
1214,0.2852608022180539,-1.2176124451649923,-0.04025453954942607
1215,0.2852608022180539,-1.2176124451649923,-0.040254539549231826
1216,0.28526080226480505,-1.2176124451649923,-0.04025453954942607
1217,0.2852608022180539,-1.2176124451649277,-0.040254539549231826
1218,0.2852608022180539,-1.2176124451649923,-0.04025453954942607
1219,0.2852608022180539,-1.2176124451649277,-0.040254539549231826
1220,0.28526080221834976,-1.2176124451649923,-0.04025453954942607
1221,-0.5453091308964416,-0.8987382882093461,0.03236213597286831
1222,-0.5453091309428969,-0.898738288209217,0.032362135973062554
1223,-0.545309130942601,-0.8987382882093461,0.03236213597286831
1224,-0.5453091308961457,-0.8987382877605357,0.03236213597286831
1225,-0.5453091308961457,-0.8987382882093461,0.03236213597286831
1226,-0.5453091309428969,-0.898738288209217,0.03236213597286831
1227,-0.5453091309428969,-0.8987382882092815,0.032362135973062554
1228,-0.5453091308961457,-0.8987382882092815,0.03236213597286831
1229,-0.5453091308964416,-0.898738288209217,0.03236213597286831
1230,-0.545309130942601,-0.8987382882093461,0.032362135973062554
1231,-0.5453091309428969,-0.8987382877606002,0.03236213597286831
1232,-0.5453091308964416,-0.8987382882092815,0.03236213597286831
1233,-0.5453091308958499,-0.8987382882092815,0.03236213597286831
1234,-0.545309130942601,-0.8987382882092815,0.03236213597286831
1235,-0.5453091309431928,-0.8987382882092815,0.032362135973062554
1236,-0.5453091308961457,-0.8987382882092815,0.03236213597286831
1237,-0.5453091308961457,-0.8987382877606002,0.03236213597286831
1238,-0.5453091309428969,-0.8987382882092815,0.032362135973062554
1239,-0.545309130942601,-0.898738288209217,0.03236213597286831
1240,-0.5453091308964416,-0.8987382882093461,0.03236213597286831
1241,-0.16027546528388442,-0.9537632486403125,0.05433020587871536
1242,-0.16027546533033968,-0.953763248640377,0.054330205878909604
1243,-0.16027546528388442,-0.9537632490889937,0.05433020587871536
1244,-0.16027546528358852,-0.9537632486403125,0.054330205878909604
1245,-0.16027546533093148,-0.953763248640377,0.05433020587871536
1246,-0.16027546528358852,-0.9537632486403125,0.054330205878909604
1247,-0.16027546528388442,-0.953763248640377,0.05433020587871536
1248,-0.16027546533033968,-0.9537632490889937,0.05433020587871536
1249,-0.16027546528358852,-0.953763248640377,0.054330205878909604
1250,-0.16027546533063558,-0.9537632486403125,0.05433020587871536
1251,-0.16027546528358852,-0.953763248640377,0.054330205878909604
1252,-0.16027546528418032,-0.9537632490889937,0.05433020587871536
1253,-0.16027546533033968,-0.9537632486403125,0.054330205878909604
1254,-0.16027546528358852,-0.953763248640377,0.05433020587871536
1255,-0.8160570291011249,-0.5016777476400587,0.06150931369112049
1256,-0.8160570290546696,-0.5016777480888045,0.06150931369131474
1257,-0.816057029100829,-0.5016777476401232,0.06150931369112049
1258,-0.8160570290543737,-0.5016777476401232,0.06150931369131474
1259,-0.8160570291011249,-0.5016777480888045,0.06150931369112049
1260,-0.8160570290543737,-0.5016777476401878,0.06150931369112049
1261,-0.8160570291011249,-0.5016777476400587,0.06150931369131474
1262,-0.8160570290540778,-0.5016777480888045,0.06150931369112049
1263,-0.8160570291014208,-0.5016777476401878,0.06150931369131474
1264,-0.8160570290546696,-0.50167774808874,0.06150931369112049
1265,-0.816057029100829,-0.5016777476401232,0.06150931369131474
1266,-0.8160570290540778,-0.5016777476401232,0.06150931369112049
1267,-0.8160570291014208,-0.50167774808874,0.06150931369112049
1268,-0.8160570290540778,-0.5016777476401878,0.06150931369131474
1269,-0.8160570291017166,-0.5016777476400587,0.06150931369112049
1270,-0.8160570290540778,-0.5016777480888691,0.06150931369131474
1271,-0.8160570291011249,-0.5016777476401232,0.06150931369112049
1272,-0.9348197018603639,-0.5055875557264806,-0.03688224811635846
1273,-0.9348197018136127,-0.5055875557265452,-0.036882248116552704
1274,-0.9348197018600679,-0.5055875557264161,-0.03688224811635846
1275,-0.9348197018603639,-0.5055875557265452,-0.03688224811635846
1276,-0.9348197018136127,-0.5055875552777994,-0.036882248116552704
1277,-0.9348197018603639,-0.5055875557265452,-0.03688224811635846
1278,-0.9348197018133168,-0.5055875557265452,-0.036882248116552704
1279,-0.9348197018603639,-0.5055875557264161,-0.03688224811635846
1280,-0.9348197018603639,-0.5055875557265452,-0.03688224811635846
1281,-0.9348197018136127,-0.5055875557264806,-0.036882248116552704
1282,-0.9348197018603639,-0.5055875557265452,-0.03688224811635846
1283,-0.9348197018600679,-0.5055875557264806,-0.03688224811635846
1284,-0.9348197018136127,-0.5055875557264806,-0.036882248116552704
1285,-0.9348197018603639,-0.5055875557264806,-0.03688224811635846
1286,-0.9348197018139086,-0.5055875552777994,-0.036882248116552704
1287,-0.934819701859772,-0.5055875557265452,-0.03688224811635846
1288,-0.9348197018603639,-0.5055875557264806,-0.03688224811635846
1289,-0.9348197018136127,-0.5055875557265452,-0.036882248116552704
1290,-0.9348197018600679,-0.5055875557264806,-0.03688224811635846
1291,-0.9995961635749622,-0.11034786876834056,-0.04330566036964484
1292,-0.9995961635743704,-0.11034786876834056,-0.04330566036964484
1293,-0.9995961635740745,-0.110347868768276,-0.04330566036945059
1294,-0.9995961635746663,-0.11034786876834056,-0.04330566036964484
1295,-0.9995961635740745,-0.11034786876834056,-0.04330566036964484
1296,-0.9995961635743704,-0.11034786876834056,-0.04330566036964484
1297,-0.9995961635746663,-0.11034786831965926,-0.04330566036964484
1298,-0.9995961635279151,-0.110347868768276,-0.04330566036945059
1299,-0.9995961635740745,-0.11034786876834056,-0.04330566036964484
1300,-0.9995961635740745,-0.11034786876840512,-0.04330566036964484
1301,-0.9995961635746663,-0.11034786876834056,-0.04330566036964484
1302,-0.9995961635746663,-0.110347868768276,-0.04330566036945059
1303,-0.9995961635743704,-0.11034786876834056,-0.04330566036964484
1304,-0.9995961635740745,-0.11034786876834056,-0.04330566036964484
1305,-0.7850612765865068,-0.28624733311801964,-0.01889669380750623
1306,-0.7850612765859151,-0.41253412766769515,-0.01889669380750623
1307,-0.7850612765391639,-0.34939073084160327,-0.01889669380750623
1308,-0.5742901595023128,-0.6019643199408897,-0.01889669380750623
1309,-0.2581334839693761,-0.7913945126625719,-0.01889669380750623
1310,-0.8377540558107301,-0.6019643199408251,-0.01889669380750623
1311,-0.6269829387732873,-0.6651077176642797,-0.01889669380750623
1312,-0.6269829388194467,-0.6651077176643442,-0.01889669380750623
1313,-0.6269829387732873,-0.6651077176644088,-0.01889669380750623
1314,-1.0485251728472853,-0.2862473331180842,-0.01889669380750623
1315,-0.995832393623062,-0.5388209226659874,-0.01889669380750623
1316,-1.1539107314362815,-0.2862473331180842,-0.01889669380750623
1317,-1.206603510660209,-0.2862473331180842,-0.01889669380750623
1318,-1.0485251728940366,-0.2862473326694029,0.3228288380618516
1319,-1.1012179521650112,-0.22310393584324645,0.3228288380620458
1320,-0.8904468350814089,-0.6019643199408251,-0.01889669380750623
1321,-0.9431396143517916,-0.412534128116441,0.3228288380618516
1322,-1.0108874734285915,-0.2952678182507598,0.07873917244085396
1323,-1.0108874733809528,-0.29526781869944113,0.07873917244104821
1324,-1.0108874734285915,-0.2952678182507598,0.07873917244085396
1325,-1.0108874734277038,-0.2952678182507598,0.07873917244104821
1326,-1.0108874734285915,-0.2952678182507598,0.07873917244085396
1327,-1.0108874733815445,-0.29526781869944113,0.07873917244104821
1328,-1.0108874734279998,-0.2952678182507598,0.07873917244085396
1329,-1.0485251728943326,-0.06690711050968773,0.0710310777371434
1330,-1.0485251728940366,-0.06690711006094187,0.07103107773694915
1331,-1.0485251728937406,-0.06690711050968773,0.0710310777371434
1332,-1.0485251728478773,-0.06690711050968773,0.0710310777371434
1333,-1.0485251728937406,-0.06690711006100643,0.0710310777371434
1334,-1.0485251728940366,-0.06690711050968773,0.07103107773694915
1335,-1.0485251728943326,-0.06690711006094187,0.0710310777371434
1336,-1.0485251728940366,-0.06690711050968773,0.0710310777371434
1337,-1.0485251728940366,-0.06690711050962317,0.0710310777371434
1338,-1.0485251728472853,-0.06690711006100643,0.07103107773694915
1339,-1.0485251728943326,-0.06690711050968773,0.0710310777371434
1340,-1.0485251728937406,-0.06690711050962317,0.0710310777371434
1341,-1.0485251728940366,-0.06690711006100643,0.0710310777371434
1342,-1.0485251728943326,-0.06690711050962317,0.07103107773694915
1343,-1.0485251728940366,-0.06690711006107099,0.0710310777371434
1344,-1.0485251728472853,-0.06690711050962317,0.0710310777371434
1345,-1.0485251728943326,-0.06690711050968773,0.0710310777371434
1346,-1.0485251728940366,-0.06690711006100643,0.07103107773694915
1347,-1.0485251728943326,-0.06690711050962317,0.0710310777371434
1348,-0.6947307978491996,0.7420879966849883,-0.01889669380750623
1349,-0.6947307978021524,0.7420879966850528,-0.01889669380750623
1350,-0.6947307978494954,0.7420879966849883,-0.01889669380750623
1351,-0.6947307978489036,0.7420879962364361,-0.01889669380750623
1352,-0.6947307978024484,0.7420879966850528,-0.01889669380750623
1353,-0.6947307978494954,0.7420879966849883,-0.01889669380750623
1354,-0.6947307978486077,0.7420879966850528,-0.01889669380750623
1355,-0.6947307978021524,0.7420879966851174,-0.01889669380750623
1356,-0.6947307978494954,0.7420879966849236,-0.01889669380750623
1357,-0.6947307978024484,0.7420879966851174,-0.01889669380750623
1358,-0.6947307978489036,0.742087996236307,-0.01889669380750623
1359,-0.6947307978494954,0.7420879966850528,-0.01889669380750623
1360,-0.6947307978024484,0.7420879966851174,-0.01889669380750623
1361,-0.6947307978489036,0.7420879966849883,-0.01889669380750623
1362,-0.9365530169611912,0.483312823412012,-0.06161238529115167
1363,-0.9365530169608953,0.48331282296352435,-0.06161238529115167
1364,-0.93655301691444,0.483312823412012,-0.061612385291345925
1365,-0.9365530169605994,0.4833128229634598,-0.06161238529115167
1366,-0.9365530169605994,0.483312823412012,-0.06161238529115167
1367,-0.9365530169605994,0.48331282296352435,-0.061612385291345925
1368,-0.9365530169608953,0.48331282341207654,-0.06161238529115167
1369,-0.9365530169141442,0.483312823412012,-0.06161238529115167
1370,-0.9365530169605994,0.4833128229634598,-0.06161238529115167
1371,-0.9365530169608953,0.4833128234121411,-0.06161238529115167
1372,-0.9365530169605994,0.4833128229633952,-0.061612385291345925
1373,-0.9365530169611912,0.48331282341207654,-0.06161238529115167
1374,-0.9365530169605994,0.4833128229633952,-0.06161238529115167
1375,-0.9365530169141442,0.4833128234121411,-0.061612385291345925
1376,-0.9365530169611912,0.4833128229633952,-0.06161238529115167
1377,-0.9365530169605994,0.48331282341207654,-0.06161238529115167
1378,-1.0584050689811206,0.2386321580748629,0.17332391786899537
1379,-1.058405069027576,0.23863215807479835,0.17332391786918963
1380,-1.0584050689814166,0.23863215852347963,0.17332391786899537
1381,-1.0584050689808249,0.2386321580748629,0.17332391786918963
1382,-1.058405069027872,0.2386321580748629,0.17332391786899537
1383,-1.0584050689814166,0.2386321580748629,0.17332391786918963
1384,-1.0584050690281679,0.23863215807479835,0.17332391786899537
1385,-1.0584050689811206,0.2386321585235442,0.17332391786918963
1386,-1.0584050689811206,0.23863215807479835,0.17332391786899537
1387,-1.058405069027872,0.2386321580748629,0.17332391786899537
1388,-1.0584050689805289,0.23863215807479835,0.17332391786918963
1389,-1.0584050690284637,0.2386321580748629,0.17332391786899537
1390,-1.0584050689802331,0.23863215807479835,0.17332391786918963
1391,-1.0584050689817126,0.2386321585235442,0.17332391786899537
1392,-1.058405069027872,0.23863215807479835,0.17332391786918963
1393,-1.0584050689811206,0.2386321580748629,0.17332391786899537
1394,-0.7404750787267455,0.5346168336978903,0.033676464941655625
1395,-0.7404750787270413,0.5346168336978903,0.033676464941655625
1396,-0.7404750787267455,0.5346168336978903,0.033676464941655625
1397,-0.7404750787270413,0.5346168332491444,0.033676464941655625
1398,-0.7404750787273373,0.5346168336978903,0.033676464941655625
1399,-0.7404750787267455,0.5346168336979549,0.033676464941655625
1400,-0.7404750787737925,0.5346168336978258,0.03367646494146138
1401,-0.7404750787273373,0.5346168336978903,0.033676464941655625
1402,-0.7404750787267455,0.5346168336978903,0.033676464941655625
1403,-0.7404750787270413,0.534616833249209,0.033676464941655625
1404,-0.7404750787273373,0.5346168336978903,0.033676464941655625
1405,-0.7404750787267455,0.5346168336978903,0.033676464941655625
1406,-0.7404750787270413,0.5346168336977611,0.033676464941655625
1407,-0.45503808010906505,0.39836002843832513,0.1609588492815988
1408,-0.455038080156408,0.3983600288869419,0.16095884928179302
1409,-0.4550380801084733,0.398360028438196,0.1609588492815988
1410,-0.455038080156408,0.39836002888700645,0.16095884928179302
1411,-0.45503808010965685,0.398360028438196,0.1609588492815988
1412,-0.4550380801558162,0.3983600288868773,0.16095884928179302
1413,-0.455038080109361,0.39836002843832513,0.1609588492815988
1414,-0.455038080109361,0.39836002843826057,0.16095884928179302
1415,-0.45503808015611213,0.39836002888681277,0.1609588492815988
1416,-0.45503808010906505,0.39836002843832513,0.16095884928179302
1417,-0.455038080156408,0.3983600288869419,0.1609588492815988
1418,-0.45503808010965685,0.398360028438196,0.16095884928179302
1419,-0.45503808010906505,0.39836002843832513,0.1609588492815988
1420,-0.4550380801558162,0.3983600288868773,0.16095884928179302
1421,-0.45503808010906505,0.398360028438196,0.1609588492815988
1422,-0.455038080156408,0.3983600288869419,0.16095884928179302
1423,-0.45503808010906505,0.39836002843832513,0.1609588492815988
1424,-0.4550380801558162,0.3983600288868773,0.16095884928179302
1425,-0.4550380801099527,0.398360028438196,0.1609588492815988
1426,-1.2592962899308877,0.34518664142482486,-0.01889669380750623
1427,-0.8377540558571854,0.4083300386995335,0.3228288380620458
1428,-0.4689046009603637,0.5346168336978903,0.3228288380618516
1429,-0.7323684973149405,0.3451866414247603,-0.01889669380750623
1430,-0.6094186790160985,0.11366085051974534,0.09501181681574254
1431,-0.6094186790631456,0.11366085096849118,0.0950118168155483
1432,-0.6094186790160985,0.11366085051974534,0.09501181681574254
1433,-0.15274792538097173,-0.7282511149391174,-0.01889669380750623
1434,0.05802319165558347,-0.6019643203895064,0.3228288380618516
1435,0.3390513477208938,-1.0439681022106042,-0.1783686086799768
1436,0.3390513477214856,-1.043968102210475,-0.17836860867978258
1437,0.3390513477208938,-1.0439681022106042,-0.1783686086799768
1438,0.3390513477205979,-1.0439681022105396,-0.1783686086799768
1439,0.3390513477208938,-1.0439681022106042,-0.1783686086799768
1440,0.3390513477211897,-1.0439681022105396,-0.17836860867978258
1441,0.3390513477208938,-1.0439681022106042,-0.1783686086799768
1442,0.3390513477208938,-1.043968102210475,-0.1783686086799768
1443,0.3390513477205979,-1.0439681022106042,-0.1783686086799768
1444,0.3390513477208938,-1.0439681022105396,-0.17836860867978258
1445,0.3390513477211897,-1.0439681022105396,-0.1783686086799768
1446,0.3390513477208938,-1.0439681022106042,-0.1783686086799768
1447,0.3390513477208938,-1.0439681022105396,-0.1783686086799768
1448,0.3390513477205979,-1.0439681022105396,-0.17836860867978258
1449,0.3390513477208938,-1.0439681022105396,-0.1783686086799768
1450,-0.059760667882093284,-0.6465361301514121,0.3429303399367025
1451,-0.05976066788268507,-0.6465361301513476,0.3429303399365083
1452,-0.05976066788298096,-0.6465361301514121,0.3429303399367025
1453,-0.05976066788268507,-0.6465361301513476,0.3429303399367025
1454,-0.05976066788327686,-0.6465361301513476,0.3429303399367025
1455,-0.05976066788238918,-0.6465361301514121,0.3429303399365083
1456,-0.05976066788268507,-0.6465361301513476,0.3429303399367025
1457,-0.05976066788268507,-0.6465361301514121,0.3429303399367025
1458,-0.05976066788298096,-0.6465361301513476,0.3429303399365083
1459,-0.05976066788268507,-0.6465361301513476,0.3429303399367025
1460,-0.05976066788298096,-0.6465361301514121,0.3429303399367025
1461,-0.05976066788238918,-0.6465361301513476,0.3429303399365083
1462,-0.05976066788298096,-0.6465361301514121,0.3429303399367025
1463,-0.05976066788268507,-0.6465361301513476,0.3429303399367025
1464,-0.05976066788298096,-0.6465361301513476,0.3429303399367025
1465,-0.05976066788268507,-0.6465361301514121,0.3429303399365083
1466,-0.05976066788238918,-0.6465361301514121,0.3429303399367025
1467,0.1107159709268539,-0.8861096085748285,0.2943517104062822
1468,0.11071597088010274,-0.8861096085748285,0.29435171040608793
1469,0.11071597092655801,-0.8861096090234453,0.29435171040608793
1470,0.11071597092714978,-0.8861096085748931,0.2943517104062822
1471,0.11071597087980685,-0.8861096085748931,0.2943517104062822
1472,0.11071597092714978,-0.8861096085748285,0.29435171040608793
1473,0.11071597092655801,-0.8861096085748285,0.29435171040608793
1474,0.11071597087980685,-0.8861096085748285,0.2943517104062822
1475,0.11071597092714978,-0.8861096085748285,0.2943517104062822
1476,0.11071597092655801,-0.8861096090236389,0.29435171040608793
1477,0.11071597088010274,-0.886109608574764,0.29435171040608793
1478,0.11071597092744569,-0.8861096085748931,0.2943517104062822
1479,0.20556297358608394,-0.8671665895718627,0.4253464976227949
1480,0.20556297358667572,-0.8671665891231813,0.4253464976227949
1481,0.20556297358608394,-0.8671665895718627,0.4253464976227949
1482,0.20556297358667572,-0.8671665891231813,0.4253464976227949
1483,0.20556297358637984,-0.8671665895718627,0.4253464976227949
1484,0.20556297358726752,-0.8671665895718627,0.4253464976227949
1485,0.20556297358608394,-0.8671665891232458,0.4253464976227949
1486,0.20556297358667572,-0.8671665895718627,0.4253464976227949
1487,0.20556297358637984,-0.8671665891231813,0.4253464976227949
1488,0.20556297358608394,-0.8671665895718627,0.4253464976227949
1489,-0.5215973802310423,-0.8545379099374741,0.3228288380620458
1490,-0.5742901595020169,-0.7913945126626364,0.3228288380620458
1491,-0.6972399778008588,-0.41253412766769515,0.20892032743879704
1492,-0.6972399778011548,-0.41253412811637646,0.20892032743879704
1493,-0.6972399778008588,-0.41253412766769515,0.20892032743879704
1494,-0.995832393623062,-0.0968171408449542,0.3228288380618516
1495,-0.9431396143523834,0.09261305142811123,0.3228288380620458
1496,-0.9431396143526792,0.09261305187685709,0.3228288380620458
1497,-0.9826591987936306,0.2294237459722528,0.15196607212726979
1498,-0.9826591988400859,0.2294237459722528,0.15196607212726979
1499,-0.9826591987942224,0.2294237459722528,0.15196607212707552
1500,-0.9826591987936306,0.2294237459722528,0.15196607212726979
1501,-0.9826591988397899,0.2294237459722528,0.15196607212726979
1502,-0.9826591987945182,0.2294237464209341,0.15196607212707552
1503,-0.9826591987930388,0.2294237459722528,0.15196607212726979
1504,-0.9826591988406777,0.2294237459722528,0.15196607212726979
1505,-0.9826591987942224,0.2294237459722528,0.15196607212726979
1506,-0.9826591987930388,0.2294237459722528,0.15196607212726979
1507,-0.9826591988406777,0.22942374597231735,0.15196607212707552
1508,-0.9826591987936306,0.2294237459722528,0.15196607212726979
1509,-1.101217952165307,0.5346168336978903,-0.360622225676864
1510,-0.9958323936227661,0.5346168336978903,-0.01889669380750623
1511,-1.0122988871483853,0.4122765010292512,-0.14704376825863683
1512,-1.0122988871483853,0.4122765010291866,-0.14704376825844256
1513,-1.0122988871480896,0.41227650102931573,-0.14704376825863683
1514,-1.01229888710193,0.4122765010291866,-0.14704376825844256
1515,-1.0122988871480896,0.4122765014779325,-0.14704376825863683
1516,-1.0122988871477936,0.4122765010292512,-0.14704376825863683
1517,-1.0122988871480896,0.4122765010292512,-0.14704376825844256
1518,-1.0122988871483853,0.4122765010292512,-0.14704376825863683
1519,-1.0122988871480896,0.41227650102931573,-0.14704376825863683
1520,-1.0122988871486813,0.4122765010292512,-0.14704376825844256
1521,-1.0122988871480896,0.4122765010292512,-0.14704376825863683
1522,-1.0122988871480896,0.41227650147786793,-0.14704376825863683
1523,-1.01229888710193,0.4122765010292512,-0.14704376825844256
1524,-1.0122988871483853,0.4122765010292512,-0.14704376825863683
1525,-1.0122988871480896,0.4122765010292512,-0.14704376825844256
1526,-1.0122988871480896,0.4122765010292512,-0.14704376825863683
1527,-1.0836536924081182,0.13049908988285344,-0.3150588214276422
1528,-1.0836536923607754,0.1304990903314056,-0.3150588214278365
1529,-1.0836536924081182,0.13049908988272432,-0.3150588214276422
1530,-1.0836536924084141,0.13049909033153473,-0.3150588214278365
1531,-1.0836536924084141,0.13049908988272432,-0.3150588214276422
1532,-1.0836536923604794,0.13049908988272432,-0.3150588214276422
1533,-1.0836536924084141,0.13049909033153473,-0.3150588214278365
1534,-1.0836536924078224,0.13049908988272432,-0.3150588214276422
1535,-1.08365369240871,0.1304990903314056,-0.3150588214278365
1536,-1.0836536923607754,0.13049908988285344,-0.3150588214276422
1537,-1.0836536924081182,0.13049908988272432,-0.3150588214276422
1538,-1.0836536924084141,0.13049909033147017,-0.3150588214278365
1539,-1.0836536924081182,0.13049908988285344,-0.3150588214276422
1540,-1.0836536923607754,0.13049909033134105,-0.3150588214278365
1541,-1.0836536924084141,0.13049908988278888,-0.3150588214276422
1542,-1.141750859271379,0.3694725634190996,-0.4131953844262201
1543,-1.141750859271675,0.3694725634189705,-0.4131953844260259
1544,-1.1417508592707872,0.3694725634190996,-0.4131953844262201
1545,-1.141750859318426,0.3694725634189705,-0.4131953844260259
1546,-1.1417508592710832,0.3694725634189705,-0.4131953844262201
1547,-1.141750859271675,0.36947256341903506,-0.4131953844260259
1548,-1.141750859271379,0.36947256341903506,-0.4131953844262201
1549,-1.141750859271379,0.36947256341903506,-0.4131953844260259
1550,-1.141750859271379,0.3694725634189705,-0.4131953844262201
1551,-1.141750859318426,0.36947256341903506,-0.4131953844260259
1552,-1.141750859271675,0.36947256341903506,-0.4131953844262201
1553,-1.1417508592710832,0.3694725634190996,-0.4131953844260259
1554,-1.1417508592710832,0.3694725634189705,-0.4131953844262201
1555,-0.8904468350814089,0.21889984642646804,-0.7023477575464161
1556,-0.995832393623062,0.02946965415333804,-0.7023477575464161
1557,-0.7850612765859151,-0.22310393539462972,-0.7023477575464161
1558,-0.67967571804367,-0.4756775253912142,-0.7023477575466104
1559,-0.4689046009609555,-0.47567752539114966,-0.360622225676864
1560,-0.3108262631938954,-0.7282511149391819,-0.36062222567705826
1561,-0.10005514615674836,-0.7913945126626364,-0.360622225676864
1562,-0.20544070465283396,-0.7913945126626364,-0.36062222567705826
1563,-0.2581334839693761,-0.9176813072122474,-0.01889669380750623
1564,-0.41621182168998094,-0.7282511149390528,-0.36062222567705826
1565,-0.10005514615674836,-0.601964320389571,-0.01889669380750623
1566,-0.2581334839232167,-0.6651077176642797,-0.360622225676864
1567,-0.35034584763514254,-0.865061809483259,-0.18975945974228225
1568,-0.3503458476824855,-0.8650618094831944,-0.18975945974228225
1569,-0.3503458476360302,-0.865061809483259,-0.18975945974228225
1570,-0.35034584763514254,-0.8650618094833236,-0.18975945974208802
1571,-0.35034584763632615,-0.8650618094831944,-0.18975945974228225
1572,-0.35034584763543847,-0.865061809483259,-0.18975945974228225
1573,-0.3503458476818937,-0.865061809483259,-0.18975945974228225
1574,-0.35034584763632615,-0.8650618094831944,-0.18975945974228225
1575,-0.35034584763543847,-0.865061809483259,-0.18975945974208802
1576,-0.3503458476827814,-0.865061809483259,-0.18975945974228225
1577,-0.35034584763543847,-0.8650618094831944,-0.18975945974228225
1578,-0.35034584763543847,-0.865061809483259,-0.18975945974228225
1579,0.42687264650595,-0.8545379099374741,-0.360622225676864
1580,0.6376437635428012,-0.9808247049357665,-0.01889669380750623
1581,0.7771246498368344,-1.0068249271846108,-0.3204192219275507
1582,0.7771246498383138,-1.0068249271846754,-0.3204192219277449
1583,0.7771246498371303,-1.0068249276333567,-0.3204192219275507
1584,0.7771246498371303,-1.0068249271846108,-0.3204192219277449
1585,0.7771246498374261,-1.0068249271846754,-0.3204192219275507
1586,0.7771246498380179,-1.0068249271846754,-0.3204192219275507
1587,0.7771246498368344,-1.0068249271846754,-0.3204192219277449
1588,0.777124649837722,-1.0068249271846108,-0.3204192219275507
1589,0.777124649790675,-1.0068249276334214,-0.3204192219277449
1590,0.7771246498374261,-1.0068249271846108,-0.3204192219275507
1591,0.777124649837722,-1.0068249271846108,-0.3204192219277449
1592,0.7771246498374261,-1.00682492718474,-0.3204192219275507
1593,0.7771246498374261,-1.0068249271846754,-0.3204192219275507
1594,0.7771246498368344,-1.0068249271846108,-0.3204192219277449
1595,0.7771246498383138,-1.0068249276333567,-0.3204192219275507
1596,0.7771246498374261,-1.0068249271846754,-0.3204192219277449
1597,0.7771246498374261,-1.0068249271846108,-0.3204192219275507
1598,0.6271052077074251,-0.7471941343908292,-0.5314849916116401
1599,0.6271052077074251,-0.7471941343907645,-0.5314849916118344
1600,0.627105207660378,-0.7471941339421478,-0.5314849916116401
1601,0.6271052077077209,-0.7471941343907645,-0.5314849916118344
1602,0.6271052077077209,-0.7471941343907645,-0.5314849916116401
1603,0.6271052077071292,-0.7471941343907645,-0.5314849916116401
1604,0.6271052077077209,-0.7471941343908292,-0.5314849916118344
1605,0.627105207660378,-0.7471941339420832,-0.5314849916116401
1606,0.6271052077071292,-0.7471941343908292,-0.5314849916118344
1607,0.6271052077077209,-0.7471941343907645,-0.5314849916116401
1608,-0.4162118217361403,-0.9176813072122474,-0.36062222567705826
1609,-0.4162118217355485,-0.9176813072122474,-0.36062222567705826
1610,-0.46890460100711484,-1.1071114999340588,-0.360622225676864
1611,-0.5742901595020169,-1.170254896760215,-0.36062222567705826
1612,-0.6796757180445577,-0.9808247049357018,-0.360622225676864
1613,-0.6269829387729914,-0.9176813072122474,-0.36062222567705826
1614,0.21610152942205182,-0.9050526280265403,-0.5656575447987507
1615,0.21610152946880298,-0.9050526275777944,-0.5656575447985565
1616,0.21610152942175592,-0.9050526280264757,-0.5656575447987507
1617,0.21610152946880298,-0.9050526280264757,-0.5656575447985565
1618,0.21610152942205182,-0.905052627577859,-0.5656575447987507
1619,0.21610152942205182,-0.9050526280265403,-0.5656575447985565
1620,0.21610152946909886,-0.9050526280264112,-0.5656575447987507
1621,0.21610152942175592,-0.905052627577859,-0.5656575447985565
1622,0.21610152946880298,-0.9050526280264112,-0.5656575447987507
1623,0.21610152942146002,-0.9050526280266048,-0.5656575447985565
1624,0.21610152942205182,-0.9050526275777944,-0.5656575447987507
1625,0.21610152946939476,-0.9050526280265403,-0.5656575447985565
1626,0.21610152942146002,-0.9050526280264757,-0.5656575447987507
1627,0.21610152946909886,-0.9050526275777944,-0.5656575447985565
1628,0.21610152942205182,-0.9050526280265403,-0.5656575447987507
1629,-0.5982414228075702,-0.8143557478721126,-0.453820098005012
1630,-0.5982414228069783,-0.8143557478721126,-0.453820098005012
1631,-0.5982414228540255,-0.8143557483207939,-0.453820098005012
1632,-0.5982414228069783,-0.8143557478721126,-0.453820098005012
1633,-0.5982414228066825,-0.8143557478721126,-0.453820098005012
1634,-0.5982414228075702,-0.8143557478722417,-0.4538200980052063
1635,-0.5982414228066825,-0.8143557478721126,-0.453820098005012
1636,-0.5982414228078661,-0.8143557478720481,-0.453820098005012
1637,-0.5982414228537295,-0.8143557483208586,-0.453820098005012
1638,-0.5982414228072743,-0.8143557478721126,-0.453820098005012
1639,-0.5982414228069783,-0.8143557478721126,-0.453820098005012
1640,-1.0485251728940366,-0.09681714039633747,-0.01889669380750623
1641,-0.995832393623062,-0.033673743570116446,-0.360622225676864
1642,-1.0485251728943326,0.15575644915169484,-0.01889669380750623
1643,-1.0485251728940366,0.09261305142811123,-0.36062222567705826
1644,-0.9782681338658732,0.02946965415333804,-0.47453073630011283
1645,-0.978268133866465,0.02946965415333804,-0.47453073630011283
1646,-0.978268133866465,0.02946965415333804,-0.47453073630011283
1647,-0.9782681338658732,0.02946965415333804,-0.47453073630011283
1648,-0.9782681339129203,0.02946965415333804,-0.47453073630030707
1649,-0.978268133866465,0.02946965415333804,-0.47453073630011283
1650,-0.9782681338655773,0.02946965415333804,-0.47453073630011283
1651,-0.9782681338661692,0.02946965415333804,-0.47453073630011283
1652,-0.9782681338661692,0.02946965415333804,-0.47453073630011283
1653,-0.8377540558104343,-0.09681714039633747,-0.36062222567705826
1654,-0.2932620034370025,-0.4125341281163119,-0.5884392469233616
1655,-0.29326200343729836,-0.41253412766769515,-0.5884392469231674
1656,-0.2932620034367066,-0.412534128116441,-0.5884392469233616
1657,-0.5742901595493598,-0.4756775253912142,-0.360622225676864
1658,-1.2329499003193678,-0.22310393539456516,-0.5314849916116401
1659,-1.232949900318776,-0.22310393539462972,-0.5314849916118344
1660,-1.2329499002720248,-0.2231039358431819,-0.5314849916118344
1661,-1.2329499003193678,-0.22310393539469428,-0.5314849916116401
1662,-1.061698367723468,-0.1678534627790337,-0.4674114543862691
1663,-1.0616983676770126,-0.16785346277922739,-0.4674114543860748
1664,-1.061698367723468,-0.1678534627790337,-0.4674114543862691
1665,-1.061698367676421,-0.16785346322797323,-0.4674114543860748
1666,-1.061698367723468,-0.1678534627790337,-0.4674114543862691
1667,-1.0616983676770126,-0.16785346277922739,-0.4674114543862691
1668,-1.061698367723468,-0.1678534627790337,-0.4674114543860748
1669,-1.061698367723468,-0.16785346277916283,-0.4674114543862691
1670,-1.0616983676773086,-0.16785346277909827,-0.4674114543862691
1671,-1.061698367723468,-0.16785346277909827,-0.4674114543860748
1672,-1.0616983676767169,-0.16785346277916283,-0.4674114543862691
1673,-1.061698367723468,-0.16785346277909827,-0.4674114543862691
1674,-1.0616983676767169,-0.16785346322777955,-0.4674114543860748
1675,-1.061698367723468,-0.16785346277922739,-0.4674114543862691
1676,-1.0616983676767169,-0.1678534627790337,-0.4674114543860748
1677,-1.061698367723468,-0.16785346277922739,-0.4674114543862691
1678,-1.1656202379248,0.2750273109698389,-0.5504697433822787
1679,-1.1656202379253917,0.27502731052122215,-0.5504697433822787
1680,-1.1656202378783447,0.27502731096990346,-0.5504697433820844
1681,-1.1656202379253917,0.2750273109698389,-0.5504697433822787
1682,-1.1656202379248,0.27502731052122215,-0.5504697433822787
1683,-1.1656202379253917,0.2750273109698389,-0.5504697433822787
1684,-1.1656202378780487,0.27502731096977434,-0.5504697433820844
1685,-1.1656202379253917,0.27502731052122215,-0.5504697433822787
1686,-1.1656202379250957,0.2750273109698389,-0.5504697433822787
1687,-1.1012179521650112,0.15575644915163028,-0.7023477575464161
1688,-0.7850612765859151,0.40833003869959805,-0.7023477575464161
1689,-0.7797919986448514,0.04841267315623937,-0.5314849916116401
1690,-0.7797919986451473,0.048412673605049784,-0.5314849916118344
1691,-0.7797919986445555,0.048412673604985225,-0.5314849916116401
1692,-0.7797919986451473,0.04841267315623937,-0.5314849916118344
1693,-0.7797919985981002,0.04841267315636849,-0.5314849916116401
1694,-0.7797919986445555,0.048412673604985225,-0.5314849916116401
1695,-0.7797919986451473,0.048412673604985225,-0.5314849916118344
1696,-0.7797919986451473,0.04841267315630393,-0.5314849916116401
1697,-0.7797919986445555,0.04841267315636849,-0.5314849916118344
1698,-0.7797919986451473,0.048412673604985225,-0.5314849916116401
1699,-0.11652163968177588,-0.15996053811979197,-0.44605360864434923
1700,-0.11652163963561651,-0.15996053811979197,-0.44605360864434923
1701,-0.11652163968207177,-0.15996053811979197,-0.44605360864434923
1702,-0.11652163963561651,-0.15996053811985653,-0.44605360864434923
1703,-0.11652163968236767,-0.15996053811966285,-0.44605360864434923
1704,-0.11652163963472884,-0.15996053811979197,-0.44605360864434923
1705,-0.11652163968236767,-0.15996053811985653,-0.44605360864434923
1706,-0.11652163963561651,-0.15996053856847325,-0.44605360864434923
1707,-0.11652163968148,-0.1599605381197274,-0.44605360864434923
1708,-0.11652163968236767,-0.15996053811979197,-0.44605360864434923
1709,-0.11652163963561651,-0.1599605381197274,-0.44605360864434923
1710,-0.11652163968236767,-0.15996053811985653,-0.44605360864434923
1711,-0.11652163963502472,-0.15996053811979197,-0.44605360864434923
1712,-0.11652163968207177,-0.15996053811966285,-0.44605360864434923
1713,-0.11652163963502472,-0.15996053811985653,-0.44605360864434923
1714,-0.11652163968236767,-0.15996053811979197,-0.44605360864434923
1715,-1.979430939874432,-1.1492070981171976,-0.2467137150538095
1716,-1.9794309399205914,-1.1492070976686455,-0.24671371505400375
1717,-1.979430939874136,-1.1492070981172622,-0.2467137150538095
1718,-7.05550200894243,-20.807851499030374,-0.01889669380750623
1719,-6.423188657737191,-36.246412171757214,-0.18975945974208802
1720,-6.42318865778483,-36.24641217175728,-0.18975945974228225
1721,-0.7894523415133765,-8.373864154257639,-0.047373821463269856
1722,-0.7894523415136724,-8.373864154706256,-0.047373821463269856
1723,-0.7894523415139683,-8.373864154257639,-0.04737382146346411
1724,-0.7894523415133765,-8.373864154257575,-0.047373821463269856
1725,-0.7894523415133765,-8.373864154706256,-0.047373821463269856
1726,-0.7894523414669212,-8.373864154257575,-0.047373821463269856
1727,-0.7894523415133765,-8.373864154257705,-0.047373821463269856
1728,-0.7894523415136724,-8.373864154706126,-0.047373821463269856
1729,-0.7894523415133765,-8.373864154257575,-0.047373821463269856
1730,-0.7894523415139683,-8.373864154257705,-0.04737382146346411
1731,-0.7894523415136724,-8.373864154706386,-0.047373821463269856
1732,-0.7894523415133765,-8.373864154257445,-0.047373821463269856
1733,0.06460978904677565,-3.530239376187959,0.023818997676139212
1734,0.06460978904736744,-3.5302393761877005,0.023818997676139212
1735,0.0646097890941186,-3.5302393761878297,0.02381899767633346
1736,0.06460978904736744,-3.5302393761878297,0.023818997676139212
1737,0.06460978904707156,-3.530239376187959,0.023818997676139212
1738,0.06460978904736744,-3.5302393761878297,0.023818997676139212
1739,0.06460978904677565,-3.5302393761878297,0.023818997676139212
1740,0.0646097890941186,-3.5302393761877005,0.023818997676139212
1741,0.06460978904707156,-3.530239376187959,0.02381899767633346
1742,0.06460978904736744,-3.5302393761877005,0.023818997676139212
1743,0.06460978904736744,-3.5302393761878297,0.023818997676139212
1744,0.06460978904707156,-3.5302393761878297,0.023818997676139212
1745,0.06460978904736744,-3.5302393761878297,0.023818997676139212
1746,0.0646097890941186,-3.5302393761878297,0.02381899767633346
1747,0.06460978904677565,-3.5302393761878297,0.023818997676139212
1748,0.06460978904736744,-3.5302393761878297,0.023818997676139212
1749,-0.4968007782381075,-0.8879667673709769,0.12181381931528476
1750,-0.4968007782375157,-0.887966767371106,0.12181381931509051
1751,-0.4968007782378116,-0.8879667673708478,0.12181381931528476
1752,-0.4968007782384034,-0.887966767371106,0.12181381931528476
1753,-0.49680077828456276,-0.8879667673709769,0.12181381931528476
1754,-0.4968007782378116,-0.8879667673709769,0.12181381931509051
1755,-0.4968007782372198,-0.887966767371106,0.12181381931528476
1756,-0.4968007782384034,-0.8879667673708478,0.12181381931528476
1757,-0.4968007782378116,-0.8879667678197873,0.12181381931509051
1758,-0.4968007782375157,-0.8879667673709769,0.12181381931528476
1759,-0.4968007782381075,-0.887966767371106,0.12181381931528476
1760,-0.4968007782378116,-0.8879667673708478,0.12181381931509051
1761,-0.49680077828456276,-0.887966767371106,0.12181381931528476
1762,-0.4968007782384034,-0.887966767371106,0.12181381931528476
1763,-0.4968007782372198,-0.8879667673708478,0.12181381931528476
1764,-0.4968007782378116,-0.887966767371106,0.12181381931509051
1765,-0.4968007782384034,-0.8879667673709769,0.12181381931528476
1766,-0.5172063153035809,-0.6861555167559137,0.06653468915978467
1767,-0.5172063153029891,-0.6861555167559137,0.06653468915997891
1768,-0.5172063153509238,-0.6861555167559137,0.06653468915978467
1769,-0.5172063153035809,-0.6861555167559137,0.06653468915978467
1770,-0.5172063153035809,-0.6861555167560428,0.06653468915997891
1771,-0.5172063153035809,-0.6861555167559137,0.06653468915978467
1772,-0.5172063153038767,-0.6861555167557846,0.06653468915978467
1773,-0.5172063153035809,-0.6861555167559137,0.06653468915997891
1774,-0.5172063153038767,-0.6861555167560428,0.06653468915978467
1775,-0.517206315350332,-0.6861555167559137,0.06653468915978467
1776,-0.5172063153035809,-0.6861555167559137,0.06653468915997891
1777,-0.517206315303285,-0.6861555167557846,0.06653468915978467
1778,-3.3026051747295733,4.449507474607077,0.1329813203566312
1779,-3.3026051747292775,4.449507474607206,0.13298132035682544
1780,-3.3026051746825265,4.449507474607334,0.1329813203566312
1781,-3.3026051747289817,4.449507474607206,0.13298132035682544
1782,-3.3026051747292775,4.4495074741585245,0.1329813203566312
1783,-3.3026051747292775,4.449507474607206,0.13298132035682544
1784,-3.3026051746819345,4.449507474607206,0.1329813203566312
1785,-3.3026051747292775,4.449507474607077,0.13298132035682544
1786,-3.3026051747286855,4.449507474607334,0.1329813203566312
1787,-1.2856426795903424,23.727186711334202,-0.15558690655536592
1788,-1.2856426795432951,23.72718671088539,-0.15558690655517166
1789,-1.2856426795897504,23.727186711334202,-0.15558690655536592
1790,-1.2856426795900464,23.727186711334202,-0.15558690655536592
1791,-1.2856426795903424,23.727186711334202,-0.15558690655517166
1792,-1.2856426795435911,23.727186710885455,-0.15558690655536592
1793,-1.2856426795897504,23.727186711334202,-0.15558690655536592
1794,-1.2856426795897504,23.727186711334202,-0.15558690655536592
1795,-1.2856426795438871,23.727186710885455,-0.15558690655517166
1796,-1.2856426795900464,23.727186711334202,-0.15558690655536592
1797,-2.0294215253252963,0.7434757633869288,-0.22918932880415363
1798,-2.0294215253261836,0.7434757638355456,-0.2291893288039594
1799,-2.029421525325592,0.7434757633869934,-0.22918932880415363
1800,-2.029421525372343,0.7434757638355456,-0.22918932880415363
1801,-2.029421525325,0.7434757633869934,-0.2291893288039594
1802,-2.029421525325592,0.7434757638356101,-0.22918932880415363
1803,-2.029421525325592,0.7434757633869934,-0.22918932880415363
1804,-2.029421525325592,0.7434757638356101,-0.22918932880415363
1805,-2.029421525325888,0.7434757633869288,-0.2291893288039594
1806,-2.029421525372639,0.7434757638355456,-0.22918932880415363
1807,-2.0294215253252963,0.7434757633870579,-0.22918932880415363
1808,-2.029421525325592,0.7434757638355456,-0.2291893288039594
1809,-2.029421525325,0.7434757633869288,-0.22918932880415363
1810,-0.9958323936236538,0.7240470259710202,-0.01889669380750623
1811,-0.995832393623062,0.7871904236944102,-0.36062222567705826
1812,-0.9378703364580709,0.0547270129735627,-0.08724180018133894
1813,-0.9378703364110239,0.054727013422179435,-0.08724180018153319
1814,-0.9378703364107279,0.0547270129735627,-0.08724180018133894
1815,-0.9378703364577751,0.0547270129735627,-0.08724180018133894
1816,-0.9378703364580709,0.05472701342205032,-0.08724180018153319
1817,-0.9378703364107279,0.05472701297369182,-0.08724180018133894
1818,-0.9378703364113198,0.05472701297343359,-0.08724180018133894
1819,-0.9378703364577751,0.0547270129735627,-0.08724180018133894
1820,-0.9378703364580709,0.054727013422243995,-0.08724180018153319
1821,-0.937870336410432,0.05472701297349814,-0.08724180018133894
1822,-8.16205037344589,0.47147343597437125,-0.01889669380750623
1823,-3.3670074604887703,-0.6019643199408251,-0.36062222567705826
1824,-5.948953644392514,-1.296541692207124,-0.01889669380750623
1825,-5.790875306626046,-4.95885874311992,-0.360622225676864
1826,-0.17190893602576948,0.9421787627046445,-0.08102860869280869
1827,-0.17190893607192884,0.9421787622560278,-0.08102860869300295
1828,-0.17190893602517768,0.9421787627046445,-0.08102860869280869
1829,-0.17190893607192884,0.9421787627047091,-0.08102860869280869
1830,-0.17190893602517768,0.9421787622560278,-0.08102860869300295
1831,-0.17190893607192884,0.9421787627046445,-0.08102860869280869
1832,-0.17190893602517768,0.9421787622558987,-0.08102860869300295
1833,-0.17190893607252064,0.9421787627047736,-0.08102860869280869
1834,-0.1719089360248818,0.94217876270458,-0.08102860869280869
1835,-0.17190893607192884,0.9421787622560278,-0.08102860869300295
1836,-0.1719089360245859,0.9421787627046445,-0.08102860869280869
1837,1.8100581021460758,-1.4386143360754766,-0.10432807677479712
1838,1.8100581021934188,-1.4386143360755412,-0.10432807677479712
1839,1.8100581021460758,-1.438614336524158,-0.10432807677499137
1840,1.8100581021469635,-1.4386143360754766,-0.10432807677479712
1841,-0.3139258384313614,-1.0885399119723806,0.021306309941807128
1842,-0.31392583847870437,-1.0885399124211912,0.021306309941807128
1843,-0.3139258384319532,-1.0885399119723163,0.021306309942001375
1844,-0.3139258384313614,-1.0885399124211266,0.021306309941807128
1845,-0.3139258384778167,-1.0885399119724453,0.021306309941807128
1846,-0.3139258384319532,-1.088539912421062,0.021306309941807128
1847,-0.3139258384319532,-1.0885399119724453,0.021306309941807128
1848,-0.31392583847811256,-1.088539912421062,0.021306309941807128
1849,-0.3139258384313614,-1.0885399119724453,0.021306309942001375
1850,-0.31392583847870437,-1.088539912421062,0.021306309941807128
1851,-0.31392583843165733,-1.0885399119724453,0.021306309941807128
1852,-0.3139258384313614,-1.0885399124211266,0.021306309941807128
1853,-0.31392583847811256,-1.0885399119724453,0.021306309941807128
1854,-0.31392583843165733,-1.088539912421062,0.021306309941807128
1855,-0.3139258384313614,-1.0885399119724453,0.021306309942001375
1856,-0.31392583847870437,-1.088539912421062,0.021306309941807128
1857,-0.3139258384319532,-1.0885399119724453,0.021306309941807128
1858,-1.0485251728940366,-0.43358192720794597,-0.01889669380750623
1859,-1.0485251728943326,-0.4335819267594584,-0.01889669380750623
1860,-1.0485251728937406,-0.4335819272078814,-0.01889669380750623
1861,-1.0485251728469895,-0.43358192720801053,-0.01889669380750623
1862,-1.0485251728943326,-0.4335819267593293,-0.01889669380750623
1863,-1.0485251728940366,-0.43358192720801053,-0.01889669380750623
1864,-1.311989069202454,0.7240470259710202,-0.01889669380750623
1865,0.8183047210171198,-2.216631197277449,-0.01889669380750623
1866,0.8183047210165281,-2.2166311977260014,-0.01889669380750623
1867,0.8183047210162321,-2.21663119727732,-0.01889669380750623
1868,0.818304721063871,-2.2166311972773847,-0.01889669380750623
1869,0.8183047210168239,-2.21663119727732,-0.01889669380750623
1870,0.8183047210159362,-2.2166311977260014,-0.01889669380750623
1871,0.8183047210174157,-2.2166311972773847,-0.01889669380750623
1872,4.220752753500967,-11.652058871299836,-0.01889669380750623
1873,2.58727659628776,-12.914926819936907,-0.01889669380750623
1874,1.48072823173814,-12.409779640392355,-0.01889669380750623
1875,-0.9581946941573211,-9.148874187081946,-0.311804292552781
1876,-0.9581946941573211,-9.148874187081818,-0.311804292552781
1877,-0.9581946941099782,-9.148874187530629,-0.311804292552781
1878,-0.9581946941573211,-9.148874187081946,-0.311804292552781
1879,-0.9581946941573211,-9.148874187081818,-0.311804292552781
1880,-0.9581946941573211,-9.148874187082011,-0.311804292552781
1881,-0.9581946941576169,-9.148874187081882,-0.311804292552781
1882,-0.958194694110274,-9.148874187530563,-0.3118042925525868
1883,-0.9581946941570252,-9.148874187081882,-0.311804292552781
1884,-0.9581946941570252,-9.148874187081752,-0.311804292552781
1885,-0.9581946941576169,-9.148874187082011,-0.311804292552781
1886,-0.9581946941099782,-9.148874187530563,-0.311804292552781
1887,-0.9581946941579128,-9.148874187082011,-0.311804292552781
1888,-0.9581946941570252,-9.148874187081752,-0.311804292552781
1889,-0.5742901595020169,-6.379585185392703,-0.360622225676864
1890,-0.5742901595490639,-6.379585185392703,-0.36062222567705826
1891,1.7500468813143402,-3.8573572544842594,-0.36062222567705826
1892,1.7500468813604997,-3.8573572544842594,-0.360622225676864
1893,1.7500468813140444,-3.8573572549329405,-0.36062222567705826
1894,1.7500468813607954,-3.8573572544842594,-0.36062222567705826
1895,1.7500468813146361,-3.8573572544845174,-0.360622225676864
1896,1.7500468813607954,-3.85735725448413,-0.36062222567705826
1897,1.7500468813134527,-3.8573572549330697,-0.36062222567705826
1898,1.7500468813607954,-3.85735725448413,-0.360622225676864
1899,1.7500468813146361,-3.8573572544845174,-0.36062222567705826
1900,-1.9574756151897819,16.730898275517188,-0.44605360864434923
1901,-1.9574756151430306,16.730898275517188,-0.44605360864434923
1902,-1.95747561518919,16.730898275517188,-0.44605360864434923
1903,-1.9574756151903736,16.730898275517188,-0.44605360864434923
1904,-4.094826474055076,9.39047832392443,-0.2751908427095731
1905,-4.094826474055372,9.39047832347562,-0.2751908427095731
1906,-4.094826474102123,9.39047832392443,-0.2751908427097674
1907,-4.094826474055668,9.3904783239243,-0.2751908427095731
1908,-4.094826474055076,9.39047832347575,-0.2751908427095731
1909,-4.094826474055668,9.3904783239243,-0.2751908427095731
1910,-4.094826474055372,9.39047832392443,-0.2751908427095731
1911,-4.094826474102123,9.39047832347562,-0.2751908427095731
1912,-4.094826474055076,9.3904783239243,-0.2751908427097674
1913,-4.094826474055964,9.390478323924366,-0.2751908427095731
1914,-4.094826474055076,9.3904783239243,-0.2751908427095731
1915,-4.094826474055372,9.39047832347575,-0.2751908427095731
1916,-4.094826474055372,9.390478323924366,-0.2751908427095731
1917,-4.094826474102419,9.39047832392443,-0.2751908427097674
1918,-4.094826474055372,9.39047832347562,-0.2751908427095731
1919,-4.094826474055372,9.3904783239243,-0.2751908427095731
1920,-1.5994042288149455,0.1040936694815952,-0.17422648102095664
1921,-1.5994042288619925,0.10409366903284935,-0.1742264810207624
1922,-1.5994042288155372,0.10409366948172431,-0.17422648102095664
1923,-1.5994042288152412,0.10409366903284935,-0.17422648102095664
1924,-1.5994042288152412,0.10409366948146608,-0.17422648102095664
1925,-1.5994042288616965,0.10409366903297847,-0.1742264810207624
1926,-1.5994042288155372,0.1040936694815952,-0.17422648102095664
1927,-1.5994042288149455,0.10409366903284935,-0.17422648102095664
1928,-1.5994042288152412,0.1040936694815952,-0.17422648102095664
1929,-1.5994042288616965,0.10409366903297847,-0.1742264810207624
1930,-1.5994042288152412,0.10409366948146608,-0.17422648102095664
1931,-3.6304713567974836,-0.41253412766769515,-0.01889669380750623
1932,-2.945465226368021,-0.9176813072122474,-0.01889669380750623
1933,-1.3646818484734287,0.28204324370124123,-0.36062222567705826
1934,-1.6808385240522288,-1.1071114994852482,-0.01889669380750623
1935,-0.995832393623062,0.155756448702949,-0.360622225676864
1936,-1.1539107313889385,0.5346168336978903,-0.36062222567705826
1937,-2.418537433752074,-0.7913945122139552,-0.01889669380750623
1938,-2.0496879789022993,-0.34939073084160327,-0.01889669380750623
1939,-4.210091928684405,-1.3596850890332803,-0.360622225676864
1940,-0.9431396143988386,0.28204324370124123,-0.36062222567705826
1941,-1.7276765500557165,-0.391486328576061,-0.2467137150538095
1942,-1.7276765500551248,-0.3914863290248069,-0.2467137150538095
1943,-1.727676550054533,-0.39148632857619015,-0.2467137150538095
1944,-1.7276765500551248,-0.391486328576061,-0.2467137150538095
1945,-1.7276765501027636,-0.3914863290248069,-0.24671371505400375
1946,-1.7276765500551248,-0.3914863285761256,-0.2467137150538095
1947,-1.7276765500551248,-0.391486328576061,-0.2467137150538095
1948,-1.7276765500551248,-0.3914863290246778,-0.2467137150538095
1949,-1.7276765500551248,-0.39148632857619015,-0.2467137150538095
1950,-0.10005514615674836,-0.44410582675379534,-0.36062222567705826
1951,-0.1000551461099972,-0.4441058267538599,-0.360622225676864
1952,-0.8603366755185805,0.2775330013593409,-0.33621325911491967
1953,-0.8603366755179888,0.2775330009105951,-0.33621325911491967
1954,-0.860336675517101,0.2775330013592118,-0.33621325911472544
1955,-0.8603366755182846,0.27753300135927633,-0.33621325911491967
1956,-0.8603366755179888,0.2775330013592118,-0.33621325911491967
1957,-0.8603366755176929,0.2775330009107242,-0.33621325911491967
1958,-0.860336675517397,0.2775330013592118,-0.33621325911491967
1959,-0.8603366755179888,0.2775330013593409,-0.33621325911472544
1960,-0.8603366755179888,0.27753300091046595,-0.33621325911491967
1961,-0.860336675517397,0.2775330013593409,-0.33621325911491967
1962,-0.8603366755179888,0.2775330013592118,-0.33621325911491967
1963,-0.8603366755179888,0.2775330013592118,-0.33621325911472544
1964,-0.8603366755179888,0.27753300091065963,-0.33621325911491967
1965,-0.8603366755176929,0.2775330013592118,-0.33621325911491967
1966,-0.7261693467932572,0.909762900651918,-0.3405207238022073
1967,-0.7261693467932572,0.9097629006517243,-0.3405207238024016
1968,-0.7261693468403043,0.9097629011004056,-0.3405207238022073
1969,-0.7261693467932572,0.9097629006518534,-0.3405207238024016
1970,-0.7261693467932572,0.9097629006517889,-0.3405207238022073
1971,-0.726169346793849,0.9097629006517243,-0.3405207238024016
1972,-0.7261693468403043,0.9097629006517889,-0.3405207238022073
1973,-0.7261693467932572,0.9097629006518534,-0.3405207238024016
1974,-0.7261693467929613,0.9097629011005347,-0.3405207238022073
1975,-0.7261693467932572,0.9097629006517243,-0.3405207238024016
1976,-0.7261693468400083,0.9097629006517889,-0.3405207238022073
1977,-0.7261693467935532,0.9097629006517889,-0.3405207238024016
1978,-0.726169346793849,0.9097629006518534,-0.3405207238022073
1979,-0.7261693467926654,0.9097629006517243,-0.3405207238024016
1980,-0.7261693468403043,0.9097629011004056,-0.3405207238022073
1981,-0.726169346793849,0.9097629006518534,-0.3405207238024016
1982,-0.7261693467926654,0.9097629006517889,-0.3405207238022073
1983,-1.118782211921904,0.47673538619600947,-0.3890993533328219
1984,-1.1187822118757447,0.47673538574719904,-0.38909935333262763
1985,-1.118782211921904,0.47673538574732816,-0.3890993533328219
1986,-1.1187822119224957,0.47673538619607403,-0.3890993533328219
1987,-1.118782211874561,0.47673538619588035,-0.3890993533328219
1988,-1.1187822119224957,0.47673538574719904,-0.3890993533328219
1989,-1.118782211921904,0.4767353857474573,-0.38909935333262763
1990,-1.1187822118757447,0.4767353861959449,-0.3890993533328219
1991,-1.118782211921904,0.47673538619588035,-0.3890993533328219
1992,-1.118782211921904,0.47673538574732816,-0.38909935333262763
1993,-1.118782211875153,0.47673538574732816,-0.3890993533328219
1994,-1.118782211921904,0.4767353861959449,-0.3890993533328219
1995,-0.788354575281807,0.5227774467088017,-0.4033379171607037
1996,-0.7883545752815111,0.5227774467088663,-0.4033379171607037
1997,-0.7883545752353518,0.5227774462601205,-0.4033379171605095
1998,-0.7883545752815111,0.5227774467089308,-0.4033379171607037
1999,-0.7883545752815111,0.5227774467088663,-0.4033379171607037
2000,-0.788354575281807,0.5227774467087372,-0.4033379171607037
2001,-0.788354575282103,0.5227774467089308,-0.4033379171607037
2002,-0.7883545752341682,0.5227774467088663,-0.4033379171605095
2003,-0.7883545752823988,0.5227774462601205,-0.4033379171607037
2004,-0.7883545752815111,0.5227774467088663,-0.4033379171607037
2005,-0.7883545752815111,0.5227774467088663,-0.4033379171607037
2006,-0.7883545752815111,0.5227774467088017,-0.4033379171607037
2007,-0.788354575282103,0.5227774467088663,-0.4033379171607037
2008,-0.7883545752347599,0.5227774462602495,-0.4033379171605095
2009,-0.7883545752823988,0.5227774467088017,-0.4033379171607037
2010,-0.7883545752815111,0.5227774467088663,-0.4033379171607037
2011,1.3151223540696468,1.2562556613622162,-0.06771462693178346
2012,1.3151223541158061,1.2562556613623452,-0.06771462693158921
2013,1.3151223540696468,1.2562556613621516,-0.06771462693178346
2014,1.3151223540696468,1.2562556618109622,-0.06771462693158921
2015,1.3151223540696468,1.2562556613623452,-0.06771462693178346
2016,1.3151223541163979,1.2562556613622162,-0.06771462693158921
2017,1.3151223540693509,1.2562556613622808,-0.06771462693178346
2018,1.5070746213964112,1.8921998782471547,-0.01889669380750623
2019,1.507074621397003,1.8921998786957068,-0.01889669380750623
2020,0.8308506208233511,1.2818137032446255,-0.01889669380750623
2021,0.8308506208698064,1.2818137032444965,-0.01889669380750623
2022,0.8308506208701023,1.2818137032445611,-0.01889669380750623
2023,0.8308506208230553,1.2818137032444965,-0.01889669380750623
2024,0.8308506208227593,1.2818137032445611,-0.01889669380750623
2025,0.8308506208701023,1.2818137032445611,-0.01889669380750623
2026,0.4444369062628429,0.6609036286961825,0.0950118168155483
2027,0.44443690621549997,0.6609036282476304,0.09501181681574254
2028,0.4444369062631388,0.660903628696118,0.0950118168155483
2029,0.4344001864085668,-0.7553125712346359,0.07873917244085396
2030,0.434400186360928,-0.7553125707858255,0.07873917244104821
2031,0.4344001864088627,-0.7553125712344423,0.07873917244085396
2032,0.43440018636181565,-0.7553125712345714,0.07873917244085396
2033,0.4344001864085668,-0.7553125712345068,0.07873917244085396
2034,0.4344001863615197,-0.7553125707858901,0.07873917244104821
2035,0.4344001864085668,-0.7553125712345714,0.07873917244085396
2036,-0.2581334839232167,-2.6225530381189692,-0.01889669380750623
2037,0.7430293220850461,-1.6122586790299294,0.3228288380620458
2038,0.9011076598506268,-1.485971884480254,0.3228288380620458
2039,-1.9443024203603503,-2.559409640395515,-0.01889669380750623
2040,-2.9191188367559096,-2.6856964358424884,0.3228288380620458
2041,-2.9191188367562053,-2.6856964353938717,0.3228288380618516
2042,-1.557888705753387,-1.6122586790299294,0.0950118168155483
2043,-1.557888705800138,-1.612258679029865,0.09501181681574254
2044,-1.557888705753091,-1.6122586790298004,0.0950118168155483
2045,-1.1539107313889385,-0.7282511153878632,0.3228288380620458
2046,-0.5450163932560138,-0.3002791990295701,0.2848593345209629
2047,-0.5450163932566056,-0.30027919902969924,0.2848593345209629
2048,-0.5450163932557179,-0.3002791990295701,0.28485933452076867
2049,-0.5450163932563097,-0.3002791990295701,0.2848593345209629
2050,-0.5450163932563097,-0.30027919947825144,0.2848593345209629
2051,-0.5450163932560138,-0.30027919902969924,0.2848593345209629
2052,-0.5450163932560138,-0.3002791990295701,0.28485933452076867
2053,-0.5450163932566056,-0.3002791990295701,0.2848593345209629
2054,-0.5450163932557179,-0.3002791990295701,0.2848593345209629
2055,-0.5647096541802098,-0.07385590518679669,-0.04996265125015746
2056,-0.5647096542272568,-0.07385590563541342,-0.04996265125015746
2057,-0.5647096541799139,-0.07385590518679669,-0.04996265125035171
2058,-0.564709654179618,-0.07385590518679669,-0.04996265125015746
2059,-0.5647096542275527,-0.07385590518679669,-0.04996265125015746
2060,-0.5647096541805057,-0.07385590563541342,-0.04996265125015746
2061,-0.5647096542266651,-0.07385590518679669,-0.04996265125015746
2062,-0.5647096541802098,-0.07385590518679669,-0.04996265125015746
2063,-0.5647096541799139,-0.07385590518679669,-0.04996265125035171
2064,-0.5647096542275527,-0.07385590563541342,-0.04996265125015746
2065,-0.5647096541793221,-0.07385590518679669,-0.04996265125015746
2066,-1.0485251728943326,0.15575644915163028,-0.360622225676864
2067,-0.9958323936236538,-0.223103935843311,-0.01889669380750623
2068,-0.8816647052255983,-0.10734104039073898,-0.132805204430755
2069,-0.88166470522619,-0.10734103994212224,-0.13280520443056076
2070,-0.881664705179143,-0.10734104039073898,-0.132805204430755
2071,-0.88166470522619,-0.10734104039073898,-0.132805204430755
2072,-0.88166470522619,-0.10734103994212224,-0.13280520443056076
2073,-0.88166470522619,-0.10734104039073898,-0.132805204430755
2074,-0.7323684972687811,-0.223103935843311,-0.01889669380750623
2075,-0.7850612765859151,-0.22310393539462972,-0.36062222567705826
2076,-0.7850612765853232,-0.22310393539456516,-0.360622225676864
2077,-0.8377540558110261,-0.033673743570181006,-0.01889669380750623
2078,-1.5562919548657779,0.012248727746198592,-0.3295562682342128
2079,-1.556291954912825,0.012248727297581858,-0.32955626823440703
2080,-1.5562919548663698,0.012248727746198592,-0.3295562682342128
2081,-1.5562919548660739,0.012248727746198592,-0.32955626823440703
2082,-1.556291954912825,0.012248727297517298,-0.3295562682342128
2083,-1.5562919548666656,0.012248727746198592,-0.32955626823440703
2084,-1.556291954912825,0.012248727297581858,-0.3295562682342128
2085,-1.5562919548666656,0.012248727746198592,-0.32955626823440703
2086,-1.5562919548657779,0.012248727746263151,-0.3295562682342128
2087,-1.556291954913121,0.01224872729745274,-0.32955626823440703
2088,-1.5562919548660739,0.012248727746198592,-0.3295562682342128
2089,-1.4052147555795007,-0.1648177226980936,-0.12404301130582995
2090,-1.4052147556265477,-0.16481772224947688,-0.12404301130582995
2091,-1.4052147555792047,-0.1648177226980936,-0.12404301130582995
2092,-1.4052147555792047,-0.1648177226980936,-0.1240430113056357
2093,-1.405214755625956,-0.16481772224934776,-0.12404301130582995
2094,-1.4052147555800925,-0.1648177226980936,-0.12404301130582995
2095,-1.4052147555792047,-0.1648177226980936,-0.12404301130582995
2096,-1.4052147555797967,-0.16481772269815817,-0.12404301130582995
2097,-1.405214755625956,-0.16481772224941232,-0.12404301130582995
2098,-1.4052147555792047,-0.16481772269815817,-0.1240430113056357
2099,-1.4052147555795007,-0.1648177226980936,-0.12404301130582995
2100,-1.4052147556265477,-0.16481772224947688,-0.12404301130582995
2101,-1.4052147555795007,-0.1648177226980936,-0.12404301130582995
2102,-0.20920447460355057,0.3767583400621792,0.10314813900299258
2103,-0.20920447464970995,0.3767583400621792,0.10314813900299258
2104,-0.20920447460325467,0.37675834006230824,0.10314813900299258
2105,-0.20920447460384647,0.37675834006205006,0.10314813900318683
2106,-0.20920447460325467,0.3767583400621792,0.10314813900299258
2107,-0.20920447465059763,0.3767583400621792,0.10314813900299258
2108,-0.20920447460325467,0.3767583396135624,0.10314813900299258
2109,-0.20920447460355057,0.3767583400621792,0.10314813900299258
2110,-0.20920447465059763,0.3767583400621792,0.10314813900299258
2111,-0.20920447460325467,0.37675834006205006,0.10314813900299258
2112,-0.20920447460325467,0.3767583400621792,0.10314813900318683
2113,-0.20920447460384647,0.3767583400621792,0.10314813900299258
2114,-0.20920447464970995,0.3767583400621792,0.10314813900299258
2115,-0.20920447460384647,0.3767583400621792,0.10314813900299258
2116,-0.9431396143520875,-0.17574638743846913,0.06653468915978467
2117,-0.9431396143517916,-0.17574638743859824,0.06653468915997891
2118,-0.9431396143991345,-0.17574638743834,0.06653468915978467
2119,-0.9431396143526792,-0.17574638743846913,0.06653468915978467
2120,-0.890446835080817,-0.28624733311814876,-0.01889669380750623
2121,-0.7850612765859151,-0.2862473331180842,0.3228288380620458
2122,-1.0748715625061482,-0.7787658330281835,0.015275859379410122
2123,-1.0748715625531953,-0.7787658330281835,0.015275859379410122
2124,-1.0748715625061482,-0.7787658330281835,0.015275859379604372
2125,-1.0748715625061482,-0.778765833028248,0.015275859379410122
2126,-1.0748715625528995,-0.7787658325795022,0.015275859379410122
2127,-1.0748715625064442,-0.778765833028248,0.015275859379410122
2128,-1.0748715625058523,-0.7787658330281835,0.015275859379410122
2129,-1.0748715625061482,-0.7787658330280544,0.015275859379604372
2130,-1.0748715625534913,-0.7787658330283126,0.015275859379410122
2131,-1.0748715625055565,-0.7787658330281835,0.015275859379410122
2132,-1.9443024203603503,0.09261305142824035,-0.01889669380750623
2133,-0.5215973802310423,-1.1522139264947993,0.02992123931677099
2134,-0.5215973802783853,-1.1522139264948639,0.029921239316576743
2135,-0.5215973802313382,-1.1522139264948639,0.02992123931677099
2136,-0.5215973802777935,-1.152213926046118,0.029921239316576743
2137,-0.5215973802310423,-1.1522139264947993,0.02992123931677099
2138,-0.5215973802780893,-1.1522139264947993,0.029921239316576743
2139,-0.5215973802310423,-1.1522139264948639,0.02992123931677099
2140,-0.7850612765391639,-0.22310393539456516,0.3228288380620458
2141,-0.7323684973152363,-0.6019643199408897,-0.01889669380750623
2142,-0.8377540558571854,-0.4756775253912142,0.3228288380618516
2143,-0.9958323936227661,-0.033673743570116446,0.3228288380620458
2144,-0.8904468350814089,-0.34939073039292196,-0.01889669380750623
2145,-0.7850612765862109,-0.41253412766769515,0.3228288380620458
2146,-0.7850612765394598,-0.03367374357005189,0.6645543699314036
2147,-0.8838602376896249,-0.25467563403211313,0.3228288380620458
2148,-0.8838602376902166,-0.2546756344806653,0.3228288380618516
2149,-0.8838602376896249,-0.25467563448060077,0.3228288380620458
2150,-0.8838602376896249,-0.25467563403211313,0.3228288380620458
2151,-0.8838602376902166,-0.25467563403191945,0.3228288380618516
2152,-0.8838602376896249,-0.2546756344807299,0.3228288380620458
2153,-0.8838602376896249,-0.25467563448060077,0.3228288380618516
2154,-0.8838602376902166,-0.25467563403211313,0.3228288380620458
2155,-0.995832393623358,0.09261305142817579,0.6645543699314036
2156,-0.9958323936227661,-0.09681714084488964,0.3228288380618516
2157,-0.6703769922854084,-0.20081803073801752,0.26252433243788154
2158,-0.6703769922842249,-0.2008180302894008,0.26252433243807577
2159,-0.6703769922854084,-0.20081803073801752,0.26252433243788154
2160,-0.6703769922842249,-0.2008180307378884,0.26252433243788154
2161,-0.6703769923321595,-0.20081803073801752,0.26252433243807577
2162,-0.6703769922848166,-0.20081803028933623,0.26252433243788154
2163,-0.6703769922848166,-0.20081803073801752,0.26252433243788154
2164,-0.6703769922854084,-0.20081803073795296,0.26252433243807577
2165,-0.6703769922842249,-0.20081803028933623,0.26252433243788154
2166,-0.6703769922848166,-0.20081803073801752,0.26252433243807577
2167,-0.6703769922854084,-0.20081803073801752,0.26252433243788154
2168,-0.6703769922848166,-0.20081803028927167,0.26252433243788154
2169,-0.6703769923315678,-0.20081803073801752,0.26252433243807577
2170,-0.6703769922848166,-0.20081803073801752,0.26252433243788154
2171,-0.6703769922848166,-0.20081803073801752,0.26252433243788154
2172,-0.6703769922854084,-0.20081803028927167,0.26252433243807577
2173,-0.6703769922848166,-0.20081803073795296,0.26252433243788154
2174,0.4005262568938383,-0.9176813072123119,0.3228288380618516
2175,0.4005262568464954,-0.9176813072123119,0.3228288380620458
2176,0.7275314458045095,-1.26311283432494,0.46353935118464257
2177,0.7275314458506688,-1.2631128347735567,0.46353935118464257
2178,0.7275314458039176,-1.2631128343248754,0.4635393511848368
2179,0.7275314458045095,-1.2631128347736211,0.46353935118464257
2180,0.727531445850077,-1.26311283432494,0.46353935118464257
2181,0.7275314458039176,-1.2631128343248754,0.46353935118464257
2182,0.7275314458045095,-1.2631128347735567,0.4635393511848368
2183,0.727531445850077,-1.2631128343250044,0.46353935118464257
2184,0.7275314458039176,-1.2631128347735567,0.46353935118464257
2185,0.7275314458512606,-1.26311283432494,0.46353935118464257
2186,0.7275314458039176,-1.2631128347736211,0.4635393511848368
2187,0.7275314458039176,-1.2631128343248754,0.46353935118464257
2188,0.7275314458506688,-1.26311283432494,0.46353935118464257
2189,0.7275314458039176,-1.2631128347735567,0.46353935118464257
2190,0.7275314458039176,-1.2631128343250044,0.4635393511848368
2191,0.7275314458506688,-1.2631128347735567,0.46353935118464257
2192,0.7275314458039176,-1.2631128343248754,0.46353935118464257
2193,0.6159467367870365,-0.538820922666052,0.44343784930998587
2194,0.6159467367876282,-0.5388209226659874,0.44343784930998587
2195,0.6159467367864446,-0.5388209231146687,0.4434378493101801
2196,0.6159467367876282,-0.5388209226659874,0.44343784930998587
2197,0.6159467368331958,-0.5388209226661165,0.44343784930998587
2198,0.6159467367876282,-0.538820922666052,0.44343784930998587
2199,0.6159467367870365,-0.5388209231146687,0.44343784930998587
2200,0.6159467367870365,-0.5388209226659874,0.44343784930998587
2201,0.6159467367870365,-0.538820922666052,0.4434378493101801
2202,0.6159467367864446,-0.5388209226659874,0.44343784930998587
2203,0.6159467367876282,-0.5388209231146687,0.44343784930998587
2204,0.6159467367870365,-0.5388209226659874,0.44343784930998587
2205,0.6159467368337876,-0.538820922666052,0.44343784930998587
2206,0.6159467367870365,-0.5388209226659874,0.44343784930998587
2207,0.6159467367876282,-0.5388209231146687,0.4434378493101801
2208,0.6159467367864446,-0.5388209226659874,0.44343784930998587
2209,0.6159467367870365,-0.538820922666052,0.44343784930998587
2210,0.062076482361929815,-0.15996053811985653,0.37540199681120767
2211,0.062076482361929815,-0.1599605381197274,0.37540199681101344
2212,0.062076482361929815,-0.1599605381197274,0.37540199681120767
2213,0.062076482361929815,-0.1599605381199211,0.37540199681101344
2214,0.062076482361929815,-0.15996053811966285,0.37540199681120767
2215,0.062076482361338024,-0.15996053811979197,0.37540199681101344
2216,0.062076482361929815,-0.15996053811985653,0.37540199681120767
2217,0.062076482361929815,-0.1599605381197274,0.37540199681101344
2218,0.062076482361338024,-0.15996053811985653,0.37540199681120767
2219,0.0620764823625216,-0.15996053811966285,0.37540199681101344
2220,0.062076482361338024,-0.15996053811979197,0.37540199681120767
2221,0.0620764823625216,-0.15996053811985653,0.37540199681101344
2222,0.062076482361338024,-0.1599605381197274,0.37540199681120767
2223,-1.320771199057377,-1.6438303781160297,0.15196607212726979
2224,-1.3207711991041282,-1.6438303776673484,0.15196607212726979
2225,-1.3207711991035365,-1.6438303776672192,0.15196607212726979
2226,-1.320771199057377,-1.6438303781160941,0.15196607212707552
2227,-1.320771199057377,-1.643830378115965,0.15196607212726979
2228,-1.3207711991041282,-1.6438303776673484,0.15196607212726979
2229,-0.9080110948385977,-1.0650159013021738,0.20892032743879704
2230,-0.908011094884757,-1.0650159013021092,0.20892032743879704
2231,-0.9080110948380058,-1.0650159013021092,0.20892032743879704
2232,-0.9080110948380058,-1.0650159013022382,0.20892032743879704
2233,-0.908011094884757,-1.065015901750855,0.2089203274389913
2234,-0.9080110948380058,-1.0650159013021092,0.20892032743879704
2235,-0.9080110948385977,-1.0650159013021092,0.20892032743879704
2236,-0.908011094884757,-1.0650159013023028,0.20892032743879704
2237,-0.9080110948380058,-1.0650159013021092,0.20892032743879704
2238,-0.5584823257255771,-0.8482235701201508,0.16905234872072797
2239,-0.5584823257255771,-0.8482235701202799,0.16905234872072797
2240,-0.5584823257729201,-0.8482235701201508,0.16905234872072797
2241,-0.5584823257255771,-0.8482235705689612,0.1690523487205337
2242,-0.5584823257255771,-0.8482235701201508,0.16905234872072797
2243,-0.5584823257249854,-0.8482235701202799,0.16905234872072797
2244,-0.558482325726169,-0.8482235701202799,0.16905234872072797
2245,-0.5584823257717365,-0.8482235701201508,0.16905234872072797
2246,-0.558482325726169,-0.8482235701202799,0.16905234872072797
2247,-0.5584823257255771,-0.8482235705688321,0.1690523487205337
2248,-0.5584823257249854,-0.8482235701202799,0.16905234872072797
2249,-0.558482325726169,-0.8482235701202154,0.16905234872072797
2250,-0.5584823257717365,-0.8482235701202154,0.16905234872072797
2251,-0.5584823257255771,-0.8482235701201508,0.16905234872072797
2252,-0.558482325726169,-0.8482235701202799,0.16905234872072797
2253,-0.5584823257255771,-0.8482235701202799,0.16905234872072797
2254,-0.5584823257255771,-0.8482235705688321,0.1690523487205337
2255,-0.5584823257717365,-0.8482235701201508,0.16905234872072797
2256,-0.5584823257255771,-0.8482235701202799,0.16905234872072797
2257,-0.5584823257255771,-0.8482235701202799,0.16905234872072797
2258,-0.6796757180442619,-0.6651077176642151,0.3228288380620458
2259,-0.6796757180442619,-0.538820922666052,0.3228288380618516
2260,-0.7850612765394598,-0.412534128116441,0.3228288380620458
2261,-0.7323684973152363,-0.4125341276677597,0.3228288380620458
2262,-0.8970334325187604,0.0018444178457014317,0.19468176361091521
2263,-0.897033432472601,0.001844417845572315,0.19468176361091521
2264,-0.8970334325193522,0.0018444173969555792,0.19468176361091521
2265,-0.8970334325193522,0.001844417845572315,0.19468176361091521
2266,-0.897033432472601,0.0018444178457014317,0.19468176361091521
2267,-0.8970334325193522,0.0018444178455077564,0.19468176361091521
2268,-0.8970334325193522,0.0018444178457014317,0.19468176361091521
2269,-0.8970334325193522,0.001844417845443198,0.19468176361091521
2270,-0.897033432472601,0.0018444173970846962,0.19468176361091521
2271,-0.8970334325187604,0.001844417845572315,0.19468176361091521
2272,-0.8970334325199439,0.0018444178456368733,0.19468176361091521
2273,-0.8970334324720093,0.001844417845572315,0.19468176361091521
2274,-0.8970334325193522,0.001844417845572315,0.19468176361091521
2275,-0.8970334325193522,0.0018444173969555792,0.19468176361091521
2276,-0.897033432472601,0.001844417845572315,0.19468176361091521
2277,-0.8970334325193522,0.0018444178456368733,0.19468176361091521
2278,-0.8904468350814089,-0.22310393539462972,-0.01889669380750623
2279,-1.3119890692486136,0.2820432437013058,0.3228288380618516
2280,-1.1539107313889385,0.15575644915163028,0.3228288380620458
2281,-1.0485251728943326,0.09261305142824035,0.3228288380618516
2282,-0.9958323936239497,-0.15996053811985653,0.3228288380620458
2283,-0.9958323936221743,-0.4756775249425329,-0.01889669380750623
2284,-0.9431396143529751,-0.3493907308415387,0.3228288380620458
2285,-0.9080110948380058,-0.6651077176643442,0.11399656858618686
2286,-0.908011094884757,-0.6651077176643442,0.11399656858618686
2287,-0.9080110948380058,-0.6651077176642797,0.11399656858618686
2288,-0.9080110948385977,-0.6651077176642151,0.11399656858618686
2289,-0.9080110948380058,-0.665107717215792,0.11399656858618686
2290,-0.908011094884757,-0.6651077176643442,0.11399656858618686
2291,-0.9080110948380058,-0.6651077176643442,0.11399656858618686
2292,-0.9080110948380058,-0.6651077176643442,0.11399656858618686
2293,-0.9080110948385977,-0.6651077176642151,0.11399656858618686
2294,-0.908011094884757,-0.6651077176643442,0.11399656858599261
2295,-0.9080110948380058,-0.6651077176643442,0.11399656858618686
2296,-0.9080110948385977,-0.6651077176643442,0.11399656858618686
2297,-0.908011094884757,-0.6651077176642151,0.11399656858618686
2298,-0.9080110948385977,-0.6651077172156629,0.11399656858618686
2299,-0.9080110948385977,-0.6651077176643442,0.11399656858618686
2300,-0.9080110948380058,-0.6651077176643442,0.11399656858618686
2301,-0.908011094884757,-0.6651077176643442,0.11399656858618686
2302,-0.9080110948380058,-0.6651077176643442,0.11399656858618686
2303,-0.9314301078635691,-0.47567752539114966,0.01907280973357669
2304,-0.9314301078629773,-0.4756775253912788,0.01907280973357669
2305,-0.9314301078623856,-0.47567752539114966,0.01907280973338244
2306,-0.9314301078629773,-0.47567752539114966,0.01907280973357669
2307,-0.9314301078162261,-0.47567752494259746,0.01907280973357669
2308,-0.9314301078635691,-0.47567752539114966,0.01907280973357669
2309,-0.9314301078629773,-0.47567752539114966,0.01907280973338244
2310,-0.9314301078635691,-0.4756775253912788,0.01907280973357669
2311,-0.9314301078629773,-0.47567752539114966,0.01907280973357669
2312,-0.9431396143523834,-0.2862473326694029,-0.01889669380750623
2313,-0.9431396143517916,-0.412534128116441,0.3228288380620458
2314,-0.9431396143517916,-0.5388209226659874,-0.01889669380750623
2315,-0.9431396143523834,-0.09681714084488964,-0.01889669380750623
2316,-0.9679362163456141,-0.2602471104205584,0.1017123174406281
2317,-0.9679362163923653,-0.2602471104205584,0.10171231744043385
2318,-0.9679362163456141,-0.2602471108691106,0.1017123174406281
2319,-0.9679362163923653,-0.2602471104204293,0.10171231744043385
2320,-0.9679362163450224,-0.2602471104205584,0.1017123174406281
2321,-0.967936216392957,-0.2602471104204293,0.1017123174406281
2322,-0.9679362163450224,-0.26024711086923974,0.10171231744043385
2323,-0.9679362163923653,-0.2602471104204293,0.1017123174406281
2324,-0.9679362163462059,-0.2602471104204293,0.10171231744043385
2325,-0.9679362163917735,-0.2602471104205584,0.1017123174406281
2326,-0.9679362163456141,-0.26024711086923974,0.10171231744043385
2327,-0.9679362163917735,-0.2602471104204293,0.1017123174406281
2328,-0.9679362163462059,-0.2602471104205584,0.1017123174406281
2329,-0.9679362163917735,-0.2602471104204293,0.10171231744043385
2330,-0.9679362163456141,-0.2602471108691106,0.1017123174406281
2331,-0.9679362163923653,-0.26024711042068754,0.10171231744043385
2332,-0.9679362163456141,-0.2602471104204293,0.1017123174406281
2333,-0.9628994065727111,-0.163907000449316,0.06653468915978467
2334,-0.9628994065733029,-0.16390700044944512,0.06653468915997891
2335,-0.9628994066194623,-0.16390700044957424,0.06653468915978467
2336,-0.9628994065727111,-0.16390700044944512,0.06653468915997891
2337,-0.9628994065727111,-0.16390700089799728,0.06653468915978467
2338,-0.9628994066206458,-0.16390700044957424,0.06653468915978467
2339,-0.9628994065721193,-0.16390700044944512,0.06653468915997891
2340,-0.9628994065727111,-0.16390700044944512,0.06653468915978467
2341,-0.9628994065733029,-0.16390700044944512,0.06653468915978467
2342,-0.9628994065733029,-0.16390700044944512,0.06653468915997891
2343,-0.9628994066194623,-0.16390700044944512,0.06653468915978467
2344,-0.9628994065727111,-0.1639070008981264,0.06653468915978467
2345,-0.9628994065733029,-0.16390700044944512,0.06653468915997891
2346,-0.9628994066194623,-0.16390700044944512,0.06653468915978467
2347,-0.9628994065727111,-0.16390700044957424,0.06653468915997891
2348,-0.9628994065733029,-0.163907000449316,0.06653468915978467
2349,-0.987050263768435,-0.2441517349349451,0.20892032743879704
2350,-0.9870502637210921,-0.24415173448626382,0.20892032743879704
2351,-0.9870502637210921,-0.2441517344861347,0.20892032743879704
2352,-0.9870502637678432,-0.24415173493481598,0.20892032743879704
2353,-0.9870502637678432,-0.2441517349349451,0.20892032743879704
2354,-0.9870502637216838,-0.2441517344861347,0.20892032743879704
2355,-0.8838602376896249,-0.7321975772688997,0.0024611519344136137
2356,-0.8838602376896249,-0.7321975777174519,0.0024611519342193655
2357,-0.8838602376902166,-0.7321975772688997,0.0024611519344136137
2358,-0.8838602376896249,-0.7321975772687705,0.0024611519342193655
2359,-0.8838602376902166,-0.7321975777174519,0.0024611519344136137
2360,-0.8838602376896249,-0.7321975772687705,0.0024611519344136137
2361,-0.8838602376902166,-0.7321975772688997,0.0024611519342193655
2362,-0.8838602376902166,-0.7321975777173227,0.0024611519344136137
2363,-0.8838602376890331,-0.7321975772688997,0.0024611519344136137
2364,-0.8838602376902166,-0.7321975772687705,0.0024611519342193655
2365,-0.8838602376902166,-0.7321975772687705,0.0024611519344136137
2366,-0.8838602376902166,-0.732197577717581,0.0024611519344136137
2367,-0.8838602376890331,-0.7321975772688997,0.0024611519342193655
2368,-0.8838602376902166,-0.7321975772686414,0.0024611519344136137
2369,-0.8838602376896249,-0.732197577717581,0.0024611519342193655
2370,-0.8838602376902166,-0.7321975772687705,0.0024611519344136137
2371,-0.9563128091809271,-0.4662060158897958,-0.053069246994422586
2372,-0.9563128091821107,-0.4662060154409854,-0.053069246994422586
2373,-0.956312809181519,-0.4662060158896667,-0.053069246994422586
2374,-0.9563128091347678,-0.4662060154411145,-0.053069246994616834
2375,-0.956312809181519,-0.4662060158896667,-0.053069246994422586
2376,-0.9563128091821107,-0.4662060154411145,-0.053069246994422586
2377,-0.9563128091809271,-0.4662060158896667,-0.053069246994422586
2378,-0.9563128091821107,-0.4662060154409854,-0.053069246994422586
2379,-0.9563128091809271,-0.4662060158897958,-0.053069246994422586
2380,-0.9563128091827025,-0.4662060158896667,-0.053069246994616834
2381,-0.9563128091341759,-0.4662060154411145,-0.053069246994422586
2382,-0.9563128091821107,-0.4662060158896667,-0.053069246994422586
2383,-0.9563128091809271,-0.4662060154409854,-0.053069246994422586
2384,-0.9563128091821107,-0.4662060158897958,-0.053069246994422586
2385,-0.9563128091809271,-0.4662060154409854,-0.053069246994422586
2386,-0.9563128091821107,-0.4662060158896667,-0.053069246994422586
2387,-0.9563128091347678,-0.4662060154411145,-0.053069246994616834
2388,-0.956312809181519,-0.4662060158896667,-0.053069246994422586
2389,-0.956312809181519,-0.4662060154409854,-0.053069246994422586
2390,-0.956312809181519,-0.4662060158897958,-0.053069246994422586
2391,-0.9665586273773549,-0.21608800266316283,-0.11382045266011642
2392,-0.9665586273773549,-0.21608800221461066,-0.11382045266011642
2393,-0.9665586273294201,-0.21608800266316283,-0.11382045266011642
2394,-0.9665586273773549,-0.21608800266316283,-0.11382045266011642
2395,-0.9665586273767631,-0.21608800266316283,-0.11382045266031067
2396,-0.9665586273773549,-0.21608800221461066,-0.11382045266011642
2397,-0.9665586273306037,-0.2160880026630337,-0.11382045266011642
2398,-0.9665586273773549,-0.21608800266316283,-0.11382045266011642
2399,-0.9665586273767631,-0.21608800266316283,-0.11382045266011642
2400,-0.9665586273773549,-0.21608800221461066,-0.11382045266011642
2401,-0.9665586273767631,-0.2160880026630337,-0.11382045266011642
2402,-0.966558627330012,-0.21608800266329195,-0.11382045266011642
2403,-0.9665586273767631,-0.21608800221448154,-0.11382045266011642
2404,-0.9665586273773549,-0.21608800266316283,-0.11382045266031067
2405,-0.9665586273767631,-0.21608800266316283,-0.11382045266011642
2406,-0.9665586273306037,-0.21608800266316283,-0.11382045266011642
2407,-0.9665586273773549,-0.21608800221448154,-0.11382045266011642
2408,-0.9665586273767631,-0.21608800266329195,-0.11382045266011642
2409,-0.46890460100711484,-0.6887864916422631,-0.06161238529115167
2410,-0.4689046009603637,-0.6887864916423923,-0.06161238529115167
2411,-0.46890460100711484,-0.6887864916423923,-0.061612385291345925
2412,-0.4689046009603637,-0.6887864916423923,-0.06161238529115167
2413,-0.46890460100711484,-0.6887864916422631,-0.06161238529115167
2414,-0.4689046009597719,-0.6887864916425214,-0.06161238529115167
2415,-0.46890460100711484,-0.6887864916422631,-0.06161238529115167
2416,-0.4689046009597719,-0.6887864916423923,-0.06161238529115167
2417,-0.46890460100711484,-0.6887864920910735,-0.061612385291345925
2418,-0.46890460100711484,-0.6887864916423923,-0.06161238529115167
2419,-0.4689046009609555,-0.6887864916422631,-0.06161238529115167
2420,-0.46890460100711484,-0.6887864916425214,-0.06161238529115167
2421,-0.4689046009597719,-0.6887864916422631,-0.06161238529115167
2422,-0.46890460100711484,-0.6887864916425214,-0.061612385291345925
2423,-0.4689046009597719,-0.6887864916423923,-0.06161238529115167
2424,-0.46890460100711484,-0.6887864916422631,-0.06161238529115167
2425,-0.630276237469771,-0.6769471046534973,0.13060822638534994
2426,-0.6302762375153387,-0.676947104653239,0.13060822638534994
2427,-0.6302762374685875,-0.6769471046533682,0.13060822638554417
2428,-0.6302762374685875,-0.6769471046533682,0.13060822638534994
2429,-0.6302762375159304,-0.6769471046533682,0.13060822638534994
2430,-0.6302762374685875,-0.676947104653239,0.13060822638534994
2431,-0.6302762374685875,-0.6769471046533682,0.13060822638534994
2432,-0.6302762375153387,-0.6769471046533682,0.13060822638554417
2433,-0.6302762374691793,-0.6769471046533682,0.13060822638534994
2434,-0.6302762374685875,-0.676947104653239,0.13060822638534994
2435,-0.630276237469771,-0.6769471046534973,0.13060822638534994
2436,-0.6302762375147468,-0.676947104653239,0.13060822638534994
2437,-0.6302762374691793,-0.6769471046533682,0.13060822638534994
2438,-0.6302762374685875,-0.6769471046533682,0.13060822638554417
2439,-0.6302762375153387,-0.6769471046533682,0.13060822638534994
2440,-0.6302762374691793,-0.676947104653239,0.13060822638534994
2441,-0.8377540558104343,-0.47567752494259746,-0.01889669380750623
2442,-0.8377540558565937,-0.4756775253912788,0.3228288380618516
2443,-0.8377540558104343,-0.5388209226661165,-0.01889669380750623
2444,-0.6269829387732873,-0.6651077176642151,-0.01889669380750623
2445,-0.46890460100652304,-0.9176813076609287,0.3228288380620458
2446,-0.31082626319478307,-1.043968102210475,-0.01889669380750623
2447,-0.15274792542742702,-0.9176813072122474,0.3228288380620458
2448,-0.2581334839232167,-0.9176813072122474,0.3228288380618516
2449,-0.31082626319478307,-0.8545379099375388,0.3228288380620458
2450,-0.2581334839226249,-0.7282511153877341,-0.01889669380750623
2451,-0.2581334839232167,-0.7913945122138906,0.3228288380618516
2452,-0.20544070469899334,-0.791394512662701,-0.01889669380750623
2453,-0.3518095359757597,-0.7668387467566199,0.03805756150402103
2454,-0.35180953592960035,-0.7668387467566199,0.03805756150421528
2455,-0.3518095359757597,-0.7668387472053012,0.03805756150402103
2456,-0.35180953592900854,-0.7668387467566199,0.03805756150402103
2457,-0.3518095359763515,-0.7668387467566199,0.03805756150402103
2458,-0.35180953592900854,-0.766838746756749,0.03805756150421528
2459,-0.3518095359763515,-0.7668387467566199,0.03805756150402103
2460,-0.35180953592900854,-0.7668387467566199,0.03805756150402103
2461,-0.3518095359757597,-0.766838746756749,0.03805756150402103
2462,-0.3518095359763515,-0.7668387472051721,0.03805756150421528
2463,-0.35180953592900854,-0.7668387467566199,0.03805756150402103
2464,-0.3518095359763515,-0.7668387467566199,0.03805756150402103
2465,-0.35180953592960035,-0.766838746756749,0.03805756150421528
2466,-0.3518095359757597,-0.7668387467566199,0.03805756150402103
2467,-0.35180953592900854,-0.7668387472053012,0.03805756150402103
2468,-0.3518095359763515,-0.7668387467566199,0.03805756150402103
2469,-0.35180953592900854,-0.7668387467566199,0.03805756150421528
2470,-0.3518095359763515,-0.7668387467566199,0.03805756150402103
2471,-0.12310823707326396,-0.9018954578936348,0.0024611519344136137
2472,-0.12310823707326396,-0.9018954578935057,0.0024611519342193655
2473,-0.12310823707385575,-0.901895458342187,0.0024611519344136137
2474,-0.12310823707326396,-0.9018954578936348,0.0024611519344136137
2475,-0.12310823707326396,-0.9018954578935057,0.0024611519342193655
2476,-0.12310823707385575,-0.9018954578935057,0.0024611519344136137
2477,-0.12310823707326396,-0.9018954578935057,0.0024611519342193655
2478,-0.1231082370265128,-0.9018954578936348,0.0024611519344136137
2479,-0.12310823707385575,-0.901895458342187,0.0024611519344136137
2480,-0.12310823707326396,-0.9018954578935057,0.0024611519342193655
2481,-0.12310823707267218,-0.9018954578935057,0.0024611519344136137
2482,-0.12310823707385575,-0.9018954578937639,0.0024611519342193655
2483,-0.12310823707385575,-0.9018954578933766,0.0024611519344136137
2484,-0.12310823707326396,-0.901895458342187,0.0024611519344136137
2485,-0.12310823707326396,-0.9018954578936348,0.0024611519342193655
2486,-0.12310823707326396,-0.9018954578936348,0.0024611519344136137
2487,-0.17301437895827101,-0.24253267325921957,-0.045183273182087154
2488,-0.17301437895767924,-0.24253267325921957,-0.045183273182087154
2489,-0.1730143790044304,-0.24253267325921957,-0.045183273182087154
2490,-0.17301437895827101,-0.24253267325896133,-0.045183273182087154
2491,-0.17301437895708746,-0.24253267325921957,-0.045183273182087154
2492,-0.17301437895827101,-0.24253267325921957,-0.045183273182087154
2493,-0.17301437900383862,-0.24253267325921957,-0.045183273182087154
2494,-0.17301437895827101,-0.24253267325921957,-0.045183273182087154
2495,-0.17301437895767924,-0.24253267325934869,-0.045183273182087154
2496,-0.17301437895767924,-0.24253267325921957,-0.045183273182087154
2497,-0.1730143790044304,-0.24253267325921957,-0.045183273182087154
2498,-0.17301437895767924,-0.24253267325921957,-0.045183273182087154
2499,-0.17301437895827101,-0.24253267325921957,-0.045183273182087154
2500,-0.6269829387726955,-0.8545379099374096,-0.01889669380750623
2501,-0.6937271258405443,-0.2736186534835667,0.07223011469093739
2502,-0.6937271258405443,-0.2736186534836958,0.07223011469113164
2503,-0.6937271258405443,-0.2736186534835667,0.07223011469093739
2504,-0.6937271258872955,-0.27361865393237705,0.07223011469113164
2505,-0.6937271258399524,-0.2736186534835667,0.07223011469093739
2506,-0.6937271258399524,-0.2736186534836958,0.07223011469113164
2507,-0.6937271258405443,-0.2736186534836958,0.07223011469093739
2508,-0.6937271258405443,-0.2736186534835667,0.07223011469113164
2509,-0.6937271258399524,-0.2736186534836958,0.07223011469093739
2510,-0.6937271258405443,-0.2736186534836958,0.07223011469113164
2511,-0.6937271258405443,-0.2736186534835667,0.07223011469093739
2512,-0.6937271258872955,-0.2736186539325062,0.07223011469113164
2513,-0.6937271258399524,-0.27361865348343756,0.07223011469093739
2514,-0.6937271258405443,-0.2736186534838249,0.07223011469113164
2515,-0.6937271258405443,-0.27361865348343756,0.07223011469093739
2516,0.1107159709268539,-0.9808247049358956,0.3228288380618516
2517,0.11071597088069453,-0.601964319940696,-0.01889669380750623
2518,0.5355515037431993,-1.071593338518499,-0.06161238529115167
2519,0.5355515036964481,-1.0715933385183698,-0.06161238529115167
2520,0.5355515037437911,-1.0715933389667929,-0.061612385291345925
2521,0.53555150369704,-1.0715933385183698,-0.06161238529115167
2522,0.5355515037431993,-1.0715933385182408,-0.06161238529115167
2523,0.5355515037426075,-1.0715933385182408,-0.06161238529115167
2524,0.53555150369704,-1.0715933385182408,-0.06161238529115167
2525,0.5355515037437911,-1.0715933389670511,-0.06161238529115167
2526,0.5355515037431993,-1.0715933385182408,-0.061612385291345925
2527,0.5355515036964481,-1.0715933385182408,-0.06161238529115167
2528,0.5355515037437911,-1.071593338518499,-0.06161238529115167
2529,0.5355515037437911,-1.0715933385182408,-0.06161238529115167
2530,0.5355515036964481,-1.0715933385182408,-0.06161238529115167
2531,0.5355515037437911,-1.071593338966922,-0.061612385291345925
2532,0.5355515036964481,-1.0715933385182408,-0.06161238529115167
2533,0.5355515037431993,-1.0715933385183698,-0.06161238529115167
2534,-0.6646206382390283,-0.9176813072122474,-0.11653256005586643
2535,-0.6646206382857794,-0.9176813076609287,-0.11653256005606068
2536,-0.6646206382390283,-0.9176813072122474,-0.11653256005586643
2537,-0.6646206382390283,-0.9176813072122474,-0.11653256005586643
2538,-0.6646206382390283,-0.9176813076609287,-0.11653256005586643
2539,-0.6646206382857794,-0.9176813072122474,-0.11653256005606068
2540,-0.6646206382384365,-0.9176813072122474,-0.11653256005586643
2541,-0.6646206382402119,-0.9176813076609287,-0.11653256005586643
2542,-0.6646206382857794,-0.9176813072122474,-0.11653256005606068
2543,-0.6646206382384365,-0.9176813076610578,-0.11653256005586643
2544,-0.6646206382390283,-0.9176813072122474,-0.11653256005586643
2545,-0.6646206382390283,-0.9176813072121183,-0.11653256005586643
2546,-0.6646206382857794,-0.9176813076609287,-0.11653256005606068
2547,-0.6646206382390283,-0.9176813072122474,-0.11653256005586643
2548,-0.7938434064411338,-0.5563607553918558,-0.01889669380750623
2549,-0.7938434064411338,-0.556360755392114,-0.01889669380750623
2550,-0.7938434064417256,-0.5563607553918558,-0.01889669380750623
2551,-0.7938434064411338,-0.5563607553918558,-0.01889669380750623
2552,-0.793843406487885,-0.5563607553918558,-0.01889669380750623
2553,-0.7938434064411338,-0.5563607553919849,-0.01889669380750623
2554,-0.7938434064411338,-0.5563607553919849,-0.01889669380750623
2555,-0.7938434064411338,-0.5563607553917267,-0.01889669380750623
2556,-0.7938434064405421,-0.5563607553919849,-0.01889669380750623
2557,-0.7938434064411338,-0.5563607549431745,-0.01889669380750623
2558,-0.7938434064417256,-0.556360755392114,-0.01889669380750623
2559,-0.7938434064405421,-0.5563607553918558,-0.01889669380750623
2560,-0.7938434064411338,-0.5563607553918558,-0.01889669380750623
2561,-0.7938434064884767,-0.5563607553919849,-0.01889669380750623
2562,-0.7938434064411338,-0.5563607553918558,-0.01889669380750623
2563,-0.7938434064411338,-0.5563607553918558,-0.01889669380750623
2564,-0.7938434064411338,-0.5563607553918558,-0.01889669380750623
2565,-0.7938434064411338,-0.5563607553919849,-0.01889669380750623
2566,-1.3471175887162399,-0.1599605381197274,-0.01889669380750623
2567,-1.3471175887162399,-0.15996053811985653,-0.01889669380750623
2568,-1.3471175887162399,-0.15996053811985653,-0.01889669380750623
2569,-0.6994355102645895,-0.7637692763549353,-0.08297023103307152
2570,-0.6994355102651814,-0.7637692759059957,-0.08297023103307152
2571,-0.6994355102645895,-0.7637692759063831,-0.08297023103287728
2572,-0.6994355102645895,-0.7637692763549353,-0.08297023103307152
2573,-0.6994355102651814,-0.7637692763548062,-0.08297023103307152
2574,-0.6994355102651814,-0.763769275906254,-0.08297023103307152
2575,-0.6994355102639978,-0.7637692759061249,-0.08297023103307152
2576,-0.6994355102651814,-0.7637692763548062,-0.08297023103287728
2577,-0.6994355102645895,-0.7637692763549353,-0.08297023103307152
2578,-0.6994355102651814,-0.7637692759063831,-0.08297023103307152
2579,-0.6994355102645895,-0.763769275906254,-0.08297023103307152
2580,-0.6994355102651814,-0.7637692763546771,-0.08297023103307152
2581,-0.6994355102645895,-0.7637692763549353,-0.08297023103307152
2582,-0.6994355102651814,-0.763769275906254,-0.08297023103287728
2583,-0.6994355102651814,-0.763769275906254,-0.08297023103307152
2584,-0.6994355102645895,-0.7637692763549353,-0.08297023103307152
2585,-0.5013309267016778,-1.0051106269299765,-0.045183273182087154
2586,-0.501330926701086,-1.0051106269298475,-0.045183273182087154
2587,-0.5013309266549266,-1.0051106269301058,-0.045183273182087154
2588,-0.5013309267016778,-1.0051106269299765,-0.045183273182087154
2589,-0.501330926701086,-1.0051106269301058,-0.045183273182087154
2590,-0.501330926701086,-1.0051106269299765,-0.045183273182087154
2591,-0.5013309266549266,-1.0051106264812952,-0.045183273182087154
2592,-0.5013309267016778,-1.0051106269301058,-0.045183273182087154
2593,-0.501330926701086,-1.0051106269298475,-0.045183273182087154
2594,-0.501330926701086,-1.0051106269301058,-0.045183273182087154
2595,-0.5013309266549266,-1.0051106269299765,-0.045183273182087154
2596,-0.5013309267016778,-1.0051106269299765,-0.045183273182087154
2597,-0.501330926701086,-1.0051106269299765,-0.045183273182087154
2598,-0.445851510044144,-0.6493218683456025,0.0024611519344136137
2599,-0.44585151009089513,-0.6493218683457316,0.0024611519342193655
2600,-0.44585151004355217,-0.649321867896792,0.0024611519344136137
2601,-0.44585151004355217,-0.6493218683457316,0.0024611519344136137
2602,-0.44585151009089513,-0.6493218683456025,0.0024611519342193655
2603,-0.44585151004355217,-0.6493218683456025,0.0024611519344136137
2604,-0.44585151004355217,-0.6493218683456025,0.0024611519342193655
2605,-0.4458515100903033,-0.6493218678969211,0.0024611519344136137
2606,-0.445851510044144,-0.6493218683456025,0.0024611519344136137
2607,-0.445851510044144,-0.6493218683457316,0.0024611519342193655
2608,-0.445851510044144,-0.6493218683456025,0.0024611519344136137
2609,-0.4458515100903033,-0.6493218683454733,0.0024611519342193655
2610,-0.445851510044144,-0.6493218683457316,0.0024611519344136137
2611,-0.44585151004355217,-0.6493218678969211,0.0024611519344136137
2612,-0.4458515100903033,-0.6493218683456025,0.0024611519342193655
2613,-0.445851510044144,-0.6493218683457316,0.0024611519344136137
2614,0.5322582050017397,-3.0645568199398734,-0.01889669380750623
2615,0.1107159709262621,-0.8545379099375388,-0.01889669380750623
2616,0.04586331949156866,-0.37853383696536924,-0.1766161700549918
2617,0.04586331953772803,-0.37853383696549836,-0.1766161700549918
2618,0.04586331949097687,-0.37853383696549836,-0.1766161700549918
2619,0.04586331953831982,-0.37853383696549836,-0.17661617005479754
2620,0.04586331949097687,-0.37853383696549836,-0.1766161700549918
2621,0.04586331949156866,-0.3785338369656275,-0.1766161700549918
2622,0.04586331953772803,-0.37853383696536924,-0.1766161700549918
2623,0.04586331949156866,-0.3785338369656275,-0.1766161700549918
2624,0.04586331949097687,-0.3785338369652401,-0.1766161700549918
2625,0.04586331953831982,-0.37853383696549836,-0.17661617005479754
2626,0.045863319490385086,-0.3785338369656275,-0.1766161700549918
2627,0.04586331953831982,-0.37853383696536924,-0.1766161700549918
2628,0.04586331949156866,-0.3785338369656275,-0.1766161700549918
2629,0.13706236058571675,-0.6335360185781794,-0.01889669380750623
2630,0.1370623605389656,-0.6335360190268607,-0.01889669380750623
2631,0.3214870879640009,-0.7282511153878632,-0.01889669380750623
2632,0.03407192835062194,-0.4354953633259172,0.05876819979912185
2633,0.03407192835121373,-0.4354953633257881,0.0587681997993161
2634,0.03407192835121373,-0.4354953633259172,0.05876819979912185
2635,0.03407192835003016,-0.4354953633259172,0.05876819979912185
2636,0.03407192835121373,-0.4354953633259172,0.0587681997993161
2637,0.034071928303870784,-0.4354953633257881,0.05876819979912185
2638,0.03407192835121373,-0.4354953633259172,0.0587681997993161
2639,0.03407192835121373,-0.4354953633259172,0.05876819979912185
2640,0.03407192835003016,-0.4354953633259172,0.05876819979912185
2641,0.03407192835121373,-0.4354953633257881,0.0587681997993161
2642,0.03407192835062194,-0.4354953633259172,0.05876819979912185
2643,0.03407192835121373,-0.43549536287723595,0.05876819979912185
2644,0.03407192835121373,-0.4354953633259172,0.0587681997993161
2645,0.03407192835062194,-0.4354953633259172,0.05876819979912185
2646,0.03407192835062194,-0.4354953633259172,0.05876819979912185
2647,0.03407192835121373,-0.4354953633257881,0.0587681997993161
2648,0.034071928304462575,-0.4354953633259172,0.05876819979912185
2649,0.03407192835062194,-0.4354953633259172,0.0587681997993161
2650,0.03407192835062194,-0.4354953633259172,0.05876819979912185
2651,0.03407192835062194,-0.4354953633257881,0.05876819979912185
2652,0.03407192835121373,-0.4354953633259172,0.0587681997993161
2653,0.03407192835121373,-0.4354953633259172,0.05876819979912185
2654,0.32148708796340913,-0.5703926217521521,-0.01889669380750623
2655,0.3214870879640009,-0.5703926213034708,-0.01889669380750623
2656,-0.316681016461974,-0.42305802766209666,0.01907280973357669
2657,-0.31668101641522284,-0.42305802721354446,0.01907280973357669
2658,-0.31668101646256575,-0.4230580276622258,0.01907280973357669
2659,-0.3166810164613822,-0.42305802721354446,0.01907280973338244
2660,-0.316681016461974,-0.42305802766209666,0.01907280973357669
2661,-0.31668101641522284,-0.4230580272136736,0.01907280973357669
2662,-0.316681016461974,-0.42305802766209666,0.01907280973357669
2663,-0.31668101646256575,-0.42305802721354446,0.01907280973357669
2664,-0.31668101641522284,-0.42305802766209666,0.01907280973338244
2665,-0.3166810164613822,-0.4230580276622258,0.01907280973357669
2666,-0.31668101646256575,-0.42305802721354446,0.01907280973357669
2667,-0.31668101646256575,-0.4230580276622258,0.01907280973357669
2668,-0.31668101641522284,-0.42305802721341534,0.01907280973357669
2669,-0.3166810164613822,-0.4230580276622258,0.01907280973357669
2670,-0.316681016461974,-0.42305802721354446,0.01907280973357669
2671,-0.316681016461974,-0.4230580276622258,0.01907280973338244
2672,-0.31668101641522284,-0.42305802721341534,0.01907280973357669
2673,-0.31668101646256575,-0.4230580276622258,0.01907280973357669
2674,-0.9255753545951946,0.49252123551468663,0.09501181681574254
2675,-0.9255753545951946,0.4925212350658762,0.0950118168155483
2676,-0.9255753545946028,0.49252123551481575,0.09501181681574254
2677,-0.30028770735881516,0.5219881540633081,0.25448373168801885
2678,-0.30028770735881516,0.5219881540634372,0.25448373168801885
2679,-0.300287707312064,0.5219881545121186,0.25448373168821314
2680,-0.3002877073582234,0.5219881540635664,0.25448373168801885
2681,-0.30028770735881516,0.5219881540633081,0.25448373168801885
2682,-0.5215973802313382,0.5346168336979549,-0.01889669380750623
2683,0.1528701943157012,-0.2862473331180842,-0.7023477575464161
2684,0.15287019431629298,-0.2862473331180842,-0.7023477575464161
2685,0.15287019436186056,-0.2862473326694029,-0.7023477575466104
2686,0.1528701943151094,-0.2862473331180842,-0.7023477575464161
2687,0.1528701943157012,-0.2862473331180842,-0.7023477575464161
2688,-0.05013567106526542,0.1258464188163638,0.12498774066389431
2689,-0.05013567101851426,0.1258464183676825,0.12498774066389431
2690,-0.050135671066448985,0.1258464188163638,0.12498774066370007
2691,-0.05013567106526542,0.1258464188163638,0.12498774066389431
2692,-0.05013567101851426,0.1258464183675534,0.12498774066389431
2693,-0.050135671066448985,0.1258464188163638,0.12498774066389431
2694,-0.05013567106526542,0.1258464183676825,0.12498774066389431
2695,-0.05013567101910604,0.1258464188163638,0.12498774066370007
2696,-0.05013567106526542,0.1258464188163638,0.12498774066389431
2697,-0.0501356710658572,0.1258464183676825,0.12498774066389431
2698,-0.05013567106526542,0.1258464188163638,0.12498774066389431
2699,-0.05013567101910604,0.1258464188163638,0.12498774066370007
2700,-0.05013567106526542,0.1258464183675534,0.12498774066389431
2701,-0.0501356710658572,0.1258464188163638,0.12498774066389431
2702,-0.05013567101910604,0.1258464183676825,0.12498774066389431
2703,-0.05013567106467363,0.1258464188163638,0.12498774066389431
2704,-0.050135671066448985,0.1258464188163638,0.12498774066370007
2705,-0.05013567101851426,0.1258464183676825,0.12498774066389431
2706,-0.05013567106526542,0.1258464188163638,0.12498774066389431
2707,-0.51896274128433,0.37991550974646787,0.11779351894035343
2708,-0.5189627412837381,0.37991551019489095,0.11779351894015919
2709,-0.51896274128433,0.379915509746597,0.11779351894035343
2710,-0.51896274128433,0.37991551019502007,0.11779351894035343
2711,-0.51896274128433,0.37991550974646787,0.11779351894015919
2712,-0.5189627413304893,0.37991550974646787,0.11779351894035343
2713,-0.51896274128433,0.37991551019502007,0.11779351894035343
2714,-0.5189627412831463,0.37991550974646787,0.11779351894015919
2715,-0.51896274128433,0.3799155101951492,0.11779351894035343
2716,-0.5189627412837381,0.37991550974633875,0.11779351894035343
2717,-0.51896274128433,0.379915509746597,0.11779351894015919
2718,-0.5189627412837381,0.3799155101951492,0.11779351894035343
2719,-0.51896274128433,0.37991550974633875,0.11779351894015919
2720,-0.51896274128433,0.3799155101951492,0.11779351894035343
2721,-0.5189627413310811,0.37991550974633875,0.11779351894035343
2722,-0.5189627412837381,0.379915509746597,0.11779351894015919
2723,-0.5189627412837381,0.37991551019502007,0.11779351894035343
2724,-0.51896274128433,0.37991550974646787,0.11779351894035343
2725,-0.5189627412837381,0.37991551019502007,0.11779351894015919
2726,-0.51896274128433,0.379915509746597,0.11779351894035343
2727,-0.13518366567083,0.3320317669923679,0.13772750829938796
2728,-0.13518366562467066,0.33203176654394484,0.13772750829938796
2729,-0.13518366567023823,0.33203176699249703,0.13772750829919372
2730,-0.13518366562467066,0.3320317669923679,0.13772750829938796
2731,-0.13518366567083,0.33203176654394484,0.13772750829938796
2732,-0.13518366562407885,0.33203176699249703,0.13772750829919372
2733,-0.13518366567142182,0.3320317669923679,0.13772750829938796
2734,-0.13518366567083,0.33203176654394484,0.13772750829938796
2735,-0.13518366562407885,0.33203176699249703,0.13772750829938796
2736,-0.13518366567142182,0.33203176699249703,0.13772750829938796
2737,-0.13518366562348708,0.3320317665438157,0.13772750829919372
2738,-0.1351836656720136,0.33203176699249703,0.13772750829938796
2739,-0.13518366567083,0.33203176699262615,0.13772750829938796
2740,-0.13518366562407885,0.3320317665436866,0.13772750829919372
2741,-0.13518366567142182,0.33203176699249703,0.13772750829938796
2742,-0.13518366562348708,0.33203176699262615,0.13772750829938796
2743,-0.13518366567083,0.33203176654394484,0.13772750829938796
2744,-0.13518366567142182,0.3320317669922388,0.13772750829938796
2745,-0.13518366562348708,0.33203176699262615,0.13772750829919372
2746,-0.1351836656720136,0.33203176654394484,0.13772750829938796
2747,-0.13518366562348708,0.33203176699249703,0.13772750829938796
2748,-0.13518366567142182,0.3320317669923679,0.13772750829919372
2749,-0.13518366562407885,0.33203176654394484,0.13772750829938796
2750,-0.13518366567083,0.33203176699249703,0.13772750829938796
2751,-0.5619951776870753,0.5598741925180504,0.03805756150402103
2752,-0.5619951776858917,0.5598741925179213,0.03805756150421528
2753,-0.5619951776864835,0.5598741929667317,0.03805756150402103
2754,-0.5619951776858917,0.5598741925181795,0.03805756150402103
2755,-0.5619951776864835,0.5598741925180504,0.03805756150402103
2756,-0.5619951776864835,0.5598741925181795,0.03805756150421528
2757,-0.5619951776864835,0.5598741925180504,0.03805756150402103
2758,-0.5619951776864835,0.5598741929667317,0.03805756150402103
2759,-0.5619951776858917,0.5598741925179213,0.03805756150402103
2760,-0.5619951776864835,0.5598741925181795,0.03805756150421528
2761,-0.5619951776864835,0.5598741925180504,0.03805756150402103
2762,-0.5619951776852999,0.5598741925181795,0.03805756150402103
2763,-0.5619951776870753,0.5598741929667317,0.03805756150402103
2764,-0.5619951776864835,0.5598741925180504,0.03805756150421528
2765,-0.5619951776858917,0.5598741925180504,0.03805756150402103
2766,-0.5619951776858917,0.5598741925180504,0.03805756150402103
2767,-0.5619951776870753,0.5598741925179213,0.03805756150421528
2768,-0.5619951776858917,0.5598741929667317,0.03805756150402103
2769,-0.5619951776864835,0.5598741925181795,0.03805756150402103
2770,-0.5619951776858917,0.5598741925180504,0.03805756150402103
2771,-0.5619951776864835,0.5598741925181795,0.03805756150421528
2772,-0.5619951776864835,0.5598741925180504,0.03805756150402103
2773,-0.5619951776864835,0.5598741929667317,0.03805756150402103
2774,-0.5619951776864835,0.5598741925179213,0.03805756150402103
2775,-0.5619951776858917,0.5598741925181795,0.03805756150421528
2776,-0.5619951776870753,0.5598741925180504,0.03805756150402103
2777,-0.5619951776858917,0.5598741925181795,0.03805756150402103
2778,-0.5619951776858917,0.5598741929667317,0.03805756150402103
2779,-0.5619951776864835,0.5598741925180504,0.03805756150421528
2780,-0.5619951776864835,0.5598741925180504,0.03805756150402103
2781,-2.493185537707699,1.6396262886992514,0.0950118168155483
2782,-2.493185537707699,1.6396262886991224,0.09501181681574254
2783,-2.4931855377071073,1.6396262886991224,0.09501181681574254
2784,-2.4931855376615397,1.6396262886991224,0.0950118168155483
2785,-2.493185537707699,1.6396262886992514,0.0950118168155483
2786,-2.4931855377071073,1.6396262891478037,0.09501181681574254
2787,-2.493185537707699,1.6396262886991224,0.09501181681574254
2788,-2.4931855377082908,1.6396262886992514,0.0950118168155483
2789,-2.4931855376609477,1.6396262886991224,0.0950118168155483
2790,-2.493185537707699,1.6396262886992514,0.09501181681574254
2791,-2.4931855377071073,1.6396262886992514,0.09501181681574254
2792,-2.493185537707699,1.6396262886989932,0.0950118168155483
2793,1.7746984739745097,-0.9608846844128333,-0.07285335673425716
2794,1.774698473973918,-0.9608846848619019,-0.07285335673425716
2795,1.7746984739745097,-0.9608846844130915,-0.07285335673425716
2796,1.7746984739745097,-0.9608846844130915,-0.07285335673425716
2797,1.774698473973918,-0.9608846848616437,-0.07285335673425716
2798,1.7746984739751017,-0.9608846844132206,-0.07285335673425716
2799,1.774698473973918,-0.9608846844130915,-0.07285335673425716
2800,1.7746984739745097,-0.9608846848616437,-0.07285335673425716
2801,1.7746984739745097,-0.9608846844132206,-0.07285335673425716
2802,1.774698473973918,-0.9608846844132206,-0.07285335673445141
2803,1.7746984739745097,-0.9608846844130915,-0.07285335673425716
2804,1.774698473973918,-0.9608846848616437,-0.07285335673425716
2805,1.774698473973918,-0.9608846844130915,-0.07285335673425716
2806,1.7746984739751017,-0.9608846844130915,-0.07285335673425716
2807,1.7746984739745097,-0.9608846848617728,-0.07285335673425716
2808,1.7746984739745097,-0.9608846844130915,-0.07285335673425716
2809,1.7746984739745097,-0.9608846844130915,-0.07285335673425716
2810,1.774698473973918,-0.9608846848619019,-0.07285335673425716
2811,1.7746984739745097,-0.9608846844128333,-0.07285335673425716
2812,0.2793328645751536,-0.1631177082528911,0.04944841256632648
2813,0.27933286452840245,-0.16311770780395157,0.04944841256652073
2814,0.2793328645751536,-0.1631177078040807,0.04944841256632648
2815,0.27933286452781064,-0.16311770825276198,0.04944841256632648
2816,0.2793328645757454,-0.16311770825276198,0.04944841256652073
2817,0.2793328645751536,-0.1631177078040807,0.04944841256632648
2818,0.27933286452899425,-0.16311770780395157,0.04944841256632648
2819,0.2793328645745618,-0.16311770825276198,0.04944841256652073
2820,0.27933286452840245,-0.16311770825276198,0.04944841256632648
2821,0.2793328645757454,-0.1631177078040807,0.04944841256632648
2822,0.2793328645751536,-0.16311770780395157,0.04944841256652073
2823,0.27933286452840245,-0.16311770825276198,0.04944841256632648
2824,0.2793328645751536,-0.16311770825276198,0.04944841256652073
2825,0.27933286452840245,-0.16311770780395157,0.04944841256632648
2826,0.2793328645751536,-0.1631177078040807,0.04944841256632648
2827,0.2793328645751536,-0.16311770825276198,0.04944841256652073
2828,0.27933286452840245,-0.16311770825276198,0.04944841256632648
2829,0.2793328645751536,-0.16311770780395157,0.04944841256632648
2830,0.27933286452840245,-0.1631177078040807,0.04944841256652073
2831,0.2793328645751536,-0.16311770825276198,0.04944841256632648
2832,0.3531027555174721,-0.11260299016376048,-0.10432807677479712
2833,0.35310275551688036,-0.11260299016350224,-0.10432807677499137
2834,0.3531027555174721,-0.11260298971495007,-0.10432807677479712
2835,0.35310275556422327,-0.11260299016376048,-0.10432807677499137
2836,0.35310275551688036,-0.11260299016363136,-0.10432807677479712
2837,0.35310275551688036,-0.11260299016376048,-0.10432807677479712
2838,0.3531027555174721,-0.11260299016363136,-0.10432807677499137
2839,0.3531027555174721,-0.11260298971507919,-0.10432807677479712
2840,0.35310275551688036,-0.11260299016350224,-0.10432807677499137
2841,0.3531027555174721,-0.11260299016376048,-0.10432807677479712
2842,0.3531027555636315,-0.11260299016363136,-0.10432807677479712
2843,0.35310275551688036,-0.11260299016363136,-0.10432807677499137
2844,0.35310275551688036,-0.11260298971507919,-0.10432807677479712
2845,0.3531027555174721,-0.11260299016376048,-0.10432807677499137
2846,0.3531027555174721,-0.11260299016350224,-0.10432807677479712
2847,0.3531027555174721,-0.11260299016376048,-0.10432807677479712
2848,0.3531027555636315,-0.11260299016350224,-0.10432807677499137
2849,0.35310275551688036,-0.11260298971507919,-0.10432807677479712
2850,0.3531027555174721,-0.11260299016363136,-0.10432807677499137
2851,0.3531027555174721,-0.11260299016376048,-0.10432807677479712
2852,0.08766287996329125,-0.18758577442749313,0.7286279071569689
2853,0.08766288001004241,-0.18758577442749313,0.7286279071569689
2854,0.08766287996329125,-0.18758577487617442,0.7286279071569689
2855,0.08766288001063419,-0.18758577442749313,0.7286279071569689
2856,0.08766287996388303,-0.18758577442749313,0.7286279071569689
2857,0.08766288001063419,-0.18758577442762225,0.7286279071569689
2858,0.08766287996329125,-0.18758577442749313,0.7286279071569689
2859,0.08766288001004241,-0.18758577487617442,0.7286279071569689
2860,0.08766287996388303,-0.18758577442762225,0.7286279071569689
2861,0.08766287996388303,-0.1875857744272349,0.7286279071569689
2862,0.08766288001004241,-0.18758577442762225,0.7286279071569689
2863,0.08766287996388303,-0.18758577442749313,0.7286279071569689
2864,0.08766288001063419,-0.18758577442749313,0.7286279071569689
2865,0.08766287996329125,-0.18758577487630354,0.7286279071569689
2866,0.08766288001063419,-0.18758577442749313,0.7286279071569689
2867,0.08766287996329125,-0.18758577442749313,0.7286279071569689
2868,-0.7407993419922957,0.5194624184057426,-0.44263635332573525
2869,-0.7407993419934793,0.5194624179570613,-0.442636353325541
2870,-0.7407993419922957,0.5194624184057426,-0.44263635332573525
2871,-0.7407993419928874,0.5194624184057426,-0.442636353325541
2872,-0.7407993419461363,0.5194624179571904,-0.44263635332573525
2873,-0.7407993419934793,0.5194624184057426,-0.44263635332573525
2874,-0.7407993419922957,0.5194624179571904,-0.442636353325541
2875,-0.7407993419928874,0.5194624184056135,-0.44263635332573525
2876,-0.7407993419922957,0.5194624184058717,-0.442636353325541
2877,-0.7407993419934793,0.5194624179570613,-0.44263635332573525
2878,-0.7407993419922957,0.5194624184057426,-0.44263635332573525
2879,-0.7407993419928874,0.5194624184057426,-0.442636353325541
2880,-0.7407993419461363,0.5194624179570613,-0.44263635332573525
2881,-0.7407993419922957,0.5194624184057426,-0.442636353325541
2882,-0.7407993419928874,0.5194624184057426,-0.44263635332573525
2883,-0.7407993419934793,0.5194624179570613,-0.44263635332573525
2884,-0.7407993419922957,0.5194624184058717,-0.442636353325541
2885,-0.7407993419934793,0.5194624184056135,-0.44263635332573525
2886,-0.7407993419922957,0.5194624179571904,-0.442636353325541
2887,-0.7407993419928874,0.5194624184058717,-0.44263635332573525
2888,-0.7407993419461363,0.5194624179570613,-0.44263635332573525
2889,-0.7407993419922957,0.5194624184057426,-0.442636353325541
2890,-0.7407993419928874,0.5194624184057426,-0.44263635332573525
2891,-0.7407993419928874,0.5194624179570613,-0.442636353325541
2892,-0.7407993419928874,0.5194624184058717,-0.44263635332573525
2893,0.25562111386329905,-0.45989167607253706,-0.03598297040096441
2894,0.2556211139100502,-0.45989167607240794,-0.03598297040096441
2895,0.25562111391064196,-0.45989167562398486,-0.03598297040096441
2896,0.25562111386270725,-0.45989167607240794,-0.03598297040096441
2897,0.2556211138644826,-0.45989167607253706,-0.03598297040096441
2898,0.2556211139100502,-0.45989167562385574,-0.03598297040115866
2899,0.2556211139100502,-0.45989167607240794,-0.03598297040096441
2900,0.2556211138638908,-0.45989167607253706,-0.03598297040096441
2901,0.25562111386329905,-0.4598916760726662,-0.03598297040096441
2902,0.25562111391064196,-0.45989167607240794,-0.03598297040096441
2903,0.2556211139100502,-0.45989167562385574,-0.03598297040096441
2904,0.25562111386329905,-0.45989167607240794,-0.03598297040096441
2905,0.2556211138638908,-0.45989167607240794,-0.03598297040096441
2906,0.2556211139100502,-0.45989167562398486,-0.03598297040096441
2907,0.2556211139100502,-0.45989167607253706,-0.03598297040115866
2908,0.2556211138644826,-0.45989167607240794,-0.03598297040096441
2909,0.25562111386270725,-0.45989167607253706,-0.03598297040096441
2910,0.25562111391064196,-0.45989167607240794,-0.03598297040096441
2911,0.2556211139100502,-0.45989167562385574,-0.03598297040096441
2912,0.25562111386329905,-0.45989167607253706,-0.03598297040096441
2913,0.8308506208703982,-0.7598228140250884,0.4367373486851003
2914,0.8308506208230553,-0.7598228135766654,0.4367373486851003
2915,0.8308506208224634,-0.7598228135765362,0.4367373486851003
2916,0.8308506208703982,-0.7598228140252176,0.43673734868529457
2917,0.8308506208692146,-0.7598228140252176,0.4367373486851003
2918,0.830850620823647,-0.7598228135765362,0.4367373486851003
2919,2.6004497911177835,-1.5649011310737044,0.15196607212726979
2920,2.6004497911171915,-1.5649011310738334,0.15196607212707552
2921,2.6004497911171915,-1.5649011310738334,0.15196607212726979
2922,2.6004497911177835,-1.5649011310738334,0.15196607212726979
2923,1.9549632451304557,-0.9176813072123765,-0.01889669380750623
2924,1.1645715562054995,-0.47567752539114966,-0.01889669380750623
2925,0.37794363718598795,-0.29526781825069526,-0.09212359349372781
2926,0.37794363718598795,-0.2952678186995057,-0.09212359349392206
2927,0.3779436371392368,-0.29526781825069526,-0.09212359349372781
2928,0.37794363718598795,-0.2952678182508244,-0.09212359349392206
2929,0.37794363718657975,-0.29526781825069526,-0.09212359349372781
2930,0.37794363718657975,-0.2952678186995057,-0.09212359349392206
2931,0.3779436371392368,-0.2952678182508244,-0.09212359349372781
2932,0.3779436371853962,-0.29526781825069526,-0.09212359349372781
2933,0.37794363718657975,-0.29526781869937657,-0.09212359349392206
2934,0.37794363718657975,-0.2952678182508244,-0.09212359349372781
2935,0.37794363718598795,-0.29526781825069526,-0.09212359349392206
2936,0.3779436371398286,-0.2952678182508244,-0.09212359349372781
2937,0.3779436371853962,-0.29526781869937657,-0.09212359349392206
2938,0.37794363718657975,-0.2952678182508244,-0.09212359349372781
2939,0.005330412384904826,-0.017887893802757994,0.015275859379410122
2940,0.005330412384904826,-0.017887893802757994,0.015275859379410122
2941,0.005330412384904826,-0.017887894251439287,0.015275859379410122
2942,0.005330412384904826,-0.017887893802757994,0.015275859379604372
2943,0.005330412384904826,-0.017887893802757994,0.015275859379410122
2944,0.005330412384904826,-0.017887894251439287,0.015275859379410122
2945,0.005330412384904826,-0.017887893802757994,0.015275859379410122
2946,0.005330412384904826,-0.017887893802887113,0.015275859379410122
2947,0.005330412384904826,-0.017887893802887113,0.015275859379410122
2948,0.005330412384904826,-0.017887893802757994,0.015275859379604372
2949,0.005330412384904826,-0.017887894251439287,0.015275859379410122
2950,0.005330412384904826,-0.017887893802757994,0.015275859379410122
2951,0.005330412384904826,-0.017887893802757994,0.015275859379410122
2952,0.005330412384904826,-0.017887894251439287,0.015275859379410122
2953,0.005330412384904826,-0.017887893802757994,0.015275859379410122
2954,0.005330412384904826,-0.017887893802757994,0.015275859379410122
2955,0.005330412384904826,-0.017887893802757994,0.015275859379604372
2956,0.005330412384904826,-0.017887893802757994,0.015275859379410122
2957,0.005330412384904826,-0.017887894251439287,0.015275859379410122
2958,0.005330412384904826,-0.017887893802757994,0.015275859379410122
2959,0.358681990953847,-0.25653279282813246,0.1821183249392548
2960,0.35868199100059817,-0.25653279327694284,0.1821183249392548
2961,0.3586819909544388,-0.25653279282813246,0.1821183249392548
2962,0.35868199100059817,-0.2565327932768137,0.1821183249392548
2963,0.358681990953847,-0.25653279282813246,0.1821183249392548
2964,0.35868199100059817,-0.25653279327694284,0.1821183249392548
2965,0.3586819909544388,-0.25653279282813246,0.1821183249392548
2966,0.35868199100059817,-0.2565327932768137,0.1821183249392548
2967,0.3586819909532552,-0.25653279282813246,0.18211832493906055
2968,0.35868199100118997,-0.25653279327694284,0.1821183249392548
2969,0.358681990953847,-0.25653279282813246,0.1821183249392548
2970,0.35868199100118997,-0.2565327932768137,0.1821183249392548
2971,0.358681990953847,-0.25653279282800334,0.1821183249392548
2972,0.35868199100059817,-0.25653279327707196,0.1821183249392548
2973,0.358681990953847,-0.25653279282813246,0.1821183249392548
2974,0.35868199100059817,-0.2565327932768137,0.1821183249392548
2975,0.3586819909544388,-0.25653279282813246,0.1821183249392548
2976,-0.4074296918344662,0.6398558291559316,0.09501181681574254
2977,-0.4074296918344662,0.639855829604613,0.0950118168155483
2978,-0.4074296918806256,0.6398558291558025,0.0950118168155483
2979,-0.4074296918344662,0.6398558291559316,0.09501181681574254
2980,-0.4074296918344662,0.639855829604613,0.09501181681574254
2981,-0.40742969183387445,0.6398558291559316,0.0950118168155483
2982,-0.035652860396663655,0.1487405159714821,-0.01889669380750623
2983,-0.03565286035050428,0.1487405159714821,-0.01889669380750623
2984,-0.03565286039725544,0.14874051597161123,-0.01889669380750623
2985,-0.035652860349912496,0.1487405159714821,-0.01889669380750623
2986,-0.035652860396663655,0.14874051597161123,-0.01889669380750623
2987,-0.03565286035050428,0.14874051597161123,-0.01889669380750623
2988,-0.035652860396663655,0.1487405159714821,-0.01889669380750623
2989,-0.03565286035050428,0.1487405159714821,-0.01889669380750623
2990,-0.03565286039725544,0.14874051597161123,-0.01889669380750623
2991,-0.06785400327655806,-0.04419764266728449,8.805796293810427e-05
2992,-0.06785400323039868,-0.04419764311596578,8.805796313235275e-05
2993,-0.06785400327655806,-0.04419764266728449,8.805796293810427e-05
2994,-0.06785400323099047,-0.04419764311596578,8.805796313235275e-05
2995,-0.06785400327714984,-0.044197642667155375,8.805796293810427e-05
2996,-0.06785400327655806,-0.044197642667413606,8.805796313235275e-05
2997,-0.06785400323039868,-0.04419764311583667,8.805796293810427e-05
2998,-0.06785400327714984,-0.04419764266728449,8.805796313235275e-05
2999,-0.06785400327655806,-0.04419764311596578,8.805796293810427e-05
3000,-0.06785400323039868,-0.04419764266728449,8.805796293810427e-05
3001,-0.06785400327774163,-0.044197642667413606,8.805796313235275e-05
3002,-0.06785400322921512,-0.04419764311583667,8.805796293810427e-05
3003,-0.06785400327714984,-0.04419764266728449,8.805796313235275e-05
3004,-0.06785400327714984,-0.04419764266728449,8.805796293810427e-05
3005,-0.0678540032298069,-0.04419764311583667,8.805796313235275e-05
3006,-0.06785400327714984,-0.044197642667413606,8.805796293810427e-05
3007,-0.06785400323039868,-0.04419764311596578,8.805796313235275e-05
3008,-0.06785400327714984,-0.04419764266728449,8.805796293810427e-05
3009,0.25562111386329905,-0.17574638743846913,-0.10432807677479712
3010,0.25562111391064196,-0.17574638743846913,-0.10432807677499137
3011,0.2556211139100502,-0.17574638743834,-0.10432807677479712
3012,0.2556211138638908,-0.17574638788727953,-0.10432807677499137
3013,0.25562111386329905,-0.17574638743846913,-0.10432807677479712
3014,0.2556211139100502,-0.17574638743846913,-0.10432807677479712
3015,0.25562111391064196,-0.17574638743846913,-0.10432807677499137
3016,0.25562111386329905,-0.17574638743859824,-0.10432807677479712
3017,0.25562111386329905,-0.1757463878871504,-0.10432807677499137
3018,0.25562111391064196,-0.17574638743846913,-0.10432807677479712
3019,0.2556211139100502,-0.17574638743834,-0.10432807677499137
3020,0.2556211138638908,-0.17574638743846913,-0.10432807677479712
3021,0.027913032045412234,-0.13740932461524238,0.10314813900299258
3022,0.02791303209275518,-0.13740932506366543,0.10314813900299258
3023,0.02791303209275518,-0.13740932461511327,0.10314813900299258
3024,0.02791303204600402,-0.13740932461498415,0.10314813900318683
3025,0.027913032044820447,-0.13740932506366543,0.10314813900299258
3026,0.02791303209275518,-0.13740932461524238,0.10314813900299258
3027,0.02791303209275518,-0.13740932506366543,0.10314813900299258
3028,0.027913032045412234,-0.13740932461498415,0.10314813900299258
3029,0.02791303204600402,-0.13740932461511327,0.10314813900299258
3030,0.027913032092163392,-0.13740932506366543,0.10314813900299258
3031,0.02791303209275518,-0.13740932461511327,0.10314813900318683
3032,0.02791303204600402,-0.13740932461511327,0.10314813900299258
3033,0.027913032045412234,-0.13740932506353631,0.10314813900299258
3034,0.027913032092163392,-0.13740932461511327,0.10314813900299258
3035,0.7277761491447414,-0.638521023933447,0.044052746273767936
3036,0.7277761490968067,-0.6385210239330598,0.04405274627357369
3037,0.7277761491447414,-0.638521023933318,0.044052746273767936
3038,0.7277761491441497,-0.6385210239331889,0.044052746273767936
3039,0.7277761491441497,-0.6385210239331889,0.044052746273767936
3040,0.7277761490973985,-0.638521023933318,0.04405274627357369
3041,0.7277761491435578,-0.6385210243818701,0.044052746273767936
3042,0.7277761491447414,-0.638521023933318,0.044052746273767936
3043,0.7277761490979903,-0.6385210239331889,0.04405274627357369
3044,0.7277761491435578,-0.6385210239331889,0.044052746273767936
3045,0.7277761491447414,-0.638521023933318,0.044052746273767936
3046,0.7277761491435578,-0.6385210239331889,0.044052746273767936
3047,0.7277761490973985,-0.638521023933318,0.04405274627357369
3048,0.7277761491447414,-0.6385210239331889,0.044052746273767936
3049,0.7277761491435578,-0.6385210239330598,0.044052746273767936
3050,0.7277761490973985,-0.638521023933447,0.04405274627357369
3051,0.7277761491447414,-0.6385210239331889,0.044052746273767936
3052,0.7277761491441497,-0.638521023933318,0.044052746273767936
3053,0.7277761490968067,-0.6385210243818701,0.04405274627357369
3054,0.7277761491441497,-0.6385210239330598,0.044052746273767936
3055,0.7277761491441497,-0.638521023933447,0.044052746273767936
3056,0.7277761491441497,-0.6385210239331889,0.044052746273767936
3057,0.7277761490973985,-0.6385210239331889,0.04405274627357369
3058,0.7277761491447414,-0.6385210239331889,0.044052746273767936
3059,0.7277761491441497,-0.638521023933447,0.044052746273767936
3060,0.7277761490973985,-0.6385210239330598,0.04405274627357369
3061,0.7277761491441497,-0.6385210239331889,0.044052746273767936
3062,0.7277761491441497,-0.638521023933447,0.044052746273767936
3063,0.7277761491441497,-0.6385210239331889,0.044052746273767936
3064,0.7277761490973985,-0.6385210239331889,0.04405274627357369
3065,0.7277761491441497,-0.6385210239331889,0.044052746273767936
3066,0.7277761491441497,-0.6385210243818701,0.044052746273767936
3067,0.7277761490973985,-0.638521023933318,0.04405274627357369
3068,0.7277761491441497,-0.638521023933318,0.044052746273767936
3069,0.7277761491441497,-0.6385210239331889,0.044052746273767936
3070,0.7277761491447414,-0.6385210239331889,0.044052746273767936
3071,0.7277761490973985,-0.6385210239331889,0.04405274627357369
3072,0.7277761491435578,-0.638521023933318,0.044052746273767936
3073,-0.007842782444230704,0.03604709136953422,0.08789253490170451
3074,-0.007842782397479545,0.0360470913694051,0.08789253490170451
3075,-0.007842782444822491,0.03604709136953422,0.08789253490170451
3076,-0.007842782444822491,0.0360470913694051,0.08789253490170451
3077,-0.007842782444822491,0.0360470913694051,0.08789253490170451
3078,-0.007842782397479545,0.03604709136953422,0.08789253490170451
3079,-0.007842782444230704,0.0360470913694051,0.08789253490170451
3080,-0.007842782444230704,0.03604709136953422,0.08789253490170451
3081,-0.00784278239866312,0.0360470913694051,0.08789253490170451
3082,-0.007842782443638919,0.03604709136953422,0.08789253490170451
3083,-0.007842782444822491,0.0360470913694051,0.08789253490170451
3084,-0.007842782444822491,0.03604709181821551,0.08789253490170451
3085,-0.007842782397479545,0.0360470913694051,0.08789253490170451
3086,-0.007842782444230704,0.03604709136953422,0.08789253490170451
3087,-0.007842782445414278,0.0360470913694051,0.08789253490170451
3088,-0.007842782397479545,0.0360470913694051,0.08789253490170451
3089,-0.007842782443638919,0.03604709136953422,0.08789253490170451
3090,-0.007842782446006065,0.0360470913694051,0.08789253490170451
3091,-0.007842782396887758,0.03604709136953422,0.08789253490170451
3092,-0.007842782444230704,0.0360470913694051,0.08789253490170451
3093,-0.007842782444822491,0.03604709136953422,0.08789253490170451
3094,-0.007842782444822491,0.0360470913694051,0.08789253490170451
3095,-0.007842782397479545,0.03604709136953422,0.08789253490170451
3096,-0.007842782444822491,0.0360470913694051,0.08789253490170451
3097,-0.007842782444822491,0.0360470913694051,0.08789253490170451
3098,-0.007842782396887758,0.03604709136953422,0.08789253490170451
3099,-0.007842782444822491,0.0360470913694051,0.08789253490170451
3100,-0.007842782444822491,0.03604709136953422,0.08789253490170451
3101,-0.007842782444230704,0.0360470913694051,0.08789253490170451
3102,-0.007842782397479545,0.03604709136953422,0.08789253490170451
3103,-0.007842782444822491,0.0360470913694051,0.08789253490170451
3104,-0.007842782444822491,0.03604709136953422,0.08789253490170451
3105,-0.007842782397479545,0.0360470913694051,0.08789253490170451
3106,-0.007842782444822491,0.03604709136953422,0.08789253490170451
3107,-0.007842782444230704,0.0360470913694051,0.08789253490170451
3108,-0.007842782397479545,0.0360470913694051,0.08789253490170451
3109,-0.007842782444822491,0.03604709181821551,0.08789253490170451
3110,-0.007842782444230704,0.0360470913694051,0.08789253490170451
3111,-0.007842782444822491,0.03604709136953422,0.08789253490170451
3112,-0.007842782397479545,0.0360470913694051,0.08789253490170451
3113,-0.007842782445414278,0.03604709136953422,0.08789253490170451
3114,-0.007842782443638919,0.0360470913694051,0.08789253490170451
3115,-0.007842782398071332,0.03604709136953422,0.08789253490170451
3116,-0.007842782444822491,0.0360470913694051,0.08789253490170451
3117,-0.007842782444230704,0.0360470913694051,0.08789253490170451
3118,-0.007842782444230704,0.03604709136953422,0.08789253490170451
3119,-0.00784278239866312,0.0360470913694051,0.08789253490170451
3120,-0.007842782444230704,0.03604709136953422,0.08789253490170451
3121,-0.21597926053377764,-0.8924239483920227,0.18613862531418615
3122,-0.21597926053496122,-0.8924239483920227,0.18613862531418615
3123,-0.21597926048761826,-0.8924239483921518,0.18613862531418615
3124,-0.21597926053436942,-0.8924239483921518,0.18613862531418615
3125,-0.21597926053436942,-0.8924239483918935,0.18613862531418615
3126,-0.24496028909408119,-0.20731808607595256,0.06653468915978467
3127,-0.24496028914024057,-0.20731808652450473,0.06653468915997891
3128,-0.24496028914024057,-0.20731808607595256,0.06653468915978467
3129,-0.24496028909408119,-0.20731808607582344,0.06653468915997891
3130,-0.2449602890928976,-0.20731808652476297,0.06653468915978467
3131,-0.24496028914083234,-0.20731808607582344,0.06653468915997891
3132,-0.24496028914083234,-0.20731808607582344,0.06653468915978467
3133,-0.24496028909408119,-0.20731808652463385,0.06653468915978467
3134,-0.2449602890934894,-0.20731808607595256,0.06653468915997891
3135,-0.24496028914024057,-0.20731808607582344,0.06653468915978467
3136,-0.24496028914024057,-0.20731808652450473,0.06653468915997891
3137,-0.24496028909408119,-0.20731808607595256,0.06653468915978467
3138,14.403632346177423,-4.343210618344304,0.15196607212726979
3139,14.403632346129488,-4.343210617895881,0.15196607212726979
3140,14.403632346177423,-4.343210618344304,0.15196607212707552
3141,14.403632346176831,-4.3432106183444334,0.15196607212726979
3142,8.483013120572284,-6.930335929486288,0.05704231327465961
3143,8.48301312057406,-6.930335929934712,0.057042313274465364
3144,8.483013120572876,-6.930335929486031,0.05704231327465961
3145,8.483013120572876,-6.930335929934712,0.05704231327465961
3146,8.483013120573467,-6.9303359294861595,0.057042313274465364
3147,8.483013120572876,-6.930335929934583,0.05704231327465961
3148,8.483013120573467,-6.9303359294861595,0.05704231327465961
3149,8.483013120573467,-6.930335929934841,0.057042313274465364
3150,8.483013120572876,-6.9303359294861595,0.05704231327465961
3151,5.929504309599198,-25.78715941117089,0.07873917244085396
3152,5.929504309598607,-25.78715941117089,0.07873917244104821
3153,5.929504309598607,-25.78715941117102,0.07873917244085396
3154,5.929504309552447,-25.78715941072221,0.07873917244085396
3155,5.929504309598607,-25.78715941117102,0.07873917244085396
3156,5.929504309599198,-25.78715941117102,0.07873917244104821
3157,5.929504309598607,-25.787159411170762,0.07873917244085396
3158,0.5796817063769223,-6.196469332936896,0.08362096575343708
3159,0.579681706330763,-6.196469332936638,0.08362096575324283
3160,0.5796817063781059,-6.1964693324880855,0.08362096575324283
3161,0.579681706330763,-6.196469332936638,0.08362096575343708
3162,0.5796817063775141,-6.196469332936767,0.08362096575343708
3163,0.5796817063781059,-6.196469332936638,0.08362096575324283
3164,0.579681706330763,-6.196469332936896,0.08362096575324283
3165,0.5796817063775141,-6.196469332487957,0.08362096575343708
3166,0.579681706330763,-6.196469332936767,0.08362096575343708
3167,0.5796817063775141,-6.196469332936638,0.08362096575324283
3168,-1.1486414534943303,-1.6185730188471883,-0.053069246994422586
3169,-1.1486414534955138,-1.6185730188471883,-0.053069246994422586
3170,-1.1486414534943303,-1.61857301884693,-0.053069246994616834
3171,-1.1486414534955138,-1.6185730188471883,-0.053069246994422586
3172,-1.1486414534481708,-1.6185730192957404,-0.053069246994422586
3173,-1.1486414534943303,-1.6185730188471883,-0.053069246994422586
3174,-1.148641453494922,-1.6185730188471883,-0.053069246994422586
3175,-1.148641453494922,-1.6185730188471883,-0.053069246994616834
3176,-1.1486414534955138,-1.61857301884693,-0.053069246994422586
3177,-1.1486414534943303,-1.6185730188471883,-0.053069246994422586
3178,-50.79050879771654,58.2161103900601,-0.01889669380750623
3179,-50.79050879771772,58.21611038961155,-0.01889669380750623
3180,-18.79281858990107,15.578531272111112,-0.10432807677479712
3181,-18.79281858990166,15.578531272559793,-0.10432807677479712
3182,-18.79281858994782,15.578531272559923,-0.10432807677499137
3183,-18.79281858990166,15.578531272110983,-0.10432807677479712
3184,-3.058957366321775,-10.685479172069595,-0.22918932880415363
3185,-3.058957366321775,-10.685479172069725,-0.22918932880415363
3186,-3.058957366322367,-10.685479172069595,-0.2291893288039594
3187,-3.058957366368526,-10.685479171621044,-0.22918932880415363
3188,-3.058957366321775,-10.685479172069595,-0.22918932880415363
3189,-3.0589573663229586,-10.685479172069725,-0.22918932880415363
3190,-3.058957366321775,-10.685479172069595,-0.2291893288039594
3191,-3.058957366322367,-10.685479172069854,-0.22918932880415363
3192,-3.058957366321775,-10.685479172069595,-0.22918932880415363
3193,-3.058957366369118,-10.685479171621044,-0.22918932880415363
3194,-3.0589573663211835,-10.685479172069595,-0.2291893288039594
3195,-3.058957366322367,-10.685479172069725,-0.22918932880415363
3196,-3.0589573663229586,-10.685479172069595,-0.22918932880415363
3197,-0.7455416920976208,-9.389420463119636,-0.16128233208651863
3198,-0.7455416921443719,-9.389420463119636,-0.1612823320863244
3199,-0.7455416921443719,-9.389420463119636,-0.16128233208651863
3200,-0.7455416920970289,-9.389420463119636,-0.16128233208651863
3201,-0.7455416920988043,-9.389420463119636,-0.1612823320863244
3202,-0.7455416921437801,-9.389420463119379,-0.16128233208651863
3203,-0.7455416921449637,-9.389420463119379,-0.16128233208651863
3204,-0.7455416920976208,-9.389420463119896,-0.1612823320863244
3205,-0.7455416920982125,-9.389420463119636,-0.16128233208651863
3206,-0.7455416921443719,-9.389420463119379,-0.16128233208651863
3207,-0.7455416921443719,-9.389420463119636,-0.1612823320863244
3208,-0.7455416920976208,-9.389420463119636,-0.16128233208651863
3209,0.4136994516762227,-4.422139864938142,-0.10432807677479712
3210,0.4136994516768145,-4.422139864937625,-0.10432807677499137
3211,0.4136994516768145,-4.422139864938142,-0.10432807677499137
3212,0.4136994516762227,-4.422139864937884,-0.10432807677479712
3213,9.437337900577948,21.637140256063894,0.15196607212726979
3214,9.43733790057854,21.637140256063894,0.15196607212726979
3215,9.437337900577948,21.637140256064153,0.15196607212707552
3216,9.437337900577948,21.637140256064153,0.15196607212726979
3217,9.437337900531196,21.63714025606364,0.15196607212726979
3218,9.43733790057854,21.637140256512836,0.15196607212726979
3219,9.43733790057854,21.637140256063894,0.15196607212726979
3220,9.43733790057854,21.637140256064026,0.15196607212707552
3221,9.437337900577356,21.637140256064026,0.15196607212726979
3222,9.43733790057854,21.637140256063894,0.15196607212726979
3223,-16.461163107523657,49.15503285779314,-0.01889669380750623
3224,-16.461163107476906,49.155032858241945,-0.01889669380750623
3225,-1.039743042991475,8.006585530062024,-0.01889669380750623
3226,-1.0397430430394095,8.006585530062024,-0.01889669380750623
3227,-1.0397430429926584,8.006585530061894,-0.01889669380750623
3228,-1.0397430429920667,8.006585530061894,-0.01889669380750623
3229,-1.0397430430388177,8.006585530061894,-0.01889669380750623
3230,-1.0397430429926584,8.006585530062024,-0.01889669380750623
3231,-3.850024603735713,6.164903105059519,0.03805756150402103
3232,-3.8500246037368964,6.164903104611354,0.03805756150421528
3233,-3.850024603735713,6.164903104611096,0.03805756150402103
3234,-3.850024603736305,6.164903105059777,0.03805756150402103
3235,-3.850024603736305,6.164903105059519,0.03805756150421528
3236,-3.850024603735713,6.164903104611225,0.03805756150402103
3237,-2.241861644468195,1.6043402724694713,-0.15960720693029726
3238,-2.241861644420852,1.6043402724694713,-0.159607206930103
3239,-2.241861644467603,1.604340272469342,-0.15960720693029726
3240,-2.241861644420852,1.6043402724694713,-0.15960720693029726
3241,-2.241861644467603,1.6043402729181524,-0.159607206930103
3242,-2.2418616444202604,1.6043402724694713,-0.15960720693029726
3243,-2.241861644467603,1.6043402724694713,-0.15960720693029726
3244,-2.241861644420852,1.6043402724694713,-0.159607206930103
3245,-2.241861644467603,1.604340272469342,-0.15960720693029726
3246,-2.241861644420852,1.6043402724694713,-0.159607206930103
3247,-2.241861644468195,1.6043402724696003,-0.15960720693029726
3248,-2.2418616444196684,1.604340272469342,-0.15960720693029726
3249,-2.241861644468195,1.6043402729180234,-0.159607206930103
3250,-2.241861644420852,1.6043402724696003,-0.15960720693029726
3251,-2.241861644467603,1.6043402724694713,-0.15960720693029726
3252,-2.2418616444202604,1.604340272469342,-0.159607206930103
3253,-2.241861644468195,1.6043402724696003,-0.15960720693029726
3254,-0.91679322473968,-0.1283888394825022,0.09501181681574254
3255,-0.9167932247408634,-0.1283888394823731,0.0950118168155483
3256,-0.9167932246929288,-0.1283888394823731,0.0950118168155483
3257,-0.91679322473968,-0.1283888394823731,0.09501181681574254
3258,-0.9167932247402717,-0.12838883948224397,0.09501181681574254
3259,-0.9167932247402717,-0.1283888394825022,0.0950118168155483
3260,-1.3998103679878062,-1.4649240849400031,0.20892032743879704
3261,-1.3998103679392797,-1.4649240853886845,0.20892032743879704
3262,-1.3998103679872145,-1.464924084939874,0.20892032743879704
3263,-1.2944248094452653,-0.8826016422091919,0.05704231327465961
3264,-1.2944248094452653,-0.8826016422091919,0.057042313274465364
3265,-1.2944248094452653,-0.8826016417605106,0.05704231327465961
3266,-1.2944248094446735,-0.8826016422090628,0.05704231327465961
3267,-1.294424809492608,-0.8826016422091919,0.057042313274465364
3268,-1.2944248094446735,-0.8826016422090628,0.05704231327465961
3269,-1.294424809445857,-0.8826016417605106,0.05704231327465961
3270,-1.2944248094452653,-0.8826016422091919,0.057042313274465364
3271,-1.2944248094440816,-0.8826016422090628,0.05704231327465961
3272,-1.1820135470282547,-1.9279756663013516,0.026666710441715574
3273,-1.1820135470294382,-1.9279756663012226,0.026666710441909824
3274,-1.1820135470282547,-1.9279756663013516,0.026666710441715574
3275,-1.1820135469815034,-1.9279756663014809,0.026666710441715574
3276,-1.1820135470288464,-1.9279756663012226,0.026666710441715574
3277,-1.1820135470282547,-1.9279756663013516,0.026666710441909824
3278,-1.1820135470288464,-1.9279756663013516,0.026666710441715574
3279,-1.1820135470282547,-1.9279756663013516,0.026666710441715574
3280,-1.1820135470282547,-1.9279756663013516,0.026666710441715574
3281,-1.1820135470294382,-1.9279756663012226,0.026666710441909824
3282,-1.1820135470282547,-1.9279756663013516,0.026666710441715574
3283,-1.1820135469815034,-1.9279756663013516,0.026666710441715574
3284,-1.1820135470282547,-1.9279756663013516,0.026666710441715574
3285,-1.1820135470282547,-1.9279756663013516,0.026666710441909824
3286,-1.1820135470288464,-1.9279756663012226,0.026666710441715574
3287,0.21610152942205182,-0.4125341281166992,0.3228288380620458
3288,0.21610152946880298,-0.4125341276676306,0.3228288380618516
3289,-0.02101597722779865,-0.15094005298698723,0.2251929718134914
3290,-0.02101597727395802,-0.15094005253843504,0.22519297181368564
3291,-0.021015977226615076,-0.15094005298698723,0.2251929718134914
3292,-0.021015977273366234,-0.15094005298724547,0.2251929718134914
3293,-0.021015977227206863,-0.15094005253843504,0.2251929718134914
3294,-0.021015977274549808,-0.15094005298698723,0.22519297181368564
3295,-0.02101597722779865,-0.15094005298711635,0.2251929718134914
3296,-0.021015977226615076,-0.15094005253843504,0.2251929718134914
3297,-0.021015977274549808,-0.15094005298698723,0.22519297181368564
3298,-0.021015977226615076,-0.15094005253869328,0.2251929718134914
3299,-0.02101597727395802,-0.15094005298698723,0.2251929718134914
3300,-0.021015977227206863,-0.15094005298698723,0.2251929718134914
3301,-0.021015977273366234,-0.15094005253843504,0.22519297181368564
3302,-0.02101597722779865,-0.15094005298711635,0.2251929718134914
3303,-0.7850612765862109,0.28204324414992255,0.3228288380618516
3304,-0.4689046009597719,-0.1599605381197274,0.3228288380620458
3305,-0.5321359361140573,-0.3935911086646647,0.15196607212726979
3306,-0.5321359361134654,-0.3935911086649229,0.15196607212726979
3307,-0.5321359360661225,-0.3935911086646647,0.15196607212707552
3308,-0.5321359361140573,-0.3935911086647938,0.15196607212726979
3309,-0.5321359361134654,-0.3935911086647938,0.15196607212726979
3310,-0.5321359361134654,-0.3935911086646647,0.15196607212726979
3311,-0.5321359361134654,-0.3935911086646647,0.15196607212726979
3312,-0.5321359360667143,-0.3935911086647938,0.15196607212707552
3313,-0.5321359361134654,-0.3935911086646647,0.15196607212726979
3314,-0.5321359361134654,-0.3935911086646647,0.15196607212726979
3315,-0.3002877073582234,-1.8522035893922546,0.18613862531418615
3316,-0.30028770735940696,-1.8522035893922546,0.18613862531418615
3317,-0.30028770731088045,-1.8522035893917381,0.18613862531418615
3318,-0.30028770735940696,-1.8522035893922546,0.18613862531418615
3319,-0.3002877073582234,-1.8522035893921256,0.18613862531418615
3320,-0.6951735942780474,-0.6576790824796214,-0.17970870880495393
3321,-0.6951735943247985,-0.6576790829283027,-0.17970870880495393
3322,-0.695173594279231,-0.6576790824796214,-0.17970870880475967
3323,-0.6951735942774556,-0.6576790824798796,-0.17970870880495393
3324,-0.6951735943253903,-0.6576790829283027,-0.17970870880495393
3325,-0.6951735942780474,-0.6576790824796214,-0.17970870880495393
3326,-0.6951735942780474,-0.6576790824796214,-0.17970870880475967
3327,-0.6951735943247985,-0.6576790829283027,-0.17970870880495393
3328,-0.695173594279231,-0.6576790824797505,-0.17970870880495393
3329,-0.6951735943247985,-0.6576790829283027,-0.17970870880495393
3330,-0.6951735942786391,-0.6576790824796214,-0.17970870880475967
3331,-0.6951735942774556,-0.6576790824797505,-0.17970870880495393
3332,-0.6951735943253903,-0.6576790829284318,-0.17970870880495393
3333,-0.6951735942780474,-0.6576790824796214,-0.17970870880495393
3334,-0.6951735942786391,-0.6576790824797505,-0.17970870880475967
3335,-0.6951735943247985,-0.6576790829283027,-0.17970870880495393
3336,-0.6951735942786391,-0.6576790824796214,-0.17970870880495393
3337,-0.8090125398908765,-0.4469759809307199,-0.17422648102095664
3338,-0.8090125398441254,-0.44697598093046165,-0.1742264810207624
3339,-0.8090125398908765,-0.4469759813795303,-0.17422648102095664
3340,-0.8090125398435336,-0.44697598093046165,-0.17422648102095664
3341,-0.8090125398920601,-0.4469759809307199,-0.17422648102095664
3342,-0.8090125398441254,-0.4469759809307199,-0.1742264810207624
3343,-0.8090125398908765,-0.4469759809307199,-0.17422648102095664
3344,-0.8090125398441254,-0.44697598093046165,-0.17422648102095664
3345,-0.8090125398908765,-0.4469759813795303,-0.17422648102095664
3346,-0.8090125398447172,-0.44697598093046165,-0.1742264810207624
3347,-0.8090125398902848,-0.44697598093059077,-0.17422648102095664
3348,-0.6796757180454455,-0.15996053811998565,-0.36062222567705826
3349,0.031676801997608306,-0.3388668308470081,-0.07585094911903349
3350,0.031676802044359464,-0.3388668308470081,-0.07585094911903349
3351,0.03167680199642473,-0.3388668308470081,-0.07585094911922774
3352,0.031676802044359464,-0.3388668308472663,-0.07585094911903349
3353,0.03167680199642473,-0.3388668308470081,-0.07585094911903349
3354,0.031676802043767674,-0.33886683129581846,-0.07585094911922774
3355,0.031676801997016515,-0.3388668308470081,-0.07585094911903349
3356,0.031676801997016515,-0.3388668308472663,-0.07585094911903349
3357,0.031676802043767674,-0.3388668308470081,-0.07585094911903349
3358,0.031676801997016515,-0.3388668308470081,-0.07585094911903349
3359,0.031676802043767674,-0.3388668308470081,-0.07585094911922774
3360,0.031676801997016515,-0.3388668308472663,-0.07585094911903349
3361,0.5586045946600108,-0.5388209231145396,-0.01889669380750623
3362,0.5586045946606025,-0.5388209226662456,-0.01889669380750623
3363,0.9538004391216013,-1.043968102210346,0.3228288380620458
3364,1.3226498939716718,0.09261305187659885,-0.01889669380750623
3365,0.26001217883810346,-0.7966564624355288,0.009580433848257398
3366,0.26001217883751165,-0.7966564619868475,0.009580433848257398
3367,0.2600121787907605,-0.7966564624353997,0.009580433848257398
3368,0.2600121788386952,-0.7966564624356579,0.009580433848257398
3369,0.26001217883751165,-0.7966564619868475,0.009580433848257398
3370,0.2600121787907605,-0.7966564624353997,0.009580433848451645
3371,0.26001217883751165,-0.7966564624356579,0.009580433848257398
3372,0.26001217883810346,-0.7966564619868475,0.009580433848257398
3373,0.26001217883751165,-0.7966564624353997,0.009580433848257398
3374,0.26001217883810346,-0.7966564624355288,0.009580433848257398
3375,0.2600121787913523,-0.7966564619868475,0.009580433848257398
3376,0.26001217883751165,-0.7966564624353997,0.009580433848257398
3377,0.12388916570983005,-0.728251114939311,0.06653468915978467
3378,0.12388916575658121,-0.7282511149391819,0.06653468915997891
3379,0.12388916570864648,-0.7282511153877341,0.06653468915997891
3380,0.12388916570983005,-0.7282511149390528,0.06653468915978467
3381,0.3741798672349755,-0.8545379099375388,-0.01889669380750623
3382,0.3741798672349755,-0.8545379099374096,-0.01889669380750623
3383,0.37417986723556723,-0.8545379099374096,-0.01889669380750623
3384,0.3440697076718513,-1.292031449416607,0.005512272754632378
3385,0.3440697076233248,-1.2920314489676674,0.005512272754632378
3386,0.3440697076718513,-1.2920314494164777,0.005512272754632378
3387,0.34406970762510014,-1.2920314494164777,0.0055122727544381295
3388,0.3440697076712595,-1.292031449416736,0.005512272754632378
3389,0.34406970762510014,-1.2920314489677964,0.005512272754632378
3390,0.3440697076712595,-1.2920314494163487,0.005512272754632378
3391,0.3440697076712595,-1.292031449416607,0.005512272754632378
3392,0.34406970762510014,-1.2920314489675382,0.005512272754632378
3393,0.3440697076718513,-1.292031449416607,0.005512272754632378
3394,0.34406970762450834,-1.2920314494163487,0.0055122727544381295
3395,0.3440697076712595,-1.292031449416607,0.005512272754632378
3396,0.34406970762510014,-1.2920314489679257,0.005512272754632378
3397,0.3440697076712595,-1.2920314494164777,0.005512272754632378
3398,-0.11511022591493487,-1.0123964035731208,-0.06771462693178346
3399,-0.11511022596227782,-1.0123964035732498,-0.06771462693158921
3400,-0.11511022591552666,-1.0123964035728625,-0.06771462693178346
3401,-0.1151102259143431,-1.0123964031246977,-0.06771462693178346
3402,-0.1151102259634614,-1.0123964035729915,-0.06771462693178346
3403,-0.11511022591493487,-1.0123964035731208,-0.06771462693158921
3404,-0.11511022596168605,-1.0123964035732498,-0.06771462693178346
3405,-0.11511022591552666,-1.0123964035731208,-0.06771462693178346
3406,-0.11511022591552666,-1.0123964035732498,-0.06771462693158921
3407,-0.11511022596227782,-1.0123964035729915,-0.06771462693178346
3408,-0.11511022591493487,-1.0123964031245685,-0.06771462693178346
3409,-0.11511022591493487,-1.0123964035729915,-0.06771462693178346
3410,-0.11511022596227782,-1.0123964035732498,-0.06771462693158921
3411,-0.11511022591552666,-1.0123964035731208,-0.06771462693178346
3412,-0.2581334839232167,-0.6756316172102581,0.03805756150402103
3413,-0.2581334839232167,-0.6756316172102581,0.03805756150421528
3414,-0.2581334839699679,-0.6756316172099999,0.03805756150402103
3415,-0.2581334839226249,-0.675631617210129,0.03805756150402103
3416,-0.2581334839238085,-0.6756316172099999,0.03805756150421528
3417,-0.2581334839232167,-0.6756316172099999,0.03805756150402103
3418,-0.11059370199182857,-0.6335360190272481,0.08362096575324283
3419,-0.11059370199301213,-0.6335360185781794,0.08362096575343708
3420,-0.11059370199242034,-0.6335360190267316,0.08362096575343708
3421,-0.11059370199242034,-0.6335360190269899,0.08362096575324283
3422,-0.11059370203976329,-0.6335360185783085,0.08362096575324283
3423,-0.11059370199182857,-0.6335360190267316,0.08362096575343708
3424,-0.11059370199242034,-0.6335360190269899,0.08362096575343708
3425,-0.11059370199301213,-0.6335360190269899,0.08362096575324283
3426,-0.11059370199242034,-0.6335360185781794,0.08362096575324283
3427,-0.11059370199242034,-0.6335360190269899,0.08362096575343708
3428,-0.3547369125628999,-0.48620142493706353,0.09501181681574254
3429,-0.3547369126108346,-0.4862014249368053,0.0950118168155483
3430,-0.35473691260965107,-0.48620142493719265,0.0950118168155483
3431,-0.3547369125628999,-0.4862014249368053,0.09501181681574254
3432,-0.3547369125634917,-0.48620142493706353,0.09501181681574254
3433,-0.35473691261024287,-0.48620142493719265,0.0950118168155483
3434,-0.2054407046516504,-0.7913945122136323,-0.01889669380750623
3435,0.05802319165528758,-1.5491152817552207,0.3228288380620458
3436,-0.1527479254280188,-0.7282511153878632,-0.01889669380750623
3437,-0.46890460095918013,-0.6651077172155337,-0.01889669380750623
3438,-0.26867203980593574,-0.9261004271182389,0.11779351894035343
3439,-0.26867203975859283,-0.9261004271179807,0.11779351894015919
3440,-0.26867203980593574,-0.9261004266695576,0.11779351894035343
3441,-0.26867203975859283,-0.9261004271179807,0.11779351894015919
3442,-0.2686720398047522,-0.9261004271181098,0.11779351894035343
3443,-0.26867203980593574,-0.9261004271181098,0.11779351894035343
3444,-0.26867203975859283,-0.9261004271182389,0.11779351894015919
3445,-0.268672039805344,-0.9261004266692994,0.11779351894035343
3446,-0.268672039758001,-0.9261004271182389,0.11779351894015919
3447,-0.26867203980593574,-0.9261004271181098,0.11779351894035343
3448,-0.268672039805344,-0.9261004271179807,0.11779351894035343
3449,-0.26867203975859283,-0.9261004271181098,0.11779351894015919
3450,-0.268672039805344,-0.9261004266694285,0.11779351894035343
3451,-0.26867203975859283,-0.9261004271181098,0.11779351894015919
3452,-0.268672039805344,-0.9261004271182389,0.11779351894035343
3453,-0.39362920202888174,-0.6966794163014403,-0.06771462693178346
3454,-0.39362920202828994,-0.6966794163019567,-0.06771462693158921
3455,-0.3936292020756329,-0.6966794163015694,-0.06771462693178346
3456,-0.39362920202828994,-0.6966794163019567,-0.06771462693178346
3457,-0.39362920202828994,-0.6966794163015694,-0.06771462693158921
3458,-0.39362920202828994,-0.6966794163016985,-0.06771462693178346
3459,-0.39362920202888174,-0.6966794167505089,-0.06771462693158921
3460,-0.39362920207444935,-0.6966794163016985,-0.06771462693178346
3461,-0.39362920202947355,-0.6966794163016985,-0.06771462693178346
3462,-0.39362920202828994,-0.6966794163018276,-0.06771462693158921
3463,-0.3936292020276982,-0.6966794163014403,-0.06771462693178346
3464,-0.3936292020756329,-0.6966794163019567,-0.06771462693178346
3465,-0.39362920202828994,-0.6966794163015694,-0.06771462693158921
3466,-0.39362920202828994,-0.6966794163016985,-0.06771462693178346
3467,-0.40567326585401303,-0.8797952687577634,-0.15558690655536592
3468,-0.4056732659007642,-0.8797952692061864,-0.15558690655517166
3469,-0.4056732658534213,-0.8797952687576343,-0.15558690655536592
3470,-0.4056732659007642,-0.8797952692064447,-0.15558690655517166
3471,-0.4056732658534213,-0.8797952687576343,-0.15558690655536592
3472,-0.16592112021099495,-0.8071803619813136,-0.18975945974228225
3473,-0.16592112021099495,-0.8071803619811845,-0.18975945974208802
3474,-0.16592112025715433,-0.8071803615327614,-0.18975945974228225
3475,-0.16592112021040317,-0.8071803619813136,-0.18975945974228225
3476,-0.3878387867476278,-0.7428226682254702,-0.12404301130582995
3477,-0.3878387867476278,-0.7428226682254702,-0.12404301130582995
3478,-0.3878387867002849,-0.7428226682254702,-0.12404301130582995
3479,-0.3878387867488114,-0.7428226686738932,-0.12404301130582995
3480,-0.38783878674644423,-0.7428226682254702,-0.12404301130582995
3481,-0.3878387867482196,-0.7428226682254702,-0.12404301130582995
3482,-0.3878387867008766,-0.7428226682254702,-0.1240430113056357
3483,-0.38783878674703604,-0.7428226682254702,-0.12404301130582995
3484,-0.3878387867482196,-0.7428226682254702,-0.12404301130582995
3485,-0.38783878674703604,-0.7428226686740224,-0.12404301130582995
3486,-0.38783878670146843,-0.7428226682254702,-0.12404301130582995
3487,-0.3878387867476278,-0.7428226682254702,-0.12404301130582995
3488,-0.38783878674703604,-0.7428226682252119,-0.12404301130582995
3489,-0.574290159501721,-1.1702548972089608,-0.360622225676864
3490,-0.10005514615822783,-0.9808247049357665,-0.01889669380750623
3491,-0.2995349533399702,-1.0484783450011859,-0.14094152661800505
3492,-0.29953495338672137,-1.0484783450013149,-0.14094152661800505
3493,-0.29953495334056196,-1.0484783445525045,-0.14094152661800505
3494,-0.29953495334056196,-1.0484783450011859,-0.14094152661819928
3495,-0.2995349533399702,-1.0484783450013149,-0.14094152661800505
3496,-0.2995349533873131,-1.0484783450011859,-0.14094152661800505
3497,-0.29953495334056196,-1.0484783445525045,-0.14094152661800505
3498,-0.2995349533399702,-1.0484783450013149,-0.14094152661800505
3499,-0.29953495338672137,-1.0484783450011859,-0.14094152661800505
3500,-0.29953495334056196,-1.0484783450013149,-0.14094152661800505
3501,-0.29953495334056196,-1.0484783450011859,-0.14094152661819928
3502,-0.2995349533393784,-1.0484783445525045,-0.14094152661800505
3503,-0.2995349533879049,-1.0484783450013149,-0.14094152661800505
3504,-0.29953495334056196,-1.0484783450011859,-0.14094152661800505
3505,-0.31082626319300766,-0.9176813072122474,-0.36062222567705826
3506,-0.36351904246575756,-1.2333982944836694,-0.01889669380750623
3507,-0.689555614131346,-0.9137348448827879,-0.14704376825863683
3508,-0.6895556141780972,-0.9137348453310818,-0.14704376825844256
3509,-0.6895556141780972,-0.9137348448826588,-0.14704376825863683
3510,-0.6895556141307542,-0.9137348448825297,-0.14704376825844256
3511,-0.6895556141307542,-0.913734845331211,-0.14704376825863683
3512,-0.6895556141786889,-0.9137348448826588,-0.14704376825863683
3513,-0.6895556141769136,-0.9137348448825297,-0.14704376825844256
3514,-0.6895556141307542,-0.913734845331211,-0.14704376825863683
3515,-0.6895556141319378,-0.9137348448825297,-0.14704376825863683
3516,-0.6895556141780972,-0.9137348448826588,-0.14704376825844256
3517,-0.6895556141775053,-0.9137348448825297,-0.14704376825863683
3518,-0.6895556141307542,-0.9137348453313401,-0.14704376825863683
3519,-0.6895556141307542,-0.9137348448824005,-0.14704376825844256
3520,-0.6895556141780972,-0.9137348448827879,-0.14704376825863683
3521,-0.6895556141786889,-0.913734845331211,-0.14704376825844256
3522,-0.6895556141307542,-0.9137348448825297,-0.14704376825863683
3523,-0.9694860040112462,-0.7913945122138906,-0.18975945974208802
3524,-0.9694860039639033,-0.791394512662701,-0.18975945974228225
3525,-0.46890460100770665,-0.791394512662701,-0.01889669380750623
3526,-0.36351904241723104,-0.5388209226659874,-0.36062222567705826
3527,-0.31082626319478307,-0.6651077176643442,-0.18975945974228225
3528,-0.3108262632409424,-0.6651077176643442,-0.18975945974208802
3529,2.3238127000266857,0.9134772182442148,-0.01889669380750623
3530,4.747680546071346,2.365775359154288,-0.36062222567705826
3531,19.30018634860414,-4.858572170819153,-0.17970870880495393
3532,19.300186348651483,-4.858572170819153,-0.17970870880495393
3533,19.30018634860473,-4.85857217037073,-0.17970870880475967
3534,19.30018634860473,-4.858572170819153,-0.17970870880495393
3535,19.300186348605322,-4.858572170819153,-0.17970870880495393
3536,19.300186348652073,-4.858572170819153,-0.17970870880495393
3537,19.30018634860473,-4.858572170819153,-0.17970870880475967
3538,19.30018634860414,-4.858572170819153,-0.17970870880495393
3539,19.300186348652073,-4.858572170370601,-0.17970870880495393
3540,19.300186348605322,-4.858572170819411,-0.17970870880495393
3541,19.30018634860473,-4.858572170818895,-0.17970870880475967
3542,19.300186348651483,-4.858572170819411,-0.17970870880495393
3543,19.30018634860473,-4.858572170819153,-0.17970870880495393
3544,19.30018634860473,-4.858572170819153,-0.17970870880495393
3545,19.30018634860473,-4.858572170370471,-0.17970870880475967
3546,19.300186348652666,-4.858572170819282,-0.17970870880495393
3547,19.30018634860414,-4.8585721708190235,-0.17970870880495393
3548,-17.84434856316378,16.0836784516556,-0.01889669380750623
3549,-17.844348563164374,16.0836784516556,-0.01889669380750623
3550,-17.844348563164374,16.08367845210428,-0.01889669380750623
3551,-17.844348563164374,16.08367845165573,-0.01889669380750623
3552,-2.7711737257311917,4.366935339467713,0.1125362030653984
3553,-2.771173725731783,4.366935339467843,0.1125362030653984
3554,-2.7711737257311917,4.366935339467843,0.1125362030653984
3555,-2.771173725731783,4.366935339467713,0.11253620306520415
3556,-2.7711737257305997,4.366935339467843,0.1125362030653984
3557,-2.7711737257329667,4.366935339467713,0.1125362030653984
3558,-2.7711737257773508,4.366935339019291,0.1125362030653984
3559,-2.771173725731783,4.366935339467843,0.1125362030653984
3560,-2.7711737257311917,4.3669353394675845,0.1125362030653984
3561,-2.771173725731783,4.366935339467972,0.11253620306520415
3562,-2.771173725731783,4.366935339467713,0.1125362030653984
3563,-2.771173725731783,4.366935339467843,0.1125362030653984
3564,-2.7711737257311917,4.366935339467713,0.1125362030653984
3565,3.071092115001587,5.109642993161798,0.13643309340594417
3566,3.071092115002771,5.109642993162057,0.1364330934057499
3567,3.071092114954836,5.109642993161928,0.13643309340594417
3568,3.071092115002179,5.109642993162057,0.13643309340594417
3569,3.071092115001587,5.109642993161798,0.13643309340594417
3570,3.071092115002179,5.109642993610738,0.1364330934057499
3571,3.071092115002179,5.109642993161928,0.13643309340594417
3572,3.071092115001587,5.109642993162057,0.13643309340594417
3573,3.071092114955428,5.109642993161798,0.13643309340594417
3574,3.071092115002179,5.109642993162186,0.1364330934057499
3575,3.071092115001587,5.109642993161798,0.13643309340594417
3576,1.7346116227712058,-0.24606517105285178,0.1674990508485954
3577,1.7346116227706139,-0.24606517105272266,0.1674990508485954
3578,1.7346116227244546,-0.24606517105285178,0.1674990508485954
3579,1.7346116227706139,-0.24606517105272266,0.1674990508485954
3580,1.7346116227712058,-0.24606517105272266,0.1674990508485954
3581,1.7346116227706139,-0.24606517060404137,0.16749905084840117
3582,1.7346116227712058,-0.2460651710529809,0.1674990508485954
3583,1.7346116227712058,-0.24606517105272266,0.1674990508485954
3584,1.7346116227244546,-0.24606517105259357,0.1674990508485954
3585,1.7346116227706139,-0.24606517105285178,0.1674990508485954
3586,1.7346116227706139,-0.24606517105272266,0.1674990508485954
3587,2.968285923302438,1.2631944962177695,0.1125362030653984
3588,2.9682859232562784,1.2631944962176402,0.1125362030653984
3589,2.968285923302438,1.2631944966664508,0.1125362030653984
3590,2.9682859232562784,1.2631944962177695,0.11253620306520415
3591,2.968285923302438,1.2631944962177695,0.1125362030653984
3592,2.968285923302438,1.2631944962178985,0.1125362030653984
3593,2.9682859232562784,1.2631944966664508,0.1125362030653984
3594,2.968285923302438,1.2631944962176402,0.1125362030653984
3595,2.9682859233030294,1.2631944962177695,0.1125362030653984
3596,2.9682859232556864,1.2631944962177695,0.11253620306520415
3597,2.9682859233030294,1.2631944966664508,0.1125362030653984
3598,2.9682859232556864,1.2631944962176402,0.1125362030653984
3599,2.9682859233030294,1.2631944962177695,0.1125362030653984
