time,dx,dy,dz
0,-1.0404185914819357,-0.6262502419351644,-0.07146985255666809
1,-1.0404185914354804,-0.6262502423837812,-0.07146985255666809
2,-1.0404185914822315,-0.6262502423837812,-0.07146985255666809
3,-1.0404185914357762,-0.6262502423837812,-0.07146985255666809
4,-1.0404185914816397,-0.6262502419350353,-0.07146985255666809
5,-1.0404185914357762,-0.6262502423837812,-0.07146985255666809
6,-1.0404185914822315,-0.6262502423837812,-0.07146985255666809
7,-1.0404185914348887,-0.6262502423836521,-0.07146985255666809
8,-1.0404185914819357,-0.6262502419351644,-0.07146985255666809
9,-1.0404185914354804,-0.6262502423837812,-0.07146985255666809
10,-1.0404185914825275,-0.6262502423837166,-0.07146985255666809
11,-0.515010782840146,-0.26256855914010074,0.06653468915978467
12,-0.5150107828398501,-0.26256855869135487,0.06653468915997891
13,-0.5150107828395543,-0.2625685591400362,0.06653468915997891
14,-0.5150107828868972,-0.2625685591399716,0.06653468915978467
15,-0.5150107828404419,-0.26256855869135487,0.06653468915978467
16,-0.5150107828389625,-0.2625685591400362,0.06653468915997891
17,-0.5150107828398501,-0.26256855869135487,0.06653468915997891
18,-0.5150107828404419,-0.2625685591400362,0.06653468915978467
19,-0.9958323936227661,-0.22310393539456516,-0.01889669380750623
20,-1.2066035106608008,-0.223103935843311,0.3228288380618516
21,-0.9431396143517916,-0.3493907303928574,1.3480054336705076
22,-0.890446835127864,-0.4756775253912788,-1.044073289415968
23,-0.8377540558101384,-0.4756775253910851,-0.01889669380750623
24,-0.8904468350811129,-0.538820922666052,0.3228288380618516
25,-0.890446835127864,-0.4125341276677597,-0.360622225676864
26,-0.7323684973155322,-0.412534128116441,-0.36062222567705826
27,-0.6269829387729914,-0.5388209226659229,-0.360622225676864
28,-0.4689046009603637,-0.6651077176643442,0.6645543699314036
29,-0.5215973802780893,-0.6019643203895064,0.3228288380618516
30,-0.4689046009600678,-0.6651077172156629,-0.360622225676864
31,-0.9299664195220643,-0.5388209226659874,-0.18975945974228225
32,-0.929966419569999,-0.5388209231147333,-0.18975945974208802
33,-0.929966419569999,-0.5388209226659229,-0.18975945974228225
34,-0.9299664195220643,-0.538820922666052,-0.18975945974228225
35,-1.0485251728946283,-0.05089466997732046,0.10536713596329295
36,-1.0485251728937406,-0.050894669528574604,0.1053671359630987
37,-1.0485251728472853,-0.0508946699772559,0.10536713596329295
38,-1.0485251728943326,-0.05089466997732046,0.1053671359630987
39,-1.0485251728940366,-0.0508946699772559,0.10536713596329295
40,-1.0485251728943326,-0.050894669528574604,0.1053671359630987
41,-1.0485251728940366,-0.05089466997738502,0.10536713596329295
42,-1.0485251728940366,-0.05089466997732046,0.1053671359630987
43,-1.0485251728469895,-0.0508946699772559,0.10536713596329295
44,-1.0485251728940366,-0.050894669528574604,0.1053671359630987
45,-1.0485251728943326,-0.05089466997732046,0.10536713596329295
46,-0.46890460100711484,-0.09681714084488964,0.3228288380620458
47,-0.6796757180442619,-0.22310393539456516,-0.36062222567705826
48,-0.67967571804367,-0.34939073039292196,-0.7023477575464161
49,-0.7323684973152363,-0.34939073084160327,0.3228288380618516
50,-0.5742901595023128,-0.11786493993652375,-0.47453073630011283
51,-0.574290159548768,-0.11786493948797157,-0.47453073630011283
52,-0.5742901595020169,-0.11786493993652375,-0.47453073630011283
53,-2.523922992247272,0.02946965415333804,0.3228288380620458
54,-2.734694109331466,-0.28624733311801964,-0.36062222567705826
55,-2.313151875209829,-0.4756775253912142,-0.36062222567705826
56,-1.4700674070156736,-1.0439681022106042,-0.7023477575464161
57,-1.5227601862390094,-0.9176813072122474,-0.7023477575464161
58,-0.7235863674132664,0.11366085051974534,-0.3890993533328219
59,-0.7235863674603135,0.11366085096842662,-0.3890993533328219
60,-0.7235863674129706,0.11366085096836206,-0.38909935333262763
61,-0.7235863674126746,0.1136608505198099,-0.3890993533328219
62,-0.7235863674609052,0.11366085051974534,-0.3890993533328219
63,-0.7235863674126746,0.11366085096849118,-0.38909935333262763
64,-0.7235863674126746,0.11366085096842662,-0.3890993533328219
65,-0.7235863674609052,0.11366085051974534,-0.3890993533328219
66,-0.7235863674126746,0.11366085051974534,-0.3890993533328219
67,-0.7235863674135623,0.11366085096842662,-0.3890993533328219
68,-0.7235863674597217,0.11366085096849118,-0.38909935333262763
69,-0.7235863674132664,0.11366085051968078,-0.3890993533328219
70,-1.2592962899311835,-0.6651077176643442,-2.069249885024236
71,-1.1012179521650112,-1.2333982944836048,0.3228288380618516
72,-0.8377540558101384,-1.3596850894820263,-0.360622225676864
73,-0.31082626319448714,-1.0439681022106042,-0.01889669380750623
74,-0.3108262631938954,-0.7913945126625719,-0.36062222567705826
75,0.11071597087980685,-0.7913945126626364,-0.36062222567705826
76,-0.1000551461099972,-0.7282511149391174,-1.385798821285326
77,-0.574290159548768,-1.043968102210475,-0.01889669380750623
78,-1.3119890692021583,-1.1702548972089608,-0.01889669380750623
79,-2.8927724470976384,-0.6019643199407606,-0.01889669380750623
80,-3.2089291226758467,-0.09681714084501876,-0.01889669380750623
81,-2.8927724471440937,-0.03367374312143515,-0.36062222567705826
82,-0.9958323936236538,-0.601964320389571,-0.360622225676864
83,-0.5084241854483621,0.597760230972728,-0.18975945974228225
84,-0.5084241854483621,0.5977602309726635,-0.18975945974208802
85,-0.5084241854016109,0.5977602314213447,-0.18975945974228225
86,-0.5084241854483621,0.5977602309726635,-0.18975945974228225
87,-1.4700674069683306,-0.15996053811966285,1.0062799018007613
88,-1.6281457447812544,0.21889984642633892,-0.01889669380750623
89,-1.1831844976819887,0.3662344405164589,-0.2087442115127266
90,-1.1831844976819887,0.36623444051639437,-0.2087442115127266
91,-1.1831844976355335,0.3662344405163298,-0.20874421151292086
92,-1.1831844976819887,0.36623444051626525,-0.2087442115127266
93,-1.1831844976822845,0.36623444006777767,-0.2087442115127266
94,-1.1831844976819887,0.3662344405163298,-0.2087442115127266
95,-1.1831844976355335,0.36623444051639437,-0.20874421151292086
96,-1.1831844976819887,0.3662344405164589,-0.2087442115127266
97,-1.1831844976819887,0.36623444051626525,-0.2087442115127266
98,-0.9958323936236538,0.3767583400621792,-0.18975945974228225
99,-0.995832393623062,0.3767583400621146,-0.18975945974208802
100,-0.9958323936224702,0.3767583400621792,-0.18975945974228225
101,-0.995832393623358,0.3767583400621792,-0.18975945974228225
102,-0.995832393623358,0.3767583400621792,-0.18975945974208802
103,-0.995832393623062,0.3767583400621792,-0.18975945974228225
104,-1.1539107314356898,-0.033673743570116446,0.3228288380618516
105,-1.206603510660209,-0.28624733266946745,-0.7023477575464161
106,-1.206603510707552,-0.15996053811979197,-0.36062222567705826
107,-1.1539107313889385,0.09261305142824035,0.3228288380620458
108,-1.0221787832354696,0.06104135279075691,-0.5314849916116401
109,-1.022178783281629,0.06104135279069235,-0.5314849916118344
110,-0.995832393623358,-0.3493907303928574,0.3228288380620458
111,-0.9870502637681391,-0.0021020444840808353,-0.18975945974228225
112,-0.9870502637210921,-0.002102044484145394,-0.18975945974228225
113,-0.9870502637210921,-0.002102044932697571,-0.18975945974228225
114,-0.9870502637678432,-0.0021020444840808353,-0.18975945974208802
115,-0.987050263768435,-0.0021020444840162767,-0.18975945974228225
116,-0.9870502637216838,-0.0021020444840808353,-0.18975945974228225
117,-1.0485251728931488,0.7871904232457935,-0.36062222567705826
118,-1.2066035107072561,0.9766206159676047,-0.360622225676864
119,-1.2592962899317754,0.8503338205206957,-0.01889669380750623
120,-1.0485251728937406,0.8503338209692479,-0.01889669380750623
121,-0.4267503775718123,0.4462160771541466,-0.36062222567705826
122,-0.4267503775712205,0.4462160771542757,-0.360622225676864
123,-0.4267503775715164,0.4462160776027633,-0.36062222567705826
124,-0.4267503775712205,0.4462160771542757,-0.360622225676864
125,-0.4267503775715164,0.4462160771541466,-0.36062222567705826
126,-0.46890460100711484,0.8661196702880543,-0.6169163745791252
127,-0.46890460096065956,0.8661196698393083,-0.616916374578931
128,-0.46890460100711484,0.8661196702880543,-0.6169163745791252
129,-0.46890460100711484,0.8661196702879251,-0.6169163745791252
130,-0.8226989760513601,0.11967450772356522,-0.311804292552781
131,-0.8226989760052007,0.11967450727488393,-0.311804292552781
132,-0.8226989760519519,0.11967450772350066,-0.311804292552781
133,-0.8226989760525437,0.11967450772362978,-0.311804292552781
134,-0.8226989760513601,0.11967450772356522,-0.311804292552781
135,-0.8226989760052007,0.11967450727488393,-0.311804292552781
136,-0.8226989760519519,0.11967450772356522,-0.311804292552781
137,-0.6269829387732873,-0.15996053811985653,-0.36062222567705826
138,-1.0485251728946283,-0.28624733311801964,-0.360622225676864
139,-1.3119890692015665,0.518830984379084,-0.10432807677499137
140,-1.311989069202454,0.5188309843792132,-0.10432807677479712
141,-1.3119890692018623,0.5188309839305963,-0.10432807677479712
142,-1.311989069202454,0.518830984379084,-0.10432807677499137
143,-1.4700674070144901,1.4817677950634758,-0.7023477575464161
144,-1.2066035106608008,1.5449111927869303,-0.18975945974228225
145,-1.2066035107063684,1.5449111923383136,-0.18975945974228225
146,-0.8377540558107301,1.2923376032389626,0.3228288380620458
147,-0.8377540558565937,1.1660508077920535,-1.385798821285326
148,-0.9431396143523834,1.229194205515637,1.0062799018007613
149,-0.6269829387732873,1.2291942050668268,-1.385798821285326
150,-0.3898654321237327,1.0397640132424424,-0.5314849916116401
151,-0.3898654320772775,1.0397640132424424,-0.5314849916118344
152,-0.6796757180442619,0.3925441893807918,-0.18975945974228225
153,-0.679675718043966,0.39254418938085633,-0.18975945974208802
154,-0.6796757180442619,0.3925441893809209,-0.18975945974228225
155,-0.679675718043966,0.39254418938085633,-0.18975945974228225
156,-0.995832393623358,-0.03367374312143515,-0.7023477575464161
157,-0.9299664195223601,-0.1441746888011148,-0.2751908427095731
158,-0.9299664195694072,-0.14417468880105025,-0.2751908427097674
159,-0.9299664195232479,-0.1441746888011148,-0.2751908427095731
160,-0.9299664195220643,-0.14417468880105025,-0.2751908427095731
161,-0.7718880817570754,0.07682720210949863,-0.6169163745791252
162,-0.7718880817567795,0.07682720255811537,-0.6169163745791252
163,-0.7718880817564836,0.07682720210943407,-0.616916374578931
164,-0.7718880817567795,0.07682720210943407,-0.6169163745791252
165,-1.2592962899305917,1.2291942055155727,-0.7023477575464161
166,-1.311989069202454,1.2923376027903457,-0.01889669380750623
167,-1.3646818484734287,1.2923376027902813,-0.7023477575466104
168,-1.4173746277435155,1.0397640127938257,0.6645543699315979
169,-1.4700674070156736,0.9134772182440212,-0.7023477575466104
170,-1.4700674069680348,0.850333820969377,-0.7023477575464161
171,-1.4173746277438115,0.6609036286961825,-0.360622225676864
172,-1.2592962899314795,0.597760230972728,-1.3857988212855201
173,-1.2066035107072561,0.47147343597437125,0.6645543699314036
174,-1.1012179521179641,0.47147343642298795,-0.01889669380750623
175,-0.9694860040112462,0.550402683016632,-0.36062222567705826
176,-0.9694860039641992,0.5504026830165675,-0.360622225676864
177,-0.9694860040112462,0.5504026830165675,-0.360622225676864
178,-0.9694860040106544,0.5504026830165029,-0.36062222567705826
179,-0.67967571804367,0.597760230972728,-1.7275243531548778
180,-0.8377540558107301,0.5977602309727926,-0.01889669380750623
181,-1.0169095053405655,0.15575644915156572,-0.08724180018133894
182,-1.0169095053408612,0.15575644870301356,-0.08724180018153319
183,-1.016909505294406,0.15575644915156572,-0.08724180018133894
184,-1.0169095053408612,0.15575644915169484,-0.08724180018133894
185,-1.0169095053408612,0.15575644915163028,-0.08724180018153319
186,-1.0169095053405655,0.15575644870301356,-0.08724180018133894
187,-1.0169095053408612,0.15575644915156572,-0.08724180018133894
188,-1.016909505294702,0.15575644915169484,-0.08724180018133894
189,-1.0169095053405655,0.15575644870301356,-0.08724180018153319
190,-1.0169095053408612,0.15575644915163028,-0.08724180018133894
191,-0.4425582113485479,-0.6098572450488128,0.15196607212726979
192,-0.4425582113479561,-0.6098572446003251,0.15196607212707552
193,-0.4425582113479561,-0.6098572450488128,0.15196607212726979
194,-0.4425582113479561,-0.6098572450487482,0.15196607212726979
195,-0.44255821139470725,-0.6098572446003251,0.15196607212726979
196,-0.4425582113485479,-0.6098572450488773,0.15196607212726979
197,-0.4425582113479561,-0.6098572446000669,0.15196607212707552
198,-0.4425582113485479,-0.6098572450488773,0.15196607212726979
199,-0.4162118217361403,-0.9808247044871496,1.0062799018009556
200,-0.38108330222205866,-1.2333982944836048,-0.01889669380750623
201,-0.3810833021750116,-1.2333982949323508,-0.01889669380750623
202,-0.38108330222235454,-1.2333982944836694,-0.01889669380750623
203,-0.7850612765859151,-1.3596850894820263,-0.01889669380750623
204,-0.5742901595026086,-1.1071114994853775,0.15196607212726979
205,-0.5742901595020169,-1.1071114994853775,0.15196607212726979
206,-0.03858023698409974,-0.5703926213034063,0.3228288380620458
207,-0.03858023703055501,-0.570392621752023,0.3228288380618516
208,-0.03858023698409974,-0.5703926217521521,0.3228288380618516
209,-0.038580236984691534,-0.5703926213034708,0.3228288380620458
210,-0.03858023703025912,-0.5703926213034063,0.3228288380620458
211,-0.03858023698439564,-0.570392621752023,0.3228288380618516
212,0.4419277262641365,-0.7733535419486685,0.420464704310406
213,0.4419277263105918,-0.773353541499858,0.420464704310406
214,0.4419277262641365,-0.7733535419486685,0.420464704310406
215,0.4419277262641365,-0.773353541499858,0.420464704310406
216,0.44192772626443244,-0.7733535419485393,0.420464704310406
217,0.44192772631088767,-0.7733535414999226,0.420464704310406
218,0.4419277262641365,-0.7733535419485393,0.420464704310406
219,-0.20544070465224218,-1.1702548972088962,0.3228288380620458
220,-0.20544070465194628,-1.1702548972088962,0.3228288380618516
221,-0.8377540558571854,-1.2333982944836694,1.0062799018009556
222,-0.7148042375580476,-0.9808247049357018,-0.132805204430755
223,-0.7148042375110005,-0.9808247044871496,-0.13280520443056076
224,-0.7148042375586394,-0.9808247049357018,-0.132805204430755
225,-0.3635190424648699,-0.07313836686690618,-0.06161238529115167
226,-0.36351904246516575,-0.0731383664182249,-0.06161238529115167
227,-0.3635190424648699,-0.07313836686690618,-0.061612385291345925
228,-0.3635190424648699,-0.07313836686684162,-0.06161238529115167
229,-0.36351904246575756,-0.07313836641828945,-0.06161238529115167
230,-0.3635190424642781,-0.07313836686690618,-0.061612385291345925
231,-0.36351904246575756,-0.0731383664182249,-0.06161238529115167
232,-0.3635190424648699,-0.07313836686690618,-0.06161238529115167
233,-0.41621182168909326,0.02946965415333804,-1.0440732894157738
234,-0.33190337491199046,-0.1094458200307259,0.11779351894035343
235,-0.3319033749116945,-0.1094458200307259,0.11779351894015919
236,-0.33190337486494337,-0.10944582047947174,0.11779351894035343
237,-0.33190337491228633,-0.1094458200307259,0.11779351894015919
238,-0.3319033749116945,-0.10944582003066133,0.11779351894035343
239,-0.5215973802783853,-0.15996053811979197,-0.132805204430755
240,-0.5215973802304505,-0.1599605385684087,-0.13280520443056076
241,-0.5215973802783853,-0.15996053811979197,-0.132805204430755
242,-0.7850612765391639,-0.03367374312156427,-0.360622225676864
243,-0.9326010585167114,-0.10313148021346712,-0.25810456611611493
244,-0.9326010585170073,-0.10313148066214842,-0.25810456611611493
245,-0.9326010584693685,-0.10313148066214842,-0.2581045661163092
246,-0.9326010585167114,-0.10313148021359624,-0.25810456611611493
247,-0.9326010585167114,-0.10313148021353168,-0.25810456611611493
248,-0.9326010585170073,-0.10313148066214842,-0.25810456611611493
249,-0.9326010585167114,-0.10313148021346712,-0.25810456611611493
250,-0.9326010584699602,-0.10313148066214842,-0.2581045661163092
251,-0.9326010585161196,-0.10313148021353168,-0.25810456611611493
252,-0.9326010585170073,-0.10313148066214842,-0.25810456611611493
253,-0.995832393623358,0.21889984642640348,-0.01889669380750623
254,-1.1012179521650112,0.09261305142817579,-0.7023477575464161
255,-1.1012179521647152,0.15575644915156572,0.3228288380620458
256,-0.9958323936236538,0.09261305142824035,-0.7023477575464161
257,-1.206603510660209,0.09261305142811123,-0.36062222567705826
258,-1.1539107314359855,0.06104135279075691,-0.7023477575464161
259,-1.1539107313895303,0.061041353239438205,-0.7023477575464161
260,-1.0485251728937406,0.40833003869959805,-0.36062222567705826
261,-0.995832393623358,0.47147343597437125,-0.7023477575464161
262,-0.890446835080817,0.4083300386995335,-0.36062222567705826
263,-0.9431396143520875,0.40833003914821475,-0.01889669380750623
264,-0.8226989760519519,0.23694081714050055,0.12755710556513117
265,-0.8226989760525437,0.23694081714050055,0.12755710556513117
266,-0.8226989760513601,0.23694081714050055,0.12755710556513117
267,-0.8226989760052007,0.2369408171405651,0.12755710556513117
268,-0.8226989760519519,0.23694081714050055,0.12755710556513117
269,-0.8226989760519519,0.23694081714050055,0.12755710556513117
270,-0.8226989760519519,0.23694081714050055,0.12755710556513117
271,-0.6269829387729914,0.09261305142811123,-0.01889669380750623
272,-0.8799082792457369,0.1431277695171773,0.11779351894035343
273,-0.8799082792460328,0.1431277695173064,0.11779351894015919
274,-0.8799082792454409,0.1431277695171773,0.11779351894035343
275,-0.8799082792457369,0.1431277695171773,0.11779351894015919
276,-0.8799082792460328,0.1431277695173064,0.11779351894035343
277,-1.2592962899311835,0.34518664142469574,-0.360622225676864
278,-1.1539107314359855,0.09261305142811123,0.3228288380618516
279,-1.232949900318776,-0.15996053811979197,0.3228288380618516
280,-1.2329499002723208,-0.15996053811966285,0.3228288380620458
281,-0.8553183155670313,-0.07576934175344922,0.20892032743879704
282,-0.8553183156143742,-0.0757693413046388,0.20892032743879704
283,-0.8553183156137825,-0.07576934130470336,0.2089203274389913
284,-0.8553183155673272,-0.07576934175338466,0.20892032743879704
285,-0.855318315567623,-0.07576934175344922,0.20892032743879704
286,-0.8553183156137825,-0.07576934130457424,0.20892032743879704
287,-1.206603510660209,-0.4756775253912788,-0.01889669380750623
288,-1.1802571210480974,-0.4756775253910851,-0.01889669380750623
289,-1.1802571210483932,-0.4756775253912142,-0.01889669380750623
290,-1.0485251728940366,-0.6019643199409542,0.6645543699314036
291,-1.1539107314359855,-0.7913945126625719,-0.01889669380750623
292,-1.3119890692018623,-0.8545379099374096,-0.7023477575464161
293,-1.2066035106605049,-0.4967253244827837,0.3228288380620458
294,-1.2066035107069601,-0.4967253244828483,0.3228288380618516
295,-1.206603510660209,-0.4967253244828483,0.3228288380620458
296,-0.995832393623062,-0.34939073039279284,-0.36062222567705826
297,-0.8746390013046732,-0.6777363972987972,0.08362096575324283
298,-0.8746390013511285,-0.6777363968501159,0.08362096575343708
299,-0.8746390013046732,-0.6777363972987326,0.08362096575343708
300,-0.8746390013049691,-0.6777363968500513,0.08362096575324283
301,-0.8746390013040815,-0.6777363972987972,0.08362096575324283
302,-0.8746390013517202,-0.6777363972987326,0.08362096575343708
303,-0.8746390013046732,-0.6777363968501159,0.08362096575343708
304,-0.8746390013043773,-0.6777363972986681,0.08362096575324283
305,-0.8746390013514244,-0.6777363968501804,0.08362096575324283
306,-0.8746390013043773,-0.6777363972987326,0.08362096575343708
307,-1.206603510660209,-0.4756775253912142,-1.3857988212855201
308,-0.8452815957127552,-0.1870219944151814,0.3228288380620458
309,-0.8452815957595063,-0.1870219939665001,0.3228288380618516
310,-0.8452815957127552,-0.1870219939665001,0.3228288380620458
311,-0.8452815957130511,-0.18702199441511683,0.3228288380620458
312,-0.8452815957127552,-0.1870219944151814,0.3228288380618516
313,-0.8452815957598022,-0.18702199396656466,0.3228288380620458
314,-0.8452815957127552,-0.18702199396656466,0.3228288380620458
315,-0.8452815957127552,-0.18702199441511683,0.3228288380618516
316,-0.8452815957592105,-0.1870219944151814,0.3228288380620458
317,-0.8452815957127552,-0.1870219939665001,0.3228288380618516
318,-0.8452815957130511,-0.18702199396656466,0.3228288380620458
319,-0.8452815957124593,-0.18702199441505227,0.3228288380620458
320,-0.8452815957598022,-0.18702199441524595,0.3228288380618516
321,-0.8452815957121634,-0.18702199396656466,0.3228288380620458
322,-0.9479298670137307,-0.5043790694030917,0.47815862527530195
323,-0.9479298670128431,-0.5043790698517084,0.4781586252754962
324,-0.947929867060186,-0.5043790694030917,0.47815862527530195
325,-0.947929867013139,-0.5043790698517084,0.47815862527530195
326,-0.947929867013139,-0.5043790694030917,0.47815862527530195
327,-0.9479298670128431,-0.504379069851773,0.4781586252754962
328,-0.9479298670134348,-0.5043790694030917,0.47815862527530195
329,-0.9479298670128431,-0.5043790698517084,0.47815862527530195
330,-0.947929867060186,-0.5043790694032209,0.47815862527530195
331,-0.9479298670134348,-0.5043790698517084,0.4781586252754962
332,-0.9479298670128431,-0.5043790694030272,0.47815862527530195
333,-0.8904468350814089,-0.47567752494259746,-0.01889669380750623
334,-0.89044683512816,-0.34939073084147415,1.3480054336705076
335,-0.890446835080817,-0.41253412766769515,-0.36062222567705826
336,-0.8377540558110261,-0.5839233496755385,0.07873917244085396
337,-0.8377540558560019,-0.5839233492267926,0.07873917244104821
338,-0.8377540558104343,-0.5839233496754094,0.07873917244085396
339,-0.8377540558571854,-0.5839233492268572,0.07873917244085396
340,-0.8377540558104343,-0.5839233496754094,0.07873917244085396
341,-0.8377540558565937,-0.5839233492267926,0.07873917244104821
342,-0.8377540558104343,-0.5839233496754094,0.07873917244085396
343,-0.6138097439909029,-0.5546067719848582,0.40826022102933673
344,-0.61380974394356,-0.5546067724333459,0.40826022102933673
345,-0.61380974394356,-0.5546067719847291,0.40826022102933673
346,-0.6138097439897193,-0.5546067719846646,0.40826022102933673
347,-0.1439657955269365,-0.928205207206778,0.3228288380620458
348,-0.14396579552575295,-0.9282052067580967,0.3228288380618516
349,-0.14396579552634473,-0.9282052067580322,0.3228288380620458
350,-0.14396579552575295,-0.9282052072066489,0.3228288380620458
351,-0.14396579552575295,-0.928205207206778,0.3228288380618516
352,-0.1439657955269365,-0.9282052067580322,0.3228288380620458
353,0.16340875015166906,-0.9176813072122474,1.3480054336703133
354,0.415163139969201,-0.5949483872094874,0.47470685222618325
355,0.415163140016544,-0.5949483872094228,0.47470685222618325
356,0.41516313997097637,-0.5949483872093583,0.47470685222618325
357,0.415163140016544,-0.5949483872094228,0.47470685222618325
358,0.41516313997038456,-0.5949483867607416,0.47470685222618325
359,0.415163140016544,-0.5949483872094874,0.47470685222618325
360,0.41516313997038456,-0.5949483872093583,0.47470685222618325
361,0.41516314001595217,-0.5949483872094228,0.47470685222618325
362,0.41516313997038456,-0.5949483872093583,0.47470685222618325
363,0.5586045946600108,-1.0123964035731208,0.4936916039968218
364,0.558604594659419,-1.0123964031245685,0.49369160399662754
365,0.5849509842715307,-1.0439681022105396,-0.01889669380750623
366,0.326756365906544,-0.6777363972987326,0.4253464976227949
367,0.3267563659041769,-0.6777363968500513,0.4253464976227949
368,0.3267563658580175,-0.6777363972987326,0.4253464976227949
369,0.32675636590536045,-0.6777363968501804,0.4253464976227949
370,0.32675636590536045,-0.6777363972987326,0.4253464976227949
371,0.32675636590476864,-0.6777363972986681,0.42534649762298915
372,0.32675636590536045,-0.6777363968501804,0.4253464976227949
373,0.3267563658580175,-0.6777363972987326,0.4253464976227949
374,0.32675636590476864,-0.6777363968499868,0.4253464976227949
375,0.32675636590536045,-0.6777363972987972,0.4253464976227949
376,0.3741798671876325,-0.6651077176643442,0.6645543699314036
377,0.5226776996796367,-0.38957289245815435,0.35389479550469705
378,0.5226776997257961,-0.38957289245834803,0.3538947955045028
379,0.522677699679045,-0.38957289245815435,0.35389479550469705
380,0.5226776997252043,-0.3895728924580898,0.35389479550469705
381,0.5226776996796367,-0.38957289245834803,0.35389479550469705
382,0.5226776997257961,-0.38957289245815435,0.3538947955045028
383,0.522677699679045,-0.3895728924582189,0.35389479550469705
384,0.5226776997257961,-0.3895728924582189,0.35389479550469705
385,0.5226776996784531,-0.38957289245815435,0.35389479550469705
386,0.5226776997263879,-0.3895728924582189,0.3538947955045028
387,0.522677699679045,-0.38957289245815435,0.35389479550469705
388,0.12828023068345087,-0.05472154221319838,0.2848593345209629
389,0.12828023063729152,-0.054721542661685996,0.2848593345209629
390,0.12828023068404268,-0.05472154221313382,0.28485933452076867
391,0.12828023068345087,-0.054721542661685996,0.2848593345209629
392,0.12828023063669972,-0.05472154221313382,0.2848593345209629
393,0.12828023068404268,-0.054721542661685996,0.2848593345209629
394,0.12828023068404268,-0.05472154221319838,0.28485933452076867
395,0.12828023063729152,-0.054721542661750555,0.2848593345209629
396,0.12828023068345087,-0.05472154221306926,0.2848593345209629
397,0.26879430869302634,-0.4125341281163119,-0.5314849916116401
398,0.2687943087397775,-0.41253412766769515,-0.5314849916118344
399,0.42687264645919887,-1.1071114999341232,0.6645543699314036
400,0.47956542577692457,-1.4228284867567995,0.3228288380620458
401,0.5849509842721224,-1.4859718840316372,0.6645543699314036
402,-0.15274792538126764,-1.6122586794785463,-0.360622225676864
403,-0.9431396143991345,-1.3596850890332803,-0.7023477575466104
404,-2.3131518752107167,-0.9808247049357665,0.6645543699315979
405,-2.260459095938559,-1.422828486756735,-0.01889669380750623
406,-2.0496879789025955,-1.4228284872055452,0.3228288380618516
407,-1.1539107313889385,-1.8648322685778973,-0.01889669380750623
408,-1.2592962899314795,-0.9808247049356373,0.6645543699314036
409,-1.0485251728937406,-0.7913945122139552,-0.360622225676864
410,-0.7850612765862109,-0.6651077176643442,-0.01889669380750623
411,-0.7323684973146446,-1.1071114999339942,0.6645543699314036
412,-0.36351904246516575,-1.0439681022106042,0.3228288380620458
413,-0.41621182168998094,-1.0439681022105396,-0.01889669380750623
414,-0.5953672712192243,-0.7345654547563116,0.22031117850110252
415,-0.5953672712198161,-0.7345654547563761,0.22031117850110252
416,-0.5953672712204079,-0.7345654547563761,0.22031117850110252
417,-0.5953672712198161,-0.7345654547563761,0.22031117850110252
418,-0.5953672712192243,-0.7345654552049283,0.22031117850129678
419,-0.5953672712204079,-0.7345654547564407,0.22031117850110252
420,-0.5953672712198161,-0.7345654547563116,0.22031117850110252
421,-0.5953672712198161,-0.7345654547563116,0.22031117850110252
422,-0.5953672712204079,-0.7345654547564407,0.22031117850110252
423,-0.5953672712198161,-0.7345654547563116,0.22031117850110252
424,-0.6796757180442619,-0.7913945122139552,-0.01889669380750623
425,-0.7323684973146446,-0.7282511153878632,-0.01889669380750623
426,-0.6269829387732873,-0.6651077176642151,0.6645543699314036
427,-0.46890460100711484,-0.7913945122140197,-0.36062222567705826
428,-0.5215973802313382,-1.1071114999340588,1.0062799018009556
429,-0.36351904246516575,-0.9808247044870205,-0.01889669380750623
430,-0.2756977436798137,-0.6651077176643442,0.4367373486851003
431,-0.27569774372715666,-0.6651077176643442,0.43673734868529457
432,-0.2756977436804055,-0.6651077176643442,0.4367373486851003
433,-0.15274792538126764,-0.7913945126625719,-0.01889669380750623
434,-0.20544070469840156,-0.7282511149391819,0.6645543699314036
435,-0.3635190424184146,-0.7282511149390528,-0.36062222567705826
436,-0.6006365491611756,-0.507249224028633,0.4936916039968218
437,-0.6006365491605838,-0.507249224028633,0.49369160399662754
438,-0.7850612765868027,-0.412534128116441,-0.36062222567705826
439,-0.9431396143517916,-0.34939073039292196,-0.01889669380750623
440,-1.1012179521179641,-0.4125341276676306,0.3228288380620458
441,-1.0485251728943326,-0.4125341281163119,0.6645543699314036
442,-0.9431396143523834,-0.4125341276677597,-0.7023477575464161
443,-0.8377540558565937,-0.34939073039292196,0.3228288380620458
444,-0.8904468350814089,-0.2862473331180842,-0.36062222567705826
445,-1.0485251728943326,-0.2862473331180842,0.6645543699314036
446,-0.9958323936227661,-0.22310393539469428,-0.01889669380750623
447,-0.9431396143523834,-0.1599605385684087,1.0062799018009556
448,-0.8443406532483776,-0.009994969143322577,-0.01889669380750623
449,-0.8443406532483776,-0.009994969143451694,-0.01889669380750623
450,-0.8443406532477858,-0.009994969143451694,-0.01889669380750623
451,-0.8443406532016264,-0.009994969143451694,-0.01889669380750623
452,-0.8443406532489695,-0.00999496959200387,-0.01889669380750623
453,-0.8443406532483776,-0.009994969143451694,-0.01889669380750623
454,-0.8443406532483776,-0.009994969143451694,-0.01889669380750623
455,-0.8443406532477858,-0.009994969143451694,-0.01889669380750623
456,-0.9431396143523834,-0.34939073039279284,0.6645543699314036
457,-0.9958323936227661,-0.412534128116441,0.3228288380620458
458,-0.9998856843294084,-0.40767694353807477,0.05996304431623655
459,-0.9998856843294084,-0.40767694353807477,0.05996304431623655
460,-0.9998856843294084,-0.40767694353807477,0.05996304431623655
461,-0.9998856843755677,-0.4076769430892644,0.05996304431623655
462,-0.9998856843288165,-0.4076769435382039,0.05996304431623655
463,-0.9998856843294084,-0.40767694353807477,0.05996304431623655
464,-0.9998856843288165,-0.4076769435379457,0.059963044316042304
465,-0.9998856843288165,-0.4076769435382039,0.05996304431623655
466,-0.9998856843294084,-0.40767694353807477,0.05996304431623655
467,-0.9998856843761595,-0.4076769430892644,0.05996304431623655
468,-0.9998856843288165,-0.40767694353807477,0.05996304431623655
469,-0.9998856843288165,-0.4076769435382039,0.05996304431623655
470,-0.9998856843294084,-0.40767694353807477,0.05996304431623655
471,-0.8518054636528761,-0.48409664484820164,0.11779351894035343
472,-0.8518054636067167,-0.4840966452970121,0.11779351894015919
473,-0.8518054636534679,-0.4840966448484599,0.11779351894035343
474,-0.8518054636528761,-0.48409664484833076,0.11779351894015919
475,-0.8518054636067167,-0.4840966448484599,0.11779351894035343
476,-0.8518054636528761,-0.4840966452970121,0.11779351894035343
477,-0.8518054636534679,-0.4840966448484599,0.11779351894015919
478,-0.8518054636067167,-0.48409664484833076,0.11779351894035343
479,-0.8518054636528761,-0.48409664484833076,0.11779351894015919
480,-0.8518054636534679,-0.4840966452970121,0.11779351894035343
481,-0.851805463606125,-0.48409664484833076,0.11779351894035343
482,-0.8518054636540596,-0.4840966448484599,0.11779351894015919
483,-0.8518054636528761,-0.4840966448484599,0.11779351894035343
484,-0.851805463606125,-0.4840966452970121,0.11779351894015919
485,-0.8518054636528761,-0.48409664484833076,0.11779351894035343
486,-0.8377540558104343,-0.2862473331180842,-0.360622225676864
487,-0.8985534165402609,-0.37853383696549836,0.05996304431623655
488,-0.898553416492918,-0.37853383696549836,0.05996304431623655
489,-0.8985534165396691,-0.37853383696536924,0.05996304431623655
490,-0.898553416492918,-0.3785338369656275,0.059963044316042304
491,-0.8985534165402609,-0.37853383696549836,0.05996304431623655
492,-0.8985534165396691,-0.37853383696536924,0.05996304431623655
493,-0.8985534164935097,-0.37853383696549836,0.05996304431623655
494,-0.8985534165396691,-0.37853383696549836,0.05996304431623655
495,-0.8985534165402609,-0.37853383696549836,0.05996304431623655
496,-0.8985534164923261,-0.37853383696549836,0.059963044316042304
497,-0.8985534165408526,-0.37853383696549836,0.05996304431623655
498,-0.8985534164923261,-0.37853383696549836,0.05996304431623655
499,-0.8985534165402609,-0.37853383696536924,0.05996304431623655
500,-1.0485251728943326,-0.22310393539456516,0.3228288380620458
501,-0.890446835080817,-0.15996053811998565,-0.01889669380750623
502,-0.995832393623358,-0.20588300898736114,0.07430117852044747
503,-0.995832393623358,-0.20588300898749026,0.07430117852064172
504,-0.9958323936227661,-0.20588300898749026,0.07430117852044747
505,-0.995832393623358,-0.20588300898749026,0.07430117852064172
506,-0.995832393623358,-0.20588300898736114,0.07430117852044747
507,-0.9958323936221743,-0.20588300943617155,0.07430117852064172
508,-0.9958323936239497,-0.20588300898749026,0.07430117852044747
509,-0.9958323936227661,-0.20588300898749026,0.07430117852064172
510,-0.995832393623358,-0.20588300898736114,0.07430117852044747
511,-0.995832393623358,-0.20588300898749026,0.07430117852064172
512,-0.9958323936227661,-0.20588300898749026,0.07430117852044747
513,-0.89044683512816,-0.09681714084501876,0.6645543699314036
514,-0.8904468350814089,-0.03367374312137059,0.3228288380620458
515,-0.890446835080817,-0.1599605381197274,0.3228288380618516
516,-0.8377540558577773,-0.34939073039292196,-0.01889669380750623
517,-0.8377540558092508,-0.3493907303930511,-0.360622225676864
518,-0.995832393623358,-0.2862473331179551,0.6645543699314036
519,-1.0485251728943326,-0.22310393584337557,-0.7023477575464161
520,-1.1012179521647152,-0.28624733266927377,1.0062799018007613
521,-0.995832393623358,-0.412534128116441,-0.360622225676864
522,-0.9431396143517916,-0.4125341276677597,0.3228288380618516
523,-1.0485251728943326,-0.412534128116441,0.3228288380620458
524,-0.995832393623358,-0.34939073039292196,-0.01889669380750623
525,-0.890446835080817,-0.34939073039279284,-0.36062222567705826
526,-0.8904468351287518,-0.22310393539456516,-0.360622225676864
527,-1.0485251728469895,-0.2862473331182133,1.0062799018009556
528,-0.9800245598466223,-0.34939073039279284,-0.01889669380750623
529,-0.9800245598460305,-0.34939073039279284,-0.01889669380750623
530,-0.9800245598466223,-0.3493907308417324,-0.01889669380750623
531,-0.9800245598466223,-0.34939073039292196,-0.01889669380750623
532,-0.9800245598466223,-0.34939073039279284,-0.01889669380750623
533,-0.9800245598460305,-0.34939073039292196,-0.01889669380750623
534,-0.9800245598466223,-0.34939073039292196,-0.01889669380750623
535,-0.9800245598472141,-0.34939073084147415,-0.01889669380750623
536,-0.9800245598460305,-0.3493907303930511,-0.01889669380750623
537,-0.9800245598466223,-0.34939073039279284,-0.01889669380750623
538,-0.7850612765862109,-0.47567752494259746,-0.01889669380750623
539,-0.7850612765388679,-0.4756775253912788,1.0062799018007613
540,-0.7850612765862109,-0.6019643203893773,-1.0440732894157738
541,-0.8904468350814089,-0.5388209226659874,-0.01889669380750623
542,-0.89044683512816,-0.41253412766788883,-0.7023477575466104
543,-0.7323684972678934,-0.4125341281163119,-0.01889669380750623
544,-0.7850612765862109,-0.47567752539114966,0.6645543699315979
545,-0.6796757180442619,-0.7282511149391819,0.6645543699314036
546,-0.8377540558098425,-0.8545379099374096,-1.7275243531548778
547,-0.8114076662450738,-0.8229662113000553,0.8354171358661796
548,-0.8114076661983226,-0.8229662113000553,0.8354171358661796
549,-0.7323684972678934,-0.6019643199408251,-1.7275243531548778
550,-0.5742901595490639,-0.6651077176643442,0.6645543699314036
551,-0.4689046009603637,-0.5388209226659874,-0.01889669380750623
552,-0.46890460100711484,-0.7282511153878632,-0.7023477575464161
553,-0.7323684973146446,-0.7282511149390528,0.6645543699314036
554,-0.8904468350814089,-0.6651077176642151,-0.7023477575464161
555,-1.1539107313895303,-0.4756775253912788,1.0062799018009556
556,-1.1539107314356898,-0.4125341276676306,0.3228288380618516
557,-1.101217952165307,-0.412534128116441,-0.7023477575464161
558,-0.8904468350814089,-0.5388209226659874,-0.36062222567705826
559,-0.8904468350814089,-0.6651077176643442,-0.360622225676864
560,-0.8377540558560019,-0.7282511149391819,0.3228288380618516
561,-0.9431396143529751,-0.6335360185783085,-0.01889669380750623
562,-0.9431396143517916,-0.6335360190268607,-0.01889669380750623
563,-1.112509261972185,-0.07877617013085712,-0.11653256005586643
564,-1.1125092620189363,-0.07877617013098624,-0.11653256005606068
565,-1.112509261972185,-0.07877616968230494,-0.11653256005586643
566,-1.1125092620189363,-0.07877617013085712,-0.11653256005586643
567,-1.112509261972185,-0.07877617013098624,-0.11653256005586643
568,-1.1125092620183445,-0.07877617013085712,-0.11653256005606068
569,-1.112509261972185,-0.07877616968217582,-0.11653256005586643
570,-1.112509261972185,-0.07877617013111535,-0.11653256005586643
571,-1.1125092620189363,-0.078776170130728,-0.11653256005606068
572,-1.1125092619715933,-0.07877617013098624,-0.11653256005586643
573,-1.112509262019528,-0.07877617013098624,-0.11653256005586643
574,-1.1125092619715933,-0.07877616968217582,-0.11653256005586643
575,-1.112509262019528,-0.07877617013098624,-0.11653256005606068
576,-1.1125092619715933,-0.07877617013085712,-0.11653256005586643
577,-0.9497262117903267,-0.18363931209777543,-0.2751908427095731
578,-0.9497262117435755,-0.18363931254658583,-0.2751908427095731
579,-0.9497262117903267,-0.18363931209777543,-0.2751908427097674
580,-0.9497262117897349,-0.18363931209790454,-0.2751908427095731
581,-0.9497262117441674,-0.18363931209790454,-0.2751908427095731
582,-0.9497262117897349,-0.18363931209777543,-0.2751908427097674
583,-0.9497262117435755,-0.1836393125464567,-0.2751908427095731
584,-0.9497262117903267,-0.18363931209777543,-0.2751908427095731
585,-0.3898654320778692,-0.6177501692595668,0.06653468915978467
586,-0.38986543207668567,-0.6177501697082481,0.06653468915997891
587,-0.38986543212402863,-0.6177501697082481,0.06653468915997891
588,-0.3898654320772775,-0.6177501692594377,0.06653468915978467
589,-0.31082626319359946,-1.1071114994854419,1.0062799018009556
590,0.05802319165528758,-1.2333982949323508,-0.7023477575464161
591,0.16340875015107728,-1.5491152813064104,-0.01889669380750623
592,0.16340875019782844,-1.5491152817552207,-0.36062222567705826
593,0.05802319165647115,-1.6122586794784817,-0.36062222567705826
594,0.1107159709262621,-1.3596850890334742,1.3480054336705076
595,0.05802319160912821,-1.4859718844801248,0.3228288380618516
596,0.058023191655879366,-1.422828486756735,-0.01889669380750623
597,0.16340875019782844,-1.3596850894820263,-0.7023477575464161
598,-0.047362366886069714,-0.9597769058440677,0.20892032743879704
599,-0.047362366886069714,-0.9597769053955156,0.20892032743879704
600,-0.047362366886069714,-0.9597769058440677,0.20892032743879704
601,-0.4162118217361403,-0.8545379099375388,0.3228288380620458
602,-0.2054407046516504,-0.9176813072122474,1.0062799018009556
603,0.05802319165528758,-1.2333982944836694,-0.7023477575464161
604,0.2161015294226436,-1.2333982944837987,-0.01889669380750623
605,-1.1275643417774186,-0.4125341281163119,0.15196607212707552
606,-1.1275643417768269,-0.4125341276676306,0.15196607212726979
607,-1.9443024203606463,0.15575644915156572,1.3480054336705076
608,-1.6808385240525248,0.15575644870301356,-0.01889669380750623
609,-1.7862240825932902,0.15575644915169484,0.3228288380618516
610,-1.5227601862396012,0.09261305142804667,0.3228288380620458
611,-0.8772736402984327,-0.36517657971153455,0.15196607212726979
612,-0.8772736402522733,-0.3651765797116637,0.15196607212707552
613,-0.8772736402990244,-0.36517658016021587,0.15196607212726979
614,-0.8772736402978409,-0.3651765797116637,0.15196607212726979
615,-0.9431396143517916,-0.25467563403191945,0.3228288380620458
616,-0.9431396143529751,-0.254675634480859,0.3228288380618516
617,-1.0485251728937406,-0.03367374312124148,-0.01889669380750623
618,-1.2066035106605049,-0.09681714084514788,0.3228288380620458
619,-1.022178783281629,-0.3178190317554385,-0.18975945974228225
620,-1.0221787832348779,-0.3178190317554385,-0.18975945974228225
621,-0.6796757180442619,-0.6651077176643442,0.6645543699314036
622,-0.52159738023193,-0.7913945122138906,-0.360622225676864
623,-0.5742901595484722,-0.6651077176643442,0.3228288380618516
624,-0.4689046009603637,-0.791394512662701,0.3228288380620458
625,-0.4162118217355485,-0.7282511149391819,0.3228288380620458
626,-0.20544070465224218,-0.8545379099372805,-0.01889669380750623
627,-0.1527479254286106,-0.8545379099375388,-0.7023477575466104
628,-0.28887093850894924,-0.8597998597103665,0.06653468915978467
629,-0.2888709385101328,-0.8597998597102374,0.06653468915997891
630,-0.28887093850954104,-0.8597998597103665,0.06653468915978467
631,-0.2888709384627899,-0.8597998597103665,0.06653468915997891
632,-0.28887093850954104,-0.8597998597103665,0.06653468915978467
633,-0.28887093850894924,-0.8597998597103665,0.06653468915978467
634,-0.2888709385101328,-0.8597998597103665,0.06653468915997891
635,-0.28887093850894924,-0.8597998597102374,0.06653468915978467
636,-0.28887093846338163,-0.8597998597103665,0.06653468915997891
637,-0.28887093850954104,-0.8597998597103665,0.06653468915978467
638,-0.28887093850954104,-0.8597998597103665,0.06653468915997891
639,-0.28887093850894924,-0.8597998597102374,0.06653468915978467
640,-0.20544070465283396,-0.7492989140307514,-0.01889669380750623
641,-0.20544070469899334,-0.7492989144794328,-0.01889669380750623
642,-0.20544070465224218,-0.7492989140306223,-0.01889669380750623
643,-0.10005514615704426,-0.6651077176643442,-0.360622225676864
644,0.005330412384904826,-0.791394512662701,0.3228288380618516
645,-0.047362366886069714,-0.8545379099374096,-0.01889669380750623
646,-0.047362366886069714,-0.9176813072122474,0.6645543699314036
647,-0.15274792538126764,-0.8545379099375388,-1.0440732894157738
648,-0.36351904246457395,-0.9808247049357665,0.6645543699314036
649,-0.46890460100711484,-0.9808247044870851,-0.7023477575464161
650,-0.36351904246516575,-0.9808247049356373,0.3228288380618516
651,-0.15274792538126764,-0.9176813072122474,1.0062799018009556
652,-0.1527479254286106,-0.791394512662701,-0.7023477575464161
653,-0.15274792538067586,-0.8545379099374096,-1.3857988212855201
654,-0.17031218513845642,-0.7387750144849667,0.15196607212726979
655,-0.1703121851846158,-0.738775014933648,0.15196607212726979
656,-0.17031218518520758,-0.7387750144849667,0.15196607212707552
657,-0.17031218513786464,-0.7387750144848376,0.15196607212726979
658,-0.17031218513845642,-0.7387750149335189,0.15196607212726979
659,-0.1703121851846158,-0.7387750144849667,0.15196607212726979
660,-0.17031218518520758,-0.7387750144849667,0.15196607212726979
661,-0.17031218513845642,-0.738775014933648,0.15196607212726979
662,-0.17031218513845642,-0.7387750144849667,0.15196607212726979
663,-0.1703121851846158,-0.7387750144849667,0.15196607212707552
664,-0.17031218518520758,-0.7387750149335189,0.15196607212726979
665,-0.17031218513786464,-0.7387750144849667,0.15196607212726979
666,0.26879430869302634,0.02946965415333804,-0.36062222567705826
667,0.26879430873918575,0.02946965415333804,-0.360622225676864
668,0.26879430869302634,0.02946965415333804,-0.36062222567705826
669,0.2161015294226436,-0.5177731235744178,-0.36062222567705826
670,0.21610152946880298,-0.5177731235744178,-0.360622225676864
671,0.21610152942146002,-0.5177731235744178,-0.36062222567705826
672,-0.33717265280630293,-0.47567752539102054,0.3228288380620458
673,-0.3371726528524623,-0.4756775253912788,0.3228288380620458
674,-0.46890460100711484,-0.6651077176643442,-0.01889669380750623
675,-0.31082626319419127,-0.6651077176643442,0.6645543699314036
676,-0.36351904246575756,-0.7282511149391819,-0.01889669380750623
677,-0.36351904246457395,-0.8545379099374096,0.3228288380618516
678,-0.6269829387726955,-0.7282511149391819,-0.7023477575464161
679,-0.7850612765394598,-0.6019643203893773,-0.01889669380750623
680,-1.101217952165307,-0.22310393539469428,0.6645543699314036
681,-1.2066035106599131,-0.22310393539456516,0.6645543699315979
682,-1.4173746277444033,0.02946965415333804,0.3228288380618516
683,-1.2592962899308877,0.09261305142817579,-0.01889669380750623
684,-1.2592962899782305,0.09261305142804667,0.3228288380620458
685,-1.0485251728943326,-0.03367374312137059,-0.7023477575464161
686,-0.9958323936227661,-0.22310393584324645,0.6645543699314036
687,-0.9782681338655773,-0.4756775253912788,-0.01889669380750623
688,-0.9782681338667609,-0.47567752494259746,-0.01889669380750623
689,-0.9782681338661692,-0.47567752539114966,-0.01889669380750623
690,-0.7323684973152363,-0.7913945126624428,-0.36062222567705826
691,-0.4337760814927373,-0.8755857090292374,0.20892032743879704
692,-0.4337760814459861,-0.8755857090289791,0.20892032743879704
693,-0.4337760814933291,-0.8755857090291083,0.20892032743879704
694,0.05802319165528758,-0.9176813072122474,-0.360622225676864
695,0.05802319165647115,-0.9176813076609287,-0.36062222567705826
696,0.058023191655879366,-0.9176813072122474,-0.360622225676864
697,0.3214870879640009,-1.0439681022106042,-0.01889669380750623
698,0.595489540153658,-0.8671665895716689,0.11779351894035343
699,0.5954895401080903,-0.867166589123375,0.11779351894015919
700,0.595489540153658,-0.867166589571798,0.11779351894035343
701,0.5954895401080903,-0.8671665891232458,0.11779351894015919
702,0.5954895401542497,-0.8671665895719272,0.11779351894035343
703,0.5849509842721224,-0.9808247049357665,-0.7023477575464161
704,0.5849509843182819,-0.8545379099374096,-1.044073289415968
705,0.42687264645919887,-0.9176813072122474,-0.36062222567705826
706,0.5322582050473073,-0.8545379099374096,0.6645543699314036
707,0.3214870879645927,-0.9808247049357665,-0.360622225676864
708,0.16340875015048548,-0.8545379099374096,-0.7023477575464161
709,0.005330412384904826,-0.9176813072122474,-0.36062222567705826
710,0.005330412384904826,-0.7913945126625719,-0.36062222567705826
711,0.005330412384904826,-0.7913945122140197,0.6645543699315979
712,-0.4045023151999831,-0.9387291063038169,-0.05686619734858915
713,-0.40450231524673425,-0.9387291067524982,-0.05686619734858915
714,-0.4045023151999831,-0.9387291063038169,-0.05686619734858915
715,-0.4045023152479178,-0.9387291067526273,-0.05686619734858915
716,-0.4045023151993913,-0.938729106303946,-0.056866197348394903
717,-0.40450231524732605,-0.9387291067524982,-0.05686619734858915
718,-0.4045023151999831,-0.9387291063038169,-0.05686619734858915
719,-0.40450231524732605,-0.9387291067524982,-0.05686619734858915
720,-0.4045023151999831,-0.938729106303946,-0.05686619734858915
721,-0.43728893340748426,-0.8545379099374096,0.11779351894035343
722,-0.43728893345305186,-0.8545379099374096,0.11779351894015919
723,-0.43728893340748426,-0.8545379099374096,0.11779351894035343
724,-0.4372889334536436,-0.8545379099374096,0.11779351894015919
725,-0.43728893340689245,-0.8545379099375388,0.11779351894035343
726,-0.8008691103629465,-0.5514496023003758,-0.08724180018133894
727,-0.8008691103161953,-0.5514496023003758,-0.08724180018153319
728,-0.8008691103623548,-0.5514496023005049,-0.08724180018133894
729,-0.8008691103623548,-0.5514496023003758,-0.08724180018133894
730,-0.8008691103629465,-0.5514496018518237,-0.08724180018133894
731,-0.8008691103161953,-0.5514496023005049,-0.08724180018153319
732,-0.8008691103617629,-0.5514496023005049,-0.08724180018133894
733,-0.8008691103635383,-0.5514496023003758,-0.08724180018133894
734,-0.8008691103156036,-0.5514496023005049,-0.08724180018153319
735,-0.8008691103623548,-0.5514496023005049,-0.08724180018133894
736,-0.7323684973152363,-0.2862473331179551,0.3228288380620458
737,-0.5215973802313382,-0.4756775253912788,-1.044073289415968
738,-0.6796757180442619,-0.34939073039292196,-0.7023477575464161
739,-0.7850612765856191,-0.47567752539102054,-0.7023477575466104
740,-1.1539107313889385,0.02946965415333804,0.6645543699315979
741,-0.9431396143529751,-0.15996053811985653,-0.18975945974228225
742,-0.9431396143985428,-0.15996053811985653,-0.18975945974228225
743,-0.4689046009603637,-0.7282511149390528,1.0062799018009556
744,-0.5040331205209007,-1.0018725040274652,-0.2467137150538095
745,-0.5040331204747412,-1.0018725035785256,-0.2467137150538095
746,-0.5040331205209007,-1.001872504027336,-0.2467137150538095
747,-0.5742901595023128,-0.7282511153878632,0.6645543699314036
748,-0.890446835080817,-0.6019643199408251,-0.7023477575464161
749,-1.1539107314362815,-0.5388209226661165,-0.36062222567705826
750,-1.2066035106599131,-0.6019643203893773,-0.01889669380750623
751,-0.995832393623358,-0.7282511149391819,-0.36062222567705826
752,-0.67967571804367,-0.9176813076609287,0.3228288380620458
753,-0.7323684973152363,-0.9176813072122474,0.3228288380620458
754,-0.6269829387732873,-0.8545379099374096,-0.36062222567705826
755,-0.5977091725266924,-0.8264741776658856,0.09501181681574254
756,-0.5977091725272843,-0.8264741776656274,0.0950118168155483
757,-0.5977091725272843,-0.8264741776657565,0.09501181681574254
758,-0.5977091725266924,-0.8264741776657565,0.0950118168155483
759,-0.5977091724805331,-0.8264741781143087,0.09501181681574254
760,-0.5977091725272843,-0.8264741776658856,0.0950118168155483
761,-0.5977091725272843,-0.8264741776657565,0.09501181681574254
762,-0.5977091725266924,-0.8264741776657565,0.0950118168155483
763,-0.5977091725272843,-0.8264741776656274,0.09501181681574254
764,-0.4689046009597719,-0.7282511149391819,-1.044073289415968
765,-0.4162118217361403,-0.7282511153878632,1.3480054336703133
766,-0.46890460100711484,-0.8545379099374096,-0.360622225676864
767,-0.7323684972684852,-0.6651077176642151,-0.7023477575464161
768,-0.7850612765862109,-0.7282511149391819,0.6645543699314036
769,-0.46890460100652304,-0.728251114939311,-0.36062222567705826
770,-0.36351904246516575,-0.6651077176642151,-0.01889669380750623
771,-0.10005514611088488,-0.7913945126625719,-0.01889669380750623
772,-0.4689046010059313,-0.9176813072122474,-0.01889669380750623
773,-0.4689046009609555,-1.1071114994853128,0.3228288380620458
774,-0.67967571804367,-0.791394512662701,-0.18975945974228225
775,-0.6796757180442619,-0.7913945126625719,-0.18975945974228225
776,-0.6269829387732873,-0.5388209226661165,-0.01889669380750623
777,-0.5311778855534411,-0.9004603808050433,0.04323522107779623
778,-0.5311778855996006,-0.9004603808051724,0.043235221077990486
779,-0.5311778855534411,-0.9004603808051724,0.04323522107779623
780,-0.5311778855996006,-0.9004603808050433,0.04323522107779623
781,-0.5311778855534411,-0.9004603808051724,0.04323522107779623
782,-0.5311778856001923,-0.9004603803564912,0.043235221077990486
783,-0.5311778855528494,-0.9004603808050433,0.04323522107779623
784,-0.5311778855996006,-0.9004603808051724,0.04323522107779623
785,-0.5311778855534411,-0.9004603808050433,0.04323522107779623
786,-0.5311778856001923,-0.9004603808051724,0.043235221077990486
787,-0.5311778855534411,-0.9004603808051724,0.04323522107779623
788,-0.2581334839232167,-0.9808247049357665,-0.360622225676864
789,-0.46890460100711484,-0.9808247049356373,-0.36062222567705826
790,-0.36351904246457395,-0.9597769053955156,-0.2467137150538095
791,-0.3635190424184146,-0.9597769058440677,-0.2467137150538095
792,-0.36351904246516575,-0.9597769053955156,-0.2467137150538095
793,-0.28447987358207955,-0.8545379099374096,-0.36062222567705826
794,-0.28447987358207955,-0.8545379099374096,-0.360622225676864
795,-0.1527479254280188,-0.8861096090235744,0.15196607212726979
796,-0.15274792538067586,-0.886109608574764,0.15196607212707552
797,0.2951406983512974,-0.507249224028633,-0.07585094911903349
798,0.29514069830513806,-0.507249224028633,-0.07585094911903349
799,0.2951406983518892,-0.507249224028633,-0.07585094911903349
800,0.2951406983512974,-0.507249224028633,-0.07585094911922774
801,0.2951406983057298,-0.5072492240285039,-0.07585094911903349
802,0.2951406983512974,-0.507249224028633,-0.07585094911903349
803,-0.050461942123239865,-0.19710371314572067,0.16201682306459814
804,-0.050461942123831656,-0.19710371314572067,0.16201682306459814
805,-0.05046194212264808,-0.19710371314572067,0.16201682306440388
806,-0.05046194212442344,-0.19710371314559155,0.16201682306459814
807,-0.050461942169991024,-0.19710371314572067,0.16201682306459814
808,-0.050461942123239865,-0.19710371314559155,0.16201682306459814
809,-0.050461942123831656,-0.1971037131458498,0.16201682306459814
810,-0.050461942123239865,-0.19710371314546243,0.16201682306459814
811,-0.050461942123831656,-0.19710371269703938,0.16201682306440388
812,-0.050461942123239865,-0.19710371314572067,0.16201682306459814
813,-0.050461942123239865,-0.19710371314559155,0.16201682306459814
814,-0.05046194212442344,-0.1971037131458498,0.16201682306459814
815,-0.050461942169991024,-0.19710371314559155,0.16201682306459814
816,-0.050461942123831656,-0.19710371314572067,0.16201682306459814
817,-0.050461942123239865,-0.19710371314559155,0.16201682306440388
818,-0.050461942123831656,-0.19710371314572067,0.16201682306459814
819,-0.050461942123239865,-0.19710371314559155,0.16201682306459814
820,-0.018879783511308357,-0.045619791594063895,0.018046606935184794
821,-0.018879783465148986,-0.04561979114551172,0.018046606935184794
822,-0.018879783511308357,-0.045619791594063895,0.018046606934990543
823,-0.0188797834645572,-0.045619791594063895,0.018046606935184794
824,-0.018879783511900144,-0.04561979114551172,0.018046606935184794
825,-0.018879783511308357,-0.045619791594063895,0.018046606935184794
826,-0.018879783465148986,-0.045619791594063895,0.018046606934990543
827,-0.018879783511308357,-0.0456197911453826,0.018046606935184794
828,-0.0188797834645572,-0.045619791594193014,0.018046606935184794
829,-0.018879783511308357,-0.04561979114525348,0.018046606935184794
830,-0.018879783511308357,-0.045619791594063895,0.018046606935184794
831,-0.018879783465148986,-0.045619791594193014,0.018046606934990543
832,-0.018879783511900144,-0.0456197911453826,0.018046606935184794
833,-0.018879783463965412,-0.045619791594063895,0.018046606935184794
834,-0.018879783511900144,-0.045619791594063895,0.018046606935184794
835,-0.018879783511308357,-0.04561979114551172,0.018046606935184794
836,-0.018879783465148986,-0.045619791594063895,0.018046606934990543
837,-0.018879783511308357,-0.045619791594063895,0.018046606935184794
838,-0.0188797834645572,-0.04561979114551172,0.018046606935184794
839,-0.018879783511900144,-0.045619791594063895,0.018046606935184794
840,-0.0188797834645572,-0.045619791593934776,0.018046606934990543
841,-0.018879783511900144,-0.0456197911453826,0.018046606935184794
842,-0.018879783511308357,-0.045619791594063895,0.018046606935184794
843,-0.018879783465148986,-0.045619791594063895,0.018046606935184794
844,-0.018879783511308357,-0.04561979114551172,0.018046606935184794
845,-0.0188797834645572,-0.045619791594063895,0.018046606934990543
846,-0.018879783511900144,-0.045619791594063895,0.018046606935184794
847,-0.01887978351071657,-0.04561979114551172,0.018046606935184794
848,-0.018879783465148986,-0.045619791594063895,0.018046606935184794
849,-0.018879783511308357,-0.0456197911453826,0.018046606935184794
850,-0.018879783465148986,-0.045619791594063895,0.018046606934990543
851,-0.018879783511308357,-0.045619791594063895,0.018046606935184794
852,-0.018879783511308357,-0.04561979114551172,0.018046606935184794
853,-0.018879783465148986,-0.045619791594063895,0.018046606935184794
854,-0.018879783511308357,-0.045619791594063895,0.018046606934990543
855,-0.018879783465148986,-0.0456197911453826,0.018046606935184794
856,-0.018879783511308357,-0.045619791594193014,0.018046606935184794
857,0.40930838674876124,-0.03367374312149971,1.6897309655398656
858,0.4093083867020101,-0.03367374357005189,1.6897309655398656
859,0.409308386749353,-0.03367374312149971,1.6897309655398656
860,0.45082390981061565,-0.10829775844982144,-0.5780839277758112
861,0.45082390976445624,-0.1082977584495632,-0.5780839277756169
862,0.45082390981061565,-0.10829775844982144,-0.5780839277758112
863,0.45082390981061565,-0.10829775844969232,-0.5780839277758112
864,0.4508239097638645,-0.10829775844969232,-0.5780839277756169
865,0.45082390981120746,-0.10829775844982144,-0.5780839277758112
866,0.45082390976445624,-0.1082977584495632,-0.5780839277756169
867,0.45082390981061565,-0.10829775844982144,-0.5780839277758112
868,0.45082390981061565,-0.10829775844969232,-0.5780839277758112
869,0.4508239097638645,-0.10829775844969232,-0.5780839277756169
870,0.4508239098117992,-0.10829775844982144,-0.5780839277758112
871,0.9538004391683524,-0.47567752539114966,1.0062799018009556
872,0.8484148805796522,-0.28624733266927377,1.6897309655398656
873,0.953800439122193,-0.4756775253912788,1.0062799018007613
874,0.901107659897378,-0.22310393584324645,-1.385798821285326
875,1.586113790280385,-0.6019643199408251,-1.044073289415968
876,1.4280354525136207,-0.6019643203896355,0.3228288380620458
877,0.5849509842721224,-1.5491152817549627,0.3228288380618516
878,-0.3756789145827253,-0.46596315668322763,0.16510936181456023
879,-0.37567891462947645,-0.46596315623467544,0.16510936181456023
880,-0.3756789145833171,-0.4659631566830985,0.16510936181456023
881,-0.3756789145827253,-0.46596315623467544,0.165109361814366
882,-0.37567891463006825,-0.46596315668322763,0.16510936181456023
883,-0.3756789145827253,-0.4659631562345463,0.16510936181456023
884,-0.3756789145827253,-0.46596315668322763,0.16510936181456023
885,-0.3756789145833171,-0.46596315623467544,0.16510936181456023
886,-0.37567891462947645,-0.4659631566830985,0.16510936181456023
887,-0.3756789145833171,-0.4659631562344172,0.165109361814366
888,-0.3756789145833171,-0.46596315668348587,0.16510936181456023
889,-0.37567891462947645,-0.4659631562344172,0.16510936181456023
890,-0.3756789145827253,-0.4659631566830985,0.16510936181456023
891,-0.556725899745124,0.239947645517973,0.11779351894035343
892,-0.5567258997918751,0.239947645517973,0.11779351894015919
893,-0.5567258997457157,0.23994764596678342,0.11779351894035343
894,-0.556725899745124,0.239947645517973,0.11779351894015919
895,-0.5567258997912834,0.23994764551810213,0.11779351894035343
896,-0.5567258997457157,0.239947645517973,0.11779351894035343
897,-0.556725899745124,0.23994764551823125,0.11779351894015919
898,-0.5567258997912834,0.2399476459666543,0.11779351894035343
899,-0.5567258997457157,0.23994764551810213,0.11779351894015919
900,-0.556725899745124,0.239947645517973,0.11779351894035343
901,-0.5567258997918751,0.23994764551810213,0.11779351894035343
902,-0.556725899745124,0.23994764551810213,0.11779351894015919
903,-0.556725899745124,0.2399476459666543,0.11779351894035343
904,-0.5567258997924669,0.23994764551823125,0.11779351894015919
905,-0.556725899745124,0.239947645517973,0.11779351894035343
906,0.40930838674876124,0.28204324370124123,-0.01889669380750623
907,0.40930838670260183,0.28204324414992255,-0.01889669380750623
908,0.40930838674876124,0.28204324370124123,-0.01889669380750623
909,0.901107659897378,-0.601964319940696,0.15196607212726979
910,0.9011076598512185,-0.6019643203896355,0.15196607212726979
911,1.085532387276254,-0.40990315278115214,0.10925038064362434
912,1.0855323872756621,-0.4099031532299625,0.1092503806434301
913,1.085532387323005,-0.4099031527814104,0.10925038064362434
914,1.085532387276254,-0.4099031532298334,0.1092503806434301
915,1.0855323872756621,-0.40990315278128125,0.10925038064362434
916,1.085532387323005,-0.4099031532299625,0.1092503806434301
917,1.0855323872756621,-0.40990315278115214,0.10925038064362434
918,1.085532387276254,-0.4099031532299625,0.10925038064362434
919,1.085532387276254,-0.40990315278128125,0.1092503806434301
920,1.0855323872756621,-0.4099031532299625,0.10925038064362434
921,1.0855323873224132,-0.40990315278115214,0.1092503806434301
922,1.0855323872768456,-0.40990315323009163,0.10925038064362434
923,1.0855323872750702,-0.40990315278128125,0.10925038064362434
924,1.0855323873235967,-0.40990315278115214,0.1092503806434301
925,1.0855323872756621,-0.4099031532299625,0.10925038064362434
926,1.085532387276254,-0.40990315278128125,0.1092503806434301
927,1.0855323872750702,-0.4099031532298334,0.10925038064362434
928,1.0855323872768456,-0.4099031527814104,0.10925038064362434
929,1.0855323873224132,-0.4099031532298334,0.1092503806434301
930,1.085532387276254,-0.40990315278128125,0.10925038064362434
931,1.0855323872756621,-0.40990315323009163,0.1092503806434301
932,1.085532387323005,-0.40990315278115214,0.10925038064362434
933,1.0855323872756621,-0.4099031532299625,0.1092503806434301
934,1.0855323872768456,-0.40990315278128125,0.10925038064362434
935,-0.8337772423228008,1.1958354293513063,0.026236867005497454
936,-0.8337772422742743,1.195835429351177,0.026236867005303206
937,-0.833777242322209,1.1958354293514353,0.026236867005497454
938,-0.8337772422754578,1.1958354293513063,0.026236867005497454
939,-0.8337772423216172,1.1958354297997293,0.026236867005497454
940,-0.833777242322209,1.1958354293514353,0.026236867005303206
941,-0.8337772422742743,1.195835429351177,0.026236867005497454
942,-0.8337772423216172,1.1958354293513063,0.026236867005497454
943,-0.8337772422754578,1.195835429351177,0.026236867005303206
944,-0.8337772423216172,1.1958354293514353,0.026236867005497454
945,-0.8337772423216172,1.1958354293513063,0.026236867005497454
946,-0.8337772422754578,1.195835429351177,0.026236867005497454
947,-0.8337772423216172,1.1958354293513063,0.026236867005303206
948,-0.833777242274866,1.1958354297998584,0.026236867005497454
949,-0.833777242322209,1.1958354293513063,0.026236867005497454
950,-0.8337772423216172,1.195835429351177,0.026236867005303206
951,-0.833777242274866,1.1958354293513063,0.026236867005497454
952,-0.833777242322209,1.195835429351177,0.026236867005497454
953,-0.833777242274866,1.1958354293514353,0.026236867005497454
954,-0.833777242322209,1.195835429351177,0.026236867005303206
955,-0.8337772423216172,1.1958354293513063,0.026236867005497454
956,-0.8337772422754578,1.1958354293513063,0.026236867005497454
957,-0.8337772423216172,1.1958354297998584,0.026236867005303206
958,-0.833777242274866,1.1958354293513063,0.026236867005497454
959,-0.8337772423210255,1.195835429351177,0.026236867005497454
960,-0.8337772423228008,1.1958354293514353,0.026236867005497454
961,-0.833777242274866,1.195835429351177,0.026236867005303206
962,-0.8337772423216172,1.1958354293513063,0.026236867005497454
963,-0.833777242322209,1.195835429351177,0.026236867005497454
964,-0.833777242274866,1.1958354293513063,0.026236867005497454
965,-0.833777242322209,1.1958354297999876,0.026236867005303206
966,-0.833777242274866,1.195835429351177,0.026236867005497454
967,-0.8337772423216172,1.1958354293513063,0.026236867005497454
968,-0.833777242322209,1.195835429351177,0.026236867005303206
969,-0.833777242274866,1.1958354293514353,0.026236867005497454
970,-0.8337772423216172,1.195835429351177,0.026236867005497454
971,-0.8337772422754578,1.195835429351177,0.026236867005497454
972,-0.8337772423216172,1.1958354293514353,0.026236867005303206
973,-0.8337772423216172,1.195835429351177,0.026236867005497454
974,-0.8337772422754578,1.1958354297999876,0.026236867005497454
975,-0.8337772423216172,1.195835429351177,0.026236867005303206
976,-0.8337772422742743,1.1958354293513063,0.026236867005497454
977,-0.833777242322209,1.1958354293513063,0.026236867005497454
978,-0.8337772423216172,1.195835429351177,0.026236867005497454
979,-0.8337772422754578,1.1958354293513063,0.026236867005303206
980,-0.833777242322209,1.195835429351177,0.026236867005497454
981,-0.833777242274866,1.1958354293514353,0.026236867005497454
982,-0.833777242322209,1.195835429351177,0.026236867005303206
983,-0.8337772423216172,1.1958354297999876,0.026236867005497454
984,-0.833777242274866,1.195835429351177,0.026236867005497454
985,-0.833777242322209,1.1958354293513063,0.026236867005497454
986,-0.833777242274866,1.1958354293513063,0.026236867005303206
987,-0.8337772423216172,1.195835429351177,0.026236867005497454
988,0.12388916570923827,-0.4441058267536662,0.015275859379410122
989,0.12388916575658121,-0.44410582630524315,0.015275859379410122
990,0.12388916570923827,-0.4441058267536662,0.015275859379604372
991,0.12388916575658121,-0.44410582675379534,0.015275859379410122
992,0.12388916570983005,-0.444105826305114,0.015275859379410122
993,0.12388916570923827,-0.44410582675379534,0.015275859379410122
994,0.12388916575598943,-0.44410582675379534,0.015275859379410122
995,0.12388916570983005,-0.44410582675392446,0.015275859379604372
996,0.12388916575658121,-0.4441058263049849,0.015275859379410122
997,0.12388916570923827,-0.44410582675392446,0.015275859379410122
998,0.12388916570923827,-0.4441058267536662,0.015275859379410122
999,0.12388916575598943,-0.44410582630524315,0.015275859379410122
1000,0.12388916570983005,-0.4441058267536662,0.015275859379604372
1001,0.12388916575658121,-0.44410582675392446,0.015275859379410122
1002,0.12388916570923827,-0.4441058267536662,0.015275859379410122
1003,0.12388916570923827,-0.44410582630524315,0.015275859379410122
1004,0.12388916575658121,-0.4441058267536662,0.015275859379410122
1005,0.12388916570923827,-0.44410582675392446,0.015275859379604372
1006,0.12388916575658121,-0.4441058263049849,0.015275859379410122
1007,0.12388916570923827,-0.44410582675379534,0.015275859379410122
1008,-0.1369400916512832,-0.7408797945735703,-0.46313988523780736
1009,-0.13694009160453205,-0.7408797945735703,-0.46313988523780736
1010,-0.13694009160512383,-0.7408797945736995,-0.46313988523780736
1011,-0.1369400916506914,-0.7408797945734412,-0.46313988523780736
1012,-0.13694009165187498,-0.7408797941250181,-0.46313988523780736
1013,-0.13694009160453205,-0.7408797945734412,-0.46313988523800165
1014,-0.13694009160453205,-0.7408797945736995,-0.46313988523780736
1015,-0.1369400916512832,-0.7408797945735703,-0.46313988523780736
1016,-0.1369400916512832,-0.7408797945735703,-0.46313988523780736
1017,-0.13694009160453205,-0.7408797945735703,-0.46313988523780736
1018,-0.23178709431110503,-0.3599146299387067,0.40826022102933673
1019,-0.23178709431110503,-0.3599146299387067,0.40826022102933673
1020,-0.23178709426435387,-0.3599146299387067,0.40826022102933673
1021,-0.23178709431110503,-0.359914630387388,0.40826022102933673
1022,-0.23178709431110503,-0.3599146299385776,0.40826022102933673
1023,-0.2317870942637621,-0.35991462993883583,0.40826022102933673
1024,-0.2317870943116968,-0.3599146299385776,0.40826022102933673
1025,-0.23178709431051325,-0.35991462993883583,0.40826022102933673
1026,-0.23178709431110503,-0.3599146303872589,0.40826022102933673
1027,-0.23178709431110503,-0.35991462993883583,0.40826022102933673
1028,-0.2317870942637621,-0.3599146299385776,0.40826022102933673
1029,-0.2317870943116968,-0.3599146299387067,0.40826022102933673
1030,-0.195860199330731,-0.09107683204261743,-0.18975945974228225
1031,-0.1958601993762986,-0.09107683159393613,-0.18975945974228225
1032,-0.1958601993301392,-0.09107683204248831,-0.18975945974208802
1033,-0.19586019937689036,-0.09107683159393613,-0.18975945974228225
1034,-0.195860199330731,-0.09107683204261743,-0.18975945974228225
1035,-0.1958601993301392,-0.09107683204248831,-0.18975945974228225
1036,-0.19586019937689036,-0.09107683159406525,-0.18975945974228225
1037,-0.1958601993301392,-0.09107683204248831,-0.18975945974228225
1038,-0.19586019937689036,-0.09107683159393613,-0.18975945974208802
1039,-0.195860199330731,-0.09107683204248831,-0.18975945974228225
1040,-0.19586019932954743,-0.09107683204274654,-0.18975945974228225
1041,-0.19586019937689036,-0.09107683159380701,-0.18975945974228225
1042,-0.195860199330731,-0.09107683204261743,-0.18975945974228225
1043,-0.19586019937689036,-0.09107683159393613,-0.18975945974208802
1044,-0.1958601993301392,-0.09107683204261743,-0.18975945974228225
1045,-0.1958601993762986,-0.09107683159380701,-0.18975945974228225
1046,-0.1958601993301392,-0.09107683204274654,-0.18975945974228225
1047,-0.1958601993301392,-0.09107683204248831,-0.18975945974228225
1048,-0.19586019937748217,-0.09107683159393613,-0.18975945974228225
1049,-0.1958601993301392,-0.09107683204261743,-0.18975945974208802
1050,-0.19586019937689036,-0.09107683159393613,-0.18975945974228225
1051,-0.195860199330731,-0.09107683204261743,-0.18975945974228225
1052,0.017490284503056164,0.0019456092566162775,-0.036421080057162096
1053,0.017490284549215536,0.0019456088075476326,-0.03642108005735634
1054,0.017490284503056164,0.0019456092564871606,-0.036421080057162096
1055,0.017490284549807323,0.0019456092563580436,-0.036421080057162096
1056,0.017490284502464377,0.0019456088079349834,-0.03642108005735634
1057,0.017490284549807323,0.0019456092562289266,-0.036421080057162096
1058,0.017490284503056164,0.0019456092564871606,-0.036421080057162096
1059,0.01749028450187259,0.0019456092564871606,-0.036421080057162096
1060,0.017490284549807323,0.0019456088076767494,-0.03642108005735634
1061,0.017490284503056164,0.0019456092563580436,-0.036421080057162096
1062,0.017490284549215536,0.0019456092563580436,-0.036421080057162096
1063,0.017490284503056164,0.0019456088079349834,-0.03642108005735634
1064,0.017490284549215536,0.0019456092563580436,-0.036421080057162096
1065,0.017490284503056164,0.0019456092563580436,-0.036421080057162096
1066,0.017490284549807323,0.0019456088076767494,-0.03642108005735634
1067,0.017490284503056164,0.0019456092566162775,-0.036421080057162096
1068,0.01749028450187259,0.0019456092563580436,-0.036421080057162096
1069,0.01749028455039911,0.0019456088076767494,-0.03642108005735634
1070,0.017490284502464377,0.0019456092564871606,-0.036421080057162096
1071,0.017490284549215536,0.0019456092563580436,-0.036421080057162096
1072,0.017490284502464377,0.0019456092564871606,-0.036421080057162096
1073,0.01749028455039911,0.0019456088076767494,-0.03642108005735634
1074,0.017490284502464377,0.0019456092564871606,-0.036421080057162096
1075,0.017490284502464377,0.0019456092563580436,-0.036421080057162096
1076,0.017490284549807323,0.0019456088078058664,-0.03642108005735634
1077,0.017490284502464377,0.0019456092564871606,-0.036421080057162096
1078,0.017490284549807323,0.0019456092562289266,-0.036421080057162096
1079,0.017490284503056164,0.0019456088078058664,-0.03642108005735634
1080,0.017490284549215536,0.0019456092564871606,-0.036421080057162096
1081,0.017490284503056164,0.0019456092564871606,-0.036421080057162096
1082,0.017490284549215536,0.0019456088075476326,-0.03642108005735634
1083,0.017490284503056164,0.0019456092566162775,-0.036421080057162096
1084,0.017490284502464377,0.0019456092563580436,-0.036421080057162096
1085,0.017490284549807323,0.0019456092564871606,-0.036421080057162096
1086,0.017490284502464377,0.0019456088075476326,-0.03642108005735634
1087,0.017490284549215536,0.0019456092564871606,-0.036421080057162096
1088,0.017490284503056164,0.0019456092564871606,-0.036421080057162096
1089,0.017490284549807323,0.0019456088078058664,-0.03642108005735634
1090,0.017490284502464377,0.0019456092563580436,-0.036421080057162096
1091,0.6526988433483306,-0.5298004375333764,0.005512272754632378
1092,0.6526988433483306,-0.529800437084695,0.005512272754632378
1093,0.6526988433003958,-0.5298004375332472,0.005512272754632378
1094,0.6526988433483306,-0.5298004375332472,0.0055122727544381295
1095,0.6526988433483306,-0.5298004375335055,0.005512272754632378
1096,0.6526988433477388,-0.5298004370845659,0.005512272754632378
1097,0.6526988433015795,-0.5298004375333764,0.005512272754632378
1098,0.6526988433477388,-0.5298004375333764,0.005512272754632378
1099,0.6526988433483306,-0.5298004370845659,0.005512272754632378
1100,0.6526988433477388,-0.5298004375332472,0.005512272754632378
1101,0.6526988433477388,-0.5298004375335055,0.0055122727544381295
1102,0.6526988433015795,-0.5298004375333764,0.005512272754632378
1103,0.6526988433477388,-0.5298004370845659,0.005512272754632378
1104,0.6526988433483306,-0.5298004375333764,0.005512272754632378
1105,0.16089957019971385,-0.03968740032525505,-0.035169338182200555
1106,0.1608995701985303,-0.039687399876573756,-0.035169338182200555
1107,0.16089957024587323,-0.03968740032525505,-0.0351693381823948
1108,0.16089957019912207,-0.03968740032525505,-0.035169338182200555
1109,0.16089957019912207,-0.03968740032525505,-0.035169338182200555
1110,0.16089957019912207,-0.039687399876573756,-0.035169338182200555
1111,0.16089957024587323,-0.03968740032538416,-0.0351693381823948
1112,0.16089957019912207,-0.03968740032512593,-0.035169338182200555
1113,0.16089957019912207,-0.03968739987670287,-0.035169338182200555
1114,0.1608995701985303,-0.03968740032538416,-0.035169338182200555
1115,0.1608995702470568,-0.03968740032512593,-0.0351693381823948
1116,0.1608995701985303,-0.03968740032538416,-0.035169338182200555
1117,0.1608995701985303,-0.039687399876573756,-0.035169338182200555
1118,0.16089957019971385,-0.03968740032525505,-0.035169338182200555
1119,0.16089957024587323,-0.03968740032525505,-0.0351693381823948
1120,0.16089957019912207,-0.03968739987670287,-0.035169338182200555
1121,0.16089957019912207,-0.03968740032512593,-0.035169338182200555
1122,0.1608995701985303,-0.03968740032525505,-0.035169338182200555
1123,0.160899570246465,-0.03968740032538416,-0.0351693381823948
1124,0.1608995701985303,-0.039687399876573756,-0.035169338182200555
1125,0.16089957019971385,-0.03968740032525505,-0.035169338182200555
1126,0.0011149900221119095,0.052201277315867975,0.008441348741988002
1127,0.0011149900700466418,0.052201277315738856,0.008441348742182251
1128,0.0011149900227036963,0.05220127731599709,0.008441348741988002
1129,0.0011149900688630682,0.052201276867186674,0.008441348741988002
1130,0.0011149900227036963,0.05220127731560974,0.008441348742182251
1131,0.001114990069454855,0.05220127731599709,0.008441348741988002
1132,0.0011149900221119095,0.052201277315867975,0.008441348741988002
1133,0.0011149900700466418,0.052201277315738856,0.008441348742182251
1134,0.0011149900227036963,0.052201277315867975,0.008441348741988002
1135,0.0011149900221119095,0.05220127686731579,0.008441348741988002
1136,0.0011149900700466418,0.052201277315738856,0.008441348742182251
1137,0.0011149900227036963,0.052201277315867975,0.008441348741988002
1138,0.0011149900688630682,0.05220127731599709,0.008441348741988002
1139,0.0011149900232954831,0.05220127731560974,0.008441348741988002
1140,0.001114990069454855,0.05220127731599709,0.008441348742182251
1141,0.0011149900221119095,0.052201276867186674,0.008441348741988002
1142,0.0011149900227036963,0.052201277315738856,0.008441348741988002
1143,0.001114990069454855,0.052201277315867975,0.008441348742182251
1144,0.0011149900227036963,0.052201277315867975,0.008441348741988002
1145,0.001114990069454855,0.052201277315738856,0.008441348741988002
1146,0.0011149900227036963,0.05220127731599709,0.008441348742182251
1147,0.001114990069454855,0.052201276867186674,0.008441348741988002
1148,0.0011149900227036963,0.052201277315738856,0.008441348741988002
1149,0.001114990069454855,0.052201277315867975,0.008441348742182251
1150,0.0011149900227036963,0.05220127731599709,0.008441348741988002
1151,0.05396990094982892,0.07804149814175847,-0.3080490669278964
1152,0.05396990090307776,0.07804149859056887,-0.3080490669277022
1153,0.05396990094982892,0.07804149814175847,-0.3080490669278964
1154,0.05396990094982892,0.07804149859069799,-0.3080490669277022
1155,0.05396990090307776,0.07804149814175847,-0.3080490669278964
1156,0.05396990095042071,0.07804149814188759,-0.3080490669278964
1157,0.053969900949237135,0.07804149859043975,-0.3080490669277022
1158,0.05396990095042071,0.07804149814201669,-0.3080490669278964
1159,0.05396990090307776,0.07804149814175847,-0.3080490669278964
1160,0.05396990094982892,0.07804149859056887,-0.3080490669277022
1161,0.05396990094982892,0.07804149814188759,-0.3080490669278964
1162,0.05396990090307776,0.07804149859043975,-0.3080490669277022
1163,0.05396990094982892,0.07804149814188759,-0.3080490669278964
1164,0.24771719702227418,-0.03367374312149971,0.6645543699314036
1165,0.24771719697552302,-0.033673743570181006,0.6645543699314036
1166,0.2477171970210906,-0.03367374312137059,0.6645543699315979
1167,0.2477171969761148,-0.033673743570181006,0.6645543699314036
1168,0.2477171970216824,-0.03367374312149971,0.6645543699314036
1169,0.21610152942205182,-0.5809165208492556,-0.47453073630011283
1170,0.21610152946821118,-0.5809165212978078,-0.47453073630030707
1171,0.21610152942205182,-0.5809165208492556,-0.47453073630011283
1172,0.08639622664439185,0.06832712943396557,-0.045183273182087154
1173,0.08639622664439185,0.06832712943383647,-0.045183273182087154
1174,0.08639622664439185,0.06832712943383647,-0.045183273182087154
1175,0.0863962265976407,0.06832712988264687,-0.045183273182087154
1176,0.08639622664439185,0.06832712943383647,-0.045183273182087154
1177,0.08639622664439185,0.06832712943396557,-0.045183273182087154
1178,0.08639622664439185,0.06832712943383647,-0.045183273181892906
1179,0.08639622664439185,0.06832712943396557,-0.045183273182087154
1180,0.08639622664439185,0.06832712943383647,-0.045183273182087154
1181,0.0863962265976407,0.06832712988251775,-0.045183273182087154
1182,0.08639622664439185,0.06832712943396557,-0.045183273182087154
1183,0.08639622664380006,0.06832712943383647,-0.045183273182087154
1184,0.08639622664439185,0.06832712943396557,-0.045183273182087154
1185,0.3144613840421882,-0.06314066211906079,-0.01889669380750623
1186,0.31446138408893937,-0.06314066211880257,-0.01889669380750623
1187,0.31446138404337176,-0.06314066211893168,-0.01889669380750623
1188,0.31446138408893937,-0.06314066211893168,-0.01889669380750623
1189,0.3144613840421882,-0.06314066211893168,-0.01889669380750623
1190,0.31446138408953117,-0.06314066211893168,-0.01889669380750623
1191,0.3144613840421882,-0.06314066211906079,-0.01889669380750623
1192,0.31446138408953117,-0.06314066167025038,-0.01889669380750623
1193,0.3144613840421882,-0.06314066211893168,-0.01889669380750623
1194,0.31446138408953117,-0.06314066211893168,-0.01889669380750623
1195,0.3144613840421882,-0.06314066211880257,-0.01889669380750623
1196,0.31446138408893937,-0.06314066211906079,-0.01889669380750623
1197,0.3144613840421882,-0.06314066211880257,-0.01889669380750623
1198,0.31446138408953117,-0.06314066211893168,-0.01889669380750623
1199,0.31446138404278,-0.06314066211893168,-0.01889669380750623
1200,-0.30497150992640853,-0.04770560948166694,-0.01889669380750623
1201,-0.3049715099731597,-0.04770560948166694,-0.01889669380750623
1202,-0.30497150992581673,-0.047705609033114764,-0.01889669380750623
1203,-0.3049715099731597,-0.047705609481537826,-0.01889669380750623
1204,-0.30497150992640853,-0.04770560948166694,-0.01889669380750623
1205,-0.30497150992581673,-0.04770560948166694,-0.01889669380750623
1206,-0.3049715099731597,-0.047705609032985645,-0.01889669380750623
1207,-0.30497150992581673,-0.04770560948166694,-0.01889669380750623
1208,-0.30497150992640853,-0.04770560948166694,-0.01889669380750623
1209,-0.3049715099731597,-0.04770560948166694,-0.01889669380750623
1210,-0.30497150992640853,-0.04770560948166694,-0.01889669380750623
1211,-0.3049715099731597,-0.047705609033114764,-0.01889669380750623
1212,-0.30497150992581673,-0.047705609481537826,-0.01889669380750623
1213,-0.30497150992640853,-0.04770560948166694,-0.01889669380750623
1214,-0.3049715099725679,-0.047705609481537826,-0.01889669380750623
1215,-0.30497150992640853,-0.047705609033114764,-0.01889669380750623
1216,-0.3049715099731597,-0.04770560948166694,-0.01889669380750623
1217,-0.304971509925225,-0.04770560948166694,-0.01889669380750623
1218,0.19728267971196511,0.04074526068136902,0.05433020587871536
1219,0.19728267966521396,0.040745261130050316,0.054330205878909604
1220,0.19728267971255692,0.0407452606812399,0.05433020587871536
1221,0.19728267971255692,0.040745260681498134,0.054330205878909604
1222,0.19728267971255692,0.0407452611299212,0.05433020587871536
1223,0.19728267971196511,0.040745260681498134,0.054330205878909604
1224,0.19728267966580576,0.0407452606812399,0.05433020587871536
1225,0.19728267971255692,0.040745261130050316,0.054330205878909604
1226,0.19728267971255692,0.04074526068136902,0.05433020587871536
1227,0.19728267966580576,0.040745261130179435,0.054330205878909604
1228,0.19728267971196511,0.0407452606812399,0.05433020587871536
1229,0.19728267971255692,0.040745260681498134,0.054330205878909604
1230,0.1972826797131487,0.0407452611299212,0.05433020587871536
1231,0.19728267971137334,0.040745260681498134,0.05433020587871536
1232,0.19728267966639754,0.0407452606812399,0.054330205878909604
1233,0.19728267971196511,0.040745261130050316,0.05433020587871536
1234,0.19728267971255692,0.0407452606812399,0.054330205878909604
1235,0.19728267966580576,0.040745260681498134,0.05433020587871536
1236,0.19728267971255692,0.040745261130050316,0.054330205878909604
1237,0.19728267971196511,0.04074526068136902,0.05433020587871536
1238,0.19728267971255692,0.040745261130050316,0.054330205878909604
1239,0.19728267971255692,0.04074526068136902,0.05433020587871536
1240,0.19728267966580576,0.04074526068136902,0.054330205878909604
1241,0.19728267971255692,0.040745261130050316,0.05433020587871536
1242,0.19728267971196511,0.0407452606812399,0.054330205878909604
1243,0.19728267966580576,0.040745260681498134,0.05433020587871536
1244,0.19728267971255692,0.0407452611299212,0.054330205878909604
1245,0.19728267971255692,0.04074526068136902,0.05433020587871536
1246,0.18097300995501722,-0.29326326584948653,0.1329813203566312
1247,0.18097300990767426,-0.2932632662981678,0.13298132035682544
1248,0.18097300995442542,-0.29326326584961565,0.1329813203566312
1249,0.18097300990826606,-0.2932632662981678,0.13298132035682544
1250,0.18097300995501722,-0.29326326584948653,0.1329813203566312
1251,0.18097300990767426,-0.2932632662981678,0.13298132035682544
1252,0.18097300995501722,-0.2932632658493574,0.1329813203566312
1253,0.18097300990767426,-0.2932632662981678,0.13298132035682544
1254,0.180973009955609,-0.29326326584961565,0.1329813203566312
1255,-0.6416198218971765,-0.3458827640272208,-0.09483570088967208
1256,-0.6416198218954011,-0.34588276402709167,-0.09483570088947782
1257,-0.6416198219427441,-0.3458827635785395,-0.09483570088967208
1258,-0.6416198218965847,-0.3458827640272208,-0.09483570088967208
1259,-0.6416198218965847,-0.34588276402709167,-0.09483570088967208
1260,-0.6416198218954011,-0.3458827640272208,-0.09483570088947782
1261,-0.6416198219433359,-0.3458827635786686,-0.09483570088967208
1262,-0.6416198218965847,-0.34588276402709167,-0.09483570088967208
1263,-0.6416198218954011,-0.34588276402709167,-0.09483570088967208
1264,-0.6416198218965847,-0.3458827640273499,-0.09483570088947782
1265,-0.641619821895993,-0.34588276402709167,-0.09483570088967208
1266,-0.6416198219433359,-0.3458827635785395,-0.09483570088967208
1267,-0.641619821895993,-0.3458827640272208,-0.09483570088947782
1268,-0.641619821895993,-0.3458827640272208,-0.09483570088967208
1269,-0.641619821895993,-0.34588276402709167,-0.09483570088967208
1270,-0.6416198219433359,-0.3458827635785395,-0.09483570088967208
1271,-0.641619821895993,-0.3458827640273499,-0.09483570088947782
1272,-0.641619821895993,-0.34588276402709167,-0.09483570088967208
1273,-0.05300802181318025,-0.07877617013098624,0.20078400525135276
1274,-0.05300802181318025,-0.07877617013085712,0.200784005251547
1275,-0.05300802176642909,-0.07877616968217582,0.20078400525135276
1276,-0.05300802181258846,-0.07877617013098624,0.200784005251547
1277,-0.05300802181318025,-0.07877617013085712,0.20078400525135276
1278,-0.0530080217658373,-0.07877616968230494,0.200784005251547
1279,-0.05300802181318025,-0.07877617013085712,0.20078400525135276
1280,-0.05300802181318025,-0.07877617013098624,0.200784005251547
1281,-0.05300802181258846,-0.07877617013085712,0.20078400525135276
1282,-0.05300802181318025,-0.07877617013098624,0.200784005251547
1283,-0.0530080217658373,-0.07877616968230494,0.20078400525135276
1284,-0.05300802181318025,-0.078776170130728,0.200784005251547
1285,-0.05300802181318025,-0.07877617013098624,0.20078400525135276
1286,-0.05300802176642909,-0.07877616968230494,0.200784005251547
1287,-0.05300802181258846,-0.07877617013085712,0.20078400525135276
1288,-0.05300802181318025,-0.07877617013098624,0.20078400525135276
1289,-0.05300802181258846,-0.07877617013098624,0.200784005251547
1290,-0.05300802181318025,-0.07877617013085712,0.20078400525135276
1291,-0.05300802176642909,-0.07877616968230494,0.200784005251547
1292,-0.05300802181258846,-0.07877617013085712,0.20078400525135276
1293,-0.05300802181318025,-0.07877617013085712,0.200784005251547
1294,-0.05300802176642909,-0.07877616968230494,0.20078400525135276
1295,-0.05300802181258846,-0.07877617013098624,0.200784005251547
1296,-0.05300802181318025,-0.07877617013098624,0.20078400525135276
1297,-0.05300802181258846,-0.078776170130728,0.200784005251547
1298,-0.05300802181318025,-0.07877617013098624,0.20078400525135276
1299,-0.05300802176642909,-0.07877616968230494,0.200784005251547
1300,-0.05300802181258846,-0.07877617013085712,0.20078400525135276
1301,-1.3471175887162399,-1.001872504027336,0.4367373486851003
1302,-1.3471175886688969,-1.0018725040274652,0.4367373486851003
1303,-1.3471175887162399,-1.001872504027207,0.4367373486851003
1304,-0.13518366567083,-1.1386831985716066,-0.13280520443056076
1305,-0.13518366562467066,-1.138683198122667,-0.132805204430755
1306,-0.13518366567083,-1.138683198122796,-0.132805204430755
1307,-0.13518366567142182,-1.1386831985714774,-0.13280520443056076
1308,-0.13518366562407885,-1.1386831985714774,-0.13280520443056076
1309,-0.13518366567142182,-1.138683198122796,-0.132805204430755
1310,-0.5084241854477702,-0.9018954578933766,0.06653468915997891
1311,-0.5084241854016109,-0.9018954578936348,0.06653468915978467
1312,-0.5084241854489538,-0.901895458342187,0.06653468915978467
1313,-0.5084241854483621,-0.9018954578936348,0.06653468915997891
1314,-1.4700674070153779,-0.47567752539114966,-0.47453073630011283
1315,-1.4700674069686266,-0.4756775253912788,-0.47453073630030707
1316,-1.4700674070147859,-0.4756775253912788,-0.47453073630011283
1317,-1.1012179521179641,-0.5388209226658582,-0.01889669380750623
1318,-1.3119890692018623,-0.4125341276677597,3.0566330930178798
1319,-1.6808385240525248,-0.22310393584324645,-2.4109754168937876
1320,-1.891609641136423,-0.4756775253912788,-1.044073289415968
1321,-1.364681848472837,-0.8545379099372805,2.0314564974092235
1322,0.0771842023000853,-0.3780922748536099,0.10536713596329295
1323,0.0771842023000853,-0.3780922744046704,0.1053671359630987
1324,0.07718420225274236,-0.3780922748534808,0.10536713596329295
1325,0.0771842023000853,-0.3780922748534808,0.10536713596329295
1326,0.07718420229949352,-0.3780922748534808,0.1053671359630987
1327,0.07718420229949352,-0.37809227440479953,0.10536713596329295
1328,0.0771842023000853,-0.3780922748533517,0.1053671359630987
1329,0.0771842023000853,-0.3780922748534808,0.10536713596329295
1330,0.07718420225333414,-0.3780922748536099,0.10536713596329295
1331,0.07718420229949352,-0.3780922744046704,0.1053671359630987
1332,0.0771842023000853,-0.3780922748533517,0.10536713596329295
1333,0.16340875019782844,-0.15996053811985653,0.6645543699314036
1334,-0.36351904246516575,-0.03367374312149971,-1.7275243531548778
1335,-0.20544070465283396,-0.002102044932697571,0.15196607212726979
1336,-0.20544070469899334,-0.002102044484145394,0.15196607212726979
1337,-0.2581334839226249,0.4083300391482793,3.0566330930176853
1338,-0.5742901595484722,0.5977602309726635,-2.06924988502443
1339,-0.13518366567083,-0.14943663857394263,-0.36062222567705826
1340,-0.13518366562467066,-0.14943663857394263,-0.360622225676864
1341,-0.13518366562348708,-0.14943663857394263,-0.360622225676864
1342,-0.1351836656720136,-0.14943663857407175,-0.36062222567705826
1343,-0.13518366567083,-0.14943663857394263,-0.36062222567705826
1344,-0.13518366562407885,-0.14943663857394263,-0.360622225676864
1345,-0.5215973802313382,-0.22310393584324645,-1.7275243531548778
1346,0.5849509842721224,-0.4756775253912788,2.0314564974092235
1347,1.7441921280933088,-0.6019643199408251,-0.7023477575464161
1348,2.850740492595586,-0.22310393584324645,0.3228288380620458
1349,1.954963245129864,-0.1599605381197274,1.6897309655398656
1350,1.2172643354770658,-0.22310393539469428,-1.7275243531548778
1351,-1.1749878431070337,0.7051040065193731,-0.2922771193030313
1352,-1.1749878431537848,0.7051040069679253,-0.2922771193032256
1353,-1.1749878431070337,0.7051040065195022,-0.2922771193030313
1354,-1.1749878431070337,0.7051040069679253,-0.2922771193030313
1355,-1.1749878431076255,0.7051040065193731,-0.2922771193032256
1356,-1.174987843153193,0.7051040065195022,-0.2922771193030313
1357,-1.174987843106442,0.7051040069679253,-0.2922771193030313
1358,-1.1749878431070337,0.705104006519244,-0.2922771193030313
1359,-1.1749878431537848,0.7051040069680544,-0.2922771193032256
1360,-1.1749878431070337,0.7051040065195022,-0.2922771193030313
1361,-0.3898654320772775,-0.002102044484145394,-0.5314849916116401
1362,-0.3898654321246204,-0.002102044484145394,-0.5314849916118344
1363,-0.841517825760855,-0.23663466376656825,0.15196607212726979
1364,-0.8415178258087898,-0.23663466331801605,0.15196607212726979
1365,-0.8415178257614468,-0.23663466376656825,0.15196607212707552
1366,-0.841517825760855,-0.23663466376669737,0.15196607212726979
1367,-0.841517825808198,-0.23663466331788693,0.15196607212726979
1368,-0.8415178257620386,-0.23663466376669737,0.15196607212726979
1369,-0.8415178258087898,-0.23663466331788693,0.15196607212707552
1370,-0.8415178257614468,-0.23663466376669737,0.15196607212726979
1371,-0.841517825760855,-0.23663466376656825,0.15196607212726979
1372,-0.8415178258087898,-0.23663466331801605,0.15196607212726979
1373,-0.841517825760855,-0.23663466376656825,0.15196607212726979
1374,-0.8415178257614468,-0.23663466376669737,0.15196607212707552
1375,-0.8415178258087898,-0.23663466331801605,0.15196607212726979
1376,-0.8415178257620386,-0.23663466376656825,0.15196607212726979
1377,-1.0447614029421364,0.6158012016866959,-0.09212359349372781
1378,-1.0447614029433199,0.6158012016868251,-0.09212359349392206
1379,-1.0447614029421364,0.6158012016866959,-0.09212359349372781
1380,-1.0447614029433199,0.6158012021353773,-0.09212359349392206
1381,-1.0447614029427281,0.6158012016868251,-0.09212359349372781
1382,-1.0447614029427281,0.6158012016866959,-0.09212359349392206
1383,-1.0447614029427281,0.6158012016865668,-0.09212359349372781
1384,-1.0447614028965688,0.6158012016868251,-0.09212359349372781
1385,-1.0447614029427281,0.6158012016868251,-0.09212359349392206
1386,-1.0447614029433199,0.6158012016866959,-0.09212359349372781
1387,-1.0447614029421364,0.6158012021353773,-0.09212359349392206
1388,-1.0447614029427281,0.6158012016868251,-0.09212359349372781
1389,-1.0447614029433199,0.6158012016868251,-0.09212359349392206
1390,-1.0447614029421364,0.6158012016865668,-0.09212359349372781
1391,-0.6738209647764791,-0.08980120766480604,-0.05686619734858915
1392,-0.6738209648232303,-0.08980120766480604,-0.05686619734858915
1393,-0.6738209647764791,-0.08980120766493514,-0.05686619734858915
1394,-0.6738209647758874,-0.08980120766480604,-0.05686619734858915
1395,-0.6738209648226385,-0.08980120766493514,-0.056866197348394903
1396,-0.6738209647758874,-0.08980120766493514,-0.05686619734858915
1397,-0.6738209647764791,-0.08980120766480604,-0.05686619734858915
1398,-0.6738209648232303,-0.08980120766493514,-0.05686619734858915
1399,-0.6738209647764791,-0.08980120766493514,-0.05686619734858915
1400,-0.890446835080817,-1.5175435831176083,-0.7023477575464161
1401,-0.8904468351275682,-1.5175435831176083,-0.7023477575464161
1402,-0.7850612765394598,-1.359685089033345,1.6897309655398656
1403,-1.0485251728937406,-1.4228284872055452,0.6645543699314036
1404,-1.2066035107078479,-1.422828486756735,-0.01889669380750623
1405,-1.3119890692018623,-1.4859718840315728,-0.7023477575464161
1406,-1.3119890692012706,-1.1702548972089608,1.3480054336703133
1407,-0.9958323936239497,-1.1071114994853128,-0.01889669380750623
1408,-0.995832393623358,-1.1071114999341232,-0.01889669380750623
1409,-0.6269829387726955,-1.1071114994853128,-1.7275243531548778
1410,-0.556725899745124,-0.9387291067526273,0.8923713911777069
1411,-0.5567258997918751,-0.9387291063036878,0.8923713911779011
1412,-0.5567258997457157,-0.9387291067526273,0.8923713911777069
1413,-0.6796757180442619,-0.8545379099375388,-1.3857988212855201
1414,-0.890446835080817,-0.8545379099372805,-2.4109754168937876
1415,-0.8377540558565937,-1.0439681022106042,1.0062799018009556
1416,-0.8377540558104343,-1.0439681022106042,-1.385798821285326
1417,-0.7323684973152363,-1.1702548967600213,-4.803054139980264
1418,-0.6211281855049128,-1.0439681022107332,0.17095082389771413
1419,-0.6211281855522557,-1.043968102210475,0.17095082389771413
1420,-0.6211281855055045,-1.0439681022106042,0.17095082389790836
1421,-0.6211281855516639,-1.0439681022106042,0.17095082389771413
1422,-0.6211281855049128,-1.0439681026590273,0.17095082389771413
1423,-0.6211281855528475,-1.0439681022107332,0.17095082389771413
1424,-0.621128185504321,-1.043968102210475,0.17095082389790836
1425,-0.6211281855522557,-1.0439681022106042,0.17095082389771413
1426,-0.6211281855055045,-1.043968102210475,0.17095082389771413
1427,-0.8728825753242201,-1.528067482663522,0.7215086252429308
1428,-0.8728825753709712,-1.5280674822148408,0.7215086252431251
1429,-0.8728825753242201,-1.528067482663522,0.7215086252431251
1430,-0.8728825753242201,-1.528067482663522,0.7215086252429308
1431,-0.8728825753703794,-1.5280674822147118,0.7215086252429308
1432,-0.8728825753248118,-1.528067482663522,0.7215086252431251
1433,-1.4964137966274895,-1.9279756663013516,-1.044073289415968
1434,-1.4964137966268976,-1.9279756663013516,-1.044073289415968
1435,0.005330412384904826,-1.0250250832076382,0.3228288380620458
1436,0.005330412384904826,-1.0250250827588279,0.3228288380618516
1437,0.005330412384904826,-1.0250250832076382,0.3228288380620458
1438,0.005330412384904826,-1.0250250827588279,0.3228288380618516
1439,0.005330412384904826,-1.0250250832075092,0.3228288380620458
1440,0.005330412384904826,-1.0250250832077674,0.3228288380620458
1441,0.005330412384904826,-1.0250250827588279,0.3228288380618516
1442,0.005330412384904826,-1.0250250832075092,0.3228288380620458
1443,0.005330412384904826,-1.025025082759086,0.3228288380618516
1444,0.005330412384904826,-1.0250250832075092,0.3228288380620458
1445,0.1370623605383738,-0.6019643199408251,-2.4109754168937876
1446,0.13706236053955737,-0.6019643203895064,-2.4109754168937876
1447,0.26879430869361814,-0.8545379099375388,2.3731820292787758
1448,0.32148708796340913,-1.0439681022106042,1.0062799018009556
1449,0.3741798672349755,-1.296541691758378,1.0062799018009556
1450,0.532258205001148,-1.2333982944835404,-1.044073289415968
1451,0.47956542577633277,-1.1702548972089608,-1.044073289415968
1452,0.47956542577633277,-1.0755398008479584,-0.360622225676864
1453,0.47956542573076516,-1.0755398012966397,-0.36062222567705826
1454,0.47956542577692457,-0.9808247044870851,-0.01889669380750623
1455,0.42687264650595,-0.9176813076610578,1.3480054336703133
1456,0.5849509842715307,-0.8545379099374096,1.6897309655398656
1457,0.6376437635436888,-0.7913945122137614,-0.7023477575464161
1458,0.6903365428134798,-0.7913945126625719,-1.385798821285326
1459,0.5915375817106576,-0.43621290209461816,0.3228288380620458
1460,0.5915375816621311,-0.4362129016458077,0.3228288380618516
1461,0.5915375817106576,-0.4362129020942308,0.3228288380620458
1462,0.5915375816633146,-0.4362129016458077,0.3228288380620458
1463,0.5915375817100658,-0.43621290209448904,0.3228288380618516
1464,0.5915375817100658,-0.43621290209461816,0.3228288380620458
1465,0.5915375816633146,-0.4362129016458077,0.3228288380618516
1466,0.5915375817100658,-0.4362129020942308,0.3228288380620458
1467,0.9011076598512185,-0.2862473331179551,2.0314564974092235
1468,0.7166829324261832,-0.8019184122084858,-0.30366797036533677
1469,0.7166829324723426,-0.8019184117598045,-0.303667970365531
1470,0.7166829324261832,-0.8019184122083567,-0.30366797036533677
1471,0.716682932426775,-0.8019184122084858,-0.30366797036533677
1472,0.7166829324723426,-0.8019184117598045,-0.303667970365531
1473,0.7166829324255914,-0.8019184122083567,-0.30366797036533677
1474,0.3566156074777867,-0.8124423117542705,1.6897309655398656
1475,0.3566156074783785,-0.8124423113055892,1.6897309655398656
1476,0.3566156074783785,-0.8124423117542705,1.6897309655398656
1477,0.2477171970210906,-0.7029937561188282,-0.5656575447987507
1478,0.24771719697552302,-0.7029937561189573,-0.5656575447985565
1479,0.2477171970216824,-0.7029937556704051,-0.5656575447987507
1480,0.24771719697552302,-0.7029937561189573,-0.5656575447985565
1481,0.2477171970216824,-0.7029937561189573,-0.5656575447987507
1482,-0.08249088639985548,-0.7913945126624428,1.3480054336705076
1483,-0.08249088639985548,-0.7913945122141488,1.3480054336703133
1484,-0.08249088639985548,-0.7913945126624428,1.3480054336705076
1485,-0.5347705750610655,-0.7124652656205693,-0.06161238529115167
1486,-0.5347705750604738,-0.7124652660689924,-0.06161238529115167
1487,-0.5347705750604738,-0.7124652656203111,-0.061612385291345925
1488,-0.5347705751078167,-0.7124652656205693,-0.06161238529115167
1489,-0.5347705750604738,-0.7124652656205693,-0.06161238529115167
1490,-0.5347705750604738,-0.7124652656203111,-0.061612385291345925
1491,-0.5347705750610655,-0.7124652660691215,-0.06161238529115167
1492,-0.534770575059882,-0.7124652656204402,-0.06161238529115167
1493,-0.8588311675285294,-0.34939073039279284,-0.15558690655536592
1494,-0.8588311675279376,-0.3493907303930511,-0.15558690655517166
1495,-0.8588311675746888,-0.34939073039292196,-0.15558690655536592
1496,-0.8588311675273459,-0.3493907303926637,-0.15558690655517166
1497,-0.8588311675285294,-0.3493907303931802,-0.15558690655536592
1498,-0.995832393623358,-0.28624733311782596,-3.777877544371802
1499,-1.0485251728943326,-0.3493907303931802,-1.044073289415968
1500,-1.1539107313889385,-0.4125341281161828,3.0566330930178798
1501,-0.8670278221025968,-0.440597859939542,0.05704231327465961
1502,-0.8670278221037803,-0.44059786038796506,0.057042313274465364
1503,-0.8670278220564374,-0.44059785993941286,0.05704231327465961
1504,-0.8670278221025968,-0.440597859939542,0.05704231327465961
1505,-0.8670278221025968,-0.4405978603880942,0.057042313274465364
1506,-0.8670278221037803,-0.4405978599391546,0.05704231327465961
1507,-0.8670278220564374,-0.4405978599396711,0.05704231327465961
1508,-0.8670278221025968,-0.4405978603880942,0.057042313274465364
1509,-0.8670278221031885,-0.44059785993928374,0.05704231327465961
1510,-0.9650949390370336,-0.38622437880323324,-0.3890993533328219
1511,-0.965094939083193,-0.3862243792517854,-0.3890993533328219
1512,-0.9650949390364418,-0.38622437880323324,-0.38909935333262763
1513,-0.9650949390370336,-0.38622437880323324,-0.3890993533328219
1514,-0.9650949390837847,-0.3862243792517854,-0.3890993533328219
1515,-0.9650949390364418,-0.3862243788034915,-0.38909935333262763
1516,-0.9650949390370336,-0.386224378802975,-0.3890993533328219
1517,-0.965094939083193,-0.3862243792519145,-0.3890993533328219
1518,-0.9650949390370336,-0.3862243788031041,-0.3890993533328219
1519,-0.9650949390358501,-0.38622437880336236,-0.3890993533328219
1520,-0.9650949390837847,-0.3862243792517854,-0.38909935333262763
1521,-0.9650949390370336,-0.38622437880323324,-0.3890993533328219
1522,-0.7639841648681158,-0.46936318557401996,-0.12141435336844955
1523,-0.7639841648681158,-0.46936318557401996,-0.1214143533682553
1524,-0.7639841648681158,-0.4693631855741491,-0.1214143533682553
1525,-0.7639841648687076,-0.4693631855737617,-0.12141435336844955
1526,-0.7639841648681158,-0.46936318557401996,-0.12141435336844955
1527,-0.7639841648213647,-0.46936318557401996,-0.1214143533682553
1528,-0.7639841648681158,-0.4693631855741491,-0.1214143533682553
1529,-0.7639841648687076,-0.4693631855737617,-0.12141435336844955
1530,-0.7639841648687076,-0.46936318557401996,-0.12141435336844955
1531,-0.7639841648681158,-0.46936318557401996,-0.1214143533682553
1532,0.3566156074783785,-0.6440599185726456,0.6645543699314036
1533,0.3566156074771949,-0.6440599181240934,0.6645543699315979
1534,0.3566156074783785,-0.6440599185726456,0.6645543699314036
1535,0.6376437635425052,-0.6651077176643442,-2.06924988502443
1536,0.43272739972816515,-0.8405060440260528,-0.05686619734858915
1537,0.43272739977314095,-0.8405060435771132,-0.05686619734858915
1538,0.43272739972698154,-0.8405060440260528,-0.056866197348394903
1539,0.43272739977314095,-0.8405060435772423,-0.05686619734858915
1540,0.43272739972757335,-0.8405060440257945,-0.05686619734858915
1541,0.4327273997743245,-0.8405060435773715,-0.05686619734858915
1542,0.4327273997263898,-0.8405060440259237,-0.056866197348394903
1543,0.4327273997737327,-0.8405060435773715,-0.05686619734858915
1544,0.43272739972698154,-0.8405060440257945,-0.05686619734858915
1545,0.3214870879640009,-0.8545379099372805,-1.044073289415968
1546,0.18975513980994013,-0.9492530062984121,1.6897309655398656
1547,0.18975513980994013,-0.9492530058497308,1.6897309655398656
1548,0.16340875015107728,-0.9808247049357665,1.6897309655398656
1549,0.16340875019782844,-0.980824704486956,-1.7275243531548778
1550,0.16340875015107728,-1.1071114999341232,-2.06924988502443
1551,0.2850074715627957,-0.95168159836319,0.16510936181456023
1552,0.28500747156457107,-0.9516815983630609,0.16510936181456023
1553,0.28500747151663636,-0.95168159836319,0.16510936181456023
1554,0.2850074715633875,-0.9516815979146378,0.165109361814366
1555,0.2850074715633875,-0.9516815983630609,0.16510936181456023
1556,0.2850074715633875,-0.95168159836319,0.16510936181456023
1557,0.28500747151722816,-0.9516815983630609,0.16510936181456023
1558,0.2850074715627957,-0.95168159836319,0.16510936181456023
1559,0.2850074715639793,-0.9516815983630609,0.16510936181456023
1560,0.2850074715639793,-0.9516815979146378,0.165109361814366
1561,0.28500747151663636,-0.9516815983630609,0.16510936181456023
1562,0.2850074715639793,-0.95168159836319,0.16510936181456023
1563,0.2850074715627957,-0.95168159836319,0.16510936181456023
1564,0.354420075014056,-0.8466449852781033,0.2373974550945607
1565,0.35442007501464773,-0.8466449852781033,0.2373974550945607
1566,0.354420075014056,-0.8466449852779742,0.2373974550945607
1567,0.3544200750134642,-0.8466449848294221,0.2373974550945607
1568,0.3544200749673048,-0.8466449852782324,0.23739745509475493
1569,0.35442007501464773,-0.8466449852779742,0.2373974550945607
1570,0.35442007501464773,-0.8466449852781033,0.2373974550945607
1571,0.3544200750134642,-0.8466449852782324,0.2373974550945607
1572,-0.04736236688547792,-0.8545379099371514,-1.7275243531548778
1573,-0.19328083253468262,-0.941967229655268,0.1125362030653984
1574,-0.19328083253468262,-0.9419672292064576,0.1125362030653984
1575,-0.19328083253409084,-0.941967229655268,0.1125362030653984
1576,-0.19328083253409084,-0.9419672292067158,0.11253620306520415
1577,-0.19328083253409084,-0.9419672296550098,0.1125362030653984
1578,-0.19328083253468262,-0.9419672292064576,0.1125362030653984
1579,-0.19328083248793146,-0.941967229655268,0.1125362030653984
1580,-0.19328083253409084,-0.9419672292067158,0.1125362030653984
1581,-0.19328083253409084,-0.9419672296550098,0.1125362030653984
1582,-0.19328083253409084,-0.9419672292064576,0.11253620306520415
1583,-0.19328083253468262,-0.941967229655268,0.1125362030653984
1584,-0.19328083253468262,-0.9419672292064576,0.1125362030653984
1585,-0.19328083253409084,-0.941967229655268,0.1125362030653984
1586,-0.12113225782779644,-0.8082327520256154,0.026666710441715574
1587,-0.1211322578745476,-0.808232751576805,0.026666710441715574
1588,-0.12113225782779644,-0.8082327520257445,0.026666710441909824
1589,-0.12113225787573116,-0.8082327515769341,0.026666710441715574
1590,-0.12113225782779644,-0.8082327520256154,0.026666710441715574
1591,-0.1211322578745476,-0.8082327515770632,0.026666710441715574
1592,-0.12113225782720465,-0.8082327520256154,0.026666710441715574
1593,-0.12113225787513938,-0.8082327515769341,0.026666710441909824
1594,-0.12113225782838823,-0.8082327520257445,0.026666710441715574
1595,-0.1211322578745476,-0.8082327515769341,0.026666710441715574
1596,-0.12113225782779644,-0.8082327520257445,0.026666710441715574
1597,-0.12113225787513938,-0.808232751576805,0.026666710441715574
1598,-0.12113225782838823,-0.8082327520257445,0.026666710441909824
1599,-0.1211322578739558,-0.8082327515769341,0.026666710441715574
1600,-0.12113225782779644,-0.8082327520254863,0.026666710441715574
1601,-0.2581334839238085,-0.8982525697965325,0.1125362030653984
1602,-0.2581334839226249,-0.8982525697961451,0.1125362030653984
1603,-0.2581334839238085,-0.8982525693477221,0.1125362030653984
1604,-0.2581334839699679,-0.8982525697962742,0.11253620306520415
1605,-0.2581334839226249,-0.8982525697964033,0.1125362030653984
1606,-0.2581334839238085,-0.8982525697962742,0.1125362030653984
1607,-0.2581334839232167,-0.8982525693477221,0.1125362030653984
1608,-0.25813348392203317,-0.8982525697962742,0.1125362030653984
1609,-0.2581334839238085,-0.8982525697961451,0.1125362030653984
1610,-0.2581334839699679,-0.8982525697965325,0.11253620306520415
1611,-0.2581334839226249,-0.8982525693474639,0.1125362030653984
1612,-0.2581334839232167,-0.8982525697964033,0.1125362030653984
1613,-0.2581334839238085,-0.8982525697962742,0.1125362030653984
1614,-0.28245322820567875,-0.8545379099375388,-0.09775643193124901
1615,-0.282453228205087,-0.8545379099374096,-0.09775643193124901
1616,-0.28245322820567875,-0.8545379099372805,-0.09775643193124901
1617,-0.28245322820567875,-0.8545379099376679,-0.09775643193105477
1618,-0.28245322820567875,-0.8545379099374096,-0.09775643193124901
1619,-0.28245322820567875,-0.8545379099372805,-0.09775643193124901
1620,-0.2824532282524299,-0.8545379094887283,-0.09775643193124901
1621,-0.28245322820567875,-0.8545379099374096,-0.09775643193124901
1622,-0.28245322820567875,-0.8545379099376679,-0.09775643193124901
1623,-0.28245322820567875,-0.8545379099372805,-0.09775643193105477
1624,-0.28245322820567875,-0.8545379099375388,-0.09775643193124901
1625,-0.28245322820567875,-0.8545379099374096,-0.09775643193124901
1626,-0.28245322820567875,-0.8545379099374096,-0.09775643193124901
1627,-0.34156371778051553,-0.7703467135710024,-0.047373821463269856
1628,-0.34156371778110733,-0.7703467131223211,-0.047373821463269856
1629,-0.34156371773376437,-0.7703467131224502,-0.047373821463269856
1630,-0.3415637177799237,-0.7703467135711315,-0.04737382146346411
1631,-0.34156371778051553,-0.7703467135710024,-0.047373821463269856
1632,-0.34156371773376437,-0.7703467131221919,-0.047373821463269856
1633,-0.34156371778110733,-0.7703467131223211,-0.047373821463269856
1634,-0.3415637177799237,-0.7703467135711315,-0.047373821463269856
1635,-0.34156371778110733,-0.7703467135710024,-0.04737382146346411
1636,-0.3415637177799237,-0.7703467131223211,-0.047373821463269856
1637,-0.34156371773376437,-0.7703467131221919,-0.047373821463269856
1638,-0.34156371778110733,-0.7703467135711315,-0.047373821463269856
1639,-0.5918544192589097,-0.559868721757557,0.3228288380620458
1640,-0.5918544192595016,-0.5598687222063673,0.3228288380618516
1641,-0.5918544192589097,-0.5598687217576861,0.3228288380620458
1642,-0.5742901595484722,-0.7913945126624428,-0.01889669380750623
1643,-0.2581334839238085,-0.8545379099376679,-0.36062222567705826
1644,-0.36351904246457395,-0.8703237592561514,-0.2751908427095731
1645,-0.3635190424184146,-0.8703237592560222,-0.2751908427097674
1646,-0.36351904246575756,-0.8703237592560222,-0.2751908427095731
1647,-0.3635190424639822,-0.8703237592562805,-0.2751908427095731
1648,-0.4162118217367321,-0.7282511149391819,-1.385798821285326
1649,-0.5215973802774976,-0.8545379099374096,3.3983586248872375
1650,-0.5742901595023128,-0.9808247049357665,-5.144779671849622
1651,-0.5742901595023128,-1.043968102210346,2.0314564974094176
1652,-0.6796757180442619,-0.9808247049358956,-0.7023477575466104
1653,-0.6269829387732873,-0.8545379099374096,2.7149075611483275
1654,-0.67967571804367,-0.7282511149391819,-2.069249885024236
1655,-0.6796757180442619,-0.6019643203895064,-0.36062222567705826
1656,-0.7323684973152363,-0.7282511149391819,2.0314564974094176
1657,-0.6269829387732873,-0.8545379099374096,-3.777877544371802
1658,-0.574290159501721,-0.8545379099372805,-1.7275243531548778
1659,-0.7323684973152363,-0.728251114939311,4.423535220495699
1660,-0.6375214946554145,-0.7029937561189573,-0.6340026511725834
1661,-0.6375214946086634,-0.7029937561189573,-0.6340026511725834
1662,-0.6375214946560064,-0.7029937561188282,-0.6340026511725834
1663,-0.6375214946080716,-0.7029937561189573,-0.6340026511725834
1664,-0.6375214946560064,-0.7029937561189573,-0.6340026511725834
1665,-0.41621182168879733,-0.6651077176643442,-1.385798821285326
1666,-0.36351904246516575,-0.7913945122138906,1.0062799018009556
1667,-0.20544070469899334,-0.9808247049357665,3.3983586248872375
1668,-0.047362366838726765,-1.0439681022106042,-0.7023477575464161
1669,-0.09346854871910092,-0.9255742318715536,-0.31790653419321857
1670,-0.09346854876585207,-0.925574232320235,-0.3179065341934128
1671,-0.09346854871910092,-0.9255742318715536,-0.3179065341934128
1672,-0.09346854876526028,-0.9255742323203641,-0.31790653419321857
1673,-0.09346854871910092,-0.9255742318716828,-0.31790653419321857
1674,-0.09346854871850913,-0.9255742318715536,-0.3179065341934128
1675,-0.09346854876585207,-0.9255742323203641,-0.3179065341934128
1676,-0.09346854871910092,-0.9255742318715536,-0.31790653419321857
1677,-0.10005514615763604,-1.0439681022106042,2.0314564974094176
1678,-0.2581334839226249,-1.1071114994853128,-3.777877544371802
1679,-0.36351904246516575,-1.1702548972089608,-1.0440732894157738
1680,-0.6796757180442619,-1.043968102210346,0.3228288380618516
1681,-0.5072266222481837,-0.8947200720027711,0.012169263635145
1682,-0.5072266222949349,-0.8947200720027711,0.012169263635145
1683,-0.507226622247592,-0.8947200715543481,0.012169263635339248
1684,-0.5072266222955267,-0.8947200720025129,0.012169263635145
1685,-0.5072266222481837,-0.8947200720029003,0.012169263635145
1686,-0.5072266222949349,-0.8947200720027711,0.012169263635145
1687,-0.5072266222481837,-0.8947200720025129,0.012169263635145
1688,-0.5072266222955267,-0.8947200720029003,0.012169263635145
1689,-0.5072266222481837,-0.8947200715539607,0.012169263635339248
1690,-0.5072266222943431,-0.8947200720029003,0.012169263635145
1691,-0.5072266222487756,-0.8947200720027711,0.012169263635145
1692,-0.38986543207668567,-0.9808247049357665,0.6645543699314036
1693,-0.3898654320772775,-0.9808247044868269,0.6645543699315979
1694,-0.3898654321246204,-0.9808247049357665,0.6645543699314036
1695,-0.38986543207668567,-0.9808247049357665,0.6645543699314036
1696,-0.7323684973152363,-0.6651077176643442,-1.044073289415968
1697,-0.8377540558098425,-0.5388209226661165,-3.0944264806328916
1698,-0.7850612765862109,-0.5177731235744178,0.09501181681574254
1699,-0.7850612765388679,-0.5177731235742887,0.0950118168155483
1700,-0.7850612765868027,-0.517773123574547,0.09501181681574254
1701,-0.6269829387726955,-0.5388209231146687,-1.044073289415968
1702,-0.5215973802780893,-0.6651077172156629,3.7400841567567893
1703,-0.6480600504907906,-0.6714220574814739,-0.5656575447987507
1704,-0.6480600504913824,-0.671422057481603,-0.5656575447985565
1705,-0.6480600504440395,-0.6714220570327926,-0.5656575447987507
1706,-0.6480600504907906,-0.6714220574814739,-0.5656575447985565
1707,-0.6480600504901989,-0.671422057481603,-0.5656575447987507
1708,-0.6480600504913824,-0.6714220574814739,-0.5656575447987507
1709,-0.6480600504913824,-0.6714220574814739,-0.5656575447985565
1710,-0.6480600504434477,-0.6714220570330508,-0.5656575447987507
1711,-0.6480600504907906,-0.6714220574814739,-0.5656575447985565
1712,-0.6480600504907906,-0.671422057481603,-0.5656575447987507
1713,-0.6972399778020424,-0.6651077176643442,0.12348894447150616
1714,-0.6972399778008588,-0.6651077176640859,0.12348894447131191
1715,-0.6972399778008588,-0.6651077176643442,0.12348894447150616
1716,-0.6972399778014506,-0.6651077176643442,0.12348894447150616
1717,-0.6972399778008588,-0.6651077176643442,0.12348894447131191
1718,-0.6972399777541076,-0.6651077172156629,0.12348894447150616
1719,-0.6972399778008588,-0.6651077176643442,0.12348894447150616
1720,-0.6972399778008588,-0.6651077176643442,0.12348894447131191
1721,-0.6972399778008588,-0.6651077176643442,0.12348894447150616
1722,-0.6972399778020424,-0.6651077176643442,0.12348894447150616
1723,-0.6972399778008588,-0.6651077176643442,0.12348894447131191
1724,-0.6972399778008588,-0.6651077176640859,0.12348894447150616
1725,-0.3594657517591153,-0.6213930578056087,0.08624962369081748
1726,-0.3594657517597071,-0.6213930578054796,0.08624962369081748
1727,-0.35946575171177236,-0.6213930578053505,0.08624962369081748
1728,-0.3594657517591153,-0.6213930578054796,0.08624962369081748
1729,-0.3594657517597071,-0.6213930578054796,0.08624962369081748
1730,-0.3594657517585235,-0.6213930578053505,0.08624962369081748
1731,-0.3594657517129559,-0.6213930582541608,0.08624962369062324
1732,-0.3594657517591153,-0.6213930578054796,0.08624962369081748
1733,-0.3594657517591153,-0.6213930578053505,0.08624962369081748
1734,-0.3594657517591153,-0.6213930578054796,0.08624962369081748
1735,-0.35946575171236417,-0.6213930578054796,0.08624962369081748
1736,-0.3594657517591153,-0.6213930578056087,0.08624962369081748
1737,-0.3594657517591153,-0.6213930578053505,0.08624962369081748
1738,-0.3986475619789515,-0.7212351822076505,0.1329813203566312
1739,-0.3986475619795433,-0.7212351817589692,0.13298132035682544
1740,-0.39864756193160855,-0.7212351822077796,0.1329813203566312
1741,-0.3986475619789515,-0.7212351817589692,0.1329813203566312
1742,-0.3986475619795433,-0.7212351822079087,0.13298132035682544
1743,-0.3986475619783597,-0.7212351817589692,0.1329813203566312
1744,-0.39864756193279216,-0.7212351822075214,0.1329813203566312
1745,-0.3986475619783597,-0.7212351817592274,0.13298132035682544
1746,-0.3986475619801351,-0.7212351822076505,0.1329813203566312
1747,-0.02979810712828915,-0.5809165212978078,0.09501181681574254
1748,-0.02979810712947272,-0.5809165208493847,0.0950118168155483
1749,-0.029798107128880938,-0.5809165212978078,0.09501181681574254
1750,-0.047362366886069714,-0.8545379099374096,3.740084156756595
1751,0.058023191655879366,-0.9176813072122474,-1.385798821285326
1752,-0.047362366886069714,-0.9808247049357665,-2.06924988502443
1753,-0.1000551461102931,-0.9176813072122474,1.0062799018009556
1754,-0.05546894829757882,-1.0731112087833097,0.4016885761857886
1755,-0.0554689482981706,-1.0731112087830514,0.4016885761855944
1756,-0.0554689482981706,-1.0731112087831807,0.4016885761857886
1757,-0.05546894834492176,-1.0731112087831807,0.4016885761855944
1758,-0.05546894829757882,-1.0731112087830514,0.4016885761857886
1759,-0.05546894829876239,-1.0731112087830514,0.4016885761855944
1760,-0.05546894829757882,-1.0731112083344994,0.4016885761857886
1761,-0.05546894829757882,-1.0731112087831807,0.4016885761855944
1762,-0.0554689482981706,-1.0731112087830514,0.4016885761857886
1763,-0.05546894834492176,-1.0731112087833097,0.4016885761855944
1764,-0.0554689482981706,-1.0731112087831807,0.4016885761857886
1765,-0.05546894829757882,-1.0731112087830514,0.4016885761855944
1766,-0.0554689482981706,-1.0731112087831807,0.4016885761857886
1767,-0.047362366886069714,-0.8545379099372805,-1.4997073319085747
1768,-0.047362366886069714,-0.8545379099375388,-1.4997073319085747
1769,-0.047362366886069714,-0.8545379099374096,-1.4997073319085747
1770,-0.4530967672303792,-0.8924239483920227,0.8012445826792632
1771,-0.45309676718362807,-0.8924239483922809,0.8012445826792632
1772,-0.45309676718362807,-0.8924239483918935,0.8012445826790691
1773,-0.4530967672303792,-0.8924239483921518,0.8012445826792632
1774,-0.4530967672303792,-0.8924239483920227,0.8012445826792632
1775,-0.4530967671842199,-0.8924239483918935,0.8012445826792632
1776,-0.45309676718303626,-0.8924239483922809,0.8012445826792632
1777,-0.4530967672297874,-0.8924239483920227,0.8012445826790691
1778,-0.45309676723097103,-0.8924239483920227,0.8012445826792632
1779,-0.45309676718362807,-0.8924239483920227,0.8012445826792632
1780,-0.5215973802313382,-0.2862473326696611,-2.069249885024236
1781,-0.9431396143517916,-0.28624733311782596,2.7149075611481335
1782,-1.1012179521658987,-0.412534128116441,1.6897309655398656
1783,-1.1012179521647152,-0.4125341276677597,-0.360622225676864
1784,-0.7850612765862109,-0.6651077176643442,-1.044073289415968
1785,-0.15274792542742702,-1.0123964035731208,0.6645543699314036
1786,-0.15274792538185944,-1.0123964035732498,0.6645543699314036
1787,0.37417986723556723,-1.2333982944834112,4.0818096886263415
1788,1.0328396080520306,-0.6966794163019567,0.49369160399662754
1789,1.0328396080040958,-0.6966794163015694,0.49369160399662754
1790,1.2172643354309065,-0.5177731235744178,0.4367373486851003
1791,1.217264335476474,-0.5177731235744178,0.43673734868529457
1792,1.2172643354297228,-0.5177731235744178,0.4367373486851003
1793,0.5269889271071314,-0.8103375316656669,0.2886562848749352
1794,0.5269889271065396,-0.8103375316654087,0.28865628487512945
1795,0.5269889270603803,-0.8103375316656669,0.2886562848749352
1796,0.5269889271059478,-0.8103375316659251,0.28865628487512945
1797,0.5269889271065396,-0.8103375316654087,0.2886562848749352
1798,0.5269889271065396,-0.8103375321142191,0.2886562848749352
1799,0.5269889271071314,-0.8103375316656669,0.28865628487512945
1800,0.5269889270597884,-0.8103375316656669,0.2886562848749352
1801,0.5269889271071314,-0.8103375316654087,0.28865628487512945
1802,0.5269889271059478,-0.8103375316656669,0.2886562848749352
1803,-1.2592962899308877,-0.34939073084160327,-1.044073289415968
1804,-0.5742901595023128,-0.34939073039279284,0.4367373486851003
1805,-0.5742901595484722,-0.3493907303930511,0.43673734868529457
1806,-0.5742901595023128,-0.34939073039279284,0.4367373486851003
1807,-0.4162118217367321,-0.6019643203895064,1.0062799018009556
1808,-0.6269829387721038,-0.8545379099374096,0.6645543699314036
1809,-0.73236849731642,-0.7913945122141488,2.3731820292787758
1810,-0.46890460100652304,-0.8545379099374096,-2.4109754168937876
1811,-0.5215973802307464,-0.6019643203892482,-0.36062222567705826
1812,-0.995832393623358,-0.22310393539482337,1.3480054336705076
1813,-0.2581334839232167,-0.454629726299451,0.5506458593083491
1814,-0.2581334839699679,-0.4546297258508988,0.5506458593081548
1815,-0.2581334839226249,-0.4546297262997092,0.5506458593083491
1816,-0.4337760814933291,-0.34939073039279284,0.4367373486851003
1817,-0.4337760814459861,-0.34939073084186145,0.4367373486851003
1818,-0.4337760814933291,-0.3493907303925346,0.4367373486851003
1819,0.01970117036805928,-0.4182744369189714,0.012169263635145
1820,0.019701170366875707,-0.41827443647016105,0.012169263635145
1821,0.01970117036865107,-0.41827443691871324,0.012169263635339248
1822,0.019701170367467494,-0.4182744364699028,0.012169263635145
1823,0.01970117036865107,-0.41827443691871324,0.012169263635145
1824,0.01970117036805928,-0.4182744364704193,0.012169263635145
1825,0.019701170367467494,-0.41827443691871324,0.012169263635145
1826,0.01970117036805928,-0.41827443647016105,0.012169263635145
1827,0.019701170367467494,-0.41827443691871324,0.012169263635339248
1828,0.01970117036805928,-0.4182744364699028,0.012169263635145
1829,0.01970117036805928,-0.41827443691871324,0.012169263635145
1830,1.6827172189668194,-1.0018725040274652,0.3513059657178095
1831,1.6827172189200683,-1.001872504027207,0.35130596571761524
1832,1.6827172189200683,-1.0018725040277232,0.3513059657178095
1833,1.6827172189668194,-1.0018725035783964,0.3513059657178095
1834,1.6827172189668194,-1.0018725040274652,0.35130596571761524
1835,1.68271721892066,-1.001872504027207,0.3513059657178095
1836,1.6827172189662276,-1.0018725040274652,0.3513059657178095
1837,1.6827172189200683,-1.001872504027207,0.35130596571761524
1838,1.6827172189668194,-1.0018725035786546,0.3513059657178095
1839,1.6827172189200683,-1.0018725040274652,0.3513059657178095
1840,1.6827172189200683,-1.001872504027207,0.35130596571761524
1841,1.6827172189668194,-1.0018725040274652,0.3513059657178095
1842,2.552148076774862,-1.9279756663013516,0.3228288380620458
1843,2.55214807682043,-1.9279756663013516,0.3228288380618516
1844,2.5521480767736784,-1.9279756663013516,0.3228288380620458
1845,4.464456857587873,-2.417336996527098,0.6218386784477582
1846,4.464456857541713,-2.4173369960785456,0.6218386784477582
1847,4.464456857541122,-2.417336996527098,0.6218386784477582
1848,4.4644568575884644,-2.417336996527356,0.6218386784477582
1849,4.4644568575884644,-2.417336996527098,0.6218386784477582
1850,4.464456857541122,-2.417336996527098,0.6218386784477582
1851,4.464456857541713,-2.4173369960785456,0.6218386784477582
1852,4.4644568575884644,-2.417336996527098,0.6218386784477582
1853,9.806187355428017,-5.842866307210731,-1.7275243531548778
1854,4.58960220830399,-3.9327785347121376,0.6645543699314036
1855,4.589602208304582,-3.9327785347121376,0.6645543699315979
1856,4.589602208350741,-3.93277853516069,0.6645543699314036
1857,4.589602208303399,-3.9327785347121376,0.6645543699314036
1858,3.5357466230726877,-3.443417204934944,-0.7023477575464161
1859,2.113041582942196,-2.3699794485710015,-2.4109754168937876
1860,1.2699571147012891,-1.9911190635763185,3.0566330930176853
1861,2.8507404925967696,-2.0542624612995795,-0.01889669380750623
1862,1.1557894263032336,3.049828831426056,0.15196607212726979
1863,1.1557894263038253,3.049828831426056,0.15196607212726979
1864,1.15578942635176,3.049828831426056,0.15196607212707552
1865,1.1557894263032336,3.0498288314263147,0.15196607212726979
1866,1.1557894263038253,3.049828831426056,0.15196607212726979
1867,1.155789426305009,3.049828831426056,0.15196607212726979
1868,0.6595990882265637,-0.17048443766551216,-0.2467137150538095
1869,0.6595990882277473,-0.17048443766551216,-0.2467137150538095
1870,0.6595990882744984,-0.1704844376657704,-0.2467137150538095
1871,0.6595990882271554,-0.17048443766551216,-0.2467137150538095
1872,0.6595990882271554,-0.17048443766551216,-0.2467137150538095
1873,0.6595990882744984,-0.1704844376657704,-0.24671371505400375
1874,0.6595990882277473,-0.17048443811406436,-0.2467137150538095
1875,0.6595990882277473,-0.1704844376657704,-0.2467137150538095
1876,0.6595990882271554,-0.17048443766551216,-0.2467137150538095
1877,0.6595990882277473,-0.17048443766551216,-0.2467137150538095
1878,0.6595990882739066,-0.17048443766551216,-0.2467137150538095
1879,0.6595990882277473,-0.1704844376657704,-0.2467137150538095
1880,2.0076560244008386,0.5977602309729217,-2.06924988502443
1881,1.0328396080046875,-0.17574638743846913,0.49369160399662754
1882,1.0328396080520306,-0.17574638743872734,0.4936916039968218
1883,1.0328396080520306,-0.1757463878870213,0.4936916039968218
1884,1.0328396080046875,-0.17574638743872734,0.49369160399662754
1885,0.6903365428140715,-0.3493907303925346,-1.044073289415968
1886,0.6903365428140715,-0.286247332669532,-0.360622225676864
1887,0.6546914274425146,-0.11353156956173785,-0.05909969755681959
1888,0.6546914273957635,-0.11353156956173785,-0.05909969755681959
1889,0.6546914274431065,-0.11353156911318568,-0.05909969755701384
1890,0.6546914274425146,-0.11353156956147963,-0.05909969755681959
1891,0.6546914273951717,-0.11353156956199609,-0.05909969755681959
1892,0.6546914274431065,-0.11353156956173785,-0.05909969755681959
1893,0.6546914274425146,-0.11353156911318568,-0.05909969755681959
1894,0.6546914273957635,-0.11353156956147963,-0.05909969755701384
1895,0.6546914274425146,-0.11353156956199609,-0.05909969755681959
1896,0.6546914274431065,-0.11353156956147963,-0.05909969755681959
1897,0.6546914273951717,-0.11353156911318568,-0.05909969755681959
1898,0.6546914274425146,-0.11353156956173785,-0.05909969755681959
1899,0.6546914274431065,-0.11353156956173785,-0.05909969755701384
1900,0.6546914273957635,-0.11353156956173785,-0.05909969755681959
1901,0.6546914274425146,-0.11353156911318568,-0.05909969755681959
1902,0.6546914274425146,-0.11353156956173785,-0.05909969755681959
1903,0.6546914273963553,-0.11353156956173785,-0.05909969755701384
1904,0.6546914274425146,-0.11353156956173785,-0.05909969755681959
1905,0.6546914274425146,-0.11353156956173785,-0.05909969755681959
1906,0.6546914274425146,-0.11353156911292744,-0.05909969755681959
1907,0.6546914273957635,-0.11353156956199609,-0.05909969755681959
1908,0.6546914274425146,-0.11353156956173785,-0.05909969755701384
1909,0.6546914274431065,-0.11353156956173785,-0.05909969755681959
1910,0.6546914273957635,-0.11353156911292744,-0.05909969755681959
1911,0.6546914274425146,-0.11353156956199609,-0.05909969755681959
1912,0.6546914274425146,-0.11353156956147963,-0.05909969755681959
1913,0.6546914273963553,-0.11353156956199609,-0.05909969755701384
1914,0.6546914274419229,-0.11353156911292744,-0.05909969755681959
1915,0.6546914274431065,-0.11353156956173785,-0.05909969755681959
1916,0.6546914273957635,-0.11353156956173785,-0.05909969755681959
1917,0.6546914274431065,-0.11353156956173785,-0.05909969755681959
1918,0.6546914274419229,-0.11353156911318568,-0.05909969755701384
1919,0.6546914273957635,-0.11353156956173785,-0.05909969755681959
1920,0.6546914274431065,-0.11353156956173785,-0.05909969755681959
1921,0.14694225667280092,0.2623109320529109,0.08789253490170451
1922,0.14694225662604976,0.26231093250172133,0.08789253490170451
1923,0.14694225667220914,0.2623109320529109,0.08789253490170451
1924,0.14694225662545798,0.26231093205265266,0.08789253490170451
1925,0.1469422566733927,0.2623109325014631,0.08789253490170451
1926,0.14694225667280092,0.2623109320529109,0.08789253490170451
1927,0.14694225662604976,0.2623109320529109,0.08789253490170451
1928,0.14694225667220914,0.2623109320529109,0.08789253490170451
1929,0.14694225667280092,0.26231093250172133,0.08789253490170451
1930,0.14694225662604976,0.2623109320529109,0.08789253490170451
1931,0.14694225667280092,0.26231093205265266,0.08789253490170451
1932,0.14694225667280092,0.26231093250172133,0.08789253490170451
1933,0.14694225662604976,0.2623109320529109,0.08789253490170451
1934,0.14694225667220914,0.2623109320529109,0.08789253490170451
1935,0.14694225662545798,0.2623109325014631,0.08789253490170451
1936,0.14694225667280092,0.2623109320529109,0.08789253490170451
1937,-0.14923507346711246,0.23152852606105012,0.14057522106496434
1938,-0.14923507341976952,0.23152852561223972,0.14057522106477008
1939,-0.14923507346711246,0.23152852606079188,0.14057522106496434
1940,-0.14923507346711246,0.23152852606079188,0.14057522106496434
1941,-0.14923507346770423,0.23152852606105012,0.14057522106496434
1942,-0.1492350734203613,0.23152852561223972,0.14057522106477008
1943,-0.14923507346770423,0.23152852606079188,0.14057522106496434
1944,-0.14923507346652068,0.23152852606105012,0.14057522106496434
1945,-0.14923507346770423,0.23152852606079188,0.14057522106496434
1946,-0.1492350734203613,0.23152852561198148,0.14057522106477008
1947,-0.14923507346711246,0.23152852606105012,0.14057522106496434
1948,-0.14923507346770423,0.23152852606079188,0.14057522106496434
1949,-0.14923507346711246,0.23152852606079188,0.14057522106496434
1950,-0.1492350734203613,0.23152852561249795,0.14057522106477008
1951,-0.14923507346711246,0.23152852606079188,0.14057522106496434
1952,-1.185526398989161,-0.3241333715728264,-0.7023477575464161
1953,-1.1855263989430016,-0.32413337157256816,-0.7023477575464161
1954,-1.1855263989885692,-0.32413337112401597,-0.7023477575466104
1955,-1.1855263989430016,-0.32413337157256816,-0.7023477575464161
1956,-1.1855263989897526,-0.3241333715728264,-0.7023477575464161
1957,-1.2755094528018407,-0.3979625748300237,0.3228288380620458
1958,-1.275509452800657,-0.3979625743817297,0.3228288380618516
1959,-1.2755094527556812,-0.3979625748300237,0.3228288380620458
1960,-1.2755094528024324,-0.39796257438121324,0.3228288380618516
1961,-1.275509452800657,-0.3979625748302819,0.3228288380620458
1962,-1.2755094528024324,-0.3979625743814715,0.3228288380620458
1963,-1.2755094527544977,-0.3979625748300237,0.3228288380618516
1964,-1.2755094528018407,-0.39796257438121324,0.3228288380620458
1965,-1.2755094528018407,-0.3979625748302819,0.3228288380620458
1966,-1.2755094528024324,-0.3979625743814715,0.3228288380618516
1967,-1.2755094527544977,-0.3979625748300237,0.3228288380620458
1968,-1.2755094528018407,-0.3979625743814715,0.3228288380618516
1969,-1.2755094528018407,-0.3979625748300237,0.3228288380620458
1970,-2.3321212757699032,-1.120582091155375,-0.005227672532661991
1971,-2.332121275723744,-1.120582091155117,-0.005227672532856239
1972,-2.3321212757699032,-1.120582091155375,-0.005227672532661991
1973,-2.332121275723744,-1.120582091155117,-0.005227672532661991
1974,-2.332121275770495,-1.120582091155375,-0.005227672532856239
1975,-2.332121275723152,-1.1205820907065647,-0.005227672532661991
1976,-2.3321212757699032,-1.120582091155375,-0.005227672532661991
1977,-2.332121275723744,-1.120582091155117,-0.005227672532856239
1978,-2.3321212757699032,-1.120582091155375,-0.005227672532661991
1979,-2.332121275723152,-1.120582091155117,-0.005227672532661991
1980,-2.332121275770495,-1.120582091155117,-0.005227672532856239
1981,-2.3321212757699032,-1.120582091155375,-0.005227672532661991
1982,-2.332121275723744,-1.120582091155375,-0.005227672532661991
1983,-2.3321212757699032,-1.120582091155375,-0.005227672532856239
1984,-2.332121275723744,-1.120582091155117,-0.005227672532661991
1985,-2.3321212757699032,-1.120582091155117,-0.005227672532661991
1986,-2.332121275723744,-1.1205820907065647,-0.005227672532856239
1987,-2.332121275770495,-1.120582091155375,-0.005227672532661991
1988,-2.3321212757225607,-1.120582091155375,-0.005227672532661991
1989,-2.332121275771087,-1.120582091155375,-0.005227672532856239
1990,-2.332121275723152,-1.1205820911548587,-0.005227672532661991
1991,-2.332121275770495,-1.120582091155375,-0.005227672532661991
1992,-2.3321212757699032,-1.120582091155375,-0.005227672532856239
1993,-2.332121275723744,-1.120582091155117,-0.005227672532661991
1994,-2.3321212757699032,-1.120582091155375,-0.005227672532661991
1995,-2.332121275723744,-1.120582091155117,-0.005227672532856239
1996,-2.3321212757699032,-1.1205820907065647,-0.005227672532661991
1997,-2.3321212757225607,-1.120582091155375,-0.005227672532661991
1998,-2.332121275770495,-1.120582091155117,-0.005227672532856239
1999,-2.332121275723744,-1.120582091155375,-0.005227672532661991
2000,-2.3321212757699032,-1.120582091155375,-0.005227672532661991
2001,-2.332121275723744,-1.1205820911548587,-0.005227672532856239
2002,-2.332121275770495,-1.120582091155375,-0.005227672532661991
2003,-2.3321212757699032,-1.120582091155375,-0.005227672532661991
2004,-2.332121275723152,-1.120582091155375,-0.005227672532856239
2005,-2.3321212757699032,-1.120582091155117,-0.005227672532661991
2006,-2.332121275723744,-1.120582091155117,-0.005227672532661991
2007,-2.3321212757699032,-1.1205820907065647,-0.005227672532856239
2008,-2.332121275723744,-1.120582091155375,-0.005227672532661991
2009,-2.332121275770495,-1.120582091155375,-0.005227672532661991
2010,-2.332121275723152,-1.120582091155375,-0.005227672532856239
2011,-2.332121275770495,-1.120582091155117,-0.005227672532661991
2012,-2.332121275770495,-1.120582091155117,-0.005227672532661991
2013,-2.332121275723744,-1.1205820911556332,-0.005227672532856239
2014,-2.3321212757699032,-1.1205820911548587,-0.005227672532661991
2015,-2.3321212757225607,-1.120582091155375,-0.005227672532661991
2016,-2.332121275770495,-1.120582091155117,-0.005227672532856239
2017,-2.332121275723744,-1.120582091155375,-0.005227672532661991
2018,-2.3321212757699032,-1.1205820907065647,-0.005227672532661991
2019,-2.332121275723744,-1.120582091155375,-0.005227672532856239
2020,-2.3321212757699032,-1.120582091155117,-0.005227672532661991
2021,-2.332121275723152,-1.120582091155375,-0.005227672532661991
2022,-2.332121275770495,-1.120582091155117,-0.005227672532856239
2023,-2.3321212757699032,-1.120582091155375,-0.005227672532661991
2024,-2.332121275723744,-1.120582091155375,-0.005227672532661991
2025,-2.3321212757699032,-1.120582091155117,-0.005227672532856239
2026,-2.332121275723744,-1.120582091155117,-0.005227672532661991
2027,-2.3321212757699032,-1.120582091155375,-0.005227672532661991
2028,-2.332121275723744,-1.1205820907063064,-0.005227672532856239
2029,-2.3321212757699032,-1.1205820911556332,-0.005227672532661991
2030,-2.332121275723744,-1.120582091155117,-0.005227672532661991
2031,-2.3321212757699032,-1.120582091155117,-0.005227672532856239
2032,-2.332121275723744,-1.120582091155375,-0.005227672532661991
2033,-2.3321212757699032,-1.120582091155375,-0.005227672532661991
2034,-2.332121275770495,-1.120582091155375,-0.005227672532856239
2035,-2.332121275723152,-1.120582091155117,-0.005227672532661991
2036,-2.332121275770495,-1.120582091155117,-0.005227672532661991
2037,-2.332121275723744,-1.1205820911556332,-0.005227672532856239
2038,-2.3321212757699032,-1.1205820911548587,-0.005227672532661991
2039,-2.332121275723152,-1.120582090706823,-0.005227672532661991
2040,-2.332121275770495,-1.120582091155375,-0.005227672532856239
2041,-2.332121275723152,-1.1205820911548587,-0.005227672532661991
2042,-2.332121275770495,-1.120582091155375,-0.005227672532661991
2043,-2.3321212757225607,-1.120582091155375,-0.005227672532856239
2044,-2.332121275771087,-1.120582091155117,-0.005227672532661991
2045,0.4795654257775163,-0.41253412811657014,-1.7275243531548778
2046,1.382870213145263,0.1196745077237589,0.2251929718134914
2047,1.3828702130991037,0.11967450772350066,0.22519297181368564
2048,1.382870213145263,0.11967450772350066,0.2251929718134914
2049,1.382870213145263,0.11967450727469026,0.2251929718134914
2050,1.382870213145263,0.11967450772401714,0.2251929718134914
2051,1.3828702130991037,0.11967450772324244,0.22519297181368564
2052,1.382870213145263,0.1196745077237589,0.2251929718134914
2053,1.2897169069216168,-0.5861784706223416,0.10925038064362434
2054,1.2897169069216168,-0.5861784710706356,0.1092503806434301
2055,1.289716906968368,-0.5861784710711521,0.10925038064362434
2056,1.2897169069216168,-0.5861784706220834,0.1092503806434301
2057,1.2897169069222088,-0.5861784706218252,0.10925038064362434
2058,1.2897169069689598,-0.5861784710708938,0.10925038064362434
2059,1.289716906921025,-0.5861784710708938,0.1092503806434301
2060,1.2897169069222088,-0.5861784706220834,0.10925038064362434
2061,1.1382251665472285,-0.6230121194810759,-1.2149360553507442
2062,1.1382251665466365,-0.6230121190325238,-1.21493605535055
2063,1.1382251665945713,-0.6230121194810759,-1.2149360553507442
2064,1.1382251665460448,-0.6230121194810759,-1.2149360553507442
2065,1.1382251665472285,-0.6230121190325238,-1.21493605535055
2066,1.1382251665466365,-0.6230121194810759,-1.2149360553507442
2067,1.0802631093816455,-0.5388209226659874,0.04944841256632648
2068,1.0802631093348944,-0.5388209226659874,0.04944841256652073
2069,1.0802631093816455,-0.5388209231145396,0.04944841256632648
2070,1.0802631093354862,-0.5388209226662456,0.04944841256652073
2071,1.0802631093810537,-0.5388209226659874,0.04944841256632648
2072,1.1470072964489024,-0.05472154221294014,0.20892032743879704
2073,1.1470072964027431,-0.054721542661750555,0.20892032743879704
2074,1.1470072964489024,-0.05472154221319838,0.20892032743879704
2075,1.1382251665460448,-0.307295132209912,-0.10432807677479712
2076,1.1382251665472285,-0.30729513220965377,-0.10432807677499137
2077,1.1382251665472285,-0.30729513220965377,-0.10432807677479712
2078,1.1382251665472285,-0.30729513220965377,-0.10432807677499137
2079,1.1382251665466365,-0.30729513220965377,-0.10432807677479712
2080,1.1382251665466365,-0.3072951322093955,-0.10432807677479712
2081,1.1382251665933878,-0.30729513176110157,-0.10432807677499137
2082,1.1382251665472285,-0.30729513220965377,-0.10432807677479712
2083,1.1382251665478202,-0.307295132209912,-0.10432807677499137
2084,1.1382251665466365,-0.30729513220965377,-0.10432807677479712
2085,1.1382251665472285,-0.30729513220965377,-0.10432807677499137
2086,1.1382251665466365,-0.307295132209912,-0.10432807677479712
2087,0.6752814630082462,-0.295267818250437,-0.5558939581737787
2088,0.675281463056181,-0.2952678186995057,-0.5558939581737787
2089,0.675281463008838,-0.29526781825069526,-0.5558939581737787
2090,0.6752814630094298,-0.29526781825069526,-0.5558939581739729
2091,0.6752814630082462,-0.2952678182509535,-0.5558939581737787
2092,0.6752814630555891,-0.2952678186995057,-0.5558939581737787
2093,0.675281463008838,-0.29526781825069526,-0.5558939581737787
2094,1.0591859976635505,-0.4125341276677597,0.20892032743879704
2095,1.059185997664734,-0.4125341281163119,0.20892032743879704
2096,1.0591859976635505,-0.41253412766750147,0.20892032743879704
2097,0.8879344650682424,-0.7440369642580528,0.2373974550945607
2098,0.8879344650214912,-0.7440369647063467,0.2373974550945607
2099,0.8879344650682424,-0.7440369642580528,0.2373974550945607
2100,0.8879344650688342,-0.7440369642577945,0.23739745509475493
2101,0.8879344650214912,-0.744036964706605,0.2373974550945607
2102,0.8879344650682424,-0.7440369642577945,0.2373974550945607
2103,0.8879344650208995,-0.744036964706605,0.2373974550945607
2104,0.887934465069426,-0.7440369642577945,0.2373974550945607
2105,0.4136994516762227,-0.6335360190267316,-0.2751908427095731
2106,0.4136994516762227,-0.6335360190267316,-0.2751908427095731
2107,0.4136994516762227,-0.6335360185784377,-0.2751908427095731
2108,0.4136994516756309,-0.6335360190272481,-0.2751908427095731
2109,0.28500747156457107,-1.053682470918268,-0.07146985255666809
2110,0.2850074715639793,-1.0536824713673365,-0.07146985255666809
2111,0.28500747151663636,-1.053682470918268,-0.07146985255666809
2112,0.2850074715633875,-1.0536824709187844,-0.07146985255666809
2113,0.2850074715627957,-1.0536824713673365,-0.07146985255666809
2114,0.2850074715639793,-1.053682470918268,-0.07146985255666809
2115,0.28500747151722816,-1.0536824709185262,-0.07146985255666809
2116,0.2850074715627957,-1.0536824709185262,-0.07146985255666809
2117,0.2850074715639793,-1.0536824713673365,-0.07146985255666809
2118,0.2850074715633875,-1.0536824709185262,-0.07146985255666809
2119,0.28500747151722816,-1.053682470918268,-0.07146985255666809
2120,0.2850074715639793,-1.0536824713673365,-0.07146985255666809
2121,0.2850074715627957,-1.0536824709185262,-0.07146985255666809
2122,0.44713910003561047,-0.9711103357791632,0.4805483143093371
2123,0.4471391000829534,-0.971110336227457,0.4805483143095313
2124,0.44713910003561047,-0.9711103357791632,0.4805483143093371
2125,0.4471391000817698,-0.9711103362279735,0.4805483143095313
2126,0.44713910003561047,-0.9711103357791632,0.4805483143093371
2127,0.44713910008236163,-0.971110336227457,0.4805483143095313
2128,0.44713910003561047,-0.9711103357794214,0.4805483143093371
2129,0.4471391000829534,-0.9711103362277153,0.4805483143095313
2130,0.44713910003561047,-0.9711103357791632,0.4805483143093371
2131,0.44713910008236163,-0.9711103362277153,0.4805483143095313
2132,0.44713910003561047,-0.9711103357789049,0.4805483143093371
2133,0.44713910008236163,-0.9711103362279735,0.4805483143095313
2134,0.4471391000362022,-0.9711103357791632,0.4805483143093371
2135,0.5618978933553109,-0.21126454840541203,-0.01889669380750623
2136,0.5618978933547192,-0.21126454885422244,-0.01889669380750623
2137,0.5618978933564945,-0.21126454840567027,-0.01889669380750623
2138,0.5618978933553109,-0.21126454840541203,-0.01889669380750623
2139,0.5618978933553109,-0.21126454885422244,-0.01889669380750623
2140,0.5618978933553109,-0.21126454840567027,-0.01889669380750623
2141,0.5618978933559028,-0.21126454840541203,-0.01889669380750623
2142,0.5618978933559028,-0.21126454840567027,-0.01889669380750623
2143,0.5618978933547192,-0.21126454885448068,-0.01889669380750623
2144,0.5618978933553109,-0.21126454840541203,-0.01889669380750623
2145,0.5618978933564945,-0.21126454840567027,-0.01889669380750623
2146,0.5618978933553109,-0.21126454885422244,-0.01889669380750623
2147,0.5618978933547192,-0.21126454840541203,-0.01889669380750623
2148,0.5618978933564945,-0.21126454840567027,-0.01889669380750623
2149,0.5618978933553109,-0.21126454885422244,-0.01889669380750623
2150,0.5618978933559028,-0.21126454840541203,-0.01889669380750623
2151,1.0504038677612846,-0.575654571076686,0.12348894447150616
2152,1.0504038678092193,-0.5756545715247217,0.12348894447131191
2153,1.050403867762468,-0.5756545710764278,0.12348894447150616
2154,1.0504038678086274,-0.5756545715249799,0.12348894447150616
2155,1.0504038677618763,-0.5756545710764278,0.12348894447131191
2156,1.0504038677618763,-0.5756545715247217,0.12348894447150616
2157,1.0504038678092193,-0.5756545710764278,0.12348894447150616
2158,1.050403867762468,-0.5756545710764278,0.12348894447131191
2159,1.0504038678086274,-0.5756545715252381,0.12348894447150616
2160,1.0504038677618763,-0.5756545710759113,0.12348894447150616
2161,1.0504038678080356,-0.5756545715252381,0.12348894447131191
2162,1.050403867762468,-0.5756545710764278,0.12348894447150616
2163,2.7980477133252033,-1.043968102210346,0.3228288380618516
2164,1.2699571147006974,-1.0439681022106042,-3.0944264806326975
2165,0.6376437635892563,-0.7282511153877341,4.765260752365057
2166,0.8484148805808358,-0.47567752494246834,-1.385798821285326
2167,-1.4700674070153779,1.8606281796098003,-2.75270094876334
2168,0.3214870879645927,-0.6019643199412125,0.3228288380618516
2169,0.3214870880095685,-0.6019643203892482,0.3228288380620458
2170,-0.2112954579194331,-0.6651077176644733,0.5126763557672661
2171,-0.21129545792002488,-0.6651077176639568,0.5126763557672661
2172,-0.21129545792061669,-0.6651077176644733,0.5126763557672661
2173,-0.2112954579194331,-0.6651077176642151,0.5126763557672661
2174,-0.21129545796736784,-0.6651077172159211,0.5126763557670719
2175,-0.21129545792002488,-0.6651077176642151,0.5126763557672661
2176,-0.21129545792002488,-0.6651077176644733,0.5126763557672661
2177,-0.21129545792002488,-0.6651077176642151,0.5126763557672661
2178,-0.21129545792002488,-0.6651077176644733,0.5126763557672661
2179,0.47956542577692457,-1.0755398012963815,0.4936916039968218
2180,0.47956542577692457,-1.0755398008480876,0.49369160399662754
2181,0.005330412384904826,-0.8545379099374096,-1.3857988212855201
2182,-0.0473623668866615,-1.3596850894820263,9.891143730407366
2183,0.7957221013092695,-0.7913945122138906,-10.270662649891737
2184,0.3741798672349755,-0.6335360190269899,2.2023192633439996
2185,0.3741798672349755,-0.6335360190267316,2.2023192633439996
2186,0.26879430869302634,-1.1702548967602795,2.0314564974094176
2187,-0.33717265285364584,-1.264969993121282,-1.385798821285326
2188,-0.3371726528057111,-1.2649699935698342,-1.3857988212855201
2189,-0.04736236683991034,-1.6122586790299294,1.0062799018009556
2190,-0.20544070469899334,-0.9176813076606705,2.3731820292787758
2191,0.05802319165706294,-0.6651077172159211,0.6645543699314036
2192,0.22927472425118733,-0.5230350733468583,0.7499857528988887
2193,0.22927472425118733,-0.523035073347633,0.7499857528988887
2194,0.22927472425118733,-0.5230350737956687,0.7499857528986945
2195,0.22927472425177914,-0.523035073347633,0.7499857528988887
2196,0.4620011660197358,-1.043968102210346,0.0950118168155483
2197,0.46200116597298463,-1.0439681022106042,0.09501181681574254
2198,0.46200116602032754,-1.0439681022106042,0.0950118168155483
2199,-0.24056922416661972,-0.5388209226659874,0.6645543699314036
2200,-0.24056922421337087,-0.5388209231147978,0.6645543699315979
2201,-0.24056922416602794,-0.5388209226657291,0.6645543699314036
2202,0.5849509843188736,-0.9176813072123765,-1.7275243531548778
2203,0.5586045946132596,-0.3809624290302763,0.6645543699314036
2204,0.5586045946600108,-0.3809624294790867,0.6645543699314036
2205,-0.15274792538126764,-1.0439681022106042,0.27401090493776864
2206,-0.1527479254280188,-1.043968102210346,0.27401090493776864
2207,-0.15274792538067586,-1.0439681022106042,0.27401090493776864
2208,-0.1527479254280188,-1.0439681022106042,0.27401090493776864
2209,-0.15274792538185944,-1.0439681022108624,0.27401090493776864
2210,-0.15274792542742702,-1.043968102210346,0.27401090493776864
2211,-0.15274792538185944,-1.0439681022106042,0.27401090493776864
2212,-1.1012179521647152,-0.34939073039279284,-0.7023477575464161
2213,0.058023191655879366,-0.9176813072123765,1.6897309655398656
2214,-0.5215973802780893,-1.107111499933865,1.3480054336703133
2215,-0.995832393623358,-0.601964319940696,-0.360622225676864
2216,-0.8904468350814089,-0.2231039358436338,3.3983586248872375
2217,-0.8026255363428079,-0.26519953402651464,-1.2718903106622714
2218,-0.8026255362960567,-0.26519953357770426,-1.2718903106622714
2219,-0.8026255363433997,-0.2651995340262564,-1.2718903106622714
2220,-1.1012179521179641,-2.1174058585745463,4.081809688626147
2221,-1.2592962899776388,-2.559409640395644,1.3480054336705076
2222,-1.4700674069680348,-1.8648322690263848,-1.7275243531548778
2223,-5.896260865168882,-5.7797229099357645,-0.01889669380750623
2224,-0.31082626319359946,-0.9176813072121183,0.3228288380618516
2225,-0.2581334839238085,-1.107111499485571,1.0062799018009556
2226,-0.6119278589680537,-0.8364969392236353,0.3228288380620458
2227,-0.6119278590148048,-0.8364969392231189,0.3228288380618516
2228,-0.6119278589680537,-0.8364969392236353,0.3228288380620458
2229,-0.6119278590148048,-0.836496939671671,0.3228288380618516
2230,-0.6119278589680537,-0.8364969392236353,0.3228288380620458
2231,-0.6119278590148048,-0.8364969392233771,0.3228288380618516
2232,-0.6119278589680537,-0.8364969392231189,0.3228288380620458
2233,-1.101217952165307,-0.22310393539482337,-1.7275243531548778
2234,-1.0242054286112787,-0.26681859525342977,0.2965422586874649
2235,-1.0242054286118705,-0.266818595253688,0.29654225868727063
2236,-1.0242054286112787,-0.26681859570198196,0.2965422586874649
2237,-1.0242054286118705,-0.26681859525342977,0.29654225868727063
2238,-1.0242054286112787,-0.26681859525342977,0.2965422586874649
2239,-1.0242054286112787,-0.266818595253688,0.2965422586874649
2240,-1.0242054286118705,-0.26681859570198196,0.29654225868727063
2241,-1.0242054286118705,-0.266818595253688,0.2965422586874649
2242,-1.0242054286112787,-0.26681859525342977,0.2965422586874649
2243,-1.0242054286124622,-0.266818595253688,0.29654225868727063
2244,-1.0242054286106868,-0.2668185957017237,0.2965422586874649
2245,-1.0242054286112787,-0.266818595253688,0.29654225868727063
2246,-1.0242054286118705,-0.26681859525342977,0.2965422586874649
2247,-0.8588311675279376,-0.2609899738490491,0.015275859379410122
2248,-0.8588311675285294,-0.26098997429811777,0.015275859379410122
2249,-0.858831167574097,-0.2609899738490491,0.015275859379604372
2250,-0.8588311675291213,-0.26098997429785953,0.015275859379410122
2251,-0.8588311675273459,-0.26098997384930733,0.015275859379410122
2252,-0.8588311675279376,-0.26098997384930733,0.015275859379410122
2253,-0.8588311675279376,-0.26098997429785953,0.015275859379410122
2254,-0.8588311675746888,-0.26098997384930733,0.015275859379604372
2255,-0.8588311675279376,-0.26098997429785953,0.015275859379410122
2256,-0.8588311675279376,-0.2609899738490491,0.015275859379410122
2257,-0.5742901595023128,-0.5388209226659874,1.0062799018009556
2258,-0.67967571804367,-0.22310393539456516,0.0950118168155483
2259,-0.6796757180442619,-0.2231039358436338,0.09501181681574254
2260,-0.6796757180442619,-0.22310393539456516,0.0950118168155483
2261,-1.1539107313895303,-0.2862473331175677,2.37318202927897
2262,-0.5742901595490639,0.5346168336976966,-0.01889669380750623
2263,-0.890446835080817,0.5346168332491444,-0.7023477575466104
2264,-0.7499327570718334,-0.3283429313012233,-0.5884392469233616
2265,-0.749932757025674,-0.3283429313014815,-0.5884392469231674
2266,-0.7499327570718334,-0.32834293130096504,-0.5884392469233616
2267,-1.0485251728943326,0.5977602314212156,1.6897309655398656
2268,-1.2066035107072561,0.6609036282473721,0.6645543699315979
2269,-1.0309609131365518,0.02946965415333804,-0.47453073630011283
2270,-1.0309609130903925,0.02946965415333804,-0.47453073630030707
2271,-1.0309609131371438,0.02946965415333804,-0.47453073630011283
2272,-0.08424731238090044,-0.05261676257288867,0.4595190508097112
2273,-0.08424731233296572,-0.05261676257340514,0.45951905080990546
2274,-0.08424731238030865,-0.0526167621243365,0.4595190508097112
2275,-0.08424731238090044,-0.05261676257314691,0.4595190508097112
2276,-0.08424731233355749,-0.05261676257340514,0.4595190508097112
2277,-0.08424731238030865,-0.05261676257263044,0.45951905080990546
2278,-0.08424731238030865,-0.05261676257340514,0.4595190508097112
2279,-0.08424731238090044,-0.05261676212459473,0.4595190508097112
2280,-0.08424731233296572,-0.05261676257288867,0.45951905080990546
2281,-0.08424731238030865,-0.05261676257340514,0.4595190508097112
2282,0.2248836593237259,1.334433200973614,-0.18975945974228225
2283,0.2248836593237259,1.3344332014224245,-0.18975945974228225
2284,0.22488365932431767,1.3344332009733557,-0.18975945974208802
2285,0.22488365932313412,1.3344332009738722,-0.18975945974228225
2286,0.2248836593237259,1.3344332014221663,-0.18975945974228225
2287,0.2248836593237259,1.334433200973614,-0.18975945974228225
2288,1.3226498939722635,1.2923376027902167,0.6645543699314036
2289,1.0591859976167992,1.1029074105172803,-0.7023477575464161
2290,0.8005123540176639,1.8950700328727605,0.1674990508485954
2291,0.8005123539691373,1.8950700328725023,0.1674990508485954
2292,0.8005123540176639,1.8950700328727605,0.16749905084840117
2293,0.8005123540164804,1.8950700328725023,0.1674990508485954
2294,0.800512353970321,1.8950700328727605,0.1674990508485954
2295,0.8005123540164804,1.8950700328727605,0.1674990508485954
2296,0.800512353970321,1.8950700328725023,0.1674990508485954
2297,0.8005123540164804,1.8950700328727605,0.1674990508485954
2298,0.8005123540170721,1.8950700328725023,0.16749905084840117
2299,0.800512353970321,1.8950700328725023,0.1674990508485954
2300,0.8005123540164804,1.8950700328727605,0.1674990508485954
2301,0.7298561272559105,1.4107314731292673,-0.01889669380750623
2302,0.7298561272553188,1.410731472680715,-0.01889669380750623
2303,0.7298561272547269,1.410731473129009,-0.01889669380750623
2304,0.7298561272565023,1.4107314731295255,-0.01889669380750623
2305,0.72985612730207,1.4107314731292673,-0.01889669380750623
2306,0.7298561272553188,1.410731473129009,-0.01889669380750623
2307,0.7298561272547269,1.410731472680715,-0.01889669380750623
2308,0.7298561272559105,1.4107314731297838,-0.01889669380750623
2309,-1.4700674070147859,0.40833003914776284,-0.360622225676864
2310,2.376505479250909,-3.759134192206366,0.3228288380618516
2311,2.2579467258792327,-3.6802049451639762,-0.5314849916116401
2312,2.2579467259265757,-3.6802049451642342,-0.5314849916116401
2313,2.2579467259265757,-3.680204944715424,-0.5314849916118344
2314,2.2579467258798243,-3.6802049451642342,-0.5314849916116401
2315,2.113041582942196,-3.064556820388813,1.0062799018009556
2316,2.1130415829427873,-2.4962662431206772,1.3480054336703133
2317,1.5334210110094106,-2.622553038118905,-0.7023477575464161
2318,1.2699571147012891,-0.9808247044873434,-4.461328608110712
2319,1.2172643354770658,-1.2965416922068012,3.0566330930176853
2320,0.6781766706959202,-2.331121972841951,-0.8074940750447398
2321,0.6781766706485772,-2.331121973290245,-0.8074940750447398
2322,0.678176670696512,-2.331121972841951,-0.8074940750447398
2323,0.6781766706497608,-2.3311219732907613,-0.8074940750447398
2324,0.6781766706953284,-2.331121972841693,-0.8074940750447398
2325,0.6781766706491691,-2.331121972841693,-0.8074940750447398
2326,0.678176670696512,-2.3311219732905033,-0.8074940750449341
2327,0.6781766706491691,-2.331121972841951,-0.8074940750447398
2328,0.6781766706959202,-2.331121972841951,-0.8074940750447398
2329,0.6781766706491691,-2.3311219732905033,-0.8074940750447398
2330,0.678176670696512,-2.331121972841951,-0.8074940750447398
2331,0.6781766706491691,-2.331121973290245,-0.8074940750447398
2332,0.6781766706959202,-2.331121972841951,-0.8074940750447398
2333,0.3741798672349755,-2.1805492558492547,6.8156139435819805
2334,0.532258205001148,-2.117405858574288,-5.48650520371898
2335,0.2687943086924346,-1.6122586790299294,4.423535220495699
2336,0.3214870879640009,-1.1071114999341232,-3.4361520125022498
2337,0.4374112023419179,-1.7259167943936395,0.3228288380620458
2338,0.4374112023413261,-1.725916794394156,0.3228288380618516
2339,0.43741120238807724,-1.7259167948421918,0.3228288380620458
2340,0.4374112023413261,-1.7259167943936395,0.3228288380618516
2341,0.4374112023413261,-1.725916794394156,0.3228288380620458
2342,0.5761688544171996,-1.4438762858480463,-1.7275243531548778
2343,0.5761688544166078,-1.4438762862971148,-1.7275243531548778
2344,0.5761688544166078,-1.4438762858485628,-1.7275243531548778
2345,0.5761688543704484,-1.4438762858483045,-1.7275243531548778
2346,0.5761688544166078,-1.4438762862971148,-1.7275243531548778
2347,0.5761688544171996,-1.4438762858485628,-1.7275243531548778
2348,0.7035097376432071,-0.7756086633438302,1.4334368166377986
2349,0.703509737596456,-0.775608662895278,1.4334368166377986
2350,0.703509737596456,-0.7756086628950197,1.4334368166376044
2351,0.7035097376432071,-0.7756086633440884,1.4334368166377986
2352,0.8659791403835921,-2.0542624612995795,-1.7275243531548778
2353,0.8659791403374327,-2.054262460851027,-1.7275243531548778
2354,0.8659791403841839,-2.0542624612995795,-1.7275243531548778
2355,1.0064932183925759,-1.0439681022106042,-5.144779671849622
2356,1.2172643354297228,-0.9176813076609287,7.840790539190443
2357,1.480728231785187,-1.0439681022106042,-5.8282307355887255
2358,0.7957221013092695,-0.28624733266927377,5.790437347973713
2359,1.2699571147006974,-0.7913945126624428,-6.5116817993276355
2360,1.3577784134860493,-0.7072033158478707,0.03805756150402103
2361,1.3577784134860493,-0.7072033158473542,0.03805756150421528
2362,1.3577784134860493,-0.7072033158476124,0.03805756150402103
2363,1.3577784134854576,-0.7072033162961646,0.03805756150402103
2364,1.3577784134860493,-0.7072033158473542,0.03805756150421528
2365,1.3577784134860493,-0.7072033158476124,0.03805756150402103
2366,0.5322582050473073,-2.2436926535730324,-0.36062222567705826
2367,3.588439402296911,-0.22310393539456516,0.3228288380620458
2368,1.5334210110094106,-1.1702548972085736,-4.803054139980264
2369,2.4643267780356695,1.1029074105172803,1.575822454916811
2370,2.4643267779889184,1.102907410517022,1.5758224549166167
2371,2.4643267780356695,1.1029074105172803,1.575822454916811
2372,-0.1000551461102931,2.4289187568776778,-4.11960307624116
2373,0.6903365428140715,-0.9176813076609287,4.081809688626147
2374,1.7968849073169404,0.09261305187659885,-2.06924988502443
2375,1.7968849073642832,-1.107111499933865,-2.4109754168937876
2376,0.7957221013560206,-1.2965416917585073,-4.11960307624116
2377,2.363332284421182,1.1502649584733764,-0.10432807677479712
2378,2.363332284421182,1.1502649589219285,-0.10432807677499137
2379,2.3633322844217735,1.1502649584733764,-0.10432807677479712
2380,2.3633322844691165,1.1502649584736346,-0.10432807677479712
2381,2.36333228442059,1.1502649584731182,-0.10432807677499137
2382,2.3633322844217735,1.1502649584733764,-0.10432807677479712
2383,2.363332284421182,1.1502649589221867,-0.10432807677499137
2384,2.3633322844223654,1.1502649584731182,-0.10432807677479712
2385,-1.8125704722071774,-1.9595473649385768,-1.044073289415968
2386,-1.8125704722059937,-1.959547364938835,-1.044073289415968
2387,-1.5227601862384175,-1.9911190635760603,-1.385798821285326
2388,-1.5227601862863522,-1.9911190640248708,-1.3857988212855201
2389,-1.1539107313895303,-2.8119832303920993,3.3983586248872375
2390,-1.9969951996310291,-3.0014134226652938,-0.8732105234811921
2391,-1.9969951996310291,-3.0014134226652938,-0.8732105234811921
2392,-2.313151875210125,-1.422828486756735,-2.4109754168937876
2393,-2.029928186681084,-2.780411531754616,-0.6169163745791252
2394,-2.029928186681676,-2.780411531754616,-0.6169163745791252
2395,-2.029928186681676,-2.7804115313060636,-0.616916374578931
2396,-2.029928186681084,-2.7804115317548743,-0.6169163745791252
2397,-2.029928186634925,-2.780411531754616,-0.6169163745791252
2398,-2.029928186681676,-2.7804115313060636,-0.616916374578931
2399,-2.029928186681084,-2.780411531754616,-0.6169163745791252
2400,-2.029928186681676,-2.7804115317548743,-0.6169163745791252
2401,0.7430293220850461,-0.9808247049356373,2.3731820292787758
2402,0.47956542577692457,-1.359685089481768,2.3731820292787758
2403,0.05802319160912821,-0.9176813072123765,-1.385798821285326
2404,-0.5742901595023128,-1.864832269026643,-0.36062222567705826
2405,-0.31082626319359946,-1.6754020767534485,-1.385798821285326
2406,0.6376437635425052,-1.8016888713028658,-1.3857988212855201
2407,0.47956542577692457,-1.4228284867569931,2.0314564974094176
2408,-0.8377540558560019,-2.4331228458457104,1.3480054336703133
2409,-1.4173746276982437,-0.41253412766801795,1.0062799018009556
2410,-1.0485251728943326,-0.9176813076606705,-3.0944264806326975
2411,0.16340875015107728,-0.9808247044868269,0.3228288380618516
2412,0.058023191655879366,-0.9808247049358956,0.6645543699314036
2413,-0.67967571804367,-1.107111499485571,-0.360622225676864
2414,-0.6796757180442619,-1.4228284872055452,-1.044073289415968
2415,-10.664957388465659,5.365086737335824,1.8605937314746417
2416,-10.664957388513002,5.365086737335307,1.8605937314746417
2417,-2.5239229922934316,0.02946965415333804,-3.0944264806328916
2418,-3.8939352531056053,-2.1174058585745463,1.3480054336705076
2419,-2.840079667826368,-1.422828486756735,1.0062799018007613
2420,-1.6281457448277097,-0.7282511149391819,0.6645543699315979
2421,-1.5227601862390094,-0.5388209226659874,1.0062799018007613
2422,-1.101217952165307,-0.15996053812011474,-0.360622225676864
2423,-1.311989069202454,0.09261305142830491,-2.4109754168937876
2424,-0.995832393623358,-0.41253412811605367,-0.7023477575466104
2425,-1.259296289930296,-0.5388209226662456,-2.7527009487631453
2426,-0.7850612765862109,-0.6651077176642151,5.790437347973518
2427,-0.31082626319359946,-0.4756775249427266,-1.044073289415968
2428,-0.35473691256408346,-0.47567752539102054,0.15196607212726979
2429,-0.35473691260965107,-0.4756775253912788,0.15196607212726979
2430,-0.3547369125634917,-0.4756775253912788,0.15196607212707552
2431,-0.3547369125628999,-0.4756775253912788,0.15196607212726979
2432,-0.35473691261024287,-0.47567752539102054,0.15196607212726979
2433,-0.3547369125628999,-0.47567752539102054,0.15196607212726979
2434,-1.0485251728943326,-0.5388209226662456,-0.36062222567705826
2435,-0.4162118217361403,-0.7913945122138906,-0.360622225676864
2436,-0.9431396143523834,-1.3596850894820263,-5.8282307355887255
2437,0.23717864114014695,-1.107111499485571,0.7328994763054305
2438,0.23717864113955514,-1.107111499933865,0.7328994763052363
2439,0.2371786411868981,-1.1071114994853128,0.7328994763054305
2440,0.23717864113896336,-1.1071114999341232,0.7328994763052363
2441,0.23717864113955514,-1.107111499485571,0.7328994763054305
2442,-0.07370875649758961,-1.2333982944835404,1.5188681996050895
2443,-0.07370875654493256,-1.2333982944832822,1.5188681996050895
2444,-0.574290159501721,-1.2965416922075759,-0.360622225676864
2445,-0.5742901595496557,-1.296541691758249,-0.36062222567705826
2446,-0.5742901595023128,-1.2965416922073176,-0.360622225676864
2447,-0.61380974394356,-0.6493218683456025,0.2373974550945607
2448,-0.6138097439897193,-0.6493218683456025,0.2373974550945607
2449,-0.6138097439441518,-0.649321867896792,0.2373974550945607
2450,-0.6138097439441518,-0.6493218683458607,0.2373974550945607
2451,-0.10005514615645247,-0.4756775253912788,-1.0440732894157738
2452,-0.7191953024861009,-0.838752060618797,-0.8732105234811921
2453,-0.7191953024849173,-0.8387520606185388,-0.8732105234811921
2454,-0.7191953024861009,-0.8387520601702448,-0.8732105234811921
2455,-0.719195302485509,-0.8387520606185388,-0.8732105234811921
2456,-0.9548491208879488,-0.33535886448143604,0.17095082389771413
2457,-0.9548491208411977,-0.33535886448143604,0.17095082389771413
2458,-0.9548491208879488,-0.33535886403236737,0.17095082389790836
2459,-0.9548491208411977,-0.3353588644816943,0.17095082389771413
2460,-0.9548491208885406,-0.33535886448143604,0.17095082389771413
2461,-0.9548491208411977,-0.3353588644811778,0.17095082389771413
2462,-0.9548491208879488,-0.33535886403288384,0.17095082389790836
2463,-0.9548491208411977,-0.33535886448143604,0.17095082389771413
2464,-0.9548491208879488,-0.33535886448143604,0.17095082389771413
2465,-0.8377540558098425,-0.5072492240285039,-0.8732105234811921
2466,-0.8377540558577773,-0.5072492240285039,-0.8732105234811921
2467,-1.3515086536437013,0.07682720210943407,-0.6169163745791252
2468,-1.3515086536431096,0.07682720210943407,-0.6169163745791252
2469,-1.3515086536437013,0.07682720255824449,-0.6169163745791252
2470,-1.3515086536437013,0.07682720210943407,-0.6169163745791252
2471,-1.2066035107072561,-0.06524544220766444,2.0314564974094176
2472,-1.2066035106599131,-0.06524544175885404,2.0314564974094176
2473,-1.0836536924075264,0.23994764551810213,-1.2718903106622714
2474,-1.0836536923619589,0.2399476459666543,-1.2718903106622714
2475,-1.0836536924081182,0.23994764551810213,-1.2718903106622714
2476,-0.89044683512816,-0.002102044484145394,-0.7023477575464161
2477,-0.890446835080817,-0.002102044932697571,-0.7023477575464161
2478,-1.3119890692018623,-0.6651077176642151,1.6897309655398656
2479,-0.9431396143523834,-0.6019643199409542,-2.410975416893982
2480,-0.7323684973152363,-0.4756775253912788,2.0314564974094176
2481,-1.0046145234782808,-0.6335360190267316,0.49369160399662754
2482,-1.0046145235250319,-0.6335360185784377,0.4936916039968218
2483,-1.0046145235250319,-0.6335360190267316,0.49369160399662754
2484,-1.004614523477689,-0.6335360190267316,0.49369160399662754
2485,-1.0046145234794643,-0.6335360185784377,0.4936916039968218
2486,-1.0046145235244401,-0.6335360190269899,0.49369160399662754
2487,-1.4700674070147859,-0.5388209231147978,-2.069249885024236
2488,-1.044134107966871,0.21363789665383387,-0.16128233208651863
2489,-1.044134107919528,0.21363789665331742,-0.1612823320863244
2490,-1.044134107966871,0.21363789665383387,-0.16128233208651863
2491,-1.044134107919528,0.21363789665331742,-0.16128233208651863
2492,-1.044134107966871,0.21363789665357563,-0.1612823320863244
2493,-1.044134107919528,0.21363789710212783,-0.16128233208651863
2494,-1.0441341079662791,0.21363789665357563,-0.16128233208651863
2495,-1.044134107966871,0.21363789665357563,-0.1612823320863244
2496,-1.044134107919528,0.21363789665357563,-0.16128233208651863
2497,-1.0441341079662791,0.21363789665357563,-0.16128233208651863
2498,-1.0441341079201198,0.21363789665383387,-0.1612823320863244
2499,-1.0441341079662791,0.21363789665331742,-0.16128233208651863
2500,-0.3942564970514901,0.050517453244907584,0.009580433848257398
2501,-0.3942564970053307,0.050517453244907584,0.009580433848257398
2502,-0.3942564970514901,0.050517453245165815,0.009580433848257398
2503,-0.3942564970041471,0.050517453244907584,0.009580433848257398
2504,-0.3942564970520819,0.050517453244907584,0.009580433848257398
2505,-0.3942564970514901,0.050517453244907584,0.009580433848451645
2506,-0.3942564970053307,0.050517453693718,0.009580433848257398
2507,-0.3942564970503065,0.050517453244907584,0.009580433848257398
2508,-0.3942564970053307,0.050517453244907584,0.009580433848257398
2509,-0.3942564970514901,0.050517453244649346,0.009580433848257398
2510,-0.3942564970047389,0.050517453245165815,0.009580433848257398
2511,-0.3942564970514901,0.050517453244907584,0.009580433848257398
2512,-0.0649266266426667,-0.24415173448639294,0.3228288380620458
2513,-0.06492662659591554,-0.24415173493468686,0.3228288380618516
2514,-0.06492662664385028,-0.2441517349349451,0.3228288380620458
2515,-0.0649266266426667,-0.2441517344861347,0.3228288380620458
2516,-0.06492662659650733,-0.2441517344861347,0.3228288380618516
2517,-0.0649266266426667,-0.2441517349349451,0.3228288380620458
2518,-0.36351904246575756,-0.28624733311782596,-3.777877544371802
2519,-1.65449213439307,-0.8545379099376679,-1.385798821285326
2520,-1.654492134440413,-0.8545379099376679,-1.385798821285326
2521,-1.7335313033223156,-0.5388209226657291,4.765260752365057
2522,-2.0496879789025955,0.15575644915156572,-1.7275243531548778
2523,-2.5766157715182465,0.02946965415333804,1.0062799018009556
2524,-2.2077663167143355,-0.6019643203895064,-3.777877544371802
2525,-0.6796757180448536,-1.1702548972088318,1.0062799018009556
2526,-1.1012179521185559,-0.7913945122138906,-3.4361520125022498
2527,-0.9958323936221743,-0.47567752539153696,2.3731820292787758
2528,-1.4700674070153779,-0.6019643203892482,-0.360622225676864
2529,-0.6796757180442619,-0.7512123505973395,-0.4848860554476632
2530,-0.6796757180442619,-0.751212350148529,-0.4848860554476632
2531,-0.6796757180442619,-0.7512123505973395,-0.4848860554478575
2532,-0.67967571804367,-0.7512123505973395,-0.4848860554476632
2533,-0.6796757180442619,-0.7512123505973395,-0.4848860554476632
2534,-0.6796757179969188,-0.751212350148529,-0.4848860554476632
2535,-0.6796757180442619,-0.7512123505973395,-0.4848860554476632
2536,-0.6796757180448536,-0.7512123505973395,-0.4848860554476632
2537,-0.6796757180430782,-0.7512123505973395,-0.4848860554478575
2538,-0.6796757180448536,-0.7512123501487873,-0.4848860554476632
2539,-0.67967571804367,-0.7512123505973395,-0.4848860554476632
2540,-0.7060221076563735,-0.9018954578932474,-0.958641906448483
2541,-0.7060221077031247,-0.9018954578937639,-0.9586419064486773
2542,-0.7060221077025329,-0.9018954583420579,-0.9586419064486773
2543,-0.7060221076563735,-0.9018954578937639,-0.958641906448483
2544,0.6112973738836424,-0.5072492240285039,0.6645543699314036
2545,0.6112973739303935,-0.5072492240285039,0.6645543699314036
2546,0.6639901532025516,-0.6019643199409542,1.3480054336703133
2547,0.6639901532013681,-0.6019643203895064,1.3480054336705076
2548,-0.7323684973146446,-1.7385454740281572,-5.48650520371898
2549,-1.1012179521647152,-1.2333982944837987,4.423535220495505
2550,-0.6269829387738791,-1.6122586790299294,-5.828230735588532
2551,-1.2592962899308877,-1.6122586794784817,-3.4361520125022498
2552,-0.7112913855971412,-0.5956499805722477,0.5620367103706545
2553,-0.7112913855977331,-0.5956499801236955,0.5620367103704603
2554,-0.7112913855971412,-0.5956499805722477,0.5620367103706545
2555,-0.7112913855977331,-0.5956499805722477,0.5620367103706545
2556,-0.7112913855971412,-0.5956499805722477,0.5620367103704603
2557,-0.7112913856433006,-0.5956499801236955,0.5620367103706545
2558,-0.7112913855977331,-0.5956499805725058,0.5620367103706545
2559,-0.7112913855977331,-0.5956499805719895,0.5620367103706545
2560,-0.7112913855971412,-0.5956499801236955,0.5620367103704603
2561,-0.7112913855971412,-0.5956499805722477,0.5620367103706545
2562,-0.4776867308620378,-0.5493448222119013,-1.044073289415968
2563,-0.4776867308626295,-0.5493448222119013,-1.0440732894157738
2564,-0.477686730861446,-0.549344822211643,-1.044073289415968
2565,-0.4776867308620378,-0.5493448226604535,-1.044073289415968
2566,-0.4776867308626295,-0.5493448222119013,-1.0440732894157738
2567,-0.4776867308620378,-0.5493448222119013,-1.044073289415968
2568,0.4795654257301734,-2.180549256297807,-0.36062222567705826
2569,-0.31082626319478307,-0.6651077176644733,2.3731820292787758
2570,-0.2581334839226249,-1.2965416917585073,-0.360622225676864
2571,-0.15274792538185944,-1.107111499485571,0.3228288380618516
2572,-0.36351904246457395,-1.5491152817547045,1.3480054336705076
2573,-0.5742901595490639,-1.485971884480254,-2.410975416893982
2574,-0.890446835080817,-1.9279756663013516,-0.7023477575464161
2575,-0.5742901595023128,-0.9176813072123765,-0.7023477575464161
2576,-0.10005514615704426,-1.738545474027899,-2.75270094876334
2577,-0.9080110948380058,-0.11786493993671743,2.1453650080324724
2578,-0.9080110948853488,-0.11786493993671743,2.1453650080326665
2579,-0.908011094837414,-0.11786493993671743,2.1453650080324724
2580,-1.4700674069692183,-0.1599605381195983,-1.044073289415968
2581,-2.207766316714927,-0.09681714039633747,-2.4109754168937876
2582,-2.734694109330578,-0.6019643203895064,0.6645543699314036
2583,-1.9443024203606463,0.02946965415333804,0.6645543699314036
2584,-1.8389168618175136,-0.5388209226659874,2.0314564974094176
2585,-1.7335313033234994,-0.2862473331180842,1.3480054336703133
2586,-1.4700674070153779,0.21889984642627436,-0.7023477575464161
2587,-0.9431396143523834,-0.03367374312137059,2.0314564974092235
2588,-1.470067406967443,0.787190423245858,-2.069249885024236
2589,-0.89044683512816,0.28204324370124123,-0.36062222567705826
2590,-0.8377540558104343,0.3451866414247603,3.3983586248872375
2591,-0.8377540558577773,0.3451866414247603,0.6645543699314036
2592,-0.8377540558098425,0.3451866414247603,0.6645543699315979
2593,-0.8316741197747342,0.33547227271683827,0.49369160399662754
2594,-0.8316741197741424,0.3354722722682861,0.4936916039968218
2595,-0.831674119727983,0.33547227226802784,0.49369160399662754
2596,-0.8316741197747342,0.33547227271658003,0.4936916039968218
2597,-0.831674119775326,0.3354722727170965,0.49369160399662754
2598,-0.8316741197741424,0.33547227226802784,0.49369160399662754
2599,-0.831674119727983,0.33547227226802784,0.4936916039968218
2600,-0.8316741197747342,0.3354722727170965,0.49369160399662754
2601,-0.8316741197747342,0.3354722727163218,0.49369160399662754
2602,-0.8316741197747342,0.3354722722682861,0.4936916039968218
2603,-0.831674119727983,0.33547227226802784,0.49369160399662754
2604,-0.8316741197741424,0.33547227271683827,0.4936916039968218
2605,-0.8316741197747342,0.33547227271683827,0.49369160399662754
2606,-0.8316741197747342,0.3354722722682861,0.49369160399662754
2607,-0.8316741197747342,0.33547227226802784,0.4936916039968218
2608,-0.8316741197285749,0.33547227271658003,0.49369160399662754
2609,-0.8316741197741424,0.3354722727170965,0.4936916039968218
2610,-0.831674119775326,0.3354722722677696,0.49369160399662754
2611,-0.8316741197741424,0.3354722722682861,0.49369160399662754
2612,-0.8316741197273912,0.33547227271658003,0.4936916039968218
2613,-0.831674119775326,0.33547227271683827,0.49369160399662754
2614,-0.8316741197741424,0.3354722722682861,0.49369160399662754
2615,-0.8316741197747342,0.33547227226802784,0.4936916039968218
2616,-0.831674119727983,0.33547227271683827,0.49369160399662754
2617,-0.831674119775326,0.33547227271683827,0.4936916039968218
2618,-0.8316741197747342,0.3354722722677696,0.49369160399662754
2619,-1.5403244459961982,0.05577940301812276,-0.14704376825863683
2620,-1.5403244460429493,0.05577940301786453,-0.14704376825844256
2621,-1.5403244459961982,0.0557794030176063,-0.14704376825863683
2622,-1.54032444599679,0.05577940301812276,-0.14704376825844256
2623,-1.5403244460423575,0.0557794034664167,-0.14704376825863683
2624,-1.5403244459956063,0.0557794030176063,-0.14704376825863683
2625,-1.540324446043541,0.05577940301812276,-0.14704376825844256
2626,-1.5403244459961982,0.05577940301786453,-0.14704376825863683
2627,-1.5403244459961982,0.05577940301786453,-0.14704376825844256
2628,-1.5403244460429493,0.05577940301786453,-0.14704376825863683
2629,-1.5403244459961982,0.05577940301786453,-0.14704376825844256
2630,-1.5403244460429493,0.0557794034664167,-0.14704376825863683
2631,-1.54032444599679,0.05577940301786453,-0.14704376825863683
2632,-1.5403244459956063,0.05577940301786453,-0.14704376825844256
2633,-1.5403244460429493,0.05577940301786453,-0.14704376825863683
2634,-1.5403244459973817,0.05577940301786453,-0.14704376825844256
2635,-1.5403244459956063,0.05577940301786453,-0.14704376825863683
2636,-1.5403244460423575,0.05577940301786453,-0.14704376825844256
2637,-1.5403244459961982,0.05577940301786453,-0.14704376825863683
2638,-1.54032444599679,0.0557794030176063,-0.14704376825863683
2639,-1.5403244460429493,0.05577940346667494,-0.14704376825844256
2640,-1.5403244459961982,0.05577940301786453,-0.14704376825863683
2641,-1.5403244460429493,0.05577940301786453,-0.14704376825844256
2642,-1.54032444599679,0.05577940301786453,-0.14704376825863683
2643,2.6048408560458367,-2.9593178244818965,0.20892032743879704
2644,2.604840856045245,-2.959317824033344,0.20892032743879704
2645,2.6048408560440617,-2.959317824482155,0.20892032743879704
2646,1.2699571147018809,-1.2712843329382826,0.4595190508097112
2647,1.2699571147001056,-1.2712843329382826,0.4595190508097112
2648,1.2699571147480404,-1.2712843333868347,0.45951905080990546
2649,1.2699571147012891,-1.2712843329385408,0.4595190508097112
2650,1.2699571147006974,-1.2712843329382826,0.4595190508097112
2651,-0.36351904246457395,-0.2001427001849598,0.13643309340594417
2652,-0.36351904246575756,-0.2001427001849598,0.1364330934057499
2653,-0.3635190424178228,-0.20014270018521804,0.13643309340594417
2654,-0.36351904246575756,-0.20014270018521804,0.13643309340594417
2655,-0.36351904246457395,-0.2001427001849598,0.13643309340594417
2656,-0.36351904246457395,-0.20014269973666587,0.1364330934057499
2657,-0.36351904246575756,-0.20014270018521804,0.13643309340594417
2658,-0.36351904246457395,-0.20014270018470157,0.13643309340594417
2659,-0.3635190424184146,-0.20014270018521804,0.13643309340594417
2660,-0.36351904246516575,-0.20014270018521804,0.1364330934057499
2661,-0.36351904246516575,-0.2001427001849598,0.13643309340594417
2662,0.3566156074783785,-2.9382700253905853,0.20892032743879704
2663,0.356615607429852,-2.938270024941775,0.20892032743879704
2664,0.35661560747897025,-2.938270025390069,0.20892032743879704
2665,0.022894672141501815,-1.485971884480512,0.09501181681574254
2666,0.022894672142093602,-1.4859718840314435,0.0950118168155483
2667,0.022894672142093602,-1.485971884480512,0.09501181681574254
2668,-0.03682381100453425,-0.48830620457698587,-0.7706928639204431
2669,-0.036823811049510054,-0.48830620502553806,-0.7706928639202488
2670,-0.03682381100453425,-0.48830620457672763,-0.7706928639204431
2671,-0.03682381105069363,-0.4883062050257963,-0.7706928639202488
2672,-0.03682381100394247,-0.4883062045772441,-0.7706928639204431
2673,0.07778298387679887,-0.8940025332340702,0.5791229869641127
2674,0.07778298387679887,-0.8940025332340702,0.5791229869641127
2675,0.07778298387679887,-0.8940025336828806,0.5791229869641127
2676,0.07778298382945592,-0.8940025332343284,0.5791229869639185
2677,0.07778298387739066,-0.8940025332340702,0.5791229869641127
2678,0.07778298387679887,-0.8940025336826224,0.5791229869641127
2679,0.0777829838756153,-0.8940025332343284,0.5791229869641127
2680,0.07778298387679887,-0.8940025332343284,0.5791229869641127
2681,-0.11322834093942863,-1.2333982944835404,0.2373974550945607
2682,-0.11322834094002042,-1.2333982944837987,0.2373974550945607
2683,-0.11322834098617979,-1.2333982944837987,0.2373974550945607
2684,-0.11322834093942863,-1.2333982944835404,0.2373974550945607
2685,0.08876064624161188,-1.0702778510751307,-0.01889669380750623
2686,0.0887606461954525,-1.0702778510751307,-0.01889669380750623
2687,0.0887606461954525,-1.0702778515234246,-0.01889669380750623
2688,0.08876064624279545,-1.0702778510751307,-0.01889669380750623
2689,0.08876064624279545,-1.0702778510751307,-0.01889669380750623
2690,0.0887606461954525,-1.0702778515236828,-0.01889669380750623
2691,0.0887606461954525,-1.0702778510751307,-0.01889669380750623
2692,0.08876064624220366,-1.0702778510748725,-0.01889669380750623
2693,0.08876064624161188,-1.070277851075389,-0.01889669380750623
2694,0.08876064619604429,-1.0702778510751307,-0.01889669380750623
2695,0.0887606461954525,-1.0702778515234246,-0.01889669380750623
2696,0.08876064624161188,-1.0702778510751307,-0.01889669380750623
2697,-0.13518366567023823,-1.198318629480614,-0.09483570088967208
2698,-0.13518366562467066,-1.1983186290318035,-0.09483570088947782
2699,-0.13518366567083,-1.198318629480614,-0.09483570088967208
2700,-0.13518366567142182,-1.1983186290318035,-0.09483570088967208
2701,-0.13518366562407885,-1.198318629480614,-0.09483570088947782
2702,-0.13518366567023823,-1.1983186290318035,-0.09483570088967208
2703,-0.13518366567142182,-1.198318629480614,-0.09483570088967208
2704,-0.13518366562407885,-1.1983186290318035,-0.09483570088947782
2705,-0.13518366567142182,-1.198318629480614,-0.09483570088967208
2706,-0.21296824455367538,-0.9447427635075722,0.1763750386894084
2707,-0.21296824455545074,-0.9447427630592783,0.17637503868921414
2708,-0.2129682445542672,-0.9447427635075722,0.1763750386894084
2709,-0.21296824460161012,-0.9447427635075722,0.1763750386894084
2710,-0.21296824455485897,-0.9447427635075722,0.1763750386894084
2711,-0.2129682445542672,-0.9447427630592783,0.17637503868921414
2712,-0.21296824455485897,-0.9447427635075722,0.1763750386894084
2713,0.2687943086924346,-1.485971884480254,1.0062799018007613
2714,0.058023191655879366,-0.8229662108511158,-1.7275243531548778
2715,0.058023191655879366,-0.8229662113001844,-1.7275243531548778
2716,0.1107159709268539,-0.9808247049356373,-0.01889669380750623
2717,0.08436958126799105,-0.5388209226662456,2.37318202927897
2718,0.08436958126799105,-0.5388209226659874,2.3731820292787758
2719,-0.047362366886069714,-0.9176813076609287,-3.0944264806328916
2720,-0.28824364353309206,-0.764333056367247,-0.06771462693178346
2721,-0.2882436434863409,-0.7643330563669888,-0.06771462693158921
2722,-0.28824364353368387,-0.7643330563675053,-0.06771462693178346
2723,-0.2882436434863409,-0.7643330568157992,-0.06771462693158921
2724,-0.28824364353309206,-0.764333056367247,-0.06771462693178346
2725,-0.2882436434869327,-0.764333056367247,-0.06771462693158921
2726,-0.28824364353368387,-0.764333056367247,-0.06771462693178346
2727,-0.20544070465224218,-0.9176813072121183,-3.0944264806328916
2728,-0.31082626319359946,-0.8545379099374096,5.4487118161041606
2729,0.058023191655879366,-0.9176813076609287,-3.0944264806326975
2730,-0.2581334839232167,-0.7913945122141488,1.0062799018007613
2731,-0.10005514615645247,-0.8545379099371514,-3.777877544371608
2732,0.05802319165528758,-0.8545379099376679,2.7149075611483275
2733,-0.04736236688547792,-0.9176813076606705,-0.01889669380750623
2734,-0.4162118217367321,-0.9176813072123765,-0.7023477575466104
2735,-0.12842818114555676,-0.8788238319318781,0.08624962369081748
2736,-0.1284281810988056,-0.8788238319316198,0.08624962369081748
2737,-0.12842818114555676,-0.8788238319316198,0.08624962369081748
2738,-0.12842818114496496,-0.8788238323804303,0.08624962369081748
2739,-0.1284281810988056,-0.8788238319316198,0.08624962369081748
2740,-0.12842818114496496,-0.8788238319318781,0.08624962369081748
2741,-0.12842818114614854,-0.8788238319316198,0.08624962369062324
2742,-0.12842818114555676,-0.8788238319316198,0.08624962369081748
2743,-0.1284281810988056,-0.8788238319318781,0.08624962369081748
2744,-0.12842818114496496,-0.878823832380172,0.08624962369081748
2745,-0.12842818114614854,-0.8788238319318781,0.08624962369081748
2746,-0.1284281810982138,-0.8788238319316198,0.08624962369081748
2747,-0.12842818114614854,-0.8788238319316198,0.08624962369081748
2748,-0.028201356241863776,-0.6765883352690177,0.012169263635145
2749,-0.028201356241863776,-0.6765883352690177,0.012169263635145
2750,-0.028201356242455563,-0.6765883357178282,0.012169263635145
2751,-0.02820135624127199,-0.676588335269276,0.012169263635145
2752,-0.028201356242455563,-0.6765883352690177,0.012169263635145
2753,-0.02820135619452083,-0.6765883352690177,0.012169263635339248
2754,-0.02820135624304735,-0.6765883352690177,0.012169263635145
2755,-0.028201356241863776,-0.676588335269276,0.012169263635145
2756,-0.028201356241863776,-0.6765883357173117,0.012169263635145
2757,-0.02820135624304735,-0.676588335269276,0.012169263635145
2758,-0.02820135624127199,-0.6765883352690177,0.012169263635145
2759,-0.20544070465224218,-0.2862473331180842,15.700477772188393
2760,0.1107159709268539,-0.7913945122138906,-7.878583926805455
2761,-0.03317584939210936,-0.19881801340061317,-0.29490577724060596
2762,-0.03317584939151757,-0.1988180134000967,-0.2949057772404117
2763,-0.03317584939210936,-0.19881801384942357,-0.29490577724060596
2764,-0.03317584934476641,-0.1988180134000967,-0.29490577724060596
2765,-0.03317584939210936,-0.19881801340061317,-0.2949057772404117
2766,-0.03317584939210936,-0.1988180134000967,-0.29490577724060596
2767,-0.03317584939151757,-0.19881801384916534,-0.29490577724060596
2768,-0.03317584939151757,-0.1988180134000967,-0.2949057772404117
2769,-0.03317584939270114,-0.19881801340035493,-0.29490577724060596
2770,-0.03317584934417463,-0.19881801340035493,-0.29490577724060596
2771,-0.03317584939151757,-0.19881801384890713,-0.2949057772404117
2772,-0.03317584939210936,-0.19881801340061317,-0.29490577724060596
2773,-0.03317584939210936,-0.1988180134000967,-0.29490577724060596
2774,-0.03317584939151757,-0.19881801340061317,-0.2949057772404117
2775,-0.03317584939210936,-0.1988180134000967,-0.29490577724060596
2776,-0.03317584939151757,-0.19881801384890713,-0.2949057772404117
2777,-0.0331758493453582,-0.19881801340061317,-0.29490577724060596
2778,-0.03317584939151757,-0.19881801340035493,-0.29490577724060596
2779,-0.03317584939151757,-0.1988180134000967,-0.2949057772404117
2780,-0.03317584939210936,-0.19881801384890713,-0.29490577724060596
2781,-0.03317584939210936,-0.1988180134000967,-0.29490577724060596
2782,-0.033175849390925785,-0.19881801340061317,-0.2949057772404117
2783,-0.033175849345949984,-0.1988180134000967,-0.29490577724060596
2784,-0.03317584939151757,-0.19881801384942357,-0.29490577724060596
2785,-0.03317584939210936,-0.1988180134000967,-0.2949057772404117
2786,-0.03317584939210936,-0.19881801340061317,-0.29490577724060596
2787,0.009912393203632698,-0.017201552664327036,0.04053383347413811
2788,0.009912393156289752,-0.01720155266458527,0.04053383347413811
2789,0.009912393203632698,-0.01720155266458527,0.04053383347413811
2790,0.00991239320304091,-0.01720155266458527,0.04053383347413811
2791,0.00991239315688154,-0.017201552664843505,0.04053383347413811
2792,0.00991239320304091,-0.01720155266458527,0.04053383347413811
2793,0.00991239320304091,-0.017201552664327036,0.04053383347413811
2794,0.009912393203632698,-0.017201552665101736,0.04053383347413811
2795,0.00991239315688154,-0.017201552664327036,0.04053383347413811
2796,0.009912393202449124,-0.01720155266458527,0.04053383347413811
2797,0.009912393203632698,-0.01720155266458527,0.04053383347413811
2798,0.009912393156289752,-0.017201552215774858,0.04053383347413811
2799,0.009912393202449124,-0.017201552664843505,0.04053383347413811
2800,0.009912393204224485,-0.01720155266458527,0.04053383347413811
2801,0.009912393155697965,-0.01720155266458527,0.04053383347413811
2802,0.009912393204224485,-0.017201552664327036,0.04053383347413811
2803,0.00991239320304091,-0.017201552665101736,0.04053383347413811
2804,0.009912393203632698,-0.017201552664327036,0.04053383347413811
2805,0.009912393156289752,-0.01720155266458527,0.04053383347413811
2806,0.009912393202449124,-0.01720155266458527,0.04053383347413811
2807,0.009912393204224485,-0.01720155266458527,0.04053383347413811
2808,0.009912393156289752,-0.017201552664327036,0.04053383347413811
2809,0.00991239320304091,-0.01720155266458527,0.04053383347413811
2810,-0.18517425112198996,-0.03853092769999504,-0.045183273182087154
2811,-0.18517425107583058,-0.0385309276997368,-0.045183273182087154
2812,-0.18517425112198996,-0.03853092769999504,-0.045183273182087154
2813,-0.18517425107583058,-0.0385309276997368,-0.045183273182087154
2814,-0.18517425112258173,-0.0385309276997368,-0.045183273182087154
2815,-0.18517425112258173,-0.03853092769999504,-0.045183273182087154
2816,-0.1851742510752388,-0.0385309276997368,-0.045183273182087154
2817,-0.18517425112258173,-0.0385309276997368,-0.045183273182087154
2818,-0.1851742511231735,-0.0385309276997368,-0.045183273182087154
2819,-0.1851742510752388,-0.03853092769999504,-0.045183273182087154
2820,-0.18517425112258173,-0.0385309276997368,-0.045183273182087154
2821,-0.18517425107583058,-0.03853092769947857,-0.045183273182087154
2822,-0.18517425112139815,-0.03853092770025327,-0.045183273182087154
2823,-0.01636661437174752,0.07775578150792792,0.001204808067150447
2824,-0.016366614369972162,0.07775578150715322,0.001204808067150447
2825,-0.01636661437174752,0.07775578195622186,0.001204808067150447
2826,-0.016366614370563946,0.07775578150741144,0.001204808067150447
2827,-0.01636661437174752,0.07775578150766968,0.0012048080673446955
2828,-0.016366614370563946,0.07775578150792792,0.001204808067150447
2829,-0.016366614371155733,0.07775578195596362,0.001204808067150447
2830,-0.016366614370563946,0.07775578150741144,0.001204808067150447
2831,-0.016366614371155733,0.07775578150741144,0.001204808067150447
2832,-0.016366614371155733,0.07775578150766968,0.001204808067150447
2833,-0.016366614370563946,0.07775578195622186,0.001204808067150447
2834,-0.016366614371155733,0.07775578150766968,0.001204808067150447
2835,-0.016366614371155733,0.07775578150741144,0.0012048080673446955
2836,-0.016366614370563946,0.07775578150741144,0.001204808067150447
2837,-0.016366614371155733,0.07775578195622186,0.001204808067150447
2838,-0.016366614370563946,0.07775578150766968,0.001204808067150447
2839,-0.016366614371155733,0.07775578150741144,0.001204808067150447
2840,0.03592621969803732,-0.003120486607087957,0.003150114700181739
2841,0.035926219699220885,-0.003120486158277546,0.003150114700181739
2842,0.035926219699220885,-0.003120486607087957,0.003150114700181739
2843,0.035926219699220885,-0.0031204866076044247,0.003150114700181739
2844,0.035926219699220885,-0.003120486158277546,0.003150114700181739
2845,0.0359262196986291,-0.003120486607087957,0.003150114700375987
2846,0.035926219699220885,-0.003120486607087957,0.003150114700181739
2847,0.0359262196986291,-0.0031204861587940135,0.003150114700181739
2848,0.035926219699220885,-0.003120486607087957,0.003150114700181739
2849,0.035926219699220885,-0.003120486607087957,0.003150114700181739
2850,0.0359262196986291,-0.00312048615853578,0.003150114700181739
2851,0.035926219699220885,-0.0031204866073461907,0.003150114700181739
2852,0.035926219699220885,-0.003120486606829723,0.003150114700181739
2853,0.035926219699220885,-0.0031204861587940135,0.003150114700181739
2854,0.035926219699220885,-0.003120486607087957,0.003150114700181739
2855,0.03592621969803732,-0.0031204866076044247,0.003150114700375987
2856,0.035926219699220885,-0.0031204866065714892,0.003150114700181739
2857,0.035926219699220885,-0.0031204861587940135,0.003150114700181739
2858,0.035926219699220885,-0.003120486607087957,0.003150114700181739
2859,0.0359262196986291,-0.003120486607087957,0.003150114700181739
2860,0.035926219699220885,-0.003120486158277546,0.003150114700181739
2861,0.035926219699220885,-0.0031204866076044247,0.003150114700181739
2862,0.0359262196986291,-0.003120486607087957,0.003150114700181739
2863,0.035926219699220885,-0.003120486158277546,0.003150114700181739
2864,0.0359262196986291,-0.003120486607087957,0.003150114700181739
2865,0.035926219699220885,-0.0031204866076044247,0.003150114700375987
2866,0.035926219699220885,-0.003120486158277546,0.003150114700181739
2867,0.035926219699220885,-0.003120486607087957,0.003150114700181739
2868,0.035926219699220885,-0.0031204866073461907,0.003150114700181739
2869,0.03592621969803732,-0.00312048615853578,0.003150114700181739
2870,0.035926219699220885,-0.003120486607087957,0.003150114700181739
2871,0.3531027555174721,-0.5514496023005049,-0.01889669380750623
2872,0.35310275551688036,-0.5514496023005049,-0.01889669380750623
2873,0.3531027555636315,-0.5514496018519528,-0.01889669380750623
2874,0.3531027555174721,-0.5514496023005049,-0.01889669380750623
2875,0.3531027555174721,-0.5514496022999884,-0.01889669380750623
2876,0.21610152946880298,-0.6966794163019567,-1.044073289415968
2877,0.21610152942205182,-0.6966794163016985,-1.0440732894157738
2878,-0.6269829387732873,-0.6651077176644733,1.6897309655398656
2879,-0.36351904246516575,-0.4756775253907623,-1.3857988212855201
2880,-0.4557314061785711,-0.5914404208438507,-0.10432807677479712
2881,-0.45573140617620395,-0.5914404203952986,-0.10432807677499137
2882,-0.4557314061779793,-0.5914404203947822,-0.10432807677479712
2883,-0.4557314061779793,-0.5914404208438507,-0.10432807677499137
2884,-0.4557314061779793,-0.5914404208435925,-0.10432807677479712
2885,-0.45573140613063634,-0.5914404203950404,-0.10432807677499137
2886,-0.45573140617679575,-0.5914404203952986,-0.10432807677479712
2887,-0.4557314061773875,-0.5914404208435925,-0.10432807677479712
2888,-0.4557314061779793,-0.5914404208433343,-0.10432807677499137
2889,-0.4557314061779793,-0.5914404203952986,-0.10432807677479712
2890,-0.4557314061779793,-0.5914404203950404,-0.10432807677499137
2891,-0.45573140617679575,-0.5914404208435925,-0.10432807677479712
2892,-0.8377540558571854,-0.1915322372056339,-0.36062222567705826
2893,-0.8377540558104343,-0.19153223675759817,-0.360622225676864
2894,-1.3119890692018623,-0.41253412766750147,1.3480054336705076
2895,-0.8860557701539474,-0.41253412811657014,-0.21823658739804588
2896,-0.8860557701533556,-0.4125341276677597,-0.21823658739804588
2897,-0.8860557701539474,-0.41253412766750147,-0.21823658739804588
2898,-0.8860557701533556,-0.41253412811657014,-0.21823658739804588
2899,-0.8860557701533556,-0.4125341281163119,-0.21823658739804588
2900,-0.8860557701539474,-0.4125341276677597,-0.21823658739804588
2901,-0.8860557702001067,-0.4125341276677597,-0.21823658739804588
2902,-0.8860557701545392,-0.41253412811605367,-0.21823658739804588
2903,-0.8860557701527638,-0.4125341281163119,-0.21823658739804588
2904,-0.8860557701533556,-0.41253412766801795,-0.21823658739804588
2905,-0.8860557701539474,-0.4125341276677597,-0.21823658739804588
2906,-0.8860557701539474,-0.41253412811657014,-0.21823658739804588
2907,-0.7323684973152363,-0.9176813072121183,0.3228288380620458
2908,-0.6269829387726955,-0.41253412811657014,1.0062799018009556
2909,-1.1012179521658987,-0.6651077176642151,-0.01889669380750623
2910,-0.2581334839226249,-0.9808247044870851,1.6897309655398656
2911,-0.36351904246516575,-0.7913945126621845,-0.36062222567705826
2912,-0.6269829387726955,-0.9176813072123765,-2.069249885024236
2913,-0.6269829387732873,-0.791394512662701,-1.3857988212855201
2914,-1.101217952165307,-0.7282511149389237,2.3731820292787758
2915,-0.6269829387732873,-0.5388209226665038,-1.385798821285326
2916,-0.8377540558104343,-0.9176813076606705,0.6645543699314036
2917,-0.67967571804367,-0.6651077176642151,1.6897309655398656
2918,-0.9431396143523834,-0.6651077176644733,0.6645543699314036
2919,-0.67967571804367,-0.34939073039279284,-2.069249885024236
2920,-0.7265137440468619,-0.4756775253912788,-0.5504697433822787
2921,-0.7265137440480455,-0.4756775253912788,-0.5504697433822787
2922,-0.726513744093613,-0.47567752494246834,-0.5504697433822787
2923,-0.7265137440468619,-0.4756775253912788,-0.5504697433822787
2924,-0.7265137440468619,-0.47567752539102054,-0.5504697433820844
2925,-0.7265137440480455,-0.4756775253912788,-0.5504697433822787
2926,-0.726513744093613,-0.47567752494246834,-0.5504697433822787
2927,-0.7265137440468619,-0.4756775253912788,-0.5504697433822787
2928,-0.7265137440480455,-0.4756775253912788,-0.5504697433822787
2929,-0.41621182168879733,-0.7282511153877341,-0.360622225676864
2930,-0.6269829387732873,-0.7282511149389237,2.1453650080324724
2931,-0.6269829388194467,-0.7282511149394402,2.1453650080324724
2932,-0.6269829387732873,-0.7282511149391819,2.1453650080324724
2933,-0.7323684972684852,-1.2965416922070594,-2.069249885024236
2934,-0.2581334839226249,-0.9334671565309891,-0.18975945974228225
2935,-0.25813348397115143,-0.9334671565307309,-0.18975945974228225
2936,-0.25813348392203317,-0.9334671569797995,-0.18975945974228225
2937,-0.2581334839232167,-0.9334671565312473,-0.18975945974228225
2938,-0.2581334839238085,-1.1702548972083153,-0.01889669380750623
2939,-0.05488990678809471,-1.0755398008483459,-0.33621325911491967
2940,-0.05488990674134355,-1.0755398008478294,-0.33621325911472544
2941,-0.05488990678868649,-1.0755398012963815,-0.33621325911491967
2942,-0.05488990678987007,-1.0755398008480876,-0.33621325911491967
2943,-0.05488990678809471,-1.0755398008483459,-0.33621325911491967
2944,-0.05488990674134355,-1.0755398008478294,-0.33621325911472544
2945,-0.05488990678868649,-1.0755398012963815,-0.33621325911491967
2946,-0.05488990678809471,-1.0755398008480876,-0.33621325911491967
2947,-0.054889906742527125,-1.0755398008478294,-0.33621325911472544
2948,-0.05488990678868649,-1.0755398008480876,-0.33621325911491967
2949,-0.05488990678868649,-1.0755398008478294,-0.33621325911491967
2950,-0.05488990678868649,-1.0755398012966397,-0.33621325911491967
2951,-0.05488990674134355,-1.0755398008480876,-0.33621325911472544
2952,-0.05488990678868649,-1.0755398008480876,-0.33621325911491967
2953,0.42687264650595,-1.107111499933865,2.0314564974092235
2954,0.21610152942205182,-1.1071114994858293,0.6645543699314036
2955,0.058023191655879366,-0.7282511149386655,-0.360622225676864
2956,0.26879430869302634,-0.791394512662701,-0.7023477575464161
2957,0.005330412384904826,-0.9808247049356373,0.6645543699314036
2958,-0.20544070465283396,-0.6651077176644733,-4.803054139980264
2959,0.21610152946880298,-0.9492530058498599,-0.01889669380750623
2960,0.2161015294226436,-0.9492530062981539,-0.01889669380750623
2961,0.721952210366951,-0.8545379099374096,1.0062799018009556
2962,0.721952210366951,-0.8545379099374096,1.0062799018009556
2963,0.721952210366951,-0.8545379094888574,1.0062799018007613
2964,0.7219522103675428,-0.8545379099374096,1.0062799018009556
2965,0.721952210366951,-0.8545379099374096,1.0062799018009556
2966,0.5849509842721224,-1.0439681022106042,-1.385798821285326
2967,0.695126795475123,-0.8660185275422123,0.04323522107779623
2968,0.695126795475123,-0.8660185279907645,0.043235221077990486
2969,0.695126795475123,-0.8660185275419541,0.04323522107779623
2970,0.6951267954739394,-0.8660185275422123,0.04323522107779623
2971,0.695126795475123,-0.8660185275424706,0.04323522107779623
2972,0.6951267954289636,-0.8660185279907645,0.043235221077990486
2973,0.6951267954739394,-0.8660185275422123,0.04323522107779623
2974,0.695126795475123,-0.8660185275419541,0.04323522107779623
2975,0.695126795475123,-0.8660185275424706,0.04323522107779623
2976,0.695126795475123,-0.8660185279910227,0.043235221077990486
2977,0.695126795475123,-0.8660185275419541,0.04323522107779623
2978,0.637643763543097,-0.7072033158478707,0.4367373486851003
2979,0.6376437635892563,-0.7072033158473542,0.43673734868529457
2980,0.6376437635425052,-0.7072033158473542,0.4367373486851003
2981,0.6903365428140715,-0.6019643203895064,-3.4361520125022498
2982,0.8484148805802441,-0.9808247049358956,2.0314564974092235
2983,1.1645715562054995,-0.8545379099371514,-0.7023477575464161
2984,0.7430293220844543,-0.8545379094891157,3.0566330930176853
2985,0.47956542573076516,-0.7282511153874759,2.7149075611483275
2986,-0.2844798735353284,-1.107111499485571,-0.360622225676864
2987,-0.28447987358207955,-1.107111499933865,-0.36062222567705826
2988,-0.5084241854483621,-0.5072492240287622,-0.44605360864434923
2989,-0.5084241854483621,-0.5072492240285039,-0.44605360864434923
2990,-0.5084241854022027,-0.5072492240287622,-0.44605360864434923
2991,-0.5084241854483621,-0.5072492240285039,-0.44605360864434923
2992,-0.8904468350814089,-0.09681714039607923,2.7149075611483275
2993,-0.7323684973152363,-0.3493907303930511,-2.4109754168937876
2994,-0.890446835080817,-0.47567752539153696,-4.803054139980264
2995,-1.2066035107066644,-0.3493907303925346,2.3731820292787758
2996,-0.4257923270588351,-0.36661165724906547,0.07430117852044747
2997,-0.42579232701030856,-0.3666116567997386,0.07430117852064172
2998,-0.42579232705824327,-0.36661165724880723,0.07430117852044747
2999,-0.4257923270588351,-0.36661165679999685,0.07430117852064172
3000,-0.42579232705824327,-0.36661165724880723,0.07430117852044747
3001,-0.42579232701030856,-0.36661165679999685,0.07430117852064172
3002,-0.4257923270588351,-0.36661165724880723,0.07430117852044747
3003,-0.42579232705765147,-0.3666116567997386,0.07430117852064172
3004,-0.42579232705824327,-0.36661165724880723,0.07430117852044747
3005,-0.4257923270109003,-0.36661165679999685,0.07430117852064172
3006,-0.42579232705824327,-0.36661165724880723,0.07430117852044747
3007,0.7430293220850461,-0.6651077176642151,-1.044073289415968
3008,1.0591859976641422,-1.0439681022106042,0.6645543699315979
3009,0.6376437635425052,-1.1702548972088318,1.0062799018007613
3010,0.7430293220850461,-0.9176813072123765,5.4487118161041606
3011,0.42687264650595,-0.6921691735108586,-0.7511656906706934
3012,0.42687264645919887,-0.6921691739599273,-0.7511656906706934
3013,0.42687264650595,-0.6921691735108586,-0.7511656906706934
3014,0.4268726465053582,-0.6921691735108586,-0.7511656906704991
3015,0.42687264650595,-0.6921691735113751,-0.7511656906706934
3016,0.42687264645919887,-0.692169173959669,-0.7511656906706934
3017,0.42687264650595,-0.6921691735111168,-0.7511656906706934
3018,0.24244791908091468,-0.23362783494047903,-0.18975945974228225
3019,0.24244791908091468,-0.233627835388773,-0.18975945974228225
3020,0.24244791908091468,-0.23362783538928944,-0.18975945974208802
3021,0.24244791903416352,-0.23362783494047903,-0.18975945974228225
3022,0.24244791908032287,-0.2336278349402208,-0.18975945974228225
3023,0.24244791908091468,-0.23362783538928944,-0.18975945974228225
3024,0.24244791908091468,-0.233627835388773,-0.18975945974228225
3025,0.24244791908150645,-0.23362783494047903,-0.18975945974228225
3026,0.2424479190335717,-0.23362783494047903,-0.18975945974228225
3027,0.24244791908091468,-0.23362783538903123,-0.18975945974208802
3028,0.24244791908032287,-0.233627835388773,-0.18975945974228225
3029,0.24244791908150645,-0.2336278349409955,-0.18975945974228225
3030,1.0064932183931676,-0.9176813076604122,-2.069249885024236
3031,0.9011076598506268,-0.47567752494246834,3.3983586248872375
3032,0.16340875019723664,-0.1013273836357295,-1.1417091556643284
3033,0.16340875015166906,-0.10132738318691908,-1.1417091556643284
3034,0.16340875015048548,-0.10132738318743556,-1.1417091556643284
3035,0.16340875019782844,-0.10132738363521303,-1.1417091556645227
3036,0.16340875019842022,-0.10132738363598773,-1.1417091556643284
3037,0.16340875015048548,-0.10132738318691908,-1.1417091556643284
3038,0.16340875015107728,-0.10132738318691908,-1.1417091556643284
3039,0.16340875019842022,-0.1013273836357295,-1.1417091556643284
3040,0.16340875019782844,-0.10132738363547127,-1.1417091556643284
3041,0.16340875015107728,-0.10132738318691908,-1.1417091556643284
3042,0.16340875015048548,-0.10132738318691908,-1.1417091556645227
3043,0.16340875019782844,-0.1013273836357295,-1.1417091556643284
3044,0.16340875019782844,-0.1013273836357295,-1.1417091556643284
3045,0.16340875015107728,-0.10132738318691908,-1.1417091556643284
3046,-0.047362366886069714,-0.22310393539456516,11.599771389754737
3047,0.011185165652687543,-0.019641877210272014,0.3607983416029345
3048,0.011185165605936385,-0.019641877209755545,0.36079834160312874
3049,0.011185165652687543,-0.01964187721001378,0.3607983416029345
3050,0.01118516565327933,-0.019641877209755545,0.36079834160312874
3051,0.011185165605936385,-0.01964187721001378,0.3607983416029345
3052,0.011185165652687543,-0.019641877210272014,0.36079834160312874
3053,0.01118516565327933,-0.01964187720949731,0.3607983416029345
3054,0.011185165605344598,-0.019641877210272014,0.36079834160312874
3055,0.01118516565327933,-0.019641877209755545,0.3607983416029345
3056,-0.9958323936227661,-0.47567752494246834,-1.044073289415968
3057,-0.995832393623358,-0.6019643203897647,4.081809688626147
3058,-0.5215973802313382,-0.47567752539102054,-1.7275243531548778
3059,-0.6796757180442619,-0.5388209226659874,-2.4109754168937876
3060,-0.31082626319419127,-0.7282511149391819,-1.044073289415968
3061,0.16340875015107728,-0.8545379099374096,2.3731820292787758
3062,-0.1979131647496254,-0.24114490610859768,0.27401090493776864
3063,-0.19791316479578477,-0.24114490655714985,0.27401090493776864
3064,-0.19791316475021717,-0.24114490610911415,0.27401090493776864
3065,-0.19791316479637655,-0.24114490655714985,0.27401090493776864
3066,-0.1979131647496254,-0.24114490610859768,0.27401090493776864
3067,-0.19791316479696835,-0.24114490655766632,0.27401090493776864
3068,-0.19791316474903362,-0.24114490610833944,0.27401090493776864
3069,-0.33717265280630293,-0.3599146299387067,-0.8732105234811921
3070,-0.3371726528530541,-0.35991462993896495,-0.8732105234811921
3071,-0.3371726528524623,-0.3599146299387067,-0.8732105234811921
3072,-0.33717265280630293,-0.35991463038700067,-0.8732105234811921
3073,-0.33717265280630293,-0.35991462993896495,-0.8732105234811921
3074,-0.33717265285364584,-0.35991462993819023,-0.8732105234811921
3075,-0.811407666197139,-0.6966794163019567,1.5188681996050895
3076,-0.8114076661989144,-0.6966794163019567,1.5188681996050895
3077,-0.9431396143517916,-0.8545379099371514,3.0566330930178798
3078,-1.1539107314362815,-0.8545379099376679,1.3480054336703133
3079,-0.8377540558098425,-0.6019643203897647,-0.21416842630442084
3080,-0.8377540558577773,-0.601964319940696,-0.2141684263042266
3081,-0.8377540558098425,-0.6019643203895064,-0.21416842630442084
3082,-0.8377540558565937,-0.6019643199409542,-0.2141684263042266
3083,-0.8377540558104343,-0.60196432038899,-0.21416842630442084
3084,-0.8377540558571854,-0.6019643199409542,-0.2141684263042266
3085,-0.8377540558104343,-0.6019643203895064,-0.21416842630442084
3086,-0.7543238219992948,-0.4967253244828483,-0.07585094911903349
3087,-0.7543238219998866,-0.49672532448259005,-0.07585094911922774
3088,-0.7543238219992948,-0.4967253244831065,-0.07585094911903349
3089,-0.7543238219998866,-0.4967253244828483,-0.07585094911903349
3090,-0.7543238219992948,-0.4967253244828483,-0.07585094911922774
3091,-0.7543238219998866,-0.49672532448259005,-0.07585094911903349
3092,-0.7543238219998866,-0.4967253244831065,-0.07585094911903349
3093,-0.7543238219992948,-0.49672532448259005,-0.07585094911922774
3094,-0.7543238219992948,-0.4967253244828483,-0.07585094911903349
3095,-0.7543238219998866,-0.4967253244828483,-0.07585094911903349
3096,-0.7543238219998866,-0.49672532448259005,-0.07585094911922774
3097,-0.7543238219992948,-0.4967253244831065,-0.07585094911903349
3098,-0.7398960372178531,-0.7011896590920219,0.3228288380620458
3099,-0.7398960371699185,-0.7011896586439862,0.3228288380618516
3100,-0.7398960372178531,-0.7011896590925384,0.3228288380620458
3101,-0.739896037218445,-0.7011896590922801,0.3228288380620458
3102,-0.7398960372172614,-0.7011896590922801,0.3228288380620458
3103,-0.7398960371705102,-0.701189658643728,0.3228288380618516
3104,-0.7398960372178531,-0.7011896590925384,0.3228288380620458
3105,-0.4689046009603637,-0.22310393584337557,-5.144779671849622
3106,-0.574290159501721,-0.6019643199409542,0.3228288380618516
3107,-0.6269829388206303,-0.4756775253907623,-2.75270094876334
3108,-0.3785741222698075,-0.7372716005208616,-0.11653256005586643
3109,-0.37857412222305636,-0.737271600071793,-0.11653256005606068
3110,-0.3785741222703993,-0.7372716005203451,-0.11653256005586643
3111,-0.37857412222364817,-0.7372716005206034,-0.11653256005586643
3112,-0.3785741222698075,-0.7372716005203451,-0.11653256005586643
3113,-0.37857412222364817,-0.7372716000720513,-0.11653256005606068
3114,-0.3785741222703993,-0.7372716005200869,-0.11653256005586643
3115,-0.8377540558098425,-0.5388209231153143,3.7400841567567893
3116,-0.7850612765862109,-0.6019643199404378,2.7149075611483275
3117,-0.5215973802313382,-0.791394512662701,-1.7275243531548778
3118,-0.89044683512816,-0.47567752494246834,0.15196607212707552
3119,-0.890446835080817,-0.47567752539102054,0.15196607212726979
3120,-0.8904468350814089,-0.5388209231147978,-0.360622225676864
3121,-1.101217952165307,-1.2965416917585073,-0.01889669380750623
3122,-0.890446835080817,-0.9808247049358956,-0.36062222567705826
3123,-0.7323684973152363,-0.9176813072121183,-2.06924988502443
3124,-0.20544070469899334,-0.9176813072123765,-0.01889669380750623
3125,-0.2054407046516504,-0.9176813076609287,-0.01889669380750623
3126,0.16340875019782844,-1.0439681022106042,-0.01889669380750623
3127,-0.0473623668866615,-1.1702548972088318,-0.01889669380750623
3128,-0.46890460100711484,-0.6019643199409542,-0.01889669380750623
3129,-0.3635190424178228,-0.8545379099368932,-0.01889669380750623
3130,-0.6594092644678502,-0.9419672296553971,0.033676464941655625
3131,-0.6594092645146014,-0.941967229206845,0.033676464941655625
3132,-0.6594092644666667,-0.9419672296548807,0.033676464941655625
3133,-0.6594092644678502,-0.941967229206845,0.033676464941655625
3134,-0.6594092645140096,-0.9419672296548807,0.033676464941655625
3135,-0.6594092644678502,-0.941967229206845,0.033676464941655625
3136,-0.6594092644678502,-0.9419672296548807,0.033676464941655625
3137,-0.6594092644678502,-0.9419672292063285,0.033676464941655625
3138,-0.6594092645140096,-0.9419672296553971,0.033676464941655625
3139,-0.6594092644672584,-0.9419672292063285,0.033676464941655625
3140,-0.6594092644672584,-0.9419672296553971,0.033676464941655625
3141,-0.6594092645146014,-0.941967229206845,0.033676464941655625
3142,-0.6594092644678502,-0.9419672296548807,0.033676464941655625
3143,-0.39189207745308646,-0.10653150955281165,-0.2817624875533155
3144,-0.39189207745367827,-0.10653150955306988,-0.2817624875531212
3145,-0.39189207745367827,-0.10653150955255342,-0.2817624875533155
3146,-0.3918920774069271,-0.10653150955306988,-0.2817624875533155
3147,-0.39189207745367827,-0.10653150955306988,-0.2817624875531212
3148,-0.39189207745308646,-0.10653150955332812,-0.2817624875533155
3149,-0.39189207745367827,-0.10653150955255342,-0.2817624875533155
3150,-0.39189207745367827,-0.10653150955306988,-0.2817624875533155
3151,-0.39189207745367827,-0.10653150955281165,-0.2817624875531212
3152,-0.3918920774069271,-0.10653150955306988,-0.2817624875533155
3153,-0.39189207745308646,-0.10653150955255342,-0.2817624875533155
3154,-0.39189207745367827,-0.10653150955306988,-0.2817624875531212
3155,-0.39189207745367827,-0.10653150955306988,-0.2817624875533155
3156,-0.1527479254280188,-0.7282511149389237,-0.01889669380750623
3157,-0.9326010585164155,-1.473343204846253,0.3228288380620458
3158,-0.9326010585170073,-1.4733432048457364,0.3228288380618516
3159,-0.9326010584702561,-1.4733432048457364,0.3228288380620458
3160,-0.9326010585164155,-1.4733432048457364,0.3228288380618516
3161,-0.9326010585170073,-1.4733432048459947,0.3228288380620458
3162,-0.36351904246457395,-2.4331228458459684,-0.01889669380750623
3163,-0.047362366886069714,-0.9650388551684725,-1.044073289415968
3164,-0.047362366838726765,-0.9650388556167665,-1.044073289415968
3165,-0.0473623668866615,-0.9650388556170247,-1.044073289415968
3166,-0.047362366886069714,-0.9650388551684725,-1.044073289415968
3167,-0.02101597727395802,-0.791394512662701,2.2023192633439996
3168,-0.021015977227206863,-0.7913945122138906,2.2023192633441937
3169,-0.5215973802313382,-0.0757693417533201,-0.8162562681696649
3170,-0.5215973802774976,-0.07576934130450969,-0.8162562681694706
3171,-0.5215973802313382,-0.0757693417533201,-0.8162562681696649
3172,-0.17616693840623912,0.08559711869638612,-0.2467137150538095
3173,-0.17616693840623912,0.08559711824809217,-0.2467137150538095
3174,-0.17616693840623912,0.08559711869690259,-0.2467137150538095
3175,-0.17616693840683093,0.08559711869690259,-0.2467137150538095
3176,-0.17616693845180673,0.08559711824783395,-0.24671371505400375
3177,-0.17616693840623912,0.08559711869664435,-0.2467137150538095
3178,-0.17616693840623912,0.08559711869690259,-0.2467137150538095
3179,-0.17616693840623912,0.08559711824783395,-0.2467137150538095
3180,-0.17616693840623912,0.08559711869664435,-0.2467137150538095
3181,-0.5455486435365956,0.5460974513027574,0.26069692317654913
3182,-0.5455486435821633,0.5460974513027574,0.26069692317674337
3183,-0.5455486435365956,0.5460974513024993,0.26069692317654913
3184,-0.5455486435365956,0.5460974513030157,0.26069692317654913
3185,-0.545548643582755,0.5460974513024993,0.26069692317674337
3186,-0.5455486435360039,0.5460974517513096,0.26069692317654913
3187,-0.5455486435833468,0.5460974513024993,0.26069692317674337
3188,-0.5455486435360039,0.5460974513024993,0.26069692317654913
3189,-0.5455486435360039,0.5460974513024993,0.26069692317654913
3190,-0.545548643582755,0.5460974513024993,0.26069692317674337
3191,-0.5455486435360039,0.5460974513030157,0.26069692317654913
3192,-0.5790804121633643,-1.669661767502495,0.10536713596329295
3193,-0.5790804122101154,-1.6696617679505308,0.1053671359630987
3194,-0.5790804121627725,-1.6696617675027532,0.10536713596329295
3195,-0.5790804121633643,-1.6696617679510473,0.1053671359630987
3196,-0.5790804121633643,-1.669661767502495,0.10536713596329295
3197,-0.5790804122095237,-1.6696617679510473,0.1053671359630987
3198,-0.5790804121633643,-1.6696617675022367,0.10536713596329295
3199,-0.5790804121633643,-1.669661767950789,0.1053671359630987
3200,-0.5790804121633643,-1.6696617675022367,0.10536713596329295
3201,-0.5790804122095237,-1.6696617679513055,0.1053671359630987
3202,-0.579080412163956,-1.6696617675022367,0.10536713596329295
3203,-0.9431396143517916,-1.6754020767534485,-0.7023477575464161
3204,-0.6796757180442619,-1.193216132418179,0.10536713596329295
3205,-0.67967571804367,-1.1932161328672475,0.1053671359630987
3206,-0.6796757180442619,-1.193216132418179,0.10536713596329295
3207,-0.67967571804367,-1.1932161324186954,0.1053671359630987
3208,-0.6796757180442619,-1.193216132418179,0.10536713596329295
3209,-0.6796757180442619,-1.1932161328672475,0.1053671359630987
3210,-0.6796757180442619,-1.193216132418179,0.10536713596329295
3211,-0.6796757180442619,-1.1932161324184372,0.1053671359630987
3212,-0.67967571804367,-1.193216132418179,0.10536713596329295
3213,-0.6796757180442619,-1.1932161328672475,0.1053671359630987
3214,-0.6796757180442619,-1.193216132418179,0.10536713596329295
3215,-0.8377540558571854,-0.5072492240285039,1.1771426677357317
3216,-0.8377540558098425,-0.5072492240287622,1.1771426677357317
3217,-0.6269829387732873,-1.2333982944837987,-3.607014778437026
3218,-0.6269829387732873,-1.2333982944835404,-3.607014778437026
3219,-0.2581334839232167,-1.0439681022106042,2.0314564974094176
3220,-0.1790943150401305,-0.8545379099376679,1.6897309655398656
3221,-0.1790943150395387,-0.8545379099374096,1.6897309655398656
3222,-0.20544070465283396,-1.2965416917585073,3.0566330930176853
3223,-0.20544070469780976,-1.422828486756735,-3.777877544371802
3224,-0.2581334839238085,-1.1071114999336067,0.3228288380620458
3225,-0.36351904246516575,-1.1071114994858293,-0.7023477575464161
3226,-0.41621182168938914,-1.0439681022106042,4.423535220495699
3227,-0.2581334839699679,-1.4228284867564767,-4.461328608110712
3228,0.07910030337397449,-0.2167895960261168,-0.08724180018133894
3229,0.07910030332663154,-0.21678959557730637,-0.08724180018153319
3230,0.0791003033733827,-0.2167895960261168,-0.08724180018133894
3231,0.07910030332663154,-0.2167895955775646,-0.08724180018133894
3232,0.07910030337397449,-0.2167895960261168,-0.08724180018133894
3233,0.07910030337397449,-0.2167895960261168,-0.08724180018153319
3234,0.07910030332663154,-0.21678959557730637,-0.08724180018133894
3235,0.07910030337397449,-0.21678959602560033,-0.08724180018133894
3236,0.07910030332663154,-0.2167895955775646,-0.08724180018153319
3237,0.0791003033733827,-0.21678959602637501,-0.08724180018133894
3238,0.5849509842727143,-0.9808247049353791,-0.01889669380750623
3239,0.16340875019664486,-0.7282511149391819,-0.01889669380750623
3240,0.3258781528920542,-0.3283429313014815,0.4367373486851003
3241,0.32587815293821354,-0.3283429313012233,0.4367373486851003
3242,0.3258781528914624,-0.3283429313012233,0.4367373486851003
3243,0.3258781528914624,-0.3283429313012233,0.4367373486851003
3244,0.3258781528908706,-0.3283429313014815,0.4367373486851003
3245,0.3258781528920542,-0.3283429313012233,0.4367373486851003
3246,0.32587815293821354,-0.3283429313012233,0.43673734868529457
3247,0.3258781528914624,-0.3283429313012233,0.4367373486851003
3248,0.3258781528920542,-0.3283429313014815,0.4367373486851003
3249,0.32587815293762173,-0.3283429313012233,0.4367373486851003
3250,0.3258781528908706,-0.3283429313014815,0.4367373486851003
3251,0.3258781528920542,-0.3283429313012233,0.4367373486851003
3252,-0.15274792538067586,0.15575644870301356,-10.612388181761094
3253,-0.047362366886069714,-0.03367374312137059,5.106986284234609
3254,-0.0473623668866615,0.1241847500655301,1.5188681996050895
3255,-0.047362366886069714,0.12418475051408229,1.5188681996050895
3256,0.031676801997016515,-0.00210204448388716,-2.4109754168937876
3257,0.031676802043767674,-0.002102044484145394,-2.4109754168937876
3258,-0.34244193074707063,-0.14733185848533897,0.11779351894035343
3259,-0.34244193074766244,-0.14733185893414938,0.11779351894015919
3260,-0.3424419307938218,-0.14733185848508074,0.11779351894035343
3261,-0.34244193074766244,-0.14733185893414938,0.11779351894015919
3262,-0.34244193074707063,-0.14733185848533897,0.11779351894035343
3263,-2.112919314008354,-1.2333982944837987,-0.01889669380750623
3264,-2.112919314008946,-1.2333982944837987,-0.01889669380750623
3265,-2.112919314008354,-1.2333982949323508,-0.01889669380750623
3266,-2.112919314008946,-1.2333982944832822,-0.01889669380750623
3267,-2.112919314008354,-1.2333982944837987,-0.01889669380750623
3268,0.11071597092744569,-0.9176813072121183,3.3983586248872375
3269,-1.4700674070159696,-3.695990794483105,2.0314564974092235
3270,0.47956542577692457,-2.622553038118905,-4.80305413998007
3271,0.11824351078212773,-0.5929438348083432,1.0062799018009556
3272,0.11824351083006247,-0.592943834808085,1.0062799018009556
3273,0.11824351078212773,-0.5929438348078268,1.0062799018009556
3274,0.11824351082947068,-0.5929438352568954,1.0062799018007613
3275,0.11824351078331131,-0.5929438348083432,1.0062799018009556
3276,0.11824351082887889,-0.592943834808085,1.0062799018009556
3277,0.11824351078331131,-0.5929438348083432,1.0062799018009556
3278,0.3741798672343837,-0.28624733266927377,-4.461328608110712
3279,0.058023191655879366,0.10409366948140152,0.26069692317654913
3280,0.058023191655879366,0.10409366903310757,0.26069692317674337
3281,0.058023191655879366,0.10409366948165975,0.26069692317654913
3282,0.058023191655879366,0.10409366903259111,0.26069692317654913
3283,0.058023191655879366,0.10409366948165975,0.26069692317654913
3284,0.058023191608536424,0.10409366903310757,0.26069692317674337
3285,0.05802319165647115,0.10409366948140152,0.26069692317654913
3286,0.058023191655879366,0.10409366903336581,0.26069692317654913
3287,0.05802319165528758,0.10409366948140152,0.26069692317654913
3288,0.05802319165706294,0.10409366903284935,0.26069692317674337
3289,0.05802319165528758,0.10409366948140152,0.26069692317654913
3290,0.3741798671882243,-0.09681714084463142,-2.4109754168937876
3291,0.3741798672343837,-0.0968171403965957,-2.4109754168937876
3292,0.9538004391216013,-0.033673743570181006,3.740084156756595
3293,0.2879553193372323,-0.4699372165886192,-0.01889669380750623
3294,0.2879553193372323,-0.469937216140067,-0.01889669380750623
3295,0.28795531938339164,-0.4699372165891357,-0.01889669380750623
3296,0.2879553193372323,-0.4699372165886192,-0.01889669380750623
3297,0.2879553193372323,-0.469937216140067,-0.01889669380750623
3298,0.2879553193372323,-0.4699372165891357,-0.01889669380750623
3299,0.2879553193372323,-0.46993721614032524,-0.01889669380750623
3300,0.28795531933604873,-0.4699372165886192,-0.01889669380750623
3301,0.28795531938339164,-0.46993721658887744,-0.01889669380750623
3302,0.2879553193372323,-0.46993721613980877,-0.01889669380750623
3303,0.2879553193372323,-0.4699372165891357,-0.01889669380750623
3304,0.3539134136585639,-0.7913945126624428,-0.36062222567705826
3305,0.3539134136579721,-0.7913945122141488,-0.360622225676864
3306,0.35391341370531504,-0.7913945126624428,-0.36062222567705826
3307,0.3539134136585639,-0.7913945122141488,-0.360622225676864
3308,0.3539134136585639,-0.7913945126624428,-0.36062222567705826
3309,0.3539134136579721,-0.7913945126624428,-0.360622225676864
3310,0.35391341370531504,-0.7913945122141488,-0.36062222567705826
3311,0.35391341365738027,-0.7913945126624428,-0.360622225676864
3312,0.35391341365915563,-0.791394512662701,-0.36062222567705826
3313,0.3539134136579721,-0.7913945122141488,-0.360622225676864
3314,0.3539134137059068,-0.7913945126624428,-0.36062222567705826
3315,0.35391341365738027,-0.7913945122141488,-0.360622225676864
3316,0.3539134136585639,-0.7913945126624428,-0.36062222567705826
3317,0.11071597088010274,-0.7282511153879924,-1.044073289415968
3318,0.6903365428134798,-1.422828486756735,4.423535220495699
3319,2.1130415829427873,-0.7282511149391819,-1.7275243531548778
3320,0.058023191655879366,-0.5388209226659874,2.7149075611481335
3321,-4.7370197213465115,0.5977602309726635,-0.7023477575464161
3322,-0.8904468350814089,-0.09681714084463142,-8.220309458674814
3323,0.21610152942205182,-0.47567752539153696,5.106986284234609
3324,-1.89160964108908,-2.622553038119163,5.106986284234609
3325,-1.891609641136423,-1.8648322685778327,-2.75270094876334
3326,-0.31082626319419127,-1.4859718844799958,1.3480054336703133
3327,-1.364681848472837,-1.6122586790299294,-1.7275243531548778
3328,-0.15274792538185944,-1.1702548972088318,-1.7275243531548778
3329,0.16340875015166906,-0.7913945122138906,1.6897309655398656
3330,1.0591859976635505,-0.7282511153879924,-0.360622225676864
3331,0.5322582050478991,-1.1702548967600213,3.0566330930176853
3332,-0.20544070469899334,-0.9913486044818094,0.09501181681574254
3333,-0.2054407046516504,-0.9913486044815512,0.0950118168155483
3334,-0.20544070465224218,-0.9913486040329991,0.0950118168155483
3335,-0.20544070469899334,-0.9913486044812929,0.09501181681574254
3336,-0.20544070469899334,-0.9913486044815512,0.09501181681574254
3337,-0.20544070465283396,-0.9913486044815512,0.0950118168155483
3338,-1.1539107313889385,-2.117405858574288,-1.385798821285326
3339,-1.4700674069680348,-1.959547364938835,-2.06924988502443
3340,-1.4700674070153779,-1.9595473649385768,-2.069249885024236
3341,-1.2066035107060724,-1.0755398008480876,-0.01889669380750623
3342,-1.2066035106605049,-1.0755398012966397,-0.01889669380750623
3343,0.6376437635425052,-1.422828486756735,-0.01889669380750623
3344,-0.36351904246516575,-0.8545379099374096,-0.01889669380750623
3345,0.1107159709268539,-0.9176813072123765,4.423535220495699
3346,-1.4700674070141941,-2.0542624612995795,-0.01889669380750623
3347,-0.8377540558104343,-1.359685089481768,-1.898387119089654
3348,-0.8377540558571854,-1.3596850894822845,-1.898387119089654
3349,-0.8904468350814089,-1.3596850890334742,-0.01889669380750623
3350,-0.5215973802307464,-1.4859718844799958,-0.01889669380750623
3351,-0.6269829388200384,-0.9176813072121183,-0.01889669380750623
3352,-0.6269829387732873,-1.1071114999341232,-0.01889669380750623
3353,-1.5227601862396012,-1.1071114994853128,2.0314564974094176
3354,-0.9255753545951946,-0.9597769058445842,-0.01889669380750623
3355,-0.925575354641354,-0.9597769053952574,-0.01889669380750623
3356,-0.9255753545951946,-0.959776905844326,-0.01889669380750623
3357,-0.4952509906198183,-1.4544001853942183,2.8857703270831037
3358,-0.49525099061863476,-1.4544001858427706,2.8857703270829096
3359,-0.047362366886069714,-1.6122586790299294,-3.4361520125022498
3360,0.2687943087397775,-1.3596850894820263,-1.3857988212855201
3361,0.11071597087951095,-0.9808247044868269,-2.4109754168937876
3362,-0.10005514610970132,-1.1071114999341232,3.0566330930178798
3363,0.005330412384904826,-0.6019643199409542,1.3480054336703133
3364,0.21610152942205182,-0.5388209226659874,-0.7593020128581376
3365,0.21610152946880298,-0.5388209226659874,-0.7593020128579434
3366,0.21610152942146002,-0.5388209226659874,-0.7593020128579434
3367,0.21610152942205182,-0.5388209231142813,-0.7593020128581376
3368,0.21610152946880298,-0.5388209226662456,-0.7593020128581376
3369,0.21610152942205182,-0.5388209226662456,-0.7593020128579434
3370,0.980146828733713,-0.3809624290302763,2.7149075611483275
3371,0.980146828781056,-0.38096242947882847,2.7149075611483275
3372,0.6903365428140715,-0.6019643203895064,-4.461328608110712
3373,1.4280354525142127,-0.5388209226662456,1.3480054336703133
3374,0.22927472425118733,-1.0123964035731208,-0.44605360864434923
3375,0.22927472425118733,-1.0123964035728625,-0.44605360864434923
3376,0.22927472425177914,-1.0123964031248267,-0.44605360864434923
3377,0.22927472425177914,-1.0123964035728625,-0.44605360864434923
3378,0.4268726465053582,-1.5491152817552207,2.37318202927897
3379,0.637643763543097,-1.7385454740281572,-0.01889669380750623
3380,0.6464258934453628,-0.19679418653003866,-0.47453073630011283
3381,0.6464258933974282,-0.1967941865302969,-0.47453073630011283
3382,0.6464258934447711,-0.19679418697884907,-0.47453073630011283
3383,0.6464258933980199,-0.19679418653003866,-0.47453073630030707
3384,0.6464258934447711,-0.19679418653003866,-0.47453073630011283
3385,0.6464258934447711,-0.19679418697859083,-0.47453073630011283
3386,0.6464258933986117,-0.1967941865302969,-0.47453073630011283
3387,0.6464258934447711,-0.1967941865302969,-0.47453073630011283
3388,0.6464258933980199,-0.19679418652978042,-0.47453073630030707
3389,0.6464258934447711,-0.19679418653003866,-0.47453073630011283
3390,0.6464258933974282,-0.19679418697884907,-0.47453073630011283
3391,0.6464258934453628,-0.19679418653003866,-0.47453073630011283
3392,0.04167026013484981,-0.902439797432378,0.20499244776220027
3393,0.041670260182784545,-0.9024397978809302,0.20499244776200604
3394,0.041670260135441596,-0.9024397974326362,0.20499244776220027
3395,0.04167026018160097,-0.902439797880672,0.20499244776220027
3396,0.041670260135441596,-0.9024397974326362,0.20499244776220027
3397,0.04167026013603339,-0.9024397978811884,0.20499244776200604
3398,0.04167026018160097,-0.902439797432378,0.20499244776220027
3399,0.04167026013603339,-0.9024397978811884,0.20499244776220027
3400,0.041670260135441596,-0.9024397974321198,0.20499244776220027
3401,0.04167026018160097,-0.9024397974326362,0.20499244776200604
3402,0.041670260135441596,-0.9024397978811884,0.20499244776220027
3403,0.041670260182784545,-0.9024397974321198,0.20499244776220027
3404,0.04167026013484981,-0.9024397978811884,0.20499244776200604
3405,0.04167026013603339,-0.902439797432378,0.20499244776220027
3406,0.04167026018160097,-0.9024397978809302,0.20499244776220027
3407,0.041670260135441596,-0.902439797432378,0.20499244776220027
3408,0.041670260135441596,-0.9024397978811884,0.20499244776200604
3409,0.041670260182192755,-0.9024397974326362,0.20499244776220027
3410,0.041670260135441596,-0.902439797880672,0.20499244776220027
3411,0.041670260182192755,-0.9024397974326362,0.20499244776200604
3412,0.04167026013484981,-0.902439797432378,0.20499244776220027
3413,0.04167026013603339,-0.9024397978809302,0.20499244776220027
3414,0.041670260182784545,-0.902439797432378,0.20499244776220027
3415,0.04167026013484981,-0.9024397978811884,0.20499244776200604
3416,0.04167026013484981,-0.9024397974321198,0.20499244776220027
3417,0.041670260182784545,-0.9024397978814467,0.20499244776220027
3418,0.04167026013484981,-0.902439797432378,0.20499244776220027
3419,0.041670260182784545,-0.9024397978811884,0.20499244776200604
3420,0.041670260135441596,-0.902439797432378,0.20499244776220027
3421,0.005330412384904826,-3.5697039999331714,2.37318202927897
3422,-0.08688195132850052,-1.4070426374381224,-0.7023477575464161
3423,-0.08688195132672516,-1.4070426374378642,-0.7023477575464161
3424,-0.08688195132790873,-1.4070426374381224,-0.7023477575466104
3425,-0.08688195132731694,-1.4070426374383807,-0.7023477575464161
3426,-0.06843947860357305,-1.0565967818448634,0.4595190508097112
3427,-0.06843947855741367,-1.0565967818448634,0.4595190508097112
3428,-0.06843947860357305,-1.0565967813963113,0.45951905080990546
3429,-0.06843947855741367,-1.0565967818453799,0.4595190508097112
3430,-0.06843947860357305,-1.0565967818446051,0.4595190508097112
3431,0.16340875015107728,-1.107111499485571,-1.7275243531548778
3432,0.16340875019782844,-1.1071114994850546,-1.7275243531548778
3433,0.7430293220850461,-1.7385454740284154,1.3480054336703133
3434,1.0591859976641422,-0.9808247049356373,0.6645543699315979
3435,0.7957221013080858,-0.791394512662701,3.3983586248872375
3436,0.6376437635436888,-0.47567752494246834,-3.777877544371802
3437,0.8484148806269952,-0.15996053856866693,-0.7023477575464161
3438,1.3753426732426464,-0.7913945122138906,0.6645543699314036
3439,0.637643763543097,-0.6019643203895064,-0.01889669380750623
3440,0.38735306201735986,-0.4125341276677597,0.3228288380620458
3441,0.38735306206470277,-0.4125341281163119,0.3228288380618516
3442,0.3873530620635192,-0.41253412811605367,0.3228288380618516
3443,0.3873530620185434,-0.41253412766801795,0.3228288380620458
3444,0.2161015294676194,-0.7282511149391819,-0.360622225676864
3445,-0.5215973802313382,-0.6306658644012548,-0.08102860869280869
3446,-0.5215973802769058,-0.6306658644015131,-0.08102860869300295
3447,-0.5215973802313382,-0.6306658648500653,-0.08102860869280869
3448,-0.5215973802786812,-0.6306658644012548,-0.08102860869280869
3449,-0.5215973802313382,-0.6306658644017713,-0.08102860869280869
3450,-0.5215973802774976,-0.6306658644007385,-0.08102860869300295
3451,-0.5215973802313382,-0.6306658644017713,-0.08102860869280869
3452,-0.5215973802780893,-0.6306658644012548,-0.08102860869280869
3453,-0.5215973802313382,-0.6306658648500653,-0.08102860869280869
3454,-0.5215973802774976,-0.6306658644015131,-0.08102860869300295
3455,-0.5215973802313382,-0.6306658644012548,-0.08102860869280869
3456,-0.46890460100770665,-0.6651077176642151,-2.75270094876334
3457,-0.5215973802301547,-0.5388209226665038,3.740084156756595
3458,-0.44255821134884377,-1.1071114994850546,-0.01889669380750623
3459,-0.44255821134825196,-1.1071114999341232,-0.01889669380750623
3460,-0.6269829387726955,-1.1071114994853128,-0.01889669380750623
3461,-0.2581334839699679,-0.5388209226659874,-0.360622225676864
3462,0.019701170367467494,-0.8717588363446136,0.012169263635145
3463,0.01970117036865107,-0.871758836793424,0.012169263635145
3464,0.019701170366875707,-0.8717588363446136,0.012169263635145
3465,0.01970117036865107,-0.8717588363440971,0.012169263635145
3466,0.01970117036805928,-0.8717588367936823,0.012169263635145
3467,0.019701170366875707,-0.8717588363443554,0.012169263635339248
3468,0.019701170369242852,-0.8717588367931658,0.012169263635145
3469,0.019701170367467494,-0.8717588363446136,0.012169263635145
3470,0.019701170367467494,-0.8717588363446136,0.012169263635145
3471,0.01970117036805928,-0.8717588367929076,0.012169263635145
3472,0.01970117036805928,-0.8717588363451301,0.012169263635145
3473,0.7957221013554289,-0.2862473331180842,2.37318202927897
3474,0.42687264645919887,-0.6651077176642151,-1.044073289415968
3475,0.6903365428140715,-0.6651077176644733,-1.7275243531548778
3476,1.0064932183925759,-0.7282511149386655,1.6897309655398656
3477,0.9011076598985615,-1.2333982944837987,0.3228288380618516
3478,0.721952210366951,-0.8797952687578925,-0.01889669380750623
3479,0.721952210366951,-0.8797952692061864,-0.01889669380750623
3480,0.721952210366951,-0.879795268757376,-0.01889669380750623
3481,0.721952210366951,-0.8797952692067029,-0.01889669380750623
3482,0.7219522103681345,-0.879795268757376,-0.01889669380750623
3483,0.1634087501498937,-0.9808247044870851,-0.01889669380750623
3484,0.4795654257775163,-0.9176813076609287,-0.01889669380750623
3485,0.058023191655879366,-0.8545379099374096,-0.01889669380750623
3486,0.16340875015166906,-0.7913945122141488,-0.01889669380750623
3487,0.1107159709262621,-1.1071114999341232,-0.01889669380750623
3488,-0.15274792538126764,-1.043968102210346,-0.01889669380750623
3489,-0.10005514615704426,-0.6651077176644733,-0.01889669380750623
3490,-0.5742901595023128,-0.9808247044870851,-0.01889669380750623
3491,-0.3459547827073852,-1.0650159013019156,-0.01889669380750623
3492,-0.3459547827085688,-1.0650159017509842,-0.01889669380750623
3493,-0.3459547827085688,-1.0650159013024318,-0.01889669380750623
3494,0.532258205001148,-0.9176813072121183,-0.01889669380750623
3495,-0.36351904246516575,-0.9808247049353791,-0.01889669380750623
3496,-0.24056922416602794,-0.11786493993671743,-0.01889669380750623
3497,-0.2405692242127791,-0.11786493948790701,-0.01889669380750623
3498,-0.24056922416602794,-0.11786493993645919,-0.01889669380750623
3499,-0.2932620034370025,-0.5388209226662456,-0.01889669380750623
3500,-0.2932620034370025,-0.5388209231145396,-0.01889669380750623
3501,-0.2932620034375943,-0.5388209226659874,-0.01889669380750623
3502,0.3214870879640009,-0.4756775253912788,-0.01889669380750623
3503,0.32148708796340913,-0.41253412766750147,-0.01889669380750623
3504,0.08436958126858284,-0.23888978516250464,-0.10432807677479712
3505,0.08436958126799105,-0.23888978471317776,-0.10432807677479712
3506,0.08436958131415041,-0.23888978471317776,-0.10432807677499137
3507,0.08436958126799105,-0.23888978516172993,-0.10432807677479712
3508,0.05802319165647115,-0.791394512662701,-0.01889669380750623
3509,0.47956542577633277,-0.7913945122138906,-0.01889669380750623
3510,0.26879430869361814,-1.17025489720909,-0.01889669380750623
3511,0.4327273997263898,-0.38447039584452963,-0.01889669380750623
3512,0.4327273997743245,-0.3844703953962357,-0.01889669380750623
3513,0.4327273997263898,-0.38447039584452963,-0.01889669380750623
3514,0.43272739972757335,-0.3844703958447878,-0.01889669380750623
3515,0.4327273997743245,-0.38447039539597744,-0.01889669380750623
3516,0.432727399725798,-0.3844703958447878,-0.01889669380750623
3517,0.43272739972698154,-0.38447039584452963,-0.01889669380750623
3518,0.4327273997737327,-0.3844703953962357,-0.01889669380750623
3519,0.43272739972757335,-0.3844703958442714,-0.01889669380750623
3520,-0.2581334839232167,-1.17025489720909,-0.01889669380750623
3521,-0.2054407046516504,-1.0439681022106042,-0.01889669380750623
3522,0.23717864113896336,-1.403885467753769,-0.01889669380750623
3523,0.23717864114014695,-1.4038854673052168,-0.01889669380750623
3524,0.23717864114014695,-1.4038854677535109,-0.01889669380750623
3525,0.23717864113955514,-1.4038854677540273,-0.01889669380750623
3526,0.23717864113955514,-1.4038854673052168,-0.01889669380750623
3527,0.2371786411863063,-1.4038854677535109,-0.01889669380750623
3528,0.23717864113896336,-1.4038854677540273,-0.01889669380750623
3529,0.23717864114073872,-1.403885467753769,-0.01889669380750623
3530,0.23717864113955514,-1.4038854673052168,-0.01889669380750623
3531,0.23717864113955514,-1.4038854677535109,-0.01889669380750623
3532,-0.047362366886069714,-1.1702548972093483,-20.522428605975968
3533,-0.047362366886069714,-1.1702548967600213,-20.522428605975968
3534,-0.31082626319419127,-1.6754020767537068,3.740084156756595
3535,-0.6006365491144244,-1.201826595846057,0.15196607212726979
3536,-0.6006365491605838,-1.201826595846057,0.15196607212726979
3537,-0.2656610238258335,-0.9808247049356373,0.6157364368073206
3538,-0.2656610238252417,-0.9808247044870851,0.6157364368071264
3539,-0.2656610238258335,-0.9808247049358956,0.6157364368073206
3540,-0.26566102387258467,-0.9808247044870851,0.6157364368071264
3541,-0.2656610238252417,-0.9808247049356373,0.6157364368073206
3542,-0.2656610238264253,-0.9808247044870851,0.6157364368071264
3543,-0.2656610238258335,-0.9808247049358956,0.6157364368073206
3544,-0.27130667875176046,-0.6651077176642151,1.3480054336703133
3545,-0.2713066787535358,-0.6651077176644733,1.3480054336705076
3546,-0.2713066787050093,-0.6651077176642151,1.3480054336703133
3547,-0.2713066787535358,-0.6651077176644733,1.3480054336703133
3548,-0.23705637220452982,-0.6209073393922141,0.69872692311832
3549,-0.23705637225246454,-0.6209073393924723,0.6987269231185141
3550,-0.23705637225187276,-0.6209073393927306,0.69872692311832
3551,-0.23705637220571338,-0.6209073393924723,0.6987269231185141
3552,-0.23705637220571338,-0.6209073398410245,0.69872692311832
3553,-0.23705637225187276,-0.6209073393924723,0.69872692311832
3554,-0.23705637225246454,-0.6209073393927306,0.6987269231185141
3555,-0.2370563722051216,-0.6209073393922141,0.69872692311832
3556,-0.23705637220571338,-0.6209073393924723,0.6987269231185141
3557,-0.23705637225187276,-0.6209073393924723,0.69872692311832
3558,-0.27394131769995234,-0.6209073393927306,1.1771426677357317
3559,-0.2739413177467035,-0.6209073393922141,1.1771426677355374
3560,-0.2739413176987687,-0.6209073393924723,1.1771426677357317
3561,-0.27394131769995234,-0.6209073393924723,1.1771426677355374
3562,-0.2739413177467035,-0.6209073393927306,1.1771426677357317
3563,-0.27394131769995234,-0.6209073393922141,1.1771426677357317
3564,-0.27394131769995234,-0.6209073393924723,1.1771426677355374
3565,-0.27394131769995234,-0.6209073393924723,1.1771426677357317
3566,-0.2739413177461117,-0.6209073393927306,1.1771426677355374
3567,-0.27394131769995234,-0.6209073393922141,1.1771426677357317
3568,-0.48646886071755246,-0.9176813072123765,-1.4997073319085747
3569,-0.4864688607637118,-0.9176813076609287,-1.4997073319085747
3570,-0.48646886071696066,-0.9176813072123765,-1.4997073319085747
3571,0.005330412384904826,-0.8545379099374096,2.2023192633441937
3572,0.005330412384904826,-0.8545379099374096,2.2023192633439996
3573,-0.11761940591423303,-0.6230121194808177,-0.47453073630011283
3574,-0.11761940586748187,-0.6230121190325238,-0.47453073630011283
3575,-0.11761940591364124,-0.6230121194810759,-0.47453073630011283
3576,0.21610152946880298,-0.8861096085748931,2.2023192633439996
3577,0.21610152942146002,-0.8861096085751513,2.2023192633439996
3578,-0.10005514615704426,-0.9176813076609287,-1.385798821285326
3579,-0.3002877073582234,-0.6777363972987326,0.11779351894035343
3580,-0.300287707312064,-0.6777363968499222,0.11779351894015919
3581,-0.30028770735881516,-0.6777363972987326,0.11779351894035343
3582,-0.30028770731147225,-0.6777363968499222,0.11779351894015919
3583,-0.30028770735881516,-0.6777363972987326,0.11779351894035343
3584,-0.13957473059829148,-0.7124652656205693,0.5791229869641127
3585,-0.13957473059888326,-0.7124652656205693,0.5791229869639185
3586,-0.13957473059888326,-0.7124652656200529,0.5791229869641127
3587,-0.1395747305976997,-0.7124652656205693,0.5791229869641127
3588,0.2819675035215701,-0.6730006423239088,0.878132827349825
3589,0.2819675035233455,-0.6730006423233923,0.878132827349825
3590,0.2819675035221619,-0.6730006423239088,0.8781328273500193
3591,0.2819675035221619,-0.6730006423239088,0.878132827349825
3592,0.2819675035227537,-0.6730006423233923,0.878132827349825
3593,0.2819675035221619,-0.6730006423239088,0.8781328273500193
3594,0.2819675035221619,-0.6730006423233923,0.878132827349825
3595,0.2819675035221619,-0.6730006423239088,0.878132827349825
3596,0.16340875015107728,-0.5388209226659874,-3.4361520125022498
3597,-0.46890460100711484,-0.9176813072121183,1.0062799018009556
3598,-0.4689046009597719,-0.9176813076609287,1.0062799018007613
3599,-0.46890460100711484,-0.9176813072123765,1.0062799018009556
