time,dx,dy,dz
0,-0.003770956411144202,0.010046055492611507,-0.008562861452762171
1,0.27385523427203834,0.5279479790815221,0.39132340577138425
2,0.27385523427203834,0.5279479790815222,0.39132340577138425
3,0.2738552343149219,0.5279479790815222,0.39132340577138425
4,0.2738552342720386,0.527947979081522,0.39132340577138425
5,-0.8075378307757552,0.43655352177386453,-0.10265374785844902
6,-0.807537830732871,0.4365535222067955,-0.10265374785844902
7,-0.8075378307757548,0.43655352177386453,-0.10265374785844902
8,-0.807537830732871,0.4365535222067955,-0.10265374785844902
9,-0.8075378307757548,0.436553521773865,-0.10265374785844902
10,-0.8075378307757552,0.4365535222067955,-0.10265374785844902
11,-0.8075378307328711,0.4365535217738641,-0.10265374785844902
12,-0.8075378307757544,0.43655352220679644,-0.10265374785844902
13,-0.8075378307328722,0.436553521773865,-0.1026537478583581
14,-0.8075378307757539,0.4365535222067945,-0.10265374785844902
15,-0.8075378307328706,0.436553521773865,-0.10265374785844902
16,-0.8075378307757549,0.4365535222067945,-0.10265374785844902
17,-0.807537830775756,0.436553521773865,-0.10265374785844902
18,-0.8075378307328706,0.4365535222067955,-0.10265374785844902
19,-0.807537830775756,0.436553521773865,-0.10265374785844902
20,-0.8075378307328696,0.4365535222067955,-0.10265374785844902
21,-0.8075378307757539,0.4365535217738641,-0.10265374785844902
22,-1.1303699911135319,-0.2539823759117522,-0.008562861452762171
23,-1.1303699911564098,-0.2539823763446817,-0.008562861452762171
24,-1.1303699911135296,-0.2539823759117522,-0.008562861452762171
25,0.35352188032884996,0.8671229642625602,-0.09387193179392674
26,0.3535218802859656,0.8671229642625602,-0.09387193179392674
27,0.35352188032884785,0.8671229646954935,-0.09387193179392674
28,0.3535218802859656,0.8671229642625602,-0.09387193179383581
29,0.35352188032884996,0.8671229642625641,-0.09387193179392674
30,0.3535218803288457,0.8671229642625602,-0.09387193179392674
31,0.3535218802859677,0.8671229642625602,-0.09387193179392674
32,0.35352188032884785,0.8671229646954935,-0.09387193179392674
33,0.3535218802859656,0.8671229642625622,-0.09387193179392674
34,0.35352188032884785,0.8671229642625602,-0.09387193179392674
35,0.35352188032885207,0.8671229642625622,-0.09387193179392674
36,0.3535218802859635,0.8671229642625583,-0.09387193179383581
37,0.35352188032884996,0.8671229646954935,-0.09387193179392674
38,0.3535218802859635,0.8671229642625622,-0.09387193179392674
39,0.3535218803288489,0.8671229642625622,-0.09387193179392674
40,0.872747852997269,0.7552623979617886,0.08987068124858856
41,0.872747853040149,0.7552623979617886,0.08987068124858856
42,0.8727478529972679,0.7552623979617886,0.08987068124849763
43,0.8727478530401522,0.7552623983947161,0.08987068124858856
44,0.8727478529972669,0.7552623979617925,0.08987068124858856
45,0.8727478530401512,0.7552623979617886,0.08987068124858856
46,0.8727478529972673,0.7552623979617847,0.08987068124849763
47,0.8727478530401515,0.7552623979617886,0.08987068124858856
48,0.8727478529972671,0.7552623979617886,0.08987068124858856
49,0.8727478530401515,0.7552623983947201,0.08987068124858856
50,0.8727478529972673,0.7552623979617886,0.08987068124849763
51,0.8727478530401512,0.7552623979617886,0.08987068124858856
52,0.8727478529972673,0.7552623979617886,0.08987068124858856
53,0.7687540959451773,0.6030945328581946,-0.09387193179392674
54,0.7687540959880619,0.603094532425267,-0.09387193179392674
55,0.7687540959451765,0.6030945328581985,-0.09387193179392674
56,0.7687540959880619,0.6030945328581985,-0.09387193179383581
57,0.7687540959451776,0.603094532425267,-0.09387193179392674
58,0.7687540959880609,0.6030945328581985,-0.09387193179392674
59,0.7687540959451776,0.6030945328581946,-0.09387193179392674
60,0.768754095988063,0.6030945324252748,-0.09387193179392674
61,0.7687540959451765,0.6030945328581946,-0.09387193179392674
62,0.768754095988063,0.6030945328581946,-0.09387193179392674
63,0.7687540959451754,0.603094532425267,-0.09387193179392674
64,0.7687540959880619,0.6030945328581946,-0.09387193179383581
65,0.7687540959451776,0.6030945328582024,-0.09387193179392674
66,0.7687540959880619,0.6030945324252748,-0.09387193179392674
67,0.7687540959451754,0.6030945328581867,-0.09387193179392674
68,0.994073902919963,1.127089420325343,-0.008562861452762171
69,0.9940739029199651,1.1270894198924155,-0.008562861452762171
70,0.9940739029199588,1.127089420325343,-0.008562861452762171
71,0.11693608301819068,0.9849202647539446,-0.008562861452762171
72,0.11693608301818856,0.9849202643210171,-0.008562861452762171
73,0.11693608301819493,0.9849202643210171,-0.008562861452762171
74,0.11693608301818643,0.9849202647539523,-0.008562861452762171
75,0.020370451457572006,0.8935258078792149,-0.008562861452762171
76,0.020370451500452115,0.8935258074463029,-0.008562861452762171
77,0.354901389318061,0.7499059464575992,-0.008562861452762171
78,0.35490138936094534,0.7499059460246795,-0.008562861452762171
79,0.3549013893180631,0.749905946457607,-0.008562861452762171
80,0.35490138936094323,0.749905946457607,-0.008562861452762171
81,0.35490138931806525,0.749905946457607,-0.008562861452762171
82,0.35490138936094323,0.7499059460246795,-0.008562861452762171
83,0.354901389318061,0.749905946457607,-0.008562861452762171
84,-0.3497978027723759,0.6904270139584101,-0.808335395901055
85,-0.3497978028152645,0.6904270139584101,-0.808335395901055
86,-0.34979780277237804,0.6904270139584101,-0.808335395901055
87,-0.34979780277238226,0.6904270139584101,-0.808335395901055
88,-0.3497978028152645,0.6904270139584179,-0.808335395901055
89,-0.34979780277237804,0.6904270139584101,-0.808335395901055
90,-0.2982961326410235,0.9910132286321757,-0.3124764245431098
91,-0.2982961326410171,0.9910132281992481,-0.3124764245431098
92,-0.29829613259813914,0.9910132281992637,-0.3124764245431098
93,-0.29829613264101923,0.9910132286321757,-0.3124764245431098
94,-0.2982961326410235,0.9910132286321912,-0.3124764245431098
95,-0.29829613259813703,0.9910132281992481,-0.3124764245431098
96,-0.2982961326410235,0.9910132281992559,-0.3124764245431098
97,-0.29829613264101923,0.9910132286321757,-0.3124764245431098
98,-0.2982961326410235,0.9910132286321757,-0.3124764245431098
99,-0.2982961326410235,0.9910132281992637,-0.31247642454320074
100,-0.29829613259813914,0.9910132286321834,-0.3124764245431098
101,-0.29829613264101923,0.9910132281992559,-0.3124764245431098
102,-0.29829613264102134,0.9910132286321912,-0.3124764245431098
103,-0.29829613259813703,0.9910132281992403,-0.3124764245431098
104,-0.29829613264102134,0.9910132281992403,-0.3124764245431098
105,-0.2982961326410235,0.9910132286321912,-0.3124764245431098
106,-0.29829613264102134,0.9910132286321912,-0.3124764245431098
107,-0.29829613264102134,0.9910132281992559,-0.3124764245431098
108,-0.29829613259813703,0.9910132281992403,-0.3124764245431098
109,-0.29829613264102134,0.9910132286321912,-0.3124764245431098
110,-0.23311433131401793,0.9392230358836483,-0.008562861452762171
111,-0.23311433135689805,0.9392230363165837,-0.008562861452762171
112,-0.23311433135689805,0.939223035883664,-0.008562861452762171
113,-0.23311433131401582,0.939223036316568,-0.008562861452762171
114,-0.23311433131401793,0.939223035883664,-0.008562861452762171
115,-0.23311433135690018,0.9392230358836483,-0.008562861452762171
116,-0.23311433135690018,0.9392230363165837,-0.008562861452762171
117,-0.23311433131401368,0.939223035883664,-0.008562861452762171
118,-0.23311433131401793,0.9392230363165837,-0.008562861452762171
119,-0.23311433135689805,0.939223035883664,-0.008562861452762171
120,-0.23311433135690018,0.9392230358836483,-0.008562861452762171
121,-0.23311433131401582,0.9392230363165837,-0.008562861452762171
122,-0.23311433131401688,0.939223035883664,-0.008562861452762171
123,-0.233114331356897,0.939223036316568,-0.008562861452762171
124,-0.23311433135690018,0.939223035883664,-0.008562861452762171
125,-0.23311433131401582,0.9392230358836483,-0.008562861452762171
126,-0.23311433131401582,0.9392230363165837,-0.008562861452762171
127,-0.23311433135690018,0.9392230358836483,-0.008562861452762171
128,-0.23311433135690018,0.9392230363165992,-0.008562861452762171
129,-0.23311433131401688,0.9392230358836328,-0.008562861452762171
130,-0.5863836000830351,0.765573567735099,-0.008562861452762171
131,-0.5863836000830395,0.7655735673021481,-0.008562861452762171
132,-0.5863836000830362,0.7655735677350833,-0.008562861452762171
133,-0.5863836000830384,0.765573567735099,-0.008562861452762171
134,-0.5863836000830368,0.7655735673021481,-0.008562861452762171
135,-0.5863836000830378,0.765573567735099,-0.008562861452762171
136,-0.5863836000830368,0.7655735677350833,-0.008562861452762171
137,-0.5863836000401534,0.7655735673021636,-0.008562861452762171
138,-0.5863836000830376,0.7655735677350833,-0.008562861452762171
139,-0.5863836000830372,0.7655735677350833,-0.008562861452762171
140,-0.5863836000830375,0.7655735673021636,-0.008562861452762171
141,-0.5863836000830371,0.7655735677350833,-0.008562861452762171
142,-0.5863836000830375,0.7655735677350833,-0.008562861452762171
143,-0.5863836000830372,0.7655735673021636,-0.008562861452762171
144,-0.5863836000830377,0.7655735677350678,-0.008562861452762171
145,0.14107749088690505,0.6498072553474373,-0.008562861452762171
146,0.14107749092978805,0.6498072549144864,-0.008562861452762171
147,0.1410774909297882,0.6498072553474218,-0.008562861452762171
148,0.1410774908869045,0.6498072553474373,-0.008562861452762171
149,0.1410774908869045,0.6498072549144709,-0.008562861452762171
150,0.14107749092978833,0.6498072553474373,-0.008562861452762171
151,-0.18310712929718898,0.9152863926019948,0.21994357696107475
152,-0.18310712925430542,0.9152863926020259,0.21994357696098382
153,-0.18310712929718884,0.9152863926019948,0.21994357696107475
154,-0.18310712929718923,0.9152863921690595,0.21994357696098382
155,-0.18310712929718898,0.9152863926020259,0.21994357696107475
156,-0.18310712925430514,0.9152863926019948,0.21994357696098382
157,-0.18310712929718923,0.9152863926020104,0.21994357696107475
158,-0.19690221948950357,0.9239906264045384,-0.808335395901055
159,-0.19690221948950357,0.9239906268374581,-0.808335395901055
160,0.19204268532882418,0.8935258074463029,-0.008562861452762171
161,0.19204268532882418,0.8935258074462717,-0.008562861452762171
162,0.19204268537170802,0.8935258074463029,-0.008562861452762171
163,0.19204268532882446,0.8935258074463029,-0.008562861452762171
164,0.19204268532882418,0.8935258078792071,-0.008562861452762171
165,0.19204268532882432,0.8935258074462874,-0.008562861452762171
166,0.1920426853288246,0.8935258074463029,-0.008562861452762171
167,0.19204268532882432,0.8935258074462874,-0.008562861452762171
168,0.19204268532882413,0.8935258074462874,-0.008562861452762171
169,0.19204268537170816,0.8935258074462874,-0.008562861452762171
170,0.1920426853288243,0.8935258074462717,-0.008562861452762171
171,0.19204268532882435,0.8935258074463029,-0.008562861452762171
172,0.19204268532882435,0.8935258074463029,-0.008562861452762171
173,0.19204268532882424,0.8935258078792071,-0.008562861452762171
174,0.19204268537170816,0.8935258074462874,-0.008562861452762171
175,0.19204268532882418,0.8935258074463029,-0.008562861452762171
176,0.19204268532882446,0.8935258074462874,-0.008562861452762171
177,0.19204268532882446,0.8935258074462874,-0.008562861452762171
178,-0.48659911412848506,0.7107368932638927,-0.808335395901055
179,-0.4865991141713686,0.7107368932639238,-0.808335395901055
180,0.10486537910527609,0.8935258074463029,0.39132340577138425
181,0.10486537906239234,0.8935258074463029,0.39132340577138425
182,0.10486537906239234,0.8935258078791916,0.39132340577138425
183,0.10486537910527602,0.8935258074463029,0.39132340577138425
184,-0.43026916240623075,0.7310467725693985,-0.2751537062688901
185,-0.43026916240623075,0.7310467725693985,-0.27515370626879915
186,-0.43026916240623075,0.7310467730023182,-0.2751537062688901
187,-0.43026916244911473,0.7310467725694296,-0.2751537062688901
188,-0.4302691624062309,0.7310467725693985,-0.27515370626879915
189,-0.43026916240623064,0.7310467725693985,-0.2751537062688901
190,-0.768867883275998,0.5818472741281658,0.11447906692392625
191,-0.7688678832759976,0.5818472745611478,0.11447906692383532
192,-0.7688678832759982,0.5818472741281658,0.11447906692392625
193,-0.7688678833188815,0.5818472745611478,0.11447906692392625
194,-0.7688678832759988,0.5818472741281658,0.11447906692383532
195,-0.7688678832759966,0.5818472745611167,0.11447906692392625
196,-0.7688678832759988,0.5818472741281658,0.11447906692392625
197,-0.7688678832759988,0.5818472745611478,0.11447906692392625
198,-0.7688678832759955,0.5818472741281658,0.11447906692383532
199,-0.7688678833188831,0.5818472745611478,0.11447906692392625
200,-0.7688678832759976,0.5818472741281658,0.11447906692392625
201,-0.7688678832759976,0.5818472745611167,0.11447906692383532
202,-0.7688678832759998,0.5818472741281969,0.11447906692392625
203,-0.4962556773102756,0.7716665311803791,-0.008562861452762171
204,-0.4962556773102777,0.77166653161333,-0.008562861452762171
205,-0.4962556772673934,0.7716665311803791,-0.008562861452762171
206,-0.4962556773102777,0.77166653161333,-0.008562861452762171
207,-0.4962556773102777,0.7716665311803791,-0.008562861452762171
208,-0.4962556773102777,0.7716665311804103,-0.008562861452762171
209,-0.4962556773102777,0.7716665316132989,-0.008562861452762171
210,-0.4962556772673912,0.7716665311804414,-0.008562861452762171
211,-0.4962556773102756,0.7716665316132989,-0.008562861452762171
212,-0.496255677310282,0.7716665311804103,-0.008562861452762171
213,-0.5831647456891025,0.7107368932638771,-0.808335395901055
214,-0.5831647456891067,0.7107368932639082,-0.808335395901055
215,0.03485529618737224,0.923990626404554,-0.008562861452762171
216,0.034855296230256586,0.9239906268374114,-0.008562861452762171
217,0.0348552961873786,0.923990626404554,-0.008562861452762171
218,0.03485529623025446,0.9239906268374737,-0.008562861452762171
219,0.03485529618737435,0.9239906264045228,-0.008562861452762171
220,-0.5252253667698845,0.729015784898617,-0.008562861452762171
221,-0.5252253667698845,0.7290157844656971,-0.008562861452762171
222,-0.5252253667698931,0.7290157848985858,-0.008562861452762171
223,-0.5252253667698824,0.7290157844656971,-0.008562861452762171
224,-0.525225366769891,0.729015784898617,-0.008562861452762171
225,-0.8594497470629267,0.5956475769107877,0.08030075348591684
226,-0.8594497470629267,0.59564757691085,0.08030075348591684
227,-0.8594497470629224,0.5956475769107877,0.08030075348600775
228,-0.8594497470629267,0.59564757691085,0.08030075348591684
229,-0.859449747062931,0.5956475769107877,0.08030075348591684
230,-0.8594497470629224,0.5956475769107877,0.08030075348591684
231,-0.859449747062931,0.59564757691085,0.08030075348600775
232,-0.8594497470629267,0.5956475769107877,0.08030075348591684
233,-0.8594497470629224,0.59564757691085,0.08030075348591684
234,-0.859449747062931,0.5956475773437386,0.08030075348591684
235,-0.8594497470629224,0.5956475769107877,0.08030075348591684
236,-0.8594497470629267,0.59564757691085,0.08030075348600775
237,-0.859449747062931,0.5956475769107877,0.08030075348591684
238,-0.8594497470629224,0.59564757691085,0.08030075348591684
239,-0.8594497470629267,0.5956475769107877,0.08030075348591684
240,-0.859449747062931,0.5956475769108189,0.08030075348600775
241,-0.8594497470629182,0.5956475769108189,0.08030075348591684
242,-0.859449747062931,0.5956475769108189,0.08030075348591684
243,-0.9694272718887098,0.336019619298271,0.0714143919920853
244,-0.9694272718887056,0.336019618865289,0.0714143919920853
245,-0.9694272718887141,0.33601961929823987,0.07141439199199438
246,-0.9694272718458233,0.336019619298271,0.0714143919920853
247,-0.9694272718887184,0.336019618865289,0.0714143919920853
248,-0.9694272718887014,0.336019619298271,0.0714143919920853
249,-0.9694272718887098,0.336019619298271,0.0714143919920853
250,-0.9694272718887098,0.33601961929823987,0.07141439199199438
251,-0.9694272718887014,0.33601961886532017,0.0714143919920853
252,-0.9694272718458403,0.33601961929823987,0.0714143919920853
253,-0.9694272718887098,0.33601961929823987,0.0714143919920853
254,-0.9694272718887014,0.3360196188653513,0.0714143919920853
255,-0.9694272718887098,0.33601961929823987,0.07141439199199438
256,-0.9694272718887098,0.336019619298271,0.0714143919920853
257,-0.9694272718887098,0.3360196192982087,0.0714143919920853
258,-0.9694272718887098,0.3360196188653513,0.0714143919920853
259,-0.9694272718458233,0.33601961929823987,0.0714143919920853
260,-0.9694272718887098,0.33601961929823987,0.07141439199199438
261,-0.9694272718887098,0.33601961886532017,0.0714143919920853
262,-0.9694272718887014,0.336019619298271,0.0714143919920853
263,-0.46372830667843,0.7572358274405161,-0.008562861452762171
264,-0.46372830667843,0.7572358278734982,-0.008562861452762171
265,-0.46372830667843,0.7572358274405161,-0.008562861452762171
266,-0.46372830667843,0.7572358278734982,-0.008562861452762171
267,-0.46372830667843,0.7572358274405784,-0.008562861452762171
268,-0.4637283066784215,0.7572358278734358,-0.008562861452762171
269,-0.4637283066784385,0.7572358274405473,-0.008562861452762171
270,-0.4637283066784215,0.7572358274405473,-0.008562861452762171
271,-0.4637283066784385,0.757235827873467,-0.008562861452762171
272,-0.46372830663554354,0.7572358274405784,-0.008562861452762171
273,-0.4637283066784215,0.7572358278734358,-0.008562861452762171
274,-0.4637283066784385,0.7572358274405784,-0.008562861452762171
275,-0.4637283066784215,0.7572358274405161,-0.008562861452762171
276,-0.46372830667843,0.757235827873467,-0.008562861452762171
277,-0.4637283066784215,0.7572358274405473,-0.008562861452762171
278,-0.4637283066784215,0.757235827873467,-0.008562861452762171
279,-0.46372830667843,0.7572358274405473,-0.008562861452762171
280,-0.463728306678447,0.757235827873467,-0.008562861452762171
281,-0.46372830667840453,0.7572358274405473,-0.008562861452762171
282,0.5112457451597243,0.8862722790610879,-0.008562861452762171
283,0.5112457452026192,0.8862722790609945,-0.008562861452762171
284,0.5112457451597413,0.8862722794940077,-0.008562861452762171
285,0.5112457451597328,0.8862722790610568,-0.008562861452762171
286,0.5112457452026192,0.8862722790610256,-0.008562861452762171
287,0.5112457451597413,0.8862722790610568,-0.008562861452762171
288,0.5112457451597497,0.8862722794940077,-0.008562861452762171
289,0.5112457452026022,0.8862722790610568,-0.008562861452762171
290,0.5112457451597413,0.8862722790610256,-0.008562861452762171
291,0.5112457451597328,0.8862722790610568,-0.008562861452762171
292,0.5112457452026192,0.8862722794940077,-0.008562861452762171
293,0.5112457451597497,0.8862722790610256,-0.008562861452762171
294,0.5112457451597328,0.8862722790610568,-0.008562861452762171
295,0.5112457452026108,0.8862722790610879,-0.008562861452762171
296,0.5112457451597497,0.8862722794939765,-0.008562861452762171
297,0.5112457451597328,0.8862722790610568,-0.008562861452762171
298,0.5112457452026192,0.8862722790610256,-0.008562861452762171
299,0.5112457451597413,0.8862722790610879,-0.008562861452762171
300,0.5112457451597328,0.8862722794939454,-0.008562861452762171
301,0.5112457452026192,0.8862722790610879,-0.008562861452762171
302,0.5112457451597413,0.8862722790610256,-0.008562861452762171
303,0.5425872220675052,0.8823019266635523,-0.09274944402622361
304,0.5425872221103831,0.8823019270964408,-0.09274944402631453
305,0.5425872220675136,0.8823019266635523,-0.09274944402622361
306,0.5425872220675052,0.8823019266635211,-0.09274944402631453
307,0.5425872220675136,0.8823019270965031,-0.09274944402622361
308,0.5425872221103831,0.88230192666349,-0.09274944402631453
309,0.5425872220675052,0.8823019270965031,-0.09274944402622361
310,0.5425872220675136,0.8823019266635211,-0.09274944402631453
311,0.5425872220675052,0.8823019266635523,-0.09274944402622361
312,0.5425872221103831,0.8823019270964408,-0.09274944402631453
313,0.5425872220675052,0.8823019266635523,-0.09274944402622361
314,0.5425872220675136,0.8823019266635211,-0.09274944402631453
315,0.5425872220675052,0.882301927096472,-0.09274944402622361
316,0.5425872221103831,0.8823019266635211,-0.09274944402631453
317,0.5425872220675052,0.882301927096472,-0.09274944402622361
318,0.5425872220675136,0.8823019266635523,-0.09274944402631453
319,0.5425872220675052,0.8823019266635211,-0.09274944402622361
320,0.5425872221103917,0.882301927096472,-0.09274944402631453
321,0.5425872220675052,0.8823019266635523,-0.09274944402622361
322,0.6055121950287912,0.7673144144955671,-0.08473167425734417
323,0.6055121949858963,0.7673144140626474,-0.08473167425734417
324,0.6055121950287912,0.7673144144956295,-0.0847316742574351
325,0.6055121950287912,0.7673144144955983,-0.08473167425734417
326,0.6055121950287742,0.7673144144955983,-0.08473167425734417
327,0.6055121949859047,0.7673144140626164,-0.08473167425734417
328,0.6055121950287912,0.7673144144955983,-0.08473167425734417
329,0.6055121950287912,0.7673144144956295,-0.0847316742574351
330,0.6055121949858963,0.7673144140626164,-0.08473167425734417
331,0.6055121950287912,0.7673144144955983,-0.08473167425734417
332,0.605512195028787,0.7673144144955983,-0.08473167425734417
333,0.6055121950287827,0.7673144144956295,-0.08473167425734417
334,0.6055121949859047,0.7673144140626164,-0.08473167425734417
335,0.605512195028787,0.7673144144955983,-0.0847316742574351
336,0.6055121950287827,0.7673144144955983,-0.08473167425734417
337,0.6055121949859089,0.7673144140626786,-0.08473167425734417
338,0.6055121950287827,0.7673144144955983,-0.08473167425734417
339,0.6055121950287912,0.7673144144955671,-0.08473167425734417
340,0.605512195028787,0.7673144144955983,-0.0847316742574351
341,0.6055121949858963,0.7673144140626786,-0.08473167425734417
342,0.6055121950287912,0.7673144144955983,-0.08473167425734417
343,0.678223816383897,0.7412017122221592,-0.008562861452762171
344,0.678223816383897,0.7412017126550479,-0.008562861452762171
345,0.6782238164267792,0.741201712222128,-0.008562861452762171
346,0.678223816383897,0.7412017122221592,-0.008562861452762171
347,0.678223816383897,0.7412017122221592,-0.008562861452762171
348,0.678223816383897,0.741201712222128,-0.008562861452762171
349,0.678223816383897,0.7412017126551101,-0.008562861452762171
350,0.678223816383897,0.741201712222128,-0.008562861452762171
351,0.6782238164267834,0.7412017122221592,-0.008562861452762171
352,0.678223816383897,0.7412017126550479,-0.008562861452762171
353,0.678223816383897,0.7412017122221904,-0.008562861452762171
354,0.678223816383897,0.7412017122221592,-0.008562861452762171
355,0.678223816383897,0.741201712222128,-0.008562861452762171
356,0.6782238164267834,0.7412017122221592,-0.008562861452762171
357,0.6782238163838927,0.7412017126551101,-0.008562861452762171
358,0.678223816383897,0.741201712222128,-0.008562861452762171
359,0.6292704059703499,0.7987463703986728,-0.09742647639144117
360,0.6292704059274591,0.7987463708316236,-0.09742647639144117
361,0.6292704059703499,0.7987463703986728,-0.09742647639153208
362,0.6292704059274633,0.7987463703987351,-0.09742647639144117
363,0.6292704059703477,0.7987463703986728,-0.09742647639144117
364,0.6292704059703456,0.7987463708316236,-0.09742647639144117
365,0.6292704059274633,0.7987463703987039,-0.09742647639153208
366,0.6292704059703477,0.7987463703986728,-0.09742647639144117
367,0.6292704059703499,0.7987463703987351,-0.09742647639144117
368,0.6292704059274612,0.7987463708316236,-0.09742647639144117
369,0.6292704059703456,0.7987463703986728,-0.09742647639144117
370,0.6292704059274633,0.7987463703986728,-0.09742647639153208
371,0.6292704059703456,0.7987463708316236,-0.09742647639144117
372,0.6292704059703477,0.7987463703987351,-0.09742647639144117
373,0.6292704059274644,0.7987463703987039,-0.09742647639144117
374,0.6292704059703456,0.7987463703986728,-0.09742647639153208
375,0.6292704059274644,0.7987463708316236,-0.09742647639144117
376,0.6292704059703456,0.7987463703986728,-0.09742647639144117
377,0.5756228328668183,0.8406132269225506,-0.07591212751158587
378,0.5756228328668183,0.8406132273554704,-0.07591212751158587
379,0.5756228328668194,0.8406132269225506,-0.07591212751149495
380,0.5756228328668173,0.8406132269225195,-0.07591212751158587
381,0.5756228329097026,0.8406132273555327,-0.07591212751158587
382,0.5756228328668183,0.8406132269224572,-0.07591212751158587
383,0.5756228328668177,0.8406132273555327,-0.07591212751158587
384,0.5756228328668177,0.8406132269225195,-0.07591212751149495
385,0.5756228328668183,0.8406132269225195,-0.07591212751158587
386,0.575622832866818,0.8406132273554704,-0.07591212751158587
387,0.5756228328668181,0.8406132269225195,-0.07591212751158587
388,0.5756228328668181,0.8406132269225818,-0.07591212751149495
389,0.5756228328668181,0.8406132273554704,-0.07591212751158587
390,0.5756228328668181,0.8406132269225195,-0.07591212751158587
391,0.5756228329097018,0.8406132273554704,-0.07591212751158587
392,0.5756228328668183,0.8406132269225195,-0.07591212751158587
393,0.5756228328668183,0.8406132269225818,-0.07591212751149495
394,0.5756228328668177,0.840613227355408,-0.07591212751158587
395,0.5756228328668183,0.8406132269225818,-0.07591212751158587
396,0.5695874809103608,0.8516366813786844,-0.008562861452762171
397,0.5695874808674765,0.8516366813787467,-0.008562861452762171
398,0.5695874809103614,0.8516366813786844,-0.008562861452762171
399,0.5695874809103603,0.8516366813786844,-0.008562861452762171
400,0.5695874809103603,0.8516366809457958,-0.008562861452762171
401,0.5695874809103614,0.8516366813786844,-0.008562861452762171
402,0.5695874808674759,0.8516366813787467,-0.008562861452762171
403,0.5695874809103625,0.8516366813786844,-0.008562861452762171
404,0.5695874809103614,0.8516366813786844,-0.008562861452762171
405,0.5695874808674749,0.8516366813787467,-0.008562861452762171
406,0.5695874809103603,0.8516366813786844,-0.008562861452762171
407,0.5695874809103603,0.8516366809457958,-0.008562861452762171
408,0.5695874809103625,0.8516366813786844,-0.008562861452762171
409,0.5695874809103582,0.8516366813786844,-0.008562861452762171
410,0.5695874808674781,0.8516366813787467,-0.008562861452762171
411,0.5695874809103625,0.8516366813786844,-0.008562861452762171
412,0.6593130468945988,0.8386891334080475,-0.11519919937919515
413,0.6593130468517165,0.8386891329750966,-0.11519919937919515
414,0.6593130468945988,0.8386891334081098,-0.11519919937919515
415,0.6593130468517187,0.8386891334080475,-0.11519919937919515
416,0.6593130468946009,0.8386891329750966,-0.11519919937919515
417,0.6593130468945967,0.8386891334079852,-0.11519919937919515
418,0.6593130468517187,0.8386891334080475,-0.11519919937919515
419,0.6593130468946009,0.8386891329750966,-0.11519919937928608
420,0.6593130468517187,0.8386891334081098,-0.11519919937919515
421,0.6593130468945967,0.8386891334080475,-0.11519919937919515
422,0.6593130468945967,0.8386891329750966,-0.11519919937919515
423,0.6593130468517229,0.8386891334080475,-0.11519919937919515
424,0.6593130468945967,0.8386891334079852,-0.11519919937919515
425,0.6593130468517187,0.8386891329750966,-0.11519919937919515
426,0.6593130468946009,0.8386891334080475,-0.11519919937919515
427,0.551481424998102,0.7368495955373785,-0.008562861452762171
428,0.5514814249552198,0.7368495951043653,-0.008562861452762171
429,0.5514814249981106,0.7368495951044899,-0.008562861452762171
430,0.551481424998102,0.7368495955373785,-0.008562861452762171
431,0.5514814249981063,0.7368495955373162,-0.008562861452762171
432,0.5514814249552198,0.7368495951043653,-0.008562861452762171
433,0.5514814249981063,0.7368495951044276,-0.008562861452762171
434,0.551481424998102,0.7368495955373785,-0.008562861452762171
435,0.5514814249552198,0.7368495955373785,-0.008562861452762171
436,0.5514814249981063,0.7368495951043653,-0.008562861452762171
437,0.551481424998102,0.7368495951044899,-0.008562861452762171
438,0.551481424998102,0.7368495955373785,-0.008562861452762171
439,0.5514814249552241,0.7368495955373162,-0.008562861452762171
440,0.5514814249981063,0.7368495951043653,-0.008562861452762171
441,0.5199118915950395,0.9052430457069947,-0.008562861452762171
442,0.5199118915950351,0.9052430457069323,-0.008562861452762171
443,0.5199118915950395,0.905243045274106,-0.008562861452762171
444,0.5199118915950437,0.9052430457069947,-0.008562861452762171
445,0.5199118915950351,0.9052430457069323,-0.008562861452762171
446,0.5199118915950395,0.90524304570687,-0.008562861452762171
447,0.5199118915950395,0.9052430452740438,-0.008562861452762171
448,0.5199118915950351,0.9052430457069947,-0.008562861452762171
449,0.5199118915950479,0.9052430457069947,-0.008562861452762171
450,0.5199118915950267,0.9052430457069947,-0.008562861452762171
451,0.5199118915950479,0.9052430452740438,-0.008562861452762171
452,0.5199118915950351,0.9052430457069323,-0.008562861452762171
453,0.5199118915950437,0.9052430457069947,-0.008562861452762171
454,0.6239056486471265,0.7910532342325469,-0.15397604953422864
455,0.6239056486471307,0.7910532346654355,-0.15397604953431954
456,0.6239056486471307,0.7910532342325469,-0.15397604953422864
457,0.6239056486471223,0.7910532342324846,-0.15397604953431954
458,0.6239056486471307,0.7910532346654355,-0.15397604953422864
459,0.6239056486042528,0.7910532342325469,-0.15397604953431954
460,0.6239056486471223,0.7910532346654978,-0.15397604953422864
461,0.6239056486471307,0.7910532342325469,-0.15397604953431954
462,0.6239056486471393,0.7910532342325469,-0.15397604953422864
463,0.6239056486471053,0.7910532346654355,-0.15397604953431954
464,0.6239056486471393,0.7910532342325469,-0.15397604953422864
465,1.049397962649476,-0.336491261023201,0.09140870535327444
466,1.0493979626494676,-0.33649126102326327,0.09140870535327444
467,1.049397962649476,-0.33649126102326327,0.09140870535327444
468,1.0493979626494676,-0.33649126102332555,0.09140870535327444
469,1.049397962649476,-0.33649126102326327,0.09140870535327444
470,1.049397962649476,-0.33649126102326327,0.09140870535327444
471,1.049397962649476,-0.336491261023201,0.09140870535327444
472,1.0493979626494676,-0.33649126102332555,0.09140870535327444
473,1.0493979626494676,-0.336491261023201,0.09140870535327444
474,1.049397962649476,-0.33649126102326327,0.09140870535327444
475,1.049397962649476,-0.336491261023201,0.09140870535327444
476,1.049397962649476,-0.33649126102332555,0.09140870535327444
477,1.0493979626494592,-0.336491261023201,0.09140870535327444
478,1.0493979626494847,-0.33649126102326327,0.09140870535327444
479,1.0493979626494676,-0.33649126102326327,0.09140870535327444
480,1.049397962649476,-0.33649126102326327,0.09140870535327444
481,0.8572725915638594,-0.49770092844352976,-0.541744551084927
482,0.8572725915638424,-0.49770092844359204,-0.541744551085018
483,0.8572725915638594,-0.49770092844359204,-0.541744551084927
484,0.8572725915209645,-0.49770092844352976,-0.541744551084927
485,0.8572725915638594,-0.49770092844352976,-0.541744551085018
486,0.8572725915638594,-0.49770092844352976,-0.541744551084927
487,0.5563097065461147,0.4487394495303339,-0.008562861452762171
488,0.5563097065461232,0.4487394495303339,-0.008562861452762171
489,0.5563097065890097,0.4487394499632225,-0.008562861452762171
490,0.5563097065461147,0.44873944953039624,-0.008562861452762171
491,0.5563097065461062,0.4487394495302716,-0.008562861452762171
492,0.46986047449702556,0.8659623997555664,-0.08473167425734417
493,0.46986047453991203,0.8659623997555664,-0.08473167425734417
494,0.46986047449701707,0.8659623997555042,-0.0847316742574351
495,0.46986047449703405,0.8659624001885173,-0.08473167425734417
496,0.46986047453990354,0.8659623997555664,-0.08473167425734417
497,0.46986047449703405,0.8659623997555664,-0.08473167425734417
498,0.46986047449701707,0.8659623997555664,-0.08473167425734417
499,0.4698604745399205,0.8659623997555664,-0.0847316742574351
500,0.46986047449701707,0.8659623997555664,-0.08473167425734417
501,0.46986047449703405,0.8659623997555664,-0.08473167425734417
502,0.46986047453990354,0.865962400188455,-0.08473167425734417
503,0.46986047449703405,0.8659623997556287,-0.08473167425734417
504,0.46986047449701707,0.8659623997555042,-0.08473167425734417
505,0.46986047453990354,0.8659623997555042,-0.0847316742574351
506,0.46986047449703405,0.8659623997556287,-0.08473167425734417
507,0.46986047449701707,0.8659623997555042,-0.08473167425734417
508,0.46986047453991203,0.8659623997556287,-0.08473167425734417
509,0.46986047449703405,0.865962400188455,-0.08473167425734417
510,0.46986047449701707,0.8659623997555042,-0.0847316742574351
511,0.469860474539929,0.8659623997556287,-0.08473167425734417
512,0.4698604744970001,0.8659623997555042,-0.08473167425734417
513,0.5434342890132872,0.7885914307459744,0.16916436842459584
514,0.5434342890132702,0.7885914307459744,0.16916436842468677
515,0.5434342890561652,0.7885914311788629,0.16916436842459584
516,0.5434342890132702,0.7885914307459121,0.16916436842468677
517,0.5434342890132872,0.7885914307459744,0.16916436842459584
518,0.5434342890132702,0.7885914307459121,0.16916436842468677
519,0.5434342890561652,0.7885914307459744,0.16916436842459584
520,0.5434342890132872,0.7885914307459744,0.16916436842468677
521,0.5434342890132702,0.7885914307459121,0.16916436842459584
522,0.5434342890132702,0.7885914311788629,0.16916436842459584
523,0.5434342890132872,0.7885914307460367,0.16916436842468677
524,0.5434342890561822,0.7885914307459121,0.16916436842459584
525,0.5434342890132702,0.7885914307459121,0.16916436842468677
526,0.5434342890132702,0.7885914307459744,0.16916436842459584
527,0.5434342890132532,0.7885914311788629,0.16916436842468677
528,0.5434342890561822,0.7885914307459121,0.16916436842459584
529,0.5434342890132702,0.7885914307460367,0.16916436842468677
530,0.5434342890132872,0.7885914307459121,0.16916436842459584
531,0.5434342890132702,0.8630609884880208,-0.18629009133012017
532,0.5434342890132872,0.8630609884880831,-0.1862900913302111
533,0.5434342890561482,0.8630609884880208,-0.18629009133012017
534,0.5434342890132872,0.8630609884880831,-0.1862900913302111
535,0.5434342890132872,0.8630609884880208,-0.18629009133012017
536,0.5434342890132702,0.8630609884880831,-0.1862900913302111
537,0.5434342890561482,0.8630609884880208,-0.18629009133012017
538,0.5434342890132702,0.8630609884880208,-0.1862900913302111
539,0.5434342890132702,0.8630609884880831,-0.18629009133012017
540,0.5434342890133042,0.8630609884880208,-0.18629009133012017
541,0.5434342890132872,0.8630609884880831,-0.1862900913302111
542,0.5434342890561482,0.8630609884880208,-0.18629009133012017
543,0.5434342890132702,0.8630609884880831,-0.1862900913302111
544,0.5434342890132702,0.8630609884880208,-0.18629009133012017
545,0.5434342890132702,0.8630609884880208,-0.1862900913302111
546,0.5434342890561822,0.8630609884880831,-0.18629009133012017
547,0.5434342890132872,0.8630609884880208,-0.1862900913302111
548,0.5434342890132702,0.8630609884880831,-0.18629009133012017
549,0.6027819167566446,0.7602422240710428,-0.008562861452762171
550,0.6027819167137496,0.7602422245039937,-0.008562861452762171
551,0.6027819167566446,0.7602422240709805,-0.008562861452762171
552,0.6027819167566446,0.7602422240711051,-0.008562861452762171
553,0.6027819167137666,0.7602422245039937,-0.008562861452762171
554,0.6027819167566446,0.7602422240710428,-0.008562861452762171
555,0.6027819167566446,0.7602422245039313,-0.008562861452762171
556,0.6027819167566616,0.7602422240711051,-0.008562861452762171
557,0.6027819167137326,0.7602422240710428,-0.008562861452762171
558,0.6027819167566786,0.7602422245039937,-0.008562861452762171
559,0.6027819167566276,0.7602422240709805,-0.008562861452762171
560,0.6027819167137496,0.7602422245039937,-0.008562861452762171
561,0.6027819167566446,0.7602422240711051,-0.008562861452762171
562,0.6027819167566276,0.7602422240710428,-0.008562861452762171
563,0.6027819167137836,0.7602422245039313,-0.008562861452762171
564,0.6027819167566276,0.7602422240710428,-0.008562861452762171
565,0.5415408452798929,0.8558927955882788,-0.008562861452762171
566,0.5415408452370148,0.8558927960212296,-0.008562861452762171
567,0.5415408452798929,0.8558927955882788,-0.008562861452762171
568,0.5415408452798929,0.855892796021105,-0.008562861452762171
569,0.5415408452798759,0.8558927955882788,-0.008562861452762171
570,0.5415408452370148,0.8558927955882788,-0.008562861452762171
571,0.5415408452798929,0.8558927960212296,-0.008562861452762171
572,0.5415408452798759,0.8558927955882165,-0.008562861452762171
573,0.5415408452370148,0.8558927960212296,-0.008562861452762171
574,0.5415408452798929,0.8558927955882788,-0.008562861452762171
575,0.5415408452798929,0.855892796021105,-0.008562861452762171
576,0.5415408452370148,0.8558927955882788,-0.008562861452762171
577,0.5415408452798759,0.8558927955882788,-0.008562861452762171
578,0.5415408452798929,0.8558927960211673,-0.008562861452762171
579,0.5415408452798929,0.8558927955882788,-0.008562861452762171
580,0.541540845236998,0.8558927960211673,-0.008562861452762171
581,0.5415408452799099,0.8558927955882788,-0.008562861452762171
582,0.5756228328668077,0.8341995810082948,0.07562372112069927
583,0.5756228328667907,0.8341995810084194,0.0756237211207902
584,0.5756228328668416,0.8341995810084194,0.07562372112069927
585,0.5756228328668077,0.8341995810082948,0.0756237211207902
586,0.5756228329097196,0.8341995805754062,0.07562372112069927
587,0.5756228328668077,0.8341995810083571,0.0756237211207902
588,0.5756228328668247,0.8341995810083571,0.07562372112069927
589,0.5756228328668416,0.8341995810082948,0.0756237211207902
590,0.5756228328668077,0.8341995810084194,0.07562372112069927
591,0.5756228328668077,0.8341995810082948,0.0756237211207902
592,0.5756228328667907,0.8341995810083571,0.07562372112069927
593,0.5756228328668416,0.8341995810083571,0.0756237211207902
594,0.5756228328668247,0.8341995810083571,0.07562372112069927
595,0.5756228328668077,0.8341995810083571,0.0756237211207902
596,0.5756228329097026,0.8341995805754685,0.07562372112069927
597,0.5756228328668247,0.8341995810082948,0.0756237211207902
598,0.5756228328668077,0.8341995810083571,0.07562372112069927
599,0.5756228328668416,0.8341995810083571,0.0756237211207902
600,0.5756228328668077,0.8341995810083571,0.07562372112069927
601,0.6007298970880243,0.8070057215876131,0.05541894130313399
602,0.6007298970451124,0.8070057211546622,0.05541894130304307
603,0.6007298970880413,0.8070057215875508,0.05541894130313399
604,0.6007298970880073,0.8070057215874885,0.05541894130313399
605,0.6007298970451292,0.8070057211546622,0.05541894130304307
606,0.6007298970880243,0.8070057215876131,0.05541894130313399
607,0.6007298970880243,0.8070057215875508,0.05541894130304307
608,0.6007298970451124,0.8070057211545999,0.05541894130313399
609,0.6007298970880243,0.8070057215876131,0.05541894130313399
610,0.6007298970880243,0.8070057215874885,0.05541894130304307
611,0.6007298970451292,0.8070057211546622,0.05541894130313399
612,0.6007298970880243,0.8070057215876131,0.05541894130313399
613,0.6007298970880243,0.8070057215875508,0.05541894130304307
614,0.6007298970880073,0.8070057215876131,0.05541894130313399
615,0.6007298970451462,0.8070057211546622,0.05541894130313399
616,0.6007298970880073,0.8070057215874885,0.05541894130304307
617,0.6007298970880073,0.8070057215875508,0.05541894130313399
618,0.6007298970451292,0.8070057211546622,0.05541894130313399
619,0.6007298970880243,0.8070057215875508,0.05541894130304307
620,0.6007298970880243,0.8070057215874885,0.05541894130313399
621,0.6007298970451292,0.8070057211546622,0.05541894130304307
622,0.6007298970880243,0.8070057215876131,0.05541894130313399
623,0.6007298970880243,0.8070057215875508,0.05541894130313399
624,0.6007298970451292,0.8070057211546622,0.05541894130304307
625,0.6007298970880243,0.8070057215876131,0.05541894130313399
626,0.5146340129428101,0.9015428652718478,0.07562372112069927
627,0.514634012942844,0.9015428648390839,0.0756237211207902
628,0.5146340129427931,0.9015428652719101,0.07562372112069927
629,0.514634012942844,0.9015428652719724,0.0756237211207902
630,0.514634012985705,0.9015428652719724,0.07562372112069927
631,0.5146340129428101,0.9015428648389592,0.0756237211207902
632,0.5146340129428101,0.9015428652719724,0.07562372112069927
633,0.514634012942844,0.9015428652719724,0.0756237211207902
634,0.5146340129428271,0.9015428652719724,0.07562372112069927
635,0.5146340129428101,0.9015428648390216,0.0756237211207902
636,0.5146340129428101,0.9015428652719724,0.07562372112069927
637,0.514634012942844,0.9015428652718478,0.0756237211207902
638,0.5146340129428101,0.901542865272097,0.07562372112069927
639,0.5146340129428101,0.9015428648389592,0.0756237211207902
640,0.514634012985722,0.9015428652719724,0.07562372112069927
641,0.5146340129428101,0.9015428652719724,0.0756237211207902
642,0.514634012942844,0.9015428652719101,0.07562372112069927
643,0.5146340129428101,0.9015428648389592,0.0756237211207902
644,0.5146340129428271,0.9015428652719724,0.07562372112069927
645,0.10699550329993905,0.8236359284052168,-0.008562861452762171
646,0.10699550330000697,0.8236359288379808,-0.008562861452762171
647,0.10699550329997301,0.82363592840503,-0.008562861452762171
648,0.10699550329997301,0.82363592840503,-0.008562861452762171
649,0.10699550334286798,0.823635928838043,-0.008562861452762171
650,0.10699550329997301,0.8236359284049677,-0.008562861452762171
651,0.10699550329997301,0.8236359284050923,-0.008562861452762171
652,0.10699550330000697,0.8236359288381054,-0.008562861452762171
653,0.10699550329997301,0.8236359284049677,-0.008562861452762171
654,0.10699550329993905,0.823635928838043,-0.008562861452762171
655,0.10699550329997301,0.82363592840503,-0.008562861452762171
656,0.10699550329997301,0.82363592840503,-0.008562861452762171
657,0.10699550334286798,0.8236359288379808,-0.008562861452762171
658,0.10699550329997301,0.8236359284052168,-0.008562861452762171
659,0.10699550330000697,0.82363592840503,-0.008562861452762171
660,0.10699550329997301,0.8236359288379808,-0.008562861452762171
661,0.10699550330000697,0.8236359284050923,-0.008562861452762171
662,-0.2773735791233939,0.7615115915276496,-0.2751537062688901
663,-0.2773735791233599,0.7615115919606005,-0.27515370626879915
664,-0.2773735791233599,0.7615115915275873,-0.2751537062688901
665,-0.2773735791662549,0.7615115915276496,-0.2751537062688901
666,-0.27737357912329197,0.7615115919605381,-0.27515370626879915
667,-0.2773735791233939,0.7615115915277119,-0.2751537062688901
668,-0.6073061535578145,0.37562388385733864,-0.008562861452762171
669,-0.6073061536007264,0.375623883857401,-0.008562861452762171
670,-0.6073061536006754,0.375623883857401,-0.008562861452762171
671,-0.6073061535578484,0.37562388385733864,-0.008562861452762171
672,-0.6073061535578145,0.375623883857401,-0.008562861452762171
673,-0.6073061536007094,0.37562388429028953,-0.008562861452762171
674,-0.6073061536006754,0.37562388385733864,-0.008562861452762171
675,-0.6073061535578315,0.375623883857401,-0.008562861452762171
676,-0.6073061535578145,0.375623883857401,-0.008562861452762171
677,-0.6073061536007094,0.37562388385733864,-0.008562861452762171
678,-0.9211444561083867,0.10524861517007347,-0.008562861452762171
679,-0.9211444561084037,0.1052486147371849,-0.008562861452762171
680,-0.9211444561083867,0.10524861517001118,-0.008562861452762171
681,-0.9211444561083867,0.1052486147371849,-0.008562861452762171
682,-0.9211444561084376,0.10524861516994888,-0.008562861452762171
683,-0.9211444561083867,0.1052486147371849,-0.008562861452762171
684,-0.9211444561084037,0.10524861517001118,-0.008562861452762171
685,-0.9211444561083867,0.10524861517007347,-0.008562861452762171
686,-0.9211444561512817,0.1052486147370603,-0.008562861452762171
687,-0.9211444561084037,0.10524861517007347,-0.008562861452762171
688,-0.9211444561084207,0.1052486147371226,-0.008562861452762171
689,-0.9211444561083697,0.10524861517007347,-0.008562861452762171
690,-0.9211444561083867,0.1052486147370603,-0.008562861452762171
691,-0.9211444561084376,0.10524861517007347,-0.008562861452762171
692,-0.9211444561083527,0.1052486147371226,-0.008562861452762171
693,-0.9211444561084376,0.10524861517007347,-0.008562861452762171
694,-0.9291915920503279,-0.2844471953029463,-0.09742647639144117
695,-0.9291915920932398,-0.2844471948699954,-0.09742647639144117
696,-0.9291915920503279,-0.28444719530288404,-0.09742647639153208
697,-0.9291915920932567,-0.28444719530288404,-0.09742647639144117
698,-0.9291915920502939,-0.2844471953030086,-0.09742647639144117
699,-0.9291915920932567,-0.2844471948699954,-0.09742647639144117
700,-0.9291915920503279,-0.28444719530288404,-0.09742647639153208
701,-0.9291915920932228,-0.28444719530288404,-0.09742647639144117
702,-0.9291915920503279,-0.2844471953029463,-0.09742647639144117
703,-0.9291915920503618,-0.28444719487012005,-0.09742647639144117
704,-0.9291915920932228,-0.28444719530288404,-0.09742647639144117
705,-0.9291915920503618,-0.28444719530288404,-0.09742647639153208
706,-0.9291915920932058,-0.2844471948699954,-0.09742647639144117
707,-0.9291915920503449,-0.2844471953029463,-0.09742647639144117
708,-0.9291915920932398,-0.28444719530288404,-0.09742647639144117
709,-0.9291915920503279,-0.28444719530288404,-0.09742647639153208
710,-0.9291915920932228,-0.2844471948699954,-0.09742647639144117
711,-0.9291915920503618,-0.2844471953030086,-0.09742647639144117
712,-1.0311219809341698,-0.20320767764797193,-0.18629009133012017
713,-1.0311219809341698,-0.20320767764803424,-0.1862900913302111
714,-1.0311219808913088,-0.2032076780809228,-0.18629009133012017
715,-1.0311219809341698,-0.20320767764797193,-0.1862900913302111
716,-1.0311219809342038,-0.20320767764809652,-0.18629009133012017
717,-1.0311219809341698,-0.20320767764803424,-0.1862900913302111
718,-1.0311219809341698,-0.20320767808086052,-0.18629009133012017
719,-1.031121980934187,-0.20320767764803424,-0.1862900913302111
720,-1.0311219809341698,-0.20320767764809652,-0.18629009133012017
721,-1.0311219808913088,-0.20320767764797193,-0.18629009133012017
722,-1.031121980934187,-0.20320767764803424,-0.1862900913302111
723,-1.0311219809341698,-0.2032076780809228,-0.18629009133012017
724,-1.031121980934187,-0.20320767764797193,-0.1862900913302111
725,-1.031121980934187,-0.20320767764809652,-0.18629009133012017
726,-1.0311219808913088,-0.20320767764803424,-0.1862900913302111
727,-1.0311219809341698,-0.20320767808086052,-0.18629009133012017
728,-1.0311219809341698,-0.20320767764803424,-0.1862900913302111
729,-1.0311219809342038,-0.20320767764797193,-0.18629009133012017
730,-1.1353994511201229,-0.06992409427286751,-0.008562861452762171
731,-1.135399451077228,-0.06992409470563149,-0.008562861452762171
732,-1.1353994511201229,-0.06992409427286751,-0.008562861452762171
733,-1.135399451077245,-0.06992409470563149,-0.008562861452762171
734,-1.13539945112014,-0.06992409427280522,-0.008562861452762171
735,-1.1353994511201229,-0.06992409470563149,-0.008562861452762171
736,-1.135399451077245,-0.06992409427280522,-0.008562861452762171
737,-1.1353994511201229,-0.06992409427274292,-0.008562861452762171
738,-1.1353994511201229,-0.06992409470581838,-0.008562861452762171
739,-1.135399451077245,-0.06992409427274292,-0.008562861452762171
740,-1.1353994511201229,-0.06992409470569379,-0.008562861452762171
741,-1.13539945112014,-0.06992409427274292,-0.008562861452762171
742,-1.135399451077245,-0.06992409470569379,-0.008562861452762171
743,-1.1353994511201229,-0.06992409427280522,-0.008562861452762171
744,-1.135399451077245,-0.06992409470575608,-0.008562861452762171
745,-1.1353994511201229,-0.06992409427268062,-0.008562861452762171
746,-0.878541971614011,0.16416219894162842,-0.1779264569830167
747,-0.878541971614028,0.16416219894175302,-0.17792645698292578
748,-0.878541971571116,0.16416219850873984,-0.1779264569830167
749,-0.878541971614028,0.1641621989416907,-0.1779264569830167
750,-0.878541971614011,0.1641621989416907,-0.1779264569830167
751,-0.8785419716140195,0.1641621989416907,-0.17792645698292578
752,-0.878541971571133,0.16416219850873984,-0.1779264569830167
753,-0.8785419716140195,0.16416219894175302,-0.1779264569830167
754,-0.878541971614028,0.16416219894175302,-0.17792645698292578
755,-0.878541971614011,0.16416219894162842,-0.1779264569830167
756,-0.8785419715711416,0.16416219850880215,-0.1779264569830167
757,-0.878541971614011,0.1641621989416907,-0.17792645698292578
758,-0.878541971614028,0.1641621989416907,-0.1779264569830167
759,-0.878541971614011,0.1641621989416907,-0.1779264569830167
760,-0.8785419715711416,0.16416219850880215,-0.1779264569830167
761,-0.878541971613994,0.16416219894175302,-0.17792645698292578
762,-0.878541971614028,0.16416219894162842,-0.1779264569830167
763,-0.9077325628432413,0.47717328081777216,-0.008562861452762171
764,-0.9077325628432329,0.4771732803848836,-0.008562861452762171
765,-0.9077325628432329,0.47717328081777216,-0.008562861452762171
766,-0.9077325628003634,0.47717328081777216,-0.008562861452762171
767,-0.9077325628432413,0.4771732808178345,-0.008562861452762171
768,-0.9077325628432243,0.4771732803848213,-0.008562861452762171
769,-0.9077325628432413,0.4771732808178345,-0.008562861452762171
770,-0.9077325628432329,0.47717328081777216,-0.008562861452762171
771,-0.9077325628003634,0.47717328081777216,-0.008562861452762171
772,-0.9077325628432243,0.4771732803848836,-0.008562861452762171
773,-0.9077325628432499,0.47717328081777216,-0.008562861452762171
774,-0.9077325628432413,0.4771732808177099,-0.008562861452762171
775,-0.9077325628432329,0.4771732803849459,-0.008562861452762171
776,-0.9077325628432329,0.47717328081777216,-0.008562861452762171
777,-0.9077325628432413,0.4771732808178345,-0.008562861452762171
778,-0.9077325628003549,0.4771732808176476,-0.008562861452762171
779,-0.9077325628432329,0.4771732803848836,-0.008562861452762171
780,-0.9077325628432329,0.4771732808178968,-0.008562861452762171
781,-0.8299435818710041,0.7039669333510115,-0.008562861452762171
782,-0.8299435818709872,0.7039669337839624,-0.008562861452762171
783,-0.8299435818709956,0.703966933351136,-0.008562861452762171
784,-0.8299435818710041,0.7039669337840869,-0.008562861452762171
785,-0.8299435818709956,0.7039669333510115,-0.008562861452762171
786,-0.8299435818709872,0.703966933351136,-0.008562861452762171
787,-0.8299435818709956,0.7039669337840246,-0.008562861452762171
788,-0.8299435818709872,0.7039669333510737,-0.008562861452762171
789,-0.8299435818710041,0.703966933351136,-0.008562861452762171
790,-0.8299435818709956,0.7039669337840246,-0.008562861452762171
791,-0.8299435818709872,0.7039669333510737,-0.008562861452762171
792,-0.8299435818710041,0.7039669337840246,-0.008562861452762171
793,-0.8299435818709914,0.703966933351136,-0.008562861452762171
794,-0.8299435818709914,0.7039669333510737,-0.008562861452762171
795,-0.8299435818710041,0.7039669337840246,-0.008562861452762171
796,-0.8299435818709914,0.703966933351136,-0.008562861452762171
797,-0.8299435818709956,0.7039669337840869,-0.008562861452762171
798,-0.8299435818709914,0.7039669333510115,-0.008562861452762171
799,-0.5552115365644307,0.8919223959678091,-0.008562861452762171
800,-0.5552115365644179,0.8919223959677468,-0.008562861452762171
801,-0.5552115365644265,0.8919223959677468,-0.008562861452762171
802,-0.5552115365644179,0.8919223959676845,-0.008562861452762171
803,-0.5552115365644179,0.8919223959677468,-0.008562861452762171
804,-0.5552115365644222,0.8919223959678091,-0.008562861452762171
805,-0.5552115365644265,0.8919223959676845,-0.008562861452762171
806,-0.5552115365644222,0.8919223959678091,-0.008562861452762171
807,-0.5552115365644222,0.8919223959676845,-0.008562861452762171
808,-0.5552115365215357,0.8919223959677468,-0.008562861452762171
809,-0.5552115365644265,0.8919223959678091,-0.008562861452762171
810,-0.5552115365644179,0.8919223959676845,-0.008562861452762171
811,-0.5552115365644222,0.8919223959676845,-0.008562861452762171
812,-0.5552115365644265,0.8919223959678091,-0.008562861452762171
813,-0.5552115365644222,0.8919223959678091,-0.008562861452762171
814,-0.5552115365644179,0.8919223959676845,-0.008562861452762171
815,-0.5552115365644265,0.8919223959677468,-0.008562861452762171
816,-0.5552115365644222,0.8919223959676845,-0.008562861452762171
817,-0.5552115365644222,0.8919223959678091,-0.008562861452762171
818,-0.21138706421930592,0.9940597103547923,0.0714143919920853
819,-0.2113870642621924,0.9940597103549169,0.0714143919920853
820,-0.21138706421931017,0.9940597103547923,0.07141439199199438
821,-0.2113870642621924,0.9940597103547923,0.0714143919920853
822,-0.21138706421931017,0.9940597103548546,0.0714143919920853
823,-0.21138706421931017,0.9940597103548546,0.0714143919920853
824,-0.21138706426218815,0.9940597103548546,0.0714143919920853
825,-0.21138706421931017,0.9940597103547923,0.07141439199199438
826,-0.21138706426218815,0.9940597103548546,0.0714143919920853
827,-0.21138706421931017,0.9940597103548546,0.0714143919920853
828,-0.21138706421931017,0.9940597099219037,0.0714143919920853
829,-0.2113870642621924,0.9940597103547923,0.0714143919920853
830,-0.21138706421930592,0.9940597103548546,0.07141439199199438
831,-0.21138706426219664,0.9940597103548546,0.0714143919920853
832,-0.21138706421930592,0.9940597103547923,0.0714143919920853
833,-0.21138706421931017,0.9940597103549169,0.0714143919920853
834,-0.2113870642621924,0.9940597103547923,0.0714143919920853
835,-0.21138706421930592,0.9940597103547923,0.07141439199199438
836,-0.21138706426219664,0.9940597103547923,0.0714143919920853
837,-0.21138706421930592,0.9940597103549169,0.0714143919920853
838,-0.030809333251546396,0.9800458937379437,-0.07254466420865832
839,-0.030809333251550643,0.9800458933049928,-0.07254466420856741
840,-0.030809333251550643,0.9800458937379437,-0.07254466420865832
841,-0.030809333208664167,0.9800458937379437,-0.07254466420865832
842,-0.030809333251550643,0.9800458933049928,-0.07254466420856741
843,-0.03080933325154852,0.9800458937379437,-0.07254466420865832
844,-0.030809333251546396,0.9800458933050551,-0.07254466420856741
845,-0.030809333251550643,0.980045893738006,-0.07254466420865832
846,-0.03080933325154852,0.9800458937379437,-0.07254466420865832
847,-0.03080933320866629,0.9800458933049305,-0.07254466420856741
848,-0.03080933325154852,0.980045893738006,-0.07254466420865832
849,-0.03080933325154852,0.9800458937379437,-0.07254466420865832
850,-0.030809333251550643,0.9800458933049928,-0.07254466420856741
851,-0.03080933325154852,0.9800458937379437,-0.07254466420865832
852,-0.030809333251552766,0.9800458937379437,-0.07254466420865832
853,-0.030809333208657797,0.9800458933049928,-0.07254466420856741
854,-0.03080933325154852,0.9800458937379437,-0.07254466420865832
855,-0.030809333251552766,0.9800458937379437,-0.07254466420865832
856,-0.03080933325154852,0.9800458933049928,-0.07254466420856741
857,-0.030809333251550643,0.9800458937380683,-0.07254466420865832
858,-0.03080933325154852,0.9800458933049928,-0.07254466420856741
859,-0.03080933320866629,0.9800458937378191,-0.07254466420865832
860,-0.03080933325154852,0.9800458937380683,-0.07254466420865832
861,-0.030809333251544273,0.9800458933049928,-0.07254466420856741
862,-0.030809333251552766,0.9800458937379437,-0.07254466420865832
863,-0.19207393794148883,0.9300835902828006,-0.08854011489760963
864,-0.19207393789861082,0.930083590282676,-0.08854011489760963
865,-0.19207393794149094,0.9300835902828006,-0.08854011489751872
866,-0.19207393794149094,0.9300835907157514,-0.08854011489760963
867,-0.19207393794149094,0.930083590282676,-0.08854011489760963
868,-0.1920739378986066,0.9300835902828006,-0.08854011489760963
869,-0.19207393794149094,0.9300835902828006,-0.08854011489760963
870,-0.19207393794149308,0.930083590282676,-0.08854011489751872
871,-0.19207393789860447,0.9300835902828006,-0.08854011489760963
872,-0.19207393794149094,0.9300835902828006,-0.08854011489760963
873,-0.19207393794149308,0.9300835907156269,-0.08854011489760963
874,-0.1920739378986066,0.9300835902829252,-0.08854011489760963
875,-0.1920739379414952,0.9300835902828006,-0.08854011489751872
876,-0.19207393794148883,0.930083590282676,-0.08854011489760963
877,-0.19207393789860872,0.9300835902828006,-0.08854011489760963
878,-0.19207393794149094,0.930083590282676,-0.08854011489760963
879,-0.19207393794148883,0.9300835907157514,-0.08854011489760963
880,-0.19207393794149094,0.9300835902828006,-0.08854011489751872
881,-0.19207393789860872,0.930083590282676,-0.08854011489760963
882,-0.19207393794149308,0.9300835902829252,-0.08854011489760963
883,-0.05415302505705922,0.9610782325069066,-0.008562861452762171
884,-0.05415302501418123,0.9610782320739557,-0.008562861452762171
885,-0.05415302505706134,0.9610782325069066,-0.008562861452762171
886,-0.054153025057063466,0.9610782320740803,-0.008562861452762171
887,-0.054153025014176986,0.9610782325069066,-0.008562861452762171
888,-0.05415302505705922,0.9610782320739557,-0.008562861452762171
889,-0.05415302505706559,0.9610782325069066,-0.008562861452762171
890,-0.05415302505706134,0.9610782325070312,-0.008562861452762171
891,-0.054153025014176986,0.9610782320739557,-0.008562861452762171
892,-0.054153025057063466,0.9610782325069066,-0.008562861452762171
893,-0.05415302505706134,0.9610782320740803,-0.008562861452762171
894,-0.054153025014176986,0.9610782325069066,-0.008562861452762171
895,-0.054153025057063466,0.9610782320739557,-0.008562861452762171
896,-0.054153025057063466,0.9610782325070312,-0.008562861452762171
897,-0.054153025014176986,0.9610782320739557,-0.008562861452762171
898,-0.054153025057063466,0.9610782325069066,-0.008562861452762171
899,-0.05415302505706134,0.9610782325069066,-0.008562861452762171
900,-0.05415302505705922,0.9610782320739557,-0.008562861452762171
901,-0.05415302501418123,0.9610782325070312,-0.008562861452762171
902,-0.05415302505706134,0.9610782320740803,-0.008562861452762171
903,-0.05415302505706134,0.961078232506782,-0.008562861452762171
904,-0.054153025014176986,0.9610782320740803,-0.008562861452762171
905,-0.054153025057063466,0.9610782325069066,-0.008562861452762171
906,-0.054248445614573246,0.9904593227070485,-0.008562861452762171
907,-0.05424844565745547,0.9904593227069239,-0.008562861452762171
908,-0.054248445614573246,0.9904593222740976,-0.008562861452762171
909,-0.054248445614573246,0.9904593227070485,-0.008562861452762171
910,-0.05424844565745547,0.9904593227069239,-0.008562861452762171
911,-0.05424844561457537,0.9904593227070485,-0.008562861452762171
912,-0.05424844561457112,0.9904593227070485,-0.008562861452762171
913,-0.054248445657457595,0.9904593227069239,-0.008562861452762171
914,-0.05424844561457112,0.9904593222740976,-0.008562861452762171
915,-0.054248445614573246,0.9904593227070485,-0.008562861452762171
916,-0.05424844561457112,0.9904593227069239,-0.008562861452762171
917,-0.05424844565745972,0.9904593227070485,-0.008562861452762171
918,-0.05424844561457112,0.9904593227070485,-0.008562861452762171
919,-0.054248445614573246,0.990459322273973,-0.008562861452762171
920,-0.054248445657457595,0.9904593227070485,-0.008562861452762171
921,-0.05424844561457112,0.9904593227070485,-0.008562861452762171
922,-0.054248445614573246,0.9904593227069239,-0.008562861452762171
923,-0.05424844565745547,0.9904593227069239,-0.008562861452762171
924,-0.05424844561457537,0.9904593227070485,-0.008562861452762171
925,-0.05424844561457112,0.9904593222740976,-0.008562861452762171
926,-0.05424844565745547,0.9904593227070485,-0.008562861452762171
927,-0.05424844561457537,0.9904593227069239,-0.008562861452762171
928,-0.12206385506647065,0.9209441446819217,-0.008562861452762171
929,-0.12206385506647277,0.9209441446817971,-0.008562861452762171
930,-0.12206385502359055,0.9209441446820462,-0.008562861452762171
931,-0.12206385506647065,0.9209441446817971,-0.008562861452762171
932,-0.1220638550664749,0.9209441446817971,-0.008562861452762171
933,-0.12206385506647277,0.9209441442490954,-0.008562861452762171
934,-0.12206385506647277,0.9209441446816725,-0.008562861452762171
935,-0.12206385502359055,0.9209441446820462,-0.008562861452762171
936,-0.12206385506647277,0.9209441446817971,-0.008562861452762171
937,-0.12206385506647277,0.9209441446819217,-0.008562861452762171
938,-0.1220638550664749,0.9209441446819217,-0.008562861452762171
939,-0.12206385506647065,0.9209441446817971,-0.008562861452762171
940,-0.12206385502359055,0.9209441446819217,-0.008562861452762171
941,-0.12206385506647277,0.9209441446817971,-0.008562861452762171
942,-0.12206385506647065,0.9209441442490954,-0.008562861452762171
943,-0.12206385506647702,0.9209441446817971,-0.008562861452762171
944,-0.12206385506647065,0.9209441446817971,-0.008562861452762171
945,-0.12206385502359055,0.9209441446820462,-0.008562861452762171
946,-0.12206385506647277,0.9209441446817971,-0.008562861452762171
947,-0.12206385506647277,0.9209441446819217,-0.008562861452762171
948,-0.052053772191456724,0.9111633341431226,-0.09274944402622361
949,-0.05205377219145248,0.9111633345763226,-0.09274944402631453
950,-0.05205377219145885,0.9111633341432471,-0.09274944402622361
951,-0.05205377214857025,0.9111633345760735,-0.09274944402631453
952,-0.05205377219145248,0.9111633341432471,-0.09274944402622361
953,-0.052053772191456724,0.911163334576198,-0.09274944402631453
954,-0.0520537721914546,0.9111633341431226,-0.09274944402622361
955,-0.0520537721914546,0.9111633341432471,-0.09274944402631453
956,-0.0520537721914546,0.911163334576198,-0.09274944402622361
957,-0.052053772148572375,0.9111633341432471,-0.09274944402631453
958,-0.0520537721914546,0.911163334576198,-0.09274944402622361
959,-0.0520537721914546,0.9111633341431226,-0.09274944402631453
960,-0.05205377219145566,0.9111633341433717,-0.09274944402622361
961,-0.05205377219145566,0.9111633345760735,-0.09274944402631453
962,-0.05205377219145354,0.9111633341431226,-0.09274944402622361
963,-0.05205377214857131,0.9111633345763226,-0.09274944402631453
964,-0.05205377219145566,0.9111633341432471,-0.09274944402622361
965,-0.05205377219145566,0.9111633345760735,-0.09274944402631453
966,-0.0520537721914546,0.9111633341432471,-0.09274944402622361
967,-0.030326505096747895,0.9940597103548546,-0.008562861452762171
968,-0.03032650505386354,0.9940597103547301,-0.008562861452762171
969,-0.030326505096746833,0.9940597103549792,-0.008562861452762171
970,-0.030326505096748956,0.9940597103548546,-0.008562861452762171
971,-0.030326505096747895,0.9940597103547301,-0.008562861452762171
972,-0.030326505096747895,0.9940597103549792,-0.008562861452762171
973,-0.030326505053862477,0.9940597103547301,-0.008562861452762171
974,-0.030326505096747895,0.9940597103548546,-0.008562861452762171
975,-0.030326505096750018,0.9940597103548546,-0.008562861452762171
976,-0.030326505053862477,0.9940597099219037,-0.008562861452762171
977,-0.030326505096747895,0.9940597103547301,-0.008562861452762171
978,-0.030326505096747895,0.9940597103548546,-0.008562861452762171
979,-0.030326505096746833,0.9940597103549792,-0.008562861452762171
980,-0.030326505096748956,0.9940597103548546,-0.008562861452762171
981,-0.03032650505386354,0.9940597103547301,-0.008562861452762171
982,-0.030326505096747895,0.9940597103547301,-0.008562861452762171
983,-0.030326505096746833,0.9940597103549792,-0.008562861452762171
984,-0.03032650505386354,0.9940597103548546,-0.008562861452762171
985,-0.030326505096747895,0.9940597103547301,-0.008562861452762171
986,-0.030326505096746833,0.9940597103549792,-0.008562861452762171
987,-0.08716854730440858,0.9683030904616821,-0.008562861452762171
988,-0.08716854726152636,0.9683030908948821,-0.008562861452762171
989,-0.08716854730440753,0.9683030904619312,-0.008562861452762171
990,-0.08716854730440858,0.9683030904619312,-0.008562861452762171
991,-0.08716854730440753,0.9683030908946328,-0.008562861452762171
992,-0.08716854726152636,0.9683030904619312,-0.008562861452762171
993,-0.08716854730440753,0.9683030904619312,-0.008562861452762171
994,-0.08716854730440858,0.9683030908947574,-0.008562861452762171
995,-0.08716854730440965,0.9683030904618066,-0.008562861452762171
996,-0.08716854726152211,0.9683030904619312,-0.008562861452762171
997,-0.08716854730440965,0.9683030908947574,-0.008562861452762171
998,-0.08716854730440646,0.9683030904618066,-0.008562861452762171
999,-0.0871685472615253,0.9683030904619312,-0.008562861452762171
1000,-0.08716854730440858,0.9683030904618066,-0.008562861452762171
1001,-0.08716854730440858,0.9683030908947574,-0.008562861452762171
1002,-0.08716854730440753,0.9683030904619312,-0.008562861452762171
1003,-0.08716854726152636,0.9683030904618066,-0.008562861452762171
1004,-0.08716854730440858,0.9683030908947574,-0.008562861452762171
1005,-0.08716854730440753,0.9683030904619312,-0.008562861452762171
1006,-0.08716854730440858,0.9683030904619312,-0.008562861452762171
1007,-0.08716854726152423,0.9683030908946328,-0.008562861452762171
1008,-0.08716854730440965,0.9683030904619312,-0.008562861452762171
1009,-0.1727608116207895,0.9129125104985019,-0.008562861452762171
1010,-0.1727608116207895,0.9129125104985019,-0.008562861452762171
1011,-0.1727608116207895,0.9129125104983773,-0.008562861452762171
1012,-0.17276081162079054,0.9129125104983773,-0.008562861452762171
1013,-0.17276081162079054,0.9129125104985019,-0.008562861452762171
1014,-0.1727608116207895,0.9129125109313282,-0.008562861452762171
1015,-0.1727608116207916,0.9129125104985019,-0.008562861452762171
1016,-0.1727608116207895,0.9129125104983773,-0.008562861452762171
1017,-0.17276081162079054,0.9129125104983773,-0.008562861452762171
1018,-0.17276081162079054,0.9129125104985019,-0.008562861452762171
1019,-0.1727608116207895,0.9129125104983773,-0.008562861452762171
1020,-0.17276081157790726,0.9129125104983773,-0.008562861452762171
1021,-0.1727608116207895,0.9129125104985019,-0.008562861452762171
1022,-0.17276081162079054,0.9129125104985019,-0.008562861452762171
1023,-0.17276081162079002,0.9129125104983773,-0.008562861452762171
1024,-0.17276081162079002,0.9129125104983773,-0.008562861452762171
1025,-0.17276081162079002,0.9129125109314528,-0.008562861452762171
1026,-0.17276081162079054,0.9129125104983773,-0.008562861452762171
1027,-0.17276081162079054,0.9129125104985019,-0.008562861452762171
1028,-0.17276081162079002,0.9129125104983773,-0.008562861452762171
1029,-0.17276081162079002,0.9129125104985019,-0.008562861452762171
1030,-0.1727608116207895,0.9129125104983773,-0.008562861452762171
1031,-0.27200882180013763,0.9206056466645965,-0.008562861452762171
1032,-0.2720088218430209,0.9206056466645965,-0.008562861452762171
1033,-0.27200882180013736,0.9206056466645965,-0.008562861452762171
1034,-0.2720088218430204,0.9206056466645965,-0.008562861452762171
1035,-0.2720088218001371,0.9206056466645965,-0.008562861452762171
1036,-0.2720088218430209,0.9206056466645965,-0.008562861452762171
1037,-0.27200882180013736,0.9206056466645965,-0.008562861452762171
1038,-0.2720088218430208,0.9206056466645965,-0.008562861452762171
1039,-0.2720088218001371,0.9206056462316458,-0.008562861452762171
1040,-0.2720088218001371,0.9206056466647212,-0.008562861452762171
1041,-0.27200882184302083,0.920605646664472,-0.008562861452762171
1042,-0.2720088218001371,0.9206056466645965,-0.008562861452762171
1043,-0.2720088218430209,0.9206056466645965,-0.008562861452762171
1044,-0.2720088218001371,0.9206056466647212,-0.008562861452762171
1045,-0.2720088218430208,0.920605646664472,-0.008562861452762171
1046,-0.2720088218001372,0.9206056466645965,-0.008562861452762171
1047,-0.27200882184302067,0.9206056466645965,-0.008562861452762171
1048,-0.2720088218001371,0.9206056466647212,-0.008562861452762171
1049,-0.5912118816739338,0.7378167324821395,-0.008562861452762171
1050,-0.5912118816310494,0.7378167324822642,-0.008562861452762171
1051,-0.5912118816739342,0.7378167324821395,-0.008562861452762171
1052,-0.5912118816310494,0.7378167324821395,-0.008562861452762171
1053,-0.5912118816739338,0.7378167324822642,-0.008562861452762171
1054,-0.5912118816739338,0.7378167324821395,-0.008562861452762171
1055,-0.5912118816310499,0.7378167324822642,-0.008562861452762171
1056,-0.5912118816739332,0.7378167324821395,-0.008562861452762171
1057,-0.5912118816310489,0.7378167320493133,-0.008562861452762171
1058,-0.5912118816739342,0.7378167324822642,-0.008562861452762171
1059,-0.5912118816739321,0.7378167324821395,-0.008562861452762171
1060,-0.5912118816310521,0.7378167324821395,-0.008562861452762171
1061,-0.5912118816739321,0.7378167324822642,-0.008562861452762171
1062,-0.5912118816739332,0.7378167324822642,-0.008562861452762171
1063,-0.5912118816310499,0.7378167324821395,-0.008562861452762171
1064,-0.5912118816739342,0.7378167324822642,-0.008562861452762171
1065,-0.5912118816310499,0.7378167324821395,-0.008562861452762171
1066,-0.5912118816739321,0.7378167324822642,-0.008562861452762171
1067,-0.3285826261630805,0.5085612760293768,0.1368503266287043
1068,-0.32858262616307626,0.5085612760293768,0.1368503266287952
1069,-0.3285826261630805,0.5085612760295014,0.1368503266287043
1070,-0.3285826261630784,0.5085612760293768,0.1368503266287952
1071,-0.3285826261630784,0.5085612760292523,0.1368503266287043
1072,-0.3285826261201961,0.5085612764623277,0.1368503266287952
1073,-0.32858262616307626,0.5085612760293768,0.1368503266287043
1074,-0.3285826261630784,0.5085612760293768,0.1368503266287952
1075,-0.3285826261630826,0.5085612760295014,0.1368503266287043
1076,-0.32858262616307626,0.5085612760292523,0.1368503266287952
1077,-0.3285826261630784,0.5085612760293768,0.1368503266287043
1078,-0.7065541637800522,1.0289250031049448,-0.09742647639144117
1079,-0.7065541637800501,1.028925003537771,-0.09742647639144117
1080,-0.7065541637800522,1.0289250031049448,-0.09742647639153208
1081,-0.7065541637800522,1.0289250031048203,-0.09742647639144117
1082,-0.7065541637800501,1.0289250031049448,-0.09742647639144117
1083,-0.7065541637800459,1.028925003537771,-0.09742647639144117
1084,-0.7065541637800543,1.0289250031048203,-0.09742647639153208
1085,-0.7065541637800501,1.0289250031048203,-0.09742647639144117
1086,-0.7065541637800501,1.0289250031049448,-0.09742647639144117
1087,-0.7065541638229366,1.0289250035378958,-0.09742647639144117
1088,-0.7065541637800501,1.0289250031048203,-0.09742647639144117
1089,-0.7065541637800501,1.0289250031048203,-0.09742647639153208
1090,-0.7065541637800501,1.0289250035378958,-0.09742647639144117
1091,-0.7065541637800501,1.0289250031048203,-0.09742647639144117
1092,-0.7065541637800501,1.0289250031048203,-0.09742647639144117
1093,-0.7065541637800543,1.0289250031049448,-0.09742647639153208
1094,-0.7065541637800501,1.0289250035378958,-0.09742647639144117
1095,-0.7065541637800501,1.0289250031048203,-0.09742647639144117
1096,-0.40707447638277205,0.9347429157542605,-0.08383557057732983
1097,-0.4070744764256543,0.934742915321185,-0.08383557057723891
1098,-0.40707447638276784,0.9347429157542605,-0.08383557057732983
1099,-0.40707447642565003,0.9347429157542605,-0.08383557057732983
1100,-0.40707447638276784,0.9347429153213096,-0.08383557057732983
1101,-0.40707447642565003,0.9347429157541358,-0.08383557057723891
1102,-0.40707447638277633,0.9347429157542605,-0.08383557057732983
1103,-0.40707447642565003,0.9347429153213096,-0.08383557057732983
1104,-0.40707447638276784,0.9347429157541358,-0.08383557057723891
1105,-0.4070744764256543,0.934742915321185,-0.08383557057732983
1106,-0.40707447638277205,0.9347429157542605,-0.08383557057732983
1107,-0.4070744764256543,0.9347429157543851,-0.08383557057723891
1108,-0.40707447638275934,0.9347429153210604,-0.08383557057732983
1109,-0.40707447642565003,0.9347429157542605,-0.08383557057732983
1110,-0.40707447638277633,0.9347429157542605,-0.08383557057732983
1111,-0.40707447642565003,0.9347429153214342,-0.08383557057723891
1112,-0.40707447638276784,0.9347429157540112,-0.08383557057732983
1113,0.0746886192372226,0.6498072553474996,-0.10853442825879878
1114,0.07468861919433188,0.6498072549145487,-0.10853442825879878
1115,0.0746886192372226,0.649807255347375,-0.10853442825879878
1116,0.0746886192372226,0.6498072553474996,-0.10853442825879878
1117,0.07468861919434037,0.649807255347375,-0.10853442825879878
1118,0.07468861923721411,0.649807255347375,-0.10853442825879878
1119,0.07468861919434037,0.6498072549145487,-0.10853442825879878
1120,0.0746886192372226,0.6498072553474996,-0.10853442825879878
1121,0.0746886192372226,0.649807255347375,-0.10853442825879878
1122,0.07468861919433613,0.6498072549144241,-0.10853442825879878
1123,0.07468861923722685,0.6498072553474996,-0.10853442825879878
1124,0.07468861919433188,0.6498072553472505,-0.10853442825879878
1125,0.07468861923721835,0.6498072553474996,-0.10853442825879878
1126,0.0746886192372226,0.6498072553474996,-0.10853442825879878
1127,0.07468861919433188,0.6498072549144241,-0.10853442825879878
1128,0.0746886192372226,0.6498072553474996,-0.10853442825879878
1129,-0.002046570131744465,0.060095401047595115,-0.06568947105619867
1130,-0.0020465701317359743,0.06009540104771971,-0.06568947105619867
1131,-0.002046570131744465,0.06009540104771971,-0.06568947105619867
1132,-0.002046570131744465,0.06009540104771971,-0.06568947105628958
1133,-0.002046570131744465,0.06009540104771971,-0.06568947105619867
1134,-0.0020465701317487106,0.060095401047595115,-0.06568947105619867
1135,-0.0020465701317487106,0.0600954010478443,-0.06568947105619867
1136,-0.0020465701317402196,0.060095401047595115,-0.06568947105619867
1137,-0.0020465701317487106,0.06009540104771971,-0.06568947105619867
1138,-0.0020465701317402196,0.06009540104771971,-0.06568947105619867
1139,-0.002046570131744465,0.0600954010478443,-0.06568947105628958
1140,-0.002046570131744465,0.06009540104771971,-0.06568947105619867
1141,-0.002046570131744465,0.06009540104747053,-0.06568947105619867
1142,-0.002046570174626696,0.06009540104771971,-0.06568947105619867
1143,-0.002046570131744465,0.0600954010478443,-0.06568947105619867
1144,-0.002046570131744465,0.06009540104771971,-0.06568947105619867
1145,-0.002046570131744465,0.06009540104771971,-0.06568947105619867
1146,-0.0020465701317402196,0.060095401047595115,-0.06568947105628958
1147,-0.002046570131744465,0.060095401047595115,-0.06568947105619867
1148,-0.002046570131752956,0.0600954010478443,-0.06568947105619867
1149,-0.002046570131744465,0.06009540104771971,-0.06568947105619867
1150,-0.0020465701317359743,0.06009540104771971,-0.06568947105619867
1151,-0.002046570131752956,0.060095401047595115,-0.06568947105619867
1152,-0.0020465701317359743,0.0600954010478443,-0.06568947105619867
1153,-0.002046570131752956,0.060095401047595115,-0.06568947105628958
1154,-0.0020465701317402196,0.06009540104771971,-0.06568947105619867
1155,-0.002046570131744465,0.06009540104771971,-0.06568947105619867
1156,-0.002046570131744465,0.06009540104771971,-0.06568947105619867
1157,-0.34577423480140956,0.18775749984864146,0.12473256095525632
1158,-0.34577423480140107,0.18775749984851686,0.12473256095534725
1159,-0.34577423480140956,0.18775749984876602,0.12473256095525632
1160,-0.34577423480140956,0.18775749984851686,0.12473256095525632
1161,-0.34577423480141384,0.18775749984876602,0.12473256095534725
1162,-0.34577423480139685,0.18775750028134314,0.12473256095525632
1163,-0.34577423484429604,0.18775749984876602,0.12473256095525632
1164,-0.34577423480140956,0.18775749984864146,0.12473256095534725
1165,-0.34577423480140534,0.18775749984851686,0.12473256095525632
1166,-0.34577423480141384,0.18775749984864146,0.12473256095525632
1167,-0.34577423480140107,0.18775749984864146,0.12473256095534725
1168,-0.34577423480141384,0.18775749984851686,0.12473256095525632
1169,-0.05205377219145036,0.8021313501386924,-0.008562861452762171
1170,-0.05205377219145885,0.8021313505715187,-0.008562861452762171
1171,-0.05205377219145036,0.8021313505717679,-0.008562861452762171
1172,-0.05205377219145885,0.8021313501384433,-0.008562861452762171
1173,0.7325419841206675,0.756434121701347,-0.008562861452762171
1174,0.7325419841635497,0.7564341221341734,-0.008562861452762171
1175,0.7325419841635454,0.7564341221341734,-0.008562861452762171
1176,0.7325419841206675,0.756434121701347,-0.008562861452762171
1177,-0.2421673592915903,1.0725066192588462,0.09140870535327444
1178,-0.24216735929157332,1.0725066192588462,0.09140870535327444
1179,-0.2421673592915903,1.0725066196919217,0.09140870535327444
1180,-0.2421673592915903,1.0725066192588462,0.09140870535327444
1181,-0.2421673592915818,1.0725066192588462,0.09140870535327444
1182,-0.24216735929158606,1.0725066192590953,0.09140870535327444
1183,-0.2421673592915903,1.0725066192587216,0.09140870535327444
1184,-0.24216735933446404,1.0725066196919217,0.09140870535327444
1185,-0.2421673592915903,1.0725066192588462,0.09140870535327444
1186,-0.24216735929158606,1.0725066192588462,0.09140870535327444
1187,-0.2421673592915818,1.0725066192589707,0.09140870535327444
1188,-0.2421673592915903,1.0725066192588462,0.09140870535327444
1189,-0.2421673592915903,1.0725066192589707,0.09140870535327444
1190,-0.2421673592915818,1.0725066196916724,0.09140870535327444
1191,-0.2421673592915903,1.0725066192589707,0.09140870535327444
1192,-0.2421673592915818,1.0725066192589707,0.09140870535327444
1193,-0.05473615085306522,0.8867558475334062,-0.09742647639144117
1194,-0.05473615081017874,0.8867558479664817,-0.09742647639144117
1195,-0.05473615085306522,0.8867558475334062,-0.09742647639153208
1196,-0.05473615085306522,0.8867558479664817,-0.09742647639144117
1197,-0.05473615081017874,0.8867558475334062,-0.09742647639144117
1198,-0.05473615085306522,0.8867558479664817,-0.09742647639144117
1199,-0.05473615085306522,0.8867558475334062,-0.09742647639153208
1200,-0.05473615081017025,0.8867558479664817,-0.09742647639144117
1201,-0.05473615085306522,0.8867558475334062,-0.09742647639144117
1202,-0.054736150853073706,0.8867558475335308,-0.09742647639144117
1203,-0.05473615081017025,0.886755847966357,-0.09742647639144117
1204,-0.05473615085306522,0.8867558475336553,-0.09742647639153208
1205,-0.05473615085306522,0.8867558479662324,-0.09742647639144117
1206,-0.054736150810187234,0.8867558475335308,-0.09742647639144117
1207,-0.05473615085305673,0.886755847966357,-0.09742647639144117
1208,-0.05473615085306522,0.8867558475335308,-0.09742647639153208
1209,-0.054736150810187234,0.886755847966357,-0.09742647639144117
1210,-0.05473615085306522,0.8867558475336553,-0.09742647639144117
1211,-0.030326505096740463,0.9544554453627115,-0.08854011489760963
1212,-0.030326505096740463,0.9544554457956624,-0.08854011489760963
1213,-0.03032650505387097,0.954455445795787,-0.08854011489751872
1214,-0.030326505096740463,0.9544554453627115,-0.08854011489760963
1215,-0.030326505096757446,0.9544554453627115,-0.08854011489760963
1216,-0.030326505053862477,0.9544554457959116,-0.08854011489760963
1217,-0.030326505096748956,0.9544554453627115,-0.08854011489760963
1218,-0.030326505096740463,0.9544554457955379,-0.08854011489751872
1219,-0.030326505096748956,0.9544554453629608,-0.08854011489760963
1220,-0.030326505096748956,0.9544554457955379,-0.08854011489760963
1221,-0.030326505053862477,0.954455445795787,-0.08854011489760963
1222,-0.030326505096757446,0.9544554453628361,-0.08854011489760963
1223,-0.030326505096740463,0.9544554453627115,-0.08854011489751872
1224,-0.030326505053862477,0.954455445795787,-0.08854011489760963
1225,-0.030326505096748956,0.9544554457955379,-0.08854011489760963
1226,-0.030326505096740463,0.9544554453629608,-0.08854011489760963
1227,-0.030326505096757446,0.9544554453627115,-0.08854011489760963
1228,-0.030326505096748956,0.9544554457956624,-0.08854011489751872
1229,-0.030326505053862477,0.9544554457956624,-0.08854011489760963
1230,-0.030326505096740463,0.9544554453628361,-0.08854011489760963
1231,-0.38279106024585463,0.7503411578229447,-0.008562861452762171
1232,-0.38279106020295117,0.7503411582561448,-0.008562861452762171
1233,-0.38279106024584614,0.7503411582560202,-0.008562861452762171
1234,-0.38279106024585463,0.7503411578229447,-0.008562861452762171
1235,-0.38279106020295117,0.7503411578229447,-0.008562861452762171
1236,-0.38279106024583764,0.7503411582558955,-0.008562861452762171
1237,-0.3827910602458631,0.7503411582561448,-0.008562861452762171
1238,-0.38279106024583764,0.7503411578229447,-0.008562861452762171
1239,-0.38279106020295117,0.7503411578230693,-0.008562861452762171
1240,-0.38279106024585463,0.7503411582561448,-0.008562861452762171
1241,-0.38279106024584614,0.750341158255771,-0.008562861452762171
1242,-0.38279106020295117,0.7503411578229447,-0.008562861452762171
1243,-0.38279106024585463,0.7503411578230693,-0.008562861452762171
1244,-0.38279106024584614,0.7503411582560202,-0.008562861452762171
1245,-0.38279106024584614,0.7503411582558955,-0.008562861452762171
1246,-0.38279106020295967,0.7503411578231939,-0.008562861452762171
1247,-0.38279106024584614,0.7503411578229447,-0.008562861452762171
1248,-0.38279106024582915,0.7503411582560202,-0.008562861452762171
1249,-0.38279106020296816,0.7503411582558955,-0.008562861452762171
1250,-0.38279106024584614,0.7503411578229447,-0.008562861452762171
1251,-0.7521546008987499,0.39085629333655764,-0.4084491286769086
1252,-0.7521546009416449,0.3908562937695085,-0.4084491286769086
1253,-0.7521546008987499,0.39085629333655764,-0.4084491286769086
1254,-0.7521546008987499,0.39085629333655764,-0.4084491286769086
1255,-0.8125081206348627,-0.09658081086123593,-0.008562861452762171
1256,-0.8125081205919762,-0.09658081129431138,-0.008562861452762171
1257,-0.8125081205919847,-0.09658081129406221,-0.008562861452762171
1258,-0.8125081206348542,-0.09658081086136051,-0.008562861452762171
1259,-0.5941381129333508,-0.5964807962108891,-0.008562861452762171
1260,-0.5941381128904644,-0.5964807962108891,-0.008562861452762171
1261,-0.5941381129333423,-0.5964807962111384,-0.008562861452762171
1262,-0.5941381128904644,-0.5964807962108891,-0.008562861452762171
1263,-0.5941381129333423,-0.5964807962111384,-0.008562861452762171
1264,-0.5941381129333508,-0.59648079621064,-0.008562861452762171
1265,-0.5941381128904558,-0.5964807962111384,-0.008562861452762171
1266,-0.5941381129333508,-0.5964807962108891,-0.008562861452762171
1267,-0.5941381128904644,-0.5964807962111384,-0.008562861452762171
1268,-0.5941381129333339,-0.5964807962108891,-0.008562861452762171
1269,-0.5941381128904814,-0.5964807962108891,-0.008562861452762171
1270,-0.5941381129333339,-0.5964807962110138,-0.008562861452762171
1271,-0.5941381129333508,-0.5964807962110138,-0.008562861452762171
1272,-0.5941381128904644,-0.5964807962108891,-0.008562861452762171
1273,-0.5941381129333508,-0.5964807962110138,-0.008562861452762171
1274,-0.5941381128904644,-0.5964807962110138,-0.008562861452762171
1275,-0.5941381129333339,-0.5964807962110138,-0.008562861452762171
1276,-0.5941381129333508,-0.5964807962108891,-0.008562861452762171
1277,-0.5941381128904474,-0.5964807962108891,-0.008562861452762171
1278,-0.5941381129333678,-0.5964807962111384,-0.008562861452762171
1279,-0.5941381128904644,-0.5964807962108891,-0.008562861452762171
1280,-0.5941381129333339,-0.5964807962108891,-0.008562861452762171
1281,-0.6370186556094611,-0.6156544586225148,-0.07008382564110638
1282,-0.6370186555665832,-0.6156544586226395,-0.07008382564110638
1283,-0.6370186556094611,-0.6156544581896886,-0.07008382564110638
1284,-0.6370186556094527,-0.6156544586225148,-0.07008382564101545
1285,-0.6370186555665832,-0.6156544586223902,-0.07008382564110638
1286,-0.6370186556094611,-0.615654458622764,-0.07008382564110638
1287,-0.6370186556094527,-0.6156544586223902,-0.07008382564110638
1288,-0.6370186555665832,-0.6156544581896886,-0.07008382564110638
1289,-0.6370186556094527,-0.6156544586226395,-0.07008382564110638
1290,-0.6370186556094611,-0.6156544586225148,-0.07008382564101545
1291,-0.6370186555665832,-0.6156544586226395,-0.07008382564110638
1292,-0.6370186556094611,-0.6156544586225148,-0.07008382564110638
1293,-0.6370186556094527,-0.6156544586225148,-0.07008382564110638
1294,-0.6370186555665832,-0.615654458189564,-0.07008382564110638
1295,-0.6370186556094697,-0.615654458622764,-0.07008382564110638
1296,-0.6370186555665747,-0.6156544586223902,-0.07008382564110638
1297,-0.6370186556094527,-0.615654458622764,-0.07008382564101545
1298,-0.6370186556094527,-0.6156544586225148,-0.07008382564110638
1299,-0.6370186555665747,-0.615654458189564,-0.07008382564110638
1300,-0.6370186556094697,-0.6156544586225148,-0.07008382564110638
1301,-0.6370186556094527,-0.6156544586226395,-0.07008382564110638
1302,-0.6370186555665747,-0.6156544586225148,-0.07008382564110638
1303,-0.6370186556094697,-0.6156544586225148,-0.07008382564101545
1304,-0.6370186556094697,-0.615654458189564,-0.07008382564110638
1305,-0.6370186555665747,-0.6156544586226395,-0.07008382564110638
1306,-0.6370186556094527,-0.6156544586225148,-0.07008382564110638
1307,-0.583164745689113,-0.3804575338774185,0.06414373258801652
1308,-0.583164745689113,-0.3804575338774185,0.0641437325879256
1309,-0.583164745689113,-0.38045753431024476,0.06414373258801652
1310,-0.5831647457319741,-0.3804575338771693,0.06414373258801652
1311,-0.583164745689113,-0.3804575338774185,0.06414373258801652
1312,-0.583164745689096,-0.3804575338774185,0.0641437325879256
1313,-0.583164745689113,-0.3804575338774185,0.06414373258801652
1314,-0.583164745689113,-0.3804575338771693,0.06414373258801652
1315,-0.583164745689096,-0.3804575343103694,0.06414373258801652
1316,-0.583164745689096,-0.3804575338774185,0.0641437325879256
1317,-0.5831647457319911,-0.3804575338772939,0.06414373258801652
1318,-0.583164745689096,-0.3804575338774185,0.06414373258801652
1319,-0.58316474568913,-0.3804575338771693,0.0641437325879256
1320,-0.583164745689113,-0.3804575343103694,0.06414373258801652
1321,-0.583164745689096,-0.3804575338774185,0.06414373258801652
1322,-0.583164745689113,-0.3804575338774185,0.06414373258801652
1323,-0.583164745689113,-0.3804575338771693,0.0641437325879256
1324,-0.583164745689096,-0.3804575338774185,0.06414373258801652
1325,-0.5831647457319911,-0.3804575338774185,0.06414373258801652
1326,-0.583164745689096,-0.38045753431024476,0.06414373258801652
1327,-0.583164745689113,-0.3804575338771693,0.0641437325879256
1328,-0.583164745689113,-0.3804575338774185,0.06414373258801652
1329,-0.7280131930300401,-0.32941907103162743,0.10569035775411083
1330,-0.7280131929871451,-0.3294190705989257,0.10569035775420176
1331,-0.7280131930300401,-0.3294190710315028,0.10569035775411083
1332,-0.7280131930300571,-0.32941907103162743,0.10569035775411083
1333,-0.7280131929871281,-0.32941907103162743,0.10569035775411083
1334,-0.7280131930300571,-0.32941907059867653,0.10569035775420176
1335,-0.7280131930300231,-0.329419071031752,0.10569035775411083
1336,-0.728013192987162,-0.32941907103162743,0.10569035775411083
1337,-0.7280131930300401,-0.32941907059867653,0.10569035775420176
1338,-0.7280131929871451,-0.32941907103162743,0.10569035775411083
1339,-0.7280131930300401,-0.329419071031752,0.10569035775411083
1340,-0.7280131930300571,-0.32941907103162743,0.10569035775411083
1341,-0.728013192987162,-0.32941907059867653,0.10569035775420176
1342,-0.7280131930300231,-0.32941907103162743,0.10569035775411083
1343,-0.9718414126627183,0.29641535430606564,0.0714143919920853
1344,-0.9718414126627183,0.29641535473926567,0.0714143919920853
1345,-0.9718414126627183,0.2964153543061902,0.07141439199199438
1346,-0.9718414127055963,0.2964153543061902,0.0714143919920853
1347,-0.9718414126627183,0.2964153547391411,0.0714143919920853
1348,-0.9718414126627183,0.29641535430606564,0.0714143919920853
1349,-0.9718414126627013,0.2964153543063148,0.0714143919920853
1350,-0.9718414126627183,0.29641535430606564,0.07141439199199438
1351,-0.9718414126627013,0.29641535473926567,0.0714143919920853
1352,-0.9718414127056132,0.2964153543061902,0.0714143919920853
1353,-0.9718414126627183,0.2964153543061902,0.0714143919920853
1354,-0.9718414126627183,0.29641535473901653,0.0714143919920853
1355,-0.9718414126627013,0.2964153543061902,0.07141439199199438
1356,-0.9718414126627183,0.2964153543063148,0.0714143919920853
1357,-0.9718414126627183,0.29641535430606564,0.0714143919920853
1358,-0.9718414126627353,0.2964153547391411,0.0714143919920853
1359,-0.9718414127055793,0.2964153543061902,0.0714143919920853
1360,-0.9718414126627183,0.2964153543063148,0.07141439199199438
1361,-0.9718414126627353,0.29641535473901653,0.0714143919920853
1362,-0.9718414126627183,0.2964153543061902,0.0714143919920853
1363,-0.9694272718887014,0.4365535217740276,0.05541894130313399
1364,-0.9694272718887184,0.43655352220672927,0.05541894130304307
1365,-0.9694272718887014,0.43655352177377843,0.05541894130313399
1366,-0.9694272718887014,0.4365535222068539,0.05541894130313399
1367,-0.9694272718458573,0.436553521773903,0.05541894130304307
1368,-0.9694272718886674,0.43655352220672927,0.05541894130313399
1369,-0.9694272718887184,0.43655352177377843,0.05541894130304307
1370,-0.9694272718887014,0.4365535222068539,0.05541894130313399
1371,-0.9694272718887014,0.436553521773903,0.05541894130313399
1372,-0.9694272718887184,0.43655352220672927,0.05541894130304307
1373,-0.9694272718887353,0.4365535217740276,0.05541894130313399
1374,-0.9694272718886844,0.43655352220672927,0.05541894130313399
1375,-0.9694272718458063,0.43655352177377843,0.05541894130304307
1376,-0.9694272718887353,0.43655352220672927,0.05541894130313399
1377,-0.9694272718886844,0.4365535217740276,0.05541894130313399
1378,-0.9694272718887353,0.43655352220672927,0.05541894130304307
1379,-0.9694272718887184,0.43655352177377843,0.05541894130313399
1380,-0.9694272718887014,0.4365535222068539,0.05541894130313399
1381,-0.9694272718887184,0.4365535217740276,0.05541894130304307
1382,-0.9694272718887014,0.43655352220672927,0.05541894130313399
1383,-0.9694272718458063,0.436553521773903,0.05541894130304307
1384,-0.9694272718887184,0.4365535222066047,0.05541894130313399
1385,-0.9694272718887014,0.436553521773903,0.05541894130313399
1386,-0.9694272718887353,0.4365535222068539,0.05541894130304307
1387,-0.9694272718887184,0.43655352177377843,0.05541894130313399
1388,-0.9593683519183546,0.4060887028155897,-0.07521057265681688
1389,-0.9593683519613174,0.40608870324866514,-0.07521057265672595
1390,-0.9593683519184054,0.4060887028155897,-0.07521057265681688
1391,-0.9593683519183884,0.4060887028155897,-0.07521057265681688
1392,-0.9593683519183546,0.4060887028155897,-0.07521057265672595
1393,-0.9593683519184224,0.40608870324866514,-0.07521057265681688
1394,-0.9593683519612834,0.4060887028155897,-0.07521057265681688
1395,-0.9593683519183884,0.4060887028155897,-0.07521057265672595
1396,-0.9593683519184224,0.40608870324866514,-0.07521057265681688
1397,-0.9593683519612495,0.4060887028155897,-0.07521057265681688
1398,-0.9593683519184224,0.4060887028155897,-0.07521057265672595
1399,-0.9593683519183546,0.4060887028155897,-0.07521057265681688
1400,-0.9593683519184224,0.40608870324866514,-0.07521057265681688
1401,-0.9593683519183884,0.4060887028155897,-0.07521057265672595
1402,-0.9593683519613174,0.4060887028155897,-0.07521057265681688
1403,-0.9593683519183546,0.40608870324841595,-0.07521057265681688
1404,-0.9593683519184224,0.40608870281583886,-0.07521057265672595
1405,-0.9593683519612495,0.4060887028155897,-0.07521057265681688
1406,-0.9593683519184224,0.40608870324841595,-0.07521057265681688
1407,-0.9593683519183884,0.4060887028155897,-0.07521057265672595
1408,-0.9593683519184224,0.40608870281583886,-0.07521057265681688
1409,-0.9593683519183546,0.4060887028155897,-0.07521057265681688
1410,-0.9593683519613174,0.40608870324841595,-0.07521057265672595
1411,-0.9593683519183546,0.4060887028155897,-0.07521057265681688
1412,-0.9316407203935743,0.4153606045578168,-0.1476537370089791
1413,-0.9316407204364013,0.41536060412474135,-0.1476537370089791
1414,-0.9316407203935743,0.4153606045576922,-0.1476537370089791
1415,-0.9316407203935743,0.4153606045576922,-0.1476537370089791
1416,-0.9316407204364013,0.41536060412461673,-0.1476537370089791
1417,-0.9316407203935743,0.4153606045579414,-0.14765373700907003
1418,-0.9316407203935403,0.4153606045575676,-0.1476537370089791
1419,-0.9316407203935743,0.41536060412474135,-0.1476537370089791
1420,-0.9316407204364013,0.4153606045576922,-0.1476537370089791
1421,-0.9316407203935743,0.4153606045576922,-0.1476537370089791
1422,-0.9316407203935743,0.41536060412474135,-0.1476537370089791
1423,-0.9316407204364013,0.4153606045575676,-0.1476537370089791
1424,-0.9316407203935063,0.41536060412474135,-0.1476537370089791
1425,-0.9316407203936082,0.4153606045579414,-0.1476537370089791
1426,-0.9316407204364353,0.4153606045575676,-0.1476537370089791
1427,-0.9316407203935063,0.41536060412474135,-0.1476537370089791
1428,-0.9316407203935403,0.4153606045576922,-0.1476537370089791
1429,-0.9316407203935743,0.4153606045578168,-0.14765373700907003
1430,-0.9316407204364353,0.41536060412474135,-0.1476537370089791
1431,-0.9316407203935403,0.4153606045575676,-0.1476537370089791
1432,-0.9316407203935743,0.4153606045576922,-0.1476537370089791
1433,-0.9316407204364353,0.41536060412499054,-0.1476537370089791
1434,-0.9316407203935403,0.415360604557443,-0.1476537370089791
1435,-0.7872693760117315,0.649807255347375,-0.08126945549354085
1436,-0.7872693760116976,0.6498072549145487,-0.08126945549344994
1437,-0.7872693760116976,0.6498072553474996,-0.08126945549354085
1438,-0.7872693760116976,0.6498072553472505,-0.08126945549354085
1439,-0.7872693760116976,0.6498072553474996,-0.08126945549354085
1440,-0.7872693760116976,0.6498072549145487,-0.08126945549344994
1441,-0.7872693760116976,0.649807255347375,-0.08126945549354085
1442,-0.7872693760117315,0.649807255347375,-0.08126945549354085
1443,-0.7872693760116976,0.6498072553474996,-0.08126945549354085
1444,-0.7872693760116976,0.6498072549144241,-0.08126945549344994
1445,-0.7872693759688025,0.6498072553474996,-0.08126945549354085
1446,-0.7872693760116976,0.649807255347375,-0.08126945549354085
1447,-0.7872693760117655,0.6498072549145487,-0.08126945549344994
1448,-0.7872693760116976,0.649807255347375,-0.08126945549354085
1449,-0.7872693760116976,0.6498072553474996,-0.08126945549354085
1450,-0.7872693760116976,0.6498072553472505,-0.08126945549354085
1451,-0.7872693760117315,0.6498072549146734,-0.08126945549344994
1452,-0.7872693760116976,0.649807255347375,-0.08126945549354085
1453,-0.7872693760116976,0.649807255347375,-0.08126945549354085
1454,-0.7872693760116976,0.649807255347375,-0.08126945549354085
1455,-0.7872693760117315,0.6498072549146734,-0.08126945549344994
1456,-0.7872693760116976,0.6498072553472505,-0.08126945549354085
1457,-0.7714677272194599,0.6467607731920721,0.15139164543693276
1458,-0.7714677272194259,0.6467607736246493,0.15139164543684186
1459,-0.7714677271765649,0.646760773191823,0.15139164543693276
1460,-0.7714677272194599,0.646760773191823,0.15139164543684186
1461,-0.7714677272194259,0.6467607736247739,0.15139164543693276
1462,-0.7714677272194939,0.646760773191823,0.15139164543693276
1463,-0.7714677272194599,0.646760773191823,0.15139164543684186
1464,-0.7714677271765649,0.646760773191823,0.15139164543693276
1465,-0.7714677272194599,0.6467607736248985,0.15139164543684186
1466,-0.7714677272194259,0.646760773191823,0.15139164543693276
1467,-0.7714677272194599,0.646760773191823,0.15139164543693276
1468,-0.7714677272194599,0.6467607736246493,0.15139164543684186
1469,-0.7714677271765988,0.6467607731919476,0.15139164543693276
1470,-0.7714677272194599,0.646760773191823,0.15139164543684186
1471,-0.7714677272194259,0.646760773191823,0.15139164543693276
1472,-0.7714677272194599,0.6467607736246493,0.15139164543693276
1473,-0.7714677272194259,0.6467607731920721,0.15139164543684186
1474,-0.7714677271765649,0.646760773191823,0.15139164543693276
1475,-0.7714677272194939,0.6467607736246493,0.15139164543684186
1476,-0.7714677272194259,0.646760773191823,0.15139164543693276
1477,-0.7992878258118699,0.5700184435427423,0.14377476415640184
1478,-0.7992878258547309,0.5700184435427423,0.14377476415649276
1479,-0.7992878258118019,0.570018443542867,0.14377476415640184
1480,-0.7992878258118359,0.5700184431096669,0.14377476415649276
1481,-0.7992878258118699,0.5700184435427423,0.14377476415640184
1482,-0.7992878258546969,0.5700184435427423,0.14377476415640184
1483,-0.7992878258117679,0.5700184435427423,0.14377476415649276
1484,-0.7992878258119378,0.5700184435426178,0.14377476415640184
1485,-0.799287825854663,0.570018443542867,0.14377476415640184
1486,-0.7992878258118359,0.5700184435426178,0.14377476415649276
1487,-0.7992878258118699,0.5700184431099161,0.14377476415640184
1488,-0.7992878258118359,0.5700184435427423,0.14377476415649276
1489,-0.7992878258547309,0.5700184435426178,0.14377476415640184
1490,-0.7992878258118019,0.570018443542867,0.14377476415640184
1491,-0.7992878258118359,0.5700184435426178,0.14377476415649276
1492,-0.7992878258546969,0.570018443542867,0.14377476415640184
1493,-0.7992878258118359,0.5700184435426178,0.14377476415640184
1494,-0.7992878258118019,0.5700184431099161,0.14377476415649276
1495,-0.7992878258119038,0.5700184435427423,0.14377476415640184
1496,-0.7992878258547309,0.5700184435424932,0.14377476415649276
1497,-0.7992878258118359,0.5700184435427423,0.14377476415640184
1498,-0.8220376237104282,0.5006899830805306,0.22715956975307533
1499,-0.8220376237533572,0.500689983080406,0.22715956975298443
1500,-0.8220376237104622,0.5006899830802813,0.22715956975307533
1501,-0.8220376237533232,0.5006899830805306,0.22715956975307533
1502,-0.8220376237104962,0.5006899830801568,0.22715956975298443
1503,-0.8220376237533572,0.5006899830805306,0.22715956975307533
1504,-0.8220376237103942,0.5006899830802813,0.22715956975307533
1505,-0.8220376237533912,0.500689983080406,0.22715956975298443
1506,-0.8220376237104962,0.500689983080406,0.22715956975307533
1507,-0.8220376237532893,0.5006899835133568,0.22715956975307533
1508,-0.8220376237104962,0.5006899830801568,0.22715956975307533
1509,-0.8220376237532893,0.5006899830805306,0.22715956975298443
1510,-0.8220376237105301,0.5006899830802813,0.22715956975307533
1511,-0.8220376237533232,0.500689983080406,0.22715956975307533
1512,-0.8220376237104962,0.5006899830805306,0.22715956975298443
1513,-0.8220376237533232,0.5006899830802813,0.22715956975307533
1514,-0.8220376237104622,0.5006899830802813,0.22715956975307533
1515,-0.8220376237533572,0.500689983080406,0.22715956975298443
1516,-0.8220376237104622,0.5006899830805306,0.22715956975307533
1517,-0.6539795421411585,0.5868466293269224,0.39665522266770137
1518,-0.6539795421840534,0.5868466288944699,0.39665522266770137
1519,-0.6539795421411585,0.5868466293271717,0.39665522266770137
1520,-0.6539795421840195,0.5868466293271717,0.39665522266770137
1521,-0.6539795421412264,0.5868466293271717,0.39665522266770137
1522,-0.6539795421839856,0.5868466288944699,0.39665522266770137
1523,-0.6539795421412264,0.5868466293271717,0.39665522266770137
1524,-0.6539795421840195,0.5868466293271717,0.3966552226677923
1525,-0.6539795421411585,0.5868466293271717,0.39665522266770137
1526,-0.6539795421840534,0.5868466288943454,0.39665522266770137
1527,-0.6539795421411585,0.5868466293272963,0.39665522266770137
1528,-0.6539795421840195,0.5868466293269224,0.39665522266770137
1529,-0.6539795421412264,0.5868466293274208,0.39665522266770137
1530,-0.6539795421839856,0.5868466288942208,0.39665522266770137
1531,-0.6539795421411925,0.5868466293271717,0.39665522266770137
1532,-0.7682488728255525,-0.28444719530269713,0.5246188281794028
1533,-0.7682488728254847,-0.28444719487012005,0.5246188281794937
1534,-0.7682488728255525,-0.2844471953028217,0.5246188281794028
1535,-0.7682488728255187,-0.2844471953030709,0.5246188281794028
1536,-0.7682488728255187,-0.28444719486987086,0.5246188281794937
1537,-0.7682488728255187,-0.2844471953029463,0.5246188281794028
1538,-0.6652455325199018,-0.36771770062860887,0.4393097578383291
1539,-0.6652455325199358,-0.36771770062873343,0.43930975783823817
1540,-0.6652455324770069,-0.3677177001957826,0.43930975783823817
1541,-0.6652455325199358,-0.36771770062860887,0.4393097578383291
1542,-0.6652455325199358,-0.36771770062848425,0.4393097578383291
1543,-0.6652455325199358,-0.36771770062860887,0.43930975783823817
1544,-0.6652455325199358,-0.36771770062873343,0.43930975783823817
1545,-0.6652455324770749,-0.3677177001955334,0.4393097578383291
1546,-0.6652455325199358,-0.36771770062885806,0.4393097578383291
1547,-0.6652455325198678,-0.36771770062848425,0.43930975783823817
1548,0.32455219086925163,-0.40427548346507536,-0.008562861452762171
1549,0.3245521908263227,-0.4042754834651999,-0.008562861452762171
1550,0.32455219086925163,-0.4042754830322491,-0.008562861452762171
1551,0.32455219082635667,-0.40427548346495074,-0.008562861452762171
1552,0.32455219086925163,-0.4042754834651999,-0.008562861452762171
1553,0.46756129280538683,-0.7472223035102196,0.21994357696107475
1554,0.4675612928054887,-0.7472223030775179,0.21994357696098382
1555,0.4675612928054548,-0.7472223035103441,0.21994357696107475
1556,0.4675612928054548,-0.7472223035104688,0.21994357696098382
1557,0.4675612928054548,-0.7472223035104688,0.21994357696107475
1558,0.4675612928054548,-0.7472223030773933,0.21994357696098382
1559,0.4675612928054548,-0.7472223035102196,0.21994357696107475
1560,0.46756129280552267,-0.7472223035102196,0.21994357696107475
1561,0.46756129280538683,-0.7472223030775179,0.21994357696098382
1562,0.4675612928054887,-0.7472223035104688,0.21994357696107475
1563,0.4675612928482818,-0.7472223035103441,0.21994357696098382
1564,0.46756129280552267,-0.7472223035104688,0.21994357696107475
1565,0.46756129280538683,-0.7472223030773933,0.21994357696098382
1566,0.4675612928054887,-0.7472223035103441,0.21994357696107475
1567,0.4675612928054208,-0.7472223035103441,0.21994357696107475
1568,0.4675612928054887,-0.7472223030775179,0.21994357696098382
1569,0.4675612928054208,-0.7472223035103441,0.21994357696107475
1570,0.4675612928054887,-0.7472223035104688,0.21994357696098382
1571,0.4675612928054208,-0.7472223035102196,0.21994357696107475
1572,0.4675612928054548,-0.7472223030775179,0.21994357696098382
1573,0.4675612928054548,-0.7472223035103441,0.21994357696107475
1574,0.42594610397791477,-0.7058771917576862,0.13539619474789052
1575,0.4259461039778129,-0.7058771917579353,0.13539619474798145
1576,0.4259461039778808,-0.7058771917576862,0.13539619474789052
1577,0.4259461039778808,-0.7058771921907616,0.13539619474798145
1578,0.4259461039778808,-0.7058771917579353,0.13539619474789052
1579,0.42594610393498583,-0.7058771917576862,0.13539619474798145
1580,0.4259461039778808,-0.7058771917579353,0.13539619474789052
1581,0.4259461039778808,-0.7058771917576862,0.13539619474798145
1582,0.4259461039778468,-0.7058771917576862,0.13539619474789052
1583,0.4259461039778468,-0.7058771917579353,0.13539619474789052
1584,0.42594610397794874,-0.7058771921907616,0.13539619474798145
1585,0.4259461039778808,-0.7058771917576862,0.13539619474789052
1586,0.4259461039778129,-0.7058771917580599,0.13539619474798145
1587,0.4259461039778808,-0.7058771917576862,0.13539619474789052
1588,0.4259461039350538,-0.7058771917578107,0.13539619474798145
1589,0.4259461039778129,-0.7058771917578107,0.13539619474789052
1590,0.4259461039778808,-0.7058771921907616,0.13539619474798145
1591,0.4259461039778808,-0.7058771917576862,0.13539619474789052
1592,0.42594610397791477,-0.7058771917579353,0.13539619474798145
1593,0.4259461039778468,-0.7058771917576862,0.13539619474789052
1594,0.5000497299193805,-0.8535653363273786,-0.1337446494533574
1595,0.5000497299193465,-0.8535653363273786,-0.1337446494533574
1596,0.5000497299194484,-0.8535653363275032,-0.1337446494533574
1597,0.5000497299193465,-0.8535653363273786,-0.1337446494533574
1598,0.5000497299193805,-0.8535653363271294,-0.1337446494533574
1599,0.5000497299193465,-0.8535653358946769,-0.13374464945344833
1600,0.5000497299194144,-0.8535653363273786,-0.1337446494533574
1601,0.5000497299194144,-0.8535653363273786,-0.1337446494533574
1602,0.5000497299193126,-0.8535653363273786,-0.1337446494533574
1603,0.5000497299194144,-0.8535653363273786,-0.1337446494533574
1604,0.5000497299194484,-0.853565336327254,-0.1337446494533574
1605,0.5000497299622415,-0.8535653363275032,-0.1337446494533574
1606,0.5000497299193465,-0.8535653363275032,-0.1337446494533574
1607,0.5000497299193805,-0.8535653363271294,-0.1337446494533574
1608,0.5000497299194144,-0.8535653363273786,-0.1337446494533574
1609,0.5000497299193805,-0.8535653363273786,-0.1337446494533574
1610,0.5000497299193805,-0.8535653363275032,-0.1337446494533574
1611,0.5000497299193805,-0.8535653358943032,-0.13374464945344833
1612,0.5000497299193465,-0.8535653363275032,-0.1337446494533574
1613,0.5000497299193805,-0.8535653363273786,-0.1337446494533574
1614,0.5000497299194144,-0.8535653363273786,-0.1337446494533574
1615,0.5000497299193805,-0.8535653363273786,-0.1337446494533574
1616,0.5000497299193805,-0.8535653363273786,-0.1337446494533574
1617,0.4347979535397632,-0.873433696461111,-0.14185828386078067
1618,0.4347979535397632,-0.873433696461111,-0.1418582838608716
1619,0.43479795349683426,-0.8734336968938128,-0.14185828386078067
1620,0.4347979535396953,-0.873433696461111,-0.14185828386078067
1621,0.43479795353979717,-0.873433696461111,-0.1418582838608716
1622,0.4347979535397632,-0.8734336964609865,-0.14185828386078067
1623,0.4347979535396953,-0.873433696461111,-0.14185828386078067
1624,0.43479795349686823,-0.873433696461111,-0.1418582838608716
1625,0.4347979535396953,-0.873433696461111,-0.14185828386078067
1626,0.4347979535397292,-0.8734336968940619,-0.14185828386078067
1627,0.43479795353979717,-0.8734336964609865,-0.1418582838608716
1628,0.43479795349686823,-0.8734336964609865,-0.14185828386078067
1629,0.4347979535396953,-0.8734336964612357,-0.14185828386078067
1630,0.4347979535397632,-0.8734336964608619,-0.1418582838608716
1631,0.4347979535397632,-0.8734336968940619,-0.14185828386078067
1632,0.4347979535397292,-0.873433696461111,-0.14185828386078067
1633,0.43479795349683426,-0.873433696461111,-0.1418582838608716
1634,0.4347979535397632,-0.8734336964609865,-0.14185828386078067
1635,0.4347979535397632,-0.873433696461111,-0.14185828386078067
1636,0.4347979535397292,-0.873433696461111,-0.1418582838608716
1637,0.4347979535396953,-0.8734336964608619,-0.14185828386078067
1638,0.4347979534969022,-0.8734336968940619,-0.14185828386078067
1639,0.4347979535397632,-0.8734336964612357,-0.1418582838608716
1640,0.4347979535396953,-0.8734336964609865,-0.14185828386078067
1641,0.5106907702760436,-0.8954944275651937,-0.06371958796645008
1642,0.5106907702760775,-0.8954944275651937,-0.06371958796645008
1643,0.5106907702760775,-0.8954944275651937,-0.06371958796645008
1644,0.5106907702760096,-0.8954944275651937,-0.06371958796635915
1645,0.5106907703190064,-0.8954944275651937,-0.06371958796645008
1646,0.5106907702760436,-0.8954944275650691,-0.06371958796645008
1647,0.5106907702760096,-0.8954944275651937,-0.06371958796645008
1648,0.5106907702761454,-0.8954944275651937,-0.06371958796645008
1649,0.5106907702760096,-0.8954944275651937,-0.06371958796645008
1650,0.5106907702761114,-0.8954944275651937,-0.06371958796645008
1651,0.5106907702760096,-0.8954944275653183,-0.06371958796635915
1652,0.5106907702760775,-0.8954944275650691,-0.06371958796645008
1653,0.5106907702760775,-0.8954944275653183,-0.06371958796645008
1654,0.5106907702760436,-0.8954944275650691,-0.06371958796645008
1655,0.5106907703189725,-0.8954944271322428,-0.06371958796645008
1656,0.5106907702760775,-0.8954944275651937,-0.06371958796645008
1657,0.5106907702760096,-0.8954944275651937,-0.06371958796645008
1658,0.5106907702760775,-0.8954944275651937,-0.06371958796645008
1659,0.5106907702760436,-0.8954944275651937,-0.06371958796635915
1660,0.5106907702761114,-0.8954944275653183,-0.06371958796645008
1661,0.5106907702760096,-0.8954944275650691,-0.06371958796645008
1662,0.5106907702761114,-0.8954944275651937,-0.06371958796645008
1663,0.5106907702760096,-0.8954944275650691,-0.06371958796645008
1664,0.5106907702760775,-0.8954944275653183,-0.06371958796645008
1665,0.5106907703189725,-0.8954944275650691,-0.06371958796645008
1666,0.5106907702760436,-0.8954944275651937,-0.06371958796635915
1667,0.5106907702760436,-0.8954944275653183,-0.06371958796645008
1668,0.5106907702760775,-0.8954944275651937,-0.06371958796645008
1669,0.5106907702760775,-0.8954944275651937,-0.06371958796645008
1670,0.4412706498539293,-0.8323724186783416,0.0609825763253463
1671,0.4412706498538953,-0.8323724186780923,0.0609825763253463
1672,0.4412706498539293,-0.8323724186783416,0.0609825763253463
1673,0.44127064981100034,-0.8323724186782169,0.0609825763253463
1674,0.4412706498539293,-0.8323724186783416,0.0609825763253463
1675,0.4412706498539293,-0.8323724186782169,0.0609825763253463
1676,0.4412706498538953,-0.8323724186782169,0.0609825763253463
1677,0.4412706498539632,-0.8323724186783416,0.0609825763253463
1678,0.4412706498539293,-0.8323724186783416,0.0609825763253463
1679,0.4412706498538953,-0.8323724186782169,0.0609825763253463
1680,0.4412706498539293,-0.8323724186782169,0.0609825763253463
1681,0.4412706498110343,-0.8323724191111678,0.06098257632543722
1682,0.4412706498539293,-0.8323724186783416,0.0609825763253463
1683,0.4412706498538953,-0.8323724186783416,0.0609825763253463
1684,0.4412706498539293,-0.8323724186782169,0.0609825763253463
1685,0.4412706498539293,-0.8323724186782169,0.0609825763253463
1686,0.4412706498539293,-0.8323724186783416,0.0609825763253463
1687,0.4412706498539293,-0.8323724186782169,0.0609825763253463
1688,0.4412706498539293,-0.8323724186783416,0.0609825763253463
1689,0.4412706498110343,-0.8323724186783416,0.0609825763253463
1690,0.4412706498538953,-0.8323724186782169,0.0609825763253463
1691,0.4412706498539293,-0.8323724186782169,0.0609825763253463
1692,0.4412706498539293,-0.8323724186783416,0.0609825763253463
1693,0.4162895408389521,-0.8155505402670856,0.2953507016375855
1694,0.41628954079612507,-0.8155505402673348,0.2953507016375855
1695,0.4162895408389521,-0.8155505407001611,0.2953507016375855
1696,0.4162895407960571,-0.8155505402672102,0.2953507016375855
1697,0.4162895408389521,-0.8155505402673348,0.2953507016375855
1698,0.4162895407960911,-0.8155505402670856,0.2953507016375855
1699,0.41628954083898606,-0.8155505402673348,0.2953507016375855
1700,0.41628954079602315,-0.8155505407001611,0.2953507016375855
1701,0.41628954083898606,-0.8155505402672102,0.2953507016375855
1702,0.41628954079612507,-0.8155505402672102,0.2953507016375855
1703,0.4162895408389181,-0.8155505402673348,0.2953507016376764
1704,0.41628954083898606,-0.8155505402672102,0.2953507016375855
1705,0.4162895407960571,-0.8155505407001611,0.2953507016375855
1706,0.41628954083898606,-0.8155505402670856,0.2953507016375855
1707,0.4162895407960911,-0.8155505402673348,0.2953507016375855
1708,0.4162895408389521,-0.8155505402672102,0.2953507016375855
1709,0.4162895407960911,-0.8155505402673348,0.2953507016375855
1710,0.4162895408389521,-0.8155505407001611,0.2953507016375855
1711,0.4162895407960571,-0.8155505402670856,0.2953507016375855
1712,0.41628954083902003,-0.8155505402673348,0.2953507016375855
1713,0.2456902584323192,-0.7718842999335661,0.25802798336336574
1714,0.2456902583894582,-0.7718842995006152,0.2580279833632748
1715,0.24569025843235318,-0.7718842999336907,0.25802798336336574
1716,0.24569025843238712,-0.7718842995006152,0.25802798336336574
1717,0.2456902583894582,-0.7718842999336907,0.2580279833632748
1718,0.24569025843235318,-0.7718842995006152,0.25802798336336574
1719,0.24569025843235318,-0.7718842999335661,0.25802798336336574
1720,0.2456902583894582,-0.7718842995007399,0.2580279833632748
1721,0.24569025843238712,-0.7718842999334415,0.25802798336336574
1722,0.24569025843235318,-0.7718842999335661,0.25802798336336574
1723,0.24569025838942424,-0.7718842995008645,0.2580279833632748
1724,0.24569025843238712,-0.7718842999334415,0.25802798336336574
1725,0.2456902584323192,-0.7718842995007399,0.25802798336336574
1726,0.24569025838949216,-0.7718842999335661,0.2580279833632748
1727,0.2456902584323192,-0.7718842995006152,0.25802798336336574
1728,0.24569025843238712,-0.7718842999336907,0.25802798336336574
1729,0.2456902583894582,-0.7718842995006152,0.2580279833632748
1730,0.24569025843235318,-0.7718842999335661,0.25802798336336574
1731,-0.09779538713444433,-0.8365552315886976,0.3113461523265368
1732,-0.09779538713447829,-0.8365552311556221,0.3113461523265368
1733,-0.09779538713441036,-0.8365552315886976,0.3113461523266277
1734,-0.09779538709158332,-0.8365552311557468,0.3113461523265368
1735,-0.09779538713447829,-0.836555231588573,0.3113461523265368
1736,-0.09779538713441036,-0.8365552311558714,0.3113461523265368
1737,-0.09779538713444433,-0.8365552315884485,0.3113461523265368
1738,-0.09779538713447829,-0.8365552311557468,0.3113461523266277
1739,-0.09779538713444433,-0.836555231588573,0.3113461523265368
1740,-0.09779538709158332,-0.8365552311557468,0.3113461523265368
1741,-0.09779538713441036,-0.8365552315886976,0.3113461523265368
1742,-0.09779538713451225,-0.8365552311557468,0.3113461523266277
1743,-0.09779538713444433,-0.8365552315886976,0.3113461523265368
1744,-0.09779538713441036,-0.8365552311556221,0.3113461523265368
1745,-0.09779538713451225,-0.8365552315886976,0.3113461523265368
1746,-0.09779538709158332,-0.8365552311556221,0.3113461523265368
1747,-0.0977953871343764,-0.8365552315886976,0.3113461523266277
1748,-0.09779538713444433,-0.8365552311556221,0.3113461523265368
1749,-0.09779538713447829,-0.8365552315886976,0.3113461523265368
1750,-0.3011931015698251,-0.8941497733872358,0.05541894130313399
1751,-0.3011931015698251,-0.8941497733873603,0.05541894130304307
1752,-0.3011931015698251,-0.8941497738201866,0.05541894130313399
1753,-0.30119310156985907,-0.8941497733873603,0.05541894130313399
1754,-0.30119310161272006,-0.8941497733872358,0.05541894130304307
1755,-0.3011931015697912,-0.8941497733873603,0.05541894130313399
1756,-0.30119310156985907,-0.8941497733873603,0.05541894130304307
1757,-0.3011931015697912,-0.8941497738203112,0.05541894130313399
1758,-0.30119310156985907,-0.8941497733872358,0.05541894130313399
1759,-0.3011931015698251,-0.8941497733871111,0.05541894130304307
1760,-0.3011931015698251,-0.8941497733874849,0.05541894130313399
1761,-0.3011931015698251,-0.8941497733872358,0.05541894130313399
1762,-0.30119310161272006,-0.8941497738203112,0.05541894130304307
1763,-0.3011931015698251,-0.8941497733872358,0.05541894130313399
1764,-0.3011931015698251,-0.8941497733873603,0.05541894130313399
1765,-0.3011931015698251,-0.8941497733873603,0.05541894130304307
1766,-0.30119310156985907,-0.8941497733872358,0.05541894130313399
1767,-0.3011931015697912,-0.8941497738203112,0.05541894130313399
1768,-0.30119310156985907,-0.8941497733872358,0.05541894130304307
1769,-0.3011931015697912,-0.8941497733873603,0.05541894130313399
1770,-0.30119310161275403,-0.8941497733872358,0.05541894130304307
1771,-0.3011931015697912,-0.8941497733874849,0.05541894130313399
1772,-0.3011931015698251,-0.8941497738201866,0.05541894130313399
1773,-0.30119310156985907,-0.8941497733871111,0.05541894130304307
1774,-0.3011931015697912,-0.8941497733873603,0.05541894130313399
1775,-0.4403280823765918,-0.8886661059402677,0.11140301871446358
1776,-0.4403280823336629,-0.8886661059400186,0.11140301871446358
1777,-0.4403280823765239,-0.8886661063733432,0.11140301871455449
1778,-0.44032808237655785,-0.8886661059400186,0.11140301871446358
1779,-0.44032808237655785,-0.8886661059402677,0.11140301871446358
1780,-0.4403280823336289,-0.8886661063730941,0.11140301871446358
1781,-0.4403280823765239,-0.8886661059402677,0.11140301871446358
1782,-0.44032808237655785,-0.8886661059401432,0.11140301871446358
1783,-0.4403280823336629,-0.8886661059401432,0.11140301871446358
1784,-0.4403280823765918,-0.8886661059402677,0.11140301871455449
1785,-0.4403280823764899,-0.8886661063730941,0.11140301871446358
1786,-0.4403280823336289,-0.8886661059401432,0.11140301871446358
1787,-0.4403280823765918,-0.8886661059401432,0.11140301871446358
1788,-0.44032808237655785,-0.8886661063732186,0.11140301871446358
1789,-0.4403280823764899,-0.8886661059401432,0.11140301871455449
1790,-0.44032808233369686,-0.8886661059401432,0.11140301871446358
1791,-0.44032808237655785,-0.8886661059402677,0.11140301871446358
1792,-0.4403280823765239,-0.8886661059402677,0.11140301871446358
1793,-0.4403280823336629,-0.8886661063730941,0.11140301871446358
1794,-0.4403280823765239,-0.8886661059400186,0.11140301871446358
1795,-0.44032808237655785,-0.8886661059402677,0.11140301871446358
1796,-0.4403280823765239,-0.8886661063732186,0.11140301871455449
1797,-0.4403280823336629,-0.8886661059401432,0.11140301871446358
1798,-0.44032808237655785,-0.8886661059401432,0.11140301871446358
1799,-0.10263576966331885,-0.8487717000377645,0.21994357696107475
1800,-0.1026357696633528,-0.8487717004709646,0.21994357696098382
1801,-0.1026357696633528,-0.8487717000377645,0.21994357696107475
1802,-0.10263576966331885,-0.8487717000378892,0.21994357696098382
1803,-0.1026357696633528,-0.8487717000377645,0.21994357696107475
1804,-0.1026357696633528,-0.8487717004707154,0.21994357696098382
1805,-0.10263576966331885,-0.8487717000378892,0.21994357696107475
1806,-0.1026357696633528,-0.8487717000377645,0.21994357696107475
1807,-0.10263576966331885,-0.8487717004709646,0.21994357696098382
1808,-0.10263576966331885,-0.8487717000378892,0.21994357696107475
1809,-0.1026357696633528,-0.8487717000376399,0.21994357696098382
1810,-0.1026357696633528,-0.8487717000378892,0.21994357696107475
1811,-0.10263576966331885,-0.8487717004707154,0.21994357696098382
1812,-0.1026357696633528,-0.8487717000378892,0.21994357696107475
1813,-0.1026357696633528,-0.8487717000377645,0.21994357696107475
1814,-0.10263576966331885,-0.8487717004709646,0.21994357696098382
1815,-0.1026357696633528,-0.8487717000377645,0.21994357696107475
1816,-0.1026357696633528,-0.8487717000378892,0.21994357696098382
1817,-0.10263576966331885,-0.8487717000377645,0.21994357696107475
1818,-0.10263576966331885,-0.8487717004707154,0.21994357696098382
1819,-0.1026357696633528,-0.8487717000378892,0.21994357696107475
1820,-0.01584166036693387,-0.8947590698185455,0.2953507016375855
1821,-0.015841660324072866,-0.8947590698184209,0.2953507016375855
1822,-0.01584166036693387,-0.8947590698182963,0.2953507016375855
1823,-0.01584166036693387,-0.8947590698185455,0.2953507016375855
1824,-0.01584166036696783,-0.8947590698184209,0.2953507016375855
1825,-0.0158416603240389,-0.8947590698184209,0.2953507016375855
1826,-0.01584166036693387,-0.8947590698184209,0.2953507016375855
1827,-0.01584166036693387,-0.8947590698182963,0.2953507016375855
1828,-0.015841660324072866,-0.8947590698184209,0.2953507016375855
1829,-0.01584166036696783,-0.8947590702514964,0.2953507016375855
1830,-0.01584166036693387,-0.8947590698182963,0.2953507016376764
1831,-0.0158416603240389,-0.8947590698184209,0.2953507016375855
1832,-0.01584166036696783,-0.8947590698185455,0.2953507016375855
1833,-0.01584166036693387,-0.8947590698182963,0.2953507016375855
1834,-0.0158416603240389,-0.8947590698184209,0.2953507016375855
1835,-0.01584166036696783,-0.8947590698185455,0.2953507016375855
1836,-0.01584166036693387,-0.8947590698184209,0.2953507016375855
1837,-0.01584166036696783,-0.8947590698184209,0.2953507016375855
1838,-0.0158416603240389,-0.8947590698184209,0.2953507016375855
1839,-0.01584166036693387,-0.8947590698184209,0.2953507016375855
1840,-0.005870209276740326,-0.8906529419968114,0.3252552398821585
1841,-0.005870209276774289,-0.8906529419968114,0.3252552398821585
1842,-0.005870209276740326,-0.8906529424298869,0.3252552398822494
1843,-0.005870209233845359,-0.8906529419968114,0.3252552398821585
1844,-0.005870209276774289,-0.8906529419968114,0.3252552398821585
1845,-0.005870209276740326,-0.8906529419969361,0.3252552398821585
1846,-0.005870209276774289,-0.8906529419968114,0.3252552398822494
1847,-0.005870209276740326,-0.8906529419968114,0.3252552398821585
1848,-0.005870209276774289,-0.8906529424297623,0.3252552398821585
1849,-0.005870209276740326,-0.8906529419969361,0.3252552398821585
1850,-0.005870209276740326,-0.8906529419968114,0.3252552398821585
1851,-0.005870209233879322,-0.8906529419968114,0.3252552398822494
1852,-0.005870209276740326,-0.8906529419969361,0.3252552398821585
1853,-0.005870209276740326,-0.8906529419968114,0.3252552398821585
1854,-0.005870209276774289,-0.8906529424297623,0.3252552398821585
1855,-0.005870209276740326,-0.8906529419969361,0.3252552398821585
1856,-0.005870209276740326,-0.8906529419966869,0.3252552398822494
1857,-0.005870209276808251,-0.8906529419969361,0.3252552398821585
1858,-0.005870209276672401,-0.8906529419969361,0.3252552398821585
1859,-0.005870209233879322,-0.8906529419966869,0.3252552398821585
1860,-0.005870209276808251,-0.8906529424298869,0.3252552398822494
1861,-0.005870209276740326,-0.8906529419969361,0.3252552398821585
1862,-0.005870209276740326,-0.8906529419966869,0.3252552398821585
1863,0.03378234476562295,-0.829428958110142,0.24025526037561176
1864,0.03378234472276195,-0.829428957677191,0.24025526037561176
1865,0.03378234476562295,-0.8294289581102665,0.24025526037561176
1866,0.03378234472269403,-0.829428957677191,0.24025526037552083
1867,0.033782344765588994,-0.829428958110142,0.24025526037561176
1868,0.03378234472276195,-0.8294289576773156,0.24025526037561176
1869,0.033782344765588994,-0.8294289581098928,0.24025526037561176
1870,0.03378234472272799,-0.8294289576773156,0.24025526037561176
1871,0.03378234476565692,-0.829428958110142,0.24025526037552083
1872,0.033782344765588994,-0.829428958110142,0.24025526037561176
1873,0.03378234472276195,-0.829428957677191,0.24025526037561176
1874,0.03378234476555503,-0.829428958110142,0.24025526037561176
1875,0.03378234472276195,-0.8294289576770665,0.24025526037561176
1876,0.03378234476562295,-0.8294289581102665,0.24025526037561176
1877,0.03378234472276195,-0.829428957677191,0.24025526037561176
1878,0.033782344765588994,-0.829428958110142,0.24025526037552083
1879,0.03378234472272799,-0.8294289576773156,0.24025526037561176
1880,0.033782344765588994,-0.8294289581100174,0.24025526037561176
1881,-0.05967737466050045,-0.9616213303786272,0.24399688626771307
1882,-0.05967737470339542,-0.9616213308117026,0.243996886267804
1883,-0.05967737466050045,-0.9616213303787517,0.24399688626771307
1884,-0.05967737466050045,-0.9616213308115781,0.243996886267804
1885,-0.05967737470342938,-0.9616213303787517,0.24399688626771307
1886,-0.05967737466050045,-0.9616213308117026,0.243996886267804
1887,-0.05967737466050045,-0.9616213303786272,0.24399688626771307
1888,-0.05967737470339542,-0.9616213308117026,0.24399688626771307
1889,-0.05967737466050045,-0.9616213303786272,0.243996886267804
1890,-0.059677374660568376,-0.9616213308115781,0.24399688626771307
1891,-0.05967737466050045,-0.9616213303787517,0.243996886267804
1892,-0.05967737470339542,-0.9616213308117026,0.24399688626771307
1893,-0.05967737466050045,-0.9616213303786272,0.24399688626771307
1894,-0.05967737466050045,-0.9616213308117026,0.243996886267804
1895,-0.05967737470339542,-0.9616213303786272,0.24399688626771307
1896,-0.05967737466050045,-0.9616213308117026,0.243996886267804
1897,-0.059677374660568376,-0.9616213303786272,0.24399688626771307
1898,-0.05967737470332749,-0.9616213308117026,0.243996886267804
1899,-0.059677374660568376,-0.9616213303787517,0.24399688626771307
1900,0.05859434731047086,-0.9851380330742119,-0.07521057265681688
1901,0.0585943472675759,-0.9851380330740873,-0.07521057265672595
1902,0.0585943473104369,-0.9851380326413856,-0.07521057265681688
1903,0.05859434731047086,-0.9851380330740873,-0.07521057265681688
1904,0.0585943472675759,-0.9851380330742119,-0.07521057265672595
1905,0.0585943473104369,-0.9851380330743364,-0.07521057265681688
1906,0.0585943473104369,-0.9851380330742119,-0.07521057265681688
1907,0.05859434726760986,-0.985138032641261,-0.07521057265672595
1908,0.05859434731040294,-0.9851380330743364,-0.07521057265681688
1909,0.0585943473104369,-0.9851380330740873,-0.07521057265681688
1910,0.05859434726760986,-0.9851380330743364,-0.07521057265672595
1911,0.0585943473104369,-0.985138032641261,-0.07521057265681688
1912,0.0585943473104369,-0.9851380330742119,-0.07521057265681688
1913,0.0585943472675759,-0.9851380330742119,-0.07521057265672595
1914,0.05859434731047086,-0.9851380330740873,-0.07521057265681688
1915,0.0585943473104369,-0.9851380330743364,-0.07521057265681688
1916,0.0585943472675759,-0.985138032641261,-0.07521057265672595
1917,0.0585943473104369,-0.9851380330742119,-0.07521057265681688
1918,0.0585943473104369,-0.9851380330742119,-0.07521057265681688
1919,0.0585943472675759,-0.9851380330742119,-0.07521057265672595
1920,0.05859434731047086,-0.9851380330743364,-0.07521057265681688
1921,0.05859434731047086,-0.985138032641261,-0.07521057265681688
1922,0.05859434726754194,-0.9851380330742119,-0.07521057265672595
1923,0.05859434731047086,-0.9851380330742119,-0.07521057265681688
1924,0.084747539164649,-0.9851380330740873,0.05808484975129254
1925,0.084747539164649,-0.9851380330743364,0.05808484975120162
1926,0.08474753920754396,-0.9851380330742119,0.05808484975129254
1927,0.084747539164649,-0.985138032641261,0.05808484975129254
1928,0.08474753916461504,-0.9851380330742119,0.05808484975120162
1929,0.084747539164649,-0.9851380330743364,0.05808484975129254
1930,0.08474753916468297,-0.9851380330740873,0.05808484975129254
1931,0.08474753920747605,-0.9851380330742119,0.05808484975120162
1932,0.08474753916468297,-0.9851380326413856,0.05808484975129254
1933,0.084747539164649,-0.9851380330740873,0.05808484975129254
1934,0.084747539164649,-0.9851380330743364,0.05808484975120162
1935,0.08474753920754396,-0.9851380330742119,0.05808484975129254
1936,0.084747539164649,-0.9851380330742119,0.05808484975129254
1937,0.08474753916461504,-0.9851380330742119,0.05808484975120162
1938,0.08474753916471693,-0.9851380330742119,0.05808484975129254
1939,0.08474753916461504,-0.985138032641261,0.05808484975129254
1940,0.08474753920751,-0.9851380330742119,0.05808484975120162
1941,0.08474753916468297,-0.9851380330743364,0.05808484975129254
1942,0.084747539164649,-0.9851380330742119,0.05808484975129254
1943,0.084747539164649,-0.9851380330742119,0.05808484975120162
1944,0.084747539164649,-0.985138032641261,0.05808484975129254
1945,0.08474753920754396,-0.9851380330742119,0.05808484975129254
1946,0.084747539164649,-0.9851380330742119,0.05808484975120162
1947,0.084747539164649,-0.9851380330742119,0.05808484975129254
1948,-0.02352301739076,-0.8872813415602061,0.12230900782056674
1949,-0.02352301743358704,-0.8872813415600815,0.12230900782065766
1950,-0.02352301739076,-0.8872813415602061,0.12230900782056674
1951,-0.023523017433654966,-0.8872813415600815,0.12230900782056674
1952,-0.023523017390692076,-0.8872813415602061,0.12230900782065766
1953,-0.023523017433654966,-0.8872813415602061,0.12230900782056674
1954,-0.02352301739072604,-0.8872813415602061,0.12230900782056674
1955,-0.023523017433621004,-0.8872813415600815,0.12230900782065766
1956,-0.023523017390692076,-0.8872813415602061,0.12230900782056674
1957,-0.023523017433621004,-0.8872813415600815,0.12230900782056674
1958,-0.023523017390793963,-0.8872813415602061,0.12230900782065766
1959,-0.02352301739076,-0.8872813411272552,0.12230900782056674
1960,-0.023523017433621004,-0.8872813415600815,0.12230900782056674
1961,-0.023523017390692076,-0.8872813415602061,0.12230900782056674
1962,-0.023523017433621004,-0.8872813415600815,0.12230900782065766
1963,-0.02352301739076,-0.8872813415602061,0.12230900782056674
1964,-0.023523017433621004,-0.8872813415602061,0.12230900782056674
1965,-0.02352301739076,-0.8872813415601438,0.12230900782065766
1966,-0.023523017433621004,-0.8872813415601438,0.12230900782056674
1967,-0.02352301739072604,-0.8872813415601438,0.12230900782056674
1968,-0.02352301743358704,-0.8872813415601438,0.12230900782065766
1969,-0.023523017390793963,-0.8872813415601438,0.12230900782056674
1970,-0.4035526710309017,-0.7990995379259946,0.36253159453119915
1971,-0.4035526709880747,-0.7990995383587587,0.3625315945312901
1972,-0.40355267103096965,-0.7990995379258701,0.36253159453119915
1973,-0.4035526710309357,-0.7990995379258701,0.3625315945312901
1974,-0.4035526709880407,-0.799099538358821,0.36253159453119915
1975,-0.40355267103100356,-0.7990995379258701,0.3625315945312901
1976,-0.4035526709880747,-0.7990995383587587,0.36253159453119915
1977,-0.4035526710309017,-0.7990995379259946,0.3625315945312901
1978,-0.40355267103096965,-0.7990995379258701,0.36253159453119915
1979,-0.4035526709880407,-0.799099538358821,0.3625315945312901
1980,-0.4035526710309357,-0.7990995379258078,0.36253159453119915
1981,-0.40355267103096965,-0.7990995379258078,0.3625315945312901
1982,-0.4035526709880747,-0.7990995383588833,0.36253159453119915
1983,-0.40355267103096965,-0.7990995379258701,0.3625315945312901
1984,-0.4035526710309017,-0.7990995379259324,0.36253159453119915
1985,-0.4035526709880747,-0.799099538358821,0.3625315945312901
1986,-0.40355267103100356,-0.7990995379258078,0.36253159453119915
1987,-0.4035526710309017,-0.7990995379258701,0.3625315945312901
1988,-0.4035526709880747,-0.7990995383588833,0.36253159453119915
1989,-0.40355267103096965,-0.7990995379258701,0.3625315945312901
1990,-0.4035526709880747,-0.7990995383587587,0.36253159453119915
1991,-0.4035526710309017,-0.7990995379259324,0.3625315945312901
1992,-0.40355267103100356,-0.7990995379258701,0.36253159453119915
1993,-0.4035526709880407,-0.799099538358821,0.3625315945312901
1994,-0.4035526710309357,-0.7990995379259324,0.36253159453119915
1995,-0.39582742051124764,-0.8819638460636934,0.18338254681483537
1996,-0.3958274204683527,-0.8819638456308672,0.18338254681483537
1997,-0.39582742051124764,-0.8819638460637557,0.18338254681483537
1998,-0.39582742046838665,-0.8819638456308672,0.18338254681483537
1999,-0.39582742051124764,-0.8819638460637557,0.18338254681483537
2000,-0.3958274204683527,-0.8819638456308672,0.18338254681483537
2001,-0.39582742051124764,-0.8819638460637557,0.18338254681474447
2002,-0.39582742046831876,-0.8819638456307425,0.18338254681483537
2003,-0.3958274205112816,-0.8819638460638802,0.18338254681483537
2004,-0.39582742051124764,-0.8819638456308048,0.18338254681483537
2005,-0.3958274204683527,-0.8819638460637557,0.18338254681483537
2006,-0.39582742051124764,-0.8819638456308672,0.18338254681483537
2007,-0.3958274204683527,-0.8819638460637557,0.18338254681483537
2008,-0.3958274205112816,-0.8819638456308672,0.18338254681483537
2009,-0.39582742046831876,-0.8819638460636934,0.18338254681483537
2010,-0.3958274205112816,-0.8819638456309294,0.18338254681483537
2011,-0.39582742051124764,-0.8819638460636934,0.18338254681483537
2012,-0.39582742046831876,-0.8819638456308672,0.18338254681483537
2013,-0.3958274205112816,-0.8819638460637557,0.18338254681474447
2014,-0.3958274204683527,-0.8819638456308672,0.18338254681483537
2015,-0.39582742051124764,-0.8819638460637557,0.18338254681483537
2016,-0.3958274204683527,-0.8819638456307425,0.18338254681483537
2017,-0.3958274205112137,-0.8819638460638802,0.18338254681483537
2018,-0.39582742046838665,-0.8819638456308048,0.18338254681483537
2019,-0.3958274205112137,-0.8819638460637557,0.18338254681483537
2020,0.43955307934698074,-0.9066680446123117,-0.299389237615786
2021,0.43955307930411974,-0.9066680446123117,-0.299389237615786
2022,0.43955307934698074,-0.9066680446122494,-0.299389237615786
2023,0.43955307930411974,-0.906668044179423,-0.299389237615786
2024,0.4395530793470487,-0.9066680446123117,-0.299389237615786
2025,0.43955307930411974,-0.9066680446123117,-0.2993892376156951
2026,0.43955307934698074,-0.9066680446123117,-0.299389237615786
2027,0.43955307930411974,-0.9066680446122494,-0.299389237615786
2028,0.43955307934698074,-0.9066680446123117,-0.299389237615786
2029,0.43955307930418763,-0.9066680446123117,-0.299389237615786
2030,0.43955307934698074,-0.9066680446122494,-0.299389237615786
2031,0.43955307934698074,-0.9066680441793608,-0.299389237615786
2032,0.43955307930418763,-0.9066680446123117,-0.299389237615786
2033,0.43955307934698074,-0.9066680446123117,-0.299389237615786
2034,0.43955307930411974,-0.9066680446123117,-0.299389237615786
2035,0.4395530793470147,-0.9066680446123117,-0.299389237615786
2036,0.43955307930411974,-0.9066680446122494,-0.2993892376156951
2037,0.4395530793470147,-0.9066680446124362,-0.299389237615786
2038,0.43955307930411974,-0.9066680441792985,-0.299389237615786
2039,0.4395530793470147,-0.9066680446123117,-0.299389237615786
2040,0.43955307930408577,-0.9066680446123117,-0.299389237615786
2041,0.4395530793470147,-0.9066680446122494,-0.299389237615786
2042,0.693180992997778,-0.7661445511330736,-0.20329008723146588
2043,0.6931809930405711,-0.7661445515658999,-0.20329008723146588
2044,0.693180992997778,-0.766144551133136,-0.20329008723146588
2045,0.6931809930406051,-0.7661445511330736,-0.20329008723146588
2046,0.693180992997744,-0.7661445511330736,-0.20329008723146588
2047,0.6931809930406391,-0.7661445515658376,-0.2032900872315568
2048,0.6931809929977101,-0.7661445511330736,-0.20329008723146588
2049,0.693180992997778,-0.7661445511330736,-0.20329008723146588
2050,0.6931809930406391,-0.7661445511330113,-0.20329008723146588
2051,0.693180992997744,-0.7661445515660245,-0.20329008723146588
2052,0.6931809930406391,-0.7661445511330113,-0.20329008723146588
2053,0.693180992997744,-0.7661445511330736,-0.20329008723146588
2054,0.6931809930406051,-0.7661445511330736,-0.20329008723146588
2055,0.693180992997744,-0.7661445515659622,-0.20329008723146588
2056,0.6931809930406391,-0.766144551132949,-0.20329008723146588
2057,0.693180992997744,-0.7661445511330736,-0.20329008723146588
2058,0.6931809929977101,-0.766144551133136,-0.20329008723146588
2059,0.6931809930406729,-0.7661445515658999,-0.2032900872315568
2060,0.6931809929977101,-0.7661445511330736,-0.20329008723146588
2061,0.6931809930406391,-0.7661445511330113,-0.20329008723146588
2062,0.693180992997744,-0.7661445511330736,-0.20329008723146588
2063,0.6931809930406051,-0.7661445515659622,-0.20329008723146588
2064,0.693180992997744,-0.7661445511330736,-0.20329008723146588
2065,0.6601177604716811,-0.6815053366777751,-0.1685173683424571
2066,0.6601177604716133,-0.6815053366777751,-0.1685173683423662
2067,0.6601177604716473,-0.6815053362448866,-0.1685173683424571
2068,0.6601177604716133,-0.6815053366777751,-0.1685173683423662
2069,0.6601177604716473,-0.6815053366778374,-0.1685173683424571
2070,0.6601177604716811,-0.6815053366777751,-0.1685173683424571
2071,0.6601177604716133,-0.6815053366778374,-0.1685173683423662
2072,0.6601177604716473,-0.6815053362448242,-0.1685173683424571
2073,0.6601177604716473,-0.6815053366777751,-0.1685173683423662
2074,0.6601177605145082,-0.6815053366778997,-0.1685173683424571
2075,0.6601177604716811,-0.6815053366777751,-0.1685173683424571
2076,0.6601177604716133,-0.6815053366777751,-0.1685173683423662
2077,0.6601177604716473,-0.681505336244762,-0.1685173683424571
2078,0.6601177604716133,-0.6815053366778997,-0.1685173683423662
2079,0.6601177604716473,-0.6815053366777751,-0.1685173683424571
2080,0.6601177604716473,-0.6815053366777751,-0.1685173683424571
2081,0.6601177604716133,-0.6815053366778374,-0.1685173683423662
2082,0.6601177604716811,-0.6815053362448866,-0.1685173683424571
2083,0.6601177604716473,-0.6815053366777751,-0.1685173683423662
2084,0.6601177604716133,-0.6815053366777751,-0.1685173683424571
2085,0.6546310768709928,-0.7072619561378723,-0.008562861452762171
2086,0.6546310768709588,-0.707261956570761,-0.008562861452762171
2087,0.6546310768709588,-0.7072619561378101,-0.008562861452762171
2088,0.6546310768280639,-0.707261956570761,-0.008562861452762171
2089,0.6546310768709588,-0.7072619561378723,-0.008562861452762171
2090,0.6546310768709588,-0.707261956570761,-0.008562861452762171
2091,0.6546310768709928,-0.7072619561378723,-0.008562861452762171
2092,0.6546310768709249,-0.7072619565706363,-0.008562861452762171
2093,0.6546310768709928,-0.7072619561378723,-0.008562861452762171
2094,0.6546310768709588,-0.7072619565708232,-0.008562861452762171
2095,0.6546310768280978,-0.7072619561377478,-0.008562861452762171
2096,0.6546310768709249,-0.7072619561378723,-0.008562861452762171
2097,0.6546310768709928,-0.707261956570761,-0.008562861452762171
2098,0.6546310768709249,-0.7072619561378723,-0.008562861452762171
2099,0.6546310768709588,-0.707261956570761,-0.008562861452762171
2100,0.6546310768709928,-0.7072619561378101,-0.008562861452762171
2101,0.6546310768709588,-0.707261956570761,-0.008562861452762171
2102,0.6546310768709588,-0.7072619561378723,-0.008562861452762171
2103,0.6546310768280978,-0.707261956570761,-0.008562861452762171
2104,0.6546310768709588,-0.7072619561377478,-0.008562861452762171
2105,0.6546310768709588,-0.7072619565708855,-0.008562861452762171
2106,0.6546310768709588,-0.7072619561377478,-0.008562861452762171
2107,0.5563097065461232,-0.8673407325828956,-0.2644900724762559
2108,0.5563097065889842,-0.8673407330157219,-0.26449007247616496
2109,0.5563097065461232,-0.8673407325828956,-0.2644900724762559
2110,0.5563097065890181,-0.8673407330157842,-0.26449007247616496
2111,0.5563097065461232,-0.867340732582771,-0.2644900724762559
2112,0.0686532672378718,-0.9952929727270038,-0.008562861452762171
2113,0.06865326723783784,-0.9952929722939906,-0.008562861452762171
2114,0.06865326728076676,-0.9952929727270038,-0.008562861452762171
2115,0.06865326723793971,-0.9952929727270038,-0.008562861452762171
2116,-0.21657299628413984,-0.9354916611017186,-0.2455325012893001
2117,-0.21657299632703483,-0.9354916615348564,-0.2455325012893001
2118,-0.21657299628413984,-0.935491661101781,-0.2455325012893001
2119,-0.2165729963269669,-0.9354916611019055,-0.2455325012893001
2120,-0.2165729962841059,-0.935491661101781,-0.2455325012893001
2121,-0.21657299628413984,-0.9354916615348564,-0.2455325012893001
2122,-0.21657299632703483,-0.935491661101781,-0.2455325012892092
2123,-0.21657299628413984,-0.9354916611018432,-0.2455325012893001
2124,-0.2165729963269669,-0.9354916615348564,-0.2455325012893001
2125,-0.2165729962841738,-0.9354916611017186,-0.2455325012893001
2126,-0.2165729962841059,-0.9354916611019678,-0.2455325012893001
2127,-0.21657299632700086,-0.9354916615346694,-0.2455325012893001
2128,-0.2165729962841059,-0.9354916611019055,-0.2455325012893001
2129,-0.21657299632700086,-0.9354916611018432,-0.2455325012893001
2130,-0.2165729962841738,-0.935491661101781,-0.2455325012893001
2131,-0.2165729963269669,-0.935491661534794,-0.2455325012893001
2132,-0.21657299628413984,-0.9354916611018432,-0.2455325012893001
2133,-0.2165729962841059,-0.9354916611018432,-0.2455325012893001
2134,-0.21657299632703483,-0.935491661534794,-0.2455325012893001
2135,-0.21657299628413984,-0.9354916611018432,-0.2455325012893001
2136,-0.2165729963269669,-0.9354916611018432,-0.2455325012892092
2137,-0.21657299628413984,-0.9354916615347317,-0.2455325012893001
2138,-0.2165729962841059,-0.9354916611019055,-0.2455325012893001
2139,-0.21657299632703483,-0.935491661101781,-0.2455325012893001
2140,-0.21657299628413984,-0.9354916611019055,-0.2455325012893001
2141,-0.21657299632700086,-0.9354916615347317,-0.2455325012893001
2142,-0.2165729962841059,-0.9354916611018432,-0.2455325012893001
2143,-0.35644543684681457,-0.8191268452558532,-0.39801731301016957
2144,-0.35644543684684854,-0.8191268452557909,-0.3980173130102605
2145,-0.3564454368467806,-0.8191268452557909,-0.39801731301016957
2146,-0.3564454368467806,-0.8191268448229023,-0.39801731301016957
2147,-0.35644543684681457,-0.8191268452558532,-0.39801731301016957
2148,-0.35644543684681457,-0.8191268452557909,-0.3980173130102605
2149,-0.3564454368467466,-0.8191268452557909,-0.39801731301016957
2150,-0.35644543684681457,-0.8191268452558532,-0.39801731301016957
2151,-0.35644543684681457,-0.8191268452557909,-0.39801731301016957
2152,-0.35644543684681457,-0.8191268452557909,-0.3980173130102605
2153,-0.3564454368467806,-0.8191268452558532,-0.39801731301016957
2154,-0.3564454368039196,-0.8191268448229023,-0.39801731301016957
2155,-0.35644543684681457,-0.8191268452557909,-0.39801731301016957
2156,-0.35644543684681457,-0.8191268452557909,-0.3980173130102605
2157,-0.35644543684681457,-0.8191268452558532,-0.39801731301016957
2158,-0.3564454368467806,-0.8191268452557909,-0.39801731301016957
2159,-0.3564454368467806,-0.8191268452557909,-0.39801731301016957
2160,-0.35644543684681457,-0.8191268452558532,-0.3980173130102605
2161,-0.35644543684681457,-0.8191268452557909,-0.39801731301016957
2162,-0.3564454368467806,-0.81912684482284,-0.39801731301016957
2163,-0.3564454368467806,-0.8191268452557909,-0.39801731301016957
2164,-0.35644543684681457,-0.8191268452558532,-0.3980173130102605
2165,-0.35644543684681457,-0.8191268452557909,-0.39801731301016957
2166,-0.29883260837334985,-0.7989641387190023,-0.3640173212075691
2167,-0.2988326083304549,-0.7989641391518909,-0.3640173212075691
2168,-0.29883260837334985,-0.7989641387190023,-0.3640173212075691
2169,-0.29883260837334985,-0.7989641391518286,-0.3640173212075691
2170,-0.2988326083304549,-0.7989641387190023,-0.36401732120747815
2171,-0.2988326083733159,-0.79896413871894,-0.3640173212075691
2172,-0.29883260837334985,-0.7989641391518909,-0.3640173212075691
2173,-0.29883260833048886,-0.79896413871894,-0.3640173212075691
2174,-0.29883260837334985,-0.7989641387190023,-0.3640173212075691
2175,-0.29883260837334985,-0.7989641391518909,-0.3640173212075691
2176,-0.2988326083304549,-0.79896413871894,-0.3640173212075691
2177,-0.2988326083732819,-0.7989641391518909,-0.3640173212075691
2178,-0.29883260837334985,-0.7989641387190023,-0.3640173212075691
2179,-0.29883260833048886,-0.79896413871894,-0.36401732120747815
2180,-0.29883260837334985,-0.7989641391518909,-0.3640173212075691
2181,-0.29883260837334985,-0.7989641387190023,-0.3640173212075691
2182,-0.2988326083304549,-0.7989641391518286,-0.3640173212075691
2183,-0.2988326083733159,-0.7989641387190647,-0.3640173212075691
2184,-0.4171925664576914,-0.8315445703934614,-0.5684036355666036
2185,-0.41719256650062037,-0.8315445703933991,-0.5684036355665126
2186,-0.41719256645765745,-0.831544570393586,-0.5684036355666036
2187,-0.41719256645765745,-0.8315445703933991,-0.5684036355665126
2188,-0.4171925665005864,-0.8315445703935237,-0.5684036355666036
2189,-0.4171925664577254,-0.8315445703935237,-0.5684036355665126
2190,-0.4171925665005524,-0.8315445703933991,-0.5684036355666036
2191,-0.4171925664576914,-0.8315445699606351,-0.5684036355666036
2192,-0.4171925664577254,-0.8315445703934614,-0.5684036355665126
2193,-0.4171925665005524,-0.8315445703934614,-0.5684036355666036
2194,-0.41719256645765745,-0.8315445703935237,-0.5684036355665126
2195,-0.4171925665005864,-0.8315445703935237,-0.5684036355666036
2196,-0.4171925664577254,-0.8315445703934614,-0.5684036355665126
2197,-0.41719256645765745,-0.8315445703933991,-0.5684036355666036
2198,-0.4171925665005864,-0.8315445703935237,-0.5684036355665126
2199,-0.41719256645765745,-0.8315445703935237,-0.5684036355666036
2200,-0.35864965233422436,-0.83687591362452,-0.47243093143280473
2201,-0.3586496523771872,-0.8368759136246446,-0.4724309314327138
2202,-0.35864965233422436,-0.8368759136245822,-0.47243093143280473
2203,-0.35864965233429225,-0.8368759140575331,-0.47243093143280473
2204,-0.3586496523771193,-0.8368759136246446,-0.4724309314327138
2205,-0.35864965233422436,-0.83687591362452,-0.47243093143280473
2206,-0.35864965233422436,-0.8368759136245822,-0.47243093143280473
2207,-0.35864965233429225,-0.8368759136246446,-0.4724309314327138
2208,-0.35864965237708535,-0.8368759136245822,-0.47243093143280473
2209,-0.35864965233425833,-0.8368759140575331,-0.4724309314327138
2210,-0.35864965233425833,-0.83687591362452,-0.47243093143280473
2211,-0.3586496523771193,-0.8368759136246446,-0.47243093143280473
2212,-0.35864965233425833,-0.8368759136245822,-0.4724309314327138
2213,-0.35864965233422436,-0.83687591362452,-0.47243093143280473
2214,-0.35864965233425833,-0.8368759136246446,-0.47243093143280473
2215,-0.3586496523771193,-0.8368759136245822,-0.4724309314327138
2216,-0.35864965233429225,-0.8368759140575331,-0.47243093143280473
2217,-0.3586496523341904,-0.8368759136245822,-0.47243093143280473
2218,-0.3586496523771533,-0.8368759136246446,-0.4724309314327138
2219,-0.35864965233429225,-0.83687591362452,-0.47243093143280473
2220,-0.36890975067732584,-0.8467769798726804,-0.308477561870872
2221,-0.3689097507202548,-0.8467769798725557,-0.308477561870872
2222,-0.36890975072028875,-0.8467769798725557,-0.308477561870872
2223,-0.3689097506773938,-0.8467769798726804,-0.308477561870872
2224,-0.3689097506773598,-0.846776979872618,-0.308477561870872
2225,-0.36890975072028875,-0.8467769798725557,-0.308477561870872
2226,-0.3689097507202208,-0.8467769798726804,-0.308477561870872
2227,-0.3689097506773938,-0.8467769798725557,-0.308477561870872
2228,-0.3689097506773938,-0.846776979872618,-0.308477561870872
2229,-0.36890975072028875,-0.8467769798725557,-0.308477561870872
2230,-0.3689097507202208,-0.8467769798726804,-0.308477561870872
2231,-0.3689097506773598,-0.8467769798725557,-0.308477561870872
2232,-0.3689097506773938,-0.8467769798725557,-0.308477561870872
2233,-0.3689097507202548,-0.8467769798726804,-0.308477561870872
2234,-0.36890975072028875,-0.846776979872618,-0.308477561870872
2235,-0.3689097506773598,-0.8467769798725557,-0.308477561870872
2236,-0.16069010766499983,-1.0486064059038651,-0.10853442825879878
2237,-0.16069010766499983,-1.0486064059039275,-0.10853442825879878
2238,-0.16069010770786082,-1.0486064059039275,-0.10853442825879878
2239,-0.16069010766499983,-1.0486064063367537,-0.10853442825879878
2240,-0.16069010766499983,-1.0486064059039275,-0.10853442825879878
2241,-0.16069010766499983,-1.0486064059039275,-0.10853442825879878
2242,-0.16069010766496586,-1.0486064059038651,-0.10853442825879878
2243,-0.16069010766499983,-1.0486064059038651,-0.10853442825879878
2244,-0.16069010770786082,-1.0486064059039275,-0.10853442825879878
2245,-0.16069010766496586,-1.0486064059038651,-0.10853442825879878
2246,-0.16069010766499983,-1.0486064059038651,-0.10853442825879878
2247,-0.16069010766499983,-1.0486064059039275,-0.10853442825879878
2248,-0.16069010766499983,-1.0486064063368161,-0.10853442825879878
2249,-0.1606901077078948,-1.0486064059039275,-0.10853442825879878
2250,-0.16069010766499983,-1.0486064059039275,-0.10853442825879878
2251,-0.16069010766499983,-1.048606405903803,-0.10853442825879878
2252,-0.018859336345140563,-0.9838686656176051,-0.18851168170364624
2253,-0.018859336345174525,-0.9838686656177297,-0.18851168170364624
2254,-0.018859336345174525,-0.9838686651846542,-0.1885116817035553
2255,-0.018859336345208488,-0.9838686656176674,-0.18851168170364624
2256,-0.018859336345140563,-0.9838686656176051,-0.18851168170364624
2257,-0.018859336345174525,-0.9838686656176051,-0.18851168170364624
2258,-0.018859336345174525,-0.9838686656176674,-0.18851168170364624
2259,-0.018859336345174525,-0.9838686656175428,-0.18851168170364624
2260,-0.01885933630227956,-0.9838686651847165,-0.1885116817035553
2261,-0.018859336345174525,-0.9838686656176051,-0.18851168170364624
2262,-0.018859336345140563,-0.9838686656176674,-0.18851168170364624
2263,-0.018859336345208488,-0.9838686656176051,-0.18851168170364624
2264,-0.018859336345140563,-0.9838686656176051,-0.18851168170364624
2265,-0.018859336345208488,-0.9838686651847165,-0.1885116817035553
2266,-0.018859336345140563,-0.9838686656176051,-0.18851168170364624
2267,-0.018859336345174525,-0.9838686656176674,-0.18851168170364624
2268,0.036888256857233875,-0.9680349767258027,-0.008562861452762171
2269,0.036888256900094875,-0.968034976725865,-0.008562861452762171
2270,0.036888256857233875,-0.9680349767257405,-0.008562861452762171
2271,0.036888256857233875,-0.968034976725865,-0.008562861452762171
2272,0.036888256900060916,-0.9680349762929142,-0.008562861452762171
2273,0.036888256857233875,-0.9680349767258027,-0.008562861452762171
2274,0.03688825690012884,-0.9680349767258027,-0.008562861452762171
2275,0.036888256857233875,-0.9680349767258027,-0.008562861452762171
2276,0.036888256857233875,-0.9680349767258027,-0.008562861452762171
2277,0.036888256900060916,-0.968034976725865,-0.008562861452762171
2278,0.036888256857233875,-0.9680349767258027,-0.008562861452762171
2279,0.036888256857233875,-0.9680349767258027,-0.008562861452762171
2280,0.03688825690012884,-0.9680349767258027,-0.008562861452762171
2281,0.03688825685719991,-0.968034976725865,-0.008562861452762171
2282,0.03688825690012884,-0.968034976292852,-0.008562861452762171
2283,0.036888256857233875,-0.9680349767258027,-0.008562861452762171
2284,0.03688825685719991,-0.968034976725865,-0.008562861452762171
2285,0.03688825690012884,-0.968034976725865,-0.008562861452762171
2286,0.036888256857233875,-0.9680349767258027,-0.008562861452762171
2287,0.16521889879846713,-0.9838686656176051,-0.2085059950648354
2288,0.16521889879853505,-0.9838686656176051,-0.2085059950648354
2289,0.16521889879853505,-0.9838686651846854,-0.2085059950648354
2290,0.16521889879843316,-0.9838686656176363,-0.2085059950648354
2291,0.16521889879850107,-0.9838686656176363,-0.2085059950648354
2292,0.16521889879853505,-0.9838686656176051,-0.2085059950648354
2293,0.16521889879850107,-0.9838686656176363,-0.2085059950648354
2294,0.1652188987556061,-0.9838686651847165,-0.2085059950648354
2295,0.16521889879850107,-0.9838686656176051,-0.2085059950648354
2296,0.16521889879850107,-0.9838686656176363,-0.2085059950648354
2297,0.16521889879850107,-0.9838686656176363,-0.2085059950648354
2298,0.16521889879850107,-0.9838686656176051,-0.2085059950648354
2299,0.16521889879853505,-0.9838686656176363,-0.2085059950648354
2300,0.16521889879850107,-0.9838686651846854,-0.2085059950648354
2301,0.16521889879846713,-0.9838686656176363,-0.2085059950648354
2302,0.16521889879850107,-0.9838686656176363,-0.2085059950648354
2303,0.13345388841786315,-0.9872759149013032,-0.008562861452762171
2304,0.13345388841786315,-0.9872759153342229,-0.008562861452762171
2305,0.13345388841779524,-0.9872759149013032,-0.008562861452762171
2306,0.13345388841789713,-0.987275914901272,-0.008562861452762171
2307,0.1334538884178292,-0.9872759153342541,-0.008562861452762171
2308,0.1334538884178292,-0.9872759149013343,-0.008562861452762171
2309,0.13345388841786315,-0.9872759149013032,-0.008562861452762171
2310,0.1334538884178292,-0.9872759153342229,-0.008562861452762171
2311,0.13345388841786315,-0.9872759149013032,-0.008562861452762171
2312,0.13345388846075815,-0.9872759149013343,-0.008562861452762171
2313,0.13345388841779524,-0.9872759149013032,-0.008562861452762171
2314,0.13345388841789713,-0.9872759153341917,-0.008562861452762171
2315,0.1334538884178292,-0.9872759149013343,-0.008562861452762171
2316,0.13345388841786315,-0.987275914901272,-0.008562861452762171
2317,0.1334538884178292,-0.9872759153342541,-0.008562861452762171
2318,0.1334538884178292,-0.9872759149013343,-0.008562861452762171
2319,0.1334538884178292,-0.9872759149013032,-0.008562861452762171
2320,0.13345388841786315,-0.9872759153342229,-0.008562861452762171
2321,0.13345388841786315,-0.9872759149013032,-0.008562861452762171
2322,0.27385523427205904,-0.9546732141159608,-0.07521057265681688
2323,0.27385523431488606,-0.9546732136830411,-0.07521057265672595
2324,0.27385523427205904,-0.954673214115992,-0.07521057265681688
2325,0.27385523427202507,-0.9546732136830411,-0.07521057265681688
2326,0.27385523431492004,-0.9546732141160231,-0.07521057265672595
2327,0.27385523427205904,-0.9546732141159608,-0.07521057265681688
2328,0.27385523427202507,-0.95467321368301,-0.07521057265681688
2329,0.27385523431488606,-0.954673214115992,-0.07521057265672595
2330,0.27385523427205904,-0.9546732141160231,-0.07521057265681688
2331,0.27385523427205904,-0.95467321368301,-0.07521057265681688
2332,0.27385523431492004,-0.9546732141159608,-0.07521057265672595
2333,0.2738552342719911,-0.954673214115992,-0.07521057265681688
2334,0.27385523427205904,-0.9546732136830722,-0.07521057265681688
2335,0.273855234314954,-0.9546732141159608,-0.07521057265672595
2336,0.27385523427202507,-0.9546732136830722,-0.07521057265681688
2337,0.27385523427205904,-0.9546732141159608,-0.07521057265681688
2338,0.27385523431492004,-0.954673214115992,-0.07521057265672595
2339,0.27385523427202507,-0.95467321368301,-0.07521057265681688
2340,0.27385523427205904,-0.9546732141159608,-0.07521057265681688
2341,0.27385523431488606,-0.9546732136830722,-0.07521057265672595
2342,0.27385523427205904,-0.954673214115992,-0.07521057265681688
2343,0.27385523427202507,-0.9546732141159608,-0.07521057265681688
2344,0.273855234314954,-0.9546732136830722,-0.07521057265672595
2345,0.27385523427202507,-0.9546732141159608,-0.07521057265681688
2346,0.02037045145757413,-0.9191309248984253,-0.008562861452762171
2347,0.02037045145757413,-0.9191309253313762,-0.008562861452762171
2348,0.02037045150040117,-0.9191309248984253,-0.008562861452762171
2349,0.02037045145760809,-0.9191309248984253,-0.008562861452762171
2350,-0.7280131930300571,-0.6358081082404298,-0.008562861452762171
2351,-0.728013192987162,-0.6358081078074789,-0.008562861452762171
2352,-0.7280131930300231,-0.6358081082404609,-0.008562861452762171
2353,-0.728013192987162,-0.6358081078074789,-0.008562861452762171
2354,-0.7280131930300231,-0.6358081082404298,-0.008562861452762171
2355,-0.00913571373435694,-0.8903585960266751,0.08030075348591684
2356,-0.009135713691495935,-0.8903585960266128,0.08030075348591684
2357,-0.00913571373435694,-0.8903585960266128,0.08030075348600775
2358,-0.009135713691495935,-0.8903585960266128,0.08030075348591684
2359,-0.00913571373435694,-0.890358596026644,0.08030075348591684
2360,-0.00913571373435694,-0.8903585960266128,0.08030075348591684
2361,-0.009135713691495935,-0.890358596026644,0.08030075348600775
2362,-0.00913571373435694,-0.8903585960266128,0.08030075348591684
2363,-0.009135713691461973,-0.8903585955936931,0.08030075348591684
2364,-0.00913571373435694,-0.8903585960266128,0.08030075348591684
2365,-0.009135713734390902,-0.890358596026644,0.08030075348591684
2366,-0.009135713691461973,-0.8903585960265817,0.08030075348600775
2367,-0.009135713734322976,-0.8903585960266128,0.08030075348591684
2368,-0.009135713734424865,-0.890358596026644,0.08030075348591684
2369,-0.009135713691461973,-0.8903585960266128,0.08030075348591684
2370,-0.00913571373435694,-0.890358596026644,0.08030075348600775
2371,-0.009135713691461973,-0.8903585960266128,0.08030075348591684
2372,-0.00913571373435694,-0.890358596026644,0.08030075348591684
2373,-0.4644694902452762,-0.8150427934577603,0.19138027215931105
2374,-0.4644694902452422,-0.8150427934577603,0.19138027215931105
2375,-0.46446949024531015,-0.8150427930248717,0.19138027215931105
2376,-0.4644694902881032,-0.8150427934577603,0.19138027215931105
2377,-0.4644694902452422,-0.8150427934577914,0.19138027215931105
2378,-0.4644694902452422,-0.8150427934577291,0.19138027215931105
2379,-0.46446949024531015,-0.8150427934577914,0.19138027215931105
2380,-0.4644694902452082,-0.8150427930248405,0.19138027215931105
2381,-0.4644694902452422,-0.8150427934577603,0.19138027215931105
2382,-0.46446949024531015,-0.8150427934577603,0.19138027215931105
2383,-0.4644694902452422,-0.8150427934577914,0.19138027215931105
2384,-0.4644694902452422,-0.8150427934577603,0.19138027215931105
2385,-0.46446949028817114,-0.8150427930248405,0.19138027215931105
2386,-0.4644694902452422,-0.8150427934577603,0.19138027215931105
2387,-0.4644694902452422,-0.8150427934577914,0.19138027215931105
2388,-0.4644694902452422,-0.8150427934577914,0.19138027215931105
2389,-0.4644694902452762,-0.8150427930248094,0.19138027215931105
2390,-0.4644694902452422,-0.8150427934577603,0.19138027215931105
2391,-0.4644694902452422,-0.8150427934577914,0.19138027215931105
2392,-0.46446949028817114,-0.8150427934577603,0.19138027215931105
2393,-0.46446949024531015,-0.8150427934577603,0.19138027215931105
2394,-0.4644694902452082,-0.8150427930248405,0.19138027215931105
2395,-0.4644694902452422,-0.8150427934577603,0.19138027215931105
2396,-0.46446949024531015,-0.8150427934577914,0.19138027215931105
2397,-0.6492359672877012,-0.612077617232288,0.05878640460606154
2398,-0.6492359672877012,-0.6120776176653012,0.05878640460606154
2399,-0.6492359672448741,-0.6120776172323192,0.058786404605970614
2400,-0.6492359672877351,-0.6120776176652701,0.05878640460606154
2401,-0.6492359672877012,-0.6120776172323192,0.05878640460606154
2402,-0.6492359672877351,-0.6120776176652701,0.05878640460606154
2403,-0.6492359672877351,-0.612077617232288,0.05878640460606154
2404,-0.6492359672448741,-0.6120776176652701,0.058786404605970614
2405,-0.6492359672877012,-0.6120776172323504,0.05878640460606154
2406,-0.6492359672877351,-0.6120776176652389,0.05878640460606154
2407,-0.6492359672877351,-0.6120776172323504,0.05878640460606154
2408,-0.6492359672448401,-0.6120776176652389,0.058786404605970614
2409,-0.6492359672877351,-0.6120776172323192,0.05878640460606154
2410,-0.6492359672877012,-0.6120776176652701,0.05878640460606154
2411,-0.6492359672877351,-0.6120776172323504,0.05878640460606154
2412,-0.6492359672878031,-0.6120776176652389,0.05878640460606154
2413,-0.6492359672447722,-0.612077617232288,0.058786404605970614
2414,-0.6492359672877351,-0.6120776176653012,0.05878640460606154
2415,-0.6492359672877691,-0.6120776172323192,0.05878640460606154
2416,-0.5509762018356096,-0.7037011331989294,0.29611238976565674
2417,-0.5509762018355416,-0.7037011336318801,0.29611238976565674
2418,-0.5509762018784027,-0.7037011331989294,0.2961123897655658
2419,-0.5509762018355756,-0.7037011331989604,0.29611238976565674
2420,-0.5509762018355756,-0.7037011336318801,0.29611238976565674
2421,-0.5509762018355756,-0.7037011331989294,0.29611238976565674
2422,-0.5509762018784027,-0.7037011331989294,0.2961123897655658
2423,-0.5509762018356096,-0.7037011336318801,0.29611238976565674
2424,-0.5509762018355416,-0.7037011331989604,0.29611238976565674
2425,-0.5509762018356096,-0.7037011331989294,0.29611238976565674
2426,-0.5509762018783687,-0.703701133631849,0.2961123897655658
2427,-0.5509762018356096,-0.7037011331989294,0.29611238976565674
2428,-0.5509762018356096,-0.7037011331989604,0.29611238976565674
2429,-0.5509762018355416,-0.703701133631849,0.29611238976565674
2430,-0.5509762018784367,-0.7037011331989604,0.2961123897655658
2431,-0.5509762018355416,-0.7037011331989294,0.29611238976565674
2432,-0.5509762018356096,-0.7037011336318801,0.29611238976565674
2433,-0.5509762018355756,-0.7037011331989604,0.29611238976565674
2434,-0.5509762018784367,-0.7037011331989294,0.2961123897655658
2435,-0.5509762018355416,-0.7037011336318801,0.29611238976565674
2436,-0.5509762018355756,-0.7037011331989294,0.29611238976565674
2437,-0.5693696554539321,-0.6891940764284681,0.1285410015955218
2438,-0.5693696554967931,-0.6891940768613878,0.1285410015955218
2439,-0.5693696554538642,-0.6891940764284681,0.1285410015955218
2440,-0.569369655496827,-0.6891940768613567,0.1285410015955218
2441,-0.5693696554538642,-0.6891940764284681,0.1285410015955218
2442,-0.5693696554967931,-0.6891940768614501,0.1285410015955218
2443,-0.5693696554538982,-0.6891940764284369,0.1285410015955218
2444,-0.5693696554540001,-0.6891940768613878,0.1285410015955218
2445,-0.5693696554967252,-0.6891940764284681,0.1285410015955218
2446,-0.5693696554538982,-0.6891940768613878,0.1285410015955218
2447,-0.569369655496861,-0.6891940764284681,0.1285410015954309
2448,-0.5693696554538302,-0.6891940768613878,0.1285410015955218
2449,-0.569369655496827,-0.6891940764284681,0.1285410015955218
2450,-0.5693696554538982,-0.6891940768613878,0.1285410015955218
2451,-0.5693696554539321,-0.6891940764284681,0.1285410015955218
2452,-0.5693696554967931,-0.6891940768613878,0.1285410015955218
2453,-0.5693696554538982,-0.6891940764284681,0.1285410015955218
2454,-0.5693696554967931,-0.6891940768613878,0.1285410015955218
2455,-0.5693696554538982,-0.6891940764284681,0.1285410015955218
2456,-0.5693696554967931,-0.6891940768613878,0.1285410015955218
2457,-0.5693696554538642,-0.6891940764284681,0.1285410015955218
2458,-0.47643431082214693,-0.7275232475840495,0.15981030369425164
2459,-0.47643431082214693,-0.7275232471510986,0.15981030369425164
2460,-0.476434310822079,-0.7275232475840495,0.15981030369425164
2461,-0.47643431082211296,-0.7275232475840495,0.15981030369425164
2462,-0.4764343108650079,-0.7275232475840183,0.15981030369425164
2463,-0.47643431082211296,-0.7275232471511454,0.15981030369425164
2464,-0.476434310822079,-0.727523247584034,0.15981030369425164
2465,-0.47643431082211296,-0.7275232475840183,0.15981030369425164
2466,-0.47643431082214693,-0.7275232475840806,0.15981030369425164
2467,-0.476434310822079,-0.7275232471510831,0.15981030369416072
2468,-0.47643431082214693,-0.7275232475840495,0.15981030369425164
2469,-0.47643431082211296,-0.7275232475840495,0.15981030369425164
2470,-0.47643431082211296,-0.727523247584034,0.15981030369425164
2471,-0.47643431082211296,-0.7275232471511142,0.15981030369425164
2472,-0.47643431086497395,-0.7275232475840495,0.15981030369425164
2473,-0.476434310822079,-0.727523247584034,0.15981030369425164
2474,-0.4764343108221809,-0.7275232475840495,0.15981030369425164
2475,-0.476434310822079,-0.7275232471511142,0.15981030369425164
2476,-0.47643431082214693,-0.7275232475840183,0.15981030369425164
2477,-0.6636361053229483,-0.6833912538934546,0.2047098144001038
2478,-0.6636361053229822,-0.6833912538934546,0.2047098144001038
2479,-0.6636361053228803,-0.6833912543263899,0.2047098144001038
2480,-0.6636361052801552,-0.6833912538934235,0.2047098144001038
2481,-0.6636361053229143,-0.683391253893439,0.2047098144001038
2482,-0.6636361053229483,-0.6833912538934546,0.20470981440019473
2483,-0.6636361053230161,-0.6833912538934546,0.2047098144001038
2484,-0.6636361053229822,-0.6833912543263743,0.2047098144001038
2485,-0.6636361053228803,-0.683391253893439,0.2047098144001038
2486,-0.6636361053229483,-0.683391253893439,0.2047098144001038
2487,-0.6636361052800872,-0.6833912538934546,0.2047098144001038
2488,-0.6636361053229822,-0.683391253893439,0.2047098144001038
2489,-0.6636361053230161,-0.6833912538934546,0.2047098144001038
2490,-0.6636361053229143,-0.6833912543263587,0.2047098144001038
2491,-0.6636361053229143,-0.6833912538934546,0.2047098144001038
2492,-0.6636361053229822,-0.6833912538934546,0.20470981440019473
2493,-0.6636361053230161,-0.6833912538934235,0.2047098144001038
2494,-0.6636361052800193,-0.6833912538934546,0.2047098144001038
2495,-0.6636361053229822,-0.6833912543263743,0.2047098144001038
2496,-0.6636361053228803,-0.6833912538934546,0.2047098144001038
2497,-0.6636361053230161,-0.683391253893439,0.2047098144001038
2498,-0.519793549974802,-0.6944528846484743,0.19138027215931105
2499,-0.5197935500176291,-0.6944528846484743,0.19138027215931105
2500,-0.5197935499747341,-0.6944528846484432,0.19138027215931105
2501,-0.5197935499747681,-0.6944528846484743,0.19138027215931105
2502,-0.519793550017663,-0.6944528850813785,0.19138027215931105
2503,-0.519793549974802,-0.6944528846484588,0.19138027215931105
2504,-0.5197935500176291,-0.6944528846484743,0.19138027215931105
2505,-0.5197935499747341,-0.6944528846484743,0.19138027215931105
2506,-0.519793549974802,-0.6944528846484588,0.19138027215931105
2507,-0.519793550017697,-0.6944528846484588,0.19138027215931105
2508,-0.5197935499747341,-0.6944528846484588,0.19138027215931105
2509,-0.5197935500176291,-0.6944528850813941,0.19138027215931105
2510,-0.519793549974802,-0.6944528846484588,0.19138027215931105
2511,-0.5197935499747681,-0.6944528846484743,0.19138027215931105
2512,-0.5197935500175951,-0.6944528846484432,0.19138027215931105
2513,-0.5197935499747681,-0.6944528846484743,0.19138027215931105
2514,-0.565058689776859,-0.7439582154556089,0.1713859587981219
2515,-0.565058689776859,-0.7439582158885286,0.1713859587981219
2516,-0.565058689776859,-0.7439582154556245,0.17138595879803098
2517,-0.565058689776859,-0.7439582158885286,0.1713859587981219
2518,-0.565058689776859,-0.7439582154556089,0.1713859587981219
2519,-0.565058689776859,-0.7439582154556089,0.1713859587981219
2520,-0.565058689776825,-0.7439582158885443,0.1713859587981219
2521,-0.5650586898197201,-0.7439582154556089,0.17138595879803098
2522,-0.565058689776859,-0.7439582154555934,0.1713859587981219
2523,-0.565058689776859,-0.7439582158885598,0.1713859587981219
2524,-0.565058689776859,-0.7439582154556089,0.1713859587981219
2525,-0.5650586897767911,-0.7439582154555934,0.1713859587981219
2526,-0.565058689776927,-0.7439582158885286,0.1713859587981219
2527,-0.565058689776859,-0.7439582154556245,0.17138595879803098
2528,-0.565058689776825,-0.7439582158885443,0.1713859587981219
2529,-0.565058689776859,-0.7439582154555934,0.1713859587981219
2530,-0.5276395075438357,-0.6967377461569318,0.23136889888168932
2531,-0.5276395075439375,-0.6967377461569162,0.23136889888178025
2532,-0.5276395075867986,-0.6967377461569007,0.23136889888168932
2533,-0.5276395075439035,-0.6967377461569318,0.23136889888178025
2534,-0.5276395075438697,-0.696737745723981,0.23136889888168932
2535,-0.5276395075438697,-0.6967377461569318,0.23136889888168932
2536,-0.5276395075439375,-0.6967377461569162,0.23136889888178025
2537,-0.5276395075867306,-0.6967377461569007,0.23136889888168932
2538,-0.5276395075438697,-0.6967377461569318,0.23136889888178025
2539,-0.5276395075440055,-0.6967377461569162,0.23136889888168932
2540,-0.5276395075438017,-0.6967377461569007,0.23136889888168932
2541,-0.5276395075439375,-0.6967377461569318,0.23136889888178025
2542,-0.5276395075867306,-0.6967377461569162,0.23136889888168932
2543,-0.5276395075439375,-0.6967377461569162,0.23136889888178025
2544,-0.5276395075438697,-0.6967377461569162,0.23136889888168932
2545,-0.5276395075438697,-0.696737745723981,0.23136889888168932
2546,-0.5276395075439375,-0.6967377461569318,0.23136889888178025
2547,-0.5276395075867306,-0.6967377461569318,0.23136889888168932
2548,-0.5276395075439375,-0.6967377461569007,0.23136889888178025
2549,-0.5276395075438697,-0.6967377461569162,0.23136889888168932
2550,-0.6051114801347447,-0.754343949388168,0.19501560186134542
2551,-0.6051114801346767,-0.7543439493881523,0.19501560186134542
2552,-0.6051114801346767,-0.7543439493881523,0.19501560186134542
2553,-0.6051114801346767,-0.754343949388168,0.19501560186134542
2554,-0.6051114801347447,-0.7543439493881523,0.19501560186134542
2555,-0.6051114801346767,-0.7543439493881523,0.19501560186134542
2556,-0.6051114801347447,-0.754343949388168,0.19501560186134542
2557,-0.6051114801346767,-0.7543439493881602,0.19501560186134542
2558,-0.6051114801346767,-0.7543439493881602,0.19501560186134542
2559,-0.6051114801347447,-0.7543439493881523,0.19501560186134542
2560,-0.6051114801775377,-0.7543439493881602,0.19501560186143635
2561,-0.6051114801347447,-0.7543439493881602,0.19501560186134542
2562,-0.6051114801347447,-0.7543439493881602,0.19501560186134542
2563,-0.6051114801346767,-0.7543439493881602,0.19501560186134542
2564,-0.6051114801347447,-0.7543439493881523,0.19501560186134542
2565,-0.6051114801346767,-0.7543439493881602,0.19501560186134542
2566,-0.6051114801346767,-0.7543439493881602,0.19501560186134542
2567,-0.6051114801346767,-0.754343949388168,0.19501560186134542
2568,-0.6051114801347447,-0.7543439493881602,0.19501560186134542
2569,-0.6051114801346767,-0.7543439493881445,0.19501560186134542
2570,-0.6051114801347447,-0.754343949388168,0.19501560186134542
2571,-0.6051114801346767,-0.7543439493881445,0.19501560186134542
2572,-0.4061277545374757,-0.7820392395863502,-0.008562861452762171
2573,-0.4061277544946147,-0.7820392391534071,-0.008562861452762171
2574,-0.4061277545376115,-0.7820392395863425,-0.008562861452762171
2575,0.6170081035295742,-0.6340672614799304,-0.008562861452762171
2576,0.6170081035295063,-0.6340672610469951,-0.008562861452762171
2577,0.6170081035295742,-0.6340672614799304,-0.008562861452762171
2578,0.6170081035295063,-0.6340672610469951,-0.008562861452762171
2579,0.6170081035295063,-0.6340672614799227,-0.008562861452762171
2580,0.6170081035295742,-0.6340672610470028,-0.008562861452762171
2581,0.6170081035295063,-0.6340672614799304,-0.008562861452762171
2582,0.5756228328668416,-0.6601799633204342,0.39132340577138425
2583,0.5756228329097026,-0.6601799628875222,0.39132340577138425
2584,0.5756228328667737,-0.6601799633204264,0.39132340577138425
2585,0.5756228328669095,-0.6601799633204576,0.39132340577138425
2586,-0.30726294128540294,-0.7472223035103519,-0.008562861452762171
2587,-0.30726294124240605,-0.74722230307744,-0.008562861452762171
2588,-0.307262941285335,-0.7472223035103753,-0.008562861452762171
2589,-0.307262941285335,-0.7472223035103753,-0.008562861452762171
2590,-0.307262941285335,-0.7472223035103676,-0.008562861452762171
2591,-0.30726294124240605,-0.74722230307744,-0.008562861452762171
2592,-0.307262941285335,-0.7472223035103676,-0.008562861452762171
2593,0.251055015712637,-0.8835886361138173,-0.008562861452762171
2594,0.25105501575556594,-0.8835886361138096,-0.008562861452762171
2595,0.2510550157127049,-0.8835886365467526,-0.008562861452762171
2596,0.25105501571277283,-0.8835886361138096,-0.008562861452762171
2597,0.251055015755498,-0.8835886361138173,-0.008562861452762171
2598,0.2510550157127049,-0.8835886361138173,-0.008562861452762171
2599,0.2510550157127049,-0.8835886365467448,-0.008562861452762171
2600,0.25105501575556594,-0.8835886361138173,-0.008562861452762171
2601,0.2510550157127049,-0.8835886361138096,-0.008562861452762171
2602,0.251055015712637,-0.8835886361138212,-0.008562861452762171
2603,0.25105501575556594,-0.8835886361138134,-0.008562861452762171
2604,0.2510550157127049,-0.8835886365467487,-0.008562861452762171
2605,0.2510550157127049,-0.8835886361138096,-0.008562861452762171
2606,0.251055015755498,-0.8835886361138212,-0.008562861452762171
2607,0.25105501571277283,-0.8835886361138134,-0.008562861452762171
2608,0.251055015712637,-0.8835886365467448,-0.008562861452762171
2609,0.2510550157556338,-0.8835886361138134,-0.008562861452762171
2610,0.251055015712637,-0.8835886361138134,-0.008562861452762171
2611,0.7992485059071955,-0.5511479793158484,-0.008562861452762171
2612,0.7992485059500565,-0.5511479793158406,-0.008562861452762171
2613,0.7992485059071955,-0.5511479793158445,-0.008562861452762171
2614,0.7992485059500565,-0.5511479793158406,-0.008562861452762171
2615,0.7992485059071955,-0.5511479797487719,-0.008562861452762171
2616,0.7992485059500565,-0.5511479793158484,-0.008562861452762171
2617,0.7992485059071955,-0.5511479793158445,-0.008562861452762171
2618,0.7992485059499885,-0.5511479793158406,-0.008562861452762171
2619,0.7992485059071955,-0.5511479793158406,-0.008562861452762171
2620,0.7992485059500565,-0.5511479793158445,-0.008562861452762171
2621,0.7992485059071955,-0.5511479793158445,-0.008562861452762171
2622,0.7992485059499885,-0.5511479793158406,-0.008562861452762171
2623,0.7992485059071955,-0.5511479793158406,-0.008562861452762171
2624,0.7992485059501244,-0.5511479793158445,-0.008562861452762171
2625,0.7992485059071616,-0.5511479797487758,-0.008562861452762171
2626,0.7992485059500565,-0.5511479793158445,-0.008562861452762171
2627,0.7992485059071616,-0.5511479793158445,-0.008562861452762171
2628,0.7992485059500565,-0.5511479793158386,-0.008562861452762171
2629,0.7992485059071955,-0.5511479793158445,-0.008562861452762171
2630,0.8492254555789893,-0.5180108077490473,-0.20050826972035973
2631,0.8492254555790912,-0.5180108077490454,-0.20050826972035973
2632,0.8492254556218504,-0.5180108077490454,-0.20050826972035973
2633,0.8492254555789893,-0.5180108077490493,-0.20050826972035973
2634,0.8492254555790912,-0.5180108077490434,-0.20050826972035973
2635,0.8492254555790233,-0.5180108077490493,-0.20050826972035973
2636,0.8492254555790233,-0.5180108077490454,-0.20050826972035973
2637,0.8492254556219861,-0.5180108081819788,-0.2005082697202688
2638,0.8492254555789214,-0.5180108077490473,-0.20050826972035973
2639,0.8492254555790573,-0.5180108077490473,-0.20050826972035973
2640,0.8492254555790233,-0.5180108077490434,-0.20050826972035973
2641,0.8492254555790573,-0.5180108077490473,-0.20050826972035973
2642,0.8492254556219522,-0.5180108077490473,-0.20050826972035973
2643,0.8492254555789893,-0.5180108077490473,-0.20050826972035973
2644,0.8492254555789893,-0.5180108077490454,-0.20050826972035973
2645,0.9959673466534125,-0.25159297842280043,-0.29083552066982277
2646,0.9959673466961716,-0.25159297885572984,-0.29083552066982277
2647,0.9959673466534125,-0.25159297842279943,-0.29083552066973184
2648,0.9959673466532767,-0.25159297842280043,-0.29083552066982277
2649,0.9959673466533446,-0.25159297885572984,-0.29083552066982277
2650,0.9959673466962735,-0.25159297842279943,-0.29083552066982277
2651,0.9959673466533785,-0.25159297842279843,-0.29083552066982277
2652,0.9959673466533446,-0.25159297885573084,-0.29083552066982277
2653,0.9959673466962056,-0.25159297842279843,-0.29083552066973184
2654,0.9959673466533446,-0.25159297885573084,-0.29083552066982277
2655,0.9959673466533107,-0.25159297842279943,-0.29083552066982277
2656,0.9959673466963075,-0.25159297842279843,-0.29083552066982277
2657,0.9959673466533107,-0.25159297885573084,-0.29083552066982277
2658,0.9959673466534125,-0.25159297842279843,-0.29083552066982277
2659,0.9959673466532767,-0.25159297842280043,-0.29083552066973184
2660,0.9959673466962395,-0.25159297885572984,-0.29083552066982277
2661,0.9959673466533446,-0.25159297842279993,-0.29083552066982277
2662,0.5176834539476493,-0.5139488319745332,-0.008562861452762171
2663,0.5176834539475813,-0.5139488319745337,-0.008562861452762171
2664,0.5176834539475813,-0.5139488319745342,-0.008562861452762171
2665,0.5176834539475813,-0.5139488319745342,-0.008562861452762171
2666,0.5176834539476493,-0.5139488319745334,-0.008562861452762171
2667,0.20867343298786992,-0.8673407325828332,0.3113461523265368
2668,0.20867343298793786,-0.8673407325828331,0.3113461523265368
2669,0.2086734329879039,-0.8673407330157641,0.3113461523266277
2670,0.20867343298793786,-0.8673407325828333,0.3113461523265368
2671,0.20867343298786992,-0.8673407325828326,0.3113461523265368
2672,0.4854949100940608,-0.627684156258477,-0.22183553730562813
2673,0.4854949100940608,-0.627684156258478,-0.22183553730562813
2674,0.48549491009412876,-0.6276841562584774,-0.22183553730562813
2675,0.48549491009395895,-0.6276841566914083,-0.22183553730571906
2676,0.4854949100940948,-0.627684156258477,-0.22183553730562813
2677,0.4854949100940948,-0.627684156258476,-0.22183553730562813
2678,0.4854949100940608,-0.627684156258478,-0.22183553730562813
2679,0.4854949100940608,-0.627684156258476,-0.22183553730562813
2680,0.48549491009399287,-0.627684156258478,-0.22183553730562813
2681,0.4854949100940608,-0.6276841562584788,-0.22183553730562813
2682,0.4854949100940948,-0.627684156258476,-0.22183553730562813
2683,0.4854949100940948,-0.6276841566914074,-0.22183553730571906
2684,0.48549491009402684,-0.627684156258478,-0.22183553730562813
2685,0.4854949100940608,-0.627684156258478,-0.22183553730562813
2686,0.48549491009399287,-0.627684156258476,-0.22183553730562813
2687,0.9618853590664977,-0.5600812722102567,-0.12281608065963516
2688,0.9618853590663958,-0.5600812722102567,-0.12281608065972609
2689,0.9618853590664638,-0.5600812722102567,-0.12281608065963516
2690,0.9618853590235348,-0.5600812717773234,-0.12281608065963516
2691,0.9618853590663958,-0.5600812722102567,-0.12281608065963516
2692,0.9618853590664298,-0.5600812722102567,-0.12281608065972609
2693,0.9618853590664298,-0.5600812722102567,-0.12281608065963516
2694,0.9618853590664298,-0.5600812722102567,-0.12281608065963516
2695,0.9618853590663958,-0.5600812722102547,-0.12281608065972609
2696,0.9618853590663619,-0.5600812722102567,-0.12281608065963516
2697,0.9618853590236367,-0.5600812717773254,-0.12281608065963516
2698,0.9618853590663619,-0.5600812722102528,-0.12281608065963516
2699,0.9618853590664638,-0.5600812722102606,-0.12281608065972609
2700,0.9618853590664298,-0.5600812722102567,-0.12281608065963516
2701,0.7687540959451712,-0.38876612102339014,-0.12489341191795351
2702,0.7687540959879983,-0.38876612102338626,-0.12489341191795351
2703,0.7687540959451712,-0.38876612102339014,-0.12489341191804444
2704,0.7687540959881002,-0.38876612102339403,-0.12489341191795351
2705,0.7687540959451712,-0.38876612102338626,-0.12489341191795351
2706,0.7687540959879983,-0.38876612059045873,-0.12489341191795351
2707,0.7687540959452391,-0.38876612102339014,-0.12489341191795351
2708,0.7687540959880322,-0.38876612102339014,-0.12489341191795351
2709,0.7687540959452391,-0.38876612102339014,-0.12489341191804444
2710,0.7687540959879983,-0.38876612102339403,-0.12489341191795351
2711,0.7687540959452391,-0.38876612102338626,-0.12489341191795351
2712,0.157171762813665,-0.1575104492106538,-0.4084491286769086
2713,0.157171762856526,-0.1575104492106499,-0.4084491286769086
2714,0.157171762856526,-0.1575104492106538,-0.4084491286769086
2715,0.15717176281373293,-0.1575104492106499,-0.4084491286769086
2716,0.157171762813665,-0.1575104492106499,-0.4084491286769086
2717,0.157171762856526,-0.1575104492106538,-0.4084491286769086
2718,0.15717176285659393,-0.1575104492106538,-0.4084491286769086
2719,0.157171762813665,-0.1575104492106499,-0.4084491286769086
2720,0.157171762813665,-0.1575104492106499,-0.4084491286769086
2721,0.15717176285659393,-0.1575104492106499,-0.4084491286769086
2722,0.157171762856526,-0.1575104492106577,-0.4084491286769086
2723,0.15717176281373293,-0.15751044921064603,-0.4084491286769086
2724,-0.3046100392873939,-0.31334971565324304,-0.10699640415411289
2725,-0.304610039330187,-0.3133497160861667,-0.10699640415402198
2726,-0.30461003928735997,-0.31334971565324304,-0.10699640415411289
2727,-0.304610039330187,-0.3133497156532353,-0.10699640415411289
2728,-0.304610039287326,-0.3133497160861667,-0.10699640415402198
2729,-0.30461003933022096,-0.3133497156532353,-0.10699640415411289
2730,-0.304610039287326,-0.31334971565324304,-0.10699640415411289
2731,-0.30461003933022096,-0.31334971565323916,-0.10699640415411289
2732,-0.304610039287326,-0.31334971608616274,-0.10699640415402198
2733,-0.304610039330187,-0.31334971565324304,-0.10699640415411289
2734,-0.304610039287326,-0.31334971565323916,-0.10699640415411289
2735,-0.30461003933028885,-0.31334971608617057,-0.10699640415402198
2736,-0.30461003928725805,-0.3133497156532353,-0.10699640415411289
2737,-0.02187701232338122,-0.4088452060490783,-0.008562861452762171
2738,-0.02187701232341518,-0.4088452064820175,-0.008562861452762171
2739,-0.021877012323449144,-0.4088452064820058,-0.008562861452762171
2740,-0.021877012366242222,-0.4088452060490822,-0.008562861452762171
2741,-0.021877012323449144,-0.4088452060490861,-0.008562861452762171
2742,-0.02187701232338122,-0.4088452064820058,-0.008562861452762171
2743,-0.021877012323347256,-0.4088452064820175,-0.008562861452762171
2744,-0.021877012323449144,-0.4088452060490783,-0.008562861452762171
2745,2.657819263119364,0.2842294269826518,0.15139164543693276
2746,2.6578192631193303,0.2842294265497243,0.15139164543684186
2747,2.657819263076469,0.2842294269826518,0.15139164543684186
2748,2.657819263119296,0.2842294265497204,0.15139164543693276
2749,2.657819263119364,0.2842294269826518,0.15139164543693276
2750,2.657819263076503,0.28422942698265957,0.15139164543684186
2751,2.657819263119296,0.2842294265497165,0.15139164543684186
2752,2.6578192631193303,0.28422942698265957,0.15139164543693276
2753,1.5757668738895154,0.05356722537110664,-0.19136801218377714
2754,1.5757668738894814,0.05356722580404583,-0.19136801218377714
2755,1.5757668738894814,0.05356722537110664,-0.19136801218377714
2756,1.5757668739324104,0.05356722580404583,-0.19136801218386806
2757,1.5757668738894814,0.05356722537110275,-0.19136801218377714
2758,1.5757668738895154,0.05356722580404583,-0.19136801218377714
2759,1.5757668738895154,0.05356722537110664,-0.19136801218377714
2760,1.583526612125303,0.1242891270189531,-0.4084491286769086
2761,1.5835266121682319,0.12428912658601782,-0.4084491286769086
2762,1.583526612125371,0.1242891270189531,-0.4084491286769086
2763,1.583526612125371,0.1242891270189531,-0.4084491286769086
2764,1.5835266121681981,0.12428912658601782,-0.4084491286769086
2765,1.583526612125371,0.1242891270189531,-0.4084491286769086
2766,1.5835266121682319,0.12428912658601782,-0.4084491286769086
2767,1.583526612125371,0.1242891270189531,-0.4084491286769086
2768,0.9329156696067826,-0.526134759731007,-0.008562861452762171
2769,0.9329156696068166,-0.5261347592980677,-0.008562861452762171
2770,0.9329156695639556,-0.526134759731007,-0.008562861452762171
2771,0.9329156696067826,-0.5261347592980677,-0.008562861452762171
2772,0.9329156696068166,-0.526134759731007,-0.008562861452762171
2773,1.2274408457937755,-0.11181322034035755,-0.008562861452762171
2774,1.2274408458367383,-0.11181322077328895,-0.008562861452762171
2775,0.3438653171470411,-0.17274285868977154,-0.64838088901136
2776,0.34386531718993607,-0.17274285868977154,-0.648380889011451
2777,0.3438653171470751,-0.17274285868977543,-0.64838088901136
2778,0.34386531718990215,-0.17274285868977154,-0.648380889011451
2779,0.34386531714710905,-0.17274285868977154,-0.64838088901136
2780,0.5434342890132532,-0.432709314319625,-0.008562861452762171
2781,0.5434342890132872,-0.43270931475255253,-0.008562861452762171
2782,0.5434342890561482,-0.432709314319625,-0.008562861452762171
2783,0.5434342890132532,-0.43270931475255253,-0.008562861452762171
2784,0.5434342890133211,-0.43270931431963283,-0.008562861452762171
2785,0.5434342890132532,-0.43270931431961723,-0.008562861452762171
2786,0.5434342890132872,-0.43270931475255253,-0.008562861452762171
2787,0.5434342890561482,-0.43270931431963283,-0.008562861452762171
2788,0.5434342890132532,-0.43270931475254476,-0.008562861452762171
2789,0.5434342890132872,-0.432709314319625,-0.008562861452762171
2790,0.5434342890133211,-0.432709314319625,-0.008562861452762171
2791,0.5434342890132532,-0.43270931475255253,-0.008562861452762171
2792,0.5434342890561482,-0.432709314319625,-0.008562861452762171
2793,0.5434342890132872,-0.4327093147525603,-0.008562861452762171
2794,0.5434342890132532,-0.43270931431961723,-0.008562861452762171
2795,-0.27277521574016733,-0.7124053674343926,0.21994357696107475
2796,-0.27277521569734026,-0.7124053674344004,0.21994357696098382
2797,-0.2727752157402352,-0.7124053674344004,0.21994357696107475
2798,-0.27277521569727237,-0.7124053670014652,0.21994357696098382
2799,-0.2727752157402352,-0.7124053674344004,0.21994357696107475
2800,-0.27277521569734026,-0.7124053674344004,0.21994357696098382
2801,-0.27277521574020125,-0.7124053674344004,0.21994357696107475
2802,0.0927946751494851,-0.6906447822786774,0.7912096729955307
2803,0.09279467510655616,-0.690644782278693,0.7912096729955307
2804,-0.132525131782399,-0.6195602047094458,-0.541744551084927
2805,-0.1325251318253279,-0.6195602042765183,-0.541744551085018
2806,-0.13252513182526,-0.6195602047094614,-0.541744551084927
2807,-0.13252513178243294,-0.619560204709438,-0.541744551084927
2808,-0.132525131782399,-0.619560204276526,-0.541744551085018
2809,-0.1325251318253279,-0.6195602047094536,-0.541744551084927
2810,-0.6314475614693938,-0.5505066148110036,-0.008562861452762171
2811,-0.6314475614694617,-0.5505066148110191,-0.008562861452762171
2812,-0.6314475614693938,-0.550506614378076,-0.008562861452762171
2813,-0.6314475614694617,-0.5505066148110114,-0.008562861452762171
2814,-0.6314475614693938,-0.5505066148110036,-0.008562861452762171
2815,-0.4705048422017235,-0.68048984262594,0.5246188281794028
2816,-0.47050484224458455,-0.68048984262594,0.5246188281794937
2817,-0.4705048422017235,-0.68048984262594,0.5246188281794028
2818,0.4951514732329895,-0.6601799633204342,-0.18629009133012017
2819,0.4951514732758505,-0.6601799633204419,-0.1862900913302111
2820,0.49515147323295555,-0.6601799633204497,-0.18629009133012017
2821,0.49515147323295555,-0.6601799633204419,-0.1862900913302111
2822,0.4951514732758505,-0.6601799628875067,-0.18629009133012017
2823,0.49515147323295555,-0.6601799633204419,-0.1862900913302111
2824,0.4951514732329895,-0.6601799633204342,-0.18629009133012017
2825,0.4951514732758505,-0.6601799633204419,-0.1862900913302111
2826,0.49515147323295555,-0.6601799633204497,-0.18629009133012017
2827,1.8384041684748451,-0.08369184929399902,-0.23003833253071038
2828,1.8384041685177401,-0.0836918492940068,-0.2300383325308013
2829,1.8384041684748111,-0.08369184929401459,-0.23003833253071038
2830,1.8384041684748111,-0.0836918488610793,-0.2300383325308013
2831,1.8384041685177062,-0.08369184929401459,-0.23003833253071038
2832,1.838404168474879,-0.0836918492940068,-0.2300383325308013
2833,1.8384041684748111,-0.0836918492940068,-0.23003833253071038
2834,1.8384041684748111,-0.08369184929401459,-0.2300383325308013
2835,1.8384041685177401,-0.08369184929399902,-0.23003833253071038
2836,1.8384041684748451,-0.0836918488610793,-0.2300383325308013
2837,1.8384041684748111,-0.08369184929401459,-0.23003833253071038
2838,1.8384041685177062,-0.0836918492940068,-0.2300383325308013
2839,1.8384041684748451,-0.0836918492940068,-0.23003833253071038
2840,1.20897976921103,0.15699400604190974,-0.10265374785844902
2841,1.208979769168135,0.15699400604191754,-0.10265374785844902
2842,1.20897976921103,0.15699400647483727,-0.10265374785844902
2843,1.20897976921103,0.15699400604190974,-0.10265374785844902
2844,1.208979769168101,0.15699400604190974,-0.10265374785844902
2845,1.20897976921103,0.15699400604192534,-0.10265374785844902
2846,1.20897976921103,0.15699400604190974,-0.10265374785844902
2847,1.208979769168152,0.15699400604190974,-0.10265374785844902
2848,1.2089797692110131,0.15699400647483727,-0.1026537478583581
2849,1.2089797691681181,0.15699400604191754,-0.10265374785844902
2850,1.20897976921103,0.15699400604190974,-0.10265374785844902
2851,1.2089797692110131,0.15699400604190974,-0.10265374785844902
2852,1.208979769168152,0.15699400604190974,-0.10265374785844902
2853,1.2089797692110131,0.15699400604190974,-0.10265374785844902
2854,1.2089797692110131,0.15699400647485284,-0.10265374785844902
2855,1.208979769168152,0.15699400604190974,-0.10265374785844902
2856,1.2089797692110131,0.15699400604190974,-0.10265374785844902
2857,0.8454385680693737,0.364871594940622,-0.008562861452762171
2858,0.8454385680693737,0.36487159494062976,-0.008562861452762171
2859,0.8454385681122346,0.36487159450769446,-0.008562861452762171
2860,0.8454385680693737,0.36487159494062976,-0.008562861452762171
2861,0.8454385680693737,0.364871594940622,-0.008562861452762171
2862,0.8454385680693737,0.3648715949406376,-0.008562861452762171
2863,0.8454385680693737,0.36487159450769446,-0.008562861452762171
2864,0.8454385680693737,0.3648715949406142,-0.008562861452762171
2865,0.8454385681122346,0.3648715949406376,-0.008562861452762171
2866,0.8454385680693737,0.364871594940622,-0.008562861452762171
2867,0.8454385680693737,0.36487159450769446,-0.008562861452762171
2868,0.8454385680694076,0.36487159494062976,-0.008562861452762171
2869,0.8454385680693397,0.364871594940622,-0.008562861452762171
2870,0.8454385680693737,0.36487159494062976,-0.008562861452762171
2871,0.8454385681122346,0.36487159450769446,-0.008562861452762171
2872,0.8454385680694076,0.3648715949406376,-0.008562861452762171
2873,0.8454385680693737,0.364871594940622,-0.008562861452762171
2874,1.0016476779392496,0.04947111557558678,-0.19674463426413588
2875,1.0016476779392836,0.04947111514266706,-0.19674463426413588
2876,1.0016476778964056,0.04947111557559457,-0.19674463426413588
2877,1.0016476779392496,0.04947111557559457,-0.19674463426413588
2878,1.0016476779393004,0.049471115142651484,-0.19674463426404495
2879,1.0016476779392836,0.04947111557558678,-0.19674463426413588
2880,1.0016476779392836,0.04947111557558678,-0.19674463426413588
2881,1.0016476779392665,0.04947111514265927,-0.19674463426413588
2882,1.0016476778963885,0.04947111557559457,-0.19674463426413588
2883,1.0016476779393004,0.04947111514266706,-0.19674463426413588
2884,1.0016476779392665,0.04947111557558678,-0.19674463426413588
2885,1.0016476779392836,0.04947111557558678,-0.19674463426413588
2886,1.0016476779392665,0.049471115142651484,-0.19674463426404495
2887,1.0016476779392836,0.04947111557559457,-0.19674463426413588
2888,1.0016476778964056,0.04947111557558678,-0.19674463426413588
2889,1.0016476779392836,0.04947111514266706,-0.19674463426413588
2890,1.0016476779392665,0.04947111557559457,-0.19674463426413588
2891,0.989838568191091,0.09983710088878504,-0.008562861452762171
2892,0.9898385681911249,0.09983710132172034,-0.008562861452762171
2893,0.9898385681911079,0.09983710088879283,-0.008562861452762171
2894,0.989838568191091,0.09983710132172034,-0.008562861452762171
2895,0.9898385681911079,0.09983710088880063,-0.008562861452762171
2896,0.9898385681911249,0.09983710132172034,-0.008562861452762171
2897,0.989838568191074,0.09983710088878504,-0.008562861452762171
2898,0.9898385681911249,0.09983710088879283,-0.008562861452762171
2899,0.9898385681911079,0.09983710132172813,-0.008562861452762171
2900,0.989838568191074,0.09983710088879283,-0.008562861452762171
2901,0.9898385681911249,0.09983710132172034,-0.008562861452762171
2902,0.9898385681911079,0.09983710088878504,-0.008562861452762171
2903,0.989838568191091,0.09983710088879283,-0.008562861452762171
2904,0.9898385681911079,0.09983710132172813,-0.008562861452762171
2905,0.9898385681911249,0.09983710088879283,-0.008562861452762171
2906,0.989838568191091,0.09983710132172034,-0.008562861452762171
2907,0.9898385681911079,0.09983710088879283,-0.008562861452762171
2908,0.9898385681911079,0.09983710132172813,-0.008562861452762171
2909,0.989838568191091,0.09983710088879283,-0.008562861452762171
2910,1.1578567878092103,0.364871594940622,-0.1779264569830167
2911,1.1578567877662815,0.36487159494062976,-0.17792645698292578
2912,1.1578567878091934,0.36487159450769446,-0.1779264569830167
2913,1.1578567877663155,0.364871594940622,-0.1779264569830167
2914,1.1578567878091763,0.3648715949406376,-0.1779264569830167
2915,1.1578567877663155,0.364871594940622,-0.17792645698292578
2916,1.1578567878091763,0.36487159450769446,-0.1779264569830167
2917,1.1578567877663155,0.36487159494062976,-0.1779264569830167
2918,1.157856787809185,0.36487159494062976,-0.17792645698292578
2919,1.1578567877662984,0.364871594940622,-0.1779264569830167
2920,1.1578567878091763,0.3648715945077023,-0.1779264569830167
2921,1.1578567877663155,0.364871594940622,-0.17792645698292578
2922,1.157856787809185,0.364871594940622,-0.1779264569830167
2923,1.1578567877662984,0.3648715949406376,-0.1779264569830167
2924,1.1578567878092019,0.36487159450769446,-0.1779264569830167
2925,1.15785678776629,0.364871594940622,-0.17792645698292578
2926,1.157856787809185,0.36487159494062976,-0.1779264569830167
2927,1.1041926055700362,0.30507377663668883,-0.09274944402622361
2928,1.104192605527158,0.30507377663668106,-0.09274944402631453
2929,1.1041926055700446,0.30507377663668883,-0.09274944402622361
2930,1.1041926055271665,0.30507377663668883,-0.09274944402631453
2931,1.1041926055700275,0.30507377706961636,-0.09274944402622361
2932,1.1041926055271496,0.30507377663668883,-0.09274944402631453
2933,1.104192605570053,0.30507377663668883,-0.09274944402622361
2934,1.104192605527158,0.30507377663668106,-0.09274944402631453
2935,1.1041926055700362,0.30507377663668883,-0.09274944402622361
2936,1.1041926055271496,0.30507377663668883,-0.09274944402631453
2937,1.1041926055700446,0.30507377663668106,-0.09274944402622361
2938,1.104192605527158,0.30507377663668883,-0.09274944402631453
2939,1.1041926055700362,0.30507377663669666,-0.09274944402622361
2940,1.1041926055271496,0.3050737766366733,-0.09274944402631453
2941,1.1041926055700446,0.30507377706962413,-0.09274944402622361
2942,1.104192605527158,0.30507377663668106,-0.09274944402631453
2943,1.1041926055700362,0.30507377663668883,-0.09274944402622361
2944,1.104192605527158,0.30507377663668883,-0.09274944402631453
2945,1.1041926055700446,0.30507377663668106,-0.09274944402622361
2946,0.7355596601417819,0.4517859316859249,-0.10853442825879878
2947,0.7355596600988868,0.4517859312529818,-0.10853442825879878
2948,0.7355596601417733,0.4517859316859093,-0.10853442825879878
2949,0.7355596600989038,0.4517859312529896,-0.10853442825879878
2950,0.7355596601417733,0.4517859316859249,-0.10853442825879878
2951,0.7355596600988868,0.4517859312529818,-0.10853442825879878
2952,0.7355596601417819,0.4517859316859171,-0.10853442825879878
2953,0.7355596600988954,0.4517859312529818,-0.10853442825879878
2954,0.7355596601417733,0.4517859316859171,-0.10853442825879878
2955,0.7355596601417819,0.4517859316859171,-0.10853442825879878
2956,0.7355596600988912,0.4517859312529896,-0.10853442825879878
2957,0.7355596601417819,0.4517859316859171,-0.10853442825879878
2958,0.7355596600988996,0.4517859312529818,-0.10853442825879878
2959,0.7355596601417733,0.45178593168592096,-0.10853442825879878
2960,0.7355596600988912,0.4517859312529818,-0.10853442825879878
2961,0.7355596601417733,0.4517859316859171,-0.10853442825879878
2962,0.35533248589863253,0.2042592767843387,-0.008562861452762171
2963,0.35533248589863253,0.2042592767843387,-0.008562861452762171
2964,0.355332485898641,0.2042592767843309,-0.008562861452762171
2965,0.3553324859415148,0.2042592772172662,-0.008562861452762171
2966,0.35533248589863253,0.2042592767843387,-0.008562861452762171
2967,0.35533248589863253,0.2042592767843387,-0.008562861452762171
2968,0.3553324858986283,0.2042592767843387,-0.008562861452762171
2969,0.35533248589863253,0.2042592767843309,-0.008562861452762171
2970,0.3553324858986368,0.20425927678434258,-0.008562861452762171
2971,0.3553324858986283,0.2042592767843309,-0.008562861452762171
2972,0.3553324858986368,0.2042592767843387,-0.008562861452762171
2973,0.35533248589863253,0.2042592767843387,-0.008562861452762171
2974,0.3553324859415148,0.2042592772172662,-0.008562861452762171
2975,0.35533248589863253,0.2042592767843387,-0.008562861452762171
2976,0.3553324858986368,0.2042592767843387,-0.008562861452762171
2977,0.3553324858986283,0.2042592767843309,-0.008562861452762171
2978,-0.0007532804329162815,0.10524861517005012,-0.008562861452762171
2979,-0.0007532804329162815,0.1052486147371187,-0.008562861452762171
2980,-0.0007532803900298054,0.10524861517004622,-0.008562861452762171
2981,-0.0007532804329162815,0.10524861473712649,-0.008562861452762171
2982,-0.0007532804329120361,0.10524861517004622,-0.008562861452762171
2983,-0.0007532804329162815,0.1052486147371187,-0.008562861452762171
2984,-0.0007532804329205268,0.10524861517005012,-0.008562861452762171
2985,-0.0007532804329162815,0.10524861517004622,-0.008562861452762171
2986,-0.0007532803900298054,0.10524861473712649,-0.008562861452762171
2987,-0.0007532804329162815,0.10524861517004622,-0.008562861452762171
2988,-0.0007532804329120361,0.1052486147371187,-0.008562861452762171
2989,-0.0007532804329162815,0.10524861517004622,-0.008562861452762171
2990,-0.0007532804329120361,0.1052486147371226,-0.008562861452762171
2991,-0.000753280390038296,0.10524861517004622,-0.008562861452762171
2992,-0.0007532804329120361,0.1052486147371187,-0.008562861452762171
2993,-0.0007532804329162815,0.10524861517004622,-0.008562861452762171
2994,0,0,0
2995,0,0,0
2996,0,0,0
2997,0,0,0
2998,0,0,0
2999,0,0,0
3000,0,0,0
3001,0,0,0
3002,0,0,0
3003,0,0,0
3004,0,0,0
3005,0,0,0
3006,0,0,0
3007,0,0,0
3008,0,0,0
3009,0,0,0
3010,0,0,0
3011,0,0,0
3012,0,0,0
3013,0,0,0
3014,0,0,0
3015,0,0,0
3016,0,0,0
3017,0,0,0
3018,0,0,0
3019,0,0,0
3020,0,0,0
3021,0,0,0
3022,0,0,0
3023,0,0,0
3024,0,0,0
3025,0,0,0
3026,0,0,0
3027,0,0,0
3028,0,0,0
3029,0,0,0
3030,0,0,0
3031,0,0,0
3032,0,0,0
3033,0,0,0
3034,0,0,0
3035,0,0,0
3036,0,0,0
3037,0,0,0
3038,0,0,0
3039,0,0,0
3040,0,0,0
3041,0,0,0
3042,0,0,0
3043,0,0,0
3044,0,0,0
3045,0,0,0
3046,0,0,0
3047,0,0,0
3048,0,0,0
3049,0,0,0
3050,0,0,0
3051,0,0,0
3052,0,0,0
3053,0,0,0
3054,0,0,0
3055,0,0,0
3056,0,0,0
3057,0,0,0
3058,0,0,0
3059,0,0,0
3060,0,0,0
3061,0,0,0
3062,0,0,0
3063,0,0,0
3064,0,0,0
3065,0,0,0
3066,0,0,0
3067,0,0,0
3068,0,0,0
3069,0,0,0
3070,0,0,0
3071,0,0,0
3072,0,0,0
3073,0,0,0
3074,0,0,0
3075,0,0,0
3076,0,0,0
3077,0,0,0
3078,0,0,0
3079,0,0,0
3080,0,0,0
3081,0,0,0
3082,0,0,0
3083,0,0,0
3084,0,0,0
3085,0,0,0
3086,0,0,0
3087,0,0,0
3088,0,0,0
3089,0,0,0
3090,0,0,0
3091,0,0,0
3092,0,0,0
3093,0,0,0
3094,0,0,0
3095,0,0,0
3096,0,0,0
3097,0,0,0
3098,0,0,0
3099,0,0,0
3100,0,0,0
3101,0,0,0
3102,0,0,0
3103,0,0,0
3104,0,0,0
3105,0,0,0
3106,0,0,0
3107,0,0,0
3108,0,0,0
3109,0,0,0
3110,0,0,0
3111,0,0,0
3112,0,0,0
3113,0,0,0
3114,0,0,0
3115,0,0,0
3116,0,0,0
3117,0,0,0
3118,0,0,0
3119,0,0,0
3120,0,0,0
3121,0,0,0
3122,0,0,0
3123,0,0,0
3124,0,0,0
3125,0,0,0
3126,0,0,0
3127,0,0,0
3128,0,0,0
3129,0,0,0
3130,0,0,0
3131,0,0,0
3132,0,0,0
3133,0,0,0
3134,0,0,0
3135,0,0,0
3136,0,0,0
3137,0,0,0
3138,0,0,0
3139,0,0,0
3140,0,0,0
3141,0,0,0
3142,0,0,0
3143,0,0,0
3144,0,0,0
3145,0,0,0
3146,0,0,0
3147,0,0,0
3148,0,0,0
3149,0,0,0
3150,0,0,0
3151,0,0,0
3152,0,0,0
3153,0,0,0
3154,0,0,0
3155,0,0,0
3156,0,0,0
3157,0,0,0
3158,0,0,0
3159,0,0,0
3160,0,0,0
3161,0,0,0
3162,0,0,0
3163,0,0,0
3164,0,0,0
3165,0,0,0
3166,0,0,0
3167,0,0,0
3168,0,0,0
3169,0,0,0
3170,0,0,0
3171,0,0,0
3172,0,0,0
3173,0,0,0
3174,0,0,0
3175,0,0,0
3176,0,0,0
3177,0,0,0
3178,0,0,0
3179,0,0,0
3180,0,0,0
3181,0,0,0
3182,0,0,0
3183,0,0,0
3184,0,0,0
3185,0,0,0
3186,0,0,0
3187,0,0,0
3188,0,0,0
3189,0,0,0
3190,0,0,0
3191,0,0,0
3192,0,0,0
3193,0,0,0
3194,0,0,0
3195,0,0,0
3196,0,0,0
3197,0,0,0
3198,0,0,0
3199,0,0,0
3200,0,0,0
3201,0,0,0
3202,0,0,0
3203,0,0,0
3204,0,0,0
3205,0,0,0
3206,0,0,0
3207,0,0,0
3208,0,0,0
3209,0,0,0
3210,0,0,0
3211,0,0,0
3212,0,0,0
3213,0,0,0
3214,0,0,0
3215,0,0,0
3216,0,0,0
3217,0,0,0
3218,0,0,0
3219,0,0,0
3220,0,0,0
3221,0,0,0
3222,0,0,0
3223,0,0,0
3224,0,0,0
3225,0,0,0
3226,0,0,0
3227,0,0,0
3228,0,0,0
3229,0,0,0
3230,0,0,0
3231,0,0,0
3232,0,0,0
3233,0,0,0
3234,0,0,0
3235,0,0,0
3236,0,0,0
3237,0,0,0
3238,0,0,0
3239,0,0,0
3240,0,0,0
3241,0,0,0
3242,0,0,0
3243,0,0,0
3244,0,0,0
3245,0,0,0
3246,0,0,0
3247,0,0,0
3248,0,0,0
3249,0,0,0
3250,0,0,0
3251,0,0,0
3252,0,0,0
3253,0,0,0
3254,0,0,0
3255,0,0,0
3256,0,0,0
3257,0,0,0
3258,0,0,0
3259,0,0,0
3260,0,0,0
3261,0,0,0
3262,0,0,0
3263,0,0,0
3264,0,0,0
3265,0,0,0
3266,0,0,0
3267,0,0,0
3268,0,0,0
3269,0,0,0
3270,0,0,0
3271,0,0,0
3272,0,0,0
3273,0,0,0
3274,0,0,0
3275,0,0,0
3276,0,0,0
3277,0,0,0
3278,0,0,0
3279,0,0,0
3280,0,0,0
3281,0,0,0
3282,0,0,0
3283,0,0,0
3284,0,0,0
3285,0,0,0
3286,0,0,0
3287,0,0,0
3288,0,0,0
3289,0,0,0
3290,0,0,0
3291,0,0,0
3292,0,0,0
3293,0,0,0
3294,0,0,0
3295,0,0,0
3296,0,0,0
3297,0,0,0
3298,0,0,0
3299,0,0,0
3300,0,0,0
3301,0,0,0
3302,0,0,0
3303,0,0,0
3304,0,0,0
3305,0,0,0
3306,0,0,0
3307,0,0,0
3308,0,0,0
3309,0,0,0
3310,0,0,0
3311,0,0,0
3312,0,0,0
3313,0,0,0
3314,0,0,0
3315,0,0,0
3316,0,0,0
3317,0,0,0
3318,0,0,0
3319,0,0,0
3320,0,0,0
3321,0,0,0
3322,0,0,0
3323,0,0,0
3324,0,0,0
3325,0,0,0
3326,0,0,0
3327,0,0,0
3328,0,0,0
3329,0,0,0
3330,0,0,0
3331,0,0,0
3332,0,0,0
3333,0,0,0
3334,0,0,0
3335,0,0,0
3336,0,0,0
3337,0,0,0
3338,0,0,0
3339,0,0,0
3340,0,0,0
3341,0,0,0
3342,0,0,0
3343,0,0,0
3344,0,0,0
3345,0,0,0
3346,0,0,0
3347,0,0,0
3348,0,0,0
3349,0,0,0
3350,0,0,0
3351,0,0,0
3352,0,0,0
3353,0,0,0
3354,0,0,0
3355,0,0,0
3356,0,0,0
3357,0,0,0
3358,0,0,0
3359,0,0,0
3360,0,0,0
3361,0,0,0
3362,0,0,0
3363,0,0,0
3364,0,0,0
3365,0,0,0
3366,0,0,0
3367,0,0,0
3368,0,0,0
3369,0,0,0
3370,0,0,0
3371,0,0,0
3372,0,0,0
3373,0,0,0
3374,0,0,0
3375,0,0,0
3376,0,0,0
3377,0,0,0
3378,0,0,0
3379,0,0,0
3380,0,0,0
3381,0,0,0
3382,0,0,0
3383,0,0,0
3384,0,0,0
3385,0,0,0
3386,0,0,0
3387,0,0,0
3388,0,0,0
3389,0,0,0
3390,0,0,0
3391,0,0,0
3392,0,0,0
3393,0,0,0
3394,0,0,0
3395,0,0,0
3396,0,0,0
3397,0,0,0
3398,0,0,0
3399,0,0,0
3400,0,0,0
3401,0,0,0
3402,0,0,0
3403,0,0,0
3404,0,0,0
3405,0,0,0
3406,0,0,0
3407,0,0,0
3408,0,0,0
3409,0,0,0
3410,0,0,0
3411,0,0,0
3412,0,0,0
3413,0,0,0
3414,0,0,0
3415,0,0,0
3416,0,0,0
3417,0,0,0
3418,0,0,0
3419,0,0,0
3420,0,0,0
3421,0,0,0
3422,0,0,0
3423,0,0,0
3424,0,0,0
3425,0,0,0
3426,0,0,0
3427,0,0,0
3428,0,0,0
3429,0,0,0
3430,0,0,0
3431,0,0,0
3432,0,0,0
3433,0,0,0
3434,0,0,0
3435,0,0,0
3436,0,0,0
3437,0,0,0
3438,0,0,0
3439,0,0,0
3440,0,0,0
3441,0,0,0
3442,0,0,0
3443,0,0,0
3444,0,0,0
3445,0,0,0
3446,0,0,0
3447,0,0,0
3448,0,0,0
3449,0,0,0
3450,0,0,0
3451,0,0,0
3452,0,0,0
3453,0,0,0
3454,0,0,0
3455,0,0,0
3456,0,0,0
3457,0,0,0
3458,0,0,0
3459,0,0,0
3460,0,0,0
3461,0,0,0
3462,0,0,0
3463,0,0,0
3464,0,0,0
3465,0,0,0
3466,0,0,0
3467,0,0,0
3468,0,0,0
3469,0,0,0
3470,0,0,0
3471,0,0,0
3472,0,0,0
3473,0,0,0
3474,0,0,0
3475,0,0,0
3476,0,0,0
3477,0,0,0
3478,0,0,0
3479,0,0,0
3480,0,0,0
3481,0,0,0
3482,0,0,0
3483,0,0,0
3484,0,0,0
3485,0,0,0
3486,0,0,0
3487,0,0,0
3488,0,0,0
3489,0,0,0
3490,0,0,0
3491,0,0,0
3492,0,0,0
3493,0,0,0
3494,0,0,0
3495,0,0,0
3496,0,0,0
3497,0,0,0
3498,0,0,0
3499,0,0,0
3500,0,0,0
3501,0,0,0
3502,0,0,0
3503,0,0,0
3504,0,0,0
3505,0,0,0
3506,0,0,0
3507,0,0,0
3508,0,0,0
3509,0,0,0
3510,0,0,0
3511,0,0,0
3512,0,0,0
3513,0,0,0
3514,0,0,0
3515,0,0,0
3516,0,0,0
3517,0,0,0
3518,0,0,0
3519,0,0,0
3520,0,0,0
3521,0,0,0
3522,0,0,0
3523,0,0,0
3524,0,0,0
3525,0,0,0
3526,0,0,0
3527,0,0,0
3528,0,0,0
3529,0,0,0
3530,0,0,0
3531,0,0,0
3532,0,0,0
3533,0,0,0
3534,0,0,0
3535,0,0,0
3536,0,0,0
3537,0,0,0
3538,0,0,0
3539,0,0,0
3540,0,0,0
3541,0,0,0
3542,0,0,0
3543,0,0,0
3544,0,0,0
3545,0,0,0
3546,0,0,0
3547,0,0,0
3548,0,0,0
3549,0,0,0
3550,0,0,0
3551,0,0,0
3552,0,0,0
3553,0,0,0
3554,0,0,0
3555,0,0,0
3556,0,0,0
3557,0,0,0
3558,0,0,0
3559,0,0,0
3560,0,0,0
3561,0,0,0
3562,0,0,0
3563,0,0,0
3564,0,0,0
3565,0,0,0
3566,0,0,0
3567,0,0,0
3568,0,0,0
3569,0,0,0
3570,0,0,0
3571,0,0,0
3572,0,0,0
3573,0,0,0
3574,0,0,0
3575,0,0,0
3576,0,0,0
3577,0,0,0
3578,0,0,0
3579,0,0,0
3580,0,0,0
3581,0,0,0
3582,0,0,0
3583,0,0,0
3584,0,0,0
3585,0,0,0
3586,0,0,0
3587,0,0,0
3588,0,0,0
3589,0,0,0
3590,0,0,0
3591,0,0,0
3592,0,0,0
3593,0,0,0
3594,0,0,0
3595,0,0,0
3596,0,0,0
3597,0,0,0
3598,0,0,0
3599,0,0,0
