time,dx,dy,dz
0,-0.003770956411144202,0.010046055492611507,-0.008562861452762171
1,-0.40652459194705537,-0.4570811698325623,-0.008562861452762171
2,-0.4065245919470543,-0.4570811698325622,-0.008562861452762171
3,-0.40652459190413015,-0.4570811698325622,-0.008562861452762171
4,-0.40652459194705587,-0.457081169399631,-0.008562861452762171
5,-0.40652459194705376,-0.45708116983256203,-0.008562861452762171
6,-0.4065245919041312,-0.45708116983256253,-0.008562861452762171
7,-0.40652459194705376,-0.45708116983256203,-0.008562861452762171
8,-0.4065245919470548,-0.4570811693996309,-0.008562861452762171
9,-0.40652459190413015,-0.4570811698325623,-0.008562861452762171
10,-0.4065245919470548,-0.4570811698325623,-0.008562861452762171
11,-0.40652459194705587,-0.4570811693996314,-0.008562861452762171
12,-0.4065245919041291,-0.4570811698325618,-0.008562861452762171
13,-0.4065245919470548,-0.4570811698325618,-0.008562861452762171
14,-0.40652459194705587,-0.4570811698325618,-0.008562861452762171
15,-0.40652459190412804,-0.45708116939963234,-0.008562861452762171
16,-0.4065245919470548,-0.4570811698325618,-0.008562861452762171
17,-0.2642183073830206,-0.6432550637548847,0.15139164543693276
18,-0.2642183073830206,-0.6432550637548857,0.15139164543684186
19,-0.2642183073830206,-0.6432550641878171,0.15139164543693276
20,-0.2642183073830206,-0.6432550637548847,0.15139164543684186
21,-0.2642183073830185,-0.6432550637548837,0.15139164543693276
22,-0.2642183073830206,-0.6432550637548857,0.15139164543693276
23,-0.26421830738302277,-0.6432550637548857,0.15139164543684186
24,-0.2642183073830206,-0.6432550637548857,0.15139164543693276
25,-0.2642183073830185,-0.6432550637548837,0.15139164543684186
26,-0.26421830738302277,-0.6432550641878171,0.15139164543693276
27,-0.2642183073830206,-0.6432550637548857,0.15139164543693276
28,-0.2642183073830206,-0.6432550637548837,0.15139164543684186
29,-0.2642183073830206,-0.6432550637548857,0.15139164543693276
30,-0.2642183073830206,-0.6432550637548857,0.15139164543693276
31,-0.2642183073830206,-0.6432550641878171,0.15139164543684186
32,-0.2642183073830206,-0.6432550637548857,0.15139164543693276
33,-0.2642183073830185,-0.6432550637548876,0.15139164543684186
34,-0.26421830738302277,-0.6432550637548818,0.15139164543693276
35,0.00696914052331654,-0.6500250236676929,0.16916436842459584
36,0.006969140566243347,-0.6500250236676929,0.16916436842468677
37,0.00696914052331654,-0.6500250232347693,0.16916436842459584
38,0.00696914052331654,-0.6500250236676929,0.16916436842468677
39,0.006969140566243347,-0.6500250236676929,0.16916436842459584
40,0.006969140523314417,-0.6500250236676929,0.16916436842468677
41,0.00696914052331654,-0.6500250236676929,0.16916436842459584
42,0.006969140566239102,-0.6500250236676968,0.16916436842468677
43,0.006969140523318663,-0.6500250236676929,0.16916436842459584
44,0.00696914052331654,-0.6500250232347615,0.16916436842459584
45,0.006969140566243347,-0.6500250236676929,0.16916436842468677
46,0.006969140523314417,-0.6500250236676929,0.16916436842459584
47,0.00696914052331654,-0.6500250236676929,0.16916436842468677
48,0.006969140566239102,-0.6500250236676968,0.16916436842459584
49,0.006969140523318663,-0.6500250232347576,0.16916436842468677
50,0.00696914052331654,-0.6500250236676968,0.16916436842459584
51,0.006969140566243347,-0.6500250236676929,0.16916436842468677
52,0.006969140523312295,-0.6500250236676968,0.16916436842459584
53,0.31279340111733567,-0.6449475538413164,0.6152597154168844
54,0.31279340111733567,-0.6449475538413243,0.6152597154169753
55,0.31279340107440673,-0.6449475534083889,0.6152597154168844
56,0.31279340111733567,-0.6449475538413164,0.6152597154168844
57,0.31279340111733567,-0.6449475538413243,0.6152597154168844
58,0.31279340111733356,-0.6449475538413164,0.6152597154168844
59,0.31279340111733567,-0.6449475538413203,0.6152597154169753
60,0.31279340107440673,-0.644947553408385,0.6152597154168844
61,0.31279340111733567,-0.6449475538413243,0.6152597154168844
62,0.31279340111733356,-0.6449475538413243,0.6152597154169753
63,0.31279340111733567,-0.6449475538413164,0.6152597154168844
64,0.31279340111733567,-0.6449475538413243,0.6152597154168844
65,0.31279340107440673,-0.6449475534083889,0.6152597154168844
66,0.31279340111733356,-0.6449475538413164,0.6152597154168844
67,0.31279340111733567,-0.6449475538413243,0.6152597154169753
68,0.31279340111733567,-0.6449475538413164,0.6152597154168844
69,0.31279340111733567,-0.6449475538413243,0.6152597154168844
70,0.31279340107440673,-0.6449475534083812,0.6152597154169753
71,0.31279340111733567,-0.6449475538413243,0.6152597154168844
72,0.31279340111733356,-0.6449475538413164,0.6152597154168844
73,0.2190860552257326,-0.30475707460842105,0.5779369971426647
74,0.2190860552686594,-0.30475707460842105,0.5779369971426647
75,0.2190860552257294,-0.30475707460842105,0.5779369971426647
76,0.2190860552686594,-0.30475707460842105,0.5779369971425737
77,0.21908605522573152,-0.30475707417548575,0.5779369971426647
78,0.21908605526865726,-0.30475707460842105,0.5779369971426647
79,0.2190860552257326,-0.30475707460842105,0.5779369971426647
80,0.21908605526865835,-0.30475707460842105,0.5779369971426647
81,0.21908605522573152,-0.30475707460842105,0.5779369971425737
82,0.21908605522573152,-0.30475707460842105,0.5779369971426647
83,0.21908605526865835,-0.30475707460842105,0.5779369971426647
84,0.2190860552257326,-0.30475707460842105,0.5779369971426647
85,0.21908605526865835,-0.30475707460842105,0.5779369971426647
86,0.21908605522573152,-0.30475707417548575,0.5779369971426647
87,0.21908605526865726,-0.30475707460842105,0.5779369971426647
88,0.2190860552257326,-0.30475707460842105,0.5779369971425737
89,0.21908605526865726,-0.30475707460842105,0.5779369971426647
90,0.2190860552257326,-0.3047570746084132,0.5779369971426647
91,0.21854905037686162,0.02629395902359548,0.1940461806074696
92,0.21854905041978842,0.026293959023587693,0.1940461806074696
93,0.2185490503768632,0.02629395902359548,0.1940461806074696
94,0.21854905041978842,0.02629395902359548,0.1940461806074696
95,0.21854905037686267,0.026293958590660183,0.1940461806074696
96,0.21854905041978895,0.026293959023587693,0.1940461806074696
97,0.21854905037686267,0.02629395902359548,0.1940461806074696
98,0.21854905041978842,0.026293959023587693,0.1940461806074696
99,0.21854905037686267,0.026293959023603264,0.1940461806074696
100,0.21854905041978842,0.02629395902359548,0.1940461806074696
101,0.21854905037686267,0.02629395902359548,0.1940461806074696
102,0.21854905041978923,0.026293959023587693,0.1940461806074696
103,0.21854905037686215,0.02629395902359548,0.1940461806074696
104,0.21854905041978895,0.02629395902359548,0.1940461806074696
105,0.21854905037686242,0.026293959023587693,0.19404618060756051
106,0.21854905037686267,0.026293958590660183,0.1940461806074696
107,0.21854905041978856,0.026293959023603264,0.1940461806074696
108,0.2185490503768628,0.02629395902359548,0.1940461806074696
109,0.21854905041978856,0.026293959023587693,0.1940461806074696
110,0.21854905037686256,0.02629395902359548,0.1940461806074696
111,0.21854905041978862,0.02629395902359548,0.1940461806074696
112,0.21854905037686262,0.026293959023587693,0.1940461806074696
113,0.21854905041978862,0.02629395902359548,0.1940461806074696
114,0.21854905037686267,0.02629395902359548,0.1940461806074696
115,0.2185490504197885,0.026293958590652394,0.1940461806074696
116,0.2185490503768628,0.026293959023603264,0.1940461806074696
117,0.2185490504197887,0.02629395902359548,0.1940461806074696
118,0.21854905037686267,0.02629395902359548,0.1940461806074696
119,0.21854905041978842,0.026293959023587693,0.1940461806074696
120,0.21854905037686267,0.02629395902359548,0.1940461806074696
121,-0.33924104342768663,0.14265762067526758,0.08552802495292469
122,-0.33924104338476063,0.14265762067526758,0.08552802495292469
123,-0.3392410434276865,0.142657620675252,0.08552802495292469
124,-0.3392410433847605,0.14265762067526758,0.08552802495292469
125,-0.33924104342768663,0.14265762067526758,0.08552802495292469
126,-0.3392410434276866,0.14265762067526758,0.08552802495292469
127,-0.3392410433847605,0.142657620675252,0.08552802495292469
128,-0.3392410434276867,0.14265762067526758,0.08552802495292469
129,-0.33924104338476035,0.14265762110820288,0.08552802495283376
130,-0.3392410434276865,0.14265762067526758,0.08552802495292469
131,-0.33924104338476063,0.142657620675252,0.08552802495292469
132,-0.3392410434276869,0.14265762067526758,0.08552802495292469
133,-0.33924104342768585,0.14265762067526758,0.08552802495292469
134,-0.3392410433847609,0.14265762067526758,0.08552802495292469
135,-0.33924104342768663,0.14265762067525978,0.08552802495292469
136,-0.33924104338476035,0.14265762067525978,0.08552802495292469
137,-0.3392410434276872,0.14265762067526758,0.08552802495292469
138,-0.5515159007125102,-0.050883582423874966,-0.008562861452762171
139,-0.551515900755437,-0.05088358285680247,-0.008562861452762171
140,-0.5515159007125112,-0.050883582423874966,-0.008562861452762171
141,-0.6860829977512477,-0.2014156294230598,-0.10265374785844902
142,-0.6860829977941724,-0.20141562985601066,-0.10265374785844902
143,-0.6860829977512498,-0.2014156294230598,-0.10265374785844902
144,-0.6860829977512466,-0.20141562942307537,-0.10265374785844902
145,-0.6860829977941755,-0.2014156298559951,-0.10265374785844902
146,-0.6860829977512466,-0.2014156294230676,-0.10265374785844902
147,-0.6860829977512477,-0.2014156294230676,-0.10265374785844902
148,-0.6860829977941755,-0.2014156298559951,-0.10265374785844902
149,-0.6860829977512466,-0.2014156294230676,-0.1026537478583581
150,-0.6860829977941734,-0.2014156298560029,-0.10265374785844902
151,-0.6860829977512487,-0.2014156294230598,-0.10265374785844902
152,-0.6860829977512487,-0.20141562942307537,-0.10265374785844902
153,-0.6860829977941734,-0.2014156298559951,-0.10265374785844902
154,-0.6860829977512487,-0.20141562942307537,-0.10265374785844902
155,-0.6860829977512424,-0.2014156294230598,-0.10265374785844902
156,-0.6860829977941777,-0.2014156298560029,-0.10265374785844902
157,-0.6860829977512508,-0.2014156294230676,-0.10265374785844902
158,-0.6199840187501794,-0.2275795331609506,0.37532795508243294
159,-0.6199840187931062,-0.2275795327280231,0.37532795508243294
160,-0.6199840187501815,-0.2275795331609506,0.37532795508243294
161,-0.6199840187501794,-0.2275795327280231,0.375327955082342
162,-0.6199840187501815,-0.22757953316095839,0.37532795508243294
163,-0.6199840187501857,-0.2275795327280153,0.37532795508243294
164,-0.6199840187931062,-0.22757953316095839,0.37532795508243294
165,-0.6199840187501815,-0.22757953272803086,0.37532795508243294
166,-0.6199840187501773,-0.2275795331609428,0.37532795508243294
167,-0.6199840187931105,-0.22757953316096616,0.375327955082342
168,-0.6199840187501815,-0.22757953272800752,0.37532795508243294
169,-0.6199840187501773,-0.22757953316096616,0.37532795508243294
170,-0.6199840187501857,-0.22757953272800752,0.37532795508243294
171,-0.6199840187501815,-0.22757953316096616,0.37532795508243294
172,-0.6199840187931062,-0.2275795327280153,0.37532795508243294
173,-0.6199840187501815,-0.22757953316095839,0.37532795508243294
174,-0.6199840187501815,-0.2275795327280231,0.375327955082342
175,-0.6199840187931105,-0.2275795331609506,0.37532795508243294
176,-0.6199840187501773,-0.22757953272803086,0.37532795508243294
177,-0.6199840187501857,-0.2275795331609428,0.37532795508243294
178,-0.59064053960344,-0.17274285868976763,0.6769564537886577
179,-0.5906405396034485,-0.17274285868977543,0.6769564537885667
180,-0.59064053960344,-0.17274285868976763,0.6769564537886577
181,-0.5906405395605195,-0.1727428591227185,0.6769564537886577
182,-0.59064053960344,-0.17274285868976763,0.6769564537886577
183,-0.5906405396034485,-0.17274285868977543,0.6769564537885667
184,-0.5906405396034443,-0.17274285868977543,0.6769564537886577
185,-0.668314455019645,-0.3250669539139113,0.19138027215931105
186,-0.6683144550196323,-0.3250669539139113,0.19138027215931105
187,-0.6683144550196536,-0.3250669539139113,0.19138027215931105
188,-0.6683144550625613,-0.3250669534809916,0.19138027215931105
189,-0.668314455019645,-0.3250669539139113,0.19138027215931105
190,-0.668314455019645,-0.3250669539139113,0.19138027215931105
191,-0.6683144550196408,-0.3250669539139191,0.19138027215931105
192,-0.6683144550196408,-0.3250669539139113,0.19138027215931105
193,-0.4778695216413669,-0.6978983106639236,-0.815952277181495
194,-0.4778695216842958,-0.6978983106639314,-0.815952277181495
195,-0.4778695216413669,-0.6978983106639158,-0.8159522771815859
196,-0.4778695216413669,-0.6978983106639236,-0.815952277181495
197,-0.4778695216843043,-0.6978983106639236,-0.815952277181495
198,-0.4778695216413669,-0.6978983106639081,-0.815952277181495
199,-0.4778695216413669,-0.6978983106639314,-0.8159522771815859
200,-0.4778695216842958,-0.6978983106639236,-0.815952277181495
201,-0.4778695216413754,-0.6978983106639236,-0.815952277181495
202,-0.4778695216413669,-0.6978983106639158,-0.815952277181495
203,-0.47786952168428737,-0.6978983106639236,-0.8159522771815859
204,-0.4778695216413839,-0.6978983106639236,-0.815952277181495
205,-0.4778695216413669,-0.6978983106639158,-0.815952277181495
206,-0.4778695216842958,-0.6978983106639236,-0.815952277181495
207,-0.4778695216413669,-0.6978983106639236,-0.8159522771815859
208,-0.4778695216413669,-0.6978983106639158,-0.815952277181495
209,-0.47786952168428737,-0.6978983106639314,-0.815952277181495
210,-0.4778695216413839,-0.6978983106639314,-0.815952277181495
211,-0.4778695216413669,-0.6978983106639003,-0.8159522771815859
212,-0.4778695216842958,-0.6978983106639314,-0.815952277181495
213,-0.4778695216413669,-0.6978983106639158,-0.815952277181495
214,-0.3155022702997944,-0.5840179154919025,0.13539619474789052
215,-0.31550227029981137,-0.5840179159248378,0.13539619474798145
216,-0.3155022702998029,-0.5840179154919025,0.13539619474789052
217,-0.3155022702997859,-0.5840179159248378,0.13539619474798145
218,-0.3155022703427318,-0.5840179154919025,0.13539619474789052
219,-0.3155022702998029,-0.5840179159248378,0.13539619474798145
220,-0.3155022702997944,-0.5840179154919025,0.13539619474789052
221,-0.3155022702998029,-0.5840179159248533,0.13539619474798145
222,-0.3155022702997944,-0.5840179154918869,0.13539619474789052
223,-0.3155022702998029,-0.5840179159248378,0.13539619474798145
224,-0.3155022702997944,-0.5840179154919181,0.13539619474789052
225,-0.3155022702998029,-0.5840179154918869,0.13539619474789052
226,-0.3155022702997944,-0.5840179159248533,0.13539619474798145
227,-0.3155022702998029,-0.5840179154919025,0.13539619474789052
228,-0.3155022702998029,-0.5840179159248378,0.13539619474798145
229,-0.3155022703427233,-0.5840179154919025,0.13539619474789052
230,-0.3155022702997944,-0.5840179159248378,0.13539619474798145
231,-0.3155022702997944,-0.5840179154919025,0.13539619474789052
232,-0.3155022702998029,-0.5840179159248222,0.13539619474798145
233,-0.3155022702998029,-0.5840179154919025,0.13539619474789052
234,-0.27764342856182933,-0.7617293602808521,-0.1507446453547031
235,-0.27764342856182084,-0.7617293598479168,-0.1507446453547031
236,-0.27764342856182933,-0.7617293602808521,-0.15074464535461218
237,-0.27764342856182933,-0.7617293598479012,-0.1507446453547031
238,-0.2776434286047497,-0.7617293602808521,-0.1507446453547031
239,-0.27764342856182933,-0.7617293598479168,-0.1507446453547031
240,-0.27764342856182933,-0.7617293602808521,-0.15074464535461218
241,-0.27764342856182933,-0.7617293598479168,-0.1507446453547031
242,-0.27764342856182933,-0.7617293602808366,-0.1507446453547031
243,0.21103098253561875,-0.6974147421915041,0.4890733822039857
244,0.21103098253561875,-0.6974147421914886,0.4890733822038948
245,0.21103098253561875,-0.6974147417585688,0.4890733822039857
246,0.21103098253561875,-0.6974147421914886,0.4890733822039857
247,0.21103098253561875,-0.6974147421914729,0.4890733822038948
248,0.21103098253561875,-0.6974147421915041,0.4890733822039857
249,0.21103098253561026,-0.6974147417585532,0.4890733822039857
250,0.21103098253562722,-0.6974147421915041,0.4890733822038948
251,0.2110309824926898,-0.6974147421914886,0.4890733822039857
252,0.21103098253561875,-0.6974147421914886,0.4890733822039857
253,0.21103098253561875,-0.6974147421915041,0.4890733822038948
254,0.21103098253561875,-0.6974147417585532,0.4890733822039857
255,0.21103098253562722,-0.6974147421914886,0.4890733822039857
256,0.21103098253561026,-0.6974147421915041,0.4890733822038948
257,0.21103098253561875,-0.6974147421914729,0.4890733822039857
258,0.21103098253561875,-0.6974147417585688,0.4890733822039857
259,0.21103098253561875,-0.6974147421914886,0.4890733822038948
260,0.21103098253561026,-0.6974147421915041,0.4890733822039857
261,0.15259221974718434,-0.6745163486870763,0.7253460525115226
262,0.1525922197042639,-0.674516348687092,0.7253460525116135
263,0.15259221974718434,-0.6745163486870763,0.7253460525115226
264,0.15259221974717585,-0.674516348687092,0.7253460525115226
265,0.1525922197042554,-0.674516348687092,0.7253460525116135
266,0.15259221974718434,-0.674516348687092,0.7253460525115226
267,0.15259221974717585,-0.674516348687092,0.7253460525115226
268,0.1525922197042554,-0.6745163486870763,0.7253460525116135
269,0.15259221974718434,-0.6745163491200272,0.7253460525115226
270,0.1525922197042554,-0.674516348687092,0.7253460525116135
271,0.15259221974718434,-0.674516348687092,0.7253460525115226
272,0.15259221974718434,-0.674516348687092,0.7253460525115226
273,0.1525922197042554,-0.674516348687092,0.7253460525116135
274,0.15259221974718434,-0.674516348687092,0.7253460525115226
275,0.15259221974717585,-0.674516348687092,0.7253460525115226
276,0.1525922197042639,-0.6745163486870608,0.7253460525116135
277,0.15259221974717585,-0.674516348687092,0.7253460525115226
278,0.10710475030448684,-0.6816845415868806,-0.008562861452762171
279,0.10710475030446136,-0.6816845411539609,-0.008562861452762171
280,0.10710475030447834,-0.6816845415868806,-0.008562861452762171
281,0.10710475030448684,-0.6816845415868806,-0.008562861452762171
282,0.1071047503473903,-0.6816845411539298,-0.008562861452762171
283,0.10710475030448684,-0.6816845415868806,-0.008562861452762171
284,0.10710475030446985,-0.6816845415868963,-0.008562861452762171
285,0.10710475030447834,-0.6816845411539298,-0.008562861452762171
286,0.10710475030447834,-0.6816845415868806,-0.008562861452762171
287,0.10710475030446985,-0.6816845411539454,-0.008562861452762171
288,0.10710475030448684,-0.6816845415868651,-0.008562861452762171
289,0.10710475030447834,-0.6816845415868806,-0.008562861452762171
290,0.10710475034739877,-0.6816845411539609,-0.008562861452762171
291,0.10710475030446985,-0.6816845415868806,-0.008562861452762171
292,0.10710475030447834,-0.6816845415868806,-0.008562861452762171
293,0.10710475030447834,-0.6816845411539298,-0.008562861452762171
294,0.10710475030446985,-0.6816845415868806,-0.008562861452762171
295,-0.1782975318214747,-0.5383206870545415,-0.4351082131584941
296,-0.17829753177857124,-0.5383206870545415,-0.435108213158585
297,-0.1782975318214747,-0.5383206874874769,-0.4351082131584941
298,-0.17829753177856275,-0.5383206870545415,-0.4351082131584941
299,-0.1782975318214832,-0.5383206870545415,-0.4351082131584941
300,-0.1782975318214832,-0.538320687054526,-0.435108213158585
301,-0.17829753177857124,-0.5383206870545415,-0.4351082131584941
302,-0.1782975318214917,-0.5383206870545727,-0.4351082131584941
303,-0.1782975318214832,-0.5383206870545103,-0.4351082131584941
304,-0.17829753177855426,-0.5383206874874924,-0.435108213158585
305,-0.1782975318214917,-0.5383206870545415,-0.4351082131584941
306,-0.17829753177855426,-0.5383206870545415,-0.4351082131584941
307,-0.1782975318214832,-0.5383206870545415,-0.435108213158585
308,-0.1782975318214832,-0.5383206870545415,-0.4351082131584941
309,-0.17829753177856275,-0.5383206874874612,-0.4351082131584941
310,-0.1782975318214917,-0.5383206870545415,-0.4351082131584941
311,-0.17829753177855426,-0.5383206870545727,-0.435108213158585
312,-0.1782975318214832,-0.5383206870545103,-0.4351082131584941
313,-0.615956482405124,-0.4063064711359037,-0.950517179802996
314,-0.6159564824051326,-0.40630647156880784,-0.950517179802996
315,-0.615956482405124,-0.4063064711359193,-0.9505171798029051
316,-0.615956482405124,-0.4063064715688234,-0.950517179802996
317,-0.615956482405124,-0.40630647113588814,-0.950517179802996
318,-0.615956482405124,-0.406306471568839,-0.950517179802996
319,-0.6159564824051326,-0.40630647113588814,-0.9505171798029051
320,-0.6159564824051156,-0.40630647156880784,-0.950517179802996
321,-0.615956482405124,-0.40630647113588814,-0.950517179802996
322,-0.6159564824051326,-0.4063064711359193,-0.950517179802996
323,-0.615956482405124,-0.40630647156880784,-0.950517179802996
324,-0.615956482405107,-0.40630647113588814,-0.9505171798029051
325,-0.6159564824051326,-0.406306471568839,-0.950517179802996
326,-0.6159564824051326,-0.40630647113588814,-0.950517179802996
327,-0.6159564824051326,-0.406306471568839,-0.950517179802996
328,-0.6159564824051156,-0.40630647113588814,-0.9505171798029051
329,-0.615956482405124,-0.406306471568839,-0.950517179802996
330,-0.6159564824051326,-0.40630647113585694,-0.950517179802996
331,-0.47365019784107704,-0.5383206870545415,-0.2573809832811361
332,-0.47365019788401447,-0.5383206870545727,-0.2573809832811361
333,-0.473650197841094,-0.5383206870545103,-0.2573809832810452
334,-0.473650197841094,-0.5383206874874924,-0.2573809832811361
335,-0.473650197841094,-0.5383206870545103,-0.2573809832811361
336,-0.4736501978839975,-0.5383206870545727,-0.2573809832811361
337,-0.473650197841094,-0.5383206870545103,-0.2573809832811361
338,-0.47365019784107704,-0.5383206870545727,-0.2573809832811361
339,-0.473650197841111,-0.5383206874874612,-0.2573809832811361
340,-0.47365019788401447,-0.5383206870545415,-0.2573809832810452
341,-0.473650197841094,-0.5383206870545415,-0.2573809832811361
342,-0.47365019784107704,-0.5383206870545727,-0.2573809832811361
343,-0.47365019788403145,-0.5383206870545103,-0.2573809832811361
344,-0.47365019784107704,-0.5383206870545415,-0.2573809832811361
345,-0.47365019784107704,-0.5383206870545415,-0.2573809832810452
346,-0.473650197841094,-0.5383206874874924,-0.2573809832811361
347,-0.47365019788401447,-0.5383206870545415,-0.2573809832811361
348,-0.473650197841111,-0.5383206870545103,-0.2573809832811361
349,-0.5964547274101595,-0.4485296416584069,-0.26112260917323743
350,-0.5964547274530885,-0.44852964165831344,-0.26112260917332836
351,-0.5964547274101595,-0.448529641225456,-0.26112260917323743
352,-0.5964547274101595,-0.4485296416583758,-0.26112260917332836
353,-0.596454727410185,-0.44852964165834464,-0.26112260917323743
354,-0.5964547274530885,-0.4485296416583758,-0.26112260917332836
355,-0.5964547274101595,-0.44852964165834464,-0.26112260917323743
356,-0.5964547274101595,-0.448529641225456,-0.26112260917323743
357,-0.5964547274101595,-0.44852964165834464,-0.26112260917332836
358,-0.5964547274530885,-0.44852964165834464,-0.26112260917323743
359,-0.5964547274101765,-0.4485296416583758,-0.26112260917332836
360,-0.5964547274101595,-0.4485296412254249,-0.26112260917323743
361,-0.5964547274101595,-0.4485296416583758,-0.26112260917323743
362,-0.5964547274530885,-0.44852964165834464,-0.26112260917332836
363,-0.5964547274101765,-0.4485296416583758,-0.26112260917323743
364,-0.5964547274101595,-0.44852964165834464,-0.26112260917332836
365,-0.5964547274101595,-0.4485296412254249,-0.26112260917323743
366,-0.5964547274530885,-0.44852964165834464,-0.26112260917332836
367,-0.5964547274101765,-0.4485296416583758,-0.26112260917323743
368,-0.48138938536638975,-0.48814333805479504,-0.10265374785844902
369,-0.48138938536637277,-0.4881433380548574,-0.10265374785844902
370,-0.48138938536640674,-0.4881433384877148,-0.10265374785844902
371,-0.48138938536637277,-0.4881433380548262,-0.10265374785844902
372,-0.4813893853234608,-0.48814333805479504,-0.10265374785844902
373,-0.48138938536640674,-0.4881433380548262,-0.10265374785844902
374,-0.4813893853663558,-0.4881433384877148,-0.10265374785844902
375,-0.48138938536640674,-0.4881433380548574,-0.10265374785844902
376,-0.48138938536637277,-0.4881433380547639,-0.1026537478583581
377,-0.48138938536638975,-0.48814333805479504,-0.10265374785844902
378,-0.48138938536640674,-0.4881433384877771,-0.10265374785844902
379,-0.4813893853663558,-0.48814333805479504,-0.10265374785844902
380,-0.4813893853234778,-0.4881433380548262,-0.10265374785844902
381,-0.48138938536640674,-0.48814333805479504,-0.10265374785844902
382,-0.48138938536637277,-0.48814333848774594,-0.10265374785844902
383,-0.48138938536638975,-0.48814333805479504,-0.10265374785844902
384,-0.48138938536638975,-0.4881433380548262,-0.10265374785844902
385,-0.6091732632615041,-0.5447343334016548,-0.5641943064378986
386,-0.6091732633044331,-0.5447343329687351,-0.5641943064378986
387,-0.6091732632615211,-0.5447343334016236,-0.5641943064378986
388,-0.6091732633044501,-0.5447343334016548,-0.5641943064378986
389,-0.6091732632615041,-0.5447343329687351,-0.5641943064378077
390,-0.6091732633044331,-0.544734333401686,-0.5641943064378986
391,-0.6091732632615041,-0.5447343329687039,-0.5641943064378986
392,-0.6091732633044501,-0.5447343334016548,-0.5641943064378986
393,-0.6091732632615041,-0.544734333401686,-0.5641943064378986
394,-0.6091732633044331,-0.5447343329687351,-0.5641943064378986
395,-0.6091732632615211,-0.5447343334016548,-0.5641943064378986
396,-0.6091732633044331,-0.5447343334016548,-0.5641943064378986
397,-0.6091732632615211,-0.5447343329687039,-0.5641943064378986
398,-0.6091732633044501,-0.5447343334016548,-0.5641943064378986
399,-0.6091732632615041,-0.5447343329687039,-0.5641943064378077
400,-0.6091732633044331,-0.544734333401686,-0.5641943064378986
401,-0.6091732632615211,-0.5447343334016548,-0.5641943064378986
402,-0.6091732633044331,-0.5447343329687351,-0.5641943064378986
403,-0.6091732632615041,-0.5447343334016548,-0.5641943064378986
404,-0.5979510257784479,-0.5024797234214529,-0.29083552066982277
405,-0.597951025735502,-0.5024797238543726,-0.29083552066982277
406,-0.5979510257784479,-0.502479723421484,-0.29083552066973184
407,-0.597951025735519,-0.5024797234214529,-0.29083552066982277
408,-0.5979510257784479,-0.5024797238543726,-0.29083552066982277
409,-0.597951025735519,-0.5024797234214529,-0.29083552066982277
410,-0.5979510257784479,-0.502479723421484,-0.29083552066982277
411,-0.597951025735502,-0.5024797238544036,-0.29083552066982277
412,-0.5979510257784479,-0.5024797234214217,-0.29083552066973184
413,-0.597951025735519,-0.5024797238544348,-0.29083552066982277
414,-0.597951025778431,-0.5024797234214217,-0.29083552066982277
415,-0.5979510257355359,-0.5024797234214529,-0.29083552066982277
416,-0.597951025778431,-0.5024797238543726,-0.29083552066982277
417,-0.597951025735519,-0.502479723421484,-0.29083552066982277
418,-0.5979510257784479,-0.5024797234214529,-0.29083552066973184
419,-0.597951025735519,-0.5024797238544036,-0.29083552066982277
420,-0.5979510257784479,-0.5024797234214217,-0.29083552066982277
421,-0.70939532585082,-0.2905401591811618,-1.2242171138141527
422,-0.70939532585082,-0.29054015874824207,-1.2242171138141527
423,-0.709395325850854,-0.2905401591811618,-1.2242171138142437
424,-0.7093953258078741,-0.29054015874824207,-1.2242171138141527
425,-0.709395325850854,-0.29054015918113063,-1.2242171138141527
426,-0.70939532585082,-0.29054015874824207,-1.2242171138141527
427,-0.709395325850837,-0.2905401591811618,-1.2242171138141527
428,-0.70939532585082,-0.29054015874824207,-1.2242171138142437
429,-0.709395325850837,-0.29054015918113063,-1.2242171138141527
430,-0.70939532585082,-0.29054015874824207,-1.2242171138141527
431,-0.709395325850854,-0.2905401591811929,-1.2242171138141527
432,-0.7093953258078911,-0.2905401587482109,-1.2242171138141527
433,-0.709395325850854,-0.2905401591811618,-1.2242171138142437
434,-0.709395325850803,-0.2905401587482109,-1.2242171138141527
435,-0.709395325850854,-0.29054015918113063,-1.2242171138141527
436,-0.24170541185521646,-0.05088358242389054,-0.3776886465827365
437,-0.24170541185523345,-0.05088358285681026,-0.3776886465827365
438,-0.24170541185523345,-0.05088358242389054,-0.3776886465827365
439,-0.24170541185525043,-0.05088358285681026,-0.3776886465827365
440,-0.24170541185523345,-0.05088358242385939,-0.3776886465827365
441,-0.24170541185525043,-0.05088358242385939,-0.3776886465827365
442,-0.24170541189817935,-0.05088358285681026,-0.3776886465828274
443,-0.24170541185525043,-0.05088358242389054,-0.3776886465827365
444,-0.24170541185523345,-0.05088358242385939,-0.3776886465827365
445,-0.24170541185523345,-0.05088358285684141,-0.3776886465827365
446,-0.2417054118552674,-0.05088358242385939,-0.3776886465827365
447,-0.24170541185525043,-0.05088358285674797,-0.3776886465827365
448,-0.24170541185523345,-0.05088358242389054,-0.3776886465827365
449,-0.15842835245625259,-0.0630695101803526,-0.3124764245431098
450,-0.1584283524562186,-0.06306951018032146,-0.3124764245431098
451,-0.15842835245626957,-0.06306951018038376,-0.3124764245431098
452,-0.15842835245625259,-0.06306951018032146,-0.3124764245431098
453,-0.1584283524562186,-0.0630695101803526,-0.3124764245431098
454,-0.15842835241332365,-0.06306951018032146,-0.3124764245431098
455,-0.15842835245628656,-0.06306951018038376,-0.3124764245431098
456,-0.1584283524562186,-0.0630695101802903,-0.3124764245431098
457,-0.15842835245625259,-0.06306951018038376,-0.3124764245431098
458,-0.1584283524562356,-0.06306951018032146,-0.3124764245431098
459,-0.15842835245625259,-0.0630695101803526,-0.3124764245431098
460,-0.1584283524562186,-0.06306951018032146,-0.3124764245431098
461,-0.15842835245626957,-0.0630695101803526,-0.3124764245431098
462,-0.15842835245625259,-0.06306951018032146,-0.3124764245431098
463,-0.15842835241332365,-0.0630695101803526,-0.3124764245431098
464,-0.15842835245625259,-0.06306951018038376,-0.3124764245431098
465,-0.15842835245625259,-0.06306951018032146,-0.3124764245431098
466,-0.1584283524562356,-0.0630695101803526,-0.3124764245431098
467,-0.15842835245625259,-0.06306951018032146,-0.3124764245431098
468,-0.15842835245625259,-0.0630695101803526,-0.3124764245431098
469,-0.003770956411144202,0.017662260232189836,-0.2085059950648354
470,-0.003770956411144202,0.01766226023215869,-0.2085059950648354
471,-0.003770956411144202,0.017662260232189836,-0.2085059950648354
472,-0.003770956411144202,0.01766226023215869,-0.2085059950648354
473,-0.003770956411144202,0.01766226023215869,-0.2085059950648354
474,-0.003770956411144202,0.017662260232189836,-0.2085059950648354
475,-0.003770956411144202,0.01766226023215869,-0.2085059950648354
476,-0.003770956411144202,0.01766226023215869,-0.2085059950648354
477,-0.6048807574132935,0.09763241043049514,-0.48842638212175604
478,-0.6048807574562224,0.09763240999757541,-0.48842638212175604
479,-0.6048807574132595,0.09763240999757541,-0.4884263821216651
480,-0.6048807574562394,0.097632410430464,-0.48842638212175604
481,-0.6048807574132935,0.09763241043049514,-0.48842638212175604
482,-0.6048807574132765,0.09763240999757541,-0.48842638212175604
483,-0.6048807574562224,0.09763240999751312,-0.48842638212175604
484,-0.6048807574133105,0.09763241043049514,-0.4884263821216651
485,-0.6048807574132935,0.09763241043049514,-0.48842638212175604
486,-0.6048807574562054,0.09763240999757541,-0.48842638212175604
487,-0.6048807574132765,0.09763240999754427,-0.48842638212175604
488,-0.6048807574132935,0.09763241043049514,-0.48842638212175604
489,-0.6048807574562054,0.097632410430464,-0.48842638212175604
490,-0.6048807574133445,0.09763240999757541,-0.4884263821216651
491,-0.6048807574561884,0.09763240999754427,-0.48842638212175604
492,-0.6048807574133105,0.09763241043052628,-0.48842638212175604
493,-0.458077057266776,0.16846311459497068,-0.3284718752320611
494,-0.4580770572668269,0.16846311459500182,-0.3284718752320611
495,-0.45807705730968795,0.1684631141620198,-0.32847187523215204
496,-0.4580770572668269,0.16846311459500182,-0.3284718752320611
497,-0.45807705726681,0.16846311459503296,-0.3284718752320611
498,-0.7136242390303219,0.1090567175397692,0.29135183896534766
499,-0.7136242389874099,0.10905671710691177,0.29135183896534766
500,-0.713624239030271,0.10905671753983148,0.29135183896534766
501,-0.7136242390303219,0.10905671710691177,0.29135183896534766
502,-0.7136242390303219,0.10905671753983148,0.29135183896534766
503,-0.7136242390302879,0.10905671710691177,0.29135183896534766
504,-0.7136242389873759,0.10905671753983148,0.29135183896534766
505,-0.7136242390303049,0.1090567175397692,0.29135183896534766
506,-0.7136242390303219,0.10905671710691177,0.29135183896534766
507,-0.7136242389873929,0.10905671753986264,0.29135183896534766
508,-0.7136242390303049,0.10905671710688061,0.29135183896534766
509,-0.7136242390303219,0.10905671753983148,0.29135183896534766
510,-0.7136242390302879,0.10905671710691177,0.29135183896534766
511,-0.7136242390303049,0.10905671753983148,0.29135183896534766
512,-0.7136242389873929,0.10905671710691177,0.29135183896534766
513,-0.7136242390303219,0.10905671753980034,0.29135183896534766
514,-0.8177572513695678,0.01645970140680506,0.39553273490008917
515,-0.8177572513695508,0.016459701839755928,0.39553273489999824
516,-0.8177572513695508,0.01645970140674276,0.39553273490008917
517,-0.8177572513266219,0.016459701839755928,0.39553273490008917
518,-0.8177572513695508,0.016459701406836204,0.39553273489999824
519,-0.8177572513695508,0.016459701839662486,0.39553273490008917
520,-0.8177572513695848,0.01645970140680506,0.39553273490008917
521,-0.8177572513695508,0.01645970183972478,0.39553273489999824
522,-0.8177572513695508,0.01645970140680506,0.39553273490008917
523,-0.8177572513266219,0.016459701839755928,0.39553273490008917
524,-0.8177572513695508,0.01645970140677391,0.39553273490008917
525,-0.8177572513695508,0.01645970183972478,0.39553273489999824
526,-0.8177572513695508,0.01645970140680506,0.39553273490008917
527,-0.8177572513695508,0.01645970183972478,0.39553273490008917
528,-0.8177572513695848,0.01645970140680506,0.39553273489999824
529,-0.8177572513266219,0.01645970183972478,0.39553273490008917
530,-0.8177572513695848,0.01645970140680506,0.39553273490008917
531,-0.8177572513695508,0.01645970183972478,0.39553273489999824
532,-0.8177572513695168,0.01645970140677391,0.39553273490008917
533,-0.857608663709534,0.17252509036951594,-0.541744551084927
534,-0.8576086637524291,0.1725250903694848,-0.541744551085018
535,-0.8576086637095002,0.17252509036954708,-0.541744551084927
536,-0.7891405456718501,0.3603914743782132,-0.08854011489760963
537,-0.7891405456717822,0.36039147437827546,-0.08854011489760963
538,-0.789140545714745,0.36039147437827546,-0.08854011489751872
539,-0.7891405456718501,0.36039147437827546,-0.08854011489760963
540,-0.7891405456718161,0.3603914743782443,-0.08854011489760963
541,-0.7891405456718501,0.3603914743782443,-0.08854011489760963
542,-0.7891405456718161,0.36039147437827546,-0.08854011489760963
543,-0.789140545714745,0.3603914743782443,-0.08854011489751872
544,-0.7891405456718501,0.36039147437827546,-0.08854011489760963
545,-0.7891405456718161,0.36039147437827546,-0.08854011489760963
546,-0.7891405456718161,0.3603914743782132,-0.08854011489760963
547,-0.7891405456718501,0.36039147437827546,-0.08854011489760963
548,-0.789140545714779,0.36039147437827546,-0.08854011489751872
549,-0.7891405456718161,0.3603914743782443,-0.08854011489760963
550,-0.7891405456717822,0.3603914743782132,-0.08854011489760963
551,-0.7891405456718501,0.3603914743783066,-0.08854011489760963
552,-0.7891405456718501,0.3603914743782443,-0.08854011489760963
553,-0.789140545714779,0.36039147437827546,-0.08854011489751872
554,-0.7891405456718161,0.36039147437827546,-0.08854011489760963
555,-0.7891405456718161,0.3603914743782132,-0.08854011489760963
556,-0.8065932031956928,0.2503796278515509,-0.5239718280971731
557,-0.8065932032385879,0.2503796278515509,-0.5239718280972641
558,-0.8065932032386558,0.2503796278515509,-0.5239718280972641
559,-0.8065932031956928,0.2503796278515509,-0.5239718280971731
560,-0.8065932031956589,0.25037962828447063,-0.5239718280971731
561,-0.8065932032386558,0.2503796278515509,-0.5239718280972641
562,-0.8065932032386558,0.25037962785151974,-0.5239718280972641
563,-0.8065932031956928,0.2503796278515509,-0.5239718280971731
564,-0.8065932031956589,0.25037962785151974,-0.5239718280971731
565,-0.8065932032386218,0.2503796278515509,-0.5239718280972641
566,-0.8065932032386218,0.2503796278515509,-0.5239718280972641
567,-0.8065932031956928,0.2503796278515509,-0.5239718280971731
568,-0.8065932031956928,0.2503796278515509,-0.5239718280971731
569,-0.8065932032386218,0.2503796282844395,-0.5239718280972641
570,-0.8065932032386218,0.2503796278515509,-0.5239718280972641
571,-0.8065932031956928,0.25037962785151974,-0.5239718280971731
572,-0.8065932031956589,0.2503796278515509,-0.5239718280971731
573,-0.8065932032386558,0.2503796278515509,-0.5239718280972641
574,-0.7166448912891171,0.4060887028156208,-0.4084491286769086
575,-0.7166448912890832,0.4060887028156208,-0.4084491286769086
576,-0.7166448912891171,0.4060887032485717,-0.4084491286769086
577,-0.7166448912890832,0.4060887028155897,-0.4084491286769086
578,-0.7946326406917348,0.2537646075914771,-0.2703065999995109
579,-0.7946326407346297,0.253764608024428,-0.27030659999941997
580,-0.7946326406917348,0.2537646075914771,-0.2703065999995109
581,-0.7946326407345957,0.2537646080243969,-0.2703065999995109
582,-0.7946326406917348,0.25376460759150826,-0.27030659999941997
583,-0.7946326407346637,0.253764608024428,-0.2703065999995109
584,-0.7946326406917008,0.253764607591446,-0.27030659999941997
585,-0.7946326407346637,0.2537646080243969,-0.2703065999995109
586,-0.7946326406917348,0.25376460759150826,-0.2703065999995109
587,-0.7946326407346297,0.2537646080243969,-0.27030659999941997
588,-0.7946326406917348,0.2537646075914771,-0.2703065999995109
589,-0.7770579365937402,0.3884511761187078,-0.24428529265859966
590,-0.7770579366366352,0.38845117611867663,-0.24428529265850876
591,-0.7770579365937402,0.3884511761186455,-0.24428529265859966
592,-0.7770579366366692,0.3884511761187078,-0.24428529265859966
593,-0.7770579365937402,0.38845117611867663,-0.24428529265859966
594,-0.7770579366366352,0.3884511761187078,-0.24428529265850876
595,-0.7770579365937402,0.38845117611867663,-0.24428529265859966
596,-0.7770579366366692,0.38845117611867663,-0.24428529265859966
597,-0.7770579365937402,0.38845117611867663,-0.24428529265859966
598,-0.7770579366366352,0.3884511765516275,-0.24428529265850876
599,-0.7770579365937742,0.38845117611867663,-0.24428529265859966
600,-0.7770579366366352,0.3884511761186455,-0.24428529265859966
601,-0.7770579365937064,0.3884511761187078,-0.24428529265859966
602,-0.7770579366366692,0.3884511761187078,-0.24428529265850876
603,-0.7770579365937402,0.38845117611867663,-0.24428529265859966
604,-0.7770579366366352,0.3884511761186455,-0.24428529265859966
605,-0.7770579365937402,0.3884511761187078,-0.24428529265859966
606,-0.7770579366366352,0.38845117611867663,-0.24428529265850876
607,-0.7770579365937742,0.38845117611867663,-0.24428529265859966
608,-0.6320666278283082,0.48605885301392615,-0.6883695157338292
609,-0.6320666278282404,0.4860588525810064,-0.6883695157338292
610,-0.6320666278283082,0.4860588530139573,-0.6883695157337383
611,-0.6320666278282404,0.48605885301392615,-0.6883695157338292
612,-0.6320666278282743,0.48605885301392615,-0.6883695157338292
613,-0.6320666278283082,0.4860588530139573,-0.6883695157338292
614,-0.6320666278282404,0.4860588525810064,-0.6883695157338292
615,-0.6320666277853794,0.48605885301392615,-0.6883695157338292
616,-0.6320666278282743,0.4860588530139573,-0.6883695157337383
617,-0.6320666278282743,0.4860588525810064,-0.6883695157338292
618,-0.6320666278282743,0.48605885301392615,-0.6883695157338292
619,-0.6320666278282743,0.48605885301392615,-0.6883695157338292
620,-0.6320666278283082,0.4860588530139573,-0.6883695157338292
621,-0.6320666278282404,0.4860588530139573,-0.6883695157337383
622,-0.6320666278283422,0.48605885258097525,-0.6883695157338292
623,-0.6320666278282404,0.48605885301398843,-0.6883695157338292
624,-0.75893402299804,0.35277526963866596,-1.5681193036269696
625,-0.758934023040969,0.3527752696386971,-1.5681193036268786
626,-0.758934023041003,0.3527752696386971,-1.5681193036268786
627,-0.75893402299804,0.3527752696386971,-1.5681193036269696
628,-0.758934022998074,0.35277526963872824,-1.5681193036269696
629,-0.758934023040969,0.35277526963866596,-1.5681193036268786
630,-0.758934023040935,0.3527752696386971,-1.5681193036268786
631,-0.758934022998074,0.35277526963872824,-1.5681193036269696
632,-0.7996121402033274,-0.2093006415262497,-1.650762465519885
633,-0.7996121402033274,-0.20930064152628083,-1.6507624655199757
634,-0.7996121402032934,-0.20930064152621855,-1.650762465519885
635,-0.7996121402033612,-0.20930064152628083,-1.6507624655199757
636,-0.7996121402032934,-0.20930064152621855,-1.650762465519885
637,-0.7996121402032934,-0.20930064152628083,-1.6507624655199757
638,-0.7996121402033274,-0.2093006415262497,-1.650762465519885
639,-0.7996121402033274,-0.20930064195916942,-1.6507624655199757
640,-0.7996121402032934,-0.20930064152628083,-1.650762465519885
641,-0.7996121402033274,-0.20930064152621855,-1.6507624655199757
642,-0.7996121402033612,-0.2093006415262497,-1.650762465519885
643,-0.7996121402032934,-0.2093006415262497,-1.6507624655199757
644,-0.7996121402033612,-0.2093006415262497,-1.650762465519885
645,-0.7996121402032594,-0.2093006415262497,-1.6507624655199757
646,-0.7996121402033952,-0.2093006415262497,-1.650762465519885
647,-0.46717455114663803,-0.5419047835044437,-0.7236535981359278
648,-0.4671745511897367,-0.5419047835044437,-0.7236535981359278
649,-0.46717455114677386,-0.5419047835044125,-0.7236535981359278
650,-0.4671745511897028,-0.5419047835044748,-0.7236535981359278
651,-0.4671745511467059,-0.5419047835044437,-0.7236535981360187
652,-0.46717455114677386,-0.5419047835043813,-0.7236535981359278
653,-0.4671745511897367,-0.5419047835044437,-0.7236535981359278
654,-0.4671745511467399,-0.5419047835044125,-0.7236535981359278
655,-0.46717455118963486,-0.5419047835044437,-0.7236535981359278
656,-0.46717455114680784,-0.5419047835044437,-0.7236535981359278
657,-0.46717455118966883,-0.5419047835044125,-0.7236535981359278
658,-0.46717455114680784,-0.5419047835044437,-0.7236535981359278
659,-0.4671745511467059,-0.5419047835044437,-0.7236535981360187
660,-0.4671745511897028,-0.5419047835044437,-0.7236535981359278
661,-0.46717455114680784,-0.5419047835044437,-0.7236535981359278
662,-0.46717455118966883,-0.5419047835044437,-0.7236535981359278
663,-0.4671745511467399,-0.5419047835044437,-0.7236535981359278
664,-0.2937535739849711,-0.5992503254039321,-0.008562861452762171
665,-0.2605263990523998,-0.9800605632478783,-0.2884832485096828
666,-0.2605263990524338,-0.9800605628148651,-0.2884832485096828
667,-0.2605263990524338,-0.9800605632479094,-0.2884832485095919
668,-0.26052639905236585,-0.980060563247816,-0.2884832485096828
669,-0.2605263990952948,-0.9800605632478783,-0.2884832485096828
670,-0.2605263990524338,-0.980060563247816,-0.2884832485096828
671,-0.2605263990524338,-0.9800605628149274,-0.2884832485096828
672,-0.2605263990524338,-0.9800605632478471,-0.2884832485095919
673,-0.2605263990523998,-0.980060563247816,-0.2884832485096828
674,-0.2605263990524338,-0.9800605628149274,-0.2884832485096828
675,-0.26052639905236585,-0.9800605632478471,-0.2884832485096828
676,-0.2605263990953627,-0.9800605632478471,-0.2884832485096828
677,-0.2605263990524338,-0.9800605632478471,-0.2884832485096828
678,-0.2605263990523319,-0.9800605632478783,-0.2884832485095919
679,-0.2605263990524338,-0.9800605628148962,-0.2884832485096828
680,-0.2605263990524338,-0.9800605632478471,-0.2884832485096828
681,0.166996585057072,-0.790163191135355,-0.22183553730562813
682,0.16699658505713993,-0.7901631911353862,-0.22183553730562813
683,0.16699658505710596,-0.790163191135355,-0.22183553730562813
684,0.16699658501417702,-0.790163191135355,-0.22183553730571906
685,0.16699658505713993,-0.790163191135355,-0.22183553730562813
686,0.16699658505710596,-0.7901631911353862,-0.22183553730562813
687,0.16699658505713993,-0.790163191135355,-0.22183553730562813
688,0.166996585057072,-0.790163191568306,-0.22183553730562813
689,0.16699658505713993,-0.7901631911353862,-0.22183553730562813
690,0.16699658505710596,-0.790163191135355,-0.22183553730562813
691,0.16699658505713993,-0.790163191135355,-0.22183553730562813
692,0.1669965850141091,-0.7901631911353862,-0.22183553730571906
693,0.16699658505713993,-0.790163191135355,-0.22183553730562813
694,0.16699658505710596,-0.7901631911353862,-0.22183553730562813
695,0.16699658505710596,-0.790163191135355,-0.22183553730562813
696,0.2539913703163991,-0.7109546615841755,-0.541744551084927
697,0.2539913703163991,-0.7109546615841755,-0.541744551085018
698,0.2539913703164331,-0.7109546620171264,-0.541744551084927
699,0.2539913703592601,-0.7109546615841443,-0.541744551084927
700,0.25399137031636515,-0.7109546615842066,-0.541744551085018
701,0.2539913703164331,-0.7109546615841443,-0.541744551084927
702,-0.24542313771556273,-0.5470249212900048,-0.8768873274251969
703,-0.2454231377584577,-0.5470249208570851,-0.8768873274251969
704,-0.24542313771549482,-0.5470249212900048,-0.8768873274251969
705,-0.24542313771552876,-0.5470249212900048,-0.8768873274251969
706,-0.24542313771549482,-0.5470249212899737,-0.8768873274251969
707,-0.2454231377584577,-0.5470249208570851,-0.8768873274251969
708,-0.24542313771556273,-0.5470249212900048,-0.8768873274251969
709,-0.34898835829904273,-0.06829205046183516,-2.4307311086390517
710,-0.34898835825614777,-0.06829205089481717,-2.4307311086389607
711,-0.34898835829904273,-0.06829205046183516,-2.4307311086390517
712,-0.34898835829904273,-0.0682920504618663,-2.4307311086390517
713,-0.3489883582991106,-0.0682920504618663,-2.4307311086390517
714,-0.34898835825614777,-0.06829205089478603,-2.4307311086389607
715,-0.34898835829904273,-0.06829205046183516,-2.4307311086390517
716,-0.6320666278282743,0.4365535217738407,-1.1282444096803539
717,-0.6320666278282743,0.43655352220682275,-1.1282444096803539
718,-0.6320666278283082,0.4365535222067604,-1.1282444096803539
719,-0.6320666278282743,0.43655352177387186,-1.1282444096803539
720,-0.7118118476492874,0.4335070400512396,-0.47243093143280473
721,-0.7118118476492874,0.43350704005117724,-0.4724309314327138
722,-0.7118118476921823,0.43350704005120844,-0.47243093143280473
723,-0.7118118476492874,0.4335070400512396,-0.47243093143280473
724,-0.7118118476492534,0.43350704005120844,-0.4724309314327138
725,-0.7118118476492874,0.43350704005120844,-0.47243093143280473
726,-0.7118118476492874,0.43350704005120844,-0.47243093143280473
727,-0.7118118476922163,0.4335070400512396,-0.4724309314327138
728,-0.7118118476492874,0.43350704005117724,-0.47243093143280473
729,-0.7118118476492195,0.43350704005120844,-0.4724309314327138
730,-0.7118118476492874,0.4335070404841593,-0.47243093143280473
731,-0.7118118476492874,0.43350704005120844,-0.47243093143280473
732,-0.7118118476922163,0.43350704005120844,-0.4724309314327138
733,-0.7118118476492874,0.4335070400512396,-0.47243093143280473
734,-0.7118118476492874,0.43350704005120844,-0.47243093143280473
735,-0.7118118476492874,0.43350704005117724,-0.4724309314327138
736,-0.7118118476492874,0.43350704005120844,-0.47243093143280473
737,-0.7118118476921484,0.4335070400512396,-0.47243093143280473
738,-0.7118118476493553,0.43350704005120844,-0.4724309314327138
739,-0.7118118476492195,0.43350704005120844,-0.47243093143280473
740,-0.7414460362185544,0.4846558678619868,-0.7325674715849124
741,-0.7414460362185206,0.4846558678619868,-0.7325674715849124
742,-0.7414460362185544,0.4846558678619868,-0.7325674715849124
743,-0.7414460361756255,0.48465586786195564,-0.7325674715849124
744,-0.7414460362185544,0.4846558678619868,-0.7325674715848215
745,-0.7414460362185884,0.4846558678619868,-0.7325674715849124
746,-0.7414460362185544,0.48465586786195564,-0.7325674715849124
747,-0.7414460362185206,0.48465586786195564,-0.7325674715849124
748,-0.7414460362184866,0.4846558678619868,-0.7325674715849124
749,-0.7414460361756255,0.4846558674290671,-0.7325674715849124
750,-0.7414460362185544,0.4846558678619868,-0.7325674715849124
751,-0.7414460362185544,0.4846558678619868,-0.7325674715849124
752,-0.7414460362185884,0.48465586786195564,-0.7325674715849124
753,-0.7414460362185206,0.4846558678619868,-0.7325674715849124
754,-0.7414460362185544,0.4846558678619868,-0.7325674715848215
755,-0.7414460361756255,0.4846558678619868,-0.7325674715849124
756,-0.7414460362185544,0.48465586786195564,-0.7325674715849124
757,-0.7414460362184866,0.48465586786195564,-0.7325674715849124
758,-0.7414460362185544,0.4846558678619868,-0.7325674715849124
759,-0.645875323917533,0.27987730986494735,-0.8768873274251969
760,-0.645875323874672,0.2798773098649162,-0.8768873274251969
761,-0.6458753239174311,0.2798773098649162,-0.8768873274251969
762,-0.645875323874672,0.2798773094319965,-0.8768873274251969
763,-0.645875323917533,0.2798773098649162,-0.8768873274251969
764,-0.64587532387457,0.27987730986494735,-0.8768873274251969
765,-0.645875323917567,0.2798773098649162,-0.8768873274251969
766,-0.37833183744581383,-0.4316938207006629,-1.608107930349348
767,-0.37833183744581383,-0.43169382026777436,-1.608107930349348
768,-0.3783318374457799,-0.4316938202678055,-1.608107930349348
769,-0.37833183744574594,-0.43169382070069406,-1.608107930349348
770,0.08720398243128792,-0.724693697686776,0.08552802495292469
771,0.08720398243135585,-0.7246936976868383,0.08552802495292469
772,0.08720398243135585,-0.7246936976868383,0.08552802495292469
773,0.08720398243132188,-0.7246936976868072,0.08552802495292469
774,0.08720398247425082,-0.7246936976868072,0.08552802495292469
775,0.08720398243135585,-0.7246936976868072,0.08552802495292469
776,0.08720398243128792,-0.7246936976868383,0.08552802495292469
777,0.08720398243138981,-0.7246936976868383,0.08552802495292469
778,0.08720398243132188,-0.724693698119727,0.08552802495283376
779,0.08720398243138981,-0.7246936976868383,0.08552802495292469
780,0.08720398243132188,-0.7246936976868072,0.08552802495292469
781,0.08720398243135585,-0.7246936976868383,0.08552802495292469
782,0.08720398247421685,-0.724693697686776,0.08552802495292469
783,0.08720398243135585,-0.7246936976868383,0.08552802495292469
784,0.08720398243135585,-0.7246936976868383,0.08552802495292469
785,0.08720398243135585,-0.7246936976868383,0.08552802495292469
786,0.08720398243132188,-0.7246936976868072,0.08552802495292469
787,0.2577819927663459,-0.45230237442173754,0.17961891135861155
788,0.2577819927664138,-0.4523023748546261,0.17961891135861155
789,0.25778199280930875,-0.45230237442173754,0.17961891135861155
790,0.25778199276627795,-0.45230237442173754,0.17961891135861155
791,0.25778199276637986,-0.45230237485465724,0.17961891135852062
792,0.2577819927664138,-0.4523023744217064,0.17961891135861155
793,0.25778199276637986,-0.4523023744217064,0.17961891135861155
794,0.2577819927663459,-0.4523023748546884,0.17961891135861155
795,0.25778199280930875,-0.4523023744217064,0.17961891135861155
796,0.2577819927663459,-0.45230237485465724,0.17961891135861155
797,0.25778199276637986,-0.45230237442173754,0.17961891135861155
798,0.25778199276637986,-0.45230237442173754,0.17961891135861155
799,0.25778199276627795,-0.4523023748546261,0.17961891135852062
800,0.25778199276644775,-0.45230237442173754,0.17961891135861155
801,0.25778199280927483,-0.45230237442173754,0.17961891135861155
802,0.25778199276637986,-0.45230237485465724,0.17961891135861155
803,0.25778199276637986,-0.4523023744217064,0.17961891135861155
804,-0.08029414718188904,-0.06103852207662012,-2.3279032113527935
805,-0.08029414713889219,-0.06103852250957099,-2.3279032113527935
806,-0.08029414713899408,-0.06103852207658897,-2.327903211352884
807,-0.08029414718182111,-0.06103852250960213,-2.3279032113527935
808,-0.08029414718185508,-0.06103852207658897,-2.3279032113527935
809,-0.08029414713889219,-0.06103852207658897,-2.3279032113527935
810,-0.08029414713896012,-0.06103852250960213,-2.3279032113527935
811,-0.08029414718185508,-0.06103852207658897,-2.3279032113527935
812,-0.08029414718178715,-0.06103852250957099,-2.3279032113527935
813,-0.08029414713899408,-0.06103852207662012,-2.327903211352884
814,-0.08029414713896012,-0.06103852250953984,-2.3279032113527935
815,-0.08029414718185508,-0.06103852207662012,-2.3279032113527935
816,0.051994931578888764,-0.20555112555993063,-0.5991641176607756
817,0.051994931578888764,-0.20555112512694862,-0.5991641176606847
818,0.051994931578888764,-0.20555112555993063,-0.5991641176607756
819,0.051994931621749764,-0.20555112512697976,-0.5991641176606847
820,0.051994931578888764,-0.20555112555986835,-0.5991641176607756
821,0.05199493157892272,-0.20555112512697976,-0.5991641176606847
822,0.05199493157882084,-0.20555112555993063,-0.5991641176607756
823,0.0519949315788548,-0.20555112512697976,-0.5991641176606847
824,0.051994931578888764,-0.2055511255598995,-0.5991641176607756
825,0.05199493162178373,-0.20555112512697976,-0.5991641176606847
826,0.051994931578888764,-0.20555112555993063,-0.5991641176607756
827,0.0519949315788548,-0.20555112512694862,-0.5991641176606847
828,0.0519949315788548,-0.20555112555993063,-0.5991641176607756
829,0.4795334061976589,-0.050883582856779117,-0.008562861452762171
830,0.47953340624055385,-0.050883582423921686,-0.008562861452762171
831,0.49479564922778346,-0.35232494991503444,0.563905900047103
832,0.4947956492707463,-0.3523249499150656,0.563905900047012
833,0.49479564922785135,-0.3523249499150967,0.563905900047103
834,0.49479564927067843,-0.35232494991503444,0.563905900047103
835,0.49479564922778346,-0.35232494948211474,0.563905900047012
836,0.4947956492707803,-0.3523249499150967,0.563905900047103
837,0.4947956492278174,-0.35232494991503444,0.563905900047012
838,0.49479564922778346,-0.35232494991512786,0.563905900047103
839,0.4947956492707463,-0.35232494991503444,0.563905900047103
840,0.49479564922778346,-0.3523249499150656,0.563905900047012
841,0.4947956492707463,-0.35232494991503444,0.563905900047103
842,0.49479564922778346,-0.3523249499150967,0.563905900047103
843,0.4947956492278174,-0.3523249499150656,0.563905900047012
844,0.4947956492707803,-0.35232494991503444,0.563905900047103
845,0.4947956492278174,-0.3523249494821459,0.563905900047012
846,0.49479564927071235,-0.3523249499150656,0.563905900047103
847,0.4947956492278174,-0.3523249499150967,0.563905900047103
848,0.4947956492707803,-0.35232494991503444,0.563905900047012
849,0.4947956492277495,-0.3523249499150656,0.563905900047103
850,0.4086487663615245,-0.18492878644624527,0.9085096447145978
851,0.4086487663614566,-0.18492878601332555,0.9085096447145978
852,0.4086487663614905,-0.18492878644624527,0.9085096447146888
853,0.4086487663614905,-0.184928786446183,0.9085096447145978
854,0.4086487663614905,-0.18492878644627642,0.9085096447145978
855,0.4086487663614905,-0.1849287860132944,0.9085096447145978
856,0.4086487663614905,-0.18492878644624527,0.9085096447145978
857,0.40864876640441944,-0.18492878644627642,0.9085096447146888
858,0.4086487663614905,-0.18492878644621413,0.9085096447145978
859,0.4086487663614905,-0.1849287860132944,0.9085096447145978
860,0.4086487663614905,-0.18492878644627642,0.9085096447145978
861,0.4086487663614905,-0.18492878644624527,0.9085096447145978
862,0.4086487663614905,-0.184928786446183,0.9085096447146888
863,0.4086487663614905,-0.18492878601332555,0.9085096447145978
864,0.4086487663614905,-0.18492878644624527,0.9085096447145978
865,0.6383334110952444,-0.09440475273533654,0.6769564537886577
866,0.6383334110522815,-0.0944047527353054,0.6769564537885667
867,0.6383334110952444,-0.09440475273527425,0.6769564537886577
868,0.6383334110522815,-0.09440475230238567,0.6769564537886577
869,0.6383334110952784,-0.09440475273533654,0.6769564537886577
870,0.6383334110523154,-0.0944047527352431,0.6769564537885667
871,0.6383334110953124,-0.09440475273533654,0.6769564537886577
872,0.6003594968926612,-0.2505973961718182,0.24025526037561176
873,0.6003594968498002,-0.2505973961718182,0.24025526037561176
874,0.600359496892729,-0.2505973961718182,0.24025526037552083
875,0.6003594968497662,-0.25059739660470676,0.24025526037561176
876,0.600359496892729,-0.2505973961718182,0.24025526037561176
877,0.6003594968498002,-0.2505973961718182,0.24025526037561176
878,0.600359496892763,-0.2505973961718182,0.24025526037552083
879,0.6003594968498002,-0.2505973961718182,0.24025526037561176
880,0.6003594968926612,-0.25059739660476904,0.24025526037561176
881,0.600359496892729,-0.25059739617175586,0.24025526037561176
882,0.6003594968498002,-0.2505973961718182,0.24025526037561176
883,0.600359496892729,-0.2505973961718182,0.24025526037552083
884,0.6003594968498002,-0.2505973961718182,0.24025526037561176
885,0.600359496892729,-0.2505973961718182,0.24025526037561176
886,0.6003594968498002,-0.2505973961718182,0.24025526037561176
887,0.600359496892729,-0.2505973966047379,0.24025526037552083
888,0.6003594968498002,-0.2505973961718182,0.24025526037561176
889,0.6003594968926951,-0.2505973961718182,0.24025526037561176
890,0.5818802124329621,-0.18707924405644097,0.4430733932945529
891,0.5818802123900672,-0.18707924405640983,0.443073393294462
892,0.5818802124329281,-0.18707924448932955,0.4430733932945529
893,0.58188021243303,-0.18707924405640983,0.443073393294462
894,0.5818802123899313,-0.18707924405644097,0.4430733932945529
895,0.581880212432996,-0.18707924405640983,0.443073393294462
896,0.5818802124329621,-0.1870792444893607,0.4430733932945529
897,0.5818802123900672,-0.18707924405644097,0.443073393294462
898,0.5818802124329281,-0.18707924405640983,0.4430733932945529
899,0.5818802123900672,-0.18707924405644097,0.443073393294462
900,0.5818802124329621,-0.18707924448932955,0.4430733932945529
901,0.581880212432996,-0.18707924405644097,0.443073393294462
902,0.5818802123899992,-0.18707924405640983,0.4430733932945529
903,0.5818802124329621,-0.18707924405637869,0.443073393294462
904,0.5818802124329281,-0.1870792444893607,0.4430733932945529
905,0.5818802123900672,-0.18707924405644097,0.443073393294462
906,0.581880212432996,-0.18707924405640983,0.4430733932945529
907,0.3736667363231058,-0.5441235095895706,0.5703201158622246
908,0.3736667362801769,-0.5441235100224903,0.5703201158621337
909,0.3736667363230379,-0.5441235095895706,0.5703201158622246
910,0.3736667362801429,-0.5441235100224903,0.5703201158622246
911,0.3736667363231398,-0.5441235095895395,0.5703201158621337
912,0.3736667363230379,-0.5441235100225215,0.5703201158622246
913,0.37366673628021085,-0.5441235095895395,0.5703201158622246
914,0.3736667363230379,-0.5441235100224903,0.5703201158621337
915,0.3736667363231398,-0.5441235095895395,0.5703201158622246
916,0.3736667362801429,-0.5441235100224903,0.5703201158622246
917,0.37366673632307185,-0.5441235095895706,0.5703201158621337
918,0.3736667362801769,-0.5441235100224903,0.5703201158622246
919,0.37366673632307185,-0.5441235095895706,0.5703201158622246
920,0.3736667363230379,-0.5441235100224903,0.5703201158621337
921,0.37366673628021085,-0.5441235095895083,0.5703201158622246
922,0.3736667363231058,-0.5441235100225525,0.5703201158622246
923,0.37366673632307185,-0.5441235095895395,0.5703201158621337
924,0.3736667362801429,-0.5441235100224592,0.5703201158622246
925,0.3736667363231058,-0.5441235095896018,0.5703201158622246
926,0.37366673628021085,-0.5441235100224592,0.5703201158621337
927,0.3736667363230379,-0.5441235095896018,0.5703201158622246
928,0.1964551366683934,-0.393250120215644,0.5855538784231047
929,0.1964551366683934,-0.393250120215644,0.5855538784231047
930,0.19645513671128836,-0.39325012064850146,0.5855538784231047
931,0.19645513666846132,-0.3932501202156751,0.5855538784231047
932,0.1964551366683934,-0.393250120215644,0.5855538784231047
933,0.19645513666832548,-0.393250120215644,0.5855538784231956
934,0.19645513671139025,-0.39325012064856374,0.5855538784231047
935,0.19645513666832548,-0.393250120215644,0.5855538784231047
936,0.19645513666846132,-0.393250120215644,0.5855538784231047
937,0.1964551366683934,-0.39325012021561284,0.5855538784231047
938,0.19645513671132234,-0.39325012064856374,0.5855538784231047
939,0.1964551366683934,-0.393250120215644,0.5855538784231047
940,0.19645513666842737,-0.393250120215644,0.5855538784231047
941,0.19645513666835943,-0.393250120215644,0.5855538784231047
942,0.19645513671135628,-0.39325012064856374,0.5855538784231047
943,0.1964551366683934,-0.393250120215644,0.5855538784231956
944,0.1964551366683934,-0.393250120215644,0.5855538784231047
945,0.19645513666846132,-0.39325012021561284,0.5855538784231047
946,0.1964551367112544,-0.39325012064856374,0.5855538784231047
947,0.19645513666842737,-0.393250120215644,0.5855538784231047
948,0.19645513666835943,-0.393250120215644,0.5855538784231047
949,-0.0018377389723635148,-0.03138609835985586,-0.2516937119250221
950,-0.001837738929468548,-0.03138609835988701,-0.2516937119250221
951,-0.0018377389723974774,-0.03138609835988701,-0.25169371192511303
952,-0.0018377389723974774,-0.03138609835982471,-0.2516937119250221
953,-0.001837738972329552,-0.03138609835985586,-0.2516937119250221
954,-0.0018377389295025106,-0.03138609835988701,-0.2516937119250221
955,-0.0018377389723974774,-0.03138609879277558,-0.25169371192511303
956,-0.0018377389723635148,-0.03138609835985586,-0.2516937119250221
957,-0.001837738929468548,-0.03138609835988701,-0.2516937119250221
958,-0.0018377389723635148,-0.03138609835988701,-0.2516937119250221
959,-0.0018377389723974774,-0.03138609835985586,-0.25169371192511303
960,-0.0018377389723635148,-0.03138609835988701,-0.2516937119250221
961,-0.0018377389295025106,-0.03138609835982471,-0.2516937119250221
962,-0.001837738972329552,-0.03138609835988701,-0.2516937119250221
963,-0.0018377389724314403,-0.03138609835988701,-0.25169371192511303
964,-0.0018377389723635148,-0.03138609835985586,-0.2516937119250221
965,-0.001837738929468548,-0.03138609835988701,-0.2516937119250221
966,-0.0018377389723635148,-0.03138609835982471,-0.2516937119250221
967,-0.0018377389723974774,-0.03138609879280673,-0.25169371192511303
968,-0.001837738929434585,-0.03138609835988701,-0.2516937119250221
969,-0.0018377389723974774,-0.03138609835988701,-0.2516937119250221
970,-0.0018377389724314403,-0.03138609835985586,-0.2516937119250221
971,-0.0018377389723635148,-0.03138609835982471,-0.25169371192511303
972,-0.001837738929468548,-0.03138609835988701,-0.2516937119250221
973,-0.0018377389723635148,-0.03138609835988701,-0.2516937119250221
974,0.3676102906714088,0.058148401147806734,0.47971931747355057
975,0.3676102906284799,0.058148401580726455,0.47971931747355057
976,0.3676102906714088,0.058148401147775586,0.47971931747355057
977,0.3676102906714428,0.058148401580726455,0.4797193174736415
978,0.3676102906714088,0.05814840114783788,0.47971931747355057
979,0.3676102906284459,0.058148401580664165,0.47971931747355057
980,0.3676102906714428,0.05814840114783788,0.47971931747355057
981,0.3676102906714088,0.058148401147806734,0.47971931747355057
982,0.36761029067137485,0.058148401580695314,0.47971931747355057
983,0.36761029062851386,0.058148401147806734,0.4797193174736415
984,0.36761029067137485,0.058148401580726455,0.47971931747355057
985,0.3676102906714767,0.058148401147775586,0.47971931747355057
986,0.36761029067137485,0.05814840114783788,0.47971931747355057
987,0.3676102906284459,0.058148401580726455,0.47971931747355057
988,0.3676102906714428,0.058148401147775586,0.47971931747355057
989,0.3676102906714088,0.058148401580726455,0.4797193174736415
990,0.3676102906714428,0.058148401147775586,0.47971931747355057
991,0.36761029062851386,0.058148401580726455,0.47971931747355057
992,0.36761029067137485,0.058148401147806734,0.47971931747355057
993,-0.45217000397212587,0.5854926372580582,-0.18629009133012017
994,-0.4521700039292648,0.5854926372580582,-0.1862900913302111
995,-0.45217000397219376,0.5854926372580582,-0.18629009133012017
996,-0.4521700039721598,0.5854926372581205,-0.1862900913302111
997,-0.45217000397219376,0.5854926372580582,-0.18629009133012017
998,-0.4521700039292309,0.5854926372579958,-0.1862900913302111
999,-0.45217000397219376,0.5854926372581205,-0.18629009133012017
1000,-0.4521700039721598,0.5854926372580582,-0.1862900913302111
1001,-0.4521700039292648,0.585492637691009,-0.18629009133012017
1002,-0.45217000397212587,0.5854926372580582,-0.18629009133012017
1003,-0.4521700039721598,0.5854926372580582,-0.1862900913302111
1004,-0.45217000397222773,0.5854926372581205,-0.18629009133012017
1005,-0.45217000392919693,0.5854926372580582,-0.1862900913302111
1006,-0.45217000397212587,0.5854926372580582,-0.18629009133012017
1007,-0.45217000397222773,0.5854926372580582,-0.1862900913302111
1008,-0.45217000397212587,0.5854926372580893,-0.18629009133012017
1009,-0.4521700039292648,0.585492637258027,-0.1862900913302111
1010,-0.45217000397219376,0.5854926372580893,-0.18629009133012017
1011,-0.6018601051544643,0.7716665311803791,-0.5684036355666036
1012,-0.6018601051544983,0.77166653161333,-0.5684036355665126
1013,-0.6018601051974951,0.7716665311803791,-0.5684036355666036
1014,-0.6018601051544983,0.77166653161333,-0.5684036355665126
1015,-0.6018601051544303,0.7716665311803791,-0.5684036355666036
1016,-0.6018601051974611,0.7716665311803791,-0.5684036355666036
1017,-0.6018601051544643,0.7716665316133612,-0.5684036355665126
1018,-0.6018601051544983,0.771666531180348,-0.5684036355666036
1019,-0.6447851636796359,0.5199309212559063,-0.17693602659977598
1020,-0.6447851636796359,0.5199309216887327,-0.17693602659977598
1021,-0.6447851636796019,0.5199309212559063,-0.17693602659977598
1022,-0.6447851636796019,0.519930921688795,-0.17693602659977598
1023,-0.6447851637225648,0.5199309212558753,-0.17693602659977598
1024,-0.6447851636796359,0.5199309216887638,-0.17693602659977598
1025,-0.6447851636796699,0.5199309212558753,-0.17693602659977598
1026,-0.6447851636796359,0.5199309216887638,-0.17693602659977598
1027,-0.6447851636796359,0.5199309212558753,-0.17693602659977598
1028,-0.6447851636796019,0.5199309216887638,-0.17693602659968505
1029,-0.6447851636796019,0.5199309212558753,-0.17693602659977598
1030,-0.6447851636796359,0.519930921688795,-0.17693602659977598
1031,-0.6447851636796359,0.5199309212558441,-0.17693602659977598
1032,-0.6447851636796019,0.519930921688795,-0.17693602659977598
1033,-0.6447851637225648,0.5199309212558753,-0.17693602659977598
1034,-0.6447851636796019,0.5199309216887638,-0.17693602659977598
1035,-0.6447851636796359,0.5199309212559063,-0.17693602659977598
1036,-0.6447851636796359,0.519930921688795,-0.17693602659977598
1037,-0.6447851636796019,0.5199309212558753,-0.17693602659977598
1038,-0.4870753190199473,0.19283496967494393,-0.008562861452762171
1039,-0.5455805840047133,0.36600341455320645,-0.008562861452762171
1040,-0.5455805839619202,0.36600341498609507,-0.008562861452762171
1041,-0.5455805840047473,0.36600341455314417,-0.008562861452762171
1042,-0.5455805840047473,0.3660034149861262,-0.008562861452762171
1043,-0.5455805839619202,0.36600341455314417,-0.008562861452762171
1044,-0.5455805840047473,0.3660034149861262,-0.008562861452762171
1045,-0.5455805839618183,0.36600341455314417,-0.008562861452762171
1046,-0.5455805840048152,0.36600341455314417,-0.008562861452762171
1047,-0.5455805840047473,0.36600341498615735,-0.008562861452762171
1048,-0.5455805839618183,0.3660034145531753,-0.008562861452762171
1049,-0.5455805840048492,0.36600341498609507,-0.008562861452762171
1050,-0.5455805840046793,0.3660034145531753,-0.008562861452762171
1051,-0.5455805839618862,0.36600341455314417,-0.008562861452762171
1052,-0.5455805840048152,0.36600341498609507,-0.008562861452762171
1053,-0.5455805839618183,0.3660034145531753,-0.008562861452762171
1054,-0.5455805840047473,0.36600341498609507,-0.008562861452762171
1055,-0.5455805840047813,0.3660034145531753,-0.008562861452762171
1056,-0.5455805839618862,0.36600341498615735,-0.008562861452762171
1057,-0.5455805840047473,0.36600341455314417,-0.008562861452762171
1058,-1.027239018464251,0.4544740035903695,-0.9118353709473015
1059,-1.0272390184213223,0.4544740040233515,-0.9118353709473015
1060,-1.027239018464183,0.4544740035904318,-0.9118353709473015
1061,-1.0272390184213223,0.45447400402332033,-0.9118353709473015
1062,-1.027239018464217,0.45447400359040063,-0.9118353709473015
1063,-1.0272390184212883,0.45447400359040063,-0.9118353709473015
1064,-1.027239018464217,0.45447400402332033,-0.9118353709473015
1065,-1.0272390184213223,0.4544740035904318,-0.9118353709473015
1066,-1.027239018464251,0.4544740040233515,-0.9118353709473924
1067,-1.0272390184213223,0.4544740035904318,-0.9118353709473015
1068,-1.027239018464183,0.45447400402332033,-0.9118353709473015
1069,-1.0272390184212543,0.45447400359040063,-0.9118353709473015
1070,-1.027239018464217,0.45447400359040063,-0.9118353709473015
1071,-1.0272390184213562,0.45447400402332033,-0.9118353709473015
1072,-1.027239018464183,0.4544740035904318,-0.9118353709473015
1073,-1.0272390184213223,0.4544740040233515,-0.9118353709473015
1074,-1.027239018464251,0.4544740035904318,-0.9118353709473015
1075,-0.6803970640976826,0.6193424363891552,-0.008562861452762171
1076,-0.42737301540052886,0.5978378581227243,0.34898250688886606
1077,-0.4273730154434238,0.5978378581227554,0.34898250688877513
1078,-0.42737301540052886,0.5978378576898045,0.34898250688886606
1079,-0.42737301544338985,0.5978378581227554,0.34898250688877513
1080,-0.42737301540046096,0.5978378581227243,0.34898250688886606
1081,-0.4273730154434578,0.5978378581227554,0.34898250688886606
1082,-0.42737301540046096,0.5978378581227243,0.34898250688877513
1083,-0.4273730154434238,0.5978378581227554,0.34898250688886606
1084,-0.4273730154004949,0.5978378576898045,0.34898250688877513
1085,-0.4273730154434578,0.5978378581227554,0.34898250688886606
1086,-0.4273730154004949,0.5978378581227554,0.34898250688877513
1087,-0.42737301544338985,0.5978378581227243,0.34898250688886606
1088,-0.4273730154004949,0.5978378581227554,0.34898250688886606
1089,-0.42737301544335593,0.5978378581227243,0.34898250688877513
1090,-0.42737301540052886,0.5978378576898357,0.34898250688886606
1091,-0.4273730154434238,0.5978378581227243,0.34898250688877513
1092,-0.42737301540052886,0.5978378581227243,0.34898250688886606
1093,-0.1970927014460185,0.6079181288469302,-0.008562861452762171
1094,-0.19709270148898142,0.60791812927985,-0.008562861452762171
1095,-0.19709270144608645,0.6079181292798188,-0.008562861452762171
1096,-0.1970927014460185,0.6079181288468991,-0.008562861452762171
1097,-0.19709270148898142,0.6079181288468991,-0.008562861452762171
1098,-0.1970927014461204,0.6079181292798811,-0.008562861452762171
1099,-0.1970927014460185,0.6079181292798188,-0.008562861452762171
1100,-0.19709270148898142,0.6079181288468991,-0.008562861452762171
1101,-0.19709270144608645,0.6079181288469302,-0.008562861452762171
1102,-0.1970927014460185,0.6079181292798188,-0.008562861452762171
1103,-0.19709270144605248,0.6079181292798188,-0.008562861452762171
1104,-0.19709270148898142,0.6079181288469302,-0.008562861452762171
1105,-0.19709270144608645,0.6079181288469302,-0.008562861452762171
1106,-0.19709270144605248,0.6079181292798188,-0.008562861452762171
1107,-0.19709270148901537,0.60791812927985,-0.008562861452762171
1108,-0.1970927014460185,0.6079181288468991,-0.008562861452762171
1109,0.20681165873535434,0.014398172610343166,-0.99114054663207
1110,0.20681165873528642,0.014398172177392296,-0.9911405466321609
1111,0.20681165873535434,0.014398172610343166,-0.99114054663207
1112,0.20681165873538832,0.014398172610343166,-0.99114054663207
1113,0.20681165873528642,0.014398172610343166,-0.99114054663207
1114,0.2068116587353204,0.014398172177423443,-0.9911405466321609
1115,0.20681165869242543,0.014398172610343166,-0.99114054663207
1116,0.20681165873535434,0.014398172610312019,-0.99114054663207
1117,0.20681165873538832,0.014398172177423443,-0.9911405466321609
1118,0.20681165873528642,0.014398172610343166,-0.99114054663207
1119,0.2068116587353204,0.014398172610374314,-0.99114054663207
1120,0.20681165873535434,0.014398172610280872,-0.99114054663207
1121,0.2068116587353204,0.014398172177454592,-0.9911405466321609
1122,0.20681165873535434,0.014398172610312019,-0.99114054663207
1123,0.49225194209184747,-0.3394976576537588,-0.09274944402622361
1124,0.4922519420489525,-0.3394976576537588,-0.09274944402631453
1125,0.49225194209188144,-0.3394976576537588,-0.09274944402622361
1126,0.4922519420489865,-0.3394976576537588,-0.09274944402631453
1127,0.49225194209188144,-0.3394976576537899,-0.09274944402622361
1128,0.49225194204891853,-0.3394976576537588,-0.09274944402631453
1129,0.4922519420919154,-0.3394976576537588,-0.09274944402622361
1130,0.49225194209184747,-0.3394976576537588,-0.09274944402631453
1131,0.4922519420489865,-0.3394976576537588,-0.09274944402622361
1132,0.4922519420919154,-0.339497657220839,-0.09274944402631453
1133,0.49225194204891853,-0.3394976576537588,-0.09274944402622361
1134,0.49225194209184747,-0.3394976576537588,-0.09274944402631453
1135,0.4922519420919154,-0.3394976576537899,-0.09274944402622361
1136,0.4922519420489865,-0.33949765765369644,-0.09274944402631453
1137,0.49225194209184747,-0.3394976576537899,-0.09274944402622361
1138,0.4922519420489525,-0.3394976576537588,-0.09274944402631453
1139,0.4922519420919154,-0.3394976576537588,-0.09274944402622361
1140,0.4922519420489865,-0.3394976576537588,-0.09274944402631453
1141,0.49225194209184747,-0.3394976576537588,-0.09274944402622361
1142,0.5496125387818735,-0.2702302794427829,0.5992642647279331
1143,0.5496125388247686,-0.2702302798756403,0.5992642647279331
1144,0.5496125387819415,-0.27023027944275174,0.5992642647279331
1145,0.5496125387818735,-0.2702302798756403,0.5992642647279331
1146,0.5496125388247686,-0.2702302794427206,0.5992642647279331
1147,0.5496125387818735,-0.27023027987570264,0.5992642647280241
1148,0.5496125387819415,-0.2702302794427206,0.5992642647279331
1149,0.5496125388248364,-0.27023027987567144,0.5992642647279331
1150,0.5496125387818735,-0.2702302794427206,0.5992642647279331
1151,0.5496125387818735,-0.27023027944275174,0.5992642647279331
1152,0.5496125388248364,-0.27023027987567144,0.5992642647279331
1153,0.5496125387819075,-0.27023027944268946,0.5992642647279331
1154,0.5496125388248024,-0.27023027987570264,0.5992642647279331
1155,0.5496125387818735,-0.2702302794427206,0.5992642647279331
1156,0.5496125387818735,-0.27023027987567144,0.5992642647280241
1157,0.5496125388247686,-0.2702302794427206,0.5992642647279331
1158,0.5496125387819415,-0.27023027987567144,0.5992642647279331
1159,0.5496125387818735,-0.2702302794427206,0.5992642647279331
1160,0.5496125388248364,-0.27023027987567144,0.5992642647279331
1161,0.5496125387818735,-0.2702302794427206,0.5992642647279331
1162,0.6245247150059519,-0.26253390408594895,0.3281834688412654
1163,0.6245247150060537,-0.262533904518931,0.3281834688412654
1164,0.6245247150059519,-0.2625339040859178,0.3281834688412654
1165,0.6245247150059858,-0.26253390451889985,0.3281834688412654
1166,0.6245247150059858,-0.2625339040859178,0.3281834688411745
1167,0.6245247150060198,-0.26253390451889985,0.3281834688412654
1168,0.6245247150059858,-0.26253390408594895,0.3281834688412654
1169,0.6245247150059519,-0.262533904518931,0.3281834688412654
1170,0.6245247150059858,-0.2625339040859178,0.3281834688412654
1171,0.6245247149630568,-0.26253390451889985,0.3281834688412654
1172,0.6245247150060198,-0.2625339040859178,0.3281834688412654
1173,0.6245247150059858,-0.26253390451889985,0.3281834688412654
1174,0.6245247150060198,-0.26253390408594895,0.3281834688412654
1175,0.6245247150059858,-0.262533904518931,0.3281834688412654
1176,0.6245247150059179,-0.2625339040859178,0.3281834688411745
1177,0.6245247150060876,-0.26253390451889985,0.3281834688412654
1178,0.6245247150059179,-0.2625339040859178,0.3281834688412654
1179,0.6245247150060198,-0.26253390451889985,0.3281834688412654
1180,0.6245247150059858,-0.26253390408594895,0.3281834688412654
1181,0.7453508056581611,0.14713774123759854,0.3113461523265368
1182,0.745350805658229,0.14713774080470998,0.3113461523265368
1183,0.745350805701056,0.14713774123766085,0.3113461523266277
1184,0.7453508056581611,0.14713774123762968,0.3113461523265368
1185,0.2560051384889066,0.4403616245765496,0.9711584932464148
1186,0.25600513853180157,0.44036162414366103,0.9711584932464148
1187,0.25600513848897455,0.44036162414366103,0.9711584932463239
1188,0.2560051384889406,0.44036162457658073,0.9711584932464148
1189,0.2560051384889066,0.4403616245765496,0.9711584932464148
1190,0.2560051384889406,0.44036162414366103,0.9711584932464148
1191,0.25600513853176765,0.4403616241436299,0.9711584932464148
1192,0.2560051384889406,0.44036162457658073,0.9711584932464148
1193,0.2560051384889066,0.44036162457658073,0.9711584932463239
1194,0.2560051385318695,0.4403616241436299,0.9711584932464148
1195,0.2560051384889066,0.44036162414366103,0.9711584932464148
1196,0.2560051384889406,0.44036162457658073,0.9711584932464148
1197,0.2560051384888387,0.44036162457658073,0.9711584932464148
1198,0.2560051384889406,0.4403616241436299,0.9711584932463239
1199,0.25600513853183554,0.4403616241436299,0.9711584932464148
1200,0.2560051384889406,0.44036162457658073,0.9711584932464148
1201,-0.2039970494906818,0.3930323518953767,0.8597616045196727
1202,-0.2039970494906818,0.3930323518953456,0.8597616045196727
1203,-0.20399704949071576,0.3930323518953767,0.8597616045196727
1204,-0.20399704953361072,0.3930323523282964,0.8597616045195817
1205,-0.2039970494906818,0.3930323518953456,0.8597616045196727
1206,-0.2039970494906818,0.3930323518953767,0.8597616045196727
1207,-0.2039970494906818,0.39303235189540786,0.8597616045196727
1208,-0.12459704706335346,0.6091874967363944,0.6668006120813437
1209,-0.12459704706328555,0.6091874963035059,0.6668006120813437
1210,-0.12459704706335346,0.6091874963035059,0.6668006120813437
1211,-0.12459704706335346,0.6091874967364256,0.6668006120813437
1212,-0.12459704710631636,0.6091874967364256,0.6668006120814346
1213,-0.12459704706328555,0.6091874963035059,0.6668006120813437
1214,-0.12459704706328555,0.609187496303537,0.6668006120813437
1215,-0.12459704706338742,0.6091874967363944,0.6668006120813437
1216,-0.12459704706328555,0.6091874967364567,0.6668006120813437
1217,-0.12459704706335346,0.6091874963035059,0.6668006120813437
1218,-0.12459704706335346,0.6091874967363944,0.6668006120813437
1219,-0.12459704706328555,0.6091874963035059,0.6668006120813437
1220,-0.12459704706338742,0.6091874967364567,0.6668006120813437
1221,-0.12459704710621447,0.6091874963035059,0.6668006120814346
1222,-0.12459704706335346,0.6091874963034747,0.6668006120813437
1223,-0.12459704706335346,0.6091874967364567,0.6668006120813437
1224,-0.1245970470633195,0.6091874967364256,0.6668006120813437
1225,-0.1245970470633195,0.6091874963034747,0.6668006120813437
1226,0.033187612508355974,0.6300947253059731,0.5371642797001489
1227,0.033187612465494974,0.6300947253059107,0.5371642797002398
1228,0.033187612508322015,0.6300947253059107,0.5371642797001489
1229,0.033187612508355974,0.6300947253059731,0.5371642797002398
1230,0.033187612508457864,0.630094724872991,0.5371642797001489
1231,0.03318761246542704,0.6300947253059107,0.5371642797002398
1232,0.03318761250828805,0.6300947253059731,0.5371642797001489
1233,0.03318761250838994,0.6300947253059107,0.5371642797002398
1234,0.03318761246542704,0.6300947253059419,0.5371642797001489
1235,0.0331876125084239,0.6300947253059107,0.5371642797002398
1236,0.033187612508322015,0.6300947253059419,0.5371642797001489
1237,0.033187612465494974,0.6300947253059419,0.5371642797002398
1238,0.033187612508355974,0.630094724872991,0.5371642797001489
1239,0.03318761250838994,0.6300947253059419,0.5371642797002398
1240,0.033187612508355974,0.6300947253059107,0.5371642797001489
1241,0.03318761246546101,0.6300947253059419,0.5371642797002398
1242,0.033187612508355974,0.6300947253059731,0.5371642797001489
1243,0.3184319520090002,0.6294973760418847,0.41798249025296974
1244,0.3184319520090002,0.6294973756089961,0.41798249025306067
1245,0.3184319520090002,0.629497376041947,0.41798249025296974
1246,0.31843195200896623,0.629497375608965,0.41798249025296974
1247,0.31843195200906815,0.629497376041947,0.41798249025296974
1248,0.31843195200893226,0.629497376041947,0.41798249025306067
1249,0.3184319520090342,0.629497375608965,0.41798249025296974
1250,0.3184319520090002,0.629497376041947,0.41798249025296974
1251,0.3184319519660373,0.6294973756089961,0.41798249025306067
1252,0.3184319520090342,0.6294973760418847,0.41798249025296974
1253,0.31843195200893226,0.629497376041947,0.41798249025296974
1254,0.31843195200910207,0.6294973756090273,0.41798249025296974
1255,0.31843195200896623,0.6294973760419159,0.41798249025306067
1256,0.3184319520090342,0.6294973760419159,0.41798249025296974
1257,0.31843195200893226,0.6294973756089961,0.41798249025296974
1258,0.31843195200906815,0.629497376041947,0.41798249025296974
1259,0.31843195200893226,0.6294973756089961,0.41798249025306067
1260,0.3184319520090342,0.6294973760419159,0.41798249025296974
1261,0.42429862192644824,0.5279479790815447,0.21994357696107475
1262,0.4242986218835193,0.5279479790815135,0.21994357696098382
1263,0.42429862192644824,0.5279479790815135,0.21994357696107475
1264,0.4242986219264822,0.5279479790815135,0.21994357696098382
1265,0.42429862192638035,0.5279479790815135,0.21994357696107475
1266,0.4242986218835193,0.5279479790815447,0.21994357696098382
1267,0.4242986219264822,0.5279479790815135,0.21994357696107475
1268,0.42429862192644824,0.5279479790815447,0.21994357696107475
1269,0.4242986218835193,0.5279479790814824,0.21994357696098382
1270,0.4242986219264822,0.5279479790815447,0.21994357696107475
1271,0.42429862192638035,0.5279479790815135,0.21994357696098382
1272,0.42429862192644824,0.5279479790815447,0.21994357696107475
1273,0.4242986218835533,0.5279479790815135,0.21994357696098382
1274,0.42429862192644824,0.5279479790815135,0.21994357696107475
1275,0.5842493514695704,-0.09488832120771709,0.5779369971426647
1276,0.5842493514266754,-0.09488832120774825,0.5779369971426647
1277,0.5842493514695364,-0.09488832120774825,0.5779369971426647
1278,0.5842493514266415,-0.09488832120771709,0.5779369971425737
1279,0.5842493514696043,-0.09488832120771709,0.5779369971426647
1280,0.5842493514695025,-0.09488832120774825,0.5779369971426647
1281,0.5842493514266754,-0.09488832120771709,0.5779369971426647
1282,0.5842493514695364,-0.09488832120774825,0.5779369971426647
1283,0.5842493514266754,-0.09488832077479738,0.5779369971425737
1284,0.5842493514695364,-0.09488832120774825,0.5779369971426647
1285,0.5842493514695364,-0.09488832120771709,0.5779369971426647
1286,0.5842493514267434,-0.09488832120774825,0.5779369971426647
1287,0.5842493514695025,-0.09488832120771709,0.5779369971426647
1288,0.5842493514695704,-0.09488832120771709,0.5779369971426647
1289,0.5842493514266415,-0.09488832120774825,0.5779369971426647
1290,0.5842493514695704,-0.09488832120774825,0.5779369971425737
1291,0.5842493514266415,-0.09488832120771709,0.5779369971426647
1292,0.5842493514695704,-0.09488832120774825,0.5779369971426647
1293,0.49564355162078366,-0.37245667243771086,0.8445278419587926
1294,0.4956435516636787,-0.3724566724376797,0.8445278419587017
1295,0.49564355162074974,-0.37245667243771086,0.8445278419587926
1296,0.4956435516636787,-0.372456672437742,0.8445278419587017
1297,0.49564355162081764,-0.37245667200475996,0.8445278419587926
1298,0.49564355162074974,-0.372456672437742,0.8445278419587017
1299,0.4956435516636787,-0.37245667243771086,0.8445278419587926
1300,0.49564355162071577,-0.3724566724376797,0.8445278419587017
1301,0.49564355162081764,-0.372456672437742,0.8445278419587926
1302,0.4956435516636447,-0.37245667243771086,0.8445278419587926
1303,0.49564355162081764,-0.37245667243771086,0.8445278419587017
1304,0.4956435516636787,-0.37245667243771086,0.8445278419587926
1305,0.49564355162074974,-0.372456672437742,0.8445278419587017
1306,0.49564355162074974,-0.3724566720047288,0.8445278419587926
1307,0.4956435516637126,-0.372456672437742,0.8445278419587017
1308,0.49564355162074974,-0.37245667243771086,0.8445278419587926
1309,0.4956435516636447,-0.3724566724376797,0.8445278419587017
1310,0.49564355162078366,-0.372456672437742,0.8445278419587926
1311,0.5181977552303707,-0.4073219651877388,0.6152597154168844
1312,0.5181977552303367,-0.4073219651877699,0.6152597154169753
1313,0.5181977552303367,-0.4073219656206897,0.6152597154168844
1314,0.5181977552303707,-0.4073219651877388,0.6152597154168844
1315,0.5181977551873739,-0.4073219651877699,0.6152597154168844
1316,0.5181977552304047,-0.4073219651877699,0.6152597154168844
1317,0.5181977552303028,-0.4073219651877388,0.6152597154169753
1318,0.5181977552303707,-0.4073219656206897,0.6152597154168844
1319,0.5181977552303028,-0.4073219651877699,0.6152597154168844
1320,0.5181977552304047,-0.4073219651877388,0.6152597154169753
1321,0.5181977552303028,-0.4073219651877388,0.6152597154168844
1322,0.5181977552303707,-0.4073219651877699,0.6152597154168844
1323,0.5181977552303367,-0.4073219656206897,0.6152597154168844
1324,0.5181977552303707,-0.4073219651877388,0.6152597154168844
1325,0.5181977552303367,-0.4073219651877699,0.6152597154169753
1326,0.5181977551874418,-0.4073219651877699,0.6152597154168844
1327,0.5181977552303028,-0.4073219651877388,0.6152597154168844
1328,0.5181977552304047,-0.4073219656206897,0.6152597154169753
1329,0.5181977552303028,-0.4073219651877699,0.6152597154168844
1330,0.5181977552303707,-0.40732196518770764,0.6152597154168844
1331,0.6785410849289517,-0.17991105158958753,-0.19674463426413588
1332,0.6785410849718806,-0.17991105115663666,-0.19674463426413588
1333,0.6785410849289517,-0.17991105158958753,-0.19674463426413588
1334,0.6785410849289517,-0.1799110515895564,-0.19674463426413588
1335,0.6785410849718806,-0.1799110511566055,-0.19674463426404495
1336,0.6785410849289517,-0.1799110515895564,-0.19674463426413588
1337,0.6785410849289857,-0.1799110515895564,-0.19674463426413588
1338,0.6785410849718806,-0.17991105115663666,-0.19674463426413588
1339,0.6785410849289517,-0.17991105158958753,-0.19674463426413588
1340,0.6785410849719146,-0.17991105115663666,-0.19674463426413588
1341,0.6785410849289517,-0.1799110515895564,-0.19674463426413588
1342,0.6785410849289517,-0.17991105158952522,-0.19674463426413588
1343,0.6785410849718806,-0.17991105115663666,-0.19674463426404495
1344,0.6785410849289517,-0.1799110515895564,-0.19674463426413588
1345,0.6785410849289857,-0.17991105158958753,-0.19674463426413588
1346,0.6785410849718466,-0.17991105115663666,-0.19674463426413588
1347,0.6785410849290197,-0.1799110515895564,-0.19674463426413588
1348,0.6567450058522354,-0.1524329793842929,0.7912096729955307
1349,0.6567450058523033,-0.15243297938426176,0.7912096729955307
1350,0.6567450058523373,-0.15243297938426176,0.7912096729955307
1351,0.6567450058093404,-0.1524329793842929,0.7912096729955307
1352,0.6567450058523033,-0.1524329793842929,0.7912096729955307
1353,0.6567450058523373,-0.1524329793842929,0.7912096729955307
1354,0.26346792646276446,-0.1691587622398499,0.5183461024190297
1355,0.2634679264627984,-0.16915876267283192,0.5183461024190297
1356,0.2634679264198695,-0.1691587622398499,0.5183461024191206
1357,0.26346792646283235,-0.16915876223988105,0.5183461024190297
1358,0.26346792646276446,-0.16915876223988105,0.5183461024190297
1359,0.2634679264627984,-0.16915876267280078,0.5183461024190297
1360,0.2634679264199034,-0.16915876223988105,0.5183461024191206
1361,0.2634679264627984,-0.16915876223988105,0.5183461024190297
1362,0.2634679264627984,-0.16915876267280078,0.5183461024190297
1363,0.2634679264627984,-0.16915876223988105,0.5183461024190297
1364,0.2634679264199034,-0.16915876223988105,0.5183461024191206
1365,0.2634679264627984,-0.16915876267280078,0.5183461024190297
1366,0.26346792646276446,-0.16915876223988105,0.5183461024190297
1367,0.26346792646283235,-0.16915876223988105,0.5183461024190297
1368,0.2634679264198695,-0.16915876223988105,0.5183461024191206
1369,0.2634679264627984,-0.16915876267280078,0.5183461024190297
1370,0.26346792646276446,-0.16915876223988105,0.5183461024190297
1371,0.5175073204001742,-0.13792592261380052,0.21994357696107475
1372,0.5175073204430353,-0.1379259226138317,0.21994357696098382
1373,0.5175073204430353,-0.13792592261376938,0.21994357696107475
1374,0.5175073204001742,-0.1379259230467514,0.21994357696098382
1375,0.5175073204001402,-0.13792592261376938,0.21994357696107475
1376,0.5175073204430353,-0.1379259226138317,0.21994357696098382
1377,0.5175073204430353,-0.13792592261380052,0.21994357696107475
1378,0.5175073204001402,-0.13792592261380052,0.21994357696107475
1379,0.5175073204430353,-0.13792592261380052,0.21994357696098382
1380,0.5175073204001742,-0.13792592261380052,0.21994357696107475
1381,0.5175073204430691,-0.13792592304672024,0.21994357696098382
1382,0.5175073204000723,-0.1379259226138317,0.21994357696107475
1383,0.5175073204001402,-0.13792592261376938,0.21994357696098382
1384,0.5175073204430691,-0.13792592261380052,0.21994357696107475
1385,0.715144282984419,-0.2450968041485725,0.19138027215931105
1386,0.71514428302728,-0.2450968037155593,0.19138027215931105
1387,0.715144282984419,-0.24509680371559045,0.19138027215931105
1388,0.715144282984419,-0.24509680414854132,0.19138027215931105
1389,0.71514428302728,-0.24509680414851018,0.19138027215931105
1390,0.715144282984419,-0.24509680371562162,0.19138027215931105
1391,0.715144282984385,-0.24509680371562162,0.19138027215931105
1392,0.715144282984419,-0.24509680414851018,0.19138027215931105
1393,0.7151442830273139,-0.24509680414851018,0.19138027215931105
1394,0.715144282984385,-0.24509680371559045,0.19138027215931105
1395,0.715144282984419,-0.24509680371562162,0.19138027215931105
1396,0.7151442830273139,-0.24509680414854132,0.19138027215931105
1397,0.715144282984453,-0.24509680414847904,0.19138027215931105
1398,0.7151442829843511,-0.24509680371562162,0.19138027215931105
1399,0.7151442830273479,-0.24509680371562162,0.19138027215931105
1400,0.7151442829843511,-0.24509680414851018,0.19138027215931105
1401,0.57050834508302,-0.3483635804053245,0.4430733932945529
1402,0.5705083450401249,-0.34836357997234246,0.443073393294462
1403,0.5705083450830539,-0.34836358040529336,0.4430733932945529
1404,0.570508345040091,-0.3483635799723736,0.443073393294462
1405,0.570508345082986,-0.34836358040529336,0.4430733932945529
1406,0.570508345040091,-0.3483635799723736,0.443073393294462
1407,0.5705083450830539,-0.34836358040529336,0.4430733932945529
1408,0.5705083450400571,-0.3483635799723736,0.443073393294462
1409,0.57050834508302,-0.3483635804053245,0.4430733932945529
1410,0.570508345040091,-0.3483635799723736,0.443073393294462
1411,0.57050834508302,-0.34836358040529336,0.4430733932945529
1412,0.570508345040091,-0.3483635799723736,0.443073393294462
1413,0.57050834508302,-0.34836358040529336,0.4430733932945529
1414,0.5705083450401249,-0.34836357997234246,0.443073393294462
1415,0.570508345082986,-0.34836358040529336,0.4430733932945529
1416,0.5705083450401249,-0.34836357997234246,0.443073393294462
1417,0.570508345082986,-0.3483635804053245,0.4430733932945529
1418,0.6889652966986208,-0.20523866575176672,0.5032915605941344
1419,0.688965296655658,-0.20523866575173558,0.5032915605941344
1420,0.6889652966986548,-0.20523866575170444,0.5032915605941344
1421,0.6889652966985869,-0.20523866531881585,0.5032915605942253
1422,0.6889652966985869,-0.20523866575173558,0.5032915605941344
1423,0.688965296655658,-0.20523866575173558,0.5032915605941344
1424,0.6889652966986208,-0.20523866575173558,0.5032915605941344
1425,0.6889652966986208,-0.20523866575173558,0.5032915605941344
1426,0.6889652966985529,-0.20523866575173558,0.5032915605941344
1427,0.688965296655692,-0.20523866575176672,0.5032915605941344
1428,0.6889652966986548,-0.20523866575173558,0.5032915605941344
1429,0.6889652966985869,-0.2052386653187847,0.5032915605942253
1430,0.6889652966985529,-0.20523866575176672,0.5032915605941344
1431,0.6889652966557258,-0.20523866575173558,0.5032915605941344
1432,0.6889652966985869,-0.20523866575170444,0.5032915605941344
1433,0.9145073325798466,0.07097569384203328,0.39132340577138425
1434,0.9145073325798126,0.07097569340911355,0.39132340577138425
1435,0.9145073325798466,0.07097569340908241,0.39132340577138425
1436,0.9145073325797787,0.07097569384200214,0.39132340577138425
1437,0.5547140848676178,0.04051087445086254,0.3291188753142908
1438,0.5547140848247228,0.04051087445083139,0.3291188753142908
1439,0.5547140848675839,0.04051087488381341,0.3291188753142908
1440,0.5547140848246889,0.04051087445083139,0.3291188753142908
1441,0.5547140848675839,0.04051087445086254,0.3291188753142908
1442,0.5547140848246889,0.04051087445086254,0.3291188753142908
1443,0.5547140848676517,0.04051087445086254,0.3291188753142908
1444,0.5547140848246549,0.04051087445083139,0.3291188753142908
1445,0.5547140848676009,0.04051087445086254,0.32911887531438166
1446,0.5547140848676009,0.04051087488378226,0.3291188753142908
1447,0.5547140848246719,0.04051087445083139,0.3291188753142908
1448,0.5547140848676517,0.040510874450893686,0.3291188753142908
1449,0.5547140848246719,0.04051087445083139,0.3291188753142908
1450,0.5547140848676009,0.04051087445086254,0.3291188753142908
1451,0.5547140848246719,0.04051087488378226,0.3291188753142908
1452,0.5547140848676009,0.04051087445086254,0.3291188753142908
1453,0.5547140848246719,0.04051087445086254,0.3291188753142908
1454,0.5547140848676178,0.04051087445086254,0.3291188753142908
1455,0.12188817788087779,-0.3189739900357115,0.8871823771293295
1456,0.12188817783791489,-0.3189739900356803,0.8871823771293295
1457,0.12188817788089476,-0.3189739904686312,0.8871823771292385
1458,0.12188817783794885,-0.31897399003564914,0.8871823771293295
1459,0.12188817788087779,-0.3189739900356803,0.8871823771293295
1460,0.038518175297761775,-0.5840179154919181,0.19138027215931105
1461,0.03851817534075863,-0.5840179159248067,0.19138027215931105
1462,0.038518175340724665,-0.5840179154919491,0.19138027215931105
1463,0.0385181752978297,-0.5840179159248067,0.19138027215931105
1464,0.03851817529779574,-0.5840179154918869,0.19138027215931105
1465,0.03851817534074165,-0.584017915924869,0.19138027215931105
1466,0.038518175340724665,-0.5840179154918869,0.19138027215931105
1467,0.03851817529779574,-0.584017915924869,0.19138027215931105
1468,0.03851817529781272,-0.5840179154918558,0.19138027215931105
1469,0.038518175340707686,-0.5840179154919181,0.19138027215931105
1470,0.03851817534075863,-0.5840179159248378,0.19138027215931105
1471,0.038518175297778755,-0.5840179154919181,0.19138027215931105
1472,0.03851817529781272,-0.5840179159248067,0.19138027215931105
1473,0.038518175340724665,-0.5840179154919491,0.19138027215931105
1474,0.03851817534075863,-0.5840179159248067,0.19138027215931105
1475,0.03851817529779574,-0.5840179154919491,0.19138027215931105
1476,0.07355774161141848,-0.6358081082403986,-0.008562861452762171
1477,0.0735577416114015,-0.6358081078075412,-0.008562861452762171
1478,0.07355774161138452,-0.6358081082403986,-0.008562861452762171
1479,0.0735577416114015,-0.6358081078074789,-0.008562861452762171
1480,0.07355774161141848,-0.6358081082404298,-0.008562861452762171
1481,0.5943181923322268,-0.5687855060127925,0.35133477904900595
1482,0.5943181923322098,-0.5687855064457122,0.3513347790489151
1483,0.5943181923321929,-0.5687855060128236,0.35133477904900595
1484,0.5943181923751217,-0.5687855064456812,0.3513347790489151
1485,0.5943181923322268,-0.5687855060127925,0.35133477904900595
1486,0.5943181923322098,-0.5687855060127925,0.35133477904900595
1487,0.5943181923322268,-0.5687855064457122,0.3513347790489151
1488,0.5943181923322268,-0.5687855060127613,0.35133477904900595
1489,0.7567974879200732,-0.028435821291308967,0.4123700514147269
1490,0.7567974879630361,-0.028435820858358097,0.4123700514148178
1491,0.7567974879200902,-0.028435821291340112,0.4123700514147269
1492,0.7567974879201071,-0.028435821291215524,0.4123700514147269
1493,0.7567974879630022,-0.028435821291340112,0.4123700514148178
1494,0.7567974879201071,-0.028435820858389242,0.4123700514147269
1495,0.7567974879200902,-0.028435821291215524,0.4123700514148178
1496,0.7567974879630531,-0.028435821291340112,0.4123700514147269
1497,0.7567974879200902,-0.028435821291277818,0.4123700514147269
1498,0.7567974879200732,-0.028435820858358097,0.4123700514148178
1499,0.7567974879200902,-0.028435821291308967,0.4123700514147269
1500,0.7567974879630361,-0.028435821291277818,0.4123700514147269
1501,0.7567974879201071,-0.028435821291308967,0.4123700514148178
1502,0.7567974879200902,-0.028435820858389242,0.4123700514147269
1503,0.7567974879630192,-0.02843582129124667,0.4123700514148178
1504,0.7567974879200902,-0.028435821291308967,0.4123700514147269
1505,0.7567974879201071,-0.028435821291277818,0.4123700514147269
1506,0.7567974879630361,-0.028435820858389242,0.4123700514148178
1507,0.7567974879200902,-0.028435821291277818,0.4123700514147269
1508,0.403010215469843,0.11159545245301389,-0.7816763114194695
1509,0.40301021546980903,0.11159545202006302,-0.7816763114193785
1510,0.403010215469826,0.11159545245301389,-0.7816763114194695
1511,0.40301021546980903,0.1115954520201253,-0.7816763114194695
1512,0.403010215469826,0.11159545245301389,-0.7816763114194695
1513,0.403010215469826,0.11159545202009416,-0.7816763114194695
1514,0.40301021542691406,0.11159545245301389,-0.7816763114193785
1515,0.40301021546980903,0.11159545245301389,-0.7816763114194695
1516,0.403010215469826,0.11159545202006302,-0.7816763114194695
1517,0.40301021546980903,0.11159545245301389,-0.7816763114193785
1518,0.403010215469843,0.11159545202006302,-0.7816763114194695
1519,0.40301021546979204,0.11159545245301389,-0.7816763114194695
1520,-0.10284835074849621,-0.06916247405856807,0.05541894130313399
1521,-0.10284835074853017,-0.06916247405856807,0.05541894130304307
1522,-0.10284835074849621,-0.06916247405856807,0.05541894130313399
1523,-0.10284835074849621,-0.06916247405856807,0.05541894130313399
1524,-0.10284835074853017,-0.06916247362564834,0.05541894130304307
1525,-0.10284835074849621,-0.06916247405856807,0.05541894130313399
1526,-0.10284835074853017,-0.06916247405856807,0.05541894130313399
1527,-0.10284835074849621,-0.06916247405856807,0.05541894130304307
1528,-0.10284835074853017,-0.06916247405856807,0.05541894130313399
1529,-0.10284835074849621,-0.06916247405863037,0.05541894130304307
1530,-0.10284835074853017,-0.06916247405856807,0.05541894130313399
1531,-0.10284835074849621,-0.06916247405856807,0.05541894130313399
1532,-0.10284835074853017,-0.06916247405856807,0.05541894130304307
1533,-0.10284835074849621,-0.06916247405856807,0.05541894130313399
1534,-0.10284835074853017,-0.06916247405856807,0.05541894130313399
1535,-0.10284835074849621,-0.0691624736256795,0.05541894130304307
1536,-0.10284835074856413,-0.06916247405856807,0.05541894130313399
1537,-0.10284835074849621,-0.06916247405856807,0.05541894130313399
1538,-0.10284835074849621,-0.06916247405856807,0.05541894130304307
1539,-0.10284835074851319,-0.06916247405859921,0.05541894130313399
1540,-0.06631622685732443,-0.7426141795033672,-0.3661082297943904
1541,-0.06631622690023638,-0.742614179503336,-0.36610822979429947
1542,-0.06631622685729047,-0.7426141795033983,-0.3661082297943904
1543,-0.06631622685729047,-0.742614179503336,-0.36610822979429947
1544,-0.06631622685730744,-0.742614179503336,-0.3661082297943904
1545,-0.06631622690025335,-0.7426141795033983,-0.3661082297943904
1546,-0.06631622685727348,-0.7426141795033983,-0.36610822979429947
1547,-0.06631622685732443,-0.742614179503336,-0.3661082297943904
1548,-0.06631622690025335,-0.7426141790703852,-0.36610822979429947
1549,-0.06631622685727348,-0.7426141795033983,-0.3661082297943904
1550,-0.06631622685727348,-0.7426141795033983,-0.36610822979429947
1551,-0.06631622690025335,-0.742614179503336,-0.3661082297943904
1552,-0.06631622685732443,-0.7426141795033672,-0.3661082297943904
1553,-0.06631622685727348,-0.742614179503336,-0.36610822979429947
1554,-0.06631622685732443,-0.7426141795033983,-0.3661082297943904
1555,-0.06631622690025335,-0.742614179503336,-0.36610822979429947
1556,-0.06631622685727348,-0.742614179503336,-0.3661082297943904
1557,0.16193339648815877,-0.7559265373129189,-0.45034197571946505
1558,0.1619333964882097,-0.7559265373129189,-0.4503419757193741
1559,0.16193339648819272,-0.7559265377458386,-0.45034197571946505
1560,0.16193339648819272,-0.7559265373128877,-0.45034197571946505
1561,0.16193339648817576,-0.7559265373128566,-0.4503419757193741
1562,0.1619333964882267,-0.7559265373129189,-0.45034197571946505
1563,0.16193339648817576,-0.7559265373128877,-0.45034197571946505
1564,0.16193339648819272,-0.7559265377458075,-0.4503419757193741
1565,0.16193339648819272,-0.75592653731295,-0.45034197571946505
1566,0.16193339648817576,-0.7559265373128566,-0.45034197571946505
1567,0.16193339653112165,-0.7559265373129189,-0.4503419757193741
1568,0.16193339648819272,-0.7559265373128877,-0.45034197571946505
1569,0.16193339648817576,-0.7559265373129189,-0.45034197571946505
1570,0.16193339648819272,-0.7559265377458386,-0.4503419757193741
1571,0.1619333964882097,-0.7559265373128566,-0.45034197571946505
1572,0.16193339648819272,-0.7559265373129189,-0.45034197571946505
1573,0.16193339648819272,-0.7559265373128877,-0.4503419757193741
1574,0.16193339648817576,-0.7559265373129189,-0.45034197571946505
1575,0.1619333964882267,-0.7559265377457763,-0.45034197571946505
1576,0.16193339648815877,-0.7559265373129189,-0.4503419757193741
1577,0.1619333964882097,-0.7559265373129189,-0.45034197571946505
1578,0.3103768793188683,-0.6388545899630621,-0.47243093143280473
1579,0.31037687927595636,-0.6388545899630932,-0.4724309314327138
1580,0.31037687927595636,-0.6388545899630932,-0.47243093143280473
1581,0.3103768793189023,-0.6388545899630932,-0.47243093143280473
1582,0.3103768793188853,-0.6388545899630932,-0.4724309314327138
1583,0.3103768792759394,-0.6388545899630309,-0.47243093143280473
1584,0.31037687927595636,-0.6388545899631244,-0.47243093143280473
1585,0.3103768793189023,-0.6388545899630932,-0.4724309314327138
1586,0.3103768793188853,-0.6388545899630932,-0.47243093143280473
1587,0.31037687927595636,-0.6388545899630621,-0.4724309314327138
1588,0.31037687927597335,-0.6388545899630932,-0.47243093143280473
1589,0.3103768793188853,-0.6388545899630932,-0.47243093143280473
1590,0.3103768793189023,-0.6388545899630932,-0.4724309314327138
1591,0.3103768792759224,-0.6388545899630932,-0.47243093143280473
1592,0.31037687927597335,-0.6388545899630309,-0.47243093143280473
1593,0.3103768793189023,-0.6388545899630932,-0.4724309314327138
1594,0.3103768793188683,-0.6388545899631244,-0.47243093143280473
1595,0.31037687927595636,-0.6388545899630621,-0.47243093143280473
1596,0.31037687927597335,-0.6388545899630932,-0.4724309314327138
1597,0.3103768793188683,-0.6388545899630932,-0.47243093143280473
1598,-0.26656770356999027,-0.6106746325132997,-0.9682899027907499
1599,-0.2665677036129022,-0.6106746320803176,-0.968289902790659
1600,-0.26656770361293614,-0.610674632513362,-0.9682899027907499
1601,-0.26656770356999027,-0.6106746320803799,-0.9682899027907499
1602,-0.26656770356999027,-0.6106746325132373,-0.968289902790659
1603,-0.26656770361291915,-0.6106746325133308,-0.9682899027907499
1604,-0.26656770361293614,-0.6106746320803488,-0.968289902790659
1605,-0.26656770356999027,-0.6106746325133308,-0.9682899027907499
1606,-0.26656770356999027,-0.6106746325132685,-0.9682899027907499
1607,-0.26656770361293614,-0.6106746320803488,-0.968289902790659
1608,-0.26656770361291915,-0.6106746325133308,-0.9682899027907499
1609,-0.26656770356999027,-0.6106746325132997,-0.968289902790659
1610,-0.26656770356999027,-0.6106746320803799,-0.9682899027907499
1611,-0.2665677036129022,-0.6106746325132373,-0.9682899027907499
1612,-0.2665677036129531,-0.6106746320804111,-0.968289902790659
1613,-0.26656770356999027,-0.6106746325132685,-0.9682899027907499
1614,-0.24273811347116384,-0.41984639096152593,-0.4351082131584941
1615,-0.24273811351409277,-0.4198463909614948,-0.435108213158585
1616,-0.2427381134711978,-0.41984639096155707,-0.4351082131584941
1617,-0.24273811351409277,-0.41984639052854394,-0.4351082131584941
1618,-0.24273811347116384,-0.41984639096152593,-0.4351082131584941
1619,-0.24273811347118082,-0.4198463909614948,-0.435108213158585
1620,-0.24273811351409277,-0.41984639096155707,-0.4351082131584941
1621,-0.24273811347116384,-0.4198463909614948,-0.4351082131584941
1622,-0.24273811351412672,-0.41984639052854394,-0.435108213158585
1623,-0.24273811347114685,-0.41984639096152593,-0.4351082131584941
1624,-0.2427381134711978,-0.4198463909614948,-0.4351082131584941
1625,-0.24273811351409277,-0.4198463909614948,-0.4351082131584941
1626,-0.2427381134711978,-0.41984639096152593,-0.435108213158585
1627,-0.24273811347114685,-0.41984639096155707,-0.4351082131584941
1628,-0.24273811351410976,-0.4198463909614948,-0.4351082131584941
1629,-0.24273811347114685,-0.41984639052854394,-0.4351082131584941
1630,-0.24273811351412672,-0.41984639096152593,-0.435108213158585
1631,-0.24273811347116384,-0.41984639096155707,-0.4351082131584941
1632,-0.8381069087145442,0.24414413872023352,-0.24428529265859966
1633,-0.8381069087574731,0.24414413828728265,-0.24428529265850876
1634,-0.8381069087145442,0.24414413872020238,-0.24428529265859966
1635,-0.8381069087574561,0.24414413872017124,-0.24428529265859966
1636,-0.8381069087145442,0.24414413872023352,-0.24428529265850876
1637,-0.8381069087574731,0.2441441382872515,-0.24428529265859966
1638,-0.8381069087145272,0.24414413872023352,-0.24428529265859966
1639,-0.83810690875749,0.24414413872017124,-0.24428529265850876
1640,-0.8381069087145102,0.24414413872020238,-0.24428529265859966
1641,-0.83810690875749,0.24414413828728265,-0.24428529265859966
1642,-0.8381069087145272,0.24414413872023352,-0.24428529265859966
1643,-0.8381069087574731,0.24414413872017124,-0.24428529265850876
1644,-0.8381069087145442,0.24414413872020238,-0.24428529265859966
1645,-0.8381069087574391,0.24414413828728265,-0.24428529265859966
1646,-0.8381069087145612,0.24414413872023352,-0.24428529265850876
1647,-0.8381069087574731,0.24414413872017124,-0.24428529265859966
1648,-0.8381069087145442,0.24414413872017124,-0.24428529265859966
1649,-0.8381069087574731,0.24414413828728265,-0.24428529265850876
1650,-0.8381069087145442,0.24414413872023352,-0.24428529265859966
1651,-0.4586456506664715,0.3361988242072987,-0.46019911620007725
1652,-0.45864565062357654,0.336198823774379,-0.4601991161999863
1653,-0.4586456506664885,0.33619882420736097,-0.46019911620007725
1654,-0.4586456506236105,0.3361988237744101,-0.4601991161999863
1655,-0.4586456506664715,0.33619882420736097,-0.46019911620007725
1656,-0.4586456506665055,0.336198823774379,-0.4601991161999863
1657,-0.45864565062357654,0.3361988242073298,-0.46019911620007725
1658,-0.4586456506664715,0.336198823774379,-0.4601991161999863
1659,-0.4586456506236105,0.33619882420736097,-0.46019911620007725
1660,-0.4586456506664885,0.336198823774379,-0.4601991161999863
1661,-0.45864565062355955,0.3361988242073298,-0.46019911620007725
1662,-0.4586456506665055,0.336198823774379,-0.4601991161999863
1663,-0.4586456506664885,0.33619882420736097,-0.46019911620007725
1664,-0.45864565062355955,0.3361988237744101,-0.4601991161999863
1665,-0.4586456506665224,0.33619882420736097,-0.46019911620007725
1666,-0.4586456506235256,0.33619882377431665,-0.4601991161999863
1667,-0.4586456506665224,0.33619882420736097,-0.46019911620007725
1668,-0.5971613127376257,0.4331685420339456,-0.3462445982198151
1669,-0.5971613127376257,0.43316854203391447,-0.3462445982198151
1670,-0.5971613127805547,0.4331685420339456,-0.3462445982198151
1671,-0.5971613127376257,0.4331685420339456,-0.3462445982198151
1672,-0.5971613127376257,0.43316854246680303,-0.3462445982198151
1673,-0.5971613127376088,0.43316854203397676,-0.3462445982198151
1674,-0.5971613127805377,0.43316854203388333,-0.3462445982198151
1675,-0.5971613127376257,0.4331685420339456,-0.3462445982198151
1676,-0.5971613127376257,0.43316854203391447,-0.346244598219906
1677,-0.5971613127376257,0.43316854203391447,-0.3462445982198151
1678,-0.5971613127376767,0.4331685420339456,-0.3462445982198151
1679,-0.5971613127805208,0.4331685420339456,-0.3462445982198151
1680,-0.5971613127376257,0.43316854203391447,-0.3462445982198151
1681,-0.5971613127376257,0.43316854246686537,-0.3462445982198151
1682,-0.5971613127376257,0.43316854203388333,-0.3462445982198151
1683,-0.5971613127805208,0.43316854203397676,-0.3462445982198151
1684,-0.5971613127376257,0.43316854203388333,-0.3462445982198151
1685,-0.5971613127376597,0.43316854203391447,-0.3462445982198151
1686,-0.7861198934130209,-0.3250669539138646,-0.6883695157338292
1687,-0.7861198934130209,-0.3250669539139269,-0.6883695157338292
1688,-0.7861198934130549,-0.3250669539139269,-0.6883695157337383
1689,-0.7861198934130209,-0.3250669539138958,-0.6883695157338292
1690,-0.7861198934130549,-0.3250669539139269,-0.6883695157338292
1691,-0.7861198934130209,-0.3250669539139269,-0.6883695157338292
1692,-0.7861198934130549,-0.3250669539139269,-0.6883695157338292
1693,-0.7861198934130209,-0.3250669539138646,-0.6883695157337383
1694,-0.7861198934130549,-0.3250669534810383,-0.6883695157338292
1695,-0.7861198934130209,-0.3250669539138646,-0.6883695157338292
1696,-0.7861198934130549,-0.3250669539139269,-0.6883695157338292
1697,-0.7861198934130209,-0.3250669539139269,-0.6883695157338292
1698,-0.7861198934130549,-0.3250669539139269,-0.6883695157338292
1699,-0.7861198934130209,-0.3250669539139269,-0.6883695157337383
1700,-0.7861198934130209,-0.3250669539139269,-0.6883695157338292
1701,-0.7861198934130549,-0.3250669539138646,-0.6883695157338292
1702,0.2808416126739868,-0.6297151443621831,-0.3462445982198151
1703,0.2808416127169157,-0.6297151439292946,-0.3462445982198151
1704,0.28084161267402075,-0.6297151443622143,-0.3462445982198151
1705,0.2808416127169157,-0.6297151443621831,-0.3462445982198151
1706,0.28084161267402075,-0.6297151443621831,-0.3462445982198151
1707,0.2808416126739868,-0.6297151439292946,-0.3462445982198151
1708,0.2808416127169157,-0.6297151443621831,-0.3462445982198151
1709,0.2808416126739868,-0.6297151443622454,-0.3462445982198151
1710,0.2808416127169157,-0.6297151439292634,-0.346244598219906
1711,0.28084161267402075,-0.629715144362152,-0.3462445982198151
1712,0.2808416126739868,-0.6297151443622143,-0.3462445982198151
1713,0.2808416127169497,-0.6297151443622454,-0.3462445982198151
1714,0.2808416126739868,-0.6297151439292323,-0.3462445982198151
1715,0.2808416126739868,-0.6297151443621831,-0.3462445982198151
1716,0.2808416127169157,-0.6297151443622143,-0.3462445982198151
1717,0.28084161267402075,-0.6297151443621831,-0.3462445982198151
1718,0.2808416127169497,-0.6297151439292946,-0.3462445982198151
1719,0.2808416126739868,-0.6297151443621831,-0.3462445982198151
1720,0.21753156754824704,-0.5992503254039633,0.9680014963998633
1721,0.2175315675053181,-0.5992503249710436,0.9680014963999543
1722,0.21753156754824704,-0.599250325403901,0.9680014963998633
1723,0.2175315675053181,-0.5992503249710747,0.9680014963998633
1724,0.21753156754824704,-0.599250325403901,0.9680014963999543
1725,0.21753156750535207,-0.5992503249710747,0.9680014963998633
1726,0.21753156754821307,-0.5992503254039633,0.9680014963998633
1727,0.21753156750535207,-0.5992503254039633,0.9680014963999543
1728,0.21753156754821307,-0.5992503249710124,0.9680014963998633
1729,0.2175315675053181,-0.5992503254039633,0.9680014963998633
1730,0.217531567548281,-0.5992503249710124,0.9680014963998633
1731,0.21753156750528416,-0.5992503254039633,0.9680014963999543
1732,0.21753156754824704,-0.5992503254039633,0.9680014963998633
1733,0.21753156750535207,-0.5992503249709501,0.9680014963998633
1734,0.21753156754821307,-0.5992503254040256,0.9680014963999543
1735,0.21753156750535207,-0.5992503249710124,0.9680014963998633
1736,0.21753156754821307,-0.5992503254039633,0.9680014963998633
1737,0.2175315675053181,-0.5992503249710124,0.9680014963999543
1738,0.217531567548281,-0.5992503254039633,0.9680014963998633
1739,0.2969517580971116,-0.5417056672273874,0.7556642270200227
1740,0.29695175814010843,-0.5417056667944989,0.7556642270201136
1741,0.2969517580971455,-0.5417056672273874,0.7556642270200227
1742,0.29695175814007446,-0.5417056667944989,0.7556642270200227
1743,0.2969517580971455,-0.5417056672274497,0.7556642270201136
1744,0.2969517580971455,-0.5417056667944365,0.7556642270200227
1745,0.29695175814010843,-0.5417056672274497,0.7556642270200227
1746,0.2969517580971455,-0.5417056667944989,0.7556642270201136
1747,0.2969517580971455,-0.5417056672273252,0.7556642270200227
1748,0.29695175814007446,-0.5417056672274497,0.7556642270200227
1749,0.2969517580971795,-0.5417056667944989,0.7556642270201136
1750,0.2969517581400405,-0.5417056672273874,0.7556642270200227
1751,0.2969517580971795,-0.5417056667944989,0.7556642270200227
1752,0.2969517580971455,-0.5417056672274497,0.7556642270201136
1753,0.29695175814007446,-0.5417056667944365,0.7556642270200227
1754,0.2969517580971795,-0.5417056672273874,0.7556642270200227
1755,0.2969517581400405,-0.5417056667944989,0.7556642270201136
1756,0.2969517580971795,-0.5417056672273874,0.7556642270200227
1757,0.3218235615807974,-0.6890413708001913,1.035350762458687
1758,0.3218235615378685,-0.6890413708001291,1.035350762458687
1759,0.32182356158083136,-0.6890413708001291,1.035350762458687
1760,0.3218235615807974,-0.6890413708001291,1.035350762458687
1761,0.3218235615807974,-0.6890413708001291,1.035350762458687
1762,0.3218235615378685,-0.6890413708001913,1.035350762458687
1763,0.32182356158083136,-0.6890413708001291,1.035350762458687
1764,0.32182356158078046,-0.6890413708001291,1.035350762458687
1765,0.3218235615807974,-0.6890413708001291,1.035350762458687
1766,0.3218235615378855,-0.6890413703672404,1.0353507624587779
1767,0.3218235615808144,-0.6890413708001291,1.035350762458687
1768,0.3218235615807974,-0.6890413708001291,1.035350762458687
1769,0.3218235615807974,-0.6890413708001291,1.035350762458687
1770,0.3218235615378855,-0.6890413708001291,1.035350762458687
1771,0.3218235615808144,-0.6890413708001291,1.035350762458687
1772,0.32182356158083136,-0.6890413708001913,1.035350762458687
1773,0.3218235615807635,-0.6890413708001291,1.035350762458687
1774,0.3218235615379024,-0.6890413708000668,1.035350762458687
1775,0.3218235615807974,-0.6890413708001291,1.035350762458687
1776,0.5149757261371226,-1.062315574521659,-0.9256353676201222
1777,0.5149757261371226,-1.0623155745217212,-0.9256353676201222
1778,0.5149757261371736,-1.0623155745217212,-0.9256353676202131
1779,0.5149757261371226,-1.0623155745215966,-0.9256353676201222
1780,0.5149757261371056,-1.0623155745217212,-0.9256353676201222
1781,0.5149757261371566,-1.0623155745217212,-0.9256353676201222
1782,0.5149757261371226,-1.062315574521659,-0.9256353676201222
1783,0.5149757261800686,-1.0623155749546722,-0.9256353676202131
1784,0.5149757261371056,-1.0623155745217212,-0.9256353676201222
1785,0.5149757261371566,-1.0623155745215966,-0.9256353676201222
1786,0.5149757261371226,-1.0623155745217212,-0.9256353676201222
1787,0.5149757261371226,-1.0623155745217212,-0.9256353676201222
1788,0.5149757261371566,-1.0623155745215966,-0.9256353676202131
1789,0.5149757261371226,-1.0623155745217212,-0.9256353676201222
1790,0.5149757261371226,-1.0623155745217212,-0.9256353676201222
1791,0.8927586362650064,-0.13923155800886874,-0.7763444945231524
1792,0.8927586362650064,-0.13923155757591787,-0.7763444945230614
1793,0.8927586362650064,-0.13923155757598016,-0.7763444945231524
1794,0.8927586362650064,-0.13923155800886874,-0.7763444945231524
1795,0.8927586362650064,-0.13923155800886874,-0.7763444945230614
1796,0.8927586362650064,-0.13923155757591787,-0.7763444945231524
1797,0.8927586362650404,-0.13923155757598016,-0.7763444945231524
1798,0.8927586362649724,-0.13923155800886874,-0.7763444945230614
1799,0.8927586362650404,-0.13923155800886874,-0.7763444945231524
1800,0.8927586362220774,-0.13923155757598016,-0.7763444945230614
1801,0.8927586362650064,-0.13923155800886874,-0.7763444945231524
1802,0.8927586362649724,-0.13923155757598016,-0.7763444945231524
1803,0.8927586362650404,-0.13923155800880646,-0.7763444945230614
1804,0.8927586362649724,-0.13923155757598016,-0.7763444945231524
1805,0.8927586362650064,-0.13923155757598016,-0.7763444945231524
1806,0.8927586362650404,-0.13923155800886874,-0.7763444945230614
1807,0.8927586362650064,-0.13923155800886874,-0.7763444945231524
1808,0.8927586362650064,-0.13923155757591787,-0.7763444945231524
1809,0.8927586362650064,-0.13923155757598016,-0.7763444945230614
1810,0.8927586362649724,-0.13923155800886874,-0.7763444945231524
1811,0.7110107588295298,-0.13105415894878153,-1.389222815658239
1812,0.7110107588724077,-0.13105415894878153,-1.389222815658239
1813,0.7110107588294958,-0.13105415894878153,-1.389222815658239
1814,0.7110107588294958,-0.13105415894878153,-1.389222815658239
1815,0.7110107588724077,-0.13105415894878153,-1.389222815658239
1816,0.7110107588294958,-0.13105415894878153,-1.389222815658239
1817,0.7110107588294788,-0.13105415894871925,-1.389222815658239
1818,0.7110107588724247,-0.13105415894878153,-1.389222815658239
1819,0.7110107588294958,-0.13105415894878153,-1.389222815658239
1820,0.7110107588294788,-0.13105415938167012,-1.389222815658239
1821,0.7110107588294958,-0.13105415894884384,-1.389222815658239
1822,0.7110107588724247,-0.13105415894878153,-1.389222815658239
1823,0.7110107588294958,-0.13105415894878153,-1.389222815658239
1824,0.7110107588294958,-0.13105415894871925,-1.389222815658239
1825,0.7110107588724077,-0.13105415894878153,-1.389222815658239
1826,0.7110107588294958,-0.13105415894878153,-1.389222815658239
1827,0.7110107588294958,-0.13105415894878153,-1.389222815658239
1828,0.7110107588724077,-0.13105415894878153,-1.389222815658239
1829,0.7110107588294958,-0.13105415894878153,-1.389222815658239
1830,0.5006779720949983,-0.3898046942001247,-0.08854011489760963
1831,0.5006779720521034,-0.3898046946331378,-0.08854011489760963
1832,0.5006779720949983,-0.389804694200187,-0.08854011489751872
1833,0.5006779720949983,-0.389804694200187,-0.08854011489760963
1834,0.5006779720521034,-0.3898046946331378,-0.08854011489760963
1835,0.5006779720949813,-0.389804694200187,-0.08854011489751872
1836,0.5006779720521034,-0.3898046942001247,-0.08854011489760963
1837,0.5006779720949983,-0.389804694200187,-0.08854011489760963
1838,0.5006779720950323,-0.38980469463307554,-0.08854011489760963
1839,0.5006779720520524,-0.389804694200187,-0.08854011489760963
1840,0.5006779720950323,-0.389804694200187,-0.08854011489751872
1841,0.5006779720520694,-0.3898046946331378,-0.08854011489760963
1842,0.5006779720950323,-0.389804694200187,-0.08854011489760963
1843,0.5006779720949983,-0.389804694200187,-0.08854011489751872
1844,0.5006779720520864,-0.38980469463307554,-0.08854011489760963
1845,0.5006779720950153,-0.389804694200187,-0.08854011489760963
1846,0.19239375549343782,-0.5239843016879149,0.4242552160133428
1847,0.19239375545050888,-0.5239843016878526,0.42425521601343374
1848,0.1923937554934718,-0.5239843016879149,0.4242552160133428
1849,0.19239375549343782,-0.5239843016879149,0.4242552160133428
1850,0.19239375545052587,-0.5239843016879149,0.4242552160133428
1851,0.1923937554934718,-0.5239843016878526,0.42425521601343374
1852,0.19239375549343782,-0.5239843016879149,0.4242552160133428
1853,0.19239375545052587,-0.5239843016879149,0.4242552160133428
1854,0.19239375549343782,-0.5239843021208035,0.42425521601343374
1855,0.19239375545052587,-0.5239843016878526,0.4242552160133428
1856,0.1923937554934718,-0.5239843016879149,0.4242552160133428
1857,0.1923937554934548,-0.5239843016879149,0.42425521601343374
1858,0.19239375545050888,-0.5239843016879149,0.4242552160133428
1859,0.1923937554934548,-0.5239843016878526,0.4242552160133428
1860,0.1923937554934718,-0.5239843016879149,0.4242552160133428
1861,0.19239375545052587,-0.5239843016878526,0.42425521601343374
1862,0.19239375549343782,-0.5239843016879149,0.4242552160133428
1863,0.3775024852129224,0.04389585462373964,0.5957097201304187
1864,0.3775024852129224,0.04389585419078877,0.5957097201303277
1865,0.3775024852129224,0.04389585419078877,0.5957097201304187
1866,0.3775024852129054,0.043895854623677344,0.5957097201304187
1867,0.37750248525586827,0.04389585462373964,0.5957097201304187
1868,0.3775024852129224,0.04389585419078877,0.5957097201303277
1869,0.3775024852129224,0.04389585419085107,0.5957097201304187
1870,0.3775024852129054,0.043895854623677344,0.5957097201304187
1871,0.3775024852129224,0.04389585462373964,0.5957097201304187
1872,0.3775024852129224,0.04389585419078877,0.5957097201303277
1873,0.3775024852129224,0.04389585462373964,0.5957097201304187
1874,0.3775024852129054,0.043895854190726474,0.5957097201304187
1875,0.3775024852129224,0.04389585462373964,0.5957097201303277
1876,0.3775024852558513,0.04389585419085107,0.5957097201304187
1877,0.37750248521293933,0.04389585419078877,0.5957097201304187
1878,0.3775024852129224,0.043895854623677344,0.5957097201304187
1879,0.3775024852129054,0.04389585462373964,0.5957097201303277
1880,0.3775024852129224,0.04389585419078877,0.5957097201304187
1881,0.15621945328622655,0.1298043096867711,0.8408507268578498
1882,0.1562194532862605,0.1298043096867088,0.8408507268578498
1883,0.1562194532862605,0.1298043096867711,0.8408507268578498
1884,0.1562194532862435,0.12980430925382022,0.8408507268577589
1885,0.15621945328622655,0.1298043096867711,0.8408507268578498
1886,0.1562194532862435,0.1298043096866465,0.8408507268578498
1887,0.1562194532862605,0.12980430968683337,0.8408507268578498
1888,0.15621945328622655,0.1298043096867088,0.8408507268578498
1889,0.1562194532862605,0.1298043096867711,0.8408507268578498
1890,0.1562194532862435,0.1298043096867711,0.8408507268578498
1891,0.1562194532862435,0.12980430925375794,0.8408507268577589
1892,0.1562194532862435,0.12980430968683337,0.8408507268578498
1893,0.1562194532862435,0.1298043096867088,0.8408507268578498
1894,0.1562194532862605,0.1298043096867711,0.8408507268578498
1895,0.1562194532862435,0.1298043096867088,0.8408507268578498
1896,0.1562194532862435,0.1298043096867088,0.8408507268578498
1897,0.1562194532862605,0.1298043096867711,0.8408507268578498
1898,0.1562194532862435,0.1298043096867711,0.8408507268578498
1899,0.1562194532862435,0.12980430925382022,0.8408507268577589
1900,0.1562194532862435,0.1298043096867711,0.8408507268578498
1901,0.1562194532862435,0.1298043096867088,0.8408507268578498
1902,0.15621945328622655,0.1298043096867711,0.8408507268578498
1903,0.1562194532862605,0.1298043096867088,0.8408507268578498
1904,0.1562194532862435,0.1298043096867711,0.8408507268578498
1905,0.1562194532862435,0.1298043096867711,0.8408507268578498
1906,0.1562194532862435,0.12980430925382022,0.8408507268577589
1907,0.1562194532862435,0.1298043096867711,0.8408507268578498
1908,0.1562194532862605,0.1298043096867088,0.8408507268578498
1909,0.15621945328622655,0.1298043096867088,0.8408507268578498
1910,0.05261455254843002,-0.9885230128141381,-0.3462445982198151
1911,0.05261455259135895,-0.9885230128141381,-0.3462445982198151
1912,0.052614552548447,-0.9885230128141381,-0.3462445982198151
1913,0.05261455254841303,-0.9885230128142627,-0.3462445982198151
1914,0.05261455259135895,-0.9885230132470267,-0.3462445982198151
1915,0.05261455254843002,-0.9885230128141381,-0.3462445982198151
1916,0.052614552548447,-0.9885230128141381,-0.3462445982198151
1917,0.05261455259135895,-0.9885230128142004,-0.3462445982198151
1918,0.05261455254841303,-0.9885230128141381,-0.3462445982198151
1919,0.052614552548447,-0.9885230128141381,-0.3462445982198151
1920,0.05261455259134196,-0.9885230128142627,-0.3462445982198151
1921,0.05261455254843002,-0.9885230128140758,-0.3462445982198151
1922,0.05261455254843002,-0.9885230128141381,-0.3462445982198151
1923,0.05261455259135895,-0.988523013247089,-0.3462445982198151
1924,0.05261455254843002,-0.9885230128142004,-0.3462445982198151
1925,0.05261455254843002,-0.9885230128141381,-0.3462445982198151
1926,0.05261455259134196,-0.9885230128141381,-0.3462445982198151
1927,0.05261455254843002,-0.9885230128142004,-0.3462445982198151
1928,0.44501166601742426,-0.5557291550924861,-1.5624066426666168
1929,0.4450116660173903,-0.5557291555255616,-1.562406642666526
1930,0.4450116660173903,-0.5557291550924238,-1.5624066426666168
1931,0.4450116660603362,-0.5557291550925484,-1.5624066426666168
1932,0.44501166601740727,-0.5557291550925484,-1.5624066426666168
1933,0.44501166601740727,-0.555729155525437,-1.562406642666526
1934,0.4450116660173903,-0.5557291550925484,-1.5624066426666168
1935,0.48436644983743765,-0.46520512138163966,-2.2319305072189946
1936,0.48436644983743765,-0.4652051213815151,-2.2319305072190856
1937,0.48436644983742067,-0.4652051213815774,-2.2319305072189946
1938,0.4843664498803496,-0.46520512181459056,-2.2319305072189946
1939,0.48436644983743765,-0.4652051213815151,-2.2319305072189946
1940,0.48436644983743765,-0.46520512138163966,-2.2319305072189946
1941,0.48436644983743765,-0.4652051213815774,-2.2319305072190856
1942,0.48436644983742067,-0.4652051213815151,-2.2319305072189946
1943,0.48436644983743765,-0.465205121381702,-2.2319305072189946
1944,0.4843664498803496,-0.4652051213815151,-2.2319305072190856
1945,0.48436644983743765,-0.4652051218145283,-2.2319305072189946
1946,0.48436644983742067,-0.4652051213815774,-2.2319305072189946
1947,0.48436644983742916,-0.4652051213815774,-2.2319305072189946
1948,0.48436644983742916,-0.46520512138163966,-2.2319305072189946
1949,0.48436644983744614,-0.4652051213815151,-2.2319305072190856
1950,0.48436644983742916,-0.4652051213815774,-2.2319305072189946
1951,0.4843664498803496,-0.46520512181459056,-2.2319305072189946
1952,0.48436644983742916,-0.4652051213815774,-2.2319305072190856
1953,0.48436644983744614,-0.4652051213815774,-2.2319305072189946
1954,0.48436644983742916,-0.4652051213815774,-2.2319305072189946
1955,0.06314810920264423,-0.3813096968724756,0.5820383947552513
1956,0.06314810915969832,-0.3813096964395247,0.5820383947551604
1957,0.06314810920262724,-0.3813096968724756,0.5820383947552513
1958,0.0631481091597068,-0.3813096968724756,0.5820383947551604
1959,0.06314810920262724,-0.3813096964395247,0.5820383947552513
1960,0.06314810915971529,-0.3813096968725379,0.5820383947551604
1961,0.06314810920262724,-0.3813096968724756,0.5820383947552513
1962,0.06314810915969832,-0.3813096964395247,0.5820383947551604
1963,0.06314810920262724,-0.3813096968724756,0.5820383947552513
1964,0.0631481091597068,-0.3813096968724756,0.5820383947551604
1965,0.06314810920262724,-0.38130969643958706,0.5820383947552513
1966,0.06314810915971529,-0.38130969687241334,0.5820383947551604
1967,0.06314810920261026,-0.3813096968724756,0.5820383947552513
1968,0.06314810920262724,-0.38130969643958706,0.5820383947552513
1969,0.06314810915971529,-0.3813096968724756,0.5820383947551604
1970,0.06314810920262724,-0.3813096964395247,0.5820383947552513
1971,0.06314810915971529,-0.3813096968724756,0.5820383947551604
1972,0.06314810920261875,-0.3813096968724756,0.5820383947552513
1973,0.06314810915969832,-0.3813096964395247,0.5820383947551604
1974,0.06314810920264423,-0.3813096968724756,0.5820383947552513
1975,0.06314810915969832,-0.3813096968724756,0.5820383947551604
1976,0.06314810920262724,-0.3813096964395247,0.5820383947552513
1977,0.0631481091597068,-0.3813096968724756,0.5820383947551604
1978,0.06314810920263574,-0.3813096968724756,0.5820383947552513
1979,0.0631481091597068,-0.3813096964395247,0.5820383947551604
1980,0.06314810920263574,-0.3813096968724756,0.5820383947552513
1981,0.46172745603147103,-0.6665936092346277,-0.5810316229526272
1982,0.4617274559885506,-0.6665936096676409,-0.5810316229525364
1983,0.4617274560314795,-0.6665936092345655,-0.5810316229526272
1984,0.4617274559885506,-0.6665936092345655,-0.5810316229526272
1985,0.46172745603147103,-0.6665936096676409,-0.5810316229525364
1986,0.4617274559885506,-0.6665936092346277,-0.5810316229526272
1987,0.4617274560314795,-0.6665936096675164,-0.5810316229525364
1988,0.46172745603147103,-0.6665936092346277,-0.5810316229526272
1989,0.4617274559885591,-0.6665936092346277,-0.5810316229526272
1990,0.4617274560314795,-0.6665936096675786,-0.5810316229525364
1991,0.4617274559885421,-0.6665936092346277,-0.5810316229526272
1992,0.4617274560314795,-0.6665936092345655,-0.5810316229526272
1993,0.4617274560314795,-0.6665936096676409,-0.5810316229525364
1994,0.4617274559885591,-0.6665936092345655,-0.5810316229526272
1995,0.4617274560314795,-0.6665936096675164,-0.5810316229525364
1996,0.4617274559885421,-0.66659360923469,-0.5810316229526272
1997,0.4617274560314795,-0.6665936092346277,-0.5810316229526272
1998,0.4617274559885591,-0.6665936096675164,-0.5810316229525364
1999,0.4617274560314795,-0.66659360923469,-0.5810316229526272
2000,0.3117983627322577,-0.46663876022128387,-1.815107880441841
2001,0.31179836268933725,-0.46663875978833297,-1.815107880441841
2002,0.3117983627322662,-0.46663876022134615,-1.815107880441841
2003,0.3117983627322662,-0.46663875978833297,-1.815107880441841
2004,0.31179836268933725,-0.46663876022134615,-1.815107880441841
2005,0.3117983627322407,-0.4666387597883953,-1.815107880441841
2006,0.3117983627322832,-0.46663876022128387,-1.815107880441841
2007,0.31179836268932876,-0.4666387597883953,-1.815107880441841
2008,0.3117983627322662,-0.46663876022128387,-1.8151078804419318
2009,0.31179836268934574,-0.46663875978833297,-1.815107880441841
2010,0.3117983627322492,-0.46663876022128387,-1.815107880441841
2011,0.3117983627322662,-0.4666387597883953,-1.815107880441841
2012,0.31179836268934574,-0.46663876022134615,-1.815107880441841
2013,0.3117983627322492,-0.4666387597883953,-1.815107880441841
2014,0.3117983627322662,-0.46663876022128387,-1.815107880441841
2015,0.31179836268933725,-0.4666387597883953,-1.815107880441841
2016,0.3117983627322662,-0.46663876022128387,-1.815107880441841
2017,0.4823763730672902,-0.5849139396042924,-0.27201734338870354
2018,0.48237637302436126,-0.5849139400373679,-0.2720173433886126
2019,0.4823763730672902,-0.584913939604417,-0.27201734338870354
2020,0.4823763730672817,-0.5849139400373056,-0.27201734338870354
2021,0.4823763730672987,-0.5849139396043547,-0.2720173433886126
2022,0.48237637302435277,-0.5849139396043547,-0.27201734338870354
2023,0.4823763730672902,-0.5849139400373056,-0.27201734338870354
2024,0.4823763730672987,-0.584913939604417,-0.2720173433886126
2025,0.48237637302436126,-0.5849139400373056,-0.27201734338870354
2026,0.4823763730672902,-0.5849139396043547,-0.2720173433886126
2027,0.4823763730672902,-0.5849139400373056,-0.27201734338870354
2028,0.48237637302435277,-0.5849139396043547,-0.27201734338870354
2029,0.4823763730672987,-0.5849139396044792,-0.2720173433886126
2030,0.4823763730672902,-0.5849139400372432,-0.27201734338870354
2031,0.4823763730672902,-0.5849139396043547,-0.27201734338870354
2032,0.48237637302436126,-0.5849139400373056,-0.2720173433886126
2033,0.4823763730672817,-0.5849139396043547,-0.27201734338870354
2034,0.8275125473205535,-0.538320687054635,-0.64838088901136
2035,0.8275125472776246,-0.5383206870545103,-0.648380889011451
2036,0.8275125473205535,-0.5383206874875235,-0.64838088901136
2037,0.8275125472776246,-0.5383206870545103,-0.648380889011451
2038,0.827512547320562,-0.5383206870545103,-0.64838088901136
2039,0.6916503209429518,-0.4604661495725377,-0.3462445982198151
2040,0.6916503209000143,-0.4604661495724131,-0.3462445982198151
2041,0.6916503209429603,-0.4604661495725377,-0.3462445982198151
2042,0.6916503209000229,-0.46046614957259996,-0.3462445982198151
2043,0.6916503209429433,-0.4604661495724131,-0.3462445982198151
2044,0.6916503209000229,-0.4604661495725377,-0.3462445982198151
2045,0.6916503209429603,-0.4604661495724131,-0.3462445982198151
2046,0.6916503209000143,-0.46046614957259996,-0.3462445982198151
2047,0.6916503209429518,-0.46046615000536395,-0.346244598219906
2048,0.6916503209429475,-0.4604661495725377,-0.3462445982198151
2049,0.6916503209000271,-0.4604661495724754,-0.3462445982198151
2050,0.6916503209429433,-0.4604661495724754,-0.3462445982198151
2051,0.6916503209000271,-0.4604661495725377,-0.3462445982198151
2052,0.6916503209429518,-0.46046614957259996,-0.3462445982198151
2053,0.6916503209000271,-0.4604661495723508,-0.3462445982198151
2054,0.6916503209429433,-0.46046614957259996,-0.3462445982198151
2055,0.6916503209000271,-0.4604661495724131,-0.3462445982198151
2056,0.6916503209429518,-0.46046614957259996,-0.3462445982198151
2057,0.5221779088135606,-0.4988956274044704,0.34898250688886606
2058,0.5221779087706274,-0.4988956269715195,0.34898250688877513
2059,0.5221779088135606,-0.4988956274044704,0.34898250688886606
2060,0.5221779088135606,-0.4988956269716441,0.34898250688877513
2061,0.5221779088135606,-0.49889562740440807,0.34898250688886606
2062,0.5221779087706317,-0.4988956269716441,0.34898250688886606
2063,0.5221779088135649,-0.4988956274044704,0.34898250688877513
2064,0.5221779088135564,-0.4988956269715818,0.34898250688886606
2065,0.5221779087706317,-0.49889562740440807,0.34898250688877513
2066,0.5221779088135564,-0.4988956269716441,0.34898250688886606
2067,0.5221779088135606,-0.4988956274044704,0.34898250688877513
2068,0.5221779087706317,-0.4988956269715195,0.34898250688886606
2069,0.5221779088135606,-0.4988956274044704,0.34898250688886606
2070,0.5221779088135606,-0.4988956269716441,0.34898250688877513
2071,0.5221779088135564,-0.4988956274044704,0.34898250688886606
2072,0.522177908770636,-0.4988956269716441,0.34898250688877513
2073,0.5221779088135606,-0.49889562740440807,0.34898250688886606
2074,0.4402649267474547,-0.2527130088881508,1.331056133748092
2075,0.4402649267474462,-0.2527130084550753,1.331056133748183
2076,0.4402649267474505,-0.2527130088880885,1.331056133748092
2077,0.44026492679037943,-0.25271300845519995,1.331056133748092
2078,0.4402649267474547,-0.2527130088880262,1.331056133748183
2079,0.4402649267474462,-0.25271300845519995,1.331056133748092
2080,0.4402649267474547,-0.2527130088880885,1.331056133748183
2081,0.4402649267474505,-0.25271300845519995,1.331056133748092
2082,0.4402649267474526,-0.2527130088880262,1.331056133748092
2083,0.4402649267474526,-0.2527130088880885,1.331056133748183
2084,0.4402649267474526,-0.25271300845519995,1.331056133748092
2085,0.4402649267474505,-0.2527130088880885,1.331056133748183
2086,0.44026492679037726,-0.25271300845513767,1.331056133748092
2087,0.4402649267474484,-0.2527130088880885,1.331056133748092
2088,0.4402649267474569,-0.25271300845519995,1.331056133748183
2089,0.4402649267474505,-0.2527130088880262,1.331056133748092
2090,1.077304591554336,0.3948648224658522,-0.5641943064378986
2091,1.077304591597265,0.39486482203271445,-0.5641943064378986
2092,1.0773045915543402,0.3948648224658522,-0.5641943064378986
2093,1.077304591554336,0.39486482203290135,-0.5641943064378986
2094,1.077304591597265,0.3948648224657276,-0.5641943064378077
2095,1.0773045915543382,0.39486482203290135,-0.5641943064378986
2096,1.0773045915972617,0.3948648224658522,-0.5641943064378986
2097,1.0773045915543402,0.394864822032839,-0.5641943064378986
2098,1.077304591554337,0.3948648224657899,-0.5641943064378986
2099,1.0773045915972639,0.394864822032839,-0.5641943064378986
2100,1.0773045915543387,0.3948648224657899,-0.5641943064378986
2101,1.0773045915543376,0.394864822032839,-0.5641943064378986
2102,1.0773045915972648,0.3948648224658522,-0.5641943064378986
2103,1.0773045915543378,0.39486482203290135,-0.5641943064378986
2104,1.077304591597264,0.3948648224657276,-0.5641943064378077
2105,1.0773045915543382,0.39486482203296364,-0.5641943064378986
2106,1.0773045915543376,0.3948648224657899,-0.5641943064378986
2107,1.0773045915972643,0.394864822032839,-0.5641943064378986
2108,1.0773045915543376,0.3948648224657276,-0.5641943064378986
2109,0.262046443049426,0.23683970845886393,1.0044823488483967
2110,0.2620464430064992,0.23683970802597537,1.0044823488483967
2111,0.2620464430494249,0.23683970845880165,1.0044823488483967
2112,0.262046443049426,0.23683970845886393,1.0044823488483967
2113,0.2620464430064981,0.23683970802597537,1.0044823488484875
2114,0.2620464430494249,0.23683970845886393,1.0044823488483967
2115,0.262046443049426,0.23683970845873936,1.0044823488483967
2116,0.2620464430064992,0.23683970802597537,1.0044823488483967
2117,0.2620464430494249,0.23683970845886393,1.0044823488483967
2118,0.262046443049426,0.23683970845892624,1.0044823488483967
2119,0.26204644300650026,0.23683970802597537,1.0044823488483967
2120,0.2620464430494228,0.23683970845873936,1.0044823488483967
2121,0.262046443049426,0.23683970845886393,1.0044823488483967
2122,0.26204644300650026,0.23683970802597537,1.0044823488484875
2123,0.26204644304942387,0.23683970845886393,1.0044823488483967
2124,0.262046443049426,0.23683970845880165,1.0044823488483967
2125,0.2620464430064981,0.23683970802597537,1.0044823488483967
2126,0.262046443049426,0.23683970845880165,1.0044823488483967
2127,-0.09025700023464676,0.31790106889801123,-0.1600987100850473
2128,-0.09025700027757251,0.31790106889794895,-0.16009871008513823
2129,-0.09025700023464464,0.31790106889801123,-0.1600987100850473
2130,-0.09025700023464783,0.31790106889794895,-0.1600987100850473
2131,-0.09025700027757146,0.31790106889807357,-0.1600987100850473
2132,-0.09025700023464783,0.31790106889794895,-0.16009871008513823
2133,-0.09025700027757146,0.31790106889801123,-0.1600987100850473
2134,-0.09025700023464783,0.31790106889794895,-0.1600987100850473
2135,-0.09025700023464464,0.31790106889807357,-0.1600987100850473
2136,-0.09025700027757358,0.31790106889788666,-0.16009871008513823
2137,-0.09025700023464571,0.31790106889794895,-0.1600987100850473
2138,-0.09025700023464676,0.31790106889807357,-0.1600987100850473
2139,-0.09025700027757251,0.31790106889794895,-0.1600987100850473
2140,-0.09025700023464676,0.31790106889801123,-0.16009871008513823
2141,-0.09025700027757251,0.31790106889794895,-0.1600987100850473
2142,-0.09025700023464676,0.31790106889807357,-0.1600987100850473
2143,-0.09025700023464464,0.31790106889794895,-0.1600987100850473
2144,-0.09025700027757463,0.31790106889801123,-0.16009871008513823
2145,-0.09025700023464676,0.31790106889794895,-0.1600987100850473
2146,0.2727865399838878,0.0066610757526852716,0.24025526037561176
2147,0.27278653998388463,0.006661075319734401,0.24025526037561176
2148,0.27278653998388674,0.0066610757526852716,0.24025526037552083
2149,0.27278653998388463,0.006661075319672106,0.24025526037561176
2150,0.2727865399838857,0.0066610757526852716,0.24025526037561176
2151,0.2727865399838857,0.006661075752809861,0.24025526037561176
2152,0.27278653998388463,0.006661075319672106,0.24025526037561176
2153,0.27278653998388674,0.006661075752622976,0.24025526037561176
2154,0.2727865399409599,0.0066610757526852716,0.24025526037561176
2155,0.27278653998388463,0.006661075319796697,0.24025526037552083
2156,0.27278653998388463,0.0066610757526852716,0.24025526037561176
2157,0.27278653998388674,0.006661075319672106,0.24025526037561176
2158,0.27278653998388463,0.006661075752747566,0.24025526037561176
2159,0.27278653998388463,0.006661075752622976,0.24025526037561176
2160,0.27278653998388674,0.006661075319734401,0.24025526037552083
2161,0.27278653998388674,0.0066610757526852716,0.24025526037561176
2162,0.27278653998388463,0.006661075319796697,0.24025526037561176
2163,0.27278653998388463,0.006661075752622976,0.24025526037561176
2164,-0.061307190059132946,0.43075069923887394,-0.22183553730562813
2165,-0.06130719005913083,0.43075069923874937,-0.22183553730562813
2166,-0.06130719005913083,0.43075069967182483,-0.22183553730562813
2167,-0.061307190059132946,0.43075069923881165,-0.22183553730571906
2168,-0.06130719005913083,0.43075069923887394,-0.22183553730562813
2169,-0.061307190059128706,0.43075069923887394,-0.22183553730562813
2170,-0.061307190059132946,0.43075069923881165,-0.22183553730562813
2171,-0.061307190059132946,0.43075069967182483,-0.22183553730562813
2172,-0.061307190059128706,0.43075069923881165,-0.22183553730562813
2173,-0.061307190059132946,0.43075069923881165,-0.22183553730562813
2174,-0.061307190016206145,0.43075069923887394,-0.22183553730571906
2175,-0.061307190059128706,0.43075069923887394,-0.22183553730562813
2176,-0.061307190059132946,0.43075069923881165,-0.22183553730562813
2177,-0.061307190059132946,0.43075069967182483,-0.22183553730562813
2178,-0.061307190059128706,0.43075069923881165,-0.22183553730562813
2179,-0.061307190059132946,0.43075069923881165,-0.22183553730562813
2180,-0.06130719005913083,0.43075069923887394,-0.22183553730562813
2181,-0.06130719005913083,0.43075069923887394,-0.22183553730571906
2182,-0.061307190059132946,0.43075069967182483,-0.22183553730562813
2183,-0.06130719005913083,0.43075069923874937,-0.22183553730562813
2184,-0.06130719005913083,0.43075069923887394,-0.22183553730562813
2185,0.013039630119229765,0.08157215223369439,0.5199824656608621
2186,0.013039630119229765,0.08157215266652067,0.5199824656609531
2187,0.013039630119229765,0.0815721522336321,0.5199824656608621
2188,0.013039630119229765,0.08157215223375669,0.5199824656608621
2189,0.013039630119229765,0.0815721522336321,0.5199824656609531
2190,0.01303963007630508,0.08157215266652067,0.5199824656608621
2191,0.013039630119229765,0.08157215223369439,0.5199824656608621
2192,0.013039630119229765,0.0815721522336321,0.5199824656609531
2193,0.013039630119231888,0.0815721522336321,0.5199824656608621
2194,0.013039630119229765,0.08157215266658296,0.5199824656608621
2195,0.013039630119229765,0.0815721522336321,0.5199824656609531
2196,0.013039630119229765,0.0815721522336321,0.5199824656608621
2197,0.013039630119229765,0.08157215223369439,0.5199824656609531
2198,0.013039630119229765,0.08157215266658296,0.5199824656608621
2199,0.013039630119229765,0.0815721522336321,0.5199824656608621
2200,0.013039630119229765,0.0815721522336321,0.5199824656609531
2201,0.013039630119229765,0.08157215223369439,0.5199824656608621
2202,0.013039630076307204,0.08157215266658296,0.5199824656608621
2203,0.013039630119229765,0.0815721522335698,0.5199824656609531
2204,0.013039630119229765,0.08157215223369439,0.5199824656608621
2205,0.013039630119229765,0.08157215223369439,0.5199824656608621
2206,0.013039630119229765,0.08157215266652067,0.5199824656609531
2207,0.013039630119229765,0.08157215223369439,0.5199824656608621
2208,0.22121555722446948,-0.1034091324862865,-0.5380674359840751
2209,0.22121555722446948,-0.10340913291911277,-0.5380674359839842
2210,0.2212155572244716,-0.1034091324862865,-0.5380674359840751
2211,0.22121555722446523,-0.1034091324861619,-0.5380674359840751
2212,0.22121555722446948,-0.10340913291917507,-0.5380674359839842
2213,0.2212155572244716,-0.1034091324862865,-0.5380674359840751
2214,0.22121555722446948,-0.1034091324862242,-0.5380674359840751
2215,0.22121555722446948,-0.10340913291917507,-0.5380674359840751
2216,0.22121555722446734,-0.1034091324862242,-0.5380674359839842
2217,0.22121555722446948,-0.1034091324862242,-0.5380674359840751
2218,0.22121555722446948,-0.10340913291917507,-0.5380674359840751
2219,0.22121555722446948,-0.1034091324862242,-0.5380674359839842
2220,0.22121555722446734,-0.1034091324862865,-0.5380674359840751
2221,0.22121555722446948,-0.10340913291911277,-0.5380674359840751
2222,0.22121555722446734,-0.1034091324862865,-0.5380674359839842
2223,0.2212155572244716,-0.10340913291911277,-0.5380674359840751
2224,0.22121555722446734,-0.1034091324862242,-0.5380674359840751
2225,0.22121555722446948,-0.1034091324862242,-0.5380674359839842
2226,0.22121555722446734,-0.10340913291917507,-0.5380674359840751
2227,0.22121555722447372,-0.1034091324862242,-0.5380674359840751
2228,0.22121555722446734,-0.1034091324862865,-0.5380674359839842
2229,0.22121555722446948,-0.10340913291917507,-0.5380674359840751
2230,0.22121555722446734,-0.1034091324862242,-0.5380674359840751
2231,0.2212155572244716,-0.1034091324861619,-0.5380674359840751
2232,0.22121555722446734,-0.10340913291917507,-0.5380674359839842
2233,0.22121555722447372,-0.1034091324862865,-0.5380674359840751
2234,0.22121555722446523,-0.1034091324862865,-0.5380674359840751
2235,0.2212155572244716,-0.10340913291911277,-0.5380674359839842
2236,0.22121555722446734,-0.1034091324862242,-0.5380674359840751
2237,-0.031088159506906465,-0.06942738547508243,-1.608107930349348
2238,-0.031088159506902222,-0.06942738547508243,-1.608107930349348
2239,-0.03108815954983115,-0.06942738547508243,-1.608107930349348
2240,-0.03108815950690859,-0.06942738547502013,-1.608107930349348
2241,-0.031088159506906465,-0.06942738547508243,-1.608107930349348
2242,-0.031088159506902222,-0.06942738547508243,-1.608107930349348
2243,-0.031088159549833273,-0.06942738547502013,-1.608107930349348
2244,-0.031088159506904346,-0.06942738547514471,-1.608107930349348
2245,-0.031088159506904346,-0.06942738547502013,-1.608107930349348
2246,-0.031088159506902222,-0.06942738547514471,-1.608107930349348
2247,-0.031088159506910712,-0.06942738547508243,-1.608107930349348
2248,-0.03108815954982903,-0.06942738504213154,-1.608107930349348
2249,-0.031088159506906465,-0.06942738547508243,-1.608107930349348
2250,-0.031088159506906465,-0.06942738547508243,-1.608107930349348
2251,-0.031088159506902222,-0.06942738547502013,-1.608107930349348
2252,-0.031088159506906465,-0.06942738547508243,-1.608107930349348
2253,-0.03108815954983115,-0.06942738547508243,-1.608107930349348
2254,-0.031088159506904346,-0.06942738547514471,-1.608107930349348
2255,-0.031088159506906465,-0.06942738547502013,-1.608107930349348
2256,-0.031088159506906465,-0.06942738547508243,-1.608107930349348
2257,-0.03108815954982903,-0.06942738547508243,-1.608107930349348
2258,-0.031088159506904346,-0.06942738547502013,-1.608107930349348
2259,-0.031088159506904346,-0.06942738547514471,-1.608107930349348
2260,0.2862116611626912,0.36749993230843503,-1.4374897896670187
2261,0.2862116611626933,0.36749993187535956,-1.4374897896671097
2262,0.2862116611626912,0.36749993230837275,-1.4374897896670187
2263,0.2862116611626912,0.3674999323083104,-1.4374897896670187
2264,0.2862116611626912,0.36749993187548413,-1.4374897896670187
2265,0.2862116611626997,0.3674999323083104,-1.4374897896671097
2266,0.2862116611626912,0.36749993230837275,-1.4374897896670187
2267,0.28621166120561586,0.36749993187548413,-1.4374897896670187
2268,0.2862116611626912,0.3674999323082481,-1.4374897896670187
2269,0.2862116611626912,0.36749993230843503,-1.4374897896671097
2270,0.2862116611626954,0.36749993187535956,-1.4374897896670187
2271,0.2862116611626954,0.36749993230837275,-1.4374897896670187
2272,0.2862116611626869,0.36749993230837275,-1.4374897896670187
2273,0.2862116611626954,0.36749993187542185,-1.4374897896671097
2274,0.2862116611626869,0.36749993230837275,-1.4374897896670187
2275,0.07058356092319241,0.2209563411542806,0.1021748740862574
2276,0.07058356092318392,0.22095634115421828,0.10217487408616648
2277,0.07058356092318392,0.22095634115434287,0.1021748740862574
2278,0.07058356088025924,0.2209563411542806,0.1021748740862574
2279,0.07058356092318392,0.22095634115421828,0.1021748740862574
2280,0.07058356092318392,0.22095634115434287,0.10217487408616648
2281,0.07058356092318392,0.22095634072132972,0.1021748740862574
2282,0.07058356092318817,0.22095634115421828,0.1021748740862574
2283,0.07058356092318392,0.22095634115434287,0.1021748740862574
2284,0.07058356088026348,0.22095634115421828,0.10217487408616648
2285,0.07058356092318392,0.22095634115434287,0.1021748740862574
2286,0.07058356092318392,0.2209563411542806,0.1021748740862574
2287,0.07058356092318392,0.22095634115421828,0.1021748740862574
2288,0.07058356092318817,0.2209563411542806,0.10217487408616648
2289,0.07058356092318392,0.2209563411542806,0.1021748740862574
2290,0.07058356092318392,0.22095634115421828,0.1021748740862574
2291,0.07058356088026348,0.22095634115434287,0.10217487408616648
2292,0.07058356092318392,0.2209563411542806,0.1021748740862574
2293,0.07058356092318392,0.22095634115421828,0.1021748740862574
2294,0.07058356092317968,0.220956340721392,0.1021748740862574
2295,0.07058356092319241,0.2209563411542806,0.10217487408616648
2296,0.07058356092318392,0.2209563411542806,0.1021748740862574
2297,0.07058356088025924,0.22095634115421828,0.1021748740862574
2298,0.07058356092318392,0.2209563411542806,0.1021748740862574
2299,0.07058356092318392,0.22095634115434287,0.10217487408616648
2300,0.07058356092318392,0.22095634115421828,0.1021748740862574
2301,0.11437010999670014,0.2740744873299183,-0.6128354430359431
2302,0.11437011003962481,0.27407448689702973,-0.6128354430358521
2303,0.11437010999670014,0.274074487329856,-0.6128354430359431
2304,0.1143701099966874,0.2740744868969051,-0.6128354430359431
2305,0.11437010999670014,0.2740744873299806,-0.6128354430359431
2306,0.11437011003962481,0.27407448689696745,-0.6128354430358521
2307,0.11437010999670438,0.2740744873299183,-0.6128354430359431
2308,0.11437010999669164,0.27407448689702973,-0.6128354430359431
2309,0.11437011003962481,0.274074487329856,-0.6128354430358521
2310,0.11437010999669589,0.2740744873299183,-0.6128354430359431
2311,0.11437010999670014,0.27407448689696745,-0.6128354430359431
2312,0.11437010999669589,0.2740744873299183,-0.6128354430359431
2313,0.11437011003962057,0.2740744868969051,-0.6128354430358521
2314,0.11437010999670014,0.2740744873299806,-0.6128354430359431
2315,0.11437010999669589,0.2740744868969051,-0.6128354430359431
2316,0.11437010999669589,0.2740744873299183,-0.6128354430359431
2317,0.11437011003962481,0.27407448689702973,-0.6128354430358521
2318,0.11437010999669164,0.274074487329856,-0.6128354430359431
2319,0.20990044601169058,0.2922464843754599,-0.5641943064378986
2320,0.20990044601167784,0.292246484375273,-0.5641943064378986
2321,0.20990044601168634,0.29224648437539763,-0.5641943064378986
2322,0.2099004460116821,0.2922464848083485,-0.5641943064378986
2323,0.20990044601168634,0.29224648437539763,-0.5641943064378986
2324,0.2099004460116821,0.29224648437539763,-0.5641943064378986
2325,0.20990044601167784,0.29224648437539763,-0.5641943064378986
2326,0.20990044601168634,0.29224648437539763,-0.5641943064378986
2327,0.2099004460116821,0.2922464843753353,-0.5641943064378986
2328,0.20990044605461103,0.2922464848083485,-0.5641943064378077
2329,0.20990044601167784,0.29224648437539763,-0.5641943064378986
2330,0.20990044601168634,0.2922464843753353,-0.5641943064378986
2331,0.2099004460116821,0.29224648437539763,-0.5641943064378986
2332,0.20990044601167784,0.29224648437539763,-0.5641943064378986
2333,0.20990044601168634,0.2922464843753353,-0.5641943064378986
2334,0.2099004460116821,0.2922464848083485,-0.5641943064378986
2335,0.20990044601168634,0.29224648437539763,-0.5641943064378986
2336,0.20990044601167784,0.29224648437539763,-0.5641943064378986
2337,0.20990044601168634,0.29224648437539763,-0.5641943064378986
2338,0.004284116278966468,0.27745946706978225,-0.7016990579746221
2339,0.0042841163218953985,0.27745946706984453,-0.7016990579746221
2340,0.004284116278970714,0.2774594670699068,-0.7016990579746221
2341,0.004284116321899643,0.27745946706978225,-0.7016990579746221
2342,0.004284116278970714,0.2774594666368937,-0.7016990579746221
2343,0.0042841163218953985,0.2774594670699068,-0.7016990579746221
2344,0.004284116278970714,0.27745946706984453,-0.7016990579746221
2345,0.004284116321891153,0.27745946706984453,-0.7016990579746221
2346,0.004284116278966468,0.27745946706984453,-0.7016990579746221
2347,0.00428411627897496,0.27745946706984453,-0.7016990579745311
2348,0.0042841163218953985,0.27745946706978225,-0.7016990579746221
2349,0.004284116278966468,0.27745946706984453,-0.7016990579746221
2350,0.004284116321891153,0.2774594670699068,-0.7016990579746221
2351,0.00428411627897496,0.277459466636956,-0.7016990579746221
2352,0.0042841163218953985,0.27745946706971997,-0.7016990579746221
2353,0.004284116278966468,0.2774594670699068,-0.7016990579746221
2354,0.0042841163218953985,0.27745946706984453,-0.7016990579746221
2355,0.00428411627897496,0.27745946706984453,-0.7016990579746221
2356,0.27360372127564025,0.3146942459408989,0.9928914425520907
2357,0.27360372127564453,0.3146942459408366,0.9928914425519998
2358,0.27360372127563604,0.3146942455080726,0.9928914425520907
2359,0.27360372127564453,0.3146942459408989,0.9928914425520907
2360,0.27360372127564875,0.3146942459408366,0.9928914425519998
2361,0.2736037212327156,0.3146942459408989,0.9928914425520907
2362,0.27360372127564025,0.31469424550801034,0.9928914425520907
2363,0.27360372127564875,0.3146942459408366,0.9928914425519998
2364,0.27360372127564453,0.3146942459408989,0.9928914425520907
2365,0.27360372127564453,0.3146942459408989,0.9928914425520907
2366,0.27360372127563604,0.3146942459409612,0.9928914425519998
2367,0.27360372127564453,0.3146942455078857,0.9928914425520907
2368,0.27360372127564875,0.3146942459409612,0.9928914425519998
2369,0.27360372127563176,0.3146942459408989,0.9928914425520907
2370,0.27360372127564453,0.3146942459408366,0.9928914425520907
2371,0.27360372127564875,0.3146942459408989,0.9928914425519998
2372,0.27360372127564453,0.31469424550801034,0.9928914425520907
2373,0.27360372123271137,0.3146942459408366,0.9928914425520907
2374,0.27360372127564875,0.3146942459408989,0.9928914425519998
2375,0.27360372127564453,0.3146942459409612,0.9928914425520907
2376,0.27360372127564025,0.31469424550794806,0.9928914425520907
2377,0.27360372127564025,0.3146942459408366,0.9928914425519998
2378,0.27360372127564453,0.3146942459409612,0.9928914425520907
2379,0.12430469967931544,-0.017372281742976076,0.8391960250623846
2380,0.12430469967932392,-0.01737228174303837,0.8391960250624755
2381,0.12430469967931544,-0.01737228130996291,0.8391960250623846
2382,0.12430469967931544,-0.01737228174303837,0.8391960250624755
2383,0.12430469967931544,-0.017372281742976076,0.8391960250623846
2384,0.12430469972224012,-0.017372281310025203,0.8391960250624755
2385,0.12430469967932392,-0.017372281742976076,0.8391960250623846
2386,0.12430469967931544,-0.01737228174303837,0.8391960250624755
2387,0.12430469967931544,-0.01737228174291378,0.8391960250623846
2388,0.12430469967931544,-0.017372281742976076,0.8391960250624755
2389,0.12430469967931544,-0.0173722813100875,0.8391960250623846
2390,0.1243046996793112,-0.01737228174291378,0.8391960250623846
2391,0.12430469967932817,-0.01737228174303837,0.8391960250624755
2392,0.1243046996793112,-0.017372281310025203,0.8391960250623846
2393,0.12430469972224012,-0.017372281742976076,0.8391960250624755
2394,0.12430469967931967,-0.017372281742976076,0.8391960250623846
2395,0.1243046996793112,-0.01737228174303837,0.8391960250624755
2396,0.12430469967931967,-0.01737228174291378,0.8391960250623846
2397,0.12430469967931967,-0.0173722813100875,0.8391960250624755
2398,0.12430469967931967,-0.017372281742976076,0.8391960250623846
2399,0.42489900000608344,-0.09591853231999677,-0.06419921167524895
2400,0.42489900000608344,-0.09591853275294764,-0.06419921167524895
2401,0.42489900000609193,-0.09591853231993448,-0.06419921167524895
2402,0.42489900000608344,-0.09591853231999677,-0.06419921167524895
2403,0.42489900000608344,-0.09591853275294764,-0.06419921167524895
2404,0.42489900000609193,-0.09591853231993448,-0.06419921167524895
2405,0.42489900000608344,-0.09591853232005906,-0.06419921167524895
2406,0.42489900000608344,-0.09591853275294764,-0.06419921167524895
2407,0.42489900000608344,-0.09591853231993448,-0.06419921167524895
2408,0.42489900000609193,-0.09591853231999677,-0.06419921167524895
2409,0.42489900000608344,-0.09591853275288535,-0.06419921167524895
2410,0.42489900000609193,-0.09591853232005906,-0.06419921167524895
2411,0.42489900000608344,-0.09591853275294764,-0.06419921167524895
2412,0.42489900000609193,-0.09591853231993448,-0.06419921167524895
2413,0.42489900000607495,-0.09591853232005906,-0.06419921167524895
2414,0.42489900000609193,-0.09591853275288535,-0.06419921167524895
2415,0.42489900000608344,-0.09591853231993448,-0.06419921167524895
2416,0.42489900000609193,-0.09591853232005906,-0.06419921167524895
2417,0.42489900000608344,-0.09591853275288535,-0.06419921167524895
2418,0.42489900000607495,-0.09591853231999677,-0.06419921167524895
2419,0.42489900000609193,-0.09591853232005906,-0.06419921167524895
2420,0.42489900000608344,-0.09591853275288535,-0.06419921167524895
2421,0.42489900000609193,-0.09591853231999677,-0.06419921167524895
2422,0.13902351436352417,0.19283496967500624,0.19501560186134542
2423,0.13902351436352417,0.19283496967500624,0.19501560186134542
2424,0.13902351436352417,0.19283496967494393,0.19501560186134542
2425,0.13902351436353266,0.19283496967506852,0.19501560186134542
2426,0.13902351436352417,0.19283496967500624,0.19501560186134542
2427,0.13902351436352417,0.1928349701078948,0.19501560186134542
2428,0.13902351436352417,0.19283496967500624,0.19501560186134542
2429,0.13902351436353266,0.19283496967494393,0.19501560186134542
2430,0.13902351436352417,0.19283496967500624,0.19501560186134542
2431,0.13902351436352417,0.19283496967500624,0.19501560186134542
2432,0.1390235144064531,0.19283496967500624,0.19501560186134542
2433,0.13902351436352417,0.19283496967506852,0.19501560186134542
2434,0.13902351436353266,0.19283496967494393,0.19501560186134542
2435,0.13902351436351568,0.19283496967494393,0.19501560186134542
2436,0.13902351436352417,0.19283496967506852,0.19501560186134542
2437,0.13902351436353266,0.19283496967494393,0.19501560186134542
2438,0.13902351436352417,0.1928349701078948,0.19501560186134542
2439,0.13902351436352417,0.19283496967506852,0.19501560186134542
2440,0.13902351436352417,0.19283496967494393,0.19501560186134542
2441,0.13902351436353266,0.19283496967500624,0.19501560186134542
2442,0.13902351436352417,0.19283496967500624,0.19501560186134542
2443,0.13902351436352417,0.19283496967494393,0.19501560186134542
2444,0.2692960084876976,-0.04174413682294934,0.9191732785072321
2445,0.26929600844477714,-0.04174413682294934,0.919173278507323
2446,0.2692960084876976,-0.04174413682294934,0.9191732785072321
2447,0.2692960084876891,-0.04174413682307393,0.9191732785072321
2448,0.26929600844477714,-0.04174413725590021,0.9191732785072321
2449,0.2692960084876976,-0.04174413682294934,0.919173278507323
2450,0.2692960084876976,-0.04174413682301163,0.9191732785072321
2451,0.26929600844477714,-0.04174413682301163,0.9191732785072321
2452,0.2692960084876891,-0.04174413682294934,0.919173278507323
2453,0.26929600844477714,-0.04174413682301163,0.9191732785072321
2454,0.2692960084876976,-0.04174413682294934,0.9191732785072321
2455,0.2692960084876976,-0.04174413682301163,0.919173278507323
2456,0.26929600844477714,-0.04174413682301163,0.9191732785072321
2457,0.2692960084876891,-0.04174413682294934,0.9191732785072321
2458,0.2692960084877061,-0.04174413682294934,0.919173278507323
2459,0.26929600844476864,-0.04174413725590021,0.9191732785072321
2460,0.2692960084876976,-0.04174413682307393,0.9191732785072321
2461,0.2692960084877061,-0.04174413682294934,0.9191732785072321
2462,0.26929600844476015,-0.04174413682301163,0.919173278507323
2463,0.2692960084877061,-0.04174413682294934,0.9191732785072321
2464,-0.11654197437322157,-0.1339694525855099,0.1756271767838287
2465,-0.11654197433029263,-0.1339694525855099,0.1756271767838287
2466,-0.11654197437322157,-0.13396945301846078,0.1756271767838287
2467,-0.11654197437321308,-0.1339694525853853,0.17562717678373777
2468,-0.11654197433030113,-0.1339694525855099,0.1756271767838287
2469,-0.11654197437321308,-0.1339694525855099,0.1756271767838287
2470,-0.11654197433030113,-0.1339694525855099,0.1756271767838287
2471,-0.11654197437320458,-0.1339694530183985,0.1756271767838287
2472,-0.11654197437323006,-0.1339694525855099,0.1756271767838287
2473,-0.11654197433029263,-0.1339694525855099,0.17562717678373777
2474,-0.11654197437320458,-0.13396945258544762,0.1756271767838287
2475,-0.11654197437322157,-0.1339694530183985,0.1756271767838287
2476,-0.11654197433029263,-0.1339694525855099,0.1756271767838287
2477,-0.11654197437323006,-0.1339694525855099,0.1756271767838287
2478,-0.11654197437320458,-0.13396945258544762,0.1756271767838287
2479,-0.11654197433030113,-0.1339694525855099,0.1756271767838287
2480,-0.11654197437321308,-0.13396945301846078,0.17562717678373777
2481,-0.11654197433029263,-0.13396945258544762,0.1756271767838287
2482,-0.11654197437322157,-0.1339694525855099,0.1756271767838287
2483,-0.11654197437322157,-0.1339694525855099,0.1756271767838287
2484,-0.11654197433029263,-0.1339694525855099,0.1756271767838287
2485,-0.11654197437321308,-0.13396945301833618,0.1756271767838287
2486,-0.11654197437322157,-0.1339694525855099,0.1756271767838287
2487,-0.11654197433028415,-0.1339694525855099,0.17562717678373777
2488,-0.11654197437323006,-0.1339694525855099,0.1756271767838287
2489,-0.11654197437321308,-0.1339694530183985,0.1756271767838287
2490,-0.11654197433030113,-0.1339694525855099,0.1756271767838287
2491,-0.11654197437321308,-0.1339694525855099,0.1756271767838287
2492,-0.11654197433029263,-0.13396945258544762,0.1756271767838287
2493,-0.11654197437322157,-0.1339694525855099,0.17562717678373777
2494,-0.11654197437320458,-0.1339694530183985,0.1756271767838287
2495,-0.11654197433030113,-0.1339694525855099,0.1756271767838287
2496,-0.11654197437322157,-0.13396945258544762,0.1756271767838287
2497,0.0821498191503911,-0.039600316479819465,-0.518047587101346
2498,0.08214981919331153,-0.0396003160468063,-0.5180475871012551
2499,0.0821498191503911,-0.03960031647975717,-0.518047587101346
2500,0.08214981919332852,-0.039600316046868596,-0.5180475871012551
2501,0.08214981915038261,-0.03960031647969487,-0.518047587101346
2502,0.0821498191503911,-0.039600316046868596,-0.5180475871012551
2503,0.08214981919331153,-0.03960031647975717,-0.518047587101346
2504,0.0821498191503911,-0.039600316046868596,-0.5180475871012551
2505,0.08214981919332003,-0.03960031647975717,-0.518047587101346
2506,0.0821498191503911,-0.0396003160468063,-0.518047587101346
2507,0.08214981915038261,-0.039600316479819465,-0.5180475871012551
2508,0.08214981919332003,-0.0396003160468063,-0.518047587101346
2509,0.0821498191503911,-0.039600316479819465,-0.5180475871012551
2510,0.08214981919332852,-0.0396003160468063,-0.518047587101346
2511,0.08214981915038261,-0.03960031647975717,-0.5180475871012551
2512,0.08214981919331153,-0.039600316046868596,-0.518047587101346
2513,0.0821498191503911,-0.03960031647969487,-0.5180475871012551
2514,0.0821498191503911,-0.039600316046868596,-0.518047587101346
2515,0.08214981919332003,-0.03960031647975717,-0.518047587101346
2516,0.08214981915038261,-0.039600316046868596,-0.5180475871012551
2517,0.08214981919332003,-0.03960031647975717,-0.518047587101346
2518,0.08214981915038261,-0.0396003160468063,-0.5180475871012551
2519,0.0821498191503996,-0.039600316479819465,-0.518047587101346
2520,0.08214981919332003,-0.039600316046744,-0.5180475871012551
2521,0.0821498191503911,-0.039600316479881756,-0.518047587101346
2522,0.08214981919331153,-0.039600316046744,-0.5180475871012551
2523,0.0821498191503911,-0.03960031647975717,-0.518047587101346
2524,0.11939370374834563,0.11028513750547653,0.33198544353808684
2525,0.11939370374832864,0.11028513750547653,0.33198544353817777
2526,0.11939370374833713,0.11028513750553881,0.33198544353808684
2527,0.1193937037054167,0.11028513750541423,0.33198544353817777
2528,0.11939370374834563,0.11028513750547653,0.33198544353808684
2529,0.11939370374832864,0.11028513750553881,0.33198544353817777
2530,0.11939370374833713,0.11028513750547653,0.33198544353808684
2531,0.11939370374833713,0.11028513707258794,0.33198544353808684
2532,0.11939370374833713,0.11028513750553881,0.33198544353817777
2533,0.1193937037054167,0.11028513750547653,0.33198544353808684
2534,0.11939370374834563,0.11028513750541423,0.33198544353817777
2535,0.11939370374833713,0.11028513750553881,0.33198544353808684
2536,0.11939370374833713,0.11028513750547653,0.33198544353808684
2537,0.11939370374834563,0.11028513750547653,0.33198544353817777
2538,0.11939370374833713,0.11028513750553881,0.33198544353808684
2539,0.11939370370540821,0.11028513750547653,0.33198544353817777
2540,0.11939370374832864,0.11028513750547653,0.33198544353808684
2541,0.11939370374835412,0.11028513750553881,0.33198544353817777
2542,0.11939370374833713,0.11028513750547653,0.33198544353808684
2543,0.11939370374833713,0.11028513750541423,0.33198544353808684
2544,0.11939370374832864,0.11028513750553881,0.33198544353817777
2545,0.11939370370540821,0.11028513750553881,0.33198544353808684
2546,0.11939370374834563,0.11028513750547653,0.33198544353817777
2547,0.11939370374833713,0.11028513707258794,0.33198544353808684
2548,0.11939370374834563,0.11028513750547653,0.33198544353808684
2549,0.11939370374832864,0.11028513750541423,0.33198544353817777
2550,0.11939370374834563,0.11028513750553881,0.33198544353808684
2551,0.1193937037054167,0.11028513750547653,0.33198544353817777
2552,0.11939370374832864,0.11028513750547653,0.33198544353808684
2553,0.11939370374834563,0.11028513750553881,0.33198544353817777
2554,0.11939370374832864,0.11028513750547653,0.33198544353808684
2555,0.03676424821025788,-0.00567772214590876,0.043035366576203944
2556,0.03676424816734593,-0.00567772214590876,0.04303536657611302
2557,0.03676424821025788,-0.005677721713020185,0.043035366576203944
2558,0.03676424821025788,-0.00567772214603335,0.04303536657611302
2559,0.03676424816733744,-0.005677722145971055,0.043035366576203944
2560,0.03676424821025788,-0.00567772214590876,0.04303536657611302
2561,0.03676424821026637,-0.00567772214590876,0.043035366576203944
2562,0.03676424816732895,-0.005677721713020185,0.04303536657611302
2563,0.03676424821024939,-0.005677722145971055,0.043035366576203944
2564,0.03676424821027486,-0.00567772214590876,0.04303536657611302
2565,0.03676424816733744,-0.00567772214603335,0.043035366576203944
2566,0.03676424821025788,-0.00567772214590876,0.04303536657611302
2567,0.03676424821025788,-0.005677721713020185,0.043035366576203944
2568,0.03676424816732895,-0.00567772214590876,0.04303536657611302
2569,0.03676424821025788,-0.005677722145971055,0.043035366576203944
2570,0.03676424821027486,-0.00567772214590876,0.04303536657611302
2571,0.03676424821025788,-0.00567772214603335,0.043035366576203944
2572,0.03676424816732895,-0.00567772214590876,0.04303536657611302
2573,0.03676424821025788,-0.005677721713020185,0.043035366576203944
2574,0.03676424821027486,-0.00567772214590876,0.04303536657611302
2575,0.036764248167320455,-0.005677722145971055,0.043035366576203944
2576,0.03676424821025788,-0.00567772214590876,0.04303536657611302
2577,0.0367642482102409,-0.005677722145971055,0.043035366576203944
2578,0.03676424816733744,-0.00567772171308248,0.04303536657611302
2579,0.03676424821027486,-0.00567772214590876,0.043035366576203944
2580,0.03676424821024939,-0.005677722145971055,0.04303536657611302
2581,0.03676424816733744,-0.00567772214590876,0.043035366576203944
2582,0.03676424821025788,-0.005677722145971055,0.04303536657611302
2583,0.03676424821025788,-0.005677721713020185,0.043035366576203944
2584,0.03676424816734593,-0.00567772214590876,0.04303536657611302
2585,0.03676424821025788,-0.005677722145971055,0.043035366576203944
2586,0.3364753148709057,0.2781364631044324,-0.6867699706648795
2587,0.3364753148709227,0.2781364631044324,-0.6867699706649705
2588,0.3364753148709057,0.27813646267148157,-0.6867699706648795
2589,0.33647531491384314,0.2781364631044324,-0.6867699706649705
2590,0.3364753148709057,0.2781364631043701,-0.6867699706648795
2591,0.3364753148709227,0.2781364631044947,-0.6867699706648795
2592,0.3364753148709057,0.2781364626714193,-0.6867699706649705
2593,0.3364753148709057,0.2781364631044947,-0.6867699706648795
2594,0.3364753148709057,0.2781364631043701,-0.6867699706649705
2595,0.33647531491384314,0.2781364631044324,-0.6867699706648795
2596,0.3364753148709057,0.27813646267148157,-0.6867699706648795
2597,0.3364753148709227,0.2781364631043701,-0.6867699706649705
2598,0.3364753148709057,0.2781364631044947,-0.6867699706648795
2599,0.3364753148709227,0.2781364631043701,-0.6867699706649705
2600,0.3364753148709057,0.27813646267154385,-0.6867699706648795
2601,0.33647531491384314,0.2781364631043701,-0.6867699706648795
2602,0.3364753148709227,0.2781364631044324,-0.6867699706649705
2603,0.3364753148709057,0.2781364631044324,-0.6867699706648795
2604,0.3364753148709057,0.2781364626714193,-0.6867699706649705
2605,0.3364753148709057,0.2781364631044947,-0.6867699706648795
2606,0.3364753148709057,0.2781364631043701,-0.6867699706648795
2607,0.33647531491384314,0.2781364631044324,-0.6867699706649705
2608,0.3364753148709227,0.27813646267148157,-0.6867699706648795
2609,0.3364753148709057,0.2781364631044324,-0.6867699706649705
2610,0.3364753148709057,0.2781364631044324,-0.6867699706648795
2611,0.46986731896088596,-0.08256699424438729,-0.008562861452762171
2612,0.46986731896089445,-0.08256699467727587,-0.008562861452762171
2613,0.46986731896088596,-0.082566994244325,-0.008562861452762171
2614,0.46986731896088596,-0.082566994244325,-0.008562861452762171
2615,0.46986731896088596,-0.08256699467727587,-0.008562861452762171
2616,0.46986731896088596,-0.08256699424438729,-0.008562861452762171
2617,0.4698673190038319,-0.08256699424438729,-0.008562861452762171
2618,0.469867318960869,-0.08256699467727587,-0.008562861452762171
2619,0.46986731896088596,-0.082566994244325,-0.008562861452762171
2620,0.46986731896088596,-0.082566994244325,-0.008562861452762171
2621,0.46986731896089445,-0.08256699467727587,-0.008562861452762171
2622,0.46986731896088596,-0.082566994244325,-0.008562861452762171
2623,0.46986731896088596,-0.08256699424438729,-0.008562861452762171
2624,0.469867318960869,-0.08256699424438729,-0.008562861452762171
2625,0.46986731896089445,-0.08256699467721357,-0.008562861452762171
2626,0.46986731896089445,-0.08256699424438729,-0.008562861452762171
2627,0.46986731896087747,-0.082566994244325,-0.008562861452762171
2628,0.46986731896089445,-0.08256699467727587,-0.008562861452762171
2629,0.4698673190038234,-0.08256699424438729,-0.008562861452762171
2630,0.46986731896087747,-0.0825669942442627,-0.008562861452762171
2631,0.46986731896087747,-0.08256699467733816,-0.008562861452762171
2632,0.46986731896089445,-0.082566994244325,-0.008562861452762171
2633,0.46986731896087747,-0.08256699424438729,-0.008562861452762171
2634,0.46986731896089445,-0.08256699467727587,-0.008562861452762171
2635,0.46986731896089445,-0.082566994244325,-0.008562861452762171
2636,0.14679694116618675,-0.24773318234592243,0.5820383947552513
2637,0.14679694116618675,-0.247733182778811,0.5820383947551604
2638,0.14679694120911568,-0.24773318234592243,0.5820383947552513
2639,0.14679694116618675,-0.24773318234592243,0.5820383947551604
2640,0.14679694116618675,-0.24773318277874873,0.5820383947552513
2641,0.14679694116618675,-0.24773318234598474,0.5820383947551604
2642,0.14679694120913267,-0.24773318234586014,0.5820383947552513
2643,0.14679694116618675,-0.247733182778811,0.5820383947551604
2644,0.14679694116618675,-0.24773318234592243,0.5820383947552513
2645,0.14679694116618675,-0.24773318234586014,0.5820383947551604
2646,0.14679694120911568,-0.247733182778811,0.5820383947552513
2647,0.14679694116620373,-0.24773318234598474,0.5820383947551604
2648,0.14679694116616976,-0.24773318234586014,0.5820383947552513
2649,0.14679694116620373,-0.247733182778811,0.5820383947552513
2650,0.14679694116618675,-0.24773318234592243,0.5820383947551604
2651,0.14679694120911568,-0.247733182778811,0.5820383947552513
2652,0.14679694116618675,-0.24773318234586014,0.5820383947551604
2653,0.14679694116620373,-0.24773318234586014,0.5820383947552513
2654,0.14679694116618675,-0.2477331827788733,0.5820383947551604
2655,0.14679694120911568,-0.24773318234592243,0.5820383947552513
2656,0.14679694116618675,-0.24773318234586014,0.5820383947551604
2657,0.14679694116618675,-0.2477331827788733,0.5820383947552513
2658,0.14679694116618675,-0.24773318234586014,0.5820383947551604
2659,0.14679694120913267,-0.24773318234586014,0.5820383947552513
2660,0.14679694116618675,-0.2477331827788733,0.5820383947551604
2661,0.14679694116618675,-0.24773318234586014,0.5820383947552513
2662,-0.2540535727712899,0.24941249090663406,0.21994357696107475
2663,-0.2540535727713069,0.24941249047380776,0.21994357696098382
2664,-0.2540535727713239,0.24941249090663406,0.21994357696107475
2665,-0.2540535727712899,0.24941249090669634,0.21994357696098382
2666,-0.2540535727713069,0.2494124904736832,0.21994357696107475
2667,-0.2540535727713069,0.24941249090675863,0.21994357696098382
2668,-0.2540535727712899,0.24941249090663406,0.21994357696107475
2669,-0.2540535727713239,0.24941249047374547,0.21994357696107475
2670,-0.2540535727712899,0.24941249090675863,0.21994357696098382
2671,-0.2540535727713069,0.24941249090663406,0.21994357696107475
2672,-0.2540535727713069,0.24941249047374547,0.21994357696098382
2673,-0.2540535727712899,0.24941249090669634,0.21994357696107475
2674,-0.2540535727713069,0.24941249090669634,0.21994357696098382
2675,-0.2540535727713239,0.24941249090663406,0.21994357696107475
2676,-0.2540535727712899,0.24941249047380776,0.21994357696107475
2677,-0.2540535727713069,0.24941249090663406,0.21994357696098382
2678,-0.2540535727713069,0.24941249090675863,0.21994357696107475
2679,-0.2540535727712899,0.2494124904736832,0.21994357696098382
2680,-0.2540535727713069,0.24941249090669634,0.21994357696107475
2681,-0.2540535727713069,0.24941249090669634,0.21994357696098382
2682,-0.2540535727712899,0.2494124904736832,0.21994357696107475
2683,-0.2540535727713069,0.24941249090675863,0.21994357696107475
2684,-0.2540535727713239,0.24941249090663406,0.21994357696098382
2685,-0.2540535727712899,0.24941249047380776,0.21994357696107475
2686,-0.2540535727713069,0.24941249090663406,0.21994357696098382
2687,-0.2540535727713069,0.24941249090675863,0.21994357696107475
2688,-0.2540535727713069,0.2494124904736832,0.21994357696098382
2689,-0.2540535727712899,0.24941249090669634,0.21994357696107475
2690,0.2593614188050611,0.09354222616315745,0.038831066514581784
2691,0.259361418805095,0.09354222616321975,0.038831066514490864
2692,0.25936141876214913,0.09354222616309515,0.038831066514581784
2693,0.259361418805078,0.09354222616321975,0.038831066514490864
2694,0.2593614188050611,0.09354222616309515,0.038831066514581784
2695,0.259361418805095,0.09354222616321975,0.038831066514581784
2696,0.259361418805078,0.09354222616315745,0.038831066514490864
2697,0.259361418805078,0.09354222616321975,0.038831066514581784
2698,0.25936141876214913,0.09354222616309515,0.038831066514490864
2699,0.259361418805095,0.09354222616321975,0.038831066514581784
2700,0.2593614188050611,0.09354222616321975,0.038831066514581784
2701,0.259361418805095,0.09354222616309515,0.038831066514490864
2702,0.2593614188050611,0.09354222616315745,0.038831066514581784
2703,0.25936141876214913,0.09354222659610832,0.038831066514490864
2704,0.259361418805078,0.09354222616321975,0.038831066514581784
2705,0.259361418805095,0.09354222616309515,0.038831066514490864
2706,0.259361418805078,0.09354222616321975,0.038831066514581784
2707,0.2593614188050611,0.09354222616315745,0.038831066514581784
2708,0.2593614187621661,0.09354222616321975,0.038831066514490864
2709,0.259361418805078,0.09354222616315745,0.038831066514581784
2710,0.259361418805078,0.09354222616315745,0.038831066514490864
2711,0.259361418805078,0.09354222616321975,0.038831066514581784
2712,0.259361418805095,0.09354222616309515,0.038831066514581784
2713,0.2593614188050611,0.09354222616321975,0.038831066514490864
2714,0.2593614187621661,0.09354222616315745,0.038831066514581784
2715,0.2593614188050611,0.09354222616315745,0.038831066514490864
2716,0.259361418805078,0.09354222616315745,0.038831066514581784
2717,0.37078992462352545,0.20197441527588514,-0.3924536779879573
2718,0.37078992462350846,0.201974415708836,-0.3924536779879573
2719,0.37078992462350846,0.20197441527582283,-0.3924536779879573
2720,0.37078992462352545,0.20197441527588514,-0.39245367798786635
2721,0.37078992462352545,0.201974415708836,-0.3924536779879573
2722,0.37078992462350846,0.20197441527588514,-0.3924536779879573
2723,0.37078992462352545,0.20197441527594742,-0.3924536779879573
2724,0.37078992462352545,0.2019744157087114,-0.3924536779879573
2725,0.37078992462350846,0.20197441527594742,-0.3924536779879573
2726,0.37078992462350846,0.20197441570877372,-0.39245367798786635
2727,0.37078992462350846,0.20197441527588514,-0.3924536779879573
2728,0.37078992462354243,0.20197441527594742,-0.3924536779879573
2729,0.3707899246234915,0.20197441570877372,-0.3924536779879573
2730,0.37078992462354243,0.20197441527588514,-0.3924536779879573
2731,0.3707899246234915,0.20197441527582283,-0.3924536779879573
2732,0.37078992462352545,0.2019744157088983,-0.3924536779879573
2733,0.37078992462354243,0.20197441527588514,-0.39245367798786635
2734,0.3707899246234915,0.20197441527582283,-0.3924536779879573
2735,0.37078992462350846,0.201974415708836,-0.3924536779879573
2736,0.37078992462352545,0.20197441527582283,-0.3924536779879573
2737,0.20256282915620274,0.19752186506591043,0.4097796950278875
2738,0.20256282919914864,0.19752186463289728,0.4097796950278875
2739,0.20256282915620274,0.19752186506591043,0.4097796950278875
2740,0.20256282919913166,0.19752186506584815,0.4097796950278875
2741,0.20256282915618576,0.19752186463295957,0.4097796950278875
2742,0.2025628291562197,0.19752186506584815,0.4097796950278875
2743,0.20256282919913166,0.19752186506584815,0.4097796950278875
2744,0.20256282915620274,0.19752186506578587,0.4097796950278875
2745,0.2025628291562197,0.19752186463289728,0.4097796950278875
2746,0.20256282919913166,0.19752186506584815,0.4097796950278875
2747,0.20256282915618576,0.19752186506584815,0.4097796950278875
2748,0.20256282919913166,0.19752186463295957,0.4097796950278875
2749,0.2025628291562197,0.19752186506584815,0.4097796950278875
2750,0.20256282915620274,0.19752186506584815,0.4097796950277966
2751,0.2025628291991147,0.19752186463295957,0.4097796950278875
2752,0.2025628291562367,0.19752186506578587,0.4097796950278875
2753,0.20256282919913166,0.19752186506591043,0.4097796950278875
2754,0.20256282915618576,0.19752186463289728,0.4097796950278875
2755,0.2025628291562197,0.19752186506584815,0.4097796950278875
2756,0.20256282919913166,0.19752186506584815,0.4097796950278875
2757,0.20256282915618576,0.19752186506591043,0.4097796950278875
2758,0.2025628291562197,0.19752186463289728,0.4097796950278875
2759,0.20256282919914864,0.19752186506584815,0.4097796950278875
2760,0.20256282915618576,0.19752186506584815,0.4097796950278875
2761,0.20256282919914864,0.19752186463289728,0.4097796950278875
2762,0.20256282915620274,0.19752186506584815,0.4097796950278875
2763,-0.02883118263447516,0.10031218607602309,-0.12704768137103115
2764,-0.028831182591563212,0.10031218564300992,-0.12704768137103115
2765,-0.028831182634492143,0.10031218607596079,-0.12704768137103115
2766,-0.028831182634458177,0.10031218607602309,-0.12704768137103115
2767,-0.028831182634492143,0.10031218607596079,-0.12704768137103115
2768,-0.02883118259154623,0.10031218564307222,-0.12704768137103115
2769,-0.028831182634458177,0.10031218607596079,-0.12704768137103115
2770,-0.028831182634492143,0.10031218607596079,-0.12704768137103115
2771,-0.02883118259154623,0.10031218607602309,-0.12704768137103115
2772,-0.028831182634492143,0.10031218564307222,-0.12704768137103115
2773,-0.02883118263447516,0.1003121860758985,-0.12704768137103115
2774,-0.02883118259154623,0.10031218607602309,-0.12704768137103115
2775,-0.02883118263447516,0.10031218607596079,-0.12704768137103115
2776,-0.02883118263447516,0.10031218564313452,-0.12704768137094022
2777,-0.02883118263447516,0.1003121860758985,-0.12704768137103115
2778,-0.028831182591563212,0.10031218607596079,-0.12704768137103115
2779,-0.02883118263447516,0.10031218607602309,-0.12704768137103115
2780,-0.02883118263447516,0.10031218564300992,-0.12704768137103115
2781,-0.028831182591563212,0.10031218607602309,-0.12704768137103115
2782,-0.02883118263447516,0.10031218607596079,-0.12704768137103115
2783,-0.028831182634458177,0.10031218607596079,-0.12704768137103115
2784,-0.02883118259154623,0.10031218564307222,-0.12704768137103115
2785,-0.028831182634492143,0.10031218607596079,-0.12704768137103115
2786,-0.028831182634458177,0.10031218607596079,-0.12704768137103115
2787,-0.028831182634492143,0.10031218607602309,-0.12704768137103115
2788,-0.028831182591563212,0.10031218564300992,-0.12704768137103115
2789,-0.02883118263447516,0.10031218607602309,-0.12704768137103115
2790,0.04858701620338105,0.18775749984864146,0.6756869735752662
2791,0.04858701620338105,0.18775749984857915,0.6756869735751753
2792,0.048587016203364065,0.18775749984857915,0.6756869735751753
2793,0.048587016203364065,0.18775749984870374,0.6756869735752662
2794,0.04858701620338105,0.18775749984857915,0.6756869735752662
2795,0.048587016203364065,0.18775749984864146,0.6756869735751753
2796,0.048587016246309976,0.18775749984857915,0.6756869735751753
2797,0.048587016203364065,0.18775749984870374,0.6756869735752662
2798,0.04858701620338105,0.18775749984857915,0.6756869735752662
2799,0.048587016203364065,0.18775750028153002,0.6756869735751753
2800,0.04858701620338105,0.18775749984857915,0.6756869735751753
2801,0.04858701620338105,0.18775749984870374,0.6756869735752662
2802,0.048587016203347086,0.18775749984857915,0.6756869735752662
2803,0.04858701620339803,0.18775749984864146,0.6756869735751753
2804,0.04858701620338105,0.18775749984864146,0.6756869735751753
2805,0.048587016203364065,0.18775749984864146,0.6756869735752662
2806,0.048587016203364065,0.18775749984857915,0.6756869735752662
2807,0.048587016246309976,0.18775749984864146,0.6756869735751753
2808,0.048587016203347086,0.18775749984864146,0.6756869735751753
2809,0.04858701620339803,0.18775749984864146,0.6756869735752662
2810,0.048587016203364065,0.18775749984857915,0.6756869735752662
2811,0.048587016203364065,0.18775749984857915,0.6756869735751753
2812,0.04858701620338105,0.18775749984870374,0.6756869735751753
2813,0.04858701620338105,0.18775749984857915,0.6756869735752662
2814,0.048587016203364065,0.18775749984857915,0.6756869735752662
2815,0.048587016203364065,0.18775749984864146,0.6756869735751753
2816,0.04858701620339803,0.18775750028159233,0.6756869735751753
2817,0.048587016203347086,0.18775749984857915,0.6756869735752662
2818,0.04858701620339803,0.18775749984864146,0.6756869735752662
2819,0.048587016203364065,0.18775749984864146,0.6756869735751753
2820,0.048587016246309976,0.18775749984857915,0.6756869735751753
2821,0.048587016203364065,0.18775749984864146,0.6756869735752662
2822,0.048587016203364065,0.18775749984864146,0.6756869735752662
2823,0.04858701620338105,0.18775749984857915,0.6756869735751753
2824,0.04858701620338105,0.18775749984870374,0.6756869735751753
2825,0.048587016203364065,0.18775749984857915,0.6756869735752662
2826,0.17142687502808082,0.17569850879446397,0.3313404656877259
2827,0.17142687507100976,0.17569850922753943,0.33134046568781683
2828,0.1714268750280978,0.17569850879446397,0.3313404656877259
2829,0.1714268750280978,0.17569850922741484,0.33134046568781683
2830,0.17142687507100976,0.17569850879458856,0.3313404656877259
2831,0.1714268750280978,0.17569850922741484,0.3313404656877259
2832,0.1714268750280978,0.17569850879452628,0.33134046568781683
2833,0.17142687507099277,0.17569850879452628,0.3313404656877259
2834,0.1714268750280978,0.17569850922741484,0.33134046568781683
2835,0.1714268750280978,0.17569850879452628,0.3313404656877259
2836,0.17142687502808082,0.17569850922747715,0.3313404656877259
2837,0.17142687507102675,0.17569850879452628,0.33134046568781683
2838,0.17142687502806386,0.17569850922741484,0.3313404656877259
2839,0.1714268750280978,0.17569850879458856,0.33134046568781683
2840,0.17142687507100976,0.17569850922741484,0.3313404656877259
2841,0.1714268750281148,0.17569850879446397,0.3313404656877259
2842,0.17142687502808082,0.17569850879458856,0.33134046568781683
2843,0.17142687507100976,0.17569850922741484,0.3313404656877259
2844,0.1714268750280978,0.17569850879446397,0.33134046568781683
2845,0.17142687502808082,0.17569850922753943,0.3313404656877259
2846,0.17142687507100976,0.17569850879446397,0.33134046568781683
2847,0.1714268750281148,0.17569850922753943,0.3313404656877259
2848,0.17142687502808082,0.17569850879446397,0.3313404656877259
2849,0.17142687502808082,0.17569850922741484,0.33134046568781683
2850,0.17142687507102675,0.17569850879458856,0.3313404656877259
2851,0.17142687502806386,0.17569850879446397,0.33134046568781683
2852,0.1714268750280978,0.17569850922747715,0.3313404656877259
2853,0.17142687507102675,0.17569850879452628,0.3313404656877259
2854,0.17142687502808082,0.17569850922741484,0.33134046568781683
2855,0.1714268750280978,0.17569850879452628,0.3313404656877259
2856,0.17142687507100976,0.17569850922747715,0.33134046568781683
2857,0.1714268750280978,0.17569850879452628,0.3313404656877259
2858,-0.24995411614665053,-0.15179829543954523,1.3810419171511104
2859,-0.2499541161037046,-0.15179829587243382,1.3810419171512012
2860,-0.24995411610368762,-0.15179829543948295,1.3810419171511104
2861,-0.2499541161466675,-0.15179829587243382,1.3810419171512012
2862,-0.24995411614663354,-0.15179829543954523,1.3810419171511104
2863,-0.24995411610368762,-0.1517982958724961,1.3810419171511104
2864,-0.2499541161037216,-0.15179829543948295,1.3810419171512012
2865,-0.24995411614663354,-0.15179829543948295,1.3810419171511104
2866,-0.24995411614663354,-0.1517982958724961,1.3810419171512012
2867,-0.2499541161037216,-0.15179829543948295,1.3810419171511104
2868,-0.24995411610368762,-0.1517982958724961,1.3810419171511104
2869,-0.24995411614663354,-0.15179829543948295,1.3810419171512012
2870,-0.24995411614663354,-0.15179829587243382,1.3810419171511104
2871,-0.2499541161037216,-0.15179829543954523,1.3810419171512012
2872,-0.2499541161037046,-0.15179829587243382,1.3810419171511104
2873,-0.24995411614665053,-0.15179829543948295,1.3810419171512012
2874,-0.24995411614663354,-0.15179829543954523,1.3810419171511104
2875,-0.24995411610368762,-0.15179829587243382,1.3810419171511104
2876,-0.2499541161037046,-0.15179829543954523,1.3810419171512012
2877,-0.24995411614665053,-0.15179829587243382,1.3810419171511104
2878,-0.24995411614663354,-0.15179829543948295,1.3810419171512012
2879,-0.2499541161037216,-0.15179829587243382,1.3810419171511104
2880,-0.24995411610368762,-0.15179829543954523,1.3810419171511104
2881,-0.2499541161466675,-0.1517982958724961,1.3810419171512012
2882,-0.24995411614663354,-0.15179829543948295,1.3810419171511104
2883,-0.24995411610368762,-0.15179829543948295,1.3810419171512012
2884,-0.2499541161037046,-0.1517982958724961,1.3810419171511104
2885,-0.2499541161466675,-0.15179829543948295,1.3810419171511104
2886,-0.24995411614661656,-0.15179829587243382,1.3810419171512012
2887,-0.2499541161037046,-0.15179829543954523,1.3810419171511104
2888,-0.2499541161037216,-0.15179829587243382,1.3810419171512012
2889,-0.24995411614661656,-0.15179829543954523,1.3810419171511104
2890,-0.09876526217032083,-0.010964164359129152,-0.9572585574880124
2891,-0.09876526217032083,-0.010964164792080022,-0.9572585574879214
2892,-0.09876526217030386,-0.010964164359191448,-0.9572585574880124
2893,-0.09876526217030386,-0.010964164792080022,-0.9572585574880124
2894,-0.09876526217030386,-0.010964164359191448,-0.9572585574879214
2895,-0.09876526217032083,-0.010964164359129152,-0.9572585574880124
2896,-0.09876526217030386,-0.010964164792080022,-0.9572585574880124
2897,-0.09876526217032083,-0.010964164359191448,-0.9572585574879214
2898,-0.09876526217030386,-0.010964164359129152,-0.9572585574880124
2899,-0.09876526217030386,-0.010964164792080022,-0.9572585574880124
2900,-0.09876526217033782,-0.010964164359191448,-0.9572585574879214
2901,-0.09876526217030386,-0.010964164792080022,-0.9572585574880124
2902,-0.09876526217030386,-0.010964164359129152,-0.9572585574880124
2903,-0.09876526217030386,-0.010964164359253742,-0.9572585574879214
2904,-0.09876526212739191,-0.010964164792017728,-0.9572585574880124
2905,-0.09876526217030386,-0.010964164359191448,-0.9572585574879214
2906,-0.09876526217032083,-0.010964164359191448,-0.9572585574880124
2907,-0.09876526217030386,-0.010964164792017728,-0.9572585574880124
2908,-0.09876526217032083,-0.010964164359129152,-0.9572585574879214
2909,-0.09876526217032083,-0.010964164792142317,-0.9572585574880124
2910,-0.09876526217028687,-0.010964164359191448,-0.9572585574880124
2911,-0.09876526217032083,-0.010964164359129152,-0.9572585574879214
2912,-0.09876526217032083,-0.010964164792142317,-0.9572585574880124
2913,-0.09876526217028687,-0.010964164359129152,-0.9572585574880124
2914,-0.09876526217032083,-0.010964164359129152,-0.9572585574879214
2915,-0.09876526217032083,-0.010964164792142317,-0.9572585574880124
2916,-0.09876526217030386,-0.010964164359129152,-0.9572585574880124
2917,-0.09876526217030386,-0.010964164792080022,-0.9572585574879214
2918,-0.09876526217030386,-0.010964164359191448,-0.9572585574880124
2919,0.12153017461965274,-0.028317050102735226,-0.4706536591340021
2920,0.12153017466259865,-0.028317049669722063,-0.4706536591340021
2921,0.1215301746196867,-0.028317050102797524,-0.4706536591340021
2922,0.12153017466256469,-0.028317050102672933,-0.4706536591340021
2923,0.1215301746196867,-0.02831704966984665,-0.4706536591340021
2924,0.12153017466259865,-0.028317050102735226,-0.4706536591340021
2925,0.12153017461966971,-0.028317050102672933,-0.47065365913391116
2926,0.12153017466259865,-0.02831704966984665,-0.4706536591340021
2927,0.12153017461966971,-0.028317050102735226,-0.4706536591340021
2928,0.12153017466259865,-0.028317050102735226,-0.4706536591340021
2929,0.12153017461966971,-0.02831704966984665,-0.4706536591340021
2930,0.12153017466259865,-0.028317050102672933,-0.4706536591340021
2931,0.12153017461966971,-0.028317050102735226,-0.4706536591340021
2932,0.12153017466258166,-0.028317049669784357,-0.4706536591340021
2933,0.1215301746196867,-0.028317050102735226,-0.4706536591340021
2934,0.12153017466259865,-0.028317050102797524,-0.4706536591340021
2935,0.12153017461966971,-0.028317049669722063,-0.4706536591340021
2936,0.12153017466259865,-0.028317050102735226,-0.4706536591340021
2937,0.12153017461966971,-0.028317050102735226,-0.4706536591340021
2938,0.12153017466258166,-0.028317049669784357,-0.4706536591340021
2939,0.1215301746196867,-0.028317050102735226,-0.47065365913391116
2940,0.12153017466258166,-0.028317050102735226,-0.4706536591340021
2941,0.1215301746196867,-0.028317049669784357,-0.4706536591340021
2942,0.12153017466259865,-0.028317050102672933,-0.4706536591340021
2943,0.12153017461966971,-0.028317050102797524,-0.4706536591340021
2944,0.12153017466259865,-0.028317049669784357,-0.4706536591340021
2945,0.12153017461966971,-0.028317050102797524,-0.4706536591340021
2946,0.15000770440328504,0.12082721541953238,-1.0555378156395752
2947,0.15000770444624792,0.12082721585235866,-1.0555378156396662
2948,0.15000770444623093,0.12082721541959468,-1.0555378156395752
2949,0.150007704403302,0.12082721585242095,-1.0555378156396662
2950,0.15000770440328504,0.12082721541940779,-1.0555378156395752
2951,0.15000770444624792,0.12082721585242095,-1.0555378156396662
2952,0.15000770444621395,0.12082721541947009,-1.0555378156396662
2953,0.150007704403302,0.12082721585242095,-1.0555378156395752
2954,0.15000770444623093,0.12082721541953238,-1.0555378156395752
2955,0.15000770440331898,0.12082721585235866,-1.0555378156396662
2956,0.15000770444623093,0.12082721541947009,-1.0555378156396662
2957,0.150007704403302,0.12082721541953238,-1.0555378156395752
2958,0.15000770440331898,0.12082721585235866,-1.0555378156395752
2959,0.15000770444621395,0.12082721541947009,-1.0555378156396662
2960,0.150007704403302,0.12082721585242095,-1.0555378156396662
2961,0.15000770444623093,0.12082721541947009,-1.0555378156395752
2962,0.150007704403302,0.12082721585242095,-1.0555378156395752
2963,0.15000770444624792,0.12082721541953238,-1.0555378156396662
2964,0.15000770444623093,0.12082721585235866,-1.0555378156396662
2965,0.15000770440328504,0.12082721541947009,-1.0555378156395752
2966,0.150007704403302,0.12082721585242095,-1.0555378156395752
2967,0.15000770444624792,0.12082721541947009,-1.0555378156396662
2968,0.12511020697407493,0.34080694778138715,0.2808786272046858
2969,0.12511020693114602,0.34080694778138715,0.28087862720477674
2970,0.12511020697409192,0.3408069482144003,0.2808786272046858
2971,0.12511020693114602,0.3408069477813248,0.2808786272046858
2972,0.12511020697409192,0.3408069477815117,0.28087862720477674
2973,0.12511020697409192,0.34080694778138715,0.2808786272046858
2974,0.12511020693114602,0.34080694778138715,0.2808786272046858
2975,0.12511020697409192,0.340806948214338,0.28087862720477674
2976,0.12511020697407493,0.34080694778144943,0.2808786272046858
2977,0.125110206931163,0.34080694778138715,0.2808786272046858
2978,0.12511020697407493,0.34080694778138715,0.28087862720477674
2979,0.125110206931163,0.34080694778144943,0.2808786272046858
2980,0.1251102069741089,0.34080694778138715,0.2808786272046858
2981,0.12511020697405797,0.340806948214338,0.28087862720477674
2982,0.125110206931163,0.34080694778138715,0.2808786272046858
2983,0.12511020697409192,0.34080694778144943,0.2808786272046858
2984,0.12511020697407493,0.34080694778138715,0.28087862720477674
2985,0.125110206931163,0.34080694778138715,0.2808786272046858
2986,0.12511020697407493,0.340806948214338,0.2808786272046858
2987,0.125110206931163,0.34080694778144943,0.28087862720477674
2988,0.12511020697407493,0.34080694778138715,0.2808786272046858
2989,-0.04050208796219737,0.18552341293454505,0.6696442477593553
2990,-0.04050208796218039,0.18552341336749592,0.6696442477594462
2991,-0.04050208800514328,0.18552341293448274,0.6696442477593553
2992,-0.04050208796219737,0.18552341336749592,0.6696442477594462
2993,-0.04050208796218039,0.18552341293442046,0.6696442477593553
2994,-0.04050208796219737,0.18552341336749592,0.6696442477593553
2995,-0.04050208796219737,0.18552341293454505,0.6696442477594462
2996,-0.0405020880051263,0.18552341336749592,0.6696442477593553
2997,-0.040502087962214356,0.18552341293454505,0.6696442477594462
2998,-0.04050208796218039,0.18552341336737133,0.6696442477593553
2999,-0.040502087962214356,0.18552341293454505,0.6696442477593553
3000,-0.04050208796218039,0.18552341336749592,0.6696442477594462
3001,-0.04050208800514328,0.18552341293454505,0.6696442477593553
3002,-0.04050208796219737,0.18552341336749592,0.6696442477594462
3003,-0.04050208796218039,0.18552341293442046,0.6696442477593553
3004,-0.04050208796219737,0.18552341336749592,0.6696442477593553
3005,-0.040502087962214356,0.18552341293454505,0.6696442477594462
3006,-0.04050208800510932,0.1855234133674336,0.6696442477593553
3007,-0.040502087962214356,0.18552341293454505,0.6696442477594462
3008,-0.04050208796219737,0.1855234133674336,0.6696442477593553
3009,-0.04050208796218039,0.18552341293454505,0.6696442477593553
3010,-0.04050208796219737,0.18552341336749592,0.6696442477594462
3011,-0.04050208800514328,0.18552341293448274,0.6696442477593553
3012,-0.04050208796218039,0.18552341336749592,0.6696442477594462
3013,-0.04050208796219737,0.18552341293448274,0.6696442477593553
3014,-0.1395564677980807,0.20153920391053184,0.29611238976565674
3015,-0.13955646784099265,0.2015392034775187,0.29611238976565674
3016,-0.1395564677980807,0.20153920391040725,0.2961123897655658
3017,-0.13955646784099265,0.2015392034775187,0.29611238976565674
3018,-0.13955646779806374,0.20153920391046956,0.29611238976565674
3019,-0.13955646784100964,0.20153920347745638,0.29611238976565674
3020,-0.1395564677980807,0.20153920391053184,0.2961123897655658
3021,-0.13955646779806374,0.2015392034775187,0.29611238976565674
3022,-0.13955646784099265,0.20153920391040725,0.29611238976565674
3023,-0.1395564677980807,0.2015392034775187,0.29611238976565674
3024,-0.13955646784099265,0.20153920391046956,0.2961123897655658
3025,-0.1395564677980807,0.2015392034775187,0.29611238976565674
3026,-0.13955646784099265,0.20153920391046956,0.29611238976565674
3027,-0.1395564677980807,0.20153920347758097,0.29611238976565674
3028,-0.13955646779806374,0.20153920391040725,0.2961123897655658
3029,-0.13955646784100964,0.2015392034775187,0.29611238976565674
3030,-0.13955646779806374,0.20153920391046956,0.29611238976565674
3031,-0.13955646784099265,0.2015392034775187,0.29611238976565674
3032,-0.1395564677980807,0.20153920391040725,0.2961123897655658
3033,-0.13955646784099265,0.20153920347758097,0.29611238976565674
3034,-0.1395564677980807,0.20153920391046956,0.29611238976565674
3035,-0.38821760849018866,0.2260693178262068,-0.7792527582847799
3036,-0.3882176085331176,0.2260693178262068,-0.779252758284689
3037,-0.38821760849018866,0.2260693173933182,-0.7792527582847799
3038,-0.38821760849020565,0.2260693178262068,-0.7792527582847799
3039,-0.3882176084901717,0.22606931782626907,-0.7792527582847799
3040,-0.3882176085331176,0.2260693178262068,-0.779252758284689
3041,-0.38821760849018866,0.2260693178262068,-0.7792527582847799
3042,-0.38821760849018866,0.2260693178262068,-0.7792527582847799
3043,-0.38821760849020565,0.2260693173933805,-0.7792527582847799
3044,-0.3882176085331176,0.2260693178262068,-0.779252758284689
3045,-0.3882176084901717,0.2260693178262068,-0.7792527582847799
3046,-0.38821760849018866,0.22606931782626907,-0.7792527582847799
3047,-0.3882176085331176,0.2260693178262068,-0.779252758284689
3048,-0.38821760849020565,0.22606931739325592,-0.7792527582847799
3049,-0.38821760849020565,0.2260693178262068,-0.7792527582847799
3050,-0.3882176084901717,0.22606931782626907,-0.7792527582847799
3051,-0.3882176085331176,0.2260693178262068,-0.779252758284689
3052,-0.38821760849018866,0.2260693178262068,-0.7792527582847799
3053,-0.38821760849018866,0.22606931782626907,-0.7792527582847799
3054,-0.38821760849020565,0.22606931739325592,-0.7792527582847799
3055,-0.3882176085331006,0.22606931782626907,-0.779252758284689
3056,-0.3882176084901717,0.22606931782626907,-0.7792527582847799
3057,-0.16137020510659847,-0.10121676194876263,0.8538005669958737
3058,-0.16137020506363559,-0.10121676194870033,0.8538005669957828
3059,-0.16137020510658148,-0.10121676151587405,0.8538005669958737
3060,-0.16137020510658148,-0.10121676194876263,0.8538005669957828
3061,-0.16137020506363559,-0.10121676194870033,0.8538005669958737
3062,-0.16137020510658148,-0.10121676194876263,0.8538005669957828
3063,-0.16137020510658148,-0.10121676151574946,0.8538005669958737
3064,-0.16137020510658148,-0.10121676194876263,0.8538005669957828
3065,-0.16137020506365257,-0.10121676194870033,0.8538005669958737
3066,-0.16137020510656452,-0.10121676194876263,0.8538005669957828
3067,-0.16137020510658148,-0.10121676194870033,0.8538005669958737
3068,-0.16137020506365257,-0.10121676151581176,0.8538005669957828
3069,-0.16137020510656452,-0.10121676194876263,0.8538005669958737
3070,-0.16137020510656452,-0.10121676194870033,0.8538005669957828
3071,-0.16137020506366956,-0.10121676194876263,0.8538005669958737
3072,-0.16137020510656452,-0.10121676194870033,0.8538005669957828
3073,-0.16137020510656452,-0.10121676151581176,0.8538005669958737
3074,-0.16137020510658148,-0.10121676194870033,0.8538005669957828
3075,-0.16137020506365257,-0.10121676194876263,0.8538005669958737
3076,-0.16137020510656452,-0.10121676194870033,0.8538005669957828
3077,-0.16137020510658148,-0.10121676151587405,0.8538005669958737
3078,-0.16137020506365257,-0.10121676194876263,0.8538005669958737
3079,-0.16137020510656452,-0.10121676194870033,0.8538005669957828
3080,0.23557977555932325,0.27987730986494735,-0.008562861452762171
3081,0.23557977555932325,0.27987730986494735,-0.008562861452762171
3082,0.23557977555932325,0.27987730986488507,-0.008562861452762171
3083,0.23557977555934023,0.2798773094319965,-0.008562861452762171
3084,0.23557977555934023,0.27987730986488507,-0.008562861452762171
3085,0.23557977555935722,0.27987730986494735,-0.008562861452762171
3086,0.23557977555930626,0.27987730986494735,-0.008562861452762171
3087,0.23557977555934023,0.27987730986494735,-0.008562861452762171
3088,0.23557977555932325,0.27987730986488507,-0.008562861452762171
3089,0.23557977555934023,0.27987730986494735,-0.008562861452762171
3090,0.2355797755164113,0.27987730943193423,-0.008562861452762171
3091,0.23557977555932325,0.27987730986494735,-0.008562861452762171
3092,0.23557977555934023,0.27987730986494735,-0.008562861452762171
3093,0.23557977555932325,0.27987730986494735,-0.008562861452762171
3094,0.23557977555932325,0.27987730986488507,-0.008562861452762171
3095,0.23557977555934023,0.27987730986488507,-0.008562861452762171
3096,0.23557977555932325,0.27987730986494735,-0.008562861452762171
3097,0.23557977555934023,0.2798773094320588,-0.008562861452762171
3098,0.23557977555932325,0.27987730986488507,-0.008562861452762171
3099,0.23557977555934023,0.27987730986494735,-0.008562861452762171
3100,0.23557977555934023,0.27987730986488507,-0.008562861452762171
3101,0.3744672404149594,0.2935013282918618,0.0609825763253463
3102,0.3744672404578883,0.29350132829173725,0.0609825763253463
3103,0.3744672404149594,0.29350132829179953,0.0609825763253463
3104,0.3744672404149594,0.29350132829173725,0.0609825763253463
3105,0.3744672404149594,0.2935013282918618,0.0609825763253463
3106,0.3744672404579053,0.29350132785884864,0.0609825763253463
3107,0.3744672404149594,0.29350132829173725,0.0609825763253463
3108,0.3744672404149424,0.2935013282918618,0.0609825763253463
3109,0.37446724041497637,0.29350132829167497,0.0609825763253463
3110,0.3744672404578883,0.2935013282918618,0.0609825763253463
3111,0.37446724041497637,0.29350132829173725,0.0609825763253463
3112,0.3744672404149424,0.2935013282918618,0.06098257632543722
3113,0.3744672404149594,0.29350132829179953,0.0609825763253463
3114,0.3744672404579053,0.29350132829173725,0.0609825763253463
3115,0.3744672404149594,0.29350132829179953,0.0609825763253463
3116,0.3744672404149594,0.29350132829173725,0.0609825763253463
3117,0.37446724041497637,0.2935013282918618,0.0609825763253463
3118,0.37446724045787133,0.29350132785878635,0.0609825763253463
3119,0.37446724041497637,0.2935013282918618,0.0609825763253463
3120,0.3744672404149594,0.29350132829179953,0.0609825763253463
3121,0.3744672404149594,0.29350132829173725,0.0609825763253463
3122,0.3744672404578883,0.2935013282918618,0.0609825763253463
3123,0.3744672404149594,0.29350132829167497,0.0609825763253463
3124,-0.22327168777476258,0.09890177788710192,0.17805072991851828
3125,-0.22327168777479656,0.09890177745421334,0.17805072991851828
3126,-0.22327168777476258,0.09890177788703962,0.17805072991851828
3127,-0.22327168773186762,0.09890177745415105,0.17805072991851828
3128,-0.22327168777477957,0.09890177788710192,0.17805072991842735
3129,-0.22327168777477957,0.09890177745415105,0.17805072991851828
3130,-0.22327168777479656,0.09890177788710192,0.17805072991851828
3131,-0.22327168777476258,0.09890177745415105,0.17805072991851828
3132,-0.22327168777481354,0.09890177788710192,0.17805072991851828
3133,-0.22327168777476258,0.09890177745408875,0.17805072991851828
3134,-0.22327168777479656,0.09890177788710192,0.17805072991851828
3135,-0.22327168777476258,0.09890177788710192,0.17805072991842735
3136,-0.22327168773186762,0.09890177745408875,0.17805072991851828
3137,-0.22327168777477957,0.09890177788710192,0.17805072991851828
3138,-0.22327168777477957,0.09890177745421334,0.17805072991851828
3139,-0.22327168777477957,0.09890177788703962,0.17805072991851828
3140,-0.22327168777477957,0.09890177745415105,0.17805072991851828
3141,-0.22327168777477957,0.09890177788710192,0.17805072991851828
3142,-0.22327168777477957,0.09890177745415105,0.17805072991851828
3143,-0.22327168773185063,0.09890177788710192,0.17805072991851828
3144,-0.22327168777481354,0.09890177745415105,0.17805072991842735
3145,-0.2232716877747456,0.09890177788703962,0.17805072991851828
3146,-0.22327168777479656,0.09890177745421334,0.17805072991851828
3147,-0.22327168777476258,0.09890177788697732,0.17805072991851828
3148,0.4263699263312479,-0.09353432913851019,-0.4564354807437625
3149,0.4263699263312309,-0.09353432913863478,-0.45643548074385343
3150,0.4263699263312479,-0.09353432957146106,-0.4564354807437625
3151,0.42636992633126486,-0.09353432913863478,-0.45643548074385343
3152,0.42636992628831893,-0.09353432913857249,-0.4564354807437625
3153,0.4263699263312479,-0.09353432913851019,-0.45643548074385343
3154,0.4263699263312309,-0.09353432913863478,-0.4564354807437625
3155,0.4263699263312479,-0.09353432957146106,-0.45643548074385343
3156,0.4263699263312479,-0.09353432913863478,-0.4564354807437625
3157,0.42636992633126486,-0.09353432913857249,-0.45643548074385343
3158,0.4263699263312479,-0.09353432913863478,-0.4564354807437625
3159,0.42636992633126486,-0.09353432913851019,-0.4564354807437625
3160,0.4263699263312479,-0.09353432957158565,-0.45643548074385343
3161,0.4263699263312479,-0.09353432913851019,-0.4564354807437625
3162,0.4263699263312309,-0.09353432913863478,-0.45643548074385343
3163,0.4263699262883359,-0.09353432913857249,-0.4564354807437625
3164,0.4263699263312479,-0.09353432913863478,-0.45643548074385343
3165,0.4263699263312479,-0.09353432957146106,-0.4564354807437625
3166,0.42636992633126486,-0.09353432913863478,-0.45643548074385343
3167,0.4263699263312479,-0.09353432913851019,-0.4564354807437625
3168,0.361123837386778,0.016139019370764673,-0.5524081848775613
3169,0.36112383734388304,0.01613901937088926,-0.5524081848776522
3170,0.361123837386795,0.016139018937876098,-0.5524081848775613
3171,0.361123837386778,0.01613901937088926,-0.5524081848776522
3172,0.36112383734388304,0.01613901937088926,-0.5524081848775613
3173,0.361123837386812,0.016139019370826967,-0.5524081848776522
3174,0.361123837386795,0.016139019370826967,-0.5524081848775613
3175,0.36112383734384906,0.016139018937876098,-0.5524081848776522
3176,0.361123837386795,0.016139019370826967,-0.5524081848775613
3177,0.36112383734386605,0.01613901937088926,-0.5524081848775613
3178,0.361123837386812,0.016139019370826967,-0.5524081848776522
3179,0.361123837386778,0.01613901937088926,-0.5524081848775613
3180,0.36112383734386605,0.01613901893793839,-0.5524081848776522
3181,0.361123837386812,0.016139019370826967,-0.5524081848775613
3182,0.361123837386778,0.016139019370826967,-0.5524081848776522
3183,0.36112383734388304,0.016139019370826967,-0.5524081848775613
3184,0.361123837386795,0.016139019370826967,-0.5524081848776522
3185,0.361123837386812,0.01613901893793839,-0.5524081848775613
3186,0.36112383734384906,0.01613901937088926,-0.5524081848776522
3187,0.361123837386795,0.016139019370826967,-0.5524081848775613
3188,0.5117536970439085,-0.19305273799530465,-0.008562861452762171
3189,0.5117536970868544,-0.19305273799524236,-0.008562861452762171
3190,0.5117536970439085,-0.19305273842825552,-0.008562861452762171
3191,0.5117536970439085,-0.19305273799524236,-0.008562861452762171
3192,0.5117536970868544,-0.19305273799524236,-0.008562861452762171
3193,0.5117536970439085,-0.19305273799530465,-0.008562861452762171
3194,0.5117536970439255,-0.19305273799518008,-0.008562861452762171
3195,0.5117536970868204,-0.19305273799530465,-0.008562861452762171
3196,0.5117536970439255,-0.19305273799524236,-0.008562861452762171
3197,0.5117536970439085,-0.19305273842825552,-0.008562861452762171
3198,0.5117536970868544,-0.19305273799524236,-0.008562861452762171
3199,0.5117536970439085,-0.19305273799530465,-0.008562861452762171
3200,0.5117536970439255,-0.19305273799530465,-0.008562861452762171
3201,0.5117536970868204,-0.19305273799518008,-0.008562861452762171
3202,0.5117536970439085,-0.19305273842819323,-0.008562861452762171
3203,0.5117536970439255,-0.19305273799530465,-0.008562861452762171
3204,0.5117536970868714,-0.19305273799530465,-0.008562861452762171
3205,0.5117536970438915,-0.19305273799524236,-0.008562861452762171
3206,0.19156455679628856,0.18268003002227665,0.8178687574771162
3207,0.19156455683923448,0.18268003002221436,0.8178687574772071
3208,0.19156455679630555,0.18268003002227665,0.8178687574771162
3209,0.1915645568392005,0.18268003002227665,0.8178687574771162
3210,0.19156455679633952,0.18268003002227665,0.8178687574771162
3211,0.1915645568392005,0.18268003002221436,0.8178687574771162
3212,0.19156455679633952,0.18268003002221436,0.8178687574772071
3213,0.1915645568392005,0.18268003002227665,0.8178687574771162
3214,0.19156455679630555,0.18268003002221436,0.8178687574771162
3215,0.19156455683923448,0.18268003002221436,0.8178687574772071
3216,0.19156455679628856,0.18268003002233896,0.8178687574771162
3217,0.19156455679628856,0.18268003002221436,0.8178687574771162
3218,0.19156455683923448,0.18268003002221436,0.8178687574771162
3219,0.19156455679630555,0.18268003002227665,0.8178687574772071
3220,0.19156455683923448,0.18268003002227665,0.8178687574771162
3221,0.19156455679628856,0.18268003002221436,0.8178687574771162
3222,0.1915645568392175,0.18268003002221436,0.8178687574771162
3223,0.19156455679630555,0.18268003002233896,0.8178687574772071
3224,0.1915645568392175,0.18268003002221436,0.8178687574771162
3225,0.19156455679632253,0.18268003002221436,0.8178687574771162
3226,0.1915645568392005,0.18268003002227665,0.8178687574771162
3227,0.19156455679632253,0.18268003002227665,0.8178687574771162
3228,0.1915645568392175,0.18268003002221436,0.8178687574772071
3229,0.19156455679628856,0.18268003002221436,0.8178687574771162
3230,-0.6030683660751709,0.336019619298271,-1.2402125645031041
3231,-0.6030683660752049,0.33601961886532017,-1.240212564503195
3232,-0.6030683660751709,0.336019619298271,-1.2402125645031041
3233,-0.603068366032259,0.336019619298271,-1.2402125645031041
3234,-0.6030683660751879,0.3360196188652579,-1.2402125645031041
3235,-0.6030683660751879,0.336019619298271,-1.240212564503195
3236,-0.6030683660751879,0.336019619298271,-1.2402125645031041
3237,-0.6030683660751709,0.336019619298271,-1.2402125645031041
3238,-0.6030683660752049,0.33601961886532017,-1.240212564503195
3239,-0.603068366032259,0.3360196192982087,-1.2402125645031041
3240,-0.6030683660751879,0.3360196192982087,-1.2402125645031041
3241,-0.6030683660751879,0.33601961886538245,-1.240212564503195
3242,-0.6030683660751879,0.336019619298271,-1.2402125645031041
3243,-0.6030683660751709,0.3360196192982087,-1.2402125645031041
3244,-0.6030683660752388,0.3360196192983333,-1.240212564503195
3245,-0.6030683660751709,0.33601961886519555,-1.2402125645031041
3246,-0.603068366032242,0.3360196192983333,-1.2402125645031041
3247,-0.6030683660752049,0.3360196192982087,-1.2402125645031041
3248,-0.6030683660751709,0.33601961886538245,-1.240212564503195
3249,-0.6030683660751879,0.336019619298271,-1.2402125645031041
3250,-0.27764342856182933,-0.20465838349831367,-0.29800435011021015
3251,-0.27764342856182933,-0.20465838349825136,-0.2980043501103011
3252,-0.27764342856182933,-0.2046583830653005,-0.29800435011021015
3253,-0.27764342856182933,-0.20465838349818907,-0.29800435011021015
3254,-0.27764342856181234,-0.20465838349825136,-0.2980043501103011
3255,-0.2776434286047582,-0.20465838349825136,-0.29800435011021015
3256,-0.27764342856181234,-0.20465838349818907,-0.29800435011021015
3257,-0.27764342856182933,-0.2046583830653005,-0.2980043501103011
3258,-0.27764342856182933,-0.20465838349831367,-0.29800435011021015
3259,-0.27764342856184626,-0.20465838349818907,-0.29800435011021015
3260,-0.27764342856181234,-0.20465838349825136,-0.2980043501103011
3261,-0.27764342856184626,-0.20465838349818907,-0.29800435011021015
3262,-0.27764342856181234,-0.20465838349825136,-0.29800435011021015
3263,-0.27764342856184626,-0.2046583830653005,-0.2980043501103011
3264,-0.27764342856181234,-0.20465838349825136,-0.29800435011021015
3265,-0.2776434286047582,-0.20465838349825136,-0.29800435011021015
3266,-0.27764342856182933,-0.20465838349818907,-0.2980043501103011
3267,-0.27764342856182933,-0.20465838349831367,-0.29800435011021015
3268,-0.27764342856181234,-0.2046583830652382,-0.29800435011021015
3269,-0.27764342856184626,-0.20465838349825136,-0.2980043501103011
3270,-0.27764342856181234,-0.20465838349825136,-0.29800435011021015
3271,0.00782834830726193,0.029543539556677333,-0.18771190916921685
3272,0.007828348264333,0.02954353998956591,-0.18771190916912595
3273,0.00782834830726193,0.02954353955661504,-0.18771190916921685
3274,0.00782834830726193,0.029543539556552745,-0.18771190916912595
3275,0.007828348264333,0.02954353955661504,-0.18771190916921685
3276,0.00782834830726193,0.02954353998956591,-0.18771190916921685
3277,0.007828348264349982,0.02954353955661504,-0.18771190916912595
3278,0.00782834830726193,0.02954353955661504,-0.18771190916921685
3279,0.007828348307244949,0.02954353998956591,-0.18771190916912595
3280,0.007828348264349982,0.02954353955661504,-0.18771190916921685
3281,0.00782834830726193,0.029543539556552745,-0.18771190916921685
3282,0.00782834830726193,0.02954353955661504,-0.18771190916912595
3283,0.007828348264333,0.02954353998956591,-0.18771190916921685
3284,0.00782834830726193,0.02954353955661504,-0.18771190916912595
3285,0.00782834830726193,0.029543539556677333,-0.18771190916921685
3286,0.007828348264349982,0.02954353955661504,-0.18771190916921685
3287,0.007828348307244949,0.02954353998956591,-0.18771190916912595
3288,0.007828348307278911,0.02954353955661504,-0.18771190916921685
3289,0.007828348264333,0.02954353955661504,-0.18771190916912595
3290,0.007828348307244949,0.029543539989503615,-0.18771190916921685
3291,0.007828348264349982,0.02954353955661504,-0.18771190916921685
3292,0.00782834830726193,0.02954353955661504,-0.18771190916912595
3293,0.00782834830726193,0.02954353955661504,-0.18771190916921685
3294,0.007828348264333,0.02954353998956591,-0.18771190916912595
3295,0.00782834830726193,0.02954353955661504,-0.18771190916921685
3296,0.21129948493860434,0.025278464971768166,-0.3284718752320611
3297,0.2112994849814993,0.025278464971705873,-0.3284718752320611
3298,0.21129948493858736,0.025278464971705873,-0.32847187523215204
3299,0.2112994849815163,0.025278464971768166,-0.3284718752320611
3300,0.21129948493858736,0.025278464971705873,-0.3284718752320611
3301,0.21129948498153328,0.025278465404656742,-0.3284718752320611
3302,0.2112994849385704,0.025278464971768166,-0.3284718752320611
3303,0.21129948498153328,0.025278464971705873,-0.32847187523215204
3304,0.21129948493858736,0.025278464971768166,-0.3284718752320611
3305,0.2112994849385704,0.025278464971705873,-0.3284718752320611
3306,0.21129948498153328,0.025278464971705873,-0.3284718752320611
3307,0.21129948493858736,0.025278464971768166,-0.3284718752320611
3308,0.21129948498153328,0.025278464971768166,-0.32847187523215204
3309,0.2112994849385704,0.025278464971643575,-0.3284718752320611
3310,0.21129948498153328,0.025278465404719036,-0.3284718752320611
3311,0.21129948493858736,0.025278464971705873,-0.3284718752320611
3312,0.2112994849814993,0.025278464971705873,-0.3284718752320611
3313,0.21129948493860434,0.025278464971768166,-0.32847187523215204
3314,0.2112994849814993,0.025278464971768166,-0.3284718752320611
3315,0.21129948493858736,0.025278464971768166,-0.3284718752320611
3316,-0.5492144513785973,0.15221521106396332,0.4332162528139407
3317,-0.5492144513786142,0.15221521106396332,0.4332162528138498
3318,-0.5492144513785973,0.15221521063113705,0.4332162528139407
3319,-0.5492144513786312,0.15221521106396332,0.4332162528139407
3320,-0.5492144513785973,0.15221521106402564,0.4332162528139407
3321,-0.5492144513786142,0.15221521106402564,0.4332162528138498
3322,-0.5492144513786142,0.15221521106396332,0.4332162528139407
3323,-0.5492144513786142,0.15221521063107477,0.4332162528139407
3324,-0.5492144513785973,0.15221521106402564,0.4332162528138498
3325,-0.5492144513786312,0.15221521106402564,0.4332162528139407
3326,-0.5492144513356684,0.15221521106396332,0.4332162528139407
3327,-0.5492144513786142,0.15221521106396332,0.4332162528139407
3328,-0.5492144513785973,0.15221521106408792,0.4332162528138498
3329,-0.5492144513786142,0.15221521063101245,0.4332162528139407
3330,-0.5492144513786142,0.15221521106408792,0.4332162528139407
3331,-0.5492144513785973,0.15221521106396332,0.4332162528138498
3332,-0.5492144513786312,0.15221521106396332,0.4332162528139407
3333,-0.5492144513785973,0.15221521106408792,0.4332162528139407
3334,-0.5492144513786142,0.15221521063101245,0.4332162528139407
3335,-0.5492144513785973,0.15221521106408792,0.4332162528138498
3336,-0.5492144513786312,0.15221521106396332,0.4332162528139407
3337,-0.3879979246825104,0.17455607847318613,1.3030640950424273
3338,-0.3879979247254563,0.17455607804029755,1.3030640950424273
3339,-0.38799792468254435,0.17455607847324842,1.3030640950424273
3340,-0.3879979247254563,0.17455607804029755,1.3030640950424273
3341,-0.3879979246825104,0.17455607847324842,1.303064095042518
3342,-0.38799792468252736,0.17455607804023526,1.3030640950424273
3343,-0.3879979247254563,0.17455607847324842,1.3030640950424273
3344,-0.3879979246825104,0.17455607804029755,1.3030640950424273
3345,-0.3879979247254563,0.17455607847324842,1.3030640950424273
3346,-0.38799792468254435,0.17455607804029755,1.3030640950424273
3347,-0.3879979246825104,0.17455607847312382,1.3030640950424273
3348,-0.3879979247254563,0.17455607847324842,1.3030640950424273
3349,-0.38799792468252736,0.17455607804029755,1.3030640950424273
3350,-0.3879979247254563,0.17455607847324842,1.3030640950424273
3351,-0.3879979246825104,0.17455607804029755,1.3030640950424273
3352,-0.38799792468254435,0.17455607847318613,1.303064095042518
3353,-0.3879979247254563,0.17455607804035986,1.3030640950424273
3354,-0.38799792468252736,0.17455607847318613,1.3030640950424273
3355,-0.3879979247254393,0.17455607804029755,1.3030640950424273
3356,-0.38799792468252736,0.17455607847324842,1.3030640950424273
3357,-0.1487622652195221,0.08011513944288104,0.6152597154168844
3358,-0.14876226517661015,0.08011513900993017,0.6152597154168844
3359,-0.1487622651765932,0.08011513944294334,0.6152597154169753
3360,-0.1487622652195221,0.08011513901005476,0.6152597154168844
3361,-0.14876226521953909,0.08011513944281874,0.6152597154168844
3362,-0.1487622651765932,0.08011513944294334,0.6152597154169753
3363,-0.1487622651765932,0.08011513901005476,0.6152597154168844
3364,-0.14876226521953909,0.08011513944281874,0.6152597154168844
3365,-0.1487622652195221,0.08011513900999247,0.6152597154168844
3366,-0.14876226517661015,0.08011513944294334,0.6152597154168844
3367,-0.1487622651765932,0.08011513944288104,0.6152597154169753
3368,-0.14876226521953909,0.08011513900999247,0.6152597154168844
3369,-0.14876226521950514,0.08011513944294334,0.6152597154168844
3370,-0.1487622651765932,0.08011513900993017,0.6152597154169753
3371,-0.14876226517661015,0.08011513944294334,0.6152597154168844
3372,-0.14876226521953909,0.08011513944294334,0.6152597154168844
3373,-0.14876226521950514,0.08011513900993017,0.6152597154168844
3374,-0.14876226517661015,0.08011513944294334,0.6152597154168844
3375,-0.1487622651765762,0.08011513900999247,0.6152597154169753
3376,-0.14876226521953909,0.08011513944288104,0.6152597154168844
3377,-0.28454777660645864,0.09128557271457272,0.0523721887909398
3378,-0.28454777660644165,0.09128557314752359,0.0523721887909398
3379,-0.28454777660645864,0.09128557271457272,0.05237218879084888
3380,-0.28454777660645864,0.09128557314758588,0.0523721887909398
3381,-0.28454777660644165,0.09128557271457272,0.0523721887909398
3382,-0.2845477766064756,0.09128557314752359,0.0523721887909398
3383,-0.28454777660644165,0.09128557271463501,0.05237218879084888
3384,-0.28454777660645864,0.09128557314746129,0.0523721887909398
3385,-0.2845477766064756,0.09128557271457272,0.0523721887909398
3386,-0.28454777660644165,0.09128557314758588,0.0523721887909398
3387,-0.2845477765635127,0.09128557271457272,0.05237218879084888
3388,-0.28454777660644165,0.09128557314752359,0.0523721887909398
3389,-0.2845477766064756,0.09128557271463501,0.0523721887909398
3390,-0.28454777660645864,0.09128557314746129,0.0523721887909398
3391,-0.28454777660644165,0.09128557271463501,0.05237218879084888
3392,-0.28454777660644165,0.09128557314752359,0.0523721887909398
3393,-0.2845477766064756,0.09128557271457272,0.0523721887909398
3394,-0.28454777660645864,0.09128557314758588,0.0523721887909398
3395,-0.28454777660645864,0.09128557271444812,0.05237218879084888
3396,-0.28454777660645864,0.09128557314758588,0.0523721887909398
3397,-0.28454777660644165,0.09128557271457272,0.0523721887909398
3398,-0.41216314283872996,-0.22453305100534407,0.3113461523265368
3399,-0.412163142838696,-0.22453305100540635,0.3113461523265368
3400,-0.412163142795801,-0.22453305100534407,0.3113461523266277
3401,-0.41216314283872996,-0.22453305143829494,0.3113461523265368
3402,-0.41216314283871297,-0.22453305100540635,0.3113461523265368
3403,-0.41216314283871297,-0.22453305100528176,0.3113461523265368
3404,-0.41216314283872996,-0.22453305100546866,0.3113461523265368
3405,-0.412163142795801,-0.22453305100534407,0.3113461523266277
3406,-0.412163142838696,-0.22453305100534407,0.3113461523265368
3407,-0.41216314283874694,-0.22453305143829494,0.3113461523265368
3408,-0.412163142838696,-0.22453305100534407,0.3113461523265368
3409,-0.41216314283872996,-0.22453305100540635,0.3113461523265368
3410,-0.412163142795801,-0.22453305100540635,0.3113461523266277
3411,-0.41216314283871297,-0.22453305100534407,0.3113461523265368
3412,-0.41216314283872996,-0.22453305100540635,0.3113461523265368
3413,-0.41216314283871297,-0.22453305100534407,0.3113461523265368
3414,-0.41216314283871297,-0.22453305143829494,0.3113461523265368
3415,-0.412163142795801,-0.22453305100540635,0.3113461523266277
3416,-0.41216314283872996,-0.22453305100528176,0.3113461523265368
3417,-0.412163142838696,-0.22453305100540635,0.3113461523265368
3418,-0.11569407198028925,-0.27856801973728784,-0.5810316229526272
3419,-0.11569407193732635,-0.278568019304337,-0.5810316229525364
3420,-0.11569407198027226,-0.27856801973728784,-0.5810316229526272
3421,-0.11569407198027226,-0.27856801973728784,-0.5810316229526272
3422,-0.11569407193732635,-0.278568019304337,-0.5810316229525364
3423,-0.11569407198027226,-0.27856801973728784,-0.5810316229526272
3424,-0.11569407198027226,-0.278568019304337,-0.5810316229525364
3425,-0.11569407193734334,-0.27856801973728784,-0.5810316229526272
3426,-0.11569407198025529,-0.27856801973722556,-0.5810316229526272
3427,-0.11569407198027226,-0.2785680193043993,-0.5810316229525364
3428,-0.11569407198028075,-0.27856801973728784,-0.5810316229526272
3429,-0.11569407193732635,-0.27856801973722556,-0.5810316229526272
3430,-0.11569407198028075,-0.278568019304337,-0.5810316229525364
3431,-0.11569407198025529,-0.27856801973728784,-0.5810316229526272
3432,-0.11569407193733484,-0.2785680193043993,-0.5810316229525364
3433,-0.11569407198028075,-0.27856801973722556,-0.5810316229526272
3434,-0.11569407198025529,-0.27856801973728784,-0.5810316229526272
3435,-0.11569407193734334,-0.278568019304337,-0.5810316229525364
3436,-0.11569407198026377,-0.2785680197373502,-0.5810316229526272
3437,-0.5402387989291854,-0.06916247405853693,-0.24849462178721365
3438,-0.5402387989291938,-0.06916247405859921,-0.24849462178730458
3439,-0.5402387989291854,-0.06916247405853693,-0.24849462178721365
3440,-0.5402387989291514,-0.06916247362564834,-0.24849462178730458
3441,-0.5402387989291938,-0.06916247405866151,-0.24849462178721365
3442,-0.5402387989291768,-0.06916247405853693,-0.24849462178721365
3443,-0.5402387989291938,-0.06916247405859921,-0.24849462178730458
3444,-0.5402387989291768,-0.06916247405853693,-0.24849462178721365
3445,-0.5402387989291854,-0.06916247405859921,-0.24849462178730458
3446,-0.5402387988862479,-0.06916247405853693,-0.24849462178721365
3447,-0.5402387989291768,-0.06916247362564834,-0.24849462178721365
3448,-0.5402387989291938,-0.06916247405859921,-0.24849462178730458
3449,-0.5402387989291768,-0.06916247405853693,-0.24849462178721365
3450,-0.5402387989291854,-0.06916247405859921,-0.24849462178730458
3451,-0.5402387989291599,-0.06916247405859921,-0.24849462178721365
3452,-0.5402387989291854,-0.06916247405859921,-0.24849462178721365
3453,-0.5402387989291938,-0.06916247362564834,-0.24849462178730458
3454,-0.5402387989291768,-0.06916247405859921,-0.24849462178721365
3455,-0.5402387989291768,-0.06916247405853693,-0.24849462178730458
3456,-0.5402387989291854,-0.06916247405853693,-0.24849462178721365
3457,0.1439053765986697,-0.3352218935667188,0.6845733350690977
3458,0.14390537664157316,-0.3352218935666565,0.6845733350690977
3459,0.1439053765986697,-0.3352218935665942,0.6845733350690977
3460,0.1439053765986527,-0.33522189356678106,0.6845733350690977
3461,0.14390537664157316,-0.3352218935665942,0.6845733350690977
3462,0.1439053765986612,-0.3352218935666565,0.6845733350690977
3463,0.1439053765986697,-0.3352218935666565,0.6845733350690977
3464,0.14390537664157316,-0.3352218935667188,0.6845733350690977
3465,0.1439053765986527,-0.3352218935666565,0.6845733350690977
3466,0.1439053765986612,-0.33522189399954505,0.6845733350690067
3467,0.14390537664158165,-0.3352218935665942,0.6845733350690977
3468,0.1439053765986612,-0.33522189356678106,0.6845733350690977
3469,0.1439053765986527,-0.3352218935665942,0.6845733350690977
3470,0.14390537664159014,-0.3352218935666565,0.6845733350690977
3471,0.1439053765986527,-0.3352218935666565,0.6845733350690977
3472,0.1439053765986527,-0.3352218935667188,0.6845733350690977
3473,0.14390537664159014,-0.3352218935666565,0.6845733350690977
3474,0.1439053765986612,-0.3352218935665942,0.6845733350690977
3475,-0.060888744729600736,-0.26136778680447537,0.5440072532570104
3476,-0.060888744729583756,-0.26136778680447537,0.5440072532569195
3477,-0.0608887446866803,-0.261367786804413,0.5440072532570104
3478,-0.06088874472959224,-0.26136778680447537,0.5440072532569195
3479,-0.06088874472960923,-0.26136778680435074,0.5440072532570104
3480,-0.06088874472959224,-0.26136778680447537,0.5440072532569195
3481,-0.060888744729617715,-0.26136778680447537,0.5440072532570104
3482,-0.06088874472957526,-0.261367786804413,0.5440072532569195
3483,-0.0608887446866803,-0.26136778680447537,0.5440072532570104
3484,-0.060888744729600736,-0.261367786804413,0.5440072532569195
3485,-0.060888744729583756,-0.26136778680447537,0.5440072532570104
3486,-0.060888744729600736,-0.261367786804413,0.5440072532570104
3487,-0.060888744729600736,-0.26136778680447537,0.5440072532569195
3488,-0.060888744686671804,-0.26136778680447537,0.5440072532570104
3489,-0.060888744729600736,-0.26136778680435074,0.5440072532569195
3490,-0.060888744729600736,-0.26136778680447537,0.5440072532570104
3491,-0.060888744729583756,-0.261367786804413,0.5440072532569195
3492,-0.060888744729600736,-0.26136778680447537,0.5440072532570104
3493,-0.060888744729600736,-0.261367786804413,0.5440072532569195
3494,-0.060888744686671804,-0.261367786804413,0.5440072532570104
3495,-0.060888744729600736,-0.26136778680447537,0.5440072532569195
3496,-0.060888744729600736,-0.26136778680435074,0.5440072532570104
3497,-0.32936547440308583,-0.14708827416729414,-0.3284718752320611
3498,-0.3293654743601739,-0.14708827460005813,-0.3284718752320611
3499,-0.32936547440308583,-0.14708827416716957,-0.32847187523215204
3500,-0.32936547440308583,-0.14708827416716957,-0.3284718752320611
3501,-0.3293654744031028,-0.14708827416716957,-0.3284718752320611
3502,-0.3293654743601739,-0.14708827460005813,-0.3284718752320611
3503,-0.3293654744030943,-0.14708827416723186,-0.3284718752320611
3504,-0.32936547440308583,-0.14708827416710726,-0.32847187523215204
3505,-0.3293654744031028,-0.14708827416723186,-0.3284718752320611
3506,-0.3293654743601654,-0.14708827460012044,-0.3284718752320611
3507,-0.3293654744030943,-0.14708827416710726,-0.3284718752320611
3508,-0.32936547440308583,-0.14708827416716957,-0.32847187523215204
3509,-0.3293654744030943,-0.14708827416716957,-0.3284718752320611
3510,-0.3293654743601824,-0.14708827460012044,-0.3284718752320611
3511,-0.3293654744030943,-0.14708827416710726,-0.3284718752320611
3512,-0.32936547440308583,-0.14708827416723186,-0.3284718752320611
3513,-0.32936547440308583,-0.14708827416716957,-0.32847187523215204
3514,-0.3293654743601739,-0.14708827460012044,-0.3284718752320611
3515,-0.3293654744031028,-0.14708827416716957,-0.3284718752320611
3516,-0.12679388509702902,-0.02595782141871228,-0.21214132476686975
3517,-0.12679388505412556,-0.025957821851538557,-0.21214132476686975
3518,-0.126793885097046,-0.02595782141871228,-0.21214132476686975
3519,-0.1267938850541086,-0.02595782141871228,-0.21214132476686975
3520,-0.126793885097046,-0.025957821418587688,-0.21214132476686975
3521,-0.126793885097046,-0.02595782185166315,-0.21214132476686975
3522,-0.1267938850541171,-0.02595782141871228,-0.21214132476686975
3523,-0.1267938850970375,-0.025957821418587688,-0.21214132476686975
3524,-0.12679388505412556,-0.02595782141871228,-0.21214132476686975
3525,-0.1267938850970375,-0.02595782185166315,-0.21214132476686975
3526,-0.1267938850970375,-0.025957821418587688,-0.21214132476696068
3527,-0.12679388505412556,-0.02595782141871228,-0.21214132476686975
3528,-0.1267938850970375,-0.02595782185166315,-0.21214132476686975
3529,-0.1267938850541171,-0.025957821418587688,-0.21214132476686975
3530,-0.1267938850970545,-0.02595782141871228,-0.21214132476686975
3531,-0.12679388505412556,-0.02595782141871228,-0.21214132476686975
3532,-0.12679388509702902,-0.02595782185166315,-0.21214132476686975
3533,-0.1267938850970375,-0.025957821418587688,-0.21214132476686975
3534,-0.12679388505413405,-0.02595782141871228,-0.21214132476686975
3535,-0.126793885097046,-0.02595782141871228,-0.21214132476686975
3536,-0.1267938850541086,-0.02595782185160085,-0.21214132476686975
3537,-0.126793885097046,-0.02595782141864998,-0.21214132476686975
3538,-0.41142767965466204,0.3120451313429291,-0.21719917478708756
3539,-0.41142767969760796,0.31204513091004055,-0.21719917478708756
3540,-0.411427679654679,0.3120451313430537,-0.21719917478708756
3541,-0.41142767965467053,0.31204513091004055,-0.21719917478717848
3542,-0.41142767969759947,0.3120451313429914,-0.21719917478708756
3543,-0.4114276796546875,0.31204513091010283,-0.21719917478708756
3544,-0.41142767965466204,0.3120451313429291,-0.21719917478708756
3545,-0.41142767969760796,0.31204513091010283,-0.21719917478708756
3546,-0.411427679654679,0.3120451313429291,-0.21719917478708756
3547,-0.41142767965467053,0.31204513091010283,-0.21719917478708756
3548,-0.41142767969759947,0.3120451313429914,-0.21719917478708756
3549,-0.411427679654679,0.31204513091004055,-0.21719917478717848
3550,-0.41142767969759947,0.3120451313429914,-0.21719917478708756
3551,-0.41142767965467053,0.31204513091004055,-0.21719917478708756
3552,-0.4114276796546875,0.3120451313429914,-0.21719917478708756
3553,-0.411427679697591,0.31204513091004055,-0.21719917478708756
3554,-0.411427679654679,0.3120451313430537,-0.21719917478708756
3555,-0.41142767965467053,0.31204513091004055,-0.21719917478708756
3556,-0.41142767969760796,0.3120451313429291,-0.21719917478708756
3557,-0.41142767965467053,0.3120451309101651,-0.21719917478717848
3558,-0.411427679654679,0.3120451313429291,-0.21719917478708756
3559,-0.41142767969759947,0.31204513091004055,-0.21719917478708756
3560,-0.41142767965467053,0.3120451313430537,-0.21719917478708756
3561,-0.39524749012079896,-0.1057202568950657,-0.3924536779879573
3562,-0.3952474901637364,-0.1057202568950657,-0.3924536779879573
3563,-0.39524749012079047,-0.1057202568950657,-0.3924536779879573
3564,-0.3952474901637194,-0.10572025646217713,-0.39245367798786635
3565,-0.39524749012081595,-0.1057202568950034,-0.3924536779879573
3566,-0.3952474901637194,-0.1057202568950657,-0.3924536779879573
3567,-0.39524749012080745,-0.1057202568950657,-0.3924536779879573
3568,-0.3952474901637194,-0.1057202568950657,-0.3924536779879573
3569,-0.39524749012079896,-0.1057202568950034,-0.3924536779879573
3570,-0.39524749012079896,-0.1057202568950657,-0.39245367798786635
3571,-0.3952474901637279,-0.10572025646211483,-0.3924536779879573
3572,-0.39524749012079896,-0.105720256895128,-0.3924536779879573
3573,-0.3952474901637194,-0.1057202568950034,-0.3924536779879573
3574,-0.39524749012080745,-0.1057202568950034,-0.3924536779879573
3575,-0.3952474901637109,-0.1057202568950657,-0.3924536779879573
3576,-0.39524749012080745,-0.1057202568950657,-0.3924536779879573
3577,-0.3952474901637279,-0.10572025646217713,-0.39245367798786635
3578,-0.39524749012079047,-0.1057202568950034,-0.3924536779879573
3579,-0.3952474901637364,-0.1057202568950657,-0.3924536779879573
3580,-0.39524749012079896,-0.1057202568950657,-0.3924536779879573
3581,-0.03537162628788651,-0.18914699190839707,-0.07008382564110638
3582,-0.03537162624497456,-0.18914699234128562,-0.07008382564110638
3583,-0.035371626287894996,-0.18914699190833476,-0.07008382564110638
3584,-0.03537162628788651,-0.18914699190833476,-0.07008382564101545
3585,-0.03537162624496607,-0.18914699234134794,-0.07008382564110638
3586,-0.03537162628788651,-0.18914699190839707,-0.07008382564110638
3587,-0.03537162628790349,-0.18914699190833476,-0.07008382564110638
3588,-0.03537162628788651,-0.18914699234134794,-0.07008382564110638
3589,-0.03537162624496607,-0.18914699190839707,-0.07008382564110638
3590,-0.035371626287894996,-0.18914699190833476,-0.07008382564101545
3591,-0.035371626287894996,-0.18914699234134794,-0.07008382564110638
3592,-0.03537162624496607,-0.18914699190833476,-0.07008382564110638
3593,-0.03537162628788651,-0.18914699234134794,-0.07008382564110638
3594,-0.035371626287894996,-0.18914699190833476,-0.07008382564110638
3595,-0.03537162624496607,-0.18914699190839707,-0.07008382564110638
3596,-0.035371626287894996,-0.18914699234134794,-0.07008382564110638
3597,-0.035371626287894996,-0.18914699190833476,-0.07008382564101545
3598,-0.03537162624496607,-0.18914699190833476,-0.07008382564110638
3599,-0.035371626287894996,-0.18914699234134794,-0.07008382564110638
