time,dx,dy,dz
0,-0.49210219721282417,0.43655352220679156,0.49795974369809
1,-0.4921021971912918,0.4365535217738641,0.49795974369772633
2,-0.49210219719149556,0.4365535217738641,0.49795974369772633
3,-0.4921021972127562,0.43655352220680715,0.49795974369809
4,-0.49210219719149556,0.436553522206776,0.49795974369772633
5,-0.4921021971912918,0.4365535217738796,0.49795974369772633
6,-0.49210219721282417,0.4365535217738641,0.49795974369809
7,-0.4921021971913597,0.43655352220679156,0.49795974369772633
8,-0.27282398164012867,0.6667321544800505,0.3468915983019538
9,-0.2728239816399928,0.6667321549129702,0.3468915983019538
10,-0.2728239816399928,0.6667321544800505,0.3468915983023175
11,-0.2728239816399928,0.6667321549129858,0.3468915983019538
12,-0.27282398161852833,0.6667321544800427,0.3468915983019538
13,-0.27282398164012867,0.666732154912978,0.3468915983019538
14,-0.2728239816399928,0.666732154480035,0.3468915983023175
15,-0.2728239816399928,0.666732154912978,0.3468915983019538
16,-0.2728239816399928,0.6667321544800661,0.3468915983019538
17,-0.16635585593628763,0.4626662240473032,0.6541058099470648
18,-0.1663558559364235,0.4626662240473032,0.6541058099474285
19,-0.1663558559577521,0.46266622404731095,0.6541058099474285
20,-0.1663558559364235,0.46266622404731095,0.6541058099470648
21,-0.16635585593628763,0.4626662240473032,0.6541058099470648
22,-0.1663558559364235,0.46266622404731095,0.6541058099474285
23,-0.1663558559361518,0.4626662240473032,0.6541058099474285
24,-0.1663558559580238,0.46266622361439125,0.6541058099470648
25,-0.16635585593628763,0.4626662240473032,0.6541058099474285
26,-0.16635585593628763,0.4626662240473032,0.6541058099470648
27,-0.1663558559361518,0.46266622404731095,0.6541058099474285
28,-0.16635585595788793,0.46266622404731095,0.6541058099470648
29,-0.16635585593628763,0.46266622404731095,0.6541058099470648
30,-0.16635585593628763,0.46266622404731095,0.6541058099474285
31,-0.1490595900326439,0.543180388560639,1.1111186867749205
32,-0.1490595900326439,0.543180388560639,1.1111186867745568
33,-0.1490595900326439,0.543180388560639,1.1111186867749205
34,-0.14905959003250807,0.543180388560639,1.1111186867749205
35,-0.3137200414816736,0.3146942459409145,0.5032915605940435
36,-0.3137200414602091,0.31469424594088335,0.5032915605944072
37,-0.31372004148180943,0.3146942455079636,0.5032915605940435
38,-0.3137200414602091,0.3146942459408989,0.5032915605940435
39,-0.3137200414816736,0.3146942459408989,0.5032915605940435
40,-0.3137200414816736,0.3146942459408989,0.5032915605944072
41,-0.3137200414602091,0.31469424594088335,0.5032915605940435
42,-0.3137200414816736,0.3146942455079636,0.5032915605940435
43,-0.31372004146034493,0.3146942459408989,0.5032915605940435
44,-0.3137200414816736,0.3146942459408989,0.5032915605944072
45,-0.3137200414815377,0.3146942459408989,0.5032915605940435
46,-0.3137200414602091,0.31469424594088335,0.5032915605940435
47,-0.3137200414816736,0.3146942455079792,0.5032915605940435
48,-0.3137200414602091,0.3146942459408989,0.5032915605944072
49,-0.3137200414816736,0.3146942459408989,0.5032915605940435
50,-0.4638516295493575,0.2537646075914616,1.5909822074438236
51,-0.4638516295493575,0.253764608024428,1.5909822074438236
52,-0.5970328770445286,0.3299266554200088,-0.14185828386068974
53,-0.5970328770232,0.3299266554200088,-0.14185828386105342
54,-0.5970328770443928,0.3299266554200244,-0.14185828386068974
55,-0.5970328770448003,0.3299266549870891,-0.14185828386068974
56,-0.5970328770230642,0.3299266554200088,-0.14185828386105342
57,-0.5970328770445286,0.3299266554200244,-0.14185828386068974
58,-0.5970328770448003,0.3299266554200088,-0.14185828386068974
59,-0.5970328770229283,0.3299266554200244,-0.14185828386105342
60,-0.5970328770446645,0.3299266549870891,-0.14185828386068974
61,-0.5970328770445286,0.3299266554200088,-0.14185828386068974
62,-0.5970328770230642,0.3299266554200088,-0.14185828386105342
63,-0.5970328770446645,0.3299266554200244,-0.14185828386068974
64,-0.6737129892343667,0.30453930628815373,0.25802798336345667
65,-0.6737129892127665,0.3045393062881382,0.25802798336309296
66,-0.6737129892342308,0.30453930628815373,0.25802798336345667
67,-0.6737129892343667,0.30453930585523403,0.25802798336345667
68,-0.6737129892127665,0.3045393062881382,0.25802798336309296
69,-0.6737129892342308,0.3045393062881382,0.25802798336345667
70,-0.5752395819831743,0.11971940400205769,0.24736434957082246
71,-0.575239582004503,0.11971940400204212,0.24736434957045877
72,-0.5752395819831743,0.11971940400204212,0.24736434957082246
73,-0.5752395820046388,0.11971940400202655,0.24736434957045877
74,-0.5752395819831743,0.11971940400205769,0.24736434957082246
75,-0.7423215106660284,0.29946183646175784,0.39132340577138425
76,-0.7423215106444281,0.299461836461789,0.39132340577138425
77,-0.7423215106661643,0.2994618360288381,0.39132340577138425
78,-0.7423215106660284,0.299461836461789,0.39132340577138425
79,-0.7355951850377694,0.10144051280025317,-0.008562861452762171
80,-0.7355951850167125,0.10144051236733344,-0.008562861452762171
81,-0.7355951850379053,0.10144051236734901,-0.008562861452762171
82,-0.7355951850165767,0.10144051280026874,-0.008562861452762171
83,-0.7355951850380411,0.10144051280025317,-0.008562861452762171
84,-0.7355951850164408,0.10144051236734901,-0.008562861452762171
85,-0.7355951850380411,0.10144051236733344,-0.008562861452762171
86,-0.7355951850164408,0.10144051280028431,-0.008562861452762171
87,-0.7355951850380411,0.10144051280025317,-0.008562861452762171
88,-0.7355951850380411,0.10144051236733344,-0.008562861452762171
89,-0.7355951850164408,0.10144051236734901,-0.008562861452762171
90,-0.735595185038177,0.10144051280028431,-0.008562861452762171
91,-0.7355951850164408,0.10144051280025317,-0.008562861452762171
92,-0.7355951850380411,0.10144051236733344,-0.008562861452762171
93,-0.7355951850164408,0.10144051236733344,-0.008562861452762171
94,-0.7355951850380411,0.10144051280028431,-0.008562861452762171
95,-0.7355951850165767,0.10144051280025317,-0.008562861452762171
96,-0.7355951850379053,0.10144051236734901,-0.008562861452762171
97,-0.654542961170741,0.0328946697112842,0.5712722260221774
98,-0.6545429611923412,0.03289466971129978,0.5712722260221774
99,-0.6545429611706051,0.03289466971129978,0.5712722260225411
100,-0.6545429611923412,0.0328946697112842,0.5712722260221774
101,-0.654542961170741,0.0328946701442195,0.5712722260221774
102,-0.6545429611922055,0.0328946697112842,0.5712722260225411
103,-0.6545429611708767,0.03289466971131535,0.5712722260221774
104,-0.6545429611920696,0.03289466971129978,0.5712722260221774
105,-0.6545429611708767,0.0328946697112842,0.5712722260221774
106,-0.654542961170741,0.0328946697112842,0.5712722260221774
107,-0.6545429611922055,0.03289466971129978,0.5712722260225411
108,-0.654542961170741,0.03289467014423507,0.5712722260221774
109,-0.6545429611922055,0.0328946697112842,0.5712722260221774
110,-0.654542961170741,0.0328946697112842,0.5712722260225411
111,-0.6545429611923412,0.0328946697112842,0.5712722260221774
112,-0.6545429611706051,0.03289466971129978,0.5712722260221774
113,-0.4396368572755075,-0.11181322034034587,-0.008562861452762171
114,-0.6010686724128167,-0.050883582423874966,-0.008562861452762171
115,-0.6010686724128167,-0.05088358285681026,-0.008562861452762171
116,-0.6010686724128167,-0.050883582423874966,-0.008562861452762171
117,-0.7544288967922211,0.16237015071677077,0.7912096729955307
118,-0.7544288968136856,0.16237015028380433,0.7912096729955307
119,-0.7248330640201656,-0.030573703118369093,0.16916436842459584
120,-0.7248330640203015,-0.030573703118384667,0.16916436842459584
121,-0.7248330640204372,-0.030573703551288817,0.16916436842459584
122,-0.7248330640201656,-0.030573703118384667,0.16916436842459584
123,-0.7248330639987011,-0.030573703118384667,0.16916436842495952
124,-0.7248330640203015,-0.030573703118384667,0.16916436842459584
125,-0.7248330640201656,-0.03057370355130439,0.16916436842459584
126,-0.7248330640204372,-0.030573703118384667,0.16916436842459584
127,-0.7248330640201656,-0.030573703118369093,0.16916436842459584
128,-0.6618430028281047,0.16416219894170628,0.34898250688886606
129,-0.6618430028065043,0.16416219894170628,0.34898250688886606
130,-0.6618430028281047,0.1641621985087554,0.34898250688886606
131,-0.6618430028281047,0.1641621989416907,0.34898250688886606
132,-0.6618430028066402,0.16416219894172185,0.3489825068885024
133,-0.6618430028279688,0.1641621989416907,0.34898250688886606
134,-0.6618430028281047,0.1641621985087554,0.34898250688886606
135,-0.6618430028065043,0.16416219894172185,0.34898250688886606
136,-0.6618430028282405,0.1641621989416907,0.34898250688886606
137,-0.6618430028066402,0.16416219894170628,0.34898250688886606
138,-0.6618430028279688,0.16416219850877098,0.34898250688886606
139,-0.6618430028281047,0.16416219894170628,0.34898250688886606
140,-0.6618430028066402,0.1641621989416907,0.3489825068885024
141,-0.6618430028279688,0.1641621989416907,0.34898250688886606
142,-0.6618430028281047,0.16416219850878658,0.34898250688886606
143,-0.6618430028065043,0.16416219894170628,0.34898250688886606
144,-0.6618430028282405,0.16416219894167514,0.34898250688886606
145,-0.5450423365685378,0.22509183685820833,0.537164279700058
146,-0.5450423365686736,0.22509183685817719,0.5371642797004217
147,-0.5450423365900022,0.22509183729111248,0.537164279700058
148,-0.5450423365688095,0.22509183685819276,0.537164279700058
149,-0.5450423365686736,0.22509183685817719,0.5371642797004217
150,-0.5450423365686736,0.22509183685819276,0.537164279700058
151,-0.5450423365900022,0.22509183685817719,0.537164279700058
152,-0.5450423365686736,0.22509183685820833,0.5371642797004217
153,-0.5450423365686736,0.22509183729111248,0.537164279700058
154,-0.5450423365686736,0.22509183685817719,0.5371642797004217
155,-0.5450423365901381,0.22509183685817719,0.537164279700058
156,-0.5450423365685378,0.22509183685819276,0.537164279700058
157,-0.5450423365686736,0.22509183685817719,0.5371642797004217
158,-0.5450423365685378,0.22509183685817719,0.537164279700058
159,-0.5450423365901381,0.22509183729111248,0.537164279700058
160,-0.5450423365688095,0.22509183685820833,0.5371642797004217
161,-0.5450423365685378,0.22509183685817719,0.537164279700058
162,-0.3949326623232807,0.06628879845117579,0.5820383947553422
163,-0.39493266232341656,0.06628879801822492,0.5820383947549785
164,-0.39493266230181623,0.06628879845117579,0.5820383947553422
165,-0.3949326623232807,0.06628879845117579,0.5820383947549785
166,-0.3949326623232807,0.06628879801822492,0.5820383947553422
167,-0.3949326623232807,0.06628879845119136,0.5820383947553422
168,-0.39493266230181623,0.06628879845117579,0.5820383947549785
169,-0.39493266232341656,0.06628879845116022,0.5820383947553422
170,-0.3949326623232807,0.06628879801822492,0.5820383947553422
171,-0.3949326623232807,0.06628879845117579,0.5820383947549785
172,-0.39493266230181623,0.06628879845116022,0.5820383947553422
173,-0.3949326623232807,0.06628879801825607,0.5820383947549785
174,-0.3949326623232807,0.06628879845116022,0.5820383947553422
175,-0.349235040803956,0.12784335555107035,0.6952369688618228
176,-0.3492350408035485,0.12784335598399008,0.6952369688618228
177,-0.34923504080368434,0.12784335555108592,0.6952369688614591
178,-0.3492350408038202,0.12784335598399008,0.6952369688618228
179,-0.3492350408038202,0.12784335555107035,0.6952369688618228
180,-0.34923504080368434,0.12784335598400565,0.6952369688618228
181,-0.34923504080368434,0.12784335555107035,0.6952369688618228
182,-0.349235040782084,0.12784335598399008,0.6952369688614591
183,-0.349235040803956,0.12784335555105478,0.6952369688618228
184,-0.34923504080368434,0.12784335598402122,0.6952369688618228
185,-0.34923504080368434,0.12784335555105478,0.6952369688618228
186,-0.3492350408038202,0.12784335598400565,0.6952369688618228
187,-0.3492350408038202,0.12784335555107035,0.6952369688614591
188,-0.34923504080368434,0.12784335598400565,0.6952369688618228
189,-0.34923504080368434,0.1278433555510392,0.6952369688618228
190,-0.3353270690322258,0.16002670323780968,0.7050803231320306
191,-0.33532706903236165,0.16002670280484324,0.7050803231316669
192,-0.33532706905369025,0.1600267032377941,0.7050803231320306
193,-0.33532706903236165,0.16002670280487438,0.7050803231316669
194,-0.3353270690322258,0.16002670323777854,0.7050803231320306
195,-0.33532706903209,0.1600267032377941,0.7050803231316669
196,-0.33532706905382614,0.16002670280484324,0.7050803231320306
197,-0.33532706903209,0.16002670323780968,0.7050803231316669
198,-0.33532706903236165,0.1600267032377941,0.7050803231320306
199,-0.3353270690322258,0.16002670280484324,0.7050803231316669
200,-0.33532706905369025,0.16002670323780968,0.7050803231320306
201,-0.3353270690322258,0.16002670280484324,0.7050803231316669
202,-0.33532706903236165,0.1600267032377941,0.7050803231320306
203,-0.41888133818676065,0.18413073587246265,0.9054628922025855
204,-0.41888133818662476,0.1841307354395585,0.9054628922022219
205,-0.4188813381868965,0.18413073587246265,0.9054628922025855
206,-0.41888133820808926,0.18413073543954292,0.9054628922022219
207,-0.41888133818662476,0.18413073587246265,0.9054628922025855
208,-0.41888133818662476,0.18413073543952735,0.9054628922022219
209,-0.41888133818676065,0.18413073587247822,0.9054628922025855
210,-0.4359115077014987,-0.032136001726315595,0.3359545380019654
211,-0.4359115077016346,-0.032136001726300024,0.3359545380019654
212,-0.4359115077013629,-0.032136001293380304,0.3359545380016017
213,-0.4359115077016346,-0.032136001726315595,0.3359545380019654
214,-0.4359115077014987,-0.032136001726300024,0.3359545380019654
215,-0.4359115077013629,-0.03213600172628445,0.3359545380019654
216,-0.4359115076801701,-0.032136001293395874,0.3359545380016017
217,-0.4359115077014987,-0.032136001726300024,0.3359545380019654
218,-0.4359115077016346,-0.032136001726300024,0.3359545380019654
219,-0.4359115077013629,-0.032136001726315595,0.3359545380019654
220,-0.4359115077014987,-0.032136001293380304,0.3359545380016017
221,-0.4359115077016346,-0.032136001726315595,0.3359545380019654
222,-0.4359115077014987,-0.032136001726300024,0.3359545380019654
223,-0.3847500401256951,-0.10368926879133321,0.6099278985207491
224,-0.3847500401471596,-0.10368926922425294,0.6099278985203854
225,-0.3847500401259668,-0.10368926879133321,0.6099278985207491
226,-0.38475004012583097,-0.10368926879133321,0.6099278985203854
227,-0.3847500401472954,-0.10368926879133321,0.6099278985207491
228,-0.3847500401256951,-0.10368926922426851,0.6099278985203854
229,-0.38475004012583097,-0.10368926879133321,0.6099278985207491
230,-0.3847500401472954,-0.10368926879133321,0.6099278985203854
231,-0.38475004012583097,-0.10368926879133321,0.6099278985207491
232,-0.38475004012555925,-0.10368926922425294,0.6099278985203854
233,-0.38475004014743125,-0.10368926879134878,0.6099278985207491
234,-0.38475004012583097,-0.10368926879131764,0.6099278985203854
235,-0.38475004012583097,-0.10368926879131764,0.6099278985207491
236,-0.3847500401471596,-0.10368926922426851,0.6099278985203854
237,-0.38475004012583097,-0.10368926879134878,0.6099278985207491
238,-0.42026503946930616,-0.11587519654777971,0.6099278985207491
239,-0.4202650394478417,-0.11587519654781085,0.6099278985203854
240,-0.42026503946944205,-0.11587519654779528,0.6099278985207491
241,-0.42026503946930616,-0.11587519654781085,0.6099278985203854
242,-0.4202650394477059,-0.11587519654781085,0.6099278985207491
243,-0.42026503946944205,-0.11587519654781085,0.6099278985203854
244,-0.42026503946930616,-0.11587519654777971,0.6099278985207491
245,-0.4202650394477059,-0.11587519611487555,0.6099278985203854
246,-0.42026503946944205,-0.11587519654781085,0.6099278985207491
247,-0.42026503946930616,-0.11587519654777971,0.6099278985203854
248,-0.4202650394478417,-0.11587519654781085,0.6099278985207491
249,-0.42026503946930616,-0.11587519654779528,0.6099278985203854
250,-0.42026503946930616,-0.11587519654781085,0.6099278985207491
251,-0.4202650394478417,-0.11587519654779528,0.6099278985203854
252,-0.42026503946930616,-0.11587519654779528,0.6099278985207491
253,-0.42349367575969804,-0.09827330094767447,0.6668006120813437
254,-0.42349367575942637,-0.09827330138060977,0.6668006120813437
255,-0.42349367578102665,-0.0982733009476589,0.6668006120813437
256,-0.42349367575983393,-0.09827330094767447,0.6668006120813437
257,-0.4234936757595622,-0.0982733013805942,0.6668006120817074
258,-0.4234936757595622,-0.09827330094769006,0.6668006120813437
259,-0.42349367578116254,-0.09827330094767447,0.6668006120813437
260,-0.42349367575942637,-0.09827330138060977,0.6668006120813437
261,-0.42349367575983393,-0.0982733009476589,0.6668006120813437
262,-0.38313572199123136,-0.11689069059966152,0.49795974369772633
263,-0.38313572196990275,-0.11689069059966152,0.49795974369772633
264,-0.38313572199136725,-0.11689069016672622,0.49795974369809
265,-0.38313572197003865,-0.11689069059966152,0.49795974369772633
266,-0.38313572199136725,-0.11689069059967709,0.49795974369772633
267,-0.38313572196990275,-0.11689069016672622,0.49795974369809
268,-0.38313572199136725,-0.11689069059966152,0.49795974369772633
269,-0.38313572199136725,-0.11689069059966152,0.49795974369772633
270,-0.38313572196990275,-0.11689069059966152,0.49795974369772633
271,-0.38313572199136725,-0.11689069059964595,0.49795974369772633
272,-0.38313572196990275,-0.1168906901667418,0.49795974369809
273,-0.3831357219915031,-0.11689069059967709,0.49795974369772633
274,-0.35767916651907145,-0.26179386808552846,0.5820383947553422
275,-0.3576791665189356,-0.26179386851846376,0.5820383947549785
276,-0.3576791665192073,-0.26179386808554406,0.5820383947553422
277,-0.3576791665192073,-0.26179386808552846,0.5820383947549785
278,-0.35767916651907145,-0.26179386851846376,0.5820383947553422
279,-0.3576791665189356,-0.26179386808552846,0.5820383947553422
280,-0.35767916649774284,-0.26179386808554406,0.5820383947549785
281,-0.3576791665189356,-0.26179386808554406,0.5820383947553422
282,-0.35767916651907145,-0.26179386851846376,0.5820383947553422
283,-0.3576791665189356,-0.26179386808554406,0.5820383947549785
284,-0.3576791665192073,-0.26179386808552846,0.5820383947553422
285,-0.3576791665192073,-0.26179386851846376,0.5820383947549785
286,-0.35767916651907145,-0.26179386808552846,0.5820383947553422
287,-0.3531555277351452,-0.12486957169355642,0.42559937153331884
288,-0.35315552775688136,-0.12486957169354085,0.42559937153368255
289,-0.3531555277352811,-0.12486957169354085,0.42559937153331884
290,-0.3531555277354169,-0.12486957169355642,0.42559937153331884
291,-0.3531555277352811,-0.12486957169354085,0.42559937153368255
292,-0.3531555277567455,-0.12486957169354085,0.42559937153331884
293,-0.35315552773555275,-0.12486957169355642,0.42559937153368255
294,-0.3531555277351452,-0.12486957126060555,0.42559937153331884
295,-0.35315552775701725,-0.12486957169354085,0.42559937153331884
296,-0.3531555277352811,-0.12486957169355642,0.42559937153368255
297,-0.3531555277351452,-0.12486957169354085,0.42559937153331884
298,-0.35315552773555275,-0.12486957169355642,0.42559937153331884
299,-0.3531555277567455,-0.12486957169354085,0.42559937153368255
300,-0.3531555277354169,-0.12486957169352528,0.42559937153331884
301,-0.4327183509267657,-0.08134840181506128,0.5398525907403737
302,-0.4327183509053012,-0.08134840138211041,0.5398525907403737
303,-0.43271835090543703,-0.08134840138211041,0.5398525907403737
304,-0.43271835092690153,-0.08134840181504571,0.5398525907403737
305,-0.4327183509267657,-0.08134840181504571,0.5398525907403737
306,-0.4327183509055729,-0.08134840138212598,0.5398525907403737
307,-0.43271835090543703,-0.08134840138211041,0.53985259074001
308,-0.43271835092690153,-0.08134840181503014,0.5398525907403737
309,-0.4327183509267657,-0.08134840181506128,0.5398525907403737
310,-0.4327183509055729,-0.08134840138211041,0.5398525907403737
311,-0.43271835090516536,-0.08134840138212598,0.5398525907403737
312,-0.43271835092703737,-0.08134840181504571,0.5398525907403737
313,-0.43271835092690153,-0.08134840181503014,0.5398525907403737
314,-0.4327183509053012,-0.08134840138212598,0.5398525907403737
315,-0.3548851543279006,-0.06611599190298491,0.8978460109218728
316,-0.354885154349365,-0.06611599233593578,0.8978460109222364
317,-0.3548851543279006,-0.06611599190300048,0.8978460109218728
318,-0.3548851543277647,-0.06611599233592019,0.8978460109218728
319,-0.3548851543279006,-0.06611599190300048,0.8978460109222364
320,-0.3548851543279006,-0.06611599190298491,0.8978460109218728
321,-0.354885154349365,-0.06611599233592019,0.8978460109218728
322,-0.3548851543277647,-0.06611599190300048,0.8978460109222364
323,-0.3548851543277647,-0.06611599233592019,0.8978460109218728
324,-0.35488515434950085,-0.06611599190300048,0.8978460109218728
325,-0.3548851543277647,-0.06611599233590462,0.8978460109222364
326,-0.3548851543279006,-0.06611599190301605,0.8978460109218728
327,-0.45453825559287114,-0.11181322077328117,0.8281222515083554
328,-0.4545382556143356,-0.11181322077328117,0.828122251508719
329,-0.45453825559287114,-0.11181322034037701,0.8281222515083554
330,-0.454538255593007,-0.1118132207732656,0.828122251508719
331,-0.4545382556144715,-0.11181322077329674,0.8281222515083554
332,-0.4545382555927353,-0.11181322077329674,0.828122251508719
333,-0.45453825559287114,-0.11181322034034587,0.8281222515083554
334,-0.45453825559287114,-0.11181322077328117,0.828122251508719
335,-0.4545382556144715,-0.11181322077331231,0.8281222515083554
336,-0.45453825559287114,-0.1118132207732656,0.828122251508719
337,-0.4545382555927353,-0.11181322034036144,0.8281222515083554
338,-0.4545382556144715,-0.11181322077329674,0.828122251508719
339,-0.45453825559287114,-0.11181322077328117,0.8281222515083554
340,-0.41273155476328693,-0.16597289877697988,0.4890733822039857
341,-0.41273155474195833,-0.165972899209884,0.4890733822039857
342,-0.41273155476328693,-0.1659728987769643,0.4890733822039857
343,-0.41273155476328693,-0.1659728987769643,0.4890733822039857
344,-0.4127315547418225,-0.165972899209884,0.489073382203622
345,-0.41273155476342277,-0.16597289877697988,0.4890733822039857
346,-0.41273155476328693,-0.1659728987769643,0.4890733822039857
347,-0.4127315547418225,-0.1659728992098996,0.4890733822039857
348,-0.41273155476342277,-0.16597289877694874,0.4890733822039857
349,-0.39493266232341656,-0.33678419217458744,0.4589964663786538
350,-0.3949326623232807,-0.3367841917416833,0.4589964663782901
351,-0.39493266230181623,-0.33678419217458744,0.4589964663786538
352,-0.3949326623232807,-0.3367841917416677,0.4589964663786538
353,-0.3949326623232807,-0.33678419217458744,0.4589964663782901
354,-0.3949326623232807,-0.33678419174165214,0.4589964663786538
355,-0.39493266230181623,-0.336784192174603,0.4589964663786538
356,-0.39493266232341656,-0.33678419174165214,0.4589964663786538
357,-0.3949326623232807,-0.33678419217458744,0.4589964663782901
358,-0.3949326623232807,-0.33678419174165214,0.4589964663786538
359,-0.39493266230181623,-0.33678419217458744,0.4589964663786538
360,-0.3949326623232807,-0.3367841917416677,0.4589964663782901
361,-0.3949326623232807,-0.336784192174603,0.4589964663786538
362,-0.5029678001405712,-0.2430462873879691,0.5820383947553422
363,-0.5029678001405712,-0.2430462869550338,0.5820383947549785
364,-0.5029678001405712,-0.24304628738798467,0.5820383947553422
365,-0.5029678001404353,-0.24304628738795353,0.5820383947549785
366,-0.5029678001404353,-0.2430462869550338,0.5820383947553422
367,-0.502967800140707,-0.24304628738800024,0.5820383947553422
368,-0.5029678001189708,-0.24304628738795353,0.5820383947549785
369,-0.5029678001405712,-0.2430462873879691,0.5820383947553422
370,-0.5029678001404353,-0.2430462869550338,0.5820383947553422
371,-0.5029678001404353,-0.24304628738798467,0.5820383947549785
372,-0.502967800140707,-0.2430462873879691,0.5820383947553422
373,-0.5029678001404353,-0.2430462869550338,0.5820383947549785
374,-0.502967800140707,-0.2430462873879691,0.5820383947553422
375,-0.5849254908968714,-0.3631479776117095,-0.7683467691784949
376,-0.5849254908968714,-0.3631479780446604,-0.7683467691788586
377,-0.5849254909183358,-0.3631479776117095,-0.7683467691784949
378,-0.5849254908968714,-0.3631479776117251,-0.7683467691788586
379,-0.5849254908971431,-0.3631479776117251,-0.7683467691784949
380,-0.5849254909183358,-0.3631479776117095,-0.7683467691784949
381,-0.5849254908968714,-0.3631479780446448,-0.7683467691788586
382,-0.5849254908971431,-0.3631479776117251,-0.7683467691784949
383,-0.4154220850015216,-0.41646141122158414,-1.448153423459471
384,-0.4154220850229861,-0.4164614107886177,-1.4481534234598348
385,-0.6616056030869812,-0.22859502677988933,-0.7816763114194695
386,-0.6616056031079023,-0.22859502721282463,-0.7816763114194695
387,-0.6616056030867095,-0.22859502677988153,-0.7816763114194695
388,-0.6616056030864378,-0.22859502677988933,-0.7816763114194695
389,-0.6616056030869812,-0.22859502721280126,-0.7816763114194695
390,-0.6616056030864378,-0.22859502677988933,-0.7816763114194695
391,-0.661605603108174,-0.22859502677988153,-0.7816763114191058
392,-0.6616056030864378,-0.22859502721280905,-0.7816763114194695
393,-0.6616056030869812,-0.22859502677988933,-0.7816763114194695
394,-0.6616056031079023,-0.22859502677988933,-0.7816763114194695
395,-0.6616056030867095,-0.22859502721281683,-0.7816763114194695
396,-0.6616056030864378,-0.22859502677987376,-0.7816763114194695
397,-0.6748660736223369,-0.24237673084170963,-0.008562861452762171
398,-0.6748660736220652,-0.24237673084172523,-0.008562861452762171
399,-0.6748660736220652,-0.24237673084170963,-0.008562861452762171
400,-0.6748660736007366,-0.24237673084171743,-0.008562861452762171
401,-0.6748660736223369,-0.24237673084170963,-0.008562861452762171
402,-0.6748660736219293,-0.24237673084172523,-0.008562861452762171
403,-0.674866073622201,-0.24237673084170963,-0.008562861452762171
404,-0.7140709430024259,-0.3623017327849657,-0.6128354430358521
405,-0.7140709430240262,-0.3623017327849657,-0.6128354430358521
406,-0.7140709430024259,-0.36230173278497346,-0.6128354430362158
407,-0.7140709430240262,-0.36230173235203816,-0.6128354430358521
408,-0.7140709430026976,-0.3623017327849657,-0.6128354430358521
409,-0.7140709430024259,-0.3623017327849579,-0.6128354430358521
410,-0.7140709430240262,-0.3623017327849657,-0.6128354430358521
411,-0.7140709430024259,-0.36230173278497346,-0.6128354430358521
412,-0.7140709430240262,-0.36230173235203816,-0.6128354430358521
413,-0.7140709430025617,-0.3623017327849579,-0.6128354430362158
414,-0.7140709430024259,-0.3623017327849657,-0.6128354430358521
415,-0.7140709430240262,-0.3623017327849657,-0.6128354430358521
416,-0.7140709430025617,-0.3623017327849579,-0.6128354430358521
417,-0.71407094300229,-0.3623017327849657,-0.6128354430358521
418,-0.7140709430240262,-0.36230173278497346,-0.6128354430362158
419,-0.7140709430025617,-0.36230173235203816,-0.6128354430358521
420,-0.7140709430240262,-0.3623017327849579,-0.6128354430358521
421,-0.7140709430025617,-0.3623017327849657,-0.6128354430358521
422,-0.6610290609033888,-0.38164447514560923,0.21994357696098382
423,-0.6610290608819243,-0.38164447471266616,0.21994357696098382
424,-0.6610290609035245,-0.3816444751455937,0.21994357696098382
425,-0.6610290608819243,-0.3816444747126817,0.21994357696134753
426,-0.6610290609033888,-0.3816444751455937,0.21994357696098382
427,-0.6610290608821959,-0.38164447471267393,0.21994357696098382
428,-0.6610290609032529,-0.38164447514560146,0.21994357696098382
429,-0.6817845799922715,-0.27936972547655037,-1.2082216631252014
430,-0.6817845799706711,-0.27936972504361507,-1.2082216631252014
431,-0.681784579970807,-0.27936972504361507,-1.2082216631252014
432,-0.6817845799922715,-0.27936972547657374,-1.2082216631252014
433,-0.6575698077182855,-0.5687855064456967,-1.4481534234598348
434,-0.6575698077182855,-0.5687855060127848,-1.4481534234598348
435,-0.7302141245186429,-0.2565211112578699,-0.968289902790568
436,-0.7302141245183711,-0.2565211108249424,-0.9682899027909317
437,-0.7302141245398356,-0.2565211112578699,-0.968289902790568
438,-0.7302141245183711,-0.2565211112578699,-0.9682899027909317
439,-0.7302141245183711,-0.2565211108249424,-0.968289902790568
440,-0.7302141245399715,-0.2565211112578621,-0.968289902790568
441,-0.7302141245183711,-0.2565211108249424,-0.9682899027909317
442,-0.7302141245183711,-0.2565211112578699,-0.968289902790568
443,-0.6419014256639379,-0.45947056732152625,-0.19674463426395403
444,-0.6419014256424734,-0.4594705673215029,-0.19674463426431774
445,-0.641901425663802,-0.4594705673215107,-0.19674463426395403
446,-0.6419014256640737,-0.45947056732152625,-0.19674463426431774
447,-0.6419014256424734,-0.4594705668885754,-0.19674463426395403
448,-0.641901425663802,-0.4594705673215185,-0.19674463426431774
449,-0.641901425663802,-0.4594705673215107,-0.19674463426395403
450,-0.6419014256426093,-0.4594705673215107,-0.19674463426431774
451,-0.6419014256639379,-0.4594705673215185,-0.19674463426395403
452,-0.6419014256424734,-0.4594705673215185,-0.19674463426431774
453,-0.641901425663802,-0.4594705673215185,-0.19674463426395403
454,-0.6419014256639379,-0.4594705673215107,-0.19674463426431774
455,-0.6419014256426093,-0.45947056688859095,-0.19674463426395403
456,-0.641901425663802,-0.4594705673215107,-0.19674463426431774
457,-0.641901425663802,-0.4594705673215107,-0.19674463426395403
458,-0.6419014256426093,-0.4594705673215185,-0.19674463426431774
459,-0.6419014256639379,-0.4594705673215107,-0.19674463426395403
460,-0.7108423067121699,-0.24585842436272398,-0.32847187523215204
461,-0.7108423067121699,-0.24585842436273175,-0.32847187523215204
462,-0.7108423066908413,-0.24585842479565148,-0.32847187523178834
463,-0.710842306712034,-0.24585842436273175,-0.32847187523215204
464,-0.7108423067124415,-0.24585842436272398,-0.32847187523215204
465,-0.5336471496237375,-0.25517707487270064,-0.08383557057723891
466,-0.5336471496238733,-0.2551770748726928,-0.08383557057723891
467,-0.5336471496238733,-0.2551770748726928,-0.0838355705776026
468,-0.5336471496237375,-0.2551770748726928,-0.08383557057723891
469,-0.5336471496237375,-0.2551770753056281,-0.08383557057723891
470,-0.5336471496240092,-0.2551770748726928,-0.08383557057723891
471,-0.5336471496237375,-0.2551770748726928,-0.08383557057723891
472,-0.5336471496240092,-0.2551770748726928,-0.08383557057723891
473,-0.533647149602273,-0.2551770748726928,-0.0838355705776026
474,-0.5336471496238733,-0.25517707487270064,-0.08383557057723891
475,-0.5336471496237375,-0.2551770748726928,-0.08383557057723891
476,-0.5336471496238733,-0.2551770748726928,-0.08383557057723891
477,-0.5336471496238733,-0.2551770753056281,-0.08383557057723891
478,-0.5336471496237375,-0.25517707487268504,-0.08383557057723891
479,-0.5336471496238733,-0.25517707487270064,-0.0838355705776026
480,-0.5336471496237375,-0.2551770748726928,-0.08383557057723891
481,-0.5336471496240092,-0.2551770748726928,-0.08383557057723891
482,-0.5814662377117682,-0.1770949758074993,-0.6712315328525892
483,-0.5814662377333686,-0.17709497580750708,-0.6712315328529529
484,-0.5814662377120399,-0.177094975374564,-0.6712315328529529
485,-0.5814662377332327,-0.17709497580750708,-0.6712315328525892
486,-0.5814662377119041,-0.1770949758074993,-0.6712315328525892
487,-0.5814662377335044,-0.1770949758074993,-0.6712315328529529
488,-0.5814662377116324,-0.17709497580750708,-0.6712315328529529
489,-0.5814662377120399,-0.177094975374564,-0.6712315328525892
490,-0.5814662377335044,-0.17709497580751488,-0.6712315328529529
491,-0.5814662377117682,-0.1770949758074915,-0.6712315328525892
492,-0.5814662377333686,-0.1770949758074993,-0.6712315328529529
493,-0.5814662377120399,-0.17709497537457958,-0.6712315328525892
494,-0.5814662377332327,-0.1770949758074993,-0.6712315328525892
495,-0.5814662377119041,-0.1770949758074993,-0.6712315328529529
496,-0.9239323026875709,-0.1422780397315322,-0.008562861452762171
497,-0.923932302687435,-0.1422780397315322,-0.008562861452762171
498,-0.7907510551921281,-0.18797526816889315,-0.008562861452762171
499,-0.790751055192264,-0.18797526860182065,-0.008562861452762171
500,-0.7907510552137283,-0.18797526816889315,-0.008562861452762171
501,-0.790751055192264,-0.18797526816889315,-0.008562861452762171
502,-0.6363818819706516,-0.12704563025241447,0.27135752560406756
503,-0.636381881992252,-0.12704563025241056,0.27135752560406756
504,-0.6363818819706516,-0.12704562981947917,0.27135752560443127
505,-0.6363818819709234,-0.12704563025240667,0.27135752560406756
506,-0.6363818819706516,-0.12704563025241056,0.27135752560406756
507,-0.6363818819707875,-0.12704562981947917,0.27135752560406756
508,-0.636381881992252,-0.12704563025241056,0.27135752560406756
509,-0.6363818819707875,-0.12704563025240667,0.27135752560406756
510,-0.6363818819706516,-0.12704563025240667,0.27135752560443127
511,-0.636381881992252,-0.12704563025241056,0.27135752560406756
512,-0.6363818819709234,-0.12704562981947917,0.27135752560406756
513,-0.6363818819705158,-0.12704563025241056,0.27135752560406756
514,-0.6363818819707875,-0.12704563025241447,0.27135752560406756
515,-0.6363818819709234,-0.12704562981947917,0.27135752560443127
516,-0.6363818819919802,-0.12704563025240279,0.27135752560406756
517,-0.6363818819709234,-0.12704563025241447,0.27135752560406756
518,-0.6437327949782805,0.053567225371114434,0.5398525907403737
519,-0.6437327949996092,0.05356722580403805,0.5398525907403737
520,-0.6437327949782805,0.05356722537111833,0.5398525907403737
521,-0.6437327949996092,0.05356722537110275,0.5398525907403737
522,-0.6437327949782805,0.05356722580404194,0.5398525907403737
523,-0.643732794999745,0.053567225371110534,0.5398525907403737
524,-0.6437327949781447,0.05356722580404194,0.5398525907403737
525,-0.6437327949784164,0.053567225371110534,0.53985259074001
526,-0.6437327949996092,0.053567225371110534,0.5398525907403737
527,-0.6437327949782805,0.05356722580403805,0.5398525907403737
528,-0.643732794999745,0.053567225371114434,0.5398525907403737
529,-0.6437327949781447,0.053567225371110534,0.5398525907403737
530,-0.643732794999745,0.05356722580404194,0.5398525907403737
531,-0.6437327949781447,0.05356722537110275,0.5398525907403737
532,-0.2968971470582336,-0.1855701509510667,0.15981030369434257
533,-0.2968971470580978,-0.18557015095107834,0.15981030369397886
534,-0.29689714703649744,-0.18557015095107446,0.15981030369434257
535,-0.2968971470580978,-0.18557015095107057,0.15981030369434257
536,-0.2968971470579619,-0.18557015095107446,0.15981030369434257
537,-0.2968971470582336,-0.18557015095107834,0.15981030369397886
538,-0.2968971470579619,-0.18557015095107446,0.15981030369434257
539,-0.29689714703649744,-0.18557015095107057,0.15981030369434257
540,-0.2968971470580978,-0.18557015095107446,0.15981030369434257
541,-0.2968971470582336,-0.18557015095107834,0.15981030369397886
542,-0.2968971470580978,-0.18557015095107057,0.15981030369434257
543,-0.29689714703649744,-0.18557015095107446,0.15981030369434257
544,-0.2968971470580978,-0.18557015095107446,0.15981030369434257
545,-0.2968971470579619,-0.18557015095107834,0.15981030369397886
546,-0.2968971470582336,-0.18557015095107057,0.15981030369434257
547,-0.2968971470579619,-0.18557015095108226,0.15981030369434257
548,-0.29689714703649744,-0.1855701509510667,0.15981030369434257
549,-0.2968971470582336,-0.18557015095107834,0.15981030369397886
550,-0.2968971470580978,-0.18557015095107446,0.15981030369434257
551,-0.3012667300240782,-0.03637652608632956,-0.008562861452762171
552,-0.3012667300240782,-0.03637652565339426,-0.008562861452762171
553,-0.3012667300026138,-0.03637652608632177,-0.008562861452762171
554,-0.30126673002421406,-0.03637652565340205,-0.008562861452762171
555,-0.3012667300240782,-0.03637652608632566,-0.008562861452762171
556,-0.3012667300240782,-0.03637652565339426,-0.008562861452762171
557,-0.3012667300027496,-0.03637652608632956,-0.008562861452762171
558,-0.3012667300240782,-0.03637652565339426,-0.008562861452762171
559,-0.30126673002421406,-0.03637652608632956,-0.008562861452762171
560,-0.3012667300240782,-0.03637652565339426,-0.008562861452762171
561,-0.3012667300024779,-0.03637652608632956,-0.008562861452762171
562,-0.30126673002421406,-0.036376525653398155,-0.008562861452762171
563,-0.30126673002421406,-0.03637652608632177,-0.008562861452762171
564,-0.3012667300240782,-0.03637652565340205,-0.008562861452762171
565,-0.3012667300026138,-0.03637652608632177,-0.008562861452762171
566,-0.3012667300240782,-0.03637652565340205,-0.008562861452762171
567,-0.30126673002421406,-0.03637652608632566,-0.008562861452762171
568,-0.30126673002421406,-0.03637652565339426,-0.008562861452762171
569,-0.3012667300024779,-0.03637652608632956,-0.008562861452762171
570,-0.30126673002434995,-0.03637652565339426,-0.008562861452762171
571,-0.3012667300239424,-0.03637652608632956,-0.008562861452762171
572,-0.668870034766718,-0.0021398722638583494,-0.4137809455732257
573,-0.6688700347881825,-0.0021398718309230532,-0.4137809455732257
574,-0.6688700347665822,-0.0021398722638583494,-0.4137809455732257
575,-0.6688700347665822,-0.0021398722638583494,-0.4137809455732257
576,-0.6688700347880466,-0.0021398718309269464,-0.4137809455732257
577,-0.668870034766718,-0.0021398722638583494,-0.4137809455732257
578,-0.6688700347665822,-0.0021398722638544558,-0.4137809455732257
579,-0.6688700347881825,-0.00213987183093084,-0.4137809455732257
580,-0.6688700347665822,-0.0021398722638544558,-0.4137809455732257
581,-0.668870034766718,-0.0021398722638583494,-0.4137809455732257
582,-0.6688700347880466,-0.0021398718309269464,-0.4137809455732257
583,-0.6688700347665822,-0.002139872263862243,-0.4137809455732257
584,-0.6688700347668539,-0.0021398722638505626,-0.4137809455732257
585,-0.6688700347879108,-0.00213987183093084,-0.4137809455732257
586,-0.668870034766718,-0.0021398722638583494,-0.4137809455732257
587,-0.6204404902403466,0.2050208974314644,-0.32847187523215204
588,-0.620440490219018,0.2050208969985369,-0.32847187523215204
589,-0.6204404902404825,0.2050208974314644,-0.32847187523178834
590,-0.6204404902191539,0.2050208974314644,-0.32847187523215204
591,-0.6204404902404825,0.2050208974314644,-0.32847187523215204
592,-0.6204404902188821,0.20502089699853301,-0.32847187523215204
593,-0.6204404902404825,0.2050208974314722,-0.32847187523215204
594,-0.620440490219018,0.20502089743145663,-0.32847187523178834
595,-0.6204404902403466,0.2050208974314644,-0.32847187523215204
596,-0.620440490219018,0.2050208969985369,-0.32847187523215204
597,-0.6204404902406183,0.2050208974314644,-0.32847187523215204
598,-0.6204404902188821,0.2050208974314683,-0.32847187523215204
599,-0.6204404902404825,0.2050208974314644,-0.32847187523178834
600,-0.620440490219018,0.2050208969985369,-0.32847187523215204
601,-0.6204404902403466,0.2050208974314644,-0.32847187523215204
602,-0.801244123183993,0.06285174186006975,0.3113461523266277
603,-0.8012441231838572,0.06285174186006585,0.3113461523266277
604,-0.801244123183993,0.06285174186006975,0.311346152326264
605,-0.801244123183993,0.06285174142714224,0.3113461523266277
606,-0.801244123183993,0.06285174186007365,0.3113461523266277
607,-0.801244123183993,0.06285174186006585,0.3113461523266277
608,-0.801244123183993,0.06285174186006975,0.3113461523266277
609,-0.8012441232054575,0.06285174186006975,0.311346152326264
610,-0.8012441231841289,0.06285174186007365,0.3113461523266277
611,-0.8012441231837213,0.06285174186006975,0.3113461523266277
612,-0.801244123183993,0.06285174186007365,0.3113461523266277
613,-0.801244123183993,0.06285174142713446,0.3113461523266277
614,-0.8012441231841289,0.06285174186006975,0.311346152326264
615,-0.8012441231838572,0.06285174186007365,0.3113461523266277
616,-0.801244123183993,0.06285174186006975,0.3113461523266277
617,-0.6589942060812063,-0.043715389957017625,-0.008562861452762171
618,-0.6589942060810705,-0.043715389957017625,-0.008562861452762171
619,-0.6589942060812063,-0.04371538952407454,-0.008562861452762171
620,-0.6589942060809346,-0.043715389957017625,-0.008562861452762171
621,-0.6589942060813422,-0.043715389957017625,-0.008562861452762171
622,-0.6589942060809346,-0.04371538995700984,-0.008562861452762171
623,-0.6589942060813422,-0.04371538952409012,-0.008562861452762171
624,-0.6589942060809346,-0.04371538995700984,-0.008562861452762171
625,-0.6589942060812063,-0.043715389957017625,-0.008562861452762171
626,-0.6589942060810705,-0.04371538995700984,-0.008562861452762171
627,-0.6589942060813422,-0.04371538952408233,-0.008562861452762171
628,-0.6589942060809346,-0.043715389957017625,-0.008562861452762171
629,-0.6589942060812063,-0.04371538995701373,-0.008562861452762171
630,-0.6589942060810705,-0.043715389957017625,-0.008562861452762171
631,-0.6589942060812063,-0.04371538952408233,-0.008562861452762171
632,-0.6589942060810705,-0.04371538995701373,-0.008562861452762171
633,-0.6589942060812063,-0.04371538995701373,-0.008562861452762171
634,-0.5203527648549622,-0.18086681067173116,0.18338254681465355
635,-0.5203527648333619,-0.18086681023879977,0.18338254681501723
636,-0.5203527648548264,-0.18086681067173116,0.18338254681465355
637,-0.5203527648550981,-0.18086681023879586,0.18338254681501723
638,-0.5203527648333619,-0.18086681067172727,0.18338254681465355
639,-0.5203527648548264,-0.18086681023879977,0.18338254681501723
640,-0.5203527648548264,-0.18086681067173116,0.18338254681465355
641,-0.5203527648334978,-0.18086681023879586,0.18338254681501723
642,-0.5203527648549622,-0.18086681067173505,0.18338254681465355
643,-0.5203527648548264,-0.18086681023879198,0.18338254681501723
644,-0.5203527648333619,-0.18086681067173116,0.18338254681465355
645,-0.5203527648550981,-0.18086681023879586,0.18338254681501723
646,-0.5203527648546905,-0.18086681067172727,0.18338254681465355
647,-0.5203527648334978,-0.18086681023880366,0.18338254681501723
648,-0.5203527648548264,-0.18086681067172727,0.18338254681465355
649,-0.5728181047709503,0.025278464971733125,-0.2085059950648354
650,-0.5728181047490782,0.025278464971733125,-0.2085059950648354
651,-0.5728181047706786,0.025278464971733125,-0.2085059950648354
652,-0.5728181047708144,0.025278464971733125,-0.2085059950648354
653,-0.5728181047710862,0.025278465404660635,-0.2085059950648354
654,-0.5728181047705427,0.025278464971733125,-0.2085059950648354
655,-0.5728181047492141,0.025278464971733125,-0.2085059950648354
656,-0.5728181047708144,0.025278464971733125,-0.2085059950648354
657,-0.5243885602231144,0.2385321981123594,0.7912096729955307
658,-0.5243885602448506,0.2385321985452908,0.7912096729955307
659,-0.5243885602228427,0.2385321981123594,0.7912096729955307
660,-0.5243885602231144,0.23853219811235551,0.7912096729955307
661,-0.7078620270531258,-0.02276221094459283,-0.1316047898294506
662,-0.7078620270315256,-0.02276221137752423,-0.1316047898294506
663,-0.7078620270531258,-0.022762210944596722,-0.1316047898294506
664,-0.7078620270313897,-0.02276221137752034,-0.1316047898294506
665,-0.70786202705299,-0.022762210944596722,-0.1316047898294506
666,-0.7078620270317972,-0.02276221137752423,-0.1316047898294506
667,-0.7078620270528542,-0.022762210944588936,-0.13160478982908688
668,-0.7078620270316613,-0.022762211377528124,-0.1316047898294506
669,-0.70786202705299,-0.022762210944596722,-0.1316047898294506
670,-0.7078620270313897,-0.02276221137752423,-0.1316047898294506
671,-0.7078620270531258,-0.022762210944588936,-0.1316047898294506
672,-0.7078620270315256,-0.02276221137752423,-0.1316047898294506
673,-0.7078620270531258,-0.02276221094459283,-0.1316047898294506
674,-0.6201469778406038,0.3091551879878378,0.2822635147103526
675,-0.6201469778407397,0.3091551875549181,0.2822635147099889
676,-0.6201469778407397,0.30915518798784564,0.2822635147103526
677,-0.6201469778406038,0.3091551879878495,0.2822635147103526
678,-0.6201469778407397,0.30915518755491034,0.2822635147103526
679,-0.6201469778407397,0.30915518798784564,0.2822635147099889
680,-0.6201469778406038,0.3091551875549142,0.2822635147103526
681,-0.6201469778407397,0.30915518798784564,0.2822635147103526
682,-0.6201469778407397,0.30915518798784564,0.2822635147103526
683,-0.6201469778406038,0.3091551875549142,0.2822635147099889
684,-0.6201469778407397,0.30915518798784564,0.2822635147103526
685,-0.6402735418146419,0.21894767194844142,-0.008562861452762171
686,-0.6402735417933133,0.21894767151550612,-0.008562861452762171
687,-0.6402735418146419,0.21894767194843753,-0.008562861452762171
688,-0.6402735417930415,0.21894767151551392,-0.008562861452762171
689,-0.6402735418146419,0.21894767194844142,-0.008562861452762171
690,-0.6402735417929057,0.21894767151550612,-0.008562861452762171
691,-0.6402735418149136,0.21894767194843753,-0.008562861452762171
692,-0.7689577601521024,-0.27023027987566367,-0.6483808890115419
693,-0.7689577601522383,-0.27023027944273226,-0.6483808890111782
694,-0.7689577601737028,-0.27023027987566756,-0.6483808890115419
695,-0.7689577601523742,-0.27023027944273226,-0.6483808890111782
696,-0.7689577601522383,-0.27023027987566756,-0.6483808890115419
697,-0.6091402631707215,-0.005186353986506218,-1.128244409680445
698,-0.6091402631705856,-0.005186353986510112,-1.1282444096800812
699,-0.6091402631924576,-0.005186353986510112,-1.128244409680445
700,-0.6091402631707215,-0.005186353986510112,-1.128244409680445
701,-0.43963685727537166,0.49748316012327803,1.5909822074438236
702,-0.4557800387914528,0.41624364246837375,-1.608107930349348
703,-0.4557800387914528,0.4162436429012974,-1.608107930349348
704,-0.4557800387914528,0.41624364246836987,-1.608107930349348
705,-0.3104914051696814,0.27813646310442075,-0.4137809455732257
706,-0.3104914051698172,0.27813646267148545,-0.4137809455732257
707,-0.31049140517008894,0.27813646310442075,-0.4137809455732257
708,-0.31049140516995305,0.27813646310441686,-0.4137809455732257
709,-0.31049140517008894,0.27813646310442075,-0.4137809455732257
710,-0.31049140516954554,0.27813646267148934,-0.4137809455732257
711,-0.3104914051702248,0.27813646310441686,-0.4137809455732257
712,-0.3104914051698172,0.27813646310441686,-0.4137809455732257
713,-0.31049140516995305,0.27813646310442464,-0.4137809455732257
714,-0.31049140516995305,0.27813646267148157,-0.4137809455732257
715,-0.3104914051698172,0.27813646310442464,-0.4137809455732257
716,-0.31049140517008894,0.27813646310441686,-0.4137809455732257
717,-0.3104914051698172,0.27813646310441686,-0.4137809455732257
718,-0.31049140516995305,0.27813646267148934,-0.4137809455732257
719,-0.3104914051698172,0.27813646310441686,-0.4137809455732257
720,-0.39927890348584805,0.45686340151228966,-0.6483808890115419
721,-0.39927890350731254,0.45686340107936213,-0.6483808890111782
722,-0.3992789034857122,0.4568634015122819,-0.6483808890115419
723,-0.39927890350731254,0.45686340151229743,-0.6483808890111782
724,-0.39927890348584805,0.45686340107936213,-0.6483808890115419
725,-0.39927890350731254,0.4568634015122819,-0.6483808890111782
726,-0.3992789034857122,0.45686340151229743,-0.6483808890115419
727,-0.39927890348584805,0.45686340107936213,-0.6483808890115419
728,-0.39927890350731254,0.4568634015122819,-0.6483808890111782
729,-0.3992789034855764,0.45686340151229743,-0.6483808890115419
730,-0.39927890350731254,0.45686340107936213,-0.6483808890111782
731,-0.3992789034859839,0.4568634015122819,-0.6483808890115419
732,-0.43591150770122705,0.530291426560498,-0.1316047898294506
733,-0.4359115077016346,0.5302914269934099,-0.1316047898294506
734,-0.4359115077014987,0.5302914265604823,-0.1316047898294506
735,-0.43591150770177045,0.5302914265604823,-0.1316047898294506
736,-0.4359115077013629,0.5302914269934099,-0.1316047898294506
737,-0.4359115077014987,0.5302914265604902,-0.1316047898294506
738,-0.43591150767989845,0.5302914265604823,-0.13160478982908688
739,-0.4359115077014987,0.5302914265604902,-0.1316047898294506
740,-0.4359115077014987,0.5302914269934177,-0.1316047898294506
741,-0.4359115077016346,0.5302914265604902,-0.1316047898294506
742,-0.4359115077014987,0.5302914265604746,-0.1316047898294506
743,-0.4359115077014987,0.5302914269934177,-0.1316047898294506
744,-0.4359115077014987,0.5302914265604902,-0.1316047898294506
745,-0.7108423067121699,-0.018387775794842322,-0.22183553730581
746,-0.710842306712034,-0.018387775361907024,-0.22183553730544628
747,-0.7108423066908413,-0.018387775794842322,-0.22183553730581
748,-0.7108423067125774,-0.018387775361907024,-0.22183553730544628
749,-0.710842306712034,-0.018387775794842322,-0.22183553730581
750,-0.710842306712034,-0.018387775361907024,-0.22183553730544628
751,-0.7108423067125774,-0.018387775794834534,-0.22183553730581
752,-0.7108423066904337,-0.018387775361914813,-0.22183553730544628
753,-0.7108423067124415,-0.018387775794834534,-0.22183553730581
754,-0.710842306712034,-0.018387775361914813,-0.22183553730544628
755,-0.7108423067121699,-0.018387775794834534,-0.22183553730581
756,-0.7108423067123056,-0.018387775361914813,-0.22183553730544628
757,-0.7108423066905695,-0.018387775794834534,-0.22183553730581
758,-0.7108423067123056,-0.018387775361914813,-0.22183553730544628
759,-0.7108423067123056,-0.018387775794834534,-0.22183553730581
760,-0.5176622345949914,0.25037962785153534,-0.2573809832811361
761,-0.5176622345952631,0.2503796278515509,-0.2573809832811361
762,-0.5176622345948555,0.25037962785153534,-0.2573809832811361
763,-0.517662234595399,0.2503796278515431,-0.2573809832811361
764,-0.5176622345949914,0.2503796278515431,-0.2573809832811361
765,-0.5176622345951272,0.25037962785153534,-0.2573809832811361
766,-0.5176622345949914,0.2503796278515509,-0.2573809832811361
767,-0.5176622345951272,0.25037962785153534,-0.2573809832811361
768,-0.5176622345949914,0.25037962828447063,-0.2573809832811361
769,-0.517662234595399,0.2503796278515431,-0.2573809832811361
770,-0.5176622345948555,0.25037962785153534,-0.2573809832811361
771,-0.5176622345949914,0.2503796278515509,-0.2573809832811361
772,-0.5176622345951272,0.25037962785153534,-0.2573809832811361
773,-0.5176622345952631,0.2503796278515509,-0.2573809832811361
774,-0.5176622345948555,0.25037962785153534,-0.2573809832811361
775,-0.5176622345951272,0.2503796278515431,-0.2573809832811361
776,-0.5176622345952631,0.2503796278515431,-0.2573809832811361
777,-0.5176622345949914,0.25037962785153534,-0.2573809832811361
778,-0.6259043362753611,0.4318666268159419,0.23752099530061466
779,-0.625904336296554,0.4318666268159341,0.23752099530061466
780,-0.6259043362749536,0.4318666268159341,0.23752099530061466
781,-0.6259043362753611,0.4318666263830144,0.23752099530025098
782,-0.625904336296554,0.4318666268159341,0.23752099530061466
783,-0.6259043362750895,0.4318666268159497,0.23752099530061466
784,-0.6259043362752253,0.4318666268159419,0.23752099530061466
785,-0.6259043362749536,0.43186662681591853,0.23752099530061466
786,-0.6259043362966897,0.4318666268159497,0.23752099530061466
787,-0.6259043362752253,0.4318666263830066,0.23752099530025098
788,-0.6259043362749536,0.4318666268159419,0.23752099530061466
789,-0.6259043362966897,0.4318666268159419,0.23752099530061466
790,-0.6259043362753611,0.4318666268159341,0.23752099530061466
791,-0.46990532262298235,-0.04326737768431221,0.35133477904882415
792,-0.469905322623254,-0.043267378117247506,0.3513347790491878
793,-0.46990532260151785,-0.04326737768430442,0.3513347790491878
794,-0.469905322623254,-0.04326737811723972,0.35133477904882415
795,-0.4699053226231182,-0.04326737768431999,0.35133477904882415
796,-0.46990532260151785,-0.04326737768431221,0.3513347790491878
797,-0.469905322623254,-0.043267378117247506,0.3513347790491878
798,-0.469905322623254,-0.04326737768430442,0.35133477904882415
799,-0.5138954922311136,0.38374783583932554,-0.11519919937910422
800,-0.5138954922528498,0.3837478354064136,-0.11519919937946792
801,-0.5138954922313854,0.38374783583934113,-0.11519919937910422
802,-0.5138954922529857,0.38374783540639806,-0.11519919937910422
803,-0.5138954922313854,0.38374783583934113,-0.11519919937910422
804,-0.5138954922525781,0.3837478358393333,-0.11519919937946792
805,-0.5138954922313854,0.38374783540639806,-0.11519919937910422
806,-0.5138954922529857,0.38374783583934113,-0.11519919937910422
807,-0.5138954922312495,0.38374783540639806,-0.11519919937910422
808,-0.5138954922528498,0.3837478358393567,-0.11519919937946792
809,-0.5138954922312495,0.3837478358393333,-0.11519919937910422
810,-0.5138954922531216,0.38374783540639806,-0.11519919937910422
811,-0.5138954922313854,0.38374783583934113,-0.11519919937910422
812,-0.513895492252714,0.3837478354064136,-0.11519919937946792
813,-0.5138954922312495,0.38374783583932554,-0.11519919937910422
814,-0.44609412987775576,0.3553140045518873,0.41798249025296974
815,-0.44609412989881264,0.3553140045518951,0.41798249025296974
816,-0.44609412987761987,0.3553140045518795,0.41798249025296974
817,-0.44609412987775576,0.3553140045518873,0.41798249025296974
818,-0.44609412989881264,0.35531400455187173,0.41798249025296974
819,-0.44609412987761987,0.3553140045518873,0.41798249025296974
820,-0.4460941298773482,0.3553140045518795,0.41798249025296974
821,-0.4460941298992202,0.3553140045518951,0.41798249025333345
822,-0.4460941298773482,0.3553140045518873,0.41798249025296974
823,-0.44609412987761987,0.3553140045518873,0.41798249025296974
824,-0.44609412989908437,0.3553140045518795,0.41798249025296974
825,-0.44609412987748404,0.3553140045518873,0.41798249025296974
826,-0.44609412987761987,0.3553140045518951,0.41798249025296974
827,-0.44609412989908437,0.35531400455187173,0.41798249025296974
828,-0.44609412987748404,0.3553140045518873,0.41798249025296974
829,-0.5849254909184717,0.34515906489913434,-0.808335395901055
830,-0.5849254908968714,0.34515906489913434,-0.808335395901055
831,-0.4673108827343248,0.11884898083826008,0.21994357696098382
832,-0.46731088273446064,0.11884898040532478,0.21994357696098382
833,-0.4673108827128603,0.11884898040532478,0.21994357696098382
834,-0.4673108827343248,0.11884898083826008,0.21994357696134753
835,-0.4673108827343248,0.1188489808382445,0.21994357696098382
836,-0.4673108827343248,0.11884898040532478,0.21994357696098382
837,-0.4673108827128603,0.11884898040532478,0.21994357696098382
838,-0.4673108827345965,0.1188489808382445,0.21994357696098382
839,-0.4673108827340531,0.11884898083826008,0.21994357696098382
840,-0.4673108827343248,0.11884898040532478,0.21994357696098382
841,-0.4673108827345965,0.11884898040532478,0.21994357696134753
842,-0.4673108827128603,0.11884898083826008,0.21994357696098382
843,-0.4673108827343248,0.11884898083826008,0.21994357696098382
844,-0.4673108827343248,0.11884898040532478,0.21994357696098382
845,0.4774976424748389,-0.15370234684086853,-0.10853442825879878
846,0.4774976424531027,-0.1537023468408841,-0.10853442825879878
847,0.4774976424531027,-0.15370234684086853,-0.10853442825879878
848,0.47749764247470305,-0.15370234684086853,-0.10853442825879878
849,0.47749764247470305,-0.15370234684086853,-0.10853442825879878
850,0.4774976424531027,-0.1537023468408841,-0.10853442825879878
851,0.4774976424532386,-0.15370234684085296,-0.10853442825879878
852,0.47749764247470305,-0.1537023464079488,-0.10853442825879878
853,0.4774976424745672,-0.15370234684086853,-0.10853442825879878
854,0.4774976424531027,-0.15370234684086853,-0.10853442825879878
855,0.4774976424532386,-0.15370234684086853,-0.10853442825879878
856,0.47749764247470305,-0.15370234684087633,-0.10853442825879878
857,0.4774976424748389,-0.1537023468408841,-0.10853442825879878
858,0.4774976424531027,-0.15370234684086076,-0.10853442825879878
859,0.4774976424531027,-0.15370234684086853,-0.10853442825879878
860,0.4774976424748389,-0.15370234684087633,-0.10853442825879878
861,0.30496739003167284,-0.13085373262218805,-0.4084491286769086
862,0.30496739003167284,-0.13085373262218805,-0.4084491286769086
863,0.30496739005327317,-0.13085373218926832,-0.4084491286769086
864,0.30496739003194456,-0.13085373262218025,-0.4084491286769086
865,0.30496739003140116,-0.13085373262219585,-0.4084491286769086
866,0.30496739003194456,-0.13085373262218805,-0.4084491286769086
867,0.30496739003180867,-0.13085373262218025,-0.4084491286769086
868,0.304967390031537,-0.13085373218926832,-0.4084491286769086
869,0.30496739005327317,-0.13085373262218025,-0.4084491286769086
870,0.30496739003194456,-0.13085373262219585,-0.4084491286769086
871,0.30496739003180867,-0.13085373262218805,-0.4084491286769086
872,0.30496739003140116,-0.13085373262219585,-0.4084491286769086
873,0.30496739003194456,-0.13085373262218025,-0.4084491286769086
874,0.30496739005300144,-0.13085373218926832,-0.4084491286769086
875,0.30496739003194456,-0.13085373262218025,-0.4084491286769086
876,0.30496739003167284,-0.13085373262219585,-0.4084491286769086
877,0.5773835780961832,-0.11181322077328117,-0.008562861452762171
878,0.3201016227055461,-0.33649126102326327,-0.008562861452762171
879,0.3201016227055461,-0.3364912610232555,-0.008562861452762171
880,0.3201016227055461,-0.3364912610232555,-0.008562861452762171
881,0.320101622705682,-0.3364912610232555,-0.008562861452762171
882,0.3201016227055461,-0.33649126102326327,-0.008562861452762171
883,0.3201016227058178,-0.33649126102324767,-0.008562861452762171
884,0.3201016227055461,-0.33649126102324767,-0.008562861452762171
885,0.32010162270541026,-0.33649126102326327,-0.008562861452762171
886,0.3201016227055461,-0.33649126102324767,-0.008562861452762171
887,0.3201016227055461,-0.33649126102326327,-0.008562861452762171
888,0.320101622705682,-0.3364912610232555,-0.008562861452762171
889,0.3201016227055461,-0.3364912610232555,-0.008562861452762171
890,0.3201016227055461,-0.3364912610232555,-0.008562861452762171
891,0.320101622705682,-0.33649126102324767,-0.008562861452762171
892,0.3201016227052744,-0.33649126102326327,-0.008562861452762171
893,0.320101622705682,-0.33649126102324767,-0.008562861452762171
894,0.2222335847896744,-0.27023027944274397,-0.09387193179383581
895,0.2222335847683458,-0.27023027987566367,-0.0938719317941995
896,0.2222335847899461,-0.27023027944272837,-0.09387193179383581
897,0.2222335847680741,-0.27023027987567144,-0.09387193179383581
898,0.22223358478953856,-0.2702302794427362,-0.09387193179383581
899,0.22223358476820992,-0.27023027987567144,-0.0938719317941995
900,0.22223358478981026,-0.2702302794427206,-0.09387193179383581
901,0.22223358476820992,-0.27023027987567144,-0.09387193179383581
902,0.2222335847899461,-0.27023027944272837,-0.09387193179383581
903,0.2222335847680741,-0.27023027987566367,-0.0938719317941995
904,0.22223358478953856,-0.27023027944274397,-0.09387193179383581
905,0.22223358476848162,-0.27023027987566367,-0.09387193179383581
906,0.22223358478953856,-0.27023027944274397,-0.09387193179383581
907,0.2222335847683458,-0.2702302798756481,-0.0938719317941995
908,0.2222335847896744,-0.27023027944274397,-0.09387193179383581
909,-0.003770956411144202,-0.08134840181503793,-0.14185828386068974
910,-0.003770956411144202,-0.0813484013821182,-0.14185828386105342
911,-0.003770956411144202,-0.0813484013821182,-0.14185828386068974
912,-0.003770956411144202,-0.08134840181504571,-0.14185828386068974
913,-0.003770956411144202,-0.08134840181504571,-0.14185828386105342
914,-0.003770956411144202,-0.08134840138211041,-0.14185828386068974
915,-0.003770956411144202,-0.0813484013821182,-0.14185828386068974
916,-0.003770956411144202,-0.08134840181504571,-0.14185828386105342
917,-0.003770956411144202,-0.08134840181504571,-0.14185828386068974
918,-0.003770956411144202,-0.0813484013821182,-0.14185828386068974
919,-0.003770956411144202,-0.08134840138211041,-0.14185828386105342
920,-0.003770956411144202,-0.08134840181504571,-0.14185828386068974
921,-0.1813459530642628,-0.24382743625900705,0.36466432128979875
922,-0.1813459530645345,-0.24382743669193455,0.36466432128979875
923,-0.18134595306439863,-0.24382743669193455,0.36466432128979875
924,-0.18134595304266246,-0.24382743625899927,0.36466432128979875
925,-0.1813459530645345,-0.24382743625900705,0.36466432128979875
926,-0.1813459530642628,-0.24382743669193455,0.36466432128979875
927,-0.1813459530645345,-0.24382743669194235,0.36466432128979875
928,-0.18134595306412693,-0.24382743625900705,0.36466432128979875
929,-0.1813459530429342,-0.24382743625899148,0.36466432128979875
930,-0.1813459530645345,-0.24382743669195014,0.36466432128979875
931,-0.1813459530642628,-0.24382743669193455,0.36466432128979875
932,-0.1813459530642628,-0.24382743625899927,0.36466432128979875
933,-0.03605731944289892,0.09128557271458829,-0.008562861452762171
934,-0.036057319442763074,0.09128557314752359,-0.008562861452762171
935,-0.03605731944317063,0.0912855727145805,-0.008562861452762171
936,0.3715580137793263,0.14713774123764528,-0.3684605019543485
937,0.3715580137794622,0.1471377412376219,-0.36846050195471214
938,0.371558013779598,0.14713774123763748,-0.36846050195471214
939,0.3715580138007908,0.14713774123762968,-0.3684605019543485
940,0.3715580137794622,0.14713774080470998,-0.3684605019543485
941,0.37155801377919045,0.1471377412376219,-0.36846050195471214
942,0.3715580137793263,0.14713774123763748,-0.36846050195471214
943,0.3715580137794622,0.14713774123763748,-0.3684605019543485
944,0.10216867226276809,-0.2831778278463473,0.27135752560406756
945,0.10216867228396084,-0.28317782741338865,0.27135752560406756
946,0.10216867226263224,-0.28317782784633955,0.27135752560443127
947,0.10216867228423256,-0.28317782784632395,0.27135752560406756
948,0.10216867226263224,-0.2831778278463318,0.27135752560406756
949,0.10216867228423256,-0.2831778278463318,0.27135752560443127
950,0.10216867226276809,-0.28317782741340425,0.27135752560406756
951,0.102168672283825,-0.28317782784632395,0.27135752560406756
952,0.10216867226303979,-0.28317782784633955,0.27135752560406756
953,0.10216867226249639,-0.28317782741340425,0.27135752560406756
954,0.10216867228409669,-0.2831778278463318,0.27135752560443127
955,0.10216867226263224,-0.28317782784632395,0.27135752560406756
956,0.10216867228423256,-0.28317782784633955,0.27135752560406756
957,0.10216867226249639,-0.28317782784632395,0.27135752560443127
958,0.1021686722843684,-0.28317782741340425,0.27135752560406756
959,0.10216867226249639,-0.2831778278463318,0.27135752560406756
960,-0.043119961358595776,-0.5192801752056424,0.29135183896534766
961,-0.043119961337403014,-0.5192801752056346,0.29135183896534766
962,-0.04311996135886748,-0.5192801752056424,0.29135183896534766
963,-0.04311996135886748,-0.5192801752056424,0.29135183896534766
964,-0.043119961337267164,-0.5192801752056346,0.29135183896534766
965,-0.04311996135886748,-0.5192801752056424,0.29135183896534766
966,-0.043119961337403014,-0.5192801752056424,0.29135183896534766
967,-0.043119961358595776,-0.5192801756385699,0.29135183896534766
968,-0.04311996135886748,-0.5192801752056346,0.29135183896534766
969,-0.043119961336995465,-0.5192801752056424,0.29135183896534766
970,-0.04311996135886748,-0.5192801752056424,0.29135183896534766
971,-0.043119961337403014,-0.5192801752056346,0.29135183896534766
972,-0.04311996135886748,-0.5192801752056502,0.29135183896534766
973,-0.04311996135886748,-0.5192801752056346,0.29135183896534766
974,-0.043119961337131314,-0.5192801752056424,0.29135183896534766
975,-0.04311996135873163,-0.5192801752056346,0.29135183896534766
976,-0.37183549492187784,-0.11993717232231718,0.39665522266770137
977,-0.37183549492147033,-0.1199371723223094,0.39665522266770137
978,-0.37183549492187784,-0.11993717232231718,0.39665522266770137
979,-0.37183549492147033,-0.11993717275525248,0.39665522266770137
980,-0.371835494921742,-0.1199371723223094,0.39665522266770137
981,-0.371835494921742,-0.1199371723223094,0.39665522266770137
982,-0.37183549492187784,-0.11993717232232497,0.39665522266770137
983,-0.37183549492147033,-0.1199371723223094,0.39665522266770137
984,-0.371835494921742,-0.1199371723223094,0.39665522266770137
985,-0.37183549492147033,-0.1199371723223094,0.39665522266770137
986,-0.37183549492187784,-0.11993717232231718,0.39665522266770137
987,-0.37183549492147033,-0.1199371727552447,0.39665522266770137
988,-0.371835494921742,-0.1199371723223094,0.39665522266770137
989,-0.37183549492187784,-0.11993717232231718,0.39665522266770137
990,-0.37183549492147033,-0.11993717232231718,0.39665522266770137
991,-0.49613799258111224,-0.19305273799526573,0.36466432128979875
992,-0.4961379925812481,-0.19305273842820103,0.36466432128979875
993,-0.49613799255964774,-0.19305273799526573,0.36466432128979875
994,-0.49613799258097635,-0.1930527379952735,0.36466432128979875
995,-0.49613799258111224,-0.19305273799526573,0.36466432128979875
996,-0.49613799258111224,-0.19305273799526573,0.36466432128943504
997,-0.49613799258097635,-0.19305273842819323,0.36466432128979875
998,-0.49613799258111224,-0.1930527379952735,0.36466432128979875
999,-0.49613799258111224,-0.19305273799526573,0.36466432128979875
1000,-0.4961379925593761,-0.19305273842819323,0.36466432128979875
1001,-0.4961379925812481,-0.19305273799526573,0.36466432128979875
1002,-0.4961379925808405,-0.1930527379952735,0.36466432128979875
1003,-0.5019034145420198,-0.05958781665933829,-0.12281608065981701
1004,-0.501903414541748,-0.059587816659330495,-0.12281608065945332
1005,-0.5019034145418839,-0.0595878162263952,-0.12281608065981701
1006,-0.5019034145633484,-0.059587816659330495,-0.12281608065945332
1007,-0.5019034145418839,-0.059587816659330495,-0.12281608065981701
1008,-0.5019034145418839,-0.059587816659330495,-0.12281608065945332
1009,-0.5019034145416122,-0.05958781622640299,-0.12281608065981701
1010,-0.5019034145416122,-0.059587816659330495,-0.12281608065981701
1011,-0.5019034145421556,-0.05958781665933829,-0.12281608065945332
1012,-0.5019034145418839,-0.059587816659330495,-0.12281608065981701
1013,-0.5019034145630766,-0.05958781665932271,-0.12281608065945332
1014,-0.5019034145418839,-0.05958781622640299,-0.12281608065981701
1015,-0.5019034145418839,-0.059587816659330495,-0.12281608065945332
1016,-0.5019034145416122,-0.059587816659330495,-0.12281608065981701
1017,-0.3114410040930124,-0.07597225714020805,0.3678006841699853
1018,-0.31144100407114034,-0.07597225714020026,0.3678006841699853
1019,-0.31144100409274067,-0.07597225714020805,0.3678006841699853
1020,-0.31144100407114034,-0.07597225714020026,0.3678006841699853
1021,-0.31144100409274067,-0.07597225670727276,0.3678006841699853
1022,-0.31144100407141206,-0.07597225714020805,0.3678006841699853
1023,-0.31144100409274067,-0.07597225714020026,0.3678006841699853
1024,-0.3114410040710045,-0.07597225714020805,0.3678006841699853
1025,-0.3114410040928765,-0.07597225714020416,0.3678006841696216
1026,-0.31144100407127623,-0.07597225714020416,0.3678006841699853
1027,-0.31144100409260483,-0.07597225714020416,0.3678006841699853
1028,-0.31144100407127623,-0.07597225714020416,0.3678006841699853
1029,-0.3114410040928765,-0.07597225670727276,0.3678006841699853
1030,-0.31144100407127623,-0.07597225714020805,0.3678006841699853
1031,-0.31144100409260483,-0.07597225714020026,0.3678006841699853
1032,-0.31144100407141206,-0.07597225714020026,0.3678006841699853
1033,-0.31144100409260483,-0.07597225714020805,0.3678006841699853
1034,-0.30126673002421406,-0.14663015684925607,0.42559937153331884
1035,-0.3012667300239424,-0.14663015641633245,0.42559937153368255
1036,-0.3012667300027496,-0.14663015684925607,0.42559937153331884
1037,-0.3012667300239424,-0.14663015684926384,0.42559937153331884
1038,-0.3012667300240782,-0.14663015641632465,0.42559937153368255
1039,-0.30126673002434995,-0.14663015684926384,0.42559937153331884
1040,-0.30126673002421406,-0.14663015641632465,0.42559937153368255
1041,-0.30126673000234205,-0.14663015684926384,0.42559937153331884
1042,-0.30126673002421406,-0.14663015684925607,0.42559937153331884
1043,-0.30126673002421406,-0.14663015641633245,0.42559937153368255
1044,-0.3012667300240782,-0.14663015684925995,0.42559937153331884
1045,-0.3012667300027496,-0.14663015684925607,0.42559937153331884
1046,-0.30126673002421406,-0.14663015641632854,0.42559937153368255
1047,-0.3012667300239424,-0.14663015684926384,0.42559937153331884
1048,-0.45779793647546096,0.08620810332114712,-0.2085059950648354
1049,-0.45779793649719713,0.0862081028882196,-0.2085059950648354
1050,-0.45779793647546096,0.08620810288821572,-0.2085059950648354
1051,-0.4577979364969254,0.08620810332114712,-0.2085059950648354
1052,-0.45779793647546096,0.08620810332114712,-0.2085059950648354
1053,-0.45779793647546096,0.0862081028882235,-0.2085059950648354
1054,-0.4577979364970613,0.08620810288821182,-0.2085059950648354
1055,-0.45779793647518924,0.08620810332114712,-0.2085059950648354
1056,-0.22170390685419394,-0.16766538886339896,0.36466432128979875
1057,-0.22170390683272947,-0.16766538886339896,0.36466432128979875
1058,-0.22170390685405808,-0.16766538886339896,0.36466432128979875
1059,-0.2217039068325936,-0.16766538886339896,0.36466432128979875
1060,-0.22170390685392222,-0.16766538886339896,0.36466432128979875
1061,-0.2217039068325936,-0.16766538886339505,0.36466432128943504
1062,-0.22170390685392222,-0.16766538886339896,0.36466432128979875
1063,-0.22170390685419394,-0.16766538886339896,0.36466432128979875
1064,-0.22170390683272947,-0.16766538886339896,0.36466432128979875
1065,-0.22170390685405808,-0.16766538886339896,0.36466432128979875
1066,-0.2217039068323219,-0.16766538886340673,0.36466432128979875
1067,-0.22170390685419394,-0.16766538886339505,0.36466432128979875
1068,-0.2573138660728443,0.002877862592826659,0.2737097977643893
1069,-0.2573138660511081,0.0028778630257541684,0.27370979776402565
1070,-0.2573138660727084,0.0028778625928188722,0.2737097977643893
1071,-0.2573138660727084,0.002877863025750275,0.2737097977643893
1072,-0.25731386607257256,0.002877862592826659,0.2737097977643893
1073,-0.25731386605124396,0.0028778625928188722,0.27370979776402565
1074,-0.2573138660728443,0.0028778630257541684,0.2737097977643893
1075,-0.2573138660724367,0.002877862592822766,0.2737097977643893
1076,-0.25731386605124396,0.0028778630257541684,0.27370979776402565
1077,-0.2573138660728443,0.002877862592822766,0.2737097977643893
1078,-0.25731386607257256,0.0028778630257541684,0.2737097977643893
1079,-0.25731386605124396,0.0028778625928188722,0.27370979776402565
1080,-0.2573138660724367,0.002877862592826659,0.2737097977643893
1081,-0.2573138660728443,0.002877863025750275,0.2737097977643893
1082,-0.2573138660727084,0.0028778625928188722,0.2737097977643893
1083,-0.2573138660513798,0.002877863025758062,0.27370979776402565
1084,-0.2573138660724367,0.002877862592826659,0.2737097977643893
1085,-0.40196943374568306,-0.020418763465639516,-0.09742647639162301
1086,-0.4019694337455472,-0.02041876346563173,-0.09742647639125931
1087,-0.4019694337455472,-0.020418763465627838,-0.09742647639162301
1088,-0.4019694337455472,-0.020418763898563133,-0.09742647639125931
1089,-0.40196943374568306,-0.020418763465627838,-0.09742647639162301
1090,-0.4019694337454114,-0.020418763465627838,-0.09742647639125931
1091,-0.4019694337459548,-0.020418763465635623,-0.09742647639162301
1092,-0.4019694337452755,-0.02041876346563173,-0.09742647639125931
1093,-0.4019694337459548,-0.02041876389855924,-0.09742647639162301
1094,-0.40196943376701166,-0.02041876346563173,-0.09742647639162301
1095,-0.4019694337455472,-0.02041876346563173,-0.09742647639125931
1096,-0.40196943374568306,-0.020418763465627838,-0.09742647639162301
1097,-0.4019694337455472,-0.02041876346563173,-0.09742647639125931
1098,-0.4019694337454114,-0.02041876346563173,-0.09742647639162301
1099,-0.40196943374568306,-0.02041876346563173,-0.09742647639125931
1100,-0.4019694337455472,-0.02041876389855924,-0.09742647639162301
1101,-0.4019694337455472,-0.02041876346563173,-0.09742647639125931
1102,-0.4019694337455472,-0.02041876346563173,-0.09742647639162301
1103,-0.21443947517404952,-0.0021398722638583494,-0.08854011489751872
1104,-0.2144394751527209,-0.0021398718309230532,-0.08854011489751872
1105,-0.21443947517404952,-0.002139872263862243,-0.08854011489788241
1106,-0.21443947515258507,-0.0021398722638544558,-0.08854011489751872
1107,-0.21443947517404952,-0.0021398722638583494,-0.08854011489751872
1108,-0.21443947515258507,-0.0021398718309269464,-0.08854011489751872
1109,-0.21443947517404952,-0.0021398722638583494,-0.08854011489751872
1110,-0.2144394751524492,-0.0021398722638583494,-0.08854011489788241
1111,-0.21443947517432121,-0.0021398718309230532,-0.08854011489751872
1112,-0.21443947515231335,-0.0021398722638583494,-0.08854011489751872
1113,-0.21443947517418538,-0.0021398722638583494,-0.08854011489751872
1114,-0.21443947517418538,-0.00213987183093084,-0.08854011489751872
1115,-0.2144394751524492,-0.0021398722638505626,-0.08854011489788241
1116,-0.21443947517391368,-0.002139872263866136,-0.08854011489751872
1117,-0.2144394751527209,-0.0021398718309230532,-0.08854011489751872
1118,-0.21443947517418538,-0.0021398722638583494,-0.08854011489751872
1119,-0.2144394751524492,-0.0021398722638583494,-0.08854011489751872
1120,-0.21443947517391368,-0.0021398722638505626,-0.08854011489788241
1121,-0.2144394751527209,-0.00213987183093084,-0.08854011489751872
1122,-0.21443947517418538,-0.0021398722638583494,-0.08854011489751872
1123,0.13506040460837898,0.30250831818442514,-0.6270536214262735
1124,0.13506040460824312,0.30250831818442514,-0.6270536214259098
1125,0.13506040460824312,0.302508318184429,-0.6270536214262735
1126,0.13506040460810728,0.30250831861735267,-0.6270536214259098
1127,0.13506040460851482,0.30250831818443297,-0.6270536214262735
1128,0.13506040460797142,0.30250831818442514,-0.6270536214259098
1129,0.13506040460837898,0.30250831818442125,-0.6270536214262735
1130,0.13506040458677865,0.30250831818443297,-0.6270536214259098
1131,0.13506040460837898,0.30250831818442514,-0.6270536214262735
1132,0.13506040460797142,0.30250831818442125,-0.6270536214259098
1133,0.13506040460824312,0.30250831818443297,-0.6270536214262735
1134,0.13506040460837898,0.30250831861735267,-0.6270536214259098
1135,0.13506040460824312,0.302508318184429,-0.6270536214262735
1136,0.13506040460824312,0.30250831818442514,-0.6270536214259098
1137,0.13506040460837898,0.30250831818442514,-0.6270536214262735
1138,-0.061886409851212645,0.09128557271459219,-0.008562861452762171
1139,-0.06188640987281296,0.09128557314751969,-0.008562861452762171
1140,-0.06188640985080509,0.09128557271459219,-0.008562861452762171
1141,-0.06188640987267711,0.09128557314751969,-0.008562861452762171
1142,-0.06188640985107679,0.09128557271459219,-0.008562861452762171
1143,-0.06188640987281296,0.09128557314752747,-0.008562861452762171
1144,-0.06188640985094094,0.09128557271458439,-0.008562861452762171
1145,-0.06188640987281296,0.09128557314752747,-0.008562861452762171
1146,-0.06188640985107679,0.09128557271458439,-0.008562861452762171
1147,-0.06188640987267711,0.09128557314752747,-0.008562861452762171
1148,-0.06188640985107679,0.09128557271458829,-0.008562861452762171
1149,-0.06188640987267711,0.09128557314752359,-0.008562861452762171
1150,-0.06188640985107679,0.09128557271459219,-0.008562861452762171
1151,-0.06188640987267711,0.0912855731475158,-0.008562861452762171
1152,-0.06188640985094094,0.09128557271459607,-0.008562861452762171
1153,-0.4456905503492682,0.04051087445085475,0.19138027215931105
1154,-0.44569055034967575,0.04051087445085475,0.19138027215931105
1155,-0.44569055034913235,0.04051087488378226,0.19138027215931105
1156,-0.4456905503492682,0.04051087445084696,0.19138027215931105
1157,-0.4456905503279396,0.04051087445085475,0.19138027215931105
1158,-0.44569055034913235,0.04051087445085475,0.19138027215931105
1159,-0.445690550349404,0.04051087445085475,0.19138027215931105
1160,-0.445690550349404,0.04051087488378226,0.19138027215931105
1161,-0.4456905503492682,0.04051087445085475,0.19138027215931105
1162,-0.445690550349404,0.04051087445085475,0.19138027215931105
1163,-0.44569055034913235,0.04051087445085475,0.19138027215931105
1164,-0.4456905503279396,0.04051087445085475,0.19138027215931105
1165,-0.445690550349404,0.04051087445085475,0.19138027215931105
1166,-0.44569055034913235,0.04051087488378226,0.19138027215931105
1167,-0.4456905503492682,0.04051087445085475,0.19138027215931105
1168,-0.445690550349404,0.04051087445085475,0.19138027215931105
1169,-0.07338842668514957,0.08240000051843434,0.19138027215931105
1170,-0.07338842668487786,0.08240000095136962,0.19138027215931105
1171,-0.07338842668501372,0.08240000051843434,0.19138027215931105
1172,-0.073388426684742,0.08240000051843434,0.19138027215931105
1173,-0.07338842670647817,0.08240000095136962,0.19138027215931105
1174,-0.07338842668501372,0.08240000051843434,0.19138027215931105
1175,-0.07338842668487786,0.08240000095137742,0.19138027215931105
1176,-0.07338842668487786,0.08240000051842655,0.19138027215931105
1177,-0.07338842668514957,0.08240000051844212,0.19138027215931105
1178,-0.07338842668501372,0.08240000095136962,0.19138027215931105
1179,-0.07338842668487786,0.08240000051843434,0.19138027215931105
1180,-0.07338842670634232,0.08240000095136962,0.19138027215931105
1181,-0.07338842668501372,0.08240000051843434,0.19138027215931105
1182,-0.07338842668487786,0.08240000051844212,0.19138027215931105
1183,-0.07338842668501372,0.08240000095136184,0.19138027215931105
1184,-0.07338842668501372,0.08240000051843434,0.19138027215931105
1185,-0.36885521526256215,-0.15868217295013046,0.08987068124858856
1186,-0.3688552152624263,-0.15868217295013826,0.08987068124858856
1187,-0.3688552152624263,-0.15868217295012269,0.08987068124858856
1188,-0.368855215240826,-0.15868217295013826,0.08987068124858856
1189,-0.3688552152624263,-0.15868217295013046,0.08987068124858856
1190,-0.3688552152628339,-0.15868217295013826,0.08987068124858856
1191,-0.36885521526256215,-0.15868217338305798,0.08987068124822487
1192,-0.3688552152624263,-0.15868217295013826,0.08987068124858856
1193,-0.3688552152624263,-0.15868217295013046,0.08987068124858856
1194,-0.3688552152409619,-0.15868217295013046,0.08987068124858856
1195,-0.36885521526269804,-0.15868217295013826,0.08987068124858856
1196,-0.3688552152624263,-0.15868217295013434,0.08987068124858856
1197,-0.36885521526256215,-0.15868217295012657,0.08987068124858856
1198,-0.28295303670907157,0.010046055492611507,0.3678006841699853
1199,-0.28295303670920746,0.010046055492611507,0.3678006841699853
1200,-0.28295303668774296,0.010046055492611507,0.3678006841699853
1201,-0.2829530367093433,0.010046055492611507,0.3678006841699853
1202,-0.28295303670920746,0.010046055492611507,0.3678006841699853
1203,-0.28295303670920746,0.010046055492611507,0.3678006841699853
1204,-0.2829530367093433,0.010046055492611507,0.3678006841699853
1205,-0.28295303670920746,0.010046055492611507,0.3678006841699853
1206,-0.28295303668760713,0.010046055492611507,0.3678006841696216
1207,-0.28295303670947913,0.010046055492611507,0.3678006841699853
1208,-0.28295303670907157,0.010046055492611507,0.3678006841699853
1209,-0.28295303670920746,0.010046055492611507,0.3678006841699853
1210,-0.2829530367093433,0.010046055492611507,0.3678006841699853
1211,-0.28295303670920746,0.010046055492611507,0.3678006841699853
1212,-0.28295303668774296,0.010046055492611507,0.3678006841699853
1213,-0.28295303670920746,0.010046055492611507,0.3678006841699853
1214,-0.28295303670907157,0.010046055492611507,0.3678006841699853
1215,-0.4595784344396743,0.12115304240882108,-0.008562861452762171
1216,-0.4595784344396743,0.12115304284176026,-0.008562861452762171
1217,-0.4595784344396743,0.12115304240882886,-0.008562861452762171
1218,-0.4595784344396743,0.12115304240882496,-0.008562861452762171
1219,-0.4595784344610029,0.12115304284175636,-0.008562861452762171
1220,-0.4595784344398101,0.12115304240882886,-0.008562861452762171
1221,-0.45957843443953844,0.12115304240882886,-0.008562861452762171
1222,-0.4595784344396743,0.12115304284176416,-0.008562861452762171
1223,-0.4595784344398101,0.12115304240882886,-0.008562861452762171
1224,-0.45957843443953844,0.12115304284175636,-0.008562861452762171
1225,-0.4595784344398101,0.12115304240882108,-0.008562861452762171
1226,-0.45957843443953844,0.12115304240883665,-0.008562861452762171
1227,-0.4595784344610029,0.12115304284175636,-0.008562861452762171
1228,-0.4595784344396743,0.12115304240882108,-0.008562861452762171
1229,-0.4595784344396743,0.12115304240882886,-0.008562861452762171
1230,-0.4595784344396743,0.12115304284176416,-0.008562861452762171
1231,-0.45957843443953844,0.12115304240882886,-0.008562861452762171
1232,-0.22008958869826575,0.1806490419185208,0.5032915605940435
1233,-0.22008958869826575,0.1806490423514561,0.5032915605944072
1234,-0.22008958867639375,0.1806490419185286,0.5032915605940435
1235,-0.22008958869826575,0.1806490423514561,0.5032915605940435
1236,-0.22008958869826575,0.1806490419185286,0.5032915605944072
1237,-0.22008958869812992,0.1806490419185286,0.5032915605940435
1238,-0.22008958869826575,0.1806490423514561,0.5032915605940435
1239,-0.22008958867666545,0.1806490419185286,0.5032915605944072
1240,-0.22008958869812992,0.1806490423514561,0.5032915605940435
1241,-0.22008958869812992,0.1806490419185208,0.5032915605940435
1242,-0.22008958869812992,0.1806490419185286,0.5032915605944072
1243,-0.22008958869812992,0.1806490423514561,0.5032915605940435
1244,-0.22008958867680128,0.18064904191853637,0.5032915605940435
1245,-0.22008958869826575,0.18064904235144832,0.5032915605944072
1246,-0.22008958869826575,0.1806490419185286,0.5032915605940435
1247,-0.37258056483629926,0.04754121732067334,0.3359545380019654
1248,-0.3725805648364351,0.047541217320681124,0.3359545380019654
1249,-0.3725805648364351,0.04754121732065776,0.3359545380016017
1250,-0.3725805648365709,0.047541217320681124,0.3359545380019654
1251,-0.3725805648364351,0.04754121732067334,0.3359545380019654
1252,-0.3725805648365709,0.04754121732067334,0.3359545380019654
1253,-0.37258056485789953,0.04754121775360863,0.3359545380016017
1254,-0.3725805648365709,0.047541217320665546,0.3359545380019654
1255,-0.3725805648364351,0.04754121732067334,0.3359545380019654
1256,-0.3725805648364351,0.047541217320681124,0.3359545380019654
1257,-0.3725805648365709,0.04754121732067334,0.3359545380016017
1258,-0.3725805648364351,0.04754121732067334,0.3359545380019654
1259,-0.37258056483629926,0.047541217320681124,0.3359545380019654
1260,-0.34623702138681095,-0.1640386248872474,0.3113461523266277
1261,-0.3462370213652106,-0.16403862445431988,0.3113461523266277
1262,-0.34623702138667506,-0.1640386248872474,0.311346152326264
1263,-0.34623702138681095,-0.1640386244543121,0.3113461523266277
1264,-0.3462370213652106,-0.1640386248872474,0.3113461523266277
1265,-0.34623702138681095,-0.1640386244543121,0.3113461523266277
1266,-0.34623702138667506,-0.1640386248872474,0.311346152326264
1267,-0.3462370213652106,-0.1640386248872474,0.3113461523266277
1268,-0.34623702138681095,-0.16403862445431988,0.3113461523266277
1269,-0.3462370213652106,-0.16403862488723184,0.3113461523266277
1270,-0.34623702138681095,-0.16403862445431988,0.3113461523266277
1271,-0.34623702138681095,-0.1640386248872474,0.311346152326264
1272,-0.3462370213650748,-0.1640386244543121,0.3113461523266277
1273,-0.34623702138681095,-0.1640386248872474,0.3113461523266277
1274,-0.1605904339753801,0.030355934798101808,0.06760595135181983
1275,-0.1605904339756518,0.030355934798109593,0.06760595135181983
1276,-0.16059043397551592,0.030355934798101808,0.06760595135181983
1277,-0.16059043395418732,0.030355935231044892,0.06760595135181983
1278,-0.16059043397551592,0.030355934798109593,0.06760595135181983
1279,-0.1605904339756518,0.030355934798101808,0.06760595135181983
1280,-0.1605904339753801,0.030355934798109593,0.06760595135181983
1281,-0.16059043397592349,0.030355934798101808,0.06760595135181983
1282,-0.1605904339753801,0.030355934798109593,0.06760595135181983
1283,-0.16059043397578762,0.030355934798109593,0.06760595135181983
1284,-0.16059043395391562,0.030355935231029318,0.06760595135218353
1285,-0.1605904339756518,0.030355934798109593,0.06760595135181983
1286,-0.1605904339756518,0.030355934798109593,0.06760595135181983
1287,-0.16059043397551592,0.030355934798101808,0.06760595135181983
1288,-0.1605904339753801,0.030355934798109593,0.06760595135181983
1289,-0.16059043397578762,0.030355934798101808,0.06760595135181983
1290,-0.1605904339756518,0.030355934798109593,0.06760595135181983
1291,-0.16059043395391562,0.030355935231037103,0.06760595135181983
1292,-0.1605904339756518,0.030355934798101808,0.06760595135181983
1293,-0.16059043397551592,0.030355934798109593,0.06760595135181983
1294,-0.1605904339756518,0.030355934798109593,0.06760595135181983
1295,-0.5963206778415359,0.1892508732251041,0.443073393294462
1296,-0.596320677863272,0.1892508736580238,0.443073393294462
1297,-0.5963206778418075,0.18925087322511186,0.443073393294462
1298,-0.596320677863272,0.1892508732250885,0.443073393294462
1299,-0.5963206778418075,0.1892508732251041,0.4430733932948257
1300,-0.596320677863272,0.1892508736580316,0.443073393294462
1301,-0.5963206778415359,0.1892508732251041,0.443073393294462
1302,-0.596320677863272,0.1892508732251041,0.443073393294462
1303,-0.5963206778418075,0.1892508736580238,0.443073393294462
1304,-0.5963206778631361,0.1892508732251041,0.443073393294462
1305,-0.5963206778418075,0.1892508732251041,0.443073393294462
1306,-0.596320677863272,0.1892508736580316,0.443073393294462
1307,-0.5963206778416716,0.1892508732251041,0.4430733932948257
1308,-0.5963206778634078,0.1892508732250963,0.443073393294462
1309,-0.5963206778418075,0.18925087322511186,0.443073393294462
1310,-0.5963206778630004,0.1892508736580238,0.443073393294462
1311,-0.5963206778418075,0.1892508732251041,0.443073393294462
1312,-0.6979277615080809,-0.13212310007878703,-0.008562861452762171
1313,-0.6979277614866164,-0.13212310007877925,-0.008562861452762171
1314,-0.6979277614866164,-0.13212309964585173,-0.008562861452762171
1315,-0.6979277615082168,-0.13212310007878703,-0.008562861452762171
1316,-0.6979277615080809,-0.13212310007877925,-0.008562861452762171
1317,-0.6979277614866164,-0.13212310007878703,-0.008562861452762171
1318,-0.18711137502517033,0.18413073587246265,-0.008562861452762171
1319,-0.1871113750250345,0.18413073543954292,-0.008562861452762171
1320,-0.1871113750466348,0.18413073587247042,-0.008562861452762171
1321,-0.18711137502489864,0.18413073543954292,-0.008562861452762171
1322,-0.18711137502517033,0.18413073587245485,-0.008562861452762171
1323,-0.1871113750250345,0.18413073543954292,-0.008562861452762171
1324,-0.1871113750466348,0.18413073587247042,-0.008562861452762171
1325,-0.18711137502517033,0.18413073587247042,-0.008562861452762171
1326,-0.18711137502517033,0.18413073543953512,-0.008562861452762171
1327,-0.1871113750250345,0.18413073587246265,-0.008562861452762171
1328,-0.18711137502489864,0.18413073543953512,-0.008562861452762171
1329,-0.1871113750469065,0.18413073587247822,-0.008562861452762171
1330,-0.1871113750250345,0.18413073543953512,-0.008562861452762171
1331,-0.1871113750250345,0.18413073587247042,-0.008562861452762171
1332,-0.2792139909801345,-0.14608614210130577,0.19138027215931105
1333,-0.27921399100187066,-0.14608614210131357,0.19138027215931105
1334,-0.2792139909801345,-0.14608614210131357,0.19138027215931105
1335,-0.279213991001599,-0.14608614210131357,0.19138027215931105
1336,-0.2792139909804062,-0.14608614210130577,0.19138027215931105
1337,-0.2792139909801345,-0.14608614210131357,0.19138027215931105
1338,-0.279213991001599,-0.14608614210131357,0.19138027215931105
1339,-0.2792139909804062,-0.14608614166837827,0.19138027215931105
1340,-0.2792139909804062,-0.14608614210131357,0.19138027215931105
1341,-0.2792139910014631,-0.14608614210131357,0.19138027215931105
1342,-0.2792139909801345,-0.14608614210131357,0.19138027215931105
1343,-0.2792139909804062,-0.146086142101298,0.19138027215931105
1344,-0.27921399100173483,-0.14608614210131357,0.19138027215931105
1345,-0.27921399097999866,-0.14608614210131357,0.19138027215931105
1346,-0.27921399100187066,-0.14608614210130577,0.19138027215931105
1347,-0.2792139909801345,-0.14608614210131357,0.19138027215931105
1348,-0.5418770068689772,-0.010263823812886581,0.32911887531410894
1349,-0.5418770068688413,-0.010263823812878794,0.3291188753144726
1350,-0.5418770068689772,-0.010263823812886581,0.3291188753144726
1351,-0.541877006847241,-0.010263823812886581,0.32911887531410894
1352,-0.5418770068689772,-0.010263824245814089,0.32911887531410894
1353,-0.5418770068688413,-0.010263823812871007,0.3291188753144726
1354,-0.5418770068689772,-0.010263823812894368,0.3291188753144726
1355,-0.5418770068688413,-0.010263823812878794,0.32911887531410894
1356,-0.5418770068475127,-0.010263823812886581,0.32911887531410894
1357,-0.5418770068689772,-0.010263823812878794,0.3291188753144726
1358,-0.5418770068688413,-0.010263823812886581,0.3291188753144726
1359,-0.5418770068689772,-0.010263823812886581,0.32911887531410894
1360,-0.5418770068688413,-0.010263823812878794,0.32911887531410894
1361,-0.5418770068689772,-0.010263824245821876,0.3291188753144726
1362,-0.5418770068689772,-0.010263823812871007,0.3291188753144726
1363,-0.5418770068473769,-0.010263823812886581,0.32911887531410894
1364,-0.5418770068689772,-0.010263823812886581,0.32911887531410894
1365,-0.5418770068688413,-0.010263823812878794,0.3291188753144726
1366,-0.2943482236538719,0.2711730756294607,0.21994357696098382
1367,-0.29434822365400776,0.271173076062396,0.21994357696098382
1368,-0.29434822365400776,0.27117307562946846,0.21994357696098382
1369,-0.2943482236542795,0.27117307562946846,0.21994357696134753
1370,-0.29434822365400776,0.271173076062396,0.21994357696098382
1371,-0.29434822365414365,0.2711730756294607,0.21994357696098382
1372,-0.29434822367547225,0.27117307562946846,0.21994357696098382
1373,-0.2943482236537361,0.271173076062396,0.21994357696098382
1374,-0.2943482236542795,0.27117307562946846,0.21994357696098382
1375,-0.29434822365400776,0.271173076062396,0.21994357696098382
1376,-0.29434822365414365,0.27117307562946846,0.21994357696134753
1377,-0.2943482236537361,0.2711730756294607,0.21994357696098382
1378,-0.2943482236542795,0.271173076062396,0.21994357696098382
1379,-0.29434822365400776,0.27117307562946846,0.21994357696098382
1380,-0.46527602791187067,0.038718826225911454,0.537164279700058
1381,-0.46527602793360684,0.03871882665883118,0.5371642797004217
1382,-0.4652760279121424,0.038718826225911454,0.537164279700058
1383,-0.46527602791227823,0.03871882622590367,0.5371642797004217
1384,-0.46527602791173484,0.03871882622590367,0.537164279700058
1385,-0.465276027933471,0.03871882665883897,0.537164279700058
1386,-0.46527602791227823,0.038718826225911454,0.5371642797004217
1387,-0.4652760279120065,0.03871882622589588,0.537164279700058
1388,-0.465276027933471,0.03871882665883897,0.5371642797004217
1389,-0.46527602791187067,0.038718826225911454,0.537164279700058
1390,-0.46527602791227823,0.03871882622590367,0.5371642797004217
1391,-0.465276027933471,0.03871882665884675,0.537164279700058
1392,-0.4652760279120065,0.03871882622589588,0.537164279700058
1393,-0.4652760279120065,0.038718826225911454,0.5371642797004217
1394,-0.4652760279121424,0.03871882622590367,0.537164279700058
1395,-0.4652760279337427,0.03871882665884675,0.5371642797004217
1396,-0.46527602791173484,0.03871882622589588,0.537164279700058
1397,-0.7120530453184177,0.124289127018957,0.35133477904882415
1398,-0.712053045318146,0.12428912701894922,0.3513347790491878
1399,-0.7120530453186894,0.1242891265860217,0.35133477904882415
1400,-0.7120530453398821,0.12428912701894922,0.3513347790491878
1401,-0.7120530453185535,0.12428912701894922,0.35133477904882415
1402,-0.712053045318146,0.12428912658601392,0.35133477904882415
1403,-0.7120530453184177,0.124289127018957,0.3513347790491878
1404,-0.712053045318146,0.12428912701894922,0.35133477904882415
1405,-0.5849254908971431,0.13571343412829334,0.3713290924101042
1406,-0.5849254908970072,0.13571343369535804,0.3713290924101042
1407,-0.5849254909183358,0.13571343412829334,0.3713290924104679
1408,-0.5849254908971431,0.13571343412828557,0.3713290924101042
1409,-0.5849254908967355,0.13571343369537361,0.3713290924101042
1410,-0.5849254909186076,0.13571343412828557,0.3713290924101042
1411,-0.5849254908968714,0.13571343412829334,0.3713290924101042
1412,-0.5849254908967355,0.13571343412829334,0.3713290924101042
1413,-0.5849254908971431,0.13571343369535804,0.3713290924104679
1414,-0.5849254908967355,0.13571343412829334,0.3713290924101042
1415,-0.5849254909186076,0.13571343412828557,0.3713290924101042
1416,-0.5849254908968714,0.13571343369536584,0.3713290924101042
1417,-0.5849254908970072,0.13571343412828557,0.3713290924101042
1418,-0.5849254909183358,0.13571343412829334,0.3713290924104679
1419,-0.5849254908968714,0.13571343369536584,0.3713290924101042
1420,-0.5849254908970072,0.13571343412829334,0.3713290924101042
1421,-0.4880664018232075,0.07478379577887158,0.49129497257742083
1422,-0.4880664018232075,0.07478379621180688,0.49129497257742083
1423,-0.48806640182307165,0.07478379577887936,0.49129497257742083
1424,-0.4880664018232075,0.07478379577887158,0.49129497257742083
1425,-0.48806640180174304,0.07478379621180688,0.49129497257742083
1426,-0.4880664018228,0.07478379577887936,0.49129497257742083
1427,-0.4880664018232075,0.07478379621179909,0.49129497257742083
1428,-0.4880664018232075,0.07478379577888715,0.49129497257742083
1429,-0.48806640182307165,0.07478379577886379,0.49129497257742083
1430,-0.48806640182307165,0.07478379621182245,0.49129497257742083
1431,-0.4880664018232075,0.07478379577886379,0.49129497257742083
1432,-0.4880664018018789,0.07478379621181466,0.49129497257742083
1433,-0.4880664018229358,0.07478379577887158,0.49129497257742083
1434,-0.4880664018232075,0.07478379577887936,0.49129497257742083
1435,-0.4880664018229358,0.07478379621180688,0.49129497257742083
1436,-0.4880664018232075,0.07478379577887936,0.49129497257742083
1437,-0.3142898008183104,0.18208268075824285,0.34898250688886606
1438,-0.31428980081817454,0.18208268032531533,0.34898250688886606
1439,-0.31428980081817454,0.18208268075823505,0.34898250688886606
1440,-0.3142898008183104,0.18208268075825063,0.34898250688886606
1441,-0.3142898008180387,0.18208268075823505,0.3489825068885024
1442,-0.3142898008183104,0.18208268032531533,0.34898250688886606
1443,-0.3142898008180387,0.18208268075824285,0.34898250688886606
1444,-0.3142898008183104,0.18208268075823505,0.34898250688886606
1445,-0.31428980083963903,0.18208268032531533,0.34898250688886606
1446,-0.31428980081817454,0.18208268075824285,0.34898250688886606
1447,-0.3142898008180387,0.18208268075825063,0.34898250688886606
1448,-0.31428980081844626,0.18208268032530756,0.34898250688886606
1449,-0.31428980081817454,0.18208268075824285,0.3489825068885024
1450,-0.3142898008180387,0.18208268075824285,0.34898250688886606
1451,-0.3142898008180387,0.18208268075825063,0.34898250688886606
1452,-0.31428980081844626,0.18208268032529976,0.34898250688886606
1453,-0.3142898008180387,0.18208268075825063,0.34898250688886606
1454,-0.42349367575969804,0.14002928330753242,0.5032915605940435
1455,-0.42349367578116254,0.1400292833075402,0.5032915605944072
1456,-0.4234936757595622,0.14002928374046772,0.5032915605940435
1457,-0.42349367575942637,0.14002928330753242,0.5032915605940435
1458,-0.42349367575983393,0.14002928330753242,0.5032915605940435
1459,-0.42349367578116254,0.1400292833075402,0.5032915605944072
1460,-0.42349367575942637,0.1400292833075402,0.5032915605940435
1461,-0.4234936757595622,0.14002928374046772,0.5032915605940435
1462,-0.42349367575969804,0.1400292833075402,0.5032915605940435
1463,-0.42349367578102665,0.1400292833075402,0.5032915605944072
1464,-0.42349367575969804,0.14002928330753242,0.5032915605940435
1465,-0.42349367575969804,0.1400292833075402,0.5032915605940435
1466,-0.4234936757595622,0.14002928374046772,0.5032915605940435
1467,-0.42349367578116254,0.14002928330753242,0.5032915605944072
1468,-0.42349367575942637,0.140029283307548,0.5032915605940435
1469,-0.24591867910657947,0.2689970175035224,0.23136889888187115
1470,-0.24591867912777224,0.26899701707060264,0.23136889888150747
1471,-0.24591867912777224,0.26899701707060264,0.23136889888187115
1472,-0.24591867910657947,0.26899701750353017,0.23136889888187115
1473,-0.2459186791061719,0.26899701750353017,0.23136889888150747
1474,-0.2459186791281798,0.26899701707059487,0.23136889888187115
1475,-0.24591867912777224,0.26899701750353794,0.23136889888187115
1476,-0.24591867910657947,0.2689970170706104,0.23136889888150747
1477,-0.24591867910603607,0.2689970175035224,0.23136889888187115
1478,-0.2459186791281798,0.2689970170706104,0.23136889888187115
1479,-0.24591867912763637,0.26899701707059487,0.23136889888150747
1480,-0.24591867910630777,0.26899701750353794,0.23136889888187115
1481,-0.41380776686760135,0.2659505353479392,0.41798249025296974
1482,-0.41380776684572934,0.265950535347947,0.41798249025296974
1483,-0.4138077668671938,0.26595053534795476,0.41798249025296974
1484,-0.4138077668458652,0.265950535347947,0.41798249025296974
1485,-0.4138077668671938,0.26595053534795476,0.41798249025296974
1486,-0.41380776684572934,0.26595053534795476,0.41798249025296974
1487,-0.4138077668671938,0.265950535347947,0.41798249025296974
1488,-0.4138077668458652,0.2659505357808823,0.41798249025333345
1489,-0.4138077668673296,0.265950535347947,0.41798249025296974
1490,-0.41380776684559345,0.26595053534795476,0.41798249025296974
1491,-0.4138077668673296,0.265950535347947,0.41798249025296974
1492,-0.4138077668458652,0.2659505353479392,0.41798249025296974
1493,-0.41380776686705795,0.26595053534795476,0.41798249025296974
1494,-0.41380776684613685,0.265950535347947,0.41798249025296974
1495,-0.41380776686705795,0.26595053534795476,0.41798249025296974
1496,-0.11139216650281948,0.15221521106401006,0.3291188753144726
1497,-0.11139216650268363,0.15221521106400226,0.32911887531410894
1498,-0.11139216650281948,0.15221521063107477,0.32911887531410894
1499,-0.11139216650254778,0.15221521106401006,0.3291188753144726
1500,-0.11139216650268363,0.15221521106400226,0.3291188753144726
1501,-0.11139216650281948,0.15221521106400226,0.32911887531410894
1502,-0.11139216650254778,0.15221521106401006,0.32911887531410894
1503,-0.11139216650268363,0.15221521106400226,0.3291188753144726
1504,-0.11139216650254778,0.15221521106401006,0.3291188753144726
1505,-0.11139216648135503,0.15221521063107477,0.32911887531410894
1506,-0.11139216650268363,0.15221521106400226,0.32911887531410894
1507,-0.11139216650254778,0.15221521106401006,0.3291188753144726
1508,-0.1113921665030912,0.15221521106400226,0.3291188753144726
1509,-0.11139216650254778,0.15221521106401784,0.32911887531410894
1510,-0.11139216650268363,0.15221521063106697,0.32911887531410894
1511,-0.11139216650254778,0.15221521106400226,0.3291188753144726
1512,-0.11139216650281948,0.15221521106400226,0.3291188753144726
1513,-0.11139216650268363,0.15221521106401784,0.32911887531410894
1514,-0.5019034145418839,-0.02912299770109505,0.3113461523266277
1515,-0.5019034145416122,-0.029122997268159753,0.3113461523266277
1516,-0.5019034145633484,-0.029122997701087262,0.311346152326264
1517,-0.5019034145418839,-0.02912299770109505,0.3113461523266277
1518,-0.5019034145420198,-0.029122997268151967,0.3113461523266277
1519,-0.501903414541748,-0.029122997701087262,0.3113461523266277
1520,-0.5019034145416122,-0.029122997268159753,0.311346152326264
1521,-0.5019034145636201,-0.029122997701087262,0.3113461523266277
1522,-0.5019034145416122,-0.02912299770109505,0.3113461523266277
1523,-0.5019034145418839,-0.029122997268151967,0.3113461523266277
1524,-0.5019034145418839,-0.029122997701087262,0.3113461523266277
1525,-0.5019034145633484,-0.02912299770109505,0.311346152326264
1526,-0.5019034145416122,-0.029122997268151967,0.3113461523266277
1527,-0.5019034145418839,-0.02912299770109505,0.3113461523266277
1528,-0.3842888063794732,0.06227145960656996,0.44845001537472984
1529,-0.38428880637906565,0.06227145960656218,0.4484500153750935
1530,-0.3842888063578729,0.06227145960657775,0.44845001537472984
1531,-0.38428880637906565,0.06227145917363466,0.44845001537472984
1532,-0.3842888063794732,0.06227145960656996,0.44845001537472984
1533,-0.38428880637906565,0.06227145960656996,0.4484500153750935
1534,-0.38428880635773704,0.06227145960657775,0.44845001537472984
1535,-0.38428880637906565,0.06227145960656218,0.44845001537472984
1536,-0.3842888063794732,0.06227145960656218,0.4484500153750935
1537,-0.3842888063792015,0.06227145960656996,0.44845001537472984
1538,-0.3842888063793374,0.06227145917363466,0.44845001537472984
1539,-0.38428880635773704,0.06227145960656996,0.44845001537472984
1540,-0.38428880637906565,0.06227145960657775,0.4484500153750935
1541,-0.3842888063793374,0.06227145960656996,0.44845001537472984
1542,-0.5157404272605604,-0.0030102954276559624,0.3113461523266277
1543,-0.5157404272820248,-0.003010295427640389,0.3113461523266277
1544,-0.5157404272817531,-0.003010295860575685,0.311346152326264
1545,-0.5157404272605604,-0.003010295427640389,0.3113461523266277
1546,-0.515740427260832,-0.0030102954276481756,0.3113461523266277
1547,-0.5157404272817531,-0.0030102954276559624,0.3113461523266277
1548,-0.5157404272820248,-0.003010295427640389,0.3113461523266277
1549,-0.5157404272605604,-0.003010295860575685,0.311346152326264
1550,-0.5157404272820248,-0.003010295427640389,0.3113461523266277
1551,-0.5157404272605604,-0.0030102954276481756,0.3113461523266277
1552,-0.5157404272820248,-0.003010295427640389,0.3113461523266277
1553,-0.5157404272604245,-0.0030102958605834717,0.311346152326264
1554,-0.5157404272605604,-0.0030102954276481756,0.3113461523266277
1555,-0.5157404272817531,-0.0030102954276326017,0.3113461523266277
1556,-0.2428918325804993,0.09763240999755206,0.4713006592161408
1557,-0.2428918325802276,0.09763241043048736,0.4713006592161408
1558,-0.2428918325799559,0.09763241043048736,0.4713006592165045
1559,-0.2428918325804993,0.09763240999755984,0.4713006592161408
1560,-0.24289183260169206,0.09763240999755984,0.4713006592161408
1561,-0.2428918325802276,0.09763241043049514,0.4713006592161408
1562,-0.2428918325802276,0.09763241043048736,0.4713006592161408
1563,-0.2428918325802276,0.09763240999755984,0.4713006592161408
1564,-0.2428918325802276,0.09763240999754427,0.4713006592165045
1565,-0.2428918325802276,0.09763241043050293,0.4713006592161408
1566,-0.2428918325802276,0.09763241043047957,0.4713006592161408
1567,-0.24289183260169206,0.09763240999755984,0.4713006592161408
1568,-0.2428918325802276,0.09763240999755984,0.4713006592161408
1569,-0.24289183258009173,0.09763241043048736,0.4713006592165045
1570,-0.2428918325802276,0.09763241043048736,0.4713006592161408
1571,-0.2428918325802276,0.09763240999755984,0.4713006592161408
1572,-0.34969627455031377,0.010046055492611507,0.21994357696098382
1573,-0.3496962745719141,0.010046055492611507,0.21994357696098382
1574,-0.34969627455004204,0.010046055492611507,0.21994357696098382
1575,-0.34969627457204994,0.010046055492611507,0.21994357696134753
1576,-0.34969627455004204,0.010046055492611507,0.21994357696098382
1577,-0.34969627457204994,0.010046055492611507,0.21994357696098382
1578,-0.34969627455004204,0.010046055492611507,0.21994357696098382
1579,-0.34969627455031377,0.010046055492611507,0.21994357696098382
1580,-0.3496962745717782,0.010046055492611507,0.21994357696098382
1581,-0.34969627455031377,0.010046055492611507,0.21994357696098382
1582,-0.3496962745717782,0.010046055492611507,0.21994357696134753
1583,-0.34969627455004204,0.010046055492611507,0.21994357696098382
1584,-0.34969627457204994,0.010046055492611507,0.21994357696098382
1585,-0.34969627455031377,0.010046055492611507,0.21994357696098382
1586,-0.29434822365414365,0.3146942459408989,0.6312551661060176
1587,-0.29434822365414365,0.3146942459408911,0.6312551661056539
1588,-0.29434822365360025,0.3146942455079636,0.6312551661060176
1589,-0.29434822365414365,0.3146942459408989,0.6312551661060176
1590,-0.29434822365414365,0.3146942459408911,0.6312551661056539
1591,-0.2943482236538719,0.31469424594090667,0.6312551661060176
1592,-0.2943482236758798,0.31469424594088335,0.6312551661060176
1593,-0.2943482236538719,0.3146942459408911,0.6312551661056539
1594,-0.29434822365414365,0.31469424594090667,0.6312551661060176
1595,-0.2943482236538719,0.3146942455079558,0.6312551661060176
1596,-0.29434822365414365,0.31469424594090667,0.6312551661056539
1597,-0.29434822365414365,0.3146942459408911,0.6312551661060176
1598,-0.39865801189728944,0.08034948419082076,0.4589964663786538
1599,-0.39865801189701777,0.08034948375786209,0.4589964663782901
1600,-0.39865801189728944,0.08034948419081296,0.4589964663786538
1601,-0.39865801189728944,0.08034948375789325,0.4589964663786538
1602,-0.39865801189756117,0.08034948419079739,0.4589964663782901
1603,-0.39865801189728944,0.08034948419080518,0.4589964663786538
1604,-0.39865801191875394,0.08034948375787768,0.4589964663786538
1605,-0.39865801189701777,0.08034948419081296,0.4589964663786538
1606,-0.39865801189728944,0.08034948419082076,0.4589964663782901
1607,-0.39865801189728944,0.08034948375786989,0.4589964663786538
1608,-0.39865801189756117,0.08034948419080518,0.4589964663786538
1609,-0.39865801189728944,0.08034948375789325,0.4589964663782901
1610,-0.39865801189701777,0.08034948419079739,0.4589964663786538
1611,-0.12645913591472208,0.19283496967499844,0.6099278985207491
1612,-0.12645913591445038,0.19283496967499844,0.6099278985203854
1613,-0.12645913591472208,0.19283496967499067,0.6099278985207491
1614,-0.1264591359149938,0.19283496967499844,0.6099278985203854
1615,-0.12645913591472208,0.19283496967499067,0.6099278985207491
1616,-0.12645913591445038,0.192834969675014,0.6099278985203854
1617,-0.12645913591472208,0.19283496967499067,0.6099278985207491
1618,-0.12645913591445038,0.19283497010791037,0.6099278985203854
1619,-0.12645913591472208,0.192834969675014,0.6099278985207491
1620,-0.12645913591472208,0.19283496967499067,0.6099278985203854
1621,-0.12645913591445038,0.19283496967499844,0.6099278985207491
1622,-0.12645913591472208,0.19283496967499067,0.6099278985203854
1623,-0.12645913591472208,0.19283496967499844,0.6099278985207491
1624,-0.12645913591472208,0.19283496967499067,0.6099278985203854
1625,-0.12645913591472208,0.19283496967500624,0.6099278985207491
1626,-0.14905959003250807,0.23200402286868943,0.42559937153331884
1627,-0.14905959003250807,0.2320040224357697,0.42559937153368255
1628,-0.14905959003277977,0.23200402286868943,0.42559937153331884
1629,-0.14905959003250807,0.232004022868705,0.42559937153331884
1630,-0.14905959003250807,0.23200402286868943,0.42559937153368255
1631,-0.14905959003250807,0.2320040224357697,0.42559937153331884
1632,-0.14905959005424424,0.23200402286868943,0.42559937153368255
1633,-0.14905959003250807,0.232004022868705,0.42559937153331884
1634,-0.14905959003250807,0.23200402243575413,0.42559937153331884
1635,-0.14905959003277977,0.232004022868705,0.42559937153368255
1636,-0.14905959003277977,0.23200402286868943,0.42559937153331884
1637,-0.14905959003250807,0.232004022868705,0.42559937153331884
1638,-0.14905959003250807,0.23200402243575413,0.42559937153368255
1639,-0.14905959003277977,0.23200402286868943,0.42559937153331884
1640,-0.10347884223184226,0.10323256059230008,0.16080073407731052
1641,-0.10347884223184226,0.10323256102520424,0.1608007340776742
1642,-0.10347884223157056,0.10323256059228451,0.16080073407731052
1643,-0.10347884223211397,0.10323256102521981,0.1608007340776742
1644,-0.10347884223184226,0.10323256059228451,0.16080073407731052
1645,-0.10347884223211397,0.10323256059228451,0.16080073407731052
1646,-0.10347884223157056,0.10323256102521981,0.1608007340776742
1647,-0.10347884223184226,0.10323256059228451,0.16080073407731052
1648,-0.1034788422106495,0.10323256102521981,0.1608007340776742
1649,-0.10347884223184226,0.10323256059228451,0.16080073407731052
1650,-0.10347884223184226,0.10323256102523538,0.1608007340776742
1651,-0.10347884223211397,0.10323256059226894,0.16080073407731052
1652,-0.10347884223184226,0.10323256059228451,0.16080073407731052
1653,-0.10347884223211397,0.10323256102521981,0.1608007340776742
1654,-0.10347884223157056,0.10323256059228451,0.16080073407731052
1655,-0.10347884223157056,0.10323256102521981,0.1608007340776742
1656,-0.10347884223211397,0.10323256059228451,0.16080073407731052
1657,-0.30179892282362564,0.15065291245606355,0.5820383947553422
1658,-0.30179892280188947,0.15065291288903,0.5820383947549785
1659,-0.3017989228233539,0.15065291245606355,0.5820383947553422
1660,-0.3017989228233539,0.1506529124560947,0.5820383947553422
1661,-0.30179892280216114,0.15065291288899885,0.5820383947549785
1662,-0.3017989228233539,0.15065291245607912,0.5820383947553422
1663,-0.30179892282362564,0.15065291245607912,0.5820383947553422
1664,-0.30179892282362564,0.15065291245606355,0.5820383947553422
1665,-0.30179892280188947,0.15065291288901442,0.5820383947549785
1666,-0.3017989228233539,0.15065291245606355,0.5820383947553422
1667,-0.30179892282362564,0.1506529124560947,0.5820383947553422
1668,-0.30179892280188947,0.15065291288899885,0.5820383947549785
1669,-0.3017989228233539,0.15065291245607912,0.5820383947553422
1670,-0.32548150229819994,0.1406095655610322,0.5627032345817846
1671,-0.3254815022764638,0.1406095655610322,0.5627032345817846
1672,-0.3254815022979282,0.14060956599398308,0.5627032345817846
1673,-0.32548150227673545,0.1406095655610322,0.562703234581421
1674,-0.3254815022979282,0.1406095655610322,0.5627032345817846
1675,-0.3254815022764638,0.14060956556104778,0.5627032345817846
1676,-0.32548150229765654,0.1406095659939675,0.5627032345817846
1677,-0.3254815022979282,0.14060956556104778,0.5627032345817846
1678,-0.3254815022764638,0.1406095655610322,0.5627032345817846
1679,-0.32548150229819994,0.1406095655610322,0.5627032345817846
1680,-0.3254815022764638,0.14060956556104778,0.562703234581421
1681,-0.32548150229765654,0.1406095659939675,0.5627032345817846
1682,-0.3254815022764638,0.14060956556104778,0.5627032345817846
1683,-0.3254815022979282,0.14060956556101664,0.5627032345817846
1684,-0.2588332243324046,0.1887729939005077,0.2900188847413593
1685,-0.25883322433158945,0.18877299390047655,0.2900188847409956
1686,-0.25883322431094014,0.18877299346755683,0.2900188847413593
1687,-0.25883322433158945,0.18877299390047655,0.2900188847413593
1688,-0.25883322433213285,0.18877299390047655,0.2900188847413593
1689,-0.2588332243318612,0.18877299390047655,0.2900188847409956
1690,-0.25883322433213285,0.18877299390049213,0.2900188847413593
1691,-0.2588332243106684,0.1887729934675724,0.2900188847413593
1692,-0.2588332243318612,0.18877299390047655,0.2900188847413593
1693,-0.2588332243318612,0.18877299390047655,0.2900188847409956
1694,-0.25883322433213285,0.18877299390047655,0.2900188847413593
1695,-0.25883322433213285,0.18877299390049213,0.2900188847413593
1696,-0.2588332243103967,0.18877299346754126,0.2900188847413593
1697,-0.25883322433213285,0.18877299390047655,0.2900188847409956
1698,-0.2588332243318612,0.18877299390049213,0.2900188847413593
1699,-0.36214958600777325,-0.026511727343870552,0.5032915605940435
1700,-0.36214958602923775,-0.026511727343854978,0.5032915605944072
1701,-0.362149586008045,-0.026511727343870552,0.5032915605940435
1702,-0.36214958600777325,-0.026511727343870552,0.5032915605940435
1703,-0.362149586008045,-0.026511727343854978,0.5032915605940435
1704,-0.362149586028966,-0.026511727343870552,0.5032915605944072
1705,-0.362149586008045,-0.026511727343870552,0.5032915605940435
1706,-0.362149586008045,-0.026511727343870552,0.5032915605940435
1707,-0.36214958600777325,-0.026511727343854978,0.5032915605940435
1708,-0.36214958602923775,-0.026511727343870552,0.5032915605944072
1709,-0.36214958600777325,-0.026511727343870552,0.5032915605940435
1710,-0.362149586008045,-0.026511727343854978,0.5032915605940435
1711,-0.362149586008045,-0.026511727343870552,0.5032915605940435
1712,-0.362149586028966,-0.026511727343870552,0.5032915605944072
1713,-0.36214958600777325,-0.026511727343854978,0.5032915605940435
1714,-0.2839704641207062,0.28422942698264786,0.6541058099470648
1715,-0.28397046409869836,0.28422942654972816,0.6541058099474285
1716,-0.28397046412043453,0.28422942698266346,0.6541058099474285
1717,-0.28397046409897003,0.28422942654971256,0.6541058099470648
1718,-0.28397046412043453,0.28422942698264786,0.6541058099470648
1719,-0.28397046409869836,0.28422942654972816,0.6541058099474285
1720,-0.2839704641207062,0.28422942698264786,0.6541058099474285
1721,-0.2839704641201628,0.28422942698266346,0.6541058099470648
1722,-0.28397046409869836,0.28422942654971256,0.6541058099474285
1723,-0.2839704641207062,0.28422942698266346,0.6541058099470648
1724,-0.28397046409869836,0.28422942654971256,0.6541058099474285
1725,-0.28397046412043453,0.28422942698264786,0.6541058099470648
1726,-0.28397046409897003,0.28422942654974376,0.6541058099470648
1727,-0.28397046412043453,0.28422942698264786,0.6541058099474285
1728,-0.4686945839955417,0.026293959023587693,0.2900188847413593
1729,-0.4686945840167345,0.026293959023603264,0.2900188847409956
1730,-0.4686945839955417,0.02629395902357212,0.2900188847413593
1731,-0.4686945840170062,0.026293959023603264,0.2900188847413593
1732,-0.4686945839955417,0.026293959023603264,0.2900188847413593
1733,-0.4686945839955417,0.026293959023587693,0.2900188847409956
1734,-0.46869458401727787,0.026293959023603264,0.2900188847413593
1735,-0.46869458399527003,0.026293958590652394,0.2900188847413593
1736,-0.4686945840167345,0.026293959023603264,0.2900188847413593
1737,-0.4686945839955417,0.02629395902357212,0.2900188847409956
1738,-0.4686945839955417,0.026293959023603264,0.2900188847413593
1739,-0.4686945840170062,0.026293959023587693,0.2900188847413593
1740,-0.46869458399527003,0.026293959023603264,0.2900188847413593
1741,-0.46869458401727787,0.026293959023603264,0.2900188847409956
1742,-0.46869458399527003,0.02629395902357212,0.2900188847413593
1743,-0.5009809470271606,0.04254186255457945,0.6099278985207491
1744,-0.5009809470274323,0.04254186255457945,0.6099278985203854
1745,-0.5009809470271606,0.04254186212164416,0.6099278985207491
1746,-0.5009809470486251,0.04254186255459503,0.6099278985203854
1747,-0.5009809470274323,0.04254186255456388,0.6099278985207491
1748,-0.5009809470271606,0.04254186255456388,0.6099278985207491
1749,-0.5009809470274323,0.04254186255459503,0.6099278985203854
1750,-0.5009809470271606,0.04254186212162858,0.6099278985207491
1751,-0.5009809470274323,0.04254186255457945,0.6099278985203854
1752,-0.5009809470271606,0.04254186255456388,0.6099278985207491
1753,-0.5009809470271606,0.04254186255457945,0.6099278985207491
1754,-0.5009809470486251,0.04254186255457945,0.6099278985203854
1755,-0.5009809470271606,0.04254186212164416,0.6099278985207491
1756,-0.5009809470274323,0.04254186255459503,0.6099278985203854
1757,-0.5009809470271606,0.04254186255456388,0.6099278985207491
1758,-0.43083148553943856,0.10974909951337129,0.6894204413385678
1759,-0.43083148556117473,0.10974909951338686,0.6894204413382041
1760,-0.43083148553943856,0.10974909994630659,0.6894204413385678
1761,-0.43083148553971023,0.10974909951338686,0.6894204413385678
1762,-0.43083148553943856,0.10974909951337129,0.6894204413385678
1763,-0.43083148556117473,0.10974909951338686,0.6894204413382041
1764,-0.43083148553943856,0.10974909951337129,0.6894204413385678
1765,-0.43083148553943856,0.10974909951338686,0.6894204413385678
1766,-0.43083148553998196,0.10974909994630659,0.6894204413385678
1767,-0.4308314855606313,0.10974909951337129,0.6894204413382041
1768,-0.43083148553998196,0.10974909951338686,0.6894204413385678
1769,-0.5261181868151905,0.14931379979649553,0.42559937153331884
1770,-0.5261181868160056,0.14931379936356023,0.42559937153368255
1771,-0.5261181868151905,0.1493137997965111,0.42559937153331884
1772,-0.526118186815734,0.14931379979649553,0.42559937153331884
1773,-0.526118186815734,0.14931379979649553,0.42559937153368255
1774,-0.526118186815734,0.14931379936356023,0.42559937153331884
1775,-0.526118186815734,0.14931379979649553,0.42559937153331884
1776,-0.5261181868154622,0.14931379979649553,0.42559937153368255
1777,-0.526118186815734,0.14931379936356023,0.42559937153331884
1778,-0.526118186815734,0.1493137997965111,0.42559937153368255
1779,-0.5261181868154622,0.14931379979649553,0.42559937153331884
1780,-0.526118186815734,0.14931379979649553,0.42559937153331884
1781,-0.526118186815734,0.14931379936356023,0.42559937153368255
1782,-0.526118186815734,0.1493137997965111,0.42559937153331884
1783,-0.5009809470271606,-0.002139872263866136,0.5032915605940435
1784,-0.5009809470271606,-0.002139871830946414,0.5032915605944072
1785,-0.5009809470486251,-0.0021398722638505626,0.5032915605940435
1786,-0.5009809470274323,-0.0021398722638505626,0.5032915605940435
1787,-0.5009809470271606,-0.002139872263866136,0.5032915605940435
1788,-0.5009809470271606,-0.0021398718308996926,0.5032915605944072
1789,-0.5009809470271606,-0.002139872263866136,0.5032915605940435
1790,-0.5009809470488967,-0.0021398722638505626,0.5032915605940435
1791,-0.5009809470274323,-0.00213987226388171,0.5032915605940435
1792,-0.5009809470271606,-0.00213987183093084,0.5032915605944072
1793,-0.5009809470271606,-0.0021398722638505626,0.5032915605940435
1794,-0.5009809470271606,-0.0021398722638505626,0.5032915605940435
1795,-0.5009809470488967,-0.0021398722638505626,0.5032915605940435
1796,-0.5009809470274323,-0.002139871830946414,0.5032915605944072
1797,-0.5009809470271606,-0.0021398722638505626,0.5032915605940435
1798,-0.4243433168941683,0.15114626993400457,0.3955327349003619
1799,-0.4243433168941683,0.151146269933989,0.39553273489999824
1800,-0.4243433168941683,0.15114626993400457,0.39553273489999824
1801,-0.4243433169159045,0.151146269933989,0.39553273489999824
1802,-0.4243433168941683,0.15114627036692427,0.39553273489999824
1803,-0.42434331689444,0.15114626993402014,0.39553273489999824
1804,-0.4243433168941683,0.151146269933989,0.39553273489999824
1805,-0.4243433168941683,0.15114626993400457,0.39553273489999824
1806,-0.4243433168947117,0.151146269933989,0.39553273489999824
1807,-0.42434331691536104,0.15114626993400457,0.39553273489999824
1808,-0.4243433168947117,0.151146269933989,0.39553273489999824
1809,-0.4243433168941683,0.15114626993400457,0.39553273489999824
1810,-0.4243433168941683,0.15114626993400457,0.3955327349007256
1811,-0.4243433168941683,0.151146269933989,0.39553273489999824
1812,-0.42434331689444,0.15114627036693987,0.39553273489999824
1813,-0.4243433169159045,0.151146269933989,0.39553273489999824
1814,-0.4243433168941683,0.15114626993400457,0.39553273489999824
1815,-0.42434331689444,0.15114626993400457,0.39553273489999824
1816,-0.4243433168941683,0.151146269933989,0.39553273489999824
1817,-0.506693149714444,0.21158255080548533,0.4836048520539915
1818,-0.5066931497147158,0.2115825503725656,0.4836048520539915
1819,-0.5066931497356368,0.2115825508055009,0.4836048520539915
1820,-0.5066931497147158,0.21158255037255003,0.4836048520532641
1821,-0.506693149714444,0.2115825508055009,0.4836048520539915
1822,-0.506693149714444,0.21158255080548533,0.4836048520539915
1823,-0.5066931497361802,0.2115825503725656,0.4836048520539915
1824,-0.506693149714444,0.2115825508055009,0.4836048520539915
1825,-0.506693149714444,0.21158255080546975,0.4836048520539915
1826,-0.506693149714444,0.2115825503725656,0.4836048520532641
1827,-0.5066931497359085,0.2115825508055009,0.4836048520539915
1828,-0.5066931497147158,0.2115825503725656,0.4836048520539915
1829,-0.5066931497141723,0.21158255080548533,0.4836048520539915
1830,-0.4673108827345965,0.13190533175851976,0.311346152326264
1831,-0.4673108827343248,0.13190533132558446,0.3113461523269914
1832,-0.4673108827343248,0.13190533175848862,0.311346152326264
1833,-0.4673108827128603,0.13190533175851976,0.3113461523269914
1834,-0.4673108827343248,0.13190533175851976,0.311346152326264
1835,-0.4673108827345965,0.13190533132558446,0.3113461523269914
1836,-0.4673108827340531,0.1319053317585042,0.311346152326264
1837,-0.4673108827345965,0.1319053317585042,0.311346152326264
1838,-0.4673108827343248,0.13190533132560003,0.3113461523269914
1839,-0.4673108827343248,0.1319053317585042,0.311346152326264
1840,-0.4673108827128603,0.1319053317585042,0.3113461523269914
1841,-0.4673108827345965,0.13190533175851976,0.311346152326264
1842,-0.4673108827343248,0.1319053313255689,0.3113461523269914
1843,-0.4673108827340531,0.13190533175851976,0.311346152326264
1844,-0.009358980772021488,-0.006358077726002341,0.05295810273540019
1845,-0.009358980793757654,-0.006358077725971193,0.05295810273540019
1846,-0.009358980772021488,-0.006358078158937637,0.05295810273612758
1847,-0.009358980793757654,-0.006358077725986767,0.05295810273540019
1848,-0.009358980772021488,-0.006358077725986767,0.05295810273540019
1849,-0.009358980793757654,-0.006358077725986767,0.05295810273540019
1850,-0.009358980772021488,-0.006358078158937637,0.05295810273612758
1851,-0.009358980772021488,-0.006358077726002341,0.05295810273540019
1852,-0.009358980793485952,-0.006358077725971193,0.05295810273540019
1853,-0.009358980772293189,-0.006358077725986767,0.05295810273540019
1854,-0.009358980793485952,-0.006358078158937637,0.05295810273612758
1855,-0.009358980772293189,-0.006358077725986767,0.05295810273540019
1856,-0.009358980793757654,-0.006358077725986767,0.05295810273540019
1857,-0.009358980771749785,-0.006358077726002341,0.05295810273540019
1858,-0.009358980772293189,-0.006358077725971193,0.05295810273540019
1859,-0.009358980793485952,-0.0063580781589220635,0.05295810273612758
1860,-0.009358980772293189,-0.006358077725986767,0.05295810273540019
1861,-0.009358980793485952,-0.006358077726002341,0.05295810273540019
1862,-0.009358980772293189,-0.006358077725986767,0.05295810273540019
1863,-0.009358980772021488,-0.0063580781589220635,0.05295810273612758
1864,-0.009358980793485952,-0.006358077726002341,0.05295810273540019
1865,-0.009358980772021488,-0.006358077725986767,0.05295810273540019
1866,-0.009358980793485952,-0.006358077725986767,0.05295810273540019
1867,-0.009358980772293189,-0.0063580781589220635,0.05295810273612758
1868,-0.009358980793485952,-0.006358077726002341,0.05295810273540019
1869,-0.009358980772021488,-0.006358077725986767,0.05295810273540019
1870,-0.10601110600474978,-0.017033783725682136,0.08030075348609868
1871,-0.10601110598301361,-0.017033783725682136,0.08030075348609868
1872,-0.10601110600474978,-0.01703378372571328,0.08030075348537129
1873,-0.10601110600447808,-0.017033783292746837,0.08030075348609868
1874,-0.10601110598301361,-0.017033783725697707,0.08030075348609868
1875,-0.10601110600447808,-0.017033783725697707,0.08030075348609868
1876,-0.10601110600474978,-0.017033783725697707,0.08030075348537129
1877,-0.10601110598301361,-0.017033783725682136,0.08030075348609868
1878,-0.10601110600474978,-0.017033783292746837,0.08030075348609868
1879,-0.10601110600420638,-0.01703378372571328,0.08030075348609868
1880,-0.10601110598328531,-0.017033783725682136,0.08030075348609868
1881,-0.10601110600447808,-0.017033783725697707,0.08030075348537129
1882,-0.10601110600447808,-0.017033783725682136,0.08030075348609868
1883,-0.10601110598328531,-0.01703378372571328,0.08030075348609868
1884,-0.10601110600447808,-0.017033783725682136,0.08030075348609868
1885,-0.10601110600474978,-0.017033783292746837,0.08030075348537129
1886,-0.10601110598274191,-0.017033783725697707,0.08030075348609868
1887,-0.10601110600474978,-0.017033783725697707,0.08030075348609868
1888,-0.010450893594643813,-0.013065186430924539,-0.008562861452762171
1889,-0.010450893594372112,-0.013065186430924539,-0.008562861452762171
1890,-0.010450893573179349,-0.013065186863844261,-0.008562861452762171
1891,-0.010450893594643813,-0.013065186430940113,-0.008562861452762171
1892,-0.010450893594643813,-0.013065186430908966,-0.008562861452762171
1893,-0.010450893594643813,-0.013065186430924539,-0.008562861452762171
1894,-0.010450893572635945,-0.013065186863859836,-0.008562861452762171
1895,-0.010450893594915515,-0.013065186430924539,-0.008562861452762171
1896,-0.010450893594643813,-0.013065186430924539,-0.008562861452762171
1897,-0.010450893594643813,-0.013065186430924539,-0.008562861452762171
1898,-0.010450893572907646,-0.013065186863859836,-0.008562861452762171
1899,-0.010450893594643813,-0.013065186430924539,-0.008562861452762171
1900,-0.010450893594372112,-0.013065186430924539,-0.008562861452762171
1901,-0.010450893594643813,-0.013065186430924539,-0.008562861452762171
1902,-0.010450893573179349,-0.013065186863859836,-0.008562861452762171
1903,-0.010450893594643813,-0.013065186430908966,-0.008562861452762171
1904,-0.010450893594643813,-0.013065186430924539,-0.008562861452762171
1905,-0.010450893594372112,-0.013065186430924539,-0.008562861452762171
1906,-0.010450893572907646,-0.013065186863844261,-0.008562861452762171
1907,-0.010450893594915515,-0.013065186430955687,-0.008562861452762171
1908,-0.010450893594372112,-0.013065186430893392,-0.008562861452762171
1909,-0.010450893594372112,-0.013065186430940113,-0.008562861452762171
1910,-0.01045089357345105,-0.013065186863859836,-0.008562861452762171
1911,-0.010450893594372112,-0.013065186430924539,-0.008562861452762171
1912,-0.010450893594643813,-0.013065186430924539,-0.008562861452762171
1913,-0.010450893594643813,-0.013065186430924539,-0.008562861452762171
1914,-0.010450893572907646,-0.013065186863844261,-0.008562861452762171
1915,-0.010450893594643813,-0.013065186430924539,-0.008562861452762171
1916,-0.010450893594915515,-0.013065186430924539,-0.008562861452762171
1917,0.024928032955276,0.014559361956830112,-0.008562861452762171
1918,0.024928032933811538,0.014559361956845684,-0.008562861452762171
1919,0.024928032955276,0.014559361956845684,-0.008562861452762171
1920,0.024928032933539835,0.014559362389765407,-0.008562861452762171
1921,0.024928032955276,0.014559361956845684,-0.008562861452762171
1922,0.024928032955276,0.014559361956830112,-0.008562861452762171
1923,0.024928032933811538,0.014559361956845684,-0.008562861452762171
1924,0.024928032955004297,0.014559361956830112,-0.008562861452762171
1925,0.024928032933539835,0.014559361956845684,-0.008562861452762171
1926,0.024928032955547703,0.014559361956845684,-0.008562861452762171
1927,0.024928032955004297,0.014559362389765407,-0.008562861452762171
1928,0.024928032933811538,0.014559361956845684,-0.008562861452762171
1929,0.024928032955276,0.014559361956830112,-0.008562861452762171
1930,0.024928032933539835,0.014559361956845684,-0.008562861452762171
1931,0.024928032955276,0.014559361956830112,-0.008562861452762171
1932,0.024928032933811538,0.014559361956861258,-0.008562861452762171
1933,0.024928032955276,0.014559362389765407,-0.008562861452762171
1934,0.024928032955004297,0.014559361956845684,-0.008562861452762171
1935,0.024928032933811538,0.014559361956845684,-0.008562861452762171
1936,0.024928032955004297,0.014559361956830112,-0.008562861452762171
1937,0.024928032933811538,0.014559361956830112,-0.008562861452762171
1938,0.024928032955276,0.014559361956845684,-0.008562861452762171
1939,0.024928032955276,0.014559361956845684,-0.008562861452762171
1940,0.024928032933539835,0.014559362389765407,-0.008562861452762171
1941,0.024928032955276,0.014559361956845684,-0.008562861452762171
1942,0.024928032933539835,0.014559361956845684,-0.008562861452762171
1943,0.024928032955547703,0.014559361956830112,-0.008562861452762171
1944,0.02909194880379543,0.016574231169208996,-0.008562861452762171
1945,0.029091948824988192,0.016574230736258126,-0.008562861452762171
1946,0.02909194880406713,0.01657423116922457,-0.008562861452762171
1947,0.029091948824988192,0.0165742307362737,-0.008562861452762171
1948,0.02909194880406713,0.01657423116919342,-0.008562861452762171
1949,0.029091948824988192,0.01657423116922457,-0.008562861452762171
1950,0.02909194880379543,0.016574230736258126,-0.008562861452762171
1951,0.02909194880406713,0.016574231169208996,-0.008562861452762171
1952,0.029091948824988192,0.0165742307362737,-0.008562861452762171
1953,0.02909194880379543,0.016574231169208996,-0.008562861452762171
1954,0.02909194882525989,0.01657423116919342,-0.008562861452762171
1955,0.02909194880406713,0.016574230736289275,-0.008562861452762171
1956,0.02909194882525989,0.01657423116919342,-0.008562861452762171
1957,0.02909194880379543,0.01657423116919342,-0.008562861452762171
1958,0.02909194880379543,0.016574230736289275,-0.008562861452762171
1959,0.029091948825531594,0.016574231169208996,-0.008562861452762171
1960,0.029091948803523726,0.016574230736289275,-0.008562861452762171
1961,0.029091948825531594,0.01657423116919342,-0.008562861452762171
1962,0.029091948803523726,0.01657423116919342,-0.008562861452762171
1963,0.02909194882525989,0.016574230736289275,-0.008562861452762171
1964,0.02909194880406713,0.016574231169208996,-0.008562861452762171
1965,0.029091948803523726,0.016574230736258126,-0.008562861452762171
1966,0.02909194882525989,0.016574231169208996,-0.008562861452762171
1967,0.02909194880379543,0.016574231169208996,-0.008562861452762171
1968,0.02909194882525989,0.016574230736258126,-0.008562861452762171
1969,0.02909194880379543,0.01657423116922457,-0.008562861452762171
1970,0.029091948825531594,0.0165742307362737,-0.008562861452762171
1971,0.02909194880379543,0.01657423116919342,-0.008562861452762171
1972,-0.16981510912139078,0.010046055492611507,0.06760595135218353
1973,-0.16981510912139078,0.010046055492611507,0.06760595135145614
1974,-0.16981510912139078,0.010046055492611507,0.06760595135218353
1975,-0.16981510912139078,0.010046055492611507,0.06760595135145614
1976,-0.16981510912139078,0.010046055492611507,0.06760595135218353
1977,-0.16981510912139078,0.010046055492611507,0.06760595135145614
1978,-0.16981510912139078,0.010046055492611507,0.06760595135218353
1979,-0.16981510912139078,0.010046055492611507,0.06760595135145614
1980,-0.16981510912139078,0.010046055492611507,0.06760595135218353
1981,-0.16981510912111908,0.010046055492611507,0.06760595135145614
1982,-0.16981510914285525,0.010046055492611507,0.06760595135218353
1983,-0.16981510912139078,0.010046055492611507,0.06760595135145614
1984,-0.16981510912139078,0.010046055492611507,0.06760595135218353
1985,-0.16981510912139078,0.010046055492611507,0.06760595135145614
1986,-0.16981510912139078,0.010046055492611507,0.06760595135218353
1987,-0.16981510912166248,0.010046055492611507,0.06760595135145614
1988,-0.16981510912111908,0.010046055492611507,0.06760595135218353
1989,-0.16981510912139078,0.010046055492611507,0.06760595135145614
1990,-0.16981510912139078,0.010046055492611507,0.06760595135218353
1991,-0.16981510912111908,0.010046055492611507,0.06760595135145614
1992,-0.16981510912166248,0.010046055492611507,0.06760595135218353
1993,-0.575239582004503,-0.0752554379367991,1.5270004046880183
1994,-0.5752395819830385,-0.07525543793681468,1.5270004046880183
1995,-0.575239582004503,-0.07525543750387938,1.527000404687291
1996,-0.5752395819833102,-0.07525543793681468,1.5270004046880183
1997,-0.575239582004503,-0.07525543793681468,1.5270004046880183
1998,-0.5849254908971431,-0.014325799587392909,0.24736434957045877
1999,-0.5849254908968714,-0.014325799587392909,0.24736434957118617
2000,-0.5849254909186076,-0.014325800020328206,0.24736434957045877
2001,-0.5849254908965996,-0.014325799587392909,0.24736434957118617
2002,-0.5849254908971431,-0.014325799587392909,0.24736434957045877
2003,-0.6421604071803687,0.021124171398710305,0.13685032662861338
2004,-0.6421604071803687,0.021124171398710305,0.13685032662861338
2005,-0.6421604071591759,0.02112417183163003,0.13685032662934077
2006,-0.6421604071806404,0.02112417139872588,0.13685032662861338
2007,-0.6421604071803687,0.021124171398710305,0.13685032662861338
2008,-0.6421604071806404,0.02112417139869473,0.13685032662861338
2009,-0.6421604071803687,0.02112417139872588,0.13685032662861338
2010,-0.642160407180912,0.02112417139872588,0.13685032662861338
2011,-0.6421604071586325,0.02112417183163003,0.13685032662934077
2012,-0.6421604071806404,0.021124171398710305,0.13685032662861338
2013,-0.6421604071806404,0.021124171398710305,0.13685032662861338
2014,-0.7198363649845262,-0.10310898653783342,0.21994357696134753
2015,-0.7198363649847979,-0.10310898653783342,0.21994357696062014
2016,-0.7198363649633334,-0.10310898697075314,0.21994357696134753
2017,-0.7198363649845262,-0.10310898653783342,0.21994357696062014
2018,-0.7198363649850695,-0.10310898653781785,0.21994357696134753
2019,-0.7198363649845262,-0.10310898653783342,0.21994357696062014
2020,-0.7198363649633334,-0.10310898697075314,0.21994357696134753
2021,-0.7198363649845262,-0.10310898653783342,0.21994357696134753
2022,-0.7198363649850695,-0.10310898653784899,0.21994357696062014
2023,-0.7198363649845262,-0.10310898653781785,0.21994357696134753
2024,-0.7198363649847979,-0.10310898653783342,0.21994357696062014
2025,-0.7198363649633334,-0.10310898697075314,0.21994357696134753
2026,-0.7198363649845262,-0.10310898653783342,0.21994357696062014
2027,-0.7198363649850695,-0.10310898653781785,0.21994357696134753
2028,-0.4638516295490858,-0.0965808112941868,0.35133477904882415
2029,-0.4638516295493575,-0.09658081086123593,0.35133477904882415
2030,-0.4638516295493575,-0.09658081129415565,0.3513347790495515
2031,-0.4638516295493575,-0.09658081086123593,0.35133477904882415
2032,-0.4638516295493575,-0.0965808112941868,0.35133477904882415
2033,-0.4638516295490858,-0.09658081129415565,0.3513347790495515
2034,-0.4638516295493575,-0.09658081086123593,0.35133477904882415
2035,-0.4638516295493575,-0.09658081129417122,0.35133477904882415
2036,-0.5222519626792088,-0.19783153340608514,0.5371642797004217
2037,-0.522251962657201,-0.197831532973181,0.5371642796996943
2038,-0.5222519626792088,-0.1978315334061007,0.5371642797004217
2039,-0.5222519626792088,-0.197831532973181,0.5371642797004217
2040,-0.5222519626786655,-0.1978315334061007,0.5371642796996943
2041,-0.5222519626577443,-0.197831532973181,0.5371642797004217
2042,-0.5222519626789371,-0.1978315334061007,0.5371642797004217
2043,-0.5222519626792088,-0.197831532973181,0.5371642796996943
2044,-0.5222519626574726,-0.1978315334061007,0.5371642797004217
2045,-0.5222519626792088,-0.197831532973181,0.5371642796996943
2046,-0.5222519626789371,-0.19783153340608514,0.5371642797004217
2047,-0.5222519626574726,-0.197831532973181,0.5371642797004217
2048,-0.5222519626789371,-0.1978315334061007,0.5371642796996943
2049,-0.5222519626792088,-0.197831532973181,0.5371642797004217
2050,-0.5222519626789371,-0.1978315334061007,0.5371642797004217
2051,-0.5222519626574726,-0.197831532973181,0.5371642796996943
2052,-0.5222519626789371,-0.1978315334061007,0.5371642797004217
2053,-0.5849254908971431,0.030355934798101808,-0.008562861452762171
2054,-0.5849254909183358,0.030355934798117382,-0.008562861452762171
2055,-0.5849254908971431,0.030355934798101808,-0.008562861452762171
2056,-0.6333550354442997,-0.06829205046185073,0.21994357696134753
2057,-0.6333550354445714,-0.06829205089478603,0.21994357696062014
2058,-0.6333550354448432,-0.0682920504618663,0.21994357696134753
2059,-0.633355035423107,-0.06829205046185073,0.21994357696062014
2060,-0.6333550354445714,-0.06829205089478603,0.21994357696134753
2061,-0.6333550354445714,-0.06829205046188189,0.21994357696062014
2062,-0.6333550354445714,-0.06829205046185073,0.21994357696134753
2063,-0.6333550354445714,-0.06829205089478603,0.21994357696134753
2064,-0.6333550354445714,-0.0682920504618663,0.21994357696062014
2065,-0.6333550354445714,-0.06829205089478603,0.21994357696134753
2066,-0.633355035423107,-0.0682920504618663,0.21994357696062014
2067,-0.6333550354445714,-0.06829205046183516,0.21994357696134753
2068,-0.6333550354445714,-0.0682920508948016,0.21994357696062014
2069,-0.6333550354445714,-0.06829205046185073,0.21994357696134753
2070,-0.33138258125690745,0.1068166570421711,0.16080073407731052
2071,-0.3313825812351713,0.10681665704218667,0.16080073407731052
2072,-0.33138258125690745,0.1068166574751064,0.1608007340780379
2073,-0.331382581235443,0.1068166570421711,0.16080073407731052
2074,-0.3313825812566358,0.10681665704218667,0.16080073407731052
2075,-0.3313825812357147,0.10681665704218667,0.16080073407731052
2076,-0.3313825812571792,0.1068166574751064,0.1608007340780379
2077,-0.331382581235443,0.10681665704218667,0.16080073407731052
2078,-0.3313825812566358,0.10681665704218667,0.16080073407731052
2079,-0.331382581235443,0.1068166570421711,0.16080073407731052
2080,-0.33138258125690745,0.1068166574751064,0.1608007340780379
2081,-0.3313825812351713,0.10681665704218667,0.16080073407731052
2082,-0.33138258125690745,0.1068166570421711,0.16080073407731052
2083,-0.331382581235443,0.10681665704218667,0.16080073407731052
2084,-0.3313825812566358,0.1068166574751064,0.1608007340780379
2085,-0.3313825812357147,0.10681665704218667,0.16080073407731052
2086,-0.3313825812566358,0.1068166570421711,0.16080073407731052
2087,-0.20394640718218462,0.010046055492611507,0.09807347647357989
2088,-0.20394640718245632,0.010046055492611507,0.09807347647357989
2089,-0.20394640718218462,0.010046055492611507,0.09807347647357989
2090,-0.20394640718245632,0.010046055492611507,0.09807347647430728
2091,-0.20394640718218462,0.010046055492611507,0.09807347647357989
2092,-0.20394640718245632,0.010046055492611507,0.09807347647357989
2093,-0.20394640718218462,0.010046055492611507,0.09807347647357989
2094,-0.20394640716072016,0.010046055492611507,0.09807347647357989
2095,-0.20394640718245632,0.010046055492611507,0.09807347647357989
2096,-0.20394640718218462,0.010046055492611507,0.09807347647357989
2097,-0.20394640718245632,0.010046055492611507,0.09807347647357989
2098,-0.20394640718218462,0.010046055492611507,0.09807347647430728
2099,-0.20394640718245632,0.010046055492611507,0.09807347647357989
2100,-0.20394640718218462,0.010046055492611507,0.09807347647357989
2101,-0.20394640718218462,0.010046055492611507,0.09807347647357989
2102,-0.5053626677271229,-0.12922168881125692,0.5398525907403737
2103,-0.5053626677265796,-0.1292216883783528,0.5398525907403737
2104,-0.5053626677271229,-0.1292216888112725,0.5398525907403737
2105,-0.5053626677268512,-0.1292216888112725,0.5398525907403737
2106,-0.5053626677265796,-0.1292216883783528,0.5398525907403737
2107,-0.5053626677271229,-0.1292216888112725,0.5398525907403737
2108,-0.5053626677268512,-0.1292216888112725,0.5398525907403737
2109,-0.5053626677268512,-0.1292216883783528,0.5398525907396463
2110,-0.5053626677271229,-0.1292216888112725,0.5398525907403737
2111,-0.5053626677265796,-0.1292216883783372,0.5398525907403737
2112,-0.5053626677268512,-0.1292216888112725,0.5398525907403737
2113,-0.5053626677268512,-0.12922168881128807,0.5398525907403737
2114,-0.5053626677268512,-0.1292216883783372,0.5398525907403737
2115,-0.5053626677268512,-0.12922168881125692,0.5398525907403737
2116,-0.2978074768391109,-0.046531465739094176,0.5398525907403737
2117,-0.2978074768391109,-0.046531465306143306,0.5398525907403737
2118,-0.2978074768391109,-0.04653146573906303,0.5398525907403737
2119,-0.2978074768391109,-0.0465314657390786,0.5398525907403737
2120,-0.29780747683883924,-0.046531465306143306,0.5398525907403737
2121,-0.2978074768391109,-0.0465314657390786,0.5398525907403737
2122,-0.29780747683938263,-0.04653146573906303,0.5398525907403737
2123,-0.29780747681737474,-0.04653146530615888,0.5398525907403737
2124,-0.29780747683938263,-0.04653146573906303,0.5398525907403737
2125,-0.29780747683883924,-0.046531465306143306,0.5398525907403737
2126,-0.2978074768391109,-0.0465314657390786,0.5398525907403737
2127,-0.2978074768391109,-0.0465314657390786,0.5398525907403737
2128,-0.2978074768391109,-0.046531465306143306,0.5398525907403737
2129,-0.2978074768391109,-0.04653146573906303,0.5398525907403737
2130,-0.07641527323269422,-0.1727428586897832,0.6312551661060176
2131,-0.07641527321122975,-0.17274285868976763,0.6312551661060176
2132,-0.07641527323215082,-0.1727428586897832,0.6312551661052902
2133,-0.07641527321122975,-0.17274285868975206,0.6312551661060176
2134,-0.07641527323296592,-0.1727428586897832,0.6312551661060176
2135,-0.07641527321095805,-0.17274285868976763,0.6312551661060176
2136,-0.07641527323269422,-0.1727428591227185,0.6312551661060176
2137,-0.07641527323242252,-0.17274285868975206,0.6312551661060176
2138,-0.07641527321122975,-0.1727428586897832,0.6312551661060176
2139,-0.07641527323242252,-0.17274285868976763,0.6312551661052902
2140,-0.07641527321122975,-0.1727428586897832,0.6312551661060176
2141,-0.07641527323269422,-0.1727428586897832,0.6312551661060176
2142,-0.3137200414815377,-0.2093006415262497,0.311346152326264
2143,-0.31372004146034493,-0.2093006415262497,0.3113461523269914
2144,-0.31372004146034493,-0.20930064152623412,0.311346152326264
2145,-0.3137200414815377,-0.2093006415262497,0.3113461523269914
2146,-0.31372004148180943,-0.20930064152626526,0.311346152326264
2147,-0.31372004146034493,-0.2093006415262497,0.311346152326264
2148,-0.31372004145980154,-0.20930064152623412,0.3113461523269914
2149,-0.3137200414820811,-0.2093006415262497,0.311346152326264
2150,-0.3137200414815377,-0.2093006415262497,0.3113461523269914
2151,-0.31372004146034493,-0.20930064152626526,0.311346152326264
2152,-0.11553144382350032,-0.30397592530444,0.11447906692356255
2153,-0.11553144380257925,-0.30397592530445555,0.11447906692428994
2154,-0.11553144382404372,-0.30397592530444,0.11447906692356255
2155,-0.11553144380203585,-0.3039759253044867,0.11447906692428994
2156,-0.11553144382404372,-0.30397592530444,0.11447906692356255
2157,-0.11553144380230755,-0.30397592530445555,0.11447906692428994
2158,-0.11553144382377202,-0.30397592573739085,0.11447906692356255
2159,-0.11553144380230755,-0.30397592530445555,0.11447906692428994
2160,-0.11553144382350032,-0.30397592530444,0.11447906692356255
2161,-0.11553144380285095,-0.30397592530447115,0.11447906692428994
2162,-0.11553144382350032,-0.30397592530445555,0.11447906692356255
2163,-0.11553144380230755,-0.30397592530445555,0.11447906692428994
2164,-0.11553144382404372,-0.30397592530444,0.11447906692356255
2165,-0.10385868179666441,-0.31491201426116616,0.2900188847409956
2166,-0.10385868179666441,-0.31491201426116616,0.290018884741723
2167,-0.10385868179666441,-0.31491201426116616,0.2900188847409956
2168,-0.10385868179693611,-0.31491201426118176,0.2900188847409956
2169,-0.10385868179666441,-0.31491201426116616,0.290018884741723
2170,-0.10385868179666441,-0.31491201426116616,0.2900188847409956
2171,-0.10385868179666441,-0.31491201426116616,0.2900188847409956
2172,-0.10385868177519994,-0.31491201382823086,0.290018884741723
2173,-0.10385868179666441,-0.31491201426116616,0.2900188847409956
2174,-0.10385868179666441,-0.31491201426116616,0.2900188847409956
2175,-0.10385868179720781,-0.31491201426116616,0.290018884741723
2176,-0.10385868179639271,-0.31491201426118176,0.2900188847409956
2177,-0.10385868179666441,-0.31491201426116616,0.2900188847409956
2178,-0.10385868179666441,-0.31491201426116616,0.290018884741723
2179,-0.10385868179693611,-0.31491201426116616,0.2900188847409956
2180,-0.03795651726660212,-0.09747683540665456,0.27370979776402565
2181,-0.03795651726741722,-0.09747683497370369,0.273709797764753
2182,-0.037956517245409355,-0.09747683540663897,0.27370979776402565
2183,-0.037956517266873824,-0.09747683497370369,0.27370979776402565
2184,-0.03795651726741722,-0.09747683540663897,0.273709797764753
2185,-0.03795651726714552,-0.09747683497371926,0.27370979776402565
2186,-0.037956517266873824,-0.09747683540663897,0.27370979776402565
2187,-0.037956517266873824,-0.09747683497370369,0.273709797764753
2188,-0.037956517245409355,-0.09747683540665456,0.27370979776402565
2189,-0.03795651726714552,-0.09747683497370369,0.273709797764753
2190,-0.03795651726714552,-0.09747683540663897,0.27370979776402565
2191,-0.03795651726714552,-0.09747683497370369,0.27370979776402565
2192,-0.037956517266873824,-0.09747683540663897,0.273709797764753
2193,-0.03795651726714552,-0.09747683497371926,0.27370979776402565
2194,-0.03795651724568106,-0.09747683540663897,0.27370979776402565
2195,-0.037956517266873824,-0.09747683497371926,0.273709797764753
2196,-0.037956517266873824,-0.0974768354066234,0.27370979776402565
2197,-0.16923856693861342,-0.22859502677988933,0.8711869264406509
2198,-0.16923856691633385,-0.22859502721280905,0.8711869264399236
2199,-0.16923856691714895,-0.22859502677988933,0.8711869264406509
2200,-0.16923856693779832,-0.22859502721282463,0.8711869264399236
2201,-0.16923856693807002,-0.22859502677987376,0.8711869264406509
2202,-0.16923856691687725,-0.22859502677988153,0.8711869264399236
2203,-0.16923856691687725,-0.22859502721281683,0.8711869264406509
2204,-0.16923856693807002,-0.22859502677988933,0.8711869264406509
2205,-0.16923856693834172,-0.22859502721281683,0.8711869264399236
2206,-0.16923856691660555,-0.22859502677987376,0.8711869264406509
2207,-0.16923856691660555,-0.22859502721282463,0.8711869264399236
2208,-0.16923856693807002,-0.22859502677987376,0.8711869264406509
2209,-0.07157231876504554,-0.0833793894858429,0.5032915605944072
2210,-0.07157231876504554,-0.08337938948583512,0.5032915605936797
2211,-0.07157231876504554,-0.08337938948583512,0.5032915605944072
2212,-0.0715723187862383,-0.08337938991877042,0.5032915605944072
2213,-0.07157231876504554,-0.08337938948583512,0.5032915605936797
2214,-0.07157231876477384,-0.08337938948582733,0.5032915605944072
2215,-0.07157231876531724,-0.0833793894858429,0.5032915605944072
2216,-0.07157231876477384,-0.08337938948583512,0.5032915605936797
2217,-0.07157231876504554,-0.0833793894858429,0.5032915605944072
2218,-0.07157231876477384,-0.08337938948583512,0.5032915605944072
2219,-0.07157231876477384,-0.0833793894858429,0.5032915605936797
2220,-0.0715723187867817,-0.08337938991876263,0.5032915605944072
2221,-0.07157231876450214,-0.0833793894858429,0.5032915605944072
2222,-0.07157231876531724,-0.08337938948583512,0.5032915605936797
2223,-0.07157231876477384,-0.08337938948582733,0.5032915605944072
2224,-0.034589757486978,-0.15058662687757782,0.5440072532571922
2225,-0.034589757486978,-0.15058662644464252,0.5440072532564648
2226,-0.034589757465513536,-0.15058662687756225,0.5440072532571922
2227,-0.034589757486978,-0.15058662687757782,0.5440072532571922
2228,-0.0345897574867063,-0.15058662644464252,0.5440072532571922
2229,-0.034589757487249705,-0.15058662687756225,0.5440072532564648
2230,-0.0345897574867063,-0.15058662644465032,0.5440072532571922
2231,-0.0345897574867063,-0.15058662687757005,0.5440072532571922
2232,-0.034589757465513536,-0.15058662687757782,0.5440072532571922
2233,-0.034589757486978,-0.15058662644464252,0.5440072532564648
2234,-0.034589757486978,-0.15058662687756225,0.5440072532571922
2235,-0.1974891345802081,-0.07627093155574563,0.7645505885135815
2236,-0.19748913455874362,-0.07627093198866534,0.7645505885143088
2237,-0.19748913458047979,-0.07627093198868093,0.7645505885135815
2238,-0.1974891345799364,-0.07627093155573784,0.7645505885143088
2239,-0.1974891345802081,-0.07627093155574563,0.7645505885135815
2240,-0.19748913458047979,-0.07627093198866534,0.7645505885135815
2241,-0.19748913455847192,-0.07627093198868093,0.7645505885143088
2242,-0.1974891345802081,-0.07627093155573006,0.7645505885135815
2243,-0.19748913458047979,-0.07627093155573784,0.7645505885143088
2244,-0.19748913455874362,-0.07627093198868093,0.7645505885135815
2245,-0.1974891345799364,-0.07627093198867313,0.7645505885143088
2246,-0.19748913458047979,-0.07627093155573784,0.7645505885135815
2247,-0.11792631138872348,-0.06393993377706994,0.5398525907403737
2248,-0.11792631141018793,-0.06393993334412686,0.5398525907403737
2249,-0.11792631141018793,-0.06393993377706216,0.5398525907403737
2250,-0.11792631138845176,-0.06393993334412686,0.5398525907403737
2251,-0.11792631138872348,-0.06393993377705437,0.5398525907403737
2252,-0.11792631141045963,-0.06393993334412686,0.5398525907403737
2253,-0.11792631140991623,-0.06393993377706216,0.5398525907403737
2254,-0.11792631138899518,-0.06393993377706994,0.5398525907403737
2255,-0.11792631138845176,-0.06393993334412686,0.5398525907403737
2256,-0.11792631141045963,-0.06393993377705437,0.5398525907403737
2257,-0.11792631141018793,-0.06393993334413464,0.5398525907403737
2258,-0.11792631138845176,-0.06393993377705437,0.5398525907403737
2259,-0.11792631138872348,-0.06393993334412686,0.5398525907403737
2260,-0.11792631141018793,-0.06393993377706216,0.5398525907403737
2261,-0.13695220390645116,-0.09658081129417122,0.5712722260225411
2262,-0.136952203884715,-0.09658081086122815,0.5712722260218137
2263,-0.13695220390645116,-0.09658081129417122,0.5712722260225411
2264,-0.13695220390617943,-0.09658081086123593,0.5712722260218137
2265,-0.1369522038852584,-0.09658081129417122,0.5712722260225411
2266,-0.13695220390617943,-0.09658081129417122,0.5712722260218137
2267,-0.1369522038852584,-0.09658081086122815,0.5712722260225411
2268,-0.13695220390617943,-0.09658081129417902,0.5712722260225411
2269,-0.13695220390672286,-0.09658081129415565,0.5712722260218137
2270,-0.136952203884715,-0.09658081086124372,0.5712722260225411
2271,-0.13695220390672286,-0.09658081129416343,0.5712722260218137
2272,-0.1369522038844433,-0.09658081129417122,0.5712722260225411
2273,-0.13695220390699456,-0.09658081086122815,0.5712722260218137
2274,-0.13695220390617943,-0.09658081129417122,0.5712722260225411
2275,-0.1369522038849867,-0.09658081086123593,0.5712722260218137
2276,-0.13695220390617943,-0.09658081129417122,0.5712722260225411
2277,-0.24937793229168262,-0.23802461372398578,0.5398525907403737
2278,-0.2493779323128754,-0.23802461372397798,0.5398525907403737
2279,-0.24937793229113922,-0.23802461372399356,0.5398525907403737
2280,-0.24937793229168262,-0.23802461415691328,0.5398525907403737
2281,-0.24937793229141092,-0.23802461372399356,0.5398525907403737
2282,-0.2493779323128754,-0.23802461372397798,0.5398525907403737
2283,-0.24937793229168262,-0.23802461372398578,0.5398525907403737
2284,-0.24937793229113922,-0.23802461372399356,0.5398525907403737
2285,-0.2493779323131471,-0.23802461372398578,0.5398525907403737
2286,-0.24937793229141092,-0.23802461372399356,0.5398525907403737
2287,-0.24937793229141092,-0.23802461415690548,0.5398525907403737
2288,-0.24937793229141092,-0.23802461372398578,0.5398525907403737
2289,-0.2493779323128754,-0.23802461372399356,0.5398525907403737
2290,-0.24937793229113922,-0.23802461372398578,0.5398525907403737
2291,-0.1264591359152655,-0.07931741371131322,0.6099278985207491
2292,-0.12645913591445038,-0.07931741371132879,0.6099278985207491
2293,-0.12645913591445038,-0.079317413711321,0.6099278985200218
2294,-0.12645913591472208,-0.07931741371133658,0.6099278985207491
2295,-0.12645913591472208,-0.079317413711321,0.6099278985207491
2296,-0.12645913591472208,-0.07931741371132879,0.6099278985207491
2297,-0.12645913591472208,-0.07931741371131322,0.6099278985207491
2298,-0.12645913591472208,-0.07931741327840128,0.6099278985200218
2299,-0.12645913591472208,-0.07931741371131322,0.6099278985207491
2300,-0.12645913591417868,-0.07931741371132879,0.6099278985207491
2301,-0.12645913591472208,-0.079317413711321,0.6099278985207491
2302,-0.12645913591472208,-0.07931741371133658,0.6099278985207491
2303,-0.12645913591472208,-0.079317413711321,0.6099278985200218
2304,-0.12645913591472208,-0.07931741371132879,0.6099278985207491
2305,-0.12645913591472208,-0.07931741371131322,0.6099278985207491
2306,0.09098250030709995,-0.042936238630152494,0.18616436432612338
2307,0.09098250028536378,-0.042936238197232766,0.186164364325396
2308,0.09098250030682825,-0.042936238630152494,0.18616436432612338
2309,0.09098250030737165,-0.042936238630168065,0.18616436432612338
2310,0.09098250028509208,-0.042936238197217196,0.18616436432612338
2311,0.09098250030655655,-0.042936238630152494,0.186164364325396
2312,0.09098250030737165,-0.042936238630152494,0.18616436432612338
2313,0.09098250028536378,-0.042936238197232766,0.18616436432612338
2314,0.09098250030655655,-0.042936238630152494,0.18616436432612338
2315,0.09098250030709995,-0.042936238630168065,0.186164364325396
2316,0.0909825002856355,-0.042936238197217196,0.18616436432612338
2317,0.09098250030682825,-0.042936238630152494,0.18616436432612338
2318,0.09098250028536378,-0.042936238197232766,0.18616436432612338
2319,0.09098250030682825,-0.042936238630152494,0.186164364325396
2320,0.09098250030682825,-0.042936238630152494,0.18616436432612338
2321,0.09098250028536378,-0.04293623819722498,0.18616436432612338
2322,0.09098250030682825,-0.04293623863016028,0.18616436432612338
2323,0.09098250030709995,-0.042936238630152494,0.186164364325396
2324,0.09098250028536378,-0.04293623819722498,0.18616436432612338
2325,0.09098250030682825,-0.04293623863016028,0.18616436432612338
2326,0.09098250030709995,-0.042936238630152494,0.18616436432612338
2327,0.09098250028509208,-0.04293623819722498,0.186164364325396
2328,0.09098250030709995,-0.04293623863016028,0.18616436432612338
2329,0.10798953098001915,-0.004014630247017883,0.7050803231316669
2330,0.10798953100175532,-0.00401463024702567,0.7050803231323943
2331,0.10798953098001915,-0.004014630247041243,0.7050803231316669
2332,0.10798953100148362,-0.00401463024702567,0.7050803231316669
2333,0.10798953098029085,-0.00401463024702567,0.7050803231323943
2334,0.1079895310012119,-0.00401463024702567,0.7050803231316669
2335,0.10798953098001915,-0.004014629814098161,0.7050803231316669
2336,0.10798953100175532,-0.00401463024702567,0.7050803231316669
2337,0.10798953098001915,-0.004014630247033457,0.7050803231323943
2338,0.10798953100148362,-0.00401463024702567,0.7050803231316669
2339,0.10798953098001915,-0.004014630247033457,0.7050803231316669
2340,0.10798953100175532,-0.004014630247033457,0.7050803231323943
2341,0.10798953097974745,-0.00401463024702567,0.7050803231316669
2342,-0.021932035610825962,-0.06992409427276629,0.5712722260225411
2343,-0.021932035611369367,-0.06992409470570936,0.5712722260218137
2344,-0.021932035611097665,-0.06992409427278186,0.5712722260225411
2345,-0.021932035632562127,-0.06992409470569379,0.5712722260218137
2346,-0.021932035611369367,-0.06992409427276629,0.5712722260225411
2347,-0.021932035610825962,-0.06992409470571716,0.5712722260218137
2348,-0.021932035611369367,-0.06992409427277407,0.5712722260225411
2349,-0.021932035611097665,-0.06992409470570157,0.5712722260225411
2350,-0.021932035611097665,-0.06992409427278186,0.5712722260218137
2351,-0.021932035611097665,-0.06992409427276629,0.5712722260225411
2352,-0.021932035611369367,-0.06992409470570157,0.5712722260218137
2353,-0.021932035611097665,-0.06992409427277407,0.5712722260225411
2354,-0.021932035632562127,-0.06992409470570936,0.5712722260218137
2355,-0.021932035611097665,-0.06992409427276629,0.5712722260225411
2356,-0.021932035611097665,-0.06992409470572494,0.5712722260218137
2357,-0.021932035611369367,-0.06992409427276629,0.5712722260225411
2358,0.04838393771056457,-0.20086423016904978,0.4589964663782901
2359,0.04838393771083627,-0.20086423016905758,0.4589964663790175
2360,0.04838393771029287,-0.20086423016904978,0.4589964663782901
2361,0.04838393771029287,-0.20086423016904978,0.4589964663790175
2362,0.04838393771056457,-0.20086423016904978,0.4589964663782901
2363,0.04838393771056457,-0.20086423016904978,0.4589964663782901
2364,0.04838393771056457,-0.20086422973612228,0.4589964663790175
2365,0.04838393771029287,-0.20086423016905758,0.4589964663782901
2366,0.04838393771056457,-0.20086423016904978,0.4589964663782901
2367,0.04838393771029287,-0.20086423016904978,0.4589964663790175
2368,0.04838393771083627,-0.20086423016904978,0.4589964663782901
2369,0.04838393771029287,-0.20086423016905758,0.4589964663790175
2370,0.04838393771029287,-0.20086423016905758,0.4589964663782901
2371,0.02230649064957433,-0.15399527799220047,0.828122251508719
2372,0.022306490650117736,-0.15399527755927298,0.828122251508719
2373,0.02230649064930263,-0.15399527799220827,0.8281222515079917
2374,0.022306490649846033,-0.15399527755927298,0.828122251508719
2375,0.02230649064957433,-0.15399527799221605,0.828122251508719
2376,0.022306490649846033,-0.15399527755927298,0.828122251508719
2377,0.02230649064957433,-0.15399527799220047,0.8281222515079917
2378,0.02230649064957433,-0.15399527755928855,0.828122251508719
2379,0.02230649064957433,-0.15399527799220827,0.828122251508719
2380,0.022306490649846033,-0.15399527755927298,0.828122251508719
2381,0.02230649064957433,-0.15399527799220047,0.8281222515079917
2382,0.022306490649846033,-0.15399527755927298,0.828122251508719
2383,0.02230649064957433,-0.15399527799220827,0.828122251508719
2384,-0.18941754382243922,-0.1422780397315322,0.49795974369772633
2385,-0.1894175438221675,-0.14227803973153996,0.49795974369772633
2386,-0.18941754380070305,-0.1422780392985891,0.49795974369772633
2387,-0.18941754382243922,-0.1422780397315322,0.49795974369772633
2388,-0.18941754382243922,-0.1422780397315322,0.49795974369772633
2389,-0.1894175438218958,-0.1422780397315322,0.49795974369772633
2390,-0.18941754382271092,-0.1422780397315322,0.4979597436984537
2391,-0.1894175438218958,-0.1422780397315322,0.49795974369772633
2392,-0.18941754382243922,-0.1422780397315244,0.49795974369772633
2393,-0.18941754380097475,-0.1422780392985969,0.49795974369772633
2394,-0.1894175438221675,-0.14227803973153996,0.49795974369772633
2395,-0.18941754382243922,-0.1422780397315244,0.49795974369772633
2396,-0.3658394560661232,-0.11761604330831023,0.35704744000908595
2397,-0.36583945608758767,-0.11761604330830244,0.3570474400098133
2398,-0.3658394560661232,-0.11761604330831023,0.35704744000908595
2399,-0.3658394560878594,-0.11761604330831023,0.35704744000908595
2400,-0.3658394560658515,-0.11761604330831023,0.3570474400098133
2401,-0.3658394560666666,-0.11761604330830244,0.35704744000908595
2402,-0.36583945608758767,-0.11761604330830244,0.35704744000908595
2403,-0.3658394560661232,-0.11761604330831023,0.3570474400098133
2404,-0.3658394560661232,-0.11761604330830244,0.35704744000908595
2405,-0.36583945608731594,-0.11761604330831023,0.35704744000908595
2406,-0.3658394560663949,-0.11761604374123774,0.3570474400098133
2407,-0.3658394560878594,-0.11761604330830244,0.35704744000908595
2408,-0.3658394560661232,-0.11761604330831023,0.35704744000908595
2409,-0.3658394560658515,-0.11761604330830244,0.3570474400098133
2410,-0.36583945608758767,-0.11761604330830244,0.35704744000908595
2411,-0.3658394560663949,-0.11761604330831801,0.35704744000908595
2412,-0.3658394560658515,-0.11761604330830244,0.3570474400098133
2413,-0.3658394560878594,-0.11761604330831023,0.35704744000908595
2414,-0.3658394560661232,-0.11761604330830244,0.35704744000908595
2415,-0.36583945608758767,-0.11761604330830244,0.3570474400098133
2416,-0.3658394560666666,-0.11761604330831023,0.35704744000908595
2417,-0.24053761860796635,-0.1219681604260341,0.41798249025333345
2418,-0.24053761860823805,-0.1219681604260341,0.4179824902526061
2419,-0.24053761860823805,-0.12196815999310659,0.4179824902526061
2420,-0.24053761860823805,-0.1219681604260341,0.41798249025333345
2421,-0.24053761862970252,-0.12196816042604189,0.41798249025333345
2422,-0.24053761860850978,-0.1219681604260341,0.4179824902526061
2423,-0.24053761860823805,-0.12196815999310659,0.4179824902526061
2424,-0.24053761860823805,-0.1219681604260341,0.41798249025333345
2425,-0.24053761860823805,-0.1219681604260341,0.41798249025333345
2426,-0.24053761860823805,-0.12196816042604189,0.4179824902526061
2427,-0.24053761860850978,-0.1219681604260341,0.41798249025333345
2428,-0.24053761860796635,-0.1219681599930988,0.4179824902526061
2429,-0.24053761860823805,-0.12196816042604189,0.41798249025333345
2430,-0.24053761862970252,-0.1219681604260341,0.4179824902526061
2431,-0.24053761860850978,-0.1219681604260341,0.4179824902526061
2432,-0.24053761860796635,-0.12196815999310659,0.41798249025333345
2433,-0.24053761860823805,-0.1219681604260341,0.41798249025333345
2434,-0.24053761860850978,-0.1219681604260341,0.4179824902526061
2435,-0.01587834253720112,-0.10419701603372619,0.5712722260225411
2436,-0.01587834255893729,-0.10419701560079868,0.5712722260218137
2437,-0.01587834253720112,-0.10419701603372619,0.5712722260225411
2438,-0.01587834255893729,-0.10419701603373398,0.5712722260218137
2439,-0.01587834253720112,-0.1041970156007909,0.5712722260225411
2440,-0.015878342558665586,-0.10419701603372619,0.5712722260225411
2441,-0.015878342537472823,-0.10419701603373398,0.5712722260218137
2442,-0.01587834255893729,-0.1041970160337184,0.5712722260225411
2443,-0.01587834253720112,-0.10419701560080646,0.5712722260225411
2444,-0.015878342537472823,-0.10419701603372619,0.5712722260218137
2445,-0.015878342558665586,-0.10419701603372619,0.5712722260225411
2446,-0.015878342537472823,-0.10419701560079868,0.5712722260225411
2447,-0.015878342558665586,-0.10419701603372619,0.5712722260218137
2448,-0.01587834253720112,-0.10419701603373398,0.5712722260225411
2449,-0.01587834255893729,-0.1041970156007909,0.5712722260218137
2450,-0.01587834253720112,-0.1041970160337184,0.5712722260225411
2451,-0.1751370370934983,-0.19617733477820007,0.5820383947553422
2452,-0.1751370370932266,-0.1961773347781923,0.5820383947553422
2453,-0.1751370370934983,-0.1961773352111276,0.5820383947553422
2454,-0.1751370370932266,-0.19617733477820007,0.5820383947546148
2455,-0.1751370370934983,-0.1961773347781923,0.5820383947553422
2456,-0.1751370370934983,-0.19617733477820007,0.5820383947553422
2457,-0.1751370370934983,-0.1961773352111276,0.5820383947553422
2458,-0.1751370370932266,-0.19617733477820007,0.5820383947553422
2459,-0.1751370370934983,-0.1961773347781923,0.5820383947553422
2460,-0.1751370370932266,-0.1961773347781923,0.5820383947546148
2461,-0.1751370370934983,-0.1961773352111198,0.5820383947553422
2462,-0.1751370370932266,-0.19617733477820007,0.5820383947553422
2463,-0.1751370370934983,-0.1961773347781923,0.5820383947553422
2464,-0.096904695911071,-0.09775253503365178,0.7050803231316669
2465,-0.0969046959107993,-0.09775253503364399,0.7050803231316669
2466,-0.0969046959113427,-0.09775253460072426,0.7050803231323943
2467,-0.0969046959107993,-0.09775253503364399,0.7050803231316669
2468,-0.0969046959107993,-0.09775253503365178,0.7050803231316669
2469,-0.096904695911071,-0.09775253503365178,0.7050803231316669
2470,-0.09690469593253546,-0.0977525346007087,0.7050803231323943
2471,-0.0969046959107993,-0.09775253503365178,0.7050803231316669
2472,-0.0969046959113427,-0.09775253503365178,0.7050803231316669
2473,-0.0969046959105276,-0.09775253503364399,0.7050803231316669
2474,-0.0969046959107993,-0.09775253460072426,0.7050803231323943
2475,-0.0969046959113427,-0.09775253503364399,0.7050803231316669
2476,-0.096904695911071,-0.09775253503365178,0.7050803231316669
2477,-0.32516702472997744,-0.13396945258549434,0.5440072532571922
2478,-0.32516702472943404,-0.13396945301841406,0.5440072532564648
2479,-0.3251670247297057,-0.13396945258549434,0.5440072532571922
2480,-0.32516702472997744,-0.13396945258548265,0.5440072532571922
2481,-0.3251670247297057,-0.13396945258549434,0.5440072532571922
2482,-0.32516702470851294,-0.13396945301841795,0.5440072532564648
2483,-0.32516702472997744,-0.13396945258549045,0.5440072532571922
2484,-0.3251670247297057,-0.13396945258549434,0.5440072532571922
2485,-0.3251670247297057,-0.13396945258548265,0.5440072532571922
2486,-0.32516702472997744,-0.13396945301842575,0.5440072532564648
2487,-0.32516702472943404,-0.13396945258548654,0.5440072532571922
2488,0.04465858813628411,0.14815323528949595,-0.11519919937910422
2489,0.04465858811481964,0.14815323485656065,-0.11519919937910422
2490,0.04465858813655581,0.14815323528948815,-0.11519919937910422
2491,0.04465858813655581,0.14815323528949595,-0.11519919937983161
2492,0.04465858811481964,0.14815323485656454,-0.11519919937910422
2493,0.044658588136827514,0.14815323528949204,-0.11519919937910422
2494,0.04465858813628411,0.14815323528949204,-0.11519919937910422
2495,0.044658588115091345,0.14815323485656842,-0.11519919937910422
2496,0.04465858813655581,0.14815323528948815,-0.11519919937910422
2497,0.04465858813655581,0.14815323528949595,-0.11519919937910422
2498,0.044658588115091345,0.14815323485656065,-0.11519919937910422
2499,0.04465858813655581,0.14815323528949595,-0.11519919937983161
2500,0.04465858813628411,0.14815323528949595,-0.11519919937910422
2501,0.04465858811481964,0.14815323485656065,-0.11519919937910422
2502,0.04465858813655581,0.14815323528949595,-0.11519919937910422
2503,-0.3251670247297057,-0.03980546651777617,0.13685032662861338
2504,-0.32516702472997744,-0.03980546651777617,0.13685032662861338
2505,-0.32516702472997744,-0.03980546695070367,0.13685032662934077
2506,-0.3251670247297057,-0.03980546651776838,0.13685032662861338
2507,-0.32516702472943404,-0.03980546651776838,0.13685032662861338
2508,-0.32516702470851294,-0.03980546651777617,0.13685032662861338
2509,-0.3251670247297057,-0.03980546651776838,0.13685032662861338
2510,-0.3251670247297057,-0.03980546651777617,0.13685032662861338
2511,-0.3251670247302491,-0.03980546695070367,0.13685032662934077
2512,-0.3251670247297057,-0.03980546651776838,0.13685032662861338
2513,-0.3251670247297057,-0.03980546651777617,0.13685032662861338
2514,-0.5364959463706358,-0.050883582423874966,-1.608107930349348
2515,-0.4396368572757792,-0.10746110365555729,0.33419679616803866
2516,-0.43963685727523577,-0.10746110365556508,0.33419679616803866
2517,-0.4396368572755075,-0.1074611036555495,0.33419679616803866
2518,-0.43963685729697194,-0.10746110365556508,0.3341967961673113
2519,-0.4396368572757792,-0.10746110365555339,0.33419679616803866
2520,-0.43963685727523577,-0.10746110365556508,0.33419679616803866
2521,-0.4396368572757792,-0.10746110365556118,0.33419679616803866
2522,-0.43963685727523577,-0.10746110365556118,0.33419679616803866
2523,-0.4396368572755075,-0.10746110365555339,0.33419679616803866
2524,-0.4396368572755075,-0.10746110365556118,0.33419679616803866
2525,-0.43963685729697194,-0.10746110365555729,0.3341967961673113
2526,-0.43963685727523577,-0.10746110365556118,0.33419679616803866
2527,-0.4396368572755075,-0.10746110365556118,0.33419679616803866
2528,-0.4396368572755075,-0.10746110365555339,0.33419679616803866
2529,-0.11553144380257925,-0.022762210944596722,-0.13160478982908688
2530,-0.11553144382377202,-0.02276221137752423,-0.13160478982981427
2531,-0.11553144380203585,-0.02276221094459283,-0.13160478982908688
2532,-0.11553144382404372,-0.02276221137752423,-0.13160478982981427
2533,-0.11553144380230755,-0.022762210944596722,-0.13160478982908688
2534,-0.11553144382377202,-0.02276221137752034,-0.13160478982981427
2535,-0.11553144380230755,-0.022762210944596722,-0.13160478982908688
2536,-0.11553144382404372,-0.02276221137752423,-0.13160478982981427
2537,-0.11553144380230755,-0.022762210944588936,-0.13160478982908688
2538,-0.11553144382377202,-0.022762211377528124,-0.13160478982981427
2539,-0.11553144380230755,-0.022762210944596722,-0.13160478982908688
2540,-0.11553144382404372,-0.022762211377516443,-0.13160478982981427
2541,-0.11553144380203585,-0.022762210944596722,-0.13160478982908688
2542,-0.17886238666750706,-0.004014630247029563,0.11447906692356255
2543,-0.17886238668924323,-0.004014630247029563,0.11447906692428994
2544,-0.17886238666723536,-0.004014630247029563,0.11447906692356255
2545,-0.17886238668897153,-0.00401463024702567,0.11447906692428994
2546,-0.17886238666696366,-0.00401463024702567,0.11447906692356255
2547,-0.17886238666750706,-0.004014630247029563,0.11447906692428994
2548,-0.17886238668869983,-0.004014629814098161,0.11447906692356255
2549,-0.17886238666750706,-0.00401463024702567,0.11447906692428994
2550,-0.17886238666723536,-0.004014630247033457,0.11447906692356255
2551,-0.17886238668924323,-0.00401463024702567,0.11447906692428994
2552,-0.17886238666750706,-0.004014630247029563,0.11447906692356255
2553,-0.17886238668869983,-0.00401463024702567,0.11447906692428994
2554,-0.17886238666750706,-0.00401463024702567,0.11447906692356255
2555,-0.06603751367697723,0.10144051236733732,-0.008562861452762171
2556,-0.06603751367752063,0.10144051280026874,-0.008562861452762171
2557,-0.06603751367752063,0.10144051280026874,-0.008562861452762171
2558,-0.06603751367752063,0.10144051236733732,-0.008562861452762171
2559,-0.06603751367752063,0.10144051236733732,-0.008562861452762171
2560,-0.06603751367752063,0.10144051280026874,-0.008562861452762171
2561,-0.06603751367752063,0.10144051280026874,-0.008562861452762171
2562,-0.06603751367752063,0.10144051236733732,-0.008562861452762171
2563,-0.06603751367752063,0.10144051280026874,-0.008562861452762171
2564,-0.06603751367752063,0.10144051236734122,-0.008562861452762171
2565,-0.06603751367752063,0.10144051280026484,-0.008562861452762171
2566,-0.06603751367724893,0.10144051236734122,-0.008562861452762171
2567,-0.06603751367752063,0.10144051236733732,-0.008562861452762171
2568,-0.06603751367752063,0.10144051280027652,-0.008562861452762171
2569,-0.11879112470622598,0.2080673791541084,0.19138027215931105
2570,-0.11879112468503322,0.20806737958705146,0.19138027215931105
2571,-0.11879112468530492,0.20806737915412007,0.19138027215931105
2572,-0.11879112470622598,0.20806737915411616,0.19138027215931105
2573,-0.11879112470649768,0.20806737915411616,0.19138027215931105
2574,-0.11879112468503322,0.20806737915411616,0.19138027215931105
2575,-0.11879112468476152,0.20806737958705146,0.19138027215931105
2576,-0.11879112470649768,0.20806737915411616,0.19138027215931105
2577,-0.38797867643741557,0.08722359694007417,-0.22183553730544628
2578,-0.3879786764376873,0.08722359694007417,-0.22183553730617367
2579,-0.3879786764376873,0.08722359737300947,-0.22183553730544628
2580,-0.3879786764371439,0.08722359694008196,-0.22183553730544628
2581,-0.387978676437959,0.08722359694008196,-0.22183553730544628
2582,-0.38797867643741557,0.08722359694007417,-0.22183553730617367
2583,-0.3879786764376873,0.08722359694007417,-0.22183553730544628
2584,-0.38797867641595113,0.08722359737300947,-0.22183553730544628
2585,-0.38797867643741557,0.08722359694008196,-0.22183553730544628
2586,-0.387978676437959,0.08722359694008196,-0.22183553730617367
2587,-0.38797867643741557,0.08722359694007417,-0.22183553730544628
2588,-0.38797867643741557,0.08722359694007417,-0.22183553730544628
2589,-0.38797867643741557,0.08722359737300947,-0.22183553730544628
2590,-0.387978676437959,0.08722359694007417,-0.22183553730617367
2591,-0.38797867643741557,0.08722359694008196,-0.22183553730544628
2592,-0.17085288507266957,-0.07525543793680689,0.15139164543675093
2593,-0.17085288507212618,-0.07525543750388716,0.15139164543675093
2594,-0.17085288509440574,-0.07525543793680689,0.15139164543747832
2595,-0.17085288507239788,-0.07525543793681468,0.15139164543675093
2596,-0.17085288507266957,-0.07525543793681468,0.15139164543675093
2597,-0.17085288507266957,-0.07525543750387159,0.15139164543675093
2598,-0.17085288507266957,-0.07525543793681468,0.15139164543675093
2599,-0.17085288509386234,-0.07525543793681468,0.15139164543747832
2600,-0.17085288507266957,-0.07525543750387938,0.15139164543675093
2601,-0.17085288507266957,-0.07525543793681468,0.15139164543675093
2602,-0.17085288507239788,-0.07525543793680689,0.15139164543675093
2603,-0.17085288507266957,-0.07525543750387938,0.15139164543675093
2604,-0.17085288509440574,-0.07525543793680689,0.15139164543747832
2605,-0.17085288507212618,-0.07525543793681468,0.15139164543675093
2606,-0.17085288507266957,-0.07525543750388716,0.15139164543675093
2607,-0.17085288507266957,-0.07525543793680689,0.15139164543675093
2608,-0.17085288507239788,-0.07525543793680689,0.15139164543675093
2609,-0.17085288509413404,-0.07525543793681468,0.15139164543747832
2610,-0.17085288507266957,-0.07525543750388716,0.15139164543675093
2611,-0.17085288507239788,-0.07525543793680689,0.15139164543675093
2612,-0.0952489849871459,-0.477391049138055,1.1644368557377278
2613,-0.0952489849868742,-0.4773910491380589,1.1644368557384552
2614,-0.0952489849868742,-0.4773910487051275,1.1644368557377278
2615,-0.0952489849866025,-0.477391049138055,1.1644368557384552
2616,-0.0952489849868742,-0.4773910491380628,1.1644368557377278
2617,-0.0952489849866025,-0.477391049138055,1.1644368557384552
2618,-0.0952489849868742,-0.4773910487051236,1.1644368557377278
2619,-0.0952489849868742,-0.477391049138055,1.1644368557384552
2620,-0.0952489849866025,-0.477391049138055,1.1644368557377278
2621,-0.43694632703740865,0.10821047228014456,0.16916436842495952
2622,-0.4369463270156725,0.10821047228014456,0.16916436842423213
2623,-0.43694632703713693,0.10821047271307986,0.16916436842495952
2624,-0.4369463270159442,0.10821047228014456,0.16916436842423213
2625,-0.43694632703686526,0.10821047228014456,0.16916436842495952
2626,-0.4369463270156725,0.10821047228015235,0.16916436842423213
2627,-0.43694632703713693,0.10821047271307986,0.16916436842495952
2628,-0.4369463270159442,0.10821047228014456,0.16916436842423213
2629,-0.43694632703686526,0.10821047228014456,0.16916436842495952
2630,-0.43694632703740865,0.10821047228015235,0.16916436842495952
2631,-0.43694632701540076,0.10821047228014456,0.16916436842423213
2632,-0.43694632703740865,0.10821047271307208,0.16916436842495952
2633,-0.4369463270156725,0.10821047228015235,0.16916436842423213
2634,-0.43694632703713693,0.10821047228014456,0.16916436842495952
2635,-0.43694632701540076,0.10821047228014456,0.16916436842423213
2636,-0.43694632703740865,0.10821047271307986,0.16916436842495952
2637,-0.4369463270156725,0.10821047228014456,0.16916436842423213
2638,-0.43694632703713693,0.10821047228014456,0.16916436842495952
2639,-0.6471920481635196,-0.2902500178379364,0.42559937153368255
2640,-0.6471920481632478,-0.2902500178379481,0.4255993715329552
2641,-0.6471920481844406,-0.29025001783794424,0.42559937153368255
2642,-0.6471920481635196,-0.29025001783794036,0.42559937153368255
2643,-0.6471920481632478,-0.29025001783794424,0.42559937153368255
2644,-0.6471920481632478,-0.29025001783794424,0.4255993715329552
2645,-0.6471920481847123,-0.29025001783794424,0.42559937153368255
2646,-0.6471920481635196,-0.29025001783794036,0.42559937153368255
2647,-0.6471920481627045,-0.29025001783794424,0.4255993715329552
2648,-0.6471920481635196,-0.2902500178379481,0.42559937153368255
2649,-0.6471920481632478,-0.2902500178379364,0.42559937153368255
2650,-0.6471920481847123,-0.2902500178379481,0.42559937153368255
2651,-0.6471920481632478,-0.29025001783794424,0.4255993715329552
2652,-0.6471920481635196,-0.29025001783794424,0.42559937153368255
2653,0.11730290493664136,-0.059587816659330495,0.42559937153368255
2654,0.11730290493664136,-0.0595878166593266,0.4255993715329552
2655,0.11730290495756242,-0.059587816659330495,0.42559937153368255
2656,0.11730290493664136,-0.05958781622640299,0.42559937153368255
2657,0.11730290493664136,-0.05958781665933439,0.4255993715329552
2658,0.11730290493636966,-0.059587816659330495,0.42559937153368255
2659,0.11730290495810583,-0.059587816659330495,0.4255993715329552
2660,0.11730290493609795,-0.0595878166593266,0.42559937153368255
2661,0.11730290493664136,-0.05958781665933829,0.42559937153368255
2662,0.11730290493664136,-0.059587816659330495,0.4255993715329552
2663,0.11730290493609795,-0.0595878162263952,0.42559937153368255
2664,0.11730290495837753,-0.05958781665933439,0.42559937153368255
2665,0.11730290493636966,-0.059587816659330495,0.4255993715329552
2666,0.11730290493636966,-0.05958781665933829,0.42559937153368255
2667,-0.1974891345802081,-0.3311599177921424,0.6312551661060176
2668,-0.1974891345799364,-0.33115991779214626,0.6312551661060176
2669,-0.19748913455901532,-0.3311599173592226,0.6312551661052902
2670,-0.1974891345802081,-0.33115991779215015,0.6312551661060176
2671,-0.1974891345802081,-0.33115991779215015,0.6312551661060176
2672,-0.13788354128901734,-0.10712632538242757,0.5820383947553422
2673,-0.13788354128956073,-0.10712632538243536,0.5820383947553422
2674,-0.1378835413104818,-0.10712632538243146,0.5820383947553422
2675,-0.13788354128928904,-0.10712632538243146,0.5820383947546148
2676,-0.13788354128901734,-0.10712632538243146,0.5820383947553422
2677,-0.13788354128901734,-0.10712632538243146,0.5820383947553422
2678,-0.1378835413110252,-0.10712632581535897,0.5820383947553422
2679,-0.13788354128928904,-0.10712632538243536,0.5820383947553422
2680,-0.13788354128901734,-0.10712632538242757,0.5820383947553422
2681,-0.13788354128901734,-0.10712632538243536,0.5820383947546148
2682,-0.1378835413104818,-0.10712632538242757,0.5820383947553422
2683,-0.13788354128928904,-0.10712632538243536,0.5820383947553422
2684,-0.13788354128956073,-0.10712632538243146,0.5820383947553422
2685,0.06460016530085844,0.006461959042717136,0.08552802495283376
2686,0.06460016527939398,0.006461959042717136,0.08552802495283376
2687,0.06460016530058674,0.006461959475648539,0.08552802495283376
2688,0.06460016530031504,0.006461959042717136,0.08552802495283376
2689,0.06460016530085844,0.006461959042717136,0.08552802495356115
2690,0.06460016527939398,0.006461959042717136,0.08552802495283376
2691,0.06460016530031504,0.006461959475648539,0.08552802495283376
2692,0.06460016530113015,0.006461959042717136,0.08552802495283376
2693,0.06460016527885057,0.006461959042713242,0.08552802495283376
2694,0.06460016530058674,0.006461959042717136,0.08552802495283376
2695,0.06460016530085844,0.006461959475652432,0.08552802495283376
2696,0.06460016527912227,0.006461959042713242,0.08552802495283376
2697,0.06460016530031504,0.006461959042717136,0.08552802495356115
2698,0.06460016530085844,0.00646195904272103,0.08552802495283376
2699,0.06460016530031504,0.006461959475644646,0.08552802495283376
2700,0.06460016527966568,0.00646195904272103,0.08552802495283376
2701,0.06460016530058674,0.006461959042713242,0.08552802495283376
2702,-0.20003805796296945,-0.04446993650968531,0.22715956975325718
2703,-0.2000380579841622,-0.0444699365096892,0.2271595697525298
2704,-0.20003805796296945,-0.0444699365096892,0.22715956975325718
2705,-0.2000380579841622,-0.04446993650968531,0.22715956975325718
2706,-0.20003805796269772,-0.044469936076757796,0.2271595697525298
2707,-0.2000380579844339,-0.04446993650968531,0.22715956975325718
2708,-0.20003805796269772,-0.044469936509693095,0.22715956975325718
2709,-0.20003805796296945,-0.04446993650968531,0.2271595697525298
2710,-0.2000380579841622,-0.04446993650968531,0.22715956975325718
2711,-0.20003805796242602,-0.0444699365096892,0.22715956975325718
2712,-0.2000380579844339,-0.04446993650968531,0.22715956975325718
2713,-0.20003805796296945,-0.0444699365096892,0.2271595697525298
2714,-0.20003805796269772,-0.0444699365096892,0.22715956975325718
2715,-0.2000380579841622,-0.04446993650968531,0.22715956975325718
2716,-0.20003805796296945,-0.044469936076757796,0.2271595697525298
2717,-0.2000380579841622,-0.0444699365096892,0.22715956975325718
2718,-0.20003805796269772,-0.04446993650968531,0.22715956975325718
2719,-0.2000380579844339,-0.0444699365096892,0.2271595697525298
2720,-0.20003805796269772,-0.0444699365096892,0.22715956975325718
2721,-0.14905959003277977,-0.18797526816889315,0.5246188281796755
2722,-0.14905959003250807,-0.18797526816889315,0.5246188281789481
2723,-0.14905959003223637,-0.18797526816889315,0.5246188281796755
2724,-0.14905959003277977,-0.18797526860182456,0.5246188281796755
2725,-0.14905959003250807,-0.18797526816889315,0.5246188281789481
2726,-0.14905959005424424,-0.18797526816889704,0.5246188281796755
2727,-0.14905959003250807,-0.18797526816889315,0.5246188281796755
2728,-0.14905959003250807,-0.18797526816889704,0.5246188281789481
2729,-0.14905959003277977,-0.18797526860182065,0.5246188281796755
2730,-0.14905959003277977,-0.18797526816889315,0.5246188281796755
2731,-0.14905959003223637,-0.18797526816889315,0.5246188281789481
2732,-0.14905959003277977,-0.18797526816889315,0.5246188281796755
2733,0.04025590226865718,-0.13396945258549434,0.9511641798850438
2734,0.040255902246921015,-0.13396945258548654,0.9511641798857712
2735,0.04025590226865718,-0.13396945301842184,0.9511641798850438
2736,0.04025590226865718,-0.13396945258548654,0.9511641798850438
2737,0.04025590226838548,-0.13396945258549045,0.9511641798850438
2738,0.040255902246921015,-0.13396945258549045,0.9511641798857712
2739,0.04025590226865718,-0.13396945258549045,0.9511641798850438
2740,0.04025590226838548,-0.13396945258549045,0.9511641798850438
2741,0.04025590226865718,-0.13396945301841795,0.9511641798850438
2742,0.040255902247192714,-0.13396945258549434,0.9511641798857712
2743,0.04025590226838548,-0.13396945258549045,0.9511641798850438
2744,0.020443815862705803,-0.17274285868977154,-0.008562861452762171
2745,0.020443815862705803,-0.17274285868977154,-0.008562861452762171
2746,0.020443815862705803,-0.17274285868977543,-0.008562861452762171
2747,0.020443815841241338,-0.17274285868977154,-0.008562861452762171
2748,0.020443815862705803,-0.17274285912269904,-0.008562861452762171
2749,0.0204438158624341,-0.17274285868977543,-0.008562861452762171
2750,0.020443815862977506,-0.17274285868977154,-0.008562861452762171
2751,0.020443815862705803,-0.17274285868977543,-0.008562861452762171
2752,-0.01991413792722534,-0.1981302078216383,0.25802798336309296
2753,-0.019914137926953637,-0.1981302082545736,0.2580279833638204
2754,-0.01991413792722534,-0.1981302078216422,0.25802798336309296
2755,-0.019914137926953637,-0.19813020782164026,0.25802798336309296
2756,-0.019914137926953637,-0.1981302078216422,0.2580279833638204
2757,-0.019914137926953637,-0.19813020782164026,0.25802798336309296
2758,-0.019914137905760874,-0.1981302082545736,0.25802798336309296
2759,-0.019914137926953637,-0.19813020782164026,0.2580279833638204
2760,-0.019914137926953637,-0.1981302078216422,0.25802798336309296
2761,-0.01991413792722534,-0.19813020825457164,0.25802798336309296
2762,-0.019914137926953637,-0.1981302078216383,0.2580279833638204
2763,-0.019914137926953637,-0.19813020782164414,0.25802798336309296
2764,-0.11100780503998164,-0.14227803973153025,0.5398525907403737
2765,-0.11100780503998164,-0.1422780397315322,0.5398525907403737
2766,-0.11100780504025334,-0.1422780397315283,0.5398525907403737
2767,-0.11100780501851717,-0.14227803929860078,0.5398525907403737
2768,-0.11100780504025334,-0.14227803973153025,0.5398525907403737
2769,-0.11100780503970994,-0.1422780397315283,0.5398525907403737
2770,-0.11100780504025334,-0.14227803973153413,0.5398525907396463
2771,-0.11100780504025334,-0.14227803973153025,0.5398525907403737
2772,-0.11100780503998164,-0.1422780397315283,0.5398525907403737
2773,-0.11100780503998164,-0.14227803973153025,0.5398525907403737
2774,-0.11100780501851717,-0.14227803929860078,0.5398525907403737
2775,-0.11100780504052504,-0.14227803973153025,0.5398525907403737
2776,-0.11100780503970994,-0.1422780397315322,0.5398525907403737
2777,-0.11100780504025334,-0.14227803973153025,0.5398525907403737
2778,-0.10063004548480806,0.010046055492611507,1.4310277005543104
2779,-0.10063004550654422,0.010046055492611507,1.4310277005543104
2780,-0.048741247773605216,-0.059587816659330495,0.562703234581421
2781,-0.048741247773876915,-0.059587816659332445,0.5627032345821483
2782,-0.048741247773605216,-0.05958781665932855,0.562703234581421
2783,-0.04874124775214075,-0.05958781622640299,0.5627032345821483
2784,-0.04874124777414862,-0.059587816659330495,0.562703234581421
2785,-0.048741247773605216,-0.059587816659330495,0.5627032345821483
2786,-0.048741247773876915,-0.059587816659330495,0.562703234581421
2787,-0.048741247773605216,-0.05958781665933439,0.562703234581421
2788,-0.048741247773876915,-0.05958781665932855,0.5627032345821483
2789,-0.048741247773605216,-0.059587816659332445,0.562703234581421
2790,-0.04874124775241245,-0.059587816226399096,0.5627032345821483
2791,-0.04874124777333351,-0.05958781665933439,0.562703234581421
2792,-0.048741247773876915,-0.05958781665932855,0.5627032345821483
2793,-0.048741247773876915,-0.059587816659332445,0.562703234581421
2794,-0.11446705822494893,-0.007362412545373995,0.19709293311957285
2795,-0.11446705820375618,-0.007362412545373995,0.19709293311957285
2796,-0.11446705822522064,-0.007362412545373995,0.19709293311957285
2797,-0.11446705822522064,-0.007362412545373995,0.19709293311957285
2798,-0.11446705822494893,-0.007362412545373995,0.19709293311957285
2799,-0.11446705820375618,-0.007362412545373995,0.19709293311957285
2800,-0.11446705822522064,-0.0073624121124445385,0.19709293312030024
2801,-0.11446705822467723,-0.007362412545373995,0.19709293311957285
2802,-0.11446705820402787,-0.007362412545375942,0.19709293311957285
2803,-0.11446705822494893,-0.007362412545373995,0.19709293311957285
2804,-0.11446705822522064,-0.007362412545370102,0.19709293311957285
2805,-0.11446705822522064,-0.007362412545373995,0.19709293311957285
2806,-0.11446705820348448,-0.007362412545375942,0.19709293311957285
2807,-0.11446705822494893,-0.007362412545375942,0.19709293311957285
2808,-0.10063004548507976,-0.21844008712713445,1.191095940219677
2809,-0.10063004548507976,-0.2184400875600678,1.191095940219677
2810,-0.10063004550627253,-0.2184400871271364,1.191095940219677
2811,-0.10063004548507976,-0.21844008712713445,1.191095940219677
2812,-0.06603751367752063,-0.233672496606258,0.5170019468993264
2813,-0.06603751367724893,-0.2336724970391894,0.517001946898599
2814,-0.06603751367779233,-0.233672496606258,0.5170019468993264
2815,-0.06603751367724893,-0.23367249703918552,0.517001946898599
2816,-0.06603751367752063,-0.233672496606258,0.5170019468993264
2817,-0.06603751367752063,-0.2336724970391894,0.517001946898599
2818,-0.06603751367752063,-0.23367249660625605,0.5170019468993264
2819,-0.06603751367752063,-0.233672496606258,0.5170019468993264
2820,-0.06603751367752063,-0.23367249703918747,0.517001946898599
2821,-0.06603751367752063,-0.233672496606258,0.5170019468993264
2822,-0.06603751367724893,-0.23367249703918844,0.517001946898599
2823,-0.06603751367752063,-0.23367249660625605,0.5170019468993264
2824,-0.06603751367724893,-0.2336724970391894,0.517001946898599
2825,-0.06603751367752063,-0.23367249660625702,0.5170019468993264
2826,-0.08301930203467801,-0.1782819166428219,0.8348336294199433
2827,-0.08301930201321354,-0.17828191664282386,0.8348336294199433
2828,-0.08301930203467801,-0.17828191707575428,0.8348336294199433
2829,-0.08301930201294185,-0.17828191664282386,0.8348336294199433
2830,-0.08301930203467801,-0.1782819166428219,0.8348336294199433
2831,-0.08301930201294185,-0.17828191664282286,0.8348336294199433
2832,-0.08301930203440631,-0.17828191664282386,0.8348336294199433
2833,-0.08301930201321354,-0.17828191664282286,0.8348336294199433
2834,-0.08301930203440631,-0.17828191707575428,0.8348336294199433
2835,-0.08301930201348524,-0.17828191664282286,0.8348336294199433
2836,-0.08301930203440631,-0.17828191664282286,0.8348336294199433
2837,-0.1534622759006784,-0.20597720684100615,0.6894204413385678
2838,-0.1534622759004067,-0.20597720684100518,0.6894204413385678
2839,-0.1534622759004067,-0.20597720640807474,0.6894204413385678
2840,-0.1534622759006784,-0.20597720684100615,0.6894204413385678
2841,-0.1534622759006784,-0.20597720684100518,0.6894204413385678
2842,-0.1534622759004067,-0.20597720684100615,0.6894204413378404
2843,-0.1534622759006784,-0.20597720684100565,0.6894204413385678
2844,-0.1534622759004067,-0.20597720684100565,0.6894204413385678
2845,-0.1534622759006784,-0.20597720640807426,0.6894204413385678
2846,-0.1534622759004067,-0.20597720684100565,0.6894204413385678
2847,-0.1534622759009501,-0.20597720684100565,0.6894204413385678
2848,-0.06430788708462942,-0.047075480054092615,0.4713006592165045
2849,-0.06430788708490114,-0.047075480487024014,0.4713006592157771
2850,-0.06430788708517284,-0.04707548005409213,0.4713006592165045
2851,-0.06430788710636559,-0.047075480487024014,0.4713006592157771
2852,-0.06430788708490114,-0.047075480054092615,0.4713006592165045
2853,-0.06430788708490114,-0.047075480054092615,0.4713006592157771
2854,-0.06430788708517284,-0.047075480487024014,0.4713006592165045
2855,-0.06430788708490114,-0.047075480054092615,0.4713006592165045
2856,-0.06430788708490114,-0.04707548005409213,0.4713006592157771
2857,-0.06430788708462942,-0.04707548048702353,0.4713006592165045
2858,-0.06430788708517284,-0.0470754800540931,0.4713006592157771
2859,-0.06430788708517284,-0.04707548005409213,0.4713006592165045
2860,-0.06430788710636559,-0.047075480487024014,0.4713006592157771
2861,-0.06430788708517284,-0.047075480054092615,0.4713006592165045
2862,-0.06430788708462942,-0.04707548048702353,0.4713006592157771
2863,-0.06430788708490114,-0.047075480054092615,0.4713006592165045
2864,-0.05660318682701454,-0.16166474278367224,0.4276767027920918
2865,-0.05660318680500667,-0.16166474278367224,0.42767670279136444
2866,-0.05660318682701454,-0.16166474235074085,0.4276767027920918
2867,-0.056603186826471134,-0.16166474278367274,0.42767670279136444
2868,-0.05660318680527837,-0.16166474278367177,0.4276767027920918
2869,-0.05660318682674284,-0.16166474278367224,0.42767670279136444
2870,-0.05660318680527837,-0.16166474278367224,0.4276767027920918
2871,-0.05660318682701454,-0.16166474278367238,0.42767670279136444
2872,-0.056603186826471134,-0.16166474235074096,0.4276767027920918
2873,-0.05660318680527837,-0.16166474278367224,0.42767670279136444
2874,-0.05660318682674284,-0.16166474278367213,0.4276767027920918
2875,-0.0314449818699615,-0.17274285868977282,0.6541058099470648
2876,-0.03144498184876874,-0.17274285868977277,0.6541058099477922
2877,-0.0314449818699615,-0.17274285868977277,0.6541058099470648
2878,-0.0314449818699615,-0.17274285868977277,0.6541058099470648
2879,-0.03144498184849704,-0.17274285868977277,0.6541058099470648
2880,-0.0314449818699615,-0.17274285868977282,0.6541058099477922
2881,-0.0314449818702332,-0.17274285868977274,0.6541058099470648
2882,-0.03144498184849704,-0.1727428591227039,0.6541058099470648
2883,-0.0314449818702332,-0.17274285868977263,0.6541058099477922
2884,-0.031444981848225334,-0.17274285868977274,0.6541058099470648
2885,-0.0314449818699615,-0.172742858689773,0.6541058099470648
2886,-0.0314449818702332,-0.17274285868977274,0.6541058099470648
2887,-0.03144498184849704,-0.172742858689773,0.6541058099477922
2888,-0.0314449818699615,-0.17274285868977274,0.6541058099470648
2889,-0.15597809640244265,-0.08570051849984427,0.5398525907403737
2890,-0.15597809640298607,-0.08570051849984427,0.5398525907403737
2891,-0.1559780963809782,-0.08570051893277543,0.5398525907403737
2892,-0.15597809640271434,-0.08570051849984402,0.5398525907403737
2893,-0.15597809640298607,-0.08570051849984402,0.5398525907403737
2894,-0.15597809640244265,-0.0857005184998445,0.5398525907403737
2895,-0.15597809640271434,-0.08570051893277592,0.5398525907403737
2896,-0.1559780963809782,-0.0857005184998445,0.5398525907403737
2897,-0.15597809640271434,-0.08570051849984353,0.5398525907403737
2898,-0.15597809640271434,-0.08570051849984402,0.5398525907403737
2899,-0.15597809640298607,-0.0857005184998445,0.5398525907403737
2900,-0.1559780963812499,-0.08570051893277592,0.5398525907403737
2901,-0.15597809640217095,-0.0857005184998445,0.5398525907403737
2902,-0.15597809640298607,-0.08570051849984353,0.5398525907403737
2903,-0.04182274140367062,-0.11616533789101768,0.19709293311957285
2904,-0.04182274140339892,-0.11616533745808677,0.19709293311957285
2905,-0.04182274140394233,-0.11616533745808628,0.19709293311957285
2906,-0.041822741424863384,-0.11616533789101768,0.19709293311957285
2907,-0.04182274140367062,-0.11616533789101768,0.19709293311957285
2908,-0.04182274140394233,-0.11616533745808628,0.19709293311957285
2909,-0.04182274140367062,-0.1161653374580858,0.19709293311957285
2910,-0.04182274140367062,-0.11616533789101866,0.19709293312030024
2911,-0.04182274140339892,-0.1161653378910172,0.19709293311957285
2912,-0.04182274140367062,-0.11616533745808628,0.19709293311957285
2913,-0.041822741424863384,-0.11616533745808628,0.19709293311957285
2914,-0.04182274140394233,-0.11616533789101768,0.19709293311957285
2915,-0.04182274140394233,-0.11616533789101768,0.19709293311957285
2916,-0.04182274140339892,-0.11616533745808726,0.19709293311957285
2917,0.06887336041040582,-0.08642587120848785,0.7645505885135815
2918,0.06887336038894135,-0.08642587164142024,0.7645505885143088
2919,0.06887336038866965,-0.08642587164141927,0.7645505885143088
2920,0.06887336041013412,-0.08642587120848981,0.7645505885135815
2921,0.06887336041040582,-0.08642587120848785,0.7645505885135815
2922,0.06887336038866965,-0.08642587164142121,0.7645505885143088
2923,0.06887336038921305,-0.08642587164141927,0.7645505885143088
2924,0.06887336041013412,-0.08642587120848882,0.7645505885135815
2925,0.06887336041040582,-0.08642587120848785,0.7645505885135815
2926,0.06887336038839795,-0.08642587164142121,0.7645505885143088
2927,0.06887336038921305,-0.08642587164141927,0.7645505885143088
2928,0.06887336041013412,-0.08642587120848882,0.7645505885135815
2929,0.06887336041040582,-0.08134840181504571,1.5909822074438236
2930,0.06887336038921305,-0.08134840181504668,1.5909822074438236
2931,0.14151767720994796,-0.05088358242387302,1.5270004046880183
2932,0.14151767721021966,-0.05088358242387302,1.5270004046880183
2933,0.14151767723195582,-0.05088358285680247,1.527000404687291
2934,0.14151767721049135,-0.05088358242387399,1.5270004046880183
2935,0.14151767720994796,-0.05088358242387399,1.5270004046880183
2936,0.1536250633365483,0.050665814103601846,0.49795974369772633
2937,0.15362506335801274,0.050665814536533245,0.49795974369772633
2938,0.15362506333627657,0.050665814103599896,0.49795974369772633
2939,0.15362506335801274,0.050665814103601846,0.4979597436984537
2940,0.15362506333682,0.050665814103601846,0.49795974369772633
2941,0.15362506333627657,0.050665814103599896,0.49795974369772633
2942,0.15362506335801274,0.050665814536533245,0.49795974369772633
2943,0.15362506333627657,0.050665814103599896,0.49795974369772633
2944,0.15362506335828446,0.050665814103601846,0.4979597436984537
2945,0.15362506333627657,0.05066581453653227,0.49795974369772633
2946,0.15362506335801274,0.050665814103601846,0.49795974369772633
2947,0.1536250633365483,0.050665814103599896,0.49795974369772633
2948,0.1327123054741507,0.02112417139871128,0.39859406517581675
2949,0.13271230547469412,0.02112417139871225,0.39859406517508933
2950,0.13271230549561516,0.021124171831643654,0.39859406517581675
2951,0.13271230547442242,0.02112417139871225,0.39859406517508933
2952,0.1327123054741507,0.02112417139871225,0.39859406517581675
2953,0.13271230547442242,0.02112417139871128,0.39859406517508933
2954,0.13271230547469412,0.021124171398713226,0.39859406517581675
2955,0.1327123054741507,0.02112417139871225,0.39859406517508933
2956,0.13271230549588686,0.021124171831642682,0.39859406517581675
2957,0.13271230547442242,0.02112417139871225,0.39859406517508933
2958,0.1327123054741507,0.02112417139871225,0.39859406517581675
2959,0.2262693801580983,-0.11181322077328895,0.39132340577138425
2960,0.2262693801580983,-0.11181322034035657,0.39132340577138425
2961,0.2262693801578266,-0.11181322077328895,0.39132340577138425
2962,0.2262693801578266,-0.11181322077328701,0.39132340577138425
2963,0.2262693801578266,-0.1118132203403595,0.39132340577138425
2964,0.22626938015837,-0.11181322077328798,0.39132340577138425
2965,0.2262693801578266,-0.11181322077328798,0.39132340577138425
2966,0.2262693801578266,-0.11181322034035657,0.39132340577138425
2967,0.2262693801578266,-0.11181322077328895,0.39132340577138425
2968,0.2262693801578266,-0.11181322077328895,0.39132340577138425
2969,0.22626938015837,-0.11181322034035755,0.39132340577138425
2970,0.2262693801578266,-0.11181322077328701,0.39132340577138425
2971,0.015600861395057123,-0.13618507585329628,0.2900188847409956
2972,0.015600861416249886,-0.13618507585329628,0.290018884741723
2973,0.015600861395057123,-0.1361850758532953,0.2900188847409956
2974,0.015600861416521589,-0.13618507585329628,0.2900188847409956
2975,0.015600861395057123,-0.13618507585329628,0.290018884741723
2976,0.015600861416521589,-0.1361850758532953,0.2900188847409956
2977,0.015600861395328826,-0.13618507585329628,0.2900188847409956
2978,0.015600861416249886,-0.13618507628622673,0.290018884741723
2979,0.015600861395057123,-0.13618507585329725,0.2900188847409956
2980,0.015600861416249886,-0.1361850758532953,0.2900188847409956
2981,0.015600861395057123,-0.1361850758532953,0.290018884741723
2982,0.015600861416793291,-0.13618507585329725,0.2900188847409956
2983,0.015600861395057123,-0.1361850758532953,0.2900188847409956
2984,0.015600861416521589,-0.1361850758532953,0.290018884741723
2985,0.015600861394785422,-0.13618507585329725,0.2900188847409956
2986,0.1475713702841162,-0.08896460655460652,0.7912096729955307
2987,0.1475713702841162,-0.08896460612167512,0.7912096729955307
2988,0.14757137026292344,-0.08896460655460457,0.7912096729955307
2989,0.1475713702838445,-0.08896460655460847,0.7912096729955307
2990,0.1475713702841162,-0.08896460612167512,0.7912096729955307
2991,0.14757137026292344,-0.08896460655460652,0.7912096729955307
2992,0.1475713702838445,-0.08896460612167512,0.7912096729955307
2993,0.1475713702843879,-0.08896460655460847,0.7912096729955307
2994,0.09681348225799287,-0.07431805894522518,0.5820383947553422
2995,0.09681348223652841,-0.07431805851229767,0.5820383947553422
2996,0.09681348225799287,-0.07431805894522713,0.5820383947553422
2997,0.09681348223680011,-0.07431805851229377,0.5820383947546148
2998,0.09681348225799287,-0.07431805894522518,0.5820383947553422
2999,0.09681348225799287,-0.07431805851229573,0.5820383947553422
3000,0.09681348223680011,-0.07431805894522713,0.5820383947553422
3001,0.09681348225799287,-0.07431805851229377,0.5820383947553422
3002,0.09681348225853628,-0.07431805894522713,0.5820383947553422
3003,0.09681348223680011,-0.07431805851229573,0.5820383947546148
3004,0.09681348225799287,-0.07431805894522518,0.5820383947553422
3005,0.09681348223652841,-0.07431805851229573,0.5820383947553422
3006,0.09681348225799287,-0.07431805894522518,0.5820383947553422
3007,0.04465858813655581,-0.08134840138211626,0.6312551661060176
3008,0.04465858813655581,-0.08134840181504571,0.6312551661052902
3009,0.1340669780407377,-0.05557047781473051,0.828122251508719
3010,0.13406697806247386,-0.05557047781473051,0.828122251508719
3011,0.1340669780407377,-0.05557047781472856,0.8281222515079917
3012,0.13406697806247386,-0.05557047781473051,0.828122251508719
3013,0.1340669780407377,-0.05557047781472856,0.828122251508719
3014,0.13406697806247386,-0.05557047781473051,0.828122251508719
3015,0.1340669780407377,-0.05557047781473051,0.8281222515079917
3016,0.13406697806247386,-0.05557047781472856,0.828122251508719
3017,0.1340669780410094,-0.05557047781473051,0.828122251508719
3018,0.13406697806220214,-0.05557047781473051,0.828122251508719
3019,0.1340669780407377,-0.05557047781472856,0.8281222515079917
3020,0.13406697806247386,-0.05557047781473051,0.828122251508719
3021,0.1340669780407377,-0.05557047781472856,0.828122251508719
3022,-0.06929328137584094,-0.29460213495567394,0.08552802495283376
3023,-0.06929328137611264,-0.294602134955672,0.08552802495283376
3024,-0.06929328137584094,-0.29460213452274253,0.08552802495283376
3025,-0.06929328137611264,-0.29460213495567394,0.08552802495283376
3026,-0.06929328139730541,-0.29460213495567006,0.08552802495356115
3027,-0.06929328137611264,-0.2946021349556759,0.08552802495283376
3028,-0.06929328137584094,-0.29460213452273865,0.08552802495283376
3029,-0.06929328137611264,-0.294602134955672,0.08552802495283376
3030,-0.06929328137611264,-0.29460213495567394,0.08552802495283376
3031,-0.06929328137611264,-0.29460213495567394,0.08552802495283376
3032,-0.06929328137584094,-0.29460213452273865,0.08552802495283376
3033,-0.06929328137584094,-0.29460213495567394,0.08552802495283376
3034,-0.06929328139757711,-0.294602134955672,0.08552802495356115
3035,-0.06929328137611264,-0.29460213495567394,0.08552802495283376
3036,-0.06929328137611264,-0.29460213452274253,0.08552802495283376
3037,-0.06929328137556924,-0.294602134955672,0.08552802495283376
3038,-0.06929328137611264,-0.294602134955672,0.08552802495283376
3039,-0.0983238767094112,-0.24237673084171354,0.43321625281403164
3040,-0.0983238767094112,-0.24237673084171743,0.43321625281403164
3041,-0.09832387668740333,-0.24237673084171743,0.43321625281403164
3042,-0.0983238767096829,-0.24237673084171354,0.4332162528133042
3043,-0.0983238767088678,-0.24237673084171743,0.43321625281403164
3044,-0.0983238767091395,-0.24237673040878213,0.43321625281403164
3045,-0.0983238767091395,-0.24237673084171743,0.43321625281403164
3046,-0.09832387668794675,-0.24237673084171354,0.43321625281403164
3047,-0.0983238767096829,-0.24237673084171743,0.43321625281403164
3048,-0.0983238767088678,-0.24237673084171354,0.43321625281403164
3049,-0.0983238767091395,-0.24237673084171743,0.4332162528133042
3050,-0.0983238767091395,-0.24237673084171743,0.43321625281403164
3051,-0.0983238767096829,-0.24237673084171354,0.43321625281403164
3052,-0.09832387668740333,-0.24237673084171743,0.43321625281403164
3053,-0.0983238767096829,-0.24237673084170963,0.43321625281403164
3054,-0.0983238767088678,-0.24237673040878993,0.43321625281403164
3055,-0.0983238767094112,-0.24237673084171743,0.43321625281403164
3056,-0.0983238767088678,-0.24237673084171354,0.4332162528133042
3057,-0.09832387668767503,-0.24237673084171354,0.43321625281403164
3058,-0.0983238767096829,-0.24237673084171743,0.43321625281403164
3059,-0.0983238767091395,-0.24237673084171354,0.43321625281403164
3060,0.06226933160842202,-0.46077387484597543,0.9511641798850438
3061,0.06226933158668586,-0.4607738752789107,0.9511641798850438
3062,0.062269331608693725,-0.46077387484597154,0.9511641798857712
3063,0.06226933158668586,-0.46077387527890684,0.9511641798850438
3064,0.06226933160842202,-0.46077387484597154,0.9511641798850438
3065,0.062269331586957556,-0.46077387527890684,0.9511641798850438
3066,0.06226933160842202,-0.46077387484597543,0.9511641798850438
3067,0.06226933158668586,-0.46077387527890684,0.9511641798850438
3068,0.06226933160842202,-0.46077387484597154,0.9511641798857712
3069,0.062269331586957556,-0.46077387527890684,0.9511641798850438
3070,0.06226933160815032,-0.4607738748459793,0.9511641798850438
3071,0.38366539992725524,-0.660179963320438,1.5909822074438236
3072,0.1811418500218507,-0.333375541059957,0.8348336294199433
3073,0.1811418500218507,-0.33337554062702557,0.8348336294199433
3074,0.18114185000065794,-0.3333755410599531,0.8348336294199433
3075,0.1811418500221224,-0.333375541059957,0.8348336294199433
3076,0.1811418500221224,-0.33337554062702557,0.8348336294199433
3077,0.1811418500218507,-0.333375541059957,0.8348336294199433
3078,0.1811418500223941,-0.3333755406270217,0.8348336294199433
3079,0.1811418500218507,-0.33337554105996087,0.8348336294199433
3080,0.18114185000011454,-0.3333755410599492,0.8348336294199433
3081,0.1811418500223941,-0.33337554062703334,0.8348336294199433
3082,0.1811418500218507,-0.3333755410599492,0.8348336294199433
3083,-0.48160912922123095,0.026293959023591586,0.7165642364470912
3084,-0.4816091291992231,0.026293959023587693,0.7165642364470912
3085,-0.48160912922123095,0.02629395902359937,0.7165642364470912
3086,-0.48160912922123095,0.026293958590660183,0.7165642364470912
3087,-0.4816091292209593,0.026293959023591586,0.7165642364470912
3088,-0.4816091291997665,0.02629395902359548,0.7165642364470912
3089,-0.4816091292209593,0.02629395902359937,0.7165642364470912
3090,-0.48160912922123095,0.026293959023591586,0.7165642364463638
3091,-0.48160912922068755,0.026293959023587693,0.7165642364470912
3092,-0.4816091292000382,0.02629395902359937,0.7165642364470912
3093,-0.48160912922068755,0.02629395902359548,0.7165642364470912
3094,-0.48160912922123095,0.02629395859065629,0.7165642364470912
3095,-0.4816091292209593,0.02629395902359548,0.7165642364470912
3096,-0.4816091291997665,0.026293959023591586,0.7165642364470912
3097,-0.48160912922068755,0.02629395902359937,0.7165642364470912
3098,-0.08572864716785196,0.06160190306031051,0.8035138658330176
3099,-0.08572864716758026,0.0616019030603183,0.8035138658330176
3100,-0.08572864718904473,0.06160190306030662,0.8035138658337451
3101,-0.08572864716758026,0.061601903060314406,0.8035138658330176
3102,-0.08572864716758026,0.061601903060314406,0.8035138658330176
3103,-0.08572864716730856,0.06160190306031051,0.8035138658330176
3104,-0.08572864718931643,0.06160190349324581,0.8035138658337451
3105,-0.08572864716730856,0.061601903060314406,0.8035138658330176
3106,-0.08572864716785196,0.06160190306031051,0.8035138658330176
3107,-0.08572864716730856,0.06160190306031051,0.8035138658330176
3108,-0.08572864718904473,0.0616019030603183,0.8035138658337451
3109,-0.08572864716758026,0.06160190306031051,0.8035138658330176
3110,-0.08572864716758026,0.061601903060314406,0.8035138658330176
3111,-0.07480095507690189,-0.0021398722638583494,0.6099278985207491
3112,-0.07480095505516572,-0.0021398718309230532,0.6099278985207491
3113,-0.07480095507635849,-0.0021398722638583494,0.6099278985200218
3114,-0.07480095507690189,-0.0021398722638583494,0.6099278985207491
3115,-0.07480095507663019,-0.00213987183093084,0.6099278985207491
3116,-0.07480095505516572,-0.0021398722638505626,0.6099278985207491
3117,-0.07480095507690189,-0.002139872263866136,0.6099278985207491
3118,-0.07480095507690189,-0.0021398718309230532,0.6099278985200218
3119,-0.07480095507690189,-0.0021398722638583494,0.6099278985207491
3120,-0.07480095505516572,-0.0021398722638583494,0.6099278985207491
3121,-0.07480095507663019,-0.0021398718309269464,0.6099278985207491
3122,-0.07480095507690189,-0.0021398722638583494,0.6099278985207491
3123,-0.07480095507635849,-0.0021398722638544558,0.6099278985200218
3124,-0.07480095505516572,-0.00213987183093084,0.6099278985207491
3125,-0.07480095507690189,-0.0021398722638544558,0.6099278985207491
3126,0.14661552399666344,-0.04126311355259243,0.4797193174737324
3127,0.1466155240186713,-0.04126311311966881,0.47971931747300506
3128,0.14661552399666344,-0.04126311355259243,0.4797193174737324
3129,0.1466155240186713,-0.04126311355259632,0.4797193174737324
3130,0.14661552399666344,-0.041263113119664914,0.4797193174737324
3131,0.1466155240186713,-0.04126311355259243,0.47971931747300506
3132,0.14661552399666344,-0.04126311355259632,0.4797193174737324
3133,0.14661552399666344,-0.041263113119664914,0.4797193174737324
3134,0.1466155240183996,-0.04126311355259632,0.4797193174737324
3135,0.14661552399666344,-0.041263113552588535,0.47971931747300506
3136,0.1466155240186713,-0.04126311355259632,0.4797193174737324
3137,0.14661552399666344,-0.041263113119664914,0.4797193174737324
3138,0.14661552399720684,-0.04126311355259632,0.4797193174737324
3139,0.1466155240181279,-0.04126311355259632,0.47971931747300506
3140,0.14661552399720684,-0.04126311311966102,0.4797193174737324
3141,0.1466155240181279,-0.04126311355259632,0.4797193174737324
3142,0.14661552399693514,-0.04126311355259243,0.4797193174737324
3143,0.1466155240186713,-0.04126311311966881,0.47971931747300506
3144,0.14661552399639174,-0.041263113552588535,0.4797193174737324
3145,0.17380404024265364,-0.07796342164218419,0.41798249025333345
3146,0.17380404024156684,-0.0779634216421725,0.4179824902526061
3147,0.17380404024211024,-0.07796342164218029,0.41798249025333345
3148,0.17380404022091747,-0.0779634220751039,0.4179824902526061
3149,0.17380404024183854,-0.0779634216421725,0.41798249025333345
3150,0.17380404024183854,-0.07796342164218029,0.4179824902526061
3151,0.17380404024238194,-0.07796342164217639,0.41798249025333345
3152,0.17380404024211024,-0.07796342164218029,0.4179824902526061
3153,0.17380404022037407,-0.0779634220751039,0.41798249025333345
3154,0.17380404024211024,-0.0779634216421725,0.41798249025333345
3155,0.17380404024211024,-0.07796342164218029,0.4179824902526061
3156,0.17380404024183854,-0.07796342164217639,0.41798249025333345
3157,0.17380404024211024,-0.07796342164218029,0.4179824902526061
3158,0.17380404024211024,-0.0779634216421725,0.41798249025333345
3159,0.17380404024211024,-0.07796342164217639,0.4179824902526061
3160,0.17380404022037407,-0.0779634220751078,0.41798249025333345
3161,0.17380404024238194,-0.07796342164217639,0.4179824902526061
3162,0.17380404024211024,-0.07796342164218029,0.41798249025333345
3163,0.09308813266251965,-0.1422780397315244,1.151107313497117
3164,0.09308813268398412,-0.1422780397315283,1.151107313497117
3165,0.09308813266279135,-0.14227803973153608,1.1511073134978445
3166,0.09308813268425582,-0.1422780397315322,1.151107313497117
3167,0.09308813266279135,-0.1422780392985969,1.151107313497117
3168,0.09308813266251965,-0.1422780397315322,1.1511073134978445
3169,0.09308813268425582,-0.1422780397315244,1.151107313497117
3170,0.09308813266224795,-0.1422780397315322,1.151107313497117
3171,-0.12484481778012252,0.04051087445085475,1.431027700553583
3172,-0.12484481775865806,0.04051087445084696,1.4310277005543104
3173,-2.5463220447972383,-0.2184400871271286,1.191095940219677
3174,-2.546322044818703,-0.2184400875600717,1.191095940219677
3175,-2.546322044818703,-0.2184400871271364,1.191095940219677
3176,-2.5463220447972383,-0.2184400871271364,1.191095940219677
3177,-0.36699254047542196,-0.029122997701087262,0.19709293311957285
3178,-0.3669925404542292,-0.029122997268159753,0.19709293311957285
3179,-0.36699254047542196,-0.029122997701087262,0.19709293311957285
3180,-0.3669925404542292,-0.029122997701087262,0.19709293312030024
3181,-0.36699254047542196,-0.029122997268159753,0.19709293311957285
3182,-0.36699254045395746,-0.02912299770109505,0.19709293311957285
3183,-0.36699254047515023,-0.029122997701087262,0.19709293311957285
3184,-0.36699254047569363,-0.029122997268151967,0.19709293311957285
3185,-0.3669925404542292,-0.029122997701087262,0.19709293311957285
3186,-0.36699254047542196,-0.029122997268159753,0.19709293311957285
3187,-0.3669925404542292,-0.02912299770109505,0.19709293312030024
3188,-0.36699254047542196,-0.029122997701087262,0.19709293311957285
3189,-0.36699254045395746,-0.029122997268151967,0.19709293311957285
3190,-0.36699254047542196,-0.029122997701087262,0.19709293311957285
3191,0.05878387194675675,-0.07119346216230835,0.19138027215931105
3192,0.05878387196822122,-0.07119346172935748,0.19138027215931105
3193,0.05878387194675675,-0.07119346172938083,0.19138027215931105
3194,0.05878387194675675,-0.07119346216229278,0.19138027215931105
3195,0.058783871967949514,-0.07119346216230056,0.19138027215931105
3196,0.058783871947300156,-0.07119346172936526,0.19138027215931105
3197,0.05878387194675675,-0.07119346172937305,0.19138027215931105
3198,0.05878387196822122,-0.07119346216230056,0.19138027215931105
3199,0.05878387194675675,-0.07119346216229278,0.19138027215931105
3200,0.05878387194675675,-0.07119346172936526,0.19138027215931105
3201,0.05878387196822122,-0.07119346172936526,0.19138027215931105
3202,0.05878387194702846,-0.07119346216230056,0.19138027215931105
3203,0.05878387194648505,-0.07119346216230056,0.19138027215931105
3204,0.05878387196849292,-0.07119346172936526,0.19138027215931105
3205,0.05878387194675675,-0.07119346172937305,0.19138027215931105
3206,0.05878387194648505,-0.07119346216229278,0.19138027215931105
3207,0.05878387196849292,-0.07119346216230056,0.19138027215931105
3208,0.05878387194675675,-0.07119346172936526,0.19138027215931105
3209,0.05878387194675675,-0.07119346172937305,0.19138027215931105
3210,0.05878387196849292,-0.07119346216229278,0.19138027215931105
3211,0.05878387194648505,-0.07119346216230056,0.19138027215931105
3212,0.05878387194675675,-0.07119346172937305,0.19138027215931105
3213,0.05878387196849292,-0.07119346172936526,0.19138027215931105
3214,0.05878387194648505,-0.07119346216230056,0.19138027215931105
3215,-0.12888061314841057,-0.00010888416013364343,-0.4084491286769086
3216,-0.1288806131266744,-0.00010888416014143032,-0.4084491286769086
3217,-0.12888061314868227,-0.00010888416013364343,-0.4084491286769086
3218,-0.12888061314868227,-0.00010888416013364343,-0.4084491286769086
3219,-0.1288806131266744,-0.00010888416013364343,-0.4084491286769086
3220,-0.12888061314841057,-0.00010888416013364343,-0.4084491286769086
3221,-0.12888061314868227,-0.00010888416013364343,-0.4084491286769086
3222,-0.12888061312694613,-0.00010888416014143032,-0.4084491286769086
3223,-0.12888061314841057,-0.00010888416013364343,-0.4084491286769086
3224,-0.12888061314868227,-0.00010888416013364343,-0.4084491286769086
3225,-0.12888061312694613,-0.00010888416013364343,-0.4084491286769086
3226,-0.12888061314841057,-0.00010888416014143032,-0.4084491286769086
3227,-0.14905959003250807,-0.2336724966062619,-1.003835348766258
3228,-0.14905959003277977,-0.2336724970391894,-1.003835348766258
3229,-0.14905959003277977,-0.23367249660624634,-1.003835348766258
3230,-0.14905959003223637,-0.2336724970391972,-1.003835348766258
3231,-0.14905959005424424,-0.2336724966062619,-1.0038353487655305
3232,-0.14905959003277977,-0.2336724970391816,-1.003835348766258
3233,-0.14905959003223637,-0.2336724966062541,-1.003835348766258
3234,-0.14905959003277977,-0.2336724970391894,-1.003835348766258
3235,-0.14905959003250807,-0.2336724966062619,-1.003835348766258
3236,-0.2044076409286782,-0.05088358242386718,-0.556978313645898
3237,-0.20440764095068606,-0.05088358285681026,-0.556978313645898
3238,-0.2044076409286782,-0.05088358242386718,-0.556978313645898
3239,-0.20440764095014266,-0.05088358242386718,-0.556978313645898
3240,-0.20440764092922162,-0.05088358285681026,-0.556978313645898
3241,-0.20440764094987096,-0.050883582423874966,-0.556978313645898
3242,-0.2044076409289499,-0.05088358242386718,-0.556978313645898
3243,-0.2044076409286782,-0.05088358285681026,-0.556978313645898
3244,-0.20440764095068606,-0.050883582423874966,-0.556978313645898
3245,-0.2044076409286782,-0.05088358285680247,-0.556978313645898
3246,-0.20440764095041436,-0.05088358242386718,-0.556978313645898
3247,-0.2044076409289499,-0.050883582423874966,-0.556978313645898
3248,-0.20440764094987096,-0.05088358285680247,-0.556978313645898
3249,-0.2044076409289499,-0.050883582423874966,-0.556978313645898
3250,-0.10466584087483227,-0.4063064711358959,0.6312551661060176
3251,-0.10466584087456057,-0.4063064715688234,0.6312551661060176
3252,-0.10466584087483227,-0.4063064711358959,0.6312551661052902
3253,-0.1046658408530961,-0.4063064715688234,0.6312551661060176
3254,-0.10466584087456057,-0.4063064711358959,0.6312551661060176
3255,-0.10466584087510397,-0.4063064715688234,0.6312551661060176
3256,-0.10466584087456057,-0.4063064711358959,0.6312551661060176
3257,-0.10466584087428887,-0.4063064711358959,0.6312551661060176
3258,-0.1046658408533678,-0.4063064715688234,0.6312551661060176
3259,-0.10466584087456057,-0.40630647113588814,0.6312551661052902
3260,-0.10466584087456057,-0.4063064715688312,0.6312551661060176
3261,-0.10466584087510397,-0.4063064711358959,0.6312551661060176
3262,-0.06337654970179155,-0.2336724966062541,0.5820383947553422
3263,-0.06337654968087049,-0.2336724970391894,0.5820383947553422
3264,-0.06337654970206325,-0.2336724966062541,0.5820383947546148
3265,-0.06337654968114219,-0.2336724970391972,0.5820383947553422
3266,-0.06337654970206325,-0.2336724966062541,0.5820383947553422
3267,-0.06337654968032708,-0.2336724970391894,0.5820383947553422
3268,-0.06337654970233494,-0.2336724966062541,0.5820383947546148
3269,-0.06337654968087049,-0.2336724970391894,0.5820383947553422
3270,-0.06337654970233494,-0.2336724966062541,0.5820383947553422
3271,-0.06337654968032708,-0.2336724970391894,0.5820383947553422
3272,-0.06337654970206325,-0.2336724966062619,0.5820383947546148
3273,-0.06337654968114219,-0.2336724970391816,0.5820383947553422
3274,-0.06337654970233494,-0.2336724966062619,0.5820383947553422
3275,-0.02637141052920188,-0.17680483446428175,-0.22183553730544628
3276,-0.026371410528658476,-0.17680483489722484,-0.22183553730617367
3277,-0.02637141052920188,-0.17680483446428175,-0.22183553730544628
3278,-0.02637141052920188,-0.17680483446428175,-0.22183553730544628
3279,-0.02637141052893018,-0.17680483446428175,-0.22183553730544628
3280,-0.02637141052920188,-0.17680483489721704,-0.22183553730617367
3281,-0.02637141052920188,-0.17680483446428955,-0.22183553730544628
3282,-0.02637141055012294,-0.17680483446428955,-0.22183553730544628
3283,-0.02637141052920188,-0.17680483446428175,-0.22183553730544628
3284,-0.02637141052920188,-0.17680483489720927,-0.22183553730617367
3285,-0.02637141052893018,-0.17680483446428955,-0.22183553730544628
3286,-0.02637141052920188,-0.17680483446428955,-0.22183553730544628
3287,-0.02637141052920188,-0.17680483446428955,-0.22183553730544628
3288,-0.02637141052893018,-0.17680483489721704,-0.22183553730617367
3289,-0.02637141052920188,-0.17680483446428175,-0.22183553730544628
3290,0.08544136247212175,-0.24970661225757743,-0.008562861452762171
3291,0.08544136249331452,-0.24970661182465773,-0.008562861452762171
3292,0.08544136247185005,-0.24970661225757743,-0.008562861452762171
3293,0.08544136247239346,-0.24970661182465773,-0.008562861452762171
3294,0.08544136249358622,-0.24970661225757743,-0.008562861452762171
3295,0.08544136247212175,-0.24970661182465773,-0.008562861452762171
3296,0.08544136249331452,-0.24970661225757743,-0.008562861452762171
3297,0.08544136247212175,-0.24970661225758523,-0.008562861452762171
3298,0.08544136247212175,-0.24970661182464993,-0.008562861452762171
3299,0.08544136249358622,-0.24970661225758523,-0.008562861452762171
3300,0.08544136247212175,-0.24970661182464993,-0.008562861452762171
3301,0.08544136247212175,-0.24970661225758523,-0.008562861452762171
3302,0.08544136249331452,-0.24970661225757743,-0.008562861452762171
3303,0.08544136247185005,-0.24970661182465773,-0.008562861452762171
3304,0.08544136249385792,-0.24970661225757743,-0.008562861452762171
3305,0.08544136247239346,-0.24970661182465773,-0.008562861452762171
3306,0.08544136247185005,-0.24970661225757743,-0.008562861452762171
3307,0.08544136249331452,-0.24970661182465773,-0.008562861452762171
3308,0.08544136247185005,-0.24970661225757743,-0.008562861452762171
3309,0.07694495116844638,-0.24890490651830713,0.25802798336309296
3310,0.07694495114698192,-0.24890490608537963,0.2580279833638204
3311,0.07694495114671021,-0.24890490608537183,0.25802798336309296
3312,0.07694495116844638,-0.24890490651831493,0.25802798336309296
3313,0.07694495116817468,-0.24890490651831493,0.2580279833638204
3314,0.07694495114643851,-0.24890490608537183,0.25802798336309296
3315,0.07694495114725362,-0.24890490651831493,0.25802798336309296
3316,0.07694495116790298,-0.24890490608537183,0.2580279833638204
3317,0.07694495116844638,-0.24890490651829936,0.25802798336309296
3318,0.07694495114671021,-0.2489049060853874,0.25802798336309296
3319,0.07694495114698192,-0.2489049060853874,0.2580279833638204
3320,0.07694495116790298,-0.24890490651829936,0.25802798336309296
3321,-0.041438379940968634,-0.09827330094767447,1.1644368557377278
3322,-0.04143837994124033,-0.0982733013805942,1.1644368557384552
3323,-0.04143837994069693,-0.09827330094767447,1.1644368557377278
3324,-0.041438379940968634,-0.09827330094767447,1.1644368557384552
3325,-0.041438379962704795,-0.09827330138060199,1.1644368557377278
3326,-0.041438379940968634,-0.09827330094767447,1.1644368557384552
3327,-0.04143837994124033,-0.09827330094766669,1.1644368557377278
3328,-0.041438379940968634,-0.09827330138060199,1.1644368557384552
3329,-0.04143837994069693,-0.09827330094767447,1.1644368557377278
3330,-0.029600046841058235,0.03847988678006534,0.6099278985207491
3331,-0.029600046819322066,0.03847988634713783,0.6099278985207491
3332,-0.029600046841058235,0.038479886780049766,0.6099278985200218
3333,-0.029600046819050367,0.03847988634713783,0.6099278985207491
3334,-0.029600046840786532,0.03847988678005755,0.6099278985207491
3335,-0.029600046841058235,0.038479886780080914,0.6099278985207491
3336,-0.02960004681959377,0.03847988634712225,0.6099278985207491
3337,-0.02960004684051483,0.03847988678005755,0.6099278985200218
3338,-0.02960004681959377,0.03847988634713783,0.6099278985207491
3339,-0.029600046840786532,0.038479886780049766,0.6099278985207491
3340,-0.029600046841058235,0.03847988678007312,0.6099278985207491
3341,-0.029600046819322066,0.03847988634713783,0.6099278985207491
3342,-0.029600046840786532,0.03847988678006534,0.6099278985200218
3343,-0.029600046819322066,0.03847988634712225,0.6099278985207491
3344,-0.02960004684051483,0.03847988678006534,0.6099278985207491
3345,-0.03836348821870333,0.023102406412871188,0.42559937153368255
3346,-0.038363488240167797,0.023102406412863402,0.4255993715329552
3347,-0.03836348821870333,0.023102406845798697,0.42559937153368255
3348,-0.03836348821843163,0.023102406412863402,0.42559937153368255
3349,-0.038363488240439496,0.023102406412871188,0.42559937153368255
3350,-0.03836348821843163,0.023102406412878976,0.4255993715329552
3351,-0.038363488240439496,0.023102406845790912,0.42559937153368255
3352,-0.03836348821815992,0.023102406412871188,0.42559937153368255
3353,-0.03836348821870333,0.023102406412863402,0.4255993715329552
3354,-0.03836348823989609,0.023102406412871188,0.42559937153368255
3355,-0.03836348821870333,0.023102406412863402,0.42559937153368255
3356,-0.03836348821843163,0.023102406845806486,0.42559937153368255
3357,-0.038363488240439496,0.023102406412855617,0.4255993715329552
3358,-0.03836348821870333,0.023102406412878976,0.42559937153368255
3359,-0.22008958869826575,-0.014325799587400696,0.41798249025333345
3360,-0.22008958869799405,-0.014325800020328206,0.4179824902526061
3361,-0.22008958867680128,-0.014325799587385122,0.41798249025333345
3362,-0.22008958869799405,-0.014325799587400696,0.4179824902526061
3363,-0.22008958869826575,-0.014325800020335993,0.41798249025333345
3364,-0.22008958869826575,-0.014325799587392909,0.4179824902526061
3365,-0.22008958869799405,-0.014325799587392909,0.41798249025333345
3366,-0.22008958867652959,-0.014325800020328206,0.4179824902526061
3367,-0.22008958869826575,-0.014325799587392909,0.41798249025333345
3368,-0.22008958869826575,-0.014325799587392909,0.4179824902526061
3369,-0.22008958869826575,-0.014325800020328206,0.41798249025333345
3370,-0.22008958869799405,-0.014325799587400696,0.4179824902526061
3371,-0.22008958867707298,-0.014325799587400696,0.41798249025333345
3372,-0.22008958869772235,-0.014325800020328206,0.4179824902526061
3373,-0.22008958869853745,-0.014325799587385122,0.41798249025333345
3374,-0.29111958736375176,-0.022449751569364223,0.5886006309354808
3375,-0.29111958734228727,-0.022449751569340863,0.5886006309347533
3376,-0.29111958736348004,-0.022449751136421142,0.5886006309354808
3377,-0.29111958734228727,-0.022449751569356437,0.5886006309354808
3378,-0.29111958736402344,-0.022449751569364223,0.5886006309354808
3379,-0.2911195873420156,-0.02244975156934865,0.5886006309347533
3380,-0.29111958736375176,-0.022449751569340863,0.5886006309354808
3381,-0.291119587342559,-0.022449751136421142,0.5886006309354808
3382,-0.29111958736348004,-0.022449751569356437,0.5886006309354808
3383,-0.29111958734228727,-0.022449751569364223,0.5886006309347533
3384,-0.29111958736375176,-0.02244975156934865,0.5886006309354808
3385,-0.29111958734228727,-0.022449751569340863,0.5886006309354808
3386,-0.29111958736402344,-0.022449751136421142,0.5886006309354808
3387,-0.2911195873420156,-0.022449751569356437,0.5886006309347533
3388,-0.29111958736375176,-0.022449751569364223,0.5886006309354808
3389,-0.2914994269285739,0.11040075349208105,0.5371642797004217
3390,-0.29149942690710945,0.11040075349207326,0.5371642796996943
3391,-0.2914994269285739,0.11040075349208105,0.5371642797004217
3392,-0.29149942690710945,0.11040075349206548,0.5371642797004217
3393,-0.2914994269285739,0.11040075349208105,0.5371642796996943
3394,-0.29149942690710945,0.11040075349207326,0.5371642797004217
3395,-0.2914994269285739,0.11040075349208105,0.5371642797004217
3396,-0.29149942690710945,0.11040075349206548,0.5371642796996943
3397,-0.2914994269285739,0.11040075349207326,0.5371642797004217
3398,-0.29149942690710945,0.11040075349207326,0.5371642796996943
3399,-0.2914994269285739,0.11040075349208883,0.5371642797004217
3400,-0.29149942690710945,0.11040075349207326,0.5371642797004217
3401,-0.2914994269285739,0.11040075349206548,0.5371642796996943
3402,-0.29149942690710945,0.11040075349208105,0.5371642797004217
3403,-0.2914994269285739,0.11040075349206548,0.5371642797004217
3404,-0.29149942690710945,0.11040075349208105,0.5371642796996943
3405,-0.2914994269285739,0.11040075349207326,0.5371642797004217
3406,-0.34277776820157196,0.0519351815601911,0.6712437928285777
3407,-0.34277776820184364,0.051935181993134176,0.6712437928278503
3408,-0.3427777681803792,0.0519351815601911,0.6712437928285777
3409,-0.34277776820157196,0.0519351815601911,0.6712437928278503
3410,-0.34277776820184364,0.051935181560198884,0.6712437928285777
3411,-0.34277776820130024,0.0519351815601911,0.6712437928285777
3412,-0.34277776820184364,0.051935181993118605,0.6712437928278503
3413,-0.34277776820157196,0.051935181560198884,0.6712437928285777
3414,-0.3427777681803792,0.05193518156020667,0.6712437928285777
3415,-0.34277776820157196,0.051935181993118605,0.6712437928278503
3416,-0.34277776820157196,0.0519351815601911,0.6712437928285777
3417,-0.34277776820184364,0.051935181560198884,0.6712437928285777
3418,-0.34277776820157196,0.0519351815601911,0.6712437928278503
3419,-0.34277776818010747,0.0519351815601911,0.6712437928285777
3420,-0.34277776820211536,0.051935181993134176,0.6712437928278503
3421,-0.34277776820130024,0.0519351815601911,0.6712437928285777
3422,-0.21867706030678513,0.055743283929964686,0.4713006592165045
3423,-0.21867706030624173,0.055743284362915556,0.4713006592157771
3424,-0.2186770603277062,0.05574328392998026,0.4713006592165045
3425,-0.21867706030651343,0.055743283929964686,0.4713006592157771
3426,-0.21867706030624173,0.05574328392998805,0.4713006592165045
3427,-0.2186770603279779,0.055743283929964686,0.4713006592165045
3428,-0.21867706030624173,0.05574328436290777,0.4713006592157771
3429,-0.21867706030678513,0.05574328392997247,0.4713006592165045
3430,-0.21867706030624173,0.05574328392998026,0.4713006592165045
3431,-0.21867706030651343,0.055743284362899985,0.4713006592157771
3432,-0.2186770603277062,0.05574328392998026,0.4713006592165045
3433,-0.21867706030651343,0.05574328392997247,0.4713006592165045
3434,-0.21867706030624173,0.05574328392998026,0.4713006592157771
3435,-0.2186770603282496,0.055743283929964686,0.4713006592165045
3436,-0.21867706030624173,0.055743284362915556,0.4713006592157771
3437,-0.21867706030651343,0.055743283929964686,0.4713006592165045
3438,-0.2770519577499565,0.13190533175851196,0.42559937153368255
3439,-0.2770519577504999,0.13190533132558446,0.4255993715329552
3440,-0.2770519577504999,0.1319053317585042,0.42559937153368255
3441,-0.27705195775022823,0.13190533175851196,0.42559937153368255
3442,-0.27705195775022823,0.13190533175852753,0.4255993715329552
3443,-0.2770519577504999,0.1319053313255689,0.42559937153368255
3444,-0.27705195772849206,0.1319053317585042,0.4255993715329552
3445,-0.2770519577504999,0.13190533175852753,0.42559937153368255
3446,-0.27705195775022823,0.1319053313255689,0.42559937153368255
3447,-0.27705195775022823,0.13190533175851196,0.4255993715329552
3448,-0.2770519577504999,0.13190533175851976,0.42559937153368255
3449,-0.2770519577499565,0.13190533175851196,0.42559937153368255
3450,-0.2770519577504999,0.13190533132557666,0.4255993715329552
3451,-0.27705195775022823,0.13190533175851196,0.42559937153368255
3452,-0.33532706903236165,0.16471359819570852,0.4589964663782901
3453,-0.33532706903236165,0.1647135981957163,0.4589964663790175
3454,-0.33532706905382614,0.1647135986286516,0.4589964663782901
3455,-0.33532706903209,0.1647135981957241,0.4589964663790175
3456,-0.33532706903209,0.16471359819570852,0.4589964663782901
3457,-0.33532706903236165,0.1647135981957163,0.4589964663782901
3458,-0.3353270690535544,0.1647135986286516,0.4589964663790175
3459,-0.33532706903236165,0.1647135981957163,0.4589964663782901
3460,-0.33532706903236165,0.1647135981957163,0.4589964663782901
3461,-0.33532706903209,0.1647135981957241,0.4589964663790175
3462,-0.33532706905382614,0.16471359862864382,0.4589964663782901
3463,-0.33532706903236165,0.16471359819570852,0.4589964663790175
3464,-0.33532706903209,0.1647135981957163,0.4589964663782901
3465,-0.38082955319437006,0.05356722537112222,0.44845001537472984
3466,-0.38082955319409834,0.053567225804034155,0.44845001537472984
3467,-0.38082955319409834,0.053567225371114434,0.44845001537472984
3468,-0.38082955319409834,0.05356722537110664,0.4484500153754572
3469,-0.38082955319437006,0.05356722580404194,0.44845001537472984
3470,-0.38082955319409834,0.05356722537110664,0.44845001537472984
3471,-0.3808295531729056,0.05356722537110664,0.44845001537472984
3472,-0.38082955319409834,0.053567225804049726,0.44845001537472984
3473,-0.38082955319409834,0.053567225371098856,0.44845001537472984
3474,-0.38082955319437006,0.053567225804049726,0.44845001537472984
3475,-0.38082955319409834,0.05356722537110664,0.4484500153754572
3476,-0.38082955319409834,0.053567225371114434,0.44845001537472984
3477,-0.38082955319409834,0.053567225804034155,0.44845001537472984
3478,-0.38082955319437006,0.053567225371114434,0.44845001537472984
3479,-0.29088897046890466,0.11014474660279676,0.6541058099470648
3480,-0.2908889704903691,0.11014474660279676,0.6541058099470648
3481,-0.29088897046944806,0.11014474660278897,0.6541058099477922
3482,-0.29088897046863293,0.11014474660280454,0.6541058099470648
3483,-0.29088897046917633,0.11014474660280454,0.6541058099470648
3484,-0.2908889704903691,0.11014474660278897,0.6541058099470648
3485,-0.29088897046890466,0.11014474660278897,0.6541058099477922
3486,-0.29088897046917633,0.11014474660280454,0.6541058099470648
3487,-0.2908889704900974,0.11014474660278897,0.6541058099470648
3488,-0.29088897046944806,0.11014474660280454,0.6541058099470648
3489,-0.29088897046890466,0.11014474660280454,0.6541058099470648
3490,-0.29088897046890466,0.11014474660278897,0.6541058099477922
3491,-0.2908889704906408,0.11014474660278897,0.6541058099470648
3492,-0.29088897046917633,0.11014474660280454,0.6541058099470648
3493,-0.09457635243210427,-0.008994456356295383,0.27135752560443127
3494,-0.09457635241145491,-0.008994456356295383,0.2713575256037039
3495,-0.09457635243264768,-0.008994456356279809,0.27135752560443127
3496,-0.09457635243237597,-0.008994456356295383,0.2713575256037039
3497,-0.09457635241118321,-0.008994456356295383,0.27135752560443127
3498,-0.09457635243264768,-0.008994456356279809,0.27135752560443127
3499,-0.09457635243264768,-0.008994456356295383,0.2713575256037039
3500,-0.09457635243264768,-0.008994456356295383,0.27135752560443127
3501,-0.09457635241118321,-0.008994456789207319,0.27135752560443127
3502,-0.09457635243264768,-0.008994456356295383,0.2713575256037039
3503,-0.09457635243264768,-0.008994456356287596,0.27135752560443127
3504,-0.09457635241091152,-0.008994456356295383,0.27135752560443127
3505,-0.09457635243264768,-0.008994456356287596,0.2713575256037039
3506,-0.09457635243264768,-0.008994456356287596,0.27135752560443127
3507,-0.09457635241091152,-0.008994456356295383,0.2713575256037039
3508,-0.09457635243264768,-0.008994456356279809,0.27135752560443127
3509,-0.24591867910644363,-0.008701525637883161,0.7050803231316669
3510,-0.2459186791281798,-0.008701525204963438,0.7050803231323943
3511,-0.2459186791061719,-0.008701525637875374,0.7050803231316669
3512,-0.24591867912790807,-0.008701525204955651,0.7050803231316669
3513,-0.2459186791061719,-0.008701525637883161,0.7050803231323943
3514,-0.24591867910671533,-0.008701525637890948,0.7050803231316669
3515,-0.24591867912790807,-0.008701525204955651,0.7050803231316669
3516,-0.2459186791061719,-0.008701525637890948,0.7050803231316669
3517,-0.24591867910644363,-0.008701525637883161,0.7050803231323943
3518,-0.24591867912790807,-0.008701525204947864,0.7050803231316669
3519,-0.2459186791061719,-0.008701525637883161,0.7050803231316669
3520,-0.24591867912790807,-0.008701525204947864,0.7050803231323943
3521,-0.24591867910671533,-0.008701525637890948,0.7050803231316669
3522,-0.20121448415394513,-0.008701525637883161,0.5820383947553422
3523,-0.20121448415448853,-0.008701525204955651,0.5820383947553422
3524,-0.20121448415421683,-0.008701525637890948,0.5820383947546148
3525,-0.20121448415394513,-0.008701525204947864,0.5820383947553422
3526,-0.20121448415421683,-0.008701525637883161,0.5820383947553422
3527,-0.20121448415421683,-0.008701525204955651,0.5820383947553422
3528,-0.2012144841756813,-0.008701525637890948,0.5820383947546148
3529,-0.20121448415421683,-0.008701525204955651,0.5820383947553422
3530,-0.20121448415421683,-0.008701525637875374,0.5820383947553422
3531,-0.20121448415448853,-0.008701525204955651,0.5820383947553422
3532,-0.20121448415421683,-0.008701525637890948,0.5820383947546148
3533,-0.20121448415421683,-0.008701525204947864,0.5820383947553422
3534,-0.20121448415421683,-0.008701525637883161,0.5820383947553422
3535,-0.1409879992747392,0.07097569340909798,0.49795974369772633
3536,-0.1409879992744675,0.0709756938420255,0.49795974369772633
3537,-0.1409879992747392,0.07097569340909798,0.4979597436984537
3538,-0.1409879992744675,0.0709756934090902,0.49795974369772633
3539,-0.1409879992747392,0.0709756938420255,0.49795974369772633
3540,-0.1409879992744675,0.07097569340909798,0.49795974369772633
3541,-0.14098799929647537,0.07097569340909798,0.49795974369772633
3542,-0.1409879992744675,0.0709756938420255,0.49795974369772633
3543,-0.1409879992747392,0.07097569340909798,0.49795974369772633
3544,-0.1409879992747392,0.07097569340909798,0.4979597436984537
3545,-0.1409879992747392,0.0709756938420255,0.49795974369772633
3546,-0.1409879992744675,0.0709756934090902,0.49795974369772633
3547,-0.28742971728393735,0.0013418212571481877,0.8597616045193999
3548,-0.2874297173054018,0.0013418216900912708,0.8597616045201273
3549,-0.28742971728393735,0.001341821690075697,0.8597616045193999
3550,-0.2874297173054018,0.0013418212571559745,0.8597616045193999
3551,-0.287429717284209,0.0013418212571481877,0.8597616045201273
3552,-0.2874297173051301,0.0013418216900912708,0.8597616045193999
3553,-0.287429717284209,0.0013418216900912708,0.8597616045193999
3554,-0.28742971728393735,0.0013418212571404008,0.8597616045201273
3555,-0.2874297173051301,0.0013418212571637614,0.8597616045193999
3556,-0.287429717284209,0.0013418216900912708,0.8597616045201273
3557,-0.2874297173056735,0.001341821690075697,0.8597616045193999
3558,-0.2874297172836656,0.0013418212571481877,0.8597616045193999
3559,-0.2874297173054018,0.0013418212571559745,0.8597616045201273
3560,-0.28742971728393735,0.0013418216900912708,0.8597616045193999
3561,-0.2903124282858556,0.10651798262663352,0.6312551661060176
3562,-0.29031242826439113,0.10651798219372159,0.6312551661060176
3563,-0.2903124282858556,0.10651798262663352,0.6312551661052902
3564,-0.2903124282858556,0.10651798219371379,0.6312551661060176
3565,-0.2903124282641194,0.1065179826266413,0.6312551661060176
3566,-0.2903124282858556,0.10651798219371379,0.6312551661060176
3567,-0.2903124282855839,0.1065179826266413,0.6312551661060176
3568,-0.29031242826439113,0.1065179826266413,0.6312551661060176
3569,-0.2903124282858556,0.10651798219371379,0.6312551661060176
3570,-0.2903124282858556,0.1065179826266413,0.6312551661052902
3571,-0.2903124282641194,0.106517982193706,0.6312551661060176
3572,-0.2903124282861273,0.10651798262665688,0.6312551661060176
3573,0.05757313334078059,0.03847988678005755,-0.008562861452762171
3574,0.05757313334050889,0.03847988634713783,-0.008562861452762171
3575,0.05757313334050889,0.03847988678005755,-0.008562861452762171
3576,0.05757313334078059,0.03847988634712225,-0.008562861452762171
3577,0.05757313334050889,0.03847988678007312,-0.008562861452762171
3578,0.05757313334078059,0.03847988678005755,-0.008562861452762171
3579,0.05757313334050889,0.03847988634713783,-0.008562861452762171
3580,0.05757313334050889,0.03847988678005755,-0.008562861452762171
3581,0.05757313334050889,0.03847988634713783,-0.008562861452762171
3582,0.05757313334078059,0.03847988678005755,-0.008562861452762171
3583,0.05757313334050889,0.03847988678005755,-0.008562861452762171
3584,0.05757313334078059,0.03847988634713783,-0.008562861452762171
3585,0.05757313334050889,0.03847988678006534,-0.008562861452762171
3586,0.05757313334078059,0.038479886347130045,-0.008562861452762171
3587,0.05757313334050889,0.03847988678005755,-0.008562861452762171
3588,-0.0827875817215226,-0.0476767594667704,0.15981030369397886
3589,-0.08278758169951474,-0.04767675946678598,0.15981030369470625
3590,-0.0827875817215226,-0.04767675946677819,0.15981030369397886
3591,-0.0827875817209792,-0.04767675989971348,0.15981030369397886
3592,-0.08278758169951474,-0.04767675946677819,0.15981030369470625
3593,-0.0827875817215226,-0.04767675946677819,0.15981030369397886
3594,-0.0827875817209792,-0.04767675946678598,0.15981030369470625
3595,-0.08278758169951474,-0.0476767594667704,0.15981030369397886
3596,-0.0827875817215226,-0.04767675946679376,0.15981030369397886
3597,-0.0827875817212509,-0.0476767598997057,0.15981030369470625
3598,-0.0827875817209792,-0.04767675946677819,0.15981030369397886
3599,-0.08278758169978644,-0.04767675946677819,0.15981030369397886
