time,dx,dy,dz
0,-0.003770956411144202,0.010046055492611507,-0.008562861452762171
1,-0.09676008463789545,0.04389585462372358,0.05067954850641778
2,-0.09676008459501163,0.04389585462372358,0.05067954850632686
3,-0.09676008463789519,0.043895854190792664,0.05067954850641778
4,-0.09676008459501163,0.04389585462372309,0.05067954850632686
5,-0.09676008463789545,0.043895854190792664,0.05067954850641778
6,-0.09676008463789532,0.04389585462372358,0.05067954850632686
7,-0.0967600845950115,0.04389585419079242,0.05067954850641778
8,-0.09676008463789532,0.04389585462372382,0.05067954850632686
9,-0.0967600845950115,0.04389585419079242,0.05067954850641778
10,-0.09676008463789532,0.043895854623723335,0.05067954850632686
11,0.2014310140080955,0.04051087445085377,-0.008562861452762171
12,0.20143101400809524,0.04051087445085377,-0.008562861452762171
13,0.2014310140080955,0.04051087445085377,-0.008562861452762171
14,0.20143101400809535,0.04051087445085329,-0.008562861452762171
15,-0.6073061635139422,0.7107368932639068,-0.008562861452762171
16,-0.6073061635568257,0.7107368932639068,-0.008562861452762171
17,-0.6073061635568259,0.7107368936968381,-0.008562861452762171
18,-0.6073061635139415,0.7107368932639063,-0.008562861452762171
19,-0.6073061635139421,0.7107368932639063,-0.008562861452762171
20,-0.6073061635568259,0.7107368932639063,-0.008562861452762171
21,-1.568938926883955,0.27407448732990564,-0.008562861452762171
22,-1.5689389268839562,0.2740744868969752,-0.008562861452762171
23,-1.5689389268839562,0.2740744868969742,-0.008562861452762171
24,-1.5689389269268395,0.2740744873299076,-0.008562861452762171
25,-1.5689389268839573,0.27407448732990564,-0.008562861452762171
26,-1.568938926883955,0.2740744868969752,-0.008562861452762171
27,-1.5689389268839573,0.27407448732990564,-0.008562861452762171
28,-1.5689389268839573,0.2740744868969742,-0.008562861452762171
29,-1.5689389269268395,0.27407448732990664,-0.008562861452762171
30,-1.5689389268839573,0.2740744868969733,-0.008562861452762171
31,-1.568938926883953,0.27407448689697717,-0.008562861452762171
32,-1.5689389268839573,0.27407448732990664,-0.008562861452762171
33,-1.1625585540828223,-1.8483079057224043,0.39132340577138425
34,-1.1625585540828223,-1.8483079057224054,0.39132340577138425
35,-1.1625585541257046,-1.8483079052894749,0.39132340577138425
36,-1.1625585540828265,-1.8483079057224043,0.39132340577138425
37,-0.43831630551657863,-2.663241815020039,0.5512779126610792
38,-0.4383163055594694,-2.6632418145871077,0.5512779126609882
39,-0.4383163055594651,-2.6632418150200396,0.5512779126610792
40,-0.4383163055165829,-2.6632418150200388,0.5512779126610792
41,-0.4383163055165744,-2.6632418145871073,0.5512779126609882
42,-0.4383163055594736,-2.6632418150200396,0.5512779126610792
43,-0.4383163055594566,-2.663241814587106,0.5512779126609882
44,-0.4383163055165829,-2.6632418150200414,0.5512779126610792
45,-0.21299649486773362,-2.6302382607156787,-0.008562861452762171
46,-0.21299649491061584,-2.63023826114861,-0.008562861452762171
47,-0.21299649486772512,-2.6302382607156827,-0.008562861452762171
48,1.0233362324575979,-2.9755062097749505,0.1368503266287043
49,1.0233362324147115,-2.975506210207882,0.1368503266287952
50,1.023336232457602,-2.9755062097749505,0.1368503266287043
51,1.0233362324575979,-2.9755062097749545,0.1368503266287952
52,1.0233362324147115,-2.975506210207882,0.1368503266287043
53,1.023336232457602,-2.9755062097749545,0.1368503266287952
54,1.0233362324147115,-2.9755062102078895,0.1368503266287043
55,1.0233362324575979,-2.9755062097749465,0.1368503266287952
56,1.0233362324575979,-2.9755062097749465,0.1368503266287043
57,1.0233362324147115,-2.9755062102078895,0.1368503266287952
58,1.023336232457602,-2.9755062097749545,0.1368503266287043
59,2.351357540728466,-2.5083789848827136,-0.008562861452762171
60,2.35135754072846,-2.5083789848827136,-0.008562861452762171
61,2.351357540728464,-2.50837898444977,-0.008562861452762171
62,2.351357540728464,-2.5083789848827056,-0.008562861452762171
63,2.351357540728463,-2.5083789848827136,-0.008562861452762171
64,2.3513575407284617,-2.5083789848827136,-0.008562861452762171
65,2.3513575407284653,-2.5083789844497626,-0.008562861452762171
66,2.351357540728463,-2.508378984882729,-0.008562861452762171
67,2.351357540728463,-2.508378984882698,-0.008562861452762171
68,3.038046487498454,-1.9803221212081312,-0.9682899027907499
69,3.0380464874984527,-1.9803221216410665,-0.968289902790659
70,3.0380464874984554,-1.9803221212081001,-0.9682899027907499
71,3.070235031882986,-0.9851380330742274,-0.008562861452762171
72,3.07023503188299,-0.9851380330742119,-0.008562861452762171
73,3.070235031882986,-0.9851380330742274,-0.008562861452762171
74,0.4404309560353865,-2.244350553045422,-0.64838088901136
75,0.4404309560353823,-2.2443505530454066,-0.648380889011451
76,0.4404309560353823,-2.2443505534783577,-0.64838088901136
77,0.4404309560353865,-2.2443505530454066,-0.648380889011451
78,0.440430956035378,-2.244350553045422,-0.64838088901136
79,-1.0016158322030337,-2.8434919938562855,0.25802798336336574
80,-1.001615832203038,-2.8434919942892676,0.2580279833632748
81,-1.0016158321601558,-2.843491994289205,0.25802798336336574
82,-1.0016158322030402,-2.8434919938563166,0.25802798336336574
83,-1.001615832203036,-2.843491993856301,0.2580279833632748
84,-1.001615832203038,-2.8434919942892365,0.25802798336336574
85,-1.5327268144620783,-2.58961850210469,2.0175275591495554
86,-1.5327268144620763,-2.58961850253761,2.017527559149646
87,-1.5327268144620763,-2.5896185021047056,2.0175275591495554
88,-1.8546122582645281,-2.3255900707003185,0.5246188281794028
89,-1.8546122582645312,-2.3255900702673835,0.5246188281794937
90,-1.8546122582645292,-2.32559007070035,0.5246188281794028
91,-2.6432315955569554,-1.8753877449406913,-0.008562861452762171
92,-2.6432315955998384,-1.8753877445077871,-0.008562861452762171
93,-2.643231595556954,-1.8753877449407068,-0.008562861452762171
94,-2.643231595599839,-1.8753877449407068,-0.008562861452762171
95,-2.6432315955569545,-1.8753877445077558,-0.008562861452762171
96,-2.6432315955569536,-1.8753877449407068,-0.008562861452762171
97,-2.64323159559984,-1.875387744940738,-0.008562861452762171
98,-2.6432315955569514,-1.8753877445077871,-0.008562861452762171
99,-2.6432315955569554,-1.8753877449406757,-0.008562861452762171
100,-2.643231595599842,-1.875387744940738,-0.008562861452762171
101,-2.6432315955569514,-1.8753877445077558,-0.008562861452762171
102,-2.6432315955998376,-1.8753877449407068,-0.008562861452762171
103,-2.6432315955569554,-1.8753877449407068,-0.008562861452762171
104,-2.6432315955569554,-1.8753877445078182,-0.008562861452762171
105,-2.643231595599842,-1.8753877449406757,-0.008562861452762171
106,-2.6432315955569514,-1.8753877449407068,-0.008562861452762171
107,-2.643231595599842,-1.8753877445077871,-0.008562861452762171
108,-2.643231595556947,-1.8753877449407068,-0.008562861452762171
109,-1.6936695363418626,-1.360870801091731,-0.008562861452762171
110,-1.6936695363847492,-1.360870801091731,-0.008562861452762171
111,-1.6936695363847492,-1.360870801091731,-0.008562861452762171
112,-1.6936695363418541,-1.360870801091731,-0.008562861452762171
113,-1.6936695363418712,-1.360870801091762,-0.008562861452762171
114,-1.693669536384732,-1.360870801091731,-0.008562861452762171
115,-0.8970030629318738,-2.4880691051442567,-0.008562861452762171
116,-0.8970030629747348,-2.488069105577239,-0.008562861452762171
117,-2.2923764618170055,-2.1021813974740082,0.18338254681483537
118,-2.292376461859875,-2.1021813979069592,0.18338254681483537
119,-2.292376461816997,-2.1021813974740393,0.18338254681483537
120,-2.2923764618170055,-2.1021813974740082,0.18338254681474447
121,-2.2923764618598836,-2.102181397906928,0.18338254681483537
122,-2.292376461816997,-2.1021813974740393,0.18338254681483537
123,-2.2923764618169886,-2.1021813974740393,0.18338254681483537
124,-2.292376461859875,-2.1021813979069592,0.18338254681483537
125,-2.2923764618170055,-2.1021813974740082,0.18338254681483537
126,-2.2923764618170055,-2.1021813974740082,0.18338254681483537
127,-2.2923764618598836,-2.1021813979069592,0.18338254681483537
128,-2.2923764618169886,-2.1021813974740393,0.18338254681474447
129,-2.2923764618169886,-2.1021813974740082,0.18338254681483537
130,-2.2923764618599005,-2.102181397906928,0.18338254681483537
131,-2.2923764618169886,-2.1021813974740082,0.18338254681483537
132,-1.7695425338441857,-1.4305046732437274,0.6541058099472467
133,-1.7695425338013246,-1.4305046732436653,0.6541058099472467
134,-1.7695425338442028,-1.4305046728107456,0.6541058099472467
135,-1.7695425338442028,-1.4305046732436653,0.6541058099472467
136,-1.7695425338013078,-1.4305046732436963,0.6541058099472467
137,-1.7695425338441857,-1.4305046732436653,0.6541058099472467
138,-1.7695425338442028,-1.4305046728107456,0.6541058099472467
139,-1.7695425338013078,-1.4305046732436653,0.6541058099473376
140,-1.7695425338441857,-1.4305046732436653,0.6541058099472467
141,-1.7695425338013078,-1.4305046732437274,0.6541058099472467
142,-1.7695425338442028,-1.4305046732436653,0.6541058099472467
143,-1.7695425338442028,-1.4305046728107766,0.6541058099472467
144,-1.7695425338013078,-1.4305046732436653,0.6541058099472467
145,-1.7695425338442028,-1.4305046732436653,0.6541058099472467
146,-1.5230702511638685,-1.1232452124381922,0.5032915605941344
147,-1.5230702511209906,-1.1232452128710808,0.5032915605941344
148,-1.5230702511638685,-1.1232452124381611,0.5032915605941344
149,-1.5230702511638685,-1.1232452128710808,0.5032915605942253
150,-1.5230702511209906,-1.1232452124381922,0.5032915605941344
151,-1.5230702511638685,-1.1232452124381611,0.5032915605941344
152,-1.5230702511638854,-1.1232452128711432,0.5032915605941344
153,-1.5230702511209395,-1.12324521243813,0.5032915605941344
154,-1.5230702511639025,-1.1232452128711432,0.5032915605941344
155,-1.5230702511638514,-1.1232452124381611,0.5032915605941344
156,-1.5230702511209735,-1.12324521243813,0.5032915605941344
157,-1.5230702511638685,-1.1232452128711432,0.5032915605942253
158,-1.5230702511638854,-1.1232452124381611,0.5032915605941344
159,-1.5230702511210075,-1.1232452128710808,0.5032915605941344
160,-1.5230702511638345,-1.1232452124381922,0.5032915605941344
161,-2.29720474348756,0.10144051236736458,0.39132340577138425
162,-2.2972047434875433,0.10144051280025317,0.39132340577138425
163,-2.29720474348756,0.10144051280025317,0.39132340577138425
164,-2.297204743487526,0.10144051236733344,0.39132340577138425
165,-2.4179117849081107,-1.4014905597027427,-0.008562861452762171
166,-2.4179117849080933,-1.4014905601356313,-0.008562861452762171
167,-2.4179117849509715,-1.4014905597027427,-0.008562861452762171
168,-2.4179117849081107,-1.4014905597027116,-0.008562861452762171
169,-2.4179117849081107,-1.4014905601356624,-0.008562861452762171
170,-2.4179117849081107,-1.4014905597027116,-0.008562861452762171
171,-2.2537502085813053,-1.866586796924171,-0.008562861452762171
172,-2.2537502085812373,-1.866586796924171,-0.008562861452762171
173,-2.2537502085384444,-1.866586797357153,-0.008562861452762171
174,-2.2537502085812715,-1.866586796924171,-0.008562861452762171
175,-2.2537502085813053,-1.866586796924171,-0.008562861452762171
176,-2.659325867749211,-1.5741245346652966,-0.008562861452762171
177,-2.659325867792106,-1.5741245342323145,-0.008562861452762171
178,-2.7696865913655784,-1.8323501431017348,0.14377476415640184
179,-2.7696865913226834,-1.8323501435346545,0.14377476415649276
180,-2.769686591365612,-1.8323501431017035,0.14377476415640184
181,-2.769686591365612,-1.8323501435346545,0.14377476415649276
182,-2.7696865913655784,-1.8323501431017348,0.14377476415640184
183,-2.769686591322717,-1.8323501435346545,0.14377476415640184
184,-2.769686591365544,-1.8323501431016413,0.14377476415649276
185,-2.769686591365612,-1.8323501431017035,0.14377476415640184
186,-2.769686591322717,-1.8323501435346545,0.14377476415640184
187,-2.769686591365544,-1.8323501431017035,0.14377476415649276
188,-2.769686591365612,-1.8323501435346545,0.14377476415640184
189,-2.769686591365612,-1.8323501431017035,0.14377476415649276
190,-2.769686591322717,-1.8323501435346545,0.14377476415640184
191,-2.7696865913655784,-1.8323501431017035,0.14377476415640184
192,-2.769686591365612,-1.8323501431017035,0.14377476415649276
193,-2.7696865913226834,-1.8323501435346545,0.14377476415640184
194,-2.769686591365612,-1.8323501431017035,0.14377476415640184
195,-2.769686591365544,-1.8323501435345921,0.14377476415649276
196,-2.769686591365612,-1.832350143101766,0.14377476415640184
197,-2.769686591322649,-1.8323501435345921,0.14377476415649276
198,-2.7696865913656463,-1.8323501431017035,0.14377476415640184
199,-3.245962089069407,-2.1956068424524937,-0.008562861452762171
200,-3.245962089112302,-2.19560684288532,-0.008562861452762171
201,-3.245962089069475,-2.1956068428854447,-0.008562861452762171
202,-3.2459620891123357,-2.1956068424524937,-0.008562861452762171
203,-3.245962089069475,-2.1956068424524937,-0.008562861452762171
204,-3.245962089112268,-2.195606842885382,-0.008562861452762171
205,-3.2459620890694407,-2.195606842885382,-0.008562861452762171
206,-3.2459620891123357,-2.195606842452556,-0.008562861452762171
207,-3.245962089069407,-2.195606842452369,-0.008562861452762171
208,-3.2459620891123357,-2.1956068428854447,-0.008562861452762171
209,-3.245962089069475,-2.195606842885382,-0.008562861452762171
210,-3.245962089069407,-2.1956068424524937,-0.008562861452762171
211,-3.2459620891123357,-2.1956068424524315,-0.008562861452762171
212,-3.245962089069407,-2.1956068428854447,-0.008562861452762171
213,-3.245962089112302,-2.195606842885382,-0.008562861452762171
214,-3.245962089069475,-2.1956068424524315,-0.008562861452762171
215,-3.2459620891123357,-2.1956068424524937,-0.008562861452762171
216,-3.245962089069407,-2.195606842885382,-0.008562861452762171
217,-3.245962089112302,-2.1956068428854447,-0.008562861452762171
218,-3.2459620890694407,-2.1956068424524315,-0.008562861452762171
219,-3.021446992053791,-1.943087342769981,0.3291188753142908
220,-3.02144699201093,-1.9430873423370925,0.3291188753142908
221,-3.021446992053791,-1.943087342769981,0.3291188753142908
222,-3.021446992053757,-1.9430873427700432,0.3291188753142908
223,-3.021446992010896,-1.943087342769981,0.3291188753142908
224,-3.021446992053825,-1.9430873423370925,0.3291188753142908
225,-3.021446992053757,-1.9430873427700432,0.3291188753142908
226,-3.021446992010896,-1.943087342769981,0.3291188753142908
227,-3.021446992053757,-1.94308734233703,0.3291188753142908
228,-3.021446992053825,-1.943087342769981,0.32911887531438166
229,-3.021446992010896,-1.943087342769981,0.3291188753142908
230,-3.021446992053757,-1.9430873427700432,0.3291188753142908
231,-3.021446992053825,-1.9430873423370925,0.3291188753142908
232,-3.0214469920108282,-1.943087342769981,0.3291188753142908
233,-3.021446992053825,-1.943087342769981,0.3291188753142908
234,-3.021446992053757,-1.9430873427700432,0.3291188753142908
235,-3.021446992010964,-1.94308734233703,0.3291188753142908
236,-3.021446992053757,-1.943087342769981,0.3291188753142908
237,-2.8575395357719637,-2.3084870143519565,0.22715956975307533
238,-2.857539535814961,-2.3084870139189433,0.22715956975298443
239,-2.8575395357720317,-2.3084870143520186,0.22715956975307533
240,-2.8575395357719637,-2.308487014351894,0.22715956975307533
241,-2.857539535814825,-2.3084870143519565,0.22715956975307533
242,-2.8575395357720317,-2.3084870139190055,0.22715956975298443
243,-2.857539535814893,-2.308487014351894,0.22715956975307533
244,-2.8575395357720317,-2.308487014351894,0.22715956975307533
245,-2.8575395357720317,-2.308487014351894,0.22715956975307533
246,-2.857539535814893,-2.3084870139190676,0.22715956975298443
247,-2.8575395357719637,-2.308487014351894,0.22715956975307533
248,-2.8575395357719637,-2.3084870143519565,0.22715956975307533
249,-2.857539535815029,-2.308487014351894,0.22715956975307533
250,-2.8575395357719637,-2.3084870139190055,0.22715956975298443
251,-2.857539535814893,-2.308487014351894,0.22715956975307533
252,-2.8575395357719637,-2.308487014351894,0.22715956975307533
253,-2.8575395357720317,-2.3084870143519565,0.22715956975307533
254,-2.857539535814825,-2.3084870139190055,0.22715956975298443
255,-2.8575395357720996,-2.3084870143519565,0.22715956975307533
256,-2.7752046275421187,-2.058515157140271,0.37532795508243294
257,-2.7752046275420508,-2.058515156707569,0.37532795508243294
258,-2.775204627499258,-2.058515157140271,0.375327955082342
259,-2.7752046275420508,-2.058515157140458,0.37532795508243294
260,-2.7752046275422546,-2.058515156707507,0.37532795508243294
261,-2.7752046275421187,-2.058515157140271,0.37532795508243294
262,-2.7752046275420508,-2.058515157140458,0.37532795508243294
263,-2.775204627499258,-2.058515156707382,0.375327955082342
264,-2.7752046275420508,-2.058515157140333,0.37532795508243294
265,-2.7752046275422546,-2.058515156707507,0.37532795508243294
266,-2.7752046275420508,-2.058515157140333,0.37532795508243294
267,-2.7752046275421187,-2.05851515714052,0.37532795508243294
268,-2.77520462749919,-2.05851515670732,0.375327955082342
269,-2.7752046275421867,-2.0585151571403952,0.37532795508243294
270,-2.7752046275421867,-2.0585151571403952,0.37532795508243294
271,-2.7752046275420508,-2.0585151567074447,0.37532795508243294
272,-2.7752046275421187,-2.0585151571403952,0.37532795508243294
273,-2.77520462749919,-2.058515157140333,0.375327955082342
274,-2.7752046275421867,-2.058515156707507,0.37532795508243294
275,-2.7752046275420508,-2.058515157140333,0.37532795508243294
276,-2.8283157257465876,-1.6655189911071298,-0.008562861452762171
277,-2.8283157257465876,-1.6655189915399562,-0.008562861452762171
278,-3.154224737629221,-0.523088277575416,0.7912096729955307
279,-3.1542247375864956,-0.5230882775755406,0.7912096729955307
280,-3.1542247375862917,-0.5230882780083046,0.7912096729955307
281,-3.1542247376293564,-0.5230882775753537,0.7912096729955307
282,-3.415756660699936,0.11159545245292044,-0.008562861452762171
283,-3.415756660700004,0.11159545202015646,-0.008562861452762171
284,-3.415756660699936,0.11159545245298273,-0.008562861452762171
285,-2.7163873782491277,1.7216149794366273,0.2822635147102617
286,-2.7163873782490597,1.7216149794364404,0.2822635147102617
287,-2.7163873782919206,1.7216149794365028,0.2822635147102617
288,-2.7163873782491277,1.7216149794366273,0.2822635147102617
289,-2.7163873782491277,1.7216149794365028,0.2822635147102617
290,-2.7163873782490597,1.721614979869516,0.28226351471017075
291,-2.7163873782491277,1.7216149794365028,0.2822635147102617
292,-2.716387378248992,1.7216149794365028,0.2822635147102617
293,-2.7163873782919885,1.721614979436565,0.2822635147102617
294,-2.716387378248992,1.7216149794365028,0.2822635147102617
295,-2.7163873782491277,1.7216149794366273,0.2822635147102617
296,-1.978001678390914,1.3098783345075975,-0.008562861452762171
297,-1.9780016783910497,1.3098783340748337,-0.008562861452762171
298,-1.978001678390914,1.309878334507722,-0.008562861452762171
299,-1.978001678390846,1.3098783340747713,-0.008562861452762171
300,-1.9780016783481889,1.309878334507722,-0.008562861452762171
301,-1.978001678390914,1.3098783340748337,-0.008562861452762171
302,-1.978001678390846,1.309878334507722,-0.008562861452762171
303,-1.9780016783911176,1.3098783340748337,-0.008562861452762171
304,-1.978001678390846,1.309878334507722,-0.008562861452762171
305,-1.0338043765875322,2.0410339912372386,0.41798249025296974
306,-1.033804376544875,2.0410339912373012,0.41798249025306067
307,-1.0338043765875322,2.0410339912372386,0.41798249025296974
308,-2.0123361257401027,1.7770055593999943,0.3113461523265368
309,-2.01233612569731,1.7770055593999943,0.3113461523265368
310,-2.0123361257401706,1.7770055598328829,0.3113461523266277
311,-2.012336125697174,1.7770055593999943,0.3113461523265368
312,-2.0123361257402386,1.7770055593998697,0.3113461523265368
313,-2.900739950633207,0.010046055492611507,-0.008562861452762171
314,-1.9350836191829464,-0.5383206870545103,-0.008562861452762171
315,-2.514477418061797,-1.0866874300346454,-0.008562861452762171
316,-2.2730633352204928,-1.5131948958828616,-0.008562861452762171
317,-2.224780518600907,-2.1224912772124496,-0.008562861452762171
318,-1.7419523529616348,-2.3662098293114084,-0.008562861452762171
319,-1.5488210866542618,-2.609928381410118,-0.008562861452762171
320,-1.9350836191830143,-2.427139467227848,-2.887743985466635
321,-2.04371995649158,-2.6518175079107187,-0.10853442825879878
322,-2.043719956491444,-2.6518175074777055,-0.10853442825879878
323,-2.043719956491512,-2.6518175079107187,-0.10853442825879878
324,-2.043719956491444,-2.6518175074777055,-0.10853442825879878
325,-2.0437199565343733,-2.6518175079107187,-0.10853442825879878
326,-2.04371995649158,-2.6518175074777677,-0.10853442825879878
327,-2.043719956491512,-2.6518175079107187,-0.10853442825879878
328,-2.043719956491444,-2.6518175074777677,-0.10853442825879878
329,-2.043719956491512,-2.6518175079107187,-0.10853442825879878
330,-2.043719956491444,-2.6518175079106565,-0.10853442825879878
331,-2.04371995649158,-2.6518175074778303,-0.10853442825879878
332,-2.0437199565343733,-2.6518175079107187,-0.10853442825879878
333,-2.043719956491512,-2.6518175074777055,-0.10853442825879878
334,-2.04371995649158,-2.6518175079107187,-0.10853442825879878
335,-2.043719956491444,-2.6518175074777055,-0.10853442825879878
336,-2.043719956491444,-2.6518175079107187,-0.10853442825879878
337,-2.031649252336667,-2.6370082206285055,0.4890733822039857
338,-2.031649252379324,-2.6370082206285677,0.4890733822038948
339,-2.031649252336667,-2.6370082206283807,0.4890733822039857
340,-2.0316492523795278,-2.6370082206285677,0.4890733822039857
341,-2.031649252336463,-2.637008221061394,0.4890733822038948
342,-2.0316492523795278,-2.637008220628443,0.4890733822039857
343,-2.031649252336599,-2.6370082206285055,0.4890733822039857
344,-2.031649252379392,-2.6370082206285055,0.4890733822038948
345,-2.031649252336735,-2.6370082206285055,0.4890733822039857
346,-1.6212453114980196,-2.244350553045391,0.39132340577138425
347,-1.6212453114980196,-2.2443505530454533,0.39132340577138425
348,-1.6212453114981555,-2.2443505530454533,0.39132340577138425
349,-1.6212453114981555,-2.244350553045329,0.39132340577138425
350,-0.9901199234697035,-1.2781805780195528,0.7683590291541197
351,-0.9901199235126323,-1.2781805780194904,0.7683590291542106
352,-0.9901199234698392,-1.278180578019615,0.7683590291541197
353,-0.9901199234698392,-1.2781805780194282,0.7683590291541197
354,-0.9901199235124964,-1.278180578019615,0.7683590291542106
355,-0.9901199234699751,-1.2781805780194904,0.7683590291541197
356,-0.9901199235126323,-1.2781805775866641,0.7683590291542106
357,-0.9901199234697035,-1.2781805780194904,0.7683590291541197
358,-0.9901199234697035,-1.278180578019615,0.7683590291541197
359,-0.9901199235126323,-1.2781805780194904,0.7683590291542106
360,-0.9901199234697035,-1.2781805780195528,0.7683590291541197
361,-0.9901199234699751,-1.2781805780194904,0.7683590291541197
362,-0.9901199235124964,-1.2781805780195528,0.7683590291542106
363,-0.9901199234698392,-1.278180578019615,0.7683590291541197
364,-0.8943206842688409,-1.1679269472565443,0.4890733822039857
365,-0.8943206842688409,-1.1679269472566067,0.4890733822038948
366,-0.8943206842260479,-1.1679269472565443,0.4890733822039857
367,-0.8943206842688409,-1.1679269472566691,0.4890733822039857
368,-0.8943206842688409,-1.167926946823656,0.4890733822038948
369,-0.8943206842689768,-1.1679269472566067,0.4890733822039857
370,-0.894320684225912,-1.1679269472565443,0.4890733822039857
371,-0.8943206842689768,-1.1679269472566691,0.4890733822038948
372,-0.8943206842688409,-1.1679269472566067,0.4890733822039857
373,-0.10033658956486471,-0.2580443521191471,0.3113461523265368
374,-0.10033658956472886,-0.2580443521192717,0.3113461523265368
375,-0.10033658952193579,-0.25804435168625856,0.3113461523266277
376,-0.10033658956472886,-0.2580443521191471,0.3113461523265368
377,-0.10033658956472886,-0.2580443521192717,0.3113461523265368
378,-0.8728616546648912,-1.3608708010916688,0.49795974369781726
379,-0.8728616546648912,-1.3608708010917934,0.49795974369781726
380,-0.8728616546648912,-1.3608708010916688,0.49795974369781726
381,-0.8728616547078201,-1.360870801091731,0.49795974369781726
382,-0.8728616546648912,-1.3608708010917934,0.49795974369781726
383,-0.8728616546648912,-1.360870801091731,0.49795974369790813
384,-0.8728616546648912,-1.360870801091731,0.49795974369781726
385,-0.872861654665027,-1.360870801091731,0.49795974369781726
386,-0.8728616547076842,-1.360870801091731,0.49795974369781726
387,-0.8728616546648912,-1.360870801091731,0.49795974369781726
388,-0.8728616546647553,-1.360870801091731,0.49795974369781726
389,-0.872861654665027,-1.360870801091731,0.49795974369781726
390,-1.0556466031250502,-1.4609694922019474,0.6541058099472467
391,-1.0556466031250502,-1.4609694922019474,0.6541058099472467
392,-1.0556466030821212,-1.4609694922019474,0.6541058099472467
393,-1.0556466031250502,-1.4609694922018228,0.6541058099472467
394,-1.0556466031249143,-1.4609694922019474,0.6541058099472467
395,-1.0556466031250502,-1.4609694922019474,0.6541058099472467
396,-1.055646603082257,-1.4609694922019474,0.6541058099472467
397,-1.0556466031249143,-1.4609694922019474,0.6541058099472467
398,-1.0556466031250502,-1.4609694922018228,0.6541058099472467
399,-1.0556466031250502,-1.4609694922019474,0.6541058099472467
400,-1.0556466031250502,-1.4609694922019474,0.6541058099472467
401,-1.055646603082257,-1.4609694922018228,0.6541058099472467
402,-1.0556466031249143,-1.460969492202072,0.6541058099472467
403,-1.0556466031250502,-1.4609694922018228,0.6541058099472467
404,-1.186699962392543,-1.4479131412817345,0.6541058099472467
405,-1.1866999623498857,-1.4479131412816098,0.6541058099472467
406,-1.1866999623926786,-1.4479131408487835,0.6541058099472467
407,-1.1866999623926786,-1.4479131412816098,0.6541058099472467
408,-1.1866999623497498,-1.4479131412817345,0.6541058099472467
409,-1.1866999623926786,-1.4479131412814852,0.6541058099472467
410,-1.1866999623926786,-1.447913140848908,0.6541058099472467
411,-1.186699962349614,-1.4479131412816098,0.6541058099473376
412,-1.1866999623928145,-1.4479131412816098,0.6541058099472467
413,-1.1866999623497498,-1.4479131412817345,0.6541058099472467
414,-1.1866999623928145,-1.4479131412817345,0.6541058099472467
415,-1.1866999623926786,-1.447913140848659,0.6541058099472467
416,-1.186699962349614,-1.4479131412817345,0.6541058099472467
417,-1.1866999623926786,-1.4479131412814852,0.6541058099472467
418,-0.4141748972495875,-0.5281657474019054,0.36466432128979875
419,-0.4141748972495875,-0.5281657474017808,0.3646643212897078
420,-0.41417489729251644,-0.5281657478348563,0.36466432128979875
421,-0.41417489724972334,-0.5281657474016562,0.36466432128979875
422,-0.4141748972495875,-0.5281657474019054,0.36466432128979875
423,-0.41417489724972334,-0.5281657474016562,0.36466432128979875
424,-0.41417489724945167,-0.5281657474017808,0.3646643212897078
425,-0.41417489724972334,-0.5281657474017808,0.36466432128979875
426,-0.4141748972495875,-0.5281657474017808,0.36466432128979875
427,-0.41417489729251644,-0.5281657478348563,0.3646643212897078
428,-0.41417489724972334,-0.5281657474016562,0.36466432128979875
429,-0.4141748972495875,-0.5281657474019054,0.36466432128979875
430,0.0824483588954301,-0.1161653374580308,0.048563748150674324
431,0.08244835889529425,-0.11616533789110627,0.048563748150674324
432,0.0824483588954301,-0.1161653374581554,0.048563748150674324
433,0.0824483588954301,-0.11616533789085709,0.04856374815076525
434,0.08244835889529425,-0.1161653374581554,0.048563748150674324
435,0.0824483588954301,-0.11616533789098167,0.048563748150674324
436,0.08244835885250118,-0.1161653374580308,0.048563748150674324
437,0.0824483588954301,-0.1161653374581554,0.048563748150674324
438,0.0824483588954301,-0.11616533789110627,0.048563748150674324
439,0.08244835889529425,-0.1161653374580308,0.048563748150674324
440,0.08244835889529425,-0.11616533789098167,0.04856374815076525
441,0.0824483588954301,-0.1161653374581554,0.048563748150674324
442,0.08244835889556597,-0.11616533789085709,0.048563748150674324
443,0.0824483588951584,-0.1161653374581554,0.048563748150674324
444,0.08244835889556597,-0.1161653374581554,0.048563748150674324
445,0.0824483588951584,-0.11616533789098167,0.048563748150674324
446,0.08244835889556597,-0.1161653374580308,0.048563748150674324
447,0.08244835889529425,-0.11616533789098167,0.04856374815076525
448,0.0824483588954301,-0.1161653374581554,0.048563748150674324
449,0.0824483588954301,-0.11616533789110627,0.048563748150674324
450,0.08244835889529425,-0.11616533745790622,0.048563748150674324
451,0.08244835885236533,-0.1161653374581554,0.048563748150674324
452,0.0824483588954301,-0.11616533789110627,0.048563748150674324
453,0.08244835889556597,-0.11616533745790622,0.048563748150674324
454,0.0824483588951584,-0.11616533789110627,0.04856374815076525
455,0.08244835889556597,-0.1161653374581554,0.048563748150674324
456,0.08244835889529425,-0.11616533789098167,0.048563748150674324
457,0.0824483588954301,-0.1161653374581554,0.048563748150674324
458,-1.4945029180216132,-1.2770925489565563,0.5512779126610792
459,-1.4945029179785483,-1.2770925485236053,0.5512779126609882
460,-1.4945029180213414,-1.2770925485236053,0.5512779126610792
461,-1.4945029180217488,-1.277092548956681,0.5512779126609882
462,-1.4945029180214773,-1.2770925489564318,0.5512779126610792
463,-1.4945029180214773,-1.2770925485237299,0.5512779126610792
464,-1.4945029179786842,-1.2770925485236053,0.5512779126609882
465,-1.4945029180216132,-1.2770925489565563,0.5512779126610792
466,-1.0991873573658415,-1.9892076938371581,0.49129497257742083
467,-1.0991873573231843,-1.9892076934044565,0.49129497257742083
468,-1.0991873573229125,-1.9892076938371581,0.49129497257742083
469,-1.099187357366113,-1.9892076938371581,0.49129497257742083
470,-1.0991873573659774,-1.989207693404332,0.49129497257742083
471,-1.0991873573231843,-1.9892076938371581,0.49129497257742083
472,-1.0991873573230484,-1.9892076938371581,0.49129497257742083
473,-1.0991873573659774,-1.9892076938371581,0.49129497257742083
474,-1.0991873573659774,-1.989207693404332,0.49129497257742083
475,-1.0991873573231843,-1.9892076938371581,0.49129497257742083
476,-1.0991873573229125,-1.9892076938371581,0.49129497257742083
477,-1.099187357366113,-1.989207693404332,0.49129497257742083
478,-1.0991873573658415,-1.9892076938371581,0.49129497257742083
479,-1.0991873573230484,-1.9892076938371581,0.49129497257742083
480,-1.0991873573231843,-1.9892076934044565,0.49129497257742083
481,-1.0991873573659774,-1.9892076938371581,0.49129497257742083
482,-1.6212453114980196,-2.801421529828101,0.19709293311966378
483,-1.6212453114981555,-2.801421529827976,0.19709293311966378
484,-1.6212453115409486,-2.80142152939515,0.19709293311966378
485,-1.6212453114981555,-2.801421529827976,0.19709293311966378
486,-1.6212453114980196,-2.801421529828101,0.19709293311966378
487,-1.6212453114981555,-2.8014215298278518,0.19709293311966378
488,-1.6212453115410845,-2.801421529827976,0.19709293311966378
489,-1.621245311497884,-2.80142152939515,0.19709293311957285
490,-1.6212453114984273,-2.801421529827976,0.19709293311966378
491,-1.621245311497884,-2.801421529828101,0.19709293311966378
492,-1.6212453114981555,-2.801421529827976,0.19709293311966378
493,-1.6212453115410845,-2.80142152939515,0.19709293311966378
494,-1.621245311497884,-2.801421529827976,0.19709293311966378
495,-1.6212453114982914,-2.801421529828101,0.19709293311966378
496,-1.9316348466101372,-2.9015202209381927,0.33419679616794773
497,-1.931634846610273,-2.9015202209381927,0.33419679616794773
498,-1.9316348465670725,-2.901520220938317,0.33419679616794773
499,-1.9316348466101372,-2.9015202205051174,0.3341967961678568
500,-1.931634846610273,-2.901520220938442,0.33419679616794773
501,-1.9316348466101372,-2.901520220938068,0.33419679616794773
502,-1.9316348465672082,-2.9015202209381927,0.33419679616794773
503,-1.931634846610273,-2.901520220938317,0.33419679616794773
504,-1.9316348466101372,-2.901520220938068,0.33419679616794773
505,-1.931634846610273,-2.901520220938317,0.33419679616794773
506,-1.9316348466101372,-2.9015202205052417,0.3341967961678568
507,-1.9316348465672082,-2.9015202209381927,0.33419679616794773
508,-1.931634846610409,-2.9015202209381927,0.33419679616794773
509,-1.9316348466100013,-2.901520220938317,0.33419679616794773
510,-1.445817744649556,-2.240288577270877,0.29001888474126836
511,-1.4458177446067628,-2.240288577270877,0.29001888474126836
512,-1.445817744649556,-2.240288577270752,0.29001888474126836
513,-1.44581774464942,-2.2402885772710017,0.29001888474126836
514,-1.4458177446067628,-2.240288577270877,0.29001888474126836
515,-1.445817744649556,-2.240288577270877,0.29001888474126836
516,-1.445817744649556,-2.240288577270877,0.29001888474126836
517,-1.4458177446067628,-2.2402885768380507,0.29001888474117743
518,-1.445817744649556,-2.240288577270877,0.29001888474126836
519,-1.44581774464942,-2.2402885772710017,0.29001888474126836
520,-1.4458177446067628,-2.240288577270877,0.29001888474126836
521,-1.445817744649556,-2.240288577270877,0.29001888474126836
522,-1.445817744649556,-2.240288577270877,0.29001888474126836
523,-1.4458177446067628,-2.2402885772710017,0.29001888474126836
524,-1.445817744649556,-2.240288577270752,0.29001888474126836
525,-0.9825953287029753,-2.1889599730820244,-0.7065461642440012
526,-0.9825953287031111,-2.1889599730821487,-0.7065461642440012
527,-0.9825953286603181,-2.1889599730818996,-0.7065461642440012
528,-0.9825953287029753,-2.1889599730818996,-0.7065461642440012
529,-0.9825953287031111,-2.1889599730820244,-0.7065461642440012
530,-0.9825953287031111,-2.188959972649198,-0.7065461642439103
531,-0.9825953287029753,-2.1889599730818996,-0.7065461642440012
532,-0.9825953287031111,-2.1889599730818996,-0.7065461642440012
533,-0.9825953286603181,-2.1889599730818996,-0.7065461642440012
534,-0.9825953287029753,-2.1889599730821487,-0.7065461642440012
535,-0.9825953287031111,-2.1889599730818996,-0.7065461642440012
536,-1.597103903231122,-3.645732228588109,-0.008562861452762171
537,-1.1022050333940074,-4.072239695302227,-0.4084491286769086
538,-1.1022050333940074,-4.0722396953019775,-0.4084491286769086
539,-1.1022050333512143,-4.072239695302227,-0.4084491286769086
540,-1.1022050333938715,-4.072239695302227,-0.4084491286769086
541,-0.6555889800909599,-5.0623463136097975,-1.5281306769045004
542,-0.6555889801333454,-5.062346314042624,-1.5281306769045004
543,-0.6555889800908241,-5.062346314042624,-1.5281306769045913
544,-0.6555889800908241,-5.062346313609673,-1.5281306769045004
545,0.01692167924021927,-5.5258467749588105,-2.202224670225215
546,0.016921679283012348,-5.525846774958686,-2.202224670225215
547,0.016921679239947567,-5.525846774958686,-2.202224670225215
548,0.01692167928328405,-5.525846774525735,-2.2022246702253057
549,0.016921679239947567,-5.525846774958935,-2.202224670225215
550,0.016921679283012348,-5.5258467749588105,-2.202224670225215
551,0.01692167924008342,-5.525846774958686,-2.202224670225215
552,-0.2934678558289693,-2.2849703116563718,-1.608107930349348
553,-0.2934678558291051,-2.284970312089198,-1.608107930349348
554,-0.2934678558291051,-2.284970311656496,-1.608107930349348
555,-0.7602017493617675,-1.4725751377049565,-0.22183553730562813
556,-0.7602017493191103,-1.472575137271881,-0.22183553730562813
557,-0.7602017493191103,-1.4725751377048317,-0.22183553730571906
558,-0.7602017493619033,-1.4725751377049565,-0.22183553730562813
559,-0.7602017493619033,-1.4725751372720055,-0.22183553730562813
560,-0.7602017493189744,-1.4725751377049565,-0.22183553730562813
561,-2.9731641754770326,-0.520041795852628,0.11940074405893923
562,-2.9731641754768967,-0.5200417954198017,0.11940074405903014
563,-2.9731641754342397,-0.5200417958528771,0.11940074405893923
564,-2.9731641754770326,-0.5200417958527526,0.11940074405893923
565,-2.9731641754768967,-0.5200417954196771,0.11940074405893923
566,-2.9731641754768967,-0.5200417958530017,0.11940074405903014
567,-2.9731641754770326,-0.520041795852628,0.11940074405893923
568,-2.9731641754342397,-0.5200417958527526,0.11940074405893923
569,-2.9731641754770326,-0.5200417954199262,0.11940074405903014
570,-2.9731641754768967,-0.5200417958527526,0.11940074405893923
571,-2.4799896919475493,-0.23367249660622297,0.6769564537886577
572,-2.4799896919047564,-0.23367249703917384,0.6769564537885667
573,-2.479989691947821,-0.23367249660622297,0.6769564537886577
574,-2.479989691947685,-0.23367249703929843,0.6769564537886577
575,-2.4799896919475493,-0.23367249660622297,0.6769564537886577
576,-2.4799896919047564,-0.23367249703929843,0.6769564537885667
577,-2.479989691947685,-0.23367249660622297,0.6769564537886577
578,-0.9573565836636984,-0.2235175569533688,0.12473256095525632
579,-0.9573565836634266,-0.22351755738644427,0.12473256095534725
580,-0.9573565836635625,-0.22351755695361797,0.12473256095525632
581,-0.9573565836636984,-0.2235175569533688,0.12473256095525632
582,-0.9573565836635625,-0.22351755738644427,0.12473256095534725
583,-0.9573565837064913,-0.2235175569534934,0.12473256095525632
584,-0.9573565836636984,-0.22351755695361797,0.12473256095525632
585,-0.9573565836634266,-0.22351755738644427,0.12473256095534725
586,-0.9573565836635625,-0.22351755695361797,0.12473256095525632
587,-0.9573565836635625,-0.2235175569533688,0.12473256095525632
588,-0.9573565836635625,-0.22351755738644427,0.12473256095534725
589,-0.9573565836636984,-0.2235175569533688,0.12473256095525632
590,-0.14861940614145328,0.11159545245285815,-0.008562861452762171
591,-0.14861940609879604,0.11159545202015646,-0.008562861452762171
592,-0.14861940614145328,0.11159545245285815,-0.008562861452762171
593,-1.5295079600150405,0.36343795610097,0.24736434957073156
594,-1.5295079600150405,0.3634379565340455,0.24736434957064063
595,-1.5295079600579695,0.3634379561007208,0.24736434957073156
596,-1.5295079600150405,0.3634379565337963,0.24736434957064063
597,-1.5295079600150405,0.36343795610109464,0.24736434957073156
598,-3.515541148257685,-0.3880275799341926,0.41798249025296974
599,-3.5155411483007497,-0.3880275799341926,0.41798249025306067
600,-3.515541148257685,-0.3880275799341926,0.41798249025296974
601,-3.515541148300614,-0.38802757993394343,0.41798249025296974
602,-3.515541148257685,-0.3880275799341926,0.41798249025296974
603,-3.515541148257821,-0.3880275799341926,0.41798249025306067
604,-3.515541148300614,-0.38802757993394343,0.41798249025296974
605,-3.515541148257685,-0.3880275795013663,0.41798249025296974
606,-3.5155411483007497,-0.388027579934068,0.41798249025296974
607,-3.515541148257685,-0.3880275799341926,0.41798249025306067
608,-3.515541148257685,-0.38802757993394343,0.41798249025296974
609,-3.515541148300614,-0.3880275799341926,0.41798249025296974
610,-3.515541148257685,-0.388027579934068,0.41798249025296974
611,-3.5155411483007497,-0.3880275799341926,0.41798249025306067
612,-3.515541148257957,-0.388027579934068,0.41798249025296974
613,-3.653951889093944,-0.8429688775029224,-0.008562861452762171
614,-3.6539518891367373,-0.8429688775026731,-0.008562861452762171
615,-3.6539518890942158,-0.8429688775030469,-0.008562861452762171
616,-3.65395188909408,-0.8429688775027978,-0.008562861452762171
617,-3.6539518890942158,-0.8429688775026731,-0.008562861452762171
618,-3.6539518891368727,-0.8429688775027978,-0.008562861452762171
619,-3.65395188909408,-0.8429688775029224,-0.008562861452762171
620,-3.65395188909408,-0.8429688775027978,-0.008562861452762171
621,-3.65395188909408,-0.8429688775027978,-0.008562861452762171
622,-3.6539518891370086,-0.8429688775029224,-0.008562861452762171
623,-3.6539518890942158,-0.8429688775026731,-0.008562861452762171
624,-3.653951889093944,-0.8429688775030469,-0.008562861452762171
625,-3.653951889093944,-0.8429688775027978,-0.008562861452762171
626,-3.6539518891370086,-0.8429688775026731,-0.008562861452762171
627,-3.6539518890943516,-0.8429688775027978,-0.008562861452762171
628,-2.8621136973545607,-1.098873357358188,0.24736434957073156
629,-2.862113697354289,-1.0988733573583125,0.24736434957064063
630,-2.8621136973548325,-1.0988733573580634,0.24736434957073156
631,-2.8621136973545607,-1.0988733573580634,0.24736434957064063
632,-2.8621136973546966,-1.0988733573583125,0.24736434957073156
633,-3.23871966662796,-0.5992503254039633,0.7912096729955307
634,-3.2387196665850313,-0.5992503249708878,0.7912096729955307
635,-2.6834672760592078,-0.6601799633204654,0.7912096729955307
636,-2.683467276059072,-0.6601799633204654,0.7912096729955307
637,-2.683467276016007,-0.6601799633204654,0.7912096729955307
638,-2.683467276059072,-0.6601799633204654,0.7912096729955307
639,-2.2151239553025572,-1.037943719441561,0.9191732785072321
640,-2.2151239553458937,-1.0379437190088594,0.919173278507323
641,-2.2151239553025572,-1.0379437194416856,0.9191732785072321
642,-2.215123955345758,-1.0379437194418102,0.9191732785072321
643,-2.2151239553025572,-1.0379437194414365,0.919173278507323
644,-2.215123955302693,-1.0379437190088594,0.9191732785072321
645,-2.215123955345758,-1.0379437194416856,0.9191732785072321
646,-2.2151239553025572,-1.0379437194416856,0.9191732785072321
647,-2.2151239553454865,-1.0379437190087348,0.919173278507323
648,-2.215123955302829,-1.0379437194416856,0.9191732785072321
649,-2.031649252336463,-1.1110592851144943,0.5672733633500305
650,-2.0316492523795278,-1.1110592846819172,0.5672733633499396
651,-2.031649252336599,-1.1110592851144943,0.5672733633500305
652,-2.031649252379392,-1.1110592846817926,0.5672733633499396
653,-2.031649252336599,-1.1110592851147434,0.5672733633500305
654,-1.8095482961347196,-1.4035215478063507,0.9191732785072321
655,-1.8095482961348552,-1.4035215478064753,0.919173278507323
656,-1.8095482961347196,-1.4035215478063507,0.9191732785072321
657,-1.8095482961348552,-1.4035215478064753,0.9191732785072321
658,-1.8095482961344478,-1.4035215478065999,0.9191732785072321
659,-1.8095482960919265,-1.4035215473733997,0.919173278507323
660,-1.8095482961347196,-1.4035215478063507,0.9191732785072321
661,-1.8095482961349911,-1.4035215478065999,0.9191732785072321
662,-1.8095482961345837,-1.4035215478062262,0.919173278507323
663,-1.8095482961348552,-1.4035215478064753,0.9191732785072321
664,-1.6019321849017274,-1.7630064122931115,0.3113461523265368
665,-1.6019321848587986,-1.763006412292987,0.3113461523265368
666,-1.6019321848587986,-1.763006412292987,0.3113461523266277
667,-1.6019321849015917,-1.763006412292987,0.3113461523265368
668,-1.6019321849015917,-1.763006412292987,0.3113461523265368
669,-1.6019321848589343,-1.7630064127259377,0.3113461523265368
670,-1.6019321848587986,-1.763006412292987,0.3113461523265368
671,-1.6019321849017274,-1.7630064122927378,0.3113461523266277
672,-1.6019321849017274,-1.763006412293236,0.3113461523265368
673,-1.6019321848587986,-1.763006412292987,0.3113461523265368
674,-1.6246940841136899,-2.00063200094637,-0.008562861452762171
675,-1.6246940841139617,-2.000632000513668,-0.008562861452762171
676,-1.6246940841136899,-2.000632000946619,-0.008562861452762171
677,-1.6246940841567545,-2.000632000946619,-0.008562861452762171
678,-1.6246940841136899,-2.00063200094637,-0.008562861452762171
679,-1.6246940841136899,-2.000632000513668,-0.008562861452762171
680,-1.6246940841140973,-2.0006320009464944,-0.008562861452762171
681,-2.514477418061593,-0.14227803973165679,-0.008562861452762171
682,-2.5144774180614573,-0.1422780397315322,-0.008562861452762171
683,-2.514477418062001,-0.1422780397315322,-0.008562861452762171
684,-2.5144774180186644,-0.1422780397315322,-0.008562861452762171
685,-2.514477418061729,-0.1422780397315322,-0.008562861452762171
686,-2.514477418061729,-0.142278039731283,-0.008562861452762171
687,-2.5416365023567926,0.3794319862269721,0.4713006592162317
688,-2.54163650239945,0.37943198622722124,0.4713006592162317
689,-2.5416365023565213,0.37943198666004757,0.4713006592161408
690,-2.541636502399722,0.37943198622722124,0.4713006592162317
691,-2.5416365023567926,0.3794319862270967,0.4713006592162317
692,-2.5416365023991783,0.37943198622722124,0.4713006592162317
693,-2.5416365023570644,0.3794319862269721,0.4713006592162317
694,-2.5416365023565213,0.3794319866602967,0.4713006592162317
695,-2.54163650239945,0.3794319862269721,0.4713006592161408
696,-2.5416365023567926,0.37943198622722124,0.4713006592162317
697,-2.54163650239945,0.3794319862270967,0.4713006592162317
698,-2.5416365023567926,0.37943198622722124,0.4713006592162317
699,-2.541636502399722,0.37943198622722124,0.4713006592162317
700,-2.5416365023565213,0.37943198666004757,0.4713006592161408
701,-2.54163650239945,0.37943198622722124,0.4713006592162317
702,-2.5416365023567926,0.3794319862270967,0.4713006592162317
703,-3.2548139387772275,0.23345472828598685,0.16916436842459584
704,-3.254813938820292,0.23345472871906228,0.16916436842468677
705,-3.2548139387772275,0.23345472828586225,0.16916436842459584
706,-3.254813938820292,0.23345472828598685,0.16916436842468677
707,-3.2548139387772275,0.23345472871906228,0.16916436842459584
708,-3.2548139388201562,0.23345472828586225,0.16916436842468677
709,-3.254813938777499,0.23345472828598685,0.16916436842459584
710,-3.254813938820292,0.23345472871881312,0.16916436842468677
711,-3.254813938777499,0.2334547282861114,0.16916436842459584
712,-3.395638820427189,0.4670183411650426,-0.008562861452762171
713,-3.3956388204703893,0.46701834073209175,-0.008562861452762171
714,-3.3956388204703893,0.46701834073196713,-0.008562861452762171
715,-3.3956388204275965,0.4670183411651672,-0.008562861452762171
716,-3.3393088677758986,0.21314484898052768,0.23136889888168932
717,-3.3393088678188274,0.2131448489804031,0.23136889888178025
718,-3.3393088677761704,0.21314484898052768,0.23136889888168932
719,-3.3393088678188274,0.21314484941335396,0.23136889888178025
720,-3.3393088677758986,0.21314484898065228,0.23136889888168932
721,-3.339308867819099,0.2131448489804031,0.23136889888168932
722,-3.3393088677758986,0.2131448489804031,0.23136889888178025
723,-3.3393088677758986,0.21314484898065228,0.23136889888168932
724,-3.3393088678188274,0.21314484941335396,0.23136889888178025
725,-3.3393088677761704,0.2131448489804031,0.23136889888168932
726,-3.3393088678188274,0.2131448489804031,0.23136889888178025
727,-3.3393088677758986,0.21314484898065228,0.23136889888168932
728,-3.0552449636192085,0.9483624819176338,0.6312551661058358
729,-3.055244963661594,0.94836248191726,0.6312551661059267
730,-3.0552449636189367,0.9483624814845584,0.6312551661058358
731,-3.055244963661866,0.9483624819176338,0.6312551661059267
732,-3.0552449636189367,0.94836248191726,0.6312551661058358
733,-3.2387196665851667,-0.3250669539138646,-0.008562861452762171
734,-3.238719666628096,-0.3250669539139892,-0.008562861452762171
735,-1.8385179860723586,0.7107368932640017,0.4713006592162317
736,-1.8385179860720868,0.7107368932638771,0.4713006592162317
737,-1.8385179860723586,0.7107368932638771,0.4713006592162317
738,-1.8385179860720868,0.7107368932640017,0.4713006592161408
739,-1.8385179860723586,0.7107368932638771,0.4713006592162317
740,-1.8385179860723586,0.7107368932638771,0.4713006592162317
741,-0.7900911119737153,1.1415964766629312,0.9054628922024036
742,-0.7900911119742586,1.1415964770958822,0.9054628922024945
743,-0.790091111973987,1.1415964766628066,0.9054628922024036
744,-0.7900911120171876,1.1415964770958822,0.9054628922024036
745,-0.790091111973987,1.1415964766629312,0.9054628922024036
746,-0.7900911119742586,1.141596477095633,0.9054628922024945
747,-0.790091111973987,1.1415964766630557,0.9054628922024036
748,-1.1406118192749908,0.9073734525453045,0.9511641798852256
749,-1.1406118193181913,0.9073734525454291,0.9511641798851347
750,-1.1406118192752623,0.9073734525453045,0.9511641798852256
751,-1.1406118192749908,0.9073734525454291,0.9511641798851347
752,-1.1406118192752623,0.9073734525454291,0.9511641798852256
753,-1.1406118193179196,0.9073734521123537,0.9511641798851347
754,-1.1406118192752623,0.9073734525453045,0.9511641798852256
755,-1.1406118192752623,0.9073734525454291,0.9511641798851347
756,-1.1406118192752623,0.9073734525453045,0.9511641798852256
757,-1.140611819317648,0.9073734525454291,0.9511641798851347
758,-1.1406118192755341,0.9073734525453045,0.9511641798852256
759,-1.3556898203901573,0.8911823599674197,0.23752099530052373
760,-1.3556898203472283,0.8911823599674197,0.23752099530061466
761,-1.3556898203898855,0.8911823599672951,0.23752099530052373
762,-1.3556898203469565,0.8911823595343442,0.23752099530061466
763,-1.3556898203901573,0.8911823599674197,0.23752099530052373
764,-1.3556898203898855,0.8911823599674197,0.23752099530052373
765,-1.3556898203475,0.8911823599672951,0.23752099530061466
766,-1.3556898203896137,0.8911823599671705,0.23752099530052373
767,-1.3556898203901573,0.8911823599674197,0.23752099530052373
768,-1.3556898203472283,0.8911823595342196,0.23752099530061466
769,-1.3556898203898855,0.8911823599674197,0.23752099530052373
770,-1.3556898203472283,0.8911823599674197,0.23752099530061466
771,-1.3556898203898855,0.8911823599674197,0.23752099530052373
772,-2.043719956491648,1.0610823121495099,0.19138027215931105
773,-2.043719956491648,1.0610823121495099,0.19138027215931105
774,-2.043719956491105,1.0610823121496344,0.19138027215931105
775,-2.043719956491648,1.0610823121495099,0.19138027215931105
776,-2.043719956534577,1.0610823125824607,0.19138027215931105
777,-2.0437199564913766,1.0610823121493853,0.19138027215931105
778,-2.0437199564913766,1.061082312149759,0.19138027215931105
779,-2.043719956491648,1.0610823121493853,0.19138027215931105
780,-2.2569690630284325,1.2773825274457076,0.39665522266770137
781,-2.2569690629852315,1.2773825274459567,0.39665522266770137
782,-2.2569690630284325,1.2773825270128811,0.39665522266770137
783,-2.2569690630284325,1.2773825274457076,0.39665522266770137
784,-2.2569690629852315,1.277382527445583,0.39665522266770137
785,-2.2569690630284325,1.2773825274459567,0.39665522266770137
786,-2.2569690630281607,1.2773825274458321,0.39665522266770137
787,-2.2569690629855033,1.2773825270127566,0.3966552226677923
788,-2.2569690630281607,1.2773825274457076,0.39665522266770137
789,-2.2569690630284325,1.2773825274458321,0.39665522266770137
790,-2.2569690629855033,1.2773825274457076,0.39665522266770137
791,-2.2569690630284325,1.2773825274457076,0.39665522266770137
792,-2.256969063027889,1.2773825270128811,0.39665522266770137
793,-2.256969062985775,1.2773825274458321,0.39665522266770137
794,-2.2569690630281607,1.2773825274457076,0.39665522266770137
795,-2.176497702067044,1.3504980931187651,-0.008562861452762171
796,-2.176497702067044,1.3504980926858141,-0.008562861452762171
797,-2.3092754476427113,-0.6982609870184193,-0.008562861452762171
798,-2.3092754475995108,-0.6982609870180455,-0.008562861452762171
799,-2.3092754476424395,-0.6982609870184193,-0.008562861452762171
800,-2.3092754476424395,-0.698260987451121,-0.008562861452762171
801,-2.3092754476421677,-0.6982609870182946,-0.008562861452762171
802,-2.3092754476427113,-0.6982609870181701,-0.008562861452762171
803,-2.3092754475995108,-0.6982609870181701,-0.008562861452762171
804,-2.3092754476424395,-0.6982609870184193,-0.008562861452762171
805,-0.245185039252109,-2.6708580193264955,0.5246188281794028
806,-0.2451850392526524,-2.6708580197596956,0.5246188281794937
807,-0.245185039252109,-2.6708580193266203,0.5246188281794028
808,-0.5638516286075731,-2.195606842885507,-0.008562861452762171
809,-0.5638516286507738,-2.1956068424524315,-0.008562861452762171
810,-0.5638516286075731,-2.195606842885382,-0.008562861452762171
811,-0.563851628650502,-2.1956068424524315,-0.008562861452762171
812,-0.5638516286075731,-2.195606842885382,-0.008562861452762171
813,-1.5166325422700053,-1.7366035691093746,0.5246188281794028
814,-1.5166325422697335,-1.7366035691091255,0.5246188281794937
815,-1.5166325422700053,-1.7366035691093746,0.5246188281794028
816,-2.082614447619336,-2.044636739297339,0.15139164543693276
817,-2.082614447619336,-2.044636739730539,0.15139164543684186
818,-2.0826144476187927,-2.044636739297464,0.15139164543693276
819,-2.082614447619336,-2.044636739297339,0.15139164543684186
820,-2.082614447619336,-2.0446367397304144,0.15139164543693276
821,-2.082614447619336,-2.044636739297588,0.15139164543693276
822,-2.0826144476187927,-2.044636739297464,0.15139164543684186
823,-2.082614447619336,-2.04463673973029,0.15139164543693276
824,-2.082614447619336,-2.044636739297588,0.15139164543684186
825,-2.082614447661993,-2.044636739297464,0.15139164543693276
826,-2.082614447619336,-2.0446367397304144,0.15139164543693276
827,-2.082614447619336,-2.044636739297339,0.15139164543684186
828,-2.082614447619336,-2.044636739297588,0.15139164543693276
829,-2.0826144476190644,-2.0446367397304144,0.15139164543693276
830,-2.082614447619336,-2.044636739297339,0.15139164543684186
831,-2.082614447619336,-2.044636739297588,0.15139164543693276
832,-2.082614447619336,-2.0446367397304144,0.15139164543684186
833,-2.0826144476190644,-2.044636739297464,0.15139164543693276
834,-2.2945223647816495,-2.3120501508747586,0.25802798336336574
835,-2.2945223647819213,-2.3120501508746343,0.2580279833632748
836,-2.2945223648243065,-2.3120501513077096,0.25802798336336574
837,-2.2945223647813777,-2.3120501508747586,0.25802798336336574
838,-2.2945223647819213,-2.3120501508746343,0.2580279833632748
839,-2.2945223647816495,-2.3120501508746343,0.25802798336336574
840,-2.29452236482485,-2.3120501513077096,0.25802798336336574
841,-2.2945223647813777,-2.3120501508746343,0.2580279833632748
842,-2.2945223647816495,-2.3120501508747586,0.25802798336336574
843,-2.2945223647819213,-2.3120501508748834,0.25802798336336574
844,-2.2945223647819213,-2.3120501508745095,0.2580279833632748
845,-2.2945223648240347,-2.312050151307585,0.25802798336336574
846,-2.2945223647819213,-2.3120501508748834,0.25802798336336574
847,-2.2945223647819213,-2.3120501508745095,0.2580279833632748
848,-2.2945223647813777,-2.3120501508748834,0.25802798336336574
849,-2.2945223648245783,-2.312050151307585,0.25802798336336574
850,-2.2945223647816495,-2.3120501508747586,0.2580279833632748
851,-2.2945223647816495,-2.3120501508746343,0.25802798336336574
852,-2.5439835837403804,-2.606543401670192,0.3291188753142908
853,-2.5439835837403804,-2.6065434016703164,0.3291188753142908
854,-2.543983583740652,-2.6065434016703164,0.3291188753142908
855,-2.5439835837403804,-2.6065434016703164,0.3291188753142908
856,-2.5439835836974516,-2.6065434012371167,0.3291188753142908
857,-2.543983583740109,-2.606543401670192,0.3291188753142908
858,-2.5439835837403804,-2.6065434016703164,0.3291188753142908
859,-2.5439835837403804,-2.6065434016703164,0.3291188753142908
860,-2.543983583740652,-2.6065434016703164,0.32911887531438166
861,-2.543983583740109,-2.6065434016703164,0.3291188753142908
862,-2.543983583740652,-2.6065434016700673,0.3291188753142908
863,-2.543983583740109,-2.6065434016703164,0.3291188753142908
864,-2.5439835837403804,-2.606543401670192,0.3291188753142908
865,-2.5439835836974516,-2.606543401237366,0.3291188753142908
866,-2.543983583740652,-2.606543401670192,0.3291188753142908
867,-2.543983583740109,-2.6065434016703164,0.3291188753142908
868,-2.543983583740924,-2.606543401670192,0.3291188753142908
869,-2.543983583740109,-2.606543401670192,0.3291188753142908
870,-3.130083329319326,-0.6373313491017927,-0.008562861452762171
871,-3.130083329319326,-0.637331349101668,-0.008562861452762171
872,-3.1300833293195978,-0.6373313491017927,-0.008562861452762171
873,-3.130083329319326,-0.6373313486689663,-0.008562861452762171
874,-3.130083329319326,-0.637331349101668,-0.008562861452762171
875,-3.1300833293198695,-0.6373313491017927,-0.008562861452762171
876,-3.1300833293190546,-0.6373313491017927,-0.008562861452762171
877,-3.1300833293195978,-0.637331349101668,-0.008562861452762171
878,-2.0702755056150415,1.7404477765635902,0.5672733633500305
879,-2.070275505615313,1.7404477769962918,0.5672733633499396
880,-2.0702755056150415,1.7404477765635902,0.5672733633500305
881,-2.070275505615313,1.7404477769962918,0.5672733633499396
882,-2.0702755056150415,1.7404477765633408,0.5672733633500305
883,-2.404743744023645,1.2895684547695614,0.8348336294199433
884,-2.404743744023645,1.2895684552021385,0.8348336294200343
885,-2.404743744066302,1.2895684547693123,0.8348336294199433
886,-2.404743744023645,1.289568455202263,0.8348336294200343
887,-2.4047437440231016,1.2895684547693123,0.8348336294199433
888,-2.404743744023645,1.289568455202014,0.8348336294200343
889,-2.4047437440233734,1.2895684547695614,0.8348336294199433
890,-2.404743744023645,1.2895684552021385,0.8348336294200343
891,-2.404743744066302,1.2895684547693123,0.8348336294199433
892,-2.404743744023645,1.289568455202263,0.8348336294200343
893,-2.404743744023645,1.2895684547693123,0.8348336294199433
894,-0.9619991622044336,1.5848428548688667,0.8281222515085372
895,-0.9619991621617764,1.5848428548686173,0.8281222515085372
896,-0.9619991622044336,1.5848428548689912,0.8281222515085372
897,-0.9619991621615047,1.5848428548686173,0.8281222515085372
898,-0.9619991622041619,1.5848428548688667,0.8281222515085372
899,-0.9619991621620481,1.5848428548687419,0.8281222515085372
900,-0.9619991622044336,1.5848428544359157,0.8281222515084463
901,-0.9619991621615047,1.5848428548688667,0.8281222515085372
902,-0.9619991622047054,1.5848428548687419,0.8281222515085372
903,-0.9619991621615047,1.5848428548688667,0.8281222515085372
904,-0.9619991622044336,1.5848428548686173,0.8281222515085372
905,-0.9619991621615047,1.5848428548688667,0.8281222515085372
906,-0.9619991622047054,1.5848428548689912,0.8281222515085372
907,0.7349561371238382,1.7526337043198965,0.5992642647279331
908,0.7349561370809092,1.752633704320021,0.5992642647279331
909,0.7349561371238382,1.7526337043198965,0.5992642647279331
910,0.7349561371241099,1.752633704320021,0.5992642647279331
911,0.7349561370806376,1.7526337043198965,0.5992642647279331
912,0.7349561371238382,1.752633704320021,0.5992642647280241
913,0.7349561371241099,1.7526337043197717,0.5992642647279331
914,0.7349561371238382,1.752633704320021,0.5992642647279331
915,0.7349561370809092,1.7526337043198965,0.5992642647279331
916,0.7349561371238382,1.752633704320021,0.5992642647279331
917,0.9136025584197346,1.5419912411037968,0.44845001537482077
918,0.9136025584189195,1.541991241536374,0.44845001537482077
919,0.9136025584197346,1.5419912411037968,0.44845001537482077
920,0.9136025584194628,1.5419912411035477,0.4484500153749117
921,0.9136025584191911,1.5419912411035477,0.44845001537482077
922,0.9136025584194628,1.541991241536623,0.44845001537482077
923,0.9136025584194628,1.5419912411037968,0.44845001537482077
924,1.058451008106979,1.4875897788636274,0.39132340577138425
925,1.058451008149636,1.4875897788637522,0.39132340577138425
926,1.0584510081499077,1.4875897784306766,0.39132340577138425
927,1.058451008106979,1.4875897788637522,0.39132340577138425
928,0.8854375820723533,1.5688292960859624,0.49795974369781726
929,0.8854375821150106,1.5688292960855887,0.49795974369781726
930,0.8854375820720817,1.5688292960857133,0.49795974369781726
931,0.8854375820723533,1.5688292960855887,0.49795974369781726
932,0.8854375821150106,1.5688292960858379,0.49795974369781726
933,0.8854375820723533,1.5688292965185395,0.49795974369790813
934,0.8854375820723533,1.5688292960858379,0.49795974369781726
935,0.8854375821150106,1.5688292960857133,0.49795974369781726
936,0.8854375820720817,1.5688292960855887,0.49795974369781726
937,0.8854375820723533,1.5688292960858379,0.49795974369781726
938,0.8854375821150106,1.5688292960855887,0.49795974369781726
939,0.8854375820720817,1.5688292960859624,0.49795974369781726
940,0.691501602217991,1.9963522564186063,0.3113461523265368
941,0.6915016021745186,1.9963522568518064,0.3113461523265368
942,0.6915016022177193,1.9963522564187308,0.3113461523266277
943,0.6915016021747903,1.996352256851931,0.3113461523265368
944,0.6915016022174476,1.9963522564187308,0.3113461523265368
945,-1.2027942345851466,1.6246814641759129,-0.008562861452762171
946,-1.202794234541946,1.624681464608739,-0.008562861452762171
947,-1.2027942345422176,1.6246814641759129,-0.008562861452762171
948,-1.202794234584875,1.6246814641757883,-0.008562861452762171
949,-1.202794234584875,1.6246814646086145,-0.008562861452762171
950,-1.202794234541946,1.6246814641760374,-0.008562861452762171
951,-1.5287032464247827,0.7564341217012225,1.0044823488483967
952,-1.528703246424511,0.7564341221341734,1.0044823488483967
953,-1.5287032464247827,0.756434121701347,1.0044823488483967
954,-1.5287032463821255,0.7564341221339241,1.0044823488483967
955,-1.5287032464247827,0.756434121701347,1.0044823488483967
956,-1.5287032464247827,0.756434121701347,1.0044823488483967
957,-1.5287032464242394,0.7564341221341734,1.0044823488484875
958,-1.5287032464247827,0.7564341217012225,1.0044823488483967
959,-1.5287032463818537,0.756434122134298,1.0044823488483967
960,-1.5287032464250545,0.7564341217012225,1.0044823488483967
961,-1.5287032464247827,0.7564341221341734,1.0044823488483967
962,-1.528703246424511,0.756434121701347,1.0044823488483967
963,-1.6035416120825148,0.8874328435679317,0.6099278985205673
964,-1.6035416121249004,0.8874328440010072,0.6099278985205673
965,-1.6035416120827866,0.887432843568181,0.6099278985206582
966,-1.603541612125172,0.8874328435680563,0.6099278985205673
967,-1.6035416120819714,0.8874328435679317,0.6099278985205673
968,-1.6035416120822432,0.8874328440010072,0.6099278985205673
969,-1.6035416121254438,0.887432843568181,0.6099278985205673
970,-1.6035416120822432,0.8874328435680563,0.6099278985206582
971,-1.603541612125172,0.8874328435679317,0.6099278985205673
972,-1.6035416120825148,0.8874328440010072,0.6099278985205673
973,-1.6035416120822432,0.887432843568181,0.6099278985205673
974,-1.603541612125172,0.8874328435680563,0.6099278985205673
975,-1.6035416120822432,0.8874328435680563,0.6099278985206582
976,-1.603541612125172,0.8874328440008826,0.6099278985205673
977,-1.6035416120825148,0.887432843568181,0.6099278985205673
978,-1.8256425683269157,0.9361765541609538,0.29001888474126836
979,-1.825642568326644,0.9361765541609538,0.29001888474126836
980,-1.8256425683271873,0.9361765541610784,0.29001888474126836
981,-1.8256425682842585,0.9361765541609538,0.29001888474126836
982,-1.8256425683271873,0.9361765541609538,0.29001888474126836
983,-1.8256425683271873,0.9361765541609538,0.29001888474126836
984,-1.825642568326644,0.9361765541609538,0.29001888474126836
985,-1.8256425683271873,0.9361765541610784,0.29001888474126836
986,-1.8256425683269157,0.9361765541609538,0.29001888474126836
987,-1.8256425683271873,0.9361765541612029,0.29001888474126836
988,-1.8256425683271873,0.9361765541609538,0.29001888474126836
989,-1.8256425682839867,0.9361765541609538,0.29001888474126836
990,-1.8256425683269157,0.9361765541610784,0.29001888474126836
991,-1.8256425683271873,0.9361765541609538,0.29001888474126836
992,-1.825642568326644,0.9361765541609538,0.29001888474126836
993,-1.5810096310393333,0.5330254489079718,0.5246188281794028
994,-1.58100963103879,0.5330254489078472,0.5246188281794937
995,-1.5810096309955894,0.5330254489078472,0.5246188281794028
996,-1.5810096310390618,0.5330254489078472,0.5246188281794028
997,-1.5810096310390618,0.5330254489079718,0.5246188281794937
998,-1.58100963103879,0.5330254489079718,0.5246188281794028
999,-1.58100963103879,0.5330254493406734,0.5246188281794028
1000,-1.58100963103879,0.5330254489079718,0.5246188281794937
1001,-1.5810096310393333,0.5330254489079718,0.5246188281794028
1002,-1.5810096309955894,0.5330254489079718,0.5246188281794028
1003,-1.58100963103879,0.5330254489077225,0.5246188281794937
1004,-1.5810096310390618,0.5330254489078472,0.5246188281794028
1005,-1.5413929610403554,0.6474638074356344,0.5820383947552513
1006,-1.5413929609976982,0.647463807868336,0.5820383947551604
1007,-1.5413929610400838,0.6474638074356344,0.5820383947552513
1008,-1.5413929610400838,0.647463807868336,0.5820383947551604
1009,-1.5413929609976982,0.6474638074356344,0.5820383947552513
1010,-1.5413929610406272,0.6474638074355098,0.5820383947551604
1011,-1.5413929610400838,0.6474638078685853,0.5820383947552513
1012,-1.5413929610400838,0.6474638074353852,0.5820383947551604
1013,-1.5413929609976982,0.6474638074356344,0.5820383947552513
1014,-1.5413929610403554,0.647463807868336,0.5820383947551604
1015,-1.5413929610403554,0.6474638074355098,0.5820383947552513
1016,-1.5413929609976982,0.6474638078685853,0.5820383947551604
1017,-1.5413929610400838,0.6474638074353852,0.5820383947552513
1018,-1.412751330847043,0.2759208398366879,1.0965773679666921
1019,-1.4127513308897002,0.2759208398365633,1.0965773679666921
1020,-1.412751330847043,0.2759208398365633,1.0965773679666921
1021,-1.4127513308467712,0.2759208398366879,1.0965773679666921
1022,-1.4127513308902435,0.2759208398368125,1.0965773679666921
1023,-1.412751330847043,0.27592083940336326,1.0965773679666921
1024,-1.4127513308897002,0.2759208398368125,1.0965773679666921
1025,-1.412751330847043,0.2759208398365633,1.0965773679666921
1026,-1.412751330847043,0.2759208398366879,1.0965773679666921
1027,-1.4127513308897002,0.2759208398365633,1.0965773679666921
1028,-1.4127513308473145,0.2759208398365633,1.0965773679666921
1029,-1.266021732467777,-0.6949968993964168,0.6312551661058358
1030,-1.266021732424848,-0.6949968989635906,0.6312551661059267
1031,-1.2660217324680487,-0.6949968993961677,0.6312551661058358
1032,-1.2660217324675052,-0.6949968993966661,0.6312551661059267
1033,-1.266021732467777,-0.6949968993961677,0.6312551661058358
1034,-1.266021732424848,-0.6949968989635906,0.6312551661059267
1035,-1.2660217324680487,-0.6949968993964168,0.6312551661058358
1036,-1.1893823410982838,-0.5586305663599695,1.1999823017135085
1037,-1.1893823410558984,-0.5586305667929203,1.1999823017135995
1038,-1.1893823410985556,-0.5586305663602187,1.1999823017135085
1039,-1.189382341055355,-0.5586305663599695,1.1999823017135995
1040,-1.1893823410988273,-0.5586305667929203,1.1999823017135085
1041,-1.189382341055355,-0.5586305663602187,1.1999823017135995
1042,-1.1893823410985556,-0.5586305663599695,1.1999823017135085
1043,-1.1893823410558984,-0.5586305667929203,1.1999823017135995
1044,-1.1893823410982838,-0.5586305663599695,1.1999823017135085
1045,-1.0659929209292673,-0.7820392395864203,-0.008562861452762171
1046,-0.5650586990359567,-1.3837194153104038,0.19138027215931105
1047,-0.5650586990359567,-1.3837194153104038,0.19138027215931105
1048,-0.5650586990362284,-1.3837194153104038,0.19138027215931105
1049,-0.5650586990362284,-1.3837194157433546,0.19138027215931105
1050,-0.565058699078614,-1.3837194153104038,0.19138027215931105
1051,-0.5650586990365001,-1.3837194153104038,0.19138027215931105
1052,-0.565058699035685,-1.3837194153104038,0.19138027215931105
1053,-0.5650586990359567,-1.3837194153105283,0.19138027215931105
1054,-1.3349971846961366,-0.3990529431835305,-0.008562861452762171
1055,-1.334997184695593,-0.3990529427507042,-0.008562861452762171
1056,-1.3349971846958648,-0.3990529431836551,-0.008562861452762171
1057,-1.3349971846961366,-0.39905294275045505,-0.008562861452762171
1058,-1.334997184695593,-0.39905294318377965,-0.008562861452762171
1059,-1.3349971846961366,-0.3990529427505796,-0.008562861452762171
1060,-1.3349971846958648,-0.3990529431835305,-0.008562861452762171
1061,-1.3717840925822176,0.3891638036830076,1.0222550718361507
1062,-1.3717840925392886,0.3891638032500568,1.0222550718361507
1063,-1.3717840925822176,0.3891638036830076,1.0222550718361507
1064,-1.3717840925395604,0.3891638032500568,1.0222550718361507
1065,-1.3717840925822176,0.38916380368288306,1.0222550718361507
1066,-1.3717840925392886,0.38916380325018135,1.0222550718361507
1067,-1.3717840925824893,0.38916380368288306,1.0222550718361507
1068,-1.3717840925392886,0.38916380325018135,1.0222550718361507
1069,-1.3717840925824893,0.38916380368313225,1.0222550718361507
1070,-1.2752184594287688,0.3197717157670768,1.0044823488483967
1071,-1.275218459428497,0.319771715767326,1.0044823488483967
1072,-1.2752184593855682,0.3197717153343751,1.0044823488483967
1073,-1.2752184594290403,0.3197717157670768,1.0044823488483967
1074,-1.275218459428497,0.3197717157675752,1.0044823488483967
1075,-1.2752184594287688,0.3197717157670768,1.0044823488483967
1076,-1.2752184594287688,0.319771715767326,1.0044823488484875
1077,-1.2752184594287688,0.3197717157672014,1.0044823488483967
1078,-1.275218459428497,0.3197717157672014,1.0044823488483967
1079,-1.2752184593858398,0.3197717153346243,1.0044823488483967
1080,-1.2752184594290403,0.3197717157670768,1.0044823488483967
1081,-1.275218459428497,0.319771715767326,1.0044823488483967
1082,-1.182676394312331,0.28930689680913724,0.8978460109219637
1083,-1.18267639435526,0.2893068963760618,0.8978460109219637
1084,-1.1826763943126029,0.2893068968088881,0.8978460109219637
1085,-1.18267639435526,0.28930689680913724,0.8978460109219637
1086,-1.182676394312331,0.2893068963760618,0.8978460109219637
1087,-1.1826763943126029,0.2893068968088881,0.8978460109220546
1088,-1.18267639435526,0.28930689680913724,0.8978460109219637
1089,-1.182676394312331,0.2893068963760618,0.8978460109219637
1090,-1.1826763943555316,0.28930689680901267,0.8978460109219637
1091,-1.182676394312331,0.28930689680913724,0.8978460109219637
1092,-1.18267639435526,0.2893068963759372,0.8978460109219637
1093,-1.182676394312331,0.28930689680901267,0.8978460109219637
1094,-1.0370232309917642,0.8265032056516789,1.079127785396927
1095,-1.0370232310344214,0.8265032056516789,1.079127785396927
1096,-1.037023230992036,0.8265032056515543,1.079127785396927
1097,-1.0370232310344214,0.8265032056514297,1.079127785396927
1098,-1.0370232309917642,0.826503205218728,1.0791277853968362
1099,-1.0370232309917642,0.8265032056515543,1.079127785396927
1100,-1.0370232310346932,0.8265032056516789,1.079127785396927
1101,-1.0370232309917642,0.8265032056514297,1.079127785396927
1102,-1.0370232310344214,0.8265032056515543,1.079127785396927
1103,-1.0370232309917642,0.8265032056515543,1.079127785396927
1104,-0.5163116246351004,1.0974057502381223,0.8035138658331086
1105,-0.5163116245924431,1.0974057502382468,0.8035138658331995
1106,-0.5163116246348286,1.0974057502381223,0.8035138658331995
1107,-0.5163116245927148,1.097405750671073,0.8035138658331995
1108,-0.5163116246348286,1.0974057502379975,0.8035138658331995
1109,-0.5163116246353721,1.0974057502381223,0.8035138658331995
1110,-0.5163116245921714,1.0974057502382468,0.8035138658331995
1111,-0.5163116246351004,1.0974057502379975,0.8035138658331995
1112,-0.5163116246353721,1.0974057502382468,0.8035138658331995
1113,-0.5163116245921714,1.0974057506709485,0.8035138658331995
1114,-0.5163116246353721,1.0974057502382468,0.8035138658331995
1115,-0.5163116245921714,1.0974057502381223,0.8035138658331995
1116,-0.5163116246353721,1.0974057502379975,0.8035138658331995
1117,-0.205955250802132,1.342881888379249,0.27135752560406756
1118,-0.205955250802132,1.3428818879462983,0.2713575256042494
1119,-0.2059552508026754,1.342881888379249,0.27135752560406756
1120,-0.205955250802132,1.342881888379,0.2713575256042494
1121,-0.2059552507597465,1.342881888379249,0.27135752560406756
1122,-0.2059552508024037,1.3428818883791245,0.2713575256042494
1123,-0.205955250802132,1.3428818879462983,0.27135752560406756
1124,-0.2059552508026754,1.342881888379,0.27135752560406756
1125,-0.205955250802132,1.342881888379249,0.2713575256042494
1126,-0.2059552508026754,1.3428818879462983,0.27135752560406756
1127,-0.205955250802132,1.342881888379,0.2713575256042494
1128,-0.2059552507594748,1.342881888379249,0.27135752560406756
1129,-0.2059552508024037,1.342881888379249,0.2713575256042494
1130,-0.2059552508024037,1.3428818883791245,0.27135752560406756
1131,-0.2059552508024037,1.3428818879461735,0.2713575256042494
1132,-0.2059552508024037,1.3428818883791245,0.27135752560406756
1133,-0.14490534329177496,1.1864567596340232,0.8281222515085372
1134,-0.14490534333416047,1.1864567600667248,0.8281222515085372
1135,-0.14490534329204666,1.1864567596338986,0.8281222515085372
1136,-0.1449053433344322,1.186456759633774,0.8281222515085372
1137,-0.14490534329177496,1.186456760066974,0.8281222515085372
1138,-0.14490534329150326,1.186456759633774,0.8281222515085372
1139,-0.1449053433344322,1.1864567596340232,0.8281222515083554
1140,-0.14490534329177496,1.1864567596338986,0.8281222515085372
1141,-0.14490534329150326,1.1864567600667248,0.8281222515085372
1142,-0.1449053433347039,1.1864567596340232,0.8281222515085372
1143,-0.14490534329177496,1.1864567596338986,0.8281222515085372
1144,-0.1449053433344322,1.1864567600667248,0.8281222515085372
1145,-0.14490534329150326,1.1864567596338986,0.8281222515085372
1146,-0.9050501990494193,0.4670183411651672,0.6312551661058358
1147,-0.9050501990496911,0.46701834073196713,0.6312551661058358
1148,-0.9050501990491476,0.4670183411651672,0.6312551661060176
1149,-0.9050501990496911,0.467018341164918,0.6312551661058358
1150,-0.9050501990494193,0.46701834073209175,0.6312551661058358
1151,-0.9050501990494193,0.4670183411650426,0.6312551661058358
1152,-0.9050501990923483,0.4670183411650426,0.6312551661058358
1153,-0.9050501990491476,0.46701834073209175,0.6312551661058358
1154,-0.9050501990494193,0.4670183411650426,0.6312551661058358
1155,-0.9050501990496911,0.4670183411651672,0.6312551661060176
1156,-0.9050501990494193,0.46701834073209175,0.6312551661058358
1157,-0.9050501990496911,0.4670183411650426,0.6312551661058358
1158,-1.1625585540827161,-0.023803743638578918,1.0222550718362415
1159,-1.1625585540827161,-0.023803743205503457,1.0222550718360597
1160,-1.1625585541256451,-0.02380374363845433,1.0222550718362415
1161,-1.1625585540827161,-0.023803743205503457,1.0222550718360597
1162,-1.162558554082988,-0.02380374363870351,1.0222550718362415
1163,-1.1625585540827161,-0.023803743205628048,1.0222550718360597
1164,-1.162558554125917,-0.02380374363832974,1.0222550718362415
1165,-1.1625585540827161,-0.02380374320575264,1.0222550718360597
1166,-1.162558554082988,-0.02380374363832974,1.0222550718362415
1167,-1.2145554334660542,0.04285432236266549,0.8281222515085372
1168,-1.214555433467141,0.042854321929963794,0.8281222515085372
1169,-1.2145554335095265,0.04285432236266549,0.8281222515085372
1170,-1.2145554334665976,0.04285432192971462,0.8281222515085372
1171,-1.2145554334665976,0.042854322362790076,0.8281222515085372
1172,-1.2145554334665976,0.042854321929839206,0.8281222515085372
1173,-1.2145554335095265,0.042854322362790076,0.8281222515083554
1174,-1.2145554334663258,0.04285432192971462,0.8281222515085372
1175,-1.214555433467141,0.04285432236266549,0.8281222515085372
1176,-1.2145554334660542,0.042854321929963794,0.8281222515085372
1177,-1.214555433509798,0.04285432236266549,0.8281222515085372
1178,-1.2145554334665976,0.042854321929963794,0.8281222515085372
1179,-1.2145554334668693,0.042854322362790076,0.8281222515085372
1180,-1.861239311504662,0.4293853293068627,0.06670984767171458
1181,-1.8612393115481343,0.42938532930698725,0.06670984767189643
1182,-1.8612393115049335,0.42938532930698725,0.06670984767171458
1183,-1.8612393115049335,0.4293853293071119,0.06670984767189643
1184,-1.8612393115049335,0.429385328874161,0.06670984767171458
1185,-1.8612393115478625,0.42938532930698725,0.06670984767171458
1186,-1.861239311505477,0.4293853293068627,0.06670984767189643
1187,-1.861239311504662,0.42938532930698725,0.06670984767171458
1188,-1.8612393115481343,0.4293853293071119,0.06670984767189643
1189,-1.8612393115049335,0.42938532930698725,0.06670984767171458
1190,-1.8612393115052053,0.42938532930698725,0.06670984767189643
1191,-1.8612393115478625,0.42938532930698725,0.06670984767171458
1192,-1.8612393115052053,0.4293853288740364,0.06670984767171458
1193,-1.861239311504662,0.4293853293071119,0.06670984767189643
1194,-1.861239311505477,0.42938532930698725,0.06670984767171458
1195,-1.8612393115478625,0.4293853293068627,0.06670984767189643
1196,-1.8612393115049335,0.42938532930723644,0.06670984767171458
1197,-1.9805262700912292,1.0458499026703532,0.3678006841699853
1198,-1.980526270091501,1.0458499026703532,0.3678006841699853
1199,-1.9805262701341582,1.0458499026704777,0.3678006841699853
1200,-1.980526270091501,1.0458499026703532,0.3678006841699853
1201,-1.980526270091501,1.0458499026704777,0.36780068416980344
1202,-1.980526270091501,1.0458499026704777,0.3678006841699853
1203,-1.9805262701338864,1.0458499026704777,0.3678006841699853
1204,-1.980526270091501,1.0458499026703532,0.3678006841699853
1205,-1.980526270091501,1.0458499031033042,0.3678006841699853
1206,-1.9805262700912292,1.0458499026706023,0.3678006841699853
1207,-1.9805262701344297,1.0458499026703532,0.3678006841699853
1208,-1.980526270091501,1.0458499026704777,0.3678006841699853
1209,-1.980526270091501,1.0458499026703532,0.36780068416980344
1210,-1.980526270091501,1.0458499026703532,0.3678006841699853
1211,-1.9805262701338864,1.0458499026704777,0.3678006841699853
1212,-1.980526270091501,1.0458499026704777,0.3678006841699853
1213,-1.980526270091501,1.0458499026704777,0.3678006841699853
1214,-1.5095912982044206,1.6208733618059679,0.3713290924101042
1215,-1.5095912981617634,1.6208733622390434,0.37132909241028605
1216,-1.5095912982046924,1.6208733618059679,0.3713290924101042
1217,-1.5095912982041488,1.6208733618060926,0.37132909241028605
1218,-1.5095912981614916,1.6208733622390434,0.3713290924101042
1219,-1.5095912982041488,1.6208733618060926,0.3713290924101042
1220,-1.5095912982046924,1.6208733622389189,0.37132909241028605
1221,-1.5095912981614916,1.6208733618060926,0.3713290924101042
1222,-1.5095912982041488,1.6208733618059679,0.3713290924101042
1223,-1.5095912982046924,1.6208733622389189,0.37132909241028605
1224,-1.5095912982046924,1.6208733618060926,0.3713290924101042
1225,-1.5095912981614916,1.6208733622390434,0.3713290924101042
1226,-1.5095912982044206,1.6208733618059679,0.37132909241028605
1227,-1.5095912982046924,1.6208733618060926,0.3713290924101042
1228,-1.50959129816122,1.6208733622390434,0.37132909241028605
1229,-1.5095912982046924,1.6208733618058433,0.3713290924101042
1230,-1.6561162345886964,1.2794135151167072,0.5068461051916487
1231,-1.656116234588153,1.2794135155495334,0.5068461051916487
1232,-1.6561162345884248,1.279413515116458,0.5068461051918306
1233,-1.6561162345886964,1.2794135155495334,0.5068461051916487
1234,-1.6561162345884248,1.279413515116458,0.5068461051916487
1235,-1.6561162345886964,1.2794135155495334,0.5068461051916487
1236,-1.656116234588153,1.2794135151165826,0.5068461051918306
1237,-1.6561162345884248,1.2794135155494089,0.5068461051916487
1238,-1.6561162345886964,1.2794135151165826,0.5068461051916487
1239,-1.6561162345454958,1.2794135151165826,0.5068461051916487
1240,-1.6561162345886964,1.2794135155495334,0.5068461051916487
1241,-1.6561162345886964,1.279413515116458,0.5068461051918306
1242,-1.656116234588153,1.2794135155495334,0.5068461051916487
1243,-1.6561162345889682,1.279413515116458,0.5068461051916487
1244,-1.6561162345884248,1.279413515549658,0.5068461051916487
1245,-1.656116234588153,1.2794135151165826,0.5068461051918306
1246,-1.656116234588153,1.2794135155494089,0.5068461051916487
1247,-1.6561162345889682,1.2794135151165826,0.5068461051916487
1248,-1.4976981044092996,0.9383270117711806,0.6312551661058358
1249,-1.4976981044092996,0.9383270122040068,0.6312551661058358
1250,-1.4976981043658273,0.9383270117711806,0.6312551661060176
1251,-1.4976981044092996,0.9383270122042561,0.6312551661058358
1252,-1.4976981044090278,0.938327011771056,0.6312551661058358
1253,-1.4976981044092996,0.9383270122041315,0.6312551661058358
1254,-1.4976981044092996,0.9383270117711806,0.6312551661060176
1255,-1.4976981044087563,0.9383270122040068,0.6312551661058358
1256,-1.4976981043663706,0.9383270117713052,0.6312551661058358
1257,-1.4976981044090278,0.9383270122041315,0.6312551661058358
1258,-1.4976981044092996,0.9383270117711806,0.6312551661060176
1259,-1.4976981044092996,0.9383270122041315,0.6312551661058358
1260,-1.4976981044090278,0.9383270117711806,0.6312551661058358
1261,-1.4976981044090278,0.9383270122040068,0.6312551661058358
1262,-1.4976981043666424,0.9383270117713052,0.6312551661060176
1263,-1.4976981044092996,0.9383270122041315,0.6312551661058358
1264,-1.4976981044090278,0.938327011771056,0.6312551661058358
1265,-1.2032177680649576,1.029815787451903,0.6312551661058358
1266,-1.2032177680220286,1.0298157874522766,0.6312551661058358
1267,-1.2032177680646858,1.029815787451903,0.6312551661060176
1268,-1.2032177680217568,1.0298157874520275,0.6312551661058358
1269,-1.2032177680646858,1.0298157870193259,0.6312551661058358
1270,-1.2032177680220286,1.029815787451903,0.6312551661058358
1271,-1.2032177680649576,1.0298157874520275,0.6312551661058358
1272,-1.203217768064414,1.0298157874520275,0.6312551661060176
1273,-1.2032177680223004,1.029815787452152,0.6312551661058358
1274,-1.203217768064414,1.029815787451903,0.6312551661058358
1275,-1.2032177680220286,1.0298157874520275,0.6312551661058358
1276,-1.2032177680649576,1.0298157874520275,0.6312551661060176
1277,-1.2032177680646858,1.029815787452152,0.6312551661058358
1278,-1.2032177680217568,1.0298157874520275,0.6312551661058358
1279,-1.2032177680652292,1.0298157870190765,0.6312551661058358
1280,-1.2032177680214853,1.029815787452152,0.6312551661058358
1281,-1.2032177680652292,1.0298157874520275,0.6312551661060176
1282,-1.2032177680214853,1.029815787451903,0.6312551661058358
1283,-1.2032177680649576,1.0298157874520275,0.6312551661058358
1284,-0.7336935363142583,1.2967366476691788,0.6312551661058358
1285,-0.7336935363142583,1.2967366476690543,0.6312551661058358
1286,-0.7336935363569155,1.2967366476691788,0.6312551661060176
1287,-0.7336935363142583,1.2967366476689295,0.6312551661058358
1288,-0.7336935363142583,1.2967366476690543,0.6312551661058358
1289,-0.7336935363137148,1.2967366476691788,0.6312551661058358
1290,-0.7336935363142583,1.2967366476691788,0.6312551661058358
1291,-0.7336935363142583,1.2967366476690543,0.6312551661058358
1292,-0.7336935363566438,1.2967366476690543,0.6312551661060176
1293,-0.7336935363139865,1.2967366476690543,0.6312551661058358
1294,-0.7336935363142583,1.2967366476690543,0.6312551661058358
1295,-0.7336935363142583,1.2967366476691788,0.6312551661058358
1296,-0.7336935363142583,1.2967366476690543,0.6312551661058358
1297,-0.7336935363145299,1.2967366476691788,0.6312551661058358
1298,-0.7336935363566438,1.2967366476690543,0.6312551661060176
1299,-0.7336935363142583,1.2967366476689295,0.6312551661058358
1300,-0.7336935363142583,1.2967366476691788,0.6312551661058358
1301,-0.33906829369981684,1.4622024297319904,0.5779369971426647
1302,-0.3390682936995451,1.4622024292987903,0.5779369971426647
1303,-0.33906829370036023,1.4622024292990397,0.5779369971426647
1304,-0.33906829370008856,1.4622024297318659,0.5779369971426647
1305,-0.3390682937427458,1.4622024297317413,0.5779369971426647
1306,-0.33906829370008856,1.4622024292990397,0.5779369971426647
1307,-0.33906829369981684,1.462202429298915,0.5779369971426647
1308,-0.33906829370036023,1.4622024297319904,0.5779369971426647
1309,-0.33906829370008856,1.4622024297317413,0.5779369971424828
1310,-0.33906829369981684,1.462202429298915,0.5779369971426647
1311,-0.33906829370036023,1.4622024292990397,0.5779369971426647
1312,-0.3390682936995451,1.4622024297317413,0.5779369971426647
1313,-0.33906829370008856,1.4622024297319904,0.5779369971426647
1314,-0.3390682937427458,1.462202429298915,0.5779369971426647
1315,-0.33906829370036023,1.462202429298915,0.5779369971426647
1316,-0.3390682936995451,1.4622024297318659,0.5779369971426647
1317,-0.33906829370008856,1.4622024297318659,0.5779369971426647
1318,-0.33906829370036023,1.4622024292990397,0.5779369971426647
1319,-1.0599575688729355,0.8859096027066935,0.5712722260221774
1320,-1.059957568873479,0.8859096027066935,0.5712722260223593
1321,-1.0599575689158645,0.8859096027066935,0.5712722260221774
1322,-1.0599575688732072,0.8859096027068181,0.5712722260221774
1323,-1.059957568873479,0.8859096027066935,0.5712722260223593
1324,-1.0599575688729355,0.8859096027066935,0.5712722260221774
1325,-1.0599575688729355,0.8859096027066935,0.5712722260223593
1326,-1.0599575689164078,0.8859096027068181,0.5712722260221774
1327,-1.0599575688732072,0.8859096031396443,0.5712722260221774
1328,-1.059957568873479,0.8859096027066935,0.5712722260223593
1329,-1.0599575688723921,0.8859096027066935,0.5712722260221774
1330,-1.0599575688740224,0.8859096027068181,0.5712722260223593
1331,-1.0599575688732072,0.8859096027068181,0.5712722260221774
1332,-1.0599575689158645,0.8859096027066935,0.5712722260221774
1333,-1.0599575688729355,0.8859096027066935,0.5712722260223593
1334,-1.059957568873479,0.8859096027066935,0.5712722260221774
1335,-1.4957099884070677,0.6528537370701007,0.37532795508243294
1336,-1.495709988449725,0.6528537370701007,0.37532795508243294
1337,-1.4957099884070677,0.6528537370699762,0.37532795508243294
1338,-1.495709988449725,0.6528537375030516,0.37532795508243294
1339,-1.4957099884070677,0.6528537370699762,0.37532795508243294
1340,-1.4957099884070677,0.6528537370702253,0.37532795508243294
1341,-1.4957099884499967,0.6528537370699762,0.37532795508243294
1342,-1.4957099884067961,0.6528537370701007,0.37532795508243294
1343,-1.4957099884499967,0.6528537370701007,0.37532795508243294
1344,-1.4957099884070677,0.6528537370701007,0.3753279550822511
1345,-1.4957099884065244,0.6528537375029271,0.37532795508243294
1346,-1.49570998845054,0.6528537370701007,0.37532795508243294
1347,-1.4957099884070677,0.6528537370701007,0.37532795508243294
1348,-1.4957099884494534,0.6528537370699762,0.37532795508243294
1349,-1.4957099884070677,0.6528537370702253,0.37532795508243294
1350,-1.4957099884070677,0.6528537370701007,0.37532795508243294
1351,-1.495709988449725,0.6528537375029271,0.37532795508243294
1352,-1.4957099884070677,0.6528537370701007,0.37532795508243294
1353,-1.4957099884499967,0.6528537370699762,0.37532795508243294
1354,-1.4957099884070677,0.6528537370702253,0.37532795508243294
1355,-1.5545014180335304,0.8881496627713407,0.443073393294462
1356,-1.5545014179914165,0.8881496632044161,0.443073393294462
1357,-1.5545014180338022,0.8881496627714652,0.44307339329464385
1358,-1.5545014179914165,0.8881496632042916,0.443073393294462
1359,-1.5545014180335304,0.8881496627714652,0.443073393294462
1360,-1.5545014179914165,0.8881496632044161,0.443073393294462
1361,-1.5545014180340737,0.8881496627713407,0.44307339329464385
1362,-1.5545014179908732,0.8881496632044161,0.443073393294462
1363,-1.5545014180343455,0.8881496627715899,0.443073393294462
1364,-1.5545014179908732,0.8881496632042916,0.443073393294462
1365,-1.5545014180340737,0.8881496627714652,0.44307339329464385
1366,-1.5545014179906014,0.8881496632044161,0.443073393294462
1367,-1.5545014180343455,0.8881496627714652,0.443073393294462
1368,-1.5545014179908732,0.8881496632042916,0.443073393294462
1369,-1.5545014180340737,0.8881496627714652,0.44307339329464385
1370,-1.5545014179908732,0.8881496632044161,0.443073393294462
1371,-1.5545014180340737,0.8881496627713407,0.443073393294462
1372,-1.06883308664057,1.156956889586695,0.6312551661058358
1373,-1.0688330866408415,1.1569568900196459,0.6312551661058358
1374,-1.0688330865973692,1.156956889586695,0.6312551661060176
1375,-1.0688330866402982,1.1569568900195213,0.6312551661058358
1376,-1.0688330866402982,1.156956889586695,0.6312551661058358
1377,-1.0688330866408415,1.1569568895865705,0.6312551661058358
1378,-1.0688330866402982,1.1569568900195213,0.6312551661058358
1379,-1.0688330866408415,1.156956889586695,0.6312551661058358
1380,-1.0688330865970976,1.1569568900195213,0.6312551661060176
1381,-1.0688330866408415,1.156956889586695,0.6312551661058358
1382,-1.0688330866400264,1.1569568900195213,0.6312551661058358
1383,-1.0688330866411133,1.156956889586695,0.6312551661058358
1384,-1.0688330866400264,1.1569568895868196,0.6312551661058358
1385,-1.0688330866402982,1.1569568900195213,0.6312551661058358
1386,-1.0688330865981843,1.1569568895865705,0.6312551661060176
1387,-1.0688330866402982,1.1569568900196459,0.6312551661058358
1388,-1.0688330866400264,1.1569568895865705,0.6312551661058358
1389,-0.25026744101119874,1.5493211225195478,0.5470685835322834
1390,-0.25026744101065534,1.5493211225195478,0.5470685835324652
1391,-0.25026744101092707,1.5493211225194232,0.5470685835322834
1392,-0.25026744101065534,1.5493211225195478,0.5470685835324652
1393,-0.25026744096745474,1.5493211225194232,0.5470685835322834
1394,-0.25026744101119874,1.5493211225194232,0.5470685835324652
1395,-0.25026744101092707,1.5493211225195478,0.5470685835322834
1396,-0.25026744101065534,1.5493211225195478,0.5470685835324652
1397,-0.25026744101065534,1.5493211225194232,0.5470685835322834
1398,-0.25026744101011195,1.5493211229524986,0.5470685835324652
1399,-0.25026744101092707,1.5493211225194232,0.5470685835322834
1400,-0.25026744101065534,1.5493211225195478,0.5470685835324652
1401,-0.25026744101092707,1.5493211225195478,0.5470685835322834
1402,-0.25026744101065534,1.5493211225194232,0.5470685835324652
1403,-0.25026744096799813,1.5493211225195478,0.5470685835322834
1404,-0.25026744101065534,1.5493211225194232,0.5470685835324652
1405,-0.25026744101119874,1.5493211225196724,0.5470685835322834
1406,-0.2502674410103837,1.5493211225192987,0.5470685835324652
1407,-0.25026744101065534,1.5493211225194232,0.5470685835322834
1408,-0.2248554323043248,1.5685620606951727,0.39553273489999824
1409,-0.22485543226112417,1.56856206112775,0.3955327349001801
1410,-0.2248554323043248,1.568562060695048,0.39553273489999824
1411,-0.22485543226139587,1.568562060695048,0.39553273489999824
1412,-0.2248554323037814,1.5685620611278746,0.3955327349001801
1413,-0.22485543226139587,1.5685620606949235,0.39553273489999824
1414,-0.2248554323040531,1.5685620611279991,0.3955327349001801
1415,-0.22485543226139587,1.5685620606949235,0.39553273489999824
1416,-0.2248554323040531,1.568562060695048,0.39553273489999824
1417,-0.22485543226139587,1.5685620611278746,0.3955327349001801
1418,-0.2248554323043248,1.568562060695048,0.39553273489999824
1419,-0.22485543226112417,1.5685620606949235,0.39553273489999824
1420,-0.2248554323043248,1.5685620611278746,0.3955327349001801
1421,-0.22485543226139587,1.568562060695048,0.39553273489999824
1422,-0.2248554323040531,1.5685620611278746,0.3955327349001801
1423,-0.22485543226112417,1.568562060695048,0.39553273489999824
1424,-0.2248554323040531,1.5685620606949235,0.39553273489999824
1425,-0.22485543226139587,1.5685620611279991,0.3955327349001801
1426,-0.2248554323043248,1.5685620606949235,0.39553273489999824
1427,-1.29453158606799,1.0539738546523323,0.41798249025296974
1428,-1.294531586025061,1.053973854219506,0.41798249025296974
1429,-1.2945315860677182,1.0539738546523323,0.41798249025296974
1430,-1.294531586025061,1.053973854219506,0.4179824902531516
1431,-1.29453158606799,1.0539738546524569,0.41798249025296974
1432,-1.29453158606799,1.053973854219257,0.41798249025296974
1433,-1.294531586025061,1.0539738546524569,0.41798249025296974
1434,-1.2945315860677182,1.053973854219506,0.41798249025296974
1435,-1.2945315860256044,1.0539738546523323,0.41798249025296974
1436,-1.29453158606799,1.053973854219506,0.41798249025296974
1437,-1.29453158606799,1.0539738546523323,0.41798249025296974
1438,-1.294531586025061,1.053973854219506,0.4179824902531516
1439,-1.2945315860677182,1.0539738546523323,0.41798249025296974
1440,-1.294531586025061,1.053973854219506,0.41798249025296974
1441,-1.2945315860685334,1.0539738546524569,0.41798249025296974
1442,-1.4009549608956509,0.7107368932638771,0.6512494794671158
1443,-1.4009549608956509,0.7107368932640017,0.6512494794671158
1444,-1.4009549609391232,0.7107368932638771,0.6512494794669339
1445,-1.4009549608959226,0.7107368932638771,0.6512494794671158
1446,-1.4009549608953793,0.7107368932638147,0.6512494794671158
1447,-1.400954960939395,0.7107368932639394,0.6512494794669339
1448,-1.4009549608959226,0.7107368932639394,0.6512494794671158
1449,-1.4009549608959226,0.7107368932638771,0.6512494794671158
1450,-1.4009549608961944,0.7107368936968279,0.6512494794671158
1451,-1.4009549608959226,0.7107368932639394,0.6512494794671158
1452,-1.400954960938308,0.7107368932638771,0.6512494794669339
1453,-1.400954960896466,0.7107368932639394,0.6512494794671158
1454,-1.4009549608959226,0.7107368932639394,0.6512494794671158
1455,-1.4009549609385799,0.7107368932638771,0.6512494794669339
1456,-1.4009549608959226,0.7107368932638147,0.6512494794671158
1457,-1.4009549608959226,0.7107368932639394,0.6512494794671158
1458,-1.2296180215577852,1.032309983277822,0.5957097201303277
1459,-1.2296180215575137,1.0323099828448088,0.5957097201305096
1460,-1.2296180215145847,1.032309983277822,0.5957097201303277
1461,-1.229618021558057,1.0323099828447466,0.5957097201305096
1462,-1.229618021558057,1.0323099832777596,0.5957097201303277
1463,-1.2296180215575137,1.0323099832776974,0.5957097201303277
1464,-1.2296180215577852,1.0323099828448088,0.5957097201305096
1465,-1.229618021558057,1.0323099832776974,0.5957097201303277
1466,-1.2296180215569703,1.0323099828449334,0.5957097201305096
1467,-1.229618021515128,1.0323099832776974,0.5957097201303277
1468,-1.229618021558057,1.032309983277822,0.5957097201303277
1469,-1.229618021558057,1.0323099828447466,0.5957097201305096
1470,-1.2296180215572419,1.0323099832777596,0.5957097201303277
1471,-1.2296180215575137,1.0323099832776974,0.5957097201303277
1472,-1.229618021515128,1.0323099828448712,0.5957097201305096
1473,-1.229618021558057,1.0323099832777596,0.5957097201303277
1474,-1.2296180215572419,1.0323099828448088,0.5957097201305096
1475,-1.229618021558057,1.0323099832776974,0.5957097201303277
1476,-1.0525810274429481,0.9747653251011839,0.5068461051916487
1477,-1.052581027485877,0.9747653246682954,0.5068461051916487
1478,-1.052581027442133,0.9747653251011839,0.5068461051918306
1479,-1.0525810274864205,0.9747653251011839,0.5068461051916487
1480,-1.0525810274424046,0.9747653246683576,0.5068461051916487
1481,-1.0525810274856053,0.9747653251011839,0.5068461051916487
1482,-1.0525810274432197,0.9747653251011839,0.5068461051918306
1483,-1.0525810274856053,0.9747653246682954,0.5068461051916487
1484,-1.0525810274426763,0.9747653251011839,0.5068461051916487
1485,-1.0525810274426763,0.9747653251011839,0.5068461051916487
1486,-1.052581027485877,0.9747653246682954,0.5068461051916487
1487,-1.0525810274424046,0.9747653251011839,0.5068461051918306
1488,-1.0525810274856053,0.9747653251012461,0.5068461051916487
1489,-1.0525810274432197,0.9747653246682954,0.5068461051916487
1490,-1.0525810274856053,0.9747653251011839,0.5068461051916487
1491,-1.0525810274429481,0.9747653251011839,0.5068461051918306
1492,-1.052581027485877,0.9747653246681707,0.5068461051916487
1493,-1.0525810274426763,0.9747653251013084,0.5068461051916487
1494,-1.035816160605766,1.034425595561079,0.4713006592161408
1495,-1.035816160563924,1.034425595561079,0.47130065921632264
1496,-1.035816160605766,1.0344255955610169,0.4713006592161408
1497,-1.0358161606063094,1.034425595561079,0.47130065921632264
1498,-1.0358161606065812,1.0344255955612038,0.4713006592161408
1499,-1.035816160605766,1.034425595561079,0.47130065921632264
1500,-1.035816160563924,1.034425595561079,0.4713006592161408
1501,-1.035816160605766,1.0344255955610169,0.4713006592161408
1502,-1.0358161606063094,1.0344255951281907,0.47130065921632264
1503,-1.0358161605633807,1.034425595561079,0.4713006592161408
1504,-1.0358161606063094,1.034425595561079,0.47130065921632264
1505,-1.0358161606060379,1.0344255955611414,0.4713006592161408
1506,-1.035816160606853,1.034425595561079,0.47130065921632264
1507,-1.035816160605766,1.034425595561079,0.4713006592161408
1508,-1.0358161605633807,1.034425595561079,0.47130065921632264
1509,-1.0358161606063094,1.034425595561079,0.4713006592161408
1510,0.18564624704593927,1.1161533313686636,0.7050803231318488
1511,0.18564624704621097,1.1161533309357128,0.7050803231318488
1512,0.1856462470894116,1.1161533313686636,0.7050803231318488
1513,0.18564624704566757,1.1161533313686012,0.7050803231318488
1514,0.18564624704621097,1.1161533309356504,0.7050803231318488
1515,0.18564624704621097,1.1161533313686636,0.7050803231318488
1516,0.18564624708913988,1.1161533313687257,0.7050803231320306
1517,0.18564624704648267,1.116153331368539,0.7050803231318488
1518,0.18564624704621097,1.1161533309357128,0.7050803231318488
1519,0.18564624704593927,1.1161533313686012,0.7050803231318488
1520,0.1856462470894116,1.1161533313686636,0.7050803231318488
1521,0.18564624704593927,1.1161533309357128,0.7050803231318488
1522,0.18564624704593927,1.116153331368539,0.7050803231318488
1523,1.4115191042844717,0.44797782931619023,0.6512494794671158
1524,1.4115191043276722,0.44797782888323934,0.6512494794671158
1525,1.4115191042847435,0.4479778293160656,0.6512494794669339
1526,1.4115191042842,0.44797782888323934,0.6512494794671158
1527,1.4115191043276722,0.44797782931619023,0.6512494794671158
1528,1.4115191042847435,0.44797782888317705,0.6512494794671158
1529,1.4115191042847435,0.44797782931612795,0.6512494794671158
1530,1.4115191042839283,0.44797782931612795,0.6512494794669339
1531,1.411519104327944,0.4479778288833016,0.6512494794671158
1532,1.4115191042844717,0.4479778293160656,0.6512494794671158
1533,1.4115191042844717,0.44797782888323934,0.6512494794671158
1534,1.4115191043274007,0.4479778293160656,0.6512494794671158
1535,1.4115191042847435,0.4479778288833016,0.6512494794671158
1536,1.4115191042847435,0.44797782931612795,0.6512494794669339
1537,1.4115191043276722,0.44797782888317705,0.6512494794671158
1538,1.4115191042842,0.44797782931612795,0.6512494794671158
1539,1.2545999504421783,0.6574234600869534,0.4713006592161408
1540,1.2545999504421783,0.6574234600869534,0.47130065921632264
1541,1.2545999504419065,0.6574234596540648,0.4713006592161408
1542,1.2545999504427217,0.6574234600869534,0.4713006592161408
1543,1.2545999504416347,0.6574234600869534,0.47130065921632264
1544,1.2545999504424499,0.6574234596540648,0.4713006592161408
1545,1.2545999504416347,0.6574234600870157,0.47130065921632264
1546,1.254599950485107,0.6574234600870157,0.4713006592161408
1547,1.2545999504421783,0.6574234600870157,0.4713006592161408
1548,1.2545999504424499,0.6574234600869534,0.47130065921632264
1549,1.2545999504421783,0.6574234596540648,0.4713006592161408
1550,1.2545999504416347,0.6574234600869534,0.47130065921632264
1551,1.2545999504424499,0.6574234600869534,0.4713006592161408
1552,1.2545999504421783,0.6574234596540648,0.4713006592161408
1553,1.2545999504421783,0.6574234600869534,0.47130065921632264
1554,1.2545999504421783,0.6574234600869534,0.4713006592161408
1555,0.8170369252657423,1.0417879268959638,0.5032915605942253
1556,0.817036925308943,1.0417879268959638,0.5032915605940435
1557,0.8170369252657423,1.0417879268959638,0.5032915605942253
1558,0.8170369252657423,1.0417879264629506,0.5032915605940435
1559,0.8170369253083996,1.0417879268959014,0.5032915605942253
1560,0.8170369252662858,1.0417879268959638,0.5032915605942253
1561,0.8170369252654707,1.0417879268959638,0.5032915605940435
1562,0.8170369253086712,1.041787926895839,0.5032915605942253
1563,0.8170369252657423,1.0417879268959638,0.5032915605940435
1564,0.817036925266014,1.0417879268959638,0.5032915605942253
1565,0.8170369253086712,1.041787926895839,0.5032915605942253
1566,0.8170369252657423,1.0417879264629506,0.5032915605940435
1567,0.817036925266014,1.0417879268959638,0.5032915605942253
1568,0.8170369253086712,1.0417879268959638,0.5032915605940435
1569,0.8170369252654707,1.041787926895839,0.5032915605942253
1570,0.8017897200338473,1.1452614173708067,0.563905900047103
1571,0.8017897200759612,1.145261417370869,0.563905900047103
1572,0.8017897200330322,1.1452614173708067,0.5639059000469211
1573,0.8017897200335756,1.1452614173708067,0.563905900047103
1574,0.8017897200762328,1.1452614178038198,0.563905900047103
1575,0.8017897200330322,1.1452614173708067,0.563905900047103
1576,0.8017897200335756,1.1452614173708067,0.563905900047103
1577,0.8017897200762328,1.1452614173708067,0.5639059000469211
1578,0.8017897200330322,1.1452614173708067,0.563905900047103
1579,0.8017897200335756,1.1452614173708067,0.563905900047103
1580,0.8017897200330322,1.1452614173708067,0.563905900047103
1581,0.8017897200759612,1.1452614173709312,0.5639059000469211
1582,0.8017897200333038,1.1452614173708067,0.563905900047103
1583,0.8017897200335756,1.1452614173708067,0.563905900047103
1584,0.8017897200756894,1.1452614178038198,0.563905900047103
1585,0.8017897200338473,1.1452614173708067,0.563905900047103
1586,0.8017897200330322,1.1452614173708067,0.5639059000469211
1587,0.8017897200765045,1.1452614173708067,0.563905900047103
1588,0.8017897200330322,1.1452614173708067,0.563905900047103
1589,1.2181557091087087,0.5630996934305753,0.8281222515085372
1590,1.2181557090649646,0.5630996934306376,0.8281222515085372
1591,1.218155709108437,0.5630996934306376,0.8281222515085372
1592,1.2181557091078936,0.5630996929976867,0.8281222515085372
1593,1.2181557090649646,0.5630996934305753,0.8281222515085372
1594,1.2181557091087087,0.5630996934306999,0.8281222515085372
1595,1.2181557091081654,0.5630996934306376,0.8281222515083554
1596,1.2181557091078936,0.563099693430513,0.8281222515085372
1597,1.2181557090657797,0.5630996934306999,0.8281222515085372
1598,1.2181557091078936,0.563099692997749,0.8281222515085372
1599,1.2181557091087087,0.563099693430513,0.8281222515085372
1600,1.2181557090649646,0.5630996934306999,0.8281222515085372
1601,1.218155709108437,0.5630996934305753,0.8281222515085372
1602,1.513688992949677,-0.28154578360251203,0.4255993715335007
1603,1.5136889929062047,-0.28154578403540065,0.4255993715335007
1604,1.513688992949677,-0.28154578403546293,0.42559937153331884
1605,1.5136889929062047,-0.28154578360238747,0.4255993715335007
1606,1.513688992949677,-0.28154578360251203,0.4255993715335007
1607,1.513688992905933,-0.28154578403540065,0.4255993715335007
1608,1.513688992949677,-0.28154578403540065,0.4255993715335007
1609,1.513688992949677,-0.2815457836025744,0.42559937153331884
1610,1.5136889929062047,-0.28154578360244975,0.4255993715335007
1611,1.513688992949677,-0.28154578403540065,0.4255993715335007
1612,1.5136889929062047,-0.28154578403546293,0.4255993715335007
1613,1.5136889929491337,-0.28154578360244975,0.42559937153331884
1614,1.513688992906748,-0.28154578360244975,0.4255993715335007
1615,1.513688992949677,-0.28154578403540065,0.4255993715335007
1616,1.4809256531003354,0.3197717157672014,0.7645505885139452
1617,1.4809256531429926,0.3197717153343128,0.7645505885139452
1618,1.4809256531003354,0.319771715767326,0.7645505885137633
1619,1.4809256531435362,0.3197717157672637,0.7645505885139452
1620,1.4809256531003354,0.319771715767326,0.7645505885139452
1621,1.4809256531003354,0.3197717157672014,0.7645505885139452
1622,1.4809256531432644,0.31977171533443743,0.7645505885139452
1623,1.4809256531000639,0.3197717157671391,0.7645505885139452
1624,1.4809256531432644,0.3197717157672637,0.7645505885139452
1625,1.4809256531000639,0.3197717153343751,0.7645505885137633
1626,1.4809256531438078,0.3197717157672637,0.7645505885139452
1627,1.4809256531000639,0.319771715767326,0.7645505885139452
1628,1.456074203394812,0.22150774040825946,0.6124369888247165
1629,1.4560742034380125,0.22150774084121033,0.6124369888247165
1630,1.4560742033945402,0.22150774040825946,0.6124369888247165
1631,1.456074203437741,0.22150774040825946,0.6124369888247165
1632,1.456074203394812,0.22150774084133493,0.6124369888248984
1633,1.4560742033945402,0.22150774040825946,0.6124369888247165
1634,1.4560742034380125,0.22150774040825946,0.6124369888247165
1635,1.456074203394812,0.22150774084121033,0.6124369888247165
1636,1.4560742034380125,0.22150774040825946,0.6124369888247165
1637,1.456074203394812,0.22150774084121033,0.6124369888247165
1638,1.4560742034374692,0.22150774040832175,0.6124369888247165
1639,1.4560742033945402,0.22150774040832175,0.6124369888247165
1640,1.4560742033953553,0.22150774084121033,0.6124369888248984
1641,1.4560742034374692,0.22150774040825946,0.6124369888247165
1642,1.4560742033950838,0.22150774040832175,0.6124369888247165
1643,1.4560742034374692,0.22150774084121033,0.6124369888247165
1644,1.456074203394812,0.22150774040832175,0.6124369888247165
1645,0.8950322443421077,0.8677478838788627,0.48360485205380965
1646,0.8950322443839499,0.8677478834460364,0.4836048520539915
1647,0.8950322443415644,0.867747883878925,0.48360485205380965
1648,0.8950322443410209,0.8677478834459741,0.4836048520539915
1649,0.8950322443850367,0.8677478838788004,0.48360485205380965
1650,0.8950322443410209,0.867747883878925,0.48360485205380965
1651,0.8950322443415644,0.8677478834459741,0.4836048520539915
1652,0.8950322443421077,0.867747883878925,0.48360485205380965
1653,0.8950322443839499,0.867747883878925,0.48360485205380965
1654,0.8950322443412927,0.8677478834459741,0.4836048520539915
1655,0.895032244341836,0.867747883878925,0.48360485205380965
1656,0.8950322443842216,0.8677478834459741,0.4836048520539915
1657,0.8950322443415644,0.8677478838788627,0.48360485205380965
1658,-1.688841254714237,0.6254353998345132,0.27935525094854324
1659,-1.6888412547139653,0.6254354002673395,0.2793552509487251
1660,-1.688841254671308,0.6254353998345132,0.27935525094854324
1661,-1.6888412547145089,0.625435400267464,0.2793552509487251
1662,-1.6888412547136937,0.6254353998344508,0.27935525094854324
1663,-1.6888412547145089,0.6254353998344508,0.27935525094854324
1664,-1.688841254714237,0.625435400267464,0.2793552509487251
1665,-1.688841254671308,0.6254353998345132,0.27935525094854324
1666,-1.6888412547139653,0.6254354002674017,0.2793552509487251
1667,-1.688841254714237,0.6254353998344508,0.27935525094854324
1668,-1.6266100689100451,0.20637488906766205,0.5957097201303277
1669,-1.6266100689097733,0.20637488950061292,0.5957097201305096
1670,-1.6266100689100451,0.2063748895006752,0.5957097201303277
1671,-1.6266100689095018,0.20637488906766205,0.5957097201305096
1672,-1.6266100688668446,0.20637488906772433,0.5957097201303277
1673,-1.6266100689100451,0.2063748895005506,0.5957097201303277
1674,-1.6266100689100451,0.2063748895006752,0.5957097201305096
1675,-1.6266100689095018,0.20637488906766205,0.5957097201303277
1676,-1.6266100689100451,0.20637488906766205,0.5957097201305096
1677,-1.6266100689097733,0.20637488950061292,0.5957097201303277
1678,-1.6266100689095018,0.20637488950061292,0.5957097201303277
1679,-1.6266100689100451,0.20637488906772433,0.5957097201305096
1680,-1.6266100689097733,0.20637488906759974,0.5957097201303277
1681,-1.6266100688665728,0.2063748895006752,0.5957097201303277
1682,-1.6266100689100451,0.20637488950061292,0.5957097201305096
1683,-1.6266100689100451,0.20637488906766205,0.5957097201303277
1684,-1.6266100689095018,0.20637488906766205,0.5957097201305096
1685,-1.6266100689100451,0.20637488950061292,0.5957097201303277
1686,-1.3556898203898855,0.8359811492697583,0.5068461051916487
1687,-1.3556898203477716,0.835981149269696,0.5068461051916487
1688,-1.3556898203893422,0.8359811492697583,0.5068461051918306
1689,-1.3556898203472283,0.8359811492698206,0.5068461051916487
1690,-1.3556898203901573,0.8359811497026468,0.5068461051916487
1691,-1.3556898203472283,0.8359811492697583,0.5068461051916487
1692,-1.3556898203901573,0.835981149269696,0.5068461051918306
1693,-1.355689820346685,0.8359811492697583,0.5068461051916487
1694,-1.3556898203898855,0.8359811492697583,0.5068461051916487
1695,-1.3556898203907006,0.835981149269696,0.5068461051916487
1696,-1.355689820346685,0.8359811492697583,0.5068461051916487
1697,-1.3556898203901573,0.8359811492698206,0.5068461051918306
1698,-1.3556898203472283,0.835981149269696,0.5068461051916487
1699,-1.3556898203898855,0.8359811497027092,0.5068461051916487
1700,-1.355689820346685,0.8359811492697583,0.5068461051916487
1701,-1.3556898203907006,0.835981149269696,0.5068461051918306
1702,-1.3556898203469565,0.8359811492697583,0.5068461051916487
1703,-1.3556898203901573,0.835981149269696,0.5068461051916487
1704,-1.5459809209857522,0.6372629182057774,0.443073393294462
1705,-1.5459809209433668,0.6372629177727642,0.44307339329464385
1706,-1.5459809209857522,0.6372629182057774,0.443073393294462
1707,-1.5459809209857522,0.6372629177727642,0.443073393294462
1708,-1.545980920986024,0.6372629182057774,0.443073393294462
1709,-1.545980920943095,0.6372629177727019,0.44307339329464385
1710,-1.545980920986024,0.6372629182057151,0.443073393294462
1711,-1.545980920986024,0.6372629177728265,0.443073393294462
1712,-1.545980920943095,0.6372629182057151,0.44307339329464385
1713,-1.5459809209862958,0.6372629177728265,0.443073393294462
1714,-1.5459809209857522,0.6372629182057151,0.443073393294462
1715,-1.5459809209433668,0.6372629177727642,0.44307339329464385
1716,-1.5459809209857522,0.6372629182057151,0.443073393294462
1717,-1.5459809209857522,0.6372629177728265,0.443073393294462
1718,-1.5459809209857522,0.6372629182056527,0.443073393294462
1719,-1.5459809209433668,0.6372629177728265,0.44307339329464385
1720,-1.545980920986024,0.6372629182057151,0.443073393294462
1721,-1.615209959441688,0.27661322224313184,0.5712722260221774
1722,-1.6152099594422313,0.276613221810181,0.5712722260223593
1723,-1.615209959441688,0.27661322181011866,0.5712722260221774
1724,-1.6152099594422313,0.27661322224306956,0.5712722260223593
1725,-1.6152099593993023,0.27661322224306956,0.5712722260221774
1726,-1.6152099594422313,0.276613221810181,0.5712722260221774
1727,-1.6152099594422313,0.276613221810181,0.5712722260223593
1728,-1.6152099594422313,0.27661322224306956,0.5712722260221774
1729,-1.6152099594422313,0.27661322224313184,0.5712722260221774
1730,-1.6152099594419596,0.276613221810181,0.5712722260223593
1731,-1.6152099594422313,0.27661322181011866,0.5712722260221774
1732,-1.615209959398759,0.27661322224306956,0.5712722260221774
1733,-1.6152099594422313,0.27661322224313184,0.5712722260223593
1734,-1.615209959441688,0.276613221810181,0.5712722260221774
1735,-1.6152099594422313,0.27661322181011866,0.5712722260223593
1736,-1.6152099594419596,0.27661322224313184,0.5712722260221774
1737,-1.576774296240409,0.22811002350178322,0.46288200095891285
1738,-1.5767742962401372,0.22811002306889464,0.462882000958731
1739,-1.5767742962401372,0.22811002350178322,0.46288200095891285
1740,-1.5767742962401372,0.22811002350178322,0.46288200095891285
1741,-1.5767742962833378,0.22811002306889464,0.46288200095891285
1742,-1.5767742962398654,0.2281100235018455,0.462882000958731
1743,-1.576774296240409,0.22811002306883235,0.46288200095891285
1744,-1.576774296240409,0.2281100235018455,0.46288200095891285
1745,-1.5767742962398654,0.22811002350178322,0.46288200095891285
1746,-1.5767742962398654,0.22811002306889464,0.462882000958731
1747,-1.576774296240409,0.2281100235018455,0.46288200095891285
1748,-1.576774296240409,0.22811002350178322,0.46288200095891285
1749,-1.5767742962398654,0.22811002306889464,0.46288200095891285
1750,-1.5767742962401372,0.22811002350178322,0.462882000958731
1751,-1.5767742962830662,0.22811002306889464,0.46288200095891285
1752,-1.5767742962401372,0.22811002350178322,0.46288200095891285
1753,-1.5767742962401372,0.22811002350178322,0.46288200095891285
1754,-1.5767742962398654,0.22811002306889464,0.462882000958731
1755,-1.576774296240409,0.22811002350178322,0.46288200095891285
1756,-1.1280708279686722,0.9239906264045851,0.7683590291541197
1757,-1.128070827968944,0.9239906268374114,0.7683590291541197
1758,-1.128070827968944,0.9239906264045228,0.7683590291541197
1759,-1.1280708279684006,0.9239906264045851,0.7683590291543015
1760,-1.128070827968944,0.9239906264045228,0.7683590291541197
1761,-1.1280708279686722,0.923990626837536,0.7683590291541197
1762,-1.1280708279686722,0.9239906264045228,0.7683590291541197
1763,-1.1280708280121445,0.9239906264043982,0.7683590291541197
1764,-1.1280708279684006,0.9239906268374737,0.7683590291541197
1765,-1.1280708279692158,0.9239906264045851,0.7683590291541197
1766,-1.1280708279684006,0.9239906264045228,0.7683590291543015
1767,-1.128070827968944,0.9239906264045851,0.7683590291541197
1768,-1.128070827968944,0.9239906268374737,0.7683590291541197
1769,-1.1280708279684006,0.9239906264045228,0.7683590291541197
1770,-1.0358161606063094,0.9239906264045228,0.5712722260221774
1771,-1.0358161606063094,0.9239906268374737,0.5712722260223593
1772,-1.0358161605633807,0.9239906264045228,0.5712722260221774
1773,-1.0358161606063094,0.9239906264045228,0.5712722260223593
1774,-1.0358161606060379,0.9239906268374114,0.5712722260221774
1775,-1.0358161605636522,0.9239906264045851,0.5712722260223593
1776,-1.0358161606060379,0.9239906264045228,0.5712722260221774
1777,-1.0358161606063094,0.9239906268374114,0.5712722260221774
1778,-1.0358161606063094,0.9239906264045851,0.5712722260223593
1779,-1.0358161606063094,0.9239906264045228,0.5712722260221774
1780,-1.0358161605633807,0.9239906264045851,0.5712722260223593
1781,-1.0358161606063094,0.9239906268374737,0.5712722260221774
1782,-1.0358161606060379,0.9239906264045228,0.5712722260223593
1783,-1.035816160563924,0.9239906264044605,0.5712722260221774
1784,-1.035816160605766,0.9239906268374737,0.5712722260223593
1785,-1.0358161606063094,0.9239906264045851,0.5712722260221774
1786,-1.0928167079445634,0.8867558475334685,0.5957097201303277
1787,-1.0928167079451068,0.8867558479664194,0.5957097201305096
1788,-1.0928167079021778,0.886755847966357,0.5957097201303277
1789,-1.092816707944835,0.8867558475335308,0.5957097201303277
1790,-1.0928167079451068,0.8867558475334685,0.5957097201305096
1791,-1.0928167079445634,0.8867558479664194,0.5957097201303277
1792,-1.0928167079024496,0.8867558479664817,0.5957097201303277
1793,-1.092816707944835,0.8867558475334062,0.5957097201305096
1794,-1.092816707944835,0.8867558475334685,0.5957097201303277
1795,-1.0928167079445634,0.8867558479664194,0.5957097201303277
1796,-1.0928167079451068,0.8867558479664194,0.5957097201305096
1797,-1.0928167079021778,0.8867558475334685,0.5957097201303277
1798,-1.092816707944835,0.8867558475335308,0.5957097201303277
1799,-1.0928167079451068,0.886755847966357,0.5957097201305096
1800,-1.0928167079445634,0.8867558479664194,0.5957097201303277
1801,-1.0928167079024496,0.8867558475335308,0.5957097201303277
1802,-1.0928167079445634,0.8867558475334062,0.5957097201305096
1803,-1.0928167079451068,0.8867558479664817,0.5957097201303277
1804,-1.1110568831020315,0.8914948197755214,0.5886006309352989
1805,-1.1110568830591026,0.8914948193425705,0.5886006309352989
1806,-1.1110568831017598,0.8914948197754591,0.5886006309352989
1807,-1.1110568830591026,0.8914948193425705,0.5886006309352989
1808,-1.1110568831014882,0.8914948197755214,0.5886006309352989
1809,-1.1110568831020315,0.8914948193425082,0.5886006309352989
1810,-1.1110568830591026,0.8914948197755214,0.5886006309352989
1811,-1.1110568831017598,0.8914948193425705,0.5886006309352989
1812,-1.1110568830591026,0.8914948197754591,0.5886006309352989
1813,-1.1110568831014882,0.8914948193426327,0.5886006309352989
1814,-1.1110568831025749,0.8914948197755214,0.5886006309352989
1815,-1.1110568830585592,0.8914948193425705,0.5886006309352989
1816,-1.1110568831020315,0.8914948197754591,0.5886006309352989
1817,-1.1110568830585592,0.8914948193425705,0.5886006309352989
1818,-1.1110568831025749,0.8914948197755214,0.5886006309352989
1819,-1.283265595502791,0.8173637596177246,0.39132340577138425
1820,-1.283265595503606,0.8173637600506753,0.39132340577138425
1821,-1.283265595546535,0.8173637600507376,0.39132340577138425
1822,-1.2832655955030627,0.8173637596177246,0.39132340577138425
1823,0.4307743926943327,1.106779541019806,-0.008562861452762171
1824,1.058451008149636,0.6193424359562354,-0.008562861452762171
1825,1.6861276235198968,-0.05088358242382824,1.5909822074438236
1826,1.348147907567597,-0.3555317728721779,-0.008562861452762171
1827,1.1550166412604277,-0.41646141122156854,1.5909822074438236
1828,1.348147907567597,-0.7211096012368428,-0.008562861452762171
1829,1.2998650909479437,-0.7211096012369673,-0.008562861452762171
1830,1.1338929090218317,-0.38599659183036666,0.6512494794671158
1831,1.13389290902156,-0.38599659226337985,0.6512494794671158
1832,1.1338929090221035,-0.38599659183036666,0.6512494794669339
1833,1.1338929090210166,-0.38599659183042895,0.6512494794671158
1834,1.13389290902156,-0.3859965922633175,0.6512494794671158
1835,1.13389290902156,-0.38599659183042895,0.6512494794671158
1836,1.13389290902156,-0.38599659183036666,0.6512494794671158
1837,1.1338929090221035,-0.38599659226337985,0.6512494794671158
1838,1.1338929090210166,-0.3859965918303044,0.6512494794669339
1839,1.1338929090221035,-0.38599659183042895,0.6512494794671158
1840,1.13389290902156,-0.38599659183042895,0.6512494794671158
1841,1.13389290902156,-0.3859965922633175,0.6512494794671158
1842,1.13389290902156,-0.38599659183036666,0.6512494794671158
1843,1.1338929090210166,-0.38599659183049123,0.6512494794669339
1844,1.1338929090221035,-0.3859965922632552,0.6512494794671158
1845,1.13389290902156,-0.38599659183042895,0.6512494794671158
1846,1.1972641057813636,-0.2717535207370032,0.7912096729955307
1847,1.197264105781092,-0.27175352030399,0.7912096729955307
1848,1.1972641057384348,-0.2717535207370655,0.7912096729955307
1849,1.1972641057813636,-0.2717535203040523,0.7912096729955307
1850,1.1972641057813636,-0.27175352073694087,0.7912096729955307
1851,1.1972641057384348,-0.2717535207370032,0.7912096729955307
1852,1.1972641057813636,-0.2717535203041146,0.7912096729955307
1853,1.197264105781092,-0.27175352073694087,0.7912096729955307
1854,1.1619141864923113,-0.20755979476573475,0.5398525907403737
1855,1.1619141864914961,-0.20755979476579706,0.5398525907403737
1856,1.1619141864923113,-0.20755979476573475,0.5398525907403737
1857,1.161914186491768,-0.20755979476573475,0.5398525907401919
1858,1.1619141864920395,-0.20755979476573475,0.5398525907403737
1859,1.161914186491768,-0.20755979476579706,0.5398525907403737
1860,1.1619141864920395,-0.20755979476567246,0.5398525907403737
1861,1.161914186491768,-0.20755979476579706,0.5398525907403737
1862,1.1619141864920395,-0.20755979476567246,0.5398525907403737
1863,1.161914186491768,-0.20755979476579706,0.5398525907403737
1864,1.1619141864920395,-0.20755979476567246,0.5398525907401919
1865,1.161914186491768,-0.20755979476579706,0.5398525907403737
1866,1.1619141864920395,-0.20755979476573475,0.5398525907403737
1867,1.161914186491768,-0.20755979476573475,0.5398525907403737
1868,1.1343240056090642,-0.19015132672782128,0.5398525907403737
1869,1.1343240056096076,-0.19015132672775897,0.5398525907403737
1870,1.1343240055666786,-0.19015132672775897,0.5398525907403737
1871,1.1343240056090642,-0.19015132672775897,0.5398525907401919
1872,1.1343240056090642,-0.19015132672775897,0.5398525907403737
1873,1.1343240056090642,-0.1901513267276967,0.5398525907403737
1874,1.1343240056090642,-0.19015132672775897,0.5398525907403737
1875,1.1343240055666786,-0.19015132672775897,0.5398525907403737
1876,1.1343240056090642,-0.19015132672775897,0.5398525907403737
1877,1.1343240056096076,-0.19015132672775897,0.5398525907403737
1878,1.1343240056090642,-0.19015132672775897,0.5398525907401919
1879,1.1343240055666786,-0.19015132672782128,0.5398525907403737
1880,1.1343240056090642,-0.1901513267276967,0.5398525907403737
1881,1.1343240056093358,-0.19015132672775897,0.5398525907403737
1882,1.1847291437595253,0.2022087600237392,0.5820383947551604
1883,1.1847291438019107,0.20220876045675237,0.5820383947553422
1884,1.1847291437597969,0.2022087600237392,0.5820383947551604
1885,1.1847291437595253,0.2022087600237392,0.5820383947551604
1886,1.1847291438021825,0.20220876045675237,0.5820383947553422
1887,1.1847291437595253,0.2022087600238015,0.5820383947551604
1888,1.1847291437595253,0.2022087600238015,0.5820383947551604
1889,1.1847291437597969,0.2022087600237392,0.5820383947551604
1890,1.1847291438019107,0.20220876045669006,0.5820383947553422
1891,1.1847291437595253,0.2022087600238015,0.5820383947551604
1892,1.1847291437592535,0.2022087600238015,0.5820383947551604
1893,1.184729143802454,0.20220876045662778,0.5820383947553422
1894,1.1847291437589818,0.2022087600238638,0.5820383947551604
1895,1.1653629591075738,0.2058913205952192,0.5398525907403737
1896,1.1653629591078456,0.20589132102817007,0.5398525907403737
1897,1.1653629591075738,0.2058913205953438,0.5398525907403737
1898,1.1653629591075738,0.20589132059515688,0.5398525907401919
1899,1.1653629591078456,0.2058913205953438,0.5398525907403737
1900,1.1653629591075738,0.20589132102810778,0.5398525907403737
1901,1.1653629591075738,0.20589132059528148,0.5398525907403737
1902,1.1653629591075738,0.2058913205952192,0.5398525907403737
1903,1.1653629591078456,0.20589132102823235,0.5398525907403737
1904,1.1653629591075738,0.2058913205952192,0.5398525907403737
1905,1.1653629591073023,0.2058913205952192,0.5398525907401919
1906,1.1653629591075738,0.20589132059528148,0.5398525907403737
1907,1.1653629591075738,0.20589132102817007,0.5398525907403737
1908,1.1653629591081172,0.20589132059528148,0.5398525907403737
1909,1.0648887170010288,0.2821984388789465,0.6099278985205673
1910,1.0648887170007573,0.28219843887888424,0.6099278985205673
1911,1.0648887170010288,0.2821984388789465,0.6099278985205673
1912,1.0648887170439578,0.2821984388789465,0.6099278985207491
1913,1.0648887170010288,0.28219843887888424,0.6099278985205673
1914,1.0648887170010288,0.2821984388790088,0.6099278985205673
1915,1.0648887170010288,0.28219843887888424,0.6099278985205673
1916,1.0648887170004855,0.2821984388789465,0.6099278985205673
1917,1.0648887170010288,0.28219843887888424,0.6099278985205673
1918,1.0648887170015724,0.2821984388790088,0.6099278985205673
1919,1.0648887170007573,0.28219843887888424,0.6099278985205673
1920,1.0648887170439578,0.2821984388789465,0.6099278985207491
1921,1.0648887170010288,0.28219843887888424,0.6099278985205673
1922,1.0648887170004855,0.2821984388789465,0.6099278985205673
1923,1.0648887170010288,0.28219843887888424,0.6099278985205673
1924,1.044655917687499,0.1536659164813542,0.7455083853127087
1925,1.0446559176864123,0.15366591691424275,0.7455083853128905
1926,1.0446559176877708,0.15366591648129188,0.7455083853127087
1927,1.0446559176437549,0.15366591691424275,0.7455083853127087
1928,1.0446559176869556,0.15366591648129188,0.7455083853127087
1929,1.044655917687499,0.15366591691424275,0.7455083853128905
1930,1.0446559176864123,0.1536659164812296,0.7455083853127087
1931,1.044655917687499,0.15366591648129188,0.7455083853127087
1932,1.0446559176869556,0.15366591691424275,0.7455083853128905
1933,1.0446559176869556,0.1536659164813542,0.7455083853127087
1934,1.0446559176440267,0.15366591691418047,0.7455083853127087
1935,1.0446559176869556,0.15366591648129188,0.7455083853127087
1936,1.044655917687499,0.15366591691430506,0.7455083853128905
1937,1.044655917687499,0.1536659164812296,0.7455083853127087
1938,1.0953731619670082,0.08172798275885118,0.6312551661058358
1939,1.09537316196728,0.08172798232577572,0.6312551661058358
1940,1.0953731620099372,0.08172798275878888,0.6312551661060176
1941,1.09537316196728,0.08172798275878888,0.6312551661058358
1942,1.09537316196728,0.08172798275878888,0.6312551661058358
1943,1.0953731619675515,0.08172798232583801,0.6312551661058358
1944,1.0953731620102087,0.08172798275878888,0.6312551661060176
1945,1.0953731619678233,0.08172798275878888,0.6312551661058358
1946,1.09537316196728,0.08172798232583801,0.6312551661058358
1947,1.0953731619670082,0.08172798275878888,0.6312551661058358
1948,1.0953731620102087,0.08172798275878888,0.6312551661060176
1949,1.09537316196728,0.08172798232583801,0.6312551661058358
1950,1.09537316196728,0.08172798275872659,0.6312551661058358
1951,1.09537316196728,0.08172798275885118,0.6312551661058358
1952,1.0953731620102087,0.08172798275872659,0.6312551661060176
1953,1.0953731619678233,0.08172798232590031,0.6312551661058358
1954,1.09537316196728,0.08172798275872659,0.6312551661058358
1955,1.2462175170026661,0.11159545245304503,0.5068461051916487
1956,1.24621751704478,0.11159545202009416,0.5068461051916487
1957,1.2462175170023946,0.11159545245298273,0.5068461051918306
1958,1.2462175170023946,0.11159545202003186,0.5068461051916487
1959,1.246217517002938,0.11159545245304503,0.5068461051916487
1960,1.2462175170450518,0.11159545245304503,0.5068461051916487
1961,1.2462175170023946,0.11159545202009416,0.5068461051918306
1962,1.2462175170023946,0.11159545245298273,0.5068461051916487
1963,1.2462175170023946,0.11159545245304503,0.5068461051916487
1964,1.2462175170453234,0.11159545202009416,0.5068461051916487
1965,1.2462175170023946,0.11159545245292044,0.5068461051916487
1966,1.2462175170023946,0.11159545202015646,0.5068461051918306
1967,1.2462175170453234,0.11159545245298273,0.5068461051916487
1968,1.2462175170023946,0.11159545245310733,0.5068461051916487
1969,1.2462175170023946,0.11159545202003186,0.5068461051916487
1970,1.2462175170023946,0.11159545245304503,0.5068461051918306
1971,1.2462175170450518,0.11159545202003186,0.5068461051916487
1972,1.246217517002938,0.11159545245304503,0.5068461051916487
1973,1.3311069134717692,0.08172798275885118,0.5371642797002398
1974,1.3311069134714975,0.08172798232583801,0.5371642797002398
1975,1.3311069134717692,0.08172798275872659,0.537164279700058
1976,1.3311069134717692,0.08172798275878888,0.5371642797002398
1977,1.3311069134291118,0.08172798275878888,0.5371642797002398
1978,1.3311069134712257,0.08172798232583801,0.5371642797002398
1979,1.3311069134720408,0.08172798275878888,0.537164279700058
1980,1.3311069134717692,0.08172798275878888,0.5371642797002398
1981,1.3311069134717692,0.08172798232583801,0.5371642797002398
1982,1.3311069134714975,0.08172798275878888,0.5371642797002398
1983,1.3311069134717692,0.08172798275878888,0.537164279700058
1984,1.3311069134717692,0.08172798232583801,0.5371642797002398
1985,1.331106913428297,0.08172798275872659,0.5371642797002398
1986,1.3311069134720408,0.08172798275885118,0.5371642797002398
1987,1.3311069134717692,0.08172798275872659,0.537164279700058
1988,1.3311069134712257,0.08172798232583801,0.5371642797002398
1989,1.3311069134723126,0.08172798275885118,0.5371642797002398
1990,1.4305127122933199,0.13548942777548661,0.6124369888247165
1991,1.4305127122944066,0.1354894282083129,0.6124369888247165
1992,1.4305127122506627,0.13548942777554893,0.6124369888247165
1993,1.4305127122935914,0.1354894282083752,0.6124369888247165
1994,1.4305127122933199,0.13548942777548661,0.6124369888247165
1995,1.4305127122935914,0.1354894282083752,0.6124369888247165
1996,1.430512712294135,0.13548942777542433,0.6124369888247165
1997,1.4305127122935914,0.13548942820843748,0.6124369888247165
1998,1.4305127122506627,0.13548942777548661,0.6124369888248984
1999,1.430512712294135,0.1354894282083752,0.6124369888247165
2000,1.4305127122933199,0.13548942777548661,0.6124369888247165
2001,1.4305127122938632,0.13548942820843748,0.6124369888247165
2002,1.4305127122933199,0.13548942777548661,0.6124369888247165
2003,1.4305127122944066,0.13548942820843748,0.6124369888247165
2004,1.430512712250391,0.13548942777542433,0.6124369888247165
2005,1.4305127122935914,0.13548942820843748,0.6124369888247165
2006,1.4305127122935914,0.13548942777548661,0.6124369888247165
2007,1.3927166612950506,0.2022087600237392,0.48360485205380965
2008,1.3927166613374362,0.20220876045675237,0.4836048520539915
2009,1.3927166612945072,0.2022087600237392,0.48360485205380965
2010,1.3927166612945072,0.20220876045669006,0.4836048520539915
2011,1.3927166613377078,0.2022087600238015,0.48360485205380965
2012,1.392716661294779,0.2022087600238015,0.48360485205380965
2013,1.3927166612939639,0.20220876045669006,0.4836048520539915
2014,1.3927166612953223,0.2022087600237392,0.48360485205380965
2015,1.3927166613371644,0.2022087600238015,0.48360485205380965
2016,1.392716661294779,0.20220876045669006,0.4836048520539915
2017,1.3927166612945072,0.2022087600238015,0.48360485205380965
2018,1.3927166613379796,0.20220876045675237,0.4836048520539915
2019,1.3927166612945072,0.2022087600237392,0.48360485205380965
2020,1.1201457181702943,0.6565772148273521,0.41798249025296974
2021,1.1201457182129515,0.6565772152601783,0.41798249025296974
2022,1.1201457182132233,0.6565772148272898,0.41798249025296974
2023,1.1201457181694792,0.6565772152602407,0.4179824902531516
2024,1.120145718170566,0.6565772148272898,0.41798249025296974
2025,1.12014571821268,0.6565772152602407,0.41798249025296974
2026,1.1201457182132233,0.6565772148272898,0.41798249025296974
2027,1.1201457181702943,0.6565772152602407,0.41798249025296974
2028,1.1201457181700225,0.6565772148272898,0.4179824902531516
2029,1.1201457182129515,0.6565772148273521,0.41798249025296974
2030,1.1201457182129515,0.6565772152602407,0.41798249025296974
2031,1.1201457181702943,0.6565772148272275,0.41798249025296974
2032,1.120145718169751,0.6565772152602407,0.41798249025296974
2033,1.1201457182132233,0.6565772148273521,0.41798249025296974
2034,1.1201457182132233,0.6565772152601783,0.41798249025296974
2035,1.1201457181700225,0.6565772148272898,0.4179824902531516
2036,1.1201457181702943,0.6565772152602407,0.41798249025296974
2037,1.1201457182132233,0.6565772148272898,0.41798249025296974
2038,1.2255838347219359,0.3146942459408989,0.6804719374565111
2039,1.2255838347219359,0.3146942459408989,0.6804719374565111
2040,1.2255838347224792,0.31469424550794806,0.6804719374565111
2041,1.2255838347222074,0.3146942459409612,0.680471937456693
2042,1.2255838347222074,0.3146942459408366,0.6804719374565111
2043,1.2255838347222074,0.3146942459408989,0.6804719374565111
2044,1.2255838346795502,0.31469424550801034,0.6804719374565111
2045,1.2255838347222074,0.3146942459408989,0.6804719374565111
2046,1.2255838347222074,0.3146942459408989,0.6804719374565111
2047,1.2255838347219359,0.3146942459408366,0.680471937456693
2048,1.2255838347224792,0.31469424550801034,0.6804719374565111
2049,1.2255838347224792,0.3146942459408989,0.6804719374565111
2050,1.2255838347219359,0.3146942459408989,0.6804719374565111
2051,1.3030839454380334,-0.01026382381290994,0.5032915605942253
2052,1.3030839453948329,-0.010263823812847647,0.5032915605940435
2053,1.3030839454380334,-0.01026382381290994,0.5032915605942253
2054,1.3030839453951044,-0.010263824245798516,0.5032915605940435
2055,1.3030839454383052,-0.01026382381290994,0.5032915605942253
2056,1.3030839453951044,-0.010263823812847647,0.5032915605940435
2057,1.3030839454380334,-0.01026382381290994,0.5032915605942253
2058,1.3030839453948329,-0.01026382381290994,0.5032915605940435
2059,1.3030839454380334,-0.01026382381290994,0.5032915605942253
2060,1.3030839453948329,-0.010263823812847647,0.5032915605940435
2061,1.3030839454380334,-0.01026382381290994,0.5032915605942253
2062,1.3030839453951044,-0.010263824245798516,0.5032915605940435
2063,1.3030839454380334,-0.010263823812847647,0.5032915605942253
2064,1.3030839453948329,-0.01026382381290994,0.5032915605940435
2065,1.3030839454385768,-0.010263823812847647,0.5032915605942253
2066,1.2274408661469787,0.08113063306184314,0.7645505885139452
2067,1.2274408661043215,0.08113063349473171,0.7645505885139452
2068,1.22744086610405,0.08113063306190543,0.7645505885139452
2069,1.2274408661472505,0.08113063349473171,0.7645505885137633
2070,1.2274408661475222,0.08113063306184314,0.7645505885139452
2071,1.2274408661037781,0.08113063306184314,0.7645505885139452
2072,1.2274408661043215,0.081130633494794,0.7645505885139452
2073,1.2274408661472505,0.08113063306184314,0.7645505885139452
2074,1.227440866146707,0.08113063349473171,0.7645505885137633
2075,1.2274408661048648,0.08113063306184314,0.7645505885139452
2076,1.2274408661043215,0.0811306334948563,0.7645505885139452
2077,1.2274408661472505,0.08113063306178084,0.7645505885139452
2078,1.167087345415205,0.4632102387952223,0.671243792828214
2079,1.1670873454154769,0.463210238362396,0.6712437928283959
2080,1.1670873454157484,0.4632102387952223,0.671243792828214
2081,1.1670873454154769,0.4632102387952846,0.6712437928283959
2082,1.167087345415205,0.46321023836227143,0.671243792828214
2083,1.1670873454157484,0.4632102387952846,0.6712437928283959
2084,1.1670873454154769,0.463210238362396,0.671243792828214
2085,1.167087345372276,0.4632102387952223,0.6712437928283959
2086,1.1670873454154769,0.4632102387952223,0.671243792828214
2087,1.1670873454149335,0.4632102383623337,0.671243792828214
2088,1.1670873454160202,0.4632102387952846,0.6712437928283959
2089,1.1670873454154769,0.4632102383623026,0.671243792828214
2090,1.167087345415205,0.4632102387952534,0.6712437928283959
2091,1.1670873454154769,0.4632102387952223,0.671243792828214
2092,1.1670873454157484,0.4632102383623337,0.6712437928283959
2093,1.1670873454154769,0.46321023879531575,0.671243792828214
2094,0.947029123725174,0.520917636211695,0.45899646637847197
2095,0.9470291237257173,0.520917636211695,0.4589964663786538
2096,0.9470291237678312,0.520917636211695,0.45899646637847197
2097,0.947029123725174,0.520917636211695,0.4589964663786538
2098,0.9470291237254457,0.520917636211695,0.45899646637847197
2099,0.9470291237254457,0.520917636211726,0.45899646637847197
2100,0.9470291237683747,0.5209176366446147,0.4589964663786538
2101,0.9470291237249023,0.520917636211695,0.45899646637847197
2102,0.9470291237257173,0.5209176362117572,0.45899646637847197
2103,0.947029123725174,0.520917636211695,0.4589964663786538
2104,0.9470291237681029,0.520917636211695,0.45899646637847197
2105,0.947029123725174,0.520917636211695,0.4589964663786538
2106,0.947029123725174,0.520917636211695,0.45899646637847197
2107,1.188443206609883,0.2959466648104198,0.5820383947551604
2108,1.1884432065661388,0.29594666481038867,0.5820383947553422
2109,1.1884432066096111,0.2959466652433395,0.5820383947551604
2110,1.1884432065661388,0.29594666481038867,0.5820383947551604
2111,1.1884432066090678,0.29594666481038867,0.5820383947553422
2112,1.1884432065664106,0.2959466648104198,0.5820383947551604
2113,1.188443206609883,0.29594666524327723,0.5820383947551604
2114,1.1884432065661388,0.29594666481045095,0.5820383947551604
2115,1.1884432066096111,0.29594666481035753,0.5820383947553422
2116,1.1884432065664106,0.29594666481038867,0.5820383947551604
2117,1.1884432066090678,0.2959466652433395,0.5820383947551604
2118,1.1884432065666821,0.29594666481038867,0.5820383947553422
2119,1.1884432066090678,0.2959466648104198,0.5820383947551604
2120,1.1141619503406743,0.30063356020126175,0.7050803231318488
2121,1.1141619502980171,0.30063356020123055,0.7050803231318488
2122,1.114161950340131,0.3006335602012929,0.7050803231318488
2123,1.1141619503412177,0.300633559768342,0.7050803231318488
2124,1.114161950297202,0.3006335602011994,0.7050803231318488
2125,1.1141619503406743,0.3006335602012929,0.7050803231318488
2126,1.1141619503406743,0.30063356020123055,0.7050803231320306
2127,1.1141619503409461,0.30063356020126175,0.7050803231318488
2128,1.114161950297202,0.3006335602012929,0.7050803231318488
2129,1.1141619503412177,0.3006335597682797,0.7050803231318488
2130,1.1141619503406743,0.3006335602012929,0.7050803231318488
2131,1.1141619502977453,0.3006335602011994,0.7050803231318488
2132,1.1141619503404026,0.3006335602012929,0.7050803231318488
2133,1.2247584874412378,0.31469424594093004,0.41798249025296974
2134,1.224758487398037,0.31469424594086776,0.41798249025296974
2135,1.224758487442053,0.31469424550794806,0.41798249025296974
2136,1.2247584873983088,0.31469424594086776,0.41798249025296974
2137,1.2247584874412378,0.31469424594093004,0.4179824902531516
2138,1.224758487440966,0.31469424594093004,0.41798249025296974
2139,1.2247584873985806,0.3146942455079169,0.41798249025296974
2140,1.2247584874415094,0.3146942459408989,0.41798249025296974
2141,1.2247584873985806,0.31469424594086776,0.41798249025296974
2142,1.224758487440966,0.31469424594093004,0.41798249025296974
2143,1.224758487440966,0.31469424594093004,0.41798249025296974
2144,1.2247584873985806,0.31469424550794806,0.41798249025296974
2145,1.2247584874415094,0.31469424594086776,0.41798249025296974
2146,1.2247584874415094,0.31469424594086776,0.4179824902531516
2147,1.2247584873985806,0.31469424594093004,0.41798249025296974
2148,1.224758487440966,0.31469424550801034,0.41798249025296974
2149,1.2247584873983088,0.31469424594086776,0.41798249025296974
2150,1.2247584874415094,0.31469424594086776,0.41798249025296974
2151,1.2810884400927995,0.1183654119328975,0.5068461051916487
2152,1.2810884400927995,0.11836541236581723,0.5068461051918306
2153,1.2810884400930713,0.1183654119328975,0.5068461051916487
2154,1.2810884400922562,0.11836541193292865,0.5068461051916487
2155,1.2810884400927995,0.1183654119328352,0.5068461051916487
2156,1.2810884400933429,0.11836541236584837,0.5068461051918306
2157,1.2810884400927995,0.11836541193292865,0.5068461051916487
2158,1.2810884400927995,0.1183654119328975,0.5068461051916487
2159,1.2810884400922562,0.11836541236584837,0.5068461051918306
2160,1.2810884400927995,0.11836541193286636,0.5068461051916487
2161,1.2810884400933429,0.1183654119328975,0.5068461051916487
2162,1.2810884400927995,0.1183654119328975,0.5068461051916487
2163,1.2810884400927995,0.11836541236581723,0.5068461051918306
2164,1.2810884400927995,0.1183654119328975,0.5068461051916487
2165,1.2810884400927995,0.1183654119328975,0.5068461051916487
2166,1.2810884400927995,0.11836541193286636,0.5068461051916487
2167,1.2810884400927995,0.11836541236584837,0.5068461051918306
2168,1.2810884400925278,0.1183654119328975,0.5068461051916487
2169,1.3632362877509479,-0.1841671657991507,0.5712722260221774
2170,1.3632362877077473,-0.1841671657990884,0.5712722260223593
2171,1.3632362877077473,-0.18416716579911957,0.5712722260221774
2172,1.3632362877506763,-0.18416716623203927,0.5712722260221774
2173,1.3632362877506763,-0.18416716579911957,0.5712722260223593
2174,1.3632362877077473,-0.1841671657990884,0.5712722260221774
2175,1.3632362877074755,-0.1841671657991507,0.5712722260223593
2176,1.3632362877509479,-0.1841671657990884,0.5712722260221774
2177,1.3632362877504045,-0.18416716579911957,0.5712722260221774
2178,1.3632362877077473,-0.1841671657991507,0.5712722260223593
2179,1.3632362877082906,-0.18416716579905726,0.5712722260221774
2180,1.3632362877504045,-0.1841671657990884,0.5712722260223593
2181,1.3632362877506763,-0.18416716623210158,0.5712722260221774
2182,1.363236287708019,-0.18416716579911957,0.5712722260221774
2183,1.3632362877077473,-0.1841671657990884,0.5712722260223593
2184,1.3632362877506763,-0.1841671657991507,0.5712722260221774
2185,1.3140659193756696,0.020798344409398258,0.5183461024191206
2186,1.3140659193756696,0.02079834484231798,0.5183461024189387
2187,1.3140659194185984,0.02079834440933596,0.5183461024191206
2188,1.3140659193759412,0.020798344409398258,0.5183461024191206
2189,1.3140659193753979,0.020798344842255685,0.5183461024189387
2190,1.3140659193756696,0.02079834440936711,0.5183461024191206
2191,1.3140659193756696,0.02079834440936711,0.5183461024191206
2192,1.3140659193756696,0.02079834484228683,0.5183461024189387
2193,1.3140659194185984,0.02079834440933596,0.5183461024191206
2194,1.3140659193756696,0.02079834484231798,0.5183461024189387
2195,1.3140659193756696,0.020798344409398258,0.5183461024191206
2196,1.3140659193756696,0.02079834440933596,0.5183461024191206
2197,1.3140659193756696,0.02079834484228683,0.5183461024189387
2198,1.3140659193759412,0.020798344409398258,0.5183461024191206
2199,1.3140659194185984,0.02079834440933596,0.5183461024191206
2200,1.3140659193756696,0.02079834484231798,0.5183461024189387
2201,1.3140659193756696,0.02079834440933596,0.5183461024191206
2202,1.247868211607263,0.45061420751350906,0.48360485205380965
2203,1.2478682116069912,0.45061420794642876,0.4836048520539915
2204,1.2478682115640622,0.45061420751350906,0.48360485205380965
2205,1.247868211607263,0.4506142079464599,0.4836048520539915
2206,1.247868211607263,0.45061420751347786,0.48360485205380965
2207,1.2478682116069912,0.45061420751350906,0.48360485205380965
2208,1.247868211564334,0.45061420794642876,0.4836048520539915
2209,1.247868211607263,0.45061420751357134,0.48360485205380965
2210,1.2478682116069912,0.4506142075134467,0.48360485205380965
2211,1.247868211607263,0.45061420794642876,0.4836048520539915
2212,1.2478682115640622,0.45061420751350906,0.48360485205380965
2213,1.2478682116069912,0.45061420794642876,0.4836048520539915
2214,1.247868211607263,0.45061420751350906,0.48360485205380965
2215,1.2274408661043215,0.6735021143928539,0.5779369971426647
2216,1.2274408661469787,0.673502114392885,0.5779369971426647
2217,1.2274408661469787,0.6735021148257424,0.5779369971426647
2218,1.2274408661045932,0.673502114392885,0.5779369971426647
2219,1.22744086610405,0.6735021143928539,0.5779369971426647
2220,1.2274408661475222,0.6735021143928539,0.5779369971426647
2221,1.2274408661469787,0.6735021148257736,0.5779369971426647
2222,1.2274408661045932,0.6735021143928539,0.5779369971426647
2223,1.22744086610405,0.673502114392885,0.5779369971424828
2224,1.2274408661472505,0.6735021143928539,0.5779369971426647
2225,1.2274408661472505,0.6735021143928539,0.5779369971426647
2226,1.2274408661043215,0.6735021148257736,0.5779369971426647
2227,1.2274408661043215,0.6735021143928539,0.5779369971426647
2228,1.2274408661469787,0.6735021143928539,0.5779369971426647
2229,1.2274408661475222,0.673502114392885,0.5779369971426647
2230,1.22744086610405,0.6735021148257424,0.5779369971426647
2231,1.2274408661043215,0.673502114392885,0.5779369971426647
2232,1.2274408661472505,0.6735021143928539,0.5779369971426647
2233,1.24085275963357,0.4433234816866752,1.0222550718360597
2234,1.240852759590641,0.44332348168664404,1.0222550718362415
2235,1.2408527596338415,0.4433234821196261,1.0222550718360597
2236,1.2408527595900976,0.4433234816866752,1.0222550718362415
2237,1.2408527596338415,0.44332348168664404,1.0222550718360597
2238,1.240852759590641,0.4433234816867063,1.0222550718362415
2239,1.24085275963357,0.4433234821196261,1.0222550718360597
2240,1.2408527595909125,0.4433234816866752,1.0222550718362415
2241,1.24085275963357,0.44332348168664404,1.0222550718360597
2242,1.1813527230296983,0.5141003339824185,0.6894204413385678
2243,1.1813527230294265,0.5141003339824185,0.689420441338386
2244,1.1813527230728988,0.5141003344153693,0.6894204413385678
2245,1.1813527230296983,0.5141003339824808,0.689420441338386
2246,1.1813527230296983,0.5141003339823873,0.6894204413385678
2247,1.1813527230294265,0.5141003339824185,0.689420441338386
2248,1.1813527230299699,0.5141003339824185,0.6894204413385678
2249,1.1813527230296983,0.5141003339824808,0.689420441338386
2250,1.1813527230723555,0.5141003344153382,0.6894204413385678
2251,1.1813527230299699,0.5141003339824185,0.689420441338386
2252,1.1813527230294265,0.5141003339824808,0.6894204413385678
2253,1.122828096876307,0.4365535217738407,0.39132340577138425
2254,1.1228280968757636,0.43655352220679156,0.39132340577138425
2255,1.1228280969189641,0.43655352220679156,0.39132340577138425
2256,1.1228280968760354,0.43655352177387186,0.39132340577138425
2257,1.1228280968757636,0.4365535217738407,0.39132340577138425
2258,1.122828096919236,0.43655352220679156,0.39132340577138425
2259,1.1228280968757636,0.4365535222068539,0.39132340577138425
2260,1.1228280968760354,0.4365535217738407,0.39132340577138425
2261,1.1228280968757636,0.4365535217738407,0.39132340577138425
2262,1.122828096876307,0.43655352220679156,0.39132340577138425
2263,1.1228280969186926,0.43655352220679156,0.39132340577138425
2264,1.1228280968760354,0.436553521773903,0.39132340577138425
2265,0.9894755558788909,0.6149903192714546,0.5398525907403737
2266,0.9894755558788909,0.6149903192714546,0.5398525907403737
2267,0.9894755559218199,0.6149903188385037,0.5398525907403737
2268,0.9894755558788909,0.6149903192714546,0.5398525907401919
2269,0.9894755558788909,0.6149903192714546,0.5398525907403737
2270,0.9894755558788909,0.6149903192713924,0.5398525907403737
2271,0.9894755558788909,0.614990318838566,0.5398525907403737
2272,0.9894755559218199,0.6149903192714546,0.5398525907403737
2273,0.9894755558786192,0.6149903192714546,0.5398525907403737
2274,0.9894755558788909,0.6149903192714546,0.5398525907403737
2275,0.9894755558788909,0.6149903192714234,0.5398525907401919
2276,0.9894755559218199,0.6149903188385349,0.5398525907403737
2277,0.9894755558791627,0.6149903192714234,0.5398525907403737
2278,0.9894755558786192,0.6149903192714858,0.5398525907403737
2279,0.5273400258477815,1.005230144059435,0.5032915605942253
2280,0.5273400258907104,1.005230144059466,0.5032915605940435
2281,0.5273400258480532,1.0052301436265152,0.5032915605942253
2282,0.5273400258477815,1.0052301440594038,0.5032915605940435
2283,0.5273400258480532,1.005230144059466,0.5032915605942253
2284,0.5273400258907104,1.005230144059435,0.5032915605940435
2285,0.5273400258477815,1.005230144059466,0.5032915605942253
2286,0.5273400258480532,1.005230143626484,0.5032915605940435
2287,0.5273400258480532,1.005230144059435,0.5032915605942253
2288,0.5273400258907104,1.005230144059466,0.5032915605940435
2289,0.5273400258477815,1.005230144059435,0.5032915605942253
2290,0.5273400258477815,1.005230144059435,0.5032915605940435
2291,0.5273400258480532,1.0052301436265152,0.5032915605942253
2292,0.5273400258909822,1.005230144059435,0.5032915605940435
2293,0.5273400258477815,1.005230144059466,0.5032915605942253
2294,0.9136025584191911,0.8413004033323134,0.4255993715335007
2295,0.9136025584194628,0.8413004037652954,0.4255993715335007
2296,0.9136025584191911,0.8413004033323134,0.42559937153331884
2297,0.9136025584194628,0.8413004033323134,0.4255993715335007
2298,0.9136025584197346,0.8413004033323757,0.4255993715335007
2299,0.9136025584191911,0.8413004037652331,0.4255993715335007
2300,0.9136025584194628,0.8413004033323445,0.4255993715335007
2301,0.9136025584194628,0.8413004033323445,0.42559937153331884
2302,0.9136025584191911,0.8413004037652643,0.4255993715335007
2303,0.9136025584197346,0.8413004033323134,0.4255993715335007
2304,0.9136025584194628,0.8413004033323445,0.4255993715335007
2305,0.9136025584191911,0.8413004033323445,0.42559937153331884
2306,0.9136025584197346,0.8413004037652643,0.4255993715335007
2307,0.9136025584189195,0.8413004033323445,0.4255993715335007
2308,1.299865090991416,0.3857788235100994,0.41798249025296974
2309,1.2998650909906009,0.38577882351013054,0.41798249025296974
2310,1.2998650909482155,0.3857788239430814,0.41798249025296974
2311,1.2998650909908727,0.3857788235100994,0.41798249025296974
2312,1.2998650909908727,0.3857788235101617,0.4179824902531516
2313,1.2998650909908727,0.3857788235100994,0.41798249025296974
2314,1.2998650909482155,0.3857788239430814,0.41798249025296974
2315,1.2998650909906009,0.3857788235100994,0.41798249025296974
2316,1.299865090991416,0.38577882351013054,0.41798249025296974
2317,1.2998650909908727,0.38577882351013054,0.41798249025296974
2318,1.2998650909906009,0.38577882351013054,0.41798249025296974
2319,1.2998650909482155,0.38577882394305024,0.41798249025296974
2320,1.2998650909908727,0.38577882351013054,0.41798249025296974
2321,1.2998650909911442,0.38577882351013054,0.4179824902531516
2322,1.2998650909908727,0.38577882351013054,0.41798249025296974
2323,1.2998650909479437,0.3857788239430814,0.41798249025296974
2324,1.2998650909911442,0.3857788235100994,0.41798249025296974
2325,1.2998650909908727,0.38577882351013054,0.41798249025296974
2326,1.2231806176016253,-0.05805177532366371,0.5371642797002398
2327,1.2231806176016253,-0.058051775323694856,0.5371642797002398
2328,1.223180617601897,-0.05805177532363256,0.537164279700058
2329,1.2231806176016253,-0.05805177532366371,0.5371642797002398
2330,1.223180617601897,-0.05805177532366371,0.5371642797002398
2331,1.2231806176016253,-0.05805177532366371,0.5371642797002398
2332,1.2231806176016253,-0.05805177532363256,0.537164279700058
2333,1.223180617601897,-0.058051775323694856,0.5371642797002398
2334,1.223180617644554,-0.05805177489071284,0.5371642797002398
2335,1.2231806176016253,-0.05805177532366371,0.5371642797002398
2336,1.2231806176016253,-0.058051775323694856,0.537164279700058
2337,1.223180617601897,-0.05805177532363256,0.5371642797002398
2338,1.2231806176016253,-0.05805177532366371,0.5371642797002398
2339,1.223180617601897,-0.058051775323694856,0.5371642797002398
2340,1.2231806176016253,-0.05805177532363256,0.537164279700058
2341,1.223180617601897,-0.05805177532363256,0.5371642797002398
2342,1.2231806176016253,-0.058051775323694856,0.5371642797002398
2343,1.2451445655200981,-0.059007534405838495,0.7165642364470912
2344,1.245144565563027,-0.059007534405807346,0.7165642364469094
2345,1.2451445655200981,-0.05900753397291877,0.7165642364470912
2346,1.2451445655198263,-0.059007534405807346,0.7165642364469094
2347,1.245144565563027,-0.059007534405838495,0.7165642364470912
2348,1.24514456552037,-0.059007534405807346,0.7165642364470912
2349,1.2451445655198263,-0.05900753440586964,0.7165642364469094
2350,1.245144565563027,-0.05900753397288762,0.7165642364470912
2351,1.2451445655200981,-0.059007534405807346,0.7165642364469094
2352,1.2451445655200981,-0.059007534405838495,0.7165642364470912
2353,1.2451445655627553,-0.059007534405838495,0.7165642364470912
2354,1.2451445655200981,-0.059007534405807346,0.7165642364469094
2355,1.24514456552037,-0.059007533972949916,0.7165642364470912
2356,1.2451445655627553,-0.059007534405807346,0.7165642364469094
2357,1.2451445655200981,-0.059007534405838495,0.7165642364470912
2358,1.1888146128685364,0.1258123678802887,0.43930975783823817
2359,1.1888146128685364,0.1258123678802887,0.43930975783823817
2360,1.188814612868808,0.12581236788025757,0.43930975783842
2361,1.1888146128685364,0.125812367447369,0.43930975783823817
2362,1.1888146128685364,0.1258123678802887,0.43930975783823817
2363,1.1888146128682646,0.12581236788025757,0.43930975783842
2364,1.188814612868808,0.1258123678802887,0.43930975783823817
2365,1.1888146128685364,0.12581236788025757,0.43930975783823817
2366,1.1888146128685364,0.1258123678802887,0.43930975783823817
2367,1.188814612868808,0.12581236788025757,0.43930975783823817
2368,1.1888146128685364,0.12581236744733784,0.43930975783842
2369,1.1888146128685364,0.1258123678802887,0.43930975783823817
2370,1.188814612868808,0.1258123678802887,0.43930975783823817
2371,1.1888146128685364,0.12581236788025757,0.43930975783823817
2372,1.1888146128685364,0.1258123678802887,0.43930975783842
2373,1.1888146128682646,0.1258123678802887,0.43930975783823817
2374,1.188814612868808,0.1258123674473067,0.43930975783823817
2375,1.1888146128682646,0.12581236788031988,0.43930975783823817
2376,1.188814612868808,0.12581236788025757,0.43930975783842
2377,1.188814612868808,0.1258123678802887,0.43930975783823817
2378,1.2007582569580146,0.5071036294274881,0.47971931747355057
2379,1.2007582569580146,0.5071036289945372,0.47971931747355057
2380,1.2007582570006718,0.5071036294275193,0.47971931747355057
2381,1.2007582569582864,0.5071036289945372,0.47971931747355057
2382,1.2007582569582864,0.5071036294274881,0.47971931747355057
2383,1.2007582569580146,0.5071036289945995,0.47971931747355057
2384,1.2007582569580146,0.5071036294274569,0.47971931747355057
2385,1.2007582570009436,0.5071036289945684,0.47971931747355057
2386,1.2007582569582864,0.5071036294274569,0.47971931747355057
2387,1.2007582569580146,0.5071036289945684,0.4797193174737324
2388,1.2007582569580146,0.5071036294274881,0.47971931747355057
2389,1.2007582570009436,0.5071036289945372,0.47971931747355057
2390,1.2007582569582864,0.5071036294275504,0.47971931747355057
2391,1.2007582569580146,0.5071036289945372,0.47971931747355057
2392,1.2007582569580146,0.5071036294274881,0.47971931747355057
2393,1.2007582569582864,0.5071036289945372,0.47971931747355057
2394,1.2007582570009436,0.5071036294274881,0.47971931747355057
2395,1.2007582569580146,0.5071036289945684,0.47971931747355057
2396,1.2007582569580146,0.5071036294274881,0.47971931747355057
2397,1.0391378815109582,0.4852972323668004,0.5992642647279331
2398,1.0391378815104149,0.4852972323668004,0.5992642647279331
2399,1.0391378814674859,0.48529723279978243,0.5992642647279331
2400,1.0391378815104149,0.4852972323668004,0.5992642647279331
2401,1.0391378815106866,0.4852972323668004,0.5992642647279331
2402,1.0391378815104149,0.4852972323668004,0.599264264728115
2403,1.0391378815106866,0.48529723236683153,0.5992642647279331
2404,1.0391378814674859,0.4852972327997513,0.5992642647279331
2405,1.0391378815106866,0.48529723236676925,0.5992642647279331
2406,1.039137881510143,0.48529723236683153,0.5992642647279331
2407,1.3481479075678686,0.1319053317585042,-0.008562861452762171
2408,1.2515822744144198,0.25376460759150826,1.5909822074438236
2409,1.3481479075673253,0.1928349696749751,-0.008562861452762171
2410,1.2032994578376954,0.1928349696749751,-0.008562861452762171
2411,1.2032994578374239,0.31469424594093004,-0.008562861452762171
2412,1.1630637773779222,0.3214642058537022,0.5068461051916487
2413,1.1630637773349934,0.3214642054207514,0.5068461051916487
2414,1.163063777378194,0.3214642054207825,0.5068461051918306
2415,1.163063777378194,0.3214642058537022,0.5068461051916487
2416,1.163063777335265,0.3214642058537022,0.5068461051916487
2417,1.163063777378194,0.3214642054207514,0.5068461051916487
2418,1.1630637773779222,0.32146420542081366,0.5068461051918306
2419,1.163063777335265,0.3214642058537022,0.5068461051916487
2420,1.1630637773779222,0.3214642058537022,0.5068461051916487
2421,1.163063777378194,0.3214642054207514,0.5068461051916487
2422,1.163063777335265,0.3214642058537334,0.5068461051916487
2423,1.163063777378194,0.3214642054207514,0.5068461051918306
2424,1.1630637773784658,0.3214642058537022,0.5068461051916487
2425,1.1630637773347217,0.3214642054207514,0.5068461051916487
2426,1.1630637773784658,0.32146420542081366,0.5068461051916487
2427,1.1630637773779222,0.3214642058537022,0.5068461051918306
2428,1.1630637773349934,0.3214642058537022,0.5068461051916487
2429,1.163063777378194,0.3214642054207514,0.5068461051916487
2430,1.2487421087460462,0.30035786057424113,0.6312551661058358
2431,1.2487421087025738,0.3003578601413526,0.6312551661058358
2432,1.2487421087457746,0.30035786057424113,0.6312551661060176
2433,1.2487421087460462,0.30035786057424113,0.6312551661058358
2434,1.2487421087028456,0.30035786014132143,0.6312551661058358
2435,1.2487421087455028,0.30035786057424113,0.6312551661058358
2436,1.2487421087460462,0.30035786057424113,0.6312551661058358
2437,1.2487421087025738,0.3003578601413526,0.6312551661058358
2438,1.2487421087460462,0.30035786057421,0.6312551661060176
2439,1.2487421087025738,0.30035786014132143,0.6312551661058358
2440,1.2487421087460462,0.30035786057424113,0.6312551661058358
2441,1.2487421087457746,0.3003578605742723,0.6312551661058358
2442,1.2487421087028456,0.30035786014132143,0.6312551661058358
2443,1.2487421087455028,0.30035786057421,0.6312551661058358
2444,1.2487421087460462,0.3003578605742723,0.6312551661060176
2445,1.2487421087025738,0.30035786014132143,0.6312551661058358
2446,1.2487421087460462,0.30035786057424113,0.6312551661058358
2447,1.170263846492866,0.548792328735539,0.5470685835322834
2448,1.1702638464931379,0.5487923291685209,0.5470685835324652
2449,1.1702638465360666,0.548792328735539,0.5470685835322834
2450,1.1702638464931379,0.5487923291684897,0.5470685835324652
2451,1.170263846492866,0.54879232873557,0.5470685835322834
2452,1.1702638464931379,0.5487923291684587,0.5470685835324652
2453,1.1702638464931379,0.548792328735539,0.5470685835322834
2454,1.1702638465355233,0.5487923291685209,0.5470685835324652
2455,1.1702638464934094,0.548792328735539,0.5470685835322834
2456,1.1702638464931379,0.5487923291684897,0.5470685835324652
2457,1.170263846492866,0.54879232873557,0.5470685835322834
2458,1.1702638465360666,0.5487923291684897,0.5470685835324652
2459,1.170263846492866,0.548792328735539,0.5470685835322834
2460,1.1702638464931379,0.5487923291684897,0.5470685835324652
2461,1.170263846492866,0.548792328735539,0.5470685835322834
2462,1.1702638464931379,0.5487923291685209,0.5470685835324652
2463,1.1702638465363384,0.548792328735539,0.5470685835322834
2464,1.170263846492866,0.5487923291684897,0.5470685835324652
2465,1.170263846492866,0.548792328735539,0.5470685835322834
2466,0.7735823903596234,1.0732682399060343,0.5352824619721279
2467,0.7735823903593517,1.0732682399060343,0.5352824619719461
2468,0.7735823903598951,1.0732682394730833,0.5352824619721279
2469,0.7735823904025523,1.0732682399060032,0.5352824619721279
2470,0.7735823903593517,1.0732682399060343,0.5352824619721279
2471,0.7735823903593517,1.0732682399060343,0.5352824619721279
2472,0.7735823903596234,1.0732682399060032,0.5352824619719461
2473,0.7735823903596234,1.0732682394731146,0.5352824619721279
2474,0.7735823903598951,1.0732682399060187,0.5352824619721279
2475,0.7735823904020089,1.0732682399060343,0.5352824619719461
2476,0.7735823903598951,1.0732682399060187,0.5352824619721279
2477,0.7735823903593517,1.0732682399060343,0.5352824619721279
2478,0.7735823903593517,1.0732682394730833,0.5352824619721279
2479,0.7735823903598951,1.0732682399060343,0.5352824619721279
2480,0.7735823903593517,1.0732682399060032,0.5352824619719461
2481,0.7735823903598951,1.0732682399060187,0.5352824619721279
2482,0.7735823904022806,1.0732682399060343,0.5352824619721279
2483,0.7735823903596234,1.073268239473099,0.5352824619719461
2484,0.7735823903593517,1.0732682399060032,0.5352824619721279
2485,0.7735823903596234,1.0732682399060343,0.5352824619721279
2486,0.3082103198916004,1.331750511988208,0.45899646637847197
2487,0.30821031989187214,1.3317505119882236,0.4589964663786538
2488,0.30821031989132874,1.331750512421159,0.45899646637847197
2489,0.30821031989187214,1.3317505119882236,0.4589964663786538
2490,0.30821031989187214,1.3317505119882236,0.45899646637847197
2491,0.3082103198916004,1.3317505119882236,0.45899646637847197
2492,0.30821031984867153,1.331750512421159,0.4589964663786538
2493,0.3082103198916004,1.3317505119881925,0.45899646637847197
2494,0.30821031989214387,1.3317505119882393,0.45899646637847197
2495,0.30821031989132874,1.3317505119882236,0.4589964663786538
2496,0.30821031989187214,1.3317505124211435,0.45899646637847197
2497,0.30821031989132874,1.331750511988208,0.4589964663786538
2498,0.3082103198916004,1.3317505119882236,0.45899646637847197
2499,0.058712688550920614,1.1426205042200217,0.5371642797002398
2500,0.05871268859303444,1.1426205046529103,0.537164279700058
2501,0.058712688550648914,1.1426205042200062,0.5371642797002398
2502,0.05871268855010551,1.1426205042199906,0.5371642797002398
2503,0.058712688550648914,1.1426205042200372,0.5371642797002398
2504,0.05871268859303444,1.1426205046529259,0.537164279700058
2505,0.058712688550648914,1.1426205042199906,0.5371642797002398
2506,0.05871268855010551,1.1426205042200062,0.5371642797002398
2507,0.05871268859357784,1.1426205046529259,0.537164279700058
2508,0.05871268855010551,1.1426205042200062,0.5371642797002398
2509,0.058712688550648914,1.1426205042199906,0.5371642797002398
2510,0.05871268859303444,1.1426205046529414,0.537164279700058
2511,0.058712688550648914,1.1426205042200062,0.5371642797002398
2512,0.058712688550648914,1.1426205042200062,0.5371642797002398
2513,0.05871268855037721,1.1426205042199906,0.5371642797002398
2514,0.05871268859303444,1.1426205046529414,0.537164279700058
2515,0.05871268855037721,1.1426205042199906,0.5371642797002398
2516,0.1297168305602201,1.0888590587703733,0.5371642797002398
2517,0.12971683060260564,1.0888590592033085,0.5371642797002398
2518,0.1297168305602201,1.0888590587703733,0.537164279700058
2519,0.1297168305599484,1.088859059203324,0.5371642797002398
2520,0.12971683060287734,1.0888590587703577,0.5371642797002398
2521,0.1297168305596767,1.0888590592033085,0.5371642797002398
2522,0.1297168305602201,1.0888590587703733,0.537164279700058
2523,0.12971683060287734,1.0888590592033085,0.5371642797002398
2524,0.1297168305602201,1.0888590587703733,0.5371642797002398
2525,0.12971683060260564,1.0888590592033085,0.5371642797002398
2526,0.1297168305599484,1.0888590587703733,0.537164279700058
2527,0.1297168305602201,1.0888590592033085,0.5371642797002398
2528,0.12971683060287734,1.0888590587703888,0.5371642797002398
2529,0.1297168305596767,1.0888590592033085,0.5371642797002398
2530,0.1297168305599484,1.088859058770342,0.537164279700058
2531,0.12971683060314904,1.088859059203324,0.5371642797002398
2532,0.1297168305602201,1.0888590587703733,0.5371642797002398
2533,0.43077439273726165,0.9781503048411413,0.4890733822039857
2534,0.4307743926937893,0.9781503048411413,0.4890733822039857
2535,0.43077439273726165,0.9781503048411413,0.48907338220380386
2536,0.43077439273726165,0.9781503048411335,0.4890733822039857
2537,0.4307743926943327,0.9781503048411335,0.4890733822039857
2538,0.4307743927369899,0.9781503048411491,0.4890733822039857
2539,0.43077439273726165,0.9781503048411413,0.48907338220380386
2540,0.4307743926943327,0.9781503048411335,0.4890733822039857
2541,0.43077439273726165,0.9781503048411491,0.4890733822039857
2542,1.1550166412604277,0.5584127980397567,-0.008562861452762171
2543,1.2515822744141483,0.3756238838573854,-0.008562861452762171
2544,1.0520132992558577,0.3796858596318917,0.8232005743734333
2545,1.0520132992558577,0.379685860064827,0.8232005743734333
2546,1.0520132992553144,0.3796858596318917,0.8232005743736152
2547,1.0520132992558577,0.3796858596318917,0.8232005743734333
2548,1.0520132992558577,0.379685860064827,0.8232005743734333
2549,1.0520132992558577,0.37968585963188395,0.8232005743734333
2550,1.052013299255586,0.3796858596318917,0.8232005743734333
2551,1.0520132992129287,0.379685860064827,0.8232005743736152
2552,1.0520132992558577,0.3796858596318917,0.8232005743734333
2553,1.052013299255586,0.3796858596318995,0.8232005743734333
2554,1.0520132992558577,0.3796858600648192,0.8232005743734333
2555,1.052013299255586,0.3796858596318995,0.8232005743734333
2556,1.0520132992558577,0.3796858596318917,0.8232005743736152
2557,1.0520132992558577,0.3796858600648114,0.8232005743734333
2558,1.0520132992558577,0.3796858596318917,0.8232005743734333
2559,0.7798962971528742,0.7974444551807157,0.45899646637847197
2560,0.7798962971528742,0.7974444551807157,0.4589964663786538
2561,0.779896297153146,0.7974444551807002,0.45899646637847197
2562,0.7798962971526026,0.797444455180708,0.4589964663786538
2563,0.7798962971528742,0.797444455180708,0.45899646637847197
2564,0.7798962971528742,0.7974444551807002,0.45899646637847197
2565,0.779896297110217,0.797444455180708,0.4589964663786538
2566,0.7798962971528742,0.797444455180708,0.4589964663786538
2567,0.7798962971526026,0.797444455180708,0.4589964663782901
2568,0.7798962971528742,0.7974444551807157,0.4589964663786538
2569,0.7798962971528742,0.797444455180708,0.4589964663786538
2570,0.779896297153146,0.797444455180708,0.4589964663782901
2571,0.779896297153146,0.7974444551807002,0.4589964663786538
2572,0.6551474814821268,0.927574722854425,0.443073393294462
2573,0.6551474814823985,0.927574722854425,0.443073393294462
2574,0.6551474814823985,0.9275747228544328,0.443073393294462
2575,0.6551474814821268,0.927574722854425,0.443073393294462
2576,0.6551474814823985,0.9275747232873602,0.4430733932948257
2577,0.6551474814821268,0.927574722854425,0.443073393294462
2578,0.6551474814823985,0.9275747228544328,0.443073393294462
2579,0.6551474814821268,0.927574722854425,0.443073393294462
2580,0.6551474815250558,0.927574722854425,0.443073393294462
2581,0.6551474814823985,0.927574722854425,0.443073393294462
2582,0.6551474814821268,0.9275747228544328,0.443073393294462
2583,0.6551474814823985,0.9275747228544328,0.443073393294462
2584,0.6551474814821268,0.9275747232873525,0.4430733932948257
2585,0.6551474814823985,0.9275747228544328,0.443073393294462
2586,0.6551474814821268,0.9275747228544289,0.443073393294462
2587,0.6551474814823985,0.927574722854425,0.443073393294462
2588,0.6551474814821268,0.9275747228544289,0.443073393294462
2589,1.087420698087411,0.3593759803263975,0.7165642364470912
2590,1.0874206980442103,0.3593759803263936,0.7165642364470912
2591,1.0874206980876826,0.3593759807593289,0.7165642364467275
2592,1.0874206980871393,0.3593759803264014,0.7165642364470912
2593,1.087420698044482,0.3593759803263936,0.7165642364470912
2594,1.0874206980871393,0.3593759803264014,0.7165642364470912
2595,1.087420698087411,0.3593759803263975,0.7165642364470912
2596,1.087420698044482,0.3593759807593289,0.7165642364467275
2597,1.087420698087411,0.3593759803264014,0.7165642364470912
2598,1.087420698087411,0.3593759803263936,0.7165642364470912
2599,1.0874206980442103,0.3593759803263975,0.7165642364470912
2600,1.087420698087411,0.3593759803264014,0.7165642364470912
2601,1.087420698087411,0.3593759807593289,0.7165642364467275
2602,1.0874206980442103,0.3593759803264014,0.7165642364470912
2603,1.0874206980876826,0.3593759803263975,0.7165642364470912
2604,1.0660746107443908,0.4493808140351631,0.4797193174737324
2605,1.0660746107443908,0.4493808144680984,0.4797193174733687
2606,1.0660746107449341,0.4493808140351631,0.4797193174737324
2607,1.0660746107446626,0.4493808144680984,0.4797193174733687
2608,1.0660746107443908,0.449380814035167,0.4797193174737324
2609,1.0660746107449341,0.4493808144680984,0.4797193174733687
2610,1.0660746107443908,0.4493808140351631,0.4797193174737324
2611,1.0660746107446626,0.4493808140351709,0.4797193174737324
2612,1.0660746107446626,0.44938081446809064,0.4797193174733687
2613,1.0660746107875914,0.4493808140351709,0.4797193174737324
2614,1.0660746107443908,0.4493808144680945,0.4797193174733687
2615,1.0660746107449341,0.449380814035167,0.4797193174737324
2616,1.0660746107443908,0.449380814035167,0.4797193174737324
2617,1.066074610745206,0.4493808144680984,0.4797193174733687
2618,1.0660746107443908,0.4493808140351631,0.4797193174737324
2619,1.0660746107443908,0.4493808144680945,0.4797193174733687
2620,1.0660746107449341,0.4493808140351709,0.4797193174737324
2621,1.0660746107446626,0.4493808144680945,0.4797193174733687
2622,1.0660746107446626,0.449380814035167,0.4797193174737324
2623,0.7886352684532194,0.8308041213048615,0.5183461024189387
2624,0.7886352684961483,0.8308041213048576,0.5183461024193025
2625,0.7886352684534911,0.8308041213048576,0.5183461024189387
2626,0.7886352684961483,0.8308041213048615,0.5183461024189387
2627,0.7886352684534911,0.8308041208719281,0.5183461024189387
2628,0.7886352684966917,0.8308041213048576,0.5183461024193025
2629,0.7886352684532194,0.8308041213048596,0.5183461024189387
2630,0.7886352684961483,0.8308041213048596,0.5183461024189387
2631,0.7886352684534911,0.8308041213048596,0.5183461024193025
2632,0.7886352684961483,0.8308041213048596,0.5183461024189387
2633,0.7886352684534911,0.8308041213048576,0.5183461024189387
2634,0.7886352684961483,0.8308041213048596,0.5183461024193025
2635,0.7886352684534911,0.8308041208719272,0.5183461024189387
2636,0.7886352684964201,0.8308041213048586,0.5183461024189387
2637,0.7886352684534911,0.8308041213048596,0.5183461024189387
2638,0.7886352684958766,0.8308041213048596,0.5183461024193025
2639,0.7886352684534911,0.8308041213048596,0.5183461024189387
2640,0.2886083217125577,1.0864696612814224,0.5068461051918306
2641,0.2886083217128294,1.0864696617143532,0.5068461051914669
2642,0.2886083217128294,1.0864696612814226,0.5068461051918306
2643,0.2886083217125577,1.0864696612814224,0.5068461051914669
2644,0.28860832166962874,1.0864696612814224,0.5068461051918306
2645,0.2886083217125577,1.0864696617143539,0.5068461051918306
2646,0.2886083217128294,1.0864696612814222,0.5068461051914669
2647,0.28860832171228595,1.0864696612814233,0.5068461051918306
2648,0.2886083217131011,1.0864696617143532,0.5068461051918306
2649,0.2886083217125577,1.0864696612814224,0.5068461051914669
2650,0.2886083217125577,1.0864696612814224,0.5068461051918306
2651,0.2886083217125577,1.0864696612814233,0.5068461051914669
2652,0.2886083217125577,1.0864696617143519,0.5068461051918306
2653,0.28860832166990047,1.0864696612814233,0.5068461051918306
2654,0.2886083217125577,1.0864696612814213,0.5068461051914669
2655,0.2886083217128294,1.0864696612814233,0.5068461051918306
2656,0.2886083217125577,1.0864696617143528,0.5068461051914669
2657,0.2886083217125577,1.0864696612814233,0.5068461051918306
2658,0.26604478324234354,1.0960272516701657,0.6312551661060176
2659,0.26604478324234354,1.0960272516701637,0.6312551661056539
2660,0.26604478324234354,1.096027251670162,0.6312551661060176
2661,0.26604478324234354,1.0960272516701657,0.6312551661056539
2662,0.26604478324288694,1.0960272516701657,0.6312551661060176
2663,0.26604478324234354,1.0960272516701657,0.6312551661060176
2664,0.26604478324234354,1.096027251670162,0.6312551661056539
2665,0.26604478324234354,1.0960272516701657,0.6312551661060176
2666,0.2660447832852725,1.0960272521030932,0.6312551661056539
2667,0.26604478324234354,1.0960272516701657,0.6312551661060176
2668,0.26604478324234354,1.0960272516701657,0.6312551661056539
2669,0.26604478324234354,1.096027251670162,0.6312551661060176
2670,0.26604478324234354,1.096027251670162,0.6312551661060176
2671,0.26604478324234354,1.0960272516701697,0.6312551661056539
2672,0.26604478324234354,1.096027251670162,0.6312551661060176
2673,0.26604478324234354,1.0960272516701657,0.6312551661056539
2674,0.26604478324234354,1.0960272516701657,0.6312551661060176
2675,-0.16672546235242672,1.2362550215923767,0.3713290924101042
2676,-0.1667254623094978,1.2362550215923807,0.3713290924101042
2677,-0.16672546235242672,1.2362550220253004,0.3713290924104679
2678,-0.1667254623097695,1.2362550215923807,0.3713290924101042
2679,-0.16672546235269844,1.2362550215923807,0.3713290924101042
2680,-0.16672546235242672,1.2362550215923729,0.3713290924104679
2681,-0.1667254623092261,1.2362550215923807,0.3713290924101042
2682,-0.16672546235242672,1.2362550220253081,0.3713290924101042
2683,-0.16672546235269844,1.2362550215923807,0.3713290924101042
2684,-0.1667254623097695,1.2362550215923729,0.3713290924101042
2685,-0.16672546235242672,1.2362550215923807,0.3713290924104679
2686,-0.16672546235242672,1.2362550215923729,0.3713290924101042
2687,-0.1667254623094978,1.2362550215923807,0.3713290924101042
2688,-0.16672546235242672,1.2362550220253081,0.3713290924104679
2689,-0.1667254623097695,1.2362550215923729,0.3713290924101042
2690,-0.16672546235242672,1.2362550215923884,0.3713290924101042
2691,-0.07193493275234178,1.1139477334866983,0.6312551661060176
2692,-0.07193493275234178,1.113947733486706,0.6312551661056539
2693,-0.07193493270941284,1.113947733486706,0.6312551661060176
2694,-0.07193493275261348,1.113947733486706,0.6312551661056539
2695,-0.07193493275207007,1.113947733486706,0.6312551661060176
2696,-0.07193493275261348,1.113947733486714,0.6312551661060176
2697,-0.07193493275207007,1.1139477334866983,0.6312551661056539
2698,-0.07193493275234178,1.113947733486706,0.6312551661060176
2699,-0.07193493270941284,1.1139477330537786,0.6312551661056539
2700,-0.07193493275261348,1.113947733486706,0.6312551661060176
2701,-0.07193493275234178,1.113947733486714,0.6312551661056539
2702,-0.07193493275207007,1.113947733486706,0.6312551661060176
2703,-0.07193493275261348,1.113947733486706,0.6312551661060176
2704,-0.07193493275207007,1.1139477334866905,0.6312551661056539
2705,-0.07193493270968454,1.1139477334867218,0.6312551661060176
2706,-0.07193493275207007,1.113947733486706,0.6312551661056539
2707,-0.07193493275234178,1.113947733486706,0.6312551661060176
2708,0.23462545040179053,1.0382336979308684,0.5712722260221774
2709,0.23462545040206223,1.0382336979308684,0.5712722260221774
2710,0.23462545040179053,1.038233697930884,0.5712722260225411
2711,0.23462545040206223,1.0382336979308684,0.5712722260221774
2712,0.23462545040206223,1.0382336979308684,0.5712722260221774
2713,0.23462545040179053,1.0382336979308684,0.5712722260221774
2714,0.23462545040206223,1.038233697930884,0.5712722260221774
2715,0.23462545040179053,1.0382336979308684,0.5712722260221774
2716,0.23462545044526287,1.0382336979308529,0.5712722260225411
2717,0.23462545040151883,1.038233697930884,0.5712722260221774
2718,0.23462545040179053,1.038233697930884,0.5712722260221774
2719,0.23462545040233393,1.0382336979308684,0.5712722260221774
2720,0.23462545040179053,1.038233697930884,0.5712722260221774
2721,0.23462545040233393,1.0382336979308529,0.5712722260225411
2722,0.23462545040151883,1.038233697930884,0.5712722260221774
2723,0.23462545040206223,1.0382336979308684,0.5712722260221774
2724,-0.3210580367115371,1.2155824659325505,0.7455083853127087
2725,-0.32105803675473776,1.215582465932566,0.7455083853127087
2726,-0.3210580367115371,1.215582465932566,0.7455083853127087
2727,-0.32105803675473776,1.2155824654996308,0.7455083853130724
2728,-0.3210580367115371,1.2155824659325505,0.7455083853127087
2729,-0.32105803675500943,1.215582465932566,0.7455083853127087
2730,-0.3210580367112654,1.2155824659325505,0.7455083853127087
2731,-0.3210580367120805,1.215582465932566,0.7455083853127087
2732,-0.32105803675446604,1.2155824659325505,0.7455083853127087
2733,-0.3210580367118088,1.215582465932566,0.7455083853127087
2734,-0.32105803675473776,1.2155824654996463,0.7455083853130724
2735,-0.3210580367112654,1.215582465932566,0.7455083853127087
2736,-0.32105803675500943,1.2155824659325505,0.7455083853127087
2737,-0.3210580367112654,1.215582465932566,0.7455083853127087
2738,-1.017710104395472,0.44090563889158796,0.42559937153331884
2739,-1.0177101043522712,0.44090563932452326,0.42559937153368255
2740,-1.017710104395472,0.44090563889158796,0.42559937153331884
2741,-1.017710104395472,0.4409056388916035,0.42559937153368255
2742,-1.0177101043952002,0.44090563889158796,0.42559937153331884
2743,-1.017710104352543,0.4409056393245388,0.42559937153368255
2744,-1.0177101043949286,0.44090563889158796,0.42559937153331884
2745,-1.0177101043957435,0.44090563889158796,0.42559937153331884
2746,-1.0177101043519996,0.4409056393245388,0.42559937153368255
2747,-1.017710104395472,0.44090563889157236,0.42559937153331884
2748,-1.0177101043952002,0.4409056388916191,0.42559937153368255
2749,-1.017710104395472,0.44090563889157236,0.42559937153331884
2750,-1.0177101043522712,0.4409056393245388,0.42559937153368255
2751,-1.0177101043952002,0.44090563889158796,0.42559937153331884
2752,-1.062975244901509,-0.035651172944765025,0.5712722260221774
2753,-1.0629752449438945,-0.035651173377684746,0.5712722260221774
2754,-1.0629752449012373,-0.035651172944749454,0.5712722260225411
2755,-1.062975244901509,-0.035651172944765025,0.5712722260221774
2756,-1.062975244943623,-0.035651173377653604,0.5712722260221774
2757,-1.062975244901509,-0.035651172944765025,0.5712722260221774
2758,-1.0629752449012373,-0.035651172944765025,0.5712722260221774
2759,-1.0629752449441663,-0.035651172944733876,0.5712722260225411
2760,-1.0629752449009655,-0.035651173377684746,0.5712722260221774
2761,-1.0629752449012373,-0.035651172944749454,0.5712722260221774
2762,-1.0629752449012373,-0.035651172944765025,0.5712722260221774
2763,-1.0629752449441663,-0.035651173377653604,0.5712722260221774
2764,-1.0629752449012373,-0.035651172944765025,0.5712722260221774
2765,-1.0629752449009655,-0.035651172944765025,0.5712722260225411
2766,-1.0629752449444378,-0.035651173377684746,0.5712722260221774
2767,-1.0629752449012373,-0.035651172944733876,0.5712722260221774
2768,-1.0531175031838245,-0.0062018480383802515,0.6099278985207491
2769,-1.0531175032264817,-0.0062018480383802515,0.6099278985203854
2770,-1.0531175031843678,-0.0062018480383802515,0.6099278985207491
2771,-1.0531175032270252,-0.006201847605413808,0.6099278985203854
2772,-1.0531175031840962,-0.0062018480383802515,0.6099278985207491
2773,-1.0531175031838245,-0.006201848038364678,0.6099278985203854
2774,-1.0531175032264817,-0.0062018480383802515,0.6099278985207491
2775,-1.0531175031843678,-0.0062018480383491045,0.6099278985203854
2776,-1.0531175032264817,-0.0062018480383802515,0.6099278985207491
2777,-1.0531175031843678,-0.0062018480383802515,0.6099278985203854
2778,-1.0531175031840962,-0.006201848038364678,0.6099278985207491
2779,-1.0531175032264817,-0.006201847605444955,0.6099278985203854
2780,-1.0531175031843678,-0.006201848038364678,0.6099278985207491
2781,-1.0531175032264817,-0.006201848038364678,0.6099278985203854
2782,-1.0531175031843678,-0.006201848038364678,0.6099278985207491
2783,-1.0625441483563904,0.0013418212571481877,0.6541058099470648
2784,-1.0625441483134614,0.0013418216900834838,0.6541058099474285
2785,-1.0625441483563904,0.0013418216900679101,0.6541058099474285
2786,-1.0625441483563904,0.001341821257179335,0.6541058099470648
2787,-1.0625441483134614,0.0013418212571481877,0.6541058099470648
2788,-1.0625441483561187,0.0013418216900679101,0.6541058099474285
2789,-1.062544148356662,0.0013418216900990577,0.6541058099474285
2790,-1.0625441483134614,0.0013418212571481877,0.6541058099470648
2791,-1.0625441483563904,0.0013418212571481877,0.6541058099474285
2792,-1.062544148313733,0.0013418216900834838,0.6541058099470648
2793,-1.0625441483563904,0.0013418216900990577,0.6541058099474285
2794,-1.0625441483563904,0.0013418212571481877,0.6541058099470648
2795,-1.0625441483131897,0.0013418212571481877,0.6541058099470648
2796,-1.062544148356662,0.0013418216900990577,0.6541058099474285
2797,-1.0885249020156496,0.1075334762455489,0.5032915605940435
2798,-1.0885249020156496,0.10753347667851534,0.5032915605944072
2799,-1.088524902015106,0.10753347624556447,0.5032915605940435
2800,-1.0885249020159211,0.10753347667849977,0.5032915605940435
2801,-1.0885249020153778,0.10753347624559562,0.5032915605940435
2802,-1.0885249020156496,0.1075334762455489,0.5032915605944072
2803,-1.0885249020156496,0.10753347667851534,0.5032915605940435
2804,-1.0885249020583068,0.10753347624558005,0.5032915605940435
2805,-1.0885249020156496,0.10753347667848419,0.5032915605940435
2806,-1.0885249020153778,0.10753347624556447,0.5032915605944072
2807,-1.0885249020156496,0.10753347624558005,0.5032915605940435
2808,-1.0885249020156496,0.10753347667851534,0.5032915605940435
2809,-1.0885249020153778,0.10753347624556447,0.5032915605940435
2810,-1.0885249020153778,0.10753347667849977,0.5032915605944072
2811,-1.0885249020156496,0.10753347624559562,0.5032915605940435
2812,-1.028056422199689,0.36256753293709454,0.6541058099474285
2813,-1.028056422242618,0.3625675329371413,0.6541058099470648
2814,-1.0280564221991457,0.3625675329371257,0.6541058099474285
2815,-1.028056422242618,0.362567532504206,0.6541058099470648
2816,-1.0280564221994175,0.3625675329371257,0.6541058099474285
2817,-1.0280564222423465,0.36256753293709454,0.6541058099470648
2818,-1.0280564221994175,0.3625675329371413,0.6541058099474285
2819,-1.0280564221994175,0.3625675329371257,0.6541058099474285
2820,-1.028056422242618,0.36256753293711014,0.6541058099470648
2821,-1.0280564221994175,0.3625675329371413,0.6541058099474285
2822,-1.0280564222420747,0.36256753250417484,0.6541058099470648
2823,-1.028056422199689,0.3625675329371257,0.6541058099474285
2824,-1.0280564222423465,0.3625675329371257,0.6541058099470648
2825,-1.0280564221994175,0.36256753293711014,0.6541058099474285
2826,-0.6207180570432121,0.7682815514404685,0.6668006120813437
2827,-0.6207180570002832,0.7682815514404528,0.6668006120813437
2828,-0.6207180570437555,0.7682815514404373,0.6668006120813437
2829,-0.6207180570432121,0.7682815514404685,0.6668006120813437
2830,-0.6207180570002832,0.7682815518733882,0.6668006120813437
2831,-0.6207180570429404,0.7682815514404373,0.6668006120813437
2832,-0.6207180570434838,0.7682815514404685,0.6668006120813437
2833,-0.6207180570002832,0.7682815514404528,0.6668006120813437
2834,-0.6207180570432121,0.7682815514404373,0.6668006120813437
2835,0.0445118601655802,0.9849202647539602,-0.008562861452762171
2836,0.13571273590754707,1.0593898220631024,0.5068461051918306
2837,0.13571273590754707,1.0593898224960534,0.5068461051914669
2838,0.13571273590781877,1.0593898220631337,0.5068461051918306
2839,0.13571273590727537,1.059389822496022,0.5068461051914669
2840,0.13571273586488983,1.0593898220631337,0.5068461051918306
2841,0.13571273590754707,1.0593898224960534,0.5068461051918306
2842,0.13571273590727537,1.059389822063118,0.5068461051914669
2843,0.13571273590754707,1.0593898224960534,0.5068461051918306
2844,0.13571273590754707,1.0593898220631337,0.5068461051914669
2845,0.13571273590781877,1.059389822063118,0.5068461051918306
2846,0.13571273590727537,1.0593898224960534,0.5068461051918306
2847,0.13571273590781877,1.0593898220631024,0.5068461051914669
2848,0.13571273590727537,1.0593898224960534,0.5068461051918306
2849,0.13571273586488983,1.0593898220631024,0.5068461051918306
2850,0.13571273590727537,1.0593898224960534,0.5068461051914669
2851,0.13571273590781877,1.059389822063118,0.5068461051918306
2852,0.13571273590727537,1.0593898224960534,0.5068461051914669
2853,0.13571273590754707,1.0593898220631337,0.5068461051918306
2854,-0.7138123765495133,0.8200518323881097,0.537164279700058
2855,-0.713812376549785,0.82005183195519,0.5371642797004217
2856,-0.7138123765924423,0.8200518323881097,0.537164279700058
2857,-0.713812376549785,0.8200518319551278,0.537164279700058
2858,-0.7138123765500568,0.8200518323881097,0.5371642797004217
2859,-0.7138123765495133,0.82005183195519,0.537164279700058
2860,-0.713812376592714,0.8200518323880787,0.537164279700058
2861,-0.713812376549785,0.82005183195519,0.5371642797004217
2862,-0.713812376549785,0.8200518323881097,0.537164279700058
2863,-0.7138123765495133,0.82005183195519,0.5371642797004217
2864,-0.713812376592714,0.8200518323881097,0.537164279700058
2865,-0.7138123765495133,0.820051831955159,0.537164279700058
2866,-0.713812376549785,0.8200518323881097,0.5371642797004217
2867,-0.7138123765500568,0.820051831955159,0.537164279700058
2868,-0.7138123765924423,0.8200518323881097,0.537164279700058
2869,-0.713812376549785,0.82005183195519,0.5371642797004217
2870,-0.713812376549785,0.8200518323880787,0.537164279700058
2871,-1.1284765659337177,0.23942822222485052,0.537164279700058
2872,-1.1284765659337177,0.23942822265777025,0.5371642797004217
2873,-1.1284765658907887,0.23942822222481938,0.537164279700058
2874,-1.1284765659337177,0.23942822222485052,0.537164279700058
2875,-1.1284765659337177,0.23942822222481938,0.5371642797004217
2876,-1.128476565933446,0.2394282226578014,0.537164279700058
2877,-1.1284765659337177,0.23942822222481938,0.537164279700058
2878,-1.1284765659337177,0.23942822222478824,0.5371642797004217
2879,-1.1284765658907887,0.2394282226578014,0.537164279700058
2880,-1.1284765659337177,0.23942822222481938,0.5371642797004217
2881,-1.1284765659337177,0.23942822222485052,0.537164279700058
2882,-1.1284765659337177,0.23942822265777025,0.537164279700058
2883,-1.128476565933446,0.23942822222481938,0.5371642797004217
2884,-1.1284765659337177,0.23942822222485052,0.537164279700058
2885,-1.1284765658907887,0.23942822222481938,0.537164279700058
2886,-1.1284765659337177,0.2394282226577391,0.5371642797004217
2887,-1.128476565933446,0.23942822222485052,0.537164279700058
2888,-1.2168767227157724,0.11667292227937867,0.4713006592161408
2889,-1.2168767227587014,0.1166729218464901,0.4713006592161408
2890,-1.2168767227155006,0.11667292227937867,0.4713006592165045
2891,-1.216876722715229,0.11667292227940981,0.4713006592161408
2892,-1.216876722758973,0.1166729218464278,0.4713006592161408
2893,-1.2168767227155006,0.11667292227940981,0.4713006592165045
2894,-1.2168767227584296,0.1166729218464278,0.4713006592161408
2895,-1.2168767227160442,0.11667292227940981,0.4713006592161408
2896,-1.2168767227155006,0.11667292227937867,0.4713006592161408
2897,-1.2168767227584296,0.11667292184645894,0.4713006592161408
2898,-1.2168767227155006,0.11667292227937867,0.4713006592165045
2899,-1.2168767227587014,0.1166729218464901,0.4713006592161408
2900,-1.2168767227157724,0.11667292227940981,0.4713006592161408
2901,-1.2168767227155006,0.11667292227934753,0.4713006592165045
2902,-1.216876722758158,0.1166729218464901,0.4713006592161408
2903,-1.2168767227160442,0.11667292227934753,0.4713006592161408
2904,-1.0919913606638654,0.03348053158107509,0.8035138658330176
2905,-1.091991360621208,0.033480531581012794,0.8035138658333814
2906,-1.0919913606638654,0.033480532013963664,0.8035138658330176
2907,-1.0919913606214797,0.03348053158104394,0.8035138658333814
2908,-1.0919913606635936,0.03348053158104394,0.8035138658330176
2909,-1.091991360621208,0.033480531581012794,0.8035138658333814
2910,-1.091991360664137,0.033480532013963664,0.8035138658330176
2911,-1.091991360621208,0.03348053158104394,0.8035138658333814
2912,-1.0919913606638654,0.03348053158104394,0.8035138658330176
2913,-1.091991360621208,0.033480531581012794,0.8035138658333814
2914,-1.091991360664137,0.03348053201399481,0.8035138658330176
2915,-1.0919913606209364,0.03348053158104394,0.8035138658333814
2916,-1.0919913606638654,0.033480531581012794,0.8035138658330176
2917,-1.0445338913681106,0.08451561323468909,0.3468915983019538
2918,-1.0445338913683824,0.08451561323472025,0.3468915983019538
2919,-1.0445338913681106,0.08451561280176938,0.3468915983023175
2920,-1.0445338913678388,0.08451561323475139,0.3468915983019538
2921,-1.0445338913683824,0.08451561323468909,0.3468915983019538
2922,-1.0445338913678388,0.08451561323472025,0.3468915983019538
2923,-1.0445338913683824,0.08451561280176938,0.3468915983023175
2924,-1.0445338913681106,0.08451561323475139,0.3468915983019538
2925,-1.0445338913678388,0.08451561323468909,0.3468915983019538
2926,-1.1142757375062635,-0.05088358285681026,-0.008562861452762171
2927,-1.0659929209719246,0.07097569384203328,-0.008562861452762171
2928,-1.0659929209292673,0.1319053317585042,1.4843458695174814
2929,-1.0659929209724681,0.13190533132558446,1.4843458695171177
2930,-1.0659929209289958,0.1319053317585042,1.4843458695174814
2931,-1.162558554082988,-0.08672454605694807,0.537164279700058
2932,-1.1625585540827161,-0.08672454605697923,0.5371642797004217
2933,-1.1625585541256451,-0.0867245464898678,0.537164279700058
2934,-1.162558554082988,-0.08672454605691693,0.537164279700058
2935,-1.1625585540827161,-0.08672454605697923,0.5371642797004217
2936,-1.1625585540827161,-0.08672454605694807,0.537164279700058
2937,-1.1625585541256451,-0.08672454648989895,0.537164279700058
2938,-1.1625585540827161,-0.08672454605697923,0.5371642797004217
2939,-1.162558554082988,-0.08672454605694807,0.537164279700058
2940,-1.162558554082988,-0.08672454605697923,0.5371642797004217
2941,-1.1625585541256451,-0.0867245464898678,0.537164279700058
2942,-1.162558554082988,-0.08672454605697923,0.537164279700058
2943,-1.1625585540827161,-0.08672454605694807,0.5371642797004217
2944,-1.1625585540824446,-0.08672454605694807,0.537164279700058
2945,-1.162558554125917,-0.08672454648989895,0.537164279700058
2946,-1.1625585540827161,-0.08672454605694807,0.5371642797004217
2947,-1.1625585540827161,-0.08672454605694807,0.537164279700058
2948,-1.1369970629820392,-0.45588647087160855,0.6312551661060176
2949,-1.1369970629385668,-0.4558864708716397,0.6312551661056539
2950,-1.1369970629817674,-0.45588647087160855,0.6312551661060176
2951,-1.1369970629817674,-0.45588647087160855,0.6312551661060176
2952,-1.1369970629385668,-0.4558864713045594,0.6312551661056539
2953,-1.1369970629817674,-0.45588647087160855,0.6312551661060176
2954,-1.1369970629817674,-0.4558864708716397,0.6312551661060176
2955,-1.1369970629388386,-0.4558864708716397,0.6312551661056539
2956,-1.1369970629817674,-0.45588647087160855,0.6312551661060176
2957,-1.1369970629385668,-0.45588647087160855,0.6312551661056539
2958,-1.1369970629817674,-0.4558864708716397,0.6312551661060176
2959,-1.1369970629817674,-0.45588647087160855,0.6312551661060176
2960,-1.1369970629388386,-0.4558864713045594,0.6312551661056539
2961,-1.1369970629814958,-0.4558864708716397,0.6312551661060176
2962,-1.1369970629814958,-0.45588647087160855,0.6312551661060176
2963,-1.1369970629391102,-0.45588647087160855,0.6312551661056539
2964,-1.1369970629817674,-0.45588647087160855,0.6312551661060176
2965,-0.9387018590879318,-0.754343949388199,0.5440072532568285
2966,-0.9387018590876601,-0.7543439493881057,0.5440072532571922
2967,-0.9387018590879318,-0.754343949388199,0.5440072532568285
2968,-0.9387018590876601,-0.7543439493881368,0.5440072532568285
2969,-0.9387018590879318,-0.754343949388168,0.5440072532571922
2970,-0.9387018590876601,-0.754343949388168,0.5440072532568285
2971,-0.9387018590879318,-0.754343949388168,0.5440072532571922
2972,-0.9387018590876601,-0.7543439493881368,0.5440072532568285
2973,-0.9387018590882035,-0.754343949388168,0.5440072532568285
2974,-0.9387018590873883,-0.7543439493881368,0.5440072532571922
2975,-0.9387018590882035,-0.754343949388168,0.5440072532568285
2976,-0.2934678558285617,-0.9648281537687216,-0.008562861452762171
2977,-0.4383163055166211,-1.2085467058675874,-0.008562861452762171
2978,-0.1516370821696192,-1.7873782673729914,0.27135752560406756
2979,-0.15163708212669025,-1.7873782678059422,0.27135752560406756
2980,-0.1516370821696192,-1.787378267372976,0.27135752560443127
2981,-0.1516370821696192,-1.7873782678059111,0.27135752560406756
2982,-0.1516370821696192,-1.787378267373007,0.27135752560406756
2983,-0.1516370821693475,-1.7873782678058956,0.27135752560406756
2984,-0.15163708212696195,-1.787378267373007,0.27135752560406756
2985,-0.1516370821693475,-1.7873782673729914,0.27135752560406756
2986,-0.1516370821696192,-1.7873782678059267,0.27135752560443127
2987,-0.15163708212641855,-1.787378267372976,0.27135752560406756
2988,-0.1516370821696192,-1.7873782678059267,0.27135752560406756
2989,-0.1516370821696192,-1.7873782673729914,0.27135752560406756
2990,-0.1516370821693475,-1.7873782678059267,0.27135752560406756
2991,-0.1516370821696192,-1.787378267372976,0.27135752560443127
2992,-0.15163708212669025,-1.7873782678059267,0.27135752560406756
2993,-0.1516370821696192,-1.7873782673729914,0.27135752560406756
2994,0.4126683365261523,-2.2519667577849694,0.29135183896534766
2995,0.4126683364834951,-2.251966757784985,0.29135183896534766
2996,0.4126683365258806,-2.2519667582178893,0.29135183896534766
2997,0.4126683364834951,-2.251966757784985,0.29135183896534766
2998,0.412668336526424,-2.251966757784985,0.29135183896534766
2999,0.4126683364832234,-2.251966758217905,0.29135183896534766
3000,0.4126683365261523,-2.251966757784954,0.29135183896534766
3001,0.4126683365266957,-2.251966757784985,0.29135183896534766
3002,0.4126683364829517,-2.251966757784985,0.29135183896534766
3003,0.412668336526424,-2.2519667577849694,0.29135183896534766
3004,0.4126683364832234,-2.2519667582179204,0.29135183896534766
3005,0.412668336526424,-2.251966757784985,0.29135183896534766
3006,0.4126683364829517,-2.251966757784954,0.29135183896534766
3007,0.412668336526424,-2.2519667582179204,0.29135183896534766
3008,0.4126683364837668,-2.2519667577849694,0.29135183896534766
3009,0.4126683365258806,-2.251966757784985,0.29135183896534766
3010,0.690294531789064,-2.225310041196492,0.27135752560406756
3011,0.6902945317893356,-2.225310041196523,0.27135752560406756
3012,0.6902945317464068,-2.2253100411965074,0.27135752560443127
3013,0.6902945317893356,-2.2253100411965154,0.27135752560406756
3014,0.6902945317893356,-2.2253100411965154,0.27135752560406756
3015,0.690294531789064,-2.2253100411965154,0.27135752560406756
3016,0.6902945317893356,-2.2253100411965154,0.27135752560406756
3017,0.6902945317461351,-2.2253100411965154,0.27135752560443127
3018,0.6902945317893356,-2.2253100411965154,0.27135752560406756
3019,0.690294531789064,-2.2253100411965154,0.27135752560406756
3020,0.6902945317896074,-2.2253100411965154,0.27135752560406756
3021,0.6902945317893356,-2.2253100411965154,0.27135752560406756
3022,0.690294531789064,-2.2253100411965154,0.27135752560406756
3023,0.6902945317461351,-2.2253100411965074,0.27135752560443127
3024,0.6902945317893356,-2.2253100411965154,0.27135752560406756
3025,0.690294531789064,-2.2253100411965154,0.27135752560406756
3026,-0.3930511650103123,-1.8254592915037249,0.4713006592161408
3027,-0.3930511650108557,-1.8254592910707896,0.4713006592161408
3028,-0.3930511650108557,-1.8254592915037249,0.4713006592165045
3029,-0.39305116496738335,-1.8254592915037249,0.4713006592161408
3030,-0.3930511650108557,-1.8254592910707896,0.4713006592161408
3031,-0.3930511650108557,-1.8254592915037209,0.4713006592161408
3032,-0.39305116501058396,-1.8254592915037249,0.4713006592161408
3033,-0.39305116501058396,-1.8254592915037249,0.4713006592161408
3034,-0.3930511650111274,-1.8254592910707934,0.4713006592165045
3035,-0.39305116501058396,-1.825459291503717,0.4713006592161408
3036,-0.3930511650103123,-1.8254592915037287,0.4713006592161408
3037,-0.3930511650108557,-1.8254592910707896,0.4713006592161408
3038,-0.3930511649676551,-1.8254592915037209,0.4713006592161408
3039,-0.39305116501058396,-1.8254592915037249,0.4713006592165045
3040,-0.3930511650108557,-1.8254592910707934,0.4713006592161408
3041,-0.39305116501058396,-1.8254592915037229,0.4713006592161408
3042,-0.731030881005541,-1.9168537483784487,0.19138027215931105
3043,-0.7310308810052694,-1.9168537488113822,0.19138027215931105
3044,-0.7310308809623405,-1.9168537483784478,0.19138027215931105
3045,-0.731030881005541,-1.9168537483784516,0.19138027215931105
3046,-0.7310308810052694,-1.9168537483784491,0.19138027215931105
3047,-0.7310308810058128,-1.9168537483784491,0.19138027215931105
3048,-0.7310308810049977,-1.916853748811381,0.19138027215931105
3049,-0.731030881005541,-1.9168537483784498,0.19138027215931105
3050,-0.7310308809626122,-1.9168537483784491,0.19138027215931105
3051,-0.7310308810052694,-1.9168537488113826,0.19138027215931105
3052,-0.7310308810052694,-1.9168537483784487,0.19138027215931105
3053,-0.731030881005541,-1.9168537483784507,0.19138027215931105
3054,-0.731030881005541,-1.9168537483784487,0.19138027215931105
3055,-0.7310308809620687,-1.9168537483784487,0.19138027215931105
3056,-0.731030881005541,-1.9168537488113822,0.19138027215931105
3057,-0.731030881005541,-1.9168537483784527,0.19138027215931105
3058,-0.8176812928996195,-2.1573082128554852,-0.6940821766940002
3059,-0.8176812928566907,-2.1573082132884167,-0.6940821766943639
3060,-0.8176812928996195,-2.1573082128554892,-0.6940821766940002
3061,-0.8176812928569623,-2.1573082132884167,-0.6940821766943639
3062,-0.8176812928993479,-2.157308212855493,-0.6940821766940002
3063,-0.8176812928566907,-2.1573082132884127,-0.6940821766943639
3064,-0.8176812928996195,-2.1573082128554892,-0.6940821766940002
3065,-1.4522554535009489,-2.2443505530454146,-0.008562861452762171
3066,-1.2591241872364367,-2.6099283814101804,-0.008562861452762171
3067,-1.0853060475684886,-2.780531368269033,-0.2644900724763468
3068,-1.0853060475682168,-2.7805313678361054,-0.2644900724759831
3069,-1.0853060476114176,-2.780531368269033,-0.2644900724763468
3070,-1.0853060475687604,-2.78053136783609,-0.2644900724759831
3071,-1.0853060475684886,-2.780531368269025,-0.2644900724763468
3072,-0.052053772987868605,-2.548998743493702,-0.008562861452762171
3073,0.8170369252657423,-2.731787657676089,-1.608107930349348
3074,1.686127623562554,-1.8178430867641622,-0.008562861452762171
3075,1.6378448069429006,-0.6601799633204419,-0.008562861452762171
3076,1.8309760732497984,-0.11181322077328895,-0.008562861452762171
3077,1.3964307241448648,0.558412798472692,-0.008562861452762171
3078,0.7687541086887463,1.1067795405869252,-0.008562861452762171
3079,-0.003770956411144202,1.2895684547693043,-0.008562861452762171
3080,-0.3417506724055578,1.472357369384611,-0.008562861452762171
3081,-0.4383163055166211,1.4723573689516913,-0.008562861452762171
3082,0.0489012071268536,1.865630487514632,0.2531808770940775
3083,0.048901207127397005,1.8656304879475671,0.2531808770937138
3084,0.048901207084468074,1.8656304875146397,0.2531808770940775
3085,0.0489012071268536,1.865630487514632,0.2531808770940775
3086,0.048901207127397005,1.865630487947575,0.2531808770937138
3087,0.0489012071268536,1.865630487514632,0.2531808770940775
3088,0.048901207127397005,1.8656304879475671,0.2531808770937138
3089,0.048901207127125305,1.8656304875146397,0.2531808770940775
3090,0.048901207084196374,1.8656304875146397,0.2531808770940775
3091,0.048901207127397005,1.8656304879475594,0.2531808770937138
3092,0.0489012071268536,1.8656304875146397,0.2531808770940775
3093,0.7377151551905082,1.6551462835670057,0.33419679616803866
3094,0.7377151551910517,1.6551462831340666,0.334196796167675
3095,0.7377151552334372,1.6551462835670019,0.33419679616803866
3096,0.7377151551905082,1.6551462831340744,0.33419679616803866
3097,0.7377151551910517,1.655146283566998,0.33419679616803866
3098,0.7377151551905082,1.6551462831340704,0.334196796167675
3099,0.7377151551905082,1.6551462835670019,0.33419679616803866
3100,0.7377151552337089,1.6551462835670019,0.33419679616803866
3101,0.73771515519078,1.6551462831340666,0.334196796167675
3102,0.7377151551905082,1.6551462835670057,0.33419679616803866
3103,0.73771515519078,1.6551462831340646,0.33419679616803866
3104,0.7377151552334372,1.6551462835670057,0.33419679616803866
3105,0.73771515519078,1.6551462831340684,0.334196796167675
3106,0.73771515519078,1.6551462835669999,0.33419679616803866
3107,0.7687541087319468,2.348220916598737,0.35133477904882415
3108,0.7687541086887463,2.3482209161658054,0.3513347790491878
3109,0.768754108689018,2.348220916598735,0.3513347790491878
3110,0.7687541087322186,2.3482209161658045,0.35133477904882415
3111,0.7687541087319468,2.348220916598736,0.35133477904882415
3112,0.7687541086887463,2.348220916598736,0.3513347790491878
3113,0.768754108689018,2.3482209161658036,0.3513347790491878
3114,0.7687541087316752,2.348220916598735,0.35133477904882415
3115,0.8492254696504065,2.5081612165624376,-0.4351082131584941
3116,0.849225469693607,2.5081612161295093,-0.4351082131588578
3117,0.8492254696501347,2.5081612165624385,-0.4351082131584941
3118,0.4951514814633891,2.589400733784417,-1.074926240717274
3119,0.49515148150631805,2.5894007337844194,-1.0749262407169102
3120,0.4951514814633891,2.5894007337844154,-1.074926240717274
3121,0.25910215603363457,3.0565279591095917,-0.8616535648642261
3122,0.25910215603417797,3.0565279591095917,-0.8616535648642261
3123,0.25910215599070563,3.0565279586766603,-0.8616535648642261
3124,0.2591021560344497,3.0565279591095957,-0.8616535648642261
3125,0.2591021560339063,3.0565279591095917,-0.8616535648645898
3126,0.2591021560339063,3.0565279591095917,-0.8616535648642261
3127,0.2591021559912491,3.0565279586766563,-0.8616535648642261
3128,0.2591021560339063,3.0565279591095917,-0.8616535648642261
3129,0.2591021560339063,3.0565279591095993,-0.8616535648642261
3130,-0.3417506724058295,3.4830354253908284,-0.008562861452762171
3131,-0.7762960215115782,3.483035425390844,-0.008562861452762171
3132,-1.0177101043952002,3.300246511208465,-1.608107930349348
3133,-1.2108413706597123,3.6048947016567445,-0.008562861452762171
3134,-1.524679678387228,3.5744298826985013,-0.6483808890111782
3135,-1.5246796783445709,3.5744298826985013,-0.6483808890115419
3136,-1.568134213293619,2.934668682843691,-0.008562861452762171
3137,-1.568134213293619,2.934668682843691,-0.008562861452762171
3138,-1.56813421325069,2.9346686828437067,-0.008562861452762171
3139,-1.5681342132938905,2.9346686828436757,-0.008562861452762171
3140,-1.5681342132933471,2.934668682843691,-0.008562861452762171
3141,-0.9694272878184758,3.0565279591095837,-1.608107930349348
3142,-0.6073061635142355,3.330711330166716,-0.008562861452762171
3143,-0.607306163556621,3.3307113305996356,-0.008562861452762171
3144,-0.1486194060986602,3.7876836158391316,-0.008562861452762171
3145,0.17728960574124764,3.53888759391387,-0.275153706268981
3146,0.1772896056983187,3.5388875934809505,-0.2751537062686173
3147,0.17728960574097594,3.5388875939139166,-0.275153706268981
3148,0.17728960574097594,3.5388875934809345,-0.275153706268981
3149,0.17728960569859042,3.5388875939138855,-0.2751537062686173
3150,0.17728960574070424,3.53888759391387,-0.275153706268981
3151,0.17728960574124764,3.538887593480966,-0.275153706268981
3152,0.1772896056983187,3.538887593913901,-0.2751537062686173
3153,0.17728960574097594,3.5388875934809505,-0.275153706268981
3154,0.17728960574124764,3.53888759391387,-0.275153706268981
3155,0.1772896056983187,3.538887593480966,-0.2751537062686173
3156,0.17728960574124764,3.538887593913901,-0.275153706268981
3157,1.4447135406783886,3.483035425390813,-0.008562861452762171
3158,2.4586526886624447,3.4221057874743734,-0.008562861452762171
3159,3.61744028633456,3.23931687329201,-3.2076529992459335
3160,4.341682534900383,2.6909501303118746,-1.2881989165699579
3161,3.955420002329245,2.1425833881976724,-1.608107930349348
3162,5.017641966889754,2.2644426640306143,-0.008562861452762171
3163,5.355621682841782,1.7770055593999632,-4.80719806814252
3164,6.755823363397248,1.4723573693846577,-1.2881989165699579
3165,6.321278014292314,0.6802720743056572,-4.80719806814252
3166,6.94895462966176,0.37562388385736983,-3.2076529992459335
3167,6.9006718130853075,-0.11181322077328117,-2.8877439854669076
3168,7.528348428540068,-0.4773910491380706,-3.2076529992459335
3169,7.528348428497682,-0.523088277575416,-3.447584759580567
3170,7.528348428540611,-0.523088277575416,-3.447584759580203
3171,7.528348428540611,-0.5230882775754472,-3.447584759580203
3172,7.528348428497682,-0.523088277575416,-3.447584759580567
3173,6.731681955130622,-0.6601799633204342,-4.647243561253006
3174,6.731681955087693,-0.6601799633204342,-4.647243561252642
3175,5.838449848566641,-1.0866874296017257,-4.48728905436313
3176,5.210773233154266,-1.6350541725817362,-3.2076529992459335
3177,5.017641966847097,-2.1224912772124807,-2.8877439854669076
3178,3.955420002329245,-2.305280190961893,-4.80719806814252
3179,2.748349588123334,-2.4880691055772077,-4.48728905436313
3180,1.8792588897838653,-3.5848025906715137,-0.008562861452762171
3181,0.672188475578498,-4.0722396948692445,-3.2076529992459335
3182,-0.003770956411144202,-4.1940989715680885,-0.008562861452762171
3183,-0.34175067240610124,-4.194098971135169,-1.608107930349348
3184,-0.6797303884005149,-5.047113904563529,-1.2881989165699579
3185,-0.003770956411144202,-4.498747161583426,-3.2076529992459335
3186,1.2032994578803526,-4.072239695302211,-1.608107930349348
3187,2.362087055508996,-3.3410840385726637,-3.2076529992459335
3188,4.148551268593214,-2.853646933509046,-0.008562861452762171
3189,4.5348138012075525,-1.6959838104982539,-2.887743985466544
3190,6.0315811148314245,-1.2085467058675874,-3.2076529992459335
3191,5.597035765725676,-0.6601799633204654,-1.608107930349348
3192,6.2247123810956655,-0.4773910491380239,-2.887743985466544
3193,7.0213788545485825,0.010046055492611507,-3.447584759580567
3194,7.0213788545485825,0.010046055492611507,-3.447584759580567
3195,7.021378854505382,0.010046055492611507,-3.447584759580203
3196,7.0213788545485825,0.010046055492611507,-3.447584759580567
3197,6.28908946986445,0.15221521106397892,-4.16738004058374
3198,6.28908946990765,0.15221521063109034,-4.167380040584104
3199,6.28908946986445,0.15221521106401006,-4.16738004058374
3200,5.307338866307987,-0.17274285868976763,-4.647243561253006
3201,5.307338866307715,-0.17274285868976763,-4.647243561252642
3202,4.438248168011446,-1.3913356200499976,-4.48728905436313
3203,3.858854369175525,-2.9755062097749545,-1.608107930349348
3204,2.265521422398204,-4.255028609484575,-3.2076529992459335
3205,0.961885374996459,-5.3517620945788815,-1.2881989165703216
3206,-0.10033658956486471,-5.351762095011817,-3.2076529992459335
3207,-0.7762960215113065,-5.961058475042505,-0.008562861452762171
3208,-0.872861654665027,-6.021988113824863,-3.2076529992459335
3209,-0.1969022226753846,-6.55512244645997,-2.247925957908128
3210,-0.19690222271831354,-6.555122446892898,-2.247925957907764
3211,-0.19690222271831354,-6.555122446459962,-2.247925957907764
3212,-0.1969022226753846,-6.555122446459962,-2.247925957908128
3213,0.17326603766049245,-7.382750030323532,-3.1010166613195915
3214,0.1732660377042365,-7.382750030323532,-3.101016661319228
3215,0.17326603766076415,-7.382750030323536,-3.1010166613195915
3216,-1.1142757375059917,-6.814073408470881,-3.2076529992459335
3217,-1.5005382700776733,-6.524657627501725,-2.727789478577031
3218,-1.5005382700776733,-6.524657627501723,-2.727789478576667
3219,-1.5005382700776733,-6.524657627501721,-2.727789478577031
3220,-1.5005382700774015,-6.524657627501722,-2.727789478577031
3221,-2.5144774180614573,-6.0219881138248645,-4.487289054363493
3222,-3.2870024832048204,-4.681536075765826,-3.2076529992459335
3223,-4.735486980251696,-4.194098971135157,-1.2881989165699579
3224,-5.701143311701684,-3.402013676489138,-3.2076529992459335
3225,-6.570234009912366,-2.8536469339419854,-1.608107930349348
3226,-6.618516826532291,-2.2443505530454146,-1.608107930349348
3227,-7.149627808748288,-1.8787727246806485,-2.887743985466544
3228,-6.111547252540263,-1.8787727246806447,-3.847471026804713
3229,-6.111547252540263,-1.8787727246806485,-3.84747102680435
3230,-5.314880779087345,-3.1582951243902686,-3.2076529992459335
3231,-4.107810364881435,-4.255028609484571,-4.48728905436313
3232,-3.093871216897651,-5.229902818312981,-1.608107930349348
3233,-2.611043051172521,-4.925254628297629,-6.086834123260079
3234,-3.1904368500511,-4.255028609484567,-0.008562861452762171
3235,-4.107810364881707,-3.645732228588008,-4.80719806814252
3236,-5.218315145976554,-2.7927172955925754,-2.887743985466544
3237,-4.976901063092932,-1.8787727246806407,-3.2076529992459335
3238,-5.218315145976282,-2.3662098293113147,-4.48728905436313
3239,-4.5906385305641795,-3.402013676489142,-1.608107930349348
3240,-3.1421540334741036,-4.864324990381142,-3.2076529992459335
3241,-1.6936695363845709,-5.412691732495368,-1.608107930349348
3242,-0.9694272877758185,-5.900128837558954,-1.2881989165699579
3243,-0.5348819387129988,-6.3875659417567165,-3.2076529992459335
3244,-0.1486194060986602,-6.387565941756701,-3.2076529992459335
3245,-0.3256564002137692,-6.935932684736773,-3.5275620130253236
3246,-0.32565640021349745,-6.935932684303839,-3.5275620130251415
3247,-0.32565640021349745,-6.935932684736805,-3.5275620130253236
3248,-1.5488210866543977,-7.240580874752141,-1.608107930349348
3249,-2.4179117849082803,-6.692214132204973,-1.608107930349348
3250,-3.5284165660455136,-6.448495580106123,-2.8877439854667255
3251,-4.6872041636747,-6.082917751308429,-1.608107930349348
3252,-5.894274577966196,-5.53455100919418,-1.608107930349348
3253,-6.42538556022485,-4.437817523666985,-1.608107930349348
3254,-7.584173157939895,-3.5848025906715137,-0.008562861452762171
3255,-7.777304424160934,-2.5489987434936783,-4.48728905436313
3256,-8.308415406462789,-2.305280190961893,-3.2076529992459335
3257,-8.034812779237704,-2.2240406737399008,-3.6341983509516655
3258,-8.03481277923716,-2.224040673739963,-3.6341983509516655
3259,-8.034812779237432,-2.224040673739932,-3.6341983509516655
3260,-8.067001323621824,-2.6302382607156707,-3.5275620130253236
3261,-8.067001323578895,-2.6302382611486217,-3.5275620130251415
3262,-8.067001323621824,-2.6302382607156396,-3.5275620130253236
3263,-7.535890341320241,-2.6708580197596024,-4.593925392289654
3264,-7.535890341362626,-2.6708580193266824,-4.593925392289654
3265,-7.53589034131997,-2.6708580197596024,-4.593925392289654
3266,-7.004779359103701,-1.6045893536235163,-1.608107930349348
3267,-7.004779359060772,-1.6045893531905966,-1.608107930349348
3268,-8.260132589886336,-0.7211096012369362,-3.2076529992459335
3269,-7.342759075055729,0.13190533132555332,-4.48728905436313
3270,-8.030789211156948,0.39085629333652644,-3.4475847595803852
3271,-8.030789211199878,0.3908562937694462,-3.4475847595803852
3272,-8.03078921120015,0.3908562933364953,-3.447584759580567
3273,-8.030789211156948,0.39085629333646416,-3.4475847595803852
3274,-7.1979106253682135,-0.3250669539138958,-3.2076529992459335
3275,-7.197910625325556,-0.3250669539139269,-3.2076529992459335
3276,-7.0047793590605005,-1.7569134484147404,-2.8877439854667255
3277,-5.7977089448124755,-2.244350553045391,-3.2076529992459335
3278,-5.74942612827868,-3.2192247623067862,-1.608107930349348
3279,-5.170032329399557,-4.255028609484559,-2.887743985466544
3280,-3.866396281998085,-5.047113904130579,-3.2076529992459335
3281,-3.190436850050828,-5.656410285027153,-1.608107930349348
3282,-3.7215478323100255,-5.961058475475503,-4.48728905436313
3283,-4.6872041637179,-5.10804354248,-3.2076529992459335
3284,-6.232254293917681,-4.437817523666923,-2.8877439854667255
3285,-6.570234009955567,-3.5848025906715137,-1.608107930349348
3286,-7.004779359060772,-3.2192247623067862,-3.2076529992459335
3287,-7.729021607627138,-3.1582951239573336,-6.086834123259715
3288,-7.8094929685882555,-3.320774159267189,-2.03465328205508
3289,-7.809492968545598,-3.3207741588341757,-2.034653282055262
3290,-7.809492968588527,-3.320774159267158,-2.03465328205508
3291,-7.849728649047757,-3.858985962161581,-5.447016095701117
3292,-7.849728649004828,-3.85898596172863,-5.447016095701117
3293,-8.067001323621824,-3.1582951239573336,-3.2076529992459335
3294,-8.646395122458017,-2.3662098293112837,-1.2881989165699579
3295,-8.356698223039514,-1.4522652583994038,-3.2076529992459335
3296,-7.970435690468375,-0.2946021345227562,-1.608107930349348
3297,-9.129223288139947,0.8630609884880208,-4.487289054363312
3298,-7.8738700573146545,1.1067795405869174,-3.2076529992459335
3299,-8.759055027803527,0.35531400455191064,-3.5275620130253236
3300,-8.759055027760326,0.35531400455191064,-3.5275620130251415
3301,-8.75905502780407,0.35531400455184836,-3.5275620130253236
3302,-8.48545240053497,-1.4116454993554723,-4.167380040583922
3303,-8.485452400577898,-1.4116454997884231,-4.16738004058374
3304,-8.48545240053497,-1.4116454993554413,-4.167380040583922
3305,-7.825587240737659,-2.1224912767795607,-1.608107930349348
3306,-7.535890341320241,-2.0615616388630276,-5.287061588811422
3307,-7.535890341362898,-2.0615616388629965,-5.287061588811604
3308,-6.956496542526433,-1.8178430867641933,-4.647243561252824
3309,-6.956496542484319,-1.8178430867641309,-4.647243561252824
3310,-5.363163595664342,-2.1834209146960006,-1.608107930349348
3311,-6.03912302769637,-3.219224762306724,-4.487289054363312
3312,-5.725284719925653,-3.1278303054320333,-5.447016095701117
3313,-5.725284719968854,-3.127830304999114,-5.447016095701117
3314,-6.039123027696098,-1.8787727246806643,-3.2076529992459335
3315,-7.24619344190228,-0.721109601236905,-2.887743985466544
3316,-6.618516826532291,0.49748316012329363,-1.608107930349348
3317,-7.873870057314926,0.9239906264045228,-3.2076529992459335
3318,-6.90821372590678,0.07097569340905126,-1.608107930349348
3319,-8.018718507045099,-1.3304059817005291,-2.8877439854667255
3320,-6.9564965425272485,-2.244350553478342,-3.2076529992459335
3321,-7.197910625325284,-2.914576571858468,-2.887743985466544
3322,-7.680738791050143,-3.645732228588047,-4.80719806814252
3323,-7.036967903445165,-2.955196330469386,-2.567834971687336
3324,-7.036967903445708,-2.955196330902399,-2.567834971687336
3325,-7.036967903445436,-2.9551963304694486,-2.567834971687336
3326,-8.076657886920106,-0.8307829497463668,-2.4398713661755433
3327,-8.076657886920378,-0.8307829497463045,-2.4398713661755433
3328,-8.076657886962492,-0.83078295017938,-2.4398713661755433
3329,-8.076657886920106,-0.8307829497463668,-2.4398713661755433
3330,-8.076657886920378,-0.8307829497463045,-2.4398713661755433
3331,-8.332556814729687,-0.584017915924869,-3.1276757458011772
3332,-8.332556814729958,-0.5840179154918558,-3.1276757458011772
3333,-8.332556814772616,-0.5840179154919803,-3.127675745800995
3334,-8.332556814729958,-0.5840179159248067,-3.1276757458011772
3335,-8.469358128343181,-0.721109601236905,-2.994380323393068
3336,-8.469358128385565,-0.7211096016698559,-2.994380323393068
3337,-8.469358128342366,-0.721109601236905,-2.994380323393068
3338,-8.742960755611195,-1.4928850170103534,-4.700561730215996
3339,-8.74296075556881,-1.4928850165774648,-4.700561730216177
3340,-8.742960755610923,-1.4928850170104155,-4.700561730215996
3341,-8.598112305881022,-1.614744293276246,-5.660288771553983
3342,-8.598112305881022,-1.6147442928434197,-5.660288771554165
3343,-8.59811230588075,-1.614744293276246,-5.660288771553983
3344,-8.018718507045099,-0.1727428586898455,-3.8474710268045316
3345,-8.018718507045099,-0.17274285868972092,-3.8474710268045316
3346,-8.067001323579166,1.167709178936308,-4.487289054363312
3347,-7.173769217058115,1.5332870073010976,-6.24678863014941
3348,-7.173769217101044,1.5332870073010976,-6.24678863014941
3349,-5.652860495082031,1.5942166452176618,-4.593925392289654
3350,-5.652860495124959,1.5942166452175996,-4.593925392289654
3351,-5.652860495082303,1.5942166452175373,-4.593925392289654
3352,-5.121749512866034,2.1425833877647213,-3.047698492356239
3353,-5.121749512822562,2.1425833881976724,-3.047698492356239
3354,-3.7698306488870217,2.2644426640306765,-1.608107930349348
3355,-2.739797228710362,1.2489486961582692,-3.1010166613195915
3356,-2.739797228710634,1.2489486965912202,-3.10101666131941
3357,-2.739797228710634,1.2489486961583938,-3.1010166613195915
3358,-1.210841370659984,-0.9648281537687527,-1.2881989165699579
3359,0.14107749327718688,-2.061561638863059,-1.608107930349348
3360,1.6861276235620106,-2.000632000513606,-3.2076529992459335
3361,2.0241073395143103,-1.5741245346653276,1.5909822074438236
3362,2.603501138392889,-1.8178430863312112,-0.008562861452762171
3363,3.005857943113974,-2.3255900707003656,-1.608107930349348
3364,3.005857943113974,-2.3255900702673524,-1.608107930349348
3365,3.005857943113702,-2.3255900707003656,-1.608107930349348
3366,3.6933132837937164,-3.332379804337122,-1.5167053549838858
3367,3.6933132838363734,-3.332379804337185,-1.516705354983704
3368,3.6933132837942595,-3.332379804337185,-1.5167053549838858
3369,3.6933132838363734,-3.332379804770198,-1.5167053549838858
3370,3.6933132837939877,-3.332379804337247,-1.5167053549838858
3371,3.6933132838361016,-3.332379804337122,-1.516705354983704
3372,3.6933132837937164,-3.332379804337185,-1.5167053549838858
3373,4.567002345550103,-4.082394634954956,-1.821380606202214
3374,4.567002345549016,-4.082394634954956,-1.821380606202214
3375,4.567002345549559,-4.0823946345220055,-1.821380606202214
3376,4.567002345591945,-4.082394634954956,-1.821380606202214
3377,4.567002345549559,-4.082394634954894,-1.821380606202214
3378,4.567002345549559,-4.082394634954894,-1.821380606202214
3379,5.645318582259471,-3.219224762306755,-0.008562861452762171
3380,6.321278014292314,-2.1834209151289516,-4.487289054363312
3381,7.142085895926001,-1.3304059817005913,-3.2076529992459335
3382,6.900671813127965,-0.5992503254039633,-1.608107930349348
3383,7.230604393005427,-0.9445182740302182,-1.768062437239043
3384,7.230604393004883,-0.9445182744632936,-1.7680624372388611
3385,7.230604393004341,-0.9445182744632312,-1.768062437239043
3386,7.2306043929627695,-0.9445182740302804,-1.768062437239043
3387,7.230604393004883,-0.9445182740302804,-1.7680624372388611
3388,7.230604393004883,-0.9445182744632936,-1.768062437239043
3389,6.900671813127965,-2.8536469339419037,-3.2076529992459335
3390,5.935015481677704,-3.8285211427704415,-3.2076529992459335
3391,5.693601398879668,-4.803395352031744,-1.2881989165701397
3392,5.210773233154266,-4.803395352464633,-1.608107930349348
3393,5.307338866307987,-4.437817523234004,-1.608107930349348
3394,5.983298298254157,-3.7066618669374374,-3.2076529992459335
3395,6.27299519771559,-2.0615616388629965,-1.2881989165699579
3396,6.948954629661217,-0.7211096012369673,-3.2076529992459335
3397,7.286934345656717,-0.05088358285684141,-1.608107930349348
3398,5.790167031989917,0.07097569384206442,-2.8877439854667255
3399,5.178584688769874,0.010046055492611507,-2.567834971687336
3400,5.178584688812803,0.010046055492611507,-2.567834971687154
3401,5.178584688769602,0.010046055492611507,-2.567834971687336
3402,3.6174402863340163,-0.8429688775027978,-3.2076529992459335
3403,3.2311777537634216,-2.1224912772124496,-1.608107930349348
3404,1.2998650909908727,-2.853646933942028,-3.2076529992459335
3405,-0.8245788380885742,-3.6457322285879843,-0.008562861452762171
3406,-2.4179117849077367,-1.939702362597104,-1.2881989165699579
3407,-3.962961915194191,-0.964828153768815,-1.608107930349348
3408,-4.204375997992226,-0.3555317728721156,-1.608107930349348
3409,-4.6509920512530245,-0.8582012869819544,-0.808335395901055
3410,-4.650992051295138,-0.8582012869819544,-0.808335395901055
3411,-4.650992051295954,-0.8582012869819544,-0.808335395901055
3412,-4.650992051252753,-0.8582012869818921,-0.808335395901055
3413,-4.9044768382916955,-1.33040598213348,-0.6483808890115419
3414,-4.904476838248766,-1.3304059821335423,-0.64838088901136
3415,-6.039123027696913,-0.8429688775027978,-3.2076529992459335
3416,-6.0391230276534404,-0.1727428586898455,-1.608107930349348
3417,-5.36316359566407,0.5584127980397957,-0.008562861452762171
3418,-6.666799643108744,0.984920264754038,-2.887743985466544
3419,-5.797708944812747,0.497483160123169,-0.008562861452762171
3420,-6.859930909373256,-0.477391049137946,-4.80719806814252
3421,-6.280537110494677,-1.8178430867642243,-1.608107930349348
3422,-5.314880779130003,-2.914576571858406,-1.2881989165701397
3423,-4.976901063135317,-4.620606437849349,-3.2076529992459335
3424,-3.914679098575081,-5.047113904130579,-3.2076529992459335
3425,-3.7698306488870217,-5.351762095011879,-4.48728905436313
3426,-4.0715982524165595,-5.488853780323978,-2.727789478577031
3427,-4.071598252460031,-5.48885378032379,-2.727789478576849
3428,-4.07159825245976,-5.4888537803239155,-2.727789478576849
3429,-4.071598252416831,-5.488853780323978,-2.727789478577031
3430,-3.7698306488443643,-3.706661866937375,-4.487289054363312
3431,-4.8320526134051445,-3.523872952322154,-3.2076529992459335
3432,-5.073466696289038,-2.6708580197595087,-1.2881989165699579
3433,-5.9908402110767165,-2.3662098293114084,-3.2076529992459335
3434,-5.411446412283723,-1.756913448414647,-0.008562861452762171
3435,-7.149627808791217,-1.939702362597166,-3.2076529992459335
3436,-4.807911205137975,-1.360870801091731,-3.047698492356239
3437,-4.807911205095046,-1.3608708010916688,-3.0476984923564205
3438,-3.4801337494690605,-1.6959838104983318,-3.2076529992459335
3439,-2.707608684326241,-2.488069105577176,-2.887743985466544
3440,-1.4522554535004053,-3.523872952322154,-1.608107930349348
3441,0.1410774932755567,-3.8285211432033925,-0.008562861452762171
3442,1.7826932566736173,-4.072239695302165,-3.2076529992459335
3443,3.134612120651815,-3.6457322285879843,-0.008562861452762171
3444,3.762288736065005,-3.40201367648915,-1.2881989165699579
3445,4.204881221287705,-3.7574365652010853,-1.821380606202214
3446,4.204881221287705,-3.7574365652012722,-1.821380606202214
3447,4.204881221244776,-3.7574365652010853,-1.8213806062023958
3448,4.204881221287433,-3.7574365652011474,-1.821380606202214
3449,4.204881221287705,-3.7574365652010853,-1.821380606202214
3450,4.204881221287977,-3.7574365652012722,-1.821380606202214
3451,2.92941015019014,-2.7470200671551677,-3.4475847595803852
3452,2.9294101502325254,-2.7470200671551677,-3.447584759580567
3453,2.929410150232797,-2.747020067155292,-3.4475847595803852
3454,2.9294101501904115,-2.7470200671551677,-3.4475847595803852
3455,1.879258889826251,-1.8787727246806019,-0.008562861452762171
3456,2.289662830665102,-2.0767940483421534,-0.4084491286769086
3457,2.289662830665645,-2.0767940483422156,-0.4084491286769086
3458,2.2896628306653737,-2.076794048775104,-0.4084491286769086
3459,2.289662830665102,-2.076794048342091,-0.4084491286769086
3460,3.569157469757292,-1.9640742181101527,-1.2242171138141527
3461,3.5691574698004924,-1.9640742176770771,-1.2242171138141527
3462,3.5691574697578354,-1.9640742181100903,-1.2242171138141527
3463,3.5691574697999493,-1.9640742176770771,-1.2242171138141527
3464,3.5691574697578354,-1.9640742181101527,-1.2242171138141527
3465,4.293399718323387,-1.7569134488475355,-0.008562861452762171
3466,4.631379434318616,-2.2443505530454533,-1.608107930349348
3467,4.631379434318344,-2.2443505530454533,-1.608107930349348
3468,4.631379434318616,-2.2443505530454533,-1.608107930349348
3469,4.245116901746934,-3.6457322285879843,-1.608107930349348
3470,3.7140059194880086,-4.620606437849349,-2.887743985466544
3471,2.120672972667759,-4.315958247834012,-1.608107930349348
3472,1.5895619904088334,-6.082917751308383,-0.008562861452762171
3473,0.9136025584191911,-4.74246571411518,-1.608107930349348
3474,0.6721884755355692,-5.351762094579053,-0.008562861452762171
3475,0.6882827477705584,-5.849354138862153,-1.768062437239043
3476,0.6882827477708301,-5.849354138862402,-1.768062437239043
3477,0.6882827477276294,-5.849354138862277,-1.7680624372388611
3478,0.6882827477705584,-5.849354139295229,-1.768062437239043
3479,0.6882827477705584,-5.849354138862153,-1.768062437239043
3480,0.6882827477702866,-5.849354138862527,-1.768062437239043
3481,1.758551848363519,-5.778269561292921,-3.2076529992459335
3482,1.7585518484061762,-5.778269561293046,-3.2076529992459335
3483,3.907137185794906,-5.229902818312973,-0.008562861452762171
3484,4.824510700582857,-4.133169333218729,-0.008562861452762171
3485,5.645318582302401,-3.88945078111977,-2.8877439854667255
3486,5.7418842154137355,-3.40201367648915,-1.608107930349348
3487,5.9832982982547005,-3.40201367648915,-1.608107930349348
3488,5.7257899432205885,-3.381703797183691,-1.501471592422824
3489,5.725789943263789,-3.3817037967506156,-1.5014715924230058
3490,5.725789943221404,-3.381703797183691,-1.501471592422824
3491,6.128146747985145,-2.8130271753309852,-1.074926240717092
3492,6.12814674798433,-2.813027174898159,-1.074926240717274
3493,6.128146747984873,-2.8130271753308604,-1.074926240717092
3494,6.22471238113805,-1.8787727246806643,-4.48728905436313
3495,5.7418842154137355,-2.0006320009464944,-3.2076529992459335
3496,5.741884215456665,-2.000632000513668,-3.2076529992459335
3497,4.7279450674285926,-3.0973654860409874,-1.2881989165701397
3498,3.4725918366467723,-4.194098971568057,-1.608107930349348
3499,2.362087055508996,-5.290832456662302,-3.2076529992459335
3500,1.3481479075678686,-5.534551008761261,-1.608107930349348
3501,1.2515822744144198,-6.2047770275743375,-1.2881989165699579
3502,1.1308752329935299,-5.092811133000937,-2.727789478577031
3503,1.1308752329506009,-5.092811132567862,-2.727789478576849
3504,1.1308752329935299,-5.092811133000937,-2.727789478577031
3505,1.1308752329938017,-5.092811133000812,-2.727789478577031
3506,1.5895619904088334,-3.64573222902106,-3.2076529992459335
3507,1.9275417063608615,-2.91457657185853,-2.887743985466544
3508,1.9275417064032472,-2.4271394672276614,-1.608107930349348
3509,2.0723901560910347,-2.0615616388631213,-0.008562861452762171
3510,2.4103698720859916,-2.4271394672277857,-3.2076529992459335
3511,3.477956594015325,-2.7791773761997947,-1.359289808520974
3512,3.4779565940587975,-2.7791773761999194,-1.359289808520974
3513,3.477956594015597,-2.7791773761997947,-1.359289808520974
3514,3.477956594015325,-2.779177376200044,-1.359289808520974
3515,3.4779565940587975,-2.7791773761997947,-1.3592898085211558
3516,3.477956594015325,-2.7791773761997947,-1.359289808520974
3517,3.4779565940158688,-2.7791773761999194,-1.359289808520974
3518,3.4779565940585258,-2.7791773761999194,-1.359289808520974
3519,3.477956594015597,-2.7791773761999194,-1.359289808520974
3520,4.679662250895069,-2.7927172955925754,-1.1053937658390338
3521,4.679662250852683,-2.792717296025526,-1.105393765838852
3522,4.679662250895069,-2.7927172955924506,-1.1053937658390338
3523,4.679662250895069,-2.7927172955925754,-1.1053937658390338
3524,4.679662250895069,-2.7927172955926998,-1.1053937658390338
3525,4.679662250852683,-2.7927172960254016,-1.105393765838852
3526,4.679662250895069,-2.7927172955925754,-1.1053937658390338
3527,3.8910429135601885,-3.2395346416122766,-1.608107930349348
3528,3.891042913602574,-3.2395346416122766,-1.608107930349348
3529,3.8910429135604603,-3.2395346416122766,-1.608107930349348
3530,3.1507063928438757,-3.6254223492824007,-1.501471592422824
3531,3.150706392844147,-3.6254223492825255,-1.5014715924230058
3532,3.150706392844419,-3.6254223492825255,-1.5014715924230058
3533,3.150706392801762,-3.625422349715476,-1.501471592422824
3534,3.150706392844147,-3.6254223492825255,-1.501471592422824
3535,3.150706392844419,-3.6254223492825255,-1.5014715924230058
3536,2.189648424895847,0.07097569340923815,-1.3339002042527799
3537,2.189648424938776,0.07097569384206442,-1.3339002042527799
3538,2.1896484248961188,0.07097569340898897,-1.3339002042527799
3539,2.189648424938776,0.07097569340911355,-1.3339002042527799
3540,2.189648424895847,0.07097569340911355,-1.3339002042527799
3541,2.1896484249390475,0.07097569384206442,-1.3339002042527799
3542,2.189648424895847,0.07097569340898897,-1.3339002042527799
3543,0.040488292128297354,0.11667292227940981,-0.27515370626879915
3544,0.04048829208536842,0.11667292184645894,-0.275153706268981
3545,0.04048829212884076,0.11667292227940981,-0.27515370626879915
3546,0.04048829208482502,0.11667292227940981,-0.27515370626879915
3547,0.04048829212884076,0.11667292184633436,-0.275153706268981
3548,0.04048829208536842,0.11667292227940981,-0.27515370626879915
3549,0.04048829212775395,0.11667292227940981,-0.27515370626879915
3550,0.040488292128297354,0.11667292184645894,-0.275153706268981
3551,0.04048829208536842,0.11667292227940981,-0.27515370626879915
3552,0.04048829212884076,0.11667292227940981,-0.27515370626879915
3553,0.04048829208536842,0.11667292184658354,-0.275153706268981
3554,0.040488292128297354,0.11667292227940981,-0.27515370626879915
3555,-0.011818092485709903,0.04558834427710273,0.05808484975120162
3556,-0.011818092528910536,0.04558834427710273,0.05808484975138347
3557,-0.011818092528638833,0.04558834471017819,0.05808484975120162
3558,-0.011818092485981606,0.04558834427722732,0.05808484975120162
3559,-0.011818092486253307,0.045588344277351915,0.05808484975138347
3560,-0.011818092528367132,0.04558834427722732,0.05808484975120162
3561,-0.011818092528638833,0.04558834427722732,0.05808484975120162
3562,-0.0118180924854382,0.04558834471017819,0.05808484975138347
3563,-0.011818092486253307,0.04558834427722732,0.05808484975120162
3564,-0.011818092528910536,0.04558834427722732,0.05808484975120162
3565,-0.011818092528367132,0.04558834427722732,0.05808484975138347
3566,-0.011818092485709903,0.04558834427722732,0.05808484975120162
3567,-0.011818092485981606,0.04558834471017819,0.05808484975120162
3568,-0.011818092528638833,0.04558834427722732,0.05808484975138347
3569,-0.011818092528910536,0.04558834427710273,0.05808484975120162
3570,-0.011818092485981606,0.04558834427722732,0.05808484975120162
3571,-0.011818092485709903,0.04558834471017819,0.05808484975138347
3572,-0.011818092528910536,0.04558834427722732,0.05808484975120162
3573,-0.011818092528638833,0.04558834427722732,0.05808484975120162
3574,-0.011818092485981606,0.04558834427722732,0.05808484975138347
3575,-0.011818092485709903,0.04558834427722732,0.05808484975120162
3576,-0.011818092528910536,0.04558834471017819,0.05808484975120162
3577,-0.011818092528367132,0.04558834427722732,0.05808484975138347
3578,-0.011818092485709903,0.04558834427722732,0.05808484975120162
3579,-0.005279794425159233,0.019566311633575428,-0.008562861452762171
3580,-0.005279794425159233,0.019566311200499967,-0.008562861452762171
3581,-0.005279794425159233,0.019566311633450836,-0.008562861452762171
3582,-0.005279794425430935,0.01956631120074915,-0.008562861452762171
3583,-0.0052797944246158295,0.019566311633575428,-0.008562861452762171
3584,-0.005279794425702637,0.019566311200624558,-0.008562861452762171
3585,-0.005279794425159233,0.019566311633450836,-0.008562861452762171
3586,-0.0052797944246158295,0.019566311633450836,-0.008562861452762171
3587,-0.005279794468088163,0.019566311200624558,-0.008562861452762171
3588,-0.005279794425430935,0.019566311633575428,-0.008562861452762171
3589,-0.005279794425159233,0.019566311200624558,-0.008562861452762171
3590,-0.005279794425159233,0.019566311633450836,-0.008562861452762171
3591,-0.005279794425159233,0.019566311200624558,-0.008562861452762171
3592,-0.005279794425159233,0.019566311633450836,-0.008562861452762171
3593,-0.005279794425159233,0.019566311200624558,-0.008562861452762171
3594,-0.005279794425159233,0.019566311633575428,-0.008562861452762171
3595,-0.005279794425159233,0.019566311633575428,-0.008562861452762171
3596,-0.005279794424887531,0.019566311200624558,-0.008562861452762171
3597,-0.005279794425159233,0.019566311633450836,-0.008562861452762171
3598,-0.005279794425159233,0.019566311200624558,-0.008562861452762171
3599,-0.005279794425159233,0.019566311633575428,-0.008562861452762171
