time,dx,dy,dz
0,0.005330412384904826,0.02946965415333804,-0.01889669380750623
1,0.04408880903512453,0.09287937155776022,-0.01889669380750623
2,0.0440888090351199,0.09287937155777636,-0.01889669380750623
3,0.04408880903511528,0.09287937155776022,-0.01889669380750623
4,0.04408880908190805,0.09287937155776022,-0.01889669380750623
5,0.0440888090351199,0.09287937155777636,-0.01889669380750623
6,0.0440888090351199,0.09287937155776022,-0.01889669380750623
7,0.0440888090351199,0.09287937155776828,-0.01889669380750623
8,0.04408880903512915,0.09287937155776828,-0.01889669380750623
9,0.04408880903512915,0.09287937155776022,-0.01889669380750623
10,0.04408880908188493,0.0928793711091112,-0.01889669380750623
11,0.04408880903512453,0.09287937155776828,-0.01889669380750623
12,0.04408880903512453,0.09287937155776022,-0.01889669380750623
13,0.04408880903512453,0.09287937155776828,-0.01889669380750623
14,0.0440888090351199,0.09287937155776828,-0.01889669380750623
15,0.04408880903512453,0.09287937155776022,-0.01889669380750623
16,0.04408880903512453,0.09287937155776828,-0.01889669380750623
17,0.04408880908189418,0.09287937155776828,-0.01889669380750623
18,0.04408880903512915,0.09287937155776022,-0.01889669380750623
19,0.04408880903511528,0.09287937155776828,-0.01889669380750623
20,0.04408880903512453,0.09287937155776828,-0.01889669380750623
21,0.04408880903512453,0.09287937155776022,-0.01889669380750623
22,0.0440888090351199,0.09287937155777636,-0.01889669380750623
23,0.04408880908189418,0.09287937155776828,-0.01889669380750623
24,0.04408880903512453,0.09287937155775214,-0.01889669380750623
25,0.04408880903512453,0.09287937155777636,-0.01889669380750623
26,0.04408880903512915,0.09287937155776022,-0.01889669380750623
27,0.04408880903511528,0.0928793711091112,-0.01889669380750623
28,0.04408880903512453,0.09287937155776022,-0.01889669380750623
29,0.04408880908189418,0.09287937155776828,-0.01889669380750623
30,0.04408880903512453,0.09287937155777636,-0.01889669380750623
31,0.04408880903512915,0.09287937155776022,-0.01889669380750623
32,0.04408880903511528,0.09287937155776022,-0.01889669380750623
33,0.04408880903512453,0.09287937155776828,-0.01889669380750623
34,0.0440888090351199,0.09287937155776828,-0.01889669380750623
35,0.04408880903512453,0.09287937155776828,-0.01889669380750623
36,0.04408880908189418,0.09287937155776022,-0.01889669380750623
37,0.04408880903512453,0.09287937155776828,-0.01889669380750623
38,0.04408880903512915,0.09287937155776828,-0.01889669380750623
39,0.0440888090351199,0.09287937155776022,-0.01889669380750623
40,0.04408880903511528,0.09287937155776828,-0.01889669380750623
41,0.04408880903512453,0.09287937155777636,-0.01889669380750623
42,0.04408880908189418,0.09287937155776022,-0.01889669380750623
43,0.04408880903513377,0.09287937155776828,-0.01889669380750623
44,0.04408880903511528,0.09287937155776828,-0.01889669380750623
45,0.04408880903512453,0.09287937110909505,-0.01889669380750623
46,0.04408880903511528,0.09287937155777636,-0.01889669380750623
47,0.04408880903513377,0.09287937155776022,-0.01889669380750623
48,0.04408880903511528,0.09287937155776022,-0.01889669380750623
49,0.04408880908189418,0.09287937155777636,-0.01889669380750623
50,0.04408880903513377,0.09287937155776828,-0.01889669380750623
51,0.04408880903511528,0.09287937155776022,-0.01889669380750623
52,0.04408880903513377,0.09287937155776828,-0.01889669380750623
53,0.04408880903511528,0.09287937155776828,-0.01889669380750623
54,0.04408880903512453,0.09287937155776022,-0.01889669380750623
55,0.04408880908190342,0.09287937155776828,-0.01889669380750623
56,0.04408880903511528,0.09287937155776828,-0.01889669380750623
57,0.04408880903512453,0.09287937155776022,-0.01889669380750623
58,0.04408880903511528,0.09287937155776828,-0.01889669380750623
59,0.04408880903512453,0.09287937155776828,-0.01889669380750623
60,0.04408880903513377,0.09287937155776022,-0.01889669380750623
61,0.04408880903511528,0.09287937155777636,-0.01889669380750623
62,0.04408880908189418,0.09287937155776022,-0.01889669380750623
63,0.04408880903512453,0.0928793711091112,-0.01889669380750623
64,0.04408880903512453,0.09287937155776022,-0.01889669380750623
65,0.04408880903511528,0.09287937155776022,-0.01889669380750623
66,0.04408880903512453,0.09287937155777636,-0.01889669380750623
67,0.04408880903512453,0.09287937155776022,-0.01889669380750623
68,0.04408880908189418,0.09287937155776022,-0.01889669380750623
69,0.04408880903513377,0.09287937155777636,-0.01889669380750623
70,0.04408880903511528,0.09287937155776828,-0.01889669380750623
71,0.04408880903512453,0.09287937155776828,-0.01889669380750623
72,0.05799358380050554,0.08472012676880493,-0.01889669380750623
73,0.05799358380049629,0.08472012721746201,-0.01889669380750623
74,0.05799358380051478,0.08472012676880493,-0.01889669380750623
75,0.05799358380049629,0.08472012676880493,-0.01889669380750623
76,0.05799358375373589,0.08472012721747009,-0.01889669380750623
77,0.05799358380049629,0.08472012676880493,-0.01889669380750623
78,0.05799358380050554,0.08472012721746201,-0.01889669380750623
79,0.05799358380050554,0.08472012676880493,-0.01889669380750623
80,0.26864626941612946,0.6609036282475174,-0.01889669380750623
81,0.4792989550785323,0.9766206155189315,-0.01889669380750623
82,0.6899516406941378,1.1660508082407106,-0.01889669380750623
83,0.8479411548941795,1.2291942055155323,-0.01889669380750623
84,0.8814540821586493,1.7056398405995257,-0.01889669380750623
85,0.881454082205419,1.7056398405995177,-0.01889669380750623
86,0.8814540821586401,1.7056398405995177,-0.01889669380750623
87,0.8814540821586493,1.7056398405995337,-0.01889669380750623
88,0.881454082205419,1.7056398405995095,-0.01889669380750623
89,0.8814540821586401,1.7056398401508606,-0.01889669380750623
90,0.8814540822054374,1.7056398405995257,-0.01889669380750623
91,0.8814540821586493,1.7056398405995177,-0.01889669380750623
92,0.8814540821586401,1.7056398405995177,-0.01889669380750623
93,0.881454082205419,1.7056398405995257,-0.01889669380750623
94,0.8814540821586401,1.7056398405995177,-0.01889669380750623
95,0.38713840511293507,2.6499206477882673,-0.01889669380750623
96,0.38713840506613767,2.6499206473395938,-0.01889669380750623
97,0.3871384051129166,2.6499206477882593,-0.01889669380750623
98,0.3871384051129258,2.6499206477882593,-0.01889669380750623
99,-0.331713884637511,1.9364002565189458,-0.7023477575464161
100,-0.331713884637511,1.936400256967627,-0.7023477575465132
101,-0.33171388459075063,1.9364002565189458,-0.7023477575464161
102,-0.3317138846375018,1.936400256967627,-0.7023477575465132
103,-0.3317138846375203,1.9364002565189782,-0.7023477575464161
104,-0.9162750872711418,2.839350840061373,0.4936916039967247
105,-0.9162750872711604,2.839350840061357,0.4936916039967247
106,-1.0479330157867448,1.986914974608012,-0.2751908427095731
107,-1.0479330157399938,1.986914974608012,-0.27519084270967026
108,-1.0479330157867726,1.9869149746080281,-0.27519084270967026
109,-1.0479330157867541,1.9869149746079957,-0.2751908427095731
110,-2.3645123009896563,2.9656376346110163,-0.01889669380750623
111,-2.3645123009896474,2.9656376350596814,-0.01889669380750623
112,-1.80862326944292,2.1167097359720053,-0.2087442115127266
113,-1.8086232694429154,2.1167097359720377,-0.20874421151282374
114,-1.8086232694896758,2.1167097359720213,-0.2087442115127266
115,-1.8086232694429245,2.1167097359720377,-0.20874421151282374
116,-1.8086232694429107,2.1167097359720377,-0.2087442115127266
117,-1.808623269442906,2.1167097359720053,-0.20874421151282374
118,-1.8086232694896895,2.1167097359720213,-0.2087442115127266
119,-1.8086232694429107,2.1167097359720377,-0.20874421151282374
120,-1.8086232694429154,2.1167097359720053,-0.2087442115127266
121,-1.808623269442906,2.1167097364206704,-0.2087442115127266
122,-1.80862326944292,2.1167097359720537,-0.20874421151282374
123,-1.8086232694896804,2.1167097359720053,-0.2087442115127266
124,-1.8086232694429154,2.1167097359720377,-0.20874421151282374
125,-1.808623269442913,2.1167097359720213,-0.2087442115127266
126,-1.808623269442913,2.1167097359720053,-0.20874421151282374
127,-1.8086232694896873,2.1167097359720377,-0.2087442115127266
128,-1.808623269442913,2.1167097359720213,-0.20874421151282374
129,-1.808623269442913,2.1167097359720377,-0.2087442115127266
130,-2.456672850955256,1.718555535741351,-0.01889669380750623
131,-2.4566728509552593,1.7185555352927342,-0.01889669380750623
132,-2.456672850955257,1.7185555352927018,-0.01889669380750623
133,-2.456672850955258,1.7185555357413185,-0.01889669380750623
134,-2.4566728509552584,1.718555535741383,-0.01889669380750623
135,-2.4566728509552584,1.7185555352927342,-0.01889669380750623
136,-2.4566728509552576,1.7185555352927018,-0.01889669380750623
137,-2.4566728509552584,1.718555535741351,-0.01889669380750623
138,-1.3902436299179974,1.7343413850600926,-0.01889669380750623
139,-1.390243629964773,1.7343413846114113,-0.01889669380750623
140,-1.3902436299179952,1.7343413850600926,-0.01889669380750623
141,-1.3902436299179999,1.734341385060028,-0.01889669380750623
142,-1.3902436299647718,1.7343413846114113,-0.01889669380750623
143,-1.3902436299179974,1.7343413850600926,-0.01889669380750623
144,-1.23752043282679,1.4186243977886381,-0.7023477575464161
145,-1.2375204328735687,1.4186243977886703,-0.7023477575465132
146,-1.23752043282679,1.418624397339989,-0.7023477575464161
147,-1.237520432873564,1.4186243977886381,-0.7023477575465132
148,-1.2375204328267921,1.4186243977886381,-0.7023477575464161
149,-0.15465540485160859,1.036544442913503,-0.01889669380750623
150,0.21413467544417533,1.0051879570025573,-0.01889669380750623
151,0.5513241110844846,0.9071203785817384,-0.01889669380750623
152,0.7677146256178813,0.7982589813283574,-0.01889669380750623
153,0.7717191923919381,0.7952228679614304,-0.01889669380750623
154,0.5790003667449548,0.91129981387665,-0.01889669380750623
155,0.24803006463755875,1.0156115413721942,-0.01889669380750623
156,-0.7474399709875157,0.5859981729198965,-0.01889669380750623
157,-0.9703801659617778,-0.4755363049103783,-0.01889669380750623
158,-0.7091723996725334,-0.7735723865844634,-0.01889669380750623
159,-0.6854429029527115,-0.7891542181615308,-0.01889669380750623
160,-0.7008331911223216,-0.7787753091934154,-0.01889669380750623
161,-0.7272619530184748,-0.7610739590197393,-0.01889669380750623
162,-1.2585857014023827,-1.1071114994853775,-0.01889669380750623
163,-1.07223909490525,-1.209112372489427,0.5068348936840151
164,-1.072239094858485,-1.2091123724893946,0.5068348936840151
165,-1.07223909490525,-1.2091123724893946,0.506834893683918
166,-1.07223909490525,-1.209112372489427,0.5068348936840151
167,-1.072239094858485,-1.2091123724893946,0.5068348936840151
168,-1.0722390949052547,-1.2091123724894592,0.5068348936840151
169,-1.07223909490525,-1.2091123720407133,0.506834893683918
170,-1.072239094905241,-1.2091123724894592,0.5068348936840151
171,-1.0722390948584806,-1.2091123724893624,0.5068348936840151
172,-1.0722390949052594,-1.209112372489427,0.5068348936840151
173,-1.07223909490525,-1.209112372489427,0.506834893683918
174,-1.0722390948584712,-1.2091123724893946,0.5068348936840151
175,-1.0722390949052594,-1.209112372489427,0.5068348936840151
176,-0.021001173299501453,-0.6019643199408251,-0.01889669380750623
177,-0.021001173346280353,-0.6019643203895064,-0.01889669380750623
178,1.0341763229026661,-1.651582150939607,0.391580161482768
179,1.2032261551253705,-1.5704402931151398,0.14509093978518786
180,1.2032261551253658,-1.570440293563789,0.14509093978509074
181,1.2032261550786054,-1.570440293563789,0.14509093978518786
182,1.2032261551253705,-1.5704402935637567,0.14509093978509074
183,1.2032261551253658,-1.570440293563789,0.14509093978518786
184,1.2032261551253705,-1.570440293563789,0.14509093978518786
185,1.2032261551253751,-1.5704402931151076,0.14509093978509074
186,1.203226155078596,-1.570440293563821,0.14509093978518786
187,1.2032261551253658,-1.570440293563789,0.14509093978509074
188,1.2032261551253751,-1.570440293563789,0.14509093978518786
189,0.8831000182888703,-1.6637866060622064,0.5323049684961729
190,0.8831000182420914,-1.6637866060622226,0.5323049684961729
191,0.883100018288861,-1.6637866060622064,0.5323049684961729
192,0.8831000182888656,-1.6637866056135573,0.5323049684961729
193,0.8831000182420867,-1.6637866060622226,0.5323049684961729
194,0.8831000182888703,-1.6637866060622064,0.5323049684961729
195,0.883100018288868,-1.6637866060622226,0.5323049684961729
196,0.8831000182888633,-1.6637866060622064,0.5323049684961729
197,0.8831000182420937,-1.6637866060622226,0.5323049684961729
198,0.8831000182888656,-1.6637866056135573,0.5323049684961729
199,0.883100018288868,-1.6637866060622064,0.5323049684961729
200,0.8831000182420891,-1.6637866060622386,0.5323049684961729
201,0.8831000182888656,-1.6637866060622226,0.5323049684961729
202,0.883100018288868,-1.6637866060622064,0.5323049684961729
203,0.7770224391610224,-1.6837525802675204,0.46569279880838926
204,0.005330412384904826,-1.8290008342286554,-0.01889669380750623
205,0.005330412384904826,-1.8290008342286233,-0.01889669380750623
206,0.005330412384904826,-1.8290008342286554,-0.01889669380750623
207,0.005330412384904826,-1.8290008342286554,-0.01889669380750623
208,0.005330412384904826,-1.8290008342286554,-0.01889669380750623
209,0.005330412384904826,-1.8290008342286554,-0.01889669380750623
210,0.005330412384904826,-1.8290008342286554,-0.01889669380750623
211,0.005330412384904826,-1.8290008342286395,-0.01889669380750623
212,0.005330412384904826,-1.8290008342286395,-0.01889669380750623
213,0.005330412384904826,-1.8290008342286554,-0.01889669380750623
214,0.005330412384904826,-1.8290008342286554,-0.01889669380750623
215,0.005330412384904826,-1.8290008342286554,-0.01889669380750623
216,0.005330412384904826,-1.8290008342286554,-0.01889669380750623
217,0.005330412384904826,-1.8290008342286233,-0.01889669380750623
218,0.005330412384904826,-1.8290008342286554,-0.01889669380750623
219,-0.30014479017771994,-1.804833240694024,0.05451793654031988
220,-0.3776279998168876,-1.7987031761962402,0.07313941921621021
221,-0.3776279998168876,-1.798703175747575,0.07313941921621021
222,-0.37762799981688994,-1.7987031761962562,0.07313941921621021
223,-0.37762799981688533,-1.798703176196224,0.07313941921621021
224,-0.37762799977011335,-1.7987031761962562,0.07313941921621021
225,-0.37762799981688994,-1.7987031761962402,0.07313941921621021
226,-0.557988829211172,-1.7499533098741757,0.34242788188757867
227,-0.8627675867428991,-1.667574426859948,0.7974790333104529
228,-0.8627675867428922,-1.6675744268599317,0.7974790333103557
229,-0.8627675867428968,-1.66757442685994,0.7974790333103557
230,-0.8627675867428991,-1.6675744264112908,0.7974790333104529
231,-0.8627675867428968,-1.66757442685994,0.7974790333103557
232,-0.8627675867896734,-1.667574426859956,0.7974790333103557
233,-0.8627675867428991,-1.66757442685994,0.7974790333104529
234,-0.8627675867428946,-1.667574426859948,0.7974790333103557
235,-1.2322192006264725,-1.5808209339139663,-0.2014040446909208
236,-1.2322192006732469,-1.5808209339139823,-0.2014040446909208
237,-1.2322192006264772,-1.5808209334653252,-0.2014040446909208
238,-1.2322192006264772,-1.5808209339139663,-0.2014040446909208
239,-1.2322192006264725,-1.5808209339139823,-0.20140404469082365
240,-1.2322192006732469,-1.5808209339139663,-0.2014040446909208
241,-1.2322192006264725,-1.5808209334653172,-0.2014040446909208
242,-1.2322192006264818,-1.5808209339139743,-0.2014040446909208
243,-1.2322192006264725,-1.5808209339139823,-0.2014040446909208
244,-1.2322192006732469,-1.5808209339139743,-0.2014040446909208
245,-1.2322192006264725,-1.5808209334653172,-0.2014040446909208
246,-1.2322192006264818,-1.5808209339139743,-0.2014040446909208
247,-1.2322192006264634,-1.5808209339139743,-0.2014040446909208
248,-1.2322192006732515,-1.5808209339139823,-0.20140404469082365
249,-1.2344553108292213,-1.5794262928309273,-0.1898130422366869
250,-1.3394461220161435,-1.513944515723083,0.35441270290245086
251,-1.3394461220161435,-1.513944515723079,0.35441270290245086
252,-1.3394461220629132,-1.513944515723087,0.35441270290245086
253,-1.3394461220161435,-1.5139445161717442,0.35441270290245086
254,-1.3394461220161344,-1.513944515723079,0.35441270290245086
255,-1.3394461220161435,-1.513944515723083,0.35441270290245086
256,-1.3394461220161435,-1.513944515723083,0.35441270290245086
257,-1.3394461220629132,-1.513944515723083,0.35441270290245086
258,-1.3394461220161435,-1.513944515723083,0.35441270290245086
259,-1.3394461220161344,-1.513944515723083,0.35441270290245086
260,-1.3394461220161529,-1.513944515723083,0.35441270290245086
261,-1.3394461220161251,-1.513944515723083,0.35441270290245086
262,-1.3394461220161435,-1.5139445161717442,0.35441270290245086
263,-1.3394461220629132,-1.513944515723081,0.35441270290245086
264,-1.2334760361992527,-1.573772715101023,0.12914479451708266
265,-1.0565083836697176,-1.6736844582032782,-0.2470475301474305
266,-1.056508383716515,-1.6736844582032822,-0.24704753014752764
267,-1.0565083837164964,-1.6736844582032842,-0.24704753014752764
268,-1.0565083837164873,-1.6736844582032782,-0.2470475301474305
269,-1.0565083836697453,-1.6736844586519424,-0.24704753014752764
270,-1.0565083837164964,-1.6736844582032802,-0.24704753014752764
271,-1.0565083837165057,-1.6736844582032813,-0.24704753014752764
272,-1.0565083836697453,-1.6736844582032806,-0.2470475301474305
273,-1.056508383716478,-1.6736844582032806,-0.24704753014752764
274,-1.0565083837165057,-1.6736844582032806,-0.24704753014752764
275,-1.056508383716515,-1.673684458651941,-0.2470475301474305
276,-1.0565083836697082,-1.6736844582032813,-0.24704753014752764
277,-1.056508383716515,-1.6736844582032806,-0.24704753014752764
278,-1.0565083837165057,-1.6736844582032802,-0.24704753014752764
279,-0.9326550419152806,-1.7221087573880114,0.09648009516433843
280,-0.7441276405870748,-1.795819381833027,0.619391867635562
281,-0.7441276405870934,-1.7958193822816861,0.6193918676354649
282,-0.744127640587084,-1.7958193822816881,0.619391867635562
283,-0.7441276405870748,-1.7958193822816841,0.619391867635562
284,-0.744127640587084,-1.795819381833027,0.6193918676354649
285,-0.7441276405870934,-1.7958193822816901,0.619391867635562
286,-0.744127640587084,-1.7958193822816861,0.6193918676354649
287,-0.7441276405870934,-1.7958193822816861,0.619391867635562
288,-0.7441276405870934,-1.795819381833029,0.619391867635562
289,-0.7441276405870748,-1.7958193822816901,0.6193918676354649
290,-0.7603807404503207,-1.7903234271749933,0.3898375688426301
291,-0.8499779278057413,-1.7600263084329006,-0.8756083850081807
292,-0.8499779278057599,-1.7600263079842313,-0.8756083850081807
293,-0.8499779277589902,-1.7600263084329046,-0.8756083850081807
294,-0.8499779278057413,-1.7600263079842395,-0.8756083850081807
295,-0.8499779278057413,-1.7600263084328924,-0.8756083850081807
296,-0.8499779277589717,-1.7600263079842515,-0.8756083850082779
297,-0.8499779278057413,-1.7600263084328924,-0.8756083850081807
298,-0.8499779278057413,-1.7600263079842435,-0.8756083850081807
299,-0.8499779277589717,-1.7600263084328924,-0.8756083850081807
300,-1.0711870976168265,-1.6663562135698862,0.2266972234472145
301,-1.075863378169498,-1.6643760624848274,0.2499995591061989
302,-1.0758633781695164,-1.6643760624848274,0.2499995591061989
303,-1.075863378216286,-1.6643760624848274,0.2499995591061989
304,-1.075863378169535,-1.6643760624848274,0.2499995591061989
305,-1.075863378169498,-1.6643760624848194,0.2499995591061989
306,-1.0758633782163045,-1.6643760620361865,0.2499995591061989
307,-1.0758633781695164,-1.6643760624848274,0.2499995591061989
308,-1.075863378169498,-1.6643760624848112,0.2499995591061989
309,-1.075863378216286,-1.6643760624848354,0.249999559106296
310,-1.075863378169498,-1.6643760624848274,0.2499995591061989
311,-1.0758633781695164,-1.6643760620361783,0.2499995591061989
312,-1.0758633782163045,-1.6643760624848274,0.2499995591061989
313,-1.075863378169498,-1.6643760624848274,0.2499995591061989
314,-1.4341296061210596,-2.0332146622080343,0.4367373486851003
315,-1.4341296060742714,-2.0332146617593447,0.4367373486851974
316,-1.4341296061210596,-2.0332146622080423,0.4367373486851003
317,-1.574564729895964,-1.7701171726656244,2.3731820292787758
318,-1.5745647298492313,-1.7701171726656244,2.3731820292787758
319,-2.364512300989638,-3.6328473972080575,-0.01889669380750623
320,-1.1230110514144218,-2.766496558139526,0.27397065659616093
321,-1.1230110514612286,-2.7664965576908607,0.27397065659616093
322,-1.123011051414385,-2.76649655813951,0.2739706565962581
323,-0.6586730756860827,-2.84805278429486,0.12767785058985703
324,-0.19344085332027813,-2.9297660753880055,-0.01889669380750623
325,-0.1934408533670108,-2.9297660753880055,-0.01889669380750623
326,-0.06201291081952057,-2.929547589680783,-0.30753585730636745
327,0.21702005973945043,-2.9290837250878723,-0.9203419445255301
328,0.2170200597862386,-2.929083724639191,-0.9203419445255301
329,0.21702005973946892,-2.9290837250878563,-0.9203419445255301
330,0.21702005973948743,-2.9290837250878563,-0.9203419445255301
331,0.21702005978622008,-2.9290837250878723,-0.9203419445255301
332,0.21702005973946892,-2.929083724639207,-0.9203419445255301
333,0.2170200597862386,-2.9290837250878563,-0.9203419445254329
334,0.2573189183616102,-2.9263025811804475,-0.8984392715604407
335,-0.012744515996262855,-2.9223027196882096,0.18376442355647563
336,-0.29676255578443234,-2.9230982388485325,1.0503295272471622
337,-0.2967625557376812,-2.923098238848516,1.0503295272471622
338,-0.2967625557844693,-2.9230982388485325,1.0503295272472595
339,-0.2967625557376627,-2.9230982383998834,1.0503295272471622
340,-0.2967625557844693,-2.923098238848516,1.0503295272471622
341,-0.5162727048531628,-2.8980229703695586,-0.28308245767780066
342,-0.5734250998779135,-2.891494289573797,-0.6302540523926157
343,-0.573425099877932,-2.891494289573797,-0.6302540523926157
344,-0.573425099877932,-2.891494289573797,-0.6302540523927128
345,-0.47292992215564134,-2.905129664493612,0.43369011469092006
346,-0.45931524744505503,-2.9069769289726395,0.577828908977847
347,-0.45931524744503655,-2.906976928972672,0.5778289089779441
348,-0.4593152474917877,-2.906976929421353,0.577828908977847
349,-0.45931524744503655,-2.9069769289726395,0.5778289089779441
350,-0.45931524744503655,-2.9069769294213206,0.577828908977847
351,-0.45931524744503655,-2.9069769289726395,0.5778289089779441
352,-0.45931524744505503,-2.9069769294213206,0.577828908977847
353,-0.4593152474449995,-2.9069769289726395,0.5778289089779441
354,-0.45931524744503655,-2.906976929421353,0.577828908977847
355,-0.45931524744505503,-2.9069769289726395,0.5778289089779441
356,0.05799358380051478,-2.8119832303921317,-3.7778775443717048
357,0.26864626941612946,-2.9382700249417426,-3.4361520125022498
358,0.9532674977253902,-2.559409640844164,-2.0692498850243326
359,0.9006043263565499,-2.8119832303920993,0.6645543699314036
360,1.7432150688190455,-2.4331228458458716,2.7149075611483275
361,1.7958782402813882,-2.6225530381189692,1.6897309655398656
362,1.795878240281425,-2.6225530381190016,1.6897309655398656
363,1.7138694018529412,-1.7808737804667927,-1.3080271290818486
364,1.7715635698012453,-1.737589835447204,-0.4753502319139639
365,1.7993943184703154,-1.71671034832295,-0.07368014570694095
366,1.7993943184703154,-1.7167103483229176,-0.07368014570703807
367,1.7993943184703338,-1.716710348771599,-0.07368014570694095
368,1.7993943184703154,-1.71671034832295,-0.07368014570703807
369,1.7993943184703338,-1.7167103483229176,-0.07368014570694095
370,1.7993943184703338,-1.716710348771599,-0.07368014570703807
371,1.7993943184703154,-1.71671034832295,-0.07368014570694095
372,1.7993943184702967,-1.7167103483229176,-0.07368014570703807
373,1.7993943184703522,-1.7167103483229822,-0.07368014570694095
374,1.7993943184703154,-1.7167103487715667,-0.07368014570703807
375,1.7993943184703338,-1.7167103483229176,-0.07368014570694095
376,1.7616837670481522,-1.7436227464815988,-0.016853286379256413
377,1.6099768707893582,-1.851889431699458,0.21175717228849508
378,1.6099768707893212,-1.8518894316994905,0.21175717228839797
379,1.6099768708361464,-1.8518894316994905,0.21175717228849508
380,1.6099768707893398,-1.851889431699458,0.21175717228849508
381,1.6099768707893582,-1.8518894316995227,0.21175717228849508
382,1.6099768707893398,-1.851889431699458,0.21175717228839797
383,1.6099768707893582,-1.8518894316995227,0.21175717228849508
384,1.6099768707893398,-1.8518894316995227,0.21175717228849508
385,1.6099768707893582,-1.8518894312507768,0.21175717228849508
386,1.6099768707893582,-1.8518894316994905,0.21175717228849508
387,1.5482607662464545,-1.8905721262209365,0.02072318207949252
388,1.5354610315186634,-1.8985948008985218,-0.01889669380750623
389,1.5354610314718753,-1.8985948008984896,-0.01889669380750623
390,1.535461031518682,-1.8985948008985218,-0.01889669380750623
391,1.535461031471894,-1.8985948008985218,-0.01889669380750623
392,1.5354610315186634,-1.8985948008985218,-0.01889669380750623
393,1.5354610314718846,-1.8985948008984896,-0.01889669380750623
394,1.1010046924870371,-2.0512759819337525,-0.1247137414931279
395,0.43295345893623616,-2.2860495195160073,-0.28742562500507735
396,0.4329534589362732,-2.2860495195160717,-0.28742562500507735
397,0.43295345898301507,-2.2860495199646884,-0.28742562500507735
398,0.7550419105035759,-2.208898326982875,-1.5263459674224407
399,0.9918330423778954,-2.1521787584693635,-2.4371682855086054
400,0.8484571213180025,-2.1799305350758167,-2.016282624602624
401,0.16804181146461716,-2.311631406375085,-0.01889669380750623
402,0.23536945138913462,-2.3072243766609137,-0.6040556128612805
403,0.08233280344061474,-2.306606007188854,-0.39303338802342896
404,-0.23446314541255667,-2.306578642467926,0.17560256174119301
405,-0.23446314541259364,-2.306578642467926,0.17560256174129013
406,-0.23446314536579627,-2.3065786420192125,0.17560256174129013
407,-0.23446314541255667,-2.3065786424678936,0.17560256174119301
408,-0.2735330083336646,-2.2997076280798296,0.20186622286159345
409,-0.8101204748596164,-2.2053407705850328,0.5625726681255888
410,-0.810120474859607,-2.205340771033585,0.5625726681255888
411,-0.8101204748128374,-2.205340771033714,0.5625726681255888
412,-0.8101204748596256,-2.2053407710336494,0.5625726681254917
413,-0.8101204748128282,-2.2053407710336494,0.5625726681255888
414,-0.9045942317376015,-2.1696181862868924,0.4656228562494427
415,-1.3049054944161667,-2.018251781118777,0.05481986814158771
416,-1.3049054944161667,-2.018251781567523,0.05481986814158771
417,-1.3049054944629364,-2.018251781567458,0.054819868141490584
418,-1.3049054944161667,-2.0182517811188414,0.05481986814158771
419,-1.3049054944161667,-2.018251781567458,0.05481986814158771
420,-1.304905494462927,-2.0182517811188414,0.054819868141490584
421,-1.304905494416176,-2.018251781567458,0.05481986814158771
422,-1.3049054944161573,-2.018251781567458,0.05481986814158771
423,-1.304905494462927,-2.018251781118777,0.05481986814158771
424,-1.304905494416185,-2.018251781567523,0.054819868141490584
425,-1.3049054944161482,-2.018251781567523,0.05481986814158771
426,-1.3049054944161667,-2.0182517811188414,0.05481986814158771
427,-1.3049054944629364,-2.018251781567458,0.054819868141490584
428,-1.305593115242952,-2.0179149234318436,0.12373921794479138
429,-1.3073272572110886,-2.017065385508378,0.29755004417961173
430,-1.3073272572111072,-2.0170653859570593,0.2975500441797089
431,-1.3073272572578767,-2.0170653859570593,0.29755004417961173
432,-1.3073272572110886,-2.017065385956995,0.2975500441797089
433,-1.3073272572578767,-2.017065385508378,0.29755004417961173
434,-1.3073272572111072,-2.017065385956995,0.2975500441797089
435,-1.3073272572578767,-2.0170653859570593,0.29755004417961173
436,-1.3073272572111072,-2.0170653855084426,0.29755004417961173
437,-1.3073272572578767,-2.017065385956995,0.2975500441797089
438,-1.3073272572110886,-2.0170653859570593,0.29755004417961173
439,-1.3073272572578767,-2.017065385956995,0.2975500441797089
440,-1.3073272572111256,-2.017065385508378,0.29755004417961173
441,-1.4322524615766037,-1.942972433845318,0.14906839074760725
442,-1.6913166969441173,-1.7893218219465303,-0.15884614261885893
443,-1.6913166968973845,-1.7893218219466593,-0.15884614261885893
444,-1.6913166968973476,-1.789321822395276,-0.15884614261885893
445,-1.6913166968973845,-1.7893218219466593,-0.15884614261885893
446,-1.6913166969440987,-1.7893218219465947,-0.15884614261885893
447,-1.691316696897366,-1.7893218223953407,-0.15884614261885893
448,-1.691316696897366,-1.7893218219465947,-0.15884614261885893
449,-1.8817665630834972,-1.6648781767589178,-0.13280520443065788
450,-1.8817665630834972,-1.6648781772075991,-0.13280520443065788
451,-1.8817665630834604,-1.6648781772075991,-0.13280520443065788
452,-1.881766563036709,-1.6648781767589178,-0.13280520443065788
453,-1.8817665630834972,-1.6648781767589178,-0.13280520443065788
454,-1.8817665630834788,-1.6648781772075991,-0.13280520443065788
455,-1.985995756466358,-1.4425607984052589,-0.01889669380750623
456,-1.985995756513109,-1.4425607984051299,-0.01889669380750623
457,-1.985995756513109,-1.4425607988538112,-0.01889669380750623
458,-1.985995756466358,-1.4425607984051299,-0.01889669380750623
459,-1.9859957564663209,-1.4425607984052589,-0.01889669380750623
460,-1.985995756513146,-1.4425607988538112,-0.01889669380750623
461,-1.9859957565130906,-1.4425607984051299,-0.01889669380750623
462,-1.9859957564663395,-1.4425607984052589,-0.01889669380750623
463,-1.9859957564663395,-1.4425607984051299,-0.01889669380750623
464,-1.9859957565131277,-1.4425607984051942,-0.01889669380750623
465,-1.985995756513109,-1.4425607988538112,-0.01889669380750623
466,-1.985995756466358,-1.4425607984051942,-0.01889669380750623
467,-1.9859957564663209,-1.4425607984051942,-0.01889669380750623
468,-1.985995756513109,-1.4425607988538112,-0.01889669380750623
469,-1.9859957565131277,-1.4425607984051942,-0.01889669380750623
470,-1.9859957564663395,-1.4425607984051942,-0.01889669380750623
471,-2.1513518452732194,-1.6483406204579945,-0.01889669380750623
472,-2.151351845319971,-1.6483406204579945,-0.01889669380750623
473,-2.151351845273238,-1.6483406209066758,-0.01889669380750623
474,-2.151351845273164,-1.64834062045793,-0.01889669380750623
475,-2.151351845273238,-1.6483406204579945,-0.01889669380750623
476,-2.151351845319989,-1.6483406204579945,-0.01889669380750623
477,-2.1513518452732012,-1.6483406204579945,-0.01889669380750623
478,-2.1513518452732012,-1.6483406209067404,-0.01889669380750623
479,-2.151351845319989,-1.6483406204579945,-0.01889669380750623
480,-2.1513518452732012,-1.6483406204579945,-0.01889669380750623
481,-2.151351845273238,-1.648340620458059,-0.01889669380750623
482,-2.1513518452732012,-1.6483406204579945,-0.01889669380750623
483,-2.1513518453199523,-1.6483406204579945,-0.01889669380750623
484,-2.1513518452732012,-1.6483406209066112,-0.01889669380750623
485,-2.151351845273238,-1.6483406204579945,-0.01889669380750623
486,-2.151351845319989,-1.6483406204579945,-0.01889669380750623
487,-2.151351845273164,-1.64834062045793,-0.01889669380750623
488,-2.151351845273238,-1.648340620458059,-0.01889669380750623
489,-2.1513518452732012,-1.6483406209066758,-0.01889669380750623
490,-2.151351845320026,-1.648340620458059,-0.01889669380750623
491,-2.1513518452732012,-1.6483406204579945,-0.01889669380750623
492,-2.124236581438157,-1.8964039676638682,-0.01889669380750623
493,-2.1242365814380832,-1.8964039676638682,-0.01889669380750623
494,-2.12423658143812,-1.8964039672153161,-0.01889669380750623
495,-2.124236581438157,-1.8964039676639974,-0.01889669380750623
496,-2.124236581438157,-1.8964039676638682,-0.01889669380750623
497,-2.12423658143812,-1.8964039676639328,-0.01889669380750623
498,-2.124236581438157,-1.8964039676639328,-0.01889669380750623
499,-2.12423658143812,-1.8964039676638682,-0.01889669380750623
500,-2.124236581391332,-1.8964039672152515,-0.01889669380750623
501,-2.1242365814381943,-1.8964039676639974,-0.01889669380750623
502,-2.12423658143812,-1.8964039676638682,-0.01889669380750623
503,-2.12423658143812,-1.8964039676639974,-0.01889669380750623
504,-2.124236581438157,-1.8964039676638682,-0.01889669380750623
505,-2.12423658143812,-1.8964039672152515,-0.01889669380750623
506,-2.1242365814381943,-1.8964039676638682,-0.01889669380750623
507,-2.1242365814380832,-1.8964039676639974,-0.01889669380750623
508,-2.035367479677273,-1.7480169835297046,0.15196607212726979
509,-2.035367479677236,-1.7480169835297692,0.15196607212717267
510,-2.035367479677199,-1.7480169839782569,0.15196607212726979
511,-2.0353674797240244,-1.7480169835297046,0.15196607212717267
512,-2.035367479677236,-1.7480169835297692,0.15196607212726979
513,-2.035367479677236,-1.7480169835297692,0.15196607212726979
514,-2.035367479677236,-1.7480169835296402,0.15196607212717267
515,-2.035367479677199,-1.7480169839784505,0.15196607212726979
516,-2.0353674796773102,-1.7480169835296402,0.15196607212717267
517,-2.035367479677236,-1.7480169835297046,0.15196607212726979
518,-2.0353674797239503,-1.7480169835296402,0.15196607212726979
519,-2.035367479677236,-1.7480169835297692,0.15196607212717267
520,-2.035367479677273,-1.7480169839783215,0.15196607212726979
521,-2.035367479677236,-1.7480169835296402,0.15196607212717267
522,-2.0353674796771624,-1.7480169835297692,0.15196607212726979
523,-2.035367479677347,-1.7480169835297046,0.15196607212726979
524,-2.035367479723987,-1.7480169835297692,0.15196607212717267
525,-2.035367479677199,-1.748016983978386,0.15196607212726979
526,-2.035367479677236,-1.7480169835297046,0.15196607212717267
527,-2.035367479677236,-1.7480169835296402,0.15196607212726979
528,-1.2322541156712252,-0.8861096085748931,-0.01889669380750623
529,-1.2322541157179765,-0.8861096085748285,-0.01889669380750623
530,-0.899518623615499,-1.5605958993598943,-0.3295562682343099
531,-0.899518623662324,-1.5605958993597653,-0.3295562682343099
532,-0.899518623615499,-1.5605958998085112,-0.3295562682343099
533,-0.8995186236155729,-1.56059589935983,-0.3295562682343099
534,-0.8995186236622871,-1.5605958993598943,-0.3295562682343099
535,-0.8995186236155359,-1.5605958993598943,-0.3295562682342128
536,-0.8995186236622501,-1.56059589935983,-0.3295562682343099
537,-0.8995186236155359,-1.5605958993597653,-0.3295562682343099
538,-0.8995186236155359,-1.5605958998086402,-0.3295562682343099
539,-0.899518623662324,-1.5605958993597653,-0.3295562682343099
540,-0.899518623615462,-1.560595899359959,-0.3295562682343099
541,0.19341316742056297,-1.296541691758378,0.22519297181358852
542,0.19341316742052597,-1.296541692207253,0.2251929718134914
543,0.19341316742056297,-1.2965416917585073,0.22519297181358852
544,0.19341316742063694,-1.296541692207124,0.2251929718134914
545,0.19341316742056297,-1.2965416917584427,0.22519297181358852
546,0.19341316742056297,-1.296541692207253,0.2251929718134914
547,0.19341316737373784,-1.296541691758378,0.22519297181358852
548,0.19341316742056297,-1.2965416917585073,0.22519297181358852
549,0.19341316742059997,-1.296541692207253,0.2251929718134914
550,0.19341316742056297,-1.2965416917584427,0.22519297181358852
551,0.19341316742056297,-1.296541692207124,0.2251929718134914
552,0.19341316742056297,-1.2965416917585073,0.22519297181358852
553,0.19341316742063694,-1.296541692207124,0.2251929718134914
554,0.193413167420489,-1.2965416917585717,0.22519297181358852
555,0.23704836657616551,-1.435457166391188,1.0062799018009556
556,0.23704836657612852,-1.4354571663912525,1.0062799018008586
557,0.23704836657612852,-1.435457166391188,1.0062799018009556
558,0.23704836657609152,-1.4354571663912525,1.0062799018008586
559,0.23704836657612852,-1.4354571659425712,1.0062799018009556
560,0.23704836662291667,-1.435457166391188,1.0062799018009556
561,0.23704836657612852,-1.4354571663912525,1.0062799018008586
562,0.23704836657609152,-1.435457166391188,1.0062799018009556
563,0.23704836657620248,-1.435457166391317,1.0062799018008586
564,0.23704836657609152,-1.435457166391188,1.0062799018009556
565,-0.14212646755078195,-1.9532330251215118,-0.01889669380750623
566,-0.14212646755063402,-1.9532330251214474,-0.01889669380750623
567,-0.1421264675975331,-1.9532330255702577,-0.01889669380750623
568,-0.14212646755070799,-1.9532330251215764,-0.01889669380750623
569,-0.14212646755070799,-1.9532330251215118,-0.01889669380750623
570,-1.391792546717472,-1.129397404590671,0.0816108155658743
571,-1.3917925467641863,-1.129397404590671,0.0816108155658743
572,-1.391792546717472,-1.1293974045905417,0.0816108155658743
573,-1.3917925467642602,-1.1293974045906063,0.0816108155658743
574,-1.391792546717472,-1.129397405039352,0.0816108155658743
575,-1.3917925467641863,-1.129397404590671,0.0816108155658743
576,-1.391792546717472,-1.129397404590671,0.0816108155658743
577,-1.3917925467641863,-1.129397404590671,0.0816108155658743
578,-1.391792546717509,-1.1293974045905417,0.08161081556577716
579,-1.3917925467642602,-1.129397404590671,0.0816108155658743
580,-1.391792546717472,-1.129397404590671,0.0816108155658743
581,-1.3917925467641863,-1.1293974045905417,0.0816108155658743
582,-1.391792546717509,-1.1293974050394813,0.0816108155658743
583,-1.3917925467642231,-1.1293974045905417,0.0816108155658743
584,-1.391792546717435,-1.129397404590671,0.0816108155658743
585,-1.3917925467642231,-1.129397404590671,0.0816108155658743
586,-1.391792546717509,-1.1293974045905417,0.0816108155658743
587,-1.627227901264786,-1.1386831985714774,0.15196607212726979
588,-1.627227901264786,-1.138683198122796,0.15196607212717267
589,-1.627227901311648,-1.1386831985714774,0.15196607212726979
590,-1.6272279012647117,-1.138683198122667,0.15196607212717267
591,-1.6272279012648598,-1.1386831985716066,0.15196607212726979
592,-1.627227901264786,-1.1386831985713484,0.15196607212726979
593,-1.6272279012648598,-1.138683198122796,0.15196607212717267
594,-1.627227901264786,-1.1386831985714774,0.15196607212726979
595,-1.627227901264786,-1.138683198122796,0.15196607212717267
596,-1.627227901311574,-1.1386831985713484,0.15196607212726979
597,-1.6272279012648228,-1.138683198122796,0.15196607212717267
598,-1.6272279012648598,-1.1386831985714774,0.15196607212726979
599,-1.666725279814736,-1.3083810791962125,0.17332391786909251
600,-1.6667252798616352,-1.3083810787475312,0.17332391786909251
601,-1.66672527981481,-1.3083810791962125,0.17332391786899537
602,-1.66672527981481,-1.3083810787475312,0.17332391786909251
603,-1.66672527981481,-1.3083810791962125,0.17332391786909251
604,-1.66672527981481,-1.3083810787475312,0.17332391786909251
605,-1.6667252798615613,-1.3083810791962125,0.17332391786909251
606,-1.66672527981481,-1.3083810791960835,0.17332391786909251
607,-1.66672527981481,-1.3083810787475312,0.17332391786899537
608,-1.6667252798616352,-1.3083810791962125,0.17332391786909251
609,-1.666725279814736,-1.3083810787475312,0.17332391786909251
610,-1.6667252798148842,-1.3083810791962125,0.17332391786909251
611,-1.66672527981481,-1.3083810787474022,0.17332391786909251
612,-1.66672527981481,-1.3083810791962125,0.17332391786899537
613,-1.6667252798615613,-1.3083810787476604,0.17332391786909251
614,-1.6667252798148842,-1.3083810791960835,0.17332391786909251
615,-1.8326142697715524,-1.4796575446631244,-0.01889669380750623
616,-1.8326142697716263,-1.4796575442143138,-0.01889669380750623
617,-1.832614269724875,-1.4796575446631244,-0.01889669380750623
618,-1.8326142697716263,-1.4796575446631244,-0.01889669380750623
619,-1.8326142697715524,-1.4796575442143138,-0.01889669380750623
620,-1.8326142697716263,-1.4796575446631244,-0.01889669380750623
621,-1.8326142697715524,-1.4796575446629952,-0.01889669380750623
622,-1.8326142697249492,-1.4796575446631244,-0.01889669380750623
623,-1.8326142697714785,-1.4796575442143138,-0.01889669380750623
624,-1.8326142697716263,-1.4796575446632534,-0.01889669380750623
625,-1.6069728353250003,-1.3936853801841584,0.24396909993820592
626,-1.6069728353716775,-1.3936853806327107,0.24396909993830304
627,-1.6069728353250003,-1.3936853801844167,0.24396909993820592
628,-1.6069728353716775,-1.3936853801841584,0.24396909993830304
629,-1.6069728353249262,-1.3936853806327107,0.24396909993820592
630,-1.6069728353250003,-1.3936853801842877,0.24396909993820592
631,-1.6069728353716775,-1.3936853801842877,0.24396909993830304
632,-1.6069728353250003,-1.3936853801841584,0.24396909993820592
633,-1.6069728353250003,-1.3936853806328398,0.24396909993820592
634,-1.6069728353716775,-1.3936853801842877,0.24396909993830304
635,-1.6069728353248522,-1.3936853801841584,0.24396909993820592
636,-1.6069728353717514,-1.3936853806328398,0.24396909993830304
637,-1.6069728353249262,-1.3936853801844167,0.24396909993820592
638,-1.6008963155802918,-1.3859948383462946,-0.01889669380750623
639,-1.6008963155805136,-1.3859948383465528,-0.01889669380750623
640,-1.6008963155336144,-1.3859948383464236,-0.01889669380750623
641,-1.6008963155803657,-1.3859948383465528,-0.01889669380750623
642,-1.6008963155803657,-1.3859948383464236,-0.01889669380750623
643,-1.6008963155336144,-1.3859948378978715,-0.01889669380750623
644,-1.6008963155804397,-1.3859948383465528,-0.01889669380750623
645,-1.6008963155803657,-1.3859948383462946,-0.01889669380750623
646,-1.6008963155804397,-1.3859948383465528,-0.01889669380750623
647,-1.6008963155803657,-1.3859948383464236,-0.01889669380750623
648,-1.6008963155336144,-1.3859948383466818,-0.01889669380750623
649,-1.6008963155804397,-1.3859948383464236,-0.01889669380750623
650,-1.1708137490430652,-1.570163080846532,-0.5884392469232644
651,-1.1708137490898163,-1.5701630808467903,-0.5884392469233616
652,-1.1708137490430652,-1.5701630808466613,-0.5884392469232644
653,-1.170813749042991,-1.5701630808467903,-0.5884392469232644
654,-1.1708137490898163,-1.5701630808466613,-0.5884392469233616
655,-1.1708137490430652,-1.5701630808467903,-0.5884392469232644
656,-0.26550875485522857,-1.9279756663012226,-0.01889669380750623
657,-0.2655087548553025,-1.9279756663013516,-0.01889669380750623
658,-0.26550875485515457,-1.9279756663013516,-0.01889669380750623
659,-0.26550875490205367,-1.9279756663013516,-0.01889669380750623
660,-0.26550875485515457,-1.9279756663013516,-0.01889669380750623
661,-0.2655087548553025,-1.9279756663013516,-0.01889669380750623
662,-0.26550875485515457,-1.9279756663012226,-0.01889669380750623
663,1.0302367482594592,-1.8502607157403548,0.34911541743652963
664,1.0302367482594592,-1.8502607157402258,0.34911541743652963
665,1.030236748259385,-1.8502607152915445,0.34911541743652963
666,1.030236748212708,-1.8502607157402258,0.3491154174366268
667,1.0302367482595332,-1.8502607157402258,0.34911541743652963
668,1.0302367482594592,-1.8502607157402258,0.34911541743652963
669,1.0302367482594592,-1.8502607152915445,0.34911541743652963
670,1.0302367482594592,-1.8502607157402258,0.34911541743652963
671,1.0302367482594592,-1.8502607157402258,0.34911541743652963
672,1.030236748212634,-1.8502607157402258,0.3491154174366268
673,1.0302367482594592,-1.8502607152914152,0.34911541743652963
674,1.0302367482594592,-1.8502607157403548,0.34911541743652963
675,1.0302367482594592,-1.8502607157402258,0.34911541743652963
676,1.0096923242455378,-1.6754020767533193,0.15196607212726979
677,1.0096923242453157,-1.6754020763047672,0.15196607212717267
678,1.0096923242454638,-1.6754020767534485,0.15196607212726979
679,1.0096923242453897,-1.6754020763047672,0.15196607212717267
680,1.0096923242454638,-1.6754020767533193,0.15196607212726979
681,1.0096923242453897,-1.6754020763047672,0.15196607212717267
682,1.0096923241986386,-1.6754020767534485,0.15196607212726979
683,1.0096923242454638,-1.6754020767531903,0.15196607212726979
684,1.0096923242453897,-1.6754020763048962,0.15196607212717267
685,1.0096923242454638,-1.6754020767534485,0.15196607212726979
686,1.0096923242455378,-1.6754020763047672,0.15196607212717267
687,1.0096923242453157,-1.6754020767531903,0.15196607212726979
688,1.0096923242453897,-1.6754020763048962,0.15196607212717267
689,1.0096923242454638,-1.6754020767534485,0.15196607212726979
690,0.6598583999052817,-1.6934430474672229,-0.311804292552781
691,0.6598583998584566,-1.6934430470189288,-0.311804292552781
692,0.6598583999053558,-1.6934430474673519,-0.311804292552781
693,0.6598583999052078,-1.6934430470189288,-0.31180429255268394
694,0.6598583999053558,-1.6934430474672229,-0.311804292552781
695,0.6598583998585306,-1.6934430470189288,-0.311804292552781
696,0.6598583999052078,-1.6934430474673519,-0.311804292552781
697,-0.1351047113899811,-2.064786360845364,-0.13280520443065788
698,-0.1351047113433039,-2.0647863608456225,-0.13280520443065788
699,-0.13510471138990712,-2.064786360396683,-0.13280520443065788
700,-0.13510471139012903,-2.0647863608454933,-0.13280520443065788
701,-0.13510471134322993,-2.064786360845364,-0.13280520443065788
702,-0.13510471139005506,-2.0647863608454933,-0.13280520443065788
703,-0.14455707545784546,-1.7482598427360792,-0.07146985255666809
704,-0.14455707545791946,-1.7482598427362084,-0.07146985255666809
705,-0.14455707550459662,-1.7482598431848895,-0.07146985255666809
706,-0.14455707545791946,-1.7482598427362084,-0.07146985255666809
707,-0.14455707545784546,-1.7482598427360792,-0.07146985255666809
708,-0.14455707545784546,-1.7482598427363374,-0.07146985255666809
709,-0.1445570755047446,-1.7482598431847605,-0.07146985255657096
710,-0.1445570754577715,-1.7482598427363374,-0.07146985255666809
711,-0.14455707545791946,-1.7482598427360792,-0.07146985255666809
712,-0.14455707545791946,-1.7482598427362084,-0.07146985255666809
713,-0.14455707550459662,-1.7482598431848895,-0.07146985255666809
714,-0.14455707545791946,-1.7482598427362084,-0.07146985255666809
715,-0.14455707545791946,-1.7482598427362084,-0.07146985255666809
716,-0.1526591018151184,-1.9279756663012226,1.0062799018009556
717,-0.0736643447150698,-1.9674402895981415,1.305289742186668
718,-0.07366434476189493,-1.9674402900466936,1.305289742186765
719,-0.0736643447150698,-1.9674402895981415,1.305289742186668
720,-0.07366434471514377,-1.9674402895981415,1.305289742186668
721,-0.07366434476189493,-1.9674402895980123,1.305289742186765
722,-0.07366434471514377,-1.9674402895981415,1.305289742186668
723,-0.07366434476182096,-1.9674402900468226,1.305289742186765
724,-0.07366434471514377,-1.9674402895980123,1.305289742186668
725,-0.6082379800530107,-1.9495902227185986,-0.29927541709694555
726,-0.6082379800530107,-1.9495902227184696,-0.29927541709704264
727,-0.6082379800530107,-1.949590222269659,-0.29927541709694555
728,-0.6082379800530107,-1.9495902227185986,-0.29927541709704264
729,-0.6082379800530107,-1.9495902227184696,-0.29927541709694555
730,-0.6082379800530847,-1.9495902227185986,-0.29927541709704264
731,-1.2446244686628598,-1.6951430067274667,-0.04525201341795068
732,-1.3106505475767087,-1.6687437163791914,-0.01889669380750623
733,-1.3106505475765609,-1.6687437163791914,-0.01889669380750623
734,-1.3106505475766348,-1.66874371593051,-0.01889669380750623
735,-1.3106505475766348,-1.6687437163791914,-0.01889669380750623
736,-1.3106505475765609,-1.6687437163790622,-0.01889669380750623
737,-1.3106505475767087,-1.66874371593051,-0.01889669380750623
738,-1.3106505475766348,-1.6687437163791914,-0.01889669380750623
739,-1.310650547576487,-1.6687437163790622,-0.01889669380750623
740,-1.5102061846742314,-1.5168446848603976,-0.06113496694315145
741,-1.742861392640589,-1.3397507113179759,-0.11037914950077482
742,-1.7428613926405148,-1.339750711766528,-0.11037914950087195
743,-1.742861392640589,-1.3397507113178466,-0.11037914950077482
744,-1.7428613926405148,-1.3397507113178466,-0.11037914950077482
745,-1.7428613926405148,-1.339750711766528,-0.11037914950077482
746,-1.7428613926405148,-1.3397507113177176,-0.11037914950077482
747,-1.742861392640589,-1.3397507113179759,-0.11037914950077482
748,-1.710884640811498,-1.370225131395608,0.030992838243679356
749,-1.7105898727291888,-1.37050605005092,0.032296033363918154
750,-1.710589872729115,-1.3705060504997304,0.03229603336401528
751,-1.710589872729115,-1.3705060500511783,0.032296033363918154
752,-1.71058987277594,-1.3705060504996014,0.032296033363918154
753,-1.7105898727291888,-1.37050605005092,0.03229603336401528
754,-1.710589872729115,-1.3705060504997304,0.032296033363918154
755,-1.7105898727758662,-1.3705060500510493,0.032296033363918154
756,-1.710589872729263,-1.3705060504997304,0.03229603336401528
757,-1.710589872729115,-1.37050605005092,0.032296033363918154
758,-1.7105898727291888,-1.3705060504997304,0.032296033363918154
759,-1.7105898727758662,-1.3705060500510493,0.03229603336401528
760,-1.710589872729115,-1.3705060504997304,0.032296033363918154
761,-1.7496915563884192,-1.3325269696609485,-0.00048348892755049005
762,-1.771656101942804,-1.3111930223229946,-0.01889669380750623
763,-1.7716561019894073,-1.3111930223232529,-0.01889669380750623
764,-1.771656101942878,-1.311193022771676,-0.01889669380750623
765,-1.7716561019894812,-1.3111930223231236,-0.01889669380750623
766,-1.771656101942804,-1.3111930223233819,-0.01889669380750623
767,-1.7716561019427302,-1.3111930223229946,-0.01889669380750623
768,-1.7716561019894812,-1.311193022771805,-0.01889669380750623
769,-1.7716561019427302,-1.3111930223231236,-0.01889669380750623
770,-1.7716561019895551,-1.3111930223233819,-0.01889669380750623
771,-1.7716561019427302,-1.3111930223229946,-0.01889669380750623
772,-1.7716561019894812,-1.3111930227719342,-0.01889669380750623
773,-1.7716561019427302,-1.3111930223229946,-0.01889669380750623
774,-1.7716561019895551,-1.3111930223231236,-0.01889669380750623
775,-1.777275042723882,-1.3054802020722647,-0.01889669380750623
776,-1.7802738713297943,-1.3024312700167904,-0.01889669380750623
777,-1.7802738713297943,-1.302431269568109,-0.01889669380750623
778,-1.7802738713298683,-1.3024312700170486,-0.01889669380750623
779,-1.7802738713765456,-1.302431269568109,-0.01889669380750623
780,-1.7802738713297943,-1.3024312700169194,-0.01889669380750623
781,-1.7802738713297943,-1.3024312695682383,-0.01889669380750623
782,-1.7802738713765456,-1.3024312700167904,-0.01889669380750623
783,-1.7802738713297204,-1.3024312695682383,-0.01889669380750623
784,-1.7802738713298683,-1.3024312700169194,-0.01889669380750623
785,-1.7802738713298683,-1.3024312695682383,-0.01889669380750623
786,-1.8486019802515568,-1.2054771255347316,-0.01889669380750623
787,-2.1616414795582046,-0.7612898465320521,-0.01889669380750623
788,-2.161641479604956,-0.7612898465321812,-0.01889669380750623
789,-2.1616414795582046,-0.7612898460833709,-0.01889669380750623
790,-2.161641479558131,-0.7612898465321812,-0.01889669380750623
791,-2.1616414795580567,-0.7612898465321812,-0.01889669380750623
792,-2.161641479604956,-0.7612898465320521,-0.01889669380750623
793,-2.1616414795582046,-0.7612898460835,-0.01889669380750623
794,-2.072610848672101,-0.924543851332672,-0.01889669380750623
795,-2.064092052284594,-0.9401646284638516,-0.01889669380750623
796,-2.064092052331271,-0.9401646280150412,-0.01889669380750623
797,-2.0640920522844457,-0.9401646280152994,-0.01889669380750623
798,-2.064092052284594,-0.9401646284637225,-0.01889669380750623
799,-2.064092052331197,-0.9401646280154285,-0.01889669380750623
800,-2.064092052284594,-0.9401646284635934,-0.01889669380750623
801,-2.0640920522844457,-0.9401646280151703,-0.01889669380750623
802,-2.06409205228452,-0.9401646280151703,-0.01889669380750623
803,-2.064092052331345,-0.9401646284639807,-0.01889669380750623
804,-2.0640920522844457,-0.9401646280151703,-0.01889669380750623
805,-2.0640920522844457,-0.9401646284638516,-0.01889669380750623
806,-2.064092052284594,-0.9401646280150412,-0.01889669380750623
807,-2.064092052331271,-0.9401646284638516,-0.01889669380750623
808,-2.0640920522844457,-0.9401646280151703,-0.01889669380750623
809,-1.8489675703658317,-1.1303748566122924,0.2688721751351978
810,-1.8489675703660537,-1.1303748566122924,0.2688721751351978
811,-1.8489675703658317,-1.1303748566120342,0.2688721751351978
812,-1.8489675703191546,-1.1303748566122924,0.2688721751351978
813,-1.8489675703658317,-1.1303748566122924,0.2688721751352949
814,-1.8489675703659798,-1.1303748566122924,0.2688721751351978
815,-1.8489675703659059,-1.1303748566121634,0.2688721751351978
816,-1.8489675703658317,-1.1303748566122924,0.2688721751351978
817,-1.8489675703657578,-1.1303748566122924,0.2688721751351978
818,-1.8489675703193025,-1.1303748566120342,0.2688721751351978
819,-1.8489675703658317,-1.1303748566122924,0.2688721751351978
820,-1.8489675703659798,-1.1303748566121634,0.2688721751351978
821,-1.8489675703657578,-1.1303748566122924,0.2688721751351978
822,-1.8489675703659059,-1.1303748566122924,0.2688721751351978
823,-1.8489675703659798,-1.1303748566122924,0.2688721751352949
824,-1.8489675703190807,-1.1303748566121634,0.2688721751351978
825,-1.8489675703659059,-1.1303748566122924,0.2688721751351978
826,-1.8489675703658317,-1.1303748566122924,0.2688721751351978
827,-1.8489675703659059,-1.1303748566122924,0.2688721751351978
828,-1.7824456696401747,-1.3231283854895335,0.053045523428194054
829,-1.7824456696401747,-1.3231283859382148,0.053045523428194054
830,-1.7824456695935713,-1.3231283854896625,0.05304552342809693
831,-1.7824456696403226,-1.3231283854895335,0.053045523428194054
832,-1.7824456696401747,-1.3231283854895335,0.053045523428194054
833,-1.7824456696402486,-1.3231283859383438,0.053045523428194054
834,-1.7824456696401747,-1.3231283854895335,0.053045523428194054
835,-1.7824456695935713,-1.3231283854894043,0.05304552342809693
836,-1.7824456696402486,-1.3231283854895335,0.053045523428194054
837,-1.7824456696402486,-1.3231283859383438,0.053045523428194054
838,-1.7824456696402486,-1.3231283854895335,0.053045523428194054
839,-1.7824456695933495,-1.3231283854895335,0.05304552342809693
840,-1.7824456696403226,-1.3231283854895335,0.053045523428194054
841,-1.7824456696401747,-1.3231283859383438,0.053045523428194054
842,-1.7824456696403226,-1.3231283854895335,0.053045523428194054
843,-1.7824456696403226,-1.3231283854896625,0.053045523428194054
844,-1.7824456695934234,-1.3231283854895335,0.05304552342809693
845,-1.7824456696401747,-1.3231283859382148,0.053045523428194054
846,-1.7824456696402486,-1.3231283854896625,0.053045523428194054
847,-1.7469169272093354,-1.3022820010094607,0.043235221077893356
848,-1.7469169272093354,-1.3022820005607794,0.04323522107779623
849,-1.7469169271626581,-1.30228200100959,0.043235221077893356
850,-1.7469169272093354,-1.30228200100959,0.04323522107779623
851,-1.7469169272092615,-1.3022820005609086,0.043235221077893356
852,-1.7469169272094094,-1.30228200100959,0.04323522107779623
853,-1.7469169272093354,-1.3022820005607794,0.043235221077893356
854,-1.7469169272093354,-1.3022820010093317,0.04323522107779623
855,-1.7469169271625102,-1.3022820010098481,0.043235221077893356
856,-1.7469169272094094,-1.3022820005607794,0.04323522107779623
857,-1.7469169272094833,-1.3022820010094607,0.043235221077893356
858,-1.8800111240315815,-0.9681960253015072,0.254483731688116
859,-1.8800111240315076,-0.9681960253011198,0.25448373168801885
860,-1.8800111240315815,-0.9681960253015072,0.254483731688116
861,-1.8800111240317294,-0.9681960253011198,0.25448373168801885
862,-1.8800111240316555,-0.9681960253012489,0.254483731688116
863,-1.8800111239848303,-0.968196025301378,0.254483731688116
864,-1.8800111240315076,-0.9681960253012489,0.25448373168801885
865,-1.8800111240317294,-0.968196025301378,0.254483731688116
866,-1.8800111240316555,-0.9681960253012489,0.25448373168801885
867,-1.8800111240315815,-0.968196025301378,0.254483731688116
868,-1.8283054648516601,-1.0210068670009989,-0.01889669380750623
869,-1.8283054648048351,-1.0210068665525758,-0.01889669380750623
870,-1.8283054648515122,-1.0210068670008696,-0.01889669380750623
871,-1.828305464805057,-1.0210068665524465,-0.01889669380750623
872,-1.8283054648515862,-1.0210068670011279,-0.01889669380750623
873,-1.828305464804909,-1.0210068665523175,-0.01889669380750623
874,-1.8283054648515862,-1.0210068670009989,-0.01889669380750623
875,-1.828305464804909,-1.0210068665525758,-0.01889669380750623
876,-1.8283054648516601,-1.0210068670008696,-0.01889669380750623
877,-1.828305464804909,-1.0210068665524465,-0.01889669380750623
878,-1.8283054648516601,-1.0210068670008696,-0.01889669380750623
879,-1.688668267892983,-1.1246513322114395,0.038057561504118154
880,-1.688668267939734,-1.1246513322113103,0.03805756150402103
881,-1.6886682678928349,-1.1246513322111813,0.038057561504118154
882,-1.688668267939734,-1.1246513326599916,0.03805756150402103
883,-1.6886682678928349,-1.1246513322111813,0.038057561504118154
884,-1.6886682679398821,-1.1246513322111813,0.03805756150402103
885,-1.6886682678928349,-1.1246513322114395,0.038057561504118154
886,-1.688668267939734,-1.1246513322111813,0.03805756150402103
887,-1.6886682678931308,-1.1246513326598624,0.038057561504118154
888,-1.6886682678928349,-1.1246513322114395,0.038057561504118154
889,-1.688668267939734,-1.1246513322111813,0.03805756150402103
890,-1.688668267892983,-1.1246513322111813,0.038057561504118154
891,-1.688668267939734,-1.1246513322114395,0.03805756150402103
892,-1.688668267892983,-1.1246513322111813,0.038057561504118154
893,-1.688668267939734,-1.1246513322111813,0.03805756150402103
894,-1.6886682678928349,-1.1246513326599916,0.038057561504118154
895,-1.688668267939734,-1.1246513322113103,0.03805756150402103
896,-1.688668267892983,-1.1246513322111813,0.038057561504118154
897,-1.7077715752111688,-1.0476824198030301,0.12181381931518764
898,-1.7077715751641218,-1.0476824198027719,0.12181381931528476
899,-1.7077715752111688,-1.0476824193542198,0.12181381931518764
900,-1.7077715751642697,-1.047682419802901,0.12181381931518764
901,-1.7077715752110207,-1.047682419802901,0.12181381931518764
902,-1.7077715751642697,-1.0476824198027719,0.12181381931528476
903,-1.7077715752110207,-1.0476824198030301,0.12181381931518764
904,-1.7077715751642697,-1.047682419802901,0.12181381931518764
905,-1.7077715752110207,-1.0476824193540906,0.12181381931528476
906,-1.7077715751642697,-1.047682419802901,0.12181381931518764
907,-1.7077715752111688,-1.047682419802901,0.12181381931518764
908,-1.7077715751644176,-1.0476824198027719,0.12181381931528476
909,-1.7077715752108729,-1.0476824198030301,0.12181381931518764
910,-1.7077715751642697,-1.047682419802901,0.12181381931518764
911,-1.7077715752111688,-1.0476824193542198,0.12181381931518764
912,-1.7077715751641218,-1.047682419802901,0.12181381931528476
913,-1.7077715752111688,-1.0476824198027719,0.12181381931518764
914,-1.5841789541573972,-0.9678461021626126,0.1844288753901398
915,-1.5841789542041482,-0.9678461021624835,0.18442887539004268
916,-1.5841789541573972,-0.9678461017138021,0.1844288753901398
917,-1.5841789542041482,-0.9678461021624835,0.1844288753901398
918,-1.5841789541573972,-0.9678461021626126,0.18442887539004268
919,-1.5841789542041482,-0.9678461021624835,0.1844288753901398
920,-1.5841789541573972,-0.9678461017135439,0.1844288753901398
921,-1.5841789541572493,-0.9678461021626126,0.18442887539004268
922,-1.5841789542041482,-0.9678461021627417,0.1844288753901398
923,-1.5841789541572493,-0.9678461021622252,0.1844288753901398
924,-1.5841789542042963,-0.9678461017138021,0.18442887539004268
925,-1.5841789541573972,-0.9678461021626126,0.1844288753901398
926,-1.5841789542041482,-0.9678461021624835,0.1844288753901398
927,-1.5841789541573972,-0.9678461021624835,0.1844288753901398
928,-1.5841789541572493,-0.9678461017138021,0.18442887539004268
929,-1.5841789542042963,-0.9678461021626126,0.1844288753901398
930,-1.5841789541573972,-0.9678461021623543,0.1844288753901398
931,-1.5841789542040003,-0.9678461021624835,0.18442887539004268
932,-1.770150892024456,-0.5198621821391691,-0.2615016206698087
933,-1.3639120442334687,-0.34939073039292196,-0.01889669380750623
934,-1.4429068013337392,-0.22310393539456516,-0.3606222256769612
935,-1.4429068013334434,-0.22310393584337557,-0.3606222256769612
936,-3.2071230435457836,0.09261305142843403,-2.75270094876334
937,-1.7325542440960797,0.4083300386993398,-0.01889669380750623
938,-2.153859615327309,0.5346168336978258,-0.01889669380750623
939,-2.129553536255416,1.1757651769487214,-0.01889669380750623
940,-2.129553536208813,1.17576517650004,-0.01889669380750623
941,-2.129553536255268,1.1757651769488506,-0.01889669380750623
942,-2.1295535362557123,1.1757651769484632,-0.01889669380750623
943,-2.129553536208813,1.1757651765001693,-0.01889669380750623
944,-2.1295535362555644,1.1757651769487214,-0.01889669380750623
945,-2.1295535362555644,1.1757651769485924,-0.01889669380750623
946,-2.129553536255416,1.1757651769487214,-0.01889669380750623
947,-2.129553536208813,1.17576517650004,-0.01889669380750623
948,-2.1295535362555644,1.1757651769485924,-0.01889669380750623
949,-2.1295535362555644,1.1757651769487214,-0.01889669380750623
950,-2.129553536208813,1.17576517650004,-0.01889669380750623
951,-2.129553536255416,1.1757651769485924,-0.01889669380750623
952,-2.2704709234718456,0.6834548417523736,-0.01889669380750623
953,-2.2704709234718456,0.6834548422009258,-0.01889669380750623
954,-2.2704709234718456,0.6834548417521153,-0.01889669380750623
955,-2.2704709234716978,0.6834548417522445,-0.01889669380750623
956,-2.2704709234718456,0.6834548417521153,-0.01889669380750623
957,-2.2704709234718456,0.6834548422010549,-0.01889669380750623
958,-2.2704709234716978,0.6834548417522445,-0.01889669380750623
959,-2.270470923471994,0.6834548417521153,-0.01889669380750623
960,-2.2704709234718456,0.6834548422007967,-0.01889669380750623
961,-2.2704709234718456,0.6834548417525027,-0.01889669380750623
962,-2.2704709234716978,0.6834548417521153,-0.01889669380750623
963,-2.270470923471994,0.6834548417522445,-0.01889669380750623
964,-2.27047092347155,0.6834548422010549,-0.01889669380750623
965,-2.270470923471994,0.6834548417521153,-0.01889669380750623
966,-1.9001188803714835,-0.5330806138637152,-0.29849031079165866
967,-1.9001188804183826,-0.533080613863457,-0.2984903107915616
968,-1.9001188803716313,-0.5330806138637152,-0.29849031079165866
969,-1.9001188803716313,-0.5330806138637152,-0.29849031079165866
970,-1.9001188803716313,-0.5330806138635861,-0.2984903107915616
971,-1.9001188804182345,-0.5330806143123965,-0.29849031079165866
972,-1.9001188803716313,-0.533080613863457,-0.2984903107915616
973,-1.9001188803716313,-0.5330806138637152,-0.29849031079165866
974,-1.9001188803714835,-0.5330806138635861,-0.29849031079165866
975,-1.9001188804183826,-0.5330806138635861,-0.2984903107915616
976,-1.9001188803717792,-0.5330806138637152,-0.29849031079165866
977,-1.9045872707107632,-0.7787658330283126,0.09501181681564541
978,-1.9045872706643079,-0.7787658330281835,0.09501181681564541
979,-1.904587270710911,-0.7787658330281835,0.09501181681564541
980,-1.90458727066416,-0.7787658330281835,0.09501181681564541
981,-1.904587270710911,-0.7787658330280544,0.09501181681564541
982,-1.90458727066416,-0.7787658330283126,0.09501181681564541
983,-1.904587270711059,-0.7787658330280544,0.09501181681564541
984,-1.90458727066416,-0.7787658325796313,0.09501181681574254
985,-1.9045872707107632,-0.7787658330281835,0.09501181681564541
986,-1.9045872706643079,-0.7787658330281835,0.09501181681564541
987,-1.904587270710911,-0.7787658330283126,0.09501181681564541
988,-1.9045872706643079,-0.7787658330280544,0.09501181681564541
989,-1.904587270710911,-0.7787658330283126,0.09501181681564541
990,-1.904587270664012,-0.7787658330283126,0.09501181681564541
991,-1.904587270711059,-0.7787658330280544,0.09501181681564541
992,-1.9662470671913088,-1.1071114994853128,0.06653468915988178
993,-1.9662470672380599,-1.1071114999339942,0.06653468915988178
994,-1.9662470671914567,-1.1071114994853128,0.06653468915978467
995,-1.966247067191161,-1.1071114999341232,0.06653468915988178
996,-1.966247067238208,-1.1071114994854419,0.06653468915988178
997,-1.9662470671913088,-1.1071114999339942,0.06653468915988178
998,-1.9662470672380599,-1.1071114994854419,0.06653468915988178
999,-1.9662470671914567,-1.107111499933865,0.06653468915988178
1000,-1.9662470671913088,-1.1071114994854419,0.06653468915978467
1001,-1.966247067238208,-1.1071114994853128,0.06653468915988178
1002,-1.9662470671913088,-1.1071114999341232,0.06653468915988178
1003,-1.9662470672380599,-1.1071114994854419,0.06653468915988178
1004,-1.9662470671913088,-1.1071114999339942,0.06653468915988178
1005,-1.9662470671913088,-1.1071114994854419,0.06653468915978467
1006,-1.9662470672380599,-1.1071114999341232,0.06653468915988178
1007,-1.9662470671913088,-1.1071114994851836,0.06653468915988178
1008,-1.712805554821308,-1.2965416917585073,-0.01889669380750623
1009,-1.712805554773965,-1.2965416922071886,-0.01889669380750623
1010,-1.7128055548210122,-1.2965416917585073,-0.01889669380750623
1011,-1.71280555482116,-1.2965416922071886,-0.01889669380750623
1012,-1.712805554820864,-1.2965416917585073,-0.01889669380750623
1013,-1.7128055548210122,-1.2965416922070594,-0.01889669380750623
1014,-1.7128055547742609,-1.2965416917585073,-0.01889669380750623
1015,-1.7128055548210122,-1.2965416917586363,-0.01889669380750623
1016,-1.7128055548210122,-1.2965416922070594,-0.01889669380750623
1017,-1.7128055547744088,-1.2965416917585073,-0.01889669380750623
1018,-1.7128055548207162,-1.2965416922071886,-0.01889669380750623
1019,-1.712805554821308,-1.2965416917585073,-0.01889669380750623
1020,-1.712805554820864,-1.2965416922070594,-0.01889669380750623
1021,-1.712805554820864,-1.2965416917586363,-0.01889669380750623
1022,-1.7128055547744088,-1.2965416922070594,-0.01889669380750623
1023,-1.7128055548210122,-1.2965416917585073,-0.01889669380750623
1024,-1.4824041798835785,-1.4070426374379932,-0.01889669380750623
1025,-1.4824041799303298,-1.4070426374382514,-0.01889669380750623
1026,-1.4824041798835785,-1.4070426374381224,-0.01889669380750623
1027,-1.4824041798837264,-1.4070426374381224,-0.01889669380750623
1028,-2.522501815189476,1.1976225064297308,1.6897309655398656
1029,-2.5225018152365233,1.1976225068780246,1.6897309655398656
1030,-1.6272279012647488,0.7871904232457289,2.7149075611483275
1031,-1.6272279012648967,0.787190423245858,2.7149075611482303
1032,-1.6272279013114999,0.7871904236945393,2.7149075611483275
1033,-1.6272279012648967,0.787190423245858,2.7149075611482303
1034,-1.6272279012647488,0.7871904232457289,2.7149075611483275
1035,-1.6733081762710247,0.8819055196067314,-0.1470437682585397
1036,-1.6733081762242736,0.8819055196067314,-0.1470437682585397
1037,-1.6733081762710247,0.88190551915805,-0.14704376825863683
1038,-1.6733081762241255,0.8819055196064731,-0.1470437682585397
1039,-1.6733081762710247,0.8819055196068605,-0.1470437682585397
1040,-1.6733081762710247,0.8819055191579209,-0.14704376825863683
1041,-1.6733081762242736,0.8819055196067314,-0.1470437682585397
1042,-1.6733081762708768,0.8819055196067314,-0.1470437682585397
1043,-0.5739644730931729,-1.9911190635759313,-2.4109754168937876
1044,-1.3902436299648249,-1.3596850894822845,-0.8732105234811921
1045,-1.3902436299180738,-1.3596850894818973,-0.8732105234811921
1046,-0.15265910186164766,-1.359685089033345,0.8354171358661796
1047,-0.15265910181519238,-1.359685089481768,0.8354171358661796
1048,-1.4213627766870833,-1.4400494136126203,-0.01889669380750623
1049,-1.4213627766401842,-1.440049413163939,-0.01889669380750623
1050,-1.4213627766869352,-1.4400494136126203,-0.01889669380750623
1051,-1.4213627766869352,-1.440049413163939,-0.01889669380750623
1052,-1.4213627766869352,-1.440049413612491,-0.01889669380750623
1053,-1.4213627766401842,-1.440049413164068,-0.01889669380750623
1054,-1.4213627766869352,-1.4400494136126203,-0.01889669380750623
1055,-1.4213627766869352,-1.4400494131638097,-0.01889669380750623
1056,-1.4213627766870833,-1.4400494136126203,-0.01889669380750623
1057,-1.4213627766400363,-1.440049413164068,-0.01889669380750623
1058,-1.4213627766872312,-1.4400494136126203,-0.01889669380750623
1059,-1.6974454631521547,-0.6440599185726456,1.1201884124241073
1060,-1.6974454631523028,-0.6440599185726456,1.1201884124240102
1061,-1.6974454631523028,-0.6440599185727747,1.1201884124241073
1062,-1.047933015786819,-0.1599605381197274,0.6645543699314036
1063,-1.0479330157397717,-0.15996053811985653,0.6645543699315007
1064,-1.8729893678710396,-0.6440599185725164,0.6645543699314036
1065,-1.8729893678241405,-0.6440599181240934,0.6645543699315007
1066,-1.8729893678710396,-0.6440599185729038,0.6645543699314036
1067,-1.5745647298490835,-0.5598687217574279,1.1201884124241073
1068,-1.5745647298492313,-0.5598687222063673,1.1201884124240102
1069,-1.5745647298492313,-0.559868721757557,1.1201884124241073
1070,-1.1620365538304225,-1.0176583533460777,0.46521447634086394
1071,-1.1620365538305704,-1.0176583533460777,0.4652144763409611
1072,-1.1620365538305704,-1.017658353346207,0.4652144763409611
1073,-1.1620365538305704,-1.0176583533460777,0.46521447634086394
1074,-1.1620365538305704,-1.0176583533459487,0.46521447634086394
1075,-1.1620365538302746,-1.0176583533460777,0.4652144763409611
1076,-1.1620365538774695,-1.0176583528971381,0.4652144763409611
1077,-1.1620365538304225,-1.017658353346207,0.46521447634086394
1078,-1.1620365538305704,-1.0176583533460777,0.46521447634086394
1079,-1.1620365538302746,-1.0176583533460777,0.4652144763409611
1080,-1.1620365538308663,-1.0176583533459487,0.4652144763409611
1081,-1.1620365538302746,-1.0176583533460777,0.46521447634086394
1082,-1.4548757039515439,-1.2104370592743223,0.9130820294729048
1083,-1.4548757039046447,-1.2104370588253828,0.9130820294728077
1084,-1.4548757039512479,-1.2104370592743223,0.9130820294729048
1085,-1.4548757039515439,-1.2104370588252538,0.9130820294729048
1086,-1.4548757039046447,-1.2104370592743223,0.9130820294729048
1087,-1.4548757039515439,-1.210437058825512,0.9130820294728077
1088,-1.4548757039046447,-1.210437059273935,0.9130820294729048
1089,-1.4548757039515439,-1.210437058825512,0.9130820294729048
1090,-1.4548757039512479,-1.2104370592743223,0.9130820294729048
1091,-1.4548757039046447,-1.210437058825512,0.9130820294728077
1092,-1.4548757039515439,-1.2104370592741933,0.9130820294729048
1093,-1.0014655116156457,-1.6382589017275844,-0.17970870880485681
1094,-1.0014655115691906,-1.6382589017274551,-0.17970870880495393
1095,-1.0014655116156457,-1.6382589012786448,-0.17970870880485681
1096,-1.0014655115690425,-1.6382589017275844,-0.17970870880495393
1097,-1.0014655116157938,-1.6382589017274551,-0.17970870880485681
1098,-1.0014655115690425,-1.6382589017275844,-0.17970870880495393
1099,-1.0014655116157938,-1.638258901278774,-0.17970870880485681
1100,-1.0014655115690425,-1.6382589017275844,-0.17970870880495393
1101,-1.0014655116156457,-1.6382589017275844,-0.17970870880485681
1102,-1.0014655115690425,-1.6382589017273261,-0.17970870880495393
1103,-1.0014655116157938,-1.6382589012790323,-0.17970870880485681
1104,-1.0014655115690425,-1.6382589017275844,-0.17970870880495393
1105,-1.0014655116157938,-1.6382589017273261,-0.17970870880485681
1106,-1.0014655115690425,-1.6382589017273261,-0.17970870880495393
1107,-1.0014655116156457,-1.6382589012790323,-0.17970870880485681
1108,-1.0014655115690425,-1.6382589017275844,-0.17970870880495393
1109,-1.0014655116157938,-1.6382589017273261,-0.17970870880485681
1110,-0.09999593044642606,-1.8858800681182126,-0.2751908427095731
1111,-0.099995930399379,-1.8858800676694023,-0.27519084270967026
1112,-0.099995930446574,-1.8858800681182126,-0.2751908427095731
1113,-0.09999593044627811,-1.8858800681179544,-0.27519084270967026
1114,-0.09999593044613016,-1.8858800681182126,-0.2751908427095731
1115,-0.09999593044642606,-1.8858800681182126,-0.27519084270967026
1116,-0.099995930399379,-1.8858800676694023,-0.2751908427095731
1117,-0.09999593044627811,-1.8858800681179544,-0.2751908427095731
1118,-0.09999593044642606,-1.8858800681182126,-0.27519084270967026
1119,-0.099995930399379,-1.8858800676696605,-0.2751908427095731
1120,-0.09999593044627811,-1.8858800681179544,-0.27519084270967026
1121,-0.09999593044642606,-1.8858800681182126,-0.2751908427095731
1122,0.45296736934734255,-1.643830378115965,-0.01889669380750623
1123,0.4529673693943896,-1.6438303776671548,-0.01889669380750623
1124,-0.46863813030888907,-1.485971884480512,-0.01889669380750623
1125,-0.20532227323070987,-1.4859718840314435,-0.01889669380750623
1126,-0.40639983681732533,-1.864832269026643,0.5092245827180503
1127,-0.4063998368179171,-1.8648322685778327,0.5092245827180503
1128,-0.4063998367707221,-1.8648322690263848,0.5092245827180503
1129,-0.4063998368176212,-1.864832269026643,0.5092245827180503
1130,-0.40639983681747327,-1.864832269026643,0.5092245827180503
1131,-0.4063998368176212,-1.8648322685778327,0.5092245827179532
1132,-0.40639983681732533,-1.8648322690263848,0.5092245827180503
1133,-0.40639983681776914,-1.8648322690263848,0.5092245827180503
1134,-0.4063998367705742,-1.8648322690263848,0.5092245827180503
1135,-0.4063998368176212,-1.8648322685778327,0.5092245827180503
1136,-0.40639983681776914,-1.864832269026643,0.5092245827180503
1137,-0.02339495384160658,-2.048522152497178,-0.5470179703330629
1138,-0.02339495384205042,-2.048522152048626,-0.5470179703330629
1139,-0.02339495384160658,-2.048522152497436,-0.5470179703330629
1140,-0.02339495384160658,-2.048522152048626,-0.5470179703330629
1141,-0.02339495384190247,-2.048522152497178,-0.5470179703330629
1142,-0.02339495379500337,-2.048522152048626,-0.5470179703329657
1143,-0.02339495384190247,-2.048522152497178,-0.5470179703330629
1144,-0.02339495384160658,-2.048522152048626,-0.5470179703330629
1145,-0.02339495384205042,-2.048522152497436,-0.5470179703330629
1146,-0.02339495384160658,-2.048522152048368,-0.5470179703330629
1147,-0.02339495384160658,-2.048522152497436,-0.5470179703330629
1148,0.37397261224721995,-2.622553038118905,-0.01889669380750623
1149,0.6899516406941655,-2.748839833117391,-0.01889669380750623
1150,0.704998261111872,-3.172802644224456,-0.6047118912980559
1151,0.7049982610654167,-3.172802644224198,-0.6047118912979588
1152,0.7049982611115762,-3.1728026442239394,-0.6047118912980559
1153,0.7049982610652689,-3.1728026446732662,-0.6047118912980559
1154,0.70499826111202,-3.172802644224198,-0.6047118912980559
1155,0.7049982610652689,-3.172802644224456,-0.6047118912979588
1156,0.70499826111202,-3.172802644224198,-0.6047118912980559
1157,1.1187803221809993,-2.65863497954697,-0.8488015569190536
1158,1.1187803221343962,-2.658634979547228,-0.8488015569191507
1159,1.1187803221809993,-2.658634979547228,-0.8488015569190536
1160,1.1187803221341002,-2.6586349790984176,-0.8488015569191507
1161,1.1187803221814432,-2.65863497954697,-0.8488015569190536
1162,1.1187803221341002,-2.65863497954697,-0.8488015569191507
1163,1.1187803221809993,-2.65863497954697,-0.8488015569190536
1164,0.6175397800038763,-2.1252987832339816,0.7072700614151461
1165,0.6175397800031366,-2.1252987832337236,0.7072700614151461
1166,0.6175397800037283,-2.1252987832339816,0.7072700614151461
1167,0.6175397800035805,-2.1252987836822754,0.707270061415049
1168,0.6175397800501836,-2.1252987832337236,0.7072700614151461
1169,0.6175397800037283,-2.1252987832339816,0.7072700614151461
1170,0.6175397800034325,-2.1252987832339816,0.7072700614151461
1171,0.6175397800038763,-2.1252987832337236,0.7072700614151461
1172,0.26864626941588904,-2.622553038118905,0.39117394443587855
1173,0.26864626941618497,-2.6225530381186464,0.39117394443587855
1174,0.26864626946278813,-2.622553037670611,0.3911739444357814
1175,0.2686462694163329,-2.622553038118905,0.39117394443587855
1176,0.268646269416037,-2.622553038119163,0.39117394443587855
1177,-0.5883271562064286,-3.144921144070467,-0.453820098005012
1178,-0.5883271562534756,-3.1449211440709837,-0.453820098005012
1179,-0.5883271562064286,-3.1449211445190195,-0.453820098005012
1180,-0.5883271562064286,-3.1449211440707256,-0.453820098005012
1181,-0.5883271562064286,-3.1449211440707256,-0.453820098005012
1182,-0.5883271562531798,-3.1449211440707256,-0.45382009800510914
1183,-0.5883271562065765,-3.144921144070467,-0.453820098005012
1184,-0.5883271562064286,-3.1449211440707256,-0.453820098005012
1185,-0.5883271562068725,-3.144921144519278,-0.453820098005012
1186,-0.5883271562528839,-3.1449211440707256,-0.453820098005012
1187,-0.5883271562067245,-3.1449211440709837,-0.453820098005012
1188,0.7952779835254964,-4.201137974026947,-0.01889669380750623
1189,0.8479411548941148,-4.264281371302431,-3.4361520125022498
1190,2.691152154206282,-3.6328473972081383,-0.01889669380750623
1191,2.691152154206282,-3.632847396759586,-0.01889669380750623
1192,1.765158056943988,-2.3120980006201814,-0.01889669380750623
1193,1.76515805694384,-2.3120980006204395,-0.01889669380750623
1194,1.765158056943988,-2.31209800106925,-0.01889669380750623
1195,1.7651580569441359,-2.3120980006204395,-0.01889669380750623
1196,1.765158056943988,-2.3120980006204395,-0.01889669380750623
1197,1.76515805694384,-2.312098000620698,-0.01889669380750623
1198,1.765158056943988,-2.3120980006204395,-0.01889669380750623
1199,1.765158056943988,-2.3120980006201814,-0.01889669380750623
1200,1.765158056943988,-2.3120980006204395,-0.01889669380750623
1201,1.76515805694384,-2.31209800106925,-0.01889669380750623
1202,1.76515805694384,-2.3120980006204395,-0.01889669380750623
1203,1.7651580569442837,-2.3120980006204395,-0.01889669380750623
1204,1.4330875038781097,-1.9841031308451744,0.8164323840956381
1205,1.4330875039254527,-1.9841031303958476,0.8164323840956381
1206,1.4330875038784057,-1.984103130844658,0.8164323840956381
1207,1.4330875039251567,-1.9841031308449162,0.8164323840956381
1208,1.4330875038784057,-1.9841031303955894,0.8164323840957353
1209,1.4330875039251567,-1.9841031308449162,0.8164323840956381
1210,1.4330875038785535,-1.984103130844658,0.8164323840956381
1211,1.4330875039253046,-1.9841031303961059,0.8164323840956381
1212,1.4330875038782576,-1.9841031308449162,0.8164323840956381
1213,-0.09999593044613016,-1.8648322690263848,2.7149075611483275
1214,-0.20532227323085783,-1.6312016984814475,0.4936916039967247
1215,-0.20532227327746103,-1.6312016980331536,0.4936916039967247
1216,-0.20532227323070987,-1.6312016984814475,0.49369160399662754
1217,-0.205322273277609,-1.6312016984814475,0.4936916039967247
1218,-0.20532227323070987,-1.6312016984814475,0.4936916039967247
1219,-0.20532227323056193,-1.6312016980331536,0.4936916039967247
1220,-0.205322273277609,-1.6312016984817057,0.4936916039967247
1221,-0.20532227323070987,-1.6312016984814475,0.49369160399662754
1222,-0.20532227327746103,-1.6312016980328954,0.4936916039967247
1223,-0.20532227323070987,-1.6312016984814475,0.4936916039967247
1224,-0.2920616143747231,-1.7199738865153542,0.10171231744053097
1225,-0.29206161442177014,-1.7199738865153542,0.10171231744053097
1226,-0.2920616143747231,-1.7199738865153542,0.10171231744053097
1227,-0.292061614375019,-1.7199738865148377,0.10171231744053097
1228,-0.29206161442147427,-1.7199738865153542,0.1017123174406281
1229,-0.29206161437487105,-1.7199738865153542,0.10171231744053097
1230,-0.2920616143747231,-1.7199738865153542,0.10171231744053097
1231,-0.29206161442147427,-1.719973886515096,0.10171231744053097
1232,-0.292061614375019,-1.7199738869639063,0.10171231744053097
1233,-0.29206161442147427,-1.7199738865153542,0.10171231744053097
1234,-0.29206161437487105,-1.7199738865153542,0.10171231744053097
1235,-0.2920616143747231,-1.7199738865153542,0.10171231744053097
1236,-0.29206161442177014,-1.719973886515096,0.1017123174406281
1237,-0.2920616143747231,-1.7199738865153542,0.10171231744053097
1238,-0.2920616143747231,-1.7199738865153542,0.10171231744053097
1239,-0.2920616144216222,-1.7199738865153542,0.10171231744053097
1240,-0.2920616143747231,-1.719973886515096,0.10171231744053097
1241,-0.16670261423022245,-1.6417255980273615,0.39117394443587855
1242,-0.16670261418332336,-1.6417255980273615,0.39117394443587855
1243,-0.16670261422992655,-1.641725597578551,0.39117394443587855
1244,-0.16670261423007451,-1.6417255980276197,0.3911739444357814
1245,-0.1667026141834713,-1.6417255980273615,0.39117394443587855
1246,-0.1667026142297786,-1.6417255980271033,0.39117394443587855
1247,-0.16670261422992655,-1.6417255980276197,0.39117394443587855
1248,-0.1667026141834713,-1.641725597578551,0.39117394443587855
1249,-0.16670261422992655,-1.6417255980276197,0.39117394443587855
1250,-0.16670261423007451,-1.6417255980271033,0.39117394443587855
1251,-0.1667026141831754,-1.6417255980273615,0.39117394443587855
1252,-0.16670261423007451,-1.6417255980276197,0.3911739444357814
1253,-0.16670261422992655,-1.641725597578551,0.39117394443587855
1254,-0.16670261418332336,-1.6417255980271033,0.39117394443587855
1255,-0.16670261423022245,-1.6417255980273615,0.39117394443587855
1256,0.1147077683947612,-1.6608305234671603,-0.07146985255666809
1257,0.1147077683947612,-1.66083052301835,-0.07146985255666809
1258,0.1147077683947612,-1.6608305234671603,-0.07146985255666809
1259,0.11470776834801004,-1.66083052301835,-0.07146985255666809
1260,0.11470776839461325,-1.6608305234671603,-0.07146985255666809
1261,0.1147077683947612,-1.6608305234674186,-0.07146985255666809
1262,0.1147077683947612,-1.66083052301835,-0.07146985255657096
1263,0.1147077683947612,-1.660830523466902,-0.07146985255666809
1264,0.1147077683947612,-1.6608305234671603,-0.07146985255666809
1265,0.11470776834771415,-1.6608305230186082,-0.07146985255666809
1266,0.1147077683947612,-1.6608305234671603,-0.07146985255666809
1267,0.11470776839505709,-1.66083052301835,-0.07146985255666809
1268,0.11470776839461325,-1.6608305234671603,-0.07146985255666809
1269,0.3410581301067701,-1.6319909906782597,0.3655445295456913
1270,0.3410581301067701,-1.631990991126812,0.36554452954559413
1271,0.34105813010647423,-1.631990990678518,0.3655445295456913
1272,0.34105813010691804,-1.631990991126812,0.36554452954559413
1273,0.34105813015352127,-1.6319909906782597,0.3655445295456913
1274,0.34105813010647423,-1.631990990678518,0.3655445295456913
1275,0.34105813010691804,-1.631990991126812,0.36554452954559413
1276,0.3410581301067701,-1.6319909906782597,0.3655445295456913
1277,0.34105813010647423,-1.6319909906782597,0.3655445295456913
1278,0.34105813010691804,-1.6319909911270702,0.36554452954559413
1279,0.3410581301067701,-1.6319909906782597,0.3655445295456913
1280,0.3410581301532254,-1.6319909906782597,0.3655445295456913
1281,0.3410581301067701,-1.631990991126812,0.36554452954559413
1282,0.34105813010691804,-1.631990990678518,0.3655445295456913
1283,0.34105813010647423,-1.631990991126812,0.36554452954559413
1284,0.3410581301067701,-1.6319909906782597,0.3655445295456913
1285,0.33635606124970485,-1.6754020767534485,0.10314813900299258
1286,0.33635606120280576,-1.6754020763048962,0.1031481390030897
1287,0.33635606124970485,-1.6754020767531903,0.10314813900299258
1288,0.33635606124926104,-1.6754020763048962,0.10314813900299258
1289,0.33635606124970485,-1.6754020767534485,0.10314813900299258
1290,0.33635606120280576,-1.675402076304638,0.1031481390030897
1291,0.3363560612495569,-1.6754020767534485,0.10314813900299258
1292,0.336356061249409,-1.6754020767534485,0.10314813900299258
1293,0.33635606120280576,-1.675402076304638,0.1031481390030897
1294,0.3363560612495569,-1.6754020767534485,0.10314813900299258
1295,0.33635606124970485,-1.675402076304638,0.10314813900299258
1296,0.3363560612495569,-1.6754020767534485,0.10314813900299258
1297,0.3363560612026578,-1.675402076304638,0.1031481390030897
1298,0.336356061249409,-1.6754020767534485,0.10314813900299258
1299,-0.11880420592173405,-1.5626460096786718,-0.16535049318014367
1300,-0.1188042059684852,-1.5626460096781554,-0.16535049318014367
1301,-0.11880420592173405,-1.5626460096786718,-0.16535049318014367
1302,-0.118804205921882,-1.5626460101267075,-0.16535049318014367
1303,-0.118804205921882,-1.56264600967893,-0.16535049318014367
1304,-0.1188042059684852,-1.5626460096781554,-0.16535049318014367
1305,-0.118804205921882,-1.5626460096786718,-0.16535049318014367
1306,-0.1188042059215861,-1.5626460096784136,-0.16535049318004652
1307,-0.11880420596863316,-1.5626460096786718,-0.16535049318014367
1308,-0.11880420592173405,-1.5626460096784136,-0.16535049318014367
1309,-0.118804205921882,-1.5626460101269657,-0.16535049318014367
1310,-0.118804205921882,-1.5626460096784136,-0.16535049318014367
1311,-0.11880420596863316,-1.5626460096786718,-0.16535049318014367
1312,-0.1188042059215861,-1.5626460096781554,-0.16535049318014367
1313,-0.7214213530288967,-1.460714525211477,-0.49731243842482087
1314,-0.7214213530754998,-1.460714525211477,-0.4973124384247237
1315,-0.7214213530287487,-1.4607145256602876,-0.49731243842482087
1316,-0.7214213530753519,-1.4607145252112188,-0.4973124384247237
1317,-0.7214213530288967,-1.4607145252112188,-0.49731243842482087
1318,-0.5589178527220696,-1.5400947961740576,0.5425095371209048
1319,-0.5589178526754663,-1.5400947966223515,0.5425095371209048
1320,-0.5589178527219216,-1.5400947961735412,0.5425095371209048
1321,-0.5589178526754663,-1.5400947961737994,0.5425095371210019
1322,-0.5589178527219216,-1.5400947966223515,0.5425095371209048
1323,-0.5589178526751705,-1.5400947961737994,0.5425095371209048
1324,-0.5589178527222175,-1.5400947966226097,0.5425095371209048
1325,-0.5589178527223655,-1.5400947961735412,0.5425095371209048
1326,-0.5589178526751705,-1.5400947961737994,0.5425095371209048
1327,-0.5589178527220696,-1.5400947966223515,0.5425095371209048
1328,-0.5589178526753185,-1.5400947961737994,0.5425095371210019
1329,-0.5589178527222175,-1.5400947961737994,0.5425095371209048
1330,-0.5589178526751705,-1.5400947966223515,0.5425095371209048
1331,-0.5589178527222175,-1.5400947961737994,0.5425095371209048
1332,-0.6178504492961218,-1.6964498758450182,-0.07585094911903349
1333,-0.6178504492493706,-1.6964498758450182,-0.07585094911913061
1334,-0.6178504492964176,-1.6964498753962076,-0.07585094911913061
1335,-0.6178504492959738,-1.6964498758450182,-0.07585094911903349
1336,-0.6178504492495185,-1.6964498758450182,-0.07585094911903349
1337,-0.6178504492962696,-1.6964498758450182,-0.07585094911913061
1338,-0.13861558944676552,-1.7511741536626746,0.23170202956340796
1339,-0.13861558949366462,-1.7511741532138643,0.2317020295635051
1340,-0.13861558944720936,-1.7511741536626746,0.23170202956340796
1341,-0.13861558949381259,-1.7511741532141225,0.23170202956340796
1342,-0.13861558944706143,-1.7511741536626746,0.2317020295635051
1343,-0.13861558944691346,-1.7511741536626746,0.23170202956340796
1344,-0.13861558949381259,-1.7511741532138643,0.23170202956340796
1345,-0.13861558944676552,-1.7511741536626746,0.2317020295635051
1346,-0.13861558949366462,-1.7511741532138643,0.23170202956340796
1347,-0.13861558944706143,-1.7511741536626746,0.23170202956340796
1348,-0.13861558944706143,-1.7511741536626746,0.2317020295635051
1349,-0.13861558949366462,-1.7511741532138643,0.23170202956340796
1350,-0.13861558944706143,-1.7511741536626746,0.23170202956340796
1351,-0.13861558949366462,-1.7511741532141225,0.2317020295635051
1352,-0.13861558944706143,-1.7511741536624164,0.23170202956340796
1353,-0.281391298624477,-1.9279756663013516,-0.1707747079717408
1354,-0.2813912986241811,-1.9279756663013516,-0.1707747079717408
1355,-0.28139129857787376,-1.9279756663013516,-0.17077470797164368
1356,-0.2813912986241811,-1.9279756663016099,-0.1707747079717408
1357,-0.281391298624477,-1.9279756663013516,-0.1707747079717408
1358,-0.28139129862432904,-1.9279756663010934,-0.1707747079717408
1359,-0.2813912985777258,-1.9279756663013516,-0.17077470797164368
1360,-0.2813912986241811,-1.9279756663013516,-0.1707747079717408
1361,-0.2813912986247729,-1.9279756663013516,-0.1707747079717408
1362,-0.5871302659585551,-1.8911420178911695,0.06653468915988178
1363,-0.5871302659587031,-1.891142017890653,0.06653468915988178
1364,-0.5871302659587031,-1.8911420178914278,0.06653468915988178
1365,-0.587130265958851,-1.8911420174423592,0.06653468915978467
1366,-0.5871302659585551,-1.8911420178909113,0.06653468915988178
1367,-0.587130265958851,-1.8911420178909113,0.06653468915988178
1368,-0.5871302659585551,-1.8911420178911695,0.06653468915988178
1369,-0.587130265958999,-1.8911420178909113,0.06653468915988178
1370,-0.5871302659585551,-1.8911420174423592,0.06653468915978467
1371,-0.587130265958999,-1.8911420178909113,0.06653468915988178
1372,-0.5871302659584071,-1.8911420178914278,0.06653468915988178
1373,-0.587130265958851,-1.891142017890653,0.06653468915988178
1374,-0.9484581364617012,-1.850800402666476,-0.43656123275912706
1375,-0.9484581364619971,-1.8508004026662177,-0.4365612327590299
1376,-0.9484581364148021,-1.850800403115028,-0.43656123275912706
1377,-0.9484581364618492,-1.850800402666476,-0.4365612327590299
1378,-0.9484581364619971,-1.850800402666476,-0.43656123275912706
1379,-0.9484581364615533,-1.8508004026662177,-0.4365612327590299
1380,-0.94845813641495,-1.8508004031147698,-0.43656123275912706
1381,-0.9484581364619971,-1.850800402666476,-0.4365612327590299
1382,-0.9484581364615533,-1.8508004026662177,-0.43656123275912706
1383,-0.5555323631189795,-1.9848047242078701,0.32282883806194873
1384,-0.5555323631185357,-1.9848047237588016,0.32282883806194873
1385,-0.5555323631188316,-1.984804724207612,0.3228288380620458
1386,-0.5555323631188316,-1.9848047237590598,0.32282883806194873
1387,-0.5555323630717846,-1.984804724207612,0.32282883806194873
1388,-0.5555323631188316,-1.9848047237588016,0.32282883806194873
1389,-0.5555323631186836,-1.984804724207612,0.32282883806194873
1390,-0.5555323631186836,-1.9848047237588016,0.3228288380620458
1391,-0.5555323631189795,-1.984804724207612,0.32282883806194873
1392,-0.5555323631182398,-1.984804724207612,0.32282883806194873
1393,-0.5555323631191275,-1.9848047237590598,0.32282883806194873
1394,-0.5555323631185357,-1.9848047242078701,0.32282883806194873
1395,-0.5555323631188316,-1.9848047237585433,0.3228288380620458
1396,-0.5555323631185357,-1.984804724207612,0.32282883806194873
1397,-0.5555323631189795,-1.9848047237588016,0.32282883806194873
1398,-0.5555323630717846,-1.9848047242078701,0.32282883806194873
1399,-0.5555323631188316,-1.9848047237588016,0.32282883806194873
1400,-0.5555323631185357,-1.9848047242078701,0.3228288380620458
1401,-0.5555323631188316,-1.9848047237588016,0.32282883806194873
1402,-0.5555323631186836,-1.984804724207612,0.32282883806194873
1403,-0.2290207003606135,-1.785903021984253,0.16905234872072797
1404,-0.2290207004078085,-1.785903021984253,0.16905234872072797
1405,-0.22902070036046554,-1.7859030224330636,0.16905234872063085
1406,-0.2290207004078085,-1.785903021984253,0.16905234872072797
1407,-0.2290207003606135,-1.7859030219845113,0.16905234872072797
1408,-0.2290207004075126,-1.785903021984253,0.16905234872063085
1409,-0.2290207003606135,-1.7859030219845113,0.16905234872072797
1410,-0.22902070040736466,-1.7859030224328054,0.16905234872072797
1411,-0.22902070036090938,-1.7859030219845113,0.16905234872072797
1412,-0.22902070040736466,-1.7859030219839949,0.16905234872072797
1413,-0.22902070036076144,-1.7859030219845113,0.16905234872063085
1414,-0.22902070036090938,-1.7859030219845113,0.16905234872072797
1415,-0.22902070040736466,-1.7859030224328054,0.16905234872072797
1416,-0.22902070036076144,-1.785903021984253,0.16905234872063085
1417,-0.22902070040766054,-1.7859030219845113,0.16905234872072797
1418,-0.2290207003603176,-1.7859030219839949,0.16905234872072797
1419,-0.2290207004078085,-1.7859030219845113,0.16905234872072797
1420,-0.2290207003606135,-1.7859030224328054,0.16905234872072797
1421,-0.2290207004075126,-1.7859030219845113,0.16905234872063085
1422,-0.2290207003606135,-1.7859030219845113,0.16905234872072797
1423,-0.20532227323070987,-1.8016888713028658,0.5068348936840151
1424,-0.2053222732773131,-1.801688871751418,0.5068348936840151
1425,-0.2053222732311537,-1.8016888713033823,0.506834893683918
1426,-0.20532227323070987,-1.8016888713028658,0.5068348936840151
1427,-0.2053222732773131,-1.8016888717516761,0.5068348936840151
1428,-0.20532227323085783,-1.801688871303124,0.5068348936840151
1429,-0.20532227323070987,-1.801688871303124,0.506834893683918
1430,-0.20532227323056193,-1.8016888713028658,0.5068348936840151
1431,-0.205322273277609,-1.8016888717519344,0.5068348936840151
1432,-0.20532227323070987,-1.8016888713028658,0.5068348936840151
1433,-0.20532227323085783,-1.8016888713028658,0.506834893683918
1434,-0.2053222732773131,-1.8016888717521926,0.5068348936840151
1435,-0.20532227323070987,-1.8016888713026076,0.5068348936840151
1436,-0.39746109152503134,-1.8940706594930021,0.0034423643475908023
1437,-0.3974610914782802,-1.894070659492744,0.0034423643475908023
1438,-0.39746109152503134,-1.8940706594930021,0.0034423643475908023
1439,-0.39746109152503134,-1.894070659492744,0.0034423643475908023
1440,-0.3974610914784281,-1.894070659492744,0.0034423643475908023
1441,-0.3974610915248834,-1.8940706594930021,0.0034423643475908023
1442,-0.39746109152503134,-1.894070659492744,0.0034423643475908023
1443,-0.3974610914782802,-1.8940706594930021,0.0034423643475908023
1444,-0.39746109152503134,-1.894070659492744,0.0034423643475908023
1445,-0.39746109152503134,-1.8940706594930021,0.0034423643475908023
1446,-0.3974610914782802,-1.894070659492744,0.0034423643475908023
1447,-0.39746109152503134,-1.8940706599412962,0.0034423643475908023
1448,-0.3974610915247354,-1.894070659492744,0.0034423643475908023
1449,-0.3974610914782802,-1.8940706594930021,0.0034423643475908023
1450,-0.39746109152503134,-1.894070659492744,0.0034423643475908023
1451,-0.603245305745156,-1.8485085494097053,0.03953301943924347
1452,-0.6902764816617513,-1.8292392198380614,0.054796639939003716
1453,-0.6902764816620471,-1.8292392193892508,0.05479663993910084
1454,-0.6902764816617513,-1.8292392193892508,0.054796639939003716
1455,-0.6902764816617513,-1.829239219389509,0.05479663993910084
1456,-0.690276481615296,-1.829239219389509,0.054796639939003716
1457,-0.6902764816617513,-1.829239219389509,0.054796639939003716
1458,-0.6902764816620471,-1.8292392198378031,0.05479663993910084
1459,-0.6902764816617513,-1.829239219389509,0.054796639939003716
1460,-0.6902764816620471,-1.8292392193892508,0.05479663993910084
1461,-0.6902764816618991,-1.829239219389509,0.054796639939003716
1462,-0.690276481615148,-1.829239219389509,0.05479663993910084
1463,-0.6902764816617513,-1.829239219389509,0.054796639939003716
1464,-0.6902764816620471,-1.8292392198378031,0.054796639939003716
1465,-0.6902764816617513,-1.829239219389509,0.05479663993910084
1466,-0.6902764816620471,-1.8292392193892508,0.054796639939003716
1467,-0.6902764816617513,-1.829239219389509,0.05479663993910084
1468,-0.6902764816150001,-1.829239219389509,0.054796639939003716
1469,-0.68351306623263,-1.8311018621665638,0.08955791983331235
1470,-0.6464322224681387,-1.8413139146232766,0.2801387888709286
1471,-0.6464322224207957,-1.8413139141747246,0.2801387888709286
1472,-0.6464322224210916,-1.8413139146235349,0.2801387888709286
1473,-0.6464322224681387,-1.8413139146230184,0.2801387888709286
1474,-0.6464322224210916,-1.8413139146230184,0.2801387888709286
1475,-0.6464322224212395,-1.8413139146232766,0.28013878887083143
1476,-0.6464322224678427,-1.8413139146232766,0.2801387888709286
1477,-0.6464322224212395,-1.8413139141744663,0.2801387888709286
1478,-0.6464322224679907,-1.8413139146230184,0.2801387888709286
1479,-0.6464322224210916,-1.8413139146235349,0.2801387888709286
1480,-0.6464322224210916,-1.8413139146232766,0.2801387888709286
1481,-0.6464322224681387,-1.8413139146235349,0.2801387888709286
1482,-0.6464322224210916,-1.841313914174208,0.2801387888709286
1483,-0.6464322224210916,-1.8413139146232766,0.2801387888709286
1484,-0.6464322224681387,-1.8413139146232766,0.2801387888709286
1485,-0.6582730324230985,-1.837965764832229,0.18984721072948801
1486,-0.7225143262812243,-1.8198006662687873,-0.3000219630402496
1487,-0.7225143263278274,-1.8198006667175977,-0.30002196304034673
1488,-0.7225143262813721,-1.819800666268529,-0.3000219630402496
1489,-0.7225143263278274,-1.8198006667173394,-0.30002196304034673
1490,-0.7225143262810763,-1.8198006662687873,-0.3000219630402496
1491,-0.7225143262812243,-1.8198006667173394,-0.30002196304034673
1492,-0.7225143263278274,-1.8198006662687873,-0.3000219630402496
1493,-0.7225143262813721,-1.8198006667170812,-0.30002196304034673
1494,-0.7225143263279754,-1.8198006662687873,-0.3000219630402496
1495,-0.7225143262813721,-1.8198006667175977,-0.30002196304034673
1496,-0.7225143263275315,-1.819800666268529,-0.3000219630402496
1497,-0.7225143262813721,-1.8198006667173394,-0.30002196304034673
1498,-0.6652473035562249,-1.8185271106662966,0.41395564656048944
1499,-0.6652473035560769,-1.8185271106660386,0.41395564656048944
1500,-0.6652473035096217,-1.8185271111148489,0.41395564656048944
1501,-0.665247303555929,-1.8185271106657803,0.41395564656048944
1502,-0.6652473035565207,-1.8185271106660386,0.41395564656048944
1503,-0.665247303555781,-1.8185271106660386,0.41395564656048944
1504,-0.6652473035566687,-1.8185271106660386,0.41395564656048944
1505,-0.6652473035090298,-1.8185271111145906,0.41395564656048944
1506,-0.6652473035563728,-1.8185271106660386,0.41395564656048944
1507,-0.6652473035560769,-1.8185271106660386,0.41395564656048944
1508,-0.6652473035563728,-1.8185271106662966,0.41395564656048944
1509,-0.6652473035560769,-1.8185271106660386,0.41395564656048944
1510,-0.6652473035094737,-1.8185271111143324,0.41395564656048944
1511,-0.6652473035560769,-1.8185271106665548,0.41395564656048944
1512,-0.6652473035563728,-1.8185271106657803,0.41395564656048944
1513,-0.8899435015399705,-1.719116736163761,0.05996304431623655
1514,-0.8899435015865738,-1.7191167366123132,0.05996304431623655
1515,-0.8899435015401185,-1.7191167361632445,0.05996304431623655
1516,-0.8899435015399705,-1.7191167366125715,0.05996304431613943
1517,-0.8899435015865738,-1.719116736163761,0.05996304431623655
1518,-0.8899435015399705,-1.7191167361632445,0.05996304431623655
1519,-0.8899435015399705,-1.7191167366123132,0.05996304431623655
1520,-0.8899435015399705,-1.719116736163761,0.05996304431623655
1521,-0.8899435015870175,-1.7191167361632445,0.05996304431623655
1522,-0.8899435015399705,-1.7191167366125715,0.05996304431613943
1523,-0.8899435015398226,-1.719116736163761,0.05996304431623655
1524,-0.8899435015868696,-1.719116736612055,0.05996304431623655
1525,-0.8899435015399705,-1.719116736163761,0.05996304431623655
1526,-0.7967701982912632,-1.889118191020595,0.1388227824399793
1527,-0.7967701982912632,-1.8891181910208532,0.1388227824398822
1528,-0.7967701982915592,-1.889118191020595,0.1388227824399793
1529,-0.7967701982914112,-1.889118191020595,0.1388227824398822
1530,-0.7967701982911153,-1.8891181910211114,0.1388227824399793
1531,-0.796770198291707,-1.889118191020595,0.1388227824399793
1532,-0.7967701983383103,-1.8891181905723011,0.1388227824398822
1533,-0.7967701982912632,-1.889118191020595,0.1388227824399793
1534,-0.7967701982912632,-1.889118191020595,0.1388227824399793
1535,-0.7967701982914112,-1.8891181910211114,0.1388227824398822
1536,-0.7967701982915592,-1.8891181910211114,0.1388227824399793
1537,-0.7967701982915592,-1.889118191020595,0.1388227824398822
1538,-0.7967701982912632,-1.8891181910208532,0.1388227824399793
1539,-0.5552517278416772,-1.9555440007510807,0.4570452000339821
1540,-0.555251727842121,-1.9555440007515972,0.45704520003388494
1541,-0.5552517277953698,-1.9555440007515972,0.4570452000339821
1542,-0.5552517278418251,-1.9555440007510807,0.4570452000339821
1543,-0.555251727842269,-1.9555440007515972,0.45704520003388494
1544,-0.5552517278419731,-1.9555440007518554,0.4570452000339821
1545,-0.5552517278418251,-1.9555440007510807,0.4570452000339821
1546,-0.5552517278419731,-1.9555440012004077,0.45704520003388494
1547,-0.5552517277955178,-1.955544000751339,0.4570452000339821
1548,-0.5552517278418251,-1.9555440007515972,0.4570452000339821
1549,-0.7258100813692483,-1.9124308227711948,0.005841813950562206
1550,-0.7351614277462615,-1.9100670204697905,-0.01889669380750623
1551,-0.7351614277464095,-1.9100670204700487,-0.01889669380750623
1552,-0.7351614276992144,-1.9100670204700487,-0.01889669380750623
1553,-0.7351614277464095,-1.9100670204697905,-0.01889669380750623
1554,-0.7351614277461136,-1.9100670204697905,-0.01889669380750623
1555,-0.7351614277461136,-1.9100670204703067,-0.01889669380750623
1556,-0.7351614277462615,-1.9100670204700487,-0.01889669380750623
1557,-0.7351614277461136,-1.9100670204697905,-0.01889669380750623
1558,-0.7351614276996583,-1.9100670204700487,-0.01889669380750623
1559,-0.7351614277462615,-1.9100670204700487,-0.01889669380750623
1560,-0.7351614277462615,-1.9100670204697905,-0.01889669380750623
1561,-0.686814126133209,-1.9054244527967377,0.22519297181358852
1562,-0.686814126133209,-1.9054244532452898,0.2251929718134914
1563,-0.6868141260864579,-1.9054244527967377,0.22519297181358852
1564,-0.686814126133209,-1.9054244527962212,0.2251929718134914
1565,-0.686814126133209,-1.905424453245548,0.22519297181358852
1566,-0.686814126133209,-1.9054244527964794,0.2251929718134914
1567,-0.6868141260864579,-1.9054244527967377,0.22519297181358852
1568,-0.686814126133209,-1.9054244532450315,0.22519297181358852
1569,-0.686814126133209,-1.905424452796996,0.2251929718134914
1570,-0.686814126133209,-1.9054244532450315,0.22519297181358852
1571,-0.686814126133209,-1.9054244527967377,0.2251929718134914
1572,-0.6868141260867539,-1.9054244527964794,0.22519297181358852
1573,-0.686814126133209,-1.9054244532452898,0.2251929718134914
1574,-0.686814126133209,-1.9054244527964794,0.22519297181358852
1575,-0.7846171587089356,-1.9279756663013516,-0.01889669380750623
1576,-0.2579854446460794,-2.0542624608512856,-0.01889669380750623
1577,-0.8899435015868696,-1.927975666749904,-0.01889669380750623
1578,-0.7846171587089356,-2.1805492558492547,-0.01889669380750623
1579,-0.2053222732773131,-1.9911190635760603,-0.01889669380750623
1580,-0.46863813026198997,-1.3596850894820263,-0.01889669380750623
1581,-1.521901558480021,-1.9911190640246126,-0.3606222256769612
1582,-0.9952698443714493,-2.24369265312448,-0.3606222256769612
1583,-0.6792908159242078,-1.5491152817547045,-0.7023477575465132
1584,-1.1005961871555852,-1.4228284867572514,0.6645543699315007
1585,-0.5915188635652093,-1.7069737753906737,0.13298132035672833
1586,-0.5915188635649135,-1.7069737753906737,0.1329813203566312
1587,-0.5915188636119605,-1.7069737749423797,0.13298132035672833
1588,-0.5915188635649135,-1.7069737753906737,0.13298132035672833
1589,-0.5915188635649135,-1.706973775390932,0.13298132035672833
1590,-0.5915188635649135,-1.7069737753906737,0.1329813203566312
1591,-0.5915188636118125,-1.7069737749418634,0.13298132035672833
1592,-0.5915188635650613,-1.7069737753911902,0.13298132035672833
1593,-0.5915188635650613,-1.7069737753906737,0.1329813203566312
1594,-0.5915188635652093,-1.7069737753906737,0.13298132035672833
1595,-0.5915188635647655,-1.706973775390932,0.13298132035672833
1596,-0.5915188636118125,-1.7069737749423797,0.13298132035672833
1597,-0.5915188635649135,-1.7069737753906737,0.1329813203566312
1598,-0.5915188635650613,-1.7069737753906737,0.13298132035672833
1599,-0.5915188635650613,-1.7069737753906737,0.13298132035672833
1600,-0.5915188636118125,-1.7069737749423797,0.13298132035672833
1601,-0.5915188635649135,-1.7069737753906737,0.1329813203566312
1602,-0.5915188635650613,-1.7069737753906737,0.13298132035672833
1603,-0.5058121336360335,-1.2482555644044337,0.10171231744053097
1604,-0.5058121336363294,-1.2482555644044337,0.10171231744053097
1605,-0.5058121336360335,-1.2482555648527278,0.10171231744053097
1606,-0.5058121336360335,-1.2482555644044337,0.10171231744053097
1607,-0.5058121336364774,-1.2482555644044337,0.1017123174406281
1608,-0.5058121336360335,-1.2482555644041755,0.10171231744053097
1609,-0.5058121336360335,-1.2482555648527278,0.10171231744053097
1610,-0.5058121336361814,-1.248255564404692,0.10171231744053097
1611,-0.5058121336360335,-1.2482555644041755,0.10171231744053097
1612,-0.5058121336361814,-1.2482555644044337,0.10171231744053097
1613,-0.5058121336360335,-1.2482555648527278,0.10171231744053097
1614,-0.5058121336361814,-1.2482555644044337,0.10171231744053097
1615,-0.5058121336363294,-1.2482555644041755,0.1017123174406281
1616,-0.5058121336361814,-1.2482555644044337,0.10171231744053097
1617,-0.5058121336358855,-1.2482555648527278,0.10171231744053097
1618,-0.5058121336361814,-1.2482555644044337,0.10171231744053097
1619,-0.5058121336360335,-1.2482555644044337,0.10171231744053097
1620,-0.5805473695494615,-1.4465072607345246,0.32282883806194873
1621,-0.5805473695027104,-1.4465072611838516,0.32282883806194873
1622,-0.5805473695490176,-1.4465072607347829,0.3228288380620458
1623,-0.5805473695027104,-1.446507260735041,0.32282883806194873
1624,-0.5805473695494615,-1.446507261183077,0.32282883806194873
1625,-0.5805473695490176,-1.446507260735041,0.3228288380620458
1626,-0.5805473695027104,-1.4465072611835934,0.32282883806194873
1627,-0.5805473695494615,-1.4465072607347829,0.32282883806194873
1628,-0.46863813030888907,-1.4228284867569931,-1.044073289415968
1629,-0.14988735599015113,-1.5790253120900355,0.0350599691192447
1630,-0.14988735594399175,-1.579025312090552,0.0350599691192447
1631,-0.149887355990447,-1.579025312090552,0.0350599691192447
1632,-0.149887355990447,-1.5790253120902937,0.0350599691192447
1633,-0.1498873559438438,-1.5790253120900355,0.035059969119341824
1634,-0.149887355990447,-1.579025312090552,0.0350599691192447
1635,-0.1498873559907429,-1.579025312090552,0.0350599691192447
1636,-0.14988735594369584,-1.5790253120902937,0.0350599691192447
1637,-0.149887355990447,-1.579025312090552,0.0350599691192447
1638,-0.14988735599059497,-1.5790253116417414,0.0350599691192447
1639,-0.149887355990447,-1.5790253120902937,0.0350599691192447
1640,-0.14988735594369584,-1.579025312090552,0.0350599691192447
1641,-0.149887355990447,-1.579025312090552,0.0350599691192447
1642,-0.1498873559907429,-1.5790253120900355,0.0350599691192447
1643,-0.1498873559438438,-1.5790253120902937,0.035059969119341824
1644,-0.14988735599029906,-1.579025312090552,0.0350599691192447
1645,-0.14988735599059497,-1.579025312090552,0.0350599691192447
1646,-0.14988735594369584,-1.5790253120900355,0.0350599691192447
1647,-0.1498873559907429,-1.579025312090552,0.0350599691192447
1648,-0.006372514580622493,-0.4107801447090561,0.07602706504510395
1649,-0.006372514627373651,-0.4107801447095726,0.07602706504510395
1650,-0.006372514580622493,-0.41078014426024567,0.07602706504520107
1651,-0.00637251458077044,-0.41078014470931434,0.07602706504510395
1652,-0.006372514627817492,-0.4107801447090561,0.07602706504510395
1653,-0.0063725145809183864,-0.41078014470931434,0.07602706504510395
1654,-0.006372514580622493,-0.4107801447095726,0.07602706504520107
1655,-0.006372514580622493,-0.41078014426024567,0.07602706504510395
1656,-0.006372514627521598,-0.4107801447090561,0.07602706504510395
1657,-0.006372514580622493,-0.41078014470931434,0.07602706504510395
1658,-0.0063725145809183864,-0.41078014470931434,0.07602706504510395
1659,-0.006372514627373651,-0.4107801447090561,0.07602706504520107
1660,-0.006372514581066333,-0.41078014426024567,0.07602706504510395
1661,-0.006372514580622493,-0.41078014470931434,0.07602706504510395
1662,-0.006372514627521598,-0.4107801447095726,0.07602706504510395
1663,-0.006372514580622493,-0.4107801447090561,0.07602706504520107
1664,-0.006372514580622493,-0.41078014470879787,0.07602706504510395
1665,-0.006372514627669545,-0.41078014426076215,0.07602706504510395
1666,-0.006372514580622493,-0.41078014470931434,0.07602706504510395
1667,-0.00637251458077044,-0.4107801447090561,0.07602706504510395
1668,-0.00637251458077044,-0.4107801447090561,0.07602706504520107
1669,-0.006372514627669545,-0.41078014470931434,0.07602706504510395
1670,-0.006372514580622493,-0.4107801447090561,0.07602706504510395
1671,-0.00637251458077044,-0.41078014426076215,0.07602706504510395
1672,-0.006372514627669545,-0.41078014470931434,0.07602706504520107
1673,-0.006372514580622493,-0.4107801447090561,0.07602706504510395
1674,-0.0063725145809183864,-0.4107801447090561,0.07602706504510395
1675,-0.006372514627373651,-0.41078014470931434,0.07602706504510395
1676,-0.006372514580622493,-0.41078014426076215,0.07602706504510395
1677,-0.0063725145809183864,-0.4107801447090561,0.07602706504520107
1678,-0.006372514580622493,-0.41078014470879787,0.07602706504510395
1679,-0.006372514627669545,-0.4107801447095726,0.07602706504510395
1680,-0.006372514580622493,-0.4107801447090561,0.07602706504510395
1681,-0.0063725145809183864,-0.4107801442605039,0.07602706504520107
1682,-0.006372514627373651,-0.4107801447090561,0.07602706504510395
1683,-0.00637251458077044,-0.41078014470931434,0.07602706504510395
1684,-0.04733275903076061,-0.04945959288879361,-0.01889669380750623
1685,-0.04733275898371356,-0.04945959244049967,-0.01889669380750623
1686,-0.0473327590310565,-0.04945959243972497,-0.01889669380750623
1687,-0.047332759030316765,-0.04945959288931008,-0.01889669380750623
1688,-0.05212032006856183,0.006508418943732698,-0.04996265125015746
1689,-0.05212032006856183,0.006508418495438755,-0.049962651250254585
1690,-0.05212032002166272,0.006508418943732698,-0.04996265125015746
1691,-0.05212032006856183,0.006508418495180521,-0.04996265125015746
1692,-0.052120320068413876,0.006508418944249166,-0.04996265125015746
1693,-0.052120320068413876,0.006508418494922287,-0.049962651250254585
1694,-0.05212032006856183,0.006508418943732698,-0.04996265125015746
1695,-0.05212032006856183,0.006508418495180521,-0.04996265125015746
1696,-0.05212032002181067,0.006508418943732698,-0.04996265125015746
1697,-0.05212032006826593,0.006508418494922287,-0.049962651250254585
1698,-0.05212032006856183,0.0065084189439909325,-0.04996265125015746
1699,0.04297566698880073,0.035487899811260305,-0.0026116324611960154
1700,0.04297566698820894,0.035487899811776774,-0.0026116324612931396
1701,0.04297566703510805,0.035487899811260305,-0.0026116324611960154
1702,0.04297566698865278,0.03548789981151854,-0.0026116324612931396
1703,0.042975666988504836,0.035487899811002074,-0.0026116324611960154
1704,0.042975666988504836,0.03548789981151854,-0.0026116324611960154
1705,0.04297566703510805,0.035487899811260305,-0.0026116324612931396
1706,0.042975666988504836,0.03548789981151854,-0.0026116324611960154
1707,0.042975666988504836,0.035487899811260305,-0.0026116324611960154
1708,0.04297566698865278,0.035487899811776774,-0.0026116324612931396
1709,0.0429756670349601,0.035487899810743836,-0.0026116324611960154
1710,0.04297566698865278,0.035487899811776774,-0.0026116324612931396
1711,0.042975666988504836,0.035487899811002074,-0.0026116324611960154
1712,0.042975666988504836,0.035487899811776774,-0.0026116324611960154
1713,0.04297566703510805,0.035487899811260305,-0.0026116324612931396
1714,0.04297566698880073,0.035487899811260305,-0.0026116324611960154
1715,0.04297566698820894,0.03548789981151854,-0.0026116324612931396
1716,0.04297566698835689,0.035487899811260305,-0.0026116324611960154
1717,0.04297566703540394,0.035487899811260305,-0.0026116324611960154
1718,0.042975666988504836,0.03548789981151854,-0.0026116324612931396
1719,0.04253818099818132,0.03487625890565684,-0.002872388863478653
1720,0.01565328345283264,-0.0027109938734558503,-0.01889669380750623
1721,0.01565328345312853,-0.0027109938737140842,-0.01889669380750623
1722,0.01565328340608148,-0.0027109943220080274,-0.01889669380750623
1723,0.015653283452980588,-0.0027109938731976163,-0.01889669380750623
1724,0.015653283452980588,-0.0027109938737140842,-0.01889669380750623
1725,0.01565328345312853,-0.0027109943222662614,-0.01889669380750623
1726,0.01565328345283264,-0.0027109938737140842,-0.01889669380750623
1727,0.015653283452980588,-0.0027109938731976163,-0.01889669380750623
1728,0.015653283452980588,-0.0027109943220080274,-0.01889669380750623
1729,0.01565328345283264,-0.0027109938737140842,-0.01889669380750623
1730,0.01565328345312853,-0.0027109938734558503,-0.01889669380750623
1731,0.015653283452684692,-0.0027109943220080274,-0.01889669380750623
1732,0.01565328345327648,-0.0027109938731976163,-0.01889669380750623
1733,0.01565328345283264,-0.0027109938737140842,-0.01889669380750623
1734,0.01565328345327648,-0.0027109943222662614,-0.01889669380750623
1735,0.01565328345283264,-0.0027109938737140842,-0.01889669380750623
1736,0.01565328340608148,-0.0027109938731976163,-0.01889669380750623
1737,0.015653283452980588,-0.0027109943220080274,-0.01889669380750623
1738,0.01565328345283264,-0.0027109938737140842,-0.01889669380750623
1739,0.01565328345327648,-0.0027109938734558503,-0.01889669380750623
1740,0.01565328345283264,-0.0027109938731976163,-0.01889669380750623
1741,0.01565328345283264,-0.0027109943222662614,-0.01889669380750623
1742,0.01565328345327648,-0.0027109938737140842,-0.01889669380750623
1743,0.01565328345283264,-0.0027109938737140842,-0.01889669380750623
1744,0.015653283452980588,-0.0027109943220080274,-0.01889669380750623
1745,0.015653283452980588,-0.0027109938731976163,-0.01889669380750623
1746,0.01565328345283264,-0.0027109938734558503,-0.01889669380750623
1747,0.01565328345312853,-0.0027109943222662614,-0.01889669380750623
1748,0.015653283452684692,-0.0027109938734558503,-0.01889669380750623
1749,0.01565328345312853,-0.0027109938731976163,-0.01889669380750623
1750,0.01565328340622943,-0.002710994322524495,-0.01889669380750623
1751,0.01565328345312853,-0.0027109938734558503,-0.01889669380750623
1752,0.015653283452980588,-0.0027109938737140842,-0.01889669380750623
1753,0.01565328345283264,-0.0027109943220080274,-0.01889669380750623
1754,0.015653283452980588,-0.0027109938731976163,-0.01889669380750623
1755,0.01565328345283264,-0.0027109938734558503,-0.01889669380750623
1756,0.01565328345312853,-0.002710994322524495,-0.01889669380750623
1757,0.015653283452684692,-0.0027109938731976163,-0.01889669380750623
1758,0.01565328345327648,-0.0027109938737140842,-0.01889669380750623
1759,0.01565328345283264,-0.0027109943220080274,-0.01889669380750623
1760,0.01565328345283264,-0.0027109938734558503,-0.01889669380750623
1761,0.01565328345327648,-0.0027109938737140842,-0.01889669380750623
1762,0.01565328345283264,-0.0027109938731976163,-0.01889669380750623
1763,0.015653283452980588,-0.0027109943220080274,-0.01889669380750623
1764,0.01565328340608148,-0.0027109938734558503,-0.01889669380750623
1765,0.01565328345283264,-0.0027109938737140842,-0.01889669380750623
1766,0.01565328345327648,-0.0027109943220080274,-0.01889669380750623
1767,0.01565328345283264,-0.0027109938737140842,-0.01889669380750623
1768,0.01565328345327648,-0.0027109938734558503,-0.01889669380750623
1769,0.01565328345283264,-0.0027109943220080274,-0.01889669380750623
1770,0.015653283452980588,-0.0027109938737140842,-0.01889669380750623
1771,-0.012223978087131597,-0.16522248789255523,-0.01889669380750623
1772,-0.012223978086983651,-0.16522248789281346,-0.01889669380750623
1773,-0.012223978086983651,-0.16522248789255523,-0.01889669380750623
1774,-0.012223978086835705,-0.16522248789255523,-0.01889669380750623
1775,-0.012223978086687758,-0.16522248789281346,-0.01889669380750623
1776,-0.012223978086983651,-0.16522248834136563,-0.01889669380750623
1777,-0.01222397808742749,-0.16522248789281346,-0.01889669380750623
1778,-0.012223978086835705,-0.16522248789255523,-0.01889669380750623
1779,-0.012223978086835705,-0.16522248789281346,-0.01889669380750623
1780,-0.012223978086835705,-0.16522248789255523,-0.01889669380750623
1781,-0.012223978086983651,-0.16522248789255523,-0.01889669380750623
1782,-0.012223978087131597,-0.16522248789281346,-0.01889669380750623
1783,0.005330412384904826,-0.8229662112999262,-0.01889669380750623
1784,0.005330412384904826,-0.8229662113001844,-0.01889669380750623
1785,-0.0736643447150698,-0.8545379099371514,-0.01889669380750623
1786,-0.07366434471521775,-0.8545379099374096,-0.01889669380750623
1787,0.2897115379918309,-2.205806615118548,-0.01889669380750623
1788,0.289711537991683,-2.2058066151180316,-0.01889669380750623
1789,0.2897115379918309,-2.2058066146692212,-0.01889669380750623
1790,0.289711537991683,-2.2058066151180316,-0.01889669380750623
1791,0.28971153799153504,-2.205806615118548,-0.01889669380750623
1792,-1.8444634833365041,-1.0755398008478294,-0.44605360864434923
1793,-1.8444634833366522,-1.0755398008480876,-0.44605360864434923
1794,-1.8444634833366522,-1.0755398008478294,-0.44605360864434923
1795,-1.8444634833363562,-1.0755398012963815,-0.44605360864434923
1796,-1.844463483289901,-1.0755398008483459,-0.44605360864434923
1797,-1.8444634833366522,-1.0755398008480876,-0.44605360864434923
1798,-1.8444634833365041,-1.0755398008478294,-0.44605360864434923
1799,-1.8444634833368,-1.0755398008480876,-0.44605360864434923
1800,-1.537390726521791,-1.7831172837898046,-0.01889669380750623
1801,-1.537390726521791,-1.7831172842388732,-0.01889669380750623
1802,-1.537390726521643,-1.7831172837900628,-0.01889669380750623
1803,-1.537390726521791,-1.7831172842388732,-0.01889669380750623
1804,-1.53739072647504,-1.7831172837900628,-0.01889669380750623
1805,-1.537390726521643,-1.7831172837898046,-0.01889669380750623
1806,-1.5373907265219389,-1.7831172842388732,-0.01889669380750623
1807,-1.537390726521791,-1.7831172837900628,-0.01889669380750623
1808,-1.537390726521791,-1.7831172842388732,-0.01889669380750623
1809,-1.537390726521643,-1.7831172837898046,-0.01889669380750623
1810,-1.5373907265219389,-1.7831172842388732,-0.01889669380750623
1811,-1.5373907265214952,-1.7831172837900628,-0.01889669380750623
1812,-1.53739072647504,-1.7831172837900628,-0.01889669380750623
1813,-1.5373907265219389,-1.7831172842388732,-0.01889669380750623
1814,-1.537390726521791,-1.7831172837900628,-0.01889669380750623
1815,-1.537390726521791,-1.783117284238615,-0.01889669380750623
1816,-1.5373907265219389,-1.7831172837905793,-0.01889669380750623
1817,-1.5719315712946778,-2.073205480302029,-0.3606222256769612
1818,-1.5719315712948256,-2.0732054803028035,-0.3606222256769612
1819,-1.5719315712949737,-2.073205480751356,-0.36062222567705826
1820,-1.5719315712946778,-2.0732054803025455,-0.3606222256769612
1821,-1.5719315712946778,-2.0732054803028035,-0.3606222256769612
1822,-1.5719315712946778,-2.0732054803025455,-0.3606222256769612
1823,-1.5719315712949737,-2.0732054803025455,-0.3606222256769612
1824,-1.5719315712948256,-2.073205480751356,-0.36062222567705826
1825,-1.5719315712949737,-2.0732054803025455,-0.3606222256769612
1826,-1.5719315712477786,-2.0732054803025455,-0.3606222256769612
1827,-1.5719315712948256,-2.0732054803028035,-0.3606222256769612
1828,-1.5719315712949737,-2.0732054803025455,-0.3606222256769612
1829,-1.5719315712948256,-2.073205480751356,-0.36062222567705826
1830,-1.5719315712948256,-2.0732054803025455,-0.3606222256769612
1831,-1.5719315712946778,-2.0732054803025455,-0.3606222256769612
1832,-1.5719315712946778,-2.0732054803028035,-0.3606222256769612
1833,-1.5719315712948256,-2.073205480302287,-0.3606222256769612
1834,-1.5719315712949737,-2.073205480751614,-0.36062222567705826
1835,-1.5719315712946778,-2.0732054803025455,-0.3606222256769612
1836,-1.5719315712946778,-2.0732054803025455,-0.3606222256769612
1837,-1.3212799530811343,-2.084330745524018,0.25773826056297716
1838,-1.3212799530808386,-2.0843307459723124,0.2577382605630743
1839,-1.3212799530809864,-2.084330745524018,0.25773826056297716
1840,-1.3212799531277375,-2.08433074552376,0.2577382605630743
1841,-1.3212799530806905,-2.0843307459725704,0.25773826056297716
1842,-1.3212799530811343,-2.0843307455242766,0.2577382605630743
1843,-1.3212799530809864,-2.08433074552376,0.25773826056297716
1844,-1.3212799530808386,-2.0843307459725704,0.25773826056297716
1845,-1.3212799530811343,-2.08433074552376,0.2577382605630743
1846,-1.3212799530806905,-2.0843307455242766,0.25773826056297716
1847,-1.3212799531278856,-2.084330745972054,0.2577382605630743
1848,-1.3212799530808386,-2.0843307455242766,0.25773826056297716
1849,-1.3212799530808386,-2.08433074552376,0.2577382605630743
1850,-1.3212799530811343,-2.0843307459725704,0.25773826056297716
1851,-1.3212799530811343,-2.0843307455242766,0.25773826056297716
1852,-1.3212799530806905,-2.08433074552376,0.2577382605630743
1853,-1.3212799530811343,-2.0843307459725704,0.25773826056297716
1854,-1.3212799531275896,-2.08433074552376,0.2577382605630743
1855,-1.3212799530808386,-2.0843307455242766,0.25773826056297716
1856,-1.3212799530811343,-2.0843307459725704,0.2577382605630743
1857,-1.3212799530806905,-2.08433074552376,0.25773826056297716
1858,-1.15764795622436,-2.1726563311900775,-0.13280520443065788
1859,-1.1576479562242121,-2.172656331638372,-0.13280520443065788
1860,-1.157647956177609,-2.1726563311900775,-0.13280520443065788
1861,-1.1576479562240642,-2.1726563316388883,-0.13280520443065788
1862,-1.1576479562242121,-2.172656331189561,-0.13280520443065788
1863,-1.15764795622436,-2.1726563311900775,-0.13280520443065788
1864,-1.1576479562242121,-2.1726563316388883,-0.13280520443065788
1865,-1.157647956177313,-2.172656331189561,-0.13280520443065788
1866,-1.15764795622436,-2.1726563316388883,-0.13280520443065788
1867,-1.1576479562242121,-2.172656331189561,-0.13280520443065788
1868,-1.1576479562240642,-2.172656331638372,-0.13280520443065788
1869,-1.157647956177609,-2.1726563311900775,-0.13280520443065788
1870,-1.1576479562242121,-2.1726563311900775,-0.132805204430755
1871,-1.15764795622436,-2.172656331638372,-0.13280520443065788
1872,-1.1576479562240642,-2.1726563311900775,-0.13280520443065788
1873,-1.1576479562242121,-2.1726563316388883,-0.13280520443065788
1874,-1.157647956177609,-2.172656331189561,-0.13280520443065788
1875,-1.15764795622436,-2.1726563316388883,-0.13280520443065788
1876,-1.1576479562240642,-2.172656331189561,-0.13280520443065788
1877,-1.1576479562242121,-2.1726563311900775,-0.13280520443065788
1878,-1.15764795622436,-2.1726563316388883,-0.13280520443065788
1879,-1.157647956177461,-2.172656331189561,-0.13280520443065788
1880,-1.1576479562240642,-2.172656331638372,-0.13280520443065788
1881,-1.15764795622436,-2.172656331190594,-0.13280520443065788
1882,-0.907497892011711,-2.170025356303083,1.1771426677356345
1883,-0.9074978920586101,-2.1700253567524097,1.1771426677356345
1884,-0.9074978920118589,-2.170025356303083,1.1771426677356345
1885,-0.9074978920120069,-2.1700253563035994,1.1771426677357317
1886,-0.9074978920583142,-2.1700253567524097,1.1771426677356345
1887,-0.9074978920118589,-2.170025356303083,1.1771426677356345
1888,-2.0616990654085554,-1.2412912191434922,-0.4033379171607037
1889,-2.0616990653619522,-1.2412912191424592,-0.4033379171606066
1890,-2.0616990653610645,-1.2412912191434922,-0.4033379171607037
1891,-2.0616990654087033,-1.2412912191424592,-0.4033379171606066
1892,-2.0616990654084075,-1.2412912195917862,-0.4033379171607037
1893,-2.0616990653616565,-1.2412912191429757,-0.4033379171607037
1894,-2.0616990653616565,-1.2412912191434922,-0.4033379171606066
1895,-2.0616990654087033,-1.2412912191424592,-0.4033379171607037
1896,-2.0581083946181837,-1.1358130439458716,0.19856500829124663
1897,-2.0581083946181837,-1.1358130439458716,0.19856500829124663
1898,-2.0581083945717285,-1.1358130439458716,0.19856500829124663
1899,-2.05810839461848,-1.1358130439458716,0.19856500829124663
1900,-2.0581083946181837,-1.135813043946388,0.19856500829124663
1901,-2.05810839461848,-1.1358130439458716,0.19856500829134377
1902,-2.05810839461848,-1.1358130439458716,0.19856500829124663
1903,-2.0581083946181837,-1.135813043946388,0.19856500829124663
1904,-2.0581083945717285,-1.1358130439458716,0.19856500829124663
1905,-2.0581083946181837,-1.1358130439458716,0.19856500829124663
1906,-2.0581083946187757,-1.1358130439458716,0.19856500829124663
1907,-2.2256730308937356,-1.3137626186142635,-0.2363583959062591
1908,-2.2256730309410786,-1.3137626186142635,-0.2363583959062591
1909,-2.2256730308940313,-1.313762618165453,-0.2363583959062591
1910,-2.2256730308937356,-1.3137626186142635,-0.2363583959062591
1911,-2.2256730309410786,-1.31376261861478,-0.2363583959062591
1912,-2.2256730308937356,-1.3137626186142635,-0.2363583959063562
1913,-2.2256730309407824,-1.313762618613747,-0.2363583959062591
1914,-2.2256730308940313,-1.3137626186142635,-0.2363583959062591
1915,-2.2256730308940313,-1.3137626181659694,-0.2363583959062591
1916,-2.2256730309407824,-1.3137626186142635,-0.2363583959062591
1917,-2.2256730308937356,-1.313762618613747,-0.2363583959062591
1918,-2.492408574400814,-1.5581357668883484,-0.4582580919254185
1919,-2.492408574400814,-1.5581357673366423,-0.4582580919254185
1920,-2.492408574400814,-1.558135766887832,-0.4582580919254185
1921,-2.4924085744478615,-1.5581357673361258,-0.4582580919253214
1922,-2.4924085744005184,-1.558135766887832,-0.4582580919254185
1923,-2.4924085744005184,-1.5581357673366423,-0.4582580919254185
1924,-2.492408574401406,-1.5581357668873155,-0.4582580919254185
1925,-2.076250731162565,-1.8880956257053287,0.08901663204599562
1926,-2.0762507311631566,-1.8880956261525899,0.08901663204599562
1927,-2.076250731209316,-1.8880956257053287,0.08901663204609275
1928,-2.0762507311631566,-1.8880956257042958,0.08901663204599562
1929,-2.076250731162861,-1.8880956257048123,0.08901663204599562
1930,-2.076250731162861,-1.8880956261536228,0.08901663204599562
1931,-2.0762507311631566,-1.8880956257042958,0.08901663204599562
1932,-2.076250731209612,-1.8880956257053287,0.08901663204609275
1933,-2.0762507311631566,-1.8880956257042958,0.08901663204599562
1934,-2.076250731162565,-1.8880956261536228,0.08901663204599562
1935,-2.0762507311631566,-1.8880956257048123,0.08901663204599562
1936,-2.076250731209316,-1.8880956257048123,0.08901663204609275
1937,-2.0762507311631566,-1.8880956257042958,0.08901663204599562
1938,-2.076250731162861,-1.8880956261531063,0.08901663204599562
1939,-2.0762507311631566,-1.8880956257048123,0.08901663204599562
1940,-2.076250731162861,-1.8880956257048123,0.08901663204599562
1941,-2.076250731209612,-1.8880956257048123,0.08901663204609275
1942,-2.0762507311631566,-1.8880956261536228,0.08901663204599562
1943,-2.076250731162565,-1.8880956257042958,0.08901663204599562
1944,-1.9847831176888646,-1.7285754637669488,-0.18076668258775902
1945,-1.9847831176415216,-1.7285754642157591,-0.18076668258785616
1946,-1.9847831176885686,-1.7285754637669488,-0.18076668258775902
1947,-1.9847831176885686,-1.7285754637669488,-0.18076668258775902
1948,-1.9847831176418176,-1.7285754637669488,-0.18076668258775902
1949,-1.9847831176882729,-1.7285754642152427,-0.18076668258785616
1950,-1.9847831176888646,-1.7285754637669488,-0.18076668258775902
1951,-1.9847831176418176,-1.7285754637669488,-0.18076668258775902
1952,-1.9847831176882729,-1.7285754637669488,-0.18076668258775902
1953,-1.9847831176885686,-1.7285754642152427,-0.18076668258785616
1954,-1.9847831176885686,-1.7285754637669488,-0.18076668258775902
1955,-1.9847831176418176,-1.7285754637669488,-0.18076668258775902
1956,-1.9847831176888646,-1.7285754637669488,-0.18076668258775902
1957,-1.9847831176882729,-1.7285754642152427,-0.18076668258785616
1958,-1.9847831176418176,-1.7285754637669488,-0.18076668258775902
1959,-1.9847831176885686,-1.7285754637669488,-0.18076668258775902
1960,-1.9847831176882729,-1.7285754637669488,-0.18076668258775902
1961,-1.9847831176418176,-1.7285754642157591,-0.18076668258785616
1962,-1.9847831176888646,-1.7285754637669488,-0.18076668258775902
1963,-1.3244146656834814,-2.275264352210516,-0.8732105234811921
1964,-1.3244146656834814,-2.2752643522099993,-0.8732105234811921
1965,-1.3244146656370261,-2.2752643522099993,-0.8732105234811921
1966,-1.3244146656834814,-2.2752643522099993,-0.8732105234811921
1967,-0.8636119158556613,-2.4015511472087434,1.6897309655398656
1968,-0.8636119158089102,-2.401551146759933,1.6897309655398656
1969,-0.6792908159243558,-2.433122845845452,3.0566330930177825
1970,-0.2579854446925347,-2.4962662431214517,1.3480054336703133
1971,-0.0999959303996749,-2.4962662431199023,2.3731820292788726
1972,-0.09999593044672195,-2.622553038119163,-0.3606222256769612
1973,-0.04733275903016882,-2.4962662435697456,-2.06924988502443
1974,0.24889758014067348,-2.014797837553592,0.32282883806194873
1975,0.24889758014126526,-2.014797838002919,0.32282883806194873
1976,0.24889758014126526,-2.014797838002919,0.3228288380620458
1977,0.24889758014096938,-2.014797837554625,0.32282883806194873
1978,0.24889758018801642,-2.014797837553592,0.32282883806194873
1979,0.24889758014126526,-2.0147978380034353,0.3228288380620458
1980,0.24889758014096938,-2.014797838002919,0.32282883806194873
1981,0.24889758014126526,-2.0147978375541085,0.32282883806194873
1982,-0.37205471055811307,-2.3586540106307843,-0.06424503806896056
1983,-0.372054710511066,-2.3586540106313008,-0.06424503806896056
1984,-0.37205471055840894,-2.3586540106313008,-0.06424503806886345
1985,-0.37205471055781714,-2.3586540106318172,-0.06424503806896056
1986,-0.37205471055781714,-2.3586540106313008,-0.06424503806896056
1987,-0.372054710511066,-2.3586540106313008,-0.06424503806896056
1988,-0.37205471055811307,-2.358654011080111,-0.06424503806896056
1989,-0.7269492090146271,-2.2689475994947483,-0.3285441531380884
1990,-1.1362020958961343,-2.165501060110167,-0.6333253664466441
1991,-1.1362020958961343,-2.165501060558461,-0.6333253664467412
1992,-1.1362020958961343,-2.165501060109134,-0.6333253664467412
1993,-1.1362020958964303,-2.1655010605589773,-0.6333253664466441
1994,-1.136202095849679,-2.1655010601096505,-0.6333253664467412
1995,-1.1362020958961343,-2.1655010601096505,-0.6333253664467412
1996,-1.1362020958961343,-2.1655010605589773,-0.6333253664467412
1997,-1.1362020958964303,-2.1655010601096505,-0.6333253664466441
1998,-1.1362020958961343,-2.165501060558461,-0.6333253664467412
1999,-1.0203973067716026,-2.2054923811528044,0.0890208321735548
2000,-0.8807929860130389,-2.253702486969228,0.9598194511910128
2001,-0.8807929859659919,-2.2537024869687117,0.9598194511909157
2002,-0.8807929859662877,-2.2537024869687117,0.9598194511910128
2003,-0.8807929860130389,-2.2537024869687117,0.9598194511909157
2004,-0.8807929859659919,-2.253702487417522,0.9598194511910128
2005,-0.9863614830510422,-2.220018125721076,-1.5085273044313274
2006,-1.0025702851333962,-2.2148462881277466,-1.887512940419519
2007,-1.2933930597319312,-2.0885758688016467,-0.08617899381406127
2008,-1.4350957573814047,-2.0270509104604004,0.7915166403482542
2009,-1.4350957573814047,-2.0270509104614334,0.7915166403483513
2010,-1.4350957573814047,-2.0270509104614334,0.7915166403482542
2011,-1.4350957573811087,-2.0270509104604004,0.7915166403482542
2012,-1.4350957573814047,-2.027050910460917,0.7915166403483513
2013,-1.580284244433185,-1.9318975236231506,0.5100114645959126
2014,-1.8530727468190082,-1.753117852401772,-0.01889669380750623
2015,-1.8530727468651678,-1.7531178528500662,-0.01889669380750623
2016,-1.8530727468187125,-1.7531178528505826,-0.01889669380750623
2017,-1.8530727468184165,-1.7531178524022886,-0.01889669380750623
2018,-1.8530727468187125,-1.7531178528500662,-0.01889669380750623
2019,-2.1959582832349773,-1.409545572601299,-0.01889669380750623
2020,-2.2704740087044932,-1.3348806044103962,-0.01889669380750623
2021,-2.2704740087039017,-1.3348806039621022,-0.01889669380750623
2022,-2.270474008704789,-1.3348806044103962,-0.01889669380750623
2023,-2.2704740086568544,-1.3348806044103962,-0.01889669380750623
2024,-2.2704740087041975,-1.3348806044103962,-0.01889669380750623
2025,-2.2704740087041975,-1.3348806039621022,-0.01889669380750623
2026,-2.2704740087039017,-1.3348806044103962,-0.01889669380750623
2027,-2.4645723266652957,-0.7282511149394402,0.254483731688116
2028,-2.4645723266655915,-0.7282511149389237,0.25448373168801885
2029,-2.4645723266652957,-0.7282511153877341,0.254483731688116
2030,-2.4645723266649995,-0.7282511149389237,0.25448373168801885
2031,-2.4645723266652957,-0.7282511149394402,0.254483731688116
2032,-2.464572326618544,-0.7282511149389237,0.254483731688116
2033,-2.4645723266652957,-0.7282511149389237,0.25448373168801885
2034,-2.4645723266652957,-0.7282511153877341,0.254483731688116
2035,-2.4645723266652957,-0.7282511149399566,0.25448373168801885
2036,-2.4645723266649995,-0.7282511149389237,0.254483731688116
2037,-2.4435070580897973,-0.5861784710706356,-0.5314849916117372
2038,-2.4435070580895015,-0.5861784706223416,-0.5314849916117372
2039,-2.4435070580897973,-0.5861784706223416,-0.5314849916117372
2040,-2.4435070580897973,-0.5861784710701191,-0.5314849916117372
2041,-2.4435070581362526,-0.5861784710706356,-0.5314849916116401
2042,-2.4435070580897973,-0.5861784706223416,-0.5314849916117372
2043,-2.4435070580895015,-0.5861784706223416,-0.5314849916117372
2044,-2.4435070580897973,-0.5861784710706356,-0.5314849916117372
2045,-2.7482011212698443,-0.23212442097598662,-0.3606222256769612
2046,-2.748201121223389,-0.23212442097598662,-0.3606222256769612
2047,-2.7482011212698443,-0.23212442097598662,-0.3606222256769612
2048,-2.7482011212230932,-0.23212442052717622,-0.36062222567705826
2049,-2.7482011212698443,-0.23212442097598662,-0.3606222256769612
2050,-2.7482011212230932,-0.23212442097598662,-0.3606222256769612
2051,-2.7482011212698443,-0.23212442097598662,-0.3606222256769612
2052,-2.8648124293674817,0.005790880175548257,-0.10432807677489424
2053,-2.8648124293680737,0.005790880175031789,-0.10432807677489424
2054,-2.8648124293674817,0.005790880175548257,-0.10432807677489424
2055,-2.8648124293674817,0.005790880175031789,-0.10432807677479712
2056,-2.8648124293210264,0.005790879726737847,-0.10432807677489424
2057,-2.864812429367778,0.005790880175031789,-0.10432807677489424
2058,-2.8648124293680737,0.005790880175031789,-0.10432807677489424
2059,-2.864812429367186,0.005790880175548257,-0.10432807677489424
2060,-2.423758368814582,0.14786352449264678,0.2801131465783033
2061,-2.423758368814582,0.14786352404383635,0.2801131465783033
2062,-2.4237583688148776,0.1478635244921303,0.2801131465783033
2063,-2.423758368861333,0.14786352449161383,0.2801131465783033
2064,-2.4237583688148776,0.14786352404383635,0.28011314657820613
2065,-2.4237583688148776,0.14786352449264678,0.2801131465783033
2066,-2.423758368814582,0.14786352404383635,0.2801131465783033
2067,-2.423758368814582,0.1478635244921303,0.2801131465783033
2068,-2.9964703578831218,0.3030910432411047,0.4367373486851003
2069,-2.996470357883418,0.3030910427928108,0.4367373486851974
2070,-2.996470357883418,0.30309104324162117,0.4367373486851003
2071,-2.9400455313631038,-0.024653257988759537,0.029921239316673866
2072,-2.940045531409855,-0.024653257988759537,0.02992123931677099
2073,-2.9400455313633995,-0.02465325798824307,0.029921239316673866
2074,-2.9400455313631038,-0.024653257989276006,0.029921239316673866
2075,-2.9400455313633995,-0.024653257988759537,0.029921239316673866
2076,-2.940045531410151,-0.024653257988759537,0.02992123931677099
2077,-2.9400455313631038,-0.024653257988759537,0.029921239316673866
2078,-2.940045531362808,-0.024653257539949125,0.029921239316673866
2079,-2.9400455314104468,-0.024653257988759537,0.02992123931677099
2080,-2.9400455313633995,-0.024653257988759537,0.029921239316673866
2081,-2.940045531362808,-0.024653257989276006,0.029921239316673866
2082,-2.9400455313633995,-0.024653257988759537,0.029921239316673866
2083,-2.940045531410151,-0.024653257988759537,0.02992123931677099
2084,-2.9400455313631038,-0.02465325798824307,0.029921239316673866
2085,-2.585039331266421,0.6056531556313242,-0.06161238529115167
2086,-2.585039331265829,0.6056531556323571,-0.0616123852912488
2087,-2.585039331219374,0.6056531560811675,-0.06161238529115167
2088,-2.585039331266421,0.6056531556318406,-0.0616123852912488
2089,-2.585039331266125,0.6056531556318406,-0.06161238529115167
2090,-2.585039331266125,0.6056531560801346,-0.06161238529115167
2091,-2.585039331266125,0.6056531556328736,-0.0616123852912488
2092,-2.5850393312196696,0.6056531556318406,-0.06161238529115167
2093,-2.585039331265829,0.6056531556318406,-0.06161238529115167
2094,-2.585039331266125,0.6056531556318406,-0.0616123852912488
2095,-2.585039331266125,0.6056531560811675,-0.06161238529115167
2096,-2.585039331266421,0.6056531556318406,-0.06161238529115167
2097,-2.585039331266125,0.6056531556318406,-0.0616123852912488
2098,-2.585039331219374,0.6056531560811675,-0.06161238529115167
2099,-2.585039331266421,0.6056531556318406,-0.0616123852912488
2100,-2.585039331265829,0.6056531556318406,-0.06161238529115167
2101,-1.8943054134005295,0.38126858285282533,0.029921239316673866
2102,-1.8943054134005295,0.3812685824045314,0.02992123931677099
2103,-1.8943054134472808,0.38126858285230886,0.029921239316673866
2104,-1.8943054134005295,0.3812685828533418,0.029921239316673866
2105,-1.8943054134002337,0.38126858285282533,0.029921239316673866
2106,-1.8943054134008255,0.3812685824045314,0.02992123931677099
2107,-1.8943054134002337,0.38126858285230886,0.029921239316673866
2108,-1.8943054134475765,0.38126858285282533,0.029921239316673866
2109,-1.8943054134002337,0.3812685824045314,0.02992123931677099
2110,-1.8943054134008255,0.38126858285282533,0.029921239316673866
2111,-1.8943054134002337,0.38126858285282533,0.029921239316673866
2112,-1.8943054134472808,0.38126858285230886,0.029921239316673866
2113,-1.8943054134005295,0.38126858240504785,0.02992123931677099
2114,-1.8943054134005295,0.38126858285230886,0.029921239316673866
2115,-1.5394559489054545,0.45042563688286624,-0.3606222256769612
2116,-1.5394559489519097,0.4504256373311602,-0.3606222256769612
2117,-1.5394559489051585,0.4504256368833827,-0.36062222567705826
2118,-1.5394559489525015,0.45042563688286624,-0.3606222256769612
2119,-1.5394559489057502,0.4504256373311602,-0.3606222256769612
2120,-1.5394559489054545,0.45042563688234977,-0.3606222256769612
2121,-1.5394559489522055,0.4504256368833827,-0.3606222256769612
2122,-1.5394559489057502,0.4504256373311602,-0.3606222256769612
2123,-1.5394559489519097,0.45042563688286624,-0.3606222256769612
2124,-1.5394559489057502,0.45042563688234977,-0.36062222567705826
2125,-1.5394559489519097,0.4504256373316766,-0.3606222256769612
2126,-1.5394559489057502,0.45042563688286624,-0.3606222256769612
2127,-1.7149998536240432,0.2504715450637578,0.32282883806194873
2128,-1.7149998536240432,0.2504715450637578,0.32282883806194873
2129,-1.7149998536240432,0.25047154551308465,0.3228288380620458
2130,-1.7149998535775879,0.2504715450637578,0.32282883806194873
2131,-1.7149998536240432,0.25047154506427427,0.32282883806194873
2132,-1.7149998536240432,0.25047154551205175,0.32282883806194873
2133,-1.7149998536243392,0.2504715450637578,0.32282883806194873
2134,-1.7149998536240432,0.25047154506427427,0.32282883806194873
2135,-1.7149998535775879,0.2504715450632413,0.32282883806194873
2136,-1.7149998536240432,0.2504715450637578,0.3228288380620458
2137,-1.7149998536240432,0.25047154551308465,0.32282883806194873
2138,-1.7149998536240432,0.2504715450637578,0.32282883806194873
2139,-1.6489127365508631,0.18918530658474567,0.14191532118994143
2140,-1.6489127365508631,0.18918530658526214,0.14191532118984432
2141,-1.6489127365511589,0.18918530613645174,0.14191532118994143
2142,-1.6489127365505671,0.18918530658577862,0.14191532118984432
2143,-1.6489127365973184,0.18918530658526214,0.14191532118994143
2144,-1.6489127365511589,0.18918530658526214,0.14191532118984432
2145,-1.6489127365508631,0.18918530658474567,0.14191532118994143
2146,-1.6489127365508631,0.18918530658526214,0.14191532118984432
2147,-1.6489127365508631,0.18918530613696818,0.14191532118994143
2148,-1.6489127365505671,0.18918530658474567,0.14191532118984432
2149,-1.6489127365511589,0.18918530658526214,0.14191532118994143
2150,-1.6489127365508631,0.18918530658526214,0.14191532118984432
2151,-1.6489127365973184,0.18918530658526214,0.14191532118994143
2152,-1.6489127365508631,0.18918530658474567,0.14191532118984432
2153,-1.6489127365508631,0.18918530613696818,0.14191532118994143
2154,-1.6489127365505671,0.18918530658526214,0.14191532118984432
2155,-1.6489127365508631,0.18918530658526214,0.14191532118994143
2156,-1.5841398519251297,0.09261305142830491,0.012169263635145
2157,-1.5841398519715848,0.09261305187608239,0.012169263635242124
2158,-1.5841398519245378,0.09261305142882137,0.012169263635145
2159,-1.5841398519248338,0.09261305142778845,0.012169263635145
2160,-1.5841398519245378,0.09261305142778845,0.012169263635145
2161,-1.5841398519715848,0.09261305187711531,0.012169263635242124
2162,-1.5841398519251297,0.09261305142830491,0.012169263635145
2163,-1.5841398519245378,0.09261305142830491,0.012169263635145
2164,-1.5841398519248338,0.09261305142778845,0.012169263635145
2165,-1.5841398519715848,0.09261305187659885,0.012169263635242124
2166,-1.5841398519248338,0.09261305142882137,0.012169263635145
2167,-1.4551948746499175,0.14733732924596155,-0.2239320129291986
2168,-1.4551948746963728,0.14733732969425548,-0.2239320129291986
2169,-1.4551948746499175,0.14733732924596155,-0.2239320129291986
2170,-1.4551948746966685,0.14733732924596155,-0.2239320129291986
2171,-1.4551948746499175,0.14733732924544507,-0.2239320129291986
2172,-1.4551948746966685,0.14733732969477195,-0.2239320129291986
2173,-1.4551948746499175,0.14733732924544507,-0.2239320129291986
2174,-1.4551948746966685,0.14733732924596155,-0.22393201292910148
2175,-1.4551948746499175,0.14733732924596155,-0.2239320129291986
2176,-1.4551948746966685,0.14733732969425548,-0.2239320129291986
2177,-1.4551948746496215,0.14733732924596155,-0.2239320129291986
2178,-1.4551948746969645,0.14733732924596155,-0.2239320129291986
2179,-1.4551948746499175,0.14733732924544507,-0.2239320129291986
2180,-1.4551948746960768,0.14733732969477195,-0.2239320129291986
2181,-1.4551948746502132,0.14733732924544507,-0.2239320129291986
2182,-2.150097960269264,0.14222572122837304,-0.01889669380750623
2183,-2.1500979602228085,0.14222572077956264,-0.01889669380750623
2184,-2.1500979602698553,0.14222572077956264,-0.01889669380750623
2185,-2.1500979602228085,0.14222572122837304,-0.01889669380750623
2186,-2.1500979602698553,0.14222572122785657,-0.01889669380750623
2187,-2.1500979602228085,0.14222572077956264,-0.01889669380750623
2188,-2.150097960269264,0.14222572077956264,-0.01889669380750623
2189,-2.1500979602695596,0.14222572122837304,-0.01889669380750623
2190,-2.1500979602228085,0.14222572122837304,-0.01889669380750623
2191,-2.1500979602698553,0.1422257207800791,-0.01889669380750623
2192,-2.1500979602225128,0.14222572077956264,-0.01889669380750623
2193,-2.1500979602695596,0.14222572122837304,-0.01889669380750623
2194,-2.1500979602228085,0.14222572122785657,-0.01889669380750623
2195,-2.1500979602698553,0.14222572077956264,-0.01889669380750623
2196,-2.2372429700799494,0.10839890119598615,-0.01889669380750623
2197,-2.237242970080541,0.1083989007461428,-0.01889669380750623
2198,-2.237242970080245,0.10839890074717574,-0.01889669380750623
2199,-2.237242970080245,0.10839890119546969,-0.01889669380750623
2200,-2.237242970080541,0.10839890119598615,-0.01889669380750623
2201,-2.2372429700799494,0.10839890074665927,-0.01889669380750623
2202,-2.2372429701272925,0.10839890074665927,-0.01889669380750623
2203,-2.237242970080541,0.10839890119546969,-0.01889669380750623
2204,-2.2372429700799494,0.10839890119546969,-0.01889669380750623
2205,-2.237242970080541,0.10839890074717574,-0.01889669380750623
2206,-2.237242970080245,0.10839890074665927,-0.01889669380750623
2207,-2.237242970080245,0.10839890119546969,-0.01889669380750623
2208,-2.32940352004575,0.23994764551836037,-0.01889669380750623
2209,-2.32940352004575,0.23994764551732745,-0.01889669380750623
2210,-2.329403520046046,0.23994764551836037,-0.01889669380750623
2211,-2.329403520046046,0.23994764551836037,-0.01889669380750623
2212,-2.3294035200463417,0.2399476459666543,-0.01889669380750623
2213,-2.329403520045454,0.2399476455178439,-0.01889669380750623
2214,-2.3294035200463417,0.23994764551836037,-0.01889669380750623
2215,-2.32940352004575,0.2399476455178439,-0.01889669380750623
2216,-2.32940352004575,0.23994764551836037,-0.01889669380750623
2217,-1.9695385154429026,0.9055842935843921,-0.01889669380750623
2218,-1.9695385153961515,0.905584293585425,-0.01889669380750623
2219,-1.9695385154423108,0.9055842935838756,-0.01889669380750623
2220,-1.9695385154434946,0.905584293585425,-0.01889669380750623
2221,-1.9695385153955598,0.9055842935843921,-0.01889669380750623
2222,-1.9695385154431986,0.9055842935849086,-0.01889669380750623
2223,-1.9695385153958556,0.9055842935849086,-0.01889669380750623
2224,-1.9695385154426068,0.9055842935843921,-0.01889669380750623
2225,-2.3059976660679444,0.7310629591518786,-0.01889669380750623
2226,-2.3059976661146955,0.7310629587015187,-0.01889669380750623
2227,-2.3059976660679444,0.7310629591513621,-0.01889669380750623
2228,-2.3059976661143993,0.7310629587020352,-0.01889669380750623
2229,-2.3059976660679444,0.7310629591518786,-0.01889669380750623
2230,-2.3059976661146955,0.7310629587020352,-0.01889669380750623
2231,-2.3059976660679444,0.7310629591513621,-0.01889669380750623
2232,-2.3059976661143993,0.7310629587020352,-0.01889669380750623
2233,-2.3059976660679444,0.7310629591508456,-0.01889669380750623
2234,-2.6717141342240516,0.17680424824390997,-0.01889669380750623
2235,-2.6717141341770043,0.17680424824287702,-0.01889669380750623
2236,-2.6717141341773005,0.1768042477945831,-0.01889669380750623
2237,-2.6717141342234596,0.1768042482433935,-0.01889669380750623
2238,-2.6717141342240516,0.17680424824287702,-0.01889669380750623
2239,-2.6717141341773005,0.1768042482433935,-0.01889669380750623
2240,-2.390843886673836,-0.16627487793685705,-0.01889669380750623
2241,-2.390843886720883,-0.16627487793685705,-0.01889669380750623
2242,-2.390843886674428,-0.16627487793685705,-0.01889669380750623
2243,-2.390843886673836,-0.16627487793685705,-0.01889669380750623
2244,-2.390843886673836,-0.16627487748907957,-0.01889669380750623
2245,-2.390843886721475,-0.16627487793634058,-0.01889669380750623
2246,-2.39084388667354,-0.16627487793737353,-0.01889669380750623
2247,-2.390843886674132,-0.16627487793685705,-0.01889669380750623
2248,-2.390843886721179,-0.16627487793685705,-0.01889669380750623
2249,-2.39084388667354,-0.16627487793737353,-0.01889669380750623
2250,-2.605258227441442,0.35420712655762954,-0.6535298244222361
2251,-2.6052582273938034,0.3542071270059235,-0.6535298244222361
2252,-2.605258227441146,0.35420712655762954,-0.6535298244222361
2253,-2.6052582274408502,0.35420712655762954,-0.6535298244223331
2254,-2.605258227441146,0.3542071265571131,-0.6535298244222361
2255,-2.6052582273938034,0.3542071270059235,-0.6535298244222361
2256,-2.6052582274408502,0.354207126558146,-0.6535298244222361
2257,-1.8320291234210493,0.18382018142308976,0.05704231327456249
2258,-1.8320291234213453,0.18382018097479583,0.05704231327465961
2259,-1.8320291234210493,0.18382018142308976,0.05704231327456249
2260,-1.8320291233737065,0.18382018097479583,0.05704231327465961
2261,-1.8320291234207535,0.18382018142360623,0.05704231327456249
2262,-1.8320291234210493,0.18382018097427935,0.05704231327456249
2263,-1.8320291234210493,0.18382018142360623,0.05704231327465961
2264,-1.8320291234216413,0.18382018097427935,0.05704231327456249
2265,-1.8320291233740023,0.18382018142308976,0.05704231327456249
2266,-1.8320291234210493,0.18382018142360623,0.05704231327465961
2267,-1.8320291234210493,0.18382018097531228,0.05704231327456249
2268,-1.8320291234210493,0.18382018142257328,0.05704231327465961
2269,-1.8320291234207535,0.18382018097479583,0.05704231327456249
2270,-1.8320291234210493,0.18382018142360623,0.05704231327456249
2271,-1.8320291234210493,0.18382018097427935,0.05704231327465961
2272,-1.8320291233742982,0.18382018142360623,0.05704231327456249
2273,-1.8320291234210493,0.18382018097479583,0.05704231327465961
2274,-1.8320291234207535,0.18382018142308976,0.05704231327456249
2275,-1.6515339803833928,0.238328584291187,0.874847004928051
2276,-1.6515339803828009,0.23832858384289307,0.874847004928051
2277,-1.6515339803836886,0.23832858429067055,0.874847004928051
2278,-1.6515339803833928,0.2383285838423766,0.874847004928051
2279,-1.6515339803833928,0.238328584291187,0.874847004928051
2280,-1.6515339803828009,0.238328584291187,0.874847004928051
2281,-1.6515339803366416,0.23832858384186012,0.8748470049279539
2282,-1.6515339803833928,0.23832858429170348,0.874847004928051
2283,-1.6515339803830968,0.23832858429067055,0.874847004928051
2284,-1.6515339803833928,0.2383285838423766,0.874847004928051
2285,-1.6515339803833928,0.238328584291187,0.874847004928051
2286,-1.6515339803833928,0.2383285838423766,0.874847004928051
2287,-1.6515339803830968,0.23832858429067055,0.874847004928051
2288,-1.683652727784915,-0.0832864129211805,-0.23857739286646235
2289,-1.6836527277855067,-0.08328641247288655,-0.23857739286646235
2290,-1.683652727784323,-0.08328641247288655,-0.23857739286646235
2291,-1.6836527277852107,-0.08328641292221343,-0.23857739286646235
2292,-1.683652727784323,-0.0832864129211805,-0.23857739286646235
2293,-1.683652727784915,-0.08328641247288655,-0.23857739286646235
2294,-1.6836527277852107,-0.08328641247288655,-0.23857739286636523
2295,-1.6836527277381637,-0.0832864129211805,-0.23857739286646235
2296,-1.683652727784915,-0.08328641292221343,-0.23857739286646235
2297,-1.683652727784619,-0.08328641247288655,-0.23857739286646235
2298,-1.683652727784323,-0.08328641247340303,-0.23857739286646235
2299,-1.6836527277855067,-0.0832864129211805,-0.23857739286646235
2300,-1.683652727784619,-0.0832864129211805,-0.23857739286646235
2301,-1.683652727784915,-0.08328641247288655,-0.23857739286646235
2302,-1.5394559489054545,-1.2439221940299707,-0.01889669380750623
2303,-1.5394559489522055,-1.2439221940289378,-0.01889669380750623
2304,-1.5394559489054545,-1.2439221940299707,-0.01889669380750623
2305,-1.5394559489051585,-1.243922194477748,-0.01889669380750623
2306,-1.5394559489527972,-1.2439221940299707,-0.01889669380750623
2307,-1.5394559489054545,-1.2439221940289378,-0.01889669380750623
2308,-0.4423065445773849,-1.7385454740286737,0.20892032743879704
2309,-0.44230654457768076,-1.7385454740281572,0.20892032743879704
2310,-0.4423065445773849,-1.7385454740281572,0.20892032743889416
2311,-0.4423065446244319,-1.7385454740286737,0.20892032743879704
2312,-0.4423065445773849,-1.7385454740276407,0.20892032743879704
2313,-0.44230654457768076,-1.7385454740281572,0.20892032743879704
2314,-0.1842570047016671,-1.671192516575983,0.20892032743879704
2315,-0.18425700465521183,-1.6711925170247934,0.20892032743879704
2316,-0.1842570047016671,-1.671192516575983,0.20892032743879704
2317,-0.184257004701963,-1.6711925165764994,0.20892032743889416
2318,-0.18425700465521183,-1.67119251702531,0.20892032743879704
2319,-0.18425700470225886,-1.6711925165754664,0.20892032743879704
2320,-0.1842570047016671,-1.6711925165764994,0.20892032743879704
2321,-0.18425700465521183,-1.6711925170247934,0.20892032743879704
2322,-0.184257004701963,-1.671192516575983,0.20892032743879704
2323,-0.184257004701963,-1.6711925165764994,0.20892032743879704
2324,-0.18425700465491593,-1.6711925170247934,0.20892032743879704
2325,-0.18425700470225886,-1.671192516575983,0.20892032743889416
2326,-0.18425700470137119,-1.671192516575983,0.20892032743879704
2327,-0.1842570046555077,-1.67119251702531,0.20892032743879704
2328,-0.1842570047016671,-1.6711925165754664,0.20892032743879704
2329,0.024354494576135314,-1.9740057493655792,0.18684527078061716
2330,0.024354494622294685,-1.9740057493650627,0.18684527078052005
2331,0.024354494576135314,-1.9740057493645462,0.18684527078061716
2332,0.024354494576431206,-1.9740057493650627,0.18684527078061716
2333,0.024354494575543527,-1.9740057493645462,0.18684527078061716
2334,0.024354494622590577,-1.9740057493650627,0.18684527078052005
2335,0.024354494576135314,-1.9740057498133567,0.18684527078061716
2336,0.024354494576135314,-1.9740057493645462,0.18684527078061716
2337,0.024354494576431206,-1.9740057493650627,0.18684527078061716
2338,0.024354494622294685,-1.9740057493650627,0.18684527078052005
2339,0.02435449457583942,-1.9740057493650627,0.18684527078061716
2340,0.024354494576135314,-1.9740057493650627,0.18684527078061716
2341,0.024354494576135314,-1.9740057493645462,0.18684527078061716
2342,0.024354494622590577,-1.9740057493650627,0.18684527078052005
2343,0.024354494576135314,-1.9740057493645462,0.18684527078061716
2344,0.02435449457583942,-1.9740057493650627,0.18684527078061716
2345,-0.06253076360383111,-1.9709499469661698,0.15335755917225632
2346,-0.19809910149454132,-1.9661819337267865,0.1011061934455486
2347,-0.19809910149483723,-1.9661819337267865,0.1011061934455486
2348,-0.19809910154129248,-1.9661819337267865,0.10110619344545146
2349,-0.19809910149394955,-1.9661819337267865,0.1011061934455486
2350,-0.19809910149513313,-1.9661819337267865,0.1011061934455486
2351,-0.19809910149483723,-1.966181933727303,0.10110619344545146
2352,-0.19809910149394955,-1.9661819332779762,0.1011061934455486
2353,-0.19809910149513313,-1.9661819337267865,0.1011061934455486
2354,-0.1980991015409966,-1.9661819337267865,0.1011061934455486
2355,-0.19809910149454132,-1.966181933727303,0.10110619344545146
2356,-0.19809910149454132,-1.96618193372627,0.1011061934455486
2357,-0.051087776348786536,-1.990237118881822,-0.07119546904390486
2358,-0.05108777634819475,-1.9902371184324952,-0.07119546904380775
2359,-0.051087776348786536,-1.990237118880789,-0.07119546904390486
2360,-0.051087776348786536,-1.990237118881822,-0.07119546904380775
2361,-0.05108777634849065,-1.9902371184324952,-0.07119546904390486
2362,-0.051087776348786536,-1.9902371188813055,-0.07119546904390486
2363,-0.28174294377827364,-1.9633769798385432,0.14449503361694493
2364,-0.5461643111628481,-1.9325847163191678,0.39176102070449487
2365,-0.5461643112095993,-1.9325847163191678,0.39176102070459196
2366,-0.5461643112093034,-1.932584715870874,0.39176102070449487
2367,-0.5461643112095993,-1.9325847163191678,0.39176102070449487
2368,-0.546164311210191,-1.9325847163191678,0.39176102070459196
2369,-0.6434944301504014,-1.9086156978214819,0.05678734628239624
2370,-0.6980281144982708,-1.8951859499899981,-0.130897090997173
2371,-0.6980281144515197,-1.8951859504388087,-0.13089709099727012
2372,-0.6980281144982708,-1.8951859504388087,-0.130897090997173
2373,-0.6980281144509279,-1.8951859504382922,-0.13089709099727012
2374,-0.6980281144991585,-1.8951859499899981,-0.130897090997173
2375,-0.6980281144509279,-1.8951859504388087,-0.130897090997173
2376,-0.6980281144982708,-1.8951859504388087,-0.13089709099727012
2377,-0.6980281144515197,-1.8951859504388087,-0.130897090997173
2378,-0.6980281144982708,-1.8951859499894819,-0.130897090997173
2379,-0.6980281144518156,-1.8951859504393251,-0.13089709099727012
2380,-0.6980281144515197,-1.8951859504382922,-0.130897090997173
2381,-0.6679545006230561,-1.903120324179612,0.021404856694909415
2382,-0.6291252637462368,-1.9133647089290369,0.21804794843812514
2383,-0.6291252637465327,-1.9133647089295533,0.21804794843822226
2384,-0.6291252636994856,-1.9133647093788804,0.21804794843812514
2385,-0.6291252637462368,-1.9133647089290369,0.21804794843822226
2386,-0.6291252636991898,-1.9133647089295533,0.21804794843812514
2387,-0.6291252637462368,-1.9133647093778474,0.21804794843822226
2388,-0.6291252636994856,-1.9133647089300698,0.21804794843812514
2389,-0.6291252637462368,-1.9133647089290369,0.21804794843822226
2390,-0.6291252636994856,-1.913364709378364,0.21804794843812514
2391,-0.6291252637459409,-1.9133647089295533,0.21804794843822226
2392,-0.6291252636994856,-1.9133647089295533,0.21804794843812514
2393,-0.8197858721615647,-1.857022899818988,0.1267038403315799
2394,-0.8412697436176251,-1.8506742352043515,0.11641107406360865
2395,-0.8412697436182169,-1.850674235653162,0.11641107406370577
2396,-0.8412697436646721,-1.850674235204868,0.11641107406360865
2397,-0.841269743617921,-1.850674235204868,0.11641107406360865
2398,-0.8412697436182169,-1.8506742356536785,0.11641107406360865
2399,-0.841269743617921,-1.850674235204868,0.11641107406370577
2400,-0.8412697436182169,-1.8506742352043515,0.11641107406360865
2401,-0.8412697436649681,-1.8506742356536785,0.11641107406360865
2402,-0.841269743617921,-1.850674235204868,0.11641107406360865
2403,-0.8412697436182169,-1.8506742352053844,0.11641107406370577
2404,-0.8412697436176251,-1.850674235653162,0.11641107406360865
2405,-0.7474078105741777,-1.8757034683914873,0.11357770979801152
2406,-0.4949374727897188,-1.943027236418416,0.10595651119253027
2407,-0.49493747274267175,-1.9430272364189325,0.10595651119253027
2408,-0.4949374727897188,-1.9430272364189325,0.10595651119253027
2409,-0.49493747274267175,-1.943027236418416,0.1059565111926274
2410,-0.494937472789127,-1.9430272364189325,0.10595651119253027
2411,-0.8715612760680823,-1.8318199608642127,-0.23312107523150033
2412,-0.43621235617103354,-1.9236467574096723,-0.1210501465738595
2413,-0.6758404597327005,-1.8797939849435576,-0.01889669380750623
2414,-0.5596739590176601,-1.9283418260264666,1.195134466552169
2415,0.07943686934423663,-1.9799305919157117,0.7348168163875567
2416,0.06338836715733275,-1.9899434663342728,0.16483938977451407
2417,0.04966403994226432,-1.9904672406072192,0.09617372115230176
2418,0.04966403998842369,-1.9904672406072192,0.09617372115230176
2419,0.04966403998842369,-1.990467241055513,0.09617372115239887
2420,0.04966403994167253,-1.9904672406072192,0.09617372115230176
2421,0.049664039988719585,-1.9904672406072192,0.09617372115230176
2422,0.0496640399881278,-1.990467241055513,0.09617372115230176
2423,0.049664039941376636,-1.9904672406067028,0.09617372115230176
2424,0.049664039988719585,-1.9904672406077357,0.09617372115230176
2425,0.0496640399881278,-1.9904672406072192,0.09617372115230176
2426,0.04966403994196843,-1.990467241055513,0.09617372115230176
2427,0.0496640399881278,-1.9904672406072192,0.09617372115230176
2428,0.45266583976079,-1.78191259986756,0.2357270279956417
2429,0.45266583976019825,-1.781912599866527,0.23572702799573883
2430,0.4526658398069494,-1.7819125998670435,0.2357270279956417
2431,0.4526658397604941,-1.78191259986756,0.2357270279956417
2432,0.45266583976019825,-1.7819126003153376,0.23572702799573883
2433,0.45266583976108593,-1.7819125998670435,0.2357270279956417
2434,0.4526658398069494,-1.78191259986756,0.2357270279956417
2435,0.45266583976019825,-1.7819125998670435,0.23572702799573883
2436,0.4526658397604941,-1.78191259986756,0.2357270279956417
2437,0.45266583976019825,-1.7819125998670435,0.2357270279956417
2438,0.45266583976019825,-1.7819125998670435,0.23572702799573883
2439,0.45266583980754116,-1.7819125998670435,0.2357270279956417
2440,0.45266583976019825,-1.7819125998670435,0.2357270279956417
2441,0.2895664908644525,-1.8027595801685021,0.019038950841939115
2442,0.17106922917259665,-1.8179056247959968,-0.1383923569330778
2443,0.17106922912643727,-1.817905624796513,-0.1383923569330778
2444,0.1710692291255496,-1.8179056243471863,-0.1383923569330778
2445,0.17106922917318843,-1.8179056247954803,-0.1383923569330778
2446,0.17106922912643727,-1.8179056247959968,-0.13839235693298066
2447,0.1710692291252537,-1.817905624796513,-0.1383923569330778
2448,0.17106922917378023,-1.8179056247954803,-0.1383923569330778
2449,0.1710692291258455,-1.8179056247954803,-0.1383923569330778
2450,0.005330412384904826,-1.745538158053862,0.16583712495660155
2451,0.005330412384904826,-1.7455381585016396,0.16583712495669867
2452,0.005330412384904826,-1.745538158052829,0.16583712495660155
2453,0.005330412384904826,-1.7455381585016396,0.16583712495660155
2454,0.005330412384904826,-1.7455381580533456,0.16583712495660155
2455,0.005330412384904826,-1.7455381585016396,0.16583712495669867
2456,0.005330412384904826,-1.745538158052829,0.16583712495660155
2457,0.005330412384904826,-1.7455381585016396,0.16583712495660155
2458,0.005330412384904826,-1.7455381580533456,0.16583712495660155
2459,-0.22362815622871382,-1.7304510414364223,0.17569529571259085
2460,-0.29959518513317057,-1.7254452289859532,0.17896617544879254
2461,-0.2995951851328747,-1.72544522943528,0.17896617544879254
2462,-0.2995951851328747,-1.7254452294347635,0.17896617544879254
2463,-0.2995951851328747,-1.72544522943528,0.17896617544879254
2464,-0.29959518508582766,-1.7254452294347635,0.1789661754486954
2465,-0.2995951851325788,-1.7254452294357965,0.17896617544879254
2466,-0.29959518513317057,-1.72544522943528,0.17896617544879254
2467,-0.29959518513317057,-1.7254452289869862,0.17896617544879254
2468,-0.299595185131987,-1.7254452294347635,0.17896617544879254
2469,-0.2995951851337624,-1.72544522943528,0.17896617544879254
2470,-0.299595185131987,-1.7254452294347635,0.17896617544879254
2471,-0.2995951850864194,-1.72544522943528,0.17896617544879254
2472,-0.2995951851328747,-1.72544522943528,0.17896617544879254
2473,-0.2995951851328747,-1.72544522943528,0.17896617544879254
2474,-0.43056420100911647,-1.6881760789743636,0.12844132239446418
2475,-0.9319200158108446,-1.5455079446438866,-0.06497029251631982
2476,-0.9319200157640934,-1.5455079441955928,-0.06497029251622269
2477,-0.9319200157643893,-1.545507944644403,-0.06497029251631982
2478,-0.9319200157643893,-1.545507944644403,-0.06497029251631982
2479,-0.9319200157637976,-1.5455079446438866,-0.06497029251622269
2480,-0.9319200158111405,-1.5455079441955928,-0.06497029251631982
2481,-0.9319200157640934,-1.5455079446438866,-0.06497029251622269
2482,-0.9125141969727303,-1.5541693503679632,-0.02856413273021466
2483,-0.9073610973666176,-1.5564693351539423,-0.01889669380750623
2484,-0.9073610973666176,-1.5564693351534258,-0.01889669380750623
2485,-0.9073610974130729,-1.5564693351539423,-0.01889669380750623
2486,-0.9073610973669135,-1.5564693351539423,-0.01889669380750623
2487,-0.9073610973660259,-1.5564693351534258,-0.01889669380750623
2488,-0.9073610973663218,-1.5564693351539423,-0.01889669380750623
2489,-0.9073610973666176,-1.5564693351534258,-0.01889669380750623
2490,-0.9073610973660259,-1.5564693351539423,-0.01889669380750623
2491,-0.9073610973666176,-1.5564693351539423,-0.01889669380750623
2492,-0.9073610974130729,-1.5564693351534258,-0.01889669380750623
2493,-0.9073610973666176,-1.5564693351539423,-0.01889669380750623
2494,-0.9073610973666176,-1.5564693351534258,-0.01889669380750623
2495,-0.9073610973660259,-1.5564693351539423,-0.01889669380750623
2496,-0.9073610973666176,-1.5564693351534258,-0.01889669380750623
2497,-0.9073610973666176,-1.5564693351534258,-0.01889669380750623
2498,-0.907361097412777,-1.5564693351544587,-0.01889669380750623
2499,-0.9073610973660259,-1.5564693351534258,-0.01889669380750623
2500,-0.9073610973669135,-1.5564693351539423,-0.01889669380750623
2501,-0.9073610973666176,-1.5564693351534258,-0.01889669380750623
2502,-0.90736109736573,-1.5564693351534258,-0.01889669380750623
2503,-0.9073610973669135,-1.5564693351539423,-0.01889669380750623
2504,-0.907361097412777,-1.5564693351534258,-0.01889669380750623
2505,-0.9073610973669135,-1.5564693351544587,-0.01889669380750623
2506,-0.9073610973660259,-1.5564693351534258,-0.01889669380750623
2507,-0.9073610973663218,-1.5564693351534258,-0.01889669380750623
2508,-0.9092886378901032,-1.5556077654930247,-0.0005534511595941434
2509,-0.9331883635189702,-1.5449250956499785,0.22688584783546795
2510,-0.9331883634731067,-1.544925095649462,0.22688584783546795
2511,-0.9331883634725149,-1.5449250956489455,0.22688584783556506
2512,-0.933188363519266,-1.5449250956499785,0.22688584783546795
2513,-0.9331883634719231,-1.544925095649462,0.22688584783546795
2514,-0.9331883634731067,-1.544925095649462,0.22688584783546795
2515,-0.933188363519266,-1.5449250956499785,0.22688584783556506
2516,-0.9331883634725149,-1.5449250956489455,0.22688584783546795
2517,-0.933188363472219,-1.544925095649462,0.22688584783546795
2518,-0.933188363519562,-1.5449250960982723,0.22688584783546795
2519,-0.9331883634728109,-1.544925095649462,0.22688584783556506
2520,-0.9331883634725149,-1.544925095649462,0.22688584783546795
2521,-1.0023274889031215,-1.5107595021482991,0.2350986099421988
2522,-1.0563394711757403,-1.4840690946347785,0.2415144787937018
2523,-1.0563394711289893,-1.4840690950841053,0.24151447879379892
2524,-1.0563394711286933,-1.4840690946347785,0.24151447879379892
2525,-1.0563394711757403,-1.4840690950841053,0.2415144787937018
2526,-1.0563394711289893,-1.4840690946347785,0.24151447879379892
2527,-1.0563394711760363,-1.4840690950835889,0.2415144787937018
2528,-1.0563394711289893,-1.484069094635295,0.24151447879379892
2529,-1.056339471129285,-1.4840690950835889,0.24151447879379892
2530,-1.0563394711754446,-1.484069094635295,0.2415144787937018
2531,-1.056339471129581,-1.4840690950835889,0.24151447879379892
2532,-1.0563394711751486,-1.484069094635295,0.2415144787937018
2533,-1.056339471129285,-1.4840690950835889,0.24151447879379892
2534,-1.056339471129285,-1.484069094635295,0.2415144787937018
2535,-1.0909052514173851,-1.4619135860681347,0.24302479704623836
2536,-1.3293148493011355,-1.3091010070839588,0.2534418732659186
2537,-1.3293148493481826,-1.3091010075317364,0.2534418732658215
2538,-1.3293148493011355,-1.3091010070834423,0.2534418732659186
2539,-1.3293148493484785,-1.309101007532253,0.2534418732658215
2540,-1.3293148493472948,-1.3091010070839588,0.2534418732659186
2541,-1.3293148493011355,-1.3091010075317364,0.2534418732658215
2542,-1.3293148493484785,-1.309101007532253,0.2534418732659186
2543,-1.3293148493005438,-1.3091010070839588,0.2534418732659186
2544,-1.3293148493484785,-1.309101007532253,0.2534418732658215
2545,-1.3293148493011355,-1.3091010070839588,0.2534418732659186
2546,-1.3293148493478866,-1.309101007532253,0.2534418732658215
2547,-1.3293148493481826,-1.3091010070834423,0.2534418732659186
2548,-1.418961189702234,-1.2332391369916238,0.20905718075727395
2549,-1.4841963474197317,-1.1780348629809811,0.17675867974579432
2550,-1.4841963474664828,-1.178034863430308,0.17675867974579432
2551,-1.4841963474191397,-1.1780348629814974,0.17675867974579432
2552,-1.4841963474661868,-1.1780348629809811,0.17675867974579432
2553,-1.4841963474194357,-1.178034863430308,0.17675867974579432
2554,-1.4841963474200275,-1.1780348629809811,0.17675867974579432
2555,-1.484196347465891,-1.1780348629814974,0.17675867974579432
2556,-1.4841963474191397,-1.1780348634297915,0.17675867974579432
2557,-1.4841963474200275,-1.1780348629814974,0.17675867974589143
2558,-1.484196347465891,-1.1780348629814974,0.17675867974579432
2559,-1.4841963474197317,-1.178034863429275,0.17675867974579432
2560,-1.4841963474661868,-1.1780348629820139,0.17675867974579432
2561,-1.4841963474197317,-1.178034863430308,0.17675867974579432
2562,-1.4841963474191397,-1.1780348629809811,0.17675867974579432
2563,-1.4841963474664828,-1.1780348629814974,0.17675867974579432
2564,-1.4841963474194357,-1.1780348634297915,0.17675867974579432
2565,-1.477093738433314,-1.184427574870926,0.17650101014205272
2566,-1.421408078056717,-1.23454752303194,0.17448083671450962
2567,-1.42140807810406,-1.2345475230314238,0.17448083671450962
2568,-1.421408078056717,-1.2345475225820968,0.1744808367144125
2569,-1.421408078056717,-1.23454752303194,0.17448083671450962
2570,-1.4214080781037641,-1.2345475230314238,0.1744808367144125
2571,-1.421408078056717,-1.2345475225831297,0.17448083671450962
2572,-1.42140807810406,-1.2345475230309073,0.17448083671450962
2573,-1.421408078056717,-1.23454752303194,0.1744808367144125
2574,-1.4214080781034681,-1.2345475225826132,0.17448083671450962
2575,-1.421408078056717,-1.23454752303194,0.17448083671450962
2576,-1.4214080781037641,-1.2345475230309073,0.1744808367144125
2577,-1.421408078056717,-1.2345475225826132,0.17448083671450962
2578,-1.421408078056717,-1.23454752303194,0.1744808367144125
2579,-1.42140807810406,-1.2345475230314238,0.17448083671450962
2580,-1.3354912359012954,-1.3042719530902407,0.030963879187279025
2581,-1.3333771737202704,-1.3059875867649962,0.027432513710346912
2582,-1.3333771737664297,-1.305987586316702,0.027432513710346912
2583,-1.3333771737202704,-1.3059875867644797,0.027432513710346912
2584,-1.3333771737193827,-1.305987586316702,0.027432513710346912
2585,-1.3333771737670215,-1.3059875863156691,0.027432513710346912
2586,-1.3333771737193827,-1.3059875867655126,0.027432513710346912
2587,-1.3333771737199744,-1.3059875863156691,0.027432513710346912
2588,-1.3333771737664297,-1.305987586316702,0.027432513710346912
2589,-1.3333771737199744,-1.3059875867644797,0.027432513710346912
2590,-1.3333771737667257,-1.305987586316702,0.027432513710346912
2591,-1.3333771737196787,-1.3059875867649962,0.027432513710249788
2592,-1.3333771737199744,-1.3059875863156691,0.027432513710346912
2593,-1.3333771737667257,-1.3059875863161856,0.027432513710346912
2594,-1.2960878691893598,-1.331630717621351,0.05559298727409739
2595,-1.1668542824158297,-1.4205021471850678,0.15318877379163456
2596,-1.1668542824625807,-1.420502146737807,0.15318877379163456
2597,-1.1668542824161254,-1.4205021471850678,0.15318877379163456
2598,-1.1668542824155337,-1.4205021467372905,0.15318877379153745
2599,-1.1668542824628767,-1.4205021471850678,0.15318877379163456
2600,-1.1668542824158297,-1.4205021467372905,0.15318877379163456
2601,-1.1668542824158297,-1.4205021471861008,0.15318877379163456
2602,-1.1668542824161254,-1.4205021471850678,0.15318877379163456
2603,-1.1668542824622847,-1.4205021467372905,0.15318877379153745
2604,-1.1126948159813428,-1.4502531837900532,0.22746491872484245
2605,-0.983251045557632,-1.521359615259193,0.40498853354950537
2606,-0.9832510455111767,-1.5213596148108992,0.40498853354950537
2607,-0.983251045557336,-1.5213596152597095,0.40498853354950537
2608,-0.983251045557632,-1.5213596152586766,0.40498853354950537
2609,-0.9832510455111767,-1.5213596148108992,0.40498853354950537
2610,-0.9832510455570401,-1.521359615259193,0.4049885335496025
2611,-0.9832510455111767,-1.5213596148108992,0.40498853354950537
2612,-0.983251045557336,-1.521359615259193,0.40498853354950537
2613,-0.9832510455105848,-1.521359615259193,0.40498853354950537
2614,-0.983251045557632,-1.5213596148108992,0.40498853354950537
2615,-0.9832510455579279,-1.521359615259193,0.40498853354950537
2616,-1.0698784354728699,-1.4650588563702722,0.3425363406484481
2617,-1.4113344703738697,-1.243140202890348,0.09637080137259048
2618,-1.411334470420029,-1.243140202890348,0.09637080137259048
2619,-1.411334470420029,-1.2431402028898315,0.09637080137259048
2620,-1.4113344703738697,-1.243140202890348,0.09637080137259048
2621,-1.4113344704203248,-1.2431402028908645,0.09637080137259048
2622,-1.4113344704194373,-1.243140202890348,0.09637080137259048
2623,-1.4113344703735737,-1.2431402028898315,0.09637080137249336
2624,-1.4113344704203248,-1.2431402028908645,0.09637080137259048
2625,-1.4113344704203248,-1.243140202890348,0.09637080137259048
2626,-1.4113344703732777,-1.243140202890348,0.09637080137259048
2627,-1.411334470420029,-1.243140202890348,0.09637080137259048
2628,-1.5229569160345435,-1.1202111190939403,0.10633403352139521
2629,-1.7359702610812715,-0.8856208881716946,0.12534724717674556
2630,-1.7359702610348162,-0.8856208877244336,0.12534724717664844
2631,-1.7359702610812715,-0.8856208881722111,0.12534724717664844
2632,-1.7359702610351122,-0.8856208881722111,0.12534724717674556
2633,-1.7359702610821592,-0.8856208881722111,0.12534724717664844
2634,-1.7359702610345205,-0.8856208881722111,0.12534724717674556
2635,-1.7359702610812715,-0.8856208881722111,0.12534724717664844
2636,-1.7359702610348162,-0.8856208877239171,0.12534724717674556
2637,-1.7359702610815675,-0.8856208881722111,0.12534724717664844
2638,-1.7359702610351122,-0.8856208881722111,0.12534724717674556
2639,-1.7359702610812715,-0.8856208881722111,0.12534724717664844
2640,-1.7359702610348162,-0.8856208881722111,0.12534724717664844
2641,-1.7359702610818635,-0.8856208881727275,0.12534724717674556
2642,-1.7501971650664159,-0.8619462530899447,0.10668857219067548
2643,-1.8459536710829505,-0.7026002469267871,-0.01889669380750623
2644,-1.8459536711297015,-0.7026002469273036,-0.01889669380750623
2645,-1.8459536710832463,-0.7026002469273036,-0.01889669380750623
2646,-1.8459536711294058,-0.7026002469273036,-0.01889669380750623
2647,-1.8459536710829505,-0.7026002469267871,-0.01889669380750623
2648,-1.8459536711294058,-0.7026002469273036,-0.01889669380750623
2649,-1.8459536710832463,-0.7026002473755976,-0.01889669380750623
2650,-1.8459536711299975,-0.7026002469273036,-0.01889669380750623
2651,-1.8459536710832463,-0.7026002469273036,-0.01889669380750623
2652,-1.8459536711294058,-0.7026002469267871,-0.01889669380750623
2653,-1.8459536710829505,-0.7026002469267871,-0.01889669380750623
2654,-1.8459536711294058,-0.7026002469273036,-0.01889669380750623
2655,-1.8459536710832463,-0.702600247376114,-0.01889669380750623
2656,-1.8459536711297015,-0.7026002469267871,-0.01889669380750623
2657,-1.8459536710829505,-0.7026002469273036,-0.01889669380750623
2658,-1.8459536711299975,-0.7026002469273036,-0.01889669380750623
2659,-2.0395377710434164,-0.8888100648707031,-0.01889669380750623
2660,-2.0395377709966653,-0.8888100648712196,-0.01889669380750623
2661,-2.039537771042825,-0.8888100653195136,-0.01889669380750623
2662,-2.039537771043712,-0.8888100648712196,-0.01889669380750623
2663,-2.0395377710431206,-0.8888100648707031,-0.01889669380750623
2664,-2.0395377709963696,-0.8888100648717361,-0.01889669380750623
2665,-2.0395377710434164,-0.8888100653195136,-0.01889669380750623
2666,-2.0395377710431206,-0.8888100648712196,-0.01889669380750623
2667,-2.039537770996961,-0.8888100648707031,-0.01889669380750623
2668,-2.039537771042825,-0.8888100648717361,-0.01889669380750623
2669,-2.0395377710434164,-0.8888100653195136,-0.01889669380750623
2670,-2.0395377709966653,-0.8888100648712196,-0.01889669380750623
2671,-2.039537771042825,-0.8888100648707031,-0.01889669380750623
2672,-2.032557623469246,-0.9002944059120349,0.06499505442481467
2673,-2.011330481836602,-0.9352191303862726,0.32011602438971704
2674,-2.0113304817904423,-0.9352191299379786,0.32011602438971704
2675,-2.011330481836602,-0.9352191303862726,0.32011602438961995
2676,-2.0113304818371933,-0.9352191303862726,0.32011602438971704
2677,-2.011330481836602,-0.9352191299374621,0.32011602438971704
2678,-2.0113304818368976,-0.935219130386789,0.32011602438961995
2679,-2.0113304818368976,-0.9352191299374621,0.32011602438971704
2680,-2.0113304818371933,-0.9352191303857561,0.32011602438971704
2681,-2.011330481836602,-0.9352191303862726,0.32011602438961995
2682,-1.9799407023801576,-0.9774370487651673,0.3293786778382417
2683,-1.823859421444489,-1.1873597366655706,0.37543592458296615
2684,-1.8238594214453765,-1.187359736666087,0.37543592458296615
2685,-1.8238594214450807,-1.1873597366655706,0.375435924582869
2686,-1.8238594214450807,-1.187359736666087,0.37543592458296615
2687,-1.8238594213980337,-1.187359737114381,0.37543592458296615
2688,-1.8238594214453765,-1.1873597366655706,0.375435924582869
2689,-1.823859421444489,-1.1873597366655706,0.37543592458296615
2690,-1.8238594214450807,-1.187359736666087,0.37543592458296615
2691,-1.7384979270015113,-1.274482812170448,0.17767141280560916
2692,-1.653652839362608,-1.3610788242707497,-0.01889669380750623
2693,-1.6536528393158567,-1.3610788238214229,-0.01889669380750623
2694,-1.653652839362608,-1.3610788242702332,-0.01889669380750623
2695,-1.6536528393158567,-1.3610788242697167,-0.01889669380750623
2696,-1.653652839362608,-1.3610788242707497,-0.01889669380750623
2697,-1.653652839362608,-1.3610788242697167,-0.01889669380750623
2698,-1.0999139508447016,-1.6784625654145113,0.3995614086731299
2699,-0.794823370295409,-1.8533298029852578,0.6301170515869808
2700,-0.7948233702945212,-1.8533298034340682,0.630117051587078
2701,-0.7948233702483619,-1.8533298029862908,0.630117051587078
2702,-0.7948233702948171,-1.8533298034340682,0.630117051587078
2703,-0.35080437509804324,-1.8910328394204836,0.4807623896054486
2704,0.375325910162326,-1.9526908239001393,0.23651395772467348
2705,0.37532591011587074,-1.952690824348433,0.23651395772457637
2706,0.3753259101626219,-1.9526908243489496,0.23651395772467348
2707,0.37532591011587074,-1.9526908239001393,0.23651395772457637
2708,0.37532591016291783,-1.9526908243489496,0.23651395772467348
2709,0.375325910115279,-1.952690824348433,0.23651395772457637
2710,0.37532591011616667,-1.9526908239006557,0.23651395772457637
2711,0.3753259101626219,-1.952690824348433,0.23651395772467348
2712,0.37532591011587074,-1.9526908239001393,0.23651395772457637
2713,0.37532591016203015,-1.9526908243489496,0.23651395772467348
2714,0.37532591011616667,-1.952690824348433,0.23651395772457637
2715,0.3753259101626219,-1.9526908239006557,0.23651395772467348
2716,0.37532591011616667,-1.952690824348433,0.23651395772457637
2717,-0.05212032006900567,-1.950936901510957,-0.01889669380750623
2718,-0.05212032006811799,-1.9509369019597675,-0.01889669380750623
2719,-0.05212032002195861,-1.9509369015104405,-0.01889669380750623
2720,-0.052120320068413876,-1.950936901960284,-0.01889669380750623
2721,-0.05212032006811799,-1.950936901509924,-0.01889669380750623
2722,-0.05212032006900567,-1.950936901960284,-0.01889669380750623
2723,-0.05212032006811799,-1.9509369015104405,-0.01889669380750623
2724,-0.052120320068413876,-1.9509369019597675,-0.01889669380750623
2725,-0.05212032002166272,-1.9509369015104405,-0.01889669380750623
2726,-0.05212032006870977,-1.9509369019597675,-0.01889669380750623
2727,-0.052120320068413876,-1.950936901510957,-0.01889669380750623
2728,0.14118353209323548,-2.0487635459284537,0.07229668180218762
2729,0.14118353209353138,-2.0487635459294866,0.07229668180218762
2730,0.14118353209353138,-2.0487635463767475,0.07229668180218762
2731,0.14118353204648432,-2.0487635459284537,0.07229668180218762
2732,0.14118353209353138,-2.0487635459294866,0.07229668180218762
2733,0.14118353209293957,-2.04876354592897,0.07229668180218762
2734,0.14118353209382725,-2.04876354592897,0.07229668180209049
2735,0.14118353209323548,-2.0487635463777805,0.07229668180218762
2736,0.14118353209323548,-2.048763545927937,0.07229668180218762
2737,0.14118353204648432,-2.04876354592897,0.07229668180218762
2738,0.14118353209382725,-2.0487635459294866,0.07229668180218762
2739,-1.7652270523085054,-0.3747362192090698,1.8648501205786172
2740,-0.03447546806854099,-1.521114462499209,0.5114846787945786
2741,0.7952779834787452,-1.549115281755479,-0.01889669380750623
2742,1.216583354803477,-1.8016888713026076,-0.01889669380750623
2743,0.8953380092009691,-1.542800941937962,0.4253464976227949
2744,0.8953380091536262,-1.542800941937962,0.4253464976227949
2745,0.8953380092015608,-1.542800941937962,0.425346497622892
2746,0.8953380091536262,-1.5428009419374455,0.4253464976227949
2747,0.8953380092015608,-1.5428009423867726,0.4253464976227949
2748,0.8953380092003773,-1.542800941937962,0.4253464976227949
2749,0.8953380091548097,-1.542800941937962,0.4253464976227949
2750,0.8953380092003773,-1.542800941937962,0.425346497622892
2751,0.8953380091542179,-1.542800941937962,0.4253464976227949
2752,0.8953380092015608,-1.5428009419374455,0.4253464976227949
2753,0.07419763651467229,-1.6705448921755988,-0.09775643193124901
2754,0.07419763656171935,-1.6705448921745658,-0.09775643193124901
2755,0.07419763651467229,-1.6705448921750823,-0.09775643193124901
2756,0.07419763656201524,-1.6705448921745658,-0.09775643193115188
2757,0.07419763651496819,-1.6705448921761152,-0.09775643193124901
2758,0.07419763651526408,-1.6705448921745658,-0.09775643193124901
2759,0.07419763656142345,-1.6705448917267884,-0.09775643193124901
2760,0.07419763651526408,-1.6705448921745658,-0.09775643193124901
2761,0.0741976365143764,-1.6705448921750823,-0.09775643193124901
2762,0.07419763656201524,-1.6705448921755988,-0.09775643193115188
2763,0.07419763651496819,-1.6705448921745658,-0.09775643193124901
2764,0.07419763656201524,-1.6705448921755988,-0.09775643193124901
2765,0.07419763651467229,-1.6705448921745658,-0.09775643193124901
2766,-0.8291947712178659,-1.7173400523135258,-0.01889669380750623
2767,-0.8291947712181618,-1.7173400518652318,-0.01889669380750623
2768,-0.829194771264617,-1.7173400523130093,-0.01889669380750623
2769,-0.8291947712181618,-1.7173400518647153,-0.01889669380750623
2770,-0.8291947712178659,-1.7173400523135258,-0.01889669380750623
2771,-0.8291947712187535,-1.7173400518641988,-0.01889669380750623
2772,-0.8291947712640252,-1.7173400523135258,-0.01889669380750623
2773,-0.9333603389813355,-1.6741224301315691,-0.01889669380750623
2774,-1.017373813145432,-1.6392657809632711,-0.01889669380750623
2775,-1.0173738131460237,-1.6392657814131144,-0.01889669380750623
2776,-1.017373813145728,-1.639265781412598,-0.01889669380750623
2777,-1.0173738131460237,-1.6392657814120815,-0.01889669380750623
2778,-1.017373813145728,-1.6392657809648206,-0.01889669380750623
2779,-1.0173738131460237,-1.639265781411565,-0.01889669380750623
2780,-1.017373813145136,-1.639265781412598,-0.01889669380750623
2781,-1.0173738131466155,-1.639265781412598,-0.01889669380750623
2782,-1.017373813145136,-1.639265781412598,-0.01889669380750623
2783,-1.0173738131466155,-1.6392657809637876,-0.01889669380750623
2784,-1.017373813145136,-1.639265781412598,-0.01889669380750623
2785,-0.8738694007197141,-1.6982678997526186,0.15654500190160991
2786,-0.8152310069136994,-1.7223771898125217,0.22823352400568472
2787,-0.8152310069601547,-1.7223771898130382,0.22823352400578187
2788,-0.8152310069134036,-1.7223771893637114,0.22823352400568472
2789,-0.8152310069604506,-1.7223771898125217,0.22823352400578187
2790,-0.8152310069134036,-1.7223771893642277,0.22823352400578187
2791,-0.8152310069604506,-1.7223771898130382,0.22823352400568472
2792,-0.8152310069136994,-1.7223771898125217,0.22823352400578187
2793,-0.815231006959563,-1.7223771893642277,0.22823352400568472
2794,-0.8152310069607466,-1.7223771898130382,0.22823352400578187
2795,-0.8152310069136994,-1.7223771893637114,0.22823352400568472
2796,-0.8152310069601547,-1.7223771898130382,0.22823352400578187
2797,-0.8152310069136994,-1.7223771898125217,0.22823352400568472
2798,-0.8152310069601547,-1.7223771893642277,0.22823352400578187
2799,-0.8152310069136994,-1.7223771898130382,0.22823352400568472
2800,-0.48858938847286854,-1.78997723734245,0.25194802482811834
2801,-0.16114848110166058,-1.857742701632326,0.27572055480199714
2802,-0.16114848114900354,-1.8577427016318095,0.2757205548020943
2803,-0.16114848114870764,-1.857742701632326,0.27572055480199714
2804,-0.16114848110166058,-1.8577427011835157,0.2757205548020943
2805,-0.16114848114900354,-1.857742701632326,0.27572055480199714
2806,-0.16114848110195648,-1.8577427016318095,0.2757205548020943
2807,-0.16114848114811586,-1.857742701632326,0.27572055480199714
2808,-0.16114848110254826,-1.857742701631293,0.2757205548020943
2809,-0.16114848114870764,-1.857742701632326,0.2757205548020943
2810,-0.15371808386144356,-1.8580573573383439,0.273355103922468
2811,-0.03796550279917551,-1.862959141942841,0.23650552032720704
2812,-0.0379655027994714,-1.8629591419433573,0.23650552032730418
2813,-0.03796550279887961,-1.8629591419423246,0.23650552032720704
2814,-0.03796550275242435,-1.8629591419433573,0.23650552032720704
2815,-0.03796550279858372,-1.8629591419433573,0.23650552032720704
2816,-0.0379655027994714,-1.8629591419423246,0.23650552032730418
2817,-0.03796550275183256,-1.8629591419433573,0.23650552032720704
2818,-0.0379655027994714,-1.8629591419433573,0.23650552032720704
2819,-0.03796550279917551,-1.8629591419423246,0.23650552032720704
2820,-0.03796550279887961,-1.8629591419433573,0.23650552032730418
2821,-0.03796550275183256,-1.862959141942841,0.23650552032720704
2822,-0.0379655027994714,-1.862959141942841,0.23650552032720704
2823,-0.03796550279917551,-1.862959141942841,0.23650552032720704
2824,-0.11102316141049075,-1.8600992342824239,0.22111036365753084
2825,-0.1453364450416913,-1.8587560101778617,0.2138796586651275
2826,-0.14533644504080362,-1.8587560106261556,0.21387965866503036
2827,-0.14533644508844246,-1.858756010178378,0.2138796586651275
2828,-0.1453364450410995,-1.8587560101778617,0.21387965866503036
2829,-0.1453364450416913,-1.858756010626672,0.2138796586651275
2830,-0.14533644504080362,-1.858756010178378,0.21387965866503036
2831,-0.1453364450416913,-1.8587560101778617,0.2138796586651275
2832,-0.1453364450413954,-1.8587560101778617,0.2138796586651275
2833,-0.1453364450416913,-1.858756010626672,0.21387965866503036
2834,-0.1453364450410995,-1.858756010178378,0.2138796586651275
2835,-0.1453364450410995,-1.8587560101773453,0.21387965866503036
2836,-0.1453364450413954,-1.858756010178378,0.2138796586651275
2837,-0.1453364450416913,-1.858756010626672,0.21387965866503036
2838,-0.1453364450410995,-1.858756010178378,0.2138796586651275
2839,-0.5107686674129861,-1.801688871303124,0.32282883806194873
2840,-0.510768667413282,-1.801688871751418,0.32282883806194873
2841,-0.5107686674135778,-1.801688871303124,0.3228288380620458
2842,-0.5107686674129861,-1.8016888713026076,0.32282883806194873
2843,-0.5107686674600331,-1.8016888717519344,0.32282883806194873
2844,-0.5107686674129861,-1.801688871303124,0.32282883806194873
2845,-0.5107686674129861,-1.801688871303124,0.32282883806194873
2846,-0.5107686674135778,-1.801688871303124,0.3228288380620458
2847,-0.5107686674129861,-1.8016888717509014,0.32282883806194873
2848,-0.510768667413282,-1.801688871303124,0.32282883806194873
2849,-0.5205924436378673,-1.1710653644024631,0.14517328776758132
2850,-0.5205924436846184,-1.1710653644014302,0.1451732877674842
2851,-0.5205924436381633,-1.1710653644024631,0.14517328776758132
2852,-0.5205924436384591,-1.1710653639531363,0.14517328776758132
2853,-0.5205924436846184,-1.1710653644014302,0.14517328776758132
2854,-0.5205924436384591,-1.1710653644014302,0.1451732877674842
2855,-0.5205924436846184,-1.1710653644024631,0.14517328776758132
2856,-0.5205924436384591,-1.1710653644014302,0.14517328776758132
2857,-0.5205924436381633,-1.1710653644014302,0.14517328776758132
2858,-0.5205924436846184,-1.1710653639541693,0.1451732877674842
2859,-0.5205924436384591,-1.1710653644014302,0.14517328776758132
2860,-0.5205924436384591,-1.1710653644014302,0.14517328776758132
2861,-0.5205924436846184,-1.1710653644024631,0.14517328776758132
2862,-0.5205924436381633,-1.1710653644014302,0.1451732877674842
2863,-0.5205924436378673,-1.1710653644014302,0.14517328776758132
2864,-0.5205924436849144,-1.1710653639541693,0.14517328776758132
2865,-0.5205924436381633,-1.1710653644014302,0.1451732877674842
2866,-0.5205924436852103,-1.1710653644014302,0.14517328776758132
2867,-0.5205924436381633,-1.1710653644019466,0.14517328776758132
2868,-0.5205924436384591,-1.1710653644019466,0.14517328776758132
2869,-0.5318338009042658,-1.1670345206367922,0.13962392198781653
2870,-0.5859624737642818,-1.1476254574461087,0.11290296659892293
2871,-0.5859624738116248,-1.1476254569978148,0.11290296659902006
2872,-0.5859624738107371,-1.1476254574461087,0.11290296659902006
2873,-0.5859624737642818,-1.1476254574461087,0.11290296659902006
2874,-0.5859624738116248,-1.1476254574455922,0.11290296659902006
2875,-0.5859624737642818,-1.1476254574471416,0.11290296659902006
2876,-0.5859624738107371,-1.1476254574461087,0.11290296659892293
2877,-0.5859624738116248,-1.1476254569972983,0.11290296659902006
2878,-0.5859624737645777,-1.1476254574455922,0.11290296659902006
2879,-0.5859624738104412,-1.1476254574471416,0.11290296659902006
2880,-0.5859624737645777,-1.1476254574461087,0.11290296659902006
2881,-0.585962473811033,-1.1476254574466251,0.11290296659892293
2882,-0.5859624738116248,-1.1476254569962654,0.11290296659902006
2883,-0.5859624737642818,-1.1476254574471416,0.11290296659902006
2884,-0.5859624738113288,-1.1476254574466251,0.11290296659902006
2885,-0.5859624737642818,-1.1476254574461087,0.11290296659902006
2886,-0.585962473811033,-1.1476254574461087,0.11290296659902006
2887,-0.5859624738113288,-1.1476254569972983,0.11290296659892293
2888,-0.5859624737642818,-1.1476254574466251,0.11290296659902006
2889,-0.5859624738107371,-1.1476254574461087,0.11290296659902006
2890,-0.5859624737648736,-1.1476254574461087,0.11290296659902006
2891,-0.585962473811033,-1.1476254574461087,0.11290296659902006
2892,-0.585962473811033,-1.1476254569978148,0.11290296659902006
2893,-0.6990817238162924,-1.0980627020597475,0.03364494901539734
2894,-0.7210978431257209,-1.0884164252596187,0.01821915752481708
2895,-0.7210978430792657,-1.088416425707396,0.01821915752481708
2896,-0.7210978430795616,-1.0884164252596187,0.018219157524914202
2897,-0.7210978430786739,-1.088416425708429,0.01821915752481708
2898,-0.7210978430795616,-1.0884164257079125,0.01821915752481708
2899,-0.7210978430795616,-1.0884164252596187,0.018219157524914202
2900,-0.7210978431251291,-1.088416425707396,0.01821915752481708
2901,-0.7210978430795616,-1.0884164252596187,0.01821915752481708
2902,-0.9821848458631831,-0.8956500422489764,-0.005166946546008383
2903,-1.135466407889496,-0.7824788311092211,-0.01889669380750623
2904,-1.135466407888904,-0.7824788306604107,-0.01889669380750623
2905,-1.1354664078886083,-0.7824788311092211,-0.01889669380750623
2906,-1.135466407888904,-0.7824788311087046,-0.01889669380750623
2907,-1.135466407888904,-0.7824788306604107,-0.01889669380750623
2908,-1.135466407888904,-0.7824788311092211,-0.01889669380750623
2909,-1.1354664078886083,-0.7824788311081882,-0.01889669380750623
2910,-1.1354664078892,-0.7824788306614436,-0.01889669380750623
2911,-1.1354664078892,-0.7824788311087046,-0.01889669380750623
2912,-1.1285039154110694,-0.7898337701645326,-0.01889669380750623
2913,-1.1220841536551185,-0.7966153866395669,-0.01889669380750623
2914,-1.1220841536545267,-0.7966153870883773,-0.01889669380750623
2915,-1.1220841536548225,-0.7966153870888938,-0.01889669380750623
2916,-1.1220841536551185,-0.7966153870883773,-0.01889669380750623
2917,-1.1220841536545267,-0.7966153870883773,-0.01889669380750623
2918,-1.1220841536548225,-0.7966153870883773,-0.01889669380750623
2919,-1.1220841536074797,-0.7966153870878608,-0.01889669380750623
2920,-1.1220841536554143,-0.7966153866405998,-0.01889669380750623
2921,-1.1220841536542308,-0.7966153870883773,-0.01889669380750623
2922,-1.1220841536548225,-0.7966153870883773,-0.01889669380750623
2923,-1.1220841536551185,-0.7966153870883773,-0.01889669380750623
2924,-1.1220841536545267,-0.7966153870883773,-0.01889669380750623
2925,-1.1220841536551185,-0.7966153870878608,-0.01889669380750623
2926,-1.1220841536539348,-0.7966153866405998,-0.01889669380750623
2927,-1.1220841536554143,-0.7966153870883773,-0.01889669380750623
2928,-1.1220841536548225,-0.7966153870883773,-0.01889669380750623
2929,-1.1220841536548225,-0.7966153870883773,-0.01889669380750623
2930,-1.1107267181704876,-0.8042396527496559,-0.01889669380750623
2931,-0.6182720858175045,-1.1348252767633782,-0.01889669380750623
2932,-0.6182720857701616,-1.1348252767633782,-0.01889669380750623
2933,-0.6182720858180962,-1.1348252767623452,-0.01889669380750623
2934,-0.6182720857707533,-1.1348252767633782,-0.01889669380750623
2935,-0.6182720857704574,-1.1348252767633782,-0.01889669380750623
2936,-0.6182720858178004,-1.134825277212705,-0.01889669380750623
2937,-0.6182720857707533,-1.1348252767633782,-0.01889669380750623
2938,-0.6182720858175045,-1.1348252767633782,-0.01889669380750623
2939,-0.6182720857707533,-1.1348252767633782,-0.01889669380750623
2940,-0.6182720858172086,-1.1348252767623452,-0.01889669380750623
2941,-0.6182720857713451,-1.1348252767633782,-0.01889669380750623
2942,-0.6182720857707533,-1.1348252767633782,-0.01889669380750623
2943,-0.6182720858175045,-1.134825277212705,-0.01889669380750623
2944,-0.6182720857707533,-1.1348252767633782,-0.01889669380750623
2945,-0.6182720858175045,-1.1348252767633782,-0.01889669380750623
2946,-0.6182720857707533,-1.1348252767633782,-0.01889669380750623
2947,-0.6182720857707533,-1.1348252767623452,-0.01889669380750623
2948,-0.6182720858169127,-1.1348252767638944,-0.01889669380750623
2949,-0.6182720857713451,-1.1348252767633782,-0.01889669380750623
2950,-0.6182720858172086,-1.1348252772121885,-0.01889669380750623
2951,-0.6182720857707533,-1.1348252767633782,-0.01889669380750623
2952,-0.6182720857707533,-1.1348252767633782,-0.01889669380750623
2953,-0.6182720858175045,-1.1348252767623452,-0.01889669380750623
2954,-0.6182720857707533,-1.134825276764411,-0.01889669380750623
2955,-0.6182720858178004,-1.1348252767633782,-0.01889669380750623
2956,-0.6182720857704574,-1.1348252767628617,-0.01889669380750623
2957,-0.6182720857707533,-1.1348252772121885,-0.01889669380750623
2958,-0.6182720858180962,-1.1348252767633782,-0.01889669380750623
2959,-0.6182720857701616,-1.1348252767633782,-0.01889669380750623
2960,-0.6182720858180962,-1.1348252767633782,-0.01889669380750623
2961,-0.6182720857707533,-1.1348252767633782,-0.01889669380750623
2962,-0.6182720857701616,-1.1348252767633782,-0.01889669380750623
2963,-0.6182720858180962,-1.134825277211672,-0.01889669380750623
2964,-0.6182720857707533,-1.1348252767633782,-0.01889669380750623
2965,-0.6182720858175045,-1.1348252767633782,-0.01889669380750623
2966,-0.6182720857707533,-1.1348252767633782,-0.01889669380750623
2967,-0.6182720857707533,-1.1348252767633782,-0.01889669380750623
2968,-0.6182720858175045,-1.1348252767633782,-0.01889669380750623
2969,-0.6182720857707533,-1.1348252767633782,-0.01889669380750623
2970,-0.6182720858172086,-1.134825277211672,-0.01889669380750623
2971,-0.6182720857707533,-1.1348252767633782,-0.01889669380750623
2972,-0.6182720857713451,-1.1348252767633782,-0.01889669380750623
2973,-0.6182720858169127,-1.1348252767633782,-0.01889669380750623
2974,-0.6182720857707533,-1.1348252767633782,-0.01889669380750623
2975,-0.6182720858175045,-1.1348252767633782,-0.01889669380750623
2976,-0.6182720857707533,-1.1348252767633782,-0.01889669380750623
2977,-0.6182720857707533,-1.1348252772121885,-0.01889669380750623
2978,-0.6182720858175045,-1.1348252767628617,-0.01889669380750623
2979,-0.6182720857713451,-1.1348252767633782,-0.01889669380750623
2980,-0.6182720858175045,-1.1348252767633782,-0.01889669380750623
2981,-0.6182720857704574,-1.1348252767633782,-0.01889669380750623
2982,-0.6182720857710492,-1.1348252767633782,-0.01889669380750623
2983,-0.6182720858175045,-1.1348252767633782,-0.01889669380750623
2984,-0.6182720857704574,-1.1348252772121885,-0.01889669380750623
2985,-0.6182720858178004,-1.1348252767628617,-0.01889669380750623
2986,-0.6182720857707533,-1.1348252767633782,-0.01889669380750623
2987,-0.6182720857704574,-1.1348252767633782,-0.01889669380750623
2988,-0.6182720858180962,-1.1348252767633782,-0.01889669380750623
2989,-0.6182720857707533,-1.1348252767633782,-0.01889669380750623
2990,-0.6182720858169127,-1.1348252772121885,-0.01889669380750623
2991,-0.6182720857713451,-1.1348252767633782,-0.01889669380750623
2992,-0.6182720857707533,-1.1348252767633782,-0.01889669380750623
2993,-0.6182720858169127,-1.1348252767628617,-0.01889669380750623
2994,-0.6182720857707533,-1.1348252767633782,-0.01889669380750623
2995,-0.6182720858180962,-1.1348252767633782,-0.01889669380750623
2996,-0.6182720857707533,-1.1348252767633782,-0.01889669380750623
2997,-0.6182720857707533,-1.1348252772121885,-0.01889669380750623
2998,-0.6182720858175045,-1.1348252767633782,-0.01889669380750623
2999,-0.6182720857707533,-1.1348252767633782,-0.01889669380750623
3000,-0.6182720858172086,-1.1348252767628617,-0.01889669380750623
3001,-0.6182720857710492,-1.1348252767633782,-0.01889669380750623
3002,-0.6182720857707533,-1.1348252767633782,-0.01889669380750623
3003,-0.6182720858172086,-1.134825276764411,-0.01889669380750623
3004,-0.6182720857707533,-1.1348252772111556,-0.01889669380750623
3005,-0.6182720858175045,-1.1348252767633782,-0.01889669380750623
3006,-0.6182720857707533,-1.1348252767633782,-0.01889669380750623
3007,-0.6182720857707533,-1.1348252767633782,-0.01889669380750623
3008,-0.6182720858175045,-1.1348252767628617,-0.01889669380750623
3009,-0.6182720857707533,-1.134825276764411,-0.01889669380750623
3010,-0.6182720858180962,-1.1348252767633782,-0.01889669380750623
3011,-0.6182720857701616,-1.1348252772111556,-0.01889669380750623
3012,-0.6182720857710492,-1.1348252767633782,-0.01889669380750623
3013,-0.6182720858175045,-1.1348252767633782,-0.01889669380750623
3014,-0.6182720857707533,-1.1348252767633782,-0.01889669380750623
3015,-0.6182720858178004,-1.1348252767638944,-0.01889669380750623
3016,-0.6182720857707533,-1.1348252767633782,-0.01889669380750623
3017,-0.6182720857704574,-1.1348252772111556,-0.01889669380750623
3018,-0.6182720858178004,-1.1348252767633782,-0.01889669380750623
3019,-0.6182720857707533,-1.1348252767633782,-0.01889669380750623
3020,-0.6182720858178004,-1.1348252767638944,-0.01889669380750623
3021,-0.6182720857707533,-1.1348252767633782,-0.01889669380750623
3022,-0.6182720857707533,-1.1348252767633782,-0.01889669380750623
3023,-0.6182720858169127,-1.1348252767633782,-0.01889669380750623
3024,-0.6182720857713451,-1.1348252772111556,-0.01889669380750623
3025,-0.6182720858169127,-1.1348252767633782,-0.01889669380750623
3026,-0.6182720857707533,-1.134825276764411,-0.01889669380750623
3027,-0.6182720857707533,-1.1348252767628617,-0.01889669380750623
3028,-0.6182720858178004,-1.1348252767633782,-0.01889669380750623
3029,-0.6182720857707533,-1.1348252767633782,-0.01889669380750623
3030,-0.6182720858175045,-1.1348252767633782,-0.01889669380750623
3031,-0.6182720857707533,-1.1348252772111556,-0.01889669380750623
3032,-0.6182720857707533,-1.134825276764411,-0.01889669380750623
3033,-0.6182720858175045,-1.1348252767633782,-0.01889669380750623
3034,-0.6182720857707533,-1.1348252767628617,-0.01889669380750623
3035,-0.6182720858175045,-1.1348252767633782,-0.01889669380750623
3036,-0.6182720857707533,-1.1348252767633782,-0.01889669380750623
3037,-0.6182720857707533,-1.1348252772111556,-0.01889669380750623
3038,-0.6182720858175045,-1.134825276764411,-0.01889669380750623
3039,-0.6182720857707533,-1.1348252767633782,-0.01889669380750623
3040,-0.6182720858180962,-1.1348252767633782,-0.01889669380750623
3041,-0.6182720857698656,-1.1348252767633782,-0.01889669380750623
3042,-0.6182720857710492,-1.1348252767628617,-0.01889669380750623
3043,-0.6182720858180962,-1.1348252767633782,-0.01889669380750623
3044,-0.6182720857698656,-1.1348252772121885,-0.01889669380750623
3045,-0.6182720858180962,-1.1348252767633782,-0.01889669380750623
3046,-0.6182720857707533,-1.1348252767633782,-0.01889669380750623
3047,-0.6994196482926728,-1.0922692107980942,0.15343002972320838
3048,-0.8777159752066471,-0.9987655978148549,0.5320639761014085
3049,-0.8777159752060554,-0.9987655978153713,0.5320639761014085
3050,-0.8777159752533983,-0.9987655978153713,0.5320639761014085
3051,-0.8777159752066471,-0.9987655978148549,0.5320639761013115
3052,-0.8777159752063513,-0.9987655978148549,0.5320639761014085
3053,-0.8910821140127311,-0.9889835571467546,0.49072502385492067
3054,-0.9987674328227614,-0.9101738010439638,0.15767459542238269
3055,-0.9987674327757143,-0.9101738005951534,0.15767459542228557
3056,-0.9987674328224655,-0.9101738010449968,0.15767459542238269
3057,-0.9987674328224655,-0.9101738005951534,0.15767459542228557
3058,-0.9987674328230572,-0.9101738010439638,0.15767459542238269
3059,-0.9987674328224655,-0.9101738005961864,0.15767459542228557
3060,-0.9987674328230572,-0.9101738010439638,0.15767459542238269
3061,-0.9987674328224655,-0.9101738010439638,0.15767459542238269
3062,-0.9987674328224655,-0.9101738005951534,0.15767459542228557
3063,-0.9987674328224655,-0.9101738010439638,0.15767459542238269
3064,-0.9987674328224655,-0.9101738005951534,0.15767459542228557
3065,-0.9987674327763061,-0.9101738010444803,0.15767459542238269
3066,-0.9987674328224655,-0.9101738005956699,0.15767459542228557
3067,-0.9987674328224655,-0.9101738010444803,0.15767459542238269
3068,-0.9987674328224655,-0.9101738010434474,0.15767459542228557
3069,-0.9987674328230572,-0.9101738005956699,0.15767459542238269
3070,-0.9987674328224655,-0.9101738010439638,0.15767459542228557
3071,-0.9987674328224655,-0.9101738005951534,0.15767459542238269
3072,-0.9987674328224655,-0.9101738010439638,0.15767459542238269
3073,-0.9704071135673986,-0.9325114353967449,0.19879108135396154
3074,-0.9613040315693362,-0.939681358841274,0.21198863179636054
3075,-0.9613040315693362,-0.9396813588423069,0.21198863179636054
3076,-0.9613040315693362,-0.9396813588417905,0.21198863179636054
3077,-0.9613040315693362,-0.939681358841274,0.21198863179636054
3078,-0.9613040315693362,-0.939681358841274,0.21198863179636054
3079,-0.9613040315693362,-0.9396813588423069,0.21198863179636054
3080,-0.9613040315693362,-0.939681358841274,0.21198863179626343
3081,-0.9613040315693362,-0.939681358841274,0.21198863179636054
3082,-0.9613040315693362,-0.9396813588423069,0.21198863179636054
3083,-0.9613040315693362,-0.9396813592895679,0.21198863179636054
3084,-0.9613040315693362,-0.9396813588423069,0.21198863179636054
3085,-0.9613040315693362,-0.939681358841274,0.21198863179636054
3086,-0.9613040315699279,-0.9396813588423069,0.21198863179636054
3087,-0.9613040315693362,-0.939681358841274,0.21198863179636054
3088,-0.9613040315687443,-0.9396813588417905,0.21198863179636054
3089,-0.9613040315699279,-0.939681358841274,0.21198863179636054
3090,-0.9613040315693362,-0.9396813588423069,0.21198863179636054
3091,-0.9613040315687443,-0.939681358841274,0.21198863179636054
3092,-0.9613040315693362,-0.939681358841274,0.21198863179636054
3093,-0.9613040315699279,-0.9396813588423069,0.21198863179636054
3094,-0.9613040315687443,-0.939681358841274,0.21198863179636054
3095,-0.9613040315693362,-0.9396813592906008,0.21198863179636054
3096,-0.9613040315693362,-0.939681358841274,0.21198863179636054
3097,-0.9613040315693362,-0.939681358841274,0.21198863179636054
3098,-0.9613040315699279,-0.9396813588423069,0.21198863179636054
3099,-0.9613040315687443,-0.9396813588417905,0.21198863179636054
3100,-0.9613040315693362,-0.939681358841274,0.21198863179636054
3101,-0.9613040315693362,-0.939681358841274,0.21198863179636054
3102,-0.9613040315693362,-0.9396813588423069,0.21198863179636054
3103,-0.9613040315693362,-0.939681358841274,0.21198863179636054
3104,-0.9613040315693362,-0.939681358841274,0.21198863179636054
3105,-0.9613040315693362,-0.9396813588423069,0.21198863179636054
3106,-0.9613040315693362,-0.9396813588417905,0.21198863179636054
3107,-0.9613040315693362,-0.9396813592890515,0.21198863179636054
3108,-0.9613040315693362,-0.9396813588423069,0.21198863179636054
3109,-0.9613040315693362,-0.9396813588423069,0.21198863179636054
3110,-0.9613040315693362,-0.939681358841274,0.21198863179636054
3111,-0.9613040315693362,-0.939681358841274,0.21198863179626343
3112,-0.9613040315693362,-0.9396813588417905,0.21198863179636054
3113,-0.9613040315693362,-0.9396813588423069,0.21198863179636054
3114,-0.9613040315693362,-0.9396813588402411,0.21198863179636054
3115,-0.9613040315693362,-0.9396813588423069,0.21198863179636054
3116,-0.9613040315693362,-0.9396813588423069,0.21198863179636054
3117,-0.9613040315693362,-0.939681358841274,0.21198863179636054
3118,-0.9613040315693362,-0.939681358841274,0.21198863179636054
3119,-0.9613040315693362,-0.9396813592906008,0.21198863179636054
3120,-0.9613040315693362,-0.939681358841274,0.21198863179636054
3121,-0.9613040315693362,-0.9396813588423069,0.21198863179636054
3122,-0.9613040315693362,-0.939681358841274,0.21198863179636054
3123,-0.9613040315693362,-0.9396813588417905,0.21198863179636054
3124,-0.9613040315699279,-0.939681358841274,0.21198863179636054
3125,-0.9613040315693362,-0.939681358841274,0.21198863179636054
3126,-0.9613040315687443,-0.9396813588423069,0.21198863179636054
3127,-0.9613040315699279,-0.939681358841274,0.21198863179636054
3128,-0.9613040315693362,-0.9396813588423069,0.21198863179636054
3129,-0.9613040315693362,-0.939681358841274,0.21198863179636054
3130,-0.9613040315687443,-0.9396813588417905,0.21198863179636054
3131,-0.9613040315699279,-0.9396813592900843,0.21198863179636054
3132,-0.9613040315687443,-0.9396813588423069,0.21198863179636054
3133,-0.9613040315699279,-0.939681358841274,0.21198863179636054
3134,-0.9613040315693362,-0.939681358841274,0.21198863179636054
3135,-0.9613040315687443,-0.9396813588417905,0.21198863179636054
3136,-0.9613040315693362,-0.939681358841274,0.21198863179636054
3137,-0.9613040315699279,-0.939681358841274,0.21198863179636054
3138,-0.9613040315687443,-0.9396813588423069,0.21198863179636054
3139,-0.9613040315693362,-0.9396813588417905,0.21198863179636054
3140,-0.9613040315699279,-0.9396813588417905,0.21198863179636054
3141,-0.9613040315687443,-0.939681358841274,0.21198863179636054
3142,-0.9613040315693362,-0.9396813588417905,0.21198863179636054
3143,-0.9613040315693362,-0.9396813592900843,0.21198863179626343
3144,-0.9613040315693362,-0.939681358841274,0.21198863179636054
3145,-0.9613040315693362,-0.9396813588423069,0.21198863179636054
3146,-0.9613040315693362,-0.9396813588417905,0.21198863179636054
3147,-0.9613040315693362,-0.939681358841274,0.21198863179636054
3148,-0.9613040315693362,-0.939681358841274,0.21198863179636054
3149,-0.9613040315699279,-0.9396813588423069,0.21198863179636054
3150,-0.9613040315687443,-0.939681358841274,0.21198863179636054
3151,-0.9613040315231768,-0.939681358841274,0.21198863179636054
3152,-0.9613040315693362,-0.9396813588423069,0.21198863179636054
3153,-0.9613040315687443,-0.9396813588417905,0.21198863179636054
3154,-0.9613040315693362,-0.939681358841274,0.21198863179636054
3155,-0.9613040315699279,-0.9396813592900843,0.21198863179636054
3156,-0.9613040315687443,-0.9396813588423069,0.21198863179636054
3157,-0.9613040315693362,-0.939681358841274,0.21198863179636054
3158,-0.9613040315699279,-0.9396813588417905,0.21198863179636054
3159,-0.9613040315687443,-0.939681358841274,0.21198863179636054
3160,-0.9613040315699279,-0.9396813588423069,0.21198863179636054
3161,-0.9613040315687443,-0.939681358841274,0.21198863179636054
3162,-0.908474803511387,-0.97794123091582,0.5822868916869997
3163,-0.9058723410067596,-0.9798259810073308,0.6005284474942101
3164,-0.9058723410061679,-0.9798259805590368,0.6005284474941129
3165,-0.9058723410546944,-0.9798259810062978,0.6005284474942101
3166,-0.9058723410061679,-0.9798259805595533,0.6005284474942101
3167,-0.9058723410546944,-0.9798259810062978,0.6005284474942101
3168,-1.0006617192091745,-0.9077644870381312,0.5678418892403825
3169,-1.0130332294909756,-0.8983593246013919,0.5635757773812385
3170,-1.0130332294442244,-0.8983593246008754,0.5635757773812385
3171,-1.0130332294909756,-0.8983593241530979,0.5635757773812385
3172,-1.0130332294909756,-0.8983593246013919,0.5635757773812385
3173,-1.0130332294442244,-0.8983593246008754,0.5635757773811414
3174,-1.0130332294909756,-0.8983593246019084,0.5635757773812385
3175,-1.0130332294909756,-0.8983593246003589,0.5635757773812385
3176,-1.0130332294442244,-0.8983593246019084,0.5635757773812385
3177,-1.0130332294915674,-0.8983593246013919,0.5635757773812385
3178,-1.0130332294436326,-0.8983593246019084,0.5635757773812385
3179,-1.0130332294909756,-0.8983593246008754,0.5635757773811414
3180,-1.0130332294909756,-0.8983593241525815,0.5635757773812385
3181,-1.0130332294442244,-0.8983593246008754,0.5635757773812385
3182,-1.0130332294909756,-0.8983593246019084,0.5635757773812385
3183,-1.0130332294442244,-0.8983593246013919,0.5635757773812385
3184,-1.0130332294903839,-0.8983593246008754,0.5635757773812385
3185,-0.9890066105861859,-0.9179729892418058,-0.26355176737865493
3186,-0.9833628234400642,-0.9222731600601884,-0.3792900701908687
3187,-0.7860107920611848,-1.0542338297556473,0.2831577833407061
3188,-0.786010792060593,-1.054233830204974,0.2831577833407061
3189,-0.7860107920611848,-1.0542338297561638,0.2831577833407061
3190,-0.786010792060593,-1.0542338302044576,0.2831577833408032
3191,-0.786010792060593,-1.0542338297561638,0.2831577833407061
3192,-0.7860107920611848,-1.0542338302039411,0.2831577833407061
3193,-0.786010792060593,-1.05423382975668,0.2831577833407061
3194,-0.786010792060593,-1.0542338302044576,0.2831577833407061
3195,-0.7860107920611848,-1.0542338297556473,0.2831577833407061
3196,-0.786010792060593,-1.054233830204974,0.2831577833407061
3197,-0.786010792107936,-1.0542338297561638,0.2831577833407061
3198,-0.7860107920611848,-1.0542338297556473,0.2831577833407061
3199,-0.786010792060593,-1.054233830204974,0.2831577833407061
3200,-0.773556466117575,-1.0609993940444677,0.22818213913392835
3201,-0.7573390285650766,-1.0698091938871184,0.15659544056204192
3202,-0.7573390286118278,-1.0698091938876348,0.1565954405619448
3203,-0.7573390285656684,-1.069809193886602,0.15659544056204192
3204,-0.7573390286112359,-1.0698091938876348,0.15659544056204192
3205,-0.7573390285650766,-1.069809193886602,0.1565954405619448
3206,-0.7573390286124195,-1.0698091938876348,0.15659544056204192
3207,-0.7573390285650766,-1.0698091938871184,0.15659544056204192
3208,-0.7573390286112359,-1.0698091938871184,0.1565954405619448
3209,-0.7573390285656684,-1.0698091938876348,0.15659544056204192
3210,-0.7573390286118278,-1.069809193438308,0.15659544056204192
3211,-0.7573390285644848,-1.0698091938871184,0.1565954405619448
3212,-0.7573390286118278,-1.0698091938881513,0.15659544056204192
3213,-0.7573390285650766,-1.0698091938860856,0.15659544056204192
3214,-0.7573390286124195,-1.0698091938881513,0.15659544056204192
3215,-0.7573390285650766,-1.0698091938871184,0.1565954405619448
3216,-0.7573390285650766,-1.0698091938871184,0.15659544056204192
3217,-0.7573390286124195,-1.0698091938876348,0.15659544056204192
3218,-0.7573390285650766,-1.0698091938860856,0.1565954405619448
3219,-0.7573390286118278,-1.0698091938881513,0.15659544056204192
3220,-0.7319346935052045,-1.0829443438430784,-0.045048583572125815
3221,-0.7309301801695024,-1.0834637207919549,-0.05302179433592935
3222,-0.7309301801689106,-1.083463721240249,-0.05302179433583223
3223,-0.7309301801689106,-1.0834637207914384,-0.05302179433592935
3224,-0.7309301801695024,-1.0834637212407654,-0.05302179433592935
3225,-0.7309301801695024,-1.083463720790922,-0.05302179433592935
3226,-0.7309301801683188,-1.0834637212407654,-0.05302179433592935
3227,-0.7309301801695024,-1.0834637212407654,-0.05302179433592935
3228,-0.7309301801689106,-1.083463720790922,-0.05302179433583223
3229,-0.7309301801227512,-1.0834637212407654,-0.05302179433592935
3230,-0.7309301801689106,-1.0834637207919549,-0.05302179433592935
3231,-0.7309301801689106,-1.0834637212397324,-0.05302179433592935
3232,-0.7309301801695024,-1.0834637207919549,-0.05302179433592935
3233,-0.7309301801683188,-1.083463721240249,-0.05302179433583223
3234,-0.7309301801695024,-1.0834637207914384,-0.05302179433592935
3235,-0.7309301801695024,-1.0834637212407654,-0.05302179433592935
3236,-0.7309301801683188,-1.083463721240249,-0.05302179433592935
3237,-0.7309301801227512,-1.0834637207914384,-0.05302179433592935
3238,-0.7309301801689106,-1.083463721240249,-0.05302179433592935
3239,-0.7309301801695024,-1.0834637207919549,-0.05302179433583223
3240,-0.7439312215350824,-1.076814528352664,0.5673286273244444
3241,-0.7448476596740303,-1.076345829439228,0.6110568798630693
3242,-0.7448476597207815,-1.0763458294397446,0.6110568798631664
3243,-0.7448476597213732,-1.0763458289904178,0.6110568798630693
3244,-0.7448476596740303,-1.0763458294397446,0.6110568798631664
3245,-0.7448476597213732,-1.076345829439228,0.6110568798630693
3246,-0.7448476597207815,-1.0763458289904178,0.6110568798631664
3247,-0.7448476596740303,-1.0763458294397446,0.6110568798630693
3248,-0.7448476597213732,-1.076345829439228,0.6110568798631664
3249,-0.7448476597207815,-1.0763458294397446,0.6110568798630693
3250,-0.7448476596740303,-1.0763458289904178,0.6110568798631664
3251,-0.7448476597207815,-1.076345829439228,0.6110568798630693
3252,-0.22902070036090938,-0.19626799173216383,-0.30082025759985753
3253,-0.22902070040766054,-0.1962679917326803,-0.3008202575997604
3254,-0.2290207003603176,-0.19626799173216383,-0.30082025759985753
3255,-0.22902070040825234,-0.19626799128335343,-0.30082025759985753
3256,-0.2290207003603176,-0.19626799173319678,-0.3008202575997604
3257,-0.22902070040766054,-0.1962679917311309,-0.30082025759985753
3258,-0.2290207003603176,-0.1962679917326803,-0.30082025759985753
3259,-0.22902070040766054,-0.1962679917326803,-0.3008202575997604
3260,-0.22902070036090938,-0.19626799173164736,-0.30082025759985753
3261,-0.2290207003603176,-0.19626799173216383,-0.3008202575997604
3262,-0.22902070040825234,-0.19626799173319678,-0.30082025759985753
3263,-0.2290207003603176,-0.19626799173216383,-0.30082025759985753
3264,-0.22902070040766054,-0.19626799128335343,-0.3008202575997604
3265,-0.2290207003603176,-0.19626799173164736,-0.30082025759985753
3266,-0.22902070040766054,-0.19626799173319678,-0.30082025759985753
3267,-0.22902070036090938,-0.19626799173216383,-0.3008202575997604
3268,-0.22902070040766054,-0.1962679917311309,-0.30082025759985753
3269,-0.22902070036090938,-0.19626799173319678,-0.30082025759985753
3270,-0.22902070040706876,-0.19626799173216383,-0.3008202575997604
3271,-0.22902070036090938,-0.1962679912838699,-0.30082025759985753
3272,-0.22902070036090938,-0.19626799173216383,-0.30082025759985753
3273,-0.22902070040706876,-0.19626799173216383,-0.3008202575997604
3274,-0.22902070036150118,-0.19626799173216383,-0.30082025759985753
3275,-0.22902070040706876,-0.19626799173216383,-0.30082025759985753
3276,-0.2290207003603176,-0.19626799173216383,-0.3008202575997604
3277,-0.22902070040766054,-0.1962679917326803,-0.30082025759985753
3278,-0.2290207003603176,-0.19626799173216383,-0.30082025759985753
3279,-0.22902070040766054,-0.19626799173216383,-0.3008202575997604
3280,-0.22902070036090938,-0.19626799128335343,-0.30082025759985753
3281,-0.22902070040766054,-0.19626799173216383,-0.30082025759985753
3282,-0.2290207003603176,-0.1962679917326803,-0.3008202575997604
3283,-0.22902070036090938,-0.19626799173216383,-0.30082025759985753
3284,-0.22902070040706876,-0.19626799173216383,-0.3008202575997604
3285,-0.22902070036150118,-0.19626799173216383,-0.30082025759985753
3286,-0.22902070040706876,-0.19626799173216383,-0.30082025759985753
3287,-0.22902070036150118,-0.1962679912838699,-0.3008202575997604
3288,-0.22902070040706876,-0.19626799173216383,-0.30082025759985753
3289,-0.22902070036090938,-0.19626799173216383,-0.30082025759985753
3290,-0.22902070040706876,-0.19626799173216383,-0.3008202575997604
3291,-0.2290207003603176,-0.19626799173216383,-0.30082025759985753
3292,-0.821791162083275,-0.7728229251504145,0.644452868056747
3293,-0.821791162083275,-0.7728229247005711,0.644452868056747
3294,-0.8217911620826831,-0.772822925149898,0.644452868056844
3295,-0.821791162083275,-0.7728229251493816,0.644452868056747
3296,-0.8217911620826831,-0.7728229251504145,0.644452868056747
3297,-0.821791162083275,-0.7728229247005711,0.644452868056747
3298,-0.8217911620826831,-0.7728229251493816,0.644452868056844
3299,-0.821791162083275,-0.772822925149898,0.644452868056747
3300,-0.8217911621294343,-0.7728229247005711,0.644452868056747
3301,-0.821791162083275,-0.7728229251504145,0.644452868056747
3302,-0.8217911620826831,-0.7728229251493816,0.644452868056844
3303,-0.8217911620826831,-0.7728229247010876,0.644452868056747
3304,-0.821791162083275,-0.7728229251504145,0.644452868056747
3305,-0.821791162083275,-0.7728229251493816,0.644452868056747
3306,-0.821791162083275,-0.7728229251488651,0.644452868056844
3307,-0.8217911620820914,-0.7728229247016041,0.644452868056747
3308,-0.821791162083275,-0.7728229251493816,0.644452868056747
3309,-0.7517026766143492,-0.6572147930045215,-0.01889669380750623
3310,-0.7517026766161246,-0.6572147930050379,-0.01889669380750623
3311,-0.7517026766143492,-0.6572147930055544,-0.01889669380750623
3312,-0.7517026765681898,-0.6572147925562275,-0.01889669380750623
3313,-0.751702676614941,-0.6572147930055544,-0.01889669380750623
3314,-0.751702676614941,-0.657214793004005,-0.01889669380750623
3315,-0.751702676614941,-0.6572147930055544,-0.01889669380750623
3316,-0.7517026766143492,-0.6572147930045215,-0.01889669380750623
3317,-1.8474557089567056,-1.4802315752295587,0.043235221077893356
3318,-1.847455709002865,-1.480231575677336,0.04323522107779623
3319,-1.8474557089561139,-1.4802315752295587,0.043235221077893356
3320,-1.8474557090022732,-1.4802315752295587,0.04323522107779623
3321,-1.8474557089561139,-1.480231575677336,0.043235221077893356
3322,-1.847455709002865,-1.4802315752295587,0.04323522107779623
3323,-1.8474557089555221,-1.4802315756778526,0.043235221077893356
3324,-1.847455709003457,-1.4802315752290423,0.04323522107779623
3325,-1.8474557089555221,-1.4802315752295587,0.043235221077893356
3326,-1.847455709002865,-1.4802315756778526,0.04323522107779623
3327,-1.8474557089561139,-1.4802315752290423,0.043235221077893356
3328,-1.7442571710619028,-1.6052427462990437,0.24688983097988
3329,-1.7442571710619028,-1.6052427458492002,0.24688983097988
3330,-1.7442571710619028,-1.6052427462990437,0.24688983097988
3331,-1.744257171061311,-1.6052427458492002,0.24688983097988
3332,-1.7442571711080623,-1.6052427462990437,0.24688983097978287
3333,-1.744257171061311,-1.6052427458492002,0.24688983097988
3334,-1.744257171061311,-1.6052427462990437,0.24688983097988
3335,-1.7442571710619028,-1.6052427458492002,0.24688983097988
3336,-1.7442571710619028,-1.6052427462990437,0.24688983097988
3337,-1.6213764377589794,-2.0542624612995795,-0.3606222256769612
3338,-1.6213764378057305,-2.054262461299063,-0.3606222256769612
3339,-1.621376437757796,-2.054262460851802,-0.36062222567705826
3340,-1.6213764378057305,-2.054262461299063,-0.3606222256769612
3341,-1.6213764377583877,-2.0542624612995795,-0.3606222256769612
3342,-1.6213764378051387,-2.054262461300096,-0.3606222256769612
3343,-1.6213764377589794,-2.0542624608512856,-0.36062222567705826
3344,-1.6213764378051387,-2.054262461299063,-0.3606222256769612
3345,-1.6213764377583877,-2.0542624612995795,-0.3606222256769612
3346,-0.15924199827207278,-2.583088414821986,-0.01889669380750623
3347,-0.15924199827088922,-2.583088414373692,-0.01889669380750623
3348,-0.159241998271481,-2.5830884148225026,-0.01889669380750623
3349,-0.15924199827088922,-2.5830884148225026,-0.01889669380750623
3350,-0.159241998271481,-2.583088414373692,-0.01889669380750623
3351,-0.159241998271481,-2.583088414821986,-0.01889669380750623
3352,-0.159241998271481,-2.5830884148225026,-0.01889669380750623
3353,-0.15924199827088922,-2.5830884148214697,-0.01889669380750623
3354,-0.15924199822472984,-2.583088414373692,-0.01889669380750623
3355,-0.15924199827088922,-2.5830884148225026,-0.01889669380750623
3356,-0.159241998271481,-2.583088414821986,-0.01889669380750623
3357,-0.159241998271481,-2.583088414373692,-0.01889669380750623
3358,-0.159241998271481,-2.5830884148225026,-0.01889669380750623
3359,-0.15924199827088922,-2.5830884148214697,-0.01889669380750623
3360,-0.159241998271481,-2.583088414373692,-0.01889669380750623
3361,-0.159241998271481,-2.5830884148225026,-0.01889669380750623
3362,0.16331992663160524,-2.7646256824362614,-0.01889669380750623
3363,0.16331992658544586,-2.764625681987451,-0.01889669380750623
3364,0.16331992663101344,-2.764625682435745,-0.01889669380750623
3365,0.16331992663219702,-2.764625682435745,-0.01889669380750623
3366,0.16331992658485409,-2.7646256824362614,-0.01889669380750623
3367,0.16331992663160524,-2.764625682435745,-0.01889669380750623
3368,0.16331992658485409,-2.764625681987451,-0.01889669380750623
3369,0.16331992663160524,-2.7646256824362614,-0.01889669380750623
3370,0.47929895507884673,-2.5909813394814214,-0.01889669380750623
3371,0.4792989550320956,-2.5909813390331276,-0.01889669380750623
3372,0.6056905664383327,-3.152957576483488,-0.01889669380750623
3373,0.6056905664383327,-3.152957576483488,-0.01889669380750623
3374,0.6056905664383327,-3.1529575769322986,-0.01889669380750623
3375,0.6056905664389245,-3.152957576484521,-0.01889669380750623
3376,0.6056905664383327,-3.1529575764829714,-0.01889669380750623
3377,0.05799358380027437,-2.456801619823758,-0.01889669380750623
3378,0.05799358380086616,-2.4568016198242746,-0.01889669380750623
3379,0.05799358380027437,-2.456801619823758,-0.01889669380750623
3380,0.057993583754115,-2.4568016198242746,-0.01889669380750623
3381,0.057993583799682585,-2.4568016198242746,-0.01889669380750623
3382,0.05799358380086616,-2.456801619823758,-0.01889669380750623
3383,0.05799358380086616,-2.4568016198242746,-0.01889669380750623
3384,0.05799358380027437,-2.4568016198232416,-0.01889669380750623
3385,-0.205322273230414,-1.847611342171145,-0.01889669380750623
3386,-0.20532227327775693,-1.8476113426189227,-0.01889669380750623
3387,-0.205322273230414,-1.8476113421706286,-0.01889669380750623
3388,-0.20532227327775693,-1.8476113421706286,-0.01889669380750623
3389,-0.20532227323100577,-1.8476113421716616,-0.01889669380750623
3390,-0.20532227327716515,-1.8476113426184062,-0.01889669380750623
3391,-0.205322273230414,-1.8476113421706286,-0.01889669380750623
3392,-0.20532227327716515,-1.847611342171145,-0.01889669380750623
3393,-0.20532227323159755,-1.8476113421706286,-0.01889669380750623
3394,-0.20532227327716515,-1.8476113426194392,-0.01889669380750623
3395,-0.20532227323100577,-1.8476113421706286,-0.01889669380750623
3396,-0.15265910181504444,-1.6811423855558498,-0.01889669380750623
3397,-0.1526591018617956,-1.6811423851070395,-0.01889669380750623
3398,-0.15265910181504444,-1.6811423855553334,-0.01889669380750623
3399,-0.1526591018617956,-1.6811423855568828,-0.01889669380750623
3400,-0.15265910181504444,-1.6811423855553334,-0.01889669380750623
3401,-0.1526591018617956,-1.6811423851070395,-0.01889669380750623
3402,-0.15265910181504444,-1.6811423855558498,-0.01889669380750623
3403,-0.15265910186238738,-1.6811423855553334,-0.01889669380750623
3404,-0.15265910181445266,-1.6811423855558498,-0.01889669380750623
3405,-0.15265910186297918,-1.681142385107556,-0.01889669380750623
3406,-0.15265910181504444,-1.6811423855558498,-0.01889669380750623
3407,-0.27544950717698113,-0.46148771651210246,-0.12011614057941578
3408,-0.27544950717757294,-0.46148771651261894,-0.12011614057941578
3409,-0.2754495072237323,-0.46148771606432504,-0.12011614057941578
3410,-0.27544950717757294,-0.46148771651210246,-0.12011614057931866
3411,-0.27544950717757294,-0.46148771651261894,-0.12011614057941578
3412,-0.27544950717698113,-0.4614877165131354,-0.12011614057941578
3413,-0.27544950717757294,-0.46148771606380856,-0.12011614057941578
3414,-0.2754495072237323,-0.4614877165131354,-0.12011614057941578
3415,-0.27544950717757294,-0.46148771651210246,-0.12011614057941578
3416,-0.27544950717757294,-0.46148771651261894,-0.12011614057941578
3417,-0.27544950717698113,-0.46148771606432504,-0.12011614057931866
3418,-0.27544950717757294,-0.46148771651261894,-0.12011614057941578
3419,-0.2754495072243241,-0.46148771651210246,-0.12011614057941578
3420,-0.13627897457391266,-0.4901735968778197,-0.1831930023330194
3421,0.005330412384904826,-0.5193621747763485,-0.24737523659473504
3422,-0.1877678827588214,-0.2862473331186007,-0.47453073630011283
3423,-0.18776788280557255,-0.28624733266979024,-0.47453073630021
3424,-0.1877678827588214,-0.2862473331175677,-0.47453073630011283
3425,-0.15253035922395283,-0.17701306865992592,-0.11201862097111952
3426,-0.15253035922336106,-0.1770130686604424,-0.11201862097111952
3427,-0.15253035917720167,-0.177013068658893,-0.11201862097111952
3428,-0.13252170947082761,-0.18587390142826488,0.04908731538942286
3429,-0.0919610426451842,-0.2038361967752592,0.37567428113547496
3430,-0.0919610426451842,-0.20383619677474274,0.37567428113547496
3431,-0.091961042645776,-0.20383619722303667,0.3756742811353778
3432,-0.0919610426451842,-0.20383619677422626,0.37567428113547496
3433,-0.5113514845913202,-0.5015338562809458,1.1784933236753277
3434,-0.445486989481278,-0.5422835774293046,0.49234094805703144
3435,-0.3964127453912086,-0.5726453347362639,-0.01889669380750623
3436,-0.2843170303306845,-0.4756775253912788,-0.01889669380750623
3437,-0.28431703037743566,-0.47567752494246834,-0.01889669380750623
3438,-0.13159383328688934,-0.17258921775437405,-0.01889669380750623
3439,-0.13159383328570576,-0.17258921775437405,-0.01889669380750623
3440,-0.13159383324013818,-0.17258921730504717,-0.01889669380750623
3441,-0.13159383328570576,-0.17258921775385758,-0.01889669380750623
3442,-0.13159383328688934,-0.17258921775540698,-0.01889669380750623
3443,-0.1526591018617956,-0.14417468880046921,-0.23247515122592768
3444,-0.15265910181445266,-0.1441746888009857,-0.23247515122592768
3445,-0.15265910186238738,-0.14417468880150214,-0.23247515122592768
3446,-0.1526591018617956,-0.1441746888009857,-0.23247515122592768
3447,-0.15265910181504444,-0.1441746888009857,-0.23247515122592768
3448,-0.1526591018617956,-0.14417468880046921,-0.23247515122592768
3449,-0.15265910181504444,-0.14417468880150214,-0.23247515122592768
3450,-0.15265910186238738,-0.1441746888009857,-0.23247515122592768
3451,0.026395680960994664,-0.07155978157637104,0.015275859379410122
3452,0.026395680960402877,-0.07155978202466498,0.015275859379507248
3453,0.026395680913651718,-0.07155978157637104,0.015275859379410122
3454,0.026395680960402877,-0.0715597815753381,0.015275859379410122
3455,0.026395680960994664,-0.07155978157740397,0.015275859379507248
3456,0.026395680960402877,-0.07155978202414852,0.015275859379410122
3457,0.02639568095981109,-0.07155978157585458,0.015275859379410122
3458,0.026395680913651718,-0.07155978157637104,0.015275859379410122
3459,0.026395680960994664,-0.07155978202414852,0.015275859379507248
3460,0.02639568095981109,-0.07155978157637104,0.015275859379410122
3461,-0.047332759029872926,-0.1757463874392438,-0.3606222256769612
3462,-0.047332759030464716,-0.17574638788650482,-0.36062222567705826
3463,-0.0473327590310565,-0.17574638743872734,-0.3606222256769612
3464,-0.0473327590310565,-0.17574638743872734,-0.3606222256769612
3465,-0.23165385891472318,-0.7282511149389237,-0.8732105234811921
3466,-0.2316538589620661,-0.7282511153877341,-0.8732105234811921
3467,-0.4159749588930757,-1.5491152813061522,1.0062799018009556
3468,-0.46863813030844526,-1.6754020767537068,-0.01889669380750623
3469,-1.0479330157402156,-1.7385454740276407,-0.01889669380750623
3470,-0.9689382586866963,-1.9406043459363858,-0.01889669380750623
3471,-0.9689382586399451,-1.9406043454870587,-0.01889669380750623
3472,-0.9689382586866963,-1.9406043459353528,-0.01889669380750623
3473,-0.9689382586399451,-1.9406043459363858,-0.01889669380750623
3474,-0.9689382586872881,-1.9406043454865423,-0.01889669380750623
3475,-0.9689382586866963,-1.9406043459363858,-0.01889669380750623
3476,-0.9689382586393533,-1.9406043459353528,-0.01889669380750623
3477,-0.9689382586872881,-1.9406043459358693,-0.01889669380750623
3478,-0.9689382586399451,-1.9406043454865423,-0.01889669380750623
3479,-0.9689382586866963,-1.9406043459363858,-0.01889669380750623
3480,-0.5423665702525616,-2.256321332758481,0.20892032743879704
3481,-0.5423665702537452,-2.2563213332072913,0.20892032743879704
3482,-0.5423665702993128,-2.2563213327579645,0.20892032743879704
3483,-0.5423665702537452,-2.2563213332072913,0.20892032743889416
3484,-0.5423665702531535,-2.256321332758481,0.20892032743879704
3485,-0.5423665702531535,-2.2563213332072913,0.20892032743879704
3486,-0.5423665702531535,-2.256321332758481,0.20892032743879704
3487,-0.5423665702999046,-2.2563213332072913,0.20892032743879704
3488,-0.5423665702531535,-2.256321332758481,0.20892032743879704
3489,-0.5423665702525616,-2.2563213332072913,0.20892032743879704
3490,-0.5423665702531535,-2.256321332758481,0.20892032743879704
3491,-0.5423665702537452,-2.256321333207808,0.20892032743889416
3492,-0.5423665702999046,-2.256321332757448,0.20892032743879704
3493,-0.5423665702531535,-2.2563213332072913,0.20892032743879704
3494,-0.5423665702525616,-2.256321332759514,0.20892032743879704
3495,-0.7143995968687246,-2.2647404526635686,-0.01889669380750623
3496,-0.7143995968207898,-2.2647404526646016,-0.01889669380750623
3497,-0.7143995968681328,-2.2647404526646016,-0.01889669380750623
3498,-0.616095010244021,-2.1174058585745463,-0.01889669380750623
3499,-0.6160950102446128,-2.1174058585735134,-0.01889669380750623
3500,-0.6160950101984535,-2.117405858575063,-0.01889669380750623
3501,-0.6160950102434293,-2.1174058585745463,-0.01889669380750623
3502,-0.6160950102452046,-2.1174058585745463,-0.01889669380750623
3503,-1.8168153183508768,-1.1955122560293145,0.6645543699314036
3504,-1.8168153183520603,-1.195512256028798,0.6645543699315007
3505,-1.8168153183041258,-1.1955122560293145,0.6645543699314036
3506,-1.8168153183514686,-1.1955122560282816,0.6645543699315007
3507,-1.8168153183520603,-1.1955122560293145,0.6645543699314036
3508,-1.4494896977429808,-0.7913945126621845,0.40826022102933673
3509,-1.4494896977903238,-0.791394512214407,0.40826022102933673
3510,-1.449489697789732,-0.7913945126621845,0.40826022102933673
3511,-1.449489697742389,-0.791394512214407,0.40826022102933673
3512,-1.4494896977435725,-0.7913945126621845,0.40826022102933673
3513,-1.449489697789732,-0.7913945126632175,0.40826022102933673
3514,-1.449489697789732,-0.7913945122133741,0.40826022102933673
3515,-1.449489697742389,-0.7913945126632175,0.40826022102933673
3516,-1.1664251514376685,-0.7440369647060885,-0.01889669380750623
3517,-1.166425151436485,-0.744036964258311,-0.01889669380750623
3518,-1.166425151483236,-0.7440369642577945,-0.01889669380750623
3519,-1.1664251514370767,-0.7440369647060885,-0.01889669380750623
3520,-0.0692757471087115,-0.3493907303930511,0.09501181681564541
3521,-0.0692757471081197,-0.3493907303930511,0.09501181681564541
3522,-0.06927574710930329,-0.3493907303925346,0.09501181681564541
3523,-0.06927574710930329,-0.3493907303930511,0.09501181681564541
3524,-0.0692757471081197,-0.3493907303930511,0.09501181681564541
3525,-0.06927574710989506,-0.34939073084134503,0.09501181681564541
3526,-0.0692757471081197,-0.3493907303930511,0.09501181681574254
3527,-0.06927574710930329,-0.3493907303930511,0.09501181681564541
3528,-0.0692757471081197,-0.3493907303930511,0.09501181681564541
3529,-0.06927574710930329,-0.3493907303925346,0.09501181681564541
3530,-0.0692757471081197,-0.3493907303930511,0.09501181681564541
3531,-0.06927574710930329,-0.3493907303930511,0.09501181681564541
3532,0.0132298880948727,0.019998144652500677,-0.03598297040096441
3533,0.0132298880948727,0.019998144651467743,-0.03598297040096441
3534,0.0132298880948727,0.01999814420265733,-0.03598297040096441
3535,0.0132298880948727,0.019998144652500677,-0.035982970401061534
3536,0.0132298880948727,0.019998144651467743,-0.03598297040096441
3537,0.013229888095464487,0.01999814420265733,-0.03598297040096441
3538,0.013229888094280913,0.019998144652500677,-0.03598297040096441
3539,0.013229888095464487,0.019998144651467743,-0.03598297040096441
3540,0.013229888094280913,0.019998144652500677,-0.03598297040096441
3541,0.013229888095464487,0.019998144651467743,-0.03598297040096441
3542,0.0132298880948727,0.019998144203690265,-0.035982970401061534
3543,0.0132298880948727,0.019998144651467743,-0.03598297040096441
3544,0.0132298880948727,0.019998144652500677,-0.03598297040096441
3545,0.0132298880948727,0.01999814420265733,-0.03598297040096441
3546,0.0132298880948727,0.019998144651467743,-0.03598297040096441
3547,0.013229888094280913,0.019998144652500677,-0.03598297040096441
3548,0.013229888095464487,0.019998144651467743,-0.035982970401061534
3549,0.013229888094280913,0.01999814465198421,-0.03598297040096441
3550,0.013229888095464487,0.0199981442031738,-0.03598297040096441
3551,0.013229888095464487,0.019998144651467743,-0.03598297040096441
3552,0.005003311945988208,0.02868526402548914,-0.01889669380750623
3553,0.005003311947763568,0.028685264024456206,-0.01889669380750623
3554,0.005003311947171781,0.02868526447326662,-0.01889669380750623
3555,0.005003311947171781,0.028685264024972675,-0.01889669380750623
3556,0.0050033119004206225,0.028685264024456206,-0.01889669380750623
3557,0.005003311946579994,0.02868526402548914,-0.01889669380750623
3558,0.005003311947763568,0.02868526447275015,-0.01889669380750623
3559,0.005003311947171781,0.028685264024456206,-0.01889669380750623
3560,0.005003311947171781,0.02868526402548914,-0.01889669380750623
3561,0.005003311947171781,0.028685264024456206,-0.01889669380750623
3562,0.005003311947171781,0.028685264024456206,-0.01889669380750623
3563,0.005003311946579994,0.028685264473783084,-0.01889669380750623
3564,0.0050033118998288354,0.028685264024456206,-0.01889669380750623
3565,0.005003311947763568,0.028685264024456206,-0.01889669380750623
3566,0.005003311947171781,0.02868526402548914,-0.01889669380750623
3567,0.005003311947171781,0.028685264024972675,-0.01889669380750623
3568,0.005003311947171781,0.02868526447326662,-0.01889669380750623
3569,0.005003311947171781,0.028685264024456206,-0.01889669380750623
3570,0.005003311946579994,0.028685264024972675,-0.01889669380750623
3571,0.005003311947763568,0.028685264024456206,-0.01889669380750623
3572,0.0050033118998288354,0.02868526447326662,-0.01889669380750623
3573,0.005003311948355355,0.028685264024972675,-0.01889669380750623
3574,0.005003311946579994,0.028685264024972675,-0.01889669380750623
3575,0.005003311946579994,0.028685264024972675,-0.01889669380750623
3576,0.005003311947763568,0.028685264024456206,-0.01889669380750623
3577,0.005003311947171781,0.02868526447326662,-0.01889669380750623
3578,0.005003311946579994,0.028685264024972675,-0.01889669380750623
3579,0.005003311947171781,0.028685264024456206,-0.01889669380750623
3580,0.0050033119004206225,0.02868526402548914,-0.01889669380750623
3581,0.005003311947763568,0.02868526447275015,-0.01889669380750623
3582,0.005003311947171781,0.028685264024456206,-0.01889669380750623
3583,0.005003311945988208,0.02868526402548914,-0.01889669380750623
3584,0.005003311948355355,0.028685264024456206,-0.01889669380750623
3585,0.005003311946579994,0.028685264024972675,-0.01889669380750623
3586,0.005003311947171781,0.02868526447326662,-0.01889669380750623
3587,0.005003311947171781,0.028685264024456206,-0.01889669380750623
3588,0.0050033118998288354,0.028685264024972675,-0.01889669380750623
3589,0.005003311947763568,0.02868526402548914,-0.01889669380750623
3590,0.005003311947171781,0.028685264023423272,-0.01889669380750623
3591,0.005003311947171781,0.028685264474299553,-0.01889669380750623
3592,0.005003311947171781,0.028685264024456206,-0.01889669380750623
3593,0.005003311946579994,0.028685264024972675,-0.01889669380750623
3594,0.005003311947763568,0.028685264024456206,-0.01889669380750623
3595,0.005003311947171781,0.02868526447326662,-0.01889669380750623
3596,0.0050033118998288354,0.028685264024972675,-0.01889669380750623
3597,0.005003311947763568,0.02868526402548914,-0.01889669380750623
3598,0.005003311945988208,0.028685264024456206,-0.01889669380750623
3599,0.005003311948355355,0.028685264023939738,-0.01889669380750623
