time,dx,dy,dz
0,-0.07318254340510542,0.021576729493999462,0.1209001146844243
1,-0.07318254338232162,0.021576729493967182,0.1209001146844243
2,-0.07318254338172984,0.021576729493999462,0.1209001146848128
3,-0.07318254340540131,0.021576729493983322,0.1209001146844243
4,-0.07318254338143394,0.021576729493983322,0.1209001146844243
5,-0.07318254338232162,0.021576729493999462,0.1209001146848128
6,-0.07318254338143394,0.021576729493983322,0.1209001146844243
7,-0.0731825434056972,0.021576729493967182,0.1209001146844243
8,-0.07318254338202573,0.021576729493999462,0.1209001146848128
9,-0.07318254338143394,0.021576729493983322,0.1209001146844243
10,-0.07318254340540131,0.021576729493983322,0.1209001146844243
11,-0.07318254338202573,0.021576729493983322,0.1209001146848128
12,-0.07318254338172984,0.021576729493983322,0.1209001146844243
13,-0.07318254338172984,0.021576729493999462,0.1209001146844243
14,-0.07318254340540131,0.021576729493983322,0.1209001146848128
15,-0.07318254338202573,0.021576729493967182,0.1209001146844243
16,-0.07318254338172984,0.021576729493999462,0.1209001146844243
17,-0.07318254338172984,0.02157672904533431,0.1209001146844243
18,-0.07318254340540131,0.021576729493967182,0.1209001146848128
19,-0.07318254338172984,0.021576729493983322,0.1209001146844243
20,-0.07318254338202573,0.021576729493999462,0.1209001146844243
21,-0.07318254340540131,0.021576729493983322,0.1209001146848128
22,-0.07318254338172984,0.021576729493983322,0.1209001146844243
23,-0.07318254338172984,0.021576729493983322,0.1209001146844243
24,-0.07318254338202573,0.021576729493983322,0.1209001146848128
25,-0.07318254340510542,0.021576729493999462,0.1209001146844243
26,-0.07318254338202573,0.021576729493967182,0.1209001146844243
27,-0.07318254338172984,0.021576729493983322,0.1209001146848128
28,-0.07318254340540131,0.021576729493999462,0.1209001146844243
29,-0.07318254338202573,0.021576729493983322,0.1209001146844243
30,-0.07318254338172984,0.021576729493983322,0.1209001146848128
31,-0.07318254338202573,0.021576729493999462,0.1209001146844243
32,-0.07318254340480952,0.021576729493967182,0.1209001146844243
33,-0.07318254338232162,0.021576729493999462,0.1209001146848128
34,-0.07318254338172984,0.021576729493967182,0.1209001146844243
35,-0.07318254340510542,0.021576729493999462,0.1209001146844243
36,-0.07318254338202573,0.021576729493983322,0.1209001146848128
37,-0.07318254338202573,0.021576729493983322,0.1209001146844243
38,-0.07318254338172984,0.021576729493983322,0.1209001146844243
39,-0.07318254340510542,0.021576729493999462,0.1209001146848128
40,-0.07318254338202573,0.021576729493967182,0.1209001146844243
41,-0.07318254338202573,0.021576729493999462,0.1209001146844243
42,-0.07318254340510542,0.021576729493967182,0.1209001146848128
43,-0.07318254338202573,0.021576729493999462,0.1209001146844243
44,-0.07318254338172984,0.021576729493983322,0.1209001146844243
45,-0.07318254338202573,0.021576729493983322,0.1209001146848128
46,-0.07318254340510542,0.021576729493999462,0.1209001146844243
47,-0.07318254338202573,0.02157672904531817,0.1209001146844243
48,-0.07318254338172984,0.021576729493983322,0.1209001146848128
49,-0.07318254340510542,0.021576729493983322,0.1209001146844243
50,-0.07318254338202573,0.021576729493999462,0.1209001146844243
51,-0.07318254338172984,0.021576729493967182,0.1209001146848128
52,-0.07318254338202573,0.021576729493999462,0.1209001146844243
53,-0.0731825434056972,0.021576729493999462,0.1209001146844243
54,-0.07318254338143394,0.021576729493967182,0.1209001146848128
55,-0.07318254338172984,0.021576729493983322,0.1209001146844243
56,-0.07318254340540131,0.021576729493983322,0.1209001146844243
57,-0.07318254338202573,0.021576729493983322,0.1209001146848128
58,-0.07318254338143394,0.021576729493999462,0.1209001146844243
59,-0.07318254338202573,0.021576729493967182,0.1209001146844243
60,-0.0731825434056972,0.021576729493999462,0.1209001146848128
61,-0.07318254338143394,0.021576729493983322,0.1209001146844243
62,-0.522084863042738,0.08359256629545175,0.07873917244104821
63,-0.522084863042738,0.08359256629548403,0.07873917244065971
64,-0.522084863042738,0.0835925662954679,0.07873917244104821
65,-0.5220848630190666,0.08359256584680275,0.07873917244065971
66,-0.522084863042738,0.08359256629545175,0.07873917244104821
67,-0.5220848630424422,0.0835925662954679,0.07873917244065971
68,-0.522084863042738,0.08359256629548403,0.07873917244104821
69,-0.5880117724681975,0.06104135279074077,0.40826022102933673
70,-0.5880117724681975,0.06104135279075691,0.40826022102933673
71,-0.5880117724684935,0.06104135279072463,0.40826022102933673
72,-0.5880117724679016,0.06104135279075691,0.40826022102933673
73,-0.7361534160018145,-0.07081691814736386,0.8052648830541946
74,-0.7361534160015185,-0.07081691814736386,0.8052648830541946
75,-0.7361534160248941,-0.07081691859604516,0.8052648830541946
76,-0.7361534160021104,-0.07081691814738,0.8052648830541946
77,-0.7361534160012226,-0.07081691814738,0.8052648830541946
78,-0.7361534160018145,-0.07081691814738,0.8052648830541946
79,-0.7361534160018145,-0.07081691814736386,0.8052648830541946
80,-0.7361534160015185,-0.07081691814736386,0.8052648830541946
81,-0.7361534160248941,-0.07081691859602902,0.8052648830538061
82,-0.7361534160018145,-0.07081691814736386,0.8052648830541946
83,-0.7361534160015185,-0.07081691814738,0.8052648830541946
84,-0.7361534160018145,-0.07081691814738,0.8052648830541946
85,-0.7361534160015185,-0.07081691814738,0.8052648830541946
86,-0.7361534160015185,-0.07081691814736386,0.8052648830541946
87,-0.73615341602519,-0.07081691859604516,0.8052648830541946
88,-0.7361534160015185,-0.07081691814736386,0.8052648830541946
89,-0.7361534160018145,-0.07081691814736386,0.8052648830541946
90,-0.680309445668575,-0.14417468880108253,0.23739745509475493
91,-0.680309445668575,-0.14417468880108253,0.23739745509436644
92,-0.6803094456449036,-0.14417468880106638,0.23739745509475493
93,-0.680309445668575,-0.14417468880108253,0.23739745509475493
94,-0.5070158551814167,-0.22310393539461357,0.7621902361797638
95,-0.5070158551580412,-0.22310393584324645,0.7621902361797638
96,-0.5070158551817125,-0.22310393539461357,0.7621902361797638
97,-0.5070158551577452,-0.22310393584324645,0.7621902361801522
98,-0.5070158551811208,-0.22310393539461357,0.7621902361797638
99,-0.5070158551577452,-0.22310393584326257,0.7621902361797638
100,-0.5070158551814167,-0.22310393539459744,0.7621902361797638
101,-0.4904399465221866,-0.15364619830256546,-0.08724180018133894
102,-0.49043994649910694,-0.15364619830256546,-0.08724180018133894
103,-0.4904399465218907,-0.15364619875123062,-0.08724180018133894
104,-0.490439946498811,-0.15364619830256546,-0.08724180018133894
105,-0.4904399465221866,-0.15364619830256546,-0.08724180018133894
106,-0.4904399465218907,-0.1536461983025816,-0.08724180018172743
107,-0.49043994649910694,-0.15364619830254933,-0.08724180018133894
108,-0.4904399465221866,-0.15364619875124677,-0.08724180018133894
109,-0.49043994649851513,-0.15364619830254933,-0.08724180018133894
110,-0.4904399465221866,-0.15364619830256546,-0.08724180018133894
111,-0.5154921720930907,0.10050597608749823,-0.616916374578931
112,-0.5154921720927947,0.10050597653617953,-0.6169163745793195
113,-0.5154921721167621,0.10050597608751437,-0.616916374578931
114,-0.5154921720927947,0.10050597653616339,-0.616916374578931
115,-0.5154921720933866,0.10050597608749823,-0.6169163745793195
116,-0.5154921721167621,0.10050597608753051,-0.616916374578931
117,-0.5154921720927947,0.10050597653617953,-0.6169163745793195
118,-0.5154921720933866,0.10050597608748209,-0.616916374578931
119,-0.6351024220606435,0.047510624867386705,0.27401090493776864
120,-0.6351024220615312,0.047510624867402845,0.27401090493776864
121,-0.6351024220612353,0.047510624867370566,0.27401090493776864
122,-0.6351024220375638,0.047510624867370566,0.2740109049373801
123,-0.6351024220609394,0.047510624867370566,0.27401090493776864
124,-0.6351024220615312,0.047510624867402845,0.27401090493776864
125,-0.6351024220609394,0.047510624867386705,0.27401090493776864
126,-0.9703878471453309,-0.2862473331180842,1.348005433670702
127,-0.9703878471456268,-0.28624733311810036,1.3480054336703133
128,-0.5898953984541915,-0.024653257988775677,0.2251929718134914
129,-0.5898953984535997,-0.024653257988791817,0.2251929718134914
130,-0.5898953984535997,-0.024653257988807957,0.2251929718134914
131,-0.58989539843052,-0.024653257540110524,0.2251929718138799
132,-0.5898953984538956,-0.024653257988791817,0.2251929718134914
133,-0.5898953984538956,-0.024653257988791817,0.2251929718134914
134,-0.5898953984538956,-0.024653257988791817,0.2251929718134914
135,-0.6011971543671963,-0.017887893802774134,0.40826022102933673
136,-0.6011971543438208,-0.017887893802774134,0.40826022102933673
137,-0.6011971543438208,-0.017887894251455427,0.40826022102933673
138,-0.6011971543674923,-0.017887893802774134,0.40826022102933673
139,-0.4741380198158295,0.035209962955739374,0.16749905084840117
140,-0.47413801981523773,0.03520996295569096,0.16749905084878966
141,-0.4741380198158295,0.035209962955723234,0.16749905084840117
142,-0.47413801981523773,0.035209962955707094,0.16749905084878966
143,-0.4741380198158295,0.035209962955739374,0.16749905084840117
144,-0.4741380198389092,0.035209963404372255,0.16749905084878966
145,-0.4741380198158295,0.035209962955707094,0.16749905084840117
146,-0.47413801981523773,0.035209962955723234,0.16749905084878966
147,-0.4741380198158295,0.035209962955707094,0.16749905084840117
148,-0.4741380198155336,0.035209962955723234,0.16749905084878966
149,-0.47413801981523773,0.035209962955723234,0.16749905084840117
150,-0.34998093104794537,0.02946965415333804,0.16095884928179302
151,-0.34998093107191275,0.02946965415333804,0.16095884928140453
152,-0.3499809310476495,0.02946965415333804,0.16095884928179302
153,-0.3499809310716169,0.02946965415333804,0.16095884928179302
154,-0.34998093104794537,0.02946965415333804,0.16095884928179302
155,-0.34998093107102507,0.02946965415333804,0.16095884928140453
156,-0.3499809310482413,0.02946965415333804,0.16095884928179302
157,-0.3499809310716169,0.02946965415333804,0.16095884928179302
158,-0.3499809310476495,0.02946965415333804,0.16095884928179302
159,-0.34998093107132094,0.02946965415333804,0.16095884928140453
160,-0.34998093104794537,0.02946965415333804,0.16095884928179302
161,-0.3499809310716169,0.02946965415333804,0.16095884928179302
162,-0.3499809310476495,0.02946965415333804,0.16095884928179302
163,-0.3499809310716169,0.02946965415333804,0.16095884928140453
164,-0.3499809310482413,0.02946965415333804,0.16095884928179302
165,-0.34998093107102507,0.02946965415333804,0.16095884928179302
166,-0.3499809310482413,0.02946965415333804,0.16095884928179302
167,-0.34998093107102507,0.02946965415333804,0.16095884928140453
168,-0.34998093104794537,0.02946965415333804,0.16095884928179302
169,-0.38583591688455826,-0.1283888394823731,0.8354171358661796
170,-0.3858359168839665,-0.1283888394823731,0.8354171358661796
171,-0.3858359168839665,-0.1283888394823731,0.8354171358661796
172,-0.3858359169073421,-0.12838883948238922,0.8354171358661796
173,-0.38583591688455826,-0.12838883948235694,0.8354171358661796
174,-0.3858359168839665,-0.12838883903370793,0.8354171358661796
175,-0.3858359168836706,-0.12838883948235694,0.8354171358661796
176,-0.38583591688455826,-0.12838883948238922,0.8354171358661796
177,-0.3858359169073421,-0.1283888394823731,0.8354171358661796
178,-0.3858359168839665,-0.1283888394823731,0.8354171358661796
179,-0.3858359168842624,-0.12838883948235694,0.8354171358661796
180,-0.3858359168842624,-0.1283888394823731,0.8354171358661796
181,-0.2967346998988741,-0.19440239138271986,1.4101373485560045
182,-0.2967346998988741,-0.19440239093403858,1.4101373485552273
183,-0.2967346999219537,-0.19440239138270374,1.4101373485560045
184,-0.2967346998988741,-0.19440239138273602,1.4101373485560045
185,-0.2967346998988741,-0.19440239138270374,1.4101373485552273
186,-0.29673469989857815,-0.1944023909340547,1.4101373485560045
187,-0.2967346998988741,-0.19440239138270374,1.4101373485552273
188,-0.2967346998988741,-0.19440239138270374,1.4101373485560045
189,-0.29673469992224966,-0.19440239138271986,1.4101373485560045
190,-0.2967346998988741,-0.19440239093403858,1.4101373485552273
191,-0.2967346998988741,-0.19440239138270374,1.4101373485560045
192,-0.16042867418342857,-0.22310393539461357,1.1771426677353432
193,-0.1604286741597571,-0.22310393584326257,1.17714266773612
194,-0.16042867418372447,-0.2231039353945813,1.1771426677353432
195,-0.16042867418313267,-0.22310393584329485,1.17714266773612
196,-0.16042867418342857,-0.2231039353945813,1.1771426677353432
197,-0.160428674160053,-0.22310393584326257,1.17714266773612
198,-0.16042867418313267,-0.22310393539461357,1.1771426677353432
199,-0.16042867418372447,-0.2231039353945813,1.1771426677353432
200,-0.1604286741597571,-0.22310393584326257,1.17714266773612
201,-0.16042867418372447,-0.22310393539461357,1.1771426677353432
202,-0.16042867418342857,-0.22310393584324645,1.17714266773612
203,-0.16042867418313267,-0.22310393539461357,1.1771426677353432
204,-0.1604286741603489,-0.22310393584326257,1.17714266773612
205,-0.16042867418313267,-0.2231039353945813,1.1771426677353432
206,0.019714465353095758,-0.2919876419204694,0.6024224550462953
207,0.019714465353095758,-0.2919876419204694,0.6024224550455184
208,0.019714465353095758,-0.29198764192045323,0.6024224550462953
209,0.019714465353095758,-0.29198764192045323,0.6024224550462953
210,0.01971446535250397,-0.29198764192045323,0.6024224550462953
211,0.01971446533001607,-0.2919876414718042,0.6024224550455184
212,0.019714465353095758,-0.29198764192045323,0.6024224550462953
213,0.019714465352799863,-0.2919876419204694,0.6024224550462953
214,0.019714465353095758,-0.29198764192045323,0.6024224550462953
215,0.019714465352799863,-0.29198764192045323,0.6024224550455184
216,0.019714465353095758,-0.2919876419204694,0.6024224550462953
217,0.02877109128811838,-0.2546756344806815,0.5316611075375163
218,0.02877109128841427,-0.25467563403200016,0.5316611075382932
219,0.02877109128811838,-0.2546756344806815,0.5316611075375163
220,0.028771091311198062,-0.25467563403200016,0.5316611075375163
221,0.02877109128841427,-0.2546756344806653,0.5316611075375163
222,0.028771091287822483,-0.2546756344806815,0.5316611075382932
223,0.02877109128811838,-0.25467563403200016,0.5316611075375163
224,0.02877109128841427,-0.2546756344806815,0.5316611075375163
225,0.028771091311493958,-0.2546756344806815,0.5316611075382932
226,0.02877109128811838,-0.254675634031984,0.5316611075375163
227,0.02877109128811838,-0.2546756344806815,0.5316611075375163
228,0.02877109128811838,-0.25467563403200016,0.5316611075375163
229,0.028771091287822483,-0.2546756344806815,0.5316611075382932
230,0.02877109128811838,-0.2546756344806815,0.5316611075375163
231,0.02877109128811838,-0.25467563403200016,0.5316611075375163
232,0.028771091311493958,-0.2546756344806815,0.5316611075375163
233,0.02877109128811838,-0.25467563403200016,0.5316611075382932
234,0.02877109128811838,-0.2546756344806653,0.5316611075375163
235,-0.36386028041660523,-0.20731808607590413,0.23739745509475493
236,-0.36386028041660523,-0.207318086075888,0.23739745509475493
237,-0.3638602803938214,-0.2073180865245693,0.23739745509475493
238,-0.3638602804163093,-0.207318086075888,0.23739745509475493
239,-0.16871662850120786,-0.09997431052924294,0.4253464976231834
240,-0.16871662850150376,-0.09997431052924294,0.4253464976224064
241,-0.16871662850120786,-0.09997431052924294,0.4253464976224064
242,-0.16871662852458344,-0.09997431097789196,0.4253464976231834
243,-0.16871662850120786,-0.09997431052923487,0.4253464976231834
244,-0.16871662850150376,-0.09997431052923487,0.4253464976224064
245,-0.16871662850120786,-0.09997431052924294,0.4253464976224064
246,-0.16871662850120786,-0.09997431052923487,0.4253464976231834
247,-0.16871662850120786,-0.09997431052923487,0.4253464976231834
248,-0.16871662850150376,-0.09997431052923487,0.4253464976224064
249,-0.16871662852458344,-0.0999743109779081,0.4253464976231834
250,-0.16871662850120786,-0.09997431052924294,0.4253464976224064
251,-0.16871662850120786,-0.09997431052923487,0.4253464976231834
252,-0.16871662850120786,-0.09997431052923487,0.4253464976224064
253,-0.16871662850150376,-0.09997431052923487,0.4253464976224064
254,-0.16871662850120786,-0.09997431052924294,0.4253464976231834
255,-0.16871662852458344,-0.0999743109779081,0.4253464976231834
256,-0.16871662850150376,-0.09997431052923487,0.4253464976224064
257,-0.16871662850120786,-0.09997431052923487,0.4253464976224064
258,-0.16871662850120786,-0.09997431052923487,0.4253464976231834
259,0.16355499501074178,-0.33886683084709684,0.4367373486847118
260,0.16355499501074178,-0.33886683084709684,0.4367373486854888
261,0.16355499501103768,-0.33886683084709684,0.4367373486854888
262,0.16355499501074178,-0.33886683084709684,0.4367373486847118
263,0.16355499501074178,-0.33886683084709684,0.4367373486847118
264,0.16355499501103768,-0.3388668308471049,0.4367373486854888
265,-0.047411115164931315,-0.1675377459901661,0.5962092635577652
266,-0.047411115141555736,-0.16753774554150902,0.5962092635569881
267,-0.047411115164931315,-0.16753774599017418,0.5962092635577652
268,-0.04741111516463542,-0.16753774599015805,0.5962092635577652
269,-0.04741111514185163,-0.1675377455415171,0.5962092635577652
270,-0.04741111516463542,-0.1675377459901661,0.5962092635569881
271,-0.047411115164931315,-0.16753774599017418,0.5962092635577652
272,-0.04741111514125984,-0.1675377455415171,0.5962092635577652
273,-0.047411115164931315,-0.1675377459901661,0.5962092635569881
274,-0.04741111516463542,-0.1675377459901661,0.5962092635577652
275,-0.04741111514185163,-0.1675377455415171,0.5962092635577652
276,-0.047411115164931315,-0.16753774599015805,0.5962092635577652
277,-0.047411115164931315,-0.16753774599017418,0.5962092635569881
278,-0.047411115164931315,-0.16753774599018226,0.5962092635577652
279,-0.04741111514125984,-0.16753774554150094,0.5962092635577652
280,-0.04741111516463542,-0.1675377459901661,0.5962092635577652
281,-0.047411115164931315,-0.16753774599017418,0.5962092635569881
282,-0.047411115141555736,-0.16753774554150902,0.5962092635577652
283,-0.04741111516463542,-0.16753774599017418,0.5962092635577652
284,-0.04741111516522721,-0.16753774599015805,0.5962092635569881
285,-0.04741111514125984,-0.1675377455415171,0.5962092635577652
286,-0.047411115164931315,-0.1675377459901661,0.5962092635577652
287,-0.047411115164931315,-0.16753774599017418,0.5962092635577652
288,-0.047411115141555736,-0.16753774554150902,0.5962092635569881
289,-0.047411115164931315,-0.16753774599017418,0.5962092635577652
290,-0.2056356977904724,-0.11011048771049961,0.37678550098840824
291,-0.2056356977676886,-0.11011048726183445,0.3767855009891853
292,-0.2056356977907683,-0.11011048771050767,0.37678550098840824
293,-0.2056356977904724,-0.11011048771049961,0.3767855009891853
294,-0.2056356977907683,-0.11011048726183445,0.37678550098840824
295,-0.2056356977676886,-0.11011048771050767,0.3767855009891853
296,-0.2056356977907683,-0.11011048726184253,0.37678550098840824
297,-0.2056356977910642,-0.11011048771049153,0.37678550098840824
298,-0.2056356977904724,-0.11011048771051575,0.3767855009891853
299,-0.2056356977676886,-0.11011048726183445,0.37678550098840824
300,-0.2056356977904724,-0.11011048771049961,0.3767855009891853
301,-0.2056356977910642,-0.11011048771050767,0.37678550098840824
302,-0.2056356977910642,-0.11011048726183445,0.37678550098840824
303,-0.2056356977670968,-0.11011048771049961,0.3767855009891853
304,-0.2056356977907683,-0.11011048726185059,0.37678550098840824
305,-0.2056356977904724,-0.11011048771049153,0.3767855009891853
306,-0.2056356977910642,-0.11011048771051575,0.37678550098840824
307,-0.2056356977673927,-0.11011048726183445,0.3767855009891853
308,-0.2056356977910642,-0.11011048771049961,0.37678550098840824
309,-0.24707546942700773,-0.06975568454956477,0.49369160399701606
310,-0.24707546942671185,-0.06975568499822993,0.49369160399623907
311,-0.24707546942700773,-0.06975568454957284,0.49369160399701606
312,-0.24707546942700773,-0.06975568454957284,0.49369160399623907
313,-0.24707546942700773,-0.0697556845495567,0.49369160399701606
314,-0.24707546942700773,-0.06975568499822993,0.49369160399623907
315,-0.24707546940363215,-0.06975568454957284,0.49369160399701606
316,-0.24707546942700773,-0.0697556845495567,0.49369160399701606
317,-0.24707546942730363,-0.06975568499822993,0.49369160399623907
318,-0.24707546942671185,-0.06975568454957284,0.49369160399701606
319,-0.24707546942730363,-0.0697556845495567,0.49369160399623907
320,-0.24707546942700773,-0.06975568454957284,0.49369160399701606
321,-0.24707546942671185,-0.06975568499822993,0.49369160399623907
322,-0.24707546942759953,-0.06975568454956477,0.49369160399701606
323,-0.293538243683589,-0.10207909061786273,0.46521447634086394
324,-0.2935382437069646,-0.10207909016920565,0.46521447634086394
325,-0.293538243683589,-0.10207909061785465,0.46521447634086394
326,-0.293538243683589,-0.1020790906178708,0.46521447634086394
327,-0.2935382436838849,-0.1020790906178708,0.46521447634086394
328,-0.293538243683589,-0.10207909061785465,0.46521447634086394
329,-0.2935382437072605,-0.10207909016919757,0.4652144763416409
330,-0.293538243683589,-0.1020790906178708,0.46521447634086394
331,-0.293538243683589,-0.10207909061786273,0.46521447634086394
332,-0.2935382437072605,-0.10207909016919757,0.46521447634086394
333,-0.293538243683589,-0.1020790906178708,0.46521447634086394
334,-0.2935382436838849,-0.10207909061785465,0.46521447634086394
335,-0.4927840143958196,-0.19504020357157714,0.8544018876364297
336,-0.4927840144197869,-0.19504020312289586,0.8544018876372067
337,-0.4927840143958196,-0.19504020357157714,0.8544018876364297
338,-0.49278401439611547,-0.19504020312289586,0.8544018876364297
339,-0.4927840144197869,-0.19504020357156102,0.8544018876372067
340,-0.4927840143958196,-0.19504020312290393,0.8544018876364297
341,-0.49278401439611547,-0.19504020357156907,0.8544018876364297
342,-0.4927840144197869,-0.19504020312290393,0.8544018876372067
343,-0.4927840143958196,-0.19504020357157714,0.8544018876364297
344,-0.08257213350791591,-0.32834293130128783,0.9683103982602612
345,-0.08257213353129149,-0.32834293130129594,0.9683103982594842
346,-0.08257213350821181,-0.32834293130128783,0.9683103982602612
347,-0.08257213353129149,-0.328342931301304,0.9683103982594842
348,-0.08257213350791591,-0.32834293130128783,0.9683103982602612
349,-0.08257213353188328,-0.32834293130129594,0.9683103982594842
350,-0.08257213350762002,-0.32834293130128783,0.9683103982602612
351,-0.08257213353158739,-0.32834293130128783,0.9683103982594842
352,-0.08257213350762002,-0.32834293130129594,0.9683103982602612
353,0.11081346748457711,-0.2862473331180842,0.15196607212707552
354,0.11081346746090563,-0.2862473331180842,0.15196607212707552
355,0.04006263783398746,-0.05215473748959165,-0.0022271556675470348
356,0.040062637834283356,-0.05215473793824874,-0.0022271556675470348
357,0.04006263785795482,-0.05215473748959972,-0.0022271556675470348
358,0.040062637833691565,-0.05215473748958358,-0.0022271556675470348
359,0.040062637834579244,-0.05215473793824874,-0.0022271556675470348
360,0.040062637834283356,-0.05215473748959165,-0.0022271556675470348
361,0.040062637857658935,-0.05215473793825681,-0.0022271556675470348
362,0.040062637834283356,-0.05215473748958358,-0.0022271556675470348
363,0.04006263783398746,-0.05215473748959165,-0.0022271556675470348
364,0.040062637834283356,-0.05215473793824874,-0.0022271556675470348
365,0.040062637834283356,-0.05215473748959165,-0.0022271556675470348
366,0.04006263785795482,-0.05215473748958358,-0.0022271556675470348
367,0.040062637833691565,-0.052154737938264875,-0.0022271556675470348
368,0.040062637834283356,-0.05215473748958358,-0.0022271556675470348
369,0.040062637834283356,-0.05215473748959165,-0.0022271556675470348
370,0.04006263785795482,-0.05215473793824874,-0.0022271556675470348
371,0.040062637834283356,-0.05215473748959972,-0.0022271556675470348
372,0.04006263783398746,-0.05215473793824874,-0.0022271556675470348
373,0.040062637834283356,-0.05215473748958358,-0.0022271556675470348
374,0.040062637834579244,-0.05215473748959165,-0.0022271556675470348
375,0.040062637857658935,-0.05215473793825681,-0.002227155666770041
376,0.04006263783398746,-0.05215473748959165,-0.0022271556675470348
377,0.04006263783398746,-0.05215473748958358,-0.0022271556675470348
378,0.040062637834283356,-0.05215473793824874,-0.0022271556675470348
379,0.040062637834283356,-0.05215473748959972,-0.0022271556675470348
380,0.04006263785795482,-0.05215473793824874,-0.0022271556675470348
381,0.04006263783398746,-0.05215473748959165,-0.0022271556675470348
382,0.040062637834283356,-0.05215473748959972,-0.0022271556675470348
383,0.040062637834283356,-0.05215473793824874,-0.0022271556675470348
384,0.040062637857658935,-0.05215473748958358,-0.0022271556675470348
385,0.04006263783398746,-0.05215473748959165,-0.0022271556675470348
386,0.040062637834283356,-0.05215473793825681,-0.0022271556675470348
387,0.040062637834283356,-0.05215473748958358,-0.0022271556675470348
388,0.040062637834283356,-0.05215473748959165,-0.0022271556675470348
389,0.040062637857658935,-0.05215473793824874,-0.0022271556675470348
390,0.040062637834283356,-0.05215473748959972,-0.0022271556675470348
391,0.04006263783398746,-0.05215473793824874,-0.0022271556675470348
392,0.040062637834579244,-0.05215473748959165,-0.0022271556675470348
393,0.040062637857658935,-0.05215473748958358,-0.0022271556675470348
394,0.04006263783398746,-0.05215473793825681,-0.0022271556675470348
395,0.040062637834283356,-0.05215473748958358,-0.0022271556675470348
396,-0.021040351390013246,-0.2651995340264824,0.2658745827501301
397,-0.021040351390013246,-0.2651995335778092,0.2658745827509071
398,-0.02104035136634177,-0.2651995335778092,0.2658745827501301
399,-0.021040351390013246,-0.2651995340264743,0.2658745827501301
400,-0.021040351390013246,-0.2651995340264824,0.2658745827509071
401,-0.021040351390013246,-0.2651995335778092,0.2658745827501301
402,-0.21442595238221038,-0.11786493993657217,0.4367373486847118
403,-0.2144259523594266,-0.11786493993656409,0.4367373486854888
404,-0.21442595238221038,-0.11786493993657217,0.4367373486854888
405,-0.21442595238250628,-0.11786493948789895,0.4367373486847118
406,-0.2144259523588348,-0.11786493993658023,0.4367373486847118
407,-0.21442595238250628,-0.11786493993656409,0.4367373486854888
408,-0.13666600792350486,-0.1065315095529327,0.4542617349349504
409,-0.13666600792350486,-0.1065315095529327,0.4542617349349504
410,-0.13666600792350486,-0.10653150955294076,0.4542617349349504
411,-0.13666600792320896,-0.1065315095529327,0.45426173493417343
412,-0.13666600792350486,-0.1065315095529327,0.4542617349349504
413,-0.13666600792320896,-0.10653150955294076,0.4542617349349504
414,-0.13666600790012928,-0.1065315095529327,0.4542617349349504
415,-0.13666600792320896,-0.1065315095529327,0.4542617349349504
416,-0.13666600792350486,-0.10653150955294076,0.4542617349349504
417,-0.13666600792350486,-0.1065315095529327,0.45426173493417343
418,-0.13666600792350486,-0.1065315095529327,0.4542617349349504
419,-0.13666600792350486,-0.10653150955294076,0.4542617349349504
420,-0.13666600792350486,-0.1065315095529327,0.4542617349349504
421,-0.0920385615436263,-0.1308174315471994,0.5594080524332742
422,-0.09203856154421809,-0.1308174315471994,0.5594080524332742
423,-0.09203856154451398,-0.1308174319958565,0.5594080524332742
424,-0.09203856152054661,-0.13081743154720746,0.5594080524324971
425,-0.09203856154421809,-0.1308174315471994,0.5594080524332742
426,-0.09203856154392219,-0.1308174315471994,0.5594080524332742
427,-0.09203856154421809,-0.1308174319958565,0.5594080524332742
428,-0.09203856154421809,-0.1308174315471994,0.5594080524332742
429,-0.09203856154421809,-0.13081743154720746,0.5594080524332742
430,-0.09203856152084251,-0.13081743154719133,0.5594080524324971
431,-0.09203856154392219,-0.13081743199586454,0.5594080524332742
432,-0.09203856154421809,-0.13081743154719133,0.5594080524332742
433,-0.09203856154421809,-0.1308174315471994,0.5594080524332742
434,-0.100152642691096,-0.09681714084497034,0.1861386253139919
435,-0.10015264271447158,-0.09681714039629712,0.18613862531476888
436,-0.10015264269139189,-0.09681714084496228,0.1861386253139919
437,-0.10015264269139189,-0.09681714084496228,0.1861386253139919
438,-0.10015264271447158,-0.09681714084496228,0.1861386253139919
439,-0.10015264269139189,-0.09681714039629712,0.1861386253139919
440,-0.100152642691096,-0.09681714084496228,0.18613862531476888
441,-0.10015264271476747,-0.09681714084496228,0.1861386253139919
442,-0.10015264269139189,-0.09681714039630519,0.1861386253139919
443,-0.10015264269139189,-0.09681714084496228,0.18613862531476888
444,-0.10015264271476747,-0.0968171408449542,0.1861386253139919
445,-0.1001526426908001,-0.09681714039630519,0.1861386253139919
446,-0.10015264271476747,-0.09681714084496228,0.1861386253139919
447,-0.10015264269139189,-0.09681714084496228,0.1861386253139919
448,-0.10015264269139189,-0.09681714039629712,0.18613862531476888
449,-0.10015264271447158,-0.09681714084496228,0.1861386253139919
450,-0.100152642691096,-0.09681714084496228,0.1861386253139919
451,-0.10015264269139189,-0.09681714084496228,0.18613862531476888
452,-0.10015264271476747,-0.09681714039629712,0.1861386253139919
453,-0.100152642691096,-0.09681714084497034,0.1861386253139919
454,-0.01576619864408397,-0.1599605381197758,0.15196607212707552
455,-0.015766198621300177,-0.1599605381197839,0.15196607212707552
456,-0.01576619862100428,-0.1599605381197758,0.15196607212785254
457,-0.01576619864437986,-0.1599605381197839,0.15196607212707552
458,-0.015766198644675756,-0.15996053856844097,0.15196607212707552
459,-0.015766198620412494,-0.1599605381197839,0.15196607212707552
460,-0.01576619862100428,-0.1599605381197758,0.15196607212707552
461,-0.01576619864408397,-0.15996053811979197,0.15196607212785254
462,-0.015766198644971648,-0.1599605381197758,0.15196607212707552
463,-0.01576619862070839,-0.1599605381197839,0.15196607212707552
464,-0.004385132166085201,-0.032012074819371523,0.0350599691192447
465,-0.004385132166381095,-0.032012074819363454,0.0350599691192447
466,-0.004385132142709622,-0.03201207526803668,0.0350599691192447
467,-0.004385132166085201,-0.032012074819371523,0.0350599691192447
468,-0.004385132166381095,-0.032012074819371523,0.0350599691192447
469,-0.004385132166085201,-0.032012074819371523,0.0350599691192447
470,-0.0043851321657893075,-0.03201207526803668,0.0350599691192447
471,-0.004385132166676987,-0.032012074819371523,0.0350599691192447
472,-0.0043851321430055145,-0.032012074819371523,0.0350599691192447
473,-0.004385132166085201,-0.032012074819371523,0.0350599691192447
474,-0.004385132166085201,-0.03201207526802861,0.0350599691192447
475,-0.004385132166381095,-0.032012074819371523,0.0350599691192447
476,-0.0043851321657893075,-0.032012074819371523,0.0350599691192447
477,-0.0043851321430055145,-0.032012074819363454,0.0350599691192447
478,-0.004385132166085201,-0.03201207526803668,0.0350599691192447
479,-0.004385132166085201,-0.032012074819371523,0.0350599691192447
480,-0.004385132166676987,-0.032012074819371523,0.0350599691192447
481,-0.0043851321657893075,-0.03201207481937959,0.0350599691192447
482,-0.0043851321430055145,-0.03201207526802861,0.0350599691192447
483,-0.004385132166381095,-0.032012074819371523,0.0350599691192447
484,-0.0043851321657893075,-0.032012074819371523,0.0350599691192447
485,-0.004385132166381095,-0.032012074819371523,0.0350599691192447
486,-0.004385132166085201,-0.032012074819363454,0.0350599691192447
487,-0.004385132166381095,-0.03201207526803668,0.0350599691192447
488,-0.004385132142413728,-0.03201207481937556,0.0350599691192447
489,-0.004385132166676987,-0.03201207481936749,0.0350599691192447
490,-0.004385132166085201,-0.03201207481937556,0.0350599691192447
491,-0.004385132166085201,-0.032012075268032646,0.0350599691192447
492,-0.004385132166676987,-0.032012074819371523,0.0350599691192447
493,-0.004385132142413728,-0.03201207481936749,0.0350599691192447
494,-0.004385132166085201,-0.032012074819371523,0.0350599691192447
495,-0.004385132166085201,-0.032012075268032646,0.0350599691192447
496,-0.004385132166381095,-0.032012074819371523,0.0350599691192447
497,-0.004385132166085201,-0.03201207481937556,0.0350599691192447
498,-0.004385132166381095,-0.03201207481936749,0.0350599691192447
499,-0.004385132142709622,-0.032012075268032646,0.0350599691192447
500,-0.004385132166381095,-0.032012074819371523,0.0350599691192447
501,-0.004385132166085201,-0.03201207481937556,0.0350599691192447
502,-0.0676963180562414,-0.12110306283922494,0.21768252056333362
503,-0.06769631805564962,-0.12110306283922494,0.2176825205641106
504,-0.0676963180562414,-0.12110306283922494,0.21768252056333362
505,-0.0676963180793211,-0.12110306283922898,0.2176825205641106
506,-0.0676963180562414,-0.12110306283922494,0.21768252056333362
507,-0.06769631805594552,-0.12110306283922494,0.2176825205641106
508,-0.06769631805594552,-0.12110306239056785,0.21768252056333362
509,-0.0676963180562414,-0.12110306283922494,0.2176825205641106
510,-0.06769631805594552,-0.12110306283922091,0.21768252056333362
511,-0.06769631807961698,-0.12110306283923301,0.2176825205641106
512,-0.06769631805594552,-0.12110306283921687,0.21768252056333362
513,-0.06769631805594552,-0.12110306283923301,0.2176825205641106
514,-0.0676963180562414,-0.12110306283922494,0.21768252056333362
515,-0.10494732701372768,-0.10829775844971652,0.3538947955043086
516,-0.10494732703710326,-0.10829775844971652,0.35389479550508557
517,-0.10494732701402357,-0.10829775844972056,0.3538947955043086
518,-0.10494732701431947,-0.10829775844972056,0.35389479550508557
519,-0.10494732703710326,-0.10829775844971652,0.3538947955043086
520,-0.10494732701402357,-0.1082977584497125,0.35389479550508557
521,-0.10494732703739915,-0.10829775844972056,0.3538947955043086
522,-0.10494732701372768,-0.10829775844971652,0.35389479550508557
523,-0.10494732701402357,-0.10829775844971652,0.3538947955043086
524,-0.10494732703739915,-0.1082977584497246,0.35389479550508557
525,-0.10494732701402357,-0.10829775844971652,0.3538947955043086
526,0.1371842312358237,-0.22310393584325855,0.32282883806243434
527,0.1371842312594952,-0.22310393539460147,0.32282883806165735
528,-0.24255476705665724,0.010526634701698921,0.32282883806165735
529,-0.2425547670809205,0.01052663515035197,0.32282883806243434
530,-0.24255476705665724,0.010526635150356005,0.32282883806165735
531,-0.2425547670569531,0.010526634701694886,0.32282883806243434
532,-0.2425547670803287,0.010526634701698921,0.32282883806165735
533,-0.2425547670569531,0.01052663515035197,0.32282883806165735
534,-0.24255476705665724,0.010526635150364075,0.32282883806243434
535,-0.2425547670806246,0.010526634701690851,0.32282883806165735
536,-0.24255476705665724,0.010526634701698921,0.32282883806243434
537,-0.2425547670569531,0.010526635150356005,0.32282883806165735
538,-0.2425547670806246,0.010526634701698921,0.32282883806165735
539,-0.24255476705665724,0.010526635150347935,0.32282883806243434
540,-0.2425547670803287,0.010526634701698921,0.32282883806165735
541,-0.24255476705724902,0.010526635150356005,0.32282883806243434
542,-0.2425547670569531,0.010526635150356005,0.32282883806165735
543,-0.24255476707973692,0.010526634701694886,0.32282883806165735
544,-0.24255476705724902,0.010526634701698921,0.32282883806243434
545,-0.2425547670569531,0.010526635150356005,0.32282883806165735
546,-0.2425547670803287,0.010526635150356005,0.32282883806243434
547,-0.2425547670569531,0.010526634701698921,0.32282883806165735
548,-0.26277235262478565,-0.023149843575678626,0.18044319978322768
549,-0.26277235262478565,-0.02314984402434378,0.18044319978245066
550,-0.26277235260111415,-0.02314984357567459,0.18044319978322768
551,-0.2627723526244897,-0.023149843575678626,0.18044319978322768
552,-0.2627723526244897,-0.023149843575678626,0.18044319978245066
553,-0.26277235262508153,-0.023149843575678626,0.18044319978322768
554,-0.26277235262478565,-0.02314984402433571,0.18044319978322768
555,-0.26277235262478565,-0.023149843575686696,0.18044319978245066
556,-0.26277235262478565,-0.023149843575670556,0.18044319978322768
557,-0.26277235260081827,-0.023149844024339745,0.18044319978322768
558,-0.26277235262478565,-0.023149843575678626,0.18044319978245066
559,-0.2627723526244897,-0.023149843575678626,0.18044319978322768
560,-0.3035842489245686,-0.06374202779443827,0.32282883806165735
561,-0.30358424894824004,-0.06374202779444231,0.32282883806243434
562,-0.3035842489245686,-0.06374202779443827,0.32282883806165735
563,-0.30358424894794417,-0.06374202779444231,0.32282883806243434
564,-0.3035842489245686,-0.06374202779443827,0.32282883806165735
565,-0.30358424894794417,-0.06374202779444231,0.32282883806243434
566,-0.30358424892486446,-0.06374202779443827,0.32282883806165735
567,-0.30358424894764824,-0.06374202779443425,0.32282883806165735
568,-0.30358424892486446,-0.06374202779444635,0.32282883806243434
569,-0.30358424894794417,-0.06374202779443827,0.32282883806165735
570,-0.30358424892427266,-0.06374202734577715,0.32282883806243434
571,-0.30358424894824004,-0.06374202779444231,0.32282883806165735
572,-0.30358424892427266,-0.06374202779443827,0.32282883806243434
573,-0.3035842489485359,-0.06374202779443827,0.32282883806165735
574,-0.3035842489239768,-0.06374202779444231,0.32282883806165735
575,-0.3035842489485359,-0.06374202779443827,0.32282883806243434
576,-0.30358424892427266,-0.06374202779443425,0.32282883806165735
577,-0.30358424894794417,-0.06374202779444635,0.32282883806243434
578,-0.30358424892486446,-0.06374202779443425,0.32282883806165735
579,-0.30358424894824004,-0.06374202779444231,0.32282883806243434
580,-0.30358424892427266,-0.06374202779444635,0.32282883806165735
581,-0.27009756478037544,-0.12137290630227736,0.24688983097988
582,-0.27009756478037544,-0.12137290630228544,0.24688983097988
583,-0.2700975647806714,-0.12137290675094252,0.24688983097988
584,-0.27009756478037544,-0.12137290630227736,0.24688983097988
585,-0.27009756478037544,-0.12137290630228544,0.24688983097988
586,-0.2700975647806714,-0.12137290630227736,0.24688983097988
587,-0.27009756478037544,-0.12137290675094656,0.24688983097988
588,-0.27009756478037544,-0.1213729063022814,0.24688983097988
589,-0.2700975647806714,-0.12137290630228544,0.24688983097988
590,-0.2700975647806714,-0.1213729063022814,0.246889830979103
591,-0.27009756478037544,-0.1213729063022814,0.24688983097988
592,-0.27009756478037544,-0.12137290675094252,0.24688983097988
593,-0.27009756478037544,-0.1213729063022814,0.24688983097988
594,-0.27009756478037544,-0.1213729063022814,0.24688983097988
595,-0.2700975647806714,-0.12137290630228947,0.24688983097988
596,-0.27009756478037544,-0.12137290675093444,0.24688983097988
597,-0.27009756478037544,-0.12137290630228947,0.24688983097988
598,-0.27009756478096725,-0.1213729063022814,0.24688983097988
599,-0.33140395578115883,-0.03853092769979329,0.2965422586874649
600,-0.3314039557580791,-0.03853092769980136,0.2965422586874649
601,-0.33140395578175064,-0.03853092769980136,0.2965422586874649
602,-0.3314039557580791,-0.03853092769979733,0.2965422586874649
603,-0.3314039557814547,-0.03853092769979329,0.2965422586874649
604,-0.33140395575837506,-0.03853092769980136,0.2965422586874649
605,-0.3314039557814547,-0.03853092725113621,0.29654225868668793
606,-0.3314039557580791,-0.03853092769980136,0.2965422586874649
607,-0.33140395578115883,-0.03853092769980136,0.2965422586874649
608,-0.33140395575867093,-0.03853092769979329,0.2965422586874649
609,-0.33140395578115883,-0.0385309276998054,0.2965422586874649
610,-0.3314039557580791,-0.03853092769979329,0.2965422586874649
611,-0.33140395578175064,-0.03853092769980136,0.2965422586874649
612,-0.5154921720930907,0.10050597608751033,0.15196607212707552
613,-0.5154921720927947,0.10050597653617145,0.15196607212785254
614,-0.5154921720930907,0.10050597608751437,0.15196607212707552
615,-0.5154921720930907,0.1005059760875063,0.15196607212707552
616,-0.5154921721167621,0.10050597653616741,0.15196607212707552
617,-0.5154921720927947,0.10050597608751437,0.15196607212707552
618,-0.5154921720930907,0.10050597653617145,0.15196607212785254
619,-0.5154921720927947,0.1005059760875063,0.15196607212707552
620,-0.23339439648163268,0.009529634079360588,0.07103107773733765
621,-0.23339439650530416,0.009529633630695433,0.07103107773656066
622,-0.23339439648163268,0.009529634079360588,0.07103107773733765
623,-0.23339439650471236,0.009529634079356553,0.07103107773733765
624,-0.23339439648163268,0.009529633630695433,0.07103107773656066
625,-0.23339439650471236,0.009529634079360588,0.07103107773733765
626,-0.23339439648133678,0.009529633630699468,0.07103107773733765
627,-0.23339439648163268,0.009529634079352518,0.07103107773656066
628,-0.23339439650500826,0.009529634079360588,0.07103107773733765
629,-0.23339439648133678,0.009529633630703502,0.07103107773733765
630,-0.23339439650500826,0.009529634079356553,0.07103107773733765
631,-0.23339439648163268,0.009529634079352518,0.07103107773656066
632,-0.23339439648133678,0.009529633630703502,0.07103107773733765
633,-0.23339439650500826,0.009529634079356553,0.07103107773733765
634,-0.23339439648163268,0.009529633630699468,0.07103107773656066
635,-0.23339439650471236,0.009529634079356553,0.07103107773733765
636,-0.23339439648163268,0.009529634079360588,0.07103107773733765
637,-0.23339439650471236,0.009529633630695433,0.07103107773656066
638,-0.23339439648163268,0.009529634079356553,0.07103107773733765
639,-0.1945965910757651,-0.13948844803449287,0.13350060002458505
640,-0.19459659109914068,-0.1394884480344848,0.13350060002458505
641,-0.1945965910757651,-0.13948844803449287,0.13350060002458505
642,-0.1945965910757651,-0.13948844848314995,0.13350060002458505
643,-0.19459659109914068,-0.13948844803449287,0.13350060002458505
644,-0.1945965910754692,-0.13948844803449287,0.13350060002458505
645,-0.194596591076061,-0.1394884480344848,0.13350060002458505
646,-0.19459659109914068,-0.13948844803449287,0.13350060002458505
647,-0.1945965910754692,-0.13948844803449287,0.13350060002458505
648,-0.1945965910757651,-0.13948844803449287,0.13350060002458505
649,-0.19459659109914068,-0.13948844848314995,0.13350060002458505
650,-0.1945965910757651,-0.13948844803449287,0.13350060002458505
651,-0.1945965910757651,-0.13948844803448882,0.13350060002380806
652,-0.23702531688629966,-0.056236618218327754,0.050291677592619086
653,-0.2723048800780044,0.012987430743117447,-0.01889669380750623
654,-0.2723048800785962,0.012987431191782601,-0.01889669380750623
655,-0.2723048800783003,0.012987430743121482,-0.01889669380750623
656,-0.2723048800780044,0.012987430743117447,-0.01889669380750623
657,-0.27230488010226767,0.012987430743117447,-0.01889669380750623
658,-0.2723048800780044,0.012987431191782601,-0.01889669380750623
659,-0.2723048800788921,0.012987430743113412,-0.01889669380750623
660,-0.2723048800780044,0.012987430743121482,-0.01889669380750623
661,-0.2723048800780044,0.012987431191782601,-0.01889669380750623
662,-0.2723048800788921,0.012987430743117447,-0.01889669380750623
663,-0.2723048800780044,0.012987430743117447,-0.01889669380750623
664,-0.27230488010167586,0.012987430743117447,-0.01889669380750623
665,-0.2723048800788921,0.012987431191778566,-0.01889669380750623
666,-0.2723048800780044,0.012987430743125517,-0.01889669380750623
667,-0.2723048800785962,0.012987430743113412,-0.01889669380750623
668,-0.2723048800783003,0.012987430743121482,-0.01889669380750623
669,-0.2723048800783003,0.012987431191778566,-0.01889669380750623
670,-0.2723048800785962,0.012987430743117447,-0.01889669380750623
671,-0.2723048800780044,0.012987430743121482,-0.01889669380750623
672,-0.2723048801019718,0.012987431191774531,-0.01889669380750623
673,-0.2723048800783003,0.012987430743125517,-0.01889669380750623
674,-0.2723048800783003,0.012987430743117447,-0.01889669380750623
675,-0.2678616724395936,0.05570261112860036,-0.07326211933253439
676,-0.26437058073242814,0.08926453777316185,-0.11597781081559709
677,-0.26437058073242814,0.08926453822182699,-0.11597781081559709
678,-0.26437058073242814,0.0892645377731578,-0.1159778108163741
679,-0.2643705807318364,0.08926453822182699,-0.11597781081559709
680,-0.26437058073242814,0.08926453822181893,-0.11597781081559709
681,-0.2643705807087567,0.08926453777316587,-0.1159778108163741
682,-0.26437058073242814,0.08926453822181893,-0.11597781081559709
683,-0.26437058073213227,0.08926453822182699,-0.11597781081559709
684,-0.26437058073242814,0.0892645377731578,-0.1159778108163741
685,-0.26437058073213227,0.08926453822182295,-0.11597781081559709
686,-0.0414177597500279,-0.05232974706570608,0.1364330934057499
687,-0.04141775974973201,-0.05232974706570608,0.1364330934057499
688,-0.04141775977310759,-0.05232974706570608,0.1364330934065269
689,-0.0414177597500279,-0.05232974706570608,0.1364330934057499
690,-0.041417759749436116,-0.05232974706570205,0.1364330934057499
691,-0.04141775974973201,-0.05232974706571012,0.1364330934057499
692,-0.04141775977310759,-0.05232974706570608,0.1364330934057499
693,-0.0414177597500279,-0.05232974706570608,0.1364330934057499
694,-0.0414177597500279,-0.05232974706570608,0.1364330934065269
695,-0.04141775974973201,-0.05232974706570205,0.1364330934057499
696,-0.04141775974973201,-0.05232974706570608,0.1364330934057499
697,-0.04141775977340348,-0.05232974706570608,0.1364330934057499
698,-0.041417759749436116,-0.05232974706570608,0.1364330934057499
699,-0.04141775974973201,-0.05232974706570608,0.1364330934065269
700,-0.04141775974973201,-0.05232974706571012,0.1364330934057499
701,-0.04141775977340348,-0.05232974706569801,0.1364330934057499
702,-0.04141775974973201,-0.05232974706571012,0.1364330934057499
703,-0.041417759749436116,-0.05232974706570608,0.1364330934057499
704,-0.0414177597500279,-0.05232974706570608,0.1364330934057499
705,-0.04141775977310759,-0.05232974706570608,0.1364330934065269
706,-0.04141775974973201,-0.05232974706570205,0.1364330934057499
707,-0.0414177597500279,-0.05232974706570608,0.1364330934057499
708,-0.041417759749436116,-0.05232974706570608,0.1364330934057499
709,-0.0414177597500279,-0.05232974706570608,0.1364330934057499
710,-0.04141775977310759,-0.05232974706570608,0.1364330934065269
711,-0.0414177597500279,-0.05232974706570608,0.1364330934057499
712,-0.04141775974973201,-0.05232974706570608,0.1364330934057499
713,-0.04141775974973201,-0.05232974706570608,0.1364330934057499
714,-0.04141775977310759,-0.05232974706570608,0.1364330934057499
715,-0.0414177597500279,-0.05232974706570608,0.1364330934057499
716,-0.041417759749436116,-0.05232974706570205,0.1364330934065269
717,-0.04141775974973201,-0.05232974706570608,0.1364330934057499
718,-0.04141775977340348,-0.05232974706570608,0.1364330934057499
719,-0.04141775974973201,-0.05232974706570608,0.1364330934057499
720,-0.0414177597500279,-0.05232974706571012,0.1364330934057499
721,-0.04141775974973201,-0.05232974706570205,0.1364330934065269
722,-0.04141775974973201,-0.05232974706570608,0.1364330934057499
723,-0.04141775977340348,-0.05232974706570608,0.1364330934057499
724,-0.04141775974973201,-0.05232974706570608,0.1364330934057499
725,-0.041417759749436116,-0.05232974706570608,0.1364330934057499
726,-0.04141775974973201,-0.05232974706570608,0.1364330934057499
727,-0.04141775977340348,-0.05232974706570205,0.1364330934065269
728,-0.04141775974973201,-0.05232974706570608,0.1364330934057499
729,-0.0414177597500279,-0.05232974706570608,0.1364330934057499
730,-0.5431814740483513,0.11787041069700913,0.11779351894015919
731,-0.5431814740483513,0.1178704102483601,0.11779351894015919
732,-0.5431814740723186,0.11787041069700913,0.11779351894093618
733,-0.5431814740480554,0.11787041024835607,0.11779351894015919
734,-0.5431814740486471,0.11787041069701315,0.11779351894015919
735,0.05807193993444508,-0.5072492240286129,1.348005433669925
736,0.058071939911661284,-0.5072492240286088,1.348005433670702
737,-0.3462797712334251,-0.09681714084495824,0.32282883806165735
738,-0.346279771233721,-0.09681714039630519,0.32282883806243434
739,-0.3462797712334251,-0.09681714084495824,0.32282883806165735
740,-0.16427277193422607,0.014316451142764723,0.4403456816350231
741,-0.16427277193452194,0.014316450694107639,0.4403456816350231
742,-0.16427277193452194,0.014316451142764723,0.4403456816350231
743,-0.16427277193452194,0.014316451142764723,0.4403456816350231
744,-0.16427277193422607,0.014316451142768758,0.4403456816350231
745,-0.16427277193422607,0.014316450694103604,0.4403456816350231
746,-0.16427277193481785,0.014316451142764723,0.4403456816350231
747,-0.16427277193422607,0.014316451142764723,0.4403456816350231
748,-0.16427277195819343,0.014316451142768758,0.4403456816350231
749,-0.16427277193422607,0.014316450694103604,0.4403456816350231
750,-0.16427277193422607,0.014316451142764723,0.4403456816350231
751,-0.16427277193452194,0.014316451142768758,0.4403456816350231
752,-0.16427277193422607,0.014316450694103604,0.4403456816350231
753,-0.16427277193452194,0.014316451142768758,0.4403456816350231
754,-0.16427277193452194,0.014316451142764723,0.4403456816350231
755,-0.16427277193452194,0.014316451142764723,0.4403456816350231
756,-0.16427277193422607,0.014316450694103604,0.4403456816350231
757,-0.16427277193422607,0.014316451142768758,0.4403456816350231
758,-0.16427277193481785,0.014316451142764723,0.4403456816350231
759,-0.16427277193422607,0.014316451142768758,0.4403456816350231
760,-0.1503481690526969,0.03807930191585354,0.3310083606638496
761,-0.07988123925941432,0.15833373055402727,-0.22230474849108814
762,-0.07988123925941432,0.15833373055402727,-0.22230474849186513
763,-0.0798812392597102,0.15833373055402727,-0.22230474849186513
764,-0.0798812392597102,0.15833373055402727,-0.22230474849186513
765,-0.07988123925941432,0.15833373055402322,-0.22230474849108814
766,-0.07988123925941432,0.15833373055402727,-0.22230474849186513
767,-0.07988123923633463,0.15833373055402727,-0.22230474849186513
768,-0.0798812392597102,0.15833373055402727,-0.22230474849186513
769,-0.07988123925941432,0.15833373055402322,-0.22230474849108814
770,-0.0798812392597102,0.15833373055402727,-0.22230474849186513
771,-0.07988123925941432,0.15833373055402727,-0.22230474849186513
772,-0.10012372104160137,0.06943476084210985,0.1438832454447124
773,-0.1298626757549959,-0.06116989926161016,0.6818631377719512
774,-0.1298626757322121,-0.06116989926161016,0.6818631377711741
775,-0.1298626757558836,-0.06116989926161016,0.6818631377711741
776,-0.1298626757549959,-0.061169899261606125,0.6818631377719512
777,-0.1298626757319162,-0.06116989926161016,0.6818631377711741
778,-0.1298626757555877,-0.06116989926161016,0.6818631377719512
779,-0.12986267575529178,-0.06116989926161016,0.6818631377711741
780,-0.12986267575529178,-0.06116989926161016,0.6818631377711741
781,-0.1298626757322121,-0.06116989926161016,0.6818631377719512
782,-0.1452044571375464,-0.03747230396200379,0.6560179040666977
783,-0.15339301530955152,-0.02482389491651994,0.6422232087776223
784,-0.15339301528647184,-0.02482389491651994,0.6422232087776223
785,-0.15339301530984742,-0.024823894467854785,0.6422232087768454
786,-0.15339301528617594,-0.02482389491651994,0.6422232087776223
787,0.06510414360327871,-0.08208368112190968,0.003885008317104671
788,0.06510414360327871,-0.0820836815705708,0.003885008317104671
789,0.06510414360327871,-0.08208368112190564,0.003885008317104671
790,0.06510414358019903,-0.0820836815705708,0.003885008317104671
791,0.06510414360327871,-0.08208368112190766,0.003885008317104671
792,0.06510414360327871,-0.08208368157056677,0.003885008317104671
793,0.06510414360327871,-0.0820836811219117,0.003885008317104671
794,0.06510414360357461,-0.08208368112190564,0.003885008317104671
795,0.06510414357960724,-0.0820836815705708,0.003885008317104671
796,0.06510414360327871,-0.08208368112190766,0.003885008317104671
797,0.06510414360327871,-0.0820836815705708,0.003885008317104671
798,0.06510414360327871,-0.08208368112190766,0.003885008317104671
799,0.06510414360357461,-0.0820836815705708,0.003885008317104671
800,0.06510414360298282,-0.08208368112190564,0.003885008317104671
801,0.06510414360357461,-0.08208368112190968,0.003885008317881665
802,0.06510414357960724,-0.08208368157056878,0.003885008317104671
803,0.06510414360327871,-0.08208368112190968,0.003885008317104671
804,0.06510414360357461,-0.08208368157056878,0.003885008317104671
805,0.06510414360298282,-0.08208368112190968,0.003885008317104671
806,0.06510414360357461,-0.08208368157056878,0.003885008317104671
807,0.06510414357990313,-0.08208368112190968,0.003885008317104671
808,0.06510414360298282,-0.08208368157056677,0.003885008317104671
809,0.0651041436038705,-0.08208368112190968,0.003885008317104671
810,0.06510414360268692,-0.08208368112190766,0.003885008317104671
811,0.06510414360357461,-0.0820836815705708,0.003885008317104671
812,0.06510414360357461,-0.08208368112190766,0.003885008317104671
813,0.06510414360298282,-0.0820836815705708,0.003885008317104671
814,0.06510414358019903,-0.08208368112190766,0.003885008317104671
815,0.06510414360327871,-0.08208368157056677,0.003885008317104671
816,0.06510414360298282,-0.08208368112190968,0.003885008317104671
817,0.012864916327401254,-0.18702199441517736,0.6645543699315979
818,0.012864916304025675,-0.18702199396651423,0.6645543699315979
819,0.012864916327401254,-0.18702199396651623,0.6645543699308208
820,0.01286491632710536,-0.18702199441517534,0.6645543699315979
821,0.012864916303729781,-0.18702199441517334,0.6645543699315979
822,0.012864916327401254,-0.18702199396651623,0.6645543699315979
823,0.012864916327401254,-0.18702199396651623,0.6645543699315979
824,0.012864916303433888,-0.18702199441517534,0.6645543699308208
825,0.012864916327401254,-0.18702199441517534,0.6645543699315979
826,0.012864916304025675,-0.18702199396651423,0.6645543699315979
827,0.012864916327401254,-0.18702199396651623,0.6645543699315979
828,0.012864916327401254,-0.18702199441517334,0.6645543699308208
829,0.012864916303433888,-0.18702199441517736,0.6645543699315979
830,0.012864916327401254,-0.18702199396651423,0.6645543699315979
831,-0.06602577193488593,-0.04853101349076781,0.46353935118503103
832,-0.06602577193459004,-0.0485310130421067,0.46353935118425404
833,-0.06602577193488593,-0.0485310134907658,0.46353935118503103
834,-0.06602577193488593,-0.0485310130421067,0.46353935118425404
835,-0.06602577193459004,-0.0485310134907658,0.46353935118503103
836,-0.06602577193488593,-0.0485310130421067,0.46353935118503103
837,-0.06602577193459004,-0.0485310134907658,0.46353935118425404
838,-0.06602577193459004,-0.0485310130421067,0.46353935118503103
839,-0.06602577195826151,-0.04853101349076781,0.46353935118425404
840,-0.06602577193488593,-0.04853101304210468,0.46353935118503103
841,-0.06602577193488593,-0.04853101349076781,0.46353935118425404
842,-0.06602577193459004,-0.0485310130421067,0.46353935118503103
843,-0.06602577193488593,-0.0485310134907658,0.46353935118503103
844,-0.06602577193459004,-0.04853101304210468,0.46353935118425404
845,-0.06602577193488593,-0.04853101349076781,0.46353935118503103
846,-0.06602577193459004,-0.0485310130421067,0.46353935118425404
847,-0.06602577193459004,-0.0485310134907658,0.46353935118503103
848,0.04928168534270709,-0.25467563403201027,3.7400841567564007
849,0.04928168531962741,-0.2546756344806714,3.7400841567571774
850,0.049281685343298874,-0.2546756344806714,3.7400841567564007
851,0.049281685343002986,-0.25467563403201027,3.7400841567564007
852,0.04928168531962741,-0.25467563403201027,3.7400841567571774
853,0.04928168534270709,-0.2546756344806694,3.7400841567564007
854,-0.07707822440283735,-0.06919190453723084,1.0276377475430698
855,-0.07707822440224556,-0.0691919040885667,1.0276377475422926
856,-0.07707822440313324,-0.06919190453722883,1.0276377475430698
857,-0.07707822437946177,-0.0691919040885667,1.0276377475430698
858,-0.07707822440283735,-0.06919190453722782,1.0276377475422926
859,-0.07707822440283735,-0.0691919040885667,1.0276377475430698
860,-0.07707822440283735,-0.06919190453722883,1.0276377475422926
861,-0.07707822440283735,-0.06919190408856872,1.0276377475430698
862,-0.07707822440313324,-0.0691919045372268,1.0276377475430698
863,-0.07707822440254146,-0.06919190453722782,1.0276377475422926
864,-0.07707822440283735,-0.0691919040885667,1.0276377475430698
865,-0.07707822440313324,-0.06919190453722984,1.0276377475422926
866,-0.07707822437916588,-0.0691919040885667,1.0276377475430698
867,-0.07707822440283735,-0.06919190453722883,1.0276377475430698
868,-0.07707822440283735,-0.0691919040885667,1.0276377475422926
869,-0.07707822440283735,-0.06919190453722883,1.0276377475430698
870,0.23219122948218157,0.0813683369924768,1.029685760147645
871,-0.2894441525234855,-0.0604880626781011,0.1683501729706711
872,-0.2894441525001099,-0.06048806312676323,0.1683501729698941
873,-0.28944415252378136,-0.0604880626781011,0.1683501729706711
874,-0.2894441525001099,-0.060488062678102104,0.1683501729698941
875,-0.2894441525001099,-0.06048806267809908,0.1683501729706711
876,-0.28944415252378136,-0.06048806267810312,0.1683501729698941
877,-0.2894441525004058,-0.06048806267810009,0.1683501729706711
878,-0.28944415252318956,-0.0604880626781011,0.1683501729698941
879,-0.2894441525001099,-0.0604880626781011,0.1683501729706711
880,-0.13970878836590062,-0.057352517548199776,0.36554452954549704
881,-0.13970878834134148,-0.057352517099538654,0.36554452954549704
882,-0.13970878836560474,-0.057352517099538654,0.36554452954627403
883,-0.13970878836530884,-0.057352517548199776,0.36554452954549704
884,-0.13970878834163736,-0.05735251754819876,0.36554452954549704
885,-0.13970878836530884,-0.05735251709953967,0.36554452954627403
886,-0.13970878834193326,-0.057352517099538654,0.36554452954549704
887,-0.13970878836530884,-0.057352517548199776,0.36554452954549704
888,-0.24958697072519498,-0.12838883948237206,0.32282883806165735
889,-0.24958697074886643,-0.12838883948237007,0.32282883806243434
890,-0.24958697072578676,-0.1283888394823731,0.32282883806165735
891,-0.24958697072578676,-0.12838883948237007,0.32282883806165735
892,-0.24958697074886643,-0.12838883948237106,0.32282883806243434
893,-0.24958697072519498,-0.12838883948237206,0.32282883806165735
894,-0.05444331883376495,-0.1557509783911923,1.0062799018007613
895,-0.05444331883376495,-0.1557509783911913,1.0062799018007613
896,-0.05444331883317316,-0.1557509779425322,1.0062799018015385
897,-0.054443318810093476,-0.1557509783911913,1.0062799018007613
898,-0.054443318833469055,-0.1557509783911918,1.0062799018007613
899,-0.054443318833469055,-0.1557509783911923,1.0062799018007613
900,-0.05444331883376495,-0.1557509783911918,1.0062799018007613
901,-0.054443318833469055,-0.1557509779425317,1.0062799018015385
902,-0.054443318833469055,-0.1557509783911918,1.0062799018007613
903,-0.054443318833469055,-0.1557509783911923,1.0062799018007613
904,-0.054443318833469055,-0.1557509783911913,1.0062799018007613
905,-0.054443318810093476,-0.1557509783911923,1.0062799018007613
906,-0.05444331883376495,-0.1557509779425312,1.0062799018015385
907,-0.05444331883317316,-0.1557509783911918,1.0062799018007613
908,-0.054443318833469055,-0.1557509783911923,1.0062799018007613
909,0.08067545173855878,-0.10283079760008902,1.6409130324155883
910,0.08067545171488731,-0.10283079760008902,1.6409130324155883
911,0.08067545173826289,-0.10283079760008902,1.6409130324155883
912,0.08067545173826289,-0.10283079760008902,1.6409130324155883
913,0.08067545171488731,-0.10283079760008902,1.6409130324155883
914,0.08067545173855878,-0.10283079760008902,1.6409130324163652
915,0.08067545173826289,-0.10283079760008902,1.6409130324155883
916,0.0806754517151832,-0.10283079760008902,1.6409130324155883
917,0.08067545173855878,-0.10283079760008902,1.6409130324155883
918,0.08067545173855878,-0.1028307976000889,1.6409130324155883
919,0.08067545171459141,-0.10283079804875,1.6409130324155883
920,0.08067545173826289,-0.10283079760008915,1.6409130324155883
921,0.08067545173855878,-0.10283079760008902,1.6409130324155883
922,0.08067545171488731,-0.1028307976000889,1.6409130324155883
923,0.08067545173855878,-0.10283079760008902,1.6409130324155883
924,0.08067545173826289,-0.10283079760008905,1.6409130324163652
925,0.08067545171488731,-0.10283079760008902,1.6409130324155883
926,0.08067545173826289,-0.10283079760008904,1.6409130324155883
927,0.08067545173855878,-0.10283079760008904,1.6409130324155883
928,0.08067545171488731,-0.10283079760008898,1.6409130324155883
929,0.08067545173855878,-0.10283079760008905,1.6409130324155883
930,-1.313207776172219,-0.286247333118081,4.423535220495505
931,-1.3132077761725147,-0.2862473331180808,4.423535220495505
932,-0.017600686540350817,-0.1050532358490723,0.9914222699808359
933,-0.017600686564022288,-0.10505323629773342,0.9914222699800589
934,-0.01760068654064671,-0.1050532358490723,0.9914222699808359
935,-0.0176006865409426,-0.10505323629773315,0.9914222699800589
936,-0.017600686540350817,-0.1050532358490723,0.9914222699808359
937,-0.017600686564318183,-0.1050532358490723,0.9914222699800589
938,-0.017600686540350817,-0.10505323629773367,0.9914222699808359
939,-0.01760068654064671,-0.10505323584907254,0.9914222699808359
940,-0.0176006865409426,-0.1050532362977329,0.9914222699800589
941,-0.017600686564022288,-0.10505323584907204,0.9914222699808359
942,-0.01760068654005492,-0.1050532358490733,0.9914222699800589
943,-0.0176006865409426,-0.1050532362977329,0.9914222699808359
944,-0.01760068654064671,-0.10505323584907178,0.9914222699800589
945,-0.017600686564022288,-0.10505323584907279,0.9914222699808359
946,-0.01760068654064671,-0.10505323629773342,0.9914222699800589
947,-0.017600686540350817,-0.1050532358490723,0.9914222699808359
948,-0.0176006865409426,-0.1050532362977329,0.9914222699808359
949,-0.017600686564022288,-0.1050532358490723,0.9914222699800589
950,-0.01760068654064671,-0.10505323584907279,0.9914222699808359
951,-0.01760068654064671,-0.1050532362977329,0.9914222699800589
952,-0.01760068654064671,-0.1050532358490723,0.9914222699808359
953,-0.017600686564022288,-0.10505323629773342,0.9914222699800589
954,-0.01760068654064671,-0.1050532358490723,0.9914222699808359
955,0.11391591026798038,-0.12653168068621104,1.0866859092993881
956,0.1139159102676845,-0.12653168068621104,1.086685909300165
957,0.11391591026798038,-0.12653168068621054,1.0866859092993881
958,0.11391591026738859,-0.12653168068621054,1.0866859092993881
959,0.11391591026798038,-0.12653168068621154,1.0866859092993881
960,0.1139159102676845,-0.1265316806862095,1.086685909300165
961,0.1139159102676845,-0.12653168068621054,1.0866859092993881
962,0.11391591026798038,-0.12653168068621154,1.0866859092993881
963,0.11391591024430892,-0.12653168068621054,1.086685909300165
964,0.11391591026738859,-0.12653168068621054,1.0866859092993881
965,0.1139159102676845,-0.12653168068621154,1.0866859092993881
966,0.11391591026798038,-0.12653168068621054,1.086685909300165
967,0.1139159102676845,-0.12653168068621054,1.0866859092993881
968,0.1139159102676845,-0.12653168068621054,1.0866859092993881
969,0.11391591026798038,-0.12653168068621054,1.0866859092993881
970,0.1139159102676845,-0.12653168068621154,1.086685909300165
971,0.1139159102676845,-0.12653168068621054,1.0866859092993881
972,0.09246858833460811,-0.030928378120111382,0.5011204199069788
973,0.09246858831123253,-0.030928378120110372,0.5011204199069788
974,0.09246858833460811,-0.030928378120111382,0.5011204199069788
975,0.09246858831123253,-0.0309283785687725,0.5011204199069788
976,0.09246858833460811,-0.030928378120111382,0.5011204199069788
977,0.09246858831123253,-0.030928378120111382,0.5011204199062018
978,0.092468588334904,-0.030928378120110372,0.5011204199069788
979,0.09246858833460811,-0.030928378120112388,0.5011204199069788
980,0.09246858831123253,-0.030928378120110372,0.5011204199069788
981,0.09246858833460811,-0.030928378120111382,0.5011204199069788
982,0.09246858831152842,-0.030928378120111382,0.5011204199069788
983,0.092468588334904,-0.03092837856877149,0.5011204199069788
984,0.09246858831093664,-0.030928378120112388,0.5011204199069788
985,0.092468588334904,-0.030928378120108353,0.5011204199069788
986,0.09246858831123253,-0.030928378120112388,0.5011204199069788
987,0.09246858833460811,-0.030928378120110372,0.5011204199069788
988,0.09246858833431222,-0.030928378120112388,0.5011204199069788
989,0.09246858831152842,-0.030928378120112388,0.5011204199062018
990,0.09246858833460811,-0.030928378120108353,0.5011204199069788
991,0.09246858831123253,-0.03092837856877351,0.5011204199069788
992,0.09246858833460811,-0.030928378120111382,0.5011204199069788
993,0.09246858831123253,-0.030928378120111382,0.5011204199069788
994,0.0924685883351999,-0.030928378120111382,0.5011204199069788
995,0.19168380970856422,-0.11786493993656713,1.9631113910351965
996,0.19168380968518864,-0.11786493993656813,1.9631113910359734
997,0.1916838097088601,-0.11786493948790802,1.9631113910351965
998,0.19168380970856422,-0.11786493993656813,1.9631113910351965
999,0.19168380970856422,-0.11786493993656813,1.9631113910359734
1000,0.19168380968518864,-0.11786493993656713,1.9631113910351965
1001,0.1916838097088601,-0.11786493993656813,1.9631113910351965
1002,0.191683809709156,-0.11786493948790701,1.9631113910359734
1003,0.19168380970856422,-0.11786493993657016,1.9631113910351965
1004,0.1916838096854845,-0.11786493993656813,1.9631113910351965
1005,0.19168380970856422,-0.11786493993656813,1.9631113910359734
1006,0.19168380970856422,-0.11786493993656813,1.9631113910351965
1007,0.1916838097088601,-0.11786493948790701,1.9631113910351965
1008,0.19168380968518864,-0.11786493993656813,1.9631113910359734
1009,0.19168380970856422,-0.11786493993656813,1.9631113910351965
1010,0.193693010757056,-0.05622495662619859,1.762957865225893
1011,0.19369301073368042,-0.056224956626202624,1.76295786522667
1012,0.193693010757056,-0.05622495662620061,1.762957865225893
1013,0.19369301075646422,-0.05622495662620061,1.762957865225893
1014,0.1936930107573519,-0.05622495662619859,1.76295786522667
1015,0.19369301073338455,-0.05622495662620061,1.762957865225893
1016,0.19369301075676013,-0.05622495707486173,1.762957865225893
1017,0.193693010757056,-0.05622495662619859,1.76295786522667
1018,0.19369301073338455,-0.05622495662620061,1.762957865225893
1019,0.19369301075676013,-0.05622495662620061,1.76295786522667
1020,0.193693010757056,-0.05622495662619859,1.762957865225893
1021,0.193693010757056,-0.05622495662620061,1.762957865225893
1022,0.19369301073338455,-0.05622495662619859,1.76295786522667
1023,0.19369301075676013,-0.056224956626202624,1.762957865225893
1024,0.17014768596068505,-0.12049591482301836,4.380819529011665
1025,0.1701476859367177,-0.12049591482301836,4.380819529012442
1026,0.17014768596068505,-0.12049591482301836,4.380819529012442
1027,0.17014768596009328,-0.12049591437436127,4.380819529011665
1028,0.17014768596068505,-0.12049591482301836,4.380819529011665
1029,0.17014768596038918,-0.12049591482301635,4.380819529012442
1030,0.1701476859367177,-0.12049591482302038,4.380819529012442
1031,0.17014768596038918,-0.12049591482301836,4.380819529011665
1032,0.1471087122397631,-0.358508210163059,4.639803913476015
1033,0.14710871221579574,-0.358508210163059,4.639803913476015
1034,0.14710871223946723,-0.358508210163059,4.639803913476015
1035,0.14710871223917132,-0.3585082106117201,4.639803913476015
1036,0.14710871221579574,-0.358508210163057,4.639803913476015
1037,0.20790575378130832,-0.33615996184171376,6.37052188332066
1038,0.22387265359691308,-0.3302907249677464,6.825053875402022
1039,0.2238726535732416,-0.3302907245190893,6.825053875401244
1040,0.2238726535735375,-0.33029072496774436,6.825053875401244
1041,0.22387265359661718,-0.3302907249677504,6.825053875402022
1042,0.2238726535732416,-0.3302907249677464,6.825053875401244
1043,0.10919163453166715,-0.10444045175560043,2.5434624408645945
1044,0.10919163455504273,-0.1044404517555964,2.5434624408645945
1045,0.10919163453166715,-0.10444045175560245,2.5434624408653717
1046,0.10919163453196304,-0.10444045175560043,2.5434624408645945
1047,0.10919163455474683,-0.10444045175560043,2.5434624408645945
1048,0.10919163453196304,-0.1044404517555964,2.5434624408645945
1049,0.10919163453137125,-0.10444045175560043,2.5434624408653717
1050,0.10919163455533862,-0.10444045175560043,2.5434624408645945
1051,0.10919163453137125,-0.1044404517555984,2.5434624408645945
1052,0.10919163453196304,-0.10444045175560043,2.5434624408645945
1053,0.10919163455474683,-0.10444045175560043,2.5434624408653717
1054,0.10919163453196304,-0.1044404517555964,2.5434624408645945
1055,0.10919163453166715,-0.10444045175560043,2.5434624408645945
1056,-0.0023801406741829913,-0.12411623572949776,0.43907354769263834
1057,-0.030798045812512574,-0.1291277591824634,-0.09692512898675514
1058,-0.030798045789136995,-0.1291277591824634,-0.09692512898753214
1059,-0.030798045812216682,-0.1291277591824634,-0.09692512898675514
1060,-0.03079804578943289,-0.12912775918246744,-0.09692512898753214
1061,-0.030798045812512574,-0.12912775873380228,-0.09692512898753214
1062,-0.03079804581280847,-0.1291277591824634,-0.09692512898675514
1063,-0.030798045789136995,-0.1291277591824634,-0.09692512898753214
1064,-0.03472913612691163,-0.12714199220988712,-0.14238452535909196
1065,-0.13424779114301785,-0.07687072376495856,-1.293225033510893
1066,-0.13424779114242605,-0.07687072421361968,-1.293225033510893
1067,-0.13424779114272195,-0.07687072376495856,-1.293225033510116
1068,-0.13424779114213017,-0.07687072421362372,-1.293225033510893
1069,-0.13424779114242605,-0.07687072421361564,-1.293225033510893
1070,-0.13424779114272195,-0.0768707237649626,-1.293225033510893
1071,-0.13424779114242605,-0.07687072421361968,-1.293225033510893
1072,-0.13424779114242605,-0.07687072421361564,-1.293225033510893
1073,-0.1637124810838842,-0.026978800738342728,-1.5839831542110296
1074,-0.17488874278756136,-0.008054278675131345,-1.6942707172354874
1075,-0.17488874281064104,-0.00805427822646619,-1.6942707172354874
1076,-0.17488874278756136,-0.008054278226470224,-1.6942707172347105
1077,-0.17488874278726546,-0.00805427822646619,-1.6942707172354874
1078,-0.17488874278756136,-0.00805427867512731,-1.6942707172354874
1079,-0.17488874278696956,-0.00805427822646619,-1.6942707172354874
1080,-0.17488874278756136,-0.008054278226470224,-1.6942707172354874
1081,-0.17488874278756136,-0.00805427867512731,-1.6942707172354874
1082,-0.17488874278756136,-0.00805427822647426,-1.6942707172347105
1083,-0.17488874278756136,-0.00805427822646619,-1.6942707172354874
1084,-0.17488874278726546,-0.00805427867512731,-1.6942707172354874
1085,-0.17488874281093694,-0.008054278226470224,-1.6942707172354874
1086,-0.16583911137032725,-0.02442041872448241,-1.2790010544679042
1087,-0.1404794978791719,-0.07028294805747186,-0.11529861545873966
1088,-0.140479497878876,-0.07028294850613702,-0.11529861545873966
1089,-0.140479497878876,-0.07028294850613298,-0.11529861545873966
1090,-0.140479497878876,-0.07028294850613702,-0.11529861545873966
1091,-0.1404794979025475,-0.07028294850613298,-0.11529861545951665
1092,-0.1404794978791719,-0.07028294850613702,-0.11529861545873966
1093,-0.1404794978785801,-0.0702829480574759,-0.11529861545873966
1094,-0.1404794978791719,-0.07028294850613298,-0.11529861545873966
1095,-0.1404794978785801,-0.07028294850613702,-0.11529861545873966
1096,-0.1404794978791719,-0.07028294850613702,-0.11529861545873966
1097,-0.140479497878876,-0.07028294850613298,-0.11529861545873966
1098,-0.140479497878876,-0.07028294850613298,-0.11529861545873966
1099,-0.1404794978785801,-0.07028294805747994,-0.11529861545873966
1100,-0.1404794979025475,-0.07028294850613298,-0.11529861545873966
1101,-0.1404794978791719,-0.07028294850613702,-0.11529861545873966
1102,-0.140479497878876,-0.07028294850613702,-0.11529861545873966
1103,-0.140479497878876,-0.07028294850613298,-0.11529861545873966
1104,-0.12658560184397974,-0.08290847540096064,0.3708253779187118
1105,-0.11470232524305098,-0.09370693204042518,0.786601186727455
1106,-0.11470232526613065,-0.09370693204042922,0.786601186726678
1107,-0.11470232524364277,-0.0937069315917681,0.786601186726678
1108,-0.11470232526613065,-0.09370693204042518,0.786601186727455
1109,-0.11470232526613065,-0.09370693204042922,0.786601186726678
1110,-0.11470232524305098,-0.09370693204042922,0.786601186726678
1111,-0.11470232526672244,-0.09370693159177214,0.786601186727455
1112,-0.11470232524245919,-0.09370693204042518,0.786601186726678
1113,-0.11470232526672244,-0.09370693204042518,0.786601186726678
1114,-0.11470232526613065,-0.09370693204042922,0.786601186727455
1115,-0.11470232524305098,-0.0937069315917681,0.786601186726678
1116,-0.10920914189053288,-0.09718255758799757,0.8008165671612142
1117,-0.09142612457068403,-0.10843415762133705,0.8468358495855931
1118,-0.09142612454790024,-0.1084341580700022,0.8468358495848162
1119,-0.09142612454730845,-0.10843415762133705,0.8468358495848162
1120,-0.09142612457097991,-0.10843415806999816,0.8468358495855931
1121,-0.09142612454730845,-0.10843415762133705,0.8468358495848162
1122,-0.09142612457097991,-0.10843415806999816,0.8468358495848162
1123,-0.09142612454730845,-0.10843415762133705,0.8468358495855931
1124,-0.09142612457127582,-0.10843415806999816,0.8468358495848162
1125,-0.09142612454730845,-0.10843415762133705,0.8468358495848162
1126,-0.09142612457097991,-0.1084341580700022,0.8468358495855931
1127,-0.09142612454730845,-0.10843415762133705,0.8468358495848162
1128,-0.1011960606364436,-0.10272197805795553,0.44273970641798926
1129,-0.10380880654014603,-0.10119438576172017,0.33467343745938005
1130,-0.10380880651706634,-0.10119438621038533,0.33467343745938005
1131,-0.10380880653955424,-0.10119438621037725,0.33467343745938005
1132,-0.10380880654073782,-0.10119438576172421,0.33467343745938005
1133,-0.10380880651647456,-0.10119438621038129,0.33467343745938005
1134,-0.17635164544181614,0.00013612964597388183,-1.8355041571823827
1135,-0.17708440138236758,0.001159669902018364,-1.85742514298679
1136,-0.1770844013817758,0.0011596703506673788,-1.85742514298679
1137,-0.177084401358992,0.001159669902014329,-1.85742514298679
1138,-0.17708440138236758,0.001159669902014329,-1.85742514298679
1139,-0.17708440138207168,0.0011596703506714138,-1.85742514298679
1140,-0.17708440138236758,0.0011596699020102943,-1.85742514298679
1141,-0.17708440138207168,0.001159669902014329,-1.85742514298679
1142,-0.17708440138236758,0.0011596699020062593,-1.85742514298679
1143,-0.1770844013592879,0.0011596703506754488,-1.85742514298679
1144,-0.17708440138207168,0.0011596699020102943,-1.85742514298679
1145,-0.17708440138236758,0.001159669902014329,-1.85742514298679
1146,-0.17708440138207168,0.0011596703506714138,-1.85742514298679
1147,-0.17708440138236758,0.0011596699020102943,-1.85742514298679
1148,-0.17708440138236758,0.0011596699020102943,-1.85742514298679
1149,-0.16361332028196357,-0.025408131170444496,-1.5114011075439366
1150,-0.14135209076111122,-0.06931195136781396,-0.9395895052057364
1151,-0.1413520907850786,-0.06931195136781396,-0.9395895052065134
1152,-0.14135209076111122,-0.0693119513678059,-0.9395895052057364
1153,-0.1413520907847827,-0.06931195136781396,-0.9395895052065134
1154,-0.1413520907847827,-0.06931195181647104,-0.9395895052065134
1155,-0.14135209076111122,-0.06931195136781396,-0.9395895052057364
1156,-0.1413520907850786,-0.0693119513678059,-0.9395895052065134
1157,-0.14135209076111122,-0.06931195136781396,-0.9395895052057364
1158,-0.1413520907847827,-0.0693119513678059,-0.9395895052065134
1159,-0.1413520907847827,-0.06931195181647104,-0.9395895052065134
1160,-0.14135209076170302,-0.06931195136782203,-0.9395895052057364
1161,-0.14927310454851914,-0.05952101375502264,0.2929204626480461
1162,-0.15044625125094147,-0.05807092088614877,0.475462122640074
1163,-0.1504462512269741,-0.05807092088615281,0.475462122640074
1164,-0.1504462512503497,-0.05807092088614877,0.475462122640074
1165,-0.15044625125094147,-0.05807092133480989,0.47546212264085097
1166,-0.15044625122726998,-0.05807092088616088,0.475462122640074
1167,-0.15044625125064556,-0.05807092088614877,0.475462122640074
1168,-0.15044625125064556,-0.05807092088615281,0.475462122640074
1169,-0.1504462512269741,-0.05807092088614877,0.475462122640074
1170,-0.15044625125064556,-0.05807092088615281,0.475462122640074
1171,-0.1504462512503497,-0.05807092088615281,0.47546212264085097
1172,-0.15044625122726998,-0.058070921334813924,0.475462122640074
1173,-0.1504462512503497,-0.05807092088614474,0.475462122640074
1174,-0.15044625125094147,-0.05807092088615684,0.475462122640074
1175,-0.15044625122726998,-0.05807092088614474,0.475462122640074
1176,-0.1504462512503497,-0.05807092088615281,0.47546212264085097
1177,-0.14714597286862224,-0.06204815372109761,0.3903389761679511
1178,-0.13870148832174908,-0.0722247749836374,0.17253277576416393
1179,-0.13870148834512466,-0.07222477498363336,0.17253277576416393
1180,-0.13870148832174908,-0.07222477498363336,0.17253277576416393
1181,-0.13870148834542056,-0.07222477453497628,0.17253277576494092
1182,-0.1387014883211573,-0.07222477498363336,0.17253277576416393
1183,-0.13870148834542056,-0.0722247749836374,0.17253277576416393
1184,-0.13870148832174908,-0.0722247749836374,0.17253277576416393
1185,-0.13870148832174908,-0.07222477453496821,0.17253277576494092
1186,-0.1387014883448288,-0.07222477498364144,0.17253277576416393
1187,-0.13870148832204499,-0.0722247749836374,0.17253277576416393
1188,-0.1387014883448288,-0.07222477498363336,0.17253277576416393
1189,-0.13870148832204499,-0.07222477453497628,0.17253277576494092
1190,-0.1387014883448288,-0.0722247749836374,0.17253277576416393
1191,-0.13870148832174908,-0.07222477498363336,0.17253277576416393
1192,-0.1033403174341433,-0.09396154346852341,1.3351510074928536
1193,-0.10334031745781479,-0.09396154301986229,1.3351510074928536
1194,-0.10334031743443921,-0.09396154346852745,1.3351510074920767
1195,-0.1033403174341433,-0.09396154301986229,1.3351510074928536
1196,-0.10334031745781479,-0.09396154346852341,1.3351510074928536
1197,-0.1033403174341433,-0.09396154301986633,1.3351510074928536
1198,-0.10334031743443921,-0.09396154346851938,1.3351510074928536
1199,-0.10334031745781479,-0.09396154346852745,1.3351510074928536
1200,-0.1033403174341433,-0.09396154301986229,1.3351510074920767
1201,-0.10334031743443921,-0.09396154346852341,1.3351510074928536
1202,-0.10334031745751888,-0.09396154301986633,1.3351510074928536
1203,-0.10334031743443921,-0.09396154346851938,1.3351510074928536
1204,-0.1033403174341433,-0.09396154346852745,1.3351510074928536
1205,-0.10334031745781479,-0.09396154301986229,1.3351510074920767
1206,-0.10334031743443921,-0.09396154346852745,1.3351510074928536
1207,-0.1033403174341433,-0.09396154301986229,1.3351510074928536
1208,-0.1033403174341433,-0.09396154346851938,1.3351510074928536
1209,-0.10334031745781479,-0.09396154301986229,1.3351510074928536
1210,-0.09843344731989347,-0.09598951820808176,1.258925120358248
1211,-0.035189343726148875,-0.12212786203753569,0.2764581306256643
1212,-0.03518934372644477,-0.12212786203753569,0.2764581306256643
1213,-0.03518934372555709,-0.12212786203752762,0.2764581306264413
1214,-0.03518934372644477,-0.12212786203753569,0.2764581306256643
1215,-0.03518934372585299,-0.12212786203752762,0.2764581306256643
1216,-0.03518934372644477,-0.12212786203752762,0.2764581306256643
1217,-0.03518934370218151,-0.12212786203753569,0.2764581306264413
1218,-0.035189343726148875,-0.12212786203752762,0.2764581306256643
1219,-0.03518934372644477,-0.12212786203753569,0.2764581306256643
1220,-0.03518934372555709,-0.12212786203753166,0.2764581306264413
1221,0.042882768580339466,-0.1144764268231702,-0.28430076674049354
1222,0.08328123642993898,-0.1105171861845674,-0.5744658410969266
1223,0.08328123643023487,-0.11051718618457548,-0.5744658410977036
1224,0.08328123640685929,-0.11051718618457548,-0.5744658410977036
1225,0.08328123642993898,-0.11051718618457548,-0.5744658410969266
1226,0.0832812364065634,-0.11051718618457548,-0.5744658410977036
1227,0.08328123642993898,-0.11051718618457951,-0.5744658410977036
1228,0.11511155718905637,-0.09266791522928582,-0.38764035003308
1229,0.11892549263000522,-0.0905292006792614,-0.36525476487738295
1230,0.11892549260662964,-0.09052920067926946,-0.36525476487738295
1231,0.11892549260662964,-0.09052920067926946,-0.36525476487738295
1232,0.11892549260633375,-0.09052920067926946,-0.36525476487738295
1233,0.11892549263000522,-0.0905292006792614,-0.36525476487815994
1234,0.11892549260633375,-0.09052920067926946,-0.36525476487738295
1235,0.11892549260662964,-0.09052920067926946,-0.36525476487738295
1236,0.014919781030464077,-0.06811559638441149,0.16749905084840117
1237,0.014919781030168184,-0.06811559638441149,0.16749905084840117
1238,0.014919781030464077,-0.06811559638441149,0.16749905084917815
1239,0.014919781030464077,-0.06811559638440341,0.16749905084840117
1240,0.014919781030168184,-0.06811559638441955,0.16749905084840117
1241,0.014919781030168184,-0.06811559683306857,0.16749905084840117
1242,0.014919781030464077,-0.06811559638441149,0.16749905084917815
1243,0.014919781030464077,-0.06811559638441149,0.16749905084840117
1244,0.014919781030464077,-0.06811559638440341,0.16749905084840117
1245,0.014919781030168184,-0.06811559638441955,0.16749905084840117
1246,0.014919781030168184,-0.06811559638441149,0.16749905084917815
1247,0.014919781006792605,-0.06811559638441149,0.16749905084840117
1248,0.014919781030464077,-0.06811559638440341,0.16749905084840117
1249,0.014919781030168184,-0.06811559638441149,0.16749905084840117
1250,0.014919781030759971,-0.06811559638441149,0.16749905084840117
1251,0.014919781030168184,-0.06811559638441149,0.16749905084917815
1252,0.014919781030168184,-0.06811559683306857,0.16749905084840117
1253,0.014919781030464077,-0.06811559638441149,0.16749905084840117
1254,0.01491978102987229,-0.06811559638441149,0.16749905084840117
1255,0.014919781030759971,-0.06811559638441149,0.16749905084917815
1256,0.014919781030168184,-0.06811559638441149,0.16749905084840117
1257,0.014919781030168184,-0.06811559638441149,0.16749905084840117
1258,0.03284773110941448,-0.07485421993667057,0.278255942601104
1259,0.03284773108663069,-0.07485421993667865,0.278255942600327
1260,0.03284773110941448,-0.07485421948802963,0.278255942601104
1261,0.03284773110971038,-0.07485421993667057,0.278255942600327
1262,0.0328477310863348,-0.07485421993668671,0.278255942601104
1263,0.03284773110941448,-0.07485421993667057,0.278255942600327
1264,0.03284773110971038,-0.07485421993667865,0.278255942601104
1265,0.03284773110941448,-0.07485421993667865,0.278255942600327
1266,0.0328477310860389,-0.07485421948801349,0.278255942601104
1267,0.03284773110941448,-0.07485421993668671,0.278255942600327
1268,0.03284773110971038,-0.07485421993667057,0.278255942601104
1269,0.0328477310863348,-0.07485421993668671,0.278255942600327
1270,0.03284773110971038,-0.07485421993667057,0.278255942601104
1271,0.03284773110941448,-0.07485421993667865,0.278255942600327
1272,0.0328477310860389,-0.07485421948801349,0.278255942601104
1273,0.03284773110971038,-0.07485421993667865,0.278255942600327
1274,0.03284773110941448,-0.07485421993667865,0.278255942601104
1275,0.03284773111000627,-0.07485421993667865,0.278255942600327
1276,0.03284773108574301,-0.07485421993667865,0.278255942601104
1277,0.03284773110971038,-0.07485421993667865,0.278255942600327
1278,0.03284773110941448,-0.07485421948802155,0.278255942601104
1279,0.0328477310863348,-0.07485421993667865,0.278255942600327
1280,0.03284773110941448,-0.07485421993667865,0.278255942601104
1281,0.03463126100844774,-0.23713580175477272,0.6265848663903206
1282,0.03463126103152742,-0.2371358017547808,0.6265848663903206
1283,0.03463126100785595,-0.2371358017547808,0.6265848663903206
1284,0.03463126103152742,-0.2371358017547808,0.6265848663903206
1285,0.03463126100785595,-0.23713580130611564,0.6265848663903206
1286,0.03463126103152742,-0.2371358017547808,0.6265848663903206
1287,0.034631261008151844,-0.23713580175477272,0.6265848663903206
1288,0.03463126103152742,-0.2371358017547808,0.6265848663903206
1289,0.034631261008151844,-0.2371358017547808,0.6265848663903206
1290,-0.15728929752511334,-0.2651995340264743,-0.5884392469235559
1291,-0.15728929754848892,-0.2651995335778172,-0.5884392469227788
1292,-0.15728929754848892,-0.26519953402646623,-0.5884392469235559
1293,-0.15728929752540924,-0.2651995340264743,-0.5884392469235559
1294,-0.15728929752511334,-0.2651995335778172,-0.5884392469227788
1295,-0.15728929754848892,-0.2651995340264743,-0.5884392469235559
1296,-0.15728929754848892,-0.2651995340264743,-0.5884392469235559
1297,-0.15728929752511334,-0.2651995335778172,-0.5884392469227788
1298,-0.15728929752511334,-0.2651995340264743,-0.5884392469235559
1299,-0.15728929754848892,-0.2651995340264743,-0.5884392469235559
1300,-0.15728929754878482,-0.2651995335778092,-0.5884392469227788
1301,-0.15728929752481746,-0.2651995340264824,-0.5884392469235559
1302,-0.09535795836905611,-0.28624733311807615,-0.01889669380750623
1303,-0.0953579583918399,-0.28624733311807615,-0.01889669380750623
1304,-0.09535795836846432,-0.2862473326694271,-0.01889669380750623
1305,-0.0953579583918399,-0.28624733311807615,-0.01889669380750623
1306,-0.09535795836876021,-0.2862473331180842,-0.01889669380750623
1307,-0.09535795836846432,-0.2862473331180842,-0.01889669380750623
1308,-0.0953579583918399,-0.286247332669411,-0.01889669380750623
1309,-0.09535795836846432,-0.2862473331180842,-0.01889669380750623
1310,-0.0953579583918399,-0.2862473331180842,-0.01889669380750623
1311,-0.09535795836876021,-0.2862473331180842,-0.01889669380750623
1312,-0.09535795836846432,-0.286247332669411,-0.01889669380750623
1313,-0.0953579583918399,-0.2862473331180842,-0.01889669380750623
1314,-0.09535795836846432,-0.2862473331180842,-0.01889669380750623
1315,-0.09535795839243169,-0.28624733311807615,-0.01889669380750623
1316,-0.09535795836816842,-0.28624733311807615,-0.01889669380750623
1317,-0.09535795839213579,-0.2862473326694271,-0.01889669380750623
1318,-0.09535795836846432,-0.28624733311807615,-0.01889669380750623
1319,-0.09535795836876021,-0.2862473331180842,-0.01889669380750623
1320,-0.0953579583918399,-0.28624733311807615,-0.01889669380750623
1321,-0.09535795836846432,-0.2862473326694271,-0.01889669380750623
1322,-0.0953579583918399,-0.28624733311807615,-0.01889669380750623
1323,-0.09535795836846432,-0.28624733311807615,-0.01889669380750623
1324,0.009097664356005094,-0.20055272233854354,0.2740109049381571
1325,0.009097664356005094,-0.20055272188988646,0.2740109049373801
1326,0.009097664356005094,-0.2005527223385516,0.2740109049373801
1327,0.009097664332925406,-0.20055272233853547,0.2740109049381571
1328,0.009097664356005094,-0.2005527223385516,0.2740109049381571
1329,0.009097664356300987,-0.2005527218898703,0.2740109049373801
1330,0.009097664356005094,-0.20055272233854354,0.2740109049373801
1331,0.009097664356005094,-0.20055272233854354,0.2740109049381571
1332,0.009097664356005094,-0.20055272188987838,0.2740109049381571
1333,0.009097664356005094,-0.2005527223385516,0.2740109049373801
1334,0.009097664332925406,-0.20055272233854354,0.2740109049373801
1335,0.009097664356005094,-0.20055272233853547,0.2740109049381571
1336,0.009097664356005094,-0.20055272188987838,0.2740109049381571
1337,0.009097664356300987,-0.2005527223385516,0.2740109049373801
1338,-0.03862086057348922,-0.11786493993656409,-0.17077470797183794
1339,-0.03862086054981775,-0.11786493993657217,-0.17077470797183794
1340,-0.038620860573193326,-0.11786493948790701,-0.17077470797183794
1341,-0.038620860573193326,-0.11786493993656409,-0.17077470797106092
1342,-0.03862086057348922,-0.11786493993657217,-0.17077470797183794
1343,-0.03862086054981775,-0.11786493993656409,-0.17077470797183794
1344,-0.03862086057289744,-0.11786493993656409,-0.17077470797183794
1345,-0.038620860573193326,-0.11786493993657217,-0.17077470797183794
1346,-0.03862086055040954,-0.11786493993656409,-0.17077470797106092
1347,-0.03862086057289744,-0.11786493948790701,-0.17077470797183794
1348,-0.038620860573193326,-0.11786493993657217,-0.17077470797183794
1349,-0.038620860573193326,-0.11786493993656409,-0.17077470797183794
1350,-0.03862086055011364,-0.11786493993657217,-0.17077470797183794
1351,-0.038620860573193326,-0.11786493993658023,-0.17077470797183794
1352,-0.03862086057289744,-0.11786493948789087,-0.17077470797183794
1353,-0.038620860573193326,-0.11786493993657217,-0.17077470797106092
1354,-0.03862086055011364,-0.11786493993656409,-0.17077470797183794
1355,-0.03862086057348922,-0.11786493993658023,-0.17077470797183794
1356,-0.03422573328901212,-0.08103129152625284,-0.18975945974208802
1357,-0.03422573326593244,-0.08103129107758768,-0.18975945974208802
1358,-0.03422573326534065,-0.08103129107760382,-0.189759459742865
1359,-0.03422573328901212,-0.08103129152624476,-0.18975945974208802
1360,-0.30358424892486446,-0.0652454422075676,-0.9220284566054694
1361,-0.30358424894794417,-0.06524544175887824,-0.9220284566054694
1362,-0.3035842489245686,-0.06524544220755954,-0.9220284566054694
1363,-0.30358424894794417,-0.06524544175888632,-0.9220284566054694
1364,-0.30358424892486446,-0.06524544220755954,-0.9220284566054694
1365,-0.30358424894764824,-0.06524544175889438,-0.9220284566054694
1366,-0.30358424892486446,-0.06524544220755146,-0.9220284566054694
1367,-0.30358424892427266,-0.06524544220755146,-0.9220284566046923
1368,-0.30358424894794417,-0.06524544175888632,-0.9220284566054694
1369,-0.30358424892486446,-0.06524544220755146,-0.9220284566054694
1370,-0.30358424894764824,-0.06524544175889438,-0.9220284566054694
1371,-0.30358424892486446,-0.06524544220755146,-0.9220284566054694
1372,-0.30358424894824004,-0.06524544175889438,-0.9220284566054694
1373,-0.30358424892427266,-0.0652454422075434,-0.9220284566054694
1374,-0.1227561544949138,-0.0291635007794622,-0.2141684263046151
1375,-0.12275615451828938,-0.029163500330821258,-0.21416842630383812
1376,-0.1227561544952097,-0.0291635007794622,-0.2141684263046151
1377,-0.12275615449461791,-0.0291635007794622,-0.2141684263046151
1378,-0.12275615451828938,-0.029163500330797048,-0.21416842630383812
1379,-0.1227561544949138,-0.02916350077947834,-0.2141684263046151
1380,-0.12275615451858528,-0.0291635007794622,-0.2141684263046151
1381,-0.1227561544949138,-0.029163500330797048,-0.21416842630383812
1382,-0.12275615449461791,-0.02916350077947834,-0.2141684263046151
1383,-0.12275615451858528,-0.029163500330805118,-0.21416842630383812
1384,-0.1227561544952097,-0.0291635007794622,-0.2141684263046151
1385,-0.1227561544949138,-0.02916350077947027,-0.2141684263046151
1386,-0.12275615451828938,-0.029163500330805118,-0.21416842630383812
1387,-0.1227561544949138,-0.0291635007794622,-0.2141684263046151
1388,-0.1600861967247317,0.04956073518598652,-0.1742264810207624
1389,-0.1600861967253235,0.04956073518600266,-0.1742264810207624
1390,-0.1600861967253235,0.04956073518597845,-0.1742264810215394
1391,-0.1600861967250276,0.04956073518599459,-0.1742264810207624
1392,-0.1600861967250276,0.04956073518599459,-0.1742264810207624
1393,-0.1600861967250276,0.04956073518599459,-0.1742264810207624
1394,-0.1600861967253235,0.04956073518599459,-0.1742264810207624
1395,-0.1600861967247317,0.04956073518599459,-0.1742264810207624
1396,-0.1600861967253235,0.04956073518597845,-0.1742264810215394
1397,-0.1600861967250276,0.04956073518599459,-0.1742264810207624
1398,-0.1600861967253235,0.04956073518599459,-0.1742264810207624
1399,-0.1600861967247317,0.049560734737337506,-0.1742264810207624
1400,-0.1600861967253235,0.04956073518598652,-0.1742264810207624
1401,-0.1600861967250276,0.04956073518598652,-0.1742264810215394
1402,-0.1600861967253235,0.04956073518599459,-0.1742264810207624
1403,-0.1600861967247317,0.04956073518599459,-0.1742264810207624
1404,-0.1600861967250276,0.04956073518598652,-0.1742264810207624
1405,-0.1600861967253235,0.04956073518599459,-0.1742264810207624
1406,-0.1600861967253235,0.04956073518598652,-0.1742264810207624
1407,-0.1600861967247317,0.04956073518599459,-0.1742264810215394
1408,-0.1600861967250276,0.04956073518598652,-0.1742264810207624
1409,-0.1600861967250276,0.04956073518599459,-0.1742264810207624
1410,-0.22960911940451847,0.02946965415333804,0.416026710390388
1411,-0.229609119380847,0.02946965415333804,0.41602671038961103
1412,-0.22960911940451847,0.02946965415333804,0.41602671038961103
1413,-0.229609119380847,0.02946965415333804,0.416026710390388
1414,-0.22960911940422257,0.02946965415333804,0.416026710390388
1415,-0.22960911940422257,0.02946965415333804,0.41602671038961103
1416,-0.2296091193811429,0.02946965415333804,0.41602671038961103
1417,-0.22960911940422257,0.02946965415333804,0.416026710390388
1418,-0.2296091193811429,0.02946965415333804,0.416026710390388
1419,-0.22960911940422257,0.02946965415333804,0.41602671038961103
1420,-0.229609119380847,0.02946965415333804,0.41602671038961103
1421,-0.22960911940451847,0.02946965415333804,0.416026710390388
1422,-0.22960911940451847,0.02946965415333804,0.416026710390388
1423,-0.22960911938025522,0.02946965415333804,0.41602671038961103
1424,-0.22960911940451847,0.02946965415333804,0.41602671038961103
1425,-0.22960911938143877,0.02946965415333804,0.416026710390388
1426,-0.22960911940392667,0.02946965415333804,0.416026710390388
1427,-0.22960911940422257,0.02946965415333804,0.41602671038961103
1428,-0.2296091193811429,0.02946965415333804,0.41602671038961103
1429,-0.22960911940422257,0.02946965415333804,0.416026710390388
1430,-0.2296091193811429,0.02946965415333804,0.416026710390388
1431,-0.22960911940422257,0.02946965415333804,0.41602671038961103
1432,-0.40729447956977627,0.003469431455755775,1.4887159467932987
1433,-0.40729447957007214,0.0034694319044128595,1.4887159467932987
1434,-0.4072944795464007,0.0034694314557396355,1.4887159467925217
1435,-0.40729447956977627,0.0034694319044128595,1.4887159467932987
1436,-0.40729447956977627,0.003469431455747705,1.4887159467932987
1437,-0.40729447956977627,0.0034694319044128595,1.4887159467932987
1438,-0.40729447957007214,0.003469431455755775,1.4887159467925217
1439,-0.40729447956977627,0.00346943190439672,1.4887159467932987
1440,-0.4072944795464007,0.003469431455755775,1.4887159467932987
1441,-0.40729447957007214,0.0034694319044128595,1.4887159467932987
1442,-0.40729447957007214,0.003469431455747705,1.4887159467925217
1443,-0.40729447956948034,0.0034694319044128595,1.4887159467932987
1444,-0.40729447957007214,0.0034694314557396355,1.4887159467932987
1445,-0.40729447956977627,0.0034694319044128595,1.4887159467932987
1446,-0.4072944795464007,0.003469431455755775,1.4887159467925217
1447,-0.40729447957007214,0.0034694319044128595,1.4887159467932987
1448,-0.40729447957007214,0.003469431455747705,1.4887159467932987
1449,-0.17750688309264998,-0.008416384301283115,1.2796603272968692
1450,-0.17750688309294585,-0.008416384301283115,1.2796603272960922
1451,-0.17750688309264998,-0.008416384301291185,1.2796603272968692
1452,-0.17750688309324175,-0.008416384301283115,1.2796603272960922
1453,-0.17750688309264998,-0.008416384301283115,1.2796603272968692
1454,-0.17750688309294585,-0.008416384301283115,1.2796603272960922
1455,-0.17750688309264998,-0.008416384301283115,1.2796603272968692
1456,-0.17750688311661733,-0.008416384301299255,1.2796603272960922
1457,-0.17750688309294585,-0.008416384301283115,1.2796603272968692
1458,-0.17750688309294585,-0.008416384301283115,1.2796603272960922
1459,-0.17750688309264998,-0.008416384301283115,1.2796603272968692
1460,-0.17750688309294585,-0.008416384301283115,1.2796603272960922
1461,-0.17750688309264998,-0.008416384301299255,1.2796603272968692
1462,-0.17750688309324175,-0.008416384301283115,1.2796603272960922
1463,-0.17750688309264998,-0.008416384301291185,1.2796603272968692
1464,-0.30057044735242266,0.004212295333153725,1.7580760719136983
1465,-0.3005704473760941,0.0042122948844805,1.7580760719136983
1466,-0.30057044735212674,0.004212295333137585,1.7580760719136983
1467,-0.3005704473755023,0.004212295333153725,1.7580760719136983
1468,-0.30057044735242266,0.00421229488446436,1.7580760719144755
1469,-0.30057044735242266,0.004212295333153725,1.7580760719136983
1470,-0.30057044737579824,0.004212295333137585,1.7580760719136983
1471,-0.30057044735242266,0.004212295333137585,1.7580760719136983
1472,-0.30057044737520644,0.0042122948844805,1.7580760719136983
1473,-0.30057044735271854,0.004212295333153725,1.7580760719136983
1474,-0.3704529713662526,0.22679277108580662,0.49369160399701606
1475,-0.37045297134258115,0.22679277108580662,0.49369160399623907
1476,-0.3704529713431729,0.22679277108580662,0.49369160399701606
1477,-0.3704529713662526,0.2267927710858147,0.49369160399623907
1478,-0.3704529713662526,0.2267927715344637,0.49369160399701606
1479,-0.370452971342877,0.22679277108582274,0.49369160399701606
1480,-0.370452971342877,0.22679277108580662,0.49369160399623907
1481,-0.3704529713662526,0.22679277108580662,0.49369160399701606
1482,-0.19322592658791612,0.02575533656101698,0.966076898051448
1483,-0.1932259266106999,0.02575533656100891,0.966076898051448
1484,-0.19322592658732432,0.025755337009674067,0.966076898051448
1485,-0.1932259266109958,0.02575533656101698,0.966076898051448
1486,-0.19322592658732432,0.02575533656103312,0.9660768980522251
1487,-0.1932259266109958,0.02575533656101698,0.966076898051448
1488,-0.19322592658732432,0.02575533656100891,0.966076898051448
1489,-0.1932259266109958,0.02575533656101698,0.966076898051448
1490,-0.19322592658762022,0.025755337009674067,0.966076898051448
1491,-0.1932259266106999,0.02575533656103312,0.966076898051448
1492,-0.19322592658762022,0.02575533656100084,0.966076898051448
1493,-0.1932259266106999,0.02575533656101698,0.966076898051448
1494,-0.19322592658762022,0.02575533656101698,0.9660768980522251
1495,-0.1932259266109958,0.02575533656102505,0.966076898051448
1496,-0.19322592658732432,0.025755337009674067,0.966076898051448
1497,-0.1932259266109958,0.02575533656101698,0.966076898051448
1498,-0.19322592658732432,0.02575533656101698,0.966076898051448
1499,-0.24079671615742435,0.13891820978861902,0.5506458593085434
1500,-0.24079671613375286,0.1389182097886271,0.5506458593077663
1501,-0.24079671615742435,0.13891820978861902,0.5506458593085434
1502,-0.24079671613404877,0.13891820933995386,0.5506458593085434
1503,-0.24079671615712844,0.13891820978861902,0.5506458593077663
1504,-0.24079671613375286,0.13891820978861902,0.5506458593085434
1505,-0.24079671615742435,0.1389182097886271,0.5506458593085434
1506,-0.24079671613404877,0.13891820978861902,0.5506458593077663
1507,-0.24079671615742435,0.13891820978861094,0.5506458593085434
1508,-0.240796716133457,0.13891820978861902,0.5506458593085434
1509,-0.24079671615742435,0.13891820978863514,0.5506458593077663
1510,-0.24079671613404877,0.13891820933995386,0.5506458593085434
1511,-0.24079671615742435,0.13891820978861902,0.5506458593085434
1512,-0.24079671613404877,0.13891820978861094,0.5506458593077663
1513,-0.24079671615712844,0.13891820978863514,0.5506458593085434
1514,-0.2705483470610692,0.1266133425790458,0.8748470049282453
1515,-0.27054834706166103,0.12661334257907,0.8748470049282453
1516,-0.27054834708414893,0.1266133425790458,0.8748470049274683
1517,-0.27054834706166103,0.12661334213039677,0.8748470049282453
1518,-0.2705483470610692,0.12661334257906193,0.8748470049282453
1519,-0.27054834706136516,0.12661334257905385,0.8748470049282453
1520,-0.2705483470844448,0.12661334257906193,0.8748470049274683
1521,-0.2705483470610692,0.12661334257905385,0.8748470049282453
1522,-0.27054834706166103,0.1266133425790458,0.8748470049282453
1523,-0.27054834706077335,0.12661334213039677,0.8748470049282453
1524,-0.2705483470850366,0.12661334257906193,0.8748470049274683
1525,-0.2705483470610692,0.12661334257905385,0.8748470049282453
1526,-0.27054834706077335,0.12661334257906193,0.8748470049282453
1527,-0.23024841064337379,0.12207997042559161,1.1429701145484268
1528,-0.2302484106424861,0.12207997042560775,1.1429701145492037
1529,-0.23024841061940643,0.12207997042560775,1.1429701145484268
1530,-0.2302484106424861,0.12207997042560775,1.1429701145484268
1531,-0.230248410642782,0.12207997042559161,1.1429701145492037
1532,-0.230248410642782,0.12207997042560775,1.1429701145484268
1533,-0.2302484106424861,0.12207997042559969,1.1429701145484268
1534,-0.23024841061911053,0.12207996997695067,1.1429701145492037
1535,-0.230248410642782,0.12207997042559161,1.1429701145484268
1536,-0.230248410642782,0.12207997042560775,1.1429701145484268
1537,-0.2302484106424861,0.12207997042560775,1.1429701145492037
1538,-0.230248410642782,0.12207997042559161,1.1429701145484268
1539,-0.23024841061940643,0.12207997042560775,1.1429701145484268
1540,-0.230248410642782,0.12207997042560775,1.1429701145492037
1541,-0.230248410642782,0.12207997042559969,1.1429701145484268
1542,-0.2809807371207508,0.26851251577791135,1.2747785339838975
1543,-0.28098073714412636,0.26851251577791135,1.2747785339846747
1544,-0.2809807371207508,0.26851251577791135,1.2747785339838975
1545,-0.28098073714442223,0.26851251622656847,1.2747785339838975
1546,-0.2809807371207508,0.26851251577791135,1.2747785339838975
1547,-0.2809807371447181,0.2685125157778952,1.2747785339846747
1548,-0.28098073712045485,0.2685125157779275,1.2747785339838975
1549,-0.28098073712104665,0.2685125157778952,1.2747785339838975
1550,-0.28098073714442223,0.2685125157779275,1.2747785339846747
1551,-0.2809807371207508,0.2685125157778952,1.2747785339838975
1552,-0.28098073714412636,0.26851251622656847,1.2747785339838975
1553,-0.2809807371207508,0.26851251577791135,1.2747785339838975
1554,-0.2809807371447181,0.26851251577791135,1.2747785339846747
1555,-0.2809807371207508,0.26851251577791135,1.2747785339838975
1556,-0.24519184344160555,0.084720126768813,1.0062799018007613
1557,-0.24519184344101377,0.08472012721746201,1.0062799018007613
1558,-0.24519184344160555,0.08472012676879687,1.0062799018007613
1559,-0.24519184344160555,0.084720126768813,1.0062799018007613
1560,-0.24519184344130965,0.08472012721746201,1.0062799018015385
1561,-0.24519184344130965,0.084720126768813,1.0062799018007613
1562,-0.24519184344160555,0.08472012721746201,1.0062799018007613
1563,-0.24519184344130965,0.08472012676880493,1.0062799018007613
1564,-0.14703400052119456,0.004913888247361833,0.5506458593085434
1565,-0.14703400052060278,0.004913888696010848,0.5506458593077663
1566,-0.14703400049781898,0.004913888696010848,0.5506458593085434
1567,-0.14703400052119456,0.004913888247361833,0.5506458593085434
1568,-0.14703400052149046,0.004913888247361833,0.5506458593077663
1569,-0.14703400052060278,0.004913888696010848,0.5506458593085434
1570,-0.14703400049781898,0.004913888696018918,0.5506458593085434
1571,-0.14703400052119456,0.004913888247353763,0.5506458593077663
1572,-0.14703400052089868,0.004913888247361833,0.5506458593085434
1573,-0.14703400052119456,0.004913888696010848,0.5506458593085434
1574,-0.14703400052089868,0.004913888696026987,0.5506458593077663
1575,-0.14703400049781898,0.004913888247361833,0.5506458593085434
1576,-0.14703400052089868,0.004913888247337623,0.5506458593085434
1577,-0.14703400052149046,0.004913888696026987,0.5506458593077663
1578,-0.14703400052060278,0.004913888696018918,0.5506458593085434
1579,-0.14703400049781898,0.004913888247361833,0.5506458593085434
1580,-0.14703400052119456,0.004913888247353763,0.5506458593077663
1581,-0.14703400052089868,0.004913888696010848,0.5506458593085434
1582,-0.18303218598724638,0.08659939467302913,0.4041920599357117
1583,-0.18303218598695048,0.08659939467303719,0.4041920599357117
1584,-0.1830321859635749,0.08659939467302913,0.4041920599357117
1585,-0.18303218598724638,0.08659939467302913,0.4041920599357117
1586,-0.18303218598754226,0.08659939467303719,0.4041920599357117
1587,-0.18303218598665458,0.08659939467302105,0.4041920599357117
1588,-0.1830321859638708,0.08659939467302105,0.4041920599357117
1589,-0.18303218598665458,0.08659939467303719,0.4041920599357117
1590,-0.18303218598724638,0.08659939467303719,0.4041920599357117
1591,-0.18303218598724638,0.08659939467302105,0.4041920599357117
1592,-0.1830321859638708,0.08659939512170235,0.40419205993493473
1593,-0.18303218598665458,0.08659939467302105,0.4041920599357117
1594,-0.18303218598754226,0.08659939467302913,0.4041920599357117
1595,-0.18303218598724638,0.08659939467302913,0.4041920599357117
1596,-0.1830321859635749,0.08659939467303719,0.4041920599357117
1597,-0.18303218598695048,0.08659939467302913,0.4041920599357117
1598,-0.18303218598724638,0.08659939467302913,0.4041920599357117
1599,-0.18303218598665458,0.08659939467303719,0.4041920599357117
1600,-0.1830321859638708,0.08659939467302105,0.4041920599357117
1601,-0.18303218598724638,0.08659939467302913,0.4041920599357117
1602,-0.18303218598724638,0.08659939467302913,0.4041920599357117
1603,-0.25460997336920826,0.024959411362667657,1.2503695674221476
1604,-0.2546099733458327,0.02495941181132474,1.2503695674213704
1605,-0.25460997336950414,0.024959411362659587,1.2503695674221476
1606,-0.2546099733458327,0.024959411362659587,1.2503695674221476
1607,-0.25460997336980007,0.024959411362667657,1.2503695674221476
1608,-0.2546099733458327,0.02495941181131667,1.2503695674213704
1609,-0.25460997336950414,0.024959411362659587,1.2503695674221476
1610,-0.25460997336920826,0.024959411362667657,1.2503695674221476
1611,-0.25460997334612856,0.02495941181132474,1.2503695674213704
1612,-0.25460997336950414,0.024959411362659587,1.2503695674221476
1613,-0.25460997334612856,0.024959411362659587,1.2503695674221476
1614,-0.2546099733689124,0.024959411362667657,1.2503695674221476
1615,-0.2546099733464245,0.02495941181132474,1.2503695674213704
1616,-0.2546099733689124,0.024959411362651517,1.2503695674221476
1617,-0.21522506643632755,0.006508418495172452,0.8509501145875052
1618,-0.21522506641295197,0.006508418943829536,0.8509501145875052
1619,-0.21522506643603165,0.006508418495156312,0.8509501145875052
1620,-0.21522506643662342,0.006508418943829536,0.8509501145875052
1621,-0.21522506641265607,0.006508418495156312,0.8509501145875052
1622,-0.21522506643603165,0.006508418943829536,0.8509501145882822
1623,-0.21522506641295197,0.006508418495172452,0.8509501145875052
1624,-0.21522506643632755,0.0065084189438214665,0.8509501145875052
1625,-0.21522506643573575,0.006508418495164382,0.8509501145875052
1626,-0.21522506641324785,0.006508418943829536,0.8509501145875052
1627,-0.21522506643573575,0.006508418495164382,0.8509501145875052
1628,-0.1449829411112381,0.09577022156109741,0.2715700082816713
1629,-0.14498294111094223,0.09577022156108933,0.2715700082816713
1630,-0.14498294111094223,0.09577022111244032,0.2715700082808943
1631,-0.14498294111064633,0.09577022156108933,0.2715700082816713
1632,-0.14498294111094223,0.09577022156108933,0.2715700082816713
1633,-0.1449829411112381,0.09577022156109741,0.2715700082816713
1634,-0.14498294111064633,0.09577022156110547,0.2715700082816713
1635,-0.14498294111094223,0.09577022111242418,0.2715700082808943
1636,-0.14498294111094223,0.09577022156109741,0.2715700082816713
1637,-0.14498294111094223,0.09577022156108933,0.2715700082816713
1638,-0.14498294111064633,0.09577022156110547,0.2715700082816713
1639,-0.14498294111094223,0.09577022156109741,0.2715700082816713
1640,-0.14498294111094223,0.09577022111242418,0.2715700082808943
1641,-0.14498294111064633,0.09577022156110547,0.2715700082816713
1642,-0.1449829411112381,0.09577022156108933,0.2715700082816713
1643,-0.14498294111094223,0.09577022156108933,0.2715700082816713
1644,-0.14498294111064633,0.09577022156109741,0.2715700082816713
1645,-0.1449829411112381,0.09577022111244032,0.2715700082808943
1646,-0.14498294111064633,0.09577022156108933,0.2715700082816713
1647,-0.14498294111094223,0.09577022156109741,0.2715700082816713
1648,-0.06147552250230269,-0.004206824572692554,0.026666710441715574
1649,-0.061475522502006795,-0.0042068245727006235,0.026666710441715574
1650,-0.061475522502006795,-0.004206824124043539,0.026666710441715574
1651,-0.06147552250230269,-0.004206824572692554,0.026666710441715574
1652,-0.061475522502006795,-0.004206824572692554,0.026666710441715574
1653,-0.06147552250230269,-0.004206824572692554,0.026666710441715574
1654,-0.061475522502006795,-0.0042068245727006235,0.026666710441715574
1655,-0.06147552250230269,-0.004206824124035469,0.02666671044249257
1656,-0.061475522502006795,-0.0042068245727006235,0.026666710441715574
1657,-0.0614755225017109,-0.004206824572692554,0.026666710441715574
1658,-0.061475522502006795,-0.004206824572692554,0.026666710441715574
1659,-0.06147552250230269,-0.0042068245727006235,0.026666710441715574
1660,-0.06147552250259858,-0.004206824124035469,0.026666710441715574
1661,-0.061475522502006795,-0.0042068245727006235,0.026666710441715574
1662,-0.0614755225017109,-0.004206824572692554,0.026666710441715574
1663,-0.06147552250230269,-0.0042068245727086935,0.026666710441715574
1664,-0.061475522502006795,-0.004206824572684484,0.026666710441715574
1665,-0.061475522502006795,-0.004206824124035469,0.026666710441715574
1666,-0.06147552250230269,-0.0042068245727006235,0.026666710441715574
1667,-0.06147552250230269,-0.0042068245727006235,0.026666710441715574
1668,-0.061475522502006795,-0.0042068245727006235,0.026666710441715574
1669,-0.06147552250230269,-0.004206824572684484,0.026666710441715574
1670,-0.0614755225017109,-0.004206824124035469,0.02666671044249257
1671,-0.06147552250259858,-0.0042068245727006235,0.026666710441715574
1672,-0.061475522502006795,-0.0042068245727006235,0.026666710441715574
1673,-0.06147552250230269,-0.004206824572692554,0.026666710441715574
1674,-0.061475522502006795,-0.004206824572692554,0.026666710441715574
1675,-0.0614755225017109,-0.004206824124035469,0.026666710441715574
1676,-0.06147552250230269,-0.0042068245727006235,0.026666710441715574
1677,-0.061475522502006795,-0.0042068245727006235,0.026666710441715574
1678,-0.1772364137292047,0.02461246957502832,-0.15032959068002238
1679,-0.1772364137292047,0.02461247002367734,-0.15032959068079937
1680,-0.17723641370553322,0.02461246957502025,-0.15032959068002238
1681,-0.1772364137292047,0.02461247002367734,-0.15032959068079937
1682,-0.1772364137292047,0.02461246957502025,-0.15032959068002238
1683,-0.1772364137289088,0.02461246957502832,-0.15032959068079937
1684,-0.17723641370582913,0.02461247002367734,-0.15032959068002238
1685,-0.1772364137292047,0.02461246957502025,-0.15032959068079937
1686,-0.1772364137292047,0.02461246957502025,-0.15032959068002238
1687,-0.1772364137289088,0.02461247002367734,-0.15032959068079937
1688,-0.17723641370582913,0.02461246957502832,-0.15032959068002238
1689,-0.1772364137295006,0.02461247002367734,-0.15032959068079937
1690,-0.1772364137289088,0.02461246957502025,-0.15032959068002238
1691,-0.13970878836560474,0.07682720210945829,0.06653468916017316
1692,-0.13970878834163736,0.07682720210945021,0.06653468915939616
1693,-0.13970878836530884,0.07682720255811537,0.06653468916017316
1694,-0.13970878836530884,0.07682720210945829,0.06653468915939616
1695,-0.13970878834193326,0.07682720210944215,0.06653468916017316
1696,-0.13970878836530884,0.07682720255811537,0.06653468916017316
1697,-0.13970878836501294,0.07682720210945829,0.06653468915939616
1698,-0.13970878834222916,0.07682720210945021,0.06653468916017316
1699,-0.13970878836501294,0.07682720210945021,0.06653468915939616
1700,-0.13970878836530884,0.07682720210945021,0.06653468916017316
1701,-0.13970878834193326,0.07682720255811537,0.06653468915939616
1702,-0.13970878836530884,0.07682720210945829,0.06653468916017316
1703,-0.1855436872857295,-0.0036054588971899918,0.1926476830641027
1704,-0.18554368730880919,-0.0036054588971738523,0.1926476830641027
1705,-0.1855436872857295,-0.0036054584485248372,0.1926476830641027
1706,-0.1855436872854336,-0.0036054588971899918,0.1926476830641027
1707,-0.1855436872857295,-0.0036054588971819223,0.1926476830641027
1708,-0.18554368730880919,-0.0036054588971899918,0.1926476830641027
1709,-0.1855436872857295,-0.0036054584485167677,0.1926476830641027
1710,-0.18554368728602538,-0.0036054588971899918,0.1926476830641027
1711,-0.18554368730880919,-0.0036054588971738523,0.1926476830641027
1712,-0.1855436872857295,-0.0036054588971899918,0.1926476830641027
1713,-0.1855436872854336,-0.0036054584485167677,0.19264768306332572
1714,-0.1855436872857295,-0.0036054588971899918,0.1926476830641027
1715,-0.18554368730880919,-0.0036054588971819223,0.1926476830641027
1716,-0.1855436872857295,-0.0036054588971899918,0.1926476830641027
1717,-0.1855436872854336,-0.0036054584485248372,0.1926476830641027
1718,-0.18554368730940096,-0.0036054588971738523,0.1926476830641027
1719,-0.1855436872851377,-0.0036054588971899918,0.1926476830641027
1720,-0.1855436872857295,-0.0036054588971819223,0.1926476830641027
1721,-0.1855436872854336,-0.0036054584485248372,0.1926476830641027
1722,-0.18554368730940096,-0.0036054588971819223,0.1926476830641027
1723,-0.1855436872857295,-0.0036054588971899918,0.1926476830641027
1724,-0.20186844581937213,0.01593892622998397,0.688963336493348
1725,-0.20186844581937213,0.015938926229967832,0.688963336494125
1726,-0.2018684458199639,0.015938925781302675,0.688963336493348
1727,-0.201868445819668,0.01593892622998397,0.688963336493348
1728,-0.201868445819668,0.015938926229959762,0.688963336493348
1729,-0.20186844581937213,0.015938926229975902,0.688963336494125
1730,-0.20186844579629243,0.015938925781310745,0.688963336493348
1731,-0.201868445819668,0.015938926229967832,0.688963336493348
1732,-0.201868445819668,0.015938926229975902,0.688963336494125
1733,-0.20186844581937213,0.015938926229967832,0.688963336493348
1734,-0.201868445819668,0.015938926229967832,0.688963336493348
1735,-0.201868445819668,0.015938925781310745,0.688963336493348
1736,-0.20186844581937213,0.015938926229975902,0.688963336494125
1737,-0.2018684458199639,0.015938926229967832,0.688963336493348
1738,-0.19157129043002133,0.06314613287936863,0.5278641571839324
1739,-0.1915712904536928,0.06314613287938477,0.5278641571831554
1740,-0.19157129042972545,0.06314613243070348,0.5278641571839324
1741,-0.1915712904536928,0.0631461328793767,0.5278641571839324
1742,-0.19157129043031723,0.06314613287936863,0.5278641571831554
1743,-0.19157129043002133,0.06314613287936863,0.5278641571839324
1744,-0.1915712904539887,0.06314613287938477,0.5278641571839324
1745,-0.19157129043002133,0.06314613243070348,0.5278641571831554
1746,-0.1915712904536928,0.06314613287936863,0.5278641571839324
1747,-0.19157129042972545,0.0631461328793767,0.5278641571839324
1748,-0.19157129043031723,0.0631461328793767,0.5278641571831554
1749,-0.1915712904536928,0.0631461328793767,0.5278641571839324
1750,-0.19157129043002133,0.06314613243070348,0.5278641571839324
1751,-0.1915712904536928,0.06314613287936863,0.5278641571831554
1752,-0.19157129042972545,0.06314613287938477,0.5278641571839324
1753,-0.20253325498458122,0.12232759171807105,0.9459753961767914
1754,-0.20253325498398944,0.12232759126939782,0.9459753961767914
1755,-0.20253325500736502,0.12232759171806298,0.9459753961767914
1756,-0.20253325498398944,0.12232759171807105,0.9459753961767914
1757,-0.20253325498428532,0.12232759126940589,0.9459753961775683
1758,-0.20253325498428532,0.12232759171807105,0.9459753961767914
1759,-0.20253325498398944,0.12232759171806298,0.9459753961767914
1760,-0.20253325498428532,0.12232759126940589,0.9459753961767914
1761,-0.20253325500736502,0.12232759171807105,0.9459753961767914
1762,-0.20253325498428532,0.12232759126941396,0.9459753961767914
1763,-0.20253325498398944,0.12232759171806298,0.9459753961767914
1764,-0.20253325498428532,0.12232759171806298,0.9459753961767914
1765,-0.20253325498398944,0.12232759126940589,0.9459753961775683
1766,-0.20253325498398944,0.12232759171807105,0.9459753961767914
1767,-0.2025332550076609,0.12232759171806298,0.9459753961767914
1768,-0.20253325498369354,0.12232759126940589,0.9459753961767914
1769,-0.20253325498458122,0.12232759171807105,0.9459753961767914
1770,-0.22541377061574308,-0.05340605521852746,0.28011314657859465
1771,-0.22541377061633486,-0.05340605476986231,0.28011314657781766
1772,-0.22541377061603898,-0.05340605476986231,0.28011314657859465
1773,-0.22541377061603898,-0.05340605521851939,0.28011314657781766
1774,-0.22541377059295928,-0.05340605521852746,0.28011314657859465
1775,-0.22541377061603898,-0.05340605476985424,0.28011314657781766
1776,-0.22541377061633486,-0.05340605476987038,0.28011314657859465
1777,-0.22541377061633486,-0.05340605521851939,0.28011314657859465
1778,-0.22541377061544718,-0.05340605521851939,0.28011314657781766
1779,-0.22541377061633486,-0.05340605476987038,0.28011314657859465
1780,-0.22541377061603898,-0.05340605476985424,0.28011314657781766
1781,-0.2254137705926634,-0.05340605521852746,0.28011314657859465
1782,-0.22541377061633486,-0.05340605521852746,0.28011314657781766
1783,-0.22541377061603898,-0.05340605476986231,0.28011314657859465
1784,-0.22541377061603898,-0.05340605476985424,0.28011314657781766
1785,-0.22541377061633486,-0.05340605521853553,0.28011314657859465
1786,-0.15948686119087543,0.025523191823668752,0.10925038064323585
1787,-0.15948686119028363,0.025523191823660682,0.10925038064401284
1788,-0.15948686116720395,0.025523191823660682,0.10925038064323585
1789,-0.15948686119087543,0.025523191823660682,0.10925038064401284
1790,-0.15948686118998776,0.025523191823668752,0.10925038064323585
1791,-0.15948686116749985,0.025523191823652612,0.10925038064401284
1792,-0.15948686119057953,0.025523191823668752,0.10925038064323585
1793,-0.15948686119087543,0.025523191823652612,0.10925038064401284
1794,-0.15948686119028363,0.025523191823668752,0.10925038064323585
1795,-0.15948686119087543,0.025523191823660682,0.10925038064323585
1796,-0.15948686116690805,0.025523191823660682,0.10925038064401284
1797,-0.15948686119057953,0.025523191823668752,0.10925038064323585
1798,-0.15948686119057953,0.025523191823660682,0.10925038064401284
1799,-0.15948686116749985,0.025523191823660682,0.10925038064323585
1800,-0.15948686119028363,0.025523191823660682,0.10925038064401284
1801,-0.15948686119057953,0.025523191823660682,0.10925038064323585
1802,-0.11421705005213884,0.13470865006002847,0.6873360720562087
1803,-0.11421705002846737,0.13470864961137943,0.6873360720562087
1804,-0.11421705005184295,0.13470865006002847,0.6873360720554318
1805,-0.11421705005184295,0.1347086496113633,0.6873360720562087
1806,-0.11421705002817148,0.13470865006003652,0.6873360720562087
1807,-0.11421705005213884,0.13470865006002847,0.6873360720562087
1808,-0.11421705005213884,0.13470864961137136,0.6873360720562087
1809,-0.11421705002846737,0.13470865006002847,0.6873360720554318
1810,-0.11421705005154706,0.13470864961137136,0.6873360720562087
1811,-0.11421705005184295,0.13470865006002847,0.6873360720562087
1812,-0.11421705002876326,0.13470865006003652,0.6873360720562087
1813,-0.11421705005184295,0.13470864961137136,0.6873360720562087
1814,-0.11421705005184295,0.13470865006003652,0.6873360720554318
1815,-0.11421705002876326,0.1347086496113633,0.6873360720562087
1816,-0.11421705005184295,0.13470865006003652,0.6873360720562087
1817,-0.11993071551636668,0.21100692176709718,1.0062799018007613
1818,-0.11993071553974226,0.2110069217671133,1.0062799018015385
1819,-0.11993071554033405,0.21100692176709718,1.0062799018007613
1820,-0.11993071551636668,0.21100692176710525,1.0062799018007613
1821,-0.11993071551666258,0.21100692176710525,1.0062799018007613
1822,-0.11993071554003816,0.21100692176710525,1.0062799018007613
1823,-0.11993071554003816,0.21100692176710525,1.0062799018015385
1824,-0.11993071551666258,0.21100692176710525,1.0062799018007613
1825,-0.1763348491438498,0.07858118551664144,0.6645543699315979
1826,-0.17633484916811307,0.07858118551664144,0.6645543699315979
1827,-0.1763348491438498,0.07858118551663337,0.6645543699308208
1828,-0.17633484914444159,0.07858118551664951,0.6645543699315979
1829,-0.17633484916781716,0.07858118506796821,0.6645543699315979
1830,-0.1763348491438498,0.07858118551664144,0.6645543699315979
1831,-0.17633484914444159,0.07858118551664144,0.6645543699308208
1832,-0.17633484916752126,0.07858118551664951,0.6645543699315979
1833,-0.17633484914414568,0.07858118551663337,0.6645543699315979
1834,-0.12015804969449254,0.04471116393319122,0.40531431127193773
1835,-0.12015804969449254,0.04471116393319122,0.40531431127193773
1836,-0.12015804971786812,0.04471116393319122,0.40531431127193773
1837,-0.12015804969449254,0.04471116393318315,0.4053143112711607
1838,-0.12015804969478842,0.04471116348452606,0.40531431127193773
1839,-0.12015804969449254,0.04471116393319929,0.40531431127193773
1840,-0.12015804969449254,0.04471116393319122,0.40531431127193773
1841,-0.12015804969449254,0.04471116393318315,0.40531431127193773
1842,-0.12015804971757221,0.04471116393319122,0.40531431127193773
1843,-0.12015804969449254,0.04471116393319122,0.40531431127193773
1844,-0.12015804969478842,0.04471116393318315,0.4053143112711607
1845,-0.12015804969449254,0.04471116393319929,0.40531431127193773
1846,-0.12015804969419663,0.04471116393319122,0.40531431127193773
1847,-0.12015804969449254,0.04471116393318315,0.40531431127193773
1848,-0.120158049718164,0.04471116348453413,0.40531431127193773
1849,-0.12015804969449254,0.04471116393319122,0.40531431127193773
1850,-0.12015804969449254,0.04471116393319122,0.40531431127193773
1851,-0.12015804969449254,0.04471116393318315,0.40531431127193773
1852,-0.12015804969478842,0.04471116393319122,0.4053143112711607
1853,-0.12015804969419663,0.04471116393318315,0.40531431127193773
1854,-0.120158049718164,0.04471116393319122,0.40531431127193773
1855,-0.12015804969449254,0.04471116393319929,0.40531431127193773
1856,-0.12015804969419663,0.04471116393319122,0.40531431127193773
1857,-0.12015804969449254,0.04471116393318315,0.40531431127193773
1858,-0.12015804969449254,0.04471116348452606,0.40531431127193773
1859,-0.12015804969449254,0.04471116393319122,0.4053143112711607
1860,-0.12015804971786812,0.04471116393319122,0.40531431127193773
1861,-0.12015804969449254,0.04471116393319122,0.40531431127193773
1862,-0.12015804969478842,0.04471116393319122,0.40531431127193773
1863,-0.14159241435100692,0.09261305142815159,0.17637503868960264
1864,-0.14159241432703956,0.09261305187682481,0.17637503868882565
1865,-0.14159241435100692,0.09261305142815159,0.17637503868960264
1866,-0.14159241432763134,0.09261305142815965,0.17637503868960264
1867,-0.14159241435071102,0.09261305187681673,0.17637503868960264
1868,-0.14159241432733544,0.09261305142815965,0.17637503868882565
1869,-0.14159241435100692,0.09261305142815965,0.17637503868960264
1870,-0.14159241435100692,0.09261305187681673,0.17637503868960264
1871,-0.14159241432733544,0.09261305142815965,0.17637503868882565
1872,-0.14159241435100692,0.09261305187681673,0.17637503868960264
1873,-0.14159241432733544,0.09261305142815159,0.17637503868960264
1874,-0.14159241435100692,0.09261305142815965,0.17637503868960264
1875,-0.14159241432733544,0.09261305187682481,0.17637503868882565
1876,-0.14159241435071102,0.09261305142815159,0.17637503868960264
1877,-0.18256127947913406,0.1005059760875063,1.113069130509972
1878,-0.18256127947883818,0.10050597653617145,1.113069130509972
1879,-0.18256127950250964,0.10050597608751437,1.1130691305107492
1880,-0.18256127947942996,0.1005059760875063,1.113069130509972
1881,-0.18256127947854228,0.10050597653617145,1.113069130509972
1882,-0.18256127950250964,0.10050597608751437,1.113069130509972
1883,-0.18256127947913406,0.10050597653617145,1.113069130509972
1884,-0.18256127947883818,0.1005059760875063,1.1130691305107492
1885,-0.18256127947883818,0.10050597608751437,1.113069130509972
1886,-0.18256127947913406,0.10050597653617145,1.113069130509972
1887,-0.18256127950221376,0.1005059760875063,1.113069130509972
1888,-0.18256127947942996,0.10050597653617145,1.113069130509972
1889,-0.18256127947883818,0.1005059760875063,1.113069130509972
1890,-0.18256127950221376,0.1005059760875063,1.1130691305107492
1891,-0.18256127947913406,0.10050597653617953,1.113069130509972
1892,-0.18256127947883818,0.1005059760875063,1.113069130509972
1893,-0.15289417024093213,0.021576729493983322,0.40826022102933673
1894,-0.15289417024122803,0.021576729493991392,0.40826022102933673
1895,-0.15289417024122803,0.021576729493983322,0.40826022102933673
1896,-0.15289417024093213,0.021576729493991392,0.40826022102933673
1897,-0.15289417024093213,0.021576729493975252,0.40826022102933673
1898,-0.15289417024093213,0.021576729493991392,0.40826022102933673
1899,-0.15289417024122803,0.021576729493983322,0.40826022102933673
1900,-0.15289417024093213,0.021576729493991392,0.40826022102933673
1901,-0.06684220424383168,0.03943966441465127,0.053045523427902676
1902,-0.06684220426720726,0.03943966396599419,0.05304552342867967
1903,-0.06684220424353579,0.03943966441465934,0.053045523427902676
1904,-0.06684220424353579,0.03943966441466741,0.053045523427902676
1905,-0.06684220426720726,0.03943966396600226,0.05304552342867967
1906,-0.06684220424353579,0.0394396644146432,0.053045523427902676
1907,-0.06684220426750316,0.03943966441465934,0.053045523427902676
1908,-0.0668422042432399,0.03943966396600226,0.05304552342867967
1909,-0.06684220424353579,0.03943966441465127,0.053045523427902676
1910,-0.06684220426750316,0.03943966441465934,0.053045523427902676
1911,-0.06684220424353579,0.03943966441465934,0.053045523427902676
1912,-0.06684220424353579,0.03943966396600226,0.05304552342867967
1913,-0.06684220426720726,0.03943966441465127,0.053045523427902676
1914,-0.06684220424383168,0.03943966441466741,0.053045523427902676
1915,-0.06684220426661548,0.03943966396599419,0.05304552342867967
1916,-0.06684220424383168,0.03943966441465934,0.053045523427902676
1917,-0.06684220424383168,0.03943966441465934,0.053045523427902676
1918,-0.06684220426691137,0.03943966396599419,0.05304552342867967
1919,-0.06684220424412758,0.03943966441465934,0.053045523427902676
1920,-0.10974201133635936,0.02946965415333804,-0.01889669380750623
1921,-0.10974201136003083,0.02946965415333804,-0.01889669380750623
1922,-0.10974201133665525,0.02946965415333804,-0.01889669380750623
1923,-0.10974201133665525,0.02946965415333804,-0.01889669380750623
1924,-0.10974201133665525,0.02946965415333804,-0.01889669380750623
1925,-0.10974201136032673,0.02946965415333804,-0.01889669380750623
1926,-0.10974201133635936,0.02946965415333804,-0.01889669380750623
1927,-0.10974201133695115,0.02946965415333804,-0.01889669380750623
1928,-0.10974201133665525,0.02946965415333804,-0.01889669380750623
1929,-0.10974201136003083,0.02946965415333804,-0.01889669380750623
1930,-0.10974201133665525,0.02946965415333804,-0.01889669380750623
1931,-0.2200197507586633,0.012248727746206662,0.5092245827183417
1932,-0.22001975073587954,0.012248727297533438,0.5092245827175647
1933,-0.2200197507586633,0.012248727746206662,0.5092245827183417
1934,-0.22001975075895921,0.012248727746206662,0.5092245827183417
1935,-0.22001975075895921,0.012248727297541508,0.5092245827175647
1936,-0.22001975073558364,0.012248727746206662,0.5092245827183417
1937,-0.22001975075895921,0.012248727297541508,0.5092245827175647
1938,-0.2200197507586633,0.012248727746206662,0.5092245827183417
1939,-0.22001975075895921,0.012248727746198592,0.5092245827183417
1940,-0.22001975073558364,0.012248727297549578,0.5092245827175647
1941,-0.22001975075895921,0.012248727746206662,0.5092245827183417
1942,-0.11773315187427608,0.047510624867370566,0.2740109049373801
1943,-0.11773315187486787,0.047510624867394775,0.2740109049381571
1944,-0.11773315189794756,0.047510624867370566,0.2740109049373801
1945,-0.11773315187457198,0.047510624867386705,0.2740109049381571
1946,-0.11773315187427608,0.047510624867370566,0.2740109049373801
1947,-0.11773315187457198,0.047510624867394775,0.2740109049381571
1948,-0.11773315189765166,0.047510624867370566,0.2740109049373801
1949,-0.11773315187457198,0.047510624867386705,0.2740109049381571
1950,-0.11773315187486787,0.047510624867378635,0.2740109049373801
1951,-0.11773315187427608,0.047510624867386705,0.2740109049381571
1952,-0.11773315189794756,0.04751062441871348,0.2740109049373801
1953,-0.11773315187457198,0.047510624867386705,0.2740109049381571
1954,-0.11773315187427608,0.047510624867378635,0.2740109049373801
1955,-0.11773315187457198,0.047510624867378635,0.2740109049381571
1956,-0.11773315189794756,0.047510624867378635,0.2740109049373801
1957,-0.11773315187427608,0.047510624867386705,0.2740109049381571
1958,-0.11773315187486787,0.047510624867378635,0.2740109049373801
1959,-0.11773315187427608,0.047510624867370566,0.2740109049381571
1960,-0.11773315189824345,0.047510624867394775,0.2740109049373801
1961,-0.11773315187427608,0.047510624867370566,0.2740109049381571
1962,-0.11773315187457198,0.047510624867386705,0.2740109049373801
1963,-0.19508739227612595,0.07998437224238797,0.4253464976231834
1964,-0.19508739227583005,0.07998437179373089,0.4253464976224064
1965,-0.19508739227612595,0.07998437224238797,0.4253464976231834
1966,-0.19508739227642183,0.07998437224238797,0.4253464976224064
1967,-0.19508739227642183,0.07998437179373089,0.4253464976231834
1968,-0.19508739227612595,0.07998437224238797,0.4253464976231834
1969,-0.19508739227612595,0.07998437224238797,0.4253464976224064
1970,-0.19508739227583005,0.07998437224240411,0.4253464976231834
1971,-0.19508739227642183,0.07998437179372281,0.4253464976224064
1972,-0.19508739227612595,0.07998437224238797,0.4253464976231834
1973,-0.25837722531722884,0.010040916288723974,0.1913959411891412
1974,-0.2583772253406044,0.010040916737397198,0.1913959411891412
1975,-0.25837722531693297,0.010040916288732042,0.1913959411891412
1976,-0.2583772253406044,0.010040916737397198,0.1913959411891412
1977,-0.2583772253175248,0.010040916288723974,0.1913959411891412
1978,-0.25837722534030855,0.010040916737389128,0.1913959411891412
1979,-0.25837722531722884,0.010040916288723974,0.19139594118836417
1980,-0.2583772253406044,0.010040916737397198,0.1913959411891412
1981,-0.25837722531722884,0.010040916288723974,0.1913959411891412
1982,-0.25837722534030855,0.010040916737397198,0.1913959411891412
1983,-0.25837722531722884,0.010040916288723974,0.1913959411891412
1984,-0.25837722534090035,0.010040916737397198,0.1913959411891412
1985,-0.25837722531722884,0.010040916288732042,0.1913959411891412
1986,-0.25837722531693297,0.09261305142815159,0.15196607212707552
1987,-0.2583772253406044,0.09261305187682481,0.15196607212707552
1988,-0.25837722531693297,0.09261305142815965,0.15196607212707552
1989,-0.2583772253175248,0.09261305142815159,0.15196607212785254
1990,-0.25837722534030855,0.09261305187682481,0.15196607212707552
1991,-0.2583772253175248,0.09261305142815159,0.15196607212707552
1992,-0.16042867418313267,0.16026669149365164,-0.11653256005606068
1993,-0.16042867418342857,0.1602666919423168,-0.11653256005606068
1994,-0.160428674160053,0.16026669149365164,-0.11653256005606068
1995,-0.16042867418342857,0.1602666919423168,-0.11653256005528369
1996,-0.16042867418313267,0.16026669149365164,-0.11653256005606068
1997,-0.16042867418372447,0.16026669194230872,-0.11653256005606068
1998,-0.16042867418342857,0.1602666914936597,-0.11653256005606068
1999,-0.1604286741597571,0.16026669149365164,-0.11653256005606068
2000,-0.16042867418342857,0.16026669194230872,-0.11653256005606068
2001,-0.16042867418342857,0.1602666914936597,-0.11653256005606068
2002,-0.16042867418372447,0.16026669194230872,-0.11653256005528369
2003,-0.1604286741597571,0.16026669149365164,-0.11653256005606068
2004,-0.16042867418313267,0.1602666919423168,-0.11653256005606068
2005,-0.16042867418372447,0.16026669149365164,-0.11653256005606068
2006,-0.7330509731947397,-0.3493907303929058,1.0062799018015385
2007,-0.17298618074597094,-0.08779665526360536,0.4367373486854888
2008,-0.17298618072318714,-0.08779665526361344,0.4367373486847118
2009,-0.17298618074597094,-0.08779665571227052,0.4367373486854888
2010,-0.17298618072318714,-0.08779665526360536,0.4367373486847118
2011,-0.17298618074626682,-0.08779665526360536,0.4367373486854888
2012,-0.17298618072259536,-0.08779665526361344,0.4367373486847118
2013,-0.17298618074597094,-0.08779665571227052,0.4367373486854888
2014,-0.17298618072289124,-0.08779665526361344,0.4367373486847118
2015,-0.17298618074626682,-0.08779665526361344,0.4367373486854888
2016,-0.17298618072259536,-0.08779665526360536,0.4367373486847118
2017,-0.17298618074626682,-0.08779665571227052,0.4367373486854888
2018,-0.17298618072289124,-0.08779665526360536,0.4367373486847118
2019,-0.17298618074626682,-0.08779665526361344,0.4367373486854888
2020,-0.17298618072318714,-0.08779665526360536,0.4367373486847118
2021,-0.17298618074597094,-0.08779665571227858,0.4367373486854888
2022,-0.17298618072259536,-0.08779665526361344,0.4367373486847118
2023,-0.17298618074626682,-0.08779665526360536,0.4367373486854888
2024,-0.17298618072289124,-0.08779665526361344,0.4367373486847118
2025,-0.17298618074597094,-0.08779665571226244,0.4367373486854888
2026,-0.17298618072289124,-0.08779665526361344,0.4367373486847118
2027,-0.17298618074626682,-0.08779665526360536,0.4367373486854888
2028,-0.21442595238250628,-0.02314984357568266,0.15196607212707552
2029,-0.2144259523588348,-0.023149844024339745,0.15196607212707552
2030,-0.21442595238280218,-0.02314984357567459,0.15196607212707552
2031,-0.21442595238221038,-0.02314984357568266,0.15196607212785254
2032,-0.2144259523588348,-0.023149844024339745,0.15196607212707552
2033,-0.21442595238250628,-0.02314984357568266,0.15196607212707552
2034,-0.05255663003082468,0.015608908377263035,-0.052235770087424624
2035,-0.05255663005390437,0.015608908377254965,-0.052235770087424624
2036,-0.05255663003052879,0.015608908377263035,-0.052235770087424624
2037,-0.05255663005449615,0.015608908377254965,-0.052235770087424624
2038,-0.05255663003023289,0.015608908377254965,-0.052235770087424624
2039,-0.05255663003052879,0.015608908377254965,-0.052235770087424624
2040,-0.05255663005449615,0.015608908377254965,-0.052235770087424624
2041,-0.05255663003052879,0.015608908377246895,-0.052235770087424624
2042,-0.05255663005390437,0.015608908377263035,-0.052235770087424624
2043,-0.05255663003082468,0.015608908377254965,-0.052235770087424624
2044,-0.05255663003082468,0.015608908377254965,-0.05223577008820162
2045,-0.05255663005390437,0.015608908377263035,-0.052235770087424624
2046,-0.05255663003052879,0.015608908377254965,-0.052235770087424624
2047,-0.05255663003082468,0.015608908377263035,-0.052235770087424624
2048,-0.05255663005420026,0.015608908377254965,-0.052235770087424624
2049,-0.05255663003023289,0.015608908377246895,-0.052235770087424624
2050,-0.05255663005449615,0.015608908377254965,-0.052235770087424624
2051,-0.05255663003052879,0.015608908377254965,-0.052235770087424624
2052,-0.05255663003082468,0.015608908377254965,-0.052235770087424624
2053,-0.05255663005390437,0.015608908377263035,-0.052235770087424624
2054,-0.05255663003052879,0.015608908377254965,-0.052235770087424624
2055,-0.05255663005390437,0.015608908377254965,-0.052235770087424624
2056,-0.05255663003052879,0.015608908377263035,-0.052235770087424624
2057,-0.05255663003082468,0.015608908377246895,-0.052235770087424624
2058,-0.05255663005390437,0.015608908377254965,-0.052235770087424624
2059,-0.05255663003112057,0.015608908377254965,-0.052235770087424624
2060,-0.05255663005390437,0.015608908377263035,-0.052235770087424624
2061,-0.05255663003052879,0.015608908377254965,-0.052235770087424624
2062,-0.05255663003052879,0.015608908377254965,-0.052235770087424624
2063,-0.05255663005449615,0.015608908377254965,-0.052235770087424624
2064,-0.05255663003052879,0.015608908377263035,-0.05223577008820162
2065,-0.05255663003023289,0.015608908377246895,-0.052235770087424624
2066,-0.05255663005420026,0.015608908377263035,-0.052235770087424624
2067,-0.05255663003082468,0.015608908377254965,-0.052235770087424624
2068,-0.05255663005390437,0.015608908377254965,-0.052235770087424624
2069,-0.05255663003052879,0.015608908377254965,-0.052235770087424624
2070,-0.05255663003082468,0.015608908377254965,-0.052235770087424624
2071,-0.05255663005420026,0.015608908377263035,-0.052235770087424624
2072,-0.05255663003082468,0.015608908377254965,-0.052235770087424624
2073,-0.05255663005390437,0.015608908377254965,-0.052235770087424624
2074,-0.05255663003052879,0.015608908377254965,-0.052235770087424624
2075,-0.09609560211780499,0.014898100867041762,-0.22918932880415363
2076,-0.0960956021175091,0.01489810086704983,-0.22918932880415363
2077,-0.09609560211780499,0.01489810086704983,-0.22918932880415363
2078,-0.0960956021175091,0.01489810086704983,-0.22918932880415363
2079,-0.09609560211810088,0.01489810086704983,-0.22918932880415363
2080,-0.0960956021175091,0.014898100867041762,-0.22918932880415363
2081,-0.09609560214118057,0.014898101315714986,-0.22918932880337664
2082,-0.0960956021175091,0.014898100867041762,-0.22918932880415363
2083,-0.09609560211780499,0.014898100867041762,-0.22918932880415363
2084,-0.0960956021175091,0.01489810086704983,-0.22918932880415363
2085,-0.09609560211810088,0.01489810086704983,-0.22918932880415363
2086,-0.0960956021175091,0.014898100867041762,-0.22918932880415363
2087,-0.0960956021175091,0.01489810086704983,-0.22918932880415363
2088,-0.23200646156568636,-0.66510771766432,1.6897309655398656
2089,-0.23200646154231078,-0.66510771766432,1.6897309655398656
2090,-0.36386028041660523,-0.45462972629958814,0.6645543699315979
2091,-0.3638602804169011,-0.45462972585093914,0.6645543699315979
2092,-0.3638602803935255,-0.45462972629958814,0.6645543699315979
2093,-0.36386028041660523,-0.45462972629959625,0.6645543699308208
2094,-0.3638602804163093,-0.4546297258509311,0.6645543699315979
2095,-0.3638602804169011,-0.45462972629959625,0.6645543699315979
2096,0.3006829666306696,-0.5893356407550696,-0.01889669380750623
2097,0.3006829666075899,-0.5893356407550696,-0.01889669380750623
2098,0.3006829666306696,-0.5893356407550696,-0.01889669380750623
2099,0.3006829666075899,-0.5893356407550777,-0.01889669380750623
2100,0.3006829666309655,-0.5893356407550615,-0.01889669380750623
2101,-0.07378187893984939,-0.6651077172156629,-0.01889669380750623
2102,-0.07378187891647381,-0.6651077176643119,-0.01889669380750623
2103,-0.54669757589416,-0.4546297262996043,0.20892032743860278
2104,-0.5466975758950476,-0.454629725850923,0.2089203274393798
2105,-0.5466975758944559,-0.4546297262996043,0.20892032743860278
2106,-0.5466975758710803,-0.45462972629958814,0.20892032743860278
2107,-0.54669757589416,-0.45462972629959625,0.20892032743860278
2108,-0.5466975758947518,-0.4546297258509311,0.2089203274393798
2109,-0.5466975758944559,-0.45462972629958814,0.20892032743860278
2110,-0.5466975758947518,-0.4546297262996043,0.20892032743860278
2111,-0.5466975758944559,-0.45462972629959625,0.20892032743860278
2112,-0.5466975758944559,-0.4546297258509311,0.2089203274393798
2113,-0.5466975758944559,-0.45462972629958814,0.20892032743860278
2114,-0.5466975758713762,-0.45462972629959625,0.20892032743860278
2115,-0.5466975758944559,-0.45462972629958814,0.20892032743860278
2116,-0.5466975758947518,-0.4546297258509311,0.2089203274393798
2117,-0.5466975758944559,-0.45462972629959625,0.20892032743860278
2118,-0.7857925007679514,-0.28624733311809225,-0.01889669380750623
2119,-0.6614731858361533,-0.42155461324906013,0.005512272754243881
2120,-0.6614731858127778,-0.4215546132490763,0.005512272755020875
2121,-0.6614731858361533,-0.4215546132490682,0.005512272754243881
2122,-0.6614731858358575,-0.4215546132490763,0.005512272755020875
2123,-0.6614731858361533,-0.4215546132490682,0.005512272754243881
2124,-0.6614731858124819,-0.4215546132490763,0.005512272755020875
2125,-0.6614731858364493,-0.4215546132490763,0.005512272754243881
2126,-0.6614731858358575,-0.4215546132490682,0.005512272754243881
2127,-0.6614731858127778,-0.4215546132490763,0.005512272755020875
2128,-0.6614731858361533,-0.42155461324906013,0.005512272754243881
2129,-0.6614731858355616,-0.4215546132490763,0.005512272755020875
2130,-0.6614731858364493,-0.4215546132490682,0.005512272754243881
2131,-0.6614731858124819,-0.4215546132490763,0.005512272755020875
2132,-0.6614731858361533,-0.4215546132490682,0.005512272754243881
2133,-0.6227732337958113,-0.435495363325893,0.04323522107779623
2134,-0.6227732338197787,-0.435495363325893,0.04323522107779623
2135,-0.6227732337961072,-0.435495363325893,0.04323522107779623
2136,-0.6227732337961072,-0.43549536332588495,0.04323522107779623
2137,-0.6227732337961072,-0.4354953633259011,0.04323522107779623
2138,-0.6227732338197787,-0.43549536287723595,0.04323522107857323
2139,-0.6227732337958113,-0.43549536332588495,0.04323522107779623
2140,-0.6227732337961072,-0.4354953633259011,0.04323522107779623
2141,-0.6227732337961072,-0.4354953633259011,0.04323522107779623
2142,-0.6227732338194828,-0.43549536332588495,0.04323522107779623
2143,-0.6227732337961072,-0.43549536332588495,0.04323522107779623
2144,-0.8068891117738606,-0.33676205120715025,-0.29227711930283706
2145,-0.8068891117507808,-0.33676205075845284,-0.29227711930283706
2146,-0.8068891117738606,-0.33676205120715025,-0.29227711930361405
2147,-0.8068891117507808,-0.33676205075845284,-0.29227711930283706
2148,-0.8068891117741565,-0.33676205120713415,-0.29227711930283706
2149,-0.6341606090680904,-0.4046412030083727,0.4723337582547077
2150,-0.6341606090683862,-0.40464120345703786,0.4723337582547077
2151,-0.6341606090686822,-0.40464120300835654,0.47233375825548474
2152,-0.6341606090683862,-0.4046412034570217,0.4723337582547077
2153,-0.6341606090680904,-0.40464120300838885,0.4723337582547077
2154,-0.6341606090683862,-0.4046412034570217,0.4723337582547077
2155,-0.6341606090683862,-0.40464120300835654,0.4723337582547077
2156,-0.6341606090683862,-0.40464120345703786,0.47233375825548474
2157,-0.6341606090453066,-0.40464120300835654,0.4723337582547077
2158,-0.6341606090680904,-0.4046412030083727,0.4723337582547077
2159,-0.6341606090683862,-0.4046412034570217,0.4723337582547077
2160,-0.6341606090683862,-0.40464120300838885,0.4723337582547077
2161,-0.6341606090683862,-0.4046412034570217,0.4723337582547077
2162,-0.6341606090683862,-0.40464120300835654,0.47233375825548474
2163,-0.6341606090683862,-0.4046412034570217,0.4723337582547077
2164,-0.6341606090686822,-0.4046412030083727,0.4723337582547077
2165,-0.5484556268173603,-0.21959596902889628,0.20892032743860278
2166,-0.5484556267939846,-0.21959596902889628,0.2089203274393798
2167,-0.548455626817952,-0.219595969028864,0.20892032743860278
2168,-0.5484556268173603,-0.21959596902889628,0.20892032743860278
2169,-0.5484556268173603,-0.21959596902889628,0.20892032743860278
2170,-0.5484556267942805,-0.219595969028864,0.2089203274393798
2171,-0.5484556268176561,-0.21959596902889628,0.20892032743860278
2172,-0.5484556268173603,-0.21959596902889628,0.20892032743860278
2173,-0.5484556267942805,-0.21959596947752916,0.2089203274393798
2174,-0.5484556268173603,-0.21959596902889628,0.20892032743860278
2175,-0.5484556268176561,-0.21959596902888012,0.20892032743860278
2176,-0.5484556268173603,-0.21959596902889628,0.20892032743860278
2177,-0.5484556267942805,-0.21959596902888012,0.2089203274393798
2178,-0.5484556268176561,-0.21959596902888012,0.20892032743860278
2179,-0.5484556268176561,-0.21959596902889628,0.20892032743860278
2180,-0.5484556268176561,-0.21959596902888012,0.20892032743860278
2181,-0.5484556267936888,-0.21959596902888012,0.2089203274393798
2182,-0.548455626817952,-0.21959596902889628,0.20892032743860278
2183,-0.5597573827072855,0.047510624867370566,-0.01889669380750623
2184,-0.5597573827081731,0.047510624867386705,-0.01889669380750623
2185,-0.5597573827069896,0.047510624867386705,-0.01889669380750623
2186,-0.5597573827318446,0.047510624867370566,-0.01889669380750623
2187,-0.5597573827075814,0.047510624867386705,-0.01889669380750623
2188,-0.5597573827075814,0.047510624867386705,-0.01889669380750623
2189,-0.5597573827075814,0.047510624867370566,-0.01889669380750623
2190,-0.7198655913191164,-0.05735251754818061,-0.01889669380750623
2191,-0.7198655913197082,-0.05735251709954774,-0.01889669380750623
2192,-0.7198655913419002,-0.05735251709954774,-0.01889669380750623
2193,-0.7198655913197082,-0.05735251754819675,-0.01889669380750623
2194,-0.7198655913191164,-0.05735251754818061,-0.01889669380750623
2195,-0.719865591342492,-0.05735251709954774,-0.01889669380750623
2196,-0.7198655913194123,-0.05735251709954774,-0.01889669380750623
2197,-0.7198655913194123,-0.05735251754818061,-0.01889669380750623
2198,-0.5431814740480554,-0.18521789693998433,0.32282883806165735
2199,-0.543181474048943,-0.1852178973886495,0.32282883806243434
2200,-0.5431814740717269,-0.18521789693998433,0.32282883806165735
2201,-0.5431814740486471,-0.18521789738863337,0.32282883806243434
2202,-0.5431814740483513,-0.18521789693998433,0.32282883806165735
2203,-0.7963408062595141,-0.21889437566600686,-0.5200941405497231
2204,-0.7963408062592182,-0.21889437566600686,-0.5200941405489461
2205,-0.7963408062592182,-0.21889437611467202,-0.5200941405497231
2206,-0.79634080625981,-0.21889437566600686,-0.5200941405489461
2207,-0.7963408062592182,-0.21889437566600686,-0.5200941405497231
2208,-0.7963408062592182,-0.21889437566600686,-0.5200941405497231
2209,-0.7963408062595141,-0.21889437566600686,-0.5200941405489461
2210,-0.7963408062595141,-0.21889437611467202,-0.5200941405497231
2211,-0.7963408062589223,-0.21889437566602302,-0.5200941405489461
2212,-0.7963408062595141,-0.21889437566600686,-0.5200941405497231
2213,-0.7963408062592182,-0.21889437566602302,-0.5200941405497231
2214,-0.7963408062595141,-0.21889437566600686,-0.5200941405489461
2215,-0.7963408062595141,-0.2188943761146559,-0.5200941405497231
2216,-0.7963408062595141,-0.21889437566602302,-0.5200941405489461
2217,-0.7963408062592182,-0.21889437566600686,-0.5200941405497231
2218,-0.9088560650274282,-0.328342931301304,0.0950118168155483
2219,-0.9088560650043486,-0.32834293130128783,0.0950118168155483
2220,-0.9088560650277241,-0.32834293130128783,0.0950118168155483
2221,-0.9703878471453309,-0.170484437665609,-0.30366797036514254
2222,-0.9703878471456268,-0.1704844376655606,-0.3036679703659195
2223,-0.9703878471456268,-0.17048443811425804,-0.30366797036514254
2224,-0.9703878471687064,-0.17048443766557672,-0.30366797036514254
2225,-0.9703878471456268,-0.17048443766559288,-0.3036679703659195
2226,-0.9703878471456268,-0.17048443766557672,-0.30366797036514254
2227,-0.662728936485099,-0.28624733311810036,-0.13280520443056076
2228,-0.662728936485395,-0.2862473326694029,-0.13280520443056076
2229,-0.662728936485395,-0.2862473331180842,-0.13280520443056076
2230,-0.7020265452453085,-0.3048189206310163,1.0464829055500748
2231,-0.7020265452447167,-0.3048189201823673,1.0464829055500748
2232,-0.7020265452453085,-0.30481892063104854,1.0464829055508518
2233,-0.7020265452453085,-0.3048189206310163,1.0464829055500748
2234,-0.7020265452219329,-0.3048189206310163,1.0464829055500748
2235,-0.7020265452453085,-0.3048189201823673,1.0464829055500748
2236,-0.7020265452450126,-0.30481892063103244,1.0464829055508518
2237,-0.7020265452450126,-0.30481892063103244,1.0464829055500748
2238,-0.7020265452450126,-0.3048189201823511,1.0464829055500748
2239,-0.7020265452453085,-0.30481892063103244,1.0464829055500748
2240,-0.7020265452453085,-0.3048189206310163,1.0464829055508518
2241,-0.7020265452447167,-0.3048189201823834,1.0464829055500748
2242,-0.7020265452222288,-0.30481892063103244,1.0464829055500748
2243,-0.7020265452453085,-0.3048189206310163,1.0464829055500748
2244,-0.7020265452450126,-0.3048189206310163,1.0464829055508518
2245,-0.7020265452450126,-0.3048189201823673,1.0464829055500748
2246,-0.7020265452453085,-0.30481892063104854,1.0464829055500748
2247,-0.6064713071125338,-0.416743687844967,0.0950118168155483
2248,-0.6064713071131257,-0.41674368739630185,0.0950118168155483
2249,-0.6064713070897501,-0.416743687844967,0.0950118168155483
2250,-0.6064713071128298,-0.41674368784498317,0.09501181681632528
2251,-0.6064713071128298,-0.41674368784495086,0.0950118168155483
2252,-0.6064713071131257,-0.416743687396318,0.0950118168155483
2253,-0.6064713071128298,-0.41674368784498317,0.0950118168155483
2254,-0.6064713070894542,-0.41674368784495086,0.0950118168155483
2255,-0.6064713071131257,-0.416743687844967,0.0950118168155483
2256,-0.6064713071128298,-0.41674368739630185,0.0950118168155483
2257,-0.6064713071131257,-0.41674368784498317,0.0950118168155483
2258,-0.6064713071128298,-0.416743687844967,0.09501181681632528
2259,-0.6064713070891583,-0.416743687844967,0.0950118168155483
2260,-0.6064713071131257,-0.416743687396318,0.0950118168155483
2261,-0.6064713071128298,-0.416743687844967,0.0950118168155483
2262,-0.5045043538595579,-0.4862014249369828,0.2279050792096299
2263,-0.5045043538592621,-0.4862014249370151,0.22790507920885292
2264,-0.5045043538592621,-0.4862014249370151,0.2279050792096299
2265,-0.5045043538595579,-0.4862014249369828,0.22790507920885292
2266,-0.5045043538592621,-0.48620142448836606,0.2279050792096299
2267,-0.5045043538595579,-0.4862014249370151,0.2279050792096299
2268,-0.5045043538595579,-0.4862014249369828,0.22790507920885292
2269,-0.5045043538595579,-0.4862014249369828,0.2279050792096299
2270,-0.5045043538355907,-0.4862014249370151,0.2279050792096299
2271,-0.5045043538598539,-0.4862014249370151,0.22790507920885292
2272,-0.5045043538592621,-0.48620142493699897,0.2279050792096299
2273,-0.5045043538595579,-0.48620142493699897,0.22790507920885292
2274,-0.5045043538592621,-0.4862014249370151,0.2279050792096299
2275,-0.5045043538592621,-0.4862014244883338,0.2279050792096299
2276,-0.5045043538595579,-0.4862014249370151,0.22790507920885292
2277,-0.5045043538592621,-0.48620142493699897,0.2279050792096299
2278,-0.5045043538592621,-0.4862014249369828,0.22790507920885292
2279,-0.5045043538595579,-0.4862014249370151,0.2279050792096299
2280,-0.4734003760664888,-0.5922499512328708,0.2702556793124955
2281,-0.47340037608956853,-0.5922499516815198,0.2702556793132725
2282,-0.4734003760667847,-0.5922499512328547,0.2702556793124955
2283,-0.47340037608956853,-0.592249951232887,0.2702556793132725
2284,-0.4734003760664888,-0.5922499516815198,0.2702556793124955
2285,-0.4734003760898644,-0.5922499512328708,0.2702556793132725
2286,-0.4734003760664888,-0.5922499512328547,0.2702556793124955
2287,-0.4734003760898644,-0.592249951232887,0.2702556793132725
2288,-0.47340037606619295,-0.5922499516815198,0.2702556793124955
2289,-0.4734003760898644,-0.5922499512328547,0.2702556793132725
2290,-0.4734003760664888,-0.5922499512328708,0.2702556793124955
2291,-0.4734003760898644,-0.5922499516815198,0.2702556793132725
2292,-0.4734003760667847,-0.592249951232887,0.2702556793124955
2293,-0.5748263905922784,-0.4999634473854244,-0.045183273182475656
2294,-0.5748263905691986,-0.499963447385489,-0.04518327318169866
2295,-0.5748263905922784,-0.4999634473854728,-0.045183273182475656
2296,-0.5748263905691986,-0.4999634473854405,-0.04518327318169866
2297,-0.5748263905922784,-0.4999634473854728,-0.045183273182475656
2298,-0.5748263905691986,-0.49996344738545667,-0.04518327318169866
2299,-0.5748263905922784,-0.4999634473854728,-0.045183273182475656
2300,-0.5748263905689027,-0.4999634473854728,-0.04518327318169866
2301,-0.5748263905925742,-0.49996344738545667,-0.045183273182475656
2302,-0.5748263905691986,-0.49996344738545667,-0.04518327318169866
2303,-0.5748263905919824,-0.499963447385489,-0.045183273182475656
2304,-0.5748263905691986,-0.49996344738545667,-0.04518327318169866
2305,-0.5748263905925742,-0.49996344738545667,-0.045183273182475656
2306,-0.46934333549260604,-0.47567752539119806,-0.01889669380750623
2307,-0.6934948275441983,-0.41253412811639256,-0.7877791405135127
2308,-0.6934948275444942,-0.4125341276677274,-0.7877791405142898
2309,-0.6934948275675739,-0.4125341276677113,-0.7877791405135127
2310,-0.6934948275447901,-0.4125341281163603,-0.7877791405135127
2311,-0.4869238446757861,-0.5935452004836763,-0.11002350230594986
2312,-0.48692384467667377,-0.5935452004836601,-0.11002350230594986
2313,-0.4869238446757861,-0.593545200483644,-0.11002350230594986
2314,-0.4869238446763779,-0.5935452009323414,-0.11002350230672685
2315,-0.486923844676082,-0.5935452004836601,-0.11002350230594986
2316,-0.4869238446757861,-0.593545200483644,-0.11002350230594986
2317,-0.4869238446763779,-0.5935452004836924,-0.11002350230594986
2318,-0.48692384469916167,-0.5935452004836279,-0.11002350230594986
2319,-0.48692384467667377,-0.5935452004836763,-0.11002350230594986
2320,-0.4869238446757861,-0.5935452004836763,-0.11002350230594986
2321,-0.486923844676082,-0.5935452004836279,-0.11002350230594986
2322,-0.4869238446763779,-0.5935452009323414,-0.11002350230672685
2323,-0.4869238446757861,-0.593545200483644,-0.11002350230594986
2324,-0.48692384467667377,-0.5935452004836601,-0.11002350230594986
2325,-0.4869238446757861,-0.5935452004836763,-0.11002350230594986
2326,-0.5446883748465559,-0.5478414082473443,-0.01889669380750623
2327,-0.54468837484626,-0.5478414077987276,-0.01889669380750623
2328,-0.54468837484626,-0.5478414082473766,-0.01889669380750623
2329,-0.5446883748231803,-0.5478414082473766,-0.01889669380750623
2330,-0.54468837484626,-0.5478414082473766,-0.01889669380750623
2331,-0.54468837484626,-0.5478414077987276,-0.01889669380750623
2332,-0.54468837484626,-0.5478414082473443,-0.01889669380750623
2333,-0.5853746960841368,-0.4125341276677274,-0.49731243842511225
2334,-0.5853746961069206,-0.41253412811637646,-0.49731243842433526
2335,-0.5853746960835451,-0.41253412766769515,-0.49731243842511225
2336,-0.5853746961069206,-0.4125341281164087,-0.49731243842433526
2337,-0.585374696083841,-0.4125341276677274,-0.49731243842511225
2338,-0.5572458814090983,-0.4546297262995801,-0.3606222256766698
2339,-0.5572458813857226,-0.4546297258509311,-0.3606222256774468
2340,-0.5572458814093941,-0.45462972629961235,-0.3606222256766698
2341,-0.21317020170988912,-0.6741282027970198,-0.01889669380750623
2342,-0.21317020173267293,-0.6741282032456365,-0.01889669380750623
2343,-0.21317020170988912,-0.6741282027970198,-0.01889669380750623
2344,-0.21317020170988912,-0.6741282032456688,-0.01889669380750623
2345,-0.21317020170959325,-0.6741282027970198,-0.01889669380750623
2346,-0.2131702017335606,-0.6741282032456688,-0.01889669380750623
2347,-0.21317020170959325,-0.6741282027969875,-0.01889669380750623
2348,-0.2935382436841808,-0.5598687217576538,-0.5884392469235559
2349,-0.2935382437066687,-0.5598687222062705,-0.5884392469227788
2350,-0.293538243683589,-0.5598687217576215,-0.5884392469235559
2351,-0.9440170833707087,-0.6019643199408251,-0.8732105234811921
2352,-0.9440170833940843,-0.6019643203895064,-0.8732105234811921
2353,-0.2689255308315753,-0.6608981579357214,-0.24671371505361525
2354,-0.2689255308321671,-0.6608981574871046,-0.24671371505439224
2355,-0.2689255308315753,-0.6608981579356891,-0.24671371505361525
2356,-0.2689255308552468,-0.6608981579357536,-0.24671371505361525
2357,-0.2689255308315753,-0.6608981574870724,-0.24671371505361525
2358,-0.2689255308321671,-0.6608981579357214,-0.24671371505439224
2359,-0.2689255308318712,-0.6608981579357536,-0.24671371505361525
2360,-0.2689255308318712,-0.6608981574870401,-0.24671371505361525
2361,-0.2689255308315753,-0.6608981579357536,-0.24671371505361525
2362,-0.2689255308318712,-0.6608981579357214,-0.24671371505439224
2363,-0.2689255308318712,-0.6608981574871046,-0.24671371505361525
2364,-0.2689255308552468,-0.6608981579357214,-0.24671371505361525
2365,-0.2689255308318712,-0.6608981579356891,-0.24671371505361525
2366,-0.2689255308315753,-0.6608981574870724,-0.24671371505439224
2367,-0.2689255308318712,-0.6608981579357214,-0.24671371505361525
2368,-0.2778083144192089,-0.6983410846038832,-0.23472334551450993
2369,-0.2778083144198007,-0.6983410846038186,-0.23472334551450993
2370,-0.2778083144192089,-0.6983410850524999,-0.23472334551450993
2371,-0.2778083144195048,-0.6983410846038509,-0.23472334551450993
2372,-0.27780831444258447,-0.6983410846038509,-0.23472334551450993
2373,-0.2778083144195048,-0.6983410846038186,-0.23472334551450993
2374,-0.2778083144192089,-0.6983410846038509,-0.23472334551450993
2375,-0.2778083144195048,-0.6983410850524676,-0.23472334551450993
2376,-0.2778083144195048,-0.6983410846038186,-0.23472334551450993
2377,-0.2778083144195048,-0.6983410846038832,-0.23472334551528692
2378,-0.2778083144192089,-0.6983410846038186,-0.23472334551450993
2379,-0.2778083144195048,-0.6983410850524999,-0.23472334551450993
2380,-0.2778083144192089,-0.6983410846038186,-0.23472334551450993
2381,-0.2778083144195048,-0.6983410846038832,-0.23472334551450993
2382,-0.2778083144428804,-0.6983410846038186,-0.23472334551450993
2383,-0.2778083144195048,-0.6983410846038509,-0.23472334551450993
2384,-0.2778083144192089,-0.6983410850524676,-0.23472334551450993
2385,-0.2778083144192089,-0.6983410846038832,-0.23472334551450993
2386,-0.2778083144192089,-0.6983410846038186,-0.23472334551450993
2387,-0.3111187528673609,-1.170254897208864,-0.5314849916112516
2388,-0.311118752867065,-1.170254897208864,-0.5314849916120286
2389,-0.21618400330541063,-0.7850801728453777,-0.4289673320505025
2390,-0.21618400328203505,-0.785080172396761,-0.4289673320512795
2391,-0.21618400328173915,-0.78508017284541,-0.4289673320512795
2392,-0.21618400330541063,-0.78508017284541,-0.4289673320505025
2393,-0.21618400330541063,-0.7850801723967287,-0.4289673320505025
2394,-0.21618400328203505,-0.78508017284541,-0.4289673320512795
2395,-0.21618400328203505,-0.7850801728453777,-0.4289673320512795
2396,-0.21618400330570653,-0.7850801728454422,-0.4289673320505025
2397,-0.21618400330541063,-0.7850801723967287,-0.4289673320505025
2398,-0.21618400328203505,-0.7850801728453777,-0.4289673320512795
2399,-0.36386028041660523,-0.7164117279501256,-0.18975945974208802
2400,-0.3638602804169011,-0.7164117283987746,-0.18975945974208802
2401,-0.36386028039322965,-0.7164117279500933,-0.189759459742865
2402,-0.36386028041660523,-0.7164117279501256,-0.18975945974208802
2403,-0.3638602804169011,-0.7164117279500933,-0.18975945974208802
2404,-0.3638602804169011,-0.7164117279501256,-0.18975945974208802
2405,-0.3638602804163093,-0.7164117283987746,-0.18975945974208802
2406,-0.3638602804169011,-0.7164117279501256,-0.18975945974208802
2407,-0.36386028039322965,-0.7164117279500933,-0.189759459742865
2408,-0.36386028041660523,-0.7164117283987746,-0.18975945974208802
2409,-0.363860280417197,-0.7164117279501256,-0.18975945974208802
2410,-0.36386028041660523,-0.7164117279500933,-0.18975945974208802
2411,-0.3638602804169011,-0.7164117279500933,-0.18975945974208802
2412,-0.3638602803929337,-0.7164117279501256,-0.189759459742865
2413,-0.3638602804169011,-0.7164117283987746,-0.18975945974208802
2414,-0.36386028041660523,-0.7164117279500933,-0.18975945974208802
2415,-0.14979172743415328,-0.42739139803704396,-0.11940420318078963
2416,-0.14979172745812064,-0.4273913975883304,-0.11940420318078963
2417,-0.14979172743415328,-0.42739139803701165,-0.11940420318078963
2418,-0.14979172745812064,-0.4273913975883304,-0.11940420318078963
2419,-0.14979172743415328,-0.42739139803701165,-0.11940420318156664
2420,-0.14979172745752886,-0.42739139803701165,-0.11940420318078963
2421,-0.14979172743415328,-0.4273913975883304,-0.11940420318078963
2422,-0.14979172745812064,-0.42739139803701165,-0.11940420318078963
2423,-0.14979172743415328,-0.42739139758836264,-0.11940420318078963
2424,-0.14979172745782476,-0.4273913980369794,-0.11940420318078963
2425,-0.14979172743415328,-0.42739139758836264,-0.11940420318078963
2426,-0.14979172745782476,-0.4273913980369794,-0.11940420318078963
2427,-0.14979172743474506,-0.42739139803701165,-0.11940420318156664
2428,-0.14979172745752886,-0.42739139758836264,-0.11940420318078963
2429,-0.14979172743444918,-0.42739139803701165,-0.11940420318078963
2430,-0.14979172745752886,-0.4273913975882981,-0.11940420318078963
2431,-0.14979172743444918,-0.42739139803701165,-0.11940420318078963
2432,-0.44297257171768795,-0.2546756344807299,-0.3606222256766698
2433,-0.44297257174165533,-0.254675634031984,-0.3606222256774468
2434,-0.8209535191112319,-0.0968171408449542,-0.8162562681696649
2435,-0.8209535191115278,-0.0968171408449542,-0.8162562681696649
2436,-0.8209535191109361,-0.0968171408449542,-0.8162562681696649
2437,-0.8121632645197898,-0.2546756344806653,-0.18975945974208802
2438,-0.8121632645194939,-0.25467563403204857,-0.18975945974208802
2439,-0.8121632645197898,-0.2546756340320163,-0.189759459742865
2440,-0.8121632645428695,-0.254675634480633,-0.18975945974208802
2441,-0.8121632645194939,-0.2546756344806976,-0.18975945974208802
2442,-0.8121632645194939,-0.254675634031984,-0.18975945974208802
2443,-0.43769841897294226,-0.6398503588441518,-0.01889669380750623
2444,-0.43769841897235046,-0.6398503583954382,-0.01889669380750623
2445,-0.437698418948679,-0.6398503588441196,-0.01889669380750623
2446,-0.43769841897235046,-0.6398503583954706,-0.01889669380750623
2447,-0.43769841897235046,-0.6398503588441196,-0.01889669380750623
2448,-0.17047467942411224,-0.7142192490276638,1.0822189088833158
2449,-0.170474679424704,-0.7142192490275668,1.0822189088825387
2450,-0.17047467942411224,-0.7142192490276638,1.0822189088833158
2451,-0.1704746794244081,-0.7142192490275991,1.0822189088833158
2452,-0.1704746794244081,-0.7142192485789178,1.0822189088825387
2453,-0.1704746794244081,-0.7142192490276638,1.0822189088833158
2454,-0.17047467942381633,-0.7142192490275991,1.0822189088833158
2455,-0.170474679424704,-0.7142192490276638,1.0822189088825387
2456,-0.17047467942411224,-0.7142192490275668,1.0822189088833158
2457,-0.2809807371207508,-0.6605974748736657,0.0543302058785211
2458,-0.28098073714412636,-0.6605974748736334,0.0543302058792981
2459,-0.28098073712104665,-0.6605974748736334,0.0543302058785211
2460,-0.28098073714442223,-0.660597475322347,0.0543302058785211
2461,-0.2809807371207508,-0.6605974748736334,0.0543302058792981
2462,-0.28098073714442223,-0.6605974748736334,0.0543302058785211
2463,-0.2809807371207508,-0.6605974748736657,0.0543302058785211
2464,-0.28098073712104665,-0.6605974748736334,0.0543302058792981
2465,-0.28098073714412636,-0.6605974748736334,0.0543302058785211
2466,-0.2809807371207508,-0.6605974748736657,0.0543302058792981
2467,-0.28098073714442223,-0.6605974753223147,0.0543302058785211
2468,-0.28098073712104665,-0.6605974748736012,0.0543302058785211
2469,-0.28098073714412636,-0.660597474873698,0.0543302058792981
2470,-0.2809807371207508,-0.6605974748736334,0.0543302058785211
2471,-0.49278401439611547,-0.700187382667432,-1.4617378283674918
2472,-0.49278401441949105,-0.700187383116081,-1.4617378283674918
2473,-0.49278401439641134,-0.7001873826674643,-1.4617378283674918
2474,-0.4927840143958196,-0.700187383116081,-1.4617378283674918
2475,-0.49278401441919517,-0.700187382667432,-1.4617378283674918
2476,-0.49278401439641134,-0.7001873831161455,-1.4617378283674918
2477,-0.4927840143958196,-0.7001873826673997,-1.4617378283674918
2478,-0.49278401442008285,-0.7001873831161455,-1.4617378283674918
2479,-0.4927840143958196,-0.700187382667432,-1.4617378283674918
2480,-0.17926493401585022,-0.7808706131168194,-0.13280520443056076
2481,-0.17926493401585022,-0.7808706126681381,-0.13280520443056076
2482,-0.17926493401585022,-0.7808706126681381,-0.13280520443133775
2483,-0.1792649340161461,-0.7808706131168517,-0.13280520443056076
2484,-0.17926493401555432,-0.7808706131167871,-0.13280520443056076
2485,-0.1792649340161461,-0.7808706126681704,-0.13280520443056076
2486,-0.2056356977907683,-0.6580917844842283,-0.11382045266031067
2487,-0.2056356977673927,-0.6580917844842605,-0.11382045266031067
2488,-0.2056356977910642,-0.658091784932845,-0.11382045265953368
2489,-0.2056356977904724,-0.6580917844842605,-0.11382045266031067
2490,-0.2056356977910642,-0.6580917844842283,-0.11382045266031067
2491,-0.2056356977673927,-0.658091784484196,-0.11382045266031067
2492,-0.2056356977904724,-0.6580917849329095,-0.11382045265953368
2493,-0.20563569779136007,-0.6580917844842283,-0.11382045266031067
2494,-0.2056356977904724,-0.6580917844842283,-0.11382045266031067
2495,-0.2056356977673927,-0.6580917844842605,-0.11382045266031067
2496,-0.2056356977910642,-0.6580917844842283,-0.11382045266031067
2497,-0.2056356977904724,-0.6580917849328773,-0.11382045265953368
2498,-0.2056356977673927,-0.6580917844842283,-0.11382045266031067
2499,-0.2056356977910642,-0.6580917844842283,-0.11382045266031067
2500,-0.2056356977907683,-0.6580917844842605,-0.11382045266031067
2501,-0.2056356977907683,-0.658091784932845,-0.11382045265953368
2502,-0.2056356977673927,-0.6580917844842605,-0.11382045266031067
2503,-0.2056356977907683,-0.6580917844842283,-0.11382045266031067
2504,-0.27866242823161863,-0.6942508242368883,-1.0440732894157738
2505,-0.2786624282319145,-0.6942508242368883,-1.0440732894157738
2506,-0.27866242823161863,-0.694250823788207,-1.044073289416551
2507,-0.2786624282085389,-0.6942508242369206,-1.0440732894157738
2508,-0.27866242823161863,-0.6942508242368883,-1.0440732894157738
2509,-0.27866242823132276,-0.6942508242369528,-1.0440732894157738
2510,-0.2786624282319145,-0.6942508237882393,-1.044073289416551
2511,-0.2786624282319145,-0.6942508242369206,-1.0440732894157738
2512,-0.27866242823161863,-0.6942508242368883,-1.0440732894157738
2513,-0.27866242820824305,-0.6942508242368883,-1.0440732894157738
2514,-0.2786624282319145,-0.694250823788207,-1.044073289416551
2515,-0.27866242823161863,-0.6942508242369206,-1.0440732894157738
2516,-0.2786624282319145,-0.6942508242368883,-1.0440732894157738
2517,-0.35067489851731043,-0.6335360190269254,-1.0440732894157738
2518,-0.3506748985412778,-0.6335360185782117,-1.0440732894157738
2519,-0.35067489854098194,-0.6335360190269576,-1.0440732894157738
2520,-0.35067489851731043,-0.633536019026893,-1.0440732894157738
2521,-0.3111187528673609,-0.7492989140307837,-0.3606222256774468
2522,-0.3111187528667691,-0.7492989144794004,-0.3606222256766698
2523,-0.311118752867065,-0.7492989140307192,-0.3606222256774468
2524,-0.11187298215424261,-0.5949483872093906,0.5506458593085434
2525,-0.1118729821545385,-0.5949483872094228,0.5506458593077663
2526,-0.1118729821548344,-0.5949483872093906,0.5506458593085434
2527,-0.1118729821545385,-0.5949483872094551,0.5506458593085434
2528,-0.11187298215424261,-0.5949483867607093,0.5506458593077663
2529,-0.1118729821545385,-0.5949483872094228,0.5506458593085434
2530,-0.1118729821548344,-0.5949483872093906,0.5506458593085434
2531,-0.1118729821545385,-0.5949483872094551,0.5506458593077663
2532,-0.1118729821548344,-0.5949483872093906,0.5506458593085434
2533,-0.04741111514096395,-0.4125341276677597,0.32282883806243434
2534,-0.19508739227642183,-0.41884846748492166,-0.1214143533682553
2535,-0.19508739227612595,-0.41884846793357067,-0.1214143533682553
2536,-0.19508739227612595,-0.41884846748492166,-0.1214143533682553
2537,-0.19508739227612595,-0.41884846748492166,-0.1214143533682553
2538,-0.19508739227612595,-0.4188484679336352,-0.1214143533682553
2539,-0.19508739227642183,-0.41884846748492166,-0.12141435336903231
2540,-0.19508739227612595,-0.41884846748492166,-0.1214143533682553
2541,-0.19508739227612595,-0.41884846748492166,-0.1214143533682553
2542,-0.19508739227612595,-0.4188484679336352,-0.1214143533682553
2543,-0.19508739227612595,-0.41884846748492166,-0.1214143533682553
2544,-0.25560135546225654,-0.5288509128533635,-0.14479557396966608
2545,-0.25560135546225654,-0.5288509124046822,-0.14479557397044307
2546,-0.25560135543858503,-0.5288509128533635,-0.14479557396966608
2547,-0.25560135546225654,-0.5288509124046822,-0.14479557396966608
2548,-0.2556013554619606,-0.5288509128533635,-0.14479557397044307
2549,-0.2556013554619606,-0.5288509124046822,-0.14479557396966608
2550,-0.25560135546225654,-0.5288509128533958,-0.14479557397044307
2551,-0.25560135543888096,-0.5288509124047145,-0.14479557396966608
2552,-0.2556013554619606,-0.5288509128533312,-0.14479557396966608
2553,-0.25560135546225654,-0.5288509124047145,-0.14479557397044307
2554,-0.25560135546225654,-0.5288509128533958,-0.14479557396966608
2555,-0.25560135543828916,-0.52885091240465,-0.14479557396966608
2556,-0.2556013554628483,-0.5288509128533958,-0.14479557397044307
2557,-0.25560135546166474,-0.52885091240465,-0.14479557396966608
2558,-0.25560135546225654,-0.5288509128533958,-0.14479557397044307
2559,-0.25560135546225654,-0.5288509124047145,-0.14479557396966608
2560,-0.25560135543888096,-0.5288509128533312,-0.14479557396966608
2561,-0.2556013554619606,-0.5288509124047145,-0.14479557397044307
2562,-0.2556013554619606,-0.5288509128533958,-0.14479557396966608
2563,-0.30760265104463186,-0.5556591620289664,0.32282883806165735
2564,-0.3076026510209604,-0.555659162029031,0.32282883806243434
2565,-0.307602651044336,-0.5556591620290955,0.32282883806165735
2566,-0.3076026510206645,-0.555659162029031,0.32282883806243434
2567,-0.30760265104463186,-0.555659162029031,0.32282883806165735
2568,-0.3076026510206645,-0.5556591620289664,0.32282883806165735
2569,-0.30760265104463186,-0.5556591620290955,0.32282883806243434
2570,-0.3076026510206645,-0.5556591624777122,0.32282883806165735
2571,-0.30760265104463186,-0.555659162029031,0.32282883806243434
2572,-0.3076026510209604,-0.555659162029031,0.32282883806165735
2573,-0.30760265104404005,-0.555659162029031,0.32282883806165735
2574,-0.3076026510209604,-0.555659162029031,0.32282883806243434
2575,-0.30760265104463186,-0.5556591620290955,0.32282883806165735
2576,-0.3076026510206645,-0.5556591620289664,0.32282883806243434
2577,-0.30760265104404005,-0.555659162029031,0.32282883806165735
2578,-0.17207290753234653,-0.40105351006295703,-0.23635839590606483
2579,-0.17207290753175475,-0.4010535105117029,-0.23635839590684185
2580,-0.17207290753175475,-0.40105351006295703,-0.23635839590606483
2581,-0.17207290753205065,-0.40105351006289247,-0.23635839590606483
2582,-0.17207290753175475,-0.4010535100630216,-0.23635839590606483
2583,-0.17207290750867507,-0.4010535105115738,-0.23635839590684185
2584,-0.17207290753145885,-0.40105351006295703,-0.23635839590606483
2585,-0.17207290753234653,-0.4010535100630216,-0.23635839590606483
2586,-0.17207290753175475,-0.40105351006295703,-0.23635839590606483
2587,-0.17207290753145885,-0.4010535105115738,-0.23635839590684185
2588,-0.17207290753205065,-0.4010535100630216,-0.23635839590606483
2589,-0.26716747990867096,-0.43358192720794597,0.03805756150402103
2590,-0.2671674799323424,-0.4335819267593293,0.03805756150402103
2591,-0.26716747990867096,-0.43358192720801053,0.03805756150402103
2592,-0.26716747990867096,-0.43358192720794597,0.03805756150402103
2593,-0.2671674799323424,-0.4335819267593293,0.03805756150402103
2594,-0.26716747990867096,-0.43358192720794597,0.03805756150402103
2595,-0.3111187528673609,-0.6335360190269254,0.8354171358661796
2596,-0.311118752867065,-0.6335360185783085,0.8354171358661796
2597,-0.4078115533744075,-0.47567752539114966,0.0950118168155483
2598,-0.40781155335162367,-0.4756775253912788,0.0950118168155483
2599,-0.40781155337499925,-0.4756775253912142,0.0950118168155483
2600,-0.4078115533747034,-0.47567752494246834,0.09501181681632528
2601,-0.40781155335162367,-0.4756775253912142,0.0950118168155483
2602,-0.4078115533747034,-0.4756775253912142,0.0950118168155483
2603,-0.4693433354929019,-0.5177731235744824,-0.9301647787927194
2604,-0.4693433354929019,-0.5177731235742887,-0.9301647787927194
2605,-0.4693433354931978,-0.5177731235744824,-0.9301647787927194
2606,-0.4839937598040816,-0.5668846549377051,-0.41757648098819705
2607,-0.48399375982775306,-0.5668846549377051,-0.41757648098897404
2608,-0.48399375980467335,-0.5668846549377051,-0.41757648098819705
2609,-0.48399375982804893,-0.5668846549377051,-0.41757648098897404
2610,-0.4839937598043775,-0.5668846549377051,-0.41757648098819705
2611,-0.48399375982775306,-0.5668846549377696,-0.41757648098897404
2612,-0.4839937598043775,-0.5668846549376405,-0.41757648098819705
2613,-0.48399375982804893,-0.5668846549377051,-0.41757648098897404
2614,-0.4839937598040816,-0.5668846553863864,-0.41757648098819705
2615,-0.4839937598049693,-0.5668846549377051,-0.41757648098819705
2616,-0.4839937598274572,-0.5668846549377696,-0.41757648098897404
2617,-0.48399375980467335,-0.5668846549377051,-0.41757648098819705
2618,-0.48399375982775306,-0.5668846549377696,-0.41757648098897404
2619,-0.48399375980467335,-0.5668846549376405,-0.41757648098819705
2620,-0.48399375982775306,-0.5668846549377696,-0.41757648098897404
2621,-0.4839937598043775,-0.5668846549377051,-0.41757648098819705
2622,-0.48399375982804893,-0.5668846549377696,-0.41757648098897404
2623,-0.4839937598043775,-0.5668846549376405,-0.41757648098819705
2624,-0.42319449889271316,-0.6493218683456671,-0.44605360864434923
2625,-0.4231944988924173,-0.649321868345538,-0.44605360864434923
2626,-0.42319449889300903,-0.6493218678969858,-0.44605360864434923
2627,-0.42319449891608873,-0.6493218683456671,-0.44605360864434923
2628,-0.42319449889271316,-0.649321868345538,-0.44605360864434923
2629,-0.4231944988924173,-0.6493218678969211,-0.44605360864434923
2630,-0.42319449889300903,-0.6493218683456671,-0.44605360864434923
2631,-0.4231944988924173,-0.6493218683456671,-0.44605360864434923
2632,-0.4734003760664888,-0.5971071358111403,0.007389885566686198
2633,-0.4734003760901603,-0.5971071358112048,0.007389885567463192
2634,-0.47340037606619295,-0.5971071358111403,0.007389885566686198
2635,-0.47340037608956853,-0.5971071358112048,0.007389885567463192
2636,-0.4734003760664888,-0.5971071358111403,0.007389885566686198
2637,-0.4734003760901603,-0.5971071358112048,0.007389885567463192
2638,-0.47340037606619295,-0.597107135362459,0.007389885566686198
2639,-0.4734003760898644,-0.5971071358112048,0.007389885567463192
2640,-0.47340037606619295,-0.5971071358112048,0.007389885566686198
2641,-0.4734003760898644,-0.5971071358112694,0.007389885567463192
2642,-0.4734003760667847,-0.5971071358111403,0.007389885566686198
2643,-0.4734003760898644,-0.5971071358112048,0.007389885567463192
2644,-0.47340037606619295,-0.5971071358111403,0.007389885566686198
2645,-0.22321620697394837,-0.5809165212978723,0.4367373486854888
2646,-0.2232162069508687,-0.5809165208492556,0.4367373486847118
2647,-0.22321620697424427,-0.5809165212978723,0.4367373486854888
2648,0.11081346746120153,-0.3283429313012233,-0.13280520443056076
2649,0.11081346748457711,-0.32834293130141695,-0.13280520443133775
2650,0.11081346746120153,-0.3283429313012233,-0.13280520443056076
2651,-0.018110266518308722,-0.1389127390282224,0.01907280973377094
2652,-0.018110266518604614,-0.1389127390282224,0.01907280973377094
2653,-0.0181102665416843,-0.13891273902815784,0.019072809732993943
2654,-0.018110266518308722,-0.13891273902815784,0.01907280973377094
2655,-0.018110266518308722,-0.13891273857954112,0.01907280973377094
2656,-0.018110266518308722,-0.13891273902809328,0.01907280973377094
2657,-0.01811026654138841,-0.13891273902815784,0.019072809732993943
2658,-0.018110266518604614,-0.1389127390282224,0.01907280973377094
2659,-0.018110266518308722,-0.13891273902815784,0.01907280973377094
2660,-0.004836629074043124,0.023383543610415378,-0.014779518724895007
2661,-0.004836629073747231,0.023383543610479934,-0.014779518724895007
2662,-0.004836629050075758,0.023383543610544493,-0.014779518724118014
2663,-0.004836629074043124,0.023383543610415378,-0.014779518724895007
2664,-0.004836629074043124,0.02338354316179864,-0.014779518724895007
2665,-0.004836629073747231,0.023383543610479934,-0.014779518724895007
2666,-0.004836629073747231,0.023383543610479934,-0.014779518724895007
2667,-0.004836629050371652,0.023383543610479934,-0.014779518724118014
2668,-0.004836629074043124,0.023383543610479934,-0.014779518724895007
2669,-0.004836629073747231,0.023383543610479934,-0.014779518724895007
2670,-0.004836629074043124,0.023383543610479934,-0.014779518724895007
2671,-0.004836629073747231,0.023383543610415378,-0.014779518724895007
2672,-0.004836629050371652,0.02338354316179864,-0.014779518724118014
2673,-0.004836629074339018,0.023383543610479934,-0.014779518724895007
2674,-0.004836629073451338,0.023383543610544493,-0.014779518724895007
2675,-0.004836629073747231,0.023383543610415378,-0.014779518724895007
2676,-0.004836629074043124,0.023383543610479934,-0.014779518724895007
2677,-0.004836629050667545,0.023383543610415378,-0.014779518724895007
2678,-0.004836629073747231,0.023383543610544493,-0.014779518724118014
2679,-0.004836629073747231,0.023383543610479934,-0.014779518724895007
2680,-0.004836629073747231,0.02338354316179864,-0.014779518724895007
2681,-0.004836629050667545,0.023383543610479934,-0.014779518724895007
2682,-0.004836629073451338,0.023383543610479934,-0.014779518724895007
2683,-0.004836629074043124,0.023383543610479934,-0.014779518724118014
2684,-0.004836629074043124,0.023383543610415378,-0.014779518724895007
2685,-0.004836629073747231,0.023383543610544493,-0.014779518724895007
2686,-0.004836629050667545,0.023383543610415378,-0.014779518724895007
2687,-0.004836629073451338,0.023383543610479934,-0.014779518724895007
2688,-0.004836629074043124,0.023383543610479934,-0.014779518724118014
2689,-0.004836629074043124,0.02338354316173408,-0.014779518724895007
2690,-0.004836629074043124,0.023383543610544493,-0.014779518724895007
2691,-0.004836629050371652,0.023383543610479934,-0.014779518724895007
2692,-0.004836629073451338,0.023383543610415378,-0.014779518724895007
2693,-0.004836629074043124,0.023383543610544493,-0.014779518724118014
2694,-0.004836629073747231,0.023383543610415378,-0.014779518724895007
2695,-0.004836629073747231,0.023383543610479934,-0.014779518724895007
2696,-0.004836629050963439,0.023383543610479934,-0.014779518724895007
2697,-0.004836629073451338,0.0233835431618632,-0.014779518724895007
2698,-0.004836629074043124,0.023383543610479934,-0.014779518724118014
2699,-0.004836629073747231,0.023383543610415378,-0.014779518724895007
2700,-0.004836629073747231,0.023383543610479934,-0.014779518724895007
2701,-0.004836629050371652,0.023383543610415378,-0.014779518724895007
2702,-0.004836629074043124,0.023383543610544493,-0.014779518724895007
2703,-0.004836629074043124,0.023383543610479934,-0.014779518724895007
2704,-0.004836629073747231,0.023383543610415378,-0.014779518724118014
2705,-0.004836629073747231,0.0233835431618632,-0.014779518724895007
2706,-0.004836629050667545,0.023383543610415378,-0.014779518724895007
2707,-0.004836629074043124,0.023383543610479934,-0.014779518724895007
2708,-0.004836629073451338,0.023383543610479934,-0.014779518724895007
2709,-0.004836629073747231,0.023383543610479934,-0.014779518724118014
2710,-0.004836629074043124,0.023383543610479934,-0.014779518724895007
2711,-0.004836629050075758,0.023383543610479934,-0.014779518724895007
2712,-0.004836629074043124,0.023383543610479934,-0.014779518724895007
2713,-0.004836629074043124,0.02338354316173408,-0.014779518724895007
2714,-0.004836629073747231,0.023383543610544493,-0.014779518724118014
2715,-0.004836629074043124,0.023383543610479934,-0.014779518724895007
2716,-0.004836629050667545,0.023383543610415378,-0.014779518724895007
2717,-0.004836629073451338,0.023383543610544493,-0.014779518724895007
2718,-0.004836629074043124,0.023383543610415378,-0.014779518724895007
2719,-0.004836629073747231,0.023383543610479934,-0.014779518724118014
2720,-0.004836629073747231,0.023383543610415378,-0.014779518724895007
2721,-0.004836629050963439,0.023383543610544493,-0.014779518724895007
2722,-0.004836629073451338,0.02338354316179864,-0.014779518724895007
2723,-0.004836629073747231,0.023383543610479934,-0.014779518724895007
2724,-0.004836629074043124,0.023383543610479934,-0.014779518724118014
2725,-0.004836629050667545,0.023383543610415378,-0.014779518724895007
2726,-0.004836629073451338,0.023383543610479934,-0.014779518724895007
2727,-0.004836629074043124,0.023383543610479934,-0.014779518724895007
2728,-0.004836629074043124,0.023383543610479934,-0.014779518724895007
2729,-0.004836629073451338,0.023383543610479934,-0.014779518724895007
2730,-0.004836629050371652,0.02338354316179864,-0.014779518724118014
2731,-0.004836629074043124,0.023383543610479934,-0.014779518724895007
2732,-0.004836629074043124,0.023383543610415378,-0.014779518724895007
2733,-0.004836629074043124,0.023383543610544493,-0.014779518724895007
2734,-0.004836629073451338,0.023383543610479934,-0.014779518724895007
2735,-0.004836629050371652,0.023383543610415378,-0.014779518724118014
2736,-0.004836629074043124,0.023383543610544493,-0.014779518724895007
2737,-0.004836629073747231,0.023383543610415378,-0.014779518724895007
2738,-0.004836629074043124,0.0233835431618632,-0.014779518724895007
2739,-0.004836629073747231,0.023383543610415378,-0.014779518724895007
2740,-0.004836629050667545,0.023383543610479934,-0.014779518724118014
2741,-0.004836629073451338,0.023383543610479934,-0.014779518724895007
2742,-0.004836629074043124,0.023383543610479934,-0.014779518724895007
2743,-0.14535966629843572,-0.04269422870285663,-0.01889669380750623
2744,-0.14535966632240307,-0.04269422870279207,-0.01889669380750623
2745,-0.14535966629873162,-0.04269422870285663,-0.01889669380750623
2746,-0.14535966629843572,-0.042694228254175334,-0.01889669380750623
2747,-0.14535966629873162,-0.04269422870285663,-0.01889669380750623
2748,-0.1453596663221072,-0.04269422870279207,-0.01889669380750623
2749,-0.14535966629813982,-0.04269422870279207,-0.01889669380750623
2750,-0.2583772253175248,-0.11786493993665287,0.03805756150402103
2751,-0.2583772253406044,-0.11786493993652375,0.03805756150402103
2752,-0.2583772253406044,-0.11786493993658831,0.03805756150402103
2753,-0.25837722531693297,-0.11786493948790701,0.03805756150402103
2754,-0.2583772253175248,-0.11786493993652375,0.03805756150402103
2755,-0.2583772253406044,-0.11786493993658831,0.03805756150402103
2756,-0.7594217369699536,-0.27572343357229945,0.15196607212707552
2757,-0.7594217369930334,-0.27572343312361813,0.15196607212785254
2758,-0.7594217369699536,-0.27572343357229945,0.15196607212707552
2759,-0.7594217369696578,-0.2757234335722349,0.15196607212707552
2760,-0.7594217369933293,-0.27572343312361813,0.15196607212785254
2761,-0.7594217369699536,-0.2757234335722349,0.15196607212707552
2762,-0.7516656299883658,-0.327104825287693,0.282625834312344
2763,-0.7516656299883658,-0.3271048257363098,0.282625834313121
2764,-0.751665629987774,-0.32710482528762846,0.282625834312344
2765,-0.7516656299883658,-0.3271048257363098,0.282625834312344
2766,-0.7516656299886617,-0.32710482528762846,0.282625834313121
2767,-0.751665629987774,-0.3271048252875639,0.282625834312344
2768,-0.7516656299883658,-0.3271048257363098,0.282625834312344
2769,-0.7516656299880698,-0.32710482528762846,0.282625834313121
2770,-0.7516656300120372,-0.3271048257363098,0.282625834312344
2771,-0.751665629987774,-0.327104825287693,0.282625834313121
2772,-0.7516656299883658,-0.32710482573618066,0.282625834312344
2773,-0.7516656299886617,-0.327104825287693,0.282625834312344
2774,-0.751665629987774,-0.32710482528762846,0.282625834313121
2775,-0.7516656299883658,-0.3271048257363098,0.282625834312344
2776,-0.7516656299883658,-0.32710482528762846,0.282625834312344
2777,-0.7516656299883658,-0.3271048257363098,0.282625834313121
2778,-0.7516656299880698,-0.3271048252875639,0.282625834312344
2779,-0.6407533000180337,-0.48357045005064964,0.15196607212707552
2780,-0.640753299994658,-0.4835704500505205,0.15196607212707552
2781,-0.6407533000180337,-0.4835704500505205,0.15196607212707552
2782,-0.6407533000174419,-0.4835704500505851,0.15196607212707552
2783,-0.640753299994954,-0.4835704496018392,0.15196607212785254
2784,-0.6407533000180337,-0.48357045005064964,0.15196607212707552
2785,-0.640753299994658,-0.4835704500505205,0.15196607212707552
2786,-0.6407533000174419,-0.4835704500505205,0.15196607212707552
2787,-0.7515119918540059,-0.3969348306221537,-0.9323442325691197
2788,-0.7515119918545977,-0.39693483017347236,-0.9323442325698966
2789,-0.75151199185371,-0.3969348306221537,-0.9323442325691197
2790,-0.7515119918543018,-0.3969348306220891,-0.9323442325691197
2791,-0.75151199185371,-0.3969348301735369,-0.9323442325698966
2792,-0.7515119918543018,-0.3969348306220891,-0.9323442325691197
2793,-0.7515119918540059,-0.3969348306221537,-0.9323442325698966
2794,0.029074487828785647,-0.7111594019518324,2.274529695092271
2795,-0.6861696153886085,-0.3072951322097183,-0.47453073629972436
2796,-0.6861696153883126,-0.30729513220965377,-0.47453073630050135
2797,-0.6861696154122799,-0.3072951322097829,-0.47453073629972436
2798,-0.6861696153886085,-0.30729513220965377,-0.47453073630050135
2799,-0.6861696153883126,-0.30729513176097245,-0.47453073629972436
2800,-0.6861696153886085,-0.3072951322097183,-0.47453073630050135
2801,-0.6861696154119841,-0.3072951322097183,-0.47453073629972436
2802,-0.6861696153889044,-0.30729513220965377,-0.47453073630050135
2803,-0.6861696153880167,-0.3072951322097183,-0.47453073629972436
2804,-0.6143825362431156,-0.4677846007317788,-0.3179065341936071
2805,-0.6143825362428197,-0.46778460073184336,-0.3179065341928301
2806,-0.6143825362434114,-0.4677846007319079,-0.3179065341936071
2807,-0.614382536219444,-0.46778460028316204,-0.3179065341928301
2808,-0.6143825362431156,-0.46778460073184336,-0.3179065341936071
2809,-0.6143825362431156,-0.46778460073184336,-0.3179065341936071
2810,-0.6143825362431156,-0.46778460073184336,-0.3179065341928301
2811,-0.6143825362434114,-0.46778460073184336,-0.3179065341936071
2812,-0.47285943733841473,-0.5135635638458919,0.5278641571839324
2813,-0.47285943731592683,-0.5135635638458272,0.5278641571831554
2814,-0.47285943733841473,-0.5135635638457627,0.5278641571839324
2815,-0.47285943733900654,-0.5135635633972105,0.5278641571831554
2816,-0.4728594373387106,-0.5135635638457627,0.5278641571839324
2817,-0.47285943731563096,-0.5135635638458919,0.5278641571839324
2818,-0.4728594373387106,-0.5135635638457627,0.5278641571831554
2819,-0.4728594373395983,-0.5135635638458919,0.5278641571839324
2820,-0.4728594373387106,-0.5135635638457627,0.5278641571831554
2821,-0.47285943731563096,-0.5135635638458272,0.5278641571839324
2822,-0.4728594373387106,-0.5135635638458919,0.5278641571839324
2823,-0.47285943733900654,-0.5135635633970814,0.5278641571831554
2824,-0.47285943733841473,-0.5135635638458919,0.5278641571839324
2825,-0.47285943731592683,-0.5135635638457627,0.5278641571831554
2826,-0.47285943733841473,-0.5135635638458919,0.5278641571839324
2827,-0.4693433354931978,-0.5135635638457627,0.04944841256632648
2828,-0.46934333549260604,-0.5135635638458272,0.04944841256632648
2829,-0.46934333551657337,-0.513563563397146,0.04944841256710347
2830,-0.46934333549260604,-0.5135635638458272,0.04944841256632648
2831,-0.4693433354931978,-0.5135635638458919,0.04944841256632648
2832,-0.706680209443789,-0.23888978471324232,-1.7275243531548778
2833,-0.7066802094195257,-0.23888978516198817,-1.7275243531548778
2834,-0.706680209443789,-0.2388897851619236,-1.7275243531548778
2835,-0.7066802094431972,-0.23888978471337144,-1.7275243531548778
2836,-0.4693433354931978,-0.391486328576061,-0.24671371505361525
2837,-0.46934333549260604,-0.3914863290248069,-0.24671371505439224
2838,-0.4693433354929019,-0.3914863285761256,-0.24671371505361525
2839,-0.680309445668871,-0.5072492240285685,-0.3606222256766698
2840,-0.680309445668575,-0.507249224028633,-0.3606222256774468
2841,-0.5396653722259181,-0.34939073039292196,1.0062799018007613
2842,-0.5396653722022466,-0.3493907303928574,1.0062799018015385
2843,-0.5396653722256223,-0.3493907303929865,1.0062799018007613
2844,-0.42187596071237066,-0.5388209226659874,0.7670720294923469
2845,-0.4218759607120747,-0.5388209226659874,0.7670720294923469
2846,-0.42187596071237066,-0.5388209231146687,0.7670720294923469
2847,-0.4218759607120747,-0.538820922666052,0.7670720294923469
2848,-0.42187596071177885,-0.5388209226659874,0.7670720294915699
2849,-0.4218759606889951,-0.5388209226661165,0.7670720294923469
2850,-0.4218759607120747,-0.5388209226659874,0.7670720294923469
2851,-0.4218759607120747,-0.5388209231146687,0.7670720294923469
2852,-0.42187596071237066,-0.5388209226659874,0.7670720294923469
2853,-0.42187596071237066,-0.538820922666052,0.7670720294923469
2854,-0.46934333549260604,-0.5388209226659229,0.02992123931677099
2855,-0.4693433354931978,-0.5388209231147333,0.02992123931677099
2856,-0.46934333549260604,-0.538820922666052,0.02992123931677099
2857,-0.4693433355162775,-0.538820922666052,0.029921239315993997
2858,-0.4693433354929019,-0.5388209226659874,0.02992123931677099
2859,-0.4693433354929019,-0.5388209231146687,0.02992123931677099
2860,-0.46934333549260604,-0.5388209226659874,0.02992123931677099
2861,-0.4517628263097218,-0.7282511149391819,0.5506458593085434
2862,-0.4517628263328015,-0.7282511153877341,0.5506458593077663
2863,-0.45176282631001774,-0.7282511149391819,0.5506458593085434
2864,-0.6275679181187389,-0.42831997698643687,-0.01889669380750623
2865,-0.6275679181187389,-0.4283199774351182,-0.01889669380750623
2866,-0.6275679181421144,-0.42831997743498906,-0.01889669380750623
2867,-0.6275679181190348,-0.42831997698643687,-0.01889669380750623
2868,-0.36386028039322965,-1.1071114994853775,0.32282883806243434
2869,-0.25837722531722884,-0.6398503588441841,-0.49731243842511225
2870,-0.25837722534030855,-0.6398503583954382,-0.49731243842433526
2871,-0.2583772253175248,-0.6398503588441841,-0.49731243842511225
2872,-0.2583772253406044,-0.6398503583953736,-0.49731243842433526
2873,-0.25837722531722884,-0.6398503588441841,-0.49731243842511225
2874,0.005330412384904826,-0.6019643203894419,0.20892032743860278
2875,0.005330412384904826,-0.6019643199408897,0.2089203274393798
2876,0.005330412384904826,-0.6019643203894419,0.20892032743860278
2877,-0.2935382436832931,-0.4335819267593293,-0.41757648098819705
2878,-0.2935382437072605,-0.43358192720801053,-0.41757648098897404
2879,-0.293538243683589,-0.43358192720801053,-0.41757648098897404
2880,-0.293538243683589,-0.4335819267593293,-0.41757648098819705
2881,-0.2935382437069646,-0.4335819267593293,-0.41757648098819705
2882,-0.2935382436838849,-0.43358192720801053,-0.41757648098897404
2883,-0.022428286329631036,-0.14002051804573382,0.2688721751349064
2884,-0.02242828630566367,-0.14002051759718162,0.2688721751356834
2885,-0.02242828632903925,-0.14002051804579838,0.2688721751349064
2886,-0.022428286329631036,-0.14002051804573382,0.2688721751349064
2887,-0.02242828630566367,-0.14002051804586294,0.2688721751356834
2888,-0.02242828632903925,-0.14002051759711706,0.2688721751349064
2889,-0.02242828632933514,-0.14002051804579838,0.2688721751356834
2890,-0.02242828630566367,-0.14002051804579838,0.2688721751349064
2891,-0.02242828632903925,-0.14002051804586294,0.2688721751349064
2892,-0.02242828632933514,-0.14002051759711706,0.2688721751356834
2893,-0.02242828632903925,-0.14002051804586294,0.2688721751349064
2894,-0.02242828630566367,-0.14002051804573382,0.2688721751349064
2895,-0.02242828632933514,-0.14002051804579838,0.2688721751356834
2896,-0.02242828632903925,-0.14002051759711706,0.2688721751349064
2897,-0.02242828630566367,-0.14002051804579838,0.2688721751356834
2898,-0.02242828632933514,-0.14002051804579838,0.2688721751349064
2899,-0.02242828632933514,-0.14002051804579838,0.2688721751349064
2900,-0.02242828630566367,-0.14002051759718162,0.2688721751356834
2901,-0.02242828632903925,-0.14002051804579838,0.2688721751349064
2902,0.2411160649204188,-0.06338828341132234,0.8856708905528213
2903,0.24111606494379437,-0.06338828296283472,0.8856708905528213
2904,0.2411160649204188,-0.0633882834113869,0.8856708905528213
2905,0.2411160649204188,-0.06338828296270561,0.8856708905528213
2906,0.2411160649204188,-0.06338828341132234,0.8856708905528213
2907,0.24111606494379437,-0.06338828341145146,0.8856708905528213
2908,0.24111606492071466,-0.06338828296270561,0.8856708905528213
2909,0.24111606492012289,-0.0633882834113869,0.8856708905528213
2910,0.24111606494379437,-0.06338828296283472,0.8856708905535983
2911,0.2411160649204188,-0.06338828341132234,0.8856708905528213
2912,0.24111606492071466,-0.06338828296270561,0.8856708905528213
2913,0.24111606494379437,-0.0633882834113869,0.8856708905528213
2914,0.2411160649204188,-0.06338828341145146,0.8856708905528213
2915,0.2411160649204188,-0.06338828296270561,0.8856708905528213
2916,0.2411160649204188,-0.06338828341132234,0.8856708905528213
2917,0.24111606494379437,-0.06338828296277017,0.8856708905528213
2918,0.2411160649204188,-0.06338828341145146,0.8856708905528213
2919,0.139212751523061,-0.03853092769980136,0.32282883806165735
2920,0.13921275154614068,-0.03853092769980136,0.32282883806243434
2921,0.1392127515227651,-0.03853092769980136,0.32282883806165735
2922,0.13921275154614068,-0.0385309276997368,0.32282883806243434
2923,0.1392127515227651,-0.0385309276997368,0.32282883806165735
2924,0.13921275152217333,-0.03853092769986592,0.32282883806243434
2925,0.13921275154614068,-0.03853092769980136,0.32282883806165735
2926,0.1392127515227651,-0.03853092769980136,0.32282883806243434
2927,0.1392127515227651,-0.03853092769980136,0.32282883806165735
2928,0.13921275154614068,-0.03853092769980136,0.32282883806243434
2929,0.1392127515227651,-0.03853092769980136,0.32282883806165735
2930,0.13921275154614068,-0.03853092769980136,0.32282883806243434
2931,0.1392127515224692,-0.03853092769980136,0.32282883806165735
2932,0.23739313356678293,-0.05261676257308235,0.22031117850090828
2933,0.23739313356648703,-0.05261676257314691,0.22031117850090828
2934,0.2373931335898626,-0.05261676257314691,0.22031117850168527
2935,0.23739313356648703,-0.05261676257308235,0.22031117850090828
2936,0.23739313356648703,-0.05261676257321146,0.22031117850090828
2937,0.23739313356648703,-0.0526167621243365,0.22031117850090828
2938,0.23739313356678293,-0.05261676257314691,0.22031117850090828
2939,0.23739313358927083,-0.05261676257314691,0.22031117850168527
2940,0.2373931335670788,-0.05261676257314691,0.22031117850090828
2941,0.23739313356589525,-0.05261676257308235,0.22031117850090828
2942,0.10460858187131529,-0.19710371314572067,0.6042498643076278
2943,0.10460858187131529,-0.1971037131456561,0.6042498643076278
2944,0.10460858189409908,-0.19710371314572067,0.6042498643068508
2945,0.10460858187101939,-0.1971037131456561,0.6042498643076278
2946,0.10460858187131529,-0.19710371314559155,0.6042498643076278
2947,0.10460858187161118,-0.19710371314572067,0.6042498643076278
2948,0.10460858189439497,-0.1971037131456561,0.6042498643068508
2949,0.10460858187101939,-0.1971037131456561,0.6042498643076278
2950,0.1046085818707235,-0.19710371269703938,0.6042498643076278
2951,0.10460858187101939,-0.1971037131456561,0.6042498643076278
2952,0.10460858189498676,-0.19710371314572067,0.6042498643068508
2953,0.10460858187101939,-0.1971037131456561,0.6042498643076278
2954,0.1046085818707235,-0.19710371314572067,0.6042498643076278
2955,0.10460858187101939,-0.19710371314559155,0.6042498643076278
2956,0.10460858189498676,-0.1971037131456561,0.6042498643068508
2957,0.1046085818707235,-0.19710371314572067,0.6042498643076278
2958,0.10460858187101939,-0.1971037131456561,0.6042498643076278
2959,0.06183919188246566,-0.2952678182507598,0.6645543699315979
2960,0.06183919190584124,-0.2952678182507598,0.6645543699315979
2961,0.06183919190584124,-0.29526781869944113,0.6645543699308208
2962,0.06183919188276155,-0.2952678182507598,0.6645543699315979
2963,0.06183919188246566,-0.2952678182508244,0.6645543699315979
2964,0.06183919190584124,-0.2952678182507598,0.6645543699315979
2965,0.06183919190613713,-0.2952678182508244,0.6645543699308208
2966,0.06183919188216976,-0.29526781869937657,0.6645543699315979
2967,0.06183919188216976,-0.2952678182508244,0.6645543699315979
2968,0.06183919190613713,-0.2952678182507598,0.6645543699315979
2969,0.06183919190613713,-0.2952678182507598,0.6645543699315979
2970,0.06183919188216976,-0.29526781869937657,0.6645543699308208
2971,0.06183919188276155,-0.2952678182507598,0.6645543699315979
2972,0.06183919190584124,-0.2952678182507598,0.6645543699315979
2973,0.10495329774087217,-0.3528986967586231,0.6265848663903206
2974,0.10495329774116806,-0.35289869720736894,0.6265848663903206
2975,0.10495329774116806,-0.3528986972072398,0.6265848663903206
2976,0.10495329774087217,-0.3528986967586231,0.6265848663903206
2977,0.10495329776483954,-0.35289869675855856,0.6265848663910977
2978,0.10495329774116806,-0.3528986972073044,0.6265848663903206
2979,0.10495329774057628,-0.3528986972072398,0.6265848663903206
2980,0.10495329774116806,-0.3528986967586877,0.6265848663903206
2981,0.10495329774116806,-0.3528986967586231,0.6265848663903206
2982,0.10495329774116806,-0.3528986972072398,0.6265848663903206
2983,0.10495329774116806,-0.3528986972072398,0.6265848663903206
2984,0.10495329774116806,-0.3528986967586231,0.6265848663903206
2985,0.10495329774116806,-0.3528986967586877,0.6265848663903206
2986,0.10495329776454364,-0.3528986972072398,0.6265848663910977
2987,0.10495329774116806,-0.3528986972073044,0.6265848663903206
2988,0.10495329774057628,-0.35289869675855856,0.6265848663903206
2989,0.10495329774116806,-0.3528986967586231,0.6265848663903206
2990,0.10495329774116806,-0.3528986972072398,0.6265848663903206
2991,0.29980394116921744,-0.06524544175898316,1.2625740507030225
2992,0.29980394116980924,-0.06524544220753532,1.2625740507030225
2993,0.2998039411461378,-0.06524544220753532,1.2625740507030225
2994,0.29980394116921744,-0.06524544175885404,1.2625740507030225
2995,0.29980394116921744,-0.0652454417589186,1.2625740507030225
2996,0.29980394114584186,-0.06524544220759988,1.2625740507030225
2997,0.29980394116951337,-0.06524544220753532,1.2625740507030225
2998,0.29980394116980924,-0.06524544175885404,1.2625740507030225
2999,0.29980394116921744,-0.0652454417589186,1.2625740507030225
3000,0.29980394116921744,-0.06524544220753532,1.2625740507030225
3001,0.29980394114584186,-0.06524544220753532,1.2625740507030225
3002,0.29980394116951337,-0.0652454417589186,1.2625740507030225
3003,0.08114635822329551,-0.32965841874452706,0.08789253490170451
3004,0.08114635822329551,-0.3296584187444625,0.08789253490170451
3005,0.08114635822270372,-0.3296584187445916,0.08789253490170451
3006,0.08114635824667109,-0.3296584187444625,0.08789253490170451
3007,0.08114635822329551,-0.32965841874452706,0.08789253490170451
3008,0.08114635822270372,-0.32965841874452706,0.08789253490170451
3009,0.08114635822299962,-0.32965841874452706,0.08789253490170451
3010,0.08114635822329551,-0.3296584187444625,0.08789253490170451
3011,0.08114635822329551,-0.3296584191932084,0.08789253490170451
3012,0.08114635822270372,-0.32965841874452706,0.08789253490170451
3013,0.08114635822270372,-0.32965841874452706,0.08789253490170451
3014,0.08114635822329551,-0.32965841874452706,0.08789253490170451
3015,0.08114635824667109,-0.3296584187444625,0.08789253490170451
3016,0.08114635822299962,-0.32965841874452706,0.08789253490170451
3017,0.08114635822329551,-0.32965841874452706,0.08789253490170451
3018,0.08114635822329551,-0.32965841874452706,0.08789253490170451
3019,0.14949058767307452,0.11787041069701719,0.8240262848038742
3020,0.14949058765029072,0.1178704102483359,0.8240262848038742
3021,0.1494905876739622,0.11787041069701719,0.8240262848038742
3022,0.1494905876736663,0.11787041069701719,0.8240262848038742
3023,0.14949058767307452,0.11787041069701719,0.8240262848038742
3024,0.14949058765058662,0.1178704102483359,0.8240262848038742
3025,0.1494905876736663,0.11787041069708175,0.8240262848038742
3026,0.1494905876733704,0.11787041069695263,0.8240262848030971
3027,0.1494905876736663,0.11787041069701719,0.8240262848038742
3028,0.14949058765029072,0.1178704102483359,0.8240262848038742
3029,0.1494905876733704,0.11787041069701719,0.8240262848038742
3030,0.1494905876736663,0.11787041069701719,0.8240262848038742
3031,0.14949058767307452,0.11787041069701719,0.8240262848038742
3032,0.14949058765058662,0.1178704102483359,0.8240262848038742
3033,0.1494905876736663,0.11787041069701719,0.8240262848038742
3034,0.21223948196361545,0.11689897387106729,0.9537067430515995
3035,0.21223948198728693,0.11689897342245056,0.9537067430515995
3036,0.21223948196331954,0.11689897387106729,0.9537067430523766
3037,0.21223948198669512,0.116898973422386,0.9537067430515995
3038,0.21223948196391135,0.11689897387113185,0.9537067430515995
3039,0.2122394819875828,0.116898973422386,0.9537067430515995
3040,0.21223948196331954,0.11689897387113185,0.9537067430523766
3041,0.21223948198699102,0.116898973422386,0.9537067430515995
3042,0.21223948196391135,0.11689897387113185,0.9537067430515995
3043,0.21223948198669512,0.116898973422386,0.9537067430515995
3044,0.21223948196391135,0.11689897387113185,0.9537067430523766
3045,0.21223948198699102,0.116898973422386,0.9537067430515995
3046,0.21223948196391135,0.11689897387100275,0.9537067430515995
3047,0.26903805011011817,0.09261305142824035,1.0062799018007613
3048,0.21629652256057794,-0.015632772407467185,0.6157364368073206
3049,0.21629652253749823,-0.015632772856083922,0.6157364368073206
3050,0.21629652256028203,-0.015632772407467185,0.6157364368073206
3051,0.21629652256057794,-0.015632772407467185,0.6157364368073206
3052,0.21629652256057794,-0.01563277240740263,0.6157364368073206
3053,0.21629652253749823,-0.015632772856083922,0.6157364368073206
3054,0.2162965225608738,-0.01563277240740263,0.6157364368073206
3055,0.12865432714235342,0.1832678745655194,0.1808649187431615
3056,0.12865432711986552,0.18326787501426528,0.1808649187423845
3057,0.1286543271429452,0.1832678745655194,0.1808649187431615
3058,0.1286543271429452,0.18326787456564853,0.1808649187423845
3059,0.128654327143537,0.18326787501426528,0.1808649187431615
3060,0.12865432711956962,0.1832678745655194,0.1808649187423845
3061,0.1286543271429452,0.18326787456564853,0.1808649187431615
3062,0.12865432714235342,0.18326787501413616,0.1808649187423845
3063,0.12865432712016142,0.18326787456564853,0.1808649187431615
3064,0.1286543271429452,0.1832678745655194,0.1808649187431615
3065,0.19611250853083181,0.07007238459339375,0.0338403719054598
3066,0.11081346746120153,0.3181251851293708,-0.01889669380750623
3067,0.11081346748398532,0.31812518557805214,-0.01889669380750623
3068,0.11081346746120153,0.3181251851293708,-0.01889669380750623
3069,0.11081346746120153,0.3181251851293708,-0.01889669380750623
3070,0.11081346746090563,0.3181251851293708,-0.01889669380750623
3071,0.11081346748457711,0.3181251855779876,-0.01889669380750623
3072,0.11081346746120153,0.3181251851293708,-0.01889669380750623
3073,-0.13531366105804796,0.5346168336978258,-0.01889669380750623
3074,-0.13531366105775205,0.5346168336978903,-0.01889669380750623
3075,-0.13531366105775205,0.5346168332492736,-0.01889669380750623
3076,-0.13531366108142354,0.5346168336978903,-0.01889669380750623
3077,-0.13531366105716028,0.5346168336978258,-0.01889669380750623
3078,-0.13531366105804796,0.5346168336978903,-0.01889669380750623
3079,0.48659685121206314,-0.05735251754822903,0.45097591251317637
3080,0.486596851212359,-0.05735251709948318,0.45097591251317637
3081,0.486596851212359,-0.05735251709954774,0.4509759125123994
3082,0.486596851212359,-0.05735251754822903,0.45097591251317637
3083,0.48659685118898344,-0.05735251754822903,0.45097591251317637
3084,0.486596851212359,-0.05735251709948318,0.4509759125123994
3085,0.4865968512117672,-0.05735251709954774,0.45097591251317637
3086,0.486596851212359,-0.05735251754816447,0.45097591251317637
3087,0.6909702704383848,0.02946965415333804,1.0062799018015385
3088,0.6909702704383848,0.02946965415333804,1.0062799018007613
3089,0.47594711968912473,-0.37853383696549836,0.32282883806165735
3090,0.4759471196894206,-0.37853383696549836,0.32282883806243434
3091,0.47594711968912473,-0.3785338369654338,0.32282883806165735
3092,0.47594711968912473,-0.3785338369655629,0.32282883806243434
3093,0.47594711968912473,-0.37853383696549836,0.32282883806165735
3094,0.47594711968912473,-0.37853383696549836,0.32282883806165735
3095,0.4759471196654533,-0.37853383696536924,0.32282883806243434
3096,0.4759471196894206,-0.37853383696549836,0.32282883806165735
3097,0.4759471196894206,-0.37853383696549836,0.32282883806165735
3098,0.4759471196885329,-0.37853383696549836,0.32282883806243434
3099,0.47594711968912473,-0.3785338369654338,0.32282883806165735
3100,0.4759471196894206,-0.37853383696549836,0.32282883806243434
3101,0.47594711968912473,-0.37853383696549836,0.32282883806165735
3102,0.3217795776365787,-0.6335360190269254,0.15196607212707552
3103,0.32177957763687465,-0.6335360185781794,0.15196607212707552
3104,0.32177957763687465,-0.6335360190269899,0.15196607212785254
3105,0.3217795776365787,-0.6335360190269254,0.15196607212707552
3106,0.32177957763687465,-0.6335360185781794,0.15196607212707552
3107,0.3217795776365787,-0.6335360190269899,0.15196607212707552
3108,0.12012079585786663,-0.69482225750555,-0.6822462556719537
3109,0.12012079585786663,-0.6948222575056147,-0.6822462556719537
3110,0.12012079585727484,-0.6948222579541022,-0.6822462556711767
3111,0.12012079585786663,-0.6948222575056792,-0.6822462556719537
3112,0.1201207958812422,-0.69482225750555,-0.6822462556719537
3113,0.12012079585757073,-0.69482225750555,-0.6822462556719537
3114,0.12012079585786663,-0.69482225750555,-0.6822462556711767
3115,0.12012079585757073,-0.6948222575056147,-0.6822462556719537
3116,0.12012079585757073,-0.6948222579542314,-0.6822462556719537
3117,0.12012079585786663,-0.69482225750555,-0.6822462556719537
3118,0.12012079585786663,-0.69482225750555,-0.6822462556711767
3119,0.12012079585757073,-0.69482225750555,-0.6822462556719537
3120,0.1201207958809463,-0.69482225750555,-0.6822462556719537
3121,0.12012079585816252,-0.6948222575056147,-0.6822462556719537
3122,0.12012079585757073,-0.6948222579542314,-0.6822462556711767
3123,0.12012079585786663,-0.69482225750555,-0.6822462556719537
3124,0.12012079585727484,-0.69482225750555,-0.6822462556719537
3125,-0.1291604828509624,-0.5988071502566009,0.6816406465246675
3126,-0.1291604828503706,-0.5988071502565364,0.6816406465254445
3127,-0.1291604828503706,-0.5988071502565364,0.6816406465246675
3128,-0.1291604828506665,-0.5988071507052822,0.6816406465246675
3129,-0.12916048282729092,-0.5988071502564718,0.6816406465254445
3130,-0.1291604828506665,-0.5988071502566009,0.6816406465246675
3131,-0.1291604828506665,-0.5988071502566009,0.6816406465246675
3132,-0.1291604828506665,-0.5988071502566009,0.6816406465246675
3133,-0.1291604828503706,-0.5988071502564718,0.6816406465254445
3134,-0.12916048285125828,-0.5988071507053468,0.6816406465246675
3135,-0.1291604828506665,-0.5988071502564718,0.6816406465246675
3136,-0.1291604828503706,-0.5988071502566009,0.6816406465254445
3137,-0.1291604828503706,-0.5988071502564718,0.6816406465246675
3138,-0.1291604828503706,-0.5988071502566009,0.6816406465246675
3139,-0.12916048285155418,-0.5988071502565364,0.6816406465246675
3140,-0.12916048282699502,-0.5988071502566009,0.6816406465254445
3141,-0.1291604828503706,-0.5988071507052177,0.6816406465246675
3142,-0.1291604828503706,-0.5988071502566009,0.6816406465246675
3143,-0.1291604828509624,-0.5988071502564718,0.6816406465254445
3144,-0.1291604828509624,-0.5988071502566009,0.6816406465246675
3145,-0.2583772253406044,-0.412534128116441,0.32282883806243434
3146,-0.25837722531693297,-0.41253412766769515,0.32282883806165735
3147,-0.2583772253406044,-0.412534128116441,0.32282883806243434
3148,-0.05795942065590219,-0.6398503583953736,0.39117394443549003
3149,-0.05795942067927777,-0.6398503588441196,0.391173944436267
3150,-0.057959420656493975,-0.6398503583955027,0.39117394443549003
3151,-0.05795942067957366,-0.6398503588441196,0.391173944436267
3152,-0.05795942065590219,-0.6398503583954382,0.39117394443549003
3153,-0.19508739227612595,-0.6398503588441841,0.1861386253139919
3154,-0.19508739227642183,-0.6398503583954382,0.18613862531476888
3155,-0.19508739227612595,-0.6398503588439904,0.1861386253139919
3156,-0.19508739227612595,-0.6398503583956319,0.1861386253139919
3157,-0.19508739227612595,-0.6398503588439904,0.1861386253139919
3158,-0.19508739227612595,-0.6398503588441841,0.18613862531476888
3159,-0.19508739227612595,-0.6398503583954382,0.1861386253139919
3160,-0.19508739227642183,-0.6398503588441841,0.1861386253139919
3161,-0.19508739227612595,-0.6398503583953736,0.1861386253139919
3162,-0.19508739227612595,-0.6398503588442487,0.18613862531476888
3163,-0.19508739227612595,-0.6398503588439904,0.1861386253139919
3164,-0.19508739227612595,-0.6398503583955027,0.1861386253139919
3165,-0.19508739227583005,-0.6398503588441196,0.1861386253139919
3166,-0.19508739227671773,-0.6398503583955027,0.18613862531476888
3167,-0.19508739227612595,-0.6398503588441196,0.1861386253139919
3168,-0.23728061431102385,-0.6356407986669768,0.14057522106477008
3169,-0.23728061431161562,-0.6356407991153998,0.14057522106477008
3170,-0.23728061431102385,-0.6356407986668476,0.14057522106477008
3171,-0.23728061431161562,-0.6356407986669123,0.14057522106554707
3172,-0.23728061431102385,-0.635640799115529,0.14057522106477008
3173,-0.23728061431102385,-0.6356407986668476,0.14057522106477008
3174,-0.23728061431161562,-0.6356407986669123,0.14057522106477008
3175,-0.23728061428764827,-0.635640799115529,0.14057522106477008
3176,-0.23728061431161562,-0.6356407986669123,0.14057522106477008
3177,-0.23728061431102385,-0.6356407986668476,0.14057522106477008
3178,-0.23728061431161562,-0.635640799115529,0.14057522106477008
3179,-0.23728061431131975,-0.6356407986669123,0.14057522106554707
3180,-0.23728061431131975,-0.6356407986668476,0.14057522106477008
3181,-0.23728061431131975,-0.635640799115529,0.14057522106477008
3182,-0.23728061431102385,-0.6356407986669123,0.14057522106477008
3183,-0.3550700258251631,-0.5809165212978078,-0.01889669380750623
3184,-0.3550700258251631,-0.5809165208493201,-0.01889669380750623
3185,-0.35507002580149166,-0.580916520849191,-0.01889669380750623
3186,-0.3550700258251631,-0.5809165212978723,-0.01889669380750623
3187,-0.3550700258251631,-0.5809165212979369,-0.01889669380750623
3188,-0.355070025825459,-0.5809165208492556,-0.01889669380750623
3189,-0.6011971543435249,-0.6019643199407606,0.15196607212785254
3190,-0.6011971543674923,-0.6019643203895064,0.15196607212707552
3191,-0.3638602804169011,-0.6019643199408251,0.5506458593085434
3192,-0.36386028039322965,-0.601964320389571,0.5506458593077663
3193,-0.3638602804169011,-0.6019643199407606,0.5506458593085434
3194,-0.305567013133153,-0.3327740469231686,-0.1268100196610081
3195,-0.305567013133153,-0.332774046923104,-0.1268100196610081
3196,-0.3055670131103692,-0.3327740469231686,-0.1268100196610081
3197,-0.3055670131337448,-0.3327740469231686,-0.1268100196610081
3198,-0.3055670131337448,-0.3327740469231686,-0.1268100196610081
3199,-0.305567013133153,-0.332774046923104,-0.1268100196610081
3200,-0.3055670131337448,-0.3327740469231686,-0.1268100196610081
3201,-0.3055670131097774,-0.332774046923104,-0.1268100196610081
3202,-0.3055670131337448,-0.3327740469231686,-0.1268100196610081
3203,-0.305567013133153,-0.332774046923104,-0.1268100196617851
3204,-0.3055670131337448,-0.3327740469231686,-0.1268100196610081
3205,-0.3055670131097774,-0.332774046923104,-0.1268100196610081
3206,-0.3055670131337448,-0.3327740469231686,-0.1268100196610081
3207,-0.305567013133153,-0.3327740469231686,-0.1268100196610081
3208,-0.3055670131337448,-0.332774046923104,-0.1268100196610081
3209,-0.3055670131337448,-0.332774046923104,-0.1268100196610081
3210,-0.3055670131097774,-0.33277404692323315,-0.1268100196610081
3211,-0.3055670131337448,-0.332774046923104,-0.1268100196610081
3212,-0.305567013133153,-0.3327740469231686,-0.1268100196610081
3213,0.12399884935990452,-0.1441746888011148,0.40826022102933673
3214,0.1239988493604963,-0.1441746888009857,0.40826022102933673
3215,0.12399884933682483,-0.14417468880105025,0.40826022102933673
3216,0.12399884935990452,-0.1441746888011148,0.40826022102933673
3217,0.11081346746120153,-0.1509400529870518,0.02992123931677099
3218,0.11081346748457711,-0.15094005253843504,0.02992123931677099
3219,0.11081346746090563,-0.15094005298711635,0.02992123931677099
3220,0.11081346748457711,-0.15094005253843504,0.02992123931677099
3221,0.11081346746120153,-0.15094005298711635,0.02992123931677099
3222,0.11081346748398532,-0.15094005253843504,0.02992123931677099
3223,0.11081346746120153,-0.1509400529870518,0.02992123931677099
3224,0.23890003436439572,-0.6335360190268607,-0.5558939581737787
3225,0.23890003434072427,-0.6335360185783085,-0.5558939581737787
3226,0.23890003436439572,-0.6335360190269254,-0.5558939581737787
3227,0.23890003436409984,-0.6335360190268607,-0.5558939581737787
3228,0.23890003436469162,-0.6335360190269254,-0.5558939581737787
3229,0.23890003434042836,-0.633536018578244,-0.5558939581737787
3230,0.23890003436469162,-0.6335360190269254,-0.5558939581745557
3231,0.23890003436439572,-0.6335360190269254,-0.5558939581737787
3232,0.23890003434072427,-0.633536018578244,-0.5558939581737787
3233,0.23890003436439572,-0.6335360190268607,-0.5558939581737787
3234,0.23890003436409984,-0.6335360190269899,-0.5558939581737787
3235,0.23890003436469162,-0.6335360190268607,-0.5558939581737787
3236,0.23890003434102014,-0.633536018578244,-0.5558939581737787
3237,0.23890003436409984,-0.6335360190269254,-0.5558939581737787
3238,0.18992575878595575,-0.1441746888011148,-0.13280520443056076
3239,0.18992575878565984,-0.14417468880105025,-0.13280520443056076
3240,0.18992575878536397,-0.14417468880105025,-0.13280520443056076
3241,0.18992575878565984,-0.1441746888011148,-0.13280520443133775
3242,0.18992575878565984,-0.14417468880105025,-0.13280520443056076
3243,0.18992575876258017,-0.1441746888011148,-0.13280520443056076
3244,0.18992575878565984,-0.14417468880105025,-0.13280520443056076
3245,0.18992575878625165,-0.1441746888011148,-0.13280520443056076
3246,0.18992575878536397,-0.14417468880105025,-0.13280520443133775
3247,0.18992575878565984,-0.1441746888011148,-0.13280520443056076
3248,0.18992575878565984,-0.14417468880105025,-0.13280520443056076
3249,0.18992575878565984,-0.1441746888011148,-0.13280520443056076
3250,0.05807193993444508,0.008421855061833055,-0.01889669380750623
3251,0.058071939911661284,0.008421854613022643,-0.01889669380750623
3252,0.05807193993444508,0.008421855061703938,-0.01889669380750623
3253,0.05807193991195718,-0.0021020444840162767,-0.01889669380750623
3254,0.058071939934149185,-0.0021020444840808353,-0.01889669380750623
3255,-0.023403735012624827,0.08107145004969049,-0.01889669380750623
3256,-0.02340373501232893,0.08107144960081553,-0.01889669380750623
3257,-0.02340373498954514,0.08107145004962595,-0.01889669380750623
3258,0.005715794065177697,0.07194265639952563,-0.01889669380750623
3259,0.0651054719324116,0.05332435656486408,-0.01889669380750623
3260,0.06510547193152393,0.053324357013609935,-0.01889669380750623
3261,0.0691702753341048,0.03705544939181914,-0.01889669380750623
3262,0.07106559418612632,0.02946965415333804,-0.01889669380750623
3263,0.0710618398588844,0.02946965415333804,-0.01889669380750623
3264,0.0710519420272674,0.02946965415333804,-0.01889669380750623
3265,0.07106108897491309,0.02946965415333804,-0.01889669380750623
3266,0.07106559420920601,0.02946965415333804,-0.01889669380750623
3267,0.05220847619967024,0.044494954730932325,0.0014321491876036982
3268,-0.0006344742438879261,0.0866000748428264,0.05839928716291598
3269,-0.0006344742432961393,0.08660007484289096,0.05839928716291598
3270,-0.0006344742435920327,0.0866000748428264,0.058399287162138984
3271,-0.00063447421992056,0.08660007439420966,0.05839928716291598
3272,-0.0006344742438879261,0.08660007484276185,0.05839928716291598
3273,-0.0006344742438879261,0.08660007484295552,0.05839928716291598
3274,-0.0006344742435920327,0.0866000748428264,0.05839928716291598
3275,-0.0006344742438879261,0.08660007484276185,0.058399287162138984
3276,-0.002115809756223177,0.03864827697196008,0.003438098542776727
3277,-0.004153085938080091,-0.027299682062069165,-0.07214985445417436
3278,-0.004153085914408618,-0.027299682510750458,-0.07214985445417436
3279,-0.004153085938671878,-0.027299682062004605,-0.07214985445417436
3280,-0.0041530859383759845,-0.027299682062069165,-0.07214985445417436
3281,-0.004153085938671878,-0.027299682062069165,-0.07214985445417436
3282,-0.004153085914704512,-0.027299682510621343,-0.07214985445417436
3283,-0.0041530859377841975,-0.027299682062069165,-0.07214985445417436
3284,-0.004153085938671878,-0.027299682062004605,-0.07214985445417436
3285,-0.0041530859383759845,-0.0272996825106859,-0.07214985445417436
3286,-0.004153085914704512,-0.027299682062069165,-0.07214985445417436
3287,-0.004153085938080091,-0.027299682062004605,-0.07214985445417436
3288,-0.0041530859383759845,-0.027299682062069165,-0.07214985445417436
3289,-0.004153085938080091,-0.027299682510750458,-0.07214985445417436
3290,-0.004153085915000405,-0.027299682062069165,-0.07214985445417436
3291,-0.004153085938671878,-0.027299682062004605,-0.07214985445417436
3292,-0.004153085938080091,-0.0272996825106859,-0.07214985445417436
3293,-0.0041530859383759845,-0.027299682062069165,-0.07214985445417436
3294,-0.004153085914704512,-0.027299682062004605,-0.07214985445417436
3295,-0.0041530859383759845,-0.027299682062069165,-0.07214985445417436
3296,-0.004153085938671878,-0.027299682510750458,-0.07214985445417436
3297,-0.0041530859377841975,-0.027299682061940046,-0.07214985445417436
3298,-0.004153085915296299,-0.027299682062069165,-0.07214985445417436
3299,-0.004153085938080091,-0.0272996825106859,-0.07214985445339736
3300,-0.0041530859377841975,-0.027299682062004605,-0.07214985445417436
3301,-0.004153085938671878,-0.027299682062069165,-0.07214985445417436
3302,-0.004153085914704512,-0.027299682062004605,-0.07214985445417436
3303,-0.0041530859383759845,-0.027299682510750458,-0.07214985445417436
3304,-0.004153085938080091,-0.027299682062069165,-0.07214985445417436
3305,-0.0041530859383759845,-0.027299682062069165,-0.07214985445417436
3306,-0.004153085914704512,-0.027299682510621343,-0.07214985445417436
3307,-0.004153085938671878,-0.027299682062069165,-0.07214985445417436
3308,-0.0041530859383759845,-0.027299682062004605,-0.07214985445417436
3309,-0.004153085938080091,-0.0272996825106859,-0.07214985445417436
3310,-0.004153085915000405,-0.027299682062069165,-0.07214985445417436
3311,-0.004153085938080091,-0.027299682062004605,-0.07214985445417436
3312,-0.004153085938080091,-0.027299682062069165,-0.07214985445417436
3313,-0.004153085938671878,-0.027299682510750458,-0.07214985445417436
3314,-0.004153085914408618,-0.027299682062069165,-0.07214985445417436
3315,-0.0041530859383759845,-0.027299682062004605,-0.07214985445417436
3316,-0.004153085938671878,-0.0272996825106859,-0.07214985445417436
3317,-0.004153085938080091,-0.027299682062069165,-0.07214985445417436
3318,-0.004153085915000405,-0.027299682062004605,-0.07214985445417436
3319,-0.004153085938671878,-0.027299682062069165,-0.07214985445417436
3320,-0.0041530859377841975,-0.0272996825106859,-0.07214985445417436
3321,-0.004153085938671878,-0.027299682062004605,-0.07214985445417436
3322,-0.004153085914704512,-0.027299682062069165,-0.07214985445417436
3323,-0.0041530859383759845,-0.027299682510750458,-0.07214985445339736
3324,-0.004153085938080091,-0.027299682062069165,-0.07214985445417436
3325,-0.004153085938080091,-0.027299682062004605,-0.07214985445417436
3326,-0.004153085915000405,-0.027299682062069165,-0.07214985445417436
3327,-0.004153085938080091,-0.0272996825106859,-0.07214985445417436
3328,-0.004153085938671878,-0.027299682062004605,-0.07214985445417436
3329,-0.0041530859383759845,-0.027299682062069165,-0.07214985445417436
3330,-0.004153085914704512,-0.027299682510621343,-0.07214985445417436
3331,-0.0041530859383759845,-0.027299682062069165,-0.07214985445417436
3332,-0.004153085938080091,-0.027299682062069165,-0.07214985445417436
3333,-0.0041530859383759845,-0.027299682062004605,-0.07214985445417436
3334,-0.004153085915296299,-0.0272996825106859,-0.07214985445417436
3335,-0.004153085938080091,-0.027299682062004605,-0.07214985445417436
3336,-0.0041530859377841975,-0.027299682062069165,-0.07214985445417436
3337,-0.004153085938080091,-0.0272996825106859,-0.07214985445417436
3338,-0.004153085915296299,-0.027299682062133724,-0.07214985445417436
3339,-0.0041530859383759845,-0.027299682062004605,-0.07214985445417436
3340,-0.004153085938080091,-0.027299682062069165,-0.07214985445417436
3341,-0.0041530859383759845,-0.0272996825106859,-0.07214985445417436
3342,-0.004153085914704512,-0.027299682062004605,-0.07214985445417436
3343,-0.004153085938671878,-0.027299682062069165,-0.07214985445417436
3344,-0.0041530859383759845,-0.0272996825106859,-0.07214985445417436
3345,-0.004153085938080091,-0.027299682062004605,-0.07214985445417436
3346,-0.004153085915000405,-0.027299682062069165,-0.07214985445417436
3347,-0.004153085938080091,-0.027299682510750458,-0.07214985445339736
3348,-0.0041530859383759845,-0.027299682062069165,-0.07214985445417436
3349,-0.004153085938080091,-0.027299682062004605,-0.07214985445417436
3350,-0.004153085914704512,-0.027299682062069165,-0.07214985445417436
3351,-0.0041530859383759845,-0.0272996825106859,-0.07214985445417436
3352,-0.004153085938080091,-0.027299682062004605,-0.07214985445417436
3353,-0.004153085938671878,-0.027299682062069165,-0.07214985445417436
3354,-0.004153085915000405,-0.027299682510621343,-0.07214985445417436
3355,-0.004153085938080091,-0.027299682062069165,-0.07214985445417436
3356,-0.004153085938671878,-0.027299682062069165,-0.07214985445417436
3357,-0.0041530859383759845,-0.027299682062004605,-0.07214985445417436
3358,-0.004153085914408618,-0.027299682510750458,-0.07214985445417436
3359,-0.004153085938671878,-0.027299682062069165,-0.07214985445417436
3360,0.18553063147810306,-0.691417466528677,-0.30366797036514254
3361,0.18553063150207044,-0.6914174665289352,-0.3036679703659195
3362,0.18553063147780718,-0.6914174665288061,-0.30366797036514254
3363,0.18553063150207044,-0.6914174665288061,-0.30366797036514254
3364,0.18553063147810306,-0.6914174665289352,-0.3036679703659195
3365,0.18553063150177454,-0.6914174669774229,-0.30366797036514254
3366,0.18553063147751128,-0.6914174665288061,-0.30366797036514254
3367,0.18553063147869486,-0.6914174665288061,-0.3036679703659195
3368,0.18553063150147864,-0.6914174665288707,-0.30366797036514254
3369,0.18553063147839896,-0.6914174665288061,-0.30366797036514254
3370,0.18553063150147864,-0.6914174665288061,-0.3036679703659195
3371,0.18553063147839896,-0.6914174665288061,-0.30366797036514254
3372,0.36133572328741603,-0.6335360190269899,-0.44605360864434923
3373,0.36133572328741603,-0.6335360190267962,-0.44605360864434923
3374,0.36133572331049574,-0.6335360185783085,-0.44605360864434923
3375,0.36133572328741603,-0.6335360190269899,-0.44605360864434923
3376,0.4975846694461876,-0.42305802766209666,-0.5884392469235559
3377,0.4975846694458917,-0.42305802721354446,-0.5884392469227788
3378,0.4975846694455958,-0.4230580272134799,-0.5884392469235559
3379,0.4975846694461876,-0.42305802766229034,-0.5884392469235559
3380,0.4975846694464835,-0.42305802766209666,-0.5884392469227788
3381,0.49758466944529994,-0.42305802721354446,-0.5884392469235559
3382,0.005330412384904826,-0.6493218683456671,-0.01889669380750623
3383,0.005330412384904826,-0.649321868345538,-0.01889669380750623
3384,0.005330412384904826,-0.6493218678969858,-0.01889669380750623
3385,0.005330412384904826,-0.6493218683456671,-0.01889669380750623
3386,-0.04335407456767294,-0.42224849682429844,-0.09775643193086052
3387,-0.04335407459134442,-0.422248496824363,-0.09775643193163751
3388,-0.043354074568264726,-0.4222484963756817,-0.09775643193086052
3389,-0.04335407459104852,-0.422248496824363,-0.09775643193163751
3390,-0.04335407456796884,-0.42224849682442755,-0.09775643193086052
3391,-0.043354074568264726,-0.42224849682429844,-0.09775643193163751
3392,-0.04335407459104852,-0.42224849637574624,-0.09775643193086052
3393,-0.04335407456796884,-0.42224849682429844,-0.09775643193163751
3394,-0.04335407456767294,-0.422248496824363,-0.09775643193086052
3395,-0.04335407459134442,-0.42224849682429844,-0.09775643193163751
3396,-0.043354074568264726,-0.42224849637574624,-0.09775643193086052
3397,-0.04335407459104852,-0.42224849682429844,-0.09775643193163751
3398,-0.04335407456796884,-0.422248496824363,-0.09775643193086052
3399,0.05147924898509359,-0.18363931209783999,-0.18975945974208802
3400,0.05147924898509359,-0.18363931209777543,-0.189759459742865
3401,0.05147924898509359,-0.1836393125466504,-0.18975945974208802
3402,0.05147924898538948,-0.18363931209777543,-0.18975945974208802
3403,0.05147924898479769,-0.18363931209777543,-0.18975945974208802
3404,0.05147924898538948,-0.18363931254658583,-0.18975945974208802
3405,0.05147924898538948,-0.18363931209777543,-0.189759459742865
3406,0.05147924898479769,-0.18363931209790454,-0.18975945974208802
3407,0.005330412384904826,0.2068387478589108,-0.01889669380750623
3408,-0.13951452208332152,-0.06488101072368108,0.04509102298222313
3409,-0.15008260742912505,-0.08470605787231346,0.04975965467942122
3410,-0.15008260742882917,-0.08470605787237802,0.04975965467942122
3411,-0.15008260742882917,-0.08470605787231346,0.04975965468019822
3412,-0.15008260742942095,-0.08470605787231346,0.04975965467942122
3413,-0.15008260742882917,-0.08470605742369673,0.04975965467942122
3414,-0.15008260742882917,-0.08470605787231346,0.04975965467942122
3415,-0.15008260742912505,-0.08470605787244258,0.04975965467942122
3416,-0.15008260742882917,-0.08470605787231346,0.04975965467942122
3417,-0.15008260742942095,-0.08470605787231346,0.04975965467942122
3418,-0.15008260742882917,-0.08470605787237802,0.04975965467942122
3419,-0.15008260742882917,-0.08470605742356761,0.04975965468019822
3420,-0.15008260742912505,-0.08470605787231346,0.04975965467942122
3421,-0.15008260742882917,-0.08470605787244258,0.04975965467942122
3422,-0.15008260742882917,-0.08470605787231346,0.04975965467942122
3423,-0.284747989091851,-0.4914633747098914,-0.01889669380750623
3424,-0.2847479891158184,-0.4914633742613392,-0.01889669380750623
3425,-0.28474798909214694,-0.49146337470976226,-0.01889669380750623
3426,-0.28474798909214694,-0.49146337470995594,-0.01889669380750623
3427,-0.15695121081422314,-0.6893936396585544,-0.46576854317499355
3428,-0.15695121083819052,-0.689393639658619,-0.46576854317577054
3429,-0.15695121081422314,-0.689393639658619,-0.46576854317499355
3430,-0.15695121083819052,-0.6893936401072357,-0.46576854317499355
3431,-0.15695121081422314,-0.6893936396585544,-0.46576854317577054
3432,-0.15695121081511082,-0.689393639658619,-0.46576854317499355
3433,-0.15695121083789462,-0.6893936396585544,-0.46576854317499355
3434,-0.15695121081481495,-0.6893936396585544,-0.46576854317499355
3435,-0.15695121081422314,-0.689393639658619,-0.46576854317577054
3436,-0.15695121083819052,-0.6893936401071712,-0.46576854317499355
3437,-0.15695121081422314,-0.6893936396586835,-0.46576854317499355
3438,-0.15695121083819052,-0.6893936396584899,-0.46576854317577054
3439,-0.15695121081451904,-0.6893936396586835,-0.46576854317499355
3440,-0.11070094820544245,-0.3872767688474705,-0.3606222256766698
3441,-0.11070094820633013,-0.3872767688474705,-0.3606222256774468
3442,-0.11070094820603424,-0.38727676929621635,-0.3606222256766698
3443,-0.11070094820573834,-0.3872767688475996,-0.3606222256774468
3444,-0.11070094820603424,-0.3872767688474705,-0.3606222256766698
3445,-0.36386028041660523,-1.4228284867567995,-1.3857988212857144
3446,-0.2056356977907683,-0.7913945126625719,-0.01889669380750623
3447,-0.2056356977676886,-0.7913945122140843,-0.01889669380750623
3448,-0.2056356977904724,-0.7913945126625073,-0.01889669380750623
3449,-0.35331197490255467,-0.749298914030816,-0.15558690655517166
3450,-0.353311974901667,-0.7492989144793682,-0.15558690655517166
3451,-0.35331197490196287,-0.749298914030816,-0.15558690655517166
3452,-0.35331197490225874,-0.7492989140307514,-0.15558690655594865
3453,-0.35331197490225874,-0.7492989144793682,-0.15558690655517166
3454,-0.35331197490196287,-0.7492989140306869,-0.15558690655517166
3455,-0.35331197490196287,-0.7492989140307514,-0.15558690655517166
3456,-0.3533119749256343,-0.7492989144794328,-0.15558690655517166
3457,-0.35331197490225874,-0.7492989140307514,-0.15558690655517166
3458,-0.35331197490196287,-0.7492989140307514,-0.15558690655517166
3459,-0.35331197490196287,-0.7492989144794328,-0.15558690655517166
3460,-0.35331197490225874,-0.7492989140307514,-0.15558690655594865
3461,-0.35331197490196287,-0.7492989140306869,-0.15558690655517166
3462,-0.35331197490225874,-0.7492989144793682,-0.15558690655517166
3463,-0.35331197490196287,-0.749298914030816,-0.15558690655517166
3464,-0.24079671615712844,-0.7598228135765362,-0.5314849916120286
3465,-0.24079671613404877,-0.759822814025153,-0.5314849916112516
3466,-0.24079671615742435,-0.7598228135766009,-0.5314849916120286
3467,-0.24079671613404877,-0.7598228140252176,-0.5314849916112516
3468,-0.24079671615712844,-0.7598228135764717,-0.5314849916120286
3469,-0.24079671613404877,-0.7598228140252176,-0.5314849916120286
3470,-0.24079671615683257,-0.7598228135766654,-0.5314849916112516
3471,-0.24079671613404877,-0.7598228140250884,-0.5314849916120286
3472,-0.24079671615742435,-0.7598228135765362,-0.5314849916112516
3473,-0.24079671615742435,-0.7598228135765362,-0.5314849916120286
3474,-0.24079671613434467,-0.7598228140253467,-0.5314849916120286
3475,-0.24079671615683257,-0.7598228135765362,-0.5314849916112516
3476,-0.24079671613404877,-0.7598228140250884,-0.5314849916120286
3477,-0.24079671615712844,-0.7598228135765362,-0.5314849916120286
3478,-0.24079671613404877,-0.7598228140253467,-0.5314849916112516
3479,-0.24079671615742435,-0.7598228135765362,-0.5314849916120286
3480,-0.24079671613404877,-0.7598228140250884,-0.5314849916112516
3481,-0.24079671615712844,-0.7598228135765362,-0.5314849916120286
3482,-0.39550519693686076,-0.7072033158476124,-0.33784052355205885
3483,-0.39550519693774844,-0.7072033158474833,-0.33784052355283584
3484,-0.39550519693686076,-0.7072033162961646,-0.33784052355205885
3485,-0.3955051969371567,-0.7072033158476124,-0.33784052355283584
3486,-0.39550519693745256,-0.7072033158474833,-0.33784052355205885
3487,-0.3955051969371567,-0.7072033158474833,-0.33784052355205885
3488,-0.39550519693774844,-0.7072033158476124,-0.33784052355283584
3489,-0.39550519693686076,-0.7072033162962937,-0.33784052355205885
3490,-0.3955051969371567,-0.7072033158474833,-0.33784052355283584
3491,-0.39550519693774844,-0.7072033158474833,-0.33784052355205885
3492,-0.39550519693686076,-0.7072033158474833,-0.33784052355205885
3493,-0.3955051969371567,-0.7072033158476124,-0.33784052355283584
3494,-0.3955051969371567,-0.7072033162961646,-0.33784052355205885
3495,-0.39550519693745256,-0.7072033158474833,-0.33784052355283584
3496,-0.39550519693745256,-0.7072033158476124,-0.33784052355205885
3497,-0.645148427301623,-0.526192243031599,-0.15558690655517166
3498,-0.6451484273022149,-0.5261922434801511,-0.15558690655517166
3499,-0.6451484273025108,-0.526192243031599,-0.15558690655517166
3500,-0.645148427301623,-0.5261922434802803,-0.15558690655594865
3501,-0.645148427301919,-0.526192243031599,-0.15558690655517166
3502,-0.6451484273022149,-0.5261922434802803,-0.15558690655517166
3503,-0.645148427301919,-0.526192243031599,-0.15558690655517166
3504,-0.6451484273258863,-0.5261922434802803,-0.15558690655517166
3505,-0.645148427301919,-0.5261922430314698,-0.15558690655517166
3506,-0.645148427301919,-0.5261922434802803,-0.15558690655517166
3507,-0.6451484273022149,-0.5261922430317281,-0.15558690655517166
3508,-0.645148427301919,-0.5261922434802803,-0.15558690655594865
3509,-0.645148427301919,-0.5261922430314698,-0.15558690655517166
3510,-0.6451484273025108,-0.5261922434802803,-0.15558690655517166
3511,-0.645148427301919,-0.526192243031599,-0.15558690655517166
3512,-0.6659253927003841,-0.40679381886535837,-0.8887435022025177
3513,-0.66592539270068,-0.4067938193140397,-0.8887435022025177
3514,-0.6659253927000882,-0.40679381886522925,-0.8887435022025177
3515,-0.6659253927003841,-0.40679381886535837,-0.8887435022025177
3516,-0.66592539270068,-0.4067938193140397,-0.8887435022025177
3517,-0.66592539270068,-0.40679381886522925,-0.8887435022025177
3518,-0.6659253927003841,-0.4067938193140397,-0.8887435022025177
3519,-0.66592539270068,-0.40679381886535837,-0.8887435022025177
3520,-0.6659253927000882,-0.4067938188654875,-0.8887435022025177
3521,-0.6659253927003841,-0.40679381931391057,-0.8887435022025177
3522,-0.6659253927000882,-0.40679381886535837,-0.8887435022025177
3523,-0.3462797712343128,-0.6335360190268607,-0.3606222256766698
3524,-0.3462797712334251,-0.6335360190268607,-0.3606222256774468
3525,-0.3462797712328333,-0.6335360185783085,-0.3606222256766698
3526,-0.346279771233721,-0.6335360190269899,-0.3606222256774468
3527,-0.346279771233721,-0.6335360190268607,-0.3606222256766698
3528,-0.3462797712097537,-0.6335360185781794,-0.3606222256766698
3529,-0.346279771233721,-0.6335360190269899,-0.3606222256774468
3530,-0.346279771233721,-0.6335360190268607,-0.3606222256766698
3531,-0.34627977123312925,-0.6335360190268607,-0.3606222256774468
3532,-0.346279771233721,-0.6335360190269899,-0.3606222256766698
3533,-0.3462797712334251,-0.6335360185781794,-0.3606222256774468
3534,-0.3462797712334251,-0.6335360190269899,-0.3606222256766698
3535,-0.2056356977904724,-0.6651077176643442,-0.9586419064488715
3536,-0.2056356977910642,-0.6651077176643442,-0.9586419064480945
3537,-0.2056356977673927,-0.6651077176643442,-0.9586419064488715
3538,-0.2056356977904724,-0.6651077176643442,-0.9586419064488715
3539,0.2690380500864467,-0.425162807302019,0.2544837316878246
3540,0.26903805011070997,-0.4251628073021481,0.2544837316886016
3541,0.2690380500867426,-0.42516280775095855,0.2544837316878246
3542,0.2690380501104141,-0.425162807302019,0.2544837316886016
3543,0.2690380500873344,-0.425162807302019,0.2544837316878246
3544,0.2514575409266422,-0.623012119481205,-0.47453073630050135
3545,0.2514575409041543,-0.6230121190325238,-0.47453073629972436
3546,0.251457540927234,-0.6230121194810759,-0.47453073630050135
3547,0.4404480146118744,0.04525550347207975,0.02381899767633346
3548,0.4404480146118744,0.04525550347207975,0.02381899767633346
3549,0.4404480146118744,0.04525550347195064,0.02381899767633346
3550,0.44044801458909055,0.045255503920761046,0.02381899767633346
3551,0.4404480146118744,0.04525550347207975,0.023818997675556466
3552,0.44044801461217026,0.04525550347195064,0.02381899767633346
3553,0.4404480146118744,0.04525550347207975,0.02381899767633346
3554,0.44044801461246613,0.04525550347207975,0.02381899767633346
3555,-0.0869672608154727,-0.17969284976818684,-0.2965486884512987
3556,-0.0869672608154727,-0.17969284976818684,-0.2965486884512987
3557,-0.0869672608157686,-0.17969285021686812,-0.2965486884520757
3558,-0.0869672608154727,-0.17969284976805772,-0.2965486884512987
3559,-0.0869672608154727,-0.17969284976818684,-0.2965486884512987
3560,-0.08696726081606448,-0.17969284976818684,-0.2965486884512987
3561,-0.08696726081488092,-0.17969284976818684,-0.2965486884512987
3562,-0.0869672608154727,-0.17969285021686812,-0.2965486884512987
3563,-0.08696726079239302,-0.17969284976805772,-0.2965486884520757
3564,-0.0869672608154727,-0.17969284976831595,-0.2965486884512987
3565,-0.0869672608154727,-0.1796928497679286,-0.2965486884512987
3566,-0.0869672608154727,-0.17969284976831595,-0.2965486884512987
3567,-0.0869672608154727,-0.17969284976805772,-0.2965486884512987
3568,-0.0869672608154727,-0.17969285021686812,-0.2965486884520757
3569,-0.0869672608157686,-0.17969284976818684,-0.2965486884512987
3570,-0.0869672608154727,-0.17969284976818684,-0.2965486884512987
3571,-0.28474798909214694,-0.25467563403204857,-0.7593020128581376
3572,-0.2847479891152266,-0.25467563448060077,-0.7593020128581376
3573,-0.28474798909214694,-0.25467563448060077,-0.7593020128581376
3574,-0.284747989091851,-0.25467563403204857,-0.7593020128581376
3575,-0.2847479891155225,-0.25467563403191945,-0.7593020128581376
3576,-0.2847479890924428,-0.254675634480859,-0.7593020128581376
3577,-0.5924068997520828,-0.09681714084488964,-0.8162562681696649
3578,-0.5924068997754584,-0.09681714039633747,-0.8162562681688879
3579,-0.5924068997523787,-0.09681714084488964,-0.8162562681696649
3580,-0.311118752867065,-0.19153223675721084,-0.9159262149650318
3581,-0.3111187528667691,-0.19153223675721084,-0.9159262149650318
3582,-0.311118752867065,-0.19153223720589213,-0.9159262149650318
3583,-0.311118752867065,-0.19153223675708173,-0.9159262149650318
3584,-0.3111187528901447,-0.19153223675733996,-0.9159262149642549
3585,-0.3111187528673609,-0.1915322372056339,-0.9159262149650318
3586,-0.3111187528664732,-0.19153223675733996,-0.9159262149650318
3587,-0.311118752867065,-0.19153223675708173,-0.9159262149650318
3588,-0.047411115164931315,-1.0755398008480876,-1.0440732894157738
3589,-0.047411115164931315,-1.0755398012966397,-1.0440732894157738
3590,0.2822234319860374,-0.44410582675392446,-0.2751908427097674
3591,0.28222343198633326,-0.4441058263049849,-0.2751908427089904
3592,0.2822234319860374,-0.4441058267536662,-0.2751908427097674
3593,0.28222343198633326,-0.44410582675392446,-0.2751908427097674
3594,-0.0869672608154727,-0.6808935669830859,-1.2149360553503556
3595,-0.0869672608157686,-0.6808935669829568,-1.2149360553511328
3596,-0.0869672608154727,-0.6808935669829568,-1.2149360553511328
3597,-0.0869672608157686,-0.6808935669830859,-1.2149360553503556
3598,-0.06938675163199672,-0.6651077176643442,-1.1010275447273012
3599,-0.06938675163258849,-0.6651077176643442,-1.1010275447273012
