time,dx,dy,dz
0,-1.1143512488288758,0.9803349331112203,0.5841483624325826
1,-1.1143512487827165,0.9803349331112203,0.5841483624327769
2,-1.1143512487827165,0.9803349335599661,0.5841483624327769
3,-1.1143512487821248,0.9803349331112203,0.5841483624327769
4,-1.1143512487827165,0.9803349331112203,0.5841483624327769
5,-1.1143512487827165,0.9803349331113494,0.5841483624327769
6,-1.11435124882858,0.9803349331112203,0.5841483624325826
7,-1.1143512487830125,0.9803349331112848,0.5841483624327769
8,-1.1143512487821248,0.9803349331111557,0.5841483624327769
9,-1.1143512487824208,0.9803349331113494,0.5841483624327769
10,-1.1143512487827165,0.9803349335599016,0.5841483624327769
11,-1.1143512487824208,0.9803349331112848,0.5841483624327769
12,-1.1143512488294678,0.9803349331111557,0.5841483624325826
13,-1.1143512487818288,0.9803349331112848,0.5841483624327769
14,-1.1143512487830125,0.9803349331112848,0.5841483624327769
15,-1.4669581807785057,0.9766206155189234,0.8354171358661796
16,-1.4669581807320504,0.9766206159676692,0.8354171358661796
17,-1.4669581807317547,0.9766206155189234,0.8354171358661796
18,-1.4669581807788017,0.9766206159674756,0.8354171358661796
19,-1.4669581807790975,0.9766206155189234,0.8354171358661796
20,-1.4669581807317547,0.976620615518988,0.8354171358661796
21,-1.4669581807314587,0.9766206159676047,0.8354171358661796
22,-1.4669581807785057,0.976620615518988,0.8354171358661796
23,0.4785660315821424,1.1029074105171512,-0.01889669380750623
24,2.318926773036701,1.1660508077920535,2.7149075611483275
25,1.6879459474096117,0.09261305187692165,0.6645543699314036
26,1.530200741025327,-0.7913945126626364,-0.01889669380750623
27,1.2672920636408596,-0.8545379099375388,0.3228288380620458
28,0.6626021057752076,-0.41253412766769515,-0.18975945974228225
29,0.6626021057281605,-0.41253412811637646,-0.18975945974228225
30,1.174500765779639,-0.44224866795758233,0.5841483624327769
31,1.1745007657328879,-0.4422486679576469,0.5841483624327769
32,1.1745007657790472,-0.4422486675089656,0.5841483624325826
33,1.174500765779639,-0.44224866795758233,0.5841483624327769
34,1.174500765779639,-0.4422486679576469,0.5841483624327769
35,1.1745007657328879,-0.4422486679576469,0.5841483624327769
36,1.174500765779639,-0.4422486675089656,0.5841483624327769
37,1.1745007657790472,-0.4422486679576469,0.5841483624327769
38,1.1745007657322961,-0.44224866795758233,0.5841483624325826
39,1.1745007657802307,-0.4422486679576469,0.5841483624327769
40,1.174500765779639,-0.44224866750903014,0.5841483624327769
41,1.1745007657322961,-0.4422486679576469,0.5841483624327769
42,1.174500765779639,-0.44224866795758233,0.5841483624327769
43,1.174500765779639,-0.4422486679576469,0.5841483624327769
44,1.174500765779639,-0.4422486675089656,0.5841483624325826
45,1.1745007657322961,-0.4422486679576469,0.5841483624327769
46,1.174500765779639,-0.4422486679576469,0.5841483624327769
47,1.2725502372029116,-0.3178190317555031,0.6645543699314036
48,1.2725502372029116,-0.3178190317554385,0.6645543699314036
49,1.2725502372029116,-0.3178190317555031,0.6645543699315979
50,1.2725502372029116,-0.3178190317555031,0.6645543699314036
51,1.2725502371567523,-0.3178190317555031,0.6645543699314036
52,1.2725502372029116,-0.3178190317554385,0.6645543699314036
53,1.2725502372029116,-0.3178190317555031,0.6645543699314036
54,1.2725502372029116,-0.3178190317555031,0.6645543699315979
55,1.2725502372029116,-0.3178190317554385,0.6645543699314036
56,1.2725502372029116,-0.3178190317555031,0.6645543699314036
57,1.4475722995353704,-0.18702199396656466,0.4692826374346832
58,1.4475722995347786,-0.18702199441511683,0.46928263743448895
59,1.4475722995347786,-0.18702199396656466,0.4692826374346832
60,1.4475722995818256,-0.1870219944151814,0.46928263743448895
61,1.4475722995347786,-0.1870219939665001,0.4692826374346832
62,1.4475722995353704,-0.1870219944151814,0.46928263743448895
63,1.4475722995350744,-0.1870219939665001,0.4692826374346832
64,1.1806868522785496,-0.19338939555335927,0.5841483624327769
65,1.180686852325301,-0.19338939555335927,0.5841483624327769
66,1.1806868522791414,-0.1933893955532947,0.5841483624325826
67,1.1806868522779579,-0.19338939555335927,0.5841483624327769
68,1.1806868522791414,-0.19338939600204055,0.5841483624327769
69,1.1806868523255967,-0.19338939555335927,0.5841483624327769
70,1.1806868522791414,-0.19338939555335927,0.5841483624327769
71,1.1806868522779579,-0.1933893955532947,0.5841483624327769
72,1.1806868523258927,-0.19338939555335927,0.5841483624325826
73,1.1806868522788456,-0.19338939555335927,0.5841483624327769
74,1.1806868522782539,-0.19338939555335927,0.5841483624327769
75,1.1806868523255967,-0.19338939555335927,0.5841483624327769
76,1.1806868522785496,-0.193389396001976,0.5841483624327769
77,1.1806868522785496,-0.19338939555335927,0.5841483624327769
78,1.1806868522791414,-0.19338939555342383,0.5841483624325826
79,1.180686852325301,-0.19338939555335927,0.5841483624327769
80,1.1806868522785496,-0.1933893955532947,0.5841483624327769
81,1.4320481681073869,0.18522336770038095,0.7101177741806254
82,1.432048168153842,0.1852233681491268,0.7101177741808197
83,1.432048168107091,0.18522336770038095,0.7101177741806254
84,1.4320481681073869,0.1852233677004455,0.7101177741808197
85,1.432048168153842,0.18522336770038095,0.7101177741806254
86,1.432048168107091,0.1852233681491268,0.7101177741806254
87,1.4320481681076827,0.1852233677004455,0.7101177741808197
88,1.432048168154138,0.18522336770038095,0.7101177741806254
89,1.4320481681064992,0.1852233677004455,0.7101177741808197
90,1.4320481681076827,0.18522336814906223,0.7101177741806254
91,1.432048168153842,0.1852233677004455,0.7101177741806254
92,1.4320481681073869,0.1852233677004455,0.7101177741808197
93,1.4320481681064992,0.18522336770038095,0.7101177741806254
94,1.432048168154434,0.18522336814906223,0.7101177741808197
95,1.432048168107091,0.1852233677004455,0.7101177741806254
96,1.1714077224832844,0.25232870385997075,0.5439453586834635
97,1.1714077225297397,0.2523287038600353,0.5439453586832692
98,1.1714077224832844,0.25232870386009987,0.5439453586834635
99,1.1714077224829886,0.2523287038600353,0.5439453586834635
100,1.1714077225300357,0.25232870430865206,0.5439453586832692
101,1.1714077224829886,0.25232870386009987,0.5439453586834635
102,1.1714077224832844,0.25232870385997075,0.5439453586834635
103,1.1714077225297397,0.2523287038600353,0.5439453586832692
104,1.1714077224838764,0.2523287038600353,0.5439453586834635
105,1.171407722529148,0.2523287038600353,0.5439453586832692
106,1.1714077224838764,0.25232870385997075,0.5439453586834635
107,1.1714077224829886,0.25232870386009987,0.5439453586834635
108,1.1714077225297397,0.25232870430865206,0.5439453586832692
109,1.1714077224832844,0.2523287038600353,0.5439453586834635
110,1.1714077224829886,0.2523287038600353,0.5439453586834635
111,1.1714077225300357,0.25232870385997075,0.5439453586832692
112,1.1714077224829886,0.2523287038600353,0.5439453586834635
113,1.1719876681098764,0.24257862040451605,0.6218386784477582
114,1.1719876681101722,0.2425786204045806,0.6218386784477582
115,1.1719876681098764,0.24257862085313278,0.6218386784477582
116,1.1719876681104682,0.24257862040451605,0.6218386784477582
117,1.1719876681101722,0.24257862040451605,0.6218386784477582
118,1.1719876681092847,0.24257862040451605,0.6218386784477582
119,1.1719876681104682,0.24257862040451605,0.6218386784477582
120,1.1719876681569235,0.2425786204044515,0.6218386784477582
121,1.1719876681098764,0.2425786208532619,0.6218386784477582
122,1.1719876681098764,0.24257862040451605,0.6218386784477582
123,1.1719876681101722,0.24257862040451605,0.6218386784477582
124,1.1719876681098764,0.2425786204044515,0.6218386784477582
125,1.1719876681104682,0.2425786204045806,0.6218386784477582
126,1.1719876681095804,0.24257862085313278,0.6218386784477582
127,1.1719876681098764,0.24257862040451605,0.6218386784477582
128,1.1719876681095804,0.24257862040451605,0.6218386784477582
129,1.1898031903345034,0.13581642862901994,0.7005254785493022
130,1.1898031903345034,0.1358164290776367,0.7005254785493022
131,1.18980319033332,0.13581642862901994,0.7005254785493022
132,1.1898031903345034,0.13581642862901994,0.7005254785493022
133,1.1898031902874564,0.1358164290776367,0.7005254785491081
134,1.1898031903342075,0.13581642862901994,0.7005254785493022
135,1.1898031903336157,0.1358164290776367,0.7005254785493022
136,1.1898031903345034,0.13581642862901994,0.7005254785493022
137,1.1898031903339117,0.1358164286289554,0.7005254785493022
138,1.1898031903339117,0.13581642907770125,0.7005254785493022
139,1.1898031903345034,0.13581642862901994,0.7005254785493022
140,1.1898031903336157,0.1358164286289554,0.7005254785493022
141,1.1898031903345034,0.1358164290776367,0.7005254785493022
142,1.1898031903339117,0.13581642862901994,0.7005254785493022
143,1.1898031902871604,0.1358164290776367,0.7005254785491081
144,1.1898031903339117,0.13581642862901994,0.7005254785493022
145,1.1898031903345034,0.13581642862901994,0.7005254785493022
146,1.1898031903339117,0.1358164290776367,0.7005254785493022
147,1.1898031903342075,0.1358164286289554,0.7005254785493022
148,1.3765002834701052,0.10232742058477909,0.7697006874297273
149,1.3765002834704012,0.10232742013609779,0.7697006874297273
150,1.376500283470993,0.10232742058484365,0.7697006874297273
151,1.3765002834706972,0.10232742013609779,0.7697006874297273
152,1.3765002834704012,0.10232742058484365,0.7697006874297273
153,1.3765002834706972,0.10232742058477909,0.7697006874297273
154,1.3765002835168565,0.10232742013616235,0.7697006874299216
155,1.3765002834704012,0.10232742058477909,0.7697006874297273
156,1.3765002834706972,0.10232742058477909,0.7697006874297273
157,1.3765002834701052,0.10232742013609779,0.7697006874297273
158,1.3765002834706972,0.10232742058484365,0.7697006874297273
159,1.3765002834704012,0.10232742013609779,0.7697006874297273
160,1.376500283470993,0.10232742058477909,0.7697006874297273
161,1.3631764047990262,0.18547098899290074,0.5841483624327769
162,1.3631764047993222,0.18547098899290074,0.5841483624327769
163,1.3631764047993222,0.18547098899290074,0.5841483624325826
164,1.363176404799618,0.18547098899283618,0.5841483624327769
165,1.3631764047993222,0.18547098899290074,0.5841483624327769
166,1.3631764047993222,0.18547098899290074,0.5841483624327769
167,1.3631764047993222,0.18547098899290074,0.5841483624327769
168,1.363176404799618,0.18547098899290074,0.5841483624327769
169,1.3631764048454815,0.18547098899283618,0.5841483624325826
170,1.363176404799914,0.18547098899290074,0.5841483624327769
171,1.3631764047993222,0.18547098899283618,0.5841483624327769
172,1.3631764047990262,0.1854709889929653,0.5841483624327769
173,1.3631764047993222,0.18547098899290074,0.5841483624327769
174,1.363176404799914,0.18547098899290074,0.5841483624327769
175,1.3631764047993222,0.18547098899283618,0.5841483624325826
176,1.3631764047984345,0.18547098899290074,0.5841483624327769
177,1.363176404799914,0.18547098899290074,0.5841483624327769
178,1.4907644393825787,0.12102758038124137,0.49369160399662754
179,1.490764439429034,0.12102758038130593,0.4936916039968218
180,1.4907644393834665,0.12102758038130593,0.49369160399662754
181,1.490764439381987,0.12102758038124137,0.4936916039968218
182,1.4907644393825787,0.12102758038130593,0.49369160399662754
183,1.4907644394299218,0.12102758082998723,0.49369160399662754
184,1.490764439382283,0.12102758038130593,0.4936916039968218
185,1.4907644393828747,0.12102758038130593,0.49369160399662754
186,1.490764439429034,0.12102758038124137,0.4936916039968218
187,1.4907644393828747,0.12102758038130593,0.49369160399662754
188,1.490764439382283,0.12102758038130593,0.49369160399662754
189,1.4907644394299218,0.12102758038130593,0.4936916039968218
190,1.4907644393825787,0.12102758038124137,0.49369160399662754
191,1.490764439381987,0.12102758038130593,0.4936916039968218
192,1.4907644394299218,0.12102758082998723,0.49369160399662754
193,1.490764439381987,0.12102758038130593,0.49369160399662754
194,1.4907644393831705,0.12102758038124137,0.4936916039968218
195,1.4907644393825787,0.12102758038130593,0.49369160399662754
196,1.49076443942933,0.12102758038124137,0.4936916039968218
197,1.4907644393825787,0.12102758038130593,0.49369160399662754
198,1.5196843939018148,0.1641755686088114,0.4367373486851003
199,1.5196843939021107,0.1641755686088114,0.4367373486851003
200,1.5196843939021107,0.1641755686088114,0.4367373486851003
201,1.519684393901519,0.16417556905755726,0.43673734868529457
202,1.5196843939021107,0.1641755686088114,0.4367373486851003
203,1.5196843939018148,0.16417556860874685,0.4367373486851003
204,1.519684393901519,0.1641755686088114,0.4367373486851003
205,1.5196843939488618,0.16417556860887597,0.4367373486851003
206,1.5196843939018148,0.1641755686088114,0.4367373486851003
207,1.5196843939021107,0.16417556860874685,0.4367373486851003
208,1.5196843939021107,0.1641755686088114,0.4367373486851003
209,1.519684393901519,0.16417556905755726,0.43673734868529457
210,1.5196843939018148,0.1641755686088114,0.4367373486851003
211,1.519684393901519,0.1641755686088114,0.4367373486851003
212,1.5196843939024065,0.1641755686088114,0.4367373486851003
213,1.4056650517330265,0.4847667828399489,0.5206699354600031
214,1.4056650517330265,0.48476678328856565,0.5206699354601972
215,1.4056650517336182,0.4847667828399489,0.5206699354600031
216,1.4056650517327305,0.48476678328856565,0.5206699354601972
217,1.4056650516868672,0.4847667828399489,0.5206699354600031
218,1.4056650517333225,0.4847667832886302,0.5206699354601972
219,1.4056650517327305,0.4847667828399489,0.5206699354600031
220,1.4056650517336182,0.48476678283988434,0.5206699354600031
221,1.4056650517330265,0.48476678328856565,0.5206699354601972
222,1.4056650517333225,0.48476678284001345,0.5206699354600031
223,1.4056650517327305,0.48476678328856565,0.5206699354601972
224,1.4056650517330265,0.4847667828399489,0.5206699354600031
225,1.4056650517336182,0.48476678283988434,0.5206699354600031
226,1.4056650517333225,0.4847667832886302,0.5206699354601972
227,1.4056650516868672,0.4847667828399489,0.5206699354600031
228,1.4056650517327305,0.48476678328856565,0.5206699354601972
229,1.4056650517330265,0.4847667828399489,0.5206699354600031
230,1.4056650517333225,0.4847667832886302,0.5206699354601972
231,1.4056650517336182,0.4847667828399489,0.5206699354600031
232,1.2560245489327935,0.6563933859054718,0.5181005705587661
233,1.2560245488857464,0.6563933859054718,0.5181005705587661
234,1.256024548886634,0.6563933859055363,0.5181005705589604
235,1.2560245489324975,0.6563933854567905,0.5181005705587661
236,1.2560245489327935,0.6563933859055363,0.5181005705587661
237,1.2560245488863382,0.6563933859054718,0.5181005705587661
238,1.2560245488860422,0.6563933859055363,0.5181005705589604
239,1.256024548933681,0.6563933859054718,0.5181005705587661
240,1.2560245489330892,0.6563933859055363,0.5181005705587661
241,1.2560245488860422,0.6563933859054718,0.5181005705587661
242,1.2560245488860422,0.656393385456855,0.5181005705587661
243,1.2560245489324975,0.6563933859054718,0.5181005705589604
244,1.2560245489333852,0.6563933859054718,0.5181005705587661
245,1.2560245488863382,0.6563933859056009,0.5181005705587661
246,1.3724555345948832,0.33817070824467665,0.6645543699314036
247,1.3724555345945872,0.3381707082446121,0.6645543699314036
248,1.372455534595179,0.33817070824467665,0.6645543699315979
249,1.3724555345942915,0.33817070824467665,0.6645543699314036
250,1.3724555345487237,0.3381707082446121,0.6645543699314036
251,1.372455534595179,0.33817070824467665,0.6645543699314036
252,1.3724555345945872,0.33817070824467665,0.6645543699315979
253,1.3724555345945872,0.33817070824467665,0.6645543699314036
254,1.3724555345948832,0.33817070824467665,0.6645543699314036
255,1.2672920636414513,0.15575644915163028,-0.01889669380750623
256,1.3584337384768528,-0.13470317929963185,0.6645543699314036
257,1.3584337384301015,-0.134703178850886,0.6645543699314036
258,1.3584337384774445,-0.1347031792995673,0.6645543699315979
259,1.3584337384771485,-0.1347031792995673,0.6645543699314036
260,1.3584337384765568,-0.1347031792995673,0.6645543699314036
261,1.3584337384309892,-0.13470317885101513,0.6645543699314036
262,1.358433738476261,-0.13470317929950273,0.6645543699314036
263,1.3584337384780363,-0.13470317929963185,0.6645543699315979
264,1.3584337384768528,-0.1347031792995673,0.6645543699314036
265,1.3584337384303975,-0.13470317885095057,0.6645543699314036
266,1.3584337384768528,-0.13470317929963185,0.6645543699314036
267,1.3584337384768528,-0.1347031792995673,0.6645543699314036
268,1.3584337384774445,-0.1347031792995673,0.6645543699315979
269,1.3584337384301015,-0.134703178850886,0.6645543699314036
270,1.3584337384774445,-0.1347031792995673,0.6645543699314036
271,1.4355536171477685,-0.14733185848540353,0.6645543699314036
272,1.4355536171483603,-0.1473318589339557,0.6645543699314036
273,1.4355536171948156,-0.14733185848540353,0.6645543699315979
274,1.435553617148952,-0.14733185893402026,0.6645543699314036
275,1.4355536171483603,-0.14733185848533897,0.6645543699314036
276,1.276055686244181,0.32413884233319074,0.5506458593083491
277,1.276055686197134,0.32413884188444486,0.5506458593081548
278,1.276055686244181,0.32413884233319074,0.5506458593083491
279,1.276055686243885,0.3241388423331262,0.5506458593083491
280,1.2760556861974297,0.32413884188444486,0.5506458593081548
281,1.276055686244181,0.32413884233319074,0.5506458593083491
282,1.1921752987012602,0.6022704737633742,0.7133723030556808
283,1.1921752987012602,0.6022704737633742,0.7133723030556808
284,1.1921752987006682,0.6022704737633742,0.7133723030556808
285,1.1921752986548049,0.6022704737633097,0.7133723030554866
286,1.1921752987012602,0.6022704737633742,0.7133723030556808
287,1.1921752987006682,0.6022704737634388,0.7133723030556808
288,1.1921752987012602,0.6022704737633742,0.7133723030556808
289,1.1921752987006682,0.6022704733146284,0.7133723030556808
290,1.192175298701556,0.6022704737634388,0.7133723030556808
291,1.1921752987012602,0.6022704737633742,0.7133723030556808
292,1.192175298654213,0.6022704737633742,0.7133723030554866
293,1.1921752987012602,0.6022704737633742,0.7133723030556808
294,1.1921752987006682,0.6022704737633742,0.7133723030556808
295,1.192175298701556,0.6022704737633419,0.7133723030556808
296,1.1419048483092458,0.5929030468430754,0.7697006874297273
297,1.1419048483095415,0.5929030463943296,0.7697006874297273
298,1.1419048483092458,0.5929030468431077,0.7697006874297273
299,1.1419048482630862,0.5929030463942973,0.7697006874297273
300,1.1419048483092458,0.5929030468430754,0.7697006874297273
301,1.1419048483092458,0.5929030463944264,0.7697006874297273
302,1.1419048483092458,0.5929030468430109,0.7697006874299216
303,1.1419048483098375,0.5929030463943619,0.7697006874297273
304,1.1419048483089498,0.5929030468430109,0.7697006874297273
305,1.1419048482627905,0.5929030463944264,0.7697006874297273
306,1.1419048483098375,0.5929030468430109,0.7697006874297273
307,1.1419048483092458,0.5929030463943619,0.7697006874297273
308,1.1419048483098375,0.5929030468430754,0.7697006874297273
309,1.2532702675231249,0.31151016269870546,0.6645543699314036
310,1.2532702675234209,0.31151016269873777,0.6645543699314036
311,1.2532702675237168,0.31151016269873777,0.6645543699315979
312,1.2532702675237168,0.31151016269870546,0.6645543699314036
313,1.2532702675231249,0.31151016269873777,0.6645543699314036
314,1.2532702675237168,0.31151016269870546,0.6645543699314036
315,1.253270267522829,0.31151016269873777,0.6645543699314036
316,1.2532702675710596,0.3115101626986732,0.6645543699315979
317,1.2532702675225331,0.31151016269873777,0.6645543699314036
318,1.2532702675243086,0.31151016269873777,0.6645543699314036
319,1.253270267522829,0.31151016269870546,0.6645543699314036
320,1.2532702675237168,0.31151016269873777,0.6645543699314036
321,1.2532702675231249,0.31151016269870546,0.6645543699315979
322,1.2532702675237168,0.31151016269873777,0.6645543699314036
323,1.2532702675234209,0.31151016269873777,0.6645543699314036
324,1.2614496486193216,0.36272647415062864,0.47470685222618325
325,1.2614496485725704,0.36272647370197963,0.47470685222618325
326,1.2614496486199134,0.36272647415066095,0.47470685222618325
327,1.2614496485725704,0.3627264737019474,0.47470685222618325
328,1.2614496486193216,0.3627264741507255,0.47470685222618325
329,1.261449648573162,0.3627264737019474,0.47470685222618325
330,1.2614496486196174,0.36272647415066095,0.47470685222618325
331,1.2614496485725704,0.36272647370197963,0.47470685222618325
332,1.2614496486193216,0.36272647415062864,0.47470685222618325
333,1.2614496486193216,0.36272647415066095,0.47470685222618325
334,1.2614496485722746,0.36272647370197963,0.47470685222618325
335,1.2614496486193216,0.36272647415062864,0.47470685222618325
336,1.261449648573162,0.3627264737020442,0.47470685222618325
337,1.2614496486193216,0.36272647415062864,0.47470685222618325
338,1.2614496485728663,0.36272647370197963,0.47470685222618325
339,1.2614496486193216,0.36272647415066095,0.47470685222618325
340,1.2614496485725704,0.36272647370201194,0.47470685222618325
341,1.2614496486199134,0.36272647415062864,0.47470685222618325
342,1.3560237422553025,0.25836446972322547,0.6218386784477582
343,1.3560237422553025,0.2583644701718745,0.6218386784477582
344,1.3560237422553025,0.25836446972322547,0.6218386784477582
345,1.3560237422553025,0.25836446972322547,0.6218386784477582
346,1.3560237422558943,0.2583644701718422,0.6218386784477582
347,1.3560237422550068,0.2583644697232578,0.6218386784477582
348,1.3560237422555985,0.2583644697231932,0.6218386784477582
349,1.3560237422555985,0.2583644701719068,0.6218386784477582
350,1.3560237423020538,0.2583644697231932,0.6218386784477582
351,1.3560237422555985,0.25836446972322547,0.6218386784477582
352,1.3560237422553025,0.25836446972322547,0.6218386784477582
353,1.3560237422555985,0.2583644701719068,0.6218386784477582
354,1.3560237422555985,0.2583644697231932,0.6218386784477582
355,1.3560237422553025,0.2583644697231932,0.6218386784477582
356,1.3560237422555985,0.2583644701719068,0.6218386784477582
357,1.3560237422553025,0.2583644697231932,0.6218386784477582
358,1.4828771790633202,-0.03998808293862937,0.5620367103706545
359,1.4828771791100712,-0.03998808293875848,0.5620367103704603
360,1.482877179063616,-0.03998808338731066,0.5620367103706545
361,1.4828771790633202,-0.03998808293869393,0.5620367103706545
362,1.482877179063616,-0.03998808293869393,0.5620367103706545
363,1.4828771790633202,-0.03998808293869393,0.5620367103704603
364,1.4828771791100712,-0.03998808293875848,0.5620367103706545
365,1.482877179063616,-0.03998808338731066,0.5620367103706545
366,1.482877179063616,-0.03998808293869393,0.5620367103704603
367,1.4828771791100712,-0.03998808293869393,0.5620367103706545
368,1.4828771790633202,-0.03998808293869393,0.5620367103706545
369,1.482877179063616,-0.03998808293869393,0.5620367103704603
370,1.4828771790633202,-0.03998808338737522,0.5620367103706545
371,1.482877179063616,-0.03998808293869393,0.5620367103706545
372,1.4828771791100712,-0.03998808293869393,0.5620367103704603
373,1.4828771790633202,-0.03998808293869393,0.5620367103706545
374,1.482877179063616,-0.03998808293869393,0.5620367103706545
375,1.4828771791100712,-0.03998808338737522,0.5620367103706545
376,1.4828771790633202,-0.03998808293869393,0.5620367103704603
377,1.482877179063616,-0.03998808293866165,0.5620367103706545
378,1.4632785322366988,-0.15996053811982425,0.29176288061920036
379,1.4632785321899475,-0.1599605381197597,0.2917628806193946
380,1.4632785322366988,-0.15996053811979197,0.29176288061920036
381,1.4632785322364028,-0.1599605381197274,0.2917628806193946
382,1.4632785321899475,-0.15996053811982425,0.29176288061920036
383,1.4632785322366988,-0.15996053856844097,0.2917628806193946
384,1.4632785321899475,-0.15996053811982425,0.29176288061920036
385,1.4632785322366988,-0.1599605381197274,0.2917628806193946
386,1.4632785322364028,-0.15996053811979197,0.29176288061920036
387,1.4632785321899475,-0.1599605381197597,0.2917628806193946
388,1.4632785322366988,-0.15996053811982425,0.29176288061920036
389,1.4542493453210221,0.050517453244972144,0.6645543699314036
390,1.4542493453210221,0.050517453244907584,0.6645543699314036
391,1.4542493453207261,0.050517453244972144,0.6645543699315979
392,1.4542493453213179,0.050517453244907584,0.6645543699314036
393,1.4542493453204304,0.05051745369365344,0.6645543699314036
394,1.4542493453213179,0.050517453244939864,0.6645543699314036
395,1.4542493453207261,0.050517453244939864,0.6645543699315979
396,1.4542493453213179,0.050517453244939864,0.6645543699314036
397,1.4542493453210221,0.050517453244972144,0.6645543699314036
398,1.4092627494333778,0.3262436219731131,0.5620367103706545
399,1.4092627493863308,0.3262436224217621,0.5620367103704603
400,1.4092627494333778,0.3262436219731131,0.5620367103706545
401,1.409262749433082,0.3262436219731131,0.5620367103706545
402,1.4092627494333778,0.3262436224217621,0.5620367103704603
403,1.4092627493869225,0.3262436219731131,0.5620367103706545
404,1.409262749433082,0.3262436219731454,0.5620367103706545
405,1.4092627494333778,0.3262436219731131,0.5620367103706545
406,1.4092627493863308,0.3262436224217621,0.5620367103704603
407,1.4092627494336738,0.3262436219731131,0.5620367103706545
408,1.4016676098443062,0.6258239632443812,0.5506458593083491
409,1.4016676098440102,0.6258239632443812,0.5506458593081548
410,1.4016676098907614,0.6258239632443812,0.5506458593083491
411,1.4016676098443062,0.6258239632444458,0.5506458593083491
412,1.4016676098440102,0.6258239632443812,0.5506458593081548
413,1.4016676098440102,0.6258239632443812,0.5506458593083491
414,1.4016676098910572,0.6258239632444135,0.5506458593083491
415,1.4016676098443062,0.6258239632443812,0.5506458593081548
416,1.4016676098443062,0.6258239632443489,0.5506458593083491
417,1.3540519271988636,0.6640607983804713,0.6645543699314036
418,1.3540519271524083,0.6640607983804713,0.6645543699314036
419,1.3540519271521123,0.664060798380439,0.6645543699315979
420,1.3540519271994553,0.664060798380439,0.6645543699314036
421,1.3540519271988636,0.6640607983804713,0.6645543699314036
422,1.3540519271524083,0.664060798380439,0.6645543699314036
423,1.3540519271521123,0.664060798380439,0.6645543699314036
424,1.3540519271988636,0.6640607983804713,0.6645543699315979
425,1.3540519271988636,0.6640607983804713,0.6645543699314036
426,1.3540519271524083,0.6640607983804067,0.6645543699314036
427,1.3540519271521123,0.6640607979318223,0.6645543699314036
428,1.3540519271994553,0.664060798380439,0.6645543699314036
429,1.3540519271988636,0.6640607983804713,0.6645543699315979
430,1.3540519271524083,0.664060798380439,0.6645543699314036
431,1.3540519271521123,0.664060798380439,0.6645543699314036
432,1.3540519271988636,0.6640607983804713,0.6645543699314036
433,1.3540519271994553,0.664060798380439,0.6645543699314036
434,1.3540519271518163,0.6640607983805036,0.6645543699315979
435,1.354051927152704,0.6640607983804067,0.6645543699314036
436,1.3540519271988636,0.664060798380439,0.6645543699314036
437,1.3086062843627582,0.4985348922698252,0.7133723030556808
438,1.308606284410101,0.4985348922697929,0.7133723030556808
439,1.3086062843627582,0.4985348922697929,0.7133723030556808
440,1.30860628436335,0.4985348922697929,0.7133723030554866
441,1.308606284363054,0.49853489226976067,0.7133723030556808
442,1.3086062844095092,0.4985348922697929,0.7133723030556808
443,1.308606284363054,0.4985348922697929,0.7133723030556808
444,1.308606284363054,0.4985348918211439,0.7133723030556808
445,1.3086062844095092,0.4985348922697929,0.7133723030556808
446,1.30860628436335,0.4985348922697929,0.7133723030556808
447,1.3086062843627582,0.49853489226976067,0.7133723030554866
448,1.30860628436335,0.4985348922697929,0.7133723030556808
449,1.3086062844098052,0.4985348922697929,0.7133723030556808
450,1.3086062843627582,0.4985348922697929,0.7133723030556808
451,1.2410011959264688,0.4579427080510494,0.4692826374346832
452,1.241001195925877,0.4579427084996662,0.46928263743448895
453,1.2410011959264688,0.45794270805101717,0.4692826374346832
454,1.2410011958797178,0.4579427080510494,0.46928263743448895
455,1.241001195925877,0.4579427080510494,0.4692826374346832
456,1.2410011959264688,0.4579427084996984,0.46928263743448895
457,1.241001195926173,0.45794270805101717,0.4692826374346832
458,1.2410011959264688,0.45794270805098486,0.4692826374346832
459,1.241001195925877,0.4579427084996984,0.46928263743448895
460,1.241001195926173,0.4579427080510494,0.4692826374346832
461,1.2410011958794218,0.45794270805101717,0.46928263743448895
462,1.2410011959264688,0.4579427080510494,0.4692826374346832
463,1.2410011959264688,0.4579427084996984,0.46928263743448895
464,1.241001195925877,0.45794270805098486,0.4692826374346832
465,1.1095468572577587,0.6987896671508279,0.6645543699314036
466,1.1095468572107114,0.6987896667021143,0.6645543699314036
467,1.1095468572577587,0.6987896671507956,0.6645543699315979
468,1.1095468572110074,0.6987896667021466,0.6645543699314036
469,1.1095468572574627,0.6987896671507956,0.6645543699314036
470,1.1095468572574627,0.6987896671507956,0.6645543699314036
471,1.1095468572110074,0.6987896667021789,0.6645543699314036
472,1.1095468572574627,0.6987896671507956,0.6645543699315979
473,1.1095468572110074,0.6987896667021466,0.6645543699314036
474,1.1095468572571667,0.6987896671507956,0.6645543699314036
475,0.9442899743240045,0.8503338209692802,0.5181005705587661
476,0.9442899743707557,0.8503338205206312,0.5181005705589604
477,0.9442899743237086,0.8503338209693447,0.5181005705587661
478,0.9442899743704598,0.8503338205205989,0.5181005705587661
479,0.9442899743237086,0.8503338209692802,0.5181005705587661
480,0.9442899743704598,0.8503338205206635,0.5181005705589604
481,0.9442899743240045,0.8503338209692802,0.5181005705587661
482,0.47105435512617516,1.1029074105172156,0.8598261024283183
483,0.471054355079424,1.102907410517248,0.859826102428124
484,0.4710543551258793,1.1029074105172803,0.8598261024283183
485,0.4710543551258793,1.1029074105171834,0.8598261024283183
486,0.47105435512617516,1.102907410517248,0.8598261024283183
487,0.471054355079424,1.102907410517248,0.859826102428124
488,0.47105435512617516,1.1029074105172156,0.8598261024283183
489,0.620536717374365,1.0587070322454084,0.3570013912489622
490,0.6205367173746609,1.0587070322453438,0.3570013912489622
491,0.6205367173746609,1.0587070326940897,0.35700139124876795
492,0.6205367173746609,1.0587070322454084,0.3570013912489622
493,0.6205367174217079,1.0587070322453762,0.3570013912489622
494,0.620536717374365,1.0587070322454084,0.3570013912489622
495,0.6205367173749567,1.0587070322453762,0.3570013912489622
496,0.6205367173746609,1.0587070326940897,0.35700139124876795
497,0.6205367173746609,1.0587070322454084,0.3570013912489622
498,0.6205367173749567,1.0587070322453438,0.3570013912489622
499,1.3198737991181673,0.8398099214235277,0.5506458593083491
500,1.3198737991178713,0.8398099209748141,0.5506458593081548
501,1.3198737991181673,0.8398099214234954,0.5506458593083491
502,1.3198737991178713,0.8398099214234954,0.5506458593083491
503,1.319873799118463,0.8398099209748141,0.5506458593081548
504,1.3198737991175753,0.8398099214234954,0.5506458593083491
505,1.2672920636414513,0.5887397458400201,0.4692826374346832
506,1.2672920636411555,0.5887397453913066,0.46928263743448895
507,1.2672920636882026,0.5887397458400201,0.4692826374346832
508,1.2672920636414513,0.5887397458400201,0.46928263743448895
509,1.2672920636408596,0.5887397458399879,0.4692826374346832
510,1.2672920636411555,0.5887397453913388,0.46928263743448895
511,1.2672920636882026,0.5887397458400201,0.4692826374346832
512,1.2672920636414513,0.5887397458399879,0.4692826374346832
513,1.2672920636411555,0.5887397453913388,0.46928263743448895
514,1.2672920636414513,0.5887397458400201,0.4692826374346832
515,1.2672920636411555,0.5887397458400201,0.46928263743448895
516,1.2672920636882026,0.5887397458400201,0.4692826374346832
517,1.2672920636411555,0.5887397453913066,0.46928263743448895
518,1.2672920636411555,0.5887397458400201,0.4692826374346832
519,1.3820158501361581,-0.0021020444840808353,0.4470926678326507
520,1.3820158501358621,-0.0021020444840808353,0.4470926678326507
521,1.3820158501361581,-0.002102044932697571,0.44709266783284496
522,1.3820158500894069,-0.0021020444840808353,0.4470926678326507
523,1.3820158501361581,-0.0021020444840808353,0.4470926678326507
524,1.3820158501358621,-0.0021020444840808353,0.4470926678326507
525,1.3820158501361581,-0.002102044484048556,0.4470926678326507
526,1.3820158501358621,-0.0021020444840808353,0.4470926678326507
527,1.382015850136454,-0.00210204493272985,0.44709266783284496
528,1.3820158501361581,-0.0021020444841131146,0.4470926678326507
529,1.3820158501361581,-0.0021020444840162767,0.4470926678326507
530,1.382015850089111,-0.0021020444841131146,0.4470926678326507
531,1.3820158501361581,-0.002102044484048556,0.4470926678326507
532,1.382015850136454,-0.00210204493272985,0.44709266783284496
533,1.3820158501358621,-0.0021020444840808353,0.4470926678326507
534,1.3820158501361581,-0.002102044484048556,0.4470926678326507
535,1.3820158501358621,-0.0021020444841131146,0.4470926678326507
536,1.382015850136454,-0.002102044484048556,0.4470926678326507
537,1.3820158500894069,-0.0021020444840808353,0.4470926678326507
538,1.3820158501358621,-0.00210204493272985,0.44709266783284496
539,1.3820158501361581,-0.0021020444840808353,0.4470926678326507
540,1.3820158501361581,-0.002102044484048556,0.4470926678326507
541,1.379466432677422,-0.042092863027297575,0.6645543699314036
542,1.379466432630079,-0.042092863027362135,0.6645543699314036
543,1.379466432677422,-0.04209286257864856,0.6645543699315979
544,1.379466432630375,-0.042092863027329855,0.6645543699314036
545,1.3794664326768302,-0.042092863027329855,0.6645543699314036
546,1.3794664326309667,-0.042092863027297575,0.6645543699314036
547,1.3794664326768302,-0.042092863027297575,0.6645543699314036
548,1.379466432630375,-0.04209286257871312,0.6645543699315979
549,1.379466432677126,-0.042092863027297575,0.6645543699314036
550,1.379466432630375,-0.042092863027329855,0.6645543699314036
551,1.379466432677422,-0.042092863027329855,0.6645543699314036
552,1.379466432630079,-0.042092863027297575,0.6645543699314036
553,1.379466432677126,-0.04209286257864856,0.6645543699315979
554,1.3794664326306707,-0.042092863027329855,0.6645543699314036
555,1.3794664326768302,-0.042092863027329855,0.6645543699314036
556,1.3171063393486662,0.13581642862898766,0.5206699354600031
557,1.3171063393486662,0.13581642907766897,0.5206699354601972
558,1.317106339396009,0.13581642862901994,0.5206699354600031
559,1.3171063393483702,0.13581642862898766,0.5206699354601972
560,1.3171063393486662,0.1358164290776367,0.5206699354600031
561,1.3171063393486662,0.13581642862898766,0.5206699354601972
562,1.317106339349258,0.13581642862901994,0.5206699354600031
563,1.3171063393951215,0.1358164290776367,0.5206699354600031
564,1.3171063393486662,0.13581642862901994,0.5206699354601972
565,1.3171063393486662,0.13581642862898766,0.5206699354600031
566,1.317106339349258,0.13581642862901994,0.5206699354601972
567,1.3171063393954172,0.1358164290776367,0.5206699354600031
568,1.3171063393483702,0.13581642862901994,0.5206699354600031
569,1.317106339349258,0.13581642862898766,0.5206699354601972
570,1.3171063393486662,0.1358164290776367,0.5206699354600031
571,1.3171063393486662,0.13581642862901994,0.5206699354601972
572,1.3171063393951215,0.13581642862898766,0.5206699354600031
573,1.317106339349258,0.13581642907766897,0.5206699354601972
574,1.3171063393486662,0.13581642862901994,0.5206699354600031
575,1.3358769359980496,0.4906909918812746,0.575408579008937
576,1.3358769359983456,0.49069099188133913,0.575408579008937
577,1.3358769359980496,0.4906909918812746,0.5754085790091313
578,1.3358769360453926,0.49069099232998814,0.575408579008937
579,1.3358769359977538,0.4906909918813069,0.575408579008937
580,1.3358769359986413,0.4906909918812746,0.575408579008937
581,1.3358769359980496,0.49069099188133913,0.575408579008937
582,1.3358769359980496,0.4906909918813069,0.575408579008937
583,1.3358769359986413,0.4906909918813069,0.5754085790091313
584,1.3358769359980496,0.4906909918813069,0.575408579008937
585,1.3358769359980496,0.4906909918813069,0.575408579008937
586,1.3358769360453926,0.4906909923299559,0.575408579008937
587,1.3358769359983456,0.49069099188133913,0.575408579008937
588,1.3358769359980496,0.4906909918813069,0.575408579008937
589,1.3358769359980496,0.4906909918813069,0.5754085790091313
590,1.3358769359983456,0.4906909918813069,0.575408579008937
591,1.3358769359980496,0.4906909918813069,0.575408579008937
592,1.3358769359986413,0.4906909918813069,0.575408579008937
593,1.3358769359983456,0.4906909918813069,0.575408579008937
594,1.3358769360448008,0.49069099232998814,0.575408579008937
595,1.3358769359980496,0.4906909918812746,0.5754085790091313
596,1.3358769359983456,0.49069099188133913,0.575408579008937
597,1.3358769359983456,0.4906909918812746,0.575408579008937
598,1.2025308214979034,0.6431102429330666,0.4555260716046436
599,1.2025308215446544,0.6431102429330989,0.4555260716046436
600,1.2025308214976074,0.6431102429330666,0.4555260716046436
601,1.2025308215449504,0.6431102433817479,0.4555260716046436
602,1.2025308214979034,0.6431102429330343,0.4555260716048378
603,1.2025308215443586,0.6431102429330989,0.4555260716046436
604,1.2025308214979034,0.6431102429330666,0.4555260716046436
605,1.3525486102604527,0.09087995497693727,0.07739926700199411
606,1.4776190055486111,-0.03367374312146743,-0.01889669380750623
607,0.7677655767286395,0.1241847505142114,0.3228288380620458
608,0.7677655766815925,0.12418475006559467,0.3228288380618516
609,1.3198737991178713,0.40833003869956574,1.3480054336705076
610,1.3198737991181673,0.40833003869959805,1.3480054336703133
611,1.2147103281647353,0.47147343642302025,-0.01889669380750623
612,1.290296572944619,0.35307956608409885,0.5577651412221929
613,1.290296572897572,0.35307956608413116,0.5577651412221929
614,1.290296572897572,0.35307956563544984,0.5577651412223871
615,1.290296572944619,0.35307956608409885,0.5577651412221929
616,1.2902965729443232,0.35307956608413116,0.5577651412221929
617,1.2902965728981637,0.35307956608413116,0.5577651412221929
618,1.290296572897572,0.35307956608409885,0.5577651412221929
619,1.290296572944619,0.35307956608409885,0.5577651412223871
620,1.2902965729443232,0.35307956563544984,0.5577651412221929
621,1.290296572897868,0.35307956608409885,0.5577651412221929
622,1.290296572897572,0.35307956608413116,0.5577651412221929
623,1.290296572944619,0.35307956608409885,0.5577651412221929
624,1.290296572944619,0.35307956608409885,0.5577651412221929
625,1.2902965728972762,0.35307956563544984,0.5577651412223871
626,1.2902965728981637,0.35307956608409885,0.5577651412221929
627,1.2902965729443232,0.35307956608409885,0.5577651412221929
628,1.3514228403949058,0.33571513147462834,0.5449504337771963
629,1.3514228403949058,0.33571513192327734,0.5449504337770021
630,1.3514228403946098,0.33571513192324504,0.5449504337771963
631,1.351422840441361,0.33571513147459603,0.5449504337771963
632,1.3514228403949058,0.33571513147459603,0.5449504337770021
633,1.3514228403952016,0.33571513192327734,0.5449504337771963
634,1.3514228403946098,0.3357151319233096,0.5449504337771963
635,1.3514228403949058,0.3357151314745638,0.5449504337770021
636,1.3514228403946098,0.33571513147462834,0.5449504337771963
637,1.351422840441361,0.33571513192324504,0.5449504337771963
638,1.3514228403949058,0.33571513192324504,0.5449504337770021
639,1.3514228403949058,0.33571513147462834,0.5449504337771963
640,1.3514228403946098,0.33571513147462834,0.5449504337770021
641,1.3514228403949058,0.33571513192327734,0.5449504337771963
642,1.3514228403949058,0.33571513192324504,0.5449504337771963
643,1.3514228403949058,0.33571513147459603,0.5449504337770021
644,1.351422840441361,0.33571513147459603,0.5449504337771963
645,1.3514228403949058,0.33571513192324504,0.5449504337771963
646,1.3514228403949058,0.3357151319233096,0.5449504337770021
647,1.3514228403946098,0.33571513147459603,0.5449504337771963
648,1.314031384049582,0.5065531014261726,0.47470685222618325
649,1.3140313840963334,0.5065531014261726,0.47470685222618325
650,1.314031384049582,0.5065531014262048,0.47470685222618325
651,1.3140313840963334,0.5065531014261726,0.47470685222618325
652,1.3140313840492863,0.5065531018748216,0.47470685222618325
653,1.3140313840963334,0.5065531014262048,0.47470685222618325
654,1.3140313840492863,0.5065531014261726,0.47470685222618325
655,1.3140313840966291,0.5065531014262048,0.47470685222618325
656,1.3140313840492863,0.5065531014261403,0.47470685222618325
657,1.2094521546491386,0.7303613657882467,0.5620367103706545
658,1.209452154603275,0.7303613653395009,0.5620367103704603
659,1.2094521546491386,0.7303613657882144,0.5620367103706545
660,1.2094521546494346,0.7303613657882467,0.5620367103706545
661,1.2094521546497303,0.7303613653395332,0.5620367103704603
662,1.2094521546029793,0.7303613657882144,0.5620367103706545
663,1.2094521546491386,0.7303613657881822,0.5620367103706545
664,1.2094521546494346,0.7303613657882467,0.5620367103706545
665,1.2094521546026833,0.7303613653395332,0.5620367103704603
666,1.2094521546497303,0.7303613657882144,0.5620367103706545
667,0.9833506921037574,1.052392692428182,0.6645543699314036
668,0.9833506921040532,1.052392692876831,0.6645543699314036
669,0.9833506921505085,1.052392692428182,0.6645543699315979
670,0.9833506921040532,1.052392692876831,0.6645543699314036
671,0.9833506921037574,1.052392692428214,0.6645543699314036
672,0.7184701997104894,1.252872979493556,0.40826022102933673
673,0.7184701996634424,1.2528729794936206,0.40826022102933673
674,0.7184701997101935,1.2528729794935884,0.40826022102933673
675,0.7184701996634424,1.2528729790449393,0.40826022102933673
676,0.7184701997101935,1.2528729794935884,0.40826022102933673
677,0.7184701996631465,1.2528729794935722,0.40826022102933673
678,0.7184701997107854,1.2528729794936044,0.40826022102933673
679,0.7184701997098977,1.2528729794935884,0.40826022102933673
680,0.7184701996634424,1.2528729794936044,0.40826022102933673
681,0.7184701997098977,1.2528729794935722,0.40826022102933673
682,0.7184701996637383,1.2528729794935722,0.40826022102933673
683,0.7184701997098977,1.2528729794936044,0.40826022102933673
684,0.7184701996637383,1.2528729790449393,0.40826022102933673
685,0.7184701997101935,1.2528729794935884,0.40826022102933673
686,0.7184701996634424,1.2528729794935884,0.40826022102933673
687,0.7184701997101935,1.2528729794935884,0.40826022102933673
688,0.192652844988897,1.2804982158013218,0.6004808327058383
689,0.192652844988897,1.280498215801354,0.6004808327060326
690,0.192652844988897,1.2804982158012894,0.6004808327058383
691,0.192652844988897,1.280498215801338,0.6004808327060326
692,0.19265284503564817,1.2804982158013218,0.6004808327058383
693,0.192652844988897,1.2804982158013218,0.6004808327058383
694,0.192652844988897,1.2804982158013218,0.6004808327060326
695,0.192652844988897,1.280498216249987,0.6004808327058383
696,0.192652844988897,1.2804982158013218,0.6004808327058383
697,0.192652844988897,1.2804982158013218,0.6004808327060326
698,0.192652844988897,1.280498215801338,0.6004808327058383
699,0.1926528450353523,1.2804982158013218,0.6004808327058383
700,0.1926528449891929,1.2804982158013218,0.6004808327060326
701,0.192652844988897,1.2804982158013218,0.6004808327058383
702,0.19265284498860114,1.2804982158013218,0.6004808327060326
703,0.1926528449891929,1.280498215801338,0.6004808327058383
704,0.015846759461665923,1.212355966152513,0.6873360720560145
705,0.015846759508121186,1.212355966152513,0.6873360720562087
706,0.015846759461370027,1.2123559657038638,0.6873360720560145
707,0.015846759461961814,1.212355966152513,0.6873360720560145
708,0.015846759508121186,1.212355966152513,0.6873360720562087
709,0.015846759461370027,1.212355966152513,0.6873360720560145
710,0.015846759461665923,1.212355966152513,0.6873360720560145
711,0.01584675950841708,1.2123559657038638,0.6873360720562087
712,0.015846759461370027,1.212355966152513,0.6873360720560145
713,0.015846759461665923,1.212355966152513,0.6873360720560145
714,0.01584675950841708,1.212355966152513,0.6873360720562087
715,0.015846759461665923,1.2123559661525292,0.6873360720560145
716,0.015846759461370027,1.2123559657038478,0.6873360720560145
717,0.01584675950841708,1.212355966152513,0.6873360720562087
718,0.015846759461665923,1.212355966152513,0.6873360720560145
719,0.18781996490538153,1.210622618002592,0.5238438568088069
720,0.18781996490567743,1.210622618002592,0.5238438568086126
721,0.18781996485863037,1.2106226175539108,0.5238438568088069
722,0.18781996490567743,1.210622618002592,0.5238438568086126
723,0.18781996490567743,1.210622618002592,0.5238438568088069
724,0.18781996490508565,1.210622618002592,0.5238438568086126
725,0.18781996490597333,1.210622618002576,0.5238438568088069
726,0.18781996490538153,1.210622618002592,0.5238438568086126
727,0.18781996485892627,1.210622617553927,0.5238438568088069
728,0.18781996490538153,1.210622618002592,0.5238438568086126
729,0.18781996490567743,1.210622618002592,0.5238438568088069
730,0.18781996490567743,1.210622618002592,0.5238438568086126
731,0.18781996490538153,1.210622618002576,0.5238438568088069
732,0.18781996490538153,1.210622618002592,0.5238438568086126
733,0.18781996485892627,1.210622617553927,0.5238438568088069
734,0.18781996490567743,1.210622618002592,0.5238438568086126
735,0.18781996490567743,1.210622618002576,0.5238438568088069
736,0.7502383315225886,1.0502879127882272,0.15196607212726979
737,0.7502383315696356,1.0502879127882192,0.15196607212726979
738,0.7502383315228844,1.0502879127882112,0.15196607212726979
739,0.7502383315225886,1.050287912339554,0.15196607212707552
740,0.7502383315699315,1.0502879127882272,0.15196607212726979
741,0.7502383315222927,1.0502879127882112,0.15196607212726979
742,1.2497648184827432,0.3978061391537729,0.5506458593083491
743,1.2497648184818555,0.3978061391537729,0.5506458593081548
744,1.2497648185291985,0.3978061391537729,0.5506458593083491
745,1.2497648184821515,0.3978061391537729,0.5506458593083491
746,1.2497648184824475,0.397806139153781,0.5506458593081548
747,1.2497648184827432,0.3978061391537729,0.5506458593083491
748,1.2541466297601407,0.32940079210605083,0.8354171358661796
749,1.2541466298071877,0.3294007916573938,0.8354171358661796
750,1.2541466298071877,0.3294007921060428,0.8354171358661796
751,1.2541466297601407,0.3294007921060589,0.8354171358661796
752,1.118310479813737,0.4399017373369766,0.5506458593083491
753,1.118310479813737,0.4399017377856498,0.5506458593081548
754,1.1183104798601924,0.4399017373369846,0.5506458593083491
755,1.118310479813737,0.43990173733699267,0.5506458593083491
756,1.118310479813737,0.43990173778564173,0.5506458593081548
757,1.118310479813737,0.4399017373369846,0.5506458593083491
758,0.9938670392275655,0.6482749490617538,0.6645543699314036
759,0.9938670392269737,0.6482749490617457,0.6645543699314036
760,0.9938670391808143,0.6482749486130805,0.6645543699315979
761,0.9938670392272696,0.6482749490617538,0.6645543699314036
762,0.9938670392269737,0.6482749490617457,0.6645543699314036
763,0.8291109347148787,0.6819514277877843,1.1201884124240102
764,0.829110934761334,0.6819514273391192,1.1201884124242043
765,0.8291109347145829,0.6819514277877763,1.1201884124240102
766,0.5068792738054544,1.180622361078358,0.5068348936841123
767,0.5068792737589991,1.1806223615269988,0.5068348936837238
768,0.5068792738060462,1.1806223610783417,0.5068348936841123
769,0.5068792737587032,1.1806223615270068,0.5068348936841123
770,0.5068792738057503,1.1806223610783417,0.5068348936837238
771,0.5068792738054544,1.1806223610783417,0.5068348936841123
772,0.5068792737589991,1.1806223615270068,0.5068348936841123
773,0.5068792738054544,1.18062236107835,0.5068348936841123
774,0.5068792738057503,1.1806223610783417,0.5068348936837238
775,0.5068792737587032,1.1806223615270068,0.5068348936841123
776,0.5068792738057503,1.1806223610783417,0.5068348936841123
777,0.5068792737589991,1.1806223615269988,0.5068348936837238
778,0.5068792738054544,1.1806223610783417,0.5068348936841123
779,1.1818467435323252,0.7398328752897135,0.6645543699315979
780,1.1818467434855742,0.7398328752896974,0.6645543699312093
781,1.1818467435326212,0.7398328752896974,0.6645543699315979
782,1.1818467434855742,0.7398328752897055,0.6645543699312093
783,1.1818467435323252,0.7398328752896974,0.6645543699315979
784,1.1818467435320292,0.7398328752897055,0.6645543699315979
785,1.18184674348587,0.7398328752896893,0.6645543699312093
786,1.1818467435323252,0.7398328752897055,0.6645543699315979
787,1.1555558757708875,0.4793663610824072,0.5791229869639185
788,1.1555558757702957,0.4793663606337461,0.579122986964307
789,1.1555558757705917,0.47936636063375015,0.5791229869639185
790,1.1555558758173428,0.47936636108241126,0.5791229869639185
791,1.1555558757705917,0.47936636108241126,0.579122986964307
792,1.1555558757705917,0.4793663606337421,0.5791229869639185
793,1.1555558757702957,0.4793663606337461,0.579122986964307
794,1.1555558757705917,0.4793663610824153,0.5791229869639185
795,1.1696402691916254,0.34518664142475625,0.46928263743448895
796,1.169640269237489,0.34518664142475625,0.46928263743487747
797,1.1696402691910337,0.34518664097609514,0.46928263743448895
798,1.169640269237489,0.34518664142475625,0.46928263743448895
799,1.1696402691910337,0.3451866414247603,0.46928263743448895
800,1.1696402691910337,0.34518664142475625,0.46928263743487747
801,1.1696402692377847,0.34518664097609913,0.46928263743448895
802,1.1696402691910337,0.3451866414247522,0.46928263743448895
803,1.1696402691910337,0.34518664142475625,0.46928263743487747
804,1.1696402692377847,0.3451866414247643,0.46928263743448895
805,1.1696402691910337,0.34518664097609514,0.46928263743448895
806,1.169640269237489,0.34518664142474814,0.46928263743448895
807,1.1696402691916254,0.3451866414247643,0.46928263743487747
808,1.1696402691904417,0.3451866414247522,0.46928263743448895
809,1.1696402692377847,0.34518664097609913,0.46928263743448895
810,1.1696402691910337,0.34518664142475625,0.46928263743487747
811,1.1696402691913295,0.3451866414247522,0.46928263743448895
812,1.169640269237489,0.3451866414247603,0.46928263743448895
813,1.1696402691913295,0.34518664097609913,0.46928263743448895
814,1.169640269237489,0.34518664142475625,0.46928263743487747
815,1.1696402691910337,0.3451866414247603,0.46928263743448895
816,1.0464487747042814,0.5661885323352809,0.6645543699315979
817,1.0464487746572344,0.566188532335285,0.6645543699312093
818,1.0464487746575304,0.566188532335285,0.6645543699315979
819,1.0464487747039857,0.566188532335289,0.6645543699312093
820,1.0464487747039857,0.566188532335285,0.6645543699315979
821,1.0464487746575304,0.566188532335285,0.6645543699315979
822,1.0464487746572344,0.566188532335289,0.6645543699312093
823,1.0464487747045774,0.566188532335285,0.6645543699315979
824,1.0464487747036897,0.566188532335285,0.6645543699312093
825,1.0464487746572344,0.566188532335285,0.6645543699315979
826,0.8729290476356163,0.8755911797894927,0.3570013912489622
827,0.8729290476353204,0.8755911797894907,0.3570013912489622
828,0.8729290476350245,0.8755911797894907,0.3570013912489622
829,0.8729290476356163,0.8755911797894907,0.3570013912489622
830,0.8729290476353204,0.8755911797894887,0.3570013912485737
831,0.8729290475888651,0.8755911797894907,0.3570013912489622
832,0.8729290476350245,0.8755911797894907,0.3570013912489622
833,0.8729290476356163,0.8755911797894927,0.3570013912489622
834,0.8729290476353204,0.8755911797894887,0.3570013912489622
835,0.8729290476353204,0.8755911797894907,0.3570013912489622
836,0.32391386844834885,1.2143369355949092,0.564046860557926
837,0.3239138684953959,1.214336935146249,0.5640468605583144
838,0.3239138684486447,1.2143369355949092,0.564046860557926
839,0.32391386844834885,1.214336935146247,0.564046860557926
840,0.3239138684953959,1.2143369355949092,0.5640468605583144
841,0.3239138684486447,1.2143369355949087,0.564046860557926
842,0.3239138684486447,1.2143369351462485,0.564046860557926
843,0.3239138684951,1.2143369355949094,0.5640468605583144
844,0.3239138684486447,1.214336935146248,0.564046860557926
845,0.3239138684956918,1.2143369355949092,0.5640468605583144
846,0.32391386844834885,1.214336935146248,0.564046860557926
847,0.3239138684486447,1.2143369355949092,0.564046860557926
848,0.3239138684953959,1.2143369355949087,0.5640468605583144
849,0.32391386844834885,1.2143369351462485,0.564046860557926
850,0.3239138684486447,1.2143369355949092,0.564046860557926
851,0.3239138684953959,1.214336935146248,0.5640468605583144
852,0.3239138684486447,1.2143369355949092,0.564046860557926
853,0.3003723725058929,1.1660508077920515,0.5506458593081548
854,0.30037237255264404,1.1660508082407146,0.5506458593085434
855,0.300372372505597,1.1660508077920555,0.5506458593081548
856,0.3003723725058929,1.1660508082407146,0.5506458593081548
857,0.300372372505597,1.1660508077920535,0.5506458593085434
858,0.30037237255264404,1.1660508077920495,0.5506458593081548
859,0.3003723725058929,1.1660508082407166,0.5506458593081548
860,0.300372372505597,1.1660508077920535,0.5506458593085434
861,0.300372372505597,1.1660508077920515,0.5506458593081548
862,0.30037237255293997,1.1660508082407188,0.5506458593081548
863,0.300372372505597,1.1660508077920495,0.5506458593085434
864,0.3003723725058929,1.1660508082407146,0.5506458593081548
865,0.30037237255234817,1.1660508077920495,0.5506458593081548
866,0.300372372505597,1.1660508077920575,0.5506458593085434
867,0.3003723725061888,1.1660508082407106,0.5506458593081548
868,0.300372372505597,1.1660508077920535,0.5506458593081548
869,0.30037237255264404,1.1660508082407146,0.5506458593085434
870,0.300372372505597,1.1660508077920575,0.5506458593081548
871,0.080447177325392,1.29233760279035,0.46928263743448895
872,0.08044717737155137,1.292337602790354,0.46928263743487747
873,0.08044717732480021,1.29233760279035,0.46928263743448895
874,0.080447177325392,1.292337603239011,0.46928263743448895
875,0.0804471773250961,1.292337602790358,0.46928263743448895
876,0.08044717737155137,1.292337602790354,0.46928263743487747
877,0.0804471773250961,1.292337602790354,0.46928263743448895
878,-0.09983305856852717,1.1890120434502272,0.6024224550459069
879,-0.09983305852207192,1.1890120434502272,0.6024224550462953
880,-0.09983305856882307,1.1890120434502272,0.6024224550459069
881,-0.09983305856852717,1.1890120434502272,0.6024224550462953
882,-0.09983305852207192,1.1890120434502192,0.6024224550459069
883,-0.09983305856852717,1.18901204300157,0.6024224550462953
884,-0.09983305852207192,1.1890120434502272,0.6024224550459069
885,-0.09983305856852717,1.1890120434502272,0.6024224550462953
886,-0.09983305856882307,1.1890120434502192,0.6024224550459069
887,-0.09983305852207192,1.1890120434502354,0.6024224550462953
888,-0.09983305856852717,1.1890120434502192,0.6024224550459069
889,-0.08997398314667013,1.1778901947810856,0.40826022102933673
890,-0.08997398314607834,1.1778901952297427,0.40826022102933673
891,-0.08997398319342129,1.1778901947810776,0.40826022102933673
892,-0.08997398314607834,1.177890195229751,0.40826022102933673
893,-0.08997398314667013,1.1778901947810696,0.40826022102933673
894,-0.08997398314607834,1.177890195229751,0.40826022102933673
895,-0.08997398314637423,1.1778901947810696,0.40826022102933673
896,-0.08997398319312538,1.177890195229759,0.40826022102933673
897,-0.08997398314637423,1.1778901947810776,0.40826022102933673
898,-0.08997398314637423,1.1778901947810856,0.40826022102933673
899,-0.08997398314607834,1.1778901952297347,0.40826022102933673
900,-0.08997398314667013,1.1778901947810856,0.40826022102933673
901,-0.08997398314607834,1.1778901952297427,0.40826022102933673
902,-0.08997398319342129,1.1778901947810776,0.40826022102933673
903,-0.08997398314607834,1.1778901952297427,0.40826022102933673
904,-0.08997398314667013,1.1778901947810938,0.40826022102933673
905,0.24433830086913821,1.26363605877846,0.6024224550459069
906,0.24433830091618527,1.263636058329795,0.6024224550462953
907,0.24433830086854644,1.2636360587784763,0.6024224550459069
908,0.24433830086943412,1.263636058329787,0.6024224550462953
909,0.24433830086913821,1.2636360587784683,0.6024224550459069
910,0.24433830091588937,1.263636058329787,0.6024224550462953
911,0.2443383008688423,1.2636360587784843,0.6024224550459069
912,0.24433830086943412,1.2636360583298032,0.6024224550462953
913,0.2443383008688423,1.263636058778452,0.6024224550459069
914,0.24433830091588937,1.2636360583298032,0.6024224550462953
915,0.24433830086913821,1.263636058778452,0.6024224550459069
916,0.13880712551460178,1.1029074105172318,0.6382677905570169
917,0.1388071254681465,1.102907410517248,0.6382677905566284
918,0.13880712551489766,1.1029074105172318,0.6382677905570169
919,0.13880712551430588,1.1029074105172318,0.6382677905566284
920,0.1388071254681465,1.1029074105172318,0.6382677905570169
921,0.13880712551489766,1.1029074105172318,0.6382677905570169
922,0.13880712551489766,1.1029074105172318,0.6382677905566284
923,0.13880712551460178,1.1029074105172318,0.6382677905570169
924,0.13880712546785062,1.102907410517248,0.6382677905570169
925,0.13880712551460178,1.1029074105172318,0.6382677905566284
926,0.13880712551489766,1.1029074105172318,0.6382677905570169
927,0.1388071254681465,1.1029074105172318,0.6382677905566284
928,0.13880712551489766,1.1029074105172318,0.6382677905570169
929,-0.31420474930474984,1.078621488522957,0.6382677905570169
930,-0.3142047493053416,1.0786214885229732,0.6382677905566284
931,-0.31420474935120507,1.0786214885229894,0.6382677905570169
932,-0.3142047493053416,1.0786214880743081,0.6382677905566284
933,-0.3142047493044539,1.078621488522957,0.6382677905570169
934,-0.31420474930474984,1.0786214885229732,0.6382677905570169
935,-0.3142047493517969,1.078621488522957,0.6382677905566284
936,-0.31420474930474984,1.0786214885229732,0.6382677905570169
937,-0.31420474930474984,1.0786214885229732,0.6382677905570169
938,-0.31420474930474984,1.0786214880743081,0.6382677905566284
939,-0.314204749351501,1.0786214885229732,0.6382677905570169
940,-0.31420474930474984,1.0786214885229732,0.6382677905566284
941,-0.3142047493050457,1.078621488522957,0.6382677905570169
942,-1.2098919184635106,0.42236190505976523,0.4367373486851003
943,-1.2098919184632149,0.42236190461108397,0.4367373486851003
944,-1.209891918462623,0.42236190505974913,0.4367373486851003
945,-1.2098919184635106,0.4223619046111162,0.4367373486851003
946,-1.2098919184632149,0.422361905059733,0.4367373486854888
947,-1.2098919184632149,0.4223619046111001,0.4367373486851003
948,-1.2098919184632149,0.42236190505976523,0.4367373486851003
949,-1.2098919184632149,0.4223619046110678,0.4367373486851003
950,-1.2098919184632149,0.42236190505976523,0.4367373486851003
951,-1.2566312388713456,0.08472012676880493,0.3228288380620458
952,-1.2566312389183927,0.08472012721747009,0.3228288380620458
953,-1.2566312388713456,0.08472012676880493,0.32282883806165735
954,-1.2566312388713456,0.08472012676880493,0.3228288380620458
955,-1.2566312388716416,0.08472012676882107,0.3228288380620458
956,-1.2566312388713456,0.08472012676880493,0.32282883806165735
957,-1.2566312389183927,0.08472012721747009,0.3228288380620458
958,-1.2566312388713456,0.08472012676880493,0.3228288380620458
959,-1.1823982005539042,-0.041102378306157976,0.7851633811795379
960,-1.1823982006009515,-0.041102378306093416,0.7851633811795379
961,-1.1823982005536084,-0.041102378306125696,0.7851633811795379
962,-1.1823982005542002,-0.041102378306125696,0.7851633811795379
963,-1.1823982006003595,-0.04110237785747668,0.7851633811791494
964,-1.1823982005544962,-0.041102378306125696,0.7851633811795379
965,-1.1823982005539042,-0.041102378306125696,0.7851633811795379
966,-1.1823982006009515,-0.041102378306093416,0.7851633811795379
967,-1.1823982005539042,-0.041102378306157976,0.7851633811795379
968,-1.1823982006006555,-0.041102378306109556,0.7851633811795379
969,-1.1823982005539042,-0.041102378306125696,0.7851633811795379
970,-1.1823982005542002,-0.041102378306125696,0.7851633811795379
971,-1.1823982006006555,-0.04110237785746054,0.7851633811791494
972,-1.1823982005539042,-0.041102378306125696,0.7851633811795379
973,-1.1823982005542002,-0.041102378306125696,0.7851633811795379
974,-1.1823982006006555,-0.041102378306109556,0.7851633811795379
975,-1.1823982005542002,-0.041102378306141836,0.7851633811795379
976,-1.1711859187622196,0.07682720210945021,0.45097591251317637
977,-1.1711859187160603,0.07682720255811537,0.45097591251278785
978,-1.1711859187622196,0.07682720210946635,0.45097591251317637
979,-1.1711859187160603,0.07682720210945021,0.45097591251278785
980,-1.1711859187625155,0.07682720210943407,0.45097591251317637
981,-1.1711859187625155,0.07682720210946635,0.45097591251317637
982,-1.1711859187160603,0.07682720255811537,0.45097591251278785
983,-1.1711859187622196,0.07682720210943407,0.45097591251317637
984,-1.2566312388716416,0.09261305142819193,1.6897309655398656
985,-1.1409514208411526,-0.021045063935744165,0.7328994763054305
986,-1.1409514208411526,-0.021045063487046732,0.7328994763054305
987,-1.140951420887904,-0.021045063935711886,0.732899476305042
988,-1.1409514208414486,-0.021045063487062872,0.7328994763054305
989,-1.1409514208408567,-0.021045063935695746,0.7328994763054305
990,-1.081358787328649,-0.0021020444840808353,0.5506458593081548
991,-1.0813587873292407,-0.002102044484048556,0.5506458593085434
992,-1.081358787328649,-0.0021020444840969747,0.5506458593081548
993,-1.0813587872821937,-0.0021020449327137105,0.5506458593081548
994,-1.081358787328945,-0.0021020444840808353,0.5506458593085434
995,-1.081358787328649,-0.0021020444840808353,0.5506458593081548
996,-1.1514677679179137,0.13602413750325154,0.5577651412223871
997,-1.151467767964665,0.13602413705460253,0.5577651412219986
998,-1.151467767964665,0.1360241375032677,0.5577651412223871
999,-1.1514677679179137,0.1360241370545864,0.5577651412219986
1000,-1.1514677679179137,0.1360241375032677,0.5577651412223871
1001,-1.151467767964369,0.13602413705457025,0.5577651412219986
1002,-1.151467767964369,0.1360241375032677,0.5577651412223871
1003,-1.1514677679179137,0.1360241375032677,0.5577651412219986
1004,-1.1514677679179137,0.13602413705460253,0.5577651412223871
1005,-1.151467767964665,0.13602413750325154,0.5577651412223871
1006,-1.151467767964665,0.1360241370545864,0.5577651412219986
1007,-1.1514677679176177,0.1360241375032677,0.5577651412223871
1008,-1.1514677679179137,0.13602413705457025,0.5577651412219986
1009,-1.151467767964665,0.1360241375032677,0.5577651412223871
1010,-1.151467767964369,0.13602413705460253,0.5577651412219986
1011,-1.1514677679176177,0.1360241375032677,0.5577651412223871
1012,-1.1711859187628115,0.29782909346863196,0.6645543699315979
1013,-1.1711859187157643,0.29782909301998295,0.6645543699312093
1014,-1.1711859187628115,0.2978290930199668,0.6645543699315979
1015,-1.1711859187157643,0.29782909346866426,0.6645543699315979
1016,-1.1711859187622196,0.29782909346863196,0.6645543699312093
1017,-1.1711859187625155,0.2978290930199991,0.6645543699315979
1018,-1.1711859187160603,0.29782909301998295,0.6645543699312093
1019,-1.1711859187625155,0.29782909346863196,0.6645543699315979
1020,-1.1251769002029313,0.5030451350604391,0.8354171358661796
1021,-1.1251769002023395,0.5030451350604875,0.8354171358661796
1022,-1.1251769002032272,0.5030451346118224,0.8354171358661796
1023,-1.1251769002496825,0.5030451350604391,0.8354171358661796
1024,-1.1251769002026355,0.5030451350604875,0.8354171358661796
1025,-1.1251769002026355,0.5030451346117901,0.8354171358661796
1026,-1.1251769002029313,0.5030451350604714,0.8354171358661796
1027,-1.1251769002029313,0.5030451350604714,0.8354171358661796
1028,-0.7833956196267652,0.8661196698393406,0.8354171358661796
1029,-0.7833956196738123,0.8661196702879896,0.8354171358661796
1030,-0.7833956196738123,0.866119670288022,0.8354171358661796
1031,-0.7833956196267652,0.8661196698393245,0.8354171358661796
1032,-0.36274173590624365,0.9345250173357198,1.1201884124242043
1033,-0.36274173590535597,0.9345250177843688,1.120188412423816
1034,-0.36274173590624365,0.9345250173357198,1.1201884124242043
1035,0.02636310658488228,1.153422128606298,0.6645543699315979
1036,0.02636310658488228,1.1534221281576167,0.6645543699312093
1037,0.02636310653813112,1.153422128606298,0.6645543699315979
1038,0.026363106585178174,1.1534221281576167,0.6645543699312093
1039,0.02636310658488228,1.153422128606298,0.6645543699315979
1040,0.3339662590797603,0.9924064648376167,-0.01889669380750623
1041,0.3339662590803521,0.9924064652863142,-0.01889669380750623
1042,0.33396625903300914,0.9924064652862981,-0.01889669380750623
1043,0.3339662590797603,0.9924064648376328,-0.01889669380750623
1044,-0.04725132309210706,1.1450030087004357,0.5506458593081548
1045,-0.047251323091811175,1.145003009149133,0.5506458593085434
1046,-0.047251323091811175,1.1450030087004357,0.5506458593081548
1047,-0.047251323045355904,1.1450030087004517,0.5506458593081548
1048,-0.047251323091811175,1.1450030091491008,0.5506458593085434
1049,-0.047251323091811175,1.1450030087004517,0.5506458593081548
1050,-0.08011490777067654,0.9924064648376167,0.40826022102933673
1051,-0.08011490772392538,0.9924064652863142,0.40826022102933673
1052,-0.08011490777097244,0.9924064648376328,0.40826022102933673
1053,-0.08011490772362949,0.9924064648376651,0.40826022102933673
1054,-0.08011490777126833,0.992406465286282,0.40826022102933673
1055,-0.08011490777067654,0.9924064648376651,0.40826022102933673
1056,-0.08011490772392538,0.992406465286282,0.40826022102933673
1057,-0.08011490777067654,0.9924064648376328,0.40826022102933673
1058,-0.4453701773494492,0.913477218244118,0.46928263743448895
1059,-0.4453701773497451,0.913477218244118,0.46928263743487747
1060,-0.44537017734915335,0.913477218244118,0.46928263743448895
1061,-0.4453701773962004,0.913477218244118,0.46928263743448895
1062,-0.4453701773497451,0.913477218244118,0.46928263743448895
1063,-0.4453701773494492,0.9134772182440857,0.46928263743487747
1064,-0.4453701773497451,0.913477218244118,0.46928263743448895
1065,-1.1356932472793966,0.5409311735151168,0.5962092635573766
1066,-1.1356932473261476,0.5409311730664031,0.5962092635577652
1067,-1.1356932473264436,0.5409311735151168,0.5962092635573766
1068,-1.1356932472791006,0.5409311735150845,0.5962092635577652
1069,-1.1356932472796923,0.5409311735150845,0.5962092635573766
1070,-1.1356932473261476,0.5409311730664355,0.5962092635573766
1071,-1.1356932473261476,0.5409311735150845,0.5962092635577652
1072,-1.1356932472793966,0.5409311735150845,0.5962092635573766
1073,-1.1356932472793966,0.5409311730664355,0.5962092635577652
1074,-1.1356932473264436,0.5409311735150845,0.5962092635573766
1075,-1.2800008990992306,0.38728223960796393,0.4367373486851003
1076,-1.280000899098639,0.3872822396079962,0.4367373486851003
1077,-1.2800008990518876,0.38728223960796393,0.4367373486851003
1078,-1.2800008990989347,0.38728223960796393,0.4367373486851003
1079,-1.2800008990992306,0.38728223960796393,0.4367373486854888
1080,-1.2800008990989347,0.38728223960796393,0.4367373486851003
1081,-1.2800008990521836,0.38728223960796393,0.4367373486851003
1082,-1.2800008990989347,0.38728223960796393,0.4367373486851003
1083,-1.2800008990989347,0.38728223960796393,0.4367373486851003
1084,-1.2986966272715965,0.13049908988278888,0.5962092635573766
1085,-1.2986966272248455,0.13049909033147017,0.5962092635577652
1086,-1.2986966272715965,0.1304990898827566,0.5962092635573766
1087,-1.2986966272715965,0.13049908988278888,0.5962092635577652
1088,-1.2986966272251412,0.1304990903314379,0.5962092635573766
1089,-1.2986966272715965,0.13049908988278888,0.5962092635577652
1090,-1.2986966272713005,0.13049908988278888,0.5962092635573766
1091,-1.2986966272715965,0.1304990903314379,0.5962092635577652
1092,-1.2986966272251412,0.13049908988278888,0.5962092635573766
1093,-1.2986966272713005,0.1304990903314379,0.5962092635573766
1094,-1.2986966272715965,0.13049908988278888,0.5962092635577652
1095,-1.2986966272251412,0.13049908988278888,0.5962092635573766
1096,-1.2986966272713005,0.1304990903314056,0.5962092635577652
1097,-1.2986966272715965,0.13049908988278888,0.5962092635573766
1098,-1.2986966272718925,0.13049908988282116,0.5962092635577652
1099,-1.2986966272245495,0.1304990903314056,0.5962092635573766
1100,-1.2986966272715965,0.13049908988278888,0.5962092635577652
1101,-1.2986966272718925,0.13049908988278888,0.5962092635573766
1102,-1.2986966272245495,0.1304990903314056,0.5962092635577652
1103,-1.2986966272715965,0.13049908988278888,0.5962092635573766
1104,-1.1865222582356258,0.08208915188235874,0.7784628805546524
1105,-1.186522258282377,0.08208915233104003,0.7784628805546524
1106,-1.1865222582826729,0.08208915188235874,0.7784628805542638
1107,-1.1865222582356258,0.08208915188235874,0.7784628805546524
1108,-1.1865222582356258,0.08208915233100775,0.7784628805546524
1109,-1.1865222582829686,0.08208915188235874,0.7784628805546524
1110,-1.167646763466737,0.11689897387103501,0.6382677905570169
1111,-1.1676467634670329,0.11689897342241828,0.6382677905566284
1112,-1.1676467634673287,0.11689897387109957,0.6382677905570169
1113,-1.1676467634670329,0.11689897342241828,0.6382677905566284
1114,-1.1676467634670329,0.11689897387109957,0.6382677905570169
1115,-1.1676467634676246,0.11689897342241828,0.6382677905570169
1116,-1.1676467635134882,0.11689897387109957,0.6382677905566284
1117,-1.1676467634673287,0.11689897342241828,0.6382677905570169
1118,-1.1676467634670329,0.11689897387109957,0.6382677905570169
1119,-1.1676467634670329,0.116898973422386,0.6382677905566284
1120,-1.1676467634676246,0.11689897387109957,0.6382677905570169
1121,-1.167646763466737,0.11689897342241828,0.6382677905566284
1122,-1.1676467634673287,0.11689897387106729,0.6382677905570169
1123,-1.1485465604299285,0.06805728597084053,0.5316611075379047
1124,-1.148546560384065,0.06805728597084053,0.5316611075375163
1125,-1.1485465604299285,0.06805728597080825,0.5316611075379047
1126,-1.1485465604308163,0.06805728597090509,0.5316611075375163
1127,-1.1485465604302245,0.06805728552215923,0.5316611075379047
1128,-1.1485465603831775,0.06805728597084053,0.5316611075379047
1129,-1.1485465604305203,0.06805728597080825,0.5316611075375163
1130,-1.1485465604302245,0.06805728597084053,0.5316611075379047
1131,-1.1485465603837692,0.06805728597084053,0.5316611075379047
1132,-1.1485465604299285,0.06805728597084053,0.5316611075375163
1133,-1.1485465604305203,0.06805728597080825,0.5316611075379047
1134,-1.1485465604302245,0.06805728597084053,0.5316611075375163
1135,-1.1485465603834732,0.06805728597087281,0.5316611075379047
1136,-1.1485465604308163,0.06805728552219151,0.5316611075379047
1137,-1.1485465604296325,0.06805728597080825,0.5316611075375163
1138,-1.1485465604308163,0.06805728597084053,0.5316611075379047
1139,-1.1485465603831775,0.06805728597084053,0.5316611075375163
1140,-1.1485465604305203,0.06805728597080825,0.5316611075379047
1141,-1.3851643700059115,-0.06173747539315287,0.588615362849432
1142,-1.3851643700523668,-0.06173747539318515,0.588615362849432
1143,-1.3851643700056158,-0.06173747539315287,0.5886153628490435
1144,-1.3851643700526628,-0.06173747539321743,0.588615362849432
1145,-1.3851643700062075,-0.061737475841834165,0.588615362849432
1146,-1.3851643700523668,-0.06173747539315287,0.588615362849432
1147,-1.3851643700059115,-0.06173747539318515,0.5886153628490435
1148,-1.3851643700523668,-0.06173747539318515,0.588615362849432
1149,-1.3851643700059115,-0.06173747539318515,0.588615362849432
1150,-1.2866779448848824,-0.3403702452601818,0.9574619686768727
1151,-1.2866779448381311,-0.340370244811565,0.9574619686764841
1152,-1.2866779448848824,-0.34037024526021403,0.9574619686768727
1153,-1.2866779448381311,-0.34037024526021403,0.9574619686764841
1154,-1.2866779448851782,-0.34037024526021403,0.9574619686768727
1155,-1.2866779448378354,-0.3403702448115328,0.9574619686764841
1156,-1.2866779448848824,-0.3403702452601818,0.9574619686768727
1157,-1.2858433141675198,-0.4686615922111306,0.24688983097988
1158,-1.2858433141207686,-0.4686615922110983,0.24688983097988
1159,-1.2858433141678156,-0.4686615922111629,0.24688983097988
1160,-1.2858433141204728,-0.468661592211066,0.24688983097988
1161,-1.2858433141675198,-0.4686615926597796,0.24688983097988
1162,-1.2858433141210646,-0.4686615922111306,0.24688983097988
1163,-1.2858433141672239,-0.468661592211066,0.24688983097988
1164,-1.2858433141207686,-0.4686615922111306,0.24688983097988
1165,-1.2858433141675198,-0.4686615922111306,0.24688983097988
1166,-1.0068679954149398,-0.8150732866406522,0.9635642103173102
1167,-1.0068679953684845,-0.8150732861920031,0.9635642103173102
1168,-1.0068679954152358,-0.8150732866407168,0.9635642103169217
1169,-1.0068679953678927,-0.8150732866406522,0.9635642103173102
1170,-1.0068679954155317,-0.8150732866406845,0.9635642103173102
1171,-1.0068679954149398,-0.8150732866406522,0.9635642103169217
1172,-1.0068679953684845,-0.8150732861920355,0.9635642103173102
1173,-1.006867995414644,-0.8150732866406845,0.9635642103173102
1174,-1.0147552557341986,-1.258655653303862,0.6645543699315979
1175,-1.0147552557344943,-1.258655653752543,0.6645543699312093
1176,-1.0147552556874473,-1.258655653303862,0.6645543699315979
1177,-1.0147552557341986,-1.2586556537525109,0.6645543699312093
1178,-1.0147552557341986,-1.2586556533038942,0.6645543699315979
1179,-0.3013963778729575,-1.6333064781215314,-0.01889669380750623
1180,-0.3013963778265022,-1.6333064785701965,-0.01889669380750623
1181,-0.30139637787325335,-1.633306478570148,-0.01889669380750623
1182,-0.3013963778729575,-1.6333064781215314,-0.01889669380750623
1183,-0.3013963778265022,-1.6333064781215314,-0.01889669380750623
1184,-0.3013963778729575,-1.6333064785701965,-0.01889669380750623
1185,-0.06039675692607475,-1.959547364938722,-0.01889669380750623
1186,-0.0603967569731218,-1.9595473649387545,-0.01889669380750623
1187,-0.06039675697253001,-1.9595473649387383,-0.01889669380750623
1188,-0.06039675692577885,-1.9595473649387545,-0.01889669380750623
1189,0.08181293671451215,-2.36997944857105,0.47815862527530195
1190,0.08181293671480803,-2.369979448122385,0.47815862527530195
1191,0.08181293666835278,-2.36997944857105,0.4781586252756904
1192,0.08181293671421626,-2.369979448122385,0.47815862527530195
1193,0.08181293671539983,-2.3699794485710663,0.47815862527530195
1194,0.08181293671451215,-2.369979448122385,0.47815862527530195
1195,0.08181293671480803,-2.369979448571034,0.47815862527530195
1196,0.08181293671510394,-2.3699794481224172,0.47815862527530195
1197,0.0818129366674651,-2.36997944857105,0.4781586252756904
1198,0.08181293671539983,-2.369979448122385,0.47815862527530195
1199,0.08181293671451215,-2.3699794485710663,0.47815862527530195
1200,0.3208208251990414,-2.0647863608454124,0.03805756150402103
1201,0.3208208251990414,-2.064786360845461,0.03805756150402103
1202,0.3208208251990414,-2.0647863603967638,0.038057561504409525
1203,0.3208208251990414,-2.064786360845429,0.03805756150402103
1204,0.3208208251990414,-2.064786360845445,0.03805756150402103
1205,0.3208208251990414,-2.064786360845445,0.03805756150402103
1206,0.9693288959860228,-2.727792033577027,0.3228288380620458
1207,0.9693288959860228,-2.727792034025676,0.32282883806165735
1208,0.9693288959857269,-2.727792033577027,0.3228288380620458
1209,1.0438196879006196,-2.1647634065305614,-0.01889669380750623
1210,1.043819687899732,-2.1647634069792265,-0.01889669380750623
1211,1.043819687899732,-2.164763406530578,-0.01889669380750623
1212,1.0438196879464832,-2.1647634069792265,-0.01889669380750623
1213,1.0438196879000279,-2.1647634065305614,-0.01889669380750623
1214,1.0438196879000279,-2.16476340653057,-0.01889669380750623
1215,1.0438196879000279,-2.1647634069792265,-0.01889669380750623
1216,1.0438196878994361,-2.16476340653057,-0.01889669380750623
1217,0.9386562169465958,-2.1963351056166296,0.8354171358661796
1218,0.9386562169930511,-2.1963351051679805,0.8354171358661796
1219,0.9386562169927553,-2.1963351051679805,0.8354171358661796
1220,0.9386562169465958,-2.1963351056166456,0.8354171358661796
1221,0.12101023041509791,-2.1552918970290786,0.6645543699315979
1222,0.1210102304153938,-2.1552918970290706,0.6645543699312093
1223,0.12101023046184907,-2.1552918970290786,0.6645543699315979
1224,0.12101023041509791,-2.1552918970290786,0.6645543699312093
1225,0.12101023041509791,-2.1552918970290706,0.6645543699315979
1226,-0.2977878273837716,-1.9279756663013357,0.38313334368601587
1227,-0.2977878273843633,-1.9279756663013357,0.38313334368601587
1228,-0.29778782738406745,-1.9279756663013357,0.38313334368601587
1229,-0.2977878273843633,-1.9279756663013274,0.38313334368601587
1230,-0.2977878273837716,-1.9279756663013357,0.38313334368601587
1231,-0.29778782738406745,-1.9279756663013357,0.38313334368601587
1232,-0.29778782738406745,-1.9279756663013397,0.38313334368601587
1233,-0.2977878273843633,-1.9279756663013357,0.38313334368601587
1234,-0.2977878273370204,-1.9279756667499925,0.3831333436856274
1235,-0.2977878273843633,-1.9279756663013314,0.38313334368601587
1236,-0.29778782738347565,-1.9279756663013357,0.38313334368601587
1237,-0.2977878273843633,-1.9279756663013314,0.38313334368601587
1238,-0.2977878273837716,-1.9279756663013314,0.38313334368601587
1239,-0.2977878273843633,-1.9279756663013397,0.38313334368601587
1240,-0.29778782738406745,-1.9279756663013314,0.38313334368601587
1241,-0.2977878273843633,-1.9279756663013314,0.38313334368601587
1242,-0.2977878273837716,-1.9279756663013337,0.38313334368601587
1243,-0.6957593938790884,-1.9805951640303523,0.26587458275051856
1244,-0.6957593938790884,-1.9805951640303503,0.2658745827501301
1245,-0.6957593938787925,-1.9805951644790114,0.26587458275051856
1246,-0.6957593938790884,-1.9805951640303503,0.26587458275051856
1247,-0.6957593938790884,-1.9805951640303503,0.2658745827501301
1248,-0.6957593938323372,-1.9805951644790107,0.26587458275051856
1249,-0.6957593938787925,-1.9805951640303503,0.26587458275051856
1250,-0.6957593938787925,-1.9805951640303503,0.2658745827501301
1251,-0.6957593938793842,-1.9805951640303507,0.26587458275051856
1252,-0.6957593938790884,-1.9805951640303512,0.26587458275051856
1253,-0.6957593938790884,-1.9805951644790083,0.2658745827501301
1254,-0.6957593938787925,-1.9805951640303523,0.26587458275051856
1255,-0.993722561534221,-2.4120750467542638,-0.01889669380750623
1256,-0.9937225615339251,-2.412075046754266,-0.01889669380750623
1257,-0.9937225615345169,-2.4120750467542638,-0.01889669380750623
1258,-0.7308138841968004,-2.085834159937047,-1.7275243531548778
1259,-0.7308138841503451,-2.085834159937047,-1.7275243531548778
1260,-0.8359773551502324,-2.0542624608509708,-0.01889669380750623
1261,-1.0463042970112328,-2.2752643522101565,-0.01889669380750623
1262,-1.0463042969641858,-2.2752643522101645,-0.01889669380750623
1263,-1.046304297010937,-2.2752643522101685,-0.01889669380750623
1264,-1.046304297010937,-2.2752643522101565,-0.01889669380750623
1265,-1.6247033871621985,-2.3068360508475756,-1.0440732894157738
1266,-1.2829221066333751,-2.717268134031218,-1.2149360553507442
1267,-1.2829221066330794,-2.717268134479883,-1.2149360553507442
1268,-1.2303403711560674,-2.8593407783482276,-0.01889669380750623
1269,-1.2303403711566592,-2.8593407783482196,-0.01889669380750623
1270,-1.2303403711099081,-2.8593407787968848,-0.01889669380750623
1271,-1.2303403711563634,-2.8593407783482356,-0.01889669380750623
1272,0.005330412384904826,-2.685696435393799,-0.01889669380750623
1273,0.9518016508270188,-2.4331228458458796,-0.01889669380750623
1274,1.7405276828860317,-1.8016888717517003,-0.01889669380750623
1275,2.0560180956998724,-0.9176813072122555,-0.01889669380750623
1276,2.0034363602228606,-0.0968171408449542,-0.01889669380750623
1277,1.635364211932008,-0.03367374312148357,-0.01889669380750623
1278,0.47856603162948536,1.1660508077920455,-0.01889669380750623
1279,-0.31016000042893593,1.3554810005138407,-0.01889669380750623
1280,-2.430242965312682,0.7394870075960762,-0.01889669380750623
1281,-1.7656350475014677,1.6557580057115096,-0.01889669380750623
1282,-0.09983305856823128,1.955343275970601,-0.01889669380750623
1283,-0.09983305856882307,1.955343275970601,-0.01889669380750623
1284,-0.09983305852207192,1.955343275521944,-0.01889669380750623
1285,-0.09983305856852717,1.955343275970593,-0.01889669380750623
1286,0.74147470896661,1.931664501992545,0.40826022102933673
1287,0.7414747089663142,1.9316645015438798,0.40826022102933673
1288,0.7414747089672019,1.931664501992545,0.40826022102933673
1289,0.7414747089198589,1.9316645019925531,0.40826022102933673
1290,0.74147470896661,1.931664501992537,0.40826022102933673
1291,0.741474708966906,1.931664501992537,0.40826022102933673
1292,0.7414747089663142,1.931664501543888,0.40826022102933673
1293,0.741474708966906,1.9316645019925491,0.40826022102933673
1294,0.8320321422490233,1.955343275970593,0.17095082389771413
1295,0.8320321422954786,1.955343275970605,0.17095082389771413
1296,0.8320321422490233,1.955343275970601,0.17095082389771413
1297,0.8320321422487275,1.95534327552194,0.17095082389771413
1298,0.8320321422957745,1.955343275970597,0.17095082389810262
1299,0.8320321422490233,1.955343275970601,0.17095082389771413
1300,0.8320321422490233,1.955343275970601,0.17095082389771413
1301,0.8320321422954786,1.955343275970601,0.17095082389771413
1302,0.8320321422487275,1.955343275521938,0.17095082389771413
1303,0.8320321422490233,1.955343275970601,0.17095082389771413
1304,0.8320321422957745,1.955343275970601,0.17095082389771413
1305,0.8320321422487275,1.955343275970601,0.17095082389771413
1306,0.8320321422490233,1.955343275970599,0.17095082389771413
1307,0.8320321422954786,1.955343275970601,0.17095082389810262
1308,0.8320321422487275,1.955343275970601,0.17095082389771413
1309,0.8320321422493192,1.9553432755219395,0.17095082389771413
1310,0.8320321422954786,1.9553432759706006,0.17095082389771413
1311,0.8320321422490233,1.9553432759706006,0.17095082389771413
1312,0.8466381799200421,2.586777250064778,-0.01889669380750623
1313,0.8466381798735868,2.5867772505134385,-0.01889669380750623
1314,0.794056444443622,2.618348948702187,-1.385798821285326
1315,1.1621285926877234,2.492062154152549,-1.7275243531548778
1316,1.0043833863040308,2.5867772505134377,-0.18975945974247652
1317,1.0043833863040308,2.5867772500647783,-0.18975945974208802
1318,0.4403247694643858,3.0947945842348337,-0.6402158426609194
1319,0.44032476941793053,3.0947945842348377,-0.6402158426613079
1320,0.4403247694643858,3.0947945837861726,-0.6402158426609194
1321,0.4403247694646817,3.0947945842348337,-0.6402158426613079
1322,0.440324769463794,3.0947945842348337,-0.6402158426609194
1323,0.44032476941793053,3.0947945842348377,-0.6402158426613079
1324,0.4403247694643858,3.0947945842348337,-0.6402158426609194
1325,0.4403247694646817,3.0947945842348417,-0.6402158426613079
1326,0.4403247694643858,3.0947945837861686,-0.6402158426609194
1327,0.44032476941763465,3.0947945842348337,-0.6402158426613079
1328,0.4403247694646817,3.0947945842348417,-0.6402158426609194
1329,-0.15241479404583497,2.428918756429061,-1.157981800039217
1330,-0.15241479399849203,2.428918756877726,-1.1579818000388284
1331,-0.15241479404553906,2.428918756429069,-1.157981800039217
1332,-0.7308138841503451,3.691786705514742,-0.01889669380750623
1333,-1.5195399162552217,3.4602609146097514,-0.01889669380750623
1334,-1.5195399162090624,3.4602609150584245,-0.01889669380750623
1335,-1.5195399162552217,3.4602609146097434,-0.01889669380750623
1336,-2.115466251565783,3.523404312333238,-1.157981800039217
1337,-2.115466251519032,3.523404311884573,-1.1579818000388284
1338,-2.115466251565487,3.523404312333222,-1.157981800039217
1339,-1.3267402195076576,2.9551137350652152,-0.01889669380750623
1340,-1.3267402195073617,2.9551137355138803,-0.01889669380750623
1341,-1.32674021950677,2.9551137350651993,-0.01889669380750623
1342,-0.7833956196738123,4.659985465971969,-0.01889669380750623
1343,-0.7833956196270612,4.659985465971921,-0.01889669380750623
1344,-0.7833956196735163,4.659985465971953,-0.01889669380750623
1345,-0.047251323091811175,3.4286892159723323,-0.5884392469231674
1346,-0.04725132309210706,3.4286892159723488,-0.5884392469235559
1347,-0.04725132304506001,3.4286892159723488,-0.5884392469231674
1348,-0.047251323091811175,3.4286892164209974,-0.5884392469231674
1349,-0.04725132309210706,3.4286892159723323,-0.5884392469235559
1350,-0.047251323091811175,3.4286892159723488,-0.5884392469231674
1351,0.12101023041509791,3.4392131155181334,-0.7023477575466104
1352,0.1210102304153938,3.4392131155181658,-0.7023477575462219
1353,0.12101023046184907,3.4392131159667825,-0.7023477575466104
1354,0.12101023041509791,3.4392131155181658,-0.7023477575462219
1355,0.1210102304153938,3.4392131155181334,-0.7023477575466104
1356,1.1621285926874276,6.5963829873350095,-0.01889669380750623
1357,2.056018095700168,3.565499910516426,-3.4361520125022498
1358,3.055071069618407,1.9237715773332225,-0.01889669380750623
1359,3.633470159770556,3.0603527309719056,-2.7527009487631453
1360,4.3170327208752495,2.9340659359735812,-0.7023477575466104
1361,4.685104869165806,2.492062154152548,-3.4361520125022498
1362,5.31608569479467,2.365775359154256,-3.4361520125022498
1363,5.947066520422648,1.9237715773331903,-3.4361520125022498
1364,6.315138668760252,1.2923376027903457,-3.4361520125022498
1365,6.8935377588647615,0.724047025970988,-3.4361520125022498
1366,7.261609907155615,0.40833003869959805,-3.4361520125022498
1367,7.6822637909234786,-0.033673743570148726,-3.4361520125022498
1368,7.73484552640049,-0.4756775249425329,-3.4361520125022498
1369,8.102917674690751,-0.6019643203895064,-6.853407331196993
1370,8.286953748836474,-0.5230350733473103,-3.863308927339093
1371,8.286953748836474,-0.5230350733473426,-3.863308927339093
1372,8.286953748789722,-0.523035073347278,-3.863308927339093
1373,8.286953748836474,-0.5230350733473103,-3.863308927339093
1374,6.183684330045086,-1.2018265958462828,-2.5818381828285637
1375,6.183684330045086,-1.2018265958462828,-2.5818381828285637
1376,5.105758752933671,-1.2333982944836372,-3.4361520125022498
1377,6.10481172680634,-2.6856964358424884,-3.4361520125022498
1378,4.001542308060817,-1.7385454740282218,-3.4361520125022498
1379,2.48103768137082,-2.540135000474685,-0.2392032034726005
1380,1.788743716459369,-2.9575446653112216,-1.8489433753593356
1381,0.4785660315827342,-3.5065606022097815,-1.0440732894157738
1382,0.05791214786162083,-4.264281371302253,-2.410975416893982
1383,-0.2575782649525158,-4.558950559482041,-2.5248839275170365
1384,-0.2575782649989711,-4.558950559033408,-2.524883927516648
1385,-0.25757826495192404,-4.558950559482041,-2.5248839275170365
1386,4.15928751449126,-8.55803239720651,-6.51168179932783
1387,2.4503811117057075,-1.5175435831176567,-1.2149360553503556
1388,2.4503811117060033,-1.51754358266904,-1.2149360553507442
1389,6.472883875143649,-1.675402076753384,-5.486505203719174
1390,6.157393462330104,-1.9279756663013357,-3.4361520125022498
1391,6.157393462283056,-1.2333982944836857,-2.7527009487631453
1392,7.419355113586058,-0.7282511149391496,-4.119603076241354
1393,8.365826352028469,-0.47567752539119806,-3.4361520125022498
1394,7.612154810287463,0.11366085051977762,-4.575237118733961
1395,7.612154810334214,0.11366085096841048,-4.575237118733572
1396,7.612154810287759,0.11366085051977762,-4.575237118733961
1397,6.805901533117085,0.11366085096844276,-3.4361520125022498
1398,6.805901533069742,0.11366085051974534,-3.4361520125022498
1399,6.805901533117381,0.11366085096841048,-3.4361520125022498
1400,8.102917674644,-0.41253412811637646,-4.80305413998007
1401,3.686051895246976,0.02946965415333804,-2.06924988502443
1402,4.6851048691663975,-0.4125341276677113,-2.7527009487631453
1403,4.054124043537828,-3.127700217663538,-0.7023477575466104
1404,2.2137633021303165,-4.769428550846773,-3.777877544371802
1405,1.0043833863040308,-4.958858743119903,-3.0944264806326975
1406,-0.4153234713826638,-5.779722909935845,-3.4361520125022498
1407,-0.993722561534221,-6.032296499483813,-3.4361520125022498
1408,-0.9411408260572092,-6.284870089031732,-3.4361520125022498
1409,-1.3880855775871033,-6.853160666299772,-3.4361520125022498
1410,-1.3880855775400562,-6.853160666299739,-3.4361520125022498
1411,0.1104938833386327,-8.873749384029242,-3.0944264806326975
1412,1.7405276828389846,-4.51685496085018,-3.777877544371802
1413,0.5311477671062014,-6.916304063574577,-3.4361520125022498
1414,0.26823908972232546,-7.074162557210288,-3.4361520125022498
1415,0.26823908972202953,-7.0741625572102755,-3.4361520125022498
1416,-1.1514677679179137,-6.97944746129806,-3.4361520125022498
1417,-1.6641396887584916,-7.011019159935462,-2.5818381828285637
1418,-1.664139688804651,-7.011019159486807,-2.5818381828285637
1419,-1.6641396887584916,-7.011019159486801,-2.5818381828285637
1420,-1.6641396887584916,-7.011019159935464,-2.5818381828285637
1421,-2.6763380965577444,-5.842866307210679,-3.4361520125022498
1422,-3.9908814832915986,-5.085145538118201,-3.777877544371802
1423,-5.620915282838702,-4.137994576752604,-3.0944264806326975
1424,-6.514804785850555,-3.3171304094879863,-3.4361520125022498
1425,-7.093203876002408,-2.748839833117294,-3.0944264806326975
1426,-7.356112553339237,-2.1805492562979323,-3.777877544371802
1427,-7.3561125533398295,-1.8648322685778569,-3.4361520125022498
1428,-6.5148047858041,-2.0226907622135557,-3.4361520125022498
1429,-6.514804785850852,-2.0226907626622292,-3.4361520125022498
1430,-5.042516192640689,-3.380273807211473,-3.4361520125022498
1431,-3.88571801238403,-4.769428550846781,-3.4361520125022498
1432,-2.886665038418745,-5.527149320387918,-3.4361520125022498
1433,-2.83408330298878,-5.022002140394725,-1.7275243531548778
1434,-2.728919831988005,-4.83257194857026,-2.4109754168937876
1435,-4.201208425198758,-4.201137973578766,-3.4361520125022498
1436,-5.831242224699407,-2.24369265357275,-3.4361520125022498
1437,-6.830295198664988,-0.9176813072122555,-4.11960307624116
1438,-6.3044778439433955,-1.9279756663013357,-3.4361520125022498
1439,-5.410588340978293,-3.3171304099366434,-2.06924988502443
1440,-2.9918285093724726,-5.716579512661048,-3.4361520125022498
1441,-1.3617947098250738,-5.906009704485505,-3.4361520125022498
1442,-0.7833956196267652,-6.41115688403004,-3.4361520125022498
1443,-0.13926936016452435,-6.853160666299739,-3.4361520125022498
1444,-0.13926936016482022,-6.85316066585109,-3.4361520125022498
1445,-0.13926936016452435,-6.853160666299755,-3.4361520125022498
1446,-0.13926936016452435,-6.853160666299772,-3.4361520125022498
1447,-1.4669581807788017,-7.232021050845983,-3.2652892465674737
1448,-1.4669581807317547,-7.232021050845999,-3.2652892465674737
1449,-2.9392467738957566,-7.168877653122513,-2.410975416893982
1450,-4.043463218768019,-6.790017269024934,-1.385798821285326
1451,-5.200261399070837,-6.221726691756895,-3.4361520125022498
1452,-6.19931437303701,-5.2114323326678225,-3.4361520125022498
1453,-7.461276024246214,-4.516854961298853,-3.4361520125022498
1454,-8.039675114444522,-3.3802738072114895,-3.777877544371802
1455,-8.775819411026228,-2.559409640844164,-3.0944264806326975
1456,-8.512910733689104,-2.1805492558492547,-3.4361520125022498
1457,-8.723237675549216,-2.275264352210193,-4.290465842175936
1458,-8.723237675549512,-2.2752643522101605,-4.290465842175936
1459,-8.723237675503057,-2.2752643522101605,-4.290465842175936
1460,-8.723237675549216,-2.2752643522101605,-4.290465842175936
1461,-8.495383488530099,-2.917222226298822,-3.4361520125022498
1462,-8.495383488483643,-2.9172222258501406,-3.4361520125022498
1463,-8.495383488529507,-2.9172222262987897,-3.4361520125022498
1464,-9.222764162509074,-2.906698326753005,-4.973916905914845
1465,-9.222764162509371,-2.906698326304356,-4.973916905914845
1466,-6.488513918088822,-1.1702548967601505,-1.898387119089654
1467,-6.488513918089118,-1.1702548972088962,-1.898387119089654
1468,-8.35516552725866,-1.3596850894819617,-3.4361520125022498
1469,-8.583019714278072,0.40833003869959805,-3.4361520125022498
1470,-8.583019714324823,0.40833003869956574,-3.4361520125022498
1471,-8.583019714277777,0.40833003869959805,-3.4361520125022498
1472,-8.407747262735375,0.2609954446096394,-3.4361520125022498
1473,-8.407747262688623,0.2609954450583207,-3.4361520125022498
1474,-8.407747262735375,0.26099544460967167,-3.4361520125022498
1475,-7.513857759723522,-0.9808247049357341,-3.4361520125022498
1476,-7.1457856114788285,-1.8016888713030594,-3.4361520125022498
1477,-6.935458669571669,-2.685696435393775,-1.044073289415968
1478,-6.146732637559999,-3.443417204934944,-2.4109754168937876
1479,-5.463170076455009,-4.327424768577075,-3.4361520125022498
1480,-4.096044954198575,-5.274575730391342,-3.4361520125022498
1481,-3.4650641286164614,-6.095439897207251,-3.4361520125022498
1482,-4.148626689675291,-5.96915310176031,-3.4361520125022498
1483,-5.5157518119314295,-5.148288935393017,-3.4361520125022498
1484,-6.777713463188272,-4.327424769025724,-3.4361520125022498
1485,-7.461276024246214,-3.695990794482879,-3.4361520125022498
1486,-8.092256849921238,-3.317130409936684,-3.4361520125022498
1487,-8.09225684992183,-3.064556819940035,-6.853407331196993
1488,-8.51291073364176,-3.285558711299233,-3.607014778437026
1489,-8.512910733689104,-3.285558711299233,-3.607014778437026
1490,-8.460328998165636,-3.759134191757749,-6.511681799327442
1491,-8.618074204595784,-3.695990794482847,-3.4361520125022498
1492,-8.61807420464283,-3.695990794482879,-3.4361520125022498
1493,-8.618074204595487,-3.695990794482944,-3.4361520125022498
1494,-9.354218501177785,-2.1805492558492228,-3.4361520125022498
1495,-9.091309823840364,-1.359685089481994,-3.4361520125022498
1496,-9.406800236654204,-0.22310393539459744,-3.4361520125022498
1497,-9.143891559270921,0.9766206155189234,-3.4361520125022498
1498,-9.14389155931708,1.1660508077920535,-3.4361520125022498
1499,-9.20961872862806,-0.06524544220753532,-3.4361520125022498
1500,-9.209618728674515,-0.06524544175885404,-3.4361520125022498
1501,-9.209618728628357,-0.06524544175898316,-3.4361520125022498
1502,-9.209618728628651,-0.06524544220753532,-3.4361520125022498
1503,-8.986146352886045,-0.9808247049357341,-3.4361520125022498
1504,-8.933564617410216,-2.1174058585744495,-6.511681799327442
1505,-8.723237675549512,-2.2752643522101605,-3.607014778437026
1506,-8.723237675549512,-2.2752643522101605,-3.607014778437026
1507,-7.5664394951996465,-1.7385454735795405,-3.4361520125022498
1508,-7.566439495200238,-1.738545474028254,-3.4361520125022498
1509,-6.90916780185639,-2.275264352210096,-3.607014778437026
1510,-6.909167801856983,-2.275264352210193,-3.607014778437026
1511,-6.409641314897419,-3.380273807660138,-5.828230735588532
1512,-6.199314372989668,-3.3802738072114247,-4.11960307624116
1513,-6.5936773890428455,-2.275264352210193,-3.4361520125022498
1514,-6.593677389043141,-2.275264352210193,-3.4361520125022498
1515,-6.882876934094657,-1.6754020763047026,-3.4361520125022498
1516,-7.671602966153374,0.40833003869959805,-3.4361520125022498
1517,-7.829348172584114,1.1029074105172156,-3.4361520125022498
1518,-8.144838585351499,0.47147343597437125,-4.11960307624116
1519,-7.9870933789675105,-0.6651077176643442,-5.144779671849622
1520,-7.829348172583818,-2.306836050847547,-2.75270094876334
1521,-7.776766437107398,-4.264281371302237,-5.144779671849622
1522,-7.619021230676954,-4.074851179029107,-3.4361520125022498
1523,-7.356112553339237,-3.948564384030815,-3.4361520125022498
1524,-7.724184701630682,-3.7591341922064307,-3.4361520125022498
1525,-8.618074204595784,-3.001413422665165,-3.0944264806326975
1526,-9.038728088363944,-1.170254896760215,-4.461328608110712
1527,-8.98614635288634,-0.5703926213034063,-2.75270094876334
1528,-8.986146352887229,-0.5703926217520876,-2.75270094876334
1529,-8.749528543264494,-0.5703926217520876,-2.75270094876334
1530,-8.749528543264494,-0.5703926213034708,-2.7527009487631453
1531,-8.74952854331095,-0.5703926213034063,-2.75270094876334
1532,-8.749528543264494,-0.5703926217520876,-2.75270094876334
1533,-8.986146352886932,-0.6019643203895064,-4.461328608110712
1534,-8.986146352886637,-0.6019643199408251,-4.461328608110712
1535,-9.284109520542065,-0.6651077176643442,-5.030871161226373
1536,-9.284109520588224,-0.6651077176642797,-5.0308711612265675
1537,-9.284109520542065,-0.6651077176643442,-5.030871161226373
1538,-9.564545443084649,-1.2018265958463152,-5.657367969653755
1539,-9.564545443038194,-1.2018265953975693,-5.65736796965395
1540,-9.529490952720186,-1.8016888713029948,-4.689145629357015
1541,-9.529490952767233,-1.8016888717517408,-4.689145629356821
1542,-9.529490952720481,-1.8016888713029948,-4.689145629357015
1543,-8.986146352886637,-0.6966794163017631,-4.461328608110712
1544,-8.986146352886932,-0.6966794163016985,-4.461328608110712
1545,-8.986146352886637,0.597760230972728,-3.4361520125022498
1546,-8.460328998212091,1.2291942050667621,-3.4361520125022498
1547,-7.434985156531232,1.5133394937009592,-5.144779671849622
1548,-7.4349851565315275,1.5133394941495115,-5.144779671849622
1549,-6.725131727711556,1.544911192786995,-3.2652892465674737
1550,-6.725131727711556,1.544911192338249,-3.2652892465674737
1551,-5.603388037678811,1.9869149746079635,-2.4109754168937876
1552,-5.603388037726745,1.9869149746080925,-2.410975416893982
1553,-5.603388037679698,1.9869149746079635,-2.4109754168937876
1554,-4.41153536701212,2.4289187568777426,-3.4361520125022498
1555,-3.5965184672860593,1.5764828914243492,-0.5314849916116401
1556,-3.596518467284876,1.5764828909757325,-0.5314849916118344
1557,-1.4593321286933307,-0.008766373841902295,-1.0535438284985905
1558,-1.315738723382008,-0.3055476014424474,-0.8695385458642452
1559,-1.0474046000160067,-0.8601450108926438,-0.5256864301459646
1560,0.16307561876859755,-2.0542624612997087,-1.044073289415968
1561,4.369614456351965,-3.948564384030815,-2.4109754168937876
1562,3.1076528050957144,-1.6754020767533193,-1.385798821285326
1563,3.133943672810993,-2.480480393802,-1.385798821285326
1564,3.133943672810697,-2.480480393802,-1.3857988212855201
1565,3.133943672810401,-2.480480393802,-1.3857988212855201
1566,3.133943672810993,-2.4804803938019355,-1.385798821285326
1567,3.927927878430874,-3.3045017303022632,-2.6160107360154803
1568,3.927927878384123,-3.3045017303021984,-2.6160107360154803
1569,3.927927878431466,-3.30450173075088,-2.6160107360156744
1570,3.927927878384715,-3.3045017303021984,-2.6160107360154803
1571,3.9279278784305784,-3.3045017303022632,-2.6160107360154803
1572,4.566795964378702,-4.1064228776665255,-1.898387119089654
1573,4.566795964331655,-4.1064228781152075,-1.8983871190894597
1574,4.566795964331655,-4.1064228776665255,-1.898387119089654
1575,4.566795964378702,-4.1064228776665255,-1.898387119089654
1576,5.1057587528872155,-4.422139864937948,-3.4361520125022498
1577,5.105758752933671,-4.422139864937948,-3.4361520125022498
1578,5.947066520469103,-3.790705890843785,-3.0944264806326975
1579,5.947066520422352,-3.7907058903951683,-3.0944264806328916
1580,7.051282965295205,-2.3699794485710015,-0.7023477575464161
1581,7.209028171679194,-2.3068360508476116,-3.4361520125022498
1582,7.892590732830639,-0.6019643199408251,-3.4361520125022498
1583,7.934656121183842,-0.8545379099374096,-2.274285204146122
1584,7.934656121184139,-0.8545379099374741,-2.274285204145928
1585,7.934656121137091,-0.8545379099374096,-2.274285204146122
1586,7.934656121184139,-0.8545379099374096,-2.274285204145928
1587,7.934656121183842,-0.8545379099374741,-2.274285204146122
1588,7.840008997353923,-1.675402076753384,-2.4109754168937876
1589,7.314191642632626,-2.938270024941775,-3.4361520125022498
1590,6.472883875097193,-4.074851179477788,-2.75270094876334
1591,5.894484784992387,-4.832571948121562,-0.7023477575464161
1592,5.894484784945636,-4.769428550846789,-3.4361520125022498
1593,5.894484784945636,-4.769428550846789,-3.4361520125022498
1594,6.420302139667228,-3.5065606022098463,-0.01889669380750623
1595,6.52546561062066,-3.317130409936587,-3.4361520125022498
1596,7.629682055446467,-0.5388209226659874,-0.7023477575464161
1597,7.4193551135857625,0.15575644915156572,-2.75270094876334
1598,6.998701229818786,0.15575644915163028,-3.4361520125022498
1599,5.947066520422648,0.09261305142824035,-1.7275243531548778
1600,5.947066520422352,0.09261305142811123,-1.7275243531548778
1601,4.711395736928427,-0.633536018578244,-1.7275243531548778
1602,4.711395736881085,-0.6335360190268607,-1.7275243531548778
1603,3.0550710696187027,-2.1174058585744815,-0.01889669380750623
1604,0.5837295025361662,-1.4859718840316372,-1.7275243531548778
1605,0.583729502536462,-1.485971884480254,-1.7275243531548778
1606,-0.9937225615345169,-3.3171304099366514,-0.01889669380750623
1607,-3.0969919802791535,-2.1805492562980007,-0.01889669380750623
1608,-4.096044954244439,-0.6019643199407606,-2.75270094876334
1609,-4.358953631582451,-0.033673743570181006,-0.7023477575464161
1610,-9.196473294747046,-0.8545379094887283,-3.4361520125022498
1611,-5.1301524184818685,-1.0860637003938078,-2.297066906270733
1612,-5.130152418435709,-1.0860637008424892,-2.297066906270539
1613,-5.1301524184818685,-1.0860637003937432,-2.297066906270733
1614,-5.8049513569841285,-0.7913945126625719,-1.7275243531548778
1615,-5.804951356983833,-0.7913945126626364,-1.7275243531548778
1616,-6.251896108513726,-0.03367374312143515,-3.4361520125022498
1617,-6.409641314897123,0.7871904232457935,-0.01889669380750623
1618,-6.672549992234544,0.3241388423331262,-3.4361520125022498
1619,-6.672549992234544,0.32413884188444486,-3.4361520125022498
1620,-6.672549992234249,0.3241388423332553,-3.4361520125022498
1621,-6.725131727664805,-1.9279756663014163,-3.4361520125022498
1622,-6.146732637559703,-3.443417204486198,-3.4361520125022498
1623,-4.937352721733417,-4.832571948570308,-3.0944264806326975
1624,-4.411535367059759,-5.337719127666179,-1.7275243531548778
1625,-4.2012084251517114,-5.464005922664471,-2.06924988502443
1626,-4.376480876741159,-5.590292717662699,-3.4361520125022498
1627,-4.376480876741455,-5.590292717214083,-3.4361520125022498
1628,-4.376480876740863,-5.590292717662764,-3.4361520125022498
1629,-4.595571441204593,-4.485283262212722,-1.898387119089654
1630,-4.595571441204298,-4.485283262212786,-1.898387119089654
1631,-5.25284313454785,-3.3171304099366514,-3.0944264806326975
1632,-5.778660489269146,-2.622553038118905,-1.385798821285326
1633,-6.146732637513248,-2.1805492562979363,-2.06924988502443
1634,-6.19931437303701,-1.9911190635761895,-3.4361520125022498
1635,-6.5148047858041,-1.5491152817551563,-3.4361520125022498
1636,-4.867243741097696,-1.6754020767533193,-2.297066906270733
1637,-4.867243741144447,-1.6754020763047672,-2.297066906270539
1638,-4.867243741097992,-1.6754020767534485,-2.297066906270733
1639,-2.728919832035348,-2.74883983266858,-0.01889669380750623
1640,-1.3092129743480618,-3.695990794482847,-2.4109754168937876
1641,0.37340256067546157,-4.137994576752755,-1.044073289415968
1642,2.108599831130133,-4.13799457630388,-3.4361520125022498
1643,3.4231432179095553,-3.6959907944829116,-1.7275243531548778
1644,3.9489605725843964,-3.632847397208074,-1.7275243531548778
1645,4.106705779015432,-3.695990794482847,-3.4361520125022498
1646,4.439723436987389,-3.8854209867559772,-1.8414328637781265
1647,4.43972343694123,-3.8854209867560416,-1.8414328637779322
1648,4.4397234369882765,-3.8854209867559772,-1.8414328637781265
1649,3.8227644074768508,-3.443417204486327,-2.06924988502443
1650,3.8227644074771465,-3.443417204934944,-2.069249885024236
1651,3.822764407431283,-3.4434172044862628,-2.06924988502443
1652,3.822764407477738,-3.443417204934944,-2.069249885024236
1653,3.8227644074771465,-3.443417204486327,-2.06924988502443
1654,2.2768613846834973,-2.1174058585744815,-0.9757281830419412
1655,2.2768613846367463,-2.117405858574417,-0.9757281830421355
1656,2.2768613846837935,-2.1174058590230986,-0.9757281830419412
1657,2.2768613846373382,-2.117405858574417,-0.9757281830421355
1658,2.2768613846837935,-2.1174058585744815,-0.9757281830419412
1659,3.1076528050957144,-1.9911190635761895,-0.01889669380750623
1660,2.9499075986652707,-2.8751266281154892,-3.4361520125022498
1661,4.285483679598511,-1.8269462305719009,-1.385798821285326
1662,4.285483679598511,-1.8269462301232842,-1.3857988212855201
1663,4.285483679598511,-1.8269462305718362,-1.385798821285326
1664,4.285483679598807,-1.8269462301233488,-1.3857988212855201
1665,4.285483679598511,-1.8269462305719009,-1.385798821285326
1666,5.1583404884106825,-2.0858341599369337,-1.7275243531548778
1667,5.158340488363636,-2.085834159937063,-1.7275243531548778
1668,4.790268340119829,-2.875126627666937,-3.4361520125022498
1669,4.369614456351965,-3.759134191757685,-0.01889669380750623
1670,2.266345037560281,-4.3274247690258205,-3.4361520125022498
1671,2.1611815666538963,-4.2011379740273345,-0.01889669380750623
1672,2.1085998311298373,-6.66373047357796,-1.7275243531548778
1673,0.5311477671062014,-5.085145538118341,-1.7275243531548778
1674,0.4785660315824383,-4.327424769025562,-0.01889669380750623
1675,0.5837295025832132,-6.411156884030057,-3.4361520125022498
1676,0.7414747089201549,-6.537443679028414,-3.4361520125022498
1677,0.7239474638076061,-5.821818508119033,-1.7275243531548778
1678,0.723947463807902,-5.821818508119033,-1.7275243531548778
1679,0.7239474637611508,-5.821818508119162,-1.7275243531548778
1680,0.7239474638076061,-5.821818507670223,-1.7275243531548778
1681,0.7239474638073102,-5.821818508119291,-1.7275243531548778
1682,0.723947463808198,-5.821818508118904,-1.7275243531548778
1683,4.948013546550274,-6.663730474026771,-3.4361520125022498
1684,7.419355113586058,-3.94856438403075,-0.01889669380750623
1685,6.630629081527341,-3.822277589481204,-3.4361520125022498
1686,8.102917674644296,-3.317130409936587,-3.4361520125022498
1687,6.367720404190512,-3.4434172044863915,-0.01889669380750623
1688,6.209975197806523,-3.54865620039305,-2.297066906270733
1689,6.209975197759476,-3.548656200841473,-2.297066906270539
1690,6.209975197806523,-3.5486562003929207,-2.297066906270733
1691,5.631576107608807,-2.9698417240279396,-0.36062222567705826
1692,5.631576107608511,-2.9698417240279396,-0.360622225676864
1693,7.393064245871372,-3.096128518577357,-3.0944264806328916
1694,7.393064245823733,-3.0961285190260384,-3.0944264806326975
1695,6.236266065521506,-1.801688871303124,-1.7275243531548778
1696,6.236266065475051,-1.8016888713029948,-1.7275243531548778
1697,5.4738309012251145,-2.622553038119034,-3.4361520125022498
1698,3.791215366200408,-4.579998358573595,-3.4361520125022498
1699,1.3198737991181673,-5.274575730391406,-0.36062222567705826
1700,1.582782476454996,-5.842866307210603,-3.0944264806326975
1701,1.4250372700718952,-6.221726691756992,-3.4361520125022498
1702,1.2672920636411555,-4.769428550846789,-2.06924988502443
1703,1.2672920636417473,-4.769428550846789,-2.069249885024236
1704,1.2672920636876106,-4.76942855084666,-2.06924988502443
1705,1.2672920636414513,-4.769428550846919,-2.069249885024236
1706,1.2672920636414513,-4.76942855084666,-2.06924988502443
1707,3.1076528050954186,-3.443417204934944,-0.7023477575464161
1708,2.529253714897406,-3.1277002176636506,-2.75270094876334
1709,2.003436360223452,-2.559409640395515,-0.01889669380750623
1710,2.792162392281282,-3.001413422665165,-3.4361520125022498
1711,3.9314333274256885,-3.5486562003929207,-2.297066906270733
1712,3.931433327472144,-3.548656200841731,-2.297066906270539
1713,3.9314333274250965,-3.5486562003929207,-2.297066906270733
1714,3.8963788371079766,-2.3173599503933966,-1.4997073319085747
1715,3.896378837154432,-2.3173599503933966,-1.4997073319085747
1716,3.8963788371073846,-2.3173599508420777,-1.4997073319085747
1717,3.8963788371076804,-2.3173599503932674,-1.4997073319085747
1718,3.8963788371547277,-2.3173599503933966,-1.4997073319085747
1719,3.8963788371073846,-2.3173599503933966,-1.4997073319085747
1720,4.948013546503522,-2.947290510523067,-1.6787064200306008
1721,4.948013546503522,-2.9472905105231963,-1.678706420030795
1722,4.948013546503522,-2.947290510523067,-1.6787064200306008
1723,4.9480135465496815,-2.9472905109716194,-1.6787064200306008
1724,4.948013546503522,-2.9472905105231963,-1.6787064200306008
1725,4.948013546503522,-2.947290510523067,-1.678706420030795
1726,4.948013546503522,-2.947290510523067,-1.6787064200306008
1727,4.251305551517814,-3.3171304099367163,-0.8732105234811921
1728,4.251305551564269,-3.3171304099367163,-0.8732105234811921
1729,4.251305551564269,-3.3171304099367163,-0.8732105234811921
1730,4.251305551517518,-3.317130409936458,-0.8732105234811921
1731,3.633470159770556,-4.0748511790292365,-3.4361520125022498
1732,3.2759143586029196,-3.4434172044862628,-0.7023477575464161
1733,3.275914358602624,-3.443417204934944,-0.7023477575464161
1734,3.2759143585561685,-3.4434172044862628,-0.7023477575466104
1735,3.2759143586029196,-3.443417204934944,-0.7023477575464161
1736,3.275914358602624,-3.4434172044862628,-0.7023477575464161
1737,2.7658715245195484,-1.3596850894820263,-0.01889669380750623
1738,2.7658715245201404,-1.3596850894820263,-0.01889669380750623
1739,0.059859619519883105,0.06766751188046119,-0.04420969616822818
1740,0.05985961956722605,0.06766751188033207,-0.04420969616822818
1741,0.059859619519883105,0.06766751188020295,-0.04420969616822818
1742,0.05985961956663426,0.06766751188046119,-0.04420969616822818
1743,0.059859619519883105,0.06766751188033207,-0.04420969616803393
1744,0.05985961952047489,0.06766751188020295,-0.04420969616822818
1745,0.05985961956693016,0.06766751188046119,-0.04420969616822818
1746,0.059859619519883105,0.06766751188046119,-0.04420969616822818
1747,0.05985961956663426,0.06766751188033207,-0.04420969616822818
1748,0.059859619519883105,0.06766751188033207,-0.04420969616822818
1749,0.05985961952047489,0.06766751188033207,-0.04420969616822818
1750,0.05985961956663426,0.06766751143165077,-0.04420969616822818
1751,0.059859619519883105,0.06766751188033207,-0.04420969616822818
1752,0.05985961956722605,0.06766751188033207,-0.04420969616822818
1753,0.059859619519883105,0.06766751188046119,-0.04420969616803393
1754,0.05985961952017899,0.06766751188033207,-0.04420969616822818
1755,0.05985961956663426,0.06766751188033207,-0.04420969616822818
1756,0.059859619519883105,0.06766751188033207,-0.04420969616822818
1757,0.05985961956722605,0.06766751188033207,-0.04420969616822818
1758,0.059859619519883105,0.06766751188033207,-0.04420969616822818
1759,0.05985961952047489,0.06766751188046119,-0.04420969616822818
1760,0.05985961956663426,0.06766751188033207,-0.04420969616822818
1761,0.059859619519883105,0.06766751188033207,-0.04420969616822818
1762,0.05985961952017899,0.06766751188033207,-0.04420969616803393
1763,0.05985961956663426,0.06766751188033207,-0.04420969616822818
1764,0.05985961952047489,0.06766751188033207,-0.04420969616822818
1765,0.05985961956633837,0.06766751188033207,-0.04420969616822818
1766,0.05985961952017899,0.06766751188046119,-0.04420969616822818
1767,0.05985961952047489,0.06766751188033207,-0.04420969616822818
1768,0.05985961956604247,0.06766751188033207,-0.04420969616822818
1769,0.05985961952047489,0.06766751188033207,-0.04420969616822818
1770,0.05985961956663426,0.06766751188033207,-0.04420969616822818
1771,0.059859619519883105,0.06766751188033207,-0.04420969616822818
1772,0.05985961952047489,0.06766751188033207,-0.04420969616803393
1773,0.05985961956663426,0.06766751143177989,-0.04420969616822818
1774,0.05985961952017899,0.06766751188033207,-0.04420969616822818
1775,0.05985961956663426,0.06766751188033207,-0.04420969616822818
1776,0.059859619519883105,0.06766751188033207,-0.04420969616822818
1777,0.05985961952047489,0.06766751188033207,-0.04420969616822818
1778,0.05985961956663426,0.06766751188033207,-0.04420969616822818
1779,0.05985961952047489,0.06766751188033207,-0.04420969616822818
1780,0.05985961956663426,0.06766751188046119,-0.04420969616822818
1781,0.059859619519883105,0.06766751188033207,-0.04420969616803393
1782,0.05985961952017899,0.06766751188033207,-0.04420969616822818
1783,0.05985961956633837,0.06766751188033207,-0.04420969616822818
1784,0.05985961952077078,0.06766751188033207,-0.04420969616822818
1785,0.05985961956663426,0.06766751188033207,-0.04420969616822818
1786,0.059859619519883105,0.06766751188033207,-0.04420969616822818
1787,0.059859619519883105,0.06766751188059031,-0.04420969616822818
1788,0.05985961956722605,0.06766751188020295,-0.04420969616822818
1789,0.059859619519883105,0.06766751188033207,-0.04420969616822818
1790,0.05985961956663426,0.06766751188033207,-0.04420969616822818
1791,0.05985961952047489,0.06766751188033207,-0.04420969616803393
1792,0.059859619519883105,0.06766751188033207,-0.04420969616822818
1793,0.05985961956693016,0.06766751188033207,-0.04420969616822818
1794,0.059859619519883105,0.06766751188046119,-0.04420969616822818
1795,0.05985961956663426,0.06766751188033207,-0.04420969616822818
1796,0.059859619519883105,0.06766751143177989,-0.04420969616822818
1797,0.05985961952047489,0.06766751188020295,-0.04420969616822818
1798,0.05985961956663426,0.06766751188033207,-0.04420969616822818
1799,0.05985961952047489,0.06766751188033207,-0.04420969616822818
1800,0.059859619519883105,0.06766751188033207,-0.04420969616803393
1801,0.05985961956663426,0.06766751188046119,-0.04420969616822818
1802,0.05985961952017899,0.06766751188033207,-0.04420969616822818
1803,0.05985961956663426,0.06766751188033207,-0.04420969616822818
1804,0.05985961952047489,0.06766751188033207,-0.04420969616822818
1805,0.059859619519883105,0.06766751188033207,-0.04420969616822818
1806,0.05985961956663426,0.06766751188033207,-0.04420969616822818
1807,0.05985961952047489,0.06766751188033207,-0.04420969616822818
1808,0.05985961956663426,0.06766751188059031,-0.04420969616822818
1809,0.059859619519883105,0.06766751188020295,-0.04420969616822818
1810,0.05985961952047489,0.06766751188033207,-0.04420969616803393
1811,0.05985961956663426,0.06766751188046119,-0.04420969616822818
1812,0.05985961952017899,0.06766751188020295,-0.04420969616822818
1813,0.05985961956633837,0.06766751188033207,-0.04420969616822818
1814,0.05985961952017899,0.06766751188046119,-0.04420969616822818
1815,0.05985961952047489,0.06766751188046119,-0.04420969616822818
1816,0.05985961956604247,0.06766751188020295,-0.04420969616822818
1817,0.05985961952047489,0.06766751188033207,-0.04420969616822818
1818,0.05985961956722605,0.06766751188046119,-0.04420969616822818
1819,0.059859619519883105,0.06766751188020295,-0.04420969616822818
1820,0.059859619519883105,0.06766751143177989,-0.04420969616803393
1821,0.05985961956663426,0.06766751188046119,-0.04420969616822818
1822,0.05985961952017899,0.06766751188020295,-0.04420969616822818
1823,0.05985961956693016,0.06766751188033207,-0.04420969616822818
1824,0.05985961952017899,0.06766751188046119,-0.04420969616822818
1825,0.059859619519883105,0.06766751188020295,-0.04420969616822818
1826,0.05985961956663426,0.06766751188033207,-0.04420969616822818
1827,0.05985961952047489,0.06766751188046119,-0.04420969616822818
1828,0.05985961956663426,0.06766751188046119,-0.04420969616822818
1829,0.05985961952017899,0.06766751188020295,-0.04420969616803393
1830,0.05985961952017899,0.06766751188033207,-0.04420969616822818
1831,0.05985961956663426,0.06766751188046119,-0.04420969616822818
1832,0.05985961952017899,0.06766751188020295,-0.04420969616822818
1833,0.05985961956663426,0.06766751188033207,-0.04420969616822818
1834,0.059859619519883105,0.06766751188046119,-0.04420969616822818
1835,0.059859619519883105,0.06766751188046119,-0.04420969616822818
1836,0.05985961956722605,0.06766751188033207,-0.04420969616822818
1837,0.05985961952047489,0.06766751188020295,-0.04420969616822818
1838,0.05985961956604247,0.06766751188033207,-0.04420969616822818
1839,0.05985961952047489,0.06766751188046119,-0.04420969616803393
1840,0.05985961952017899,0.06766751188020295,-0.04420969616822818
1841,0.05985961956663426,0.06766751188033207,-0.04420969616822818
1842,0.059859619519883105,0.06766751188046119,-0.04420969616822818
1843,0.05985961952017899,0.06766751143165077,-0.04420969616822818
1844,0.05985961956693016,0.06766751188046119,-0.04420969616822818
1845,0.059859619519883105,0.06766751188033207,-0.04420969616822818
1846,0.05985961956663426,0.06766751188020295,-0.04420969616822818
1847,0.05985961952047489,0.06766751188033207,-0.04420969616822818
1848,0.059859619519883105,0.06766751188046119,-0.04420969616803393
1849,0.05985961956722605,0.06766751188046119,-0.04420969616822818
1850,0.059859619519883105,0.06766751188020295,-0.04420969616822818
1851,0.05985961956663426,0.06766751188033207,-0.04420969616822818
1852,0.05985961952017899,0.06766751188046119,-0.04420969616822818
1853,0.059859619519883105,0.06766751188020295,-0.04420969616822818
1854,0.05985961956663426,0.06766751188033207,-0.04420969616822818
1855,0.05985961952047489,0.06766751188046119,-0.04420969616822818
1856,0.05985961956663426,0.06766751188046119,-0.04420969616822818
1857,0.059859619519883105,0.06766751188033207,-0.04420969616822818
1858,0.05985961952047489,0.06766751188020295,-0.04420969616803393
1859,0.05985961956663426,0.06766751188046119,-0.04420969616822818
1860,0.05985961952017899,0.06766751188033207,-0.04420969616822818
1861,0.05985961956633837,0.06766751188020295,-0.04420969616822818
1862,0.05985961952077078,0.06766751188046119,-0.04420969616822818
1863,0.059859619519883105,0.06766751188046119,-0.04420969616822818
1864,0.05985961956663426,0.06766751188033207,-0.04420969616822818
1865,0.059859619519883105,0.06766751188020295,-0.04420969616822818
1866,0.05985961956722605,0.06766751143177989,-0.04420969616822818
1867,0.05985961952017899,0.06766751188020295,-0.04420969616803393
1868,0.05985961951958721,0.06766751188046119,-0.04420969616822818
1869,0.05985961956722605,0.06766751188033207,-0.04420969616822818
1870,0.059859619519883105,0.06766751188046119,-0.04420969616822818
1871,0.05985961956663426,0.06766751188020295,-0.04420969616822818
1872,0.05985961952017899,0.06766751188046119,-0.04420969616822818
1873,0.059859619519883105,0.06766751188033207,-0.04420969616822818
1874,0.05985961956722605,0.06766751188020295,-0.04420969616822818
1875,0.059859619519883105,0.06766751188046119,-0.04420969616822818
1876,0.05985961956663426,0.06766751188033207,-0.04420969616822818
1877,0.05985961952047489,0.06766751188046119,-0.04420969616803393
1878,0.059859619519883105,0.06766751188033207,-0.04420969616822818
1879,0.05985961956663426,0.06766751188033207,-0.04420969616822818
1880,0.05985961952017899,0.06766751188033207,-0.04420969616822818
1881,0.059859619519883105,0.06766751188033207,-0.04420969616822818
1882,0.05985961956722605,0.06766751188033207,-0.04420969616822818
1883,0.05985961951958721,0.06766751188046119,-0.04420969616822818
1884,0.05985961956693016,0.06766751188033207,-0.04420969616822818
1885,0.05985961952047489,0.06766751188033207,-0.04420969616822818
1886,0.059859619519883105,0.06766751188020295,-0.04420969616803393
1887,0.05985961956663426,0.06766751188046119,-0.04420969616822818
1888,0.05985961952047489,0.06766751188033207,-0.04420969616822818
1889,0.05985961956663426,0.06766751143165077,-0.04420969616822818
1890,0.059859619519883105,0.06766751188046119,-0.04420969616822818
1891,0.059859619519883105,0.06766751188033207,-0.04420969616822818
1892,0.05985961956693016,0.06766751188033207,-0.04420969616822818
1893,0.05985961952047489,0.06766751188033207,-0.04420969616822818
1894,0.05985961956663426,0.06766751188033207,-0.04420969616822818
1895,0.059859619519883105,0.06766751188033207,-0.04420969616822818
1896,0.059859619519883105,0.06766751188033207,-0.04420969616803393
1897,0.05985961956722605,0.06766751188046119,-0.04420969616822818
1898,0.059859619519883105,0.06766751188033207,-0.04420969616822818
1899,0.05985961956663426,0.06766751188033207,-0.04420969616822818
1900,0.05985961952017899,0.06766751188033207,-0.04420969616822818
1901,0.11307987030233062,0.13919424656565835,-0.11973373599858847
1902,0.11307987030233062,0.13919424611697706,-0.11973373599839422
1903,0.11307987034908178,0.13919424656578747,-0.11973373599858847
1904,0.11307987030292241,0.13919424656565835,-0.11973373599839422
1905,0.11307987030173883,0.13919424611710618,-0.11973373599858847
1906,0.11307987030292241,0.13919424656552923,-0.11973373599839422
1907,0.11307987034878589,0.13919424656578747,-0.11973373599858847
1908,0.11307987030203473,0.13919424611684794,-0.11973373599839422
1909,0.11307987030233062,0.13919424656578747,-0.11973373599858847
1910,0.1130798703026265,0.13919424656565835,-0.11973373599839422
1911,0.11307987034908178,0.13919424611697706,-0.11973373599858847
1912,0.11307987030233062,0.13919424656578747,-0.11973373599839422
1913,0.11307987030233062,0.13919424656565835,-0.11973373599858847
1914,0.11307987030233062,0.13919424611710618,-0.11973373599858847
1915,0.11307987034908178,0.13919424656552923,-0.11973373599839422
1916,0.1130798703026265,0.13919424656578747,-0.11973373599858847
1917,0.11307987030233062,0.13919424611697706,-0.11973373599839422
1918,0.11307987030203473,0.13919424656578747,-0.11973373599858847
1919,0.11307987034937766,0.13919424656565835,-0.11973373599839422
1920,0.11307987030233062,0.13919424611697706,-0.11973373599858847
1921,0.11307987030233062,0.13919424656565835,-0.11973373599839422
1922,0.11307987030233062,0.13919424656578747,-0.11973373599858847
1923,0.11307987034908178,0.13919424611710618,-0.11973373599839422
1924,0.11307987030233062,0.13919424656552923,-0.11973373599858847
1925,0.1130798703026265,0.13919424656578747,-0.11973373599858847
1926,0.11307987030233062,0.13919424611684794,-0.11973373599839422
1927,0.11307987034908178,0.13919424656578747,-0.11973373599858847
1928,0.11307987030233062,0.13919424656565835,-0.11973373599839422
1929,0.11307987030233062,0.13919424611710618,-0.11973373599858847
1930,0.11307987030233062,0.13919424656552923,-0.11973373599839422
1931,0.11307987034908178,0.13919424656578747,-0.11973373599858847
1932,0.11307987030233062,0.13919424656565835,-0.11973373599839422
1933,0.11307987030233062,0.13919424611697706,-0.11973373599858847
1934,0.11307987030233062,0.13919424656578747,-0.11973373599839422
1935,0.11307987034908178,0.13919424656565835,-0.11973373599858847
1936,0.11307987030233062,0.13919424611697706,-0.11973373599839422
1937,0.11307987030233062,0.13919424656565835,-0.11973373599858847
1938,0.1130798703026265,0.13919424656578747,-0.11973373599858847
1939,0.11307987034908178,0.13919424611697706,-0.11973373599839422
1940,0.11307987030233062,0.13919424656565835,-0.11973373599858847
1941,0.11307987030233062,0.13919424656565835,-0.11973373599839422
1942,0.11307987030233062,0.13919424611710618,-0.11973373599858847
1943,0.11307987034908178,0.13919424656565835,-0.11973373599839422
1944,0.11307987030233062,0.13919424656565835,-0.11973373599858847
1945,0.1130798703026265,0.13919424611710618,-0.11973373599839422
1946,0.11307987030203473,0.13919424656565835,-0.11973373599858847
1947,0.11307987034937766,0.13919424656565835,-0.11973373599839422
1948,0.11307987030233062,0.13919424611697706,-0.11973373599858847
1949,0.11307987030233062,0.13919424656578747,-0.11973373599858847
1950,0.11307987030233062,0.13919424656565835,-0.11973373599839422
1951,0.11307987034908178,0.13919424611697706,-0.11973373599858847
1952,0.11307987030233062,0.13919424656565835,-0.11973373599839422
1953,0.11307987030233062,0.13919424656578747,-0.11973373599858847
1954,0.1130798703026265,0.13919424611697706,-0.11973373599839422
1955,0.11307987034848999,0.13919424656565835,-0.11973373599858847
1956,0.11307987030292241,0.13919424656578747,-0.11973373599839422
1957,0.11307987030233062,0.13919424611684794,-0.11973373599858847
1958,0.11307987030233062,0.13919424656578747,-0.11973373599839422
1959,0.11307987034908178,0.13919424656565835,-0.11973373599858847
1960,0.11307987030233062,0.13919424611710618,-0.11973373599839422
1961,0.11307987030233062,0.13919424656552923,-0.11973373599858847
1962,1.0394378766217427,1.4396721968804014,-1.1579818000390227
1963,1.0394378766220387,1.4396721964315908,-1.157981800039217
1964,1.0394378766217427,1.4396721968802721,-1.1579818000390227
1965,0.951801650826723,2.1763451668809646,-0.01889669380750623
1966,0.9518016508273147,2.1763451668812226,-0.01889669380750623
1967,-0.2786109591519015,1.1407934489718934,-0.7023477575464161
1968,-0.27861095915278916,1.1407934489718934,-0.7023477575464161
1969,-0.27861095915249323,1.1407934494203165,-0.7023477575466104
1970,-0.27861095915249323,1.1407934489720226,-0.7023477575464161
1971,-0.27861095915249323,1.1407934489717644,-0.7023477575464161
1972,-1.2088296611652671,1.1890120434502756,-0.3916881831197095
1973,-1.2088296612117224,1.1890120434502756,-0.39168818311951525
1974,-1.2088296611655631,1.1890120434501465,-0.3916881831197095
1975,-1.2088296611652671,1.1890120434502756,-0.3916881831197095
1976,-1.2088296612120184,1.1890120434501465,-0.3916881831197095
1977,-1.2088296611649714,1.1890120430015945,-0.39168818311951525
1978,-1.2088296612123142,1.1890120434501465,-0.3916881831197095
1979,-1.2088296611652671,1.1890120434502756,-0.3916881831197095
1980,-1.2088296611652671,1.1890120434504048,-0.3916881831197095
1981,-1.2088296612117224,1.1890120434501465,-0.39168818311951525
1982,-1.2088296611655631,1.1890120434502756,-0.3916881831197095
1983,-2.045357270929767,1.4875081038656834,0.3228288380620458
1984,-2.045357270930063,1.487508104314623,0.3228288380618516
1985,-2.045357270883312,1.4875081038658127,0.3228288380620458
1986,-2.045357270930063,1.4875081038659417,0.3228288380618516
1987,-2.045357270930063,1.4875081038656834,0.3228288380620458
1988,-2.045357270930063,1.487508104314623,0.3228288380618516
1989,-2.045357270930063,1.4875081038659417,0.3228288380620458
1990,-2.0453572709303587,1.4875081038658127,0.3228288380618516
1991,-2.04535727088272,1.4875081038656834,0.3228288380620458
1992,-2.045357270930063,1.487508104314623,0.3228288380618516
1993,-2.045357270930655,1.4875081038659417,0.3228288380620458
1994,-2.211191975111543,1.4866249796417774,0.21768252056372212
1995,-2.211191975064792,1.4866249796416484,0.21768252056372212
1996,-2.2111919751121345,1.4866249791932253,0.21768252056352788
1997,-2.211191975111543,1.4866249796416484,0.21768252056372212
1998,-2.2111919750650877,1.4866249796420357,0.21768252056372212
1999,-2.211191975111543,1.4866249796416484,0.21768252056372212
2000,-2.2111919751121345,1.4866249791932253,0.21768252056352788
2001,-2.211191975111543,1.4866249796416484,0.21768252056372212
2002,-2.211191975064792,1.4866249796417774,0.21768252056372212
2003,-2.211191975111543,1.4866249796417774,0.21768252056372212
2004,-2.2111919751121345,1.4866249791932253,0.21768252056352788
2005,-2.211191975064792,1.4866249796416484,0.21768252056372212
2006,-2.2111919751118387,1.4866249796419067,0.21768252056372212
2007,-1.9694058752254622,1.3414491341536976,0.4367373486851003
2008,-1.9694058752725092,1.3414491341535686,0.4367373486851003
2009,-1.969405875225758,1.3414491341536976,0.4367373486851003
2010,-1.9694058752725092,1.3414491341535686,0.4367373486851003
2011,-1.969405875226054,1.3414491346025081,0.43673734868529457
2012,-1.9694058752725092,1.3414491341535686,0.4367373486851003
2013,-1.9694058752254622,1.3414491341536976,0.4367373486851003
2014,-1.9694058752725092,1.3414491341535686,0.4367373486851003
2015,-1.969405875225758,1.3414491341536976,0.4367373486851003
2016,-1.1514677679179137,2.3342036605168044,-0.01889669380750623
2017,-1.151467767964665,2.3342036605169336,-0.01889669380750623
2018,-1.151467767964665,2.3342036605166756,-0.01889669380750623
2019,-1.1514677679176177,2.3342036605169336,-0.01889669380750623
2020,-1.1514677679179137,2.3342036605168044,-0.01889669380750623
2021,-1.151467767964665,2.3342036605168044,-0.01889669380750623
2022,-0.6782321487200844,2.0311153528798997,0.2032249019076443
2023,-0.6782321487197885,2.0311153528798997,0.2032249019076443
2024,-0.6782321487203803,2.031115352879771,0.2032249019076443
2025,-0.6782321487200844,2.0311153524312187,0.2032249019076443
2026,-0.6782321487200844,2.031115352879771,0.2032249019076443
2027,-0.6782321487200844,2.0311153528798997,0.2032249019076443
2028,-0.6782321487203803,2.031115352879771,0.2032249019076443
2029,-0.6782321487194926,2.031115352880029,0.2032249019076443
2030,-0.6782321487203803,2.0311153528798997,0.2032249019076443
2031,-0.6782321486730374,2.031115352879771,0.2032249019076443
2032,-0.6782321487203803,2.0311153524312187,0.20322490190783857
2033,-0.6782321487200844,2.031115352879771,0.2032249019076443
2034,-0.6782321487197885,2.0311153528798997,0.2032249019076443
2035,-0.6782321487203803,2.031115352879771,0.2032249019076443
2036,-0.6782321487194926,2.031115352879771,0.2032249019076443
2037,-0.678232148720972,2.031115352880029,0.2032249019076443
2038,-0.6782321487191967,2.0311153524310894,0.2032249019076443
2039,-0.6782321487203803,2.0311153528798997,0.2032249019076443
2040,-0.6782321487203803,2.031115352879771,0.2032249019076443
2041,-0.6782321487200844,2.0311153528798997,0.2032249019076443
2042,-1.0094970821724423,1.9048285578815431,0.22031117850110252
2043,-1.0094970821721465,1.9048285578816722,0.22031117850110252
2044,-1.009497082173034,1.904828557881414,0.22031117850110252
2045,-1.0094970821724423,1.9048285578815431,0.22031117850110252
2046,-1.0094970821721465,1.9048285578815431,0.22031117850110252
2047,-1.0094970822197853,1.9048285583302245,0.22031117850129678
2048,-1.0094970821724423,1.9048285578815431,0.22031117850110252
2049,-1.0094970821721465,1.9048285578815431,0.22031117850110252
2050,-1.0094970821724423,1.9048285578815431,0.22031117850110252
2051,-1.0094970821724423,1.9048285578816722,0.22031117850110252
2052,-1.6825432962012623,1.5827972312414142,-0.01889669380750623
2053,-1.6825432961542153,1.5827972307929912,-0.01889669380750623
2054,-1.6825432962003748,1.5827972312416725,-0.01889669380750623
2055,-1.6825432961545113,1.5827972307928622,-0.01889669380750623
2056,-1.6825432962003748,1.5827972312415435,-0.01889669380750623
2057,-1.6825432962009665,1.5827972312416725,-0.01889669380750623
2058,-1.6825432961545113,1.5827972307928622,-0.01889669380750623
2059,-1.6825432962003748,1.5827972312415435,-0.01889669380750623
2060,-1.6825432961548072,1.5827972307928622,-0.01889669380750623
2061,-1.6825432962006706,1.5827972312416725,-0.01889669380750623
2062,-1.5963901449862294,1.846056626323383,0.24396909993830304
2063,-1.5963901449862294,1.8460566267720644,0.2439690999381088
2064,-1.5963901449859335,1.846056626323383,0.24396909993830304
2065,-1.5963901450326847,1.8460566267720644,0.24396909993830304
2066,-1.5963901449859335,1.846056626323512,0.2439690999381088
2067,-1.5963901449865254,1.846056626323383,0.24396909993830304
2068,-1.5963901449862294,1.8460566267720644,0.24396909993830304
2069,-1.5963901449856377,1.846056626323383,0.24396909993830304
2070,-1.5963901449862294,1.846056626323512,0.2439690999381088
2071,-1.5963901450329805,1.8460566267720644,0.24396909993830304
2072,-1.5963901449865254,1.846056626323383,0.24396909993830304
2073,-1.5963901449862294,1.8460566267720644,0.2439690999381088
2074,-1.5963901449856377,1.846056626323512,0.24396909993830304
2075,-1.47572180333478,1.867644112789755,-0.2087442115127266
2076,-1.47572180333478,1.867644112789884,-0.2087442115127266
2077,-1.47572180333478,1.8676441127896257,-0.20874421151292086
2078,-1.475721803335076,1.867644112789884,-0.2087442115127266
2079,-1.4757218033344843,1.867644112789755,-0.2087442115127266
2080,-1.47572180333478,1.867644112789755,-0.2087442115127266
2081,-1.4757218033344843,1.867644112789884,-0.20874421151292086
2082,-1.4757218033356678,1.867644112789755,-0.2087442115127266
2083,-1.4757218033812354,1.867644112789884,-0.2087442115127266
2084,-1.47572180333478,1.8676441127896257,-0.2087442115127266
2085,-1.4757218033344843,1.867644112789884,-0.2087442115127266
2086,-1.475721803335076,1.867644112789884,-0.20874421151292086
2087,-1.4757218033344843,1.867644112789755,-0.2087442115127266
2088,-1.4757218033344843,1.867644112789755,-0.2087442115127266
2089,-1.475721803335076,1.867644112789755,-0.2087442115127266
2090,-1.47572180333478,1.867644112789884,-0.20874421151292086
2091,-1.475721803335076,1.867644112789884,-0.2087442115127266
2092,-1.4757218033344843,1.8676441127896257,-0.2087442115127266
2093,-1.0147552557341986,2.6309776283367086,-0.9757281830419412
2094,-1.0147552557339026,2.6309776283367086,-0.9757281830421355
2095,-1.0147552556877433,2.6309776287851316,-0.9757281830419412
2096,-1.0147552557344943,2.6309776283367086,-0.9757281830421355
2097,-1.0147552557339026,2.6309776283365798,-0.9757281830419412
2098,-0.7308138841973921,3.312926320968555,-2.06924988502443
2099,-0.9411408260569132,3.9443602950625887,-2.297066906270733
2100,-0.9411408260572092,3.944360295062718,-2.297066906270539
2101,-0.9411408260578009,3.944360295062718,-2.297066906270733
2102,0.21565735424531354,4.196933884610621,-3.4361520125022498
2103,0.5311477671064972,4.007503692786107,-1.044073289415968
2104,1.2147103281641436,3.6917867050660043,-2.4109754168937876
2105,1.9508546247464404,3.12349612869536,-3.4361520125022498
2106,4.211869249921521,1.3765287991568822,-3.4361520125022498
2107,4.211869249968273,1.3765287996054345,-3.4361520125022498
2108,4.2118692499218175,1.3765287991567532,-3.4361520125022498
2109,5.631576107655558,-0.09681714039620835,-0.01889669380750623
2110,5.438776410906218,-0.43358192720801053,-0.01889669380750623
2111,5.438776410860651,-0.4335819267593293,-0.01889669380750623
2112,5.438776410906811,-0.43358192720801053,-0.01889669380750623
2113,4.0950209488776705,-0.7212351822077796,-0.39859172921794694
2114,4.095020948925013,-0.7212351817589692,-0.3985917292181412
2115,4.0950209488776705,-0.7212351822077796,-0.39859172921794694
2116,4.095020948924126,-0.7212351817589692,-0.3985917292181412
2117,4.0950209488776705,-0.7212351822077796,-0.39859172921794694
2118,4.095020948924422,-0.7212351817589692,-0.3985917292181412
2119,4.095020948877966,-0.7212351822076505,-0.39859172921794694
2120,4.09502094892383,-0.7212351817590983,-0.3985917292181412
2121,4.095020948877966,-0.7212351822077796,-0.39859172921794694
2122,3.4021105237098737,-0.5809165208492556,-0.2467137150538095
2123,3.402110523709578,-0.5809165212979369,-0.2467137150538095
2124,3.4021105237101694,-0.5809165208491265,-0.2467137150538095
2125,3.402110523709578,-0.5809165212979369,-0.2467137150538095
2126,3.402110523709578,-0.5809165208491265,-0.2467137150538095
2127,3.402110523709578,-0.5809165212979369,-0.2467137150538095
2128,3.4021105237098737,-0.5809165208492556,-0.2467137150538095
2129,3.402110523709578,-0.5809165212979369,-0.24671371505400375
2130,3.4021105237098737,-0.5809165208492556,-0.2467137150538095
2131,3.4021105237098737,-0.5809165212978078,-0.2467137150538095
2132,3.402110523709578,-0.5809165208492556,-0.2467137150538095
2133,3.4021105237101694,-0.5809165212979369,-0.2467137150538095
2134,3.402110523709578,-0.5809165208491265,-0.2467137150538095
2135,3.402110523709578,-0.5809165212979369,-0.2467137150538095
2136,3.4021105237098737,-0.5809165208492556,-0.2467137150538095
2137,4.320319079333815,-0.2862473331180842,-0.8518526777392723
2138,4.320319079380567,-0.2862473331180842,-0.8518526777394666
2139,4.320319079333815,-0.2862473326694029,-0.8518526777392723
2140,4.320319079333815,-0.2862473331180842,-0.8518526777394666
2141,4.320319079334111,-0.2862473331180842,-0.8518526777392723
2142,4.320319079333815,-0.2862473326694029,-0.8518526777392723
2143,4.32031907938027,-0.2862473331180842,-0.8518526777394666
2144,4.320319079333815,-0.2862473331182133,-0.8518526777392723
2145,4.320319079333815,-0.2862473331179551,-0.8518526777392723
2146,4.320319079380567,-0.2862473331180842,-0.8518526777394666
2147,4.320319079333815,-0.286247332669532,-0.8518526777392723
2148,4.320319079334111,-0.2862473331179551,-0.8518526777392723
2149,4.320319079333815,-0.2862473331180842,-0.8518526777394666
2150,4.320319079333815,-0.286247332669532,-0.8518526777392723
2151,4.32031907938027,-0.2862473331179551,-0.8518526777394666
2152,4.320319079334407,-0.2862473331180842,-0.8518526777392723
2153,3.7714972154019657,-0.09681714084501876,-0.01889669380750623
2154,3.771497215356102,-0.09681714084501876,-0.01889669380750623
2155,3.771497215402853,-0.09681714039620835,-0.01889669380750623
2156,3.771497215402853,-0.09681714084501876,-0.01889669380750623
2157,3.771497215356102,-0.09681714084501876,-0.01889669380750623
2158,3.771497215402853,-0.09681714039620835,-0.01889669380750623
2159,3.771497215356102,-0.09681714084501876,-0.01889669380750623
2160,3.7714972154025572,-0.09681714084488964,-0.01889669380750623
2161,2.831598693877575,0.5819743816539218,-0.06161238529115167
2162,2.831598693877871,0.5819743816540509,-0.06161238529115167
2163,2.8315986938772792,0.5819743816539218,-0.061612385291345925
2164,2.831598693877575,0.5819743816540509,-0.06161238529115167
2165,2.831598693830824,0.581974382102603,-0.06161238529115167
2166,2.831598693877575,0.5819743816540509,-0.061612385291345925
2167,2.831598693877575,0.5819743816539218,-0.06161238529115167
2168,2.831598693877575,0.58197438165418,-0.06161238529115167
2169,1.2906617238687443,0.7100151596107239,-0.39859172921794694
2170,1.2906617238687443,0.7100151600594052,-0.3985917292181412
2171,1.2906617238219933,0.710015159610853,-0.39859172921794694
2172,1.2906617238687443,0.7100151600595344,-0.3985917292181412
2173,1.2906617238687443,0.710015159610853,-0.39859172921794694
2174,1.2906617238690403,0.7100151600594052,-0.3985917292181412
2175,1.2906617238216973,0.7100151596107239,-0.39859172921794694
2176,1.2906617238687443,0.7100151600595344,-0.3985917292181412
2177,1.2906617238687443,0.710015159610853,-0.39859172921794694
2178,2.3627448859109834,1.5133394937008946,-0.30366797036533677
2179,2.3627448859583264,1.513339494149447,-0.303667970365531
2180,2.3627448859109834,1.5133394937008946,-0.30366797036533677
2181,2.362744885957735,1.513339494149576,-0.30366797036533677
2182,2.3627448859109834,1.5133394937010238,-0.303667970365531
2183,2.3627448859112796,1.5133394941493177,-0.30366797036533677
2184,2.362744885957735,1.5133394937008946,-0.30366797036533677
2185,2.3627448859115754,1.5133394937010238,-0.303667970365531
2186,2.362744885957143,1.513339494149576,-0.30366797036533677
2187,2.3627448859112796,1.5133394937007656,-0.30366797036533677
2188,2.3627448859580307,1.5133394941496405,-0.303667970365531
2189,2.3627448859109834,1.5133394937008946,-0.30366797036533677
2190,2.432853866546999,2.186869066426943,-0.5884392469233616
2191,2.4328538665934545,2.1868690664268784,-0.5884392469231674
2192,2.432853866546999,2.186869066426943,-0.5884392469233616
2193,2.4328538665467034,2.186869066875495,-0.5884392469233616
2194,2.4328538665937507,2.186869066426943,-0.5884392469231674
2195,2.4328538665467034,2.186869066426943,-0.5884392469233616
2196,1.7054731925680238,2.723587944608914,-0.01889669380750623
2197,1.7054731925209767,2.7235879446088496,-0.01889669380750623
2198,1.7054731925680238,2.723587944608914,-0.01889669380750623
2199,0.846638179920338,3.228735124153466,-2.297066906270733
2200,0.8466381798735868,3.228735124153337,-2.297066906270539
2201,0.846638179920338,3.228735124153466,-2.297066906270733
2202,2.1085998311298373,3.975931993700072,-3.4361520125022498
2203,2.1085998311765883,3.975931993700072,-3.4361520125022498
2204,4.299505475716541,2.4499665559693766,-0.01889669380750623
2205,4.299505475762996,2.4499665555206307,-0.01889669380750623
2206,4.299505475715949,2.4499665559693122,-0.01889669380750623
2207,4.034405892740274,1.5449111927870594,-0.23247515122592768
2208,4.034405892693522,1.544911192338249,-0.23247515122592768
2209,4.0344058927399775,1.5449111927869303,-0.23247515122592768
2210,4.0344058927399775,1.5449111927869303,-0.23247515122592768
2211,4.034405892740274,1.544911192338378,-0.23247515122592768
2212,4.0344058927399775,1.5449111927869303,-0.23247515122592768
2213,4.034405892692931,1.5449111923383136,-0.23247515122592768
2214,4.0344058927399775,1.5449111927868657,-0.23247515122592768
2215,5.684157843085523,1.797484781886346,-0.01889669380750623
2216,3.2128162760026915,-0.18100833721142606,-1.044073289415968
2217,3.2128162760494425,-0.18100833721142606,-1.044073289415871
2218,3.2128162760026915,-0.18100833721142606,-1.044073289415968
2219,7.629682055493218,-3.127700217663522,1.3480054336704106
2220,2.494199224579398,-2.1805492558492547,-0.3606222256769612
2221,2.494199224626741,-2.1805492562979363,-0.36062222567705826
2222,2.4941992245799898,-2.1805492558491903,-0.3606222256769612
2223,3.3705614824328394,-2.748839833117391,-0.47453073630011283
2224,3.370561482433135,-2.748839832668645,-0.47453073630011283
2225,3.370561482433135,-2.7488398331172617,-0.47453073630011283
2226,5.841903049515079,-2.748839833117326,-1.044073289415968
2227,3.615942914611552,-1.3175894908500123,0.32282883806194873
2228,3.615942914611552,-1.3175894912988226,0.3228288380620458
2229,3.615942914611552,-1.3175894908501413,0.32282883806194873
2230,3.93252878024452,-1.15446904789009,-0.08297023103307152
2231,3.932528780291863,-1.1544690474414734,-0.08297023103297439
2232,3.9325287802451117,-1.154469047890219,-0.08297023103307152
2233,3.932528780244816,-1.15446904789009,-0.08297023103297439
2234,3.932528780291863,-1.1544690474416024,-0.08297023103307152
2235,3.9325287802451117,-1.15446904789009,-0.08297023103307152
2236,3.93252878024452,-1.15446904789009,-0.08297023103297439
2237,3.932528780291863,-1.154469047890219,-0.08297023103307152
2238,3.932528780244816,-1.1544690474414734,-0.08297023103307152
2239,3.9325287802451117,-1.154469047890219,-0.08297023103297439
2240,3.9325287802451117,-1.15446904789009,-0.08297023103307152
2241,3.932528780291271,-1.1544690474414734,-0.08297023103307152
2242,3.9325287802451117,-1.154469047890219,-0.08297023103297439
2243,3.9325287802451117,-1.15446904789009,-0.08297023103307152
2244,3.932528780291863,-1.1544690474414734,-0.08297023103297439
2245,3.932528780244816,-1.1544690478901545,-0.08297023103307152
2246,2.040994742693252,-1.9460166370154488,10.086415462904087
2247,2.040994742692956,-1.9460166370153196,10.086415462904087
2248,2.040994742693548,-1.9460166370153842,10.086415462904087
2249,2.0409947427394113,-1.9460166370153196,10.086415462904087
2250,2.040994742693252,-1.9460166370153842,10.086415462904087
2251,2.040994742693252,-1.9460166370154488,10.086415462904087
2252,2.040994742692956,-1.9460166370153196,10.086415462904087
2253,1.3593101007141644,-1.5649011310738334,-2.4964067998610786
2254,1.3593101007141644,-1.5649011310738334,-2.4964067998612727
2255,1.3593101007603237,-1.5649011310737044,-2.4964067998612727
2256,1.3593101007141644,-1.5649011310738334,-2.4964067998610786
2257,3.423143217909851,-2.622553038119034,-3.777877544371802
2258,2.02972722798489,-0.7282511149390528,-0.8732105234811921
2259,2.029727227937843,-0.7282511149391819,-0.8732105234811921
2260,3.5283066888168277,-0.9176813076609287,-0.7023477575464161
2261,3.2128162760026915,-0.8545379094887283,-0.7023477575464161
2262,3.2128162760494425,-0.8545379099375388,-0.7023477575464161
2263,2.765871524519844,-0.6335360190268607,-2.5818381828285637
2264,2.7658715245665957,-0.6335360190268607,-2.5818381828285637
2265,2.765871524519844,-0.6335360185783085,-2.5818381828285637
2266,2.765871524519844,-0.6335360190268607,-2.5818381828285637
2267,2.7658715245665957,-0.6335360190269899,-2.5818381828285637
2268,2.7658715245201404,-0.6335360190268607,-2.5818381828285637
2269,2.8868095161114975,-0.6145929995752135,-2.75270094876334
2270,2.8868095161117937,-0.6145929995753426,-2.75270094876334
2271,2.8868095160653384,-0.6145930000238948,-2.7527009487631453
2272,2.8868095161117937,-0.6145929995753426,-2.75270094876334
2273,2.8868095161114975,-0.6145929995752135,-2.75270094876334
2274,3.081361937334573,-0.34939073039292196,-2.410975416893982
2275,3.081361937380436,-0.34939073039292196,-2.4109754168937876
2276,2.9674348438239786,0.26099544460967167,-1.2718903106622714
2277,2.9674348438245706,0.2609954450584821,-1.2718903106620771
2278,2.967434843824275,0.26099544460954255,-1.2718903106622714
2279,5.053177017456955,1.1029074105172803,-0.01889669380750623
2280,3.1602345405727266,0.6609036282475013,1.3480054336703133
2281,4.632523133689386,1.608054590061768,-0.36062222567705826
2282,3.7982262642358995,1.0313448933364509,-0.8846013745434976
2283,3.7982262642832425,1.0313448937853904,-0.8846013745434976
2284,3.7982262642358995,1.03134489333658,-0.8846013745434976
2285,3.7982262642364915,1.03134489333658,-0.8846013745434976
2286,3.7982262642361957,1.0313448933364509,-0.8846013745434976
2287,3.7982262642832425,1.0313448937853904,-0.8846013745434976
2288,3.7982262642361957,1.03134489333658,-0.8846013745434976
2289,3.7982262642358995,1.0313448933364509,-0.8846013745434976
2290,3.7982262642364915,1.03134489333658,-0.8846013745434976
2291,3.7982262642829467,1.0313448937852614,-0.8846013745434976
2292,3.7982262642364915,1.03134489333658,-0.8846013745434976
2293,3.7982262642358995,1.03134489333658,-0.8846013745434976
2294,3.7982262642361957,1.03134489333658,-0.8846013745434976
2295,3.7982262642832425,1.0313448937851968,-0.8846013745434976
2296,3.7982262642358995,1.0313448933365155,-0.8846013745434976
2297,4.097942156412406,1.0608118123341412,-0.6453935022348889
2298,4.097942156412111,1.0608118123339474,-0.6453935022348889
2299,4.097942156411815,1.0608118118853953,-0.6453935022348889
2300,4.097942156458566,1.0608118123340766,-0.6453935022348889
2301,4.097942156412111,1.060811812334012,-0.6453935022348889
2302,4.097942156411815,1.0608118123339474,-0.6453935022348889
2303,3.317979746956419,2.223702714837254,-0.01889669380750623
2304,3.3179797469561234,2.2237027148373185,-0.01889669380750623
2305,3.3179797470025787,2.223702715285871,-0.01889669380750623
2306,3.317979746956419,2.2237027148371893,-0.01889669380750623
2307,2.955165772227027,3.091924429609389,-0.01889669380750623
2308,2.955165772227027,3.09192442960926,-0.01889669380750623
2309,2.9551657721802758,3.0919244300580058,-0.01889669380750623
2310,2.9551657722273226,3.0919244296093247,-0.01889669380750623
2311,2.955165772226731,3.0919244296093247,-0.01889669380750623
2312,2.955165772227027,3.09192442960926,-0.01889669380750623
2313,2.955165772227027,3.0919244296093247,-0.01889669380750623
2314,2.9551657721805715,3.0919244300580058,-0.01889669380750623
2315,2.955165772226731,3.09192442960926,-0.01889669380750623
2316,2.9551657722273226,3.091924429609389,-0.01889669380750623
2317,3.2478707663201076,1.9658671755163293,0.32282883806194873
2318,3.2478707663671544,1.965867175516394,0.3228288380620458
2319,3.247870766320699,1.9658671755164585,0.32282883806194873
2320,3.2128162760026915,1.0555498625611197,0.06653468915988178
2321,3.2128162760494425,1.0555498625611197,0.06653468915988178
2322,3.2128162760494425,1.055549862112503,0.06653468915978467
2323,3.2128162760023953,1.055549862561055,0.06653468915988178
2324,3.878851591948677,0.21889984642646804,-1.4997073319085747
2325,3.878851591995428,0.21889984642646804,-1.4997073319085747
2326,3.878851591948677,0.21889984642640348,-1.4997073319085747
2327,2.0034363602228606,-0.9387291063038815,-0.13280520443065788
2328,2.003436360223452,-0.9387291067524982,-0.13280520443065788
2329,2.0034363602225644,-0.9387291063038169,-0.13280520443065788
2330,2.897325863188555,-1.7806410722114254,-1.1579818000391198
2331,2.8973258632356016,-1.7806410726601067,-1.1579818000390227
2332,2.897325863188555,-1.7806410722114254,-1.1579818000391198
2333,2.575993035351992,0.17680424824326438,-0.01889669380750623
2334,2.5759930353064244,0.17680424824319982,-0.01889669380750623
2335,2.575993035352584,0.17680424824332894,-0.01889669380750623
2336,2.575993035352288,0.17680424824313526,-0.01889669380750623
2337,2.5759930353061287,0.1768042477945831,-0.01889669380750623
2338,2.575993035352288,0.17680424824332894,-0.01889669380750623
2339,2.5759930353528797,0.17680424824326438,-0.01889669380750623
2340,2.5759930353055367,0.17680424824319982,-0.01889669380750623
2341,2.5759930353528797,0.17680424824326438,-0.01889669380750623
2342,1.6003097216142959,0.21889984642640348,-1.1579818000391198
2343,1.6003097216142959,0.2188998464265326,-1.1579818000390227
2344,1.6003097216610471,0.21889984642646804,-1.1579818000391198
2345,1.6003097216142959,0.21889984642633892,-1.1579818000391198
2346,1.6003097216142959,0.2188998464265326,-1.1579818000390227
2347,1.600309721614,0.21889984642646804,-1.1579818000391198
2348,0.6888929734898941,1.1660508082407348,-0.01889669380750623
2349,0.68889297349019,1.166050807791989,-0.01889669380750623
2350,0.08420301557660324,1.702769686422706,-0.01889669380750623
2351,0.0842030156233544,1.70276968597396,-0.01889669380750623
2352,-0.017204617078570447,1.7974847823349627,-0.01889669380750623
2353,-0.017204617125025714,1.7974847823348334,-0.01889669380750623
2354,-0.017204617125025714,1.797484782334898,-0.01889669380750623
2355,-0.017204617078570447,1.7974847823349627,-0.01889669380750623
2356,-0.017204617078570447,1.7974847823348334,-0.01889669380750623
2357,-0.017204617125025714,1.7974847823348334,-0.01889669380750623
2358,-0.017204617125025714,1.7974847818862814,-0.01889669380750623
2359,-0.017204617078570447,1.7974847823348334,-0.01889669380750623
2360,-0.017204617078570447,1.7974847823349627,-0.01889669380750623
2361,-0.017204617125025714,1.7974847823348334,-0.01889669380750623
2362,-0.01720461712532161,1.7974847823349627,-0.01889669380750623
2363,-0.017204617078274555,1.797484782334898,-0.01889669380750623
2364,-0.017204617078570447,1.7974847823348334,-0.01889669380750623
2365,-0.017204617125025714,1.7974847823348334,-0.01889669380750623
2366,0.8061906910704719,1.4137672132104009,-0.01889669380750623
2367,0.806190691070176,1.4137672132104009,-0.01889669380750623
2368,0.8061906910704719,1.4137672132102719,-0.01889669380750623
2369,0.8061906910707678,1.4137672136590178,-0.01889669380750623
2370,0.806190691070176,1.4137672132102719,-0.01889669380750623
2371,0.806190691070176,1.4137672132103365,-0.01889669380750623
2372,0.8061906910704719,1.4137672132104009,-0.01889669380750623
2373,0.8061906910704719,1.4137672132102719,-0.01889669380750623
2374,0.8061906910704719,1.4137672132104009,-0.01889669380750623
2375,0.8061906910704719,1.4137672136590178,-0.01889669380750623
2376,0.8061906910704719,1.4137672132102719,-0.01889669380750623
2377,0.8061906910704719,1.4137672132103365,-0.01889669380750623
2378,0.806190691070176,1.4137672132102719,-0.01889669380750623
2379,1.3303901462416794,1.2165655258812487,-0.01889669380750623
2380,1.3303901461946324,1.2165655258809904,-0.01889669380750623
2381,1.3303901462413836,1.2165655263298656,-0.01889669380750623
2382,1.3303901461949283,1.216565525881055,-0.01889669380750623
2383,1.3303901462413836,1.2165655258811197,-0.01889669380750623
2384,1.559412816274454,0.6468717623360153,-0.01889669380750623
2385,1.5594128162279988,0.6468717623360153,-0.01889669380750623
2386,1.559412816274454,0.6468717623359507,-0.01889669380750623
2387,1.55941281627475,0.6468717623359507,-0.01889669380750623
2388,1.559412816227703,0.6468717627846966,-0.01889669380750623
2389,1.55941281627475,0.6468717623360153,-0.01889669380750623
2390,1.559412816274454,0.6468717623360153,-0.01889669380750623
2391,1.5594128162279988,0.6468717623360153,-0.01889669380750623
2392,1.55941281627475,0.6468717623360153,-0.01889669380750623
2393,1.3765002834701052,0.46661625184462174,-0.01889669380750623
2394,1.376500283470993,0.4666162518448154,-0.01889669380750623
2395,1.3765002834704012,0.4666162518446863,-0.01889669380750623
2396,1.3765002834704012,0.4666162513961341,-0.01889669380750623
2397,1.3765002834706972,0.4666162518446863,-0.01889669380750623
2398,1.3765002834704012,0.4666162518446863,-0.01889669380750623
2399,1.3765002834704012,0.4666162518448154,-0.01889669380750623
2400,1.3765002834704012,0.46661625184475086,-0.01889669380750623
2401,1.3765002834706972,0.4666162518448154,-0.01889669380750623
2402,1.3765002834704012,0.46661625139594043,-0.01889669380750623
2403,1.3765002834704012,0.46661625184475086,-0.01889669380750623
2404,1.3765002834706972,0.4666162518448154,-0.01889669380750623
2405,1.3765002834704012,0.46661625184475086,-0.01889669380750623
2406,1.07799781598102,1.0271353336079896,-0.01889669380750623
2407,1.077997815933973,1.0271353336079896,-0.01889669380750623
2408,1.07799781598102,1.0271353336079896,-0.01889669380750623
2409,1.077997815934269,1.027135333607925,-0.01889669380750623
2410,1.0779978159807242,1.0271353336079896,-0.01889669380750623
2411,1.4454857227647477,0.9275090841557008,0.17095082389771413
2412,1.4454857227182925,0.927509084604253,0.17095082389781124
2413,1.4454857227647477,0.9275090841555717,0.17095082389771413
2414,1.4454857227179965,0.927509084604253,0.17095082389781124
2415,1.4454857227650437,0.9275090841557653,0.17095082389771413
2416,1.4454857227182925,0.9275090841555717,0.17095082389781124
2417,1.4454857227647477,0.9275090846043821,0.17095082389771413
2418,1.4454857227182925,0.9275090841555717,0.17095082389781124
2419,1.4454857227647477,0.927509084604253,0.17095082389771413
2420,1.4454857227647477,0.9275090841556362,0.17095082389771413
2421,1.4454857227182925,0.9275090841557008,0.17095082389781124
2422,1.4454857227650437,0.927509084604253,0.17095082389771413
2423,1.4454857227179965,0.9275090841556362,0.17095082389781124
2424,1.4454857227650437,0.9275090841555717,0.17095082389771413
2425,1.4454857227182925,0.9275090846043821,0.17095082389781124
2426,1.4454857227647477,0.9275090841555717,0.17095082389771413
2427,1.4454857227179965,0.9275090846043821,0.17095082389781124
2428,1.4454857227650437,0.9275090841555717,0.17095082389771413
2429,1.379466432630375,0.8882198594238611,-0.01889669380750623
2430,1.379466432677126,0.8882198589753089,-0.01889669380750623
2431,1.379466432630375,0.8882198594239256,-0.01889669380750623
2432,1.379466432677126,0.8882198594239256,-0.01889669380750623
2433,1.379466432630375,0.8882198589752442,-0.01889669380750623
2434,1.379466432677126,0.8882198594239256,-0.01889669380750623
2435,1.379466432630375,0.8882198594239256,-0.01889669380750623
2436,1.379466432677126,0.8882198589751797,-0.01889669380750623
2437,1.379466432630375,0.8882198594239256,-0.01889669380750623
2438,1.379466432677126,0.8882198594239256,-0.01889669380750623
2439,1.3794664326306707,0.8882198589753089,-0.01889669380750623
2440,1.379466432677126,0.8882198594239256,-0.01889669380750623
2441,1.379466432630375,0.8882198594239256,-0.01889669380750623
2442,1.379466432677126,0.8882198589752442,-0.01889669380750623
2443,1.379466432630375,0.8882198594238611,-0.01889669380750623
2444,1.0381859305223233,0.7556187246084392,0.22519297181358852
2445,1.0381859305690744,0.7556187246084392,0.2251929718134914
2446,1.0381859305226193,0.7556187246083745,0.22519297181358852
2447,1.0381859305223233,0.7556187246084392,0.2251929718134914
2448,1.0381859305223233,0.7556187246083745,0.22519297181358852
2449,1.0381859305690744,0.7556187246083745,0.2251929718134914
2450,1.0381859305223233,0.7556187246084392,0.22519297181358852
2451,1.0381859305226193,0.7556187250571205,0.22519297181358852
2452,1.0381859305689265,0.7556187246083745,0.2251929718134914
2453,1.0381859305223233,0.7556187246083745,0.22519297181358852
2454,1.0381859305224712,0.7556187246084392,0.2251929718134914
2455,1.0381859305223233,0.7556187246083745,0.22519297181358852
2456,1.0381859305692225,0.7556187246084392,0.2251929718134914
2457,1.0381859305221754,0.7556187246084392,0.22519297181358852
2458,0.8753191264974115,0.8445935117182298,0.3849607529473483
2459,0.8753191265440147,0.8445935121669111,0.3849607529473483
2460,0.8753191264974115,0.8445935117182298,0.3849607529472512
2461,0.8753191264971156,0.8445935121669758,0.3849607529473483
2462,0.8753191265441627,0.8445935117182298,0.3849607529473483
2463,0.8753191264971156,0.8445935121669111,0.3849607529473483
2464,0.8753191265440147,0.8445935117182298,0.3849607529473483
2465,0.8753191264971156,0.8445935121669758,0.3849607529473483
2466,0.8753191264974115,0.8445935117182298,0.3849607529472512
2467,0.8753191265438668,0.8445935121669111,0.3849607529473483
2468,0.8753191264974115,0.8445935117182298,0.3849607529473483
2469,0.5236360906027432,0.9585796448048909,0.9086440355524983
2470,0.523636090556288,0.9585796452535722,0.9086440355524983
2471,0.5236360906025953,0.9585796448048909,0.9086440355524983
2472,0.5236360905565839,0.9585796452535077,0.9086440355524013
2473,0.5236360906025953,0.9585796448049555,0.9086440355524983
2474,0.523636090556288,0.9585796452535722,0.9086440355524983
2475,0.5236360906027432,0.9585796448048264,0.9086440355524983
2476,0.4435115413114774,1.1590348750606512,0.6645543699314036
2477,0.44351154131132947,1.1590348746119055,0.6645543699314036
2478,0.4435115412650222,1.1590348750607158,0.6645543699315979
2479,0.44351154131132947,1.1590348750605868,0.6645543699314036
2480,0.44351154131177334,1.1590348746119055,0.6645543699314036
2481,0.44351154131132947,1.1590348750607158,0.6645543699314036
2482,0.4435115412650222,1.1590348750605222,0.6645543699315979
2483,0.44351154131132947,1.1590348746120345,0.6645543699314036
2484,0.44351154131177334,1.1590348750605868,0.6645543699314036
2485,0.18329936319323467,1.379766922508075,0.506834893683918
2486,0.1832993631936785,1.379766922059523,0.5068348936841123
2487,0.18329936324028173,1.379766922508075,0.506834893683918
2488,0.18329936319338264,1.379766922508075,0.5068348936841123
2489,0.1832993631936785,1.3797669220594584,0.506834893683918
2490,0.18329936319338264,1.379766922508075,0.506834893683918
2491,0.18329936324028173,1.379766922508075,0.5068348936841123
2492,0.1832993631936785,1.379766922508075,0.506834893683918
2493,0.18329936319323467,1.379766922059523,0.506834893683918
2494,0.1832993631936785,1.379766922508075,0.5068348936841123
2495,0.18329936324042967,1.379766922508075,0.506834893683918
2496,0.18329936319338264,1.3797669220594584,0.5068348936841123
2497,0.1832993631936785,1.379766922508075,0.506834893683918
2498,0.6626021057747637,1.2291942055155727,0.8354171358661796
2499,0.6626021057278646,1.229194205515508,0.8354171358661796
2500,0.6626021057283085,1.2291942050668914,0.8354171358661796
2501,0.6626021057749116,1.229194205515508,0.8354171358661796
2502,0.8729290476351724,1.039764013242378,0.8354171358661796
2503,0.8729290476354683,1.0397640127938257,0.8354171358661796
2504,0.8729290476353204,1.039764013242378,0.8354171358661796
2505,0.8729290476353204,1.0397640132424424,0.8354171358661796
2506,0.8729290475885693,1.0397640127937613,0.8354171358661796
2507,0.8729290476356163,1.039764013242378,0.8354171358661796
2508,0.8729290476350245,1.0397640127938257,0.8354171358661796
2509,0.8729290476353204,1.0397640132423134,0.8354171358661796
2510,1.3198737991181673,0.5767124318811585,0.6189909656821818
2511,1.3198737991181673,0.5767124318810294,0.6189909656821818
2512,1.3198737991180192,0.5767124318810939,0.6189909656821818
2513,1.3198737991180192,0.5767124318811585,0.6189909656821818
2514,1.3198737991178713,0.5767124318810294,0.6189909656821818
2515,1.3198737991181673,0.5767124318811585,0.6189909656821818
2516,1.3198737991180192,0.5767124318810939,0.6189909656821818
2517,1.3198737991649183,0.5767124323297107,0.6189909656821818
2518,1.3198737991183151,0.5767124318810939,0.6189909656821818
2519,1.3198737991178713,0.5767124318810294,0.6189909656821818
2520,1.3198737991180192,0.5767124318810939,0.6189909656821818
2521,1.3198737991180192,0.5767124318810939,0.6189909656821818
2522,1.3198737991181673,0.5767124318810939,0.6189909656821818
2523,1.3198737991178713,0.5767124318810939,0.6189909656821818
2524,1.3198737991183151,0.5767124318810939,0.6189909656821818
2525,1.2205527432328764,0.6749354946077329,0.05704231327465961
2526,1.2205527432330245,0.6749354946076039,0.057042313274465364
2527,1.2205527432330245,0.6749354946077976,0.05704231327465961
2528,1.2205527432328764,0.6749354946076684,0.05704231327465961
2529,1.2205527432333203,0.6749354946076684,0.057042313274465364
2530,1.2205527432328764,0.6749354946076684,0.05704231327465961
2531,1.2205527432330245,0.6749354946077976,0.05704231327465961
2532,1.2205527432331724,0.6749354946076039,0.057042313274465364
2533,1.2205527432328764,0.6749354946077329,0.05704231327465961
2534,0.4470169903524509,1.5701685516070905,-0.08724180018133894
2535,0.4470169903061436,1.5701685516071548,-0.08724180018153319
2536,0.4470169903524509,1.5701685516072195,-0.08724180018133894
2537,0.4470169903059957,1.5701685516070905,-0.08724180018153319
2538,0.4470169903530427,1.5701685516071548,-0.08724180018133894
2539,0.30767539131787874,1.6080545900618326,-1.385798821285326
2540,0.3076753913180267,1.6080545896130867,-1.385798821285326
2541,0.30767539136477784,1.608054590061768,-1.3857988212855201
2542,0.3076753913183226,1.608054590061768,-1.385798821285326
2543,1.470107329045005,4.4585279597398815,-2.118067818148513
2544,1.4701073289986977,4.458527960188563,-2.118067818148707
2545,1.470107329044857,4.4585279597398815,-2.118067818148513
2546,1.470107329045153,4.458527960188627,-2.118067818148513
2547,1.470107329045005,4.4585279597398815,-2.118067818148513
2548,1.4701073289986977,4.458527960188563,-2.118067818148707
2549,1.470107329044857,4.458527959739945,-2.118067818148513
2550,1.7755821732037438,4.196933884610621,-0.8162562681696649
2551,1.7755821731568446,4.196933885059303,-0.8162562681694706
2552,1.7755821732035957,4.196933884610621,-0.8162562681696649
2553,2.371508508513861,3.6917867050660687,-3.777877544371802
2554,2.7395806568048617,3.8180735000643935,-3.777877544371608
2555,2.73958065680501,3.81807350051301,-3.777877544371802
2556,4.2644509853985335,3.565499910516426,-3.4361520125022498
2557,5.21092222388725,2.7446357437004836,-0.7023477575464161
2558,5.947066520422796,1.544911192786995,-0.7023477575465132
2559,5.841903049468772,0.8503338205206312,-1.7275243531548778
2560,5.999648255899512,0.6609036286961503,1.3480054336704106
2561,4.04243921344741,0.766142624154224,0.6645543699314036
2562,4.042439213400955,0.7661426241541917,0.6645543699315007
2563,4.042439213447706,0.766142624154224,0.6645543699314036
2564,4.04243921344741,0.766142624154224,0.6645543699315007
2565,4.042439213401102,0.766142624602873,0.6645543699314036
2566,4.042439213447706,0.766142624154224,0.6645543699315007
2567,4.04243921344741,0.7661426241541917,0.6645543699314036
2568,4.042439213400955,0.766142624154224,0.6645543699315007
2569,4.042439213447706,0.7661426241541917,0.6645543699314036
2570,1.7162591895849888,0.4520446985584304,0.6908409493059845
2571,1.7162591895852848,0.45204469855846263,0.6908409493059845
2572,1.716259189585137,0.4520446985583981,0.6908409493059845
2573,1.7162591895854327,0.4520446985585272,0.6908409493061788
2574,1.716259189584841,0.4520446985583981,0.6908409493059845
2575,1.7162591895852848,0.45204469855846263,0.6908409493059845
2576,1.7162591895385335,0.4520446981097814,0.6908409493059845
2577,1.7162591895849888,0.4520446985584304,0.6908409493059845
2578,1.7162591895852848,0.45204469855846263,0.6908409493059845
2579,1.7162591895852848,0.45204469855846263,0.6908409493061788
2580,1.7162591895852848,0.45204469855846263,0.6908409493059845
2581,1.7162591895849888,0.4520446985583981,0.6908409493059845
2582,1.7162591895852848,0.45204469855846263,0.6908409493059845
2583,1.5170553071444604,0.3925441893809209,0.8354171358661796
2584,1.517055307097709,0.392544189380824,0.8354171358661796
2585,1.5170553071443122,0.3925441893808886,0.8354171358661796
2586,1.5170553071444604,0.3925441893808886,0.8354171358661796
2587,1.5170553071443122,0.3925441898295376,0.8354171358661796
2588,1.5170553071443122,0.3925441893808886,0.8354171358661796
2589,1.517055307098005,0.392544189380824,0.8354171358661796
2590,1.5170553071440165,0.3925441893808886,0.8354171358661796
2591,1.5302007409788718,0.345186640976079,-0.01889669380750623
2592,1.6441278345347374,0.46094953642861874,0.5506458593083491
2593,1.6441278344884303,0.46094953687723544,0.5506458593081548
2594,1.6441278345350334,0.46094953642858644,0.5506458593083491
2595,1.6441278345347374,0.46094953687723544,0.5506458593083491
2596,1.6441278344884303,0.46094953642861874,0.5506458593081548
2597,1.6441278345347374,0.46094953642861874,0.5506458593083491
2598,1.6441278345351813,0.46094953687723544,0.5506458593083491
2599,1.6441278344882824,0.4609495364285542,0.5506458593081548
2600,1.6441278345347374,0.46094953687726775,0.5506458593083491
2601,1.6441278345351813,0.46094953642861874,0.5506458593083491
2602,1.6441278344882824,0.46094953687723544,0.5506458593081548
2603,1.6441278345351813,0.46094953642861874,0.5506458593083491
2604,2.958671221268,1.4396721968802075,-1.2434131830065078
2605,2.958671221221545,1.4396721968802721,-1.2434131830065078
2606,2.958671221268148,1.4396721968803043,-1.2434131830063135
2607,2.958671221221397,1.4396721968802075,-1.2434131830065078
2608,2.958671221268,1.4396721968803043,-1.2434131830065078
2609,2.958671221221693,1.4396721968802721,-1.2434131830063135
2610,2.958671221268148,1.43967219688024,-1.2434131830065078
2611,2.958671221268,1.4396721968802721,-1.2434131830065078
2612,2.958671221221249,1.4396721968802075,-1.2434131830065078
2613,2.958671221268,1.4396721968803043,-1.2434131830065078
2614,2.958671221221545,1.4396721968802721,-1.2434131830063135
2615,2.9586712212682964,1.43967219688024,-1.2434131830065078
2616,4.514214228901838,1.5922687407430587,-3.0944264806326975
2617,4.514214228901246,1.5922687402943774,-3.0944264806328916
2618,4.514214228855087,1.592268740743123,-3.0944264806326975
2619,4.514214228901838,1.5922687407430587,-3.094426480632795
2620,4.579941398258977,2.492062154152516,-0.3606222256769612
2621,5.105758752933818,2.645410404997581,-2.459793350018065
2622,5.105758752887363,2.645410404997613,-2.459793350017968
2623,5.1057587529339665,2.645410404997581,-2.459793350018065
2624,5.105758752933671,2.6454104049975484,-2.459793350018065
2625,5.1057587529339665,2.645410404997613,-2.459793350018065
2626,5.1057587528872155,2.645410404997581,-2.459793350017968
2627,5.105758752933671,2.645410404997581,-2.459793350018065
2628,7.629682055446911,3.9127885959765853,-3.4361520125022498
2629,7.629682055446467,3.912788596425299,-3.4361520125022498
2630,3.63347015977026,4.575794269605498,-0.01889669380750623
2631,3.423143217909851,1.9869149746080281,-0.7023477575464161
2632,5.578994372131647,2.9972093336971004,0.6645543699314036
2633,4.054124043537977,1.6396262886991546,1.2625740507030225
2634,4.054124043537977,1.6396262886992192,1.2625740507030225
2635,4.054124043537977,1.6396262886991546,1.2625740507030225
2636,4.054124043537977,1.639626288699187,1.2625740507030225
2637,4.054124043537977,1.6396262886991546,1.2625740507030225
2638,4.054124043537977,1.639626288699187,1.2625740507030225
2639,4.054124043538124,1.639626288699187,1.2625740507030225
2640,4.054124043537977,1.639626288699187,1.2625740507030225
2641,2.138646537143374,0.9270079461675044,0.4692826374345861
2642,2.138646537143374,0.9270079461674721,0.4692826374345861
2643,2.138646537143374,0.9270079466161211,0.4692826374345861
2644,2.1386465371435217,0.9270079461674721,0.4692826374346832
2645,2.138646537143374,0.9270079461675044,0.4692826374345861
2646,2.138646537143374,0.9270079461675044,0.4692826374345861
2647,2.138646537143226,0.9270079466161211,0.4692826374345861
2648,2.138646537143374,0.9270079461674721,0.4692826374345861
2649,2.138646537143374,0.9270079461674721,0.4692826374345861
2650,2.1386465371435217,0.9270079461675044,0.4692826374345861
2651,2.138646537143374,0.9270079461674721,0.4692826374346832
2652,2.138646537143078,0.9270079466161534,0.4692826374345861
2653,2.1386465371435217,0.9270079461674721,0.4692826374345861
2654,2.138646537143374,0.9270079461674398,0.4692826374345861
2655,1.7825930712393834,1.077650051697088,1.142970114548718
2656,1.7825930712858387,1.077650051248342,1.142970114548718
2657,1.7825930712390874,1.0776500516970555,1.142970114548621
2658,1.7825930712858387,1.0776500512483742,1.142970114548718
2659,1.7825930712392355,1.0776500516970555,1.142970114548718
2660,1.7054731925678759,1.1450030087004195,0.7328994763053335
2661,1.7054731925678759,1.145003009149133,0.7328994763053335
2662,1.7054731925678759,1.1450030087004517,0.7328994763053335
2663,1.7054731925211246,1.1450030087004195,0.7328994763053335
2664,1.7054731925680238,1.1450030091491008,0.7328994763053335
2665,1.7054731925678759,1.145003008700484,0.7328994763053335
2666,1.7054731925678759,1.1450030087004517,0.7328994763054305
2667,1.7054731925678759,1.1450030091491008,0.7328994763052363
2668,1.7054731925680238,1.1450030087004517,0.7328994763054305
2669,1.7054731925677278,1.1450030087004195,0.7328994763052363
2670,1.7054731925678759,1.1450030091491008,0.7328994763054305
2671,1.7054731925212727,1.145003008700484,0.7328994763052363
2672,1.7054731925678759,1.1450030087004357,0.7328994763054305
2673,1.7054731925678759,1.1450030091491008,0.7328994763052363
2674,1.7054731925678759,1.1450030087004517,0.7328994763054305
2675,2.227785098248199,1.4859773547920663,-0.2467137150538095
2676,2.2277850982013,1.4859773552407154,-0.2467137150538095
2677,2.227785098248051,1.4859773547920503,-0.2467137150538095
2678,2.2277850982014478,1.4859773552407154,-0.2467137150538095
2679,2.227785098247903,1.4859773547920825,-0.2467137150538095
2680,2.227785098201152,1.4859773547920503,-0.2467137150538095
2681,2.227785098248199,1.4859773552407316,-0.2467137150538095
2682,2.2277850982014478,1.4859773547920663,-0.24671371505400375
2683,2.227785098248051,1.4859773552406992,-0.2467137150538095
2684,2.2277850982013,1.4859773547920825,-0.2467137150538095
2685,2.227785098248199,1.4859773547920503,-0.2467137150538095
2686,2.227785098201152,1.4859773552407316,-0.2467137150538095
2687,2.227785098248199,1.4859773547920503,-0.2467137150538095
2688,2.227785098201152,1.4859773552407154,-0.2467137150538095
2689,2.227785098248199,1.4859773547920825,-0.2467137150538095
2690,2.1436543214944486,1.4607199959718578,-0.5884392469233616
2691,2.1436543214479933,1.4607199959718578,-0.5884392469231674
2692,2.1436543214944486,1.460719995971874,-0.5884392469233616
2693,2.1436543214944486,1.4607199959718578,-0.5884392469233616
2694,2.1436543214478454,1.460719995971874,-0.5884392469231674
2695,2.1436543214944486,1.460719995971874,-0.5884392469233616
2696,2.161181566653452,1.734341384611395,-0.01889669380750623
2697,3.645154989860679,2.4850462209724644,-2.676761941681174
2698,3.645154989907578,2.4850462209724644,-2.676761941681174
2699,3.645154989860531,2.4850462214211135,-2.676761941681271
2700,3.64515498990743,2.4850462209724484,-2.676761941681174
2701,3.645154989860679,2.4850462209724804,-2.676761941681174
2702,3.64515498990743,2.4850462209724484,-2.676761941681174
2703,3.645154989860679,2.4850462214211295,-2.676761941681271
2704,3.64515498990743,2.4850462209724484,-2.676761941681174
2705,3.645154989860679,2.4850462209724644,-2.676761941681174
2706,5.6491033527673675,3.9864558932459055,-4.575237118733863
2707,5.6491033527673675,3.9864558936945382,-4.575237118733766
2708,5.649103352767515,3.9864558932459055,-4.575237118733863
2709,6.0522299913760795,4.512650871882044,-3.4361520125022498
2710,6.087284481694088,3.4602609146097514,-2.297066906270636
2711,6.087284481647041,3.4602609150584005,-2.297066906270733
2712,6.087284481694236,3.4602609146097514,-2.297066906270636
2713,6.52546561062066,2.1763451668811338,-3.4361520125022498
2714,6.735792552480921,1.608054590061768,-3.4361520125022498
2715,6.814665155673211,1.5449111927869545,-1.7275243531548778
2716,6.814665155672915,1.5449111923382974,-1.7275243531548778
2717,6.770847042798929,1.2923376027903457,-2.4109754168937876
2718,6.770847042752326,1.292337602790354,-2.410975416893885
2719,6.770847042798929,1.2923376027903457,-2.4109754168937876
2720,6.840956023434945,0.6609036286961825,-3.094426480632795
2721,6.630629081527341,-0.9176813076609206,-3.4361520125022498
2722,6.946119494341773,-1.9279756663013274,-3.4361520125022498
2723,6.683210817004205,-2.306836050847571,-3.4361520125022498
2724,5.776175880157941,-2.0069049128948584,-3.4361520125022498
2725,5.776175880158088,-2.0069049133435235,-3.4361520125022498
2726,5.776175880157941,-2.0069049133435155,-3.4361520125022498
2727,5.776175880157941,-2.006904912894867,-3.4361520125022498
2728,2.0560180956998724,-1.0650159013021494,-1.1579818000391198
2729,2.0560180956531213,-1.0650159013021738,-1.1579818000390227
2730,2.0560180957000203,-1.0650159013021656,-1.1579818000391198
2731,0.11575205685334178,-0.027359403304265152,-0.01889669380750623
2732,0.11575205690024089,-0.027359403752930306,-0.01889669380750623
2733,0.11575205685348973,-0.027359403752930306,-0.01889669380750623
2734,0.11575205690009294,-0.027359403304257082,-0.01889669380750623
2735,0.11575205685363768,-0.027359403304273222,-0.01889669380750623
2736,0.11575205685348973,-0.027359403752930306,-0.01889669380750623
2737,0.11575205690009294,-0.027359403752930306,-0.01889669380750623
2738,0.11575205685348973,-0.027359403304257082,-0.01889669380750623
2739,0.11575205690024089,-0.027359403304273222,-0.01889669380750623
2740,0.11575205685348973,-0.027359403752922236,-0.01889669380750623
2741,0.3301678111716733,0.1671466503839206,-0.01889669380750623
2742,0.33016781112492216,0.16714665038391252,-0.01889669380750623
2743,0.3098115516553732,0.1908733727442069,-0.07111908363812194
2744,0.24815027847615814,0.26274413516510947,-0.22930625177693761
2745,0.24815027842940698,0.2627441347164685,-0.22930625177693761
2746,0.24815027847586227,0.2627441351651175,-0.22930625177693761
2747,0.005330412384904826,1.1029074105172318,-0.01889669380750623
2748,-0.8359773551037771,1.1029074105172318,-0.7023477575465132
2749,-1.3092129743482097,1.1029074105172398,1.3480054336704106
2750,-1.3092129743482097,1.1660508082407106,-0.01889669380750623
2751,-1.361794709824926,1.765913083248814,-1.044073289415968
2752,-1.3617947098252217,1.7659130836974872,-1.044073289415871
2753,-1.5195399162087666,2.2079168655185364,-0.7023477575465132
2754,-1.5195399162553698,2.2079168659672015,-0.7023477575464161
2755,-1.6342637027036213,2.2796707262212523,-0.11209456613555706
2756,-1.6342637027036213,2.2796707266699254,-0.11209456613555706
2757,-1.6342637027034734,2.2796707262212523,-0.11209456613555706
2758,-1.6342637027036213,2.2796707262212603,-0.11209456613555706
2759,-1.6342637027036213,2.2796707262212523,-0.11209456613555706
2760,-1.6342637027503726,2.2796707266699174,-0.11209456613545994
2761,-1.6342637027036213,2.2796707262212523,-0.11209456613555706
2762,-1.6342637027034734,2.2796707262212643,-0.11209456613555706
2763,-1.6342637027036213,2.2796707262212523,-0.11209456613555706
2764,-1.6342637027036213,2.2796707266699214,-0.11209456613555706
2765,-1.6342637027036213,2.2796707262212523,-0.11209456613555706
2766,-2.097939006406779,2.7235879446088815,1.4619139442935623
2767,-2.0979390063601757,2.7235879446088815,1.4619139442935623
2768,-2.097939006406779,2.7235879446088775,1.4619139442935623
2769,-0.09983305856867512,2.7446357437004876,0.15196607212726979
2770,-0.09983305852192396,2.7446357441491465,0.15196607212717267
2771,-0.09983305856882307,2.7446357441491505,0.15196607212717267
2772,-0.09983305856867512,2.7446357437004854,0.15196607212726979
2773,1.6669132532088944,2.30263196187943,0.527864157183641
2774,1.6669132532088944,2.30263196187943,0.527864157183641
2775,1.6669132532556457,2.302631961430767,0.5278641571837381
2776,1.6669132532088944,2.30263196187943,0.527864157183641
2777,1.6669132532088944,2.302631961879429,0.527864157183641
2778,1.1696402691908856,2.2034066231765244,0.005512272754632378
2779,1.1696402692377847,2.2034066227278633,0.005512272754535254
2780,1.1696402691911816,2.203406622727864,0.005512272754632378
2781,1.1696402691910337,2.203406623176522,0.005512272754632378
2782,1.1696402692376369,2.2034066231765252,0.005512272754535254
2783,1.1696402691910337,2.203406622727862,0.005512272754632378
2784,1.1696402692377847,2.203406622727864,0.005512272754632378
2785,1.1696402691908856,2.2034066231765252,0.005512272754535254
2786,1.1696402691910337,2.203406623176519,0.005512272754632378
2787,1.1696402692377847,2.2034066227278664,0.005512272754535254
2788,1.1696402691910337,2.2034066227278664,0.005512272754632378
2789,1.1696402691911816,2.2034066231765235,0.005512272754632378
2790,1.1696402692376369,2.203406623176519,0.005512272754535254
2791,1.1696402691910337,2.2034066227278664,0.005512272754632378
2792,2.3452176407521277,2.649920647788255,-0.10432807677489424
2793,2.3452176407990266,2.6499206477882633,-0.10432807677479712
2794,2.3452176407988787,2.6499206473395938,-0.10432807677489424
2795,2.3452176407521277,2.6499206477882593,-0.10432807677489424
2796,3.278543445360274,3.2182112246076167,-0.5884392469232644
2797,3.278543445360274,3.2182112246076167,-0.5884392469233616
2798,3.278543445360348,3.2182112246076167,-0.5884392469232644
2799,3.2785434453602003,3.2182112246076167,-0.5884392469232644
2800,3.278543445360496,3.2182112246076087,-0.5884392469233616
2801,3.2785434453602003,3.2182112241589516,-0.5884392469232644
2802,3.278543445360348,3.2182112246076167,-0.5884392469232644
2803,3.2785434453602003,3.2182112246076167,-0.5884392469233616
2804,3.278543445360348,3.2182112246076167,-0.5884392469232644
2805,3.2785434453602003,3.2182112246076167,-0.5884392469232644
2806,3.278543445360348,3.2182112246076007,-0.5884392469233616
2807,3.278543445360348,3.2182112246076167,-0.5884392469232644
2808,2.371508508513861,3.691786705514766,-0.01889669380750623
2809,2.161181566606701,3.8812168973391827,-0.01889669380750623
2810,1.5617497823019917,3.8180735000644095,-0.01889669380750623
2811,1.5617497822553885,3.818073500513026,-0.01889669380750623
2812,1.5617497823019177,3.818073500064377,-0.01889669380750623
2813,1.5617497822553885,3.8180735005130586,-0.01889669380750623
2814,1.5617497823020656,3.818073500064377,-0.01889669380750623
2815,0.4259842961526214,3.754930102789572,-0.01889669380750623
2816,0.005330412384904826,3.9127885964252505,1.6897309655398656
2817,0.005330412384904826,3.912788596425283,1.6897309655398656
2818,2.2137633020834913,4.133790487335784,-0.01889669380750623
2819,3.3705614824330614,2.05005837188285,-0.01889669380750623
2820,3.686051895246976,0.8503338209692963,3.3983586248872375
2821,3.1076528050958627,0.8503338205206312,0.32282883806194873
2822,2.739580656758037,0.6609036286961664,3.740084156756692
2823,2.1787088118124562,0.4083300386995819,0.892371391177804
2824,2.178708811765705,0.4083300386995819,0.8923713911777069
2825,2.1787088118123825,0.40833003869956574,0.892371391177804
2826,2.389035753672791,0.566188532335293,0.5506458593082519
2827,2.3890357536728652,0.5661885323352769,0.5506458593083491
2828,2.3890357536261138,0.566188532335293,0.5506458593082519
2829,2.3890357536728652,0.5661885323352769,0.5506458593082519
2830,2.389035753672939,0.566188532335293,0.5506458593083491
2831,2.389035753673013,0.566188532335293,0.5506458593082519
2832,2.616889940692204,1.4817677950634758,-0.01889669380750623
2833,2.6168899407390294,1.481767795512125,-0.01889669380750623
2834,2.616889940692352,1.4817677950634758,-0.01889669380750623
2835,1.6879459474087979,1.7974847823348818,-0.01889669380750623
2836,1.6879459474090197,1.7974847823349143,-0.01889669380750623
2837,1.6879459474090197,1.7974847823348818,-0.01889669380750623
2838,1.6879459474090197,1.797484782334898,-0.01889669380750623
2839,1.7202389369877473,1.4531291685535037,0.05877135262446793
2840,1.039990176741548,2.447275161724428,0.10225990965390033
2841,1.0399901767882993,2.4472751612757464,0.10225990965380322
2842,1.0399901767416961,2.447275161275779,0.10225990965390033
2843,1.0399901767883732,2.4472751617243955,0.10225990965390033
2844,1.0399901767416222,2.4472751612757464,0.10225990965390033
2845,0.41642398061134656,2.262449799814121,0.5402905401607015
2846,0.41642398056466934,2.262449799814121,0.5402905401607987
2847,0.41642398061127256,2.262449799814121,0.5402905401607015
2848,0.4164239806114205,2.262449799814121,0.5402905401607015
2849,0.41642398061127256,2.2624497998141533,0.5402905401607015
2850,0.4164239805648173,2.2624497993654074,0.5402905401607987
2851,0.41642398061127256,2.2624497998141533,0.5402905401607015
2852,0.4164239806114205,2.262449799814121,0.5402905401607015
2853,0.41642398061127256,2.262449799814121,0.5402905401607015
2854,0.41642398056466934,2.262449799814121,0.5402905401607987
2855,0.41642398061127256,2.2624497998141533,0.5402905401607015
2856,0.794056444443622,2.6309776283366118,-0.01889669380750623
2857,0.794056444443474,2.6309776283365798,-0.01889669380750623
2858,0.7940564443967969,2.630977628785261,-0.01889669380750623
2859,0.7940564444433261,2.6309776283366766,-0.01889669380750623
2860,0.794056444443622,2.6309776283365798,-0.01889669380750623
2861,1.9508546247462184,2.0500583718828014,-1.7275243531548778
2862,1.9508546247462926,2.050058372331515,-1.7275243531548778
2863,2.634417185851282,2.4289187564290935,-0.01889669380750623
2864,3.0419256357380577,2.492062154152548,-0.8732105234811921
2865,3.041925635784587,2.492062154152548,-0.8732105234811921
2866,3.04192563573828,2.492062154152516,-0.8732105234811921
2867,3.04192563573791,2.492062154152548,-0.8732105234811921
2868,2.5608027561743665,2.9719519744282263,-1.385798821285423
2869,2.5608027562210434,2.9719519748768755,-1.385798821285423
2870,2.5608027561743665,2.9719519744282588,-1.385798821285326
2871,2.5608027562211175,2.971951974876908,-1.385798821285423
2872,2.5608027561742923,2.9719519744282263,-1.385798821285423
2873,3.1777617857316565,3.3550219191516937,-3.4361520125022498
2874,3.1777617856846834,3.355021918703077,-3.4361520125022498
2875,3.1777617857313607,3.3550219191516937,-3.4361520125022498
2876,3.8437971016775676,2.30263196187945,-3.4361520125022498
2877,3.8437971016308166,1.608054589613119,-3.094426480632795
2878,3.7386336307239136,0.9134772182440857,-3.7778775443717048
2879,3.633470159770334,0.34518664142479255,-3.4361520125022498
2880,3.212816276002543,-0.6651077176643119,-2.4109754168937876
2881,2.161181566653452,-1.1071114994854097,-1.044073289415968
2882,1.53020074097865,-0.9176813072122474,-0.01889669380750623
2883,1.8456911538393896,-1.6122586794785785,-0.3606222256769612
2884,0.8466381798735868,-3.064556819940035,-3.094426480632795
2885,0.89921991539698,-3.1908436149383594,-0.01889669380750623
2886,0.8887035682737636,-4.289538730571079,-2.75270094876334
2887,0.8887035682736897,-4.2895387301224615,-2.7527009487632426
2888,0.8887035682269385,-4.289538730571111,-2.75270094876334
2889,0.8887035682737636,-4.2895387301224295,-2.7527009487632426
2890,0.8887035682736897,-4.289538730571079,-2.75270094876334
2891,0.4785660316293374,-4.579998358573723,-0.01889669380750623
2892,-0.04725132309188514,-4.516854960850172,-3.4361520125022498
2893,-0.6256504132432205,-4.958858743119887,-4.11960307624116
2894,-0.7483411293558783,-5.316671328574513,-5.71432222496538
2895,-0.7483411293090532,-5.316671329023227,-5.7143222249654775
2896,-0.7483411293558043,-5.316671328574513,-5.71432222496538
2897,-1.3092129743482839,-5.906009704485505,-4.8030541399801665
2898,-1.3092129743482839,-5.906009704485505,-4.8030541399801665
2899,-1.1251769002027094,-6.3164417881178005,-1.7275243531548778
2900,-1.1251769002496086,-6.3164417881178005,-1.7275243531548778
2901,-1.0988860324410499,-7.295164448120804,-3.4361520125022498
2902,-0.4416143391445453,-5.716579512661072,-0.5314849916117372
2903,-0.4416143390978681,-5.716579512212358,-0.5314849916117372
2904,0.26823908972217747,-5.190384533576236,-0.8162562681695678
2905,0.26823908976892863,-5.1903845340249015,-0.8162562681696649
2906,0.26823908972217747,-5.19038453357622,-0.8162562681695678
2907,-0.020960455330077593,-2.90669832630434,-0.01889669380750623
2908,-0.020960455376902724,-2.906698326753005,-0.01889669380750623
2909,0.3208208251990414,-3.6328473967593924,-0.01889669380750623
2910,2.0034363602230085,-0.34939073084157096,-0.01889669380750623
2911,2.0034363602230822,-0.34939073039288965,-0.01889669380750623
2912,2.6146990350532833,-0.9729317802763956,-0.23247515122592768
2913,2.6146990350532096,-0.9729317798277304,-0.23247515122592768
2914,2.6146990350533574,-0.9729317802763794,-0.23247515122592768
2915,2.6146990350999606,-0.9729317798277143,-0.23247515122592768
2916,2.6146990350532833,-0.9729317802763956,-0.23247515122592768
2917,2.6146990350532833,-0.9729317802763956,-0.23247515122592768
2918,2.6146990350532096,-0.9729317798277143,-0.23247515122592768
2919,2.6146990350534316,-0.9729317802763956,-0.23247515122592768
2920,3.4832366298431263,-1.161234411627507,-0.26298635942860094
2921,3.4832366298900994,-1.1612344120761562,-0.26298635942850385
2922,3.4832366298431263,-1.161234411627507,-0.26298635942860094
2923,3.4832366298900994,-1.161234411627507,-0.26298635942850385
2924,3.483236629843274,-1.161234411627507,-0.26298635942860094
2925,3.4832366298899515,-1.1612344120761562,-0.26298635942850385
2926,3.483236629843274,-1.161234411627507,-0.26298635942860094
2927,5.221438570964085,-1.8774609482122857,-0.7023477575464161
2928,5.221438570964085,-1.8774609482122857,-0.7023477575465132
2929,5.221438570917556,-1.8774609486609508,-0.7023477575464161
2930,5.221438570964085,-1.8774609482122695,-0.7023477575465132
2931,5.221438570964159,-1.8774609482122857,-0.7023477575464161
2932,4.961158980384389,-1.754331323346915,-0.8732105234811921
2933,4.9611589803842415,-1.7543313237955802,-0.8732105234811921
2934,4.961158980384389,-1.754331323346915,-0.8732105234811921
2935,4.961158980384389,-1.754331323346931,-0.8732105234811921
2936,3.8437971016775676,-1.4859718840316212,-0.8732105234811921
2937,3.8437971016308166,-1.48597188448027,-0.8732105234811921
2938,3.843797101630743,-1.48597188448027,-0.8732105234811921
2939,3.8437971016774197,-1.485971884031613,-0.8732105234811921
2940,2.739580656804936,-0.9808247049357423,-10.270662649891737
2941,2.739580656758037,-0.980824704487077,-10.270662649891737
2942,1.043819687899954,2.0027008239267134,-0.8732105234811921
2943,1.043819687946631,2.0027008239267214,-0.8732105234811921
2944,1.04381968789988,2.0027008239267134,-0.8732105234811921
2945,1.04381968789988,2.0027008239267134,-0.8732105234811921
2946,0.5048568993444678,-0.23888978471330688,-0.01889669380750623
2947,0.5048568993444678,-0.238889785161972,-0.01889669380750623
2948,0.5048568993444678,-0.2388897851619559,-0.01889669380750623
2949,0.5048568993443938,-0.238889784713323,-0.01889669380750623
2950,-2.045357270930063,-4.537902760390439,-2.297066906270636
2951,-2.045357270929989,-4.53790275994179,-2.297066906270733
2952,-2.045357270930137,-4.537902760390447,-2.297066906270636
2953,-0.6256504132432205,0.3451866414247522,-0.01889669380750623
2954,-0.6256504132432205,0.3451866414247603,-0.01889669380750623
2955,-0.6256504132432944,0.34518664142476835,-0.01889669380750623
2956,0.6947353885584051,1.530879326426771,-0.7782867646285819
2957,0.694735388511728,1.530879326426771,-0.7782867646285819
2958,0.6947353885584051,1.5308793264267793,-0.7782867646284849
2959,0.694735388511728,1.530879326426771,-0.7782867646285819
2960,0.6947353885584051,1.5308793268754282,-0.7782867646285819
2961,0.694735388511728,1.5308793264267793,-0.7782867646285819
2962,0.6947353885584792,1.530879326426771,-0.7782867646284849
2963,0.694735388511654,1.530879326426771,-0.7782867646285819
2964,0.6947353885584792,1.5308793264267793,-0.7782867646285819
2965,0.6888929734898941,-0.2862473331180842,-0.01889669380750623
2966,0.6888929734898941,-0.28624733311806805,-0.01889669380750623
2967,-0.8284656786471442,-1.8918937248732624,-0.9952553562916909
2968,-0.8284656786003189,-1.8918937248732464,-0.9952553562917881
2969,-0.8284656786471442,-1.8918937248732544,-0.9952553562916909
2970,-0.828465678600393,-1.8918937253219115,-0.9952553562916909
2971,-0.8284656786471442,-1.8918937248732381,-0.9952553562916909
2972,-0.8284656786003189,-1.8918937248732464,-0.9952553562917881
2973,-0.828465678647292,-1.8918937248732544,-0.9952553562916909
2974,-1.2566312388713456,0.724047025970996,-0.01889669380750623
2975,1.065728744336799,2.2394885641559554,-1.385798821285423
2976,1.0657287443836243,2.2394885646046125,-1.385798821285423
2977,1.0657287443369472,2.2394885646046125,-1.385798821285326
2978,1.065728744336873,2.239488564155931,-1.385798821285423
2979,1.0657287443836243,2.2394885641559554,-1.385798821285423
2980,1.065728744336873,2.2394885646046205,-1.385798821285423
2981,0.7809110105625333,1.5764828914243492,-0.5314849916117372
2982,0.78091101051593,1.5764828909757,-0.5314849916116401
2983,0.7809110105626073,1.5764828914243654,-0.5314849916117372
2984,0.7809110105626812,1.5764828914243654,-0.5314849916117372
2985,1.0306742540656904,-0.5388209231146848,-0.01889669380750623
2986,1.0306742540190872,-0.5388209226660197,-0.01889669380750623
2987,-1.4143764453018637,-4.264281371302237,-0.01889669380750623
2988,-1.4143764452552605,-4.264281371302245,-0.01889669380750623
2989,-0.9060863357394231,-1.864832269026514,0.36079834160303165
2990,-0.9060863357862482,-1.8648322685778569,0.36079834160303165
2991,-0.906086335739497,-1.8648322690265058,0.36079834160303165
2992,-0.906086335739497,-1.864832269026522,0.36079834160303165
2993,-0.9060863357862482,-1.864832268577849,0.3607983416029345
2994,-0.9060863357394231,-1.864832269026522,0.36079834160303165
2995,-0.9060863357395711,-1.864832269026522,0.36079834160303165
2996,-0.9060863357861743,-1.8648322685778407,0.36079834160303165
2997,-0.906086335739497,-1.864832269026522,0.36079834160303165
2998,-0.44161433909779413,-1.4228284867567913,-0.01889669380750623
2999,-0.4416143390978681,-1.4228284867567995,-0.01889669380750623
3000,1.4250372700716731,-3.1908436149383514,-3.4361520125022498
3001,3.212816276002543,-2.1174058585744495,-0.01889669380750623
3002,2.686998921328072,0.02946965415333804,-3.4361520125022498
3003,2.686998921328072,0.02946965415333804,-3.4361520125022498
3004,1.5564916087403096,1.1029074105172398,-0.01889669380750623
3005,1.5564916087403096,1.1029074105172239,-0.01889669380750623
3006,2.1085998311299115,2.1763451668811338,-3.4361520125022498
3007,1.7668185506007923,1.3554810000651756,-0.01889669380750623
3008,1.7668185506475433,1.3554810005138327,-0.01889669380750623
3009,1.5196843939018887,-0.6019643203895064,-0.7023477575464161
3010,1.5196843939018887,-0.6019643199408413,-0.7023477575465132
3011,1.5196843939018887,-0.6019643203894903,-0.7023477575464161
3012,1.5196843939018887,-0.6019643199408413,-0.7023477575465132
3013,1.5196843939018148,-0.6019643203894983,-0.7023477575464161
3014,-1.4143764453017897,-1.3175894912987662,0.5506458593082519
3015,-1.4143764452551866,-1.317589490850101,0.5506458593083491
3016,-1.4143764453017897,-1.3175894912987662,0.5506458593082519
3017,-1.4143764453018637,-1.317589491298758,0.5506458593082519
3018,-1.4143764452551866,-1.3175894908501091,0.5506458593083491
3019,-1.4143764453018637,-1.3175894912987662,0.5506458593082519
3020,-1.7824485935927163,-1.317589490850101,1.1201884124241073
3021,-1.7824485935461132,-1.317589491298758,1.1201884124240102
3022,-1.7824485935926424,-1.317589490850101,1.1201884124241073
3023,-1.0200134292493515,-1.6438303781159893,-0.01889669380750623
3024,-1.0200134292958067,-1.6438303776673242,-0.01889669380750623
3025,-0.1261239262838055,-1.3912567881193887,-0.01889669380750623
3026,-0.1261239262837315,-1.3912567881193807,-0.01889669380750623
3027,2.7395806567581107,-3.1908436149383475,-0.01889669380750623
3028,2.6081263181362258,-0.4125341281163845,-0.01889669380750623
3029,2.6081263181362258,-0.4125341276677234,-0.01889669380750623
3030,3.163327583822034,-1.7385454740282136,-0.6219417500477894
3031,3.163327583822182,-1.7385454740282136,-0.6219417500476923
3032,3.1633275837754304,-1.7385454740282176,-0.6219417500477894
3033,3.163327583822034,-1.7385454740282096,-0.6219417500477894
3034,3.163327583822182,-1.7385454740282198,-0.6219417500476923
3035,3.163327583822182,-1.7385454740282116,-0.6219417500477894
3036,3.1633275838221078,-1.7385454740282156,-0.6219417500477894
3037,3.1633275838221078,-1.7385454740282156,-0.6219417500476923
3038,3.1633275837754304,-1.7385454735795525,-0.6219417500477894
3039,3.1633275838221078,-1.7385454740282147,-0.6219417500476923
3040,3.1633275838221446,-1.7385454740282147,-0.6219417500477894
3041,3.163327583822182,-1.7385454740282156,-0.6219417500477894
3042,3.163327583822071,-1.7385454740282147,-0.6219417500476923
3043,3.1633275838221078,-1.7385454740282147,-0.6219417500477894
3044,3.1633275837754304,-1.7385454740282147,-0.6219417500477894
3045,3.1633275838221446,-1.7385454740282147,-0.6219417500476923
3046,3.163327583822182,-1.7385454740282145,-0.6219417500477894
3047,3.4546922591865528,-2.1552918970290778,-0.7023477575464161
3048,3.454692259186516,-2.1552918970290764,-0.7023477575465132
3049,3.4546922591865896,-2.1552918970290764,-0.7023477575464161
3050,3.4546922591865528,-2.1552918970290764,-0.7023477575465132
3051,3.454692259186516,-2.1552918970290764,-0.7023477575464161
3052,3.4546922591399127,-2.155291897477738,-0.7023477575464161
3053,3.4546922591865528,-2.1552918970290764,-0.7023477575465132
3054,3.454692259186516,-2.1552918970290746,-0.7023477575464161
3055,3.4546922591865896,-2.1552918970290826,-0.7023477575465132
3056,3.454692259186516,-2.1552918970290746,-0.7023477575464161
3057,4.671959435285309,-1.517543583117685,-0.8732105234811921
3058,4.671959435285346,-1.517543583117681,-0.8732105234811921
3059,4.671959435331986,-1.5175435826690278,-0.8732105234811921
3060,4.671959435285309,-1.5175435831176889,-0.8732105234811921
3061,3.2759143586027717,-1.4986005636660458,-0.7023477575464161
3062,3.2759143585561685,-1.4986005636660418,-0.7023477575465132
3063,3.2759143586027717,-1.4986005641147029,-0.7023477575464161
3064,3.2759143585560944,-1.4986005636660418,-0.7023477575465132
3065,3.2759143586027717,-1.4986005636660498,-0.7023477575464161
3066,2.1261270763355924,-1.50701968357188,-0.5884392469232644
3067,2.126127076288878,-1.5070196831232148,-0.5884392469233616
3068,2.1261270763355924,-1.507019683571888,-0.5884392469232644
3069,2.1261270763355555,-1.507019683571888,-0.5884392469232644
3070,2.126127076288878,-1.5070196831232148,-0.5884392469233616
3071,2.1261270763356293,-1.507019683571888,-0.5884392469232644
3072,0.11049388333848477,-2.138453657666059,-0.01889669380750623
3073,0.11049388329184456,-2.138453658114716,-0.01889669380750623
3074,0.11049388333848477,-2.138453657666059,-0.01889669380750623
3075,-0.09983305856867512,-3.0014134226652294,-2.4109754168937876
3076,0.7414747089666471,-3.1908436149383514,-1.044073289415968
3077,1.7405276828857728,-3.127700217663522,-0.01889669380750623
3078,2.5818354503744176,-2.6856964353938313,-0.01889669380750623
3079,3.2128162760493315,-2.2436926535727415,-0.01889669380750623
3080,3.633470159770297,-1.6122586790299134,-0.01889669380750623
3081,4.001542308061223,-0.9176813072122555,-1.7275243531548778
3082,4.001542308061187,-0.22310393584327065,-1.7275243531548778
3083,3.8963788371075694,0.7871904236944748,-0.01889669380750623
3084,3.686051895247161,1.3554810000651836,-0.01889669380750623
3085,3.4757249533866044,1.797484782334898,-0.01889669380750623
3086,3.317979746956197,1.7343413850600602,-0.01889669380750623
3087,3.370561482433024,1.039764012793753,-3.4361520125022498
3088,2.897325863188555,-0.5388209226660197,-0.01889669380750623
3089,3.843797101677494,-1.1702548972088478,-0.01889669380750623
3090,2.844744127711728,-1.7385454740282218,-0.01889669380750623
3091,3.370561482433024,-2.4962662431206852,-3.4361520125022498
3092,4.895431811073372,-3.380273807211465,-0.01889669380750623
3093,2.973277258892786,-1.9279756663013516,-0.7782867646285819
3094,2.9732772588928227,-1.9279756663013194,-0.7782867646285819
3095,2.97327725884609,-1.9279756663013516,-0.7782867646284849
3096,2.973277258892804,-1.9279756663013194,-0.7782867646285819
3097,2.9732772588928227,-1.9279756663013357,-0.7782867646285819
3098,2.973277258892786,-1.9279756663013357,-0.7782867646285819
3099,2.9732772588461454,-1.9279756663013194,-0.7782867646284849
3100,2.973277258892786,-1.9279756663013516,-0.7782867646285819
3101,2.973277258892786,-1.9279756663013194,-0.7782867646285819
3102,2.4689305796990455,-2.258233486155155,-0.6022857705907585
3103,2.4689305797457597,-2.2582334866037876,-0.6022857705906614
3104,2.4689305796990455,-2.2582334861551225,-0.6022857705907585
3105,2.4689305797457597,-2.2582334861551385,-0.6022857705906614
3106,2.4689305796990455,-2.2582334866037876,-0.6022857705907585
3107,3.146359803704677,-1.350124322498916,-0.5192066285861828
3108,1.819400286077619,0.5661885323352769,-0.01889669380750623
3109,1.8194002860776006,0.566188532335293,-0.01889669380750623
3110,4.23816011768344,2.5867772505134377,-0.01889669380750623
3111,4.23816011768344,2.5867772500647725,-0.01889669380750623
3112,2.634417185851245,1.7904688491548144,-0.01889669380750623
3113,2.634417185851208,1.7904688491547982,-0.01889669380750623
3114,2.634417185851245,1.7904688496034635,-0.01889669380750623
3115,2.6344171858512637,1.7904688491547822,-0.01889669380750623
3116,2.6344171858979037,1.7904688491548144,-0.01889669380750623
3117,2.6344171858512637,1.7904688491548144,-0.01889669380750623
3118,2.634417185851245,1.7904688496034473,-0.01889669380750623
3119,2.634417185851208,1.7904688491548144,-0.01889669380750623
3120,2.634417185851245,1.7904688491547822,-0.01889669380750623
3121,2.6344171858512264,1.7904688491548144,-0.01889669380750623
3122,2.6344171858512637,1.7904688491547982,-0.01889669380750623
3123,2.634417185851208,1.7904688496034635,-0.01889669380750623
3124,2.634417185851245,1.7904688491548144,-0.01889669380750623
3125,2.63441718589795,1.7904688491547982,-0.01889669380750623
3126,2.6344171858512264,1.7904688491547982,-0.01889669380750623
3127,2.634417185851245,1.7904688496034553,-0.01889669380750623
3128,2.6344171858512357,1.7904688491548064,-0.01889669380750623
3129,2.6344171858512264,1.7904688491547982,-0.01889669380750623
3130,3.0024893341421346,0.913477218244118,-0.01889669380750623
3131,3.1076528050957237,1.1660508077920535,-0.01889669380750623
3132,2.8973258632352317,1.2291942055155323,-2.4109754168937876
3133,2.1085998311299483,2.5552055514273695,-1.044073289415968
3134,0.951801650827176,2.9340659364222703,-0.01889669380750623
3135,0.3208208251989952,3.186639525521533,-0.01889669380750623
3136,-0.9769715532001454,4.130014896134809,-0.01889669380750623
3137,2.933156590378011,3.064128322621569,-0.01889669380750623
3138,2.686998921328035,0.7240470255223309,-0.01889669380750623
3139,3.2128162760026266,1.0397640132424182,-0.01889669380750623
3140,3.4231432179098142,0.4714734364230525,-0.01889669380750623
3141,3.4231432179098142,0.534616833249217,-0.01889669380750623
3142,2.386531861520657,0.2910637292826304,-0.01889669380750623
3143,2.386531861473957,0.2910637292826304,-0.01889669380750623
3144,2.386531861520657,0.2910637292826304,-0.01889669380750623
3145,2.3865318614739524,0.2910637292826304,-0.01889669380750623
3146,2.386531861520657,0.2910637292826304,-0.01889669380750623
3147,2.3865318614739617,0.29106372928262236,-0.01889669380750623
3148,2.386531861520657,0.29106372928262236,-0.01889669380750623
3149,0.34711169296075195,0.6293319296101065,-0.01889669380750623
3150,0.34711169291403776,0.6293319296101065,-0.01889669380750623
3151,-0.04725132309189439,1.1450030087004517,-0.01889669380750623
3152,-0.047251323091889764,1.1450030091491008,-0.01889669380750623
3153,-0.04725132309189439,1.1450030087004517,-0.01889669380750623
3154,-0.006473650665116846,0.2524045064521563,-0.01889669380750623
3155,-0.006473650711817148,0.2524045060034831,-0.01889669380750623
3156,-0.006473650665107599,0.2524045064521563,-0.01889669380750623
3157,-0.006473650665116846,0.25240450645216433,-0.01889669380750623
3158,-0.006473650711812525,0.2524045064521482,-0.01889669380750623
3159,-0.006473650665112223,0.2524045060034911,-0.01889669380750623
3160,0,0,0
3161,0,0,0
3162,0,0,0
3163,0,0,0
3164,0,0,0
3165,0,0,0
3166,0,0,0
3167,0,0,0
3168,0,0,0
3169,0,0,0
3170,0,0,0
3171,0,0,0
3172,0,0,0
3173,0,0,0
3174,0,0,0
3175,0,0,0
3176,0,0,0
3177,0,0,0
3178,0,0,0
3179,0,0,0
3180,0,0,0
3181,0,0,0
3182,0,0,0
3183,0,0,0
3184,0,0,0
3185,0,0,0
3186,0,0,0
3187,0,0,0
3188,0,0,0
3189,0,0,0
3190,0,0,0
3191,0,0,0
3192,0,0,0
3193,0,0,0
3194,0,0,0
3195,0,0,0
3196,0,0,0
3197,0,0,0
3198,0,0,0
3199,0,0,0
3200,0,0,0
3201,0,0,0
3202,0,0,0
3203,0,0,0
3204,0,0,0
3205,0,0,0
3206,0,0,0
3207,0,0,0
3208,0,0,0
3209,0,0,0
3210,0,0,0
3211,0,0,0
3212,0,0,0
3213,0,0,0
3214,0,0,0
3215,0,0,0
3216,0,0,0
3217,0,0,0
3218,0,0,0
3219,0,0,0
3220,0,0,0
3221,0,0,0
3222,0,0,0
3223,0,0,0
3224,0,0,0
3225,0,0,0
3226,0,0,0
3227,0,0,0
3228,0,0,0
3229,0,0,0
3230,0,0,0
3231,0,0,0
3232,0,0,0
3233,0,0,0
3234,0,0,0
3235,0,0,0
3236,0,0,0
3237,0,0,0
3238,0,0,0
3239,0,0,0
3240,0,0,0
3241,0,0,0
3242,0,0,0
3243,0,0,0
3244,0,0,0
3245,0,0,0
3246,0,0,0
3247,0,0,0
3248,0,0,0
3249,0,0,0
3250,0,0,0
3251,0,0,0
3252,0,0,0
3253,0,0,0
3254,0,0,0
3255,0,0,0
3256,0,0,0
3257,0,0,0
3258,0,0,0
3259,0,0,0
3260,0,0,0
3261,0,0,0
3262,0,0,0
3263,0,0,0
3264,0,0,0
3265,0,0,0
3266,0,0,0
3267,0,0,0
3268,0,0,0
3269,0,0,0
3270,0,0,0
3271,0,0,0
3272,0,0,0
3273,0,0,0
3274,0,0,0
3275,0,0,0
3276,0,0,0
3277,0,0,0
3278,0,0,0
3279,0,0,0
3280,0,0,0
3281,0,0,0
3282,0,0,0
3283,0,0,0
3284,0,0,0
3285,0,0,0
3286,0,0,0
3287,0,0,0
3288,0,0,0
3289,0,0,0
3290,0,0,0
3291,0,0,0
3292,0,0,0
3293,0,0,0
3294,0,0,0
3295,0,0,0
3296,0,0,0
3297,0,0,0
3298,0,0,0
3299,0,0,0
3300,0,0,0
3301,0,0,0
3302,0,0,0
3303,0,0,0
3304,0,0,0
3305,0,0,0
3306,0,0,0
3307,0,0,0
3308,0,0,0
3309,0,0,0
3310,0,0,0
3311,0,0,0
3312,0,0,0
3313,0,0,0
3314,0,0,0
3315,0,0,0
3316,0,0,0
3317,0,0,0
3318,0,0,0
3319,0,0,0
3320,0,0,0
3321,0,0,0
3322,0,0,0
3323,0,0,0
3324,0,0,0
3325,0,0,0
3326,0,0,0
3327,0,0,0
3328,0,0,0
3329,0,0,0
3330,0,0,0
3331,0,0,0
3332,0,0,0
3333,0,0,0
3334,0,0,0
3335,0,0,0
3336,0,0,0
3337,0,0,0
3338,0,0,0
3339,0,0,0
3340,0,0,0
3341,0,0,0
3342,0,0,0
3343,0,0,0
3344,0,0,0
3345,0,0,0
3346,0,0,0
3347,0,0,0
3348,0,0,0
3349,0,0,0
3350,0,0,0
3351,0,0,0
3352,0,0,0
3353,0,0,0
3354,0,0,0
3355,0,0,0
3356,0,0,0
3357,0,0,0
3358,0,0,0
3359,0,0,0
3360,0,0,0
3361,0,0,0
3362,0,0,0
3363,0,0,0
3364,0,0,0
3365,0,0,0
3366,0,0,0
3367,0,0,0
3368,0,0,0
3369,0,0,0
3370,0,0,0
3371,0,0,0
3372,0,0,0
3373,0,0,0
3374,0,0,0
3375,0,0,0
3376,0,0,0
3377,0,0,0
3378,0,0,0
3379,0,0,0
3380,0,0,0
3381,0,0,0
3382,0,0,0
3383,0,0,0
3384,0,0,0
3385,0,0,0
3386,0,0,0
3387,0,0,0
3388,0,0,0
3389,0,0,0
3390,0,0,0
3391,0,0,0
3392,0,0,0
3393,0,0,0
3394,0,0,0
3395,0,0,0
3396,0,0,0
3397,0,0,0
3398,0,0,0
3399,0,0,0
3400,0,0,0
3401,0,0,0
3402,0,0,0
3403,0,0,0
3404,0,0,0
3405,0,0,0
3406,0,0,0
3407,0,0,0
3408,0,0,0
3409,0,0,0
3410,0,0,0
3411,0,0,0
3412,0,0,0
3413,0,0,0
3414,0,0,0
3415,0,0,0
3416,0,0,0
3417,0,0,0
3418,0,0,0
3419,0,0,0
3420,0,0,0
3421,0,0,0
3422,0,0,0
3423,0,0,0
3424,0,0,0
3425,0,0,0
3426,0,0,0
3427,0,0,0
3428,0,0,0
3429,0,0,0
3430,0,0,0
3431,0,0,0
3432,0,0,0
3433,0,0,0
3434,0,0,0
3435,0,0,0
3436,0,0,0
3437,0,0,0
3438,0,0,0
3439,0,0,0
3440,0,0,0
3441,0,0,0
3442,0,0,0
3443,0,0,0
3444,0,0,0
3445,0,0,0
3446,0,0,0
3447,0,0,0
3448,0,0,0
3449,0,0,0
3450,0,0,0
3451,0,0,0
3452,0,0,0
3453,0,0,0
3454,0,0,0
3455,0,0,0
3456,0,0,0
3457,0,0,0
3458,0,0,0
3459,0,0,0
3460,0,0,0
3461,0,0,0
3462,0,0,0
3463,0,0,0
3464,0,0,0
3465,0,0,0
3466,0,0,0
3467,0,0,0
3468,0,0,0
3469,0,0,0
3470,0,0,0
3471,0,0,0
3472,0,0,0
3473,0,0,0
3474,0,0,0
3475,0,0,0
3476,0,0,0
3477,0,0,0
3478,0,0,0
3479,0,0,0
3480,0,0,0
3481,0,0,0
3482,0,0,0
3483,0,0,0
3484,0,0,0
3485,0,0,0
3486,0,0,0
3487,0,0,0
3488,0,0,0
3489,0,0,0
3490,0,0,0
3491,0,0,0
3492,0,0,0
3493,0,0,0
3494,0,0,0
3495,0,0,0
3496,0,0,0
3497,0,0,0
3498,0,0,0
3499,0,0,0
3500,0,0,0
3501,0,0,0
3502,0,0,0
3503,0,0,0
3504,0,0,0
3505,0,0,0
3506,0,0,0
3507,0,0,0
3508,0,0,0
3509,0,0,0
3510,0,0,0
3511,0,0,0
3512,0,0,0
3513,0,0,0
3514,0,0,0
3515,0,0,0
3516,0,0,0
3517,0,0,0
3518,0,0,0
3519,0,0,0
3520,0,0,0
3521,0,0,0
3522,0,0,0
3523,0,0,0
3524,0,0,0
3525,0,0,0
3526,0,0,0
3527,0,0,0
3528,0,0,0
3529,0,0,0
3530,0,0,0
3531,0,0,0
3532,0,0,0
3533,0,0,0
3534,0,0,0
3535,0,0,0
3536,0,0,0
3537,0,0,0
3538,0,0,0
3539,0,0,0
3540,0,0,0
3541,0,0,0
3542,0,0,0
3543,0,0,0
3544,0,0,0
3545,0,0,0
3546,0,0,0
3547,0,0,0
3548,0,0,0
3549,0,0,0
3550,0,0,0
3551,0,0,0
3552,0,0,0
3553,0,0,0
3554,0,0,0
3555,0,0,0
3556,0,0,0
3557,0,0,0
3558,0,0,0
3559,0,0,0
3560,0,0,0
3561,0,0,0
3562,0,0,0
3563,0,0,0
3564,0,0,0
3565,0,0,0
3566,0,0,0
3567,0,0,0
3568,0,0,0
3569,0,0,0
3570,0,0,0
3571,0,0,0
3572,0,0,0
3573,0,0,0
3574,0,0,0
3575,0,0,0
3576,0,0,0
3577,0,0,0
3578,0,0,0
3579,0,0,0
3580,0,0,0
3581,0,0,0
3582,0,0,0
3583,0,0,0
3584,0,0,0
3585,0,0,0
3586,0,0,0
3587,0,0,0
3588,0,0,0
3589,0,0,0
3590,0,0,0
3591,0,0,0
3592,0,0,0
3593,0,0,0
3594,0,0,0
3595,0,0,0
3596,0,0,0
3597,0,0,0
3598,0,0,0
3599,0,0,0
