<?xml version='1.0' encoding='utf-8'?>
<gpx version="1.1" creator="triangular_weighted_filter" xmlns="http://www.topografix.com/GPX/1/1"><trk><name>Triangular Weighted Filtered Track</name><trkseg><trkpt lat="28.92357812" lon="-3.88052966"><ele>109.80</ele><time>2024-09-03T18:20:36Z</time></trkpt><trkpt lat="38.56477404" lon="-5.17403974"><ele>146.35</ele><time>2024-09-03T18:20:37Z</time></trkpt><trkpt lat="43.38537455" lon="-5.82079479"><ele>164.60</ele><time>2024-09-03T18:20:38Z</time></trkpt><trkpt lat="43.38537918" lon="-5.82079482"><ele>164.56</ele><time>2024-09-03T18:20:39Z</time></trkpt><trkpt lat="43.38538327" lon="-5.82079473"><ele>164.55</ele><time>2024-09-03T18:20:40Z</time></trkpt><trkpt lat="43.38538736" lon="-5.82079464"><ele>164.53</ele><time>2024-09-03T18:20:41Z</time></trkpt><trkpt lat="43.38539145" lon="-5.82079455"><ele>164.51</ele><time>2024-09-03T18:20:42Z</time></trkpt><trkpt lat="43.38539555" lon="-5.82079445"><ele>164.49</ele><time>2024-09-03T18:20:43Z</time></trkpt><trkpt lat="43.38539964" lon="-5.82079436"><ele>164.47</ele><time>2024-09-03T18:20:44Z</time></trkpt><trkpt lat="43.38540373" lon="-5.82079427"><ele>164.45</ele><time>2024-09-03T18:20:45Z</time></trkpt><trkpt lat="43.38540782" lon="-5.82079418"><ele>164.44</ele><time>2024-09-03T18:20:46Z</time></trkpt><trkpt lat="43.38541262" lon="-5.82079514"><ele>164.41</ele><time>2024-09-03T18:20:47Z</time></trkpt><trkpt lat="43.38541885" lon="-5.82079819"><ele>164.38</ele><time>2024-09-03T18:20:48Z</time></trkpt><trkpt lat="43.38542721" lon="-5.82080438"><ele>164.33</ele><time>2024-09-03T18:20:49Z</time></trkpt><trkpt lat="43.38543700" lon="-5.82081267"><ele>164.27</ele><time>2024-09-03T18:20:50Z</time></trkpt><trkpt lat="43.38544750" lon="-5.82082200"><ele>164.20</ele><time>2024-09-03T18:20:51Z</time></trkpt><trkpt lat="43.38545800" lon="-5.82083133"><ele>164.13</ele><time>2024-09-03T18:20:52Z</time></trkpt><trkpt lat="43.38546813" lon="-5.82084143"><ele>164.07</ele><time>2024-09-03T18:20:53Z</time></trkpt><trkpt lat="43.38547752" lon="-5.82085304"><ele>164.03</ele><time>2024-09-03T18:20:54Z</time></trkpt><trkpt lat="43.38548580" lon="-5.82086693"><ele>164.01</ele><time>2024-09-03T18:20:55Z</time></trkpt><trkpt lat="43.38549333" lon="-5.82088233"><ele>164.00</ele><time>2024-09-03T18:20:56Z</time></trkpt><trkpt lat="43.38550050" lon="-5.82089850"><ele>164.00</ele><time>2024-09-03T18:20:57Z</time></trkpt><trkpt lat="43.38550767" lon="-5.82091467"><ele>164.00</ele><time>2024-09-03T18:20:58Z</time></trkpt><trkpt lat="43.38551519" lon="-5.82093033"><ele>164.00</ele><time>2024-09-03T18:20:59Z</time></trkpt><trkpt lat="43.38552344" lon="-5.82094497"><ele>163.98</ele><time>2024-09-03T18:21:00Z</time></trkpt><trkpt lat="43.38553276" lon="-5.82095809"><ele>163.96</ele><time>2024-09-03T18:21:01Z</time></trkpt><trkpt lat="43.38554280" lon="-5.82097020"><ele>163.92</ele><time>2024-09-03T18:21:02Z</time></trkpt><trkpt lat="43.38555320" lon="-5.82098180"><ele>163.88</ele><time>2024-09-03T18:21:03Z</time></trkpt><trkpt lat="43.38556294" lon="-5.82099406"><ele>163.84</ele><time>2024-09-03T18:21:04Z</time></trkpt><trkpt lat="43.38557138" lon="-5.82100762"><ele>163.82</ele><time>2024-09-03T18:21:05Z</time></trkpt><trkpt lat="43.38557834" lon="-5.82102332"><ele>163.80</ele><time>2024-09-03T18:21:06Z</time></trkpt><trkpt lat="43.38558500" lon="-5.82104067"><ele>163.77</ele><time>2024-09-03T18:21:07Z</time></trkpt><trkpt lat="43.38559250" lon="-5.82105917"><ele>163.73</ele><time>2024-09-03T18:21:08Z</time></trkpt><trkpt lat="43.38560078" lon="-5.82107752"><ele>163.67</ele><time>2024-09-03T18:21:09Z</time></trkpt><trkpt lat="43.38560911" lon="-5.82109507"><ele>163.63</ele><time>2024-09-03T18:21:10Z</time></trkpt><trkpt lat="43.38561678" lon="-5.82111119"><ele>163.61</ele><time>2024-09-03T18:21:11Z</time></trkpt><trkpt lat="43.38562261" lon="-5.82112526"><ele>163.61</ele><time>2024-09-03T18:21:12Z</time></trkpt><trkpt lat="43.38562544" lon="-5.82113670"><ele>163.64</ele><time>2024-09-03T18:21:13Z</time></trkpt><trkpt lat="43.38562339" lon="-5.82114448"><ele>163.72</ele><time>2024-09-03T18:21:14Z</time></trkpt><trkpt lat="43.38561722" lon="-5.82114900"><ele>163.83</ele><time>2024-09-03T18:21:15Z</time></trkpt><trkpt lat="43.38560772" lon="-5.82115067"><ele>163.95</ele><time>2024-09-03T18:21:16Z</time></trkpt><trkpt lat="43.38559711" lon="-5.82115078"><ele>164.05</ele><time>2024-09-03T18:21:17Z</time></trkpt><trkpt lat="43.38558822" lon="-5.82114883"><ele>164.11</ele><time>2024-09-03T18:21:18Z</time></trkpt><trkpt lat="43.38558389" lon="-5.82114433"><ele>164.13</ele><time>2024-09-03T18:21:19Z</time></trkpt><trkpt lat="43.38558661" lon="-5.82113636"><ele>164.07</ele><time>2024-09-03T18:21:20Z</time></trkpt><trkpt lat="43.38559456" lon="-5.82112611"><ele>163.96</ele><time>2024-09-03T18:21:21Z</time></trkpt><trkpt lat="43.38560589" lon="-5.82111478"><ele>163.79</ele><time>2024-09-03T18:21:22Z</time></trkpt><trkpt lat="43.38561800" lon="-5.82110350"><ele>163.60</ele><time>2024-09-03T18:21:23Z</time></trkpt><trkpt lat="43.38563078" lon="-5.82109183"><ele>163.40</ele><time>2024-09-03T18:21:24Z</time></trkpt><trkpt lat="43.38564411" lon="-5.82107933"><ele>163.20</ele><time>2024-09-03T18:21:25Z</time></trkpt><trkpt lat="43.38565826" lon="-5.82106555"><ele>163.00</ele><time>2024-09-03T18:21:26Z</time></trkpt><trkpt lat="43.38567293" lon="-5.82105085"><ele>162.80</ele><time>2024-09-03T18:21:27Z</time></trkpt><trkpt lat="43.38568781" lon="-5.82103563"><ele>162.60</ele><time>2024-09-03T18:21:28Z</time></trkpt><trkpt lat="43.38570267" lon="-5.82102033"><ele>162.40</ele><time>2024-09-03T18:21:29Z</time></trkpt><trkpt lat="43.38571750" lon="-5.82100500"><ele>162.20</ele><time>2024-09-03T18:21:30Z</time></trkpt><trkpt lat="43.38573233" lon="-5.82098967"><ele>162.00</ele><time>2024-09-03T18:21:31Z</time></trkpt><trkpt lat="43.38574735" lon="-5.82097379"><ele>161.81</ele><time>2024-09-03T18:21:32Z</time></trkpt><trkpt lat="43.38576274" lon="-5.82095681"><ele>161.64</ele><time>2024-09-03T18:21:33Z</time></trkpt><trkpt lat="43.38577869" lon="-5.82093820"><ele>161.51</ele><time>2024-09-03T18:21:34Z</time></trkpt><trkpt lat="43.38579500" lon="-5.82091850"><ele>161.40</ele><time>2024-09-03T18:21:35Z</time></trkpt><trkpt lat="43.38581150" lon="-5.82089825"><ele>161.30</ele><time>2024-09-03T18:21:36Z</time></trkpt><trkpt lat="43.38582800" lon="-5.82087800"><ele>161.20</ele><time>2024-09-03T18:21:37Z</time></trkpt><trkpt lat="43.38584450" lon="-5.82085775"><ele>161.10</ele><time>2024-09-03T18:21:38Z</time></trkpt><trkpt lat="43.38586100" lon="-5.82083750"><ele>161.00</ele><time>2024-09-03T18:21:39Z</time></trkpt><trkpt lat="43.38587733" lon="-5.82081757"><ele>160.91</ele><time>2024-09-03T18:21:40Z</time></trkpt><trkpt lat="43.38589333" lon="-5.82079830"><ele>160.84</ele><time>2024-09-03T18:21:41Z</time></trkpt><trkpt lat="43.38590883" lon="-5.82077999"><ele>160.81</ele><time>2024-09-03T18:21:42Z</time></trkpt><trkpt lat="43.38592400" lon="-5.82076233"><ele>160.80</ele><time>2024-09-03T18:21:43Z</time></trkpt><trkpt lat="43.38593900" lon="-5.82074500"><ele>160.80</ele><time>2024-09-03T18:21:44Z</time></trkpt><trkpt lat="43.38595400" lon="-5.82072767"><ele>160.80</ele><time>2024-09-03T18:21:45Z</time></trkpt><trkpt lat="43.38596894" lon="-5.82071115"><ele>160.80</ele><time>2024-09-03T18:21:46Z</time></trkpt><trkpt lat="43.38598378" lon="-5.82069626"><ele>160.80</ele><time>2024-09-03T18:21:47Z</time></trkpt><trkpt lat="43.38599850" lon="-5.82068353"><ele>160.80</ele><time>2024-09-03T18:21:48Z</time></trkpt><trkpt lat="43.38601322" lon="-5.82067184"><ele>160.82</ele><time>2024-09-03T18:21:49Z</time></trkpt><trkpt lat="43.38602806" lon="-5.82066011"><ele>160.84</ele><time>2024-09-03T18:21:50Z</time></trkpt><trkpt lat="43.38604300" lon="-5.82064780"><ele>160.88</ele><time>2024-09-03T18:21:51Z</time></trkpt><trkpt lat="43.38605800" lon="-5.82063520"><ele>160.92</ele><time>2024-09-03T18:21:52Z</time></trkpt><trkpt lat="43.38607300" lon="-5.82062204"><ele>160.97</ele><time>2024-09-03T18:21:53Z</time></trkpt><trkpt lat="43.38608800" lon="-5.82060775"><ele>161.04</ele><time>2024-09-03T18:21:54Z</time></trkpt><trkpt lat="43.38610300" lon="-5.82059177"><ele>161.14</ele><time>2024-09-03T18:21:55Z</time></trkpt><trkpt lat="43.38611925" lon="-5.82057369"><ele>161.27</ele><time>2024-09-03T18:21:56Z</time></trkpt><trkpt lat="43.38613800" lon="-5.82055307"><ele>161.43</ele><time>2024-09-03T18:21:57Z</time></trkpt><trkpt lat="43.38616050" lon="-5.82052952"><ele>161.61</ele><time>2024-09-03T18:21:58Z</time></trkpt><trkpt lat="43.38618550" lon="-5.82050400"><ele>161.80</ele><time>2024-09-03T18:21:59Z</time></trkpt><trkpt lat="43.38621024" lon="-5.82047981"><ele>161.99</ele><time>2024-09-03T18:22:00Z</time></trkpt><trkpt lat="43.38623196" lon="-5.82046026"><ele>162.14</ele><time>2024-09-03T18:22:01Z</time></trkpt><trkpt lat="43.38624916" lon="-5.82044765"><ele>162.25</ele><time>2024-09-03T18:22:02Z</time></trkpt><trkpt lat="43.38626304" lon="-5.82043953"><ele>162.33</ele><time>2024-09-03T18:22:03Z</time></trkpt><trkpt lat="43.38627481" lon="-5.82043346"><ele>162.40</ele><time>2024-09-03T18:22:04Z</time></trkpt><trkpt lat="43.38628570" lon="-5.82042699"><ele>162.48</ele><time>2024-09-03T18:22:05Z</time></trkpt><trkpt lat="43.38629600" lon="-5.82042025"><ele>162.55</ele><time>2024-09-03T18:22:06Z</time></trkpt><trkpt lat="43.38630600" lon="-5.82041337"><ele>162.62</ele><time>2024-09-03T18:22:07Z</time></trkpt><trkpt lat="43.38631600" lon="-5.82040650"><ele>162.70</ele><time>2024-09-03T18:22:08Z</time></trkpt><trkpt lat="43.38632600" lon="-5.82039962"><ele>162.78</ele><time>2024-09-03T18:22:09Z</time></trkpt><trkpt lat="43.38633600" lon="-5.82039275"><ele>162.85</ele><time>2024-09-03T18:22:10Z</time></trkpt><trkpt lat="43.38634553" lon="-5.82038800"><ele>162.91</ele><time>2024-09-03T18:22:11Z</time></trkpt><trkpt lat="43.38635411" lon="-5.82038750"><ele>162.92</ele><time>2024-09-03T18:22:12Z</time></trkpt><trkpt lat="43.38636128" lon="-5.82039337"><ele>162.88</ele><time>2024-09-03T18:22:13Z</time></trkpt><trkpt lat="43.38636750" lon="-5.82040350"><ele>162.80</ele><time>2024-09-03T18:22:14Z</time></trkpt><trkpt lat="43.38637394" lon="-5.82041633"><ele>162.70</ele><time>2024-09-03T18:22:15Z</time></trkpt><trkpt lat="43.38638178" lon="-5.82043033"><ele>162.60</ele><time>2024-09-03T18:22:16Z</time></trkpt><trkpt lat="43.38639236" lon="-5.82044514"><ele>162.49</ele><time>2024-09-03T18:22:17Z</time></trkpt><trkpt lat="43.38640540" lon="-5.82045922"><ele>162.37</ele><time>2024-09-03T18:22:18Z</time></trkpt><trkpt lat="43.38642059" lon="-5.82047106"><ele>162.25</ele><time>2024-09-03T18:22:19Z</time></trkpt><trkpt lat="43.38643630" lon="-5.82048100"><ele>162.16</ele><time>2024-09-03T18:22:20Z</time></trkpt><trkpt lat="43.38645214" lon="-5.82049000"><ele>162.09</ele><time>2024-09-03T18:22:21Z</time></trkpt><trkpt lat="43.38646771" lon="-5.82049900"><ele>162.03</ele><time>2024-09-03T18:22:22Z</time></trkpt><trkpt lat="43.38648329" lon="-5.82050800"><ele>161.97</ele><time>2024-09-03T18:22:23Z</time></trkpt><trkpt lat="43.38649886" lon="-5.82051700"><ele>161.91</ele><time>2024-09-03T18:22:24Z</time></trkpt><trkpt lat="43.38651453" lon="-5.82052543"><ele>161.86</ele><time>2024-09-03T18:22:25Z</time></trkpt><trkpt lat="43.38653041" lon="-5.82053270"><ele>161.81</ele><time>2024-09-03T18:22:26Z</time></trkpt><trkpt lat="43.38654660" lon="-5.82053826"><ele>161.77</ele><time>2024-09-03T18:22:27Z</time></trkpt><trkpt lat="43.38656300" lon="-5.82054267"><ele>161.73</ele><time>2024-09-03T18:22:28Z</time></trkpt><trkpt lat="43.38657950" lon="-5.82054650"><ele>161.70</ele><time>2024-09-03T18:22:29Z</time></trkpt><trkpt lat="43.38659600" lon="-5.82055033"><ele>161.67</ele><time>2024-09-03T18:22:30Z</time></trkpt><trkpt lat="43.38661238" lon="-5.82055514"><ele>161.65</ele><time>2024-09-03T18:22:31Z</time></trkpt><trkpt lat="43.38662851" lon="-5.82056190"><ele>161.65</ele><time>2024-09-03T18:22:32Z</time></trkpt><trkpt lat="43.38664428" lon="-5.82057157"><ele>161.69</ele><time>2024-09-03T18:22:33Z</time></trkpt><trkpt lat="43.38665980" lon="-5.82058320"><ele>161.76</ele><time>2024-09-03T18:22:34Z</time></trkpt><trkpt lat="43.38667520" lon="-5.82059580"><ele>161.84</ele><time>2024-09-03T18:22:35Z</time></trkpt><trkpt lat="43.38668978" lon="-5.82060767"><ele>161.92</ele><time>2024-09-03T18:22:36Z</time></trkpt><trkpt lat="43.38670271" lon="-5.82061807"><ele>161.99</ele><time>2024-09-03T18:22:37Z</time></trkpt><trkpt lat="43.38671318" lon="-5.82062627"><ele>162.05</ele><time>2024-09-03T18:22:38Z</time></trkpt><trkpt lat="43.38672200" lon="-5.82063300"><ele>162.10</ele><time>2024-09-03T18:22:39Z</time></trkpt><trkpt lat="43.38673010" lon="-5.82063893"><ele>162.15</ele><time>2024-09-03T18:22:40Z</time></trkpt><trkpt lat="43.38673839" lon="-5.82064472"><ele>162.21</ele><time>2024-09-03T18:22:41Z</time></trkpt><trkpt lat="43.38674697" lon="-5.82065031"><ele>162.28</ele><time>2024-09-03T18:22:42Z</time></trkpt><trkpt lat="43.38675575" lon="-5.82065575"><ele>162.35</ele><time>2024-09-03T18:22:43Z</time></trkpt><trkpt lat="43.38676462" lon="-5.82066112"><ele>162.43</ele><time>2024-09-03T18:22:44Z</time></trkpt><trkpt lat="43.38677350" lon="-5.82066650"><ele>162.50</ele><time>2024-09-03T18:22:45Z</time></trkpt><trkpt lat="43.38678238" lon="-5.82067187"><ele>162.57</ele><time>2024-09-03T18:22:46Z</time></trkpt><trkpt lat="43.38679125" lon="-5.82067725"><ele>162.65</ele><time>2024-09-03T18:22:47Z</time></trkpt><trkpt lat="43.38679958" lon="-5.82068269"><ele>162.72</ele><time>2024-09-03T18:22:48Z</time></trkpt><trkpt lat="43.38680683" lon="-5.82068828"><ele>162.77</ele><time>2024-09-03T18:22:49Z</time></trkpt><trkpt lat="43.38681353" lon="-5.82069285"><ele>162.81</ele><time>2024-09-03T18:22:50Z</time></trkpt><trkpt lat="43.38682130" lon="-5.82069511"><ele>162.86</ele><time>2024-09-03T18:22:51Z</time></trkpt><trkpt lat="43.38683174" lon="-5.82069378"><ele>162.95</ele><time>2024-09-03T18:22:52Z</time></trkpt><trkpt lat="43.38684448" lon="-5.82069000"><ele>163.07</ele><time>2024-09-03T18:22:53Z</time></trkpt><trkpt lat="43.38685891" lon="-5.82068600"><ele>163.21</ele><time>2024-09-03T18:22:54Z</time></trkpt><trkpt lat="43.38687441" lon="-5.82068400"><ele>163.33</ele><time>2024-09-03T18:22:55Z</time></trkpt><trkpt lat="43.38689115" lon="-5.82068500"><ele>163.41</ele><time>2024-09-03T18:22:56Z</time></trkpt><trkpt lat="43.38690867" lon="-5.82068800"><ele>163.47</ele><time>2024-09-03T18:22:57Z</time></trkpt><trkpt lat="43.38692650" lon="-5.82069200"><ele>163.50</ele><time>2024-09-03T18:22:58Z</time></trkpt><trkpt lat="43.38694433" lon="-5.82069600"><ele>163.53</ele><time>2024-09-03T18:22:59Z</time></trkpt><trkpt lat="43.38696252" lon="-5.82070200"><ele>163.55</ele><time>2024-09-03T18:23:00Z</time></trkpt><trkpt lat="43.38698141" lon="-5.82071200"><ele>163.52</ele><time>2024-09-03T18:23:01Z</time></trkpt><trkpt lat="43.38700135" lon="-5.82072800"><ele>163.43</ele><time>2024-09-03T18:23:02Z</time></trkpt><trkpt lat="43.38702200" lon="-5.82074800"><ele>163.30</ele><time>2024-09-03T18:23:03Z</time></trkpt><trkpt lat="43.38704241" lon="-5.82076881"><ele>163.17</ele><time>2024-09-03T18:23:04Z</time></trkpt><trkpt lat="43.38706163" lon="-5.82078726"><ele>163.08</ele><time>2024-09-03T18:23:05Z</time></trkpt><trkpt lat="43.38707907" lon="-5.82080215"><ele>163.05</ele><time>2024-09-03T18:23:06Z</time></trkpt><trkpt lat="43.38709533" lon="-5.82081467"><ele>163.07</ele><time>2024-09-03T18:23:07Z</time></trkpt><trkpt lat="43.38711100" lon="-5.82082600"><ele>163.10</ele><time>2024-09-03T18:23:08Z</time></trkpt><trkpt lat="43.38712667" lon="-5.82083733"><ele>163.13</ele><time>2024-09-03T18:23:09Z</time></trkpt><trkpt lat="43.38714215" lon="-5.82084802"><ele>163.16</ele><time>2024-09-03T18:23:10Z</time></trkpt><trkpt lat="43.38715726" lon="-5.82085741"><ele>163.19</ele><time>2024-09-03T18:23:11Z</time></trkpt><trkpt lat="43.38717251" lon="-5.82086291"><ele>163.18</ele><time>2024-09-03T18:23:12Z</time></trkpt><trkpt lat="43.38718878" lon="-5.82086322"><ele>163.13</ele><time>2024-09-03T18:23:13Z</time></trkpt><trkpt lat="43.38720694" lon="-5.82085706"><ele>163.03</ele><time>2024-09-03T18:23:14Z</time></trkpt><trkpt lat="43.38722650" lon="-5.82084700"><ele>162.90</ele><time>2024-09-03T18:23:15Z</time></trkpt><trkpt lat="43.38724683" lon="-5.82083644"><ele>162.74</ele><time>2024-09-03T18:23:16Z</time></trkpt><trkpt lat="43.38726641" lon="-5.82082800"><ele>162.59</ele><time>2024-09-03T18:23:17Z</time></trkpt><trkpt lat="43.38728438" lon="-5.82082233"><ele>162.44</ele><time>2024-09-03T18:23:18Z</time></trkpt><trkpt lat="43.38729974" lon="-5.82081722"><ele>162.31</ele><time>2024-09-03T18:23:19Z</time></trkpt><trkpt lat="43.38731333" lon="-5.82081200"><ele>162.20</ele><time>2024-09-03T18:23:20Z</time></trkpt><trkpt lat="43.38732600" lon="-5.82080600"><ele>162.10</ele><time>2024-09-03T18:23:21Z</time></trkpt><trkpt lat="43.38733867" lon="-5.82080000"><ele>162.00</ele><time>2024-09-03T18:23:22Z</time></trkpt><trkpt lat="43.38735116" lon="-5.82079486"><ele>161.90</ele><time>2024-09-03T18:23:23Z</time></trkpt><trkpt lat="43.38736331" lon="-5.82079144"><ele>161.81</ele><time>2024-09-03T18:23:24Z</time></trkpt><trkpt lat="43.38737495" lon="-5.82079061"><ele>161.73</ele><time>2024-09-03T18:23:25Z</time></trkpt><trkpt lat="43.38738625" lon="-5.82079150"><ele>161.65</ele><time>2024-09-03T18:23:26Z</time></trkpt><trkpt lat="43.38739737" lon="-5.82079325"><ele>161.57</ele><time>2024-09-03T18:23:27Z</time></trkpt><trkpt lat="43.38740850" lon="-5.82079500"><ele>161.50</ele><time>2024-09-03T18:23:28Z</time></trkpt><trkpt lat="43.38741962" lon="-5.82079675"><ele>161.43</ele><time>2024-09-03T18:23:29Z</time></trkpt><trkpt lat="43.38743075" lon="-5.82079850"><ele>161.35</ele><time>2024-09-03T18:23:30Z</time></trkpt><trkpt lat="43.38744219" lon="-5.82080072"><ele>161.26</ele><time>2024-09-03T18:23:31Z</time></trkpt><trkpt lat="43.38745394" lon="-5.82080394"><ele>161.16</ele><time>2024-09-03T18:23:32Z</time></trkpt><trkpt lat="43.38746599" lon="-5.82080869"><ele>161.03</ele><time>2024-09-03T18:23:33Z</time></trkpt><trkpt lat="43.38747789" lon="-5.82081322"><ele>160.91</ele><time>2024-09-03T18:23:34Z</time></trkpt><trkpt lat="43.38748989" lon="-5.82081567"><ele>160.80</ele><time>2024-09-03T18:23:35Z</time></trkpt><trkpt lat="43.38750222" lon="-5.82081404"><ele>160.70</ele><time>2024-09-03T18:23:36Z</time></trkpt><trkpt lat="43.38751500" lon="-5.82080948"><ele>160.61</ele><time>2024-09-03T18:23:37Z</time></trkpt><trkpt lat="43.38752800" lon="-5.82080320"><ele>160.54</ele><time>2024-09-03T18:23:38Z</time></trkpt><trkpt lat="43.38754100" lon="-5.82079667"><ele>160.47</ele><time>2024-09-03T18:23:39Z</time></trkpt><trkpt lat="43.38755400" lon="-5.82079000"><ele>160.40</ele><time>2024-09-03T18:23:40Z</time></trkpt><trkpt lat="43.38756700" lon="-5.82078333"><ele>160.33</ele><time>2024-09-03T18:23:41Z</time></trkpt><trkpt lat="43.38758000" lon="-5.82077852"><ele>160.27</ele><time>2024-09-03T18:23:42Z</time></trkpt><trkpt lat="43.38759300" lon="-5.82077741"><ele>160.20</ele><time>2024-09-03T18:23:43Z</time></trkpt><trkpt lat="43.38760600" lon="-5.82078185"><ele>160.13</ele><time>2024-09-03T18:23:44Z</time></trkpt><trkpt lat="43.38761874" lon="-5.82079037"><ele>160.07</ele><time>2024-09-03T18:23:45Z</time></trkpt><trkpt lat="43.38763096" lon="-5.82080148"><ele>160.03</ele><time>2024-09-03T18:23:46Z</time></trkpt><trkpt lat="43.38764241" lon="-5.82081370"><ele>160.01</ele><time>2024-09-03T18:23:47Z</time></trkpt><trkpt lat="43.38765387" lon="-5.82082635"><ele>160.00</ele><time>2024-09-03T18:23:48Z</time></trkpt><trkpt lat="43.38766615" lon="-5.82083874"><ele>160.00</ele><time>2024-09-03T18:23:49Z</time></trkpt><trkpt lat="43.38768004" lon="-5.82085019"><ele>160.00</ele><time>2024-09-03T18:23:50Z</time></trkpt><trkpt lat="43.38769500" lon="-5.82086100"><ele>160.00</ele><time>2024-09-03T18:23:51Z</time></trkpt><trkpt lat="43.38771033" lon="-5.82087033"><ele>159.98</ele><time>2024-09-03T18:23:52Z</time></trkpt><trkpt lat="43.38772522" lon="-5.82087822"><ele>159.94</ele><time>2024-09-03T18:23:53Z</time></trkpt><trkpt lat="43.38773939" lon="-5.82088439"><ele>159.91</ele><time>2024-09-03T18:23:54Z</time></trkpt><trkpt lat="43.38775250" lon="-5.82089194"><ele>159.92</ele><time>2024-09-03T18:23:55Z</time></trkpt><trkpt lat="43.38776444" lon="-5.82090222"><ele>159.96</ele><time>2024-09-03T18:23:56Z</time></trkpt><trkpt lat="43.38777499" lon="-5.82091661"><ele>159.98</ele><time>2024-09-03T18:23:57Z</time></trkpt><trkpt lat="43.38778452" lon="-5.82093322"><ele>159.97</ele><time>2024-09-03T18:23:58Z</time></trkpt><trkpt lat="43.38779331" lon="-5.82095106"><ele>159.94</ele><time>2024-09-03T18:23:59Z</time></trkpt><trkpt lat="43.38780186" lon="-5.82096900"><ele>159.89</ele><time>2024-09-03T18:24:00Z</time></trkpt><trkpt lat="43.38781029" lon="-5.82098700"><ele>159.83</ele><time>2024-09-03T18:24:01Z</time></trkpt><trkpt lat="43.38781871" lon="-5.82100500"><ele>159.77</ele><time>2024-09-03T18:24:02Z</time></trkpt><trkpt lat="43.38782714" lon="-5.82102300"><ele>159.71</ele><time>2024-09-03T18:24:03Z</time></trkpt><trkpt lat="43.38783561" lon="-5.82104086"><ele>159.66</ele><time>2024-09-03T18:24:04Z</time></trkpt><trkpt lat="43.38784414" lon="-5.82105844"><ele>159.60</ele><time>2024-09-03T18:24:05Z</time></trkpt><trkpt lat="43.38785279" lon="-5.82107561"><ele>159.55</ele><time>2024-09-03T18:24:06Z</time></trkpt><trkpt lat="43.38786150" lon="-5.82109250"><ele>159.50</ele><time>2024-09-03T18:24:07Z</time></trkpt><trkpt lat="43.38787117" lon="-5.82110865"><ele>159.46</ele><time>2024-09-03T18:24:08Z</time></trkpt><trkpt lat="43.38788267" lon="-5.82112359"><ele>159.45</ele><time>2024-09-03T18:24:09Z</time></trkpt><trkpt lat="43.38789692" lon="-5.82113673"><ele>159.48</ele><time>2024-09-03T18:24:10Z</time></trkpt><trkpt lat="43.38791257" lon="-5.82114859"><ele>159.53</ele><time>2024-09-03T18:24:11Z</time></trkpt><trkpt lat="43.38792828" lon="-5.82115969"><ele>159.58</ele><time>2024-09-03T18:24:12Z</time></trkpt><trkpt lat="43.38794269" lon="-5.82117055"><ele>159.62</ele><time>2024-09-03T18:24:13Z</time></trkpt><trkpt lat="43.38795625" lon="-5.82118125"><ele>159.65</ele><time>2024-09-03T18:24:14Z</time></trkpt><trkpt lat="43.38796937" lon="-5.82119187"><ele>159.68</ele><time>2024-09-03T18:24:15Z</time></trkpt><trkpt lat="43.38798250" lon="-5.82120250"><ele>159.70</ele><time>2024-09-03T18:24:16Z</time></trkpt><trkpt lat="43.38799562" lon="-5.82121312"><ele>159.72</ele><time>2024-09-03T18:24:17Z</time></trkpt><trkpt lat="43.38800875" lon="-5.82122375"><ele>159.75</ele><time>2024-09-03T18:24:18Z</time></trkpt><trkpt lat="43.38802201" lon="-5.82123294"><ele>159.76</ele><time>2024-09-03T18:24:19Z</time></trkpt><trkpt lat="43.38803554" lon="-5.82123924"><ele>159.76</ele><time>2024-09-03T18:24:20Z</time></trkpt><trkpt lat="43.38804947" lon="-5.82124123"><ele>159.72</ele><time>2024-09-03T18:24:21Z</time></trkpt><trkpt lat="43.38806416" lon="-5.82124150"><ele>159.67</ele><time>2024-09-03T18:24:22Z</time></trkpt><trkpt lat="43.38807999" lon="-5.82124268"><ele>159.59</ele><time>2024-09-03T18:24:23Z</time></trkpt><trkpt lat="43.38809730" lon="-5.82124737"><ele>159.52</ele><time>2024-09-03T18:24:24Z</time></trkpt><trkpt lat="43.38811560" lon="-5.82125440"><ele>159.44</ele><time>2024-09-03T18:24:25Z</time></trkpt><trkpt lat="43.38813440" lon="-5.82126260"><ele>159.36</ele><time>2024-09-03T18:24:26Z</time></trkpt><trkpt lat="43.38815263" lon="-5.82127159"><ele>159.28</ele><time>2024-09-03T18:24:27Z</time></trkpt><trkpt lat="43.38816972" lon="-5.82128217"><ele>159.21</ele><time>2024-09-03T18:24:28Z</time></trkpt><trkpt lat="43.38818510" lon="-5.82129513"><ele>159.13</ele><time>2024-09-03T18:24:29Z</time></trkpt><trkpt lat="43.38819920" lon="-5.82131013"><ele>159.07</ele><time>2024-09-03T18:24:30Z</time></trkpt><trkpt lat="43.38821248" lon="-5.82132685"><ele>159.03</ele><time>2024-09-03T18:24:31Z</time></trkpt><trkpt lat="43.38822506" lon="-5.82134487"><ele>159.01</ele><time>2024-09-03T18:24:32Z</time></trkpt><trkpt lat="43.38823674" lon="-5.82136363"><ele>159.00</ele><time>2024-09-03T18:24:33Z</time></trkpt><trkpt lat="43.38824735" lon="-5.82138257"><ele>159.00</ele><time>2024-09-03T18:24:34Z</time></trkpt><trkpt lat="43.38825715" lon="-5.82140137"><ele>159.00</ele><time>2024-09-03T18:24:35Z</time></trkpt><trkpt lat="43.38826626" lon="-5.82142015"><ele>159.00</ele><time>2024-09-03T18:24:36Z</time></trkpt><trkpt lat="43.38827481" lon="-5.82143904"><ele>159.00</ele><time>2024-09-03T18:24:37Z</time></trkpt><trkpt lat="43.38828300" lon="-5.82145800"><ele>159.00</ele><time>2024-09-03T18:24:38Z</time></trkpt><trkpt lat="43.38829100" lon="-5.82147700"><ele>159.00</ele><time>2024-09-03T18:24:39Z</time></trkpt><trkpt lat="43.38829900" lon="-5.82149600"><ele>159.00</ele><time>2024-09-03T18:24:40Z</time></trkpt><trkpt lat="43.38830703" lon="-5.82151513"><ele>159.00</ele><time>2024-09-03T18:24:41Z</time></trkpt><trkpt lat="43.38831513" lon="-5.82153453"><ele>159.00</ele><time>2024-09-03T18:24:42Z</time></trkpt><trkpt lat="43.38832333" lon="-5.82155433"><ele>159.00</ele><time>2024-09-03T18:24:43Z</time></trkpt><trkpt lat="43.38833160" lon="-5.82157440"><ele>159.00</ele><time>2024-09-03T18:24:44Z</time></trkpt><trkpt lat="43.38833990" lon="-5.82159460"><ele>159.00</ele><time>2024-09-03T18:24:45Z</time></trkpt><trkpt lat="43.38834820" lon="-5.82161480"><ele>159.00</ele><time>2024-09-03T18:24:46Z</time></trkpt><trkpt lat="43.38835650" lon="-5.82163500"><ele>159.00</ele><time>2024-09-03T18:24:47Z</time></trkpt><trkpt lat="43.38836480" lon="-5.82165520"><ele>159.00</ele><time>2024-09-03T18:24:48Z</time></trkpt><trkpt lat="43.38837310" lon="-5.82167540"><ele>159.00</ele><time>2024-09-03T18:24:49Z</time></trkpt><trkpt lat="43.38838140" lon="-5.82169560"><ele>159.00</ele><time>2024-09-03T18:24:50Z</time></trkpt><trkpt lat="43.38838978" lon="-5.82171573"><ele>159.01</ele><time>2024-09-03T18:24:51Z</time></trkpt><trkpt lat="43.38839831" lon="-5.82173573"><ele>159.05</ele><time>2024-09-03T18:24:52Z</time></trkpt><trkpt lat="43.38840708" lon="-5.82175553"><ele>159.13</ele><time>2024-09-03T18:24:53Z</time></trkpt><trkpt lat="43.38841600" lon="-5.82177520"><ele>159.24</ele><time>2024-09-03T18:24:54Z</time></trkpt><trkpt lat="43.38842500" lon="-5.82179480"><ele>159.36</ele><time>2024-09-03T18:24:55Z</time></trkpt><trkpt lat="43.38843344" lon="-5.82181460"><ele>159.48</ele><time>2024-09-03T18:24:56Z</time></trkpt><trkpt lat="43.38844078" lon="-5.82183480"><ele>159.62</ele><time>2024-09-03T18:24:57Z</time></trkpt><trkpt lat="43.38844644" lon="-5.82185560"><ele>159.76</ele><time>2024-09-03T18:24:58Z</time></trkpt><trkpt lat="43.38845100" lon="-5.82187680"><ele>159.92</ele><time>2024-09-03T18:24:59Z</time></trkpt><trkpt lat="43.38845500" lon="-5.82189820"><ele>160.08</ele><time>2024-09-03T18:25:00Z</time></trkpt><trkpt lat="43.38845898" lon="-5.82191949"><ele>160.23</ele><time>2024-09-03T18:25:01Z</time></trkpt><trkpt lat="43.38846290" lon="-5.82194058"><ele>160.38</ele><time>2024-09-03T18:25:02Z</time></trkpt><trkpt lat="43.38846675" lon="-5.82196134"><ele>160.51</ele><time>2024-09-03T18:25:03Z</time></trkpt><trkpt lat="43.38847056" lon="-5.82198189"><ele>160.62</ele><time>2024-09-03T18:25:04Z</time></trkpt><trkpt lat="43.38847433" lon="-5.82200233"><ele>160.73</ele><time>2024-09-03T18:25:05Z</time></trkpt><trkpt lat="43.38847811" lon="-5.82202278"><ele>160.84</ele><time>2024-09-03T18:25:06Z</time></trkpt><trkpt lat="43.38848189" lon="-5.82204322"><ele>160.96</ele><time>2024-09-03T18:25:07Z</time></trkpt><trkpt lat="43.38848567" lon="-5.82206367"><ele>161.07</ele><time>2024-09-03T18:25:08Z</time></trkpt><trkpt lat="43.38848944" lon="-5.82208411"><ele>161.18</ele><time>2024-09-03T18:25:09Z</time></trkpt><trkpt lat="43.38849427" lon="-5.82210390"><ele>161.27</ele><time>2024-09-03T18:25:10Z</time></trkpt><trkpt lat="43.38850117" lon="-5.82212236"><ele>161.32</ele><time>2024-09-03T18:25:11Z</time></trkpt><trkpt lat="43.38851121" lon="-5.82213884"><ele>161.31</ele><time>2024-09-03T18:25:12Z</time></trkpt><trkpt lat="43.38852333" lon="-5.82215400"><ele>161.27</ele><time>2024-09-03T18:25:13Z</time></trkpt><trkpt lat="43.38853650" lon="-5.82216850"><ele>161.20</ele><time>2024-09-03T18:25:14Z</time></trkpt><trkpt lat="43.38854967" lon="-5.82218300"><ele>161.13</ele><time>2024-09-03T18:25:15Z</time></trkpt><trkpt lat="43.38856281" lon="-5.82219711"><ele>161.07</ele><time>2024-09-03T18:25:16Z</time></trkpt><trkpt lat="43.38857609" lon="-5.82221050"><ele>161.03</ele><time>2024-09-03T18:25:17Z</time></trkpt><trkpt lat="43.38858965" lon="-5.82222283"><ele>161.01</ele><time>2024-09-03T18:25:18Z</time></trkpt><trkpt lat="43.38860378" lon="-5.82223294"><ele>161.00</ele><time>2024-09-03T18:25:19Z</time></trkpt><trkpt lat="43.38861844" lon="-5.82223956"><ele>161.00</ele><time>2024-09-03T18:25:20Z</time></trkpt><trkpt lat="43.38863361" lon="-5.82224139"><ele>161.00</ele><time>2024-09-03T18:25:21Z</time></trkpt><trkpt lat="43.38864900" lon="-5.82224000"><ele>161.00</ele><time>2024-09-03T18:25:22Z</time></trkpt><trkpt lat="43.38866450" lon="-5.82223700"><ele>161.00</ele><time>2024-09-03T18:25:23Z</time></trkpt><trkpt lat="43.38868000" lon="-5.82223400"><ele>161.00</ele><time>2024-09-03T18:25:24Z</time></trkpt><trkpt lat="43.38869550" lon="-5.82222999"><ele>161.00</ele><time>2024-09-03T18:25:25Z</time></trkpt><trkpt lat="43.38871100" lon="-5.82222394"><ele>161.00</ele><time>2024-09-03T18:25:26Z</time></trkpt><trkpt lat="43.38872650" lon="-5.82221486"><ele>161.00</ele><time>2024-09-03T18:25:27Z</time></trkpt><trkpt lat="43.38874200" lon="-5.82220375"><ele>161.00</ele><time>2024-09-03T18:25:28Z</time></trkpt><trkpt lat="43.38875750" lon="-5.82219162"><ele>161.00</ele><time>2024-09-03T18:25:29Z</time></trkpt><trkpt lat="43.38877300" lon="-5.82217950"><ele>161.00</ele><time>2024-09-03T18:25:30Z</time></trkpt><trkpt lat="43.38878850" lon="-5.82216737"><ele>161.00</ele><time>2024-09-03T18:25:31Z</time></trkpt><trkpt lat="43.38880400" lon="-5.82215525"><ele>161.00</ele><time>2024-09-03T18:25:32Z</time></trkpt><trkpt lat="43.38881937" lon="-5.82214314"><ele>161.00</ele><time>2024-09-03T18:25:33Z</time></trkpt><trkpt lat="43.38883448" lon="-5.82213106"><ele>161.00</ele><time>2024-09-03T18:25:34Z</time></trkpt><trkpt lat="43.38884920" lon="-5.82211901"><ele>161.00</ele><time>2024-09-03T18:25:35Z</time></trkpt><trkpt lat="43.38886337" lon="-5.82210678"><ele>160.99</ele><time>2024-09-03T18:25:36Z</time></trkpt><trkpt lat="43.38887681" lon="-5.82209411"><ele>160.96</ele><time>2024-09-03T18:25:37Z</time></trkpt><trkpt lat="43.38888937" lon="-5.82208078"><ele>160.91</ele><time>2024-09-03T18:25:38Z</time></trkpt><trkpt lat="43.38890133" lon="-5.82206700"><ele>160.83</ele><time>2024-09-03T18:25:39Z</time></trkpt><trkpt lat="43.38891300" lon="-5.82205300"><ele>160.75</ele><time>2024-09-03T18:25:40Z</time></trkpt><trkpt lat="43.38892467" lon="-5.82203900"><ele>160.67</ele><time>2024-09-03T18:25:41Z</time></trkpt><trkpt lat="43.38893633" lon="-5.82202500"><ele>160.58</ele><time>2024-09-03T18:25:42Z</time></trkpt><trkpt lat="43.38894800" lon="-5.82201100"><ele>160.50</ele><time>2024-09-03T18:25:43Z</time></trkpt><trkpt lat="43.38895967" lon="-5.82199700"><ele>160.42</ele><time>2024-09-03T18:25:44Z</time></trkpt><trkpt lat="43.38897133" lon="-5.82198300"><ele>160.33</ele><time>2024-09-03T18:25:45Z</time></trkpt><trkpt lat="43.38898300" lon="-5.82196900"><ele>160.25</ele><time>2024-09-03T18:25:46Z</time></trkpt><trkpt lat="43.38899467" lon="-5.82195500"><ele>160.17</ele><time>2024-09-03T18:25:47Z</time></trkpt><trkpt lat="43.38900647" lon="-5.82194133"><ele>160.08</ele><time>2024-09-03T18:25:48Z</time></trkpt><trkpt lat="43.38901855" lon="-5.82192833"><ele>160.00</ele><time>2024-09-03T18:25:49Z</time></trkpt><trkpt lat="43.38903105" lon="-5.82191633"><ele>159.91</ele><time>2024-09-03T18:25:50Z</time></trkpt><trkpt lat="43.38904382" lon="-5.82190500"><ele>159.82</ele><time>2024-09-03T18:25:51Z</time></trkpt><trkpt lat="43.38905673" lon="-5.82189400"><ele>159.73</ele><time>2024-09-03T18:25:52Z</time></trkpt><trkpt lat="43.38906964" lon="-5.82188300"><ele>159.64</ele><time>2024-09-03T18:25:53Z</time></trkpt><trkpt lat="43.38908255" lon="-5.82187200"><ele>159.55</ele><time>2024-09-03T18:25:54Z</time></trkpt><trkpt lat="43.38909545" lon="-5.82186100"><ele>159.45</ele><time>2024-09-03T18:25:55Z</time></trkpt><trkpt lat="43.38910836" lon="-5.82185000"><ele>159.36</ele><time>2024-09-03T18:25:56Z</time></trkpt><trkpt lat="43.38912127" lon="-5.82183900"><ele>159.27</ele><time>2024-09-03T18:25:57Z</time></trkpt><trkpt lat="43.38913418" lon="-5.82182800"><ele>159.18</ele><time>2024-09-03T18:25:58Z</time></trkpt><trkpt lat="43.38914728" lon="-5.82181682"><ele>159.09</ele><time>2024-09-03T18:25:59Z</time></trkpt><trkpt lat="43.38916076" lon="-5.82180528"><ele>158.98</ele><time>2024-09-03T18:26:00Z</time></trkpt><trkpt lat="43.38917482" lon="-5.82179319"><ele>158.87</ele><time>2024-09-03T18:26:01Z</time></trkpt><trkpt lat="43.38918925" lon="-5.82178075"><ele>158.75</ele><time>2024-09-03T18:26:02Z</time></trkpt><trkpt lat="43.38920387" lon="-5.82176812"><ele>158.62</ele><time>2024-09-03T18:26:03Z</time></trkpt><trkpt lat="43.38921850" lon="-5.82175550"><ele>158.50</ele><time>2024-09-03T18:26:04Z</time></trkpt><trkpt lat="43.38923312" lon="-5.82174287"><ele>158.38</ele><time>2024-09-03T18:26:05Z</time></trkpt><trkpt lat="43.38924775" lon="-5.82173025"><ele>158.25</ele><time>2024-09-03T18:26:06Z</time></trkpt><trkpt lat="43.38926225" lon="-5.82171764"><ele>158.13</ele><time>2024-09-03T18:26:07Z</time></trkpt><trkpt lat="43.38927650" lon="-5.82170506"><ele>158.01</ele><time>2024-09-03T18:26:08Z</time></trkpt><trkpt lat="43.38929040" lon="-5.82169250"><ele>157.91</ele><time>2024-09-03T18:26:09Z</time></trkpt><trkpt lat="43.38930410" lon="-5.82167994"><ele>157.81</ele><time>2024-09-03T18:26:10Z</time></trkpt><trkpt lat="43.38931775" lon="-5.82166735"><ele>157.73</ele><time>2024-09-03T18:26:11Z</time></trkpt><trkpt lat="43.38933145" lon="-5.82165473"><ele>157.65</ele><time>2024-09-03T18:26:12Z</time></trkpt><trkpt lat="43.38934518" lon="-5.82164209"><ele>157.58</ele><time>2024-09-03T18:26:13Z</time></trkpt><trkpt lat="43.38935891" lon="-5.82162945"><ele>157.51</ele><time>2024-09-03T18:26:14Z</time></trkpt><trkpt lat="43.38937264" lon="-5.82161682"><ele>157.44</ele><time>2024-09-03T18:26:15Z</time></trkpt><trkpt lat="43.38938636" lon="-5.82160418"><ele>157.36</ele><time>2024-09-03T18:26:16Z</time></trkpt><trkpt lat="43.38940009" lon="-5.82159155"><ele>157.29</ele><time>2024-09-03T18:26:17Z</time></trkpt><trkpt lat="43.38941382" lon="-5.82157891"><ele>157.22</ele><time>2024-09-03T18:26:18Z</time></trkpt><trkpt lat="43.38942755" lon="-5.82156627"><ele>157.15</ele><time>2024-09-03T18:26:19Z</time></trkpt><trkpt lat="43.38944124" lon="-5.82155357"><ele>157.08</ele><time>2024-09-03T18:26:20Z</time></trkpt><trkpt lat="43.38945488" lon="-5.82154072"><ele>157.03</ele><time>2024-09-03T18:26:21Z</time></trkpt><trkpt lat="43.38946842" lon="-5.82152766"><ele>157.01</ele><time>2024-09-03T18:26:22Z</time></trkpt><trkpt lat="43.38948191" lon="-5.82151445"><ele>157.00</ele><time>2024-09-03T18:26:23Z</time></trkpt><trkpt lat="43.38949536" lon="-5.82150118"><ele>157.00</ele><time>2024-09-03T18:26:24Z</time></trkpt><trkpt lat="43.38950882" lon="-5.82148791"><ele>157.00</ele><time>2024-09-03T18:26:25Z</time></trkpt><trkpt lat="43.38952227" lon="-5.82147464"><ele>157.00</ele><time>2024-09-03T18:26:26Z</time></trkpt><trkpt lat="43.38953573" lon="-5.82146136"><ele>157.00</ele><time>2024-09-03T18:26:27Z</time></trkpt><trkpt lat="43.38954918" lon="-5.82144809"><ele>157.00</ele><time>2024-09-03T18:26:28Z</time></trkpt><trkpt lat="43.38956264" lon="-5.82143482"><ele>157.00</ele><time>2024-09-03T18:26:29Z</time></trkpt><trkpt lat="43.38957609" lon="-5.82142155"><ele>157.00</ele><time>2024-09-03T18:26:30Z</time></trkpt><trkpt lat="43.38958954" lon="-5.82140817"><ele>157.00</ele><time>2024-09-03T18:26:31Z</time></trkpt><trkpt lat="43.38960300" lon="-5.82139458"><ele>157.01</ele><time>2024-09-03T18:26:32Z</time></trkpt><trkpt lat="43.38961644" lon="-5.82138067"><ele>157.02</ele><time>2024-09-03T18:26:33Z</time></trkpt><trkpt lat="43.38962989" lon="-5.82136656"><ele>157.04</ele><time>2024-09-03T18:26:34Z</time></trkpt><trkpt lat="43.38964333" lon="-5.82135233"><ele>157.07</ele><time>2024-09-03T18:26:35Z</time></trkpt><trkpt lat="43.38965678" lon="-5.82133811"><ele>157.09</ele><time>2024-09-03T18:26:36Z</time></trkpt><trkpt lat="43.38967022" lon="-5.82132389"><ele>157.11</ele><time>2024-09-03T18:26:37Z</time></trkpt><trkpt lat="43.38968367" lon="-5.82130967"><ele>157.13</ele><time>2024-09-03T18:26:38Z</time></trkpt><trkpt lat="43.38969711" lon="-5.82129544"><ele>157.16</ele><time>2024-09-03T18:26:39Z</time></trkpt><trkpt lat="43.38971062" lon="-5.82128125"><ele>157.18</ele><time>2024-09-03T18:26:40Z</time></trkpt><trkpt lat="43.38972425" lon="-5.82126710"><ele>157.21</ele><time>2024-09-03T18:26:41Z</time></trkpt><trkpt lat="43.38973806" lon="-5.82125302"><ele>157.24</ele><time>2024-09-03T18:26:42Z</time></trkpt><trkpt lat="43.38975200" lon="-5.82123900"><ele>157.28</ele><time>2024-09-03T18:26:43Z</time></trkpt><trkpt lat="43.38976600" lon="-5.82122500"><ele>157.32</ele><time>2024-09-03T18:26:44Z</time></trkpt><trkpt lat="43.38978000" lon="-5.82121100"><ele>157.36</ele><time>2024-09-03T18:26:45Z</time></trkpt><trkpt lat="43.38979400" lon="-5.82119700"><ele>157.40</ele><time>2024-09-03T18:26:46Z</time></trkpt><trkpt lat="43.38980800" lon="-5.82118300"><ele>157.44</ele><time>2024-09-03T18:26:47Z</time></trkpt><trkpt lat="43.38982200" lon="-5.82116900"><ele>157.48</ele><time>2024-09-03T18:26:48Z</time></trkpt><trkpt lat="43.38983600" lon="-5.82115500"><ele>157.52</ele><time>2024-09-03T18:26:49Z</time></trkpt><trkpt lat="43.38984981" lon="-5.82114103"><ele>157.56</ele><time>2024-09-03T18:26:50Z</time></trkpt><trkpt lat="43.38986322" lon="-5.82112711"><ele>157.60</ele><time>2024-09-03T18:26:51Z</time></trkpt><trkpt lat="43.38987606" lon="-5.82111328"><ele>157.65</ele><time>2024-09-03T18:26:52Z</time></trkpt><trkpt lat="43.38988850" lon="-5.82109950"><ele>157.70</ele><time>2024-09-03T18:26:53Z</time></trkpt><trkpt lat="43.38990083" lon="-5.82108594"><ele>157.74</ele><time>2024-09-03T18:26:54Z</time></trkpt><trkpt lat="43.38991337" lon="-5.82107274"><ele>157.79</ele><time>2024-09-03T18:26:55Z</time></trkpt><trkpt lat="43.38992623" lon="-5.82106005"><ele>157.82</ele><time>2024-09-03T18:26:56Z</time></trkpt><trkpt lat="43.38993937" lon="-5.82104763"><ele>157.87</ele><time>2024-09-03T18:26:57Z</time></trkpt><trkpt lat="43.38995275" lon="-5.82103544"><ele>157.93</ele><time>2024-09-03T18:26:58Z</time></trkpt><trkpt lat="43.38996635" lon="-5.82102344"><ele>157.99</ele><time>2024-09-03T18:26:59Z</time></trkpt><trkpt lat="43.38998020" lon="-5.82101178"><ele>158.04</ele><time>2024-09-03T18:27:00Z</time></trkpt><trkpt lat="43.38999422" lon="-5.82100033"><ele>158.09</ele><time>2024-09-03T18:27:01Z</time></trkpt><trkpt lat="43.39000833" lon="-5.82098900"><ele>158.13</ele><time>2024-09-03T18:27:02Z</time></trkpt><trkpt lat="43.39002244" lon="-5.82097767"><ele>158.18</ele><time>2024-09-03T18:27:03Z</time></trkpt><trkpt lat="43.39003656" lon="-5.82096633"><ele>158.22</ele><time>2024-09-03T18:27:04Z</time></trkpt><trkpt lat="43.39005067" lon="-5.82095500"><ele>158.27</ele><time>2024-09-03T18:27:05Z</time></trkpt><trkpt lat="43.39006478" lon="-5.82094367"><ele>158.31</ele><time>2024-09-03T18:27:06Z</time></trkpt><trkpt lat="43.39007869" lon="-5.82093233"><ele>158.35</ele><time>2024-09-03T18:27:07Z</time></trkpt><trkpt lat="43.39009221" lon="-5.82092100"><ele>158.38</ele><time>2024-09-03T18:27:08Z</time></trkpt><trkpt lat="43.39010514" lon="-5.82090967"><ele>158.40</ele><time>2024-09-03T18:27:09Z</time></trkpt><trkpt lat="43.39011767" lon="-5.82089827"><ele>158.39</ele><time>2024-09-03T18:27:10Z</time></trkpt><trkpt lat="43.39013002" lon="-5.82088676"><ele>158.38</ele><time>2024-09-03T18:27:11Z</time></trkpt><trkpt lat="43.39014238" lon="-5.82087506"><ele>158.34</ele><time>2024-09-03T18:27:12Z</time></trkpt><trkpt lat="43.39015475" lon="-5.82086325"><ele>158.30</ele><time>2024-09-03T18:27:13Z</time></trkpt><trkpt lat="43.39016712" lon="-5.82085138"><ele>158.25</ele><time>2024-09-03T18:27:14Z</time></trkpt><trkpt lat="43.39017950" lon="-5.82083950"><ele>158.20</ele><time>2024-09-03T18:27:15Z</time></trkpt><trkpt lat="43.39019187" lon="-5.82082762"><ele>158.15</ele><time>2024-09-03T18:27:16Z</time></trkpt><trkpt lat="43.39020425" lon="-5.82081575"><ele>158.10</ele><time>2024-09-03T18:27:17Z</time></trkpt><trkpt lat="43.39021616" lon="-5.82080410"><ele>158.05</ele><time>2024-09-03T18:27:18Z</time></trkpt><trkpt lat="43.39022713" lon="-5.82079291"><ele>157.99</ele><time>2024-09-03T18:27:19Z</time></trkpt><trkpt lat="43.39023670" lon="-5.82078239"><ele>157.93</ele><time>2024-09-03T18:27:20Z</time></trkpt><trkpt lat="43.39024533" lon="-5.82077233"><ele>157.87</ele><time>2024-09-03T18:27:21Z</time></trkpt><trkpt lat="43.39025350" lon="-5.82076250"><ele>157.80</ele><time>2024-09-03T18:27:22Z</time></trkpt><trkpt lat="43.39026167" lon="-5.82075267"><ele>157.73</ele><time>2024-09-03T18:27:23Z</time></trkpt><trkpt lat="43.39026974" lon="-5.82074286"><ele>157.66</ele><time>2024-09-03T18:27:24Z</time></trkpt><trkpt lat="43.39027761" lon="-5.82073312"><ele>157.58</ele><time>2024-09-03T18:27:25Z</time></trkpt><trkpt lat="43.39028519" lon="-5.82072346"><ele>157.48</ele><time>2024-09-03T18:27:26Z</time></trkpt><trkpt lat="43.39029257" lon="-5.82071386"><ele>157.37</ele><time>2024-09-03T18:27:27Z</time></trkpt><trkpt lat="43.39029986" lon="-5.82070429"><ele>157.26</ele><time>2024-09-03T18:27:28Z</time></trkpt><trkpt lat="43.39030714" lon="-5.82069471"><ele>157.14</ele><time>2024-09-03T18:27:29Z</time></trkpt><trkpt lat="43.39031443" lon="-5.82068514"><ele>157.03</ele><time>2024-09-03T18:27:30Z</time></trkpt><trkpt lat="43.39032190" lon="-5.82067630"><ele>156.93</ele><time>2024-09-03T18:27:31Z</time></trkpt><trkpt lat="43.39032991" lon="-5.82066896"><ele>156.84</ele><time>2024-09-03T18:27:32Z</time></trkpt><trkpt lat="43.39033878" lon="-5.82066388"><ele>156.78</ele><time>2024-09-03T18:27:33Z</time></trkpt><trkpt lat="43.39034848" lon="-5.82066037"><ele>156.73</ele><time>2024-09-03T18:27:34Z</time></trkpt><trkpt lat="43.39035813" lon="-5.82065724"><ele>156.67</ele><time>2024-09-03T18:27:35Z</time></trkpt><trkpt lat="43.39036685" lon="-5.82065330"><ele>156.63</ele><time>2024-09-03T18:27:36Z</time></trkpt><trkpt lat="43.39037357" lon="-5.82064891"><ele>156.61</ele><time>2024-09-03T18:27:37Z</time></trkpt><trkpt lat="43.39037900" lon="-5.82064478"><ele>156.58</ele><time>2024-09-03T18:27:38Z</time></trkpt><trkpt lat="43.39038453" lon="-5.82064069"><ele>156.53</ele><time>2024-09-03T18:27:39Z</time></trkpt><trkpt lat="43.39039233" lon="-5.82063478"><ele>156.44</ele><time>2024-09-03T18:27:40Z</time></trkpt><trkpt lat="43.39040294" lon="-5.82062583"><ele>156.37</ele><time>2024-09-03T18:27:41Z</time></trkpt><trkpt lat="43.39041550" lon="-5.82061450"><ele>156.30</ele><time>2024-09-03T18:27:42Z</time></trkpt><trkpt lat="43.39042844" lon="-5.82060217"><ele>156.24</ele><time>2024-09-03T18:27:43Z</time></trkpt><trkpt lat="43.39044078" lon="-5.82058967"><ele>156.18</ele><time>2024-09-03T18:27:44Z</time></trkpt><trkpt lat="43.39045229" lon="-5.82057662"><ele>156.09</ele><time>2024-09-03T18:27:45Z</time></trkpt><trkpt lat="43.39046337" lon="-5.82056281"><ele>155.99</ele><time>2024-09-03T18:27:46Z</time></trkpt><trkpt lat="43.39047443" lon="-5.82054804"><ele>155.86</ele><time>2024-09-03T18:27:47Z</time></trkpt><trkpt lat="43.39048563" lon="-5.82053274"><ele>155.75</ele><time>2024-09-03T18:27:48Z</time></trkpt><trkpt lat="43.39049691" lon="-5.82051788"><ele>155.66</ele><time>2024-09-03T18:27:49Z</time></trkpt><trkpt lat="43.39050819" lon="-5.82050441"><ele>155.61</ele><time>2024-09-03T18:27:50Z</time></trkpt><trkpt lat="43.39051956" lon="-5.82049283"><ele>155.60</ele><time>2024-09-03T18:27:51Z</time></trkpt><trkpt lat="43.39053100" lon="-5.82048250"><ele>155.60</ele><time>2024-09-03T18:27:52Z</time></trkpt><trkpt lat="43.39054333" lon="-5.82047261"><ele>155.62</ele><time>2024-09-03T18:27:53Z</time></trkpt><trkpt lat="43.39055733" lon="-5.82046244"><ele>155.68</ele><time>2024-09-03T18:27:54Z</time></trkpt><trkpt lat="43.39057383" lon="-5.82045186"><ele>155.80</ele><time>2024-09-03T18:27:55Z</time></trkpt><trkpt lat="43.39059200" lon="-5.82044100"><ele>155.96</ele><time>2024-09-03T18:27:56Z</time></trkpt><trkpt lat="43.39061100" lon="-5.82043000"><ele>156.13</ele><time>2024-09-03T18:27:57Z</time></trkpt><trkpt lat="43.39063000" lon="-5.82041900"><ele>156.31</ele><time>2024-09-03T18:27:58Z</time></trkpt><trkpt lat="43.39064900" lon="-5.82040800"><ele>156.49</ele><time>2024-09-03T18:27:59Z</time></trkpt><trkpt lat="43.39066800" lon="-5.82039700"><ele>156.67</ele><time>2024-09-03T18:28:00Z</time></trkpt><trkpt lat="43.39068700" lon="-5.82038600"><ele>156.84</ele><time>2024-09-03T18:28:01Z</time></trkpt><trkpt lat="43.39070567" lon="-5.82037444"><ele>157.00</ele><time>2024-09-03T18:28:02Z</time></trkpt><trkpt lat="43.39072398" lon="-5.82036142"><ele>157.14</ele><time>2024-09-03T18:28:03Z</time></trkpt><trkpt lat="43.39074191" lon="-5.82034602"><ele>157.25</ele><time>2024-09-03T18:28:04Z</time></trkpt><trkpt lat="43.39076011" lon="-5.82032844"><ele>157.38</ele><time>2024-09-03T18:28:05Z</time></trkpt><trkpt lat="43.39077860" lon="-5.82030960"><ele>157.52</ele><time>2024-09-03T18:28:06Z</time></trkpt><trkpt lat="43.39079740" lon="-5.82029040"><ele>157.68</ele><time>2024-09-03T18:28:07Z</time></trkpt><trkpt lat="43.39081593" lon="-5.82027167"><ele>157.84</ele><time>2024-09-03T18:28:08Z</time></trkpt><trkpt lat="43.39083393" lon="-5.82025387"><ele>157.98</ele><time>2024-09-03T18:28:09Z</time></trkpt><trkpt lat="43.39085113" lon="-5.82023747"><ele>158.12</ele><time>2024-09-03T18:28:10Z</time></trkpt><trkpt lat="43.39086780" lon="-5.82022200"><ele>158.24</ele><time>2024-09-03T18:28:11Z</time></trkpt><trkpt lat="43.39088420" lon="-5.82020700"><ele>158.36</ele><time>2024-09-03T18:28:12Z</time></trkpt><trkpt lat="43.39090024" lon="-5.82019213"><ele>158.47</ele><time>2024-09-03T18:28:13Z</time></trkpt><trkpt lat="43.39091558" lon="-5.82017753"><ele>158.56</ele><time>2024-09-03T18:28:14Z</time></trkpt><trkpt lat="43.39092984" lon="-5.82016333"><ele>158.61</ele><time>2024-09-03T18:28:15Z</time></trkpt><trkpt lat="43.39094340" lon="-5.82014940"><ele>158.64</ele><time>2024-09-03T18:28:16Z</time></trkpt><trkpt lat="43.39095660" lon="-5.82013560"><ele>158.66</ele><time>2024-09-03T18:28:17Z</time></trkpt><trkpt lat="43.39096980" lon="-5.82012180"><ele>158.68</ele><time>2024-09-03T18:28:18Z</time></trkpt><trkpt lat="43.39098300" lon="-5.82010800"><ele>158.70</ele><time>2024-09-03T18:28:19Z</time></trkpt><trkpt lat="43.39099620" lon="-5.82009420"><ele>158.72</ele><time>2024-09-03T18:28:20Z</time></trkpt><trkpt lat="43.39100940" lon="-5.82008040"><ele>158.74</ele><time>2024-09-03T18:28:21Z</time></trkpt><trkpt lat="43.39102260" lon="-5.82006660"><ele>158.76</ele><time>2024-09-03T18:28:22Z</time></trkpt><trkpt lat="43.39103567" lon="-5.82005254"><ele>158.75</ele><time>2024-09-03T18:28:23Z</time></trkpt><trkpt lat="43.39104847" lon="-5.82003797"><ele>158.69</ele><time>2024-09-03T18:28:24Z</time></trkpt><trkpt lat="43.39106087" lon="-5.82002262"><ele>158.55</ele><time>2024-09-03T18:28:25Z</time></trkpt><trkpt lat="43.39107300" lon="-5.82000675"><ele>158.35</ele><time>2024-09-03T18:28:26Z</time></trkpt><trkpt lat="43.39108500" lon="-5.81999062"><ele>158.12</ele><time>2024-09-03T18:28:27Z</time></trkpt><trkpt lat="43.39109700" lon="-5.81997450"><ele>157.90</ele><time>2024-09-03T18:28:28Z</time></trkpt><trkpt lat="43.39110900" lon="-5.81995838"><ele>157.67</ele><time>2024-09-03T18:28:29Z</time></trkpt><trkpt lat="43.39112100" lon="-5.81994225"><ele>157.45</ele><time>2024-09-03T18:28:30Z</time></trkpt><trkpt lat="43.39113067" lon="-5.81992558"><ele>157.21</ele><time>2024-09-03T18:28:31Z</time></trkpt><trkpt lat="43.39113583" lon="-5.81990819"><ele>156.94</ele><time>2024-09-03T18:28:32Z</time></trkpt><trkpt lat="43.39113431" lon="-5.81988989"><ele>156.66</ele><time>2024-09-03T18:28:33Z</time></trkpt><trkpt lat="43.39112860" lon="-5.81987158"><ele>156.40</ele><time>2024-09-03T18:28:34Z</time></trkpt><trkpt lat="43.39112089" lon="-5.81985344"><ele>156.16</ele><time>2024-09-03T18:28:35Z</time></trkpt><trkpt lat="43.39111333" lon="-5.81983567"><ele>155.93</ele><time>2024-09-03T18:28:36Z</time></trkpt><trkpt lat="43.39110578" lon="-5.81981789"><ele>155.71</ele><time>2024-09-03T18:28:37Z</time></trkpt><trkpt lat="43.39109822" lon="-5.81980011"><ele>155.49</ele><time>2024-09-03T18:28:38Z</time></trkpt><trkpt lat="43.39109067" lon="-5.81978233"><ele>155.27</ele><time>2024-09-03T18:28:39Z</time></trkpt><trkpt lat="43.39108311" lon="-5.81976456"><ele>155.04</ele><time>2024-09-03T18:28:40Z</time></trkpt><trkpt lat="43.39107560" lon="-5.81974669"><ele>154.84</ele><time>2024-09-03T18:28:41Z</time></trkpt><trkpt lat="43.39106817" lon="-5.81972866"><ele>154.67</ele><time>2024-09-03T18:28:42Z</time></trkpt><trkpt lat="43.39106086" lon="-5.81971037"><ele>154.54</ele><time>2024-09-03T18:28:43Z</time></trkpt><trkpt lat="43.39105364" lon="-5.81969191"><ele>154.45</ele><time>2024-09-03T18:28:44Z</time></trkpt><trkpt lat="43.39104645" lon="-5.81967336"><ele>154.38</ele><time>2024-09-03T18:28:45Z</time></trkpt><trkpt lat="43.39103927" lon="-5.81965482"><ele>154.31</ele><time>2024-09-03T18:28:46Z</time></trkpt><trkpt lat="43.39103209" lon="-5.81963627"><ele>154.24</ele><time>2024-09-03T18:28:47Z</time></trkpt><trkpt lat="43.39102491" lon="-5.81961773"><ele>154.16</ele><time>2024-09-03T18:28:48Z</time></trkpt><trkpt lat="43.39101773" lon="-5.81959918"><ele>154.09</ele><time>2024-09-03T18:28:49Z</time></trkpt><trkpt lat="43.39101055" lon="-5.81958064"><ele>154.02</ele><time>2024-09-03T18:28:50Z</time></trkpt><trkpt lat="43.39100336" lon="-5.81956209"><ele>153.95</ele><time>2024-09-03T18:28:51Z</time></trkpt><trkpt lat="43.39099776" lon="-5.81954372"><ele>153.88</ele><time>2024-09-03T18:28:52Z</time></trkpt><trkpt lat="43.39099621" lon="-5.81952653"><ele>153.84</ele><time>2024-09-03T18:28:53Z</time></trkpt><trkpt lat="43.39100119" lon="-5.81951154"><ele>153.85</ele><time>2024-09-03T18:28:54Z</time></trkpt><trkpt lat="43.39101205" lon="-5.81949941"><ele>153.90</ele><time>2024-09-03T18:28:55Z</time></trkpt><trkpt lat="43.39102629" lon="-5.81948914"><ele>153.97</ele><time>2024-09-03T18:28:56Z</time></trkpt><trkpt lat="43.39104143" lon="-5.81947971"><ele>154.06</ele><time>2024-09-03T18:28:57Z</time></trkpt><trkpt lat="43.39105657" lon="-5.81947029"><ele>154.14</ele><time>2024-09-03T18:28:58Z</time></trkpt><trkpt lat="43.39107171" lon="-5.81946086"><ele>154.23</ele><time>2024-09-03T18:28:59Z</time></trkpt><trkpt lat="43.39108692" lon="-5.81945144"><ele>154.30</ele><time>2024-09-03T18:29:00Z</time></trkpt><trkpt lat="43.39110223" lon="-5.81944204"><ele>154.36</ele><time>2024-09-03T18:29:01Z</time></trkpt><trkpt lat="43.39111772" lon="-5.81943268"><ele>154.39</ele><time>2024-09-03T18:29:02Z</time></trkpt><trkpt lat="43.39113330" lon="-5.81942304"><ele>154.41</ele><time>2024-09-03T18:29:03Z</time></trkpt><trkpt lat="43.39114885" lon="-5.81941281"><ele>154.43</ele><time>2024-09-03T18:29:04Z</time></trkpt><trkpt lat="43.39116430" lon="-5.81940170"><ele>154.47</ele><time>2024-09-03T18:29:05Z</time></trkpt><trkpt lat="43.39117963" lon="-5.81938956"><ele>154.53</ele><time>2024-09-03T18:29:06Z</time></trkpt><trkpt lat="43.39119485" lon="-5.81937722"><ele>154.57</ele><time>2024-09-03T18:29:07Z</time></trkpt><trkpt lat="43.39120996" lon="-5.81936556"><ele>154.59</ele><time>2024-09-03T18:29:08Z</time></trkpt><trkpt lat="43.39122495" lon="-5.81935537"><ele>154.61</ele><time>2024-09-03T18:29:09Z</time></trkpt><trkpt lat="43.39123981" lon="-5.81934546"><ele>154.63</ele><time>2024-09-03T18:29:10Z</time></trkpt><trkpt lat="43.39125452" lon="-5.81933465"><ele>154.66</ele><time>2024-09-03T18:29:11Z</time></trkpt><trkpt lat="43.39126914" lon="-5.81932257"><ele>154.71</ele><time>2024-09-03T18:29:12Z</time></trkpt><trkpt lat="43.39128371" lon="-5.81930986"><ele>154.77</ele><time>2024-09-03T18:29:13Z</time></trkpt><trkpt lat="43.39129829" lon="-5.81929714"><ele>154.83</ele><time>2024-09-03T18:29:14Z</time></trkpt><trkpt lat="43.39131286" lon="-5.81928443"><ele>154.89</ele><time>2024-09-03T18:29:15Z</time></trkpt><trkpt lat="43.39132734" lon="-5.81927169"><ele>154.95</ele><time>2024-09-03T18:29:16Z</time></trkpt><trkpt lat="43.39134167" lon="-5.81925891"><ele>155.02</ele><time>2024-09-03T18:29:17Z</time></trkpt><trkpt lat="43.39135573" lon="-5.81924607"><ele>155.09</ele><time>2024-09-03T18:29:18Z</time></trkpt><trkpt lat="43.39136964" lon="-5.81923318"><ele>155.18</ele><time>2024-09-03T18:29:19Z</time></trkpt><trkpt lat="43.39138345" lon="-5.81922027"><ele>155.27</ele><time>2024-09-03T18:29:20Z</time></trkpt><trkpt lat="43.39139727" lon="-5.81920736"><ele>155.36</ele><time>2024-09-03T18:29:21Z</time></trkpt><trkpt lat="43.39141109" lon="-5.81919445"><ele>155.45</ele><time>2024-09-03T18:29:22Z</time></trkpt><trkpt lat="43.39142491" lon="-5.81918155"><ele>155.55</ele><time>2024-09-03T18:29:23Z</time></trkpt><trkpt lat="43.39143873" lon="-5.81916864"><ele>155.64</ele><time>2024-09-03T18:29:24Z</time></trkpt><trkpt lat="43.39145255" lon="-5.81915573"><ele>155.73</ele><time>2024-09-03T18:29:25Z</time></trkpt><trkpt lat="43.39146636" lon="-5.81914282"><ele>155.82</ele><time>2024-09-03T18:29:26Z</time></trkpt><trkpt lat="43.39147998" lon="-5.81912968"><ele>155.90</ele><time>2024-09-03T18:29:27Z</time></trkpt><trkpt lat="43.39149297" lon="-5.81911663"><ele>155.97</ele><time>2024-09-03T18:29:28Z</time></trkpt><trkpt lat="43.39150491" lon="-5.81910399"><ele>156.03</ele><time>2024-09-03T18:29:29Z</time></trkpt><trkpt lat="43.39151578" lon="-5.81909256"><ele>156.10</ele><time>2024-09-03T18:29:30Z</time></trkpt><trkpt lat="43.39152600" lon="-5.81908200"><ele>156.17</ele><time>2024-09-03T18:29:31Z</time></trkpt><trkpt lat="43.39153600" lon="-5.81907200"><ele>156.26</ele><time>2024-09-03T18:29:32Z</time></trkpt><trkpt lat="43.39154600" lon="-5.81906200"><ele>156.34</ele><time>2024-09-03T18:29:33Z</time></trkpt><trkpt lat="43.39155600" lon="-5.81905200"><ele>156.43</ele><time>2024-09-03T18:29:34Z</time></trkpt><trkpt lat="43.39156469" lon="-5.81904316"><ele>156.50</ele><time>2024-09-03T18:29:35Z</time></trkpt><trkpt lat="43.39157076" lon="-5.81903662"><ele>156.56</ele><time>2024-09-03T18:29:36Z</time></trkpt><trkpt lat="43.39157289" lon="-5.81903356"><ele>156.59</ele><time>2024-09-03T18:29:37Z</time></trkpt><trkpt lat="43.39157240" lon="-5.81903280"><ele>156.60</ele><time>2024-09-03T18:29:38Z</time></trkpt><trkpt lat="43.39157060" lon="-5.81903320"><ele>156.60</ele><time>2024-09-03T18:29:39Z</time></trkpt><trkpt lat="43.39156847" lon="-5.81903211"><ele>156.60</ele><time>2024-09-03T18:29:40Z</time></trkpt><trkpt lat="43.39156567" lon="-5.81902804"><ele>156.60</ele><time>2024-09-03T18:29:41Z</time></trkpt><trkpt lat="43.39156187" lon="-5.81901951"><ele>156.60</ele><time>2024-09-03T18:29:42Z</time></trkpt><trkpt lat="43.39155740" lon="-5.81900800"><ele>156.60</ele><time>2024-09-03T18:29:43Z</time></trkpt><trkpt lat="43.39155260" lon="-5.81899500"><ele>156.60</ele><time>2024-09-03T18:29:44Z</time></trkpt><trkpt lat="43.39154726" lon="-5.81898330"><ele>156.60</ele><time>2024-09-03T18:29:45Z</time></trkpt><trkpt lat="43.39154084" lon="-5.81897419"><ele>156.60</ele><time>2024-09-03T18:29:46Z</time></trkpt><trkpt lat="43.39153279" lon="-5.81896896"><ele>156.60</ele><time>2024-09-03T18:29:47Z</time></trkpt><trkpt lat="43.39152507" lon="-5.81896648"><ele>156.60</ele><time>2024-09-03T18:29:48Z</time></trkpt><trkpt lat="43.39151903" lon="-5.81896634"><ele>156.60</ele><time>2024-09-03T18:29:49Z</time></trkpt><trkpt lat="43.39151602" lon="-5.81896815"><ele>156.59</ele><time>2024-09-03T18:29:50Z</time></trkpt><trkpt lat="43.39151403" lon="-5.81897250"><ele>156.57</ele><time>2024-09-03T18:29:51Z</time></trkpt><trkpt lat="43.39151225" lon="-5.81897850"><ele>156.55</ele><time>2024-09-03T18:29:52Z</time></trkpt><trkpt lat="43.39150987" lon="-5.81898525"><ele>156.53</ele><time>2024-09-03T18:29:53Z</time></trkpt><trkpt lat="43.39150750" lon="-5.81899200"><ele>156.50</ele><time>2024-09-03T18:29:54Z</time></trkpt><trkpt lat="43.39150513" lon="-5.81899875"><ele>156.47</ele><time>2024-09-03T18:29:55Z</time></trkpt><trkpt lat="43.39150275" lon="-5.81900550"><ele>156.45</ele><time>2024-09-03T18:29:56Z</time></trkpt><trkpt lat="43.39150064" lon="-5.81901150"><ele>156.43</ele><time>2024-09-03T18:29:57Z</time></trkpt><trkpt lat="43.39149906" lon="-5.81901600"><ele>156.41</ele><time>2024-09-03T18:29:58Z</time></trkpt><trkpt lat="43.39149826" lon="-5.81901825"><ele>156.40</ele><time>2024-09-03T18:29:59Z</time></trkpt><trkpt lat="43.39149801" lon="-5.81901914"><ele>156.40</ele><time>2024-09-03T18:30:00Z</time></trkpt><trkpt lat="43.39149802" lon="-5.81901957"><ele>156.40</ele><time>2024-09-03T18:30:01Z</time></trkpt><trkpt lat="43.39149805" lon="-5.81902041"><ele>156.39</ele><time>2024-09-03T18:30:02Z</time></trkpt><trkpt lat="43.39149809" lon="-5.81902155"><ele>156.38</ele><time>2024-09-03T18:30:03Z</time></trkpt><trkpt lat="43.39149814" lon="-5.81902282"><ele>156.37</ele><time>2024-09-03T18:30:04Z</time></trkpt><trkpt lat="43.39149818" lon="-5.81902409"><ele>156.36</ele><time>2024-09-03T18:30:05Z</time></trkpt><trkpt lat="43.39149823" lon="-5.81902536"><ele>156.35</ele><time>2024-09-03T18:30:06Z</time></trkpt><trkpt lat="43.39149827" lon="-5.81902664"><ele>156.35</ele><time>2024-09-03T18:30:07Z</time></trkpt><trkpt lat="43.39149832" lon="-5.81902791"><ele>156.34</ele><time>2024-09-03T18:30:08Z</time></trkpt><trkpt lat="43.39149836" lon="-5.81902918"><ele>156.33</ele><time>2024-09-03T18:30:09Z</time></trkpt><trkpt lat="43.39149841" lon="-5.81903045"><ele>156.32</ele><time>2024-09-03T18:30:10Z</time></trkpt><trkpt lat="43.39149845" lon="-5.81903173"><ele>156.31</ele><time>2024-09-03T18:30:11Z</time></trkpt><trkpt lat="43.39149850" lon="-5.81903300"><ele>156.30</ele><time>2024-09-03T18:30:12Z</time></trkpt><trkpt lat="43.39149855" lon="-5.81903427"><ele>156.29</ele><time>2024-09-03T18:30:13Z</time></trkpt><trkpt lat="43.39149859" lon="-5.81903555"><ele>156.28</ele><time>2024-09-03T18:30:14Z</time></trkpt><trkpt lat="43.39149864" lon="-5.81903682"><ele>156.27</ele><time>2024-09-03T18:30:15Z</time></trkpt><trkpt lat="43.39149868" lon="-5.81903809"><ele>156.26</ele><time>2024-09-03T18:30:16Z</time></trkpt><trkpt lat="43.39149873" lon="-5.81903936"><ele>156.25</ele><time>2024-09-03T18:30:17Z</time></trkpt><trkpt lat="43.39149877" lon="-5.81904064"><ele>156.25</ele><time>2024-09-03T18:30:18Z</time></trkpt><trkpt lat="43.39149882" lon="-5.81904191"><ele>156.24</ele><time>2024-09-03T18:30:19Z</time></trkpt><trkpt lat="43.39149886" lon="-5.81904318"><ele>156.23</ele><time>2024-09-03T18:30:20Z</time></trkpt><trkpt lat="43.39149891" lon="-5.81904445"><ele>156.22</ele><time>2024-09-03T18:30:21Z</time></trkpt><trkpt lat="43.39149896" lon="-5.81904568"><ele>156.21</ele><time>2024-09-03T18:30:22Z</time></trkpt><trkpt lat="43.39149902" lon="-5.81904680"><ele>156.20</ele><time>2024-09-03T18:30:23Z</time></trkpt><trkpt lat="43.39149909" lon="-5.81904778"><ele>156.20</ele><time>2024-09-03T18:30:24Z</time></trkpt><trkpt lat="43.39149917" lon="-5.81904867"><ele>156.20</ele><time>2024-09-03T18:30:25Z</time></trkpt><trkpt lat="43.39149925" lon="-5.81904950"><ele>156.20</ele><time>2024-09-03T18:30:26Z</time></trkpt><trkpt lat="43.39149933" lon="-5.81905033"><ele>156.20</ele><time>2024-09-03T18:30:27Z</time></trkpt><trkpt lat="43.39149942" lon="-5.81905117"><ele>156.20</ele><time>2024-09-03T18:30:28Z</time></trkpt><trkpt lat="43.39149950" lon="-5.81905200"><ele>156.20</ele><time>2024-09-03T18:30:29Z</time></trkpt><trkpt lat="43.39149958" lon="-5.81905283"><ele>156.20</ele><time>2024-09-03T18:30:30Z</time></trkpt><trkpt lat="43.39149967" lon="-5.81905367"><ele>156.20</ele><time>2024-09-03T18:30:31Z</time></trkpt><trkpt lat="43.39149975" lon="-5.81905450"><ele>156.20</ele><time>2024-09-03T18:30:32Z</time></trkpt><trkpt lat="43.39149983" lon="-5.81905533"><ele>156.20</ele><time>2024-09-03T18:30:33Z</time></trkpt><trkpt lat="43.39149991" lon="-5.81905619"><ele>156.20</ele><time>2024-09-03T18:30:34Z</time></trkpt><trkpt lat="43.39149996" lon="-5.81905707"><ele>156.20</ele><time>2024-09-03T18:30:35Z</time></trkpt><trkpt lat="43.39149999" lon="-5.81905802"><ele>156.20</ele><time>2024-09-03T18:30:36Z</time></trkpt><trkpt lat="43.39149999" lon="-5.81905889"><ele>156.20</ele><time>2024-09-03T18:30:37Z</time></trkpt><trkpt lat="43.39149997" lon="-5.81905956"><ele>156.20</ele><time>2024-09-03T18:30:38Z</time></trkpt><trkpt lat="43.39149991" lon="-5.81905989"><ele>156.20</ele><time>2024-09-03T18:30:39Z</time></trkpt><trkpt lat="43.39149985" lon="-5.81906000"><ele>156.20</ele><time>2024-09-03T18:30:40Z</time></trkpt><trkpt lat="43.39149977" lon="-5.81906000"><ele>156.20</ele><time>2024-09-03T18:30:41Z</time></trkpt><trkpt lat="43.39149969" lon="-5.81906000"><ele>156.20</ele><time>2024-09-03T18:30:42Z</time></trkpt><trkpt lat="43.39149962" lon="-5.81906000"><ele>156.20</ele><time>2024-09-03T18:30:43Z</time></trkpt><trkpt lat="43.39149954" lon="-5.81906000"><ele>156.20</ele><time>2024-09-03T18:30:44Z</time></trkpt><trkpt lat="43.39149946" lon="-5.81906000"><ele>156.20</ele><time>2024-09-03T18:30:45Z</time></trkpt><trkpt lat="43.39149938" lon="-5.81906000"><ele>156.20</ele><time>2024-09-03T18:30:46Z</time></trkpt><trkpt lat="43.39149931" lon="-5.81906000"><ele>156.20</ele><time>2024-09-03T18:30:47Z</time></trkpt><trkpt lat="43.39149923" lon="-5.81906000"><ele>156.20</ele><time>2024-09-03T18:30:48Z</time></trkpt><trkpt lat="43.39149915" lon="-5.81906000"><ele>156.20</ele><time>2024-09-03T18:30:49Z</time></trkpt><trkpt lat="43.39149896" lon="-5.81906001"><ele>156.20</ele><time>2024-09-03T18:30:50Z</time></trkpt><trkpt lat="43.39149853" lon="-5.81906006"><ele>156.20</ele><time>2024-09-03T18:30:51Z</time></trkpt><trkpt lat="43.39149776" lon="-5.81906014"><ele>156.20</ele><time>2024-09-03T18:30:52Z</time></trkpt><trkpt lat="43.39149675" lon="-5.81906025"><ele>156.20</ele><time>2024-09-03T18:30:53Z</time></trkpt><trkpt lat="43.39149562" lon="-5.81906037"><ele>156.20</ele><time>2024-09-03T18:30:54Z</time></trkpt><trkpt lat="43.39149450" lon="-5.81906050"><ele>156.20</ele><time>2024-09-03T18:30:55Z</time></trkpt><trkpt lat="43.39149338" lon="-5.81906062"><ele>156.20</ele><time>2024-09-03T18:30:56Z</time></trkpt><trkpt lat="43.39149225" lon="-5.81906075"><ele>156.20</ele><time>2024-09-03T18:30:57Z</time></trkpt><trkpt lat="43.39149125" lon="-5.81906084"><ele>156.20</ele><time>2024-09-03T18:30:58Z</time></trkpt><trkpt lat="43.39149050" lon="-5.81906085"><ele>156.20</ele><time>2024-09-03T18:30:59Z</time></trkpt><trkpt lat="43.39149012" lon="-5.81906074"><ele>156.20</ele><time>2024-09-03T18:31:00Z</time></trkpt><trkpt lat="43.39149000" lon="-5.81906056"><ele>156.20</ele><time>2024-09-03T18:31:01Z</time></trkpt><trkpt lat="43.39149000" lon="-5.81906033"><ele>156.20</ele><time>2024-09-03T18:31:02Z</time></trkpt><trkpt lat="43.39149000" lon="-5.81906011"><ele>156.20</ele><time>2024-09-03T18:31:03Z</time></trkpt><trkpt lat="43.39149000" lon="-5.81905989"><ele>156.20</ele><time>2024-09-03T18:31:04Z</time></trkpt><trkpt lat="43.39149000" lon="-5.81905967"><ele>156.20</ele><time>2024-09-03T18:31:05Z</time></trkpt><trkpt lat="43.39149000" lon="-5.81905944"><ele>156.20</ele><time>2024-09-03T18:31:06Z</time></trkpt><trkpt lat="43.39149000" lon="-5.81905925"><ele>156.20</ele><time>2024-09-03T18:31:07Z</time></trkpt><trkpt lat="43.39149000" lon="-5.81905910"><ele>156.20</ele><time>2024-09-03T18:31:08Z</time></trkpt><trkpt lat="43.39149000" lon="-5.81905902"><ele>156.20</ele><time>2024-09-03T18:31:09Z</time></trkpt><trkpt lat="43.39149000" lon="-5.81905900"><ele>156.20</ele><time>2024-09-03T18:31:10Z</time></trkpt><trkpt lat="43.39149000" lon="-5.81905900"><ele>156.20</ele><time>2024-09-03T18:31:11Z</time></trkpt><trkpt lat="43.39149000" lon="-5.81905900"><ele>156.20</ele><time>2024-09-03T18:31:12Z</time></trkpt><trkpt lat="43.39149000" lon="-5.81905900"><ele>156.20</ele><time>2024-09-03T18:31:13Z</time></trkpt><trkpt lat="43.39149000" lon="-5.81905900"><ele>156.20</ele><time>2024-09-03T18:31:14Z</time></trkpt><trkpt lat="43.39149000" lon="-5.81905906"><ele>156.20</ele><time>2024-09-03T18:31:15Z</time></trkpt><trkpt lat="43.39149000" lon="-5.81905922"><ele>156.20</ele><time>2024-09-03T18:31:16Z</time></trkpt><trkpt lat="43.39149000" lon="-5.81905956"><ele>156.20</ele><time>2024-09-03T18:31:17Z</time></trkpt><trkpt lat="43.39149000" lon="-5.81906000"><ele>156.20</ele><time>2024-09-03T18:31:18Z</time></trkpt><trkpt lat="43.39149000" lon="-5.81906050"><ele>156.20</ele><time>2024-09-03T18:31:19Z</time></trkpt><trkpt lat="43.39149000" lon="-5.81906100"><ele>156.20</ele><time>2024-09-03T18:31:20Z</time></trkpt><trkpt lat="43.39149003" lon="-5.81906139"><ele>156.20</ele><time>2024-09-03T18:31:21Z</time></trkpt><trkpt lat="43.39149012" lon="-5.81906156"><ele>156.20</ele><time>2024-09-03T18:31:22Z</time></trkpt><trkpt lat="43.39149031" lon="-5.81906141"><ele>156.20</ele><time>2024-09-03T18:31:23Z</time></trkpt><trkpt lat="43.39149055" lon="-5.81906103"><ele>156.20</ele><time>2024-09-03T18:31:24Z</time></trkpt><trkpt lat="43.39149083" lon="-5.81906055"><ele>156.20</ele><time>2024-09-03T18:31:25Z</time></trkpt><trkpt lat="43.39149110" lon="-5.81906007"><ele>156.20</ele><time>2024-09-03T18:31:26Z</time></trkpt><trkpt lat="43.39149138" lon="-5.81905959"><ele>156.20</ele><time>2024-09-03T18:31:27Z</time></trkpt><trkpt lat="43.39149166" lon="-5.81905910"><ele>156.20</ele><time>2024-09-03T18:31:28Z</time></trkpt><trkpt lat="43.39149193" lon="-5.81905862"><ele>156.20</ele><time>2024-09-03T18:31:29Z</time></trkpt><trkpt lat="43.39149221" lon="-5.81905814"><ele>156.20</ele><time>2024-09-03T18:31:30Z</time></trkpt><trkpt lat="43.39149248" lon="-5.81905766"><ele>156.20</ele><time>2024-09-03T18:31:31Z</time></trkpt><trkpt lat="43.39149276" lon="-5.81905717"><ele>156.20</ele><time>2024-09-03T18:31:32Z</time></trkpt><trkpt lat="43.39149303" lon="-5.81905669"><ele>156.20</ele><time>2024-09-03T18:31:33Z</time></trkpt><trkpt lat="43.39149331" lon="-5.81905621"><ele>156.20</ele><time>2024-09-03T18:31:34Z</time></trkpt><trkpt lat="43.39149359" lon="-5.81905572"><ele>156.20</ele><time>2024-09-03T18:31:35Z</time></trkpt><trkpt lat="43.39149386" lon="-5.81905524"><ele>156.20</ele><time>2024-09-03T18:31:36Z</time></trkpt><trkpt lat="43.39149414" lon="-5.81905476"><ele>156.20</ele><time>2024-09-03T18:31:37Z</time></trkpt><trkpt lat="43.39149441" lon="-5.81905428"><ele>156.20</ele><time>2024-09-03T18:31:38Z</time></trkpt><trkpt lat="43.39149469" lon="-5.81905379"><ele>156.20</ele><time>2024-09-03T18:31:39Z</time></trkpt><trkpt lat="43.39149497" lon="-5.81905331"><ele>156.20</ele><time>2024-09-03T18:31:40Z</time></trkpt><trkpt lat="43.39149524" lon="-5.81905283"><ele>156.20</ele><time>2024-09-03T18:31:41Z</time></trkpt><trkpt lat="43.39149552" lon="-5.81905234"><ele>156.20</ele><time>2024-09-03T18:31:42Z</time></trkpt><trkpt lat="43.39149579" lon="-5.81905186"><ele>156.20</ele><time>2024-09-03T18:31:43Z</time></trkpt><trkpt lat="43.39149607" lon="-5.81905138"><ele>156.20</ele><time>2024-09-03T18:31:44Z</time></trkpt><trkpt lat="43.39149634" lon="-5.81905090"><ele>156.20</ele><time>2024-09-03T18:31:45Z</time></trkpt><trkpt lat="43.39149662" lon="-5.81905041"><ele>156.20</ele><time>2024-09-03T18:31:46Z</time></trkpt><trkpt lat="43.39149690" lon="-5.81904993"><ele>156.20</ele><time>2024-09-03T18:31:47Z</time></trkpt><trkpt lat="43.39149717" lon="-5.81904945"><ele>156.20</ele><time>2024-09-03T18:31:48Z</time></trkpt><trkpt lat="43.39149745" lon="-5.81904897"><ele>156.20</ele><time>2024-09-03T18:31:49Z</time></trkpt><trkpt lat="43.39149745" lon="-5.81904851"><ele>156.20</ele><time>2024-09-03T18:31:50Z</time></trkpt><trkpt lat="43.39149690" lon="-5.81904813"><ele>156.20</ele><time>2024-09-03T18:31:51Z</time></trkpt><trkpt lat="43.39149552" lon="-5.81904783"><ele>156.20</ele><time>2024-09-03T18:31:52Z</time></trkpt><trkpt lat="43.39149360" lon="-5.81904760"><ele>156.20</ele><time>2024-09-03T18:31:53Z</time></trkpt><trkpt lat="43.39149140" lon="-5.81904740"><ele>156.20</ele><time>2024-09-03T18:31:54Z</time></trkpt><trkpt lat="43.39148937" lon="-5.81904717"><ele>156.20</ele><time>2024-09-03T18:31:55Z</time></trkpt><trkpt lat="43.39148766" lon="-5.81904690"><ele>156.20</ele><time>2024-09-03T18:31:56Z</time></trkpt><trkpt lat="43.39148645" lon="-5.81904655"><ele>156.20</ele><time>2024-09-03T18:31:57Z</time></trkpt><trkpt lat="43.39148557" lon="-5.81904614"><ele>156.20</ele><time>2024-09-03T18:31:58Z</time></trkpt><trkpt lat="43.39148486" lon="-5.81904571"><ele>156.20</ele><time>2024-09-03T18:31:59Z</time></trkpt><trkpt lat="43.39148414" lon="-5.81904529"><ele>156.20</ele><time>2024-09-03T18:32:00Z</time></trkpt><trkpt lat="43.39148343" lon="-5.81904486"><ele>156.20</ele><time>2024-09-03T18:32:01Z</time></trkpt><trkpt lat="43.39148277" lon="-5.81904439"><ele>156.20</ele><time>2024-09-03T18:32:02Z</time></trkpt><trkpt lat="43.39148223" lon="-5.81904383"><ele>156.20</ele><time>2024-09-03T18:32:03Z</time></trkpt><trkpt lat="43.39148186" lon="-5.81904316"><ele>156.20</ele><time>2024-09-03T18:32:04Z</time></trkpt><trkpt lat="43.39148160" lon="-5.81904240"><ele>156.20</ele><time>2024-09-03T18:32:05Z</time></trkpt><trkpt lat="43.39148140" lon="-5.81904160"><ele>156.20</ele><time>2024-09-03T18:32:06Z</time></trkpt><trkpt lat="43.39148122" lon="-5.81904059"><ele>156.20</ele><time>2024-09-03T18:32:07Z</time></trkpt><trkpt lat="43.39148109" lon="-5.81903917"><ele>156.20</ele><time>2024-09-03T18:32:08Z</time></trkpt><trkpt lat="43.39148102" lon="-5.81903713"><ele>156.20</ele><time>2024-09-03T18:32:09Z</time></trkpt><trkpt lat="43.39148106" lon="-5.81903460"><ele>156.20</ele><time>2024-09-03T18:32:10Z</time></trkpt><trkpt lat="43.39148122" lon="-5.81903174"><ele>156.20</ele><time>2024-09-03T18:32:11Z</time></trkpt><trkpt lat="43.39148156" lon="-5.81902869"><ele>156.20</ele><time>2024-09-03T18:32:12Z</time></trkpt><trkpt lat="43.39148200" lon="-5.81902550"><ele>156.20</ele><time>2024-09-03T18:32:13Z</time></trkpt><trkpt lat="43.39148259" lon="-5.81902246"><ele>156.20</ele><time>2024-09-03T18:32:14Z</time></trkpt><trkpt lat="43.39148334" lon="-5.81901982"><ele>156.21</ele><time>2024-09-03T18:32:15Z</time></trkpt><trkpt lat="43.39148435" lon="-5.81901781"><ele>156.21</ele><time>2024-09-03T18:32:16Z</time></trkpt><trkpt lat="43.39148553" lon="-5.81901620"><ele>156.23</ele><time>2024-09-03T18:32:17Z</time></trkpt><trkpt lat="43.39148680" lon="-5.81901480"><ele>156.24</ele><time>2024-09-03T18:32:18Z</time></trkpt><trkpt lat="43.39148807" lon="-5.81901340"><ele>156.25</ele><time>2024-09-03T18:32:19Z</time></trkpt><trkpt lat="43.39148933" lon="-5.81901200"><ele>156.27</ele><time>2024-09-03T18:32:20Z</time></trkpt><trkpt lat="43.39149060" lon="-5.81901060"><ele>156.28</ele><time>2024-09-03T18:32:21Z</time></trkpt><trkpt lat="43.39149187" lon="-5.81900920"><ele>156.29</ele><time>2024-09-03T18:32:22Z</time></trkpt><trkpt lat="43.39149313" lon="-5.81900780"><ele>156.31</ele><time>2024-09-03T18:32:23Z</time></trkpt><trkpt lat="43.39149440" lon="-5.81900640"><ele>156.32</ele><time>2024-09-03T18:32:24Z</time></trkpt><trkpt lat="43.39149567" lon="-5.81900500"><ele>156.33</ele><time>2024-09-03T18:32:25Z</time></trkpt><trkpt lat="43.39149693" lon="-5.81900360"><ele>156.35</ele><time>2024-09-03T18:32:26Z</time></trkpt><trkpt lat="43.39149820" lon="-5.81900220"><ele>156.36</ele><time>2024-09-03T18:32:27Z</time></trkpt><trkpt lat="43.39149947" lon="-5.81900080"><ele>156.37</ele><time>2024-09-03T18:32:28Z</time></trkpt><trkpt lat="43.39150069" lon="-5.81899954"><ele>156.39</ele><time>2024-09-03T18:32:29Z</time></trkpt><trkpt lat="43.39150183" lon="-5.81899857"><ele>156.39</ele><time>2024-09-03T18:32:30Z</time></trkpt><trkpt lat="43.39150285" lon="-5.81899803"><ele>156.40</ele><time>2024-09-03T18:32:31Z</time></trkpt><trkpt lat="43.39150378" lon="-5.81899778"><ele>156.40</ele><time>2024-09-03T18:32:32Z</time></trkpt><trkpt lat="43.39150467" lon="-5.81899767"><ele>156.40</ele><time>2024-09-03T18:32:33Z</time></trkpt><trkpt lat="43.39150556" lon="-5.81899756"><ele>156.40</ele><time>2024-09-03T18:32:34Z</time></trkpt><trkpt lat="43.39150644" lon="-5.81899744"><ele>156.40</ele><time>2024-09-03T18:32:35Z</time></trkpt><trkpt lat="43.39150733" lon="-5.81899733"><ele>156.40</ele><time>2024-09-03T18:32:36Z</time></trkpt><trkpt lat="43.39150822" lon="-5.81899722"><ele>156.40</ele><time>2024-09-03T18:32:37Z</time></trkpt><trkpt lat="43.39151048" lon="-5.81899785"><ele>156.41</ele><time>2024-09-03T18:32:38Z</time></trkpt><trkpt lat="43.39151549" lon="-5.81899994"><ele>156.42</ele><time>2024-09-03T18:32:39Z</time></trkpt><trkpt lat="43.39152462" lon="-5.81900423"><ele>156.46</ele><time>2024-09-03T18:32:40Z</time></trkpt><trkpt lat="43.39153650" lon="-5.81901000"><ele>156.50</ele><time>2024-09-03T18:32:41Z</time></trkpt><trkpt lat="43.39155056" lon="-5.81901533"><ele>156.56</ele><time>2024-09-03T18:32:42Z</time></trkpt><trkpt lat="43.39156622" lon="-5.81901833"><ele>156.62</ele><time>2024-09-03T18:32:43Z</time></trkpt><trkpt lat="43.39158436" lon="-5.81901598"><ele>156.70</ele><time>2024-09-03T18:32:44Z</time></trkpt><trkpt lat="43.39160422" lon="-5.81900759"><ele>156.79</ele><time>2024-09-03T18:32:45Z</time></trkpt><trkpt lat="43.39162506" lon="-5.81899248"><ele>156.86</ele><time>2024-09-03T18:32:46Z</time></trkpt><trkpt lat="43.39164498" lon="-5.81897490"><ele>156.93</ele><time>2024-09-03T18:32:47Z</time></trkpt><trkpt lat="43.39166294" lon="-5.81895793"><ele>156.97</ele><time>2024-09-03T18:32:48Z</time></trkpt><trkpt lat="43.39167784" lon="-5.81894466"><ele>156.99</ele><time>2024-09-03T18:32:49Z</time></trkpt><trkpt lat="43.39169071" lon="-5.81893386"><ele>157.00</ele><time>2024-09-03T18:32:50Z</time></trkpt><trkpt lat="43.39170257" lon="-5.81892429"><ele>157.00</ele><time>2024-09-03T18:32:51Z</time></trkpt><trkpt lat="43.39171443" lon="-5.81891471"><ele>157.00</ele><time>2024-09-03T18:32:52Z</time></trkpt><trkpt lat="43.39172629" lon="-5.81890514"><ele>157.00</ele><time>2024-09-03T18:32:53Z</time></trkpt><trkpt lat="43.39173805" lon="-5.81889530"><ele>157.00</ele><time>2024-09-03T18:32:54Z</time></trkpt><trkpt lat="43.39174979" lon="-5.81888492"><ele>157.00</ele><time>2024-09-03T18:32:55Z</time></trkpt><trkpt lat="43.39176157" lon="-5.81887373"><ele>157.00</ele><time>2024-09-03T18:32:56Z</time></trkpt><trkpt lat="43.39177367" lon="-5.81886200"><ele>157.00</ele><time>2024-09-03T18:32:57Z</time></trkpt><trkpt lat="43.39178600" lon="-5.81885000"><ele>157.00</ele><time>2024-09-03T18:32:58Z</time></trkpt><trkpt lat="43.39179850" lon="-5.81883792"><ele>157.00</ele><time>2024-09-03T18:32:59Z</time></trkpt><trkpt lat="43.39181100" lon="-5.81882567"><ele>157.00</ele><time>2024-09-03T18:33:00Z</time></trkpt><trkpt lat="43.39182350" lon="-5.81881317"><ele>157.00</ele><time>2024-09-03T18:33:01Z</time></trkpt><trkpt lat="43.39183600" lon="-5.81880050"><ele>157.00</ele><time>2024-09-03T18:33:02Z</time></trkpt><trkpt lat="43.39184850" lon="-5.81878775"><ele>157.00</ele><time>2024-09-03T18:33:03Z</time></trkpt><trkpt lat="43.39186100" lon="-5.81877500"><ele>157.00</ele><time>2024-09-03T18:33:04Z</time></trkpt><trkpt lat="43.39187350" lon="-5.81876225"><ele>157.00</ele><time>2024-09-03T18:33:05Z</time></trkpt><trkpt lat="43.39188600" lon="-5.81874950"><ele>157.00</ele><time>2024-09-03T18:33:06Z</time></trkpt><trkpt lat="43.39189869" lon="-5.81873676"><ele>157.00</ele><time>2024-09-03T18:33:07Z</time></trkpt><trkpt lat="43.39191177" lon="-5.81872404"><ele>157.01</ele><time>2024-09-03T18:33:08Z</time></trkpt><trkpt lat="43.39192541" lon="-5.81871134"><ele>157.02</ele><time>2024-09-03T18:33:09Z</time></trkpt><trkpt lat="43.39193944" lon="-5.81869867"><ele>157.04</ele><time>2024-09-03T18:33:10Z</time></trkpt><trkpt lat="43.39195367" lon="-5.81868600"><ele>157.07</ele><time>2024-09-03T18:33:11Z</time></trkpt><trkpt lat="43.39196789" lon="-5.81867333"><ele>157.09</ele><time>2024-09-03T18:33:12Z</time></trkpt><trkpt lat="43.39198211" lon="-5.81866067"><ele>157.11</ele><time>2024-09-03T18:33:13Z</time></trkpt><trkpt lat="43.39199633" lon="-5.81864800"><ele>157.13</ele><time>2024-09-03T18:33:14Z</time></trkpt><trkpt lat="43.39201056" lon="-5.81863533"><ele>157.16</ele><time>2024-09-03T18:33:15Z</time></trkpt><trkpt lat="43.39202469" lon="-5.81862264"><ele>157.18</ele><time>2024-09-03T18:33:16Z</time></trkpt><trkpt lat="43.39203865" lon="-5.81860990"><ele>157.19</ele><time>2024-09-03T18:33:17Z</time></trkpt><trkpt lat="43.39205236" lon="-5.81859709"><ele>157.20</ele><time>2024-09-03T18:33:18Z</time></trkpt><trkpt lat="43.39206589" lon="-5.81858422"><ele>157.20</ele><time>2024-09-03T18:33:19Z</time></trkpt><trkpt lat="43.39207933" lon="-5.81857133"><ele>157.20</ele><time>2024-09-03T18:33:20Z</time></trkpt><trkpt lat="43.39209278" lon="-5.81855844"><ele>157.20</ele><time>2024-09-03T18:33:21Z</time></trkpt><trkpt lat="43.39210622" lon="-5.81854556"><ele>157.20</ele><time>2024-09-03T18:33:22Z</time></trkpt><trkpt lat="43.39211967" lon="-5.81853267"><ele>157.20</ele><time>2024-09-03T18:33:23Z</time></trkpt><trkpt lat="43.39213311" lon="-5.81851978"><ele>157.20</ele><time>2024-09-03T18:33:24Z</time></trkpt><trkpt lat="43.39214656" lon="-5.81850710"><ele>157.20</ele><time>2024-09-03T18:33:25Z</time></trkpt><trkpt lat="43.39216000" lon="-5.81849484"><ele>157.20</ele><time>2024-09-03T18:33:26Z</time></trkpt><trkpt lat="43.39217344" lon="-5.81848321"><ele>157.20</ele><time>2024-09-03T18:33:27Z</time></trkpt><trkpt lat="43.39218689" lon="-5.81847200"><ele>157.20</ele><time>2024-09-03T18:33:28Z</time></trkpt><trkpt lat="43.39220033" lon="-5.81846100"><ele>157.20</ele><time>2024-09-03T18:33:29Z</time></trkpt><trkpt lat="43.39221378" lon="-5.81845000"><ele>157.20</ele><time>2024-09-03T18:33:30Z</time></trkpt><trkpt lat="43.39222722" lon="-5.81843900"><ele>157.20</ele><time>2024-09-03T18:33:31Z</time></trkpt><trkpt lat="43.39224067" lon="-5.81842800"><ele>157.20</ele><time>2024-09-03T18:33:32Z</time></trkpt><trkpt lat="43.39225411" lon="-5.81841700"><ele>157.20</ele><time>2024-09-03T18:33:33Z</time></trkpt><trkpt lat="43.39226766" lon="-5.81840588"><ele>157.20</ele><time>2024-09-03T18:33:34Z</time></trkpt><trkpt lat="43.39228141" lon="-5.81839452"><ele>157.18</ele><time>2024-09-03T18:33:35Z</time></trkpt><trkpt lat="43.39229547" lon="-5.81838279"><ele>157.16</ele><time>2024-09-03T18:33:36Z</time></trkpt><trkpt lat="43.39230973" lon="-5.81837082"><ele>157.13</ele><time>2024-09-03T18:33:37Z</time></trkpt><trkpt lat="43.39232409" lon="-5.81835873"><ele>157.09</ele><time>2024-09-03T18:33:38Z</time></trkpt><trkpt lat="43.39233845" lon="-5.81834664"><ele>157.05</ele><time>2024-09-03T18:33:39Z</time></trkpt><trkpt lat="43.39235282" lon="-5.81833455"><ele>157.02</ele><time>2024-09-03T18:33:40Z</time></trkpt><trkpt lat="43.39236718" lon="-5.81832245"><ele>156.98</ele><time>2024-09-03T18:33:41Z</time></trkpt><trkpt lat="43.39238155" lon="-5.81831036"><ele>156.95</ele><time>2024-09-03T18:33:42Z</time></trkpt><trkpt lat="43.39239591" lon="-5.81829827"><ele>156.91</ele><time>2024-09-03T18:33:43Z</time></trkpt><trkpt lat="43.39241027" lon="-5.81828618"><ele>156.87</ele><time>2024-09-03T18:33:44Z</time></trkpt><trkpt lat="43.39242463" lon="-5.81827449"><ele>156.84</ele><time>2024-09-03T18:33:45Z</time></trkpt><trkpt lat="43.39243899" lon="-5.81826360"><ele>156.80</ele><time>2024-09-03T18:33:46Z</time></trkpt><trkpt lat="43.39245333" lon="-5.81825390"><ele>156.77</ele><time>2024-09-03T18:33:47Z</time></trkpt><trkpt lat="43.39246767" lon="-5.81824500"><ele>156.73</ele><time>2024-09-03T18:33:48Z</time></trkpt><trkpt lat="43.39248200" lon="-5.81823650"><ele>156.70</ele><time>2024-09-03T18:33:49Z</time></trkpt><trkpt lat="43.39249633" lon="-5.81822800"><ele>156.67</ele><time>2024-09-03T18:33:50Z</time></trkpt><trkpt lat="43.39251059" lon="-5.81821922"><ele>156.64</ele><time>2024-09-03T18:33:51Z</time></trkpt><trkpt lat="43.39252467" lon="-5.81820989"><ele>156.61</ele><time>2024-09-03T18:33:52Z</time></trkpt><trkpt lat="43.39253852" lon="-5.81819972"><ele>156.60</ele><time>2024-09-03T18:33:53Z</time></trkpt><trkpt lat="43.39255220" lon="-5.81818900"><ele>156.60</ele><time>2024-09-03T18:33:54Z</time></trkpt><trkpt lat="43.39256580" lon="-5.81817800"><ele>156.60</ele><time>2024-09-03T18:33:55Z</time></trkpt><trkpt lat="43.39257940" lon="-5.81816700"><ele>156.60</ele><time>2024-09-03T18:33:56Z</time></trkpt><trkpt lat="43.39259300" lon="-5.81815600"><ele>156.60</ele><time>2024-09-03T18:33:57Z</time></trkpt><trkpt lat="43.39260660" lon="-5.81814500"><ele>156.60</ele><time>2024-09-03T18:33:58Z</time></trkpt><trkpt lat="43.39262020" lon="-5.81813400"><ele>156.60</ele><time>2024-09-03T18:33:59Z</time></trkpt><trkpt lat="43.39263380" lon="-5.81812300"><ele>156.60</ele><time>2024-09-03T18:34:00Z</time></trkpt><trkpt lat="43.39264722" lon="-5.81811169"><ele>156.61</ele><time>2024-09-03T18:34:01Z</time></trkpt><trkpt lat="43.39266029" lon="-5.81809975"><ele>156.62</ele><time>2024-09-03T18:34:02Z</time></trkpt><trkpt lat="43.39267282" lon="-5.81808687"><ele>156.66</ele><time>2024-09-03T18:34:03Z</time></trkpt><trkpt lat="43.39268500" lon="-5.81807336"><ele>156.71</ele><time>2024-09-03T18:34:04Z</time></trkpt><trkpt lat="43.39269700" lon="-5.81805955"><ele>156.76</ele><time>2024-09-03T18:34:05Z</time></trkpt><trkpt lat="43.39270900" lon="-5.81804573"><ele>156.82</ele><time>2024-09-03T18:34:06Z</time></trkpt><trkpt lat="43.39272100" lon="-5.81803191"><ele>156.87</ele><time>2024-09-03T18:34:07Z</time></trkpt><trkpt lat="43.39273300" lon="-5.81801809"><ele>156.93</ele><time>2024-09-03T18:34:08Z</time></trkpt><trkpt lat="43.39274500" lon="-5.81800427"><ele>156.98</ele><time>2024-09-03T18:34:09Z</time></trkpt><trkpt lat="43.39275700" lon="-5.81799045"><ele>157.04</ele><time>2024-09-03T18:34:10Z</time></trkpt><trkpt lat="43.39276900" lon="-5.81797664"><ele>157.09</ele><time>2024-09-03T18:34:11Z</time></trkpt><trkpt lat="43.39278107" lon="-5.81796290"><ele>157.14</ele><time>2024-09-03T18:34:12Z</time></trkpt><trkpt lat="43.39279328" lon="-5.81794931"><ele>157.20</ele><time>2024-09-03T18:34:13Z</time></trkpt><trkpt lat="43.39280569" lon="-5.81793595"><ele>157.25</ele><time>2024-09-03T18:34:14Z</time></trkpt><trkpt lat="43.39281825" lon="-5.81792275"><ele>157.30</ele><time>2024-09-03T18:34:15Z</time></trkpt><trkpt lat="43.39283087" lon="-5.81790962"><ele>157.35</ele><time>2024-09-03T18:34:16Z</time></trkpt><trkpt lat="43.39284350" lon="-5.81789650"><ele>157.40</ele><time>2024-09-03T18:34:17Z</time></trkpt><trkpt lat="43.39285612" lon="-5.81788338"><ele>157.45</ele><time>2024-09-03T18:34:18Z</time></trkpt><trkpt lat="43.39286875" lon="-5.81787025"><ele>157.50</ele><time>2024-09-03T18:34:19Z</time></trkpt><trkpt lat="43.39288151" lon="-5.81785772"><ele>157.55</ele><time>2024-09-03T18:34:20Z</time></trkpt><trkpt lat="43.39289456" lon="-5.81784639"><ele>157.60</ele><time>2024-09-03T18:34:21Z</time></trkpt><trkpt lat="43.39290801" lon="-5.81783685"><ele>157.65</ele><time>2024-09-03T18:34:22Z</time></trkpt><trkpt lat="43.39292175" lon="-5.81782850"><ele>157.70</ele><time>2024-09-03T18:34:23Z</time></trkpt><trkpt lat="43.39293562" lon="-5.81782075"><ele>157.75</ele><time>2024-09-03T18:34:24Z</time></trkpt><trkpt lat="43.39294950" lon="-5.81781300"><ele>157.80</ele><time>2024-09-03T18:34:25Z</time></trkpt><trkpt lat="43.39296337" lon="-5.81780525"><ele>157.85</ele><time>2024-09-03T18:34:26Z</time></trkpt><trkpt lat="43.39297725" lon="-5.81779750"><ele>157.90</ele><time>2024-09-03T18:34:27Z</time></trkpt><trkpt lat="43.39299104" lon="-5.81778922"><ele>157.94</ele><time>2024-09-03T18:34:28Z</time></trkpt><trkpt lat="43.39300465" lon="-5.81777987"><ele>157.96</ele><time>2024-09-03T18:34:29Z</time></trkpt><trkpt lat="43.39301800" lon="-5.81776892"><ele>157.95</ele><time>2024-09-03T18:34:30Z</time></trkpt><trkpt lat="43.39303118" lon="-5.81775691"><ele>157.93</ele><time>2024-09-03T18:34:31Z</time></trkpt><trkpt lat="43.39304427" lon="-5.81774436"><ele>157.89</ele><time>2024-09-03T18:34:32Z</time></trkpt><trkpt lat="43.39305736" lon="-5.81773182"><ele>157.85</ele><time>2024-09-03T18:34:33Z</time></trkpt><trkpt lat="43.39307045" lon="-5.81771927"><ele>157.82</ele><time>2024-09-03T18:34:34Z</time></trkpt><trkpt lat="43.39308355" lon="-5.81770673"><ele>157.78</ele><time>2024-09-03T18:34:35Z</time></trkpt><trkpt lat="43.39309664" lon="-5.81769418"><ele>157.75</ele><time>2024-09-03T18:34:36Z</time></trkpt><trkpt lat="43.39310973" lon="-5.81768164"><ele>157.71</ele><time>2024-09-03T18:34:37Z</time></trkpt><trkpt lat="43.39312282" lon="-5.81766909"><ele>157.67</ele><time>2024-09-03T18:34:38Z</time></trkpt><trkpt lat="43.39313603" lon="-5.81765711"><ele>157.63</ele><time>2024-09-03T18:34:39Z</time></trkpt><trkpt lat="43.39314947" lon="-5.81764627"><ele>157.59</ele><time>2024-09-03T18:34:40Z</time></trkpt><trkpt lat="43.39316326" lon="-5.81763714"><ele>157.54</ele><time>2024-09-03T18:34:41Z</time></trkpt><trkpt lat="43.39317729" lon="-5.81762914"><ele>157.49</ele><time>2024-09-03T18:34:42Z</time></trkpt><trkpt lat="43.39319143" lon="-5.81762171"><ele>157.43</ele><time>2024-09-03T18:34:43Z</time></trkpt><trkpt lat="43.39320557" lon="-5.81761429"><ele>157.37</ele><time>2024-09-03T18:34:44Z</time></trkpt><trkpt lat="43.39321971" lon="-5.81760686"><ele>157.31</ele><time>2024-09-03T18:34:45Z</time></trkpt><trkpt lat="43.39323401" lon="-5.81760074"><ele>157.25</ele><time>2024-09-03T18:34:46Z</time></trkpt><trkpt lat="43.39324863" lon="-5.81759723"><ele>157.19</ele><time>2024-09-03T18:34:47Z</time></trkpt><trkpt lat="43.39326371" lon="-5.81759764"><ele>157.11</ele><time>2024-09-03T18:34:48Z</time></trkpt><trkpt lat="43.39327911" lon="-5.81760067"><ele>157.02</ele><time>2024-09-03T18:34:49Z</time></trkpt><trkpt lat="43.39329467" lon="-5.81760500"><ele>156.93</ele><time>2024-09-03T18:34:50Z</time></trkpt><trkpt lat="43.39331022" lon="-5.81760933"><ele>156.84</ele><time>2024-09-03T18:34:51Z</time></trkpt><trkpt lat="43.39332578" lon="-5.81761367"><ele>156.76</ele><time>2024-09-03T18:34:52Z</time></trkpt><trkpt lat="43.39334133" lon="-5.81761800"><ele>156.67</ele><time>2024-09-03T18:34:53Z</time></trkpt><trkpt lat="43.39335689" lon="-5.81762233"><ele>156.58</ele><time>2024-09-03T18:34:54Z</time></trkpt><trkpt lat="43.39337203" lon="-5.81762754"><ele>156.49</ele><time>2024-09-03T18:34:55Z</time></trkpt><trkpt lat="43.39338635" lon="-5.81763448"><ele>156.40</ele><time>2024-09-03T18:34:56Z</time></trkpt><trkpt lat="43.39339942" lon="-5.81764404"><ele>156.30</ele><time>2024-09-03T18:34:57Z</time></trkpt><trkpt lat="43.39341167" lon="-5.81765533"><ele>156.20</ele><time>2024-09-03T18:34:58Z</time></trkpt><trkpt lat="43.39342350" lon="-5.81766750"><ele>156.10</ele><time>2024-09-03T18:34:59Z</time></trkpt><trkpt lat="43.39343533" lon="-5.81767967"><ele>156.00</ele><time>2024-09-03T18:35:00Z</time></trkpt><trkpt lat="43.39344685" lon="-5.81769248"><ele>155.90</ele><time>2024-09-03T18:35:01Z</time></trkpt><trkpt lat="43.39345774" lon="-5.81770659"><ele>155.79</ele><time>2024-09-03T18:35:02Z</time></trkpt><trkpt lat="43.39346769" lon="-5.81772265"><ele>155.66</ele><time>2024-09-03T18:35:03Z</time></trkpt><trkpt lat="43.39347678" lon="-5.81774011"><ele>155.53</ele><time>2024-09-03T18:35:04Z</time></trkpt><trkpt lat="43.39348511" lon="-5.81775844"><ele>155.40</ele><time>2024-09-03T18:35:05Z</time></trkpt><trkpt lat="43.39349278" lon="-5.81777711"><ele>155.27</ele><time>2024-09-03T18:35:06Z</time></trkpt><trkpt lat="43.39349967" lon="-5.81779589"><ele>155.14</ele><time>2024-09-03T18:35:07Z</time></trkpt><trkpt lat="43.39350567" lon="-5.81781456"><ele>155.01</ele><time>2024-09-03T18:35:08Z</time></trkpt><trkpt lat="43.39351067" lon="-5.81783289"><ele>154.90</ele><time>2024-09-03T18:35:09Z</time></trkpt><trkpt lat="43.39351500" lon="-5.81785100"><ele>154.80</ele><time>2024-09-03T18:35:10Z</time></trkpt><trkpt lat="43.39351876" lon="-5.81786945"><ele>154.70</ele><time>2024-09-03T18:35:11Z</time></trkpt><trkpt lat="43.39352204" lon="-5.81788881"><ele>154.60</ele><time>2024-09-03T18:35:12Z</time></trkpt><trkpt lat="43.39352459" lon="-5.81790954"><ele>154.50</ele><time>2024-09-03T18:35:13Z</time></trkpt><trkpt lat="43.39352667" lon="-5.81793117"><ele>154.40</ele><time>2024-09-03T18:35:14Z</time></trkpt><trkpt lat="43.39352850" lon="-5.81795325"><ele>154.30</ele><time>2024-09-03T18:35:15Z</time></trkpt><trkpt lat="43.39353033" lon="-5.81797533"><ele>154.20</ele><time>2024-09-03T18:35:16Z</time></trkpt><trkpt lat="43.39353217" lon="-5.81799742"><ele>154.10</ele><time>2024-09-03T18:35:17Z</time></trkpt><trkpt lat="43.39353400" lon="-5.81801950"><ele>154.00</ele><time>2024-09-03T18:35:18Z</time></trkpt><trkpt lat="43.39353583" lon="-5.81804158"><ele>153.90</ele><time>2024-09-03T18:35:19Z</time></trkpt><trkpt lat="43.39353767" lon="-5.81806367"><ele>153.80</ele><time>2024-09-03T18:35:20Z</time></trkpt><trkpt lat="43.39353950" lon="-5.81808575"><ele>153.70</ele><time>2024-09-03T18:35:21Z</time></trkpt><trkpt lat="43.39354133" lon="-5.81810783"><ele>153.60</ele><time>2024-09-03T18:35:22Z</time></trkpt><trkpt lat="43.39354241" lon="-5.81813013"><ele>153.51</ele><time>2024-09-03T18:35:23Z</time></trkpt><trkpt lat="43.39354195" lon="-5.81815254"><ele>153.45</ele><time>2024-09-03T18:35:24Z</time></trkpt><trkpt lat="43.39353920" lon="-5.81817497"><ele>153.44</ele><time>2024-09-03T18:35:25Z</time></trkpt><trkpt lat="43.39353489" lon="-5.81819689"><ele>153.47</ele><time>2024-09-03T18:35:26Z</time></trkpt><trkpt lat="43.39352980" lon="-5.81821840"><ele>153.52</ele><time>2024-09-03T18:35:27Z</time></trkpt><trkpt lat="43.39352470" lon="-5.81823960"><ele>153.58</ele><time>2024-09-03T18:35:28Z</time></trkpt><trkpt lat="43.39351960" lon="-5.81826080"><ele>153.64</ele><time>2024-09-03T18:35:29Z</time></trkpt><trkpt lat="43.39351450" lon="-5.81828200"><ele>153.70</ele><time>2024-09-03T18:35:30Z</time></trkpt><trkpt lat="43.39350940" lon="-5.81830320"><ele>153.76</ele><time>2024-09-03T18:35:31Z</time></trkpt><trkpt lat="43.39350430" lon="-5.81832440"><ele>153.82</ele><time>2024-09-03T18:35:32Z</time></trkpt><trkpt lat="43.39349920" lon="-5.81834560"><ele>153.88</ele><time>2024-09-03T18:35:33Z</time></trkpt><trkpt lat="43.39349405" lon="-5.81836698"><ele>153.94</ele><time>2024-09-03T18:35:34Z</time></trkpt><trkpt lat="43.39348880" lon="-5.81838870"><ele>154.00</ele><time>2024-09-03T18:35:35Z</time></trkpt><trkpt lat="43.39348339" lon="-5.81841095"><ele>154.07</ele><time>2024-09-03T18:35:36Z</time></trkpt><trkpt lat="43.39347789" lon="-5.81843356"><ele>154.13</ele><time>2024-09-03T18:35:37Z</time></trkpt><trkpt lat="43.39347233" lon="-5.81845633"><ele>154.20</ele><time>2024-09-03T18:35:38Z</time></trkpt><trkpt lat="43.39346678" lon="-5.81847911"><ele>154.27</ele><time>2024-09-03T18:35:39Z</time></trkpt><trkpt lat="43.39346122" lon="-5.81850189"><ele>154.33</ele><time>2024-09-03T18:35:40Z</time></trkpt><trkpt lat="43.39345567" lon="-5.81852467"><ele>154.40</ele><time>2024-09-03T18:35:41Z</time></trkpt><trkpt lat="43.39345011" lon="-5.81854744"><ele>154.47</ele><time>2024-09-03T18:35:42Z</time></trkpt><trkpt lat="43.39344469" lon="-5.81857032"><ele>154.53</ele><time>2024-09-03T18:35:43Z</time></trkpt><trkpt lat="43.39343954" lon="-5.81859340"><ele>154.59</ele><time>2024-09-03T18:35:44Z</time></trkpt><trkpt lat="43.39343480" lon="-5.81861677"><ele>154.64</ele><time>2024-09-03T18:35:45Z</time></trkpt><trkpt lat="43.39343033" lon="-5.81864033"><ele>154.69</ele><time>2024-09-03T18:35:46Z</time></trkpt><trkpt lat="43.39342600" lon="-5.81866400"><ele>154.73</ele><time>2024-09-03T18:35:47Z</time></trkpt><trkpt lat="43.39342167" lon="-5.81868767"><ele>154.78</ele><time>2024-09-03T18:35:48Z</time></trkpt><trkpt lat="43.39341733" lon="-5.81871133"><ele>154.82</ele><time>2024-09-03T18:35:49Z</time></trkpt><trkpt lat="43.39341300" lon="-5.81873500"><ele>154.87</ele><time>2024-09-03T18:35:50Z</time></trkpt><trkpt lat="43.39340867" lon="-5.81875867"><ele>154.91</ele><time>2024-09-03T18:35:51Z</time></trkpt><trkpt lat="43.39340466" lon="-5.81878223"><ele>154.95</ele><time>2024-09-03T18:35:52Z</time></trkpt><trkpt lat="43.39340132" lon="-5.81880558"><ele>154.99</ele><time>2024-09-03T18:35:53Z</time></trkpt><trkpt lat="43.39339897" lon="-5.81882862"><ele>155.02</ele><time>2024-09-03T18:35:54Z</time></trkpt><trkpt lat="43.39339727" lon="-5.81885145"><ele>155.04</ele><time>2024-09-03T18:35:55Z</time></trkpt><trkpt lat="43.39339591" lon="-5.81887418"><ele>155.05</ele><time>2024-09-03T18:35:56Z</time></trkpt><trkpt lat="43.39339455" lon="-5.81889691"><ele>155.07</ele><time>2024-09-03T18:35:57Z</time></trkpt><trkpt lat="43.39339318" lon="-5.81891964"><ele>155.09</ele><time>2024-09-03T18:35:58Z</time></trkpt><trkpt lat="43.39339182" lon="-5.81894236"><ele>155.11</ele><time>2024-09-03T18:35:59Z</time></trkpt><trkpt lat="43.39339045" lon="-5.81896509"><ele>155.13</ele><time>2024-09-03T18:36:00Z</time></trkpt><trkpt lat="43.39338909" lon="-5.81898782"><ele>155.15</ele><time>2024-09-03T18:36:01Z</time></trkpt><trkpt lat="43.39338773" lon="-5.81901055"><ele>155.16</ele><time>2024-09-03T18:36:02Z</time></trkpt><trkpt lat="43.39338663" lon="-5.81903349"><ele>155.17</ele><time>2024-09-03T18:36:03Z</time></trkpt><trkpt lat="43.39338605" lon="-5.81905686"><ele>155.16</ele><time>2024-09-03T18:36:04Z</time></trkpt><trkpt lat="43.39338626" lon="-5.81908088"><ele>155.12</ele><time>2024-09-03T18:36:05Z</time></trkpt><trkpt lat="43.39338695" lon="-5.81910509"><ele>155.09</ele><time>2024-09-03T18:36:06Z</time></trkpt><trkpt lat="43.39338780" lon="-5.81912901"><ele>155.08</ele><time>2024-09-03T18:36:07Z</time></trkpt><trkpt lat="43.39338851" lon="-5.81915220"><ele>155.13</ele><time>2024-09-03T18:36:08Z</time></trkpt><trkpt lat="43.39338911" lon="-5.81917489"><ele>155.22</ele><time>2024-09-03T18:36:09Z</time></trkpt><trkpt lat="43.39338967" lon="-5.81919733"><ele>155.33</ele><time>2024-09-03T18:36:10Z</time></trkpt><trkpt lat="43.39339022" lon="-5.81921978"><ele>155.44</ele><time>2024-09-03T18:36:11Z</time></trkpt><trkpt lat="43.39339078" lon="-5.81924222"><ele>155.56</ele><time>2024-09-03T18:36:12Z</time></trkpt><trkpt lat="43.39339133" lon="-5.81926467"><ele>155.67</ele><time>2024-09-03T18:36:13Z</time></trkpt><trkpt lat="43.39339189" lon="-5.81928711"><ele>155.78</ele><time>2024-09-03T18:36:14Z</time></trkpt><trkpt lat="43.39339263" lon="-5.81930952"><ele>155.88</ele><time>2024-09-03T18:36:15Z</time></trkpt><trkpt lat="43.39339375" lon="-5.81933188"><ele>155.97</ele><time>2024-09-03T18:36:16Z</time></trkpt><trkpt lat="43.39339544" lon="-5.81935414"><ele>156.04</ele><time>2024-09-03T18:36:17Z</time></trkpt><trkpt lat="43.39339750" lon="-5.81937633"><ele>156.10</ele><time>2024-09-03T18:36:18Z</time></trkpt><trkpt lat="43.39339975" lon="-5.81939850"><ele>156.15</ele><time>2024-09-03T18:36:19Z</time></trkpt><trkpt lat="43.39340200" lon="-5.81942067"><ele>156.20</ele><time>2024-09-03T18:36:20Z</time></trkpt><trkpt lat="43.39340425" lon="-5.81944283"><ele>156.25</ele><time>2024-09-03T18:36:21Z</time></trkpt><trkpt lat="43.39340650" lon="-5.81946500"><ele>156.30</ele><time>2024-09-03T18:36:22Z</time></trkpt><trkpt lat="43.39340875" lon="-5.81948717"><ele>156.35</ele><time>2024-09-03T18:36:23Z</time></trkpt><trkpt lat="43.39341100" lon="-5.81950933"><ele>156.40</ele><time>2024-09-03T18:36:24Z</time></trkpt><trkpt lat="43.39341325" lon="-5.81953150"><ele>156.45</ele><time>2024-09-03T18:36:25Z</time></trkpt><trkpt lat="43.39341550" lon="-5.81955367"><ele>156.50</ele><time>2024-09-03T18:36:26Z</time></trkpt><trkpt lat="43.39341806" lon="-5.81957570"><ele>156.54</ele><time>2024-09-03T18:36:27Z</time></trkpt><trkpt lat="43.39342164" lon="-5.81959733"><ele>156.58</ele><time>2024-09-03T18:36:28Z</time></trkpt><trkpt lat="43.39342697" lon="-5.81961826"><ele>156.61</ele><time>2024-09-03T18:36:29Z</time></trkpt><trkpt lat="43.39343417" lon="-5.81963847"><ele>156.63</ele><time>2024-09-03T18:36:30Z</time></trkpt><trkpt lat="43.39344250" lon="-5.81965825"><ele>156.65</ele><time>2024-09-03T18:36:31Z</time></trkpt><trkpt lat="43.39345125" lon="-5.81967788"><ele>156.68</ele><time>2024-09-03T18:36:32Z</time></trkpt><trkpt lat="43.39346000" lon="-5.81969750"><ele>156.70</ele><time>2024-09-03T18:36:33Z</time></trkpt><trkpt lat="43.39346875" lon="-5.81971713"><ele>156.72</ele><time>2024-09-03T18:36:34Z</time></trkpt><trkpt lat="43.39347750" lon="-5.81973675"><ele>156.75</ele><time>2024-09-03T18:36:35Z</time></trkpt><trkpt lat="43.39348604" lon="-5.81975632"><ele>156.76</ele><time>2024-09-03T18:36:36Z</time></trkpt><trkpt lat="43.39349417" lon="-5.81977577"><ele>156.76</ele><time>2024-09-03T18:36:37Z</time></trkpt><trkpt lat="43.39350168" lon="-5.81979505"><ele>156.72</ele><time>2024-09-03T18:36:38Z</time></trkpt><trkpt lat="43.39350878" lon="-5.81981422"><ele>156.67</ele><time>2024-09-03T18:36:39Z</time></trkpt><trkpt lat="43.39351567" lon="-5.81983333"><ele>156.60</ele><time>2024-09-03T18:36:40Z</time></trkpt><trkpt lat="43.39352256" lon="-5.81985244"><ele>156.53</ele><time>2024-09-03T18:36:41Z</time></trkpt><trkpt lat="43.39352944" lon="-5.81987156"><ele>156.47</ele><time>2024-09-03T18:36:42Z</time></trkpt><trkpt lat="43.39353633" lon="-5.81989067"><ele>156.40</ele><time>2024-09-03T18:36:43Z</time></trkpt><trkpt lat="43.39354322" lon="-5.81990978"><ele>156.33</ele><time>2024-09-03T18:36:44Z</time></trkpt><trkpt lat="43.39355032" lon="-5.81992870"><ele>156.26</ele><time>2024-09-03T18:36:45Z</time></trkpt><trkpt lat="43.39355783" lon="-5.81994723"><ele>156.16</ele><time>2024-09-03T18:36:46Z</time></trkpt><trkpt lat="43.39356596" lon="-5.81996518"><ele>156.04</ele><time>2024-09-03T18:36:47Z</time></trkpt><trkpt lat="43.39357450" lon="-5.81998275"><ele>155.90</ele><time>2024-09-03T18:36:48Z</time></trkpt><trkpt lat="43.39358325" lon="-5.82000012"><ele>155.75</ele><time>2024-09-03T18:36:49Z</time></trkpt><trkpt lat="43.39359200" lon="-5.82001750"><ele>155.60</ele><time>2024-09-03T18:36:50Z</time></trkpt><trkpt lat="43.39360075" lon="-5.82003487"><ele>155.45</ele><time>2024-09-03T18:36:51Z</time></trkpt><trkpt lat="43.39360950" lon="-5.82005225"><ele>155.30</ele><time>2024-09-03T18:36:52Z</time></trkpt><trkpt lat="43.39361872" lon="-5.82006919"><ele>155.16</ele><time>2024-09-03T18:36:53Z</time></trkpt><trkpt lat="43.39362889" lon="-5.82008525"><ele>155.03</ele><time>2024-09-03T18:36:54Z</time></trkpt><trkpt lat="43.39364047" lon="-5.82010001"><ele>154.92</ele><time>2024-09-03T18:36:55Z</time></trkpt><trkpt lat="43.39365300" lon="-5.82011389"><ele>154.82</ele><time>2024-09-03T18:36:56Z</time></trkpt><trkpt lat="43.39366600" lon="-5.82012733"><ele>154.73</ele><time>2024-09-03T18:36:57Z</time></trkpt><trkpt lat="43.39367900" lon="-5.82014078"><ele>154.64</ele><time>2024-09-03T18:36:58Z</time></trkpt><trkpt lat="43.39369200" lon="-5.82015422"><ele>154.56</ele><time>2024-09-03T18:36:59Z</time></trkpt><trkpt lat="43.39370500" lon="-5.82016767"><ele>154.47</ele><time>2024-09-03T18:37:00Z</time></trkpt><trkpt lat="43.39371800" lon="-5.82018111"><ele>154.38</ele><time>2024-09-03T18:37:01Z</time></trkpt><trkpt lat="43.39373085" lon="-5.82019440"><ele>154.30</ele><time>2024-09-03T18:37:02Z</time></trkpt><trkpt lat="43.39374339" lon="-5.82020736"><ele>154.24</ele><time>2024-09-03T18:37:03Z</time></trkpt><trkpt lat="43.39375547" lon="-5.82021984"><ele>154.21</ele><time>2024-09-03T18:37:04Z</time></trkpt><trkpt lat="43.39376725" lon="-5.82023200"><ele>154.20</ele><time>2024-09-03T18:37:05Z</time></trkpt><trkpt lat="43.39377887" lon="-5.82024400"><ele>154.20</ele><time>2024-09-03T18:37:06Z</time></trkpt><trkpt lat="43.39379050" lon="-5.82025600"><ele>154.20</ele><time>2024-09-03T18:37:07Z</time></trkpt><trkpt lat="43.39380212" lon="-5.82026800"><ele>154.20</ele><time>2024-09-03T18:37:08Z</time></trkpt><trkpt lat="43.39381375" lon="-5.82028000"><ele>154.20</ele><time>2024-09-03T18:37:09Z</time></trkpt><trkpt lat="43.39382583" lon="-5.82029140"><ele>154.21</ele><time>2024-09-03T18:37:10Z</time></trkpt><trkpt lat="43.39383882" lon="-5.82030162"><ele>154.23</ele><time>2024-09-03T18:37:11Z</time></trkpt><trkpt lat="43.39385318" lon="-5.82031004"><ele>154.28</ele><time>2024-09-03T18:37:12Z</time></trkpt><trkpt lat="43.39386845" lon="-5.82031727"><ele>154.35</ele><time>2024-09-03T18:37:13Z</time></trkpt><trkpt lat="43.39388418" lon="-5.82032391"><ele>154.42</ele><time>2024-09-03T18:37:14Z</time></trkpt><trkpt lat="43.39389991" lon="-5.82033055"><ele>154.49</ele><time>2024-09-03T18:37:15Z</time></trkpt><trkpt lat="43.39391564" lon="-5.82033718"><ele>154.56</ele><time>2024-09-03T18:37:16Z</time></trkpt><trkpt lat="43.39393136" lon="-5.82034382"><ele>154.64</ele><time>2024-09-03T18:37:17Z</time></trkpt><trkpt lat="43.39394709" lon="-5.82035045"><ele>154.71</ele><time>2024-09-03T18:37:18Z</time></trkpt><trkpt lat="43.39396282" lon="-5.82035709"><ele>154.78</ele><time>2024-09-03T18:37:19Z</time></trkpt><trkpt lat="43.39397855" lon="-5.82036373"><ele>154.85</ele><time>2024-09-03T18:37:20Z</time></trkpt><trkpt lat="43.39399447" lon="-5.82037029"><ele>154.93</ele><time>2024-09-03T18:37:21Z</time></trkpt><trkpt lat="43.39401079" lon="-5.82037672"><ele>155.01</ele><time>2024-09-03T18:37:22Z</time></trkpt><trkpt lat="43.39402766" lon="-5.82038259"><ele>155.09</ele><time>2024-09-03T18:37:23Z</time></trkpt><trkpt lat="43.39404486" lon="-5.82038763"><ele>155.16</ele><time>2024-09-03T18:37:24Z</time></trkpt><trkpt lat="43.39406215" lon="-5.82039157"><ele>155.21</ele><time>2024-09-03T18:37:25Z</time></trkpt><trkpt lat="43.39407936" lon="-5.82039482"><ele>155.24</ele><time>2024-09-03T18:37:26Z</time></trkpt><trkpt lat="43.39409655" lon="-5.82039773"><ele>155.25</ele><time>2024-09-03T18:37:27Z</time></trkpt><trkpt lat="43.39411373" lon="-5.82040064"><ele>155.27</ele><time>2024-09-03T18:37:28Z</time></trkpt><trkpt lat="43.39413091" lon="-5.82040355"><ele>155.29</ele><time>2024-09-03T18:37:29Z</time></trkpt><trkpt lat="43.39414809" lon="-5.82040645"><ele>155.31</ele><time>2024-09-03T18:37:30Z</time></trkpt><trkpt lat="43.39416527" lon="-5.82040936"><ele>155.33</ele><time>2024-09-03T18:37:31Z</time></trkpt><trkpt lat="43.39418245" lon="-5.82041227"><ele>155.35</ele><time>2024-09-03T18:37:32Z</time></trkpt><trkpt lat="43.39419964" lon="-5.82041518"><ele>155.36</ele><time>2024-09-03T18:37:33Z</time></trkpt><trkpt lat="43.39421685" lon="-5.82041777"><ele>155.37</ele><time>2024-09-03T18:37:34Z</time></trkpt><trkpt lat="43.39423414" lon="-5.82041971"><ele>155.35</ele><time>2024-09-03T18:37:35Z</time></trkpt><trkpt lat="43.39425148" lon="-5.82042083"><ele>155.29</ele><time>2024-09-03T18:37:36Z</time></trkpt><trkpt lat="43.39426878" lon="-5.82042161"><ele>155.20</ele><time>2024-09-03T18:37:37Z</time></trkpt><trkpt lat="43.39428594" lon="-5.82042252"><ele>155.09</ele><time>2024-09-03T18:37:38Z</time></trkpt><trkpt lat="43.39430300" lon="-5.82042373"><ele>154.98</ele><time>2024-09-03T18:37:39Z</time></trkpt><trkpt lat="43.39432000" lon="-5.82042509"><ele>154.87</ele><time>2024-09-03T18:37:40Z</time></trkpt><trkpt lat="43.39433700" lon="-5.82042645"><ele>154.76</ele><time>2024-09-03T18:37:41Z</time></trkpt><trkpt lat="43.39435400" lon="-5.82042782"><ele>154.65</ele><time>2024-09-03T18:37:42Z</time></trkpt><trkpt lat="43.39437100" lon="-5.82042918"><ele>154.55</ele><time>2024-09-03T18:37:43Z</time></trkpt><trkpt lat="43.39438800" lon="-5.82043055"><ele>154.44</ele><time>2024-09-03T18:37:44Z</time></trkpt><trkpt lat="43.39440500" lon="-5.82043191"><ele>154.33</ele><time>2024-09-03T18:37:45Z</time></trkpt><trkpt lat="43.39442200" lon="-5.82043327"><ele>154.22</ele><time>2024-09-03T18:37:46Z</time></trkpt><trkpt lat="43.39443900" lon="-5.82043493"><ele>154.12</ele><time>2024-09-03T18:37:47Z</time></trkpt><trkpt lat="43.39445600" lon="-5.82043693"><ele>154.03</ele><time>2024-09-03T18:37:48Z</time></trkpt><trkpt lat="43.39447300" lon="-5.82043932"><ele>153.93</ele><time>2024-09-03T18:37:49Z</time></trkpt><trkpt lat="43.39449000" lon="-5.82044158"><ele>153.80</ele><time>2024-09-03T18:37:50Z</time></trkpt><trkpt lat="43.39450700" lon="-5.82044364"><ele>153.64</ele><time>2024-09-03T18:37:51Z</time></trkpt><trkpt lat="43.39452400" lon="-5.82044545"><ele>153.45</ele><time>2024-09-03T18:37:52Z</time></trkpt><trkpt lat="43.39454100" lon="-5.82044727"><ele>153.27</ele><time>2024-09-03T18:37:53Z</time></trkpt><trkpt lat="43.39455800" lon="-5.82044909"><ele>153.09</ele><time>2024-09-03T18:37:54Z</time></trkpt><trkpt lat="43.39457500" lon="-5.82045091"><ele>152.91</ele><time>2024-09-03T18:37:55Z</time></trkpt><trkpt lat="43.39459200" lon="-5.82045273"><ele>152.73</ele><time>2024-09-03T18:37:56Z</time></trkpt><trkpt lat="43.39460900" lon="-5.82045455"><ele>152.55</ele><time>2024-09-03T18:37:57Z</time></trkpt><trkpt lat="43.39462600" lon="-5.82045636"><ele>152.36</ele><time>2024-09-03T18:37:58Z</time></trkpt><trkpt lat="43.39464297" lon="-5.82045825"><ele>152.20</ele><time>2024-09-03T18:37:59Z</time></trkpt><trkpt lat="43.39465987" lon="-5.82046026"><ele>152.07</ele><time>2024-09-03T18:38:00Z</time></trkpt><trkpt lat="43.39467667" lon="-5.82046246"><ele>152.00</ele><time>2024-09-03T18:38:01Z</time></trkpt><trkpt lat="43.39469340" lon="-5.82046480"><ele>151.96</ele><time>2024-09-03T18:38:02Z</time></trkpt><trkpt lat="43.39471010" lon="-5.82046720"><ele>151.94</ele><time>2024-09-03T18:38:03Z</time></trkpt><trkpt lat="43.39472680" lon="-5.82046960"><ele>151.92</ele><time>2024-09-03T18:38:04Z</time></trkpt><trkpt lat="43.39474350" lon="-5.82047200"><ele>151.90</ele><time>2024-09-03T18:38:05Z</time></trkpt><trkpt lat="43.39476020" lon="-5.82047440"><ele>151.88</ele><time>2024-09-03T18:38:06Z</time></trkpt><trkpt lat="43.39477690" lon="-5.82047680"><ele>151.86</ele><time>2024-09-03T18:38:07Z</time></trkpt><trkpt lat="43.39479360" lon="-5.82047920"><ele>151.84</ele><time>2024-09-03T18:38:08Z</time></trkpt><trkpt lat="43.39481017" lon="-5.82048139"><ele>151.82</ele><time>2024-09-03T18:38:09Z</time></trkpt><trkpt lat="43.39482649" lon="-5.82048318"><ele>151.81</ele><time>2024-09-03T18:38:10Z</time></trkpt><trkpt lat="43.39484242" lon="-5.82048434"><ele>151.80</ele><time>2024-09-03T18:38:11Z</time></trkpt><trkpt lat="43.39485809" lon="-5.82048509"><ele>151.80</ele><time>2024-09-03T18:38:12Z</time></trkpt><trkpt lat="43.39487364" lon="-5.82048564"><ele>151.80</ele><time>2024-09-03T18:38:13Z</time></trkpt><trkpt lat="43.39488918" lon="-5.82048618"><ele>151.80</ele><time>2024-09-03T18:38:14Z</time></trkpt><trkpt lat="43.39490473" lon="-5.82048673"><ele>151.80</ele><time>2024-09-03T18:38:15Z</time></trkpt><trkpt lat="43.39492027" lon="-5.82048727"><ele>151.80</ele><time>2024-09-03T18:38:16Z</time></trkpt><trkpt lat="43.39493582" lon="-5.82048782"><ele>151.80</ele><time>2024-09-03T18:38:17Z</time></trkpt><trkpt lat="43.39495136" lon="-5.82048836"><ele>151.80</ele><time>2024-09-03T18:38:18Z</time></trkpt><trkpt lat="43.39496691" lon="-5.82048891"><ele>151.80</ele><time>2024-09-03T18:38:19Z</time></trkpt><trkpt lat="43.39498248" lon="-5.82048959"><ele>151.82</ele><time>2024-09-03T18:38:20Z</time></trkpt><trkpt lat="43.39499809" lon="-5.82049054"><ele>151.87</ele><time>2024-09-03T18:38:21Z</time></trkpt><trkpt lat="43.39501377" lon="-5.82049188"><ele>151.97</ele><time>2024-09-03T18:38:22Z</time></trkpt><trkpt lat="43.39502950" lon="-5.82049350"><ele>152.10</ele><time>2024-09-03T18:38:23Z</time></trkpt><trkpt lat="43.39504525" lon="-5.82049525"><ele>152.25</ele><time>2024-09-03T18:38:24Z</time></trkpt><trkpt lat="43.39506100" lon="-5.82049700"><ele>152.40</ele><time>2024-09-03T18:38:25Z</time></trkpt><trkpt lat="43.39507675" lon="-5.82049875"><ele>152.55</ele><time>2024-09-03T18:38:26Z</time></trkpt><trkpt lat="43.39509250" lon="-5.82050050"><ele>152.70</ele><time>2024-09-03T18:38:27Z</time></trkpt><trkpt lat="43.39510825" lon="-5.82050225"><ele>152.85</ele><time>2024-09-03T18:38:28Z</time></trkpt><trkpt lat="43.39512400" lon="-5.82050400"><ele>153.00</ele><time>2024-09-03T18:38:29Z</time></trkpt><trkpt lat="43.39513975" lon="-5.82050575"><ele>153.15</ele><time>2024-09-03T18:38:30Z</time></trkpt><trkpt lat="43.39515550" lon="-5.82050750"><ele>153.30</ele><time>2024-09-03T18:38:31Z</time></trkpt><trkpt lat="43.39517120" lon="-5.82050944"><ele>153.44</ele><time>2024-09-03T18:38:32Z</time></trkpt><trkpt lat="43.39518681" lon="-5.82051174"><ele>153.54</ele><time>2024-09-03T18:38:33Z</time></trkpt><trkpt lat="43.39520229" lon="-5.82051460"><ele>153.60</ele><time>2024-09-03T18:38:34Z</time></trkpt><trkpt lat="43.39521767" lon="-5.82051783"><ele>153.63</ele><time>2024-09-03T18:38:35Z</time></trkpt><trkpt lat="43.39523300" lon="-5.82052125"><ele>153.65</ele><time>2024-09-03T18:38:36Z</time></trkpt><trkpt lat="43.39524833" lon="-5.82052467"><ele>153.67</ele><time>2024-09-03T18:38:37Z</time></trkpt><trkpt lat="43.39526367" lon="-5.82052808"><ele>153.68</ele><time>2024-09-03T18:38:38Z</time></trkpt><trkpt lat="43.39527900" lon="-5.82053150"><ele>153.70</ele><time>2024-09-03T18:38:39Z</time></trkpt><trkpt lat="43.39529433" lon="-5.82053492"><ele>153.72</ele><time>2024-09-03T18:38:40Z</time></trkpt><trkpt lat="43.39530967" lon="-5.82053833"><ele>153.73</ele><time>2024-09-03T18:38:41Z</time></trkpt><trkpt lat="43.39532500" lon="-5.82054175"><ele>153.75</ele><time>2024-09-03T18:38:42Z</time></trkpt><trkpt lat="43.39534033" lon="-5.82054517"><ele>153.77</ele><time>2024-09-03T18:38:43Z</time></trkpt><trkpt lat="43.39535571" lon="-5.82054834"><ele>153.79</ele><time>2024-09-03T18:38:44Z</time></trkpt><trkpt lat="43.39537119" lon="-5.82055104"><ele>153.81</ele><time>2024-09-03T18:38:45Z</time></trkpt><trkpt lat="43.39538680" lon="-5.82055301"><ele>153.85</ele><time>2024-09-03T18:38:46Z</time></trkpt><trkpt lat="43.39540250" lon="-5.82055450"><ele>153.90</ele><time>2024-09-03T18:38:47Z</time></trkpt><trkpt lat="43.39541825" lon="-5.82055575"><ele>153.95</ele><time>2024-09-03T18:38:48Z</time></trkpt><trkpt lat="43.39543400" lon="-5.82055700"><ele>154.00</ele><time>2024-09-03T18:38:49Z</time></trkpt><trkpt lat="43.39544975" lon="-5.82055825"><ele>154.05</ele><time>2024-09-03T18:38:50Z</time></trkpt><trkpt lat="43.39546550" lon="-5.82055950"><ele>154.10</ele><time>2024-09-03T18:38:51Z</time></trkpt><trkpt lat="43.39548125" lon="-5.82056075"><ele>154.15</ele><time>2024-09-03T18:38:52Z</time></trkpt><trkpt lat="43.39549700" lon="-5.82056200"><ele>154.20</ele><time>2024-09-03T18:38:53Z</time></trkpt><trkpt lat="43.39551275" lon="-5.82056325"><ele>154.25</ele><time>2024-09-03T18:38:54Z</time></trkpt><trkpt lat="43.39552850" lon="-5.82056450"><ele>154.30</ele><time>2024-09-03T18:38:55Z</time></trkpt><trkpt lat="43.39554420" lon="-5.82056594"><ele>154.34</ele><time>2024-09-03T18:38:56Z</time></trkpt><trkpt lat="43.39555981" lon="-5.82056778"><ele>154.35</ele><time>2024-09-03T18:38:57Z</time></trkpt><trkpt lat="43.39557529" lon="-5.82057019"><ele>154.32</ele><time>2024-09-03T18:38:58Z</time></trkpt><trkpt lat="43.39559077" lon="-5.82057276"><ele>154.26</ele><time>2024-09-03T18:38:59Z</time></trkpt><trkpt lat="43.39560641" lon="-5.82057504"><ele>154.18</ele><time>2024-09-03T18:39:00Z</time></trkpt><trkpt lat="43.39562235" lon="-5.82057659"><ele>154.08</ele><time>2024-09-03T18:39:01Z</time></trkpt><trkpt lat="43.39563850" lon="-5.82057767"><ele>153.97</ele><time>2024-09-03T18:39:02Z</time></trkpt><trkpt lat="43.39565475" lon="-5.82057850"><ele>153.85</ele><time>2024-09-03T18:39:03Z</time></trkpt><trkpt lat="43.39567100" lon="-5.82057933"><ele>153.73</ele><time>2024-09-03T18:39:04Z</time></trkpt><trkpt lat="43.39568725" lon="-5.82058017"><ele>153.62</ele><time>2024-09-03T18:39:05Z</time></trkpt><trkpt lat="43.39570350" lon="-5.82058100"><ele>153.50</ele><time>2024-09-03T18:39:06Z</time></trkpt><trkpt lat="43.39571975" lon="-5.82058183"><ele>153.38</ele><time>2024-09-03T18:39:07Z</time></trkpt><trkpt lat="43.39573600" lon="-5.82058267"><ele>153.27</ele><time>2024-09-03T18:39:08Z</time></trkpt><trkpt lat="43.39575225" lon="-5.82058350"><ele>153.15</ele><time>2024-09-03T18:39:09Z</time></trkpt><trkpt lat="43.39576850" lon="-5.82058433"><ele>153.03</ele><time>2024-09-03T18:39:10Z</time></trkpt><trkpt lat="43.39578478" lon="-5.82058519"><ele>152.93</ele><time>2024-09-03T18:39:11Z</time></trkpt><trkpt lat="43.39580111" lon="-5.82058607"><ele>152.85</ele><time>2024-09-03T18:39:12Z</time></trkpt><trkpt lat="43.39581758" lon="-5.82058707"><ele>152.81</ele><time>2024-09-03T18:39:13Z</time></trkpt><trkpt lat="43.39583422" lon="-5.82058820"><ele>152.80</ele><time>2024-09-03T18:39:14Z</time></trkpt><trkpt lat="43.39585106" lon="-5.82058951"><ele>152.80</ele><time>2024-09-03T18:39:15Z</time></trkpt><trkpt lat="43.39586800" lon="-5.82059091"><ele>152.80</ele><time>2024-09-03T18:39:16Z</time></trkpt><trkpt lat="43.39588500" lon="-5.82059236"><ele>152.80</ele><time>2024-09-03T18:39:17Z</time></trkpt><trkpt lat="43.39590200" lon="-5.82059382"><ele>152.80</ele><time>2024-09-03T18:39:18Z</time></trkpt><trkpt lat="43.39591900" lon="-5.82059527"><ele>152.80</ele><time>2024-09-03T18:39:19Z</time></trkpt><trkpt lat="43.39593600" lon="-5.82059673"><ele>152.80</ele><time>2024-09-03T18:39:20Z</time></trkpt><trkpt lat="43.39595300" lon="-5.82059818"><ele>152.80</ele><time>2024-09-03T18:39:21Z</time></trkpt><trkpt lat="43.39597000" lon="-5.82059964"><ele>152.80</ele><time>2024-09-03T18:39:22Z</time></trkpt><trkpt lat="43.39598700" lon="-5.82060109"><ele>152.80</ele><time>2024-09-03T18:39:23Z</time></trkpt><trkpt lat="43.39600398" lon="-5.82060239"><ele>152.81</ele><time>2024-09-03T18:39:24Z</time></trkpt><trkpt lat="43.39602092" lon="-5.82060339"><ele>152.82</ele><time>2024-09-03T18:39:25Z</time></trkpt><trkpt lat="43.39603780" lon="-5.82060394"><ele>152.86</ele><time>2024-09-03T18:39:26Z</time></trkpt><trkpt lat="43.39605464" lon="-5.82060418"><ele>152.91</ele><time>2024-09-03T18:39:27Z</time></trkpt><trkpt lat="43.39607145" lon="-5.82060427"><ele>152.96</ele><time>2024-09-03T18:39:28Z</time></trkpt><trkpt lat="43.39608827" lon="-5.82060436"><ele>153.02</ele><time>2024-09-03T18:39:29Z</time></trkpt><trkpt lat="43.39610509" lon="-5.82060445"><ele>153.07</ele><time>2024-09-03T18:39:30Z</time></trkpt><trkpt lat="43.39612191" lon="-5.82060455"><ele>153.13</ele><time>2024-09-03T18:39:31Z</time></trkpt><trkpt lat="43.39613873" lon="-5.82060464"><ele>153.18</ele><time>2024-09-03T18:39:32Z</time></trkpt><trkpt lat="43.39615555" lon="-5.82060473"><ele>153.24</ele><time>2024-09-03T18:39:33Z</time></trkpt><trkpt lat="43.39617236" lon="-5.82060482"><ele>153.29</ele><time>2024-09-03T18:39:34Z</time></trkpt><trkpt lat="43.39618909" lon="-5.82060512"><ele>153.34</ele><time>2024-09-03T18:39:35Z</time></trkpt><trkpt lat="43.39620564" lon="-5.82060585"><ele>153.38</ele><time>2024-09-03T18:39:36Z</time></trkpt><trkpt lat="43.39622213" lon="-5.82060732"><ele>153.42</ele><time>2024-09-03T18:39:37Z</time></trkpt><trkpt lat="43.39623881" lon="-5.82060920"><ele>153.46</ele><time>2024-09-03T18:39:38Z</time></trkpt><trkpt lat="43.39625590" lon="-5.82061114"><ele>153.53</ele><time>2024-09-03T18:39:39Z</time></trkpt><trkpt lat="43.39627319" lon="-5.82061258"><ele>153.56</ele><time>2024-09-03T18:39:40Z</time></trkpt><trkpt lat="43.39629055" lon="-5.82061364"><ele>153.56</ele><time>2024-09-03T18:39:41Z</time></trkpt><trkpt lat="43.39630782" lon="-5.82061445"><ele>153.55</ele><time>2024-09-03T18:39:42Z</time></trkpt><trkpt lat="43.39632509" lon="-5.82061527"><ele>153.53</ele><time>2024-09-03T18:39:43Z</time></trkpt><trkpt lat="43.39634236" lon="-5.82061609"><ele>153.51</ele><time>2024-09-03T18:39:44Z</time></trkpt><trkpt lat="43.39635964" lon="-5.82061691"><ele>153.49</ele><time>2024-09-03T18:39:45Z</time></trkpt><trkpt lat="43.39637691" lon="-5.82061773"><ele>153.47</ele><time>2024-09-03T18:39:46Z</time></trkpt><trkpt lat="43.39639418" lon="-5.82061855"><ele>153.45</ele><time>2024-09-03T18:39:47Z</time></trkpt><trkpt lat="43.39641145" lon="-5.82061936"><ele>153.44</ele><time>2024-09-03T18:39:48Z</time></trkpt><trkpt lat="43.39642859" lon="-5.82062020"><ele>153.42</ele><time>2024-09-03T18:39:49Z</time></trkpt><trkpt lat="43.39644547" lon="-5.82062103"><ele>153.39</ele><time>2024-09-03T18:39:50Z</time></trkpt><trkpt lat="43.39646201" lon="-5.82062180"><ele>153.34</ele><time>2024-09-03T18:39:51Z</time></trkpt><trkpt lat="43.39647837" lon="-5.82062244"><ele>153.25</ele><time>2024-09-03T18:39:52Z</time></trkpt><trkpt lat="43.39649467" lon="-5.82062300"><ele>153.13</ele><time>2024-09-03T18:39:53Z</time></trkpt><trkpt lat="43.39651100" lon="-5.82062350"><ele>153.00</ele><time>2024-09-03T18:39:54Z</time></trkpt><trkpt lat="43.39652733" lon="-5.82062400"><ele>152.87</ele><time>2024-09-03T18:39:55Z</time></trkpt><trkpt lat="43.39654365" lon="-5.82062476"><ele>152.74</ele><time>2024-09-03T18:39:56Z</time></trkpt><trkpt lat="43.39655993" lon="-5.82062604"><ele>152.61</ele><time>2024-09-03T18:39:57Z</time></trkpt><trkpt lat="43.39657615" lon="-5.82062809"><ele>152.50</ele><time>2024-09-03T18:39:58Z</time></trkpt><trkpt lat="43.39659233" lon="-5.82063067"><ele>152.40</ele><time>2024-09-03T18:39:59Z</time></trkpt><trkpt lat="43.39660850" lon="-5.82063350"><ele>152.30</ele><time>2024-09-03T18:40:00Z</time></trkpt><trkpt lat="43.39662467" lon="-5.82063633"><ele>152.20</ele><time>2024-09-03T18:40:01Z</time></trkpt><trkpt lat="43.39664087" lon="-5.82063924"><ele>152.12</ele><time>2024-09-03T18:40:02Z</time></trkpt><trkpt lat="43.39665715" lon="-5.82064230"><ele>152.09</ele><time>2024-09-03T18:40:03Z</time></trkpt><trkpt lat="43.39667353" lon="-5.82064537"><ele>152.12</ele><time>2024-09-03T18:40:04Z</time></trkpt><trkpt lat="43.39668996" lon="-5.82064820"><ele>152.18</ele><time>2024-09-03T18:40:05Z</time></trkpt><trkpt lat="43.39670639" lon="-5.82065050"><ele>152.26</ele><time>2024-09-03T18:40:06Z</time></trkpt><trkpt lat="43.39672280" lon="-5.82065240"><ele>152.32</ele><time>2024-09-03T18:40:07Z</time></trkpt><trkpt lat="43.39673920" lon="-5.82065410"><ele>152.38</ele><time>2024-09-03T18:40:08Z</time></trkpt><trkpt lat="43.39675560" lon="-5.82065580"><ele>152.44</ele><time>2024-09-03T18:40:09Z</time></trkpt><trkpt lat="43.39677200" lon="-5.82065750"><ele>152.50</ele><time>2024-09-03T18:40:10Z</time></trkpt><trkpt lat="43.39678840" lon="-5.82065920"><ele>152.56</ele><time>2024-09-03T18:40:11Z</time></trkpt><trkpt lat="43.39680480" lon="-5.82066090"><ele>152.62</ele><time>2024-09-03T18:40:12Z</time></trkpt><trkpt lat="43.39682120" lon="-5.82066260"><ele>152.68</ele><time>2024-09-03T18:40:13Z</time></trkpt><trkpt lat="43.39683772" lon="-5.82066456"><ele>152.74</ele><time>2024-09-03T18:40:14Z</time></trkpt><trkpt lat="43.39685449" lon="-5.82066702"><ele>152.82</ele><time>2024-09-03T18:40:15Z</time></trkpt><trkpt lat="43.39687148" lon="-5.82066970"><ele>152.90</ele><time>2024-09-03T18:40:16Z</time></trkpt><trkpt lat="43.39688844" lon="-5.82067178"><ele>152.98</ele><time>2024-09-03T18:40:17Z</time></trkpt><trkpt lat="43.39690511" lon="-5.82067244"><ele>153.04</ele><time>2024-09-03T18:40:18Z</time></trkpt><trkpt lat="43.39692150" lon="-5.82067200"><ele>153.10</ele><time>2024-09-03T18:40:19Z</time></trkpt><trkpt lat="43.39693783" lon="-5.82067142"><ele>153.15</ele><time>2024-09-03T18:40:20Z</time></trkpt><trkpt lat="43.39695433" lon="-5.82067169"><ele>153.20</ele><time>2024-09-03T18:40:21Z</time></trkpt><trkpt lat="43.39697108" lon="-5.82067322"><ele>153.24</ele><time>2024-09-03T18:40:22Z</time></trkpt><trkpt lat="43.39698800" lon="-5.82067560"><ele>153.28</ele><time>2024-09-03T18:40:23Z</time></trkpt><trkpt lat="43.39700500" lon="-5.82067840"><ele>153.32</ele><time>2024-09-03T18:40:24Z</time></trkpt><trkpt lat="43.39702198" lon="-5.82068093"><ele>153.36</ele><time>2024-09-03T18:40:25Z</time></trkpt><trkpt lat="43.39703892" lon="-5.82068292"><ele>153.41</ele><time>2024-09-03T18:40:26Z</time></trkpt><trkpt lat="43.39705580" lon="-5.82068409"><ele>153.48</ele><time>2024-09-03T18:40:27Z</time></trkpt><trkpt lat="43.39707264" lon="-5.82068473"><ele>153.55</ele><time>2024-09-03T18:40:28Z</time></trkpt><trkpt lat="43.39708945" lon="-5.82068509"><ele>153.62</ele><time>2024-09-03T18:40:29Z</time></trkpt><trkpt lat="43.39710627" lon="-5.82068545"><ele>153.69</ele><time>2024-09-03T18:40:30Z</time></trkpt><trkpt lat="43.39712309" lon="-5.82068582"><ele>153.76</ele><time>2024-09-03T18:40:31Z</time></trkpt><trkpt lat="43.39713991" lon="-5.82068618"><ele>153.84</ele><time>2024-09-03T18:40:32Z</time></trkpt><trkpt lat="43.39715673" lon="-5.82068655"><ele>153.91</ele><time>2024-09-03T18:40:33Z</time></trkpt><trkpt lat="43.39717355" lon="-5.82068691"><ele>153.98</ele><time>2024-09-03T18:40:34Z</time></trkpt><trkpt lat="43.39719036" lon="-5.82068727"><ele>154.05</ele><time>2024-09-03T18:40:35Z</time></trkpt><trkpt lat="43.39720729" lon="-5.82068771"><ele>154.12</ele><time>2024-09-03T18:40:36Z</time></trkpt><trkpt lat="43.39722441" lon="-5.82068828"><ele>154.17</ele><time>2024-09-03T18:40:37Z</time></trkpt><trkpt lat="43.39724185" lon="-5.82068907"><ele>154.19</ele><time>2024-09-03T18:40:38Z</time></trkpt><trkpt lat="43.39725950" lon="-5.82069000"><ele>154.20</ele><time>2024-09-03T18:40:39Z</time></trkpt><trkpt lat="43.39727713" lon="-5.82069116"><ele>154.20</ele><time>2024-09-03T18:40:40Z</time></trkpt><trkpt lat="43.39729453" lon="-5.82069262"><ele>154.21</ele><time>2024-09-03T18:40:41Z</time></trkpt><trkpt lat="43.39731158" lon="-5.82069456"><ele>154.22</ele><time>2024-09-03T18:40:42Z</time></trkpt><trkpt lat="43.39732840" lon="-5.82069680"><ele>154.24</ele><time>2024-09-03T18:40:43Z</time></trkpt><trkpt lat="43.39734510" lon="-5.82069920"><ele>154.26</ele><time>2024-09-03T18:40:44Z</time></trkpt><trkpt lat="43.39736180" lon="-5.82070160"><ele>154.28</ele><time>2024-09-03T18:40:45Z</time></trkpt><trkpt lat="43.39737850" lon="-5.82070400"><ele>154.30</ele><time>2024-09-03T18:40:46Z</time></trkpt><trkpt lat="43.39739520" lon="-5.82070640"><ele>154.32</ele><time>2024-09-03T18:40:47Z</time></trkpt><trkpt lat="43.39741190" lon="-5.82070880"><ele>154.34</ele><time>2024-09-03T18:40:48Z</time></trkpt><trkpt lat="43.39742860" lon="-5.82071120"><ele>154.36</ele><time>2024-09-03T18:40:49Z</time></trkpt><trkpt lat="43.39744511" lon="-5.82071397"><ele>154.39</ele><time>2024-09-03T18:40:50Z</time></trkpt><trkpt lat="43.39746124" lon="-5.82071748"><ele>154.46</ele><time>2024-09-03T18:40:51Z</time></trkpt><trkpt lat="43.39747681" lon="-5.82072210"><ele>154.56</ele><time>2024-09-03T18:40:52Z</time></trkpt><trkpt lat="43.39749200" lon="-5.82072745"><ele>154.69</ele><time>2024-09-03T18:40:53Z</time></trkpt><trkpt lat="43.39750700" lon="-5.82073318"><ele>154.84</ele><time>2024-09-03T18:40:54Z</time></trkpt><trkpt lat="43.39752200" lon="-5.82073891"><ele>154.98</ele><time>2024-09-03T18:40:55Z</time></trkpt><trkpt lat="43.39753700" lon="-5.82074464"><ele>155.13</ele><time>2024-09-03T18:40:56Z</time></trkpt><trkpt lat="43.39755200" lon="-5.82075036"><ele>155.27</ele><time>2024-09-03T18:40:57Z</time></trkpt><trkpt lat="43.39756700" lon="-5.82075609"><ele>155.42</ele><time>2024-09-03T18:40:58Z</time></trkpt><trkpt lat="43.39758200" lon="-5.82076182"><ele>155.56</ele><time>2024-09-03T18:40:59Z</time></trkpt><trkpt lat="43.39759700" lon="-5.82076755"><ele>155.71</ele><time>2024-09-03T18:41:00Z</time></trkpt><trkpt lat="43.39761185" lon="-5.82077400"><ele>155.86</ele><time>2024-09-03T18:41:01Z</time></trkpt><trkpt lat="43.39762639" lon="-5.82078190"><ele>156.02</ele><time>2024-09-03T18:41:02Z</time></trkpt><trkpt lat="43.39764047" lon="-5.82079197"><ele>156.21</ele><time>2024-09-03T18:41:03Z</time></trkpt><trkpt lat="43.39765425" lon="-5.82080350"><ele>156.40</ele><time>2024-09-03T18:41:04Z</time></trkpt><trkpt lat="43.39766787" lon="-5.82081575"><ele>156.60</ele><time>2024-09-03T18:41:05Z</time></trkpt><trkpt lat="43.39768150" lon="-5.82082800"><ele>156.80</ele><time>2024-09-03T18:41:06Z</time></trkpt><trkpt lat="43.39769512" lon="-5.82084025"><ele>157.00</ele><time>2024-09-03T18:41:07Z</time></trkpt><trkpt lat="43.39770875" lon="-5.82085250"><ele>157.20</ele><time>2024-09-03T18:41:08Z</time></trkpt><trkpt lat="43.39772201" lon="-5.82086528"><ele>157.39</ele><time>2024-09-03T18:41:09Z</time></trkpt><trkpt lat="43.39773454" lon="-5.82087911"><ele>157.57</ele><time>2024-09-03T18:41:10Z</time></trkpt><trkpt lat="43.39774597" lon="-5.82089453"><ele>157.73</ele><time>2024-09-03T18:41:11Z</time></trkpt><trkpt lat="43.39775655" lon="-5.82091108"><ele>157.86</ele><time>2024-09-03T18:41:12Z</time></trkpt><trkpt lat="43.39776652" lon="-5.82092833"><ele>157.96</ele><time>2024-09-03T18:41:13Z</time></trkpt><trkpt lat="43.39777613" lon="-5.82094583"><ele>158.04</ele><time>2024-09-03T18:41:14Z</time></trkpt><trkpt lat="43.39778550" lon="-5.82096350"><ele>158.10</ele><time>2024-09-03T18:41:15Z</time></trkpt><trkpt lat="43.39779481" lon="-5.82098103"><ele>158.16</ele><time>2024-09-03T18:41:16Z</time></trkpt><trkpt lat="43.39780422" lon="-5.82099811"><ele>158.22</ele><time>2024-09-03T18:41:17Z</time></trkpt><trkpt lat="43.39781381" lon="-5.82101453"><ele>158.31</ele><time>2024-09-03T18:41:18Z</time></trkpt><trkpt lat="43.39782350" lon="-5.82103050"><ele>158.40</ele><time>2024-09-03T18:41:19Z</time></trkpt><trkpt lat="43.39783306" lon="-5.82104661"><ele>158.49</ele><time>2024-09-03T18:41:20Z</time></trkpt><trkpt lat="43.39784222" lon="-5.82106344"><ele>158.56</ele><time>2024-09-03T18:41:21Z</time></trkpt><trkpt lat="43.39785123" lon="-5.82108074"><ele>158.58</ele><time>2024-09-03T18:41:22Z</time></trkpt><trkpt lat="43.39786069" lon="-5.82109752"><ele>158.56</ele><time>2024-09-03T18:41:23Z</time></trkpt><trkpt lat="43.39787121" lon="-5.82111280"><ele>158.50</ele><time>2024-09-03T18:41:24Z</time></trkpt><trkpt lat="43.39788258" lon="-5.82112683"><ele>158.42</ele><time>2024-09-03T18:41:25Z</time></trkpt><trkpt lat="43.39789437" lon="-5.82114025"><ele>158.32</ele><time>2024-09-03T18:41:26Z</time></trkpt><trkpt lat="43.39790617" lon="-5.82115367"><ele>158.23</ele><time>2024-09-03T18:41:27Z</time></trkpt><trkpt lat="43.39791796" lon="-5.82116708"><ele>158.14</ele><time>2024-09-03T18:41:28Z</time></trkpt><trkpt lat="43.39792975" lon="-5.82118050"><ele>158.05</ele><time>2024-09-03T18:41:29Z</time></trkpt><trkpt lat="43.39794154" lon="-5.82119392"><ele>157.96</ele><time>2024-09-03T18:41:30Z</time></trkpt><trkpt lat="43.39795333" lon="-5.82120733"><ele>157.87</ele><time>2024-09-03T18:41:31Z</time></trkpt><trkpt lat="43.39796512" lon="-5.82122075"><ele>157.78</ele><time>2024-09-03T18:41:32Z</time></trkpt><trkpt lat="43.39797692" lon="-5.82123417"><ele>157.68</ele><time>2024-09-03T18:41:33Z</time></trkpt><trkpt lat="43.39798871" lon="-5.82124758"><ele>157.59</ele><time>2024-09-03T18:41:34Z</time></trkpt><trkpt lat="43.39800050" lon="-5.82126100"><ele>157.50</ele><time>2024-09-03T18:41:35Z</time></trkpt><trkpt lat="43.39801229" lon="-5.82127442"><ele>157.41</ele><time>2024-09-03T18:41:36Z</time></trkpt><trkpt lat="43.39802408" lon="-5.82128783"><ele>157.32</ele><time>2024-09-03T18:41:37Z</time></trkpt><trkpt lat="43.39803587" lon="-5.82130125"><ele>157.22</ele><time>2024-09-03T18:41:38Z</time></trkpt><trkpt lat="43.39804767" lon="-5.82131467"><ele>157.13</ele><time>2024-09-03T18:41:39Z</time></trkpt><trkpt lat="43.39805946" lon="-5.82132808"><ele>157.04</ele><time>2024-09-03T18:41:40Z</time></trkpt><trkpt lat="43.39807125" lon="-5.82134150"><ele>156.95</ele><time>2024-09-03T18:41:41Z</time></trkpt><trkpt lat="43.39808304" lon="-5.82135492"><ele>156.86</ele><time>2024-09-03T18:41:42Z</time></trkpt><trkpt lat="43.39809483" lon="-5.82136833"><ele>156.77</ele><time>2024-09-03T18:41:43Z</time></trkpt><trkpt lat="43.39810663" lon="-5.82138175"><ele>156.68</ele><time>2024-09-03T18:41:44Z</time></trkpt><trkpt lat="43.39811842" lon="-5.82139517"><ele>156.58</ele><time>2024-09-03T18:41:45Z</time></trkpt><trkpt lat="43.39813045" lon="-5.82140865"><ele>156.48</ele><time>2024-09-03T18:41:46Z</time></trkpt><trkpt lat="43.39814319" lon="-5.82142200"><ele>156.36</ele><time>2024-09-03T18:41:47Z</time></trkpt><trkpt lat="43.39815709" lon="-5.82143504"><ele>156.21</ele><time>2024-09-03T18:41:48Z</time></trkpt><trkpt lat="43.39817211" lon="-5.82144744"><ele>156.07</ele><time>2024-09-03T18:41:49Z</time></trkpt><trkpt lat="43.39818780" lon="-5.82145940"><ele>155.92</ele><time>2024-09-03T18:41:50Z</time></trkpt><trkpt lat="43.39820370" lon="-5.82147110"><ele>155.78</ele><time>2024-09-03T18:41:51Z</time></trkpt><trkpt lat="43.39821960" lon="-5.82148280"><ele>155.64</ele><time>2024-09-03T18:41:52Z</time></trkpt><trkpt lat="43.39823550" lon="-5.82149450"><ele>155.50</ele><time>2024-09-03T18:41:53Z</time></trkpt><trkpt lat="43.39825140" lon="-5.82150620"><ele>155.36</ele><time>2024-09-03T18:41:54Z</time></trkpt><trkpt lat="43.39826730" lon="-5.82151790"><ele>155.22</ele><time>2024-09-03T18:41:55Z</time></trkpt><trkpt lat="43.39828320" lon="-5.82152960"><ele>155.08</ele><time>2024-09-03T18:41:56Z</time></trkpt><trkpt lat="43.39829889" lon="-5.82154078"><ele>154.96</ele><time>2024-09-03T18:41:57Z</time></trkpt><trkpt lat="43.39831382" lon="-5.82155124"><ele>154.84</ele><time>2024-09-03T18:41:58Z</time></trkpt><trkpt lat="43.39832782" lon="-5.82156039"><ele>154.75</ele><time>2024-09-03T18:41:59Z</time></trkpt><trkpt lat="43.39834111" lon="-5.82156867"><ele>154.66</ele><time>2024-09-03T18:42:00Z</time></trkpt><trkpt lat="43.39835461" lon="-5.82157583"><ele>154.59</ele><time>2024-09-03T18:42:01Z</time></trkpt><trkpt lat="43.39836850" lon="-5.82158250"><ele>154.55</ele><time>2024-09-03T18:42:02Z</time></trkpt><trkpt lat="43.39838275" lon="-5.82158875"><ele>154.52</ele><time>2024-09-03T18:42:03Z</time></trkpt><trkpt lat="43.39839700" lon="-5.82159500"><ele>154.50</ele><time>2024-09-03T18:42:04Z</time></trkpt><trkpt lat="43.39841125" lon="-5.82160125"><ele>154.47</ele><time>2024-09-03T18:42:05Z</time></trkpt><trkpt lat="43.39842550" lon="-5.82160750"><ele>154.45</ele><time>2024-09-03T18:42:06Z</time></trkpt><trkpt lat="43.39843991" lon="-5.82161275"><ele>154.43</ele><time>2024-09-03T18:42:07Z</time></trkpt><trkpt lat="43.39845465" lon="-5.82161602"><ele>154.42</ele><time>2024-09-03T18:42:08Z</time></trkpt><trkpt lat="43.39846988" lon="-5.82161629"><ele>154.43</ele><time>2024-09-03T18:42:09Z</time></trkpt><trkpt lat="43.39848543" lon="-5.82161457"><ele>154.46</ele><time>2024-09-03T18:42:10Z</time></trkpt><trkpt lat="43.39850114" lon="-5.82161186"><ele>154.49</ele><time>2024-09-03T18:42:11Z</time></trkpt><trkpt lat="43.39851686" lon="-5.82160914"><ele>154.51</ele><time>2024-09-03T18:42:12Z</time></trkpt><trkpt lat="43.39853257" lon="-5.82160643"><ele>154.54</ele><time>2024-09-03T18:42:13Z</time></trkpt><trkpt lat="43.39854787" lon="-5.82160335"><ele>154.57</ele><time>2024-09-03T18:42:14Z</time></trkpt><trkpt lat="43.39856235" lon="-5.82159954"><ele>154.59</ele><time>2024-09-03T18:42:15Z</time></trkpt><trkpt lat="43.39857559" lon="-5.82159463"><ele>154.60</ele><time>2024-09-03T18:42:16Z</time></trkpt><trkpt lat="43.39858828" lon="-5.82158989"><ele>154.60</ele><time>2024-09-03T18:42:17Z</time></trkpt><trkpt lat="43.39860111" lon="-5.82158656"><ele>154.60</ele><time>2024-09-03T18:42:18Z</time></trkpt><trkpt lat="43.39861454" lon="-5.82158627"><ele>154.60</ele><time>2024-09-03T18:42:19Z</time></trkpt><trkpt lat="43.39862807" lon="-5.82158851"><ele>154.60</ele><time>2024-09-03T18:42:20Z</time></trkpt><trkpt lat="43.39864117" lon="-5.82159278"><ele>154.60</ele><time>2024-09-03T18:42:21Z</time></trkpt><trkpt lat="43.39865380" lon="-5.82159780"><ele>154.60</ele><time>2024-09-03T18:42:22Z</time></trkpt><trkpt lat="43.39866620" lon="-5.82160320"><ele>154.60</ele><time>2024-09-03T18:42:23Z</time></trkpt><trkpt lat="43.39867878" lon="-5.82160833"><ele>154.60</ele><time>2024-09-03T18:42:24Z</time></trkpt><trkpt lat="43.39869193" lon="-5.82161282"><ele>154.59</ele><time>2024-09-03T18:42:25Z</time></trkpt><trkpt lat="43.39870607" lon="-5.82161629"><ele>154.56</ele><time>2024-09-03T18:42:26Z</time></trkpt><trkpt lat="43.39872104" lon="-5.82161874"><ele>154.50</ele><time>2024-09-03T18:42:27Z</time></trkpt><trkpt lat="43.39873626" lon="-5.82162041"><ele>154.44</ele><time>2024-09-03T18:42:28Z</time></trkpt><trkpt lat="43.39875115" lon="-5.82162152"><ele>154.41</ele><time>2024-09-03T18:42:29Z</time></trkpt><trkpt lat="43.39876599" lon="-5.82162243"><ele>154.40</ele><time>2024-09-03T18:42:30Z</time></trkpt><trkpt lat="43.39878131" lon="-5.82162340"><ele>154.39</ele><time>2024-09-03T18:42:31Z</time></trkpt><trkpt lat="43.39879761" lon="-5.82162467"><ele>154.37</ele><time>2024-09-03T18:42:32Z</time></trkpt><trkpt lat="43.39881457" lon="-5.82162614"><ele>154.34</ele><time>2024-09-03T18:42:33Z</time></trkpt><trkpt lat="43.39883186" lon="-5.82162771"><ele>154.31</ele><time>2024-09-03T18:42:34Z</time></trkpt><trkpt lat="43.39884914" lon="-5.82162929"><ele>154.29</ele><time>2024-09-03T18:42:35Z</time></trkpt><trkpt lat="43.39886643" lon="-5.82163086"><ele>154.26</ele><time>2024-09-03T18:42:36Z</time></trkpt><trkpt lat="43.39888375" lon="-5.82163241"><ele>154.22</ele><time>2024-09-03T18:42:37Z</time></trkpt><trkpt lat="43.39890116" lon="-5.82163391"><ele>154.17</ele><time>2024-09-03T18:42:38Z</time></trkpt><trkpt lat="43.39891868" lon="-5.82163534"><ele>154.10</ele><time>2024-09-03T18:42:39Z</time></trkpt><trkpt lat="43.39893627" lon="-5.82163673"><ele>154.02</ele><time>2024-09-03T18:42:40Z</time></trkpt><trkpt lat="43.39895391" lon="-5.82163809"><ele>153.93</ele><time>2024-09-03T18:42:41Z</time></trkpt><trkpt lat="43.39897155" lon="-5.82163945"><ele>153.84</ele><time>2024-09-03T18:42:42Z</time></trkpt><trkpt lat="43.39898918" lon="-5.82164082"><ele>153.75</ele><time>2024-09-03T18:42:43Z</time></trkpt><trkpt lat="43.39900682" lon="-5.82164218"><ele>153.65</ele><time>2024-09-03T18:42:44Z</time></trkpt><trkpt lat="43.39902445" lon="-5.82164355"><ele>153.56</ele><time>2024-09-03T18:42:45Z</time></trkpt><trkpt lat="43.39904209" lon="-5.82164491"><ele>153.47</ele><time>2024-09-03T18:42:46Z</time></trkpt><trkpt lat="43.39905973" lon="-5.82164627"><ele>153.38</ele><time>2024-09-03T18:42:47Z</time></trkpt><trkpt lat="43.39907731" lon="-5.82164770"><ele>153.30</ele><time>2024-09-03T18:42:48Z</time></trkpt><trkpt lat="43.39909480" lon="-5.82164924"><ele>153.23</ele><time>2024-09-03T18:42:49Z</time></trkpt><trkpt lat="43.39911213" lon="-5.82165097"><ele>153.19</ele><time>2024-09-03T18:42:50Z</time></trkpt><trkpt lat="43.39912936" lon="-5.82165282"><ele>153.16</ele><time>2024-09-03T18:42:51Z</time></trkpt><trkpt lat="43.39914655" lon="-5.82165473"><ele>153.15</ele><time>2024-09-03T18:42:52Z</time></trkpt><trkpt lat="43.39916373" lon="-5.82165664"><ele>153.13</ele><time>2024-09-03T18:42:53Z</time></trkpt><trkpt lat="43.39918091" lon="-5.82165855"><ele>153.11</ele><time>2024-09-03T18:42:54Z</time></trkpt><trkpt lat="43.39919809" lon="-5.82166045"><ele>153.09</ele><time>2024-09-03T18:42:55Z</time></trkpt><trkpt lat="43.39921527" lon="-5.82166236"><ele>153.07</ele><time>2024-09-03T18:42:56Z</time></trkpt><trkpt lat="43.39923245" lon="-5.82166427"><ele>153.05</ele><time>2024-09-03T18:42:57Z</time></trkpt><trkpt lat="43.39924964" lon="-5.82166618"><ele>153.04</ele><time>2024-09-03T18:42:58Z</time></trkpt><trkpt lat="43.39926669" lon="-5.82166788"><ele>153.02</ele><time>2024-09-03T18:42:59Z</time></trkpt><trkpt lat="43.39928359" lon="-5.82166934"><ele>153.01</ele><time>2024-09-03T18:43:00Z</time></trkpt><trkpt lat="43.39930031" lon="-5.82167056"><ele>153.01</ele><time>2024-09-03T18:43:01Z</time></trkpt><trkpt lat="43.39931711" lon="-5.82167192"><ele>153.02</ele><time>2024-09-03T18:43:02Z</time></trkpt><trkpt lat="43.39933400" lon="-5.82167345"><ele>153.04</ele><time>2024-09-03T18:43:03Z</time></trkpt><trkpt lat="43.39935100" lon="-5.82167518"><ele>153.05</ele><time>2024-09-03T18:43:04Z</time></trkpt><trkpt lat="43.39936800" lon="-5.82167691"><ele>153.07</ele><time>2024-09-03T18:43:05Z</time></trkpt><trkpt lat="43.39938500" lon="-5.82167864"><ele>153.09</ele><time>2024-09-03T18:43:06Z</time></trkpt><trkpt lat="43.39940200" lon="-5.82168036"><ele>153.11</ele><time>2024-09-03T18:43:07Z</time></trkpt><trkpt lat="43.39941900" lon="-5.82168209"><ele>153.13</ele><time>2024-09-03T18:43:08Z</time></trkpt><trkpt lat="43.39943600" lon="-5.82168382"><ele>153.15</ele><time>2024-09-03T18:43:09Z</time></trkpt><trkpt lat="43.39945300" lon="-5.82168555"><ele>153.16</ele><time>2024-09-03T18:43:10Z</time></trkpt><trkpt lat="43.39947007" lon="-5.82168719"><ele>153.18</ele><time>2024-09-03T18:43:11Z</time></trkpt><trkpt lat="43.39948730" lon="-5.82168868"><ele>153.19</ele><time>2024-09-03T18:43:12Z</time></trkpt><trkpt lat="43.39950474" lon="-5.82168992"><ele>153.20</ele><time>2024-09-03T18:43:13Z</time></trkpt><trkpt lat="43.39952248" lon="-5.82169111"><ele>153.20</ele><time>2024-09-03T18:43:14Z</time></trkpt><trkpt lat="43.39954048" lon="-5.82169256"><ele>153.20</ele><time>2024-09-03T18:43:15Z</time></trkpt><trkpt lat="43.39955861" lon="-5.82169486"><ele>153.20</ele><time>2024-09-03T18:43:16Z</time></trkpt><trkpt lat="43.39957653" lon="-5.82169831"><ele>153.19</ele><time>2024-09-03T18:43:17Z</time></trkpt><trkpt lat="43.39959411" lon="-5.82170300"><ele>153.18</ele><time>2024-09-03T18:43:18Z</time></trkpt><trkpt lat="43.39961140" lon="-5.82170840"><ele>153.16</ele><time>2024-09-03T18:43:19Z</time></trkpt><trkpt lat="43.39962860" lon="-5.82171410"><ele>153.14</ele><time>2024-09-03T18:43:20Z</time></trkpt><trkpt lat="43.39964580" lon="-5.82171980"><ele>153.12</ele><time>2024-09-03T18:43:21Z</time></trkpt><trkpt lat="43.39966300" lon="-5.82172550"><ele>153.10</ele><time>2024-09-03T18:43:22Z</time></trkpt><trkpt lat="43.39968020" lon="-5.82173120"><ele>153.08</ele><time>2024-09-03T18:43:23Z</time></trkpt><trkpt lat="43.39969740" lon="-5.82173690"><ele>153.06</ele><time>2024-09-03T18:43:24Z</time></trkpt><trkpt lat="43.39971460" lon="-5.82174260"><ele>153.04</ele><time>2024-09-03T18:43:25Z</time></trkpt><trkpt lat="43.39973150" lon="-5.82174931"><ele>153.03</ele><time>2024-09-03T18:43:26Z</time></trkpt><trkpt lat="43.39974780" lon="-5.82175802"><ele>153.03</ele><time>2024-09-03T18:43:27Z</time></trkpt><trkpt lat="43.39976320" lon="-5.82176976"><ele>153.06</ele><time>2024-09-03T18:43:28Z</time></trkpt><trkpt lat="43.39977800" lon="-5.82178350"><ele>153.10</ele><time>2024-09-03T18:43:29Z</time></trkpt><trkpt lat="43.39979211" lon="-5.82179856"><ele>153.16</ele><time>2024-09-03T18:43:30Z</time></trkpt><trkpt lat="43.39980544" lon="-5.82181422"><ele>153.22</ele><time>2024-09-03T18:43:31Z</time></trkpt><trkpt lat="43.39981783" lon="-5.82183108"><ele>153.29</ele><time>2024-09-03T18:43:32Z</time></trkpt><trkpt lat="43.39982911" lon="-5.82184948"><ele>153.36</ele><time>2024-09-03T18:43:33Z</time></trkpt><trkpt lat="43.39983911" lon="-5.82186976"><ele>153.39</ele><time>2024-09-03T18:43:34Z</time></trkpt><trkpt lat="43.39984722" lon="-5.82189170"><ele>153.40</ele><time>2024-09-03T18:43:35Z</time></trkpt><trkpt lat="43.39985400" lon="-5.82191467"><ele>153.40</ele><time>2024-09-03T18:43:36Z</time></trkpt><trkpt lat="43.39986000" lon="-5.82193800"><ele>153.40</ele><time>2024-09-03T18:43:37Z</time></trkpt><trkpt lat="43.39986600" lon="-5.82196133"><ele>153.40</ele><time>2024-09-03T18:43:38Z</time></trkpt><trkpt lat="43.39987078" lon="-5.82198452"><ele>153.40</ele><time>2024-09-03T18:43:39Z</time></trkpt><trkpt lat="43.39987311" lon="-5.82200741"><ele>153.40</ele><time>2024-09-03T18:43:40Z</time></trkpt><trkpt lat="43.39987089" lon="-5.82202934"><ele>153.41</ele><time>2024-09-03T18:43:41Z</time></trkpt><trkpt lat="43.39986444" lon="-5.82204997"><ele>153.43</ele><time>2024-09-03T18:43:42Z</time></trkpt><trkpt lat="43.39985411" lon="-5.82206892"><ele>153.46</ele><time>2024-09-03T18:43:43Z</time></trkpt><trkpt lat="43.39984200" lon="-5.82208686"><ele>153.51</ele><time>2024-09-03T18:43:44Z</time></trkpt><trkpt lat="43.39982900" lon="-5.82210429"><ele>153.57</ele><time>2024-09-03T18:43:45Z</time></trkpt><trkpt lat="43.39981600" lon="-5.82212171"><ele>153.63</ele><time>2024-09-03T18:43:46Z</time></trkpt><trkpt lat="43.39980300" lon="-5.82213914"><ele>153.69</ele><time>2024-09-03T18:43:47Z</time></trkpt><trkpt lat="43.39978978" lon="-5.82215593"><ele>153.74</ele><time>2024-09-03T18:43:48Z</time></trkpt><trkpt lat="43.39977611" lon="-5.82217143"><ele>153.81</ele><time>2024-09-03T18:43:49Z</time></trkpt><trkpt lat="43.39976178" lon="-5.82218499"><ele>153.87</ele><time>2024-09-03T18:43:50Z</time></trkpt><trkpt lat="43.39974700" lon="-5.82219727"><ele>153.95</ele><time>2024-09-03T18:43:51Z</time></trkpt><trkpt lat="43.39973200" lon="-5.82220891"><ele>154.02</ele><time>2024-09-03T18:43:52Z</time></trkpt><trkpt lat="43.39971700" lon="-5.82222055"><ele>154.09</ele><time>2024-09-03T18:43:53Z</time></trkpt><trkpt lat="43.39970200" lon="-5.82223218"><ele>154.16</ele><time>2024-09-03T18:43:54Z</time></trkpt><trkpt lat="43.39968700" lon="-5.82224382"><ele>154.24</ele><time>2024-09-03T18:43:55Z</time></trkpt><trkpt lat="43.39967200" lon="-5.82225545"><ele>154.31</ele><time>2024-09-03T18:43:56Z</time></trkpt><trkpt lat="43.39965700" lon="-5.82226709"><ele>154.38</ele><time>2024-09-03T18:43:57Z</time></trkpt><trkpt lat="43.39964200" lon="-5.82227873"><ele>154.45</ele><time>2024-09-03T18:43:58Z</time></trkpt><trkpt lat="43.39962717" lon="-5.82229079"><ele>154.53</ele><time>2024-09-03T18:43:59Z</time></trkpt><trkpt lat="43.39961267" lon="-5.82230372"><ele>154.61</ele><time>2024-09-03T18:44:00Z</time></trkpt><trkpt lat="43.39959883" lon="-5.82231781"><ele>154.70</ele><time>2024-09-03T18:44:01Z</time></trkpt><trkpt lat="43.39958567" lon="-5.82233254"><ele>154.80</ele><time>2024-09-03T18:44:02Z</time></trkpt><trkpt lat="43.39957317" lon="-5.82234734"><ele>154.89</ele><time>2024-09-03T18:44:03Z</time></trkpt><trkpt lat="43.39956100" lon="-5.82236191"><ele>154.98</ele><time>2024-09-03T18:44:04Z</time></trkpt><trkpt lat="43.39954900" lon="-5.82237636"><ele>155.07</ele><time>2024-09-03T18:44:05Z</time></trkpt><trkpt lat="43.39953700" lon="-5.82239082"><ele>155.16</ele><time>2024-09-03T18:44:06Z</time></trkpt><trkpt lat="43.39952500" lon="-5.82240527"><ele>155.25</ele><time>2024-09-03T18:44:07Z</time></trkpt><trkpt lat="43.39951300" lon="-5.82241973"><ele>155.35</ele><time>2024-09-03T18:44:08Z</time></trkpt><trkpt lat="43.39950100" lon="-5.82243418"><ele>155.44</ele><time>2024-09-03T18:44:09Z</time></trkpt><trkpt lat="43.39948900" lon="-5.82244864"><ele>155.53</ele><time>2024-09-03T18:44:10Z</time></trkpt><trkpt lat="43.39947700" lon="-5.82246309"><ele>155.62</ele><time>2024-09-03T18:44:11Z</time></trkpt><trkpt lat="43.39946519" lon="-5.82247776"><ele>155.71</ele><time>2024-09-03T18:44:12Z</time></trkpt><trkpt lat="43.39945378" lon="-5.82249285"><ele>155.79</ele><time>2024-09-03T18:44:13Z</time></trkpt><trkpt lat="43.39944294" lon="-5.82250859"><ele>155.87</ele><time>2024-09-03T18:44:14Z</time></trkpt><trkpt lat="43.39943250" lon="-5.82252475"><ele>155.95</ele><time>2024-09-03T18:44:15Z</time></trkpt><trkpt lat="43.39942225" lon="-5.82254112"><ele>156.03</ele><time>2024-09-03T18:44:16Z</time></trkpt><trkpt lat="43.39941200" lon="-5.82255750"><ele>156.10</ele><time>2024-09-03T18:44:17Z</time></trkpt><trkpt lat="43.39940175" lon="-5.82257387"><ele>156.18</ele><time>2024-09-03T18:44:18Z</time></trkpt><trkpt lat="43.39939150" lon="-5.82259025"><ele>156.25</ele><time>2024-09-03T18:44:19Z</time></trkpt><trkpt lat="43.39938149" lon="-5.82260683"><ele>156.33</ele><time>2024-09-03T18:44:20Z</time></trkpt><trkpt lat="43.39937196" lon="-5.82262383"><ele>156.41</ele><time>2024-09-03T18:44:21Z</time></trkpt><trkpt lat="43.39936316" lon="-5.82264146"><ele>156.50</ele><time>2024-09-03T18:44:22Z</time></trkpt><trkpt lat="43.39935483" lon="-5.82265950"><ele>156.60</ele><time>2024-09-03T18:44:23Z</time></trkpt><trkpt lat="43.39934675" lon="-5.82267775"><ele>156.70</ele><time>2024-09-03T18:44:24Z</time></trkpt><trkpt lat="43.39933867" lon="-5.82269600"><ele>156.80</ele><time>2024-09-03T18:44:25Z</time></trkpt><trkpt lat="43.39933058" lon="-5.82271425"><ele>156.90</ele><time>2024-09-03T18:44:26Z</time></trkpt><trkpt lat="43.39932250" lon="-5.82273250"><ele>157.00</ele><time>2024-09-03T18:44:27Z</time></trkpt><trkpt lat="43.39931442" lon="-5.82275075"><ele>157.10</ele><time>2024-09-03T18:44:28Z</time></trkpt><trkpt lat="43.39930633" lon="-5.82276900"><ele>157.20</ele><time>2024-09-03T18:44:29Z</time></trkpt><trkpt lat="43.39929825" lon="-5.82278725"><ele>157.30</ele><time>2024-09-03T18:44:30Z</time></trkpt><trkpt lat="43.39929017" lon="-5.82280550"><ele>157.40</ele><time>2024-09-03T18:44:31Z</time></trkpt><trkpt lat="43.39928213" lon="-5.82282372"><ele>157.50</ele><time>2024-09-03T18:44:32Z</time></trkpt><trkpt lat="43.39927419" lon="-5.82284189"><ele>157.59</ele><time>2024-09-03T18:44:33Z</time></trkpt><trkpt lat="43.39926638" lon="-5.82285997"><ele>157.66</ele><time>2024-09-03T18:44:34Z</time></trkpt><trkpt lat="43.39925867" lon="-5.82287800"><ele>157.73</ele><time>2024-09-03T18:44:35Z</time></trkpt><trkpt lat="43.39925100" lon="-5.82289600"><ele>157.80</ele><time>2024-09-03T18:44:36Z</time></trkpt><trkpt lat="43.39924333" lon="-5.82291400"><ele>157.87</ele><time>2024-09-03T18:44:37Z</time></trkpt><trkpt lat="43.39923589" lon="-5.82293212"><ele>157.93</ele><time>2024-09-03T18:44:38Z</time></trkpt><trkpt lat="43.39922887" lon="-5.82295049"><ele>158.01</ele><time>2024-09-03T18:44:39Z</time></trkpt><trkpt lat="43.39922252" lon="-5.82296922"><ele>158.08</ele><time>2024-09-03T18:44:40Z</time></trkpt><trkpt lat="43.39921660" lon="-5.82298820"><ele>158.16</ele><time>2024-09-03T18:44:41Z</time></trkpt><trkpt lat="43.39921090" lon="-5.82300730"><ele>158.24</ele><time>2024-09-03T18:44:42Z</time></trkpt><trkpt lat="43.39920520" lon="-5.82302640"><ele>158.32</ele><time>2024-09-03T18:44:43Z</time></trkpt><trkpt lat="43.39919950" lon="-5.82304550"><ele>158.40</ele><time>2024-09-03T18:44:44Z</time></trkpt><trkpt lat="43.39919380" lon="-5.82306460"><ele>158.48</ele><time>2024-09-03T18:44:45Z</time></trkpt><trkpt lat="43.39918810" lon="-5.82308370"><ele>158.56</ele><time>2024-09-03T18:44:46Z</time></trkpt><trkpt lat="43.39918240" lon="-5.82310280"><ele>158.64</ele><time>2024-09-03T18:44:47Z</time></trkpt><trkpt lat="43.39917762" lon="-5.82312209"><ele>158.72</ele><time>2024-09-03T18:44:48Z</time></trkpt><trkpt lat="43.39917469" lon="-5.82314176"><ele>158.78</ele><time>2024-09-03T18:44:49Z</time></trkpt><trkpt lat="43.39917452" lon="-5.82316199"><ele>158.84</ele><time>2024-09-03T18:44:50Z</time></trkpt><trkpt lat="43.39917620" lon="-5.82318260"><ele>158.88</ele><time>2024-09-03T18:44:51Z</time></trkpt><trkpt lat="43.39917880" lon="-5.82320340"><ele>158.92</ele><time>2024-09-03T18:44:52Z</time></trkpt><trkpt lat="43.39918167" lon="-5.82322408"><ele>158.96</ele><time>2024-09-03T18:44:53Z</time></trkpt><trkpt lat="43.39918507" lon="-5.82324453"><ele>159.00</ele><time>2024-09-03T18:44:54Z</time></trkpt><trkpt lat="43.39918927" lon="-5.82326463"><ele>159.05</ele><time>2024-09-03T18:44:55Z</time></trkpt><trkpt lat="43.39919400" lon="-5.82328450"><ele>159.10</ele><time>2024-09-03T18:44:56Z</time></trkpt><trkpt lat="43.39919916" lon="-5.82330430"><ele>159.14</ele><time>2024-09-03T18:44:57Z</time></trkpt><trkpt lat="43.39920465" lon="-5.82332419"><ele>159.17</ele><time>2024-09-03T18:44:58Z</time></trkpt><trkpt lat="43.39921062" lon="-5.82334423"><ele>159.17</ele><time>2024-09-03T18:44:59Z</time></trkpt><trkpt lat="43.39921691" lon="-5.82336436"><ele>159.16</ele><time>2024-09-03T18:45:00Z</time></trkpt><trkpt lat="43.39922336" lon="-5.82338455"><ele>159.15</ele><time>2024-09-03T18:45:01Z</time></trkpt><trkpt lat="43.39922982" lon="-5.82340473"><ele>159.13</ele><time>2024-09-03T18:45:02Z</time></trkpt><trkpt lat="43.39923627" lon="-5.82342491"><ele>159.11</ele><time>2024-09-03T18:45:03Z</time></trkpt><trkpt lat="43.39924273" lon="-5.82344509"><ele>159.09</ele><time>2024-09-03T18:45:04Z</time></trkpt><trkpt lat="43.39924918" lon="-5.82346527"><ele>159.07</ele><time>2024-09-03T18:45:05Z</time></trkpt><trkpt lat="43.39925564" lon="-5.82348545"><ele>159.05</ele><time>2024-09-03T18:45:06Z</time></trkpt><trkpt lat="43.39926209" lon="-5.82350564"><ele>159.04</ele><time>2024-09-03T18:45:07Z</time></trkpt><trkpt lat="43.39926855" lon="-5.82352584"><ele>159.02</ele><time>2024-09-03T18:45:08Z</time></trkpt><trkpt lat="43.39927502" lon="-5.82354607"><ele>159.01</ele><time>2024-09-03T18:45:09Z</time></trkpt><trkpt lat="43.39928151" lon="-5.82356635"><ele>159.00</ele><time>2024-09-03T18:45:10Z</time></trkpt><trkpt lat="43.39928800" lon="-5.82358667"><ele>159.00</ele><time>2024-09-03T18:45:11Z</time></trkpt><trkpt lat="43.39929450" lon="-5.82360700"><ele>159.00</ele><time>2024-09-03T18:45:12Z</time></trkpt><trkpt lat="43.39930100" lon="-5.82362733"><ele>159.00</ele><time>2024-09-03T18:45:13Z</time></trkpt><trkpt lat="43.39930750" lon="-5.82364767"><ele>159.00</ele><time>2024-09-03T18:45:14Z</time></trkpt><trkpt lat="43.39931400" lon="-5.82366800"><ele>159.00</ele><time>2024-09-03T18:45:15Z</time></trkpt><trkpt lat="43.39932050" lon="-5.82368833"><ele>159.00</ele><time>2024-09-03T18:45:16Z</time></trkpt><trkpt lat="43.39932700" lon="-5.82370867"><ele>159.00</ele><time>2024-09-03T18:45:17Z</time></trkpt><trkpt lat="43.39933350" lon="-5.82372900"><ele>159.00</ele><time>2024-09-03T18:45:18Z</time></trkpt><trkpt lat="43.39934000" lon="-5.82374933"><ele>159.00</ele><time>2024-09-03T18:45:19Z</time></trkpt><trkpt lat="43.39934644" lon="-5.82376974"><ele>159.00</ele><time>2024-09-03T18:45:20Z</time></trkpt><trkpt lat="43.39935288" lon="-5.82379016"><ele>159.00</ele><time>2024-09-03T18:45:21Z</time></trkpt><trkpt lat="43.39935935" lon="-5.82381055"><ele>159.02</ele><time>2024-09-03T18:45:22Z</time></trkpt><trkpt lat="43.39936601" lon="-5.82383069"><ele>159.04</ele><time>2024-09-03T18:45:23Z</time></trkpt><trkpt lat="43.39937282" lon="-5.82385064"><ele>159.07</ele><time>2024-09-03T18:45:24Z</time></trkpt><trkpt lat="43.39937973" lon="-5.82387045"><ele>159.11</ele><time>2024-09-03T18:45:25Z</time></trkpt><trkpt lat="43.39938664" lon="-5.82389027"><ele>159.15</ele><time>2024-09-03T18:45:26Z</time></trkpt><trkpt lat="43.39939355" lon="-5.82391009"><ele>159.18</ele><time>2024-09-03T18:45:27Z</time></trkpt><trkpt lat="43.39940045" lon="-5.82392991"><ele>159.22</ele><time>2024-09-03T18:45:28Z</time></trkpt><trkpt lat="43.39940736" lon="-5.82394973"><ele>159.25</ele><time>2024-09-03T18:45:29Z</time></trkpt><trkpt lat="43.39941427" lon="-5.82396955"><ele>159.29</ele><time>2024-09-03T18:45:30Z</time></trkpt><trkpt lat="43.39942118" lon="-5.82398936"><ele>159.33</ele><time>2024-09-03T18:45:31Z</time></trkpt><trkpt lat="43.39942800" lon="-5.82400920"><ele>159.38</ele><time>2024-09-03T18:45:32Z</time></trkpt><trkpt lat="43.39943465" lon="-5.82402908"><ele>159.45</ele><time>2024-09-03T18:45:33Z</time></trkpt><trkpt lat="43.39944104" lon="-5.82404902"><ele>159.56</ele><time>2024-09-03T18:45:34Z</time></trkpt><trkpt lat="43.39944725" lon="-5.82406900"><ele>159.70</ele><time>2024-09-03T18:45:35Z</time></trkpt><trkpt lat="43.39945338" lon="-5.82408900"><ele>159.85</ele><time>2024-09-03T18:45:36Z</time></trkpt><trkpt lat="43.39945950" lon="-5.82410900"><ele>160.00</ele><time>2024-09-03T18:45:37Z</time></trkpt><trkpt lat="43.39946562" lon="-5.82412900"><ele>160.15</ele><time>2024-09-03T18:45:38Z</time></trkpt><trkpt lat="43.39947175" lon="-5.82414900"><ele>160.30</ele><time>2024-09-03T18:45:39Z</time></trkpt><trkpt lat="43.39947803" lon="-5.82416906"><ele>160.43</ele><time>2024-09-03T18:45:40Z</time></trkpt><trkpt lat="43.39948461" lon="-5.82418922"><ele>160.53</ele><time>2024-09-03T18:45:41Z</time></trkpt><trkpt lat="43.39949161" lon="-5.82420969"><ele>160.59</ele><time>2024-09-03T18:45:42Z</time></trkpt><trkpt lat="43.39949882" lon="-5.82423055"><ele>160.61</ele><time>2024-09-03T18:45:43Z</time></trkpt><trkpt lat="43.39950605" lon="-5.82425186"><ele>160.62</ele><time>2024-09-03T18:45:44Z</time></trkpt><trkpt lat="43.39951318" lon="-5.82427345"><ele>160.64</ele><time>2024-09-03T18:45:45Z</time></trkpt><trkpt lat="43.39952027" lon="-5.82429518"><ele>160.65</ele><time>2024-09-03T18:45:46Z</time></trkpt><trkpt lat="43.39952736" lon="-5.82431691"><ele>160.67</ele><time>2024-09-03T18:45:47Z</time></trkpt><trkpt lat="43.39953445" lon="-5.82433864"><ele>160.69</ele><time>2024-09-03T18:45:48Z</time></trkpt><trkpt lat="43.39954155" lon="-5.82436036"><ele>160.71</ele><time>2024-09-03T18:45:49Z</time></trkpt><trkpt lat="43.39954864" lon="-5.82438209"><ele>160.73</ele><time>2024-09-03T18:45:50Z</time></trkpt><trkpt lat="43.39955573" lon="-5.82440382"><ele>160.75</ele><time>2024-09-03T18:45:51Z</time></trkpt><trkpt lat="43.39956282" lon="-5.82442555"><ele>160.76</ele><time>2024-09-03T18:45:52Z</time></trkpt><trkpt lat="43.39956998" lon="-5.82444736"><ele>160.78</ele><time>2024-09-03T18:45:53Z</time></trkpt><trkpt lat="43.39957727" lon="-5.82446934"><ele>160.78</ele><time>2024-09-03T18:45:54Z</time></trkpt><trkpt lat="43.39958477" lon="-5.82449159"><ele>160.78</ele><time>2024-09-03T18:45:55Z</time></trkpt><trkpt lat="43.39959240" lon="-5.82451400"><ele>160.76</ele><time>2024-09-03T18:45:56Z</time></trkpt><trkpt lat="43.39960010" lon="-5.82453650"><ele>160.74</ele><time>2024-09-03T18:45:57Z</time></trkpt><trkpt lat="43.39960780" lon="-5.82455900"><ele>160.72</ele><time>2024-09-03T18:45:58Z</time></trkpt><trkpt lat="43.39961550" lon="-5.82458150"><ele>160.70</ele><time>2024-09-03T18:45:59Z</time></trkpt><trkpt lat="43.39962320" lon="-5.82460400"><ele>160.68</ele><time>2024-09-03T18:46:00Z</time></trkpt><trkpt lat="43.39963090" lon="-5.82462650"><ele>160.66</ele><time>2024-09-03T18:46:01Z</time></trkpt><trkpt lat="43.39963860" lon="-5.82464900"><ele>160.64</ele><time>2024-09-03T18:46:02Z</time></trkpt><trkpt lat="43.39964636" lon="-5.82467140"><ele>160.61</ele><time>2024-09-03T18:46:03Z</time></trkpt><trkpt lat="43.39965424" lon="-5.82469361"><ele>160.56</ele><time>2024-09-03T18:46:04Z</time></trkpt><trkpt lat="43.39966231" lon="-5.82471553"><ele>160.49</ele><time>2024-09-03T18:46:05Z</time></trkpt><trkpt lat="43.39967050" lon="-5.82473725"><ele>160.40</ele><time>2024-09-03T18:46:06Z</time></trkpt><trkpt lat="43.39967875" lon="-5.82475887"><ele>160.30</ele><time>2024-09-03T18:46:07Z</time></trkpt><trkpt lat="43.39968700" lon="-5.82478050"><ele>160.20</ele><time>2024-09-03T18:46:08Z</time></trkpt><trkpt lat="43.39969525" lon="-5.82480213"><ele>160.10</ele><time>2024-09-03T18:46:09Z</time></trkpt><trkpt lat="43.39970350" lon="-5.82482375"><ele>160.00</ele><time>2024-09-03T18:46:10Z</time></trkpt><trkpt lat="43.39971191" lon="-5.82484514"><ele>159.90</ele><time>2024-09-03T18:46:11Z</time></trkpt><trkpt lat="43.39972066" lon="-5.82486608"><ele>159.80</ele><time>2024-09-03T18:46:12Z</time></trkpt><trkpt lat="43.39972989" lon="-5.82488631"><ele>159.69</ele><time>2024-09-03T18:46:13Z</time></trkpt><trkpt lat="43.39973945" lon="-5.82490609"><ele>159.58</ele><time>2024-09-03T18:46:14Z</time></trkpt><trkpt lat="43.39974918" lon="-5.82492564"><ele>159.47</ele><time>2024-09-03T18:46:15Z</time></trkpt><trkpt lat="43.39975891" lon="-5.82494518"><ele>159.36</ele><time>2024-09-03T18:46:16Z</time></trkpt><trkpt lat="43.39976864" lon="-5.82496473"><ele>159.25</ele><time>2024-09-03T18:46:17Z</time></trkpt><trkpt lat="43.39977836" lon="-5.82498427"><ele>159.15</ele><time>2024-09-03T18:46:18Z</time></trkpt><trkpt lat="43.39978809" lon="-5.82500382"><ele>159.04</ele><time>2024-09-03T18:46:19Z</time></trkpt><trkpt lat="43.39979782" lon="-5.82502336"><ele>158.93</ele><time>2024-09-03T18:46:20Z</time></trkpt><trkpt lat="43.39980755" lon="-5.82504291"><ele>158.82</ele><time>2024-09-03T18:46:21Z</time></trkpt><trkpt lat="43.39981741" lon="-5.82506201"><ele>158.72</ele><time>2024-09-03T18:46:22Z</time></trkpt><trkpt lat="43.39982757" lon="-5.82508020"><ele>158.65</ele><time>2024-09-03T18:46:23Z</time></trkpt><trkpt lat="43.39983810" lon="-5.82509698"><ele>158.62</ele><time>2024-09-03T18:46:24Z</time></trkpt><trkpt lat="43.39984881" lon="-5.82511270"><ele>158.63</ele><time>2024-09-03T18:46:25Z</time></trkpt><trkpt lat="43.39985954" lon="-5.82512776"><ele>158.67</ele><time>2024-09-03T18:46:26Z</time></trkpt><trkpt lat="43.39987017" lon="-5.82514267"><ele>158.73</ele><time>2024-09-03T18:46:27Z</time></trkpt><trkpt lat="43.39988075" lon="-5.82515750"><ele>158.80</ele><time>2024-09-03T18:46:28Z</time></trkpt><trkpt lat="43.39989133" lon="-5.82517233"><ele>158.87</ele><time>2024-09-03T18:46:29Z</time></trkpt><trkpt lat="43.39990192" lon="-5.82518717"><ele>158.93</ele><time>2024-09-03T18:46:30Z</time></trkpt><trkpt lat="43.39991250" lon="-5.82520200"><ele>159.00</ele><time>2024-09-03T18:46:31Z</time></trkpt><trkpt lat="43.39992308" lon="-5.82521683"><ele>159.07</ele><time>2024-09-03T18:46:32Z</time></trkpt><trkpt lat="43.39993367" lon="-5.82523167"><ele>159.13</ele><time>2024-09-03T18:46:33Z</time></trkpt><trkpt lat="43.39994425" lon="-5.82524650"><ele>159.20</ele><time>2024-09-03T18:46:34Z</time></trkpt><trkpt lat="43.39995483" lon="-5.82526133"><ele>159.27</ele><time>2024-09-03T18:46:35Z</time></trkpt><trkpt lat="43.39996529" lon="-5.82527624"><ele>159.35</ele><time>2024-09-03T18:46:36Z</time></trkpt><trkpt lat="43.39997547" lon="-5.82529130"><ele>159.45</ele><time>2024-09-03T18:46:37Z</time></trkpt><trkpt lat="43.39998527" lon="-5.82530657"><ele>159.59</ele><time>2024-09-03T18:46:38Z</time></trkpt><trkpt lat="43.39999480" lon="-5.82532200"><ele>159.76</ele><time>2024-09-03T18:46:39Z</time></trkpt><trkpt lat="43.40000420" lon="-5.82533750"><ele>159.94</ele><time>2024-09-03T18:46:40Z</time></trkpt><trkpt lat="43.40001360" lon="-5.82535300"><ele>160.12</ele><time>2024-09-03T18:46:41Z</time></trkpt><trkpt lat="43.40002300" lon="-5.82536850"><ele>160.30</ele><time>2024-09-03T18:46:42Z</time></trkpt><trkpt lat="43.40003240" lon="-5.82538400"><ele>160.48</ele><time>2024-09-03T18:46:43Z</time></trkpt><trkpt lat="43.40004180" lon="-5.82539950"><ele>160.66</ele><time>2024-09-03T18:46:44Z</time></trkpt><trkpt lat="43.40005120" lon="-5.82541500"><ele>160.84</ele><time>2024-09-03T18:46:45Z</time></trkpt><trkpt lat="43.40006094" lon="-5.82543056"><ele>161.02</ele><time>2024-09-03T18:46:46Z</time></trkpt><trkpt lat="43.40007138" lon="-5.82544622"><ele>161.19</ele><time>2024-09-03T18:46:47Z</time></trkpt><trkpt lat="43.40008284" lon="-5.82546206"><ele>161.37</ele><time>2024-09-03T18:46:48Z</time></trkpt><trkpt lat="43.40009500" lon="-5.82547800"><ele>161.53</ele><time>2024-09-03T18:46:49Z</time></trkpt><trkpt lat="43.40010750" lon="-5.82549400"><ele>161.70</ele><time>2024-09-03T18:46:50Z</time></trkpt><trkpt lat="43.40012000" lon="-5.82551000"><ele>161.87</ele><time>2024-09-03T18:46:51Z</time></trkpt><trkpt lat="43.40013239" lon="-5.82552606"><ele>162.03</ele><time>2024-09-03T18:46:52Z</time></trkpt><trkpt lat="43.40014456" lon="-5.82554222"><ele>162.17</ele><time>2024-09-03T18:46:53Z</time></trkpt><trkpt lat="43.40015650" lon="-5.82555871"><ele>162.29</ele><time>2024-09-03T18:46:54Z</time></trkpt><trkpt lat="43.40016844" lon="-5.82557562"><ele>162.41</ele><time>2024-09-03T18:46:55Z</time></trkpt><trkpt lat="43.40018061" lon="-5.82559306"><ele>162.52</ele><time>2024-09-03T18:46:56Z</time></trkpt><trkpt lat="43.40019300" lon="-5.82561080"><ele>162.64</ele><time>2024-09-03T18:46:57Z</time></trkpt><trkpt lat="43.40020550" lon="-5.82562870"><ele>162.76</ele><time>2024-09-03T18:46:58Z</time></trkpt><trkpt lat="43.40021800" lon="-5.82564660"><ele>162.88</ele><time>2024-09-03T18:46:59Z</time></trkpt><trkpt lat="43.40023050" lon="-5.82566450"><ele>163.00</ele><time>2024-09-03T18:47:00Z</time></trkpt><trkpt lat="43.40024300" lon="-5.82568240"><ele>163.12</ele><time>2024-09-03T18:47:01Z</time></trkpt><trkpt lat="43.40025550" lon="-5.82570030"><ele>163.24</ele><time>2024-09-03T18:47:02Z</time></trkpt><trkpt lat="43.40026800" lon="-5.82571820"><ele>163.36</ele><time>2024-09-03T18:47:03Z</time></trkpt><trkpt lat="43.40028033" lon="-5.82573633"><ele>163.47</ele><time>2024-09-03T18:47:04Z</time></trkpt><trkpt lat="43.40029239" lon="-5.82575443"><ele>163.55</ele><time>2024-09-03T18:47:05Z</time></trkpt><trkpt lat="43.40030406" lon="-5.82577223"><ele>163.61</ele><time>2024-09-03T18:47:06Z</time></trkpt><trkpt lat="43.40031556" lon="-5.82578900"><ele>163.66</ele><time>2024-09-03T18:47:07Z</time></trkpt><trkpt lat="43.40032700" lon="-5.82580500"><ele>163.70</ele><time>2024-09-03T18:47:08Z</time></trkpt><trkpt lat="43.40033850" lon="-5.82582050"><ele>163.75</ele><time>2024-09-03T18:47:09Z</time></trkpt><trkpt lat="43.40035000" lon="-5.82583600"><ele>163.80</ele><time>2024-09-03T18:47:10Z</time></trkpt><trkpt lat="43.40036150" lon="-5.82585150"><ele>163.85</ele><time>2024-09-03T18:47:11Z</time></trkpt><trkpt lat="43.40037300" lon="-5.82586700"><ele>163.90</ele><time>2024-09-03T18:47:12Z</time></trkpt><trkpt lat="43.40038436" lon="-5.82588295"><ele>163.95</ele><time>2024-09-03T18:47:13Z</time></trkpt><trkpt lat="43.40039543" lon="-5.82589980"><ele>164.00</ele><time>2024-09-03T18:47:14Z</time></trkpt><trkpt lat="43.40040608" lon="-5.82591801"><ele>164.04</ele><time>2024-09-03T18:47:15Z</time></trkpt><trkpt lat="43.40041644" lon="-5.82593711"><ele>164.09</ele><time>2024-09-03T18:47:16Z</time></trkpt><trkpt lat="43.40042667" lon="-5.82595667"><ele>164.13</ele><time>2024-09-03T18:47:17Z</time></trkpt><trkpt lat="43.40043689" lon="-5.82597622"><ele>164.18</ele><time>2024-09-03T18:47:18Z</time></trkpt><trkpt lat="43.40044711" lon="-5.82599578"><ele>164.22</ele><time>2024-09-03T18:47:19Z</time></trkpt><trkpt lat="43.40045733" lon="-5.82601533"><ele>164.27</ele><time>2024-09-03T18:47:20Z</time></trkpt><trkpt lat="43.40046756" lon="-5.82603489"><ele>164.31</ele><time>2024-09-03T18:47:21Z</time></trkpt><trkpt lat="43.40047775" lon="-5.82605417"><ele>164.36</ele><time>2024-09-03T18:47:22Z</time></trkpt><trkpt lat="43.40048790" lon="-5.82607291"><ele>164.43</ele><time>2024-09-03T18:47:23Z</time></trkpt><trkpt lat="43.40049798" lon="-5.82609084"><ele>164.52</ele><time>2024-09-03T18:47:24Z</time></trkpt><trkpt lat="43.40050800" lon="-5.82610822"><ele>164.62</ele><time>2024-09-03T18:47:25Z</time></trkpt><trkpt lat="43.40051800" lon="-5.82612533"><ele>164.73</ele><time>2024-09-03T18:47:26Z</time></trkpt><trkpt lat="43.40052800" lon="-5.82614244"><ele>164.84</ele><time>2024-09-03T18:47:27Z</time></trkpt><trkpt lat="43.40053800" lon="-5.82615956"><ele>164.96</ele><time>2024-09-03T18:47:28Z</time></trkpt><trkpt lat="43.40054800" lon="-5.82617667"><ele>165.07</ele><time>2024-09-03T18:47:29Z</time></trkpt><trkpt lat="43.40055800" lon="-5.82619378"><ele>165.18</ele><time>2024-09-03T18:47:30Z</time></trkpt><trkpt lat="43.40056824" lon="-5.82621042"><ele>165.29</ele><time>2024-09-03T18:47:31Z</time></trkpt><trkpt lat="43.40057898" lon="-5.82622613"><ele>165.40</ele><time>2024-09-03T18:47:32Z</time></trkpt><trkpt lat="43.40059044" lon="-5.82624043"><ele>165.52</ele><time>2024-09-03T18:47:33Z</time></trkpt><trkpt lat="43.40060240" lon="-5.82625380"><ele>165.64</ele><time>2024-09-03T18:47:34Z</time></trkpt><trkpt lat="43.40061460" lon="-5.82626670"><ele>165.76</ele><time>2024-09-03T18:47:35Z</time></trkpt><trkpt lat="43.40062680" lon="-5.82627960"><ele>165.88</ele><time>2024-09-03T18:47:36Z</time></trkpt><trkpt lat="43.40063900" lon="-5.82629250"><ele>166.00</ele><time>2024-09-03T18:47:37Z</time></trkpt><trkpt lat="43.40065120" lon="-5.82630540"><ele>166.12</ele><time>2024-09-03T18:47:38Z</time></trkpt><trkpt lat="43.40066340" lon="-5.82631830"><ele>166.24</ele><time>2024-09-03T18:47:39Z</time></trkpt><trkpt lat="43.40067560" lon="-5.82633120"><ele>166.36</ele><time>2024-09-03T18:47:40Z</time></trkpt><trkpt lat="43.40068793" lon="-5.82634413"><ele>166.47</ele><time>2024-09-03T18:47:41Z</time></trkpt><trkpt lat="43.40070053" lon="-5.82635713"><ele>166.56</ele><time>2024-09-03T18:47:42Z</time></trkpt><trkpt lat="43.40071353" lon="-5.82637023"><ele>166.63</ele><time>2024-09-03T18:47:43Z</time></trkpt><trkpt lat="43.40072680" lon="-5.82638340"><ele>166.68</ele><time>2024-09-03T18:47:44Z</time></trkpt><trkpt lat="43.40074020" lon="-5.82639660"><ele>166.72</ele><time>2024-09-03T18:47:45Z</time></trkpt><trkpt lat="43.40075233" lon="-5.82641085"><ele>166.76</ele><time>2024-09-03T18:47:46Z</time></trkpt><trkpt lat="43.40076193" lon="-5.82642721"><ele>166.81</ele><time>2024-09-03T18:47:47Z</time></trkpt><trkpt lat="43.40076773" lon="-5.82644672"><ele>166.87</ele><time>2024-09-03T18:47:48Z</time></trkpt><trkpt lat="43.40076989" lon="-5.82646808"><ele>166.93</ele><time>2024-09-03T18:47:49Z</time></trkpt><trkpt lat="43.40076856" lon="-5.82649001"><ele>166.97</ele><time>2024-09-03T18:47:50Z</time></trkpt><trkpt lat="43.40076389" lon="-5.82651118"><ele>166.99</ele><time>2024-09-03T18:47:51Z</time></trkpt><trkpt lat="43.40075700" lon="-5.82653186"><ele>167.00</ele><time>2024-09-03T18:47:52Z</time></trkpt><trkpt lat="43.40074900" lon="-5.82655229"><ele>167.00</ele><time>2024-09-03T18:47:53Z</time></trkpt><trkpt lat="43.40074100" lon="-5.82657271"><ele>167.00</ele><time>2024-09-03T18:47:54Z</time></trkpt><trkpt lat="43.40073300" lon="-5.82659314"><ele>167.00</ele><time>2024-09-03T18:47:55Z</time></trkpt><trkpt lat="43.40072459" lon="-5.82661339"><ele>167.00</ele><time>2024-09-03T18:47:56Z</time></trkpt><trkpt lat="43.40071537" lon="-5.82663327"><ele>167.01</ele><time>2024-09-03T18:47:57Z</time></trkpt><trkpt lat="43.40070493" lon="-5.82665259"><ele>167.02</ele><time>2024-09-03T18:47:58Z</time></trkpt><trkpt lat="43.40069367" lon="-5.82667156"><ele>167.04</ele><time>2024-09-03T18:47:59Z</time></trkpt><trkpt lat="43.40068200" lon="-5.82669033"><ele>167.07</ele><time>2024-09-03T18:48:00Z</time></trkpt><trkpt lat="43.40067033" lon="-5.82670911"><ele>167.09</ele><time>2024-09-03T18:48:01Z</time></trkpt><trkpt lat="43.40065867" lon="-5.82672789"><ele>167.11</ele><time>2024-09-03T18:48:02Z</time></trkpt><trkpt lat="43.40064700" lon="-5.82674667"><ele>167.13</ele><time>2024-09-03T18:48:03Z</time></trkpt><trkpt lat="43.40063533" lon="-5.82676544"><ele>167.16</ele><time>2024-09-03T18:48:04Z</time></trkpt><trkpt lat="43.40062338" lon="-5.82678058"><ele>167.17</ele><time>2024-09-03T18:48:05Z</time></trkpt><trkpt lat="43.40061085" lon="-5.82678843"><ele>167.17</ele><time>2024-09-03T18:48:06Z</time></trkpt><trkpt lat="43.40059746" lon="-5.82678536"><ele>167.14</ele><time>2024-09-03T18:48:07Z</time></trkpt><trkpt lat="43.40058350" lon="-5.82677500"><ele>167.10</ele><time>2024-09-03T18:48:08Z</time></trkpt><trkpt lat="43.40056939" lon="-5.82676071"><ele>167.06</ele><time>2024-09-03T18:48:09Z</time></trkpt><trkpt lat="43.40055556" lon="-5.82674583"><ele>167.02</ele><time>2024-09-03T18:48:10Z</time></trkpt><trkpt lat="43.40054214" lon="-5.82673007"><ele>167.01</ele><time>2024-09-03T18:48:11Z</time></trkpt><trkpt lat="43.40052900" lon="-5.82671373"><ele>167.00</ele><time>2024-09-03T18:48:12Z</time></trkpt><trkpt lat="43.40051600" lon="-5.82669709"><ele>167.00</ele><time>2024-09-03T18:48:13Z</time></trkpt><trkpt lat="43.40050300" lon="-5.82668045"><ele>167.00</ele><time>2024-09-03T18:48:14Z</time></trkpt><trkpt lat="43.40049000" lon="-5.82666382"><ele>167.00</ele><time>2024-09-03T18:48:15Z</time></trkpt><trkpt lat="43.40047700" lon="-5.82664718"><ele>167.00</ele><time>2024-09-03T18:48:16Z</time></trkpt><trkpt lat="43.40046400" lon="-5.82663055"><ele>167.00</ele><time>2024-09-03T18:48:17Z</time></trkpt><trkpt lat="43.40045100" lon="-5.82661391"><ele>167.00</ele><time>2024-09-03T18:48:18Z</time></trkpt><trkpt lat="43.40043800" lon="-5.82659727"><ele>167.00</ele><time>2024-09-03T18:48:19Z</time></trkpt><trkpt lat="43.40042483" lon="-5.82658105"><ele>166.99</ele><time>2024-09-03T18:48:20Z</time></trkpt><trkpt lat="43.40041131" lon="-5.82656566"><ele>166.98</ele><time>2024-09-03T18:48:21Z</time></trkpt><trkpt lat="43.40039728" lon="-5.82655151"><ele>166.94</ele><time>2024-09-03T18:48:22Z</time></trkpt><trkpt lat="43.40038291" lon="-5.82653818"><ele>166.89</ele><time>2024-09-03T18:48:23Z</time></trkpt><trkpt lat="43.40036836" lon="-5.82652527"><ele>166.84</ele><time>2024-09-03T18:48:24Z</time></trkpt><trkpt lat="43.40035382" lon="-5.82651236"><ele>166.78</ele><time>2024-09-03T18:48:25Z</time></trkpt><trkpt lat="43.40033927" lon="-5.82649945"><ele>166.73</ele><time>2024-09-03T18:48:26Z</time></trkpt><trkpt lat="43.40032473" lon="-5.82648655"><ele>166.67</ele><time>2024-09-03T18:48:27Z</time></trkpt><trkpt lat="43.40031018" lon="-5.82647364"><ele>166.62</ele><time>2024-09-03T18:48:28Z</time></trkpt><trkpt lat="43.40029564" lon="-5.82646073"><ele>166.56</ele><time>2024-09-03T18:48:29Z</time></trkpt><trkpt lat="43.40028109" lon="-5.82644782"><ele>166.51</ele><time>2024-09-03T18:48:30Z</time></trkpt><trkpt lat="43.40026662" lon="-5.82643522"><ele>166.46</ele><time>2024-09-03T18:48:31Z</time></trkpt><trkpt lat="43.40025230" lon="-5.82642324"><ele>166.44</ele><time>2024-09-03T18:48:32Z</time></trkpt><trkpt lat="43.40023820" lon="-5.82641218"><ele>166.43</ele><time>2024-09-03T18:48:33Z</time></trkpt><trkpt lat="43.40022425" lon="-5.82640175"><ele>166.45</ele><time>2024-09-03T18:48:34Z</time></trkpt><trkpt lat="43.40021037" lon="-5.82639163"><ele>166.47</ele><time>2024-09-03T18:48:35Z</time></trkpt><trkpt lat="43.40019650" lon="-5.82638150"><ele>166.50</ele><time>2024-09-03T18:48:36Z</time></trkpt><trkpt lat="43.40018262" lon="-5.82637137"><ele>166.53</ele><time>2024-09-03T18:48:37Z</time></trkpt><trkpt lat="43.40016875" lon="-5.82636125"><ele>166.55</ele><time>2024-09-03T18:48:38Z</time></trkpt><trkpt lat="43.40015480" lon="-5.82635109"><ele>166.58</ele><time>2024-09-03T18:48:39Z</time></trkpt><trkpt lat="43.40014070" lon="-5.82634085"><ele>166.61</ele><time>2024-09-03T18:48:40Z</time></trkpt><trkpt lat="43.40012638" lon="-5.82633051"><ele>166.66</ele><time>2024-09-03T18:48:41Z</time></trkpt><trkpt lat="43.40011191" lon="-5.82632009"><ele>166.71</ele><time>2024-09-03T18:48:42Z</time></trkpt><trkpt lat="43.40009736" lon="-5.82630964"><ele>166.76</ele><time>2024-09-03T18:48:43Z</time></trkpt><trkpt lat="43.40008282" lon="-5.82629918"><ele>166.82</ele><time>2024-09-03T18:48:44Z</time></trkpt><trkpt lat="43.40006827" lon="-5.82628873"><ele>166.87</ele><time>2024-09-03T18:48:45Z</time></trkpt><trkpt lat="43.40005373" lon="-5.82627827"><ele>166.93</ele><time>2024-09-03T18:48:46Z</time></trkpt><trkpt lat="43.40003918" lon="-5.82626782"><ele>166.98</ele><time>2024-09-03T18:48:47Z</time></trkpt><trkpt lat="43.40002464" lon="-5.82625736"><ele>167.04</ele><time>2024-09-03T18:48:48Z</time></trkpt><trkpt lat="43.40001009" lon="-5.82624691"><ele>167.09</ele><time>2024-09-03T18:48:49Z</time></trkpt><trkpt lat="43.39999571" lon="-5.82623648"><ele>167.14</ele><time>2024-09-03T18:48:50Z</time></trkpt><trkpt lat="43.39998165" lon="-5.82622612"><ele>167.18</ele><time>2024-09-03T18:48:51Z</time></trkpt><trkpt lat="43.39996807" lon="-5.82621585"><ele>167.21</ele><time>2024-09-03T18:48:52Z</time></trkpt><trkpt lat="43.39995482" lon="-5.82620564"><ele>167.24</ele><time>2024-09-03T18:48:53Z</time></trkpt><trkpt lat="43.39994173" lon="-5.82619545"><ele>167.25</ele><time>2024-09-03T18:48:54Z</time></trkpt><trkpt lat="43.39992864" lon="-5.82618527"><ele>167.27</ele><time>2024-09-03T18:48:55Z</time></trkpt><trkpt lat="43.39991555" lon="-5.82617509"><ele>167.29</ele><time>2024-09-03T18:48:56Z</time></trkpt><trkpt lat="43.39990245" lon="-5.82616491"><ele>167.31</ele><time>2024-09-03T18:48:57Z</time></trkpt><trkpt lat="43.39988936" lon="-5.82615473"><ele>167.33</ele><time>2024-09-03T18:48:58Z</time></trkpt><trkpt lat="43.39987627" lon="-5.82614455"><ele>167.35</ele><time>2024-09-03T18:48:59Z</time></trkpt><trkpt lat="43.39986318" lon="-5.82613436"><ele>167.36</ele><time>2024-09-03T18:49:00Z</time></trkpt><trkpt lat="43.39984992" lon="-5.82612415"><ele>167.38</ele><time>2024-09-03T18:49:01Z</time></trkpt><trkpt lat="43.39983633" lon="-5.82611386"><ele>167.37</ele><time>2024-09-03T18:49:02Z</time></trkpt><trkpt lat="43.39982223" lon="-5.82610346"><ele>167.35</ele><time>2024-09-03T18:49:03Z</time></trkpt><trkpt lat="43.39980780" lon="-5.82609300"><ele>167.32</ele><time>2024-09-03T18:49:04Z</time></trkpt><trkpt lat="43.39979320" lon="-5.82608250"><ele>167.28</ele><time>2024-09-03T18:49:05Z</time></trkpt><trkpt lat="43.39977860" lon="-5.82607200"><ele>167.24</ele><time>2024-09-03T18:49:06Z</time></trkpt><trkpt lat="43.39976400" lon="-5.82606150"><ele>167.20</ele><time>2024-09-03T18:49:07Z</time></trkpt><trkpt lat="43.39974940" lon="-5.82605100"><ele>167.16</ele><time>2024-09-03T18:49:08Z</time></trkpt><trkpt lat="43.39973480" lon="-5.82604050"><ele>167.12</ele><time>2024-09-03T18:49:09Z</time></trkpt><trkpt lat="43.39972020" lon="-5.82603000"><ele>167.08</ele><time>2024-09-03T18:49:10Z</time></trkpt><trkpt lat="43.39970552" lon="-5.82601948"><ele>167.03</ele><time>2024-09-03T18:49:11Z</time></trkpt><trkpt lat="43.39969067" lon="-5.82600893"><ele>166.96</ele><time>2024-09-03T18:49:12Z</time></trkpt><trkpt lat="43.39967559" lon="-5.82599831"><ele>166.86</ele><time>2024-09-03T18:49:13Z</time></trkpt><trkpt lat="43.39966033" lon="-5.82598767"><ele>166.73</ele><time>2024-09-03T18:49:14Z</time></trkpt><trkpt lat="43.39964500" lon="-5.82597700"><ele>166.60</ele><time>2024-09-03T18:49:15Z</time></trkpt><trkpt lat="43.39962967" lon="-5.82596633"><ele>166.47</ele><time>2024-09-03T18:49:16Z</time></trkpt><trkpt lat="43.39961433" lon="-5.82595567"><ele>166.33</ele><time>2024-09-03T18:49:17Z</time></trkpt><trkpt lat="43.39959900" lon="-5.82594500"><ele>166.20</ele><time>2024-09-03T18:49:18Z</time></trkpt><trkpt lat="43.39958367" lon="-5.82593433"><ele>166.07</ele><time>2024-09-03T18:49:19Z</time></trkpt><trkpt lat="43.39956809" lon="-5.82592367"><ele>165.94</ele><time>2024-09-03T18:49:20Z</time></trkpt><trkpt lat="43.39955204" lon="-5.82591303"><ele>165.83</ele><time>2024-09-03T18:49:21Z</time></trkpt><trkpt lat="43.39953526" lon="-5.82590241"><ele>165.75</ele><time>2024-09-03T18:49:22Z</time></trkpt><trkpt lat="43.39951800" lon="-5.82589180"><ele>165.68</ele><time>2024-09-03T18:49:23Z</time></trkpt><trkpt lat="43.39950050" lon="-5.82588120"><ele>165.62</ele><time>2024-09-03T18:49:24Z</time></trkpt><trkpt lat="43.39948300" lon="-5.82587060"><ele>165.56</ele><time>2024-09-03T18:49:25Z</time></trkpt><trkpt lat="43.39946550" lon="-5.82586000"><ele>165.50</ele><time>2024-09-03T18:49:26Z</time></trkpt><trkpt lat="43.39944800" lon="-5.82584940"><ele>165.44</ele><time>2024-09-03T18:49:27Z</time></trkpt><trkpt lat="43.39943050" lon="-5.82583880"><ele>165.38</ele><time>2024-09-03T18:49:28Z</time></trkpt><trkpt lat="43.39941300" lon="-5.82582820"><ele>165.32</ele><time>2024-09-03T18:49:29Z</time></trkpt><trkpt lat="43.39939550" lon="-5.82581767"><ele>165.27</ele><time>2024-09-03T18:49:30Z</time></trkpt><trkpt lat="43.39937800" lon="-5.82580727"><ele>165.23</ele><time>2024-09-03T18:49:31Z</time></trkpt><trkpt lat="43.39936081" lon="-5.82579697"><ele>165.20</ele><time>2024-09-03T18:49:32Z</time></trkpt><trkpt lat="43.39934422" lon="-5.82578661"><ele>165.19</ele><time>2024-09-03T18:49:33Z</time></trkpt><trkpt lat="43.39932856" lon="-5.82577603"><ele>165.17</ele><time>2024-09-03T18:49:34Z</time></trkpt><trkpt lat="43.39931350" lon="-5.82576525"><ele>165.15</ele><time>2024-09-03T18:49:35Z</time></trkpt><trkpt lat="43.39929875" lon="-5.82575437"><ele>165.12</ele><time>2024-09-03T18:49:36Z</time></trkpt><trkpt lat="43.39928400" lon="-5.82574350"><ele>165.10</ele><time>2024-09-03T18:49:37Z</time></trkpt><trkpt lat="43.39926925" lon="-5.82573262"><ele>165.07</ele><time>2024-09-03T18:49:38Z</time></trkpt><trkpt lat="43.39925450" lon="-5.82572175"><ele>165.05</ele><time>2024-09-03T18:49:39Z</time></trkpt><trkpt lat="43.39923983" lon="-5.82571108"><ele>165.03</ele><time>2024-09-03T18:49:40Z</time></trkpt><trkpt lat="43.39922524" lon="-5.82570062"><ele>165.02</ele><time>2024-09-03T18:49:41Z</time></trkpt><trkpt lat="43.39921072" lon="-5.82569036"><ele>165.02</ele><time>2024-09-03T18:49:42Z</time></trkpt><trkpt lat="43.39919609" lon="-5.82567988"><ele>165.04</ele><time>2024-09-03T18:49:43Z</time></trkpt><trkpt lat="43.39918136" lon="-5.82566918"><ele>165.07</ele><time>2024-09-03T18:49:44Z</time></trkpt><trkpt lat="43.39916655" lon="-5.82565827"><ele>165.11</ele><time>2024-09-03T18:49:45Z</time></trkpt><trkpt lat="43.39915173" lon="-5.82564736"><ele>165.15</ele><time>2024-09-03T18:49:46Z</time></trkpt><trkpt lat="43.39913691" lon="-5.82563645"><ele>165.18</ele><time>2024-09-03T18:49:47Z</time></trkpt><trkpt lat="43.39912209" lon="-5.82562555"><ele>165.22</ele><time>2024-09-03T18:49:48Z</time></trkpt><trkpt lat="43.39910727" lon="-5.82561464"><ele>165.25</ele><time>2024-09-03T18:49:49Z</time></trkpt><trkpt lat="43.39909245" lon="-5.82560373"><ele>165.29</ele><time>2024-09-03T18:49:50Z</time></trkpt><trkpt lat="43.39907764" lon="-5.82559282"><ele>165.33</ele><time>2024-09-03T18:49:51Z</time></trkpt><trkpt lat="43.39906291" lon="-5.82558190"><ele>165.36</ele><time>2024-09-03T18:49:52Z</time></trkpt><trkpt lat="43.39904838" lon="-5.82557096"><ele>165.39</ele><time>2024-09-03T18:49:53Z</time></trkpt><trkpt lat="43.39903416" lon="-5.82555999"><ele>165.43</ele><time>2024-09-03T18:49:54Z</time></trkpt><trkpt lat="43.39902019" lon="-5.82554900"><ele>165.47</ele><time>2024-09-03T18:49:55Z</time></trkpt><trkpt lat="43.39900633" lon="-5.82553800"><ele>165.53</ele><time>2024-09-03T18:49:56Z</time></trkpt><trkpt lat="43.39899250" lon="-5.82552700"><ele>165.60</ele><time>2024-09-03T18:49:57Z</time></trkpt><trkpt lat="43.39897867" lon="-5.82551600"><ele>165.67</ele><time>2024-09-03T18:49:58Z</time></trkpt><trkpt lat="43.39896474" lon="-5.82550519"><ele>165.73</ele><time>2024-09-03T18:49:59Z</time></trkpt><trkpt lat="43.39895063" lon="-5.82549474"><ele>165.80</ele><time>2024-09-03T18:50:00Z</time></trkpt><trkpt lat="43.39893624" lon="-5.82548485"><ele>165.87</ele><time>2024-09-03T18:50:01Z</time></trkpt><trkpt lat="43.39892185" lon="-5.82547532"><ele>165.93</ele><time>2024-09-03T18:50:02Z</time></trkpt><trkpt lat="43.39890774" lon="-5.82546595"><ele>165.99</ele><time>2024-09-03T18:50:03Z</time></trkpt><trkpt lat="43.39889419" lon="-5.82545653"><ele>166.03</ele><time>2024-09-03T18:50:04Z</time></trkpt><trkpt lat="43.39888100" lon="-5.82544709"><ele>166.07</ele><time>2024-09-03T18:50:05Z</time></trkpt><trkpt lat="43.39886800" lon="-5.82543764"><ele>166.11</ele><time>2024-09-03T18:50:06Z</time></trkpt><trkpt lat="43.39885500" lon="-5.82542818"><ele>166.15</ele><time>2024-09-03T18:50:07Z</time></trkpt><trkpt lat="43.39884200" lon="-5.82541873"><ele>166.18</ele><time>2024-09-03T18:50:08Z</time></trkpt><trkpt lat="43.39882900" lon="-5.82540927"><ele>166.22</ele><time>2024-09-03T18:50:09Z</time></trkpt><trkpt lat="43.39881600" lon="-5.82539982"><ele>166.25</ele><time>2024-09-03T18:50:10Z</time></trkpt><trkpt lat="43.39880300" lon="-5.82539036"><ele>166.29</ele><time>2024-09-03T18:50:11Z</time></trkpt><trkpt lat="43.39879000" lon="-5.82538091"><ele>166.33</ele><time>2024-09-03T18:50:12Z</time></trkpt><trkpt lat="43.39877699" lon="-5.82537147"><ele>166.36</ele><time>2024-09-03T18:50:13Z</time></trkpt><trkpt lat="43.39876395" lon="-5.82536205"><ele>166.38</ele><time>2024-09-03T18:50:14Z</time></trkpt><trkpt lat="43.39875088" lon="-5.82535268"><ele>166.40</ele><time>2024-09-03T18:50:15Z</time></trkpt><trkpt lat="43.39873778" lon="-5.82534333"><ele>166.40</ele><time>2024-09-03T18:50:16Z</time></trkpt><trkpt lat="43.39872467" lon="-5.82533400"><ele>166.40</ele><time>2024-09-03T18:50:17Z</time></trkpt><trkpt lat="43.39871156" lon="-5.82532467"><ele>166.40</ele><time>2024-09-03T18:50:18Z</time></trkpt><trkpt lat="43.39869844" lon="-5.82531533"><ele>166.40</ele><time>2024-09-03T18:50:19Z</time></trkpt><trkpt lat="43.39868533" lon="-5.82530600"><ele>166.40</ele><time>2024-09-03T18:50:20Z</time></trkpt><trkpt lat="43.39867222" lon="-5.82529667"><ele>166.40</ele><time>2024-09-03T18:50:21Z</time></trkpt><trkpt lat="43.39865909" lon="-5.82528728"><ele>166.40</ele><time>2024-09-03T18:50:22Z</time></trkpt><trkpt lat="43.39864592" lon="-5.82527777"><ele>166.41</ele><time>2024-09-03T18:50:23Z</time></trkpt><trkpt lat="43.39863269" lon="-5.82526808"><ele>166.43</ele><time>2024-09-03T18:50:24Z</time></trkpt><trkpt lat="43.39861943" lon="-5.82525829"><ele>166.46</ele><time>2024-09-03T18:50:25Z</time></trkpt><trkpt lat="43.39860614" lon="-5.82524843"><ele>166.49</ele><time>2024-09-03T18:50:26Z</time></trkpt><trkpt lat="43.39859286" lon="-5.82523857"><ele>166.51</ele><time>2024-09-03T18:50:27Z</time></trkpt><trkpt lat="43.39857957" lon="-5.82522871"><ele>166.54</ele><time>2024-09-03T18:50:28Z</time></trkpt><trkpt lat="43.39856634" lon="-5.82521884"><ele>166.57</ele><time>2024-09-03T18:50:29Z</time></trkpt><trkpt lat="43.39855322" lon="-5.82520894"><ele>166.61</ele><time>2024-09-03T18:50:30Z</time></trkpt><trkpt lat="43.39854025" lon="-5.82519898"><ele>166.64</ele><time>2024-09-03T18:50:31Z</time></trkpt><trkpt lat="43.39852740" lon="-5.82518900"><ele>166.68</ele><time>2024-09-03T18:50:32Z</time></trkpt><trkpt lat="43.39851460" lon="-5.82517900"><ele>166.72</ele><time>2024-09-03T18:50:33Z</time></trkpt><trkpt lat="43.39850170" lon="-5.82516908"><ele>166.76</ele><time>2024-09-03T18:50:34Z</time></trkpt><trkpt lat="43.39848861" lon="-5.82515933"><ele>166.78</ele><time>2024-09-03T18:50:35Z</time></trkpt><trkpt lat="43.39847524" lon="-5.82514983"><ele>166.80</ele><time>2024-09-03T18:50:36Z</time></trkpt><trkpt lat="43.39846167" lon="-5.82514050"><ele>166.80</ele><time>2024-09-03T18:50:37Z</time></trkpt><trkpt lat="43.39844800" lon="-5.82513125"><ele>166.80</ele><time>2024-09-03T18:50:38Z</time></trkpt><trkpt lat="43.39843433" lon="-5.82512200"><ele>166.80</ele><time>2024-09-03T18:50:39Z</time></trkpt><trkpt lat="43.39842067" lon="-5.82511275"><ele>166.80</ele><time>2024-09-03T18:50:40Z</time></trkpt><trkpt lat="43.39840700" lon="-5.82510350"><ele>166.80</ele><time>2024-09-03T18:50:41Z</time></trkpt><trkpt lat="43.39839333" lon="-5.82509425"><ele>166.80</ele><time>2024-09-03T18:50:42Z</time></trkpt><trkpt lat="43.39837967" lon="-5.82508500"><ele>166.80</ele><time>2024-09-03T18:50:43Z</time></trkpt><trkpt lat="43.39836600" lon="-5.82507575"><ele>166.80</ele><time>2024-09-03T18:50:44Z</time></trkpt><trkpt lat="43.39835233" lon="-5.82506650"><ele>166.80</ele><time>2024-09-03T18:50:45Z</time></trkpt><trkpt lat="43.39833864" lon="-5.82505761"><ele>166.80</ele><time>2024-09-03T18:50:46Z</time></trkpt><trkpt lat="43.39832491" lon="-5.82504944"><ele>166.81</ele><time>2024-09-03T18:50:47Z</time></trkpt><trkpt lat="43.39831110" lon="-5.82504236"><ele>166.83</ele><time>2024-09-03T18:50:48Z</time></trkpt><trkpt lat="43.39829725" lon="-5.82503600"><ele>166.85</ele><time>2024-09-03T18:50:49Z</time></trkpt><trkpt lat="43.39828337" lon="-5.82503000"><ele>166.88</ele><time>2024-09-03T18:50:50Z</time></trkpt><trkpt lat="43.39826950" lon="-5.82502400"><ele>166.90</ele><time>2024-09-03T18:50:51Z</time></trkpt><trkpt lat="43.39825562" lon="-5.82501800"><ele>166.92</ele><time>2024-09-03T18:50:52Z</time></trkpt><trkpt lat="43.39824175" lon="-5.82501200"><ele>166.95</ele><time>2024-09-03T18:50:53Z</time></trkpt><trkpt lat="43.39822777" lon="-5.82500676"><ele>166.98</ele><time>2024-09-03T18:50:54Z</time></trkpt><trkpt lat="43.39821359" lon="-5.82500302"><ele>167.02</ele><time>2024-09-03T18:50:55Z</time></trkpt><trkpt lat="43.39819910" lon="-5.82500156"><ele>167.06</ele><time>2024-09-03T18:50:56Z</time></trkpt><trkpt lat="43.39818440" lon="-5.82500160"><ele>167.12</ele><time>2024-09-03T18:50:57Z</time></trkpt><trkpt lat="43.39816960" lon="-5.82500240"><ele>167.18</ele><time>2024-09-03T18:50:58Z</time></trkpt><trkpt lat="43.39815480" lon="-5.82500320"><ele>167.24</ele><time>2024-09-03T18:50:59Z</time></trkpt><trkpt lat="43.39814000" lon="-5.82500400"><ele>167.30</ele><time>2024-09-03T18:51:00Z</time></trkpt><trkpt lat="43.39812520" lon="-5.82500480"><ele>167.36</ele><time>2024-09-03T18:51:01Z</time></trkpt><trkpt lat="43.39811040" lon="-5.82500560"><ele>167.42</ele><time>2024-09-03T18:51:02Z</time></trkpt><trkpt lat="43.39809560" lon="-5.82500640"><ele>167.48</ele><time>2024-09-03T18:51:03Z</time></trkpt><trkpt lat="43.39808063" lon="-5.82500751"><ele>167.54</ele><time>2024-09-03T18:51:04Z</time></trkpt><trkpt lat="43.39806533" lon="-5.82500924"><ele>167.60</ele><time>2024-09-03T18:51:05Z</time></trkpt><trkpt lat="43.39804953" lon="-5.82501191"><ele>167.66</ele><time>2024-09-03T18:51:06Z</time></trkpt><trkpt lat="43.39803340" lon="-5.82501520"><ele>167.72</ele><time>2024-09-03T18:51:07Z</time></trkpt><trkpt lat="43.39801710" lon="-5.82501880"><ele>167.78</ele><time>2024-09-03T18:51:08Z</time></trkpt><trkpt lat="43.39800080" lon="-5.82502240"><ele>167.84</ele><time>2024-09-03T18:51:09Z</time></trkpt><trkpt lat="43.39798450" lon="-5.82502600"><ele>167.90</ele><time>2024-09-03T18:51:10Z</time></trkpt><trkpt lat="43.39796820" lon="-5.82502960"><ele>167.96</ele><time>2024-09-03T18:51:11Z</time></trkpt><trkpt lat="43.39795190" lon="-5.82503320"><ele>168.02</ele><time>2024-09-03T18:51:12Z</time></trkpt><trkpt lat="43.39793560" lon="-5.82503680"><ele>168.08</ele><time>2024-09-03T18:51:13Z</time></trkpt><trkpt lat="43.39791941" lon="-5.82504064"><ele>168.14</ele><time>2024-09-03T18:51:14Z</time></trkpt><trkpt lat="43.39790346" lon="-5.82504495"><ele>168.21</ele><time>2024-09-03T18:51:15Z</time></trkpt><trkpt lat="43.39788784" lon="-5.82504996"><ele>168.29</ele><time>2024-09-03T18:51:16Z</time></trkpt><trkpt lat="43.39787245" lon="-5.82505545"><ele>168.38</ele><time>2024-09-03T18:51:17Z</time></trkpt><trkpt lat="43.39785718" lon="-5.82506118"><ele>168.47</ele><time>2024-09-03T18:51:18Z</time></trkpt><trkpt lat="43.39784191" lon="-5.82506691"><ele>168.56</ele><time>2024-09-03T18:51:19Z</time></trkpt><trkpt lat="43.39782664" lon="-5.82507264"><ele>168.65</ele><time>2024-09-03T18:51:20Z</time></trkpt><trkpt lat="43.39781136" lon="-5.82507836"><ele>168.75</ele><time>2024-09-03T18:51:21Z</time></trkpt><trkpt lat="43.39779609" lon="-5.82508409"><ele>168.84</ele><time>2024-09-03T18:51:22Z</time></trkpt><trkpt lat="43.39778082" lon="-5.82508982"><ele>168.93</ele><time>2024-09-03T18:51:23Z</time></trkpt><trkpt lat="43.39776555" lon="-5.82509555"><ele>169.02</ele><time>2024-09-03T18:51:24Z</time></trkpt><trkpt lat="43.39775018" lon="-5.82510172"><ele>169.12</ele><time>2024-09-03T18:51:25Z</time></trkpt><trkpt lat="43.39773464" lon="-5.82510878"><ele>169.23</ele><time>2024-09-03T18:51:26Z</time></trkpt><trkpt lat="43.39771882" lon="-5.82511717"><ele>169.37</ele><time>2024-09-03T18:51:27Z</time></trkpt><trkpt lat="43.39770282" lon="-5.82512645"><ele>169.53</ele><time>2024-09-03T18:51:28Z</time></trkpt><trkpt lat="43.39768673" lon="-5.82513618"><ele>169.69</ele><time>2024-09-03T18:51:29Z</time></trkpt><trkpt lat="43.39767064" lon="-5.82514591"><ele>169.85</ele><time>2024-09-03T18:51:30Z</time></trkpt><trkpt lat="43.39765455" lon="-5.82515564"><ele>170.02</ele><time>2024-09-03T18:51:31Z</time></trkpt><trkpt lat="43.39763845" lon="-5.82516536"><ele>170.18</ele><time>2024-09-03T18:51:32Z</time></trkpt><trkpt lat="43.39762236" lon="-5.82517509"><ele>170.35</ele><time>2024-09-03T18:51:33Z</time></trkpt><trkpt lat="43.39760627" lon="-5.82518482"><ele>170.51</ele><time>2024-09-03T18:51:34Z</time></trkpt><trkpt lat="43.39759018" lon="-5.82519455"><ele>170.67</ele><time>2024-09-03T18:51:35Z</time></trkpt><trkpt lat="43.39757441" lon="-5.82520407"><ele>170.83</ele><time>2024-09-03T18:51:36Z</time></trkpt><trkpt lat="43.39755926" lon="-5.82521318"><ele>170.98</ele><time>2024-09-03T18:51:37Z</time></trkpt><trkpt lat="43.39754507" lon="-5.82522167"><ele>171.12</ele><time>2024-09-03T18:51:38Z</time></trkpt><trkpt lat="43.39753150" lon="-5.82522975"><ele>171.25</ele><time>2024-09-03T18:51:39Z</time></trkpt><trkpt lat="43.39751825" lon="-5.82523762"><ele>171.38</ele><time>2024-09-03T18:51:40Z</time></trkpt><trkpt lat="43.39750500" lon="-5.82524550"><ele>171.50</ele><time>2024-09-03T18:51:41Z</time></trkpt><trkpt lat="43.39749175" lon="-5.82525337"><ele>171.62</ele><time>2024-09-03T18:51:42Z</time></trkpt><trkpt lat="43.39747850" lon="-5.82526125"><ele>171.75</ele><time>2024-09-03T18:51:43Z</time></trkpt><trkpt lat="43.39746517" lon="-5.82526924"><ele>171.87</ele><time>2024-09-03T18:51:44Z</time></trkpt><trkpt lat="43.39745167" lon="-5.82527746"><ele>171.97</ele><time>2024-09-03T18:51:45Z</time></trkpt><trkpt lat="43.39743792" lon="-5.82528603"><ele>172.06</ele><time>2024-09-03T18:51:46Z</time></trkpt><trkpt lat="43.39742400" lon="-5.82529483"><ele>172.13</ele><time>2024-09-03T18:51:47Z</time></trkpt><trkpt lat="43.39741000" lon="-5.82530375"><ele>172.20</ele><time>2024-09-03T18:51:48Z</time></trkpt><trkpt lat="43.39739600" lon="-5.82531267"><ele>172.27</ele><time>2024-09-03T18:51:49Z</time></trkpt><trkpt lat="43.39738200" lon="-5.82532158"><ele>172.33</ele><time>2024-09-03T18:51:50Z</time></trkpt><trkpt lat="43.39736800" lon="-5.82533050"><ele>172.40</ele><time>2024-09-03T18:51:51Z</time></trkpt><trkpt lat="43.39735400" lon="-5.82533942"><ele>172.47</ele><time>2024-09-03T18:51:52Z</time></trkpt><trkpt lat="43.39734000" lon="-5.82534833"><ele>172.53</ele><time>2024-09-03T18:51:53Z</time></trkpt><trkpt lat="43.39732600" lon="-5.82535725"><ele>172.60</ele><time>2024-09-03T18:51:54Z</time></trkpt><trkpt lat="43.39731200" lon="-5.82536617"><ele>172.67</ele><time>2024-09-03T18:51:55Z</time></trkpt><trkpt lat="43.39729789" lon="-5.82537487"><ele>172.73</ele><time>2024-09-03T18:51:56Z</time></trkpt><trkpt lat="43.39728339" lon="-5.82538272"><ele>172.78</ele><time>2024-09-03T18:51:57Z</time></trkpt><trkpt lat="43.39726824" lon="-5.82538909"><ele>172.83</ele><time>2024-09-03T18:51:58Z</time></trkpt><trkpt lat="43.39725238" lon="-5.82539376"><ele>172.90</ele><time>2024-09-03T18:51:59Z</time></trkpt><trkpt lat="43.39723609" lon="-5.82539736"><ele>172.98</ele><time>2024-09-03T18:52:00Z</time></trkpt><trkpt lat="43.39721964" lon="-5.82540055"><ele>173.07</ele><time>2024-09-03T18:52:01Z</time></trkpt><trkpt lat="43.39720318" lon="-5.82540373"><ele>173.16</ele><time>2024-09-03T18:52:02Z</time></trkpt><trkpt lat="43.39718673" lon="-5.82540691"><ele>173.25</ele><time>2024-09-03T18:52:03Z</time></trkpt><trkpt lat="43.39717027" lon="-5.82541009"><ele>173.35</ele><time>2024-09-03T18:52:04Z</time></trkpt><trkpt lat="43.39715382" lon="-5.82541327"><ele>173.44</ele><time>2024-09-03T18:52:05Z</time></trkpt><trkpt lat="43.39713736" lon="-5.82541645"><ele>173.53</ele><time>2024-09-03T18:52:06Z</time></trkpt><trkpt lat="43.39712091" lon="-5.82541964"><ele>173.62</ele><time>2024-09-03T18:52:07Z</time></trkpt><trkpt lat="43.39710456" lon="-5.82542279"><ele>173.71</ele><time>2024-09-03T18:52:08Z</time></trkpt><trkpt lat="43.39708840" lon="-5.82542588"><ele>173.79</ele><time>2024-09-03T18:52:09Z</time></trkpt><trkpt lat="43.39707256" lon="-5.82542888"><ele>173.87</ele><time>2024-09-03T18:52:10Z</time></trkpt><trkpt lat="43.39705691" lon="-5.82543182"><ele>173.95</ele><time>2024-09-03T18:52:11Z</time></trkpt><trkpt lat="43.39704136" lon="-5.82543473"><ele>174.02</ele><time>2024-09-03T18:52:12Z</time></trkpt><trkpt lat="43.39702582" lon="-5.82543764"><ele>174.09</ele><time>2024-09-03T18:52:13Z</time></trkpt><trkpt lat="43.39701027" lon="-5.82544055"><ele>174.16</ele><time>2024-09-03T18:52:14Z</time></trkpt><trkpt lat="43.39699473" lon="-5.82544345"><ele>174.24</ele><time>2024-09-03T18:52:15Z</time></trkpt><trkpt lat="43.39697918" lon="-5.82544636"><ele>174.31</ele><time>2024-09-03T18:52:16Z</time></trkpt><trkpt lat="43.39696364" lon="-5.82544927"><ele>174.38</ele><time>2024-09-03T18:52:17Z</time></trkpt><trkpt lat="43.39694809" lon="-5.82545218"><ele>174.45</ele><time>2024-09-03T18:52:18Z</time></trkpt><trkpt lat="43.39693250" lon="-5.82545497"><ele>174.53</ele><time>2024-09-03T18:52:19Z</time></trkpt><trkpt lat="43.39691684" lon="-5.82545752"><ele>174.61</ele><time>2024-09-03T18:52:20Z</time></trkpt><trkpt lat="43.39690104" lon="-5.82545971"><ele>174.70</ele><time>2024-09-03T18:52:21Z</time></trkpt><trkpt lat="43.39688517" lon="-5.82546167"><ele>174.80</ele><time>2024-09-03T18:52:22Z</time></trkpt><trkpt lat="43.39686925" lon="-5.82546350"><ele>174.90</ele><time>2024-09-03T18:52:23Z</time></trkpt><trkpt lat="43.39685333" lon="-5.82546533"><ele>175.00</ele><time>2024-09-03T18:52:24Z</time></trkpt><trkpt lat="43.39683742" lon="-5.82546717"><ele>175.10</ele><time>2024-09-03T18:52:25Z</time></trkpt><trkpt lat="43.39682150" lon="-5.82546900"><ele>175.20</ele><time>2024-09-03T18:52:26Z</time></trkpt><trkpt lat="43.39680558" lon="-5.82547083"><ele>175.30</ele><time>2024-09-03T18:52:27Z</time></trkpt><trkpt lat="43.39678967" lon="-5.82547267"><ele>175.40</ele><time>2024-09-03T18:52:28Z</time></trkpt><trkpt lat="43.39677375" lon="-5.82547450"><ele>175.50</ele><time>2024-09-03T18:52:29Z</time></trkpt><trkpt lat="43.39675783" lon="-5.82547633"><ele>175.60</ele><time>2024-09-03T18:52:30Z</time></trkpt><trkpt lat="43.39674180" lon="-5.82547819"><ele>175.70</ele><time>2024-09-03T18:52:31Z</time></trkpt><trkpt lat="43.39672552" lon="-5.82548007"><ele>175.80</ele><time>2024-09-03T18:52:32Z</time></trkpt><trkpt lat="43.39670912" lon="-5.82548187"><ele>175.90</ele><time>2024-09-03T18:52:33Z</time></trkpt><trkpt lat="43.39669298" lon="-5.82548342"><ele>176.02</ele><time>2024-09-03T18:52:34Z</time></trkpt><trkpt lat="43.39667744" lon="-5.82548456"><ele>176.14</ele><time>2024-09-03T18:52:35Z</time></trkpt><trkpt lat="43.39666240" lon="-5.82548540"><ele>176.28</ele><time>2024-09-03T18:52:36Z</time></trkpt><trkpt lat="43.39664760" lon="-5.82548610"><ele>176.42</ele><time>2024-09-03T18:52:37Z</time></trkpt><trkpt lat="43.39663280" lon="-5.82548680"><ele>176.56</ele><time>2024-09-03T18:52:38Z</time></trkpt><trkpt lat="43.39661800" lon="-5.82548750"><ele>176.70</ele><time>2024-09-03T18:52:39Z</time></trkpt><trkpt lat="43.39660320" lon="-5.82548820"><ele>176.84</ele><time>2024-09-03T18:52:40Z</time></trkpt><trkpt lat="43.39658840" lon="-5.82548890"><ele>176.98</ele><time>2024-09-03T18:52:41Z</time></trkpt><trkpt lat="43.39657360" lon="-5.82548960"><ele>177.12</ele><time>2024-09-03T18:52:42Z</time></trkpt><trkpt lat="43.39655896" lon="-5.82549029"><ele>177.26</ele><time>2024-09-03T18:52:43Z</time></trkpt><trkpt lat="43.39654464" lon="-5.82549097"><ele>177.40</ele><time>2024-09-03T18:52:44Z</time></trkpt><trkpt lat="43.39653080" lon="-5.82549163"><ele>177.55</ele><time>2024-09-03T18:52:45Z</time></trkpt><trkpt lat="43.39651727" lon="-5.82549227"><ele>177.69</ele><time>2024-09-03T18:52:46Z</time></trkpt><trkpt lat="43.39650391" lon="-5.82549291"><ele>177.84</ele><time>2024-09-03T18:52:47Z</time></trkpt><trkpt lat="43.39649055" lon="-5.82549355"><ele>177.98</ele><time>2024-09-03T18:52:48Z</time></trkpt><trkpt lat="43.39647718" lon="-5.82549418"><ele>178.13</ele><time>2024-09-03T18:52:49Z</time></trkpt><trkpt lat="43.39646382" lon="-5.82549482"><ele>178.27</ele><time>2024-09-03T18:52:50Z</time></trkpt><trkpt lat="43.39645045" lon="-5.82549545"><ele>178.42</ele><time>2024-09-03T18:52:51Z</time></trkpt><trkpt lat="43.39643709" lon="-5.82549609"><ele>178.56</ele><time>2024-09-03T18:52:52Z</time></trkpt><trkpt lat="43.39642373" lon="-5.82549673"><ele>178.71</ele><time>2024-09-03T18:52:53Z</time></trkpt><trkpt lat="43.39641014" lon="-5.82549722"><ele>178.86</ele><time>2024-09-03T18:52:54Z</time></trkpt><trkpt lat="43.39639612" lon="-5.82549742"><ele>179.02</ele><time>2024-09-03T18:52:55Z</time></trkpt><trkpt lat="43.39638145" lon="-5.82549719"><ele>179.21</ele><time>2024-09-03T18:52:56Z</time></trkpt><trkpt lat="43.39636637" lon="-5.82549669"><ele>179.39</ele><time>2024-09-03T18:52:57Z</time></trkpt><trkpt lat="43.39635115" lon="-5.82549607"><ele>179.56</ele><time>2024-09-03T18:52:58Z</time></trkpt><trkpt lat="43.39633615" lon="-5.82549541"><ele>179.70</ele><time>2024-09-03T18:52:59Z</time></trkpt><trkpt lat="43.39632144" lon="-5.82549456"><ele>179.84</ele><time>2024-09-03T18:53:00Z</time></trkpt><trkpt lat="43.39630707" lon="-5.82549348"><ele>180.00</ele><time>2024-09-03T18:53:01Z</time></trkpt><trkpt lat="43.39629285" lon="-5.82549237"><ele>180.17</ele><time>2024-09-03T18:53:02Z</time></trkpt><trkpt lat="43.39627863" lon="-5.82549143"><ele>180.33</ele><time>2024-09-03T18:53:03Z</time></trkpt><trkpt lat="43.39626426" lon="-5.82549074"><ele>180.47</ele><time>2024-09-03T18:53:04Z</time></trkpt><trkpt lat="43.39624970" lon="-5.82549030"><ele>180.63</ele><time>2024-09-03T18:53:05Z</time></trkpt><trkpt lat="43.39623518" lon="-5.82549005"><ele>180.81</ele><time>2024-09-03T18:53:06Z</time></trkpt><trkpt lat="43.39622100" lon="-5.82548989"><ele>181.00</ele><time>2024-09-03T18:53:07Z</time></trkpt><trkpt lat="43.39620750" lon="-5.82548972"><ele>181.20</ele><time>2024-09-03T18:53:08Z</time></trkpt><trkpt lat="43.39619450" lon="-5.82548950"><ele>181.40</ele><time>2024-09-03T18:53:09Z</time></trkpt><trkpt lat="43.39618170" lon="-5.82548924"><ele>181.59</ele><time>2024-09-03T18:53:10Z</time></trkpt><trkpt lat="43.39616879" lon="-5.82548896"><ele>181.75</ele><time>2024-09-03T18:53:11Z</time></trkpt><trkpt lat="43.39615573" lon="-5.82548866"><ele>181.88</ele><time>2024-09-03T18:53:12Z</time></trkpt><trkpt lat="43.39614256" lon="-5.82548833"><ele>181.98</ele><time>2024-09-03T18:53:13Z</time></trkpt><trkpt lat="43.39612933" lon="-5.82548800"><ele>182.07</ele><time>2024-09-03T18:53:14Z</time></trkpt><trkpt lat="43.39611611" lon="-5.82548767"><ele>182.16</ele><time>2024-09-03T18:53:15Z</time></trkpt><trkpt lat="43.39610289" lon="-5.82548733"><ele>182.24</ele><time>2024-09-03T18:53:16Z</time></trkpt><trkpt lat="43.39608967" lon="-5.82548700"><ele>182.33</ele><time>2024-09-03T18:53:17Z</time></trkpt><trkpt lat="43.39607644" lon="-5.82548667"><ele>182.42</ele><time>2024-09-03T18:53:18Z</time></trkpt><trkpt lat="43.39606305" lon="-5.82548625"><ele>182.49</ele><time>2024-09-03T18:53:19Z</time></trkpt><trkpt lat="43.39604932" lon="-5.82548565"><ele>182.50</ele><time>2024-09-03T18:53:20Z</time></trkpt><trkpt lat="43.39603508" lon="-5.82548479"><ele>182.45</ele><time>2024-09-03T18:53:21Z</time></trkpt><trkpt lat="43.39602050" lon="-5.82548375"><ele>182.35</ele><time>2024-09-03T18:53:22Z</time></trkpt><trkpt lat="43.39600575" lon="-5.82548263"><ele>182.22</ele><time>2024-09-03T18:53:23Z</time></trkpt><trkpt lat="43.39599100" lon="-5.82548150"><ele>182.10</ele><time>2024-09-03T18:53:24Z</time></trkpt><trkpt lat="43.39597625" lon="-5.82548037"><ele>181.97</ele><time>2024-09-03T18:53:25Z</time></trkpt><trkpt lat="43.39596150" lon="-5.82547925"><ele>181.85</ele><time>2024-09-03T18:53:26Z</time></trkpt><trkpt lat="43.39594666" lon="-5.82547834"><ele>181.72</ele><time>2024-09-03T18:53:27Z</time></trkpt><trkpt lat="43.39593164" lon="-5.82547785"><ele>181.60</ele><time>2024-09-03T18:53:28Z</time></trkpt><trkpt lat="43.39591635" lon="-5.82547799"><ele>181.47</ele><time>2024-09-03T18:53:29Z</time></trkpt><trkpt lat="43.39590089" lon="-5.82547856"><ele>181.33</ele><time>2024-09-03T18:53:30Z</time></trkpt><trkpt lat="43.39588533" lon="-5.82547933"><ele>181.20</ele><time>2024-09-03T18:53:31Z</time></trkpt><trkpt lat="43.39586978" lon="-5.82548011"><ele>181.07</ele><time>2024-09-03T18:53:32Z</time></trkpt><trkpt lat="43.39585422" lon="-5.82548089"><ele>180.93</ele><time>2024-09-03T18:53:33Z</time></trkpt><trkpt lat="43.39583867" lon="-5.82548167"><ele>180.80</ele><time>2024-09-03T18:53:34Z</time></trkpt><trkpt lat="43.39582311" lon="-5.82548244"><ele>180.67</ele><time>2024-09-03T18:53:35Z</time></trkpt><trkpt lat="43.39580744" lon="-5.82548309"><ele>180.54</ele><time>2024-09-03T18:53:36Z</time></trkpt><trkpt lat="43.39579154" lon="-5.82548348"><ele>180.42</ele><time>2024-09-03T18:53:37Z</time></trkpt><trkpt lat="43.39577528" lon="-5.82548347"><ele>180.33</ele><time>2024-09-03T18:53:38Z</time></trkpt><trkpt lat="43.39575880" lon="-5.82548320"><ele>180.24</ele><time>2024-09-03T18:53:39Z</time></trkpt><trkpt lat="43.39574220" lon="-5.82548280"><ele>180.16</ele><time>2024-09-03T18:53:40Z</time></trkpt><trkpt lat="43.39572545" lon="-5.82548241"><ele>180.06</ele><time>2024-09-03T18:53:41Z</time></trkpt><trkpt lat="43.39570842" lon="-5.82548206"><ele>179.91</ele><time>2024-09-03T18:53:42Z</time></trkpt><trkpt lat="43.39569095" lon="-5.82548174"><ele>179.71</ele><time>2024-09-03T18:53:43Z</time></trkpt><trkpt lat="43.39567318" lon="-5.82548145"><ele>179.45</ele><time>2024-09-03T18:53:44Z</time></trkpt><trkpt lat="43.39565527" lon="-5.82548118"><ele>179.18</ele><time>2024-09-03T18:53:45Z</time></trkpt><trkpt lat="43.39563736" lon="-5.82548091"><ele>178.91</ele><time>2024-09-03T18:53:46Z</time></trkpt><trkpt lat="43.39561945" lon="-5.82548064"><ele>178.64</ele><time>2024-09-03T18:53:47Z</time></trkpt><trkpt lat="43.39560155" lon="-5.82548036"><ele>178.36</ele><time>2024-09-03T18:53:48Z</time></trkpt><trkpt lat="43.39558364" lon="-5.82548009"><ele>178.09</ele><time>2024-09-03T18:53:49Z</time></trkpt><trkpt lat="43.39556573" lon="-5.82547982"><ele>177.82</ele><time>2024-09-03T18:53:50Z</time></trkpt><trkpt lat="43.39554782" lon="-5.82547955"><ele>177.55</ele><time>2024-09-03T18:53:51Z</time></trkpt><trkpt lat="43.39552990" lon="-5.82547891"><ele>177.31</ele><time>2024-09-03T18:53:52Z</time></trkpt><trkpt lat="43.39551196" lon="-5.82547757"><ele>177.17</ele><time>2024-09-03T18:53:53Z</time></trkpt><trkpt lat="43.39549416" lon="-5.82547503"><ele>177.15</ele><time>2024-09-03T18:53:54Z</time></trkpt><trkpt lat="43.39547667" lon="-5.82547156"><ele>177.24</ele><time>2024-09-03T18:53:55Z</time></trkpt><trkpt lat="43.39545972" lon="-5.82546756"><ele>177.41</ele><time>2024-09-03T18:53:56Z</time></trkpt><trkpt lat="43.39544309" lon="-5.82546386"><ele>177.60</ele><time>2024-09-03T18:53:57Z</time></trkpt><trkpt lat="43.39542651" lon="-5.82546096"><ele>177.79</ele><time>2024-09-03T18:53:58Z</time></trkpt><trkpt lat="43.39540964" lon="-5.82545898"><ele>177.98</ele><time>2024-09-03T18:53:59Z</time></trkpt><trkpt lat="43.39539256" lon="-5.82545756"><ele>178.16</ele><time>2024-09-03T18:54:00Z</time></trkpt><trkpt lat="43.39537533" lon="-5.82545633"><ele>178.33</ele><time>2024-09-03T18:54:01Z</time></trkpt><trkpt lat="43.39535811" lon="-5.82545511"><ele>178.51</ele><time>2024-09-03T18:54:02Z</time></trkpt><trkpt lat="43.39534089" lon="-5.82545389"><ele>178.69</ele><time>2024-09-03T18:54:03Z</time></trkpt><trkpt lat="43.39532367" lon="-5.82545267"><ele>178.87</ele><time>2024-09-03T18:54:04Z</time></trkpt><trkpt lat="43.39530644" lon="-5.82545144"><ele>179.04</ele><time>2024-09-03T18:54:05Z</time></trkpt><trkpt lat="43.39528932" lon="-5.82545037"><ele>179.21</ele><time>2024-09-03T18:54:06Z</time></trkpt><trkpt lat="43.39527238" lon="-5.82544960"><ele>179.37</ele><time>2024-09-03T18:54:07Z</time></trkpt><trkpt lat="43.39525572" lon="-5.82544927"><ele>179.49</ele><time>2024-09-03T18:54:08Z</time></trkpt><trkpt lat="43.39523925" lon="-5.82544925"><ele>179.60</ele><time>2024-09-03T18:54:09Z</time></trkpt><trkpt lat="43.39522288" lon="-5.82544937"><ele>179.70</ele><time>2024-09-03T18:54:10Z</time></trkpt><trkpt lat="43.39520650" lon="-5.82544950"><ele>179.80</ele><time>2024-09-03T18:54:11Z</time></trkpt><trkpt lat="43.39519012" lon="-5.82544962"><ele>179.90</ele><time>2024-09-03T18:54:12Z</time></trkpt><trkpt lat="43.39517375" lon="-5.82544975"><ele>180.00</ele><time>2024-09-03T18:54:13Z</time></trkpt><trkpt lat="43.39515751" lon="-5.82544961"><ele>180.09</ele><time>2024-09-03T18:54:14Z</time></trkpt><trkpt lat="43.39514154" lon="-5.82544894"><ele>180.14</ele><time>2024-09-03T18:54:15Z</time></trkpt><trkpt lat="43.39512597" lon="-5.82544749"><ele>180.15</ele><time>2024-09-03T18:54:16Z</time></trkpt><trkpt lat="43.39511067" lon="-5.82544550"><ele>180.13</ele><time>2024-09-03T18:54:17Z</time></trkpt><trkpt lat="43.39509550" lon="-5.82544325"><ele>180.10</ele><time>2024-09-03T18:54:18Z</time></trkpt><trkpt lat="43.39508033" lon="-5.82544100"><ele>180.07</ele><time>2024-09-03T18:54:19Z</time></trkpt><trkpt lat="43.39506517" lon="-5.82543875"><ele>180.03</ele><time>2024-09-03T18:54:20Z</time></trkpt><trkpt lat="43.39505000" lon="-5.82543650"><ele>180.00</ele><time>2024-09-03T18:54:21Z</time></trkpt><trkpt lat="43.39503483" lon="-5.82543425"><ele>179.97</ele><time>2024-09-03T18:54:22Z</time></trkpt><trkpt lat="43.39501967" lon="-5.82543200"><ele>179.93</ele><time>2024-09-03T18:54:23Z</time></trkpt><trkpt lat="43.39500450" lon="-5.82542975"><ele>179.90</ele><time>2024-09-03T18:54:24Z</time></trkpt><trkpt lat="43.39498933" lon="-5.82542750"><ele>179.87</ele><time>2024-09-03T18:54:25Z</time></trkpt><trkpt lat="43.39497419" lon="-5.82542517"><ele>179.81</ele><time>2024-09-03T18:54:26Z</time></trkpt><trkpt lat="43.39495910" lon="-5.82542283"><ele>179.74</ele><time>2024-09-03T18:54:27Z</time></trkpt><trkpt lat="43.39494412" lon="-5.82542056"><ele>179.63</ele><time>2024-09-03T18:54:28Z</time></trkpt><trkpt lat="43.39492925" lon="-5.82541860"><ele>179.52</ele><time>2024-09-03T18:54:29Z</time></trkpt><trkpt lat="43.39491444" lon="-5.82541689"><ele>179.42</ele><time>2024-09-03T18:54:30Z</time></trkpt><trkpt lat="43.39489967" lon="-5.82541533"><ele>179.33</ele><time>2024-09-03T18:54:31Z</time></trkpt><trkpt lat="43.39488489" lon="-5.82541378"><ele>179.24</ele><time>2024-09-03T18:54:32Z</time></trkpt><trkpt lat="43.39487011" lon="-5.82541222"><ele>179.16</ele><time>2024-09-03T18:54:33Z</time></trkpt><trkpt lat="43.39485533" lon="-5.82541067"><ele>179.07</ele><time>2024-09-03T18:54:34Z</time></trkpt><trkpt lat="43.39484056" lon="-5.82540911"><ele>178.98</ele><time>2024-09-03T18:54:35Z</time></trkpt><trkpt lat="43.39482585" lon="-5.82540767"><ele>178.90</ele><time>2024-09-03T18:54:36Z</time></trkpt><trkpt lat="43.39481131" lon="-5.82540647"><ele>178.83</ele><time>2024-09-03T18:54:37Z</time></trkpt><trkpt lat="43.39479699" lon="-5.82540562"><ele>178.79</ele><time>2024-09-03T18:54:38Z</time></trkpt><trkpt lat="43.39478283" lon="-5.82540500"><ele>178.77</ele><time>2024-09-03T18:54:39Z</time></trkpt><trkpt lat="43.39476875" lon="-5.82540450"><ele>178.75</ele><time>2024-09-03T18:54:40Z</time></trkpt><trkpt lat="43.39475467" lon="-5.82540400"><ele>178.73</ele><time>2024-09-03T18:54:41Z</time></trkpt><trkpt lat="43.39474058" lon="-5.82540350"><ele>178.72</ele><time>2024-09-03T18:54:42Z</time></trkpt><trkpt lat="43.39472650" lon="-5.82540300"><ele>178.70</ele><time>2024-09-03T18:54:43Z</time></trkpt><trkpt lat="43.39471242" lon="-5.82540250"><ele>178.68</ele><time>2024-09-03T18:54:44Z</time></trkpt><trkpt lat="43.39469833" lon="-5.82540200"><ele>178.67</ele><time>2024-09-03T18:54:45Z</time></trkpt><trkpt lat="43.39468425" lon="-5.82540150"><ele>178.65</ele><time>2024-09-03T18:54:46Z</time></trkpt><trkpt lat="43.39467017" lon="-5.82540100"><ele>178.63</ele><time>2024-09-03T18:54:47Z</time></trkpt><trkpt lat="43.39465614" lon="-5.82540106"><ele>178.63</ele><time>2024-09-03T18:54:48Z</time></trkpt><trkpt lat="43.39464221" lon="-5.82540222"><ele>178.64</ele><time>2024-09-03T18:54:49Z</time></trkpt><trkpt lat="43.39462845" lon="-5.82540506"><ele>178.69</ele><time>2024-09-03T18:54:50Z</time></trkpt><trkpt lat="43.39461480" lon="-5.82540900"><ele>178.76</ele><time>2024-09-03T18:54:51Z</time></trkpt><trkpt lat="43.39460120" lon="-5.82541350"><ele>178.84</ele><time>2024-09-03T18:54:52Z</time></trkpt><trkpt lat="43.39458760" lon="-5.82541800"><ele>178.92</ele><time>2024-09-03T18:54:53Z</time></trkpt><trkpt lat="43.39457400" lon="-5.82542250"><ele>179.00</ele><time>2024-09-03T18:54:54Z</time></trkpt><trkpt lat="43.39456040" lon="-5.82542700"><ele>179.08</ele><time>2024-09-03T18:54:55Z</time></trkpt><trkpt lat="43.39454680" lon="-5.82543150"><ele>179.16</ele><time>2024-09-03T18:54:56Z</time></trkpt><trkpt lat="43.39453320" lon="-5.82543600"><ele>179.24</ele><time>2024-09-03T18:54:57Z</time></trkpt><trkpt lat="43.39451945" lon="-5.82544084"><ele>179.32</ele><time>2024-09-03T18:54:58Z</time></trkpt><trkpt lat="43.39450541" lon="-5.82544637"><ele>179.42</ele><time>2024-09-03T18:54:59Z</time></trkpt><trkpt lat="43.39449094" lon="-5.82545293"><ele>179.52</ele><time>2024-09-03T18:55:00Z</time></trkpt><trkpt lat="43.39447617" lon="-5.82546017"><ele>179.63</ele><time>2024-09-03T18:55:01Z</time></trkpt><trkpt lat="43.39446125" lon="-5.82546775"><ele>179.75</ele><time>2024-09-03T18:55:02Z</time></trkpt><trkpt lat="43.39444633" lon="-5.82547533"><ele>179.87</ele><time>2024-09-03T18:55:03Z</time></trkpt><trkpt lat="43.39443142" lon="-5.82548292"><ele>179.98</ele><time>2024-09-03T18:55:04Z</time></trkpt><trkpt lat="43.39441650" lon="-5.82549050"><ele>180.10</ele><time>2024-09-03T18:55:05Z</time></trkpt><trkpt lat="43.39440158" lon="-5.82549808"><ele>180.22</ele><time>2024-09-03T18:55:06Z</time></trkpt><trkpt lat="43.39438667" lon="-5.82550567"><ele>180.33</ele><time>2024-09-03T18:55:07Z</time></trkpt><trkpt lat="43.39437175" lon="-5.82551325"><ele>180.45</ele><time>2024-09-03T18:55:08Z</time></trkpt><trkpt lat="43.39435683" lon="-5.82552083"><ele>180.57</ele><time>2024-09-03T18:55:09Z</time></trkpt><trkpt lat="43.39434213" lon="-5.82552880"><ele>180.68</ele><time>2024-09-03T18:55:10Z</time></trkpt><trkpt lat="43.39432785" lon="-5.82553752"><ele>180.80</ele><time>2024-09-03T18:55:11Z</time></trkpt><trkpt lat="43.39431421" lon="-5.82554738"><ele>180.92</ele><time>2024-09-03T18:55:12Z</time></trkpt><trkpt lat="43.39430100" lon="-5.82555800"><ele>181.04</ele><time>2024-09-03T18:55:13Z</time></trkpt><trkpt lat="43.39428800" lon="-5.82556900"><ele>181.16</ele><time>2024-09-03T18:55:14Z</time></trkpt><trkpt lat="43.39427522" lon="-5.82557878"><ele>181.27</ele><time>2024-09-03T18:55:15Z</time></trkpt><trkpt lat="43.39426289" lon="-5.82558611"><ele>181.35</ele><time>2024-09-03T18:55:16Z</time></trkpt><trkpt lat="43.39425167" lon="-5.82558867"><ele>181.36</ele><time>2024-09-03T18:55:17Z</time></trkpt><trkpt lat="43.39424233" lon="-5.82558722"><ele>181.33</ele><time>2024-09-03T18:55:18Z</time></trkpt><trkpt lat="43.39423567" lon="-5.82558256"><ele>181.25</ele><time>2024-09-03T18:55:19Z</time></trkpt><trkpt lat="43.39423156" lon="-5.82557767"><ele>181.18</ele><time>2024-09-03T18:55:20Z</time></trkpt><trkpt lat="43.39422900" lon="-5.82557300"><ele>181.12</ele><time>2024-09-03T18:55:21Z</time></trkpt><trkpt lat="43.39422700" lon="-5.82556900"><ele>181.08</ele><time>2024-09-03T18:55:22Z</time></trkpt><trkpt lat="43.39422520" lon="-5.82556540"><ele>181.04</ele><time>2024-09-03T18:55:23Z</time></trkpt><trkpt lat="43.39422379" lon="-5.82556258"><ele>181.02</ele><time>2024-09-03T18:55:24Z</time></trkpt><trkpt lat="43.39422298" lon="-5.82556095"><ele>181.00</ele><time>2024-09-03T18:55:25Z</time></trkpt><trkpt lat="43.39422256" lon="-5.82556011"><ele>181.00</ele><time>2024-09-03T18:55:26Z</time></trkpt><trkpt lat="43.39422233" lon="-5.82555967"><ele>181.00</ele><time>2024-09-03T18:55:27Z</time></trkpt><trkpt lat="43.39422211" lon="-5.82555922"><ele>181.00</ele><time>2024-09-03T18:55:28Z</time></trkpt><trkpt lat="43.39422189" lon="-5.82555878"><ele>181.00</ele><time>2024-09-03T18:55:29Z</time></trkpt><trkpt lat="43.39422167" lon="-5.82555833"><ele>181.00</ele><time>2024-09-03T18:55:30Z</time></trkpt><trkpt lat="43.39422144" lon="-5.82555789"><ele>181.00</ele><time>2024-09-03T18:55:31Z</time></trkpt><trkpt lat="43.39422102" lon="-5.82555784"><ele>181.00</ele><time>2024-09-03T18:55:32Z</time></trkpt><trkpt lat="43.39422021" lon="-5.82555858"><ele>181.02</ele><time>2024-09-03T18:55:33Z</time></trkpt><trkpt lat="43.39421880" lon="-5.82556049"><ele>181.04</ele><time>2024-09-03T18:55:34Z</time></trkpt><trkpt lat="43.39421700" lon="-5.82556320"><ele>181.08</ele><time>2024-09-03T18:55:35Z</time></trkpt><trkpt lat="43.39421500" lon="-5.82556630"><ele>181.12</ele><time>2024-09-03T18:55:36Z</time></trkpt><trkpt lat="43.39421300" lon="-5.82556940"><ele>181.16</ele><time>2024-09-03T18:55:37Z</time></trkpt><trkpt lat="43.39421100" lon="-5.82557250"><ele>181.20</ele><time>2024-09-03T18:55:38Z</time></trkpt><trkpt lat="43.39420900" lon="-5.82557560"><ele>181.24</ele><time>2024-09-03T18:55:39Z</time></trkpt><trkpt lat="43.39420700" lon="-5.82557870"><ele>181.28</ele><time>2024-09-03T18:55:40Z</time></trkpt><trkpt lat="43.39420500" lon="-5.82558180"><ele>181.32</ele><time>2024-09-03T18:55:41Z</time></trkpt><trkpt lat="43.39420300" lon="-5.82558490"><ele>181.36</ele><time>2024-09-03T18:55:42Z</time></trkpt><trkpt lat="43.39420100" lon="-5.82558800"><ele>181.40</ele><time>2024-09-03T18:55:43Z</time></trkpt><trkpt lat="43.39419900" lon="-5.82559110"><ele>181.44</ele><time>2024-09-03T18:55:44Z</time></trkpt><trkpt lat="43.39419700" lon="-5.82559420"><ele>181.48</ele><time>2024-09-03T18:55:45Z</time></trkpt><trkpt lat="43.39419500" lon="-5.82559730"><ele>181.52</ele><time>2024-09-03T18:55:46Z</time></trkpt><trkpt lat="43.39419300" lon="-5.82560040"><ele>181.56</ele><time>2024-09-03T18:55:47Z</time></trkpt><trkpt lat="43.39419100" lon="-5.82560350"><ele>181.60</ele><time>2024-09-03T18:55:48Z</time></trkpt><trkpt lat="43.39418900" lon="-5.82560660"><ele>181.64</ele><time>2024-09-03T18:55:49Z</time></trkpt><trkpt lat="43.39418700" lon="-5.82560970"><ele>181.68</ele><time>2024-09-03T18:55:50Z</time></trkpt><trkpt lat="43.39418500" lon="-5.82561280"><ele>181.72</ele><time>2024-09-03T18:55:51Z</time></trkpt><trkpt lat="43.39418181" lon="-5.82561753"><ele>181.77</ele><time>2024-09-03T18:55:52Z</time></trkpt><trkpt lat="43.39417622" lon="-5.82562551"><ele>181.85</ele><time>2024-09-03T18:55:53Z</time></trkpt><trkpt lat="43.39416706" lon="-5.82563838"><ele>181.96</ele><time>2024-09-03T18:55:54Z</time></trkpt><trkpt lat="43.39415550" lon="-5.82565450"><ele>182.10</ele><time>2024-09-03T18:55:55Z</time></trkpt><trkpt lat="43.39414294" lon="-5.82567130"><ele>182.24</ele><time>2024-09-03T18:55:56Z</time></trkpt><trkpt lat="43.39413078" lon="-5.82568620"><ele>182.35</ele><time>2024-09-03T18:55:57Z</time></trkpt><trkpt lat="43.39411919" lon="-5.82569825"><ele>182.43</ele><time>2024-09-03T18:55:58Z</time></trkpt><trkpt lat="43.39410800" lon="-5.82570840"><ele>182.48</ele><time>2024-09-03T18:55:59Z</time></trkpt><trkpt lat="43.39409700" lon="-5.82571760"><ele>182.52</ele><time>2024-09-03T18:56:00Z</time></trkpt><trkpt lat="43.39408563" lon="-5.82572661"><ele>182.56</ele><time>2024-09-03T18:56:01Z</time></trkpt><trkpt lat="43.39407352" lon="-5.82573524"><ele>182.61</ele><time>2024-09-03T18:56:02Z</time></trkpt><trkpt lat="43.39406030" lon="-5.82574331"><ele>182.67</ele><time>2024-09-03T18:56:03Z</time></trkpt><trkpt lat="43.39404633" lon="-5.82575100"><ele>182.73</ele><time>2024-09-03T18:56:04Z</time></trkpt><trkpt lat="43.39403200" lon="-5.82575850"><ele>182.80</ele><time>2024-09-03T18:56:05Z</time></trkpt><trkpt lat="43.39401767" lon="-5.82576600"><ele>182.87</ele><time>2024-09-03T18:56:06Z</time></trkpt><trkpt lat="43.39400333" lon="-5.82577350"><ele>182.93</ele><time>2024-09-03T18:56:07Z</time></trkpt><trkpt lat="43.39398900" lon="-5.82578100"><ele>183.00</ele><time>2024-09-03T18:56:08Z</time></trkpt><trkpt lat="43.39397467" lon="-5.82578850"><ele>183.07</ele><time>2024-09-03T18:56:09Z</time></trkpt><trkpt lat="43.39396033" lon="-5.82579600"><ele>183.13</ele><time>2024-09-03T18:56:10Z</time></trkpt><trkpt lat="43.39394600" lon="-5.82580350"><ele>183.20</ele><time>2024-09-03T18:56:11Z</time></trkpt><trkpt lat="43.39393167" lon="-5.82581100"><ele>183.27</ele><time>2024-09-03T18:56:12Z</time></trkpt><trkpt lat="43.39391704" lon="-5.82581811"><ele>183.35</ele><time>2024-09-03T18:56:13Z</time></trkpt><trkpt lat="43.39390186" lon="-5.82582387"><ele>183.44</ele><time>2024-09-03T18:56:14Z</time></trkpt><trkpt lat="43.39388587" lon="-5.82582731"><ele>183.53</ele><time>2024-09-03T18:56:15Z</time></trkpt><trkpt lat="43.39386940" lon="-5.82582824"><ele>183.58</ele><time>2024-09-03T18:56:16Z</time></trkpt><trkpt lat="43.39385273" lon="-5.82582764"><ele>183.60</ele><time>2024-09-03T18:56:17Z</time></trkpt><trkpt lat="43.39383609" lon="-5.82582645"><ele>183.60</ele><time>2024-09-03T18:56:18Z</time></trkpt><trkpt lat="43.39381945" lon="-5.82582527"><ele>183.60</ele><time>2024-09-03T18:56:19Z</time></trkpt><trkpt lat="43.39380282" lon="-5.82582409"><ele>183.60</ele><time>2024-09-03T18:56:20Z</time></trkpt><trkpt lat="43.39378618" lon="-5.82582291"><ele>183.60</ele><time>2024-09-03T18:56:21Z</time></trkpt><trkpt lat="43.39376955" lon="-5.82582173"><ele>183.60</ele><time>2024-09-03T18:56:22Z</time></trkpt><trkpt lat="43.39375291" lon="-5.82582055"><ele>183.60</ele><time>2024-09-03T18:56:23Z</time></trkpt><trkpt lat="43.39373627" lon="-5.82581936"><ele>183.60</ele><time>2024-09-03T18:56:24Z</time></trkpt><trkpt lat="43.39371982" lon="-5.82581754"><ele>183.60</ele><time>2024-09-03T18:56:25Z</time></trkpt><trkpt lat="43.39370379" lon="-5.82581399"><ele>183.59</ele><time>2024-09-03T18:56:26Z</time></trkpt><trkpt lat="43.39368842" lon="-5.82580766"><ele>183.58</ele><time>2024-09-03T18:56:27Z</time></trkpt><trkpt lat="43.39367361" lon="-5.82579876"><ele>183.54</ele><time>2024-09-03T18:56:28Z</time></trkpt><trkpt lat="43.39365909" lon="-5.82578836"><ele>183.49</ele><time>2024-09-03T18:56:29Z</time></trkpt><trkpt lat="43.39364464" lon="-5.82577755"><ele>183.44</ele><time>2024-09-03T18:56:30Z</time></trkpt><trkpt lat="43.39363018" lon="-5.82576673"><ele>183.38</ele><time>2024-09-03T18:56:31Z</time></trkpt><trkpt lat="43.39361573" lon="-5.82575591"><ele>183.33</ele><time>2024-09-03T18:56:32Z</time></trkpt><trkpt lat="43.39360127" lon="-5.82574509"><ele>183.27</ele><time>2024-09-03T18:56:33Z</time></trkpt><trkpt lat="43.39358682" lon="-5.82573427"><ele>183.22</ele><time>2024-09-03T18:56:34Z</time></trkpt><trkpt lat="43.39357236" lon="-5.82572345"><ele>183.16</ele><time>2024-09-03T18:56:35Z</time></trkpt><trkpt lat="43.39355791" lon="-5.82571264"><ele>183.11</ele><time>2024-09-03T18:56:36Z</time></trkpt><trkpt lat="43.39354384" lon="-5.82570124"><ele>183.04</ele><time>2024-09-03T18:56:37Z</time></trkpt><trkpt lat="43.39353041" lon="-5.82568887"><ele>182.93</ele><time>2024-09-03T18:56:38Z</time></trkpt><trkpt lat="43.39351788" lon="-5.82567512"><ele>182.77</ele><time>2024-09-03T18:56:39Z</time></trkpt><trkpt lat="43.39350573" lon="-5.82566075"><ele>182.57</ele><time>2024-09-03T18:56:40Z</time></trkpt><trkpt lat="43.39349371" lon="-5.82564614"><ele>182.34</ele><time>2024-09-03T18:56:41Z</time></trkpt><trkpt lat="43.39348157" lon="-5.82563171"><ele>182.11</ele><time>2024-09-03T18:56:42Z</time></trkpt><trkpt lat="43.39346943" lon="-5.82561729"><ele>181.89</ele><time>2024-09-03T18:56:43Z</time></trkpt><trkpt lat="43.39345729" lon="-5.82560286"><ele>181.66</ele><time>2024-09-03T18:56:44Z</time></trkpt><trkpt lat="43.39344516" lon="-5.82558846"><ele>181.43</ele><time>2024-09-03T18:56:45Z</time></trkpt><trkpt lat="43.39343306" lon="-5.82557412"><ele>181.21</ele><time>2024-09-03T18:56:46Z</time></trkpt><trkpt lat="43.39342102" lon="-5.82555986"><ele>181.00</ele><time>2024-09-03T18:56:47Z</time></trkpt><trkpt lat="43.39340900" lon="-5.82554567"><ele>180.80</ele><time>2024-09-03T18:56:48Z</time></trkpt><trkpt lat="43.39339700" lon="-5.82553150"><ele>180.60</ele><time>2024-09-03T18:56:49Z</time></trkpt><trkpt lat="43.39338500" lon="-5.82551733"><ele>180.40</ele><time>2024-09-03T18:56:50Z</time></trkpt><trkpt lat="43.39337313" lon="-5.82550324"><ele>180.21</ele><time>2024-09-03T18:56:51Z</time></trkpt><trkpt lat="43.39336153" lon="-5.82548930"><ele>180.03</ele><time>2024-09-03T18:56:52Z</time></trkpt><trkpt lat="43.39335033" lon="-5.82547557"><ele>179.87</ele><time>2024-09-03T18:56:53Z</time></trkpt><trkpt lat="43.39333940" lon="-5.82546200"><ele>179.72</ele><time>2024-09-03T18:56:54Z</time></trkpt><trkpt lat="43.39332860" lon="-5.82544850"><ele>179.58</ele><time>2024-09-03T18:56:55Z</time></trkpt><trkpt lat="43.39331780" lon="-5.82543500"><ele>179.44</ele><time>2024-09-03T18:56:56Z</time></trkpt><trkpt lat="43.39330700" lon="-5.82542150"><ele>179.30</ele><time>2024-09-03T18:56:57Z</time></trkpt><trkpt lat="43.39329620" lon="-5.82540800"><ele>179.16</ele><time>2024-09-03T18:56:58Z</time></trkpt><trkpt lat="43.39328540" lon="-5.82539450"><ele>179.02</ele><time>2024-09-03T18:56:59Z</time></trkpt><trkpt lat="43.39327460" lon="-5.82538100"><ele>178.88</ele><time>2024-09-03T18:57:00Z</time></trkpt><trkpt lat="43.39326380" lon="-5.82536747"><ele>178.73</ele><time>2024-09-03T18:57:01Z</time></trkpt><trkpt lat="43.39325299" lon="-5.82535390"><ele>178.57</ele><time>2024-09-03T18:57:02Z</time></trkpt><trkpt lat="43.39324218" lon="-5.82534025"><ele>178.37</ele><time>2024-09-03T18:57:03Z</time></trkpt><trkpt lat="43.39323136" lon="-5.82532655"><ele>178.16</ele><time>2024-09-03T18:57:04Z</time></trkpt><trkpt lat="43.39322055" lon="-5.82531282"><ele>177.95</ele><time>2024-09-03T18:57:05Z</time></trkpt><trkpt lat="43.39320973" lon="-5.82529909"><ele>177.73</ele><time>2024-09-03T18:57:06Z</time></trkpt><trkpt lat="43.39319891" lon="-5.82528536"><ele>177.51</ele><time>2024-09-03T18:57:07Z</time></trkpt><trkpt lat="43.39318809" lon="-5.82527164"><ele>177.29</ele><time>2024-09-03T18:57:08Z</time></trkpt><trkpt lat="43.39317727" lon="-5.82525791"><ele>177.07</ele><time>2024-09-03T18:57:09Z</time></trkpt><trkpt lat="43.39316645" lon="-5.82524418"><ele>176.85</ele><time>2024-09-03T18:57:10Z</time></trkpt><trkpt lat="43.39315564" lon="-5.82523045"><ele>176.64</ele><time>2024-09-03T18:57:11Z</time></trkpt><trkpt lat="43.39314471" lon="-5.82521663"><ele>176.43</ele><time>2024-09-03T18:57:12Z</time></trkpt><trkpt lat="43.39313355" lon="-5.82520262"><ele>176.23</ele><time>2024-09-03T18:57:13Z</time></trkpt><trkpt lat="43.39312205" lon="-5.82518832"><ele>176.06</ele><time>2024-09-03T18:57:14Z</time></trkpt><trkpt lat="43.39311033" lon="-5.82517383"><ele>175.90</ele><time>2024-09-03T18:57:15Z</time></trkpt><trkpt lat="43.39309850" lon="-5.82515925"><ele>175.75</ele><time>2024-09-03T18:57:16Z</time></trkpt><trkpt lat="43.39308667" lon="-5.82514467"><ele>175.60</ele><time>2024-09-03T18:57:17Z</time></trkpt><trkpt lat="43.39307483" lon="-5.82513008"><ele>175.45</ele><time>2024-09-03T18:57:18Z</time></trkpt><trkpt lat="43.39306300" lon="-5.82511550"><ele>175.30</ele><time>2024-09-03T18:57:19Z</time></trkpt><trkpt lat="43.39305117" lon="-5.82510092"><ele>175.15</ele><time>2024-09-03T18:57:20Z</time></trkpt><trkpt lat="43.39303933" lon="-5.82508633"><ele>175.00</ele><time>2024-09-03T18:57:21Z</time></trkpt><trkpt lat="43.39302750" lon="-5.82507175"><ele>174.85</ele><time>2024-09-03T18:57:22Z</time></trkpt><trkpt lat="43.39301567" lon="-5.82505717"><ele>174.70</ele><time>2024-09-03T18:57:23Z</time></trkpt><trkpt lat="43.39300389" lon="-5.82504283"><ele>174.56</ele><time>2024-09-03T18:57:24Z</time></trkpt><trkpt lat="43.39299222" lon="-5.82502900"><ele>174.44</ele><time>2024-09-03T18:57:25Z</time></trkpt><trkpt lat="43.39298072" lon="-5.82501592"><ele>174.34</ele><time>2024-09-03T18:57:26Z</time></trkpt><trkpt lat="43.39297059" lon="-5.82500452"><ele>174.27</ele><time>2024-09-03T18:57:27Z</time></trkpt><trkpt lat="43.39296304" lon="-5.82499574"><ele>174.23</ele><time>2024-09-03T18:57:28Z</time></trkpt><trkpt lat="43.39295926" lon="-5.82499052"><ele>174.21</ele><time>2024-09-03T18:57:29Z</time></trkpt><trkpt lat="43.39295703" lon="-5.82498701"><ele>174.19</ele><time>2024-09-03T18:57:30Z</time></trkpt><trkpt lat="43.39295413" lon="-5.82498338"><ele>174.17</ele><time>2024-09-03T18:57:31Z</time></trkpt><trkpt lat="43.39294832" lon="-5.82497777"><ele>174.14</ele><time>2024-09-03T18:57:32Z</time></trkpt><trkpt lat="43.39294057" lon="-5.82497086"><ele>174.09</ele><time>2024-09-03T18:57:33Z</time></trkpt><trkpt lat="43.39293186" lon="-5.82496329"><ele>174.03</ele><time>2024-09-03T18:57:34Z</time></trkpt><trkpt lat="43.39292314" lon="-5.82495571"><ele>173.97</ele><time>2024-09-03T18:57:35Z</time></trkpt><trkpt lat="43.39291443" lon="-5.82494814"><ele>173.91</ele><time>2024-09-03T18:57:36Z</time></trkpt><trkpt lat="43.39290525" lon="-5.82493980"><ele>173.86</ele><time>2024-09-03T18:57:37Z</time></trkpt><trkpt lat="43.39289514" lon="-5.82492992"><ele>173.82</ele><time>2024-09-03T18:57:38Z</time></trkpt><trkpt lat="43.39288363" lon="-5.82491773"><ele>173.78</ele><time>2024-09-03T18:57:39Z</time></trkpt><trkpt lat="43.39287120" lon="-5.82490400"><ele>173.76</ele><time>2024-09-03T18:57:40Z</time></trkpt><trkpt lat="43.39285830" lon="-5.82488950"><ele>173.74</ele><time>2024-09-03T18:57:41Z</time></trkpt><trkpt lat="43.39284540" lon="-5.82487500"><ele>173.72</ele><time>2024-09-03T18:57:42Z</time></trkpt><trkpt lat="43.39283250" lon="-5.82486050"><ele>173.70</ele><time>2024-09-03T18:57:43Z</time></trkpt><trkpt lat="43.39281960" lon="-5.82484600"><ele>173.68</ele><time>2024-09-03T18:57:44Z</time></trkpt><trkpt lat="43.39280670" lon="-5.82483150"><ele>173.66</ele><time>2024-09-03T18:57:45Z</time></trkpt><trkpt lat="43.39279380" lon="-5.82481700"><ele>173.64</ele><time>2024-09-03T18:57:46Z</time></trkpt><trkpt lat="43.39278083" lon="-5.82480264"><ele>173.62</ele><time>2024-09-03T18:57:47Z</time></trkpt><trkpt lat="43.39276773" lon="-5.82478856"><ele>173.61</ele><time>2024-09-03T18:57:48Z</time></trkpt><trkpt lat="43.39275443" lon="-5.82477489"><ele>173.60</ele><time>2024-09-03T18:57:49Z</time></trkpt><trkpt lat="43.39274100" lon="-5.82476150"><ele>173.60</ele><time>2024-09-03T18:57:50Z</time></trkpt><trkpt lat="43.39272748" lon="-5.82474831"><ele>173.59</ele><time>2024-09-03T18:57:51Z</time></trkpt><trkpt lat="43.39271393" lon="-5.82473526"><ele>173.57</ele><time>2024-09-03T18:57:52Z</time></trkpt><trkpt lat="43.39270031" lon="-5.82472240"><ele>173.53</ele><time>2024-09-03T18:57:53Z</time></trkpt><trkpt lat="43.39268681" lon="-5.82471012"><ele>173.47</ele><time>2024-09-03T18:57:54Z</time></trkpt><trkpt lat="43.39267356" lon="-5.82469881"><ele>173.43</ele><time>2024-09-03T18:57:55Z</time></trkpt><trkpt lat="43.39266074" lon="-5.82468885"><ele>173.41</ele><time>2024-09-03T18:57:56Z</time></trkpt><trkpt lat="43.39264820" lon="-5.82467980"><ele>173.40</ele><time>2024-09-03T18:57:57Z</time></trkpt><trkpt lat="43.39263580" lon="-5.82467120"><ele>173.40</ele><time>2024-09-03T18:57:58Z</time></trkpt><trkpt lat="43.39262321" lon="-5.82466354"><ele>173.41</ele><time>2024-09-03T18:57:59Z</time></trkpt><trkpt lat="43.39261022" lon="-5.82465775"><ele>173.43</ele><time>2024-09-03T18:58:00Z</time></trkpt><trkpt lat="43.39259665" lon="-5.82465478"><ele>173.47</ele><time>2024-09-03T18:58:01Z</time></trkpt><trkpt lat="43.39258269" lon="-5.82465369"><ele>173.52</ele><time>2024-09-03T18:58:02Z</time></trkpt><trkpt lat="43.39256854" lon="-5.82465354"><ele>173.58</ele><time>2024-09-03T18:58:03Z</time></trkpt><trkpt lat="43.39255438" lon="-5.82465338"><ele>173.65</ele><time>2024-09-03T18:58:04Z</time></trkpt><trkpt lat="43.39254023" lon="-5.82465323"><ele>173.71</ele><time>2024-09-03T18:58:05Z</time></trkpt><trkpt lat="43.39252608" lon="-5.82465308"><ele>173.77</ele><time>2024-09-03T18:58:06Z</time></trkpt><trkpt lat="43.39251192" lon="-5.82465292"><ele>173.83</ele><time>2024-09-03T18:58:07Z</time></trkpt><trkpt lat="43.39249777" lon="-5.82465277"><ele>173.89</ele><time>2024-09-03T18:58:08Z</time></trkpt><trkpt lat="43.39248362" lon="-5.82465262"><ele>173.95</ele><time>2024-09-03T18:58:09Z</time></trkpt><trkpt lat="43.39246946" lon="-5.82465246"><ele>174.02</ele><time>2024-09-03T18:58:10Z</time></trkpt><trkpt lat="43.39245531" lon="-5.82465231"><ele>174.08</ele><time>2024-09-03T18:58:11Z</time></trkpt><trkpt lat="43.39244098" lon="-5.82465289"><ele>174.12</ele><time>2024-09-03T18:58:12Z</time></trkpt><trkpt lat="43.39242631" lon="-5.82465496"><ele>174.13</ele><time>2024-09-03T18:58:13Z</time></trkpt><trkpt lat="43.39241113" lon="-5.82465924"><ele>174.08</ele><time>2024-09-03T18:58:14Z</time></trkpt><trkpt lat="43.39239560" lon="-5.82466500"><ele>174.00</ele><time>2024-09-03T18:58:15Z</time></trkpt><trkpt lat="43.39237990" lon="-5.82467150"><ele>173.90</ele><time>2024-09-03T18:58:16Z</time></trkpt><trkpt lat="43.39236420" lon="-5.82467800"><ele>173.80</ele><time>2024-09-03T18:58:17Z</time></trkpt><trkpt lat="43.39234850" lon="-5.82468450"><ele>173.70</ele><time>2024-09-03T18:58:18Z</time></trkpt><trkpt lat="43.39233280" lon="-5.82469100"><ele>173.60</ele><time>2024-09-03T18:58:19Z</time></trkpt><trkpt lat="43.39231710" lon="-5.82469750"><ele>173.50</ele><time>2024-09-03T18:58:20Z</time></trkpt><trkpt lat="43.39230140" lon="-5.82470400"><ele>173.40</ele><time>2024-09-03T18:58:21Z</time></trkpt><trkpt lat="43.39228558" lon="-5.82471084"><ele>173.30</ele><time>2024-09-03T18:58:22Z</time></trkpt><trkpt lat="43.39226951" lon="-5.82471838"><ele>173.19</ele><time>2024-09-03T18:58:23Z</time></trkpt><trkpt lat="43.39225308" lon="-5.82472694"><ele>173.08</ele><time>2024-09-03T18:58:24Z</time></trkpt><trkpt lat="43.39223640" lon="-5.82473620"><ele>172.96</ele><time>2024-09-03T18:58:25Z</time></trkpt><trkpt lat="43.39221960" lon="-5.82474580"><ele>172.84</ele><time>2024-09-03T18:58:26Z</time></trkpt><trkpt lat="43.39220280" lon="-5.82475540"><ele>172.72</ele><time>2024-09-03T18:58:27Z</time></trkpt><trkpt lat="43.39218600" lon="-5.82476500"><ele>172.60</ele><time>2024-09-03T18:58:28Z</time></trkpt><trkpt lat="43.39216920" lon="-5.82477460"><ele>172.48</ele><time>2024-09-03T18:58:29Z</time></trkpt><trkpt lat="43.39215240" lon="-5.82478420"><ele>172.36</ele><time>2024-09-03T18:58:30Z</time></trkpt><trkpt lat="43.39213560" lon="-5.82479380"><ele>172.24</ele><time>2024-09-03T18:58:31Z</time></trkpt><trkpt lat="43.39211890" lon="-5.82480332"><ele>172.12</ele><time>2024-09-03T18:58:32Z</time></trkpt><trkpt lat="43.39210240" lon="-5.82481269"><ele>172.00</ele><time>2024-09-03T18:58:33Z</time></trkpt><trkpt lat="43.39208619" lon="-5.82482183"><ele>171.89</ele><time>2024-09-03T18:58:34Z</time></trkpt><trkpt lat="43.39207018" lon="-5.82483082"><ele>171.78</ele><time>2024-09-03T18:58:35Z</time></trkpt><trkpt lat="43.39205427" lon="-5.82483973"><ele>171.67</ele><time>2024-09-03T18:58:36Z</time></trkpt><trkpt lat="43.39203836" lon="-5.82484864"><ele>171.56</ele><time>2024-09-03T18:58:37Z</time></trkpt><trkpt lat="43.39202245" lon="-5.82485755"><ele>171.45</ele><time>2024-09-03T18:58:38Z</time></trkpt><trkpt lat="43.39200655" lon="-5.82486645"><ele>171.35</ele><time>2024-09-03T18:58:39Z</time></trkpt><trkpt lat="43.39199064" lon="-5.82487536"><ele>171.24</ele><time>2024-09-03T18:58:40Z</time></trkpt><trkpt lat="43.39197473" lon="-5.82488427"><ele>171.13</ele><time>2024-09-03T18:58:41Z</time></trkpt><trkpt lat="43.39195882" lon="-5.82489318"><ele>171.02</ele><time>2024-09-03T18:58:42Z</time></trkpt><trkpt lat="43.39194279" lon="-5.82490221"><ele>170.92</ele><time>2024-09-03T18:58:43Z</time></trkpt><trkpt lat="43.39192652" lon="-5.82491148"><ele>170.85</ele><time>2024-09-03T18:58:44Z</time></trkpt><trkpt lat="43.39190999" lon="-5.82492099"><ele>170.81</ele><time>2024-09-03T18:58:45Z</time></trkpt><trkpt lat="43.39189344" lon="-5.82493047"><ele>170.80</ele><time>2024-09-03T18:58:46Z</time></trkpt><trkpt lat="43.39187711" lon="-5.82493969"><ele>170.80</ele><time>2024-09-03T18:58:47Z</time></trkpt><trkpt lat="43.39186100" lon="-5.82494864"><ele>170.80</ele><time>2024-09-03T18:58:48Z</time></trkpt><trkpt lat="43.39184500" lon="-5.82495745"><ele>170.80</ele><time>2024-09-03T18:58:49Z</time></trkpt><trkpt lat="43.39182900" lon="-5.82496627"><ele>170.80</ele><time>2024-09-03T18:58:50Z</time></trkpt><trkpt lat="43.39181300" lon="-5.82497509"><ele>170.80</ele><time>2024-09-03T18:58:51Z</time></trkpt><trkpt lat="43.39179700" lon="-5.82498391"><ele>170.80</ele><time>2024-09-03T18:58:52Z</time></trkpt><trkpt lat="43.39178100" lon="-5.82499273"><ele>170.80</ele><time>2024-09-03T18:58:53Z</time></trkpt><trkpt lat="43.39176500" lon="-5.82500155"><ele>170.80</ele><time>2024-09-03T18:58:54Z</time></trkpt><trkpt lat="43.39174900" lon="-5.82501036"><ele>170.80</ele><time>2024-09-03T18:58:55Z</time></trkpt><trkpt lat="43.39173306" lon="-5.82501888"><ele>170.79</ele><time>2024-09-03T18:58:56Z</time></trkpt><trkpt lat="43.39171722" lon="-5.82502680"><ele>170.78</ele><time>2024-09-03T18:58:57Z</time></trkpt><trkpt lat="43.39170156" lon="-5.82503383"><ele>170.74</ele><time>2024-09-03T18:58:58Z</time></trkpt><trkpt lat="43.39168600" lon="-5.82504025"><ele>170.70</ele><time>2024-09-03T18:58:59Z</time></trkpt><trkpt lat="43.39167050" lon="-5.82504637"><ele>170.65</ele><time>2024-09-03T18:59:00Z</time></trkpt><trkpt lat="43.39165500" lon="-5.82505250"><ele>170.60</ele><time>2024-09-03T18:59:01Z</time></trkpt><trkpt lat="43.39163950" lon="-5.82505862"><ele>170.55</ele><time>2024-09-03T18:59:02Z</time></trkpt><trkpt lat="43.39162400" lon="-5.82506475"><ele>170.50</ele><time>2024-09-03T18:59:03Z</time></trkpt><trkpt lat="43.39160856" lon="-5.82507108"><ele>170.43</ele><time>2024-09-03T18:59:04Z</time></trkpt><trkpt lat="43.39159321" lon="-5.82507809"><ele>170.35</ele><time>2024-09-03T18:59:05Z</time></trkpt><trkpt lat="43.39157801" lon="-5.82508625"><ele>170.24</ele><time>2024-09-03T18:59:06Z</time></trkpt><trkpt lat="43.39156288" lon="-5.82509559"><ele>170.15</ele><time>2024-09-03T18:59:07Z</time></trkpt><trkpt lat="43.39154778" lon="-5.82510567"><ele>170.07</ele><time>2024-09-03T18:59:08Z</time></trkpt><trkpt lat="43.39153267" lon="-5.82511600"><ele>170.00</ele><time>2024-09-03T18:59:09Z</time></trkpt><trkpt lat="43.39151756" lon="-5.82512633"><ele>169.93</ele><time>2024-09-03T18:59:10Z</time></trkpt><trkpt lat="43.39150244" lon="-5.82513667"><ele>169.87</ele><time>2024-09-03T18:59:11Z</time></trkpt><trkpt lat="43.39148733" lon="-5.82514700"><ele>169.80</ele><time>2024-09-03T18:59:12Z</time></trkpt><trkpt lat="43.39147222" lon="-5.82515733"><ele>169.73</ele><time>2024-09-03T18:59:13Z</time></trkpt><trkpt lat="43.39145705" lon="-5.82516751"><ele>169.66</ele><time>2024-09-03T18:59:14Z</time></trkpt><trkpt lat="43.39144177" lon="-5.82517737"><ele>169.58</ele><time>2024-09-03T18:59:15Z</time></trkpt><trkpt lat="43.39142631" lon="-5.82518675"><ele>169.49</ele><time>2024-09-03T18:59:16Z</time></trkpt><trkpt lat="43.39141073" lon="-5.82519582"><ele>169.38</ele><time>2024-09-03T18:59:17Z</time></trkpt><trkpt lat="43.39139509" lon="-5.82520473"><ele>169.27</ele><time>2024-09-03T18:59:18Z</time></trkpt><trkpt lat="43.39137945" lon="-5.82521364"><ele>169.16</ele><time>2024-09-03T18:59:19Z</time></trkpt><trkpt lat="43.39136382" lon="-5.82522255"><ele>169.05</ele><time>2024-09-03T18:59:20Z</time></trkpt><trkpt lat="43.39134818" lon="-5.82523145"><ele>168.95</ele><time>2024-09-03T18:59:21Z</time></trkpt><trkpt lat="43.39133255" lon="-5.82524036"><ele>168.84</ele><time>2024-09-03T18:59:22Z</time></trkpt><trkpt lat="43.39131691" lon="-5.82524927"><ele>168.73</ele><time>2024-09-03T18:59:23Z</time></trkpt><trkpt lat="43.39130127" lon="-5.82525818"><ele>168.62</ele><time>2024-09-03T18:59:24Z</time></trkpt><trkpt lat="43.39128564" lon="-5.82526679"><ele>168.51</ele><time>2024-09-03T18:59:25Z</time></trkpt><trkpt lat="43.39127002" lon="-5.82527480"><ele>168.40</ele><time>2024-09-03T18:59:26Z</time></trkpt><trkpt lat="43.39125440" lon="-5.82528190"><ele>168.28</ele><time>2024-09-03T18:59:27Z</time></trkpt><trkpt lat="43.39123880" lon="-5.82528840"><ele>168.16</ele><time>2024-09-03T18:59:28Z</time></trkpt><trkpt lat="43.39122320" lon="-5.82529460"><ele>168.04</ele><time>2024-09-03T18:59:29Z</time></trkpt><trkpt lat="43.39120760" lon="-5.82530080"><ele>167.92</ele><time>2024-09-03T18:59:30Z</time></trkpt><trkpt lat="43.39119200" lon="-5.82530700"><ele>167.80</ele><time>2024-09-03T18:59:31Z</time></trkpt><trkpt lat="43.39117640" lon="-5.82531320"><ele>167.68</ele><time>2024-09-03T18:59:32Z</time></trkpt><trkpt lat="43.39116080" lon="-5.82531940"><ele>167.56</ele><time>2024-09-03T18:59:33Z</time></trkpt><trkpt lat="43.39114520" lon="-5.82532560"><ele>167.44</ele><time>2024-09-03T18:59:34Z</time></trkpt><trkpt lat="43.39112966" lon="-5.82533199"><ele>167.33</ele><time>2024-09-03T18:59:35Z</time></trkpt><trkpt lat="43.39111423" lon="-5.82533876"><ele>167.22</ele><time>2024-09-03T18:59:36Z</time></trkpt><trkpt lat="43.39109897" lon="-5.82534610"><ele>167.13</ele><time>2024-09-03T18:59:37Z</time></trkpt><trkpt lat="43.39108382" lon="-5.82535382"><ele>167.05</ele><time>2024-09-03T18:59:38Z</time></trkpt><trkpt lat="43.39106873" lon="-5.82536173"><ele>166.98</ele><time>2024-09-03T18:59:39Z</time></trkpt><trkpt lat="43.39105364" lon="-5.82536964"><ele>166.91</ele><time>2024-09-03T18:59:40Z</time></trkpt><trkpt lat="43.39103855" lon="-5.82537755"><ele>166.84</ele><time>2024-09-03T18:59:41Z</time></trkpt><trkpt lat="43.39102345" lon="-5.82538545"><ele>166.76</ele><time>2024-09-03T18:59:42Z</time></trkpt><trkpt lat="43.39100836" lon="-5.82539336"><ele>166.69</ele><time>2024-09-03T18:59:43Z</time></trkpt><trkpt lat="43.39099327" lon="-5.82540127"><ele>166.62</ele><time>2024-09-03T18:59:44Z</time></trkpt><trkpt lat="43.39097818" lon="-5.82540918"><ele>166.55</ele><time>2024-09-03T18:59:45Z</time></trkpt><trkpt lat="43.39096316" lon="-5.82541717"><ele>166.48</ele><time>2024-09-03T18:59:46Z</time></trkpt><trkpt lat="43.39094826" lon="-5.82542532"><ele>166.42</ele><time>2024-09-03T18:59:47Z</time></trkpt><trkpt lat="43.39093357" lon="-5.82543370"><ele>166.38</ele><time>2024-09-03T18:59:48Z</time></trkpt><trkpt lat="43.39091900" lon="-5.82544225"><ele>166.35</ele><time>2024-09-03T18:59:49Z</time></trkpt><trkpt lat="43.39090450" lon="-5.82545088"><ele>166.32</ele><time>2024-09-03T18:59:50Z</time></trkpt><trkpt lat="43.39089000" lon="-5.82545950"><ele>166.30</ele><time>2024-09-03T18:59:51Z</time></trkpt><trkpt lat="43.39087550" lon="-5.82546813"><ele>166.27</ele><time>2024-09-03T18:59:52Z</time></trkpt><trkpt lat="43.39086100" lon="-5.82547675"><ele>166.25</ele><time>2024-09-03T18:59:53Z</time></trkpt><trkpt lat="43.39084647" lon="-5.82548528"><ele>166.24</ele><time>2024-09-03T18:59:54Z</time></trkpt><trkpt lat="43.39083187" lon="-5.82549363"><ele>166.25</ele><time>2024-09-03T18:59:55Z</time></trkpt><trkpt lat="43.39081717" lon="-5.82550171"><ele>166.29</ele><time>2024-09-03T18:59:56Z</time></trkpt><trkpt lat="43.39080240" lon="-5.82550960"><ele>166.36</ele><time>2024-09-03T18:59:57Z</time></trkpt><trkpt lat="43.39078760" lon="-5.82551740"><ele>166.44</ele><time>2024-09-03T18:59:58Z</time></trkpt><trkpt lat="43.39077281" lon="-5.82552504"><ele>166.53</ele><time>2024-09-03T18:59:59Z</time></trkpt><trkpt lat="43.39075806" lon="-5.82553235"><ele>166.65</ele><time>2024-09-03T19:00:00Z</time></trkpt><trkpt lat="43.39074335" lon="-5.82553917"><ele>166.81</ele><time>2024-09-03T19:00:01Z</time></trkpt><trkpt lat="43.39072849" lon="-5.82554539"><ele>167.00</ele><time>2024-09-03T19:00:02Z</time></trkpt><trkpt lat="43.39071329" lon="-5.82555088"><ele>167.20</ele><time>2024-09-03T19:00:03Z</time></trkpt><trkpt lat="43.39069755" lon="-5.82555554"><ele>167.40</ele><time>2024-09-03T19:00:04Z</time></trkpt><trkpt lat="43.39068145" lon="-5.82555964"><ele>167.60</ele><time>2024-09-03T19:00:05Z</time></trkpt><trkpt lat="43.39066518" lon="-5.82556345"><ele>167.80</ele><time>2024-09-03T19:00:06Z</time></trkpt><trkpt lat="43.39064891" lon="-5.82556727"><ele>168.00</ele><time>2024-09-03T19:00:07Z</time></trkpt><trkpt lat="43.39063264" lon="-5.82557109"><ele>168.20</ele><time>2024-09-03T19:00:08Z</time></trkpt><trkpt lat="43.39061636" lon="-5.82557491"><ele>168.40</ele><time>2024-09-03T19:00:09Z</time></trkpt><trkpt lat="43.39060009" lon="-5.82557873"><ele>168.60</ele><time>2024-09-03T19:00:10Z</time></trkpt><trkpt lat="43.39058382" lon="-5.82558255"><ele>168.80</ele><time>2024-09-03T19:00:11Z</time></trkpt><trkpt lat="43.39056755" lon="-5.82558636"><ele>169.00</ele><time>2024-09-03T19:00:12Z</time></trkpt><trkpt lat="43.39055132" lon="-5.82558963"><ele>169.18</ele><time>2024-09-03T19:00:13Z</time></trkpt><trkpt lat="43.39053520" lon="-5.82559178"><ele>169.33</ele><time>2024-09-03T19:00:14Z</time></trkpt><trkpt lat="43.39051923" lon="-5.82559226"><ele>169.42</ele><time>2024-09-03T19:00:15Z</time></trkpt><trkpt lat="43.39050336" lon="-5.82559164"><ele>169.47</ele><time>2024-09-03T19:00:16Z</time></trkpt><trkpt lat="43.39048755" lon="-5.82559045"><ele>169.51</ele><time>2024-09-03T19:00:17Z</time></trkpt><trkpt lat="43.39047173" lon="-5.82558927"><ele>169.55</ele><time>2024-09-03T19:00:18Z</time></trkpt><trkpt lat="43.39045591" lon="-5.82558809"><ele>169.58</ele><time>2024-09-03T19:00:19Z</time></trkpt><trkpt lat="43.39044009" lon="-5.82558691"><ele>169.62</ele><time>2024-09-03T19:00:20Z</time></trkpt><trkpt lat="43.39042427" lon="-5.82558573"><ele>169.65</ele><time>2024-09-03T19:00:21Z</time></trkpt><trkpt lat="43.39040845" lon="-5.82558455"><ele>169.69</ele><time>2024-09-03T19:00:22Z</time></trkpt><trkpt lat="43.39039264" lon="-5.82558336"><ele>169.73</ele><time>2024-09-03T19:00:23Z</time></trkpt><trkpt lat="43.39037690" lon="-5.82558202"><ele>169.77</ele><time>2024-09-03T19:00:24Z</time></trkpt><trkpt lat="43.39036131" lon="-5.82558036"><ele>169.82</ele><time>2024-09-03T19:00:25Z</time></trkpt><trkpt lat="43.39034595" lon="-5.82557821"><ele>169.88</ele><time>2024-09-03T19:00:26Z</time></trkpt><trkpt lat="43.39033075" lon="-5.82557575"><ele>169.95</ele><time>2024-09-03T19:00:27Z</time></trkpt><trkpt lat="43.39031562" lon="-5.82557313"><ele>170.03</ele><time>2024-09-03T19:00:28Z</time></trkpt><trkpt lat="43.39030050" lon="-5.82557050"><ele>170.10</ele><time>2024-09-03T19:00:29Z</time></trkpt><trkpt lat="43.39028537" lon="-5.82556787"><ele>170.18</ele><time>2024-09-03T19:00:30Z</time></trkpt><trkpt lat="43.39027025" lon="-5.82556525"><ele>170.25</ele><time>2024-09-03T19:00:31Z</time></trkpt><trkpt lat="43.39025497" lon="-5.82556276"><ele>170.32</ele><time>2024-09-03T19:00:32Z</time></trkpt><trkpt lat="43.39023937" lon="-5.82556052"><ele>170.39</ele><time>2024-09-03T19:00:33Z</time></trkpt><trkpt lat="43.39022330" lon="-5.82555868"><ele>170.45</ele><time>2024-09-03T19:00:34Z</time></trkpt><trkpt lat="43.39020691" lon="-5.82555709"><ele>170.51</ele><time>2024-09-03T19:00:35Z</time></trkpt><trkpt lat="43.39019036" lon="-5.82555564"><ele>170.56</ele><time>2024-09-03T19:00:36Z</time></trkpt><trkpt lat="43.39017382" lon="-5.82555418"><ele>170.62</ele><time>2024-09-03T19:00:37Z</time></trkpt><trkpt lat="43.39015727" lon="-5.82555273"><ele>170.67</ele><time>2024-09-03T19:00:38Z</time></trkpt><trkpt lat="43.39014073" lon="-5.82555127"><ele>170.73</ele><time>2024-09-03T19:00:39Z</time></trkpt><trkpt lat="43.39012418" lon="-5.82554982"><ele>170.78</ele><time>2024-09-03T19:00:40Z</time></trkpt><trkpt lat="43.39010764" lon="-5.82554836"><ele>170.84</ele><time>2024-09-03T19:00:41Z</time></trkpt><trkpt lat="43.39009109" lon="-5.82554691"><ele>170.89</ele><time>2024-09-03T19:00:42Z</time></trkpt><trkpt lat="43.39007488" lon="-5.82554528"><ele>170.94</ele><time>2024-09-03T19:00:43Z</time></trkpt><trkpt lat="43.39005935" lon="-5.82554331"><ele>170.98</ele><time>2024-09-03T19:00:44Z</time></trkpt><trkpt lat="43.39004468" lon="-5.82554086"><ele>170.99</ele><time>2024-09-03T19:00:45Z</time></trkpt><trkpt lat="43.39003038" lon="-5.82553813"><ele>170.99</ele><time>2024-09-03T19:00:46Z</time></trkpt><trkpt lat="43.39001594" lon="-5.82553533"><ele>170.98</ele><time>2024-09-03T19:00:47Z</time></trkpt><trkpt lat="43.39000120" lon="-5.82553260"><ele>170.96</ele><time>2024-09-03T19:00:48Z</time></trkpt><trkpt lat="43.38998630" lon="-5.82552990"><ele>170.94</ele><time>2024-09-03T19:00:49Z</time></trkpt><trkpt lat="43.38997140" lon="-5.82552720"><ele>170.92</ele><time>2024-09-03T19:00:50Z</time></trkpt><trkpt lat="43.38995650" lon="-5.82552450"><ele>170.90</ele><time>2024-09-03T19:00:51Z</time></trkpt><trkpt lat="43.38994160" lon="-5.82552180"><ele>170.88</ele><time>2024-09-03T19:00:52Z</time></trkpt><trkpt lat="43.38992670" lon="-5.82551910"><ele>170.86</ele><time>2024-09-03T19:00:53Z</time></trkpt><trkpt lat="43.38991180" lon="-5.82551640"><ele>170.84</ele><time>2024-09-03T19:00:54Z</time></trkpt><trkpt lat="43.38989685" lon="-5.82551367"><ele>170.82</ele><time>2024-09-03T19:00:55Z</time></trkpt><trkpt lat="43.38988181" lon="-5.82551087"><ele>170.79</ele><time>2024-09-03T19:00:56Z</time></trkpt><trkpt lat="43.38986662" lon="-5.82550797"><ele>170.75</ele><time>2024-09-03T19:00:57Z</time></trkpt><trkpt lat="43.38985133" lon="-5.82550500"><ele>170.71</ele><time>2024-09-03T19:00:58Z</time></trkpt><trkpt lat="43.38983600" lon="-5.82550200"><ele>170.67</ele><time>2024-09-03T19:00:59Z</time></trkpt><trkpt lat="43.38982067" lon="-5.82549900"><ele>170.62</ele><time>2024-09-03T19:01:00Z</time></trkpt><trkpt lat="43.38980533" lon="-5.82549600"><ele>170.58</ele><time>2024-09-03T19:01:01Z</time></trkpt><trkpt lat="43.38979000" lon="-5.82549300"><ele>170.53</ele><time>2024-09-03T19:01:02Z</time></trkpt><trkpt lat="43.38977467" lon="-5.82549000"><ele>170.49</ele><time>2024-09-03T19:01:03Z</time></trkpt><trkpt lat="43.38975933" lon="-5.82548691"><ele>170.44</ele><time>2024-09-03T19:01:04Z</time></trkpt><trkpt lat="43.38974400" lon="-5.82548363"><ele>170.38</ele><time>2024-09-03T19:01:05Z</time></trkpt><trkpt lat="43.38972867" lon="-5.82548007"><ele>170.31</ele><time>2024-09-03T19:01:06Z</time></trkpt><trkpt lat="43.38971333" lon="-5.82547633"><ele>170.23</ele><time>2024-09-03T19:01:07Z</time></trkpt><trkpt lat="43.38969800" lon="-5.82547250"><ele>170.15</ele><time>2024-09-03T19:01:08Z</time></trkpt><trkpt lat="43.38968267" lon="-5.82546867"><ele>170.07</ele><time>2024-09-03T19:01:09Z</time></trkpt><trkpt lat="43.38966733" lon="-5.82546483"><ele>169.98</ele><time>2024-09-03T19:01:10Z</time></trkpt><trkpt lat="43.38965200" lon="-5.82546100"><ele>169.90</ele><time>2024-09-03T19:01:11Z</time></trkpt><trkpt lat="43.38963667" lon="-5.82545717"><ele>169.82</ele><time>2024-09-03T19:01:12Z</time></trkpt><trkpt lat="43.38962133" lon="-5.82545333"><ele>169.73</ele><time>2024-09-03T19:01:13Z</time></trkpt><trkpt lat="43.38960600" lon="-5.82544950"><ele>169.65</ele><time>2024-09-03T19:01:14Z</time></trkpt><trkpt lat="43.38959067" lon="-5.82544567"><ele>169.57</ele><time>2024-09-03T19:01:15Z</time></trkpt><trkpt lat="43.38957541" lon="-5.82544204"><ele>169.48</ele><time>2024-09-03T19:01:16Z</time></trkpt><trkpt lat="43.38956033" lon="-5.82543881"><ele>169.38</ele><time>2024-09-03T19:01:17Z</time></trkpt><trkpt lat="43.38954548" lon="-5.82543620"><ele>169.28</ele><time>2024-09-03T19:01:18Z</time></trkpt><trkpt lat="43.38953080" lon="-5.82543400"><ele>169.16</ele><time>2024-09-03T19:01:19Z</time></trkpt><trkpt lat="43.38951620" lon="-5.82543200"><ele>169.04</ele><time>2024-09-03T19:01:20Z</time></trkpt><trkpt lat="43.38950160" lon="-5.82543000"><ele>168.92</ele><time>2024-09-03T19:01:21Z</time></trkpt><trkpt lat="43.38948700" lon="-5.82542800"><ele>168.80</ele><time>2024-09-03T19:01:22Z</time></trkpt><trkpt lat="43.38947240" lon="-5.82542600"><ele>168.68</ele><time>2024-09-03T19:01:23Z</time></trkpt><trkpt lat="43.38945780" lon="-5.82542400"><ele>168.56</ele><time>2024-09-03T19:01:24Z</time></trkpt><trkpt lat="43.38944320" lon="-5.82542200"><ele>168.44</ele><time>2024-09-03T19:01:25Z</time></trkpt><trkpt lat="43.38942857" lon="-5.82541967"><ele>168.32</ele><time>2024-09-03T19:01:26Z</time></trkpt><trkpt lat="43.38941387" lon="-5.82541667"><ele>168.19</ele><time>2024-09-03T19:01:27Z</time></trkpt><trkpt lat="43.38939908" lon="-5.82541267"><ele>168.07</ele><time>2024-09-03T19:01:28Z</time></trkpt><trkpt lat="43.38938422" lon="-5.82540800"><ele>167.93</ele><time>2024-09-03T19:01:29Z</time></trkpt><trkpt lat="43.38936933" lon="-5.82540300"><ele>167.80</ele><time>2024-09-03T19:01:30Z</time></trkpt><trkpt lat="43.38935444" lon="-5.82539800"><ele>167.67</ele><time>2024-09-03T19:01:31Z</time></trkpt><trkpt lat="43.38933956" lon="-5.82539300"><ele>167.53</ele><time>2024-09-03T19:01:32Z</time></trkpt><trkpt lat="43.38932467" lon="-5.82538800"><ele>167.40</ele><time>2024-09-03T19:01:33Z</time></trkpt><trkpt lat="43.38930978" lon="-5.82538300"><ele>167.27</ele><time>2024-09-03T19:01:34Z</time></trkpt><trkpt lat="43.38929478" lon="-5.82537787"><ele>167.14</ele><time>2024-09-03T19:01:35Z</time></trkpt><trkpt lat="43.38927955" lon="-5.82537247"><ele>167.03</ele><time>2024-09-03T19:01:36Z</time></trkpt><trkpt lat="43.38926398" lon="-5.82536669"><ele>166.93</ele><time>2024-09-03T19:01:37Z</time></trkpt><trkpt lat="43.38924818" lon="-5.82536064"><ele>166.85</ele><time>2024-09-03T19:01:38Z</time></trkpt><trkpt lat="43.38923227" lon="-5.82535445"><ele>166.78</ele><time>2024-09-03T19:01:39Z</time></trkpt><trkpt lat="43.38921636" lon="-5.82534827"><ele>166.71</ele><time>2024-09-03T19:01:40Z</time></trkpt><trkpt lat="43.38920045" lon="-5.82534209"><ele>166.64</ele><time>2024-09-03T19:01:41Z</time></trkpt><trkpt lat="43.38918455" lon="-5.82533591"><ele>166.56</ele><time>2024-09-03T19:01:42Z</time></trkpt><trkpt lat="43.38916864" lon="-5.82532973"><ele>166.49</ele><time>2024-09-03T19:01:43Z</time></trkpt><trkpt lat="43.38915273" lon="-5.82532355"><ele>166.42</ele><time>2024-09-03T19:01:44Z</time></trkpt><trkpt lat="43.38913682" lon="-5.82531736"><ele>166.35</ele><time>2024-09-03T19:01:45Z</time></trkpt><trkpt lat="43.38912108" lon="-5.82531248"><ele>166.28</ele><time>2024-09-03T19:01:46Z</time></trkpt><trkpt lat="43.38910570" lon="-5.82531019"><ele>166.23</ele><time>2024-09-03T19:01:47Z</time></trkpt><trkpt lat="43.38909084" lon="-5.82531180"><ele>166.21</ele><time>2024-09-03T19:01:48Z</time></trkpt><trkpt lat="43.38907633" lon="-5.82531600"><ele>166.20</ele><time>2024-09-03T19:01:49Z</time></trkpt><trkpt lat="43.38906200" lon="-5.82532150"><ele>166.20</ele><time>2024-09-03T19:01:50Z</time></trkpt><trkpt lat="43.38904767" lon="-5.82532700"><ele>166.20</ele><time>2024-09-03T19:01:51Z</time></trkpt><trkpt lat="43.38903370" lon="-5.82533383"><ele>166.19</ele><time>2024-09-03T19:01:52Z</time></trkpt><trkpt lat="43.38902048" lon="-5.82534333"><ele>166.16</ele><time>2024-09-03T19:01:53Z</time></trkpt><trkpt lat="43.38900800" lon="-5.82535644"><ele>166.12</ele><time>2024-09-03T19:01:54Z</time></trkpt><trkpt lat="43.38899552" lon="-5.82537144"><ele>166.13</ele><time>2024-09-03T19:01:55Z</time></trkpt><trkpt lat="43.38898230" lon="-5.82538661"><ele>166.23</ele><time>2024-09-03T19:01:56Z</time></trkpt><trkpt lat="43.38896793" lon="-5.82539926"><ele>166.37</ele><time>2024-09-03T19:01:57Z</time></trkpt><trkpt lat="43.38895237" lon="-5.82540804"><ele>166.48</ele><time>2024-09-03T19:01:58Z</time></trkpt><trkpt lat="43.38893559" lon="-5.82541159"><ele>166.50</ele><time>2024-09-03T19:01:59Z</time></trkpt><trkpt lat="43.38891820" lon="-5.82541154"><ele>166.48</ele><time>2024-09-03T19:02:00Z</time></trkpt><trkpt lat="43.38890080" lon="-5.82540950"><ele>166.44</ele><time>2024-09-03T19:02:01Z</time></trkpt><trkpt lat="43.38888400" lon="-5.82540707"><ele>166.43</ele><time>2024-09-03T19:02:02Z</time></trkpt><trkpt lat="43.38886760" lon="-5.82540440"><ele>166.44</ele><time>2024-09-03T19:02:03Z</time></trkpt><trkpt lat="43.38885140" lon="-5.82540160"><ele>166.46</ele><time>2024-09-03T19:02:04Z</time></trkpt><trkpt lat="43.38883520" lon="-5.82539880"><ele>166.48</ele><time>2024-09-03T19:02:05Z</time></trkpt><trkpt lat="43.38881900" lon="-5.82539600"><ele>166.50</ele><time>2024-09-03T19:02:06Z</time></trkpt><trkpt lat="43.38880280" lon="-5.82539320"><ele>166.52</ele><time>2024-09-03T19:02:07Z</time></trkpt><trkpt lat="43.38878660" lon="-5.82539040"><ele>166.54</ele><time>2024-09-03T19:02:08Z</time></trkpt><trkpt lat="43.38877040" lon="-5.82538760"><ele>166.56</ele><time>2024-09-03T19:02:09Z</time></trkpt><trkpt lat="43.38875448" lon="-5.82538552"><ele>166.59</ele><time>2024-09-03T19:02:10Z</time></trkpt><trkpt lat="43.38873914" lon="-5.82538486"><ele>166.62</ele><time>2024-09-03T19:02:11Z</time></trkpt><trkpt lat="43.38872465" lon="-5.82538635"><ele>166.68</ele><time>2024-09-03T19:02:12Z</time></trkpt><trkpt lat="43.38871073" lon="-5.82538927"><ele>166.75</ele><time>2024-09-03T19:02:13Z</time></trkpt><trkpt lat="43.38869709" lon="-5.82539291"><ele>166.82</ele><time>2024-09-03T19:02:14Z</time></trkpt><trkpt lat="43.38868345" lon="-5.82539655"><ele>166.89</ele><time>2024-09-03T19:02:15Z</time></trkpt><trkpt lat="43.38866982" lon="-5.82540018"><ele>166.96</ele><time>2024-09-03T19:02:16Z</time></trkpt><trkpt lat="43.38865618" lon="-5.82540382"><ele>167.04</ele><time>2024-09-03T19:02:17Z</time></trkpt><trkpt lat="43.38864255" lon="-5.82540745"><ele>167.11</ele><time>2024-09-03T19:02:18Z</time></trkpt><trkpt lat="43.38862891" lon="-5.82541109"><ele>167.18</ele><time>2024-09-03T19:02:19Z</time></trkpt><trkpt lat="43.38861527" lon="-5.82541473"><ele>167.25</ele><time>2024-09-03T19:02:20Z</time></trkpt><trkpt lat="43.38860176" lon="-5.82541885"><ele>167.33</ele><time>2024-09-03T19:02:21Z</time></trkpt><trkpt lat="43.38858851" lon="-5.82542394"><ele>167.41</ele><time>2024-09-03T19:02:22Z</time></trkpt><trkpt lat="43.38857581" lon="-5.82543069"><ele>167.50</ele><time>2024-09-03T19:02:23Z</time></trkpt><trkpt lat="43.38856372" lon="-5.82543883"><ele>167.58</ele><time>2024-09-03T19:02:24Z</time></trkpt><trkpt lat="43.38855231" lon="-5.82544808"><ele>167.64</ele><time>2024-09-03T19:02:25Z</time></trkpt><trkpt lat="43.38854125" lon="-5.82545775"><ele>167.70</ele><time>2024-09-03T19:02:26Z</time></trkpt><trkpt lat="43.38853038" lon="-5.82546762"><ele>167.75</ele><time>2024-09-03T19:02:27Z</time></trkpt><trkpt lat="43.38851950" lon="-5.82547750"><ele>167.80</ele><time>2024-09-03T19:02:28Z</time></trkpt><trkpt lat="43.38850863" lon="-5.82548737"><ele>167.85</ele><time>2024-09-03T19:02:29Z</time></trkpt><trkpt lat="43.38849775" lon="-5.82549725"><ele>167.90</ele><time>2024-09-03T19:02:30Z</time></trkpt><trkpt lat="43.38848674" lon="-5.82550732"><ele>167.95</ele><time>2024-09-03T19:02:31Z</time></trkpt><trkpt lat="43.38847547" lon="-5.82551777"><ele>168.02</ele><time>2024-09-03T19:02:32Z</time></trkpt><trkpt lat="43.38846379" lon="-5.82552881"><ele>168.10</ele><time>2024-09-03T19:02:33Z</time></trkpt><trkpt lat="43.38845185" lon="-5.82554023"><ele>168.18</ele><time>2024-09-03T19:02:34Z</time></trkpt><trkpt lat="43.38843977" lon="-5.82555185"><ele>168.28</ele><time>2024-09-03T19:02:35Z</time></trkpt><trkpt lat="43.38842769" lon="-5.82556346"><ele>168.37</ele><time>2024-09-03T19:02:36Z</time></trkpt><trkpt lat="43.38841562" lon="-5.82557508"><ele>168.46</ele><time>2024-09-03T19:02:37Z</time></trkpt><trkpt lat="43.38840354" lon="-5.82558669"><ele>168.55</ele><time>2024-09-03T19:02:38Z</time></trkpt><trkpt lat="43.38839146" lon="-5.82559831"><ele>168.65</ele><time>2024-09-03T19:02:39Z</time></trkpt><trkpt lat="43.38837938" lon="-5.82560992"><ele>168.74</ele><time>2024-09-03T19:02:40Z</time></trkpt><trkpt lat="43.38836731" lon="-5.82562154"><ele>168.83</ele><time>2024-09-03T19:02:41Z</time></trkpt><trkpt lat="43.38835523" lon="-5.82563315"><ele>168.92</ele><time>2024-09-03T19:02:42Z</time></trkpt><trkpt lat="43.38834315" lon="-5.82564477"><ele>169.02</ele><time>2024-09-03T19:02:43Z</time></trkpt><trkpt lat="43.38833136" lon="-5.82565706"><ele>169.12</ele><time>2024-09-03T19:02:44Z</time></trkpt><trkpt lat="43.38832015" lon="-5.82567069"><ele>169.23</ele><time>2024-09-03T19:02:45Z</time></trkpt><trkpt lat="43.38830979" lon="-5.82568634"><ele>169.37</ele><time>2024-09-03T19:02:46Z</time></trkpt><trkpt lat="43.38830000" lon="-5.82570333"><ele>169.53</ele><time>2024-09-03T19:02:47Z</time></trkpt><trkpt lat="43.38829050" lon="-5.82572100"><ele>169.70</ele><time>2024-09-03T19:02:48Z</time></trkpt><trkpt lat="43.38828100" lon="-5.82573867"><ele>169.87</ele><time>2024-09-03T19:02:49Z</time></trkpt><trkpt lat="43.38827127" lon="-5.82575579"><ele>170.03</ele><time>2024-09-03T19:02:50Z</time></trkpt><trkpt lat="43.38826107" lon="-5.82577184"><ele>170.20</ele><time>2024-09-03T19:02:51Z</time></trkpt><trkpt lat="43.38825017" lon="-5.82578626"><ele>170.36</ele><time>2024-09-03T19:02:52Z</time></trkpt><trkpt lat="43.38823880" lon="-5.82579960"><ele>170.52</ele><time>2024-09-03T19:02:53Z</time></trkpt><trkpt lat="43.38822720" lon="-5.82581240"><ele>170.68</ele><time>2024-09-03T19:02:54Z</time></trkpt><trkpt lat="43.38821568" lon="-5.82582499"><ele>170.84</ele><time>2024-09-03T19:02:55Z</time></trkpt><trkpt lat="43.38820431" lon="-5.82583716"><ele>171.00</ele><time>2024-09-03T19:02:56Z</time></trkpt><trkpt lat="43.38819317" lon="-5.82584870"><ele>171.16</ele><time>2024-09-03T19:02:57Z</time></trkpt><trkpt lat="43.38818218" lon="-5.82585982"><ele>171.33</ele><time>2024-09-03T19:02:58Z</time></trkpt><trkpt lat="43.38817127" lon="-5.82587073"><ele>171.49</ele><time>2024-09-03T19:02:59Z</time></trkpt><trkpt lat="43.38816036" lon="-5.82588164"><ele>171.65</ele><time>2024-09-03T19:03:00Z</time></trkpt><trkpt lat="43.38814945" lon="-5.82589255"><ele>171.82</ele><time>2024-09-03T19:03:01Z</time></trkpt><trkpt lat="43.38813855" lon="-5.82590345"><ele>171.98</ele><time>2024-09-03T19:03:02Z</time></trkpt><trkpt lat="43.38812764" lon="-5.82591436"><ele>172.15</ele><time>2024-09-03T19:03:03Z</time></trkpt><trkpt lat="43.38811673" lon="-5.82592527"><ele>172.31</ele><time>2024-09-03T19:03:04Z</time></trkpt><trkpt lat="43.38810582" lon="-5.82593618"><ele>172.47</ele><time>2024-09-03T19:03:05Z</time></trkpt><trkpt lat="43.38809480" lon="-5.82594713"><ele>172.63</ele><time>2024-09-03T19:03:06Z</time></trkpt><trkpt lat="43.38808357" lon="-5.82595815"><ele>172.79</ele><time>2024-09-03T19:03:07Z</time></trkpt><trkpt lat="43.38807202" lon="-5.82596929"><ele>172.95</ele><time>2024-09-03T19:03:08Z</time></trkpt><trkpt lat="43.38806025" lon="-5.82598050"><ele>173.10</ele><time>2024-09-03T19:03:09Z</time></trkpt><trkpt lat="43.38804837" lon="-5.82599175"><ele>173.25</ele><time>2024-09-03T19:03:10Z</time></trkpt><trkpt lat="43.38803650" lon="-5.82600300"><ele>173.40</ele><time>2024-09-03T19:03:11Z</time></trkpt><trkpt lat="43.38802462" lon="-5.82601425"><ele>173.55</ele><time>2024-09-03T19:03:12Z</time></trkpt><trkpt lat="43.38801275" lon="-5.82602550"><ele>173.70</ele><time>2024-09-03T19:03:13Z</time></trkpt><trkpt lat="43.38800092" lon="-5.82603656"><ele>173.85</ele><time>2024-09-03T19:03:14Z</time></trkpt><trkpt lat="43.38798917" lon="-5.82604722"><ele>173.99</ele><time>2024-09-03T19:03:15Z</time></trkpt><trkpt lat="43.38797754" lon="-5.82605731"><ele>174.12</ele><time>2024-09-03T19:03:16Z</time></trkpt><trkpt lat="43.38796600" lon="-5.82606700"><ele>174.24</ele><time>2024-09-03T19:03:17Z</time></trkpt><trkpt lat="43.38795450" lon="-5.82607650"><ele>174.36</ele><time>2024-09-03T19:03:18Z</time></trkpt><trkpt lat="43.38794300" lon="-5.82608600"><ele>174.48</ele><time>2024-09-03T19:03:19Z</time></trkpt><trkpt lat="43.38793150" lon="-5.82609550"><ele>174.60</ele><time>2024-09-03T19:03:20Z</time></trkpt><trkpt lat="43.38792000" lon="-5.82610500"><ele>174.72</ele><time>2024-09-03T19:03:21Z</time></trkpt><trkpt lat="43.38790850" lon="-5.82611450"><ele>174.84</ele><time>2024-09-03T19:03:22Z</time></trkpt><trkpt lat="43.38789700" lon="-5.82612400"><ele>174.96</ele><time>2024-09-03T19:03:23Z</time></trkpt><trkpt lat="43.38788544" lon="-5.82613362"><ele>175.08</ele><time>2024-09-03T19:03:24Z</time></trkpt><trkpt lat="43.38787378" lon="-5.82614349"><ele>175.20</ele><time>2024-09-03T19:03:25Z</time></trkpt><trkpt lat="43.38786194" lon="-5.82615372"><ele>175.32</ele><time>2024-09-03T19:03:26Z</time></trkpt><trkpt lat="43.38785000" lon="-5.82616420"><ele>175.44</ele><time>2024-09-03T19:03:27Z</time></trkpt><trkpt lat="43.38783800" lon="-5.82617480"><ele>175.56</ele><time>2024-09-03T19:03:28Z</time></trkpt><trkpt lat="43.38782581" lon="-5.82618574"><ele>175.67</ele><time>2024-09-03T19:03:29Z</time></trkpt><trkpt lat="43.38781326" lon="-5.82619736"><ele>175.78</ele><time>2024-09-03T19:03:30Z</time></trkpt><trkpt lat="43.38780015" lon="-5.82621001"><ele>175.86</ele><time>2024-09-03T19:03:31Z</time></trkpt><trkpt lat="43.38778669" lon="-5.82622326"><ele>175.94</ele><time>2024-09-03T19:03:32Z</time></trkpt><trkpt lat="43.38777307" lon="-5.82623670"><ele>176.01</ele><time>2024-09-03T19:03:33Z</time></trkpt><trkpt lat="43.38775949" lon="-5.82624979"><ele>176.08</ele><time>2024-09-03T19:03:34Z</time></trkpt><trkpt lat="43.38774589" lon="-5.82626244"><ele>176.11</ele><time>2024-09-03T19:03:35Z</time></trkpt><trkpt lat="43.38773222" lon="-5.82627461"><ele>176.08</ele><time>2024-09-03T19:03:36Z</time></trkpt><trkpt lat="43.38771850" lon="-5.82628650"><ele>176.00</ele><time>2024-09-03T19:03:37Z</time></trkpt><trkpt lat="43.38770496" lon="-5.82629813"><ele>175.90</ele><time>2024-09-03T19:03:38Z</time></trkpt><trkpt lat="43.38769185" lon="-5.82630952"><ele>175.80</ele><time>2024-09-03T19:03:39Z</time></trkpt><trkpt lat="43.38767938" lon="-5.82632055"><ele>175.70</ele><time>2024-09-03T19:03:40Z</time></trkpt><trkpt lat="43.38766733" lon="-5.82633133"><ele>175.60</ele><time>2024-09-03T19:03:41Z</time></trkpt><trkpt lat="43.38765550" lon="-5.82634200"><ele>175.50</ele><time>2024-09-03T19:03:42Z</time></trkpt><trkpt lat="43.38764367" lon="-5.82635267"><ele>175.40</ele><time>2024-09-03T19:03:43Z</time></trkpt><trkpt lat="43.38763188" lon="-5.82636319"><ele>175.30</ele><time>2024-09-03T19:03:44Z</time></trkpt><trkpt lat="43.38762017" lon="-5.82637341"><ele>175.20</ele><time>2024-09-03T19:03:45Z</time></trkpt><trkpt lat="43.38760860" lon="-5.82638319"><ele>175.11</ele><time>2024-09-03T19:03:46Z</time></trkpt><trkpt lat="43.38759711" lon="-5.82639267"><ele>175.02</ele><time>2024-09-03T19:03:47Z</time></trkpt><trkpt lat="43.38758567" lon="-5.82640200"><ele>174.93</ele><time>2024-09-03T19:03:48Z</time></trkpt><trkpt lat="43.38757422" lon="-5.82641133"><ele>174.84</ele><time>2024-09-03T19:03:49Z</time></trkpt><trkpt lat="43.38756278" lon="-5.82642067"><ele>174.76</ele><time>2024-09-03T19:03:50Z</time></trkpt><trkpt lat="43.38755133" lon="-5.82643000"><ele>174.67</ele><time>2024-09-03T19:03:51Z</time></trkpt><trkpt lat="43.38753989" lon="-5.82643933"><ele>174.58</ele><time>2024-09-03T19:03:52Z</time></trkpt><trkpt lat="43.38752830" lon="-5.82644889"><ele>174.49</ele><time>2024-09-03T19:03:53Z</time></trkpt><trkpt lat="43.38751644" lon="-5.82645887"><ele>174.41</ele><time>2024-09-03T19:03:54Z</time></trkpt><trkpt lat="43.38750416" lon="-5.82646952"><ele>174.34</ele><time>2024-09-03T19:03:55Z</time></trkpt><trkpt lat="43.38749160" lon="-5.82648060"><ele>174.28</ele><time>2024-09-03T19:03:56Z</time></trkpt><trkpt lat="43.38747890" lon="-5.82649190"><ele>174.22</ele><time>2024-09-03T19:03:57Z</time></trkpt><trkpt lat="43.38746620" lon="-5.82650320"><ele>174.16</ele><time>2024-09-03T19:03:58Z</time></trkpt><trkpt lat="43.38745350" lon="-5.82651450"><ele>174.10</ele><time>2024-09-03T19:03:59Z</time></trkpt><trkpt lat="43.38744080" lon="-5.82652580"><ele>174.04</ele><time>2024-09-03T19:04:00Z</time></trkpt><trkpt lat="43.38742810" lon="-5.82653710"><ele>173.98</ele><time>2024-09-03T19:04:01Z</time></trkpt><trkpt lat="43.38741540" lon="-5.82654840"><ele>173.92</ele><time>2024-09-03T19:04:02Z</time></trkpt><trkpt lat="43.38740290" lon="-5.82655960"><ele>173.86</ele><time>2024-09-03T19:04:03Z</time></trkpt><trkpt lat="43.38739082" lon="-5.82657061"><ele>173.80</ele><time>2024-09-03T19:04:04Z</time></trkpt><trkpt lat="43.38737935" lon="-5.82658133"><ele>173.74</ele><time>2024-09-03T19:04:05Z</time></trkpt><trkpt lat="43.38736829" lon="-5.82659186"><ele>173.69</ele><time>2024-09-03T19:04:06Z</time></trkpt><trkpt lat="43.38735743" lon="-5.82660229"><ele>173.63</ele><time>2024-09-03T19:04:07Z</time></trkpt><trkpt lat="43.38734657" lon="-5.82661271"><ele>173.57</ele><time>2024-09-03T19:04:08Z</time></trkpt><trkpt lat="43.38733571" lon="-5.82662314"><ele>173.51</ele><time>2024-09-03T19:04:09Z</time></trkpt><trkpt lat="43.38732479" lon="-5.82663359"><ele>173.46</ele><time>2024-09-03T19:04:10Z</time></trkpt><trkpt lat="43.38731371" lon="-5.82664407"><ele>173.41</ele><time>2024-09-03T19:04:11Z</time></trkpt><trkpt lat="43.38730243" lon="-5.82665460"><ele>173.37</ele><time>2024-09-03T19:04:12Z</time></trkpt><trkpt lat="43.38729100" lon="-5.82666517"><ele>173.33</ele><time>2024-09-03T19:04:13Z</time></trkpt><trkpt lat="43.38727950" lon="-5.82667575"><ele>173.30</ele><time>2024-09-03T19:04:14Z</time></trkpt><trkpt lat="43.38726800" lon="-5.82668633"><ele>173.27</ele><time>2024-09-03T19:04:15Z</time></trkpt><trkpt lat="43.38725650" lon="-5.82669692"><ele>173.23</ele><time>2024-09-03T19:04:16Z</time></trkpt><trkpt lat="43.38724500" lon="-5.82670750"><ele>173.20</ele><time>2024-09-03T19:04:17Z</time></trkpt><trkpt lat="43.38723350" lon="-5.82671808"><ele>173.17</ele><time>2024-09-03T19:04:18Z</time></trkpt><trkpt lat="43.38722200" lon="-5.82672867"><ele>173.13</ele><time>2024-09-03T19:04:19Z</time></trkpt><trkpt lat="43.38721050" lon="-5.82673925"><ele>173.10</ele><time>2024-09-03T19:04:20Z</time></trkpt><trkpt lat="43.38719900" lon="-5.82674983"><ele>173.07</ele><time>2024-09-03T19:04:21Z</time></trkpt><trkpt lat="43.38718754" lon="-5.82676052"><ele>173.04</ele><time>2024-09-03T19:04:22Z</time></trkpt><trkpt lat="43.38717615" lon="-5.82677141"><ele>173.04</ele><time>2024-09-03T19:04:23Z</time></trkpt><trkpt lat="43.38716487" lon="-5.82678260"><ele>173.06</ele><time>2024-09-03T19:04:24Z</time></trkpt><trkpt lat="43.38715367" lon="-5.82679400"><ele>173.10</ele><time>2024-09-03T19:04:25Z</time></trkpt><trkpt lat="43.38714250" lon="-5.82680550"><ele>173.15</ele><time>2024-09-03T19:04:26Z</time></trkpt><trkpt lat="43.38713133" lon="-5.82681700"><ele>173.20</ele><time>2024-09-03T19:04:27Z</time></trkpt><trkpt lat="43.38712017" lon="-5.82682850"><ele>173.25</ele><time>2024-09-03T19:04:28Z</time></trkpt><trkpt lat="43.38710900" lon="-5.82684000"><ele>173.30</ele><time>2024-09-03T19:04:29Z</time></trkpt><trkpt lat="43.38709783" lon="-5.82685150"><ele>173.35</ele><time>2024-09-03T19:04:30Z</time></trkpt><trkpt lat="43.38708667" lon="-5.82686300"><ele>173.40</ele><time>2024-09-03T19:04:31Z</time></trkpt><trkpt lat="43.38707550" lon="-5.82687450"><ele>173.45</ele><time>2024-09-03T19:04:32Z</time></trkpt><trkpt lat="43.38706433" lon="-5.82688600"><ele>173.50</ele><time>2024-09-03T19:04:33Z</time></trkpt><trkpt lat="43.38705316" lon="-5.82689743"><ele>173.55</ele><time>2024-09-03T19:04:34Z</time></trkpt><trkpt lat="43.38704199" lon="-5.82690873"><ele>173.60</ele><time>2024-09-03T19:04:35Z</time></trkpt><trkpt lat="43.38703080" lon="-5.82691983"><ele>173.64</ele><time>2024-09-03T19:04:36Z</time></trkpt><trkpt lat="43.38701960" lon="-5.82693080"><ele>173.68</ele><time>2024-09-03T19:04:37Z</time></trkpt><trkpt lat="43.38700840" lon="-5.82694170"><ele>173.72</ele><time>2024-09-03T19:04:38Z</time></trkpt><trkpt lat="43.38699720" lon="-5.82695260"><ele>173.76</ele><time>2024-09-03T19:04:39Z</time></trkpt><trkpt lat="43.38698600" lon="-5.82696350"><ele>173.80</ele><time>2024-09-03T19:04:40Z</time></trkpt><trkpt lat="43.38697480" lon="-5.82697440"><ele>173.84</ele><time>2024-09-03T19:04:41Z</time></trkpt><trkpt lat="43.38696360" lon="-5.82698530"><ele>173.88</ele><time>2024-09-03T19:04:42Z</time></trkpt><trkpt lat="43.38695240" lon="-5.82699620"><ele>173.92</ele><time>2024-09-03T19:04:43Z</time></trkpt><trkpt lat="43.38694125" lon="-5.82700701"><ele>173.97</ele><time>2024-09-03T19:04:44Z</time></trkpt><trkpt lat="43.38693019" lon="-5.82701765"><ele>174.02</ele><time>2024-09-03T19:04:45Z</time></trkpt><trkpt lat="43.38691927" lon="-5.82702802"><ele>174.09</ele><time>2024-09-03T19:04:46Z</time></trkpt><trkpt lat="43.38690844" lon="-5.82703822"><ele>174.18</ele><time>2024-09-03T19:04:47Z</time></trkpt><trkpt lat="43.38689767" lon="-5.82704833"><ele>174.27</ele><time>2024-09-03T19:04:48Z</time></trkpt><trkpt lat="43.38688689" lon="-5.82705844"><ele>174.36</ele><time>2024-09-03T19:04:49Z</time></trkpt><trkpt lat="43.38687611" lon="-5.82706856"><ele>174.44</ele><time>2024-09-03T19:04:50Z</time></trkpt><trkpt lat="43.38686533" lon="-5.82707867"><ele>174.53</ele><time>2024-09-03T19:04:51Z</time></trkpt><trkpt lat="43.38685456" lon="-5.82708878"><ele>174.62</ele><time>2024-09-03T19:04:52Z</time></trkpt><trkpt lat="43.38684361" lon="-5.82709910"><ele>174.72</ele><time>2024-09-03T19:04:53Z</time></trkpt><trkpt lat="43.38683232" lon="-5.82710984"><ele>174.82</ele><time>2024-09-03T19:04:54Z</time></trkpt><trkpt lat="43.38682053" lon="-5.82712121"><ele>174.95</ele><time>2024-09-03T19:04:55Z</time></trkpt><trkpt lat="43.38680840" lon="-5.82713300"><ele>175.08</ele><time>2024-09-03T19:04:56Z</time></trkpt><trkpt lat="43.38679610" lon="-5.82714500"><ele>175.22</ele><time>2024-09-03T19:04:57Z</time></trkpt><trkpt lat="43.38678380" lon="-5.82715700"><ele>175.36</ele><time>2024-09-03T19:04:58Z</time></trkpt><trkpt lat="43.38677150" lon="-5.82716900"><ele>175.50</ele><time>2024-09-03T19:04:59Z</time></trkpt><trkpt lat="43.38675920" lon="-5.82718100"><ele>175.64</ele><time>2024-09-03T19:05:00Z</time></trkpt><trkpt lat="43.38674690" lon="-5.82719300"><ele>175.78</ele><time>2024-09-03T19:05:01Z</time></trkpt><trkpt lat="43.38673460" lon="-5.82720500"><ele>175.92</ele><time>2024-09-03T19:05:02Z</time></trkpt><trkpt lat="43.38672246" lon="-5.82721676"><ele>176.06</ele><time>2024-09-03T19:05:03Z</time></trkpt><trkpt lat="43.38671066" lon="-5.82722803"><ele>176.19</ele><time>2024-09-03T19:05:04Z</time></trkpt><trkpt lat="43.38669935" lon="-5.82723858"><ele>176.31</ele><time>2024-09-03T19:05:05Z</time></trkpt><trkpt lat="43.38668836" lon="-5.82724864"><ele>176.42</ele><time>2024-09-03T19:05:06Z</time></trkpt><trkpt lat="43.38667755" lon="-5.82725845"><ele>176.53</ele><time>2024-09-03T19:05:07Z</time></trkpt><trkpt lat="43.38666673" lon="-5.82726827"><ele>176.64</ele><time>2024-09-03T19:05:08Z</time></trkpt><trkpt lat="43.38665591" lon="-5.82727809"><ele>176.75</ele><time>2024-09-03T19:05:09Z</time></trkpt><trkpt lat="43.38664509" lon="-5.82728791"><ele>176.85</ele><time>2024-09-03T19:05:10Z</time></trkpt><trkpt lat="43.38663427" lon="-5.82729773"><ele>176.96</ele><time>2024-09-03T19:05:11Z</time></trkpt><trkpt lat="43.38662345" lon="-5.82730755"><ele>177.07</ele><time>2024-09-03T19:05:12Z</time></trkpt><trkpt lat="43.38661264" lon="-5.82731736"><ele>177.18</ele><time>2024-09-03T19:05:13Z</time></trkpt><trkpt lat="43.38660158" lon="-5.82732758"><ele>177.29</ele><time>2024-09-03T19:05:14Z</time></trkpt><trkpt lat="43.38659003" lon="-5.82733861"><ele>177.41</ele><time>2024-09-03T19:05:15Z</time></trkpt><trkpt lat="43.38657776" lon="-5.82735085"><ele>177.54</ele><time>2024-09-03T19:05:16Z</time></trkpt><trkpt lat="43.38656500" lon="-5.82736389"><ele>177.67</ele><time>2024-09-03T19:05:17Z</time></trkpt><trkpt lat="43.38655200" lon="-5.82737733"><ele>177.80</ele><time>2024-09-03T19:05:18Z</time></trkpt><trkpt lat="43.38653900" lon="-5.82739078"><ele>177.93</ele><time>2024-09-03T19:05:19Z</time></trkpt><trkpt lat="43.38652600" lon="-5.82740422"><ele>178.07</ele><time>2024-09-03T19:05:20Z</time></trkpt><trkpt lat="43.38651300" lon="-5.82741767"><ele>178.20</ele><time>2024-09-03T19:05:21Z</time></trkpt><trkpt lat="43.38650000" lon="-5.82743111"><ele>178.33</ele><time>2024-09-03T19:05:22Z</time></trkpt><trkpt lat="43.38648721" lon="-5.82744425"><ele>178.47</ele><time>2024-09-03T19:05:23Z</time></trkpt><trkpt lat="43.38647484" lon="-5.82745677"><ele>178.60</ele><time>2024-09-03T19:05:24Z</time></trkpt><trkpt lat="43.38646310" lon="-5.82746836"><ele>178.73</ele><time>2024-09-03T19:05:25Z</time></trkpt><trkpt lat="43.38645178" lon="-5.82747933"><ele>178.87</ele><time>2024-09-03T19:05:26Z</time></trkpt><trkpt lat="43.38644067" lon="-5.82749000"><ele>179.00</ele><time>2024-09-03T19:05:27Z</time></trkpt><trkpt lat="43.38642956" lon="-5.82750067"><ele>179.13</ele><time>2024-09-03T19:05:28Z</time></trkpt><trkpt lat="43.38641844" lon="-5.82751133"><ele>179.27</ele><time>2024-09-03T19:05:29Z</time></trkpt><trkpt lat="43.38640733" lon="-5.82752200"><ele>179.40</ele><time>2024-09-03T19:05:30Z</time></trkpt><trkpt lat="43.38639622" lon="-5.82753267"><ele>179.53</ele><time>2024-09-03T19:05:31Z</time></trkpt><trkpt lat="43.38638494" lon="-5.82754356"><ele>179.66</ele><time>2024-09-03T19:05:32Z</time></trkpt><trkpt lat="43.38637331" lon="-5.82755489"><ele>179.77</ele><time>2024-09-03T19:05:33Z</time></trkpt><trkpt lat="43.38636116" lon="-5.82756689"><ele>179.86</ele><time>2024-09-03T19:05:34Z</time></trkpt><trkpt lat="43.38634876" lon="-5.82757894"><ele>179.93</ele><time>2024-09-03T19:05:35Z</time></trkpt><trkpt lat="43.38633636" lon="-5.82759043"><ele>180.00</ele><time>2024-09-03T19:05:36Z</time></trkpt><trkpt lat="43.38632423" lon="-5.82760075"><ele>180.06</ele><time>2024-09-03T19:05:37Z</time></trkpt><trkpt lat="43.38631229" lon="-5.82761029"><ele>180.11</ele><time>2024-09-03T19:05:38Z</time></trkpt><trkpt lat="43.38630043" lon="-5.82761943"><ele>180.17</ele><time>2024-09-03T19:05:39Z</time></trkpt><trkpt lat="43.38628857" lon="-5.82762857"><ele>180.23</ele><time>2024-09-03T19:05:40Z</time></trkpt><trkpt lat="43.38627671" lon="-5.82763771"><ele>180.29</ele><time>2024-09-03T19:05:41Z</time></trkpt><trkpt lat="43.38626473" lon="-5.82764512"><ele>180.34</ele><time>2024-09-03T19:05:42Z</time></trkpt><trkpt lat="43.38625249" lon="-5.82764905"><ele>180.37</ele><time>2024-09-03T19:05:43Z</time></trkpt><trkpt lat="43.38624039" lon="-5.82764666"><ele>180.39</ele><time>2024-09-03T19:05:44Z</time></trkpt><trkpt lat="43.38622906" lon="-5.82763861"><ele>180.40</ele><time>2024-09-03T19:05:45Z</time></trkpt><trkpt lat="43.38621914" lon="-5.82762553"><ele>180.40</ele><time>2024-09-03T19:05:46Z</time></trkpt><trkpt lat="43.38621025" lon="-5.82761025"><ele>180.40</ele><time>2024-09-03T19:05:47Z</time></trkpt><trkpt lat="43.38620187" lon="-5.82759387"><ele>180.40</ele><time>2024-09-03T19:05:48Z</time></trkpt><trkpt lat="43.38619350" lon="-5.82757750"><ele>180.40</ele><time>2024-09-03T19:05:49Z</time></trkpt><trkpt lat="43.38618512" lon="-5.82756112"><ele>180.40</ele><time>2024-09-03T19:05:50Z</time></trkpt><trkpt lat="43.38617675" lon="-5.82754475"><ele>180.40</ele><time>2024-09-03T19:05:51Z</time></trkpt><trkpt lat="43.38616775" lon="-5.82752975"><ele>180.42</ele><time>2024-09-03T19:05:52Z</time></trkpt><trkpt lat="43.38615764" lon="-5.82751853"><ele>180.47</ele><time>2024-09-03T19:05:53Z</time></trkpt><trkpt lat="43.38614593" lon="-5.82751349"><ele>180.56</ele><time>2024-09-03T19:05:54Z</time></trkpt><trkpt lat="43.38613339" lon="-5.82751428"><ele>180.63</ele><time>2024-09-03T19:05:55Z</time></trkpt><trkpt lat="43.38612050" lon="-5.82751850"><ele>180.70</ele><time>2024-09-03T19:05:56Z</time></trkpt><trkpt lat="43.38610763" lon="-5.82752350"><ele>180.75</ele><time>2024-09-03T19:05:57Z</time></trkpt><trkpt lat="43.38609451" lon="-5.82752800"><ele>180.80</ele><time>2024-09-03T19:05:58Z</time></trkpt><trkpt lat="43.38608102" lon="-5.82753175"><ele>180.86</ele><time>2024-09-03T19:05:59Z</time></trkpt><trkpt lat="43.38606729" lon="-5.82753500"><ele>180.91</ele><time>2024-09-03T19:06:00Z</time></trkpt><trkpt lat="43.38605343" lon="-5.82753800"><ele>180.97</ele><time>2024-09-03T19:06:01Z</time></trkpt><trkpt lat="43.38603957" lon="-5.82754100"><ele>181.03</ele><time>2024-09-03T19:06:02Z</time></trkpt><trkpt lat="43.38602571" lon="-5.82754400"><ele>181.09</ele><time>2024-09-03T19:06:03Z</time></trkpt><trkpt lat="43.38601162" lon="-5.82754678"><ele>181.15</ele><time>2024-09-03T19:06:04Z</time></trkpt><trkpt lat="43.38599705" lon="-5.82754911"><ele>181.22</ele><time>2024-09-03T19:06:05Z</time></trkpt><trkpt lat="43.38598211" lon="-5.82754961"><ele>181.30</ele><time>2024-09-03T19:06:06Z</time></trkpt><trkpt lat="43.38596739" lon="-5.82754733"><ele>181.39</ele><time>2024-09-03T19:06:07Z</time></trkpt><trkpt lat="43.38595347" lon="-5.82754133"><ele>181.47</ele><time>2024-09-03T19:06:08Z</time></trkpt><trkpt lat="43.38594025" lon="-5.82753300"><ele>181.55</ele><time>2024-09-03T19:06:09Z</time></trkpt><trkpt lat="43.38592738" lon="-5.82752350"><ele>181.62</ele><time>2024-09-03T19:06:10Z</time></trkpt><trkpt lat="43.38591450" lon="-5.82751400"><ele>181.70</ele><time>2024-09-03T19:06:11Z</time></trkpt><trkpt lat="43.38590162" lon="-5.82750450"><ele>181.77</ele><time>2024-09-03T19:06:12Z</time></trkpt><trkpt lat="43.38588875" lon="-5.82749500"><ele>181.85</ele><time>2024-09-03T19:06:13Z</time></trkpt><trkpt lat="43.38587632" lon="-5.82748456"><ele>181.93</ele><time>2024-09-03T19:06:14Z</time></trkpt><trkpt lat="43.38586477" lon="-5.82747222"><ele>182.01</ele><time>2024-09-03T19:06:15Z</time></trkpt><trkpt lat="43.38585454" lon="-5.82745706"><ele>182.10</ele><time>2024-09-03T19:06:16Z</time></trkpt><trkpt lat="43.38584520" lon="-5.82744000"><ele>182.20</ele><time>2024-09-03T19:06:17Z</time></trkpt><trkpt lat="43.38583630" lon="-5.82742200"><ele>182.30</ele><time>2024-09-03T19:06:18Z</time></trkpt><trkpt lat="43.38582740" lon="-5.82740400"><ele>182.40</ele><time>2024-09-03T19:06:19Z</time></trkpt><trkpt lat="43.38581850" lon="-5.82738600"><ele>182.50</ele><time>2024-09-03T19:06:20Z</time></trkpt><trkpt lat="43.38580960" lon="-5.82736800"><ele>182.60</ele><time>2024-09-03T19:06:21Z</time></trkpt><trkpt lat="43.38580070" lon="-5.82735000"><ele>182.70</ele><time>2024-09-03T19:06:22Z</time></trkpt><trkpt lat="43.38579180" lon="-5.82733200"><ele>182.80</ele><time>2024-09-03T19:06:23Z</time></trkpt><trkpt lat="43.38578284" lon="-5.82731412"><ele>182.88</ele><time>2024-09-03T19:06:24Z</time></trkpt><trkpt lat="43.38577376" lon="-5.82729649"><ele>182.94</ele><time>2024-09-03T19:06:25Z</time></trkpt><trkpt lat="43.38576450" lon="-5.82727923"><ele>182.94</ele><time>2024-09-03T19:06:26Z</time></trkpt><trkpt lat="43.38575511" lon="-5.82726222"><ele>182.91</ele><time>2024-09-03T19:06:27Z</time></trkpt><trkpt lat="43.38574567" lon="-5.82724533"><ele>182.87</ele><time>2024-09-03T19:06:28Z</time></trkpt><trkpt lat="43.38573622" lon="-5.82722844"><ele>182.82</ele><time>2024-09-03T19:06:29Z</time></trkpt><trkpt lat="43.38572678" lon="-5.82721156"><ele>182.78</ele><time>2024-09-03T19:06:30Z</time></trkpt><trkpt lat="43.38571733" lon="-5.82719467"><ele>182.73</ele><time>2024-09-03T19:06:31Z</time></trkpt><trkpt lat="43.38570789" lon="-5.82717778"><ele>182.69</ele><time>2024-09-03T19:06:32Z</time></trkpt><trkpt lat="43.38569850" lon="-5.82716115"><ele>182.65</ele><time>2024-09-03T19:06:33Z</time></trkpt><trkpt lat="43.38568924" lon="-5.82714504"><ele>182.64</ele><time>2024-09-03T19:06:34Z</time></trkpt><trkpt lat="43.38568015" lon="-5.82712971"><ele>182.65</ele><time>2024-09-03T19:06:35Z</time></trkpt><trkpt lat="43.38567118" lon="-5.82711491"><ele>182.67</ele><time>2024-09-03T19:06:36Z</time></trkpt><trkpt lat="43.38566227" lon="-5.82710036"><ele>182.71</ele><time>2024-09-03T19:06:37Z</time></trkpt><trkpt lat="43.38565336" lon="-5.82708582"><ele>182.75</ele><time>2024-09-03T19:06:38Z</time></trkpt><trkpt lat="43.38564445" lon="-5.82707127"><ele>182.78</ele><time>2024-09-03T19:06:39Z</time></trkpt><trkpt lat="43.38563555" lon="-5.82705673"><ele>182.82</ele><time>2024-09-03T19:06:40Z</time></trkpt><trkpt lat="43.38562664" lon="-5.82704218"><ele>182.85</ele><time>2024-09-03T19:06:41Z</time></trkpt><trkpt lat="43.38561773" lon="-5.82702764"><ele>182.89</ele><time>2024-09-03T19:06:42Z</time></trkpt><trkpt lat="43.38560882" lon="-5.82701309"><ele>182.93</ele><time>2024-09-03T19:06:43Z</time></trkpt><trkpt lat="43.38559997" lon="-5.82699817"><ele>182.95</ele><time>2024-09-03T19:06:44Z</time></trkpt><trkpt lat="43.38559126" lon="-5.82698251"><ele>182.94</ele><time>2024-09-03T19:06:45Z</time></trkpt><trkpt lat="43.38558273" lon="-5.82696574"><ele>182.90</ele><time>2024-09-03T19:06:46Z</time></trkpt><trkpt lat="43.38557433" lon="-5.82694822"><ele>182.82</ele><time>2024-09-03T19:06:47Z</time></trkpt><trkpt lat="43.38556600" lon="-5.82693033"><ele>182.73</ele><time>2024-09-03T19:06:48Z</time></trkpt><trkpt lat="43.38555767" lon="-5.82691244"><ele>182.64</ele><time>2024-09-03T19:06:49Z</time></trkpt><trkpt lat="43.38554933" lon="-5.82689456"><ele>182.56</ele><time>2024-09-03T19:06:50Z</time></trkpt><trkpt lat="43.38554100" lon="-5.82687667"><ele>182.47</ele><time>2024-09-03T19:06:51Z</time></trkpt><trkpt lat="43.38553267" lon="-5.82685878"><ele>182.38</ele><time>2024-09-03T19:06:52Z</time></trkpt><trkpt lat="43.38552464" lon="-5.82684071"><ele>182.30</ele><time>2024-09-03T19:06:53Z</time></trkpt><trkpt lat="43.38551721" lon="-5.82682228"><ele>182.24</ele><time>2024-09-03T19:06:54Z</time></trkpt><trkpt lat="43.38551070" lon="-5.82680332"><ele>182.21</ele><time>2024-09-03T19:06:55Z</time></trkpt><trkpt lat="43.38550480" lon="-5.82678400"><ele>182.20</ele><time>2024-09-03T19:06:56Z</time></trkpt><trkpt lat="43.38549920" lon="-5.82676450"><ele>182.20</ele><time>2024-09-03T19:06:57Z</time></trkpt><trkpt lat="43.38549360" lon="-5.82674500"><ele>182.20</ele><time>2024-09-03T19:06:58Z</time></trkpt><trkpt lat="43.38548800" lon="-5.82672550"><ele>182.20</ele><time>2024-09-03T19:06:59Z</time></trkpt><trkpt lat="43.38548240" lon="-5.82670600"><ele>182.20</ele><time>2024-09-03T19:07:00Z</time></trkpt><trkpt lat="43.38547680" lon="-5.82668650"><ele>182.20</ele><time>2024-09-03T19:07:01Z</time></trkpt><trkpt lat="43.38547120" lon="-5.82666700"><ele>182.20</ele><time>2024-09-03T19:07:02Z</time></trkpt><trkpt lat="43.38546631" lon="-5.82664709"><ele>182.21</ele><time>2024-09-03T19:07:03Z</time></trkpt><trkpt lat="43.38546284" lon="-5.82662636"><ele>182.24</ele><time>2024-09-03T19:07:04Z</time></trkpt><trkpt lat="43.38546151" lon="-5.82660439"><ele>182.29</ele><time>2024-09-03T19:07:05Z</time></trkpt><trkpt lat="43.38546160" lon="-5.82658160"><ele>182.36</ele><time>2024-09-03T19:07:06Z</time></trkpt><trkpt lat="43.38546240" lon="-5.82655840"><ele>182.44</ele><time>2024-09-03T19:07:07Z</time></trkpt><trkpt lat="43.38546256" lon="-5.82653585"><ele>182.51</ele><time>2024-09-03T19:07:08Z</time></trkpt><trkpt lat="43.38546142" lon="-5.82651461"><ele>182.56</ele><time>2024-09-03T19:07:09Z</time></trkpt><trkpt lat="43.38545836" lon="-5.82649532"><ele>182.59</ele><time>2024-09-03T19:07:10Z</time></trkpt><trkpt lat="43.38545361" lon="-5.82647813"><ele>182.60</ele><time>2024-09-03T19:07:11Z</time></trkpt><trkpt lat="43.38544744" lon="-5.82646319"><ele>182.60</ele><time>2024-09-03T19:07:12Z</time></trkpt><trkpt lat="43.38544011" lon="-5.82645063"><ele>182.60</ele><time>2024-09-03T19:07:13Z</time></trkpt><trkpt lat="43.38543200" lon="-5.82643967"><ele>182.60</ele><time>2024-09-03T19:07:14Z</time></trkpt><trkpt lat="43.38542350" lon="-5.82642950"><ele>182.60</ele><time>2024-09-03T19:07:15Z</time></trkpt><trkpt lat="43.38541500" lon="-5.82641933"><ele>182.60</ele><time>2024-09-03T19:07:16Z</time></trkpt><trkpt lat="43.38540622" lon="-5.82640952"><ele>182.60</ele><time>2024-09-03T19:07:17Z</time></trkpt><trkpt lat="43.38539656" lon="-5.82640013"><ele>182.60</ele><time>2024-09-03T19:07:18Z</time></trkpt><trkpt lat="43.38538539" lon="-5.82639124"><ele>182.60</ele><time>2024-09-03T19:07:19Z</time></trkpt><trkpt lat="43.38537267" lon="-5.82638222"><ele>182.60</ele><time>2024-09-03T19:07:20Z</time></trkpt><trkpt lat="43.38535900" lon="-5.82637300"><ele>182.60</ele><time>2024-09-03T19:07:21Z</time></trkpt><trkpt lat="43.38534493" lon="-5.82636319"><ele>182.59</ele><time>2024-09-03T19:07:22Z</time></trkpt><trkpt lat="43.38533070" lon="-5.82635274"><ele>182.57</ele><time>2024-09-03T19:07:23Z</time></trkpt><trkpt lat="43.38531626" lon="-5.82634135"><ele>182.53</ele><time>2024-09-03T19:07:24Z</time></trkpt><trkpt lat="43.38530202" lon="-5.82632891"><ele>182.48</ele><time>2024-09-03T19:07:25Z</time></trkpt><trkpt lat="43.38528841" lon="-5.82631530"><ele>182.44</ele><time>2024-09-03T19:07:26Z</time></trkpt><trkpt lat="43.38527585" lon="-5.82630041"><ele>182.44</ele><time>2024-09-03T19:07:27Z</time></trkpt><trkpt lat="43.38526400" lon="-5.82628467"><ele>182.47</ele><time>2024-09-03T19:07:28Z</time></trkpt><trkpt lat="43.38525250" lon="-5.82626850"><ele>182.50</ele><time>2024-09-03T19:07:29Z</time></trkpt><trkpt lat="43.38524100" lon="-5.82625233"><ele>182.53</ele><time>2024-09-03T19:07:30Z</time></trkpt><trkpt lat="43.38522972" lon="-5.82623607"><ele>182.56</ele><time>2024-09-03T19:07:31Z</time></trkpt><trkpt lat="43.38521889" lon="-5.82621963"><ele>182.59</ele><time>2024-09-03T19:07:32Z</time></trkpt><trkpt lat="43.38520880" lon="-5.82620276"><ele>182.60</ele><time>2024-09-03T19:07:33Z</time></trkpt><trkpt lat="43.38519930" lon="-5.82618539"><ele>182.61</ele><time>2024-09-03T19:07:34Z</time></trkpt><trkpt lat="43.38519026" lon="-5.82616748"><ele>182.62</ele><time>2024-09-03T19:07:35Z</time></trkpt><trkpt lat="43.38518136" lon="-5.82614927"><ele>182.64</ele><time>2024-09-03T19:07:36Z</time></trkpt><trkpt lat="43.38517255" lon="-5.82613091"><ele>182.65</ele><time>2024-09-03T19:07:37Z</time></trkpt><trkpt lat="43.38516373" lon="-5.82611255"><ele>182.67</ele><time>2024-09-03T19:07:38Z</time></trkpt><trkpt lat="43.38515491" lon="-5.82609418"><ele>182.69</ele><time>2024-09-03T19:07:39Z</time></trkpt><trkpt lat="43.38514609" lon="-5.82607582"><ele>182.71</ele><time>2024-09-03T19:07:40Z</time></trkpt><trkpt lat="43.38513727" lon="-5.82605745"><ele>182.73</ele><time>2024-09-03T19:07:41Z</time></trkpt><trkpt lat="43.38512845" lon="-5.82603909"><ele>182.75</ele><time>2024-09-03T19:07:42Z</time></trkpt><trkpt lat="43.38511964" lon="-5.82602073"><ele>182.76</ele><time>2024-09-03T19:07:43Z</time></trkpt><trkpt lat="43.38511096" lon="-5.82600224"><ele>182.77</ele><time>2024-09-03T19:07:44Z</time></trkpt><trkpt lat="43.38510255" lon="-5.82598349"><ele>182.74</ele><time>2024-09-03T19:07:45Z</time></trkpt><trkpt lat="43.38509455" lon="-5.82596437"><ele>182.67</ele><time>2024-09-03T19:07:46Z</time></trkpt><trkpt lat="43.38508683" lon="-5.82594500"><ele>182.57</ele><time>2024-09-03T19:07:47Z</time></trkpt><trkpt lat="43.38507925" lon="-5.82592550"><ele>182.45</ele><time>2024-09-03T19:07:48Z</time></trkpt><trkpt lat="43.38507167" lon="-5.82590600"><ele>182.33</ele><time>2024-09-03T19:07:49Z</time></trkpt><trkpt lat="43.38506408" lon="-5.82588650"><ele>182.22</ele><time>2024-09-03T19:07:50Z</time></trkpt><trkpt lat="43.38505650" lon="-5.82586700"><ele>182.10</ele><time>2024-09-03T19:07:51Z</time></trkpt><trkpt lat="43.38504892" lon="-5.82584750"><ele>181.98</ele><time>2024-09-03T19:07:52Z</time></trkpt><trkpt lat="43.38504133" lon="-5.82582800"><ele>181.87</ele><time>2024-09-03T19:07:53Z</time></trkpt><trkpt lat="43.38503375" lon="-5.82580850"><ele>181.75</ele><time>2024-09-03T19:07:54Z</time></trkpt><trkpt lat="43.38502617" lon="-5.82578900"><ele>181.63</ele><time>2024-09-03T19:07:55Z</time></trkpt><trkpt lat="43.38501883" lon="-5.82576908"><ele>181.51</ele><time>2024-09-03T19:07:56Z</time></trkpt><trkpt lat="43.38501199" lon="-5.82574832"><ele>181.38</ele><time>2024-09-03T19:07:57Z</time></trkpt><trkpt lat="43.38500588" lon="-5.82572631"><ele>181.23</ele><time>2024-09-03T19:07:58Z</time></trkpt><trkpt lat="43.38500027" lon="-5.82570345"><ele>181.07</ele><time>2024-09-03T19:07:59Z</time></trkpt><trkpt lat="43.38499491" lon="-5.82568018"><ele>180.91</ele><time>2024-09-03T19:08:00Z</time></trkpt><trkpt lat="43.38498955" lon="-5.82565691"><ele>180.75</ele><time>2024-09-03T19:08:01Z</time></trkpt><trkpt lat="43.38498418" lon="-5.82563364"><ele>180.58</ele><time>2024-09-03T19:08:02Z</time></trkpt><trkpt lat="43.38497882" lon="-5.82561036"><ele>180.42</ele><time>2024-09-03T19:08:03Z</time></trkpt><trkpt lat="43.38497345" lon="-5.82558709"><ele>180.25</ele><time>2024-09-03T19:08:04Z</time></trkpt><trkpt lat="43.38496809" lon="-5.82556382"><ele>180.09</ele><time>2024-09-03T19:08:05Z</time></trkpt><trkpt lat="43.38496273" lon="-5.82554055"><ele>179.93</ele><time>2024-09-03T19:08:06Z</time></trkpt><trkpt lat="43.38495711" lon="-5.82551771"><ele>179.76</ele><time>2024-09-03T19:08:07Z</time></trkpt><trkpt lat="43.38495098" lon="-5.82549575"><ele>179.58</ele><time>2024-09-03T19:08:08Z</time></trkpt><trkpt lat="43.38494408" lon="-5.82547510"><ele>179.40</ele><time>2024-09-03T19:08:09Z</time></trkpt><trkpt lat="43.38493657" lon="-5.82545568"><ele>179.21</ele><time>2024-09-03T19:08:10Z</time></trkpt><trkpt lat="43.38492861" lon="-5.82543740"><ele>179.03</ele><time>2024-09-03T19:08:11Z</time></trkpt><trkpt lat="43.38492036" lon="-5.82542017"><ele>178.88</ele><time>2024-09-03T19:08:12Z</time></trkpt><trkpt lat="43.38491191" lon="-5.82540364"><ele>178.75</ele><time>2024-09-03T19:08:13Z</time></trkpt><trkpt lat="43.38490336" lon="-5.82538745"><ele>178.62</ele><time>2024-09-03T19:08:14Z</time></trkpt><trkpt lat="43.38489482" lon="-5.82537127"><ele>178.49</ele><time>2024-09-03T19:08:15Z</time></trkpt><trkpt lat="43.38488627" lon="-5.82535509"><ele>178.36</ele><time>2024-09-03T19:08:16Z</time></trkpt><trkpt lat="43.38487773" lon="-5.82533891"><ele>178.24</ele><time>2024-09-03T19:08:17Z</time></trkpt><trkpt lat="43.38486918" lon="-5.82532273"><ele>178.11</ele><time>2024-09-03T19:08:18Z</time></trkpt><trkpt lat="43.38486064" lon="-5.82530655"><ele>177.98</ele><time>2024-09-03T19:08:19Z</time></trkpt><trkpt lat="43.38485209" lon="-5.82529036"><ele>177.85</ele><time>2024-09-03T19:08:20Z</time></trkpt><trkpt lat="43.38484334" lon="-5.82527423"><ele>177.74</ele><time>2024-09-03T19:08:21Z</time></trkpt><trkpt lat="43.38483419" lon="-5.82525819"><ele>177.63</ele><time>2024-09-03T19:08:22Z</time></trkpt><trkpt lat="43.38482442" lon="-5.82524230"><ele>177.56</ele><time>2024-09-03T19:08:23Z</time></trkpt><trkpt lat="43.38481425" lon="-5.82522650"><ele>177.50</ele><time>2024-09-03T19:08:24Z</time></trkpt><trkpt lat="43.38480388" lon="-5.82521075"><ele>177.45</ele><time>2024-09-03T19:08:25Z</time></trkpt><trkpt lat="43.38479350" lon="-5.82519500"><ele>177.40</ele><time>2024-09-03T19:08:26Z</time></trkpt><trkpt lat="43.38478312" lon="-5.82517925"><ele>177.35</ele><time>2024-09-03T19:08:27Z</time></trkpt><trkpt lat="43.38477275" lon="-5.82516350"><ele>177.30</ele><time>2024-09-03T19:08:28Z</time></trkpt><trkpt lat="43.38476436" lon="-5.82514656"><ele>177.26</ele><time>2024-09-03T19:08:29Z</time></trkpt><trkpt lat="43.38475994" lon="-5.82512722"><ele>177.22</ele><time>2024-09-03T19:08:30Z</time></trkpt><trkpt lat="43.38476226" lon="-5.82510553"><ele>177.19</ele><time>2024-09-03T19:08:31Z</time></trkpt><trkpt lat="43.38477011" lon="-5.82508389"><ele>177.16</ele><time>2024-09-03T19:08:32Z</time></trkpt><trkpt lat="43.38478198" lon="-5.82506448"><ele>177.09</ele><time>2024-09-03T19:08:33Z</time></trkpt><trkpt lat="43.38479483" lon="-5.82504702"><ele>177.01</ele><time>2024-09-03T19:08:34Z</time></trkpt><trkpt lat="43.38480756" lon="-5.82503004"><ele>176.92</ele><time>2024-09-03T19:08:35Z</time></trkpt><trkpt lat="43.38481971" lon="-5.82501257"><ele>176.83</ele><time>2024-09-03T19:08:36Z</time></trkpt><trkpt lat="43.38483157" lon="-5.82499486"><ele>176.74</ele><time>2024-09-03T19:08:37Z</time></trkpt><trkpt lat="43.38484343" lon="-5.82497714"><ele>176.66</ele><time>2024-09-03T19:08:38Z</time></trkpt><trkpt lat="43.38485529" lon="-5.82495943"><ele>176.57</ele><time>2024-09-03T19:08:39Z</time></trkpt><trkpt lat="43.38486587" lon="-5.82494117"><ele>176.49</ele><time>2024-09-03T19:08:40Z</time></trkpt><trkpt lat="43.38487392" lon="-5.82492184"><ele>176.41</ele><time>2024-09-03T19:08:41Z</time></trkpt><trkpt lat="43.38487816" lon="-5.82490089"><ele>176.35</ele><time>2024-09-03T19:08:42Z</time></trkpt><trkpt lat="43.38487986" lon="-5.82487886"><ele>176.29</ele><time>2024-09-03T19:08:43Z</time></trkpt><trkpt lat="43.38488029" lon="-5.82485629"><ele>176.23</ele><time>2024-09-03T19:08:44Z</time></trkpt><trkpt lat="43.38488071" lon="-5.82483371"><ele>176.17</ele><time>2024-09-03T19:08:45Z</time></trkpt><trkpt lat="43.38488114" lon="-5.82481114"><ele>176.11</ele><time>2024-09-03T19:08:46Z</time></trkpt><trkpt lat="43.38488063" lon="-5.82478897"><ele>176.04</ele><time>2024-09-03T19:08:47Z</time></trkpt><trkpt lat="43.38487940" lon="-5.82476748"><ele>175.94</ele><time>2024-09-03T19:08:48Z</time></trkpt><trkpt lat="43.38487766" lon="-5.82474695"><ele>175.81</ele><time>2024-09-03T19:08:49Z</time></trkpt><trkpt lat="43.38487748" lon="-5.82472689"><ele>175.67</ele><time>2024-09-03T19:08:50Z</time></trkpt><trkpt lat="43.38487896" lon="-5.82470689"><ele>175.53</ele><time>2024-09-03T19:08:51Z</time></trkpt><trkpt lat="43.38488141" lon="-5.82468756"><ele>175.39</ele><time>2024-09-03T19:08:52Z</time></trkpt><trkpt lat="43.38488335" lon="-5.82466878"><ele>175.26</ele><time>2024-09-03T19:08:53Z</time></trkpt><trkpt lat="43.38488389" lon="-5.82465056"><ele>175.13</ele><time>2024-09-03T19:08:54Z</time></trkpt><trkpt lat="43.38488293" lon="-5.82463130"><ele>174.98</ele><time>2024-09-03T19:08:55Z</time></trkpt><trkpt lat="43.38488004" lon="-5.82461163"><ele>174.81</ele><time>2024-09-03T19:08:56Z</time></trkpt><trkpt lat="43.38487509" lon="-5.82459207"><ele>174.64</ele><time>2024-09-03T19:08:57Z</time></trkpt><trkpt lat="43.38486867" lon="-5.82457333"><ele>174.47</ele><time>2024-09-03T19:08:58Z</time></trkpt><trkpt lat="43.38486150" lon="-5.82455500"><ele>174.30</ele><time>2024-09-03T19:08:59Z</time></trkpt><trkpt lat="43.38485433" lon="-5.82453667"><ele>174.13</ele><time>2024-09-03T19:09:00Z</time></trkpt><trkpt lat="43.38484885" lon="-5.82451837"><ele>173.97</ele><time>2024-09-03T19:09:01Z</time></trkpt><trkpt lat="43.38484674" lon="-5.82450015"><ele>173.81</ele><time>2024-09-03T19:09:02Z</time></trkpt><trkpt lat="43.38484969" lon="-5.82448204"><ele>173.67</ele><time>2024-09-03T19:09:03Z</time></trkpt><trkpt lat="43.38485567" lon="-5.82446383"><ele>173.53</ele><time>2024-09-03T19:09:04Z</time></trkpt><trkpt lat="43.38486267" lon="-5.82444533"><ele>173.37</ele><time>2024-09-03T19:09:05Z</time></trkpt><trkpt lat="43.38486856" lon="-5.82442650"><ele>173.21</ele><time>2024-09-03T19:09:06Z</time></trkpt><trkpt lat="43.38487289" lon="-5.82440767"><ele>173.07</ele><time>2024-09-03T19:09:07Z</time></trkpt><trkpt lat="43.38487522" lon="-5.82438917"><ele>172.93</ele><time>2024-09-03T19:09:08Z</time></trkpt><trkpt lat="43.38487469" lon="-5.82437161"><ele>172.80</ele><time>2024-09-03T19:09:09Z</time></trkpt><trkpt lat="43.38487144" lon="-5.82435544"><ele>172.69</ele><time>2024-09-03T19:09:10Z</time></trkpt><trkpt lat="43.38486561" lon="-5.82434111"><ele>172.62</ele><time>2024-09-03T19:09:11Z</time></trkpt><trkpt lat="43.38485850" lon="-5.82432800"><ele>172.60</ele><time>2024-09-03T19:09:12Z</time></trkpt><trkpt lat="43.38485029" lon="-5.82431770"><ele>172.61</ele><time>2024-09-03T19:09:13Z</time></trkpt><trkpt lat="43.38484117" lon="-5.82431179"><ele>172.63</ele><time>2024-09-03T19:09:14Z</time></trkpt><trkpt lat="43.38483069" lon="-5.82431248"><ele>172.66</ele><time>2024-09-03T19:09:15Z</time></trkpt><trkpt lat="43.38481929" lon="-5.82431757"><ele>172.71</ele><time>2024-09-03T19:09:16Z</time></trkpt><trkpt lat="43.38480743" lon="-5.82432486"><ele>172.77</ele><time>2024-09-03T19:09:17Z</time></trkpt><trkpt lat="43.38479557" lon="-5.82433214"><ele>172.83</ele><time>2024-09-03T19:09:18Z</time></trkpt><trkpt lat="43.38478371" lon="-5.82433943"><ele>172.89</ele><time>2024-09-03T19:09:19Z</time></trkpt><trkpt lat="43.38477137" lon="-5.82434686"><ele>172.94</ele><time>2024-09-03T19:09:20Z</time></trkpt><trkpt lat="43.38475805" lon="-5.82435460"><ele>173.01</ele><time>2024-09-03T19:09:21Z</time></trkpt><trkpt lat="43.38474326" lon="-5.82436277"><ele>173.08</ele><time>2024-09-03T19:09:22Z</time></trkpt><trkpt lat="43.38472750" lon="-5.82437125"><ele>173.15</ele><time>2024-09-03T19:09:23Z</time></trkpt><trkpt lat="43.38471125" lon="-5.82437987"><ele>173.22</ele><time>2024-09-03T19:09:24Z</time></trkpt><trkpt lat="43.38469500" lon="-5.82438850"><ele>173.30</ele><time>2024-09-03T19:09:25Z</time></trkpt><trkpt lat="43.38467875" lon="-5.82439712"><ele>173.38</ele><time>2024-09-03T19:09:26Z</time></trkpt><trkpt lat="43.38466250" lon="-5.82440575"><ele>173.45</ele><time>2024-09-03T19:09:27Z</time></trkpt><trkpt lat="43.38464618" lon="-5.82441468"><ele>173.52</ele><time>2024-09-03T19:09:28Z</time></trkpt><trkpt lat="43.38462972" lon="-5.82442420"><ele>173.59</ele><time>2024-09-03T19:09:29Z</time></trkpt><trkpt lat="43.38461304" lon="-5.82443463"><ele>173.64</ele><time>2024-09-03T19:09:30Z</time></trkpt><trkpt lat="43.38459622" lon="-5.82444567"><ele>173.69</ele><time>2024-09-03T19:09:31Z</time></trkpt><trkpt lat="43.38457933" lon="-5.82445700"><ele>173.73</ele><time>2024-09-03T19:09:32Z</time></trkpt><trkpt lat="43.38456244" lon="-5.82446833"><ele>173.78</ele><time>2024-09-03T19:09:33Z</time></trkpt><trkpt lat="43.38454556" lon="-5.82447967"><ele>173.82</ele><time>2024-09-03T19:09:34Z</time></trkpt><trkpt lat="43.38452867" lon="-5.82449100"><ele>173.87</ele><time>2024-09-03T19:09:35Z</time></trkpt><trkpt lat="43.38451178" lon="-5.82450233"><ele>173.91</ele><time>2024-09-03T19:09:36Z</time></trkpt><trkpt lat="43.38449512" lon="-5.82451379"><ele>173.96</ele><time>2024-09-03T19:09:37Z</time></trkpt><trkpt lat="43.38447893" lon="-5.82452547"><ele>174.00</ele><time>2024-09-03T19:09:38Z</time></trkpt><trkpt lat="43.38446343" lon="-5.82453752"><ele>174.04</ele><time>2024-09-03T19:09:39Z</time></trkpt><trkpt lat="43.38444840" lon="-5.82454980"><ele>174.08</ele><time>2024-09-03T19:09:40Z</time></trkpt><trkpt lat="43.38443360" lon="-5.82456220"><ele>174.12</ele><time>2024-09-03T19:09:41Z</time></trkpt><trkpt lat="43.38441844" lon="-5.82456972"><ele>174.13</ele><time>2024-09-03T19:09:42Z</time></trkpt><trkpt lat="43.38440258" lon="-5.82456749"><ele>174.09</ele><time>2024-09-03T19:09:43Z</time></trkpt><trkpt lat="43.38438553" lon="-5.82454912"><ele>174.00</ele><time>2024-09-03T19:09:44Z</time></trkpt><trkpt lat="43.38436811" lon="-5.82451989"><ele>173.89</ele><time>2024-09-03T19:09:45Z</time></trkpt><trkpt lat="43.38435169" lon="-5.82448556"><ele>173.82</ele><time>2024-09-03T19:09:46Z</time></trkpt><trkpt lat="43.38433789" lon="-5.82445489"><ele>173.78</ele><time>2024-09-03T19:09:47Z</time></trkpt><trkpt lat="43.38432683" lon="-5.82442800"><ele>173.74</ele><time>2024-09-03T19:09:48Z</time></trkpt><trkpt lat="43.38431750" lon="-5.82440400"><ele>173.70</ele><time>2024-09-03T19:09:49Z</time></trkpt><trkpt lat="43.38430928" lon="-5.82438002"><ele>173.66</ele><time>2024-09-03T19:09:50Z</time></trkpt><trkpt lat="43.38430211" lon="-5.82435506"><ele>173.65</ele><time>2024-09-03T19:09:51Z</time></trkpt><trkpt lat="43.38429653" lon="-5.82432866"><ele>173.67</ele><time>2024-09-03T19:09:52Z</time></trkpt><trkpt lat="43.38429200" lon="-5.82430129"><ele>173.71</ele><time>2024-09-03T19:09:53Z</time></trkpt><trkpt lat="43.38428800" lon="-5.82427343"><ele>173.77</ele><time>2024-09-03T19:09:54Z</time></trkpt><trkpt lat="43.38428400" lon="-5.82424557"><ele>173.83</ele><time>2024-09-03T19:09:55Z</time></trkpt><trkpt lat="43.38428000" lon="-5.82421771"><ele>173.89</ele><time>2024-09-03T19:09:56Z</time></trkpt><trkpt lat="43.38427731" lon="-5.82418966"><ele>173.93</ele><time>2024-09-03T19:09:57Z</time></trkpt><trkpt lat="43.38427722" lon="-5.82416121"><ele>173.94</ele><time>2024-09-03T19:09:58Z</time></trkpt><trkpt lat="43.38428106" lon="-5.82413218"><ele>173.91</ele><time>2024-09-03T19:09:59Z</time></trkpt><trkpt lat="43.38428750" lon="-5.82410275"><ele>173.85</ele><time>2024-09-03T19:10:00Z</time></trkpt><trkpt lat="43.38429525" lon="-5.82407312"><ele>173.77</ele><time>2024-09-03T19:10:01Z</time></trkpt><trkpt lat="43.38430300" lon="-5.82404350"><ele>173.70</ele><time>2024-09-03T19:10:02Z</time></trkpt><trkpt lat="43.38431075" lon="-5.82401388"><ele>173.62</ele><time>2024-09-03T19:10:03Z</time></trkpt><trkpt lat="43.38431850" lon="-5.82398425"><ele>173.55</ele><time>2024-09-03T19:10:04Z</time></trkpt><trkpt lat="43.38432650" lon="-5.82395536"><ele>173.46</ele><time>2024-09-03T19:10:05Z</time></trkpt><trkpt lat="43.38433443" lon="-5.82392787"><ele>173.35</ele><time>2024-09-03T19:10:06Z</time></trkpt><trkpt lat="43.38434197" lon="-5.82390246"><ele>173.21</ele><time>2024-09-03T19:10:07Z</time></trkpt><trkpt lat="43.38434831" lon="-5.82387831"><ele>173.06</ele><time>2024-09-03T19:10:08Z</time></trkpt><trkpt lat="43.38435375" lon="-5.82385475"><ele>172.90</ele><time>2024-09-03T19:10:09Z</time></trkpt><trkpt lat="43.38435862" lon="-5.82383112"><ele>172.75</ele><time>2024-09-03T19:10:10Z</time></trkpt><trkpt lat="43.38436350" lon="-5.82380750"><ele>172.60</ele><time>2024-09-03T19:10:11Z</time></trkpt><trkpt lat="43.38436837" lon="-5.82378387"><ele>172.45</ele><time>2024-09-03T19:10:12Z</time></trkpt><trkpt lat="43.38437325" lon="-5.82376025"><ele>172.30</ele><time>2024-09-03T19:10:13Z</time></trkpt><trkpt lat="43.38437813" lon="-5.82373684"><ele>172.15</ele><time>2024-09-03T19:10:14Z</time></trkpt><trkpt lat="43.38438301" lon="-5.82371387"><ele>172.01</ele><time>2024-09-03T19:10:15Z</time></trkpt><trkpt lat="43.38438789" lon="-5.82369155"><ele>171.87</ele><time>2024-09-03T19:10:16Z</time></trkpt><trkpt lat="43.38439278" lon="-5.82366967"><ele>171.73</ele><time>2024-09-03T19:10:17Z</time></trkpt><trkpt lat="43.38439767" lon="-5.82364800"><ele>171.60</ele><time>2024-09-03T19:10:18Z</time></trkpt><trkpt lat="43.38440256" lon="-5.82362633"><ele>171.47</ele><time>2024-09-03T19:10:19Z</time></trkpt><trkpt lat="43.38440744" lon="-5.82360467"><ele>171.33</ele><time>2024-09-03T19:10:20Z</time></trkpt><trkpt lat="43.38441233" lon="-5.82358300"><ele>171.20</ele><time>2024-09-03T19:10:21Z</time></trkpt><trkpt lat="43.38441722" lon="-5.82356133"><ele>171.07</ele><time>2024-09-03T19:10:22Z</time></trkpt><trkpt lat="43.38442202" lon="-5.82353961"><ele>170.94</ele><time>2024-09-03T19:10:23Z</time></trkpt><trkpt lat="43.38442665" lon="-5.82351776"><ele>170.82</ele><time>2024-09-03T19:10:24Z</time></trkpt><trkpt lat="43.38443101" lon="-5.82349574"><ele>170.73</ele><time>2024-09-03T19:10:25Z</time></trkpt><trkpt lat="43.38443520" lon="-5.82347360"><ele>170.64</ele><time>2024-09-03T19:10:26Z</time></trkpt><trkpt lat="43.38443930" lon="-5.82345140"><ele>170.56</ele><time>2024-09-03T19:10:27Z</time></trkpt><trkpt lat="43.38444340" lon="-5.82342920"><ele>170.48</ele><time>2024-09-03T19:10:28Z</time></trkpt><trkpt lat="43.38444750" lon="-5.82340700"><ele>170.40</ele><time>2024-09-03T19:10:29Z</time></trkpt><trkpt lat="43.38445160" lon="-5.82338480"><ele>170.32</ele><time>2024-09-03T19:10:30Z</time></trkpt><trkpt lat="43.38445570" lon="-5.82336260"><ele>170.24</ele><time>2024-09-03T19:10:31Z</time></trkpt><trkpt lat="43.38445980" lon="-5.82334040"><ele>170.16</ele><time>2024-09-03T19:10:32Z</time></trkpt><trkpt lat="43.38446369" lon="-5.82331825"><ele>170.09</ele><time>2024-09-03T19:10:33Z</time></trkpt><trkpt lat="43.38446718" lon="-5.82329620"><ele>170.04</ele><time>2024-09-03T19:10:34Z</time></trkpt><trkpt lat="43.38447004" lon="-5.82327430"><ele>170.01</ele><time>2024-09-03T19:10:35Z</time></trkpt><trkpt lat="43.38447250" lon="-5.82325250"><ele>170.00</ele><time>2024-09-03T19:10:36Z</time></trkpt><trkpt lat="43.38447475" lon="-5.82323075"><ele>170.00</ele><time>2024-09-03T19:10:37Z</time></trkpt><trkpt lat="43.38447700" lon="-5.82320900"><ele>170.00</ele><time>2024-09-03T19:10:38Z</time></trkpt><trkpt lat="43.38447925" lon="-5.82318725"><ele>170.00</ele><time>2024-09-03T19:10:39Z</time></trkpt><trkpt lat="43.38448150" lon="-5.82316550"><ele>170.00</ele><time>2024-09-03T19:10:40Z</time></trkpt><trkpt lat="43.38448397" lon="-5.82314401"><ele>170.00</ele><time>2024-09-03T19:10:41Z</time></trkpt><trkpt lat="43.38448690" lon="-5.82312302"><ele>169.98</ele><time>2024-09-03T19:10:42Z</time></trkpt><trkpt lat="43.38449050" lon="-5.82310280"><ele>169.96</ele><time>2024-09-03T19:10:43Z</time></trkpt><trkpt lat="43.38449455" lon="-5.82308309"><ele>169.93</ele><time>2024-09-03T19:10:44Z</time></trkpt><trkpt lat="43.38449882" lon="-5.82306364"><ele>169.89</ele><time>2024-09-03T19:10:45Z</time></trkpt><trkpt lat="43.38450309" lon="-5.82304418"><ele>169.85</ele><time>2024-09-03T19:10:46Z</time></trkpt><trkpt lat="43.38450736" lon="-5.82302473"><ele>169.82</ele><time>2024-09-03T19:10:47Z</time></trkpt><trkpt lat="43.38451164" lon="-5.82300527"><ele>169.78</ele><time>2024-09-03T19:10:48Z</time></trkpt><trkpt lat="43.38451591" lon="-5.82298582"><ele>169.75</ele><time>2024-09-03T19:10:49Z</time></trkpt><trkpt lat="43.38452018" lon="-5.82296636"><ele>169.71</ele><time>2024-09-03T19:10:50Z</time></trkpt><trkpt lat="43.38452445" lon="-5.82294691"><ele>169.67</ele><time>2024-09-03T19:10:51Z</time></trkpt><trkpt lat="43.38452877" lon="-5.82292732"><ele>169.62</ele><time>2024-09-03T19:10:52Z</time></trkpt><trkpt lat="43.38453316" lon="-5.82290747"><ele>169.55</ele><time>2024-09-03T19:10:53Z</time></trkpt><trkpt lat="43.38453768" lon="-5.82288723"><ele>169.44</ele><time>2024-09-03T19:10:54Z</time></trkpt><trkpt lat="43.38454227" lon="-5.82286673"><ele>169.31</ele><time>2024-09-03T19:10:55Z</time></trkpt><trkpt lat="43.38454691" lon="-5.82284609"><ele>169.16</ele><time>2024-09-03T19:10:56Z</time></trkpt><trkpt lat="43.38455155" lon="-5.82282545"><ele>169.02</ele><time>2024-09-03T19:10:57Z</time></trkpt><trkpt lat="43.38455618" lon="-5.82280482"><ele>168.87</ele><time>2024-09-03T19:10:58Z</time></trkpt><trkpt lat="43.38456082" lon="-5.82278418"><ele>168.73</ele><time>2024-09-03T19:10:59Z</time></trkpt><trkpt lat="43.38456545" lon="-5.82276355"><ele>168.58</ele><time>2024-09-03T19:11:00Z</time></trkpt><trkpt lat="43.38457009" lon="-5.82274291"><ele>168.44</ele><time>2024-09-03T19:11:01Z</time></trkpt><trkpt lat="43.38457473" lon="-5.82272227"><ele>168.29</ele><time>2024-09-03T19:11:02Z</time></trkpt><trkpt lat="43.38457914" lon="-5.82270146"><ele>168.14</ele><time>2024-09-03T19:11:03Z</time></trkpt><trkpt lat="43.38458311" lon="-5.82268028"><ele>167.99</ele><time>2024-09-03T19:11:04Z</time></trkpt><trkpt lat="43.38458640" lon="-5.82265857"><ele>167.82</ele><time>2024-09-03T19:11:05Z</time></trkpt><trkpt lat="43.38458925" lon="-5.82263650"><ele>167.65</ele><time>2024-09-03T19:11:06Z</time></trkpt><trkpt lat="43.38459187" lon="-5.82261425"><ele>167.47</ele><time>2024-09-03T19:11:07Z</time></trkpt><trkpt lat="43.38459450" lon="-5.82259200"><ele>167.30</ele><time>2024-09-03T19:11:08Z</time></trkpt><trkpt lat="43.38459712" lon="-5.82256975"><ele>167.12</ele><time>2024-09-03T19:11:09Z</time></trkpt><trkpt lat="43.38459975" lon="-5.82254750"><ele>166.95</ele><time>2024-09-03T19:11:10Z</time></trkpt><trkpt lat="43.38460183" lon="-5.82252510"><ele>166.77</ele><time>2024-09-03T19:11:11Z</time></trkpt><trkpt lat="43.38460283" lon="-5.82250239"><ele>166.58</ele><time>2024-09-03T19:11:12Z</time></trkpt><trkpt lat="43.38460221" lon="-5.82247922"><ele>166.37</ele><time>2024-09-03T19:11:13Z</time></trkpt><trkpt lat="43.38460050" lon="-5.82245575"><ele>166.15</ele><time>2024-09-03T19:11:14Z</time></trkpt><trkpt lat="43.38459825" lon="-5.82243212"><ele>165.93</ele><time>2024-09-03T19:11:15Z</time></trkpt><trkpt lat="43.38459600" lon="-5.82240850"><ele>165.70</ele><time>2024-09-03T19:11:16Z</time></trkpt><trkpt lat="43.38459375" lon="-5.82238487"><ele>165.47</ele><time>2024-09-03T19:11:17Z</time></trkpt><trkpt lat="43.38459150" lon="-5.82236125"><ele>165.25</ele><time>2024-09-03T19:11:18Z</time></trkpt><trkpt lat="43.38459013" lon="-5.82233831"><ele>165.03</ele><time>2024-09-03T19:11:19Z</time></trkpt><trkpt lat="43.38459054" lon="-5.82231675"><ele>164.82</ele><time>2024-09-03T19:11:20Z</time></trkpt><trkpt lat="43.38459360" lon="-5.82229726"><ele>164.63</ele><time>2024-09-03T19:11:21Z</time></trkpt><trkpt lat="43.38459843" lon="-5.82227914"><ele>164.46</ele><time>2024-09-03T19:11:22Z</time></trkpt><trkpt lat="43.38460414" lon="-5.82226171"><ele>164.29</ele><time>2024-09-03T19:11:23Z</time></trkpt><trkpt lat="43.38460986" lon="-5.82224429"><ele>164.11</ele><time>2024-09-03T19:11:24Z</time></trkpt><trkpt lat="43.38461557" lon="-5.82222686"><ele>163.94</ele><time>2024-09-03T19:11:25Z</time></trkpt><trkpt lat="43.38462153" lon="-5.82220957"><ele>163.77</ele><time>2024-09-03T19:11:26Z</time></trkpt><trkpt lat="43.38462797" lon="-5.82219259"><ele>163.60</ele><time>2024-09-03T19:11:27Z</time></trkpt><trkpt lat="43.38463513" lon="-5.82217604"><ele>163.42</ele><time>2024-09-03T19:11:28Z</time></trkpt><trkpt lat="43.38464278" lon="-5.82215978"><ele>163.24</ele><time>2024-09-03T19:11:29Z</time></trkpt><trkpt lat="43.38465067" lon="-5.82214367"><ele>163.07</ele><time>2024-09-03T19:11:30Z</time></trkpt><trkpt lat="43.38465856" lon="-5.82212756"><ele>162.89</ele><time>2024-09-03T19:11:31Z</time></trkpt><trkpt lat="43.38466644" lon="-5.82211144"><ele>162.71</ele><time>2024-09-03T19:11:32Z</time></trkpt><trkpt lat="43.38467433" lon="-5.82209533"><ele>162.53</ele><time>2024-09-03T19:11:33Z</time></trkpt><trkpt lat="43.38468222" lon="-5.82207922"><ele>162.36</ele><time>2024-09-03T19:11:34Z</time></trkpt><trkpt lat="43.38468965" lon="-5.82206277"><ele>162.21</ele><time>2024-09-03T19:11:35Z</time></trkpt><trkpt lat="43.38469614" lon="-5.82204565"><ele>162.12</ele><time>2024-09-03T19:11:36Z</time></trkpt><trkpt lat="43.38470125" lon="-5.82202752"><ele>162.11</ele><time>2024-09-03T19:11:37Z</time></trkpt><trkpt lat="43.38470543" lon="-5.82200871"><ele>162.17</ele><time>2024-09-03T19:11:38Z</time></trkpt><trkpt lat="43.38470914" lon="-5.82198957"><ele>162.26</ele><time>2024-09-03T19:11:39Z</time></trkpt><trkpt lat="43.38471286" lon="-5.82197043"><ele>162.34</ele><time>2024-09-03T19:11:40Z</time></trkpt><trkpt lat="43.38471657" lon="-5.82195129"><ele>162.43</ele><time>2024-09-03T19:11:41Z</time></trkpt><trkpt lat="43.38472018" lon="-5.82193167"><ele>162.52</ele><time>2024-09-03T19:11:42Z</time></trkpt><trkpt lat="43.38472357" lon="-5.82191112"><ele>162.63</ele><time>2024-09-03T19:11:43Z</time></trkpt><trkpt lat="43.38472664" lon="-5.82188915"><ele>162.76</ele><time>2024-09-03T19:11:44Z</time></trkpt><trkpt lat="43.38472950" lon="-5.82186625"><ele>162.90</ele><time>2024-09-03T19:11:45Z</time></trkpt><trkpt lat="43.38473225" lon="-5.82184287"><ele>163.05</ele><time>2024-09-03T19:11:46Z</time></trkpt><trkpt lat="43.38473500" lon="-5.82181950"><ele>163.20</ele><time>2024-09-03T19:11:47Z</time></trkpt><trkpt lat="43.38473775" lon="-5.82179612"><ele>163.35</ele><time>2024-09-03T19:11:48Z</time></trkpt><trkpt lat="43.38474050" lon="-5.82177275"><ele>163.50</ele><time>2024-09-03T19:11:49Z</time></trkpt><trkpt lat="43.38474328" lon="-5.82174964"><ele>163.66</ele><time>2024-09-03T19:11:50Z</time></trkpt><trkpt lat="43.38474606" lon="-5.82172708"><ele>163.81</ele><time>2024-09-03T19:11:51Z</time></trkpt><trkpt lat="43.38474881" lon="-5.82170538"><ele>163.94</ele><time>2024-09-03T19:11:52Z</time></trkpt><trkpt lat="43.38475144" lon="-5.82168428"><ele>164.03</ele><time>2024-09-03T19:11:53Z</time></trkpt><trkpt lat="43.38475400" lon="-5.82166350"><ele>164.10</ele><time>2024-09-03T19:11:54Z</time></trkpt><trkpt lat="43.38475722" lon="-5.82164350"><ele>164.14</ele><time>2024-09-03T19:11:55Z</time></trkpt><trkpt lat="43.38476189" lon="-5.82162500"><ele>164.18</ele><time>2024-09-03T19:11:56Z</time></trkpt><trkpt lat="43.38476865" lon="-5.82160938"><ele>164.19</ele><time>2024-09-03T19:11:57Z</time></trkpt><trkpt lat="43.38477670" lon="-5.82159652"><ele>164.20</ele><time>2024-09-03T19:11:58Z</time></trkpt><trkpt lat="43.38478526" lon="-5.82158630"><ele>164.20</ele><time>2024-09-03T19:11:59Z</time></trkpt><trkpt lat="43.38479330" lon="-5.82157770"><ele>164.20</ele><time>2024-09-03T19:12:00Z</time></trkpt><trkpt lat="43.38480052" lon="-5.82157048"><ele>164.20</ele><time>2024-09-03T19:12:01Z</time></trkpt><trkpt lat="43.38480663" lon="-5.82156437"><ele>164.20</ele><time>2024-09-03T19:12:02Z</time></trkpt><trkpt lat="43.38481211" lon="-5.82155844"><ele>164.21</ele><time>2024-09-03T19:12:03Z</time></trkpt><trkpt lat="43.38481744" lon="-5.82155178"><ele>164.23</ele><time>2024-09-03T19:12:04Z</time></trkpt><trkpt lat="43.38482311" lon="-5.82154344"><ele>164.27</ele><time>2024-09-03T19:12:05Z</time></trkpt><trkpt lat="43.38482911" lon="-5.82153325"><ele>164.33</ele><time>2024-09-03T19:12:06Z</time></trkpt><trkpt lat="43.38483544" lon="-5.82152100"><ele>164.39</ele><time>2024-09-03T19:12:07Z</time></trkpt><trkpt lat="43.38484211" lon="-5.82150650"><ele>164.45</ele><time>2024-09-03T19:12:08Z</time></trkpt><trkpt lat="43.38484900" lon="-5.82149050"><ele>164.50</ele><time>2024-09-03T19:12:09Z</time></trkpt><trkpt lat="43.38485567" lon="-5.82147436"><ele>164.55</ele><time>2024-09-03T19:12:10Z</time></trkpt><trkpt lat="43.38486167" lon="-5.82145944"><ele>164.60</ele><time>2024-09-03T19:12:11Z</time></trkpt><trkpt lat="43.38486667" lon="-5.82144636"><ele>164.65</ele><time>2024-09-03T19:12:12Z</time></trkpt><trkpt lat="43.38487100" lon="-5.82143450"><ele>164.70</ele><time>2024-09-03T19:12:13Z</time></trkpt><trkpt lat="43.38487522" lon="-5.82142461"><ele>164.74</ele><time>2024-09-03T19:12:14Z</time></trkpt><trkpt lat="43.38487989" lon="-5.82141744"><ele>164.78</ele><time>2024-09-03T19:12:15Z</time></trkpt><trkpt lat="43.38488611" lon="-5.82141492"><ele>164.77</ele><time>2024-09-03T19:12:16Z</time></trkpt><trkpt lat="43.38489344" lon="-5.82141533"><ele>164.73</ele><time>2024-09-03T19:12:17Z</time></trkpt><trkpt lat="43.38490144" lon="-5.82141700"><ele>164.67</ele><time>2024-09-03T19:12:18Z</time></trkpt><trkpt lat="43.38490789" lon="-5.82141711"><ele>164.62</ele><time>2024-09-03T19:12:19Z</time></trkpt><trkpt lat="43.38491328" lon="-5.82141719"><ele>164.59</ele><time>2024-09-03T19:12:20Z</time></trkpt><trkpt lat="43.38491811" lon="-5.82141878"><ele>164.56</ele><time>2024-09-03T19:12:21Z</time></trkpt><trkpt lat="43.38492378" lon="-5.82142394"><ele>164.49</ele><time>2024-09-03T19:12:22Z</time></trkpt><trkpt lat="43.38493000" lon="-5.82143150"><ele>164.40</ele><time>2024-09-03T19:12:23Z</time></trkpt><trkpt lat="43.38493603" lon="-5.82144053"><ele>164.31</ele><time>2024-09-03T19:12:24Z</time></trkpt><trkpt lat="43.38494111" lon="-5.82145011"><ele>164.22</ele><time>2024-09-03T19:12:25Z</time></trkpt><trkpt lat="43.38494478" lon="-5.82146053"><ele>164.16</ele><time>2024-09-03T19:12:26Z</time></trkpt><trkpt lat="43.38494750" lon="-5.82147150"><ele>164.10</ele><time>2024-09-03T19:12:27Z</time></trkpt><trkpt lat="38.56439928" lon="-5.17464883"><ele>145.83</ele><time>2024-09-03T19:12:28Z</time></trkpt><trkpt lat="28.92330033" lon="-3.88099100"><ele>109.36</ele><time>2024-09-03T19:12:29Z</time></trkpt></trkseg></trk></gpx>