<?xml version='1.0' encoding='utf-8'?>
<gpx version="1.1" creator="kalman_filter" xmlns="http://www.topografix.com/GPX/1/1"><trk><name>Kalman Filtered Track</name><trkseg><trkpt lat="43.38531000" lon="-5.82069400"><ele>159.70</ele><time>2024-08-26T17:54:30Z</time></trkpt><trkpt lat="43.38531733" lon="-5.82069400"><ele>159.70</ele><time>2024-08-26T17:54:31Z</time></trkpt><trkpt lat="43.38532466" lon="-5.82069400"><ele>159.70</ele><time>2024-08-26T17:54:32Z</time></trkpt><trkpt lat="43.38533200" lon="-5.82069400"><ele>159.70</ele><time>2024-08-26T17:54:33Z</time></trkpt><trkpt lat="43.38534547" lon="-5.82070162"><ele>159.88</ele><time>2024-08-26T17:54:34Z</time></trkpt><trkpt lat="43.38536088" lon="-5.82071163"><ele>160.11</ele><time>2024-08-26T17:54:35Z</time></trkpt><trkpt lat="43.38537712" lon="-5.82072267"><ele>160.37</ele><time>2024-08-26T17:54:36Z</time></trkpt><trkpt lat="43.38539374" lon="-5.82073420"><ele>160.63</ele><time>2024-08-26T17:54:37Z</time></trkpt><trkpt lat="43.38540553" lon="-5.82075166"><ele>160.86</ele><time>2024-08-26T17:54:38Z</time></trkpt><trkpt lat="43.38541417" lon="-5.82077264"><ele>161.05</ele><time>2024-08-26T17:54:39Z</time></trkpt><trkpt lat="43.38542103" lon="-5.82079530"><ele>161.23</ele><time>2024-08-26T17:54:40Z</time></trkpt><trkpt lat="43.38543000" lon="-5.82081686"><ele>161.22</ele><time>2024-08-26T17:54:41Z</time></trkpt><trkpt lat="43.38544062" lon="-5.82083726"><ele>161.11</ele><time>2024-08-26T17:54:42Z</time></trkpt><trkpt lat="43.38545236" lon="-5.82085671"><ele>160.94</ele><time>2024-08-26T17:54:43Z</time></trkpt><trkpt lat="43.38546471" lon="-5.82087551"><ele>160.75</ele><time>2024-08-26T17:54:44Z</time></trkpt><trkpt lat="43.38547734" lon="-5.82089394"><ele>160.56</ele><time>2024-08-26T17:54:45Z</time></trkpt><trkpt lat="43.38549001" lon="-5.82091220"><ele>160.38</ele><time>2024-08-26T17:54:46Z</time></trkpt><trkpt lat="43.38550262" lon="-5.82093042"><ele>160.21</ele><time>2024-08-26T17:54:47Z</time></trkpt><trkpt lat="43.38551353" lon="-5.82094776"><ele>160.18</ele><time>2024-08-26T17:54:48Z</time></trkpt><trkpt lat="43.38552333" lon="-5.82096459"><ele>160.23</ele><time>2024-08-26T17:54:49Z</time></trkpt><trkpt lat="43.38553254" lon="-5.82098118"><ele>160.33</ele><time>2024-08-26T17:54:50Z</time></trkpt><trkpt lat="43.38554150" lon="-5.82099769"><ele>160.44</ele><time>2024-08-26T17:54:51Z</time></trkpt><trkpt lat="43.38555044" lon="-5.82101423"><ele>160.56</ele><time>2024-08-26T17:54:52Z</time></trkpt><trkpt lat="43.38555945" lon="-5.82103084"><ele>160.67</ele><time>2024-08-26T17:54:53Z</time></trkpt><trkpt lat="43.38556857" lon="-5.82104751"><ele>160.77</ele><time>2024-08-26T17:54:54Z</time></trkpt><trkpt lat="43.38557778" lon="-5.82106424"><ele>160.86</ele><time>2024-08-26T17:54:55Z</time></trkpt><trkpt lat="43.38558707" lon="-5.82108100"><ele>160.95</ele><time>2024-08-26T17:54:56Z</time></trkpt><trkpt lat="43.38559640" lon="-5.82109778"><ele>161.03</ele><time>2024-08-26T17:54:57Z</time></trkpt><trkpt lat="43.38560576" lon="-5.82111457"><ele>161.11</ele><time>2024-08-26T17:54:58Z</time></trkpt><trkpt lat="43.38561513" lon="-5.82113137"><ele>161.19</ele><time>2024-08-26T17:54:59Z</time></trkpt><trkpt lat="43.38562449" lon="-5.82114816"><ele>161.28</ele><time>2024-08-26T17:55:00Z</time></trkpt><trkpt lat="43.38563385" lon="-5.82116495"><ele>161.36</ele><time>2024-08-26T17:55:01Z</time></trkpt><trkpt lat="43.38564321" lon="-5.82118174"><ele>161.44</ele><time>2024-08-26T17:55:02Z</time></trkpt><trkpt lat="43.38565257" lon="-5.82119852"><ele>161.52</ele><time>2024-08-26T17:55:03Z</time></trkpt><trkpt lat="43.38566192" lon="-5.82121531"><ele>161.60</ele><time>2024-08-26T17:55:04Z</time></trkpt><trkpt lat="43.38567126" lon="-5.82123209"><ele>161.69</ele><time>2024-08-26T17:55:05Z</time></trkpt><trkpt lat="43.38568061" lon="-5.82124887"><ele>161.77</ele><time>2024-08-26T17:55:06Z</time></trkpt><trkpt lat="43.38568996" lon="-5.82126565"><ele>161.85</ele><time>2024-08-26T17:55:07Z</time></trkpt><trkpt lat="43.38569931" lon="-5.82128244"><ele>161.93</ele><time>2024-08-26T17:55:08Z</time></trkpt><trkpt lat="43.38570865" lon="-5.82129922"><ele>162.02</ele><time>2024-08-26T17:55:09Z</time></trkpt><trkpt lat="43.38571800" lon="-5.82131600"><ele>162.10</ele><time>2024-08-26T17:55:10Z</time></trkpt><trkpt lat="43.38572811" lon="-5.82132662"><ele>162.21</ele><time>2024-08-26T17:55:11Z</time></trkpt><trkpt lat="43.38573871" lon="-5.82133335"><ele>162.33</ele><time>2024-08-26T17:55:12Z</time></trkpt><trkpt lat="43.38574956" lon="-5.82133806"><ele>162.45</ele><time>2024-08-26T17:55:13Z</time></trkpt><trkpt lat="43.38576050" lon="-5.82134201"><ele>162.58</ele><time>2024-08-26T17:55:14Z</time></trkpt><trkpt lat="43.38577140" lon="-5.82133704"><ele>162.77</ele><time>2024-08-26T17:55:15Z</time></trkpt><trkpt lat="43.38578223" lon="-5.82132676"><ele>163.00</ele><time>2024-08-26T17:55:16Z</time></trkpt><trkpt lat="43.38579299" lon="-5.82131396"><ele>163.25</ele><time>2024-08-26T17:55:17Z</time></trkpt><trkpt lat="43.38580370" lon="-5.82130043"><ele>163.49</ele><time>2024-08-26T17:55:18Z</time></trkpt><trkpt lat="43.38581438" lon="-5.82128714"><ele>163.74</ele><time>2024-08-26T17:55:19Z</time></trkpt><trkpt lat="43.38582504" lon="-5.82127449"><ele>163.99</ele><time>2024-08-26T17:55:20Z</time></trkpt><trkpt lat="43.38583310" lon="-5.82126312"><ele>164.10</ele><time>2024-08-26T17:55:21Z</time></trkpt><trkpt lat="43.38583952" lon="-5.82125268"><ele>164.13</ele><time>2024-08-26T17:55:22Z</time></trkpt><trkpt lat="43.38584508" lon="-5.82124281"><ele>164.12</ele><time>2024-08-26T17:55:23Z</time></trkpt><trkpt lat="43.38585033" lon="-5.82123324"><ele>164.09</ele><time>2024-08-26T17:55:24Z</time></trkpt><trkpt lat="43.38585558" lon="-5.82122376"><ele>164.05</ele><time>2024-08-26T17:55:25Z</time></trkpt><trkpt lat="43.38586097" lon="-5.82121427"><ele>164.03</ele><time>2024-08-26T17:55:26Z</time></trkpt><trkpt lat="43.38586653" lon="-5.82120473"><ele>164.01</ele><time>2024-08-26T17:55:27Z</time></trkpt><trkpt lat="43.38587225" lon="-5.82119513"><ele>164.00</ele><time>2024-08-26T17:55:28Z</time></trkpt><trkpt lat="43.38587808" lon="-5.82118547"><ele>163.99</ele><time>2024-08-26T17:55:29Z</time></trkpt><trkpt lat="43.38588397" lon="-5.82117577"><ele>163.99</ele><time>2024-08-26T17:55:30Z</time></trkpt><trkpt lat="43.38588990" lon="-5.82116604"><ele>163.99</ele><time>2024-08-26T17:55:31Z</time></trkpt><trkpt lat="43.38590429" lon="-5.82113188"><ele>163.98</ele><time>2024-08-26T17:55:32Z</time></trkpt><trkpt lat="43.38592401" lon="-5.82108229"><ele>163.95</ele><time>2024-08-26T17:55:33Z</time></trkpt><trkpt lat="43.38594651" lon="-5.82102467"><ele>163.92</ele><time>2024-08-26T17:55:34Z</time></trkpt><trkpt lat="43.38597003" lon="-5.82096408"><ele>163.89</ele><time>2024-08-26T17:55:35Z</time></trkpt><trkpt lat="43.38599355" lon="-5.82090344"><ele>163.85</ele><time>2024-08-26T17:55:36Z</time></trkpt><trkpt lat="43.38601663" lon="-5.82084410"><ele>163.82</ele><time>2024-08-26T17:55:37Z</time></trkpt><trkpt lat="43.38603914" lon="-5.82078639"><ele>163.79</ele><time>2024-08-26T17:55:38Z</time></trkpt><trkpt lat="43.38606115" lon="-5.82073011"><ele>163.75</ele><time>2024-08-26T17:55:39Z</time></trkpt><trkpt lat="43.38608280" lon="-5.82067486"><ele>163.72</ele><time>2024-08-26T17:55:40Z</time></trkpt><trkpt lat="43.38610424" lon="-5.82062025"><ele>163.69</ele><time>2024-08-26T17:55:41Z</time></trkpt><trkpt lat="43.38612556" lon="-5.82056597"><ele>163.66</ele><time>2024-08-26T17:55:42Z</time></trkpt><trkpt lat="43.38614685" lon="-5.82051179"><ele>163.63</ele><time>2024-08-26T17:55:43Z</time></trkpt><trkpt lat="43.38616814" lon="-5.82045760"><ele>163.60</ele><time>2024-08-26T17:55:44Z</time></trkpt><trkpt lat="43.38618221" lon="-5.82043453"><ele>163.72</ele><time>2024-08-26T17:55:45Z</time></trkpt><trkpt lat="43.38619174" lon="-5.82043105"><ele>163.92</ele><time>2024-08-26T17:55:46Z</time></trkpt><trkpt lat="43.38619890" lon="-5.82043777"><ele>164.18</ele><time>2024-08-26T17:55:47Z</time></trkpt><trkpt lat="43.38620520" lon="-5.82044824"><ele>164.45</ele><time>2024-08-26T17:55:48Z</time></trkpt><trkpt lat="43.38621150" lon="-5.82045874"><ele>164.73</ele><time>2024-08-26T17:55:49Z</time></trkpt><trkpt lat="43.38621818" lon="-5.82046757"><ele>165.00</ele><time>2024-08-26T17:55:50Z</time></trkpt><trkpt lat="43.38622535" lon="-5.82047433"><ele>165.25</ele><time>2024-08-26T17:55:51Z</time></trkpt><trkpt lat="43.38623294" lon="-5.82047927"><ele>165.50</ele><time>2024-08-26T17:55:52Z</time></trkpt><trkpt lat="43.38623052" lon="-5.82048145"><ele>165.71</ele><time>2024-08-26T17:55:53Z</time></trkpt><trkpt lat="43.38622179" lon="-5.82048192"><ele>165.89</ele><time>2024-08-26T17:55:54Z</time></trkpt><trkpt lat="43.38620977" lon="-5.82048151"><ele>166.06</ele><time>2024-08-26T17:55:55Z</time></trkpt><trkpt lat="43.38619652" lon="-5.82048079"><ele>166.23</ele><time>2024-08-26T17:55:56Z</time></trkpt><trkpt lat="43.38618324" lon="-5.82048008"><ele>166.39</ele><time>2024-08-26T17:55:57Z</time></trkpt><trkpt lat="43.38617050" lon="-5.82047953"><ele>166.56</ele><time>2024-08-26T17:55:58Z</time></trkpt><trkpt lat="43.38615842" lon="-5.82047917"><ele>166.73</ele><time>2024-08-26T17:55:59Z</time></trkpt><trkpt lat="43.38614692" lon="-5.82047897"><ele>166.90</ele><time>2024-08-26T17:56:00Z</time></trkpt><trkpt lat="43.38616185" lon="-5.82048395"><ele>167.51</ele><time>2024-08-26T17:56:01Z</time></trkpt><trkpt lat="43.38619345" lon="-5.82049221"><ele>168.39</ele><time>2024-08-26T17:56:02Z</time></trkpt><trkpt lat="43.38623373" lon="-5.82050217"><ele>169.42</ele><time>2024-08-26T17:56:03Z</time></trkpt><trkpt lat="43.38627721" lon="-5.82051276"><ele>170.50</ele><time>2024-08-26T17:56:04Z</time></trkpt><trkpt lat="43.38632075" lon="-5.82052336"><ele>171.58</ele><time>2024-08-26T17:56:05Z</time></trkpt><trkpt lat="43.38636288" lon="-5.82053368"><ele>172.64</ele><time>2024-08-26T17:56:06Z</time></trkpt><trkpt lat="43.38640325" lon="-5.82054366"><ele>173.67</ele><time>2024-08-26T17:56:07Z</time></trkpt><trkpt lat="43.38626655" lon="-5.82060383"><ele>174.14</ele><time>2024-08-26T17:56:08Z</time></trkpt><trkpt lat="43.38601800" lon="-5.82069565"><ele>174.26</ele><time>2024-08-26T17:56:09Z</time></trkpt><trkpt lat="43.38571105" lon="-5.82080393"><ele>174.20</ele><time>2024-08-26T17:56:10Z</time></trkpt><trkpt lat="43.38538237" lon="-5.82091830"><ele>174.06</ele><time>2024-08-26T17:56:11Z</time></trkpt><trkpt lat="43.38527310" lon="-5.82092446"><ele>174.44</ele><time>2024-08-26T17:56:12Z</time></trkpt><trkpt lat="43.38531180" lon="-5.82085964"><ele>175.18</ele><time>2024-08-26T17:56:13Z</time></trkpt><trkpt lat="43.38542233" lon="-5.82080540"><ele>175.98</ele><time>2024-08-26T17:56:14Z</time></trkpt><trkpt lat="43.38556228" lon="-5.82076627"><ele>176.80</ele><time>2024-08-26T17:56:15Z</time></trkpt><trkpt lat="43.38570615" lon="-5.82074109"><ele>177.59</ele><time>2024-08-26T17:56:16Z</time></trkpt><trkpt lat="43.38584151" lon="-5.82072637"><ele>178.36</ele><time>2024-08-26T17:56:17Z</time></trkpt><trkpt lat="43.38596456" lon="-5.82071830"><ele>179.10</ele><time>2024-08-26T17:56:18Z</time></trkpt><trkpt lat="43.38607617" lon="-5.82071371"><ele>179.82</ele><time>2024-08-26T17:56:19Z</time></trkpt><trkpt lat="43.38617920" lon="-5.82071045"><ele>180.52</ele><time>2024-08-26T17:56:20Z</time></trkpt><trkpt lat="43.38627675" lon="-5.82070725"><ele>181.22</ele><time>2024-08-26T17:56:21Z</time></trkpt><trkpt lat="43.38637141" lon="-5.82070351"><ele>181.91</ele><time>2024-08-26T17:56:22Z</time></trkpt><trkpt lat="43.38646497" lon="-5.82069909"><ele>182.61</ele><time>2024-08-26T17:56:23Z</time></trkpt><trkpt lat="43.38655847" lon="-5.82069406"><ele>183.30</ele><time>2024-08-26T17:56:24Z</time></trkpt><trkpt lat="43.38661764" lon="-5.82069463"><ele>183.55</ele><time>2024-08-26T17:56:25Z</time></trkpt><trkpt lat="43.38665544" lon="-5.82069874"><ele>183.51</ele><time>2024-08-26T17:56:26Z</time></trkpt><trkpt lat="43.38668231" lon="-5.82070470"><ele>183.33</ele><time>2024-08-26T17:56:27Z</time></trkpt><trkpt lat="43.38670531" lon="-5.82071135"><ele>183.09</ele><time>2024-08-26T17:56:28Z</time></trkpt><trkpt lat="43.38671987" lon="-5.82071815"><ele>182.79</ele><time>2024-08-26T17:56:29Z</time></trkpt><trkpt lat="43.38673096" lon="-5.82072474"><ele>182.46</ele><time>2024-08-26T17:56:30Z</time></trkpt><trkpt lat="43.38674158" lon="-5.82073100"><ele>182.14</ele><time>2024-08-26T17:56:31Z</time></trkpt><trkpt lat="43.38675318" lon="-5.82073695"><ele>181.84</ele><time>2024-08-26T17:56:32Z</time></trkpt><trkpt lat="43.38676423" lon="-5.82074207"><ele>181.73</ele><time>2024-08-26T17:56:33Z</time></trkpt><trkpt lat="43.38677537" lon="-5.82074667"><ele>181.73</ele><time>2024-08-26T17:56:34Z</time></trkpt><trkpt lat="43.38678686" lon="-5.82075098"><ele>181.80</ele><time>2024-08-26T17:56:35Z</time></trkpt><trkpt lat="43.38679875" lon="-5.82075519"><ele>181.90</ele><time>2024-08-26T17:56:36Z</time></trkpt><trkpt lat="43.38681098" lon="-5.82075939"><ele>182.00</ele><time>2024-08-26T17:56:37Z</time></trkpt><trkpt lat="43.38682344" lon="-5.82076364"><ele>182.10</ele><time>2024-08-26T17:56:38Z</time></trkpt><trkpt lat="43.38683605" lon="-5.82076794"><ele>182.18</ele><time>2024-08-26T17:56:39Z</time></trkpt><trkpt lat="43.38684872" lon="-5.82077229"><ele>182.25</ele><time>2024-08-26T17:56:40Z</time></trkpt><trkpt lat="43.38686141" lon="-5.82077667"><ele>182.31</ele><time>2024-08-26T17:56:41Z</time></trkpt><trkpt lat="43.38687409" lon="-5.82078108"><ele>182.37</ele><time>2024-08-26T17:56:42Z</time></trkpt><trkpt lat="43.38688675" lon="-5.82078550"><ele>182.42</ele><time>2024-08-26T17:56:43Z</time></trkpt><trkpt lat="43.38689940" lon="-5.82078992"><ele>182.48</ele><time>2024-08-26T17:56:44Z</time></trkpt><trkpt lat="43.38691204" lon="-5.82079434"><ele>182.53</ele><time>2024-08-26T17:56:45Z</time></trkpt><trkpt lat="43.38692466" lon="-5.82079876"><ele>182.58</ele><time>2024-08-26T17:56:46Z</time></trkpt><trkpt lat="43.38693728" lon="-5.82080317"><ele>182.64</ele><time>2024-08-26T17:56:47Z</time></trkpt><trkpt lat="43.38694989" lon="-5.82080759"><ele>182.69</ele><time>2024-08-26T17:56:48Z</time></trkpt><trkpt lat="43.38696251" lon="-5.82081200"><ele>182.75</ele><time>2024-08-26T17:56:49Z</time></trkpt><trkpt lat="43.38697512" lon="-5.82081641"><ele>182.81</ele><time>2024-08-26T17:56:50Z</time></trkpt><trkpt lat="43.38698774" lon="-5.82082082"><ele>182.86</ele><time>2024-08-26T17:56:51Z</time></trkpt><trkpt lat="43.38700035" lon="-5.82082524"><ele>182.92</ele><time>2024-08-26T17:56:52Z</time></trkpt><trkpt lat="43.38701297" lon="-5.82082965"><ele>182.97</ele><time>2024-08-26T17:56:53Z</time></trkpt><trkpt lat="43.38702559" lon="-5.82083406"><ele>183.03</ele><time>2024-08-26T17:56:54Z</time></trkpt><trkpt lat="43.38703821" lon="-5.82083847"><ele>183.09</ele><time>2024-08-26T17:56:55Z</time></trkpt><trkpt lat="43.38705082" lon="-5.82084288"><ele>183.14</ele><time>2024-08-26T17:56:56Z</time></trkpt><trkpt lat="43.38706344" lon="-5.82084729"><ele>183.20</ele><time>2024-08-26T17:56:57Z</time></trkpt><trkpt lat="43.38707606" lon="-5.82085171"><ele>183.25</ele><time>2024-08-26T17:56:58Z</time></trkpt><trkpt lat="43.38708868" lon="-5.82085612"><ele>183.31</ele><time>2024-08-26T17:56:59Z</time></trkpt><trkpt lat="43.38710129" lon="-5.82086053"><ele>183.36</ele><time>2024-08-26T17:57:00Z</time></trkpt><trkpt lat="43.38711391" lon="-5.82086494"><ele>183.42</ele><time>2024-08-26T17:57:01Z</time></trkpt><trkpt lat="43.38712653" lon="-5.82086935"><ele>183.48</ele><time>2024-08-26T17:57:02Z</time></trkpt><trkpt lat="43.38713915" lon="-5.82087376"><ele>183.53</ele><time>2024-08-26T17:57:03Z</time></trkpt><trkpt lat="43.38715176" lon="-5.82087818"><ele>183.59</ele><time>2024-08-26T17:57:04Z</time></trkpt><trkpt lat="43.38716438" lon="-5.82088259"><ele>183.64</ele><time>2024-08-26T17:57:05Z</time></trkpt><trkpt lat="43.38717700" lon="-5.82088700"><ele>183.70</ele><time>2024-08-26T17:57:06Z</time></trkpt><trkpt lat="43.38718541" lon="-5.82089169"><ele>183.75</ele><time>2024-08-26T17:57:07Z</time></trkpt><trkpt lat="43.38719118" lon="-5.82089656"><ele>183.79</ele><time>2024-08-26T17:57:08Z</time></trkpt><trkpt lat="43.38719556" lon="-5.82090152"><ele>183.82</ele><time>2024-08-26T17:57:09Z</time></trkpt><trkpt lat="43.38719943" lon="-5.82090651"><ele>183.86</ele><time>2024-08-26T17:57:10Z</time></trkpt><trkpt lat="43.38720329" lon="-5.82091150"><ele>183.90</ele><time>2024-08-26T17:57:11Z</time></trkpt><trkpt lat="43.38720738" lon="-5.82091648"><ele>183.93</ele><time>2024-08-26T17:57:12Z</time></trkpt><trkpt lat="43.38721174" lon="-5.82092144"><ele>183.97</ele><time>2024-08-26T17:57:13Z</time></trkpt><trkpt lat="43.38721635" lon="-5.82092639"><ele>184.01</ele><time>2024-08-26T17:57:14Z</time></trkpt><trkpt lat="43.38722114" lon="-5.82093132"><ele>184.05</ele><time>2024-08-26T17:57:15Z</time></trkpt><trkpt lat="43.38722604" lon="-5.82093624"><ele>184.08</ele><time>2024-08-26T17:57:16Z</time></trkpt><trkpt lat="43.38723099" lon="-5.82094116"><ele>184.12</ele><time>2024-08-26T17:57:17Z</time></trkpt><trkpt lat="43.38723596" lon="-5.82094608"><ele>184.16</ele><time>2024-08-26T17:57:18Z</time></trkpt><trkpt lat="43.38724093" lon="-5.82095100"><ele>184.20</ele><time>2024-08-26T17:57:19Z</time></trkpt><trkpt lat="43.38724520" lon="-5.82095524"><ele>184.22</ele><time>2024-08-26T17:57:20Z</time></trkpt><trkpt lat="43.38724903" lon="-5.82095904"><ele>184.22</ele><time>2024-08-26T17:57:21Z</time></trkpt><trkpt lat="43.38725262" lon="-5.82096262"><ele>184.22</ele><time>2024-08-26T17:57:22Z</time></trkpt><trkpt lat="43.38725612" lon="-5.82096611"><ele>184.21</ele><time>2024-08-26T17:57:23Z</time></trkpt><trkpt lat="43.38725962" lon="-5.82096961"><ele>184.21</ele><time>2024-08-26T17:57:24Z</time></trkpt><trkpt lat="43.38726314" lon="-5.82097314"><ele>184.20</ele><time>2024-08-26T17:57:25Z</time></trkpt><trkpt lat="43.38726854" lon="-5.82097471"><ele>184.20</ele><time>2024-08-26T17:57:26Z</time></trkpt><trkpt lat="43.38727512" lon="-5.82097506"><ele>184.20</ele><time>2024-08-26T17:57:27Z</time></trkpt><trkpt lat="43.38728233" lon="-5.82097478"><ele>184.20</ele><time>2024-08-26T17:57:28Z</time></trkpt><trkpt lat="43.38729379" lon="-5.82096644"><ele>184.20</ele><time>2024-08-26T17:57:29Z</time></trkpt><trkpt lat="43.38730778" lon="-5.82095318"><ele>184.20</ele><time>2024-08-26T17:57:30Z</time></trkpt><trkpt lat="43.38732300" lon="-5.82093744"><ele>184.20</ele><time>2024-08-26T17:57:31Z</time></trkpt><trkpt lat="43.38733076" lon="-5.82092872"><ele>184.20</ele><time>2024-08-26T17:57:32Z</time></trkpt><trkpt lat="43.38734523" lon="-5.82091930"><ele>183.95</ele><time>2024-08-26T17:57:33Z</time></trkpt><trkpt lat="43.38736423" lon="-5.82090933"><ele>183.55</ele><time>2024-08-26T17:57:34Z</time></trkpt><trkpt lat="43.38738191" lon="-5.82089691"><ele>182.88</ele><time>2024-08-26T17:57:35Z</time></trkpt><trkpt lat="43.38739828" lon="-5.82088296"><ele>182.06</ele><time>2024-08-26T17:57:36Z</time></trkpt><trkpt lat="43.38741362" lon="-5.82086825"><ele>181.17</ele><time>2024-08-26T17:57:37Z</time></trkpt><trkpt lat="43.38742984" lon="-5.82085639"><ele>180.19</ele><time>2024-08-26T17:57:38Z</time></trkpt><trkpt lat="43.38744668" lon="-5.82084653"><ele>179.16</ele><time>2024-08-26T17:57:39Z</time></trkpt><trkpt lat="43.38746386" lon="-5.82083784"><ele>178.13</ele><time>2024-08-26T17:57:40Z</time></trkpt><trkpt lat="43.38748122" lon="-5.82082970"><ele>177.12</ele><time>2024-08-26T17:57:41Z</time></trkpt><trkpt lat="43.38749861" lon="-5.82082172"><ele>176.12</ele><time>2024-08-26T17:57:42Z</time></trkpt><trkpt lat="43.38751041" lon="-5.82081436"><ele>176.54</ele><time>2024-08-26T17:57:43Z</time></trkpt><trkpt lat="43.38751865" lon="-5.82080730"><ele>177.85</ele><time>2024-08-26T17:57:44Z</time></trkpt><trkpt lat="43.38752501" lon="-5.82080030"><ele>179.63</ele><time>2024-08-26T17:57:45Z</time></trkpt><trkpt lat="43.38753570" lon="-5.82079728"><ele>180.50</ele><time>2024-08-26T17:57:46Z</time></trkpt><trkpt lat="43.38754955" lon="-5.82079670"><ele>180.70</ele><time>2024-08-26T17:57:47Z</time></trkpt><trkpt lat="43.38756534" lon="-5.82079735"><ele>180.46</ele><time>2024-08-26T17:57:48Z</time></trkpt><trkpt lat="43.38758210" lon="-5.82079843"><ele>180.01</ele><time>2024-08-26T17:57:49Z</time></trkpt><trkpt lat="43.38759907" lon="-5.82080533"><ele>179.34</ele><time>2024-08-26T17:57:50Z</time></trkpt><trkpt lat="43.38761592" lon="-5.82081571"><ele>178.60</ele><time>2024-08-26T17:57:51Z</time></trkpt><trkpt lat="43.38763253" lon="-5.82082773"><ele>177.85</ele><time>2024-08-26T17:57:52Z</time></trkpt><trkpt lat="43.38764891" lon="-5.82084024"><ele>177.13</ele><time>2024-08-26T17:57:53Z</time></trkpt><trkpt lat="43.38766237" lon="-5.82085272"><ele>176.91</ele><time>2024-08-26T17:57:54Z</time></trkpt><trkpt lat="43.38767398" lon="-5.82086488"><ele>177.02</ele><time>2024-08-26T17:57:55Z</time></trkpt><trkpt lat="43.38768626" lon="-5.82087064"><ele>176.99</ele><time>2024-08-26T17:57:56Z</time></trkpt><trkpt lat="43.38769921" lon="-5.82087226"><ele>176.83</ele><time>2024-08-26T17:57:57Z</time></trkpt><trkpt lat="43.38771269" lon="-5.82087166"><ele>176.58</ele><time>2024-08-26T17:57:58Z</time></trkpt><trkpt lat="43.38772670" lon="-5.82087401"><ele>176.63</ele><time>2024-08-26T17:57:59Z</time></trkpt><trkpt lat="43.38774102" lon="-5.82087868"><ele>176.88</ele><time>2024-08-26T17:58:00Z</time></trkpt><trkpt lat="43.38775549" lon="-5.82088491"><ele>177.23</ele><time>2024-08-26T17:58:01Z</time></trkpt><trkpt lat="43.38776686" lon="-5.82089288"><ele>177.45</ele><time>2024-08-26T17:58:02Z</time></trkpt><trkpt lat="43.38777624" lon="-5.82090177"><ele>177.56</ele><time>2024-08-26T17:58:03Z</time></trkpt><trkpt lat="43.38778454" lon="-5.82091102"><ele>177.60</ele><time>2024-08-26T17:58:04Z</time></trkpt><trkpt lat="43.38779242" lon="-5.82092029"><ele>177.59</ele><time>2024-08-26T17:58:05Z</time></trkpt><trkpt lat="43.38780027" lon="-5.82092944"><ele>177.57</ele><time>2024-08-26T17:58:06Z</time></trkpt><trkpt lat="43.38780956" lon="-5.82093944"><ele>177.16</ele><time>2024-08-26T17:58:07Z</time></trkpt><trkpt lat="43.38781988" lon="-5.82094994"><ele>176.52</ele><time>2024-08-26T17:58:08Z</time></trkpt><trkpt lat="43.38788195" lon="-5.82097398"><ele>176.27</ele><time>2024-08-26T17:58:09Z</time></trkpt><trkpt lat="43.38797657" lon="-5.82100647"><ele>176.30</ele><time>2024-08-26T17:58:10Z</time></trkpt><trkpt lat="43.38808809" lon="-5.82104331"><ele>176.50</ele><time>2024-08-26T17:58:11Z</time></trkpt><trkpt lat="43.38820581" lon="-5.82108170"><ele>176.79</ele><time>2024-08-26T17:58:12Z</time></trkpt><trkpt lat="43.38832355" lon="-5.82112004"><ele>177.10</ele><time>2024-08-26T17:58:13Z</time></trkpt><trkpt lat="43.38843851" lon="-5.82115763"><ele>177.42</ele><time>2024-08-26T17:58:14Z</time></trkpt><trkpt lat="43.38855001" lon="-5.82119429"><ele>177.71</ele><time>2024-08-26T17:58:15Z</time></trkpt><trkpt lat="43.38865847" lon="-5.82123016"><ele>177.99</ele><time>2024-08-26T17:58:16Z</time></trkpt><trkpt lat="43.38857267" lon="-5.82122892"><ele>178.36</ele><time>2024-08-26T17:58:17Z</time></trkpt><trkpt lat="43.38836439" lon="-5.82120429"><ele>178.79</ele><time>2024-08-26T17:58:18Z</time></trkpt><trkpt lat="43.38821883" lon="-5.82118832"><ele>178.90</ele><time>2024-08-26T17:58:19Z</time></trkpt><trkpt lat="43.38812949" lon="-5.82118098"><ele>178.80</ele><time>2024-08-26T17:58:20Z</time></trkpt><trkpt lat="43.38808144" lon="-5.82118043"><ele>178.58</ele><time>2024-08-26T17:58:21Z</time></trkpt><trkpt lat="43.38805911" lon="-5.82118439"><ele>178.31</ele><time>2024-08-26T17:58:22Z</time></trkpt><trkpt lat="43.38804994" lon="-5.82119086"><ele>178.04</ele><time>2024-08-26T17:58:23Z</time></trkpt><trkpt lat="43.38804545" lon="-5.82119839"><ele>177.77</ele><time>2024-08-26T17:58:24Z</time></trkpt><trkpt lat="43.38804078" lon="-5.82120612"><ele>177.53</ele><time>2024-08-26T17:58:25Z</time></trkpt><trkpt lat="43.38804994" lon="-5.82121807"><ele>177.23</ele><time>2024-08-26T17:58:26Z</time></trkpt><trkpt lat="43.38806649" lon="-5.82123244"><ele>176.90</ele><time>2024-08-26T17:58:27Z</time></trkpt><trkpt lat="43.38808591" lon="-5.82124791"><ele>176.55</ele><time>2024-08-26T17:58:28Z</time></trkpt><trkpt lat="43.38810555" lon="-5.82126362"><ele>176.13</ele><time>2024-08-26T17:58:29Z</time></trkpt><trkpt lat="43.38812417" lon="-5.82127916"><ele>175.66</ele><time>2024-08-26T17:58:30Z</time></trkpt><trkpt lat="43.38814140" lon="-5.82129436"><ele>175.17</ele><time>2024-08-26T17:58:31Z</time></trkpt><trkpt lat="43.38815339" lon="-5.82130522"><ele>174.85</ele><time>2024-08-26T17:58:32Z</time></trkpt><trkpt lat="43.38816193" lon="-5.82131328"><ele>174.63</ele><time>2024-08-26T17:58:33Z</time></trkpt><trkpt lat="43.38816858" lon="-5.82131986"><ele>174.46</ele><time>2024-08-26T17:58:34Z</time></trkpt><trkpt lat="43.38817845" lon="-5.82132202"><ele>174.33</ele><time>2024-08-26T17:58:35Z</time></trkpt><trkpt lat="43.38819073" lon="-5.82132171"><ele>174.20</ele><time>2024-08-26T17:58:36Z</time></trkpt><trkpt lat="43.38820455" lon="-5.82132036"><ele>174.06</ele><time>2024-08-26T17:58:37Z</time></trkpt><trkpt lat="43.38821637" lon="-5.82132217"><ele>174.01</ele><time>2024-08-26T17:58:38Z</time></trkpt><trkpt lat="43.38822674" lon="-5.82132634"><ele>174.00</ele><time>2024-08-26T17:58:39Z</time></trkpt><trkpt lat="43.38823620" lon="-5.82133201"><ele>174.02</ele><time>2024-08-26T17:58:40Z</time></trkpt><trkpt lat="43.38824519" lon="-5.82133845"><ele>174.05</ele><time>2024-08-26T17:58:41Z</time></trkpt><trkpt lat="43.38825402" lon="-5.82134518"><ele>174.07</ele><time>2024-08-26T17:58:42Z</time></trkpt><trkpt lat="43.38826286" lon="-5.82135191"><ele>174.09</ele><time>2024-08-26T17:58:43Z</time></trkpt><trkpt lat="43.38827178" lon="-5.82135853"><ele>174.10</ele><time>2024-08-26T17:58:44Z</time></trkpt><trkpt lat="43.38828080" lon="-5.82136498"><ele>174.10</ele><time>2024-08-26T17:58:45Z</time></trkpt><trkpt lat="43.38828991" lon="-5.82137130"><ele>174.10</ele><time>2024-08-26T17:58:46Z</time></trkpt><trkpt lat="43.38829908" lon="-5.82137752"><ele>174.10</ele><time>2024-08-26T17:58:47Z</time></trkpt><trkpt lat="43.38830829" lon="-5.82138368"><ele>174.10</ele><time>2024-08-26T17:58:48Z</time></trkpt><trkpt lat="43.38831751" lon="-5.82138981"><ele>174.10</ele><time>2024-08-26T17:58:49Z</time></trkpt><trkpt lat="43.38832675" lon="-5.82139592"><ele>174.10</ele><time>2024-08-26T17:58:50Z</time></trkpt><trkpt lat="43.38833598" lon="-5.82140204"><ele>174.10</ele><time>2024-08-26T17:58:51Z</time></trkpt><trkpt lat="43.38834600" lon="-5.82141359"><ele>173.93</ele><time>2024-08-26T17:58:52Z</time></trkpt><trkpt lat="43.38835651" lon="-5.82142858"><ele>173.64</ele><time>2024-08-26T17:58:53Z</time></trkpt><trkpt lat="43.38836729" lon="-5.82144535"><ele>173.31</ele><time>2024-08-26T17:58:54Z</time></trkpt><trkpt lat="43.38837815" lon="-5.82146279"><ele>172.95</ele><time>2024-08-26T17:58:55Z</time></trkpt><trkpt lat="43.38838902" lon="-5.82148025"><ele>172.59</ele><time>2024-08-26T17:58:56Z</time></trkpt><trkpt lat="43.38839984" lon="-5.82149741"><ele>172.23</ele><time>2024-08-26T17:58:57Z</time></trkpt><trkpt lat="43.38841062" lon="-5.82151422"><ele>171.89</ele><time>2024-08-26T17:58:58Z</time></trkpt><trkpt lat="43.38842134" lon="-5.82153071"><ele>171.57</ele><time>2024-08-26T17:58:59Z</time></trkpt><trkpt lat="43.38843203" lon="-5.82154697"><ele>171.24</ele><time>2024-08-26T17:59:00Z</time></trkpt><trkpt lat="43.38844270" lon="-5.82156308"><ele>170.93</ele><time>2024-08-26T17:59:01Z</time></trkpt><trkpt lat="43.38845336" lon="-5.82157913"><ele>170.61</ele><time>2024-08-26T17:59:02Z</time></trkpt><trkpt lat="43.38846402" lon="-5.82159515"><ele>170.30</ele><time>2024-08-26T17:59:03Z</time></trkpt><trkpt lat="43.38847393" lon="-5.82161245"><ele>170.23</ele><time>2024-08-26T17:59:04Z</time></trkpt><trkpt lat="43.38848336" lon="-5.82163058"><ele>170.33</ele><time>2024-08-26T17:59:05Z</time></trkpt><trkpt lat="43.38849254" lon="-5.82164914"><ele>170.50</ele><time>2024-08-26T17:59:06Z</time></trkpt><trkpt lat="43.38850163" lon="-5.82166788"><ele>170.71</ele><time>2024-08-26T17:59:07Z</time></trkpt><trkpt lat="43.38851073" lon="-5.82168662"><ele>170.91</ele><time>2024-08-26T17:59:08Z</time></trkpt><trkpt lat="43.38851986" lon="-5.82170530"><ele>171.11</ele><time>2024-08-26T17:59:09Z</time></trkpt><trkpt lat="43.38852905" lon="-5.82172391"><ele>171.28</ele><time>2024-08-26T17:59:10Z</time></trkpt><trkpt lat="43.38853321" lon="-5.82174542"><ele>171.28</ele><time>2024-08-26T17:59:11Z</time></trkpt><trkpt lat="43.38853420" lon="-5.82176875"><ele>171.15</ele><time>2024-08-26T17:59:12Z</time></trkpt><trkpt lat="43.38853354" lon="-5.82179303"><ele>170.96</ele><time>2024-08-26T17:59:13Z</time></trkpt><trkpt lat="43.38853227" lon="-5.82181766"><ele>170.75</ele><time>2024-08-26T17:59:14Z</time></trkpt><trkpt lat="43.38853100" lon="-5.82184229"><ele>170.54</ele><time>2024-08-26T17:59:15Z</time></trkpt><trkpt lat="43.38853000" lon="-5.82186676"><ele>170.34</ele><time>2024-08-26T17:59:16Z</time></trkpt><trkpt lat="43.38852933" lon="-5.82189103"><ele>170.15</ele><time>2024-08-26T17:59:17Z</time></trkpt><trkpt lat="43.38852896" lon="-5.82191514"><ele>169.97</ele><time>2024-08-26T17:59:18Z</time></trkpt><trkpt lat="43.38852880" lon="-5.82193912"><ele>169.79</ele><time>2024-08-26T17:59:19Z</time></trkpt><trkpt lat="43.38853212" lon="-5.82196168"><ele>169.64</ele><time>2024-08-26T17:59:20Z</time></trkpt><trkpt lat="43.38853763" lon="-5.82198336"><ele>169.49</ele><time>2024-08-26T17:59:21Z</time></trkpt><trkpt lat="43.38854426" lon="-5.82200458"><ele>169.35</ele><time>2024-08-26T17:59:22Z</time></trkpt><trkpt lat="43.38855130" lon="-5.82202564"><ele>169.22</ele><time>2024-08-26T17:59:23Z</time></trkpt><trkpt lat="43.38855834" lon="-5.82204670"><ele>169.08</ele><time>2024-08-26T17:59:24Z</time></trkpt><trkpt lat="43.38856518" lon="-5.82206785"><ele>168.94</ele><time>2024-08-26T17:59:25Z</time></trkpt><trkpt lat="43.38857178" lon="-5.82208909"><ele>168.80</ele><time>2024-08-26T17:59:26Z</time></trkpt><trkpt lat="43.38858004" lon="-5.82210648"><ele>168.74</ele><time>2024-08-26T17:59:27Z</time></trkpt><trkpt lat="43.38858933" lon="-5.82212144"><ele>168.72</ele><time>2024-08-26T17:59:28Z</time></trkpt><trkpt lat="43.38859915" lon="-5.82213515"><ele>168.73</ele><time>2024-08-26T17:59:29Z</time></trkpt><trkpt lat="43.38860914" lon="-5.82214840"><ele>168.75</ele><time>2024-08-26T17:59:30Z</time></trkpt><trkpt lat="43.38861913" lon="-5.82216164"><ele>168.77</ele><time>2024-08-26T17:59:31Z</time></trkpt><trkpt lat="43.38862902" lon="-5.82217510"><ele>168.78</ele><time>2024-08-26T17:59:32Z</time></trkpt><trkpt lat="43.38863879" lon="-5.82218881"><ele>168.79</ele><time>2024-08-26T17:59:33Z</time></trkpt><trkpt lat="43.38864847" lon="-5.82220274"><ele>168.80</ele><time>2024-08-26T17:59:34Z</time></trkpt><trkpt lat="43.38865807" lon="-5.82221684"><ele>168.80</ele><time>2024-08-26T17:59:35Z</time></trkpt><trkpt lat="43.38866924" lon="-5.82221941"><ele>168.89</ele><time>2024-08-26T17:59:36Z</time></trkpt><trkpt lat="43.38868141" lon="-5.82221468"><ele>169.04</ele><time>2024-08-26T17:59:37Z</time></trkpt><trkpt lat="43.38869409" lon="-5.82220614"><ele>169.22</ele><time>2024-08-26T17:59:38Z</time></trkpt><trkpt lat="43.38870698" lon="-5.82219618"><ele>169.41</ele><time>2024-08-26T17:59:39Z</time></trkpt><trkpt lat="43.38871987" lon="-5.82218620"><ele>169.60</ele><time>2024-08-26T17:59:40Z</time></trkpt><trkpt lat="43.38873268" lon="-5.82217681"><ele>169.78</ele><time>2024-08-26T17:59:41Z</time></trkpt><trkpt lat="43.38874539" lon="-5.82216819"><ele>169.96</ele><time>2024-08-26T17:59:42Z</time></trkpt><trkpt lat="43.38875801" lon="-5.82216025"><ele>170.13</ele><time>2024-08-26T17:59:43Z</time></trkpt><trkpt lat="43.38877056" lon="-5.82215279"><ele>170.30</ele><time>2024-08-26T17:59:44Z</time></trkpt><trkpt lat="43.38878307" lon="-5.82214564"><ele>170.47</ele><time>2024-08-26T17:59:45Z</time></trkpt><trkpt lat="43.38879556" lon="-5.82213863"><ele>170.64</ele><time>2024-08-26T17:59:46Z</time></trkpt><trkpt lat="43.38880804" lon="-5.82213168"><ele>170.80</ele><time>2024-08-26T17:59:47Z</time></trkpt><trkpt lat="43.38882153" lon="-5.82212459"><ele>170.79</ele><time>2024-08-26T17:59:48Z</time></trkpt><trkpt lat="43.38883565" lon="-5.82211738"><ele>170.66</ele><time>2024-08-26T17:59:49Z</time></trkpt><trkpt lat="43.38885010" lon="-5.82211010"><ele>170.46</ele><time>2024-08-26T17:59:50Z</time></trkpt><trkpt lat="43.38886067" lon="-5.82209894"><ele>170.52</ele><time>2024-08-26T17:59:51Z</time></trkpt><trkpt lat="43.38886873" lon="-5.82208535"><ele>170.76</ele><time>2024-08-26T17:59:52Z</time></trkpt><trkpt lat="43.38887541" lon="-5.82207050"><ele>171.09</ele><time>2024-08-26T17:59:53Z</time></trkpt><trkpt lat="43.38888659" lon="-5.82205428"><ele>171.29</ele><time>2024-08-26T17:59:54Z</time></trkpt><trkpt lat="43.38890090" lon="-5.82203748"><ele>171.38</ele><time>2024-08-26T17:59:55Z</time></trkpt><trkpt lat="43.38891703" lon="-5.82202059"><ele>171.40</ele><time>2024-08-26T17:59:56Z</time></trkpt><trkpt lat="43.38893402" lon="-5.82200384"><ele>171.39</ele><time>2024-08-26T17:59:57Z</time></trkpt><trkpt lat="43.38894900" lon="-5.82199107"><ele>171.40</ele><time>2024-08-26T17:59:58Z</time></trkpt><trkpt lat="43.38896246" lon="-5.82198088"><ele>171.42</ele><time>2024-08-26T17:59:59Z</time></trkpt><trkpt lat="43.38897495" lon="-5.82197207"><ele>171.46</ele><time>2024-08-26T18:00:00Z</time></trkpt><trkpt lat="43.38898693" lon="-5.82196383"><ele>171.52</ele><time>2024-08-26T18:00:01Z</time></trkpt><trkpt lat="43.38899870" lon="-5.82195565"><ele>171.57</ele><time>2024-08-26T18:00:02Z</time></trkpt><trkpt lat="43.38901047" lon="-5.82194729"><ele>171.63</ele><time>2024-08-26T18:00:03Z</time></trkpt><trkpt lat="43.38902231" lon="-5.82193869"><ele>171.69</ele><time>2024-08-26T18:00:04Z</time></trkpt><trkpt lat="43.38903472" lon="-5.82192775"><ele>171.68</ele><time>2024-08-26T18:00:05Z</time></trkpt><trkpt lat="43.38904751" lon="-5.82191531"><ele>171.62</ele><time>2024-08-26T18:00:06Z</time></trkpt><trkpt lat="43.38906052" lon="-5.82190207"><ele>171.53</ele><time>2024-08-26T18:00:07Z</time></trkpt><trkpt lat="43.38907363" lon="-5.82188852"><ele>171.43</ele><time>2024-08-26T18:00:08Z</time></trkpt><trkpt lat="43.38908675" lon="-5.82187495"><ele>171.33</ele><time>2024-08-26T18:00:09Z</time></trkpt><trkpt lat="43.38909976" lon="-5.82186160"><ele>171.28</ele><time>2024-08-26T18:00:10Z</time></trkpt><trkpt lat="43.38911266" lon="-5.82184846"><ele>171.26</ele><time>2024-08-26T18:00:11Z</time></trkpt><trkpt lat="43.38912549" lon="-5.82183550"><ele>171.26</ele><time>2024-08-26T18:00:12Z</time></trkpt><trkpt lat="43.38913829" lon="-5.82182264"><ele>171.27</ele><time>2024-08-26T18:00:13Z</time></trkpt><trkpt lat="43.38915107" lon="-5.82180985"><ele>171.28</ele><time>2024-08-26T18:00:14Z</time></trkpt><trkpt lat="43.38916416" lon="-5.82179527"><ele>171.29</ele><time>2024-08-26T18:00:15Z</time></trkpt><trkpt lat="43.38917745" lon="-5.82177955"><ele>171.30</ele><time>2024-08-26T18:00:16Z</time></trkpt><trkpt lat="43.38919085" lon="-5.82176322"><ele>171.30</ele><time>2024-08-26T18:00:17Z</time></trkpt><trkpt lat="43.38920430" lon="-5.82174667"><ele>171.30</ele><time>2024-08-26T18:00:18Z</time></trkpt><trkpt lat="43.38921775" lon="-5.82173010"><ele>171.30</ele><time>2024-08-26T18:00:19Z</time></trkpt><trkpt lat="43.38923118" lon="-5.82171362"><ele>171.30</ele><time>2024-08-26T18:00:20Z</time></trkpt><trkpt lat="43.38924460" lon="-5.82169725"><ele>171.30</ele><time>2024-08-26T18:00:21Z</time></trkpt><trkpt lat="43.38925800" lon="-5.82168099"><ele>171.30</ele><time>2024-08-26T18:00:22Z</time></trkpt><trkpt lat="43.38927009" lon="-5.82166788"><ele>171.41</ele><time>2024-08-26T18:00:23Z</time></trkpt><trkpt lat="43.38928135" lon="-5.82165675"><ele>171.59</ele><time>2024-08-26T18:00:24Z</time></trkpt><trkpt lat="43.38929205" lon="-5.82164939"><ele>171.69</ele><time>2024-08-26T18:00:25Z</time></trkpt><trkpt lat="43.38930249" lon="-5.82164413"><ele>171.74</ele><time>2024-08-26T18:00:26Z</time></trkpt><trkpt lat="43.38931290" lon="-5.82163978"><ele>171.75</ele><time>2024-08-26T18:00:27Z</time></trkpt><trkpt lat="43.38932335" lon="-5.82163559"><ele>171.75</ele><time>2024-08-26T18:00:28Z</time></trkpt><trkpt lat="43.38933949" lon="-5.82162274"><ele>171.74</ele><time>2024-08-26T18:00:29Z</time></trkpt><trkpt lat="43.38935378" lon="-5.82161568"><ele>171.86</ele><time>2024-08-26T18:00:30Z</time></trkpt><trkpt lat="43.38936654" lon="-5.82161276"><ele>172.07</ele><time>2024-08-26T18:00:31Z</time></trkpt><trkpt lat="43.38937795" lon="-5.82160633"><ele>172.19</ele><time>2024-08-26T18:00:32Z</time></trkpt><trkpt lat="43.38938855" lon="-5.82159733"><ele>172.25</ele><time>2024-08-26T18:00:33Z</time></trkpt><trkpt lat="43.38940086" lon="-5.82158893"><ele>172.18</ele><time>2024-08-26T18:00:34Z</time></trkpt><trkpt lat="43.38941438" lon="-5.82158109"><ele>172.02</ele><time>2024-08-26T18:00:35Z</time></trkpt><trkpt lat="43.38942861" lon="-5.82157370"><ele>171.83</ele><time>2024-08-26T18:00:36Z</time></trkpt><trkpt lat="43.38944249" lon="-5.82156276"><ele>171.58</ele><time>2024-08-26T18:00:37Z</time></trkpt><trkpt lat="43.38945603" lon="-5.82154956"><ele>171.30</ele><time>2024-08-26T18:00:38Z</time></trkpt><trkpt lat="43.38946931" lon="-5.82153516"><ele>171.02</ele><time>2024-08-26T18:00:39Z</time></trkpt><trkpt lat="43.38948243" lon="-5.82152031"><ele>170.74</ele><time>2024-08-26T18:00:40Z</time></trkpt><trkpt lat="43.38949545" lon="-5.82150543"><ele>170.48</ele><time>2024-08-26T18:00:41Z</time></trkpt><trkpt lat="43.38950843" lon="-5.82149073"><ele>170.22</ele><time>2024-08-26T18:00:42Z</time></trkpt><trkpt lat="43.38952141" lon="-5.82147625"><ele>169.96</ele><time>2024-08-26T18:00:43Z</time></trkpt><trkpt lat="43.38953440" lon="-5.82146198"><ele>169.71</ele><time>2024-08-26T18:00:44Z</time></trkpt><trkpt lat="43.38954741" lon="-5.82144787"><ele>169.46</ele><time>2024-08-26T18:00:45Z</time></trkpt><trkpt lat="43.38956043" lon="-5.82143384"><ele>169.22</ele><time>2024-08-26T18:00:46Z</time></trkpt><trkpt lat="43.38957347" lon="-5.82141986"><ele>168.97</ele><time>2024-08-26T18:00:47Z</time></trkpt><trkpt lat="43.38958651" lon="-5.82140590"><ele>168.72</ele><time>2024-08-26T18:00:48Z</time></trkpt><trkpt lat="43.38959956" lon="-5.82139194"><ele>168.48</ele><time>2024-08-26T18:00:49Z</time></trkpt><trkpt lat="43.38961260" lon="-5.82137797"><ele>168.23</ele><time>2024-08-26T18:00:50Z</time></trkpt><trkpt lat="43.38962565" lon="-5.82136399"><ele>167.98</ele><time>2024-08-26T18:00:51Z</time></trkpt><trkpt lat="43.38963869" lon="-5.82135000"><ele>167.74</ele><time>2024-08-26T18:00:52Z</time></trkpt><trkpt lat="43.38965174" lon="-5.82133601"><ele>167.49</ele><time>2024-08-26T18:00:53Z</time></trkpt><trkpt lat="43.38966478" lon="-5.82132201"><ele>167.24</ele><time>2024-08-26T18:00:54Z</time></trkpt><trkpt lat="43.38967783" lon="-5.82130801"><ele>166.99</ele><time>2024-08-26T18:00:55Z</time></trkpt><trkpt lat="43.38969087" lon="-5.82129400"><ele>166.74</ele><time>2024-08-26T18:00:56Z</time></trkpt><trkpt lat="43.38970391" lon="-5.82128000"><ele>166.50</ele><time>2024-08-26T18:00:57Z</time></trkpt><trkpt lat="43.38971696" lon="-5.82126600"><ele>166.25</ele><time>2024-08-26T18:00:58Z</time></trkpt><trkpt lat="43.38973000" lon="-5.82125200"><ele>166.00</ele><time>2024-08-26T18:00:59Z</time></trkpt><trkpt lat="43.38974315" lon="-5.82123888"><ele>165.88</ele><time>2024-08-26T18:01:00Z</time></trkpt><trkpt lat="43.38975636" lon="-5.82122632"><ele>165.83</ele><time>2024-08-26T18:01:01Z</time></trkpt><trkpt lat="43.38976960" lon="-5.82121405"><ele>165.83</ele><time>2024-08-26T18:01:02Z</time></trkpt><trkpt lat="43.38978286" lon="-5.82120189"><ele>165.84</ele><time>2024-08-26T18:01:03Z</time></trkpt><trkpt lat="43.38979611" lon="-5.82118972"><ele>165.85</ele><time>2024-08-26T18:01:04Z</time></trkpt><trkpt lat="43.38980936" lon="-5.82117752"><ele>165.86</ele><time>2024-08-26T18:01:05Z</time></trkpt><trkpt lat="43.38982261" lon="-5.82116525"><ele>165.86</ele><time>2024-08-26T18:01:06Z</time></trkpt><trkpt lat="43.38983585" lon="-5.82115293"><ele>165.85</ele><time>2024-08-26T18:01:07Z</time></trkpt><trkpt lat="43.38984908" lon="-5.82114057"><ele>165.83</ele><time>2024-08-26T18:01:08Z</time></trkpt><trkpt lat="43.38986231" lon="-5.82112819"><ele>165.81</ele><time>2024-08-26T18:01:09Z</time></trkpt><trkpt lat="43.38987554" lon="-5.82111580"><ele>165.79</ele><time>2024-08-26T18:01:10Z</time></trkpt><trkpt lat="43.38988877" lon="-5.82110341"><ele>165.77</ele><time>2024-08-26T18:01:11Z</time></trkpt><trkpt lat="43.38990200" lon="-5.82109101"><ele>165.75</ele><time>2024-08-26T18:01:12Z</time></trkpt><trkpt lat="43.38991523" lon="-5.82107862"><ele>165.73</ele><time>2024-08-26T18:01:13Z</time></trkpt><trkpt lat="43.38992846" lon="-5.82106623"><ele>165.71</ele><time>2024-08-26T18:01:14Z</time></trkpt><trkpt lat="43.38994169" lon="-5.82105385"><ele>165.69</ele><time>2024-08-26T18:01:15Z</time></trkpt><trkpt lat="43.38995492" lon="-5.82104146"><ele>165.67</ele><time>2024-08-26T18:01:16Z</time></trkpt><trkpt lat="43.38996815" lon="-5.82102908"><ele>165.65</ele><time>2024-08-26T18:01:17Z</time></trkpt><trkpt lat="43.38998138" lon="-5.82101669"><ele>165.63</ele><time>2024-08-26T18:01:18Z</time></trkpt><trkpt lat="43.38999462" lon="-5.82100431"><ele>165.62</ele><time>2024-08-26T18:01:19Z</time></trkpt><trkpt lat="43.39000785" lon="-5.82099192"><ele>165.60</ele><time>2024-08-26T18:01:20Z</time></trkpt><trkpt lat="43.39002108" lon="-5.82097954"><ele>165.58</ele><time>2024-08-26T18:01:21Z</time></trkpt><trkpt lat="43.39003431" lon="-5.82096715"><ele>165.56</ele><time>2024-08-26T18:01:22Z</time></trkpt><trkpt lat="43.39004754" lon="-5.82095477"><ele>165.54</ele><time>2024-08-26T18:01:23Z</time></trkpt><trkpt lat="43.39006077" lon="-5.82094238"><ele>165.52</ele><time>2024-08-26T18:01:24Z</time></trkpt><trkpt lat="43.39007400" lon="-5.82093000"><ele>165.50</ele><time>2024-08-26T18:01:25Z</time></trkpt><trkpt lat="43.39009147" lon="-5.82092438"><ele>165.49</ele><time>2024-08-26T18:01:26Z</time></trkpt><trkpt lat="43.39010616" lon="-5.82091729"><ele>165.35</ele><time>2024-08-26T18:01:27Z</time></trkpt><trkpt lat="43.39011880" lon="-5.82090881"><ele>165.13</ele><time>2024-08-26T18:01:28Z</time></trkpt><trkpt lat="43.39013118" lon="-5.82089794"><ele>164.98</ele><time>2024-08-26T18:01:29Z</time></trkpt><trkpt lat="43.39014355" lon="-5.82088554"><ele>164.90</ele><time>2024-08-26T18:01:30Z</time></trkpt><trkpt lat="43.39015601" lon="-5.82087234"><ele>164.85</ele><time>2024-08-26T18:01:31Z</time></trkpt><trkpt lat="43.39016861" lon="-5.82085883"><ele>164.82</ele><time>2024-08-26T18:01:32Z</time></trkpt><trkpt lat="43.39018132" lon="-5.82084530"><ele>164.80</ele><time>2024-08-26T18:01:33Z</time></trkpt><trkpt lat="43.39019412" lon="-5.82083189"><ele>164.78</ele><time>2024-08-26T18:01:34Z</time></trkpt><trkpt lat="43.39020698" lon="-5.82081864"><ele>164.75</ele><time>2024-08-26T18:01:35Z</time></trkpt><trkpt lat="43.39021986" lon="-5.82080552"><ele>164.73</ele><time>2024-08-26T18:01:36Z</time></trkpt><trkpt lat="43.39023274" lon="-5.82079251"><ele>164.70</ele><time>2024-08-26T18:01:37Z</time></trkpt><trkpt lat="43.39024563" lon="-5.82077956"><ele>164.67</ele><time>2024-08-26T18:01:38Z</time></trkpt><trkpt lat="43.39025852" lon="-5.82076664"><ele>164.64</ele><time>2024-08-26T18:01:39Z</time></trkpt><trkpt lat="43.39027139" lon="-5.82075373"><ele>164.60</ele><time>2024-08-26T18:01:40Z</time></trkpt><trkpt lat="43.39028427" lon="-5.82074083"><ele>164.57</ele><time>2024-08-26T18:01:41Z</time></trkpt><trkpt lat="43.39029714" lon="-5.82072791"><ele>164.53</ele><time>2024-08-26T18:01:42Z</time></trkpt><trkpt lat="43.39031000" lon="-5.82071499"><ele>164.50</ele><time>2024-08-26T18:01:43Z</time></trkpt><trkpt lat="43.39032426" lon="-5.82070145"><ele>164.48</ele><time>2024-08-26T18:01:44Z</time></trkpt><trkpt lat="43.39033938" lon="-5.82068752"><ele>164.46</ele><time>2024-08-26T18:01:45Z</time></trkpt><trkpt lat="43.39035497" lon="-5.82067337"><ele>164.44</ele><time>2024-08-26T18:01:46Z</time></trkpt><trkpt lat="43.39037072" lon="-5.82065916"><ele>164.43</ele><time>2024-08-26T18:01:47Z</time></trkpt><trkpt lat="43.39038648" lon="-5.82064494"><ele>164.42</ele><time>2024-08-26T18:01:48Z</time></trkpt><trkpt lat="43.39040216" lon="-5.82063075"><ele>164.40</ele><time>2024-08-26T18:01:49Z</time></trkpt><trkpt lat="43.39041775" lon="-5.82061660"><ele>164.39</ele><time>2024-08-26T18:01:50Z</time></trkpt><trkpt lat="43.39043326" lon="-5.82060250"><ele>164.38</ele><time>2024-08-26T18:01:51Z</time></trkpt><trkpt lat="43.39044871" lon="-5.82058841"><ele>164.36</ele><time>2024-08-26T18:01:52Z</time></trkpt><trkpt lat="43.39046413" lon="-5.82057435"><ele>164.34</ele><time>2024-08-26T18:01:53Z</time></trkpt><trkpt lat="43.39047952" lon="-5.82056029"><ele>164.33</ele><time>2024-08-26T18:01:54Z</time></trkpt><trkpt lat="43.39049491" lon="-5.82054623"><ele>164.31</ele><time>2024-08-26T18:01:55Z</time></trkpt><trkpt lat="43.39051030" lon="-5.82053218"><ele>164.30</ele><time>2024-08-26T18:01:56Z</time></trkpt><trkpt lat="43.39052570" lon="-5.82051812"><ele>164.28</ele><time>2024-08-26T18:01:57Z</time></trkpt><trkpt lat="43.39054110" lon="-5.82050406"><ele>164.27</ele><time>2024-08-26T18:01:58Z</time></trkpt><trkpt lat="43.39055650" lon="-5.82049000"><ele>164.25</ele><time>2024-08-26T18:01:59Z</time></trkpt><trkpt lat="43.39057190" lon="-5.82047594"><ele>164.23</ele><time>2024-08-26T18:02:00Z</time></trkpt><trkpt lat="43.39058731" lon="-5.82046188"><ele>164.22</ele><time>2024-08-26T18:02:01Z</time></trkpt><trkpt lat="43.39060272" lon="-5.82044781"><ele>164.20</ele><time>2024-08-26T18:02:02Z</time></trkpt><trkpt lat="43.39061812" lon="-5.82043375"><ele>164.19</ele><time>2024-08-26T18:02:03Z</time></trkpt><trkpt lat="43.39063353" lon="-5.82041969"><ele>164.17</ele><time>2024-08-26T18:02:04Z</time></trkpt><trkpt lat="43.39064894" lon="-5.82040563"><ele>164.16</ele><time>2024-08-26T18:02:05Z</time></trkpt><trkpt lat="43.39066434" lon="-5.82039156"><ele>164.14</ele><time>2024-08-26T18:02:06Z</time></trkpt><trkpt lat="43.39067975" lon="-5.82037750"><ele>164.13</ele><time>2024-08-26T18:02:07Z</time></trkpt><trkpt lat="43.39069516" lon="-5.82036344"><ele>164.11</ele><time>2024-08-26T18:02:08Z</time></trkpt><trkpt lat="43.39071056" lon="-5.82034937"><ele>164.09</ele><time>2024-08-26T18:02:09Z</time></trkpt><trkpt lat="43.39072597" lon="-5.82033531"><ele>164.08</ele><time>2024-08-26T18:02:10Z</time></trkpt><trkpt lat="43.39074138" lon="-5.82032125"><ele>164.06</ele><time>2024-08-26T18:02:11Z</time></trkpt><trkpt lat="43.39075678" lon="-5.82030719"><ele>164.05</ele><time>2024-08-26T18:02:12Z</time></trkpt><trkpt lat="43.39077219" lon="-5.82029312"><ele>164.03</ele><time>2024-08-26T18:02:13Z</time></trkpt><trkpt lat="43.39078759" lon="-5.82027906"><ele>164.02</ele><time>2024-08-26T18:02:14Z</time></trkpt><trkpt lat="43.39080300" lon="-5.82026500"><ele>164.00</ele><time>2024-08-26T18:02:15Z</time></trkpt><trkpt lat="43.39081469" lon="-5.82025392"><ele>163.99</ele><time>2024-08-26T18:02:16Z</time></trkpt><trkpt lat="43.39082403" lon="-5.82024472"><ele>163.99</ele><time>2024-08-26T18:02:17Z</time></trkpt><trkpt lat="43.39083215" lon="-5.82023651"><ele>163.99</ele><time>2024-08-26T18:02:18Z</time></trkpt><trkpt lat="43.39083982" lon="-5.82022866"><ele>163.99</ele><time>2024-08-26T18:02:19Z</time></trkpt><trkpt lat="43.39084748" lon="-5.82022081"><ele>164.00</ele><time>2024-08-26T18:02:20Z</time></trkpt><trkpt lat="43.39085534" lon="-5.82021281"><ele>164.00</ele><time>2024-08-26T18:02:21Z</time></trkpt><trkpt lat="43.39086345" lon="-5.82020460"><ele>164.00</ele><time>2024-08-26T18:02:22Z</time></trkpt><trkpt lat="43.39087177" lon="-5.82019622"><ele>164.00</ele><time>2024-08-26T18:02:23Z</time></trkpt><trkpt lat="43.39088025" lon="-5.82018772"><ele>164.00</ele><time>2024-08-26T18:02:24Z</time></trkpt><trkpt lat="43.39088883" lon="-5.82017914"><ele>164.00</ele><time>2024-08-26T18:02:25Z</time></trkpt><trkpt lat="43.39089745" lon="-5.82017052"><ele>164.00</ele><time>2024-08-26T18:02:26Z</time></trkpt><trkpt lat="43.39090610" lon="-5.82016188"><ele>164.00</ele><time>2024-08-26T18:02:27Z</time></trkpt><trkpt lat="43.39091474" lon="-5.82015325"><ele>164.00</ele><time>2024-08-26T18:02:28Z</time></trkpt><trkpt lat="43.39092337" lon="-5.82014462"><ele>164.00</ele><time>2024-08-26T18:02:29Z</time></trkpt><trkpt lat="43.39093199" lon="-5.82013601"><ele>164.00</ele><time>2024-08-26T18:02:30Z</time></trkpt><trkpt lat="43.39094176" lon="-5.82012624"><ele>163.99</ele><time>2024-08-26T18:02:31Z</time></trkpt><trkpt lat="43.39095226" lon="-5.82011574"><ele>163.97</ele><time>2024-08-26T18:02:32Z</time></trkpt><trkpt lat="43.39096314" lon="-5.82010486"><ele>163.95</ele><time>2024-08-26T18:02:33Z</time></trkpt><trkpt lat="43.39097416" lon="-5.82009384"><ele>163.93</ele><time>2024-08-26T18:02:34Z</time></trkpt><trkpt lat="43.39098518" lon="-5.82008282"><ele>163.91</ele><time>2024-08-26T18:02:35Z</time></trkpt><trkpt lat="43.39099613" lon="-5.82007187"><ele>163.89</ele><time>2024-08-26T18:02:36Z</time></trkpt><trkpt lat="43.39100701" lon="-5.82006099"><ele>163.87</ele><time>2024-08-26T18:02:37Z</time></trkpt><trkpt lat="43.39101783" lon="-5.82005017"><ele>163.85</ele><time>2024-08-26T18:02:38Z</time></trkpt><trkpt lat="43.39102859" lon="-5.82003941"><ele>163.84</ele><time>2024-08-26T18:02:39Z</time></trkpt><trkpt lat="43.39103933" lon="-5.82002867"><ele>163.82</ele><time>2024-08-26T18:02:40Z</time></trkpt><trkpt lat="43.39105005" lon="-5.82001795"><ele>163.80</ele><time>2024-08-26T18:02:41Z</time></trkpt><trkpt lat="43.39106076" lon="-5.82000724"><ele>163.78</ele><time>2024-08-26T18:02:42Z</time></trkpt><trkpt lat="43.39107147" lon="-5.81999653"><ele>163.76</ele><time>2024-08-26T18:02:43Z</time></trkpt><trkpt lat="43.39108219" lon="-5.81998581"><ele>163.75</ele><time>2024-08-26T18:02:44Z</time></trkpt><trkpt lat="43.39109291" lon="-5.81997509"><ele>163.73</ele><time>2024-08-26T18:02:45Z</time></trkpt><trkpt lat="43.39110364" lon="-5.81996436"><ele>163.71</ele><time>2024-08-26T18:02:46Z</time></trkpt><trkpt lat="43.39111436" lon="-5.81995364"><ele>163.69</ele><time>2024-08-26T18:02:47Z</time></trkpt><trkpt lat="43.39112509" lon="-5.81994291"><ele>163.67</ele><time>2024-08-26T18:02:48Z</time></trkpt><trkpt lat="43.39113582" lon="-5.81993218"><ele>163.65</ele><time>2024-08-26T18:02:49Z</time></trkpt><trkpt lat="43.39114654" lon="-5.81992146"><ele>163.64</ele><time>2024-08-26T18:02:50Z</time></trkpt><trkpt lat="43.39115727" lon="-5.81991073"><ele>163.62</ele><time>2024-08-26T18:02:51Z</time></trkpt><trkpt lat="43.39116800" lon="-5.81990000"><ele>163.60</ele><time>2024-08-26T18:02:52Z</time></trkpt><trkpt lat="43.39116787" lon="-5.81988678"><ele>163.55</ele><time>2024-08-26T18:02:53Z</time></trkpt><trkpt lat="43.39116090" lon="-5.81987200"><ele>163.49</ele><time>2024-08-26T18:02:54Z</time></trkpt><trkpt lat="43.39115036" lon="-5.81985639"><ele>163.41</ele><time>2024-08-26T18:02:55Z</time></trkpt><trkpt lat="43.39113850" lon="-5.81984048"><ele>163.33</ele><time>2024-08-26T18:02:56Z</time></trkpt><trkpt lat="43.39112662" lon="-5.81982456"><ele>163.25</ele><time>2024-08-26T18:02:57Z</time></trkpt><trkpt lat="43.39111531" lon="-5.81980878"><ele>163.18</ele><time>2024-08-26T18:02:58Z</time></trkpt><trkpt lat="43.39110472" lon="-5.81979317"><ele>163.10</ele><time>2024-08-26T18:02:59Z</time></trkpt><trkpt lat="43.39109976" lon="-5.81977403"><ele>163.07</ele><time>2024-08-26T18:03:00Z</time></trkpt><trkpt lat="43.39109441" lon="-5.81975687"><ele>163.22</ele><time>2024-08-26T18:03:01Z</time></trkpt><trkpt lat="43.39108846" lon="-5.81974121"><ele>163.49</ele><time>2024-08-26T18:03:02Z</time></trkpt><trkpt lat="43.39108194" lon="-5.81972651"><ele>163.83</ele><time>2024-08-26T18:03:03Z</time></trkpt><trkpt lat="43.39107670" lon="-5.81971088"><ele>164.12</ele><time>2024-08-26T18:03:04Z</time></trkpt><trkpt lat="43.39107226" lon="-5.81969452"><ele>164.38</ele><time>2024-08-26T18:03:05Z</time></trkpt><trkpt lat="43.39106824" lon="-5.81967770"><ele>164.61</ele><time>2024-08-26T18:03:06Z</time></trkpt><trkpt lat="43.39106437" lon="-5.81966064"><ele>164.82</ele><time>2024-08-26T18:03:07Z</time></trkpt><trkpt lat="43.39106049" lon="-5.81964347"><ele>165.02</ele><time>2024-08-26T18:03:08Z</time></trkpt><trkpt lat="43.39105584" lon="-5.81962670"><ele>165.18</ele><time>2024-08-26T18:03:09Z</time></trkpt><trkpt lat="43.39105065" lon="-5.81961023"><ele>165.31</ele><time>2024-08-26T18:03:10Z</time></trkpt><trkpt lat="43.39104515" lon="-5.81959394"><ele>165.42</ele><time>2024-08-26T18:03:11Z</time></trkpt><trkpt lat="43.39103952" lon="-5.81957773"><ele>165.53</ele><time>2024-08-26T18:03:12Z</time></trkpt><trkpt lat="43.39103302" lon="-5.81955878"><ele>165.57</ele><time>2024-08-26T18:03:13Z</time></trkpt><trkpt lat="43.39102604" lon="-5.81953808"><ele>165.58</ele><time>2024-08-26T18:03:14Z</time></trkpt><trkpt lat="43.39101882" lon="-5.81951645"><ele>165.56</ele><time>2024-08-26T18:03:15Z</time></trkpt><trkpt lat="43.39100936" lon="-5.81950010"><ele>165.41</ele><time>2024-08-26T18:03:16Z</time></trkpt><trkpt lat="43.39099856" lon="-5.81948729"><ele>165.17</ele><time>2024-08-26T18:03:17Z</time></trkpt><trkpt lat="43.39099781" lon="-5.81947779"><ele>165.08</ele><time>2024-08-26T18:03:18Z</time></trkpt><trkpt lat="43.39100361" lon="-5.81946997"><ele>165.09</ele><time>2024-08-26T18:03:19Z</time></trkpt><trkpt lat="43.39101299" lon="-5.81946275"><ele>165.18</ele><time>2024-08-26T18:03:20Z</time></trkpt><trkpt lat="43.39102381" lon="-5.81945552"><ele>165.30</ele><time>2024-08-26T18:03:21Z</time></trkpt><trkpt lat="43.39103483" lon="-5.81944798"><ele>165.43</ele><time>2024-08-26T18:03:22Z</time></trkpt><trkpt lat="43.39105273" lon="-5.81944478"><ele>165.23</ele><time>2024-08-26T18:03:23Z</time></trkpt><trkpt lat="43.39106835" lon="-5.81943849"><ele>165.09</ele><time>2024-08-26T18:03:24Z</time></trkpt><trkpt lat="43.39108185" lon="-5.81942990"><ele>165.01</ele><time>2024-08-26T18:03:25Z</time></trkpt><trkpt lat="43.39109583" lon="-5.81941777"><ele>164.97</ele><time>2024-08-26T18:03:26Z</time></trkpt><trkpt lat="43.39111011" lon="-5.81940356"><ele>164.96</ele><time>2024-08-26T18:03:27Z</time></trkpt><trkpt lat="43.39112454" lon="-5.81938839"><ele>164.96</ele><time>2024-08-26T18:03:28Z</time></trkpt><trkpt lat="43.39114058" lon="-5.81937608"><ele>164.92</ele><time>2024-08-26T18:03:29Z</time></trkpt><trkpt lat="43.39115760" lon="-5.81936587"><ele>164.84</ele><time>2024-08-26T18:03:30Z</time></trkpt><trkpt lat="43.39117510" lon="-5.81935695"><ele>164.74</ele><time>2024-08-26T18:03:31Z</time></trkpt><trkpt lat="43.39119276" lon="-5.81934868"><ele>164.63</ele><time>2024-08-26T18:03:32Z</time></trkpt><trkpt lat="43.39121039" lon="-5.81934064"><ele>164.52</ele><time>2024-08-26T18:03:33Z</time></trkpt><trkpt lat="43.39122425" lon="-5.81933728"><ele>164.60</ele><time>2024-08-26T18:03:34Z</time></trkpt><trkpt lat="43.39123569" lon="-5.81933676"><ele>164.81</ele><time>2024-08-26T18:03:35Z</time></trkpt><trkpt lat="43.39124597" lon="-5.81933478"><ele>165.01</ele><time>2024-08-26T18:03:36Z</time></trkpt><trkpt lat="43.39125582" lon="-5.81933143"><ele>165.19</ele><time>2024-08-26T18:03:37Z</time></trkpt><trkpt lat="43.39126567" lon="-5.81932705"><ele>165.36</ele><time>2024-08-26T18:03:38Z</time></trkpt><trkpt lat="43.39127571" lon="-5.81932203"><ele>165.50</ele><time>2024-08-26T18:03:39Z</time></trkpt><trkpt lat="43.39129213" lon="-5.81930752"><ele>165.57</ele><time>2024-08-26T18:03:40Z</time></trkpt><trkpt lat="43.39130845" lon="-5.81929262"><ele>165.58</ele><time>2024-08-26T18:03:41Z</time></trkpt><trkpt lat="43.39132430" lon="-5.81927819"><ele>165.57</ele><time>2024-08-26T18:03:42Z</time></trkpt><trkpt lat="43.39133961" lon="-5.81926452"><ele>165.55</ele><time>2024-08-26T18:03:43Z</time></trkpt><trkpt lat="43.39135447" lon="-5.81925157"><ele>165.53</ele><time>2024-08-26T18:03:44Z</time></trkpt><trkpt lat="43.39136901" lon="-5.81923917"><ele>165.52</ele><time>2024-08-26T18:03:45Z</time></trkpt><trkpt lat="43.39138337" lon="-5.81922713"><ele>165.51</ele><time>2024-08-26T18:03:46Z</time></trkpt><trkpt lat="43.39139763" lon="-5.81921529"><ele>165.50</ele><time>2024-08-26T18:03:47Z</time></trkpt><trkpt lat="43.39141187" lon="-5.81920353"><ele>165.50</ele><time>2024-08-26T18:03:48Z</time></trkpt><trkpt lat="43.39142612" lon="-5.81919177"><ele>165.50</ele><time>2024-08-26T18:03:49Z</time></trkpt><trkpt lat="43.39143638" lon="-5.81918248"><ele>165.50</ele><time>2024-08-26T18:03:50Z</time></trkpt><trkpt lat="43.39144414" lon="-5.81917472"><ele>165.50</ele><time>2024-08-26T18:03:51Z</time></trkpt><trkpt lat="43.39145060" lon="-5.81916775"><ele>165.50</ele><time>2024-08-26T18:03:52Z</time></trkpt><trkpt lat="43.39146112" lon="-5.81916008"><ele>165.50</ele><time>2024-08-26T18:03:53Z</time></trkpt><trkpt lat="43.39147449" lon="-5.81915176"><ele>165.50</ele><time>2024-08-26T18:03:54Z</time></trkpt><trkpt lat="43.39148956" lon="-5.81914299"><ele>165.50</ele><time>2024-08-26T18:03:55Z</time></trkpt><trkpt lat="43.39150545" lon="-5.81913392"><ele>165.50</ele><time>2024-08-26T18:03:56Z</time></trkpt><trkpt lat="43.39152159" lon="-5.81912471"><ele>165.50</ele><time>2024-08-26T18:03:57Z</time></trkpt><trkpt lat="43.39153765" lon="-5.81911544"><ele>165.50</ele><time>2024-08-26T18:03:58Z</time></trkpt><trkpt lat="43.39155351" lon="-5.81910618"><ele>165.50</ele><time>2024-08-26T18:03:59Z</time></trkpt><trkpt lat="43.39156769" lon="-5.81909411"><ele>165.56</ele><time>2024-08-26T18:04:00Z</time></trkpt><trkpt lat="43.39158076" lon="-5.81908028"><ele>165.67</ele><time>2024-08-26T18:04:01Z</time></trkpt><trkpt lat="43.39159323" lon="-5.81906555"><ele>165.79</ele><time>2024-08-26T18:04:02Z</time></trkpt><trkpt lat="43.39160544" lon="-5.81905049"><ele>165.93</ele><time>2024-08-26T18:04:03Z</time></trkpt><trkpt lat="43.39161762" lon="-5.81903544"><ele>166.06</ele><time>2024-08-26T18:04:04Z</time></trkpt><trkpt lat="43.39162987" lon="-5.81902055"><ele>166.19</ele><time>2024-08-26T18:04:05Z</time></trkpt><trkpt lat="43.39164222" lon="-5.81900584"><ele>166.31</ele><time>2024-08-26T18:04:06Z</time></trkpt><trkpt lat="43.39165467" lon="-5.81899130"><ele>166.43</ele><time>2024-08-26T18:04:07Z</time></trkpt><trkpt lat="43.39166719" lon="-5.81897688"><ele>166.55</ele><time>2024-08-26T18:04:08Z</time></trkpt><trkpt lat="43.39167976" lon="-5.81896253"><ele>166.67</ele><time>2024-08-26T18:04:09Z</time></trkpt><trkpt lat="43.39169235" lon="-5.81894822"><ele>166.79</ele><time>2024-08-26T18:04:10Z</time></trkpt><trkpt lat="43.39170495" lon="-5.81893392"><ele>166.90</ele><time>2024-08-26T18:04:11Z</time></trkpt><trkpt lat="43.39171833" lon="-5.81891980"><ele>167.05</ele><time>2024-08-26T18:04:12Z</time></trkpt><trkpt lat="43.39173219" lon="-5.81890579"><ele>167.21</ele><time>2024-08-26T18:04:13Z</time></trkpt><trkpt lat="43.39174630" lon="-5.81889183"><ele>167.38</ele><time>2024-08-26T18:04:14Z</time></trkpt><trkpt lat="43.39176023" lon="-5.81887902"><ele>167.42</ele><time>2024-08-26T18:04:15Z</time></trkpt><trkpt lat="43.39177400" lon="-5.81886691"><ele>167.38</ele><time>2024-08-26T18:04:16Z</time></trkpt><trkpt lat="43.39178764" lon="-5.81885517"><ele>167.30</ele><time>2024-08-26T18:04:17Z</time></trkpt><trkpt lat="43.39180120" lon="-5.81884355"><ele>167.20</ele><time>2024-08-26T18:04:18Z</time></trkpt><trkpt lat="43.39181471" lon="-5.81883192"><ele>167.10</ele><time>2024-08-26T18:04:19Z</time></trkpt><trkpt lat="43.39182820" lon="-5.81882023"><ele>167.00</ele><time>2024-08-26T18:04:20Z</time></trkpt><trkpt lat="43.39184168" lon="-5.81880845"><ele>166.92</ele><time>2024-08-26T18:04:21Z</time></trkpt><trkpt lat="43.39185518" lon="-5.81879661"><ele>166.84</ele><time>2024-08-26T18:04:22Z</time></trkpt><trkpt lat="43.39186868" lon="-5.81878472"><ele>166.76</ele><time>2024-08-26T18:04:23Z</time></trkpt><trkpt lat="43.39188219" lon="-5.81877280"><ele>166.69</ele><time>2024-08-26T18:04:24Z</time></trkpt><trkpt lat="43.39189570" lon="-5.81876086"><ele>166.62</ele><time>2024-08-26T18:04:25Z</time></trkpt><trkpt lat="43.39190922" lon="-5.81874892"><ele>166.55</ele><time>2024-08-26T18:04:26Z</time></trkpt><trkpt lat="43.39192274" lon="-5.81873698"><ele>166.48</ele><time>2024-08-26T18:04:27Z</time></trkpt><trkpt lat="43.39193626" lon="-5.81872505"><ele>166.41</ele><time>2024-08-26T18:04:28Z</time></trkpt><trkpt lat="43.39194978" lon="-5.81871311"><ele>166.34</ele><time>2024-08-26T18:04:29Z</time></trkpt><trkpt lat="43.39196330" lon="-5.81870118"><ele>166.27</ele><time>2024-08-26T18:04:30Z</time></trkpt><trkpt lat="43.39197681" lon="-5.81868926"><ele>166.20</ele><time>2024-08-26T18:04:31Z</time></trkpt><trkpt lat="43.39199033" lon="-5.81867733"><ele>166.13</ele><time>2024-08-26T18:04:32Z</time></trkpt><trkpt lat="43.39200385" lon="-5.81866541"><ele>166.06</ele><time>2024-08-26T18:04:33Z</time></trkpt><trkpt lat="43.39201737" lon="-5.81865348"><ele>165.99</ele><time>2024-08-26T18:04:34Z</time></trkpt><trkpt lat="43.39203089" lon="-5.81864155"><ele>165.92</ele><time>2024-08-26T18:04:35Z</time></trkpt><trkpt lat="43.39204441" lon="-5.81862963"><ele>165.85</ele><time>2024-08-26T18:04:36Z</time></trkpt><trkpt lat="43.39205793" lon="-5.81861770"><ele>165.78</ele><time>2024-08-26T18:04:37Z</time></trkpt><trkpt lat="43.39207144" lon="-5.81860578"><ele>165.71</ele><time>2024-08-26T18:04:38Z</time></trkpt><trkpt lat="43.39208496" lon="-5.81859385"><ele>165.64</ele><time>2024-08-26T18:04:39Z</time></trkpt><trkpt lat="43.39209848" lon="-5.81858193"><ele>165.57</ele><time>2024-08-26T18:04:40Z</time></trkpt><trkpt lat="43.39211200" lon="-5.81857000"><ele>165.50</ele><time>2024-08-26T18:04:41Z</time></trkpt><trkpt lat="43.39212401" lon="-5.81855872"><ele>165.50</ele><time>2024-08-26T18:04:42Z</time></trkpt><trkpt lat="43.39213506" lon="-5.81854784"><ele>165.55</ele><time>2024-08-26T18:04:43Z</time></trkpt><trkpt lat="43.39214561" lon="-5.81853717"><ele>165.62</ele><time>2024-08-26T18:04:44Z</time></trkpt><trkpt lat="43.39215599" lon="-5.81852658"><ele>165.70</ele><time>2024-08-26T18:04:45Z</time></trkpt><trkpt lat="43.39216635" lon="-5.81851599"><ele>165.78</ele><time>2024-08-26T18:04:46Z</time></trkpt><trkpt lat="43.39217680" lon="-5.81850537"><ele>165.86</ele><time>2024-08-26T18:04:47Z</time></trkpt><trkpt lat="43.39218735" lon="-5.81849471"><ele>165.93</ele><time>2024-08-26T18:04:48Z</time></trkpt><trkpt lat="43.39219799" lon="-5.81848401"><ele>166.00</ele><time>2024-08-26T18:04:49Z</time></trkpt><trkpt lat="43.39220682" lon="-5.81847132"><ele>166.38</ele><time>2024-08-26T18:04:50Z</time></trkpt><trkpt lat="43.39221452" lon="-5.81845738"><ele>166.95</ele><time>2024-08-26T18:04:51Z</time></trkpt><trkpt lat="43.39222162" lon="-5.81844279"><ele>167.62</ele><time>2024-08-26T18:04:52Z</time></trkpt><trkpt lat="43.39223203" lon="-5.81842994"><ele>168.01</ele><time>2024-08-26T18:04:53Z</time></trkpt><trkpt lat="43.39224466" lon="-5.81841833"><ele>168.18</ele><time>2024-08-26T18:04:54Z</time></trkpt><trkpt lat="43.39225854" lon="-5.81840747"><ele>168.24</ele><time>2024-08-26T18:04:55Z</time></trkpt><trkpt lat="43.39227297" lon="-5.81839699"><ele>168.23</ele><time>2024-08-26T18:04:56Z</time></trkpt><trkpt lat="43.39228751" lon="-5.81838662"><ele>168.21</ele><time>2024-08-26T18:04:57Z</time></trkpt><trkpt lat="43.39230194" lon="-5.81837624"><ele>168.19</ele><time>2024-08-26T18:04:58Z</time></trkpt><trkpt lat="43.39231618" lon="-5.81836578"><ele>168.19</ele><time>2024-08-26T18:04:59Z</time></trkpt><trkpt lat="43.39233024" lon="-5.81835522"><ele>168.20</ele><time>2024-08-26T18:05:00Z</time></trkpt><trkpt lat="43.39234416" lon="-5.81834460"><ele>168.22</ele><time>2024-08-26T18:05:01Z</time></trkpt><trkpt lat="43.39235799" lon="-5.81833392"><ele>168.25</ele><time>2024-08-26T18:05:02Z</time></trkpt><trkpt lat="43.39237177" lon="-5.81832320"><ele>168.28</ele><time>2024-08-26T18:05:03Z</time></trkpt><trkpt lat="43.39238552" lon="-5.81831248"><ele>168.32</ele><time>2024-08-26T18:05:04Z</time></trkpt><trkpt lat="43.39239927" lon="-5.81830175"><ele>168.36</ele><time>2024-08-26T18:05:05Z</time></trkpt><trkpt lat="43.39241303" lon="-5.81829102"><ele>168.40</ele><time>2024-08-26T18:05:06Z</time></trkpt><trkpt lat="43.39242626" lon="-5.81827910"><ele>168.49</ele><time>2024-08-26T18:05:07Z</time></trkpt><trkpt lat="43.39243916" lon="-5.81826643"><ele>168.62</ele><time>2024-08-26T18:05:08Z</time></trkpt><trkpt lat="43.39245188" lon="-5.81825338"><ele>168.77</ele><time>2024-08-26T18:05:09Z</time></trkpt><trkpt lat="43.39246454" lon="-5.81824017"><ele>168.92</ele><time>2024-08-26T18:05:10Z</time></trkpt><trkpt lat="43.39247721" lon="-5.81822697"><ele>169.08</ele><time>2024-08-26T18:05:11Z</time></trkpt><trkpt lat="43.39248990" lon="-5.81821384"><ele>169.23</ele><time>2024-08-26T18:05:12Z</time></trkpt><trkpt lat="43.39250263" lon="-5.81820078"><ele>169.38</ele><time>2024-08-26T18:05:13Z</time></trkpt><trkpt lat="43.39251539" lon="-5.81818779"><ele>169.52</ele><time>2024-08-26T18:05:14Z</time></trkpt><trkpt lat="43.39252818" lon="-5.81817485"><ele>169.66</ele><time>2024-08-26T18:05:15Z</time></trkpt><trkpt lat="43.39254098" lon="-5.81816194"><ele>169.80</ele><time>2024-08-26T18:05:16Z</time></trkpt><trkpt lat="43.39255462" lon="-5.81815123"><ele>169.84</ele><time>2024-08-26T18:05:17Z</time></trkpt><trkpt lat="43.39256879" lon="-5.81814189"><ele>169.82</ele><time>2024-08-26T18:05:18Z</time></trkpt><trkpt lat="43.39258324" lon="-5.81813327"><ele>169.77</ele><time>2024-08-26T18:05:19Z</time></trkpt><trkpt lat="43.39259778" lon="-5.81812491"><ele>169.70</ele><time>2024-08-26T18:05:20Z</time></trkpt><trkpt lat="43.39261233" lon="-5.81811655"><ele>169.63</ele><time>2024-08-26T18:05:21Z</time></trkpt><trkpt lat="43.39262683" lon="-5.81810807"><ele>169.57</ele><time>2024-08-26T18:05:22Z</time></trkpt><trkpt lat="43.39264128" lon="-5.81809944"><ele>169.51</ele><time>2024-08-26T18:05:23Z</time></trkpt><trkpt lat="43.39265567" lon="-5.81809069"><ele>169.47</ele><time>2024-08-26T18:05:24Z</time></trkpt><trkpt lat="43.39267003" lon="-5.81808184"><ele>169.42</ele><time>2024-08-26T18:05:25Z</time></trkpt><trkpt lat="43.39268437" lon="-5.81807294"><ele>169.38</ele><time>2024-08-26T18:05:26Z</time></trkpt><trkpt lat="43.39269870" lon="-5.81806400"><ele>169.34</ele><time>2024-08-26T18:05:27Z</time></trkpt><trkpt lat="43.39271302" lon="-5.81805506"><ele>169.30</ele><time>2024-08-26T18:05:28Z</time></trkpt><trkpt lat="43.39272732" lon="-5.81804366"><ele>169.21</ele><time>2024-08-26T18:05:29Z</time></trkpt><trkpt lat="43.39274161" lon="-5.81803072"><ele>169.10</ele><time>2024-08-26T18:05:30Z</time></trkpt><trkpt lat="43.39275590" lon="-5.81801697"><ele>168.98</ele><time>2024-08-26T18:05:31Z</time></trkpt><trkpt lat="43.39277018" lon="-5.81800293"><ele>168.84</ele><time>2024-08-26T18:05:32Z</time></trkpt><trkpt lat="43.39278447" lon="-5.81798889"><ele>168.71</ele><time>2024-08-26T18:05:33Z</time></trkpt><trkpt lat="43.39279875" lon="-5.81797499"><ele>168.58</ele><time>2024-08-26T18:05:34Z</time></trkpt><trkpt lat="43.39281304" lon="-5.81796124"><ele>168.46</ele><time>2024-08-26T18:05:35Z</time></trkpt><trkpt lat="43.39282733" lon="-5.81794764"><ele>168.33</ele><time>2024-08-26T18:05:36Z</time></trkpt><trkpt lat="43.39284162" lon="-5.81793415"><ele>168.21</ele><time>2024-08-26T18:05:37Z</time></trkpt><trkpt lat="43.39285592" lon="-5.81792072"><ele>168.09</ele><time>2024-08-26T18:05:38Z</time></trkpt><trkpt lat="43.39287021" lon="-5.81790732"><ele>167.97</ele><time>2024-08-26T18:05:39Z</time></trkpt><trkpt lat="43.39288450" lon="-5.81789393"><ele>167.85</ele><time>2024-08-26T18:05:40Z</time></trkpt><trkpt lat="43.39289879" lon="-5.81788054"><ele>167.73</ele><time>2024-08-26T18:05:41Z</time></trkpt><trkpt lat="43.39291308" lon="-5.81786715"><ele>167.61</ele><time>2024-08-26T18:05:42Z</time></trkpt><trkpt lat="43.39292738" lon="-5.81785374"><ele>167.49</ele><time>2024-08-26T18:05:43Z</time></trkpt><trkpt lat="43.39294167" lon="-5.81784034"><ele>167.37</ele><time>2024-08-26T18:05:44Z</time></trkpt><trkpt lat="43.39295596" lon="-5.81782692"><ele>167.25</ele><time>2024-08-26T18:05:45Z</time></trkpt><trkpt lat="43.39297025" lon="-5.81781351"><ele>167.13</ele><time>2024-08-26T18:05:46Z</time></trkpt><trkpt lat="43.39298454" lon="-5.81780009"><ele>167.00</ele><time>2024-08-26T18:05:47Z</time></trkpt><trkpt lat="43.39299883" lon="-5.81778667"><ele>166.88</ele><time>2024-08-26T18:05:48Z</time></trkpt><trkpt lat="43.39301313" lon="-5.81777325"><ele>166.76</ele><time>2024-08-26T18:05:49Z</time></trkpt><trkpt lat="43.39302742" lon="-5.81775983"><ele>166.64</ele><time>2024-08-26T18:05:50Z</time></trkpt><trkpt lat="43.39304171" lon="-5.81774642"><ele>166.52</ele><time>2024-08-26T18:05:51Z</time></trkpt><trkpt lat="43.39305600" lon="-5.81773300"><ele>166.40</ele><time>2024-08-26T18:05:52Z</time></trkpt><trkpt lat="43.39306840" lon="-5.81772099"><ele>166.31</ele><time>2024-08-26T18:05:53Z</time></trkpt><trkpt lat="43.39307961" lon="-5.81770988"><ele>166.24</ele><time>2024-08-26T18:05:54Z</time></trkpt><trkpt lat="43.39309020" lon="-5.81769923"><ele>166.17</ele><time>2024-08-26T18:05:55Z</time></trkpt><trkpt lat="43.39310056" lon="-5.81768875"><ele>166.11</ele><time>2024-08-26T18:05:56Z</time></trkpt><trkpt lat="43.39311092" lon="-5.81767827"><ele>166.05</ele><time>2024-08-26T18:05:57Z</time></trkpt><trkpt lat="43.39312138" lon="-5.81766772"><ele>165.99</ele><time>2024-08-26T18:05:58Z</time></trkpt><trkpt lat="43.39313303" lon="-5.81765600"><ele>165.86</ele><time>2024-08-26T18:05:59Z</time></trkpt><trkpt lat="43.39314548" lon="-5.81764352"><ele>165.68</ele><time>2024-08-26T18:06:00Z</time></trkpt><trkpt lat="43.39315836" lon="-5.81763063"><ele>165.47</ele><time>2024-08-26T18:06:01Z</time></trkpt><trkpt lat="43.39317141" lon="-5.81761756"><ele>165.25</ele><time>2024-08-26T18:06:02Z</time></trkpt><trkpt lat="43.39318450" lon="-5.81760448"><ele>165.03</ele><time>2024-08-26T18:06:03Z</time></trkpt><trkpt lat="43.39319942" lon="-5.81759558"><ele>164.99</ele><time>2024-08-26T18:06:04Z</time></trkpt><trkpt lat="43.39321546" lon="-5.81758934"><ele>165.07</ele><time>2024-08-26T18:06:05Z</time></trkpt><trkpt lat="43.39323204" lon="-5.81758453"><ele>165.21</ele><time>2024-08-26T18:06:06Z</time></trkpt><trkpt lat="43.39324881" lon="-5.81758027"><ele>165.38</ele><time>2024-08-26T18:06:07Z</time></trkpt><trkpt lat="43.39326432" lon="-5.81757492"><ele>165.48</ele><time>2024-08-26T18:06:08Z</time></trkpt><trkpt lat="43.39327894" lon="-5.81756864"><ele>165.53</ele><time>2024-08-26T18:06:09Z</time></trkpt><trkpt lat="43.39329302" lon="-5.81756172"><ele>165.55</ele><time>2024-08-26T18:06:10Z</time></trkpt><trkpt lat="43.39330574" lon="-5.81756104"><ele>165.54</ele><time>2024-08-26T18:06:11Z</time></trkpt><trkpt lat="43.39331770" lon="-5.81756435"><ele>165.53</ele><time>2024-08-26T18:06:12Z</time></trkpt><trkpt lat="43.39332932" lon="-5.81756978"><ele>165.52</ele><time>2024-08-26T18:06:13Z</time></trkpt><trkpt lat="43.39334087" lon="-5.81757604"><ele>165.51</ele><time>2024-08-26T18:06:14Z</time></trkpt><trkpt lat="43.39335248" lon="-5.81758236"><ele>165.50</ele><time>2024-08-26T18:06:15Z</time></trkpt><trkpt lat="43.39336420" lon="-5.81758837"><ele>165.50</ele><time>2024-08-26T18:06:16Z</time></trkpt><trkpt lat="43.39337603" lon="-5.81759399"><ele>165.50</ele><time>2024-08-26T18:06:17Z</time></trkpt><trkpt lat="43.39338795" lon="-5.81759924"><ele>165.50</ele><time>2024-08-26T18:06:18Z</time></trkpt><trkpt lat="43.39339992" lon="-5.81760423"><ele>165.50</ele><time>2024-08-26T18:06:19Z</time></trkpt><trkpt lat="43.39341536" lon="-5.81760980"><ele>165.46</ele><time>2024-08-26T18:06:20Z</time></trkpt><trkpt lat="43.39343298" lon="-5.81761576"><ele>165.40</ele><time>2024-08-26T18:06:21Z</time></trkpt><trkpt lat="43.39345172" lon="-5.81762193"><ele>165.32</ele><time>2024-08-26T18:06:22Z</time></trkpt><trkpt lat="43.39347089" lon="-5.81762819"><ele>165.24</ele><time>2024-08-26T18:06:23Z</time></trkpt><trkpt lat="43.39349005" lon="-5.81763447"><ele>165.16</ele><time>2024-08-26T18:06:24Z</time></trkpt><trkpt lat="43.39350903" lon="-5.81764072"><ele>165.08</ele><time>2024-08-26T18:06:25Z</time></trkpt><trkpt lat="43.39352777" lon="-5.81764695"><ele>165.00</ele><time>2024-08-26T18:06:26Z</time></trkpt><trkpt lat="43.39354416" lon="-5.81765761"><ele>164.97</ele><time>2024-08-26T18:06:27Z</time></trkpt><trkpt lat="43.39355903" lon="-5.81767107"><ele>164.96</ele><time>2024-08-26T18:06:28Z</time></trkpt><trkpt lat="43.39357311" lon="-5.81768599"><ele>164.96</ele><time>2024-08-26T18:06:29Z</time></trkpt><trkpt lat="43.39358305" lon="-5.81770144"><ele>165.06</ele><time>2024-08-26T18:06:30Z</time></trkpt><trkpt lat="43.39359056" lon="-5.81771690"><ele>165.22</ele><time>2024-08-26T18:06:31Z</time></trkpt><trkpt lat="43.39359694" lon="-5.81773212"><ele>165.41</ele><time>2024-08-26T18:06:32Z</time></trkpt><trkpt lat="43.39360682" lon="-5.81775487"><ele>165.51</ele><time>2024-08-26T18:06:33Z</time></trkpt><trkpt lat="43.39361924" lon="-5.81778230"><ele>165.56</ele><time>2024-08-26T18:06:34Z</time></trkpt><trkpt lat="43.39363322" lon="-5.81781212"><ele>165.57</ele><time>2024-08-26T18:06:35Z</time></trkpt><trkpt lat="43.39364245" lon="-5.81784580"><ele>165.39</ele><time>2024-08-26T18:06:36Z</time></trkpt><trkpt lat="43.39364846" lon="-5.81788134"><ele>165.11</ele><time>2024-08-26T18:06:37Z</time></trkpt><trkpt lat="43.39365261" lon="-5.81791744"><ele>164.77</ele><time>2024-08-26T18:06:38Z</time></trkpt><trkpt lat="43.39365594" lon="-5.81795338"><ele>164.42</ele><time>2024-08-26T18:06:39Z</time></trkpt><trkpt lat="43.39365907" lon="-5.81798889"><ele>164.07</ele><time>2024-08-26T18:06:40Z</time></trkpt><trkpt lat="43.39365776" lon="-5.81801704"><ele>163.85</ele><time>2024-08-26T18:06:41Z</time></trkpt><trkpt lat="43.39365381" lon="-5.81804045"><ele>163.72</ele><time>2024-08-26T18:06:42Z</time></trkpt><trkpt lat="43.39364862" lon="-5.81806133"><ele>163.65</ele><time>2024-08-26T18:06:43Z</time></trkpt><trkpt lat="43.39364307" lon="-5.81808121"><ele>163.59</ele><time>2024-08-26T18:06:44Z</time></trkpt><trkpt lat="43.39363764" lon="-5.81810101"><ele>163.54</ele><time>2024-08-26T18:06:45Z</time></trkpt><trkpt lat="43.39363483" lon="-5.81812482"><ele>163.35</ele><time>2024-08-26T18:06:46Z</time></trkpt><trkpt lat="43.39363381" lon="-5.81815143"><ele>163.06</ele><time>2024-08-26T18:06:47Z</time></trkpt><trkpt lat="43.39363381" lon="-5.81817967"><ele>162.72</ele><time>2024-08-26T18:06:48Z</time></trkpt><trkpt lat="43.39363427" lon="-5.81820494"><ele>162.54</ele><time>2024-08-26T18:06:49Z</time></trkpt><trkpt lat="43.39363485" lon="-5.81822805"><ele>162.47</ele><time>2024-08-26T18:06:50Z</time></trkpt><trkpt lat="43.39363223" lon="-5.81824983"><ele>162.43</ele><time>2024-08-26T18:06:51Z</time></trkpt><trkpt lat="43.39362749" lon="-5.81827094"><ele>162.40</ele><time>2024-08-26T18:06:52Z</time></trkpt><trkpt lat="43.39362158" lon="-5.81829181"><ele>162.36</ele><time>2024-08-26T18:06:53Z</time></trkpt><trkpt lat="43.39361517" lon="-5.81831271"><ele>162.32</ele><time>2024-08-26T18:06:54Z</time></trkpt><trkpt lat="43.39360868" lon="-5.81833374"><ele>162.26</ele><time>2024-08-26T18:06:55Z</time></trkpt><trkpt lat="43.39360232" lon="-5.81835492"><ele>162.20</ele><time>2024-08-26T18:06:56Z</time></trkpt><trkpt lat="43.39359615" lon="-5.81837623"><ele>162.14</ele><time>2024-08-26T18:06:57Z</time></trkpt><trkpt lat="43.39359016" lon="-5.81839764"><ele>162.07</ele><time>2024-08-26T18:06:58Z</time></trkpt><trkpt lat="43.39358430" lon="-5.81841909"><ele>162.00</ele><time>2024-08-26T18:06:59Z</time></trkpt><trkpt lat="43.39357853" lon="-5.81844058"><ele>161.94</ele><time>2024-08-26T18:07:00Z</time></trkpt><trkpt lat="43.39357281" lon="-5.81846207"><ele>161.87</ele><time>2024-08-26T18:07:01Z</time></trkpt><trkpt lat="43.39356711" lon="-5.81848357"><ele>161.80</ele><time>2024-08-26T18:07:02Z</time></trkpt><trkpt lat="43.39356141" lon="-5.81850505"><ele>161.73</ele><time>2024-08-26T18:07:03Z</time></trkpt><trkpt lat="43.39355570" lon="-5.81852653"><ele>161.67</ele><time>2024-08-26T18:07:04Z</time></trkpt><trkpt lat="43.39354999" lon="-5.81854800"><ele>161.60</ele><time>2024-08-26T18:07:05Z</time></trkpt><trkpt lat="43.39354404" lon="-5.81856781"><ele>161.61</ele><time>2024-08-26T18:07:06Z</time></trkpt><trkpt lat="43.39353795" lon="-5.81858657"><ele>161.66</ele><time>2024-08-26T18:07:07Z</time></trkpt><trkpt lat="43.39353178" lon="-5.81860479"><ele>161.75</ele><time>2024-08-26T18:07:08Z</time></trkpt><trkpt lat="43.39352558" lon="-5.81862280"><ele>161.84</ele><time>2024-08-26T18:07:09Z</time></trkpt><trkpt lat="43.39351938" lon="-5.81864081"><ele>161.93</ele><time>2024-08-26T18:07:10Z</time></trkpt><trkpt lat="43.39351319" lon="-5.81865890"><ele>162.01</ele><time>2024-08-26T18:07:11Z</time></trkpt><trkpt lat="43.39350702" lon="-5.81867711"><ele>162.10</ele><time>2024-08-26T18:07:12Z</time></trkpt><trkpt lat="43.39350274" lon="-5.81869781"><ele>162.13</ele><time>2024-08-26T18:07:13Z</time></trkpt><trkpt lat="43.39349967" lon="-5.81872009"><ele>162.14</ele><time>2024-08-26T18:07:14Z</time></trkpt><trkpt lat="43.39349722" lon="-5.81874320"><ele>162.14</ele><time>2024-08-26T18:07:15Z</time></trkpt><trkpt lat="43.39349501" lon="-5.81876663"><ele>162.13</ele><time>2024-08-26T18:07:16Z</time></trkpt><trkpt lat="43.39349280" lon="-5.81879006"><ele>162.12</ele><time>2024-08-26T18:07:17Z</time></trkpt><trkpt lat="43.39349049" lon="-5.81881337"><ele>162.11</ele><time>2024-08-26T18:07:18Z</time></trkpt><trkpt lat="43.39348806" lon="-5.81883652"><ele>162.10</ele><time>2024-08-26T18:07:19Z</time></trkpt><trkpt lat="43.39348551" lon="-5.81885952"><ele>162.10</ele><time>2024-08-26T18:07:20Z</time></trkpt><trkpt lat="43.39348289" lon="-5.81888241"><ele>162.10</ele><time>2024-08-26T18:07:21Z</time></trkpt><trkpt lat="43.39348021" lon="-5.81890524"><ele>162.10</ele><time>2024-08-26T18:07:22Z</time></trkpt><trkpt lat="43.39347751" lon="-5.81892803"><ele>162.10</ele><time>2024-08-26T18:07:23Z</time></trkpt><trkpt lat="43.39347480" lon="-5.81895082"><ele>162.10</ele><time>2024-08-26T18:07:24Z</time></trkpt><trkpt lat="43.39347209" lon="-5.81897360"><ele>162.10</ele><time>2024-08-26T18:07:25Z</time></trkpt><trkpt lat="43.39346939" lon="-5.81899639"><ele>162.10</ele><time>2024-08-26T18:07:26Z</time></trkpt><trkpt lat="43.39346669" lon="-5.81901919"><ele>162.10</ele><time>2024-08-26T18:07:27Z</time></trkpt><trkpt lat="43.39346400" lon="-5.81904200"><ele>162.10</ele><time>2024-08-26T18:07:28Z</time></trkpt><trkpt lat="43.39345991" lon="-5.81906409"><ele>162.10</ele><time>2024-08-26T18:07:29Z</time></trkpt><trkpt lat="43.39345494" lon="-5.81908573"><ele>162.10</ele><time>2024-08-26T18:07:30Z</time></trkpt><trkpt lat="43.39344951" lon="-5.81910714"><ele>162.10</ele><time>2024-08-26T18:07:31Z</time></trkpt><trkpt lat="43.39344391" lon="-5.81912846"><ele>162.10</ele><time>2024-08-26T18:07:32Z</time></trkpt><trkpt lat="43.39344025" lon="-5.81915065"><ele>162.14</ele><time>2024-08-26T18:07:33Z</time></trkpt><trkpt lat="43.39343789" lon="-5.81917341"><ele>162.21</ele><time>2024-08-26T18:07:34Z</time></trkpt><trkpt lat="43.39343626" lon="-5.81919650"><ele>162.29</ele><time>2024-08-26T18:07:35Z</time></trkpt><trkpt lat="43.39343495" lon="-5.81921974"><ele>162.38</ele><time>2024-08-26T18:07:36Z</time></trkpt><trkpt lat="43.39343371" lon="-5.81924301"><ele>162.47</ele><time>2024-08-26T18:07:37Z</time></trkpt><trkpt lat="43.39343239" lon="-5.81926626"><ele>162.55</ele><time>2024-08-26T18:07:38Z</time></trkpt><trkpt lat="43.39343097" lon="-5.81928945"><ele>162.64</ele><time>2024-08-26T18:07:39Z</time></trkpt><trkpt lat="43.39342944" lon="-5.81931260"><ele>162.72</ele><time>2024-08-26T18:07:40Z</time></trkpt><trkpt lat="43.39342782" lon="-5.81933572"><ele>162.79</ele><time>2024-08-26T18:07:41Z</time></trkpt><trkpt lat="43.39342616" lon="-5.81935880"><ele>162.87</ele><time>2024-08-26T18:07:42Z</time></trkpt><trkpt lat="43.39342446" lon="-5.81938188"><ele>162.95</ele><time>2024-08-26T18:07:43Z</time></trkpt><trkpt lat="43.39342275" lon="-5.81940495"><ele>163.02</ele><time>2024-08-26T18:07:44Z</time></trkpt><trkpt lat="43.39342103" lon="-5.81942802"><ele>163.10</ele><time>2024-08-26T18:07:45Z</time></trkpt><trkpt lat="43.39342025" lon="-5.81945022"><ele>163.14</ele><time>2024-08-26T18:07:46Z</time></trkpt><trkpt lat="43.39342005" lon="-5.81947189"><ele>163.14</ele><time>2024-08-26T18:07:47Z</time></trkpt><trkpt lat="43.39342017" lon="-5.81948741"><ele>163.21</ele><time>2024-08-26T18:07:48Z</time></trkpt><trkpt lat="43.39342040" lon="-5.81949911"><ele>163.31</ele><time>2024-08-26T18:07:49Z</time></trkpt><trkpt lat="43.39342063" lon="-5.81950889"><ele>163.43</ele><time>2024-08-26T18:07:50Z</time></trkpt><trkpt lat="43.39342081" lon="-5.81951800"><ele>163.56</ele><time>2024-08-26T18:07:51Z</time></trkpt><trkpt lat="43.39340919" lon="-5.81952701"><ele>163.63</ele><time>2024-08-26T18:07:52Z</time></trkpt><trkpt lat="43.39339011" lon="-5.81953630"><ele>163.66</ele><time>2024-08-26T18:07:53Z</time></trkpt><trkpt lat="43.39337887" lon="-5.81955208"><ele>163.66</ele><time>2024-08-26T18:07:54Z</time></trkpt><trkpt lat="43.39337359" lon="-5.81957205"><ele>163.64</ele><time>2024-08-26T18:07:55Z</time></trkpt><trkpt lat="43.39337213" lon="-5.81959428"><ele>163.63</ele><time>2024-08-26T18:07:56Z</time></trkpt><trkpt lat="43.39337272" lon="-5.81960559"><ele>163.62</ele><time>2024-08-26T18:07:57Z</time></trkpt><trkpt lat="43.39337705" lon="-5.81962121"><ele>163.63</ele><time>2024-08-26T18:07:58Z</time></trkpt><trkpt lat="43.39338329" lon="-5.81964000"><ele>163.67</ele><time>2024-08-26T18:07:59Z</time></trkpt><trkpt lat="43.39339023" lon="-5.81966079"><ele>163.72</ele><time>2024-08-26T18:08:00Z</time></trkpt><trkpt lat="43.39339714" lon="-5.81968261"><ele>163.78</ele><time>2024-08-26T18:08:01Z</time></trkpt><trkpt lat="43.39340372" lon="-5.81970480"><ele>163.84</ele><time>2024-08-26T18:08:02Z</time></trkpt><trkpt lat="43.39340988" lon="-5.81972699"><ele>163.89</ele><time>2024-08-26T18:08:03Z</time></trkpt><trkpt lat="43.39341569" lon="-5.81974900"><ele>163.95</ele><time>2024-08-26T18:08:04Z</time></trkpt><trkpt lat="43.39342125" lon="-5.81977080"><ele>164.00</ele><time>2024-08-26T18:08:05Z</time></trkpt><trkpt lat="43.39342447" lon="-5.81979026"><ele>163.94</ele><time>2024-08-26T18:08:06Z</time></trkpt><trkpt lat="43.39342624" lon="-5.81980822"><ele>163.81</ele><time>2024-08-26T18:08:07Z</time></trkpt><trkpt lat="43.39342726" lon="-5.81982540"><ele>163.65</ele><time>2024-08-26T18:08:08Z</time></trkpt><trkpt lat="43.39342802" lon="-5.81984228"><ele>163.47</ele><time>2024-08-26T18:08:09Z</time></trkpt><trkpt lat="43.39342879" lon="-5.81985913"><ele>163.29</ele><time>2024-08-26T18:08:10Z</time></trkpt><trkpt lat="43.39342970" lon="-5.81987611"><ele>163.12</ele><time>2024-08-26T18:08:11Z</time></trkpt><trkpt lat="43.39343076" lon="-5.81989323"><ele>162.96</ele><time>2024-08-26T18:08:12Z</time></trkpt><trkpt lat="43.39343197" lon="-5.81991049"><ele>162.80</ele><time>2024-08-26T18:08:13Z</time></trkpt><trkpt lat="43.39343327" lon="-5.81992785"><ele>162.65</ele><time>2024-08-26T18:08:14Z</time></trkpt><trkpt lat="43.39343464" lon="-5.81994527"><ele>162.49</ele><time>2024-08-26T18:08:15Z</time></trkpt><trkpt lat="43.39343603" lon="-5.81996272"><ele>162.35</ele><time>2024-08-26T18:08:16Z</time></trkpt><trkpt lat="43.39343744" lon="-5.81998019"><ele>162.20</ele><time>2024-08-26T18:08:17Z</time></trkpt><trkpt lat="43.39343884" lon="-5.81999765"><ele>162.05</ele><time>2024-08-26T18:08:18Z</time></trkpt><trkpt lat="43.39344023" lon="-5.82001511"><ele>161.90</ele><time>2024-08-26T18:08:19Z</time></trkpt><trkpt lat="43.39344162" lon="-5.82003256"><ele>161.75</ele><time>2024-08-26T18:08:20Z</time></trkpt><trkpt lat="43.39344300" lon="-5.82005000"><ele>161.60</ele><time>2024-08-26T18:08:21Z</time></trkpt><trkpt lat="43.39344745" lon="-5.82006975"><ele>161.53</ele><time>2024-08-26T18:08:22Z</time></trkpt><trkpt lat="43.39345384" lon="-5.82009096"><ele>161.52</ele><time>2024-08-26T18:08:23Z</time></trkpt><trkpt lat="43.39346123" lon="-5.82011292"><ele>161.53</ele><time>2024-08-26T18:08:24Z</time></trkpt><trkpt lat="43.39347217" lon="-5.82013262"><ele>161.50</ele><time>2024-08-26T18:08:25Z</time></trkpt><trkpt lat="43.39348511" lon="-5.82015071"><ele>161.45</ele><time>2024-08-26T18:08:26Z</time></trkpt><trkpt lat="43.39349893" lon="-5.82016784"><ele>161.38</ele><time>2024-08-26T18:08:27Z</time></trkpt><trkpt lat="43.39351293" lon="-5.82018451"><ele>161.30</ele><time>2024-08-26T18:08:28Z</time></trkpt><trkpt lat="43.39352676" lon="-5.82020104"><ele>161.22</ele><time>2024-08-26T18:08:29Z</time></trkpt><trkpt lat="43.39354184" lon="-5.82021686"><ele>161.18</ele><time>2024-08-26T18:08:30Z</time></trkpt><trkpt lat="43.39355761" lon="-5.82023232"><ele>161.16</ele><time>2024-08-26T18:08:31Z</time></trkpt><trkpt lat="43.39357366" lon="-5.82024765"><ele>161.16</ele><time>2024-08-26T18:08:32Z</time></trkpt><trkpt lat="43.39358975" lon="-5.82026299"><ele>161.17</ele><time>2024-08-26T18:08:33Z</time></trkpt><trkpt lat="43.39360576" lon="-5.82027840"><ele>161.18</ele><time>2024-08-26T18:08:34Z</time></trkpt><trkpt lat="43.39362166" lon="-5.82029389"><ele>161.19</ele><time>2024-08-26T18:08:35Z</time></trkpt><trkpt lat="43.39363745" lon="-5.82030944"><ele>161.20</ele><time>2024-08-26T18:08:36Z</time></trkpt><trkpt lat="43.39365315" lon="-5.82032504"><ele>161.20</ele><time>2024-08-26T18:08:37Z</time></trkpt><trkpt lat="43.39366881" lon="-5.82034067"><ele>161.20</ele><time>2024-08-26T18:08:38Z</time></trkpt><trkpt lat="43.39368444" lon="-5.82035632"><ele>161.20</ele><time>2024-08-26T18:08:39Z</time></trkpt><trkpt lat="43.39370005" lon="-5.82037197"><ele>161.20</ele><time>2024-08-26T18:08:40Z</time></trkpt><trkpt lat="43.39371314" lon="-5.82037908"><ele>161.20</ele><time>2024-08-26T18:08:41Z</time></trkpt><trkpt lat="43.39372463" lon="-5.82038080"><ele>161.20</ele><time>2024-08-26T18:08:42Z</time></trkpt><trkpt lat="43.39373802" lon="-5.82038271"><ele>161.26</ele><time>2024-08-26T18:08:43Z</time></trkpt><trkpt lat="43.39375283" lon="-5.82038547"><ele>161.34</ele><time>2024-08-26T18:08:44Z</time></trkpt><trkpt lat="43.39376854" lon="-5.82038920"><ele>161.45</ele><time>2024-08-26T18:08:45Z</time></trkpt><trkpt lat="43.39378472" lon="-5.82039375"><ele>161.56</ele><time>2024-08-26T18:08:46Z</time></trkpt><trkpt lat="43.39379807" lon="-5.82040160"><ele>161.62</ele><time>2024-08-26T18:08:47Z</time></trkpt><trkpt lat="43.39380953" lon="-5.82041152"><ele>161.65</ele><time>2024-08-26T18:08:48Z</time></trkpt><trkpt lat="43.39382593" lon="-5.82042263"><ele>161.92</ele><time>2024-08-26T18:08:49Z</time></trkpt><trkpt lat="43.39384567" lon="-5.82043421"><ele>162.35</ele><time>2024-08-26T18:08:50Z</time></trkpt><trkpt lat="43.39386729" lon="-5.82044582"><ele>162.88</ele><time>2024-08-26T18:08:51Z</time></trkpt><trkpt lat="43.39388974" lon="-5.82045727"><ele>163.44</ele><time>2024-08-26T18:08:52Z</time></trkpt><trkpt lat="43.39391089" lon="-5.82046408"><ele>163.67</ele><time>2024-08-26T18:08:53Z</time></trkpt><trkpt lat="43.39393094" lon="-5.82046789"><ele>163.68</ele><time>2024-08-26T18:08:54Z</time></trkpt><trkpt lat="43.39395023" lon="-5.82047011"><ele>163.58</ele><time>2024-08-26T18:08:55Z</time></trkpt><trkpt lat="43.39396906" lon="-5.82047170"><ele>163.41</ele><time>2024-08-26T18:08:56Z</time></trkpt><trkpt lat="43.39398768" lon="-5.82047323"><ele>163.24</ele><time>2024-08-26T18:08:57Z</time></trkpt><trkpt lat="43.39400624" lon="-5.82047498"><ele>163.08</ele><time>2024-08-26T18:08:58Z</time></trkpt><trkpt lat="43.39402482" lon="-5.82047702"><ele>162.93</ele><time>2024-08-26T18:08:59Z</time></trkpt><trkpt lat="43.39404346" lon="-5.82047933"><ele>162.80</ele><time>2024-08-26T18:09:00Z</time></trkpt><trkpt lat="43.39406215" lon="-5.82048183"><ele>162.69</ele><time>2024-08-26T18:09:01Z</time></trkpt><trkpt lat="43.39408090" lon="-5.82048446"><ele>162.59</ele><time>2024-08-26T18:09:02Z</time></trkpt><trkpt lat="43.39409967" lon="-5.82048715"><ele>162.49</ele><time>2024-08-26T18:09:03Z</time></trkpt><trkpt lat="43.39411846" lon="-5.82048987"><ele>162.39</ele><time>2024-08-26T18:09:04Z</time></trkpt><trkpt lat="43.39413726" lon="-5.82049259"><ele>162.29</ele><time>2024-08-26T18:09:05Z</time></trkpt><trkpt lat="43.39415606" lon="-5.82049529"><ele>162.20</ele><time>2024-08-26T18:09:06Z</time></trkpt><trkpt lat="43.39417486" lon="-5.82049799"><ele>162.10</ele><time>2024-08-26T18:09:07Z</time></trkpt><trkpt lat="43.39419366" lon="-5.82050067"><ele>162.00</ele><time>2024-08-26T18:09:08Z</time></trkpt><trkpt lat="43.39421246" lon="-5.82050334"><ele>161.90</ele><time>2024-08-26T18:09:09Z</time></trkpt><trkpt lat="43.39423125" lon="-5.82050601"><ele>161.80</ele><time>2024-08-26T18:09:10Z</time></trkpt><trkpt lat="43.39425004" lon="-5.82050867"><ele>161.70</ele><time>2024-08-26T18:09:11Z</time></trkpt><trkpt lat="43.39426884" lon="-5.82051134"><ele>161.60</ele><time>2024-08-26T18:09:12Z</time></trkpt><trkpt lat="43.39428763" lon="-5.82051400"><ele>161.50</ele><time>2024-08-26T18:09:13Z</time></trkpt><trkpt lat="43.39430642" lon="-5.82051667"><ele>161.40</ele><time>2024-08-26T18:09:14Z</time></trkpt><trkpt lat="43.39432521" lon="-5.82051933"><ele>161.30</ele><time>2024-08-26T18:09:15Z</time></trkpt><trkpt lat="43.39434400" lon="-5.82052200"><ele>161.20</ele><time>2024-08-26T18:09:16Z</time></trkpt><trkpt lat="43.39436424" lon="-5.82052468"><ele>161.10</ele><time>2024-08-26T18:09:17Z</time></trkpt><trkpt lat="43.39438539" lon="-5.82052736"><ele>161.01</ele><time>2024-08-26T18:09:18Z</time></trkpt><trkpt lat="43.39440701" lon="-5.82053005"><ele>160.92</ele><time>2024-08-26T18:09:19Z</time></trkpt><trkpt lat="43.39442881" lon="-5.82053274"><ele>160.82</ele><time>2024-08-26T18:09:20Z</time></trkpt><trkpt lat="43.39445061" lon="-5.82053543"><ele>160.73</ele><time>2024-08-26T18:09:21Z</time></trkpt><trkpt lat="43.39447234" lon="-5.82053812"><ele>160.64</ele><time>2024-08-26T18:09:22Z</time></trkpt><trkpt lat="43.39449397" lon="-5.82054081"><ele>160.54</ele><time>2024-08-26T18:09:23Z</time></trkpt><trkpt lat="43.39451551" lon="-5.82054350"><ele>160.45</ele><time>2024-08-26T18:09:24Z</time></trkpt><trkpt lat="43.39453700" lon="-5.82054619"><ele>160.36</ele><time>2024-08-26T18:09:25Z</time></trkpt><trkpt lat="43.39455844" lon="-5.82054888"><ele>160.26</ele><time>2024-08-26T18:09:26Z</time></trkpt><trkpt lat="43.39457987" lon="-5.82055156"><ele>160.17</ele><time>2024-08-26T18:09:27Z</time></trkpt><trkpt lat="43.39460129" lon="-5.82055425"><ele>160.08</ele><time>2024-08-26T18:09:28Z</time></trkpt><trkpt lat="43.39462271" lon="-5.82055694"><ele>159.98</ele><time>2024-08-26T18:09:29Z</time></trkpt><trkpt lat="43.39464414" lon="-5.82055963"><ele>159.89</ele><time>2024-08-26T18:09:30Z</time></trkpt><trkpt lat="43.39466557" lon="-5.82056231"><ele>159.79</ele><time>2024-08-26T18:09:31Z</time></trkpt><trkpt lat="43.39468700" lon="-5.82056500"><ele>159.70</ele><time>2024-08-26T18:09:32Z</time></trkpt><trkpt lat="43.39470273" lon="-5.82056048"><ele>160.07</ele><time>2024-08-26T18:09:33Z</time></trkpt><trkpt lat="43.39471487" lon="-5.82055143"><ele>160.72</ele><time>2024-08-26T18:09:34Z</time></trkpt><trkpt lat="43.39472836" lon="-5.82054634"><ele>161.06</ele><time>2024-08-26T18:09:35Z</time></trkpt><trkpt lat="43.39474318" lon="-5.82054437"><ele>161.14</ele><time>2024-08-26T18:09:36Z</time></trkpt><trkpt lat="43.39475905" lon="-5.82054447"><ele>161.07</ele><time>2024-08-26T18:09:37Z</time></trkpt><trkpt lat="43.39477562" lon="-5.82054573"><ele>160.91</ele><time>2024-08-26T18:09:38Z</time></trkpt><trkpt lat="43.39479257" lon="-5.82054748"><ele>160.73</ele><time>2024-08-26T18:09:39Z</time></trkpt><trkpt lat="43.39480968" lon="-5.82054931"><ele>160.54</ele><time>2024-08-26T18:09:40Z</time></trkpt><trkpt lat="43.39482682" lon="-5.82055103"><ele>160.37</ele><time>2024-08-26T18:09:41Z</time></trkpt><trkpt lat="43.39484392" lon="-5.82055256"><ele>160.21</ele><time>2024-08-26T18:09:42Z</time></trkpt><trkpt lat="43.39486096" lon="-5.82055392"><ele>160.06</ele><time>2024-08-26T18:09:43Z</time></trkpt><trkpt lat="43.39487794" lon="-5.82055515"><ele>159.93</ele><time>2024-08-26T18:09:44Z</time></trkpt><trkpt lat="43.39489487" lon="-5.82055629"><ele>159.80</ele><time>2024-08-26T18:09:45Z</time></trkpt><trkpt lat="43.39491178" lon="-5.82055738"><ele>159.67</ele><time>2024-08-26T18:09:46Z</time></trkpt><trkpt lat="43.39492867" lon="-5.82055846"><ele>159.55</ele><time>2024-08-26T18:09:47Z</time></trkpt><trkpt lat="43.39494556" lon="-5.82055953"><ele>159.43</ele><time>2024-08-26T18:09:48Z</time></trkpt><trkpt lat="43.39496244" lon="-5.82056061"><ele>159.30</ele><time>2024-08-26T18:09:49Z</time></trkpt><trkpt lat="43.39497933" lon="-5.82056169"><ele>159.18</ele><time>2024-08-26T18:09:50Z</time></trkpt><trkpt lat="43.39499621" lon="-5.82056279"><ele>159.05</ele><time>2024-08-26T18:09:51Z</time></trkpt><trkpt lat="43.39501311" lon="-5.82056389"><ele>158.93</ele><time>2024-08-26T18:09:52Z</time></trkpt><trkpt lat="43.39503000" lon="-5.82056499"><ele>158.80</ele><time>2024-08-26T18:09:53Z</time></trkpt><trkpt lat="43.39504686" lon="-5.82056652"><ele>158.71</ele><time>2024-08-26T18:09:54Z</time></trkpt><trkpt lat="43.39506369" lon="-5.82056831"><ele>158.64</ele><time>2024-08-26T18:09:55Z</time></trkpt><trkpt lat="43.39508051" lon="-5.82057023"><ele>158.57</ele><time>2024-08-26T18:09:56Z</time></trkpt><trkpt lat="43.39509733" lon="-5.82057221"><ele>158.52</ele><time>2024-08-26T18:09:57Z</time></trkpt><trkpt lat="43.39511415" lon="-5.82057418"><ele>158.46</ele><time>2024-08-26T18:09:58Z</time></trkpt><trkpt lat="43.39513096" lon="-5.82057613"><ele>158.40</ele><time>2024-08-26T18:09:59Z</time></trkpt><trkpt lat="43.39514779" lon="-5.82057806"><ele>158.34</ele><time>2024-08-26T18:10:00Z</time></trkpt><trkpt lat="43.39516461" lon="-5.82057996"><ele>158.28</ele><time>2024-08-26T18:10:01Z</time></trkpt><trkpt lat="43.39518143" lon="-5.82058184"><ele>158.21</ele><time>2024-08-26T18:10:02Z</time></trkpt><trkpt lat="43.39519826" lon="-5.82058372"><ele>158.15</ele><time>2024-08-26T18:10:03Z</time></trkpt><trkpt lat="43.39521509" lon="-5.82058558"><ele>158.08</ele><time>2024-08-26T18:10:04Z</time></trkpt><trkpt lat="43.39523191" lon="-5.82058745"><ele>158.02</ele><time>2024-08-26T18:10:05Z</time></trkpt><trkpt lat="43.39524874" lon="-5.82058931"><ele>157.95</ele><time>2024-08-26T18:10:06Z</time></trkpt><trkpt lat="43.39526556" lon="-5.82059118"><ele>157.89</ele><time>2024-08-26T18:10:07Z</time></trkpt><trkpt lat="43.39528239" lon="-5.82059304"><ele>157.82</ele><time>2024-08-26T18:10:08Z</time></trkpt><trkpt lat="43.39529922" lon="-5.82059491"><ele>157.76</ele><time>2024-08-26T18:10:09Z</time></trkpt><trkpt lat="43.39531604" lon="-5.82059678"><ele>157.69</ele><time>2024-08-26T18:10:10Z</time></trkpt><trkpt lat="43.39533287" lon="-5.82059865"><ele>157.63</ele><time>2024-08-26T18:10:11Z</time></trkpt><trkpt lat="43.39534970" lon="-5.82060052"><ele>157.56</ele><time>2024-08-26T18:10:12Z</time></trkpt><trkpt lat="43.39536652" lon="-5.82060239"><ele>157.50</ele><time>2024-08-26T18:10:13Z</time></trkpt><trkpt lat="43.39538335" lon="-5.82060426"><ele>157.43</ele><time>2024-08-26T18:10:14Z</time></trkpt><trkpt lat="43.39540017" lon="-5.82060613"><ele>157.37</ele><time>2024-08-26T18:10:15Z</time></trkpt><trkpt lat="43.39541700" lon="-5.82060800"><ele>157.30</ele><time>2024-08-26T18:10:16Z</time></trkpt><trkpt lat="43.39543356" lon="-5.82060942"><ele>157.25</ele><time>2024-08-26T18:10:17Z</time></trkpt><trkpt lat="43.39544994" lon="-5.82061056"><ele>157.20</ele><time>2024-08-26T18:10:18Z</time></trkpt><trkpt lat="43.39546624" lon="-5.82061155"><ele>157.16</ele><time>2024-08-26T18:10:19Z</time></trkpt><trkpt lat="43.39548251" lon="-5.82061248"><ele>157.12</ele><time>2024-08-26T18:10:20Z</time></trkpt><trkpt lat="43.39549877" lon="-5.82061342"><ele>157.08</ele><time>2024-08-26T18:10:21Z</time></trkpt><trkpt lat="43.39551505" lon="-5.82061438"><ele>157.04</ele><time>2024-08-26T18:10:22Z</time></trkpt><trkpt lat="43.39553135" lon="-5.82061536"><ele>157.00</ele><time>2024-08-26T18:10:23Z</time></trkpt><trkpt lat="43.39554766" lon="-5.82061638"><ele>156.96</ele><time>2024-08-26T18:10:24Z</time></trkpt><trkpt lat="43.39556399" lon="-5.82061741"><ele>156.91</ele><time>2024-08-26T18:10:25Z</time></trkpt><trkpt lat="43.39558032" lon="-5.82061846"><ele>156.87</ele><time>2024-08-26T18:10:26Z</time></trkpt><trkpt lat="43.39559666" lon="-5.82061951"><ele>156.83</ele><time>2024-08-26T18:10:27Z</time></trkpt><trkpt lat="43.39561299" lon="-5.82062056"><ele>156.79</ele><time>2024-08-26T18:10:28Z</time></trkpt><trkpt lat="43.39562933" lon="-5.82062161"><ele>156.74</ele><time>2024-08-26T18:10:29Z</time></trkpt><trkpt lat="43.39564566" lon="-5.82062266"><ele>156.70</ele><time>2024-08-26T18:10:30Z</time></trkpt><trkpt lat="43.39566200" lon="-5.82062371"><ele>156.66</ele><time>2024-08-26T18:10:31Z</time></trkpt><trkpt lat="43.39567833" lon="-5.82062476"><ele>156.61</ele><time>2024-08-26T18:10:32Z</time></trkpt><trkpt lat="43.39569467" lon="-5.82062581"><ele>156.57</ele><time>2024-08-26T18:10:33Z</time></trkpt><trkpt lat="43.39571100" lon="-5.82062686"><ele>156.53</ele><time>2024-08-26T18:10:34Z</time></trkpt><trkpt lat="43.39572733" lon="-5.82062791"><ele>156.49</ele><time>2024-08-26T18:10:35Z</time></trkpt><trkpt lat="43.39574367" lon="-5.82062895"><ele>156.44</ele><time>2024-08-26T18:10:36Z</time></trkpt><trkpt lat="43.39576000" lon="-5.82063000"><ele>156.40</ele><time>2024-08-26T18:10:37Z</time></trkpt><trkpt lat="43.39577715" lon="-5.82063439"><ele>156.15</ele><time>2024-08-26T18:10:38Z</time></trkpt><trkpt lat="43.39579482" lon="-5.82064089"><ele>155.78</ele><time>2024-08-26T18:10:39Z</time></trkpt><trkpt lat="43.39581276" lon="-5.82064849"><ele>155.33</ele><time>2024-08-26T18:10:40Z</time></trkpt><trkpt lat="43.39583080" lon="-5.82065649"><ele>154.87</ele><time>2024-08-26T18:10:41Z</time></trkpt><trkpt lat="43.39584884" lon="-5.82066450"><ele>154.40</ele><time>2024-08-26T18:10:42Z</time></trkpt><trkpt lat="43.39586684" lon="-5.82067233"><ele>153.94</ele><time>2024-08-26T18:10:43Z</time></trkpt><trkpt lat="43.39588385" lon="-5.82067746"><ele>153.70</ele><time>2024-08-26T18:10:44Z</time></trkpt><trkpt lat="43.39590022" lon="-5.82068083"><ele>153.59</ele><time>2024-08-26T18:10:45Z</time></trkpt><trkpt lat="43.39591625" lon="-5.82068325"><ele>153.56</ele><time>2024-08-26T18:10:46Z</time></trkpt><trkpt lat="43.39593215" lon="-5.82068527"><ele>153.56</ele><time>2024-08-26T18:10:47Z</time></trkpt><trkpt lat="43.39594803" lon="-5.82068725"><ele>153.56</ele><time>2024-08-26T18:10:48Z</time></trkpt><trkpt lat="43.39596396" lon="-5.82068934"><ele>153.55</ele><time>2024-08-26T18:10:49Z</time></trkpt><trkpt lat="43.39597995" lon="-5.82069159"><ele>153.53</ele><time>2024-08-26T18:10:50Z</time></trkpt><trkpt lat="43.39599600" lon="-5.82069401"><ele>153.50</ele><time>2024-08-26T18:10:51Z</time></trkpt><trkpt lat="43.39601202" lon="-5.82069510"><ele>153.42</ele><time>2024-08-26T18:10:52Z</time></trkpt><trkpt lat="43.39602803" lon="-5.82069536"><ele>153.30</ele><time>2024-08-26T18:10:53Z</time></trkpt><trkpt lat="43.39604402" lon="-5.82069519"><ele>153.17</ele><time>2024-08-26T18:10:54Z</time></trkpt><trkpt lat="43.39606002" lon="-5.82069486"><ele>153.03</ele><time>2024-08-26T18:10:55Z</time></trkpt><trkpt lat="43.39607581" lon="-5.82069453"><ele>152.96</ele><time>2024-08-26T18:10:56Z</time></trkpt><trkpt lat="43.39609148" lon="-5.82069426"><ele>152.94</ele><time>2024-08-26T18:10:57Z</time></trkpt><trkpt lat="43.39610709" lon="-5.82069409"><ele>152.94</ele><time>2024-08-26T18:10:58Z</time></trkpt><trkpt lat="43.39612267" lon="-5.82069399"><ele>152.96</ele><time>2024-08-26T18:10:59Z</time></trkpt><trkpt lat="43.39613826" lon="-5.82069395"><ele>152.97</ele><time>2024-08-26T18:11:00Z</time></trkpt><trkpt lat="43.39615386" lon="-5.82069394"><ele>152.98</ele><time>2024-08-26T18:11:01Z</time></trkpt><trkpt lat="43.39616947" lon="-5.82069395"><ele>152.99</ele><time>2024-08-26T18:11:02Z</time></trkpt><trkpt lat="43.39618509" lon="-5.82069396"><ele>153.00</ele><time>2024-08-26T18:11:03Z</time></trkpt><trkpt lat="43.39620072" lon="-5.82069398"><ele>153.00</ele><time>2024-08-26T18:11:04Z</time></trkpt><trkpt lat="43.39621635" lon="-5.82069399"><ele>153.00</ele><time>2024-08-26T18:11:05Z</time></trkpt><trkpt lat="43.39623199" lon="-5.82069400"><ele>153.00</ele><time>2024-08-26T18:11:06Z</time></trkpt><trkpt lat="43.39624692" lon="-5.82069400"><ele>152.91</ele><time>2024-08-26T18:11:07Z</time></trkpt><trkpt lat="43.39626140" lon="-5.82069400"><ele>152.76</ele><time>2024-08-26T18:11:08Z</time></trkpt><trkpt lat="43.39627564" lon="-5.82069400"><ele>152.58</ele><time>2024-08-26T18:11:09Z</time></trkpt><trkpt lat="43.39628980" lon="-5.82069400"><ele>152.66</ele><time>2024-08-26T18:11:10Z</time></trkpt><trkpt lat="43.39630395" lon="-5.82069400"><ele>152.90</ele><time>2024-08-26T18:11:11Z</time></trkpt><trkpt lat="43.39631814" lon="-5.82069400"><ele>153.23</ele><time>2024-08-26T18:11:12Z</time></trkpt><trkpt lat="43.39633238" lon="-5.82069400"><ele>153.60</ele><time>2024-08-26T18:11:13Z</time></trkpt><trkpt lat="43.39634666" lon="-5.82069400"><ele>153.98</ele><time>2024-08-26T18:11:14Z</time></trkpt><trkpt lat="43.39636097" lon="-5.82069400"><ele>154.34</ele><time>2024-08-26T18:11:15Z</time></trkpt><trkpt lat="43.39637922" lon="-5.82069400"><ele>154.59</ele><time>2024-08-26T18:11:16Z</time></trkpt><trkpt lat="43.39639994" lon="-5.82069400"><ele>154.76</ele><time>2024-08-26T18:11:17Z</time></trkpt><trkpt lat="43.39642195" lon="-5.82069400"><ele>154.88</ele><time>2024-08-26T18:11:18Z</time></trkpt><trkpt lat="43.39644444" lon="-5.82069400"><ele>154.98</ele><time>2024-08-26T18:11:19Z</time></trkpt><trkpt lat="43.39646218" lon="-5.82069171"><ele>155.27</ele><time>2024-08-26T18:11:20Z</time></trkpt><trkpt lat="43.39647672" lon="-5.82068796"><ele>155.69</ele><time>2024-08-26T18:11:21Z</time></trkpt><trkpt lat="43.39648943" lon="-5.82068347"><ele>156.18</ele><time>2024-08-26T18:11:22Z</time></trkpt><trkpt lat="43.39650133" lon="-5.82067869"><ele>156.70</ele><time>2024-08-26T18:11:23Z</time></trkpt><trkpt lat="43.39651305" lon="-5.82067392"><ele>157.22</ele><time>2024-08-26T18:11:24Z</time></trkpt><trkpt lat="43.39652661" lon="-5.82067307"><ele>157.47</ele><time>2024-08-26T18:11:25Z</time></trkpt><trkpt lat="43.39654148" lon="-5.82067479"><ele>157.55</ele><time>2024-08-26T18:11:26Z</time></trkpt><trkpt lat="43.39655717" lon="-5.82067789"><ele>157.53</ele><time>2024-08-26T18:11:27Z</time></trkpt><trkpt lat="43.39657326" lon="-5.82068155"><ele>157.48</ele><time>2024-08-26T18:11:28Z</time></trkpt><trkpt lat="43.39658949" lon="-5.82068529"><ele>157.41</ele><time>2024-08-26T18:11:29Z</time></trkpt><trkpt lat="43.39660571" lon="-5.82068885"><ele>157.36</ele><time>2024-08-26T18:11:30Z</time></trkpt><trkpt lat="43.39662184" lon="-5.82069216"><ele>157.32</ele><time>2024-08-26T18:11:31Z</time></trkpt><trkpt lat="43.39663788" lon="-5.82069525"><ele>157.30</ele><time>2024-08-26T18:11:32Z</time></trkpt><trkpt lat="43.39665385" lon="-5.82069818"><ele>157.29</ele><time>2024-08-26T18:11:33Z</time></trkpt><trkpt lat="43.39666976" lon="-5.82070100"><ele>157.29</ele><time>2024-08-26T18:11:34Z</time></trkpt><trkpt lat="43.39668563" lon="-5.82070376"><ele>157.29</ele><time>2024-08-26T18:11:35Z</time></trkpt><trkpt lat="43.39670149" lon="-5.82070650"><ele>157.29</ele><time>2024-08-26T18:11:36Z</time></trkpt><trkpt lat="43.39671734" lon="-5.82070924"><ele>157.30</ele><time>2024-08-26T18:11:37Z</time></trkpt><trkpt lat="43.39673319" lon="-5.82071199"><ele>157.30</ele><time>2024-08-26T18:11:38Z</time></trkpt><trkpt lat="43.39674905" lon="-5.82071475"><ele>157.30</ele><time>2024-08-26T18:11:39Z</time></trkpt><trkpt lat="43.39676492" lon="-5.82071752"><ele>157.30</ele><time>2024-08-26T18:11:40Z</time></trkpt><trkpt lat="43.39678078" lon="-5.82072030"><ele>157.30</ele><time>2024-08-26T18:11:41Z</time></trkpt><trkpt lat="43.39679665" lon="-5.82072308"><ele>157.30</ele><time>2024-08-26T18:11:42Z</time></trkpt><trkpt lat="43.39681252" lon="-5.82072586"><ele>157.30</ele><time>2024-08-26T18:11:43Z</time></trkpt><trkpt lat="43.39682839" lon="-5.82072865"><ele>157.30</ele><time>2024-08-26T18:11:44Z</time></trkpt><trkpt lat="43.39684426" lon="-5.82073143"><ele>157.30</ele><time>2024-08-26T18:11:45Z</time></trkpt><trkpt lat="43.39686013" lon="-5.82073422"><ele>157.30</ele><time>2024-08-26T18:11:46Z</time></trkpt><trkpt lat="43.39687600" lon="-5.82073700"><ele>157.30</ele><time>2024-08-26T18:11:47Z</time></trkpt><trkpt lat="43.39688894" lon="-5.82073826"><ele>157.30</ele><time>2024-08-26T18:11:48Z</time></trkpt><trkpt lat="43.39690002" lon="-5.82073857"><ele>157.30</ele><time>2024-08-26T18:11:49Z</time></trkpt><trkpt lat="43.39691191" lon="-5.82073941"><ele>157.35</ele><time>2024-08-26T18:11:50Z</time></trkpt><trkpt lat="43.39692455" lon="-5.82074073"><ele>157.43</ele><time>2024-08-26T18:11:51Z</time></trkpt><trkpt lat="43.39693776" lon="-5.82074239"><ele>157.53</ele><time>2024-08-26T18:11:52Z</time></trkpt><trkpt lat="43.39695135" lon="-5.82074426"><ele>157.63</ele><time>2024-08-26T18:11:53Z</time></trkpt><trkpt lat="43.39696513" lon="-5.82074623"><ele>157.73</ele><time>2024-08-26T18:11:54Z</time></trkpt><trkpt lat="43.39697899" lon="-5.82074823"><ele>157.84</ele><time>2024-08-26T18:11:55Z</time></trkpt><trkpt lat="43.39699286" lon="-5.82075023"><ele>157.93</ele><time>2024-08-26T18:11:56Z</time></trkpt><trkpt lat="43.39700670" lon="-5.82075221"><ele>158.03</ele><time>2024-08-26T18:11:57Z</time></trkpt><trkpt lat="43.39702050" lon="-5.82075416"><ele>158.12</ele><time>2024-08-26T18:11:58Z</time></trkpt><trkpt lat="43.39703427" lon="-5.82075610"><ele>158.21</ele><time>2024-08-26T18:11:59Z</time></trkpt><trkpt lat="43.39704802" lon="-5.82075802"><ele>158.30</ele><time>2024-08-26T18:12:00Z</time></trkpt><trkpt lat="43.39706463" lon="-5.82075888"><ele>158.25</ele><time>2024-08-26T18:12:01Z</time></trkpt><trkpt lat="43.39708305" lon="-5.82075909"><ele>158.11</ele><time>2024-08-26T18:12:02Z</time></trkpt><trkpt lat="43.39710242" lon="-5.82075895"><ele>157.93</ele><time>2024-08-26T18:12:03Z</time></trkpt><trkpt lat="43.39712213" lon="-5.82075868"><ele>157.73</ele><time>2024-08-26T18:12:04Z</time></trkpt><trkpt lat="43.39714186" lon="-5.82075842"><ele>157.52</ele><time>2024-08-26T18:12:05Z</time></trkpt><trkpt lat="43.39716143" lon="-5.82075821"><ele>157.33</ele><time>2024-08-26T18:12:06Z</time></trkpt><trkpt lat="43.39718081" lon="-5.82075807"><ele>157.14</ele><time>2024-08-26T18:12:07Z</time></trkpt><trkpt lat="43.39720002" lon="-5.82075799"><ele>156.97</ele><time>2024-08-26T18:12:08Z</time></trkpt><trkpt lat="43.39721911" lon="-5.82075796"><ele>156.79</ele><time>2024-08-26T18:12:09Z</time></trkpt><trkpt lat="43.39723506" lon="-5.82075652"><ele>156.72</ele><time>2024-08-26T18:12:10Z</time></trkpt><trkpt lat="43.39724903" lon="-5.82075419"><ele>156.70</ele><time>2024-08-26T18:12:11Z</time></trkpt><trkpt lat="43.39726198" lon="-5.82075139"><ele>156.71</ele><time>2024-08-26T18:12:12Z</time></trkpt><trkpt lat="43.39727455" lon="-5.82074842"><ele>156.74</ele><time>2024-08-26T18:12:13Z</time></trkpt><trkpt lat="43.39728712" lon="-5.82074544"><ele>156.76</ele><time>2024-08-26T18:12:14Z</time></trkpt><trkpt lat="43.39729987" lon="-5.82074253"><ele>156.78</ele><time>2024-08-26T18:12:15Z</time></trkpt><trkpt lat="43.39731283" lon="-5.82073972"><ele>156.79</ele><time>2024-08-26T18:12:16Z</time></trkpt><trkpt lat="43.39732597" lon="-5.82073699"><ele>156.80</ele><time>2024-08-26T18:12:17Z</time></trkpt><trkpt lat="43.39734037" lon="-5.82073575"><ele>156.88</ele><time>2024-08-26T18:12:18Z</time></trkpt><trkpt lat="43.39735555" lon="-5.82073546"><ele>157.01</ele><time>2024-08-26T18:12:19Z</time></trkpt><trkpt lat="43.39737115" lon="-5.82073565"><ele>157.16</ele><time>2024-08-26T18:12:20Z</time></trkpt><trkpt lat="43.39738690" lon="-5.82073603"><ele>157.32</ele><time>2024-08-26T18:12:21Z</time></trkpt><trkpt lat="43.39740264" lon="-5.82073640"><ele>157.48</ele><time>2024-08-26T18:12:22Z</time></trkpt><trkpt lat="43.39741832" lon="-5.82073670"><ele>157.64</ele><time>2024-08-26T18:12:23Z</time></trkpt><trkpt lat="43.39743392" lon="-5.82073690"><ele>157.80</ele><time>2024-08-26T18:12:24Z</time></trkpt><trkpt lat="43.39745041" lon="-5.82073931"><ele>157.92</ele><time>2024-08-26T18:12:25Z</time></trkpt><trkpt lat="43.39746745" lon="-5.82074310"><ele>158.03</ele><time>2024-08-26T18:12:26Z</time></trkpt><trkpt lat="43.39748479" lon="-5.82074760"><ele>158.12</ele><time>2024-08-26T18:12:27Z</time></trkpt><trkpt lat="43.39750222" lon="-5.82075236"><ele>158.22</ele><time>2024-08-26T18:12:28Z</time></trkpt><trkpt lat="43.39751965" lon="-5.82075713"><ele>158.31</ele><time>2024-08-26T18:12:29Z</time></trkpt><trkpt lat="43.39753337" lon="-5.82075374"><ele>158.35</ele><time>2024-08-26T18:12:30Z</time></trkpt><trkpt lat="43.39754472" lon="-5.82074514"><ele>158.36</ele><time>2024-08-26T18:12:31Z</time></trkpt><trkpt lat="43.39755691" lon="-5.82074332"><ele>158.51</ele><time>2024-08-26T18:12:32Z</time></trkpt><trkpt lat="43.39756993" lon="-5.82074647"><ele>158.77</ele><time>2024-08-26T18:12:33Z</time></trkpt><trkpt lat="43.39758361" lon="-5.82075268"><ele>159.07</ele><time>2024-08-26T18:12:34Z</time></trkpt><trkpt lat="43.39759578" lon="-5.82075964"><ele>159.31</ele><time>2024-08-26T18:12:35Z</time></trkpt><trkpt lat="43.39760695" lon="-5.82076662"><ele>159.49</ele><time>2024-08-26T18:12:36Z</time></trkpt><trkpt lat="43.39761758" lon="-5.82077330"><ele>159.63</ele><time>2024-08-26T18:12:37Z</time></trkpt><trkpt lat="43.39762800" lon="-5.82077959"><ele>159.75</ele><time>2024-08-26T18:12:38Z</time></trkpt><trkpt lat="43.39764125" lon="-5.82078841"><ele>159.79</ele><time>2024-08-26T18:12:39Z</time></trkpt><trkpt lat="43.39765637" lon="-5.82079878"><ele>159.79</ele><time>2024-08-26T18:12:40Z</time></trkpt><trkpt lat="43.39767254" lon="-5.82080993"><ele>159.77</ele><time>2024-08-26T18:12:41Z</time></trkpt><trkpt lat="43.39768914" lon="-5.82082136"><ele>159.75</ele><time>2024-08-26T18:12:42Z</time></trkpt><trkpt lat="43.39770489" lon="-5.82083339"><ele>159.82</ele><time>2024-08-26T18:12:43Z</time></trkpt><trkpt lat="43.39771997" lon="-5.82084566"><ele>159.95</ele><time>2024-08-26T18:12:44Z</time></trkpt><trkpt lat="43.39773457" lon="-5.82085796"><ele>160.12</ele><time>2024-08-26T18:12:45Z</time></trkpt><trkpt lat="43.39774891" lon="-5.82087019"><ele>160.30</ele><time>2024-08-26T18:12:46Z</time></trkpt><trkpt lat="43.39776312" lon="-5.82088231"><ele>160.49</ele><time>2024-08-26T18:12:47Z</time></trkpt><trkpt lat="43.39777730" lon="-5.82089433"><ele>160.68</ele><time>2024-08-26T18:12:48Z</time></trkpt><trkpt lat="43.39779150" lon="-5.82090628"><ele>160.86</ele><time>2024-08-26T18:12:49Z</time></trkpt><trkpt lat="43.39780574" lon="-5.82091819"><ele>161.03</ele><time>2024-08-26T18:12:50Z</time></trkpt><trkpt lat="43.39782001" lon="-5.82093007"><ele>161.20</ele><time>2024-08-26T18:12:51Z</time></trkpt><trkpt lat="43.39783031" lon="-5.82094327"><ele>161.28</ele><time>2024-08-26T18:12:52Z</time></trkpt><trkpt lat="43.39783810" lon="-5.82095732"><ele>161.30</ele><time>2024-08-26T18:12:53Z</time></trkpt><trkpt lat="43.39784459" lon="-5.82097181"><ele>161.28</ele><time>2024-08-26T18:12:54Z</time></trkpt><trkpt lat="43.39785225" lon="-5.82098802"><ele>161.24</ele><time>2024-08-26T18:12:55Z</time></trkpt><trkpt lat="43.39786094" lon="-5.82100520"><ele>161.19</ele><time>2024-08-26T18:12:56Z</time></trkpt><trkpt lat="43.39787040" lon="-5.82102284"><ele>161.13</ele><time>2024-08-26T18:12:57Z</time></trkpt><trkpt lat="43.39788032" lon="-5.82104057"><ele>161.08</ele><time>2024-08-26T18:12:58Z</time></trkpt><trkpt lat="43.39789047" lon="-5.82105822"><ele>161.04</ele><time>2024-08-26T18:12:59Z</time></trkpt><trkpt lat="43.39790071" lon="-5.82107574"><ele>161.00</ele><time>2024-08-26T18:13:00Z</time></trkpt><trkpt lat="43.39791094" lon="-5.82109312"><ele>160.96</ele><time>2024-08-26T18:13:01Z</time></trkpt><trkpt lat="43.39792112" lon="-5.82111040"><ele>160.93</ele><time>2024-08-26T18:13:02Z</time></trkpt><trkpt lat="43.39793126" lon="-5.82112760"><ele>160.90</ele><time>2024-08-26T18:13:03Z</time></trkpt><trkpt lat="43.39794134" lon="-5.82114476"><ele>160.86</ele><time>2024-08-26T18:13:04Z</time></trkpt><trkpt lat="43.39795140" lon="-5.82116190"><ele>160.83</ele><time>2024-08-26T18:13:05Z</time></trkpt><trkpt lat="43.39796144" lon="-5.82117905"><ele>160.80</ele><time>2024-08-26T18:13:06Z</time></trkpt><trkpt lat="43.39797146" lon="-5.82119619"><ele>160.77</ele><time>2024-08-26T18:13:07Z</time></trkpt><trkpt lat="43.39798149" lon="-5.82121334"><ele>160.73</ele><time>2024-08-26T18:13:08Z</time></trkpt><trkpt lat="43.39799151" lon="-5.82123050"><ele>160.70</ele><time>2024-08-26T18:13:09Z</time></trkpt><trkpt lat="43.39800154" lon="-5.82124766"><ele>160.67</ele><time>2024-08-26T18:13:10Z</time></trkpt><trkpt lat="43.39801157" lon="-5.82126483"><ele>160.63</ele><time>2024-08-26T18:13:11Z</time></trkpt><trkpt lat="43.39802160" lon="-5.82128200"><ele>160.60</ele><time>2024-08-26T18:13:12Z</time></trkpt><trkpt lat="43.39803163" lon="-5.82129916"><ele>160.57</ele><time>2024-08-26T18:13:13Z</time></trkpt><trkpt lat="43.39804167" lon="-5.82131633"><ele>160.53</ele><time>2024-08-26T18:13:14Z</time></trkpt><trkpt lat="43.39805170" lon="-5.82133350"><ele>160.50</ele><time>2024-08-26T18:13:15Z</time></trkpt><trkpt lat="43.39806173" lon="-5.82135067"><ele>160.47</ele><time>2024-08-26T18:13:16Z</time></trkpt><trkpt lat="43.39807177" lon="-5.82136783"><ele>160.43</ele><time>2024-08-26T18:13:17Z</time></trkpt><trkpt lat="43.39808180" lon="-5.82138500"><ele>160.40</ele><time>2024-08-26T18:13:18Z</time></trkpt><trkpt lat="43.39809183" lon="-5.82140217"><ele>160.37</ele><time>2024-08-26T18:13:19Z</time></trkpt><trkpt lat="43.39810187" lon="-5.82141933"><ele>160.33</ele><time>2024-08-26T18:13:20Z</time></trkpt><trkpt lat="43.39811190" lon="-5.82143650"><ele>160.30</ele><time>2024-08-26T18:13:21Z</time></trkpt><trkpt lat="43.39812193" lon="-5.82145367"><ele>160.27</ele><time>2024-08-26T18:13:22Z</time></trkpt><trkpt lat="43.39813197" lon="-5.82147083"><ele>160.23</ele><time>2024-08-26T18:13:23Z</time></trkpt><trkpt lat="43.39814200" lon="-5.82148800"><ele>160.20</ele><time>2024-08-26T18:13:24Z</time></trkpt><trkpt lat="43.39815229" lon="-5.82150153"><ele>160.18</ele><time>2024-08-26T18:13:25Z</time></trkpt><trkpt lat="43.39816274" lon="-5.82151275"><ele>160.18</ele><time>2024-08-26T18:13:26Z</time></trkpt><trkpt lat="43.39817536" lon="-5.82152488"><ele>160.37</ele><time>2024-08-26T18:13:27Z</time></trkpt><trkpt lat="43.39818934" lon="-5.82153788"><ele>160.67</ele><time>2024-08-26T18:13:28Z</time></trkpt><trkpt lat="43.39820401" lon="-5.82155156"><ele>161.03</ele><time>2024-08-26T18:13:29Z</time></trkpt><trkpt lat="43.39822292" lon="-5.82156187"><ele>161.23</ele><time>2024-08-26T18:13:30Z</time></trkpt><trkpt lat="43.39824435" lon="-5.82157001"><ele>161.31</ele><time>2024-08-26T18:13:31Z</time></trkpt><trkpt lat="43.39826697" lon="-5.82157700"><ele>161.33</ele><time>2024-08-26T18:13:32Z</time></trkpt><trkpt lat="43.39828706" lon="-5.82158435"><ele>161.32</ele><time>2024-08-26T18:13:33Z</time></trkpt><trkpt lat="43.39830521" lon="-5.82159218"><ele>161.31</ele><time>2024-08-26T18:13:34Z</time></trkpt><trkpt lat="43.39832212" lon="-5.82160044"><ele>161.30</ele><time>2024-08-26T18:13:35Z</time></trkpt><trkpt lat="43.39833835" lon="-5.82160901"><ele>161.31</ele><time>2024-08-26T18:13:36Z</time></trkpt><trkpt lat="43.39835432" lon="-5.82161778"><ele>161.32</ele><time>2024-08-26T18:13:37Z</time></trkpt><trkpt lat="43.39837026" lon="-5.82162665"><ele>161.34</ele><time>2024-08-26T18:13:38Z</time></trkpt><trkpt lat="43.39838629" lon="-5.82163556"><ele>161.36</ele><time>2024-08-26T18:13:39Z</time></trkpt><trkpt lat="43.39840244" lon="-5.82164446"><ele>161.38</ele><time>2024-08-26T18:13:40Z</time></trkpt><trkpt lat="43.39841871" lon="-5.82165335"><ele>161.41</ele><time>2024-08-26T18:13:41Z</time></trkpt><trkpt lat="43.39843505" lon="-5.82166222"><ele>161.43</ele><time>2024-08-26T18:13:42Z</time></trkpt><trkpt lat="43.39845144" lon="-5.82167106"><ele>161.46</ele><time>2024-08-26T18:13:43Z</time></trkpt><trkpt lat="43.39846787" lon="-5.82167990"><ele>161.48</ele><time>2024-08-26T18:13:44Z</time></trkpt><trkpt lat="43.39848430" lon="-5.82168872"><ele>161.51</ele><time>2024-08-26T18:13:45Z</time></trkpt><trkpt lat="43.39850073" lon="-5.82169754"><ele>161.53</ele><time>2024-08-26T18:13:46Z</time></trkpt><trkpt lat="43.39851716" lon="-5.82170636"><ele>161.55</ele><time>2024-08-26T18:13:47Z</time></trkpt><trkpt lat="43.39853358" lon="-5.82171518"><ele>161.58</ele><time>2024-08-26T18:13:48Z</time></trkpt><trkpt lat="43.39855000" lon="-5.82172400"><ele>161.60</ele><time>2024-08-26T18:13:49Z</time></trkpt><trkpt lat="43.39856632" lon="-5.82172764"><ele>161.61</ele><time>2024-08-26T18:13:50Z</time></trkpt><trkpt lat="43.39858258" lon="-5.82172801"><ele>161.61</ele><time>2024-08-26T18:13:51Z</time></trkpt><trkpt lat="43.39859881" lon="-5.82172668"><ele>161.61</ele><time>2024-08-26T18:13:52Z</time></trkpt><trkpt lat="43.39861503" lon="-5.82172471"><ele>161.61</ele><time>2024-08-26T18:13:53Z</time></trkpt><trkpt lat="43.39863125" lon="-5.82172273"><ele>161.61</ele><time>2024-08-26T18:13:54Z</time></trkpt><trkpt lat="43.39864747" lon="-5.82172103"><ele>161.60</ele><time>2024-08-26T18:13:55Z</time></trkpt><trkpt lat="43.39866370" lon="-5.82171968"><ele>161.60</ele><time>2024-08-26T18:13:56Z</time></trkpt><trkpt lat="43.39867994" lon="-5.82171862"><ele>161.60</ele><time>2024-08-26T18:13:57Z</time></trkpt><trkpt lat="43.39869618" lon="-5.82171779"><ele>161.60</ele><time>2024-08-26T18:13:58Z</time></trkpt><trkpt lat="43.39871242" lon="-5.82171709"><ele>161.60</ele><time>2024-08-26T18:13:59Z</time></trkpt><trkpt lat="43.39872866" lon="-5.82171646"><ele>161.60</ele><time>2024-08-26T18:14:00Z</time></trkpt><trkpt lat="43.39874491" lon="-5.82171586"><ele>161.60</ele><time>2024-08-26T18:14:01Z</time></trkpt><trkpt lat="43.39876115" lon="-5.82171525"><ele>161.60</ele><time>2024-08-26T18:14:02Z</time></trkpt><trkpt lat="43.39877739" lon="-5.82171463"><ele>161.60</ele><time>2024-08-26T18:14:03Z</time></trkpt><trkpt lat="43.39879364" lon="-5.82171399"><ele>161.60</ele><time>2024-08-26T18:14:04Z</time></trkpt><trkpt lat="43.39880988" lon="-5.82171334"><ele>161.60</ele><time>2024-08-26T18:14:05Z</time></trkpt><trkpt lat="43.39882612" lon="-5.82171268"><ele>161.60</ele><time>2024-08-26T18:14:06Z</time></trkpt><trkpt lat="43.39884236" lon="-5.82171201"><ele>161.60</ele><time>2024-08-26T18:14:07Z</time></trkpt><trkpt lat="43.39885861" lon="-5.82171134"><ele>161.60</ele><time>2024-08-26T18:14:08Z</time></trkpt><trkpt lat="43.39887485" lon="-5.82171067"><ele>161.60</ele><time>2024-08-26T18:14:09Z</time></trkpt><trkpt lat="43.39889109" lon="-5.82171000"><ele>161.60</ele><time>2024-08-26T18:14:10Z</time></trkpt><trkpt lat="43.39890733" lon="-5.82170933"><ele>161.60</ele><time>2024-08-26T18:14:11Z</time></trkpt><trkpt lat="43.39892358" lon="-5.82170867"><ele>161.60</ele><time>2024-08-26T18:14:12Z</time></trkpt><trkpt lat="43.39893982" lon="-5.82170800"><ele>161.60</ele><time>2024-08-26T18:14:13Z</time></trkpt><trkpt lat="43.39895606" lon="-5.82170733"><ele>161.60</ele><time>2024-08-26T18:14:14Z</time></trkpt><trkpt lat="43.39897230" lon="-5.82170667"><ele>161.60</ele><time>2024-08-26T18:14:15Z</time></trkpt><trkpt lat="43.39898855" lon="-5.82170600"><ele>161.60</ele><time>2024-08-26T18:14:16Z</time></trkpt><trkpt lat="43.39900479" lon="-5.82170533"><ele>161.60</ele><time>2024-08-26T18:14:17Z</time></trkpt><trkpt lat="43.39902103" lon="-5.82170467"><ele>161.60</ele><time>2024-08-26T18:14:18Z</time></trkpt><trkpt lat="43.39903727" lon="-5.82170400"><ele>161.60</ele><time>2024-08-26T18:14:19Z</time></trkpt><trkpt lat="43.39905352" lon="-5.82170333"><ele>161.60</ele><time>2024-08-26T18:14:20Z</time></trkpt><trkpt lat="43.39906976" lon="-5.82170267"><ele>161.60</ele><time>2024-08-26T18:14:21Z</time></trkpt><trkpt lat="43.39908600" lon="-5.82170200"><ele>161.60</ele><time>2024-08-26T18:14:22Z</time></trkpt><trkpt lat="43.39909337" lon="-5.82171371"><ele>161.11</ele><time>2024-08-26T18:14:23Z</time></trkpt><trkpt lat="43.39909897" lon="-5.82171339"><ele>160.89</ele><time>2024-08-26T18:14:24Z</time></trkpt><trkpt lat="43.39910406" lon="-5.82170462"><ele>160.88</ele><time>2024-08-26T18:14:25Z</time></trkpt><trkpt lat="43.39910933" lon="-5.82169084"><ele>160.99</ele><time>2024-08-26T18:14:26Z</time></trkpt><trkpt lat="43.39912597" lon="-5.82168836"><ele>159.64</ele><time>2024-08-26T18:14:27Z</time></trkpt><trkpt lat="43.39914998" lon="-5.82169383"><ele>157.35</ele><time>2024-08-26T18:14:28Z</time></trkpt><trkpt lat="43.39917797" lon="-5.82170403"><ele>154.55</ele><time>2024-08-26T18:14:29Z</time></trkpt><trkpt lat="43.39920756" lon="-5.82171649"><ele>151.56</ele><time>2024-08-26T18:14:30Z</time></trkpt><trkpt lat="43.39923040" lon="-5.82172566"><ele>150.04</ele><time>2024-08-26T18:14:31Z</time></trkpt><trkpt lat="43.39924836" lon="-5.82173212"><ele>149.54</ele><time>2024-08-26T18:14:32Z</time></trkpt><trkpt lat="43.39926335" lon="-5.82173673"><ele>149.61</ele><time>2024-08-26T18:14:33Z</time></trkpt><trkpt lat="43.39927683" lon="-5.82174026"><ele>149.96</ele><time>2024-08-26T18:14:34Z</time></trkpt><trkpt lat="43.39928983" lon="-5.82174329"><ele>150.37</ele><time>2024-08-26T18:14:35Z</time></trkpt><trkpt lat="43.39930288" lon="-5.82174619"><ele>150.74</ele><time>2024-08-26T18:14:36Z</time></trkpt><trkpt lat="43.39931714" lon="-5.82174439"><ele>151.17</ele><time>2024-08-26T18:14:37Z</time></trkpt><trkpt lat="43.39933232" lon="-5.82173972"><ele>151.62</ele><time>2024-08-26T18:14:38Z</time></trkpt><trkpt lat="43.39934809" lon="-5.82173362"><ele>152.05</ele><time>2024-08-26T18:14:39Z</time></trkpt><trkpt lat="43.39936418" lon="-5.82172705"><ele>152.46</ele><time>2024-08-26T18:14:40Z</time></trkpt><trkpt lat="43.39937949" lon="-5.82172342"><ele>153.00</ele><time>2024-08-26T18:14:41Z</time></trkpt><trkpt lat="43.39939423" lon="-5.82172190"><ele>153.62</ele><time>2024-08-26T18:14:42Z</time></trkpt><trkpt lat="43.39940863" lon="-5.82172165"><ele>154.28</ele><time>2024-08-26T18:14:43Z</time></trkpt><trkpt lat="43.39942377" lon="-5.82172204"><ele>154.60</ele><time>2024-08-26T18:14:44Z</time></trkpt><trkpt lat="43.39943943" lon="-5.82172264"><ele>154.71</ele><time>2024-08-26T18:14:45Z</time></trkpt><trkpt lat="43.39945539" lon="-5.82172320"><ele>154.69</ele><time>2024-08-26T18:14:46Z</time></trkpt><trkpt lat="43.39947151" lon="-5.82172362"><ele>154.62</ele><time>2024-08-26T18:14:47Z</time></trkpt><trkpt lat="43.39948493" lon="-5.82172390"><ele>154.54</ele><time>2024-08-26T18:14:48Z</time></trkpt><trkpt lat="43.39949662" lon="-5.82172404"><ele>154.48</ele><time>2024-08-26T18:14:49Z</time></trkpt><trkpt lat="43.39950920" lon="-5.82172601"><ele>154.57</ele><time>2024-08-26T18:14:50Z</time></trkpt><trkpt lat="43.39952255" lon="-5.82172913"><ele>154.76</ele><time>2024-08-26T18:14:51Z</time></trkpt><trkpt lat="43.39953646" lon="-5.82173286"><ele>155.02</ele><time>2024-08-26T18:14:52Z</time></trkpt><trkpt lat="43.39955072" lon="-5.82173681"><ele>155.30</ele><time>2024-08-26T18:14:53Z</time></trkpt><trkpt lat="43.39956515" lon="-5.82174077"><ele>155.58</ele><time>2024-08-26T18:14:54Z</time></trkpt><trkpt lat="43.39957964" lon="-5.82174463"><ele>155.86</ele><time>2024-08-26T18:14:55Z</time></trkpt><trkpt lat="43.39959539" lon="-5.82174907"><ele>155.94</ele><time>2024-08-26T18:14:56Z</time></trkpt><trkpt lat="43.39961192" lon="-5.82175385"><ele>155.88</ele><time>2024-08-26T18:14:57Z</time></trkpt><trkpt lat="43.39962882" lon="-5.82175878"><ele>155.75</ele><time>2024-08-26T18:14:58Z</time></trkpt><trkpt lat="43.39964585" lon="-5.82176374"><ele>155.59</ele><time>2024-08-26T18:14:59Z</time></trkpt><trkpt lat="43.39966285" lon="-5.82176868"><ele>155.43</ele><time>2024-08-26T18:15:00Z</time></trkpt><trkpt lat="43.39967977" lon="-5.82177358"><ele>155.28</ele><time>2024-08-26T18:15:01Z</time></trkpt><trkpt lat="43.39969660" lon="-5.82177843"><ele>155.14</ele><time>2024-08-26T18:15:02Z</time></trkpt><trkpt lat="43.39971336" lon="-5.82178324"><ele>155.01</ele><time>2024-08-26T18:15:03Z</time></trkpt><trkpt lat="43.39973006" lon="-5.82178803"><ele>154.89</ele><time>2024-08-26T18:15:04Z</time></trkpt><trkpt lat="43.39974673" lon="-5.82179153"><ele>154.84</ele><time>2024-08-26T18:15:05Z</time></trkpt><trkpt lat="43.39976338" lon="-5.82179423"><ele>154.83</ele><time>2024-08-26T18:15:06Z</time></trkpt><trkpt lat="43.39978003" lon="-5.82179650"><ele>154.84</ele><time>2024-08-26T18:15:07Z</time></trkpt><trkpt lat="43.39979669" lon="-5.82179862"><ele>154.86</ele><time>2024-08-26T18:15:08Z</time></trkpt><trkpt lat="43.39981334" lon="-5.82180073"><ele>154.87</ele><time>2024-08-26T18:15:09Z</time></trkpt><trkpt lat="43.39983000" lon="-5.82180292"><ele>154.89</ele><time>2024-08-26T18:15:10Z</time></trkpt><trkpt lat="43.39984667" lon="-5.82180519"><ele>154.90</ele><time>2024-08-26T18:15:11Z</time></trkpt><trkpt lat="43.39986333" lon="-5.82180754"><ele>154.90</ele><time>2024-08-26T18:15:12Z</time></trkpt><trkpt lat="43.39988000" lon="-5.82180995"><ele>154.90</ele><time>2024-08-26T18:15:13Z</time></trkpt><trkpt lat="43.39988913" lon="-5.82182041"><ele>154.83</ele><time>2024-08-26T18:15:14Z</time></trkpt><trkpt lat="43.39989350" lon="-5.82183595"><ele>154.72</ele><time>2024-08-26T18:15:15Z</time></trkpt><trkpt lat="43.39989540" lon="-5.82185413"><ele>154.58</ele><time>2024-08-26T18:15:16Z</time></trkpt><trkpt lat="43.39989638" lon="-5.82187329"><ele>154.44</ele><time>2024-08-26T18:15:17Z</time></trkpt><trkpt lat="43.39989734" lon="-5.82189246"><ele>154.29</ele><time>2024-08-26T18:15:18Z</time></trkpt><trkpt lat="43.39989870" lon="-5.82191120"><ele>154.15</ele><time>2024-08-26T18:15:19Z</time></trkpt><trkpt lat="43.39990057" lon="-5.82192940"><ele>154.02</ele><time>2024-08-26T18:15:20Z</time></trkpt><trkpt lat="43.39990287" lon="-5.82194713"><ele>153.89</ele><time>2024-08-26T18:15:21Z</time></trkpt><trkpt lat="43.39990550" lon="-5.82196453"><ele>153.76</ele><time>2024-08-26T18:15:22Z</time></trkpt><trkpt lat="43.39990832" lon="-5.82198171"><ele>153.63</ele><time>2024-08-26T18:15:23Z</time></trkpt><trkpt lat="43.39991124" lon="-5.82199878"><ele>153.50</ele><time>2024-08-26T18:15:24Z</time></trkpt><trkpt lat="43.39991419" lon="-5.82201582"><ele>153.38</ele><time>2024-08-26T18:15:25Z</time></trkpt><trkpt lat="43.39991714" lon="-5.82203287"><ele>153.25</ele><time>2024-08-26T18:15:26Z</time></trkpt><trkpt lat="43.39992007" lon="-5.82204993"><ele>153.13</ele><time>2024-08-26T18:15:27Z</time></trkpt><trkpt lat="43.39992298" lon="-5.82206702"><ele>153.00</ele><time>2024-08-26T18:15:28Z</time></trkpt><trkpt lat="43.39991247" lon="-5.82208260"><ele>152.76</ele><time>2024-08-26T18:15:29Z</time></trkpt><trkpt lat="43.39989349" lon="-5.82209723"><ele>152.45</ele><time>2024-08-26T18:15:30Z</time></trkpt><trkpt lat="43.39987010" lon="-5.82211136"><ele>152.10</ele><time>2024-08-26T18:15:31Z</time></trkpt><trkpt lat="43.39984814" lon="-5.82212511"><ele>151.90</ele><time>2024-08-26T18:15:32Z</time></trkpt><trkpt lat="43.39982809" lon="-5.82213872"><ele>151.79</ele><time>2024-08-26T18:15:33Z</time></trkpt><trkpt lat="43.39980976" lon="-5.82215234"><ele>151.75</ele><time>2024-08-26T18:15:34Z</time></trkpt><trkpt lat="43.39979269" lon="-5.82216604"><ele>151.72</ele><time>2024-08-26T18:15:35Z</time></trkpt><trkpt lat="43.39977642" lon="-5.82217982"><ele>151.71</ele><time>2024-08-26T18:15:36Z</time></trkpt><trkpt lat="43.39976055" lon="-5.82219368"><ele>151.69</ele><time>2024-08-26T18:15:37Z</time></trkpt><trkpt lat="43.39974483" lon="-5.82220759"><ele>151.67</ele><time>2024-08-26T18:15:38Z</time></trkpt><trkpt lat="43.39972910" lon="-5.82222154"><ele>151.64</ele><time>2024-08-26T18:15:39Z</time></trkpt><trkpt lat="43.39971330" lon="-5.82223550"><ele>151.60</ele><time>2024-08-26T18:15:40Z</time></trkpt><trkpt lat="43.39969742" lon="-5.82224947"><ele>151.56</ele><time>2024-08-26T18:15:41Z</time></trkpt><trkpt lat="43.39968146" lon="-5.82226343"><ele>151.51</ele><time>2024-08-26T18:15:42Z</time></trkpt><trkpt lat="43.39966545" lon="-5.82227739"><ele>151.46</ele><time>2024-08-26T18:15:43Z</time></trkpt><trkpt lat="43.39964941" lon="-5.82229135"><ele>151.42</ele><time>2024-08-26T18:15:44Z</time></trkpt><trkpt lat="43.39963335" lon="-5.82230530"><ele>151.37</ele><time>2024-08-26T18:15:45Z</time></trkpt><trkpt lat="43.39961728" lon="-5.82231925"><ele>151.33</ele><time>2024-08-26T18:15:46Z</time></trkpt><trkpt lat="43.39960122" lon="-5.82233320"><ele>151.28</ele><time>2024-08-26T18:15:47Z</time></trkpt><trkpt lat="43.39958516" lon="-5.82234715"><ele>151.23</ele><time>2024-08-26T18:15:48Z</time></trkpt><trkpt lat="43.39956910" lon="-5.82236110"><ele>151.19</ele><time>2024-08-26T18:15:49Z</time></trkpt><trkpt lat="43.39955305" lon="-5.82237505"><ele>151.14</ele><time>2024-08-26T18:15:50Z</time></trkpt><trkpt lat="43.39953700" lon="-5.82238900"><ele>151.10</ele><time>2024-08-26T18:15:51Z</time></trkpt><trkpt lat="43.39952316" lon="-5.82240316"><ele>151.16</ele><time>2024-08-26T18:15:52Z</time></trkpt><trkpt lat="43.39951072" lon="-5.82241745"><ele>151.30</ele><time>2024-08-26T18:15:53Z</time></trkpt><trkpt lat="43.39949900" lon="-5.82243181"><ele>151.47</ele><time>2024-08-26T18:15:54Z</time></trkpt><trkpt lat="43.39948756" lon="-5.82244620"><ele>151.65</ele><time>2024-08-26T18:15:55Z</time></trkpt><trkpt lat="43.39947612" lon="-5.82246058"><ele>151.83</ele><time>2024-08-26T18:15:56Z</time></trkpt><trkpt lat="43.39946456" lon="-5.82247496"><ele>152.01</ele><time>2024-08-26T18:15:57Z</time></trkpt><trkpt lat="43.39945285" lon="-5.82248932"><ele>152.18</ele><time>2024-08-26T18:15:58Z</time></trkpt><trkpt lat="43.39944102" lon="-5.82250367"><ele>152.35</ele><time>2024-08-26T18:15:59Z</time></trkpt><trkpt lat="43.39942909" lon="-5.82251801"><ele>152.50</ele><time>2024-08-26T18:16:00Z</time></trkpt><trkpt lat="43.39941983" lon="-5.82253617"><ele>152.58</ele><time>2024-08-26T18:16:01Z</time></trkpt><trkpt lat="43.39941227" lon="-5.82255673"><ele>152.59</ele><time>2024-08-26T18:16:02Z</time></trkpt><trkpt lat="43.39940560" lon="-5.82257856"><ele>152.58</ele><time>2024-08-26T18:16:03Z</time></trkpt><trkpt lat="43.39939796" lon="-5.82259872"><ele>152.60</ele><time>2024-08-26T18:16:04Z</time></trkpt><trkpt lat="43.39938952" lon="-5.82261754"><ele>152.66</ele><time>2024-08-26T18:16:05Z</time></trkpt><trkpt lat="43.39938051" lon="-5.82263547"><ele>152.74</ele><time>2024-08-26T18:16:06Z</time></trkpt><trkpt lat="43.39937116" lon="-5.82265288"><ele>152.82</ele><time>2024-08-26T18:16:07Z</time></trkpt><trkpt lat="43.39936166" lon="-5.82267007"><ele>152.92</ele><time>2024-08-26T18:16:08Z</time></trkpt><trkpt lat="43.39935211" lon="-5.82268720"><ele>153.01</ele><time>2024-08-26T18:16:09Z</time></trkpt><trkpt lat="43.39934258" lon="-5.82270438"><ele>153.11</ele><time>2024-08-26T18:16:10Z</time></trkpt><trkpt lat="43.39933309" lon="-5.82272163"><ele>153.20</ele><time>2024-08-26T18:16:11Z</time></trkpt><trkpt lat="43.39932365" lon="-5.82273896"><ele>153.29</ele><time>2024-08-26T18:16:12Z</time></trkpt><trkpt lat="43.39931423" lon="-5.82275634"><ele>153.38</ele><time>2024-08-26T18:16:13Z</time></trkpt><trkpt lat="43.39930485" lon="-5.82277376"><ele>153.46</ele><time>2024-08-26T18:16:14Z</time></trkpt><trkpt lat="43.39929547" lon="-5.82279120"><ele>153.55</ele><time>2024-08-26T18:16:15Z</time></trkpt><trkpt lat="43.39928610" lon="-5.82280865"><ele>153.64</ele><time>2024-08-26T18:16:16Z</time></trkpt><trkpt lat="43.39927673" lon="-5.82282610"><ele>153.73</ele><time>2024-08-26T18:16:17Z</time></trkpt><trkpt lat="43.39926737" lon="-5.82284355"><ele>153.81</ele><time>2024-08-26T18:16:18Z</time></trkpt><trkpt lat="43.39925800" lon="-5.82286100"><ele>153.90</ele><time>2024-08-26T18:16:19Z</time></trkpt><trkpt lat="43.39924905" lon="-5.82288060"><ele>153.94</ele><time>2024-08-26T18:16:20Z</time></trkpt><trkpt lat="43.39924036" lon="-5.82290157"><ele>153.95</ele><time>2024-08-26T18:16:21Z</time></trkpt><trkpt lat="43.39923182" lon="-5.82292325"><ele>153.94</ele><time>2024-08-26T18:16:22Z</time></trkpt><trkpt lat="43.39922333" lon="-5.82294519"><ele>153.93</ele><time>2024-08-26T18:16:23Z</time></trkpt><trkpt lat="43.39921483" lon="-5.82296714"><ele>153.92</ele><time>2024-08-26T18:16:24Z</time></trkpt><trkpt lat="43.39920801" lon="-5.82298616"><ele>153.98</ele><time>2024-08-26T18:16:25Z</time></trkpt><trkpt lat="43.39920223" lon="-5.82300326"><ele>154.08</ele><time>2024-08-26T18:16:26Z</time></trkpt><trkpt lat="43.39919698" lon="-5.82301931"><ele>154.21</ele><time>2024-08-26T18:16:27Z</time></trkpt><trkpt lat="43.39919191" lon="-5.82303492"><ele>154.35</ele><time>2024-08-26T18:16:28Z</time></trkpt><trkpt lat="43.39918411" lon="-5.82305334"><ele>154.56</ele><time>2024-08-26T18:16:29Z</time></trkpt><trkpt lat="43.39917449" lon="-5.82307369"><ele>154.81</ele><time>2024-08-26T18:16:30Z</time></trkpt><trkpt lat="43.39916960" lon="-5.82309516"><ele>155.01</ele><time>2024-08-26T18:16:31Z</time></trkpt><trkpt lat="43.39916789" lon="-5.82311714"><ele>155.18</ele><time>2024-08-26T18:16:32Z</time></trkpt><trkpt lat="43.39916799" lon="-5.82313926"><ele>155.31</ele><time>2024-08-26T18:16:33Z</time></trkpt><trkpt lat="43.39916889" lon="-5.82316130"><ele>155.43</ele><time>2024-08-26T18:16:34Z</time></trkpt><trkpt lat="43.39916996" lon="-5.82318293"><ele>155.48</ele><time>2024-08-26T18:16:35Z</time></trkpt><trkpt lat="43.39917088" lon="-5.82320450"><ele>155.49</ele><time>2024-08-26T18:16:36Z</time></trkpt><trkpt lat="43.39917154" lon="-5.82322603"><ele>155.47</ele><time>2024-08-26T18:16:37Z</time></trkpt><trkpt lat="43.39917193" lon="-5.82324754"><ele>155.52</ele><time>2024-08-26T18:16:38Z</time></trkpt><trkpt lat="43.39917213" lon="-5.82326903"><ele>155.61</ele><time>2024-08-26T18:16:39Z</time></trkpt><trkpt lat="43.39917219" lon="-5.82329052"><ele>155.73</ele><time>2024-08-26T18:16:40Z</time></trkpt><trkpt lat="43.39917218" lon="-5.82331202"><ele>155.86</ele><time>2024-08-26T18:16:41Z</time></trkpt><trkpt lat="43.39917596" lon="-5.82333342"><ele>156.02</ele><time>2024-08-26T18:16:42Z</time></trkpt><trkpt lat="43.39918214" lon="-5.82335476"><ele>156.19</ele><time>2024-08-26T18:16:43Z</time></trkpt><trkpt lat="43.39918960" lon="-5.82337608"><ele>156.37</ele><time>2024-08-26T18:16:44Z</time></trkpt><trkpt lat="43.39919792" lon="-5.82339653"><ele>156.51</ele><time>2024-08-26T18:16:45Z</time></trkpt><trkpt lat="43.39920651" lon="-5.82341644"><ele>156.62</ele><time>2024-08-26T18:16:46Z</time></trkpt><trkpt lat="43.39921504" lon="-5.82343607"><ele>156.72</ele><time>2024-08-26T18:16:47Z</time></trkpt><trkpt lat="43.39922336" lon="-5.82345560"><ele>156.81</ele><time>2024-08-26T18:16:48Z</time></trkpt><trkpt lat="43.39923147" lon="-5.82347514"><ele>156.90</ele><time>2024-08-26T18:16:49Z</time></trkpt><trkpt lat="43.39923939" lon="-5.82349473"><ele>156.99</ele><time>2024-08-26T18:16:50Z</time></trkpt><trkpt lat="43.39924719" lon="-5.82351437"><ele>157.08</ele><time>2024-08-26T18:16:51Z</time></trkpt><trkpt lat="43.39925491" lon="-5.82353407"><ele>157.17</ele><time>2024-08-26T18:16:52Z</time></trkpt><trkpt lat="43.39926260" lon="-5.82355380"><ele>157.26</ele><time>2024-08-26T18:16:53Z</time></trkpt><trkpt lat="43.39927028" lon="-5.82357356"><ele>157.36</ele><time>2024-08-26T18:16:54Z</time></trkpt><trkpt lat="43.39927797" lon="-5.82359333"><ele>157.45</ele><time>2024-08-26T18:16:55Z</time></trkpt><trkpt lat="43.39928566" lon="-5.82361310"><ele>157.55</ele><time>2024-08-26T18:16:56Z</time></trkpt><trkpt lat="43.39929336" lon="-5.82363287"><ele>157.65</ele><time>2024-08-26T18:16:57Z</time></trkpt><trkpt lat="43.39930108" lon="-5.82365263"><ele>157.74</ele><time>2024-08-26T18:16:58Z</time></trkpt><trkpt lat="43.39930879" lon="-5.82367240"><ele>157.84</ele><time>2024-08-26T18:16:59Z</time></trkpt><trkpt lat="43.39931651" lon="-5.82369216"><ele>157.94</ele><time>2024-08-26T18:17:00Z</time></trkpt><trkpt lat="43.39932423" lon="-5.82371192"><ele>158.03</ele><time>2024-08-26T18:17:01Z</time></trkpt><trkpt lat="43.39933196" lon="-5.82373168"><ele>158.13</ele><time>2024-08-26T18:17:02Z</time></trkpt><trkpt lat="43.39933968" lon="-5.82375144"><ele>158.22</ele><time>2024-08-26T18:17:03Z</time></trkpt><trkpt lat="43.39934740" lon="-5.82377120"><ele>158.32</ele><time>2024-08-26T18:17:04Z</time></trkpt><trkpt lat="43.39935512" lon="-5.82379096"><ele>158.42</ele><time>2024-08-26T18:17:05Z</time></trkpt><trkpt lat="43.39936284" lon="-5.82381072"><ele>158.51</ele><time>2024-08-26T18:17:06Z</time></trkpt><trkpt lat="43.39937056" lon="-5.82383048"><ele>158.61</ele><time>2024-08-26T18:17:07Z</time></trkpt><trkpt lat="43.39937828" lon="-5.82385024"><ele>158.70</ele><time>2024-08-26T18:17:08Z</time></trkpt><trkpt lat="43.39938600" lon="-5.82387000"><ele>158.80</ele><time>2024-08-26T18:17:09Z</time></trkpt><trkpt lat="43.39939191" lon="-5.82389066"><ele>158.73</ele><time>2024-08-26T18:17:10Z</time></trkpt><trkpt lat="43.39939667" lon="-5.82391188"><ele>158.57</ele><time>2024-08-26T18:17:11Z</time></trkpt><trkpt lat="43.39940084" lon="-5.82393339"><ele>158.35</ele><time>2024-08-26T18:17:12Z</time></trkpt><trkpt lat="43.39940478" lon="-5.82395502"><ele>158.11</ele><time>2024-08-26T18:17:13Z</time></trkpt><trkpt lat="43.39940872" lon="-5.82397664"><ele>157.86</ele><time>2024-08-26T18:17:14Z</time></trkpt><trkpt lat="43.39941623" lon="-5.82399828"><ele>157.74</ele><time>2024-08-26T18:17:15Z</time></trkpt><trkpt lat="43.39942604" lon="-5.82401988"><ele>157.70</ele><time>2024-08-26T18:17:16Z</time></trkpt><trkpt lat="43.39943711" lon="-5.82404146"><ele>157.70</ele><time>2024-08-26T18:17:17Z</time></trkpt><trkpt lat="43.39944867" lon="-5.82406300"><ele>157.72</ele><time>2024-08-26T18:17:18Z</time></trkpt><trkpt lat="43.39945441" lon="-5.82408061"><ele>157.84</ele><time>2024-08-26T18:17:19Z</time></trkpt><trkpt lat="43.39945629" lon="-5.82409573"><ele>158.01</ele><time>2024-08-26T18:17:20Z</time></trkpt><trkpt lat="43.39945602" lon="-5.82410955"><ele>158.21</ele><time>2024-08-26T18:17:21Z</time></trkpt><trkpt lat="43.39945874" lon="-5.82412672"><ele>158.36</ele><time>2024-08-26T18:17:22Z</time></trkpt><trkpt lat="43.39946377" lon="-5.82414630"><ele>158.48</ele><time>2024-08-26T18:17:23Z</time></trkpt><trkpt lat="43.39947030" lon="-5.82416734"><ele>158.58</ele><time>2024-08-26T18:17:24Z</time></trkpt><trkpt lat="43.39947764" lon="-5.82418910"><ele>158.66</ele><time>2024-08-26T18:17:25Z</time></trkpt><trkpt lat="43.39948532" lon="-5.82421111"><ele>158.74</ele><time>2024-08-26T18:17:26Z</time></trkpt><trkpt lat="43.39949304" lon="-5.82423308"><ele>158.81</ele><time>2024-08-26T18:17:27Z</time></trkpt><trkpt lat="43.39950106" lon="-5.82425374"><ele>158.85</ele><time>2024-08-26T18:17:28Z</time></trkpt><trkpt lat="43.39950919" lon="-5.82427349"><ele>158.85</ele><time>2024-08-26T18:17:29Z</time></trkpt><trkpt lat="43.39951732" lon="-5.82429272"><ele>158.84</ele><time>2024-08-26T18:17:30Z</time></trkpt><trkpt lat="43.39952540" lon="-5.82431171"><ele>158.83</ele><time>2024-08-26T18:17:31Z</time></trkpt><trkpt lat="43.39953341" lon="-5.82433063"><ele>158.82</ele><time>2024-08-26T18:17:32Z</time></trkpt><trkpt lat="43.39954138" lon="-5.82434959"><ele>158.81</ele><time>2024-08-26T18:17:33Z</time></trkpt><trkpt lat="43.39954930" lon="-5.82436862"><ele>158.80</ele><time>2024-08-26T18:17:34Z</time></trkpt><trkpt lat="43.39955720" lon="-5.82438771"><ele>158.80</ele><time>2024-08-26T18:17:35Z</time></trkpt><trkpt lat="43.39956509" lon="-5.82440687"><ele>158.80</ele><time>2024-08-26T18:17:36Z</time></trkpt><trkpt lat="43.39957297" lon="-5.82442606"><ele>158.80</ele><time>2024-08-26T18:17:37Z</time></trkpt><trkpt lat="43.39958086" lon="-5.82444527"><ele>158.80</ele><time>2024-08-26T18:17:38Z</time></trkpt><trkpt lat="43.39958874" lon="-5.82446449"><ele>158.80</ele><time>2024-08-26T18:17:39Z</time></trkpt><trkpt lat="43.39959663" lon="-5.82448371"><ele>158.80</ele><time>2024-08-26T18:17:40Z</time></trkpt><trkpt lat="43.39960453" lon="-5.82450293"><ele>158.80</ele><time>2024-08-26T18:17:41Z</time></trkpt><trkpt lat="43.39961242" lon="-5.82452215"><ele>158.80</ele><time>2024-08-26T18:17:42Z</time></trkpt><trkpt lat="43.39962031" lon="-5.82454137"><ele>158.80</ele><time>2024-08-26T18:17:43Z</time></trkpt><trkpt lat="43.39962821" lon="-5.82456058"><ele>158.80</ele><time>2024-08-26T18:17:44Z</time></trkpt><trkpt lat="43.39963610" lon="-5.82457979"><ele>158.80</ele><time>2024-08-26T18:17:45Z</time></trkpt><trkpt lat="43.39964400" lon="-5.82459900"><ele>158.80</ele><time>2024-08-26T18:17:46Z</time></trkpt><trkpt lat="43.39964758" lon="-5.82462338"><ele>158.71</ele><time>2024-08-26T18:17:47Z</time></trkpt><trkpt lat="43.39964845" lon="-5.82465101"><ele>158.56</ele><time>2024-08-26T18:17:48Z</time></trkpt><trkpt lat="43.39964789" lon="-5.82468034"><ele>158.38</ele><time>2024-08-26T18:17:49Z</time></trkpt><trkpt lat="43.39965151" lon="-5.82470404"><ele>158.28</ele><time>2024-08-26T18:17:50Z</time></trkpt><trkpt lat="43.39965808" lon="-5.82472380"><ele>158.24</ele><time>2024-08-26T18:17:51Z</time></trkpt><trkpt lat="43.39966642" lon="-5.82474122"><ele>158.24</ele><time>2024-08-26T18:17:52Z</time></trkpt><trkpt lat="43.39967563" lon="-5.82475754"><ele>158.25</ele><time>2024-08-26T18:17:53Z</time></trkpt><trkpt lat="43.39968509" lon="-5.82477354"><ele>158.26</ele><time>2024-08-26T18:17:54Z</time></trkpt><trkpt lat="43.39969562" lon="-5.82479201"><ele>158.28</ele><time>2024-08-26T18:17:55Z</time></trkpt><trkpt lat="43.39970666" lon="-5.82481223"><ele>158.29</ele><time>2024-08-26T18:17:56Z</time></trkpt><trkpt lat="43.39971785" lon="-5.82483353"><ele>158.30</ele><time>2024-08-26T18:17:57Z</time></trkpt><trkpt lat="43.39972900" lon="-5.82485536"><ele>158.30</ele><time>2024-08-26T18:17:58Z</time></trkpt><trkpt lat="43.39974003" lon="-5.82487736"><ele>158.30</ele><time>2024-08-26T18:17:59Z</time></trkpt><trkpt lat="43.39975092" lon="-5.82489933"><ele>158.30</ele><time>2024-08-26T18:18:00Z</time></trkpt><trkpt lat="43.39976004" lon="-5.82491964"><ele>158.31</ele><time>2024-08-26T18:18:01Z</time></trkpt><trkpt lat="43.39976803" lon="-5.82493886"><ele>158.32</ele><time>2024-08-26T18:18:02Z</time></trkpt><trkpt lat="43.39977543" lon="-5.82495746"><ele>158.34</ele><time>2024-08-26T18:18:03Z</time></trkpt><trkpt lat="43.39978261" lon="-5.82497580"><ele>158.36</ele><time>2024-08-26T18:18:04Z</time></trkpt><trkpt lat="43.39978978" lon="-5.82499409"><ele>158.38</ele><time>2024-08-26T18:18:05Z</time></trkpt><trkpt lat="43.39979704" lon="-5.82501244"><ele>158.39</ele><time>2024-08-26T18:18:06Z</time></trkpt><trkpt lat="43.39980441" lon="-5.82503089"><ele>158.41</ele><time>2024-08-26T18:18:07Z</time></trkpt><trkpt lat="43.39981189" lon="-5.82504943"><ele>158.43</ele><time>2024-08-26T18:18:08Z</time></trkpt><trkpt lat="43.39981945" lon="-5.82506805"><ele>158.45</ele><time>2024-08-26T18:18:09Z</time></trkpt><trkpt lat="43.39982705" lon="-5.82508671"><ele>158.46</ele><time>2024-08-26T18:18:10Z</time></trkpt><trkpt lat="43.39983467" lon="-5.82510539"><ele>158.48</ele><time>2024-08-26T18:18:11Z</time></trkpt><trkpt lat="43.39984231" lon="-5.82512408"><ele>158.49</ele><time>2024-08-26T18:18:12Z</time></trkpt><trkpt lat="43.39984994" lon="-5.82514278"><ele>158.51</ele><time>2024-08-26T18:18:13Z</time></trkpt><trkpt lat="43.39985757" lon="-5.82516147"><ele>158.53</ele><time>2024-08-26T18:18:14Z</time></trkpt><trkpt lat="43.39986519" lon="-5.82518016"><ele>158.54</ele><time>2024-08-26T18:18:15Z</time></trkpt><trkpt lat="43.39987281" lon="-5.82519884"><ele>158.56</ele><time>2024-08-26T18:18:16Z</time></trkpt><trkpt lat="43.39988042" lon="-5.82521752"><ele>158.57</ele><time>2024-08-26T18:18:17Z</time></trkpt><trkpt lat="43.39988804" lon="-5.82523620"><ele>158.59</ele><time>2024-08-26T18:18:18Z</time></trkpt><trkpt lat="43.39989565" lon="-5.82525487"><ele>158.61</ele><time>2024-08-26T18:18:19Z</time></trkpt><trkpt lat="43.39990326" lon="-5.82527355"><ele>158.62</ele><time>2024-08-26T18:18:20Z</time></trkpt><trkpt lat="43.39991087" lon="-5.82529223"><ele>158.64</ele><time>2024-08-26T18:18:21Z</time></trkpt><trkpt lat="43.39991848" lon="-5.82531090"><ele>158.65</ele><time>2024-08-26T18:18:22Z</time></trkpt><trkpt lat="43.39992610" lon="-5.82532958"><ele>158.67</ele><time>2024-08-26T18:18:23Z</time></trkpt><trkpt lat="43.39993371" lon="-5.82534826"><ele>158.69</ele><time>2024-08-26T18:18:24Z</time></trkpt><trkpt lat="43.39994132" lon="-5.82536694"><ele>158.70</ele><time>2024-08-26T18:18:25Z</time></trkpt><trkpt lat="43.39994894" lon="-5.82538561"><ele>158.72</ele><time>2024-08-26T18:18:26Z</time></trkpt><trkpt lat="43.39995655" lon="-5.82540429"><ele>158.74</ele><time>2024-08-26T18:18:27Z</time></trkpt><trkpt lat="43.39996416" lon="-5.82542297"><ele>158.75</ele><time>2024-08-26T18:18:28Z</time></trkpt><trkpt lat="43.39997177" lon="-5.82544165"><ele>158.77</ele><time>2024-08-26T18:18:29Z</time></trkpt><trkpt lat="43.39997939" lon="-5.82546032"><ele>158.78</ele><time>2024-08-26T18:18:30Z</time></trkpt><trkpt lat="43.39998700" lon="-5.82547900"><ele>158.80</ele><time>2024-08-26T18:18:31Z</time></trkpt><trkpt lat="43.39999558" lon="-5.82549681"><ele>158.80</ele><time>2024-08-26T18:18:32Z</time></trkpt><trkpt lat="43.40000478" lon="-5.82551408"><ele>158.80</ele><time>2024-08-26T18:18:33Z</time></trkpt><trkpt lat="43.40001430" lon="-5.82553106"><ele>158.79</ele><time>2024-08-26T18:18:34Z</time></trkpt><trkpt lat="43.40002393" lon="-5.82554794"><ele>158.78</ele><time>2024-08-26T18:18:35Z</time></trkpt><trkpt lat="43.40003357" lon="-5.82556481"><ele>158.77</ele><time>2024-08-26T18:18:36Z</time></trkpt><trkpt lat="43.40004315" lon="-5.82558173"><ele>158.76</ele><time>2024-08-26T18:18:37Z</time></trkpt><trkpt lat="43.40005267" lon="-5.82559871"><ele>158.75</ele><time>2024-08-26T18:18:38Z</time></trkpt><trkpt lat="43.40006213" lon="-5.82561574"><ele>158.74</ele><time>2024-08-26T18:18:39Z</time></trkpt><trkpt lat="43.40007155" lon="-5.82563281"><ele>158.73</ele><time>2024-08-26T18:18:40Z</time></trkpt><trkpt lat="43.40008095" lon="-5.82564990"><ele>158.72</ele><time>2024-08-26T18:18:41Z</time></trkpt><trkpt lat="43.40009033" lon="-5.82566700"><ele>158.71</ele><time>2024-08-26T18:18:42Z</time></trkpt><trkpt lat="43.40009971" lon="-5.82568410"><ele>158.71</ele><time>2024-08-26T18:18:43Z</time></trkpt><trkpt lat="43.40010909" lon="-5.82570120"><ele>158.70</ele><time>2024-08-26T18:18:44Z</time></trkpt><trkpt lat="43.40011848" lon="-5.82571831"><ele>158.69</ele><time>2024-08-26T18:18:45Z</time></trkpt><trkpt lat="43.40012786" lon="-5.82573540"><ele>158.68</ele><time>2024-08-26T18:18:46Z</time></trkpt><trkpt lat="43.40013725" lon="-5.82575250"><ele>158.68</ele><time>2024-08-26T18:18:47Z</time></trkpt><trkpt lat="43.40014664" lon="-5.82576960"><ele>158.67</ele><time>2024-08-26T18:18:48Z</time></trkpt><trkpt lat="43.40015603" lon="-5.82578669"><ele>158.66</ele><time>2024-08-26T18:18:49Z</time></trkpt><trkpt lat="43.40016542" lon="-5.82580378"><ele>158.65</ele><time>2024-08-26T18:18:50Z</time></trkpt><trkpt lat="43.40017481" lon="-5.82582088"><ele>158.64</ele><time>2024-08-26T18:18:51Z</time></trkpt><trkpt lat="43.40018420" lon="-5.82583797"><ele>158.64</ele><time>2024-08-26T18:18:52Z</time></trkpt><trkpt lat="43.40019359" lon="-5.82585506"><ele>158.63</ele><time>2024-08-26T18:18:53Z</time></trkpt><trkpt lat="43.40020298" lon="-5.82587216"><ele>158.62</ele><time>2024-08-26T18:18:54Z</time></trkpt><trkpt lat="43.40021238" lon="-5.82588925"><ele>158.61</ele><time>2024-08-26T18:18:55Z</time></trkpt><trkpt lat="43.40022177" lon="-5.82590634"><ele>158.60</ele><time>2024-08-26T18:18:56Z</time></trkpt><trkpt lat="43.40023116" lon="-5.82592344"><ele>158.60</ele><time>2024-08-26T18:18:57Z</time></trkpt><trkpt lat="43.40024055" lon="-5.82594053"><ele>158.59</ele><time>2024-08-26T18:18:58Z</time></trkpt><trkpt lat="43.40024994" lon="-5.82595762"><ele>158.58</ele><time>2024-08-26T18:18:59Z</time></trkpt><trkpt lat="43.40025933" lon="-5.82597472"><ele>158.57</ele><time>2024-08-26T18:19:00Z</time></trkpt><trkpt lat="43.40026872" lon="-5.82599181"><ele>158.57</ele><time>2024-08-26T18:19:01Z</time></trkpt><trkpt lat="43.40027811" lon="-5.82600891"><ele>158.56</ele><time>2024-08-26T18:19:02Z</time></trkpt><trkpt lat="43.40028750" lon="-5.82602600"><ele>158.55</ele><time>2024-08-26T18:19:03Z</time></trkpt><trkpt lat="43.40029689" lon="-5.82604309"><ele>158.54</ele><time>2024-08-26T18:19:04Z</time></trkpt><trkpt lat="43.40030628" lon="-5.82606019"><ele>158.53</ele><time>2024-08-26T18:19:05Z</time></trkpt><trkpt lat="43.40031567" lon="-5.82607728"><ele>158.53</ele><time>2024-08-26T18:19:06Z</time></trkpt><trkpt lat="43.40032506" lon="-5.82609438"><ele>158.52</ele><time>2024-08-26T18:19:07Z</time></trkpt><trkpt lat="43.40033445" lon="-5.82611147"><ele>158.51</ele><time>2024-08-26T18:19:08Z</time></trkpt><trkpt lat="43.40034384" lon="-5.82612856"><ele>158.50</ele><time>2024-08-26T18:19:09Z</time></trkpt><trkpt lat="43.40035323" lon="-5.82614566"><ele>158.50</ele><time>2024-08-26T18:19:10Z</time></trkpt><trkpt lat="43.40036263" lon="-5.82616275"><ele>158.49</ele><time>2024-08-26T18:19:11Z</time></trkpt><trkpt lat="43.40037202" lon="-5.82617984"><ele>158.48</ele><time>2024-08-26T18:19:12Z</time></trkpt><trkpt lat="43.40038141" lon="-5.82619694"><ele>158.47</ele><time>2024-08-26T18:19:13Z</time></trkpt><trkpt lat="43.40039080" lon="-5.82621403"><ele>158.46</ele><time>2024-08-26T18:19:14Z</time></trkpt><trkpt lat="43.40040019" lon="-5.82623112"><ele>158.46</ele><time>2024-08-26T18:19:15Z</time></trkpt><trkpt lat="43.40040958" lon="-5.82624822"><ele>158.45</ele><time>2024-08-26T18:19:16Z</time></trkpt><trkpt lat="43.40041897" lon="-5.82626531"><ele>158.44</ele><time>2024-08-26T18:19:17Z</time></trkpt><trkpt lat="43.40042836" lon="-5.82628241"><ele>158.43</ele><time>2024-08-26T18:19:18Z</time></trkpt><trkpt lat="43.40043775" lon="-5.82629950"><ele>158.43</ele><time>2024-08-26T18:19:19Z</time></trkpt><trkpt lat="43.40044714" lon="-5.82631659"><ele>158.42</ele><time>2024-08-26T18:19:20Z</time></trkpt><trkpt lat="43.40045653" lon="-5.82633369"><ele>158.41</ele><time>2024-08-26T18:19:21Z</time></trkpt><trkpt lat="43.40046592" lon="-5.82635078"><ele>158.40</ele><time>2024-08-26T18:19:22Z</time></trkpt><trkpt lat="43.40047531" lon="-5.82636788"><ele>158.39</ele><time>2024-08-26T18:19:23Z</time></trkpt><trkpt lat="43.40048470" lon="-5.82638497"><ele>158.39</ele><time>2024-08-26T18:19:24Z</time></trkpt><trkpt lat="43.40049409" lon="-5.82640206"><ele>158.38</ele><time>2024-08-26T18:19:25Z</time></trkpt><trkpt lat="43.40050348" lon="-5.82641916"><ele>158.37</ele><time>2024-08-26T18:19:26Z</time></trkpt><trkpt lat="43.40051287" lon="-5.82643625"><ele>158.36</ele><time>2024-08-26T18:19:27Z</time></trkpt><trkpt lat="43.40052227" lon="-5.82645334"><ele>158.35</ele><time>2024-08-26T18:19:28Z</time></trkpt><trkpt lat="43.40053166" lon="-5.82647044"><ele>158.35</ele><time>2024-08-26T18:19:29Z</time></trkpt><trkpt lat="43.40054105" lon="-5.82648753"><ele>158.34</ele><time>2024-08-26T18:19:30Z</time></trkpt><trkpt lat="43.40055044" lon="-5.82650463"><ele>158.33</ele><time>2024-08-26T18:19:31Z</time></trkpt><trkpt lat="43.40055983" lon="-5.82652172"><ele>158.32</ele><time>2024-08-26T18:19:32Z</time></trkpt><trkpt lat="43.40056922" lon="-5.82653881"><ele>158.32</ele><time>2024-08-26T18:19:33Z</time></trkpt><trkpt lat="43.40057861" lon="-5.82655591"><ele>158.31</ele><time>2024-08-26T18:19:34Z</time></trkpt><trkpt lat="43.40058800" lon="-5.82657300"><ele>158.30</ele><time>2024-08-26T18:19:35Z</time></trkpt><trkpt lat="43.40059876" lon="-5.82658859"><ele>158.30</ele><time>2024-08-26T18:19:36Z</time></trkpt><trkpt lat="43.40061037" lon="-5.82660322"><ele>158.30</ele><time>2024-08-26T18:19:37Z</time></trkpt><trkpt lat="43.40062244" lon="-5.82661736"><ele>158.30</ele><time>2024-08-26T18:19:38Z</time></trkpt><trkpt lat="43.40063467" lon="-5.82663132"><ele>158.30</ele><time>2024-08-26T18:19:39Z</time></trkpt><trkpt lat="43.40064690" lon="-5.82664527"><ele>158.30</ele><time>2024-08-26T18:19:40Z</time></trkpt><trkpt lat="43.40065906" lon="-5.82665930"><ele>158.30</ele><time>2024-08-26T18:19:41Z</time></trkpt><trkpt lat="43.40067113" lon="-5.82667343"><ele>158.30</ele><time>2024-08-26T18:19:42Z</time></trkpt><trkpt lat="43.40068312" lon="-5.82668765"><ele>158.30</ele><time>2024-08-26T18:19:43Z</time></trkpt><trkpt lat="43.40069505" lon="-5.82670194"><ele>158.30</ele><time>2024-08-26T18:19:44Z</time></trkpt><trkpt lat="43.40070346" lon="-5.82671431"><ele>158.30</ele><time>2024-08-26T18:19:45Z</time></trkpt><trkpt lat="43.40070965" lon="-5.82672546"><ele>158.30</ele><time>2024-08-26T18:19:46Z</time></trkpt><trkpt lat="43.40071469" lon="-5.82673597"><ele>158.30</ele><time>2024-08-26T18:19:47Z</time></trkpt><trkpt lat="43.40071930" lon="-5.82674625"><ele>158.30</ele><time>2024-08-26T18:19:48Z</time></trkpt><trkpt lat="43.40072472" lon="-5.82676230"><ele>158.30</ele><time>2024-08-26T18:19:49Z</time></trkpt><trkpt lat="43.40073085" lon="-5.82678209"><ele>158.30</ele><time>2024-08-26T18:19:50Z</time></trkpt><trkpt lat="43.40073749" lon="-5.82680392"><ele>158.30</ele><time>2024-08-26T18:19:51Z</time></trkpt><trkpt lat="43.40074061" lon="-5.82682273"><ele>158.30</ele><time>2024-08-26T18:19:52Z</time></trkpt><trkpt lat="43.40074147" lon="-5.82683923"><ele>158.30</ele><time>2024-08-26T18:19:53Z</time></trkpt><trkpt lat="43.40074112" lon="-5.82685421"><ele>158.30</ele><time>2024-08-26T18:19:54Z</time></trkpt><trkpt lat="43.40074030" lon="-5.82686054"><ele>158.03</ele><time>2024-08-26T18:19:55Z</time></trkpt><trkpt lat="43.40073657" lon="-5.82686746"><ele>157.99</ele><time>2024-08-26T18:19:56Z</time></trkpt><trkpt lat="43.40073119" lon="-5.82687547"><ele>158.12</ele><time>2024-08-26T18:19:57Z</time></trkpt><trkpt lat="43.40072510" lon="-5.82688456"><ele>158.36</ele><time>2024-08-26T18:19:58Z</time></trkpt><trkpt lat="43.40071886" lon="-5.82689449"><ele>158.64</ele><time>2024-08-26T18:19:59Z</time></trkpt><trkpt lat="43.40070962" lon="-5.82690511"><ele>158.80</ele><time>2024-08-26T18:20:00Z</time></trkpt><trkpt lat="43.40069865" lon="-5.82691613"><ele>158.88</ele><time>2024-08-26T18:20:01Z</time></trkpt><trkpt lat="43.40068716" lon="-5.82692132"><ele>159.14</ele><time>2024-08-26T18:20:02Z</time></trkpt><trkpt lat="43.40067564" lon="-5.82692275"><ele>159.53</ele><time>2024-08-26T18:20:03Z</time></trkpt><trkpt lat="43.40066224" lon="-5.82691435"><ele>159.74</ele><time>2024-08-26T18:20:04Z</time></trkpt><trkpt lat="43.40064778" lon="-5.82690022"><ele>159.83</ele><time>2024-08-26T18:20:05Z</time></trkpt><trkpt lat="43.40063287" lon="-5.82688344"><ele>159.84</ele><time>2024-08-26T18:20:06Z</time></trkpt><trkpt lat="43.40061871" lon="-5.82686443"><ele>159.82</ele><time>2024-08-26T18:20:07Z</time></trkpt><trkpt lat="43.40060519" lon="-5.82684478"><ele>159.78</ele><time>2024-08-26T18:20:08Z</time></trkpt><trkpt lat="43.40059210" lon="-5.82682536"><ele>159.75</ele><time>2024-08-26T18:20:09Z</time></trkpt><trkpt lat="43.40057928" lon="-5.82680653"><ele>159.72</ele><time>2024-08-26T18:20:10Z</time></trkpt><trkpt lat="43.40056658" lon="-5.82678830"><ele>159.71</ele><time>2024-08-26T18:20:11Z</time></trkpt><trkpt lat="43.40055203" lon="-5.82677123"><ele>159.77</ele><time>2024-08-26T18:20:12Z</time></trkpt><trkpt lat="43.40053628" lon="-5.82675490"><ele>159.87</ele><time>2024-08-26T18:20:13Z</time></trkpt><trkpt lat="43.40051988" lon="-5.82673899"><ele>160.01</ele><time>2024-08-26T18:20:14Z</time></trkpt><trkpt lat="43.40050321" lon="-5.82672325"><ele>160.15</ele><time>2024-08-26T18:20:15Z</time></trkpt><trkpt lat="43.40048966" lon="-5.82670452"><ele>160.36</ele><time>2024-08-26T18:20:16Z</time></trkpt><trkpt lat="43.40047816" lon="-5.82668385"><ele>160.61</ele><time>2024-08-26T18:20:17Z</time></trkpt><trkpt lat="43.40046512" lon="-5.82666543"><ele>160.82</ele><time>2024-08-26T18:20:18Z</time></trkpt><trkpt lat="43.40045087" lon="-5.82664868"><ele>160.98</ele><time>2024-08-26T18:20:19Z</time></trkpt><trkpt lat="43.40043583" lon="-5.82663296"><ele>161.12</ele><time>2024-08-26T18:20:20Z</time></trkpt><trkpt lat="43.40042033" lon="-5.82661777"><ele>161.25</ele><time>2024-08-26T18:20:21Z</time></trkpt><trkpt lat="43.40040465" lon="-5.82660278"><ele>161.37</ele><time>2024-08-26T18:20:22Z</time></trkpt><trkpt lat="43.40038894" lon="-5.82658777"><ele>161.49</ele><time>2024-08-26T18:20:23Z</time></trkpt><trkpt lat="43.40037327" lon="-5.82657268"><ele>161.61</ele><time>2024-08-26T18:20:24Z</time></trkpt><trkpt lat="43.40035911" lon="-5.82655891"><ele>161.62</ele><time>2024-08-26T18:20:25Z</time></trkpt><trkpt lat="43.40034593" lon="-5.82654594"><ele>161.56</ele><time>2024-08-26T18:20:26Z</time></trkpt><trkpt lat="43.40033327" lon="-5.82653338"><ele>161.46</ele><time>2024-08-26T18:20:27Z</time></trkpt><trkpt lat="43.40032081" lon="-5.82652094"><ele>161.35</ele><time>2024-08-26T18:20:28Z</time></trkpt><trkpt lat="43.40030838" lon="-5.82650849"><ele>161.24</ele><time>2024-08-26T18:20:29Z</time></trkpt><trkpt lat="43.40029714" lon="-5.82649722"><ele>161.19</ele><time>2024-08-26T18:20:30Z</time></trkpt><trkpt lat="43.40028659" lon="-5.82648664"><ele>161.16</ele><time>2024-08-26T18:20:31Z</time></trkpt><trkpt lat="43.40027323" lon="-5.82647625"><ele>161.61</ele><time>2024-08-26T18:20:32Z</time></trkpt><trkpt lat="43.40025797" lon="-5.82646588"><ele>162.35</ele><time>2024-08-26T18:20:33Z</time></trkpt><trkpt lat="43.40024165" lon="-5.82645544"><ele>163.25</ele><time>2024-08-26T18:20:34Z</time></trkpt><trkpt lat="43.40022485" lon="-5.82644489"><ele>164.19</ele><time>2024-08-26T18:20:35Z</time></trkpt><trkpt lat="43.40020864" lon="-5.82643308"><ele>164.69</ele><time>2024-08-26T18:20:36Z</time></trkpt><trkpt lat="43.40019296" lon="-5.82642047"><ele>164.87</ele><time>2024-08-26T18:20:37Z</time></trkpt><trkpt lat="43.40017766" lon="-5.82640743"><ele>164.88</ele><time>2024-08-26T18:20:38Z</time></trkpt><trkpt lat="43.40016259" lon="-5.82639422"><ele>164.80</ele><time>2024-08-26T18:20:39Z</time></trkpt><trkpt lat="43.40014765" lon="-5.82638101"><ele>164.70</ele><time>2024-08-26T18:20:40Z</time></trkpt><trkpt lat="43.40013275" lon="-5.82636786"><ele>164.61</ele><time>2024-08-26T18:20:41Z</time></trkpt><trkpt lat="43.40011785" lon="-5.82635479"><ele>164.55</ele><time>2024-08-26T18:20:42Z</time></trkpt><trkpt lat="43.40010293" lon="-5.82634179"><ele>164.51</ele><time>2024-08-26T18:20:43Z</time></trkpt><trkpt lat="43.40008798" lon="-5.82632885"><ele>164.49</ele><time>2024-08-26T18:20:44Z</time></trkpt><trkpt lat="43.40007300" lon="-5.82631594"><ele>164.48</ele><time>2024-08-26T18:20:45Z</time></trkpt><trkpt lat="43.40006047" lon="-5.82630409"><ele>164.35</ele><time>2024-08-26T18:20:46Z</time></trkpt><trkpt lat="43.40004948" lon="-5.82629290"><ele>164.13</ele><time>2024-08-26T18:20:47Z</time></trkpt><trkpt lat="43.40003720" lon="-5.82628289"><ele>164.06</ele><time>2024-08-26T18:20:48Z</time></trkpt><trkpt lat="43.40002390" lon="-5.82627355"><ele>164.10</ele><time>2024-08-26T18:20:49Z</time></trkpt><trkpt lat="43.40000991" lon="-5.82626448"><ele>164.21</ele><time>2024-08-26T18:20:50Z</time></trkpt><trkpt lat="43.39999554" lon="-5.82625546"><ele>164.34</ele><time>2024-08-26T18:20:51Z</time></trkpt><trkpt lat="43.39998101" lon="-5.82624637"><ele>164.49</ele><time>2024-08-26T18:20:52Z</time></trkpt><trkpt lat="43.39996644" lon="-5.82623717"><ele>164.63</ele><time>2024-08-26T18:20:53Z</time></trkpt><trkpt lat="43.39995190" lon="-5.82622788"><ele>164.76</ele><time>2024-08-26T18:20:54Z</time></trkpt><trkpt lat="43.39993743" lon="-5.82621850"><ele>164.88</ele><time>2024-08-26T18:20:55Z</time></trkpt><trkpt lat="43.39992301" lon="-5.82620908"><ele>165.00</ele><time>2024-08-26T18:20:56Z</time></trkpt><trkpt lat="43.39991046" lon="-5.82619877"><ele>165.06</ele><time>2024-08-26T18:20:57Z</time></trkpt><trkpt lat="43.39989908" lon="-5.82618793"><ele>165.07</ele><time>2024-08-26T18:20:58Z</time></trkpt><trkpt lat="43.39988846" lon="-5.82617407"><ele>165.06</ele><time>2024-08-26T18:20:59Z</time></trkpt><trkpt lat="43.39987814" lon="-5.82615838"><ele>165.04</ele><time>2024-08-26T18:21:00Z</time></trkpt><trkpt lat="43.39986788" lon="-5.82614181"><ele>165.03</ele><time>2024-08-26T18:21:01Z</time></trkpt><trkpt lat="43.39985754" lon="-5.82612495"><ele>165.01</ele><time>2024-08-26T18:21:02Z</time></trkpt><trkpt lat="43.39984459" lon="-5.82611181"><ele>165.00</ele><time>2024-08-26T18:21:03Z</time></trkpt><trkpt lat="43.39982997" lon="-5.82610118"><ele>165.00</ele><time>2024-08-26T18:21:04Z</time></trkpt><trkpt lat="43.39981444" lon="-5.82609198"><ele>165.00</ele><time>2024-08-26T18:21:05Z</time></trkpt><trkpt lat="43.39979856" lon="-5.82608340"><ele>165.00</ele><time>2024-08-26T18:21:06Z</time></trkpt><trkpt lat="43.39978264" lon="-5.82607496"><ele>165.00</ele><time>2024-08-26T18:21:07Z</time></trkpt><trkpt lat="43.39976684" lon="-5.82606640"><ele>165.00</ele><time>2024-08-26T18:21:08Z</time></trkpt><trkpt lat="43.39975120" lon="-5.82605764"><ele>165.00</ele><time>2024-08-26T18:21:09Z</time></trkpt><trkpt lat="43.39973595" lon="-5.82604836"><ele>165.08</ele><time>2024-08-26T18:21:10Z</time></trkpt><trkpt lat="43.39972097" lon="-5.82603872"><ele>165.21</ele><time>2024-08-26T18:21:11Z</time></trkpt><trkpt lat="43.39970613" lon="-5.82602889"><ele>165.37</ele><time>2024-08-26T18:21:12Z</time></trkpt><trkpt lat="43.39969136" lon="-5.82601895"><ele>165.53</ele><time>2024-08-26T18:21:13Z</time></trkpt><trkpt lat="43.39967660" lon="-5.82600900"><ele>165.70</ele><time>2024-08-26T18:21:14Z</time></trkpt><trkpt lat="43.39966183" lon="-5.82599905"><ele>165.86</ele><time>2024-08-26T18:21:15Z</time></trkpt><trkpt lat="43.39964704" lon="-5.82598913"><ele>166.02</ele><time>2024-08-26T18:21:16Z</time></trkpt><trkpt lat="43.39963223" lon="-5.82597924"><ele>166.17</ele><time>2024-08-26T18:21:17Z</time></trkpt><trkpt lat="43.39961740" lon="-5.82596937"><ele>166.32</ele><time>2024-08-26T18:21:18Z</time></trkpt><trkpt lat="43.39960255" lon="-5.82595952"><ele>166.47</ele><time>2024-08-26T18:21:19Z</time></trkpt><trkpt lat="43.39958771" lon="-5.82594967"><ele>166.61</ele><time>2024-08-26T18:21:20Z</time></trkpt><trkpt lat="43.39957286" lon="-5.82593983"><ele>166.76</ele><time>2024-08-26T18:21:21Z</time></trkpt><trkpt lat="43.39955801" lon="-5.82592999"><ele>166.90</ele><time>2024-08-26T18:21:22Z</time></trkpt><trkpt lat="43.39954456" lon="-5.82591882"><ele>166.97</ele><time>2024-08-26T18:21:23Z</time></trkpt><trkpt lat="43.39953199" lon="-5.82590680"><ele>166.98</ele><time>2024-08-26T18:21:24Z</time></trkpt><trkpt lat="43.39951988" lon="-5.82589434"><ele>166.97</ele><time>2024-08-26T18:21:25Z</time></trkpt><trkpt lat="43.39950795" lon="-5.82588173"><ele>166.95</ele><time>2024-08-26T18:21:26Z</time></trkpt><trkpt lat="43.39949601" lon="-5.82586910"><ele>166.93</ele><time>2024-08-26T18:21:27Z</time></trkpt><trkpt lat="43.39948401" lon="-5.82585655"><ele>166.92</ele><time>2024-08-26T18:21:28Z</time></trkpt><trkpt lat="43.39947191" lon="-5.82584409"><ele>166.91</ele><time>2024-08-26T18:21:29Z</time></trkpt><trkpt lat="43.39946174" lon="-5.82583601"><ele>167.16</ele><time>2024-08-26T18:21:30Z</time></trkpt><trkpt lat="43.39945278" lon="-5.82583071"><ele>167.59</ele><time>2024-08-26T18:21:31Z</time></trkpt><trkpt lat="43.39944445" lon="-5.82582685"><ele>168.10</ele><time>2024-08-26T18:21:32Z</time></trkpt><trkpt lat="43.39943634" lon="-5.82582354"><ele>168.65</ele><time>2024-08-26T18:21:33Z</time></trkpt><trkpt lat="43.39942824" lon="-5.82582025"><ele>169.19</ele><time>2024-08-26T18:21:34Z</time></trkpt><trkpt lat="43.39941689" lon="-5.82581530"><ele>169.37</ele><time>2024-08-26T18:21:35Z</time></trkpt><trkpt lat="43.39940344" lon="-5.82580917"><ele>169.31</ele><time>2024-08-26T18:21:36Z</time></trkpt><trkpt lat="43.39938884" lon="-5.82580231"><ele>169.12</ele><time>2024-08-26T18:21:37Z</time></trkpt><trkpt lat="43.39937288" lon="-5.82579305"><ele>168.91</ele><time>2024-08-26T18:21:38Z</time></trkpt><trkpt lat="43.39935628" lon="-5.82578238"><ele>168.72</ele><time>2024-08-26T18:21:39Z</time></trkpt><trkpt lat="43.39933952" lon="-5.82577105"><ele>168.55</ele><time>2024-08-26T18:21:40Z</time></trkpt><trkpt lat="43.39932285" lon="-5.82575955"><ele>168.41</ele><time>2024-08-26T18:21:41Z</time></trkpt><trkpt lat="43.39930364" lon="-5.82575400"><ele>168.07</ele><time>2024-08-26T18:21:42Z</time></trkpt><trkpt lat="43.39928848" lon="-5.82574646"><ele>167.88</ele><time>2024-08-26T18:21:43Z</time></trkpt><trkpt lat="43.39927611" lon="-5.82573734"><ele>167.80</ele><time>2024-08-26T18:21:44Z</time></trkpt><trkpt lat="43.39926535" lon="-5.82572715"><ele>167.78</ele><time>2024-08-26T18:21:45Z</time></trkpt><trkpt lat="43.39925532" lon="-5.82571635"><ele>167.80</ele><time>2024-08-26T18:21:46Z</time></trkpt><trkpt lat="43.39924351" lon="-5.82570630"><ele>167.81</ele><time>2024-08-26T18:21:47Z</time></trkpt><trkpt lat="43.39923035" lon="-5.82569682"><ele>167.80</ele><time>2024-08-26T18:21:48Z</time></trkpt><trkpt lat="43.39921634" lon="-5.82568772"><ele>167.78</ele><time>2024-08-26T18:21:49Z</time></trkpt><trkpt lat="43.39920186" lon="-5.82567883"><ele>167.74</ele><time>2024-08-26T18:21:50Z</time></trkpt><trkpt lat="43.39918721" lon="-5.82567004"><ele>167.70</ele><time>2024-08-26T18:21:51Z</time></trkpt><trkpt lat="43.39917255" lon="-5.82566126"><ele>167.66</ele><time>2024-08-26T18:21:52Z</time></trkpt><trkpt lat="43.39915795" lon="-5.82565245"><ele>167.62</ele><time>2024-08-26T18:21:53Z</time></trkpt><trkpt lat="43.39914343" lon="-5.82564362"><ele>167.57</ele><time>2024-08-26T18:21:54Z</time></trkpt><trkpt lat="43.39912900" lon="-5.82563475"><ele>167.53</ele><time>2024-08-26T18:21:55Z</time></trkpt><trkpt lat="43.39911462" lon="-5.82562585"><ele>167.48</ele><time>2024-08-26T18:21:56Z</time></trkpt><trkpt lat="43.39910027" lon="-5.82561694"><ele>167.44</ele><time>2024-08-26T18:21:57Z</time></trkpt><trkpt lat="43.39908595" lon="-5.82560802"><ele>167.40</ele><time>2024-08-26T18:21:58Z</time></trkpt><trkpt lat="43.39907163" lon="-5.82559875"><ele>167.38</ele><time>2024-08-26T18:21:59Z</time></trkpt><trkpt lat="43.39905731" lon="-5.82558926"><ele>167.38</ele><time>2024-08-26T18:22:00Z</time></trkpt><trkpt lat="43.39904299" lon="-5.82557965"><ele>167.38</ele><time>2024-08-26T18:22:01Z</time></trkpt><trkpt lat="43.39902866" lon="-5.82557001"><ele>167.39</ele><time>2024-08-26T18:22:02Z</time></trkpt><trkpt lat="43.39901433" lon="-5.82556036"><ele>167.39</ele><time>2024-08-26T18:22:03Z</time></trkpt><trkpt lat="43.39900000" lon="-5.82555074"><ele>167.40</ele><time>2024-08-26T18:22:04Z</time></trkpt><trkpt lat="43.39898567" lon="-5.82554113"><ele>167.40</ele><time>2024-08-26T18:22:05Z</time></trkpt><trkpt lat="43.39897134" lon="-5.82553155"><ele>167.40</ele><time>2024-08-26T18:22:06Z</time></trkpt><trkpt lat="43.39895700" lon="-5.82552199"><ele>167.40</ele><time>2024-08-26T18:22:07Z</time></trkpt><trkpt lat="43.39894291" lon="-5.82551212"><ele>167.43</ele><time>2024-08-26T18:22:08Z</time></trkpt><trkpt lat="43.39892898" lon="-5.82550207"><ele>167.49</ele><time>2024-08-26T18:22:09Z</time></trkpt><trkpt lat="43.39891513" lon="-5.82549191"><ele>167.55</ele><time>2024-08-26T18:22:10Z</time></trkpt><trkpt lat="43.39890131" lon="-5.82548172"><ele>167.61</ele><time>2024-08-26T18:22:11Z</time></trkpt><trkpt lat="43.39888749" lon="-5.82547153"><ele>167.68</ele><time>2024-08-26T18:22:12Z</time></trkpt><trkpt lat="43.39887366" lon="-5.82546135"><ele>167.75</ele><time>2024-08-26T18:22:13Z</time></trkpt><trkpt lat="43.39885981" lon="-5.82545120"><ele>167.81</ele><time>2024-08-26T18:22:14Z</time></trkpt><trkpt lat="43.39884594" lon="-5.82544106"><ele>167.87</ele><time>2024-08-26T18:22:15Z</time></trkpt><trkpt lat="43.39883207" lon="-5.82543093"><ele>167.93</ele><time>2024-08-26T18:22:16Z</time></trkpt><trkpt lat="43.39881819" lon="-5.82542081"><ele>167.99</ele><time>2024-08-26T18:22:17Z</time></trkpt><trkpt lat="43.39880430" lon="-5.82541069"><ele>168.05</ele><time>2024-08-26T18:22:18Z</time></trkpt><trkpt lat="43.39879042" lon="-5.82540058"><ele>168.11</ele><time>2024-08-26T18:22:19Z</time></trkpt><trkpt lat="43.39877653" lon="-5.82539047"><ele>168.17</ele><time>2024-08-26T18:22:20Z</time></trkpt><trkpt lat="43.39876265" lon="-5.82538035"><ele>168.22</ele><time>2024-08-26T18:22:21Z</time></trkpt><trkpt lat="43.39874877" lon="-5.82537023"><ele>168.28</ele><time>2024-08-26T18:22:22Z</time></trkpt><trkpt lat="43.39873488" lon="-5.82536012"><ele>168.34</ele><time>2024-08-26T18:22:23Z</time></trkpt><trkpt lat="43.39872100" lon="-5.82535000"><ele>168.40</ele><time>2024-08-26T18:22:24Z</time></trkpt><trkpt lat="43.39870771" lon="-5.82534071"><ele>168.37</ele><time>2024-08-26T18:22:25Z</time></trkpt><trkpt lat="43.39869479" lon="-5.82533195"><ele>168.29</ele><time>2024-08-26T18:22:26Z</time></trkpt><trkpt lat="43.39868207" lon="-5.82532345"><ele>168.18</ele><time>2024-08-26T18:22:27Z</time></trkpt><trkpt lat="43.39866941" lon="-5.82531506"><ele>168.06</ele><time>2024-08-26T18:22:28Z</time></trkpt><trkpt lat="43.39865676" lon="-5.82530667"><ele>167.93</ele><time>2024-08-26T18:22:29Z</time></trkpt><trkpt lat="43.39864358" lon="-5.82529778"><ele>167.94</ele><time>2024-08-26T18:22:30Z</time></trkpt><trkpt lat="43.39863004" lon="-5.82528854"><ele>168.02</ele><time>2024-08-26T18:22:31Z</time></trkpt><trkpt lat="43.39861630" lon="-5.82527910"><ele>168.14</ele><time>2024-08-26T18:22:32Z</time></trkpt><trkpt lat="43.39860247" lon="-5.82526957"><ele>168.28</ele><time>2024-08-26T18:22:33Z</time></trkpt><trkpt lat="43.39858863" lon="-5.82526002"><ele>168.43</ele><time>2024-08-26T18:22:34Z</time></trkpt><trkpt lat="43.39857480" lon="-5.82525048"><ele>168.57</ele><time>2024-08-26T18:22:35Z</time></trkpt><trkpt lat="43.39856101" lon="-5.82524097"><ele>168.70</ele><time>2024-08-26T18:22:36Z</time></trkpt><trkpt lat="43.39854725" lon="-5.82523149"><ele>168.83</ele><time>2024-08-26T18:22:37Z</time></trkpt><trkpt lat="43.39853350" lon="-5.82522203"><ele>168.95</ele><time>2024-08-26T18:22:38Z</time></trkpt><trkpt lat="43.39851978" lon="-5.82521258"><ele>169.07</ele><time>2024-08-26T18:22:39Z</time></trkpt><trkpt lat="43.39850606" lon="-5.82520314"><ele>169.18</ele><time>2024-08-26T18:22:40Z</time></trkpt><trkpt lat="43.39849235" lon="-5.82519371"><ele>169.30</ele><time>2024-08-26T18:22:41Z</time></trkpt><trkpt lat="43.39847863" lon="-5.82518427"><ele>169.41</ele><time>2024-08-26T18:22:42Z</time></trkpt><trkpt lat="43.39846492" lon="-5.82517483"><ele>169.53</ele><time>2024-08-26T18:22:43Z</time></trkpt><trkpt lat="43.39845120" lon="-5.82516540"><ele>169.64</ele><time>2024-08-26T18:22:44Z</time></trkpt><trkpt lat="43.39843748" lon="-5.82515596"><ele>169.76</ele><time>2024-08-26T18:22:45Z</time></trkpt><trkpt lat="43.39842376" lon="-5.82514652"><ele>169.87</ele><time>2024-08-26T18:22:46Z</time></trkpt><trkpt lat="43.39841004" lon="-5.82513708"><ele>169.99</ele><time>2024-08-26T18:22:47Z</time></trkpt><trkpt lat="43.39839632" lon="-5.82512764"><ele>170.10</ele><time>2024-08-26T18:22:48Z</time></trkpt><trkpt lat="43.39838260" lon="-5.82511820"><ele>170.22</ele><time>2024-08-26T18:22:49Z</time></trkpt><trkpt lat="43.39836888" lon="-5.82510876"><ele>170.34</ele><time>2024-08-26T18:22:50Z</time></trkpt><trkpt lat="43.39835516" lon="-5.82509932"><ele>170.45</ele><time>2024-08-26T18:22:51Z</time></trkpt><trkpt lat="43.39834144" lon="-5.82508988"><ele>170.57</ele><time>2024-08-26T18:22:52Z</time></trkpt><trkpt lat="43.39832772" lon="-5.82508044"><ele>170.68</ele><time>2024-08-26T18:22:53Z</time></trkpt><trkpt lat="43.39831400" lon="-5.82507100"><ele>170.80</ele><time>2024-08-26T18:22:54Z</time></trkpt><trkpt lat="43.39829994" lon="-5.82506283"><ele>170.82</ele><time>2024-08-26T18:22:55Z</time></trkpt><trkpt lat="43.39828568" lon="-5.82505547"><ele>170.79</ele><time>2024-08-26T18:22:56Z</time></trkpt><trkpt lat="43.39827130" lon="-5.82504852"><ele>170.72</ele><time>2024-08-26T18:22:57Z</time></trkpt><trkpt lat="43.39825688" lon="-5.82504173"><ele>170.64</ele><time>2024-08-26T18:22:58Z</time></trkpt><trkpt lat="43.39824247" lon="-5.82503494"><ele>170.56</ele><time>2024-08-26T18:22:59Z</time></trkpt><trkpt lat="43.39822807" lon="-5.82502808"><ele>170.49</ele><time>2024-08-26T18:23:00Z</time></trkpt><trkpt lat="43.39821369" lon="-5.82502114"><ele>170.42</ele><time>2024-08-26T18:23:01Z</time></trkpt><trkpt lat="43.39819933" lon="-5.82501412"><ele>170.35</ele><time>2024-08-26T18:23:02Z</time></trkpt><trkpt lat="43.39818499" lon="-5.82500705"><ele>170.30</ele><time>2024-08-26T18:23:03Z</time></trkpt><trkpt lat="43.39817029" lon="-5.82500383"><ele>170.33</ele><time>2024-08-26T18:23:04Z</time></trkpt><trkpt lat="43.39815536" lon="-5.82500305"><ele>170.41</ele><time>2024-08-26T18:23:05Z</time></trkpt><trkpt lat="43.39814032" lon="-5.82500353"><ele>170.52</ele><time>2024-08-26T18:23:06Z</time></trkpt><trkpt lat="43.39812523" lon="-5.82500449"><ele>170.64</ele><time>2024-08-26T18:23:07Z</time></trkpt><trkpt lat="43.39811014" lon="-5.82500546"><ele>170.77</ele><time>2024-08-26T18:23:08Z</time></trkpt><trkpt lat="43.39809507" lon="-5.82500623"><ele>170.88</ele><time>2024-08-26T18:23:09Z</time></trkpt><trkpt lat="43.39808002" lon="-5.82500674"><ele>170.99</ele><time>2024-08-26T18:23:10Z</time></trkpt><trkpt lat="43.39806500" lon="-5.82500703"><ele>171.10</ele><time>2024-08-26T18:23:11Z</time></trkpt><trkpt lat="43.39804999" lon="-5.82500715"><ele>171.20</ele><time>2024-08-26T18:23:12Z</time></trkpt><trkpt lat="43.39803498" lon="-5.82500718"><ele>171.30</ele><time>2024-08-26T18:23:13Z</time></trkpt><trkpt lat="43.39802035" lon="-5.82501009"><ele>171.37</ele><time>2024-08-26T18:23:14Z</time></trkpt><trkpt lat="43.39800595" lon="-5.82501483"><ele>171.41</ele><time>2024-08-26T18:23:15Z</time></trkpt><trkpt lat="43.39799167" lon="-5.82502054"><ele>171.44</ele><time>2024-08-26T18:23:16Z</time></trkpt><trkpt lat="43.39797743" lon="-5.82502662"><ele>171.47</ele><time>2024-08-26T18:23:17Z</time></trkpt><trkpt lat="43.39796319" lon="-5.82503271"><ele>171.50</ele><time>2024-08-26T18:23:18Z</time></trkpt><trkpt lat="43.39794893" lon="-5.82503866"><ele>171.53</ele><time>2024-08-26T18:23:19Z</time></trkpt><trkpt lat="43.39793464" lon="-5.82504442"><ele>171.56</ele><time>2024-08-26T18:23:20Z</time></trkpt><trkpt lat="43.39792034" lon="-5.82505002"><ele>171.60</ele><time>2024-08-26T18:23:21Z</time></trkpt><trkpt lat="43.39790602" lon="-5.82505549"><ele>171.64</ele><time>2024-08-26T18:23:22Z</time></trkpt><trkpt lat="43.39789168" lon="-5.82506088"><ele>171.67</ele><time>2024-08-26T18:23:23Z</time></trkpt><trkpt lat="43.39787735" lon="-5.82506624"><ele>171.71</ele><time>2024-08-26T18:23:24Z</time></trkpt><trkpt lat="43.39786301" lon="-5.82507158"><ele>171.75</ele><time>2024-08-26T18:23:25Z</time></trkpt><trkpt lat="43.39784867" lon="-5.82507692"><ele>171.79</ele><time>2024-08-26T18:23:26Z</time></trkpt><trkpt lat="43.39783434" lon="-5.82508227"><ele>171.82</ele><time>2024-08-26T18:23:27Z</time></trkpt><trkpt lat="43.39782000" lon="-5.82508763"><ele>171.86</ele><time>2024-08-26T18:23:28Z</time></trkpt><trkpt lat="43.39780567" lon="-5.82509300"><ele>171.90</ele><time>2024-08-26T18:23:29Z</time></trkpt><trkpt lat="43.39779133" lon="-5.82509837"><ele>171.94</ele><time>2024-08-26T18:23:30Z</time></trkpt><trkpt lat="43.39777700" lon="-5.82510374"><ele>171.98</ele><time>2024-08-26T18:23:31Z</time></trkpt><trkpt lat="43.39776267" lon="-5.82510912"><ele>172.01</ele><time>2024-08-26T18:23:32Z</time></trkpt><trkpt lat="43.39774833" lon="-5.82511450"><ele>172.05</ele><time>2024-08-26T18:23:33Z</time></trkpt><trkpt lat="43.39773400" lon="-5.82511987"><ele>172.09</ele><time>2024-08-26T18:23:34Z</time></trkpt><trkpt lat="43.39771967" lon="-5.82512525"><ele>172.13</ele><time>2024-08-26T18:23:35Z</time></trkpt><trkpt lat="43.39770533" lon="-5.82513062"><ele>172.16</ele><time>2024-08-26T18:23:36Z</time></trkpt><trkpt lat="43.39769100" lon="-5.82513600"><ele>172.20</ele><time>2024-08-26T18:23:37Z</time></trkpt><trkpt lat="43.39767767" lon="-5.82514283"><ele>172.27</ele><time>2024-08-26T18:23:38Z</time></trkpt><trkpt lat="43.39766497" lon="-5.82515058"><ele>172.36</ele><time>2024-08-26T18:23:39Z</time></trkpt><trkpt lat="43.39765260" lon="-5.82515881"><ele>172.47</ele><time>2024-08-26T18:23:40Z</time></trkpt><trkpt lat="43.39764035" lon="-5.82516722"><ele>172.58</ele><time>2024-08-26T18:23:41Z</time></trkpt><trkpt lat="43.39762810" lon="-5.82517563"><ele>172.69</ele><time>2024-08-26T18:23:42Z</time></trkpt><trkpt lat="43.39761580" lon="-5.82518396"><ele>172.79</ele><time>2024-08-26T18:23:43Z</time></trkpt><trkpt lat="43.39760343" lon="-5.82519220"><ele>172.90</ele><time>2024-08-26T18:23:44Z</time></trkpt><trkpt lat="43.39759101" lon="-5.82520035"><ele>173.00</ele><time>2024-08-26T18:23:45Z</time></trkpt><trkpt lat="43.39757854" lon="-5.82520843"><ele>173.10</ele><time>2024-08-26T18:23:46Z</time></trkpt><trkpt lat="43.39756605" lon="-5.82521648"><ele>173.20</ele><time>2024-08-26T18:23:47Z</time></trkpt><trkpt lat="43.39755354" lon="-5.82522452"><ele>173.30</ele><time>2024-08-26T18:23:48Z</time></trkpt><trkpt lat="43.39754103" lon="-5.82523254"><ele>173.40</ele><time>2024-08-26T18:23:49Z</time></trkpt><trkpt lat="43.39752852" lon="-5.82524057"><ele>173.50</ele><time>2024-08-26T18:23:50Z</time></trkpt><trkpt lat="43.39751601" lon="-5.82524859"><ele>173.60</ele><time>2024-08-26T18:23:51Z</time></trkpt><trkpt lat="43.39750350" lon="-5.82525663"><ele>173.70</ele><time>2024-08-26T18:23:52Z</time></trkpt><trkpt lat="43.39749100" lon="-5.82526467"><ele>173.80</ele><time>2024-08-26T18:23:53Z</time></trkpt><trkpt lat="43.39747850" lon="-5.82527271"><ele>173.90</ele><time>2024-08-26T18:23:54Z</time></trkpt><trkpt lat="43.39746600" lon="-5.82528075"><ele>174.00</ele><time>2024-08-26T18:23:55Z</time></trkpt><trkpt lat="43.39745350" lon="-5.82528879"><ele>174.10</ele><time>2024-08-26T18:23:56Z</time></trkpt><trkpt lat="43.39744100" lon="-5.82529683"><ele>174.20</ele><time>2024-08-26T18:23:57Z</time></trkpt><trkpt lat="43.39742850" lon="-5.82530487"><ele>174.30</ele><time>2024-08-26T18:23:58Z</time></trkpt><trkpt lat="43.39741600" lon="-5.82531292"><ele>174.40</ele><time>2024-08-26T18:23:59Z</time></trkpt><trkpt lat="43.39740350" lon="-5.82532096"><ele>174.50</ele><time>2024-08-26T18:24:00Z</time></trkpt><trkpt lat="43.39739100" lon="-5.82532900"><ele>174.60</ele><time>2024-08-26T18:24:01Z</time></trkpt><trkpt lat="43.39737331" lon="-5.82533265"><ele>174.65</ele><time>2024-08-26T18:24:02Z</time></trkpt><trkpt lat="43.39735626" lon="-5.82533624"><ele>174.66</ele><time>2024-08-26T18:24:03Z</time></trkpt><trkpt lat="43.39733996" lon="-5.82534009"><ele>174.65</ele><time>2024-08-26T18:24:04Z</time></trkpt><trkpt lat="43.39732432" lon="-5.82534430"><ele>174.64</ele><time>2024-08-26T18:24:05Z</time></trkpt><trkpt lat="43.39730914" lon="-5.82534883"><ele>174.62</ele><time>2024-08-26T18:24:06Z</time></trkpt><trkpt lat="43.39729424" lon="-5.82535360"><ele>174.61</ele><time>2024-08-26T18:24:07Z</time></trkpt><trkpt lat="43.39727949" lon="-5.82535852"><ele>174.60</ele><time>2024-08-26T18:24:08Z</time></trkpt><trkpt lat="43.39726478" lon="-5.82536352"><ele>174.60</ele><time>2024-08-26T18:24:09Z</time></trkpt><trkpt lat="43.39725005" lon="-5.82536854"><ele>174.60</ele><time>2024-08-26T18:24:10Z</time></trkpt><trkpt lat="43.39723530" lon="-5.82537356"><ele>174.60</ele><time>2024-08-26T18:24:11Z</time></trkpt><trkpt lat="43.39722052" lon="-5.82537857"><ele>174.60</ele><time>2024-08-26T18:24:12Z</time></trkpt><trkpt lat="43.39720570" lon="-5.82538356"><ele>174.60</ele><time>2024-08-26T18:24:13Z</time></trkpt><trkpt lat="43.39719087" lon="-5.82538854"><ele>174.60</ele><time>2024-08-26T18:24:14Z</time></trkpt><trkpt lat="43.39717602" lon="-5.82539351"><ele>174.60</ele><time>2024-08-26T18:24:15Z</time></trkpt><trkpt lat="43.39716117" lon="-5.82539847"><ele>174.60</ele><time>2024-08-26T18:24:16Z</time></trkpt><trkpt lat="43.39714632" lon="-5.82540343"><ele>174.60</ele><time>2024-08-26T18:24:17Z</time></trkpt><trkpt lat="43.39713147" lon="-5.82540839"><ele>174.60</ele><time>2024-08-26T18:24:18Z</time></trkpt><trkpt lat="43.39711662" lon="-5.82541335"><ele>174.60</ele><time>2024-08-26T18:24:19Z</time></trkpt><trkpt lat="43.39710177" lon="-5.82541831"><ele>174.60</ele><time>2024-08-26T18:24:20Z</time></trkpt><trkpt lat="43.39708692" lon="-5.82542327"><ele>174.60</ele><time>2024-08-26T18:24:21Z</time></trkpt><trkpt lat="43.39707208" lon="-5.82542823"><ele>174.60</ele><time>2024-08-26T18:24:22Z</time></trkpt><trkpt lat="43.39705723" lon="-5.82543319"><ele>174.60</ele><time>2024-08-26T18:24:23Z</time></trkpt><trkpt lat="43.39704238" lon="-5.82543815"><ele>174.60</ele><time>2024-08-26T18:24:24Z</time></trkpt><trkpt lat="43.39702754" lon="-5.82544311"><ele>174.60</ele><time>2024-08-26T18:24:25Z</time></trkpt><trkpt lat="43.39701269" lon="-5.82544808"><ele>174.60</ele><time>2024-08-26T18:24:26Z</time></trkpt><trkpt lat="43.39699785" lon="-5.82545304"><ele>174.60</ele><time>2024-08-26T18:24:27Z</time></trkpt><trkpt lat="43.39698300" lon="-5.82545800"><ele>174.60</ele><time>2024-08-26T18:24:28Z</time></trkpt><trkpt lat="43.39696843" lon="-5.82546025"><ele>174.69</ele><time>2024-08-26T18:24:29Z</time></trkpt><trkpt lat="43.39695404" lon="-5.82546079"><ele>174.84</ele><time>2024-08-26T18:24:30Z</time></trkpt><trkpt lat="43.39693975" lon="-5.82546044"><ele>175.02</ele><time>2024-08-26T18:24:31Z</time></trkpt><trkpt lat="43.39692457" lon="-5.82545977"><ele>175.12</ele><time>2024-08-26T18:24:32Z</time></trkpt><trkpt lat="43.39690883" lon="-5.82545908"><ele>175.16</ele><time>2024-08-26T18:24:33Z</time></trkpt><trkpt lat="43.39689277" lon="-5.82545854"><ele>175.16</ele><time>2024-08-26T18:24:34Z</time></trkpt><trkpt lat="43.39687657" lon="-5.82545818"><ele>175.15</ele><time>2024-08-26T18:24:35Z</time></trkpt><trkpt lat="43.39686096" lon="-5.82545848"><ele>175.19</ele><time>2024-08-26T18:24:36Z</time></trkpt><trkpt lat="43.39684575" lon="-5.82545920"><ele>175.27</ele><time>2024-08-26T18:24:37Z</time></trkpt><trkpt lat="43.39683080" lon="-5.82546016"><ele>175.37</ele><time>2024-08-26T18:24:38Z</time></trkpt><trkpt lat="43.39681596" lon="-5.82546122"><ele>175.48</ele><time>2024-08-26T18:24:39Z</time></trkpt><trkpt lat="43.39680117" lon="-5.82546229"><ele>175.60</ele><time>2024-08-26T18:24:40Z</time></trkpt><trkpt lat="43.39678637" lon="-5.82546333"><ele>175.71</ele><time>2024-08-26T18:24:41Z</time></trkpt><trkpt lat="43.39677154" lon="-5.82546434"><ele>175.82</ele><time>2024-08-26T18:24:42Z</time></trkpt><trkpt lat="43.39675668" lon="-5.82546530"><ele>175.93</ele><time>2024-08-26T18:24:43Z</time></trkpt><trkpt lat="43.39674179" lon="-5.82546624"><ele>176.04</ele><time>2024-08-26T18:24:44Z</time></trkpt><trkpt lat="43.39672689" lon="-5.82546716"><ele>176.15</ele><time>2024-08-26T18:24:45Z</time></trkpt><trkpt lat="43.39671198" lon="-5.82546807"><ele>176.25</ele><time>2024-08-26T18:24:46Z</time></trkpt><trkpt lat="43.39669706" lon="-5.82546897"><ele>176.35</ele><time>2024-08-26T18:24:47Z</time></trkpt><trkpt lat="43.39668214" lon="-5.82546988"><ele>176.46</ele><time>2024-08-26T18:24:48Z</time></trkpt><trkpt lat="43.39666722" lon="-5.82547079"><ele>176.56</ele><time>2024-08-26T18:24:49Z</time></trkpt><trkpt lat="43.39665231" lon="-5.82547170"><ele>176.67</ele><time>2024-08-26T18:24:50Z</time></trkpt><trkpt lat="43.39663739" lon="-5.82547261"><ele>176.77</ele><time>2024-08-26T18:24:51Z</time></trkpt><trkpt lat="43.39662248" lon="-5.82547352"><ele>176.87</ele><time>2024-08-26T18:24:52Z</time></trkpt><trkpt lat="43.39660756" lon="-5.82547443"><ele>176.98</ele><time>2024-08-26T18:24:53Z</time></trkpt><trkpt lat="43.39659265" lon="-5.82547535"><ele>177.08</ele><time>2024-08-26T18:24:54Z</time></trkpt><trkpt lat="43.39657774" lon="-5.82547626"><ele>177.19</ele><time>2024-08-26T18:24:55Z</time></trkpt><trkpt lat="43.39656283" lon="-5.82547717"><ele>177.29</ele><time>2024-08-26T18:24:56Z</time></trkpt><trkpt lat="43.39654791" lon="-5.82547809"><ele>177.40</ele><time>2024-08-26T18:24:57Z</time></trkpt><trkpt lat="43.39653300" lon="-5.82547900"><ele>177.50</ele><time>2024-08-26T18:24:58Z</time></trkpt><trkpt lat="43.39651872" lon="-5.82547941"><ele>177.58</ele><time>2024-08-26T18:24:59Z</time></trkpt><trkpt lat="43.39650483" lon="-5.82547951"><ele>177.64</ele><time>2024-08-26T18:25:00Z</time></trkpt><trkpt lat="43.39649115" lon="-5.82547945"><ele>177.69</ele><time>2024-08-26T18:25:01Z</time></trkpt><trkpt lat="43.39647755" lon="-5.82547932"><ele>177.74</ele><time>2024-08-26T18:25:02Z</time></trkpt><trkpt lat="43.39646395" lon="-5.82547920"><ele>177.79</ele><time>2024-08-26T18:25:03Z</time></trkpt><trkpt lat="43.39645031" lon="-5.82547910"><ele>177.84</ele><time>2024-08-26T18:25:04Z</time></trkpt><trkpt lat="43.39643664" lon="-5.82547903"><ele>177.89</ele><time>2024-08-26T18:25:05Z</time></trkpt><trkpt lat="43.39642293" lon="-5.82547900"><ele>177.95</ele><time>2024-08-26T18:25:06Z</time></trkpt><trkpt lat="43.39640919" lon="-5.82547898"><ele>178.00</ele><time>2024-08-26T18:25:07Z</time></trkpt><trkpt lat="43.39639543" lon="-5.82547898"><ele>178.06</ele><time>2024-08-26T18:25:08Z</time></trkpt><trkpt lat="43.39638166" lon="-5.82547898"><ele>178.11</ele><time>2024-08-26T18:25:09Z</time></trkpt><trkpt lat="43.39636790" lon="-5.82547899"><ele>178.17</ele><time>2024-08-26T18:25:10Z</time></trkpt><trkpt lat="43.39635413" lon="-5.82547899"><ele>178.23</ele><time>2024-08-26T18:25:11Z</time></trkpt><trkpt lat="43.39634036" lon="-5.82547900"><ele>178.28</ele><time>2024-08-26T18:25:12Z</time></trkpt><trkpt lat="43.39632660" lon="-5.82547900"><ele>178.34</ele><time>2024-08-26T18:25:13Z</time></trkpt><trkpt lat="43.39631284" lon="-5.82547900"><ele>178.40</ele><time>2024-08-26T18:25:14Z</time></trkpt><trkpt lat="43.39629908" lon="-5.82547900"><ele>178.45</ele><time>2024-08-26T18:25:15Z</time></trkpt><trkpt lat="43.39628532" lon="-5.82547900"><ele>178.51</ele><time>2024-08-26T18:25:16Z</time></trkpt><trkpt lat="43.39627156" lon="-5.82547900"><ele>178.56</ele><time>2024-08-26T18:25:17Z</time></trkpt><trkpt lat="43.39625780" lon="-5.82547900"><ele>178.62</ele><time>2024-08-26T18:25:18Z</time></trkpt><trkpt lat="43.39624404" lon="-5.82547900"><ele>178.68</ele><time>2024-08-26T18:25:19Z</time></trkpt><trkpt lat="43.39623028" lon="-5.82547900"><ele>178.73</ele><time>2024-08-26T18:25:20Z</time></trkpt><trkpt lat="43.39621652" lon="-5.82547900"><ele>178.79</ele><time>2024-08-26T18:25:21Z</time></trkpt><trkpt lat="43.39620276" lon="-5.82547900"><ele>178.84</ele><time>2024-08-26T18:25:22Z</time></trkpt><trkpt lat="43.39618900" lon="-5.82547900"><ele>178.90</ele><time>2024-08-26T18:25:23Z</time></trkpt><trkpt lat="43.39617493" lon="-5.82547900"><ele>178.84</ele><time>2024-08-26T18:25:24Z</time></trkpt><trkpt lat="43.39616066" lon="-5.82547900"><ele>178.71</ele><time>2024-08-26T18:25:25Z</time></trkpt><trkpt lat="43.39614628" lon="-5.82547900"><ele>178.54</ele><time>2024-08-26T18:25:26Z</time></trkpt><trkpt lat="43.39613187" lon="-5.82547900"><ele>178.35</ele><time>2024-08-26T18:25:27Z</time></trkpt><trkpt lat="43.39611746" lon="-5.82547900"><ele>178.17</ele><time>2024-08-26T18:25:28Z</time></trkpt><trkpt lat="43.39610306" lon="-5.82547900"><ele>177.99</ele><time>2024-08-26T18:25:29Z</time></trkpt><trkpt lat="43.39608869" lon="-5.82547900"><ele>177.82</ele><time>2024-08-26T18:25:30Z</time></trkpt><trkpt lat="43.39607433" lon="-5.82547900"><ele>177.65</ele><time>2024-08-26T18:25:31Z</time></trkpt><trkpt lat="43.39605999" lon="-5.82547900"><ele>177.50</ele><time>2024-08-26T18:25:32Z</time></trkpt><trkpt lat="43.39604583" lon="-5.82548282"><ele>177.42</ele><time>2024-08-26T18:25:33Z</time></trkpt><trkpt lat="43.39603180" lon="-5.82548906"><ele>177.41</ele><time>2024-08-26T18:25:34Z</time></trkpt><trkpt lat="43.39601783" lon="-5.82549655"><ele>177.42</ele><time>2024-08-26T18:25:35Z</time></trkpt><trkpt lat="43.39600564" lon="-5.82550005"><ele>177.52</ele><time>2024-08-26T18:25:36Z</time></trkpt><trkpt lat="43.39599456" lon="-5.82550074"><ele>177.66</ele><time>2024-08-26T18:25:37Z</time></trkpt><trkpt lat="43.39598404" lon="-5.82549976"><ele>177.82</ele><time>2024-08-26T18:25:38Z</time></trkpt><trkpt lat="43.39597373" lon="-5.82549799"><ele>177.98</ele><time>2024-08-26T18:25:39Z</time></trkpt><trkpt lat="43.39596341" lon="-5.82549598"><ele>178.14</ele><time>2024-08-26T18:25:40Z</time></trkpt><trkpt lat="43.39595299" lon="-5.82549404"><ele>178.29</ele><time>2024-08-26T18:25:41Z</time></trkpt><trkpt lat="43.39594245" lon="-5.82549231"><ele>178.43</ele><time>2024-08-26T18:25:42Z</time></trkpt><trkpt lat="43.39593180" lon="-5.82549078"><ele>178.57</ele><time>2024-08-26T18:25:43Z</time></trkpt><trkpt lat="43.39592108" lon="-5.82548943"><ele>178.71</ele><time>2024-08-26T18:25:44Z</time></trkpt><trkpt lat="43.39591031" lon="-5.82548819"><ele>178.84</ele><time>2024-08-26T18:25:45Z</time></trkpt><trkpt lat="43.39589951" lon="-5.82548702"><ele>178.97</ele><time>2024-08-26T18:25:46Z</time></trkpt><trkpt lat="43.39588872" lon="-5.82548589"><ele>179.10</ele><time>2024-08-26T18:25:47Z</time></trkpt><trkpt lat="43.39587792" lon="-5.82548476"><ele>179.23</ele><time>2024-08-26T18:25:48Z</time></trkpt><trkpt lat="43.39586712" lon="-5.82548362"><ele>179.37</ele><time>2024-08-26T18:25:49Z</time></trkpt><trkpt lat="43.39585634" lon="-5.82548248"><ele>179.50</ele><time>2024-08-26T18:25:50Z</time></trkpt><trkpt lat="43.39584555" lon="-5.82548133"><ele>179.63</ele><time>2024-08-26T18:25:51Z</time></trkpt><trkpt lat="43.39583477" lon="-5.82548017"><ele>179.77</ele><time>2024-08-26T18:25:52Z</time></trkpt><trkpt lat="43.39582400" lon="-5.82547901"><ele>179.90</ele><time>2024-08-26T18:25:53Z</time></trkpt><trkpt lat="43.39581152" lon="-5.82547848"><ele>179.99</ele><time>2024-08-26T18:25:54Z</time></trkpt><trkpt lat="43.39579798" lon="-5.82547835"><ele>180.06</ele><time>2024-08-26T18:25:55Z</time></trkpt><trkpt lat="43.39578388" lon="-5.82547843"><ele>180.11</ele><time>2024-08-26T18:25:56Z</time></trkpt><trkpt lat="43.39576957" lon="-5.82547859"><ele>180.16</ele><time>2024-08-26T18:25:57Z</time></trkpt><trkpt lat="43.39575526" lon="-5.82547875"><ele>180.21</ele><time>2024-08-26T18:25:58Z</time></trkpt><trkpt lat="43.39574104" lon="-5.82547887"><ele>180.26</ele><time>2024-08-26T18:25:59Z</time></trkpt><trkpt lat="43.39572694" lon="-5.82547896"><ele>180.31</ele><time>2024-08-26T18:26:00Z</time></trkpt><trkpt lat="43.39571293" lon="-5.82547900"><ele>180.37</ele><time>2024-08-26T18:26:01Z</time></trkpt><trkpt lat="43.39569899" lon="-5.82547903"><ele>180.43</ele><time>2024-08-26T18:26:02Z</time></trkpt><trkpt lat="43.39568510" lon="-5.82547903"><ele>180.49</ele><time>2024-08-26T18:26:03Z</time></trkpt><trkpt lat="43.39567123" lon="-5.82547902"><ele>180.55</ele><time>2024-08-26T18:26:04Z</time></trkpt><trkpt lat="43.39565737" lon="-5.82547902"><ele>180.60</ele><time>2024-08-26T18:26:05Z</time></trkpt><trkpt lat="43.39564350" lon="-5.82547901"><ele>180.66</ele><time>2024-08-26T18:26:06Z</time></trkpt><trkpt lat="43.39562963" lon="-5.82547901"><ele>180.72</ele><time>2024-08-26T18:26:07Z</time></trkpt><trkpt lat="43.39561576" lon="-5.82547900"><ele>180.78</ele><time>2024-08-26T18:26:08Z</time></trkpt><trkpt lat="43.39560188" lon="-5.82547900"><ele>180.84</ele><time>2024-08-26T18:26:09Z</time></trkpt><trkpt lat="43.39558800" lon="-5.82547900"><ele>180.90</ele><time>2024-08-26T18:26:10Z</time></trkpt><trkpt lat="43.39557292" lon="-5.82547852"><ele>180.88</ele><time>2024-08-26T18:26:11Z</time></trkpt><trkpt lat="43.39555708" lon="-5.82547774"><ele>180.81</ele><time>2024-08-26T18:26:12Z</time></trkpt><trkpt lat="43.39554084" lon="-5.82547681"><ele>180.72</ele><time>2024-08-26T18:26:13Z</time></trkpt><trkpt lat="43.39552445" lon="-5.82547581"><ele>180.62</ele><time>2024-08-26T18:26:14Z</time></trkpt><trkpt lat="43.39550806" lon="-5.82547482"><ele>180.51</ele><time>2024-08-26T18:26:15Z</time></trkpt><trkpt lat="43.39549174" lon="-5.82547385"><ele>180.42</ele><time>2024-08-26T18:26:16Z</time></trkpt><trkpt lat="43.39547550" lon="-5.82547291"><ele>180.32</ele><time>2024-08-26T18:26:17Z</time></trkpt><trkpt lat="43.39545932" lon="-5.82547200"><ele>180.23</ele><time>2024-08-26T18:26:18Z</time></trkpt><trkpt lat="43.39544320" lon="-5.82547111"><ele>180.15</ele><time>2024-08-26T18:26:19Z</time></trkpt><trkpt lat="43.39542711" lon="-5.82547023"><ele>180.06</ele><time>2024-08-26T18:26:20Z</time></trkpt><trkpt lat="43.39541104" lon="-5.82546936"><ele>179.98</ele><time>2024-08-26T18:26:21Z</time></trkpt><trkpt lat="43.39539497" lon="-5.82546849"><ele>179.90</ele><time>2024-08-26T18:26:22Z</time></trkpt><trkpt lat="43.39537890" lon="-5.82546762"><ele>179.82</ele><time>2024-08-26T18:26:23Z</time></trkpt><trkpt lat="43.39536282" lon="-5.82546675"><ele>179.73</ele><time>2024-08-26T18:26:24Z</time></trkpt><trkpt lat="43.39534675" lon="-5.82546587"><ele>179.65</ele><time>2024-08-26T18:26:25Z</time></trkpt><trkpt lat="43.39533067" lon="-5.82546500"><ele>179.57</ele><time>2024-08-26T18:26:26Z</time></trkpt><trkpt lat="43.39531459" lon="-5.82546413"><ele>179.48</ele><time>2024-08-26T18:26:27Z</time></trkpt><trkpt lat="43.39529850" lon="-5.82546325"><ele>179.40</ele><time>2024-08-26T18:26:28Z</time></trkpt><trkpt lat="43.39528242" lon="-5.82546238"><ele>179.32</ele><time>2024-08-26T18:26:29Z</time></trkpt><trkpt lat="43.39526633" lon="-5.82546150"><ele>179.23</ele><time>2024-08-26T18:26:30Z</time></trkpt><trkpt lat="43.39525025" lon="-5.82546063"><ele>179.15</ele><time>2024-08-26T18:26:31Z</time></trkpt><trkpt lat="43.39523417" lon="-5.82545975"><ele>179.07</ele><time>2024-08-26T18:26:32Z</time></trkpt><trkpt lat="43.39521808" lon="-5.82545888"><ele>178.98</ele><time>2024-08-26T18:26:33Z</time></trkpt><trkpt lat="43.39520200" lon="-5.82545800"><ele>178.90</ele><time>2024-08-26T18:26:34Z</time></trkpt><trkpt lat="43.39518725" lon="-5.82545760"><ele>178.86</ele><time>2024-08-26T18:26:35Z</time></trkpt><trkpt lat="43.39517335" lon="-5.82545751"><ele>178.85</ele><time>2024-08-26T18:26:36Z</time></trkpt><trkpt lat="43.39515989" lon="-5.82545757"><ele>178.86</ele><time>2024-08-26T18:26:37Z</time></trkpt><trkpt lat="43.39514658" lon="-5.82545769"><ele>178.87</ele><time>2024-08-26T18:26:38Z</time></trkpt><trkpt lat="43.39513328" lon="-5.82545781"><ele>178.88</ele><time>2024-08-26T18:26:39Z</time></trkpt><trkpt lat="43.39511992" lon="-5.82545790"><ele>178.89</ele><time>2024-08-26T18:26:40Z</time></trkpt><trkpt lat="43.39510646" lon="-5.82545797"><ele>178.90</ele><time>2024-08-26T18:26:41Z</time></trkpt><trkpt lat="43.39509292" lon="-5.82545800"><ele>178.90</ele><time>2024-08-26T18:26:42Z</time></trkpt><trkpt lat="43.39507933" lon="-5.82545802"><ele>178.90</ele><time>2024-08-26T18:26:43Z</time></trkpt><trkpt lat="43.39506570" lon="-5.82545802"><ele>178.90</ele><time>2024-08-26T18:26:44Z</time></trkpt><trkpt lat="43.39505205" lon="-5.82545802"><ele>178.90</ele><time>2024-08-26T18:26:45Z</time></trkpt><trkpt lat="43.39503802" lon="-5.82545645"><ele>178.96</ele><time>2024-08-26T18:26:46Z</time></trkpt><trkpt lat="43.39502375" lon="-5.82545389"><ele>179.04</ele><time>2024-08-26T18:26:47Z</time></trkpt><trkpt lat="43.39500935" lon="-5.82545082"><ele>179.15</ele><time>2024-08-26T18:26:48Z</time></trkpt><trkpt lat="43.39499492" lon="-5.82544755"><ele>179.26</ele><time>2024-08-26T18:26:49Z</time></trkpt><trkpt lat="43.39498048" lon="-5.82544429"><ele>179.38</ele><time>2024-08-26T18:26:50Z</time></trkpt><trkpt lat="43.39496607" lon="-5.82544111"><ele>179.49</ele><time>2024-08-26T18:26:51Z</time></trkpt><trkpt lat="43.39495169" lon="-5.82543804"><ele>179.60</ele><time>2024-08-26T18:26:52Z</time></trkpt><trkpt lat="43.39493733" lon="-5.82543505"><ele>179.70</ele><time>2024-08-26T18:26:53Z</time></trkpt><trkpt lat="43.39492298" lon="-5.82543214"><ele>179.80</ele><time>2024-08-26T18:26:54Z</time></trkpt><trkpt lat="43.39490865" lon="-5.82542926"><ele>179.90</ele><time>2024-08-26T18:26:55Z</time></trkpt><trkpt lat="43.39489432" lon="-5.82542641"><ele>180.00</ele><time>2024-08-26T18:26:56Z</time></trkpt><trkpt lat="43.39487999" lon="-5.82542356"><ele>180.10</ele><time>2024-08-26T18:26:57Z</time></trkpt><trkpt lat="43.39486566" lon="-5.82542071"><ele>180.20</ele><time>2024-08-26T18:26:58Z</time></trkpt><trkpt lat="43.39485133" lon="-5.82541785"><ele>180.30</ele><time>2024-08-26T18:26:59Z</time></trkpt><trkpt lat="43.39483700" lon="-5.82541500"><ele>180.40</ele><time>2024-08-26T18:27:00Z</time></trkpt><trkpt lat="43.39482285" lon="-5.82541460"><ele>180.53</ele><time>2024-08-26T18:27:01Z</time></trkpt><trkpt lat="43.39480881" lon="-5.82541577"><ele>180.67</ele><time>2024-08-26T18:27:02Z</time></trkpt><trkpt lat="43.39479484" lon="-5.82541774"><ele>180.82</ele><time>2024-08-26T18:27:03Z</time></trkpt><trkpt lat="43.39478088" lon="-5.82542001"><ele>180.97</ele><time>2024-08-26T18:27:04Z</time></trkpt><trkpt lat="43.39476693" lon="-5.82542229"><ele>181.12</ele><time>2024-08-26T18:27:05Z</time></trkpt><trkpt lat="43.39475296" lon="-5.82542443"><ele>181.27</ele><time>2024-08-26T18:27:06Z</time></trkpt><trkpt lat="43.39473899" lon="-5.82542641"><ele>181.42</ele><time>2024-08-26T18:27:07Z</time></trkpt><trkpt lat="43.39472500" lon="-5.82542825"><ele>181.57</ele><time>2024-08-26T18:27:08Z</time></trkpt><trkpt lat="43.39471101" lon="-5.82542998"><ele>181.72</ele><time>2024-08-26T18:27:09Z</time></trkpt><trkpt lat="43.39469701" lon="-5.82543165"><ele>181.86</ele><time>2024-08-26T18:27:10Z</time></trkpt><trkpt lat="43.39468301" lon="-5.82543329"><ele>182.01</ele><time>2024-08-26T18:27:11Z</time></trkpt><trkpt lat="43.39466900" lon="-5.82543491"><ele>182.15</ele><time>2024-08-26T18:27:12Z</time></trkpt><trkpt lat="43.39465500" lon="-5.82543654"><ele>182.30</ele><time>2024-08-26T18:27:13Z</time></trkpt><trkpt lat="43.39464100" lon="-5.82543817"><ele>182.45</ele><time>2024-08-26T18:27:14Z</time></trkpt><trkpt lat="43.39462700" lon="-5.82543981"><ele>182.59</ele><time>2024-08-26T18:27:15Z</time></trkpt><trkpt lat="43.39461300" lon="-5.82544146"><ele>182.74</ele><time>2024-08-26T18:27:16Z</time></trkpt><trkpt lat="43.39459900" lon="-5.82544311"><ele>182.88</ele><time>2024-08-26T18:27:17Z</time></trkpt><trkpt lat="43.39458500" lon="-5.82544476"><ele>183.03</ele><time>2024-08-26T18:27:18Z</time></trkpt><trkpt lat="43.39457100" lon="-5.82544642"><ele>183.18</ele><time>2024-08-26T18:27:19Z</time></trkpt><trkpt lat="43.39455700" lon="-5.82544807"><ele>183.32</ele><time>2024-08-26T18:27:20Z</time></trkpt><trkpt lat="43.39454300" lon="-5.82544973"><ele>183.47</ele><time>2024-08-26T18:27:21Z</time></trkpt><trkpt lat="43.39452900" lon="-5.82545138"><ele>183.62</ele><time>2024-08-26T18:27:22Z</time></trkpt><trkpt lat="43.39451500" lon="-5.82545304"><ele>183.76</ele><time>2024-08-26T18:27:23Z</time></trkpt><trkpt lat="43.39450100" lon="-5.82545469"><ele>183.91</ele><time>2024-08-26T18:27:24Z</time></trkpt><trkpt lat="43.39448700" lon="-5.82545635"><ele>184.05</ele><time>2024-08-26T18:27:25Z</time></trkpt><trkpt lat="43.39447300" lon="-5.82545800"><ele>184.20</ele><time>2024-08-26T18:27:26Z</time></trkpt><trkpt lat="43.39445986" lon="-5.82546306"><ele>184.30</ele><time>2024-08-26T18:27:27Z</time></trkpt><trkpt lat="43.39444727" lon="-5.82547028"><ele>184.36</ele><time>2024-08-26T18:27:28Z</time></trkpt><trkpt lat="43.39443496" lon="-5.82547861"><ele>184.40</ele><time>2024-08-26T18:27:29Z</time></trkpt><trkpt lat="43.39442275" lon="-5.82548736"><ele>184.44</ele><time>2024-08-26T18:27:30Z</time></trkpt><trkpt lat="43.39441055" lon="-5.82549611"><ele>184.48</ele><time>2024-08-26T18:27:31Z</time></trkpt><trkpt lat="43.39439830" lon="-5.82550469"><ele>184.53</ele><time>2024-08-26T18:27:32Z</time></trkpt><trkpt lat="43.39438600" lon="-5.82551304"><ele>184.57</ele><time>2024-08-26T18:27:33Z</time></trkpt><trkpt lat="43.39437364" lon="-5.82552119"><ele>184.62</ele><time>2024-08-26T18:27:34Z</time></trkpt><trkpt lat="43.39436125" lon="-5.82552919"><ele>184.67</ele><time>2024-08-26T18:27:35Z</time></trkpt><trkpt lat="43.39434883" lon="-5.82553710"><ele>184.72</ele><time>2024-08-26T18:27:36Z</time></trkpt><trkpt lat="43.39433640" lon="-5.82554498"><ele>184.78</ele><time>2024-08-26T18:27:37Z</time></trkpt><trkpt lat="43.39432397" lon="-5.82555283"><ele>184.83</ele><time>2024-08-26T18:27:38Z</time></trkpt><trkpt lat="43.39431154" lon="-5.82556069"><ele>184.88</ele><time>2024-08-26T18:27:39Z</time></trkpt><trkpt lat="43.39429911" lon="-5.82556855"><ele>184.94</ele><time>2024-08-26T18:27:40Z</time></trkpt><trkpt lat="43.39428669" lon="-5.82557643"><ele>184.99</ele><time>2024-08-26T18:27:41Z</time></trkpt><trkpt lat="43.39427426" lon="-5.82558431"><ele>185.04</ele><time>2024-08-26T18:27:42Z</time></trkpt><trkpt lat="43.39426184" lon="-5.82559220"><ele>185.09</ele><time>2024-08-26T18:27:43Z</time></trkpt><trkpt lat="43.39424942" lon="-5.82560010"><ele>185.15</ele><time>2024-08-26T18:27:44Z</time></trkpt><trkpt lat="43.39423700" lon="-5.82560799"><ele>185.20</ele><time>2024-08-26T18:27:45Z</time></trkpt><trkpt lat="43.39422510" lon="-5.82561704"><ele>185.27</ele><time>2024-08-26T18:27:46Z</time></trkpt><trkpt lat="43.39421353" lon="-5.82562681"><ele>185.36</ele><time>2024-08-26T18:27:47Z</time></trkpt><trkpt lat="43.39420213" lon="-5.82563696"><ele>185.46</ele><time>2024-08-26T18:27:48Z</time></trkpt><trkpt lat="43.39419079" lon="-5.82564725"><ele>185.56</ele><time>2024-08-26T18:27:49Z</time></trkpt><trkpt lat="43.39417946" lon="-5.82565754"><ele>185.66</ele><time>2024-08-26T18:27:50Z</time></trkpt><trkpt lat="43.39416810" lon="-5.82566777"><ele>185.76</ele><time>2024-08-26T18:27:51Z</time></trkpt><trkpt lat="43.39415670" lon="-5.82567792"><ele>185.85</ele><time>2024-08-26T18:27:52Z</time></trkpt><trkpt lat="43.39414527" lon="-5.82568801"><ele>185.95</ele><time>2024-08-26T18:27:53Z</time></trkpt><trkpt lat="43.39413382" lon="-5.82569805"><ele>186.04</ele><time>2024-08-26T18:27:54Z</time></trkpt><trkpt lat="43.39412236" lon="-5.82570805"><ele>186.13</ele><time>2024-08-26T18:27:55Z</time></trkpt><trkpt lat="43.39411089" lon="-5.82571804"><ele>186.23</ele><time>2024-08-26T18:27:56Z</time></trkpt><trkpt lat="43.39409941" lon="-5.82572803"><ele>186.32</ele><time>2024-08-26T18:27:57Z</time></trkpt><trkpt lat="43.39408794" lon="-5.82573802"><ele>186.41</ele><time>2024-08-26T18:27:58Z</time></trkpt><trkpt lat="43.39407647" lon="-5.82574801"><ele>186.51</ele><time>2024-08-26T18:27:59Z</time></trkpt><trkpt lat="43.39406500" lon="-5.82575800"><ele>186.60</ele><time>2024-08-26T18:28:00Z</time></trkpt><trkpt lat="43.39405197" lon="-5.82576636"><ele>186.64</ele><time>2024-08-26T18:28:01Z</time></trkpt><trkpt lat="43.39403795" lon="-5.82577369"><ele>186.65</ele><time>2024-08-26T18:28:02Z</time></trkpt><trkpt lat="43.39402341" lon="-5.82578048"><ele>186.65</ele><time>2024-08-26T18:28:03Z</time></trkpt><trkpt lat="43.39400869" lon="-5.82578520"><ele>186.68</ele><time>2024-08-26T18:28:04Z</time></trkpt><trkpt lat="43.39399396" lon="-5.82578874"><ele>186.74</ele><time>2024-08-26T18:28:05Z</time></trkpt><trkpt lat="43.39397931" lon="-5.82579176"><ele>186.82</ele><time>2024-08-26T18:28:06Z</time></trkpt><trkpt lat="43.39396477" lon="-5.82579466"><ele>186.91</ele><time>2024-08-26T18:28:07Z</time></trkpt><trkpt lat="43.39395032" lon="-5.82579765"><ele>187.00</ele><time>2024-08-26T18:28:08Z</time></trkpt><trkpt lat="43.39393594" lon="-5.82580081"><ele>187.09</ele><time>2024-08-26T18:28:09Z</time></trkpt><trkpt lat="43.39392159" lon="-5.82580413"><ele>187.18</ele><time>2024-08-26T18:28:10Z</time></trkpt><trkpt lat="43.39390727" lon="-5.82580759"><ele>187.27</ele><time>2024-08-26T18:28:11Z</time></trkpt><trkpt lat="43.39389296" lon="-5.82581113"><ele>187.35</ele><time>2024-08-26T18:28:12Z</time></trkpt><trkpt lat="43.39387864" lon="-5.82581472"><ele>187.43</ele><time>2024-08-26T18:28:13Z</time></trkpt><trkpt lat="43.39386432" lon="-5.82581833"><ele>187.52</ele><time>2024-08-26T18:28:14Z</time></trkpt><trkpt lat="43.39385000" lon="-5.82582194"><ele>187.60</ele><time>2024-08-26T18:28:15Z</time></trkpt><trkpt lat="43.39383548" lon="-5.82582052"><ele>187.56</ele><time>2024-08-26T18:28:16Z</time></trkpt><trkpt lat="43.39382083" lon="-5.82581591"><ele>187.43</ele><time>2024-08-26T18:28:17Z</time></trkpt><trkpt lat="43.39380612" lon="-5.82580964"><ele>187.26</ele><time>2024-08-26T18:28:18Z</time></trkpt><trkpt lat="43.39379139" lon="-5.82580276"><ele>187.07</ele><time>2024-08-26T18:28:19Z</time></trkpt><trkpt lat="43.39377666" lon="-5.82579586"><ele>186.89</ele><time>2024-08-26T18:28:20Z</time></trkpt><trkpt lat="43.39376193" lon="-5.82578922"><ele>186.71</ele><time>2024-08-26T18:28:21Z</time></trkpt><trkpt lat="43.39374722" lon="-5.82578292"><ele>186.54</ele><time>2024-08-26T18:28:22Z</time></trkpt><trkpt lat="43.39373252" lon="-5.82577691"><ele>186.38</ele><time>2024-08-26T18:28:23Z</time></trkpt><trkpt lat="43.39371783" lon="-5.82577111"><ele>186.22</ele><time>2024-08-26T18:28:24Z</time></trkpt><trkpt lat="43.39370315" lon="-5.82576545"><ele>186.07</ele><time>2024-08-26T18:28:25Z</time></trkpt><trkpt lat="43.39368847" lon="-5.82575986"><ele>185.92</ele><time>2024-08-26T18:28:26Z</time></trkpt><trkpt lat="43.39367378" lon="-5.82575428"><ele>185.76</ele><time>2024-08-26T18:28:27Z</time></trkpt><trkpt lat="43.39365910" lon="-5.82574871"><ele>185.61</ele><time>2024-08-26T18:28:28Z</time></trkpt><trkpt lat="43.39364442" lon="-5.82574312"><ele>185.46</ele><time>2024-08-26T18:28:29Z</time></trkpt><trkpt lat="43.39362974" lon="-5.82573751"><ele>185.31</ele><time>2024-08-26T18:28:30Z</time></trkpt><trkpt lat="43.39361505" lon="-5.82573190"><ele>185.16</ele><time>2024-08-26T18:28:31Z</time></trkpt><trkpt lat="43.39360037" lon="-5.82572627"><ele>185.01</ele><time>2024-08-26T18:28:32Z</time></trkpt><trkpt lat="43.39358568" lon="-5.82572064"><ele>184.85</ele><time>2024-08-26T18:28:33Z</time></trkpt><trkpt lat="43.39357100" lon="-5.82571501"><ele>184.70</ele><time>2024-08-26T18:28:34Z</time></trkpt><trkpt lat="43.39355735" lon="-5.82570306"><ele>184.58</ele><time>2024-08-26T18:28:35Z</time></trkpt><trkpt lat="43.39354434" lon="-5.82568712"><ele>184.47</ele><time>2024-08-26T18:28:36Z</time></trkpt><trkpt lat="43.39353167" lon="-5.82566910"><ele>184.37</ele><time>2024-08-26T18:28:37Z</time></trkpt><trkpt lat="43.39351913" lon="-5.82565032"><ele>184.28</ele><time>2024-08-26T18:28:38Z</time></trkpt><trkpt lat="43.39350659" lon="-5.82563152"><ele>184.19</ele><time>2024-08-26T18:28:39Z</time></trkpt><trkpt lat="43.39349511" lon="-5.82561658"><ele>184.08</ele><time>2024-08-26T18:28:40Z</time></trkpt><trkpt lat="43.39348428" lon="-5.82560429"><ele>183.96</ele><time>2024-08-26T18:28:41Z</time></trkpt><trkpt lat="43.39347375" lon="-5.82559352"><ele>183.84</ele><time>2024-08-26T18:28:42Z</time></trkpt><trkpt lat="43.39346331" lon="-5.82558345"><ele>183.71</ele><time>2024-08-26T18:28:43Z</time></trkpt><trkpt lat="43.39345204" lon="-5.82557217"><ele>183.54</ele><time>2024-08-26T18:28:44Z</time></trkpt><trkpt lat="43.39344018" lon="-5.82555991"><ele>183.34</ele><time>2024-08-26T18:28:45Z</time></trkpt><trkpt lat="43.39342797" lon="-5.82554698"><ele>183.13</ele><time>2024-08-26T18:28:46Z</time></trkpt><trkpt lat="43.39341560" lon="-5.82553368"><ele>182.91</ele><time>2024-08-26T18:28:47Z</time></trkpt><trkpt lat="43.39340319" lon="-5.82552022"><ele>182.69</ele><time>2024-08-26T18:28:48Z</time></trkpt><trkpt lat="43.39339079" lon="-5.82550671"><ele>182.48</ele><time>2024-08-26T18:28:49Z</time></trkpt><trkpt lat="43.39337843" lon="-5.82549323"><ele>182.27</ele><time>2024-08-26T18:28:50Z</time></trkpt><trkpt lat="43.39336612" lon="-5.82547981"><ele>182.06</ele><time>2024-08-26T18:28:51Z</time></trkpt><trkpt lat="43.39335384" lon="-5.82546644"><ele>181.86</ele><time>2024-08-26T18:28:52Z</time></trkpt><trkpt lat="43.39334159" lon="-5.82545312"><ele>181.65</ele><time>2024-08-26T18:28:53Z</time></trkpt><trkpt lat="43.39332935" lon="-5.82543982"><ele>181.45</ele><time>2024-08-26T18:28:54Z</time></trkpt><trkpt lat="43.39331712" lon="-5.82542654"><ele>181.24</ele><time>2024-08-26T18:28:55Z</time></trkpt><trkpt lat="43.39330489" lon="-5.82541326"><ele>181.04</ele><time>2024-08-26T18:28:56Z</time></trkpt><trkpt lat="43.39329266" lon="-5.82539998"><ele>180.83</ele><time>2024-08-26T18:28:57Z</time></trkpt><trkpt lat="43.39328042" lon="-5.82538670"><ele>180.63</ele><time>2024-08-26T18:28:58Z</time></trkpt><trkpt lat="43.39326819" lon="-5.82537342"><ele>180.42</ele><time>2024-08-26T18:28:59Z</time></trkpt><trkpt lat="43.39325595" lon="-5.82536014"><ele>180.22</ele><time>2024-08-26T18:29:00Z</time></trkpt><trkpt lat="43.39324372" lon="-5.82534686"><ele>180.01</ele><time>2024-08-26T18:29:01Z</time></trkpt><trkpt lat="43.39323148" lon="-5.82533357"><ele>179.81</ele><time>2024-08-26T18:29:02Z</time></trkpt><trkpt lat="43.39321924" lon="-5.82532029"><ele>179.60</ele><time>2024-08-26T18:29:03Z</time></trkpt><trkpt lat="43.39320700" lon="-5.82530700"><ele>179.40</ele><time>2024-08-26T18:29:04Z</time></trkpt><trkpt lat="43.39319362" lon="-5.82529314"><ele>179.31</ele><time>2024-08-26T18:29:05Z</time></trkpt><trkpt lat="43.39317951" lon="-5.82527892"><ele>179.28</ele><time>2024-08-26T18:29:06Z</time></trkpt><trkpt lat="43.39316503" lon="-5.82526452"><ele>179.30</ele><time>2024-08-26T18:29:07Z</time></trkpt><trkpt lat="43.39315237" lon="-5.82524913"><ele>179.20</ele><time>2024-08-26T18:29:08Z</time></trkpt><trkpt lat="43.39314094" lon="-5.82523317"><ele>179.03</ele><time>2024-08-26T18:29:09Z</time></trkpt><trkpt lat="43.39313021" lon="-5.82521694"><ele>178.81</ele><time>2024-08-26T18:29:10Z</time></trkpt><trkpt lat="43.39311980" lon="-5.82520063"><ele>178.57</ele><time>2024-08-26T18:29:11Z</time></trkpt><trkpt lat="43.39310932" lon="-5.82518736"><ele>178.31</ele><time>2024-08-26T18:29:12Z</time></trkpt><trkpt lat="43.39309870" lon="-5.82517606"><ele>178.04</ele><time>2024-08-26T18:29:13Z</time></trkpt><trkpt lat="43.39309013" lon="-5.82516373"><ele>177.91</ele><time>2024-08-26T18:29:14Z</time></trkpt><trkpt lat="43.39308281" lon="-5.82515050"><ele>177.87</ele><time>2024-08-26T18:29:15Z</time></trkpt><trkpt lat="43.39307613" lon="-5.82513664"><ele>177.88</ele><time>2024-08-26T18:29:16Z</time></trkpt><trkpt lat="43.39306657" lon="-5.82512328"><ele>177.89</ele><time>2024-08-26T18:29:17Z</time></trkpt><trkpt lat="43.39305504" lon="-5.82511030"><ele>177.88</ele><time>2024-08-26T18:29:18Z</time></trkpt><trkpt lat="43.39304237" lon="-5.82509756"><ele>177.86</ele><time>2024-08-26T18:29:19Z</time></trkpt><trkpt lat="43.39302918" lon="-5.82508493"><ele>177.82</ele><time>2024-08-26T18:29:20Z</time></trkpt><trkpt lat="43.39301586" lon="-5.82507235"><ele>177.78</ele><time>2024-08-26T18:29:21Z</time></trkpt><trkpt lat="43.39300262" lon="-5.82505976"><ele>177.74</ele><time>2024-08-26T18:29:22Z</time></trkpt><trkpt lat="43.39298953" lon="-5.82504715"><ele>177.69</ele><time>2024-08-26T18:29:23Z</time></trkpt><trkpt lat="43.39297660" lon="-5.82503452"><ele>177.64</ele><time>2024-08-26T18:29:24Z</time></trkpt><trkpt lat="43.39296379" lon="-5.82502187"><ele>177.59</ele><time>2024-08-26T18:29:25Z</time></trkpt><trkpt lat="43.39295107" lon="-5.82500920"><ele>177.55</ele><time>2024-08-26T18:29:26Z</time></trkpt><trkpt lat="43.39293839" lon="-5.82499652"><ele>177.50</ele><time>2024-08-26T18:29:27Z</time></trkpt><trkpt lat="43.39292574" lon="-5.82498383"><ele>177.45</ele><time>2024-08-26T18:29:28Z</time></trkpt><trkpt lat="43.39291308" lon="-5.82497115"><ele>177.41</ele><time>2024-08-26T18:29:29Z</time></trkpt><trkpt lat="43.39290043" lon="-5.82495846"><ele>177.36</ele><time>2024-08-26T18:29:30Z</time></trkpt><trkpt lat="43.39288776" lon="-5.82494578"><ele>177.32</ele><time>2024-08-26T18:29:31Z</time></trkpt><trkpt lat="43.39287509" lon="-5.82493309"><ele>177.27</ele><time>2024-08-26T18:29:32Z</time></trkpt><trkpt lat="43.39286241" lon="-5.82492041"><ele>177.23</ele><time>2024-08-26T18:29:33Z</time></trkpt><trkpt lat="43.39284973" lon="-5.82490773"><ele>177.18</ele><time>2024-08-26T18:29:34Z</time></trkpt><trkpt lat="43.39283705" lon="-5.82489504"><ele>177.14</ele><time>2024-08-26T18:29:35Z</time></trkpt><trkpt lat="43.39282437" lon="-5.82488236"><ele>177.09</ele><time>2024-08-26T18:29:36Z</time></trkpt><trkpt lat="43.39281168" lon="-5.82486968"><ele>177.05</ele><time>2024-08-26T18:29:37Z</time></trkpt><trkpt lat="43.39279900" lon="-5.82485700"><ele>177.00</ele><time>2024-08-26T18:29:38Z</time></trkpt><trkpt lat="43.39278724" lon="-5.82484524"><ele>176.84</ele><time>2024-08-26T18:29:39Z</time></trkpt><trkpt lat="43.39277605" lon="-5.82483405"><ele>176.62</ele><time>2024-08-26T18:29:40Z</time></trkpt><trkpt lat="43.39276736" lon="-5.82482135"><ele>176.49</ele><time>2024-08-26T18:29:41Z</time></trkpt><trkpt lat="43.39276015" lon="-5.82480761"><ele>176.43</ele><time>2024-08-26T18:29:42Z</time></trkpt><trkpt lat="43.39275366" lon="-5.82479328"><ele>176.42</ele><time>2024-08-26T18:29:43Z</time></trkpt><trkpt lat="43.39274339" lon="-5.82478268"><ele>176.43</ele><time>2024-08-26T18:29:44Z</time></trkpt><trkpt lat="43.39273053" lon="-5.82477454"><ele>176.45</ele><time>2024-08-26T18:29:45Z</time></trkpt><trkpt lat="43.39271618" lon="-5.82476776"><ele>176.47</ele><time>2024-08-26T18:29:46Z</time></trkpt><trkpt lat="43.39270250" lon="-5.82476015"><ele>176.55</ele><time>2024-08-26T18:29:47Z</time></trkpt><trkpt lat="43.39268950" lon="-5.82475176"><ele>176.66</ele><time>2024-08-26T18:29:48Z</time></trkpt><trkpt lat="43.39267705" lon="-5.82474276"><ele>176.78</ele><time>2024-08-26T18:29:49Z</time></trkpt><trkpt lat="43.39266497" lon="-5.82473336"><ele>176.91</ele><time>2024-08-26T18:29:50Z</time></trkpt><trkpt lat="43.39265309" lon="-5.82472376"><ele>177.03</ele><time>2024-08-26T18:29:51Z</time></trkpt><trkpt lat="43.39264131" lon="-5.82471406"><ele>177.16</ele><time>2024-08-26T18:29:52Z</time></trkpt><trkpt lat="43.39262954" lon="-5.82470436"><ele>177.28</ele><time>2024-08-26T18:29:53Z</time></trkpt><trkpt lat="43.39261776" lon="-5.82469469"><ele>177.39</ele><time>2024-08-26T18:29:54Z</time></trkpt><trkpt lat="43.39260595" lon="-5.82468505"><ele>177.50</ele><time>2024-08-26T18:29:55Z</time></trkpt><trkpt lat="43.39259277" lon="-5.82468066"><ele>177.46</ele><time>2024-08-26T18:29:56Z</time></trkpt><trkpt lat="43.39257872" lon="-5.82467960"><ele>177.33</ele><time>2024-08-26T18:29:57Z</time></trkpt><trkpt lat="43.39256423" lon="-5.82468027"><ele>177.14</ele><time>2024-08-26T18:29:58Z</time></trkpt><trkpt lat="43.39254956" lon="-5.82468158"><ele>176.98</ele><time>2024-08-26T18:29:59Z</time></trkpt><trkpt lat="43.39253488" lon="-5.82468290"><ele>176.86</ele><time>2024-08-26T18:30:00Z</time></trkpt><trkpt lat="43.39252028" lon="-5.82468395"><ele>176.76</ele><time>2024-08-26T18:30:01Z</time></trkpt><trkpt lat="43.39250576" lon="-5.82468465"><ele>176.68</ele><time>2024-08-26T18:30:02Z</time></trkpt><trkpt lat="43.39249132" lon="-5.82468504"><ele>176.60</ele><time>2024-08-26T18:30:03Z</time></trkpt><trkpt lat="43.39247695" lon="-5.82468521"><ele>176.53</ele><time>2024-08-26T18:30:04Z</time></trkpt><trkpt lat="43.39246260" lon="-5.82468524"><ele>176.46</ele><time>2024-08-26T18:30:05Z</time></trkpt><trkpt lat="43.39244828" lon="-5.82468521"><ele>176.39</ele><time>2024-08-26T18:30:06Z</time></trkpt><trkpt lat="43.39243396" lon="-5.82468514"><ele>176.32</ele><time>2024-08-26T18:30:07Z</time></trkpt><trkpt lat="43.39241964" lon="-5.82468509"><ele>176.25</ele><time>2024-08-26T18:30:08Z</time></trkpt><trkpt lat="43.39240532" lon="-5.82468504"><ele>176.18</ele><time>2024-08-26T18:30:09Z</time></trkpt><trkpt lat="43.39239100" lon="-5.82468501"><ele>176.10</ele><time>2024-08-26T18:30:10Z</time></trkpt><trkpt lat="43.39237691" lon="-5.82468843"><ele>176.10</ele><time>2024-08-26T18:30:11Z</time></trkpt><trkpt lat="43.39236298" lon="-5.82469403"><ele>176.13</ele><time>2024-08-26T18:30:12Z</time></trkpt><trkpt lat="43.39234913" lon="-5.82470077"><ele>176.20</ele><time>2024-08-26T18:30:13Z</time></trkpt><trkpt lat="43.39233531" lon="-5.82470793"><ele>176.27</ele><time>2024-08-26T18:30:14Z</time></trkpt><trkpt lat="43.39232149" lon="-5.82471509"><ele>176.34</ele><time>2024-08-26T18:30:15Z</time></trkpt><trkpt lat="43.39230766" lon="-5.82472208"><ele>176.40</ele><time>2024-08-26T18:30:16Z</time></trkpt><trkpt lat="43.39229381" lon="-5.82472883"><ele>176.47</ele><time>2024-08-26T18:30:17Z</time></trkpt><trkpt lat="43.39227994" lon="-5.82473538"><ele>176.52</ele><time>2024-08-26T18:30:18Z</time></trkpt><trkpt lat="43.39226607" lon="-5.82474179"><ele>176.58</ele><time>2024-08-26T18:30:19Z</time></trkpt><trkpt lat="43.39225219" lon="-5.82474810"><ele>176.63</ele><time>2024-08-26T18:30:20Z</time></trkpt><trkpt lat="43.39223830" lon="-5.82475437"><ele>176.69</ele><time>2024-08-26T18:30:21Z</time></trkpt><trkpt lat="43.39222442" lon="-5.82476062"><ele>176.74</ele><time>2024-08-26T18:30:22Z</time></trkpt><trkpt lat="43.39221053" lon="-5.82476688"><ele>176.79</ele><time>2024-08-26T18:30:23Z</time></trkpt><trkpt lat="43.39219665" lon="-5.82477314"><ele>176.84</ele><time>2024-08-26T18:30:24Z</time></trkpt><trkpt lat="43.39218277" lon="-5.82477942"><ele>176.89</ele><time>2024-08-26T18:30:25Z</time></trkpt><trkpt lat="43.39216888" lon="-5.82478570"><ele>176.95</ele><time>2024-08-26T18:30:26Z</time></trkpt><trkpt lat="43.39215500" lon="-5.82479199"><ele>177.00</ele><time>2024-08-26T18:30:27Z</time></trkpt><trkpt lat="43.39214296" lon="-5.82480086"><ele>177.02</ele><time>2024-08-26T18:30:28Z</time></trkpt><trkpt lat="43.39213210" lon="-5.82481134"><ele>177.03</ele><time>2024-08-26T18:30:29Z</time></trkpt><trkpt lat="43.39211974" lon="-5.82481958"><ele>176.94</ele><time>2024-08-26T18:30:30Z</time></trkpt><trkpt lat="43.39210629" lon="-5.82482618"><ele>176.79</ele><time>2024-08-26T18:30:31Z</time></trkpt><trkpt lat="43.39209215" lon="-5.82483177"><ele>176.61</ele><time>2024-08-26T18:30:32Z</time></trkpt><trkpt lat="43.39207766" lon="-5.82483684"><ele>176.43</ele><time>2024-08-26T18:30:33Z</time></trkpt><trkpt lat="43.39206305" lon="-5.82484173"><ele>176.24</ele><time>2024-08-26T18:30:34Z</time></trkpt><trkpt lat="43.39204843" lon="-5.82484664"><ele>176.07</ele><time>2024-08-26T18:30:35Z</time></trkpt><trkpt lat="43.39203388" lon="-5.82485164"><ele>175.90</ele><time>2024-08-26T18:30:36Z</time></trkpt><trkpt lat="43.39201940" lon="-5.82485676"><ele>175.73</ele><time>2024-08-26T18:30:37Z</time></trkpt><trkpt lat="43.39200499" lon="-5.82486198"><ele>175.57</ele><time>2024-08-26T18:30:38Z</time></trkpt><trkpt lat="43.39199062" lon="-5.82486726"><ele>175.41</ele><time>2024-08-26T18:30:39Z</time></trkpt><trkpt lat="43.39197628" lon="-5.82487259"><ele>175.25</ele><time>2024-08-26T18:30:40Z</time></trkpt><trkpt lat="43.39196196" lon="-5.82487794"><ele>175.10</ele><time>2024-08-26T18:30:41Z</time></trkpt><trkpt lat="43.39194894" lon="-5.82488429"><ele>175.08</ele><time>2024-08-26T18:30:42Z</time></trkpt><trkpt lat="43.39193675" lon="-5.82489127"><ele>175.16</ele><time>2024-08-26T18:30:43Z</time></trkpt><trkpt lat="43.39192498" lon="-5.82489858"><ele>175.29</ele><time>2024-08-26T18:30:44Z</time></trkpt><trkpt lat="43.39191337" lon="-5.82490601"><ele>175.43</ele><time>2024-08-26T18:30:45Z</time></trkpt><trkpt lat="43.39190176" lon="-5.82491344"><ele>175.57</ele><time>2024-08-26T18:30:46Z</time></trkpt><trkpt lat="43.39189008" lon="-5.82492080"><ele>175.70</ele><time>2024-08-26T18:30:47Z</time></trkpt><trkpt lat="43.39187830" lon="-5.82492810"><ele>175.83</ele><time>2024-08-26T18:30:48Z</time></trkpt><trkpt lat="43.39186646" lon="-5.82493534"><ele>175.95</ele><time>2024-08-26T18:30:49Z</time></trkpt><trkpt lat="43.39185455" lon="-5.82494254"><ele>176.06</ele><time>2024-08-26T18:30:50Z</time></trkpt><trkpt lat="43.39184262" lon="-5.82494971"><ele>176.16</ele><time>2024-08-26T18:30:51Z</time></trkpt><trkpt lat="43.39183066" lon="-5.82495687"><ele>176.27</ele><time>2024-08-26T18:30:52Z</time></trkpt><trkpt lat="43.39181870" lon="-5.82496403"><ele>176.37</ele><time>2024-08-26T18:30:53Z</time></trkpt><trkpt lat="43.39180674" lon="-5.82497118"><ele>176.47</ele><time>2024-08-26T18:30:54Z</time></trkpt><trkpt lat="43.39179479" lon="-5.82497834"><ele>176.58</ele><time>2024-08-26T18:30:55Z</time></trkpt><trkpt lat="43.39178284" lon="-5.82498550"><ele>176.68</ele><time>2024-08-26T18:30:56Z</time></trkpt><trkpt lat="43.39177089" lon="-5.82499267"><ele>176.79</ele><time>2024-08-26T18:30:57Z</time></trkpt><trkpt lat="43.39175894" lon="-5.82499983"><ele>176.89</ele><time>2024-08-26T18:30:58Z</time></trkpt><trkpt lat="43.39174700" lon="-5.82500700"><ele>177.00</ele><time>2024-08-26T18:30:59Z</time></trkpt><trkpt lat="43.39173011" lon="-5.82501599"><ele>177.05</ele><time>2024-08-26T18:31:00Z</time></trkpt><trkpt lat="43.39171010" lon="-5.82502612"><ele>177.06</ele><time>2024-08-26T18:31:01Z</time></trkpt><trkpt lat="43.39169243" lon="-5.82503539"><ele>177.05</ele><time>2024-08-26T18:31:02Z</time></trkpt><trkpt lat="43.39167667" lon="-5.82504396"><ele>177.04</ele><time>2024-08-26T18:31:03Z</time></trkpt><trkpt lat="43.39166221" lon="-5.82505205"><ele>177.02</ele><time>2024-08-26T18:31:04Z</time></trkpt><trkpt lat="43.39164849" lon="-5.82505986"><ele>177.01</ele><time>2024-08-26T18:31:05Z</time></trkpt><trkpt lat="43.39163511" lon="-5.82506755"><ele>177.00</ele><time>2024-08-26T18:31:06Z</time></trkpt><trkpt lat="43.39162180" lon="-5.82507522"><ele>177.00</ele><time>2024-08-26T18:31:07Z</time></trkpt><trkpt lat="43.39160845" lon="-5.82508290"><ele>177.00</ele><time>2024-08-26T18:31:08Z</time></trkpt><trkpt lat="43.39159499" lon="-5.82509062"><ele>177.00</ele><time>2024-08-26T18:31:09Z</time></trkpt><trkpt lat="43.39158142" lon="-5.82509838"><ele>177.00</ele><time>2024-08-26T18:31:10Z</time></trkpt><trkpt lat="43.39156777" lon="-5.82510616"><ele>177.00</ele><time>2024-08-26T18:31:11Z</time></trkpt><trkpt lat="43.39155407" lon="-5.82511397"><ele>177.00</ele><time>2024-08-26T18:31:12Z</time></trkpt><trkpt lat="43.39154402" lon="-5.82512153"><ele>177.00</ele><time>2024-08-26T18:31:13Z</time></trkpt><trkpt lat="43.39153627" lon="-5.82512892"><ele>177.00</ele><time>2024-08-26T18:31:14Z</time></trkpt><trkpt lat="43.39152972" lon="-5.82513623"><ele>177.00</ele><time>2024-08-26T18:31:15Z</time></trkpt><trkpt lat="43.39151962" lon="-5.82514341"><ele>176.94</ele><time>2024-08-26T18:31:16Z</time></trkpt><trkpt lat="43.39150700" lon="-5.82515053"><ele>176.83</ele><time>2024-08-26T18:31:17Z</time></trkpt><trkpt lat="43.39149288" lon="-5.82515763"><ele>176.71</ele><time>2024-08-26T18:31:18Z</time></trkpt><trkpt lat="43.39147803" lon="-5.82516474"><ele>176.57</ele><time>2024-08-26T18:31:19Z</time></trkpt><trkpt lat="43.39146296" lon="-5.82517187"><ele>176.44</ele><time>2024-08-26T18:31:20Z</time></trkpt><trkpt lat="43.39144794" lon="-5.82517901"><ele>176.31</ele><time>2024-08-26T18:31:21Z</time></trkpt><trkpt lat="43.39143310" lon="-5.82518616"><ele>176.19</ele><time>2024-08-26T18:31:22Z</time></trkpt><trkpt lat="43.39141844" lon="-5.82519332"><ele>176.07</ele><time>2024-08-26T18:31:23Z</time></trkpt><trkpt lat="43.39140394" lon="-5.82520049"><ele>175.95</ele><time>2024-08-26T18:31:24Z</time></trkpt><trkpt lat="43.39138954" lon="-5.82520766"><ele>175.83</ele><time>2024-08-26T18:31:25Z</time></trkpt><trkpt lat="43.39137521" lon="-5.82521483"><ele>175.71</ele><time>2024-08-26T18:31:26Z</time></trkpt><trkpt lat="43.39136090" lon="-5.82522200"><ele>175.60</ele><time>2024-08-26T18:31:27Z</time></trkpt><trkpt lat="43.39134591" lon="-5.82522897"><ele>175.47</ele><time>2024-08-26T18:31:28Z</time></trkpt><trkpt lat="43.39133049" lon="-5.82523583"><ele>175.34</ele><time>2024-08-26T18:31:29Z</time></trkpt><trkpt lat="43.39131483" lon="-5.82524263"><ele>175.21</ele><time>2024-08-26T18:31:30Z</time></trkpt><trkpt lat="43.39129908" lon="-5.82524940"><ele>175.08</ele><time>2024-08-26T18:31:31Z</time></trkpt><trkpt lat="43.39128332" lon="-5.82525617"><ele>174.94</ele><time>2024-08-26T18:31:32Z</time></trkpt><trkpt lat="43.39126760" lon="-5.82526295"><ele>174.81</ele><time>2024-08-26T18:31:33Z</time></trkpt><trkpt lat="43.39125191" lon="-5.82526974"><ele>174.68</ele><time>2024-08-26T18:31:34Z</time></trkpt><trkpt lat="43.39123627" lon="-5.82527654"><ele>174.55</ele><time>2024-08-26T18:31:35Z</time></trkpt><trkpt lat="43.39122066" lon="-5.82528336"><ele>174.41</ele><time>2024-08-26T18:31:36Z</time></trkpt><trkpt lat="43.39120506" lon="-5.82529017"><ele>174.28</ele><time>2024-08-26T18:31:37Z</time></trkpt><trkpt lat="43.39118947" lon="-5.82529699"><ele>174.15</ele><time>2024-08-26T18:31:38Z</time></trkpt><trkpt lat="43.39117389" lon="-5.82530381"><ele>174.02</ele><time>2024-08-26T18:31:39Z</time></trkpt><trkpt lat="43.39115831" lon="-5.82531063"><ele>173.89</ele><time>2024-08-26T18:31:40Z</time></trkpt><trkpt lat="43.39114272" lon="-5.82531745"><ele>173.75</ele><time>2024-08-26T18:31:41Z</time></trkpt><trkpt lat="43.39112713" lon="-5.82532427"><ele>173.62</ele><time>2024-08-26T18:31:42Z</time></trkpt><trkpt lat="43.39111155" lon="-5.82533109"><ele>173.49</ele><time>2024-08-26T18:31:43Z</time></trkpt><trkpt lat="43.39109596" lon="-5.82533791"><ele>173.36</ele><time>2024-08-26T18:31:44Z</time></trkpt><trkpt lat="43.39108036" lon="-5.82534473"><ele>173.23</ele><time>2024-08-26T18:31:45Z</time></trkpt><trkpt lat="43.39106477" lon="-5.82535155"><ele>173.10</ele><time>2024-08-26T18:31:46Z</time></trkpt><trkpt lat="43.39104918" lon="-5.82535836"><ele>172.96</ele><time>2024-08-26T18:31:47Z</time></trkpt><trkpt lat="43.39103359" lon="-5.82536518"><ele>172.83</ele><time>2024-08-26T18:31:48Z</time></trkpt><trkpt lat="43.39101800" lon="-5.82537200"><ele>172.70</ele><time>2024-08-26T18:31:49Z</time></trkpt><trkpt lat="43.39100262" lon="-5.82537899"><ele>172.66</ele><time>2024-08-26T18:31:50Z</time></trkpt><trkpt lat="43.39098737" lon="-5.82538608"><ele>172.69</ele><time>2024-08-26T18:31:51Z</time></trkpt><trkpt lat="43.39097219" lon="-5.82539322"><ele>172.74</ele><time>2024-08-26T18:31:52Z</time></trkpt><trkpt lat="43.39095703" lon="-5.82540039"><ele>172.80</ele><time>2024-08-26T18:31:53Z</time></trkpt><trkpt lat="43.39094187" lon="-5.82540756"><ele>172.87</ele><time>2024-08-26T18:31:54Z</time></trkpt><trkpt lat="43.39092671" lon="-5.82541472"><ele>172.93</ele><time>2024-08-26T18:31:55Z</time></trkpt><trkpt lat="43.39091153" lon="-5.82542186"><ele>172.99</ele><time>2024-08-26T18:31:56Z</time></trkpt><trkpt lat="43.39089634" lon="-5.82542900"><ele>173.03</ele><time>2024-08-26T18:31:57Z</time></trkpt><trkpt lat="43.39088113" lon="-5.82543613"><ele>173.08</ele><time>2024-08-26T18:31:58Z</time></trkpt><trkpt lat="43.39086593" lon="-5.82544326"><ele>173.12</ele><time>2024-08-26T18:31:59Z</time></trkpt><trkpt lat="43.39085072" lon="-5.82545038"><ele>173.16</ele><time>2024-08-26T18:32:00Z</time></trkpt><trkpt lat="43.39083551" lon="-5.82545750"><ele>173.20</ele><time>2024-08-26T18:32:01Z</time></trkpt><trkpt lat="43.39082030" lon="-5.82546463"><ele>173.24</ele><time>2024-08-26T18:32:02Z</time></trkpt><trkpt lat="43.39080508" lon="-5.82547175"><ele>173.28</ele><time>2024-08-26T18:32:03Z</time></trkpt><trkpt lat="43.39078988" lon="-5.82547888"><ele>173.33</ele><time>2024-08-26T18:32:04Z</time></trkpt><trkpt lat="43.39077467" lon="-5.82548600"><ele>173.37</ele><time>2024-08-26T18:32:05Z</time></trkpt><trkpt lat="43.39075946" lon="-5.82549312"><ele>173.41</ele><time>2024-08-26T18:32:06Z</time></trkpt><trkpt lat="43.39074425" lon="-5.82550025"><ele>173.45</ele><time>2024-08-26T18:32:07Z</time></trkpt><trkpt lat="43.39072904" lon="-5.82550737"><ele>173.49</ele><time>2024-08-26T18:32:08Z</time></trkpt><trkpt lat="43.39071383" lon="-5.82551450"><ele>173.53</ele><time>2024-08-26T18:32:09Z</time></trkpt><trkpt lat="43.39069862" lon="-5.82552162"><ele>173.57</ele><time>2024-08-26T18:32:10Z</time></trkpt><trkpt lat="43.39068342" lon="-5.82552875"><ele>173.62</ele><time>2024-08-26T18:32:11Z</time></trkpt><trkpt lat="43.39066821" lon="-5.82553587"><ele>173.66</ele><time>2024-08-26T18:32:12Z</time></trkpt><trkpt lat="43.39065300" lon="-5.82554300"><ele>173.70</ele><time>2024-08-26T18:32:13Z</time></trkpt><trkpt lat="43.39063911" lon="-5.82554623"><ele>173.72</ele><time>2024-08-26T18:32:14Z</time></trkpt><trkpt lat="43.39062604" lon="-5.82554701"><ele>173.72</ele><time>2024-08-26T18:32:15Z</time></trkpt><trkpt lat="43.39061341" lon="-5.82554651"><ele>173.72</ele><time>2024-08-26T18:32:16Z</time></trkpt><trkpt lat="43.39060094" lon="-5.82554554"><ele>173.71</ele><time>2024-08-26T18:32:17Z</time></trkpt><trkpt lat="43.39058848" lon="-5.82554455"><ele>173.71</ele><time>2024-08-26T18:32:18Z</time></trkpt><trkpt lat="43.39057353" lon="-5.82554378"><ele>173.75</ele><time>2024-08-26T18:32:19Z</time></trkpt><trkpt lat="43.39055699" lon="-5.82554326"><ele>173.82</ele><time>2024-08-26T18:32:20Z</time></trkpt><trkpt lat="43.39053958" lon="-5.82554297"><ele>173.90</ele><time>2024-08-26T18:32:21Z</time></trkpt><trkpt lat="43.39052182" lon="-5.82554284"><ele>173.99</ele><time>2024-08-26T18:32:22Z</time></trkpt><trkpt lat="43.39050402" lon="-5.82554282"><ele>174.08</ele><time>2024-08-26T18:32:23Z</time></trkpt><trkpt lat="43.39048729" lon="-5.82554191"><ele>174.10</ele><time>2024-08-26T18:32:24Z</time></trkpt><trkpt lat="43.39047132" lon="-5.82554042"><ele>174.06</ele><time>2024-08-26T18:32:25Z</time></trkpt><trkpt lat="43.39045581" lon="-5.82553862"><ele>174.00</ele><time>2024-08-26T18:32:26Z</time></trkpt><trkpt lat="43.39044053" lon="-5.82553670"><ele>173.93</ele><time>2024-08-26T18:32:27Z</time></trkpt><trkpt lat="43.39042531" lon="-5.82553477"><ele>173.85</ele><time>2024-08-26T18:32:28Z</time></trkpt><trkpt lat="43.39041007" lon="-5.82553287"><ele>173.78</ele><time>2024-08-26T18:32:29Z</time></trkpt><trkpt lat="43.39039479" lon="-5.82553103"><ele>173.71</ele><time>2024-08-26T18:32:30Z</time></trkpt><trkpt lat="43.39037945" lon="-5.82552924"><ele>173.65</ele><time>2024-08-26T18:32:31Z</time></trkpt><trkpt lat="43.39036406" lon="-5.82552749"><ele>173.59</ele><time>2024-08-26T18:32:32Z</time></trkpt><trkpt lat="43.39034864" lon="-5.82552576"><ele>173.54</ele><time>2024-08-26T18:32:33Z</time></trkpt><trkpt lat="43.39033320" lon="-5.82552405"><ele>173.48</ele><time>2024-08-26T18:32:34Z</time></trkpt><trkpt lat="43.39031775" lon="-5.82552234"><ele>173.43</ele><time>2024-08-26T18:32:35Z</time></trkpt><trkpt lat="43.39030230" lon="-5.82552062"><ele>173.37</ele><time>2024-08-26T18:32:36Z</time></trkpt><trkpt lat="43.39028685" lon="-5.82551891"><ele>173.32</ele><time>2024-08-26T18:32:37Z</time></trkpt><trkpt lat="43.39027141" lon="-5.82551720"><ele>173.26</ele><time>2024-08-26T18:32:38Z</time></trkpt><trkpt lat="43.39025596" lon="-5.82551548"><ele>173.20</ele><time>2024-08-26T18:32:39Z</time></trkpt><trkpt lat="43.39024052" lon="-5.82551376"><ele>173.15</ele><time>2024-08-26T18:32:40Z</time></trkpt><trkpt lat="43.39022508" lon="-5.82551204"><ele>173.09</ele><time>2024-08-26T18:32:41Z</time></trkpt><trkpt lat="43.39020964" lon="-5.82551032"><ele>173.04</ele><time>2024-08-26T18:32:42Z</time></trkpt><trkpt lat="43.39019420" lon="-5.82550860"><ele>172.98</ele><time>2024-08-26T18:32:43Z</time></trkpt><trkpt lat="43.39017876" lon="-5.82550688"><ele>172.92</ele><time>2024-08-26T18:32:44Z</time></trkpt><trkpt lat="43.39016332" lon="-5.82550516"><ele>172.87</ele><time>2024-08-26T18:32:45Z</time></trkpt><trkpt lat="43.39014788" lon="-5.82550344"><ele>172.81</ele><time>2024-08-26T18:32:46Z</time></trkpt><trkpt lat="43.39013244" lon="-5.82550172"><ele>172.76</ele><time>2024-08-26T18:32:47Z</time></trkpt><trkpt lat="43.39011700" lon="-5.82550000"><ele>172.70</ele><time>2024-08-26T18:32:48Z</time></trkpt><trkpt lat="43.39010175" lon="-5.82549807"><ele>172.73</ele><time>2024-08-26T18:32:49Z</time></trkpt><trkpt lat="43.39008661" lon="-5.82549601"><ele>172.81</ele><time>2024-08-26T18:32:50Z</time></trkpt><trkpt lat="43.39007153" lon="-5.82549389"><ele>172.92</ele><time>2024-08-26T18:32:51Z</time></trkpt><trkpt lat="43.39005648" lon="-5.82549174"><ele>173.04</ele><time>2024-08-26T18:32:52Z</time></trkpt><trkpt lat="43.39004143" lon="-5.82548958"><ele>173.17</ele><time>2024-08-26T18:32:53Z</time></trkpt><trkpt lat="43.39002636" lon="-5.82548744"><ele>173.28</ele><time>2024-08-26T18:32:54Z</time></trkpt><trkpt lat="43.39001129" lon="-5.82548531"><ele>173.39</ele><time>2024-08-26T18:32:55Z</time></trkpt><trkpt lat="43.38999620" lon="-5.82548320"><ele>173.50</ele><time>2024-08-26T18:32:56Z</time></trkpt><trkpt lat="43.38998111" lon="-5.82548109"><ele>173.60</ele><time>2024-08-26T18:32:57Z</time></trkpt><trkpt lat="43.38996601" lon="-5.82547899"><ele>173.70</ele><time>2024-08-26T18:32:58Z</time></trkpt><trkpt lat="43.38995105" lon="-5.82547716"><ele>173.73</ele><time>2024-08-26T18:32:59Z</time></trkpt><trkpt lat="43.38993617" lon="-5.82547549"><ele>173.70</ele><time>2024-08-26T18:33:00Z</time></trkpt><trkpt lat="43.38992134" lon="-5.82547391"><ele>173.65</ele><time>2024-08-26T18:33:01Z</time></trkpt><trkpt lat="43.38990653" lon="-5.82547236"><ele>173.60</ele><time>2024-08-26T18:33:02Z</time></trkpt><trkpt lat="43.38989171" lon="-5.82547082"><ele>173.54</ele><time>2024-08-26T18:33:03Z</time></trkpt><trkpt lat="43.38987690" lon="-5.82546926"><ele>173.48</ele><time>2024-08-26T18:33:04Z</time></trkpt><trkpt lat="43.38986207" lon="-5.82546768"><ele>173.44</ele><time>2024-08-26T18:33:05Z</time></trkpt><trkpt lat="43.38984723" lon="-5.82546608"><ele>173.39</ele><time>2024-08-26T18:33:06Z</time></trkpt><trkpt lat="43.38983239" lon="-5.82546447"><ele>173.35</ele><time>2024-08-26T18:33:07Z</time></trkpt><trkpt lat="43.38981754" lon="-5.82546286"><ele>173.31</ele><time>2024-08-26T18:33:08Z</time></trkpt><trkpt lat="43.38980270" lon="-5.82546124"><ele>173.27</ele><time>2024-08-26T18:33:09Z</time></trkpt><trkpt lat="43.38978785" lon="-5.82545962"><ele>173.24</ele><time>2024-08-26T18:33:10Z</time></trkpt><trkpt lat="43.38977300" lon="-5.82545800"><ele>173.20</ele><time>2024-08-26T18:33:11Z</time></trkpt><trkpt lat="43.38976053" lon="-5.82545727"><ele>173.18</ele><time>2024-08-26T18:33:12Z</time></trkpt><trkpt lat="43.38974955" lon="-5.82545709"><ele>173.18</ele><time>2024-08-26T18:33:13Z</time></trkpt><trkpt lat="43.38973909" lon="-5.82545120"><ele>173.18</ele><time>2024-08-26T18:33:14Z</time></trkpt><trkpt lat="43.38972873" lon="-5.82544162"><ele>173.19</ele><time>2024-08-26T18:33:15Z</time></trkpt><trkpt lat="43.38971582" lon="-5.82543503"><ele>173.19</ele><time>2024-08-26T18:33:16Z</time></trkpt><trkpt lat="43.38970117" lon="-5.82543080"><ele>173.20</ele><time>2024-08-26T18:33:17Z</time></trkpt><trkpt lat="43.38968555" lon="-5.82542813"><ele>173.20</ele><time>2024-08-26T18:33:18Z</time></trkpt><trkpt lat="43.38966951" lon="-5.82542633"><ele>173.20</ele><time>2024-08-26T18:33:19Z</time></trkpt><trkpt lat="43.38965338" lon="-5.82542491"><ele>173.20</ele><time>2024-08-26T18:33:20Z</time></trkpt><trkpt lat="43.38963733" lon="-5.82542355"><ele>173.20</ele><time>2024-08-26T18:33:21Z</time></trkpt><trkpt lat="43.38962143" lon="-5.82542210"><ele>173.20</ele><time>2024-08-26T18:33:22Z</time></trkpt><trkpt lat="43.38960567" lon="-5.82542051"><ele>173.20</ele><time>2024-08-26T18:33:23Z</time></trkpt><trkpt lat="43.38959002" lon="-5.82541880"><ele>173.20</ele><time>2024-08-26T18:33:24Z</time></trkpt><trkpt lat="43.38957444" lon="-5.82541698"><ele>173.20</ele><time>2024-08-26T18:33:25Z</time></trkpt><trkpt lat="43.38955890" lon="-5.82541510"><ele>173.20</ele><time>2024-08-26T18:33:26Z</time></trkpt><trkpt lat="43.38954516" lon="-5.82541087"><ele>173.16</ele><time>2024-08-26T18:33:27Z</time></trkpt><trkpt lat="43.38953255" lon="-5.82540516"><ele>173.10</ele><time>2024-08-26T18:33:28Z</time></trkpt><trkpt lat="43.38952051" lon="-5.82539870"><ele>173.02</ele><time>2024-08-26T18:33:29Z</time></trkpt><trkpt lat="43.38950869" lon="-5.82539196"><ele>172.94</ele><time>2024-08-26T18:33:30Z</time></trkpt><trkpt lat="43.38949686" lon="-5.82538522"><ele>172.86</ele><time>2024-08-26T18:33:31Z</time></trkpt><trkpt lat="43.38948493" lon="-5.82537860"><ele>172.78</ele><time>2024-08-26T18:33:32Z</time></trkpt><trkpt lat="43.38947289" lon="-5.82537215"><ele>172.70</ele><time>2024-08-26T18:33:33Z</time></trkpt><trkpt lat="43.38945930" lon="-5.82536715"><ele>172.66</ele><time>2024-08-26T18:33:34Z</time></trkpt><trkpt lat="43.38944473" lon="-5.82536307"><ele>172.63</ele><time>2024-08-26T18:33:35Z</time></trkpt><trkpt lat="43.38942964" lon="-5.82535949"><ele>172.61</ele><time>2024-08-26T18:33:36Z</time></trkpt><trkpt lat="43.38941435" lon="-5.82535610"><ele>172.59</ele><time>2024-08-26T18:33:37Z</time></trkpt><trkpt lat="43.38939906" lon="-5.82535272"><ele>172.58</ele><time>2024-08-26T18:33:38Z</time></trkpt><trkpt lat="43.38938384" lon="-5.82534927"><ele>172.56</ele><time>2024-08-26T18:33:39Z</time></trkpt><trkpt lat="43.38936872" lon="-5.82534572"><ele>172.55</ele><time>2024-08-26T18:33:40Z</time></trkpt><trkpt lat="43.38935369" lon="-5.82534209"><ele>172.53</ele><time>2024-08-26T18:33:41Z</time></trkpt><trkpt lat="43.38933872" lon="-5.82533840"><ele>172.51</ele><time>2024-08-26T18:33:42Z</time></trkpt><trkpt lat="43.38932380" lon="-5.82533467"><ele>172.48</ele><time>2024-08-26T18:33:43Z</time></trkpt><trkpt lat="43.38930890" lon="-5.82533093"><ele>172.46</ele><time>2024-08-26T18:33:44Z</time></trkpt><trkpt lat="43.38929400" lon="-5.82532717"><ele>172.44</ele><time>2024-08-26T18:33:45Z</time></trkpt><trkpt lat="43.38927910" lon="-5.82532342"><ele>172.42</ele><time>2024-08-26T18:33:46Z</time></trkpt><trkpt lat="43.38926420" lon="-5.82531966"><ele>172.40</ele><time>2024-08-26T18:33:47Z</time></trkpt><trkpt lat="43.38924930" lon="-5.82531592"><ele>172.37</ele><time>2024-08-26T18:33:48Z</time></trkpt><trkpt lat="43.38923439" lon="-5.82531217"><ele>172.35</ele><time>2024-08-26T18:33:49Z</time></trkpt><trkpt lat="43.38921948" lon="-5.82530843"><ele>172.33</ele><time>2024-08-26T18:33:50Z</time></trkpt><trkpt lat="43.38920457" lon="-5.82530469"><ele>172.31</ele><time>2024-08-26T18:33:51Z</time></trkpt><trkpt lat="43.38918965" lon="-5.82530095"><ele>172.29</ele><time>2024-08-26T18:33:52Z</time></trkpt><trkpt lat="43.38917474" lon="-5.82529722"><ele>172.27</ele><time>2024-08-26T18:33:53Z</time></trkpt><trkpt lat="43.38915983" lon="-5.82529348"><ele>172.24</ele><time>2024-08-26T18:33:54Z</time></trkpt><trkpt lat="43.38914491" lon="-5.82528974"><ele>172.22</ele><time>2024-08-26T18:33:55Z</time></trkpt><trkpt lat="43.38913000" lon="-5.82528600"><ele>172.20</ele><time>2024-08-26T18:33:56Z</time></trkpt><trkpt lat="43.38911732" lon="-5.82528230"><ele>172.19</ele><time>2024-08-26T18:33:57Z</time></trkpt><trkpt lat="43.38910604" lon="-5.82527863"><ele>172.19</ele><time>2024-08-26T18:33:58Z</time></trkpt><trkpt lat="43.38909549" lon="-5.82527496"><ele>172.19</ele><time>2024-08-26T18:33:59Z</time></trkpt><trkpt lat="43.38908521" lon="-5.82527131"><ele>172.19</ele><time>2024-08-26T18:34:00Z</time></trkpt><trkpt lat="43.38907494" lon="-5.82526765"><ele>172.20</ele><time>2024-08-26T18:34:01Z</time></trkpt><trkpt lat="43.38906456" lon="-5.82526399"><ele>172.20</ele><time>2024-08-26T18:34:02Z</time></trkpt><trkpt lat="43.38905211" lon="-5.82526634"><ele>172.20</ele><time>2024-08-26T18:34:03Z</time></trkpt><trkpt lat="43.38903832" lon="-5.82527247"><ele>172.20</ele><time>2024-08-26T18:34:04Z</time></trkpt><trkpt lat="43.38902381" lon="-5.82528058"><ele>172.20</ele><time>2024-08-26T18:34:05Z</time></trkpt><trkpt lat="43.38900537" lon="-5.82529689"><ele>171.93</ele><time>2024-08-26T18:34:06Z</time></trkpt><trkpt lat="43.38898772" lon="-5.82530979"><ele>171.65</ele><time>2024-08-26T18:34:07Z</time></trkpt><trkpt lat="43.38897094" lon="-5.82531972"><ele>171.38</ele><time>2024-08-26T18:34:08Z</time></trkpt><trkpt lat="43.38895486" lon="-5.82532749"><ele>171.13</ele><time>2024-08-26T18:34:09Z</time></trkpt><trkpt lat="43.38893928" lon="-5.82533393"><ele>170.90</ele><time>2024-08-26T18:34:10Z</time></trkpt><trkpt lat="43.38892398" lon="-5.82533971"><ele>170.69</ele><time>2024-08-26T18:34:11Z</time></trkpt><trkpt lat="43.38890882" lon="-5.82534526"><ele>170.49</ele><time>2024-08-26T18:34:12Z</time></trkpt><trkpt lat="43.38889368" lon="-5.82535083"><ele>170.29</ele><time>2024-08-26T18:34:13Z</time></trkpt><trkpt lat="43.38888088" lon="-5.82535319"><ele>170.20</ele><time>2024-08-26T18:34:14Z</time></trkpt><trkpt lat="43.38886951" lon="-5.82535358"><ele>170.18</ele><time>2024-08-26T18:34:15Z</time></trkpt><trkpt lat="43.38885669" lon="-5.82535299"><ele>170.23</ele><time>2024-08-26T18:34:16Z</time></trkpt><trkpt lat="43.38884274" lon="-5.82535209"><ele>170.30</ele><time>2024-08-26T18:34:17Z</time></trkpt><trkpt lat="43.38882806" lon="-5.82535123"><ele>170.38</ele><time>2024-08-26T18:34:18Z</time></trkpt><trkpt lat="43.38881298" lon="-5.82535058"><ele>170.46</ele><time>2024-08-26T18:34:19Z</time></trkpt><trkpt lat="43.38879774" lon="-5.82535016"><ele>170.53</ele><time>2024-08-26T18:34:20Z</time></trkpt><trkpt lat="43.38878247" lon="-5.82534994"><ele>170.60</ele><time>2024-08-26T18:34:21Z</time></trkpt><trkpt lat="43.38876725" lon="-5.82534985"><ele>170.65</ele><time>2024-08-26T18:34:22Z</time></trkpt><trkpt lat="43.38875209" lon="-5.82534984"><ele>170.71</ele><time>2024-08-26T18:34:23Z</time></trkpt><trkpt lat="43.38873700" lon="-5.82534987"><ele>170.76</ele><time>2024-08-26T18:34:24Z</time></trkpt><trkpt lat="43.38872196" lon="-5.82534991"><ele>170.80</ele><time>2024-08-26T18:34:25Z</time></trkpt><trkpt lat="43.38870349" lon="-5.82535396"><ele>170.83</ele><time>2024-08-26T18:34:26Z</time></trkpt><trkpt lat="43.38868286" lon="-5.82536051"><ele>170.83</ele><time>2024-08-26T18:34:27Z</time></trkpt><trkpt lat="43.38866109" lon="-5.82536838"><ele>170.83</ele><time>2024-08-26T18:34:28Z</time></trkpt><trkpt lat="43.38864365" lon="-5.82537754"><ele>170.82</ele><time>2024-08-26T18:34:29Z</time></trkpt><trkpt lat="43.38862919" lon="-5.82538722"><ele>170.81</ele><time>2024-08-26T18:34:30Z</time></trkpt><trkpt lat="43.38861647" lon="-5.82539694"><ele>170.81</ele><time>2024-08-26T18:34:31Z</time></trkpt><trkpt lat="43.38860455" lon="-5.82540650"><ele>170.80</ele><time>2024-08-26T18:34:32Z</time></trkpt><trkpt lat="43.38859285" lon="-5.82541583"><ele>170.80</ele><time>2024-08-26T18:34:33Z</time></trkpt><trkpt lat="43.38858103" lon="-5.82542494"><ele>170.80</ele><time>2024-08-26T18:34:34Z</time></trkpt><trkpt lat="43.38856900" lon="-5.82543390"><ele>170.80</ele><time>2024-08-26T18:34:35Z</time></trkpt><trkpt lat="43.38855673" lon="-5.82544275"><ele>170.80</ele><time>2024-08-26T18:34:36Z</time></trkpt><trkpt lat="43.38854427" lon="-5.82545155"><ele>170.80</ele><time>2024-08-26T18:34:37Z</time></trkpt><trkpt lat="43.38853169" lon="-5.82546034"><ele>170.80</ele><time>2024-08-26T18:34:38Z</time></trkpt><trkpt lat="43.38851904" lon="-5.82546912"><ele>170.80</ele><time>2024-08-26T18:34:39Z</time></trkpt><trkpt lat="43.38850636" lon="-5.82547791"><ele>170.80</ele><time>2024-08-26T18:34:40Z</time></trkpt><trkpt lat="43.38849367" lon="-5.82548672"><ele>170.80</ele><time>2024-08-26T18:34:41Z</time></trkpt><trkpt lat="43.38848099" lon="-5.82549553"><ele>170.80</ele><time>2024-08-26T18:34:42Z</time></trkpt><trkpt lat="43.38846831" lon="-5.82550435"><ele>170.80</ele><time>2024-08-26T18:34:43Z</time></trkpt><trkpt lat="43.38845565" lon="-5.82551317"><ele>170.80</ele><time>2024-08-26T18:34:44Z</time></trkpt><trkpt lat="43.38844299" lon="-5.82552199"><ele>170.80</ele><time>2024-08-26T18:34:45Z</time></trkpt><trkpt lat="43.38843256" lon="-5.82553070"><ele>170.75</ele><time>2024-08-26T18:34:46Z</time></trkpt><trkpt lat="43.38842351" lon="-5.82553932"><ele>170.66</ele><time>2024-08-26T18:34:47Z</time></trkpt><trkpt lat="43.38841520" lon="-5.82554791"><ele>170.55</ele><time>2024-08-26T18:34:48Z</time></trkpt><trkpt lat="43.38840716" lon="-5.82555648"><ele>170.44</ele><time>2024-08-26T18:34:49Z</time></trkpt><trkpt lat="43.38839912" lon="-5.82556505"><ele>170.32</ele><time>2024-08-26T18:34:50Z</time></trkpt><trkpt lat="43.38838981" lon="-5.82557477"><ele>170.34</ele><time>2024-08-26T18:34:51Z</time></trkpt><trkpt lat="43.38837964" lon="-5.82558523"><ele>170.45</ele><time>2024-08-26T18:34:52Z</time></trkpt><trkpt lat="43.38836895" lon="-5.82559606"><ele>170.60</ele><time>2024-08-26T18:34:53Z</time></trkpt><trkpt lat="43.38835804" lon="-5.82560705"><ele>170.77</ele><time>2024-08-26T18:34:54Z</time></trkpt><trkpt lat="43.38834706" lon="-5.82561804"><ele>170.95</ele><time>2024-08-26T18:34:55Z</time></trkpt><trkpt lat="43.38833612" lon="-5.82562897"><ele>171.11</ele><time>2024-08-26T18:34:56Z</time></trkpt><trkpt lat="43.38832524" lon="-5.82563982"><ele>171.27</ele><time>2024-08-26T18:34:57Z</time></trkpt><trkpt lat="43.38831443" lon="-5.82565061"><ele>171.42</ele><time>2024-08-26T18:34:58Z</time></trkpt><trkpt lat="43.38830367" lon="-5.82566135"><ele>171.56</ele><time>2024-08-26T18:34:59Z</time></trkpt><trkpt lat="43.38829295" lon="-5.82567205"><ele>171.71</ele><time>2024-08-26T18:35:00Z</time></trkpt><trkpt lat="43.38828409" lon="-5.82568874"><ele>171.86</ele><time>2024-08-26T18:35:01Z</time></trkpt><trkpt lat="43.38827640" lon="-5.82570919"><ele>172.02</ele><time>2024-08-26T18:35:02Z</time></trkpt><trkpt lat="43.38826932" lon="-5.82573162"><ele>172.19</ele><time>2024-08-26T18:35:03Z</time></trkpt><trkpt lat="43.38826258" lon="-5.82575071"><ele>172.30</ele><time>2024-08-26T18:35:04Z</time></trkpt><trkpt lat="43.38825591" lon="-5.82576725"><ele>172.37</ele><time>2024-08-26T18:35:05Z</time></trkpt><trkpt lat="43.38824919" lon="-5.82578214"><ele>172.42</ele><time>2024-08-26T18:35:06Z</time></trkpt><trkpt lat="43.38824236" lon="-5.82579614"><ele>172.46</ele><time>2024-08-26T18:35:07Z</time></trkpt><trkpt lat="43.38823541" lon="-5.82580978"><ele>172.50</ele><time>2024-08-26T18:35:08Z</time></trkpt><trkpt lat="43.38822839" lon="-5.82582338"><ele>172.55</ele><time>2024-08-26T18:35:09Z</time></trkpt><trkpt lat="43.38822130" lon="-5.82583710"><ele>172.59</ele><time>2024-08-26T18:35:10Z</time></trkpt><trkpt lat="43.38821418" lon="-5.82585098"><ele>172.64</ele><time>2024-08-26T18:35:11Z</time></trkpt><trkpt lat="43.38820706" lon="-5.82586500"><ele>172.70</ele><time>2024-08-26T18:35:12Z</time></trkpt><trkpt lat="43.38819648" lon="-5.82587724"><ele>172.67</ele><time>2024-08-26T18:35:13Z</time></trkpt><trkpt lat="43.38818374" lon="-5.82588834"><ele>172.59</ele><time>2024-08-26T18:35:14Z</time></trkpt><trkpt lat="43.38816986" lon="-5.82589886"><ele>172.48</ele><time>2024-08-26T18:35:15Z</time></trkpt><trkpt lat="43.38815558" lon="-5.82590916"><ele>172.35</ele><time>2024-08-26T18:35:16Z</time></trkpt><trkpt lat="43.38814129" lon="-5.82591946"><ele>172.23</ele><time>2024-08-26T18:35:17Z</time></trkpt><trkpt lat="43.38812718" lon="-5.82592986"><ele>172.12</ele><time>2024-08-26T18:35:18Z</time></trkpt><trkpt lat="43.38811331" lon="-5.82594037"><ele>172.01</ele><time>2024-08-26T18:35:19Z</time></trkpt><trkpt lat="43.38809964" lon="-5.82595099"><ele>171.90</ele><time>2024-08-26T18:35:20Z</time></trkpt><trkpt lat="43.38808611" lon="-5.82596168"><ele>171.80</ele><time>2024-08-26T18:35:21Z</time></trkpt><trkpt lat="43.38807267" lon="-5.82597242"><ele>171.70</ele><time>2024-08-26T18:35:22Z</time></trkpt><trkpt lat="43.38805928" lon="-5.82598318"><ele>171.60</ele><time>2024-08-26T18:35:23Z</time></trkpt><trkpt lat="43.38804591" lon="-5.82599395"><ele>171.50</ele><time>2024-08-26T18:35:24Z</time></trkpt><trkpt lat="43.38803253" lon="-5.82600472"><ele>171.40</ele><time>2024-08-26T18:35:25Z</time></trkpt><trkpt lat="43.38801914" lon="-5.82601549"><ele>171.30</ele><time>2024-08-26T18:35:26Z</time></trkpt><trkpt lat="43.38800574" lon="-5.82602625"><ele>171.20</ele><time>2024-08-26T18:35:27Z</time></trkpt><trkpt lat="43.38799234" lon="-5.82603700"><ele>171.10</ele><time>2024-08-26T18:35:28Z</time></trkpt><trkpt lat="43.38797892" lon="-5.82604775"><ele>171.00</ele><time>2024-08-26T18:35:29Z</time></trkpt><trkpt lat="43.38796551" lon="-5.82605850"><ele>170.90</ele><time>2024-08-26T18:35:30Z</time></trkpt><trkpt lat="43.38795209" lon="-5.82606925"><ele>170.80</ele><time>2024-08-26T18:35:31Z</time></trkpt><trkpt lat="43.38793867" lon="-5.82608000"><ele>170.70</ele><time>2024-08-26T18:35:32Z</time></trkpt><trkpt lat="43.38792525" lon="-5.82609075"><ele>170.60</ele><time>2024-08-26T18:35:33Z</time></trkpt><trkpt lat="43.38791183" lon="-5.82610150"><ele>170.50</ele><time>2024-08-26T18:35:34Z</time></trkpt><trkpt lat="43.38789842" lon="-5.82611225"><ele>170.40</ele><time>2024-08-26T18:35:35Z</time></trkpt><trkpt lat="43.38788500" lon="-5.82612300"><ele>170.30</ele><time>2024-08-26T18:35:36Z</time></trkpt><trkpt lat="43.38787891" lon="-5.82613935"><ele>170.25</ele><time>2024-08-26T18:35:37Z</time></trkpt><trkpt lat="43.38787116" lon="-5.82615363"><ele>170.31</ele><time>2024-08-26T18:35:38Z</time></trkpt><trkpt lat="43.38786186" lon="-5.82616622"><ele>170.43</ele><time>2024-08-26T18:35:39Z</time></trkpt><trkpt lat="43.38785139" lon="-5.82617765"><ele>170.57</ele><time>2024-08-26T18:35:40Z</time></trkpt><trkpt lat="43.38784017" lon="-5.82618841"><ele>170.72</ele><time>2024-08-26T18:35:41Z</time></trkpt><trkpt lat="43.38782854" lon="-5.82619887"><ele>170.87</ele><time>2024-08-26T18:35:42Z</time></trkpt><trkpt lat="43.38781677" lon="-5.82620924"><ele>171.01</ele><time>2024-08-26T18:35:43Z</time></trkpt><trkpt lat="43.38780498" lon="-5.82621967"><ele>171.15</ele><time>2024-08-26T18:35:44Z</time></trkpt><trkpt lat="43.38779324" lon="-5.82623018"><ele>171.27</ele><time>2024-08-26T18:35:45Z</time></trkpt><trkpt lat="43.38778159" lon="-5.82624078"><ele>171.40</ele><time>2024-08-26T18:35:46Z</time></trkpt><trkpt lat="43.38777000" lon="-5.82625146"><ele>171.52</ele><time>2024-08-26T18:35:47Z</time></trkpt><trkpt lat="43.38775846" lon="-5.82626219"><ele>171.64</ele><time>2024-08-26T18:35:48Z</time></trkpt><trkpt lat="43.38774695" lon="-5.82627294"><ele>171.76</ele><time>2024-08-26T18:35:49Z</time></trkpt><trkpt lat="43.38773545" lon="-5.82628370"><ele>171.88</ele><time>2024-08-26T18:35:50Z</time></trkpt><trkpt lat="43.38772397" lon="-5.82629447"><ele>172.00</ele><time>2024-08-26T18:35:51Z</time></trkpt><trkpt lat="43.38771248" lon="-5.82630523"><ele>172.12</ele><time>2024-08-26T18:35:52Z</time></trkpt><trkpt lat="43.38770099" lon="-5.82631599"><ele>172.24</ele><time>2024-08-26T18:35:53Z</time></trkpt><trkpt lat="43.38768950" lon="-5.82632675"><ele>172.36</ele><time>2024-08-26T18:35:54Z</time></trkpt><trkpt lat="43.38767800" lon="-5.82633750"><ele>172.49</ele><time>2024-08-26T18:35:55Z</time></trkpt><trkpt lat="43.38766650" lon="-5.82634825"><ele>172.61</ele><time>2024-08-26T18:35:56Z</time></trkpt><trkpt lat="43.38765500" lon="-5.82635900"><ele>172.73</ele><time>2024-08-26T18:35:57Z</time></trkpt><trkpt lat="43.38764350" lon="-5.82636975"><ele>172.85</ele><time>2024-08-26T18:35:58Z</time></trkpt><trkpt lat="43.38763200" lon="-5.82638050"><ele>172.97</ele><time>2024-08-26T18:35:59Z</time></trkpt><trkpt lat="43.38762050" lon="-5.82639125"><ele>173.09</ele><time>2024-08-26T18:36:00Z</time></trkpt><trkpt lat="43.38760900" lon="-5.82640200"><ele>173.21</ele><time>2024-08-26T18:36:01Z</time></trkpt><trkpt lat="43.38759750" lon="-5.82641275"><ele>173.34</ele><time>2024-08-26T18:36:02Z</time></trkpt><trkpt lat="43.38758600" lon="-5.82642350"><ele>173.46</ele><time>2024-08-26T18:36:03Z</time></trkpt><trkpt lat="43.38757450" lon="-5.82643425"><ele>173.58</ele><time>2024-08-26T18:36:04Z</time></trkpt><trkpt lat="43.38756300" lon="-5.82644500"><ele>173.70</ele><time>2024-08-26T18:36:05Z</time></trkpt><trkpt lat="43.38755079" lon="-5.82645458"><ele>173.70</ele><time>2024-08-26T18:36:06Z</time></trkpt><trkpt lat="43.38753813" lon="-5.82646341"><ele>173.62</ele><time>2024-08-26T18:36:07Z</time></trkpt><trkpt lat="43.38752524" lon="-5.82647186"><ele>173.51</ele><time>2024-08-26T18:36:08Z</time></trkpt><trkpt lat="43.38751226" lon="-5.82648016"><ele>173.38</ele><time>2024-08-26T18:36:09Z</time></trkpt><trkpt lat="43.38749928" lon="-5.82648847"><ele>173.25</ele><time>2024-08-26T18:36:10Z</time></trkpt><trkpt lat="43.38749333" lon="-5.82649787"><ele>173.56</ele><time>2024-08-26T18:36:11Z</time></trkpt><trkpt lat="43.38749184" lon="-5.82650801"><ele>174.16</ele><time>2024-08-26T18:36:12Z</time></trkpt><trkpt lat="43.38748868" lon="-5.82651664"><ele>174.70</ele><time>2024-08-26T18:36:13Z</time></trkpt><trkpt lat="43.38748388" lon="-5.82652425"><ele>175.18</ele><time>2024-08-26T18:36:14Z</time></trkpt><trkpt lat="43.38747779" lon="-5.82653126"><ele>175.60</ele><time>2024-08-26T18:36:15Z</time></trkpt><trkpt lat="43.38746818" lon="-5.82654031"><ele>175.80</ele><time>2024-08-26T18:36:16Z</time></trkpt><trkpt lat="43.38745640" lon="-5.82655075"><ele>175.87</ele><time>2024-08-26T18:36:17Z</time></trkpt><trkpt lat="43.38744355" lon="-5.82656200"><ele>175.87</ele><time>2024-08-26T18:36:18Z</time></trkpt><trkpt lat="43.38743033" lon="-5.82657360"><ele>175.84</ele><time>2024-08-26T18:36:19Z</time></trkpt><trkpt lat="43.38741717" lon="-5.82658530"><ele>175.80</ele><time>2024-08-26T18:36:20Z</time></trkpt><trkpt lat="43.38740422" lon="-5.82659693"><ele>175.79</ele><time>2024-08-26T18:36:21Z</time></trkpt><trkpt lat="43.38739152" lon="-5.82660846"><ele>175.78</ele><time>2024-08-26T18:36:22Z</time></trkpt><trkpt lat="43.38737903" lon="-5.82661987"><ele>175.79</ele><time>2024-08-26T18:36:23Z</time></trkpt><trkpt lat="43.38736670" lon="-5.82663119"><ele>175.81</ele><time>2024-08-26T18:36:24Z</time></trkpt><trkpt lat="43.38735445" lon="-5.82664246"><ele>175.83</ele><time>2024-08-26T18:36:25Z</time></trkpt><trkpt lat="43.38734224" lon="-5.82665369"><ele>175.85</ele><time>2024-08-26T18:36:26Z</time></trkpt><trkpt lat="43.38733005" lon="-5.82666491"><ele>175.88</ele><time>2024-08-26T18:36:27Z</time></trkpt><trkpt lat="43.38731785" lon="-5.82667613"><ele>175.91</ele><time>2024-08-26T18:36:28Z</time></trkpt><trkpt lat="43.38730564" lon="-5.82668735"><ele>175.93</ele><time>2024-08-26T18:36:29Z</time></trkpt><trkpt lat="43.38729342" lon="-5.82669858"><ele>175.96</ele><time>2024-08-26T18:36:30Z</time></trkpt><trkpt lat="43.38728119" lon="-5.82670981"><ele>175.98</ele><time>2024-08-26T18:36:31Z</time></trkpt><trkpt lat="43.38726896" lon="-5.82672105"><ele>176.01</ele><time>2024-08-26T18:36:32Z</time></trkpt><trkpt lat="43.38725672" lon="-5.82673228"><ele>176.03</ele><time>2024-08-26T18:36:33Z</time></trkpt><trkpt lat="43.38724448" lon="-5.82674352"><ele>176.05</ele><time>2024-08-26T18:36:34Z</time></trkpt><trkpt lat="43.38723224" lon="-5.82675476"><ele>176.08</ele><time>2024-08-26T18:36:35Z</time></trkpt><trkpt lat="43.38722000" lon="-5.82676600"><ele>176.10</ele><time>2024-08-26T18:36:36Z</time></trkpt><trkpt lat="43.38720860" lon="-5.82677700"><ele>176.26</ele><time>2024-08-26T18:36:37Z</time></trkpt><trkpt lat="43.38719773" lon="-5.82678785"><ele>176.52</ele><time>2024-08-26T18:36:38Z</time></trkpt><trkpt lat="43.38718714" lon="-5.82679862"><ele>176.81</ele><time>2024-08-26T18:36:39Z</time></trkpt><trkpt lat="43.38717665" lon="-5.82680936"><ele>177.13</ele><time>2024-08-26T18:36:40Z</time></trkpt><trkpt lat="43.38716616" lon="-5.82682010"><ele>177.44</ele><time>2024-08-26T18:36:41Z</time></trkpt><trkpt lat="43.38715563" lon="-5.82683085"><ele>177.75</ele><time>2024-08-26T18:36:42Z</time></trkpt><trkpt lat="43.38714504" lon="-5.82684162"><ele>178.05</ele><time>2024-08-26T18:36:43Z</time></trkpt><trkpt lat="43.38713441" lon="-5.82685240"><ele>178.34</ele><time>2024-08-26T18:36:44Z</time></trkpt><trkpt lat="43.38712373" lon="-5.82686319"><ele>178.63</ele><time>2024-08-26T18:36:45Z</time></trkpt><trkpt lat="43.38711304" lon="-5.82687399"><ele>178.91</ele><time>2024-08-26T18:36:46Z</time></trkpt><trkpt lat="43.38710162" lon="-5.82688539"><ele>179.12</ele><time>2024-08-26T18:36:47Z</time></trkpt><trkpt lat="43.38708976" lon="-5.82689716"><ele>179.30</ele><time>2024-08-26T18:36:48Z</time></trkpt><trkpt lat="43.38707765" lon="-5.82690913"><ele>179.46</ele><time>2024-08-26T18:36:49Z</time></trkpt><trkpt lat="43.38706547" lon="-5.82692117"><ele>179.61</ele><time>2024-08-26T18:36:50Z</time></trkpt><trkpt lat="43.38705329" lon="-5.82693321"><ele>179.76</ele><time>2024-08-26T18:36:51Z</time></trkpt><trkpt lat="43.38704114" lon="-5.82694521"><ele>179.91</ele><time>2024-08-26T18:36:52Z</time></trkpt><trkpt lat="43.38702905" lon="-5.82695718"><ele>180.07</ele><time>2024-08-26T18:36:53Z</time></trkpt><trkpt lat="43.38701699" lon="-5.82696912"><ele>180.23</ele><time>2024-08-26T18:36:54Z</time></trkpt><trkpt lat="43.38700497" lon="-5.82698102"><ele>180.40</ele><time>2024-08-26T18:36:55Z</time></trkpt><trkpt lat="43.38699269" lon="-5.82699229"><ele>180.36</ele><time>2024-08-26T18:36:56Z</time></trkpt><trkpt lat="43.38698025" lon="-5.82700316"><ele>180.20</ele><time>2024-08-26T18:36:57Z</time></trkpt><trkpt lat="43.38696773" lon="-5.82701383"><ele>179.98</ele><time>2024-08-26T18:36:58Z</time></trkpt><trkpt lat="43.38695517" lon="-5.82702441"><ele>179.73</ele><time>2024-08-26T18:36:59Z</time></trkpt><trkpt lat="43.38694260" lon="-5.82703500"><ele>179.48</ele><time>2024-08-26T18:37:00Z</time></trkpt><trkpt lat="43.38693005" lon="-5.82704563"><ele>179.24</ele><time>2024-08-26T18:37:01Z</time></trkpt><trkpt lat="43.38691752" lon="-5.82705629"><ele>179.01</ele><time>2024-08-26T18:37:02Z</time></trkpt><trkpt lat="43.38690500" lon="-5.82706699"><ele>178.80</ele><time>2024-08-26T18:37:03Z</time></trkpt><trkpt lat="43.38689249" lon="-5.82707772"><ele>178.59</ele><time>2024-08-26T18:37:04Z</time></trkpt><trkpt lat="43.38687999" lon="-5.82708847"><ele>178.39</ele><time>2024-08-26T18:37:05Z</time></trkpt><trkpt lat="43.38686749" lon="-5.82709922"><ele>178.19</ele><time>2024-08-26T18:37:06Z</time></trkpt><trkpt lat="43.38685499" lon="-5.82710998"><ele>177.99</ele><time>2024-08-26T18:37:07Z</time></trkpt><trkpt lat="43.38684345" lon="-5.82712074"><ele>178.00</ele><time>2024-08-26T18:37:08Z</time></trkpt><trkpt lat="43.38683251" lon="-5.82713150"><ele>178.14</ele><time>2024-08-26T18:37:09Z</time></trkpt><trkpt lat="43.38682189" lon="-5.82714225"><ele>178.34</ele><time>2024-08-26T18:37:10Z</time></trkpt><trkpt lat="43.38681138" lon="-5.82715300"><ele>178.57</ele><time>2024-08-26T18:37:11Z</time></trkpt><trkpt lat="43.38680087" lon="-5.82716375"><ele>178.79</ele><time>2024-08-26T18:37:12Z</time></trkpt><trkpt lat="43.38679031" lon="-5.82717450"><ele>179.01</ele><time>2024-08-26T18:37:13Z</time></trkpt><trkpt lat="43.38677969" lon="-5.82718525"><ele>179.21</ele><time>2024-08-26T18:37:14Z</time></trkpt><trkpt lat="43.38676901" lon="-5.82719600"><ele>179.40</ele><time>2024-08-26T18:37:15Z</time></trkpt><trkpt lat="43.38675786" lon="-5.82720626"><ele>179.53</ele><time>2024-08-26T18:37:16Z</time></trkpt><trkpt lat="43.38674641" lon="-5.82721620"><ele>179.62</ele><time>2024-08-26T18:37:17Z</time></trkpt><trkpt lat="43.38673481" lon="-5.82722598"><ele>179.69</ele><time>2024-08-26T18:37:18Z</time></trkpt><trkpt lat="43.38672315" lon="-5.82723571"><ele>179.75</ele><time>2024-08-26T18:37:19Z</time></trkpt><trkpt lat="43.38671150" lon="-5.82724543"><ele>179.81</ele><time>2024-08-26T18:37:20Z</time></trkpt><trkpt lat="43.38669986" lon="-5.82725518"><ele>179.87</ele><time>2024-08-26T18:37:21Z</time></trkpt><trkpt lat="43.38668826" lon="-5.82726496"><ele>179.94</ele><time>2024-08-26T18:37:22Z</time></trkpt><trkpt lat="43.38667669" lon="-5.82727477"><ele>180.01</ele><time>2024-08-26T18:37:23Z</time></trkpt><trkpt lat="43.38666513" lon="-5.82728460"><ele>180.09</ele><time>2024-08-26T18:37:24Z</time></trkpt><trkpt lat="43.38665359" lon="-5.82729444"><ele>180.17</ele><time>2024-08-26T18:37:25Z</time></trkpt><trkpt lat="43.38664206" lon="-5.82730429"><ele>180.24</ele><time>2024-08-26T18:37:26Z</time></trkpt><trkpt lat="43.38663053" lon="-5.82731414"><ele>180.32</ele><time>2024-08-26T18:37:27Z</time></trkpt><trkpt lat="43.38661899" lon="-5.82732399"><ele>180.40</ele><time>2024-08-26T18:37:28Z</time></trkpt><trkpt lat="43.38660789" lon="-5.82733434"><ele>180.50</ele><time>2024-08-26T18:37:29Z</time></trkpt><trkpt lat="43.38659705" lon="-5.82734499"><ele>180.61</ele><time>2024-08-26T18:37:30Z</time></trkpt><trkpt lat="43.38658636" lon="-5.82735581"><ele>180.73</ele><time>2024-08-26T18:37:31Z</time></trkpt><trkpt lat="43.38657572" lon="-5.82736668"><ele>180.85</ele><time>2024-08-26T18:37:32Z</time></trkpt><trkpt lat="43.38656508" lon="-5.82737755"><ele>180.97</ele><time>2024-08-26T18:37:33Z</time></trkpt><trkpt lat="43.38655441" lon="-5.82738840"><ele>181.10</ele><time>2024-08-26T18:37:34Z</time></trkpt><trkpt lat="43.38654372" lon="-5.82739922"><ele>181.22</ele><time>2024-08-26T18:37:35Z</time></trkpt><trkpt lat="43.38653300" lon="-5.82741000"><ele>181.33</ele><time>2024-08-26T18:37:36Z</time></trkpt><trkpt lat="43.38652227" lon="-5.82742077"><ele>181.45</ele><time>2024-08-26T18:37:37Z</time></trkpt><trkpt lat="43.38651152" lon="-5.82743152"><ele>181.57</ele><time>2024-08-26T18:37:38Z</time></trkpt><trkpt lat="43.38650077" lon="-5.82744227"><ele>181.68</ele><time>2024-08-26T18:37:39Z</time></trkpt><trkpt lat="43.38649001" lon="-5.82745301"><ele>181.80</ele><time>2024-08-26T18:37:40Z</time></trkpt><trkpt lat="43.38647893" lon="-5.82746341"><ele>182.01</ele><time>2024-08-26T18:37:41Z</time></trkpt><trkpt lat="43.38646764" lon="-5.82747360"><ele>182.27</ele><time>2024-08-26T18:37:42Z</time></trkpt><trkpt lat="43.38645624" lon="-5.82748367"><ele>182.57</ele><time>2024-08-26T18:37:43Z</time></trkpt><trkpt lat="43.38644480" lon="-5.82749370"><ele>182.87</ele><time>2024-08-26T18:37:44Z</time></trkpt><trkpt lat="43.38643337" lon="-5.82750373"><ele>183.18</ele><time>2024-08-26T18:37:45Z</time></trkpt><trkpt lat="43.38642195" lon="-5.82751377"><ele>183.48</ele><time>2024-08-26T18:37:46Z</time></trkpt><trkpt lat="43.38641055" lon="-5.82752385"><ele>183.77</ele><time>2024-08-26T18:37:47Z</time></trkpt><trkpt lat="43.38639917" lon="-5.82753394"><ele>184.06</ele><time>2024-08-26T18:37:48Z</time></trkpt><trkpt lat="43.38638781" lon="-5.82754404"><ele>184.34</ele><time>2024-08-26T18:37:49Z</time></trkpt><trkpt lat="43.38637646" lon="-5.82755416"><ele>184.63</ele><time>2024-08-26T18:37:50Z</time></trkpt><trkpt lat="43.38636510" lon="-5.82756428"><ele>184.91</ele><time>2024-08-26T18:37:51Z</time></trkpt><trkpt lat="43.38635376" lon="-5.82757440"><ele>185.19</ele><time>2024-08-26T18:37:52Z</time></trkpt><trkpt lat="43.38634241" lon="-5.82758452"><ele>185.47</ele><time>2024-08-26T18:37:53Z</time></trkpt><trkpt lat="43.38633106" lon="-5.82759464"><ele>185.75</ele><time>2024-08-26T18:37:54Z</time></trkpt><trkpt lat="43.38631971" lon="-5.82760476"><ele>186.04</ele><time>2024-08-26T18:37:55Z</time></trkpt><trkpt lat="43.38630835" lon="-5.82761488"><ele>186.32</ele><time>2024-08-26T18:37:56Z</time></trkpt><trkpt lat="43.38629700" lon="-5.82762500"><ele>186.60</ele><time>2024-08-26T18:37:57Z</time></trkpt><trkpt lat="43.38628611" lon="-5.82763533"><ele>186.73</ele><time>2024-08-26T18:37:58Z</time></trkpt><trkpt lat="43.38627552" lon="-5.82764579"><ele>186.76</ele><time>2024-08-26T18:37:59Z</time></trkpt><trkpt lat="43.38626612" lon="-5.82764588"><ele>186.64</ele><time>2024-08-26T18:38:00Z</time></trkpt><trkpt lat="43.38625743" lon="-5.82763942"><ele>186.44</ele><time>2024-08-26T18:38:01Z</time></trkpt><trkpt lat="43.38624908" lon="-5.82762953"><ele>186.21</ele><time>2024-08-26T18:38:02Z</time></trkpt><trkpt lat="43.38624083" lon="-5.82761835"><ele>185.97</ele><time>2024-08-26T18:38:03Z</time></trkpt><trkpt lat="43.38623256" lon="-5.82760715"><ele>185.75</ele><time>2024-08-26T18:38:04Z</time></trkpt><trkpt lat="43.38621688" lon="-5.82758971"><ele>185.36</ele><time>2024-08-26T18:38:05Z</time></trkpt><trkpt lat="43.38620469" lon="-5.82757232"><ele>185.24</ele><time>2024-08-26T18:38:06Z</time></trkpt><trkpt lat="43.38619519" lon="-5.82755561"><ele>185.31</ele><time>2024-08-26T18:38:07Z</time></trkpt><trkpt lat="43.38618744" lon="-5.82753972"><ele>185.48</ele><time>2024-08-26T18:38:08Z</time></trkpt><trkpt lat="43.38617846" lon="-5.82752661"><ele>185.60</ele><time>2024-08-26T18:38:09Z</time></trkpt><trkpt lat="43.38616849" lon="-5.82751534"><ele>185.68</ele><time>2024-08-26T18:38:10Z</time></trkpt><trkpt lat="43.38615622" lon="-5.82751078"><ele>185.72</ele><time>2024-08-26T18:38:11Z</time></trkpt><trkpt lat="43.38614253" lon="-5.82751026"><ele>185.73</ele><time>2024-08-26T18:38:12Z</time></trkpt><trkpt lat="43.38612813" lon="-5.82751167"><ele>185.73</ele><time>2024-08-26T18:38:13Z</time></trkpt><trkpt lat="43.38611364" lon="-5.82751574"><ele>185.68</ele><time>2024-08-26T18:38:14Z</time></trkpt><trkpt lat="43.38609928" lon="-5.82752097"><ele>185.59</ele><time>2024-08-26T18:38:15Z</time></trkpt><trkpt lat="43.38608511" lon="-5.82752642"><ele>185.48</ele><time>2024-08-26T18:38:16Z</time></trkpt><trkpt lat="43.38607112" lon="-5.82753163"><ele>185.37</ele><time>2024-08-26T18:38:17Z</time></trkpt><trkpt lat="43.38605726" lon="-5.82753643"><ele>185.27</ele><time>2024-08-26T18:38:18Z</time></trkpt><trkpt lat="43.38604350" lon="-5.82754083"><ele>185.16</ele><time>2024-08-26T18:38:19Z</time></trkpt><trkpt lat="43.38602979" lon="-5.82754493"><ele>185.07</ele><time>2024-08-26T18:38:20Z</time></trkpt><trkpt lat="43.38601609" lon="-5.82754883"><ele>184.97</ele><time>2024-08-26T18:38:21Z</time></trkpt><trkpt lat="43.38600240" lon="-5.82755263"><ele>184.88</ele><time>2024-08-26T18:38:22Z</time></trkpt><trkpt lat="43.38598870" lon="-5.82755638"><ele>184.79</ele><time>2024-08-26T18:38:23Z</time></trkpt><trkpt lat="43.38597499" lon="-5.82756013"><ele>184.70</ele><time>2024-08-26T18:38:24Z</time></trkpt><trkpt lat="43.38596094" lon="-5.82755798"><ele>184.57</ele><time>2024-08-26T18:38:25Z</time></trkpt><trkpt lat="43.38594668" lon="-5.82755212"><ele>184.41</ele><time>2024-08-26T18:38:26Z</time></trkpt><trkpt lat="43.38593230" lon="-5.82754433"><ele>184.24</ele><time>2024-08-26T18:38:27Z</time></trkpt><trkpt lat="43.38592189" lon="-5.82753584"><ele>184.15</ele><time>2024-08-26T18:38:28Z</time></trkpt><trkpt lat="43.38591401" lon="-5.82752734"><ele>184.12</ele><time>2024-08-26T18:38:29Z</time></trkpt><trkpt lat="43.38590746" lon="-5.82751917"><ele>184.13</ele><time>2024-08-26T18:38:30Z</time></trkpt><trkpt lat="43.38589741" lon="-5.82750738"><ele>184.05</ele><time>2024-08-26T18:38:31Z</time></trkpt><trkpt lat="43.38588486" lon="-5.82749341"><ele>183.92</ele><time>2024-08-26T18:38:32Z</time></trkpt><trkpt lat="43.38587080" lon="-5.82747837"><ele>183.76</ele><time>2024-08-26T18:38:33Z</time></trkpt><trkpt lat="43.38586382" lon="-5.82747083"><ele>183.68</ele><time>2024-08-26T18:38:34Z</time></trkpt><trkpt lat="43.38585685" lon="-5.82745650"><ele>183.64</ele><time>2024-08-26T18:38:35Z</time></trkpt><trkpt lat="43.38584953" lon="-5.82743754"><ele>183.64</ele><time>2024-08-26T18:38:36Z</time></trkpt><trkpt lat="43.38584178" lon="-5.82741591"><ele>183.65</ele><time>2024-08-26T18:38:37Z</time></trkpt><trkpt lat="43.38583366" lon="-5.82739308"><ele>183.67</ele><time>2024-08-26T18:38:38Z</time></trkpt><trkpt lat="43.38582526" lon="-5.82736997"><ele>183.68</ele><time>2024-08-26T18:38:39Z</time></trkpt><trkpt lat="43.38581910" lon="-5.82734946"><ele>183.65</ele><time>2024-08-26T18:38:40Z</time></trkpt><trkpt lat="43.38581437" lon="-5.82733082"><ele>183.58</ele><time>2024-08-26T18:38:41Z</time></trkpt><trkpt lat="43.38581041" lon="-5.82731335"><ele>183.50</ele><time>2024-08-26T18:38:42Z</time></trkpt><trkpt lat="43.38580674" lon="-5.82729647"><ele>183.41</ele><time>2024-08-26T18:38:43Z</time></trkpt><trkpt lat="43.38580309" lon="-5.82727978"><ele>183.32</ele><time>2024-08-26T18:38:44Z</time></trkpt><trkpt lat="43.38579641" lon="-5.82726336"><ele>183.27</ele><time>2024-08-26T18:38:45Z</time></trkpt><trkpt lat="43.38578774" lon="-5.82724702"><ele>183.26</ele><time>2024-08-26T18:38:46Z</time></trkpt><trkpt lat="43.38577798" lon="-5.82723063"><ele>183.26</ele><time>2024-08-26T18:38:47Z</time></trkpt><trkpt lat="43.38576777" lon="-5.82721417"><ele>183.27</ele><time>2024-08-26T18:38:48Z</time></trkpt><trkpt lat="43.38575749" lon="-5.82719763"><ele>183.28</ele><time>2024-08-26T18:38:49Z</time></trkpt><trkpt lat="43.38574734" lon="-5.82718103"><ele>183.29</ele><time>2024-08-26T18:38:50Z</time></trkpt><trkpt lat="43.38573737" lon="-5.82716439"><ele>183.30</ele><time>2024-08-26T18:38:51Z</time></trkpt><trkpt lat="43.38572757" lon="-5.82714772"><ele>183.30</ele><time>2024-08-26T18:38:52Z</time></trkpt><trkpt lat="43.38571790" lon="-5.82713104"><ele>183.30</ele><time>2024-08-26T18:38:53Z</time></trkpt><trkpt lat="43.38570753" lon="-5.82711773"><ele>183.17</ele><time>2024-08-26T18:38:54Z</time></trkpt><trkpt lat="43.38569670" lon="-5.82710654"><ele>182.94</ele><time>2024-08-26T18:38:55Z</time></trkpt><trkpt lat="43.38568781" lon="-5.82709437"><ele>182.81</ele><time>2024-08-26T18:38:56Z</time></trkpt><trkpt lat="43.38568021" lon="-5.82708130"><ele>182.75</ele><time>2024-08-26T18:38:57Z</time></trkpt><trkpt lat="43.38567332" lon="-5.82706754"><ele>182.73</ele><time>2024-08-26T18:38:58Z</time></trkpt><trkpt lat="43.38566654" lon="-5.82704953"><ele>182.74</ele><time>2024-08-26T18:38:59Z</time></trkpt><trkpt lat="43.38565970" lon="-5.82702888"><ele>182.75</ele><time>2024-08-26T18:39:00Z</time></trkpt><trkpt lat="43.38565273" lon="-5.82700689"><ele>182.77</ele><time>2024-08-26T18:39:01Z</time></trkpt><trkpt lat="43.38564388" lon="-5.82699007"><ele>182.79</ele><time>2024-08-26T18:39:02Z</time></trkpt><trkpt lat="43.38563384" lon="-5.82697685"><ele>182.79</ele><time>2024-08-26T18:39:03Z</time></trkpt><trkpt lat="43.38562307" lon="-5.82696390"><ele>182.80</ele><time>2024-08-26T18:39:04Z</time></trkpt><trkpt lat="43.38561198" lon="-5.82695078"><ele>182.80</ele><time>2024-08-26T18:39:05Z</time></trkpt><trkpt lat="43.38560084" lon="-5.82693733"><ele>182.80</ele><time>2024-08-26T18:39:06Z</time></trkpt><trkpt lat="43.38558978" lon="-5.82692354"><ele>182.80</ele><time>2024-08-26T18:39:07Z</time></trkpt><trkpt lat="43.38557884" lon="-5.82690948"><ele>182.80</ele><time>2024-08-26T18:39:08Z</time></trkpt><trkpt lat="43.38556801" lon="-5.82689524"><ele>182.80</ele><time>2024-08-26T18:39:09Z</time></trkpt><trkpt lat="43.38556310" lon="-5.82687307"><ele>182.80</ele><time>2024-08-26T18:39:10Z</time></trkpt><trkpt lat="43.38556191" lon="-5.82684591"><ele>182.80</ele><time>2024-08-26T18:39:11Z</time></trkpt><trkpt lat="43.38556267" lon="-5.82681618"><ele>182.80</ele><time>2024-08-26T18:39:12Z</time></trkpt><trkpt lat="43.38556014" lon="-5.82679332"><ele>182.89</ele><time>2024-08-26T18:39:13Z</time></trkpt><trkpt lat="43.38555510" lon="-5.82677541"><ele>183.04</ele><time>2024-08-26T18:39:14Z</time></trkpt><trkpt lat="43.38554843" lon="-5.82676050"><ele>183.22</ele><time>2024-08-26T18:39:15Z</time></trkpt><trkpt lat="43.38553915" lon="-5.82674917"><ele>183.32</ele><time>2024-08-26T18:39:16Z</time></trkpt><trkpt lat="43.38552843" lon="-5.82673964"><ele>183.36</ele><time>2024-08-26T18:39:17Z</time></trkpt><trkpt lat="43.38551983" lon="-5.82672772"><ele>183.42</ele><time>2024-08-26T18:39:18Z</time></trkpt><trkpt lat="43.38551285" lon="-5.82671384"><ele>183.50</ele><time>2024-08-26T18:39:19Z</time></trkpt><trkpt lat="43.38550692" lon="-5.82669863"><ele>183.59</ele><time>2024-08-26T18:39:20Z</time></trkpt><trkpt lat="43.38550157" lon="-5.82668264"><ele>183.69</ele><time>2024-08-26T18:39:21Z</time></trkpt><trkpt lat="43.38549474" lon="-5.82666564"><ele>183.79</ele><time>2024-08-26T18:39:22Z</time></trkpt><trkpt lat="43.38548688" lon="-5.82664814"><ele>183.89</ele><time>2024-08-26T18:39:23Z</time></trkpt><trkpt lat="43.38547838" lon="-5.82663047"><ele>184.00</ele><time>2024-08-26T18:39:24Z</time></trkpt><trkpt lat="43.38546958" lon="-5.82661283"><ele>184.10</ele><time>2024-08-26T18:39:25Z</time></trkpt><trkpt lat="43.38546067" lon="-5.82659530"><ele>184.20</ele><time>2024-08-26T18:39:26Z</time></trkpt><trkpt lat="43.38545649" lon="-5.82658018"><ele>184.41</ele><time>2024-08-26T18:39:27Z</time></trkpt><trkpt lat="43.38545534" lon="-5.82656660"><ele>184.69</ele><time>2024-08-26T18:39:28Z</time></trkpt><trkpt lat="43.38545581" lon="-5.82655385"><ele>185.00</ele><time>2024-08-26T18:39:29Z</time></trkpt><trkpt lat="43.38545692" lon="-5.82654142"><ele>185.33</ele><time>2024-08-26T18:39:30Z</time></trkpt><trkpt lat="43.38545808" lon="-5.82652902"><ele>185.66</ele><time>2024-08-26T18:39:31Z</time></trkpt><trkpt lat="43.38545901" lon="-5.82651486"><ele>185.88</ele><time>2024-08-26T18:39:32Z</time></trkpt><trkpt lat="43.38545965" lon="-5.82649951"><ele>186.04</ele><time>2024-08-26T18:39:33Z</time></trkpt><trkpt lat="43.38546001" lon="-5.82648349"><ele>186.16</ele><time>2024-08-26T18:39:34Z</time></trkpt><trkpt lat="43.38546017" lon="-5.82646716"><ele>186.27</ele><time>2024-08-26T18:39:35Z</time></trkpt><trkpt lat="43.38545358" lon="-5.82645786"><ele>186.86</ele><time>2024-08-26T18:39:36Z</time></trkpt><trkpt lat="43.38544273" lon="-5.82645310"><ele>187.77</ele><time>2024-08-26T18:39:37Z</time></trkpt><trkpt lat="43.38542968" lon="-5.82645077"><ele>188.85</ele><time>2024-08-26T18:39:38Z</time></trkpt><trkpt lat="43.38541583" lon="-5.82644940"><ele>189.99</ele><time>2024-08-26T18:39:39Z</time></trkpt><trkpt lat="43.38540197" lon="-5.82644812"><ele>191.14</ele><time>2024-08-26T18:39:40Z</time></trkpt><trkpt lat="43.38538848" lon="-5.82644652"><ele>192.27</ele><time>2024-08-26T18:39:41Z</time></trkpt><trkpt lat="43.38537544" lon="-5.82644446"><ele>193.36</ele><time>2024-08-26T18:39:42Z</time></trkpt><trkpt lat="43.38536943" lon="-5.82644365"><ele>194.91</ele><time>2024-08-26T18:39:43Z</time></trkpt><trkpt lat="43.38538537" lon="-5.82645531"><ele>195.94</ele><time>2024-08-26T18:39:44Z</time></trkpt><trkpt lat="43.38541469" lon="-5.82647473"><ele>196.61</ele><time>2024-08-26T18:39:45Z</time></trkpt><trkpt lat="43.38543167" lon="-5.82647312"><ele>197.06</ele><time>2024-08-26T18:39:46Z</time></trkpt><trkpt lat="43.38543885" lon="-5.82645715"><ele>197.40</ele><time>2024-08-26T18:39:47Z</time></trkpt><trkpt lat="43.38543947" lon="-5.82643290"><ele>197.72</ele><time>2024-08-26T18:39:48Z</time></trkpt><trkpt lat="43.38543639" lon="-5.82640489"><ele>198.04</ele><time>2024-08-26T18:39:49Z</time></trkpt><trkpt lat="43.38543170" lon="-5.82637597"><ele>198.39</ele><time>2024-08-26T18:39:50Z</time></trkpt><trkpt lat="43.38542670" lon="-5.82634764"><ele>198.77</ele><time>2024-08-26T18:39:51Z</time></trkpt><trkpt lat="43.38542203" lon="-5.82632044"><ele>199.17</ele><time>2024-08-26T18:39:52Z</time></trkpt><trkpt lat="43.38541793" lon="-5.82629439"><ele>199.58</ele><time>2024-08-26T18:39:53Z</time></trkpt><trkpt lat="43.38541587" lon="-5.82627101"><ele>200.05</ele><time>2024-08-26T18:39:54Z</time></trkpt><trkpt lat="43.38541517" lon="-5.82624918"><ele>200.36</ele><time>2024-08-26T18:39:55Z</time></trkpt><trkpt lat="43.38541525" lon="-5.82622814"><ele>200.57</ele><time>2024-08-26T18:39:56Z</time></trkpt><trkpt lat="43.38541565" lon="-5.82620741"><ele>200.73</ele><time>2024-08-26T18:39:57Z</time></trkpt><trkpt lat="43.38541326" lon="-5.82618947"><ele>200.64</ele><time>2024-08-26T18:39:58Z</time></trkpt><trkpt lat="43.38540898" lon="-5.82617315"><ele>200.40</ele><time>2024-08-26T18:39:59Z</time></trkpt><trkpt lat="43.38540365" lon="-5.82615758"><ele>200.09</ele><time>2024-08-26T18:40:00Z</time></trkpt><trkpt lat="43.38539785" lon="-5.82614221"><ele>199.76</ele><time>2024-08-26T18:40:01Z</time></trkpt><trkpt lat="43.38539100" lon="-5.82612779"><ele>199.58</ele><time>2024-08-26T18:40:02Z</time></trkpt><trkpt lat="43.38538364" lon="-5.82611381"><ele>199.50</ele><time>2024-08-26T18:40:03Z</time></trkpt><trkpt lat="43.38537613" lon="-5.82609997"><ele>199.49</ele><time>2024-08-26T18:40:04Z</time></trkpt><trkpt lat="43.38536847" lon="-5.82608225"><ele>199.50</ele><time>2024-08-26T18:40:05Z</time></trkpt><trkpt lat="43.38536082" lon="-5.82606201"><ele>199.53</ele><time>2024-08-26T18:40:06Z</time></trkpt><trkpt lat="43.38535324" lon="-5.82604039"><ele>199.56</ele><time>2024-08-26T18:40:07Z</time></trkpt><trkpt lat="43.38534593" lon="-5.82601820"><ele>199.23</ele><time>2024-08-26T18:40:08Z</time></trkpt><trkpt lat="43.38533880" lon="-5.82599594"><ele>198.68</ele><time>2024-08-26T18:40:09Z</time></trkpt><trkpt lat="43.38533178" lon="-5.82597385"><ele>198.01</ele><time>2024-08-26T18:40:10Z</time></trkpt><trkpt lat="43.38532082" lon="-5.82595581"><ele>197.46</ele><time>2024-08-26T18:40:11Z</time></trkpt><trkpt lat="43.38530734" lon="-5.82594040"><ele>197.01</ele><time>2024-08-26T18:40:12Z</time></trkpt><trkpt lat="43.38529254" lon="-5.82592642"><ele>196.63</ele><time>2024-08-26T18:40:13Z</time></trkpt><trkpt lat="43.38527306" lon="-5.82590882"><ele>196.19</ele><time>2024-08-26T18:40:14Z</time></trkpt><trkpt lat="43.38525621" lon="-5.82589231"><ele>195.81</ele><time>2024-08-26T18:40:15Z</time></trkpt><trkpt lat="43.38524154" lon="-5.82587656"><ele>195.46</ele><time>2024-08-26T18:40:16Z</time></trkpt><trkpt lat="43.38522836" lon="-5.82586124"><ele>195.13</ele><time>2024-08-26T18:40:17Z</time></trkpt><trkpt lat="43.38521605" lon="-5.82584614"><ele>194.80</ele><time>2024-08-26T18:40:18Z</time></trkpt><trkpt lat="43.38520414" lon="-5.82583109"><ele>194.47</ele><time>2024-08-26T18:40:19Z</time></trkpt><trkpt lat="43.38519233" lon="-5.82581601"><ele>194.13</ele><time>2024-08-26T18:40:20Z</time></trkpt><trkpt lat="43.38518046" lon="-5.82580088"><ele>193.80</ele><time>2024-08-26T18:40:21Z</time></trkpt><trkpt lat="43.38516372" lon="-5.82578202"><ele>193.65</ele><time>2024-08-26T18:40:22Z</time></trkpt><trkpt lat="43.38514946" lon="-5.82576408"><ele>193.55</ele><time>2024-08-26T18:40:23Z</time></trkpt><trkpt lat="43.38513707" lon="-5.82574697"><ele>193.49</ele><time>2024-08-26T18:40:24Z</time></trkpt><trkpt lat="43.38512588" lon="-5.82573047"><ele>193.43</ele><time>2024-08-26T18:40:25Z</time></trkpt><trkpt lat="43.38511533" lon="-5.82571436"><ele>193.36</ele><time>2024-08-26T18:40:26Z</time></trkpt><trkpt lat="43.38511090" lon="-5.82570718"><ele>193.56</ele><time>2024-08-26T18:40:27Z</time></trkpt><trkpt lat="43.38510725" lon="-5.82569535"><ele>193.53</ele><time>2024-08-26T18:40:28Z</time></trkpt><trkpt lat="43.38510359" lon="-5.82567993"><ele>193.35</ele><time>2024-08-26T18:40:29Z</time></trkpt><trkpt lat="43.38509956" lon="-5.82566217"><ele>193.07</ele><time>2024-08-26T18:40:30Z</time></trkpt><trkpt lat="43.38509508" lon="-5.82564315"><ele>192.75</ele><time>2024-08-26T18:40:31Z</time></trkpt><trkpt lat="43.38509020" lon="-5.82562360"><ele>192.40</ele><time>2024-08-26T18:40:32Z</time></trkpt><trkpt lat="43.38508503" lon="-5.82560399"><ele>192.06</ele><time>2024-08-26T18:40:33Z</time></trkpt><trkpt lat="43.38507969" lon="-5.82558453"><ele>191.73</ele><time>2024-08-26T18:40:34Z</time></trkpt><trkpt lat="43.38507426" lon="-5.82556529"><ele>191.41</ele><time>2024-08-26T18:40:35Z</time></trkpt><trkpt lat="43.38506792" lon="-5.82554467"><ele>191.44</ele><time>2024-08-26T18:40:36Z</time></trkpt><trkpt lat="43.38506102" lon="-5.82552319"><ele>191.70</ele><time>2024-08-26T18:40:37Z</time></trkpt><trkpt lat="43.38505385" lon="-5.82550128"><ele>192.08</ele><time>2024-08-26T18:40:38Z</time></trkpt><trkpt lat="43.38505042" lon="-5.82548533"><ele>192.84</ele><time>2024-08-26T18:40:39Z</time></trkpt><trkpt lat="43.38504941" lon="-5.82547325"><ele>193.81</ele><time>2024-08-26T18:40:40Z</time></trkpt><trkpt lat="43.38505205" lon="-5.82545883"><ele>194.93</ele><time>2024-08-26T18:40:41Z</time></trkpt><trkpt lat="43.38505669" lon="-5.82544246"><ele>196.11</ele><time>2024-08-26T18:40:42Z</time></trkpt><trkpt lat="43.38506215" lon="-5.82542473"><ele>197.29</ele><time>2024-08-26T18:40:43Z</time></trkpt><trkpt lat="43.38506774" lon="-5.82540620"><ele>198.45</ele><time>2024-08-26T18:40:44Z</time></trkpt><trkpt lat="43.38507310" lon="-5.82538729"><ele>199.57</ele><time>2024-08-26T18:40:45Z</time></trkpt><trkpt lat="43.38507813" lon="-5.82536828"><ele>200.66</ele><time>2024-08-26T18:40:46Z</time></trkpt><trkpt lat="43.38508284" lon="-5.82534930"><ele>201.74</ele><time>2024-08-26T18:40:47Z</time></trkpt><trkpt lat="43.38508731" lon="-5.82533042"><ele>202.80</ele><time>2024-08-26T18:40:48Z</time></trkpt><trkpt lat="43.38509164" lon="-5.82531165"><ele>203.86</ele><time>2024-08-26T18:40:49Z</time></trkpt><trkpt lat="43.38509588" lon="-5.82529296"><ele>204.91</ele><time>2024-08-26T18:40:50Z</time></trkpt><trkpt lat="43.38510009" lon="-5.82527433"><ele>205.97</ele><time>2024-08-26T18:40:51Z</time></trkpt><trkpt lat="43.38510430" lon="-5.82525573"><ele>207.02</ele><time>2024-08-26T18:40:52Z</time></trkpt><trkpt lat="43.38510852" lon="-5.82523714"><ele>208.08</ele><time>2024-08-26T18:40:53Z</time></trkpt><trkpt lat="43.38511275" lon="-5.82521856"><ele>209.14</ele><time>2024-08-26T18:40:54Z</time></trkpt><trkpt lat="43.38511700" lon="-5.82519998"><ele>210.20</ele><time>2024-08-26T18:40:55Z</time></trkpt><trkpt lat="43.38511893" lon="-5.82518582"><ele>210.82</ele><time>2024-08-26T18:40:56Z</time></trkpt><trkpt lat="43.38511939" lon="-5.82517444"><ele>211.16</ele><time>2024-08-26T18:40:57Z</time></trkpt><trkpt lat="43.38511909" lon="-5.82515850"><ele>211.21</ele><time>2024-08-26T18:40:58Z</time></trkpt><trkpt lat="43.38511851" lon="-5.82513931"><ele>211.13</ele><time>2024-08-26T18:40:59Z</time></trkpt><trkpt lat="43.38511410" lon="-5.82512207"><ele>210.73</ele><time>2024-08-26T18:41:00Z</time></trkpt><trkpt lat="43.38510740" lon="-5.82510633"><ele>210.16</ele><time>2024-08-26T18:41:01Z</time></trkpt><trkpt lat="43.38509960" lon="-5.82509157"><ele>209.53</ele><time>2024-08-26T18:41:02Z</time></trkpt><trkpt lat="43.38509135" lon="-5.82507735"><ele>209.21</ele><time>2024-08-26T18:41:03Z</time></trkpt><trkpt lat="43.38508311" lon="-5.82506335"><ele>209.10</ele><time>2024-08-26T18:41:04Z</time></trkpt><trkpt lat="43.38507510" lon="-5.82504938"><ele>209.13</ele><time>2024-08-26T18:41:05Z</time></trkpt><trkpt lat="43.38506735" lon="-5.82503534"><ele>209.22</ele><time>2024-08-26T18:41:06Z</time></trkpt><trkpt lat="43.38505984" lon="-5.82502121"><ele>209.34</ele><time>2024-08-26T18:41:07Z</time></trkpt><trkpt lat="43.38505250" lon="-5.82500700"><ele>209.45</ele><time>2024-08-26T18:41:08Z</time></trkpt><trkpt lat="43.38504526" lon="-5.82499272"><ele>209.55</ele><time>2024-08-26T18:41:09Z</time></trkpt><trkpt lat="43.38503807" lon="-5.82497840"><ele>209.63</ele><time>2024-08-26T18:41:10Z</time></trkpt><trkpt lat="43.38503089" lon="-5.82496406"><ele>209.70</ele><time>2024-08-26T18:41:11Z</time></trkpt><trkpt lat="43.38502766" lon="-5.82494607"><ele>209.74</ele><time>2024-08-26T18:41:12Z</time></trkpt><trkpt lat="43.38502404" lon="-5.82492837"><ele>209.74</ele><time>2024-08-26T18:41:13Z</time></trkpt><trkpt lat="43.38501989" lon="-5.82491112"><ele>209.74</ele><time>2024-08-26T18:41:14Z</time></trkpt><trkpt lat="43.38501527" lon="-5.82489429"><ele>209.73</ele><time>2024-08-26T18:41:15Z</time></trkpt><trkpt lat="43.38501030" lon="-5.82487776"><ele>209.72</ele><time>2024-08-26T18:41:16Z</time></trkpt><trkpt lat="43.38500798" lon="-5.82486158"><ele>209.71</ele><time>2024-08-26T18:41:17Z</time></trkpt><trkpt lat="43.38500736" lon="-5.82484558"><ele>209.70</ele><time>2024-08-26T18:41:18Z</time></trkpt><trkpt lat="43.38500764" lon="-5.82482967"><ele>209.70</ele><time>2024-08-26T18:41:19Z</time></trkpt><trkpt lat="43.38500827" lon="-5.82481378"><ele>209.70</ele><time>2024-08-26T18:41:20Z</time></trkpt><trkpt lat="43.38501179" lon="-5.82480362"><ele>209.70</ele><time>2024-08-26T18:41:21Z</time></trkpt><trkpt lat="43.38501699" lon="-5.82479704"><ele>209.70</ele><time>2024-08-26T18:41:22Z</time></trkpt><trkpt lat="43.38502297" lon="-5.82479232"><ele>209.70</ele><time>2024-08-26T18:41:23Z</time></trkpt><trkpt lat="43.38502914" lon="-5.82478828"><ele>209.70</ele><time>2024-08-26T18:41:24Z</time></trkpt><trkpt lat="43.38503043" lon="-5.82477750"><ele>209.70</ele><time>2024-08-26T18:41:25Z</time></trkpt><trkpt lat="43.38502847" lon="-5.82476215"><ele>209.70</ele><time>2024-08-26T18:41:26Z</time></trkpt><trkpt lat="43.38502472" lon="-5.82474421"><ele>209.70</ele><time>2024-08-26T18:41:27Z</time></trkpt><trkpt lat="43.38502021" lon="-5.82472511"><ele>209.70</ele><time>2024-08-26T18:41:28Z</time></trkpt><trkpt lat="43.38501557" lon="-5.82470576"><ele>209.70</ele><time>2024-08-26T18:41:29Z</time></trkpt><trkpt lat="43.38501111" lon="-5.82468661"><ele>209.70</ele><time>2024-08-26T18:41:30Z</time></trkpt><trkpt lat="43.38500885" lon="-5.82466975"><ele>209.70</ele><time>2024-08-26T18:41:31Z</time></trkpt><trkpt lat="43.38500807" lon="-5.82465446"><ele>209.70</ele><time>2024-08-26T18:41:32Z</time></trkpt><trkpt lat="43.38500813" lon="-5.82464010"><ele>209.70</ele><time>2024-08-26T18:41:33Z</time></trkpt><trkpt lat="43.38500655" lon="-5.82462615"><ele>209.53</ele><time>2024-08-26T18:41:34Z</time></trkpt><trkpt lat="43.38500378" lon="-5.82461232"><ele>209.24</ele><time>2024-08-26T18:41:35Z</time></trkpt><trkpt lat="43.38500029" lon="-5.82459843"><ele>208.91</ele><time>2024-08-26T18:41:36Z</time></trkpt><trkpt lat="43.38499643" lon="-5.82458442"><ele>208.55</ele><time>2024-08-26T18:41:37Z</time></trkpt><trkpt lat="43.38499244" lon="-5.82457028"><ele>208.19</ele><time>2024-08-26T18:41:38Z</time></trkpt><trkpt lat="43.38498846" lon="-5.82455605"><ele>207.83</ele><time>2024-08-26T18:41:39Z</time></trkpt><trkpt lat="43.38498426" lon="-5.82454259"><ele>207.46</ele><time>2024-08-26T18:41:40Z</time></trkpt><trkpt lat="43.38497997" lon="-5.82452962"><ele>207.07</ele><time>2024-08-26T18:41:41Z</time></trkpt><trkpt lat="43.38497564" lon="-5.82451691"><ele>206.68</ele><time>2024-08-26T18:41:42Z</time></trkpt><trkpt lat="43.38497134" lon="-5.82450430"><ele>206.29</ele><time>2024-08-26T18:41:43Z</time></trkpt><trkpt lat="43.38496706" lon="-5.82449169"><ele>205.91</ele><time>2024-08-26T18:41:44Z</time></trkpt><trkpt lat="43.38496511" lon="-5.82448408"><ele>205.51</ele><time>2024-08-26T18:41:45Z</time></trkpt><trkpt lat="43.38496462" lon="-5.82447959"><ele>205.11</ele><time>2024-08-26T18:41:46Z</time></trkpt><trkpt lat="43.38496491" lon="-5.82447671"><ele>204.71</ele><time>2024-08-26T18:41:47Z</time></trkpt><trkpt lat="43.38496549" lon="-5.82447442"><ele>204.31</ele><time>2024-08-26T18:41:48Z</time></trkpt><trkpt lat="43.38496607" lon="-5.82447211"><ele>203.90</ele><time>2024-08-26T18:41:49Z</time></trkpt><trkpt lat="43.38496653" lon="-5.82446953"><ele>203.50</ele><time>2024-08-26T18:41:50Z</time></trkpt><trkpt lat="43.38496684" lon="-5.82446660"><ele>203.10</ele><time>2024-08-26T18:41:51Z</time></trkpt><trkpt lat="43.38496702" lon="-5.82446339"><ele>202.70</ele><time>2024-08-26T18:41:52Z</time></trkpt><trkpt lat="43.38496709" lon="-5.82445996"><ele>202.30</ele><time>2024-08-26T18:41:53Z</time></trkpt><trkpt lat="43.38496711" lon="-5.82445640"><ele>201.90</ele><time>2024-08-26T18:41:54Z</time></trkpt><trkpt lat="43.38496709" lon="-5.82445278"><ele>201.50</ele><time>2024-08-26T18:41:55Z</time></trkpt><trkpt lat="43.38496706" lon="-5.82444914"><ele>201.10</ele><time>2024-08-26T18:41:56Z</time></trkpt><trkpt lat="43.38496704" lon="-5.82444745"><ele>200.83</ele><time>2024-08-26T18:41:57Z</time></trkpt><trkpt lat="43.38496702" lon="-5.82444702"><ele>200.63</ele><time>2024-08-26T18:41:58Z</time></trkpt><trkpt lat="43.38496701" lon="-5.82444725"><ele>200.48</ele><time>2024-08-26T18:41:59Z</time></trkpt><trkpt lat="43.38496700" lon="-5.82444772"><ele>200.34</ele><time>2024-08-26T18:42:00Z</time></trkpt><trkpt lat="43.38496700" lon="-5.82444821"><ele>200.20</ele><time>2024-08-26T18:42:01Z</time></trkpt><trkpt lat="43.38496700" lon="-5.82444860"><ele>200.05</ele><time>2024-08-26T18:42:02Z</time></trkpt><trkpt lat="43.38496700" lon="-5.82444886"><ele>199.90</ele><time>2024-08-26T18:42:03Z</time></trkpt><trkpt lat="43.38496700" lon="-5.82444901"><ele>199.74</ele><time>2024-08-26T18:42:04Z</time></trkpt><trkpt lat="43.38496700" lon="-5.82444908"><ele>199.57</ele><time>2024-08-26T18:42:05Z</time></trkpt><trkpt lat="43.38496700" lon="-5.82444909"><ele>199.40</ele><time>2024-08-26T18:42:06Z</time></trkpt><trkpt lat="43.38496700" lon="-5.82444908"><ele>199.23</ele><time>2024-08-26T18:42:07Z</time></trkpt><trkpt lat="43.38496700" lon="-5.82444905"><ele>199.06</ele><time>2024-08-26T18:42:08Z</time></trkpt><trkpt lat="43.38496700" lon="-5.82444903"><ele>198.88</ele><time>2024-08-26T18:42:09Z</time></trkpt><trkpt lat="43.38496700" lon="-5.82444902"><ele>198.71</ele><time>2024-08-26T18:42:10Z</time></trkpt><trkpt lat="43.38496700" lon="-5.82444900"><ele>198.54</ele><time>2024-08-26T18:42:11Z</time></trkpt><trkpt lat="43.38496700" lon="-5.82444900"><ele>198.37</ele><time>2024-08-26T18:42:12Z</time></trkpt><trkpt lat="43.38496700" lon="-5.82444900"><ele>198.20</ele><time>2024-08-26T18:42:13Z</time></trkpt><trkpt lat="43.38496700" lon="-5.82444900"><ele>198.03</ele><time>2024-08-26T18:42:14Z</time></trkpt><trkpt lat="43.38496700" lon="-5.82444900"><ele>197.86</ele><time>2024-08-26T18:42:15Z</time></trkpt><trkpt lat="43.38496700" lon="-5.82444900"><ele>197.69</ele><time>2024-08-26T18:42:16Z</time></trkpt><trkpt lat="43.38496700" lon="-5.82444900"><ele>197.52</ele><time>2024-08-26T18:42:17Z</time></trkpt><trkpt lat="43.38496700" lon="-5.82444900"><ele>197.35</ele><time>2024-08-26T18:42:18Z</time></trkpt><trkpt lat="43.38496700" lon="-5.82444900"><ele>197.18</ele><time>2024-08-26T18:42:19Z</time></trkpt><trkpt lat="43.38496700" lon="-5.82444900"><ele>197.01</ele><time>2024-08-26T18:42:20Z</time></trkpt><trkpt lat="43.38496700" lon="-5.82444900"><ele>196.84</ele><time>2024-08-26T18:42:21Z</time></trkpt><trkpt lat="43.38496700" lon="-5.82444900"><ele>196.66</ele><time>2024-08-26T18:42:22Z</time></trkpt><trkpt lat="43.38496700" lon="-5.82444900"><ele>196.49</ele><time>2024-08-26T18:42:23Z</time></trkpt><trkpt lat="43.38496700" lon="-5.82444900"><ele>196.32</ele><time>2024-08-26T18:42:24Z</time></trkpt><trkpt lat="43.38496700" lon="-5.82444900"><ele>196.15</ele><time>2024-08-26T18:42:25Z</time></trkpt><trkpt lat="43.38496700" lon="-5.82444900"><ele>195.98</ele><time>2024-08-26T18:42:26Z</time></trkpt><trkpt lat="43.38496700" lon="-5.82444900"><ele>195.81</ele><time>2024-08-26T18:42:27Z</time></trkpt><trkpt lat="43.38496700" lon="-5.82444900"><ele>195.64</ele><time>2024-08-26T18:42:28Z</time></trkpt><trkpt lat="43.38496700" lon="-5.82444900"><ele>195.47</ele><time>2024-08-26T18:42:29Z</time></trkpt><trkpt lat="43.38496700" lon="-5.82444900"><ele>195.30</ele><time>2024-08-26T18:42:30Z</time></trkpt><trkpt lat="43.38496113" lon="-5.82444026"><ele>194.89</ele><time>2024-08-26T18:42:31Z</time></trkpt><trkpt lat="43.38495155" lon="-5.82442601"><ele>194.34</ele><time>2024-08-26T18:42:32Z</time></trkpt><trkpt lat="43.38494005" lon="-5.82440888"><ele>193.71</ele><time>2024-08-26T18:42:33Z</time></trkpt><trkpt lat="43.38492782" lon="-5.82439069"><ele>193.05</ele><time>2024-08-26T18:42:34Z</time></trkpt><trkpt lat="43.38491364" lon="-5.82437340"><ele>192.38</ele><time>2024-08-26T18:42:35Z</time></trkpt><trkpt lat="43.38489852" lon="-5.82435714"><ele>191.70</ele><time>2024-08-26T18:42:36Z</time></trkpt><trkpt lat="43.38488315" lon="-5.82434176"><ele>191.03</ele><time>2024-08-26T18:42:37Z</time></trkpt><trkpt lat="43.38486999" lon="-5.82432882"><ele>190.83</ele><time>2024-08-26T18:42:38Z</time></trkpt><trkpt lat="43.38485839" lon="-5.82431741"><ele>190.93</ele><time>2024-08-26T18:42:39Z</time></trkpt><trkpt lat="43.38485046" lon="-5.82430691"><ele>191.07</ele><time>2024-08-26T18:42:40Z</time></trkpt><trkpt lat="43.38484472" lon="-5.82429677"><ele>191.21</ele><time>2024-08-26T18:42:41Z</time></trkpt><trkpt lat="43.38484002" lon="-5.82428667"><ele>191.31</ele><time>2024-08-26T18:42:42Z</time></trkpt><trkpt lat="43.38483563" lon="-5.82427644"><ele>191.38</ele><time>2024-08-26T18:42:43Z</time></trkpt><trkpt lat="43.38482302" lon="-5.82427252"><ele>190.86</ele><time>2024-08-26T18:42:44Z</time></trkpt><trkpt lat="43.38480503" lon="-5.82427253"><ele>189.97</ele><time>2024-08-26T18:42:45Z</time></trkpt><trkpt lat="43.38478410" lon="-5.82427456"><ele>188.89</ele><time>2024-08-26T18:42:46Z</time></trkpt><trkpt lat="43.38476195" lon="-5.82427731"><ele>187.74</ele><time>2024-08-26T18:42:47Z</time></trkpt><trkpt lat="43.38473963" lon="-5.82428003"><ele>186.58</ele><time>2024-08-26T18:42:48Z</time></trkpt><trkpt lat="43.38471765" lon="-5.82428240"><ele>185.46</ele><time>2024-08-26T18:42:49Z</time></trkpt><trkpt lat="43.38469617" lon="-5.82428433"><ele>184.37</ele><time>2024-08-26T18:42:50Z</time></trkpt><trkpt lat="43.38467516" lon="-5.82428590"><ele>183.31</ele><time>2024-08-26T18:42:51Z</time></trkpt><trkpt lat="43.38465450" lon="-5.82428719"><ele>182.28</ele><time>2024-08-26T18:42:52Z</time></trkpt><trkpt lat="43.38463406" lon="-5.82428832"><ele>181.27</ele><time>2024-08-26T18:42:53Z</time></trkpt><trkpt lat="43.38461374" lon="-5.82428938"><ele>180.26</ele><time>2024-08-26T18:42:54Z</time></trkpt><trkpt lat="43.38459346" lon="-5.82429040"><ele>179.26</ele><time>2024-08-26T18:42:55Z</time></trkpt><trkpt lat="43.38457319" lon="-5.82429144"><ele>178.26</ele><time>2024-08-26T18:42:56Z</time></trkpt><trkpt lat="43.38455290" lon="-5.82429248"><ele>177.25</ele><time>2024-08-26T18:42:57Z</time></trkpt><trkpt lat="43.38453259" lon="-5.82429355"><ele>176.24</ele><time>2024-08-26T18:42:58Z</time></trkpt><trkpt lat="43.38451226" lon="-5.82429464"><ele>175.24</ele><time>2024-08-26T18:42:59Z</time></trkpt><trkpt lat="43.38449191" lon="-5.82429573"><ele>174.23</ele><time>2024-08-26T18:43:00Z</time></trkpt><trkpt lat="43.38447155" lon="-5.82429683"><ele>173.22</ele><time>2024-08-26T18:43:01Z</time></trkpt><trkpt lat="43.38445119" lon="-5.82429794"><ele>172.21</ele><time>2024-08-26T18:43:02Z</time></trkpt><trkpt lat="43.38443083" lon="-5.82429904"><ele>171.20</ele><time>2024-08-26T18:43:03Z</time></trkpt><trkpt lat="43.38441047" lon="-5.82430015"><ele>170.19</ele><time>2024-08-26T18:43:04Z</time></trkpt><trkpt lat="43.38439011" lon="-5.82430125"><ele>169.17</ele><time>2024-08-26T18:43:05Z</time></trkpt><trkpt lat="43.38436974" lon="-5.82430236"><ele>168.16</ele><time>2024-08-26T18:43:06Z</time></trkpt><trkpt lat="43.38434938" lon="-5.82430346"><ele>167.15</ele><time>2024-08-26T18:43:07Z</time></trkpt><trkpt lat="43.38432903" lon="-5.82430456"><ele>166.14</ele><time>2024-08-26T18:43:08Z</time></trkpt><trkpt lat="43.38430867" lon="-5.82430567"><ele>165.13</ele><time>2024-08-26T18:43:09Z</time></trkpt><trkpt lat="43.38428831" lon="-5.82430677"><ele>164.12</ele><time>2024-08-26T18:43:10Z</time></trkpt><trkpt lat="43.38426795" lon="-5.82430787"><ele>163.11</ele><time>2024-08-26T18:43:11Z</time></trkpt><trkpt lat="43.38424759" lon="-5.82430897"><ele>162.10</ele><time>2024-08-26T18:43:12Z</time></trkpt><trkpt lat="43.38422723" lon="-5.82431008"><ele>161.09</ele><time>2024-08-26T18:43:13Z</time></trkpt><trkpt lat="43.38420687" lon="-5.82431118"><ele>160.08</ele><time>2024-08-26T18:43:14Z</time></trkpt><trkpt lat="43.38418651" lon="-5.82431228"><ele>159.07</ele><time>2024-08-26T18:43:15Z</time></trkpt><trkpt lat="43.38416615" lon="-5.82431338"><ele>158.06</ele><time>2024-08-26T18:43:16Z</time></trkpt><trkpt lat="43.38414579" lon="-5.82431449"><ele>157.05</ele><time>2024-08-26T18:43:17Z</time></trkpt><trkpt lat="43.38412544" lon="-5.82431559"><ele>156.04</ele><time>2024-08-26T18:43:18Z</time></trkpt><trkpt lat="43.38410508" lon="-5.82431669"><ele>155.03</ele><time>2024-08-26T18:43:19Z</time></trkpt><trkpt lat="43.38408472" lon="-5.82431779"><ele>154.02</ele><time>2024-08-26T18:43:20Z</time></trkpt><trkpt lat="43.38406436" lon="-5.82431890"><ele>153.01</ele><time>2024-08-26T18:43:21Z</time></trkpt><trkpt lat="43.38404400" lon="-5.82432000"><ele>152.00</ele><time>2024-08-26T18:43:22Z</time></trkpt><trkpt lat="43.38404062" lon="-5.82430613"><ele>153.33</ele><time>2024-08-26T18:43:23Z</time></trkpt><trkpt lat="43.38404795" lon="-5.82428280"><ele>156.14</ele><time>2024-08-26T18:43:24Z</time></trkpt><trkpt lat="43.38406087" lon="-5.82425456"><ele>159.72</ele><time>2024-08-26T18:43:25Z</time></trkpt><trkpt lat="43.38407585" lon="-5.82422448"><ele>163.58</ele><time>2024-08-26T18:43:26Z</time></trkpt><trkpt lat="43.38409086" lon="-5.82419438"><ele>167.45</ele><time>2024-08-26T18:43:27Z</time></trkpt><trkpt lat="43.38410498" lon="-5.82416508"><ele>171.20</ele><time>2024-08-26T18:43:28Z</time></trkpt><trkpt lat="43.38411796" lon="-5.82413677"><ele>174.79</ele><time>2024-08-26T18:43:29Z</time></trkpt><trkpt lat="43.38412996" lon="-5.82410933"><ele>178.24</ele><time>2024-08-26T18:43:30Z</time></trkpt><trkpt lat="43.38414123" lon="-5.82408253"><ele>181.59</ele><time>2024-08-26T18:43:31Z</time></trkpt><trkpt lat="43.38415206" lon="-5.82405613"><ele>184.88</ele><time>2024-08-26T18:43:32Z</time></trkpt><trkpt lat="43.38416266" lon="-5.82402991"><ele>188.14</ele><time>2024-08-26T18:43:33Z</time></trkpt><trkpt lat="43.38417319" lon="-5.82400377"><ele>191.39</ele><time>2024-08-26T18:43:34Z</time></trkpt><trkpt lat="43.38418373" lon="-5.82397762"><ele>194.64</ele><time>2024-08-26T18:43:35Z</time></trkpt><trkpt lat="43.38419432" lon="-5.82395143"><ele>197.90</ele><time>2024-08-26T18:43:36Z</time></trkpt><trkpt lat="43.38420495" lon="-5.82392519"><ele>201.16</ele><time>2024-08-26T18:43:37Z</time></trkpt><trkpt lat="43.38421562" lon="-5.82389892"><ele>204.43</ele><time>2024-08-26T18:43:38Z</time></trkpt><trkpt lat="43.38422633" lon="-5.82387262"><ele>207.71</ele><time>2024-08-26T18:43:39Z</time></trkpt><trkpt lat="43.38423706" lon="-5.82384630"><ele>210.99</ele><time>2024-08-26T18:43:40Z</time></trkpt><trkpt lat="43.38424779" lon="-5.82381998"><ele>214.26</ele><time>2024-08-26T18:43:41Z</time></trkpt><trkpt lat="43.38425853" lon="-5.82379365"><ele>217.54</ele><time>2024-08-26T18:43:42Z</time></trkpt><trkpt lat="43.38426926" lon="-5.82376733"><ele>220.82</ele><time>2024-08-26T18:43:43Z</time></trkpt><trkpt lat="43.38427999" lon="-5.82374100"><ele>224.10</ele><time>2024-08-26T18:43:44Z</time></trkpt><trkpt lat="43.38429374" lon="-5.82372906"><ele>225.59</ele><time>2024-08-26T18:43:45Z</time></trkpt><trkpt lat="43.38430939" lon="-5.82372618"><ele>225.95</ele><time>2024-08-26T18:43:46Z</time></trkpt><trkpt lat="43.38432603" lon="-5.82372803"><ele>225.71</ele><time>2024-08-26T18:43:47Z</time></trkpt><trkpt lat="43.38434304" lon="-5.82373163"><ele>225.27</ele><time>2024-08-26T18:43:48Z</time></trkpt><trkpt lat="43.38434717" lon="-5.82373526"><ele>224.81</ele><time>2024-08-26T18:43:49Z</time></trkpt><trkpt lat="43.38434301" lon="-5.82373813"><ele>224.46</ele><time>2024-08-26T18:43:50Z</time></trkpt><trkpt lat="43.38433442" lon="-5.82374005"><ele>224.22</ele><time>2024-08-26T18:43:51Z</time></trkpt><trkpt lat="43.38433508" lon="-5.82373642"><ele>224.29</ele><time>2024-08-26T18:43:52Z</time></trkpt><trkpt lat="43.38434252" lon="-5.82372922"><ele>224.57</ele><time>2024-08-26T18:43:53Z</time></trkpt><trkpt lat="43.38435419" lon="-5.82372010"><ele>224.97</ele><time>2024-08-26T18:43:54Z</time></trkpt><trkpt lat="43.38436801" lon="-5.82371022"><ele>225.41</ele><time>2024-08-26T18:43:55Z</time></trkpt><trkpt lat="43.38438259" lon="-5.82370027"><ele>225.87</ele><time>2024-08-26T18:43:56Z</time></trkpt><trkpt lat="43.38439015" lon="-5.82369145"><ele>226.37</ele><time>2024-08-26T18:43:57Z</time></trkpt><trkpt lat="43.38439291" lon="-5.82368352"><ele>226.90</ele><time>2024-08-26T18:43:58Z</time></trkpt><trkpt lat="43.38439290" lon="-5.82367621"><ele>227.44</ele><time>2024-08-26T18:43:59Z</time></trkpt><trkpt lat="43.38439298" lon="-5.82366650"><ele>227.58</ele><time>2024-08-26T18:44:00Z</time></trkpt><trkpt lat="43.38439359" lon="-5.82365522"><ele>227.47</ele><time>2024-08-26T18:44:01Z</time></trkpt><trkpt lat="43.38439484" lon="-5.82364308"><ele>227.22</ele><time>2024-08-26T18:44:02Z</time></trkpt><trkpt lat="43.38439664" lon="-5.82363057"><ele>226.91</ele><time>2024-08-26T18:44:03Z</time></trkpt><trkpt lat="43.38439882" lon="-5.82361800"><ele>226.61</ele><time>2024-08-26T18:44:04Z</time></trkpt><trkpt lat="43.38440123" lon="-5.82360553"><ele>226.32</ele><time>2024-08-26T18:44:05Z</time></trkpt><trkpt lat="43.38440375" lon="-5.82359321"><ele>226.05</ele><time>2024-08-26T18:44:06Z</time></trkpt><trkpt lat="43.38440631" lon="-5.82358101"><ele>225.81</ele><time>2024-08-26T18:44:07Z</time></trkpt><trkpt lat="43.38440886" lon="-5.82356892"><ele>225.59</ele><time>2024-08-26T18:44:08Z</time></trkpt><trkpt lat="43.38440604" lon="-5.82355963"><ele>225.49</ele><time>2024-08-26T18:44:09Z</time></trkpt><trkpt lat="43.38439982" lon="-5.82355209"><ele>225.47</ele><time>2024-08-26T18:44:10Z</time></trkpt><trkpt lat="43.38439183" lon="-5.82354547"><ele>225.49</ele><time>2024-08-26T18:44:11Z</time></trkpt><trkpt lat="43.38438717" lon="-5.82354300"><ele>225.52</ele><time>2024-08-26T18:44:12Z</time></trkpt><trkpt lat="43.38439103" lon="-5.82352520"><ele>225.55</ele><time>2024-08-26T18:44:13Z</time></trkpt><trkpt lat="43.38440027" lon="-5.82349730"><ele>225.58</ele><time>2024-08-26T18:44:14Z</time></trkpt><trkpt lat="43.38441220" lon="-5.82346999"><ele>225.65</ele><time>2024-08-26T18:44:15Z</time></trkpt><trkpt lat="43.38442509" lon="-5.82344423"><ele>225.75</ele><time>2024-08-26T18:44:16Z</time></trkpt><trkpt lat="43.38443797" lon="-5.82342014"><ele>225.86</ele><time>2024-08-26T18:44:17Z</time></trkpt><trkpt lat="43.38445038" lon="-5.82339741"><ele>225.97</ele><time>2024-08-26T18:44:18Z</time></trkpt><trkpt lat="43.38445636" lon="-5.82338051"><ele>226.03</ele><time>2024-08-26T18:44:19Z</time></trkpt><trkpt lat="43.38445814" lon="-5.82336724"><ele>226.05</ele><time>2024-08-26T18:44:20Z</time></trkpt><trkpt lat="43.38445764" lon="-5.82335583"><ele>226.05</ele><time>2024-08-26T18:44:21Z</time></trkpt><trkpt lat="43.38445622" lon="-5.82334507"><ele>226.04</ele><time>2024-08-26T18:44:22Z</time></trkpt><trkpt lat="43.38445467" lon="-5.82333428"><ele>226.02</ele><time>2024-08-26T18:44:23Z</time></trkpt><trkpt lat="43.38445340" lon="-5.82332317"><ele>226.01</ele><time>2024-08-26T18:44:24Z</time></trkpt><trkpt lat="43.38445252" lon="-5.82331165"><ele>226.01</ele><time>2024-08-26T18:44:25Z</time></trkpt><trkpt lat="43.38445584" lon="-5.82329867"><ele>226.00</ele><time>2024-08-26T18:44:26Z</time></trkpt><trkpt lat="43.38446184" lon="-5.82328474"><ele>226.00</ele><time>2024-08-26T18:44:27Z</time></trkpt><trkpt lat="43.38446927" lon="-5.82327029"><ele>226.00</ele><time>2024-08-26T18:44:28Z</time></trkpt><trkpt lat="43.38446874" lon="-5.82325646"><ele>225.74</ele><time>2024-08-26T18:44:29Z</time></trkpt><trkpt lat="43.38446288" lon="-5.82324314"><ele>225.31</ele><time>2024-08-26T18:44:30Z</time></trkpt><trkpt lat="43.38445401" lon="-5.82323016"><ele>224.80</ele><time>2024-08-26T18:44:31Z</time></trkpt><trkpt lat="43.38444384" lon="-5.82321737"><ele>224.25</ele><time>2024-08-26T18:44:32Z</time></trkpt><trkpt lat="43.38443341" lon="-5.82320467"><ele>223.70</ele><time>2024-08-26T18:44:33Z</time></trkpt><trkpt lat="43.38442795" lon="-5.82319497"><ele>223.18</ele><time>2024-08-26T18:44:34Z</time></trkpt><trkpt lat="43.38442591" lon="-5.82318714"><ele>222.68</ele><time>2024-08-26T18:44:35Z</time></trkpt><trkpt lat="43.38442586" lon="-5.82318026"><ele>222.19</ele><time>2024-08-26T18:44:36Z</time></trkpt><trkpt lat="43.38442805" lon="-5.82316989"><ele>222.15</ele><time>2024-08-26T18:44:37Z</time></trkpt><trkpt lat="43.38443132" lon="-5.82315710"><ele>222.39</ele><time>2024-08-26T18:44:38Z</time></trkpt><trkpt lat="43.38443489" lon="-5.82314287"><ele>222.77</ele><time>2024-08-26T18:44:39Z</time></trkpt><trkpt lat="43.38443837" lon="-5.82312798"><ele>223.20</ele><time>2024-08-26T18:44:40Z</time></trkpt><trkpt lat="43.38444159" lon="-5.82311290"><ele>223.63</ele><time>2024-08-26T18:44:41Z</time></trkpt><trkpt lat="43.38444451" lon="-5.82309789"><ele>224.05</ele><time>2024-08-26T18:44:42Z</time></trkpt><trkpt lat="43.38444721" lon="-5.82308306"><ele>224.43</ele><time>2024-08-26T18:44:43Z</time></trkpt><trkpt lat="43.38444975" lon="-5.82306842"><ele>224.78</ele><time>2024-08-26T18:44:44Z</time></trkpt><trkpt lat="43.38445219" lon="-5.82305393"><ele>225.12</ele><time>2024-08-26T18:44:45Z</time></trkpt><trkpt lat="43.38445613" lon="-5.82303562"><ele>224.94</ele><time>2024-08-26T18:44:46Z</time></trkpt><trkpt lat="43.38446102" lon="-5.82301491"><ele>224.44</ele><time>2024-08-26T18:44:47Z</time></trkpt><trkpt lat="43.38446642" lon="-5.82299293"><ele>223.77</ele><time>2024-08-26T18:44:48Z</time></trkpt><trkpt lat="43.38447203" lon="-5.82297048"><ele>223.04</ele><time>2024-08-26T18:44:49Z</time></trkpt><trkpt lat="43.38446904" lon="-5.82295403"><ele>221.70</ele><time>2024-08-26T18:44:50Z</time></trkpt><trkpt lat="43.38446056" lon="-5.82294157"><ele>220.02</ele><time>2024-08-26T18:44:51Z</time></trkpt><trkpt lat="43.38445488" lon="-5.82292872"><ele>219.10</ele><time>2024-08-26T18:44:52Z</time></trkpt><trkpt lat="43.38445170" lon="-5.82291518"><ele>218.73</ele><time>2024-08-26T18:44:53Z</time></trkpt><trkpt lat="43.38445031" lon="-5.82290095"><ele>218.68</ele><time>2024-08-26T18:44:54Z</time></trkpt><trkpt lat="43.38445005" lon="-5.82288619"><ele>218.79</ele><time>2024-08-26T18:44:55Z</time></trkpt><trkpt lat="43.38445034" lon="-5.82287107"><ele>218.95</ele><time>2024-08-26T18:44:56Z</time></trkpt><trkpt lat="43.38445083" lon="-5.82285575"><ele>219.10</ele><time>2024-08-26T18:44:57Z</time></trkpt><trkpt lat="43.38445130" lon="-5.82284035"><ele>219.21</ele><time>2024-08-26T18:44:58Z</time></trkpt><trkpt lat="43.38445254" lon="-5.82282426"><ele>219.15</ele><time>2024-08-26T18:44:59Z</time></trkpt><trkpt lat="43.38445422" lon="-5.82280775"><ele>218.99</ele><time>2024-08-26T18:45:00Z</time></trkpt><trkpt lat="43.38445608" lon="-5.82279105"><ele>218.77</ele><time>2024-08-26T18:45:01Z</time></trkpt><trkpt lat="43.38445797" lon="-5.82277430"><ele>218.51</ele><time>2024-08-26T18:45:02Z</time></trkpt><trkpt lat="43.38445981" lon="-5.82275756"><ele>218.26</ele><time>2024-08-26T18:45:03Z</time></trkpt><trkpt lat="43.38446159" lon="-5.82274088"><ele>218.00</ele><time>2024-08-26T18:45:04Z</time></trkpt><trkpt lat="43.38446330" lon="-5.82272426"><ele>217.75</ele><time>2024-08-26T18:45:05Z</time></trkpt><trkpt lat="43.38446496" lon="-5.82270767"><ele>217.52</ele><time>2024-08-26T18:45:06Z</time></trkpt><trkpt lat="43.38446659" lon="-5.82269112"><ele>217.29</ele><time>2024-08-26T18:45:07Z</time></trkpt><trkpt lat="43.38446820" lon="-5.82267458"><ele>217.06</ele><time>2024-08-26T18:45:08Z</time></trkpt><trkpt lat="43.38446980" lon="-5.82265805"><ele>216.84</ele><time>2024-08-26T18:45:09Z</time></trkpt><trkpt lat="43.38447141" lon="-5.82264152"><ele>216.62</ele><time>2024-08-26T18:45:10Z</time></trkpt><trkpt lat="43.38447301" lon="-5.82262499"><ele>216.40</ele><time>2024-08-26T18:45:11Z</time></trkpt><trkpt lat="43.38447709" lon="-5.82261250"><ele>216.11</ele><time>2024-08-26T18:45:12Z</time></trkpt><trkpt lat="43.38448274" lon="-5.82260255"><ele>215.78</ele><time>2024-08-26T18:45:13Z</time></trkpt><trkpt lat="43.38448920" lon="-5.82259393"><ele>215.43</ele><time>2024-08-26T18:45:14Z</time></trkpt><trkpt lat="43.38449596" lon="-5.82258580"><ele>215.07</ele><time>2024-08-26T18:45:15Z</time></trkpt><trkpt lat="43.38450273" lon="-5.82257768"><ele>214.71</ele><time>2024-08-26T18:45:16Z</time></trkpt><trkpt lat="43.38450936" lon="-5.82256934"><ele>214.36</ele><time>2024-08-26T18:45:17Z</time></trkpt><trkpt lat="43.38451584" lon="-5.82256073"><ele>214.00</ele><time>2024-08-26T18:45:18Z</time></trkpt><trkpt lat="43.38451881" lon="-5.82254514"><ele>213.05</ele><time>2024-08-26T18:45:19Z</time></trkpt><trkpt lat="43.38451956" lon="-5.82252512"><ele>211.72</ele><time>2024-08-26T18:45:20Z</time></trkpt><trkpt lat="43.38452315" lon="-5.82250268"><ele>210.38</ele><time>2024-08-26T18:45:21Z</time></trkpt><trkpt lat="43.38452882" lon="-5.82247932"><ele>209.09</ele><time>2024-08-26T18:45:22Z</time></trkpt><trkpt lat="43.38453579" lon="-5.82245589"><ele>207.87</ele><time>2024-08-26T18:45:23Z</time></trkpt><trkpt lat="43.38453943" lon="-5.82244464"><ele>207.30</ele><time>2024-08-26T18:45:24Z</time></trkpt><trkpt lat="43.38454651" lon="-5.82242985"><ele>206.73</ele><time>2024-08-26T18:45:25Z</time></trkpt><trkpt lat="43.38455588" lon="-5.82241212"><ele>206.14</ele><time>2024-08-26T18:45:26Z</time></trkpt><trkpt lat="43.38456380" lon="-5.82239797"><ele>205.85</ele><time>2024-08-26T18:45:27Z</time></trkpt><trkpt lat="43.38457055" lon="-5.82238616"><ele>205.73</ele><time>2024-08-26T18:45:28Z</time></trkpt><trkpt lat="43.38457650" lon="-5.82237564"><ele>205.71</ele><time>2024-08-26T18:45:29Z</time></trkpt><trkpt lat="43.38458199" lon="-5.82236566"><ele>205.70</ele><time>2024-08-26T18:45:30Z</time></trkpt><trkpt lat="43.38458926" lon="-5.82235320"><ele>205.40</ele><time>2024-08-26T18:45:31Z</time></trkpt><trkpt lat="43.38459775" lon="-5.82233899"><ele>204.89</ele><time>2024-08-26T18:45:32Z</time></trkpt><trkpt lat="43.38460692" lon="-5.82232371"><ele>204.26</ele><time>2024-08-26T18:45:33Z</time></trkpt><trkpt lat="43.38461640" lon="-5.82230793"><ele>203.58</ele><time>2024-08-26T18:45:34Z</time></trkpt><trkpt lat="43.38462594" lon="-5.82229199"><ele>202.89</ele><time>2024-08-26T18:45:35Z</time></trkpt><trkpt lat="43.38463543" lon="-5.82227609"><ele>202.20</ele><time>2024-08-26T18:45:36Z</time></trkpt><trkpt lat="43.38464482" lon="-5.82226031"><ele>201.53</ele><time>2024-08-26T18:45:37Z</time></trkpt><trkpt lat="43.38465295" lon="-5.82224525"><ele>200.69</ele><time>2024-08-26T18:45:38Z</time></trkpt><trkpt lat="43.38466025" lon="-5.82223068"><ele>199.75</ele><time>2024-08-26T18:45:39Z</time></trkpt><trkpt lat="43.38466713" lon="-5.82221637"><ele>198.76</ele><time>2024-08-26T18:45:40Z</time></trkpt><trkpt lat="43.38467301" lon="-5.82219841"><ele>197.75</ele><time>2024-08-26T18:45:41Z</time></trkpt><trkpt lat="43.38467836" lon="-5.82217808"><ele>196.76</ele><time>2024-08-26T18:45:42Z</time></trkpt><trkpt lat="43.38468350" lon="-5.82215649"><ele>195.77</ele><time>2024-08-26T18:45:43Z</time></trkpt><trkpt lat="43.38468863" lon="-5.82213439"><ele>194.80</ele><time>2024-08-26T18:45:44Z</time></trkpt><trkpt lat="43.38469656" lon="-5.82211211"><ele>193.98</ele><time>2024-08-26T18:45:45Z</time></trkpt><trkpt lat="43.38470630" lon="-5.82208992"><ele>193.25</ele><time>2024-08-26T18:45:46Z</time></trkpt><trkpt lat="43.38471130" lon="-5.82207364"><ele>192.68</ele><time>2024-08-26T18:45:47Z</time></trkpt><trkpt lat="43.38471308" lon="-5.82206117"><ele>192.19</ele><time>2024-08-26T18:45:48Z</time></trkpt><trkpt lat="43.38470714" lon="-5.82205676"><ele>193.00</ele><time>2024-08-26T18:45:49Z</time></trkpt><trkpt lat="43.38469668" lon="-5.82205694"><ele>194.60</ele><time>2024-08-26T18:45:50Z</time></trkpt><trkpt lat="43.38468411" lon="-5.82205916"><ele>196.61</ele><time>2024-08-26T18:45:51Z</time></trkpt><trkpt lat="43.38467096" lon="-5.82206184"><ele>198.76</ele><time>2024-08-26T18:45:52Z</time></trkpt><trkpt lat="43.38466995" lon="-5.82205241"><ele>199.64</ele><time>2024-08-26T18:45:53Z</time></trkpt><trkpt lat="43.38467700" lon="-5.82203492"><ele>199.65</ele><time>2024-08-26T18:45:54Z</time></trkpt><trkpt lat="43.38468254" lon="-5.82201291"><ele>198.91</ele><time>2024-08-26T18:45:55Z</time></trkpt><trkpt lat="43.38468622" lon="-5.82198896"><ele>197.79</ele><time>2024-08-26T18:45:56Z</time></trkpt><trkpt lat="43.38469209" lon="-5.82196475"><ele>196.61</ele><time>2024-08-26T18:45:57Z</time></trkpt><trkpt lat="43.38469920" lon="-5.82194102"><ele>195.49</ele><time>2024-08-26T18:45:58Z</time></trkpt><trkpt lat="43.38470684" lon="-5.82191803"><ele>194.46</ele><time>2024-08-26T18:45:59Z</time></trkpt><trkpt lat="43.38471378" lon="-5.82189864"><ele>193.56</ele><time>2024-08-26T18:46:00Z</time></trkpt><trkpt lat="43.38472008" lon="-5.82188160"><ele>192.76</ele><time>2024-08-26T18:46:01Z</time></trkpt><trkpt lat="43.38472593" lon="-5.82186586"><ele>192.02</ele><time>2024-08-26T18:46:02Z</time></trkpt><trkpt lat="43.38473150" lon="-5.82185064"><ele>191.31</ele><time>2024-08-26T18:46:03Z</time></trkpt><trkpt lat="43.38473653" lon="-5.82183507"><ele>190.69</ele><time>2024-08-26T18:46:04Z</time></trkpt><trkpt lat="43.38474126" lon="-5.82181909"><ele>190.12</ele><time>2024-08-26T18:46:05Z</time></trkpt><trkpt lat="43.38474587" lon="-5.82180275"><ele>189.58</ele><time>2024-08-26T18:46:06Z</time></trkpt><trkpt lat="43.38475045" lon="-5.82178615"><ele>189.03</ele><time>2024-08-26T18:46:07Z</time></trkpt><trkpt lat="43.38475507" lon="-5.82176940"><ele>188.48</ele><time>2024-08-26T18:46:08Z</time></trkpt><trkpt lat="43.38475974" lon="-5.82175257"><ele>187.92</ele><time>2024-08-26T18:46:09Z</time></trkpt><trkpt lat="43.38476445" lon="-5.82173572"><ele>187.35</ele><time>2024-08-26T18:46:10Z</time></trkpt><trkpt lat="43.38476920" lon="-5.82171887"><ele>186.78</ele><time>2024-08-26T18:46:11Z</time></trkpt><trkpt lat="43.38477397" lon="-5.82170205"><ele>186.21</ele><time>2024-08-26T18:46:12Z</time></trkpt></trkseg></trk></gpx>