time,dx,dy,dz
0,0.008077206046986337,-0.00096058911414812,-0.028170188103734745
1,0.008077206046442933,-0.0009605886811972499,-0.028170188103734745
2,0.008077206005144217,-0.0009605886811972499,-0.028170188103734745
3,0.008077206046986337,-0.0009605886811972499,-0.028170188103734745
4,0.008077206046986337,-0.00096058911414812,-0.028170188103734745
5,0.008077206046442933,-0.0009605886811972499,-0.028170188103734745
6,0.008077206046986337,-0.0009605886811972499,-0.028170188103734745
7,0.008077206046442933,-0.0009605886811972499,-0.028170188103734745
8,0.00807720604752974,-0.00096058911414812,-0.028170188103734745
9,0.008077206046986337,-0.0009605886811972499,-0.028170188103734745
10,0.008077206046986337,-0.0009605886811972499,-0.028170188103734745
11,0.008077206046986337,-0.00096058911414812,-0.028170188103734745
12,0.008077206046986337,-0.0009605886811972499,-0.028170188103734745
13,0.00807720604752974,-0.0009605886811972499,-0.028170188103734745
14,0.008077206045899529,-0.0009605886811972499,-0.028170188103734745
15,0.008077206048073146,-0.0009605891142727102,-0.028170188103734745
16,0.008077206046442933,-0.0009605886811972499,-0.028170188103734745
17,0.008077206046986337,-0.0009605886811972499,-0.028170188103734745
18,0.008077206003514003,-0.0009605891140235298,-0.028170188103734745
19,0.00807720604752974,-0.0009605886811972499,-0.028170188103734745
20,0.008077206046986337,-0.0009605886811972499,-0.028170188103734745
21,0.008077206046986337,-0.0009605886813218402,-0.028170188103734745
22,0.008077206046986337,-0.00096058911414812,-0.028170188104462132
23,0.008077206046986337,-0.0009605886811972499,-0.028170188103734745
24,0.008077206046442933,-0.0009605886811972499,-0.028170188103734745
25,0.008077206046986337,-0.00096058911414812,-0.028170188103734745
26,0.008077206048073146,-0.0009605886811972499,-0.028170188103734745
27,0.008077206046986337,-0.0009605886811972499,-0.028170188103734745
28,0.008077206046442933,-0.0009605886811972499,-0.028170188103734745
29,0.008077206046986337,-0.0009605891140235298,-0.028170188103734745
30,0.008077206046442933,-0.0009605886811972499,-0.028170188103734745
31,0.008077206046986337,-0.0009605886813218402,-0.028170188103734745
32,0.00807720604752974,-0.00096058911414812,-0.028170188103734745
33,0.008077206004057407,-0.0009605886811972499,-0.028170188103734745
34,0.00807720604752974,-0.0009605886811972499,-0.028170188103734745
35,0.008077206046442933,-0.0009605886811972499,-0.028170188103734745
36,0.008077206046442933,-0.00096058911414812,-0.028170188103734745
37,0.008077206048073146,-0.0009605886811972499,-0.028170188103734745
38,0.008077206046986337,-0.0009605886811972499,-0.028170188103734745
39,0.008077206046986337,-0.00096058911414812,-0.028170188103734745
40,0.008077206045899529,-0.0009605886811972499,-0.028170188103734745
41,0.008077206046986337,-0.0009605886813218402,-0.028170188103734745
42,0.00807720604752974,-0.0009605886811972499,-0.028170188103734745
43,0.008077206046986337,-0.0009605891140235298,-0.028170188103734745
44,0.008077206046986337,-0.0009605886811972499,-0.028170188103734745
45,0.008077206046986337,-0.0009605886811972499,-0.028170188103734745
46,0.008077206046986337,-0.0009605891142727102,-0.028170188103734745
47,0.00807720604752974,-0.0009605886811972499,-0.028170188103734745
48,0.008077206045899529,-0.0009605886810726598,-0.028170188103734745
49,0.008077206005144217,-0.0009605886811972499,-0.028170188103734745
50,0.008077206045899529,-0.00096058911414812,-0.028170188103734745
51,0.008077206046986337,-0.0009605886811972499,-0.028170188103734745
52,0.008077206046986337,-0.0009605886813218402,-0.028170188103734745
53,0.00807720604752974,-0.0009605891140235298,-0.028170188103734745
54,0.008077206046986337,-0.0009605886811972499,-0.028170188103734745
55,0.008077206046986337,-0.0009605886811972499,-0.028170188103734745
56,0.008077206046986337,-0.0009605886811972499,-0.028170188103734745
57,0.008077206046986337,-0.0009605891142727102,-0.028170188103734745
58,0.00807720604752974,-0.0009605886811972499,-0.028170188103734745
59,0.008077206045899529,-0.0009605886811972499,-0.028170188103734745
60,0.008077206048073146,-0.0009605891140235298,-0.028170188104462132
61,0.008077206046986337,-0.0009605886811972499,-0.028170188103734745
62,0.008077206046986337,-0.0009605886813218402,-0.028170188103734745
63,0.008077206045899529,-0.0009605886811972499,-0.028170188103734745
64,0.008077206004600811,-0.00096058911414812,-0.028170188103734745
65,0.008077206046986337,-0.0009605886811972499,-0.028170188103734745
66,0.008077206046986337,-0.0009605886811972499,-0.028170188103734745
67,0.008077206046986337,-0.00096058911414812,-0.028170188103734745
68,0.008077206046986337,-0.0009605886811972499,-0.028170188103734745
69,0.00807720604752974,-0.0009605886811972499,-0.028170188103734745
70,0.008077206045899529,-0.0009605886811972499,-0.028170188103734745
71,0.008077206048073146,-0.00096058911414812,-0.028170188103734745
72,0.008077206046986337,-0.0009605886811972499,-0.028170188103734745
73,0.008077206045899529,-0.0009605886811972499,-0.028170188103734745
74,0.00807720604752974,-0.00096058911414812,-0.028170188103734745
75,0.008077206046442933,-0.0009605886811972499,-0.028170188103734745
76,0.008077206046986337,-0.0009605886811972499,-0.028170188103734745
77,0.00807720604752974,-0.0009605886811972499,-0.028170188103734745
78,0.008077206046986337,-0.00096058911414812,-0.028170188103734745
79,0.008077206046986337,-0.0009605886811972499,-0.028170188103734745
80,0.008077206004057407,-0.0009605886811972499,-0.028170188103734745
81,0.008077206046986337,-0.0009605886811972499,-0.028170188103734745
82,0.008077206045899529,-0.0009605891142727102,-0.028170188103734745
83,0.00807720604752974,-0.0009605886811972499,-0.028170188103734745
84,0.008077206046986337,-0.0009605886811972499,-0.028170188103734745
85,0.008077206046986337,-0.0009605891140235298,-0.028170188103734745
86,0.008077206046986337,-0.0009605886811972499,-0.028170188103734745
87,0.00807720604752974,-0.0009605886811972499,-0.028170188103734745
88,0.008077206046986337,-0.0009605886811972499,-0.028170188103734745
89,0.008077206046986337,-0.0009605891142727102,-0.028170188103734745
90,0.008077206046986337,-0.0009605886811972499,-0.028170188103734745
91,0.008077206046986337,-0.0009605886811972499,-0.028170188103734745
92,0.00807720604752974,-0.00096058911414812,-0.028170188103734745
93,0.008077206045899529,-0.0009605886811972499,-0.028170188103734745
94,0.008077206046986337,-0.0009605886811972499,-0.028170188103734745
95,0.008077206004057407,-0.0009605886811972499,-0.028170188103734745
96,0.008077206046986337,-0.00096058911414812,-0.028170188103734745
97,0.008077206046986337,-0.0009605886811972499,-0.028170188103734745
98,0.00807720604752974,-0.0009605886811972499,-0.028170188103734745
99,0.008077206046986337,-0.00096058911414812,-0.028170188104462132
100,0.008077206046986337,-0.0009605886811972499,-0.028170188103734745
101,0.008077206046986337,-0.0009605886811972499,-0.028170188103734745
102,0.008077206046986337,-0.0009605886811972499,-0.028170188103734745
103,0.00807720604752974,-0.00096058911414812,-0.028170188103734745
104,0.008077206046442933,-0.0009605886811972499,-0.028170188103734745
105,0.008077206046442933,-0.0009605886811972499,-0.028170188103734745
106,0.008077206046986337,-0.00096058911414812,-0.028170188103734745
107,0.008077206046986337,-0.0009605886811972499,-0.028170188103734745
108,0.008077206046986337,-0.0009605886811972499,-0.028170188103734745
109,0.008077206046986337,-0.0009605886813218402,-0.028170188103734745
110,0.008077206046986337,-0.0009605891140235298,-0.028170188103734745
111,0.008077206004600811,-0.0009605886811972499,-0.028170188103734745
112,0.008077206046986337,-0.0009605886811972499,-0.028170188103734745
113,0.008077206046986337,-0.0009605891142727102,-0.028170188103734745
114,0.00807720604752974,-0.0009605886811972499,-0.028170188103734745
115,0.008077206046442933,-0.0009605886811972499,-0.028170188103734745
116,0.008077206046442933,-0.0009605886811972499,-0.028170188103734745
117,0.008077206046986337,-0.0009605891140235298,-0.028170188103734745
118,0.008077206046986337,-0.0009605886811972499,-0.028170188103734745
119,-0.0029377145117016074,-0.06769175856517817,-0.27331514871846413
120,-0.0029377144676858698,-0.06769175856505359,-0.27331514871846413
121,-0.002937714512788416,-0.06769175856505359,-0.27331514871846413
122,-0.0029377145106147993,-0.06769175856505359,-0.27331514871846413
123,-0.002937714468772678,-0.06769175856505359,-0.27331514871846413
124,-0.0029377145117016074,-0.06769175856505359,-0.27331514871773677
125,-0.002937714468772678,-0.067691758564929,-0.27331514871846413
126,-0.0029377145117016074,-0.06769175899800446,-0.27331514871846413
127,-0.0029377145117016074,-0.06769175856505359,-0.27331514871846413
128,-0.002937714468229274,-0.06769175856517817,-0.27331514871846413
129,-0.0029377145117016074,-0.06769175856505359,-0.27331514871846413
130,-0.0029377145122450117,-0.06769175856505359,-0.27331514871846413
131,-0.002937714468229274,-0.06769175856505359,-0.27331514871846413
132,-0.0029377145117016074,-0.067691758564929,-0.27331514871846413
133,-0.0029377145117016074,-0.06769175856505359,-0.27331514871846413
134,-0.002937714468772678,-0.06769175856505359,-0.27331514871846413
135,-0.0029377145117016074,-0.06769175856517817,-0.27331514871846413
136,-0.0029377144676858698,-0.067691758564929,-0.27331514871773677
137,-0.0029377145117016074,-0.06769175856505359,-0.27331514871846413
138,-0.002937714512788416,-0.06769175856517817,-0.27331514871846413
139,-0.0029377144676858698,-0.06769175856505359,-0.27331514871846413
140,-0.0029377145117016074,-0.06769175899787987,-0.27331514871846413
141,-0.0029377145117016074,-0.067691758564929,-0.27331514871846413
142,-0.002937714468229274,-0.06769175856517817,-0.27331514871846413
143,-0.0029377145122450117,-0.06769175856505359,-0.27331514871846413
144,-0.0029377145117016074,-0.06769175856505359,-0.27331514871846413
145,-0.002937714468229274,-0.06769175856505359,-0.27331514871846413
146,-0.0029377145117016074,-0.06769175856505359,-0.27331514871846413
147,-0.002937714469316082,-0.067691758564929,-0.27331514871846413
148,-0.0029377145111582036,-0.06769175856505359,-0.27331514871773677
149,-0.0029377145117016074,-0.06769175856517817,-0.27331514871846413
150,-0.002937714469316082,-0.06769175856505359,-0.27331514871846413
151,-0.002937714510071395,-0.06769175856505359,-0.27331514871846413
152,-0.002937714512788416,-0.06769175856505359,-0.27331514871846413
153,-0.002937714468772678,-0.06769175856505359,-0.27331514871846413
154,-0.0029377145106147993,-0.067691758564929,-0.27331514871846413
155,-0.0029377145117016074,-0.06769175899800446,-0.27331514871846413
156,-0.002937714468229274,-0.06769175856505359,-0.27331514871846413
157,-0.0029377145122450117,-0.06769175856505359,-0.27331514871846413
158,-0.0029377145117016074,-0.06769175856517817,-0.27331514871846413
159,-0.002937714468229274,-0.06769175856505359,-0.27331514871773677
160,-0.0029377145117016074,-0.067691758564929,-0.27331514871846413
161,-0.002937714469316082,-0.06769175856517817,-0.27331514871846413
162,-0.0029377145111582036,-0.0676917585648044,-0.27331514871846413
163,-0.0029377145117016074,-0.06769175856517817,-0.27331514871846413
164,-0.002937714469316082,-0.06769175856505359,-0.27331514871846413
165,-0.002937714510071395,-0.06769175856505359,-0.27331514871846413
166,-0.002937714512788416,-0.06769175856505359,-0.27331514871846413
167,-0.002937714468772678,-0.06769175856505359,-0.27331514871846413
168,-0.0029377145106147993,-0.06769175856505359,-0.27331514871846413
169,-0.0029377145117016074,-0.06769175899800446,-0.27331514871846413
170,-0.0029377144698594865,-0.067691758564929,-0.27331514871846413
171,-0.0029377145106147993,-0.06769175856505359,-0.27331514871773677
172,-0.002937714468772678,-0.06769175856517817,-0.27331514871846413
173,-0.002937714512788416,-0.06769175856505359,-0.27331514871846413
174,-0.0029377145106147993,-0.06769175856505359,-0.27331514871846413
175,-0.002937714468772678,-0.06769175856505359,-0.27331514871846413
176,-0.0029377145117016074,-0.067691758564929,-0.27331514871846413
177,-0.1622868982955076,-0.11912477708091607,-0.6867699706648795
178,-0.16228689833789314,-0.11912477751374234,-0.6867699706648795
179,-0.1622868982944208,-0.11912477708079147,-0.6867699706648795
180,-0.16228689833789314,-0.11912477708079147,-0.6867699706648795
181,-0.1622868982955076,-0.11912477751374234,-0.6867699706648795
182,-0.16228689833734974,-0.11912477708091607,-0.6867699706648795
183,-0.1622868982949642,-0.11912477708079147,-0.6867699706648795
184,-0.16228689833843654,-0.11912477751374234,-0.6867699706648795
185,-0.1622868982944208,-0.11912477708091607,-0.6867699706648795
186,-0.1622868982949642,-0.11912477708079147,-0.6867699706648795
187,-0.16228689833734974,-0.11912477751361776,-0.6867699706648795
188,-0.1622868982949642,-0.11912477708104066,-0.6867699706648795
189,-0.16228689833843654,-0.11912477708066689,-0.686769970665607
190,-0.1622868982944208,-0.11912477708079147,-0.6867699706648795
191,-0.16228689833734974,-0.11912477751386694,-0.6867699706648795
192,-0.1622868982949642,-0.11912477708079147,-0.6867699706648795
193,-0.1622868982955076,-0.11912477708079147,-0.6867699706648795
194,-0.16228689833789314,-0.11912477751374234,-0.6867699706648795
195,-0.1622868982944208,-0.11912477708091607,-0.6867699706648795
196,-0.16228689833789314,-0.11912477708079147,-0.6867699706648795
197,-0.1622868982944208,-0.11912477751386694,-0.6867699706648795
198,-0.16228689833843654,-0.11912477708066689,-0.6867699706648795
199,-0.1622868982949642,-0.11912477708079147,-0.6867699706648795
200,-0.16228689833843654,-0.11912477751386694,-0.6867699706648795
201,-0.1622868982944208,-0.11912477708079147,-0.6867699706648795
202,-0.4697912560016268,-0.042179348621315796,-0.7626341082182331
203,-0.4697912560016268,-0.042179348621315796,-0.7626341082182331
204,-0.4697912560016268,-0.042179348621315796,-0.7626341082182331
205,-0.46979125595869786,-0.042179348188489514,-0.7626341082189605
206,-0.4697912560021702,-0.042179348621440384,-0.7626341082182331
207,-0.4697912560021702,-0.042179348621315796,-0.7626341082182331
208,-0.4697912560010834,-0.042179348621315796,-0.7626341082182331
209,-0.4697912560010834,-0.042179348621315796,-0.7626341082182331
210,-0.4697912560021702,-0.042179348621315796,-0.7626341082182331
211,-0.4697912560021702,-0.042179348621440384,-0.7626341082182331
212,-0.46979125595869786,-0.042179348188364926,-0.7626341082189605
213,-0.4697912560016268,-0.042179348621315796,-0.7626341082182331
214,-0.4697912560016268,-0.042179348621440384,-0.7626341082182331
215,-0.4697912560016268,-0.0421793486211912,-0.7626341082182331
216,-0.2722600178798903,-0.27090727547746424,-0.6128354430358521
217,-0.27226001792281923,-0.2709072759101659,-0.6128354430358521
218,-0.2722600178798903,-0.2709072754773396,-0.6128354430358521
219,-0.27226001792281923,-0.2709072754773396,-0.6128354430358521
220,-0.2722600178798903,-0.2709072759101659,-0.6128354430358521
221,-0.27226001792281923,-0.2709072754773396,-0.6128354430358521
222,-0.27226001788097715,-0.2709072754773396,-0.6128354430358521
223,-0.27226001792281923,-0.2709072759100413,-0.6128354430358521
224,-0.2722600178798903,-0.2709072754773396,-0.6128354430358521
225,-0.2722600178793469,-0.2709072754773396,-0.6128354430365794
226,-0.27226001792281923,-0.2709072759104151,-0.6128354430358521
227,-0.2722600178798903,-0.27090727547721505,-0.6128354430358521
228,-0.27226001792281923,-0.2709072754773396,-0.6128354430358521
229,-0.27226001788097715,-0.2709072759102905,-0.6128354430358521
230,-0.27226001792281923,-0.27090727547721505,-0.6128354430358521
231,-0.2722600178798903,-0.2709072754773396,-0.6128354430358521
232,-0.27226001792173243,-0.2709072759101659,-0.6128354430358521
233,-0.27226001788097715,-0.2709072754773396,-0.6128354430358521
234,-0.4974072737396841,-0.0465314657390786,-0.556978313645898
235,-0.4974072737402275,-0.04653146530625232,-0.556978313645898
236,-0.4974072737836998,-0.04653146573895401,-0.556978313645898
237,-0.4974072737396841,-0.04653146530612773,-0.556978313645898
238,-0.49740727374077087,-0.0465314657390786,-0.556978313645898
239,-0.4974072737402275,-0.04653146530625232,-0.556978313645898
240,-0.4974072737831564,-0.04653146573895401,-0.556978313645898
241,-0.4974072737396841,-0.04653146573920319,-0.556978313645898
242,-0.4974072737402275,-0.04653146530600314,-0.556978313645898
243,-0.4974072737402275,-0.04653146573920319,-0.556978313645898
244,-0.49740727374131427,-0.04653146530600314,-0.556978313645898
245,-0.4974072737831564,-0.04653146573920319,-0.556978313645898
246,-0.4974072737396841,-0.04653146530600314,-0.556978313645898
247,-0.49740727374077087,-0.04653146573920319,-0.556978313645898
248,-0.5112152826301771,0.319771715767326,-0.5150854666032506
249,-0.511215282631264,0.3197717157672014,-0.5150854666032506
250,-0.5112152825877917,0.3197717153344997,-0.5150854666032506
251,-0.511215282631264,0.3197717157672014,-0.5150854666032506
252,-0.511215282631264,0.3197717157672014,-0.5150854666032506
253,-0.5112152826307206,0.3197717153343751,-0.515085466603978
254,-0.511215282631264,0.319771715767326,-0.5150854666032506
255,-0.5112152826307206,0.3197717157672014,-0.5150854666032506
256,-0.511215282631264,0.319771715767326,-0.5150854666032506
257,-0.511215282588335,0.3197717157672014,-0.5150854666032506
258,-0.5112152826307206,0.3197717153343751,-0.5150854666032506
259,-0.511215282631264,0.319771715767326,-0.5150854666032506
260,-0.4145592204820399,0.24506037378887124,-0.5798289574869453
261,-0.4145592204809531,0.24506037378899584,-0.5798289574876727
262,-0.4145592204820399,0.24506037378887124,-0.5798289574869453
263,-0.41455922052388205,0.24506037378899584,-0.5798289574876727
264,-0.4145592204820399,0.24506037378887124,-0.5798289574869453
265,-0.4145592204809531,0.24506037378912043,-0.5798289574876727
266,-0.4145592204825833,0.24506037378887124,-0.5798289574869453
267,-0.4145592204814965,0.24506037378899584,-0.5798289574869453
268,-0.4145592204809531,0.24506037378887124,-0.5798289574876727
269,-0.4145592204820399,0.24506037378899584,-0.5798289574869453
270,-0.41455922052496885,0.24506037378887124,-0.5798289574876727
271,-0.4145592204809531,0.24506037378912043,-0.5798289574869453
272,-0.4145592204820399,0.24506037378874665,-0.5798289574876727
273,-0.4145592204820399,0.24506037378899584,-0.5798289574869453
274,-0.3632106874717515,0.20806737915422518,-0.7683467691784949
275,-0.3632106874733817,0.2080673791541006,-0.7683467691784949
276,-0.36321068751522384,0.2080673791541006,-0.7683467691792223
277,-0.3632106874733817,0.20806737958692686,-0.7683467691784949
278,-0.3632106874728383,0.2080673791541006,-0.7683467691784949
279,-0.3632106874728383,0.20806737915422518,-0.7683467691792223
280,-0.3632106874733817,0.2080673791541006,-0.7683467691784949
281,-0.3632106874722949,0.2080673791541006,-0.7683467691784949
282,-0.36321068751576724,0.20806737915422518,-0.7683467691784949
283,-0.3632106874733817,0.2080673791541006,-0.7683467691784949
284,-0.3632106874717515,0.2080673791541006,-0.7683467691792223
285,-0.3632106874728383,0.2080673791541006,-0.7683467691784949
286,-0.3632106874728383,0.20806737958692686,-0.7683467691784949
287,-0.36321068751576724,0.20806737915422518,-0.7683467691792223
288,-0.3632106874733817,0.2080673791541006,-0.7683467691784949
289,-0.3632106874722949,0.2080673791541006,-0.7683467691784949
290,-0.4318192315952921,0.13190533175844188,-0.6712315328525892
291,-0.43181923155236324,0.1319053313257402,-0.6712315328525892
292,-0.4318192315947487,0.13190533175844188,-0.6712315328533166
293,-0.4318192315952921,0.13190533175856647,-0.6712315328525892
294,-0.4318192315952921,0.13190533175844188,-0.6712315328525892
295,-0.43181923155236324,0.1319053313256156,-0.6712315328525892
296,-0.4318192315942053,0.13190533175844188,-0.6712315328525892
297,-0.4318192315952921,0.13190533175869107,-0.6712315328533166
298,-0.43181923155236324,0.131905331325491,-0.6712315328525892
299,-0.4318192315947487,0.13190533175856647,-0.6712315328525892
300,-0.4318192315952921,0.13190533175844188,-0.6712315328525892
301,-0.4318192315947487,0.13190533175844188,-0.6712315328533166
302,-0.4318192315512764,0.1319053313257402,-0.6712315328525892
303,-0.4318192315958356,0.13190533175844188,-0.6712315328525892
304,-0.39039520496619834,0.1400292833074701,-0.8189990296936892
305,-0.3903952049216392,0.1400292833075947,-0.8189990296936892
306,-0.39039520496619834,0.1400292833074701,-0.8189990296936892
307,-0.39039520496674174,0.14002928374054557,-0.8189990296936892
308,-0.39039520496511154,0.1400292833074701,-0.8189990296936892
309,-0.390395204922726,0.1400292833075947,-0.8189990296936892
310,-0.39039520496565494,0.1400292833074701,-0.8189990296936892
311,-0.39039520496619834,0.1400292833075947,-0.8189990296936892
312,-0.39039520496565494,0.1400292833074701,-0.8189990296936892
313,-0.39039520492326946,0.1400292833075947,-0.8189990296936892
314,-0.39039520496565494,0.1400292833075947,-0.8189990296936892
315,-0.39039520496511154,0.14002928374042098,-0.8189990296936892
316,-0.39039520496565494,0.1400292833075947,-0.8189990296936892
317,-0.39039520492326946,0.1400292833074701,-0.8189990296936892
318,-0.39039520496565494,0.1400292833075947,-0.8189990296936892
319,-0.5130740530319841,0.08034948419067281,-0.7222060460371913
320,-0.5130740530759998,0.08034948375797112,-0.7222060460379186
321,-0.5130740530314407,0.08034948419079739,-0.7222060460371913
322,-0.513074053074913,0.08034948419079739,-0.7222060460371913
323,-0.5130740530325275,0.08034948375797112,-0.7222060460379186
324,-0.513074053074913,0.08034948419079739,-0.7222060460371913
325,-0.5130740530314407,0.08034948419067281,-0.7222060460371913
326,-0.5130740530759998,0.08034948419092199,-0.7222060460371913
327,-0.5130740530325275,0.08034948375784652,-0.7222060460379186
328,-0.5130740530743696,0.08034948419079739,-0.7222060460371913
329,-0.513074053033071,0.08034948419079739,-0.7222060460371913
330,-0.5130740530743696,0.08034948375784652,-0.7222060460379186
331,-0.513074053033071,0.08034948419092199,-0.7222060460371913
332,-0.4065045486571923,0.04254186255450158,-0.8189990296936892
333,-0.4065045486131766,0.04254186255450158,-0.8189990296936892
334,-0.4065045486571923,0.04254186212167531,-0.8189990296936892
335,-0.4065045486577357,0.04254186255462618,-0.8189990296936892
336,-0.4065045486142634,0.04254186255462618,-0.8189990296936892
337,-0.4065045486582791,0.04254186255450158,-0.8189990296936892
338,-0.4065045486571923,0.04254186255450158,-0.8189990296936892
339,-0.4065045486142634,0.042541862121799896,-0.8189990296936892
340,-0.4065045486571923,0.04254186255450158,-0.8189990296936892
341,-0.4065045486577357,0.04254186255462618,-0.8189990296936892
342,-0.4065045486142634,0.04254186255450158,-0.8189990296936892
343,-0.40650454865610547,0.04254186255450158,-0.8189990296936892
344,-0.4065045486582791,0.042541862121799896,-0.8189990296936892
345,-0.4065045486142634,0.04254186255450158,-0.8189990296936892
346,-0.4065045486577357,0.04254186255462618,-0.8189990296936892
347,-0.4032826799104077,-0.1808668106718246,-0.9469626352052997
348,-0.40328267990986433,-0.18086681023862455,-0.9469626352052997
349,-0.40328267990986433,-0.18086681067170002,-0.9469626352060271
350,-0.4032826798674788,-0.18086681023899834,-0.9469626352052997
351,-0.4032826799114945,-0.18086681067170002,-0.9469626352052997
352,-0.4032826799104077,-0.18086681023874915,-0.9469626352052997
353,-0.40328267990986433,-0.18086681067157542,-0.9469626352052997
354,-0.40328267990986433,-0.18086681023899834,-0.9469626352060271
355,-0.4032826799109511,-0.18086681067170002,-0.9469626352052997
356,-0.4032826799109511,-0.18086681023874915,-0.9469626352052997
357,-0.4032826799104077,-0.1808668106718246,-0.9469626352052997
358,-0.4032826798669354,-0.18086681023874915,-0.9469626352052997
359,-0.40328267990986433,-0.18086681067170002,-0.9469626352060271
360,-0.4032826799104077,-0.18086681023887374,-0.9469626352052997
361,-0.4032826799114945,-0.18086681067170002,-0.9469626352052997
362,-0.5917620010878639,0.03543340462449775,-0.24849462178739548
363,-0.5917620010465652,0.03543340462449775,-0.24849462178666812
364,-0.5917620010884073,0.03543340462449775,-0.24849462178739548
365,-0.5917620010465652,0.03543340505732403,-0.24849462178739548
366,-0.5917620010884073,0.03543340462449775,-0.24849462178739548
367,-0.5917620010889507,0.03543340462449775,-0.24849462178739548
368,-0.5917620010460217,0.03543340462449775,-0.24849462178666812
369,-0.5917620010884073,0.03543340462449775,-0.24849462178739548
370,-0.5917620010454784,0.03543340505732403,-0.24849462178739548
371,-0.5917620010894941,0.03543340462449775,-0.24849462178666812
372,-0.5917620010454784,0.03543340462449775,-0.24849462178739548
373,-0.5917620010894941,0.03543340462449775,-0.24849462178739548
374,-0.5167915939198257,0.22095634115434287,-1.3128073022452957
375,-0.5167915938785269,0.22095634115421828,-1.3128073022452957
376,-0.5167915939198257,0.22095634115434287,-1.3128073022452957
377,-0.5167915938774401,0.22095634115434287,-1.3128073022452957
378,-0.516791593920369,0.2209563411540937,-1.3128073022456592
379,-0.5167915939209125,0.22095634115434287,-1.3128073022452957
380,-0.5167915938763533,0.220956340721392,-1.3128073022456592
381,-0.5167915939209125,0.2209563411540937,-1.3128073022452957
382,-0.516791593920369,0.22095634115434287,-1.3128073022452957
383,-0.5167915938779835,0.22095634115434287,-1.3128073022452957
384,-0.516791593920369,0.22095634115421828,-1.3128073022456592
385,-0.5167915938774401,0.22095634115434287,-1.3128073022452957
386,-0.5167915939198257,0.22095634115434287,-1.3128073022452957
387,-0.5205091347663684,-0.008701525637929882,-0.5991641176608665
388,-0.5205091347212658,-0.008701525204979013,-0.5991641176605028
389,-0.5205091347663684,-0.008701525637929882,-0.5991641176608665
390,-0.5205091347663684,-0.008701525204854422,-0.5991641176605028
391,-0.5205091347228961,-0.008701525637929882,-0.5991641176608665
392,-0.5205091347647381,-0.008701525637805293,-0.5991641176608665
393,-0.520509134765825,-0.008701525205103602,-0.5991641176605028
394,-0.5205091347663684,-0.008701525637805293,-0.5991641176608665
395,-0.5205091347234395,-0.008701525637929882,-0.5991641176608665
396,-0.5205091347641948,-0.008701525204854422,-0.5991641176605028
397,-0.5205091347663684,-0.008701525637929882,-0.5991641176608665
398,-0.5205091347228961,-0.008701525204979013,-0.5991641176605028
399,-0.5205091347663684,-0.008701525637929882,-0.5991641176608665
400,-0.26152045543226937,-0.018387775794826748,-0.7336899593526156
401,-0.26152045543281277,-0.018387775362000466,-0.7336899593526156
402,-0.2615204554338996,-0.018387775794702157,-0.7336899593526156
403,-0.2615204554762851,-0.018387775362000466,-0.7336899593522519
404,-0.26152045543281277,-0.018387775794826748,-0.7336899593526156
405,-0.2615204554338996,-0.018387775361751287,-0.7336899593526156
406,-0.26152045543335617,-0.018387775794951336,-0.7336899593526156
407,-0.26152045543281277,-0.01838777536187588,-0.7336899593526156
408,-0.26152045543335617,-0.018387775794826748,-0.7336899593526156
409,-0.26152045543281277,-0.018387775362000466,-0.7336899593526156
410,-0.26152045543335617,-0.018387775794826748,-0.7336899593526156
411,-0.2615204554768285,-0.01838777536187588,-0.7336899593522519
412,-0.26152045543281277,-0.018387775794951336,-0.7336899593526156
413,-0.2615204554338996,-0.018387775361751287,-0.7336899593526156
414,-0.26152045543226937,-0.018387775794826748,-0.7336899593526156
415,0.27504460745777454,-0.2992890299136292,-0.8452479744138797
416,0.2750446074148456,-0.2992890303465801,-0.8452479744142434
417,0.27504460745886133,-0.2992890299136292,-0.8452479744138797
418,0.2750446074148456,-0.2992890303464555,-0.8452479744142434
419,0.27504460745777454,-0.2992890299136292,-0.8452479744138797
420,0.27504460745886133,-0.2992890303465801,-0.8452479744142434
421,0.2750446074159324,-0.29928902991350465,-0.8452479744138797
422,0.27504460745723114,-0.2992890303465801,-0.8452479744142434
423,0.27504460745831794,-0.2992890299136292,-0.8452479744138797
424,0.275044607415389,-0.2992890303464555,-0.8452479744142434
425,0.27504460745777454,-0.2992890299136292,-0.8452479744138797
426,0.275044607415389,-0.2992890303465801,-0.8452479744142434
427,0.27504460745886133,-0.29928902991350465,-0.8452479744138797
428,-0.4015478275014795,-0.14930838260147536,-0.5991641176608665
429,-0.4015478275020229,-0.1493083826012262,-0.5991641176605028
430,-0.4015478275014795,-0.14930838260135076,-0.5991641176608665
431,-0.40154782754440843,-0.1493083821683999,-0.5991641176605028
432,-0.4015478275020229,-0.14930838260147536,-0.5991641176608665
433,-0.4015478275014795,-0.1493083826012262,-0.5991641176608665
434,-0.4015478275020229,-0.14930838260147536,-0.5991641176605028
435,-0.4015478275014795,-0.1493083826012262,-0.5991641176608665
436,-0.4015478275020229,-0.14930838260147536,-0.5991641176608665
437,-0.40154782754332163,-0.1493083821683999,-0.5991641176605028
438,-0.4015478275020229,-0.1493083826012262,-0.5991641176608665
439,-0.4015478275014795,-0.14930838260147536,-0.5991641176605028
440,-0.4015478275020229,-0.1493083826012262,-0.5991641176608665
441,-0.7431898317645139,-0.16664989481156775,-1.0642626069246397
442,-0.7431898317199548,-0.16664989481169235,-1.064262606924276
443,-0.7431898317639705,-0.16664989524439403,-1.0642626069246397
444,-0.7431898317639705,-0.16664989481156775,-1.064262606924276
445,-0.7431898317199548,-0.16664989481156775,-1.0642626069246397
446,-0.7431898317645139,-0.16664989481144316,-1.0642626069246397
447,-0.7431898317639705,-0.16664989481156775,-1.064262606924276
448,-0.7431898317639705,-0.16664989524439403,-1.0642626069246397
449,-0.7431898317204981,-0.16664989481156775,-1.064262606924276
450,-0.7431898317639705,-0.16664989481156775,-1.0642626069246397
451,-0.760910109828085,0.03035593479819525,-0.8616535648642261
452,-0.760910109786243,0.03035593479807066,-0.8616535648642261
453,-0.7609101098291718,0.030355934797946068,-0.8616535648645898
454,-0.760910109786243,0.03035593479819525,-0.8616535648642261
455,-0.7609101098286284,0.03035593523114612,-0.8616535648642261
456,-0.760910109785156,0.030355934797946068,-0.8616535648642261
457,-0.7609101098291718,0.03035593479819525,-0.8616535648645898
458,-0.760910109785156,0.03035593479807066,-0.8616535648642261
459,-0.7609101098291718,0.03035593479819525,-0.8616535648642261
460,-0.7448007661376345,0.016816015405414848,-0.36401732120747815
461,-0.7448007660936188,0.01681601497258857,-0.36401732120747815
462,-0.7448007661370911,0.016816015405290256,-0.36401732120784186
463,-0.7448007660947056,0.016816015405290256,-0.36401732120747815
464,-0.7448007661370911,0.01681601497258857,-0.36401732120747815
465,-0.7448007660947056,0.016816015405414848,-0.36401732120747815
466,-0.7448007661370911,0.01681601540553944,-0.36401732120784186
467,-0.7448007660936188,0.016816014972339387,-0.36401732120747815
468,-0.7448007661381779,0.016816015405414848,-0.36401732120747815
469,-0.6078713447804881,-0.12704563025250012,-0.8883126493458116
470,-0.6078713447364724,-0.12704562981942466,-0.8883126493458116
471,-0.6078713447810316,-0.12704563025225094,-0.8883126493461753
472,-0.6078713447375592,-0.12704563025250012,-0.8883126493458116
473,-0.6078713447804881,-0.12704563025237553,-0.8883126493458116
474,-0.6078713447370158,-0.12704563025237553,-0.8883126493458116
475,-0.6078713447804881,-0.12704562981954926,-0.8883126493458116
476,-0.6078713447799448,-0.12704563025250012,-0.8883126493458116
477,-0.6078713447381026,-0.12704563025225094,-0.8883126493458116
478,-0.6078713447799448,-0.12704562981954926,-0.8883126493461753
479,-0.6078713447381026,-0.12704563025237553,-0.8883126493458116
480,-0.6078713447794013,-0.12704563025237553,-0.8883126493458116
481,-0.7018425162645533,-0.28783217504299713,-0.5417445510848361
482,-0.7018425163080256,-0.28783217504287256,-0.5417445510851998
483,-0.7018425162645533,-0.28783217504287256,-0.5417445510848361
484,-0.70184251626401,-0.28783217504274794,-0.5417445510848361
485,-0.7018425163074823,-0.28783217547569884,-0.5417445510851998
486,-0.7018425162650967,-0.2878321750431217,-0.5417445510848361
487,-0.70184251626401,-0.28783217504274794,-0.5417445510848361
488,-0.7018425163074823,-0.28783217504287256,-0.5417445510851998
489,-0.7018425162634665,-0.28783217504274794,-0.5417445510848361
490,-0.7662798910312462,0.043895854623677344,-0.36401732120747815
491,-0.7662798910307027,0.04389585419085107,-0.36401732120747815
492,-0.7662798910730882,0.043895854623677344,-0.36401732120784186
493,-0.7662798910317895,0.043895854190726474,-0.36401732120747815
494,-0.7662798910301594,0.043895854623677344,-0.36401732120747815
495,-0.7662798910301594,0.04389585419085107,-0.36401732120747815
496,-0.7662798910736317,0.04389585462380194,-0.36401732120784186
497,-0.7662798910301594,0.043895854190726474,-0.36401732120747815
498,-0.7662798910317895,0.043895854623677344,-0.36401732120747815
499,-0.4283672293719896,-0.12051745457579362,-0.6483808890115419
500,-0.4283672293730764,-0.12051745457566902,-0.6483808890111782
501,-0.4283672293714462,-0.12051745500886907,-0.6483808890115419
502,-0.4283672293296041,-0.12051745457579362,-0.6483808890111782
503,-0.428367229372533,-0.12051745457579362,-0.6483808890115419
504,-0.4283672293730764,-0.1205174545759182,-0.6483808890111782
505,-0.428367229372533,-0.12051745500874449,-0.6483808890115419
506,-0.4283672293714462,-0.12051745457579362,-0.6483808890115419
507,-0.428367229372533,-0.12051745457579362,-0.6483808890111782
508,-0.428367229372533,-0.12051745457579362,-0.6483808890115419
509,-0.4283672293290607,-0.1205174545759182,-0.6483808890111782
510,-0.428367229372533,-0.12051745500874449,-0.6483808890115419
511,-0.428367229372533,-0.12051745457579362,-0.6483808890111782
512,-0.4283672293730764,-0.12051745457579362,-0.6483808890115419
513,0.06314477893367669,-0.2102380205178528,-0.968289902790568
514,0.06314477889074775,-0.2102380205178528,-0.9682899027909317
515,0.06314477893204647,-0.21023802051772825,-0.968289902790568
516,0.06314477889129116,-0.21023802095080368,-0.9682899027909317
517,0.06314477893150307,-0.2102380205179774,-0.968289902790568
518,0.06314477893422009,-0.21023802051772825,-0.9682899027909317
519,0.06314477888911754,-0.2102380205178528,-0.968289902790568
520,0.06314477893313328,-0.2102380205178528,-0.9682899027909317
521,0.06314477893258988,-0.21023802051772825,-0.968289902790568
522,0.06314477889020435,-0.21023802095067912,-0.9682899027909317
523,0.06314477893258988,-0.2102380205179774,-0.968289902790568
524,0.06314477889074775,-0.2102380205178528,-0.9682899027909317
525,0.06314477893150307,-0.2102380205178528,-0.968289902790568
526,0.37748351090053694,-0.19305273799518008,-0.7727899499257289
527,0.3774835108978199,-0.19305273799530465,-0.7727899499253652
528,0.37748351089836335,-0.19305273842813095,-0.7727899499257289
529,0.37748351089836335,-0.19305273799542924,-0.7727899499253652
530,0.37748351089945015,-0.19305273799518008,-0.7727899499257289
531,0.37748351089836335,-0.19305273799530465,-0.7727899499253652
532,0.37748351089890675,-0.19305273842813095,-0.7727899499257289
533,0.3774835108978199,-0.19305273799530465,-0.7727899499253652
534,0.37748351089890675,-0.19305273799518008,-0.7727899499257289
535,0.37748351094129223,-0.19305273799530465,-0.7727899499257289
536,0.37748351089836335,-0.19305273799530465,-0.7727899499253652
537,0.37748351089945015,-0.19305273842813095,-0.7727899499257289
538,0.37748351089890675,-0.19305273799542924,-0.7727899499253652
539,0.37748351089836335,-0.19305273799518008,-0.7727899499257289
540,0.37748351089836335,-0.19305273799518008,-0.7727899499253652
541,0.37748351089836335,-0.19305273842825552,-0.7727899499257289
542,0.37748351089945015,-0.19305273799518008,-0.7727899499253652
543,0.37748351089836335,-0.19305273799542924,-0.7727899499257289
544,0.34196034275912307,-0.25242007773676434,-0.722206046037555
545,0.34196034275912307,-0.25242007773676434,-0.7222060460371913
546,0.3419603428031388,-0.25242007773663977,-0.722206046037555
547,0.34196034275857967,-0.25242007773676434,-0.7222060460371913
548,0.34196034275966647,-0.25242007773676434,-0.722206046037555
549,0.34196034275912307,-0.25242007773676434,-0.7222060460371913
550,0.3419603428031388,-0.25242007773676434,-0.722206046037555
551,0.34196034275912307,-0.25242007773676434,-0.7222060460371913
552,0.34196034275966647,-0.25242007773676434,-0.722206046037555
553,0.3419603427580363,-0.25242007773676434,-0.7222060460371913
554,0.3419603428025954,-0.25242007773676434,-0.722206046037555
555,0.34196034275912307,-0.25242007773676434,-0.7222060460371913
556,0.34196034276020987,-0.25242007773676434,-0.722206046037555
557,0.2620332144777575,-0.16664989481156775,-0.6963672410783959
558,0.262033214435372,-0.16664989481144316,-0.6963672410780322
559,0.2620332144788443,-0.16664989524451862,-0.6963672410783959
560,0.2620332144342852,-0.16664989481156775,-0.6963672410783959
561,0.2620332144788443,-0.16664989481144316,-0.6963672410783959
562,0.2620332144777575,-0.16664989481156775,-0.6963672410783959
563,0.262033214435372,-0.16664989481144316,-0.6963672410780322
564,0.2620332144777575,-0.16664989524464321,-0.6963672410783959
565,0.26203321443645883,-0.16664989481144316,-0.6963672410783959
566,0.2620332144772141,-0.16664989481156775,-0.6963672410780322
567,0.2620332144777575,-0.16664989481144316,-0.6963672410783959
568,0.26203321443591543,-0.16664989481156775,-0.6963672410783959
569,0.2620332144783009,-0.16664989524451862,-0.6963672410783959
570,0.2620332144348286,-0.16664989481144316,-0.6963672410783959
571,0.2620332144783009,-0.16664989481156775,-0.6963672410780322
572,0.2620332144783009,-0.16664989481169235,-0.6963672410783959
573,0.2620332144348286,-0.16664989481144316,-0.6963672410783959
574,0.2620332144788443,-0.16664989524451862,-0.6963672410780322
575,0.262033214435372,-0.16664989481156775,-0.6963672410783959
576,0.2620332144777575,-0.16664989481144316,-0.6963672410783959
577,0.46340001055866775,-0.3047570746085301,-1.0482671562356882
578,0.4634000106005099,-0.30475707460840545,-1.0482671562353247
579,0.4634000106015967,-0.30475707417533,-1.0482671562356882
580,0.46340001055866775,-0.30475707460840545,-1.0482671562353247
581,0.46340001055812435,-0.3047570746085301,-1.0482671562356882
582,0.4634000106015967,-0.30475707460840545,-1.0482671562356882
583,0.4634000106010533,-0.3047570746082809,-1.0482671562353247
584,0.46340001055812435,-0.3047570746085301,-1.0482671562356882
585,0.46340001055866775,-0.30475707460840545,-1.0482671562353247
586,0.4634000106015967,-0.3047570741755792,-1.0482671562356882
587,0.4634000106005099,-0.3047570746082809,-1.0482671562353247
588,0.46340001055866775,-0.3047570746085301,-1.0482671562356882
589,0.5673785016585906,-0.28352401904953034,-0.8519593523254677
590,0.5673785016580473,-0.28352401861670407,-0.8519593523254677
591,0.5673785017015196,-0.28352401904953034,-0.8519593523254677
592,0.5673785016580473,-0.28352401861670407,-0.8519593523254677
593,0.5673785016596774,-0.28352401904953034,-0.8519593523254677
594,0.5673785016580473,-0.2835240186165795,-0.8519593523258313
595,0.5673785016585906,-0.28352401904965496,-0.8519593523254677
596,0.5673785016580473,-0.2835240186165795,-0.8519593523254677
597,0.5673785017004327,-0.28352401904965496,-0.8519593523254677
598,0.5673785016591341,-0.2835240186165795,-0.8519593523254677
599,0.5673785016585906,-0.28352401904953034,-0.8519593523254677
600,0.5036733698089756,-0.28154578403546293,-0.44272509443884317
601,0.5036733698078888,-0.28154578360251203,-0.4427250944392069
602,0.5036733698100624,-0.2815457840353383,-0.44272509443884317
603,0.5036733697644165,-0.28154578360251203,-0.44272509443884317
604,0.5036733698089756,-0.2815457840353383,-0.4427250944392069
605,0.5036733698095189,-0.28154578360251203,-0.44272509443884317
606,0.5036733698078888,-0.2815457840353383,-0.4427250944392069
607,0.5036733698095189,-0.28154578403546293,-0.44272509443884317
608,0.5036733698084321,-0.28154578360251203,-0.44272509443884317
609,0.5036733698089756,-0.28154578403546293,-0.4427250944392069
610,0.5036733697649598,-0.28154578360251203,-0.44272509443884317
611,0.5036733698089756,-0.2815457840353383,-0.44272509443884317
612,0.5036733698095189,-0.28154578360263666,-0.4427250944392069
613,0.5036733698089756,-0.2815457840353383,-0.44272509443884317
614,0.4882962689894134,-0.261367786804413,-1.404529467035422
615,0.4882962690350594,-0.261367786804413,-1.4045294670350583
616,0.4882962689894134,-0.261367786804413,-1.404529467035422
617,0.48829626899104367,-0.26136778680453765,-1.4045294670350583
618,0.48829626903342915,-0.261367786804413,-1.404529467035422
619,0.48829626899104367,-0.26136778680453765,-1.4045294670350583
620,0.48829626903342915,-0.26136778680428846,-1.404529467035422
621,0.48829626899050027,-0.261367786804413,-1.4045294670350583
622,0.48829626899104367,-0.261367786804413,-1.404529467035422
623,0.48829626903397255,-0.26136778680453765,-1.4045294670350583
624,0.48829626899050027,-0.261367786804413,-1.404529467035422
625,0.12395312569998308,-0.27719366691770014,-0.991140546631979
626,0.12395312569943967,-0.27719366691770014,-0.9911405466323427
627,0.12395312569889627,-0.27719366691770014,-0.991140546631979
628,0.12395312569943967,-0.27719366648474925,-0.991140546631979
629,0.12395312570106988,-0.27719366691770014,-0.991140546631979
630,0.12395312569835287,-0.27719366691770014,-0.9911405466323427
631,0.12395312569998308,-0.27719366691770014,-0.991140546631979
632,0.12395312565705414,-0.27719366691770014,-0.991140546631979
633,0.12395312569835287,-0.2771936669175755,-0.9911405466323427
634,0.12395312569998308,-0.27719366691770014,-0.991140546631979
635,0.12395312569943967,-0.27719366648474925,-0.991140546631979
636,0.12395312569943967,-0.27719366691770014,-0.991140546631979
637,0.12395312569889627,-0.27719366691770014,-0.9911405466323427
638,0.12395312570106988,-0.2771936669178247,-0.991140546631979
639,-0.552953127629326,-0.11735227872629163,-0.8519593523254677
640,-0.5529531276287827,-0.11735227872629163,-0.8519593523254677
641,-0.552953127672255,-0.11735227829334076,-0.8519593523254677
642,-0.5529531276276959,-0.11735227872641622,-0.8519593523254677
643,-0.5529531276287827,-0.11735227872629163,-0.8519593523254677
644,-0.5529531276287827,-0.11735227872629163,-0.8519593523258313
645,-0.5529531276287827,-0.11735227872641622,-0.8519593523254677
646,-0.5529531276282392,-0.11735227872629163,-0.8519593523254677
647,-0.5529531276717116,-0.11735227829346535,-0.8519593523254677
648,-0.5529531276287827,-0.11735227872629163,-0.8519593523254677
649,-0.5529531276276959,-0.11735227872641622,-0.8519593523254677
650,-0.5002316391842947,-0.21151626479405652,-0.5611329761623529
651,-0.5002316392266802,-0.21151626479405652,-0.5611329761627166
652,-0.5002316391826646,-0.21151626479405652,-0.5611329761623529
653,-0.5002316391832079,-0.21151626479405652,-0.5611329761623529
654,-0.5002316392266802,-0.21151626479405652,-0.5611329761627166
655,-0.5002316391837514,-0.21151626436110565,-0.5611329761623529
656,-0.5002316392261369,-0.21151626479405652,-0.5611329761627166
657,-0.5002316391832079,-0.21151626479405652,-0.5611329761623529
658,-0.5002316391842947,-0.21151626479405652,-0.5611329761623529
659,-0.5002316392261369,-0.21151626479405652,-0.5611329761627166
660,-0.5002316391832079,-0.21151626479405652,-0.5611329761623529
661,-0.1680862620314601,0.013701833646397812,-0.28368461330301564
662,-0.1680862620733022,0.013701834079348682,-0.28368461330301564
663,-0.1680862620309167,0.013701833646397812,-0.28368461330301564
664,-0.1680862620303733,0.013701833646273223,-0.28368461330301564
665,-0.1680862620309167,0.013701834079348682,-0.28368461330301564
666,-0.16808626207384564,0.013701833646522403,-0.28368461330265193
667,-0.1680862620303733,0.013701833646148631,-0.28368461330301564
668,-0.1680862620303733,0.013701833646522403,-0.28368461330301564
669,-0.16808626207493244,0.013701834079224092,-0.28368461330301564
670,-0.16808626202928648,0.013701833646522403,-0.28368461330301564
671,-0.1680862620320035,0.013701833646273223,-0.28368461330301564
672,-0.1680862620298299,0.013701834079348682,-0.28368461330301564
673,-0.16808626207384564,0.013701833646397812,-0.28368461330301564
674,-0.1680862620314601,0.013701833646273223,-0.28368461330301564
675,-0.1680862620298299,0.013701833646397812,-0.28368461330265193
676,-0.1680862620314601,0.013701834079348682,-0.28368461330301564
677,-0.1680862620727588,0.013701833646522403,-0.28368461330301564
678,-0.1680862620320035,0.013701833646148631,-0.28368461330301564
679,-0.1680862620303733,0.013701834079473273,-0.28368461330301564
680,-0.16808626207384564,0.013701833646397812,-0.28368461330301564
681,-0.1680862620309167,0.013701833646397812,-0.28368461330301564
682,-0.16808626202928648,0.013701834079224092,-0.28368461330301564
683,-0.1680862620314601,0.013701833646273223,-0.28368461330301564
684,-0.16808626207384564,0.013701833646522403,-0.28368461330301564
685,-0.1680862620303733,0.013701834079224092,-0.28368461330301564
686,-0.1680862620314601,0.013701833646522403,-0.28368461330265193
687,-0.1680862620733022,0.013701833646273223,-0.28368461330301564
688,-0.1680862620309167,0.013701833646522403,-0.28368461330301564
689,-0.1680862620303733,0.013701834079224092,-0.28368461330301564
690,-0.1680862620309167,0.013701833646397812,-0.28368461330301564
691,-0.16808626207384564,0.013701833646397812,-0.28368461330301564
692,-0.1680862620303733,0.013701834079224092,-0.28368461330301564
693,-0.1680862620320035,0.013701833646397812,-0.28368461330301564
694,-0.1680862620733022,0.013701833646273223,-0.28368461330301564
695,-0.1680862620309167,0.013701833646522403,-0.28368461330265193
696,-0.1680862620303733,0.013701834079224092,-0.28368461330301564
697,-0.1680862620298299,0.013701833646522403,-0.28368461330301564
698,-0.16808626207384564,0.013701833646273223,-0.28368461330301564
699,-0.1680862620314601,0.013701834079348682,-0.28368461330301564
700,-0.1680862620298299,0.013701833646397812,-0.28368461330301564
701,-0.1680862620314601,0.013701833646273223,-0.28368461330301564
702,-0.1680862620727588,0.013701834079348682,-0.28368461330301564
703,-0.1680862620320035,0.013701833646397812,-0.28368461330301564
704,-0.1680862620303733,0.013701833646397812,-0.28368461330301564
705,-0.16808626207384564,0.013701834079224092,-0.28368461330301564
706,-0.1680862620309167,0.013701833646522403,-0.28368461330265193
707,-0.1680862620303733,0.013701833646273223,-0.28368461330301564
708,-0.1680862620309167,0.013701833646522403,-0.28368461330301564
709,-0.16808626207384564,0.013701834079224092,-0.28368461330301564
710,-0.1680862620314601,0.013701833646397812,-0.28368461330301564
711,-0.3648097767326785,-0.13331779860691695,-0.3849264070755096
712,-0.36480977673485215,-0.13331779903974322,-0.3849264070755096
713,-0.3648097767788679,-0.1333177986066678,-0.3849264070755096
714,-0.3648097767332219,-0.13331779903986782,-0.3849264070755096
715,-0.36480977673539555,-0.13331779860679235,-0.3849264070755096
716,-0.36480977673376536,-0.13331779860679235,-0.3849264070755096
717,-0.36480977673485215,-0.13331779903961866,-0.3849264070755096
718,-0.36480977673485215,-0.13331779860679235,-0.3849264070755096
719,-0.3648097767777811,-0.13331779903974322,-0.3849264070751459
720,-0.36480977673376536,-0.13331779860679235,-0.3849264070755096
721,-0.36480977673485215,-0.13331779903974322,-0.3849264070755096
722,-0.36480977673539555,-0.13331779860679235,-0.3849264070755096
723,-0.36480977673430875,-0.13331779860679235,-0.3849264070755096
724,-0.36480977673485215,-0.13331779903974322,-0.3849264070755096
725,-0.3648097767772377,-0.13331779860679235,-0.3849264070755096
726,-0.36480977673485215,-0.13331779903974322,-0.3849264070755096
727,-0.36480977673430875,-0.13331779860679235,-0.3849264070755096
728,-0.3369800127121096,-0.08615863625066751,-0.5641943064378077
729,-0.3369800127104794,-0.08615863625054293,-0.5641943064378077
730,-0.3369800127550385,-0.08615863625066751,-0.5641943064381714
731,-0.336980012712653,-0.0861586362507921,-0.5641943064378077
732,-0.3369800127115662,-0.08615863581784124,-0.5641943064378077
733,-0.3369800127110228,-0.08615863625066751,-0.5641943064378077
734,-0.3369800127115662,-0.08615863625066751,-0.5641943064378077
735,-0.3369800127550385,-0.08615863625054293,-0.5641943064381714
736,-0.336980012712653,-0.0861586362507921,-0.5641943064378077
737,-0.3369800127104794,-0.08615863625066751,-0.5641943064378077
738,-0.3369800127121096,-0.08615863625066751,-0.5641943064378077
739,-0.3369800127555819,-0.0861586362507921,-0.5641943064381714
740,-0.3369800127104794,-0.08615863625054293,-0.5641943064378077
741,-0.3369800127121096,-0.08615863625066751,-0.5641943064378077
742,-0.3369800127115662,-0.08615863581784124,-0.5641943064378077
743,-0.3369800127121096,-0.08615863625054293,-0.5641943064378077
744,-0.33698001275449513,-0.0861586362507921,-0.5641943064381714
745,-0.3369800127115662,-0.08615863625066751,-0.5641943064378077
746,-0.3369800127121096,-0.0861586362507921,-0.5641943064378077
747,-0.10042701856091167,-0.34445365696590785,-0.8519593523254677
748,-0.10042701851743935,-0.344453656966157,-0.8519593523254677
749,-0.10042701856036827,-0.3444536569660324,-0.8519593523254677
750,-0.10042701856036827,-0.3444536569660324,-0.8519593523254677
751,-0.10042701856036827,-0.344453656966157,-0.8519593523254677
752,-0.10042701851689594,-0.3444536565330815,-0.8519593523258313
753,-0.10042701856145508,-0.3444536569660324,-0.8519593523254677
754,-0.10042701856036827,-0.3444536569660324,-0.8519593523254677
755,-0.10042701856091167,-0.344453656966157,-0.8519593523254677
756,-0.10042701851743935,-0.3444536569660324,-0.8519593523254677
757,-0.10042701856091167,-0.34445365696590785,-0.8519593523254677
758,0.370771284364253,-0.29967960478222755,-0.914971733827397
759,0.370771284364253,-0.29967960478197836,-0.9149717338277608
760,0.3707712843637096,-0.2996796043491521,-0.914971733827397
761,0.370771284364253,-0.29967960478197836,-0.914971733827397
762,0.370771284364253,-0.29967960478197836,-0.9149717338277608
763,0.3707712843647964,-0.2996796043491521,-0.914971733827397
764,0.37077128440609514,-0.299679604782103,-0.914971733827397
765,0.370771284364253,-0.299679604782103,-0.9149717338277608
766,0.3707712843637096,-0.29967960478197836,-0.914971733827397
767,0.370771284364253,-0.29967960478197836,-0.914971733827397
768,0.3707712843637096,-0.2996796043491521,-0.9149717338277608
769,0.37077128436533985,-0.299679604782103,-0.914971733827397
770,0.4795093542491183,-0.24382743625895253,-0.6483808890115419
771,0.479509354293134,-0.243827436692028,-0.6483808890111782
772,0.4795093542496617,-0.2438274366919034,-0.6483808890115419
773,0.479509354293134,-0.24382743625895253,-0.6483808890111782
774,0.4795093542491183,-0.24382743625907713,-0.6483808890115419
775,0.4795093542925906,-0.2438274366919034,-0.6483808890115419
776,0.4795093542502051,-0.2438274366917788,-0.6483808890111782
777,0.4795093542502051,-0.24382743625907713,-0.6483808890115419
778,0.479509354293134,-0.24382743625907713,-0.6483808890111782
779,0.4795093542496617,-0.2438274366917788,-0.6483808890115419
780,0.479509354293134,-0.243827436692028,-0.6483808890111782
781,0.4795093542491183,-0.24382743625907713,-0.6483808890115419
782,0.4875640261168948,-0.27429225565021675,-1.0216080717541027
783,0.4875640261174382,-0.2742922552171413,-1.021608071753739
784,0.48756402611798166,-0.2742922556503413,-1.021608071753739
785,0.4875640261168948,-0.27429225565009213,-1.0216080717541027
786,0.4875640261174382,-0.2742922552171413,-1.0216080717541027
787,0.4875640261168948,-0.27429225565021675,-1.021608071753739
788,0.4875640260750527,-0.27429225565021675,-1.021608071753739
789,0.4875640261163514,-0.27429225521726586,-1.0216080717541027
790,0.4875640261168948,-0.27429225565021675,-1.0216080717541027
791,0.4875640261168948,-0.27429225565009213,-1.021608071753739
792,0.4875640261174382,-0.27429225521726586,-1.021608071753739
793,0.4875640261168948,-0.27429225565009213,-1.0216080717541027
794,0.5858310225979407,-0.27023027944293865,-0.32847187523215204
795,0.5858310226397829,-0.27023027987551573,-0.32847187523215204
796,0.5858310225973974,-0.27023027944268946,-0.32847187523178834
797,0.5858310226392395,-0.2702302798757649,-0.32847187523215204
798,0.5858310225973974,-0.27023027944268946,-0.32847187523215204
799,0.5858310225968539,-0.27023027944268946,-0.32847187523215204
800,0.5858310226408697,-0.2702302798757649,-0.32847187523215204
801,0.5858310225957671,-0.27023027944268946,-0.32847187523178834
802,0.5858310226414131,-0.2702302798757649,-0.32847187523215204
803,0.5858310225957671,-0.27023027944268946,-0.32847187523215204
804,0.27741031525439075,-0.16443427154369863,-0.4302611068891149
805,0.27741031525276055,-0.1644342719766495,-0.4302611068891149
806,0.2774103152522171,-0.16443427154369863,-0.4302611068891149
807,0.27741031525439075,-0.1644342719767741,-0.4302611068891149
808,0.27741031525276055,-0.16443427154369863,-0.4302611068891149
809,0.27741031529623283,-0.16443427154369863,-0.4302611068891149
810,0.2774103152522171,-0.1644342719766495,-0.4302611068891149
811,0.27741031525384735,-0.16443427154382323,-0.4302611068891149
812,0.27741031525330395,-0.1644342719765249,-0.4302611068891149
813,0.27741031525384735,-0.16443427154369863,-0.4302611068891149
814,0.27741031525330395,-0.16443427154382323,-0.4302611068891149
815,0.2774103152522171,-0.1644342719766495,-0.4302611068894786
816,0.27741031525384735,-0.16443427154369863,-0.4302611068891149
817,0.27741031525330395,-0.1644342719766495,-0.4302611068891149
818,0.27741031525276055,-0.16443427154382323,-0.4302611068891149
819,0.27741031525276055,-0.1644342719765249,-0.4302611068891149
820,0.2774103152967763,-0.16443427154382323,-0.4302611068891149
821,0.27741031525276055,-0.16443427154382323,-0.4302611068891149
822,0.27741031525439075,-0.1644342719766495,-0.4302611068891149
823,0.27741031525276055,-0.16443427154357404,-0.4302611068891149
824,0.2774103152522171,-0.1644342719767741,-0.4302611068891149
825,0.27741031525439075,-0.16443427154369863,-0.4302611068891149
826,0.2539785426105244,-0.4215388806151071,-1.1549034941620304
827,0.2539785426110678,-0.42153888104793336,-1.1549034941620304
828,0.2539785426105244,-0.42153888104780873,-1.1549034941620304
829,0.2539785426534533,-0.42153888061523165,-1.1549034941620304
830,0.2539785426110678,-0.4215388806148579,-1.1549034941620304
831,0.2539785426116112,-0.42153888104793336,-1.1549034941620304
832,0.2539785426105244,-0.4215388810480579,-1.1549034941616667
833,0.2539785426116112,-0.4215388806148579,-1.1549034941620304
834,0.2539785426539967,-0.4215388806151071,-1.1549034941620304
835,0.2539785426105244,-0.42153888104793336,-1.1549034941620304
836,0.2539785426110678,-0.42153888104780873,-1.1549034941620304
837,0.2539785426105244,-0.42153888061523165,-1.1549034941620304
838,0.4795093542502051,-0.2758545538251345,-1.0667234454919188
839,0.479509354293134,-0.2758545538251345,-1.0667234454922825
840,0.4795093542496617,-0.27585455425821,-1.0667234454919188
841,0.4795093542920472,-0.2758545538251345,-1.0667234454919188
842,0.47950935425129193,-0.2758545538250099,-1.0667234454922825
843,0.4795093542925906,-0.2758545538252591,-1.0667234454919188
844,0.4795093542502051,-0.27585455425808536,-1.0667234454919188
845,0.4795093542920472,-0.2758545538251345,-1.0667234454919188
846,0.4795093542502051,-0.2758545538252591,-1.0667234454922825
847,0.479509354293134,-0.2758545538251345,-1.0667234454919188
848,0.4795093542496617,-0.27585455425808536,-1.0667234454919188
849,0.479509354293134,-0.2758545538252591,-1.0667234454922825
850,0.4795093542502051,-0.2758545538251345,-1.0667234454919188
851,-0.33834963304613036,-0.046196687465812604,-0.47612218928417815
852,-0.33834963304667376,-0.04619668703311092,-0.47612218928381445
853,-0.3383496330021146,-0.0461966874659372,-0.47612218928417815
854,-0.33834963304613036,-0.0461966874659372,-0.47612218928417815
855,-0.33834963304558696,-0.04619668703298633,-0.47612218928381445
856,-0.33834963304558696,-0.04619668746606179,-0.47612218928417815
857,-0.3383496330032014,-0.046196687465812604,-0.47612218928417815
858,-0.33834963304558696,-0.04619668746606179,-0.47612218928417815
859,-0.33834963304613036,-0.04619668703298633,-0.47612218928381445
860,-0.33834963304558696,-0.0461966874659372,-0.47612218928417815
861,-0.3383496330021146,-0.0461966874659372,-0.47612218928417815
862,-0.33834963304613036,-0.04619668703311092,-0.47612218928381445
863,-0.33834963304667376,-0.046196687465812604,-0.47612218928417815
864,-0.5998166729121682,-0.03057370311843139,-0.4084491286769086
865,-0.599816672913255,-0.03057370311843139,-0.4084491286769086
866,-0.599816672913255,-0.03057370355138226,-0.4084491286769086
867,-0.599816672913255,-0.0305737031183068,-0.4084491286769086
868,-0.5998166729127116,-0.03057370311843139,-0.4084491286769086
869,-0.5998166729561839,-0.03057370355125767,-0.4084491286769086
870,-0.5998166729137984,-0.03057370311843139,-0.4084491286769086
871,-0.5998166729127116,-0.0305737031183068,-0.4084491286769086
872,-0.599816672913255,-0.03057370311843139,-0.4084491286769086
873,-0.5998166729127116,-0.0305737031183068,-0.4084491286769086
874,-0.599816672913255,-0.03057370355138226,-0.4084491286769086
875,-0.599816672913255,-0.0305737031183068,-0.4084491286769086
876,-0.003770956411144202,-0.05677999903827334,-0.5039058505303277
877,-0.003770956411144202,-0.056779999471348805,-0.5039058505306914
878,-0.003770956411144202,-0.05677999903827334,-0.5039058505303277
879,-0.003770956411144202,-0.056779999038397935,-0.5039058505303277
880,-0.003770956411144202,-0.05677999903827334,-0.5039058505303277
881,-0.003770956411144202,-0.056779999471348805,-0.5039058505306914
882,-0.003770956411144202,-0.05677999903827334,-0.5039058505303277
883,-0.003770956411144202,-0.056779999038397935,-0.5039058505303277
884,-0.003770956411144202,-0.05677999947122421,-0.5039058505303277
885,-0.003770956411144202,-0.05677999903827334,-0.5039058505306914
886,-0.003770956411144202,-0.056779999038397935,-0.5039058505303277
887,-0.003770956411144202,-0.05677999903827334,-0.5039058505303277
888,-0.003770956411144202,-0.056779999471348805,-0.5039058505303277
889,-0.003770956411144202,-0.05677999903827334,-0.5039058505306914
890,-0.003770956411144202,-0.056779999038397935,-0.5039058505303277
891,-0.003770956411144202,-0.05677999947122421,-0.5039058505303277
892,-0.003770956411144202,-0.056779999038397935,-0.5039058505303277
893,-0.003770956411144202,-0.05677999903827334,-0.5039058505306914
894,-0.003770956411144202,-0.05677999947122421,-0.5039058505303277
895,-0.003770956411144202,-0.056779999038397935,-0.5039058505303277
896,-0.003770956411144202,-0.05677999903827334,-0.5039058505303277
897,-0.003770956411144202,-0.056779999038397935,-0.5039058505306914
898,-0.003770956411144202,-0.05677999947122421,-0.5039058505303277
899,-0.003770956411144202,-0.05677999903827334,-0.5039058505303277
900,-0.003770956411144202,-0.05677999903827334,-0.5039058505303277
901,-0.003770956411144202,-0.05677999947147339,-0.5039058505306914
902,-0.003770956411144202,-0.05677999903827334,-0.5039058505303277
903,-0.003770956411144202,-0.05677999903827334,-0.5039058505303277
904,-0.003770956411144202,-0.05677999903827334,-0.5039058505303277
905,-0.003770956411144202,-0.056779999471348805,-0.5039058505306914
906,-0.003770956411144202,-0.056779999038397935,-0.5039058505303277
907,0.2905906873645618,-0.4275395271276518,-1.1137030908723073
908,0.2905906873645618,-0.4275395266947009,-1.1137030908719436
909,0.29059068736347493,-0.4275395271276518,-1.1137030908723073
910,0.2905906873651052,-0.4275395271276518,-1.1137030908723073
911,0.29059068736401833,-0.4275395271276518,-1.1137030908723073
912,0.29059068740803407,-0.4275395266948255,-1.1137030908719436
913,0.2905906873651052,-0.4275395271275272,-1.1137030908723073
914,0.29059068736347493,-0.4275395271277764,-1.1137030908723073
915,0.2905906873645618,-0.4275395271276518,-1.1137030908723073
916,0.2905906873651052,-0.4275395266947009,-1.1137030908719436
917,0.2905906873645618,-0.4275395271277764,-1.1137030908723073
918,0.27741031525276055,-0.5106253972891466,-0.9973725404068432
919,0.27741031525330395,-0.5106253968564449,-0.9973725404072069
920,0.27741031525384735,-0.5106253972893957,-0.9973725404068432
921,0.2774103152522171,-0.5106253968561957,-0.9973725404072069
922,0.27741031525384735,-0.5106253972893957,-0.9973725404068432
923,0.27741031529623283,-0.5106253968563202,-0.9973725404072069
924,0.27741031525330395,-0.5106253972892711,-0.9973725404068432
925,0.27741031525384735,-0.5106253968563202,-0.9973725404072069
926,0.2774103152522171,-0.5106253972893957,-0.9973725404068432
927,0.27741031525330395,-0.5106253968561957,-0.9973725404072069
928,0.27741031525276055,-0.5106253972893957,-0.9973725404068432
929,0.20052481129243108,-0.14781709768460494,-0.5756742949704905
930,0.20052481129243108,-0.14781709768460494,-0.5756742949708541
931,0.20052481124895874,-0.14781709768460494,-0.5756742949704905
932,0.20052481129351787,-0.14781709768448037,-0.5756742949708541
933,0.20052481129080085,-0.14781709768460494,-0.5756742949704905
934,0.20052481129297448,-0.14781709768460494,-0.5756742949708541
935,0.20052481129188765,-0.14781709768460494,-0.5756742949704905
936,0.20052481129243108,-0.14781709768460494,-0.5756742949708541
937,0.20052481124950214,-0.14781709768448037,-0.5756742949704905
938,0.20052481129134425,-0.14781709768460494,-0.5756742949708541
939,0.20052481129243108,-0.14781709768460494,-0.5756742949704905
940,0.20052481129297448,-0.1478170981175558,-0.5756742949704905
941,0.20052481129243108,-0.14781709768460494,-0.5756742949708541
942,0.20052481124841534,-0.14781709768448037,-0.5756742949704905
943,0.20052481129243108,-0.14781709768460494,-0.5756742949708541
944,0.20052481129243108,-0.14781709768460494,-0.5756742949704905
945,0.20052481129188765,-0.14781709768460494,-0.5756742949708541
946,0.20052481129297448,-0.14781709768460494,-0.5756742949704905
947,0.20052481129188765,-0.14781709768448037,-0.5756742949708541
948,0.20052481124841534,-0.14781709768460494,-0.5756742949704905
949,0.20052481129297448,-0.14781709768460494,-0.5756742949708541
950,0.20052481129243108,-0.14781709768460494,-0.5756742949704905
951,-0.12056369816487282,-0.2793697254765192,-1.2881989165699579
952,-0.12056369816378602,-0.27936972504369295,-1.2881989165699579
953,-0.12056369816378602,-0.2793697254765192,-1.2881989165703216
954,-0.1205636981219439,-0.2793697254765192,-1.2881989165699579
955,-0.12056369816378602,-0.27936972504369295,-1.2881989165699579
956,-0.12056369816432942,-0.2793697254765192,-1.2881989165699579
957,-0.12056369816432942,-0.2793697254765192,-1.2881989165699579
958,-0.12056369816487282,-0.27936972504356833,-1.2881989165699579
959,-0.12056369812085709,-0.2793697254765192,-1.2881989165699579
960,-0.12056369816378602,-0.2793697254765192,-1.2881989165703216
961,-0.12056369816487282,-0.27936972504369295,-1.2881989165699579
962,-0.12056369816378602,-0.2793697254765192,-1.2881989165699579
963,-0.15754196437636225,-0.32229742472103967,-0.7065461642440921
964,-0.15754196433343334,-0.3222974251537414,-0.7065461642437284
965,-0.15754196437581885,-0.32229742472103967,-0.7065461642440921
966,-0.15754196433343334,-0.3222974247207905,-0.7065461642440921
967,-0.15754196437527546,-0.32229742515399057,-0.7065461642440921
968,-0.15754196433343334,-0.3222974247209151,-0.7065461642437284
969,-0.15754196437690568,-0.32229742515386595,-0.7065461642440921
970,-0.15754196433288992,-0.3222974247209151,-0.7065461642440921
971,-0.15754196437581885,-0.3222974247209151,-0.7065461642440921
972,-0.15754196433343334,-0.32229742515386595,-0.7065461642437284
973,-0.15754196437636225,-0.3222974247209151,-0.7065461642440921
974,0.6352330099211186,-0.2404424565190263,-0.15074464535479404
975,0.6352330099211186,-0.2404424565190263,-0.15074464535443036
976,0.6352330099635042,-0.2404424565191509,-0.15074464535479404
977,0.6352330099200318,-0.2404424565190263,-0.15074464535479404
978,0.6352330099222054,-0.24044245695197716,-0.15074464535443036
979,0.6352330099211186,-0.2404424565191509,-0.15074464535479404
980,0.6352330099624174,-0.2404424565190263,-0.15074464535479404
981,0.6352330099211186,-0.2404424565190263,-0.15074464535443036
982,0.6352330099200318,-0.2404424565190263,-0.15074464535479404
983,0.2466561136609124,-0.2779849606636313,-0.9973725404072069
984,0.2466561136592822,-0.2779849610965822,-0.9973725404068432
985,0.24665611370384133,-0.27798496066350675,-0.9973725404072069
986,0.246656113660369,-0.2779849610964576,-0.9973725404068432
987,0.2466561136598256,-0.2779849606636313,-0.9973725404072069
988,0.246656113660369,-0.2779849610967068,-0.9973725404068432
989,0.2466561136609124,-0.27798496066338213,-0.9973725404072069
990,0.2466561136598256,-0.2779849610965822,-0.9973725404068432
991,0.24665611370329793,-0.2779849606636313,-0.9973725404072069
992,0.2466561136592822,-0.2779849610964576,-0.9973725404068432
993,0.2466561136609124,-0.2779849606636313,-0.9973725404072069
994,-0.6696238288809353,-0.09827330094773677,-0.50619910510951
995,-0.669623828924951,-0.09827330094761219,-0.50619910510951
996,-0.6696238288809353,-0.09827330138056306,-0.50619910510951
997,-0.6696238289238642,-0.09827330094786137,-0.50619910510951
998,-0.6696238288820221,-0.0982733009474876,-0.5061991051091463
999,-0.6696238289238642,-0.09827330094773677,-0.50619910510951
1000,-0.6696238288809353,-0.09827330138056306,-0.50619910510951
1001,-0.669623828924951,-0.09827330094761219,-0.50619910510951
1002,-0.6696238288809353,-0.09827330094773677,-0.50619910510951
1003,-0.6175369509784563,-0.038697655100285895,-0.9362990014126654
1004,-0.6175369509784563,-0.03869765466745961,-0.9362990014130291
1005,-0.617536950977913,-0.03869765510041049,-0.9362990014126654
1006,-0.6175369509773695,-0.038697655100285895,-0.9362990014126654
1007,-0.6175369509784563,-0.038697654667335026,-0.9362990014126654
1008,-0.617536950934984,-0.038697655100285895,-0.9362990014130291
1009,-0.6175369509784563,-0.03869765510041049,-0.9362990014126654
1010,-0.6175369509784563,-0.038697655100285895,-0.9362990014126654
1011,-0.6175369509784563,-0.03869765466745961,-0.9362990014130291
1012,-0.617536950977913,-0.03869765510041049,-0.9362990014126654
1013,-0.6610321789326198,-0.002139872263819415,-1.3841716207036658
1014,-0.6610321789326198,-0.0021398718308685448,-1.3841716207040295
1015,-0.661032178931533,-0.0021398722639440052,-1.3841716207036658
1016,-0.6610321789337066,-0.002139872263694825,-1.3841716207040295
1017,-0.6610321789750053,-0.002139871830993135,-1.3841716207036658
1018,-0.6610321789326198,-0.0021398722639440052,-1.3841716207036658
1019,-0.6610321789320763,-0.002139872263819415,-1.3841716207040295
1020,-0.6610321789326198,-0.0021398722639440052,-1.3841716207036658
1021,-0.6610321789331632,-0.0021398718308685448,-1.3841716207040295
1022,-0.6610321789309895,-0.002139872263819415,-1.3841716207036658
1023,0.36352207970450123,-0.3981825195869222,-1.0962535083025422
1024,0.36352207970450123,-0.39818251958679757,-1.0962535083025422
1025,0.36352207970504463,-0.3981825195869222,-1.0962535083021785
1026,0.36352207970450123,-0.39818251958679757,-1.0962535083025422
1027,0.36352207970558803,-0.3981825195869222,-1.0962535083025422
1028,0.36352207970450123,-0.39818251958679757,-1.0962535083025422
1029,0.36352207970613143,-0.3981825195869222,-1.0962535083025422
1030,0.36352207970450123,-0.39818251958679757,-1.0962535083021785
1031,0.36352207970450123,-0.3981825195869222,-1.0962535083025422
1032,0.36352207970504463,-0.3981825195869222,-1.0962535083025422
1033,0.2829753612473579,-0.3027260865047041,-0.9256353676200313
1034,0.28297536129028683,-0.3027260865047041,-0.925635367620395
1035,0.2829753612473579,-0.3027260869375304,-0.9256353676200313
1036,0.2829753612468145,-0.3027260865047041,-0.9256353676200313
1037,0.2829753612473579,-0.3027260865048287,-0.9256353676200313
1038,0.28297536129028683,-0.3027260865047041,-0.925635367620395
1039,0.2829753612473579,-0.30272608650457955,-0.9256353676200313
1040,0.2829753612468145,-0.30272608693765496,-0.9256353676200313
1041,0.2829753612479013,-0.3027260865047041,-0.9256353676200313
1042,0.28297536128920003,-0.3027260865047041,-0.925635367620395
1043,0.2829753612479013,-0.3027260865047041,-0.9256353676200313
1044,0.2829753612468145,-0.3027260865047041,-0.9256353676200313
1045,0.2829753612462711,-0.30272608693765496,-0.9256353676200313
1046,0.28297536129083023,-0.30272608650457955,-0.925635367620395
1047,0.2829753612468145,-0.3027260865047041,-0.9256353676200313
1048,-0.03788486067631463,-0.29101803850592944,-0.6483808890115419
1049,-0.03788486071924356,-0.2910180385056803,-0.6483808890111782
1050,-0.03788486067631463,-0.2910180385058049,-0.6483808890115419
1051,-0.03788486071978696,-0.2910180385056803,-0.6483808890111782
1052,-0.037884860676858034,-0.29101803850592944,-0.6483808890115419
1053,-0.03788486067577122,-0.2910180385058049,-0.6483808890115419
1054,-0.037884860718700154,-0.2910180385056803,-0.6483808890111782
1055,-0.03788486067740143,-0.2910180385056803,-0.6483808890115419
1056,-0.037884860718700154,-0.29101803850592944,-0.6483808890111782
1057,-0.037884860676858034,-0.2910180385056803,-0.6483808890115419
1058,-0.037884860718700154,-0.2910180385058049,-0.6483808890111782
1059,-0.037884860676858034,-0.2910180385058049,-0.6483808890115419
1060,-0.03788486067631463,-0.2910180385058049,-0.6483808890115419
1061,-0.03788486071924356,-0.2910180385056803,-0.6483808890111782
1062,-0.03788486067740143,-0.2910180385058049,-0.6483808890115419
1063,-0.037884860718700154,-0.2910180385058049,-0.6483808890111782
1064,-0.037884860676858034,-0.29101803850592944,-0.6483808890115419
1065,-0.5205091347652816,-0.13993459225236862,-1.3128073022452957
1066,-0.5205091347228961,-0.13993459181966694,-1.3128073022452957
1067,-0.5205091347652816,-0.13993459225249322,-1.3128073022456592
1068,-0.5205091347663684,-0.13993459181966694,-1.3128073022452957
1069,-0.5205091347223527,-0.1399345922526178,-1.3128073022452957
1070,-0.5205091347663684,-0.13993459181966694,-1.3128073022452957
1071,-0.5205091347652816,-0.13993459225249322,-1.3128073022456592
1072,-0.5205091347652816,-0.13993459181966694,-1.3128073022452957
1073,-0.5205091347228961,-0.1399345922526178,-1.3128073022452957
1074,-0.5205091347663684,-0.13993459181966694,-1.3128073022452957
1075,-0.5205091347652816,-0.13993459225249322,-1.3128073022456592
1076,-0.5205091347223527,-0.13993459181966694,-1.3128073022452957
1077,-0.5205091347663684,-0.1399345922526178,-1.3128073022452957
1078,-0.6561993758110845,0.04051087445092483,-0.7763444945231524
1079,-0.6561993758561869,0.04051087445092483,-0.7763444945231524
1080,-0.6561993758121712,0.04051087445067565,-0.7763444945231524
1081,-0.6561993758545568,0.04051087445092483,-0.7763444945231524
1082,-0.6561993758121712,0.04051087488375111,-0.7763444945231524
1083,-0.6561993758127146,0.04051087445092483,-0.7763444945227886
1084,-0.6561993758545568,0.04051087445092483,-0.7763444945231524
1085,-0.6561993758121712,0.04051087445067565,-0.7763444945231524
1086,-0.6561993758556436,0.04051087445092483,-0.7763444945231524
1087,-0.6561993758116278,0.04051087445092483,-0.7763444945231524
1088,-0.3984498767905026,-0.2184400871271909,-0.914971733827397
1089,-0.39844987678941574,-0.21844008756001718,-0.9149717338277608
1090,-0.3984498767899592,-0.2184400871271909,-0.914971733827397
1091,-0.39844987683343147,-0.2184400871270663,-0.914971733827397
1092,-0.3984498767899592,-0.21844008756001718,-0.914971733827397
1093,-0.3984498767905026,-0.2184400871271909,-0.914971733827397
1094,-0.39844987678941574,-0.2184400871271909,-0.9149717338277608
1095,-0.3984498767905026,-0.21844008756001718,-0.914971733827397
1096,-0.3984498768328881,-0.2184400871270663,-0.914971733827397
1097,-0.39844987678941574,-0.2184400871273155,-0.9149717338277608
1098,-0.398449876791046,-0.21844008756001718,-0.914971733827397
1099,-0.3984498767899592,-0.2184400871270663,-0.914971733827397
1100,0.20424969903728674,-0.06412915627932973,-0.2728355250096653
1101,0.20424969908075907,-0.06412915584637886,-0.2728355250096653
1102,0.20424969903837353,-0.06412915627920514,-0.2728355250093016
1103,0.20424969908021567,-0.06412915584637886,-0.2728355250096653
1104,0.20424969903783013,-0.06412915627920514,-0.2728355250096653
1105,0.20424969903783013,-0.06412915584637886,-0.2728355250096653
1106,0.20424969908021567,-0.06412915627920514,-0.2728355250093016
1107,0.20424969903728674,-0.06412915584625427,-0.2728355250096653
1108,0.20424969907967228,-0.06412915627932973,-0.2728355250096653
1109,0.20424969903837353,-0.06412915584625427,-0.2728355250096653
1110,0.20424969903783013,-0.06412915627932973,-0.2728355250096653
1111,0.20424969908075907,-0.06412915584625427,-0.2728355250093016
1112,0.20424969903783013,-0.06412915627932973,-0.2728355250096653
1113,0.20424969903674334,-0.06412915584637886,-0.2728355250096653
1114,0.20424969908075907,-0.06412915627920514,-0.2728355250096653
1115,0.20424969903783013,-0.06412915584637886,-0.2728355250096653
1116,0.20424969908021567,-0.06412915627920514,-0.2728355250093016
1117,0.20424969903783013,-0.06412915584637886,-0.2728355250096653
1118,0.20424969903837353,-0.06412915627920514,-0.2728355250096653
1119,0.20424969907967228,-0.06412915584637886,-0.2728355250096653
1120,0.20424969903728674,-0.06412915627945433,-0.2728355250093016
1121,0.20424969908075907,-0.06412915584625427,-0.2728355250096653
1122,0.20424969903837353,-0.06412915627932973,-0.2728355250096653
1123,-0.027441828777535357,-0.011092798584311298,-0.07874698182268025
1124,-0.02744182877644855,-0.011092798584435888,-0.07874698182268025
1125,-0.027441828777535357,-0.011092798584435888,-0.07874698182268025
1126,-0.02744182873460643,-0.011092798584435888,-0.07874698182268025
1127,-0.02744182877644855,-0.011092798151485018,-0.07874698182268025
1128,-0.02744182877536174,-0.011092798584435888,-0.07874698182304395
1129,-0.027441828777535357,-0.011092798584435888,-0.07874698182268025
1130,-0.02744182877644855,-0.011092798584435888,-0.07874698182268025
1131,-0.027441828777535357,-0.011092798584435888,-0.07874698182268025
1132,-0.02744182877644855,-0.011092798584435888,-0.07874698182268025
1133,-0.02744182873460643,-0.011092798584435888,-0.07874698182268025
1134,-0.027441828776991955,-0.011092798584560477,-0.07874698182268025
1135,-0.027441828776991955,-0.011092798151485018,-0.07874698182268025
1136,-0.027441828776991955,-0.011092798584435888,-0.07874698182268025
1137,-0.027441828775905147,-0.011092798584311298,-0.07874698182268025
1138,-0.027441828777535357,-0.011092798584560477,-0.07874698182304395
1139,-0.027441828776991955,-0.011092798584311298,-0.07874698182268025
1140,-0.02744182877644855,-0.011092798584435888,-0.07874698182268025
1141,-0.02744182873460643,-0.011092798584560477,-0.07874698182268025
1142,-0.02744182877644855,-0.011092798584311298,-0.07874698182268025
1143,-0.027441828777535357,-0.011092798151485018,-0.07874698182268025
1144,-0.02744182877644855,-0.011092798584560477,-0.07874698182268025
1145,-0.027441828777535357,-0.011092798584435888,-0.07874698182268025
1146,-0.02744182877644855,-0.011092798584435888,-0.07874698182268025
1147,-0.02744182877644855,-0.011092798584435888,-0.07874698182268025
1148,-0.02744182873351962,-0.011092798584435888,-0.07874698182304395
1149,-0.027441828777535357,-0.011092798584435888,-0.07874698182268025
1150,-0.02744182877644855,-0.011092798584435888,-0.07874698182268025
1151,-0.027441828777535357,-0.011092798151485018,-0.07874698182268025
1152,-0.02744182877644855,-0.011092798584435888,-0.07874698182268025
1153,-0.02744182877644855,-0.011092798584311298,-0.07874698182268025
1154,-0.027441828777535357,-0.011092798584435888,-0.07874698182268025
1155,-0.027441828734063024,-0.011092798584560477,-0.07874698182268025
1156,-0.027441828776991955,-0.011092798584560477,-0.07874698182268025
1157,-0.027441828776991955,-0.011092798584311298,-0.07874698182268025
1158,-0.02744182877644855,-0.011092798584435888,-0.07874698182268025
1159,-0.027441828777535357,-0.011092798151485018,-0.07874698182304395
1160,-0.02744182877644855,-0.011092798584435888,-0.07874698182268025
1161,-0.027441828777535357,-0.011092798584435888,-0.07874698182268025
1162,-0.02744182873351962,-0.011092798584435888,-0.07874698182268025
1163,-0.02744182877644855,-0.011092798584435888,-0.07874698182268025
1164,-0.027441828777535357,-0.011092798584435888,-0.07874698182268025
1165,-0.02744182877644855,-0.011092798584435888,-0.07874698182268025
1166,-0.02744182877644855,-0.011092798584560477,-0.07874698182268025
1167,-0.02744182877644855,-0.011092798151485018,-0.07874698182268025
1168,-0.027441828776991955,-0.011092798584435888,-0.07874698182268025
1169,-0.027441828776991955,-0.011092798584311298,-0.07874698182304395
1170,-0.02744182873460643,-0.011092798584560477,-0.07874698182268025
1171,-0.02744182877644855,-0.011092798584435888,-0.07874698182268025
1172,-0.027441828777535357,-0.011092798584311298,-0.07874698182268025
1173,-0.02744182877644855,-0.011092798584560477,-0.07874698182268025
1174,-0.027441828777535357,-0.011092798584311298,-0.07874698182268025
1175,-0.02744182877644855,-0.011092798584435888,-0.07874698182268025
1176,-0.027441828776991955,-0.011092798151485018,-0.07874698182268025
1177,-0.027441828734063024,-0.011092798584560477,-0.07874698182268025
1178,-0.02744182877644855,-0.011092798584435888,-0.07874698182268025
1179,-0.027441828776991955,-0.011092798584435888,-0.07874698182304395
1180,-0.027441828776991955,-0.011092798584435888,-0.07874698182268025
1181,-0.027441828776991955,-0.011092798584435888,-0.07874698182268025
1182,-0.02744182877644855,-0.011092798584435888,-0.07874698182268025
1183,-0.027441828777535357,-0.011092798584435888,-0.07874698182268025
1184,-0.027441828732976216,-0.011092798151485018,-0.07874698182268025
1185,-0.027441828776991955,-0.011092798584435888,-0.07874698182268025
1186,-0.027441828776991955,-0.011092798584435888,-0.07874698182268025
1187,-0.027441828776991955,-0.011092798584435888,-0.07874698182268025
1188,-0.02744182877644855,-0.011092798584311298,-0.07874698182268025
1189,-0.027441828777535357,-0.011092798584685069,-0.07874698182268025
1190,-0.02744182877644855,-0.011092798584311298,-0.07874698182304395
1191,-0.02744182873460643,-0.011092798584560477,-0.07874698182268025
1192,-0.02744182877644855,-0.011092798151485018,-0.07874698182268025
1193,-0.027441828777535357,-0.011092798584435888,-0.07874698182268025
1194,-0.02744182877644855,-0.011092798584311298,-0.07874698182268025
1195,-0.027441828777535357,-0.011092798584435888,-0.07874698182268025
1196,-0.02744182877644855,-0.011092798584435888,-0.07874698182268025
1197,-0.027441828776991955,-0.011092798584435888,-0.07874698182268025
1198,-0.027441828776991955,-0.011092798584435888,-0.07874698182268025
1199,-0.027441828734063024,-0.011092798584435888,-0.07874698182268025
1200,-0.027441828777535357,-0.011092798151609608,-0.07874698182304395
1201,-0.027441828775905147,-0.011092798584435888,-0.07874698182268025
1202,-0.02744182877644855,-0.011092798584435888,-0.07874698182268025
1203,-0.027441828776991955,-0.011092798584435888,-0.07874698182268025
1204,-0.027441828776991955,-0.011092798584311298,-0.07874698182268025
1205,-0.027441828776991955,-0.011092798584560477,-0.07874698182268025
1206,-0.02744182873351962,-0.011092798584435888,-0.07874698182268025
1207,-0.027441828776991955,-0.011092798584311298,-0.07874698182268025
1208,-0.027441828776991955,-0.011092798151485018,-0.07874698182268025
1209,-0.02744182877644855,-0.011092798584560477,-0.07874698182268025
1210,-0.027441828777535357,-0.011092798584311298,-0.07874698182304395
1211,-0.02744182877644855,-0.011092798584685069,-0.07874698182268025
1212,-0.027441828777535357,-0.011092798584311298,-0.07874698182268025
1213,-0.02744182873460643,-0.011092798584435888,-0.07874698182268025
1214,-0.02744182877644855,-0.011092798584435888,-0.07874698182268025
1215,-0.027441828776991955,-0.011092798584435888,-0.07874698182268025
1216,-0.027441828775905147,-0.011092798151485018,-0.07874698182268025
1217,-0.027441828777535357,-0.011092798584435888,-0.07874698182268025
1218,-0.027441828776991955,-0.011092798584435888,-0.07874698182268025
1219,-0.027441828776991955,-0.011092798584435888,-0.07874698182268025
1220,-0.02744182873351962,-0.011092798584435888,-0.07874698182268025
1221,-0.027441828776991955,-0.011092798584435888,-0.07874698182304395
1222,-0.027441828775905147,-0.011092798584560477,-0.07874698182268025
1223,-0.027441828777535357,-0.011092798584435888,-0.07874698182268025
1224,-0.02744182877644855,-0.011092798584435888,-0.07874698182268025
1225,-0.027441828777535357,-0.011092798151485018,-0.07874698182268025
1226,-0.02744182877644855,-0.011092798584311298,-0.07874698182268025
1227,-0.027441828776991955,-0.011092798584560477,-0.07874698182268025
1228,-0.02744182873460643,-0.011092798584311298,-0.07874698182268025
1229,-0.02744182877644855,-0.011092798584435888,-0.07874698182268025
1230,-0.027441828777535357,-0.011092798584435888,-0.07874698182268025
1231,-0.02744182877644855,-0.011092798584435888,-0.07874698182304395
1232,-0.02744182877644855,-0.011092798584435888,-0.07874698182268025
1233,-0.027441828777535357,-0.011092798151734197,-0.07874698182268025
1234,-0.02744182877644855,-0.011092798584311298,-0.07874698182268025
1235,-0.02744182873460643,-0.011092798584435888,-0.07874698182268025
1236,-0.027441828776991955,-0.011092798584435888,-0.07874698182268025
1237,-0.027441828776991955,-0.011092798584435888,-0.07874698182268025
1238,-0.027441828776991955,-0.011092798584435888,-0.07874698182268025
1239,-0.027441828775905147,-0.011092798584311298,-0.07874698182268025
1240,-0.02744182877644855,-0.011092798584560477,-0.07874698182268025
1241,-0.027441828777535357,-0.011092798151485018,-0.07874698182304395
1242,-0.027441828734063024,-0.011092798584435888,-0.07874698182268025
1243,-0.027441828776991955,-0.011092798584311298,-0.07874698182268025
1244,-0.027441828776991955,-0.011092798584560477,-0.07874698182268025
1245,-0.02744182877644855,-0.011092798584435888,-0.07874698182268025
1246,-0.027441828777535357,-0.011092798584560477,-0.07874698182268025
1247,-0.027441828775905147,-0.011092798584311298,-0.07874698182268025
1248,-0.027441828776991955,-0.011092798584435888,-0.07874698182268025
1249,-0.027441828776991955,-0.011092798151485018,-0.07874698182268025
1250,-0.027441828734063024,-0.011092798584435888,-0.07874698182268025
1251,-0.027441828777535357,-0.011092798584435888,-0.07874698182304395
1252,-0.02744182877644855,-0.011092798584435888,-0.07874698182268025
1253,-0.027441828777535357,-0.011092798584435888,-0.07874698182268025
1254,-0.02744182877644855,-0.011092798584435888,-0.07874698182268025
1255,-0.027441828777535357,-0.011092798584560477,-0.07874698182268025
1256,-0.02744182877644855,-0.011092798584435888,-0.07874698182268025
1257,-0.02744182873351962,-0.011092798151485018,-0.07874698182268025
1258,-0.02744182877644855,-0.011092798584435888,-0.07874698182268025
1259,-0.027441828777535357,-0.011092798584435888,-0.07874698182268025
1260,-0.02744182877644855,-0.011092798584435888,-0.07874698182268025
1261,-0.027441828777535357,-0.011092798584311298,-0.07874698182268025
1262,-0.02744182877644855,-0.011092798584560477,-0.07874698182304395
1263,-0.02744182877644855,-0.011092798584311298,-0.07874698182268025
1264,-0.02744182873460643,-0.011092798584435888,-0.07874698182268025
1265,-0.02744182877644855,-0.011092798151485018,-0.07874698182268025
1266,-0.027441828776991955,-0.011092798584560477,-0.07874698182268025
1267,-0.027441828776991955,-0.011092798584435888,-0.07874698182268025
1268,-0.027441828776991955,-0.011092798584560477,-0.07874698182268025
1269,-0.02744182877644855,-0.011092798584311298,-0.07874698182268025
1270,-0.027441828777535357,-0.011092798584435888,-0.07874698182268025
1271,-0.02744182873351962,-0.011092798584435888,-0.07874698182268025
1272,-0.027441828777535357,-0.011092798584435888,-0.07874698182304395
1273,-0.02744182877644855,-0.011092798584435888,-0.07874698182268025
1274,-0.027441828777535357,-0.011092798151485018,-0.07874698182268025
1275,-0.02744182877644855,-0.011092798584311298,-0.07874698182268025
1276,-0.02744182877644855,-0.011092798584560477,-0.07874698182268025
1277,-0.02744182877644855,-0.011092798584435888,-0.07874698182268025
1278,-0.02744182877644855,-0.011092798584560477,-0.07874698182268025
1279,-0.02744182873460643,-0.011092798584311298,-0.07874698182268025
1280,-0.027441828777535357,-0.011092798584435888,-0.07874698182268025
1281,-0.02744182877644855,-0.011092798584560477,-0.07874698182268025
1282,-0.027441828777535357,-0.011092798151485018,-0.07874698182304395
1283,-0.02744182877644855,-0.011092798584311298,-0.07874698182268025
1284,-0.027441828776991955,-0.011092798584435888,-0.07874698182268025
1285,-0.027441828776991955,-0.011092798584435888,-0.07874698182268025
1286,-0.02744182873351962,-0.011092798584435888,-0.07874698182268025
1287,-0.027441828776991955,-0.011092798584435888,-0.07874698182268025
1288,-0.027441828776991955,-0.011092798584435888,-0.07874698182268025
1289,-0.027441828776991955,-0.011092798584560477,-0.07874698182268025
1290,-0.02744182877644855,-0.011092798151485018,-0.07874698182268025
1291,-0.027441828777535357,-0.011092798584435888,-0.07874698182268025
1292,-0.02744182877644855,-0.011092798584435888,-0.07874698182268025
1293,-0.02744182873351962,-0.011092798584311298,-0.07874698182304395
1294,-0.027441828776991955,-0.011092798584560477,-0.07874698182268025
1295,-0.027441828776991955,-0.011092798584435888,-0.07874698182268025
1296,-0.02744182877644855,-0.011092798584311298,-0.07874698182268025
1297,-0.027441828777535357,-0.011092798584560477,-0.07874698182268025
1298,-0.02744182877644855,-0.011092798151485018,-0.07874698182268025
1299,-0.027441828777535357,-0.011092798584311298,-0.07874698182268025
1300,-0.02744182873460643,-0.011092798584685069,-0.07874698182268025
1301,-0.02744182877536174,-0.011092798584311298,-0.07874698182268025
1302,-0.027441828777535357,-0.011092798584435888,-0.07874698182268025
1303,-0.02744182877644855,-0.011092798584435888,-0.07874698182304395
1304,-0.027441828777535357,-0.011092798584435888,-0.07874698182268025
1305,-0.02744182877644855,-0.011092798584435888,-0.07874698182268025
1306,-0.027441828777535357,-0.011092798151485018,-0.07874698182268025
1307,-0.02744182877644855,-0.011092798584435888,-0.07874698182268025
1308,-0.027441828734063024,-0.011092798584435888,-0.07874698182268025
1309,-0.027441828777535357,-0.011092798584435888,-0.07874698182268025
1310,-0.02744182877644855,-0.011092798584311298,-0.07874698182268025
1311,-0.02744182877644855,-0.011092798584685069,-0.07874698182268025
1312,-0.027441828777535357,-0.011092798584311298,-0.07874698182268025
1313,-0.027441828775905147,-0.011092798584560477,-0.07874698182304395
1314,-0.027441828776991955,-0.011092798151485018,-0.07874698182268025
1315,-0.02744182873460643,-0.011092798584311298,-0.07874698182268025
1316,-0.02744182877644855,-0.011092798584435888,-0.07874698182268025
1317,-0.02744182877644855,-0.011092798584560477,-0.07874698182268025
1318,-0.027441828777535357,-0.011092798584311298,-0.07874698182268025
1319,-0.438723236040267,-0.08570051849984207,-0.991140546631979
1320,-0.4387232359978815,-0.08570051893291754,-0.9911405466323427
1321,-0.438723236040267,-0.08570051849971748,-0.991140546631979
1322,-0.4387232359978815,-0.08570051849984207,-0.991140546631979
1323,-0.4387232360391802,-0.08570051849984207,-0.991140546631979
1324,-0.4387232359984249,-0.08570051893291754,-0.9911405466323427
1325,-0.4387232360397236,-0.08570051849971748,-0.991140546631979
1326,-0.4387232360413538,-0.08570051849996667,-0.991140546631979
1327,-0.43872323599733803,-0.08570051893279294,-0.9911405466323427
1328,-0.43872323604081037,-0.08570051849971748,-0.991140546631979
1329,-0.43872323599733803,-0.08570051849984207,-0.991140546631979
1330,-0.43872323604081037,-0.08570051849984207,-0.991140546631979
1331,-0.43872323599625124,-0.08570051893279294,-0.9911405466323427
1332,-0.43872323604081037,-0.08570051849984207,-0.991140546631979
1333,-0.651366572735195,-0.08134840138207927,-0.7763444945231524
1334,-0.6513665726917227,-0.08134840181503014,-0.7763444945231524
1335,-0.6513665727346516,-0.08134840181515472,-0.7763444945231524
1336,-0.651366572735195,-0.08134840138207927,-0.7763444945231524
1337,-0.6513665727346516,-0.08134840138220385,-0.7763444945231524
1338,-0.6513665726911793,-0.08134840181490555,-0.7763444945227886
1339,-0.6513665727357384,-0.08134840181515472,-0.7763444945231524
1340,-0.6513665727335648,-0.08134840138207927,-0.7763444945231524
1341,-0.651366572692266,-0.08134840138207927,-0.7763444945231524
1342,-0.6513665727346516,-0.08134840181503014,-0.7763444945231524
1343,-0.6417009664942979,0.0953475489221,-0.9362990014126654
1344,-0.6417009665366834,0.09534754848902453,-0.9362990014130291
1345,-0.6417009664932111,0.0953475489219754,-0.9362990014126654
1346,-0.6417009664948413,0.0953475489221,-0.9362990014126654
1347,-0.6417009665372267,0.0953475489221,-0.9362990014126654
1348,-0.6417009664942979,0.09534754848902453,-0.9362990014130291
1349,-0.6417009664937544,0.0953475489219754,-0.9362990014126654
1350,-0.6417009664942979,0.0953475489221,-0.9362990014126654
1351,-0.64170096653614,0.09534754848914913,-0.9362990014130291
1352,-0.6417009664948413,0.0953475489219754,-0.9362990014126654
1353,-0.6417009664942979,0.07706865728739132,-0.32847187523215204
1354,-0.64170096653614,0.07706865728726672,-0.32847187523215204
1355,-0.6417009664937544,0.07706865772021759,-0.32847187523178834
1356,-0.6417009664942979,0.07706865728739132,-0.32847187523215204
1357,-0.6417009664942979,0.07706865728739132,-0.32847187523215204
1358,-0.6417009665366834,0.07706865728739132,-0.32847187523215204
1359,-0.6417009664942979,0.07706865728726672,-0.32847187523215204
1360,-0.6417009664942979,0.07706865772009301,-0.32847187523178834
1361,-0.64170096653614,0.07706865728739132,-0.32847187523215204
1362,-0.6417009664937544,0.07706865728739132,-0.32847187523215204
1363,-0.513074053033071,-0.03213600172642461,-0.9436815171152304
1364,-0.513074053074913,-0.03213600172617543,-0.9436815171155941
1365,-0.5130740530325275,-0.03213600129347374,-0.9436815171152304
1366,-0.5130740530759998,-0.032136001726300024,-0.9436815171155941
1367,-0.5130740530308973,-0.032136001726300024,-0.9436815171152304
1368,-0.5130740530754564,-0.03213600172617543,-0.9436815171155941
1369,-0.5130740530319841,-0.03213600129347374,-0.9436815171152304
1370,-0.513074053074913,-0.032136001726300024,-0.9436815171155941
1371,-0.513074053033071,-0.03213600172642461,-0.9436815171152304
1372,-0.5130740530743696,-0.03213600172605084,-0.9436815171155941
1373,-0.513074053033071,-0.03213600129347374,-0.9436815171152304
1374,-0.5130740530738263,-0.03213600172642461,-0.9436815171155941
1375,-0.513074053033071,-0.032136001726300024,-0.9436815171152304
1376,-0.5289355606953785,-0.038697655100285895,-0.8403262972789576
1377,-0.5289355606535364,-0.038697654667335026,-0.8403262972789576
1378,-0.5289355606964653,-0.03869765510041049,-0.8403262972789576
1379,-0.5289355606953785,-0.038697655100285895,-0.8403262972789576
1380,-0.528935560652993,-0.038697654667335026,-0.8403262972789576
1381,-0.5289355606964653,-0.03869765510041049,-0.8403262972789576
1382,-0.528935560695922,-0.03869765510041049,-0.8403262972789576
1383,-0.528935560652993,-0.038697654667335026,-0.8403262972793213
1384,-0.528935560695922,-0.038697655100285895,-0.8403262972789576
1385,-0.5289355606953785,-0.03869765510041049,-0.8403262972789576
1386,-0.5289355606540798,-0.038697654667335026,-0.8403262972789576
1387,-0.5289355606953785,-0.03869765510041049,-0.8403262972789576
1388,-0.5289355606964653,-0.038697655100285895,-0.8403262972789576
1389,-0.5289355606524496,-0.03869765466745961,-0.8403262972789576
1390,-0.5289355606964653,-0.038697655100285895,-0.8403262972789576
1391,-0.05008531953063114,-0.06865472681613614,-0.395119586435934
1392,-0.05008531948552859,-0.06865472724921161,-0.3951195864362977
1393,-0.05008531953008774,-0.06865472681613614,-0.395119586435934
1394,-0.050085319529544335,-0.06865472724908701,-0.3951195864362977
1395,-0.050085319529544335,-0.06865472681613614,-0.395119586435934
1396,-0.05008531948715881,-0.06865472724908701,-0.3951195864362977
1397,-0.05008531953008774,-0.06865472681638533,-0.395119586435934
1398,-0.05008531953008774,-0.06865472724908701,-0.3951195864362977
1399,-0.050085319486615404,-0.06865472681613614,-0.395119586435934
1400,-0.050085319529544335,-0.06865472724908701,-0.3951195864362977
1401,-0.05008531953008774,-0.06865472681613614,-0.395119586435934
1402,-0.050085319529544335,-0.06865472681626074,-0.3951195864362977
1403,-0.050085319487702215,-0.06865472724908701,-0.395119586435934
1404,-0.05008531952900093,-0.06865472681613614,-0.395119586435934
1405,-0.05008531953008774,-0.06865472724908701,-0.3951195864362977
1406,-0.050085319486072,-0.06865472681613614,-0.395119586435934
1407,-0.05008531953008774,-0.0686547272493362,-0.3951195864362977
1408,-0.05008531953008774,-0.06865472681613614,-0.395119586435934
1409,-0.05008531948715881,-0.06865472724908701,-0.3951195864362977
1410,-0.05008531952900093,-0.06865472681613614,-0.395119586435934
1411,-0.05008531953008774,-0.06865472724908701,-0.3951195864362977
1412,-0.05008531953008774,-0.06865472681626074,-0.395119586435934
1413,-0.05008531948552859,-0.06865472724908701,-0.3951195864362977
1414,-0.05008531953063114,-0.06865472681613614,-0.395119586435934
1415,0.08321949949826955,-0.30678806227915595,-0.6963672410783959
1416,0.08321949953956827,-0.3067880627122314,-0.6963672410780322
1417,0.08321949949826955,-0.30678806227915595,-0.6963672410783959
1418,0.08321949949663934,-0.3067880627122314,-0.6963672410783959
1419,0.08321949954065508,-0.30678806227915595,-0.6963672410783959
1420,0.08321949949826955,-0.3067880627122314,-0.6963672410783959
1421,0.08321949949663934,-0.3067880622790313,-0.6963672410780322
1422,0.08321949949772614,-0.3067880627121068,-0.6963672410783959
1423,0.08321949954119848,-0.3067880622792805,-0.6963672410783959
1424,0.08321949949663934,-0.3067880622792805,-0.6963672410780322
1425,0.08321949949772614,-0.3067880627121068,-0.6963672410783959
1426,0.08321949954119848,-0.30678806227915595,-0.6963672410783959
1427,0.08321949949718274,-0.3067880627122314,-0.6963672410783959
1428,0.08321949949826955,-0.30678806227915595,-0.6963672410783959
1429,0.08321949949718274,-0.3067880627122314,-0.6963672410780322
1430,0.08321949954011167,-0.30678806227915595,-0.6963672410783959
1431,0.08321949949718274,-0.3067880627119822,-0.6963672410783959
1432,0.08321949949826955,-0.30678806227940514,-0.6963672410780322
1433,0.08321949954065508,-0.3067880627121068,-0.6963672410783959
1434,0.08321949949663934,-0.3067880622792805,-0.6963672410783959
1435,0.2905906873645618,-0.5549378613464303,-0.7065461642440921
1436,0.2905906873645618,-0.5549378609138532,-0.7065461642437284
1437,0.2905906873651052,-0.5549378613465549,-0.7065461642440921
1438,0.29059068736401833,-0.5549378613466796,-0.7065461642440921
1439,0.2905906873651052,-0.5549378609136041,-0.7065461642440921
1440,0.29059068736347493,-0.5549378613466796,-0.7065461642437284
1441,0.2905906873651052,-0.5549378609136041,-0.7065461642440921
1442,0.29059068736401833,-0.5549378613466796,-0.7065461642440921
1443,0.2905906873651052,-0.5549378613466796,-0.7065461642440921
1444,0.2905906873651052,-0.5549378609136041,-0.7065461642437284
1445,0.29059068736347493,-0.5549378613466796,-0.7065461642440921
1446,0.3960336642546244,-0.4995472809502994,-0.9973725404068432
1447,0.39603366421223885,-0.4995472813832502,-0.9973725404072069
1448,0.3960336642551678,-0.49954728095017475,-0.9973725404068432
1449,0.3960336642535376,-0.4995472809502994,-0.9973725404072069
1450,0.3960336642551678,-0.49954728095017475,-0.9973725404068432
1451,0.39603366421223885,-0.4995472813832502,-0.9973725404072069
1452,0.3960336642551678,-0.49954728095017475,-0.9973725404068432
1453,0.396033664254081,-0.4995472809502994,-0.9973725404072069
1454,0.3960336642551678,-0.4995472809502994,-0.9973725404068432
1455,0.39603366421115205,-0.4995472813832502,-0.9973725404072069
1456,0.3960336642551678,-0.4995472809500502,-0.9973725404068432
1457,0.5036733698089756,-0.36771770062873343,-0.29648097385424943
1458,0.5036733698078888,-0.36771770062860887,-0.2964809738538857
1459,0.5036733697655033,-0.36771770019565797,-0.29648097385424943
1460,0.5036733698095189,-0.36771770062873343,-0.29648097385424943
1461,0.5036733698089756,-0.36771770062860887,-0.29648097385424943
1462,0.5036733698078888,-0.36771770062860887,-0.2964809738538857
1463,0.5036733698089756,-0.36771770062860887,-0.29648097385424943
1464,0.5036733697655033,-0.3677177001957826,-0.29648097385424943
1465,0.5036733698089756,-0.36771770062848425,-0.2964809738538857
1466,0.5036733698089756,-0.36771770062873343,-0.29648097385424943
1467,0.018196330440408776,-0.20597720684098375,-0.8519593523254677
1468,0.018196330440952178,-0.20597720684098375,-0.8519593523254677
1469,0.018196330440952178,-0.20597720640815748,-0.8519593523254677
1470,0.018196330440952178,-0.20597720684098375,-0.8519593523254677
1471,0.018196330440952178,-0.20597720684098375,-0.8519593523254677
1472,0.018196330440952178,-0.20597720684098375,-0.8519593523258313
1473,0.018196330440952178,-0.20597720684098375,-0.8519593523254677
1474,0.01819633044258239,-0.20597720684098375,-0.8519593523254677
1475,0.018196330440952178,-0.20597720640815748,-0.8519593523254677
1476,0.018196330440408776,-0.20597720684098375,-0.8519593523254677
1477,0.018196330440952178,-0.20597720684098375,-0.8519593523254677
1478,-0.5555159777510666,-0.07627093155577677,-0.914971733827397
1479,-0.5555159777939956,-0.07627093198860306,-0.9149717338277608
1480,-0.5555159777923654,-0.07627093198872764,-0.914971733827397
1481,-0.5555159777510666,-0.07627093155565219,-0.914971733827397
1482,-0.5555159777505233,-0.07627093155577677,-0.9149717338277608
1483,-0.5555159777939956,-0.07627093198860306,-0.914971733827397
1484,-0.5555159777939956,-0.07627093198872764,-0.914971733827397
1485,-0.5555159777494365,-0.07627093155577677,-0.9149717338277608
1486,-0.5555159777510666,-0.07627093155577677,-0.914971733827397
1487,-0.5555159777934522,-0.07627093198872764,-0.914971733827397
1488,-0.5555159777929088,-0.07627093198860306,-0.9149717338277608
1489,-0.5555159777510666,-0.07627093155577677,-0.914971733827397
1490,-0.6266655790518698,0.13190533175856647,-1.359289808520974
1491,-0.6266655790947988,0.131905331325491,-1.359289808520974
1492,-0.626665579050783,0.13190533175869107,-1.359289808520974
1493,-0.6266655790518698,0.13190533175844188,-1.359289808520974
1494,-0.626665579093712,0.1319053313256156,-1.359289808520974
1495,-0.6266655790518698,0.13190533175844188,-1.359289808520974
1496,-0.6266655790513265,0.13190533175856647,-1.359289808520974
1497,-0.6266655790942554,0.131905331325491,-1.359289808520974
1498,-0.6266655790513265,0.13190533175869107,-1.359289808520974
1499,-0.685733172573016,0.09128557271457272,-0.008562861452762171
1500,-0.6857331726154016,0.09128557314752359,-0.008562861452762171
1501,-0.6857331725735594,0.09128557271444812,-0.008562861452762171
1502,-0.6857331726154016,0.09128557314752359,-0.008562861452762171
1503,-0.685733172573016,0.09128557271457272,-0.008562861452762171
1504,-0.6857331726154016,0.09128557314752359,-0.008562861452762171
1505,-0.685733172573016,0.09128557271457272,-0.008562861452762171
1506,-0.6857331726164884,0.09128557314752359,-0.008562861452762171
1507,-0.6857331725724726,0.09128557271457272,-0.008562861452762171
1508,-0.6427749227434072,-0.12535314016587468,-0.8616535648642261
1509,-0.6427749227423204,-0.12535314016599927,-0.8616535648642261
1510,-0.6427749227857927,-0.12535314016599927,-0.8616535648642261
1511,-0.6427749227434072,-0.12535314016599927,-0.8616535648642261
1512,-0.6427749227434072,-0.12535314059882555,-0.8616535648645898
1513,-0.6427749227434072,-0.12535314016587468,-0.8616535648642261
1514,-0.6427749227847059,-0.12535314016612387,-0.8616535648642261
1515,-0.6427749227434072,-0.12535314016587468,-0.8616535648642261
1516,-0.6427749227434072,-0.12535314016599927,-0.8616535648642261
1517,-0.6513665727341081,0.10144051280025317,-0.9362990014126654
1518,-0.6513665726917227,0.10144051236730228,-0.9362990014130291
1519,-0.6513665727346516,0.10144051280025317,-0.9362990014126654
1520,-0.651366572735195,0.10144051236730228,-0.9362990014126654
1521,-0.6513665727346516,0.10144051280025317,-0.9362990014126654
1522,-0.6513665726917227,0.10144051280025317,-0.9362990014130291
1523,-0.651366572735195,0.10144051236742688,-0.9362990014126654
1524,-0.6513665727346516,0.10144051280025317,-0.9362990014126654
1525,-0.6513665726911793,0.10144051236742688,-0.9362990014130291
1526,-0.6513665727346516,0.10144051280025317,-0.9362990014126654
1527,-0.6900289975689099,-0.1422780397315322,-1.2242171138141527
1528,-0.6900289975694534,-0.1422780397315322,-1.2242171138141527
1529,-0.6900289975678231,-0.14227803973165679,-1.2242171138141527
1530,-0.6900289975694534,-0.1422780397315322,-1.2242171138141527
1531,-0.690028997610752,-0.1422780397314076,-1.2242171138145164
1532,-0.6900289975683666,-0.14227803929858132,-1.2242171138141527
1533,-0.6900289975699967,-0.1422780397315322,-1.2242171138141527
1534,-0.6900289975683666,-0.14227803973165679,-1.2242171138141527
1535,-0.6900289975689099,-0.1422780397315322,-1.2242171138141527
1536,-0.6900289975683666,-0.1422780397315322,-1.2242171138141527
1537,-0.5514886418391863,-0.04580611259746346,-0.4084491286769086
1538,-0.551488641880485,-0.045806113030414326,-0.4084491286769086
1539,-0.5514886418380994,-0.04580611259746346,-0.4084491286769086
1540,-0.5514886418380994,-0.04580611259746346,-0.4084491286769086
1541,-0.5514886418391863,-0.045806113030538914,-0.4084491286769086
1542,-0.5514886418386429,-0.04580611259746346,-0.4084491286769086
1543,-0.5514886418821152,-0.045806112597588045,-0.4084491286769086
1544,-0.5514886418380994,-0.04580611303028973,-0.4084491286769086
1545,-0.5514886418380994,-0.04580611259746346,-0.4084491286769086
1546,-0.5514886418815718,-0.045806112597588045,-0.4084491286769086
1547,-0.5514886418380994,-0.04580611303028973,-0.4084491286769086
1548,-0.5514886418386429,-0.04580611259771263,-0.4084491286769086
1549,-0.5167915939209125,0.042854321929963794,-0.35308026090748973
1550,-0.5167915938774401,0.04285432236266549,-0.35308026090748973
1551,-0.5167915939198257,0.042854321929839206,-0.353080260907126
1552,-0.5167915938785269,0.04285432236266549,-0.35308026090748973
1553,-0.5167915939192822,0.042854321929963794,-0.35308026090748973
1554,-0.5167915938779835,0.04285432236266549,-0.35308026090748973
1555,-0.5167915939209125,0.042854321929839206,-0.353080260907126
1556,-0.5167915938763533,0.04285432236266549,-0.35308026090748973
1557,-0.516791593920369,0.042854321929963794,-0.35308026090748973
1558,-0.5167915938779835,0.04285432236266549,-0.35308026090748973
1559,-0.516791593920369,0.042854321929839206,-0.353080260907126
1560,-0.5167915938779835,0.04285432236266549,-0.35308026090748973
1561,-0.516791593920369,0.042854321929963794,-0.35308026090748973
1562,-0.7335242255225299,0.06488272996366208,-1.0962535083025422
1563,-0.7335242255654589,0.06488272953096039,-1.0962535083021785
1564,-0.7335242255241602,0.06488272953071121,-1.0962535083025422
1565,-0.7335242255225299,0.06488272996391127,-1.0962535083025422
1566,-0.7335242255225299,0.06488272996378668,-1.0962535083025422
1567,-0.7335242255676325,0.0648827295308358,-1.0962535083021785
1568,-0.7335242255225299,0.0648827295308358,-1.0962535083025422
1569,-0.7335242255225299,0.06488272996391127,-1.0962535083025422
1570,-0.7335242255660023,0.06488272996366208,-1.0962535083021785
1571,-0.7335242255236167,0.06488272953096039,-1.0962535083025422
1572,-0.5093565121859848,0.04754121732061883,-0.722206046037555
1573,-0.5093565122300004,0.04754121732074342,-0.7222060460371913
1574,-0.5093565121870716,0.04754121732061883,-0.722206046037555
1575,-0.5093565121870716,0.047541217753569696,-0.7222060460371913
1576,-0.5093565122289136,0.04754121732074342,-0.722206046037555
1577,-0.5093565121881584,0.04754121732061883,-0.7222060460371913
1578,-0.5093565121870716,0.04754121732074342,-0.722206046037555
1579,-0.5093565121870716,0.04754121732061883,-0.7222060460371913
1580,-0.5093565122289136,0.04754121732061883,-0.722206046037555
1581,-0.5093565121870716,0.04754121775369429,-0.7222060460371913
1582,-0.5093565121870716,0.04754121732061883,-0.722206046037555
1583,-0.5093565122300004,0.04754121732074342,-0.7222060460371913
1584,-0.5093565121859848,0.04754121732061883,-0.722206046037555
1585,-0.5837073292217175,-0.05088358242389054,-0.5991641176608665
1586,-0.5837073292217175,-0.05088358285684141,-0.5991641176605028
1587,-0.5837073292217175,-0.05088358242376595,-0.5991641176608665
1588,-0.5837073292651899,-0.05088358242389054,-0.5991641176608665
1589,-0.5837073292217175,-0.05088358285684141,-0.5991641176605028
1590,-0.5837073292206307,-0.05088358242376595,-0.5991641176608665
1591,-0.5837073292217175,-0.05088358242389054,-0.5991641176608665
1592,-0.5837073292217175,-0.050883582424015125,-0.5991641176608665
1593,-0.5837073292217175,-0.05088358285684141,-0.5991641176605028
1594,-0.5837073292646465,-0.050883582423641355,-0.5991641176608665
1595,-0.5837073292211742,-0.050883582424015125,-0.5991641176608665
1596,-0.5837073292217175,-0.05088358285684141,-0.5991641176605028
1597,-0.5837073292217175,-0.05088358242389054,-0.5991641176608665
1598,-0.5837073292206307,0.12175039210583691,-0.8883126493458116
1599,-0.5837073292217175,0.12175039167288604,-0.8883126493458116
1600,-0.5837073292228043,0.12175039210558772,-0.8883126493461753
1601,-0.5837073292217175,0.12175039210596149,-0.8883126493458116
1602,-0.5837073292211742,0.12175039167263685,-0.8883126493458116
1603,-0.5837073292217175,0.12175039210583691,-0.8883126493458116
1604,-0.5837073292635597,0.12175039210583691,-0.8883126493458116
1605,-0.5837073292211742,0.12175039167276144,-0.8883126493458116
1606,-0.5837073292233478,0.12175039210571231,-0.8883126493458116
1607,-0.5837073292206307,0.12175039210596149,-0.8883126493461753
1608,-0.5837073292217175,0.12175039167263685,-0.8883126493458116
1609,-0.5837073292217175,0.12175039210583691,-0.8883126493458116
1610,-0.57565265739687,0.15221521106402564,-0.5417445510848361
1611,-0.5756526573544845,0.15221521106402564,-0.5417445510851998
1612,-0.57565265739687,0.15221521063119936,-0.5417445510848361
1613,-0.5756526573979568,0.15221521106377645,-0.5417445510848361
1614,-0.5756526573544845,0.15221521106402564,-0.5417445510851998
1615,-0.57565265739687,0.15221521063119936,-0.5417445510848361
1616,-0.5756526573979568,0.15221521106390104,-0.5417445510848361
1617,-0.575652657353941,0.15221521106402564,-0.5417445510851998
1618,-0.5756526573963265,0.15221521106402564,-0.5417445510848361
1619,-0.5756526573985001,0.15221521106402564,-0.5417445510848361
1620,-0.575652657353941,0.15221521063095017,-0.5417445510851998
1621,-0.57565265739687,0.15221521106415023,-0.5417445510848361
1622,-0.5394066340595294,0.10651798262668025,-1.021608071753739
1623,-0.5394066341019149,0.10651798219360478,-1.0216080717541027
1624,-0.5394066341024583,0.10651798262668025,-1.0216080717541027
1625,-0.5394066340584426,0.10651798219372938,-1.021608071753739
1626,-0.5394066340584426,0.10651798262655565,-1.021608071753739
1627,-0.5394066341024583,0.10651798219372938,-1.0216080717541027
1628,-0.5394066341013715,0.10651798262668025,-1.0216080717541027
1629,-0.5394066340595294,0.10651798262668025,-1.021608071753739
1630,-0.5394066340595294,0.10651798219372938,-1.021608071753739
1631,-0.5394066341019149,0.10651798262655565,-1.0216080717541027
1632,-0.5394066341019149,0.10651798219372938,-1.0216080717541027
1633,-0.5394066340595294,0.10651798262668025,-1.021608071753739
1634,-0.527324626322258,0.1725250903694848,0.36466432128979875
1635,-0.5273246262787856,0.17252509036960936,0.36466432128979875
1636,-0.5273246263233448,0.1725250903694848,0.36466432128979875
1637,-0.5273246263228013,0.1725250903694848,0.36466432128979875
1638,-0.5273246263228013,0.1725250903694848,0.36466432128979875
1639,-0.5273246263217145,0.1725250903693602,0.36466432128979875
1640,-0.5273246262798724,0.17252509036960936,0.36466432128943504
1641,-0.5273246263228013,0.1725250903693602,0.36466432128979875
1642,-0.5273246263228013,0.1725250903694848,0.36466432128979875
1643,-0.5273246262798724,0.17252509036960936,0.36466432128979875
1644,-0.5273246263217145,0.1725250903694848,0.36466432128979875
1645,-0.5273246263228013,0.1725250903694848,0.36466432128979875
1646,-0.33286183464448044,0.033257346065678636,-0.22183553730581
1647,-0.33286183464448044,0.033257346065678636,-0.22183553730544628
1648,-0.3328618346020949,0.03325734649850491,-0.22183553730581
1649,-0.33286183464502384,0.033257346065678636,-0.22183553730544628
1650,-0.33286183464448044,0.03325734606555404,-0.22183553730581
1651,-0.33286183464611063,0.03325734606555404,-0.22183553730544628
1652,-0.33286183464448044,0.033257346498629506,-0.22183553730581
1653,-0.3328618346020949,0.033257346065678636,-0.22183553730544628
1654,-0.33286183464502384,0.03325734606555404,-0.22183553730581
1655,-0.33286183464502384,0.03325734606555404,-0.22183553730544628
1656,-0.33286183464448044,0.033257346498629506,-0.22183553730581
1657,-0.33286183464448044,0.033257346065678636,-0.22183553730544628
1658,-0.33286183464448044,0.033257346065429454,-0.22183553730581
1659,-0.3328618346026383,0.033257346065678636,-0.22183553730544628
1660,-0.33286183464448044,0.033257346498629506,-0.22183553730581
1661,-0.33286183464448044,0.033257346065429454,-0.22183553730544628
1662,-0.33286183464556723,0.033257346065678636,-0.22183553730581
1663,-0.33286183464502384,0.033257346065678636,-0.22183553730544628
1664,-0.3328618346015515,0.03325734649850491,-0.22183553730581
1665,-0.33286183464448044,0.03325734606555404,-0.22183553730544628
1666,-0.33286183464556723,0.033257346065678636,-0.22183553730581
1667,-0.30064314726194913,-0.03637652608622444,-0.23706929986650815
1668,-0.30064314726140573,-0.03637652565352274,-0.23706929986650815
1669,-0.30064314726194913,-0.03637652608622444,-0.23706929986650815
1670,-0.3006431472184768,-0.03637652565352274,-0.23706929986687186
1671,-0.30064314726194913,-0.03637652608622444,-0.23706929986650815
1672,-0.30064314726194913,-0.036376525653398155,-0.23706929986650815
1673,-0.30064314726194913,-0.036376526086349024,-0.23706929986650815
1674,-0.30064314726140573,-0.036376525653398155,-0.23706929986650815
1675,-0.30064314726194913,-0.03637652608647361,-0.23706929986650815
1676,-0.30064314726140573,-0.03637652565327357,-0.23706929986650815
1677,-0.3006431472190202,-0.03637652608647361,-0.23706929986687186
1678,-0.30064314726194913,-0.03637652565327357,-0.23706929986650815
1679,-0.30064314726140573,-0.03637652608622444,-0.23706929986650815
1680,-0.30064314726194913,-0.03637652565352274,-0.23706929986650815
1681,-0.30064314726086233,-0.03637652608622444,-0.23706929986650815
1682,-0.3006431472624925,-0.03637652565352274,-0.23706929986650815
1683,-0.30064314726086233,-0.03637652608622444,-0.23706929986650815
1684,-0.3006431472190202,-0.036376525653398155,-0.23706929986687186
1685,-0.3006431472624925,-0.036376526086349024,-0.23706929986650815
1686,-0.30064314726194913,-0.036376525653398155,-0.23706929986650815
1687,-0.30064314726086233,-0.03637652608647361,-0.23706929986650815
1688,-0.3441683926397964,-0.011146862156425569,-0.6066536263445859
1689,-0.34416839263816623,-0.011146862156425569,-0.6066536263445859
1690,-0.3441683925963241,-0.011146862156425569,-0.6066536263445859
1691,-0.3441683926397964,-0.011146861723599289,-0.6066536263442223
1692,-0.34416839263816623,-0.01114686215655016,-0.6066536263445859
1693,-0.34416839263925303,-0.011146862156425569,-0.6066536263445859
1694,-0.3441683925957807,-0.01114686215667475,-0.6066536263445859
1695,-0.34416839263925303,-0.011146862156425569,-0.6066536263445859
1696,-0.34416839263870963,-0.011146862156425569,-0.6066536263445859
1697,-0.34416839263925303,-0.011146862156425569,-0.6066536263445859
1698,-0.34416839263925303,-0.01114686215655016,-0.6066536263445859
1699,-0.3441683925957807,-0.011146861723599289,-0.6066536263442223
1700,-0.34416839263816623,-0.01114686215655016,-0.6066536263445859
1701,-0.3441683926403398,-0.011146862156425569,-0.6066536263445859
1702,-0.34416839263925303,-0.01114686215655016,-0.6066536263445859
1703,-0.34416839263870963,-0.011146862156425569,-0.6066536263445859
1704,-0.3441683925963241,-0.011146862156425569,-0.6066536263445859
1705,-0.34416839263925303,-0.01114686215655016,-0.6066536263445859
1706,-0.34416839263870963,-0.01114686215655016,-0.6066536263445859
1707,-0.34416839263925303,-0.011146861723599289,-0.6066536263442223
1708,-0.3441683925963241,-0.011146862156425569,-0.6066536263445859
1709,-0.34416839263870963,-0.01114686215655016,-0.6066536263445859
1710,-0.34416839263925303,-0.01114686215655016,-0.6066536263445859
1711,-0.5968877013329754,-0.02872735061147491,-0.1539760495341377
1712,-0.5968877013318886,-0.028727350611724094,-0.1539760495345014
1713,-0.596887701332432,-0.028727350611724094,-0.1539760495341377
1714,-0.5968877013335188,-0.028727350611724094,-0.1539760495341377
1715,-0.5968877013335188,-0.028727350611724094,-0.1539760495345014
1716,-0.596887701375361,-0.028727350178773224,-0.1539760495341377
1717,-0.5968877013329754,-0.02872735061147491,-0.1539760495345014
1718,-0.596887701332432,-0.028727350611724094,-0.1539760495341377
1719,-0.5968877013335188,-0.028727350611724094,-0.1539760495341377
1720,-0.5968877013329754,-0.028727350611599502,-0.1539760495345014
1721,-0.596887701332432,-0.028727350611724094,-0.1539760495341377
1722,-0.6078713447804881,-0.0305737031183068,-1.0216080717541027
1723,-0.6078713447370158,-0.03057370311843139,-1.021608071753739
1724,-0.6078713447375592,-0.03057370355125767,-1.021608071753739
1725,-0.6078713447804881,-0.03057370311843139,-1.0216080717541027
1726,-0.6078713447804881,-0.0305737031183068,-1.0216080717541027
1727,-0.6078713447381026,-0.03057370311843139,-1.021608071753739
1728,-0.6078713447364724,-0.03057370311843139,-1.021608071753739
1729,-0.6078713447799448,-0.03057370311843139,-1.0216080717541027
1730,-0.6078713447810316,-0.0305737031183068,-1.0216080717541027
1731,-0.6078713447381026,-0.03057370355138226,-1.021608071753739
1732,-0.6078713447364724,-0.0305737031183068,-1.021608071753739
1733,-0.6078713447810316,-0.0305737031183068,-1.0216080717541027
1734,-0.6232484455549477,-0.07303981466900786,-0.41571978808097737
1735,-0.6232484455560345,-0.07303981466900786,-0.41571978808097737
1736,-0.6232484455560345,-0.07303981466900786,-0.41571978808097737
1737,-0.6232484455544043,-0.07303981466900786,-0.41571978808097737
1738,-0.6232484455554911,-0.07303981466913245,-0.41571978808097737
1739,-0.6232484455560345,-0.0730398142359324,-0.41571978808097737
1740,-0.6232484455544043,-0.07303981466900786,-0.41571978808097737
1741,-0.6232484455560345,-0.07303981466913245,-0.41571978808097737
1742,-0.6232484455544043,-0.07303981466888326,-0.41571978808097737
1743,-0.6232484455565779,-0.07303981466900786,-0.41571978808097737
1744,-0.6232484455549477,-0.07303981466900786,-0.41571978808097737
1745,-0.30424523651346574,-0.06942738547514471,-0.4814718383440816
1746,-0.3042452365569381,-0.06942738547514471,-0.4814718383437179
1747,-0.30424523651292235,-0.06942738547502013,-0.4814718383440816
1748,-0.30424523651292235,-0.06942738547502013,-0.4814718383437179
1749,-0.3042452365563947,-0.06942738547502013,-0.4814718383440816
1750,-0.30424523651346574,-0.06942738547514471,-0.4814718383440816
1751,-0.30424523651292235,-0.06942738547514471,-0.4814718383437179
1752,-0.3042452365569381,-0.06942738547502013,-0.4814718383440816
1753,-0.30424523651346574,-0.06942738547502013,-0.4814718383437179
1754,-0.30424523651237895,-0.06942738547514471,-0.4814718383440816
1755,-0.3042452365563947,-0.06942738547514471,-0.4814718383440816
1756,-0.30424523651346574,-0.06942738504194466,-0.4814718383437179
1757,-0.3042452365553079,-0.06942738547514471,-0.4814718383440816
1758,-0.3042452365145526,-0.06942738547514471,-0.4814718383440816
1759,-0.30424523651346574,-0.06942738547502013,-0.4814718383437179
1760,-0.3042452365553079,-0.06942738547514471,-0.4814718383440816
1761,-0.3042452365140092,-0.06942738547502013,-0.4814718383437179
1762,-0.30424523651292235,-0.06942738547514471,-0.4814718383440816
1763,-0.3042452365563947,-0.06942738547489553,-0.4814718383440816
1764,-0.3042452365140092,-0.06942738547514471,-0.4814718383437179
1765,-0.30424523651346574,-0.06942738547514471,-0.4814718383440816
1766,-0.3042452365553079,-0.06942738547502013,-0.4814718383437179
1767,-0.30424523651346574,-0.06942738547502013,-0.4814718383440816
1768,-0.47738566087452533,-0.15243297938426176,-0.22183553730581
1769,-0.47738566087506873,-0.15243297938426176,-0.22183553730544628
1770,-0.4773856608739819,-0.15243297938438635,-0.22183553730581
1771,-0.4773856608739819,-0.15243297938426176,-0.22183553730544628
1772,-0.47738566087452533,-0.15243297938426176,-0.22183553730581
1773,-0.4773856608739819,-0.15243297938426176,-0.22183553730544628
1774,-0.47738566087506873,-0.15243297938426176,-0.22183553730581
1775,-0.4773856609169108,-0.15243297938426176,-0.22183553730544628
1776,-0.47738566087506873,-0.15243297938438635,-0.22183553730581
1777,-0.47738566087452533,-0.15243297938426176,-0.22183553730544628
1778,-0.4773856608739819,-0.15243297938426176,-0.22183553730581
1779,-0.47738566087452533,-0.15243297938438635,-0.22183553730544628
1780,-0.4773856608739819,-0.15243297938413716,-0.22183553730581
1781,-0.47738566087506873,-0.15243297938426176,-0.22183553730544628
1782,-0.4773856608739819,-0.15243297938438635,-0.22183553730581
1783,-0.2651003095822009,-0.017033783725650987,-0.35216883921582404
1784,-0.2651003096256732,-0.017033783725650987,-0.3521688392154603
1785,-0.2651003095822009,-0.017033783292824706,-0.35216883921582404
1786,-0.2651003095811141,-0.017033783725650987,-0.35216883921582404
1787,-0.26510030958328773,-0.01703378372577558,-0.35216883921582404
1788,-0.2651003096251298,-0.017033783725526396,-0.3521688392154603
1789,-0.2651003095816575,-0.01703378372577558,-0.35216883921582404
1790,-0.2651003095822009,-0.01703378372577558,-0.35216883921582404
1791,-0.2651003095816575,-0.017033783292575527,-0.35216883921582404
1792,-0.2651003096251298,-0.01703378372577558,-0.3521688392154603
1793,-0.26510030958274433,-0.01703378372577558,-0.35216883921582404
1794,-0.2651003095816575,-0.017033783725526396,-0.35216883921582404
1795,-0.2651003095822009,-0.01703378372577558,-0.35216883921582404
1796,-0.2651003096251298,-0.017033783292824706,-0.3521688392154603
1797,-0.2651003095822009,-0.017033783725526396,-0.35216883921582404
1798,-0.26510030958274433,-0.01703378372577558,-0.35216883921582404
1799,-0.2651003095811141,-0.01703378372577558,-0.35216883921582404
1800,-0.2651003096251298,-0.017033783725526396,-0.3521688392154603
1801,-0.2651003095822009,-0.017033783292949297,-0.35216883921582404
1802,-0.26510030958274433,-0.017033783725650987,-0.35216883921582404
1803,-0.2651003095822009,-0.017033783725526396,-0.35216883921582404
1804,-0.2651003096251298,-0.01703378372577558,-0.3521688392154603
1805,-0.2651003095816575,-0.01703378372577558,-0.35216883921582404
1806,-0.26510030958274433,-0.017033783725650987,-0.35216883921582404
1807,-0.2651003095805707,-0.017033783292700118,-0.35216883921582404
1808,-0.2651003096251298,-0.017033783725900167,-0.3521688392154603
1809,-0.26510030958328773,-0.017033783725526396,-0.35216883921582404
1810,-0.7286914224455537,0.22939275251141042,-0.13652646696437265
1811,-0.7286914224031682,0.22939275251153501,-0.13652646696473633
1812,-0.7286914224450103,0.22939275251153501,-0.13652646696437265
1813,-0.7286914224460972,0.22939275251141042,-0.13652646696437265
1814,-0.7286914224450103,0.22939275251141042,-0.13652646696437265
1815,-0.7286914224026249,0.2293927529443613,-0.13652646696473633
1816,-0.7286914224460972,0.22939275251153501,-0.13652646696437265
1817,-0.7286914224455537,0.22939275251153501,-0.13652646696437265
1818,-0.7286914224037117,0.22939275251141042,-0.13652646696473633
1819,-0.7286914224450103,0.22939275251153501,-0.13652646696437265
1820,-0.24852904924352767,-0.0901930265203158,-0.060161089481637356
1821,-0.2485290492457013,-0.0901930265201912,-0.060161089481637356
1822,-0.24852904924407107,-0.09019302652044038,-0.060161089481637356
1823,-0.24852904920005534,-0.0901930265201912,-0.06016108948200105
1824,-0.24852904924461447,-0.0901930265201912,-0.060161089481637356
1825,-0.24852904924461447,-0.0901930265203158,-0.060161089481637356
1826,-0.24852904924407107,-0.0901930265203158,-0.060161089481637356
1827,-0.24852904924461447,-0.09019302608724034,-0.060161089481637356
1828,-0.24852904924407107,-0.09019302652044038,-0.060161089481637356
1829,-0.24852904924352767,-0.0901930265201912,-0.060161089481637356
1830,-0.24852904924407107,-0.0901930265201912,-0.060161089481637356
1831,-0.24852904920168556,-0.0901930265203158,-0.06016108948200105
1832,-0.24852904924407107,-0.0901930265201912,-0.060161089481637356
1833,-0.24852904924461447,-0.0901930265203158,-0.060161089481637356
1834,-0.24852904924407107,-0.0901930265203158,-0.060161089481637356
1835,-0.24852904924352767,-0.0901930265203158,-0.060161089481637356
1836,-0.24852904924407107,-0.0901930265203158,-0.060161089481637356
1837,-0.24852904924461447,-0.0901930265201912,-0.060161089481637356
1838,-0.24852904924407107,-0.0901930265201912,-0.060161089481637356
1839,-0.24852904920168556,-0.0901930265203158,-0.06016108948200105
1840,-0.24852904924461447,-0.0901930265203158,-0.060161089481637356
1841,-0.24852904924352767,-0.0901930265201912,-0.060161089481637356
1842,-0.24852904924461447,-0.0901930265203158,-0.060161089481637356
1843,-0.24852904924352767,-0.09019302608736493,-0.060161089481637356
1844,-0.24852904924407107,-0.0901930265201912,-0.060161089481637356
1845,-0.24852904924461447,-0.0901930265201912,-0.060161089481637356
1846,-0.24852904924407107,-0.09019302652044038,-0.060161089481637356
1847,-0.24852904920114213,-0.0901930265201912,-0.06016108948200105
1848,-0.24852904924461447,-0.0901930265203158,-0.060161089481637356
1849,-0.24852904924352767,-0.0901930265201912,-0.060161089481637356
1850,-0.24852904924515787,-0.0901930265203158,-0.060161089481637356
1851,-0.37658719607407504,-0.18144709292537112,0.42559937153331884
1852,-0.37658719607570523,-0.18144709249217106,0.42559937153368255
1853,-0.37658719607516183,-0.18144709292524652,0.42559937153331884
1854,-0.37658719607516183,-0.18144709249229565,0.42559937153331884
1855,-0.37658719607461844,-0.18144709292512193,0.42559937153368255
1856,-0.37658719607516183,-0.18144709249242025,0.42559937153331884
1857,-0.37658719607407504,-0.18144709292512193,0.42559937153368255
1858,-0.37658719611917757,-0.18144709292537112,0.42559937153331884
1859,-0.37658719607407504,-0.18144709249217106,0.42559937153331884
1860,-0.37658719607516183,-0.18144709292537112,0.42559937153368255
1861,-0.37658719607461844,-0.18144709249229565,0.42559937153331884
1862,-0.3765871960762487,-0.18144709292512193,0.42559937153331884
1863,-0.37658719607407504,-0.18144709249242025,0.42559937153368255
1864,-0.37658719607570523,-0.18144709292512193,0.42559937153331884
1865,-0.15368648135119317,0.08092338936894608,0.08283971391288171
1866,-0.15368648135064977,0.08092338980177236,0.08283971391251801
1867,-0.15368648135173657,0.08092338936907066,0.08283971391288171
1868,-0.15368648135064977,0.08092338980177236,0.08283971391288171
1869,-0.1536864813957523,0.08092338936907066,0.08283971391251801
1870,-0.15368648135064977,0.08092338980189695,0.08283971391288171
1871,-0.15368648135119317,0.08092338936894608,0.08283971391288171
1872,-0.15368648135119317,0.08092338980189695,0.08283971391251801
1873,-0.15368648135119317,0.08092338936894608,0.08283971391288171
1874,-0.15368648135119317,0.08092338980189695,0.08283971391288171
1875,-0.15368648135010635,0.08092338936882149,0.08283971391251801
1876,-0.15368648135227997,0.08092338980189695,0.08283971391288171
1877,-0.1536864813941221,0.08092338936894608,0.08283971391251801
1878,-0.15368648135119317,0.08092338980189695,0.08283971391288171
1879,-0.15368648135119317,0.08092338936894608,0.08283971391288171
1880,-0.15368648135119317,0.08092338980189695,0.08283971391251801
1881,-0.15368648135119317,0.08092338936907066,0.08283971391288171
1882,-0.15368648135227997,0.08092338936894608,0.08283971391288171
1883,-0.15368648135010635,0.08092338980189695,0.08283971391251801
1884,-0.15368648135119317,0.08092338936882149,0.08283971391288171
1885,-0.1536864813941221,0.08092338980189695,0.08283971391288171
1886,-0.15368648135119317,0.08092338936894608,0.08283971391251801
1887,-0.15368648135119317,0.08092338980202153,0.08283971391288171
1888,-0.15368648135173657,0.08092338936882149,0.08283971391288171
1889,-0.15368648135173657,0.08092338980202153,0.08283971391251801
1890,-0.15368648135064977,0.08092338936882149,0.08283971391288171
1891,-0.15368648135119317,0.08092338980202153,0.08283971391288171
1892,-0.15368648135173657,0.08092338936894608,0.08283971391251801
1893,-0.15368648139357868,0.08092338980177236,0.08283971391288171
1894,-0.15368648135119317,0.08092338936894608,0.08283971391288171
1895,-0.15368648135173657,0.08092338980189695,0.08283971391251801
1896,-0.15368648135064977,0.08092338936894608,0.08283971391288171
1897,-0.15368648135119317,0.08092338936907066,0.08283971391288171
1898,-0.15368648135227997,0.08092338980189695,0.08283971391251801
1899,-0.15368648135119317,0.08092338936894608,0.08283971391288171
1900,-0.15368648135119317,0.08092338980189695,0.08283971391288171
1901,-0.1536864813941221,0.08092338936894608,0.08283971391251801
1902,-0.15368648135119317,0.08092338980177236,0.08283971391288171
1903,-0.15368648135010635,0.08092338936894608,0.08283971391251801
1904,-0.15368648135282337,0.08092338980189695,0.08283971391288171
1905,-0.15368648135064977,0.08092338936894608,0.08283971391288171
1906,-0.15368648135119317,0.08092338980189695,0.08283971391251801
1907,-0.15368648135119317,0.08092338936894608,0.08283971391288171
1908,-0.15368648135119317,0.08092338980189695,0.08283971391288171
1909,-0.1536864813941221,0.08092338936907066,0.08283971391251801
1910,-0.15368648135227997,0.08092338980177236,0.08283971391288171
1911,-0.15368648135010635,0.08092338936894608,0.08283971391288171
1912,-0.15368648135119317,0.08092338980189695,0.08283971391251801
1913,-0.15368648135119317,0.08092338936894608,0.08283971391288171
1914,-0.5232972904109209,0.17379445782621614,0.19138027215931105
1915,-0.5232972903669052,0.17379445782609154,0.19138027215931105
1916,-0.5232972904109209,0.17379445782609154,0.19138027215931105
1917,-0.523297290367992,0.17379445782609154,0.19138027215931105
1918,-0.5232972904098341,0.17379445782596697,0.19138027215931105
1919,-0.5232972903674485,0.17379445782609154,0.19138027215931105
1920,-0.5232972904098341,0.17379445782621614,0.19138027215931105
1921,-0.523297290367992,0.17379445782609154,0.19138027215931105
1922,-0.5232972904098341,0.17379445782609154,0.19138027215931105
1923,-0.5232972904109209,0.17379445782609154,0.19138027215931105
1924,-0.5232972903669052,0.17379445782596697,0.19138027215931105
1925,-0.5232972904109209,0.17379445782609154,0.19138027215931105
1926,-0.5232972903674485,0.17379445782621614,0.19138027215931105
1927,-0.5232972904098341,0.17379445782609154,0.19138027215931105
1928,-0.523297290367992,0.17379445782609154,0.19138027215931105
1929,-0.5232972904109209,0.17379445782609154,0.19138027215931105
1930,-0.46288725155610855,-0.0030102954277260443,-0.32847187523215204
1931,-0.46288725155610855,-0.0030102954277260443,-0.32847187523215204
1932,-0.46288725155665195,-0.0030102958604277343,-0.32847187523178834
1933,-0.46288725155610855,-0.0030102954277260443,-0.32847187523215204
1934,-0.46288725155610855,-0.0030102954276014543,-0.32847187523215204
1935,-0.46288725155719534,-0.0030102954277260443,-0.32847187523215204
1936,-0.46288725155556515,-0.0030102958604277343,-0.32847187523215204
1937,-0.46288725155610855,-0.0030102954277260443,-0.32847187523178834
1938,-0.46288725155610855,-0.0030102954276014543,-0.32847187523215204
1939,-0.46288725155719534,-0.0030102954276014543,-0.32847187523215204
1940,-0.46288725155610855,-0.0030102954277260443,-0.32847187523215204
1941,-0.46288725155610855,-0.0030102958604277343,-0.32847187523178834
1942,-0.46288725155665195,-0.0030102954277260443,-0.32847187523215204
1943,-0.46288725155610855,-0.0030102954277260443,-0.32847187523215204
1944,-0.1014133049038282,-0.07823974642157423,-0.2958280983159026
1945,-0.10141330490437162,-0.07823974685477428,-0.2958280983159026
1946,-0.10141330485981247,-0.07823974642169883,-0.2958280983155389
1947,-0.1014133049038282,-0.0782397468545251,-0.2958280983159026
1948,-0.10141330490437162,-0.07823974642182341,-0.2958280983159026
1949,-0.10141330490274139,-0.0782397468546497,-0.2958280983159026
1950,-0.10141330490437162,-0.07823974642169883,-0.2958280983155389
1951,-0.10141330486089928,-0.07823974685477428,-0.2958280983159026
1952,-0.10141330490274139,-0.07823974642169883,-0.2958280983159026
1953,-0.10141330490437162,-0.07823974642157423,-0.2958280983159026
1954,-0.1014133049038282,-0.0782397468546497,-0.2958280983159026
1955,-0.10141330490437162,-0.07823974642182341,-0.2958280983155389
1956,-0.10141330485981247,-0.0782397468546497,-0.2958280983159026
1957,-0.1014133049032848,-0.07823974642169883,-0.2958280983159026
1958,-0.10141330490491501,-0.07823974685477428,-0.2958280983159026
1959,-0.1014133049032848,-0.07823974642144964,-0.2958280983155389
1960,-0.10141330490437162,-0.07823974685477428,-0.2958280983159026
1961,-0.10141330485981247,-0.07823974642169883,-0.2958280983159026
1962,-0.1014133049038282,-0.0782397468546497,-0.2958280983159026
1963,-0.10141330490437162,-0.07823974642182341,-0.2958280983159026
1964,-0.10141330490274139,-0.07823974642169883,-0.2958280983155389
1965,-0.10141330490437162,-0.0782397468545251,-0.2958280983159026
1966,-0.10141330486089928,-0.07823974642169883,-0.2958280983159026
1967,-0.1014133049038282,-0.07823974685477428,-0.2958280983159026
1968,-0.1014133049032848,-0.07823974642169883,-0.2958280983155389
1969,-0.1014133049038282,-0.0782397468546497,-0.2958280983159026
1970,-0.10141330486089928,-0.07823974642182341,-0.2958280983159026
1971,-0.10141330490437162,-0.0782397468545251,-0.2958280983159026
1972,-0.1014133049032848,-0.07823974642169883,-0.2958280983155389
1973,-0.1014133049038282,-0.07823974642169883,-0.2958280983159026
1974,-0.1014133049038282,-0.0782397468546497,-0.2958280983159026
1975,-0.10141330486035587,-0.07823974642182341,-0.2958280983159026
1976,-0.10141330490437162,-0.0782397468546497,-0.2958280983159026
1977,-0.1014133049038282,-0.07823974642157423,-0.2958280983155389
1978,-0.1014133049038282,-0.07823974685477428,-0.2958280983159026
1979,-0.10141330490274139,-0.07823974642169883,-0.2958280983159026
1980,-0.10141330486144268,-0.0782397468545251,-0.2958280983159026
1981,-0.1014133049032848,-0.07823974642182341,-0.2958280983155389
1982,-0.1014133049038282,-0.0782397468546497,-0.2958280983159026
1983,-0.1014133049038282,-0.07823974642169883,-0.2958280983159026
1984,-0.1014133049032848,-0.07823974642169883,-0.2958280983159026
1985,-0.10141330486089928,-0.0782397468546497,-0.2958280983159026
1986,-0.10141330490437162,-0.07823974642169883,-0.2958280983155389
1987,-0.1014133049038282,-0.0782397468546497,-0.2958280983159026
1988,-0.1014133049032848,-0.07823974642169883,-0.2958280983159026
1989,-0.1014133049038282,-0.0782397468546497,-0.2958280983159026
1990,-0.10141330486089928,-0.07823974642169883,-0.2958280983155389
1991,-0.10141330490437162,-0.07823974685477428,-0.2958280983159026
1992,-0.10141330490274139,-0.07823974642157423,-0.2958280983159026
1993,-0.14875504963606712,-0.23802461372398578,-0.8768873274252879
1994,-0.14875504959205138,-0.23802461372411035,-0.8768873274249243
1995,-0.1487550496344369,-0.23802461372398578,-0.8768873274252879
1996,-0.14875504959259478,-0.23802461415681206,-0.8768873274252879
1997,-0.14875504963606712,-0.23802461372398578,-0.8768873274252879
1998,-0.14875504959150798,-0.23802461372411035,-0.8768873274249243
1999,-0.14875504963498032,-0.2380246137238612,-0.8768873274252879
2000,-0.14875504963606712,-0.23802461372398578,-0.8768873274252879
2001,-0.14875504959205138,-0.23802461372398578,-0.8768873274249243
2002,-0.1487550496344369,-0.23802461372411035,-0.8768873274252879
2003,-0.14875504959259478,-0.23802461415681206,-0.8768873274252879
2004,-0.14875504963498032,-0.23802461372398578,-0.8768873274252879
2005,-0.14875504959259478,-0.23802461372411035,-0.8768873274249243
2006,-0.14875504963498032,-0.2380246137238612,-0.8768873274252879
2007,-0.5031606107640308,-0.243827436692028,-1.0482671562356882
2008,-0.5031606108075032,-0.24382743625895253,-1.0482671562353247
2009,-0.503160610762944,-0.24382743625895253,-1.0482671562356882
2010,-0.5031606107634874,-0.243827436692028,-1.0482671562356882
2011,-0.5031606108069597,-0.2438274366917788,-1.0482671562353247
2012,-0.5031606107634874,-0.24382743625907713,-1.0482671562356882
2013,-0.5031606107640308,-0.2438274366919034,-1.0482671562356882
2014,-0.5031606108064164,-0.24382743625895253,-1.0482671562353247
2015,-0.5031606107640308,-0.243827436692028,-1.0482671562356882
2016,-0.5031606107634874,-0.24382743625895253,-1.0482671562356882
2017,-0.5031606108069597,-0.24382743625895253,-1.0482671562353247
2018,-0.5031606107634874,-0.243827436692028,-1.0482671562356882
2019,-0.5555159777510666,-0.2184400871271909,-1.2881989165699579
2020,-0.5555159777923654,-0.21844008756014177,-1.2881989165699579
2021,-0.5555159777939956,-0.2184400871269417,-1.2881989165703216
2022,-0.5555159777516101,-0.2184400871271909,-1.2881989165699579
2023,-0.5555159777499799,-0.21844008756014177,-1.2881989165699579
2024,-0.5555159777939956,-0.2184400871271909,-1.2881989165699579
2025,-0.5555159777939956,-0.2184400871270663,-1.2881989165699579
2026,-0.5555159777494365,-0.21844008756001718,-1.2881989165699579
2027,-0.5555159777510666,-0.2184400871271909,-1.2881989165699579
2028,-0.5555159777934522,-0.2184400871271909,-1.2881989165703216
2029,-0.5555159777934522,-0.21844008756001718,-1.2881989165699579
2030,-0.5555159777510666,-0.2184400871270663,-1.2881989165699579
2031,-0.19171329946458912,-0.199822697908108,-0.6839263349868681
2032,-0.19171329942220358,-0.199822697908108,-0.6839263349868681
2033,-0.19171329946621932,-0.199822697908108,-0.6839263349868681
2034,-0.1917132994635023,-0.199822697908108,-0.6839263349868681
2035,-0.19171329946567592,-0.19982269747515713,-0.6839263349868681
2036,-0.19171329942220358,-0.1998226979079834,-0.6839263349868681
2037,-0.19171329946513252,-0.1998226979079834,-0.6839263349868681
2038,-0.19171329946458912,-0.1998226979082326,-0.6839263349868681
2039,-0.19171329946567592,-0.1998226979079834,-0.6839263349868681
2040,-0.19171329942220358,-0.199822697908108,-0.6839263349868681
2041,-0.19171329946458912,-0.199822697908108,-0.6839263349868681
2042,-0.19171329946513252,-0.199822697908108,-0.6839263349868681
2043,-0.19171329942274698,-0.1998226979079834,-0.6839263349868681
2044,-0.19171329946404572,-0.19982269747515713,-0.6839263349868681
2045,-0.19171329946567592,-0.199822697908108,-0.6839263349868681
2046,-0.19171329946513252,-0.199822697908108,-0.6839263349868681
2047,-0.19171329942274698,-0.199822697908108,-0.6839263349868681
2048,-0.19171329946404572,-0.199822697908108,-0.6839263349868681
2049,-0.22469909844927982,-0.3511796557544151,-1.219646985045725
2050,-0.2246990984063509,-0.351179656187366,-1.2196469850460887
2051,-0.2246990984471062,-0.35117965575429055,-1.2196469850460887
2052,-0.22469909844927982,-0.3511796557544151,-1.219646985045725
2053,-0.22469909844819302,-0.3511796561874906,-1.219646985045725
2054,-0.22469909840526409,-0.3511796557544151,-1.2196469850460887
2055,-0.22469909844819302,-0.35117965575429055,-1.2196469850460887
2056,-0.22469909844873642,-0.351179656187366,-1.219646985045725
2057,-0.22469909840526409,-0.3511796557544151,-1.2196469850460887
2058,-0.22469909844927982,-0.351179656187366,-1.219646985045725
2059,-0.22469909844819302,-0.35117965575453974,-1.2196469850460887
2060,-0.22469909844764963,-0.3511796557544151,-1.219646985045725
2061,-0.22469909840580748,-0.351179656187366,-1.219646985045725
2062,-0.22469909844927982,-0.35117965575429055,-1.2196469850460887
2063,-0.43469590008545766,-0.34537683321944834,-0.914971733827397
2064,-0.4346959001278432,-0.34537683321944834,-0.9149717338277608
2065,-0.43469590008545766,-0.34537683321944834,-0.914971733827397
2066,-0.43469590008545766,-0.3453768332193238,-0.914971733827397
2067,-0.4346959001278432,-0.34537683321944834,-0.914971733827397
2068,-0.43469590008545766,-0.34537683365239924,-0.914971733827397
2069,-0.43469590008545766,-0.3453768332193238,-0.9149717338277608
2070,-0.4346959001278432,-0.34537683321944834,-0.914971733827397
2071,-0.43469590008600106,-0.34537683321944834,-0.914971733827397
2072,-0.43469590008491427,-0.3453768332193238,-0.9149717338277608
2073,-0.4346959001283866,-0.34537683321944834,-0.914971733827397
2074,-0.43469590008600106,-0.34537683321944834,-0.914971733827397
2075,-0.10774944751052366,-0.08042522512891251,-0.19275289968917117
2076,-0.10774944746813814,-0.08042522556161419,-0.19275289968953488
2077,-0.10774944751106706,-0.08042522512866332,-0.19275289968917117
2078,-0.10774944751161047,-0.08042522512866332,-0.19275289968953488
2079,-0.10774944746813814,-0.08042522556186338,-0.19275289968917117
2080,-0.10774944751106706,-0.08042522512866332,-0.19275289968953488
2081,-0.10774944751161047,-0.08042522512878791,-0.19275289968917117
2082,-0.10774944746813814,-0.08042522556173878,-0.19275289968953488
2083,-0.10774944751161047,-0.08042522512866332,-0.19275289968917117
2084,-0.10774944751106706,-0.08042522512878791,-0.19275289968953488
2085,-0.10774944746868154,-0.08042522556161419,-0.19275289968917117
2086,-0.10774944750998025,-0.08042522512891251,-0.19275289968917117
2087,-0.10774944751269727,-0.08042522512866332,-0.19275289968953488
2088,-0.10774944746813814,-0.08042522556173878,-0.19275289968917117
2089,-0.10774944751106706,-0.08042522512878791,-0.19275289968953488
2090,-0.10774944751052366,-0.08042522512878791,-0.19275289968917117
2091,-0.10774944746922495,-0.08042522556161419,-0.19275289968953488
2092,-0.10774944751052366,-0.08042522512878791,-0.19275289968917117
2093,-0.10774944751215387,-0.08042522512878791,-0.19275289968953488
2094,-0.10774944746759473,-0.08042522556173878,-0.19275289968917117
2095,-0.10774944751106706,-0.08042522512866332,-0.19275289968953488
2096,-0.10774944751106706,-0.08042522512878791,-0.19275289968917117
2097,-0.10774944746868154,-0.08042522556173878,-0.19275289968917117
2098,-0.10774944751106706,-0.08042522512878791,-0.19275289968953488
2099,-0.10774944751106706,-0.08042522512866332,-0.19275289968917117
2100,-0.10774944746868154,-0.08042522556173878,-0.19275289968953488
2101,-0.10774944751106706,-0.08042522512878791,-0.19275289968917117
2102,-0.10774944751161047,-0.08042522512878791,-0.19275289968953488
2103,-0.10774944746813814,-0.08042522556161419,-0.19275289968917117
2104,-0.10774944751106706,-0.08042522512891251,-0.19275289968953488
2105,-0.10774944751052366,-0.08042522512866332,-0.19275289968917117
2106,-0.10774944746813814,-0.08042522556173878,-0.19275289968953488
2107,-0.10774944751269727,-0.08042522512866332,-0.19275289968917117
2108,-0.2655477913452366,-0.03311243803164493,-0.5817331778073963
2109,-0.26554779138870893,-0.03311243846447121,-0.5817331778073963
2110,-0.2655477913446932,-0.03311243803152034,-0.5817331778073963
2111,-0.2655477913463234,-0.03311243803152034,-0.5817331778073963
2112,-0.26554779138762213,-0.03311243803164493,-0.5817331778073963
2113,-0.2655477913452366,-0.03311243803152034,-0.5817331778073963
2114,-0.26554779138870893,-0.0331124384645958,-0.5817331778073963
2115,-0.2655477913452366,-0.03311243803152034,-0.5817331778073963
2116,-0.26554779134578,-0.03311243803152034,-0.5817331778073963
2117,-0.26554779138816553,-0.03311243846447121,-0.5817331778073963
2118,-0.2655477913446932,-0.03311243803164493,-0.5817331778073963
2119,-0.26554779138870893,-0.03311243803152034,-0.5817331778070326
2120,-0.2655477913452366,-0.03311243803152034,-0.5817331778073963
2121,-0.26554779134578,-0.03311243803164493,-0.5817331778073963
2122,-0.26554779138816553,-0.03311243846447121,-0.5817331778073963
2123,-0.2655477913452366,-0.03311243803164493,-0.5817331778073963
2124,-0.2655477913446932,-0.03311243803152034,-0.5817331778073963
2125,-0.26554779138870893,-0.03311243846447121,-0.5817331778073963
2126,-0.2655477913463234,-0.03311243803152034,-0.5817331778073963
2127,-0.2655477913446932,-0.03311243803164493,-0.5817331778073963
2128,-0.26554779138816553,-0.03311243803152034,-0.5817331778073963
2129,-0.2655477913452366,-0.03311243803152034,-0.5817331778073963
2130,-0.26554779138870893,-0.03311243846447121,-0.5817331778073963
2131,-0.26554779134578,-0.03311243803164493,-0.5817331778073963
2132,-0.6535144852323268,-0.20659265782091135,-1.039380794741584
2133,-0.6535144851893979,-0.2065926573878359,-1.039380794741584
2134,-0.6535144852328703,-0.20659265782103592,-1.0393807947419478
2135,-0.6535144851893979,-0.20659265782078676,-1.039380794741584
2136,-0.6535144852334136,-0.20659265738808505,-1.039380794741584
2137,-0.6535144851893979,-0.20659265782078676,-1.039380794741584
2138,-0.6535144852328703,-0.20659265782091135,-1.0393807947419478
2139,-0.6535144851893979,-0.2065926573878359,-1.039380794741584
2140,-0.6535144852328703,-0.20659265782103592,-1.039380794741584
2141,-0.7770194535201658,-0.2793697254765192,-0.3684605019543485
2142,-0.7770194534777802,-0.27936972504356833,-0.36846050195471214
2143,-0.7770194534766934,-0.2793697254765192,-0.3684605019543485
2144,-0.7770194535207092,-0.2793697254765192,-0.3684605019543485
2145,-0.7770194535207092,-0.27936972504369295,-0.36846050195471214
2146,-0.7770194534772369,-0.2793697254765192,-0.3684605019543485
2147,-0.7770194534766934,-0.27936972504369295,-0.36846050195471214
2148,-0.7770194535207092,-0.2793697254765192,-0.3684605019543485
2149,-0.6851961944484614,-0.11181322077321887,-0.32847187523215204
2150,-0.6851961944919337,-0.1118132203403926,-0.32847187523215204
2151,-0.6851961944913902,-0.11181322077334346,-0.32847187523178834
2152,-0.6851961944479179,-0.11181322077334346,-0.32847187523215204
2153,-0.6851961944484614,-0.11181322077321887,-0.32847187523215204
2154,-0.6851961944913902,-0.1118132203403926,-0.32847187523215204
2155,-0.6851961944913902,-0.11181322077334346,-0.32847187523215204
2156,-0.6851961944484614,-0.11181322077321887,-0.32847187523178834
2157,-0.6851961944484614,-0.111813220340268,-0.32847187523215204
2158,-0.6851961944913902,-0.11181322077334346,-0.32847187523215204
2159,-0.46846356284521357,-0.0836918492940691,0.11447906692392625
2160,-0.4684635628028281,-0.08369184929394452,0.11447906692392625
2161,-0.46846356284521357,-0.0836918492940691,0.11447906692392625
2162,-0.46846356284630036,-0.08369184929394452,0.11447906692392625
2163,-0.4684635628022846,-0.0836918492940691,0.11447906692392625
2164,-0.46846356284575696,-0.08369184929394452,0.11447906692392625
2165,-0.46846356284630036,-0.08369184886111823,0.11447906692356255
2166,-0.46846356284521357,-0.08369184929394452,0.11447906692392625
2167,-0.4684635628022846,-0.0836918492940691,0.11447906692392625
2168,-0.46846356284630036,-0.08369184929394452,0.11447906692392625
2169,-0.46846356284575696,-0.0836918492940691,0.11447906692392625
2170,-0.4684635628033715,-0.08369184929394452,0.11447906692392625
2171,-0.46846356284575696,-0.0836918492940691,0.11447906692392625
2172,-0.6496091897780067,-0.1339694525855099,-0.8519593523254677
2173,-0.6496091897774634,-0.1339694525855099,-0.8519593523254677
2174,-0.6496091897785502,-0.13396945301846078,-0.8519593523254677
2175,-0.6496091897780067,-0.1339694525853853,-0.8519593523254677
2176,-0.64960918977692,-0.1339694525855099,-0.8519593523254677
2177,-0.6496091897356212,-0.1339694525855099,-0.8519593523258313
2178,-0.6496091897785502,-0.1339694525855099,-0.8519593523254677
2179,-0.6496091897774634,-0.1339694525853853,-0.8519593523254677
2180,-0.6496091897780067,-0.13396945301846078,-0.8519593523254677
2181,-0.6496091897785502,-0.1339694525855099,-0.8519593523254677
2182,-0.6496091897774634,-0.1339694525855099,-0.8519593523254677
2183,-0.6100680734436899,-0.17274285868972092,-0.1539760495341377
2184,-0.6100680734436899,-0.17274285868972092,-0.1539760495345014
2185,-0.6100680734447766,-0.1727428586899701,-0.1539760495341377
2186,-0.6100680734447766,-0.17274285868959632,-0.1539760495341377
2187,-0.6100680734436899,-0.1727428586898455,-0.1539760495345014
2188,-0.6100680734442333,-0.1727428591226718,-0.1539760495341377
2189,-0.6100680734436899,-0.1727428586898455,-0.1539760495345014
2190,-0.6100680734442333,-0.17274285868972092,-0.1539760495341377
2191,-0.6100680734442333,-0.1727428586898455,-0.1539760495341377
2192,-0.6100680734447766,-0.17274285868959632,-0.1539760495345014
2193,-0.6100680734436899,-0.1727428586899701,-0.1539760495341377
2194,-0.6755305882510365,-0.25804435211908483,-0.7763444945231524
2195,-0.6755305882499497,-0.25804435168625856,-0.7763444945231524
2196,-0.6755305882510365,-0.25804435211933396,-0.7763444945231524
2197,-0.6755305882510365,-0.25804435211908483,-0.7763444945231524
2198,-0.6755305882928787,-0.2580443521192094,-0.7763444945227886
2199,-0.6755305882510365,-0.25804435168625856,-0.7763444945231524
2200,-0.6755305882499497,-0.2580443521192094,-0.7763444945231524
2201,-0.6755305882510365,-0.2580443521192094,-0.7763444945231524
2202,-0.6755305882510365,-0.25804435168625856,-0.7763444945231524
2203,-0.6755305882499497,-0.2580443521192094,-0.7763444945231524
2204,-0.17982306959634012,-0.3729402409100291,-0.8768873274252879
2205,-0.17982306959688352,-0.3729402409102783,-0.8768873274252879
2206,-0.17982306955395458,-0.3729402409101537,-0.8768873274249243
2207,-0.17982306959688352,-0.3729402409100291,-0.8768873274252879
2208,-0.1798230695947099,-0.3729402409101537,-0.8768873274252879
2209,-0.17982306959634012,-0.3729402409101537,-0.8768873274252879
2210,-0.17982306959742692,-0.3729402409101537,-0.8768873274252879
2211,-0.17982306955341118,-0.37294024134298,-0.8768873274249243
2212,-0.17982306959579672,-0.3729402409102783,-0.8768873274252879
2213,-0.17982306959742692,-0.3729402409101537,-0.8768873274252879
2214,-0.17982306959634012,-0.3729402409101537,-0.8768873274252879
2215,-0.17982306955341118,-0.3729402409100291,-0.8768873274249243
2216,-0.17982306959688352,-0.3729402409101537,-0.8768873274252879
2217,-0.17982306959634012,-0.3729402409101537,-0.8768873274252879
2218,-0.08042921258466862,-0.09290402256044732,-0.38362860174583996
2219,-0.08042921258575543,-0.09290402256032272,-0.38362860174583996
2220,-0.08042921258466862,-0.09290402299327359,-0.38362860174547625
2221,-0.08042921258575543,-0.09290402256032272,-0.38362860174583996
2222,-0.08042921258575543,-0.09290402256032272,-0.38362860174583996
2223,-0.08042921258521202,-0.09290402256044732,-0.38362860174583996
2224,-0.08042921258521202,-0.09290402256019814,-0.38362860174547625
2225,-0.08042921262814096,-0.09290402256032272,-0.38362860174583996
2226,-0.08042921258521202,-0.09290402299327359,-0.38362860174583996
2227,-0.08042921258466862,-0.09290402256044732,-0.38362860174583996
2228,-0.08042921258575543,-0.09290402256032272,-0.38362860174547625
2229,-0.08042921258466862,-0.09290402256032272,-0.38362860174583996
2230,-0.08042921258629883,-0.09290402256044732,-0.38362860174583996
2231,-0.08042921258466862,-0.09290402256032272,-0.38362860174583996
2232,-0.08042921258575543,-0.09290402299327359,-0.38362860174547625
2233,-0.08042921258466862,-0.09290402256032272,-0.38362860174583996
2234,-0.08042921258521202,-0.09290402256032272,-0.38362860174583996
2235,-0.08042921258521202,-0.09290402256044732,-0.38362860174583996
2236,-0.08042921258521202,-0.09290402256032272,-0.38362860174547625
2237,-0.08042921258521202,-0.09290402256032272,-0.38362860174583996
2238,-0.08042921258575543,-0.09290402299327359,-0.38362860174583996
2239,-0.08042921262868435,-0.09290402256032272,-0.38362860174583996
2240,-0.08042921258466862,-0.09290402256032272,-0.38362860174547625
2241,-0.08042921258575543,-0.09290402256044732,-0.38362860174583996
2242,-0.08042921258466862,-0.09290402256019814,-0.38362860174583996
2243,-0.08042921258466862,-0.09290402256044732,-0.38362860174583996
2244,-0.08042921258575543,-0.09290402299327359,-0.38362860174547625
2245,-0.08042921258466862,-0.09290402256044732,-0.38362860174583996
2246,-0.08042921258575543,-0.09290402256019814,-0.38362860174583996
2247,-0.0625700608922926,-0.10064278706876321,-0.2378309879947613
2248,-0.06257006084773345,-0.10064278706863862,-0.23783098799439759
2249,-0.0625700608922926,-0.10064278706876321,-0.2378309879947613
2250,-0.06257006089120579,-0.10064278663568775,-0.23783098799439759
2251,-0.06257006084936366,-0.10064278706863862,-0.2378309879947613
2252,-0.0625700608922926,-0.10064278706876321,-0.23783098799439759
2253,-0.0625700608922926,-0.10064278706863862,-0.2378309879947613
2254,-0.06257006084773345,-0.10064278706863862,-0.2378309879947613
2255,-0.0625700608922926,-0.10064278706876321,-0.23783098799439759
2256,-0.06257006089120579,-0.10064278663568775,-0.2378309879947613
2257,-0.06257006084936366,-0.10064278706863862,-0.23783098799439759
2258,-0.0625700608922926,-0.10064278706876321,-0.2378309879947613
2259,-0.06257006089120579,-0.10064278706863862,-0.23783098799439759
2260,-0.06257006084882026,-0.10064278706876321,-0.2378309879947613
2261,-0.0625700608922926,-0.10064278706863862,-0.2378309879947613
2262,-0.06257006089120579,-0.10064278706863862,-0.23783098799439759
2263,-0.06257006084936366,-0.10064278663581233,-0.2378309879947613
2264,-0.06257006089174919,-0.10064278706863862,-0.23783098799439759
2265,-0.06257006089174919,-0.10064278706863862,-0.2378309879947613
2266,-0.06257006084882026,-0.10064278706863862,-0.23783098799439759
2267,-0.0625700608922926,-0.10064278706876321,-0.2378309879947613
2268,-0.06257006089120579,-0.10064278706863862,-0.23783098799439759
2269,-0.06257006084936366,-0.10064278706876321,-0.2378309879947613
2270,-0.06257006089174919,-0.10064278663581233,-0.2378309879947613
2271,-0.06257006089011898,-0.10064278706851403,-0.23783098799439759
2272,-0.06257006084936366,-0.10064278706876321,-0.2378309879947613
2273,-0.0625700608922926,-0.10064278706863862,-0.23783098799439759
2274,-0.06257006089174919,-0.10064278706863862,-0.2378309879947613
2275,-0.06257006084936366,-0.10064278706876321,-0.23783098799439759
2276,-0.06257006089120579,-0.10064278706863862,-0.2378309879947613
2277,-0.06257006089120579,-0.10064278663568775,-0.2378309879947613
2278,-0.06257006084936366,-0.10064278706876321,-0.23783098799439759
2279,-0.0625700608922926,-0.10064278706863862,-0.2378309879947613
2280,-0.06257006089174919,-0.10064278706876321,-0.23783098799439759
2281,-0.06257006084827686,-0.10064278706863862,-0.2378309879947613
2282,-0.0625700608922926,-0.10064278706863862,-0.23783098799439759
2283,-0.06257006089120579,-0.10064278663581233,-0.2378309879947613
2284,-0.06257006084936366,-0.10064278706863862,-0.2378309879947613
2285,-0.06257006089174919,-0.10064278706863862,-0.23783098799439759
2286,-0.0625700608922926,-0.10064278706863862,-0.2378309879947613
2287,-0.06257006084827686,-0.10064278706876321,-0.23783098799439759
2288,-0.0625700608922926,-0.10064278706863862,-0.2378309879947613
2289,-0.06257006089174919,-0.10064278706876321,-0.23783098799439759
2290,-0.06257006084882026,-0.10064278663581233,-0.2378309879947613
2291,-0.06257006089174919,-0.10064278706851403,-0.23783098799439759
2292,-0.0625700608922926,-0.10064278706876321,-0.2378309879947613
2293,-0.06257006084773345,-0.10064278706863862,-0.2378309879947613
2294,-0.0625700608922926,-0.10064278706863862,-0.23783098799439759
2295,-0.06257006089120579,-0.10064278706876321,-0.2378309879947613
2296,-0.06257006084936366,-0.10064278663581233,-0.23783098799439759
2297,-0.0625700608922926,-0.10064278706851403,-0.2378309879947613
2298,-0.0625700608922926,-0.10064278706876321,-0.23783098799439759
2299,-0.06257006084773345,-0.10064278706863862,-0.2378309879947613
2300,-0.0625700608922926,-0.10064278706876321,-0.2378309879947613
2301,-0.06257006089120579,-0.10064278706863862,-0.23783098799439759
2302,-0.06257006084936366,-0.10064278706863862,-0.2378309879947613
2303,-0.06257006089120579,-0.10064278663581233,-0.23783098799439759
2304,-0.06257006089174919,-0.10064278706863862,-0.2378309879947613
2305,-0.06257006084936366,-0.10064278706863862,-0.23783098799439759
2306,-0.0625700608922926,-0.10064278706863862,-0.2378309879947613
2307,-0.29002160197097493,-0.32741040139290356,-0.5991641176608665
2308,-0.2900216019704315,-0.32741040139290356,-0.5991641176605028
2309,-0.2900216019720617,-0.32741040182585446,-0.5991641176608665
2310,-0.2900216019275026,-0.32741040139290356,-0.5991641176608665
2311,-0.2900216019704315,-0.327410401392779,-0.5991641176605028
2312,-0.29002160197151833,-0.32741040139290356,-0.5991641176608665
2313,-0.2900216019704315,-0.32741040182585446,-0.5991641176608665
2314,-0.2900216019720617,-0.32741040139290356,-0.5991641176608665
2315,-0.2900216019704315,-0.32741040139290356,-0.5991641176605028
2316,-0.2900216019291328,-0.327410401392779,-0.5991641176608665
2317,-0.2900216019693447,-0.327410401825979,-0.5991641176608665
2318,-0.2900216019720617,-0.327410401392779,-0.5991641176605028
2319,-0.2900216019704315,-0.32741040139290356,-0.5991641176608665
2320,-0.20916508844740717,-0.2489049065182059,-0.32847187523215204
2321,-0.20916508844577694,-0.24890490608550422,-0.32847187523215204
2322,-0.20916508844632037,-0.24890490608525503,-0.32847187523178834
2323,-0.20916508844686377,-0.2489049065184551,-0.32847187523215204
2324,-0.20916508848924928,-0.2489049065182059,-0.32847187523215204
2325,-0.20916508844686377,-0.24890490608537963,-0.32847187523215204
2326,-0.20916508844632037,-0.24890490608537963,-0.32847187523215204
2327,-0.20916508844577694,-0.2489049065183305,-0.32847187523178834
2328,-0.20916508844632037,-0.2489049065183305,-0.32847187523215204
2329,-0.20916508844577694,-0.24890490608537963,-0.32847187523215204
2330,-0.20916508844632037,-0.2489049065183305,-0.32847187523215204
2331,-0.20916508844686377,-0.24890490608525503,-0.32847187523215204
2332,-0.20916508844686377,-0.2489049065184551,-0.32847187523178834
2333,-0.20916508844632037,-0.24890490608525503,-0.32847187523215204
2334,-0.20916508844632037,-0.24890490608537963,-0.32847187523215204
2335,-0.20916508848870588,-0.2489049065183305,-0.32847187523215204
2336,-0.20916508844740717,-0.2489049065183305,-0.32847187523215204
2337,-0.20916508844686377,-0.24890490608537963,-0.32847187523178834
2338,-0.20916508844577694,-0.24890490608537963,-0.32847187523215204
2339,-0.20916508844523354,-0.2489049065183305,-0.32847187523215204
2340,-0.21541440280109234,-0.11391424284507655,-0.1078449691774004
2341,-0.21541440284293448,-0.11391424241212568,-0.1078449691774004
2342,-0.21541440280109234,-0.11391424284507655,-0.1078449691774004
2343,-0.21541440279946214,-0.11391424241200108,-0.1078449691774004
2344,-0.21541440280000554,-0.11391424284507655,-0.1078449691774004
2345,-0.21541440284347788,-0.11391424241212568,-0.1078449691774004
2346,-0.21541440280054894,-0.11391424284507655,-0.1078449691774004
2347,-0.21541440279891874,-0.11391424241212568,-0.1078449691770367
2348,-0.21541440280109234,-0.11391424284495195,-0.1078449691774004
2349,-0.21541440284293448,-0.11391424284520114,-0.1078449691774004
2350,-0.21541440280109234,-0.11391424241200108,-0.1078449691774004
2351,-0.21541440280000554,-0.11391424284507655,-0.1078449691774004
2352,-0.21541440284293448,-0.11391424241212568,-0.1078449691774004
2353,-0.21541440280109234,-0.11391424284507655,-0.1078449691774004
2354,-0.21541440279946214,-0.11391424241212568,-0.1078449691774004
2355,-0.21541440280054894,-0.11391424284507655,-0.1078449691774004
2356,-0.21541440284293448,-0.11391424241212568,-0.1078449691774004
2357,-0.21541440280054894,-0.11391424284495195,-0.1078449691774004
2358,-0.21541440280054894,-0.11391424241212568,-0.1078449691774004
2359,-0.21541440284293448,-0.11391424284507655,-0.1078449691774004
2360,-0.21541440279946214,-0.11391424284507655,-0.1078449691774004
2361,-0.21541440280109234,-0.11391424241212568,-0.1078449691770367
2362,-0.21541440280000554,-0.11391424284507655,-0.1078449691774004
2363,-0.21541440284293448,-0.11391424241200108,-0.1078449691774004
2364,-0.21541440280109234,-0.11391424284520114,-0.1078449691774004
2365,-0.21541440279891874,-0.11391424241212568,-0.1078449691774004
2366,-0.21541440280109234,-0.11391424284495195,-0.1078449691774004
2367,-0.21541440284293448,-0.11391424241212568,-0.1078449691774004
2368,-0.21541440280000554,-0.11391424284507655,-0.1078449691774004
2369,-0.5152426185431443,-0.3301444237404163,0.6312551661060176
2370,-0.5152426185436878,-0.3301444237401671,0.6312551661056539
2371,-0.515242618542601,-0.33014442374035396,0.6312551661060176
2372,-0.5152426185436878,-0.3301444237402294,0.6312551661056539
2373,-0.5152426185420576,-0.3301444237402917,0.6312551661060176
2374,-0.5152426185442311,-0.3301444237402917,0.6312551661056539
2375,-0.5152426185849865,-0.3301444237402917,0.6312551661060176
2376,-0.5152426185436878,-0.33014442374035396,0.6312551661060176
2377,-0.5152426185431443,-0.3301444237402294,0.6312551661056539
2378,-0.5152426185431443,-0.3301444237402917,0.6312551661060176
2379,-0.5152426185431443,-0.3301444237402294,0.6312551661056539
2380,-0.5152426185436878,-0.33014442374035396,0.6312551661060176
2381,-0.32501022173644983,0.10323256059230008,-0.3661082297943904
2382,-0.32501022173753663,0.10323256102525095,-0.3661082297943904
2383,-0.3250102217788354,0.10323256059223779,-0.3661082297943904
2384,-0.32501022173753663,0.10323256102518866,-0.3661082297943904
2385,-0.32501022173699323,0.10323256059230008,-0.36610822979402674
2386,-0.32501022173753663,0.10323256059230008,-0.3661082297943904
2387,-0.32501022173590643,0.10323256102525095,-0.3661082297943904
2388,-0.32501022173753663,0.10323256059230008,-0.3661082297943904
2389,-0.32501022177937877,0.10323256102512637,-0.3661082297943904
2390,-0.32501022173753663,0.10323256059230008,-0.3661082297943904
2391,-0.32501022173699323,0.10323256102525095,-0.3661082297943904
2392,-0.32501022173644983,0.10323256059230008,-0.3661082297943904
2393,-0.32501022173753663,0.10323256059230008,-0.36610822979402674
2394,-0.32501022173590643,0.10323256102512637,-0.3661082297943904
2395,-0.32501022178046557,0.10323256059242468,-0.3661082297943904
2396,-0.32501022173699323,0.10323256102512637,-0.3661082297943904
2397,-0.32501022173753663,0.10323256059230008,-0.3661082297943904
2398,-0.4763117046248726,0.08113063306178084,-0.7905626729132101
2399,-0.476311704625416,0.081130633494794,-0.7905626729135737
2400,-0.47631170466888834,0.08113063306184314,-0.7905626729132101
2401,-0.4763117046248726,0.081130633494794,-0.7905626729132101
2402,-0.476311704625416,0.08113063306178084,-0.7905626729132101
2403,-0.4763117046248726,0.0811306334949186,-0.7905626729135737
2404,-0.4763117046270462,0.08113063306178084,-0.7905626729132101
2405,-0.476311704625416,0.081130633494794,-0.7905626729132101
2406,-0.47631170462432915,0.08113063306184314,-0.7905626729132101
2407,-0.47631170466943173,0.08113063306178084,-0.7905626729135737
2408,-0.476311704625416,0.081130633494794,-0.7905626729132101
2409,-0.4763117046248726,0.08113063306190543,-0.7905626729132101
2410,-0.4763117046259594,0.081130633494794,-0.7905626729135737
2411,-0.4763117046248726,0.08113063306184314,-0.7905626729132101
2412,-0.4763117046683449,0.08113063349473171,-0.7905626729132101
2413,-0.4763117046259594,0.08113063306184314,-0.7905626729132101
2414,-0.4763117046248726,0.081130633494794,-0.7905626729135737
2415,-0.4763117046259594,0.08113063306178084,-0.7905626729132101
2416,-0.371063992527333,0.08316162116560678,-0.25169371192511303
2417,-0.3710639925267896,0.08316162116554449,-0.25169371192511303
2418,-0.371063992527333,0.08316162116560678,-0.2516937119247493
2419,-0.3710639925267896,0.08316162116548219,-0.25169371192511303
2420,-0.3710639925284199,0.08316162116560678,-0.25169371192511303
2421,-0.3710639925267896,0.08316162116554449,-0.25169371192511303
2422,-0.3710639925278764,0.08316162116560678,-0.25169371192511303
2423,-0.3710639925267896,0.08316162116548219,-0.2516937119247493
2424,-0.371063992527333,0.08316162116560678,-0.25169371192511303
2425,-0.3710639925267896,0.08316162116554449,-0.25169371192511303
2426,-0.3710639925267896,0.08316162116560678,-0.25169371192511303
2427,-0.3710639925278764,0.08316162116560678,-0.25169371192511303
2428,-0.3710639925284199,0.08316162116554449,-0.2516937119247493
2429,-0.3710639925267896,0.08316162116554449,-0.25169371192511303
2430,-0.371063992527333,0.08316162116566907,-0.25169371192511303
2431,-0.3710639925267896,0.08316162116541989,-0.25169371192511303
2432,-0.3710639925267896,0.08316162116566907,-0.25169371192511303
2433,-0.371063992527333,0.08316162116554449,-0.2516937119247493
2434,-0.3710639925267896,0.08316162116554449,-0.25169371192511303
2435,-0.3710639925284199,0.08316162116554449,-0.25169371192511303
2436,-0.3710639925278764,0.08316162116554449,-0.25169371192511303
2437,-0.3710639925267896,0.08316162116554449,-0.25169371192511303
2438,-0.3710639925267896,0.08316162116566907,-0.2516937119247493
2439,-0.371063992527333,0.08316162116541989,-0.25169371192511303
2440,-0.3710639925278764,0.08316162116566907,-0.25169371192511303
2441,-0.47094192337986934,-0.14837100360980995,-0.4137809455732257
2442,-0.4709419234238851,-0.1483710031767345,-0.4137809455732257
2443,-0.47094192338095614,-0.14837100360980995,-0.4137809455732257
2444,-0.4709419234227983,-0.14837100360980995,-0.4137809455732257
2445,-0.47094192338095614,-0.14837100360968536,-0.4137809455732257
2446,-0.4709419234238851,-0.14837100317685908,-0.4137809455732257
2447,-0.47094192338041274,-0.14837100360974764,-0.4137809455732257
2448,-0.4709419234238851,-0.14837100360974764,-0.4137809455732257
2449,-0.47094192337986934,-0.14837100360987224,-0.4137809455732257
2450,-0.4709419234238851,-0.14837100317685908,-0.4137809455732257
2451,-0.47094192338095614,-0.14837100360974764,-0.4137809455732257
2452,-0.4709419234227983,-0.14837100360974764,-0.4137809455732257
2453,-0.47094192338095614,-0.14837100360974764,-0.4137809455732257
2454,-0.4709419234238851,-0.14837100317685908,-0.4137809455732257
2455,-0.47094192338095614,-0.14837100360974764,-0.4137809455732257
2456,-0.1042423894017752,-0.06050405172799157,-0.25270395091600945
2457,-0.10424238944524752,-0.06050405172811616,-0.25270395091600945
2458,-0.1042423894023186,-0.06050405172811616,-0.2527039509156458
2459,-0.10424238944470413,-0.06050405172805386,-0.25270395091600945
2460,-0.1042423894023186,-0.06050405172811616,-0.25270395091600945
2461,-0.10424238944361731,-0.06050405172805386,-0.25270395091600945
2462,-0.10424238940340541,-0.06050405172811616,-0.25270395091600945
2463,-0.1042423894017752,-0.06050405172811616,-0.2527039509156458
2464,-0.10424238944524752,-0.06050405172811616,-0.25270395091600945
2465,-0.1042423894017752,-0.06050405172799157,-0.25270395091600945
2466,-0.10424238944524752,-0.06050405172805386,-0.25270395091600945
2467,-0.1042423894017752,-0.06050405172811616,-0.2527039509156458
2468,-0.1042423894023186,-0.06050405172799157,-0.25270395091600945
2469,-0.10424238944470413,-0.06050405172817846,-0.25270395091600945
2470,-0.1042423894023186,-0.06050405172811616,-0.25270395091600945
2471,-0.10424238944470413,-0.06050405172811616,-0.25270395091600945
2472,-0.1042423894023186,-0.06050405172799157,-0.2527039509156458
2473,-0.10424238944470413,-0.06050405172805386,-0.25270395091600945
2474,-0.1042423894023186,-0.06050405216112933,-0.25270395091600945
2475,-0.1042423894017752,-0.06050405172799157,-0.25270395091600945
2476,-0.10424238944524752,-0.06050405172811616,-0.25270395091600945
2477,-0.1042423894017752,-0.06050405172805386,-0.2527039509156458
2478,-0.10424238944524752,-0.06050405172811616,-0.25270395091600945
2479,-0.1042423894017752,-0.06050405172799157,-0.25270395091600945
2480,-0.10424238944579094,-0.06050405172811616,-0.25270395091600945
2481,-0.10424238940123179,-0.06050405172817846,-0.25270395091600945
2482,-0.104242389402862,-0.06050405172799157,-0.2527039509156458
2483,-0.10424238944524752,-0.06050405172811616,-0.25270395091600945
2484,-0.1042423894017752,-0.06050405172805386,-0.25270395091600945
2485,-0.10424238944524752,-0.06050405172811616,-0.25270395091600945
2486,-0.1042423894017752,-0.06050405172811616,-0.2527039509156458
2487,-0.10424238940123179,-0.06050405172799157,-0.25270395091600945
2488,-0.10424238944633434,-0.06050405172811616,-0.25270395091600945
2489,-0.1042423894017752,-0.06050405172805386,-0.25270395091600945
2490,-0.10424238944524752,-0.06050405172811616,-0.25270395091600945
2491,-0.1042423894017752,-0.06050405172811616,-0.2527039509156458
2492,-0.10424238944470413,-0.06050405172811616,-0.25270395091600945
2493,-0.1042423894023186,-0.06050405172805386,-0.25270395091600945
2494,-0.5273246263228013,-0.06611599233593578,-0.7816763114194695
2495,-0.5273246263228013,-0.06611599190298491,-0.7816763114194695
2496,-0.5273246263217145,-0.06611599190298491,-0.7816763114194695
2497,-0.5273246262804158,-0.06611599233587348,-0.7816763114194695
2498,-0.527324626322258,-0.06611599233593578,-0.7816763114194695
2499,-0.527324626322258,-0.06611599190298491,-0.7816763114194695
2500,-0.5273246263228013,-0.06611599190304719,-0.7816763114191058
2501,-0.527324626322258,-0.06611599233593578,-0.7816763114194695
2502,-0.5273246262804158,-0.06611599233587348,-0.7816763114194695
2503,-0.5273246263217145,-0.06611599190298491,-0.7816763114194695
2504,-0.5273246263228013,-0.06611599190298491,-0.7816763114194695
2505,-0.5273246263228013,-0.06611599233593578,-0.7816763114194695
2506,-0.6561993758110845,-0.03869765510034819,-0.29648097385424943
2507,-0.6561993758561869,-0.03869765466745961,-0.2964809738538857
2508,-0.6561993758121712,-0.038697655100223605,-0.29648097385424943
2509,-0.6561993758561869,-0.03869765466752191,-0.29648097385424943
2510,-0.6561993758110845,-0.03869765510034819,-0.2964809738538857
2511,-0.6561993758121712,-0.038697655100223605,-0.29648097385424943
2512,-0.6561993758545568,-0.03869765466745961,-0.29648097385424943
2513,-0.6561993758127146,-0.03869765510034819,-0.29648097385424943
2514,-0.6561993758551001,-0.038697654667335026,-0.2964809738538857
2515,-0.6561993758116278,-0.03869765510041049,-0.29648097385424943
2516,-0.2523151161873371,-0.05668640539174588,-0.23706929986650815
2517,-0.2523151161867937,-0.056686404958919606,-0.23706929986650815
2518,-0.2523151161873371,-0.056686405391870476,-0.23706929986650815
2519,-0.2523151161878805,-0.05668640539180818,-0.23706929986687186
2520,-0.2523151161862503,-0.05668640539174588,-0.23706929986650815
2521,-0.2523151161867937,-0.05668640495885731,-0.23706929986650815
2522,-0.2523151161878805,-0.056686405391932766,-0.23706929986650815
2523,-0.2523151161873371,-0.05668640539174588,-0.23706929986650815
2524,-0.2523151161862503,-0.056686404958919606,-0.23706929986650815
2525,-0.2523151161862503,-0.056686405391870476,-0.23706929986650815
2526,-0.25231511623135283,-0.056686405391870476,-0.23706929986687186
2527,-0.2523151161862503,-0.05668640539174588,-0.23706929986650815
2528,-0.2523151161873371,-0.056686404958919606,-0.23706929986650815
2529,-0.2523151161867937,-0.05668640539180818,-0.23706929986650815
2530,-0.2523151161873371,-0.05668640539174588,-0.23706929986650815
2531,-0.2523151161867937,-0.0566864049589819,-0.23706929986650815
2532,-0.2523151161873371,-0.05668640539180818,-0.23706929986650815
2533,-0.2523151161867937,-0.05668640539174588,-0.23706929986687186
2534,-0.2523151161873371,-0.056686405391870476,-0.23706929986650815
2535,-0.2523151161867937,-0.056686404958919606,-0.23706929986650815
2536,-0.2523151161873371,-0.056686405391870476,-0.23706929986650815
2537,-0.8398458938697222,-0.25195138824080704,-0.7763444945231524
2538,-0.8398458939131945,-0.25195138824105623,-0.7763444945231524
2539,-0.839845893870809,-0.25195138824099395,-0.7763444945231524
2540,-0.8398458939126512,-0.25195138824093166,-0.7763444945231524
2541,-0.8398458938702656,-0.25195138824093166,-0.7763444945231524
2542,-0.839845893870809,-0.25195138780804305,-0.7763444945227886
2543,-0.8398458939126512,-0.25195138824099395,-0.7763444945231524
2544,-0.839845893870809,-0.25195138824093166,-0.7763444945231524
2545,-0.8398458939131945,-0.25195138824093166,-0.7763444945231524
2546,-0.8398458938691789,-0.25195138824099395,-0.7763444945231524
2547,-0.6900289975689099,-0.04479061854561278,0.15139164543675093
2548,-0.6900289975694534,-0.04479061897862595,0.1513916454371146
2549,-0.6900289975678231,-0.04479061897856365,0.15139164543675093
2550,-0.6900289975694534,-0.04479061854567508,0.1513916454371146
2551,-0.690028997610752,-0.044790618545550484,0.15139164543675093
2552,-0.6900289975683666,-0.04479061897862595,0.15139164543675093
2553,-0.6900289975699967,-0.04479061897856365,0.1513916454371146
2554,-0.6900289975683666,-0.04479061854561278,0.15139164543675093
2555,-0.6900289975689099,-0.04479061854561278,0.1513916454371146
2556,-0.6900289975683666,-0.04479061897856365,0.15139164543675093
2557,-0.6658649820536118,-0.050883582423952835,-0.7763444945231524
2558,-0.6658649820514382,-0.050883582856779117,-0.7763444945231524
2559,-0.6658649820106828,-0.05088358242382824,-0.7763444945231524
2560,-0.665864982052525,-0.05088358285684141,-0.7763444945231524
2561,-0.6658649820536118,-0.05088358242382824,-0.7763444945227886
2562,-0.665864982052525,-0.05088358242389054,-0.7763444945231524
2563,-0.665864982052525,-0.05088358285684141,-0.7763444945231524
2564,-0.6658649820106828,-0.05088358242382824,-0.7763444945231524
2565,-0.6658649820519815,-0.050883582856779117,-0.7763444945231524
2566,-0.6658649820530683,-0.050883582423952835,-0.7763444945231524
2567,-0.8146079221058582,-0.19982269790804572,-0.8616535648642261
2568,-0.8146079221053147,-0.19982269790804572,-0.8616535648642261
2569,-0.8146079221053147,-0.199822697908108,-0.8616535648645898
2570,-0.8146079221047714,-0.19982269790804572,-0.8616535648642261
2571,-0.8146079221058582,-0.19982269747515713,-0.8616535648642261
2572,-0.8146079221053147,-0.199822697908108,-0.8616535648642261
2573,-0.8146079221053147,-0.19982269790804572,-0.8616535648645898
2574,-0.8146079221047714,-0.19982269790804572,-0.8616535648642261
2575,-0.8146079221058582,-0.199822697908108,-0.8616535648642261
2576,-0.734732426313646,-0.1955914729084559,-1.1682330364026412
2577,-0.7347324263141894,-0.1955914729085182,-1.168233036403005
2578,-0.7347324263147329,-0.1955914729083936,-1.1682330364026412
2579,-0.7347324263141894,-0.19559147334140678,-1.168233036403005
2580,-0.7347324263131026,-0.1955914729084559,-1.1682330364026412
2581,-0.7347324263141894,-0.1955914729083936,-1.1682330364026412
2582,-0.7347324263141894,-0.1955914729085182,-1.168233036403005
2583,-0.7347324263131026,-0.1955914729083936,-1.1682330364026412
2584,-0.807224472904643,-0.08134840181509244,-1.1682330364026412
2585,-0.807224472904643,-0.08134840138214157,-1.168233036403005
2586,-0.8072244729470286,-0.08134840181503014,-1.1682330364026412
2587,-0.807224472904643,-0.08134840138207927,-1.1682330364026412
2588,-0.807224472904643,-0.08134840181509244,-1.168233036403005
2589,-0.8072244729475719,-0.08134840181496784,-1.1682330364026412
2590,-0.8072244729035563,-0.08134840138214157,-1.168233036403005
2591,-0.807224472904643,-0.08134840181509244,-1.1682330364026412
2592,-0.3558751827820794,-0.18144709292524652,0.10569035775429268
2593,-0.3558751827386071,-0.18144709249229565,0.10569035775392899
2594,-0.3558751827820794,-0.18144709249217106,0.10569035775429268
2595,-0.3558751827386071,-0.18144709292530883,0.10569035775392899
2596,-0.3558751827820794,-0.18144709292524652,0.10569035775429268
2597,-0.3558751827380637,-0.18144709249229565,0.10569035775392899
2598,-0.3558751827820794,-0.18144709249229565,0.10569035775429268
2599,-0.3558751827826228,-0.18144709292524652,0.10569035775429268
2600,-0.3558751827386071,-0.18144709292518424,0.10569035775392899
2601,-0.3558751827820794,-0.18144709249229565,0.10569035775429268
2602,-0.3558751827386071,-0.18144709249235796,0.10569035775392899
2603,-0.3558751827820794,-0.18144709292530883,0.10569035775429268
2604,-0.3558751827380637,-0.18144709292518424,0.10569035775392899
2605,-0.355875182781536,-0.18144709249223337,0.10569035775429268
2606,0.24477320336396188,0.024553112263041594,-0.008562861452762171
2607,0.2447732033655921,0.024553112263041594,-0.008562861452762171
2608,0.2447732033645053,0.02455311183027761,-0.008562861452762171
2609,0.24477320336396188,0.024553112263041594,-0.008562861452762171
2610,0.2447732033655921,0.02455311226310389,-0.008562861452762171
2611,0.24477320336396188,0.024553112263041594,-0.008562861452762171
2612,0.2447732033650487,0.024553112263041594,-0.008562861452762171
2613,0.2447732033645053,0.02455311183027761,-0.008562861452762171
2614,0.2447732033650487,0.024553112263041594,-0.008562861452762171
2615,0.2447732033645053,0.024553112263041594,-0.008562861452762171
2616,0.24477320340797762,0.02455311226310389,-0.008562861452762171
2617,0.2447732033645053,0.024553112263041594,-0.008562861452762171
2618,0.2447732033650487,0.024553112263166185,-0.008562861452762171
2619,0.2447732033645053,0.02455311183015302,-0.008562861452762171
2620,0.2447732033650487,0.024553112263041594,-0.008562861452762171
2621,0.2447732033645053,0.02455311226310389,-0.008562861452762171
2622,0.2447732033650487,0.024553112263166185,-0.008562861452762171
2623,0.2447732033655921,0.024553112263041594,-0.008562861452762171
2624,0.24477320336396188,0.024553111830090724,-0.008562861452762171
2625,0.2447732033645053,0.024553112263166185,-0.008562861452762171
2626,0.24477320336396188,0.024553112263041594,-0.008562861452762171
2627,-0.12678776278234052,-0.09796557567412383,-0.4302611068891149
2628,-0.12678776273941159,-0.09796557567424842,-0.4302611068891149
2629,-0.12678776278342732,-0.09796557567418612,-0.4302611068891149
2630,-0.1267877627410418,-0.09796557567418612,-0.4302611068891149
2631,-0.12678776278288392,-0.09796557567418612,-0.4302611068891149
2632,-0.12678776278234052,-0.09796557524129755,-0.4302611068891149
2633,-0.1267877627404984,-0.09796557567418612,-0.4302611068891149
2634,-0.12678776278288392,-0.09796557567424842,-0.4302611068891149
2635,-0.1267877627404984,-0.09796557567412383,-0.4302611068891149
2636,-0.12678776278342732,-0.09796557567424842,-0.4302611068891149
2637,-0.12678776273941159,-0.09796557567412383,-0.4302611068894786
2638,-0.12678776278397075,-0.09796557567424842,-0.4302611068891149
2639,-0.12678776278288392,-0.09796557567412383,-0.4302611068891149
2640,-0.12678776273941159,-0.09796557567424842,-0.4302611068891149
2641,-0.12678776278342732,-0.09796557567418612,-0.4302611068891149
2642,-0.1267877627404984,-0.09796557567418612,-0.4302611068891149
2643,-0.12678776278288392,-0.09796557524135985,-0.4302611068891149
2644,-0.12678776278342732,-0.09796557567412383,-0.4302611068891149
2645,-0.12678776273941159,-0.09796557567424842,-0.4302611068891149
2646,-0.12678776278397075,-0.09796557567418612,-0.4302611068891149
2647,-0.12678776273995498,-0.09796557567424842,-0.4302611068891149
2648,-0.12678776278234052,-0.09796557567412383,-0.4302611068891149
2649,-0.4900717690489252,-0.05469168479371085,-0.008562861452762171
2650,-0.49007176900708305,-0.054691685226474836,-0.008562861452762171
2651,-0.4900717690483818,-0.05469168479371085,-0.008562861452762171
2652,-0.49007176900708305,-0.054691685226599424,-0.008562861452762171
2653,-0.4900717690483818,-0.054691684793648554,-0.008562861452762171
2654,-0.490071769050012,-0.054691684793648554,-0.008562861452762171
2655,-0.49007176900653965,-0.05469168522653713,-0.008562861452762171
2656,-0.4900717690489252,-0.05469168479371085,-0.008562861452762171
2657,-0.4900717690494686,-0.054691684793586264,-0.008562861452762171
2658,-0.49007176900653965,-0.054691685226599424,-0.008562861452762171
2659,-0.4900717690489252,-0.05469168479371085,-0.008562861452762171
2660,-0.4900717690489252,-0.054691684793586264,-0.008562861452762171
2661,-0.49007176900653965,-0.054691685226599424,-0.008562861452762171
2662,-0.4900717690489252,-0.05469168479371085,-0.008562861452762171
2663,-0.49007176900653965,-0.054691685226599424,-0.008562861452762171
2664,-0.490071769050012,-0.054691684793648554,-0.008562861452762171
2665,-0.18298740497372348,-0.05849978716340657,-0.2618241640280064
2666,-0.18298740493242477,-0.05849978759635744,-0.2618241640280064
2667,-0.18298740497372348,-0.05849978716340657,-0.2618241640280064
2668,-0.18298740493133797,-0.05849978759635744,-0.2618241640283701
2669,-0.1829874049748103,-0.05849978716340657,-0.2618241640280064
2670,-0.18298740493133797,-0.05849978716346887,-0.2618241640280064
2671,-0.1829874049742669,-0.05849978759635744,-0.2618241640280064
2672,-0.18298740493079457,-0.05849978716346887,-0.2618241640280064
2673,-0.1829874049758971,-0.05849978759635744,-0.2618241640280064
2674,-0.18298740493133797,-0.05849978716346887,-0.2618241640280064
2675,-0.1829874049742669,-0.05849978759635744,-0.2618241640280064
2676,-0.18298740493079457,-0.05849978716334428,-0.2618241640280064
2677,-0.1829874049742669,-0.05849978716346887,-0.2618241640283701
2678,-0.1829874049748103,-0.05849978759641974,-0.2618241640280064
2679,-0.18298740493133797,-0.05849978716340657,-0.2618241640280064
2680,-0.1829874049742669,-0.05849978759635744,-0.2618241640280064
2681,-0.18298740493188137,-0.05849978716346887,-0.2618241640280064
2682,-0.1829874049748103,-0.05849978759635744,-0.2618241640280064
2683,-0.18298740493133797,-0.05849978716340657,-0.2618241640280064
2684,-0.1829874049742669,-0.05849978716340657,-0.2618241640283701
2685,-0.18298740493188137,-0.05849978759641974,-0.2618241640280064
2686,-0.1829874049742669,-0.05849978716346887,-0.2618241640280064
2687,-0.18298740493079457,-0.05849978759635744,-0.2618241640280064
2688,-0.1829874049742669,-0.05849978716334428,-0.2618241640280064
2689,-0.5390968389925616,-0.15868217295020834,-0.8452479744142434
2690,-0.5390968390349471,-0.15868217295008374,-0.8452479744138797
2691,-0.5390968389925616,-0.15868217295020834,-0.8452479744142434
2692,-0.5390968390349471,-0.1586821733829723,-0.8452479744138797
2693,-0.5390968389925616,-0.15868217295014603,-0.8452479744142434
2694,-0.5390968389925616,-0.15868217295008374,-0.8452479744138797
2695,-0.5390968390344036,-0.15868217295020834,-0.8452479744142434
2696,-0.5390968389920181,-0.15868217295008374,-0.8452479744138797
2697,-0.5390968389925616,-0.15868217295020834,-0.8452479744142434
2698,-0.5390968390354904,-0.1586821733829723,-0.8452479744138797
2699,-0.5390968389925616,-0.15868217295020834,-0.8452479744142434
2700,-0.5390968390349471,-0.15868217295008374,-0.8452479744138797
2701,-0.5390968389914748,-0.15868217295020834,-0.8452479744142434
2702,-0.6276419029259104,-0.27798496066350675,-1.6662732055818983
2703,-0.627641902925367,-0.2779849610965822,-1.6662732055818983
2704,-0.6276419029269972,-0.2779849606636313,-1.6662732055818983
2705,-0.627641902925367,-0.27798496066350675,-1.6662732055818983
2706,-0.6276419029248236,-0.2779849610965199,-1.6662732055818983
2707,-0.6276419029259104,-0.27798496066356904,-1.666273205582262
2708,-0.6276419029264538,-0.2779849610965822,-1.6662732055818983
2709,-0.6276419029259104,-0.27798496066356904,-1.6662732055818983
2710,-0.627641902925367,-0.2779849606636313,-1.6662732055818983
2711,-0.6276419029259104,-0.2779849610964576,-1.6662732055818983
2712,-0.6276419029264538,-0.2779849606636313,-1.6662732055818983
2713,-0.6223697540983615,-0.1910217503244919,0.43930975783823817
2714,-0.6223697540559759,-0.19102174989147871,0.43930975783823817
2715,-0.6223697540983615,-0.1910217503244919,0.43930975783823817
2716,-0.6223697540554326,-0.1910217498916033,0.43930975783823817
2717,-0.6223697540989048,-0.1910217503244919,0.43930975783823817
2718,-0.622369754097818,-0.1910217503243673,0.4393097578386019
2719,-0.6223697540559759,-0.1910217498916033,0.43930975783823817
2720,-0.6223697540983615,-0.1910217503244919,0.43930975783823817
2721,-0.6223697540559759,-0.19102174989154103,0.43930975783823817
2722,-0.622369754097818,-0.1910217503244919,0.43930975783823817
2723,-0.39039520496619834,-0.19015132672775897,-0.7854847520596441
2724,-0.390395204922726,-0.19015132672775897,-0.7854847520596441
2725,-0.39039520496511154,-0.19015132672763438,-0.7854847520596441
2726,-0.39039520496674174,-0.19015132672788357,-0.7854847520596441
2727,-0.39039520496511154,-0.19015132672775897,-0.7854847520596441
2728,-0.39039520492326946,-0.1901513267276967,-0.7854847520596441
2729,-0.39039520496511154,-0.19015132672775897,-0.7854847520600077
2730,-0.39039520496619834,-0.19015132672775897,-0.7854847520596441
2731,-0.390395204922726,-0.19015132672775897,-0.7854847520596441
2732,-0.39039520496619834,-0.19015132672782128,-0.7854847520596441
2733,-0.39039520496456814,-0.19015132672775897,-0.7854847520596441
2734,-0.39039520496619834,-0.19015132672775897,-0.7854847520596441
2735,-0.39039520492381286,-0.19015132672775897,-0.7854847520596441
2736,-0.39039520496511154,-0.1901513267276967,-0.7854847520596441
2737,-0.2708469175957302,-0.03805629016255257,0.07562372112060835
2738,-0.2708469175517145,-0.03805629059550344,0.07562372112097204
2739,-0.2708469175957302,-0.03805629016261486,0.07562372112060835
2740,-0.2708469175517145,-0.03805629059544114,0.07562372112060835
2741,-0.2708469175957302,-0.038056290162677156,0.07562372112097204
2742,-0.27084691755225787,-0.03805629059544114,0.07562372112060835
2743,-0.2708469175946434,-0.03805629016255257,0.07562372112097204
2744,-0.2708469175538881,-0.03805629059544114,0.07562372112060835
2745,-0.2708469175946434,-0.038056290162677156,0.07562372112060835
2746,-0.27084691755225787,-0.03805629059544114,0.07562372112097204
2747,-0.2708469175957302,-0.038056290162677156,0.07562372112060835
2748,-0.2708469175517145,-0.03805629059544114,0.07562372112060835
2749,-0.2708469175957302,-0.03805629016255257,0.07562372112097204
2750,-0.2708469175517145,-0.03805629059544114,0.07562372112060835
2751,-0.2708469175957302,-0.038056290162677156,0.07562372112097204
2752,-0.27084691755225787,-0.03805629059544114,0.07562372112060835
2753,-0.2708469175951868,-0.038056290162677156,0.07562372112060835
2754,-0.27084691755225787,-0.03805629059544114,0.07562372112097204
2755,-0.2708469175962736,-0.03805629016261486,0.07562372112060835
2756,-0.29942479354748913,-0.3161067127890625,-0.5542900026055823
2757,-0.29942479350673384,-0.31610671322220024,-0.554290002605946
2758,-0.2994247935491194,-0.3161067127891248,-0.5542900026055823
2759,-0.29942479354803253,-0.3161067132220757,-0.5542900026055823
2760,-0.29942479350564705,-0.3161067127892494,-0.554290002605946
2761,-0.2994247935491194,-0.3161067132220757,-0.5542900026055823
2762,-0.29942479354803253,-0.3161067127892494,-0.5542900026055823
2763,-0.29942479350619045,-0.3161067132220757,-0.554290002605946
2764,-0.29942479354857593,-0.31610671278918706,-0.5542900026055823
2765,-0.2994247935051036,-0.3161067132220757,-0.554290002605946
2766,-0.2994247935502062,-0.3161067127891248,-0.5542900026055823
2767,-0.29942479354857593,-0.31610671322220024,-0.5542900026055823
2768,-0.2994247935051036,-0.31610671278918706,-0.554290002605946
2769,-0.2994247935491194,-0.3161067132220134,-0.5542900026055823
2770,-0.2994247935491194,-0.3161067127893117,-0.5542900026055823
2771,-0.2994247935051036,-0.3161067132220134,-0.554290002605946
2772,-0.29942479354857593,-0.3161067127893117,-0.5542900026055823
2773,-0.24541111174181884,-0.38218848946048406,-0.7683467691784949
2774,-0.24541111174181884,-0.3821884898935595,-0.7683467691788586
2775,-0.24541111178474778,-0.3821884894606086,-0.7683467691784949
2776,-0.24541111174127545,-0.38218848946067097,-0.7683467691788586
2777,-0.24541111174127545,-0.3821884894606086,-0.7683467691784949
2778,-0.24541111174236224,-0.38218848946054634,-0.7683467691788586
2779,-0.24541111174127545,-0.3821884898936218,-0.7683467691784949
2780,-0.24541111178529118,-0.38218848946067097,-0.7683467691788586
2781,-0.24541111174073205,-0.3821884894606086,-0.7683467691784949
2782,-0.24541111174290567,-0.3821884898935595,-0.7683467691784949
2783,-0.24541111174127545,-0.38218848946048406,-0.7683467691788586
2784,-0.24541111174073205,-0.38218848946067097,-0.7683467691784949
2785,-0.24541111174236224,-0.3821884894606086,-0.7683467691788586
2786,-0.24541111178474778,-0.3821884894606086,-0.7683467691784949
2787,-0.24541111174181884,-0.3821884898935595,-0.7683467691788586
2788,-0.24541111174127545,-0.3821884894606086,-0.7683467691784949
2789,-0.3288868017803285,-0.47185199118512244,-0.7065461642440921
2790,-0.3288868017792417,-0.4718519907519847,-0.7065461642437284
2791,-0.3288868017797851,-0.4718519911849978,-0.7065461642440921
2792,-0.3288868017803285,-0.47185199118506016,-0.7065461642440921
2793,-0.3288868017792417,-0.4718519911849978,-0.7065461642440921
2794,-0.3288868017797851,-0.471851990752047,-0.7065461642437284
2795,-0.3288868017803285,-0.47185199118506016,-0.7065461642440921
2796,-0.3288868017792417,-0.4718519911849978,-0.7065461642440921
2797,-0.3288868017792417,-0.47185199118487325,-0.7065461642440921
2798,-0.3288868017803285,-0.4718519907522339,-0.7065461642437284
2799,-0.3288868017797851,-0.47185199118493554,-0.7065461642440921
2800,-0.03960972104213819,-0.017338051611284554,-0.008562861452762171
2801,-0.03960972099866586,-0.017338051611222257,-0.008562861452762171
2802,-0.039609721041051385,-0.017338051178333685,-0.008562861452762171
2803,-0.03960972100029607,-0.017338051611284554,-0.008562861452762171
2804,-0.039609721041051385,-0.017338051611222257,-0.008562861452762171
2805,-0.03960972099866586,-0.017338051611284554,-0.008562861452762171
2806,-0.03960972104213819,-0.01733805117839598,-0.008562861452762171
2807,-0.039609720998122454,-0.017338051611284554,-0.008562861452762171
2808,-0.039609721043225,-0.017338051611222257,-0.008562861452762171
2809,-0.03960972104159479,-0.017338051611222257,-0.008562861452762171
2810,-0.039609720998122454,-0.01733805117839598,-0.008562861452762171
2811,-0.03960972104213819,-0.017338051611222257,-0.008562861452762171
2812,-0.039609720999209265,-0.017338051611222257,-0.008562861452762171
2813,-0.039609721041051385,-0.017338051611284554,-0.008562861452762171
2814,-0.039609720999209265,-0.01733805117839598,-0.008562861452762171
2815,-0.03960972104159479,-0.017338051611284554,-0.008562861452762171
2816,-0.03960972104213819,-0.017338051611222257,-0.008562861452762171
2817,-0.039609720999752664,-0.017338051611284554,-0.008562861452762171
2818,-0.039609721041051385,-0.017338051611222257,-0.008562861452762171
2819,-0.039609720999209265,-0.017338051178333685,-0.008562861452762171
2820,-0.03960972104213819,-0.017338051611284554,-0.008562861452762171
2821,-0.03960972099866586,-0.017338051611222257,-0.008562861452762171
2822,-0.03960972104159479,-0.01733805161134685,-0.008562861452762171
2823,-0.03960972099866586,-0.017338051178271387,-0.008562861452762171
2824,-0.03960972104213819,-0.017338051611222257,-0.008562861452762171
2825,-0.039609721042681595,-0.017338051611222257,-0.008562861452762171
2826,-0.03960972099757905,-0.01733805161134685,-0.008562861452762171
2827,-0.039609721042681595,-0.017338051178333685,-0.008562861452762171
2828,-0.039609720998122454,-0.017338051611284554,-0.008562861452762171
2829,-0.03960972104213819,-0.017338051611222257,-0.008562861452762171
2830,-0.039609720999209265,-0.01733805161134685,-0.008562861452762171
2831,-0.039609721041051385,-0.017338051178271387,-0.008562861452762171
2832,-0.039609721042681595,-0.017338051611222257,-0.008562861452762171
2833,-0.039609720998122454,-0.017338051611222257,-0.008562861452762171
2834,-0.03960972104213819,-0.01733805161134685,-0.008562861452762171
2835,-0.039609720999209265,-0.017338051611284554,-0.008562861452762171
2836,-0.03960972104159479,-0.017338051178333685,-0.008562861452762171
2837,-0.039609720999752664,-0.017338051611222257,-0.008562861452762171
2838,-0.03960972104159479,-0.017338051611284554,-0.008562861452762171
2839,-0.03960972099866586,-0.017338051611222257,-0.008562861452762171
2840,-0.03960972104213819,-0.017338051178333685,-0.008562861452762171
2841,-0.039609721041051385,-0.01733805161134685,-0.008562861452762171
2842,-0.039609720999209265,-0.017338051611284554,-0.008562861452762171
2843,-0.03960972104213819,-0.017338051611222257,-0.008562861452762171
2844,-0.03960972099866586,-0.017338051178333685,-0.008562861452762171
2845,-0.03960972104213819,-0.017338051611284554,-0.008562861452762171
2846,-0.039609720998122454,-0.017338051611222257,-0.008562861452762171
2847,-0.03960972104213819,-0.017338051611222257,-0.008562861452762171
2848,-0.03960972104159479,-0.017338051178333685,-0.008562861452762171
2849,-0.039609720999209265,-0.01733805161134685,-0.008562861452762171
2850,-0.03960972104213819,-0.017338051611284554,-0.008562861452762171
2851,-0.039609720998122454,-0.017338051611222257,-0.008562861452762171
2852,-0.03960972104213819,-0.017338051178271387,-0.008562861452762171
2853,-0.03960972099866586,-0.01733805161134685,-0.008562861452762171
2854,-0.03960972104159479,-0.017338051611222257,-0.008562861452762171
2855,-0.039609720999752664,-0.017338051611284554,-0.008562861452762171
2856,-0.03960972104159479,-0.017338051611222257,-0.008562861452762171
2857,-0.03960972104213819,-0.017338051178333685,-0.008562861452762171
2858,-0.039609720999209265,-0.017338051611222257,-0.008562861452762171
2859,-0.039609721041051385,-0.017338051611284554,-0.008562861452762171
2860,-0.039609720999209265,-0.017338051611222257,-0.008562861452762171
2861,-0.03960972104159479,-0.017338051178458273,-0.008562861452762171
2862,-0.039609720999209265,-0.017338051611222257,-0.008562861452762171
2863,-0.03960972104213819,-0.017338051611284554,-0.008562861452762171
2864,-0.03960972104159479,-0.017338051611222257,-0.008562861452762171
2865,-0.039609720999209265,-0.017338051178333685,-0.008562861452762171
2866,-0.039609721041051385,-0.017338051611284554,-0.008562861452762171
2867,-0.039609720999209265,-0.017338051611222257,-0.008562861452762171
2868,-0.03960972104213819,-0.017338051611222257,-0.008562861452762171
2869,-0.03960972099866586,-0.017338051178458273,-0.008562861452762171
2870,-0.03960972104159479,-0.017338051611222257,-0.008562861452762171
2871,-0.03960972099866586,-0.017338051611284554,-0.008562861452762171
2872,-0.03960972104213819,-0.017338051611222257,-0.008562861452762171
2873,-0.03960972104213819,-0.017338051611284554,-0.008562861452762171
2874,-0.039609720998122454,-0.017338051178333685,-0.008562861452762171
2875,-0.039609721042681595,-0.017338051611222257,-0.008562861452762171
2876,-0.039609720999209265,-0.017338051611284554,-0.008562861452762171
2877,-0.03960972104159479,-0.01733805161134685,-0.008562861452762171
2878,-0.03960972099866586,-0.017338051178333685,-0.008562861452762171
2879,-0.03960972104159479,-0.017338051611222257,-0.008562861452762171
2880,-0.03960972104213819,-0.017338051611222257,-0.008562861452762171
2881,-0.039609720999209265,-0.017338051611284554,-0.008562861452762171
2882,-0.039609721041051385,-0.017338051178333685,-0.008562861452762171
2883,-0.039609720999209265,-0.017338051611222257,-0.008562861452762171
2884,-0.039609721042681595,-0.017338051611284554,-0.008562861452762171
2885,-0.03960972099866586,-0.01733805161134685,-0.008562861452762171
2886,-0.03960972104159479,-0.017338051178209093,-0.008562861452762171
2887,-0.03960972099866586,-0.017338051611284554,-0.008562861452762171
2888,-0.039609721041051385,-0.017338051611222257,-0.008562861452762171
2889,-0.04452953681708589,0.03720746023207389,-0.13960992733810695
2890,-0.04452953686110162,0.037207460665211654,-0.13960992733847064
2891,-0.044529536815999075,0.03720746023213619,-0.13960992733810695
2892,-0.04452953681708589,0.037207460665211654,-0.13960992733847064
2893,-0.04452953686110162,0.03720746023213619,-0.13960992733810695
2894,-0.044529536815999075,0.037207460665211654,-0.13960992733847064
2895,-0.04452953681708589,0.03720746023207389,-0.13960992733810695
2896,-0.04452953681708589,0.03720746023219849,-0.13960992733810695
2897,-0.04452953686001481,0.03720746066514936,-0.13960992733847064
2898,-0.04452953681708589,0.03720746023219849,-0.13960992733810695
2899,-0.044529536815999075,0.03720746066514936,-0.13960992733847064
2900,-0.04452953686001481,0.03720746023219849,-0.13960992733810695
2901,-0.04452953681708589,0.03720746066508706,-0.13960992733847064
2902,-0.04452953681708589,0.03720746023226078,-0.13960992733810695
2903,-0.044529536860558216,0.03720746066508706,-0.13960992733847064
2904,-0.04452953681708589,0.03720746023219849,-0.13960992733810695
2905,-0.04452953681654248,0.03720746023213619,-0.13960992733810695
2906,-0.04452953681708589,0.037207460665211654,-0.13960992733847064
2907,-0.04452953686001481,0.03720746023213619,-0.13960992733810695
2908,-0.04452953681708589,0.037207460665211654,-0.13960992733847064
2909,-0.04452953681708589,0.03720746023219849,-0.13960992733810695
2910,-0.04452953685892801,0.03720746066502477,-0.13960992733847064
2911,-0.04452953681708589,0.03720746023219849,-0.13960992733810695
2912,-0.04452953681708589,0.03720746023219849,-0.13960992733810695
2913,-0.04452953686001481,0.03720746066514936,-0.13960992733847064
2914,-0.04452953681708589,0.03720746023219849,-0.13960992733810695
2915,-0.04452953681708589,0.03720746066508706,-0.13960992733847064
2916,-0.04452953681708589,0.03720746023219849,-0.13960992733810695
2917,-0.04452953685892801,0.03720746066514936,-0.13960992733847064
2918,-0.04452953681708589,0.03720746023219849,-0.13960992733810695
2919,-0.04452953681708589,0.03720746023226078,-0.13960992733810695
2920,-0.04452953686001481,0.03720746066508706,-0.13960992733847064
2921,-0.04452953681708589,0.03720746023213619,-0.13960992733810695
2922,-0.04452953681708589,0.03720746066508706,-0.13960992733847064
2923,-0.044529536860558216,0.037207460232323075,-0.13960992733810695
2924,-0.044529536815999075,0.03720746066508706,-0.13960992733847064
2925,-0.04452953681708589,0.03720746023226078,-0.13960992733810695
2926,-0.04452953681708589,0.03720746023207389,-0.13960992733810695
2927,-0.04452953686001481,0.03720746066514936,-0.13960992733847064
2928,-0.04452953681708589,0.03720746023219849,-0.13960992733810695
2929,-0.04452953681654248,0.03720746066514936,-0.13960992733847064
2930,-0.04452953686001481,0.03720746023219849,-0.13960992733810695
2931,-0.04452953681654248,0.03720746066508706,-0.13960992733847064
2932,-0.04452953681817269,0.03720746023219849,-0.13960992733810695
2933,-0.04452953685892801,0.03720746066514936,-0.13960992733847064
2934,-0.04452953681708589,0.03720746023219849,-0.13960992733810695
2935,-0.04452953681708589,0.03720746023226078,-0.13960992733810695
2936,-0.04452953681708589,0.03720746066496247,-0.13960992733847064
2937,-0.04452953685947141,0.037207460232323075,-0.13960992733810695
2938,-0.04452953681654248,0.03720746066508706,-0.13960992733847064
2939,-0.04452953681708589,0.03720746023226078,-0.13960992733810695
2940,-0.04452953686110162,0.03720746066508706,-0.13960992733847064
2941,-0.04452953681708589,0.03720746023213619,-0.13960992733810695
2942,-0.04452953681708589,0.03720746023219849,-0.13960992733810695
2943,-0.04452953685892801,0.037207460665211654,-0.13960992733847064
2944,-0.04452953681708589,0.03720746023213619,-0.13960992733810695
2945,-0.04452953681708589,0.037207460665211654,-0.13960992733847064
2946,-0.04452953681708589,0.03720746023207389,-0.13960992733810695
2947,-0.04452953685892801,0.03720746066514936,-0.13960992733847064
2948,-0.04452953681708589,0.03720746023219849,-0.13960992733810695
2949,-0.04452953681708589,0.03720746023226078,-0.13960992733810695
2950,-0.04452953686001481,0.03720746066508706,-0.13960992733847064
2951,-0.04452953681708589,0.03720746023219849,-0.13960992733810695
2952,-0.04452953681708589,0.03720746066508706,-0.13960992733847064
2953,-0.04452953686001481,0.03720746023226078,-0.13960992733810695
2954,-0.04452953681708589,0.03720746066508706,-0.13960992733847064
2955,-0.04452953681708589,0.03720746023226078,-0.13960992733810695
2956,-0.044529536815999075,0.03720746023219849,-0.13960992733810695
2957,-0.04452953686001481,0.03720746066508706,-0.13960992733847064
2958,-0.04452953681708589,0.03720746023213619,-0.13960992733810695
2959,-0.04452953681708589,0.037207460665211654,-0.13960992733847064
2960,-0.044529536860558216,0.03720746023213619,-0.13960992733810695
2961,-0.04452953681708589,0.037207460665211654,-0.13960992733847064
2962,-0.04452953681708589,0.03720746023207389,-0.13960992733810695
2963,-0.04452953685947141,0.03720746066514936,-0.13960992733847064
2964,-0.04452953681708589,0.03720746023219849,-0.13960992733810695
2965,-0.04452953681708589,0.03720746023219849,-0.13960992733810695
2966,-0.04452953681708589,0.03720746066514936,-0.13960992733847064
2967,-0.04452953685892801,0.03720746023219849,-0.13960992733810695
2968,-0.04452953681708589,0.03720746066508706,-0.13960992733847064
2969,-0.04452953681708589,0.03720746023219849,-0.13960992733810695
2970,-0.04452953686001481,0.03720746066514936,-0.13960992733847064
2971,-0.04452953681708589,0.03720746023219849,-0.13960992733810695
2972,-0.30431089962824964,-0.06802004330443279,-0.5784007922472435
2973,-0.3043108995864075,-0.06802004330424591,-0.5784007922472435
2974,-0.30431089962879304,-0.06802004330443279,-0.5784007922468799
2975,-0.30431089962824964,-0.0680200433043082,-0.5784007922472435
2976,-0.3043108995858641,-0.06802004330437049,-0.5784007922472435
2977,-0.30431089962879304,-0.0680200433043082,-0.5784007922472435
2978,-0.30431089962933644,-0.06802004330437049,-0.5784007922472435
2979,-0.30431089962770624,-0.0680200433043082,-0.5784007922472435
2980,-0.3043108995853207,-0.06802004330437049,-0.5784007922468799
2981,-0.30431089962879304,-0.0680200433043082,-0.5784007922472435
2982,-0.30431089962933644,-0.06802004330437049,-0.5784007922472435
2983,-0.3043108995858641,-0.06802004330437049,-0.5784007922472435
2984,-0.30431089962933644,-0.0680200433043082,-0.5784007922472435
2985,-0.30431089962770624,-0.06802004330443279,-0.5784007922468799
2986,-0.3043108995864075,-0.06802004330437049,-0.5784007922472435
2987,-0.30431089962770624,-0.06802004287135732,-0.5784007922472435
2988,-0.30431089962933644,-0.0680200433043082,-0.5784007922472435
2989,-0.3043108995858641,-0.06802004330443279,-0.5784007922472435
2990,-0.30431089962824964,-0.06802004330437049,-0.5784007922468799
2991,-0.30431089962933644,-0.0680200433043082,-0.5784007922472435
2992,-0.3043108995858641,-0.06802004330437049,-0.5784007922472435
2993,-0.30431089962824964,-0.0680200433043082,-0.5784007922472435
2994,-0.30431089962879304,-0.06802004330437049,-0.5784007922472435
2995,-0.3043108995858641,-0.0680200433043082,-0.5784007922468799
2996,-0.30431089962824964,-0.06802004330437049,-0.5784007922472435
2997,-0.30431089962933644,-0.0680200433043082,-0.5784007922472435
2998,-0.30431089962879304,-0.06802004330437049,-0.5784007922472435
2999,-0.3043108995853207,-0.0680200433043082,-0.5784007922472435
3000,-0.30431089962879304,-0.06802004330437049,-0.5784007922472435
3001,-0.30431089962933644,-0.06802004330443279,-0.5784007922468799
3002,-0.3043108995847773,-0.06802004330437049,-0.5784007922472435
3003,-0.30431089962933644,-0.0680200433043082,-0.5784007922472435
3004,-0.2816571350367739,-0.06306951018032146,-0.7923399452121037
3005,-0.28165713507970286,-0.06306951018038376,-0.7923399452121037
3006,-0.2816571350367739,-0.06306951018025916,-0.7923399452121037
3007,-0.2816571350373174,-0.06306951018038376,-0.7923399452121037
3008,-0.28165713507970286,-0.06306951018032146,-0.7923399452121037
3009,-0.2816571350367739,-0.06306951018038376,-0.7923399452121037
3010,-0.2816571350367739,-0.06306951018025916,-0.7923399452121037
3011,-0.28165713508024626,-0.06306951018038376,-0.7923399452121037
3012,-0.2816571350367739,-0.06306951018032146,-0.7923399452121037
3013,-0.28165713508024626,-0.06306951018038376,-0.79233994521174
3014,-0.2816571350367739,-0.06306951061327233,-0.7923399452121037
3015,-0.2816571350378608,-0.06306951018038376,-0.7923399452121037
3016,-0.28165713507970286,-0.06306951018032146,-0.7923399452121037
3017,-0.2816571350362305,-0.06306951018038376,-0.7923399452121037
3018,-0.2816571350367739,-0.06306951018025916,-0.7923399452121037
3019,-0.28165713508078966,-0.06306951018038376,-0.7923399452121037
3020,-0.2816571350367739,-0.06306951018032146,-0.7923399452121037
3021,-0.2816571350373174,-0.06306951018038376,-0.7923399452121037
3022,-0.28165713507861606,-0.06306951018025916,-0.7923399452121037
3023,-0.2816571350378608,-0.06306951018038376,-0.7923399452121037
3024,-0.35305081729562665,-0.050883582423952835,-0.8374180335173301
3025,-0.3530508173380122,-0.05088358285671682,-0.8374180335173301
3026,-0.35305081729508325,-0.050883582423952835,-0.8374180335173301
3027,-0.35305081729671345,-0.05088358242376595,-0.8374180335173301
3028,-0.353050817339099,-0.05088358285684141,-0.8374180335173301
3029,-0.35305081729508325,-0.05088358242382824,-0.8374180335176938
3030,-0.3530508173385556,-0.05088358242389054,-0.8374180335173301
3031,-0.35305081729617005,-0.05088358285684141,-0.8374180335173301
3032,-0.35305081729508325,-0.05088358242382824,-0.8374180335173301
3033,-0.3530508173380122,-0.050883582423952835,-0.8374180335173301
3034,-0.35305081729671345,-0.05088358242382824,-0.8374180335173301
3035,-0.35305081729508325,-0.050883582856779117,-0.8374180335173301
3036,-0.3530508173385556,-0.05088358242382824,-0.8374180335173301
3037,-0.35305081729508325,-0.050883582423952835,-0.8374180335173301
3038,-0.35305081729508325,-0.050883582856779117,-0.8374180335173301
3039,-0.3530508173396424,-0.050883582423952835,-0.8374180335173301
3040,-0.35305081729617005,-0.05088358242382824,-0.8374180335176938
3041,-0.353050817339099,-0.050883582856779117,-0.8374180335173301
3042,-0.35305081729508325,-0.05088358242389054,-0.8374180335173301
3043,-0.35305081729562665,-0.05088358242376595,-0.8374180335173301
3044,-0.3530508173380122,-0.05088358285684141,-0.8374180335173301
3045,-0.35305081729508325,-0.05088358242389054,-0.8374180335173301
3046,-0.12804303629896896,-0.20973585332467845,-0.49985170404255247
3047,-0.12804303630005576,-0.20973585332455386,-0.49985170404218876
3048,-0.12804303629896896,-0.20973585332461614,-0.49985170404255247
3049,-0.12804303629951236,-0.20973585289166527,-0.49985170404255247
3050,-0.12804303629896896,-0.20973585332467845,-0.49985170404218876
3051,-0.12804303629896896,-0.20973585332455386,-0.49985170404255247
3052,-0.12804303629896896,-0.20973585332461614,-0.49985170404255247
3053,-0.12804303629951236,-0.20973585332455386,-0.49985170404218876
3054,-0.12804303629896896,-0.20973585332467845,-0.49985170404255247
3055,-0.12804303629896896,-0.20973585332461614,-0.49985170404218876
3056,-0.12804303629896896,-0.20973585289166527,-0.49985170404255247
3057,-0.12804303629951236,-0.20973585332455386,-0.49985170404255247
3058,-0.12804303629896896,-0.20973585332461614,-0.49985170404218876
3059,-0.12804303634189787,-0.20973585332467845,-0.49985170404255247
3060,-0.12804303629896896,-0.20973585332455386,-0.49985170404255247
3061,-0.12804303629951236,-0.20973585332461614,-0.49985170404218876
3062,-0.12804303629896896,-0.20973585332455386,-0.49985170404255247
3063,-0.12804303629896896,-0.20973585289178986,-0.49985170404255247
3064,-0.12804303629896896,-0.20973585332461614,-0.49985170404218876
3065,-0.12804303629951236,-0.20973585332455386,-0.49985170404255247
3066,-0.12804303629896896,-0.20973585332461614,-0.49985170404218876
3067,-0.12804303629896896,-0.20973585332461614,-0.49985170404255247
3068,-0.12804303629896896,-0.20973585332461614,-0.49985170404255247
3069,-0.12804303629951236,-0.20973585332455386,-0.49985170404218876
3070,-0.12804303629896896,-0.20973585289172758,-0.49985170404255247
3071,-0.12804303629842553,-0.20973585332455386,-0.49985170404255247
3072,-0.12804303629896896,-0.20973585332467845,-0.49985170404218876
3073,-0.12804303629896896,-0.20973585332461614,-0.49985170404255247
3074,0.05361858046560629,-0.1460861421012902,-0.2984804051904138
3075,0.05361858050853522,-0.1460861421012902,-0.2984804051900501
3076,0.053618580466149694,-0.1460861421013525,-0.2984804051904138
3077,0.05361858050853522,-0.1460861421013525,-0.2984804051900501
3078,0.0536185804666931,-0.1460861421012902,-0.2984804051904138
3079,0.053618580464519484,-0.14608614166833933,-0.2984804051904138
3080,0.053618580509078625,-0.1460861421013525,-0.2984804051900501
3081,0.0536185804666931,-0.1460861421012902,-0.2984804051904138
3082,0.05361858046560629,-0.1460861421012902,-0.2984804051900501
3083,0.053618580509078625,-0.1460861421012902,-0.2984804051904138
3084,0.05361858046560629,-0.1460861421014148,-0.2984804051904138
3085,0.05361858046560629,-0.1460861421012902,-0.2984804051900501
3086,0.05361858050962203,-0.1460861421012902,-0.2984804051904138
3087,0.05361858046506288,-0.1460861421012902,-0.2984804051900501
3088,0.05361858050962203,-0.1460861421012902,-0.2984804051904138
3089,0.05361858046560629,-0.14608614166840164,-0.2984804051904138
3090,0.053618580466149694,-0.1460861421012902,-0.2984804051900501
3091,0.053618580507991814,-0.1460861421012902,-0.2984804051904138
3092,0.053618580467236505,-0.1460861421012902,-0.2984804051900501
3093,0.05361858050853522,-0.1460861421014148,-0.2984804051904138
3094,0.05361858046506288,-0.1460861421012902,-0.2984804051900501
3095,0.05361858046560629,-0.1460861421012902,-0.2984804051904138
3096,0.05361858050962203,-0.1460861421012902,-0.2984804051904138
3097,0.05361858046560629,-0.1460861421012902,-0.2984804051900501
3098,0.053618580466149694,-0.1460861421012902,-0.2984804051904138
3099,0.05361858050853522,-0.1460861421014148,-0.2984804051900501
3100,0.0536185804666931,-0.14608614166827705,-0.2984804051904138
3101,0.05361858046506288,-0.1460861421014148,-0.2984804051904138
3102,0.05361858050962203,-0.1460861421012902,-0.2984804051900501
3103,0.053618580464519484,-0.1460861421012902,-0.2984804051904138
3104,0.05361858050962203,-0.1460861421012902,-0.2984804051900501
3105,0.05361858046560629,-0.1460861421012902,-0.2984804051904138
3106,0.013680832570043634,-0.14735550955789697,-0.523971828097355
3107,0.013680832613515968,-0.14735550955789697,-0.5239718280969913
3108,0.013680832570043634,-0.14735550955795926,-0.523971828097355
3109,0.013680832570043634,-0.1473555095578347,-0.523971828097355
3110,0.013680832612972564,-0.14735550955789697,-0.5239718280969913
3111,0.01368083256950023,-0.1473555091250084,-0.523971828097355
3112,0.013680832614059371,-0.14735550955795926,-0.5239718280969913
3113,0.013680832570587038,-0.1473555095578347,-0.523971828097355
3114,0.01368083256950023,-0.1473555095578347,-0.523971828097355
3115,0.013680832613515968,-0.14735550955795926,-0.5239718280969913
3116,0.01368083256950023,-0.14735550955795926,-0.523971828097355
3117,0.013680832570587038,-0.14735550955795926,-0.523971828097355
3118,0.013680832613515968,-0.1473555095578347,-0.5239718280969913
3119,0.01368083256950023,-0.1473555095578347,-0.523971828097355
3120,0.01368083256950023,-0.14735550955795926,-0.523971828097355
3121,0.013680832614602777,-0.14735550955795926,-0.5239718280969913
3122,0.013680832570043634,-0.14735550955789697,-0.523971828097355
3123,0.013680832570043634,-0.14735550955789697,-0.5239718280969913
3124,0.01368083261242916,-0.1473555091249461,-0.523971828097355
3125,0.013680832570587038,-0.14735550955789697,-0.523971828097355
3126,0.013680832613515968,-0.14735550955789697,-0.5239718280969913
3127,0.013680832570043634,-0.14735550955795926,-0.523971828097355
3128,0.013680832570043634,-0.1473555095578347,-0.523971828097355
3129,0.013680832612972564,-0.14735550955795926,-0.5239718280969913
3130,0.013680832570043634,-0.14735550955789697,-0.523971828097355
3131,0.01368083256950023,-0.14735550955789697,-0.523971828097355
3132,0.013680832613515968,-0.1473555095578347,-0.5239718280969913
3133,0.013680832570043634,-0.14735550955795926,-0.523971828097355
3134,0.013680832570587038,-0.14735550955789697,-0.523971828097355
3135,0.013680832612972564,-0.1473555091249461,-0.5239718280969913
3136,0.01368083256950023,-0.14735550955789697,-0.523971828097355
3137,0.013680832614059371,-0.14735550955789697,-0.5239718280969913
3138,0.013680832570587038,-0.14735550955795926,-0.523971828097355
3139,0.01368083256950023,-0.14735550955795926,-0.523971828097355
3140,0.01368083261242916,-0.1473555095578347,-0.5239718280969913
3141,0.013680832570587038,-0.1473555095578347,-0.523971828097355
3142,0.07057986062350184,-0.20086423016911986,-0.5376431534723405
3143,0.07057986062350184,-0.20086423016905758,-0.5376431534723405
3144,0.07057986062404524,-0.20086423016899527,-0.5376431534723405
3145,0.0705798605800295,-0.20086423016911986,-0.5376431534727042
3146,0.07057986062404524,-0.20086423016905758,-0.5376431534723405
3147,0.07057986062350184,-0.20086423016899527,-0.5376431534723405
3148,0.07057986062350184,-0.200864229736169,-0.5376431534723405
3149,0.07057986062350184,-0.20086423016899527,-0.5376431534723405
3150,0.07057986062350184,-0.20086423016911986,-0.5376431534723405
3151,0.07057986058057292,-0.20086423016905758,-0.5376431534727042
3152,0.07057986062350184,-0.20086423016899527,-0.5376431534723405
3153,0.07057986062404524,-0.20086423016911986,-0.5376431534723405
3154,0.07057986062295844,-0.20086423016905758,-0.5376431534723405
3155,0.07057986062350184,-0.20086423016899527,-0.5376431534723405
3156,0.07057986062350184,-0.20086423016911986,-0.5376431534723405
3157,0.07057986062404524,-0.20086423016905758,-0.5376431534723405
3158,0.07057986058057292,-0.20086423016899527,-0.5376431534727042
3159,0.07057986062350184,-0.20086423016905758,-0.5376431534723405
3160,0.07057986062404524,-0.20086423016899527,-0.5376431534723405
3161,0.07057986062295844,-0.20086422973623128,-0.5376431534723405
3162,0.07057986062350184,-0.20086423016899527,-0.5376431534723405
3163,0.07057986062350184,-0.20086423016905758,-0.5376431534723405
3164,0.07057986058057292,-0.20086423016911986,-0.5376431534727042
3165,0.07057986062295844,-0.20086423016899527,-0.5376431534723405
3166,0.07057986062350184,-0.20086423016905758,-0.5376431534723405
3167,0.07057986062350184,-0.20086423016899527,-0.5376431534723405
3168,-0.04629962374926034,-0.26048153741075,-0.6227881679090743
3169,-0.04629962375034715,-0.26048153784363853,-0.6227881679090743
3170,-0.04629962375034715,-0.26048153741075,-0.6227881679090743
3171,-0.04629962374926034,-0.26048153741075,-0.6227881679090743
3172,-0.04629962375034715,-0.26048153784363853,-0.6227881679090743
3173,-0.04629962374926034,-0.26048153741075,-0.6227881679090743
3174,-0.04629962375034715,-0.26048153741075,-0.6227881679087106
3175,-0.04629962375034715,-0.26048153784363853,-0.6227881679090743
3176,-0.046299623749803745,-0.26048153741075,-0.6227881679090743
3177,-0.046299623749803745,-0.26048153741081226,-0.6227881679090743
3178,-0.04629962375034715,-0.26048153784351397,-0.6227881679090743
3179,-0.04629962375034715,-0.26048153741075,-0.6227881679090743
3180,-0.046299623749803745,-0.26048153741087454,-0.6227881679090743
3181,-0.04629962374926034,-0.2604815374106254,-0.6227881679090743
3182,-0.046299623750890556,-0.26048153784363853,-0.6227881679090743
3183,-0.046299623749803745,-0.26048153741075,-0.6227881679090743
3184,-0.04629962375034715,-0.26048153741075,-0.6227881679090743
3185,-0.04629962374926034,-0.26048153784363853,-0.6227881679090743
3186,-0.04629962374926034,-0.26048153741075,-0.6227881679087106
3187,-0.04629962375143396,-0.2604815374106877,-0.6227881679090743
3188,-0.04629962375034715,-0.26048153784370087,-0.6227881679090743
3189,-0.04629962374926034,-0.2604815374106877,-0.6227881679090743
3190,-0.04629962374926034,-0.26048153741075,-0.6227881679090743
3191,-0.04629962375034715,-0.26048153784363853,-0.6227881679090743
3192,-0.04629962375034715,-0.26048153741075,-0.6227881679090743
3193,-0.10482047593133095,-0.18382097459586644,-0.6483808890115419
3194,-0.10482047588785862,-0.1838209750288173,-0.6483808890111782
3195,-0.10482047593078754,-0.18382097459599103,-0.6483808890115419
3196,-0.10482047593078754,-0.18382097459580415,-0.6483808890115419
3197,-0.10482047588731522,-0.18382097502875502,-0.6483808890111782
3198,-0.10482047593241776,-0.18382097459586644,-0.6483808890115419
3199,-0.10482047593024414,-0.18382097459592872,-0.6483808890111782
3200,-0.10482047588840201,-0.18382097502875502,-0.6483808890115419
3201,-0.10482047593078754,-0.18382097459586644,-0.6483808890115419
3202,-0.10482047593133095,-0.18382097459592872,-0.6483808890111782
3203,-0.10482047588840201,-0.18382097459586644,-0.6483808890115419
3204,-0.10482047593024414,-0.1838209750288173,-0.6483808890115419
3205,-0.10482047593078754,-0.18382097459586644,-0.6483808890111782
3206,-0.10482047593078754,-0.18382097459586644,-0.6483808890115419
3207,-0.10482047588894543,-0.1838209750288173,-0.6483808890115419
3208,-0.10482047593024414,-0.18382097459586644,-0.6483808890111782
3209,-0.10482047593133095,-0.18382097459592872,-0.6483808890115419
3210,-0.10482047588731522,-0.18382097502875502,-0.6483808890111782
3211,-0.10482047593133095,-0.18382097459586644,-0.6483808890115419
3212,-0.10482047593078754,-0.18382097459580415,-0.6483808890115419
3213,-0.10482047588840201,-0.1838209750288796,-0.6483808890111782
3214,-0.10482047593133095,-0.18382097459586644,-0.6483808890115419
3215,0.06798884730624738,-0.16720380073664814,-0.5611329761623529
3216,0.06798884730624738,-0.16720380073677274,-0.5611329761627166
3217,0.06798884726223164,-0.16720380073671046,-0.5611329761623529
3218,0.06798884730624738,-0.16720380073677274,-0.5611329761623529
3219,0.06798884730624738,-0.16720380073671046,-0.5611329761627166
3220,0.06798884730516057,-0.16720380073664814,-0.5611329761623529
3221,0.06798884726331844,-0.16720380073677274,-0.5611329761627166
3222,0.06798884730570397,-0.16720380073671046,-0.5611329761623529
3223,0.06798884730570397,-0.1672038003037596,-0.5611329761623529
3224,0.06798884730624738,-0.16720380073671046,-0.5611329761627166
3225,0.06798884726168823,-0.16720380073677274,-0.5611329761623529
3226,0.06798884730679078,-0.16720380073671046,-0.5611329761623529
3227,0.06798884730570397,-0.16720380073677274,-0.5611329761627166
3228,0.06798884730624738,-0.16720380073671046,-0.5611329761623529
3229,0.06798884726277504,-0.16720380073664814,-0.5611329761623529
3230,0.06798884730570397,-0.16720380073677274,-0.5611329761627166
3231,0.06798884730516057,-0.16720380073671046,-0.5611329761623529
3232,0.06798884730624738,-0.16720380073677274,-0.5611329761627166
3233,0.06798884726331844,-0.16720380073671046,-0.5611329761623529
3234,0.06798884730624738,-0.16720380073677274,-0.5611329761623529
3235,0.06798884730516057,-0.16720380073671046,-0.5611329761627166
3236,0.06798884730516057,-0.16720380073664814,-0.5611329761623529
3237,0.06798884726331844,-0.16720380073677274,-0.5611329761623529
3238,0.06798884730516057,-0.16720380073671046,-0.5611329761627166
3239,0.06798884730733419,-0.1672038003037596,-0.5611329761623529
3240,0.06798884730516057,-0.16720380073671046,-0.5611329761623529
3241,0.06798884726331844,-0.16720380073677274,-0.5611329761627166
3242,0.06798884730516057,-0.16720380073671046,-0.5611329761623529
3243,0.06798884730570397,-0.16720380073664814,-0.5611329761627166
3244,0.06798884730570397,-0.16720380073683505,-0.5611329761623529
3245,0.06798884726331844,-0.16720380073664814,-0.5611329761623529
3246,0.06798884730570397,-0.16720380073677274,-0.5611329761627166
3247,0.06798884730679078,-0.16720380073671046,-0.5611329761623529
3248,-0.0380033117509742,-0.2666760509105761,-0.5284150088442252
3249,-0.03800331174988739,-0.26667605047768755,-0.5284150088442252
3250,-0.0380033117509742,-0.2666760509106384,-0.5284150088438615
3251,-0.0380033117509742,-0.2666760509106384,-0.5284150088442252
3252,-0.03800331174988739,-0.26667605047768755,-0.5284150088442252
3253,-0.03800331174988739,-0.2666760509105761,-0.5284150088442252
3254,-0.0380033117509742,-0.26667605047768755,-0.5284150088442252
3255,-0.03800331174988739,-0.2666760509106384,-0.5284150088438615
3256,-0.0380033117509742,-0.2666760509105761,-0.5284150088442252
3257,-0.03800331174988739,-0.26667605047768755,-0.5284150088442252
3258,-0.03800331175043079,-0.2666760509106384,-0.5284150088442252
3259,-0.03800331175043079,-0.26667605047774984,-0.5284150088438615
3260,-0.03800331175043079,-0.2666760509105761,-0.5284150088442252
3261,-0.03800331175043079,-0.2666760509105761,-0.5284150088442252
3262,-0.0380033117509742,-0.26667605047768755,-0.5284150088442252
3263,-0.03800331174934399,-0.2666760509106384,-0.5284150088442252
3264,-0.03800331174988739,-0.2666760509105761,-0.5284150088438615
3265,-0.0380033117509742,-0.26667605047768755,-0.5284150088442252
3266,-0.03800331174988739,-0.2666760509106384,-0.5284150088442252
3267,-0.0380033117509742,-0.2666760509107007,-0.5284150088442252
3268,-0.03800331174988739,-0.2666760504776252,-0.5284150088442252
3269,-0.03800331175043079,-0.2666760509105761,-0.5284150088438615
3270,-0.03800331175043079,-0.26667605047768755,-0.5284150088442252
3271,-0.03800331175043079,-0.2666760509106384,-0.5284150088442252
3272,-0.035989643794218894,-0.18797526816893986,-0.5817331778073963
3273,-0.03598964379476229,-0.18797526816887758,-0.5817331778073963
3274,-0.03598964379313208,-0.18797526816887758,-0.5817331778073963
3275,-0.03598964379476229,-0.18797526816887758,-0.5817331778073963
3276,-0.035989643794218894,-0.18797526860189073,-0.5817331778073963
3277,-0.03598964375183337,-0.18797526816887758,-0.5817331778073963
3278,-0.03598964379367549,-0.18797526816881527,-0.5817331778073963
3279,-0.035989643794218894,-0.18797526816893986,-0.5817331778073963
3280,-0.03598964379476229,-0.18797526816893986,-0.5817331778073963
3281,-0.035989643794218894,-0.18797526816887758,-0.5817331778073963
3282,-0.035989643794218894,-0.18797526816887758,-0.5817331778073963
3283,-0.03598964379476229,-0.18797526860176614,-0.5817331778073963
3284,-0.035989643794218894,-0.18797526816900217,-0.5817331778070326
3285,-0.03598964379367549,-0.18797526816887758,-0.5817331778073963
3286,-0.03598964379476229,-0.18797526816881527,-0.5817331778073963
3287,-0.03598964379367549,-0.18797526816900217,-0.5817331778073963
3288,-0.035989643794218894,-0.18797526816887758,-0.5817331778073963
3289,-0.03598964379476229,-0.18797526816887758,-0.5817331778073963
3290,-0.03598964375128996,-0.18797526816887758,-0.5817331778073963
3291,-0.03598964379367549,-0.18797526816887758,-0.5817331778073963
3292,-0.035989643794218894,-0.18797526860182845,-0.5817331778073963
3293,-0.03598964379476229,-0.18797526816893986,-0.5817331778073963
3294,-0.035989643794218894,-0.18797526816881527,-0.5817331778073963
3295,-0.03598964379476229,-0.18797526816887758,-0.5817331778073963
3296,0.050356438399963725,-0.22148656928280522,-0.3796573174367235
3297,0.05035643835594799,-0.2214865692826183,-0.3796573174367235
3298,0.05035643839942033,-0.22148656884985435,-0.3796573174367235
3299,0.050356438399963725,-0.2214865692827429,-0.3796573174367235
3300,0.05035643835594799,-0.22148656928268062,-0.3796573174370872
3301,0.05035643839942033,-0.2214865692827429,-0.3796573174367235
3302,0.05035643839887692,-0.22148656884979204,-0.3796573174367235
3303,0.050356438356491395,-0.2214865692826183,-0.3796573174367235
3304,0.050356438399963725,-0.2214865692828675,-0.3796573174367235
3305,0.05035643839887692,-0.22148656928268062,-0.3796573174367235
3306,0.0503564383575782,-0.22148656884972975,-0.3796573174367235
3307,0.05035643839887692,-0.2214865692827429,-0.3796573174367235
3308,0.050356438398333515,-0.2214865692827429,-0.3796573174370872
3309,0.050356438399963725,-0.22148656928268062,-0.3796573174367235
3310,0.050356438356491395,-0.22148656884985435,-0.3796573174367235
3311,0.050356438399963725,-0.22148656928268062,-0.3796573174367235
3312,0.05035643839887692,-0.2214865692826183,-0.3796573174367235
3313,0.050356438356491395,-0.2214865692828675,-0.3796573174367235
3314,0.050356438399963725,-0.22148656884979204,-0.3796573174367235
3315,0.050356438398333515,-0.2214865692826183,-0.3796573174367235
3316,0.0503564383570348,-0.22148656928280522,-0.3796573174370872
3317,0.05035643839887692,-0.2214865692826183,-0.3796573174367235
3318,0.05035643839942033,-0.22148656884985435,-0.3796573174367235
3319,0.0503564383570348,-0.2214865692827429,-0.3796573174367235
3320,0.05035643839887692,-0.22148656928268062,-0.3796573174367235
3321,0.13612597563375856,-0.2368793199962862,-0.816754054158283
3322,0.13612597563375856,-0.23687931956333533,-0.8167540541586467
3323,0.13612597563375856,-0.2368793199962862,-0.816754054158283
3324,0.13612597559082965,-0.23687931999634848,-0.816754054158283
3325,0.13612597563321516,-0.23687931956327302,-0.8167540541586467
3326,0.13612597563375856,-0.23687931999634848,-0.816754054158283
3327,0.13612597563321516,-0.23687931956327302,-0.816754054158283
3328,0.13612597563375856,-0.23687931999634848,-0.8167540541586467
3329,0.13612597563375856,-0.23687931999622389,-0.816754054158283
3330,0.13612597559082965,-0.2368793195633976,-0.816754054158283
3331,0.13612597563430198,-0.23687931999622389,-0.816754054158283
3332,0.13612597563212836,-0.23687931999634848,-0.8167540541586467
3333,0.13612597563430198,-0.23687931956327302,-0.816754054158283
3334,0.13612597563321516,-0.23687931999634848,-0.816754054158283
3335,0.13612597563375856,-0.23687931956327302,-0.8167540541586467
3336,0.13612597559137304,-0.23687931999634848,-0.816754054158283
3337,0.13612597563375856,-0.2368793199962862,-0.816754054158283
3338,0.13612597563375856,-0.23687931956333533,-0.8167540541586467
3339,0.13612597563212836,-0.2368793199962862,-0.816754054158283
3340,0.06664988885532651,-0.11355406753379611,-0.355892647841627
3341,0.0666498888542397,-0.11355406753379611,-0.3558926478419907
3342,0.0666498888547831,-0.11355406710078295,-0.355892647841627
3343,0.0666498888542397,-0.11355406753392071,-0.355892647841627
3344,0.06664988889716862,-0.11355406753379611,-0.3558926478419907
3345,0.0666498888542397,-0.11355406753367152,-0.355892647841627
3346,0.0666498888547831,-0.11355406753379611,-0.355892647841627
3347,0.0666498888542397,-0.11355406753392071,-0.3558926478419907
3348,0.0666498888542397,-0.11355406710078295,-0.355892647841627
3349,0.0666498888536963,-0.11355406753379611,-0.355892647841627
3350,0.06664988885586991,-0.11355406753379611,-0.355892647841627
3351,0.0666498888547831,-0.11355406753379611,-0.3558926478419907
3352,0.0666498888536963,-0.11355406753379611,-0.355892647841627
3353,0.06664988889716862,-0.11355406753379611,-0.355892647841627
3354,0.0666498888542397,-0.11355406710084524,-0.3558926478419907
3355,0.0666498888547831,-0.11355406753379611,-0.355892647841627
3356,0.06664988885315289,-0.11355406753379611,-0.355892647841627
3357,0.0666498888547831,-0.11355406753379611,-0.3558926478419907
3358,0.0666498888547831,-0.11355406753379611,-0.355892647841627
3359,0.0666498888547831,-0.11355406753379611,-0.355892647841627
3360,0.0666498888542397,-0.11355406710078295,-0.3558926478419907
3361,0.06664988889716862,-0.11355406753392071,-0.355892647841627
3362,0.0666498888547831,-0.11355406753379611,-0.355892647841627
3363,0.0666498888542397,-0.11355406753367152,-0.3558926478419907
3364,0.0666498888542397,-0.11355406753379611,-0.355892647841627
3365,0.0666498888547831,-0.11355406753392071,-0.355892647841627
3366,0.06664988885315289,-0.11355406710078295,-0.355892647841627
3367,0.0666498888547831,-0.11355406753379611,-0.3558926478419907
3368,0.06664988885586991,-0.11355406753379611,-0.355892647841627
3369,0.0666498888536963,-0.11355406753379611,-0.355892647841627
3370,0.06664988889716862,-0.11355406753379611,-0.3558926478419907
3371,0.0666498888542397,-0.11355406753379611,-0.355892647841627
3372,0.0666498888547831,-0.11355406710090754,-0.355892647841627
3373,0.0666498888536963,-0.11355406753373382,-0.3558926478419907
3374,0.0666498888542397,-0.11355406753385841,-0.355892647841627
3375,-0.019880300102138142,-0.3555317728721779,-1.1389080434730792
3376,-0.019880300102681547,-0.35553177287205334,-1.1389080434730792
3377,-0.019880300102681547,-0.3555317728721779,-1.1389080434727155
3378,-0.019880300102681547,-0.3555317733051288,-1.1389080434730792
3379,-0.01988030010322495,-0.3555317728721779,-1.1389080434730792
3380,-0.01988030010159474,-0.35553177287205334,-1.1389080434730792
3381,-0.01988030010322495,-0.35553177287224025,-1.1389080434730792
3382,-0.01988030006029602,-0.3555317728721779,-1.1389080434727155
3383,-0.019880300102138142,-0.3555317728721156,-1.1389080434730792
3384,-0.019880300102681547,-0.35553177287205334,-1.1389080434730792
3385,-0.01988030010322495,-0.35553177287230253,-1.1389080434730792
3386,-0.019880300102681547,-0.3555317733050665,-1.1389080434730792
3387,-0.019880300102681547,-0.3555317728721156,-1.1389080434727155
3388,-0.019880300102138142,-0.3555317728721779,-1.1389080434730792
3389,-0.019880300102681547,-0.3555317728721156,-1.1389080434730792
3390,0.08321949949663934,-0.16461890714081728,-0.46709911453639674
3391,0.08321949954119848,-0.1646189067078664,-0.46709911453639674
3392,0.08321949949772614,-0.16461890714063038,-0.46709911453639674
3393,0.08321949949663934,-0.1646189067078664,-0.4670991145367604
3394,0.08321949954119848,-0.16461890714075497,-0.46709911453639674
3395,0.08321949949772614,-0.1646189071406927,-0.46709911453639674
3396,0.08321949949663934,-0.1646189067078664,-0.46709911453639674
3397,0.08321949949881295,-0.16461890714075497,-0.46709911453639674
3398,0.08321949953956827,-0.16461890670774182,-0.4670991145367604
3399,0.08321949949826955,-0.16461890714075497,-0.46709911453639674
3400,0.08321949949772614,-0.16461890714081728,-0.46709911453639674
3401,0.08321949953956827,-0.16461890670774182,-0.46709911453639674
3402,0.08321949949718274,-0.16461890714087957,-0.46709911453639674
3403,0.08321949949772614,-0.16461890670774182,-0.46709911453639674
3404,0.08321949949772614,-0.16461890714075497,-0.46709911453639674
3405,0.08321949954011167,-0.1646189071406927,-0.4670991145367604
3406,0.08321949949772614,-0.1646189067078664,-0.46709911453639674
3407,0.08321949949772614,-0.16461890714075497,-0.46709911453639674
3408,0.08321949954011167,-0.1646189067078664,-0.46709911453639674
3409,0.08321949949772614,-0.16461890714063038,-0.46709911453639674
3410,0.08321949949826955,-0.16461890714081728,-0.4670991145367604
3411,0.08321949953956827,-0.16461890670774182,-0.46709911453639674
3412,0.08321949949772614,-0.16461890714087957,-0.46709911453639674
3413,0.08321949949826955,-0.16461890670774182,-0.46709911453639674
3414,0.08321949953956827,-0.16461890714075497,-0.46709911453639674
3415,0.08321949949772614,-0.16461890714075497,-0.46709911453639674
3416,0.08321949949826955,-0.1646189067078041,-0.46709911453639674
3417,0.08321949949718274,-0.16461890714075497,-0.4670991145367604
3418,0.08321949954011167,-0.1646189067078664,-0.46709911453639674
3419,0.08321949949772614,-0.16461890714063038,-0.46709911453639674
3420,0.23464733017274586,-0.3392838693411706,-0.6270536214262735
3421,0.2346473302156748,-0.33928386977424607,-0.6270536214259098
3422,0.23464733017220246,-0.3392838693411083,-0.6270536214262735
3423,0.2346473302156748,-0.3392838693411706,-0.6270536214259098
3424,0.23464733017220246,-0.3392838693412329,-0.6270536214262735
3425,0.2346473302151314,-0.33928386977405917,-0.6270536214259098
3426,0.23464733017274586,-0.3392838693411083,-0.6270536214262735
3427,0.2346473302156748,-0.3392838693412329,-0.6270536214259098
3428,0.23464733017220246,-0.3392838693411706,-0.6270536214262735
3429,0.2346473302156748,-0.33928386977412145,-0.6270536214259098
3430,0.23464733017220246,-0.3392838693411706,-0.6270536214262735
3431,0.2346473302156748,-0.3392838693411083,-0.6270536214259098
3432,0.23464733017220246,-0.3392838693412329,-0.6270536214262735
3433,0.2346473302156748,-0.33928386977412145,-0.6270536214259098
3434,0.23464733017220246,-0.3392838693411083,-0.6270536214262735
3435,-0.18672707404240177,-0.34682753906966546,-0.556978313645898
3436,-0.18672707399838603,-0.3468275386367146,-0.556978313645898
3437,-0.18672707404131497,-0.3468275390696032,-0.556978313645898
3438,-0.18672707404185837,-0.3468275390696032,-0.556978313645898
3439,-0.18672707400001626,-0.3468275386367146,-0.556978313645898
3440,-0.18672707404131497,-0.3468275390696032,-0.556978313645898
3441,-0.18672707404131497,-0.34682753906966546,-0.5569783136455343
3442,-0.18672707399947283,-0.3468275386367146,-0.556978313645898
3443,-0.18672707404185837,-0.3468275390696032,-0.556978313645898
3444,-0.18672707399838603,-0.3468275386367146,-0.556978313645898
3445,-0.18672707404131497,-0.3468275390696032,-0.556978313645898
3446,-0.18672707404294517,-0.34682753906966546,-0.556978313645898
3447,-0.18672707399838603,-0.3468275386367146,-0.556978313645898
3448,-0.18672707404240177,-0.3468275390696032,-0.556978313645898
3449,0.030749065772431326,-0.39470082606582996,-0.8997379712666989
3450,0.030749065772431326,-0.3947008260658923,-0.8997379712663351
3451,0.030749065817533873,-0.3947008256329414,-0.8997379712666989
3452,0.03074906577134452,-0.39470082606582996,-0.8997379712666989
3453,0.030749065773518134,-0.39470082606582996,-0.8997379712663351
3454,0.030749065771887924,-0.3947008260658923,-0.8997379712666989
3455,0.030749065816990467,-0.3947008256329414,-0.8997379712666989
3456,0.030749065772431326,-0.39470082606582996,-0.8997379712663351
3457,0.030749065772431326,-0.3947008260659546,-0.8997379712666989
3458,0.030749065772431326,-0.39470082606582996,-0.8997379712663351
3459,0.030749065772974732,-0.3947008260657677,-0.8997379712666989
3460,0.03074906581590366,-0.3947008256329414,-0.8997379712666989
3461,0.030749065773518134,-0.3947008260659546,-0.8997379712663351
3462,0.030749065771887924,-0.39470082606582996,-0.8997379712666989
3463,0.16000737108407365,-0.3453768332193238,-0.8616535648642261
3464,0.16000737112754596,-0.34537683321944834,-0.8616535648642261
3465,0.16000737108298682,-0.34537683321938606,-0.8616535648645898
3466,0.16000737108516044,-0.34537683321944834,-0.8616535648642261
3467,0.16000737108298682,-0.3453768332193238,-0.8616535648642261
3468,0.16000737112754596,-0.34537683321944834,-0.8616535648642261
3469,0.16000737108461704,-0.34537683321944834,-0.8616535648642261
3470,0.16000737108244342,-0.34537683321938606,-0.8616535648642261
3471,0.16000737108461704,-0.34537683365239924,-0.8616535648642261
3472,0.16000737112754596,-0.34537683321938606,-0.8616535648645898
3473,0.16000737108353022,-0.34537683321944834,-0.8616535648642261
3474,0.16000737108407365,-0.3453768332193238,-0.8616535648642261
3475,0.16000737112645916,-0.34537683321944834,-0.8616535648642261
3476,0.16000737108353022,-0.34537683321938606,-0.8616535648642261
3477,0.16000737108461704,-0.34537683321944834,-0.8616535648645898
3478,0.16000737108461704,-0.34537683321938606,-0.8616535648642261
3479,0.16000737112591576,-0.34537683321944834,-0.8616535648642261
3480,0.16000737108407365,-0.34537683321938606,-0.8616535648642261
3481,0.07999763079441391,-0.3555317728721156,-1.032271705546737
3482,0.07999763074985476,-0.3555317728721779,-1.0322717055463733
3483,0.0799976307938705,-0.3555317728721156,-1.032271705546737
3484,0.07999763075039817,-0.3555317733051288,-1.0322717055463733
3485,0.0799976307938705,-0.3555317728721779,-1.032271705546737
3486,0.07999763075094157,-0.3555317728721779,-1.0322717055463733
3487,0.0799976307927837,-0.3555317728721156,-1.032271705546737
3488,0.07999763075148497,-0.3555317728721156,-1.0322717055463733
3489,0.0799976307933271,-0.35553177287224025,-1.032271705546737
3490,0.07999763075094157,-0.3555317728721156,-1.0322717055463733
3491,0.0799976307927837,-0.3555317728721779,-1.032271705546737
3492,0.07999763075148497,-0.3555317733050665,-1.0322717055463733
3493,0.0799976307933271,-0.3555317728721779,-1.032271705546737
3494,0.07999763075039817,-0.3555317728721779,-1.0322717055463733
3495,0.0799976307933271,-0.3555317728721779,-1.032271705546737
3496,0.038871423931322764,-0.35553177287205334,-0.7236535981360187
3497,0.0388714239747951,-0.3555317728721779,-0.7236535981360187
3498,0.03887142393077936,-0.35553177287224025,-0.723653598135655
3499,0.038871423931322764,-0.3555317728721156,-0.7236535981360187
3500,0.038871423931322764,-0.3555317733050665,-0.7236535981360187
3501,0.038871423974251695,-0.3555317728721779,-0.7236535981360187
3502,0.038871423931322764,-0.3555317728721156,-0.723653598135655
3503,0.038871423931322764,-0.35553177287224025,-0.7236535981360187
3504,0.038871423973164884,-0.3555317728721156,-0.7236535981360187
3505,0.038871423931322764,-0.3555317728721156,-0.7236535981360187
3506,0.038871423931322764,-0.3555317728721779,-0.723653598135655
3507,0.038871423974251695,-0.3555317728721779,-0.7236535981360187
3508,0.038871423931322764,-0.3555317733050665,-0.7236535981360187
3509,0.038871423931322764,-0.3555317728721156,-0.7236535981360187
3510,0.038871423931322764,-0.35553177287224025,-0.723653598135655
3511,0.038871423973164884,-0.3555317728721156,-0.7236535981360187
3512,0.038871423932409575,-0.35553177287224025,-0.7236535981360187
3513,0.16111291426787733,-0.2695134602392805,-0.5542900026055823
3514,0.16111291431243646,-0.26951346067229365,-0.554290002605946
3515,0.16111291426896412,-0.2695134602393428,-0.5542900026055823
3516,0.16111291431080624,-0.2695134602392805,-0.554290002605946
3517,0.16111291426896412,-0.2695134602393428,-0.5542900026055823
3518,0.16111291431134964,-0.269513460672356,-0.5542900026055823
3519,0.16111291426896412,-0.2695134602392805,-0.554290002605946
3520,0.16111291431189306,-0.2695134602393428,-0.5542900026055823
3521,0.16111291426950752,-0.26951346067229365,-0.554290002605946
3522,0.16111291431080624,-0.2695134602393428,-0.5542900026055823
3523,0.16111291426896412,-0.2695134602392805,-0.554290002605946
3524,0.16111291431134964,-0.269513460672356,-0.5542900026055823
3525,0.16111291426896412,-0.2695134602392805,-0.5542900026055823
3526,0.16111291431189306,-0.2695134602393428,-0.554290002605946
3527,0.16111291426896412,-0.2695134602394051,-0.5542900026055823
3528,0.16111291431189306,-0.26951346067223136,-0.554290002605946
3529,0.16111291426842073,-0.2695134602393428,-0.5542900026055823
3530,-0.10042701856036827,-0.5433981568809374,-1.2881989165699579
3531,-0.10042701851689594,-0.5433981568808751,-1.2881989165699579
3532,-0.10042701856036827,-0.5433981573138883,-1.2881989165703216
3533,-0.10042701856036827,-0.5433981568808751,-1.2881989165699579
3534,-0.10042701851798275,-0.5433981568809374,-1.2881989165699579
3535,-0.10042701856145508,-0.543398157313826,-1.2881989165699579
3536,-0.10042701855928146,-0.5433981568809374,-1.2881989165699579
3537,-0.10042701851798275,-0.5433981568808751,-1.2881989165699579
3538,-0.10042701856036827,-0.5433981568809374,-1.2881989165699579
3539,-0.10042701856091167,-0.5433981568808751,-1.2881989165703216
3540,-0.10042701851743935,-0.5433981573138883,-1.2881989165699579
3541,-0.10042701856145508,-0.5433981568809374,-1.2881989165699579
3542,0.14811714121582464,-0.0305737031183068,-0.22945241858615906
3543,0.14811714125929695,-0.030573703118369093,-0.22945241858615906
3544,0.14811714121419442,-0.03057370355138226,-0.22945241858579538
3545,0.14811714121582464,-0.030573703118369093,-0.22945241858615906
3546,0.14811714125929695,-0.030573703118369093,-0.22945241858615906
3547,0.14811714121419442,-0.030573703118369093,-0.22945241858615906
3548,0.14811714121528122,-0.03057370355125767,-0.22945241858615906
3549,0.14811714125875355,-0.03057370311843139,-0.22945241858615906
3550,0.14811714121582464,-0.030573703118369093,-0.22945241858615906
3551,0.14811714125821016,-0.030573703118369093,-0.22945241858579538
3552,0.14811714121419442,-0.030573703551319963,-0.22945241858615906
3553,0.14811714121636804,-0.030573703118369093,-0.22945241858615906
3554,0.14811714125875355,-0.030573703118369093,-0.22945241858615906
3555,0.14811714121419442,-0.03057370311843139,-0.22945241858615906
3556,0.14811714121636804,-0.030573703551319963,-0.22945241858579538
3557,0.14811714125875355,-0.030573703118369093,-0.22945241858615906
3558,0.14811714121473782,-0.030573703118369093,-0.22945241858615906
3559,0.14811714121473782,-0.030573703118369093,-0.22945241858615906
3560,0.14811714125875355,-0.030573703551319963,-0.22945241858615906
3561,0.14811714121528122,-0.030573703118369093,-0.22945241858615906
3562,0.14811714125875355,-0.030573703118369093,-0.22945241858615906
3563,0.14811714121473782,-0.030573703118369093,-0.22945241858579538
3564,0.14811714121582464,-0.030573703118369093,-0.22945241858615906
3565,0.14811714125875355,-0.030573703551319963,-0.22945241858615906
3566,0.14811714121473782,-0.03057370311843139,-0.22945241858615906
3567,0.14811714121582464,-0.030573703118369093,-0.22945241858615906
3568,0.14811714125821016,-0.030573703118369093,-0.22945241858615906
3569,0.14811714121473782,-0.030573703551319963,-0.22945241858579538
3570,0.14811714121582464,-0.030573703118369093,-0.22945241858615906
3571,0.14811714125766676,-0.030573703118369093,-0.22945241858615906
3572,0.14811714121582464,-0.030573703118369093,-0.22945241858615906
3573,0.14811714121582464,-0.030573703551319963,-0.22945241858615906
3574,0.14811714125766676,-0.030573703118369093,-0.22945241858615906
3575,0.14811714121582464,-0.030573703118369093,-0.22945241858579538
3576,0.14811714121528122,-0.030573703118369093,-0.22945241858615906
3577,0.14811714125766676,-0.03057370355138226,-0.22945241858615906
3578,0.14811714121582464,-0.030573703118369093,-0.22945241858615906
3579,0.14811714125875355,-0.030573703118244505,-0.22945241858615906
3580,0.14811714121473782,-0.03057370311843139,-0.22945241858579538
3581,0.14811714121582464,-0.030573703551319963,-0.22945241858615906
3582,0.14811714125766676,-0.030573703118369093,-0.22945241858615906
3583,0.14811714121582464,-0.030573703118369093,-0.22945241858615906
3584,0.2657507553226701,-0.09306563964280207,-0.7837270102257173
3585,0.2657507553237569,-0.09306563964280207,-0.7837270102257173
3586,0.2657507552813714,-0.09306563964280207,-0.7837270102257173
3587,0.2657507553237569,-0.09306563964280207,-0.7837270102257173
3588,0.2657507553232135,-0.09306564007569064,-0.7837270102257173
3589,0.2657507553232135,-0.09306563964280207,-0.7837270102257173
3590,0.2657507553232135,-0.09306563964280207,-0.7837270102257173
3591,0.265750755280828,-0.09306563964280207,-0.7837270102257173
3592,0.2657507553226701,-0.09306563964280207,-0.7837270102257173
3593,0.2657507553248437,-0.09306563964280207,-0.7837270102257173
3594,0.2657507553232135,-0.09306563964280207,-0.7837270102257173
3595,0.2657507553232135,-0.09306563964280207,-0.7837270102257173
3596,0.2657507553232135,-0.09306563964280207,-0.7837270102257173
3597,0.2657507552797412,-0.09306564007562834,-0.783727010226081
3598,0.2657507553248437,-0.09306563964280207,-0.7837270102257173
3599,0.2657507553232135,-0.09306563964280207,-0.7837270102257173
