<?xml version='1.0' encoding='utf-8'?>
<gpx version="1.1" creator="nn_filter" xmlns="http://www.topografix.com/GPX/1/1"><trk><name>Filtered Track</name><trkseg><trkpt lat="43.38538742" lon="-5.82085323"><ele>189.50</ele><time>2024-09-04T12:54:30Z</time></trkpt><trkpt lat="43.38539124" lon="-5.82085085"><ele>189.44</ele><time>2024-09-04T12:54:31Z</time></trkpt><trkpt lat="43.38539505" lon="-5.82084894"><ele>189.44</ele><time>2024-09-04T12:54:32Z</time></trkpt><trkpt lat="43.38539886" lon="-5.82084656"><ele>189.44</ele><time>2024-09-04T12:54:33Z</time></trkpt><trkpt lat="43.38540268" lon="-5.82084465"><ele>189.43</ele><time>2024-09-04T12:54:34Z</time></trkpt><trkpt lat="43.38540649" lon="-5.82084417"><ele>189.39</ele><time>2024-09-04T12:54:35Z</time></trkpt><trkpt lat="43.38541412" lon="-5.82084560"><ele>189.38</ele><time>2024-09-04T12:54:36Z</time></trkpt><trkpt lat="43.38541794" lon="-5.82084751"><ele>189.38</ele><time>2024-09-04T12:54:37Z</time></trkpt><trkpt lat="43.38542557" lon="-5.82085228"><ele>189.37</ele><time>2024-09-04T12:54:38Z</time></trkpt><trkpt lat="43.38543320" lon="-5.82085896"><ele>189.36</ele><time>2024-09-04T12:54:39Z</time></trkpt><trkpt lat="43.38544083" lon="-5.82086706"><ele>189.35</ele><time>2024-09-04T12:54:40Z</time></trkpt><trkpt lat="43.38544846" lon="-5.82087660"><ele>189.33</ele><time>2024-09-04T12:54:41Z</time></trkpt><trkpt lat="43.38545609" lon="-5.82088614"><ele>189.32</ele><time>2024-09-04T12:54:42Z</time></trkpt><trkpt lat="43.38546371" lon="-5.82089663"><ele>189.31</ele><time>2024-09-04T12:54:43Z</time></trkpt><trkpt lat="43.38547134" lon="-5.82090807"><ele>189.30</ele><time>2024-09-04T12:54:44Z</time></trkpt><trkpt lat="43.38547516" lon="-5.82091999"><ele>189.30</ele><time>2024-09-04T12:54:45Z</time></trkpt><trkpt lat="43.38548279" lon="-5.82093287"><ele>189.30</ele><time>2024-09-04T12:54:46Z</time></trkpt><trkpt lat="43.38549042" lon="-5.82094574"><ele>189.29</ele><time>2024-09-04T12:54:47Z</time></trkpt><trkpt lat="43.38549423" lon="-5.82095909"><ele>189.29</ele><time>2024-09-04T12:54:48Z</time></trkpt><trkpt lat="43.38550186" lon="-5.82097244"><ele>189.29</ele><time>2024-09-04T12:54:49Z</time></trkpt><trkpt lat="43.38550949" lon="-5.82098579"><ele>189.28</ele><time>2024-09-04T12:54:50Z</time></trkpt><trkpt lat="43.38551331" lon="-5.82099867"><ele>189.28</ele><time>2024-09-04T12:54:51Z</time></trkpt><trkpt lat="43.38552094" lon="-5.82101154"><ele>189.28</ele><time>2024-09-04T12:54:52Z</time></trkpt><trkpt lat="43.38552856" lon="-5.82102346"><ele>189.27</ele><time>2024-09-04T12:54:53Z</time></trkpt><trkpt lat="43.38553619" lon="-5.82103586"><ele>189.27</ele><time>2024-09-04T12:54:54Z</time></trkpt><trkpt lat="43.38554382" lon="-5.82104921"><ele>189.26</ele><time>2024-09-04T12:54:55Z</time></trkpt><trkpt lat="43.38554764" lon="-5.82106161"><ele>189.26</ele><time>2024-09-04T12:54:56Z</time></trkpt><trkpt lat="43.38555145" lon="-5.82107210"><ele>189.26</ele><time>2024-09-04T12:54:57Z</time></trkpt><trkpt lat="43.38555145" lon="-5.82108021"><ele>189.26</ele><time>2024-09-04T12:54:58Z</time></trkpt><trkpt lat="43.38555145" lon="-5.82108593"><ele>189.26</ele><time>2024-09-04T12:54:59Z</time></trkpt><trkpt lat="43.38554764" lon="-5.82108879"><ele>189.25</ele><time>2024-09-04T12:55:00Z</time></trkpt><trkpt lat="43.38554764" lon="-5.82108784"><ele>189.25</ele><time>2024-09-04T12:55:01Z</time></trkpt><trkpt lat="43.38554382" lon="-5.82108498"><ele>189.24</ele><time>2024-09-04T12:55:02Z</time></trkpt><trkpt lat="43.38554382" lon="-5.82108021"><ele>189.23</ele><time>2024-09-04T12:55:03Z</time></trkpt><trkpt lat="43.38554382" lon="-5.82107496"><ele>189.23</ele><time>2024-09-04T12:55:04Z</time></trkpt><trkpt lat="43.38554764" lon="-5.82106876"><ele>189.22</ele><time>2024-09-04T12:55:05Z</time></trkpt><trkpt lat="43.38555145" lon="-5.82106209"><ele>189.21</ele><time>2024-09-04T12:55:06Z</time></trkpt><trkpt lat="43.38555527" lon="-5.82105637"><ele>189.21</ele><time>2024-09-04T12:55:07Z</time></trkpt><trkpt lat="43.38556290" lon="-5.82105112"><ele>189.21</ele><time>2024-09-04T12:55:08Z</time></trkpt><trkpt lat="43.38557053" lon="-5.82104588"><ele>189.21</ele><time>2024-09-04T12:55:09Z</time></trkpt><trkpt lat="43.38557816" lon="-5.82104111"><ele>189.21</ele><time>2024-09-04T12:55:10Z</time></trkpt><trkpt lat="43.38558960" lon="-5.82103634"><ele>189.21</ele><time>2024-09-04T12:55:11Z</time></trkpt><trkpt lat="43.38559723" lon="-5.82103157"><ele>189.21</ele><time>2024-09-04T12:55:12Z</time></trkpt><trkpt lat="43.38560867" lon="-5.82102537"><ele>189.21</ele><time>2024-09-04T12:55:13Z</time></trkpt><trkpt lat="43.38562012" lon="-5.82101917"><ele>189.21</ele><time>2024-09-04T12:55:14Z</time></trkpt><trkpt lat="43.38562775" lon="-5.82101107"><ele>189.20</ele><time>2024-09-04T12:55:15Z</time></trkpt><trkpt lat="43.38563919" lon="-5.82100344"><ele>189.20</ele><time>2024-09-04T12:55:16Z</time></trkpt><trkpt lat="43.38565063" lon="-5.82099533"><ele>189.20</ele><time>2024-09-04T12:55:17Z</time></trkpt><trkpt lat="43.38566208" lon="-5.82098818"><ele>189.20</ele><time>2024-09-04T12:55:18Z</time></trkpt><trkpt lat="43.38567352" lon="-5.82098103"><ele>189.20</ele><time>2024-09-04T12:55:19Z</time></trkpt><trkpt lat="43.38568115" lon="-5.82097340"><ele>189.19</ele><time>2024-09-04T12:55:20Z</time></trkpt><trkpt lat="43.38569260" lon="-5.82096577"><ele>189.19</ele><time>2024-09-04T12:55:21Z</time></trkpt><trkpt lat="43.38570023" lon="-5.82095623"><ele>189.19</ele><time>2024-09-04T12:55:22Z</time></trkpt><trkpt lat="43.38571167" lon="-5.82094622"><ele>189.19</ele><time>2024-09-04T12:55:23Z</time></trkpt><trkpt lat="43.38571930" lon="-5.82093620"><ele>189.19</ele><time>2024-09-04T12:55:24Z</time></trkpt><trkpt lat="43.38572693" lon="-5.82092476"><ele>189.19</ele><time>2024-09-04T12:55:25Z</time></trkpt><trkpt lat="43.38573456" lon="-5.82091331"><ele>189.18</ele><time>2024-09-04T12:55:26Z</time></trkpt><trkpt lat="43.38574219" lon="-5.82090235"><ele>189.17</ele><time>2024-09-04T12:55:27Z</time></trkpt><trkpt lat="43.38574982" lon="-5.82089090"><ele>189.17</ele><time>2024-09-04T12:55:28Z</time></trkpt><trkpt lat="43.38575745" lon="-5.82087994"><ele>189.17</ele><time>2024-09-04T12:55:29Z</time></trkpt><trkpt lat="43.38576126" lon="-5.82086945"><ele>189.15</ele><time>2024-09-04T12:55:30Z</time></trkpt><trkpt lat="43.38576126" lon="-5.82085848"><ele>189.15</ele><time>2024-09-04T12:55:31Z</time></trkpt><trkpt lat="43.38576126" lon="-5.82084894"><ele>189.14</ele><time>2024-09-04T12:55:32Z</time></trkpt><trkpt lat="43.38576126" lon="-5.82084036"><ele>189.13</ele><time>2024-09-04T12:55:33Z</time></trkpt><trkpt lat="43.38575745" lon="-5.82083273"><ele>189.12</ele><time>2024-09-04T12:55:34Z</time></trkpt><trkpt lat="43.38576508" lon="-5.82082367"><ele>189.12</ele><time>2024-09-04T12:55:35Z</time></trkpt><trkpt lat="43.38576889" lon="-5.82081270"><ele>189.11</ele><time>2024-09-04T12:55:36Z</time></trkpt><trkpt lat="43.38578033" lon="-5.82080126"><ele>189.11</ele><time>2024-09-04T12:55:37Z</time></trkpt><trkpt lat="43.38578796" lon="-5.82079077"><ele>189.11</ele><time>2024-09-04T12:55:38Z</time></trkpt><trkpt lat="43.38579559" lon="-5.82078171"><ele>189.11</ele><time>2024-09-04T12:55:39Z</time></trkpt><trkpt lat="43.38580704" lon="-5.82077360"><ele>189.11</ele><time>2024-09-04T12:55:40Z</time></trkpt><trkpt lat="43.38581467" lon="-5.82076740"><ele>189.11</ele><time>2024-09-04T12:55:41Z</time></trkpt><trkpt lat="43.38582230" lon="-5.82076168"><ele>189.11</ele><time>2024-09-04T12:55:42Z</time></trkpt><trkpt lat="43.38582611" lon="-5.82075644"><ele>189.11</ele><time>2024-09-04T12:55:43Z</time></trkpt><trkpt lat="43.38583374" lon="-5.82075214"><ele>189.11</ele><time>2024-09-04T12:55:44Z</time></trkpt><trkpt lat="43.38583755" lon="-5.82074833"><ele>189.11</ele><time>2024-09-04T12:55:45Z</time></trkpt><trkpt lat="43.38584137" lon="-5.82074547"><ele>189.11</ele><time>2024-09-04T12:55:46Z</time></trkpt><trkpt lat="43.38584518" lon="-5.82074213"><ele>189.10</ele><time>2024-09-04T12:55:47Z</time></trkpt><trkpt lat="43.38584900" lon="-5.82073832"><ele>189.10</ele><time>2024-09-04T12:55:48Z</time></trkpt><trkpt lat="43.38585281" lon="-5.82073355"><ele>189.09</ele><time>2024-09-04T12:55:49Z</time></trkpt><trkpt lat="43.38585663" lon="-5.82072830"><ele>189.09</ele><time>2024-09-04T12:55:50Z</time></trkpt><trkpt lat="43.38586044" lon="-5.82072163"><ele>189.09</ele><time>2024-09-04T12:55:51Z</time></trkpt><trkpt lat="43.38586426" lon="-5.82071495"><ele>189.08</ele><time>2024-09-04T12:55:52Z</time></trkpt><trkpt lat="43.38587189" lon="-5.82070827"><ele>189.08</ele><time>2024-09-04T12:55:53Z</time></trkpt><trkpt lat="43.38587570" lon="-5.82070160"><ele>189.07</ele><time>2024-09-04T12:55:54Z</time></trkpt><trkpt lat="43.38587952" lon="-5.82069492"><ele>189.07</ele><time>2024-09-04T12:55:55Z</time></trkpt><trkpt lat="43.38588715" lon="-5.82068777"><ele>189.07</ele><time>2024-09-04T12:55:56Z</time></trkpt><trkpt lat="43.38589096" lon="-5.82067919"><ele>189.07</ele><time>2024-09-04T12:55:57Z</time></trkpt><trkpt lat="43.38589859" lon="-5.82066822"><ele>189.05</ele><time>2024-09-04T12:55:58Z</time></trkpt><trkpt lat="43.38590240" lon="-5.82065535"><ele>189.04</ele><time>2024-09-04T12:55:59Z</time></trkpt><trkpt lat="43.38591003" lon="-5.82063913"><ele>189.03</ele><time>2024-09-04T12:56:00Z</time></trkpt><trkpt lat="43.38591766" lon="-5.82062101"><ele>189.02</ele><time>2024-09-04T12:56:01Z</time></trkpt><trkpt lat="43.38592529" lon="-5.82060385"><ele>189.02</ele><time>2024-09-04T12:56:02Z</time></trkpt><trkpt lat="43.38593674" lon="-5.82058525"><ele>189.00</ele><time>2024-09-04T12:56:03Z</time></trkpt><trkpt lat="43.38594437" lon="-5.82056808"><ele>189.00</ele><time>2024-09-04T12:56:04Z</time></trkpt><trkpt lat="43.38595200" lon="-5.82055140"><ele>188.99</ele><time>2024-09-04T12:56:05Z</time></trkpt><trkpt lat="43.38596344" lon="-5.82053566"><ele>188.99</ele><time>2024-09-04T12:56:06Z</time></trkpt><trkpt lat="43.38597107" lon="-5.82052088"><ele>188.99</ele><time>2024-09-04T12:56:07Z</time></trkpt><trkpt lat="43.38598251" lon="-5.82050705"><ele>188.99</ele><time>2024-09-04T12:56:08Z</time></trkpt><trkpt lat="43.38599396" lon="-5.82049370"><ele>188.99</ele><time>2024-09-04T12:56:09Z</time></trkpt><trkpt lat="43.38600540" lon="-5.82048225"><ele>188.99</ele><time>2024-09-04T12:56:10Z</time></trkpt><trkpt lat="43.38601303" lon="-5.82047224"><ele>188.99</ele><time>2024-09-04T12:56:11Z</time></trkpt><trkpt lat="43.38602448" lon="-5.82046223"><ele>188.99</ele><time>2024-09-04T12:56:12Z</time></trkpt><trkpt lat="43.38603210" lon="-5.82045126"><ele>188.98</ele><time>2024-09-04T12:56:13Z</time></trkpt><trkpt lat="43.38604355" lon="-5.82044029"><ele>188.98</ele><time>2024-09-04T12:56:14Z</time></trkpt><trkpt lat="43.38605118" lon="-5.82042980"><ele>188.97</ele><time>2024-09-04T12:56:15Z</time></trkpt><trkpt lat="43.38605881" lon="-5.82041979"><ele>188.97</ele><time>2024-09-04T12:56:16Z</time></trkpt><trkpt lat="43.38606644" lon="-5.82040930"><ele>188.97</ele><time>2024-09-04T12:56:17Z</time></trkpt><trkpt lat="43.38607407" lon="-5.82040024"><ele>188.96</ele><time>2024-09-04T12:56:18Z</time></trkpt><trkpt lat="43.38608170" lon="-5.82039261"><ele>188.96</ele><time>2024-09-04T12:56:19Z</time></trkpt><trkpt lat="43.38608932" lon="-5.82038736"><ele>188.95</ele><time>2024-09-04T12:56:20Z</time></trkpt><trkpt lat="43.38609695" lon="-5.82038355"><ele>188.95</ele><time>2024-09-04T12:56:21Z</time></trkpt><trkpt lat="43.38610458" lon="-5.82038116"><ele>188.95</ele><time>2024-09-04T12:56:22Z</time></trkpt><trkpt lat="43.38611221" lon="-5.82038069"><ele>188.95</ele><time>2024-09-04T12:56:23Z</time></trkpt><trkpt lat="43.38611984" lon="-5.82038164"><ele>188.94</ele><time>2024-09-04T12:56:24Z</time></trkpt><trkpt lat="43.38612747" lon="-5.82038307"><ele>188.94</ele><time>2024-09-04T12:56:25Z</time></trkpt><trkpt lat="43.38613892" lon="-5.82038450"><ele>188.94</ele><time>2024-09-04T12:56:26Z</time></trkpt><trkpt lat="43.38615036" lon="-5.82038593"><ele>188.94</ele><time>2024-09-04T12:56:27Z</time></trkpt><trkpt lat="43.38615799" lon="-5.82038927"><ele>188.94</ele><time>2024-09-04T12:56:28Z</time></trkpt><trkpt lat="43.38616943" lon="-5.82039309"><ele>188.94</ele><time>2024-09-04T12:56:29Z</time></trkpt><trkpt lat="43.38618469" lon="-5.82039642"><ele>188.93</ele><time>2024-09-04T12:56:30Z</time></trkpt><trkpt lat="43.38619614" lon="-5.82040119"><ele>188.92</ele><time>2024-09-04T12:56:31Z</time></trkpt><trkpt lat="43.38620758" lon="-5.82040691"><ele>188.92</ele><time>2024-09-04T12:56:32Z</time></trkpt><trkpt lat="43.38621902" lon="-5.82041359"><ele>188.92</ele><time>2024-09-04T12:56:33Z</time></trkpt><trkpt lat="43.38623047" lon="-5.82042074"><ele>188.92</ele><time>2024-09-04T12:56:34Z</time></trkpt><trkpt lat="43.38624191" lon="-5.82042742"><ele>188.92</ele><time>2024-09-04T12:56:35Z</time></trkpt><trkpt lat="43.38625717" lon="-5.82043457"><ele>188.91</ele><time>2024-09-04T12:56:36Z</time></trkpt><trkpt lat="43.38627243" lon="-5.82044029"><ele>188.91</ele><time>2024-09-04T12:56:37Z</time></trkpt><trkpt lat="43.38629150" lon="-5.82044792"><ele>188.91</ele><time>2024-09-04T12:56:38Z</time></trkpt><trkpt lat="43.38630676" lon="-5.82045555"><ele>188.90</ele><time>2024-09-04T12:56:39Z</time></trkpt><trkpt lat="43.38632584" lon="-5.82046175"><ele>188.90</ele><time>2024-09-04T12:56:40Z</time></trkpt><trkpt lat="43.38634109" lon="-5.82046652"><ele>188.90</ele><time>2024-09-04T12:56:41Z</time></trkpt><trkpt lat="43.38635635" lon="-5.82047081"><ele>188.90</ele><time>2024-09-04T12:56:42Z</time></trkpt><trkpt lat="43.38637161" lon="-5.82047606"><ele>188.89</ele><time>2024-09-04T12:56:43Z</time></trkpt><trkpt lat="43.38638687" lon="-5.82048178"><ele>188.89</ele><time>2024-09-04T12:56:44Z</time></trkpt><trkpt lat="43.38640213" lon="-5.82048845"><ele>188.89</ele><time>2024-09-04T12:56:45Z</time></trkpt><trkpt lat="43.38641357" lon="-5.82049513"><ele>188.89</ele><time>2024-09-04T12:56:46Z</time></trkpt><trkpt lat="43.38642883" lon="-5.82050180"><ele>188.89</ele><time>2024-09-04T12:56:47Z</time></trkpt><trkpt lat="43.38644028" lon="-5.82050848"><ele>188.89</ele><time>2024-09-04T12:56:48Z</time></trkpt><trkpt lat="43.38645554" lon="-5.82051706"><ele>188.89</ele><time>2024-09-04T12:56:49Z</time></trkpt><trkpt lat="43.38646698" lon="-5.82052469"><ele>188.89</ele><time>2024-09-04T12:56:50Z</time></trkpt><trkpt lat="43.38648224" lon="-5.82053280"><ele>188.89</ele><time>2024-09-04T12:56:51Z</time></trkpt><trkpt lat="43.38649368" lon="-5.82053995"><ele>188.89</ele><time>2024-09-04T12:56:52Z</time></trkpt><trkpt lat="43.38650513" lon="-5.82054663"><ele>188.89</ele><time>2024-09-04T12:56:53Z</time></trkpt><trkpt lat="43.38652039" lon="-5.82055378"><ele>188.89</ele><time>2024-09-04T12:56:54Z</time></trkpt><trkpt lat="43.38653183" lon="-5.82056141"><ele>188.89</ele><time>2024-09-04T12:56:55Z</time></trkpt><trkpt lat="43.38654327" lon="-5.82056856"><ele>188.89</ele><time>2024-09-04T12:56:56Z</time></trkpt><trkpt lat="43.38655853" lon="-5.82057524"><ele>188.89</ele><time>2024-09-04T12:56:57Z</time></trkpt><trkpt lat="43.38656998" lon="-5.82058144"><ele>188.89</ele><time>2024-09-04T12:56:58Z</time></trkpt><trkpt lat="43.38658142" lon="-5.82058764"><ele>188.89</ele><time>2024-09-04T12:56:59Z</time></trkpt><trkpt lat="43.38659668" lon="-5.82059574"><ele>188.89</ele><time>2024-09-04T12:57:00Z</time></trkpt><trkpt lat="43.38660812" lon="-5.82060385"><ele>188.89</ele><time>2024-09-04T12:57:01Z</time></trkpt><trkpt lat="43.38661957" lon="-5.82061100"><ele>188.89</ele><time>2024-09-04T12:57:02Z</time></trkpt><trkpt lat="43.38663101" lon="-5.82061911"><ele>188.89</ele><time>2024-09-04T12:57:03Z</time></trkpt><trkpt lat="43.38664246" lon="-5.82062674"><ele>188.89</ele><time>2024-09-04T12:57:04Z</time></trkpt><trkpt lat="43.38665771" lon="-5.82063293"><ele>188.89</ele><time>2024-09-04T12:57:05Z</time></trkpt><trkpt lat="43.38666916" lon="-5.82063913"><ele>188.89</ele><time>2024-09-04T12:57:06Z</time></trkpt><trkpt lat="43.38668060" lon="-5.82064581"><ele>188.89</ele><time>2024-09-04T12:57:07Z</time></trkpt><trkpt lat="43.38669205" lon="-5.82065296"><ele>188.89</ele><time>2024-09-04T12:57:08Z</time></trkpt><trkpt lat="43.38670349" lon="-5.82066059"><ele>188.89</ele><time>2024-09-04T12:57:09Z</time></trkpt><trkpt lat="43.38671494" lon="-5.82066631"><ele>188.89</ele><time>2024-09-04T12:57:10Z</time></trkpt><trkpt lat="43.38672638" lon="-5.82067299"><ele>188.89</ele><time>2024-09-04T12:57:11Z</time></trkpt><trkpt lat="43.38673401" lon="-5.82067966"><ele>188.89</ele><time>2024-09-04T12:57:12Z</time></trkpt><trkpt lat="43.38674927" lon="-5.82068682"><ele>188.89</ele><time>2024-09-04T12:57:13Z</time></trkpt><trkpt lat="43.38676071" lon="-5.82069302"><ele>188.89</ele><time>2024-09-04T12:57:14Z</time></trkpt><trkpt lat="43.38676834" lon="-5.82069826"><ele>188.89</ele><time>2024-09-04T12:57:15Z</time></trkpt><trkpt lat="43.38677597" lon="-5.82070208"><ele>188.89</ele><time>2024-09-04T12:57:16Z</time></trkpt><trkpt lat="43.38678360" lon="-5.82070541"><ele>188.89</ele><time>2024-09-04T12:57:17Z</time></trkpt><trkpt lat="43.38679123" lon="-5.82070780"><ele>188.88</ele><time>2024-09-04T12:57:18Z</time></trkpt><trkpt lat="43.38679504" lon="-5.82070923"><ele>188.88</ele><time>2024-09-04T12:57:19Z</time></trkpt><trkpt lat="43.38679886" lon="-5.82071018"><ele>188.88</ele><time>2024-09-04T12:57:20Z</time></trkpt><trkpt lat="43.38680267" lon="-5.82071114"><ele>188.88</ele><time>2024-09-04T12:57:21Z</time></trkpt><trkpt lat="43.38680267" lon="-5.82071018"><ele>188.88</ele><time>2024-09-04T12:57:22Z</time></trkpt><trkpt lat="43.38680649" lon="-5.82070923"><ele>188.88</ele><time>2024-09-04T12:57:23Z</time></trkpt><trkpt lat="43.38681030" lon="-5.82070875"><ele>188.87</ele><time>2024-09-04T12:57:24Z</time></trkpt><trkpt lat="43.38681793" lon="-5.82070827"><ele>188.87</ele><time>2024-09-04T12:57:25Z</time></trkpt><trkpt lat="43.38682556" lon="-5.82070875"><ele>188.87</ele><time>2024-09-04T12:57:26Z</time></trkpt><trkpt lat="43.38682938" lon="-5.82071018"><ele>188.87</ele><time>2024-09-04T12:57:27Z</time></trkpt><trkpt lat="43.38683701" lon="-5.82071114"><ele>188.86</ele><time>2024-09-04T12:57:28Z</time></trkpt><trkpt lat="43.38684845" lon="-5.82071257"><ele>188.86</ele><time>2024-09-04T12:57:29Z</time></trkpt><trkpt lat="43.38685608" lon="-5.82071495"><ele>188.86</ele><time>2024-09-04T12:57:30Z</time></trkpt><trkpt lat="43.38686752" lon="-5.82071781"><ele>188.86</ele><time>2024-09-04T12:57:31Z</time></trkpt><trkpt lat="43.38687515" lon="-5.82072210"><ele>188.86</ele><time>2024-09-04T12:57:32Z</time></trkpt><trkpt lat="43.38688660" lon="-5.82072687"><ele>188.86</ele><time>2024-09-04T12:57:33Z</time></trkpt><trkpt lat="43.38689423" lon="-5.82073259"><ele>188.86</ele><time>2024-09-04T12:57:34Z</time></trkpt><trkpt lat="43.38690567" lon="-5.82073784"><ele>188.86</ele><time>2024-09-04T12:57:35Z</time></trkpt><trkpt lat="43.38691330" lon="-5.82074261"><ele>188.86</ele><time>2024-09-04T12:57:36Z</time></trkpt><trkpt lat="43.38692474" lon="-5.82074594"><ele>188.86</ele><time>2024-09-04T12:57:37Z</time></trkpt><trkpt lat="43.38693237" lon="-5.82074833"><ele>188.85</ele><time>2024-09-04T12:57:38Z</time></trkpt><trkpt lat="43.38694382" lon="-5.82075024"><ele>188.85</ele><time>2024-09-04T12:57:39Z</time></trkpt><trkpt lat="43.38695145" lon="-5.82075167"><ele>188.85</ele><time>2024-09-04T12:57:40Z</time></trkpt><trkpt lat="43.38695908" lon="-5.82075310"><ele>188.85</ele><time>2024-09-04T12:57:41Z</time></trkpt><trkpt lat="43.38696671" lon="-5.82075500"><ele>188.85</ele><time>2024-09-04T12:57:42Z</time></trkpt><trkpt lat="43.38697433" lon="-5.82075691"><ele>188.85</ele><time>2024-09-04T12:57:43Z</time></trkpt><trkpt lat="43.38698196" lon="-5.82075834"><ele>188.84</ele><time>2024-09-04T12:57:44Z</time></trkpt><trkpt lat="43.38698959" lon="-5.82075977"><ele>188.84</ele><time>2024-09-04T12:57:45Z</time></trkpt><trkpt lat="43.38699341" lon="-5.82076025"><ele>188.84</ele><time>2024-09-04T12:57:46Z</time></trkpt><trkpt lat="43.38700104" lon="-5.82075977"><ele>188.84</ele><time>2024-09-04T12:57:47Z</time></trkpt><trkpt lat="43.38700485" lon="-5.82075882"><ele>188.84</ele><time>2024-09-04T12:57:48Z</time></trkpt><trkpt lat="43.38700867" lon="-5.82075691"><ele>188.84</ele><time>2024-09-04T12:57:49Z</time></trkpt><trkpt lat="43.38701248" lon="-5.82075405"><ele>188.83</ele><time>2024-09-04T12:57:50Z</time></trkpt><trkpt lat="43.38701630" lon="-5.82075024"><ele>188.83</ele><time>2024-09-04T12:57:51Z</time></trkpt><trkpt lat="43.38701630" lon="-5.82074642"><ele>188.82</ele><time>2024-09-04T12:57:52Z</time></trkpt><trkpt lat="43.38702011" lon="-5.82074213"><ele>188.82</ele><time>2024-09-04T12:57:53Z</time></trkpt><trkpt lat="43.38702393" lon="-5.82073832"><ele>188.82</ele><time>2024-09-04T12:57:54Z</time></trkpt><trkpt lat="43.38702774" lon="-5.82073498"><ele>188.81</ele><time>2024-09-04T12:57:55Z</time></trkpt><trkpt lat="43.38703156" lon="-5.82073307"><ele>188.81</ele><time>2024-09-04T12:57:56Z</time></trkpt><trkpt lat="43.38703918" lon="-5.82073259"><ele>188.81</ele><time>2024-09-04T12:57:57Z</time></trkpt><trkpt lat="43.38704300" lon="-5.82073307"><ele>188.81</ele><time>2024-09-04T12:57:58Z</time></trkpt><trkpt lat="43.38705063" lon="-5.82073402"><ele>188.81</ele><time>2024-09-04T12:57:59Z</time></trkpt><trkpt lat="43.38705826" lon="-5.82073498"><ele>188.81</ele><time>2024-09-04T12:58:00Z</time></trkpt><trkpt lat="43.38706589" lon="-5.82073498"><ele>188.81</ele><time>2024-09-04T12:58:01Z</time></trkpt><trkpt lat="43.38707352" lon="-5.82073450"><ele>188.81</ele><time>2024-09-04T12:58:02Z</time></trkpt><trkpt lat="43.38707733" lon="-5.82073402"><ele>188.81</ele><time>2024-09-04T12:58:03Z</time></trkpt><trkpt lat="43.38708496" lon="-5.82073164"><ele>188.80</ele><time>2024-09-04T12:58:04Z</time></trkpt><trkpt lat="43.38708878" lon="-5.82072830"><ele>188.80</ele><time>2024-09-04T12:58:05Z</time></trkpt><trkpt lat="43.38709259" lon="-5.82072401"><ele>188.80</ele><time>2024-09-04T12:58:06Z</time></trkpt><trkpt lat="43.38709641" lon="-5.82071924"><ele>188.79</ele><time>2024-09-04T12:58:07Z</time></trkpt><trkpt lat="43.38710022" lon="-5.82071447"><ele>188.79</ele><time>2024-09-04T12:58:08Z</time></trkpt><trkpt lat="43.38710403" lon="-5.82070923"><ele>188.79</ele><time>2024-09-04T12:58:09Z</time></trkpt><trkpt lat="43.38710785" lon="-5.82070351"><ele>188.78</ele><time>2024-09-04T12:58:10Z</time></trkpt><trkpt lat="43.38711166" lon="-5.82069874"><ele>188.78</ele><time>2024-09-04T12:58:11Z</time></trkpt><trkpt lat="43.38711548" lon="-5.82069397"><ele>188.77</ele><time>2024-09-04T12:58:12Z</time></trkpt><trkpt lat="43.38711929" lon="-5.82069159"><ele>188.77</ele><time>2024-09-04T12:58:13Z</time></trkpt><trkpt lat="43.38712311" lon="-5.82068968"><ele>188.77</ele><time>2024-09-04T12:58:14Z</time></trkpt><trkpt lat="43.38712692" lon="-5.82069063"><ele>188.77</ele><time>2024-09-04T12:58:15Z</time></trkpt><trkpt lat="43.38713074" lon="-5.82069349"><ele>188.77</ele><time>2024-09-04T12:58:16Z</time></trkpt><trkpt lat="43.38713455" lon="-5.82069874"><ele>188.77</ele><time>2024-09-04T12:58:17Z</time></trkpt><trkpt lat="43.38713455" lon="-5.82070208"><ele>188.77</ele><time>2024-09-04T12:58:18Z</time></trkpt><trkpt lat="43.38713455" lon="-5.82070541"><ele>188.77</ele><time>2024-09-04T12:58:19Z</time></trkpt><trkpt lat="43.38713837" lon="-5.82070780"><ele>188.77</ele><time>2024-09-04T12:58:20Z</time></trkpt><trkpt lat="43.38713837" lon="-5.82070923"><ele>188.77</ele><time>2024-09-04T12:58:21Z</time></trkpt><trkpt lat="43.38713837" lon="-5.82071066"><ele>188.76</ele><time>2024-09-04T12:58:22Z</time></trkpt><trkpt lat="43.38713837" lon="-5.82071257"><ele>188.76</ele><time>2024-09-04T12:58:23Z</time></trkpt><trkpt lat="43.38713837" lon="-5.82071590"><ele>188.76</ele><time>2024-09-04T12:58:24Z</time></trkpt><trkpt lat="43.38713837" lon="-5.82071924"><ele>188.76</ele><time>2024-09-04T12:58:25Z</time></trkpt><trkpt lat="43.38713837" lon="-5.82072306"><ele>188.76</ele><time>2024-09-04T12:58:26Z</time></trkpt><trkpt lat="43.38713455" lon="-5.82072687"><ele>188.76</ele><time>2024-09-04T12:58:27Z</time></trkpt><trkpt lat="43.38713455" lon="-5.82073116"><ele>188.76</ele><time>2024-09-04T12:58:28Z</time></trkpt><trkpt lat="43.38713455" lon="-5.82073545"><ele>188.75</ele><time>2024-09-04T12:58:29Z</time></trkpt><trkpt lat="43.38713455" lon="-5.82074070"><ele>188.75</ele><time>2024-09-04T12:58:30Z</time></trkpt><trkpt lat="43.38713455" lon="-5.82074642"><ele>188.75</ele><time>2024-09-04T12:58:31Z</time></trkpt><trkpt lat="43.38713455" lon="-5.82075119"><ele>188.75</ele><time>2024-09-04T12:58:32Z</time></trkpt><trkpt lat="43.38713074" lon="-5.82075500"><ele>188.75</ele><time>2024-09-04T12:58:33Z</time></trkpt><trkpt lat="43.38713074" lon="-5.82075882"><ele>188.75</ele><time>2024-09-04T12:58:34Z</time></trkpt><trkpt lat="43.38713074" lon="-5.82076263"><ele>188.75</ele><time>2024-09-04T12:58:35Z</time></trkpt><trkpt lat="43.38713074" lon="-5.82076645"><ele>188.75</ele><time>2024-09-04T12:58:36Z</time></trkpt><trkpt lat="43.38713074" lon="-5.82077026"><ele>188.75</ele><time>2024-09-04T12:58:37Z</time></trkpt><trkpt lat="43.38713074" lon="-5.82077408"><ele>188.75</ele><time>2024-09-04T12:58:38Z</time></trkpt><trkpt lat="43.38712692" lon="-5.82077837"><ele>188.75</ele><time>2024-09-04T12:58:39Z</time></trkpt><trkpt lat="43.38712692" lon="-5.82078218"><ele>188.75</ele><time>2024-09-04T12:58:40Z</time></trkpt><trkpt lat="43.38712692" lon="-5.82078648"><ele>188.74</ele><time>2024-09-04T12:58:41Z</time></trkpt><trkpt lat="43.38712692" lon="-5.82079077"><ele>188.74</ele><time>2024-09-04T12:58:42Z</time></trkpt><trkpt lat="43.38712692" lon="-5.82079601"><ele>188.74</ele><time>2024-09-04T12:58:43Z</time></trkpt><trkpt lat="43.38712692" lon="-5.82080221"><ele>188.74</ele><time>2024-09-04T12:58:44Z</time></trkpt><trkpt lat="43.38712692" lon="-5.82080841"><ele>188.74</ele><time>2024-09-04T12:58:45Z</time></trkpt><trkpt lat="43.38712692" lon="-5.82081461"><ele>188.74</ele><time>2024-09-04T12:58:46Z</time></trkpt><trkpt lat="43.38712692" lon="-5.82082129"><ele>188.74</ele><time>2024-09-04T12:58:47Z</time></trkpt><trkpt lat="43.38712692" lon="-5.82082701"><ele>188.74</ele><time>2024-09-04T12:58:48Z</time></trkpt><trkpt lat="43.38712692" lon="-5.82083273"><ele>188.73</ele><time>2024-09-04T12:58:49Z</time></trkpt><trkpt lat="43.38712692" lon="-5.82083797"><ele>188.73</ele><time>2024-09-04T12:58:50Z</time></trkpt><trkpt lat="43.38712692" lon="-5.82084322"><ele>188.73</ele><time>2024-09-04T12:58:51Z</time></trkpt><trkpt lat="43.38712692" lon="-5.82084751"><ele>188.72</ele><time>2024-09-04T12:58:52Z</time></trkpt><trkpt lat="43.38712692" lon="-5.82085037"><ele>188.72</ele><time>2024-09-04T12:58:53Z</time></trkpt><trkpt lat="43.38712311" lon="-5.82085276"><ele>188.72</ele><time>2024-09-04T12:58:54Z</time></trkpt><trkpt lat="43.38712311" lon="-5.82085323"><ele>188.72</ele><time>2024-09-04T12:58:55Z</time></trkpt><trkpt lat="43.38712311" lon="-5.82085276"><ele>188.72</ele><time>2024-09-04T12:58:56Z</time></trkpt><trkpt lat="43.38712311" lon="-5.82085276"><ele>188.72</ele><time>2024-09-04T12:58:57Z</time></trkpt><trkpt lat="43.38711929" lon="-5.82085037"><ele>188.71</ele><time>2024-09-04T12:58:58Z</time></trkpt><trkpt lat="43.38711929" lon="-5.82084656"><ele>188.71</ele><time>2024-09-04T12:58:59Z</time></trkpt><trkpt lat="43.38710785" lon="-5.82083416"><ele>188.69</ele><time>2024-09-04T12:59:00Z</time></trkpt><trkpt lat="43.38710022" lon="-5.82082033"><ele>188.68</ele><time>2024-09-04T12:59:01Z</time></trkpt><trkpt lat="43.38708878" lon="-5.82080603"><ele>188.67</ele><time>2024-09-04T12:59:02Z</time></trkpt><trkpt lat="43.38708115" lon="-5.82079363"><ele>188.66</ele><time>2024-09-04T12:59:03Z</time></trkpt><trkpt lat="43.38707352" lon="-5.82078218"><ele>188.65</ele><time>2024-09-04T12:59:04Z</time></trkpt><trkpt lat="43.38706970" lon="-5.82077074"><ele>188.64</ele><time>2024-09-04T12:59:05Z</time></trkpt><trkpt lat="43.38706589" lon="-5.82076025"><ele>188.63</ele><time>2024-09-04T12:59:06Z</time></trkpt><trkpt lat="43.38705826" lon="-5.82074976"><ele>188.62</ele><time>2024-09-04T12:59:07Z</time></trkpt><trkpt lat="43.38705444" lon="-5.82073975"><ele>188.62</ele><time>2024-09-04T12:59:08Z</time></trkpt><trkpt lat="43.38705063" lon="-5.82073021"><ele>188.62</ele><time>2024-09-04T12:59:09Z</time></trkpt><trkpt lat="43.38705063" lon="-5.82072067"><ele>188.61</ele><time>2024-09-04T12:59:10Z</time></trkpt><trkpt lat="43.38704681" lon="-5.82071161"><ele>188.60</ele><time>2024-09-04T12:59:11Z</time></trkpt><trkpt lat="43.38704681" lon="-5.82070446"><ele>188.59</ele><time>2024-09-04T12:59:12Z</time></trkpt><trkpt lat="43.38704681" lon="-5.82069778"><ele>188.59</ele><time>2024-09-04T12:59:13Z</time></trkpt><trkpt lat="43.38704681" lon="-5.82069063"><ele>188.58</ele><time>2024-09-04T12:59:14Z</time></trkpt><trkpt lat="43.38704681" lon="-5.82068443"><ele>188.57</ele><time>2024-09-04T12:59:15Z</time></trkpt><trkpt lat="43.38704681" lon="-5.82067823"><ele>188.57</ele><time>2024-09-04T12:59:16Z</time></trkpt><trkpt lat="43.38704681" lon="-5.82067204"><ele>188.57</ele><time>2024-09-04T12:59:17Z</time></trkpt><trkpt lat="43.38704681" lon="-5.82066631"><ele>188.56</ele><time>2024-09-04T12:59:18Z</time></trkpt><trkpt lat="43.38705063" lon="-5.82066107"><ele>188.56</ele><time>2024-09-04T12:59:19Z</time></trkpt><trkpt lat="43.38705063" lon="-5.82065582"><ele>188.55</ele><time>2024-09-04T12:59:20Z</time></trkpt><trkpt lat="43.38705063" lon="-5.82065010"><ele>188.56</ele><time>2024-09-04T12:59:21Z</time></trkpt><trkpt lat="43.38705063" lon="-5.82064486"><ele>188.56</ele><time>2024-09-04T12:59:22Z</time></trkpt><trkpt lat="43.38705444" lon="-5.82064009"><ele>188.55</ele><time>2024-09-04T12:59:23Z</time></trkpt><trkpt lat="43.38705444" lon="-5.82063627"><ele>188.55</ele><time>2024-09-04T12:59:24Z</time></trkpt><trkpt lat="43.38705444" lon="-5.82063341"><ele>188.55</ele><time>2024-09-04T12:59:25Z</time></trkpt><trkpt lat="43.38705444" lon="-5.82063103"><ele>188.55</ele><time>2024-09-04T12:59:26Z</time></trkpt><trkpt lat="43.38705826" lon="-5.82063007"><ele>188.55</ele><time>2024-09-04T12:59:27Z</time></trkpt><trkpt lat="43.38705826" lon="-5.82062864"><ele>188.55</ele><time>2024-09-04T12:59:28Z</time></trkpt><trkpt lat="43.38706207" lon="-5.82062674"><ele>188.55</ele><time>2024-09-04T12:59:29Z</time></trkpt><trkpt lat="43.38706207" lon="-5.82062340"><ele>188.55</ele><time>2024-09-04T12:59:30Z</time></trkpt><trkpt lat="43.38706589" lon="-5.82061911"><ele>188.55</ele><time>2024-09-04T12:59:31Z</time></trkpt><trkpt lat="43.38706970" lon="-5.82061529"><ele>188.55</ele><time>2024-09-04T12:59:32Z</time></trkpt><trkpt lat="43.38707352" lon="-5.82061005"><ele>188.56</ele><time>2024-09-04T12:59:33Z</time></trkpt><trkpt lat="43.38707733" lon="-5.82060480"><ele>188.55</ele><time>2024-09-04T12:59:34Z</time></trkpt><trkpt lat="43.38708115" lon="-5.82059956"><ele>188.55</ele><time>2024-09-04T12:59:35Z</time></trkpt><trkpt lat="43.38708496" lon="-5.82059479"><ele>188.55</ele><time>2024-09-04T12:59:36Z</time></trkpt><trkpt lat="43.38709259" lon="-5.82059050"><ele>188.55</ele><time>2024-09-04T12:59:37Z</time></trkpt><trkpt lat="43.38709641" lon="-5.82058620"><ele>188.55</ele><time>2024-09-04T12:59:38Z</time></trkpt><trkpt lat="43.38710022" lon="-5.82058239"><ele>188.54</ele><time>2024-09-04T12:59:39Z</time></trkpt><trkpt lat="43.38710785" lon="-5.82057810"><ele>188.54</ele><time>2024-09-04T12:59:40Z</time></trkpt><trkpt lat="43.38711166" lon="-5.82057381"><ele>188.54</ele><time>2024-09-04T12:59:41Z</time></trkpt><trkpt lat="43.38711548" lon="-5.82056999"><ele>188.54</ele><time>2024-09-04T12:59:42Z</time></trkpt><trkpt lat="43.38711929" lon="-5.82056665"><ele>188.53</ele><time>2024-09-04T12:59:43Z</time></trkpt><trkpt lat="43.38712311" lon="-5.82056379"><ele>188.53</ele><time>2024-09-04T12:59:44Z</time></trkpt><trkpt lat="43.38713074" lon="-5.82056141"><ele>188.53</ele><time>2024-09-04T12:59:45Z</time></trkpt><trkpt lat="43.38713837" lon="-5.82055998"><ele>188.53</ele><time>2024-09-04T12:59:46Z</time></trkpt><trkpt lat="43.38714600" lon="-5.82055855"><ele>188.53</ele><time>2024-09-04T12:59:47Z</time></trkpt><trkpt lat="43.38715363" lon="-5.82055664"><ele>188.53</ele><time>2024-09-04T12:59:48Z</time></trkpt><trkpt lat="43.38716125" lon="-5.82055521"><ele>188.52</ele><time>2024-09-04T12:59:49Z</time></trkpt><trkpt lat="43.38716888" lon="-5.82055187"><ele>188.52</ele><time>2024-09-04T12:59:50Z</time></trkpt><trkpt lat="43.38717651" lon="-5.82054949"><ele>188.52</ele><time>2024-09-04T12:59:51Z</time></trkpt><trkpt lat="43.38718796" lon="-5.82054758"><ele>188.51</ele><time>2024-09-04T12:59:52Z</time></trkpt><trkpt lat="43.38719559" lon="-5.82054615"><ele>188.51</ele><time>2024-09-04T12:59:53Z</time></trkpt><trkpt lat="43.38720703" lon="-5.82054567"><ele>188.51</ele><time>2024-09-04T12:59:54Z</time></trkpt><trkpt lat="43.38721848" lon="-5.82054710"><ele>188.51</ele><time>2024-09-04T12:59:55Z</time></trkpt><trkpt lat="43.38722992" lon="-5.82054901"><ele>188.51</ele><time>2024-09-04T12:59:56Z</time></trkpt><trkpt lat="43.38724136" lon="-5.82055187"><ele>188.51</ele><time>2024-09-04T12:59:57Z</time></trkpt><trkpt lat="43.38725281" lon="-5.82055521"><ele>188.50</ele><time>2024-09-04T12:59:58Z</time></trkpt><trkpt lat="43.38726044" lon="-5.82055759"><ele>188.50</ele><time>2024-09-04T12:59:59Z</time></trkpt><trkpt lat="43.38727188" lon="-5.82056046"><ele>188.50</ele><time>2024-09-04T13:00:00Z</time></trkpt><trkpt lat="43.38728333" lon="-5.82056332"><ele>188.50</ele><time>2024-09-04T13:00:01Z</time></trkpt><trkpt lat="43.38729477" lon="-5.82056570"><ele>188.50</ele><time>2024-09-04T13:00:02Z</time></trkpt><trkpt lat="43.38730621" lon="-5.82056665"><ele>188.50</ele><time>2024-09-04T13:00:03Z</time></trkpt><trkpt lat="43.38732147" lon="-5.82056952"><ele>188.49</ele><time>2024-09-04T13:00:04Z</time></trkpt><trkpt lat="43.38733292" lon="-5.82057285"><ele>188.49</ele><time>2024-09-04T13:00:05Z</time></trkpt><trkpt lat="43.38734818" lon="-5.82057858"><ele>188.49</ele><time>2024-09-04T13:00:06Z</time></trkpt><trkpt lat="43.38735962" lon="-5.82058477"><ele>188.49</ele><time>2024-09-04T13:00:07Z</time></trkpt><trkpt lat="43.38736725" lon="-5.82059145"><ele>188.49</ele><time>2024-09-04T13:00:08Z</time></trkpt><trkpt lat="43.38737869" lon="-5.82060003"><ele>188.49</ele><time>2024-09-04T13:00:09Z</time></trkpt><trkpt lat="43.38739014" lon="-5.82060909"><ele>188.48</ele><time>2024-09-04T13:00:10Z</time></trkpt><trkpt lat="43.38740158" lon="-5.82061863"><ele>188.48</ele><time>2024-09-04T13:00:11Z</time></trkpt><trkpt lat="43.38741302" lon="-5.82062769"><ele>188.48</ele><time>2024-09-04T13:00:12Z</time></trkpt><trkpt lat="43.38742447" lon="-5.82063580"><ele>188.48</ele><time>2024-09-04T13:00:13Z</time></trkpt><trkpt lat="43.38743591" lon="-5.82064533"><ele>188.48</ele><time>2024-09-04T13:00:14Z</time></trkpt><trkpt lat="43.38744736" lon="-5.82065439"><ele>188.48</ele><time>2024-09-04T13:00:15Z</time></trkpt><trkpt lat="43.38745880" lon="-5.82066298"><ele>188.47</ele><time>2024-09-04T13:00:16Z</time></trkpt><trkpt lat="43.38746643" lon="-5.82067204"><ele>188.47</ele><time>2024-09-04T13:00:17Z</time></trkpt><trkpt lat="43.38747787" lon="-5.82068157"><ele>188.47</ele><time>2024-09-04T13:00:18Z</time></trkpt><trkpt lat="43.38748932" lon="-5.82069016"><ele>188.47</ele><time>2024-09-04T13:00:19Z</time></trkpt><trkpt lat="43.38749695" lon="-5.82069778"><ele>188.47</ele><time>2024-09-04T13:00:20Z</time></trkpt><trkpt lat="43.38751221" lon="-5.82070684"><ele>188.47</ele><time>2024-09-04T13:00:21Z</time></trkpt><trkpt lat="43.38752365" lon="-5.82071495"><ele>188.46</ele><time>2024-09-04T13:00:22Z</time></trkpt><trkpt lat="43.38753510" lon="-5.82072258"><ele>188.46</ele><time>2024-09-04T13:00:23Z</time></trkpt><trkpt lat="43.38755035" lon="-5.82073212"><ele>188.46</ele><time>2024-09-04T13:00:24Z</time></trkpt><trkpt lat="43.38756180" lon="-5.82074070"><ele>188.46</ele><time>2024-09-04T13:00:25Z</time></trkpt><trkpt lat="43.38757324" lon="-5.82075024"><ele>188.46</ele><time>2024-09-04T13:00:26Z</time></trkpt><trkpt lat="43.38758469" lon="-5.82075977"><ele>188.46</ele><time>2024-09-04T13:00:27Z</time></trkpt><trkpt lat="43.38759232" lon="-5.82076788"><ele>188.46</ele><time>2024-09-04T13:00:28Z</time></trkpt><trkpt lat="43.38760376" lon="-5.82077837"><ele>188.46</ele><time>2024-09-04T13:00:29Z</time></trkpt><trkpt lat="43.38761520" lon="-5.82078981"><ele>188.46</ele><time>2024-09-04T13:00:30Z</time></trkpt><trkpt lat="43.38762665" lon="-5.82080173"><ele>188.46</ele><time>2024-09-04T13:00:31Z</time></trkpt><trkpt lat="43.38763428" lon="-5.82081318"><ele>188.46</ele><time>2024-09-04T13:00:32Z</time></trkpt><trkpt lat="43.38764572" lon="-5.82082415"><ele>188.46</ele><time>2024-09-04T13:00:33Z</time></trkpt><trkpt lat="43.38765717" lon="-5.82083130"><ele>188.46</ele><time>2024-09-04T13:00:34Z</time></trkpt><trkpt lat="43.38766861" lon="-5.82083607"><ele>188.45</ele><time>2024-09-04T13:00:35Z</time></trkpt><trkpt lat="43.38768387" lon="-5.82083988"><ele>188.45</ele><time>2024-09-04T13:00:36Z</time></trkpt><trkpt lat="43.38769531" lon="-5.82084227"><ele>188.45</ele><time>2024-09-04T13:00:37Z</time></trkpt><trkpt lat="43.38770676" lon="-5.82084608"><ele>188.45</ele><time>2024-09-04T13:00:38Z</time></trkpt><trkpt lat="43.38771820" lon="-5.82084942"><ele>188.44</ele><time>2024-09-04T13:00:39Z</time></trkpt><trkpt lat="43.38772964" lon="-5.82085466"><ele>188.44</ele><time>2024-09-04T13:00:40Z</time></trkpt><trkpt lat="43.38774109" lon="-5.82086086"><ele>188.44</ele><time>2024-09-04T13:00:41Z</time></trkpt><trkpt lat="43.38775253" lon="-5.82086754"><ele>188.44</ele><time>2024-09-04T13:00:42Z</time></trkpt><trkpt lat="43.38776398" lon="-5.82087708"><ele>188.44</ele><time>2024-09-04T13:00:43Z</time></trkpt><trkpt lat="43.38777161" lon="-5.82088804"><ele>188.44</ele><time>2024-09-04T13:00:44Z</time></trkpt><trkpt lat="43.38778305" lon="-5.82089949"><ele>188.44</ele><time>2024-09-04T13:00:45Z</time></trkpt><trkpt lat="43.38779449" lon="-5.82091236"><ele>188.44</ele><time>2024-09-04T13:00:46Z</time></trkpt><trkpt lat="43.38780594" lon="-5.82092619"><ele>188.44</ele><time>2024-09-04T13:00:47Z</time></trkpt><trkpt lat="43.38781738" lon="-5.82094145"><ele>188.44</ele><time>2024-09-04T13:00:48Z</time></trkpt><trkpt lat="43.38782883" lon="-5.82095623"><ele>188.44</ele><time>2024-09-04T13:00:49Z</time></trkpt><trkpt lat="43.38784027" lon="-5.82097101"><ele>188.44</ele><time>2024-09-04T13:00:50Z</time></trkpt><trkpt lat="43.38785172" lon="-5.82098579"><ele>188.44</ele><time>2024-09-04T13:00:51Z</time></trkpt><trkpt lat="43.38786316" lon="-5.82100344"><ele>188.44</ele><time>2024-09-04T13:00:52Z</time></trkpt><trkpt lat="43.38787460" lon="-5.82102251"><ele>188.43</ele><time>2024-09-04T13:00:53Z</time></trkpt><trkpt lat="43.38788605" lon="-5.82104254"><ele>188.43</ele><time>2024-09-04T13:00:54Z</time></trkpt><trkpt lat="43.38789749" lon="-5.82106256"><ele>188.43</ele><time>2024-09-04T13:00:55Z</time></trkpt><trkpt lat="43.38790512" lon="-5.82108259"><ele>188.43</ele><time>2024-09-04T13:00:56Z</time></trkpt><trkpt lat="43.38791656" lon="-5.82110262"><ele>188.43</ele><time>2024-09-04T13:00:57Z</time></trkpt><trkpt lat="43.38792419" lon="-5.82112217"><ele>188.43</ele><time>2024-09-04T13:00:58Z</time></trkpt><trkpt lat="43.38793564" lon="-5.82114172"><ele>188.42</ele><time>2024-09-04T13:00:59Z</time></trkpt><trkpt lat="43.38794327" lon="-5.82116127"><ele>188.42</ele><time>2024-09-04T13:01:00Z</time></trkpt><trkpt lat="43.38795090" lon="-5.82117891"><ele>188.42</ele><time>2024-09-04T13:01:01Z</time></trkpt><trkpt lat="43.38796234" lon="-5.82119608"><ele>188.42</ele><time>2024-09-04T13:01:02Z</time></trkpt><trkpt lat="43.38796997" lon="-5.82121372"><ele>188.42</ele><time>2024-09-04T13:01:03Z</time></trkpt><trkpt lat="43.38798141" lon="-5.82123041"><ele>188.43</ele><time>2024-09-04T13:01:04Z</time></trkpt><trkpt lat="43.38799286" lon="-5.82124805"><ele>188.43</ele><time>2024-09-04T13:01:05Z</time></trkpt><trkpt lat="43.38800049" lon="-5.82126570"><ele>188.43</ele><time>2024-09-04T13:01:06Z</time></trkpt><trkpt lat="43.38801193" lon="-5.82128286"><ele>188.42</ele><time>2024-09-04T13:01:07Z</time></trkpt><trkpt lat="43.38801956" lon="-5.82130098"><ele>188.42</ele><time>2024-09-04T13:01:08Z</time></trkpt><trkpt lat="43.38803101" lon="-5.82131863"><ele>188.42</ele><time>2024-09-04T13:01:09Z</time></trkpt><trkpt lat="43.38803864" lon="-5.82133627"><ele>188.42</ele><time>2024-09-04T13:01:10Z</time></trkpt><trkpt lat="43.38804626" lon="-5.82135296"><ele>188.42</ele><time>2024-09-04T13:01:11Z</time></trkpt><trkpt lat="43.38805389" lon="-5.82136869"><ele>188.42</ele><time>2024-09-04T13:01:12Z</time></trkpt><trkpt lat="43.38805771" lon="-5.82138491"><ele>188.41</ele><time>2024-09-04T13:01:13Z</time></trkpt><trkpt lat="43.38806152" lon="-5.82139826"><ele>188.41</ele><time>2024-09-04T13:01:14Z</time></trkpt><trkpt lat="43.38806534" lon="-5.82141018"><ele>188.41</ele><time>2024-09-04T13:01:15Z</time></trkpt><trkpt lat="43.38806915" lon="-5.82142401"><ele>188.41</ele><time>2024-09-04T13:01:16Z</time></trkpt><trkpt lat="43.38807297" lon="-5.82143831"><ele>188.41</ele><time>2024-09-04T13:01:17Z</time></trkpt><trkpt lat="43.38807678" lon="-5.82145643"><ele>188.41</ele><time>2024-09-04T13:01:18Z</time></trkpt><trkpt lat="43.38808060" lon="-5.82147455"><ele>188.41</ele><time>2024-09-04T13:01:19Z</time></trkpt><trkpt lat="43.38808441" lon="-5.82149267"><ele>188.40</ele><time>2024-09-04T13:01:20Z</time></trkpt><trkpt lat="43.38808823" lon="-5.82150936"><ele>188.40</ele><time>2024-09-04T13:01:21Z</time></trkpt><trkpt lat="43.38809586" lon="-5.82152367"><ele>188.40</ele><time>2024-09-04T13:01:22Z</time></trkpt><trkpt lat="43.38810349" lon="-5.82153988"><ele>188.40</ele><time>2024-09-04T13:01:23Z</time></trkpt><trkpt lat="43.38811111" lon="-5.82155514"><ele>188.40</ele><time>2024-09-04T13:01:24Z</time></trkpt><trkpt lat="43.38811874" lon="-5.82156992"><ele>188.39</ele><time>2024-09-04T13:01:25Z</time></trkpt><trkpt lat="43.38812637" lon="-5.82158375"><ele>188.39</ele><time>2024-09-04T13:01:26Z</time></trkpt><trkpt lat="43.38813400" lon="-5.82159710"><ele>188.39</ele><time>2024-09-04T13:01:27Z</time></trkpt><trkpt lat="43.38814545" lon="-5.82160997"><ele>188.39</ele><time>2024-09-04T13:01:28Z</time></trkpt><trkpt lat="43.38815689" lon="-5.82162285"><ele>188.39</ele><time>2024-09-04T13:01:29Z</time></trkpt><trkpt lat="43.38816833" lon="-5.82163668"><ele>188.39</ele><time>2024-09-04T13:01:30Z</time></trkpt><trkpt lat="43.38817978" lon="-5.82164907"><ele>188.38</ele><time>2024-09-04T13:01:31Z</time></trkpt><trkpt lat="43.38819122" lon="-5.82166147"><ele>188.38</ele><time>2024-09-04T13:01:32Z</time></trkpt><trkpt lat="43.38820267" lon="-5.82167339"><ele>188.38</ele><time>2024-09-04T13:01:33Z</time></trkpt><trkpt lat="43.38821411" lon="-5.82168388"><ele>188.38</ele><time>2024-09-04T13:01:34Z</time></trkpt><trkpt lat="43.38822937" lon="-5.82169390"><ele>188.38</ele><time>2024-09-04T13:01:35Z</time></trkpt><trkpt lat="43.38824081" lon="-5.82170343"><ele>188.38</ele><time>2024-09-04T13:01:36Z</time></trkpt><trkpt lat="43.38825226" lon="-5.82171106"><ele>188.38</ele><time>2024-09-04T13:01:37Z</time></trkpt><trkpt lat="43.38826752" lon="-5.82171774"><ele>188.37</ele><time>2024-09-04T13:01:38Z</time></trkpt><trkpt lat="43.38827896" lon="-5.82172346"><ele>188.37</ele><time>2024-09-04T13:01:39Z</time></trkpt><trkpt lat="43.38829422" lon="-5.82172728"><ele>188.37</ele><time>2024-09-04T13:01:40Z</time></trkpt><trkpt lat="43.38830566" lon="-5.82172918"><ele>188.37</ele><time>2024-09-04T13:01:41Z</time></trkpt><trkpt lat="43.38831711" lon="-5.82172966"><ele>188.36</ele><time>2024-09-04T13:01:42Z</time></trkpt><trkpt lat="43.38833237" lon="-5.82172918"><ele>188.36</ele><time>2024-09-04T13:01:43Z</time></trkpt><trkpt lat="43.38834381" lon="-5.82172871"><ele>188.36</ele><time>2024-09-04T13:01:44Z</time></trkpt><trkpt lat="43.38835907" lon="-5.82172680"><ele>188.35</ele><time>2024-09-04T13:01:45Z</time></trkpt><trkpt lat="43.38837051" lon="-5.82172441"><ele>188.35</ele><time>2024-09-04T13:01:46Z</time></trkpt><trkpt lat="43.38838196" lon="-5.82172012"><ele>188.35</ele><time>2024-09-04T13:01:47Z</time></trkpt><trkpt lat="43.38839340" lon="-5.82171535"><ele>188.34</ele><time>2024-09-04T13:01:48Z</time></trkpt><trkpt lat="43.38840866" lon="-5.82171059"><ele>188.34</ele><time>2024-09-04T13:01:49Z</time></trkpt><trkpt lat="43.38842010" lon="-5.82170486"><ele>188.33</ele><time>2024-09-04T13:01:50Z</time></trkpt><trkpt lat="43.38843155" lon="-5.82169867"><ele>188.33</ele><time>2024-09-04T13:01:51Z</time></trkpt><trkpt lat="43.38844299" lon="-5.82169199"><ele>188.32</ele><time>2024-09-04T13:01:52Z</time></trkpt><trkpt lat="43.38845444" lon="-5.82168436"><ele>188.32</ele><time>2024-09-04T13:01:53Z</time></trkpt><trkpt lat="43.38846588" lon="-5.82167578"><ele>188.31</ele><time>2024-09-04T13:01:54Z</time></trkpt><trkpt lat="43.38847733" lon="-5.82166719"><ele>188.31</ele><time>2024-09-04T13:01:55Z</time></trkpt><trkpt lat="43.38848877" lon="-5.82165718"><ele>188.31</ele><time>2024-09-04T13:01:56Z</time></trkpt><trkpt lat="43.38850021" lon="-5.82164717"><ele>188.30</ele><time>2024-09-04T13:01:57Z</time></trkpt><trkpt lat="43.38850784" lon="-5.82163620"><ele>188.29</ele><time>2024-09-04T13:01:58Z</time></trkpt><trkpt lat="43.38851929" lon="-5.82162523"><ele>188.29</ele><time>2024-09-04T13:01:59Z</time></trkpt><trkpt lat="43.38853073" lon="-5.82161427"><ele>188.29</ele><time>2024-09-04T13:02:00Z</time></trkpt><trkpt lat="43.38854218" lon="-5.82160330"><ele>188.28</ele><time>2024-09-04T13:02:01Z</time></trkpt><trkpt lat="43.38855362" lon="-5.82159233"><ele>188.28</ele><time>2024-09-04T13:02:02Z</time></trkpt><trkpt lat="43.38856506" lon="-5.82158136"><ele>188.28</ele><time>2024-09-04T13:02:03Z</time></trkpt><trkpt lat="43.38857651" lon="-5.82157040"><ele>188.27</ele><time>2024-09-04T13:02:04Z</time></trkpt><trkpt lat="43.38858795" lon="-5.82155895"><ele>188.26</ele><time>2024-09-04T13:02:05Z</time></trkpt><trkpt lat="43.38859940" lon="-5.82154846"><ele>188.26</ele><time>2024-09-04T13:02:06Z</time></trkpt><trkpt lat="43.38861084" lon="-5.82153797"><ele>188.26</ele><time>2024-09-04T13:02:07Z</time></trkpt><trkpt lat="43.38862228" lon="-5.82152700"><ele>188.26</ele><time>2024-09-04T13:02:08Z</time></trkpt><trkpt lat="43.38863373" lon="-5.82151651"><ele>188.26</ele><time>2024-09-04T13:02:09Z</time></trkpt><trkpt lat="43.38864517" lon="-5.82150650"><ele>188.26</ele><time>2024-09-04T13:02:10Z</time></trkpt><trkpt lat="43.38865662" lon="-5.82149649"><ele>188.26</ele><time>2024-09-04T13:02:11Z</time></trkpt><trkpt lat="43.38867188" lon="-5.82148600"><ele>188.26</ele><time>2024-09-04T13:02:12Z</time></trkpt><trkpt lat="43.38868332" lon="-5.82147598"><ele>188.26</ele><time>2024-09-04T13:02:13Z</time></trkpt><trkpt lat="43.38869476" lon="-5.82146597"><ele>188.25</ele><time>2024-09-04T13:02:14Z</time></trkpt><trkpt lat="43.38870621" lon="-5.82145691"><ele>188.25</ele><time>2024-09-04T13:02:15Z</time></trkpt><trkpt lat="43.38871765" lon="-5.82144737"><ele>188.24</ele><time>2024-09-04T13:02:16Z</time></trkpt><trkpt lat="43.38873291" lon="-5.82143831"><ele>188.25</ele><time>2024-09-04T13:02:17Z</time></trkpt><trkpt lat="43.38874435" lon="-5.82142925"><ele>188.25</ele><time>2024-09-04T13:02:18Z</time></trkpt><trkpt lat="43.38875580" lon="-5.82141972"><ele>188.24</ele><time>2024-09-04T13:02:19Z</time></trkpt><trkpt lat="43.38876724" lon="-5.82140923"><ele>188.24</ele><time>2024-09-04T13:02:20Z</time></trkpt><trkpt lat="43.38877869" lon="-5.82139826"><ele>188.24</ele><time>2024-09-04T13:02:21Z</time></trkpt><trkpt lat="43.38879013" lon="-5.82138729"><ele>188.23</ele><time>2024-09-04T13:02:22Z</time></trkpt><trkpt lat="43.38880157" lon="-5.82137585"><ele>188.22</ele><time>2024-09-04T13:02:23Z</time></trkpt><trkpt lat="43.38881302" lon="-5.82136393"><ele>188.20</ele><time>2024-09-04T13:02:24Z</time></trkpt><trkpt lat="43.38882446" lon="-5.82135248"><ele>188.20</ele><time>2024-09-04T13:02:25Z</time></trkpt><trkpt lat="43.38883591" lon="-5.82134056"><ele>188.20</ele><time>2024-09-04T13:02:26Z</time></trkpt><trkpt lat="43.38884354" lon="-5.82132816"><ele>188.20</ele><time>2024-09-04T13:02:27Z</time></trkpt><trkpt lat="43.38885498" lon="-5.82131577"><ele>188.20</ele><time>2024-09-04T13:02:28Z</time></trkpt><trkpt lat="43.38886642" lon="-5.82130289"><ele>188.19</ele><time>2024-09-04T13:02:29Z</time></trkpt><trkpt lat="43.38887787" lon="-5.82129049"><ele>188.19</ele><time>2024-09-04T13:02:30Z</time></trkpt><trkpt lat="43.38888931" lon="-5.82127762"><ele>188.18</ele><time>2024-09-04T13:02:31Z</time></trkpt><trkpt lat="43.38889694" lon="-5.82126427"><ele>188.17</ele><time>2024-09-04T13:02:32Z</time></trkpt><trkpt lat="43.38890839" lon="-5.82125139"><ele>188.16</ele><time>2024-09-04T13:02:33Z</time></trkpt><trkpt lat="43.38891983" lon="-5.82123899"><ele>188.16</ele><time>2024-09-04T13:02:34Z</time></trkpt><trkpt lat="43.38893127" lon="-5.82122755"><ele>188.16</ele><time>2024-09-04T13:02:35Z</time></trkpt><trkpt lat="43.38894272" lon="-5.82121611"><ele>188.16</ele><time>2024-09-04T13:02:36Z</time></trkpt><trkpt lat="43.38895416" lon="-5.82120514"><ele>188.16</ele><time>2024-09-04T13:02:37Z</time></trkpt><trkpt lat="43.38896942" lon="-5.82119465"><ele>188.16</ele><time>2024-09-04T13:02:38Z</time></trkpt><trkpt lat="43.38898087" lon="-5.82118368"><ele>188.14</ele><time>2024-09-04T13:02:39Z</time></trkpt><trkpt lat="43.38899231" lon="-5.82117271"><ele>188.14</ele><time>2024-09-04T13:02:40Z</time></trkpt><trkpt lat="43.38900375" lon="-5.82116175"><ele>188.14</ele><time>2024-09-04T13:02:41Z</time></trkpt><trkpt lat="43.38901520" lon="-5.82115126"><ele>188.14</ele><time>2024-09-04T13:02:42Z</time></trkpt><trkpt lat="43.38902664" lon="-5.82114124"><ele>188.14</ele><time>2024-09-04T13:02:43Z</time></trkpt><trkpt lat="43.38903809" lon="-5.82113123"><ele>188.15</ele><time>2024-09-04T13:02:44Z</time></trkpt><trkpt lat="43.38904953" lon="-5.82111979"><ele>188.14</ele><time>2024-09-04T13:02:45Z</time></trkpt><trkpt lat="43.38906097" lon="-5.82110834"><ele>188.14</ele><time>2024-09-04T13:02:46Z</time></trkpt><trkpt lat="43.38907242" lon="-5.82109642"><ele>188.14</ele><time>2024-09-04T13:02:47Z</time></trkpt><trkpt lat="43.38908386" lon="-5.82108450"><ele>188.13</ele><time>2024-09-04T13:02:48Z</time></trkpt><trkpt lat="43.38909531" lon="-5.82107162"><ele>188.11</ele><time>2024-09-04T13:02:49Z</time></trkpt><trkpt lat="43.38910675" lon="-5.82105923"><ele>188.11</ele><time>2024-09-04T13:02:50Z</time></trkpt><trkpt lat="43.38911819" lon="-5.82104683"><ele>188.11</ele><time>2024-09-04T13:02:51Z</time></trkpt><trkpt lat="43.38912964" lon="-5.82103443"><ele>188.11</ele><time>2024-09-04T13:02:52Z</time></trkpt><trkpt lat="43.38914108" lon="-5.82102251"><ele>188.10</ele><time>2024-09-04T13:02:53Z</time></trkpt><trkpt lat="43.38915253" lon="-5.82101107"><ele>188.10</ele><time>2024-09-04T13:02:54Z</time></trkpt><trkpt lat="43.38916397" lon="-5.82099962"><ele>188.08</ele><time>2024-09-04T13:02:55Z</time></trkpt><trkpt lat="43.38917542" lon="-5.82098770"><ele>188.08</ele><time>2024-09-04T13:02:56Z</time></trkpt><trkpt lat="43.38918686" lon="-5.82097578"><ele>188.08</ele><time>2024-09-04T13:02:57Z</time></trkpt><trkpt lat="43.38919830" lon="-5.82096434"><ele>188.08</ele><time>2024-09-04T13:02:58Z</time></trkpt><trkpt lat="43.38920975" lon="-5.82095337"><ele>188.07</ele><time>2024-09-04T13:02:59Z</time></trkpt><trkpt lat="43.38922501" lon="-5.82094097"><ele>188.07</ele><time>2024-09-04T13:03:00Z</time></trkpt><trkpt lat="43.38923645" lon="-5.82092905"><ele>188.06</ele><time>2024-09-04T13:03:01Z</time></trkpt><trkpt lat="43.38924789" lon="-5.82091761"><ele>188.06</ele><time>2024-09-04T13:03:02Z</time></trkpt><trkpt lat="43.38925934" lon="-5.82090569"><ele>188.05</ele><time>2024-09-04T13:03:03Z</time></trkpt><trkpt lat="43.38927078" lon="-5.82089424"><ele>188.04</ele><time>2024-09-04T13:03:04Z</time></trkpt><trkpt lat="43.38928223" lon="-5.82088375"><ele>188.04</ele><time>2024-09-04T13:03:05Z</time></trkpt><trkpt lat="43.38929749" lon="-5.82087278"><ele>188.04</ele><time>2024-09-04T13:03:06Z</time></trkpt><trkpt lat="43.38930893" lon="-5.82086229"><ele>188.03</ele><time>2024-09-04T13:03:07Z</time></trkpt><trkpt lat="43.38932037" lon="-5.82085133"><ele>188.04</ele><time>2024-09-04T13:03:08Z</time></trkpt><trkpt lat="43.38933182" lon="-5.82083988"><ele>188.04</ele><time>2024-09-04T13:03:09Z</time></trkpt><trkpt lat="43.38934326" lon="-5.82082748"><ele>188.03</ele><time>2024-09-04T13:03:10Z</time></trkpt><trkpt lat="43.38935852" lon="-5.82081556"><ele>188.03</ele><time>2024-09-04T13:03:11Z</time></trkpt><trkpt lat="43.38936996" lon="-5.82080269"><ele>188.02</ele><time>2024-09-04T13:03:12Z</time></trkpt><trkpt lat="43.38938141" lon="-5.82078838"><ele>188.01</ele><time>2024-09-04T13:03:13Z</time></trkpt><trkpt lat="43.38939285" lon="-5.82077408"><ele>188.01</ele><time>2024-09-04T13:03:14Z</time></trkpt><trkpt lat="43.38940430" lon="-5.82075977"><ele>188.02</ele><time>2024-09-04T13:03:15Z</time></trkpt><trkpt lat="43.38941574" lon="-5.82074547"><ele>188.02</ele><time>2024-09-04T13:03:16Z</time></trkpt><trkpt lat="43.38942719" lon="-5.82073116"><ele>188.02</ele><time>2024-09-04T13:03:17Z</time></trkpt><trkpt lat="43.38943863" lon="-5.82071638"><ele>188.02</ele><time>2024-09-04T13:03:18Z</time></trkpt><trkpt lat="43.38945007" lon="-5.82070208"><ele>188.02</ele><time>2024-09-04T13:03:19Z</time></trkpt><trkpt lat="43.38946152" lon="-5.82068777"><ele>188.01</ele><time>2024-09-04T13:03:20Z</time></trkpt><trkpt lat="43.38947296" lon="-5.82067490"><ele>188.00</ele><time>2024-09-04T13:03:21Z</time></trkpt><trkpt lat="43.38948441" lon="-5.82066202"><ele>187.99</ele><time>2024-09-04T13:03:22Z</time></trkpt><trkpt lat="43.38949966" lon="-5.82065010"><ele>187.99</ele><time>2024-09-04T13:03:23Z</time></trkpt><trkpt lat="43.38951111" lon="-5.82063818"><ele>187.98</ele><time>2024-09-04T13:03:24Z</time></trkpt><trkpt lat="43.38952255" lon="-5.82062531"><ele>187.96</ele><time>2024-09-04T13:03:25Z</time></trkpt><trkpt lat="43.38953400" lon="-5.82061338"><ele>187.96</ele><time>2024-09-04T13:03:26Z</time></trkpt><trkpt lat="43.38954544" lon="-5.82060146"><ele>187.96</ele><time>2024-09-04T13:03:27Z</time></trkpt><trkpt lat="43.38955688" lon="-5.82058954"><ele>187.96</ele><time>2024-09-04T13:03:28Z</time></trkpt><trkpt lat="43.38956833" lon="-5.82057810"><ele>187.95</ele><time>2024-09-04T13:03:29Z</time></trkpt><trkpt lat="43.38957977" lon="-5.82056665"><ele>187.92</ele><time>2024-09-04T13:03:30Z</time></trkpt><trkpt lat="43.38959122" lon="-5.82055616"><ele>187.91</ele><time>2024-09-04T13:03:31Z</time></trkpt><trkpt lat="43.38960648" lon="-5.82054472"><ele>187.91</ele><time>2024-09-04T13:03:32Z</time></trkpt><trkpt lat="43.38961792" lon="-5.82053328"><ele>187.91</ele><time>2024-09-04T13:03:33Z</time></trkpt><trkpt lat="43.38962936" lon="-5.82052231"><ele>187.91</ele><time>2024-09-04T13:03:34Z</time></trkpt><trkpt lat="43.38964462" lon="-5.82051277"><ele>187.92</ele><time>2024-09-04T13:03:35Z</time></trkpt><trkpt lat="43.38965607" lon="-5.82050371"><ele>187.92</ele><time>2024-09-04T13:03:36Z</time></trkpt><trkpt lat="43.38967133" lon="-5.82049513"><ele>187.92</ele><time>2024-09-04T13:03:37Z</time></trkpt><trkpt lat="43.38968658" lon="-5.82048655"><ele>187.91</ele><time>2024-09-04T13:03:38Z</time></trkpt><trkpt lat="43.38969803" lon="-5.82047844"><ele>187.92</ele><time>2024-09-04T13:03:39Z</time></trkpt><trkpt lat="43.38970947" lon="-5.82046986"><ele>187.91</ele><time>2024-09-04T13:03:40Z</time></trkpt><trkpt lat="43.38972473" lon="-5.82046175"><ele>187.92</ele><time>2024-09-04T13:03:41Z</time></trkpt><trkpt lat="43.38973618" lon="-5.82045317"><ele>187.91</ele><time>2024-09-04T13:03:42Z</time></trkpt><trkpt lat="43.38974762" lon="-5.82044458"><ele>187.91</ele><time>2024-09-04T13:03:43Z</time></trkpt><trkpt lat="43.38975906" lon="-5.82043648"><ele>187.91</ele><time>2024-09-04T13:03:44Z</time></trkpt><trkpt lat="43.38977051" lon="-5.82042789"><ele>187.91</ele><time>2024-09-04T13:03:45Z</time></trkpt><trkpt lat="43.38977814" lon="-5.82041883"><ele>187.91</ele><time>2024-09-04T13:03:46Z</time></trkpt><trkpt lat="43.38978958" lon="-5.82040977"><ele>187.90</ele><time>2024-09-04T13:03:47Z</time></trkpt><trkpt lat="43.38980103" lon="-5.82040024"><ele>187.90</ele><time>2024-09-04T13:03:48Z</time></trkpt><trkpt lat="43.38981247" lon="-5.82039070"><ele>187.89</ele><time>2024-09-04T13:03:49Z</time></trkpt><trkpt lat="43.38982391" lon="-5.82038164"><ele>187.88</ele><time>2024-09-04T13:03:50Z</time></trkpt><trkpt lat="43.38983536" lon="-5.82037401"><ele>187.89</ele><time>2024-09-04T13:03:51Z</time></trkpt><trkpt lat="43.38984680" lon="-5.82036591"><ele>187.89</ele><time>2024-09-04T13:03:52Z</time></trkpt><trkpt lat="43.38985825" lon="-5.82035780"><ele>187.89</ele><time>2024-09-04T13:03:53Z</time></trkpt><trkpt lat="43.38986969" lon="-5.82034969"><ele>187.88</ele><time>2024-09-04T13:03:54Z</time></trkpt><trkpt lat="43.38988113" lon="-5.82033968"><ele>187.88</ele><time>2024-09-04T13:03:55Z</time></trkpt><trkpt lat="43.38989258" lon="-5.82032919"><ele>187.88</ele><time>2024-09-04T13:03:56Z</time></trkpt><trkpt lat="43.38990402" lon="-5.82031870"><ele>187.88</ele><time>2024-09-04T13:03:57Z</time></trkpt><trkpt lat="43.38991547" lon="-5.82030869"><ele>187.87</ele><time>2024-09-04T13:03:58Z</time></trkpt><trkpt lat="43.38992691" lon="-5.82029915"><ele>187.87</ele><time>2024-09-04T13:03:59Z</time></trkpt><trkpt lat="43.38993835" lon="-5.82028866"><ele>187.86</ele><time>2024-09-04T13:04:00Z</time></trkpt><trkpt lat="43.38995361" lon="-5.82027864"><ele>187.86</ele><time>2024-09-04T13:04:01Z</time></trkpt><trkpt lat="43.38996506" lon="-5.82026863"><ele>187.85</ele><time>2024-09-04T13:04:02Z</time></trkpt><trkpt lat="43.38997650" lon="-5.82025862"><ele>187.84</ele><time>2024-09-04T13:04:03Z</time></trkpt><trkpt lat="43.38998795" lon="-5.82024956"><ele>187.81</ele><time>2024-09-04T13:04:04Z</time></trkpt><trkpt lat="43.38999939" lon="-5.82024145"><ele>187.81</ele><time>2024-09-04T13:04:05Z</time></trkpt><trkpt lat="43.39001083" lon="-5.82023239"><ele>187.81</ele><time>2024-09-04T13:04:06Z</time></trkpt><trkpt lat="43.39001846" lon="-5.82022095"><ele>187.81</ele><time>2024-09-04T13:04:07Z</time></trkpt><trkpt lat="43.39002991" lon="-5.82020760"><ele>187.79</ele><time>2024-09-04T13:04:08Z</time></trkpt><trkpt lat="43.39003754" lon="-5.82019424"><ele>187.79</ele><time>2024-09-04T13:04:09Z</time></trkpt><trkpt lat="43.39004517" lon="-5.82018089"><ele>187.77</ele><time>2024-09-04T13:04:10Z</time></trkpt><trkpt lat="43.39005661" lon="-5.82016802"><ele>187.75</ele><time>2024-09-04T13:04:11Z</time></trkpt><trkpt lat="43.39006424" lon="-5.82015562"><ele>187.75</ele><time>2024-09-04T13:04:12Z</time></trkpt><trkpt lat="43.39007187" lon="-5.82014322"><ele>187.71</ele><time>2024-09-04T13:04:13Z</time></trkpt><trkpt lat="43.39007950" lon="-5.82013130"><ele>187.71</ele><time>2024-09-04T13:04:14Z</time></trkpt><trkpt lat="43.39008713" lon="-5.82011986"><ele>187.71</ele><time>2024-09-04T13:04:15Z</time></trkpt><trkpt lat="43.39009476" lon="-5.82010841"><ele>187.70</ele><time>2024-09-04T13:04:16Z</time></trkpt><trkpt lat="43.39010620" lon="-5.82009554"><ele>187.70</ele><time>2024-09-04T13:04:17Z</time></trkpt><trkpt lat="43.39011765" lon="-5.82008266"><ele>187.70</ele><time>2024-09-04T13:04:18Z</time></trkpt><trkpt lat="43.39012909" lon="-5.82006979"><ele>187.69</ele><time>2024-09-04T13:04:19Z</time></trkpt><trkpt lat="43.39014053" lon="-5.82005692"><ele>187.69</ele><time>2024-09-04T13:04:20Z</time></trkpt><trkpt lat="43.39015579" lon="-5.82004404"><ele>187.67</ele><time>2024-09-04T13:04:21Z</time></trkpt><trkpt lat="43.39016724" lon="-5.82003117"><ele>187.67</ele><time>2024-09-04T13:04:22Z</time></trkpt><trkpt lat="43.39018250" lon="-5.82001781"><ele>187.67</ele><time>2024-09-04T13:04:23Z</time></trkpt><trkpt lat="43.39019394" lon="-5.82000494"><ele>187.67</ele><time>2024-09-04T13:04:24Z</time></trkpt><trkpt lat="43.39020920" lon="-5.81999111"><ele>187.67</ele><time>2024-09-04T13:04:25Z</time></trkpt><trkpt lat="43.39022064" lon="-5.81997728"><ele>187.67</ele><time>2024-09-04T13:04:26Z</time></trkpt><trkpt lat="43.39023209" lon="-5.81996346"><ele>187.66</ele><time>2024-09-04T13:04:27Z</time></trkpt><trkpt lat="43.39024734" lon="-5.81994915"><ele>187.63</ele><time>2024-09-04T13:04:28Z</time></trkpt><trkpt lat="43.39025879" lon="-5.81993580"><ele>187.63</ele><time>2024-09-04T13:04:29Z</time></trkpt><trkpt lat="43.39027405" lon="-5.81992292"><ele>187.63</ele><time>2024-09-04T13:04:30Z</time></trkpt><trkpt lat="43.39028549" lon="-5.81991005"><ele>187.63</ele><time>2024-09-04T13:04:31Z</time></trkpt><trkpt lat="43.39030075" lon="-5.81989670"><ele>187.63</ele><time>2024-09-04T13:04:32Z</time></trkpt><trkpt lat="43.39031219" lon="-5.81988382"><ele>187.64</ele><time>2024-09-04T13:04:33Z</time></trkpt><trkpt lat="43.39032364" lon="-5.81987238"><ele>187.63</ele><time>2024-09-04T13:04:34Z</time></trkpt><trkpt lat="43.39033890" lon="-5.81986046"><ele>187.62</ele><time>2024-09-04T13:04:35Z</time></trkpt><trkpt lat="43.39035034" lon="-5.81984854"><ele>187.62</ele><time>2024-09-04T13:04:36Z</time></trkpt><trkpt lat="43.39036179" lon="-5.81983757"><ele>187.61</ele><time>2024-09-04T13:04:37Z</time></trkpt><trkpt lat="43.39037323" lon="-5.81982660"><ele>187.60</ele><time>2024-09-04T13:04:38Z</time></trkpt><trkpt lat="43.39038849" lon="-5.81981611"><ele>187.60</ele><time>2024-09-04T13:04:39Z</time></trkpt><trkpt lat="43.39039993" lon="-5.81980562"><ele>187.60</ele><time>2024-09-04T13:04:40Z</time></trkpt><trkpt lat="43.39041138" lon="-5.81979656"><ele>187.60</ele><time>2024-09-04T13:04:41Z</time></trkpt><trkpt lat="43.39042282" lon="-5.81978655"><ele>187.60</ele><time>2024-09-04T13:04:42Z</time></trkpt><trkpt lat="43.39043427" lon="-5.81977701"><ele>187.59</ele><time>2024-09-04T13:04:43Z</time></trkpt><trkpt lat="43.39044571" lon="-5.81976652"><ele>187.59</ele><time>2024-09-04T13:04:44Z</time></trkpt><trkpt lat="43.39045334" lon="-5.81975603"><ele>187.58</ele><time>2024-09-04T13:04:45Z</time></trkpt><trkpt lat="43.39046860" lon="-5.81974506"><ele>187.58</ele><time>2024-09-04T13:04:46Z</time></trkpt><trkpt lat="43.39048004" lon="-5.81973362"><ele>187.58</ele><time>2024-09-04T13:04:47Z</time></trkpt><trkpt lat="43.39049149" lon="-5.81972170"><ele>187.58</ele><time>2024-09-04T13:04:48Z</time></trkpt><trkpt lat="43.39050293" lon="-5.81970930"><ele>187.58</ele><time>2024-09-04T13:04:49Z</time></trkpt><trkpt lat="43.39051056" lon="-5.81969643"><ele>187.56</ele><time>2024-09-04T13:04:50Z</time></trkpt><trkpt lat="43.39052200" lon="-5.81968260"><ele>187.56</ele><time>2024-09-04T13:04:51Z</time></trkpt><trkpt lat="43.39052582" lon="-5.81966782"><ele>187.55</ele><time>2024-09-04T13:04:52Z</time></trkpt><trkpt lat="43.39052963" lon="-5.81965065"><ele>187.52</ele><time>2024-09-04T13:04:53Z</time></trkpt><trkpt lat="43.39053345" lon="-5.81963158"><ele>187.50</ele><time>2024-09-04T13:04:54Z</time></trkpt><trkpt lat="43.39053345" lon="-5.81961107"><ele>187.47</ele><time>2024-09-04T13:04:55Z</time></trkpt><trkpt lat="43.39053345" lon="-5.81959009"><ele>187.47</ele><time>2024-09-04T13:04:56Z</time></trkpt><trkpt lat="43.39052963" lon="-5.81957150"><ele>187.47</ele><time>2024-09-04T13:04:57Z</time></trkpt><trkpt lat="43.39052582" lon="-5.81955194"><ele>187.46</ele><time>2024-09-04T13:04:58Z</time></trkpt><trkpt lat="43.39052200" lon="-5.81953335"><ele>187.45</ele><time>2024-09-04T13:04:59Z</time></trkpt><trkpt lat="43.39051819" lon="-5.81951237"><ele>187.40</ele><time>2024-09-04T13:05:00Z</time></trkpt><trkpt lat="43.39051437" lon="-5.81949282"><ele>187.32</ele><time>2024-09-04T13:05:01Z</time></trkpt><trkpt lat="43.39051056" lon="-5.81947613"><ele>187.30</ele><time>2024-09-04T13:05:02Z</time></trkpt><trkpt lat="43.39050674" lon="-5.81945944"><ele>187.26</ele><time>2024-09-04T13:05:03Z</time></trkpt><trkpt lat="43.39050293" lon="-5.81944275"><ele>187.24</ele><time>2024-09-04T13:05:04Z</time></trkpt><trkpt lat="43.39049911" lon="-5.81942606"><ele>187.24</ele><time>2024-09-04T13:05:05Z</time></trkpt><trkpt lat="43.39049149" lon="-5.81940889"><ele>187.24</ele><time>2024-09-04T13:05:06Z</time></trkpt><trkpt lat="43.39048767" lon="-5.81939077"><ele>187.22</ele><time>2024-09-04T13:05:07Z</time></trkpt><trkpt lat="43.39048386" lon="-5.81937265"><ele>187.21</ele><time>2024-09-04T13:05:08Z</time></trkpt><trkpt lat="43.39047623" lon="-5.81935501"><ele>187.19</ele><time>2024-09-04T13:05:09Z</time></trkpt><trkpt lat="43.39046860" lon="-5.81933737"><ele>187.16</ele><time>2024-09-04T13:05:10Z</time></trkpt><trkpt lat="43.39046478" lon="-5.81932068"><ele>187.13</ele><time>2024-09-04T13:05:11Z</time></trkpt><trkpt lat="43.39045715" lon="-5.81930399"><ele>187.12</ele><time>2024-09-04T13:05:12Z</time></trkpt><trkpt lat="43.39045334" lon="-5.81928730"><ele>187.12</ele><time>2024-09-04T13:05:13Z</time></trkpt><trkpt lat="43.39044952" lon="-5.81927013"><ele>187.11</ele><time>2024-09-04T13:05:14Z</time></trkpt><trkpt lat="43.39044952" lon="-5.81925344"><ele>187.11</ele><time>2024-09-04T13:05:15Z</time></trkpt><trkpt lat="43.39044952" lon="-5.81923819"><ele>187.06</ele><time>2024-09-04T13:05:16Z</time></trkpt><trkpt lat="43.39045715" lon="-5.81922388"><ele>187.05</ele><time>2024-09-04T13:05:17Z</time></trkpt><trkpt lat="43.39046478" lon="-5.81921005"><ele>187.05</ele><time>2024-09-04T13:05:18Z</time></trkpt><trkpt lat="43.39047241" lon="-5.81919670"><ele>187.05</ele><time>2024-09-04T13:05:19Z</time></trkpt><trkpt lat="43.39048004" lon="-5.81918430"><ele>187.05</ele><time>2024-09-04T13:05:20Z</time></trkpt><trkpt lat="43.39048767" lon="-5.81917286"><ele>187.04</ele><time>2024-09-04T13:05:21Z</time></trkpt><trkpt lat="43.39049911" lon="-5.81916189"><ele>187.03</ele><time>2024-09-04T13:05:22Z</time></trkpt><trkpt lat="43.39051056" lon="-5.81915188"><ele>187.03</ele><time>2024-09-04T13:05:23Z</time></trkpt><trkpt lat="43.39052200" lon="-5.81914234"><ele>187.02</ele><time>2024-09-04T13:05:24Z</time></trkpt><trkpt lat="43.39052963" lon="-5.81913280"><ele>187.01</ele><time>2024-09-04T13:05:25Z</time></trkpt><trkpt lat="43.39054108" lon="-5.81912374"><ele>187.00</ele><time>2024-09-04T13:05:26Z</time></trkpt><trkpt lat="43.39055252" lon="-5.81911469"><ele>187.00</ele><time>2024-09-04T13:05:27Z</time></trkpt><trkpt lat="43.39056396" lon="-5.81910563"><ele>187.00</ele><time>2024-09-04T13:05:28Z</time></trkpt><trkpt lat="43.39057541" lon="-5.81909657"><ele>187.01</ele><time>2024-09-04T13:05:29Z</time></trkpt><trkpt lat="43.39058685" lon="-5.81908655"><ele>187.00</ele><time>2024-09-04T13:05:30Z</time></trkpt><trkpt lat="43.39059830" lon="-5.81907558"><ele>186.99</ele><time>2024-09-04T13:05:31Z</time></trkpt><trkpt lat="43.39060974" lon="-5.81906462"><ele>186.99</ele><time>2024-09-04T13:05:32Z</time></trkpt><trkpt lat="43.39062119" lon="-5.81905365"><ele>186.99</ele><time>2024-09-04T13:05:33Z</time></trkpt><trkpt lat="43.39063263" lon="-5.81904268"><ele>186.99</ele><time>2024-09-04T13:05:34Z</time></trkpt><trkpt lat="43.39064407" lon="-5.81903124"><ele>186.99</ele><time>2024-09-04T13:05:35Z</time></trkpt><trkpt lat="43.39065552" lon="-5.81901884"><ele>186.98</ele><time>2024-09-04T13:05:36Z</time></trkpt><trkpt lat="43.39066315" lon="-5.81900692"><ele>186.97</ele><time>2024-09-04T13:05:37Z</time></trkpt><trkpt lat="43.39067459" lon="-5.81899500"><ele>186.96</ele><time>2024-09-04T13:05:38Z</time></trkpt><trkpt lat="43.39068604" lon="-5.81898260"><ele>186.95</ele><time>2024-09-04T13:05:39Z</time></trkpt><trkpt lat="43.39069748" lon="-5.81897116"><ele>186.95</ele><time>2024-09-04T13:05:40Z</time></trkpt><trkpt lat="43.39071274" lon="-5.81895971"><ele>186.95</ele><time>2024-09-04T13:05:41Z</time></trkpt><trkpt lat="43.39072418" lon="-5.81894875"><ele>186.94</ele><time>2024-09-04T13:05:42Z</time></trkpt><trkpt lat="43.39073563" lon="-5.81893730"><ele>186.95</ele><time>2024-09-04T13:05:43Z</time></trkpt><trkpt lat="43.39074707" lon="-5.81892633"><ele>186.94</ele><time>2024-09-04T13:05:44Z</time></trkpt><trkpt lat="43.39075851" lon="-5.81891441"><ele>186.94</ele><time>2024-09-04T13:05:45Z</time></trkpt><trkpt lat="43.39076996" lon="-5.81890249"><ele>186.94</ele><time>2024-09-04T13:05:46Z</time></trkpt><trkpt lat="43.39078140" lon="-5.81889057"><ele>186.94</ele><time>2024-09-04T13:05:47Z</time></trkpt><trkpt lat="43.39079285" lon="-5.81887913"><ele>186.94</ele><time>2024-09-04T13:05:48Z</time></trkpt><trkpt lat="43.39080429" lon="-5.81886721"><ele>186.93</ele><time>2024-09-04T13:05:49Z</time></trkpt><trkpt lat="43.39081573" lon="-5.81885624"><ele>186.93</ele><time>2024-09-04T13:05:50Z</time></trkpt><trkpt lat="43.39082718" lon="-5.81884480"><ele>186.92</ele><time>2024-09-04T13:05:51Z</time></trkpt><trkpt lat="43.39083862" lon="-5.81883383"><ele>186.91</ele><time>2024-09-04T13:05:52Z</time></trkpt><trkpt lat="43.39085007" lon="-5.81882238"><ele>186.92</ele><time>2024-09-04T13:05:53Z</time></trkpt><trkpt lat="43.39086151" lon="-5.81881189"><ele>186.92</ele><time>2024-09-04T13:05:54Z</time></trkpt><trkpt lat="43.39087296" lon="-5.81880093"><ele>186.91</ele><time>2024-09-04T13:05:55Z</time></trkpt><trkpt lat="43.39088440" lon="-5.81878996"><ele>186.91</ele><time>2024-09-04T13:05:56Z</time></trkpt><trkpt lat="43.39089584" lon="-5.81877851"><ele>186.91</ele><time>2024-09-04T13:05:57Z</time></trkpt><trkpt lat="43.39090729" lon="-5.81876755"><ele>186.90</ele><time>2024-09-04T13:05:58Z</time></trkpt><trkpt lat="43.39091873" lon="-5.81875753"><ele>186.90</ele><time>2024-09-04T13:05:59Z</time></trkpt><trkpt lat="43.39092636" lon="-5.81874704"><ele>186.90</ele><time>2024-09-04T13:06:00Z</time></trkpt><trkpt lat="43.39093781" lon="-5.81873751"><ele>186.89</ele><time>2024-09-04T13:06:01Z</time></trkpt><trkpt lat="43.39094925" lon="-5.81872797"><ele>186.89</ele><time>2024-09-04T13:06:02Z</time></trkpt><trkpt lat="43.39095688" lon="-5.81871700"><ele>186.90</ele><time>2024-09-04T13:06:03Z</time></trkpt><trkpt lat="43.39096832" lon="-5.81870174"><ele>186.89</ele><time>2024-09-04T13:06:04Z</time></trkpt><trkpt lat="43.39097977" lon="-5.81868696"><ele>186.88</ele><time>2024-09-04T13:06:05Z</time></trkpt><trkpt lat="43.39099121" lon="-5.81867218"><ele>186.87</ele><time>2024-09-04T13:06:06Z</time></trkpt><trkpt lat="43.39100266" lon="-5.81865788"><ele>186.86</ele><time>2024-09-04T13:06:07Z</time></trkpt><trkpt lat="43.39101410" lon="-5.81864405"><ele>186.86</ele><time>2024-09-04T13:06:08Z</time></trkpt><trkpt lat="43.39102554" lon="-5.81863165"><ele>186.86</ele><time>2024-09-04T13:06:09Z</time></trkpt><trkpt lat="43.39103699" lon="-5.81861973"><ele>186.86</ele><time>2024-09-04T13:06:10Z</time></trkpt><trkpt lat="43.39105225" lon="-5.81860876"><ele>186.86</ele><time>2024-09-04T13:06:11Z</time></trkpt><trkpt lat="43.39106369" lon="-5.81859827"><ele>186.86</ele><time>2024-09-04T13:06:12Z</time></trkpt><trkpt lat="43.39107895" lon="-5.81858730"><ele>186.86</ele><time>2024-09-04T13:06:13Z</time></trkpt><trkpt lat="43.39109039" lon="-5.81857729"><ele>186.85</ele><time>2024-09-04T13:06:14Z</time></trkpt><trkpt lat="43.39110565" lon="-5.81856728"><ele>186.85</ele><time>2024-09-04T13:06:15Z</time></trkpt><trkpt lat="43.39111710" lon="-5.81855726"><ele>186.85</ele><time>2024-09-04T13:06:16Z</time></trkpt><trkpt lat="43.39112854" lon="-5.81854820"><ele>186.84</ele><time>2024-09-04T13:06:17Z</time></trkpt><trkpt lat="43.39114380" lon="-5.81854010"><ele>186.84</ele><time>2024-09-04T13:06:18Z</time></trkpt><trkpt lat="43.39115524" lon="-5.81853151"><ele>186.84</ele><time>2024-09-04T13:06:19Z</time></trkpt><trkpt lat="43.39116669" lon="-5.81852245"><ele>186.84</ele><time>2024-09-04T13:06:20Z</time></trkpt><trkpt lat="43.39117813" lon="-5.81851149"><ele>186.83</ele><time>2024-09-04T13:06:21Z</time></trkpt><trkpt lat="43.39119339" lon="-5.81850052"><ele>186.80</ele><time>2024-09-04T13:06:22Z</time></trkpt><trkpt lat="43.39120483" lon="-5.81848907"><ele>186.80</ele><time>2024-09-04T13:06:23Z</time></trkpt><trkpt lat="43.39121628" lon="-5.81847763"><ele>186.80</ele><time>2024-09-04T13:06:24Z</time></trkpt><trkpt lat="43.39122391" lon="-5.81846619"><ele>186.80</ele><time>2024-09-04T13:06:25Z</time></trkpt><trkpt lat="43.39123917" lon="-5.81845522"><ele>186.81</ele><time>2024-09-04T13:06:26Z</time></trkpt><trkpt lat="43.39125061" lon="-5.81844425"><ele>186.81</ele><time>2024-09-04T13:06:27Z</time></trkpt><trkpt lat="43.39126205" lon="-5.81843281"><ele>186.81</ele><time>2024-09-04T13:06:28Z</time></trkpt><trkpt lat="43.39127350" lon="-5.81842136"><ele>186.80</ele><time>2024-09-04T13:06:29Z</time></trkpt><trkpt lat="43.39128494" lon="-5.81840992"><ele>186.80</ele><time>2024-09-04T13:06:30Z</time></trkpt><trkpt lat="43.39130020" lon="-5.81839848"><ele>186.80</ele><time>2024-09-04T13:06:31Z</time></trkpt><trkpt lat="43.39131165" lon="-5.81838655"><ele>186.80</ele><time>2024-09-04T13:06:32Z</time></trkpt><trkpt lat="43.39132309" lon="-5.81837416"><ele>186.79</ele><time>2024-09-04T13:06:33Z</time></trkpt><trkpt lat="43.39133453" lon="-5.81836224"><ele>186.79</ele><time>2024-09-04T13:06:34Z</time></trkpt><trkpt lat="43.39134598" lon="-5.81834984"><ele>186.79</ele><time>2024-09-04T13:06:35Z</time></trkpt><trkpt lat="43.39136124" lon="-5.81833696"><ele>186.79</ele><time>2024-09-04T13:06:36Z</time></trkpt><trkpt lat="43.39137268" lon="-5.81832409"><ele>186.80</ele><time>2024-09-04T13:06:37Z</time></trkpt><trkpt lat="43.39138412" lon="-5.81831169"><ele>186.79</ele><time>2024-09-04T13:06:38Z</time></trkpt><trkpt lat="43.39139557" lon="-5.81829977"><ele>186.78</ele><time>2024-09-04T13:06:39Z</time></trkpt><trkpt lat="43.39140701" lon="-5.81828785"><ele>186.78</ele><time>2024-09-04T13:06:40Z</time></trkpt><trkpt lat="43.39141846" lon="-5.81827593"><ele>186.78</ele><time>2024-09-04T13:06:41Z</time></trkpt><trkpt lat="43.39143372" lon="-5.81826496"><ele>186.78</ele><time>2024-09-04T13:06:42Z</time></trkpt><trkpt lat="43.39144516" lon="-5.81825447"><ele>186.78</ele><time>2024-09-04T13:06:43Z</time></trkpt><trkpt lat="43.39145660" lon="-5.81824493"><ele>186.77</ele><time>2024-09-04T13:06:44Z</time></trkpt><trkpt lat="43.39146805" lon="-5.81823492"><ele>186.76</ele><time>2024-09-04T13:06:45Z</time></trkpt><trkpt lat="43.39147949" lon="-5.81822348"><ele>186.76</ele><time>2024-09-04T13:06:46Z</time></trkpt><trkpt lat="43.39148712" lon="-5.81821108"><ele>186.75</ele><time>2024-09-04T13:06:47Z</time></trkpt><trkpt lat="43.39149857" lon="-5.81819820"><ele>186.75</ele><time>2024-09-04T13:06:48Z</time></trkpt><trkpt lat="43.39151001" lon="-5.81818628"><ele>186.74</ele><time>2024-09-04T13:06:49Z</time></trkpt><trkpt lat="43.39152527" lon="-5.81817389"><ele>186.74</ele><time>2024-09-04T13:06:50Z</time></trkpt><trkpt lat="43.39153671" lon="-5.81816196"><ele>186.74</ele><time>2024-09-04T13:06:51Z</time></trkpt><trkpt lat="43.39154816" lon="-5.81815004"><ele>186.75</ele><time>2024-09-04T13:06:52Z</time></trkpt><trkpt lat="43.39155960" lon="-5.81813765"><ele>186.75</ele><time>2024-09-04T13:06:53Z</time></trkpt><trkpt lat="43.39157104" lon="-5.81812668"><ele>186.75</ele><time>2024-09-04T13:06:54Z</time></trkpt><trkpt lat="43.39158249" lon="-5.81811523"><ele>186.74</ele><time>2024-09-04T13:06:55Z</time></trkpt><trkpt lat="43.39159393" lon="-5.81810427"><ele>186.74</ele><time>2024-09-04T13:06:56Z</time></trkpt><trkpt lat="43.39160538" lon="-5.81809282"><ele>186.74</ele><time>2024-09-04T13:06:57Z</time></trkpt><trkpt lat="43.39162064" lon="-5.81808138"><ele>186.74</ele><time>2024-09-04T13:06:58Z</time></trkpt><trkpt lat="43.39163208" lon="-5.81806946"><ele>186.74</ele><time>2024-09-04T13:06:59Z</time></trkpt><trkpt lat="43.39164352" lon="-5.81805801"><ele>186.74</ele><time>2024-09-04T13:07:00Z</time></trkpt><trkpt lat="43.39165497" lon="-5.81804609"><ele>186.75</ele><time>2024-09-04T13:07:01Z</time></trkpt><trkpt lat="43.39166641" lon="-5.81803417"><ele>186.74</ele><time>2024-09-04T13:07:02Z</time></trkpt><trkpt lat="43.39167786" lon="-5.81802225"><ele>186.73</ele><time>2024-09-04T13:07:03Z</time></trkpt><trkpt lat="43.39168930" lon="-5.81801128"><ele>186.74</ele><time>2024-09-04T13:07:04Z</time></trkpt><trkpt lat="43.39170074" lon="-5.81800032"><ele>186.73</ele><time>2024-09-04T13:07:05Z</time></trkpt><trkpt lat="43.39171219" lon="-5.81799078"><ele>186.73</ele><time>2024-09-04T13:07:06Z</time></trkpt><trkpt lat="43.39172363" lon="-5.81798220"><ele>186.73</ele><time>2024-09-04T13:07:07Z</time></trkpt><trkpt lat="43.39173508" lon="-5.81797457"><ele>186.73</ele><time>2024-09-04T13:07:08Z</time></trkpt><trkpt lat="43.39174652" lon="-5.81796598"><ele>186.73</ele><time>2024-09-04T13:07:09Z</time></trkpt><trkpt lat="43.39176178" lon="-5.81795645"><ele>186.73</ele><time>2024-09-04T13:07:10Z</time></trkpt><trkpt lat="43.39177322" lon="-5.81794739"><ele>186.73</ele><time>2024-09-04T13:07:11Z</time></trkpt><trkpt lat="43.39178467" lon="-5.81793737"><ele>186.73</ele><time>2024-09-04T13:07:12Z</time></trkpt><trkpt lat="43.39179993" lon="-5.81792641"><ele>186.73</ele><time>2024-09-04T13:07:13Z</time></trkpt><trkpt lat="43.39181137" lon="-5.81791544"><ele>186.73</ele><time>2024-09-04T13:07:14Z</time></trkpt><trkpt lat="43.39182281" lon="-5.81790400"><ele>186.73</ele><time>2024-09-04T13:07:15Z</time></trkpt><trkpt lat="43.39183426" lon="-5.81789303"><ele>186.73</ele><time>2024-09-04T13:07:16Z</time></trkpt><trkpt lat="43.39184570" lon="-5.81788254"><ele>186.72</ele><time>2024-09-04T13:07:17Z</time></trkpt><trkpt lat="43.39186096" lon="-5.81787205"><ele>186.72</ele><time>2024-09-04T13:07:18Z</time></trkpt><trkpt lat="43.39187241" lon="-5.81786108"><ele>186.72</ele><time>2024-09-04T13:07:19Z</time></trkpt><trkpt lat="43.39188766" lon="-5.81785107"><ele>186.72</ele><time>2024-09-04T13:07:20Z</time></trkpt><trkpt lat="43.39189911" lon="-5.81783962"><ele>186.72</ele><time>2024-09-04T13:07:21Z</time></trkpt><trkpt lat="43.39191437" lon="-5.81782961"><ele>186.72</ele><time>2024-09-04T13:07:22Z</time></trkpt><trkpt lat="43.39192581" lon="-5.81781960"><ele>186.72</ele><time>2024-09-04T13:07:23Z</time></trkpt><trkpt lat="43.39193726" lon="-5.81780910"><ele>186.73</ele><time>2024-09-04T13:07:24Z</time></trkpt><trkpt lat="43.39195251" lon="-5.81779861"><ele>186.73</ele><time>2024-09-04T13:07:25Z</time></trkpt><trkpt lat="43.39196396" lon="-5.81778765"><ele>186.72</ele><time>2024-09-04T13:07:26Z</time></trkpt><trkpt lat="43.39197540" lon="-5.81777668"><ele>186.71</ele><time>2024-09-04T13:07:27Z</time></trkpt><trkpt lat="43.39198685" lon="-5.81776428"><ele>186.71</ele><time>2024-09-04T13:07:28Z</time></trkpt><trkpt lat="43.39199829" lon="-5.81775236"><ele>186.71</ele><time>2024-09-04T13:07:29Z</time></trkpt><trkpt lat="43.39200974" lon="-5.81773949"><ele>186.71</ele><time>2024-09-04T13:07:30Z</time></trkpt><trkpt lat="43.39201736" lon="-5.81772661"><ele>186.70</ele><time>2024-09-04T13:07:31Z</time></trkpt><trkpt lat="43.39202881" lon="-5.81771278"><ele>186.69</ele><time>2024-09-04T13:07:32Z</time></trkpt><trkpt lat="43.39204025" lon="-5.81769848"><ele>186.69</ele><time>2024-09-04T13:07:33Z</time></trkpt><trkpt lat="43.39205170" lon="-5.81768465"><ele>186.70</ele><time>2024-09-04T13:07:34Z</time></trkpt><trkpt lat="43.39206314" lon="-5.81767082"><ele>186.70</ele><time>2024-09-04T13:07:35Z</time></trkpt><trkpt lat="43.39207458" lon="-5.81765699"><ele>186.70</ele><time>2024-09-04T13:07:36Z</time></trkpt><trkpt lat="43.39208603" lon="-5.81764460"><ele>186.69</ele><time>2024-09-04T13:07:37Z</time></trkpt><trkpt lat="43.39210129" lon="-5.81763268"><ele>186.69</ele><time>2024-09-04T13:07:38Z</time></trkpt><trkpt lat="43.39211273" lon="-5.81762075"><ele>186.69</ele><time>2024-09-04T13:07:39Z</time></trkpt><trkpt lat="43.39212418" lon="-5.81760979"><ele>186.69</ele><time>2024-09-04T13:07:40Z</time></trkpt><trkpt lat="43.39213562" lon="-5.81759930"><ele>186.69</ele><time>2024-09-04T13:07:41Z</time></trkpt><trkpt lat="43.39215088" lon="-5.81758928"><ele>186.69</ele><time>2024-09-04T13:07:42Z</time></trkpt><trkpt lat="43.39216614" lon="-5.81758022"><ele>186.69</ele><time>2024-09-04T13:07:43Z</time></trkpt><trkpt lat="43.39217758" lon="-5.81757116"><ele>186.69</ele><time>2024-09-04T13:07:44Z</time></trkpt><trkpt lat="43.39219284" lon="-5.81756210"><ele>186.69</ele><time>2024-09-04T13:07:45Z</time></trkpt><trkpt lat="43.39220810" lon="-5.81755304"><ele>186.68</ele><time>2024-09-04T13:07:46Z</time></trkpt><trkpt lat="43.39221954" lon="-5.81754351"><ele>186.67</ele><time>2024-09-04T13:07:47Z</time></trkpt><trkpt lat="43.39223480" lon="-5.81753492"><ele>186.67</ele><time>2024-09-04T13:07:48Z</time></trkpt><trkpt lat="43.39224625" lon="-5.81752539"><ele>186.67</ele><time>2024-09-04T13:07:49Z</time></trkpt><trkpt lat="43.39226151" lon="-5.81751585"><ele>186.68</ele><time>2024-09-04T13:07:50Z</time></trkpt><trkpt lat="43.39227295" lon="-5.81750631"><ele>186.68</ele><time>2024-09-04T13:07:51Z</time></trkpt><trkpt lat="43.39228821" lon="-5.81749630"><ele>186.67</ele><time>2024-09-04T13:07:52Z</time></trkpt><trkpt lat="43.39229965" lon="-5.81748581"><ele>186.67</ele><time>2024-09-04T13:07:53Z</time></trkpt><trkpt lat="43.39231110" lon="-5.81747532"><ele>186.68</ele><time>2024-09-04T13:07:54Z</time></trkpt><trkpt lat="43.39232254" lon="-5.81746435"><ele>186.67</ele><time>2024-09-04T13:07:55Z</time></trkpt><trkpt lat="43.39233780" lon="-5.81745338"><ele>186.66</ele><time>2024-09-04T13:07:56Z</time></trkpt><trkpt lat="43.39234924" lon="-5.81744194"><ele>186.66</ele><time>2024-09-04T13:07:57Z</time></trkpt><trkpt lat="43.39236450" lon="-5.81743145"><ele>186.66</ele><time>2024-09-04T13:07:58Z</time></trkpt><trkpt lat="43.39237595" lon="-5.81742048"><ele>186.66</ele><time>2024-09-04T13:07:59Z</time></trkpt><trkpt lat="43.39238739" lon="-5.81740952"><ele>186.66</ele><time>2024-09-04T13:08:00Z</time></trkpt><trkpt lat="43.39239883" lon="-5.81739950"><ele>186.66</ele><time>2024-09-04T13:08:01Z</time></trkpt><trkpt lat="43.39241409" lon="-5.81739044"><ele>186.65</ele><time>2024-09-04T13:08:02Z</time></trkpt><trkpt lat="43.39242935" lon="-5.81738377"><ele>186.64</ele><time>2024-09-04T13:08:03Z</time></trkpt><trkpt lat="43.39244080" lon="-5.81737852"><ele>186.64</ele><time>2024-09-04T13:08:04Z</time></trkpt><trkpt lat="43.39245605" lon="-5.81737518"><ele>186.64</ele><time>2024-09-04T13:08:05Z</time></trkpt><trkpt lat="43.39247131" lon="-5.81737280"><ele>186.64</ele><time>2024-09-04T13:08:06Z</time></trkpt><trkpt lat="43.39248276" lon="-5.81737089"><ele>186.64</ele><time>2024-09-04T13:08:07Z</time></trkpt><trkpt lat="43.39249802" lon="-5.81736755"><ele>186.64</ele><time>2024-09-04T13:08:08Z</time></trkpt><trkpt lat="43.39251328" lon="-5.81736565"><ele>186.64</ele><time>2024-09-04T13:08:09Z</time></trkpt><trkpt lat="43.39252853" lon="-5.81736422"><ele>186.64</ele><time>2024-09-04T13:08:10Z</time></trkpt><trkpt lat="43.39253998" lon="-5.81736279"><ele>186.64</ele><time>2024-09-04T13:08:11Z</time></trkpt><trkpt lat="43.39255142" lon="-5.81736040"><ele>186.63</ele><time>2024-09-04T13:08:12Z</time></trkpt><trkpt lat="43.39256668" lon="-5.81735706"><ele>186.63</ele><time>2024-09-04T13:08:13Z</time></trkpt><trkpt lat="43.39257812" lon="-5.81735325"><ele>186.63</ele><time>2024-09-04T13:08:14Z</time></trkpt><trkpt lat="43.39259338" lon="-5.81734991"><ele>186.63</ele><time>2024-09-04T13:08:15Z</time></trkpt><trkpt lat="43.39260483" lon="-5.81734848"><ele>186.62</ele><time>2024-09-04T13:08:16Z</time></trkpt><trkpt lat="43.39262009" lon="-5.81734896"><ele>186.62</ele><time>2024-09-04T13:08:17Z</time></trkpt><trkpt lat="43.39263153" lon="-5.81735086"><ele>186.62</ele><time>2024-09-04T13:08:18Z</time></trkpt><trkpt lat="43.39263916" lon="-5.81735373"><ele>186.62</ele><time>2024-09-04T13:08:19Z</time></trkpt><trkpt lat="43.39265060" lon="-5.81735992"><ele>186.62</ele><time>2024-09-04T13:08:20Z</time></trkpt><trkpt lat="43.39266205" lon="-5.81736755"><ele>186.62</ele><time>2024-09-04T13:08:21Z</time></trkpt><trkpt lat="43.39266968" lon="-5.81737709"><ele>186.62</ele><time>2024-09-04T13:08:22Z</time></trkpt><trkpt lat="43.39268112" lon="-5.81738710"><ele>186.62</ele><time>2024-09-04T13:08:23Z</time></trkpt><trkpt lat="43.39268875" lon="-5.81739807"><ele>186.62</ele><time>2024-09-04T13:08:24Z</time></trkpt><trkpt lat="43.39269638" lon="-5.81740904"><ele>186.62</ele><time>2024-09-04T13:08:25Z</time></trkpt><trkpt lat="43.39270401" lon="-5.81742001"><ele>186.62</ele><time>2024-09-04T13:08:26Z</time></trkpt><trkpt lat="43.39271164" lon="-5.81743050"><ele>186.62</ele><time>2024-09-04T13:08:27Z</time></trkpt><trkpt lat="43.39271927" lon="-5.81744289"><ele>186.62</ele><time>2024-09-04T13:08:28Z</time></trkpt><trkpt lat="43.39272690" lon="-5.81745529"><ele>186.62</ele><time>2024-09-04T13:08:29Z</time></trkpt><trkpt lat="43.39273071" lon="-5.81747007"><ele>186.62</ele><time>2024-09-04T13:08:30Z</time></trkpt><trkpt lat="43.39273834" lon="-5.81748438"><ele>186.62</ele><time>2024-09-04T13:08:31Z</time></trkpt><trkpt lat="43.39274216" lon="-5.81749964"><ele>186.62</ele><time>2024-09-04T13:08:32Z</time></trkpt><trkpt lat="43.39274979" lon="-5.81751537"><ele>186.62</ele><time>2024-09-04T13:08:33Z</time></trkpt><trkpt lat="43.39275360" lon="-5.81753159"><ele>186.62</ele><time>2024-09-04T13:08:34Z</time></trkpt><trkpt lat="43.39275360" lon="-5.81754827"><ele>186.62</ele><time>2024-09-04T13:08:35Z</time></trkpt><trkpt lat="43.39275742" lon="-5.81756544"><ele>186.62</ele><time>2024-09-04T13:08:36Z</time></trkpt><trkpt lat="43.39275742" lon="-5.81758356"><ele>186.62</ele><time>2024-09-04T13:08:37Z</time></trkpt><trkpt lat="43.39276123" lon="-5.81760263"><ele>186.62</ele><time>2024-09-04T13:08:38Z</time></trkpt><trkpt lat="43.39276123" lon="-5.81762171"><ele>186.61</ele><time>2024-09-04T13:08:39Z</time></trkpt><trkpt lat="43.39276123" lon="-5.81764174"><ele>186.61</ele><time>2024-09-04T13:08:40Z</time></trkpt><trkpt lat="43.39276505" lon="-5.81766224"><ele>186.61</ele><time>2024-09-04T13:08:41Z</time></trkpt><trkpt lat="43.39276505" lon="-5.81768274"><ele>186.61</ele><time>2024-09-04T13:08:42Z</time></trkpt><trkpt lat="43.39276505" lon="-5.81770277"><ele>186.61</ele><time>2024-09-04T13:08:43Z</time></trkpt><trkpt lat="43.39276505" lon="-5.81772280"><ele>186.60</ele><time>2024-09-04T13:08:44Z</time></trkpt><trkpt lat="43.39276505" lon="-5.81774330"><ele>186.60</ele><time>2024-09-04T13:08:45Z</time></trkpt><trkpt lat="43.39276505" lon="-5.81776476"><ele>186.60</ele><time>2024-09-04T13:08:46Z</time></trkpt><trkpt lat="43.39276505" lon="-5.81778765"><ele>186.59</ele><time>2024-09-04T13:08:47Z</time></trkpt><trkpt lat="43.39276505" lon="-5.81781006"><ele>186.59</ele><time>2024-09-04T13:08:48Z</time></trkpt><trkpt lat="43.39276505" lon="-5.81783295"><ele>186.59</ele><time>2024-09-04T13:08:49Z</time></trkpt><trkpt lat="43.39276123" lon="-5.81785488"><ele>186.58</ele><time>2024-09-04T13:08:50Z</time></trkpt><trkpt lat="43.39276123" lon="-5.81787729"><ele>186.58</ele><time>2024-09-04T13:08:51Z</time></trkpt><trkpt lat="43.39276123" lon="-5.81789827"><ele>186.58</ele><time>2024-09-04T13:08:52Z</time></trkpt><trkpt lat="43.39276123" lon="-5.81791973"><ele>186.58</ele><time>2024-09-04T13:08:53Z</time></trkpt><trkpt lat="43.39275742" lon="-5.81794167"><ele>186.58</ele><time>2024-09-04T13:08:54Z</time></trkpt><trkpt lat="43.39275742" lon="-5.81796360"><ele>186.58</ele><time>2024-09-04T13:08:55Z</time></trkpt><trkpt lat="43.39275360" lon="-5.81798506"><ele>186.58</ele><time>2024-09-04T13:08:56Z</time></trkpt><trkpt lat="43.39275360" lon="-5.81800699"><ele>186.58</ele><time>2024-09-04T13:08:57Z</time></trkpt><trkpt lat="43.39275360" lon="-5.81802893"><ele>186.58</ele><time>2024-09-04T13:08:58Z</time></trkpt><trkpt lat="43.39274979" lon="-5.81805086"><ele>186.58</ele><time>2024-09-04T13:08:59Z</time></trkpt><trkpt lat="43.39274597" lon="-5.81807232"><ele>186.58</ele><time>2024-09-04T13:09:00Z</time></trkpt><trkpt lat="43.39274597" lon="-5.81809330"><ele>186.58</ele><time>2024-09-04T13:09:01Z</time></trkpt><trkpt lat="43.39274216" lon="-5.81811333"><ele>186.54</ele><time>2024-09-04T13:09:02Z</time></trkpt><trkpt lat="43.39274216" lon="-5.81813240"><ele>186.54</ele><time>2024-09-04T13:09:03Z</time></trkpt><trkpt lat="43.39274216" lon="-5.81815290"><ele>186.53</ele><time>2024-09-04T13:09:04Z</time></trkpt><trkpt lat="43.39273834" lon="-5.81817389"><ele>186.53</ele><time>2024-09-04T13:09:05Z</time></trkpt><trkpt lat="43.39273834" lon="-5.81819582"><ele>186.52</ele><time>2024-09-04T13:09:06Z</time></trkpt><trkpt lat="43.39273453" lon="-5.81821871"><ele>186.51</ele><time>2024-09-04T13:09:07Z</time></trkpt><trkpt lat="43.39273071" lon="-5.81824064"><ele>186.51</ele><time>2024-09-04T13:09:08Z</time></trkpt><trkpt lat="43.39272690" lon="-5.81826210"><ele>186.51</ele><time>2024-09-04T13:09:09Z</time></trkpt><trkpt lat="43.39272308" lon="-5.81828403"><ele>186.51</ele><time>2024-09-04T13:09:10Z</time></trkpt><trkpt lat="43.39271927" lon="-5.81830645"><ele>186.50</ele><time>2024-09-04T13:09:11Z</time></trkpt><trkpt lat="43.39271545" lon="-5.81832838"><ele>186.50</ele><time>2024-09-04T13:09:12Z</time></trkpt><trkpt lat="43.39271164" lon="-5.81835032"><ele>186.50</ele><time>2024-09-04T13:09:13Z</time></trkpt><trkpt lat="43.39270782" lon="-5.81837320"><ele>186.44</ele><time>2024-09-04T13:09:14Z</time></trkpt><trkpt lat="43.39270401" lon="-5.81839466"><ele>186.44</ele><time>2024-09-04T13:09:15Z</time></trkpt><trkpt lat="43.39269638" lon="-5.81841469"><ele>186.44</ele><time>2024-09-04T13:09:16Z</time></trkpt><trkpt lat="43.39269257" lon="-5.81843281"><ele>186.44</ele><time>2024-09-04T13:09:17Z</time></trkpt><trkpt lat="43.39268875" lon="-5.81845140"><ele>186.44</ele><time>2024-09-04T13:09:18Z</time></trkpt><trkpt lat="43.39268494" lon="-5.81846952"><ele>186.43</ele><time>2024-09-04T13:09:19Z</time></trkpt><trkpt lat="43.39268112" lon="-5.81848669"><ele>186.43</ele><time>2024-09-04T13:09:20Z</time></trkpt><trkpt lat="43.39267731" lon="-5.81850386"><ele>186.43</ele><time>2024-09-04T13:09:21Z</time></trkpt><trkpt lat="43.39267349" lon="-5.81852102"><ele>186.42</ele><time>2024-09-04T13:09:22Z</time></trkpt><trkpt lat="43.39266968" lon="-5.81853914"><ele>186.34</ele><time>2024-09-04T13:09:23Z</time></trkpt><trkpt lat="43.39266968" lon="-5.81855726"><ele>186.32</ele><time>2024-09-04T13:09:24Z</time></trkpt><trkpt lat="43.39266586" lon="-5.81857538"><ele>186.32</ele><time>2024-09-04T13:09:25Z</time></trkpt><trkpt lat="43.39266586" lon="-5.81859446"><ele>186.32</ele><time>2024-09-04T13:09:26Z</time></trkpt><trkpt lat="43.39266205" lon="-5.81861448"><ele>186.32</ele><time>2024-09-04T13:09:27Z</time></trkpt><trkpt lat="43.39266205" lon="-5.81863451"><ele>186.31</ele><time>2024-09-04T13:09:28Z</time></trkpt><trkpt lat="43.39266205" lon="-5.81865501"><ele>186.27</ele><time>2024-09-04T13:09:29Z</time></trkpt><trkpt lat="43.39266205" lon="-5.81867552"><ele>186.25</ele><time>2024-09-04T13:09:30Z</time></trkpt><trkpt lat="43.39266205" lon="-5.81869602"><ele>186.18</ele><time>2024-09-04T13:09:31Z</time></trkpt><trkpt lat="43.39266205" lon="-5.81871605"><ele>186.18</ele><time>2024-09-04T13:09:32Z</time></trkpt><trkpt lat="43.39266205" lon="-5.81873608"><ele>186.17</ele><time>2024-09-04T13:09:33Z</time></trkpt><trkpt lat="43.39265823" lon="-5.81875610"><ele>186.17</ele><time>2024-09-04T13:09:34Z</time></trkpt><trkpt lat="43.39265823" lon="-5.81877613"><ele>186.17</ele><time>2024-09-04T13:09:35Z</time></trkpt><trkpt lat="43.39265823" lon="-5.81879711"><ele>186.15</ele><time>2024-09-04T13:09:36Z</time></trkpt><trkpt lat="43.39265823" lon="-5.81881714"><ele>186.15</ele><time>2024-09-04T13:09:37Z</time></trkpt><trkpt lat="43.39265823" lon="-5.81883764"><ele>186.14</ele><time>2024-09-04T13:09:38Z</time></trkpt><trkpt lat="43.39265823" lon="-5.81885719"><ele>186.13</ele><time>2024-09-04T13:09:39Z</time></trkpt><trkpt lat="43.39265823" lon="-5.81887674"><ele>186.08</ele><time>2024-09-04T13:09:40Z</time></trkpt><trkpt lat="43.39265823" lon="-5.81889439"><ele>186.08</ele><time>2024-09-04T13:09:41Z</time></trkpt><trkpt lat="43.39265823" lon="-5.81891155"><ele>186.04</ele><time>2024-09-04T13:09:42Z</time></trkpt><trkpt lat="43.39265442" lon="-5.81892824"><ele>186.04</ele><time>2024-09-04T13:09:43Z</time></trkpt><trkpt lat="43.39265442" lon="-5.81894445"><ele>186.05</ele><time>2024-09-04T13:09:44Z</time></trkpt><trkpt lat="43.39265060" lon="-5.81896114"><ele>186.03</ele><time>2024-09-04T13:09:45Z</time></trkpt><trkpt lat="43.39265060" lon="-5.81897688"><ele>186.03</ele><time>2024-09-04T13:09:46Z</time></trkpt><trkpt lat="43.39265060" lon="-5.81899500"><ele>186.02</ele><time>2024-09-04T13:09:47Z</time></trkpt><trkpt lat="43.39265060" lon="-5.81901312"><ele>186.01</ele><time>2024-09-04T13:09:48Z</time></trkpt><trkpt lat="43.39265442" lon="-5.81903172"><ele>186.01</ele><time>2024-09-04T13:09:49Z</time></trkpt><trkpt lat="43.39265442" lon="-5.81904936"><ele>186.01</ele><time>2024-09-04T13:09:50Z</time></trkpt><trkpt lat="43.39265823" lon="-5.81906748"><ele>185.96</ele><time>2024-09-04T13:09:51Z</time></trkpt><trkpt lat="43.39266586" lon="-5.81908560"><ele>185.92</ele><time>2024-09-04T13:09:52Z</time></trkpt><trkpt lat="43.39266968" lon="-5.81910372"><ele>185.91</ele><time>2024-09-04T13:09:53Z</time></trkpt><trkpt lat="43.39267349" lon="-5.81912231"><ele>185.91</ele><time>2024-09-04T13:09:54Z</time></trkpt><trkpt lat="43.39268112" lon="-5.81914186"><ele>185.91</ele><time>2024-09-04T13:09:55Z</time></trkpt><trkpt lat="43.39268875" lon="-5.81916094"><ele>185.91</ele><time>2024-09-04T13:09:56Z</time></trkpt><trkpt lat="43.39269257" lon="-5.81918001"><ele>185.87</ele><time>2024-09-04T13:09:57Z</time></trkpt><trkpt lat="43.39270020" lon="-5.81919813"><ele>185.86</ele><time>2024-09-04T13:09:58Z</time></trkpt><trkpt lat="43.39270782" lon="-5.81921577"><ele>185.84</ele><time>2024-09-04T13:09:59Z</time></trkpt><trkpt lat="43.39271545" lon="-5.81923199"><ele>185.84</ele><time>2024-09-04T13:10:00Z</time></trkpt><trkpt lat="43.39272308" lon="-5.81924677"><ele>185.84</ele><time>2024-09-04T13:10:01Z</time></trkpt><trkpt lat="43.39272690" lon="-5.81926012"><ele>185.79</ele><time>2024-09-04T13:10:02Z</time></trkpt><trkpt lat="43.39273453" lon="-5.81927347"><ele>185.75</ele><time>2024-09-04T13:10:03Z</time></trkpt><trkpt lat="43.39274216" lon="-5.81928635"><ele>185.75</ele><time>2024-09-04T13:10:04Z</time></trkpt><trkpt lat="43.39274597" lon="-5.81930017"><ele>185.75</ele><time>2024-09-04T13:10:05Z</time></trkpt><trkpt lat="43.39275360" lon="-5.81931496"><ele>185.75</ele><time>2024-09-04T13:10:06Z</time></trkpt><trkpt lat="43.39275742" lon="-5.81932926"><ele>185.75</ele><time>2024-09-04T13:10:07Z</time></trkpt><trkpt lat="43.39276505" lon="-5.81934357"><ele>185.74</ele><time>2024-09-04T13:10:08Z</time></trkpt><trkpt lat="43.39276886" lon="-5.81935787"><ele>185.73</ele><time>2024-09-04T13:10:09Z</time></trkpt><trkpt lat="43.39277649" lon="-5.81937313"><ele>185.73</ele><time>2024-09-04T13:10:10Z</time></trkpt><trkpt lat="43.39278412" lon="-5.81938839"><ele>185.72</ele><time>2024-09-04T13:10:11Z</time></trkpt><trkpt lat="43.39278793" lon="-5.81940365"><ele>185.72</ele><time>2024-09-04T13:10:12Z</time></trkpt><trkpt lat="43.39279556" lon="-5.81941748"><ele>185.72</ele><time>2024-09-04T13:10:13Z</time></trkpt><trkpt lat="43.39280319" lon="-5.81943035"><ele>185.72</ele><time>2024-09-04T13:10:14Z</time></trkpt><trkpt lat="43.39281082" lon="-5.81944323"><ele>185.72</ele><time>2024-09-04T13:10:15Z</time></trkpt><trkpt lat="43.39281845" lon="-5.81945610"><ele>185.72</ele><time>2024-09-04T13:10:16Z</time></trkpt><trkpt lat="43.39282608" lon="-5.81946945"><ele>185.72</ele><time>2024-09-04T13:10:17Z</time></trkpt><trkpt lat="43.39283371" lon="-5.81948185"><ele>185.71</ele><time>2024-09-04T13:10:18Z</time></trkpt><trkpt lat="43.39284134" lon="-5.81949520"><ele>185.71</ele><time>2024-09-04T13:10:19Z</time></trkpt><trkpt lat="43.39284897" lon="-5.81950760"><ele>185.69</ele><time>2024-09-04T13:10:20Z</time></trkpt><trkpt lat="43.39285660" lon="-5.81952047"><ele>185.68</ele><time>2024-09-04T13:10:21Z</time></trkpt><trkpt lat="43.39286423" lon="-5.81953335"><ele>185.68</ele><time>2024-09-04T13:10:22Z</time></trkpt><trkpt lat="43.39287186" lon="-5.81954479"><ele>185.68</ele><time>2024-09-04T13:10:23Z</time></trkpt><trkpt lat="43.39287949" lon="-5.81955576"><ele>185.67</ele><time>2024-09-04T13:10:24Z</time></trkpt><trkpt lat="43.39289093" lon="-5.81956720"><ele>185.67</ele><time>2024-09-04T13:10:25Z</time></trkpt><trkpt lat="43.39289856" lon="-5.81957960"><ele>185.67</ele><time>2024-09-04T13:10:26Z</time></trkpt><trkpt lat="43.39291000" lon="-5.81959343"><ele>185.66</ele><time>2024-09-04T13:10:27Z</time></trkpt><trkpt lat="43.39291763" lon="-5.81960821"><ele>185.66</ele><time>2024-09-04T13:10:28Z</time></trkpt><trkpt lat="43.39292908" lon="-5.81962442"><ele>185.64</ele><time>2024-09-04T13:10:29Z</time></trkpt><trkpt lat="43.39294052" lon="-5.81964111"><ele>185.64</ele><time>2024-09-04T13:10:30Z</time></trkpt><trkpt lat="43.39295197" lon="-5.81965780"><ele>185.63</ele><time>2024-09-04T13:10:31Z</time></trkpt><trkpt lat="43.39296341" lon="-5.81967497"><ele>185.63</ele><time>2024-09-04T13:10:32Z</time></trkpt><trkpt lat="43.39297867" lon="-5.81969023"><ele>185.63</ele><time>2024-09-04T13:10:33Z</time></trkpt><trkpt lat="43.39299011" lon="-5.81970406"><ele>185.63</ele><time>2024-09-04T13:10:34Z</time></trkpt><trkpt lat="43.39300156" lon="-5.81971931"><ele>185.62</ele><time>2024-09-04T13:10:35Z</time></trkpt><trkpt lat="43.39301300" lon="-5.81973410"><ele>185.62</ele><time>2024-09-04T13:10:36Z</time></trkpt><trkpt lat="43.39302826" lon="-5.81974888"><ele>185.62</ele><time>2024-09-04T13:10:37Z</time></trkpt><trkpt lat="43.39303970" lon="-5.81976318"><ele>185.61</ele><time>2024-09-04T13:10:38Z</time></trkpt><trkpt lat="43.39305496" lon="-5.81977749"><ele>185.61</ele><time>2024-09-04T13:10:39Z</time></trkpt><trkpt lat="43.39306641" lon="-5.81979036"><ele>185.61</ele><time>2024-09-04T13:10:40Z</time></trkpt><trkpt lat="43.39307785" lon="-5.81980228"><ele>185.61</ele><time>2024-09-04T13:10:41Z</time></trkpt><trkpt lat="43.39309311" lon="-5.81981277"><ele>185.60</ele><time>2024-09-04T13:10:42Z</time></trkpt><trkpt lat="43.39310455" lon="-5.81982040"><ele>185.60</ele><time>2024-09-04T13:10:43Z</time></trkpt><trkpt lat="43.39311981" lon="-5.81982851"><ele>185.60</ele><time>2024-09-04T13:10:44Z</time></trkpt><trkpt lat="43.39313126" lon="-5.81983519"><ele>185.59</ele><time>2024-09-04T13:10:45Z</time></trkpt><trkpt lat="43.39314651" lon="-5.81984138"><ele>185.59</ele><time>2024-09-04T13:10:46Z</time></trkpt><trkpt lat="43.39315796" lon="-5.81984806"><ele>185.59</ele><time>2024-09-04T13:10:47Z</time></trkpt><trkpt lat="43.39317322" lon="-5.81985426"><ele>185.59</ele><time>2024-09-04T13:10:48Z</time></trkpt><trkpt lat="43.39318466" lon="-5.81986094"><ele>185.59</ele><time>2024-09-04T13:10:49Z</time></trkpt><trkpt lat="43.39319611" lon="-5.81986809"><ele>185.58</ele><time>2024-09-04T13:10:50Z</time></trkpt><trkpt lat="43.39321136" lon="-5.81987572"><ele>185.58</ele><time>2024-09-04T13:10:51Z</time></trkpt><trkpt lat="43.39322281" lon="-5.81988287"><ele>185.58</ele><time>2024-09-04T13:10:52Z</time></trkpt><trkpt lat="43.39323044" lon="-5.81988955"><ele>185.59</ele><time>2024-09-04T13:10:53Z</time></trkpt><trkpt lat="43.39324188" lon="-5.81989622"><ele>185.59</ele><time>2024-09-04T13:10:54Z</time></trkpt><trkpt lat="43.39324951" lon="-5.81990147"><ele>185.59</ele><time>2024-09-04T13:10:55Z</time></trkpt><trkpt lat="43.39326096" lon="-5.81990957"><ele>185.59</ele><time>2024-09-04T13:10:56Z</time></trkpt><trkpt lat="43.39326859" lon="-5.81991768"><ele>185.59</ele><time>2024-09-04T13:10:57Z</time></trkpt><trkpt lat="43.39327240" lon="-5.81992483"><ele>185.59</ele><time>2024-09-04T13:10:58Z</time></trkpt><trkpt lat="43.39328003" lon="-5.81993055"><ele>185.59</ele><time>2024-09-04T13:10:59Z</time></trkpt><trkpt lat="43.39328384" lon="-5.81993580"><ele>185.59</ele><time>2024-09-04T13:11:00Z</time></trkpt><trkpt lat="43.39328766" lon="-5.81994009"><ele>185.59</ele><time>2024-09-04T13:11:01Z</time></trkpt><trkpt lat="43.39329529" lon="-5.81994581"><ele>185.59</ele><time>2024-09-04T13:11:02Z</time></trkpt><trkpt lat="43.39329910" lon="-5.81995106"><ele>185.59</ele><time>2024-09-04T13:11:03Z</time></trkpt><trkpt lat="43.39331055" lon="-5.81995773"><ele>185.59</ele><time>2024-09-04T13:11:04Z</time></trkpt><trkpt lat="43.39331818" lon="-5.81996536"><ele>185.59</ele><time>2024-09-04T13:11:05Z</time></trkpt><trkpt lat="43.39332581" lon="-5.81997108"><ele>185.59</ele><time>2024-09-04T13:11:06Z</time></trkpt><trkpt lat="43.39332962" lon="-5.81997728"><ele>185.59</ele><time>2024-09-04T13:11:07Z</time></trkpt><trkpt lat="43.39333725" lon="-5.81998301"><ele>185.60</ele><time>2024-09-04T13:11:08Z</time></trkpt><trkpt lat="43.39334106" lon="-5.81998682"><ele>185.59</ele><time>2024-09-04T13:11:09Z</time></trkpt><trkpt lat="43.39334488" lon="-5.81998920"><ele>185.59</ele><time>2024-09-04T13:11:10Z</time></trkpt><trkpt lat="43.39334488" lon="-5.81999016"><ele>185.59</ele><time>2024-09-04T13:11:11Z</time></trkpt><trkpt lat="43.39334869" lon="-5.81999063"><ele>185.59</ele><time>2024-09-04T13:11:12Z</time></trkpt><trkpt lat="43.39335251" lon="-5.81999254"><ele>185.59</ele><time>2024-09-04T13:11:13Z</time></trkpt><trkpt lat="43.39335632" lon="-5.81999588"><ele>185.59</ele><time>2024-09-04T13:11:14Z</time></trkpt><trkpt lat="43.39336395" lon="-5.81999969"><ele>185.59</ele><time>2024-09-04T13:11:15Z</time></trkpt><trkpt lat="43.39337158" lon="-5.82000399"><ele>185.59</ele><time>2024-09-04T13:11:16Z</time></trkpt><trkpt lat="43.39337921" lon="-5.82000875"><ele>185.58</ele><time>2024-09-04T13:11:17Z</time></trkpt><trkpt lat="43.39339066" lon="-5.82001448"><ele>185.58</ele><time>2024-09-04T13:11:18Z</time></trkpt><trkpt lat="43.39339828" lon="-5.82001972"><ele>185.58</ele><time>2024-09-04T13:11:19Z</time></trkpt><trkpt lat="43.39340973" lon="-5.82002497"><ele>185.58</ele><time>2024-09-04T13:11:20Z</time></trkpt><trkpt lat="43.39342117" lon="-5.82002974"><ele>185.58</ele><time>2024-09-04T13:11:21Z</time></trkpt><trkpt lat="43.39342880" lon="-5.82003355"><ele>185.58</ele><time>2024-09-04T13:11:22Z</time></trkpt><trkpt lat="43.39344025" lon="-5.82003784"><ele>185.58</ele><time>2024-09-04T13:11:23Z</time></trkpt><trkpt lat="43.39345169" lon="-5.82004213"><ele>185.58</ele><time>2024-09-04T13:11:24Z</time></trkpt><trkpt lat="43.39346313" lon="-5.82004547"><ele>185.58</ele><time>2024-09-04T13:11:25Z</time></trkpt><trkpt lat="43.39347458" lon="-5.82004786"><ele>185.58</ele><time>2024-09-04T13:11:26Z</time></trkpt><trkpt lat="43.39348602" lon="-5.82004881"><ele>185.58</ele><time>2024-09-04T13:11:27Z</time></trkpt><trkpt lat="43.39350128" lon="-5.82004976"><ele>185.57</ele><time>2024-09-04T13:11:28Z</time></trkpt><trkpt lat="43.39351273" lon="-5.82005119"><ele>185.57</ele><time>2024-09-04T13:11:29Z</time></trkpt><trkpt lat="43.39352417" lon="-5.82005262"><ele>185.57</ele><time>2024-09-04T13:11:30Z</time></trkpt><trkpt lat="43.39353561" lon="-5.82005405"><ele>185.57</ele><time>2024-09-04T13:11:31Z</time></trkpt><trkpt lat="43.39354706" lon="-5.82005453"><ele>185.57</ele><time>2024-09-04T13:11:32Z</time></trkpt><trkpt lat="43.39355850" lon="-5.82005453"><ele>185.57</ele><time>2024-09-04T13:11:33Z</time></trkpt><trkpt lat="43.39357376" lon="-5.82005405"><ele>185.56</ele><time>2024-09-04T13:11:34Z</time></trkpt><trkpt lat="43.39358521" lon="-5.82005405"><ele>185.56</ele><time>2024-09-04T13:11:35Z</time></trkpt><trkpt lat="43.39359665" lon="-5.82005501"><ele>185.56</ele><time>2024-09-04T13:11:36Z</time></trkpt><trkpt lat="43.39361191" lon="-5.82005692"><ele>185.56</ele><time>2024-09-04T13:11:37Z</time></trkpt><trkpt lat="43.39362335" lon="-5.82005978"><ele>185.56</ele><time>2024-09-04T13:11:38Z</time></trkpt><trkpt lat="43.39363861" lon="-5.82006359"><ele>185.56</ele><time>2024-09-04T13:11:39Z</time></trkpt><trkpt lat="43.39365005" lon="-5.82006741"><ele>185.56</ele><time>2024-09-04T13:11:40Z</time></trkpt><trkpt lat="43.39366531" lon="-5.82007074"><ele>185.55</ele><time>2024-09-04T13:11:41Z</time></trkpt><trkpt lat="43.39367676" lon="-5.82007456"><ele>185.55</ele><time>2024-09-04T13:11:42Z</time></trkpt><trkpt lat="43.39369202" lon="-5.82007790"><ele>185.55</ele><time>2024-09-04T13:11:43Z</time></trkpt><trkpt lat="43.39370346" lon="-5.82008171"><ele>185.55</ele><time>2024-09-04T13:11:44Z</time></trkpt><trkpt lat="43.39371872" lon="-5.82008600"><ele>185.55</ele><time>2024-09-04T13:11:45Z</time></trkpt><trkpt lat="43.39373398" lon="-5.82009077"><ele>185.55</ele><time>2024-09-04T13:11:46Z</time></trkpt><trkpt lat="43.39374542" lon="-5.82009506"><ele>185.55</ele><time>2024-09-04T13:11:47Z</time></trkpt><trkpt lat="43.39375687" lon="-5.82009983"><ele>185.55</ele><time>2024-09-04T13:11:48Z</time></trkpt><trkpt lat="43.39377213" lon="-5.82010317"><ele>185.55</ele><time>2024-09-04T13:11:49Z</time></trkpt><trkpt lat="43.39378357" lon="-5.82010508"><ele>185.55</ele><time>2024-09-04T13:11:50Z</time></trkpt><trkpt lat="43.39379883" lon="-5.82010651"><ele>185.54</ele><time>2024-09-04T13:11:51Z</time></trkpt><trkpt lat="43.39381027" lon="-5.82010841"><ele>185.54</ele><time>2024-09-04T13:11:52Z</time></trkpt><trkpt lat="43.39382553" lon="-5.82010984"><ele>185.54</ele><time>2024-09-04T13:11:53Z</time></trkpt><trkpt lat="43.39383698" lon="-5.82011127"><ele>185.54</ele><time>2024-09-04T13:11:54Z</time></trkpt><trkpt lat="43.39385223" lon="-5.82011175"><ele>185.54</ele><time>2024-09-04T13:11:55Z</time></trkpt><trkpt lat="43.39386368" lon="-5.82011080"><ele>185.53</ele><time>2024-09-04T13:11:56Z</time></trkpt><trkpt lat="43.39387512" lon="-5.82010937"><ele>185.53</ele><time>2024-09-04T13:11:57Z</time></trkpt><trkpt lat="43.39389038" lon="-5.82010698"><ele>185.53</ele><time>2024-09-04T13:11:58Z</time></trkpt><trkpt lat="43.39390182" lon="-5.82010460"><ele>185.52</ele><time>2024-09-04T13:11:59Z</time></trkpt><trkpt lat="43.39391327" lon="-5.82010174"><ele>185.52</ele><time>2024-09-04T13:12:00Z</time></trkpt><trkpt lat="43.39392853" lon="-5.82009888"><ele>185.52</ele><time>2024-09-04T13:12:01Z</time></trkpt><trkpt lat="43.39393997" lon="-5.82009649"><ele>185.51</ele><time>2024-09-04T13:12:02Z</time></trkpt><trkpt lat="43.39395523" lon="-5.82009554"><ele>185.51</ele><time>2024-09-04T13:12:03Z</time></trkpt><trkpt lat="43.39396667" lon="-5.82009745"><ele>185.51</ele><time>2024-09-04T13:12:04Z</time></trkpt><trkpt lat="43.39398193" lon="-5.82009983"><ele>185.51</ele><time>2024-09-04T13:12:05Z</time></trkpt><trkpt lat="43.39399338" lon="-5.82010174"><ele>185.51</ele><time>2024-09-04T13:12:06Z</time></trkpt><trkpt lat="43.39400482" lon="-5.82010508"><ele>185.50</ele><time>2024-09-04T13:12:07Z</time></trkpt><trkpt lat="43.39402008" lon="-5.82010746"><ele>185.50</ele><time>2024-09-04T13:12:08Z</time></trkpt><trkpt lat="43.39403152" lon="-5.82010889"><ele>185.50</ele><time>2024-09-04T13:12:09Z</time></trkpt><trkpt lat="43.39404678" lon="-5.82011032"><ele>185.49</ele><time>2024-09-04T13:12:10Z</time></trkpt><trkpt lat="43.39405823" lon="-5.82011271"><ele>185.49</ele><time>2024-09-04T13:12:11Z</time></trkpt><trkpt lat="43.39407349" lon="-5.82011557"><ele>185.49</ele><time>2024-09-04T13:12:12Z</time></trkpt><trkpt lat="43.39408493" lon="-5.82011843"><ele>185.49</ele><time>2024-09-04T13:12:13Z</time></trkpt><trkpt lat="43.39410019" lon="-5.82012129"><ele>185.49</ele><time>2024-09-04T13:12:14Z</time></trkpt><trkpt lat="43.39411163" lon="-5.82012320"><ele>185.49</ele><time>2024-09-04T13:12:15Z</time></trkpt><trkpt lat="43.39412689" lon="-5.82012510"><ele>185.48</ele><time>2024-09-04T13:12:16Z</time></trkpt><trkpt lat="43.39413834" lon="-5.82012701"><ele>185.48</ele><time>2024-09-04T13:12:17Z</time></trkpt><trkpt lat="43.39415359" lon="-5.82012844"><ele>185.48</ele><time>2024-09-04T13:12:18Z</time></trkpt><trkpt lat="43.39416885" lon="-5.82013035"><ele>185.48</ele><time>2024-09-04T13:12:19Z</time></trkpt><trkpt lat="43.39418030" lon="-5.82013083"><ele>185.48</ele><time>2024-09-04T13:12:20Z</time></trkpt><trkpt lat="43.39419556" lon="-5.82013083"><ele>185.47</ele><time>2024-09-04T13:12:21Z</time></trkpt><trkpt lat="43.39420700" lon="-5.82013035"><ele>185.47</ele><time>2024-09-04T13:12:22Z</time></trkpt><trkpt lat="43.39422226" lon="-5.82012939"><ele>185.47</ele><time>2024-09-04T13:12:23Z</time></trkpt><trkpt lat="43.39423752" lon="-5.82013035"><ele>185.47</ele><time>2024-09-04T13:12:24Z</time></trkpt><trkpt lat="43.39424896" lon="-5.82013226"><ele>185.46</ele><time>2024-09-04T13:12:25Z</time></trkpt><trkpt lat="43.39426422" lon="-5.82013512"><ele>185.46</ele><time>2024-09-04T13:12:26Z</time></trkpt><trkpt lat="43.39427948" lon="-5.82013798"><ele>185.46</ele><time>2024-09-04T13:12:27Z</time></trkpt><trkpt lat="43.39429092" lon="-5.82014179"><ele>185.46</ele><time>2024-09-04T13:12:28Z</time></trkpt><trkpt lat="43.39430618" lon="-5.82014608"><ele>185.46</ele><time>2024-09-04T13:12:29Z</time></trkpt><trkpt lat="43.39431763" lon="-5.82015085"><ele>185.46</ele><time>2024-09-04T13:12:30Z</time></trkpt><trkpt lat="43.39433289" lon="-5.82015514"><ele>185.46</ele><time>2024-09-04T13:12:31Z</time></trkpt><trkpt lat="43.39434433" lon="-5.82015944"><ele>185.46</ele><time>2024-09-04T13:12:32Z</time></trkpt><trkpt lat="43.39435959" lon="-5.82016373"><ele>185.46</ele><time>2024-09-04T13:12:33Z</time></trkpt><trkpt lat="43.39437485" lon="-5.82016754"><ele>185.45</ele><time>2024-09-04T13:12:34Z</time></trkpt><trkpt lat="43.39439011" lon="-5.82017136"><ele>185.45</ele><time>2024-09-04T13:12:35Z</time></trkpt><trkpt lat="43.39440536" lon="-5.82017469"><ele>185.45</ele><time>2024-09-04T13:12:36Z</time></trkpt><trkpt lat="43.39441681" lon="-5.82017660"><ele>185.45</ele><time>2024-09-04T13:12:37Z</time></trkpt><trkpt lat="43.39442825" lon="-5.82017756"><ele>185.45</ele><time>2024-09-04T13:12:38Z</time></trkpt><trkpt lat="43.39444351" lon="-5.82017756"><ele>185.44</ele><time>2024-09-04T13:12:39Z</time></trkpt><trkpt lat="43.39445496" lon="-5.82017756"><ele>185.44</ele><time>2024-09-04T13:12:40Z</time></trkpt><trkpt lat="43.39447021" lon="-5.82017756"><ele>185.44</ele><time>2024-09-04T13:12:41Z</time></trkpt><trkpt lat="43.39448166" lon="-5.82017756"><ele>185.43</ele><time>2024-09-04T13:12:42Z</time></trkpt><trkpt lat="43.39449692" lon="-5.82017851"><ele>185.43</ele><time>2024-09-04T13:12:43Z</time></trkpt><trkpt lat="43.39451218" lon="-5.82018042"><ele>185.43</ele><time>2024-09-04T13:12:44Z</time></trkpt><trkpt lat="43.39452362" lon="-5.82018280"><ele>185.43</ele><time>2024-09-04T13:12:45Z</time></trkpt><trkpt lat="43.39453888" lon="-5.82018518"><ele>185.43</ele><time>2024-09-04T13:12:46Z</time></trkpt><trkpt lat="43.39455032" lon="-5.82018614"><ele>185.43</ele><time>2024-09-04T13:12:47Z</time></trkpt><trkpt lat="43.39456558" lon="-5.82018709"><ele>185.43</ele><time>2024-09-04T13:12:48Z</time></trkpt><trkpt lat="43.39457703" lon="-5.82018805"><ele>185.42</ele><time>2024-09-04T13:12:49Z</time></trkpt><trkpt lat="43.39459229" lon="-5.82018900"><ele>185.42</ele><time>2024-09-04T13:12:50Z</time></trkpt><trkpt lat="43.39460754" lon="-5.82019138"><ele>185.42</ele><time>2024-09-04T13:12:51Z</time></trkpt><trkpt lat="43.39461899" lon="-5.82019377"><ele>185.42</ele><time>2024-09-04T13:12:52Z</time></trkpt><trkpt lat="43.39463425" lon="-5.82019615"><ele>185.42</ele><time>2024-09-04T13:12:53Z</time></trkpt><trkpt lat="43.39464951" lon="-5.82019854"><ele>185.41</ele><time>2024-09-04T13:12:54Z</time></trkpt><trkpt lat="43.39466476" lon="-5.82020092"><ele>185.41</ele><time>2024-09-04T13:12:55Z</time></trkpt><trkpt lat="43.39467621" lon="-5.82020235"><ele>185.41</ele><time>2024-09-04T13:12:56Z</time></trkpt><trkpt lat="43.39469147" lon="-5.82020330"><ele>185.41</ele><time>2024-09-04T13:12:57Z</time></trkpt><trkpt lat="43.39470673" lon="-5.82020473"><ele>185.41</ele><time>2024-09-04T13:12:58Z</time></trkpt><trkpt lat="43.39471817" lon="-5.82020712"><ele>185.41</ele><time>2024-09-04T13:12:59Z</time></trkpt><trkpt lat="43.39473343" lon="-5.82021046"><ele>185.41</ele><time>2024-09-04T13:13:00Z</time></trkpt><trkpt lat="43.39474869" lon="-5.82021427"><ele>185.41</ele><time>2024-09-04T13:13:01Z</time></trkpt><trkpt lat="43.39476395" lon="-5.82021856"><ele>185.40</ele><time>2024-09-04T13:13:02Z</time></trkpt><trkpt lat="43.39477921" lon="-5.82022381"><ele>185.40</ele><time>2024-09-04T13:13:03Z</time></trkpt><trkpt lat="43.39479065" lon="-5.82022953"><ele>185.40</ele><time>2024-09-04T13:13:04Z</time></trkpt><trkpt lat="43.39480591" lon="-5.82023525"><ele>185.40</ele><time>2024-09-04T13:13:05Z</time></trkpt><trkpt lat="43.39481735" lon="-5.82023954"><ele>185.40</ele><time>2024-09-04T13:13:06Z</time></trkpt><trkpt lat="43.39483261" lon="-5.82024240"><ele>185.40</ele><time>2024-09-04T13:13:07Z</time></trkpt><trkpt lat="43.39484406" lon="-5.82024384"><ele>185.40</ele><time>2024-09-04T13:13:08Z</time></trkpt><trkpt lat="43.39485931" lon="-5.82024336"><ele>185.40</ele><time>2024-09-04T13:13:09Z</time></trkpt><trkpt lat="43.39487076" lon="-5.82024240"><ele>185.39</ele><time>2024-09-04T13:13:10Z</time></trkpt><trkpt lat="43.39488602" lon="-5.82024050"><ele>185.39</ele><time>2024-09-04T13:13:11Z</time></trkpt><trkpt lat="43.39489746" lon="-5.82023621"><ele>185.38</ele><time>2024-09-04T13:13:12Z</time></trkpt><trkpt lat="43.39491272" lon="-5.82023191"><ele>185.38</ele><time>2024-09-04T13:13:13Z</time></trkpt><trkpt lat="43.39492416" lon="-5.82022715"><ele>185.38</ele><time>2024-09-04T13:13:14Z</time></trkpt><trkpt lat="43.39493942" lon="-5.82022381"><ele>185.38</ele><time>2024-09-04T13:13:15Z</time></trkpt><trkpt lat="43.39495468" lon="-5.82022285"><ele>185.37</ele><time>2024-09-04T13:13:16Z</time></trkpt><trkpt lat="43.39496613" lon="-5.82022333"><ele>185.37</ele><time>2024-09-04T13:13:17Z</time></trkpt><trkpt lat="43.39498138" lon="-5.82022429"><ele>185.37</ele><time>2024-09-04T13:13:18Z</time></trkpt><trkpt lat="43.39499283" lon="-5.82022667"><ele>185.37</ele><time>2024-09-04T13:13:19Z</time></trkpt><trkpt lat="43.39500427" lon="-5.82023048"><ele>185.37</ele><time>2024-09-04T13:13:20Z</time></trkpt><trkpt lat="43.39501572" lon="-5.82023478"><ele>185.37</ele><time>2024-09-04T13:13:21Z</time></trkpt><trkpt lat="43.39503098" lon="-5.82023907"><ele>185.37</ele><time>2024-09-04T13:13:22Z</time></trkpt><trkpt lat="43.39504242" lon="-5.82024384"><ele>185.37</ele><time>2024-09-04T13:13:23Z</time></trkpt><trkpt lat="43.39505768" lon="-5.82024908"><ele>185.37</ele><time>2024-09-04T13:13:24Z</time></trkpt><trkpt lat="43.39506912" lon="-5.82025433"><ele>185.37</ele><time>2024-09-04T13:13:25Z</time></trkpt><trkpt lat="43.39508057" lon="-5.82026005"><ele>185.37</ele><time>2024-09-04T13:13:26Z</time></trkpt><trkpt lat="43.39509583" lon="-5.82026529"><ele>185.36</ele><time>2024-09-04T13:13:27Z</time></trkpt><trkpt lat="43.39511108" lon="-5.82026958"><ele>185.36</ele><time>2024-09-04T13:13:28Z</time></trkpt><trkpt lat="43.39512253" lon="-5.82027245"><ele>185.36</ele><time>2024-09-04T13:13:29Z</time></trkpt><trkpt lat="43.39513779" lon="-5.82027435"><ele>185.36</ele><time>2024-09-04T13:13:30Z</time></trkpt><trkpt lat="43.39515305" lon="-5.82027531"><ele>185.36</ele><time>2024-09-04T13:13:31Z</time></trkpt><trkpt lat="43.39516830" lon="-5.82027483"><ele>185.36</ele><time>2024-09-04T13:13:32Z</time></trkpt><trkpt lat="43.39517975" lon="-5.82027531"><ele>185.35</ele><time>2024-09-04T13:13:33Z</time></trkpt><trkpt lat="43.39519501" lon="-5.82027483"><ele>185.35</ele><time>2024-09-04T13:13:34Z</time></trkpt><trkpt lat="43.39521027" lon="-5.82027388"><ele>185.35</ele><time>2024-09-04T13:13:35Z</time></trkpt><trkpt lat="43.39522171" lon="-5.82027197"><ele>185.34</ele><time>2024-09-04T13:13:36Z</time></trkpt><trkpt lat="43.39523697" lon="-5.82027006"><ele>185.34</ele><time>2024-09-04T13:13:37Z</time></trkpt><trkpt lat="43.39525223" lon="-5.82026815"><ele>185.34</ele><time>2024-09-04T13:13:38Z</time></trkpt><trkpt lat="43.39526749" lon="-5.82026672"><ele>185.33</ele><time>2024-09-04T13:13:39Z</time></trkpt><trkpt lat="43.39527893" lon="-5.82026625"><ele>185.33</ele><time>2024-09-04T13:13:40Z</time></trkpt><trkpt lat="43.39529419" lon="-5.82026672"><ele>185.33</ele><time>2024-09-04T13:13:41Z</time></trkpt><trkpt lat="43.39530945" lon="-5.82026720"><ele>185.33</ele><time>2024-09-04T13:13:42Z</time></trkpt><trkpt lat="43.39532089" lon="-5.82026768"><ele>185.33</ele><time>2024-09-04T13:13:43Z</time></trkpt><trkpt lat="43.39533615" lon="-5.82026958"><ele>185.33</ele><time>2024-09-04T13:13:44Z</time></trkpt><trkpt lat="43.39535141" lon="-5.82027149"><ele>185.32</ele><time>2024-09-04T13:13:45Z</time></trkpt><trkpt lat="43.39536285" lon="-5.82027292"><ele>185.32</ele><time>2024-09-04T13:13:46Z</time></trkpt><trkpt lat="43.39537811" lon="-5.82027578"><ele>185.32</ele><time>2024-09-04T13:13:47Z</time></trkpt><trkpt lat="43.39538956" lon="-5.82027912"><ele>185.32</ele><time>2024-09-04T13:13:48Z</time></trkpt><trkpt lat="43.39540482" lon="-5.82028198"><ele>185.32</ele><time>2024-09-04T13:13:49Z</time></trkpt><trkpt lat="43.39541626" lon="-5.82028532"><ele>185.32</ele><time>2024-09-04T13:13:50Z</time></trkpt><trkpt lat="43.39542770" lon="-5.82028818"><ele>185.32</ele><time>2024-09-04T13:13:51Z</time></trkpt><trkpt lat="43.39544296" lon="-5.82029009"><ele>185.31</ele><time>2024-09-04T13:13:52Z</time></trkpt><trkpt lat="43.39545441" lon="-5.82029247"><ele>185.31</ele><time>2024-09-04T13:13:53Z</time></trkpt><trkpt lat="43.39546585" lon="-5.82029390"><ele>185.31</ele><time>2024-09-04T13:13:54Z</time></trkpt><trkpt lat="43.39548111" lon="-5.82029390"><ele>185.30</ele><time>2024-09-04T13:13:55Z</time></trkpt><trkpt lat="43.39549255" lon="-5.82029343"><ele>185.30</ele><time>2024-09-04T13:13:56Z</time></trkpt><trkpt lat="43.39550781" lon="-5.82029247"><ele>185.30</ele><time>2024-09-04T13:13:57Z</time></trkpt><trkpt lat="43.39552307" lon="-5.82029152"><ele>185.30</ele><time>2024-09-04T13:13:58Z</time></trkpt><trkpt lat="43.39553833" lon="-5.82029104"><ele>185.29</ele><time>2024-09-04T13:13:59Z</time></trkpt><trkpt lat="43.39554977" lon="-5.82029009"><ele>185.29</ele><time>2024-09-04T13:14:00Z</time></trkpt><trkpt lat="43.39556503" lon="-5.82029057"><ele>185.29</ele><time>2024-09-04T13:14:01Z</time></trkpt><trkpt lat="43.39558029" lon="-5.82029057"><ele>185.29</ele><time>2024-09-04T13:14:02Z</time></trkpt><trkpt lat="43.39559174" lon="-5.82029057"><ele>185.28</ele><time>2024-09-04T13:14:03Z</time></trkpt><trkpt lat="43.39560699" lon="-5.82029152"><ele>185.28</ele><time>2024-09-04T13:14:04Z</time></trkpt><trkpt lat="43.39561844" lon="-5.82029200"><ele>185.28</ele><time>2024-09-04T13:14:05Z</time></trkpt><trkpt lat="43.39563370" lon="-5.82029200"><ele>185.28</ele><time>2024-09-04T13:14:06Z</time></trkpt><trkpt lat="43.39564514" lon="-5.82029200"><ele>185.27</ele><time>2024-09-04T13:14:07Z</time></trkpt><trkpt lat="43.39565659" lon="-5.82029200"><ele>185.27</ele><time>2024-09-04T13:14:08Z</time></trkpt><trkpt lat="43.39567184" lon="-5.82029247"><ele>185.27</ele><time>2024-09-04T13:14:09Z</time></trkpt><trkpt lat="43.39568710" lon="-5.82029247"><ele>185.27</ele><time>2024-09-04T13:14:10Z</time></trkpt><trkpt lat="43.39569855" lon="-5.82029247"><ele>185.26</ele><time>2024-09-04T13:14:11Z</time></trkpt><trkpt lat="43.39571381" lon="-5.82029200"><ele>185.26</ele><time>2024-09-04T13:14:12Z</time></trkpt><trkpt lat="43.39572906" lon="-5.82029104"><ele>185.26</ele><time>2024-09-04T13:14:13Z</time></trkpt><trkpt lat="43.39574051" lon="-5.82029057"><ele>185.26</ele><time>2024-09-04T13:14:14Z</time></trkpt><trkpt lat="43.39575577" lon="-5.82029200"><ele>185.25</ele><time>2024-09-04T13:14:15Z</time></trkpt><trkpt lat="43.39577103" lon="-5.82029390"><ele>185.25</ele><time>2024-09-04T13:14:16Z</time></trkpt><trkpt lat="43.39578629" lon="-5.82029676"><ele>185.25</ele><time>2024-09-04T13:14:17Z</time></trkpt><trkpt lat="43.39579773" lon="-5.82029963"><ele>185.25</ele><time>2024-09-04T13:14:18Z</time></trkpt><trkpt lat="43.39581299" lon="-5.82030344"><ele>185.25</ele><time>2024-09-04T13:14:19Z</time></trkpt><trkpt lat="43.39582825" lon="-5.82030678"><ele>185.25</ele><time>2024-09-04T13:14:20Z</time></trkpt><trkpt lat="43.39584351" lon="-5.82031059"><ele>185.25</ele><time>2024-09-04T13:14:21Z</time></trkpt><trkpt lat="43.39585495" lon="-5.82031393"><ele>185.24</ele><time>2024-09-04T13:14:22Z</time></trkpt><trkpt lat="43.39587021" lon="-5.82031679"><ele>185.24</ele><time>2024-09-04T13:14:23Z</time></trkpt><trkpt lat="43.39588165" lon="-5.82031918"><ele>185.24</ele><time>2024-09-04T13:14:24Z</time></trkpt><trkpt lat="43.39589691" lon="-5.82032251"><ele>185.24</ele><time>2024-09-04T13:14:25Z</time></trkpt><trkpt lat="43.39591217" lon="-5.82032537"><ele>185.23</ele><time>2024-09-04T13:14:26Z</time></trkpt><trkpt lat="43.39592743" lon="-5.82032776"><ele>185.23</ele><time>2024-09-04T13:14:27Z</time></trkpt><trkpt lat="43.39593887" lon="-5.82033062"><ele>185.23</ele><time>2024-09-04T13:14:28Z</time></trkpt><trkpt lat="43.39595413" lon="-5.82033300"><ele>185.23</ele><time>2024-09-04T13:14:29Z</time></trkpt><trkpt lat="43.39596939" lon="-5.82033539"><ele>185.22</ele><time>2024-09-04T13:14:30Z</time></trkpt><trkpt lat="43.39598465" lon="-5.82033777"><ele>185.22</ele><time>2024-09-04T13:14:31Z</time></trkpt><trkpt lat="43.39599991" lon="-5.82034016"><ele>185.22</ele><time>2024-09-04T13:14:32Z</time></trkpt><trkpt lat="43.39601517" lon="-5.82034254"><ele>185.22</ele><time>2024-09-04T13:14:33Z</time></trkpt><trkpt lat="43.39603043" lon="-5.82034445"><ele>185.22</ele><time>2024-09-04T13:14:34Z</time></trkpt><trkpt lat="43.39604568" lon="-5.82034588"><ele>185.22</ele><time>2024-09-04T13:14:35Z</time></trkpt><trkpt lat="43.39606094" lon="-5.82034779"><ele>185.21</ele><time>2024-09-04T13:14:36Z</time></trkpt><trkpt lat="43.39607620" lon="-5.82034969"><ele>185.21</ele><time>2024-09-04T13:14:37Z</time></trkpt><trkpt lat="43.39609146" lon="-5.82035208"><ele>185.21</ele><time>2024-09-04T13:14:38Z</time></trkpt><trkpt lat="43.39611053" lon="-5.82035542"><ele>185.21</ele><time>2024-09-04T13:14:39Z</time></trkpt><trkpt lat="43.39612579" lon="-5.82035923"><ele>185.21</ele><time>2024-09-04T13:14:40Z</time></trkpt><trkpt lat="43.39614105" lon="-5.82036352"><ele>185.21</ele><time>2024-09-04T13:14:41Z</time></trkpt><trkpt lat="43.39616013" lon="-5.82036829"><ele>185.21</ele><time>2024-09-04T13:14:42Z</time></trkpt><trkpt lat="43.39617538" lon="-5.82037354"><ele>185.21</ele><time>2024-09-04T13:14:43Z</time></trkpt><trkpt lat="43.39619064" lon="-5.82037830"><ele>185.20</ele><time>2024-09-04T13:14:44Z</time></trkpt><trkpt lat="43.39620590" lon="-5.82038164"><ele>185.20</ele><time>2024-09-04T13:14:45Z</time></trkpt><trkpt lat="43.39622116" lon="-5.82038498"><ele>185.20</ele><time>2024-09-04T13:14:46Z</time></trkpt><trkpt lat="43.39623642" lon="-5.82038641"><ele>185.20</ele><time>2024-09-04T13:14:47Z</time></trkpt><trkpt lat="43.39625168" lon="-5.82038784"><ele>185.20</ele><time>2024-09-04T13:14:48Z</time></trkpt><trkpt lat="43.39626312" lon="-5.82038927"><ele>185.20</ele><time>2024-09-04T13:14:49Z</time></trkpt><trkpt lat="43.39627838" lon="-5.82039118"><ele>185.19</ele><time>2024-09-04T13:14:50Z</time></trkpt><trkpt lat="43.39629364" lon="-5.82039261"><ele>185.19</ele><time>2024-09-04T13:14:51Z</time></trkpt><trkpt lat="43.39630890" lon="-5.82039499"><ele>185.19</ele><time>2024-09-04T13:14:52Z</time></trkpt><trkpt lat="43.39632797" lon="-5.82039785"><ele>185.18</ele><time>2024-09-04T13:14:53Z</time></trkpt><trkpt lat="43.39634323" lon="-5.82040119"><ele>185.18</ele><time>2024-09-04T13:14:54Z</time></trkpt><trkpt lat="43.39635849" lon="-5.82040501"><ele>185.18</ele><time>2024-09-04T13:14:55Z</time></trkpt><trkpt lat="43.39637756" lon="-5.82040882"><ele>185.18</ele><time>2024-09-04T13:14:56Z</time></trkpt><trkpt lat="43.39639282" lon="-5.82041359"><ele>185.18</ele><time>2024-09-04T13:14:57Z</time></trkpt><trkpt lat="43.39640808" lon="-5.82041788"><ele>185.18</ele><time>2024-09-04T13:14:58Z</time></trkpt><trkpt lat="43.39642715" lon="-5.82042217"><ele>185.18</ele><time>2024-09-04T13:14:59Z</time></trkpt><trkpt lat="43.39644241" lon="-5.82042646"><ele>185.18</ele><time>2024-09-04T13:15:00Z</time></trkpt><trkpt lat="43.39645386" lon="-5.82043171"><ele>185.18</ele><time>2024-09-04T13:15:01Z</time></trkpt><trkpt lat="43.39646912" lon="-5.82043695"><ele>185.18</ele><time>2024-09-04T13:15:02Z</time></trkpt><trkpt lat="43.39648438" lon="-5.82044220"><ele>185.17</ele><time>2024-09-04T13:15:03Z</time></trkpt><trkpt lat="43.39649582" lon="-5.82044697"><ele>185.17</ele><time>2024-09-04T13:15:04Z</time></trkpt><trkpt lat="43.39650726" lon="-5.82045031"><ele>185.17</ele><time>2024-09-04T13:15:05Z</time></trkpt><trkpt lat="43.39651871" lon="-5.82045269"><ele>185.17</ele><time>2024-09-04T13:15:06Z</time></trkpt><trkpt lat="43.39653015" lon="-5.82045364"><ele>185.17</ele><time>2024-09-04T13:15:07Z</time></trkpt><trkpt lat="43.39654541" lon="-5.82045412"><ele>185.16</ele><time>2024-09-04T13:15:08Z</time></trkpt><trkpt lat="43.39655685" lon="-5.82045364"><ele>185.16</ele><time>2024-09-04T13:15:09Z</time></trkpt><trkpt lat="43.39656830" lon="-5.82045412"><ele>185.16</ele><time>2024-09-04T13:15:10Z</time></trkpt><trkpt lat="43.39658356" lon="-5.82045460"><ele>185.16</ele><time>2024-09-04T13:15:11Z</time></trkpt><trkpt lat="43.39659500" lon="-5.82045650"><ele>185.15</ele><time>2024-09-04T13:15:12Z</time></trkpt><trkpt lat="43.39661026" lon="-5.82045841"><ele>185.15</ele><time>2024-09-04T13:15:13Z</time></trkpt><trkpt lat="43.39662552" lon="-5.82046270"><ele>185.15</ele><time>2024-09-04T13:15:14Z</time></trkpt><trkpt lat="43.39663696" lon="-5.82046843"><ele>185.15</ele><time>2024-09-04T13:15:15Z</time></trkpt><trkpt lat="43.39664841" lon="-5.82047558"><ele>185.15</ele><time>2024-09-04T13:15:16Z</time></trkpt><trkpt lat="43.39666367" lon="-5.82048273"><ele>185.15</ele><time>2024-09-04T13:15:17Z</time></trkpt><trkpt lat="43.39667511" lon="-5.82049084"><ele>185.15</ele><time>2024-09-04T13:15:18Z</time></trkpt><trkpt lat="43.39669037" lon="-5.82049942"><ele>185.15</ele><time>2024-09-04T13:15:19Z</time></trkpt><trkpt lat="43.39670181" lon="-5.82050848"><ele>185.14</ele><time>2024-09-04T13:15:20Z</time></trkpt><trkpt lat="43.39671707" lon="-5.82051659"><ele>185.14</ele><time>2024-09-04T13:15:21Z</time></trkpt><trkpt lat="43.39672852" lon="-5.82052422"><ele>185.14</ele><time>2024-09-04T13:15:22Z</time></trkpt><trkpt lat="43.39674377" lon="-5.82053280"><ele>185.14</ele><time>2024-09-04T13:15:23Z</time></trkpt><trkpt lat="43.39675522" lon="-5.82054186"><ele>185.14</ele><time>2024-09-04T13:15:24Z</time></trkpt><trkpt lat="43.39677048" lon="-5.82055092"><ele>185.14</ele><time>2024-09-04T13:15:25Z</time></trkpt><trkpt lat="43.39678192" lon="-5.82056236"><ele>185.14</ele><time>2024-09-04T13:15:26Z</time></trkpt><trkpt lat="43.39678955" lon="-5.82057571"><ele>185.14</ele><time>2024-09-04T13:15:27Z</time></trkpt><trkpt lat="43.39680099" lon="-5.82059002"><ele>185.14</ele><time>2024-09-04T13:15:28Z</time></trkpt><trkpt lat="43.39680862" lon="-5.82060528"><ele>185.14</ele><time>2024-09-04T13:15:29Z</time></trkpt><trkpt lat="43.39682007" lon="-5.82062197"><ele>185.14</ele><time>2024-09-04T13:15:30Z</time></trkpt><trkpt lat="43.39682770" lon="-5.82063961"><ele>185.14</ele><time>2024-09-04T13:15:31Z</time></trkpt><trkpt lat="43.39683533" lon="-5.82065868"><ele>185.14</ele><time>2024-09-04T13:15:32Z</time></trkpt><trkpt lat="43.39684296" lon="-5.82067776"><ele>185.14</ele><time>2024-09-04T13:15:33Z</time></trkpt><trkpt lat="43.39685059" lon="-5.82069683"><ele>185.14</ele><time>2024-09-04T13:15:34Z</time></trkpt><trkpt lat="43.39685440" lon="-5.82071495"><ele>185.14</ele><time>2024-09-04T13:15:35Z</time></trkpt><trkpt lat="43.39686203" lon="-5.82073307"><ele>185.14</ele><time>2024-09-04T13:15:36Z</time></trkpt><trkpt lat="43.39686966" lon="-5.82075119"><ele>185.14</ele><time>2024-09-04T13:15:37Z</time></trkpt><trkpt lat="43.39687729" lon="-5.82076836"><ele>185.14</ele><time>2024-09-04T13:15:38Z</time></trkpt><trkpt lat="43.39688110" lon="-5.82078505"><ele>185.14</ele><time>2024-09-04T13:15:39Z</time></trkpt><trkpt lat="43.39688873" lon="-5.82080173"><ele>185.14</ele><time>2024-09-04T13:15:40Z</time></trkpt><trkpt lat="43.39689636" lon="-5.82081795"><ele>185.14</ele><time>2024-09-04T13:15:41Z</time></trkpt><trkpt lat="43.39690399" lon="-5.82083225"><ele>185.14</ele><time>2024-09-04T13:15:42Z</time></trkpt><trkpt lat="43.39690781" lon="-5.82084751"><ele>185.14</ele><time>2024-09-04T13:15:43Z</time></trkpt><trkpt lat="43.39691544" lon="-5.82086229"><ele>185.14</ele><time>2024-09-04T13:15:44Z</time></trkpt><trkpt lat="43.39692688" lon="-5.82087660"><ele>185.14</ele><time>2024-09-04T13:15:45Z</time></trkpt><trkpt lat="43.39693451" lon="-5.82089138"><ele>185.14</ele><time>2024-09-04T13:15:46Z</time></trkpt><trkpt lat="43.39694214" lon="-5.82090616"><ele>185.13</ele><time>2024-09-04T13:15:47Z</time></trkpt><trkpt lat="43.39695740" lon="-5.82092762"><ele>185.13</ele><time>2024-09-04T13:15:48Z</time></trkpt><trkpt lat="43.39697266" lon="-5.82094908"><ele>185.12</ele><time>2024-09-04T13:15:49Z</time></trkpt><trkpt lat="43.39698792" lon="-5.82097006"><ele>185.12</ele><time>2024-09-04T13:15:50Z</time></trkpt><trkpt lat="43.39700317" lon="-5.82099152"><ele>185.12</ele><time>2024-09-04T13:15:51Z</time></trkpt><trkpt lat="43.39701462" lon="-5.82101202"><ele>185.12</ele><time>2024-09-04T13:15:52Z</time></trkpt><trkpt lat="43.39702225" lon="-5.82102871"><ele>185.12</ele><time>2024-09-04T13:15:53Z</time></trkpt><trkpt lat="43.39703369" lon="-5.82104301"><ele>185.12</ele><time>2024-09-04T13:15:54Z</time></trkpt><trkpt lat="43.39704895" lon="-5.82104015"><ele>185.11</ele><time>2024-09-04T13:15:55Z</time></trkpt><trkpt lat="43.39706421" lon="-5.82103443"><ele>185.10</ele><time>2024-09-04T13:15:56Z</time></trkpt><trkpt lat="43.39708328" lon="-5.82102919"><ele>185.09</ele><time>2024-09-04T13:15:57Z</time></trkpt><trkpt lat="43.39710236" lon="-5.82102537"><ele>185.08</ele><time>2024-09-04T13:15:58Z</time></trkpt><trkpt lat="43.39712143" lon="-5.82102585"><ele>185.07</ele><time>2024-09-04T13:15:59Z</time></trkpt><trkpt lat="43.39713669" lon="-5.82102919"><ele>185.07</ele><time>2024-09-04T13:16:00Z</time></trkpt><trkpt lat="43.39715576" lon="-5.82103395"><ele>185.07</ele><time>2024-09-04T13:16:01Z</time></trkpt><trkpt lat="43.39717102" lon="-5.82104015"><ele>185.07</ele><time>2024-09-04T13:16:02Z</time></trkpt><trkpt lat="43.39718628" lon="-5.82104731"><ele>185.07</ele><time>2024-09-04T13:16:03Z</time></trkpt><trkpt lat="43.39720154" lon="-5.82105446"><ele>185.07</ele><time>2024-09-04T13:16:04Z</time></trkpt><trkpt lat="43.39721680" lon="-5.82106161"><ele>185.06</ele><time>2024-09-04T13:16:05Z</time></trkpt><trkpt lat="43.39723206" lon="-5.82107067"><ele>185.06</ele><time>2024-09-04T13:16:06Z</time></trkpt><trkpt lat="43.39724350" lon="-5.82108116"><ele>185.06</ele><time>2024-09-04T13:16:07Z</time></trkpt><trkpt lat="43.39725876" lon="-5.82109308"><ele>185.06</ele><time>2024-09-04T13:16:08Z</time></trkpt><trkpt lat="43.39727020" lon="-5.82110596"><ele>185.07</ele><time>2024-09-04T13:16:09Z</time></trkpt><trkpt lat="43.39728546" lon="-5.82111883"><ele>185.07</ele><time>2024-09-04T13:16:10Z</time></trkpt><trkpt lat="43.39729691" lon="-5.82113171"><ele>185.07</ele><time>2024-09-04T13:16:11Z</time></trkpt><trkpt lat="43.39730835" lon="-5.82114220"><ele>185.07</ele><time>2024-09-04T13:16:12Z</time></trkpt><trkpt lat="43.39731979" lon="-5.82115364"><ele>185.07</ele><time>2024-09-04T13:16:13Z</time></trkpt><trkpt lat="43.39733124" lon="-5.82116413"><ele>185.06</ele><time>2024-09-04T13:16:14Z</time></trkpt><trkpt lat="43.39734268" lon="-5.82117081"><ele>185.06</ele><time>2024-09-04T13:16:15Z</time></trkpt><trkpt lat="43.39735031" lon="-5.82117510"><ele>185.06</ele><time>2024-09-04T13:16:16Z</time></trkpt><trkpt lat="43.39736176" lon="-5.82117653"><ele>185.06</ele><time>2024-09-04T13:16:17Z</time></trkpt><trkpt lat="43.39737320" lon="-5.82117701"><ele>185.06</ele><time>2024-09-04T13:16:18Z</time></trkpt><trkpt lat="43.39738083" lon="-5.82117701"><ele>185.05</ele><time>2024-09-04T13:16:19Z</time></trkpt><trkpt lat="43.39739609" lon="-5.82117701"><ele>185.05</ele><time>2024-09-04T13:16:20Z</time></trkpt><trkpt lat="43.39740753" lon="-5.82117558"><ele>185.04</ele><time>2024-09-04T13:16:21Z</time></trkpt><trkpt lat="43.39741898" lon="-5.82117414"><ele>185.04</ele><time>2024-09-04T13:16:22Z</time></trkpt><trkpt lat="43.39743423" lon="-5.82117319"><ele>185.04</ele><time>2024-09-04T13:16:23Z</time></trkpt><trkpt lat="43.39744568" lon="-5.82117224"><ele>185.03</ele><time>2024-09-04T13:16:24Z</time></trkpt><trkpt lat="43.39746094" lon="-5.82117081"><ele>185.03</ele><time>2024-09-04T13:16:25Z</time></trkpt><trkpt lat="43.39747620" lon="-5.82117033"><ele>185.03</ele><time>2024-09-04T13:16:26Z</time></trkpt><trkpt lat="43.39748764" lon="-5.82117033"><ele>185.02</ele><time>2024-09-04T13:16:27Z</time></trkpt><trkpt lat="43.39750290" lon="-5.82117033"><ele>185.02</ele><time>2024-09-04T13:16:28Z</time></trkpt><trkpt lat="43.39751434" lon="-5.82117081"><ele>185.02</ele><time>2024-09-04T13:16:29Z</time></trkpt><trkpt lat="43.39752579" lon="-5.82116604"><ele>185.01</ele><time>2024-09-04T13:16:30Z</time></trkpt><trkpt lat="43.39753342" lon="-5.82115841"><ele>185.00</ele><time>2024-09-04T13:16:31Z</time></trkpt><trkpt lat="43.39754105" lon="-5.82114935"><ele>185.00</ele><time>2024-09-04T13:16:32Z</time></trkpt><trkpt lat="43.39754486" lon="-5.82114077"><ele>184.99</ele><time>2024-09-04T13:16:33Z</time></trkpt><trkpt lat="43.39755249" lon="-5.82113409"><ele>184.99</ele><time>2024-09-04T13:16:34Z</time></trkpt><trkpt lat="43.39755630" lon="-5.82113028"><ele>184.98</ele><time>2024-09-04T13:16:35Z</time></trkpt><trkpt lat="43.39756012" lon="-5.82112885"><ele>184.98</ele><time>2024-09-04T13:16:36Z</time></trkpt><trkpt lat="43.39756775" lon="-5.82112885"><ele>184.98</ele><time>2024-09-04T13:16:37Z</time></trkpt><trkpt lat="43.39757538" lon="-5.82113075"><ele>184.98</ele><time>2024-09-04T13:16:38Z</time></trkpt><trkpt lat="43.39757919" lon="-5.82113361"><ele>184.98</ele><time>2024-09-04T13:16:39Z</time></trkpt><trkpt lat="43.39758682" lon="-5.82113504"><ele>184.97</ele><time>2024-09-04T13:16:40Z</time></trkpt><trkpt lat="43.39759064" lon="-5.82114124"><ele>184.97</ele><time>2024-09-04T13:16:41Z</time></trkpt><trkpt lat="43.39759445" lon="-5.82114601"><ele>184.97</ele><time>2024-09-04T13:16:42Z</time></trkpt><trkpt lat="43.39759445" lon="-5.82115173"><ele>184.97</ele><time>2024-09-04T13:16:43Z</time></trkpt><trkpt lat="43.39759827" lon="-5.82115793"><ele>184.97</ele><time>2024-09-04T13:16:44Z</time></trkpt><trkpt lat="43.39760208" lon="-5.82116556"><ele>184.97</ele><time>2024-09-04T13:16:45Z</time></trkpt><trkpt lat="43.39760208" lon="-5.82117414"><ele>184.97</ele><time>2024-09-04T13:16:46Z</time></trkpt><trkpt lat="43.39760208" lon="-5.82118177"><ele>184.97</ele><time>2024-09-04T13:16:47Z</time></trkpt><trkpt lat="43.39760208" lon="-5.82118702"><ele>184.97</ele><time>2024-09-04T13:16:48Z</time></trkpt><trkpt lat="43.39760208" lon="-5.82119036"><ele>184.97</ele><time>2024-09-04T13:16:49Z</time></trkpt><trkpt lat="43.39760208" lon="-5.82119179"><ele>184.96</ele><time>2024-09-04T13:16:50Z</time></trkpt><trkpt lat="43.39760208" lon="-5.82119179"><ele>184.96</ele><time>2024-09-04T13:16:51Z</time></trkpt><trkpt lat="43.39760208" lon="-5.82119131"><ele>184.96</ele><time>2024-09-04T13:16:52Z</time></trkpt><trkpt lat="43.39760208" lon="-5.82119083"><ele>184.95</ele><time>2024-09-04T13:16:53Z</time></trkpt><trkpt lat="43.39759827" lon="-5.82119036"><ele>184.95</ele><time>2024-09-04T13:16:54Z</time></trkpt><trkpt lat="43.39759827" lon="-5.82118988"><ele>184.95</ele><time>2024-09-04T13:16:55Z</time></trkpt><trkpt lat="43.39760208" lon="-5.82118988"><ele>184.94</ele><time>2024-09-04T13:16:56Z</time></trkpt><trkpt lat="43.39760208" lon="-5.82119036"><ele>184.94</ele><time>2024-09-04T13:16:57Z</time></trkpt><trkpt lat="43.39760208" lon="-5.82119083"><ele>184.94</ele><time>2024-09-04T13:16:58Z</time></trkpt><trkpt lat="43.39760590" lon="-5.82118940"><ele>184.94</ele><time>2024-09-04T13:16:59Z</time></trkpt><trkpt lat="43.39761353" lon="-5.82119083"><ele>184.94</ele><time>2024-09-04T13:17:00Z</time></trkpt><trkpt lat="43.39761734" lon="-5.82119989"><ele>184.94</ele><time>2024-09-04T13:17:01Z</time></trkpt><trkpt lat="43.39762115" lon="-5.82120991"><ele>184.93</ele><time>2024-09-04T13:17:02Z</time></trkpt><trkpt lat="43.39762497" lon="-5.82121801"><ele>184.93</ele><time>2024-09-04T13:17:03Z</time></trkpt><trkpt lat="43.39763260" lon="-5.82122135"><ele>184.93</ele><time>2024-09-04T13:17:04Z</time></trkpt><trkpt lat="43.39764023" lon="-5.82122087"><ele>184.93</ele><time>2024-09-04T13:17:05Z</time></trkpt><trkpt lat="43.39764404" lon="-5.82121706"><ele>184.92</ele><time>2024-09-04T13:17:06Z</time></trkpt><trkpt lat="43.39765167" lon="-5.82121277"><ele>184.92</ele><time>2024-09-04T13:17:07Z</time></trkpt><trkpt lat="43.39765930" lon="-5.82120752"><ele>184.92</ele><time>2024-09-04T13:17:08Z</time></trkpt><trkpt lat="43.39766312" lon="-5.82120275"><ele>184.91</ele><time>2024-09-04T13:17:09Z</time></trkpt><trkpt lat="43.39767075" lon="-5.82119942"><ele>184.91</ele><time>2024-09-04T13:17:10Z</time></trkpt><trkpt lat="43.39767456" lon="-5.82119799"><ele>184.91</ele><time>2024-09-04T13:17:11Z</time></trkpt><trkpt lat="43.39767838" lon="-5.82119370"><ele>184.90</ele><time>2024-09-04T13:17:12Z</time></trkpt><trkpt lat="43.39768600" lon="-5.82118368"><ele>184.90</ele><time>2024-09-04T13:17:13Z</time></trkpt><trkpt lat="43.39769745" lon="-5.82117128"><ele>184.89</ele><time>2024-09-04T13:17:14Z</time></trkpt><trkpt lat="43.39770508" lon="-5.82115889"><ele>184.88</ele><time>2024-09-04T13:17:15Z</time></trkpt><trkpt lat="43.39771652" lon="-5.82114792"><ele>184.87</ele><time>2024-09-04T13:17:16Z</time></trkpt><trkpt lat="43.39772797" lon="-5.82113981"><ele>184.86</ele><time>2024-09-04T13:17:17Z</time></trkpt><trkpt lat="43.39773560" lon="-5.82113218"><ele>184.86</ele><time>2024-09-04T13:17:18Z</time></trkpt><trkpt lat="43.39774704" lon="-5.82112455"><ele>184.85</ele><time>2024-09-04T13:17:19Z</time></trkpt><trkpt lat="43.39775848" lon="-5.82111788"><ele>184.85</ele><time>2024-09-04T13:17:20Z</time></trkpt><trkpt lat="43.39776611" lon="-5.82111263"><ele>184.85</ele><time>2024-09-04T13:17:21Z</time></trkpt><trkpt lat="43.39777756" lon="-5.82111025"><ele>184.85</ele><time>2024-09-04T13:17:22Z</time></trkpt><trkpt lat="43.39778900" lon="-5.82111120"><ele>184.85</ele><time>2024-09-04T13:17:23Z</time></trkpt><trkpt lat="43.39780426" lon="-5.82111502"><ele>184.85</ele><time>2024-09-04T13:17:24Z</time></trkpt><trkpt lat="43.39781570" lon="-5.82112122"><ele>184.84</ele><time>2024-09-04T13:17:25Z</time></trkpt><trkpt lat="43.39783096" lon="-5.82112360"><ele>184.84</ele><time>2024-09-04T13:17:26Z</time></trkpt><trkpt lat="43.39785004" lon="-5.82112598"><ele>184.84</ele><time>2024-09-04T13:17:27Z</time></trkpt><trkpt lat="43.39786530" lon="-5.82112741"><ele>184.83</ele><time>2024-09-04T13:17:28Z</time></trkpt><trkpt lat="43.39788055" lon="-5.82112885"><ele>184.83</ele><time>2024-09-04T13:17:29Z</time></trkpt><trkpt lat="43.39789581" lon="-5.82113171"><ele>184.83</ele><time>2024-09-04T13:17:30Z</time></trkpt><trkpt lat="43.39791107" lon="-5.82113600"><ele>184.83</ele><time>2024-09-04T13:17:31Z</time></trkpt><trkpt lat="43.39792633" lon="-5.82114315"><ele>184.83</ele><time>2024-09-04T13:17:32Z</time></trkpt><trkpt lat="43.39794540" lon="-5.82115030"><ele>184.82</ele><time>2024-09-04T13:17:33Z</time></trkpt><trkpt lat="43.39796066" lon="-5.82115698"><ele>184.82</ele><time>2024-09-04T13:17:34Z</time></trkpt><trkpt lat="43.39797592" lon="-5.82116175"><ele>184.82</ele><time>2024-09-04T13:17:35Z</time></trkpt><trkpt lat="43.39799118" lon="-5.82116556"><ele>184.82</ele><time>2024-09-04T13:17:36Z</time></trkpt><trkpt lat="43.39800644" lon="-5.82116842"><ele>184.82</ele><time>2024-09-04T13:17:37Z</time></trkpt><trkpt lat="43.39802551" lon="-5.82116985"><ele>184.81</ele><time>2024-09-04T13:17:38Z</time></trkpt><trkpt lat="43.39803696" lon="-5.82117033"><ele>184.81</ele><time>2024-09-04T13:17:39Z</time></trkpt><trkpt lat="43.39805222" lon="-5.82116985"><ele>184.81</ele><time>2024-09-04T13:17:40Z</time></trkpt><trkpt lat="43.39806747" lon="-5.82116985"><ele>184.80</ele><time>2024-09-04T13:17:41Z</time></trkpt><trkpt lat="43.39808273" lon="-5.82117033"><ele>184.80</ele><time>2024-09-04T13:17:42Z</time></trkpt><trkpt lat="43.39809799" lon="-5.82117033"><ele>184.80</ele><time>2024-09-04T13:17:43Z</time></trkpt><trkpt lat="43.39811325" lon="-5.82117033"><ele>184.80</ele><time>2024-09-04T13:17:44Z</time></trkpt><trkpt lat="43.39812851" lon="-5.82117033"><ele>184.79</ele><time>2024-09-04T13:17:45Z</time></trkpt><trkpt lat="43.39814377" lon="-5.82116890"><ele>184.79</ele><time>2024-09-04T13:17:46Z</time></trkpt><trkpt lat="43.39815903" lon="-5.82116795"><ele>184.79</ele><time>2024-09-04T13:17:47Z</time></trkpt><trkpt lat="43.39817429" lon="-5.82116699"><ele>184.79</ele><time>2024-09-04T13:17:48Z</time></trkpt><trkpt lat="43.39818954" lon="-5.82116604"><ele>184.78</ele><time>2024-09-04T13:17:49Z</time></trkpt><trkpt lat="43.39820099" lon="-5.82116604"><ele>184.78</ele><time>2024-09-04T13:17:50Z</time></trkpt><trkpt lat="43.39822006" lon="-5.82116604"><ele>184.78</ele><time>2024-09-04T13:17:51Z</time></trkpt><trkpt lat="43.39823151" lon="-5.82116699"><ele>184.78</ele><time>2024-09-04T13:17:52Z</time></trkpt><trkpt lat="43.39824677" lon="-5.82116747"><ele>184.78</ele><time>2024-09-04T13:17:53Z</time></trkpt><trkpt lat="43.39826202" lon="-5.82116890"><ele>184.77</ele><time>2024-09-04T13:17:54Z</time></trkpt><trkpt lat="43.39827728" lon="-5.82117033"><ele>184.77</ele><time>2024-09-04T13:17:55Z</time></trkpt><trkpt lat="43.39829254" lon="-5.82117033"><ele>184.77</ele><time>2024-09-04T13:17:56Z</time></trkpt><trkpt lat="43.39830780" lon="-5.82117081"><ele>184.77</ele><time>2024-09-04T13:17:57Z</time></trkpt><trkpt lat="43.39832306" lon="-5.82117081"><ele>184.76</ele><time>2024-09-04T13:17:58Z</time></trkpt><trkpt lat="43.39833832" lon="-5.82117081"><ele>184.76</ele><time>2024-09-04T13:17:59Z</time></trkpt><trkpt lat="43.39835358" lon="-5.82117128"><ele>184.76</ele><time>2024-09-04T13:18:00Z</time></trkpt><trkpt lat="43.39836502" lon="-5.82117128"><ele>184.76</ele><time>2024-09-04T13:18:01Z</time></trkpt><trkpt lat="43.39838028" lon="-5.82117176"><ele>184.76</ele><time>2024-09-04T13:18:02Z</time></trkpt><trkpt lat="43.39839554" lon="-5.82117224"><ele>184.75</ele><time>2024-09-04T13:18:03Z</time></trkpt><trkpt lat="43.39841080" lon="-5.82117271"><ele>184.75</ele><time>2024-09-04T13:18:04Z</time></trkpt><trkpt lat="43.39842224" lon="-5.82117367"><ele>184.75</ele><time>2024-09-04T13:18:05Z</time></trkpt><trkpt lat="43.39843750" lon="-5.82117414"><ele>184.75</ele><time>2024-09-04T13:18:06Z</time></trkpt><trkpt lat="43.39845276" lon="-5.82117462"><ele>184.75</ele><time>2024-09-04T13:18:07Z</time></trkpt><trkpt lat="43.39846802" lon="-5.82117605"><ele>184.74</ele><time>2024-09-04T13:18:08Z</time></trkpt><trkpt lat="43.39848328" lon="-5.82117748"><ele>184.74</ele><time>2024-09-04T13:18:09Z</time></trkpt><trkpt lat="43.39849854" lon="-5.82117987"><ele>184.74</ele><time>2024-09-04T13:18:10Z</time></trkpt><trkpt lat="43.39851379" lon="-5.82118273"><ele>184.74</ele><time>2024-09-04T13:18:11Z</time></trkpt><trkpt lat="43.39852905" lon="-5.82118559"><ele>184.74</ele><time>2024-09-04T13:18:12Z</time></trkpt><trkpt lat="43.39854431" lon="-5.82118797"><ele>184.74</ele><time>2024-09-04T13:18:13Z</time></trkpt><trkpt lat="43.39855576" lon="-5.82118988"><ele>184.74</ele><time>2024-09-04T13:18:14Z</time></trkpt><trkpt lat="43.39857101" lon="-5.82119417"><ele>184.73</ele><time>2024-09-04T13:18:15Z</time></trkpt><trkpt lat="43.39858627" lon="-5.82119894"><ele>184.73</ele><time>2024-09-04T13:18:16Z</time></trkpt><trkpt lat="43.39860153" lon="-5.82120419"><ele>184.73</ele><time>2024-09-04T13:18:17Z</time></trkpt><trkpt lat="43.39861679" lon="-5.82120991"><ele>184.72</ele><time>2024-09-04T13:18:18Z</time></trkpt><trkpt lat="43.39863205" lon="-5.82121611"><ele>184.72</ele><time>2024-09-04T13:18:19Z</time></trkpt><trkpt lat="43.39864731" lon="-5.82122278"><ele>184.72</ele><time>2024-09-04T13:18:20Z</time></trkpt><trkpt lat="43.39866257" lon="-5.82122898"><ele>184.72</ele><time>2024-09-04T13:18:21Z</time></trkpt><trkpt lat="43.39867401" lon="-5.82123518"><ele>184.72</ele><time>2024-09-04T13:18:22Z</time></trkpt><trkpt lat="43.39868927" lon="-5.82124186"><ele>184.72</ele><time>2024-09-04T13:18:23Z</time></trkpt><trkpt lat="43.39870453" lon="-5.82124996"><ele>184.72</ele><time>2024-09-04T13:18:24Z</time></trkpt><trkpt lat="43.39871597" lon="-5.82125998"><ele>184.72</ele><time>2024-09-04T13:18:25Z</time></trkpt><trkpt lat="43.39872360" lon="-5.82127237"><ele>184.72</ele><time>2024-09-04T13:18:26Z</time></trkpt><trkpt lat="43.39873123" lon="-5.82128668"><ele>184.72</ele><time>2024-09-04T13:18:27Z</time></trkpt><trkpt lat="43.39873886" lon="-5.82130241"><ele>184.72</ele><time>2024-09-04T13:18:28Z</time></trkpt><trkpt lat="43.39874649" lon="-5.82131958"><ele>184.72</ele><time>2024-09-04T13:18:29Z</time></trkpt><trkpt lat="43.39875031" lon="-5.82133818"><ele>184.72</ele><time>2024-09-04T13:18:30Z</time></trkpt><trkpt lat="43.39875793" lon="-5.82135820"><ele>184.72</ele><time>2024-09-04T13:18:31Z</time></trkpt><trkpt lat="43.39875793" lon="-5.82137918"><ele>184.72</ele><time>2024-09-04T13:18:32Z</time></trkpt><trkpt lat="43.39876175" lon="-5.82140112"><ele>184.71</ele><time>2024-09-04T13:18:33Z</time></trkpt><trkpt lat="43.39876556" lon="-5.82142353"><ele>184.71</ele><time>2024-09-04T13:18:34Z</time></trkpt><trkpt lat="43.39876938" lon="-5.82144642"><ele>184.71</ele><time>2024-09-04T13:18:35Z</time></trkpt><trkpt lat="43.39876938" lon="-5.82146835"><ele>184.71</ele><time>2024-09-04T13:18:36Z</time></trkpt><trkpt lat="43.39876938" lon="-5.82149076"><ele>184.71</ele><time>2024-09-04T13:18:37Z</time></trkpt><trkpt lat="43.39876556" lon="-5.82151222"><ele>184.70</ele><time>2024-09-04T13:18:38Z</time></trkpt><trkpt lat="43.39876175" lon="-5.82153225"><ele>184.70</ele><time>2024-09-04T13:18:39Z</time></trkpt><trkpt lat="43.39875793" lon="-5.82155180"><ele>184.70</ele><time>2024-09-04T13:18:40Z</time></trkpt><trkpt lat="43.39875412" lon="-5.82157183"><ele>184.70</ele><time>2024-09-04T13:18:41Z</time></trkpt><trkpt lat="43.39874649" lon="-5.82159042"><ele>184.70</ele><time>2024-09-04T13:18:42Z</time></trkpt><trkpt lat="43.39873886" lon="-5.82160807"><ele>184.70</ele><time>2024-09-04T13:18:43Z</time></trkpt><trkpt lat="43.39873123" lon="-5.82162428"><ele>184.70</ele><time>2024-09-04T13:18:44Z</time></trkpt><trkpt lat="43.39872360" lon="-5.82164001"><ele>184.70</ele><time>2024-09-04T13:18:45Z</time></trkpt><trkpt lat="43.39871216" lon="-5.82165480"><ele>184.70</ele><time>2024-09-04T13:18:46Z</time></trkpt><trkpt lat="43.39870071" lon="-5.82166910"><ele>184.70</ele><time>2024-09-04T13:18:47Z</time></trkpt><trkpt lat="43.39868546" lon="-5.82168293"><ele>184.69</ele><time>2024-09-04T13:18:48Z</time></trkpt><trkpt lat="43.39867401" lon="-5.82169724"><ele>184.69</ele><time>2024-09-04T13:18:49Z</time></trkpt><trkpt lat="43.39865875" lon="-5.82171106"><ele>184.68</ele><time>2024-09-04T13:18:50Z</time></trkpt><trkpt lat="43.39864731" lon="-5.82172441"><ele>184.68</ele><time>2024-09-04T13:18:51Z</time></trkpt><trkpt lat="43.39863205" lon="-5.82173824"><ele>184.68</ele><time>2024-09-04T13:18:52Z</time></trkpt><trkpt lat="43.39862061" lon="-5.82175207"><ele>184.68</ele><time>2024-09-04T13:18:53Z</time></trkpt><trkpt lat="43.39860535" lon="-5.82176638"><ele>184.68</ele><time>2024-09-04T13:18:54Z</time></trkpt><trkpt lat="43.39859390" lon="-5.82178116"><ele>184.67</ele><time>2024-09-04T13:18:55Z</time></trkpt><trkpt lat="43.39858246" lon="-5.82179642"><ele>184.67</ele><time>2024-09-04T13:18:56Z</time></trkpt><trkpt lat="43.39857101" lon="-5.82181168"><ele>184.67</ele><time>2024-09-04T13:18:57Z</time></trkpt><trkpt lat="43.39855957" lon="-5.82182646"><ele>184.62</ele><time>2024-09-04T13:18:58Z</time></trkpt><trkpt lat="43.39854813" lon="-5.82184172"><ele>184.61</ele><time>2024-09-04T13:18:59Z</time></trkpt><trkpt lat="43.39854050" lon="-5.82185698"><ele>184.61</ele><time>2024-09-04T13:19:00Z</time></trkpt><trkpt lat="43.39852905" lon="-5.82187223"><ele>184.60</ele><time>2024-09-04T13:19:01Z</time></trkpt><trkpt lat="43.39851761" lon="-5.82188702"><ele>184.60</ele><time>2024-09-04T13:19:02Z</time></trkpt><trkpt lat="43.39850616" lon="-5.82190180"><ele>184.60</ele><time>2024-09-04T13:19:03Z</time></trkpt><trkpt lat="43.39849854" lon="-5.82191610"><ele>184.60</ele><time>2024-09-04T13:19:04Z</time></trkpt><trkpt lat="43.39848709" lon="-5.82193041"><ele>184.60</ele><time>2024-09-04T13:19:05Z</time></trkpt><trkpt lat="43.39847565" lon="-5.82194471"><ele>184.60</ele><time>2024-09-04T13:19:06Z</time></trkpt><trkpt lat="43.39846802" lon="-5.82195902"><ele>184.57</ele><time>2024-09-04T13:19:07Z</time></trkpt><trkpt lat="43.39845657" lon="-5.82197428"><ele>184.55</ele><time>2024-09-04T13:19:08Z</time></trkpt><trkpt lat="43.39844894" lon="-5.82198954"><ele>184.54</ele><time>2024-09-04T13:19:09Z</time></trkpt><trkpt lat="43.39843750" lon="-5.82200527"><ele>184.52</ele><time>2024-09-04T13:19:10Z</time></trkpt><trkpt lat="43.39842987" lon="-5.82202053"><ele>184.52</ele><time>2024-09-04T13:19:11Z</time></trkpt><trkpt lat="43.39842224" lon="-5.82203674"><ele>184.51</ele><time>2024-09-04T13:19:12Z</time></trkpt><trkpt lat="43.39841461" lon="-5.82205343"><ele>184.51</ele><time>2024-09-04T13:19:13Z</time></trkpt><trkpt lat="43.39840698" lon="-5.82207012"><ele>184.47</ele><time>2024-09-04T13:19:14Z</time></trkpt><trkpt lat="43.39839935" lon="-5.82208681"><ele>184.46</ele><time>2024-09-04T13:19:15Z</time></trkpt><trkpt lat="43.39839172" lon="-5.82210398"><ele>184.38</ele><time>2024-09-04T13:19:16Z</time></trkpt><trkpt lat="43.39838409" lon="-5.82212067"><ele>184.37</ele><time>2024-09-04T13:19:17Z</time></trkpt><trkpt lat="43.39837646" lon="-5.82213736"><ele>184.35</ele><time>2024-09-04T13:19:18Z</time></trkpt><trkpt lat="43.39836884" lon="-5.82215452"><ele>184.29</ele><time>2024-09-04T13:19:19Z</time></trkpt><trkpt lat="43.39835739" lon="-5.82217121"><ele>184.29</ele><time>2024-09-04T13:19:20Z</time></trkpt><trkpt lat="43.39834976" lon="-5.82218790"><ele>184.28</ele><time>2024-09-04T13:19:21Z</time></trkpt><trkpt lat="43.39834213" lon="-5.82220507"><ele>184.28</ele><time>2024-09-04T13:19:22Z</time></trkpt><trkpt lat="43.39833450" lon="-5.82222271"><ele>184.28</ele><time>2024-09-04T13:19:23Z</time></trkpt><trkpt lat="43.39832687" lon="-5.82224083"><ele>184.27</ele><time>2024-09-04T13:19:24Z</time></trkpt><trkpt lat="43.39831924" lon="-5.82225895"><ele>184.27</ele><time>2024-09-04T13:19:25Z</time></trkpt><trkpt lat="43.39831161" lon="-5.82227707"><ele>184.19</ele><time>2024-09-04T13:19:26Z</time></trkpt><trkpt lat="43.39830399" lon="-5.82229519"><ele>184.12</ele><time>2024-09-04T13:19:27Z</time></trkpt><trkpt lat="43.39830017" lon="-5.82231283"><ele>184.12</ele><time>2024-09-04T13:19:28Z</time></trkpt><trkpt lat="43.39829254" lon="-5.82233047"><ele>184.10</ele><time>2024-09-04T13:19:29Z</time></trkpt><trkpt lat="43.39828491" lon="-5.82234859"><ele>184.10</ele><time>2024-09-04T13:19:30Z</time></trkpt><trkpt lat="43.39827728" lon="-5.82236671"><ele>184.06</ele><time>2024-09-04T13:19:31Z</time></trkpt><trkpt lat="43.39827347" lon="-5.82238483"><ele>184.04</ele><time>2024-09-04T13:19:32Z</time></trkpt><trkpt lat="43.39826584" lon="-5.82240295"><ele>184.02</ele><time>2024-09-04T13:19:33Z</time></trkpt><trkpt lat="43.39825821" lon="-5.82242060"><ele>184.02</ele><time>2024-09-04T13:19:34Z</time></trkpt><trkpt lat="43.39825439" lon="-5.82243824"><ele>184.02</ele><time>2024-09-04T13:19:35Z</time></trkpt><trkpt lat="43.39824677" lon="-5.82245541"><ele>184.03</ele><time>2024-09-04T13:19:36Z</time></trkpt><trkpt lat="43.39823914" lon="-5.82247305"><ele>184.03</ele><time>2024-09-04T13:19:37Z</time></trkpt><trkpt lat="43.39823151" lon="-5.82249022"><ele>184.02</ele><time>2024-09-04T13:19:38Z</time></trkpt><trkpt lat="43.39822388" lon="-5.82250690"><ele>184.02</ele><time>2024-09-04T13:19:39Z</time></trkpt><trkpt lat="43.39821625" lon="-5.82252455"><ele>184.02</ele><time>2024-09-04T13:19:40Z</time></trkpt><trkpt lat="43.39820862" lon="-5.82254076"><ele>184.00</ele><time>2024-09-04T13:19:41Z</time></trkpt><trkpt lat="43.39820099" lon="-5.82255745"><ele>183.98</ele><time>2024-09-04T13:19:42Z</time></trkpt><trkpt lat="43.39819336" lon="-5.82257414"><ele>183.99</ele><time>2024-09-04T13:19:43Z</time></trkpt><trkpt lat="43.39818954" lon="-5.82259130"><ele>183.99</ele><time>2024-09-04T13:19:44Z</time></trkpt><trkpt lat="43.39818192" lon="-5.82260942"><ele>183.99</ele><time>2024-09-04T13:19:45Z</time></trkpt><trkpt lat="43.39817810" lon="-5.82262707"><ele>183.99</ele><time>2024-09-04T13:19:46Z</time></trkpt><trkpt lat="43.39817429" lon="-5.82264566"><ele>183.97</ele><time>2024-09-04T13:19:47Z</time></trkpt><trkpt lat="43.39817047" lon="-5.82266426"><ele>183.97</ele><time>2024-09-04T13:19:48Z</time></trkpt><trkpt lat="43.39817047" lon="-5.82268286"><ele>183.97</ele><time>2024-09-04T13:19:49Z</time></trkpt><trkpt lat="43.39816666" lon="-5.82270193"><ele>183.98</ele><time>2024-09-04T13:19:50Z</time></trkpt><trkpt lat="43.39816666" lon="-5.82272100"><ele>183.99</ele><time>2024-09-04T13:19:51Z</time></trkpt><trkpt lat="43.39816666" lon="-5.82274055"><ele>184.00</ele><time>2024-09-04T13:19:52Z</time></trkpt><trkpt lat="43.39816666" lon="-5.82275963"><ele>184.00</ele><time>2024-09-04T13:19:53Z</time></trkpt><trkpt lat="43.39817047" lon="-5.82277822"><ele>184.00</ele><time>2024-09-04T13:19:54Z</time></trkpt><trkpt lat="43.39817047" lon="-5.82279682"><ele>184.00</ele><time>2024-09-04T13:19:55Z</time></trkpt><trkpt lat="43.39817429" lon="-5.82281542"><ele>184.00</ele><time>2024-09-04T13:19:56Z</time></trkpt><trkpt lat="43.39817810" lon="-5.82283401"><ele>184.00</ele><time>2024-09-04T13:19:57Z</time></trkpt><trkpt lat="43.39818573" lon="-5.82285213"><ele>183.94</ele><time>2024-09-04T13:19:58Z</time></trkpt><trkpt lat="43.39818954" lon="-5.82287073"><ele>183.94</ele><time>2024-09-04T13:19:59Z</time></trkpt><trkpt lat="43.39819717" lon="-5.82288933"><ele>183.94</ele><time>2024-09-04T13:20:00Z</time></trkpt><trkpt lat="43.39820099" lon="-5.82290888"><ele>183.88</ele><time>2024-09-04T13:20:01Z</time></trkpt><trkpt lat="43.39820862" lon="-5.82292747"><ele>183.88</ele><time>2024-09-04T13:20:02Z</time></trkpt><trkpt lat="43.39821243" lon="-5.82294703"><ele>183.87</ele><time>2024-09-04T13:20:03Z</time></trkpt><trkpt lat="43.39821625" lon="-5.82296658"><ele>183.87</ele><time>2024-09-04T13:20:04Z</time></trkpt><trkpt lat="43.39822388" lon="-5.82298613"><ele>183.87</ele><time>2024-09-04T13:20:05Z</time></trkpt><trkpt lat="43.39822769" lon="-5.82300568"><ele>183.86</ele><time>2024-09-04T13:20:06Z</time></trkpt><trkpt lat="43.39823532" lon="-5.82302523"><ele>183.86</ele><time>2024-09-04T13:20:07Z</time></trkpt><trkpt lat="43.39823914" lon="-5.82304430"><ele>183.86</ele><time>2024-09-04T13:20:08Z</time></trkpt><trkpt lat="43.39824295" lon="-5.82306337"><ele>183.87</ele><time>2024-09-04T13:20:09Z</time></trkpt><trkpt lat="43.39824677" lon="-5.82308245"><ele>183.87</ele><time>2024-09-04T13:20:10Z</time></trkpt><trkpt lat="43.39825439" lon="-5.82310057"><ele>183.87</ele><time>2024-09-04T13:20:11Z</time></trkpt><trkpt lat="43.39825821" lon="-5.82311916"><ele>183.87</ele><time>2024-09-04T13:20:12Z</time></trkpt><trkpt lat="43.39826584" lon="-5.82313728"><ele>183.87</ele><time>2024-09-04T13:20:13Z</time></trkpt><trkpt lat="43.39826965" lon="-5.82315445"><ele>183.87</ele><time>2024-09-04T13:20:14Z</time></trkpt><trkpt lat="43.39827728" lon="-5.82317209"><ele>183.85</ele><time>2024-09-04T13:20:15Z</time></trkpt><trkpt lat="43.39828491" lon="-5.82318974"><ele>183.85</ele><time>2024-09-04T13:20:16Z</time></trkpt><trkpt lat="43.39828873" lon="-5.82320690"><ele>183.84</ele><time>2024-09-04T13:20:17Z</time></trkpt><trkpt lat="43.39829636" lon="-5.82322502"><ele>183.84</ele><time>2024-09-04T13:20:18Z</time></trkpt><trkpt lat="43.39830399" lon="-5.82324362"><ele>183.86</ele><time>2024-09-04T13:20:19Z</time></trkpt><trkpt lat="43.39830780" lon="-5.82326221"><ele>183.87</ele><time>2024-09-04T13:20:20Z</time></trkpt><trkpt lat="43.39831543" lon="-5.82328081"><ele>183.86</ele><time>2024-09-04T13:20:21Z</time></trkpt><trkpt lat="43.39832306" lon="-5.82329988"><ele>183.86</ele><time>2024-09-04T13:20:22Z</time></trkpt><trkpt lat="43.39833069" lon="-5.82331896"><ele>183.84</ele><time>2024-09-04T13:20:23Z</time></trkpt><trkpt lat="43.39833832" lon="-5.82333803"><ele>183.84</ele><time>2024-09-04T13:20:24Z</time></trkpt><trkpt lat="43.39834595" lon="-5.82335711"><ele>183.84</ele><time>2024-09-04T13:20:25Z</time></trkpt><trkpt lat="43.39834976" lon="-5.82337618"><ele>183.83</ele><time>2024-09-04T13:20:26Z</time></trkpt><trkpt lat="43.39835739" lon="-5.82339478"><ele>183.85</ele><time>2024-09-04T13:20:27Z</time></trkpt><trkpt lat="43.39836502" lon="-5.82341433"><ele>183.85</ele><time>2024-09-04T13:20:28Z</time></trkpt><trkpt lat="43.39837265" lon="-5.82343388"><ele>183.85</ele><time>2024-09-04T13:20:29Z</time></trkpt><trkpt lat="43.39838028" lon="-5.82345390"><ele>183.85</ele><time>2024-09-04T13:20:30Z</time></trkpt><trkpt lat="43.39838409" lon="-5.82347393"><ele>183.84</ele><time>2024-09-04T13:20:31Z</time></trkpt><trkpt lat="43.39839172" lon="-5.82349396"><ele>183.85</ele><time>2024-09-04T13:20:32Z</time></trkpt><trkpt lat="43.39839935" lon="-5.82351398"><ele>183.85</ele><time>2024-09-04T13:20:33Z</time></trkpt><trkpt lat="43.39840698" lon="-5.82353306"><ele>183.84</ele><time>2024-09-04T13:20:34Z</time></trkpt><trkpt lat="43.39841461" lon="-5.82355165"><ele>183.84</ele><time>2024-09-04T13:20:35Z</time></trkpt><trkpt lat="43.39842224" lon="-5.82357073"><ele>183.84</ele><time>2024-09-04T13:20:36Z</time></trkpt><trkpt lat="43.39842606" lon="-5.82359028"><ele>183.84</ele><time>2024-09-04T13:20:37Z</time></trkpt><trkpt lat="43.39843369" lon="-5.82360983"><ele>183.84</ele><time>2024-09-04T13:20:38Z</time></trkpt><trkpt lat="43.39844131" lon="-5.82362986"><ele>183.84</ele><time>2024-09-04T13:20:39Z</time></trkpt><trkpt lat="43.39844894" lon="-5.82364988"><ele>183.83</ele><time>2024-09-04T13:20:40Z</time></trkpt><trkpt lat="43.39845657" lon="-5.82366943"><ele>183.83</ele><time>2024-09-04T13:20:41Z</time></trkpt><trkpt lat="43.39846420" lon="-5.82368898"><ele>183.80</ele><time>2024-09-04T13:20:42Z</time></trkpt><trkpt lat="43.39847183" lon="-5.82370806"><ele>183.80</ele><time>2024-09-04T13:20:43Z</time></trkpt><trkpt lat="43.39847946" lon="-5.82372713"><ele>183.79</ele><time>2024-09-04T13:20:44Z</time></trkpt><trkpt lat="43.39848328" lon="-5.82374573"><ele>183.79</ele><time>2024-09-04T13:20:45Z</time></trkpt><trkpt lat="43.39849091" lon="-5.82376480"><ele>183.80</ele><time>2024-09-04T13:20:46Z</time></trkpt><trkpt lat="43.39849854" lon="-5.82378387"><ele>183.81</ele><time>2024-09-04T13:20:47Z</time></trkpt><trkpt lat="43.39850616" lon="-5.82380295"><ele>183.82</ele><time>2024-09-04T13:20:48Z</time></trkpt><trkpt lat="43.39851379" lon="-5.82382250"><ele>183.82</ele><time>2024-09-04T13:20:49Z</time></trkpt><trkpt lat="43.39851761" lon="-5.82384253"><ele>183.81</ele><time>2024-09-04T13:20:50Z</time></trkpt><trkpt lat="43.39852524" lon="-5.82386208"><ele>183.81</ele><time>2024-09-04T13:20:51Z</time></trkpt><trkpt lat="43.39853287" lon="-5.82388210"><ele>183.82</ele><time>2024-09-04T13:20:52Z</time></trkpt><trkpt lat="43.39853668" lon="-5.82390165"><ele>183.81</ele><time>2024-09-04T13:20:53Z</time></trkpt><trkpt lat="43.39854431" lon="-5.82392073"><ele>183.81</ele><time>2024-09-04T13:20:54Z</time></trkpt><trkpt lat="43.39854813" lon="-5.82394028"><ele>183.77</ele><time>2024-09-04T13:20:55Z</time></trkpt><trkpt lat="43.39855576" lon="-5.82395935"><ele>183.77</ele><time>2024-09-04T13:20:56Z</time></trkpt><trkpt lat="43.39855957" lon="-5.82397938"><ele>183.76</ele><time>2024-09-04T13:20:57Z</time></trkpt><trkpt lat="43.39856339" lon="-5.82399845"><ele>183.76</ele><time>2024-09-04T13:20:58Z</time></trkpt><trkpt lat="43.39856720" lon="-5.82401800"><ele>183.77</ele><time>2024-09-04T13:20:59Z</time></trkpt><trkpt lat="43.39857483" lon="-5.82403803"><ele>183.77</ele><time>2024-09-04T13:21:00Z</time></trkpt><trkpt lat="43.39858246" lon="-5.82405806"><ele>183.76</ele><time>2024-09-04T13:21:01Z</time></trkpt><trkpt lat="43.39858627" lon="-5.82407713"><ele>183.76</ele><time>2024-09-04T13:21:02Z</time></trkpt><trkpt lat="43.39859390" lon="-5.82409620"><ele>183.75</ele><time>2024-09-04T13:21:03Z</time></trkpt><trkpt lat="43.39860153" lon="-5.82411528"><ele>183.72</ele><time>2024-09-04T13:21:04Z</time></trkpt><trkpt lat="43.39860535" lon="-5.82413483"><ele>183.71</ele><time>2024-09-04T13:21:05Z</time></trkpt><trkpt lat="43.39861298" lon="-5.82415390"><ele>183.70</ele><time>2024-09-04T13:21:06Z</time></trkpt><trkpt lat="43.39862061" lon="-5.82417345"><ele>183.70</ele><time>2024-09-04T13:21:07Z</time></trkpt><trkpt lat="43.39862442" lon="-5.82419252"><ele>183.70</ele><time>2024-09-04T13:21:08Z</time></trkpt><trkpt lat="43.39863205" lon="-5.82421160"><ele>183.71</ele><time>2024-09-04T13:21:09Z</time></trkpt><trkpt lat="43.39863968" lon="-5.82423067"><ele>183.71</ele><time>2024-09-04T13:21:10Z</time></trkpt><trkpt lat="43.39864349" lon="-5.82424974"><ele>183.70</ele><time>2024-09-04T13:21:11Z</time></trkpt><trkpt lat="43.39865494" lon="-5.82426834"><ele>183.69</ele><time>2024-09-04T13:21:12Z</time></trkpt><trkpt lat="43.39865875" lon="-5.82428646"><ele>183.69</ele><time>2024-09-04T13:21:13Z</time></trkpt><trkpt lat="43.39866638" lon="-5.82430363"><ele>183.69</ele><time>2024-09-04T13:21:14Z</time></trkpt><trkpt lat="43.39867401" lon="-5.82432127"><ele>183.68</ele><time>2024-09-04T13:21:15Z</time></trkpt><trkpt lat="43.39868164" lon="-5.82433844"><ele>183.68</ele><time>2024-09-04T13:21:16Z</time></trkpt><trkpt lat="43.39868927" lon="-5.82435560"><ele>183.67</ele><time>2024-09-04T13:21:17Z</time></trkpt><trkpt lat="43.39869690" lon="-5.82437277"><ele>183.62</ele><time>2024-09-04T13:21:18Z</time></trkpt><trkpt lat="43.39870453" lon="-5.82438946"><ele>183.62</ele><time>2024-09-04T13:21:19Z</time></trkpt><trkpt lat="43.39871216" lon="-5.82440615"><ele>183.62</ele><time>2024-09-04T13:21:20Z</time></trkpt><trkpt lat="43.39871979" lon="-5.82442331"><ele>183.62</ele><time>2024-09-04T13:21:21Z</time></trkpt><trkpt lat="43.39873123" lon="-5.82444000"><ele>183.63</ele><time>2024-09-04T13:21:22Z</time></trkpt><trkpt lat="43.39873886" lon="-5.82445621"><ele>183.63</ele><time>2024-09-04T13:21:23Z</time></trkpt><trkpt lat="43.39875031" lon="-5.82447147"><ele>183.63</ele><time>2024-09-04T13:21:24Z</time></trkpt><trkpt lat="43.39875793" lon="-5.82448673"><ele>183.62</ele><time>2024-09-04T13:21:25Z</time></trkpt><trkpt lat="43.39876938" lon="-5.82450247"><ele>183.61</ele><time>2024-09-04T13:21:26Z</time></trkpt><trkpt lat="43.39878082" lon="-5.82451773"><ele>183.60</ele><time>2024-09-04T13:21:27Z</time></trkpt><trkpt lat="43.39879227" lon="-5.82453203"><ele>183.59</ele><time>2024-09-04T13:21:28Z</time></trkpt><trkpt lat="43.39880371" lon="-5.82454681"><ele>183.59</ele><time>2024-09-04T13:21:29Z</time></trkpt><trkpt lat="43.39881516" lon="-5.82456207"><ele>183.60</ele><time>2024-09-04T13:21:30Z</time></trkpt><trkpt lat="43.39882660" lon="-5.82457781"><ele>183.60</ele><time>2024-09-04T13:21:31Z</time></trkpt><trkpt lat="43.39883804" lon="-5.82459259"><ele>183.60</ele><time>2024-09-04T13:21:32Z</time></trkpt><trkpt lat="43.39884949" lon="-5.82460785"><ele>183.58</ele><time>2024-09-04T13:21:33Z</time></trkpt><trkpt lat="43.39886093" lon="-5.82462358"><ele>183.57</ele><time>2024-09-04T13:21:34Z</time></trkpt><trkpt lat="43.39887238" lon="-5.82463884"><ele>183.57</ele><time>2024-09-04T13:21:35Z</time></trkpt><trkpt lat="43.39888382" lon="-5.82465410"><ele>183.57</ele><time>2024-09-04T13:21:36Z</time></trkpt><trkpt lat="43.39889526" lon="-5.82467031"><ele>183.56</ele><time>2024-09-04T13:21:37Z</time></trkpt><trkpt lat="43.39890671" lon="-5.82468605"><ele>183.56</ele><time>2024-09-04T13:21:38Z</time></trkpt><trkpt lat="43.39891815" lon="-5.82470131"><ele>183.56</ele><time>2024-09-04T13:21:39Z</time></trkpt><trkpt lat="43.39892578" lon="-5.82471704"><ele>183.56</ele><time>2024-09-04T13:21:40Z</time></trkpt><trkpt lat="43.39893723" lon="-5.82473230"><ele>183.57</ele><time>2024-09-04T13:21:41Z</time></trkpt><trkpt lat="43.39894867" lon="-5.82474756"><ele>183.57</ele><time>2024-09-04T13:21:42Z</time></trkpt><trkpt lat="43.39896011" lon="-5.82476282"><ele>183.57</ele><time>2024-09-04T13:21:43Z</time></trkpt><trkpt lat="43.39897156" lon="-5.82477808"><ele>183.57</ele><time>2024-09-04T13:21:44Z</time></trkpt><trkpt lat="43.39898300" lon="-5.82479477"><ele>183.57</ele><time>2024-09-04T13:21:45Z</time></trkpt><trkpt lat="43.39899445" lon="-5.82481050"><ele>183.56</ele><time>2024-09-04T13:21:46Z</time></trkpt><trkpt lat="43.39900589" lon="-5.82482672"><ele>183.56</ele><time>2024-09-04T13:21:47Z</time></trkpt><trkpt lat="43.39901352" lon="-5.82484245"><ele>183.56</ele><time>2024-09-04T13:21:48Z</time></trkpt><trkpt lat="43.39902496" lon="-5.82485819"><ele>183.57</ele><time>2024-09-04T13:21:49Z</time></trkpt><trkpt lat="43.39903641" lon="-5.82487392"><ele>183.57</ele><time>2024-09-04T13:21:50Z</time></trkpt><trkpt lat="43.39904785" lon="-5.82488966"><ele>183.56</ele><time>2024-09-04T13:21:51Z</time></trkpt><trkpt lat="43.39905548" lon="-5.82490587"><ele>183.57</ele><time>2024-09-04T13:21:52Z</time></trkpt><trkpt lat="43.39906693" lon="-5.82492161"><ele>183.57</ele><time>2024-09-04T13:21:53Z</time></trkpt><trkpt lat="43.39907837" lon="-5.82493830"><ele>183.56</ele><time>2024-09-04T13:21:54Z</time></trkpt><trkpt lat="43.39908981" lon="-5.82495451"><ele>183.56</ele><time>2024-09-04T13:21:55Z</time></trkpt><trkpt lat="43.39910126" lon="-5.82497120"><ele>183.56</ele><time>2024-09-04T13:21:56Z</time></trkpt><trkpt lat="43.39911270" lon="-5.82498693"><ele>183.56</ele><time>2024-09-04T13:21:57Z</time></trkpt><trkpt lat="43.39912033" lon="-5.82500267"><ele>183.56</ele><time>2024-09-04T13:21:58Z</time></trkpt><trkpt lat="43.39913177" lon="-5.82501841"><ele>183.56</ele><time>2024-09-04T13:21:59Z</time></trkpt><trkpt lat="43.39913940" lon="-5.82503366"><ele>183.56</ele><time>2024-09-04T13:22:00Z</time></trkpt><trkpt lat="43.39915085" lon="-5.82504940"><ele>183.57</ele><time>2024-09-04T13:22:01Z</time></trkpt><trkpt lat="43.39916229" lon="-5.82506371"><ele>183.57</ele><time>2024-09-04T13:22:02Z</time></trkpt><trkpt lat="43.39917374" lon="-5.82507801"><ele>183.56</ele><time>2024-09-04T13:22:03Z</time></trkpt><trkpt lat="43.39918518" lon="-5.82509184"><ele>183.56</ele><time>2024-09-04T13:22:04Z</time></trkpt><trkpt lat="43.39919662" lon="-5.82510519"><ele>183.56</ele><time>2024-09-04T13:22:05Z</time></trkpt><trkpt lat="43.39920807" lon="-5.82511902"><ele>183.56</ele><time>2024-09-04T13:22:06Z</time></trkpt><trkpt lat="43.39921570" lon="-5.82513142"><ele>183.56</ele><time>2024-09-04T13:22:07Z</time></trkpt><trkpt lat="43.39922714" lon="-5.82514381"><ele>183.56</ele><time>2024-09-04T13:22:08Z</time></trkpt><trkpt lat="43.39923477" lon="-5.82515717"><ele>183.57</ele><time>2024-09-04T13:22:09Z</time></trkpt><trkpt lat="43.39924622" lon="-5.82517004"><ele>183.57</ele><time>2024-09-04T13:22:10Z</time></trkpt><trkpt lat="43.39925766" lon="-5.82518435"><ele>183.57</ele><time>2024-09-04T13:22:11Z</time></trkpt><trkpt lat="43.39926529" lon="-5.82519817"><ele>183.57</ele><time>2024-09-04T13:22:12Z</time></trkpt><trkpt lat="43.39927673" lon="-5.82521296"><ele>183.57</ele><time>2024-09-04T13:22:13Z</time></trkpt><trkpt lat="43.39928436" lon="-5.82522726"><ele>183.57</ele><time>2024-09-04T13:22:14Z</time></trkpt><trkpt lat="43.39929199" lon="-5.82524204"><ele>183.58</ele><time>2024-09-04T13:22:15Z</time></trkpt><trkpt lat="43.39930344" lon="-5.82525635"><ele>183.58</ele><time>2024-09-04T13:22:16Z</time></trkpt><trkpt lat="43.39931107" lon="-5.82526970"><ele>183.58</ele><time>2024-09-04T13:22:17Z</time></trkpt><trkpt lat="43.39931870" lon="-5.82528448"><ele>183.58</ele><time>2024-09-04T13:22:18Z</time></trkpt><trkpt lat="43.39933014" lon="-5.82529879"><ele>183.59</ele><time>2024-09-04T13:22:19Z</time></trkpt><trkpt lat="43.39933777" lon="-5.82531404"><ele>183.59</ele><time>2024-09-04T13:22:20Z</time></trkpt><trkpt lat="43.39934540" lon="-5.82532883"><ele>183.59</ele><time>2024-09-04T13:22:21Z</time></trkpt><trkpt lat="43.39935303" lon="-5.82534456"><ele>183.59</ele><time>2024-09-04T13:22:22Z</time></trkpt><trkpt lat="43.39936066" lon="-5.82536077"><ele>183.59</ele><time>2024-09-04T13:22:23Z</time></trkpt><trkpt lat="43.39936829" lon="-5.82537746"><ele>183.59</ele><time>2024-09-04T13:22:24Z</time></trkpt><trkpt lat="43.39937210" lon="-5.82539463"><ele>183.60</ele><time>2024-09-04T13:22:25Z</time></trkpt><trkpt lat="43.39937973" lon="-5.82541180"><ele>183.60</ele><time>2024-09-04T13:22:26Z</time></trkpt><trkpt lat="43.39938736" lon="-5.82542849"><ele>183.61</ele><time>2024-09-04T13:22:27Z</time></trkpt><trkpt lat="43.39939499" lon="-5.82544422"><ele>183.61</ele><time>2024-09-04T13:22:28Z</time></trkpt><trkpt lat="43.39940262" lon="-5.82545996"><ele>183.61</ele><time>2024-09-04T13:22:29Z</time></trkpt><trkpt lat="43.39940643" lon="-5.82547617"><ele>183.61</ele><time>2024-09-04T13:22:30Z</time></trkpt><trkpt lat="43.39941406" lon="-5.82549238"><ele>183.62</ele><time>2024-09-04T13:22:31Z</time></trkpt><trkpt lat="43.39942169" lon="-5.82550812"><ele>183.62</ele><time>2024-09-04T13:22:32Z</time></trkpt><trkpt lat="43.39942932" lon="-5.82552338"><ele>183.62</ele><time>2024-09-04T13:22:33Z</time></trkpt><trkpt lat="43.39944077" lon="-5.82553720"><ele>183.62</ele><time>2024-09-04T13:22:34Z</time></trkpt><trkpt lat="43.39944839" lon="-5.82555056"><ele>183.62</ele><time>2024-09-04T13:22:35Z</time></trkpt><trkpt lat="43.39945602" lon="-5.82556295"><ele>183.63</ele><time>2024-09-04T13:22:36Z</time></trkpt><trkpt lat="43.39946365" lon="-5.82557535"><ele>183.63</ele><time>2024-09-04T13:22:37Z</time></trkpt><trkpt lat="43.39947510" lon="-5.82558775"><ele>183.64</ele><time>2024-09-04T13:22:38Z</time></trkpt><trkpt lat="43.39948273" lon="-5.82559967"><ele>183.64</ele><time>2024-09-04T13:22:39Z</time></trkpt><trkpt lat="43.39949417" lon="-5.82561111"><ele>183.64</ele><time>2024-09-04T13:22:40Z</time></trkpt><trkpt lat="43.39950562" lon="-5.82562208"><ele>183.64</ele><time>2024-09-04T13:22:41Z</time></trkpt><trkpt lat="43.39951706" lon="-5.82563353"><ele>183.64</ele><time>2024-09-04T13:22:42Z</time></trkpt><trkpt lat="43.39952850" lon="-5.82564592"><ele>183.64</ele><time>2024-09-04T13:22:43Z</time></trkpt><trkpt lat="43.39953613" lon="-5.82565832"><ele>183.65</ele><time>2024-09-04T13:22:44Z</time></trkpt><trkpt lat="43.39954758" lon="-5.82566977"><ele>183.65</ele><time>2024-09-04T13:22:45Z</time></trkpt><trkpt lat="43.39955902" lon="-5.82568169"><ele>183.65</ele><time>2024-09-04T13:22:46Z</time></trkpt><trkpt lat="43.39957047" lon="-5.82569313"><ele>183.66</ele><time>2024-09-04T13:22:47Z</time></trkpt><trkpt lat="43.39958191" lon="-5.82570457"><ele>183.66</ele><time>2024-09-04T13:22:48Z</time></trkpt><trkpt lat="43.39959335" lon="-5.82571602"><ele>183.66</ele><time>2024-09-04T13:22:49Z</time></trkpt><trkpt lat="43.39960480" lon="-5.82572889"><ele>183.66</ele><time>2024-09-04T13:22:50Z</time></trkpt><trkpt lat="43.39961624" lon="-5.82574320"><ele>183.66</ele><time>2024-09-04T13:22:51Z</time></trkpt><trkpt lat="43.39962769" lon="-5.82575703"><ele>183.66</ele><time>2024-09-04T13:22:52Z</time></trkpt><trkpt lat="43.39963913" lon="-5.82576847"><ele>183.66</ele><time>2024-09-04T13:22:53Z</time></trkpt><trkpt lat="43.39964676" lon="-5.82577848"><ele>183.66</ele><time>2024-09-04T13:22:54Z</time></trkpt><trkpt lat="43.39965057" lon="-5.82578850"><ele>183.67</ele><time>2024-09-04T13:22:55Z</time></trkpt><trkpt lat="43.39965439" lon="-5.82579803"><ele>183.67</ele><time>2024-09-04T13:22:56Z</time></trkpt><trkpt lat="43.39965439" lon="-5.82580614"><ele>183.67</ele><time>2024-09-04T13:22:57Z</time></trkpt><trkpt lat="43.39965057" lon="-5.82581282"><ele>183.68</ele><time>2024-09-04T13:22:58Z</time></trkpt><trkpt lat="43.39965057" lon="-5.82581949"><ele>183.69</ele><time>2024-09-04T13:22:59Z</time></trkpt><trkpt lat="43.39964676" lon="-5.82582617"><ele>183.69</ele><time>2024-09-04T13:23:00Z</time></trkpt><trkpt lat="43.39964294" lon="-5.82583427"><ele>183.69</ele><time>2024-09-04T13:23:01Z</time></trkpt><trkpt lat="43.39964294" lon="-5.82584238"><ele>183.69</ele><time>2024-09-04T13:23:02Z</time></trkpt><trkpt lat="43.39963913" lon="-5.82585096"><ele>183.69</ele><time>2024-09-04T13:23:03Z</time></trkpt><trkpt lat="43.39963913" lon="-5.82586002"><ele>183.69</ele><time>2024-09-04T13:23:04Z</time></trkpt><trkpt lat="43.39963913" lon="-5.82586956"><ele>183.70</ele><time>2024-09-04T13:23:05Z</time></trkpt><trkpt lat="43.39963531" lon="-5.82587910"><ele>183.70</ele><time>2024-09-04T13:23:06Z</time></trkpt><trkpt lat="43.39963150" lon="-5.82588768"><ele>183.71</ele><time>2024-09-04T13:23:07Z</time></trkpt><trkpt lat="43.39962769" lon="-5.82589626"><ele>183.71</ele><time>2024-09-04T13:23:08Z</time></trkpt><trkpt lat="43.39962387" lon="-5.82590485"><ele>183.71</ele><time>2024-09-04T13:23:09Z</time></trkpt><trkpt lat="43.39962006" lon="-5.82591105"><ele>183.72</ele><time>2024-09-04T13:23:10Z</time></trkpt><trkpt lat="43.39961243" lon="-5.82591629"><ele>183.72</ele><time>2024-09-04T13:23:11Z</time></trkpt><trkpt lat="43.39960861" lon="-5.82592440"><ele>183.73</ele><time>2024-09-04T13:23:12Z</time></trkpt><trkpt lat="43.39960861" lon="-5.82593775"><ele>183.74</ele><time>2024-09-04T13:23:13Z</time></trkpt><trkpt lat="43.39961243" lon="-5.82595921"><ele>183.73</ele><time>2024-09-04T13:23:14Z</time></trkpt><trkpt lat="43.39962006" lon="-5.82598352"><ele>183.73</ele><time>2024-09-04T13:23:15Z</time></trkpt><trkpt lat="43.39962006" lon="-5.82600546"><ele>183.73</ele><time>2024-09-04T13:23:16Z</time></trkpt><trkpt lat="43.39962006" lon="-5.82602262"><ele>183.73</ele><time>2024-09-04T13:23:17Z</time></trkpt><trkpt lat="43.39962006" lon="-5.82603645"><ele>183.73</ele><time>2024-09-04T13:23:18Z</time></trkpt><trkpt lat="43.39961624" lon="-5.82604885"><ele>183.74</ele><time>2024-09-04T13:23:19Z</time></trkpt><trkpt lat="43.39961243" lon="-5.82605696"><ele>183.74</ele><time>2024-09-04T13:23:20Z</time></trkpt><trkpt lat="43.39960861" lon="-5.82606220"><ele>183.74</ele><time>2024-09-04T13:23:21Z</time></trkpt><trkpt lat="43.39960098" lon="-5.82606602"><ele>183.74</ele><time>2024-09-04T13:23:22Z</time></trkpt><trkpt lat="43.39958954" lon="-5.82606697"><ele>183.74</ele><time>2024-09-04T13:23:23Z</time></trkpt><trkpt lat="43.39958191" lon="-5.82606697"><ele>183.73</ele><time>2024-09-04T13:23:24Z</time></trkpt><trkpt lat="43.39957047" lon="-5.82606649"><ele>183.73</ele><time>2024-09-04T13:23:25Z</time></trkpt><trkpt lat="43.39955902" lon="-5.82606316"><ele>183.73</ele><time>2024-09-04T13:23:26Z</time></trkpt><trkpt lat="43.39954376" lon="-5.82605791"><ele>183.73</ele><time>2024-09-04T13:23:27Z</time></trkpt><trkpt lat="43.39953232" lon="-5.82605219"><ele>183.73</ele><time>2024-09-04T13:23:28Z</time></trkpt><trkpt lat="43.39952087" lon="-5.82604456"><ele>183.73</ele><time>2024-09-04T13:23:29Z</time></trkpt><trkpt lat="43.39950562" lon="-5.82603693"><ele>183.73</ele><time>2024-09-04T13:23:30Z</time></trkpt><trkpt lat="43.39949417" lon="-5.82602930"><ele>183.73</ele><time>2024-09-04T13:23:31Z</time></trkpt><trkpt lat="43.39947891" lon="-5.82602215"><ele>183.73</ele><time>2024-09-04T13:23:32Z</time></trkpt><trkpt lat="43.39946747" lon="-5.82601500"><ele>183.73</ele><time>2024-09-04T13:23:33Z</time></trkpt><trkpt lat="43.39945221" lon="-5.82600784"><ele>183.74</ele><time>2024-09-04T13:23:34Z</time></trkpt><trkpt lat="43.39944077" lon="-5.82599974"><ele>183.74</ele><time>2024-09-04T13:23:35Z</time></trkpt><trkpt lat="43.39942932" lon="-5.82599163"><ele>183.74</ele><time>2024-09-04T13:23:36Z</time></trkpt><trkpt lat="43.39941788" lon="-5.82598400"><ele>183.74</ele><time>2024-09-04T13:23:37Z</time></trkpt><trkpt lat="43.39940643" lon="-5.82597780"><ele>183.75</ele><time>2024-09-04T13:23:38Z</time></trkpt><trkpt lat="43.39939117" lon="-5.82597113"><ele>183.76</ele><time>2024-09-04T13:23:39Z</time></trkpt><trkpt lat="43.39937973" lon="-5.82596445"><ele>183.77</ele><time>2024-09-04T13:23:40Z</time></trkpt><trkpt lat="43.39936829" lon="-5.82595730"><ele>183.77</ele><time>2024-09-04T13:23:41Z</time></trkpt><trkpt lat="43.39935684" lon="-5.82595062"><ele>183.78</ele><time>2024-09-04T13:23:42Z</time></trkpt><trkpt lat="43.39934540" lon="-5.82594299"><ele>183.79</ele><time>2024-09-04T13:23:43Z</time></trkpt><trkpt lat="43.39933395" lon="-5.82593536"><ele>183.80</ele><time>2024-09-04T13:23:44Z</time></trkpt><trkpt lat="43.39931870" lon="-5.82592821"><ele>183.80</ele><time>2024-09-04T13:23:45Z</time></trkpt><trkpt lat="43.39930725" lon="-5.82592154"><ele>183.81</ele><time>2024-09-04T13:23:46Z</time></trkpt><trkpt lat="43.39929199" lon="-5.82591534"><ele>183.82</ele><time>2024-09-04T13:23:47Z</time></trkpt><trkpt lat="43.39928055" lon="-5.82590914"><ele>183.83</ele><time>2024-09-04T13:23:48Z</time></trkpt><trkpt lat="43.39926529" lon="-5.82590294"><ele>183.84</ele><time>2024-09-04T13:23:49Z</time></trkpt><trkpt lat="43.39925003" lon="-5.82589674"><ele>183.88</ele><time>2024-09-04T13:23:50Z</time></trkpt><trkpt lat="43.39923859" lon="-5.82589006"><ele>183.89</ele><time>2024-09-04T13:23:51Z</time></trkpt><trkpt lat="43.39922714" lon="-5.82588387"><ele>183.89</ele><time>2024-09-04T13:23:52Z</time></trkpt><trkpt lat="43.39921188" lon="-5.82587814"><ele>183.90</ele><time>2024-09-04T13:23:53Z</time></trkpt><trkpt lat="43.39920044" lon="-5.82587242"><ele>183.90</ele><time>2024-09-04T13:23:54Z</time></trkpt><trkpt lat="43.39918518" lon="-5.82586670"><ele>183.91</ele><time>2024-09-04T13:23:55Z</time></trkpt><trkpt lat="43.39917374" lon="-5.82586002"><ele>183.92</ele><time>2024-09-04T13:23:56Z</time></trkpt><trkpt lat="43.39916229" lon="-5.82585335"><ele>183.93</ele><time>2024-09-04T13:23:57Z</time></trkpt><trkpt lat="43.39914703" lon="-5.82584572"><ele>183.93</ele><time>2024-09-04T13:23:58Z</time></trkpt><trkpt lat="43.39913559" lon="-5.82583714"><ele>183.93</ele><time>2024-09-04T13:23:59Z</time></trkpt><trkpt lat="43.39912415" lon="-5.82582855"><ele>183.93</ele><time>2024-09-04T13:24:00Z</time></trkpt><trkpt lat="43.39910889" lon="-5.82581997"><ele>183.93</ele><time>2024-09-04T13:24:01Z</time></trkpt><trkpt lat="43.39909744" lon="-5.82581091"><ele>183.93</ele><time>2024-09-04T13:24:02Z</time></trkpt><trkpt lat="43.39908218" lon="-5.82580233"><ele>183.95</ele><time>2024-09-04T13:24:03Z</time></trkpt><trkpt lat="43.39907074" lon="-5.82579231"><ele>183.96</ele><time>2024-09-04T13:24:04Z</time></trkpt><trkpt lat="43.39905930" lon="-5.82578230"><ele>183.96</ele><time>2024-09-04T13:24:05Z</time></trkpt><trkpt lat="43.39904404" lon="-5.82577181"><ele>183.96</ele><time>2024-09-04T13:24:06Z</time></trkpt><trkpt lat="43.39903259" lon="-5.82576132"><ele>183.96</ele><time>2024-09-04T13:24:07Z</time></trkpt><trkpt lat="43.39902115" lon="-5.82575130"><ele>183.96</ele><time>2024-09-04T13:24:08Z</time></trkpt><trkpt lat="43.39900589" lon="-5.82574129"><ele>183.97</ele><time>2024-09-04T13:24:09Z</time></trkpt><trkpt lat="43.39899445" lon="-5.82573128"><ele>183.97</ele><time>2024-09-04T13:24:10Z</time></trkpt><trkpt lat="43.39898300" lon="-5.82572126"><ele>183.96</ele><time>2024-09-04T13:24:11Z</time></trkpt><trkpt lat="43.39896774" lon="-5.82571173"><ele>183.95</ele><time>2024-09-04T13:24:12Z</time></trkpt><trkpt lat="43.39895630" lon="-5.82570219"><ele>183.95</ele><time>2024-09-04T13:24:13Z</time></trkpt><trkpt lat="43.39894104" lon="-5.82569313"><ele>183.94</ele><time>2024-09-04T13:24:14Z</time></trkpt><trkpt lat="43.39892578" lon="-5.82568455"><ele>183.94</ele><time>2024-09-04T13:24:15Z</time></trkpt><trkpt lat="43.39891434" lon="-5.82567549"><ele>183.95</ele><time>2024-09-04T13:24:16Z</time></trkpt><trkpt lat="43.39889908" lon="-5.82566738"><ele>183.95</ele><time>2024-09-04T13:24:17Z</time></trkpt><trkpt lat="43.39888382" lon="-5.82565928"><ele>183.95</ele><time>2024-09-04T13:24:18Z</time></trkpt><trkpt lat="43.39887238" lon="-5.82565212"><ele>183.95</ele><time>2024-09-04T13:24:19Z</time></trkpt><trkpt lat="43.39885712" lon="-5.82564497"><ele>183.95</ele><time>2024-09-04T13:24:20Z</time></trkpt><trkpt lat="43.39884186" lon="-5.82563734"><ele>183.94</ele><time>2024-09-04T13:24:21Z</time></trkpt><trkpt lat="43.39882660" lon="-5.82562971"><ele>183.94</ele><time>2024-09-04T13:24:22Z</time></trkpt><trkpt lat="43.39881134" lon="-5.82562208"><ele>183.93</ele><time>2024-09-04T13:24:23Z</time></trkpt><trkpt lat="43.39879608" lon="-5.82561445"><ele>183.93</ele><time>2024-09-04T13:24:24Z</time></trkpt><trkpt lat="43.39878082" lon="-5.82560682"><ele>183.93</ele><time>2024-09-04T13:24:25Z</time></trkpt><trkpt lat="43.39876938" lon="-5.82559967"><ele>183.94</ele><time>2024-09-04T13:24:26Z</time></trkpt><trkpt lat="43.39875412" lon="-5.82559204"><ele>183.94</ele><time>2024-09-04T13:24:27Z</time></trkpt><trkpt lat="43.39873886" lon="-5.82558489"><ele>183.96</ele><time>2024-09-04T13:24:28Z</time></trkpt><trkpt lat="43.39872360" lon="-5.82557631"><ele>183.96</ele><time>2024-09-04T13:24:29Z</time></trkpt><trkpt lat="43.39870834" lon="-5.82556772"><ele>183.95</ele><time>2024-09-04T13:24:30Z</time></trkpt><trkpt lat="43.39869690" lon="-5.82555914"><ele>183.95</ele><time>2024-09-04T13:24:31Z</time></trkpt><trkpt lat="43.39868164" lon="-5.82555008"><ele>183.95</ele><time>2024-09-04T13:24:32Z</time></trkpt><trkpt lat="43.39866638" lon="-5.82554102"><ele>183.95</ele><time>2024-09-04T13:24:33Z</time></trkpt><trkpt lat="43.39865112" lon="-5.82553148"><ele>183.94</ele><time>2024-09-04T13:24:34Z</time></trkpt><trkpt lat="43.39863586" lon="-5.82552242"><ele>183.94</ele><time>2024-09-04T13:24:35Z</time></trkpt><trkpt lat="43.39862442" lon="-5.82551193"><ele>183.92</ele><time>2024-09-04T13:24:36Z</time></trkpt><trkpt lat="43.39860916" lon="-5.82550240"><ele>183.92</ele><time>2024-09-04T13:24:37Z</time></trkpt><trkpt lat="43.39859390" lon="-5.82549191"><ele>183.91</ele><time>2024-09-04T13:24:38Z</time></trkpt><trkpt lat="43.39858246" lon="-5.82548237"><ele>183.92</ele><time>2024-09-04T13:24:39Z</time></trkpt><trkpt lat="43.39856720" lon="-5.82547283"><ele>183.92</ele><time>2024-09-04T13:24:40Z</time></trkpt><trkpt lat="43.39855576" lon="-5.82546282"><ele>183.92</ele><time>2024-09-04T13:24:41Z</time></trkpt><trkpt lat="43.39854050" lon="-5.82545328"><ele>183.92</ele><time>2024-09-04T13:24:42Z</time></trkpt><trkpt lat="43.39852905" lon="-5.82544374"><ele>183.92</ele><time>2024-09-04T13:24:43Z</time></trkpt><trkpt lat="43.39851379" lon="-5.82543278"><ele>183.91</ele><time>2024-09-04T13:24:44Z</time></trkpt><trkpt lat="43.39849854" lon="-5.82542276"><ele>183.90</ele><time>2024-09-04T13:24:45Z</time></trkpt><trkpt lat="43.39848328" lon="-5.82541275"><ele>183.89</ele><time>2024-09-04T13:24:46Z</time></trkpt><trkpt lat="43.39847183" lon="-5.82540369"><ele>183.88</ele><time>2024-09-04T13:24:47Z</time></trkpt><trkpt lat="43.39845657" lon="-5.82539415"><ele>183.88</ele><time>2024-09-04T13:24:48Z</time></trkpt><trkpt lat="43.39844131" lon="-5.82538462"><ele>183.88</ele><time>2024-09-04T13:24:49Z</time></trkpt><trkpt lat="43.39842987" lon="-5.82537556"><ele>183.88</ele><time>2024-09-04T13:24:50Z</time></trkpt><trkpt lat="43.39841461" lon="-5.82536602"><ele>183.89</ele><time>2024-09-04T13:24:51Z</time></trkpt><trkpt lat="43.39840317" lon="-5.82535601"><ele>183.89</ele><time>2024-09-04T13:24:52Z</time></trkpt><trkpt lat="43.39838791" lon="-5.82534647"><ele>183.89</ele><time>2024-09-04T13:24:53Z</time></trkpt><trkpt lat="43.39837265" lon="-5.82533646"><ele>183.89</ele><time>2024-09-04T13:24:54Z</time></trkpt><trkpt lat="43.39836121" lon="-5.82532692"><ele>183.88</ele><time>2024-09-04T13:24:55Z</time></trkpt><trkpt lat="43.39834595" lon="-5.82531786"><ele>183.88</ele><time>2024-09-04T13:24:56Z</time></trkpt><trkpt lat="43.39833069" lon="-5.82530832"><ele>183.89</ele><time>2024-09-04T13:24:57Z</time></trkpt><trkpt lat="43.39831924" lon="-5.82529926"><ele>183.89</ele><time>2024-09-04T13:24:58Z</time></trkpt><trkpt lat="43.39830399" lon="-5.82529020"><ele>183.88</ele><time>2024-09-04T13:24:59Z</time></trkpt><trkpt lat="43.39828873" lon="-5.82528162"><ele>183.87</ele><time>2024-09-04T13:25:00Z</time></trkpt><trkpt lat="43.39827347" lon="-5.82527304"><ele>183.87</ele><time>2024-09-04T13:25:01Z</time></trkpt><trkpt lat="43.39825821" lon="-5.82526350"><ele>183.87</ele><time>2024-09-04T13:25:02Z</time></trkpt><trkpt lat="43.39824677" lon="-5.82525396"><ele>183.87</ele><time>2024-09-04T13:25:03Z</time></trkpt><trkpt lat="43.39823151" lon="-5.82524443"><ele>183.88</ele><time>2024-09-04T13:25:04Z</time></trkpt><trkpt lat="43.39821625" lon="-5.82523537"><ele>183.88</ele><time>2024-09-04T13:25:05Z</time></trkpt><trkpt lat="43.39820480" lon="-5.82522678"><ele>183.88</ele><time>2024-09-04T13:25:06Z</time></trkpt><trkpt lat="43.39818954" lon="-5.82521772"><ele>183.89</ele><time>2024-09-04T13:25:07Z</time></trkpt><trkpt lat="43.39817429" lon="-5.82520914"><ele>183.88</ele><time>2024-09-04T13:25:08Z</time></trkpt><trkpt lat="43.39815903" lon="-5.82520103"><ele>183.89</ele><time>2024-09-04T13:25:09Z</time></trkpt><trkpt lat="43.39814377" lon="-5.82519341"><ele>183.88</ele><time>2024-09-04T13:25:10Z</time></trkpt><trkpt lat="43.39812851" lon="-5.82518530"><ele>183.88</ele><time>2024-09-04T13:25:11Z</time></trkpt><trkpt lat="43.39811707" lon="-5.82517719"><ele>183.88</ele><time>2024-09-04T13:25:12Z</time></trkpt><trkpt lat="43.39810181" lon="-5.82516813"><ele>183.88</ele><time>2024-09-04T13:25:13Z</time></trkpt><trkpt lat="43.39808655" lon="-5.82515955"><ele>183.89</ele><time>2024-09-04T13:25:14Z</time></trkpt><trkpt lat="43.39807510" lon="-5.82515001"><ele>183.89</ele><time>2024-09-04T13:25:15Z</time></trkpt><trkpt lat="43.39805984" lon="-5.82514095"><ele>183.90</ele><time>2024-09-04T13:25:16Z</time></trkpt><trkpt lat="43.39804459" lon="-5.82513094"><ele>183.89</ele><time>2024-09-04T13:25:17Z</time></trkpt><trkpt lat="43.39803314" lon="-5.82512140"><ele>183.90</ele><time>2024-09-04T13:25:18Z</time></trkpt><trkpt lat="43.39801788" lon="-5.82511044"><ele>183.89</ele><time>2024-09-04T13:25:19Z</time></trkpt><trkpt lat="43.39800644" lon="-5.82510090"><ele>183.89</ele><time>2024-09-04T13:25:20Z</time></trkpt><trkpt lat="43.39799118" lon="-5.82509184"><ele>183.90</ele><time>2024-09-04T13:25:21Z</time></trkpt><trkpt lat="43.39797974" lon="-5.82508230"><ele>183.90</ele><time>2024-09-04T13:25:22Z</time></trkpt><trkpt lat="43.39796448" lon="-5.82507277"><ele>183.90</ele><time>2024-09-04T13:25:23Z</time></trkpt><trkpt lat="43.39795303" lon="-5.82506466"><ele>183.89</ele><time>2024-09-04T13:25:24Z</time></trkpt><trkpt lat="43.39793777" lon="-5.82505465"><ele>183.89</ele><time>2024-09-04T13:25:25Z</time></trkpt><trkpt lat="43.39792633" lon="-5.82504511"><ele>183.89</ele><time>2024-09-04T13:25:26Z</time></trkpt><trkpt lat="43.39791489" lon="-5.82503557"><ele>183.88</ele><time>2024-09-04T13:25:27Z</time></trkpt><trkpt lat="43.39789963" lon="-5.82502604"><ele>183.88</ele><time>2024-09-04T13:25:28Z</time></trkpt><trkpt lat="43.39788818" lon="-5.82501650"><ele>183.88</ele><time>2024-09-04T13:25:29Z</time></trkpt><trkpt lat="43.39787292" lon="-5.82500744"><ele>183.88</ele><time>2024-09-04T13:25:30Z</time></trkpt><trkpt lat="43.39786148" lon="-5.82499838"><ele>183.89</ele><time>2024-09-04T13:25:31Z</time></trkpt><trkpt lat="43.39784622" lon="-5.82498932"><ele>183.89</ele><time>2024-09-04T13:25:32Z</time></trkpt><trkpt lat="43.39783478" lon="-5.82497978"><ele>183.89</ele><time>2024-09-04T13:25:33Z</time></trkpt><trkpt lat="43.39781952" lon="-5.82497120"><ele>183.89</ele><time>2024-09-04T13:25:34Z</time></trkpt><trkpt lat="43.39780426" lon="-5.82496309"><ele>183.88</ele><time>2024-09-04T13:25:35Z</time></trkpt><trkpt lat="43.39779282" lon="-5.82495546"><ele>183.89</ele><time>2024-09-04T13:25:36Z</time></trkpt><trkpt lat="43.39777756" lon="-5.82494783"><ele>183.89</ele><time>2024-09-04T13:25:37Z</time></trkpt><trkpt lat="43.39776230" lon="-5.82494068"><ele>183.89</ele><time>2024-09-04T13:25:38Z</time></trkpt><trkpt lat="43.39775085" lon="-5.82493353"><ele>183.90</ele><time>2024-09-04T13:25:39Z</time></trkpt><trkpt lat="43.39773560" lon="-5.82492638"><ele>183.91</ele><time>2024-09-04T13:25:40Z</time></trkpt><trkpt lat="43.39772034" lon="-5.82491922"><ele>183.91</ele><time>2024-09-04T13:25:41Z</time></trkpt><trkpt lat="43.39770889" lon="-5.82491302"><ele>183.91</ele><time>2024-09-04T13:25:42Z</time></trkpt><trkpt lat="43.39769363" lon="-5.82490635"><ele>183.92</ele><time>2024-09-04T13:25:43Z</time></trkpt><trkpt lat="43.39767838" lon="-5.82490015"><ele>183.92</ele><time>2024-09-04T13:25:44Z</time></trkpt><trkpt lat="43.39766693" lon="-5.82489538"><ele>183.93</ele><time>2024-09-04T13:25:45Z</time></trkpt><trkpt lat="43.39765167" lon="-5.82489014"><ele>183.93</ele><time>2024-09-04T13:25:46Z</time></trkpt><trkpt lat="43.39763641" lon="-5.82488585"><ele>183.94</ele><time>2024-09-04T13:25:47Z</time></trkpt><trkpt lat="43.39762115" lon="-5.82488203"><ele>183.95</ele><time>2024-09-04T13:25:48Z</time></trkpt><trkpt lat="43.39760590" lon="-5.82487726"><ele>183.96</ele><time>2024-09-04T13:25:49Z</time></trkpt><trkpt lat="43.39759445" lon="-5.82487297"><ele>183.97</ele><time>2024-09-04T13:25:50Z</time></trkpt><trkpt lat="43.39757919" lon="-5.82486820"><ele>183.99</ele><time>2024-09-04T13:25:51Z</time></trkpt><trkpt lat="43.39756393" lon="-5.82486296"><ele>183.99</ele><time>2024-09-04T13:25:52Z</time></trkpt><trkpt lat="43.39754868" lon="-5.82485771"><ele>184.00</ele><time>2024-09-04T13:25:53Z</time></trkpt><trkpt lat="43.39753723" lon="-5.82485199"><ele>184.00</ele><time>2024-09-04T13:25:54Z</time></trkpt><trkpt lat="43.39752197" lon="-5.82484627"><ele>184.00</ele><time>2024-09-04T13:25:55Z</time></trkpt><trkpt lat="43.39750671" lon="-5.82484055"><ele>184.02</ele><time>2024-09-04T13:25:56Z</time></trkpt><trkpt lat="43.39749146" lon="-5.82483578"><ele>184.04</ele><time>2024-09-04T13:25:57Z</time></trkpt><trkpt lat="43.39748001" lon="-5.82483006"><ele>184.05</ele><time>2024-09-04T13:25:58Z</time></trkpt><trkpt lat="43.39746475" lon="-5.82482386"><ele>184.07</ele><time>2024-09-04T13:25:59Z</time></trkpt><trkpt lat="43.39744949" lon="-5.82481813"><ele>184.08</ele><time>2024-09-04T13:26:00Z</time></trkpt><trkpt lat="43.39743423" lon="-5.82481194"><ele>184.08</ele><time>2024-09-04T13:26:01Z</time></trkpt><trkpt lat="43.39742279" lon="-5.82480526"><ele>184.09</ele><time>2024-09-04T13:26:02Z</time></trkpt><trkpt lat="43.39740753" lon="-5.82479954"><ele>184.11</ele><time>2024-09-04T13:26:03Z</time></trkpt><trkpt lat="43.39739227" lon="-5.82479286"><ele>184.12</ele><time>2024-09-04T13:26:04Z</time></trkpt><trkpt lat="43.39738083" lon="-5.82478666"><ele>184.13</ele><time>2024-09-04T13:26:05Z</time></trkpt><trkpt lat="43.39736557" lon="-5.82478094"><ele>184.17</ele><time>2024-09-04T13:26:06Z</time></trkpt><trkpt lat="43.39735413" lon="-5.82477522"><ele>184.17</ele><time>2024-09-04T13:26:07Z</time></trkpt><trkpt lat="43.39733887" lon="-5.82476902"><ele>184.17</ele><time>2024-09-04T13:26:08Z</time></trkpt><trkpt lat="43.39732361" lon="-5.82476521"><ele>184.18</ele><time>2024-09-04T13:26:09Z</time></trkpt><trkpt lat="43.39731216" lon="-5.82475901"><ele>184.19</ele><time>2024-09-04T13:26:10Z</time></trkpt><trkpt lat="43.39730072" lon="-5.82475376"><ele>184.19</ele><time>2024-09-04T13:26:11Z</time></trkpt><trkpt lat="43.39728546" lon="-5.82474852"><ele>184.20</ele><time>2024-09-04T13:26:12Z</time></trkpt><trkpt lat="43.39727402" lon="-5.82474327"><ele>184.21</ele><time>2024-09-04T13:26:13Z</time></trkpt><trkpt lat="43.39726257" lon="-5.82473850"><ele>184.23</ele><time>2024-09-04T13:26:14Z</time></trkpt><trkpt lat="43.39725113" lon="-5.82473230"><ele>184.23</ele><time>2024-09-04T13:26:15Z</time></trkpt><trkpt lat="43.39724350" lon="-5.82472706"><ele>184.24</ele><time>2024-09-04T13:26:16Z</time></trkpt><trkpt lat="43.39723587" lon="-5.82472229"><ele>184.24</ele><time>2024-09-04T13:26:17Z</time></trkpt><trkpt lat="43.39722824" lon="-5.82471752"><ele>184.25</ele><time>2024-09-04T13:26:18Z</time></trkpt><trkpt lat="43.39722061" lon="-5.82471275"><ele>184.25</ele><time>2024-09-04T13:26:19Z</time></trkpt><trkpt lat="43.39720917" lon="-5.82470798"><ele>184.25</ele><time>2024-09-04T13:26:20Z</time></trkpt><trkpt lat="43.39720154" lon="-5.82470274"><ele>184.25</ele><time>2024-09-04T13:26:21Z</time></trkpt><trkpt lat="43.39719009" lon="-5.82469845"><ele>184.25</ele><time>2024-09-04T13:26:22Z</time></trkpt><trkpt lat="43.39717865" lon="-5.82469416"><ele>184.26</ele><time>2024-09-04T13:26:23Z</time></trkpt><trkpt lat="43.39716721" lon="-5.82468987"><ele>184.28</ele><time>2024-09-04T13:26:24Z</time></trkpt><trkpt lat="43.39715576" lon="-5.82468605"><ele>184.28</ele><time>2024-09-04T13:26:25Z</time></trkpt><trkpt lat="43.39714432" lon="-5.82468367"><ele>184.28</ele><time>2024-09-04T13:26:26Z</time></trkpt><trkpt lat="43.39713287" lon="-5.82468224"><ele>184.29</ele><time>2024-09-04T13:26:27Z</time></trkpt><trkpt lat="43.39712143" lon="-5.82468081"><ele>184.29</ele><time>2024-09-04T13:26:28Z</time></trkpt><trkpt lat="43.39710617" lon="-5.82467937"><ele>184.31</ele><time>2024-09-04T13:26:29Z</time></trkpt><trkpt lat="43.39709473" lon="-5.82467890"><ele>184.31</ele><time>2024-09-04T13:26:30Z</time></trkpt><trkpt lat="43.39708328" lon="-5.82467890"><ele>184.31</ele><time>2024-09-04T13:26:31Z</time></trkpt><trkpt lat="43.39706802" lon="-5.82467937"><ele>184.31</ele><time>2024-09-04T13:26:32Z</time></trkpt><trkpt lat="43.39705658" lon="-5.82468081"><ele>184.31</ele><time>2024-09-04T13:26:33Z</time></trkpt><trkpt lat="43.39704514" lon="-5.82468224"><ele>184.31</ele><time>2024-09-04T13:26:34Z</time></trkpt><trkpt lat="43.39702988" lon="-5.82468414"><ele>184.31</ele><time>2024-09-04T13:26:35Z</time></trkpt><trkpt lat="43.39701843" lon="-5.82468653"><ele>184.32</ele><time>2024-09-04T13:26:36Z</time></trkpt><trkpt lat="43.39700699" lon="-5.82468891"><ele>184.31</ele><time>2024-09-04T13:26:37Z</time></trkpt><trkpt lat="43.39699173" lon="-5.82469130"><ele>184.31</ele><time>2024-09-04T13:26:38Z</time></trkpt><trkpt lat="43.39698029" lon="-5.82469416"><ele>184.31</ele><time>2024-09-04T13:26:39Z</time></trkpt><trkpt lat="43.39696503" lon="-5.82469702"><ele>184.31</ele><time>2024-09-04T13:26:40Z</time></trkpt><trkpt lat="43.39695358" lon="-5.82469940"><ele>184.33</ele><time>2024-09-04T13:26:41Z</time></trkpt><trkpt lat="43.39694214" lon="-5.82470226"><ele>184.34</ele><time>2024-09-04T13:26:42Z</time></trkpt><trkpt lat="43.39692688" lon="-5.82470465"><ele>184.34</ele><time>2024-09-04T13:26:43Z</time></trkpt><trkpt lat="43.39691544" lon="-5.82470798"><ele>184.34</ele><time>2024-09-04T13:26:44Z</time></trkpt><trkpt lat="43.39690399" lon="-5.82471085"><ele>184.34</ele><time>2024-09-04T13:26:45Z</time></trkpt><trkpt lat="43.39688873" lon="-5.82471418"><ele>184.34</ele><time>2024-09-04T13:26:46Z</time></trkpt><trkpt lat="43.39687729" lon="-5.82471800"><ele>184.34</ele><time>2024-09-04T13:26:47Z</time></trkpt><trkpt lat="43.39686203" lon="-5.82472277"><ele>184.35</ele><time>2024-09-04T13:26:48Z</time></trkpt><trkpt lat="43.39685059" lon="-5.82472754"><ele>184.37</ele><time>2024-09-04T13:26:49Z</time></trkpt><trkpt lat="43.39683914" lon="-5.82473135"><ele>184.38</ele><time>2024-09-04T13:26:50Z</time></trkpt><trkpt lat="43.39682388" lon="-5.82473660"><ele>184.40</ele><time>2024-09-04T13:26:51Z</time></trkpt><trkpt lat="43.39681244" lon="-5.82474089"><ele>184.41</ele><time>2024-09-04T13:26:52Z</time></trkpt><trkpt lat="43.39679718" lon="-5.82474566"><ele>184.41</ele><time>2024-09-04T13:26:53Z</time></trkpt><trkpt lat="43.39678574" lon="-5.82475042"><ele>184.41</ele><time>2024-09-04T13:26:54Z</time></trkpt><trkpt lat="43.39677429" lon="-5.82475519"><ele>184.41</ele><time>2024-09-04T13:26:55Z</time></trkpt><trkpt lat="43.39675903" lon="-5.82476091"><ele>184.41</ele><time>2024-09-04T13:26:56Z</time></trkpt><trkpt lat="43.39674759" lon="-5.82476664"><ele>184.41</ele><time>2024-09-04T13:26:57Z</time></trkpt><trkpt lat="43.39673615" lon="-5.82477283"><ele>184.43</ele><time>2024-09-04T13:26:58Z</time></trkpt><trkpt lat="43.39672089" lon="-5.82477903"><ele>184.44</ele><time>2024-09-04T13:26:59Z</time></trkpt><trkpt lat="43.39670944" lon="-5.82478523"><ele>184.45</ele><time>2024-09-04T13:27:00Z</time></trkpt><trkpt lat="43.39669800" lon="-5.82479143"><ele>184.45</ele><time>2024-09-04T13:27:01Z</time></trkpt><trkpt lat="43.39668274" lon="-5.82479811"><ele>184.48</ele><time>2024-09-04T13:27:02Z</time></trkpt><trkpt lat="43.39667130" lon="-5.82480431"><ele>184.48</ele><time>2024-09-04T13:27:03Z</time></trkpt><trkpt lat="43.39665985" lon="-5.82481098"><ele>184.49</ele><time>2024-09-04T13:27:04Z</time></trkpt><trkpt lat="43.39664459" lon="-5.82481766"><ele>184.49</ele><time>2024-09-04T13:27:05Z</time></trkpt><trkpt lat="43.39663315" lon="-5.82482529"><ele>184.50</ele><time>2024-09-04T13:27:06Z</time></trkpt><trkpt lat="43.39662170" lon="-5.82483244"><ele>184.54</ele><time>2024-09-04T13:27:07Z</time></trkpt><trkpt lat="43.39661026" lon="-5.82484055"><ele>184.60</ele><time>2024-09-04T13:27:08Z</time></trkpt><trkpt lat="43.39659500" lon="-5.82484770"><ele>184.61</ele><time>2024-09-04T13:27:09Z</time></trkpt><trkpt lat="43.39658356" lon="-5.82485533"><ele>184.61</ele><time>2024-09-04T13:27:10Z</time></trkpt><trkpt lat="43.39657211" lon="-5.82486343"><ele>184.63</ele><time>2024-09-04T13:27:11Z</time></trkpt><trkpt lat="43.39655685" lon="-5.82487106"><ele>184.64</ele><time>2024-09-04T13:27:12Z</time></trkpt><trkpt lat="43.39654541" lon="-5.82487917"><ele>184.66</ele><time>2024-09-04T13:27:13Z</time></trkpt><trkpt lat="43.39653397" lon="-5.82488728"><ele>184.70</ele><time>2024-09-04T13:27:14Z</time></trkpt><trkpt lat="43.39652252" lon="-5.82489586"><ele>184.75</ele><time>2024-09-04T13:27:15Z</time></trkpt><trkpt lat="43.39650726" lon="-5.82490396"><ele>184.82</ele><time>2024-09-04T13:27:16Z</time></trkpt><trkpt lat="43.39649582" lon="-5.82491255"><ele>184.87</ele><time>2024-09-04T13:27:17Z</time></trkpt><trkpt lat="43.39648438" lon="-5.82492018"><ele>184.88</ele><time>2024-09-04T13:27:18Z</time></trkpt><trkpt lat="43.39646912" lon="-5.82492828"><ele>184.92</ele><time>2024-09-04T13:27:19Z</time></trkpt><trkpt lat="43.39645767" lon="-5.82493591"><ele>184.93</ele><time>2024-09-04T13:27:20Z</time></trkpt><trkpt lat="43.39644623" lon="-5.82494402"><ele>184.94</ele><time>2024-09-04T13:27:21Z</time></trkpt><trkpt lat="43.39643478" lon="-5.82495117"><ele>184.95</ele><time>2024-09-04T13:27:22Z</time></trkpt><trkpt lat="43.39641953" lon="-5.82495880"><ele>184.97</ele><time>2024-09-04T13:27:23Z</time></trkpt><trkpt lat="43.39640808" lon="-5.82496643"><ele>185.00</ele><time>2024-09-04T13:27:24Z</time></trkpt><trkpt lat="43.39639664" lon="-5.82497406"><ele>185.05</ele><time>2024-09-04T13:27:25Z</time></trkpt><trkpt lat="43.39638138" lon="-5.82498121"><ele>185.10</ele><time>2024-09-04T13:27:26Z</time></trkpt><trkpt lat="43.39636993" lon="-5.82498789"><ele>185.11</ele><time>2024-09-04T13:27:27Z</time></trkpt><trkpt lat="43.39635468" lon="-5.82499552"><ele>185.13</ele><time>2024-09-04T13:27:28Z</time></trkpt><trkpt lat="43.39634323" lon="-5.82500172"><ele>185.14</ele><time>2024-09-04T13:27:29Z</time></trkpt><trkpt lat="43.39632797" lon="-5.82500887"><ele>185.15</ele><time>2024-09-04T13:27:30Z</time></trkpt><trkpt lat="43.39631653" lon="-5.82501507"><ele>185.16</ele><time>2024-09-04T13:27:31Z</time></trkpt><trkpt lat="43.39630508" lon="-5.82502079"><ele>185.16</ele><time>2024-09-04T13:27:32Z</time></trkpt><trkpt lat="43.39628983" lon="-5.82502651"><ele>185.18</ele><time>2024-09-04T13:27:33Z</time></trkpt><trkpt lat="43.39627838" lon="-5.82503176"><ele>185.22</ele><time>2024-09-04T13:27:34Z</time></trkpt><trkpt lat="43.39626312" lon="-5.82503700"><ele>185.29</ele><time>2024-09-04T13:27:35Z</time></trkpt><trkpt lat="43.39625168" lon="-5.82504129"><ele>185.30</ele><time>2024-09-04T13:27:36Z</time></trkpt><trkpt lat="43.39623642" lon="-5.82504511"><ele>185.30</ele><time>2024-09-04T13:27:37Z</time></trkpt><trkpt lat="43.39622498" lon="-5.82504892"><ele>185.31</ele><time>2024-09-04T13:27:38Z</time></trkpt><trkpt lat="43.39620972" lon="-5.82505226"><ele>185.32</ele><time>2024-09-04T13:27:39Z</time></trkpt><trkpt lat="43.39619446" lon="-5.82505465"><ele>185.34</ele><time>2024-09-04T13:27:40Z</time></trkpt><trkpt lat="43.39617920" lon="-5.82505655"><ele>185.34</ele><time>2024-09-04T13:27:41Z</time></trkpt><trkpt lat="43.39616776" lon="-5.82505798"><ele>185.34</ele><time>2024-09-04T13:27:42Z</time></trkpt><trkpt lat="43.39615250" lon="-5.82505846"><ele>185.35</ele><time>2024-09-04T13:27:43Z</time></trkpt><trkpt lat="43.39613724" lon="-5.82505989"><ele>185.37</ele><time>2024-09-04T13:27:44Z</time></trkpt><trkpt lat="43.39612198" lon="-5.82506132"><ele>185.40</ele><time>2024-09-04T13:27:45Z</time></trkpt><trkpt lat="43.39611053" lon="-5.82506227"><ele>185.40</ele><time>2024-09-04T13:27:46Z</time></trkpt><trkpt lat="43.39609528" lon="-5.82506227"><ele>185.40</ele><time>2024-09-04T13:27:47Z</time></trkpt><trkpt lat="43.39608002" lon="-5.82506227"><ele>185.40</ele><time>2024-09-04T13:27:48Z</time></trkpt><trkpt lat="43.39606476" lon="-5.82506323"><ele>185.41</ele><time>2024-09-04T13:27:49Z</time></trkpt><trkpt lat="43.39604950" lon="-5.82506418"><ele>185.46</ele><time>2024-09-04T13:27:50Z</time></trkpt><trkpt lat="43.39603806" lon="-5.82506561"><ele>185.51</ele><time>2024-09-04T13:27:51Z</time></trkpt><trkpt lat="43.39602280" lon="-5.82506704"><ele>185.57</ele><time>2024-09-04T13:27:52Z</time></trkpt><trkpt lat="43.39601135" lon="-5.82506847"><ele>185.58</ele><time>2024-09-04T13:27:53Z</time></trkpt><trkpt lat="43.39599609" lon="-5.82507038"><ele>185.60</ele><time>2024-09-04T13:27:54Z</time></trkpt><trkpt lat="43.39598083" lon="-5.82507324"><ele>185.61</ele><time>2024-09-04T13:27:55Z</time></trkpt><trkpt lat="43.39596558" lon="-5.82507610"><ele>185.64</ele><time>2024-09-04T13:27:56Z</time></trkpt><trkpt lat="43.39595413" lon="-5.82507896"><ele>185.70</ele><time>2024-09-04T13:27:57Z</time></trkpt><trkpt lat="43.39593887" lon="-5.82508183"><ele>185.76</ele><time>2024-09-04T13:27:58Z</time></trkpt><trkpt lat="43.39592743" lon="-5.82508469"><ele>185.81</ele><time>2024-09-04T13:27:59Z</time></trkpt><trkpt lat="43.39591217" lon="-5.82508755"><ele>185.89</ele><time>2024-09-04T13:28:00Z</time></trkpt><trkpt lat="43.39589691" lon="-5.82509041"><ele>185.96</ele><time>2024-09-04T13:28:01Z</time></trkpt><trkpt lat="43.39588547" lon="-5.82509375"><ele>185.97</ele><time>2024-09-04T13:28:02Z</time></trkpt><trkpt lat="43.39587021" lon="-5.82509708"><ele>185.98</ele><time>2024-09-04T13:28:03Z</time></trkpt><trkpt lat="43.39585495" lon="-5.82510090"><ele>186.00</ele><time>2024-09-04T13:28:04Z</time></trkpt><trkpt lat="43.39584351" lon="-5.82510424"><ele>186.05</ele><time>2024-09-04T13:28:05Z</time></trkpt><trkpt lat="43.39582825" lon="-5.82510757"><ele>186.09</ele><time>2024-09-04T13:28:06Z</time></trkpt><trkpt lat="43.39581299" lon="-5.82510948"><ele>186.10</ele><time>2024-09-04T13:28:07Z</time></trkpt><trkpt lat="43.39580154" lon="-5.82511139"><ele>186.12</ele><time>2024-09-04T13:28:08Z</time></trkpt><trkpt lat="43.39578629" lon="-5.82511425"><ele>186.18</ele><time>2024-09-04T13:28:09Z</time></trkpt><trkpt lat="43.39577484" lon="-5.82511806"><ele>186.22</ele><time>2024-09-04T13:28:10Z</time></trkpt><trkpt lat="43.39575958" lon="-5.82512283"><ele>186.25</ele><time>2024-09-04T13:28:11Z</time></trkpt><trkpt lat="43.39574432" lon="-5.82512760"><ele>186.29</ele><time>2024-09-04T13:28:12Z</time></trkpt><trkpt lat="43.39572906" lon="-5.82513189"><ele>186.36</ele><time>2024-09-04T13:28:13Z</time></trkpt><trkpt lat="43.39571762" lon="-5.82513523"><ele>186.39</ele><time>2024-09-04T13:28:14Z</time></trkpt><trkpt lat="43.39570236" lon="-5.82513809"><ele>186.45</ele><time>2024-09-04T13:28:15Z</time></trkpt><trkpt lat="43.39568710" lon="-5.82514000"><ele>186.53</ele><time>2024-09-04T13:28:16Z</time></trkpt><trkpt lat="43.39567566" lon="-5.82514238"><ele>186.61</ele><time>2024-09-04T13:28:17Z</time></trkpt><trkpt lat="43.39566040" lon="-5.82514429"><ele>186.69</ele><time>2024-09-04T13:28:18Z</time></trkpt><trkpt lat="43.39564514" lon="-5.82514620"><ele>186.72</ele><time>2024-09-04T13:28:19Z</time></trkpt><trkpt lat="43.39562988" lon="-5.82514811"><ele>186.73</ele><time>2024-09-04T13:28:20Z</time></trkpt><trkpt lat="43.39561462" lon="-5.82515001"><ele>186.76</ele><time>2024-09-04T13:28:21Z</time></trkpt><trkpt lat="43.39560318" lon="-5.82515240"><ele>186.84</ele><time>2024-09-04T13:28:22Z</time></trkpt><trkpt lat="43.39558792" lon="-5.82515478"><ele>186.89</ele><time>2024-09-04T13:28:23Z</time></trkpt><trkpt lat="43.39557266" lon="-5.82515717"><ele>186.91</ele><time>2024-09-04T13:28:24Z</time></trkpt><trkpt lat="43.39555740" lon="-5.82516003"><ele>186.97</ele><time>2024-09-04T13:28:25Z</time></trkpt><trkpt lat="43.39554214" lon="-5.82516289"><ele>187.02</ele><time>2024-09-04T13:28:26Z</time></trkpt><trkpt lat="43.39553070" lon="-5.82516527"><ele>187.11</ele><time>2024-09-04T13:28:27Z</time></trkpt><trkpt lat="43.39551544" lon="-5.82516813"><ele>187.15</ele><time>2024-09-04T13:28:28Z</time></trkpt><trkpt lat="43.39550018" lon="-5.82516956"><ele>187.23</ele><time>2024-09-04T13:28:29Z</time></trkpt><trkpt lat="43.39548492" lon="-5.82517004"><ele>187.31</ele><time>2024-09-04T13:28:30Z</time></trkpt><trkpt lat="43.39546967" lon="-5.82517099"><ele>187.39</ele><time>2024-09-04T13:28:31Z</time></trkpt><trkpt lat="43.39545822" lon="-5.82517195"><ele>187.44</ele><time>2024-09-04T13:28:32Z</time></trkpt><trkpt lat="43.39544296" lon="-5.82517290"><ele>187.45</ele><time>2024-09-04T13:28:33Z</time></trkpt><trkpt lat="43.39542770" lon="-5.82517385"><ele>187.50</ele><time>2024-09-04T13:28:34Z</time></trkpt><trkpt lat="43.39541245" lon="-5.82517481"><ele>187.54</ele><time>2024-09-04T13:28:35Z</time></trkpt><trkpt lat="43.39540100" lon="-5.82517529"><ele>187.63</ele><time>2024-09-04T13:28:36Z</time></trkpt><trkpt lat="43.39538574" lon="-5.82517624"><ele>187.72</ele><time>2024-09-04T13:28:37Z</time></trkpt><trkpt lat="43.39537430" lon="-5.82517624"><ele>187.74</ele><time>2024-09-04T13:28:38Z</time></trkpt><trkpt lat="43.39535904" lon="-5.82517576"><ele>187.78</ele><time>2024-09-04T13:28:39Z</time></trkpt><trkpt lat="43.39534760" lon="-5.82517529"><ele>187.83</ele><time>2024-09-04T13:28:40Z</time></trkpt><trkpt lat="43.39533234" lon="-5.82517385"><ele>187.85</ele><time>2024-09-04T13:28:41Z</time></trkpt><trkpt lat="43.39532089" lon="-5.82517242"><ele>187.85</ele><time>2024-09-04T13:28:42Z</time></trkpt><trkpt lat="43.39530563" lon="-5.82517052"><ele>187.88</ele><time>2024-09-04T13:28:43Z</time></trkpt><trkpt lat="43.39529419" lon="-5.82516861"><ele>187.91</ele><time>2024-09-04T13:28:44Z</time></trkpt><trkpt lat="43.39527893" lon="-5.82516623"><ele>187.98</ele><time>2024-09-04T13:28:45Z</time></trkpt><trkpt lat="43.39526749" lon="-5.82516432"><ele>188.04</ele><time>2024-09-04T13:28:46Z</time></trkpt><trkpt lat="43.39525223" lon="-5.82516241"><ele>188.07</ele><time>2024-09-04T13:28:47Z</time></trkpt><trkpt lat="43.39523697" lon="-5.82516050"><ele>188.11</ele><time>2024-09-04T13:28:48Z</time></trkpt><trkpt lat="43.39522171" lon="-5.82515764"><ele>188.12</ele><time>2024-09-04T13:28:49Z</time></trkpt><trkpt lat="43.39520645" lon="-5.82515574"><ele>188.13</ele><time>2024-09-04T13:28:50Z</time></trkpt><trkpt lat="43.39519119" lon="-5.82515335"><ele>188.18</ele><time>2024-09-04T13:28:51Z</time></trkpt><trkpt lat="43.39517975" lon="-5.82515097"><ele>188.26</ele><time>2024-09-04T13:28:52Z</time></trkpt><trkpt lat="43.39516449" lon="-5.82514906"><ele>188.34</ele><time>2024-09-04T13:28:53Z</time></trkpt><trkpt lat="43.39514923" lon="-5.82514668"><ele>188.36</ele><time>2024-09-04T13:28:54Z</time></trkpt><trkpt lat="43.39513779" lon="-5.82514477"><ele>188.41</ele><time>2024-09-04T13:28:55Z</time></trkpt><trkpt lat="43.39512253" lon="-5.82514381"><ele>188.45</ele><time>2024-09-04T13:28:56Z</time></trkpt><trkpt lat="43.39510727" lon="-5.82514286"><ele>188.50</ele><time>2024-09-04T13:28:57Z</time></trkpt><trkpt lat="43.39509201" lon="-5.82514238"><ele>188.58</ele><time>2024-09-04T13:28:58Z</time></trkpt><trkpt lat="43.39508057" lon="-5.82514286"><ele>188.66</ele><time>2024-09-04T13:28:59Z</time></trkpt><trkpt lat="43.39506531" lon="-5.82514334"><ele>188.76</ele><time>2024-09-04T13:29:00Z</time></trkpt><trkpt lat="43.39505005" lon="-5.82514429"><ele>188.82</ele><time>2024-09-04T13:29:01Z</time></trkpt><trkpt lat="43.39503860" lon="-5.82514572"><ele>188.87</ele><time>2024-09-04T13:29:02Z</time></trkpt><trkpt lat="43.39502335" lon="-5.82514715"><ele>188.93</ele><time>2024-09-04T13:29:03Z</time></trkpt><trkpt lat="43.39500809" lon="-5.82514858"><ele>188.98</ele><time>2024-09-04T13:29:04Z</time></trkpt><trkpt lat="43.39499283" lon="-5.82515001"><ele>189.03</ele><time>2024-09-04T13:29:05Z</time></trkpt><trkpt lat="43.39497757" lon="-5.82515144"><ele>189.12</ele><time>2024-09-04T13:29:06Z</time></trkpt><trkpt lat="43.39496231" lon="-5.82515240"><ele>189.20</ele><time>2024-09-04T13:29:07Z</time></trkpt><trkpt lat="43.39494705" lon="-5.82515287"><ele>189.28</ele><time>2024-09-04T13:29:08Z</time></trkpt><trkpt lat="43.39493179" lon="-5.82515430"><ele>189.34</ele><time>2024-09-04T13:29:09Z</time></trkpt><trkpt lat="43.39491653" lon="-5.82515526"><ele>189.41</ele><time>2024-09-04T13:29:10Z</time></trkpt><trkpt lat="43.39490128" lon="-5.82515621"><ele>189.47</ele><time>2024-09-04T13:29:11Z</time></trkpt><trkpt lat="43.39488602" lon="-5.82515669"><ele>189.53</ele><time>2024-09-04T13:29:12Z</time></trkpt><trkpt lat="43.39487457" lon="-5.82515669"><ele>189.63</ele><time>2024-09-04T13:29:13Z</time></trkpt><trkpt lat="43.39485931" lon="-5.82515621"><ele>189.70</ele><time>2024-09-04T13:29:14Z</time></trkpt><trkpt lat="43.39484406" lon="-5.82515526"><ele>189.72</ele><time>2024-09-04T13:29:15Z</time></trkpt><trkpt lat="43.39482880" lon="-5.82515383"><ele>189.74</ele><time>2024-09-04T13:29:16Z</time></trkpt><trkpt lat="43.39481354" lon="-5.82515287"><ele>189.74</ele><time>2024-09-04T13:29:17Z</time></trkpt><trkpt lat="43.39479828" lon="-5.82515097"><ele>189.76</ele><time>2024-09-04T13:29:18Z</time></trkpt><trkpt lat="43.39478302" lon="-5.82514954"><ele>189.77</ele><time>2024-09-04T13:29:19Z</time></trkpt><trkpt lat="43.39476776" lon="-5.82514763"><ele>189.84</ele><time>2024-09-04T13:29:20Z</time></trkpt><trkpt lat="43.39475250" lon="-5.82514572"><ele>189.90</ele><time>2024-09-04T13:29:21Z</time></trkpt><trkpt lat="43.39473724" lon="-5.82514381"><ele>189.91</ele><time>2024-09-04T13:29:22Z</time></trkpt><trkpt lat="43.39472198" lon="-5.82514238"><ele>189.93</ele><time>2024-09-04T13:29:23Z</time></trkpt><trkpt lat="43.39470673" lon="-5.82514143"><ele>189.95</ele><time>2024-09-04T13:29:24Z</time></trkpt><trkpt lat="43.39469147" lon="-5.82514095"><ele>189.96</ele><time>2024-09-04T13:29:25Z</time></trkpt><trkpt lat="43.39467621" lon="-5.82514095"><ele>189.99</ele><time>2024-09-04T13:29:26Z</time></trkpt><trkpt lat="43.39466095" lon="-5.82514048"><ele>189.99</ele><time>2024-09-04T13:29:27Z</time></trkpt><trkpt lat="43.39464569" lon="-5.82514000"><ele>190.01</ele><time>2024-09-04T13:29:28Z</time></trkpt><trkpt lat="43.39463043" lon="-5.82513952"><ele>190.03</ele><time>2024-09-04T13:29:29Z</time></trkpt><trkpt lat="43.39461517" lon="-5.82513809"><ele>190.03</ele><time>2024-09-04T13:29:30Z</time></trkpt><trkpt lat="43.39459991" lon="-5.82513666"><ele>190.04</ele><time>2024-09-04T13:29:31Z</time></trkpt><trkpt lat="43.39458466" lon="-5.82513475"><ele>190.04</ele><time>2024-09-04T13:29:32Z</time></trkpt><trkpt lat="43.39457321" lon="-5.82513237"><ele>190.05</ele><time>2024-09-04T13:29:33Z</time></trkpt><trkpt lat="43.39455795" lon="-5.82513046"><ele>190.10</ele><time>2024-09-04T13:29:34Z</time></trkpt><trkpt lat="43.39454269" lon="-5.82512903"><ele>190.12</ele><time>2024-09-04T13:29:35Z</time></trkpt><trkpt lat="43.39452744" lon="-5.82512712"><ele>190.13</ele><time>2024-09-04T13:29:36Z</time></trkpt><trkpt lat="43.39451218" lon="-5.82512522"><ele>190.15</ele><time>2024-09-04T13:29:37Z</time></trkpt><trkpt lat="43.39449692" lon="-5.82512331"><ele>190.15</ele><time>2024-09-04T13:29:38Z</time></trkpt><trkpt lat="43.39448166" lon="-5.82512188"><ele>190.15</ele><time>2024-09-04T13:29:39Z</time></trkpt><trkpt lat="43.39446640" lon="-5.82511997"><ele>190.16</ele><time>2024-09-04T13:29:40Z</time></trkpt><trkpt lat="43.39445114" lon="-5.82511854"><ele>190.17</ele><time>2024-09-04T13:29:41Z</time></trkpt><trkpt lat="43.39443588" lon="-5.82511711"><ele>190.19</ele><time>2024-09-04T13:29:42Z</time></trkpt><trkpt lat="43.39442062" lon="-5.82511616"><ele>190.24</ele><time>2024-09-04T13:29:43Z</time></trkpt><trkpt lat="43.39440536" lon="-5.82511473"><ele>190.25</ele><time>2024-09-04T13:29:44Z</time></trkpt><trkpt lat="43.39439011" lon="-5.82511330"><ele>190.26</ele><time>2024-09-04T13:29:45Z</time></trkpt><trkpt lat="43.39437485" lon="-5.82511091"><ele>190.26</ele><time>2024-09-04T13:29:46Z</time></trkpt><trkpt lat="43.39435959" lon="-5.82510900"><ele>190.26</ele><time>2024-09-04T13:29:47Z</time></trkpt><trkpt lat="43.39434433" lon="-5.82510662"><ele>190.26</ele><time>2024-09-04T13:29:48Z</time></trkpt><trkpt lat="43.39432907" lon="-5.82510424"><ele>190.27</ele><time>2024-09-04T13:29:49Z</time></trkpt><trkpt lat="43.39431381" lon="-5.82510233"><ele>190.27</ele><time>2024-09-04T13:29:50Z</time></trkpt><trkpt lat="43.39429855" lon="-5.82509995"><ele>190.30</ele><time>2024-09-04T13:29:51Z</time></trkpt><trkpt lat="43.39428329" lon="-5.82509804"><ele>190.31</ele><time>2024-09-04T13:29:52Z</time></trkpt><trkpt lat="43.39426804" lon="-5.82509565"><ele>190.33</ele><time>2024-09-04T13:29:53Z</time></trkpt><trkpt lat="43.39425278" lon="-5.82509279"><ele>190.33</ele><time>2024-09-04T13:29:54Z</time></trkpt><trkpt lat="43.39423752" lon="-5.82509041"><ele>190.34</ele><time>2024-09-04T13:29:55Z</time></trkpt><trkpt lat="43.39422226" lon="-5.82508802"><ele>190.35</ele><time>2024-09-04T13:29:56Z</time></trkpt><trkpt lat="43.39420700" lon="-5.82508564"><ele>190.35</ele><time>2024-09-04T13:29:57Z</time></trkpt><trkpt lat="43.39419174" lon="-5.82508373"><ele>190.36</ele><time>2024-09-04T13:29:58Z</time></trkpt><trkpt lat="43.39418030" lon="-5.82508278"><ele>190.36</ele><time>2024-09-04T13:29:59Z</time></trkpt><trkpt lat="43.39416504" lon="-5.82508135"><ele>190.35</ele><time>2024-09-04T13:30:00Z</time></trkpt><trkpt lat="43.39414978" lon="-5.82508039"><ele>190.35</ele><time>2024-09-04T13:30:01Z</time></trkpt><trkpt lat="43.39413834" lon="-5.82507944"><ele>190.35</ele><time>2024-09-04T13:30:02Z</time></trkpt><trkpt lat="43.39412308" lon="-5.82507849"><ele>190.35</ele><time>2024-09-04T13:30:03Z</time></trkpt><trkpt lat="43.39410782" lon="-5.82507706"><ele>190.35</ele><time>2024-09-04T13:30:04Z</time></trkpt><trkpt lat="43.39409256" lon="-5.82507563"><ele>190.35</ele><time>2024-09-04T13:30:05Z</time></trkpt><trkpt lat="43.39407730" lon="-5.82507420"><ele>190.35</ele><time>2024-09-04T13:30:06Z</time></trkpt><trkpt lat="43.39406204" lon="-5.82507324"><ele>190.35</ele><time>2024-09-04T13:30:07Z</time></trkpt><trkpt lat="43.39404678" lon="-5.82507181"><ele>190.35</ele><time>2024-09-04T13:30:08Z</time></trkpt><trkpt lat="43.39403152" lon="-5.82507038"><ele>190.36</ele><time>2024-09-04T13:30:09Z</time></trkpt><trkpt lat="43.39402008" lon="-5.82506990"><ele>190.36</ele><time>2024-09-04T13:30:10Z</time></trkpt><trkpt lat="43.39400482" lon="-5.82506895"><ele>190.37</ele><time>2024-09-04T13:30:11Z</time></trkpt><trkpt lat="43.39398956" lon="-5.82506752"><ele>190.37</ele><time>2024-09-04T13:30:12Z</time></trkpt><trkpt lat="43.39397430" lon="-5.82506609"><ele>190.37</ele><time>2024-09-04T13:30:13Z</time></trkpt><trkpt lat="43.39395905" lon="-5.82506371"><ele>190.37</ele><time>2024-09-04T13:30:14Z</time></trkpt><trkpt lat="43.39394379" lon="-5.82506180"><ele>190.38</ele><time>2024-09-04T13:30:15Z</time></trkpt><trkpt lat="43.39392853" lon="-5.82505989"><ele>190.39</ele><time>2024-09-04T13:30:16Z</time></trkpt><trkpt lat="43.39391327" lon="-5.82505846"><ele>190.39</ele><time>2024-09-04T13:30:17Z</time></trkpt><trkpt lat="43.39389801" lon="-5.82505798"><ele>190.40</ele><time>2024-09-04T13:30:18Z</time></trkpt><trkpt lat="43.39388275" lon="-5.82505798"><ele>190.42</ele><time>2024-09-04T13:30:19Z</time></trkpt><trkpt lat="43.39386749" lon="-5.82505894"><ele>190.44</ele><time>2024-09-04T13:30:20Z</time></trkpt><trkpt lat="43.39385223" lon="-5.82506084"><ele>190.45</ele><time>2024-09-04T13:30:21Z</time></trkpt><trkpt lat="43.39383698" lon="-5.82506275"><ele>190.45</ele><time>2024-09-04T13:30:22Z</time></trkpt><trkpt lat="43.39382172" lon="-5.82506418"><ele>190.46</ele><time>2024-09-04T13:30:23Z</time></trkpt><trkpt lat="43.39380646" lon="-5.82506609"><ele>190.46</ele><time>2024-09-04T13:30:24Z</time></trkpt><trkpt lat="43.39379120" lon="-5.82506800"><ele>190.47</ele><time>2024-09-04T13:30:25Z</time></trkpt><trkpt lat="43.39377975" lon="-5.82507038"><ele>190.50</ele><time>2024-09-04T13:30:26Z</time></trkpt><trkpt lat="43.39376450" lon="-5.82507324"><ele>190.52</ele><time>2024-09-04T13:30:27Z</time></trkpt><trkpt lat="43.39374924" lon="-5.82507610"><ele>190.54</ele><time>2024-09-04T13:30:28Z</time></trkpt><trkpt lat="43.39373398" lon="-5.82508039"><ele>190.54</ele><time>2024-09-04T13:30:29Z</time></trkpt><trkpt lat="43.39371872" lon="-5.82508516"><ele>190.55</ele><time>2024-09-04T13:30:30Z</time></trkpt><trkpt lat="43.39370728" lon="-5.82509041"><ele>190.56</ele><time>2024-09-04T13:30:31Z</time></trkpt><trkpt lat="43.39369202" lon="-5.82509613"><ele>190.56</ele><time>2024-09-04T13:30:32Z</time></trkpt><trkpt lat="43.39367676" lon="-5.82510185"><ele>190.58</ele><time>2024-09-04T13:30:33Z</time></trkpt><trkpt lat="43.39366531" lon="-5.82510805"><ele>190.63</ele><time>2024-09-04T13:30:34Z</time></trkpt><trkpt lat="43.39365005" lon="-5.82511473"><ele>190.67</ele><time>2024-09-04T13:30:35Z</time></trkpt><trkpt lat="43.39363480" lon="-5.82512140"><ele>190.70</ele><time>2024-09-04T13:30:36Z</time></trkpt><trkpt lat="43.39362335" lon="-5.82512760"><ele>190.70</ele><time>2024-09-04T13:30:37Z</time></trkpt><trkpt lat="43.39360809" lon="-5.82513428"><ele>190.71</ele><time>2024-09-04T13:30:38Z</time></trkpt><trkpt lat="43.39359283" lon="-5.82514143"><ele>190.73</ele><time>2024-09-04T13:30:39Z</time></trkpt><trkpt lat="43.39358139" lon="-5.82514906"><ele>190.77</ele><time>2024-09-04T13:30:40Z</time></trkpt><trkpt lat="43.39356613" lon="-5.82515669"><ele>190.84</ele><time>2024-09-04T13:30:41Z</time></trkpt><trkpt lat="43.39355469" lon="-5.82516432"><ele>190.90</ele><time>2024-09-04T13:30:42Z</time></trkpt><trkpt lat="43.39353943" lon="-5.82517099"><ele>190.91</ele><time>2024-09-04T13:30:43Z</time></trkpt><trkpt lat="43.39352798" lon="-5.82517815"><ele>190.95</ele><time>2024-09-04T13:30:44Z</time></trkpt><trkpt lat="43.39351654" lon="-5.82518578"><ele>190.99</ele><time>2024-09-04T13:30:45Z</time></trkpt><trkpt lat="43.39350510" lon="-5.82519245"><ele>191.00</ele><time>2024-09-04T13:30:46Z</time></trkpt><trkpt lat="43.39349365" lon="-5.82520008"><ele>191.02</ele><time>2024-09-04T13:30:47Z</time></trkpt><trkpt lat="43.39347839" lon="-5.82520771"><ele>191.08</ele><time>2024-09-04T13:30:48Z</time></trkpt><trkpt lat="43.39346695" lon="-5.82521582"><ele>191.14</ele><time>2024-09-04T13:30:49Z</time></trkpt><trkpt lat="43.39345551" lon="-5.82522345"><ele>191.15</ele><time>2024-09-04T13:30:50Z</time></trkpt><trkpt lat="43.39344406" lon="-5.82523203"><ele>191.16</ele><time>2024-09-04T13:30:51Z</time></trkpt><trkpt lat="43.39343262" lon="-5.82524109"><ele>191.20</ele><time>2024-09-04T13:30:52Z</time></trkpt><trkpt lat="43.39342117" lon="-5.82524967"><ele>191.27</ele><time>2024-09-04T13:30:53Z</time></trkpt><trkpt lat="43.39340973" lon="-5.82525873"><ele>191.31</ele><time>2024-09-04T13:30:54Z</time></trkpt><trkpt lat="43.39339828" lon="-5.82526827"><ele>191.38</ele><time>2024-09-04T13:30:55Z</time></trkpt><trkpt lat="43.39338684" lon="-5.82527781"><ele>191.44</ele><time>2024-09-04T13:30:56Z</time></trkpt><trkpt lat="43.39337540" lon="-5.82528734"><ele>191.48</ele><time>2024-09-04T13:30:57Z</time></trkpt><trkpt lat="43.39336395" lon="-5.82529783"><ele>191.55</ele><time>2024-09-04T13:30:58Z</time></trkpt><trkpt lat="43.39335251" lon="-5.82530785"><ele>191.62</ele><time>2024-09-04T13:30:59Z</time></trkpt><trkpt lat="43.39334488" lon="-5.82531738"><ele>191.64</ele><time>2024-09-04T13:31:00Z</time></trkpt><trkpt lat="43.39333344" lon="-5.82532740"><ele>191.69</ele><time>2024-09-04T13:31:01Z</time></trkpt><trkpt lat="43.39332199" lon="-5.82533693"><ele>191.71</ele><time>2024-09-04T13:31:02Z</time></trkpt><trkpt lat="43.39331055" lon="-5.82534695"><ele>191.72</ele><time>2024-09-04T13:31:03Z</time></trkpt><trkpt lat="43.39329910" lon="-5.82535696"><ele>191.77</ele><time>2024-09-04T13:31:04Z</time></trkpt><trkpt lat="43.39328766" lon="-5.82536697"><ele>191.83</ele><time>2024-09-04T13:31:05Z</time></trkpt><trkpt lat="43.39327621" lon="-5.82537651"><ele>191.90</ele><time>2024-09-04T13:31:06Z</time></trkpt><trkpt lat="43.39326477" lon="-5.82538605"><ele>191.96</ele><time>2024-09-04T13:31:07Z</time></trkpt><trkpt lat="43.39325333" lon="-5.82539463"><ele>191.97</ele><time>2024-09-04T13:31:08Z</time></trkpt><trkpt lat="43.39324188" lon="-5.82540369"><ele>192.02</ele><time>2024-09-04T13:31:09Z</time></trkpt><trkpt lat="43.39322662" lon="-5.82541275"><ele>192.08</ele><time>2024-09-04T13:31:10Z</time></trkpt><trkpt lat="43.39321518" lon="-5.82542038"><ele>192.09</ele><time>2024-09-04T13:31:11Z</time></trkpt><trkpt lat="43.39320374" lon="-5.82542753"><ele>192.10</ele><time>2024-09-04T13:31:12Z</time></trkpt><trkpt lat="43.39319229" lon="-5.82543421"><ele>192.11</ele><time>2024-09-04T13:31:13Z</time></trkpt><trkpt lat="43.39318085" lon="-5.82544136"><ele>192.15</ele><time>2024-09-04T13:31:14Z</time></trkpt><trkpt lat="43.39316940" lon="-5.82544708"><ele>192.17</ele><time>2024-09-04T13:31:15Z</time></trkpt><trkpt lat="43.39315414" lon="-5.82545280"><ele>192.19</ele><time>2024-09-04T13:31:16Z</time></trkpt><trkpt lat="43.39314270" lon="-5.82545757"><ele>192.20</ele><time>2024-09-04T13:31:17Z</time></trkpt><trkpt lat="43.39312744" lon="-5.82546139"><ele>192.21</ele><time>2024-09-04T13:31:18Z</time></trkpt><trkpt lat="43.39311218" lon="-5.82546473"><ele>192.22</ele><time>2024-09-04T13:31:19Z</time></trkpt><trkpt lat="43.39310074" lon="-5.82546854"><ele>192.27</ele><time>2024-09-04T13:31:20Z</time></trkpt><trkpt lat="43.39308548" lon="-5.82547092"><ele>192.28</ele><time>2024-09-04T13:31:21Z</time></trkpt><trkpt lat="43.39307022" lon="-5.82547188"><ele>192.28</ele><time>2024-09-04T13:31:22Z</time></trkpt><trkpt lat="43.39305878" lon="-5.82547283"><ele>192.29</ele><time>2024-09-04T13:31:23Z</time></trkpt><trkpt lat="43.39304352" lon="-5.82547283"><ele>192.30</ele><time>2024-09-04T13:31:24Z</time></trkpt><trkpt lat="43.39302826" lon="-5.82547235"><ele>192.30</ele><time>2024-09-04T13:31:25Z</time></trkpt><trkpt lat="43.39301300" lon="-5.82547140"><ele>192.31</ele><time>2024-09-04T13:31:26Z</time></trkpt><trkpt lat="43.39300156" lon="-5.82547045"><ele>192.31</ele><time>2024-09-04T13:31:27Z</time></trkpt><trkpt lat="43.39298630" lon="-5.82546902"><ele>192.33</ele><time>2024-09-04T13:31:28Z</time></trkpt><trkpt lat="43.39297104" lon="-5.82546759"><ele>192.38</ele><time>2024-09-04T13:31:29Z</time></trkpt><trkpt lat="43.39295578" lon="-5.82546473"><ele>192.38</ele><time>2024-09-04T13:31:30Z</time></trkpt><trkpt lat="43.39294434" lon="-5.82546186"><ele>192.39</ele><time>2024-09-04T13:31:31Z</time></trkpt><trkpt lat="43.39292908" lon="-5.82545805"><ele>192.40</ele><time>2024-09-04T13:31:32Z</time></trkpt><trkpt lat="43.39291382" lon="-5.82545424"><ele>192.41</ele><time>2024-09-04T13:31:33Z</time></trkpt><trkpt lat="43.39289856" lon="-5.82544947"><ele>192.43</ele><time>2024-09-04T13:31:34Z</time></trkpt><trkpt lat="43.39288330" lon="-5.82544470"><ele>192.44</ele><time>2024-09-04T13:31:35Z</time></trkpt><trkpt lat="43.39286804" lon="-5.82543898"><ele>192.44</ele><time>2024-09-04T13:31:36Z</time></trkpt><trkpt lat="43.39285660" lon="-5.82543325"><ele>192.43</ele><time>2024-09-04T13:31:37Z</time></trkpt><trkpt lat="43.39284134" lon="-5.82542610"><ele>192.44</ele><time>2024-09-04T13:31:38Z</time></trkpt><trkpt lat="43.39282608" lon="-5.82541847"><ele>192.43</ele><time>2024-09-04T13:31:39Z</time></trkpt><trkpt lat="43.39281464" lon="-5.82541037"><ele>192.44</ele><time>2024-09-04T13:31:40Z</time></trkpt><trkpt lat="43.39280319" lon="-5.82540083"><ele>192.43</ele><time>2024-09-04T13:31:41Z</time></trkpt><trkpt lat="43.39278793" lon="-5.82539177"><ele>192.44</ele><time>2024-09-04T13:31:42Z</time></trkpt><trkpt lat="43.39277649" lon="-5.82538176"><ele>192.44</ele><time>2024-09-04T13:31:43Z</time></trkpt><trkpt lat="43.39276505" lon="-5.82537222"><ele>192.44</ele><time>2024-09-04T13:31:44Z</time></trkpt><trkpt lat="43.39274979" lon="-5.82536268"><ele>192.45</ele><time>2024-09-04T13:31:45Z</time></trkpt><trkpt lat="43.39273834" lon="-5.82535267"><ele>192.45</ele><time>2024-09-04T13:31:46Z</time></trkpt><trkpt lat="43.39272308" lon="-5.82534218"><ele>192.45</ele><time>2024-09-04T13:31:47Z</time></trkpt><trkpt lat="43.39271164" lon="-5.82533216"><ele>192.44</ele><time>2024-09-04T13:31:48Z</time></trkpt><trkpt lat="43.39270020" lon="-5.82532120"><ele>192.43</ele><time>2024-09-04T13:31:49Z</time></trkpt><trkpt lat="43.39268494" lon="-5.82531071"><ele>192.43</ele><time>2024-09-04T13:31:50Z</time></trkpt><trkpt lat="43.39267349" lon="-5.82529926"><ele>192.42</ele><time>2024-09-04T13:31:51Z</time></trkpt><trkpt lat="43.39266205" lon="-5.82528782"><ele>192.42</ele><time>2024-09-04T13:31:52Z</time></trkpt><trkpt lat="43.39264679" lon="-5.82527637"><ele>192.41</ele><time>2024-09-04T13:31:53Z</time></trkpt><trkpt lat="43.39263535" lon="-5.82526493"><ele>192.40</ele><time>2024-09-04T13:31:54Z</time></trkpt><trkpt lat="43.39262390" lon="-5.82525301"><ele>192.38</ele><time>2024-09-04T13:31:55Z</time></trkpt><trkpt lat="43.39261246" lon="-5.82524061"><ele>192.36</ele><time>2024-09-04T13:31:56Z</time></trkpt><trkpt lat="43.39259720" lon="-5.82522917"><ele>192.35</ele><time>2024-09-04T13:31:57Z</time></trkpt><trkpt lat="43.39258575" lon="-5.82521677"><ele>192.33</ele><time>2024-09-04T13:31:58Z</time></trkpt><trkpt lat="43.39257431" lon="-5.82520533"><ele>192.33</ele><time>2024-09-04T13:31:59Z</time></trkpt><trkpt lat="43.39256287" lon="-5.82519341"><ele>192.32</ele><time>2024-09-04T13:32:00Z</time></trkpt><trkpt lat="43.39254761" lon="-5.82518101"><ele>192.31</ele><time>2024-09-04T13:32:01Z</time></trkpt><trkpt lat="43.39253616" lon="-5.82516956"><ele>192.29</ele><time>2024-09-04T13:32:02Z</time></trkpt><trkpt lat="43.39252472" lon="-5.82515812"><ele>192.28</ele><time>2024-09-04T13:32:03Z</time></trkpt><trkpt lat="43.39251328" lon="-5.82514620"><ele>192.26</ele><time>2024-09-04T13:32:04Z</time></trkpt><trkpt lat="43.39250183" lon="-5.82513475"><ele>192.26</ele><time>2024-09-04T13:32:05Z</time></trkpt><trkpt lat="43.39248657" lon="-5.82512236"><ele>192.24</ele><time>2024-09-04T13:32:06Z</time></trkpt><trkpt lat="43.39247513" lon="-5.82511044"><ele>192.22</ele><time>2024-09-04T13:32:07Z</time></trkpt><trkpt lat="43.39246368" lon="-5.82509899"><ele>192.20</ele><time>2024-09-04T13:32:08Z</time></trkpt><trkpt lat="43.39245224" lon="-5.82508802"><ele>192.20</ele><time>2024-09-04T13:32:09Z</time></trkpt><trkpt lat="43.39244080" lon="-5.82507658"><ele>192.19</ele><time>2024-09-04T13:32:10Z</time></trkpt><trkpt lat="43.39242554" lon="-5.82506514"><ele>192.17</ele><time>2024-09-04T13:32:11Z</time></trkpt><trkpt lat="43.39241409" lon="-5.82505465"><ele>192.17</ele><time>2024-09-04T13:32:12Z</time></trkpt><trkpt lat="43.39240265" lon="-5.82504320"><ele>192.15</ele><time>2024-09-04T13:32:13Z</time></trkpt><trkpt lat="43.39239120" lon="-5.82503176"><ele>192.13</ele><time>2024-09-04T13:32:14Z</time></trkpt><trkpt lat="43.39237595" lon="-5.82502079"><ele>192.13</ele><time>2024-09-04T13:32:15Z</time></trkpt><trkpt lat="43.39236450" lon="-5.82500887"><ele>192.10</ele><time>2024-09-04T13:32:16Z</time></trkpt><trkpt lat="43.39235306" lon="-5.82499743"><ele>192.10</ele><time>2024-09-04T13:32:17Z</time></trkpt><trkpt lat="43.39234161" lon="-5.82498503"><ele>192.08</ele><time>2024-09-04T13:32:18Z</time></trkpt><trkpt lat="43.39233017" lon="-5.82497311"><ele>192.07</ele><time>2024-09-04T13:32:19Z</time></trkpt><trkpt lat="43.39231873" lon="-5.82496023"><ele>192.06</ele><time>2024-09-04T13:32:20Z</time></trkpt><trkpt lat="43.39230728" lon="-5.82494783"><ele>192.05</ele><time>2024-09-04T13:32:21Z</time></trkpt><trkpt lat="43.39229584" lon="-5.82493496"><ele>192.04</ele><time>2024-09-04T13:32:22Z</time></trkpt><trkpt lat="43.39228439" lon="-5.82492256"><ele>192.03</ele><time>2024-09-04T13:32:23Z</time></trkpt><trkpt lat="43.39226913" lon="-5.82490921"><ele>192.02</ele><time>2024-09-04T13:32:24Z</time></trkpt><trkpt lat="43.39225769" lon="-5.82489681"><ele>192.01</ele><time>2024-09-04T13:32:25Z</time></trkpt><trkpt lat="43.39224625" lon="-5.82488346"><ele>192.00</ele><time>2024-09-04T13:32:26Z</time></trkpt><trkpt lat="43.39223480" lon="-5.82487011"><ele>191.98</ele><time>2024-09-04T13:32:27Z</time></trkpt><trkpt lat="43.39222336" lon="-5.82485723"><ele>191.97</ele><time>2024-09-04T13:32:28Z</time></trkpt><trkpt lat="43.39221191" lon="-5.82484484"><ele>191.96</ele><time>2024-09-04T13:32:29Z</time></trkpt><trkpt lat="43.39220047" lon="-5.82483196"><ele>191.96</ele><time>2024-09-04T13:32:30Z</time></trkpt><trkpt lat="43.39218903" lon="-5.82481956"><ele>191.96</ele><time>2024-09-04T13:32:31Z</time></trkpt><trkpt lat="43.39217377" lon="-5.82480669"><ele>191.96</ele><time>2024-09-04T13:32:32Z</time></trkpt><trkpt lat="43.39216232" lon="-5.82479382"><ele>191.95</ele><time>2024-09-04T13:32:33Z</time></trkpt><trkpt lat="43.39215088" lon="-5.82478094"><ele>191.95</ele><time>2024-09-04T13:32:34Z</time></trkpt><trkpt lat="43.39213943" lon="-5.82476711"><ele>191.93</ele><time>2024-09-04T13:32:35Z</time></trkpt><trkpt lat="43.39212799" lon="-5.82475471"><ele>191.93</ele><time>2024-09-04T13:32:36Z</time></trkpt><trkpt lat="43.39211655" lon="-5.82474184"><ele>191.92</ele><time>2024-09-04T13:32:37Z</time></trkpt><trkpt lat="43.39210129" lon="-5.82472897"><ele>191.91</ele><time>2024-09-04T13:32:38Z</time></trkpt><trkpt lat="43.39208984" lon="-5.82471609"><ele>191.91</ele><time>2024-09-04T13:32:39Z</time></trkpt><trkpt lat="43.39207840" lon="-5.82470179"><ele>191.90</ele><time>2024-09-04T13:32:40Z</time></trkpt><trkpt lat="43.39206696" lon="-5.82468843"><ele>191.90</ele><time>2024-09-04T13:32:41Z</time></trkpt><trkpt lat="43.39205551" lon="-5.82467556"><ele>191.90</ele><time>2024-09-04T13:32:42Z</time></trkpt><trkpt lat="43.39204407" lon="-5.82466364"><ele>191.90</ele><time>2024-09-04T13:32:43Z</time></trkpt><trkpt lat="43.39203262" lon="-5.82465219"><ele>191.90</ele><time>2024-09-04T13:32:44Z</time></trkpt><trkpt lat="43.39201736" lon="-5.82464075"><ele>191.89</ele><time>2024-09-04T13:32:45Z</time></trkpt><trkpt lat="43.39200592" lon="-5.82463074"><ele>191.89</ele><time>2024-09-04T13:32:46Z</time></trkpt><trkpt lat="43.39199448" lon="-5.82462120"><ele>191.89</ele><time>2024-09-04T13:32:47Z</time></trkpt><trkpt lat="43.39198303" lon="-5.82461119"><ele>191.90</ele><time>2024-09-04T13:32:48Z</time></trkpt><trkpt lat="43.39196777" lon="-5.82460022"><ele>191.90</ele><time>2024-09-04T13:32:49Z</time></trkpt><trkpt lat="43.39195633" lon="-5.82459021"><ele>191.89</ele><time>2024-09-04T13:32:50Z</time></trkpt><trkpt lat="43.39194107" lon="-5.82458067"><ele>191.88</ele><time>2024-09-04T13:32:51Z</time></trkpt><trkpt lat="43.39192963" lon="-5.82457161"><ele>191.87</ele><time>2024-09-04T13:32:52Z</time></trkpt><trkpt lat="43.39191437" lon="-5.82456255"><ele>191.88</ele><time>2024-09-04T13:32:53Z</time></trkpt><trkpt lat="43.39190292" lon="-5.82455301"><ele>191.87</ele><time>2024-09-04T13:32:54Z</time></trkpt><trkpt lat="43.39189148" lon="-5.82454443"><ele>191.88</ele><time>2024-09-04T13:32:55Z</time></trkpt><trkpt lat="43.39187622" lon="-5.82453489"><ele>191.88</ele><time>2024-09-04T13:32:56Z</time></trkpt><trkpt lat="43.39186478" lon="-5.82452631"><ele>191.87</ele><time>2024-09-04T13:32:57Z</time></trkpt><trkpt lat="43.39184952" lon="-5.82451868"><ele>191.87</ele><time>2024-09-04T13:32:58Z</time></trkpt><trkpt lat="43.39183807" lon="-5.82451105"><ele>191.87</ele><time>2024-09-04T13:32:59Z</time></trkpt><trkpt lat="43.39182281" lon="-5.82450390"><ele>191.86</ele><time>2024-09-04T13:33:00Z</time></trkpt><trkpt lat="43.39181137" lon="-5.82449770"><ele>191.86</ele><time>2024-09-04T13:33:01Z</time></trkpt><trkpt lat="43.39179611" lon="-5.82449341"><ele>191.85</ele><time>2024-09-04T13:33:02Z</time></trkpt><trkpt lat="43.39178085" lon="-5.82448912"><ele>191.85</ele><time>2024-09-04T13:33:03Z</time></trkpt><trkpt lat="43.39176941" lon="-5.82448483"><ele>191.85</ele><time>2024-09-04T13:33:04Z</time></trkpt><trkpt lat="43.39175415" lon="-5.82448053"><ele>191.84</ele><time>2024-09-04T13:33:05Z</time></trkpt><trkpt lat="43.39174271" lon="-5.82447767"><ele>191.84</ele><time>2024-09-04T13:33:06Z</time></trkpt><trkpt lat="43.39172745" lon="-5.82447529"><ele>191.84</ele><time>2024-09-04T13:33:07Z</time></trkpt><trkpt lat="43.39171219" lon="-5.82447338"><ele>191.84</ele><time>2024-09-04T13:33:08Z</time></trkpt><trkpt lat="43.39169693" lon="-5.82447243"><ele>191.83</ele><time>2024-09-04T13:33:09Z</time></trkpt><trkpt lat="43.39168167" lon="-5.82447195"><ele>191.83</ele><time>2024-09-04T13:33:10Z</time></trkpt><trkpt lat="43.39166641" lon="-5.82447147"><ele>191.82</ele><time>2024-09-04T13:33:11Z</time></trkpt><trkpt lat="43.39165497" lon="-5.82447100"><ele>191.82</ele><time>2024-09-04T13:33:12Z</time></trkpt><trkpt lat="43.39163971" lon="-5.82447100"><ele>191.82</ele><time>2024-09-04T13:33:13Z</time></trkpt><trkpt lat="43.39162445" lon="-5.82447195"><ele>191.82</ele><time>2024-09-04T13:33:14Z</time></trkpt><trkpt lat="43.39160919" lon="-5.82447290"><ele>191.83</ele><time>2024-09-04T13:33:15Z</time></trkpt><trkpt lat="43.39159393" lon="-5.82447529"><ele>191.82</ele><time>2024-09-04T13:33:16Z</time></trkpt><trkpt lat="43.39158249" lon="-5.82447863"><ele>191.82</ele><time>2024-09-04T13:33:17Z</time></trkpt><trkpt lat="43.39156723" lon="-5.82448244"><ele>191.82</ele><time>2024-09-04T13:33:18Z</time></trkpt><trkpt lat="43.39155197" lon="-5.82448626"><ele>191.81</ele><time>2024-09-04T13:33:19Z</time></trkpt><trkpt lat="43.39153671" lon="-5.82449102"><ele>191.81</ele><time>2024-09-04T13:33:20Z</time></trkpt><trkpt lat="43.39152527" lon="-5.82449532"><ele>191.80</ele><time>2024-09-04T13:33:21Z</time></trkpt><trkpt lat="43.39151001" lon="-5.82450008"><ele>191.79</ele><time>2024-09-04T13:33:22Z</time></trkpt><trkpt lat="43.39149475" lon="-5.82450485"><ele>191.78</ele><time>2024-09-04T13:33:23Z</time></trkpt><trkpt lat="43.39147949" lon="-5.82451010"><ele>191.78</ele><time>2024-09-04T13:33:24Z</time></trkpt><trkpt lat="43.39146423" lon="-5.82451582"><ele>191.77</ele><time>2024-09-04T13:33:25Z</time></trkpt><trkpt lat="43.39145279" lon="-5.82452059"><ele>191.75</ele><time>2024-09-04T13:33:26Z</time></trkpt><trkpt lat="43.39143753" lon="-5.82452583"><ele>191.71</ele><time>2024-09-04T13:33:27Z</time></trkpt><trkpt lat="43.39142227" lon="-5.82453060"><ele>191.65</ele><time>2024-09-04T13:33:28Z</time></trkpt><trkpt lat="43.39140701" lon="-5.82453585"><ele>191.60</ele><time>2024-09-04T13:33:29Z</time></trkpt><trkpt lat="43.39139557" lon="-5.82454109"><ele>191.59</ele><time>2024-09-04T13:33:30Z</time></trkpt><trkpt lat="43.39138031" lon="-5.82454586"><ele>191.55</ele><time>2024-09-04T13:33:31Z</time></trkpt><trkpt lat="43.39136505" lon="-5.82455063"><ele>191.54</ele><time>2024-09-04T13:33:32Z</time></trkpt><trkpt lat="43.39134979" lon="-5.82455635"><ele>191.54</ele><time>2024-09-04T13:33:33Z</time></trkpt><trkpt lat="43.39133835" lon="-5.82456112"><ele>191.50</ele><time>2024-09-04T13:33:34Z</time></trkpt><trkpt lat="43.39132309" lon="-5.82456684"><ele>191.48</ele><time>2024-09-04T13:33:35Z</time></trkpt><trkpt lat="43.39130783" lon="-5.82457209"><ele>191.44</ele><time>2024-09-04T13:33:36Z</time></trkpt><trkpt lat="43.39129639" lon="-5.82457781"><ele>191.40</ele><time>2024-09-04T13:33:37Z</time></trkpt><trkpt lat="43.39128113" lon="-5.82458353"><ele>191.34</ele><time>2024-09-04T13:33:38Z</time></trkpt><trkpt lat="43.39126587" lon="-5.82458973"><ele>191.29</ele><time>2024-09-04T13:33:39Z</time></trkpt><trkpt lat="43.39125443" lon="-5.82459641"><ele>191.21</ele><time>2024-09-04T13:33:40Z</time></trkpt><trkpt lat="43.39123917" lon="-5.82460403"><ele>191.15</ele><time>2024-09-04T13:33:41Z</time></trkpt><trkpt lat="43.39122772" lon="-5.82461119"><ele>191.14</ele><time>2024-09-04T13:33:42Z</time></trkpt><trkpt lat="43.39121246" lon="-5.82461834"><ele>191.14</ele><time>2024-09-04T13:33:43Z</time></trkpt><trkpt lat="43.39120102" lon="-5.82462597"><ele>191.14</ele><time>2024-09-04T13:33:44Z</time></trkpt><trkpt lat="43.39118576" lon="-5.82463312"><ele>191.14</ele><time>2024-09-04T13:33:45Z</time></trkpt><trkpt lat="43.39117050" lon="-5.82464027"><ele>191.11</ele><time>2024-09-04T13:33:46Z</time></trkpt><trkpt lat="43.39115906" lon="-5.82464743"><ele>191.06</ele><time>2024-09-04T13:33:47Z</time></trkpt><trkpt lat="43.39114380" lon="-5.82465458"><ele>191.02</ele><time>2024-09-04T13:33:48Z</time></trkpt><trkpt lat="43.39113235" lon="-5.82466078"><ele>190.96</ele><time>2024-09-04T13:33:49Z</time></trkpt><trkpt lat="43.39112091" lon="-5.82466745"><ele>190.95</ele><time>2024-09-04T13:33:50Z</time></trkpt><trkpt lat="43.39110947" lon="-5.82467461"><ele>190.94</ele><time>2024-09-04T13:33:51Z</time></trkpt><trkpt lat="43.39109802" lon="-5.82468224"><ele>190.94</ele><time>2024-09-04T13:33:52Z</time></trkpt><trkpt lat="43.39108276" lon="-5.82469034"><ele>190.94</ele><time>2024-09-04T13:33:53Z</time></trkpt><trkpt lat="43.39107132" lon="-5.82469749"><ele>190.94</ele><time>2024-09-04T13:33:54Z</time></trkpt><trkpt lat="43.39105606" lon="-5.82470465"><ele>190.93</ele><time>2024-09-04T13:33:55Z</time></trkpt><trkpt lat="43.39104462" lon="-5.82471037"><ele>190.88</ele><time>2024-09-04T13:33:56Z</time></trkpt><trkpt lat="43.39102936" lon="-5.82471704"><ele>190.84</ele><time>2024-09-04T13:33:57Z</time></trkpt><trkpt lat="43.39101410" lon="-5.82472420"><ele>190.77</ele><time>2024-09-04T13:33:58Z</time></trkpt><trkpt lat="43.39100266" lon="-5.82473135"><ele>190.73</ele><time>2024-09-04T13:33:59Z</time></trkpt><trkpt lat="43.39098740" lon="-5.82473898"><ele>190.66</ele><time>2024-09-04T13:34:00Z</time></trkpt><trkpt lat="43.39097595" lon="-5.82474661"><ele>190.61</ele><time>2024-09-04T13:34:01Z</time></trkpt><trkpt lat="43.39096451" lon="-5.82475519"><ele>190.60</ele><time>2024-09-04T13:34:02Z</time></trkpt><trkpt lat="43.39095306" lon="-5.82476377"><ele>190.60</ele><time>2024-09-04T13:34:03Z</time></trkpt><trkpt lat="43.39093781" lon="-5.82477236"><ele>190.56</ele><time>2024-09-04T13:34:04Z</time></trkpt><trkpt lat="43.39092636" lon="-5.82478094"><ele>190.56</ele><time>2024-09-04T13:34:05Z</time></trkpt><trkpt lat="43.39091492" lon="-5.82478952"><ele>190.56</ele><time>2024-09-04T13:34:06Z</time></trkpt><trkpt lat="43.39090347" lon="-5.82479811"><ele>190.56</ele><time>2024-09-04T13:34:07Z</time></trkpt><trkpt lat="43.39088821" lon="-5.82480621"><ele>190.48</ele><time>2024-09-04T13:34:08Z</time></trkpt><trkpt lat="43.39087677" lon="-5.82481480"><ele>190.41</ele><time>2024-09-04T13:34:09Z</time></trkpt><trkpt lat="43.39086533" lon="-5.82482386"><ele>190.33</ele><time>2024-09-04T13:34:10Z</time></trkpt><trkpt lat="43.39085388" lon="-5.82483244"><ele>190.29</ele><time>2024-09-04T13:34:11Z</time></trkpt><trkpt lat="43.39083862" lon="-5.82484055"><ele>190.21</ele><time>2024-09-04T13:34:12Z</time></trkpt><trkpt lat="43.39082718" lon="-5.82484818"><ele>190.16</ele><time>2024-09-04T13:34:13Z</time></trkpt><trkpt lat="43.39081573" lon="-5.82485580"><ele>190.16</ele><time>2024-09-04T13:34:14Z</time></trkpt><trkpt lat="43.39080048" lon="-5.82486296"><ele>190.15</ele><time>2024-09-04T13:34:15Z</time></trkpt><trkpt lat="43.39078522" lon="-5.82486963"><ele>190.09</ele><time>2024-09-04T13:34:16Z</time></trkpt><trkpt lat="43.39077377" lon="-5.82487726"><ele>190.09</ele><time>2024-09-04T13:34:17Z</time></trkpt><trkpt lat="43.39075851" lon="-5.82488394"><ele>190.04</ele><time>2024-09-04T13:34:18Z</time></trkpt><trkpt lat="43.39074707" lon="-5.82489061"><ele>189.96</ele><time>2024-09-04T13:34:19Z</time></trkpt><trkpt lat="43.39073563" lon="-5.82489729"><ele>189.94</ele><time>2024-09-04T13:34:20Z</time></trkpt><trkpt lat="43.39072037" lon="-5.82490492"><ele>189.94</ele><time>2024-09-04T13:34:21Z</time></trkpt><trkpt lat="43.39070892" lon="-5.82491255"><ele>189.89</ele><time>2024-09-04T13:34:22Z</time></trkpt><trkpt lat="43.39069748" lon="-5.82492018"><ele>189.87</ele><time>2024-09-04T13:34:23Z</time></trkpt><trkpt lat="43.39068222" lon="-5.82492733"><ele>189.79</ele><time>2024-09-04T13:34:24Z</time></trkpt><trkpt lat="43.39067078" lon="-5.82493496"><ele>189.78</ele><time>2024-09-04T13:34:25Z</time></trkpt><trkpt lat="43.39065552" lon="-5.82494164"><ele>189.72</ele><time>2024-09-04T13:34:26Z</time></trkpt><trkpt lat="43.39064407" lon="-5.82494831"><ele>189.70</ele><time>2024-09-04T13:34:27Z</time></trkpt><trkpt lat="43.39062881" lon="-5.82495451"><ele>189.69</ele><time>2024-09-04T13:34:28Z</time></trkpt><trkpt lat="43.39061737" lon="-5.82496071"><ele>189.68</ele><time>2024-09-04T13:34:29Z</time></trkpt><trkpt lat="43.39060211" lon="-5.82496643"><ele>189.68</ele><time>2024-09-04T13:34:30Z</time></trkpt><trkpt lat="43.39059067" lon="-5.82497168"><ele>189.60</ele><time>2024-09-04T13:34:31Z</time></trkpt><trkpt lat="43.39057541" lon="-5.82497787"><ele>189.59</ele><time>2024-09-04T13:34:32Z</time></trkpt><trkpt lat="43.39056396" lon="-5.82498455"><ele>189.50</ele><time>2024-09-04T13:34:33Z</time></trkpt><trkpt lat="43.39054871" lon="-5.82499123"><ele>189.46</ele><time>2024-09-04T13:34:34Z</time></trkpt><trkpt lat="43.39053726" lon="-5.82499790"><ele>189.41</ele><time>2024-09-04T13:34:35Z</time></trkpt><trkpt lat="43.39052200" lon="-5.82500458"><ele>189.31</ele><time>2024-09-04T13:34:36Z</time></trkpt><trkpt lat="43.39051056" lon="-5.82501173"><ele>189.22</ele><time>2024-09-04T13:34:37Z</time></trkpt><trkpt lat="43.39049530" lon="-5.82501936"><ele>189.11</ele><time>2024-09-04T13:34:38Z</time></trkpt><trkpt lat="43.39048386" lon="-5.82502651"><ele>189.11</ele><time>2024-09-04T13:34:39Z</time></trkpt><trkpt lat="43.39046860" lon="-5.82503319"><ele>189.08</ele><time>2024-09-04T13:34:40Z</time></trkpt><trkpt lat="43.39045715" lon="-5.82504034"><ele>189.01</ele><time>2024-09-04T13:34:41Z</time></trkpt><trkpt lat="43.39044189" lon="-5.82504702"><ele>188.89</ele><time>2024-09-04T13:34:42Z</time></trkpt><trkpt lat="43.39043045" lon="-5.82505322"><ele>188.87</ele><time>2024-09-04T13:34:43Z</time></trkpt><trkpt lat="43.39041901" lon="-5.82505989"><ele>188.79</ele><time>2024-09-04T13:34:44Z</time></trkpt><trkpt lat="43.39040375" lon="-5.82506752"><ele>188.69</ele><time>2024-09-04T13:34:45Z</time></trkpt><trkpt lat="43.39039230" lon="-5.82507515"><ele>188.60</ele><time>2024-09-04T13:34:46Z</time></trkpt><trkpt lat="43.39037704" lon="-5.82508373"><ele>188.47</ele><time>2024-09-04T13:34:47Z</time></trkpt><trkpt lat="43.39036560" lon="-5.82509279"><ele>188.42</ele><time>2024-09-04T13:34:48Z</time></trkpt><trkpt lat="43.39035416" lon="-5.82510185"><ele>188.34</ele><time>2024-09-04T13:34:49Z</time></trkpt><trkpt lat="43.39033890" lon="-5.82511139"><ele>188.23</ele><time>2024-09-04T13:34:50Z</time></trkpt><trkpt lat="43.39032745" lon="-5.82512093"><ele>188.22</ele><time>2024-09-04T13:34:51Z</time></trkpt><trkpt lat="43.39031219" lon="-5.82512999"><ele>188.22</ele><time>2024-09-04T13:34:52Z</time></trkpt><trkpt lat="43.39029694" lon="-5.82513905"><ele>188.20</ele><time>2024-09-04T13:34:53Z</time></trkpt><trkpt lat="43.39028549" lon="-5.82514811"><ele>188.18</ele><time>2024-09-04T13:34:54Z</time></trkpt><trkpt lat="43.39027023" lon="-5.82515717"><ele>188.19</ele><time>2024-09-04T13:34:55Z</time></trkpt><trkpt lat="43.39025879" lon="-5.82516670"><ele>188.12</ele><time>2024-09-04T13:34:56Z</time></trkpt><trkpt lat="43.39024353" lon="-5.82517672"><ele>188.10</ele><time>2024-09-04T13:34:57Z</time></trkpt><trkpt lat="43.39022827" lon="-5.82518578"><ele>188.08</ele><time>2024-09-04T13:34:58Z</time></trkpt><trkpt lat="43.39021683" lon="-5.82519388"><ele>188.02</ele><time>2024-09-04T13:34:59Z</time></trkpt><trkpt lat="43.39020157" lon="-5.82520199"><ele>188.01</ele><time>2024-09-04T13:35:00Z</time></trkpt><trkpt lat="43.39018631" lon="-5.82520962"><ele>187.90</ele><time>2024-09-04T13:35:01Z</time></trkpt><trkpt lat="43.39017105" lon="-5.82521677"><ele>187.88</ele><time>2024-09-04T13:35:02Z</time></trkpt><trkpt lat="43.39015579" lon="-5.82522345"><ele>187.82</ele><time>2024-09-04T13:35:03Z</time></trkpt><trkpt lat="43.39014435" lon="-5.82523108"><ele>187.81</ele><time>2024-09-04T13:35:04Z</time></trkpt><trkpt lat="43.39012909" lon="-5.82523680"><ele>187.79</ele><time>2024-09-04T13:35:05Z</time></trkpt><trkpt lat="43.39011383" lon="-5.82524395"><ele>187.79</ele><time>2024-09-04T13:35:06Z</time></trkpt><trkpt lat="43.39009857" lon="-5.82525063"><ele>187.78</ele><time>2024-09-04T13:35:07Z</time></trkpt><trkpt lat="43.39007950" lon="-5.82525635"><ele>187.71</ele><time>2024-09-04T13:35:08Z</time></trkpt><trkpt lat="43.39006424" lon="-5.82526255"><ele>187.70</ele><time>2024-09-04T13:35:09Z</time></trkpt><trkpt lat="43.39004898" lon="-5.82526779"><ele>187.70</ele><time>2024-09-04T13:35:10Z</time></trkpt><trkpt lat="43.39003372" lon="-5.82527113"><ele>187.69</ele><time>2024-09-04T13:35:11Z</time></trkpt><trkpt lat="43.39001846" lon="-5.82527304"><ele>187.64</ele><time>2024-09-04T13:35:12Z</time></trkpt><trkpt lat="43.38999939" lon="-5.82527542"><ele>187.62</ele><time>2024-09-04T13:35:13Z</time></trkpt><trkpt lat="43.38998413" lon="-5.82527637"><ele>187.55</ele><time>2024-09-04T13:35:14Z</time></trkpt><trkpt lat="43.38996887" lon="-5.82527781"><ele>187.53</ele><time>2024-09-04T13:35:15Z</time></trkpt><trkpt lat="43.38995361" lon="-5.82527971"><ele>187.51</ele><time>2024-09-04T13:35:16Z</time></trkpt><trkpt lat="43.38993835" lon="-5.82528162"><ele>187.50</ele><time>2024-09-04T13:35:17Z</time></trkpt><trkpt lat="43.38992310" lon="-5.82528400"><ele>187.51</ele><time>2024-09-04T13:35:18Z</time></trkpt><trkpt lat="43.38990784" lon="-5.82528543"><ele>187.51</ele><time>2024-09-04T13:35:19Z</time></trkpt><trkpt lat="43.38988876" lon="-5.82528734"><ele>187.51</ele><time>2024-09-04T13:35:20Z</time></trkpt><trkpt lat="43.38987350" lon="-5.82528830"><ele>187.46</ele><time>2024-09-04T13:35:21Z</time></trkpt><trkpt lat="43.38985825" lon="-5.82528877"><ele>187.45</ele><time>2024-09-04T13:35:22Z</time></trkpt><trkpt lat="43.38984299" lon="-5.82528734"><ele>187.42</ele><time>2024-09-04T13:35:23Z</time></trkpt><trkpt lat="43.38982391" lon="-5.82528687"><ele>187.41</ele><time>2024-09-04T13:35:24Z</time></trkpt><trkpt lat="43.38980865" lon="-5.82528496"><ele>187.36</ele><time>2024-09-04T13:35:25Z</time></trkpt><trkpt lat="43.38979340" lon="-5.82528353"><ele>187.36</ele><time>2024-09-04T13:35:26Z</time></trkpt><trkpt lat="43.38977814" lon="-5.82528210"><ele>187.36</ele><time>2024-09-04T13:35:27Z</time></trkpt><trkpt lat="43.38976288" lon="-5.82528114"><ele>187.36</ele><time>2024-09-04T13:35:28Z</time></trkpt><trkpt lat="43.38974380" lon="-5.82527971"><ele>187.36</ele><time>2024-09-04T13:35:29Z</time></trkpt><trkpt lat="43.38972855" lon="-5.82527685"><ele>187.36</ele><time>2024-09-04T13:35:30Z</time></trkpt><trkpt lat="43.38971329" lon="-5.82527447"><ele>187.35</ele><time>2024-09-04T13:35:31Z</time></trkpt><trkpt lat="43.38969803" lon="-5.82527304"><ele>187.35</ele><time>2024-09-04T13:35:32Z</time></trkpt><trkpt lat="43.38968277" lon="-5.82527113"><ele>187.34</ele><time>2024-09-04T13:35:33Z</time></trkpt><trkpt lat="43.38966751" lon="-5.82527065"><ele>187.34</ele><time>2024-09-04T13:35:34Z</time></trkpt><trkpt lat="43.38965225" lon="-5.82527161"><ele>187.33</ele><time>2024-09-04T13:35:35Z</time></trkpt><trkpt lat="43.38963699" lon="-5.82527304"><ele>187.28</ele><time>2024-09-04T13:35:36Z</time></trkpt><trkpt lat="43.38962173" lon="-5.82527399"><ele>187.27</ele><time>2024-09-04T13:35:37Z</time></trkpt><trkpt lat="43.38960648" lon="-5.82527590"><ele>187.27</ele><time>2024-09-04T13:35:38Z</time></trkpt><trkpt lat="43.38959122" lon="-5.82527685"><ele>187.27</ele><time>2024-09-04T13:35:39Z</time></trkpt><trkpt lat="43.38957596" lon="-5.82527828"><ele>187.27</ele><time>2024-09-04T13:35:40Z</time></trkpt><trkpt lat="43.38956070" lon="-5.82527971"><ele>187.27</ele><time>2024-09-04T13:35:41Z</time></trkpt><trkpt lat="43.38954163" lon="-5.82528114"><ele>187.26</ele><time>2024-09-04T13:35:42Z</time></trkpt><trkpt lat="43.38952637" lon="-5.82528305"><ele>187.26</ele><time>2024-09-04T13:35:43Z</time></trkpt><trkpt lat="43.38951111" lon="-5.82528400"><ele>187.26</ele><time>2024-09-04T13:35:44Z</time></trkpt><trkpt lat="43.38949203" lon="-5.82528496"><ele>187.26</ele><time>2024-09-04T13:35:45Z</time></trkpt><trkpt lat="43.38947678" lon="-5.82528639"><ele>187.26</ele><time>2024-09-04T13:35:46Z</time></trkpt><trkpt lat="43.38946152" lon="-5.82528830"><ele>187.26</ele><time>2024-09-04T13:35:47Z</time></trkpt><trkpt lat="43.38944244" lon="-5.82528973"><ele>187.25</ele><time>2024-09-04T13:35:48Z</time></trkpt><trkpt lat="43.38942719" lon="-5.82529068"><ele>187.25</ele><time>2024-09-04T13:35:49Z</time></trkpt><trkpt lat="43.38940811" lon="-5.82529116"><ele>187.25</ele><time>2024-09-04T13:35:50Z</time></trkpt><trkpt lat="43.38939285" lon="-5.82529163"><ele>187.25</ele><time>2024-09-04T13:35:51Z</time></trkpt><trkpt lat="43.38937759" lon="-5.82529211"><ele>187.26</ele><time>2024-09-04T13:35:52Z</time></trkpt><trkpt lat="43.38935852" lon="-5.82529068"><ele>187.25</ele><time>2024-09-04T13:35:53Z</time></trkpt><trkpt lat="43.38934326" lon="-5.82528925"><ele>187.25</ele><time>2024-09-04T13:35:54Z</time></trkpt><trkpt lat="43.38932800" lon="-5.82528639"><ele>187.25</ele><time>2024-09-04T13:35:55Z</time></trkpt><trkpt lat="43.38931274" lon="-5.82528162"><ele>187.25</ele><time>2024-09-04T13:35:56Z</time></trkpt><trkpt lat="43.38929749" lon="-5.82527590"><ele>187.25</ele><time>2024-09-04T13:35:57Z</time></trkpt><trkpt lat="43.38928223" lon="-5.82527113"><ele>187.25</ele><time>2024-09-04T13:35:58Z</time></trkpt><trkpt lat="43.38926697" lon="-5.82526684"><ele>187.26</ele><time>2024-09-04T13:35:59Z</time></trkpt><trkpt lat="43.38925171" lon="-5.82526350"><ele>187.27</ele><time>2024-09-04T13:36:00Z</time></trkpt><trkpt lat="43.38923645" lon="-5.82526064"><ele>187.27</ele><time>2024-09-04T13:36:01Z</time></trkpt><trkpt lat="43.38922119" lon="-5.82525730"><ele>187.28</ele><time>2024-09-04T13:36:02Z</time></trkpt><trkpt lat="43.38920593" lon="-5.82525396"><ele>187.28</ele><time>2024-09-04T13:36:03Z</time></trkpt><trkpt lat="43.38919067" lon="-5.82525015"><ele>187.28</ele><time>2024-09-04T13:36:04Z</time></trkpt><trkpt lat="43.38917542" lon="-5.82524729"><ele>187.28</ele><time>2024-09-04T13:36:05Z</time></trkpt><trkpt lat="43.38916016" lon="-5.82524490"><ele>187.28</ele><time>2024-09-04T13:36:06Z</time></trkpt><trkpt lat="43.38914490" lon="-5.82524300"><ele>187.29</ele><time>2024-09-04T13:36:07Z</time></trkpt><trkpt lat="43.38912964" lon="-5.82524061"><ele>187.29</ele><time>2024-09-04T13:36:08Z</time></trkpt><trkpt lat="43.38911438" lon="-5.82523918"><ele>187.30</ele><time>2024-09-04T13:36:09Z</time></trkpt><trkpt lat="43.38909912" lon="-5.82523632"><ele>187.31</ele><time>2024-09-04T13:36:10Z</time></trkpt><trkpt lat="43.38908386" lon="-5.82523251"><ele>187.31</ele><time>2024-09-04T13:36:11Z</time></trkpt><trkpt lat="43.38906860" lon="-5.82522821"><ele>187.31</ele><time>2024-09-04T13:36:12Z</time></trkpt><trkpt lat="43.38905334" lon="-5.82522440"><ele>187.31</ele><time>2024-09-04T13:36:13Z</time></trkpt><trkpt lat="43.38903809" lon="-5.82522154"><ele>187.31</ele><time>2024-09-04T13:36:14Z</time></trkpt><trkpt lat="43.38901901" lon="-5.82521963"><ele>187.30</ele><time>2024-09-04T13:36:15Z</time></trkpt><trkpt lat="43.38900375" lon="-5.82521820"><ele>187.31</ele><time>2024-09-04T13:36:16Z</time></trkpt><trkpt lat="43.38898849" lon="-5.82521772"><ele>187.31</ele><time>2024-09-04T13:36:17Z</time></trkpt><trkpt lat="43.38897324" lon="-5.82521772"><ele>187.32</ele><time>2024-09-04T13:36:18Z</time></trkpt><trkpt lat="43.38895798" lon="-5.82521772"><ele>187.32</ele><time>2024-09-04T13:36:19Z</time></trkpt><trkpt lat="43.38894272" lon="-5.82521725"><ele>187.32</ele><time>2024-09-04T13:36:20Z</time></trkpt><trkpt lat="43.38892746" lon="-5.82521677"><ele>187.33</ele><time>2024-09-04T13:36:21Z</time></trkpt><trkpt lat="43.38890839" lon="-5.82521677"><ele>187.33</ele><time>2024-09-04T13:36:22Z</time></trkpt><trkpt lat="43.38889313" lon="-5.82521582"><ele>187.34</ele><time>2024-09-04T13:36:23Z</time></trkpt><trkpt lat="43.38887787" lon="-5.82521486"><ele>187.34</ele><time>2024-09-04T13:36:24Z</time></trkpt><trkpt lat="43.38886261" lon="-5.82521343"><ele>187.34</ele><time>2024-09-04T13:36:25Z</time></trkpt><trkpt lat="43.38884735" lon="-5.82521105"><ele>187.34</ele><time>2024-09-04T13:36:26Z</time></trkpt><trkpt lat="43.38883209" lon="-5.82520866"><ele>187.35</ele><time>2024-09-04T13:36:27Z</time></trkpt><trkpt lat="43.38881683" lon="-5.82520628"><ele>187.35</ele><time>2024-09-04T13:36:28Z</time></trkpt><trkpt lat="43.38880157" lon="-5.82520390"><ele>187.36</ele><time>2024-09-04T13:36:29Z</time></trkpt><trkpt lat="43.38878632" lon="-5.82520103"><ele>187.36</ele><time>2024-09-04T13:36:30Z</time></trkpt><trkpt lat="43.38877106" lon="-5.82519817"><ele>187.38</ele><time>2024-09-04T13:36:31Z</time></trkpt><trkpt lat="43.38875580" lon="-5.82519484"><ele>187.38</ele><time>2024-09-04T13:36:32Z</time></trkpt><trkpt lat="43.38874054" lon="-5.82519102"><ele>187.38</ele><time>2024-09-04T13:36:33Z</time></trkpt><trkpt lat="43.38872528" lon="-5.82518816"><ele>187.38</ele><time>2024-09-04T13:36:34Z</time></trkpt><trkpt lat="43.38871002" lon="-5.82518435"><ele>187.38</ele><time>2024-09-04T13:36:35Z</time></trkpt><trkpt lat="43.38869476" lon="-5.82518005"><ele>187.38</ele><time>2024-09-04T13:36:36Z</time></trkpt><trkpt lat="43.38867950" lon="-5.82517433"><ele>187.36</ele><time>2024-09-04T13:36:37Z</time></trkpt><trkpt lat="43.38866425" lon="-5.82516861"><ele>187.36</ele><time>2024-09-04T13:36:38Z</time></trkpt><trkpt lat="43.38864899" lon="-5.82516289"><ele>187.36</ele><time>2024-09-04T13:36:39Z</time></trkpt><trkpt lat="43.38863373" lon="-5.82515574"><ele>187.36</ele><time>2024-09-04T13:36:40Z</time></trkpt><trkpt lat="43.38862228" lon="-5.82514811"><ele>187.36</ele><time>2024-09-04T13:36:41Z</time></trkpt><trkpt lat="43.38860703" lon="-5.82513857"><ele>187.35</ele><time>2024-09-04T13:36:42Z</time></trkpt><trkpt lat="43.38859177" lon="-5.82512999"><ele>187.35</ele><time>2024-09-04T13:36:43Z</time></trkpt><trkpt lat="43.38858032" lon="-5.82512188"><ele>187.35</ele><time>2024-09-04T13:36:44Z</time></trkpt><trkpt lat="43.38856506" lon="-5.82511425"><ele>187.35</ele><time>2024-09-04T13:36:45Z</time></trkpt><trkpt lat="43.38854980" lon="-5.82510662"><ele>187.35</ele><time>2024-09-04T13:36:46Z</time></trkpt><trkpt lat="43.38853836" lon="-5.82509947"><ele>187.35</ele><time>2024-09-04T13:36:47Z</time></trkpt><trkpt lat="43.38852310" lon="-5.82509327"><ele>187.35</ele><time>2024-09-04T13:36:48Z</time></trkpt><trkpt lat="43.38850784" lon="-5.82508755"><ele>187.36</ele><time>2024-09-04T13:36:49Z</time></trkpt><trkpt lat="43.38849640" lon="-5.82508278"><ele>187.38</ele><time>2024-09-04T13:36:50Z</time></trkpt><trkpt lat="43.38848114" lon="-5.82507944"><ele>187.38</ele><time>2024-09-04T13:36:51Z</time></trkpt><trkpt lat="43.38846970" lon="-5.82507849"><ele>187.38</ele><time>2024-09-04T13:36:52Z</time></trkpt><trkpt lat="43.38845825" lon="-5.82507944"><ele>187.38</ele><time>2024-09-04T13:36:53Z</time></trkpt><trkpt lat="43.38844681" lon="-5.82508087"><ele>187.39</ele><time>2024-09-04T13:36:54Z</time></trkpt><trkpt lat="43.38843155" lon="-5.82508326"><ele>187.39</ele><time>2024-09-04T13:36:55Z</time></trkpt><trkpt lat="43.38842010" lon="-5.82508612"><ele>187.39</ele><time>2024-09-04T13:36:56Z</time></trkpt><trkpt lat="43.38840866" lon="-5.82508802"><ele>187.39</ele><time>2024-09-04T13:36:57Z</time></trkpt><trkpt lat="43.38839340" lon="-5.82509041"><ele>187.40</ele><time>2024-09-04T13:36:58Z</time></trkpt><trkpt lat="43.38838196" lon="-5.82509184"><ele>187.40</ele><time>2024-09-04T13:36:59Z</time></trkpt><trkpt lat="43.38836670" lon="-5.82509279"><ele>187.40</ele><time>2024-09-04T13:37:00Z</time></trkpt><trkpt lat="43.38835144" lon="-5.82509470"><ele>187.39</ele><time>2024-09-04T13:37:01Z</time></trkpt><trkpt lat="43.38834000" lon="-5.82509661"><ele>187.40</ele><time>2024-09-04T13:37:02Z</time></trkpt><trkpt lat="43.38832474" lon="-5.82509804"><ele>187.40</ele><time>2024-09-04T13:37:03Z</time></trkpt><trkpt lat="43.38830948" lon="-5.82509899"><ele>187.41</ele><time>2024-09-04T13:37:04Z</time></trkpt><trkpt lat="43.38829422" lon="-5.82510042"><ele>187.41</ele><time>2024-09-04T13:37:05Z</time></trkpt><trkpt lat="43.38828278" lon="-5.82510138"><ele>187.41</ele><time>2024-09-04T13:37:06Z</time></trkpt><trkpt lat="43.38826752" lon="-5.82510281"><ele>187.41</ele><time>2024-09-04T13:37:07Z</time></trkpt><trkpt lat="43.38825226" lon="-5.82510471"><ele>187.44</ele><time>2024-09-04T13:37:08Z</time></trkpt><trkpt lat="43.38823700" lon="-5.82510567"><ele>187.45</ele><time>2024-09-04T13:37:09Z</time></trkpt><trkpt lat="43.38822174" lon="-5.82510614"><ele>187.45</ele><time>2024-09-04T13:37:10Z</time></trkpt><trkpt lat="43.38821030" lon="-5.82510805"><ele>187.45</ele><time>2024-09-04T13:37:11Z</time></trkpt><trkpt lat="43.38819504" lon="-5.82510948"><ele>187.45</ele><time>2024-09-04T13:37:12Z</time></trkpt><trkpt lat="43.38817978" lon="-5.82511091"><ele>187.45</ele><time>2024-09-04T13:37:13Z</time></trkpt><trkpt lat="43.38816452" lon="-5.82511234"><ele>187.46</ele><time>2024-09-04T13:37:14Z</time></trkpt><trkpt lat="43.38815308" lon="-5.82511520"><ele>187.46</ele><time>2024-09-04T13:37:15Z</time></trkpt><trkpt lat="43.38813782" lon="-5.82511806"><ele>187.47</ele><time>2024-09-04T13:37:16Z</time></trkpt><trkpt lat="43.38812256" lon="-5.82512140"><ele>187.49</ele><time>2024-09-04T13:37:17Z</time></trkpt><trkpt lat="43.38811111" lon="-5.82512522"><ele>187.49</ele><time>2024-09-04T13:37:18Z</time></trkpt><trkpt lat="43.38809586" lon="-5.82512951"><ele>187.51</ele><time>2024-09-04T13:37:19Z</time></trkpt><trkpt lat="43.38808441" lon="-5.82513380"><ele>187.51</ele><time>2024-09-04T13:37:20Z</time></trkpt><trkpt lat="43.38806915" lon="-5.82513857"><ele>187.51</ele><time>2024-09-04T13:37:21Z</time></trkpt><trkpt lat="43.38805771" lon="-5.82514477"><ele>187.52</ele><time>2024-09-04T13:37:22Z</time></trkpt><trkpt lat="43.38804245" lon="-5.82515097"><ele>187.52</ele><time>2024-09-04T13:37:23Z</time></trkpt><trkpt lat="43.38803101" lon="-5.82515812"><ele>187.52</ele><time>2024-09-04T13:37:24Z</time></trkpt><trkpt lat="43.38801956" lon="-5.82516527"><ele>187.53</ele><time>2024-09-04T13:37:25Z</time></trkpt><trkpt lat="43.38800812" lon="-5.82517242"><ele>187.53</ele><time>2024-09-04T13:37:26Z</time></trkpt><trkpt lat="43.38799667" lon="-5.82518053"><ele>187.54</ele><time>2024-09-04T13:37:27Z</time></trkpt><trkpt lat="43.38798523" lon="-5.82518864"><ele>187.54</ele><time>2024-09-04T13:37:28Z</time></trkpt><trkpt lat="43.38797379" lon="-5.82519722"><ele>187.55</ele><time>2024-09-04T13:37:29Z</time></trkpt><trkpt lat="43.38795853" lon="-5.82520533"><ele>187.56</ele><time>2024-09-04T13:37:30Z</time></trkpt><trkpt lat="43.38794708" lon="-5.82521343"><ele>187.59</ele><time>2024-09-04T13:37:31Z</time></trkpt><trkpt lat="43.38793564" lon="-5.82522202"><ele>187.61</ele><time>2024-09-04T13:37:32Z</time></trkpt><trkpt lat="43.38792419" lon="-5.82523012"><ele>187.61</ele><time>2024-09-04T13:37:33Z</time></trkpt><trkpt lat="43.38791275" lon="-5.82523966"><ele>187.63</ele><time>2024-09-04T13:37:34Z</time></trkpt><trkpt lat="43.38790131" lon="-5.82524920"><ele>187.64</ele><time>2024-09-04T13:37:35Z</time></trkpt><trkpt lat="43.38788986" lon="-5.82525873"><ele>187.66</ele><time>2024-09-04T13:37:36Z</time></trkpt><trkpt lat="43.38787842" lon="-5.82526731"><ele>187.67</ele><time>2024-09-04T13:37:37Z</time></trkpt><trkpt lat="43.38786697" lon="-5.82527685"><ele>187.69</ele><time>2024-09-04T13:37:38Z</time></trkpt><trkpt lat="43.38785553" lon="-5.82528543"><ele>187.70</ele><time>2024-09-04T13:37:39Z</time></trkpt><trkpt lat="43.38784409" lon="-5.82529402"><ele>187.71</ele><time>2024-09-04T13:37:40Z</time></trkpt><trkpt lat="43.38783646" lon="-5.82530355"><ele>187.72</ele><time>2024-09-04T13:37:41Z</time></trkpt><trkpt lat="43.38782501" lon="-5.82531261"><ele>187.73</ele><time>2024-09-04T13:37:42Z</time></trkpt><trkpt lat="43.38781357" lon="-5.82532263"><ele>187.74</ele><time>2024-09-04T13:37:43Z</time></trkpt><trkpt lat="43.38780212" lon="-5.82533312"><ele>187.79</ele><time>2024-09-04T13:37:44Z</time></trkpt><trkpt lat="43.38779068" lon="-5.82534456"><ele>187.83</ele><time>2024-09-04T13:37:45Z</time></trkpt><trkpt lat="43.38778305" lon="-5.82535601"><ele>187.84</ele><time>2024-09-04T13:37:46Z</time></trkpt><trkpt lat="43.38777161" lon="-5.82536936"><ele>187.87</ele><time>2024-09-04T13:37:47Z</time></trkpt><trkpt lat="43.38776016" lon="-5.82538223"><ele>187.90</ele><time>2024-09-04T13:37:48Z</time></trkpt><trkpt lat="43.38775253" lon="-5.82539463"><ele>187.91</ele><time>2024-09-04T13:37:49Z</time></trkpt><trkpt lat="43.38774109" lon="-5.82540703"><ele>187.92</ele><time>2024-09-04T13:37:50Z</time></trkpt><trkpt lat="43.38772964" lon="-5.82541943"><ele>187.95</ele><time>2024-09-04T13:37:51Z</time></trkpt><trkpt lat="43.38771820" lon="-5.82543182"><ele>188.00</ele><time>2024-09-04T13:37:52Z</time></trkpt><trkpt lat="43.38771057" lon="-5.82544327"><ele>188.03</ele><time>2024-09-04T13:37:53Z</time></trkpt><trkpt lat="43.38769913" lon="-5.82545376"><ele>188.05</ele><time>2024-09-04T13:37:54Z</time></trkpt><trkpt lat="43.38768768" lon="-5.82546377"><ele>188.06</ele><time>2024-09-04T13:37:55Z</time></trkpt><trkpt lat="43.38767624" lon="-5.82547426"><ele>188.10</ele><time>2024-09-04T13:37:56Z</time></trkpt><trkpt lat="43.38766479" lon="-5.82548523"><ele>188.13</ele><time>2024-09-04T13:37:57Z</time></trkpt><trkpt lat="43.38765335" lon="-5.82549667"><ele>188.19</ele><time>2024-09-04T13:37:58Z</time></trkpt><trkpt lat="43.38764191" lon="-5.82550812"><ele>188.24</ele><time>2024-09-04T13:37:59Z</time></trkpt><trkpt lat="43.38763046" lon="-5.82551908"><ele>188.29</ele><time>2024-09-04T13:38:00Z</time></trkpt><trkpt lat="43.38761902" lon="-5.82553005"><ele>188.30</ele><time>2024-09-04T13:38:01Z</time></trkpt><trkpt lat="43.38760757" lon="-5.82554102"><ele>188.32</ele><time>2024-09-04T13:38:02Z</time></trkpt><trkpt lat="43.38759613" lon="-5.82555199"><ele>188.37</ele><time>2024-09-04T13:38:03Z</time></trkpt><trkpt lat="43.38758850" lon="-5.82556248"><ele>188.42</ele><time>2024-09-04T13:38:04Z</time></trkpt><trkpt lat="43.38757706" lon="-5.82557249"><ele>188.49</ele><time>2024-09-04T13:38:05Z</time></trkpt><trkpt lat="43.38756561" lon="-5.82558298"><ele>188.56</ele><time>2024-09-04T13:38:06Z</time></trkpt><trkpt lat="43.38755417" lon="-5.82559347"><ele>188.59</ele><time>2024-09-04T13:38:07Z</time></trkpt><trkpt lat="43.38754272" lon="-5.82560396"><ele>188.63</ele><time>2024-09-04T13:38:08Z</time></trkpt><trkpt lat="43.38753128" lon="-5.82561445"><ele>188.71</ele><time>2024-09-04T13:38:09Z</time></trkpt><trkpt lat="43.38751984" lon="-5.82562399"><ele>188.73</ele><time>2024-09-04T13:38:10Z</time></trkpt><trkpt lat="43.38750839" lon="-5.82563353"><ele>188.74</ele><time>2024-09-04T13:38:11Z</time></trkpt><trkpt lat="43.38749695" lon="-5.82564306"><ele>188.78</ele><time>2024-09-04T13:38:12Z</time></trkpt><trkpt lat="43.38748550" lon="-5.82565212"><ele>188.81</ele><time>2024-09-04T13:38:13Z</time></trkpt><trkpt lat="43.38747406" lon="-5.82566023"><ele>188.84</ele><time>2024-09-04T13:38:14Z</time></trkpt><trkpt lat="43.38745880" lon="-5.82566833"><ele>188.85</ele><time>2024-09-04T13:38:15Z</time></trkpt><trkpt lat="43.38744736" lon="-5.82567644"><ele>188.86</ele><time>2024-09-04T13:38:16Z</time></trkpt><trkpt lat="43.38743591" lon="-5.82568455"><ele>188.90</ele><time>2024-09-04T13:38:17Z</time></trkpt><trkpt lat="43.38742447" lon="-5.82569361"><ele>188.92</ele><time>2024-09-04T13:38:18Z</time></trkpt><trkpt lat="43.38741302" lon="-5.82570314"><ele>188.97</ele><time>2024-09-04T13:38:19Z</time></trkpt><trkpt lat="43.38740158" lon="-5.82571220"><ele>189.01</ele><time>2024-09-04T13:38:20Z</time></trkpt><trkpt lat="43.38739014" lon="-5.82572222"><ele>189.08</ele><time>2024-09-04T13:38:21Z</time></trkpt><trkpt lat="43.38737869" lon="-5.82573175"><ele>189.11</ele><time>2024-09-04T13:38:22Z</time></trkpt><trkpt lat="43.38736725" lon="-5.82574129"><ele>189.14</ele><time>2024-09-04T13:38:23Z</time></trkpt><trkpt lat="43.38735580" lon="-5.82574987"><ele>189.14</ele><time>2024-09-04T13:38:24Z</time></trkpt><trkpt lat="43.38734436" lon="-5.82575893"><ele>189.16</ele><time>2024-09-04T13:38:25Z</time></trkpt><trkpt lat="43.38733292" lon="-5.82576895"><ele>189.18</ele><time>2024-09-04T13:38:26Z</time></trkpt><trkpt lat="43.38732147" lon="-5.82577896"><ele>189.23</ele><time>2024-09-04T13:38:27Z</time></trkpt><trkpt lat="43.38731003" lon="-5.82578945"><ele>189.25</ele><time>2024-09-04T13:38:28Z</time></trkpt><trkpt lat="43.38729858" lon="-5.82579947"><ele>189.27</ele><time>2024-09-04T13:38:29Z</time></trkpt><trkpt lat="43.38728714" lon="-5.82580900"><ele>189.28</ele><time>2024-09-04T13:38:30Z</time></trkpt><trkpt lat="43.38727570" lon="-5.82581902"><ele>189.30</ele><time>2024-09-04T13:38:31Z</time></trkpt><trkpt lat="43.38726425" lon="-5.82582951"><ele>189.35</ele><time>2024-09-04T13:38:32Z</time></trkpt><trkpt lat="43.38725281" lon="-5.82584000"><ele>189.42</ele><time>2024-09-04T13:38:33Z</time></trkpt><trkpt lat="43.38724518" lon="-5.82585001"><ele>189.45</ele><time>2024-09-04T13:38:34Z</time></trkpt><trkpt lat="43.38723373" lon="-5.82586098"><ele>189.52</ele><time>2024-09-04T13:38:35Z</time></trkpt><trkpt lat="43.38722229" lon="-5.82587194"><ele>189.58</ele><time>2024-09-04T13:38:36Z</time></trkpt><trkpt lat="43.38721085" lon="-5.82588291"><ele>189.59</ele><time>2024-09-04T13:38:37Z</time></trkpt><trkpt lat="43.38719940" lon="-5.82589388"><ele>189.65</ele><time>2024-09-04T13:38:38Z</time></trkpt><trkpt lat="43.38719177" lon="-5.82590485"><ele>189.72</ele><time>2024-09-04T13:38:39Z</time></trkpt><trkpt lat="43.38718033" lon="-5.82591581"><ele>189.77</ele><time>2024-09-04T13:38:40Z</time></trkpt><trkpt lat="43.38716888" lon="-5.82592678"><ele>189.79</ele><time>2024-09-04T13:38:41Z</time></trkpt><trkpt lat="43.38715744" lon="-5.82593679"><ele>189.80</ele><time>2024-09-04T13:38:42Z</time></trkpt><trkpt lat="43.38714600" lon="-5.82594633"><ele>189.81</ele><time>2024-09-04T13:38:43Z</time></trkpt><trkpt lat="43.38713455" lon="-5.82595587"><ele>189.82</ele><time>2024-09-04T13:38:44Z</time></trkpt><trkpt lat="43.38712311" lon="-5.82596493"><ele>189.88</ele><time>2024-09-04T13:38:45Z</time></trkpt><trkpt lat="43.38710785" lon="-5.82597399"><ele>189.93</ele><time>2024-09-04T13:38:46Z</time></trkpt><trkpt lat="43.38709641" lon="-5.82598209"><ele>189.95</ele><time>2024-09-04T13:38:47Z</time></trkpt><trkpt lat="43.38708496" lon="-5.82599020"><ele>189.97</ele><time>2024-09-04T13:38:48Z</time></trkpt><trkpt lat="43.38706970" lon="-5.82599831"><ele>190.03</ele><time>2024-09-04T13:38:49Z</time></trkpt><trkpt lat="43.38705826" lon="-5.82600641"><ele>190.04</ele><time>2024-09-04T13:38:50Z</time></trkpt><trkpt lat="43.38704681" lon="-5.82601452"><ele>190.07</ele><time>2024-09-04T13:38:51Z</time></trkpt><trkpt lat="43.38703537" lon="-5.82602310"><ele>190.14</ele><time>2024-09-04T13:38:52Z</time></trkpt><trkpt lat="43.38702393" lon="-5.82603168"><ele>190.20</ele><time>2024-09-04T13:38:53Z</time></trkpt><trkpt lat="43.38701248" lon="-5.82604027"><ele>190.24</ele><time>2024-09-04T13:38:54Z</time></trkpt><trkpt lat="43.38700104" lon="-5.82604837"><ele>190.30</ele><time>2024-09-04T13:38:55Z</time></trkpt><trkpt lat="43.38698959" lon="-5.82605696"><ele>190.38</ele><time>2024-09-04T13:38:56Z</time></trkpt><trkpt lat="43.38697815" lon="-5.82606506"><ele>190.39</ele><time>2024-09-04T13:38:57Z</time></trkpt><trkpt lat="43.38696671" lon="-5.82607412"><ele>190.44</ele><time>2024-09-04T13:38:58Z</time></trkpt><trkpt lat="43.38695526" lon="-5.82608318"><ele>190.51</ele><time>2024-09-04T13:38:59Z</time></trkpt><trkpt lat="43.38694382" lon="-5.82609320"><ele>190.57</ele><time>2024-09-04T13:39:00Z</time></trkpt><trkpt lat="43.38693619" lon="-5.82610321"><ele>190.62</ele><time>2024-09-04T13:39:01Z</time></trkpt><trkpt lat="43.38692474" lon="-5.82611418"><ele>190.68</ele><time>2024-09-04T13:39:02Z</time></trkpt><trkpt lat="43.38691711" lon="-5.82612562"><ele>190.74</ele><time>2024-09-04T13:39:03Z</time></trkpt><trkpt lat="43.38690567" lon="-5.82613611"><ele>190.80</ele><time>2024-09-04T13:39:04Z</time></trkpt><trkpt lat="43.38689804" lon="-5.82614708"><ele>190.86</ele><time>2024-09-04T13:39:05Z</time></trkpt><trkpt lat="43.38689041" lon="-5.82615757"><ele>190.88</ele><time>2024-09-04T13:39:06Z</time></trkpt><trkpt lat="43.38688278" lon="-5.82616711"><ele>190.96</ele><time>2024-09-04T13:39:07Z</time></trkpt><trkpt lat="43.38687515" lon="-5.82617664"><ele>191.03</ele><time>2024-09-04T13:39:08Z</time></trkpt><trkpt lat="43.38686371" lon="-5.82618666"><ele>191.10</ele><time>2024-09-04T13:39:09Z</time></trkpt><trkpt lat="43.38685608" lon="-5.82619667"><ele>191.20</ele><time>2024-09-04T13:39:10Z</time></trkpt><trkpt lat="43.38684845" lon="-5.82620668"><ele>191.25</ele><time>2024-09-04T13:39:11Z</time></trkpt><trkpt lat="43.38684082" lon="-5.82621670"><ele>191.27</ele><time>2024-09-04T13:39:12Z</time></trkpt><trkpt lat="43.38683319" lon="-5.82622671"><ele>191.33</ele><time>2024-09-04T13:39:13Z</time></trkpt><trkpt lat="43.38682175" lon="-5.82623672"><ele>191.35</ele><time>2024-09-04T13:39:14Z</time></trkpt><trkpt lat="43.38681412" lon="-5.82624674"><ele>191.37</ele><time>2024-09-04T13:39:15Z</time></trkpt><trkpt lat="43.38681030" lon="-5.82625723"><ele>191.43</ele><time>2024-09-04T13:39:16Z</time></trkpt><trkpt lat="43.38680267" lon="-5.82626677"><ele>191.51</ele><time>2024-09-04T13:39:17Z</time></trkpt><trkpt lat="43.38679504" lon="-5.82627583"><ele>191.55</ele><time>2024-09-04T13:39:18Z</time></trkpt><trkpt lat="43.38678741" lon="-5.82628441"><ele>191.63</ele><time>2024-09-04T13:39:19Z</time></trkpt><trkpt lat="43.38677979" lon="-5.82629156"><ele>191.70</ele><time>2024-09-04T13:39:20Z</time></trkpt><trkpt lat="43.38677216" lon="-5.82629728"><ele>191.76</ele><time>2024-09-04T13:39:21Z</time></trkpt><trkpt lat="43.38676834" lon="-5.82630301"><ele>191.82</ele><time>2024-09-04T13:39:22Z</time></trkpt><trkpt lat="43.38676071" lon="-5.82630873"><ele>191.91</ele><time>2024-09-04T13:39:23Z</time></trkpt><trkpt lat="43.38675690" lon="-5.82631588"><ele>191.92</ele><time>2024-09-04T13:39:24Z</time></trkpt><trkpt lat="43.38674927" lon="-5.82632303"><ele>191.94</ele><time>2024-09-04T13:39:25Z</time></trkpt><trkpt lat="43.38674164" lon="-5.82633066"><ele>192.00</ele><time>2024-09-04T13:39:26Z</time></trkpt><trkpt lat="43.38673401" lon="-5.82633877"><ele>192.09</ele><time>2024-09-04T13:39:27Z</time></trkpt><trkpt lat="43.38672638" lon="-5.82634735"><ele>192.10</ele><time>2024-09-04T13:39:28Z</time></trkpt><trkpt lat="43.38671875" lon="-5.82635641"><ele>192.18</ele><time>2024-09-04T13:39:29Z</time></trkpt><trkpt lat="43.38670731" lon="-5.82636547"><ele>192.22</ele><time>2024-09-04T13:39:30Z</time></trkpt><trkpt lat="43.38669968" lon="-5.82637453"><ele>192.24</ele><time>2024-09-04T13:39:31Z</time></trkpt><trkpt lat="43.38668823" lon="-5.82638359"><ele>192.26</ele><time>2024-09-04T13:39:32Z</time></trkpt><trkpt lat="43.38668060" lon="-5.82639313"><ele>192.32</ele><time>2024-09-04T13:39:33Z</time></trkpt><trkpt lat="43.38666916" lon="-5.82640219"><ele>192.39</ele><time>2024-09-04T13:39:34Z</time></trkpt><trkpt lat="43.38666153" lon="-5.82641125"><ele>192.43</ele><time>2024-09-04T13:39:35Z</time></trkpt><trkpt lat="43.38665390" lon="-5.82642078"><ele>192.45</ele><time>2024-09-04T13:39:36Z</time></trkpt><trkpt lat="43.38664627" lon="-5.82642984"><ele>192.46</ele><time>2024-09-04T13:39:37Z</time></trkpt><trkpt lat="43.38663864" lon="-5.82643890"><ele>192.51</ele><time>2024-09-04T13:39:38Z</time></trkpt><trkpt lat="43.38662720" lon="-5.82644844"><ele>192.59</ele><time>2024-09-04T13:39:39Z</time></trkpt><trkpt lat="43.38661957" lon="-5.82645845"><ele>192.66</ele><time>2024-09-04T13:39:40Z</time></trkpt><trkpt lat="43.38661194" lon="-5.82646847"><ele>192.74</ele><time>2024-09-04T13:39:41Z</time></trkpt><trkpt lat="43.38660049" lon="-5.82647848"><ele>192.81</ele><time>2024-09-04T13:39:42Z</time></trkpt><trkpt lat="43.38659286" lon="-5.82648849"><ele>192.88</ele><time>2024-09-04T13:39:43Z</time></trkpt><trkpt lat="43.38658524" lon="-5.82649851"><ele>192.90</ele><time>2024-09-04T13:39:44Z</time></trkpt><trkpt lat="43.38657761" lon="-5.82650852"><ele>192.99</ele><time>2024-09-04T13:39:45Z</time></trkpt><trkpt lat="43.38656998" lon="-5.82651854"><ele>193.07</ele><time>2024-09-04T13:39:46Z</time></trkpt><trkpt lat="43.38656235" lon="-5.82652855"><ele>193.11</ele><time>2024-09-04T13:39:47Z</time></trkpt><trkpt lat="43.38655472" lon="-5.82653856"><ele>193.13</ele><time>2024-09-04T13:39:48Z</time></trkpt><trkpt lat="43.38654709" lon="-5.82654858"><ele>193.14</ele><time>2024-09-04T13:39:49Z</time></trkpt><trkpt lat="43.38654327" lon="-5.82655859"><ele>193.16</ele><time>2024-09-04T13:39:50Z</time></trkpt><trkpt lat="43.38653564" lon="-5.82656908"><ele>193.24</ele><time>2024-09-04T13:39:51Z</time></trkpt><trkpt lat="43.38653183" lon="-5.82658005"><ele>193.33</ele><time>2024-09-04T13:39:52Z</time></trkpt><trkpt lat="43.38652420" lon="-5.82659054"><ele>193.35</ele><time>2024-09-04T13:39:53Z</time></trkpt><trkpt lat="43.38651657" lon="-5.82660055"><ele>193.36</ele><time>2024-09-04T13:39:54Z</time></trkpt><trkpt lat="43.38650894" lon="-5.82661009"><ele>193.37</ele><time>2024-09-04T13:39:55Z</time></trkpt><trkpt lat="43.38650513" lon="-5.82662010"><ele>193.39</ele><time>2024-09-04T13:39:56Z</time></trkpt><trkpt lat="43.38649750" lon="-5.82662964"><ele>193.41</ele><time>2024-09-04T13:39:57Z</time></trkpt><trkpt lat="43.38648987" lon="-5.82663918"><ele>193.49</ele><time>2024-09-04T13:39:58Z</time></trkpt><trkpt lat="43.38648605" lon="-5.82664871"><ele>193.54</ele><time>2024-09-04T13:39:59Z</time></trkpt><trkpt lat="43.38647842" lon="-5.82665777"><ele>193.56</ele><time>2024-09-04T13:40:00Z</time></trkpt><trkpt lat="43.38647079" lon="-5.82666731"><ele>193.57</ele><time>2024-09-04T13:40:01Z</time></trkpt><trkpt lat="43.38646698" lon="-5.82667732"><ele>193.62</ele><time>2024-09-04T13:40:02Z</time></trkpt><trkpt lat="43.38645935" lon="-5.82668734"><ele>193.70</ele><time>2024-09-04T13:40:03Z</time></trkpt><trkpt lat="43.38645172" lon="-5.82669735"><ele>193.76</ele><time>2024-09-04T13:40:04Z</time></trkpt><trkpt lat="43.38644409" lon="-5.82670832"><ele>193.81</ele><time>2024-09-04T13:40:05Z</time></trkpt><trkpt lat="43.38643646" lon="-5.82672024"><ele>193.89</ele><time>2024-09-04T13:40:06Z</time></trkpt><trkpt lat="43.38642883" lon="-5.82673216"><ele>193.94</ele><time>2024-09-04T13:40:07Z</time></trkpt><trkpt lat="43.38642120" lon="-5.82674360"><ele>193.96</ele><time>2024-09-04T13:40:08Z</time></trkpt><trkpt lat="43.38640976" lon="-5.82675457"><ele>193.97</ele><time>2024-09-04T13:40:09Z</time></trkpt><trkpt lat="43.38640594" lon="-5.82676601"><ele>194.02</ele><time>2024-09-04T13:40:10Z</time></trkpt><trkpt lat="43.38639832" lon="-5.82677698"><ele>194.10</ele><time>2024-09-04T13:40:11Z</time></trkpt><trkpt lat="43.38639069" lon="-5.82678890"><ele>194.18</ele><time>2024-09-04T13:40:12Z</time></trkpt><trkpt lat="43.38638687" lon="-5.82680082"><ele>194.20</ele><time>2024-09-04T13:40:13Z</time></trkpt><trkpt lat="43.38638306" lon="-5.82681274"><ele>194.21</ele><time>2024-09-04T13:40:14Z</time></trkpt><trkpt lat="43.38637924" lon="-5.82682514"><ele>194.28</ele><time>2024-09-04T13:40:15Z</time></trkpt><trkpt lat="43.38637543" lon="-5.82683754"><ele>194.36</ele><time>2024-09-04T13:40:16Z</time></trkpt><trkpt lat="43.38637161" lon="-5.82685041"><ele>194.38</ele><time>2024-09-04T13:40:17Z</time></trkpt><trkpt lat="43.38636780" lon="-5.82686281"><ele>194.40</ele><time>2024-09-04T13:40:18Z</time></trkpt><trkpt lat="43.38636398" lon="-5.82687521"><ele>194.43</ele><time>2024-09-04T13:40:19Z</time></trkpt><trkpt lat="43.38636017" lon="-5.82688713"><ele>194.46</ele><time>2024-09-04T13:40:20Z</time></trkpt><trkpt lat="43.38635635" lon="-5.82689857"><ele>194.49</ele><time>2024-09-04T13:40:21Z</time></trkpt><trkpt lat="43.38634872" lon="-5.82690954"><ele>194.58</ele><time>2024-09-04T13:40:22Z</time></trkpt><trkpt lat="43.38634491" lon="-5.82692003"><ele>194.68</ele><time>2024-09-04T13:40:23Z</time></trkpt><trkpt lat="43.38633728" lon="-5.82693052"><ele>194.74</ele><time>2024-09-04T13:40:24Z</time></trkpt><trkpt lat="43.38632965" lon="-5.82694054"><ele>194.80</ele><time>2024-09-04T13:40:25Z</time></trkpt><trkpt lat="43.38632202" lon="-5.82695103"><ele>194.88</ele><time>2024-09-04T13:40:26Z</time></trkpt><trkpt lat="43.38631439" lon="-5.82696152"><ele>195.00</ele><time>2024-09-04T13:40:27Z</time></trkpt><trkpt lat="43.38630676" lon="-5.82697201"><ele>195.07</ele><time>2024-09-04T13:40:28Z</time></trkpt><trkpt lat="43.38629913" lon="-5.82698250"><ele>195.14</ele><time>2024-09-04T13:40:29Z</time></trkpt><trkpt lat="43.38629150" lon="-5.82699203"><ele>195.22</ele><time>2024-09-04T13:40:30Z</time></trkpt><trkpt lat="43.38628006" lon="-5.82700157"><ele>195.25</ele><time>2024-09-04T13:40:31Z</time></trkpt><trkpt lat="43.38627243" lon="-5.82701063"><ele>195.29</ele><time>2024-09-04T13:40:32Z</time></trkpt><trkpt lat="43.38626480" lon="-5.82702065"><ele>195.36</ele><time>2024-09-04T13:40:33Z</time></trkpt><trkpt lat="43.38625717" lon="-5.82702971"><ele>195.46</ele><time>2024-09-04T13:40:34Z</time></trkpt><trkpt lat="43.38624954" lon="-5.82703924"><ele>195.51</ele><time>2024-09-04T13:40:35Z</time></trkpt><trkpt lat="43.38624191" lon="-5.82704878"><ele>195.52</ele><time>2024-09-04T13:40:36Z</time></trkpt><trkpt lat="43.38623047" lon="-5.82705784"><ele>195.57</ele><time>2024-09-04T13:40:37Z</time></trkpt><trkpt lat="43.38622284" lon="-5.82706642"><ele>195.67</ele><time>2024-09-04T13:40:38Z</time></trkpt><trkpt lat="43.38621140" lon="-5.82707548"><ele>195.75</ele><time>2024-09-04T13:40:39Z</time></trkpt><trkpt lat="43.38619995" lon="-5.82708406"><ele>195.77</ele><time>2024-09-04T13:40:40Z</time></trkpt><trkpt lat="43.38619232" lon="-5.82709217"><ele>195.82</ele><time>2024-09-04T13:40:41Z</time></trkpt><trkpt lat="43.38618088" lon="-5.82710028"><ele>195.86</ele><time>2024-09-04T13:40:42Z</time></trkpt><trkpt lat="43.38617325" lon="-5.82710838"><ele>195.91</ele><time>2024-09-04T13:40:43Z</time></trkpt><trkpt lat="43.38616180" lon="-5.82711458"><ele>195.99</ele><time>2024-09-04T13:40:44Z</time></trkpt><trkpt lat="43.38615036" lon="-5.82711840"><ele>196.08</ele><time>2024-09-04T13:40:45Z</time></trkpt><trkpt lat="43.38613892" lon="-5.82711935"><ele>196.08</ele><time>2024-09-04T13:40:46Z</time></trkpt><trkpt lat="43.38611984" lon="-5.82711935"><ele>196.09</ele><time>2024-09-04T13:40:47Z</time></trkpt><trkpt lat="43.38609695" lon="-5.82712126"><ele>196.10</ele><time>2024-09-04T13:40:48Z</time></trkpt><trkpt lat="43.38608170" lon="-5.82712364"><ele>196.12</ele><time>2024-09-04T13:40:49Z</time></trkpt><trkpt lat="43.38606262" lon="-5.82712603"><ele>196.13</ele><time>2024-09-04T13:40:50Z</time></trkpt><trkpt lat="43.38604355" lon="-5.82712698"><ele>196.13</ele><time>2024-09-04T13:40:51Z</time></trkpt><trkpt lat="43.38602829" lon="-5.82712841"><ele>196.14</ele><time>2024-09-04T13:40:52Z</time></trkpt><trkpt lat="43.38601303" lon="-5.82712936"><ele>196.14</ele><time>2024-09-04T13:40:53Z</time></trkpt><trkpt lat="43.38599777" lon="-5.82713127"><ele>196.14</ele><time>2024-09-04T13:40:54Z</time></trkpt><trkpt lat="43.38598251" lon="-5.82713509"><ele>196.16</ele><time>2024-09-04T13:40:55Z</time></trkpt><trkpt lat="43.38596725" lon="-5.82713985"><ele>196.18</ele><time>2024-09-04T13:40:56Z</time></trkpt><trkpt lat="43.38595200" lon="-5.82714510"><ele>196.18</ele><time>2024-09-04T13:40:57Z</time></trkpt><trkpt lat="43.38593674" lon="-5.82714987"><ele>196.19</ele><time>2024-09-04T13:40:58Z</time></trkpt><trkpt lat="43.38592148" lon="-5.82715416"><ele>196.19</ele><time>2024-09-04T13:40:59Z</time></trkpt><trkpt lat="43.38590622" lon="-5.82716036"><ele>196.19</ele><time>2024-09-04T13:41:00Z</time></trkpt><trkpt lat="43.38589096" lon="-5.82716799"><ele>196.20</ele><time>2024-09-04T13:41:01Z</time></trkpt><trkpt lat="43.38587570" lon="-5.82717609"><ele>196.21</ele><time>2024-09-04T13:41:02Z</time></trkpt><trkpt lat="43.38586044" lon="-5.82718372"><ele>196.22</ele><time>2024-09-04T13:41:03Z</time></trkpt><trkpt lat="43.38584137" lon="-5.82719040"><ele>196.23</ele><time>2024-09-04T13:41:04Z</time></trkpt><trkpt lat="43.38582611" lon="-5.82719564"><ele>196.25</ele><time>2024-09-04T13:41:05Z</time></trkpt><trkpt lat="43.38580704" lon="-5.82720089"><ele>196.27</ele><time>2024-09-04T13:41:06Z</time></trkpt><trkpt lat="43.38578796" lon="-5.82720518"><ele>196.31</ele><time>2024-09-04T13:41:07Z</time></trkpt><trkpt lat="43.38576889" lon="-5.82720900"><ele>196.33</ele><time>2024-09-04T13:41:08Z</time></trkpt><trkpt lat="43.38574982" lon="-5.82721138"><ele>196.35</ele><time>2024-09-04T13:41:09Z</time></trkpt><trkpt lat="43.38573456" lon="-5.82721281"><ele>196.36</ele><time>2024-09-04T13:41:10Z</time></trkpt><trkpt lat="43.38571548" lon="-5.82721329"><ele>196.39</ele><time>2024-09-04T13:41:11Z</time></trkpt><trkpt lat="43.38569641" lon="-5.82721281"><ele>196.41</ele><time>2024-09-04T13:41:12Z</time></trkpt><trkpt lat="43.38567734" lon="-5.82721281"><ele>196.43</ele><time>2024-09-04T13:41:13Z</time></trkpt><trkpt lat="43.38566208" lon="-5.82721090"><ele>196.44</ele><time>2024-09-04T13:41:14Z</time></trkpt><trkpt lat="43.38564301" lon="-5.82721138"><ele>196.45</ele><time>2024-09-04T13:41:15Z</time></trkpt><trkpt lat="43.38562393" lon="-5.82721138"><ele>196.47</ele><time>2024-09-04T13:41:16Z</time></trkpt><trkpt lat="43.38560867" lon="-5.82721090"><ele>196.48</ele><time>2024-09-04T13:41:17Z</time></trkpt><trkpt lat="43.38558960" lon="-5.82720947"><ele>196.50</ele><time>2024-09-04T13:41:18Z</time></trkpt><trkpt lat="43.38557053" lon="-5.82720709"><ele>196.52</ele><time>2024-09-04T13:41:19Z</time></trkpt><trkpt lat="43.38555145" lon="-5.82720327"><ele>196.53</ele><time>2024-09-04T13:41:20Z</time></trkpt><trkpt lat="43.38553619" lon="-5.82719707"><ele>196.55</ele><time>2024-09-04T13:41:21Z</time></trkpt><trkpt lat="43.38551712" lon="-5.82718992"><ele>196.56</ele><time>2024-09-04T13:41:22Z</time></trkpt><trkpt lat="43.38550186" lon="-5.82718325"><ele>196.57</ele><time>2024-09-04T13:41:23Z</time></trkpt><trkpt lat="43.38548660" lon="-5.82717657"><ele>196.58</ele><time>2024-09-04T13:41:24Z</time></trkpt><trkpt lat="43.38547134" lon="-5.82716990"><ele>196.59</ele><time>2024-09-04T13:41:25Z</time></trkpt><trkpt lat="43.38545609" lon="-5.82716131"><ele>196.60</ele><time>2024-09-04T13:41:26Z</time></trkpt><trkpt lat="43.38544083" lon="-5.82715273"><ele>196.61</ele><time>2024-09-04T13:41:27Z</time></trkpt><trkpt lat="43.38542557" lon="-5.82714319"><ele>196.62</ele><time>2024-09-04T13:41:28Z</time></trkpt><trkpt lat="43.38541031" lon="-5.82713223"><ele>196.63</ele><time>2024-09-04T13:41:29Z</time></trkpt><trkpt lat="43.38539505" lon="-5.82712030"><ele>196.63</ele><time>2024-09-04T13:41:30Z</time></trkpt><trkpt lat="43.38538361" lon="-5.82710838"><ele>196.63</ele><time>2024-09-04T13:41:31Z</time></trkpt><trkpt lat="43.38536835" lon="-5.82709599"><ele>196.64</ele><time>2024-09-04T13:41:32Z</time></trkpt><trkpt lat="43.38535690" lon="-5.82708359"><ele>196.64</ele><time>2024-09-04T13:41:33Z</time></trkpt><trkpt lat="43.38534164" lon="-5.82707071"><ele>196.65</ele><time>2024-09-04T13:41:34Z</time></trkpt><trkpt lat="43.38533020" lon="-5.82705688"><ele>196.64</ele><time>2024-09-04T13:41:35Z</time></trkpt><trkpt lat="43.38531494" lon="-5.82704353"><ele>196.64</ele><time>2024-09-04T13:41:36Z</time></trkpt><trkpt lat="43.38530350" lon="-5.82702923"><ele>196.64</ele><time>2024-09-04T13:41:37Z</time></trkpt><trkpt lat="43.38528824" lon="-5.82701492"><ele>196.64</ele><time>2024-09-04T13:41:38Z</time></trkpt><trkpt lat="43.38527679" lon="-5.82700062"><ele>196.63</ele><time>2024-09-04T13:41:39Z</time></trkpt><trkpt lat="43.38526535" lon="-5.82698631"><ele>196.62</ele><time>2024-09-04T13:41:40Z</time></trkpt><trkpt lat="43.38525391" lon="-5.82697201"><ele>196.62</ele><time>2024-09-04T13:41:41Z</time></trkpt><trkpt lat="43.38524246" lon="-5.82695723"><ele>196.61</ele><time>2024-09-04T13:41:42Z</time></trkpt><trkpt lat="43.38522720" lon="-5.82694292"><ele>196.61</ele><time>2024-09-04T13:41:43Z</time></trkpt><trkpt lat="43.38521576" lon="-5.82692814"><ele>196.60</ele><time>2024-09-04T13:41:44Z</time></trkpt><trkpt lat="43.38520432" lon="-5.82691336"><ele>196.60</ele><time>2024-09-04T13:41:45Z</time></trkpt><trkpt lat="43.38519287" lon="-5.82689810"><ele>196.59</ele><time>2024-09-04T13:41:46Z</time></trkpt><trkpt lat="43.38518143" lon="-5.82688284"><ele>196.58</ele><time>2024-09-04T13:41:47Z</time></trkpt><trkpt lat="43.38516617" lon="-5.82686758"><ele>196.56</ele><time>2024-09-04T13:41:48Z</time></trkpt><trkpt lat="43.38515472" lon="-5.82685280"><ele>196.56</ele><time>2024-09-04T13:41:49Z</time></trkpt><trkpt lat="43.38514328" lon="-5.82683849"><ele>196.56</ele><time>2024-09-04T13:41:50Z</time></trkpt><trkpt lat="43.38513184" lon="-5.82682276"><ele>196.55</ele><time>2024-09-04T13:41:51Z</time></trkpt><trkpt lat="43.38512421" lon="-5.82680750"><ele>196.54</ele><time>2024-09-04T13:41:52Z</time></trkpt><trkpt lat="43.38511276" lon="-5.82679272"><ele>196.53</ele><time>2024-09-04T13:41:53Z</time></trkpt><trkpt lat="43.38510132" lon="-5.82677698"><ele>196.52</ele><time>2024-09-04T13:41:54Z</time></trkpt><trkpt lat="43.38508987" lon="-5.82676172"><ele>196.50</ele><time>2024-09-04T13:41:55Z</time></trkpt><trkpt lat="43.38507843" lon="-5.82674646"><ele>196.49</ele><time>2024-09-04T13:41:56Z</time></trkpt><trkpt lat="43.38507080" lon="-5.82673168"><ele>196.49</ele><time>2024-09-04T13:41:57Z</time></trkpt><trkpt lat="43.38505936" lon="-5.82671642"><ele>196.49</ele><time>2024-09-04T13:41:58Z</time></trkpt><trkpt lat="43.38504791" lon="-5.82669926"><ele>196.48</ele><time>2024-09-04T13:41:59Z</time></trkpt><trkpt lat="43.38503647" lon="-5.82668257"><ele>196.45</ele><time>2024-09-04T13:42:00Z</time></trkpt><trkpt lat="43.38502884" lon="-5.82666683"><ele>196.44</ele><time>2024-09-04T13:42:01Z</time></trkpt><trkpt lat="43.38501740" lon="-5.82665110"><ele>196.43</ele><time>2024-09-04T13:42:02Z</time></trkpt><trkpt lat="43.38500595" lon="-5.82663441"><ele>196.42</ele><time>2024-09-04T13:42:03Z</time></trkpt><trkpt lat="43.38499832" lon="-5.82661724"><ele>196.42</ele><time>2024-09-04T13:42:04Z</time></trkpt><trkpt lat="43.38499069" lon="-5.82659817"><ele>196.40</ele><time>2024-09-04T13:42:05Z</time></trkpt><trkpt lat="43.38498306" lon="-5.82658052"><ele>196.38</ele><time>2024-09-04T13:42:06Z</time></trkpt><trkpt lat="43.38497543" lon="-5.82656288"><ele>196.37</ele><time>2024-09-04T13:42:07Z</time></trkpt><trkpt lat="43.38496399" lon="-5.82654428"><ele>196.35</ele><time>2024-09-04T13:42:08Z</time></trkpt><trkpt lat="43.38495636" lon="-5.82652664"><ele>196.33</ele><time>2024-09-04T13:42:09Z</time></trkpt><trkpt lat="43.38494873" lon="-5.82650948"><ele>196.32</ele><time>2024-09-04T13:42:10Z</time></trkpt><trkpt lat="43.38494110" lon="-5.82649231"><ele>196.31</ele><time>2024-09-04T13:42:11Z</time></trkpt><trkpt lat="43.38493347" lon="-5.82647467"><ele>196.30</ele><time>2024-09-04T13:42:12Z</time></trkpt><trkpt lat="43.38492584" lon="-5.82645798"><ele>196.29</ele><time>2024-09-04T13:42:13Z</time></trkpt><trkpt lat="43.38491440" lon="-5.82644129"><ele>196.26</ele><time>2024-09-04T13:42:14Z</time></trkpt><trkpt lat="43.38490677" lon="-5.82642603"><ele>196.26</ele><time>2024-09-04T13:42:15Z</time></trkpt><trkpt lat="43.38489532" lon="-5.82641029"><ele>196.24</ele><time>2024-09-04T13:42:16Z</time></trkpt><trkpt lat="43.38488770" lon="-5.82639599"><ele>196.23</ele><time>2024-09-04T13:42:17Z</time></trkpt><trkpt lat="43.38487625" lon="-5.82638168"><ele>196.23</ele><time>2024-09-04T13:42:18Z</time></trkpt><trkpt lat="43.38486862" lon="-5.82636738"><ele>196.23</ele><time>2024-09-04T13:42:19Z</time></trkpt><trkpt lat="43.38485718" lon="-5.82635355"><ele>196.23</ele><time>2024-09-04T13:42:20Z</time></trkpt><trkpt lat="43.38484573" lon="-5.82633877"><ele>196.21</ele><time>2024-09-04T13:42:21Z</time></trkpt><trkpt lat="43.38483429" lon="-5.82632589"><ele>196.21</ele><time>2024-09-04T13:42:22Z</time></trkpt><trkpt lat="43.38482666" lon="-5.82631302"><ele>196.20</ele><time>2024-09-04T13:42:23Z</time></trkpt><trkpt lat="43.38481522" lon="-5.82630014"><ele>196.20</ele><time>2024-09-04T13:42:24Z</time></trkpt><trkpt lat="43.38480377" lon="-5.82628727"><ele>196.18</ele><time>2024-09-04T13:42:25Z</time></trkpt><trkpt lat="43.38479233" lon="-5.82627487"><ele>196.18</ele><time>2024-09-04T13:42:26Z</time></trkpt><trkpt lat="43.38478088" lon="-5.82626152"><ele>196.18</ele><time>2024-09-04T13:42:27Z</time></trkpt><trkpt lat="43.38477325" lon="-5.82624769"><ele>196.18</ele><time>2024-09-04T13:42:28Z</time></trkpt><trkpt lat="43.38476181" lon="-5.82623339"><ele>196.16</ele><time>2024-09-04T13:42:29Z</time></trkpt><trkpt lat="43.38475037" lon="-5.82621956"><ele>196.15</ele><time>2024-09-04T13:42:30Z</time></trkpt><trkpt lat="43.38473892" lon="-5.82620573"><ele>196.13</ele><time>2024-09-04T13:42:31Z</time></trkpt><trkpt lat="43.38472748" lon="-5.82619238"><ele>196.12</ele><time>2024-09-04T13:42:32Z</time></trkpt><trkpt lat="43.38471603" lon="-5.82617855"><ele>196.12</ele><time>2024-09-04T13:42:33Z</time></trkpt><trkpt lat="43.38470840" lon="-5.82616425"><ele>196.12</ele><time>2024-09-04T13:42:34Z</time></trkpt><trkpt lat="43.38469696" lon="-5.82614899"><ele>196.10</ele><time>2024-09-04T13:42:35Z</time></trkpt><trkpt lat="43.38468552" lon="-5.82613468"><ele>196.09</ele><time>2024-09-04T13:42:36Z</time></trkpt><trkpt lat="43.38467789" lon="-5.82611990"><ele>196.08</ele><time>2024-09-04T13:42:37Z</time></trkpt><trkpt lat="43.38466644" lon="-5.82610416"><ele>196.07</ele><time>2024-09-04T13:42:38Z</time></trkpt><trkpt lat="43.38465500" lon="-5.82608891"><ele>196.05</ele><time>2024-09-04T13:42:39Z</time></trkpt><trkpt lat="43.38464737" lon="-5.82607365"><ele>196.04</ele><time>2024-09-04T13:42:40Z</time></trkpt><trkpt lat="43.38463593" lon="-5.82605934"><ele>196.04</ele><time>2024-09-04T13:42:41Z</time></trkpt><trkpt lat="43.38462448" lon="-5.82604408"><ele>196.04</ele><time>2024-09-04T13:42:42Z</time></trkpt><trkpt lat="43.38461685" lon="-5.82602835"><ele>196.02</ele><time>2024-09-04T13:42:43Z</time></trkpt><trkpt lat="43.38460541" lon="-5.82601261"><ele>196.01</ele><time>2024-09-04T13:42:44Z</time></trkpt><trkpt lat="43.38459396" lon="-5.82599640"><ele>195.99</ele><time>2024-09-04T13:42:45Z</time></trkpt><trkpt lat="43.38458252" lon="-5.82598066"><ele>195.97</ele><time>2024-09-04T13:42:46Z</time></trkpt><trkpt lat="43.38457108" lon="-5.82596397"><ele>195.95</ele><time>2024-09-04T13:42:47Z</time></trkpt><trkpt lat="43.38455963" lon="-5.82594919"><ele>195.95</ele><time>2024-09-04T13:42:48Z</time></trkpt><trkpt lat="43.38454819" lon="-5.82593250"><ele>195.93</ele><time>2024-09-04T13:42:49Z</time></trkpt><trkpt lat="43.38453674" lon="-5.82591581"><ele>195.92</ele><time>2024-09-04T13:42:50Z</time></trkpt><trkpt lat="43.38452911" lon="-5.82589960"><ele>195.90</ele><time>2024-09-04T13:42:51Z</time></trkpt><trkpt lat="43.38451767" lon="-5.82588387"><ele>195.89</ele><time>2024-09-04T13:42:52Z</time></trkpt><trkpt lat="43.38451004" lon="-5.82586670"><ele>195.86</ele><time>2024-09-04T13:42:53Z</time></trkpt><trkpt lat="43.38449860" lon="-5.82585049"><ele>195.84</ele><time>2024-09-04T13:42:54Z</time></trkpt><trkpt lat="43.38449097" lon="-5.82583427"><ele>195.83</ele><time>2024-09-04T13:42:55Z</time></trkpt><trkpt lat="43.38448334" lon="-5.82581806"><ele>195.82</ele><time>2024-09-04T13:42:56Z</time></trkpt><trkpt lat="43.38447571" lon="-5.82580185"><ele>195.81</ele><time>2024-09-04T13:42:57Z</time></trkpt><trkpt lat="43.38446808" lon="-5.82578564"><ele>195.80</ele><time>2024-09-04T13:42:58Z</time></trkpt><trkpt lat="43.38446045" lon="-5.82576942"><ele>195.78</ele><time>2024-09-04T13:42:59Z</time></trkpt><trkpt lat="43.38445282" lon="-5.82575369"><ele>195.78</ele><time>2024-09-04T13:43:00Z</time></trkpt><trkpt lat="43.38444519" lon="-5.82573652"><ele>195.76</ele><time>2024-09-04T13:43:01Z</time></trkpt><trkpt lat="43.38443756" lon="-5.82571936"><ele>195.75</ele><time>2024-09-04T13:43:02Z</time></trkpt><trkpt lat="43.38442993" lon="-5.82570171"><ele>195.74</ele><time>2024-09-04T13:43:03Z</time></trkpt><trkpt lat="43.38442230" lon="-5.82568455"><ele>195.72</ele><time>2024-09-04T13:43:04Z</time></trkpt><trkpt lat="43.38441849" lon="-5.82566643"><ele>195.69</ele><time>2024-09-04T13:43:05Z</time></trkpt><trkpt lat="43.38441086" lon="-5.82564974"><ele>195.67</ele><time>2024-09-04T13:43:06Z</time></trkpt><trkpt lat="43.38440323" lon="-5.82563257"><ele>195.66</ele><time>2024-09-04T13:43:07Z</time></trkpt><trkpt lat="43.38439560" lon="-5.82561541"><ele>195.65</ele><time>2024-09-04T13:43:08Z</time></trkpt><trkpt lat="43.38438797" lon="-5.82559824"><ele>195.64</ele><time>2024-09-04T13:43:09Z</time></trkpt><trkpt lat="43.38438034" lon="-5.82557917"><ele>195.62</ele><time>2024-09-04T13:43:10Z</time></trkpt><trkpt lat="43.38436890" lon="-5.82556105"><ele>195.60</ele><time>2024-09-04T13:43:11Z</time></trkpt><trkpt lat="43.38436127" lon="-5.82554197"><ele>195.56</ele><time>2024-09-04T13:43:12Z</time></trkpt><trkpt lat="43.38435364" lon="-5.82552385"><ele>195.54</ele><time>2024-09-04T13:43:13Z</time></trkpt><trkpt lat="43.38434219" lon="-5.82550526"><ele>195.51</ele><time>2024-09-04T13:43:14Z</time></trkpt><trkpt lat="43.38433456" lon="-5.82548761"><ele>195.48</ele><time>2024-09-04T13:43:15Z</time></trkpt><trkpt lat="43.38432312" lon="-5.82546997"><ele>195.46</ele><time>2024-09-04T13:43:16Z</time></trkpt><trkpt lat="43.38431549" lon="-5.82545328"><ele>195.46</ele><time>2024-09-04T13:43:17Z</time></trkpt><trkpt lat="43.38430405" lon="-5.82543564"><ele>195.44</ele><time>2024-09-04T13:43:18Z</time></trkpt><trkpt lat="43.38429642" lon="-5.82541752"><ele>195.42</ele><time>2024-09-04T13:43:19Z</time></trkpt><trkpt lat="43.38428497" lon="-5.82540083"><ele>195.40</ele><time>2024-09-04T13:43:20Z</time></trkpt><trkpt lat="43.38427734" lon="-5.82538366"><ele>195.38</ele><time>2024-09-04T13:43:21Z</time></trkpt><trkpt lat="43.38426590" lon="-5.82536697"><ele>195.36</ele><time>2024-09-04T13:43:22Z</time></trkpt><trkpt lat="43.38425827" lon="-5.82535124"><ele>195.36</ele><time>2024-09-04T13:43:23Z</time></trkpt><trkpt lat="43.38424683" lon="-5.82533455"><ele>195.35</ele><time>2024-09-04T13:43:24Z</time></trkpt><trkpt lat="43.38423920" lon="-5.82531786"><ele>195.35</ele><time>2024-09-04T13:43:25Z</time></trkpt><trkpt lat="43.38423157" lon="-5.82530117"><ele>195.33</ele><time>2024-09-04T13:43:26Z</time></trkpt><trkpt lat="43.38422012" lon="-5.82528353"><ele>195.31</ele><time>2024-09-04T13:43:27Z</time></trkpt><trkpt lat="43.38421249" lon="-5.82526636"><ele>195.29</ele><time>2024-09-04T13:43:28Z</time></trkpt><trkpt lat="43.38420486" lon="-5.82524920"><ele>195.28</ele><time>2024-09-04T13:43:29Z</time></trkpt><trkpt lat="43.38419724" lon="-5.82523203"><ele>195.28</ele><time>2024-09-04T13:43:30Z</time></trkpt><trkpt lat="43.38418961" lon="-5.82521391"><ele>195.26</ele><time>2024-09-04T13:43:31Z</time></trkpt><trkpt lat="43.38418198" lon="-5.82519579"><ele>195.26</ele><time>2024-09-04T13:43:32Z</time></trkpt><trkpt lat="43.38417435" lon="-5.82517672"><ele>195.24</ele><time>2024-09-04T13:43:33Z</time></trkpt><trkpt lat="43.38416672" lon="-5.82515764"><ele>195.22</ele><time>2024-09-04T13:43:34Z</time></trkpt><trkpt lat="43.38416672" lon="-5.82514000"><ele>195.20</ele><time>2024-09-04T13:43:35Z</time></trkpt><trkpt lat="43.38416672" lon="-5.82512331"><ele>195.19</ele><time>2024-09-04T13:43:36Z</time></trkpt><trkpt lat="43.38416290" lon="-5.82510710"><ele>195.19</ele><time>2024-09-04T13:43:37Z</time></trkpt><trkpt lat="43.38416290" lon="-5.82508945"><ele>195.16</ele><time>2024-09-04T13:43:38Z</time></trkpt><trkpt lat="43.38416290" lon="-5.82507229"><ele>195.13</ele><time>2024-09-04T13:43:39Z</time></trkpt><trkpt lat="43.38416290" lon="-5.82505608"><ele>195.11</ele><time>2024-09-04T13:43:40Z</time></trkpt><trkpt lat="43.38416290" lon="-5.82503939"><ele>195.10</ele><time>2024-09-04T13:43:41Z</time></trkpt><trkpt lat="43.38416290" lon="-5.82502270"><ele>195.09</ele><time>2024-09-04T13:43:42Z</time></trkpt><trkpt lat="43.38416672" lon="-5.82500601"><ele>195.09</ele><time>2024-09-04T13:43:43Z</time></trkpt><trkpt lat="43.38416672" lon="-5.82498884"><ele>195.08</ele><time>2024-09-04T13:43:44Z</time></trkpt><trkpt lat="43.38416672" lon="-5.82497072"><ele>195.05</ele><time>2024-09-04T13:43:45Z</time></trkpt><trkpt lat="43.38416672" lon="-5.82495165"><ele>195.01</ele><time>2024-09-04T13:43:46Z</time></trkpt><trkpt lat="43.38416672" lon="-5.82493305"><ele>194.99</ele><time>2024-09-04T13:43:47Z</time></trkpt><trkpt lat="43.38417053" lon="-5.82491446"><ele>194.98</ele><time>2024-09-04T13:43:48Z</time></trkpt><trkpt lat="43.38417053" lon="-5.82489586"><ele>194.97</ele><time>2024-09-04T13:43:49Z</time></trkpt><trkpt lat="43.38416672" lon="-5.82487679"><ele>194.96</ele><time>2024-09-04T13:43:50Z</time></trkpt><trkpt lat="43.38416672" lon="-5.82485819"><ele>194.94</ele><time>2024-09-04T13:43:51Z</time></trkpt><trkpt lat="43.38416672" lon="-5.82483912"><ele>194.91</ele><time>2024-09-04T13:43:52Z</time></trkpt><trkpt lat="43.38416672" lon="-5.82482004"><ele>194.88</ele><time>2024-09-04T13:43:53Z</time></trkpt><trkpt lat="43.38416672" lon="-5.82480145"><ele>194.88</ele><time>2024-09-04T13:43:54Z</time></trkpt><trkpt lat="43.38416290" lon="-5.82478237"><ele>194.86</ele><time>2024-09-04T13:43:55Z</time></trkpt><trkpt lat="43.38416290" lon="-5.82476425"><ele>194.86</ele><time>2024-09-04T13:43:56Z</time></trkpt><trkpt lat="43.38415909" lon="-5.82474518"><ele>194.84</ele><time>2024-09-04T13:43:57Z</time></trkpt><trkpt lat="43.38415909" lon="-5.82472610"><ele>194.82</ele><time>2024-09-04T13:43:58Z</time></trkpt><trkpt lat="43.38415527" lon="-5.82470751"><ele>194.80</ele><time>2024-09-04T13:43:59Z</time></trkpt><trkpt lat="43.38415146" lon="-5.82468843"><ele>194.77</ele><time>2024-09-04T13:44:00Z</time></trkpt><trkpt lat="43.38414764" lon="-5.82467127"><ele>194.76</ele><time>2024-09-04T13:44:01Z</time></trkpt><trkpt lat="43.38414383" lon="-5.82465506"><ele>194.76</ele><time>2024-09-04T13:44:02Z</time></trkpt><trkpt lat="43.38414001" lon="-5.82463884"><ele>194.75</ele><time>2024-09-04T13:44:03Z</time></trkpt><trkpt lat="43.38413620" lon="-5.82462311"><ele>194.74</ele><time>2024-09-04T13:44:04Z</time></trkpt><trkpt lat="43.38413239" lon="-5.82460737"><ele>194.71</ele><time>2024-09-04T13:44:05Z</time></trkpt><trkpt lat="43.38412857" lon="-5.82459164"><ele>194.69</ele><time>2024-09-04T13:44:06Z</time></trkpt><trkpt lat="43.38412476" lon="-5.82457590"><ele>194.67</ele><time>2024-09-04T13:44:07Z</time></trkpt><trkpt lat="43.38412476" lon="-5.82455969"><ele>194.66</ele><time>2024-09-04T13:44:08Z</time></trkpt><trkpt lat="43.38412094" lon="-5.82454348"><ele>194.64</ele><time>2024-09-04T13:44:09Z</time></trkpt><trkpt lat="43.38411713" lon="-5.82452822"><ele>194.63</ele><time>2024-09-04T13:44:10Z</time></trkpt><trkpt lat="43.38411713" lon="-5.82451391"><ele>194.62</ele><time>2024-09-04T13:44:11Z</time></trkpt><trkpt lat="43.38411713" lon="-5.82450056"><ele>194.62</ele><time>2024-09-04T13:44:12Z</time></trkpt><trkpt lat="43.38411713" lon="-5.82448864"><ele>194.61</ele><time>2024-09-04T13:44:13Z</time></trkpt><trkpt lat="43.38411713" lon="-5.82447720"><ele>194.60</ele><time>2024-09-04T13:44:14Z</time></trkpt><trkpt lat="43.38411713" lon="-5.82446623"><ele>194.60</ele><time>2024-09-04T13:44:15Z</time></trkpt><trkpt lat="43.38411713" lon="-5.82445431"><ele>194.58</ele><time>2024-09-04T13:44:16Z</time></trkpt><trkpt lat="43.38411331" lon="-5.82444143"><ele>194.58</ele><time>2024-09-04T13:44:17Z</time></trkpt><trkpt lat="43.38411331" lon="-5.82442760"><ele>194.57</ele><time>2024-09-04T13:44:18Z</time></trkpt><trkpt lat="43.38410568" lon="-5.82441378"><ele>194.55</ele><time>2024-09-04T13:44:19Z</time></trkpt><trkpt lat="43.38410187" lon="-5.82440042"><ele>194.54</ele><time>2024-09-04T13:44:20Z</time></trkpt><trkpt lat="43.38409805" lon="-5.82438660"><ele>194.52</ele><time>2024-09-04T13:44:21Z</time></trkpt><trkpt lat="43.38409042" lon="-5.82437277"><ele>194.51</ele><time>2024-09-04T13:44:22Z</time></trkpt><trkpt lat="43.38408661" lon="-5.82435846"><ele>194.50</ele><time>2024-09-04T13:44:23Z</time></trkpt><trkpt lat="43.38407898" lon="-5.82434511"><ele>194.49</ele><time>2024-09-04T13:44:24Z</time></trkpt><trkpt lat="43.38407516" lon="-5.82433319"><ele>194.47</ele><time>2024-09-04T13:44:25Z</time></trkpt><trkpt lat="43.38406754" lon="-5.82432413"><ele>194.45</ele><time>2024-09-04T13:44:26Z</time></trkpt><trkpt lat="43.38406372" lon="-5.82431555"><ele>194.45</ele><time>2024-09-04T13:44:27Z</time></trkpt><trkpt lat="43.38405991" lon="-5.82430696"><ele>194.45</ele><time>2024-09-04T13:44:28Z</time></trkpt><trkpt lat="43.38405609" lon="-5.82429886"><ele>194.44</ele><time>2024-09-04T13:44:29Z</time></trkpt><trkpt lat="43.38404846" lon="-5.82429218"><ele>194.44</ele><time>2024-09-04T13:44:30Z</time></trkpt><trkpt lat="43.38404083" lon="-5.82428503"><ele>194.44</ele><time>2024-09-04T13:44:31Z</time></trkpt><trkpt lat="43.38403702" lon="-5.82427835"><ele>194.43</ele><time>2024-09-04T13:44:32Z</time></trkpt><trkpt lat="43.38402939" lon="-5.82427311"><ele>194.43</ele><time>2024-09-04T13:44:33Z</time></trkpt><trkpt lat="43.38402176" lon="-5.82426786"><ele>194.43</ele><time>2024-09-04T13:44:34Z</time></trkpt><trkpt lat="43.38401413" lon="-5.82426357"><ele>194.43</ele><time>2024-09-04T13:44:35Z</time></trkpt><trkpt lat="43.38400650" lon="-5.82425928"><ele>194.43</ele><time>2024-09-04T13:44:36Z</time></trkpt><trkpt lat="43.38399506" lon="-5.82425642"><ele>194.43</ele><time>2024-09-04T13:44:37Z</time></trkpt><trkpt lat="43.38398743" lon="-5.82425261"><ele>194.42</ele><time>2024-09-04T13:44:38Z</time></trkpt><trkpt lat="43.38397980" lon="-5.82424736"><ele>194.42</ele><time>2024-09-04T13:44:39Z</time></trkpt><trkpt lat="43.38396835" lon="-5.82423973"><ele>194.41</ele><time>2024-09-04T13:44:40Z</time></trkpt><trkpt lat="43.38395691" lon="-5.82423210"><ele>194.40</ele><time>2024-09-04T13:44:41Z</time></trkpt><trkpt lat="43.38394928" lon="-5.82422400"><ele>194.39</ele><time>2024-09-04T13:44:42Z</time></trkpt><trkpt lat="43.38393784" lon="-5.82421732"><ele>194.38</ele><time>2024-09-04T13:44:43Z</time></trkpt><trkpt lat="43.38393021" lon="-5.82420969"><ele>194.37</ele><time>2024-09-04T13:44:44Z</time></trkpt><trkpt lat="43.38391876" lon="-5.82420111"><ele>194.36</ele><time>2024-09-04T13:44:45Z</time></trkpt><trkpt lat="43.38391113" lon="-5.82419252"><ele>194.36</ele><time>2024-09-04T13:44:46Z</time></trkpt><trkpt lat="43.38389969" lon="-5.82418299"><ele>194.36</ele><time>2024-09-04T13:44:47Z</time></trkpt><trkpt lat="43.38388824" lon="-5.82417393"><ele>194.30</ele><time>2024-09-04T13:44:48Z</time></trkpt><trkpt lat="43.38387680" lon="-5.82416391"><ele>194.29</ele><time>2024-09-04T13:44:49Z</time></trkpt><trkpt lat="43.38386917" lon="-5.82415581"><ele>194.29</ele><time>2024-09-04T13:44:50Z</time></trkpt><trkpt lat="43.38385773" lon="-5.82414818"><ele>194.29</ele><time>2024-09-04T13:44:51Z</time></trkpt><trkpt lat="43.38384628" lon="-5.82414293"><ele>194.29</ele><time>2024-09-04T13:44:52Z</time></trkpt><trkpt lat="43.38383484" lon="-5.82413912"><ele>194.28</ele><time>2024-09-04T13:44:53Z</time></trkpt><trkpt lat="43.38382339" lon="-5.82413673"><ele>194.29</ele><time>2024-09-04T13:44:54Z</time></trkpt><trkpt lat="43.38381195" lon="-5.82413387"><ele>194.29</ele><time>2024-09-04T13:44:55Z</time></trkpt><trkpt lat="43.38380051" lon="-5.82412958"><ele>194.28</ele><time>2024-09-04T13:44:56Z</time></trkpt><trkpt lat="43.38378906" lon="-5.82412529"><ele>194.28</ele><time>2024-09-04T13:44:57Z</time></trkpt><trkpt lat="43.38377762" lon="-5.82411957"><ele>194.28</ele><time>2024-09-04T13:44:58Z</time></trkpt><trkpt lat="43.38376617" lon="-5.82411194"><ele>194.28</ele><time>2024-09-04T13:44:59Z</time></trkpt><trkpt lat="43.38375854" lon="-5.82410240"><ele>194.25</ele><time>2024-09-04T13:45:00Z</time></trkpt><trkpt lat="43.38374710" lon="-5.82409239"><ele>194.22</ele><time>2024-09-04T13:45:01Z</time></trkpt><trkpt lat="43.38373566" lon="-5.82408190"><ele>194.22</ele><time>2024-09-04T13:45:02Z</time></trkpt><trkpt lat="43.38372803" lon="-5.82407141"><ele>194.21</ele><time>2024-09-04T13:45:03Z</time></trkpt><trkpt lat="43.38371658" lon="-5.82406044"><ele>194.19</ele><time>2024-09-04T13:45:04Z</time></trkpt><trkpt lat="43.38370514" lon="-5.82404995"><ele>194.18</ele><time>2024-09-04T13:45:05Z</time></trkpt><trkpt lat="43.38369751" lon="-5.82403851"><ele>194.16</ele><time>2024-09-04T13:45:06Z</time></trkpt><trkpt lat="43.38368607" lon="-5.82402515"><ele>194.08</ele><time>2024-09-04T13:45:07Z</time></trkpt><trkpt lat="43.38367462" lon="-5.82401371"><ele>194.07</ele><time>2024-09-04T13:45:08Z</time></trkpt><trkpt lat="43.38366318" lon="-5.82399893"><ele>194.05</ele><time>2024-09-04T13:45:09Z</time></trkpt><trkpt lat="43.38365555" lon="-5.82398462"><ele>194.05</ele><time>2024-09-04T13:45:10Z</time></trkpt><trkpt lat="43.38364792" lon="-5.82396889"><ele>194.04</ele><time>2024-09-04T13:45:11Z</time></trkpt><trkpt lat="43.38364029" lon="-5.82395315"><ele>194.00</ele><time>2024-09-04T13:45:12Z</time></trkpt><trkpt lat="43.38363266" lon="-5.82393646"><ele>193.94</ele><time>2024-09-04T13:45:13Z</time></trkpt><trkpt lat="43.38362885" lon="-5.82391930"><ele>193.89</ele><time>2024-09-04T13:45:14Z</time></trkpt><trkpt lat="43.38362122" lon="-5.82390404"><ele>193.88</ele><time>2024-09-04T13:45:15Z</time></trkpt><trkpt lat="43.38361740" lon="-5.82388878"><ele>193.87</ele><time>2024-09-04T13:45:16Z</time></trkpt><trkpt lat="43.38361359" lon="-5.82387304"><ele>193.86</ele><time>2024-09-04T13:45:17Z</time></trkpt><trkpt lat="43.38360977" lon="-5.82385683"><ele>193.84</ele><time>2024-09-04T13:45:18Z</time></trkpt><trkpt lat="43.38360596" lon="-5.82384109"><ele>193.83</ele><time>2024-09-04T13:45:19Z</time></trkpt><trkpt lat="43.38360214" lon="-5.82382441"><ele>193.79</ele><time>2024-09-04T13:45:20Z</time></trkpt><trkpt lat="43.38360214" lon="-5.82380676"><ele>193.75</ele><time>2024-09-04T13:45:21Z</time></trkpt><trkpt lat="43.38359833" lon="-5.82379007"><ele>193.74</ele><time>2024-09-04T13:45:22Z</time></trkpt><trkpt lat="43.38359833" lon="-5.82377386"><ele>193.73</ele><time>2024-09-04T13:45:23Z</time></trkpt><trkpt lat="43.38359451" lon="-5.82375765"><ele>193.72</ele><time>2024-09-04T13:45:24Z</time></trkpt><trkpt lat="43.38359451" lon="-5.82374048"><ele>193.71</ele><time>2024-09-04T13:45:25Z</time></trkpt><trkpt lat="43.38359070" lon="-5.82372284"><ele>193.67</ele><time>2024-09-04T13:45:26Z</time></trkpt><trkpt lat="43.38359070" lon="-5.82370615"><ele>193.65</ele><time>2024-09-04T13:45:27Z</time></trkpt><trkpt lat="43.38359070" lon="-5.82368851"><ele>193.64</ele><time>2024-09-04T13:45:28Z</time></trkpt><trkpt lat="43.38359070" lon="-5.82367277"><ele>193.64</ele><time>2024-09-04T13:45:29Z</time></trkpt><trkpt lat="43.38359451" lon="-5.82365608"><ele>193.62</ele><time>2024-09-04T13:45:30Z</time></trkpt><trkpt lat="43.38359833" lon="-5.82364035"><ele>193.60</ele><time>2024-09-04T13:45:31Z</time></trkpt><trkpt lat="43.38360214" lon="-5.82362461"><ele>193.60</ele><time>2024-09-04T13:45:32Z</time></trkpt><trkpt lat="43.38360214" lon="-5.82360888"><ele>193.58</ele><time>2024-09-04T13:45:33Z</time></trkpt><trkpt lat="43.38360596" lon="-5.82359171"><ele>193.55</ele><time>2024-09-04T13:45:34Z</time></trkpt><trkpt lat="43.38360977" lon="-5.82357597"><ele>193.54</ele><time>2024-09-04T13:45:35Z</time></trkpt><trkpt lat="43.38361359" lon="-5.82356024"><ele>193.53</ele><time>2024-09-04T13:45:36Z</time></trkpt><trkpt lat="43.38361740" lon="-5.82354355"><ele>193.51</ele><time>2024-09-04T13:45:37Z</time></trkpt><trkpt lat="43.38361740" lon="-5.82352734"><ele>193.50</ele><time>2024-09-04T13:45:38Z</time></trkpt><trkpt lat="43.38362122" lon="-5.82351065"><ele>193.47</ele><time>2024-09-04T13:45:39Z</time></trkpt><trkpt lat="43.38362503" lon="-5.82349396"><ele>193.46</ele><time>2024-09-04T13:45:40Z</time></trkpt><trkpt lat="43.38362885" lon="-5.82347822"><ele>193.46</ele><time>2024-09-04T13:45:41Z</time></trkpt><trkpt lat="43.38362885" lon="-5.82346153"><ele>193.45</ele><time>2024-09-04T13:45:42Z</time></trkpt><trkpt lat="43.38363266" lon="-5.82344532"><ele>193.43</ele><time>2024-09-04T13:45:43Z</time></trkpt><trkpt lat="43.38363647" lon="-5.82342863"><ele>193.42</ele><time>2024-09-04T13:45:44Z</time></trkpt><trkpt lat="43.38364029" lon="-5.82341194"><ele>193.41</ele><time>2024-09-04T13:45:45Z</time></trkpt><trkpt lat="43.38364410" lon="-5.82339430"><ele>193.38</ele><time>2024-09-04T13:45:46Z</time></trkpt><trkpt lat="43.38364410" lon="-5.82337761"><ele>193.35</ele><time>2024-09-04T13:45:47Z</time></trkpt><trkpt lat="43.38364792" lon="-5.82336044"><ele>193.34</ele><time>2024-09-04T13:45:48Z</time></trkpt><trkpt lat="43.38365173" lon="-5.82334328"><ele>193.34</ele><time>2024-09-04T13:45:49Z</time></trkpt><trkpt lat="43.38365555" lon="-5.82332611"><ele>193.33</ele><time>2024-09-04T13:45:50Z</time></trkpt><trkpt lat="43.38365936" lon="-5.82330751"><ele>193.31</ele><time>2024-09-04T13:45:51Z</time></trkpt><trkpt lat="43.38365936" lon="-5.82328892"><ele>193.28</ele><time>2024-09-04T13:45:52Z</time></trkpt><trkpt lat="43.38366318" lon="-5.82327080"><ele>193.26</ele><time>2024-09-04T13:45:53Z</time></trkpt><trkpt lat="43.38366699" lon="-5.82325268"><ele>193.26</ele><time>2024-09-04T13:45:54Z</time></trkpt><trkpt lat="43.38367081" lon="-5.82323360"><ele>193.26</ele><time>2024-09-04T13:45:55Z</time></trkpt><trkpt lat="43.38367081" lon="-5.82321405"><ele>193.23</ele><time>2024-09-04T13:45:56Z</time></trkpt><trkpt lat="43.38367462" lon="-5.82319546"><ele>193.21</ele><time>2024-09-04T13:45:57Z</time></trkpt><trkpt lat="43.38367462" lon="-5.82317686"><ele>193.19</ele><time>2024-09-04T13:45:58Z</time></trkpt><trkpt lat="43.38367844" lon="-5.82315874"><ele>193.18</ele><time>2024-09-04T13:45:59Z</time></trkpt><trkpt lat="43.38367844" lon="-5.82313967"><ele>193.16</ele><time>2024-09-04T13:46:00Z</time></trkpt><trkpt lat="43.38367844" lon="-5.82312107"><ele>193.15</ele><time>2024-09-04T13:46:01Z</time></trkpt><trkpt lat="43.38368225" lon="-5.82310247"><ele>193.15</ele><time>2024-09-04T13:46:02Z</time></trkpt><trkpt lat="43.38368225" lon="-5.82308292"><ele>193.14</ele><time>2024-09-04T13:46:03Z</time></trkpt><trkpt lat="43.38367844" lon="-5.82306337"><ele>193.09</ele><time>2024-09-04T13:46:04Z</time></trkpt><trkpt lat="43.38368225" lon="-5.82304573"><ele>193.09</ele><time>2024-09-04T13:46:05Z</time></trkpt><trkpt lat="43.38367844" lon="-5.82302666"><ele>193.06</ele><time>2024-09-04T13:46:06Z</time></trkpt><trkpt lat="43.38367844" lon="-5.82300806"><ele>193.04</ele><time>2024-09-04T13:46:07Z</time></trkpt><trkpt lat="43.38367844" lon="-5.82298899"><ele>193.02</ele><time>2024-09-04T13:46:08Z</time></trkpt><trkpt lat="43.38368225" lon="-5.82297087"><ele>193.01</ele><time>2024-09-04T13:46:09Z</time></trkpt><trkpt lat="43.38368225" lon="-5.82295322"><ele>193.01</ele><time>2024-09-04T13:46:10Z</time></trkpt><trkpt lat="43.38368607" lon="-5.82293558"><ele>193.00</ele><time>2024-09-04T13:46:11Z</time></trkpt><trkpt lat="43.38368988" lon="-5.82291889"><ele>192.99</ele><time>2024-09-04T13:46:12Z</time></trkpt><trkpt lat="43.38369370" lon="-5.82290220"><ele>192.98</ele><time>2024-09-04T13:46:13Z</time></trkpt><trkpt lat="43.38369370" lon="-5.82288456"><ele>192.96</ele><time>2024-09-04T13:46:14Z</time></trkpt><trkpt lat="43.38369751" lon="-5.82286787"><ele>192.96</ele><time>2024-09-04T13:46:15Z</time></trkpt><trkpt lat="43.38370132" lon="-5.82284975"><ele>192.95</ele><time>2024-09-04T13:46:16Z</time></trkpt><trkpt lat="43.38370132" lon="-5.82283211"><ele>192.95</ele><time>2024-09-04T13:46:17Z</time></trkpt><trkpt lat="43.38370514" lon="-5.82281351"><ele>192.94</ele><time>2024-09-04T13:46:18Z</time></trkpt><trkpt lat="43.38370514" lon="-5.82279491"><ele>192.91</ele><time>2024-09-04T13:46:19Z</time></trkpt><trkpt lat="43.38370895" lon="-5.82277584"><ele>192.88</ele><time>2024-09-04T13:46:20Z</time></trkpt><trkpt lat="43.38370895" lon="-5.82275724"><ele>192.88</ele><time>2024-09-04T13:46:21Z</time></trkpt><trkpt lat="43.38371277" lon="-5.82273912"><ele>192.88</ele><time>2024-09-04T13:46:22Z</time></trkpt><trkpt lat="43.38371277" lon="-5.82272053"><ele>192.86</ele><time>2024-09-04T13:46:23Z</time></trkpt><trkpt lat="43.38371658" lon="-5.82270288"><ele>192.84</ele><time>2024-09-04T13:46:24Z</time></trkpt><trkpt lat="43.38371658" lon="-5.82268476"><ele>192.81</ele><time>2024-09-04T13:46:25Z</time></trkpt><trkpt lat="43.38371658" lon="-5.82266712"><ele>192.80</ele><time>2024-09-04T13:46:26Z</time></trkpt><trkpt lat="43.38371658" lon="-5.82264853"><ele>192.80</ele><time>2024-09-04T13:46:27Z</time></trkpt><trkpt lat="43.38371658" lon="-5.82262945"><ele>192.80</ele><time>2024-09-04T13:46:28Z</time></trkpt><trkpt lat="43.38371277" lon="-5.82260990"><ele>192.78</ele><time>2024-09-04T13:46:29Z</time></trkpt><trkpt lat="43.38371277" lon="-5.82258940"><ele>192.75</ele><time>2024-09-04T13:46:30Z</time></trkpt><trkpt lat="43.38371277" lon="-5.82256842"><ele>192.72</ele><time>2024-09-04T13:46:31Z</time></trkpt><trkpt lat="43.38371658" lon="-5.82254887"><ele>192.72</ele><time>2024-09-04T13:46:32Z</time></trkpt><trkpt lat="43.38372040" lon="-5.82253027"><ele>192.72</ele><time>2024-09-04T13:46:33Z</time></trkpt><trkpt lat="43.38372421" lon="-5.82251215"><ele>192.70</ele><time>2024-09-04T13:46:34Z</time></trkpt><trkpt lat="43.38373184" lon="-5.82249451"><ele>192.70</ele><time>2024-09-04T13:46:35Z</time></trkpt><trkpt lat="43.38373566" lon="-5.82247639"><ele>192.68</ele><time>2024-09-04T13:46:36Z</time></trkpt><trkpt lat="43.38374329" lon="-5.82245874"><ele>192.66</ele><time>2024-09-04T13:46:37Z</time></trkpt><trkpt lat="43.38374710" lon="-5.82244110"><ele>192.64</ele><time>2024-09-04T13:46:38Z</time></trkpt><trkpt lat="43.38375473" lon="-5.82242441"><ele>192.63</ele><time>2024-09-04T13:46:39Z</time></trkpt><trkpt lat="43.38376236" lon="-5.82240868"><ele>192.63</ele><time>2024-09-04T13:46:40Z</time></trkpt><trkpt lat="43.38376999" lon="-5.82239342"><ele>192.62</ele><time>2024-09-04T13:46:41Z</time></trkpt><trkpt lat="43.38377762" lon="-5.82237911"><ele>192.60</ele><time>2024-09-04T13:46:42Z</time></trkpt><trkpt lat="43.38378525" lon="-5.82236528"><ele>192.59</ele><time>2024-09-04T13:46:43Z</time></trkpt><trkpt lat="43.38379288" lon="-5.82235098"><ele>192.59</ele><time>2024-09-04T13:46:44Z</time></trkpt><trkpt lat="43.38380051" lon="-5.82233620"><ele>192.59</ele><time>2024-09-04T13:46:45Z</time></trkpt><trkpt lat="43.38380814" lon="-5.82232141"><ele>192.58</ele><time>2024-09-04T13:46:46Z</time></trkpt><trkpt lat="43.38381577" lon="-5.82230663"><ele>192.56</ele><time>2024-09-04T13:46:47Z</time></trkpt><trkpt lat="43.38381958" lon="-5.82229090"><ele>192.53</ele><time>2024-09-04T13:46:48Z</time></trkpt><trkpt lat="43.38382721" lon="-5.82227516"><ele>192.51</ele><time>2024-09-04T13:46:49Z</time></trkpt><trkpt lat="43.38383102" lon="-5.82225943"><ele>192.51</ele><time>2024-09-04T13:46:50Z</time></trkpt><trkpt lat="43.38383484" lon="-5.82224321"><ele>192.51</ele><time>2024-09-04T13:46:51Z</time></trkpt><trkpt lat="43.38383865" lon="-5.82222605"><ele>192.50</ele><time>2024-09-04T13:46:52Z</time></trkpt><trkpt lat="43.38384247" lon="-5.82220936"><ele>192.47</ele><time>2024-09-04T13:46:53Z</time></trkpt><trkpt lat="43.38384247" lon="-5.82219315"><ele>192.44</ele><time>2024-09-04T13:46:54Z</time></trkpt><trkpt lat="43.38384247" lon="-5.82217646"><ele>192.43</ele><time>2024-09-04T13:46:55Z</time></trkpt><trkpt lat="43.38384247" lon="-5.82215929"><ele>192.40</ele><time>2024-09-04T13:46:56Z</time></trkpt><trkpt lat="43.38384628" lon="-5.82214117"><ele>192.40</ele><time>2024-09-04T13:46:57Z</time></trkpt><trkpt lat="43.38384628" lon="-5.82212210"><ele>192.39</ele><time>2024-09-04T13:46:58Z</time></trkpt><trkpt lat="43.38384628" lon="-5.82210255"><ele>192.36</ele><time>2024-09-04T13:46:59Z</time></trkpt><trkpt lat="43.38384628" lon="-5.82208300"><ele>192.36</ele><time>2024-09-04T13:47:00Z</time></trkpt><trkpt lat="43.38385010" lon="-5.82206345"><ele>192.35</ele><time>2024-09-04T13:47:01Z</time></trkpt><trkpt lat="43.38385391" lon="-5.82204485"><ele>192.34</ele><time>2024-09-04T13:47:02Z</time></trkpt><trkpt lat="43.38385773" lon="-5.82202625"><ele>192.33</ele><time>2024-09-04T13:47:03Z</time></trkpt><trkpt lat="43.38386154" lon="-5.82200766"><ele>192.30</ele><time>2024-09-04T13:47:04Z</time></trkpt><trkpt lat="43.38386536" lon="-5.82198954"><ele>192.30</ele><time>2024-09-04T13:47:05Z</time></trkpt><trkpt lat="43.38386917" lon="-5.82197189"><ele>192.27</ele><time>2024-09-04T13:47:06Z</time></trkpt><trkpt lat="43.38387299" lon="-5.82195520"><ele>192.27</ele><time>2024-09-04T13:47:07Z</time></trkpt><trkpt lat="43.38387680" lon="-5.82193947"><ele>192.24</ele><time>2024-09-04T13:47:08Z</time></trkpt><trkpt lat="43.38388062" lon="-5.82192278"><ele>192.24</ele><time>2024-09-04T13:47:09Z</time></trkpt><trkpt lat="43.38388062" lon="-5.82190561"><ele>192.21</ele><time>2024-09-04T13:47:10Z</time></trkpt><trkpt lat="43.38388443" lon="-5.82188988"><ele>192.20</ele><time>2024-09-04T13:47:11Z</time></trkpt><trkpt lat="43.38388824" lon="-5.82187271"><ele>192.19</ele><time>2024-09-04T13:47:12Z</time></trkpt><trkpt lat="43.38388824" lon="-5.82185602"><ele>192.17</ele><time>2024-09-04T13:47:13Z</time></trkpt><trkpt lat="43.38389206" lon="-5.82184029"><ele>192.16</ele><time>2024-09-04T13:47:14Z</time></trkpt><trkpt lat="43.38389587" lon="-5.82182503"><ele>192.15</ele><time>2024-09-04T13:47:15Z</time></trkpt><trkpt lat="43.38389969" lon="-5.82181120"><ele>192.14</ele><time>2024-09-04T13:47:16Z</time></trkpt><trkpt lat="43.38390350" lon="-5.82179451"><ele>192.13</ele><time>2024-09-04T13:47:17Z</time></trkpt><trkpt lat="43.38390732" lon="-5.82178020"><ele>192.12</ele><time>2024-09-04T13:47:18Z</time></trkpt><trkpt lat="43.38391495" lon="-5.82176781"><ele>192.12</ele><time>2024-09-04T13:47:19Z</time></trkpt><trkpt lat="43.38392258" lon="-5.82175684"><ele>192.11</ele><time>2024-09-04T13:47:20Z</time></trkpt><trkpt lat="43.38392639" lon="-5.82174540"><ele>192.11</ele><time>2024-09-04T13:47:21Z</time></trkpt><trkpt lat="43.38393021" lon="-5.82173347"><ele>192.10</ele><time>2024-09-04T13:47:22Z</time></trkpt><trkpt lat="43.38393402" lon="-5.82172108"><ele>192.09</ele><time>2024-09-04T13:47:23Z</time></trkpt><trkpt lat="43.38394165" lon="-5.82170916"><ele>192.08</ele><time>2024-09-04T13:47:24Z</time></trkpt><trkpt lat="43.38394547" lon="-5.82169676"><ele>192.08</ele><time>2024-09-04T13:47:25Z</time></trkpt><trkpt lat="43.38394928" lon="-5.82168388"><ele>192.07</ele><time>2024-09-04T13:47:26Z</time></trkpt><trkpt lat="43.38395691" lon="-5.82167149"><ele>192.05</ele><time>2024-09-04T13:47:27Z</time></trkpt><trkpt lat="43.38396454" lon="-5.82166004"><ele>192.05</ele><time>2024-09-04T13:47:28Z</time></trkpt><trkpt lat="43.38397217" lon="-5.82164907"><ele>192.04</ele><time>2024-09-04T13:47:29Z</time></trkpt><trkpt lat="43.38397598" lon="-5.82163811"><ele>192.02</ele><time>2024-09-04T13:47:30Z</time></trkpt><trkpt lat="43.38397980" lon="-5.82162666"><ele>192.01</ele><time>2024-09-04T13:47:31Z</time></trkpt><trkpt lat="43.38398743" lon="-5.82161570"><ele>192.00</ele><time>2024-09-04T13:47:32Z</time></trkpt><trkpt lat="43.38399124" lon="-5.82160473"><ele>191.99</ele><time>2024-09-04T13:47:33Z</time></trkpt></trkseg></trk></gpx>