<?xml version='1.0' encoding='utf-8'?>
<gpx version="1.1" creator="identity_filter" xmlns="http://www.topografix.com/GPX/1/1"><trk><name>Identity Filtered Track</name><trkseg><trkpt lat="43.38533500" lon="-5.82062700"><ele>220.80</ele><time>2024-09-06T12:58:10Z</time></trkpt><trkpt lat="43.38533663" lon="-5.82062500"><ele>221.21</ele><time>2024-09-06T12:58:11Z</time></trkpt><trkpt lat="43.38533825" lon="-5.82062300"><ele>221.62</ele><time>2024-09-06T12:58:12Z</time></trkpt><trkpt lat="43.38533987" lon="-5.82062100"><ele>222.04</ele><time>2024-09-06T12:58:13Z</time></trkpt><trkpt lat="43.38534150" lon="-5.82061900"><ele>222.45</ele><time>2024-09-06T12:58:14Z</time></trkpt><trkpt lat="43.38534312" lon="-5.82061700"><ele>222.86</ele><time>2024-09-06T12:58:15Z</time></trkpt><trkpt lat="43.38534475" lon="-5.82061500"><ele>223.28</ele><time>2024-09-06T12:58:16Z</time></trkpt><trkpt lat="43.38534637" lon="-5.82061300"><ele>223.69</ele><time>2024-09-06T12:58:17Z</time></trkpt><trkpt lat="43.38534800" lon="-5.82061100"><ele>224.10</ele><time>2024-09-06T12:58:18Z</time></trkpt><trkpt lat="43.38534900" lon="-5.82061433"><ele>224.90</ele><time>2024-09-06T12:58:19Z</time></trkpt><trkpt lat="43.38535000" lon="-5.82061767"><ele>225.70</ele><time>2024-09-06T12:58:20Z</time></trkpt><trkpt lat="43.38535100" lon="-5.82062100"><ele>226.50</ele><time>2024-09-06T12:58:21Z</time></trkpt><trkpt lat="43.38535157" lon="-5.82062086"><ele>227.06</ele><time>2024-09-06T12:58:22Z</time></trkpt><trkpt lat="43.38535214" lon="-5.82062071"><ele>227.61</ele><time>2024-09-06T12:58:23Z</time></trkpt><trkpt lat="43.38535271" lon="-5.82062057"><ele>228.17</ele><time>2024-09-06T12:58:24Z</time></trkpt><trkpt lat="43.38535329" lon="-5.82062043"><ele>228.73</ele><time>2024-09-06T12:58:25Z</time></trkpt><trkpt lat="43.38535386" lon="-5.82062029"><ele>229.29</ele><time>2024-09-06T12:58:26Z</time></trkpt><trkpt lat="43.38535443" lon="-5.82062014"><ele>229.84</ele><time>2024-09-06T12:58:27Z</time></trkpt><trkpt lat="43.38535500" lon="-5.82062000"><ele>230.40</ele><time>2024-09-06T12:58:28Z</time></trkpt><trkpt lat="43.38536600" lon="-5.82062250"><ele>230.85</ele><time>2024-09-06T12:58:29Z</time></trkpt><trkpt lat="43.38537700" lon="-5.82062500"><ele>231.30</ele><time>2024-09-06T12:58:30Z</time></trkpt><trkpt lat="43.38538575" lon="-5.82062525"><ele>231.80</ele><time>2024-09-06T12:58:31Z</time></trkpt><trkpt lat="43.38539450" lon="-5.82062550"><ele>232.30</ele><time>2024-09-06T12:58:32Z</time></trkpt><trkpt lat="43.38540325" lon="-5.82062575"><ele>232.80</ele><time>2024-09-06T12:58:33Z</time></trkpt><trkpt lat="43.38541200" lon="-5.82062600"><ele>233.30</ele><time>2024-09-06T12:58:34Z</time></trkpt><trkpt lat="43.38541933" lon="-5.82064133"><ele>233.77</ele><time>2024-09-06T12:58:35Z</time></trkpt><trkpt lat="43.38542667" lon="-5.82065667"><ele>234.23</ele><time>2024-09-06T12:58:36Z</time></trkpt><trkpt lat="43.38543400" lon="-5.82067200"><ele>234.70</ele><time>2024-09-06T12:58:37Z</time></trkpt><trkpt lat="43.38544040" lon="-5.82069080"><ele>235.28</ele><time>2024-09-06T12:58:38Z</time></trkpt><trkpt lat="43.38544680" lon="-5.82070960"><ele>235.86</ele><time>2024-09-06T12:58:39Z</time></trkpt><trkpt lat="43.38545320" lon="-5.82072840"><ele>236.44</ele><time>2024-09-06T12:58:40Z</time></trkpt><trkpt lat="43.38545960" lon="-5.82074720"><ele>237.02</ele><time>2024-09-06T12:58:41Z</time></trkpt><trkpt lat="43.38546600" lon="-5.82076600"><ele>237.60</ele><time>2024-09-06T12:58:42Z</time></trkpt><trkpt lat="43.38547200" lon="-5.82078633"><ele>238.02</ele><time>2024-09-06T12:58:43Z</time></trkpt><trkpt lat="43.38547800" lon="-5.82080667"><ele>238.44</ele><time>2024-09-06T12:58:44Z</time></trkpt><trkpt lat="43.38548400" lon="-5.82082700"><ele>238.87</ele><time>2024-09-06T12:58:45Z</time></trkpt><trkpt lat="43.38549000" lon="-5.82084733"><ele>239.29</ele><time>2024-09-06T12:58:46Z</time></trkpt><trkpt lat="43.38549600" lon="-5.82086767"><ele>239.71</ele><time>2024-09-06T12:58:47Z</time></trkpt><trkpt lat="43.38550200" lon="-5.82088800"><ele>240.13</ele><time>2024-09-06T12:58:48Z</time></trkpt><trkpt lat="43.38550800" lon="-5.82090833"><ele>240.56</ele><time>2024-09-06T12:58:49Z</time></trkpt><trkpt lat="43.38551400" lon="-5.82092867"><ele>240.98</ele><time>2024-09-06T12:58:50Z</time></trkpt><trkpt lat="43.38552000" lon="-5.82094900"><ele>241.40</ele><time>2024-09-06T12:58:51Z</time></trkpt><trkpt lat="43.38552233" lon="-5.82097100"><ele>241.10</ele><time>2024-09-06T12:58:52Z</time></trkpt><trkpt lat="43.38552467" lon="-5.82099300"><ele>240.80</ele><time>2024-09-06T12:58:53Z</time></trkpt><trkpt lat="43.38552700" lon="-5.82101500"><ele>240.50</ele><time>2024-09-06T12:58:54Z</time></trkpt><trkpt lat="43.38553800" lon="-5.82101333"><ele>240.50</ele><time>2024-09-06T12:58:55Z</time></trkpt><trkpt lat="43.38554900" lon="-5.82101167"><ele>240.50</ele><time>2024-09-06T12:58:56Z</time></trkpt><trkpt lat="43.38556000" lon="-5.82101000"><ele>240.50</ele><time>2024-09-06T12:58:57Z</time></trkpt><trkpt lat="43.38557250" lon="-5.82100875"><ele>240.60</ele><time>2024-09-06T12:58:58Z</time></trkpt><trkpt lat="43.38558500" lon="-5.82100750"><ele>240.70</ele><time>2024-09-06T12:58:59Z</time></trkpt><trkpt lat="43.38559750" lon="-5.82100625"><ele>240.80</ele><time>2024-09-06T12:59:00Z</time></trkpt><trkpt lat="43.38561000" lon="-5.82100500"><ele>240.90</ele><time>2024-09-06T12:59:01Z</time></trkpt><trkpt lat="43.38562700" lon="-5.82101250"><ele>242.00</ele><time>2024-09-06T12:59:02Z</time></trkpt><trkpt lat="43.38564400" lon="-5.82102000"><ele>243.10</ele><time>2024-09-06T12:59:03Z</time></trkpt><trkpt lat="43.38566100" lon="-5.82102750"><ele>244.20</ele><time>2024-09-06T12:59:04Z</time></trkpt><trkpt lat="43.38567800" lon="-5.82103500"><ele>245.30</ele><time>2024-09-06T12:59:05Z</time></trkpt><trkpt lat="43.38569480" lon="-5.82103840"><ele>245.35</ele><time>2024-09-06T12:59:06Z</time></trkpt><trkpt lat="43.38571160" lon="-5.82104180"><ele>245.40</ele><time>2024-09-06T12:59:07Z</time></trkpt><trkpt lat="43.38572840" lon="-5.82104520"><ele>245.45</ele><time>2024-09-06T12:59:08Z</time></trkpt><trkpt lat="43.38574520" lon="-5.82104860"><ele>245.50</ele><time>2024-09-06T12:59:09Z</time></trkpt><trkpt lat="43.38576200" lon="-5.82105200"><ele>245.55</ele><time>2024-09-06T12:59:10Z</time></trkpt><trkpt lat="43.38577880" lon="-5.82105540"><ele>245.60</ele><time>2024-09-06T12:59:11Z</time></trkpt><trkpt lat="43.38579560" lon="-5.82105880"><ele>245.65</ele><time>2024-09-06T12:59:12Z</time></trkpt><trkpt lat="43.38581240" lon="-5.82106220"><ele>245.70</ele><time>2024-09-06T12:59:13Z</time></trkpt><trkpt lat="43.38582920" lon="-5.82106560"><ele>245.75</ele><time>2024-09-06T12:59:14Z</time></trkpt><trkpt lat="43.38584600" lon="-5.82106900"><ele>245.80</ele><time>2024-09-06T12:59:15Z</time></trkpt><trkpt lat="43.38586100" lon="-5.82107000"><ele>243.40</ele><time>2024-09-06T12:59:16Z</time></trkpt><trkpt lat="43.38587600" lon="-5.82107400"><ele>245.30</ele><time>2024-09-06T12:59:17Z</time></trkpt><trkpt lat="43.38588250" lon="-5.82106150"><ele>246.25</ele><time>2024-09-06T12:59:18Z</time></trkpt><trkpt lat="43.38588900" lon="-5.82104900"><ele>247.20</ele><time>2024-09-06T12:59:19Z</time></trkpt><trkpt lat="43.38590800" lon="-5.82101200"><ele>245.80</ele><time>2024-09-06T12:59:20Z</time></trkpt><trkpt lat="43.38591900" lon="-5.82099000"><ele>243.80</ele><time>2024-09-06T12:59:21Z</time></trkpt><trkpt lat="43.38592200" lon="-5.82096900"><ele>245.80</ele><time>2024-09-06T12:59:22Z</time></trkpt><trkpt lat="43.38591700" lon="-5.82094400"><ele>243.80</ele><time>2024-09-06T12:59:23Z</time></trkpt><trkpt lat="43.38591550" lon="-5.82092450"><ele>244.55</ele><time>2024-09-06T12:59:24Z</time></trkpt><trkpt lat="43.38591400" lon="-5.82090500"><ele>245.30</ele><time>2024-09-06T12:59:25Z</time></trkpt><trkpt lat="43.38591100" lon="-5.82089000"><ele>244.30</ele><time>2024-09-06T12:59:26Z</time></trkpt><trkpt lat="43.38591375" lon="-5.82087525"><ele>245.28</ele><time>2024-09-06T12:59:27Z</time></trkpt><trkpt lat="43.38591650" lon="-5.82086050"><ele>246.25</ele><time>2024-09-06T12:59:28Z</time></trkpt><trkpt lat="43.38591925" lon="-5.82084575"><ele>247.22</ele><time>2024-09-06T12:59:29Z</time></trkpt><trkpt lat="43.38592200" lon="-5.82083100"><ele>248.20</ele><time>2024-09-06T12:59:30Z</time></trkpt><trkpt lat="43.38593143" lon="-5.82081929"><ele>247.71</ele><time>2024-09-06T12:59:31Z</time></trkpt><trkpt lat="43.38594086" lon="-5.82080757"><ele>247.23</ele><time>2024-09-06T12:59:32Z</time></trkpt><trkpt lat="43.38595029" lon="-5.82079586"><ele>246.74</ele><time>2024-09-06T12:59:33Z</time></trkpt><trkpt lat="43.38595971" lon="-5.82078414"><ele>246.26</ele><time>2024-09-06T12:59:34Z</time></trkpt><trkpt lat="43.38596914" lon="-5.82077243"><ele>245.77</ele><time>2024-09-06T12:59:35Z</time></trkpt><trkpt lat="43.38597857" lon="-5.82076071"><ele>245.29</ele><time>2024-09-06T12:59:36Z</time></trkpt><trkpt lat="43.38598800" lon="-5.82074900"><ele>244.80</ele><time>2024-09-06T12:59:37Z</time></trkpt><trkpt lat="43.38598950" lon="-5.82073600"><ele>245.88</ele><time>2024-09-06T12:59:38Z</time></trkpt><trkpt lat="43.38599100" lon="-5.82072300"><ele>246.95</ele><time>2024-09-06T12:59:39Z</time></trkpt><trkpt lat="43.38599250" lon="-5.82071000"><ele>248.03</ele><time>2024-09-06T12:59:40Z</time></trkpt><trkpt lat="43.38599400" lon="-5.82069700"><ele>249.10</ele><time>2024-09-06T12:59:41Z</time></trkpt><trkpt lat="43.38599133" lon="-5.82068367"><ele>247.33</ele><time>2024-09-06T12:59:42Z</time></trkpt><trkpt lat="43.38598867" lon="-5.82067033"><ele>245.57</ele><time>2024-09-06T12:59:43Z</time></trkpt><trkpt lat="43.38598600" lon="-5.82065700"><ele>243.80</ele><time>2024-09-06T12:59:44Z</time></trkpt><trkpt lat="43.38599500" lon="-5.82062500"><ele>247.70</ele><time>2024-09-06T12:59:45Z</time></trkpt><trkpt lat="43.38601100" lon="-5.82060620"><ele>247.80</ele><time>2024-09-06T12:59:46Z</time></trkpt><trkpt lat="43.38602700" lon="-5.82058740"><ele>247.90</ele><time>2024-09-06T12:59:47Z</time></trkpt><trkpt lat="43.38604300" lon="-5.82056860"><ele>248.00</ele><time>2024-09-06T12:59:48Z</time></trkpt><trkpt lat="43.38605900" lon="-5.82054980"><ele>248.10</ele><time>2024-09-06T12:59:49Z</time></trkpt><trkpt lat="43.38607500" lon="-5.82053100"><ele>248.20</ele><time>2024-09-06T12:59:50Z</time></trkpt><trkpt lat="43.38609650" lon="-5.82053600"><ele>247.00</ele><time>2024-09-06T12:59:51Z</time></trkpt><trkpt lat="43.38611800" lon="-5.82054100"><ele>245.80</ele><time>2024-09-06T12:59:52Z</time></trkpt><trkpt lat="43.38612950" lon="-5.82054600"><ele>246.75</ele><time>2024-09-06T12:59:53Z</time></trkpt><trkpt lat="43.38614100" lon="-5.82055100"><ele>247.70</ele><time>2024-09-06T12:59:54Z</time></trkpt><trkpt lat="43.38616067" lon="-5.82055600"><ele>246.40</ele><time>2024-09-06T12:59:55Z</time></trkpt><trkpt lat="43.38618033" lon="-5.82056100"><ele>245.10</ele><time>2024-09-06T12:59:56Z</time></trkpt><trkpt lat="43.38620000" lon="-5.82056600"><ele>243.80</ele><time>2024-09-06T12:59:57Z</time></trkpt><trkpt lat="43.38621400" lon="-5.82057400"><ele>244.80</ele><time>2024-09-06T12:59:58Z</time></trkpt><trkpt lat="43.38624200" lon="-5.82058800"><ele>243.40</ele><time>2024-09-06T12:59:59Z</time></trkpt><trkpt lat="43.38626150" lon="-5.82059900"><ele>244.80</ele><time>2024-09-06T13:00:00Z</time></trkpt><trkpt lat="43.38628100" lon="-5.82061000"><ele>246.20</ele><time>2024-09-06T13:00:01Z</time></trkpt><trkpt lat="43.38630150" lon="-5.82061500"><ele>244.30</ele><time>2024-09-06T13:00:02Z</time></trkpt><trkpt lat="43.38632200" lon="-5.82062000"><ele>242.40</ele><time>2024-09-06T13:00:03Z</time></trkpt><trkpt lat="43.38633300" lon="-5.82062500"><ele>243.40</ele><time>2024-09-06T13:00:04Z</time></trkpt><trkpt lat="43.38635967" lon="-5.82062200"><ele>242.90</ele><time>2024-09-06T13:00:05Z</time></trkpt><trkpt lat="43.38638633" lon="-5.82061900"><ele>242.40</ele><time>2024-09-06T13:00:06Z</time></trkpt><trkpt lat="43.38641300" lon="-5.82061600"><ele>241.90</ele><time>2024-09-06T13:00:07Z</time></trkpt><trkpt lat="43.38643300" lon="-5.82061500"><ele>244.80</ele><time>2024-09-06T13:00:08Z</time></trkpt><trkpt lat="43.38645200" lon="-5.82061500"><ele>241.90</ele><time>2024-09-06T13:00:09Z</time></trkpt><trkpt lat="43.38646700" lon="-5.82062100"><ele>244.80</ele><time>2024-09-06T13:00:10Z</time></trkpt><trkpt lat="43.38648300" lon="-5.82063100"><ele>242.90</ele><time>2024-09-06T13:00:11Z</time></trkpt><trkpt lat="43.38650100" lon="-5.82064400"><ele>244.17</ele><time>2024-09-06T13:00:12Z</time></trkpt><trkpt lat="43.38651900" lon="-5.82065700"><ele>245.43</ele><time>2024-09-06T13:00:13Z</time></trkpt><trkpt lat="43.38653700" lon="-5.82067000"><ele>246.70</ele><time>2024-09-06T13:00:14Z</time></trkpt><trkpt lat="43.38654900" lon="-5.82068000"><ele>246.70</ele><time>2024-09-06T13:00:15Z</time></trkpt><trkpt lat="43.38656920" lon="-5.82068540"><ele>246.04</ele><time>2024-09-06T13:00:16Z</time></trkpt><trkpt lat="43.38658940" lon="-5.82069080"><ele>245.38</ele><time>2024-09-06T13:00:17Z</time></trkpt><trkpt lat="43.38660960" lon="-5.82069620"><ele>244.72</ele><time>2024-09-06T13:00:18Z</time></trkpt><trkpt lat="43.38662980" lon="-5.82070160"><ele>244.06</ele><time>2024-09-06T13:00:19Z</time></trkpt><trkpt lat="43.38665000" lon="-5.82070700"><ele>243.40</ele><time>2024-09-06T13:00:20Z</time></trkpt><trkpt lat="43.38666510" lon="-5.82071100"><ele>243.88</ele><time>2024-09-06T13:00:21Z</time></trkpt><trkpt lat="43.38668020" lon="-5.82071500"><ele>244.36</ele><time>2024-09-06T13:00:22Z</time></trkpt><trkpt lat="43.38669530" lon="-5.82071900"><ele>244.84</ele><time>2024-09-06T13:00:23Z</time></trkpt><trkpt lat="43.38671040" lon="-5.82072300"><ele>245.32</ele><time>2024-09-06T13:00:24Z</time></trkpt><trkpt lat="43.38672550" lon="-5.82072700"><ele>245.80</ele><time>2024-09-06T13:00:25Z</time></trkpt><trkpt lat="43.38674060" lon="-5.82073100"><ele>246.28</ele><time>2024-09-06T13:00:26Z</time></trkpt><trkpt lat="43.38675570" lon="-5.82073500"><ele>246.76</ele><time>2024-09-06T13:00:27Z</time></trkpt><trkpt lat="43.38677080" lon="-5.82073900"><ele>247.24</ele><time>2024-09-06T13:00:28Z</time></trkpt><trkpt lat="43.38678590" lon="-5.82074300"><ele>247.72</ele><time>2024-09-06T13:00:29Z</time></trkpt><trkpt lat="43.38680100" lon="-5.82074700"><ele>248.20</ele><time>2024-09-06T13:00:30Z</time></trkpt><trkpt lat="43.38681500" lon="-5.82074800"><ele>244.30</ele><time>2024-09-06T13:00:31Z</time></trkpt><trkpt lat="43.38683400" lon="-5.82075100"><ele>243.10</ele><time>2024-09-06T13:00:32Z</time></trkpt><trkpt lat="43.38685300" lon="-5.82075400"><ele>241.90</ele><time>2024-09-06T13:00:33Z</time></trkpt><trkpt lat="43.38687000" lon="-5.82076300"><ele>243.80</ele><time>2024-09-06T13:00:34Z</time></trkpt><trkpt lat="43.38688617" lon="-5.82077000"><ele>243.40</ele><time>2024-09-06T13:00:35Z</time></trkpt><trkpt lat="43.38690233" lon="-5.82077700"><ele>243.00</ele><time>2024-09-06T13:00:36Z</time></trkpt><trkpt lat="43.38691850" lon="-5.82078400"><ele>242.60</ele><time>2024-09-06T13:00:37Z</time></trkpt><trkpt lat="43.38693467" lon="-5.82079100"><ele>242.20</ele><time>2024-09-06T13:00:38Z</time></trkpt><trkpt lat="43.38695083" lon="-5.82079800"><ele>241.80</ele><time>2024-09-06T13:00:39Z</time></trkpt><trkpt lat="43.38696700" lon="-5.82080500"><ele>241.40</ele><time>2024-09-06T13:00:40Z</time></trkpt><trkpt lat="43.38698000" lon="-5.82080975"><ele>241.90</ele><time>2024-09-06T13:00:41Z</time></trkpt><trkpt lat="43.38699300" lon="-5.82081450"><ele>242.40</ele><time>2024-09-06T13:00:42Z</time></trkpt><trkpt lat="43.38700600" lon="-5.82081925"><ele>242.90</ele><time>2024-09-06T13:00:43Z</time></trkpt><trkpt lat="43.38701900" lon="-5.82082400"><ele>243.40</ele><time>2024-09-06T13:00:44Z</time></trkpt><trkpt lat="43.38703400" lon="-5.82082600"><ele>243.80</ele><time>2024-09-06T13:00:45Z</time></trkpt><trkpt lat="43.38704800" lon="-5.82083100"><ele>239.00</ele><time>2024-09-06T13:00:46Z</time></trkpt><trkpt lat="43.38706100" lon="-5.82083900"><ele>245.80</ele><time>2024-09-06T13:00:47Z</time></trkpt><trkpt lat="43.38707250" lon="-5.82084717"><ele>245.80</ele><time>2024-09-06T13:00:48Z</time></trkpt><trkpt lat="43.38708400" lon="-5.82085533"><ele>245.80</ele><time>2024-09-06T13:00:49Z</time></trkpt><trkpt lat="43.38709550" lon="-5.82086350"><ele>245.80</ele><time>2024-09-06T13:00:50Z</time></trkpt><trkpt lat="43.38710700" lon="-5.82087167"><ele>245.80</ele><time>2024-09-06T13:00:51Z</time></trkpt><trkpt lat="43.38711850" lon="-5.82087983"><ele>245.80</ele><time>2024-09-06T13:00:52Z</time></trkpt><trkpt lat="43.38713000" lon="-5.82088800"><ele>245.80</ele><time>2024-09-06T13:00:53Z</time></trkpt><trkpt lat="43.38714080" lon="-5.82088340"><ele>244.82</ele><time>2024-09-06T13:00:54Z</time></trkpt><trkpt lat="43.38715160" lon="-5.82087880"><ele>243.84</ele><time>2024-09-06T13:00:55Z</time></trkpt><trkpt lat="43.38716240" lon="-5.82087420"><ele>242.86</ele><time>2024-09-06T13:00:56Z</time></trkpt><trkpt lat="43.38717320" lon="-5.82086960"><ele>241.88</ele><time>2024-09-06T13:00:57Z</time></trkpt><trkpt lat="43.38718400" lon="-5.82086500"><ele>240.90</ele><time>2024-09-06T13:00:58Z</time></trkpt><trkpt lat="43.38718750" lon="-5.82085450"><ele>241.40</ele><time>2024-09-06T13:00:59Z</time></trkpt><trkpt lat="43.38719100" lon="-5.82084400"><ele>241.90</ele><time>2024-09-06T13:01:00Z</time></trkpt><trkpt lat="43.38719450" lon="-5.82083350"><ele>242.40</ele><time>2024-09-06T13:01:01Z</time></trkpt><trkpt lat="43.38719800" lon="-5.82082300"><ele>242.90</ele><time>2024-09-06T13:01:02Z</time></trkpt><trkpt lat="43.38720533" lon="-5.82081500"><ele>244.17</ele><time>2024-09-06T13:01:03Z</time></trkpt><trkpt lat="43.38721267" lon="-5.82080700"><ele>245.43</ele><time>2024-09-06T13:01:04Z</time></trkpt><trkpt lat="43.38722000" lon="-5.82079900"><ele>246.70</ele><time>2024-09-06T13:01:05Z</time></trkpt><trkpt lat="43.38722700" lon="-5.82079400"><ele>245.30</ele><time>2024-09-06T13:01:06Z</time></trkpt><trkpt lat="43.38724625" lon="-5.82080700"><ele>245.18</ele><time>2024-09-06T13:01:07Z</time></trkpt><trkpt lat="43.38726550" lon="-5.82082000"><ele>245.05</ele><time>2024-09-06T13:01:08Z</time></trkpt><trkpt lat="43.38728475" lon="-5.82083300"><ele>244.93</ele><time>2024-09-06T13:01:09Z</time></trkpt><trkpt lat="43.38730400" lon="-5.82084600"><ele>244.80</ele><time>2024-09-06T13:01:10Z</time></trkpt><trkpt lat="43.38732089" lon="-5.82084833"><ele>244.48</ele><time>2024-09-06T13:01:11Z</time></trkpt><trkpt lat="43.38733778" lon="-5.82085067"><ele>244.16</ele><time>2024-09-06T13:01:12Z</time></trkpt><trkpt lat="43.38735467" lon="-5.82085300"><ele>243.83</ele><time>2024-09-06T13:01:13Z</time></trkpt><trkpt lat="43.38737156" lon="-5.82085533"><ele>243.51</ele><time>2024-09-06T13:01:14Z</time></trkpt><trkpt lat="43.38738844" lon="-5.82085767"><ele>243.19</ele><time>2024-09-06T13:01:15Z</time></trkpt><trkpt lat="43.38740533" lon="-5.82086000"><ele>242.87</ele><time>2024-09-06T13:01:16Z</time></trkpt><trkpt lat="43.38742222" lon="-5.82086233"><ele>242.54</ele><time>2024-09-06T13:01:17Z</time></trkpt><trkpt lat="43.38743911" lon="-5.82086467"><ele>242.22</ele><time>2024-09-06T13:01:18Z</time></trkpt><trkpt lat="43.38745600" lon="-5.82086700"><ele>241.90</ele><time>2024-09-06T13:01:19Z</time></trkpt><trkpt lat="43.38747080" lon="-5.82086880"><ele>242.86</ele><time>2024-09-06T13:01:20Z</time></trkpt><trkpt lat="43.38748560" lon="-5.82087060"><ele>243.82</ele><time>2024-09-06T13:01:21Z</time></trkpt><trkpt lat="43.38750040" lon="-5.82087240"><ele>244.78</ele><time>2024-09-06T13:01:22Z</time></trkpt><trkpt lat="43.38751520" lon="-5.82087420"><ele>245.74</ele><time>2024-09-06T13:01:23Z</time></trkpt><trkpt lat="43.38753000" lon="-5.82087600"><ele>246.70</ele><time>2024-09-06T13:01:24Z</time></trkpt><trkpt lat="43.38754867" lon="-5.82088500"><ele>245.10</ele><time>2024-09-06T13:01:25Z</time></trkpt><trkpt lat="43.38756733" lon="-5.82089400"><ele>243.50</ele><time>2024-09-06T13:01:26Z</time></trkpt><trkpt lat="43.38758600" lon="-5.82090300"><ele>241.90</ele><time>2024-09-06T13:01:27Z</time></trkpt><trkpt lat="43.38760067" lon="-5.82090933"><ele>242.40</ele><time>2024-09-06T13:01:28Z</time></trkpt><trkpt lat="43.38761533" lon="-5.82091567"><ele>242.90</ele><time>2024-09-06T13:01:29Z</time></trkpt><trkpt lat="43.38763000" lon="-5.82092200"><ele>243.40</ele><time>2024-09-06T13:01:30Z</time></trkpt><trkpt lat="43.38764750" lon="-5.82091600"><ele>244.80</ele><time>2024-09-06T13:01:31Z</time></trkpt><trkpt lat="43.38766500" lon="-5.82091000"><ele>246.20</ele><time>2024-09-06T13:01:32Z</time></trkpt><trkpt lat="43.38768100" lon="-5.82090100"><ele>243.40</ele><time>2024-09-06T13:01:33Z</time></trkpt><trkpt lat="43.38769500" lon="-5.82089600"><ele>244.30</ele><time>2024-09-06T13:01:34Z</time></trkpt><trkpt lat="43.38770533" lon="-5.82090167"><ele>244.55</ele><time>2024-09-06T13:01:35Z</time></trkpt><trkpt lat="43.38771567" lon="-5.82090733"><ele>244.80</ele><time>2024-09-06T13:01:36Z</time></trkpt><trkpt lat="43.38772600" lon="-5.82091300"><ele>245.05</ele><time>2024-09-06T13:01:37Z</time></trkpt><trkpt lat="43.38773633" lon="-5.82091867"><ele>245.30</ele><time>2024-09-06T13:01:38Z</time></trkpt><trkpt lat="43.38774667" lon="-5.82092433"><ele>245.55</ele><time>2024-09-06T13:01:39Z</time></trkpt><trkpt lat="43.38775700" lon="-5.82093000"><ele>245.80</ele><time>2024-09-06T13:01:40Z</time></trkpt><trkpt lat="43.38776800" lon="-5.82093567"><ele>245.00</ele><time>2024-09-06T13:01:41Z</time></trkpt><trkpt lat="43.38777900" lon="-5.82094133"><ele>244.20</ele><time>2024-09-06T13:01:42Z</time></trkpt><trkpt lat="43.38779000" lon="-5.82094700"><ele>243.40</ele><time>2024-09-06T13:01:43Z</time></trkpt><trkpt lat="43.38780086" lon="-5.82096014"><ele>243.53</ele><time>2024-09-06T13:01:44Z</time></trkpt><trkpt lat="43.38781171" lon="-5.82097329"><ele>243.66</ele><time>2024-09-06T13:01:45Z</time></trkpt><trkpt lat="43.38782257" lon="-5.82098643"><ele>243.79</ele><time>2024-09-06T13:01:46Z</time></trkpt><trkpt lat="43.38783343" lon="-5.82099957"><ele>243.91</ele><time>2024-09-06T13:01:47Z</time></trkpt><trkpt lat="43.38784429" lon="-5.82101271"><ele>244.04</ele><time>2024-09-06T13:01:48Z</time></trkpt><trkpt lat="43.38785514" lon="-5.82102586"><ele>244.17</ele><time>2024-09-06T13:01:49Z</time></trkpt><trkpt lat="43.38786600" lon="-5.82103900"><ele>244.30</ele><time>2024-09-06T13:01:50Z</time></trkpt><trkpt lat="43.38787950" lon="-5.82104950"><ele>243.98</ele><time>2024-09-06T13:01:51Z</time></trkpt><trkpt lat="43.38789300" lon="-5.82106000"><ele>243.67</ele><time>2024-09-06T13:01:52Z</time></trkpt><trkpt lat="43.38790650" lon="-5.82107050"><ele>243.35</ele><time>2024-09-06T13:01:53Z</time></trkpt><trkpt lat="43.38792000" lon="-5.82108100"><ele>243.03</ele><time>2024-09-06T13:01:54Z</time></trkpt><trkpt lat="43.38793350" lon="-5.82109150"><ele>242.72</ele><time>2024-09-06T13:01:55Z</time></trkpt><trkpt lat="43.38794700" lon="-5.82110200"><ele>242.40</ele><time>2024-09-06T13:01:56Z</time></trkpt><trkpt lat="43.38796020" lon="-5.82111200"><ele>242.68</ele><time>2024-09-06T13:01:57Z</time></trkpt><trkpt lat="43.38797340" lon="-5.82112200"><ele>242.96</ele><time>2024-09-06T13:01:58Z</time></trkpt><trkpt lat="43.38798660" lon="-5.82113200"><ele>243.24</ele><time>2024-09-06T13:01:59Z</time></trkpt><trkpt lat="43.38799980" lon="-5.82114200"><ele>243.52</ele><time>2024-09-06T13:02:00Z</time></trkpt><trkpt lat="43.38801300" lon="-5.82115200"><ele>243.80</ele><time>2024-09-06T13:02:01Z</time></trkpt><trkpt lat="43.38802650" lon="-5.82116350"><ele>245.00</ele><time>2024-09-06T13:02:02Z</time></trkpt><trkpt lat="43.38804000" lon="-5.82117500"><ele>246.20</ele><time>2024-09-06T13:02:03Z</time></trkpt><trkpt lat="43.38805233" lon="-5.82117167"><ele>244.93</ele><time>2024-09-06T13:02:04Z</time></trkpt><trkpt lat="43.38806467" lon="-5.82116833"><ele>243.67</ele><time>2024-09-06T13:02:05Z</time></trkpt><trkpt lat="43.38807700" lon="-5.82116500"><ele>242.40</ele><time>2024-09-06T13:02:06Z</time></trkpt><trkpt lat="43.38808800" lon="-5.82116750"><ele>241.20</ele><time>2024-09-06T13:02:07Z</time></trkpt><trkpt lat="43.38809900" lon="-5.82117000"><ele>240.00</ele><time>2024-09-06T13:02:08Z</time></trkpt><trkpt lat="43.38811400" lon="-5.82117900"><ele>245.80</ele><time>2024-09-06T13:02:09Z</time></trkpt><trkpt lat="43.38812575" lon="-5.82119350"><ele>245.68</ele><time>2024-09-06T13:02:10Z</time></trkpt><trkpt lat="43.38813750" lon="-5.82120800"><ele>245.55</ele><time>2024-09-06T13:02:11Z</time></trkpt><trkpt lat="43.38814925" lon="-5.82122250"><ele>245.43</ele><time>2024-09-06T13:02:12Z</time></trkpt><trkpt lat="43.38816100" lon="-5.82123700"><ele>245.30</ele><time>2024-09-06T13:02:13Z</time></trkpt><trkpt lat="43.38817900" lon="-5.82125200"><ele>243.80</ele><time>2024-09-06T13:02:14Z</time></trkpt><trkpt lat="43.38819042" lon="-5.82126800"><ele>243.97</ele><time>2024-09-06T13:02:15Z</time></trkpt><trkpt lat="43.38820183" lon="-5.82128400"><ele>244.13</ele><time>2024-09-06T13:02:16Z</time></trkpt><trkpt lat="43.38821325" lon="-5.82130000"><ele>244.30</ele><time>2024-09-06T13:02:17Z</time></trkpt><trkpt lat="43.38822467" lon="-5.82131600"><ele>244.47</ele><time>2024-09-06T13:02:18Z</time></trkpt><trkpt lat="43.38823608" lon="-5.82133200"><ele>244.63</ele><time>2024-09-06T13:02:19Z</time></trkpt><trkpt lat="43.38824750" lon="-5.82134800"><ele>244.80</ele><time>2024-09-06T13:02:20Z</time></trkpt><trkpt lat="43.38825892" lon="-5.82136400"><ele>244.97</ele><time>2024-09-06T13:02:21Z</time></trkpt><trkpt lat="43.38827033" lon="-5.82138000"><ele>245.13</ele><time>2024-09-06T13:02:22Z</time></trkpt><trkpt lat="43.38828175" lon="-5.82139600"><ele>245.30</ele><time>2024-09-06T13:02:23Z</time></trkpt><trkpt lat="43.38829317" lon="-5.82141200"><ele>245.47</ele><time>2024-09-06T13:02:24Z</time></trkpt><trkpt lat="43.38830458" lon="-5.82142800"><ele>245.63</ele><time>2024-09-06T13:02:25Z</time></trkpt><trkpt lat="43.38831600" lon="-5.82144400"><ele>245.80</ele><time>2024-09-06T13:02:26Z</time></trkpt><trkpt lat="43.38832467" lon="-5.82146200"><ele>244.50</ele><time>2024-09-06T13:02:27Z</time></trkpt><trkpt lat="43.38833333" lon="-5.82148000"><ele>243.20</ele><time>2024-09-06T13:02:28Z</time></trkpt><trkpt lat="43.38834200" lon="-5.82149800"><ele>241.90</ele><time>2024-09-06T13:02:29Z</time></trkpt><trkpt lat="43.38835167" lon="-5.82151667"><ele>240.47</ele><time>2024-09-06T13:02:30Z</time></trkpt><trkpt lat="43.38836133" lon="-5.82153533"><ele>239.03</ele><time>2024-09-06T13:02:31Z</time></trkpt><trkpt lat="43.38837100" lon="-5.82155400"><ele>237.60</ele><time>2024-09-06T13:02:32Z</time></trkpt><trkpt lat="43.38838200" lon="-5.82157550"><ele>240.50</ele><time>2024-09-06T13:02:33Z</time></trkpt><trkpt lat="43.38839300" lon="-5.82159700"><ele>243.40</ele><time>2024-09-06T13:02:34Z</time></trkpt><trkpt lat="43.38840150" lon="-5.82161650"><ele>243.85</ele><time>2024-09-06T13:02:35Z</time></trkpt><trkpt lat="43.38841000" lon="-5.82163600"><ele>244.30</ele><time>2024-09-06T13:02:36Z</time></trkpt><trkpt lat="43.38841850" lon="-5.82165450"><ele>243.85</ele><time>2024-09-06T13:02:37Z</time></trkpt><trkpt lat="43.38842700" lon="-5.82167300"><ele>243.40</ele><time>2024-09-06T13:02:38Z</time></trkpt><trkpt lat="43.38843333" lon="-5.82169633"><ele>243.40</ele><time>2024-09-06T13:02:39Z</time></trkpt><trkpt lat="43.38843967" lon="-5.82171967"><ele>243.40</ele><time>2024-09-06T13:02:40Z</time></trkpt><trkpt lat="43.38844600" lon="-5.82174300"><ele>243.40</ele><time>2024-09-06T13:02:41Z</time></trkpt><trkpt lat="43.38844467" lon="-5.82177067"><ele>244.20</ele><time>2024-09-06T13:02:42Z</time></trkpt><trkpt lat="43.38844333" lon="-5.82179833"><ele>245.00</ele><time>2024-09-06T13:02:43Z</time></trkpt><trkpt lat="43.38844200" lon="-5.82182600"><ele>245.80</ele><time>2024-09-06T13:02:44Z</time></trkpt><trkpt lat="43.38844300" lon="-5.82184200"><ele>245.80</ele><time>2024-09-06T13:02:45Z</time></trkpt><trkpt lat="43.38844000" lon="-5.82185650"><ele>244.60</ele><time>2024-09-06T13:02:46Z</time></trkpt><trkpt lat="43.38843700" lon="-5.82187100"><ele>243.40</ele><time>2024-09-06T13:02:47Z</time></trkpt><trkpt lat="43.38844100" lon="-5.82188533"><ele>243.87</ele><time>2024-09-06T13:02:48Z</time></trkpt><trkpt lat="43.38844500" lon="-5.82189967"><ele>244.33</ele><time>2024-09-06T13:02:49Z</time></trkpt><trkpt lat="43.38844900" lon="-5.82191400"><ele>244.80</ele><time>2024-09-06T13:02:50Z</time></trkpt><trkpt lat="43.38845850" lon="-5.82193550"><ele>243.60</ele><time>2024-09-06T13:02:51Z</time></trkpt><trkpt lat="43.38846800" lon="-5.82195700"><ele>242.40</ele><time>2024-09-06T13:02:52Z</time></trkpt><trkpt lat="43.38847500" lon="-5.82197033"><ele>243.67</ele><time>2024-09-06T13:02:53Z</time></trkpt><trkpt lat="43.38848200" lon="-5.82198367"><ele>244.93</ele><time>2024-09-06T13:02:54Z</time></trkpt><trkpt lat="43.38848900" lon="-5.82199700"><ele>246.20</ele><time>2024-09-06T13:02:55Z</time></trkpt><trkpt lat="43.38849833" lon="-5.82200600"><ele>245.10</ele><time>2024-09-06T13:02:56Z</time></trkpt><trkpt lat="43.38850767" lon="-5.82201500"><ele>244.00</ele><time>2024-09-06T13:02:57Z</time></trkpt><trkpt lat="43.38851700" lon="-5.82202400"><ele>242.90</ele><time>2024-09-06T13:02:58Z</time></trkpt><trkpt lat="43.38853033" lon="-5.82204100"><ele>243.20</ele><time>2024-09-06T13:02:59Z</time></trkpt><trkpt lat="43.38854367" lon="-5.82205800"><ele>243.50</ele><time>2024-09-06T13:03:00Z</time></trkpt><trkpt lat="43.38855700" lon="-5.82207500"><ele>243.80</ele><time>2024-09-06T13:03:01Z</time></trkpt><trkpt lat="43.38857300" lon="-5.82208800"><ele>244.55</ele><time>2024-09-06T13:03:02Z</time></trkpt><trkpt lat="43.38858900" lon="-5.82210100"><ele>245.30</ele><time>2024-09-06T13:03:03Z</time></trkpt><trkpt lat="43.38860560" lon="-5.82210530"><ele>244.96</ele><time>2024-09-06T13:03:04Z</time></trkpt><trkpt lat="43.38862220" lon="-5.82210960"><ele>244.62</ele><time>2024-09-06T13:03:05Z</time></trkpt><trkpt lat="43.38863880" lon="-5.82211390"><ele>244.28</ele><time>2024-09-06T13:03:06Z</time></trkpt><trkpt lat="43.38865540" lon="-5.82211820"><ele>243.94</ele><time>2024-09-06T13:03:07Z</time></trkpt><trkpt lat="43.38867200" lon="-5.82212250"><ele>243.60</ele><time>2024-09-06T13:03:08Z</time></trkpt><trkpt lat="43.38868860" lon="-5.82212680"><ele>243.26</ele><time>2024-09-06T13:03:09Z</time></trkpt><trkpt lat="43.38870520" lon="-5.82213110"><ele>242.92</ele><time>2024-09-06T13:03:10Z</time></trkpt><trkpt lat="43.38872180" lon="-5.82213540"><ele>242.58</ele><time>2024-09-06T13:03:11Z</time></trkpt><trkpt lat="43.38873840" lon="-5.82213970"><ele>242.24</ele><time>2024-09-06T13:03:12Z</time></trkpt><trkpt lat="43.38875500" lon="-5.82214400"><ele>241.90</ele><time>2024-09-06T13:03:13Z</time></trkpt><trkpt lat="43.38876875" lon="-5.82214050"><ele>242.75</ele><time>2024-09-06T13:03:14Z</time></trkpt><trkpt lat="43.38878250" lon="-5.82213700"><ele>243.60</ele><time>2024-09-06T13:03:15Z</time></trkpt><trkpt lat="43.38879625" lon="-5.82213350"><ele>244.45</ele><time>2024-09-06T13:03:16Z</time></trkpt><trkpt lat="43.38881000" lon="-5.82213000"><ele>245.30</ele><time>2024-09-06T13:03:17Z</time></trkpt><trkpt lat="43.38882500" lon="-5.82212400"><ele>244.80</ele><time>2024-09-06T13:03:18Z</time></trkpt><trkpt lat="43.38883833" lon="-5.82211733"><ele>243.67</ele><time>2024-09-06T13:03:19Z</time></trkpt><trkpt lat="43.38885167" lon="-5.82211067"><ele>242.53</ele><time>2024-09-06T13:03:20Z</time></trkpt><trkpt lat="43.38886500" lon="-5.82210400"><ele>241.40</ele><time>2024-09-06T13:03:21Z</time></trkpt><trkpt lat="43.38887689" lon="-5.82209511"><ele>241.78</ele><time>2024-09-06T13:03:22Z</time></trkpt><trkpt lat="43.38888878" lon="-5.82208622"><ele>242.16</ele><time>2024-09-06T13:03:23Z</time></trkpt><trkpt lat="43.38890067" lon="-5.82207733"><ele>242.53</ele><time>2024-09-06T13:03:24Z</time></trkpt><trkpt lat="43.38891256" lon="-5.82206844"><ele>242.91</ele><time>2024-09-06T13:03:25Z</time></trkpt><trkpt lat="43.38892444" lon="-5.82205956"><ele>243.29</ele><time>2024-09-06T13:03:26Z</time></trkpt><trkpt lat="43.38893633" lon="-5.82205067"><ele>243.67</ele><time>2024-09-06T13:03:27Z</time></trkpt><trkpt lat="43.38894822" lon="-5.82204178"><ele>244.04</ele><time>2024-09-06T13:03:28Z</time></trkpt><trkpt lat="43.38896011" lon="-5.82203289"><ele>244.42</ele><time>2024-09-06T13:03:29Z</time></trkpt><trkpt lat="43.38897200" lon="-5.82202400"><ele>244.80</ele><time>2024-09-06T13:03:30Z</time></trkpt><trkpt lat="43.38898500" lon="-5.82201350"><ele>243.10</ele><time>2024-09-06T13:03:31Z</time></trkpt><trkpt lat="43.38899800" lon="-5.82200300"><ele>241.40</ele><time>2024-09-06T13:03:32Z</time></trkpt><trkpt lat="43.38901178" lon="-5.82199356"><ele>241.83</ele><time>2024-09-06T13:03:33Z</time></trkpt><trkpt lat="43.38902556" lon="-5.82198411"><ele>242.27</ele><time>2024-09-06T13:03:34Z</time></trkpt><trkpt lat="43.38903933" lon="-5.82197467"><ele>242.70</ele><time>2024-09-06T13:03:35Z</time></trkpt><trkpt lat="43.38905311" lon="-5.82196522"><ele>243.13</ele><time>2024-09-06T13:03:36Z</time></trkpt><trkpt lat="43.38906689" lon="-5.82195578"><ele>243.57</ele><time>2024-09-06T13:03:37Z</time></trkpt><trkpt lat="43.38908067" lon="-5.82194633"><ele>244.00</ele><time>2024-09-06T13:03:38Z</time></trkpt><trkpt lat="43.38909444" lon="-5.82193689"><ele>244.43</ele><time>2024-09-06T13:03:39Z</time></trkpt><trkpt lat="43.38910822" lon="-5.82192744"><ele>244.87</ele><time>2024-09-06T13:03:40Z</time></trkpt><trkpt lat="43.38912200" lon="-5.82191800"><ele>245.30</ele><time>2024-09-06T13:03:41Z</time></trkpt><trkpt lat="43.38913767" lon="-5.82191167"><ele>244.17</ele><time>2024-09-06T13:03:42Z</time></trkpt><trkpt lat="43.38915333" lon="-5.82190533"><ele>243.03</ele><time>2024-09-06T13:03:43Z</time></trkpt><trkpt lat="43.38916900" lon="-5.82189900"><ele>241.90</ele><time>2024-09-06T13:03:44Z</time></trkpt><trkpt lat="43.38918500" lon="-5.82189300"><ele>242.40</ele><time>2024-09-06T13:03:45Z</time></trkpt><trkpt lat="43.38919844" lon="-5.82188213"><ele>242.34</ele><time>2024-09-06T13:03:46Z</time></trkpt><trkpt lat="43.38921188" lon="-5.82187125"><ele>242.28</ele><time>2024-09-06T13:03:47Z</time></trkpt><trkpt lat="43.38922531" lon="-5.82186037"><ele>242.21</ele><time>2024-09-06T13:03:48Z</time></trkpt><trkpt lat="43.38923875" lon="-5.82184950"><ele>242.15</ele><time>2024-09-06T13:03:49Z</time></trkpt><trkpt lat="43.38925219" lon="-5.82183862"><ele>242.09</ele><time>2024-09-06T13:03:50Z</time></trkpt><trkpt lat="43.38926563" lon="-5.82182775"><ele>242.03</ele><time>2024-09-06T13:03:51Z</time></trkpt><trkpt lat="43.38927906" lon="-5.82181687"><ele>241.96</ele><time>2024-09-06T13:03:52Z</time></trkpt><trkpt lat="43.38929250" lon="-5.82180600"><ele>241.90</ele><time>2024-09-06T13:03:53Z</time></trkpt><trkpt lat="43.38930594" lon="-5.82179513"><ele>241.84</ele><time>2024-09-06T13:03:54Z</time></trkpt><trkpt lat="43.38931937" lon="-5.82178425"><ele>241.78</ele><time>2024-09-06T13:03:55Z</time></trkpt><trkpt lat="43.38933281" lon="-5.82177338"><ele>241.71</ele><time>2024-09-06T13:03:56Z</time></trkpt><trkpt lat="43.38934625" lon="-5.82176250"><ele>241.65</ele><time>2024-09-06T13:03:57Z</time></trkpt><trkpt lat="43.38935969" lon="-5.82175163"><ele>241.59</ele><time>2024-09-06T13:03:58Z</time></trkpt><trkpt lat="43.38937312" lon="-5.82174075"><ele>241.53</ele><time>2024-09-06T13:03:59Z</time></trkpt><trkpt lat="43.38938656" lon="-5.82172987"><ele>241.46</ele><time>2024-09-06T13:04:00Z</time></trkpt><trkpt lat="43.38940000" lon="-5.82171900"><ele>241.40</ele><time>2024-09-06T13:04:01Z</time></trkpt><trkpt lat="43.38941311" lon="-5.82170511"><ele>241.57</ele><time>2024-09-06T13:04:02Z</time></trkpt><trkpt lat="43.38942622" lon="-5.82169122"><ele>241.73</ele><time>2024-09-06T13:04:03Z</time></trkpt><trkpt lat="43.38943933" lon="-5.82167733"><ele>241.90</ele><time>2024-09-06T13:04:04Z</time></trkpt><trkpt lat="43.38945244" lon="-5.82166344"><ele>242.07</ele><time>2024-09-06T13:04:05Z</time></trkpt><trkpt lat="43.38946556" lon="-5.82164956"><ele>242.23</ele><time>2024-09-06T13:04:06Z</time></trkpt><trkpt lat="43.38947867" lon="-5.82163567"><ele>242.40</ele><time>2024-09-06T13:04:07Z</time></trkpt><trkpt lat="43.38949178" lon="-5.82162178"><ele>242.57</ele><time>2024-09-06T13:04:08Z</time></trkpt><trkpt lat="43.38950489" lon="-5.82160789"><ele>242.73</ele><time>2024-09-06T13:04:09Z</time></trkpt><trkpt lat="43.38951800" lon="-5.82159400"><ele>242.90</ele><time>2024-09-06T13:04:10Z</time></trkpt><trkpt lat="43.38953000" lon="-5.82157950"><ele>242.66</ele><time>2024-09-06T13:04:11Z</time></trkpt><trkpt lat="43.38954200" lon="-5.82156500"><ele>242.41</ele><time>2024-09-06T13:04:12Z</time></trkpt><trkpt lat="43.38955400" lon="-5.82155050"><ele>242.17</ele><time>2024-09-06T13:04:13Z</time></trkpt><trkpt lat="43.38956600" lon="-5.82153600"><ele>241.93</ele><time>2024-09-06T13:04:14Z</time></trkpt><trkpt lat="43.38957800" lon="-5.82152150"><ele>241.69</ele><time>2024-09-06T13:04:15Z</time></trkpt><trkpt lat="43.38959000" lon="-5.82150700"><ele>241.44</ele><time>2024-09-06T13:04:16Z</time></trkpt><trkpt lat="43.38960200" lon="-5.82149250"><ele>241.20</ele><time>2024-09-06T13:04:17Z</time></trkpt><trkpt lat="43.38961400" lon="-5.82147800"><ele>240.96</ele><time>2024-09-06T13:04:18Z</time></trkpt><trkpt lat="43.38962600" lon="-5.82146350"><ele>240.71</ele><time>2024-09-06T13:04:19Z</time></trkpt><trkpt lat="43.38963800" lon="-5.82144900"><ele>240.47</ele><time>2024-09-06T13:04:20Z</time></trkpt><trkpt lat="43.38965000" lon="-5.82143450"><ele>240.23</ele><time>2024-09-06T13:04:21Z</time></trkpt><trkpt lat="43.38966200" lon="-5.82142000"><ele>239.99</ele><time>2024-09-06T13:04:22Z</time></trkpt><trkpt lat="43.38967400" lon="-5.82140550"><ele>239.74</ele><time>2024-09-06T13:04:23Z</time></trkpt><trkpt lat="43.38968600" lon="-5.82139100"><ele>239.50</ele><time>2024-09-06T13:04:24Z</time></trkpt><trkpt lat="43.38969800" lon="-5.82137700"><ele>239.50</ele><time>2024-09-06T13:04:25Z</time></trkpt><trkpt lat="43.38971100" lon="-5.82136267"><ele>240.13</ele><time>2024-09-06T13:04:26Z</time></trkpt><trkpt lat="43.38972400" lon="-5.82134833"><ele>240.77</ele><time>2024-09-06T13:04:27Z</time></trkpt><trkpt lat="43.38973700" lon="-5.82133400"><ele>241.40</ele><time>2024-09-06T13:04:28Z</time></trkpt><trkpt lat="43.38975300" lon="-5.82131925"><ele>240.68</ele><time>2024-09-06T13:04:29Z</time></trkpt><trkpt lat="43.38976900" lon="-5.82130450"><ele>239.95</ele><time>2024-09-06T13:04:30Z</time></trkpt><trkpt lat="43.38978500" lon="-5.82128975"><ele>239.22</ele><time>2024-09-06T13:04:31Z</time></trkpt><trkpt lat="43.38980100" lon="-5.82127500"><ele>238.50</ele><time>2024-09-06T13:04:32Z</time></trkpt><trkpt lat="43.38981406" lon="-5.82126141"><ele>238.59</ele><time>2024-09-06T13:04:33Z</time></trkpt><trkpt lat="43.38982712" lon="-5.82124782"><ele>238.68</ele><time>2024-09-06T13:04:34Z</time></trkpt><trkpt lat="43.38984018" lon="-5.82123424"><ele>238.76</ele><time>2024-09-06T13:04:35Z</time></trkpt><trkpt lat="43.38985324" lon="-5.82122065"><ele>238.85</ele><time>2024-09-06T13:04:36Z</time></trkpt><trkpt lat="43.38986629" lon="-5.82120706"><ele>238.94</ele><time>2024-09-06T13:04:37Z</time></trkpt><trkpt lat="43.38987935" lon="-5.82119347"><ele>239.03</ele><time>2024-09-06T13:04:38Z</time></trkpt><trkpt lat="43.38989241" lon="-5.82117988"><ele>239.12</ele><time>2024-09-06T13:04:39Z</time></trkpt><trkpt lat="43.38990547" lon="-5.82116629"><ele>239.21</ele><time>2024-09-06T13:04:40Z</time></trkpt><trkpt lat="43.38991853" lon="-5.82115271"><ele>239.29</ele><time>2024-09-06T13:04:41Z</time></trkpt><trkpt lat="43.38993159" lon="-5.82113912"><ele>239.38</ele><time>2024-09-06T13:04:42Z</time></trkpt><trkpt lat="43.38994465" lon="-5.82112553"><ele>239.47</ele><time>2024-09-06T13:04:43Z</time></trkpt><trkpt lat="43.38995771" lon="-5.82111194"><ele>239.56</ele><time>2024-09-06T13:04:44Z</time></trkpt><trkpt lat="43.38997076" lon="-5.82109835"><ele>239.65</ele><time>2024-09-06T13:04:45Z</time></trkpt><trkpt lat="43.38998382" lon="-5.82108476"><ele>239.74</ele><time>2024-09-06T13:04:46Z</time></trkpt><trkpt lat="43.38999688" lon="-5.82107118"><ele>239.82</ele><time>2024-09-06T13:04:47Z</time></trkpt><trkpt lat="43.39000994" lon="-5.82105759"><ele>239.91</ele><time>2024-09-06T13:04:48Z</time></trkpt><trkpt lat="43.39002300" lon="-5.82104400"><ele>240.00</ele><time>2024-09-06T13:04:49Z</time></trkpt><trkpt lat="43.39003663" lon="-5.82102925"><ele>240.00</ele><time>2024-09-06T13:04:50Z</time></trkpt><trkpt lat="43.39005025" lon="-5.82101450"><ele>240.00</ele><time>2024-09-06T13:04:51Z</time></trkpt><trkpt lat="43.39006388" lon="-5.82099975"><ele>240.00</ele><time>2024-09-06T13:04:52Z</time></trkpt><trkpt lat="43.39007750" lon="-5.82098500"><ele>240.00</ele><time>2024-09-06T13:04:53Z</time></trkpt><trkpt lat="43.39009112" lon="-5.82097025"><ele>240.00</ele><time>2024-09-06T13:04:54Z</time></trkpt><trkpt lat="43.39010475" lon="-5.82095550"><ele>240.00</ele><time>2024-09-06T13:04:55Z</time></trkpt><trkpt lat="43.39011838" lon="-5.82094075"><ele>240.00</ele><time>2024-09-06T13:04:56Z</time></trkpt><trkpt lat="43.39013200" lon="-5.82092600"><ele>240.00</ele><time>2024-09-06T13:04:57Z</time></trkpt><trkpt lat="43.39014289" lon="-5.82091856"><ele>239.52</ele><time>2024-09-06T13:04:58Z</time></trkpt><trkpt lat="43.39015378" lon="-5.82091111"><ele>239.04</ele><time>2024-09-06T13:04:59Z</time></trkpt><trkpt lat="43.39016467" lon="-5.82090367"><ele>238.57</ele><time>2024-09-06T13:05:00Z</time></trkpt><trkpt lat="43.39017556" lon="-5.82089622"><ele>238.09</ele><time>2024-09-06T13:05:01Z</time></trkpt><trkpt lat="43.39018644" lon="-5.82088878"><ele>237.61</ele><time>2024-09-06T13:05:02Z</time></trkpt><trkpt lat="43.39019733" lon="-5.82088133"><ele>237.13</ele><time>2024-09-06T13:05:03Z</time></trkpt><trkpt lat="43.39020822" lon="-5.82087389"><ele>236.66</ele><time>2024-09-06T13:05:04Z</time></trkpt><trkpt lat="43.39021911" lon="-5.82086644"><ele>236.18</ele><time>2024-09-06T13:05:05Z</time></trkpt><trkpt lat="43.39023000" lon="-5.82085900"><ele>235.70</ele><time>2024-09-06T13:05:06Z</time></trkpt><trkpt lat="43.39024267" lon="-5.82084767"><ele>236.97</ele><time>2024-09-06T13:05:07Z</time></trkpt><trkpt lat="43.39025533" lon="-5.82083633"><ele>238.23</ele><time>2024-09-06T13:05:08Z</time></trkpt><trkpt lat="43.39026800" lon="-5.82082500"><ele>239.50</ele><time>2024-09-06T13:05:09Z</time></trkpt><trkpt lat="43.39028180" lon="-5.82081400"><ele>238.92</ele><time>2024-09-06T13:05:10Z</time></trkpt><trkpt lat="43.39029560" lon="-5.82080300"><ele>238.34</ele><time>2024-09-06T13:05:11Z</time></trkpt><trkpt lat="43.39030940" lon="-5.82079200"><ele>237.76</ele><time>2024-09-06T13:05:12Z</time></trkpt><trkpt lat="43.39032320" lon="-5.82078100"><ele>237.18</ele><time>2024-09-06T13:05:13Z</time></trkpt><trkpt lat="43.39033700" lon="-5.82077000"><ele>236.60</ele><time>2024-09-06T13:05:14Z</time></trkpt><trkpt lat="43.39035229" lon="-5.82075814"><ele>236.94</ele><time>2024-09-06T13:05:15Z</time></trkpt><trkpt lat="43.39036757" lon="-5.82074629"><ele>237.29</ele><time>2024-09-06T13:05:16Z</time></trkpt><trkpt lat="43.39038286" lon="-5.82073443"><ele>237.63</ele><time>2024-09-06T13:05:17Z</time></trkpt><trkpt lat="43.39039814" lon="-5.82072257"><ele>237.97</ele><time>2024-09-06T13:05:18Z</time></trkpt><trkpt lat="43.39041343" lon="-5.82071071"><ele>238.31</ele><time>2024-09-06T13:05:19Z</time></trkpt><trkpt lat="43.39042871" lon="-5.82069886"><ele>238.66</ele><time>2024-09-06T13:05:20Z</time></trkpt><trkpt lat="43.39044400" lon="-5.82068700"><ele>239.00</ele><time>2024-09-06T13:05:21Z</time></trkpt><trkpt lat="43.39046000" lon="-5.82068400"><ele>237.73</ele><time>2024-09-06T13:05:22Z</time></trkpt><trkpt lat="43.39047600" lon="-5.82068100"><ele>236.47</ele><time>2024-09-06T13:05:23Z</time></trkpt><trkpt lat="43.39049200" lon="-5.82067800"><ele>235.20</ele><time>2024-09-06T13:05:24Z</time></trkpt><trkpt lat="43.39050000" lon="-5.82068100"><ele>235.20</ele><time>2024-09-06T13:05:25Z</time></trkpt><trkpt lat="43.39051500" lon="-5.82067650"><ele>236.85</ele><time>2024-09-06T13:05:26Z</time></trkpt><trkpt lat="43.39053000" lon="-5.82067200"><ele>238.50</ele><time>2024-09-06T13:05:27Z</time></trkpt><trkpt lat="43.39054500" lon="-5.82066400"><ele>239.50</ele><time>2024-09-06T13:05:28Z</time></trkpt><trkpt lat="43.39055475" lon="-5.82065075"><ele>238.78</ele><time>2024-09-06T13:05:29Z</time></trkpt><trkpt lat="43.39056450" lon="-5.82063750"><ele>238.05</ele><time>2024-09-06T13:05:30Z</time></trkpt><trkpt lat="43.39057425" lon="-5.82062425"><ele>237.32</ele><time>2024-09-06T13:05:31Z</time></trkpt><trkpt lat="43.39058400" lon="-5.82061100"><ele>236.60</ele><time>2024-09-06T13:05:32Z</time></trkpt><trkpt lat="43.39059673" lon="-5.82059613"><ele>236.67</ele><time>2024-09-06T13:05:33Z</time></trkpt><trkpt lat="43.39060947" lon="-5.82058127"><ele>236.73</ele><time>2024-09-06T13:05:34Z</time></trkpt><trkpt lat="43.39062220" lon="-5.82056640"><ele>236.80</ele><time>2024-09-06T13:05:35Z</time></trkpt><trkpt lat="43.39063493" lon="-5.82055153"><ele>236.87</ele><time>2024-09-06T13:05:36Z</time></trkpt><trkpt lat="43.39064767" lon="-5.82053667"><ele>236.93</ele><time>2024-09-06T13:05:37Z</time></trkpt><trkpt lat="43.39066040" lon="-5.82052180"><ele>237.00</ele><time>2024-09-06T13:05:38Z</time></trkpt><trkpt lat="43.39067313" lon="-5.82050693"><ele>237.07</ele><time>2024-09-06T13:05:39Z</time></trkpt><trkpt lat="43.39068587" lon="-5.82049207"><ele>237.13</ele><time>2024-09-06T13:05:40Z</time></trkpt><trkpt lat="43.39069860" lon="-5.82047720"><ele>237.20</ele><time>2024-09-06T13:05:41Z</time></trkpt><trkpt lat="43.39071133" lon="-5.82046233"><ele>237.27</ele><time>2024-09-06T13:05:42Z</time></trkpt><trkpt lat="43.39072407" lon="-5.82044747"><ele>237.33</ele><time>2024-09-06T13:05:43Z</time></trkpt><trkpt lat="43.39073680" lon="-5.82043260"><ele>237.40</ele><time>2024-09-06T13:05:44Z</time></trkpt><trkpt lat="43.39074953" lon="-5.82041773"><ele>237.47</ele><time>2024-09-06T13:05:45Z</time></trkpt><trkpt lat="43.39076227" lon="-5.82040287"><ele>237.53</ele><time>2024-09-06T13:05:46Z</time></trkpt><trkpt lat="43.39077500" lon="-5.82038800"><ele>237.60</ele><time>2024-09-06T13:05:47Z</time></trkpt><trkpt lat="43.39078920" lon="-5.82037260"><ele>237.40</ele><time>2024-09-06T13:05:48Z</time></trkpt><trkpt lat="43.39080340" lon="-5.82035720"><ele>237.20</ele><time>2024-09-06T13:05:49Z</time></trkpt><trkpt lat="43.39081760" lon="-5.82034180"><ele>237.00</ele><time>2024-09-06T13:05:50Z</time></trkpt><trkpt lat="43.39083180" lon="-5.82032640"><ele>236.80</ele><time>2024-09-06T13:05:51Z</time></trkpt><trkpt lat="43.39084600" lon="-5.82031100"><ele>236.60</ele><time>2024-09-06T13:05:52Z</time></trkpt><trkpt lat="43.39086150" lon="-5.82029500"><ele>237.80</ele><time>2024-09-06T13:05:53Z</time></trkpt><trkpt lat="43.39087700" lon="-5.82027900"><ele>239.00</ele><time>2024-09-06T13:05:54Z</time></trkpt><trkpt lat="43.39089225" lon="-5.82026525"><ele>238.05</ele><time>2024-09-06T13:05:55Z</time></trkpt><trkpt lat="43.39090750" lon="-5.82025150"><ele>237.10</ele><time>2024-09-06T13:05:56Z</time></trkpt><trkpt lat="43.39092275" lon="-5.82023775"><ele>236.15</ele><time>2024-09-06T13:05:57Z</time></trkpt><trkpt lat="43.39093800" lon="-5.82022400"><ele>235.20</ele><time>2024-09-06T13:05:58Z</time></trkpt><trkpt lat="43.39095157" lon="-5.82021043"><ele>235.20</ele><time>2024-09-06T13:05:59Z</time></trkpt><trkpt lat="43.39096514" lon="-5.82019686"><ele>235.20</ele><time>2024-09-06T13:06:00Z</time></trkpt><trkpt lat="43.39097871" lon="-5.82018329"><ele>235.20</ele><time>2024-09-06T13:06:01Z</time></trkpt><trkpt lat="43.39099229" lon="-5.82016971"><ele>235.20</ele><time>2024-09-06T13:06:02Z</time></trkpt><trkpt lat="43.39100586" lon="-5.82015614"><ele>235.20</ele><time>2024-09-06T13:06:03Z</time></trkpt><trkpt lat="43.39101943" lon="-5.82014257"><ele>235.20</ele><time>2024-09-06T13:06:04Z</time></trkpt><trkpt lat="43.39103300" lon="-5.82012900"><ele>235.20</ele><time>2024-09-06T13:06:05Z</time></trkpt><trkpt lat="43.39104478" lon="-5.82011478"><ele>235.47</ele><time>2024-09-06T13:06:06Z</time></trkpt><trkpt lat="43.39105656" lon="-5.82010056"><ele>235.73</ele><time>2024-09-06T13:06:07Z</time></trkpt><trkpt lat="43.39106833" lon="-5.82008633"><ele>236.00</ele><time>2024-09-06T13:06:08Z</time></trkpt><trkpt lat="43.39108011" lon="-5.82007211"><ele>236.27</ele><time>2024-09-06T13:06:09Z</time></trkpt><trkpt lat="43.39109189" lon="-5.82005789"><ele>236.53</ele><time>2024-09-06T13:06:10Z</time></trkpt><trkpt lat="43.39110367" lon="-5.82004367"><ele>236.80</ele><time>2024-09-06T13:06:11Z</time></trkpt><trkpt lat="43.39111544" lon="-5.82002944"><ele>237.07</ele><time>2024-09-06T13:06:12Z</time></trkpt><trkpt lat="43.39112722" lon="-5.82001522"><ele>237.33</ele><time>2024-09-06T13:06:13Z</time></trkpt><trkpt lat="43.39113900" lon="-5.82000100"><ele>237.60</ele><time>2024-09-06T13:06:14Z</time></trkpt><trkpt lat="43.39113423" lon="-5.81997408"><ele>237.48</ele><time>2024-09-06T13:06:15Z</time></trkpt><trkpt lat="43.39112946" lon="-5.81994715"><ele>237.37</ele><time>2024-09-06T13:06:16Z</time></trkpt><trkpt lat="43.39112469" lon="-5.81992023"><ele>237.25</ele><time>2024-09-06T13:06:17Z</time></trkpt><trkpt lat="43.39111992" lon="-5.81989331"><ele>237.14</ele><time>2024-09-06T13:06:18Z</time></trkpt><trkpt lat="43.39111515" lon="-5.81986638"><ele>237.02</ele><time>2024-09-06T13:06:19Z</time></trkpt><trkpt lat="43.39111038" lon="-5.81983946"><ele>236.91</ele><time>2024-09-06T13:06:20Z</time></trkpt><trkpt lat="43.39110562" lon="-5.81981254"><ele>236.79</ele><time>2024-09-06T13:06:21Z</time></trkpt><trkpt lat="43.39110085" lon="-5.81978562"><ele>236.68</ele><time>2024-09-06T13:06:22Z</time></trkpt><trkpt lat="43.39109608" lon="-5.81975869"><ele>236.56</ele><time>2024-09-06T13:06:23Z</time></trkpt><trkpt lat="43.39109131" lon="-5.81973177"><ele>236.45</ele><time>2024-09-06T13:06:24Z</time></trkpt><trkpt lat="43.39108654" lon="-5.81970485"><ele>236.33</ele><time>2024-09-06T13:06:25Z</time></trkpt><trkpt lat="43.39108177" lon="-5.81967792"><ele>236.22</ele><time>2024-09-06T13:06:26Z</time></trkpt><trkpt lat="43.39107700" lon="-5.81965100"><ele>236.10</ele><time>2024-09-06T13:06:27Z</time></trkpt><trkpt lat="43.39106914" lon="-5.81963157"><ele>235.70</ele><time>2024-09-06T13:06:28Z</time></trkpt><trkpt lat="43.39106129" lon="-5.81961214"><ele>235.30</ele><time>2024-09-06T13:06:29Z</time></trkpt><trkpt lat="43.39105343" lon="-5.81959271"><ele>234.90</ele><time>2024-09-06T13:06:30Z</time></trkpt><trkpt lat="43.39104557" lon="-5.81957329"><ele>234.50</ele><time>2024-09-06T13:06:31Z</time></trkpt><trkpt lat="43.39103771" lon="-5.81955386"><ele>234.10</ele><time>2024-09-06T13:06:32Z</time></trkpt><trkpt lat="43.39102986" lon="-5.81953443"><ele>233.70</ele><time>2024-09-06T13:06:33Z</time></trkpt><trkpt lat="43.39102200" lon="-5.81951500"><ele>233.30</ele><time>2024-09-06T13:06:34Z</time></trkpt><trkpt lat="43.39102725" lon="-5.81950375"><ele>233.78</ele><time>2024-09-06T13:06:35Z</time></trkpt><trkpt lat="43.39103250" lon="-5.81949250"><ele>234.25</ele><time>2024-09-06T13:06:36Z</time></trkpt><trkpt lat="43.39103775" lon="-5.81948125"><ele>234.72</ele><time>2024-09-06T13:06:37Z</time></trkpt><trkpt lat="43.39104300" lon="-5.81947000"><ele>235.20</ele><time>2024-09-06T13:06:38Z</time></trkpt><trkpt lat="43.39105733" lon="-5.81946207"><ele>234.91</ele><time>2024-09-06T13:06:39Z</time></trkpt><trkpt lat="43.39107167" lon="-5.81945413"><ele>234.63</ele><time>2024-09-06T13:06:40Z</time></trkpt><trkpt lat="43.39108600" lon="-5.81944620"><ele>234.34</ele><time>2024-09-06T13:06:41Z</time></trkpt><trkpt lat="43.39110033" lon="-5.81943827"><ele>234.05</ele><time>2024-09-06T13:06:42Z</time></trkpt><trkpt lat="43.39111467" lon="-5.81943033"><ele>233.77</ele><time>2024-09-06T13:06:43Z</time></trkpt><trkpt lat="43.39112900" lon="-5.81942240"><ele>233.48</ele><time>2024-09-06T13:06:44Z</time></trkpt><trkpt lat="43.39114333" lon="-5.81941447"><ele>233.19</ele><time>2024-09-06T13:06:45Z</time></trkpt><trkpt lat="43.39115767" lon="-5.81940653"><ele>232.91</ele><time>2024-09-06T13:06:46Z</time></trkpt><trkpt lat="43.39117200" lon="-5.81939860"><ele>232.62</ele><time>2024-09-06T13:06:47Z</time></trkpt><trkpt lat="43.39118633" lon="-5.81939067"><ele>232.33</ele><time>2024-09-06T13:06:48Z</time></trkpt><trkpt lat="43.39120067" lon="-5.81938273"><ele>232.05</ele><time>2024-09-06T13:06:49Z</time></trkpt><trkpt lat="43.39121500" lon="-5.81937480"><ele>231.76</ele><time>2024-09-06T13:06:50Z</time></trkpt><trkpt lat="43.39122933" lon="-5.81936687"><ele>231.47</ele><time>2024-09-06T13:06:51Z</time></trkpt><trkpt lat="43.39124367" lon="-5.81935893"><ele>231.19</ele><time>2024-09-06T13:06:52Z</time></trkpt><trkpt lat="43.39125800" lon="-5.81935100"><ele>230.90</ele><time>2024-09-06T13:06:53Z</time></trkpt><trkpt lat="43.39127020" lon="-5.81934270"><ele>231.33</ele><time>2024-09-06T13:06:54Z</time></trkpt><trkpt lat="43.39128240" lon="-5.81933440"><ele>231.76</ele><time>2024-09-06T13:06:55Z</time></trkpt><trkpt lat="43.39129460" lon="-5.81932610"><ele>232.19</ele><time>2024-09-06T13:06:56Z</time></trkpt><trkpt lat="43.39130680" lon="-5.81931780"><ele>232.62</ele><time>2024-09-06T13:06:57Z</time></trkpt><trkpt lat="43.39131900" lon="-5.81930950"><ele>233.05</ele><time>2024-09-06T13:06:58Z</time></trkpt><trkpt lat="43.39133120" lon="-5.81930120"><ele>233.48</ele><time>2024-09-06T13:06:59Z</time></trkpt><trkpt lat="43.39134340" lon="-5.81929290"><ele>233.91</ele><time>2024-09-06T13:07:00Z</time></trkpt><trkpt lat="43.39135560" lon="-5.81928460"><ele>234.34</ele><time>2024-09-06T13:07:01Z</time></trkpt><trkpt lat="43.39136780" lon="-5.81927630"><ele>234.77</ele><time>2024-09-06T13:07:02Z</time></trkpt><trkpt lat="43.39138000" lon="-5.81926800"><ele>235.20</ele><time>2024-09-06T13:07:03Z</time></trkpt><trkpt lat="43.39139300" lon="-5.81925900"><ele>235.20</ele><time>2024-09-06T13:07:04Z</time></trkpt><trkpt lat="43.39140500" lon="-5.81925100"><ele>233.50</ele><time>2024-09-06T13:07:05Z</time></trkpt><trkpt lat="43.39141700" lon="-5.81924300"><ele>231.80</ele><time>2024-09-06T13:07:06Z</time></trkpt><trkpt lat="43.39142900" lon="-5.81923600"><ele>232.93</ele><time>2024-09-06T13:07:07Z</time></trkpt><trkpt lat="43.39144100" lon="-5.81922900"><ele>234.07</ele><time>2024-09-06T13:07:08Z</time></trkpt><trkpt lat="43.39145300" lon="-5.81922200"><ele>235.20</ele><time>2024-09-06T13:07:09Z</time></trkpt><trkpt lat="43.39146520" lon="-5.81921240"><ele>234.42</ele><time>2024-09-06T13:07:10Z</time></trkpt><trkpt lat="43.39147740" lon="-5.81920280"><ele>233.64</ele><time>2024-09-06T13:07:11Z</time></trkpt><trkpt lat="43.39148960" lon="-5.81919320"><ele>232.86</ele><time>2024-09-06T13:07:12Z</time></trkpt><trkpt lat="43.39150180" lon="-5.81918360"><ele>232.08</ele><time>2024-09-06T13:07:13Z</time></trkpt><trkpt lat="43.39151400" lon="-5.81917400"><ele>231.30</ele><time>2024-09-06T13:07:14Z</time></trkpt><trkpt lat="43.39152700" lon="-5.81916400"><ele>234.20</ele><time>2024-09-06T13:07:15Z</time></trkpt><trkpt lat="43.39154038" lon="-5.81915700"><ele>233.79</ele><time>2024-09-06T13:07:16Z</time></trkpt><trkpt lat="43.39155375" lon="-5.81915000"><ele>233.38</ele><time>2024-09-06T13:07:17Z</time></trkpt><trkpt lat="43.39156713" lon="-5.81914300"><ele>232.96</ele><time>2024-09-06T13:07:18Z</time></trkpt><trkpt lat="43.39158050" lon="-5.81913600"><ele>232.55</ele><time>2024-09-06T13:07:19Z</time></trkpt><trkpt lat="43.39159388" lon="-5.81912900"><ele>232.14</ele><time>2024-09-06T13:07:20Z</time></trkpt><trkpt lat="43.39160725" lon="-5.81912200"><ele>231.72</ele><time>2024-09-06T13:07:21Z</time></trkpt><trkpt lat="43.39162063" lon="-5.81911500"><ele>231.31</ele><time>2024-09-06T13:07:22Z</time></trkpt><trkpt lat="43.39163400" lon="-5.81910800"><ele>230.90</ele><time>2024-09-06T13:07:23Z</time></trkpt><trkpt lat="43.39164883" lon="-5.81909350"><ele>231.53</ele><time>2024-09-06T13:07:24Z</time></trkpt><trkpt lat="43.39166367" lon="-5.81907900"><ele>232.17</ele><time>2024-09-06T13:07:25Z</time></trkpt><trkpt lat="43.39167850" lon="-5.81906450"><ele>232.80</ele><time>2024-09-06T13:07:26Z</time></trkpt><trkpt lat="43.39169333" lon="-5.81905000"><ele>233.43</ele><time>2024-09-06T13:07:27Z</time></trkpt><trkpt lat="43.39170817" lon="-5.81903550"><ele>234.07</ele><time>2024-09-06T13:07:28Z</time></trkpt><trkpt lat="43.39172300" lon="-5.81902100"><ele>234.70</ele><time>2024-09-06T13:07:29Z</time></trkpt><trkpt lat="43.39173900" lon="-5.81900733"><ele>233.43</ele><time>2024-09-06T13:07:30Z</time></trkpt><trkpt lat="43.39175500" lon="-5.81899367"><ele>232.17</ele><time>2024-09-06T13:07:31Z</time></trkpt><trkpt lat="43.39177100" lon="-5.81898000"><ele>230.90</ele><time>2024-09-06T13:07:32Z</time></trkpt><trkpt lat="43.39178325" lon="-5.81896731"><ele>231.08</ele><time>2024-09-06T13:07:33Z</time></trkpt><trkpt lat="43.39179550" lon="-5.81895462"><ele>231.25</ele><time>2024-09-06T13:07:34Z</time></trkpt><trkpt lat="43.39180775" lon="-5.81894194"><ele>231.43</ele><time>2024-09-06T13:07:35Z</time></trkpt><trkpt lat="43.39182000" lon="-5.81892925"><ele>231.60</ele><time>2024-09-06T13:07:36Z</time></trkpt><trkpt lat="43.39183225" lon="-5.81891656"><ele>231.78</ele><time>2024-09-06T13:07:37Z</time></trkpt><trkpt lat="43.39184450" lon="-5.81890388"><ele>231.95</ele><time>2024-09-06T13:07:38Z</time></trkpt><trkpt lat="43.39185675" lon="-5.81889119"><ele>232.12</ele><time>2024-09-06T13:07:39Z</time></trkpt><trkpt lat="43.39186900" lon="-5.81887850"><ele>232.30</ele><time>2024-09-06T13:07:40Z</time></trkpt><trkpt lat="43.39188125" lon="-5.81886581"><ele>232.47</ele><time>2024-09-06T13:07:41Z</time></trkpt><trkpt lat="43.39189350" lon="-5.81885312"><ele>232.65</ele><time>2024-09-06T13:07:42Z</time></trkpt><trkpt lat="43.39190575" lon="-5.81884044"><ele>232.82</ele><time>2024-09-06T13:07:43Z</time></trkpt><trkpt lat="43.39191800" lon="-5.81882775"><ele>233.00</ele><time>2024-09-06T13:07:44Z</time></trkpt><trkpt lat="43.39193025" lon="-5.81881506"><ele>233.17</ele><time>2024-09-06T13:07:45Z</time></trkpt><trkpt lat="43.39194250" lon="-5.81880237"><ele>233.35</ele><time>2024-09-06T13:07:46Z</time></trkpt><trkpt lat="43.39195475" lon="-5.81878969"><ele>233.52</ele><time>2024-09-06T13:07:47Z</time></trkpt><trkpt lat="43.39196700" lon="-5.81877700"><ele>233.70</ele><time>2024-09-06T13:07:48Z</time></trkpt><trkpt lat="43.39197767" lon="-5.81876700"><ele>232.43</ele><time>2024-09-06T13:07:49Z</time></trkpt><trkpt lat="43.39198833" lon="-5.81875700"><ele>231.17</ele><time>2024-09-06T13:07:50Z</time></trkpt><trkpt lat="43.39199900" lon="-5.81874700"><ele>229.90</ele><time>2024-09-06T13:07:51Z</time></trkpt><trkpt lat="43.39201125" lon="-5.81873650"><ele>230.33</ele><time>2024-09-06T13:07:52Z</time></trkpt><trkpt lat="43.39202350" lon="-5.81872600"><ele>230.75</ele><time>2024-09-06T13:07:53Z</time></trkpt><trkpt lat="43.39203575" lon="-5.81871550"><ele>231.18</ele><time>2024-09-06T13:07:54Z</time></trkpt><trkpt lat="43.39204800" lon="-5.81870500"><ele>231.60</ele><time>2024-09-06T13:07:55Z</time></trkpt><trkpt lat="43.39206025" lon="-5.81869450"><ele>232.03</ele><time>2024-09-06T13:07:56Z</time></trkpt><trkpt lat="43.39207250" lon="-5.81868400"><ele>232.45</ele><time>2024-09-06T13:07:57Z</time></trkpt><trkpt lat="43.39208475" lon="-5.81867350"><ele>232.88</ele><time>2024-09-06T13:07:58Z</time></trkpt><trkpt lat="43.39209700" lon="-5.81866300"><ele>233.30</ele><time>2024-09-06T13:07:59Z</time></trkpt><trkpt lat="43.39211075" lon="-5.81865300"><ele>232.70</ele><time>2024-09-06T13:08:00Z</time></trkpt><trkpt lat="43.39212450" lon="-5.81864300"><ele>232.10</ele><time>2024-09-06T13:08:01Z</time></trkpt><trkpt lat="43.39213825" lon="-5.81863300"><ele>231.50</ele><time>2024-09-06T13:08:02Z</time></trkpt><trkpt lat="43.39215200" lon="-5.81862300"><ele>230.90</ele><time>2024-09-06T13:08:03Z</time></trkpt><trkpt lat="43.39216483" lon="-5.81861433"><ele>230.82</ele><time>2024-09-06T13:08:04Z</time></trkpt><trkpt lat="43.39217767" lon="-5.81860567"><ele>230.73</ele><time>2024-09-06T13:08:05Z</time></trkpt><trkpt lat="43.39219050" lon="-5.81859700"><ele>230.65</ele><time>2024-09-06T13:08:06Z</time></trkpt><trkpt lat="43.39220333" lon="-5.81858833"><ele>230.57</ele><time>2024-09-06T13:08:07Z</time></trkpt><trkpt lat="43.39221617" lon="-5.81857967"><ele>230.48</ele><time>2024-09-06T13:08:08Z</time></trkpt><trkpt lat="43.39222900" lon="-5.81857100"><ele>230.40</ele><time>2024-09-06T13:08:09Z</time></trkpt><trkpt lat="43.39224131" lon="-5.81856044"><ele>230.43</ele><time>2024-09-06T13:08:10Z</time></trkpt><trkpt lat="43.39225363" lon="-5.81854988"><ele>230.46</ele><time>2024-09-06T13:08:11Z</time></trkpt><trkpt lat="43.39226594" lon="-5.81853931"><ele>230.49</ele><time>2024-09-06T13:08:12Z</time></trkpt><trkpt lat="43.39227825" lon="-5.81852875"><ele>230.53</ele><time>2024-09-06T13:08:13Z</time></trkpt><trkpt lat="43.39229056" lon="-5.81851819"><ele>230.56</ele><time>2024-09-06T13:08:14Z</time></trkpt><trkpt lat="43.39230287" lon="-5.81850763"><ele>230.59</ele><time>2024-09-06T13:08:15Z</time></trkpt><trkpt lat="43.39231519" lon="-5.81849706"><ele>230.62</ele><time>2024-09-06T13:08:16Z</time></trkpt><trkpt lat="43.39232750" lon="-5.81848650"><ele>230.65</ele><time>2024-09-06T13:08:17Z</time></trkpt><trkpt lat="43.39233981" lon="-5.81847594"><ele>230.68</ele><time>2024-09-06T13:08:18Z</time></trkpt><trkpt lat="43.39235213" lon="-5.81846537"><ele>230.71</ele><time>2024-09-06T13:08:19Z</time></trkpt><trkpt lat="43.39236444" lon="-5.81845481"><ele>230.74</ele><time>2024-09-06T13:08:20Z</time></trkpt><trkpt lat="43.39237675" lon="-5.81844425"><ele>230.78</ele><time>2024-09-06T13:08:21Z</time></trkpt><trkpt lat="43.39238906" lon="-5.81843369"><ele>230.81</ele><time>2024-09-06T13:08:22Z</time></trkpt><trkpt lat="43.39240137" lon="-5.81842312"><ele>230.84</ele><time>2024-09-06T13:08:23Z</time></trkpt><trkpt lat="43.39241369" lon="-5.81841256"><ele>230.87</ele><time>2024-09-06T13:08:24Z</time></trkpt><trkpt lat="43.39242600" lon="-5.81840200"><ele>230.90</ele><time>2024-09-06T13:08:25Z</time></trkpt><trkpt lat="43.39243925" lon="-5.81839450"><ele>231.60</ele><time>2024-09-06T13:08:26Z</time></trkpt><trkpt lat="43.39245250" lon="-5.81838700"><ele>232.30</ele><time>2024-09-06T13:08:27Z</time></trkpt><trkpt lat="43.39246575" lon="-5.81837950"><ele>233.00</ele><time>2024-09-06T13:08:28Z</time></trkpt><trkpt lat="43.39247900" lon="-5.81837200"><ele>233.70</ele><time>2024-09-06T13:08:29Z</time></trkpt><trkpt lat="43.39249200" lon="-5.81836100"><ele>232.05</ele><time>2024-09-06T13:08:30Z</time></trkpt><trkpt lat="43.39250500" lon="-5.81835000"><ele>230.40</ele><time>2024-09-06T13:08:31Z</time></trkpt><trkpt lat="43.39251838" lon="-5.81833769"><ele>230.47</ele><time>2024-09-06T13:08:32Z</time></trkpt><trkpt lat="43.39253177" lon="-5.81832538"><ele>230.54</ele><time>2024-09-06T13:08:33Z</time></trkpt><trkpt lat="43.39254515" lon="-5.81831308"><ele>230.61</ele><time>2024-09-06T13:08:34Z</time></trkpt><trkpt lat="43.39255854" lon="-5.81830077"><ele>230.68</ele><time>2024-09-06T13:08:35Z</time></trkpt><trkpt lat="43.39257192" lon="-5.81828846"><ele>230.75</ele><time>2024-09-06T13:08:36Z</time></trkpt><trkpt lat="43.39258531" lon="-5.81827615"><ele>230.82</ele><time>2024-09-06T13:08:37Z</time></trkpt><trkpt lat="43.39259869" lon="-5.81826385"><ele>230.88</ele><time>2024-09-06T13:08:38Z</time></trkpt><trkpt lat="43.39261208" lon="-5.81825154"><ele>230.95</ele><time>2024-09-06T13:08:39Z</time></trkpt><trkpt lat="43.39262546" lon="-5.81823923"><ele>231.02</ele><time>2024-09-06T13:08:40Z</time></trkpt><trkpt lat="43.39263885" lon="-5.81822692"><ele>231.09</ele><time>2024-09-06T13:08:41Z</time></trkpt><trkpt lat="43.39265223" lon="-5.81821462"><ele>231.16</ele><time>2024-09-06T13:08:42Z</time></trkpt><trkpt lat="43.39266562" lon="-5.81820231"><ele>231.23</ele><time>2024-09-06T13:08:43Z</time></trkpt><trkpt lat="43.39267900" lon="-5.81819000"><ele>231.30</ele><time>2024-09-06T13:08:44Z</time></trkpt><trkpt lat="43.39269333" lon="-5.81817487"><ele>231.37</ele><time>2024-09-06T13:08:45Z</time></trkpt><trkpt lat="43.39270767" lon="-5.81815973"><ele>231.43</ele><time>2024-09-06T13:08:46Z</time></trkpt><trkpt lat="43.39272200" lon="-5.81814460"><ele>231.50</ele><time>2024-09-06T13:08:47Z</time></trkpt><trkpt lat="43.39273633" lon="-5.81812947"><ele>231.57</ele><time>2024-09-06T13:08:48Z</time></trkpt><trkpt lat="43.39275067" lon="-5.81811433"><ele>231.63</ele><time>2024-09-06T13:08:49Z</time></trkpt><trkpt lat="43.39276500" lon="-5.81809920"><ele>231.70</ele><time>2024-09-06T13:08:50Z</time></trkpt><trkpt lat="43.39277933" lon="-5.81808407"><ele>231.77</ele><time>2024-09-06T13:08:51Z</time></trkpt><trkpt lat="43.39279367" lon="-5.81806893"><ele>231.83</ele><time>2024-09-06T13:08:52Z</time></trkpt><trkpt lat="43.39280800" lon="-5.81805380"><ele>231.90</ele><time>2024-09-06T13:08:53Z</time></trkpt><trkpt lat="43.39282233" lon="-5.81803867"><ele>231.97</ele><time>2024-09-06T13:08:54Z</time></trkpt><trkpt lat="43.39283667" lon="-5.81802353"><ele>232.03</ele><time>2024-09-06T13:08:55Z</time></trkpt><trkpt lat="43.39285100" lon="-5.81800840"><ele>232.10</ele><time>2024-09-06T13:08:56Z</time></trkpt><trkpt lat="43.39286533" lon="-5.81799327"><ele>232.17</ele><time>2024-09-06T13:08:57Z</time></trkpt><trkpt lat="43.39287967" lon="-5.81797813"><ele>232.23</ele><time>2024-09-06T13:08:58Z</time></trkpt><trkpt lat="43.39289400" lon="-5.81796300"><ele>232.30</ele><time>2024-09-06T13:08:59Z</time></trkpt><trkpt lat="43.39291133" lon="-5.81794933"><ele>231.17</ele><time>2024-09-06T13:09:00Z</time></trkpt><trkpt lat="43.39292867" lon="-5.81793567"><ele>230.03</ele><time>2024-09-06T13:09:01Z</time></trkpt><trkpt lat="43.39294600" lon="-5.81792200"><ele>228.90</ele><time>2024-09-06T13:09:02Z</time></trkpt><trkpt lat="43.39296300" lon="-5.81791200"><ele>229.40</ele><time>2024-09-06T13:09:03Z</time></trkpt><trkpt lat="43.39297910" lon="-5.81789680"><ele>229.55</ele><time>2024-09-06T13:09:04Z</time></trkpt><trkpt lat="43.39299520" lon="-5.81788160"><ele>229.70</ele><time>2024-09-06T13:09:05Z</time></trkpt><trkpt lat="43.39301130" lon="-5.81786640"><ele>229.85</ele><time>2024-09-06T13:09:06Z</time></trkpt><trkpt lat="43.39302740" lon="-5.81785120"><ele>230.00</ele><time>2024-09-06T13:09:07Z</time></trkpt><trkpt lat="43.39304350" lon="-5.81783600"><ele>230.15</ele><time>2024-09-06T13:09:08Z</time></trkpt><trkpt lat="43.39305960" lon="-5.81782080"><ele>230.30</ele><time>2024-09-06T13:09:09Z</time></trkpt><trkpt lat="43.39307570" lon="-5.81780560"><ele>230.45</ele><time>2024-09-06T13:09:10Z</time></trkpt><trkpt lat="43.39309180" lon="-5.81779040"><ele>230.60</ele><time>2024-09-06T13:09:11Z</time></trkpt><trkpt lat="43.39310790" lon="-5.81777520"><ele>230.75</ele><time>2024-09-06T13:09:12Z</time></trkpt><trkpt lat="43.39312400" lon="-5.81776000"><ele>230.90</ele><time>2024-09-06T13:09:13Z</time></trkpt><trkpt lat="43.39313793" lon="-5.81775500"><ele>230.79</ele><time>2024-09-06T13:09:14Z</time></trkpt><trkpt lat="43.39315186" lon="-5.81775000"><ele>230.69</ele><time>2024-09-06T13:09:15Z</time></trkpt><trkpt lat="43.39316579" lon="-5.81774500"><ele>230.58</ele><time>2024-09-06T13:09:16Z</time></trkpt><trkpt lat="43.39317971" lon="-5.81774000"><ele>230.47</ele><time>2024-09-06T13:09:17Z</time></trkpt><trkpt lat="43.39319364" lon="-5.81773500"><ele>230.36</ele><time>2024-09-06T13:09:18Z</time></trkpt><trkpt lat="43.39320757" lon="-5.81773000"><ele>230.26</ele><time>2024-09-06T13:09:19Z</time></trkpt><trkpt lat="43.39322150" lon="-5.81772500"><ele>230.15</ele><time>2024-09-06T13:09:20Z</time></trkpt><trkpt lat="43.39323543" lon="-5.81772000"><ele>230.04</ele><time>2024-09-06T13:09:21Z</time></trkpt><trkpt lat="43.39324936" lon="-5.81771500"><ele>229.94</ele><time>2024-09-06T13:09:22Z</time></trkpt><trkpt lat="43.39326329" lon="-5.81771000"><ele>229.83</ele><time>2024-09-06T13:09:23Z</time></trkpt><trkpt lat="43.39327721" lon="-5.81770500"><ele>229.72</ele><time>2024-09-06T13:09:24Z</time></trkpt><trkpt lat="43.39329114" lon="-5.81770000"><ele>229.61</ele><time>2024-09-06T13:09:25Z</time></trkpt><trkpt lat="43.39330507" lon="-5.81769500"><ele>229.51</ele><time>2024-09-06T13:09:26Z</time></trkpt><trkpt lat="43.39331900" lon="-5.81769000"><ele>229.40</ele><time>2024-09-06T13:09:27Z</time></trkpt><trkpt lat="43.39333200" lon="-5.81769325"><ele>229.10</ele><time>2024-09-06T13:09:28Z</time></trkpt><trkpt lat="43.39334500" lon="-5.81769650"><ele>228.80</ele><time>2024-09-06T13:09:29Z</time></trkpt><trkpt lat="43.39335800" lon="-5.81769975"><ele>228.50</ele><time>2024-09-06T13:09:30Z</time></trkpt><trkpt lat="43.39337100" lon="-5.81770300"><ele>228.20</ele><time>2024-09-06T13:09:31Z</time></trkpt><trkpt lat="43.39338400" lon="-5.81770625"><ele>227.90</ele><time>2024-09-06T13:09:32Z</time></trkpt><trkpt lat="43.39339700" lon="-5.81770950"><ele>227.60</ele><time>2024-09-06T13:09:33Z</time></trkpt><trkpt lat="43.39341000" lon="-5.81771275"><ele>227.30</ele><time>2024-09-06T13:09:34Z</time></trkpt><trkpt lat="43.39342300" lon="-5.81771600"><ele>227.00</ele><time>2024-09-06T13:09:35Z</time></trkpt><trkpt lat="43.39343029" lon="-5.81772657"><ele>227.00</ele><time>2024-09-06T13:09:36Z</time></trkpt><trkpt lat="43.39343757" lon="-5.81773714"><ele>227.00</ele><time>2024-09-06T13:09:37Z</time></trkpt><trkpt lat="43.39344486" lon="-5.81774771"><ele>227.00</ele><time>2024-09-06T13:09:38Z</time></trkpt><trkpt lat="43.39345214" lon="-5.81775829"><ele>227.00</ele><time>2024-09-06T13:09:39Z</time></trkpt><trkpt lat="43.39345943" lon="-5.81776886"><ele>227.00</ele><time>2024-09-06T13:09:40Z</time></trkpt><trkpt lat="43.39346671" lon="-5.81777943"><ele>227.00</ele><time>2024-09-06T13:09:41Z</time></trkpt><trkpt lat="43.39347400" lon="-5.81779000"><ele>227.00</ele><time>2024-09-06T13:09:42Z</time></trkpt><trkpt lat="43.39347725" lon="-5.81780333"><ele>227.28</ele><time>2024-09-06T13:09:43Z</time></trkpt><trkpt lat="43.39348050" lon="-5.81781667"><ele>227.57</ele><time>2024-09-06T13:09:44Z</time></trkpt><trkpt lat="43.39348375" lon="-5.81783000"><ele>227.85</ele><time>2024-09-06T13:09:45Z</time></trkpt><trkpt lat="43.39348700" lon="-5.81784333"><ele>228.13</ele><time>2024-09-06T13:09:46Z</time></trkpt><trkpt lat="43.39349025" lon="-5.81785667"><ele>228.42</ele><time>2024-09-06T13:09:47Z</time></trkpt><trkpt lat="43.39349350" lon="-5.81787000"><ele>228.70</ele><time>2024-09-06T13:09:48Z</time></trkpt><trkpt lat="43.39349675" lon="-5.81788333"><ele>228.98</ele><time>2024-09-06T13:09:49Z</time></trkpt><trkpt lat="43.39350000" lon="-5.81789667"><ele>229.27</ele><time>2024-09-06T13:09:50Z</time></trkpt><trkpt lat="43.39350325" lon="-5.81791000"><ele>229.55</ele><time>2024-09-06T13:09:51Z</time></trkpt><trkpt lat="43.39350650" lon="-5.81792333"><ele>229.83</ele><time>2024-09-06T13:09:52Z</time></trkpt><trkpt lat="43.39350975" lon="-5.81793667"><ele>230.12</ele><time>2024-09-06T13:09:53Z</time></trkpt><trkpt lat="43.39351300" lon="-5.81795000"><ele>230.40</ele><time>2024-09-06T13:09:54Z</time></trkpt><trkpt lat="43.39351250" lon="-5.81796600"><ele>229.20</ele><time>2024-09-06T13:09:55Z</time></trkpt><trkpt lat="43.39351200" lon="-5.81798200"><ele>228.00</ele><time>2024-09-06T13:09:56Z</time></trkpt><trkpt lat="43.39351000" lon="-5.81799600"><ele>224.60</ele><time>2024-09-06T13:09:57Z</time></trkpt><trkpt lat="43.39350600" lon="-5.81800700"><ele>228.40</ele><time>2024-09-06T13:09:58Z</time></trkpt><trkpt lat="43.39349940" lon="-5.81801700"><ele>228.22</ele><time>2024-09-06T13:09:59Z</time></trkpt><trkpt lat="43.39349280" lon="-5.81802700"><ele>228.04</ele><time>2024-09-06T13:10:00Z</time></trkpt><trkpt lat="43.39348620" lon="-5.81803700"><ele>227.86</ele><time>2024-09-06T13:10:01Z</time></trkpt><trkpt lat="43.39347960" lon="-5.81804700"><ele>227.68</ele><time>2024-09-06T13:10:02Z</time></trkpt><trkpt lat="43.39347300" lon="-5.81805700"><ele>227.50</ele><time>2024-09-06T13:10:03Z</time></trkpt><trkpt lat="43.39346825" lon="-5.81807375"><ele>227.50</ele><time>2024-09-06T13:10:04Z</time></trkpt><trkpt lat="43.39346350" lon="-5.81809050"><ele>227.50</ele><time>2024-09-06T13:10:05Z</time></trkpt><trkpt lat="43.39345875" lon="-5.81810725"><ele>227.50</ele><time>2024-09-06T13:10:06Z</time></trkpt><trkpt lat="43.39345400" lon="-5.81812400"><ele>227.50</ele><time>2024-09-06T13:10:07Z</time></trkpt><trkpt lat="43.39344850" lon="-5.81814400"><ele>228.45</ele><time>2024-09-06T13:10:08Z</time></trkpt><trkpt lat="43.39344300" lon="-5.81816400"><ele>229.40</ele><time>2024-09-06T13:10:09Z</time></trkpt><trkpt lat="43.39343733" lon="-5.81818167"><ele>227.63</ele><time>2024-09-06T13:10:10Z</time></trkpt><trkpt lat="43.39343167" lon="-5.81819933"><ele>225.87</ele><time>2024-09-06T13:10:11Z</time></trkpt><trkpt lat="43.39342600" lon="-5.81821700"><ele>224.10</ele><time>2024-09-06T13:10:12Z</time></trkpt><trkpt lat="43.39341900" lon="-5.81823400"><ele>228.40</ele><time>2024-09-06T13:10:13Z</time></trkpt><trkpt lat="43.39341288" lon="-5.81825225"><ele>228.22</ele><time>2024-09-06T13:10:14Z</time></trkpt><trkpt lat="43.39340675" lon="-5.81827050"><ele>228.05</ele><time>2024-09-06T13:10:15Z</time></trkpt><trkpt lat="43.39340062" lon="-5.81828875"><ele>227.88</ele><time>2024-09-06T13:10:16Z</time></trkpt><trkpt lat="43.39339450" lon="-5.81830700"><ele>227.70</ele><time>2024-09-06T13:10:17Z</time></trkpt><trkpt lat="43.39338838" lon="-5.81832525"><ele>227.53</ele><time>2024-09-06T13:10:18Z</time></trkpt><trkpt lat="43.39338225" lon="-5.81834350"><ele>227.35</ele><time>2024-09-06T13:10:19Z</time></trkpt><trkpt lat="43.39337612" lon="-5.81836175"><ele>227.18</ele><time>2024-09-06T13:10:20Z</time></trkpt><trkpt lat="43.39337000" lon="-5.81838000"><ele>227.00</ele><time>2024-09-06T13:10:21Z</time></trkpt><trkpt lat="43.39336490" lon="-5.81839720"><ele>226.95</ele><time>2024-09-06T13:10:22Z</time></trkpt><trkpt lat="43.39335980" lon="-5.81841440"><ele>226.90</ele><time>2024-09-06T13:10:23Z</time></trkpt><trkpt lat="43.39335470" lon="-5.81843160"><ele>226.85</ele><time>2024-09-06T13:10:24Z</time></trkpt><trkpt lat="43.39334960" lon="-5.81844880"><ele>226.80</ele><time>2024-09-06T13:10:25Z</time></trkpt><trkpt lat="43.39334450" lon="-5.81846600"><ele>226.75</ele><time>2024-09-06T13:10:26Z</time></trkpt><trkpt lat="43.39333940" lon="-5.81848320"><ele>226.70</ele><time>2024-09-06T13:10:27Z</time></trkpt><trkpt lat="43.39333430" lon="-5.81850040"><ele>226.65</ele><time>2024-09-06T13:10:28Z</time></trkpt><trkpt lat="43.39332920" lon="-5.81851760"><ele>226.60</ele><time>2024-09-06T13:10:29Z</time></trkpt><trkpt lat="43.39332410" lon="-5.81853480"><ele>226.55</ele><time>2024-09-06T13:10:30Z</time></trkpt><trkpt lat="43.39331900" lon="-5.81855200"><ele>226.50</ele><time>2024-09-06T13:10:31Z</time></trkpt><trkpt lat="43.39331575" lon="-5.81857513"><ele>226.38</ele><time>2024-09-06T13:10:32Z</time></trkpt><trkpt lat="43.39331250" lon="-5.81859825"><ele>226.26</ele><time>2024-09-06T13:10:33Z</time></trkpt><trkpt lat="43.39330925" lon="-5.81862138"><ele>226.14</ele><time>2024-09-06T13:10:34Z</time></trkpt><trkpt lat="43.39330600" lon="-5.81864450"><ele>226.03</ele><time>2024-09-06T13:10:35Z</time></trkpt><trkpt lat="43.39330275" lon="-5.81866762"><ele>225.91</ele><time>2024-09-06T13:10:36Z</time></trkpt><trkpt lat="43.39329950" lon="-5.81869075"><ele>225.79</ele><time>2024-09-06T13:10:37Z</time></trkpt><trkpt lat="43.39329625" lon="-5.81871388"><ele>225.67</ele><time>2024-09-06T13:10:38Z</time></trkpt><trkpt lat="43.39329300" lon="-5.81873700"><ele>225.55</ele><time>2024-09-06T13:10:39Z</time></trkpt><trkpt lat="43.39328975" lon="-5.81876012"><ele>225.43</ele><time>2024-09-06T13:10:40Z</time></trkpt><trkpt lat="43.39328650" lon="-5.81878325"><ele>225.31</ele><time>2024-09-06T13:10:41Z</time></trkpt><trkpt lat="43.39328325" lon="-5.81880638"><ele>225.19</ele><time>2024-09-06T13:10:42Z</time></trkpt><trkpt lat="43.39328000" lon="-5.81882950"><ele>225.07</ele><time>2024-09-06T13:10:43Z</time></trkpt><trkpt lat="43.39327675" lon="-5.81885262"><ele>224.96</ele><time>2024-09-06T13:10:44Z</time></trkpt><trkpt lat="43.39327350" lon="-5.81887575"><ele>224.84</ele><time>2024-09-06T13:10:45Z</time></trkpt><trkpt lat="43.39327025" lon="-5.81889887"><ele>224.72</ele><time>2024-09-06T13:10:46Z</time></trkpt><trkpt lat="43.39326700" lon="-5.81892200"><ele>224.60</ele><time>2024-09-06T13:10:47Z</time></trkpt><trkpt lat="43.39326400" lon="-5.81894300"><ele>227.50</ele><time>2024-09-06T13:10:48Z</time></trkpt><trkpt lat="43.39326220" lon="-5.81895960"><ele>226.82</ele><time>2024-09-06T13:10:49Z</time></trkpt><trkpt lat="43.39326040" lon="-5.81897620"><ele>226.14</ele><time>2024-09-06T13:10:50Z</time></trkpt><trkpt lat="43.39325860" lon="-5.81899280"><ele>225.46</ele><time>2024-09-06T13:10:51Z</time></trkpt><trkpt lat="43.39325680" lon="-5.81900940"><ele>224.78</ele><time>2024-09-06T13:10:52Z</time></trkpt><trkpt lat="43.39325500" lon="-5.81902600"><ele>224.10</ele><time>2024-09-06T13:10:53Z</time></trkpt><trkpt lat="43.39325650" lon="-5.81904475"><ele>224.10</ele><time>2024-09-06T13:10:54Z</time></trkpt><trkpt lat="43.39325800" lon="-5.81906350"><ele>224.10</ele><time>2024-09-06T13:10:55Z</time></trkpt><trkpt lat="43.39325950" lon="-5.81908225"><ele>224.10</ele><time>2024-09-06T13:10:56Z</time></trkpt><trkpt lat="43.39326100" lon="-5.81910100"><ele>224.10</ele><time>2024-09-06T13:10:57Z</time></trkpt><trkpt lat="43.39326033" lon="-5.81911567"><ele>224.10</ele><time>2024-09-06T13:10:58Z</time></trkpt><trkpt lat="43.39325967" lon="-5.81913033"><ele>224.10</ele><time>2024-09-06T13:10:59Z</time></trkpt><trkpt lat="43.39325900" lon="-5.81914500"><ele>224.10</ele><time>2024-09-06T13:11:00Z</time></trkpt><trkpt lat="43.39325833" lon="-5.81915967"><ele>224.10</ele><time>2024-09-06T13:11:01Z</time></trkpt><trkpt lat="43.39325767" lon="-5.81917433"><ele>224.10</ele><time>2024-09-06T13:11:02Z</time></trkpt><trkpt lat="43.39325700" lon="-5.81918900"><ele>224.10</ele><time>2024-09-06T13:11:03Z</time></trkpt><trkpt lat="43.39325700" lon="-5.81920086"><ele>224.17</ele><time>2024-09-06T13:11:04Z</time></trkpt><trkpt lat="43.39325700" lon="-5.81921271"><ele>224.24</ele><time>2024-09-06T13:11:05Z</time></trkpt><trkpt lat="43.39325700" lon="-5.81922457"><ele>224.31</ele><time>2024-09-06T13:11:06Z</time></trkpt><trkpt lat="43.39325700" lon="-5.81923643"><ele>224.39</ele><time>2024-09-06T13:11:07Z</time></trkpt><trkpt lat="43.39325700" lon="-5.81924829"><ele>224.46</ele><time>2024-09-06T13:11:08Z</time></trkpt><trkpt lat="43.39325700" lon="-5.81926014"><ele>224.53</ele><time>2024-09-06T13:11:09Z</time></trkpt><trkpt lat="43.39325700" lon="-5.81927200"><ele>224.60</ele><time>2024-09-06T13:11:10Z</time></trkpt><trkpt lat="43.39326100" lon="-5.81928233"><ele>224.44</ele><time>2024-09-06T13:11:11Z</time></trkpt><trkpt lat="43.39326500" lon="-5.81929267"><ele>224.29</ele><time>2024-09-06T13:11:12Z</time></trkpt><trkpt lat="43.39326900" lon="-5.81930300"><ele>224.13</ele><time>2024-09-06T13:11:13Z</time></trkpt><trkpt lat="43.39327300" lon="-5.81931333"><ele>223.98</ele><time>2024-09-06T13:11:14Z</time></trkpt><trkpt lat="43.39327700" lon="-5.81932367"><ele>223.82</ele><time>2024-09-06T13:11:15Z</time></trkpt><trkpt lat="43.39328100" lon="-5.81933400"><ele>223.67</ele><time>2024-09-06T13:11:16Z</time></trkpt><trkpt lat="43.39328500" lon="-5.81934433"><ele>223.51</ele><time>2024-09-06T13:11:17Z</time></trkpt><trkpt lat="43.39328900" lon="-5.81935467"><ele>223.36</ele><time>2024-09-06T13:11:18Z</time></trkpt><trkpt lat="43.39329300" lon="-5.81936500"><ele>223.20</ele><time>2024-09-06T13:11:19Z</time></trkpt><trkpt lat="43.39330150" lon="-5.81937870"><ele>223.29</ele><time>2024-09-06T13:11:20Z</time></trkpt><trkpt lat="43.39331000" lon="-5.81939240"><ele>223.38</ele><time>2024-09-06T13:11:21Z</time></trkpt><trkpt lat="43.39331850" lon="-5.81940610"><ele>223.47</ele><time>2024-09-06T13:11:22Z</time></trkpt><trkpt lat="43.39332700" lon="-5.81941980"><ele>223.56</ele><time>2024-09-06T13:11:23Z</time></trkpt><trkpt lat="43.39333550" lon="-5.81943350"><ele>223.65</ele><time>2024-09-06T13:11:24Z</time></trkpt><trkpt lat="43.39334400" lon="-5.81944720"><ele>223.74</ele><time>2024-09-06T13:11:25Z</time></trkpt><trkpt lat="43.39335250" lon="-5.81946090"><ele>223.83</ele><time>2024-09-06T13:11:26Z</time></trkpt><trkpt lat="43.39336100" lon="-5.81947460"><ele>223.92</ele><time>2024-09-06T13:11:27Z</time></trkpt><trkpt lat="43.39336950" lon="-5.81948830"><ele>224.01</ele><time>2024-09-06T13:11:28Z</time></trkpt><trkpt lat="43.39337800" lon="-5.81950200"><ele>224.10</ele><time>2024-09-06T13:11:29Z</time></trkpt><trkpt lat="43.39338500" lon="-5.81952100"><ele>225.10</ele><time>2024-09-06T13:11:30Z</time></trkpt><trkpt lat="43.39339889" lon="-5.81954533"><ele>224.89</ele><time>2024-09-06T13:11:31Z</time></trkpt><trkpt lat="43.39341278" lon="-5.81956967"><ele>224.68</ele><time>2024-09-06T13:11:32Z</time></trkpt><trkpt lat="43.39342667" lon="-5.81959400"><ele>224.47</ele><time>2024-09-06T13:11:33Z</time></trkpt><trkpt lat="43.39344056" lon="-5.81961833"><ele>224.26</ele><time>2024-09-06T13:11:34Z</time></trkpt><trkpt lat="43.39345444" lon="-5.81964267"><ele>224.04</ele><time>2024-09-06T13:11:35Z</time></trkpt><trkpt lat="43.39346833" lon="-5.81966700"><ele>223.83</ele><time>2024-09-06T13:11:36Z</time></trkpt><trkpt lat="43.39348222" lon="-5.81969133"><ele>223.62</ele><time>2024-09-06T13:11:37Z</time></trkpt><trkpt lat="43.39349611" lon="-5.81971567"><ele>223.41</ele><time>2024-09-06T13:11:38Z</time></trkpt><trkpt lat="43.39351000" lon="-5.81974000"><ele>223.20</ele><time>2024-09-06T13:11:39Z</time></trkpt><trkpt lat="43.39352747" lon="-5.81977440"><ele>223.13</ele><time>2024-09-06T13:11:40Z</time></trkpt><trkpt lat="43.39354493" lon="-5.81980880"><ele>223.07</ele><time>2024-09-06T13:11:41Z</time></trkpt><trkpt lat="43.39356240" lon="-5.81984320"><ele>223.00</ele><time>2024-09-06T13:11:42Z</time></trkpt><trkpt lat="43.39357987" lon="-5.81987760"><ele>222.93</ele><time>2024-09-06T13:11:43Z</time></trkpt><trkpt lat="43.39359733" lon="-5.81991200"><ele>222.87</ele><time>2024-09-06T13:11:44Z</time></trkpt><trkpt lat="43.39361480" lon="-5.81994640"><ele>222.80</ele><time>2024-09-06T13:11:45Z</time></trkpt><trkpt lat="43.39363227" lon="-5.81998080"><ele>222.73</ele><time>2024-09-06T13:11:46Z</time></trkpt><trkpt lat="43.39364973" lon="-5.82001520"><ele>222.67</ele><time>2024-09-06T13:11:47Z</time></trkpt><trkpt lat="43.39366720" lon="-5.82004960"><ele>222.60</ele><time>2024-09-06T13:11:48Z</time></trkpt><trkpt lat="43.39368467" lon="-5.82008400"><ele>222.53</ele><time>2024-09-06T13:11:49Z</time></trkpt><trkpt lat="43.39370213" lon="-5.82011840"><ele>222.47</ele><time>2024-09-06T13:11:50Z</time></trkpt><trkpt lat="43.39371960" lon="-5.82015280"><ele>222.40</ele><time>2024-09-06T13:11:51Z</time></trkpt><trkpt lat="43.39373707" lon="-5.82018720"><ele>222.33</ele><time>2024-09-06T13:11:52Z</time></trkpt><trkpt lat="43.39375453" lon="-5.82022160"><ele>222.27</ele><time>2024-09-06T13:11:53Z</time></trkpt><trkpt lat="43.39377200" lon="-5.82025600"><ele>222.20</ele><time>2024-09-06T13:11:54Z</time></trkpt><trkpt lat="43.39378800" lon="-5.82027250"><ele>223.15</ele><time>2024-09-06T13:11:55Z</time></trkpt><trkpt lat="43.39380400" lon="-5.82028900"><ele>224.10</ele><time>2024-09-06T13:11:56Z</time></trkpt><trkpt lat="43.39381733" lon="-5.82030200"><ele>222.83</ele><time>2024-09-06T13:11:57Z</time></trkpt><trkpt lat="43.39383067" lon="-5.82031500"><ele>221.57</ele><time>2024-09-06T13:11:58Z</time></trkpt><trkpt lat="43.39384400" lon="-5.82032800"><ele>220.30</ele><time>2024-09-06T13:11:59Z</time></trkpt><trkpt lat="43.39385920" lon="-5.82033660"><ele>221.06</ele><time>2024-09-06T13:12:00Z</time></trkpt><trkpt lat="43.39387440" lon="-5.82034520"><ele>221.82</ele><time>2024-09-06T13:12:01Z</time></trkpt><trkpt lat="43.39388960" lon="-5.82035380"><ele>222.58</ele><time>2024-09-06T13:12:02Z</time></trkpt><trkpt lat="43.39390480" lon="-5.82036240"><ele>223.34</ele><time>2024-09-06T13:12:03Z</time></trkpt><trkpt lat="43.39392000" lon="-5.82037100"><ele>224.10</ele><time>2024-09-06T13:12:04Z</time></trkpt><trkpt lat="43.39393500" lon="-5.82037800"><ele>223.60</ele><time>2024-09-06T13:12:05Z</time></trkpt><trkpt lat="43.39395033" lon="-5.82038567"><ele>222.97</ele><time>2024-09-06T13:12:06Z</time></trkpt><trkpt lat="43.39396567" lon="-5.82039333"><ele>222.33</ele><time>2024-09-06T13:12:07Z</time></trkpt><trkpt lat="43.39398100" lon="-5.82040100"><ele>221.70</ele><time>2024-09-06T13:12:08Z</time></trkpt><trkpt lat="43.39399700" lon="-5.82040750"><ele>222.10</ele><time>2024-09-06T13:12:09Z</time></trkpt><trkpt lat="43.39401300" lon="-5.82041400"><ele>222.50</ele><time>2024-09-06T13:12:10Z</time></trkpt><trkpt lat="43.39402900" lon="-5.82042050"><ele>222.90</ele><time>2024-09-06T13:12:11Z</time></trkpt><trkpt lat="43.39404500" lon="-5.82042700"><ele>223.30</ele><time>2024-09-06T13:12:12Z</time></trkpt><trkpt lat="43.39406100" lon="-5.82043350"><ele>223.70</ele><time>2024-09-06T13:12:13Z</time></trkpt><trkpt lat="43.39407700" lon="-5.82044000"><ele>224.10</ele><time>2024-09-06T13:12:14Z</time></trkpt><trkpt lat="43.39409333" lon="-5.82044433"><ele>223.47</ele><time>2024-09-06T13:12:15Z</time></trkpt><trkpt lat="43.39410967" lon="-5.82044867"><ele>222.83</ele><time>2024-09-06T13:12:16Z</time></trkpt><trkpt lat="43.39412600" lon="-5.82045300"><ele>222.20</ele><time>2024-09-06T13:12:17Z</time></trkpt><trkpt lat="43.39414257" lon="-5.82045521"><ele>222.34</ele><time>2024-09-06T13:12:18Z</time></trkpt><trkpt lat="43.39415914" lon="-5.82045743"><ele>222.47</ele><time>2024-09-06T13:12:19Z</time></trkpt><trkpt lat="43.39417571" lon="-5.82045964"><ele>222.61</ele><time>2024-09-06T13:12:20Z</time></trkpt><trkpt lat="43.39419229" lon="-5.82046186"><ele>222.74</ele><time>2024-09-06T13:12:21Z</time></trkpt><trkpt lat="43.39420886" lon="-5.82046407"><ele>222.88</ele><time>2024-09-06T13:12:22Z</time></trkpt><trkpt lat="43.39422543" lon="-5.82046629"><ele>223.01</ele><time>2024-09-06T13:12:23Z</time></trkpt><trkpt lat="43.39424200" lon="-5.82046850"><ele>223.15</ele><time>2024-09-06T13:12:24Z</time></trkpt><trkpt lat="43.39425857" lon="-5.82047071"><ele>223.29</ele><time>2024-09-06T13:12:25Z</time></trkpt><trkpt lat="43.39427514" lon="-5.82047293"><ele>223.42</ele><time>2024-09-06T13:12:26Z</time></trkpt><trkpt lat="43.39429171" lon="-5.82047514"><ele>223.56</ele><time>2024-09-06T13:12:27Z</time></trkpt><trkpt lat="43.39430829" lon="-5.82047736"><ele>223.69</ele><time>2024-09-06T13:12:28Z</time></trkpt><trkpt lat="43.39432486" lon="-5.82047957"><ele>223.83</ele><time>2024-09-06T13:12:29Z</time></trkpt><trkpt lat="43.39434143" lon="-5.82048179"><ele>223.96</ele><time>2024-09-06T13:12:30Z</time></trkpt><trkpt lat="43.39435800" lon="-5.82048400"><ele>224.10</ele><time>2024-09-06T13:12:31Z</time></trkpt><trkpt lat="43.39437350" lon="-5.82048525"><ele>223.03</ele><time>2024-09-06T13:12:32Z</time></trkpt><trkpt lat="43.39438900" lon="-5.82048650"><ele>221.95</ele><time>2024-09-06T13:12:33Z</time></trkpt><trkpt lat="43.39440450" lon="-5.82048775"><ele>220.88</ele><time>2024-09-06T13:12:34Z</time></trkpt><trkpt lat="43.39442000" lon="-5.82048900"><ele>219.80</ele><time>2024-09-06T13:12:35Z</time></trkpt><trkpt lat="43.39443540" lon="-5.82048980"><ele>220.48</ele><time>2024-09-06T13:12:36Z</time></trkpt><trkpt lat="43.39445080" lon="-5.82049060"><ele>221.16</ele><time>2024-09-06T13:12:37Z</time></trkpt><trkpt lat="43.39446620" lon="-5.82049140"><ele>221.84</ele><time>2024-09-06T13:12:38Z</time></trkpt><trkpt lat="43.39448160" lon="-5.82049220"><ele>222.52</ele><time>2024-09-06T13:12:39Z</time></trkpt><trkpt lat="43.39449700" lon="-5.82049300"><ele>223.20</ele><time>2024-09-06T13:12:40Z</time></trkpt><trkpt lat="43.39451400" lon="-5.82049443"><ele>222.79</ele><time>2024-09-06T13:12:41Z</time></trkpt><trkpt lat="43.39453100" lon="-5.82049586"><ele>222.37</ele><time>2024-09-06T13:12:42Z</time></trkpt><trkpt lat="43.39454800" lon="-5.82049729"><ele>221.96</ele><time>2024-09-06T13:12:43Z</time></trkpt><trkpt lat="43.39456500" lon="-5.82049871"><ele>221.54</ele><time>2024-09-06T13:12:44Z</time></trkpt><trkpt lat="43.39458200" lon="-5.82050014"><ele>221.13</ele><time>2024-09-06T13:12:45Z</time></trkpt><trkpt lat="43.39459900" lon="-5.82050157"><ele>220.71</ele><time>2024-09-06T13:12:46Z</time></trkpt><trkpt lat="43.39461600" lon="-5.82050300"><ele>220.30</ele><time>2024-09-06T13:12:47Z</time></trkpt><trkpt lat="43.39463400" lon="-5.82050200"><ele>223.20</ele><time>2024-09-06T13:12:48Z</time></trkpt><trkpt lat="43.39465100" lon="-5.82050300"><ele>222.70</ele><time>2024-09-06T13:12:49Z</time></trkpt><trkpt lat="43.39466614" lon="-5.82050610"><ele>222.61</ele><time>2024-09-06T13:12:50Z</time></trkpt><trkpt lat="43.39468129" lon="-5.82050919"><ele>222.52</ele><time>2024-09-06T13:12:51Z</time></trkpt><trkpt lat="43.39469643" lon="-5.82051229"><ele>222.43</ele><time>2024-09-06T13:12:52Z</time></trkpt><trkpt lat="43.39471157" lon="-5.82051538"><ele>222.34</ele><time>2024-09-06T13:12:53Z</time></trkpt><trkpt lat="43.39472671" lon="-5.82051848"><ele>222.25</ele><time>2024-09-06T13:12:54Z</time></trkpt><trkpt lat="43.39474186" lon="-5.82052157"><ele>222.16</ele><time>2024-09-06T13:12:55Z</time></trkpt><trkpt lat="43.39475700" lon="-5.82052467"><ele>222.07</ele><time>2024-09-06T13:12:56Z</time></trkpt><trkpt lat="43.39477214" lon="-5.82052776"><ele>221.98</ele><time>2024-09-06T13:12:57Z</time></trkpt><trkpt lat="43.39478729" lon="-5.82053086"><ele>221.89</ele><time>2024-09-06T13:12:58Z</time></trkpt><trkpt lat="43.39480243" lon="-5.82053395"><ele>221.80</ele><time>2024-09-06T13:12:59Z</time></trkpt><trkpt lat="43.39481757" lon="-5.82053705"><ele>221.70</ele><time>2024-09-06T13:13:00Z</time></trkpt><trkpt lat="43.39483271" lon="-5.82054014"><ele>221.61</ele><time>2024-09-06T13:13:01Z</time></trkpt><trkpt lat="43.39484786" lon="-5.82054324"><ele>221.52</ele><time>2024-09-06T13:13:02Z</time></trkpt><trkpt lat="43.39486300" lon="-5.82054633"><ele>221.43</ele><time>2024-09-06T13:13:03Z</time></trkpt><trkpt lat="43.39487814" lon="-5.82054943"><ele>221.34</ele><time>2024-09-06T13:13:04Z</time></trkpt><trkpt lat="43.39489329" lon="-5.82055252"><ele>221.25</ele><time>2024-09-06T13:13:05Z</time></trkpt><trkpt lat="43.39490843" lon="-5.82055562"><ele>221.16</ele><time>2024-09-06T13:13:06Z</time></trkpt><trkpt lat="43.39492357" lon="-5.82055871"><ele>221.07</ele><time>2024-09-06T13:13:07Z</time></trkpt><trkpt lat="43.39493871" lon="-5.82056181"><ele>220.98</ele><time>2024-09-06T13:13:08Z</time></trkpt><trkpt lat="43.39495386" lon="-5.82056490"><ele>220.89</ele><time>2024-09-06T13:13:09Z</time></trkpt><trkpt lat="43.39496900" lon="-5.82056800"><ele>220.80</ele><time>2024-09-06T13:13:10Z</time></trkpt><trkpt lat="43.39498533" lon="-5.82056817"><ele>220.72</ele><time>2024-09-06T13:13:11Z</time></trkpt><trkpt lat="43.39500167" lon="-5.82056833"><ele>220.63</ele><time>2024-09-06T13:13:12Z</time></trkpt><trkpt lat="43.39501800" lon="-5.82056850"><ele>220.55</ele><time>2024-09-06T13:13:13Z</time></trkpt><trkpt lat="43.39503433" lon="-5.82056867"><ele>220.47</ele><time>2024-09-06T13:13:14Z</time></trkpt><trkpt lat="43.39505067" lon="-5.82056883"><ele>220.38</ele><time>2024-09-06T13:13:15Z</time></trkpt><trkpt lat="43.39506700" lon="-5.82056900"><ele>220.30</ele><time>2024-09-06T13:13:16Z</time></trkpt><trkpt lat="43.39508340" lon="-5.82056960"><ele>220.30</ele><time>2024-09-06T13:13:17Z</time></trkpt><trkpt lat="43.39509980" lon="-5.82057020"><ele>220.30</ele><time>2024-09-06T13:13:18Z</time></trkpt><trkpt lat="43.39511620" lon="-5.82057080"><ele>220.30</ele><time>2024-09-06T13:13:19Z</time></trkpt><trkpt lat="43.39513260" lon="-5.82057140"><ele>220.30</ele><time>2024-09-06T13:13:20Z</time></trkpt><trkpt lat="43.39514900" lon="-5.82057200"><ele>220.30</ele><time>2024-09-06T13:13:21Z</time></trkpt><trkpt lat="43.39516540" lon="-5.82057260"><ele>220.30</ele><time>2024-09-06T13:13:22Z</time></trkpt><trkpt lat="43.39518180" lon="-5.82057320"><ele>220.30</ele><time>2024-09-06T13:13:23Z</time></trkpt><trkpt lat="43.39519820" lon="-5.82057380"><ele>220.30</ele><time>2024-09-06T13:13:24Z</time></trkpt><trkpt lat="43.39521460" lon="-5.82057440"><ele>220.30</ele><time>2024-09-06T13:13:25Z</time></trkpt><trkpt lat="43.39523100" lon="-5.82057500"><ele>220.30</ele><time>2024-09-06T13:13:26Z</time></trkpt><trkpt lat="43.39524857" lon="-5.82057600"><ele>220.16</ele><time>2024-09-06T13:13:27Z</time></trkpt><trkpt lat="43.39526614" lon="-5.82057700"><ele>220.01</ele><time>2024-09-06T13:13:28Z</time></trkpt><trkpt lat="43.39528371" lon="-5.82057800"><ele>219.87</ele><time>2024-09-06T13:13:29Z</time></trkpt><trkpt lat="43.39530129" lon="-5.82057900"><ele>219.73</ele><time>2024-09-06T13:13:30Z</time></trkpt><trkpt lat="43.39531886" lon="-5.82058000"><ele>219.59</ele><time>2024-09-06T13:13:31Z</time></trkpt><trkpt lat="43.39533643" lon="-5.82058100"><ele>219.44</ele><time>2024-09-06T13:13:32Z</time></trkpt><trkpt lat="43.39535400" lon="-5.82058200"><ele>219.30</ele><time>2024-09-06T13:13:33Z</time></trkpt><trkpt lat="43.39536952" lon="-5.82058287"><ele>219.28</ele><time>2024-09-06T13:13:34Z</time></trkpt><trkpt lat="43.39538504" lon="-5.82058374"><ele>219.26</ele><time>2024-09-06T13:13:35Z</time></trkpt><trkpt lat="43.39540057" lon="-5.82058461"><ele>219.23</ele><time>2024-09-06T13:13:36Z</time></trkpt><trkpt lat="43.39541609" lon="-5.82058548"><ele>219.21</ele><time>2024-09-06T13:13:37Z</time></trkpt><trkpt lat="43.39543161" lon="-5.82058635"><ele>219.19</ele><time>2024-09-06T13:13:38Z</time></trkpt><trkpt lat="43.39544713" lon="-5.82058722"><ele>219.17</ele><time>2024-09-06T13:13:39Z</time></trkpt><trkpt lat="43.39546265" lon="-5.82058809"><ele>219.15</ele><time>2024-09-06T13:13:40Z</time></trkpt><trkpt lat="43.39547817" lon="-5.82058896"><ele>219.13</ele><time>2024-09-06T13:13:41Z</time></trkpt><trkpt lat="43.39549370" lon="-5.82058983"><ele>219.10</ele><time>2024-09-06T13:13:42Z</time></trkpt><trkpt lat="43.39550922" lon="-5.82059070"><ele>219.08</ele><time>2024-09-06T13:13:43Z</time></trkpt><trkpt lat="43.39552474" lon="-5.82059157"><ele>219.06</ele><time>2024-09-06T13:13:44Z</time></trkpt><trkpt lat="43.39554026" lon="-5.82059243"><ele>219.04</ele><time>2024-09-06T13:13:45Z</time></trkpt><trkpt lat="43.39555578" lon="-5.82059330"><ele>219.02</ele><time>2024-09-06T13:13:46Z</time></trkpt><trkpt lat="43.39557130" lon="-5.82059417"><ele>219.00</ele><time>2024-09-06T13:13:47Z</time></trkpt><trkpt lat="43.39558683" lon="-5.82059504"><ele>218.97</ele><time>2024-09-06T13:13:48Z</time></trkpt><trkpt lat="43.39560235" lon="-5.82059591"><ele>218.95</ele><time>2024-09-06T13:13:49Z</time></trkpt><trkpt lat="43.39561787" lon="-5.82059678"><ele>218.93</ele><time>2024-09-06T13:13:50Z</time></trkpt><trkpt lat="43.39563339" lon="-5.82059765"><ele>218.91</ele><time>2024-09-06T13:13:51Z</time></trkpt><trkpt lat="43.39564891" lon="-5.82059852"><ele>218.89</ele><time>2024-09-06T13:13:52Z</time></trkpt><trkpt lat="43.39566443" lon="-5.82059939"><ele>218.87</ele><time>2024-09-06T13:13:53Z</time></trkpt><trkpt lat="43.39567996" lon="-5.82060026"><ele>218.84</ele><time>2024-09-06T13:13:54Z</time></trkpt><trkpt lat="43.39569548" lon="-5.82060113"><ele>218.82</ele><time>2024-09-06T13:13:55Z</time></trkpt><trkpt lat="43.39571100" lon="-5.82060200"><ele>218.80</ele><time>2024-09-06T13:13:56Z</time></trkpt><trkpt lat="43.39572629" lon="-5.82060414"><ele>219.14</ele><time>2024-09-06T13:13:57Z</time></trkpt><trkpt lat="43.39574157" lon="-5.82060629"><ele>219.49</ele><time>2024-09-06T13:13:58Z</time></trkpt><trkpt lat="43.39575686" lon="-5.82060843"><ele>219.83</ele><time>2024-09-06T13:13:59Z</time></trkpt><trkpt lat="43.39577214" lon="-5.82061057"><ele>220.17</ele><time>2024-09-06T13:14:00Z</time></trkpt><trkpt lat="43.39578743" lon="-5.82061271"><ele>220.51</ele><time>2024-09-06T13:14:01Z</time></trkpt><trkpt lat="43.39580271" lon="-5.82061486"><ele>220.86</ele><time>2024-09-06T13:14:02Z</time></trkpt><trkpt lat="43.39581800" lon="-5.82061700"><ele>221.20</ele><time>2024-09-06T13:14:03Z</time></trkpt><trkpt lat="43.39583300" lon="-5.82062100"><ele>220.50</ele><time>2024-09-06T13:14:04Z</time></trkpt><trkpt lat="43.39584800" lon="-5.82062500"><ele>219.80</ele><time>2024-09-06T13:14:05Z</time></trkpt><trkpt lat="43.39586300" lon="-5.82062790"><ele>219.75</ele><time>2024-09-06T13:14:06Z</time></trkpt><trkpt lat="43.39587800" lon="-5.82063080"><ele>219.70</ele><time>2024-09-06T13:14:07Z</time></trkpt><trkpt lat="43.39589300" lon="-5.82063370"><ele>219.65</ele><time>2024-09-06T13:14:08Z</time></trkpt><trkpt lat="43.39590800" lon="-5.82063660"><ele>219.60</ele><time>2024-09-06T13:14:09Z</time></trkpt><trkpt lat="43.39592300" lon="-5.82063950"><ele>219.55</ele><time>2024-09-06T13:14:10Z</time></trkpt><trkpt lat="43.39593800" lon="-5.82064240"><ele>219.50</ele><time>2024-09-06T13:14:11Z</time></trkpt><trkpt lat="43.39595300" lon="-5.82064530"><ele>219.45</ele><time>2024-09-06T13:14:12Z</time></trkpt><trkpt lat="43.39596800" lon="-5.82064820"><ele>219.40</ele><time>2024-09-06T13:14:13Z</time></trkpt><trkpt lat="43.39598300" lon="-5.82065110"><ele>219.35</ele><time>2024-09-06T13:14:14Z</time></trkpt><trkpt lat="43.39599800" lon="-5.82065400"><ele>219.30</ele><time>2024-09-06T13:14:15Z</time></trkpt><trkpt lat="43.39601450" lon="-5.82065450"><ele>217.60</ele><time>2024-09-06T13:14:16Z</time></trkpt><trkpt lat="43.39603100" lon="-5.82065500"><ele>215.90</ele><time>2024-09-06T13:14:17Z</time></trkpt><trkpt lat="43.39604650" lon="-5.82065500"><ele>217.85</ele><time>2024-09-06T13:14:18Z</time></trkpt><trkpt lat="43.39606200" lon="-5.82065500"><ele>219.80</ele><time>2024-09-06T13:14:19Z</time></trkpt><trkpt lat="43.39607843" lon="-5.82065643"><ele>219.70</ele><time>2024-09-06T13:14:20Z</time></trkpt><trkpt lat="43.39609486" lon="-5.82065786"><ele>219.60</ele><time>2024-09-06T13:14:21Z</time></trkpt><trkpt lat="43.39611129" lon="-5.82065929"><ele>219.50</ele><time>2024-09-06T13:14:22Z</time></trkpt><trkpt lat="43.39612771" lon="-5.82066071"><ele>219.40</ele><time>2024-09-06T13:14:23Z</time></trkpt><trkpt lat="43.39614414" lon="-5.82066214"><ele>219.30</ele><time>2024-09-06T13:14:24Z</time></trkpt><trkpt lat="43.39616057" lon="-5.82066357"><ele>219.20</ele><time>2024-09-06T13:14:25Z</time></trkpt><trkpt lat="43.39617700" lon="-5.82066500"><ele>219.10</ele><time>2024-09-06T13:14:26Z</time></trkpt><trkpt lat="43.39619343" lon="-5.82066643"><ele>219.00</ele><time>2024-09-06T13:14:27Z</time></trkpt><trkpt lat="43.39620986" lon="-5.82066786"><ele>218.90</ele><time>2024-09-06T13:14:28Z</time></trkpt><trkpt lat="43.39622629" lon="-5.82066929"><ele>218.80</ele><time>2024-09-06T13:14:29Z</time></trkpt><trkpt lat="43.39624271" lon="-5.82067071"><ele>218.70</ele><time>2024-09-06T13:14:30Z</time></trkpt><trkpt lat="43.39625914" lon="-5.82067214"><ele>218.60</ele><time>2024-09-06T13:14:31Z</time></trkpt><trkpt lat="43.39627557" lon="-5.82067357"><ele>218.50</ele><time>2024-09-06T13:14:32Z</time></trkpt><trkpt lat="43.39629200" lon="-5.82067500"><ele>218.40</ele><time>2024-09-06T13:14:33Z</time></trkpt><trkpt lat="43.39630606" lon="-5.82067550"><ele>218.43</ele><time>2024-09-06T13:14:34Z</time></trkpt><trkpt lat="43.39632013" lon="-5.82067600"><ele>218.45</ele><time>2024-09-06T13:14:35Z</time></trkpt><trkpt lat="43.39633419" lon="-5.82067650"><ele>218.47</ele><time>2024-09-06T13:14:36Z</time></trkpt><trkpt lat="43.39634825" lon="-5.82067700"><ele>218.50</ele><time>2024-09-06T13:14:37Z</time></trkpt><trkpt lat="43.39636231" lon="-5.82067750"><ele>218.53</ele><time>2024-09-06T13:14:38Z</time></trkpt><trkpt lat="43.39637638" lon="-5.82067800"><ele>218.55</ele><time>2024-09-06T13:14:39Z</time></trkpt><trkpt lat="43.39639044" lon="-5.82067850"><ele>218.58</ele><time>2024-09-06T13:14:40Z</time></trkpt><trkpt lat="43.39640450" lon="-5.82067900"><ele>218.60</ele><time>2024-09-06T13:14:41Z</time></trkpt><trkpt lat="43.39641856" lon="-5.82067950"><ele>218.62</ele><time>2024-09-06T13:14:42Z</time></trkpt><trkpt lat="43.39643263" lon="-5.82068000"><ele>218.65</ele><time>2024-09-06T13:14:43Z</time></trkpt><trkpt lat="43.39644669" lon="-5.82068050"><ele>218.68</ele><time>2024-09-06T13:14:44Z</time></trkpt><trkpt lat="43.39646075" lon="-5.82068100"><ele>218.70</ele><time>2024-09-06T13:14:45Z</time></trkpt><trkpt lat="43.39647481" lon="-5.82068150"><ele>218.73</ele><time>2024-09-06T13:14:46Z</time></trkpt><trkpt lat="43.39648888" lon="-5.82068200"><ele>218.75</ele><time>2024-09-06T13:14:47Z</time></trkpt><trkpt lat="43.39650294" lon="-5.82068250"><ele>218.78</ele><time>2024-09-06T13:14:48Z</time></trkpt><trkpt lat="43.39651700" lon="-5.82068300"><ele>218.80</ele><time>2024-09-06T13:14:49Z</time></trkpt><trkpt lat="43.39653278" lon="-5.82068589"><ele>218.86</ele><time>2024-09-06T13:14:50Z</time></trkpt><trkpt lat="43.39654856" lon="-5.82068878"><ele>218.91</ele><time>2024-09-06T13:14:51Z</time></trkpt><trkpt lat="43.39656433" lon="-5.82069167"><ele>218.97</ele><time>2024-09-06T13:14:52Z</time></trkpt><trkpt lat="43.39658011" lon="-5.82069456"><ele>219.02</ele><time>2024-09-06T13:14:53Z</time></trkpt><trkpt lat="43.39659589" lon="-5.82069744"><ele>219.08</ele><time>2024-09-06T13:14:54Z</time></trkpt><trkpt lat="43.39661167" lon="-5.82070033"><ele>219.13</ele><time>2024-09-06T13:14:55Z</time></trkpt><trkpt lat="43.39662744" lon="-5.82070322"><ele>219.19</ele><time>2024-09-06T13:14:56Z</time></trkpt><trkpt lat="43.39664322" lon="-5.82070611"><ele>219.24</ele><time>2024-09-06T13:14:57Z</time></trkpt><trkpt lat="43.39665900" lon="-5.82070900"><ele>219.30</ele><time>2024-09-06T13:14:58Z</time></trkpt><trkpt lat="43.39667467" lon="-5.82071267"><ele>218.83</ele><time>2024-09-06T13:14:59Z</time></trkpt><trkpt lat="43.39669033" lon="-5.82071633"><ele>218.37</ele><time>2024-09-06T13:15:00Z</time></trkpt><trkpt lat="43.39670600" lon="-5.82072000"><ele>217.90</ele><time>2024-09-06T13:15:01Z</time></trkpt><trkpt lat="43.39672157" lon="-5.82072171"><ele>218.10</ele><time>2024-09-06T13:15:02Z</time></trkpt><trkpt lat="43.39673714" lon="-5.82072343"><ele>218.30</ele><time>2024-09-06T13:15:03Z</time></trkpt><trkpt lat="43.39675271" lon="-5.82072514"><ele>218.50</ele><time>2024-09-06T13:15:04Z</time></trkpt><trkpt lat="43.39676829" lon="-5.82072686"><ele>218.70</ele><time>2024-09-06T13:15:05Z</time></trkpt><trkpt lat="43.39678386" lon="-5.82072857"><ele>218.90</ele><time>2024-09-06T13:15:06Z</time></trkpt><trkpt lat="43.39679943" lon="-5.82073029"><ele>219.10</ele><time>2024-09-06T13:15:07Z</time></trkpt><trkpt lat="43.39681500" lon="-5.82073200"><ele>219.30</ele><time>2024-09-06T13:15:08Z</time></trkpt><trkpt lat="43.39683133" lon="-5.82073467"><ele>219.11</ele><time>2024-09-06T13:15:09Z</time></trkpt><trkpt lat="43.39684767" lon="-5.82073733"><ele>218.92</ele><time>2024-09-06T13:15:10Z</time></trkpt><trkpt lat="43.39686400" lon="-5.82074000"><ele>218.73</ele><time>2024-09-06T13:15:11Z</time></trkpt><trkpt lat="43.39688033" lon="-5.82074267"><ele>218.54</ele><time>2024-09-06T13:15:12Z</time></trkpt><trkpt lat="43.39689667" lon="-5.82074533"><ele>218.36</ele><time>2024-09-06T13:15:13Z</time></trkpt><trkpt lat="43.39691300" lon="-5.82074800"><ele>218.17</ele><time>2024-09-06T13:15:14Z</time></trkpt><trkpt lat="43.39692933" lon="-5.82075067"><ele>217.98</ele><time>2024-09-06T13:15:15Z</time></trkpt><trkpt lat="43.39694567" lon="-5.82075333"><ele>217.79</ele><time>2024-09-06T13:15:16Z</time></trkpt><trkpt lat="43.39696200" lon="-5.82075600"><ele>217.60</ele><time>2024-09-06T13:15:17Z</time></trkpt><trkpt lat="43.39697833" lon="-5.82075867"><ele>217.41</ele><time>2024-09-06T13:15:18Z</time></trkpt><trkpt lat="43.39699467" lon="-5.82076133"><ele>217.22</ele><time>2024-09-06T13:15:19Z</time></trkpt><trkpt lat="43.39701100" lon="-5.82076400"><ele>217.03</ele><time>2024-09-06T13:15:20Z</time></trkpt><trkpt lat="43.39702733" lon="-5.82076667"><ele>216.84</ele><time>2024-09-06T13:15:21Z</time></trkpt><trkpt lat="43.39704367" lon="-5.82076933"><ele>216.66</ele><time>2024-09-06T13:15:22Z</time></trkpt><trkpt lat="43.39706000" lon="-5.82077200"><ele>216.47</ele><time>2024-09-06T13:15:23Z</time></trkpt><trkpt lat="43.39707633" lon="-5.82077467"><ele>216.28</ele><time>2024-09-06T13:15:24Z</time></trkpt><trkpt lat="43.39709267" lon="-5.82077733"><ele>216.09</ele><time>2024-09-06T13:15:25Z</time></trkpt><trkpt lat="43.39710900" lon="-5.82078000"><ele>215.90</ele><time>2024-09-06T13:15:26Z</time></trkpt><trkpt lat="43.39712544" lon="-5.82077822"><ele>216.07</ele><time>2024-09-06T13:15:27Z</time></trkpt><trkpt lat="43.39714189" lon="-5.82077644"><ele>216.23</ele><time>2024-09-06T13:15:28Z</time></trkpt><trkpt lat="43.39715833" lon="-5.82077467"><ele>216.40</ele><time>2024-09-06T13:15:29Z</time></trkpt><trkpt lat="43.39717478" lon="-5.82077289"><ele>216.57</ele><time>2024-09-06T13:15:30Z</time></trkpt><trkpt lat="43.39719122" lon="-5.82077111"><ele>216.73</ele><time>2024-09-06T13:15:31Z</time></trkpt><trkpt lat="43.39720767" lon="-5.82076933"><ele>216.90</ele><time>2024-09-06T13:15:32Z</time></trkpt><trkpt lat="43.39722411" lon="-5.82076756"><ele>217.07</ele><time>2024-09-06T13:15:33Z</time></trkpt><trkpt lat="43.39724056" lon="-5.82076578"><ele>217.23</ele><time>2024-09-06T13:15:34Z</time></trkpt><trkpt lat="43.39725700" lon="-5.82076400"><ele>217.40</ele><time>2024-09-06T13:15:35Z</time></trkpt><trkpt lat="43.39727288" lon="-5.82076659"><ele>217.37</ele><time>2024-09-06T13:15:36Z</time></trkpt><trkpt lat="43.39728876" lon="-5.82076918"><ele>217.34</ele><time>2024-09-06T13:15:37Z</time></trkpt><trkpt lat="43.39730465" lon="-5.82077176"><ele>217.31</ele><time>2024-09-06T13:15:38Z</time></trkpt><trkpt lat="43.39732053" lon="-5.82077435"><ele>217.28</ele><time>2024-09-06T13:15:39Z</time></trkpt><trkpt lat="43.39733641" lon="-5.82077694"><ele>217.25</ele><time>2024-09-06T13:15:40Z</time></trkpt><trkpt lat="43.39735229" lon="-5.82077953"><ele>217.22</ele><time>2024-09-06T13:15:41Z</time></trkpt><trkpt lat="43.39736818" lon="-5.82078212"><ele>217.19</ele><time>2024-09-06T13:15:42Z</time></trkpt><trkpt lat="43.39738406" lon="-5.82078471"><ele>217.16</ele><time>2024-09-06T13:15:43Z</time></trkpt><trkpt lat="43.39739994" lon="-5.82078729"><ele>217.14</ele><time>2024-09-06T13:15:44Z</time></trkpt><trkpt lat="43.39741582" lon="-5.82078988"><ele>217.11</ele><time>2024-09-06T13:15:45Z</time></trkpt><trkpt lat="43.39743171" lon="-5.82079247"><ele>217.08</ele><time>2024-09-06T13:15:46Z</time></trkpt><trkpt lat="43.39744759" lon="-5.82079506"><ele>217.05</ele><time>2024-09-06T13:15:47Z</time></trkpt><trkpt lat="43.39746347" lon="-5.82079765"><ele>217.02</ele><time>2024-09-06T13:15:48Z</time></trkpt><trkpt lat="43.39747935" lon="-5.82080024"><ele>216.99</ele><time>2024-09-06T13:15:49Z</time></trkpt><trkpt lat="43.39749524" lon="-5.82080282"><ele>216.96</ele><time>2024-09-06T13:15:50Z</time></trkpt><trkpt lat="43.39751112" lon="-5.82080541"><ele>216.93</ele><time>2024-09-06T13:15:51Z</time></trkpt><trkpt lat="43.39752700" lon="-5.82080800"><ele>216.90</ele><time>2024-09-06T13:15:52Z</time></trkpt><trkpt lat="43.39754090" lon="-5.82081600"><ele>216.90</ele><time>2024-09-06T13:15:53Z</time></trkpt><trkpt lat="43.39755480" lon="-5.82082400"><ele>216.90</ele><time>2024-09-06T13:15:54Z</time></trkpt><trkpt lat="43.39756870" lon="-5.82083200"><ele>216.90</ele><time>2024-09-06T13:15:55Z</time></trkpt><trkpt lat="43.39758260" lon="-5.82084000"><ele>216.90</ele><time>2024-09-06T13:15:56Z</time></trkpt><trkpt lat="43.39759650" lon="-5.82084800"><ele>216.90</ele><time>2024-09-06T13:15:57Z</time></trkpt><trkpt lat="43.39761040" lon="-5.82085600"><ele>216.90</ele><time>2024-09-06T13:15:58Z</time></trkpt><trkpt lat="43.39762430" lon="-5.82086400"><ele>216.90</ele><time>2024-09-06T13:15:59Z</time></trkpt><trkpt lat="43.39763820" lon="-5.82087200"><ele>216.90</ele><time>2024-09-06T13:16:00Z</time></trkpt><trkpt lat="43.39765210" lon="-5.82088000"><ele>216.90</ele><time>2024-09-06T13:16:01Z</time></trkpt><trkpt lat="43.39766600" lon="-5.82088800"><ele>216.90</ele><time>2024-09-06T13:16:02Z</time></trkpt><trkpt lat="43.39767525" lon="-5.82090338"><ele>216.84</ele><time>2024-09-06T13:16:03Z</time></trkpt><trkpt lat="43.39768450" lon="-5.82091875"><ele>216.78</ele><time>2024-09-06T13:16:04Z</time></trkpt><trkpt lat="43.39769375" lon="-5.82093412"><ele>216.71</ele><time>2024-09-06T13:16:05Z</time></trkpt><trkpt lat="43.39770300" lon="-5.82094950"><ele>216.65</ele><time>2024-09-06T13:16:06Z</time></trkpt><trkpt lat="43.39771225" lon="-5.82096487"><ele>216.59</ele><time>2024-09-06T13:16:07Z</time></trkpt><trkpt lat="43.39772150" lon="-5.82098025"><ele>216.53</ele><time>2024-09-06T13:16:08Z</time></trkpt><trkpt lat="43.39773075" lon="-5.82099563"><ele>216.46</ele><time>2024-09-06T13:16:09Z</time></trkpt><trkpt lat="43.39774000" lon="-5.82101100"><ele>216.40</ele><time>2024-09-06T13:16:10Z</time></trkpt><trkpt lat="43.39774925" lon="-5.82102637"><ele>216.34</ele><time>2024-09-06T13:16:11Z</time></trkpt><trkpt lat="43.39775850" lon="-5.82104175"><ele>216.28</ele><time>2024-09-06T13:16:12Z</time></trkpt><trkpt lat="43.39776775" lon="-5.82105713"><ele>216.21</ele><time>2024-09-06T13:16:13Z</time></trkpt><trkpt lat="43.39777700" lon="-5.82107250"><ele>216.15</ele><time>2024-09-06T13:16:14Z</time></trkpt><trkpt lat="43.39778625" lon="-5.82108787"><ele>216.09</ele><time>2024-09-06T13:16:15Z</time></trkpt><trkpt lat="43.39779550" lon="-5.82110325"><ele>216.03</ele><time>2024-09-06T13:16:16Z</time></trkpt><trkpt lat="43.39780475" lon="-5.82111862"><ele>215.96</ele><time>2024-09-06T13:16:17Z</time></trkpt><trkpt lat="43.39781400" lon="-5.82113400"><ele>215.90</ele><time>2024-09-06T13:16:18Z</time></trkpt><trkpt lat="43.39781767" lon="-5.82114633"><ele>216.57</ele><time>2024-09-06T13:16:19Z</time></trkpt><trkpt lat="43.39782133" lon="-5.82115867"><ele>217.23</ele><time>2024-09-06T13:16:20Z</time></trkpt><trkpt lat="43.39782500" lon="-5.82117100"><ele>217.90</ele><time>2024-09-06T13:16:21Z</time></trkpt><trkpt lat="43.39782657" lon="-5.82118071"><ele>217.83</ele><time>2024-09-06T13:16:22Z</time></trkpt><trkpt lat="43.39782814" lon="-5.82119043"><ele>217.76</ele><time>2024-09-06T13:16:23Z</time></trkpt><trkpt lat="43.39782971" lon="-5.82120014"><ele>217.69</ele><time>2024-09-06T13:16:24Z</time></trkpt><trkpt lat="43.39783129" lon="-5.82120986"><ele>217.61</ele><time>2024-09-06T13:16:25Z</time></trkpt><trkpt lat="43.39783286" lon="-5.82121957"><ele>217.54</ele><time>2024-09-06T13:16:26Z</time></trkpt><trkpt lat="43.39783443" lon="-5.82122929"><ele>217.47</ele><time>2024-09-06T13:16:27Z</time></trkpt><trkpt lat="43.39783600" lon="-5.82123900"><ele>217.40</ele><time>2024-09-06T13:16:28Z</time></trkpt><trkpt lat="43.39784360" lon="-5.82128300"><ele>217.30</ele><time>2024-09-06T13:16:29Z</time></trkpt><trkpt lat="43.39785120" lon="-5.82132700"><ele>217.20</ele><time>2024-09-06T13:16:30Z</time></trkpt><trkpt lat="43.39785880" lon="-5.82137100"><ele>217.10</ele><time>2024-09-06T13:16:31Z</time></trkpt><trkpt lat="43.39786640" lon="-5.82141500"><ele>217.00</ele><time>2024-09-06T13:16:32Z</time></trkpt><trkpt lat="43.39787400" lon="-5.82145900"><ele>216.90</ele><time>2024-09-06T13:16:33Z</time></trkpt><trkpt lat="43.39789200" lon="-5.82149500"><ele>218.40</ele><time>2024-09-06T13:16:34Z</time></trkpt><trkpt lat="43.39792900" lon="-5.82149100"><ele>216.95</ele><time>2024-09-06T13:16:35Z</time></trkpt><trkpt lat="43.39796600" lon="-5.82148700"><ele>215.50</ele><time>2024-09-06T13:16:36Z</time></trkpt><trkpt lat="43.39798562" lon="-5.82149081"><ele>215.44</ele><time>2024-09-06T13:16:37Z</time></trkpt><trkpt lat="43.39800525" lon="-5.82149463"><ele>215.38</ele><time>2024-09-06T13:16:38Z</time></trkpt><trkpt lat="43.39802487" lon="-5.82149844"><ele>215.31</ele><time>2024-09-06T13:16:39Z</time></trkpt><trkpt lat="43.39804450" lon="-5.82150225"><ele>215.25</ele><time>2024-09-06T13:16:40Z</time></trkpt><trkpt lat="43.39806412" lon="-5.82150606"><ele>215.19</ele><time>2024-09-06T13:16:41Z</time></trkpt><trkpt lat="43.39808375" lon="-5.82150988"><ele>215.12</ele><time>2024-09-06T13:16:42Z</time></trkpt><trkpt lat="43.39810337" lon="-5.82151369"><ele>215.06</ele><time>2024-09-06T13:16:43Z</time></trkpt><trkpt lat="43.39812300" lon="-5.82151750"><ele>215.00</ele><time>2024-09-06T13:16:44Z</time></trkpt><trkpt lat="43.39814262" lon="-5.82152131"><ele>214.94</ele><time>2024-09-06T13:16:45Z</time></trkpt><trkpt lat="43.39816225" lon="-5.82152512"><ele>214.88</ele><time>2024-09-06T13:16:46Z</time></trkpt><trkpt lat="43.39818187" lon="-5.82152894"><ele>214.81</ele><time>2024-09-06T13:16:47Z</time></trkpt><trkpt lat="43.39820150" lon="-5.82153275"><ele>214.75</ele><time>2024-09-06T13:16:48Z</time></trkpt><trkpt lat="43.39822112" lon="-5.82153656"><ele>214.69</ele><time>2024-09-06T13:16:49Z</time></trkpt><trkpt lat="43.39824075" lon="-5.82154037"><ele>214.62</ele><time>2024-09-06T13:16:50Z</time></trkpt><trkpt lat="43.39826037" lon="-5.82154419"><ele>214.56</ele><time>2024-09-06T13:16:51Z</time></trkpt><trkpt lat="43.39828000" lon="-5.82154800"><ele>214.50</ele><time>2024-09-06T13:16:52Z</time></trkpt><trkpt lat="43.39829360" lon="-5.82154830"><ele>214.47</ele><time>2024-09-06T13:16:53Z</time></trkpt><trkpt lat="43.39830720" lon="-5.82154860"><ele>214.45</ele><time>2024-09-06T13:16:54Z</time></trkpt><trkpt lat="43.39832080" lon="-5.82154890"><ele>214.43</ele><time>2024-09-06T13:16:55Z</time></trkpt><trkpt lat="43.39833440" lon="-5.82154920"><ele>214.40</ele><time>2024-09-06T13:16:56Z</time></trkpt><trkpt lat="43.39834800" lon="-5.82154950"><ele>214.38</ele><time>2024-09-06T13:16:57Z</time></trkpt><trkpt lat="43.39836160" lon="-5.82154980"><ele>214.35</ele><time>2024-09-06T13:16:58Z</time></trkpt><trkpt lat="43.39837520" lon="-5.82155010"><ele>214.32</ele><time>2024-09-06T13:16:59Z</time></trkpt><trkpt lat="43.39838880" lon="-5.82155040"><ele>214.30</ele><time>2024-09-06T13:17:00Z</time></trkpt><trkpt lat="43.39840240" lon="-5.82155070"><ele>214.28</ele><time>2024-09-06T13:17:01Z</time></trkpt><trkpt lat="43.39841600" lon="-5.82155100"><ele>214.25</ele><time>2024-09-06T13:17:02Z</time></trkpt><trkpt lat="43.39842960" lon="-5.82155130"><ele>214.22</ele><time>2024-09-06T13:17:03Z</time></trkpt><trkpt lat="43.39844320" lon="-5.82155160"><ele>214.20</ele><time>2024-09-06T13:17:04Z</time></trkpt><trkpt lat="43.39845680" lon="-5.82155190"><ele>214.18</ele><time>2024-09-06T13:17:05Z</time></trkpt><trkpt lat="43.39847040" lon="-5.82155220"><ele>214.15</ele><time>2024-09-06T13:17:06Z</time></trkpt><trkpt lat="43.39848400" lon="-5.82155250"><ele>214.12</ele><time>2024-09-06T13:17:07Z</time></trkpt><trkpt lat="43.39849760" lon="-5.82155280"><ele>214.10</ele><time>2024-09-06T13:17:08Z</time></trkpt><trkpt lat="43.39851120" lon="-5.82155310"><ele>214.07</ele><time>2024-09-06T13:17:09Z</time></trkpt><trkpt lat="43.39852480" lon="-5.82155340"><ele>214.05</ele><time>2024-09-06T13:17:10Z</time></trkpt><trkpt lat="43.39853840" lon="-5.82155370"><ele>214.03</ele><time>2024-09-06T13:17:11Z</time></trkpt><trkpt lat="43.39855200" lon="-5.82155400"><ele>214.00</ele><time>2024-09-06T13:17:12Z</time></trkpt><trkpt lat="43.39855950" lon="-5.82154900"><ele>215.45</ele><time>2024-09-06T13:17:13Z</time></trkpt><trkpt lat="43.39856700" lon="-5.82154400"><ele>216.90</ele><time>2024-09-06T13:17:14Z</time></trkpt><trkpt lat="43.39857450" lon="-5.82153850"><ele>215.25</ele><time>2024-09-06T13:17:15Z</time></trkpt><trkpt lat="43.39858200" lon="-5.82153300"><ele>213.60</ele><time>2024-09-06T13:17:16Z</time></trkpt><trkpt lat="43.39858892" lon="-5.82152850"><ele>213.64</ele><time>2024-09-06T13:17:17Z</time></trkpt><trkpt lat="43.39859583" lon="-5.82152400"><ele>213.67</ele><time>2024-09-06T13:17:18Z</time></trkpt><trkpt lat="43.39860275" lon="-5.82151950"><ele>213.71</ele><time>2024-09-06T13:17:19Z</time></trkpt><trkpt lat="43.39860967" lon="-5.82151500"><ele>213.75</ele><time>2024-09-06T13:17:20Z</time></trkpt><trkpt lat="43.39861658" lon="-5.82151050"><ele>213.79</ele><time>2024-09-06T13:17:21Z</time></trkpt><trkpt lat="43.39862350" lon="-5.82150600"><ele>213.82</ele><time>2024-09-06T13:17:22Z</time></trkpt><trkpt lat="43.39863042" lon="-5.82150150"><ele>213.86</ele><time>2024-09-06T13:17:23Z</time></trkpt><trkpt lat="43.39863733" lon="-5.82149700"><ele>213.90</ele><time>2024-09-06T13:17:24Z</time></trkpt><trkpt lat="43.39864425" lon="-5.82149250"><ele>213.94</ele><time>2024-09-06T13:17:25Z</time></trkpt><trkpt lat="43.39865117" lon="-5.82148800"><ele>213.97</ele><time>2024-09-06T13:17:26Z</time></trkpt><trkpt lat="43.39865808" lon="-5.82148350"><ele>214.01</ele><time>2024-09-06T13:17:27Z</time></trkpt><trkpt lat="43.39866500" lon="-5.82147900"><ele>214.05</ele><time>2024-09-06T13:17:28Z</time></trkpt><trkpt lat="43.39867192" lon="-5.82147450"><ele>214.09</ele><time>2024-09-06T13:17:29Z</time></trkpt><trkpt lat="43.39867883" lon="-5.82147000"><ele>214.12</ele><time>2024-09-06T13:17:30Z</time></trkpt><trkpt lat="43.39868575" lon="-5.82146550"><ele>214.16</ele><time>2024-09-06T13:17:31Z</time></trkpt><trkpt lat="43.39869267" lon="-5.82146100"><ele>214.20</ele><time>2024-09-06T13:17:32Z</time></trkpt><trkpt lat="43.39869958" lon="-5.82145650"><ele>214.24</ele><time>2024-09-06T13:17:33Z</time></trkpt><trkpt lat="43.39870650" lon="-5.82145200"><ele>214.28</ele><time>2024-09-06T13:17:34Z</time></trkpt><trkpt lat="43.39871342" lon="-5.82144750"><ele>214.31</ele><time>2024-09-06T13:17:35Z</time></trkpt><trkpt lat="43.39872033" lon="-5.82144300"><ele>214.35</ele><time>2024-09-06T13:17:36Z</time></trkpt><trkpt lat="43.39872725" lon="-5.82143850"><ele>214.39</ele><time>2024-09-06T13:17:37Z</time></trkpt><trkpt lat="43.39873417" lon="-5.82143400"><ele>214.43</ele><time>2024-09-06T13:17:38Z</time></trkpt><trkpt lat="43.39874108" lon="-5.82142950"><ele>214.46</ele><time>2024-09-06T13:17:39Z</time></trkpt><trkpt lat="43.39874800" lon="-5.82142500"><ele>214.50</ele><time>2024-09-06T13:17:40Z</time></trkpt><trkpt lat="43.39874876" lon="-5.82143190"><ele>214.52</ele><time>2024-09-06T13:17:41Z</time></trkpt><trkpt lat="43.39874952" lon="-5.82143881"><ele>214.55</ele><time>2024-09-06T13:17:42Z</time></trkpt><trkpt lat="43.39875029" lon="-5.82144571"><ele>214.57</ele><time>2024-09-06T13:17:43Z</time></trkpt><trkpt lat="43.39875105" lon="-5.82145262"><ele>214.60</ele><time>2024-09-06T13:17:44Z</time></trkpt><trkpt lat="43.39875181" lon="-5.82145952"><ele>214.62</ele><time>2024-09-06T13:17:45Z</time></trkpt><trkpt lat="43.39875257" lon="-5.82146643"><ele>214.64</ele><time>2024-09-06T13:17:46Z</time></trkpt><trkpt lat="43.39875333" lon="-5.82147333"><ele>214.67</ele><time>2024-09-06T13:17:47Z</time></trkpt><trkpt lat="43.39875410" lon="-5.82148024"><ele>214.69</ele><time>2024-09-06T13:17:48Z</time></trkpt><trkpt lat="43.39875486" lon="-5.82148714"><ele>214.71</ele><time>2024-09-06T13:17:49Z</time></trkpt><trkpt lat="43.39875562" lon="-5.82149405"><ele>214.74</ele><time>2024-09-06T13:17:50Z</time></trkpt><trkpt lat="43.39875638" lon="-5.82150095"><ele>214.76</ele><time>2024-09-06T13:17:51Z</time></trkpt><trkpt lat="43.39875714" lon="-5.82150786"><ele>214.79</ele><time>2024-09-06T13:17:52Z</time></trkpt><trkpt lat="43.39875790" lon="-5.82151476"><ele>214.81</ele><time>2024-09-06T13:17:53Z</time></trkpt><trkpt lat="43.39875867" lon="-5.82152167"><ele>214.83</ele><time>2024-09-06T13:17:54Z</time></trkpt><trkpt lat="43.39875943" lon="-5.82152857"><ele>214.86</ele><time>2024-09-06T13:17:55Z</time></trkpt><trkpt lat="43.39876019" lon="-5.82153548"><ele>214.88</ele><time>2024-09-06T13:17:56Z</time></trkpt><trkpt lat="43.39876095" lon="-5.82154238"><ele>214.90</ele><time>2024-09-06T13:17:57Z</time></trkpt><trkpt lat="43.39876171" lon="-5.82154929"><ele>214.93</ele><time>2024-09-06T13:17:58Z</time></trkpt><trkpt lat="43.39876248" lon="-5.82155619"><ele>214.95</ele><time>2024-09-06T13:17:59Z</time></trkpt><trkpt lat="43.39876324" lon="-5.82156310"><ele>214.98</ele><time>2024-09-06T13:18:00Z</time></trkpt><trkpt lat="43.39876400" lon="-5.82157000"><ele>215.00</ele><time>2024-09-06T13:18:01Z</time></trkpt><trkpt lat="43.39876200" lon="-5.82156200"><ele>214.50</ele><time>2024-09-06T13:18:02Z</time></trkpt><trkpt lat="43.39876000" lon="-5.82155400"><ele>214.00</ele><time>2024-09-06T13:18:03Z</time></trkpt><trkpt lat="43.39877575" lon="-5.82156725"><ele>214.12</ele><time>2024-09-06T13:18:04Z</time></trkpt><trkpt lat="43.39879150" lon="-5.82158050"><ele>214.25</ele><time>2024-09-06T13:18:05Z</time></trkpt><trkpt lat="43.39880725" lon="-5.82159375"><ele>214.38</ele><time>2024-09-06T13:18:06Z</time></trkpt><trkpt lat="43.39882300" lon="-5.82160700"><ele>214.50</ele><time>2024-09-06T13:18:07Z</time></trkpt><trkpt lat="43.39883875" lon="-5.82162025"><ele>214.62</ele><time>2024-09-06T13:18:08Z</time></trkpt><trkpt lat="43.39885450" lon="-5.82163350"><ele>214.75</ele><time>2024-09-06T13:18:09Z</time></trkpt><trkpt lat="43.39887025" lon="-5.82164675"><ele>214.88</ele><time>2024-09-06T13:18:10Z</time></trkpt><trkpt lat="43.39888600" lon="-5.82166000"><ele>215.00</ele><time>2024-09-06T13:18:11Z</time></trkpt><trkpt lat="43.39890175" lon="-5.82167325"><ele>215.12</ele><time>2024-09-06T13:18:12Z</time></trkpt><trkpt lat="43.39891750" lon="-5.82168650"><ele>215.25</ele><time>2024-09-06T13:18:13Z</time></trkpt><trkpt lat="43.39893325" lon="-5.82169975"><ele>215.38</ele><time>2024-09-06T13:18:14Z</time></trkpt><trkpt lat="43.39894900" lon="-5.82171300"><ele>215.50</ele><time>2024-09-06T13:18:15Z</time></trkpt><trkpt lat="43.39896421" lon="-5.82171147"><ele>215.40</ele><time>2024-09-06T13:18:16Z</time></trkpt><trkpt lat="43.39897942" lon="-5.82170995"><ele>215.30</ele><time>2024-09-06T13:18:17Z</time></trkpt><trkpt lat="43.39899463" lon="-5.82170842"><ele>215.20</ele><time>2024-09-06T13:18:18Z</time></trkpt><trkpt lat="43.39900984" lon="-5.82170689"><ele>215.10</ele><time>2024-09-06T13:18:19Z</time></trkpt><trkpt lat="43.39902505" lon="-5.82170537"><ele>215.00</ele><time>2024-09-06T13:18:20Z</time></trkpt><trkpt lat="43.39904026" lon="-5.82170384"><ele>214.90</ele><time>2024-09-06T13:18:21Z</time></trkpt><trkpt lat="43.39905547" lon="-5.82170232"><ele>214.80</ele><time>2024-09-06T13:18:22Z</time></trkpt><trkpt lat="43.39907068" lon="-5.82170079"><ele>214.70</ele><time>2024-09-06T13:18:23Z</time></trkpt><trkpt lat="43.39908589" lon="-5.82169926"><ele>214.60</ele><time>2024-09-06T13:18:24Z</time></trkpt><trkpt lat="43.39910111" lon="-5.82169774"><ele>214.50</ele><time>2024-09-06T13:18:25Z</time></trkpt><trkpt lat="43.39911632" lon="-5.82169621"><ele>214.40</ele><time>2024-09-06T13:18:26Z</time></trkpt><trkpt lat="43.39913153" lon="-5.82169468"><ele>214.30</ele><time>2024-09-06T13:18:27Z</time></trkpt><trkpt lat="43.39914674" lon="-5.82169316"><ele>214.20</ele><time>2024-09-06T13:18:28Z</time></trkpt><trkpt lat="43.39916195" lon="-5.82169163"><ele>214.10</ele><time>2024-09-06T13:18:29Z</time></trkpt><trkpt lat="43.39917716" lon="-5.82169011"><ele>214.00</ele><time>2024-09-06T13:18:30Z</time></trkpt><trkpt lat="43.39919237" lon="-5.82168858"><ele>213.90</ele><time>2024-09-06T13:18:31Z</time></trkpt><trkpt lat="43.39920758" lon="-5.82168705"><ele>213.80</ele><time>2024-09-06T13:18:32Z</time></trkpt><trkpt lat="43.39922279" lon="-5.82168553"><ele>213.70</ele><time>2024-09-06T13:18:33Z</time></trkpt><trkpt lat="43.39923800" lon="-5.82168400"><ele>213.60</ele><time>2024-09-06T13:18:34Z</time></trkpt><trkpt lat="43.39925287" lon="-5.82168513"><ele>213.71</ele><time>2024-09-06T13:18:35Z</time></trkpt><trkpt lat="43.39926775" lon="-5.82168625"><ele>213.82</ele><time>2024-09-06T13:18:36Z</time></trkpt><trkpt lat="43.39928262" lon="-5.82168737"><ele>213.94</ele><time>2024-09-06T13:18:37Z</time></trkpt><trkpt lat="43.39929750" lon="-5.82168850"><ele>214.05</ele><time>2024-09-06T13:18:38Z</time></trkpt><trkpt lat="43.39931238" lon="-5.82168963"><ele>214.16</ele><time>2024-09-06T13:18:39Z</time></trkpt><trkpt lat="43.39932725" lon="-5.82169075"><ele>214.28</ele><time>2024-09-06T13:18:40Z</time></trkpt><trkpt lat="43.39934213" lon="-5.82169187"><ele>214.39</ele><time>2024-09-06T13:18:41Z</time></trkpt><trkpt lat="43.39935700" lon="-5.82169300"><ele>214.50</ele><time>2024-09-06T13:18:42Z</time></trkpt><trkpt lat="43.39937050" lon="-5.82169500"><ele>213.55</ele><time>2024-09-06T13:18:43Z</time></trkpt><trkpt lat="43.39938400" lon="-5.82169700"><ele>212.60</ele><time>2024-09-06T13:18:44Z</time></trkpt><trkpt lat="43.39939850" lon="-5.82169867"><ele>213.00</ele><time>2024-09-06T13:18:45Z</time></trkpt><trkpt lat="43.39941300" lon="-5.82170033"><ele>213.40</ele><time>2024-09-06T13:18:46Z</time></trkpt><trkpt lat="43.39942750" lon="-5.82170200"><ele>213.80</ele><time>2024-09-06T13:18:47Z</time></trkpt><trkpt lat="43.39944200" lon="-5.82170367"><ele>214.20</ele><time>2024-09-06T13:18:48Z</time></trkpt><trkpt lat="43.39945650" lon="-5.82170533"><ele>214.60</ele><time>2024-09-06T13:18:49Z</time></trkpt><trkpt lat="43.39947100" lon="-5.82170700"><ele>215.00</ele><time>2024-09-06T13:18:50Z</time></trkpt><trkpt lat="43.39948500" lon="-5.82170800"><ele>214.30</ele><time>2024-09-06T13:18:51Z</time></trkpt><trkpt lat="43.39949900" lon="-5.82170900"><ele>213.60</ele><time>2024-09-06T13:18:52Z</time></trkpt><trkpt lat="43.39951378" lon="-5.82171328"><ele>213.60</ele><time>2024-09-06T13:18:53Z</time></trkpt><trkpt lat="43.39952856" lon="-5.82171756"><ele>213.60</ele><time>2024-09-06T13:18:54Z</time></trkpt><trkpt lat="43.39954333" lon="-5.82172183"><ele>213.60</ele><time>2024-09-06T13:18:55Z</time></trkpt><trkpt lat="43.39955811" lon="-5.82172611"><ele>213.60</ele><time>2024-09-06T13:18:56Z</time></trkpt><trkpt lat="43.39957289" lon="-5.82173039"><ele>213.60</ele><time>2024-09-06T13:18:57Z</time></trkpt><trkpt lat="43.39958767" lon="-5.82173467"><ele>213.60</ele><time>2024-09-06T13:18:58Z</time></trkpt><trkpt lat="43.39960244" lon="-5.82173894"><ele>213.60</ele><time>2024-09-06T13:18:59Z</time></trkpt><trkpt lat="43.39961722" lon="-5.82174322"><ele>213.60</ele><time>2024-09-06T13:19:00Z</time></trkpt><trkpt lat="43.39963200" lon="-5.82174750"><ele>213.60</ele><time>2024-09-06T13:19:01Z</time></trkpt><trkpt lat="43.39964678" lon="-5.82175178"><ele>213.60</ele><time>2024-09-06T13:19:02Z</time></trkpt><trkpt lat="43.39966156" lon="-5.82175606"><ele>213.60</ele><time>2024-09-06T13:19:03Z</time></trkpt><trkpt lat="43.39967633" lon="-5.82176033"><ele>213.60</ele><time>2024-09-06T13:19:04Z</time></trkpt><trkpt lat="43.39969111" lon="-5.82176461"><ele>213.60</ele><time>2024-09-06T13:19:05Z</time></trkpt><trkpt lat="43.39970589" lon="-5.82176889"><ele>213.60</ele><time>2024-09-06T13:19:06Z</time></trkpt><trkpt lat="43.39972067" lon="-5.82177317"><ele>213.60</ele><time>2024-09-06T13:19:07Z</time></trkpt><trkpt lat="43.39973544" lon="-5.82177744"><ele>213.60</ele><time>2024-09-06T13:19:08Z</time></trkpt><trkpt lat="43.39975022" lon="-5.82178172"><ele>213.60</ele><time>2024-09-06T13:19:09Z</time></trkpt><trkpt lat="43.39976500" lon="-5.82178600"><ele>213.60</ele><time>2024-09-06T13:19:10Z</time></trkpt><trkpt lat="43.39978000" lon="-5.82179300"><ele>213.60</ele><time>2024-09-06T13:19:11Z</time></trkpt><trkpt lat="43.39979400" lon="-5.82179800"><ele>212.85</ele><time>2024-09-06T13:19:12Z</time></trkpt><trkpt lat="43.39980800" lon="-5.82180300"><ele>212.10</ele><time>2024-09-06T13:19:13Z</time></trkpt><trkpt lat="43.39981333" lon="-5.82181689"><ele>212.27</ele><time>2024-09-06T13:19:14Z</time></trkpt><trkpt lat="43.39981867" lon="-5.82183078"><ele>212.43</ele><time>2024-09-06T13:19:15Z</time></trkpt><trkpt lat="43.39982400" lon="-5.82184467"><ele>212.60</ele><time>2024-09-06T13:19:16Z</time></trkpt><trkpt lat="43.39982933" lon="-5.82185856"><ele>212.77</ele><time>2024-09-06T13:19:17Z</time></trkpt><trkpt lat="43.39983467" lon="-5.82187244"><ele>212.93</ele><time>2024-09-06T13:19:18Z</time></trkpt><trkpt lat="43.39984000" lon="-5.82188633"><ele>213.10</ele><time>2024-09-06T13:19:19Z</time></trkpt><trkpt lat="43.39984533" lon="-5.82190022"><ele>213.27</ele><time>2024-09-06T13:19:20Z</time></trkpt><trkpt lat="43.39985067" lon="-5.82191411"><ele>213.43</ele><time>2024-09-06T13:19:21Z</time></trkpt><trkpt lat="43.39985600" lon="-5.82192800"><ele>213.60</ele><time>2024-09-06T13:19:22Z</time></trkpt><trkpt lat="43.39985371" lon="-5.82194186"><ele>213.24</ele><time>2024-09-06T13:19:23Z</time></trkpt><trkpt lat="43.39985143" lon="-5.82195571"><ele>212.89</ele><time>2024-09-06T13:19:24Z</time></trkpt><trkpt lat="43.39984914" lon="-5.82196957"><ele>212.53</ele><time>2024-09-06T13:19:25Z</time></trkpt><trkpt lat="43.39984686" lon="-5.82198343"><ele>212.17</ele><time>2024-09-06T13:19:26Z</time></trkpt><trkpt lat="43.39984457" lon="-5.82199729"><ele>211.81</ele><time>2024-09-06T13:19:27Z</time></trkpt><trkpt lat="43.39984229" lon="-5.82201114"><ele>211.46</ele><time>2024-09-06T13:19:28Z</time></trkpt><trkpt lat="43.39984000" lon="-5.82202500"><ele>211.10</ele><time>2024-09-06T13:19:29Z</time></trkpt><trkpt lat="43.39983200" lon="-5.82203900"><ele>211.72</ele><time>2024-09-06T13:19:30Z</time></trkpt><trkpt lat="43.39982400" lon="-5.82205300"><ele>212.35</ele><time>2024-09-06T13:19:31Z</time></trkpt><trkpt lat="43.39981600" lon="-5.82206700"><ele>212.97</ele><time>2024-09-06T13:19:32Z</time></trkpt><trkpt lat="43.39980800" lon="-5.82208100"><ele>213.60</ele><time>2024-09-06T13:19:33Z</time></trkpt><trkpt lat="43.39979771" lon="-5.82208986"><ele>213.11</ele><time>2024-09-06T13:19:34Z</time></trkpt><trkpt lat="43.39978743" lon="-5.82209871"><ele>212.63</ele><time>2024-09-06T13:19:35Z</time></trkpt><trkpt lat="43.39977714" lon="-5.82210757"><ele>212.14</ele><time>2024-09-06T13:19:36Z</time></trkpt><trkpt lat="43.39976686" lon="-5.82211643"><ele>211.66</ele><time>2024-09-06T13:19:37Z</time></trkpt><trkpt lat="43.39975657" lon="-5.82212529"><ele>211.17</ele><time>2024-09-06T13:19:38Z</time></trkpt><trkpt lat="43.39974629" lon="-5.82213414"><ele>210.69</ele><time>2024-09-06T13:19:39Z</time></trkpt><trkpt lat="43.39973600" lon="-5.82214300"><ele>210.20</ele><time>2024-09-06T13:19:40Z</time></trkpt><trkpt lat="43.39972545" lon="-5.82215435"><ele>210.32</ele><time>2024-09-06T13:19:41Z</time></trkpt><trkpt lat="43.39971490" lon="-5.82216570"><ele>210.44</ele><time>2024-09-06T13:19:42Z</time></trkpt><trkpt lat="43.39970435" lon="-5.82217705"><ele>210.56</ele><time>2024-09-06T13:19:43Z</time></trkpt><trkpt lat="43.39969380" lon="-5.82218840"><ele>210.68</ele><time>2024-09-06T13:19:44Z</time></trkpt><trkpt lat="43.39968325" lon="-5.82219975"><ele>210.80</ele><time>2024-09-06T13:19:45Z</time></trkpt><trkpt lat="43.39967270" lon="-5.82221110"><ele>210.92</ele><time>2024-09-06T13:19:46Z</time></trkpt><trkpt lat="43.39966215" lon="-5.82222245"><ele>211.04</ele><time>2024-09-06T13:19:47Z</time></trkpt><trkpt lat="43.39965160" lon="-5.82223380"><ele>211.16</ele><time>2024-09-06T13:19:48Z</time></trkpt><trkpt lat="43.39964105" lon="-5.82224515"><ele>211.28</ele><time>2024-09-06T13:19:49Z</time></trkpt><trkpt lat="43.39963050" lon="-5.82225650"><ele>211.40</ele><time>2024-09-06T13:19:50Z</time></trkpt><trkpt lat="43.39961995" lon="-5.82226785"><ele>211.52</ele><time>2024-09-06T13:19:51Z</time></trkpt><trkpt lat="43.39960940" lon="-5.82227920"><ele>211.64</ele><time>2024-09-06T13:19:52Z</time></trkpt><trkpt lat="43.39959885" lon="-5.82229055"><ele>211.76</ele><time>2024-09-06T13:19:53Z</time></trkpt><trkpt lat="43.39958830" lon="-5.82230190"><ele>211.88</ele><time>2024-09-06T13:19:54Z</time></trkpt><trkpt lat="43.39957775" lon="-5.82231325"><ele>212.00</ele><time>2024-09-06T13:19:55Z</time></trkpt><trkpt lat="43.39956720" lon="-5.82232460"><ele>212.12</ele><time>2024-09-06T13:19:56Z</time></trkpt><trkpt lat="43.39955665" lon="-5.82233595"><ele>212.24</ele><time>2024-09-06T13:19:57Z</time></trkpt><trkpt lat="43.39954610" lon="-5.82234730"><ele>212.36</ele><time>2024-09-06T13:19:58Z</time></trkpt><trkpt lat="43.39953555" lon="-5.82235865"><ele>212.48</ele><time>2024-09-06T13:19:59Z</time></trkpt><trkpt lat="43.39952500" lon="-5.82237000"><ele>212.60</ele><time>2024-09-06T13:20:00Z</time></trkpt><trkpt lat="43.39951500" lon="-5.82238400"><ele>211.40</ele><time>2024-09-06T13:20:01Z</time></trkpt><trkpt lat="43.39950500" lon="-5.82239800"><ele>210.20</ele><time>2024-09-06T13:20:02Z</time></trkpt><trkpt lat="43.39949500" lon="-5.82240875"><ele>210.67</ele><time>2024-09-06T13:20:03Z</time></trkpt><trkpt lat="43.39948500" lon="-5.82241950"><ele>211.15</ele><time>2024-09-06T13:20:04Z</time></trkpt><trkpt lat="43.39947500" lon="-5.82243025"><ele>211.62</ele><time>2024-09-06T13:20:05Z</time></trkpt><trkpt lat="43.39946500" lon="-5.82244100"><ele>212.10</ele><time>2024-09-06T13:20:06Z</time></trkpt><trkpt lat="43.39945600" lon="-5.82245600"><ele>211.90</ele><time>2024-09-06T13:20:07Z</time></trkpt><trkpt lat="43.39944700" lon="-5.82247100"><ele>211.70</ele><time>2024-09-06T13:20:08Z</time></trkpt><trkpt lat="43.39943800" lon="-5.82248600"><ele>211.50</ele><time>2024-09-06T13:20:09Z</time></trkpt><trkpt lat="43.39942900" lon="-5.82250100"><ele>211.30</ele><time>2024-09-06T13:20:10Z</time></trkpt><trkpt lat="43.39942000" lon="-5.82251600"><ele>211.10</ele><time>2024-09-06T13:20:11Z</time></trkpt><trkpt lat="43.39941100" lon="-5.82253100"><ele>210.90</ele><time>2024-09-06T13:20:12Z</time></trkpt><trkpt lat="43.39940200" lon="-5.82254600"><ele>210.70</ele><time>2024-09-06T13:20:13Z</time></trkpt><trkpt lat="43.39939394" lon="-5.82256261"><ele>210.70</ele><time>2024-09-06T13:20:14Z</time></trkpt><trkpt lat="43.39938589" lon="-5.82257922"><ele>210.70</ele><time>2024-09-06T13:20:15Z</time></trkpt><trkpt lat="43.39937783" lon="-5.82259583"><ele>210.70</ele><time>2024-09-06T13:20:16Z</time></trkpt><trkpt lat="43.39936978" lon="-5.82261244"><ele>210.70</ele><time>2024-09-06T13:20:17Z</time></trkpt><trkpt lat="43.39936172" lon="-5.82262906"><ele>210.70</ele><time>2024-09-06T13:20:18Z</time></trkpt><trkpt lat="43.39935367" lon="-5.82264567"><ele>210.70</ele><time>2024-09-06T13:20:19Z</time></trkpt><trkpt lat="43.39934561" lon="-5.82266228"><ele>210.70</ele><time>2024-09-06T13:20:20Z</time></trkpt><trkpt lat="43.39933756" lon="-5.82267889"><ele>210.70</ele><time>2024-09-06T13:20:21Z</time></trkpt><trkpt lat="43.39932950" lon="-5.82269550"><ele>210.70</ele><time>2024-09-06T13:20:22Z</time></trkpt><trkpt lat="43.39932144" lon="-5.82271211"><ele>210.70</ele><time>2024-09-06T13:20:23Z</time></trkpt><trkpt lat="43.39931339" lon="-5.82272872"><ele>210.70</ele><time>2024-09-06T13:20:24Z</time></trkpt><trkpt lat="43.39930533" lon="-5.82274533"><ele>210.70</ele><time>2024-09-06T13:20:25Z</time></trkpt><trkpt lat="43.39929728" lon="-5.82276194"><ele>210.70</ele><time>2024-09-06T13:20:26Z</time></trkpt><trkpt lat="43.39928922" lon="-5.82277856"><ele>210.70</ele><time>2024-09-06T13:20:27Z</time></trkpt><trkpt lat="43.39928117" lon="-5.82279517"><ele>210.70</ele><time>2024-09-06T13:20:28Z</time></trkpt><trkpt lat="43.39927311" lon="-5.82281178"><ele>210.70</ele><time>2024-09-06T13:20:29Z</time></trkpt><trkpt lat="43.39926506" lon="-5.82282839"><ele>210.70</ele><time>2024-09-06T13:20:30Z</time></trkpt><trkpt lat="43.39925700" lon="-5.82284500"><ele>210.70</ele><time>2024-09-06T13:20:31Z</time></trkpt><trkpt lat="43.39925557" lon="-5.82284514"><ele>210.70</ele><time>2024-09-06T13:20:32Z</time></trkpt><trkpt lat="43.39925414" lon="-5.82284529"><ele>210.70</ele><time>2024-09-06T13:20:33Z</time></trkpt><trkpt lat="43.39925271" lon="-5.82284543"><ele>210.70</ele><time>2024-09-06T13:20:34Z</time></trkpt><trkpt lat="43.39925129" lon="-5.82284557"><ele>210.70</ele><time>2024-09-06T13:20:35Z</time></trkpt><trkpt lat="43.39924986" lon="-5.82284571"><ele>210.70</ele><time>2024-09-06T13:20:36Z</time></trkpt><trkpt lat="43.39924843" lon="-5.82284586"><ele>210.70</ele><time>2024-09-06T13:20:37Z</time></trkpt><trkpt lat="43.39924700" lon="-5.82284600"><ele>210.70</ele><time>2024-09-06T13:20:38Z</time></trkpt><trkpt lat="43.39924113" lon="-5.82286175"><ele>210.64</ele><time>2024-09-06T13:20:39Z</time></trkpt><trkpt lat="43.39923525" lon="-5.82287750"><ele>210.57</ele><time>2024-09-06T13:20:40Z</time></trkpt><trkpt lat="43.39922938" lon="-5.82289325"><ele>210.51</ele><time>2024-09-06T13:20:41Z</time></trkpt><trkpt lat="43.39922350" lon="-5.82290900"><ele>210.45</ele><time>2024-09-06T13:20:42Z</time></trkpt><trkpt lat="43.39921762" lon="-5.82292475"><ele>210.39</ele><time>2024-09-06T13:20:43Z</time></trkpt><trkpt lat="43.39921175" lon="-5.82294050"><ele>210.32</ele><time>2024-09-06T13:20:44Z</time></trkpt><trkpt lat="43.39920587" lon="-5.82295625"><ele>210.26</ele><time>2024-09-06T13:20:45Z</time></trkpt><trkpt lat="43.39920000" lon="-5.82297200"><ele>210.20</ele><time>2024-09-06T13:20:46Z</time></trkpt><trkpt lat="43.39919932" lon="-5.82298805"><ele>210.23</ele><time>2024-09-06T13:20:47Z</time></trkpt><trkpt lat="43.39919863" lon="-5.82300411"><ele>210.25</ele><time>2024-09-06T13:20:48Z</time></trkpt><trkpt lat="43.39919795" lon="-5.82302016"><ele>210.28</ele><time>2024-09-06T13:20:49Z</time></trkpt><trkpt lat="43.39919726" lon="-5.82303621"><ele>210.31</ele><time>2024-09-06T13:20:50Z</time></trkpt><trkpt lat="43.39919658" lon="-5.82305226"><ele>210.33</ele><time>2024-09-06T13:20:51Z</time></trkpt><trkpt lat="43.39919589" lon="-5.82306832"><ele>210.36</ele><time>2024-09-06T13:20:52Z</time></trkpt><trkpt lat="43.39919521" lon="-5.82308437"><ele>210.38</ele><time>2024-09-06T13:20:53Z</time></trkpt><trkpt lat="43.39919453" lon="-5.82310042"><ele>210.41</ele><time>2024-09-06T13:20:54Z</time></trkpt><trkpt lat="43.39919384" lon="-5.82311647"><ele>210.44</ele><time>2024-09-06T13:20:55Z</time></trkpt><trkpt lat="43.39919316" lon="-5.82313253"><ele>210.46</ele><time>2024-09-06T13:20:56Z</time></trkpt><trkpt lat="43.39919247" lon="-5.82314858"><ele>210.49</ele><time>2024-09-06T13:20:57Z</time></trkpt><trkpt lat="43.39919179" lon="-5.82316463"><ele>210.52</ele><time>2024-09-06T13:20:58Z</time></trkpt><trkpt lat="43.39919111" lon="-5.82318068"><ele>210.54</ele><time>2024-09-06T13:20:59Z</time></trkpt><trkpt lat="43.39919042" lon="-5.82319674"><ele>210.57</ele><time>2024-09-06T13:21:00Z</time></trkpt><trkpt lat="43.39918974" lon="-5.82321279"><ele>210.59</ele><time>2024-09-06T13:21:01Z</time></trkpt><trkpt lat="43.39918905" lon="-5.82322884"><ele>210.62</ele><time>2024-09-06T13:21:02Z</time></trkpt><trkpt lat="43.39918837" lon="-5.82324489"><ele>210.65</ele><time>2024-09-06T13:21:03Z</time></trkpt><trkpt lat="43.39918768" lon="-5.82326095"><ele>210.67</ele><time>2024-09-06T13:21:04Z</time></trkpt><trkpt lat="43.39918700" lon="-5.82327700"><ele>210.70</ele><time>2024-09-06T13:21:05Z</time></trkpt><trkpt lat="43.39919020" lon="-5.82329580"><ele>210.98</ele><time>2024-09-06T13:21:06Z</time></trkpt><trkpt lat="43.39919340" lon="-5.82331460"><ele>211.26</ele><time>2024-09-06T13:21:07Z</time></trkpt><trkpt lat="43.39919660" lon="-5.82333340"><ele>211.54</ele><time>2024-09-06T13:21:08Z</time></trkpt><trkpt lat="43.39919980" lon="-5.82335220"><ele>211.82</ele><time>2024-09-06T13:21:09Z</time></trkpt><trkpt lat="43.39920300" lon="-5.82337100"><ele>212.10</ele><time>2024-09-06T13:21:10Z</time></trkpt><trkpt lat="43.39921043" lon="-5.82339257"><ele>212.03</ele><time>2024-09-06T13:21:11Z</time></trkpt><trkpt lat="43.39921786" lon="-5.82341414"><ele>211.97</ele><time>2024-09-06T13:21:12Z</time></trkpt><trkpt lat="43.39922529" lon="-5.82343571"><ele>211.90</ele><time>2024-09-06T13:21:13Z</time></trkpt><trkpt lat="43.39923271" lon="-5.82345729"><ele>211.83</ele><time>2024-09-06T13:21:14Z</time></trkpt><trkpt lat="43.39924014" lon="-5.82347886"><ele>211.77</ele><time>2024-09-06T13:21:15Z</time></trkpt><trkpt lat="43.39924757" lon="-5.82350043"><ele>211.70</ele><time>2024-09-06T13:21:16Z</time></trkpt><trkpt lat="43.39925500" lon="-5.82352200"><ele>211.63</ele><time>2024-09-06T13:21:17Z</time></trkpt><trkpt lat="43.39926243" lon="-5.82354357"><ele>211.57</ele><time>2024-09-06T13:21:18Z</time></trkpt><trkpt lat="43.39926986" lon="-5.82356514"><ele>211.50</ele><time>2024-09-06T13:21:19Z</time></trkpt><trkpt lat="43.39927729" lon="-5.82358671"><ele>211.43</ele><time>2024-09-06T13:21:20Z</time></trkpt><trkpt lat="43.39928471" lon="-5.82360829"><ele>211.37</ele><time>2024-09-06T13:21:21Z</time></trkpt><trkpt lat="43.39929214" lon="-5.82362986"><ele>211.30</ele><time>2024-09-06T13:21:22Z</time></trkpt><trkpt lat="43.39929957" lon="-5.82365143"><ele>211.23</ele><time>2024-09-06T13:21:23Z</time></trkpt><trkpt lat="43.39930700" lon="-5.82367300"><ele>211.17</ele><time>2024-09-06T13:21:24Z</time></trkpt><trkpt lat="43.39931443" lon="-5.82369457"><ele>211.10</ele><time>2024-09-06T13:21:25Z</time></trkpt><trkpt lat="43.39932186" lon="-5.82371614"><ele>211.03</ele><time>2024-09-06T13:21:26Z</time></trkpt><trkpt lat="43.39932929" lon="-5.82373771"><ele>210.97</ele><time>2024-09-06T13:21:27Z</time></trkpt><trkpt lat="43.39933671" lon="-5.82375929"><ele>210.90</ele><time>2024-09-06T13:21:28Z</time></trkpt><trkpt lat="43.39934414" lon="-5.82378086"><ele>210.83</ele><time>2024-09-06T13:21:29Z</time></trkpt><trkpt lat="43.39935157" lon="-5.82380243"><ele>210.77</ele><time>2024-09-06T13:21:30Z</time></trkpt><trkpt lat="43.39935900" lon="-5.82382400"><ele>210.70</ele><time>2024-09-06T13:21:31Z</time></trkpt><trkpt lat="43.39936621" lon="-5.82384589"><ele>210.71</ele><time>2024-09-06T13:21:32Z</time></trkpt><trkpt lat="43.39937343" lon="-5.82386779"><ele>210.73</ele><time>2024-09-06T13:21:33Z</time></trkpt><trkpt lat="43.39938064" lon="-5.82388968"><ele>210.74</ele><time>2024-09-06T13:21:34Z</time></trkpt><trkpt lat="43.39938786" lon="-5.82391157"><ele>210.76</ele><time>2024-09-06T13:21:35Z</time></trkpt><trkpt lat="43.39939507" lon="-5.82393346"><ele>210.77</ele><time>2024-09-06T13:21:36Z</time></trkpt><trkpt lat="43.39940229" lon="-5.82395536"><ele>210.79</ele><time>2024-09-06T13:21:37Z</time></trkpt><trkpt lat="43.39940950" lon="-5.82397725"><ele>210.80</ele><time>2024-09-06T13:21:38Z</time></trkpt><trkpt lat="43.39941671" lon="-5.82399914"><ele>210.81</ele><time>2024-09-06T13:21:39Z</time></trkpt><trkpt lat="43.39942393" lon="-5.82402104"><ele>210.83</ele><time>2024-09-06T13:21:40Z</time></trkpt><trkpt lat="43.39943114" lon="-5.82404293"><ele>210.84</ele><time>2024-09-06T13:21:41Z</time></trkpt><trkpt lat="43.39943836" lon="-5.82406482"><ele>210.86</ele><time>2024-09-06T13:21:42Z</time></trkpt><trkpt lat="43.39944557" lon="-5.82408671"><ele>210.87</ele><time>2024-09-06T13:21:43Z</time></trkpt><trkpt lat="43.39945279" lon="-5.82410861"><ele>210.89</ele><time>2024-09-06T13:21:44Z</time></trkpt><trkpt lat="43.39946000" lon="-5.82413050"><ele>210.90</ele><time>2024-09-06T13:21:45Z</time></trkpt><trkpt lat="43.39946721" lon="-5.82415239"><ele>210.91</ele><time>2024-09-06T13:21:46Z</time></trkpt><trkpt lat="43.39947443" lon="-5.82417429"><ele>210.93</ele><time>2024-09-06T13:21:47Z</time></trkpt><trkpt lat="43.39948164" lon="-5.82419618"><ele>210.94</ele><time>2024-09-06T13:21:48Z</time></trkpt><trkpt lat="43.39948886" lon="-5.82421807"><ele>210.96</ele><time>2024-09-06T13:21:49Z</time></trkpt><trkpt lat="43.39949607" lon="-5.82423996"><ele>210.97</ele><time>2024-09-06T13:21:50Z</time></trkpt><trkpt lat="43.39950329" lon="-5.82426186"><ele>210.99</ele><time>2024-09-06T13:21:51Z</time></trkpt><trkpt lat="43.39951050" lon="-5.82428375"><ele>211.00</ele><time>2024-09-06T13:21:52Z</time></trkpt><trkpt lat="43.39951771" lon="-5.82430564"><ele>211.01</ele><time>2024-09-06T13:21:53Z</time></trkpt><trkpt lat="43.39952493" lon="-5.82432754"><ele>211.03</ele><time>2024-09-06T13:21:54Z</time></trkpt><trkpt lat="43.39953214" lon="-5.82434943"><ele>211.04</ele><time>2024-09-06T13:21:55Z</time></trkpt><trkpt lat="43.39953936" lon="-5.82437132"><ele>211.06</ele><time>2024-09-06T13:21:56Z</time></trkpt><trkpt lat="43.39954657" lon="-5.82439321"><ele>211.07</ele><time>2024-09-06T13:21:57Z</time></trkpt><trkpt lat="43.39955379" lon="-5.82441511"><ele>211.09</ele><time>2024-09-06T13:21:58Z</time></trkpt><trkpt lat="43.39956100" lon="-5.82443700"><ele>211.10</ele><time>2024-09-06T13:21:59Z</time></trkpt><trkpt lat="43.39956757" lon="-5.82445564"><ele>211.14</ele><time>2024-09-06T13:22:00Z</time></trkpt><trkpt lat="43.39957414" lon="-5.82447429"><ele>211.17</ele><time>2024-09-06T13:22:01Z</time></trkpt><trkpt lat="43.39958071" lon="-5.82449293"><ele>211.21</ele><time>2024-09-06T13:22:02Z</time></trkpt><trkpt lat="43.39958729" lon="-5.82451157"><ele>211.24</ele><time>2024-09-06T13:22:03Z</time></trkpt><trkpt lat="43.39959386" lon="-5.82453021"><ele>211.28</ele><time>2024-09-06T13:22:04Z</time></trkpt><trkpt lat="43.39960043" lon="-5.82454886"><ele>211.31</ele><time>2024-09-06T13:22:05Z</time></trkpt><trkpt lat="43.39960700" lon="-5.82456750"><ele>211.35</ele><time>2024-09-06T13:22:06Z</time></trkpt><trkpt lat="43.39961357" lon="-5.82458614"><ele>211.39</ele><time>2024-09-06T13:22:07Z</time></trkpt><trkpt lat="43.39962014" lon="-5.82460479"><ele>211.42</ele><time>2024-09-06T13:22:08Z</time></trkpt><trkpt lat="43.39962671" lon="-5.82462343"><ele>211.46</ele><time>2024-09-06T13:22:09Z</time></trkpt><trkpt lat="43.39963329" lon="-5.82464207"><ele>211.49</ele><time>2024-09-06T13:22:10Z</time></trkpt><trkpt lat="43.39963986" lon="-5.82466071"><ele>211.53</ele><time>2024-09-06T13:22:11Z</time></trkpt><trkpt lat="43.39964643" lon="-5.82467936"><ele>211.56</ele><time>2024-09-06T13:22:12Z</time></trkpt><trkpt lat="43.39965300" lon="-5.82469800"><ele>211.60</ele><time>2024-09-06T13:22:13Z</time></trkpt><trkpt lat="43.39966022" lon="-5.82471900"><ele>211.28</ele><time>2024-09-06T13:22:14Z</time></trkpt><trkpt lat="43.39966744" lon="-5.82474000"><ele>210.96</ele><time>2024-09-06T13:22:15Z</time></trkpt><trkpt lat="43.39967467" lon="-5.82476100"><ele>210.63</ele><time>2024-09-06T13:22:16Z</time></trkpt><trkpt lat="43.39968189" lon="-5.82478200"><ele>210.31</ele><time>2024-09-06T13:22:17Z</time></trkpt><trkpt lat="43.39968911" lon="-5.82480300"><ele>209.99</ele><time>2024-09-06T13:22:18Z</time></trkpt><trkpt lat="43.39969633" lon="-5.82482400"><ele>209.67</ele><time>2024-09-06T13:22:19Z</time></trkpt><trkpt lat="43.39970356" lon="-5.82484500"><ele>209.34</ele><time>2024-09-06T13:22:20Z</time></trkpt><trkpt lat="43.39971078" lon="-5.82486600"><ele>209.02</ele><time>2024-09-06T13:22:21Z</time></trkpt><trkpt lat="43.39971800" lon="-5.82488700"><ele>208.70</ele><time>2024-09-06T13:22:22Z</time></trkpt><trkpt lat="43.39972805" lon="-5.82490310"><ele>208.63</ele><time>2024-09-06T13:22:23Z</time></trkpt><trkpt lat="43.39973810" lon="-5.82491919"><ele>208.57</ele><time>2024-09-06T13:22:24Z</time></trkpt><trkpt lat="43.39974814" lon="-5.82493529"><ele>208.50</ele><time>2024-09-06T13:22:25Z</time></trkpt><trkpt lat="43.39975819" lon="-5.82495138"><ele>208.43</ele><time>2024-09-06T13:22:26Z</time></trkpt><trkpt lat="43.39976824" lon="-5.82496748"><ele>208.37</ele><time>2024-09-06T13:22:27Z</time></trkpt><trkpt lat="43.39977829" lon="-5.82498357"><ele>208.30</ele><time>2024-09-06T13:22:28Z</time></trkpt><trkpt lat="43.39978833" lon="-5.82499967"><ele>208.23</ele><time>2024-09-06T13:22:29Z</time></trkpt><trkpt lat="43.39979838" lon="-5.82501576"><ele>208.17</ele><time>2024-09-06T13:22:30Z</time></trkpt><trkpt lat="43.39980843" lon="-5.82503186"><ele>208.10</ele><time>2024-09-06T13:22:31Z</time></trkpt><trkpt lat="43.39981848" lon="-5.82504795"><ele>208.03</ele><time>2024-09-06T13:22:32Z</time></trkpt><trkpt lat="43.39982852" lon="-5.82506405"><ele>207.97</ele><time>2024-09-06T13:22:33Z</time></trkpt><trkpt lat="43.39983857" lon="-5.82508014"><ele>207.90</ele><time>2024-09-06T13:22:34Z</time></trkpt><trkpt lat="43.39984862" lon="-5.82509624"><ele>207.83</ele><time>2024-09-06T13:22:35Z</time></trkpt><trkpt lat="43.39985867" lon="-5.82511233"><ele>207.77</ele><time>2024-09-06T13:22:36Z</time></trkpt><trkpt lat="43.39986871" lon="-5.82512843"><ele>207.70</ele><time>2024-09-06T13:22:37Z</time></trkpt><trkpt lat="43.39987876" lon="-5.82514452"><ele>207.63</ele><time>2024-09-06T13:22:38Z</time></trkpt><trkpt lat="43.39988881" lon="-5.82516062"><ele>207.57</ele><time>2024-09-06T13:22:39Z</time></trkpt><trkpt lat="43.39989886" lon="-5.82517671"><ele>207.50</ele><time>2024-09-06T13:22:40Z</time></trkpt><trkpt lat="43.39990890" lon="-5.82519281"><ele>207.43</ele><time>2024-09-06T13:22:41Z</time></trkpt><trkpt lat="43.39991895" lon="-5.82520890"><ele>207.37</ele><time>2024-09-06T13:22:42Z</time></trkpt><trkpt lat="43.39992900" lon="-5.82522500"><ele>207.30</ele><time>2024-09-06T13:22:43Z</time></trkpt><trkpt lat="43.39994000" lon="-5.82524220"><ele>207.88</ele><time>2024-09-06T13:22:44Z</time></trkpt><trkpt lat="43.39995100" lon="-5.82525940"><ele>208.46</ele><time>2024-09-06T13:22:45Z</time></trkpt><trkpt lat="43.39996200" lon="-5.82527660"><ele>209.04</ele><time>2024-09-06T13:22:46Z</time></trkpt><trkpt lat="43.39997300" lon="-5.82529380"><ele>209.62</ele><time>2024-09-06T13:22:47Z</time></trkpt><trkpt lat="43.39998400" lon="-5.82531100"><ele>210.20</ele><time>2024-09-06T13:22:48Z</time></trkpt><trkpt lat="43.39999400" lon="-5.82532700"><ele>210.70</ele><time>2024-09-06T13:22:49Z</time></trkpt><trkpt lat="43.40000700" lon="-5.82534333"><ele>209.90</ele><time>2024-09-06T13:22:50Z</time></trkpt><trkpt lat="43.40002000" lon="-5.82535967"><ele>209.10</ele><time>2024-09-06T13:22:51Z</time></trkpt><trkpt lat="43.40003300" lon="-5.82537600"><ele>208.30</ele><time>2024-09-06T13:22:52Z</time></trkpt><trkpt lat="43.40004380" lon="-5.82539135"><ele>208.42</ele><time>2024-09-06T13:22:53Z</time></trkpt><trkpt lat="43.40005460" lon="-5.82540670"><ele>208.54</ele><time>2024-09-06T13:22:54Z</time></trkpt><trkpt lat="43.40006540" lon="-5.82542205"><ele>208.66</ele><time>2024-09-06T13:22:55Z</time></trkpt><trkpt lat="43.40007620" lon="-5.82543740"><ele>208.78</ele><time>2024-09-06T13:22:56Z</time></trkpt><trkpt lat="43.40008700" lon="-5.82545275"><ele>208.90</ele><time>2024-09-06T13:22:57Z</time></trkpt><trkpt lat="43.40009780" lon="-5.82546810"><ele>209.02</ele><time>2024-09-06T13:22:58Z</time></trkpt><trkpt lat="43.40010860" lon="-5.82548345"><ele>209.14</ele><time>2024-09-06T13:22:59Z</time></trkpt><trkpt lat="43.40011940" lon="-5.82549880"><ele>209.26</ele><time>2024-09-06T13:23:00Z</time></trkpt><trkpt lat="43.40013020" lon="-5.82551415"><ele>209.38</ele><time>2024-09-06T13:23:01Z</time></trkpt><trkpt lat="43.40014100" lon="-5.82552950"><ele>209.50</ele><time>2024-09-06T13:23:02Z</time></trkpt><trkpt lat="43.40015180" lon="-5.82554485"><ele>209.62</ele><time>2024-09-06T13:23:03Z</time></trkpt><trkpt lat="43.40016260" lon="-5.82556020"><ele>209.74</ele><time>2024-09-06T13:23:04Z</time></trkpt><trkpt lat="43.40017340" lon="-5.82557555"><ele>209.86</ele><time>2024-09-06T13:23:05Z</time></trkpt><trkpt lat="43.40018420" lon="-5.82559090"><ele>209.98</ele><time>2024-09-06T13:23:06Z</time></trkpt><trkpt lat="43.40019500" lon="-5.82560625"><ele>210.10</ele><time>2024-09-06T13:23:07Z</time></trkpt><trkpt lat="43.40020580" lon="-5.82562160"><ele>210.22</ele><time>2024-09-06T13:23:08Z</time></trkpt><trkpt lat="43.40021660" lon="-5.82563695"><ele>210.34</ele><time>2024-09-06T13:23:09Z</time></trkpt><trkpt lat="43.40022740" lon="-5.82565230"><ele>210.46</ele><time>2024-09-06T13:23:10Z</time></trkpt><trkpt lat="43.40023820" lon="-5.82566765"><ele>210.58</ele><time>2024-09-06T13:23:11Z</time></trkpt><trkpt lat="43.40024900" lon="-5.82568300"><ele>210.70</ele><time>2024-09-06T13:23:12Z</time></trkpt><trkpt lat="43.40025833" lon="-5.82569900"><ele>210.03</ele><time>2024-09-06T13:23:13Z</time></trkpt><trkpt lat="43.40026767" lon="-5.82571500"><ele>209.37</ele><time>2024-09-06T13:23:14Z</time></trkpt><trkpt lat="43.40027700" lon="-5.82573100"><ele>208.70</ele><time>2024-09-06T13:23:15Z</time></trkpt><trkpt lat="43.40028560" lon="-5.82574740"><ele>208.86</ele><time>2024-09-06T13:23:16Z</time></trkpt><trkpt lat="43.40029420" lon="-5.82576380"><ele>209.02</ele><time>2024-09-06T13:23:17Z</time></trkpt><trkpt lat="43.40030280" lon="-5.82578020"><ele>209.18</ele><time>2024-09-06T13:23:18Z</time></trkpt><trkpt lat="43.40031140" lon="-5.82579660"><ele>209.34</ele><time>2024-09-06T13:23:19Z</time></trkpt><trkpt lat="43.40032000" lon="-5.82581300"><ele>209.50</ele><time>2024-09-06T13:23:20Z</time></trkpt><trkpt lat="43.40032860" lon="-5.82582940"><ele>209.66</ele><time>2024-09-06T13:23:21Z</time></trkpt><trkpt lat="43.40033720" lon="-5.82584580"><ele>209.82</ele><time>2024-09-06T13:23:22Z</time></trkpt><trkpt lat="43.40034580" lon="-5.82586220"><ele>209.98</ele><time>2024-09-06T13:23:23Z</time></trkpt><trkpt lat="43.40035440" lon="-5.82587860"><ele>210.14</ele><time>2024-09-06T13:23:24Z</time></trkpt><trkpt lat="43.40036300" lon="-5.82589500"><ele>210.30</ele><time>2024-09-06T13:23:25Z</time></trkpt><trkpt lat="43.40037160" lon="-5.82591140"><ele>210.46</ele><time>2024-09-06T13:23:26Z</time></trkpt><trkpt lat="43.40038020" lon="-5.82592780"><ele>210.62</ele><time>2024-09-06T13:23:27Z</time></trkpt><trkpt lat="43.40038880" lon="-5.82594420"><ele>210.78</ele><time>2024-09-06T13:23:28Z</time></trkpt><trkpt lat="43.40039740" lon="-5.82596060"><ele>210.94</ele><time>2024-09-06T13:23:29Z</time></trkpt><trkpt lat="43.40040600" lon="-5.82597700"><ele>211.10</ele><time>2024-09-06T13:23:30Z</time></trkpt><trkpt lat="43.40041539" lon="-5.82599117"><ele>211.02</ele><time>2024-09-06T13:23:31Z</time></trkpt><trkpt lat="43.40042478" lon="-5.82600533"><ele>210.94</ele><time>2024-09-06T13:23:32Z</time></trkpt><trkpt lat="43.40043417" lon="-5.82601950"><ele>210.87</ele><time>2024-09-06T13:23:33Z</time></trkpt><trkpt lat="43.40044356" lon="-5.82603367"><ele>210.79</ele><time>2024-09-06T13:23:34Z</time></trkpt><trkpt lat="43.40045294" lon="-5.82604783"><ele>210.71</ele><time>2024-09-06T13:23:35Z</time></trkpt><trkpt lat="43.40046233" lon="-5.82606200"><ele>210.63</ele><time>2024-09-06T13:23:36Z</time></trkpt><trkpt lat="43.40047172" lon="-5.82607617"><ele>210.56</ele><time>2024-09-06T13:23:37Z</time></trkpt><trkpt lat="43.40048111" lon="-5.82609033"><ele>210.48</ele><time>2024-09-06T13:23:38Z</time></trkpt><trkpt lat="43.40049050" lon="-5.82610450"><ele>210.40</ele><time>2024-09-06T13:23:39Z</time></trkpt><trkpt lat="43.40049989" lon="-5.82611867"><ele>210.32</ele><time>2024-09-06T13:23:40Z</time></trkpt><trkpt lat="43.40050928" lon="-5.82613283"><ele>210.24</ele><time>2024-09-06T13:23:41Z</time></trkpt><trkpt lat="43.40051867" lon="-5.82614700"><ele>210.17</ele><time>2024-09-06T13:23:42Z</time></trkpt><trkpt lat="43.40052806" lon="-5.82616117"><ele>210.09</ele><time>2024-09-06T13:23:43Z</time></trkpt><trkpt lat="43.40053744" lon="-5.82617533"><ele>210.01</ele><time>2024-09-06T13:23:44Z</time></trkpt><trkpt lat="43.40054683" lon="-5.82618950"><ele>209.93</ele><time>2024-09-06T13:23:45Z</time></trkpt><trkpt lat="43.40055622" lon="-5.82620367"><ele>209.86</ele><time>2024-09-06T13:23:46Z</time></trkpt><trkpt lat="43.40056561" lon="-5.82621783"><ele>209.78</ele><time>2024-09-06T13:23:47Z</time></trkpt><trkpt lat="43.40057500" lon="-5.82623200"><ele>209.70</ele><time>2024-09-06T13:23:48Z</time></trkpt><trkpt lat="43.40059343" lon="-5.82624757"><ele>210.19</ele><time>2024-09-06T13:23:49Z</time></trkpt><trkpt lat="43.40061186" lon="-5.82626314"><ele>210.67</ele><time>2024-09-06T13:23:50Z</time></trkpt><trkpt lat="43.40063029" lon="-5.82627871"><ele>211.16</ele><time>2024-09-06T13:23:51Z</time></trkpt><trkpt lat="43.40064871" lon="-5.82629429"><ele>211.64</ele><time>2024-09-06T13:23:52Z</time></trkpt><trkpt lat="43.40066714" lon="-5.82630986"><ele>212.13</ele><time>2024-09-06T13:23:53Z</time></trkpt><trkpt lat="43.40068557" lon="-5.82632543"><ele>212.61</ele><time>2024-09-06T13:23:54Z</time></trkpt><trkpt lat="43.40070400" lon="-5.82634100"><ele>213.10</ele><time>2024-09-06T13:23:55Z</time></trkpt><trkpt lat="43.40070686" lon="-5.82634814"><ele>213.23</ele><time>2024-09-06T13:23:56Z</time></trkpt><trkpt lat="43.40070971" lon="-5.82635529"><ele>213.36</ele><time>2024-09-06T13:23:57Z</time></trkpt><trkpt lat="43.40071257" lon="-5.82636243"><ele>213.49</ele><time>2024-09-06T13:23:58Z</time></trkpt><trkpt lat="43.40071543" lon="-5.82636957"><ele>213.61</ele><time>2024-09-06T13:23:59Z</time></trkpt><trkpt lat="43.40071829" lon="-5.82637671"><ele>213.74</ele><time>2024-09-06T13:24:00Z</time></trkpt><trkpt lat="43.40072114" lon="-5.82638386"><ele>213.87</ele><time>2024-09-06T13:24:01Z</time></trkpt><trkpt lat="43.40072400" lon="-5.82639100"><ele>214.00</ele><time>2024-09-06T13:24:02Z</time></trkpt><trkpt lat="43.40072300" lon="-5.82640760"><ele>214.20</ele><time>2024-09-06T13:24:03Z</time></trkpt><trkpt lat="43.40072200" lon="-5.82642420"><ele>214.40</ele><time>2024-09-06T13:24:04Z</time></trkpt><trkpt lat="43.40072100" lon="-5.82644080"><ele>214.60</ele><time>2024-09-06T13:24:05Z</time></trkpt><trkpt lat="43.40072000" lon="-5.82645740"><ele>214.80</ele><time>2024-09-06T13:24:06Z</time></trkpt><trkpt lat="43.40071900" lon="-5.82647400"><ele>215.00</ele><time>2024-09-06T13:24:07Z</time></trkpt><trkpt lat="43.40071164" lon="-5.82648609"><ele>214.91</ele><time>2024-09-06T13:24:08Z</time></trkpt><trkpt lat="43.40070427" lon="-5.82649818"><ele>214.82</ele><time>2024-09-06T13:24:09Z</time></trkpt><trkpt lat="43.40069691" lon="-5.82651027"><ele>214.73</ele><time>2024-09-06T13:24:10Z</time></trkpt><trkpt lat="43.40068955" lon="-5.82652236"><ele>214.64</ele><time>2024-09-06T13:24:11Z</time></trkpt><trkpt lat="43.40068218" lon="-5.82653445"><ele>214.55</ele><time>2024-09-06T13:24:12Z</time></trkpt><trkpt lat="43.40067482" lon="-5.82654655"><ele>214.45</ele><time>2024-09-06T13:24:13Z</time></trkpt><trkpt lat="43.40066745" lon="-5.82655864"><ele>214.36</ele><time>2024-09-06T13:24:14Z</time></trkpt><trkpt lat="43.40066009" lon="-5.82657073"><ele>214.27</ele><time>2024-09-06T13:24:15Z</time></trkpt><trkpt lat="43.40065273" lon="-5.82658282"><ele>214.18</ele><time>2024-09-06T13:24:16Z</time></trkpt><trkpt lat="43.40064536" lon="-5.82659491"><ele>214.09</ele><time>2024-09-06T13:24:17Z</time></trkpt><trkpt lat="43.40063800" lon="-5.82660700"><ele>214.00</ele><time>2024-09-06T13:24:18Z</time></trkpt><trkpt lat="43.40062781" lon="-5.82660075"><ele>214.00</ele><time>2024-09-06T13:24:19Z</time></trkpt><trkpt lat="43.40061763" lon="-5.82659450"><ele>214.00</ele><time>2024-09-06T13:24:20Z</time></trkpt><trkpt lat="43.40060744" lon="-5.82658825"><ele>214.00</ele><time>2024-09-06T13:24:21Z</time></trkpt><trkpt lat="43.40059725" lon="-5.82658200"><ele>214.00</ele><time>2024-09-06T13:24:22Z</time></trkpt><trkpt lat="43.40058706" lon="-5.82657575"><ele>214.00</ele><time>2024-09-06T13:24:23Z</time></trkpt><trkpt lat="43.40057687" lon="-5.82656950"><ele>214.00</ele><time>2024-09-06T13:24:24Z</time></trkpt><trkpt lat="43.40056669" lon="-5.82656325"><ele>214.00</ele><time>2024-09-06T13:24:25Z</time></trkpt><trkpt lat="43.40055650" lon="-5.82655700"><ele>214.00</ele><time>2024-09-06T13:24:26Z</time></trkpt><trkpt lat="43.40054631" lon="-5.82655075"><ele>214.00</ele><time>2024-09-06T13:24:27Z</time></trkpt><trkpt lat="43.40053613" lon="-5.82654450"><ele>214.00</ele><time>2024-09-06T13:24:28Z</time></trkpt><trkpt lat="43.40052594" lon="-5.82653825"><ele>214.00</ele><time>2024-09-06T13:24:29Z</time></trkpt><trkpt lat="43.40051575" lon="-5.82653200"><ele>214.00</ele><time>2024-09-06T13:24:30Z</time></trkpt><trkpt lat="43.40050556" lon="-5.82652575"><ele>214.00</ele><time>2024-09-06T13:24:31Z</time></trkpt><trkpt lat="43.40049537" lon="-5.82651950"><ele>214.00</ele><time>2024-09-06T13:24:32Z</time></trkpt><trkpt lat="43.40048519" lon="-5.82651325"><ele>214.00</ele><time>2024-09-06T13:24:33Z</time></trkpt><trkpt lat="43.40047500" lon="-5.82650700"><ele>214.00</ele><time>2024-09-06T13:24:34Z</time></trkpt><trkpt lat="43.40046147" lon="-5.82649858"><ele>214.08</ele><time>2024-09-06T13:24:35Z</time></trkpt><trkpt lat="43.40044795" lon="-5.82649016"><ele>214.16</ele><time>2024-09-06T13:24:36Z</time></trkpt><trkpt lat="43.40043442" lon="-5.82648174"><ele>214.24</ele><time>2024-09-06T13:24:37Z</time></trkpt><trkpt lat="43.40042089" lon="-5.82647332"><ele>214.32</ele><time>2024-09-06T13:24:38Z</time></trkpt><trkpt lat="43.40040737" lon="-5.82646489"><ele>214.39</ele><time>2024-09-06T13:24:39Z</time></trkpt><trkpt lat="43.40039384" lon="-5.82645647"><ele>214.47</ele><time>2024-09-06T13:24:40Z</time></trkpt><trkpt lat="43.40038032" lon="-5.82644805"><ele>214.55</ele><time>2024-09-06T13:24:41Z</time></trkpt><trkpt lat="43.40036679" lon="-5.82643963"><ele>214.63</ele><time>2024-09-06T13:24:42Z</time></trkpt><trkpt lat="43.40035326" lon="-5.82643121"><ele>214.71</ele><time>2024-09-06T13:24:43Z</time></trkpt><trkpt lat="43.40033974" lon="-5.82642279"><ele>214.79</ele><time>2024-09-06T13:24:44Z</time></trkpt><trkpt lat="43.40032621" lon="-5.82641437"><ele>214.87</ele><time>2024-09-06T13:24:45Z</time></trkpt><trkpt lat="43.40031268" lon="-5.82640595"><ele>214.95</ele><time>2024-09-06T13:24:46Z</time></trkpt><trkpt lat="43.40029916" lon="-5.82639753"><ele>215.03</ele><time>2024-09-06T13:24:47Z</time></trkpt><trkpt lat="43.40028563" lon="-5.82638911"><ele>215.11</ele><time>2024-09-06T13:24:48Z</time></trkpt><trkpt lat="43.40027211" lon="-5.82638068"><ele>215.18</ele><time>2024-09-06T13:24:49Z</time></trkpt><trkpt lat="43.40025858" lon="-5.82637226"><ele>215.26</ele><time>2024-09-06T13:24:50Z</time></trkpt><trkpt lat="43.40024505" lon="-5.82636384"><ele>215.34</ele><time>2024-09-06T13:24:51Z</time></trkpt><trkpt lat="43.40023153" lon="-5.82635542"><ele>215.42</ele><time>2024-09-06T13:24:52Z</time></trkpt><trkpt lat="43.40021800" lon="-5.82634700"><ele>215.50</ele><time>2024-09-06T13:24:53Z</time></trkpt><trkpt lat="43.40020563" lon="-5.82633674"><ele>215.47</ele><time>2024-09-06T13:24:54Z</time></trkpt><trkpt lat="43.40019326" lon="-5.82632647"><ele>215.45</ele><time>2024-09-06T13:24:55Z</time></trkpt><trkpt lat="43.40018089" lon="-5.82631621"><ele>215.42</ele><time>2024-09-06T13:24:56Z</time></trkpt><trkpt lat="43.40016853" lon="-5.82630595"><ele>215.39</ele><time>2024-09-06T13:24:57Z</time></trkpt><trkpt lat="43.40015616" lon="-5.82629568"><ele>215.37</ele><time>2024-09-06T13:24:58Z</time></trkpt><trkpt lat="43.40014379" lon="-5.82628542"><ele>215.34</ele><time>2024-09-06T13:24:59Z</time></trkpt><trkpt lat="43.40013142" lon="-5.82627516"><ele>215.32</ele><time>2024-09-06T13:25:00Z</time></trkpt><trkpt lat="43.40011905" lon="-5.82626489"><ele>215.29</ele><time>2024-09-06T13:25:01Z</time></trkpt><trkpt lat="43.40010668" lon="-5.82625463"><ele>215.26</ele><time>2024-09-06T13:25:02Z</time></trkpt><trkpt lat="43.40009432" lon="-5.82624437"><ele>215.24</ele><time>2024-09-06T13:25:03Z</time></trkpt><trkpt lat="43.40008195" lon="-5.82623411"><ele>215.21</ele><time>2024-09-06T13:25:04Z</time></trkpt><trkpt lat="43.40006958" lon="-5.82622384"><ele>215.18</ele><time>2024-09-06T13:25:05Z</time></trkpt><trkpt lat="43.40005721" lon="-5.82621358"><ele>215.16</ele><time>2024-09-06T13:25:06Z</time></trkpt><trkpt lat="43.40004484" lon="-5.82620332"><ele>215.13</ele><time>2024-09-06T13:25:07Z</time></trkpt><trkpt lat="43.40003247" lon="-5.82619305"><ele>215.11</ele><time>2024-09-06T13:25:08Z</time></trkpt><trkpt lat="43.40002011" lon="-5.82618279"><ele>215.08</ele><time>2024-09-06T13:25:09Z</time></trkpt><trkpt lat="43.40000774" lon="-5.82617253"><ele>215.05</ele><time>2024-09-06T13:25:10Z</time></trkpt><trkpt lat="43.39999537" lon="-5.82616226"><ele>215.03</ele><time>2024-09-06T13:25:11Z</time></trkpt><trkpt lat="43.39998300" lon="-5.82615200"><ele>215.00</ele><time>2024-09-06T13:25:12Z</time></trkpt><trkpt lat="43.39996886" lon="-5.82614243"><ele>214.90</ele><time>2024-09-06T13:25:13Z</time></trkpt><trkpt lat="43.39995471" lon="-5.82613286"><ele>214.80</ele><time>2024-09-06T13:25:14Z</time></trkpt><trkpt lat="43.39994057" lon="-5.82612329"><ele>214.70</ele><time>2024-09-06T13:25:15Z</time></trkpt><trkpt lat="43.39992643" lon="-5.82611371"><ele>214.60</ele><time>2024-09-06T13:25:16Z</time></trkpt><trkpt lat="43.39991229" lon="-5.82610414"><ele>214.50</ele><time>2024-09-06T13:25:17Z</time></trkpt><trkpt lat="43.39989814" lon="-5.82609457"><ele>214.40</ele><time>2024-09-06T13:25:18Z</time></trkpt><trkpt lat="43.39988400" lon="-5.82608500"><ele>214.30</ele><time>2024-09-06T13:25:19Z</time></trkpt><trkpt lat="43.39986986" lon="-5.82607543"><ele>214.20</ele><time>2024-09-06T13:25:20Z</time></trkpt><trkpt lat="43.39985571" lon="-5.82606586"><ele>214.10</ele><time>2024-09-06T13:25:21Z</time></trkpt><trkpt lat="43.39984157" lon="-5.82605629"><ele>214.00</ele><time>2024-09-06T13:25:22Z</time></trkpt><trkpt lat="43.39982743" lon="-5.82604671"><ele>213.90</ele><time>2024-09-06T13:25:23Z</time></trkpt><trkpt lat="43.39981329" lon="-5.82603714"><ele>213.80</ele><time>2024-09-06T13:25:24Z</time></trkpt><trkpt lat="43.39979914" lon="-5.82602757"><ele>213.70</ele><time>2024-09-06T13:25:25Z</time></trkpt><trkpt lat="43.39978500" lon="-5.82601800"><ele>213.60</ele><time>2024-09-06T13:25:26Z</time></trkpt><trkpt lat="43.39977105" lon="-5.82600905"><ele>213.55</ele><time>2024-09-06T13:25:27Z</time></trkpt><trkpt lat="43.39975710" lon="-5.82600010"><ele>213.50</ele><time>2024-09-06T13:25:28Z</time></trkpt><trkpt lat="43.39974314" lon="-5.82599114"><ele>213.46</ele><time>2024-09-06T13:25:29Z</time></trkpt><trkpt lat="43.39972919" lon="-5.82598219"><ele>213.41</ele><time>2024-09-06T13:25:30Z</time></trkpt><trkpt lat="43.39971524" lon="-5.82597324"><ele>213.36</ele><time>2024-09-06T13:25:31Z</time></trkpt><trkpt lat="43.39970129" lon="-5.82596429"><ele>213.31</ele><time>2024-09-06T13:25:32Z</time></trkpt><trkpt lat="43.39968733" lon="-5.82595533"><ele>213.27</ele><time>2024-09-06T13:25:33Z</time></trkpt><trkpt lat="43.39967338" lon="-5.82594638"><ele>213.22</ele><time>2024-09-06T13:25:34Z</time></trkpt><trkpt lat="43.39965943" lon="-5.82593743"><ele>213.17</ele><time>2024-09-06T13:25:35Z</time></trkpt><trkpt lat="43.39964548" lon="-5.82592848"><ele>213.12</ele><time>2024-09-06T13:25:36Z</time></trkpt><trkpt lat="43.39963152" lon="-5.82591952"><ele>213.08</ele><time>2024-09-06T13:25:37Z</time></trkpt><trkpt lat="43.39961757" lon="-5.82591057"><ele>213.03</ele><time>2024-09-06T13:25:38Z</time></trkpt><trkpt lat="43.39960362" lon="-5.82590162"><ele>212.98</ele><time>2024-09-06T13:25:39Z</time></trkpt><trkpt lat="43.39958967" lon="-5.82589267"><ele>212.93</ele><time>2024-09-06T13:25:40Z</time></trkpt><trkpt lat="43.39957571" lon="-5.82588371"><ele>212.89</ele><time>2024-09-06T13:25:41Z</time></trkpt><trkpt lat="43.39956176" lon="-5.82587476"><ele>212.84</ele><time>2024-09-06T13:25:42Z</time></trkpt><trkpt lat="43.39954781" lon="-5.82586581"><ele>212.79</ele><time>2024-09-06T13:25:43Z</time></trkpt><trkpt lat="43.39953386" lon="-5.82585686"><ele>212.74</ele><time>2024-09-06T13:25:44Z</time></trkpt><trkpt lat="43.39951990" lon="-5.82584790"><ele>212.70</ele><time>2024-09-06T13:25:45Z</time></trkpt><trkpt lat="43.39950595" lon="-5.82583895"><ele>212.65</ele><time>2024-09-06T13:25:46Z</time></trkpt><trkpt lat="43.39949200" lon="-5.82583000"><ele>212.60</ele><time>2024-09-06T13:25:47Z</time></trkpt><trkpt lat="43.39948011" lon="-5.82582121"><ele>212.55</ele><time>2024-09-06T13:25:48Z</time></trkpt><trkpt lat="43.39946821" lon="-5.82581242"><ele>212.49</ele><time>2024-09-06T13:25:49Z</time></trkpt><trkpt lat="43.39945632" lon="-5.82580363"><ele>212.44</ele><time>2024-09-06T13:25:50Z</time></trkpt><trkpt lat="43.39944442" lon="-5.82579484"><ele>212.39</ele><time>2024-09-06T13:25:51Z</time></trkpt><trkpt lat="43.39943253" lon="-5.82578605"><ele>212.34</ele><time>2024-09-06T13:25:52Z</time></trkpt><trkpt lat="43.39942063" lon="-5.82577726"><ele>212.28</ele><time>2024-09-06T13:25:53Z</time></trkpt><trkpt lat="43.39940874" lon="-5.82576847"><ele>212.23</ele><time>2024-09-06T13:25:54Z</time></trkpt><trkpt lat="43.39939684" lon="-5.82575968"><ele>212.18</ele><time>2024-09-06T13:25:55Z</time></trkpt><trkpt lat="43.39938495" lon="-5.82575089"><ele>212.13</ele><time>2024-09-06T13:25:56Z</time></trkpt><trkpt lat="43.39937305" lon="-5.82574211"><ele>212.07</ele><time>2024-09-06T13:25:57Z</time></trkpt><trkpt lat="43.39936116" lon="-5.82573332"><ele>212.02</ele><time>2024-09-06T13:25:58Z</time></trkpt><trkpt lat="43.39934926" lon="-5.82572453"><ele>211.97</ele><time>2024-09-06T13:25:59Z</time></trkpt><trkpt lat="43.39933737" lon="-5.82571574"><ele>211.92</ele><time>2024-09-06T13:26:00Z</time></trkpt><trkpt lat="43.39932547" lon="-5.82570695"><ele>211.86</ele><time>2024-09-06T13:26:01Z</time></trkpt><trkpt lat="43.39931358" lon="-5.82569816"><ele>211.81</ele><time>2024-09-06T13:26:02Z</time></trkpt><trkpt lat="43.39930168" lon="-5.82568937"><ele>211.76</ele><time>2024-09-06T13:26:03Z</time></trkpt><trkpt lat="43.39928979" lon="-5.82568058"><ele>211.71</ele><time>2024-09-06T13:26:04Z</time></trkpt><trkpt lat="43.39927789" lon="-5.82567179"><ele>211.65</ele><time>2024-09-06T13:26:05Z</time></trkpt><trkpt lat="43.39926600" lon="-5.82566300"><ele>211.60</ele><time>2024-09-06T13:26:06Z</time></trkpt><trkpt lat="43.39925460" lon="-5.82565320"><ele>212.18</ele><time>2024-09-06T13:26:07Z</time></trkpt><trkpt lat="43.39924320" lon="-5.82564340"><ele>212.76</ele><time>2024-09-06T13:26:08Z</time></trkpt><trkpt lat="43.39923180" lon="-5.82563360"><ele>213.34</ele><time>2024-09-06T13:26:09Z</time></trkpt><trkpt lat="43.39922040" lon="-5.82562380"><ele>213.92</ele><time>2024-09-06T13:26:10Z</time></trkpt><trkpt lat="43.39920900" lon="-5.82561400"><ele>214.50</ele><time>2024-09-06T13:26:11Z</time></trkpt><trkpt lat="43.39919500" lon="-5.82560531"><ele>214.54</ele><time>2024-09-06T13:26:12Z</time></trkpt><trkpt lat="43.39918100" lon="-5.82559662"><ele>214.58</ele><time>2024-09-06T13:26:13Z</time></trkpt><trkpt lat="43.39916700" lon="-5.82558792"><ele>214.62</ele><time>2024-09-06T13:26:14Z</time></trkpt><trkpt lat="43.39915300" lon="-5.82557923"><ele>214.65</ele><time>2024-09-06T13:26:15Z</time></trkpt><trkpt lat="43.39913900" lon="-5.82557054"><ele>214.69</ele><time>2024-09-06T13:26:16Z</time></trkpt><trkpt lat="43.39912500" lon="-5.82556185"><ele>214.73</ele><time>2024-09-06T13:26:17Z</time></trkpt><trkpt lat="43.39911100" lon="-5.82555315"><ele>214.77</ele><time>2024-09-06T13:26:18Z</time></trkpt><trkpt lat="43.39909700" lon="-5.82554446"><ele>214.81</ele><time>2024-09-06T13:26:19Z</time></trkpt><trkpt lat="43.39908300" lon="-5.82553577"><ele>214.85</ele><time>2024-09-06T13:26:20Z</time></trkpt><trkpt lat="43.39906900" lon="-5.82552708"><ele>214.88</ele><time>2024-09-06T13:26:21Z</time></trkpt><trkpt lat="43.39905500" lon="-5.82551838"><ele>214.92</ele><time>2024-09-06T13:26:22Z</time></trkpt><trkpt lat="43.39904100" lon="-5.82550969"><ele>214.96</ele><time>2024-09-06T13:26:23Z</time></trkpt><trkpt lat="43.39902700" lon="-5.82550100"><ele>215.00</ele><time>2024-09-06T13:26:24Z</time></trkpt><trkpt lat="43.39901100" lon="-5.82549233"><ele>214.03</ele><time>2024-09-06T13:26:25Z</time></trkpt><trkpt lat="43.39899500" lon="-5.82548367"><ele>213.07</ele><time>2024-09-06T13:26:26Z</time></trkpt><trkpt lat="43.39897900" lon="-5.82547500"><ele>212.10</ele><time>2024-09-06T13:26:27Z</time></trkpt><trkpt lat="43.39896312" lon="-5.82546750"><ele>212.57</ele><time>2024-09-06T13:26:28Z</time></trkpt><trkpt lat="43.39894725" lon="-5.82546000"><ele>213.05</ele><time>2024-09-06T13:26:29Z</time></trkpt><trkpt lat="43.39893137" lon="-5.82545250"><ele>213.53</ele><time>2024-09-06T13:26:30Z</time></trkpt><trkpt lat="43.39891550" lon="-5.82544500"><ele>214.00</ele><time>2024-09-06T13:26:31Z</time></trkpt><trkpt lat="43.39889962" lon="-5.82543750"><ele>214.47</ele><time>2024-09-06T13:26:32Z</time></trkpt><trkpt lat="43.39888375" lon="-5.82543000"><ele>214.95</ele><time>2024-09-06T13:26:33Z</time></trkpt><trkpt lat="43.39886788" lon="-5.82542250"><ele>215.43</ele><time>2024-09-06T13:26:34Z</time></trkpt><trkpt lat="43.39885200" lon="-5.82541500"><ele>215.90</ele><time>2024-09-06T13:26:35Z</time></trkpt><trkpt lat="43.39883900" lon="-5.82540800"><ele>214.50</ele><time>2024-09-06T13:26:36Z</time></trkpt><trkpt lat="43.39882687" lon="-5.82539807"><ele>214.57</ele><time>2024-09-06T13:26:37Z</time></trkpt><trkpt lat="43.39881473" lon="-5.82538813"><ele>214.63</ele><time>2024-09-06T13:26:38Z</time></trkpt><trkpt lat="43.39880260" lon="-5.82537820"><ele>214.70</ele><time>2024-09-06T13:26:39Z</time></trkpt><trkpt lat="43.39879047" lon="-5.82536827"><ele>214.77</ele><time>2024-09-06T13:26:40Z</time></trkpt><trkpt lat="43.39877833" lon="-5.82535833"><ele>214.83</ele><time>2024-09-06T13:26:41Z</time></trkpt><trkpt lat="43.39876620" lon="-5.82534840"><ele>214.90</ele><time>2024-09-06T13:26:42Z</time></trkpt><trkpt lat="43.39875407" lon="-5.82533847"><ele>214.97</ele><time>2024-09-06T13:26:43Z</time></trkpt><trkpt lat="43.39874193" lon="-5.82532853"><ele>215.03</ele><time>2024-09-06T13:26:44Z</time></trkpt><trkpt lat="43.39872980" lon="-5.82531860"><ele>215.10</ele><time>2024-09-06T13:26:45Z</time></trkpt><trkpt lat="43.39871767" lon="-5.82530867"><ele>215.17</ele><time>2024-09-06T13:26:46Z</time></trkpt><trkpt lat="43.39870553" lon="-5.82529873"><ele>215.23</ele><time>2024-09-06T13:26:47Z</time></trkpt><trkpt lat="43.39869340" lon="-5.82528880"><ele>215.30</ele><time>2024-09-06T13:26:48Z</time></trkpt><trkpt lat="43.39868127" lon="-5.82527887"><ele>215.37</ele><time>2024-09-06T13:26:49Z</time></trkpt><trkpt lat="43.39866913" lon="-5.82526893"><ele>215.43</ele><time>2024-09-06T13:26:50Z</time></trkpt><trkpt lat="43.39865700" lon="-5.82525900"><ele>215.50</ele><time>2024-09-06T13:26:51Z</time></trkpt><trkpt lat="43.39864453" lon="-5.82524988"><ele>215.64</ele><time>2024-09-06T13:26:52Z</time></trkpt><trkpt lat="43.39863206" lon="-5.82524076"><ele>215.78</ele><time>2024-09-06T13:26:53Z</time></trkpt><trkpt lat="43.39861959" lon="-5.82523165"><ele>215.92</ele><time>2024-09-06T13:26:54Z</time></trkpt><trkpt lat="43.39860712" lon="-5.82522253"><ele>216.06</ele><time>2024-09-06T13:26:55Z</time></trkpt><trkpt lat="43.39859465" lon="-5.82521341"><ele>216.21</ele><time>2024-09-06T13:26:56Z</time></trkpt><trkpt lat="43.39858218" lon="-5.82520429"><ele>216.35</ele><time>2024-09-06T13:26:57Z</time></trkpt><trkpt lat="43.39856971" lon="-5.82519518"><ele>216.49</ele><time>2024-09-06T13:26:58Z</time></trkpt><trkpt lat="43.39855724" lon="-5.82518606"><ele>216.63</ele><time>2024-09-06T13:26:59Z</time></trkpt><trkpt lat="43.39854476" lon="-5.82517694"><ele>216.77</ele><time>2024-09-06T13:27:00Z</time></trkpt><trkpt lat="43.39853229" lon="-5.82516782"><ele>216.91</ele><time>2024-09-06T13:27:01Z</time></trkpt><trkpt lat="43.39851982" lon="-5.82515871"><ele>217.05</ele><time>2024-09-06T13:27:02Z</time></trkpt><trkpt lat="43.39850735" lon="-5.82514959"><ele>217.19</ele><time>2024-09-06T13:27:03Z</time></trkpt><trkpt lat="43.39849488" lon="-5.82514047"><ele>217.34</ele><time>2024-09-06T13:27:04Z</time></trkpt><trkpt lat="43.39848241" lon="-5.82513135"><ele>217.48</ele><time>2024-09-06T13:27:05Z</time></trkpt><trkpt lat="43.39846994" lon="-5.82512224"><ele>217.62</ele><time>2024-09-06T13:27:06Z</time></trkpt><trkpt lat="43.39845747" lon="-5.82511312"><ele>217.76</ele><time>2024-09-06T13:27:07Z</time></trkpt><trkpt lat="43.39844500" lon="-5.82510400"><ele>217.90</ele><time>2024-09-06T13:27:08Z</time></trkpt><trkpt lat="43.39843513" lon="-5.82510220"><ele>217.87</ele><time>2024-09-06T13:27:09Z</time></trkpt><trkpt lat="43.39842527" lon="-5.82510040"><ele>217.83</ele><time>2024-09-06T13:27:10Z</time></trkpt><trkpt lat="43.39841540" lon="-5.82509860"><ele>217.80</ele><time>2024-09-06T13:27:11Z</time></trkpt><trkpt lat="43.39840553" lon="-5.82509680"><ele>217.77</ele><time>2024-09-06T13:27:12Z</time></trkpt><trkpt lat="43.39839567" lon="-5.82509500"><ele>217.73</ele><time>2024-09-06T13:27:13Z</time></trkpt><trkpt lat="43.39838580" lon="-5.82509320"><ele>217.70</ele><time>2024-09-06T13:27:14Z</time></trkpt><trkpt lat="43.39837593" lon="-5.82509140"><ele>217.67</ele><time>2024-09-06T13:27:15Z</time></trkpt><trkpt lat="43.39836607" lon="-5.82508960"><ele>217.63</ele><time>2024-09-06T13:27:16Z</time></trkpt><trkpt lat="43.39835620" lon="-5.82508780"><ele>217.60</ele><time>2024-09-06T13:27:17Z</time></trkpt><trkpt lat="43.39834633" lon="-5.82508600"><ele>217.57</ele><time>2024-09-06T13:27:18Z</time></trkpt><trkpt lat="43.39833647" lon="-5.82508420"><ele>217.53</ele><time>2024-09-06T13:27:19Z</time></trkpt><trkpt lat="43.39832660" lon="-5.82508240"><ele>217.50</ele><time>2024-09-06T13:27:20Z</time></trkpt><trkpt lat="43.39831673" lon="-5.82508060"><ele>217.47</ele><time>2024-09-06T13:27:21Z</time></trkpt><trkpt lat="43.39830687" lon="-5.82507880"><ele>217.43</ele><time>2024-09-06T13:27:22Z</time></trkpt><trkpt lat="43.39829700" lon="-5.82507700"><ele>217.40</ele><time>2024-09-06T13:27:23Z</time></trkpt><trkpt lat="43.39828400" lon="-5.82507600"><ele>217.90</ele><time>2024-09-06T13:27:24Z</time></trkpt><trkpt lat="43.39826800" lon="-5.82507667"><ele>218.53</ele><time>2024-09-06T13:27:25Z</time></trkpt><trkpt lat="43.39825200" lon="-5.82507733"><ele>219.17</ele><time>2024-09-06T13:27:26Z</time></trkpt><trkpt lat="43.39823600" lon="-5.82507800"><ele>219.80</ele><time>2024-09-06T13:27:27Z</time></trkpt><trkpt lat="43.39821915" lon="-5.82507945"><ele>219.75</ele><time>2024-09-06T13:27:28Z</time></trkpt><trkpt lat="43.39820230" lon="-5.82508090"><ele>219.70</ele><time>2024-09-06T13:27:29Z</time></trkpt><trkpt lat="43.39818545" lon="-5.82508235"><ele>219.65</ele><time>2024-09-06T13:27:30Z</time></trkpt><trkpt lat="43.39816860" lon="-5.82508380"><ele>219.60</ele><time>2024-09-06T13:27:31Z</time></trkpt><trkpt lat="43.39815175" lon="-5.82508525"><ele>219.55</ele><time>2024-09-06T13:27:32Z</time></trkpt><trkpt lat="43.39813490" lon="-5.82508670"><ele>219.50</ele><time>2024-09-06T13:27:33Z</time></trkpt><trkpt lat="43.39811805" lon="-5.82508815"><ele>219.45</ele><time>2024-09-06T13:27:34Z</time></trkpt><trkpt lat="43.39810120" lon="-5.82508960"><ele>219.40</ele><time>2024-09-06T13:27:35Z</time></trkpt><trkpt lat="43.39808435" lon="-5.82509105"><ele>219.35</ele><time>2024-09-06T13:27:36Z</time></trkpt><trkpt lat="43.39806750" lon="-5.82509250"><ele>219.30</ele><time>2024-09-06T13:27:37Z</time></trkpt><trkpt lat="43.39805065" lon="-5.82509395"><ele>219.25</ele><time>2024-09-06T13:27:38Z</time></trkpt><trkpt lat="43.39803380" lon="-5.82509540"><ele>219.20</ele><time>2024-09-06T13:27:39Z</time></trkpt><trkpt lat="43.39801695" lon="-5.82509685"><ele>219.15</ele><time>2024-09-06T13:27:40Z</time></trkpt><trkpt lat="43.39800010" lon="-5.82509830"><ele>219.10</ele><time>2024-09-06T13:27:41Z</time></trkpt><trkpt lat="43.39798325" lon="-5.82509975"><ele>219.05</ele><time>2024-09-06T13:27:42Z</time></trkpt><trkpt lat="43.39796640" lon="-5.82510120"><ele>219.00</ele><time>2024-09-06T13:27:43Z</time></trkpt><trkpt lat="43.39794955" lon="-5.82510265"><ele>218.95</ele><time>2024-09-06T13:27:44Z</time></trkpt><trkpt lat="43.39793270" lon="-5.82510410"><ele>218.90</ele><time>2024-09-06T13:27:45Z</time></trkpt><trkpt lat="43.39791585" lon="-5.82510555"><ele>218.85</ele><time>2024-09-06T13:27:46Z</time></trkpt><trkpt lat="43.39789900" lon="-5.82510700"><ele>218.80</ele><time>2024-09-06T13:27:47Z</time></trkpt><trkpt lat="43.39788090" lon="-5.82511085"><ele>218.88</ele><time>2024-09-06T13:27:48Z</time></trkpt><trkpt lat="43.39786280" lon="-5.82511470"><ele>218.95</ele><time>2024-09-06T13:27:49Z</time></trkpt><trkpt lat="43.39784470" lon="-5.82511855"><ele>219.03</ele><time>2024-09-06T13:27:50Z</time></trkpt><trkpt lat="43.39782660" lon="-5.82512240"><ele>219.10</ele><time>2024-09-06T13:27:51Z</time></trkpt><trkpt lat="43.39780850" lon="-5.82512625"><ele>219.18</ele><time>2024-09-06T13:27:52Z</time></trkpt><trkpt lat="43.39779040" lon="-5.82513010"><ele>219.25</ele><time>2024-09-06T13:27:53Z</time></trkpt><trkpt lat="43.39777230" lon="-5.82513395"><ele>219.33</ele><time>2024-09-06T13:27:54Z</time></trkpt><trkpt lat="43.39775420" lon="-5.82513780"><ele>219.40</ele><time>2024-09-06T13:27:55Z</time></trkpt><trkpt lat="43.39773610" lon="-5.82514165"><ele>219.48</ele><time>2024-09-06T13:27:56Z</time></trkpt><trkpt lat="43.39771800" lon="-5.82514550"><ele>219.55</ele><time>2024-09-06T13:27:57Z</time></trkpt><trkpt lat="43.39769990" lon="-5.82514935"><ele>219.62</ele><time>2024-09-06T13:27:58Z</time></trkpt><trkpt lat="43.39768180" lon="-5.82515320"><ele>219.70</ele><time>2024-09-06T13:27:59Z</time></trkpt><trkpt lat="43.39766370" lon="-5.82515705"><ele>219.78</ele><time>2024-09-06T13:28:00Z</time></trkpt><trkpt lat="43.39764560" lon="-5.82516090"><ele>219.85</ele><time>2024-09-06T13:28:01Z</time></trkpt><trkpt lat="43.39762750" lon="-5.82516475"><ele>219.93</ele><time>2024-09-06T13:28:02Z</time></trkpt><trkpt lat="43.39760940" lon="-5.82516860"><ele>220.00</ele><time>2024-09-06T13:28:03Z</time></trkpt><trkpt lat="43.39759130" lon="-5.82517245"><ele>220.08</ele><time>2024-09-06T13:28:04Z</time></trkpt><trkpt lat="43.39757320" lon="-5.82517630"><ele>220.15</ele><time>2024-09-06T13:28:05Z</time></trkpt><trkpt lat="43.39755510" lon="-5.82518015"><ele>220.23</ele><time>2024-09-06T13:28:06Z</time></trkpt><trkpt lat="43.39753700" lon="-5.82518400"><ele>220.30</ele><time>2024-09-06T13:28:07Z</time></trkpt><trkpt lat="43.39752131" lon="-5.82519308"><ele>220.59</ele><time>2024-09-06T13:28:08Z</time></trkpt><trkpt lat="43.39750562" lon="-5.82520215"><ele>220.88</ele><time>2024-09-06T13:28:09Z</time></trkpt><trkpt lat="43.39748992" lon="-5.82521123"><ele>221.18</ele><time>2024-09-06T13:28:10Z</time></trkpt><trkpt lat="43.39747423" lon="-5.82522031"><ele>221.47</ele><time>2024-09-06T13:28:11Z</time></trkpt><trkpt lat="43.39745854" lon="-5.82522938"><ele>221.76</ele><time>2024-09-06T13:28:12Z</time></trkpt><trkpt lat="43.39744285" lon="-5.82523846"><ele>222.05</ele><time>2024-09-06T13:28:13Z</time></trkpt><trkpt lat="43.39742715" lon="-5.82524754"><ele>222.35</ele><time>2024-09-06T13:28:14Z</time></trkpt><trkpt lat="43.39741146" lon="-5.82525662"><ele>222.64</ele><time>2024-09-06T13:28:15Z</time></trkpt><trkpt lat="43.39739577" lon="-5.82526569"><ele>222.93</ele><time>2024-09-06T13:28:16Z</time></trkpt><trkpt lat="43.39738008" lon="-5.82527477"><ele>223.22</ele><time>2024-09-06T13:28:17Z</time></trkpt><trkpt lat="43.39736438" lon="-5.82528385"><ele>223.52</ele><time>2024-09-06T13:28:18Z</time></trkpt><trkpt lat="43.39734869" lon="-5.82529292"><ele>223.81</ele><time>2024-09-06T13:28:19Z</time></trkpt><trkpt lat="43.39733300" lon="-5.82530200"><ele>224.10</ele><time>2024-09-06T13:28:20Z</time></trkpt><trkpt lat="43.39731933" lon="-5.82531300"><ele>223.00</ele><time>2024-09-06T13:28:21Z</time></trkpt><trkpt lat="43.39730567" lon="-5.82532400"><ele>221.90</ele><time>2024-09-06T13:28:22Z</time></trkpt><trkpt lat="43.39729200" lon="-5.82533500"><ele>220.80</ele><time>2024-09-06T13:28:23Z</time></trkpt><trkpt lat="43.39727706" lon="-5.82533856"><ele>221.01</ele><time>2024-09-06T13:28:24Z</time></trkpt><trkpt lat="43.39726211" lon="-5.82534211"><ele>221.22</ele><time>2024-09-06T13:28:25Z</time></trkpt><trkpt lat="43.39724717" lon="-5.82534567"><ele>221.43</ele><time>2024-09-06T13:28:26Z</time></trkpt><trkpt lat="43.39723222" lon="-5.82534922"><ele>221.64</ele><time>2024-09-06T13:28:27Z</time></trkpt><trkpt lat="43.39721728" lon="-5.82535278"><ele>221.86</ele><time>2024-09-06T13:28:28Z</time></trkpt><trkpt lat="43.39720233" lon="-5.82535633"><ele>222.07</ele><time>2024-09-06T13:28:29Z</time></trkpt><trkpt lat="43.39718739" lon="-5.82535989"><ele>222.28</ele><time>2024-09-06T13:28:30Z</time></trkpt><trkpt lat="43.39717244" lon="-5.82536344"><ele>222.49</ele><time>2024-09-06T13:28:31Z</time></trkpt><trkpt lat="43.39715750" lon="-5.82536700"><ele>222.70</ele><time>2024-09-06T13:28:32Z</time></trkpt><trkpt lat="43.39714256" lon="-5.82537056"><ele>222.91</ele><time>2024-09-06T13:28:33Z</time></trkpt><trkpt lat="43.39712761" lon="-5.82537411"><ele>223.12</ele><time>2024-09-06T13:28:34Z</time></trkpt><trkpt lat="43.39711267" lon="-5.82537767"><ele>223.33</ele><time>2024-09-06T13:28:35Z</time></trkpt><trkpt lat="43.39709772" lon="-5.82538122"><ele>223.54</ele><time>2024-09-06T13:28:36Z</time></trkpt><trkpt lat="43.39708278" lon="-5.82538478"><ele>223.76</ele><time>2024-09-06T13:28:37Z</time></trkpt><trkpt lat="43.39706783" lon="-5.82538833"><ele>223.97</ele><time>2024-09-06T13:28:38Z</time></trkpt><trkpt lat="43.39705289" lon="-5.82539189"><ele>224.18</ele><time>2024-09-06T13:28:39Z</time></trkpt><trkpt lat="43.39703794" lon="-5.82539544"><ele>224.39</ele><time>2024-09-06T13:28:40Z</time></trkpt><trkpt lat="43.39702300" lon="-5.82539900"><ele>224.60</ele><time>2024-09-06T13:28:41Z</time></trkpt><trkpt lat="43.39700700" lon="-5.82539882"><ele>224.66</ele><time>2024-09-06T13:28:42Z</time></trkpt><trkpt lat="43.39699100" lon="-5.82539865"><ele>224.72</ele><time>2024-09-06T13:28:43Z</time></trkpt><trkpt lat="43.39697500" lon="-5.82539847"><ele>224.78</ele><time>2024-09-06T13:28:44Z</time></trkpt><trkpt lat="43.39695900" lon="-5.82539829"><ele>224.84</ele><time>2024-09-06T13:28:45Z</time></trkpt><trkpt lat="43.39694300" lon="-5.82539812"><ele>224.89</ele><time>2024-09-06T13:28:46Z</time></trkpt><trkpt lat="43.39692700" lon="-5.82539794"><ele>224.95</ele><time>2024-09-06T13:28:47Z</time></trkpt><trkpt lat="43.39691100" lon="-5.82539776"><ele>225.01</ele><time>2024-09-06T13:28:48Z</time></trkpt><trkpt lat="43.39689500" lon="-5.82539759"><ele>225.07</ele><time>2024-09-06T13:28:49Z</time></trkpt><trkpt lat="43.39687900" lon="-5.82539741"><ele>225.13</ele><time>2024-09-06T13:28:50Z</time></trkpt><trkpt lat="43.39686300" lon="-5.82539724"><ele>225.19</ele><time>2024-09-06T13:28:51Z</time></trkpt><trkpt lat="43.39684700" lon="-5.82539706"><ele>225.25</ele><time>2024-09-06T13:28:52Z</time></trkpt><trkpt lat="43.39683100" lon="-5.82539688"><ele>225.31</ele><time>2024-09-06T13:28:53Z</time></trkpt><trkpt lat="43.39681500" lon="-5.82539671"><ele>225.36</ele><time>2024-09-06T13:28:54Z</time></trkpt><trkpt lat="43.39679900" lon="-5.82539653"><ele>225.42</ele><time>2024-09-06T13:28:55Z</time></trkpt><trkpt lat="43.39678300" lon="-5.82539635"><ele>225.48</ele><time>2024-09-06T13:28:56Z</time></trkpt><trkpt lat="43.39676700" lon="-5.82539618"><ele>225.54</ele><time>2024-09-06T13:28:57Z</time></trkpt><trkpt lat="43.39675100" lon="-5.82539600"><ele>225.60</ele><time>2024-09-06T13:28:58Z</time></trkpt><trkpt lat="43.39673850" lon="-5.82539900"><ele>224.85</ele><time>2024-09-06T13:28:59Z</time></trkpt><trkpt lat="43.39672600" lon="-5.82540200"><ele>224.10</ele><time>2024-09-06T13:29:00Z</time></trkpt><trkpt lat="43.39671067" lon="-5.82540548"><ele>224.21</ele><time>2024-09-06T13:29:01Z</time></trkpt><trkpt lat="43.39669533" lon="-5.82540895"><ele>224.33</ele><time>2024-09-06T13:29:02Z</time></trkpt><trkpt lat="43.39668000" lon="-5.82541243"><ele>224.44</ele><time>2024-09-06T13:29:03Z</time></trkpt><trkpt lat="43.39666467" lon="-5.82541590"><ele>224.56</ele><time>2024-09-06T13:29:04Z</time></trkpt><trkpt lat="43.39664933" lon="-5.82541938"><ele>224.67</ele><time>2024-09-06T13:29:05Z</time></trkpt><trkpt lat="43.39663400" lon="-5.82542286"><ele>224.79</ele><time>2024-09-06T13:29:06Z</time></trkpt><trkpt lat="43.39661867" lon="-5.82542633"><ele>224.90</ele><time>2024-09-06T13:29:07Z</time></trkpt><trkpt lat="43.39660333" lon="-5.82542981"><ele>225.01</ele><time>2024-09-06T13:29:08Z</time></trkpt><trkpt lat="43.39658800" lon="-5.82543329"><ele>225.13</ele><time>2024-09-06T13:29:09Z</time></trkpt><trkpt lat="43.39657267" lon="-5.82543676"><ele>225.24</ele><time>2024-09-06T13:29:10Z</time></trkpt><trkpt lat="43.39655733" lon="-5.82544024"><ele>225.36</ele><time>2024-09-06T13:29:11Z</time></trkpt><trkpt lat="43.39654200" lon="-5.82544371"><ele>225.47</ele><time>2024-09-06T13:29:12Z</time></trkpt><trkpt lat="43.39652667" lon="-5.82544719"><ele>225.59</ele><time>2024-09-06T13:29:13Z</time></trkpt><trkpt lat="43.39651133" lon="-5.82545067"><ele>225.70</ele><time>2024-09-06T13:29:14Z</time></trkpt><trkpt lat="43.39649600" lon="-5.82545414"><ele>225.81</ele><time>2024-09-06T13:29:15Z</time></trkpt><trkpt lat="43.39648067" lon="-5.82545762"><ele>225.93</ele><time>2024-09-06T13:29:16Z</time></trkpt><trkpt lat="43.39646533" lon="-5.82546110"><ele>226.04</ele><time>2024-09-06T13:29:17Z</time></trkpt><trkpt lat="43.39645000" lon="-5.82546457"><ele>226.16</ele><time>2024-09-06T13:29:18Z</time></trkpt><trkpt lat="43.39643467" lon="-5.82546805"><ele>226.27</ele><time>2024-09-06T13:29:19Z</time></trkpt><trkpt lat="43.39641933" lon="-5.82547152"><ele>226.39</ele><time>2024-09-06T13:29:20Z</time></trkpt><trkpt lat="43.39640400" lon="-5.82547500"><ele>226.50</ele><time>2024-09-06T13:29:21Z</time></trkpt><trkpt lat="43.39639400" lon="-5.82546800"><ele>226.75</ele><time>2024-09-06T13:29:22Z</time></trkpt><trkpt lat="43.39638400" lon="-5.82546100"><ele>227.00</ele><time>2024-09-06T13:29:23Z</time></trkpt><trkpt lat="43.39636805" lon="-5.82545877"><ele>227.02</ele><time>2024-09-06T13:29:24Z</time></trkpt><trkpt lat="43.39635209" lon="-5.82545655"><ele>227.05</ele><time>2024-09-06T13:29:25Z</time></trkpt><trkpt lat="43.39633614" lon="-5.82545432"><ele>227.07</ele><time>2024-09-06T13:29:26Z</time></trkpt><trkpt lat="43.39632018" lon="-5.82545209"><ele>227.09</ele><time>2024-09-06T13:29:27Z</time></trkpt><trkpt lat="43.39630423" lon="-5.82544986"><ele>227.11</ele><time>2024-09-06T13:29:28Z</time></trkpt><trkpt lat="43.39628827" lon="-5.82544764"><ele>227.14</ele><time>2024-09-06T13:29:29Z</time></trkpt><trkpt lat="43.39627232" lon="-5.82544541"><ele>227.16</ele><time>2024-09-06T13:29:30Z</time></trkpt><trkpt lat="43.39625636" lon="-5.82544318"><ele>227.18</ele><time>2024-09-06T13:29:31Z</time></trkpt><trkpt lat="43.39624041" lon="-5.82544095"><ele>227.20</ele><time>2024-09-06T13:29:32Z</time></trkpt><trkpt lat="43.39622445" lon="-5.82543873"><ele>227.23</ele><time>2024-09-06T13:29:33Z</time></trkpt><trkpt lat="43.39620850" lon="-5.82543650"><ele>227.25</ele><time>2024-09-06T13:29:34Z</time></trkpt><trkpt lat="43.39619255" lon="-5.82543427"><ele>227.27</ele><time>2024-09-06T13:29:35Z</time></trkpt><trkpt lat="43.39617659" lon="-5.82543205"><ele>227.30</ele><time>2024-09-06T13:29:36Z</time></trkpt><trkpt lat="43.39616064" lon="-5.82542982"><ele>227.32</ele><time>2024-09-06T13:29:37Z</time></trkpt><trkpt lat="43.39614468" lon="-5.82542759"><ele>227.34</ele><time>2024-09-06T13:29:38Z</time></trkpt><trkpt lat="43.39612873" lon="-5.82542536"><ele>227.36</ele><time>2024-09-06T13:29:39Z</time></trkpt><trkpt lat="43.39611277" lon="-5.82542314"><ele>227.39</ele><time>2024-09-06T13:29:40Z</time></trkpt><trkpt lat="43.39609682" lon="-5.82542091"><ele>227.41</ele><time>2024-09-06T13:29:41Z</time></trkpt><trkpt lat="43.39608086" lon="-5.82541868"><ele>227.43</ele><time>2024-09-06T13:29:42Z</time></trkpt><trkpt lat="43.39606491" lon="-5.82541645"><ele>227.45</ele><time>2024-09-06T13:29:43Z</time></trkpt><trkpt lat="43.39604895" lon="-5.82541423"><ele>227.48</ele><time>2024-09-06T13:29:44Z</time></trkpt><trkpt lat="43.39603300" lon="-5.82541200"><ele>227.50</ele><time>2024-09-06T13:29:45Z</time></trkpt><trkpt lat="43.39601882" lon="-5.82541191"><ele>227.76</ele><time>2024-09-06T13:29:46Z</time></trkpt><trkpt lat="43.39600464" lon="-5.82541182"><ele>228.03</ele><time>2024-09-06T13:29:47Z</time></trkpt><trkpt lat="43.39599045" lon="-5.82541173"><ele>228.29</ele><time>2024-09-06T13:29:48Z</time></trkpt><trkpt lat="43.39597627" lon="-5.82541164"><ele>228.55</ele><time>2024-09-06T13:29:49Z</time></trkpt><trkpt lat="43.39596209" lon="-5.82541155"><ele>228.82</ele><time>2024-09-06T13:29:50Z</time></trkpt><trkpt lat="43.39594791" lon="-5.82541145"><ele>229.08</ele><time>2024-09-06T13:29:51Z</time></trkpt><trkpt lat="43.39593373" lon="-5.82541136"><ele>229.35</ele><time>2024-09-06T13:29:52Z</time></trkpt><trkpt lat="43.39591955" lon="-5.82541127"><ele>229.61</ele><time>2024-09-06T13:29:53Z</time></trkpt><trkpt lat="43.39590536" lon="-5.82541118"><ele>229.87</ele><time>2024-09-06T13:29:54Z</time></trkpt><trkpt lat="43.39589118" lon="-5.82541109"><ele>230.14</ele><time>2024-09-06T13:29:55Z</time></trkpt><trkpt lat="43.39587700" lon="-5.82541100"><ele>230.40</ele><time>2024-09-06T13:29:56Z</time></trkpt><trkpt lat="43.39586106" lon="-5.82541276"><ele>230.37</ele><time>2024-09-06T13:29:57Z</time></trkpt><trkpt lat="43.39584512" lon="-5.82541453"><ele>230.34</ele><time>2024-09-06T13:29:58Z</time></trkpt><trkpt lat="43.39582918" lon="-5.82541629"><ele>230.31</ele><time>2024-09-06T13:29:59Z</time></trkpt><trkpt lat="43.39581324" lon="-5.82541806"><ele>230.28</ele><time>2024-09-06T13:30:00Z</time></trkpt><trkpt lat="43.39579729" lon="-5.82541982"><ele>230.25</ele><time>2024-09-06T13:30:01Z</time></trkpt><trkpt lat="43.39578135" lon="-5.82542159"><ele>230.22</ele><time>2024-09-06T13:30:02Z</time></trkpt><trkpt lat="43.39576541" lon="-5.82542335"><ele>230.19</ele><time>2024-09-06T13:30:03Z</time></trkpt><trkpt lat="43.39574947" lon="-5.82542512"><ele>230.16</ele><time>2024-09-06T13:30:04Z</time></trkpt><trkpt lat="43.39573353" lon="-5.82542688"><ele>230.14</ele><time>2024-09-06T13:30:05Z</time></trkpt><trkpt lat="43.39571759" lon="-5.82542865"><ele>230.11</ele><time>2024-09-06T13:30:06Z</time></trkpt><trkpt lat="43.39570165" lon="-5.82543041"><ele>230.08</ele><time>2024-09-06T13:30:07Z</time></trkpt><trkpt lat="43.39568571" lon="-5.82543218"><ele>230.05</ele><time>2024-09-06T13:30:08Z</time></trkpt><trkpt lat="43.39566976" lon="-5.82543394"><ele>230.02</ele><time>2024-09-06T13:30:09Z</time></trkpt><trkpt lat="43.39565382" lon="-5.82543571"><ele>229.99</ele><time>2024-09-06T13:30:10Z</time></trkpt><trkpt lat="43.39563788" lon="-5.82543747"><ele>229.96</ele><time>2024-09-06T13:30:11Z</time></trkpt><trkpt lat="43.39562194" lon="-5.82543924"><ele>229.93</ele><time>2024-09-06T13:30:12Z</time></trkpt><trkpt lat="43.39560600" lon="-5.82544100"><ele>229.90</ele><time>2024-09-06T13:30:13Z</time></trkpt><trkpt lat="43.39558791" lon="-5.82543855"><ele>229.90</ele><time>2024-09-06T13:30:14Z</time></trkpt><trkpt lat="43.39556982" lon="-5.82543609"><ele>229.90</ele><time>2024-09-06T13:30:15Z</time></trkpt><trkpt lat="43.39555173" lon="-5.82543364"><ele>229.90</ele><time>2024-09-06T13:30:16Z</time></trkpt><trkpt lat="43.39553364" lon="-5.82543118"><ele>229.90</ele><time>2024-09-06T13:30:17Z</time></trkpt><trkpt lat="43.39551555" lon="-5.82542873"><ele>229.90</ele><time>2024-09-06T13:30:18Z</time></trkpt><trkpt lat="43.39549745" lon="-5.82542627"><ele>229.90</ele><time>2024-09-06T13:30:19Z</time></trkpt><trkpt lat="43.39547936" lon="-5.82542382"><ele>229.90</ele><time>2024-09-06T13:30:20Z</time></trkpt><trkpt lat="43.39546127" lon="-5.82542136"><ele>229.90</ele><time>2024-09-06T13:30:21Z</time></trkpt><trkpt lat="43.39544318" lon="-5.82541891"><ele>229.90</ele><time>2024-09-06T13:30:22Z</time></trkpt><trkpt lat="43.39542509" lon="-5.82541645"><ele>229.90</ele><time>2024-09-06T13:30:23Z</time></trkpt><trkpt lat="43.39540700" lon="-5.82541400"><ele>229.90</ele><time>2024-09-06T13:30:24Z</time></trkpt><trkpt lat="43.39538967" lon="-5.82541244"><ele>229.93</ele><time>2024-09-06T13:30:25Z</time></trkpt><trkpt lat="43.39537233" lon="-5.82541089"><ele>229.96</ele><time>2024-09-06T13:30:26Z</time></trkpt><trkpt lat="43.39535500" lon="-5.82540933"><ele>229.98</ele><time>2024-09-06T13:30:27Z</time></trkpt><trkpt lat="43.39533767" lon="-5.82540778"><ele>230.01</ele><time>2024-09-06T13:30:28Z</time></trkpt><trkpt lat="43.39532033" lon="-5.82540622"><ele>230.04</ele><time>2024-09-06T13:30:29Z</time></trkpt><trkpt lat="43.39530300" lon="-5.82540467"><ele>230.07</ele><time>2024-09-06T13:30:30Z</time></trkpt><trkpt lat="43.39528567" lon="-5.82540311"><ele>230.09</ele><time>2024-09-06T13:30:31Z</time></trkpt><trkpt lat="43.39526833" lon="-5.82540156"><ele>230.12</ele><time>2024-09-06T13:30:32Z</time></trkpt><trkpt lat="43.39525100" lon="-5.82540000"><ele>230.15</ele><time>2024-09-06T13:30:33Z</time></trkpt><trkpt lat="43.39523367" lon="-5.82539844"><ele>230.18</ele><time>2024-09-06T13:30:34Z</time></trkpt><trkpt lat="43.39521633" lon="-5.82539689"><ele>230.21</ele><time>2024-09-06T13:30:35Z</time></trkpt><trkpt lat="43.39519900" lon="-5.82539533"><ele>230.23</ele><time>2024-09-06T13:30:36Z</time></trkpt><trkpt lat="43.39518167" lon="-5.82539378"><ele>230.26</ele><time>2024-09-06T13:30:37Z</time></trkpt><trkpt lat="43.39516433" lon="-5.82539222"><ele>230.29</ele><time>2024-09-06T13:30:38Z</time></trkpt><trkpt lat="43.39514700" lon="-5.82539067"><ele>230.32</ele><time>2024-09-06T13:30:39Z</time></trkpt><trkpt lat="43.39512967" lon="-5.82538911"><ele>230.34</ele><time>2024-09-06T13:30:40Z</time></trkpt><trkpt lat="43.39511233" lon="-5.82538756"><ele>230.37</ele><time>2024-09-06T13:30:41Z</time></trkpt><trkpt lat="43.39509500" lon="-5.82538600"><ele>230.40</ele><time>2024-09-06T13:30:42Z</time></trkpt><trkpt lat="43.39507967" lon="-5.82538448"><ele>230.35</ele><time>2024-09-06T13:30:43Z</time></trkpt><trkpt lat="43.39506433" lon="-5.82538295"><ele>230.30</ele><time>2024-09-06T13:30:44Z</time></trkpt><trkpt lat="43.39504900" lon="-5.82538143"><ele>230.26</ele><time>2024-09-06T13:30:45Z</time></trkpt><trkpt lat="43.39503367" lon="-5.82537990"><ele>230.21</ele><time>2024-09-06T13:30:46Z</time></trkpt><trkpt lat="43.39501833" lon="-5.82537838"><ele>230.16</ele><time>2024-09-06T13:30:47Z</time></trkpt><trkpt lat="43.39500300" lon="-5.82537686"><ele>230.11</ele><time>2024-09-06T13:30:48Z</time></trkpt><trkpt lat="43.39498767" lon="-5.82537533"><ele>230.07</ele><time>2024-09-06T13:30:49Z</time></trkpt><trkpt lat="43.39497233" lon="-5.82537381"><ele>230.02</ele><time>2024-09-06T13:30:50Z</time></trkpt><trkpt lat="43.39495700" lon="-5.82537229"><ele>229.97</ele><time>2024-09-06T13:30:51Z</time></trkpt><trkpt lat="43.39494167" lon="-5.82537076"><ele>229.92</ele><time>2024-09-06T13:30:52Z</time></trkpt><trkpt lat="43.39492633" lon="-5.82536924"><ele>229.88</ele><time>2024-09-06T13:30:53Z</time></trkpt><trkpt lat="43.39491100" lon="-5.82536771"><ele>229.83</ele><time>2024-09-06T13:30:54Z</time></trkpt><trkpt lat="43.39489567" lon="-5.82536619"><ele>229.78</ele><time>2024-09-06T13:30:55Z</time></trkpt><trkpt lat="43.39488033" lon="-5.82536467"><ele>229.73</ele><time>2024-09-06T13:30:56Z</time></trkpt><trkpt lat="43.39486500" lon="-5.82536314"><ele>229.69</ele><time>2024-09-06T13:30:57Z</time></trkpt><trkpt lat="43.39484967" lon="-5.82536162"><ele>229.64</ele><time>2024-09-06T13:30:58Z</time></trkpt><trkpt lat="43.39483433" lon="-5.82536010"><ele>229.59</ele><time>2024-09-06T13:30:59Z</time></trkpt><trkpt lat="43.39481900" lon="-5.82535857"><ele>229.54</ele><time>2024-09-06T13:31:00Z</time></trkpt><trkpt lat="43.39480367" lon="-5.82535705"><ele>229.50</ele><time>2024-09-06T13:31:01Z</time></trkpt><trkpt lat="43.39478833" lon="-5.82535552"><ele>229.45</ele><time>2024-09-06T13:31:02Z</time></trkpt><trkpt lat="43.39477300" lon="-5.82535400"><ele>229.40</ele><time>2024-09-06T13:31:03Z</time></trkpt><trkpt lat="43.39475815" lon="-5.82535660"><ele>229.47</ele><time>2024-09-06T13:31:04Z</time></trkpt><trkpt lat="43.39474330" lon="-5.82535920"><ele>229.55</ele><time>2024-09-06T13:31:05Z</time></trkpt><trkpt lat="43.39472845" lon="-5.82536180"><ele>229.62</ele><time>2024-09-06T13:31:06Z</time></trkpt><trkpt lat="43.39471360" lon="-5.82536440"><ele>229.70</ele><time>2024-09-06T13:31:07Z</time></trkpt><trkpt lat="43.39469875" lon="-5.82536700"><ele>229.78</ele><time>2024-09-06T13:31:08Z</time></trkpt><trkpt lat="43.39468390" lon="-5.82536960"><ele>229.85</ele><time>2024-09-06T13:31:09Z</time></trkpt><trkpt lat="43.39466905" lon="-5.82537220"><ele>229.93</ele><time>2024-09-06T13:31:10Z</time></trkpt><trkpt lat="43.39465420" lon="-5.82537480"><ele>230.00</ele><time>2024-09-06T13:31:11Z</time></trkpt><trkpt lat="43.39463935" lon="-5.82537740"><ele>230.08</ele><time>2024-09-06T13:31:12Z</time></trkpt><trkpt lat="43.39462450" lon="-5.82538000"><ele>230.15</ele><time>2024-09-06T13:31:13Z</time></trkpt><trkpt lat="43.39460965" lon="-5.82538260"><ele>230.22</ele><time>2024-09-06T13:31:14Z</time></trkpt><trkpt lat="43.39459480" lon="-5.82538520"><ele>230.30</ele><time>2024-09-06T13:31:15Z</time></trkpt><trkpt lat="43.39457995" lon="-5.82538780"><ele>230.38</ele><time>2024-09-06T13:31:16Z</time></trkpt><trkpt lat="43.39456510" lon="-5.82539040"><ele>230.45</ele><time>2024-09-06T13:31:17Z</time></trkpt><trkpt lat="43.39455025" lon="-5.82539300"><ele>230.53</ele><time>2024-09-06T13:31:18Z</time></trkpt><trkpt lat="43.39453540" lon="-5.82539560"><ele>230.60</ele><time>2024-09-06T13:31:19Z</time></trkpt><trkpt lat="43.39452055" lon="-5.82539820"><ele>230.68</ele><time>2024-09-06T13:31:20Z</time></trkpt><trkpt lat="43.39450570" lon="-5.82540080"><ele>230.75</ele><time>2024-09-06T13:31:21Z</time></trkpt><trkpt lat="43.39449085" lon="-5.82540340"><ele>230.83</ele><time>2024-09-06T13:31:22Z</time></trkpt><trkpt lat="43.39447600" lon="-5.82540600"><ele>230.90</ele><time>2024-09-06T13:31:23Z</time></trkpt><trkpt lat="43.39446112" lon="-5.82541659"><ele>231.04</ele><time>2024-09-06T13:31:24Z</time></trkpt><trkpt lat="43.39444624" lon="-5.82542718"><ele>231.18</ele><time>2024-09-06T13:31:25Z</time></trkpt><trkpt lat="43.39443135" lon="-5.82543776"><ele>231.32</ele><time>2024-09-06T13:31:26Z</time></trkpt><trkpt lat="43.39441647" lon="-5.82544835"><ele>231.46</ele><time>2024-09-06T13:31:27Z</time></trkpt><trkpt lat="43.39440159" lon="-5.82545894"><ele>231.61</ele><time>2024-09-06T13:31:28Z</time></trkpt><trkpt lat="43.39438671" lon="-5.82546953"><ele>231.75</ele><time>2024-09-06T13:31:29Z</time></trkpt><trkpt lat="43.39437182" lon="-5.82548012"><ele>231.89</ele><time>2024-09-06T13:31:30Z</time></trkpt><trkpt lat="43.39435694" lon="-5.82549071"><ele>232.03</ele><time>2024-09-06T13:31:31Z</time></trkpt><trkpt lat="43.39434206" lon="-5.82550129"><ele>232.17</ele><time>2024-09-06T13:31:32Z</time></trkpt><trkpt lat="43.39432718" lon="-5.82551188"><ele>232.31</ele><time>2024-09-06T13:31:33Z</time></trkpt><trkpt lat="43.39431229" lon="-5.82552247"><ele>232.45</ele><time>2024-09-06T13:31:34Z</time></trkpt><trkpt lat="43.39429741" lon="-5.82553306"><ele>232.59</ele><time>2024-09-06T13:31:35Z</time></trkpt><trkpt lat="43.39428253" lon="-5.82554365"><ele>232.74</ele><time>2024-09-06T13:31:36Z</time></trkpt><trkpt lat="43.39426765" lon="-5.82555424"><ele>232.88</ele><time>2024-09-06T13:31:37Z</time></trkpt><trkpt lat="43.39425276" lon="-5.82556482"><ele>233.02</ele><time>2024-09-06T13:31:38Z</time></trkpt><trkpt lat="43.39423788" lon="-5.82557541"><ele>233.16</ele><time>2024-09-06T13:31:39Z</time></trkpt><trkpt lat="43.39422300" lon="-5.82558600"><ele>233.30</ele><time>2024-09-06T13:31:40Z</time></trkpt><trkpt lat="43.39421044" lon="-5.82559694"><ele>233.27</ele><time>2024-09-06T13:31:41Z</time></trkpt><trkpt lat="43.39419789" lon="-5.82560789"><ele>233.24</ele><time>2024-09-06T13:31:42Z</time></trkpt><trkpt lat="43.39418533" lon="-5.82561883"><ele>233.22</ele><time>2024-09-06T13:31:43Z</time></trkpt><trkpt lat="43.39417278" lon="-5.82562978"><ele>233.19</ele><time>2024-09-06T13:31:44Z</time></trkpt><trkpt lat="43.39416022" lon="-5.82564072"><ele>233.16</ele><time>2024-09-06T13:31:45Z</time></trkpt><trkpt lat="43.39414767" lon="-5.82565167"><ele>233.13</ele><time>2024-09-06T13:31:46Z</time></trkpt><trkpt lat="43.39413511" lon="-5.82566261"><ele>233.11</ele><time>2024-09-06T13:31:47Z</time></trkpt><trkpt lat="43.39412256" lon="-5.82567356"><ele>233.08</ele><time>2024-09-06T13:31:48Z</time></trkpt><trkpt lat="43.39411000" lon="-5.82568450"><ele>233.05</ele><time>2024-09-06T13:31:49Z</time></trkpt><trkpt lat="43.39409744" lon="-5.82569544"><ele>233.02</ele><time>2024-09-06T13:31:50Z</time></trkpt><trkpt lat="43.39408489" lon="-5.82570639"><ele>232.99</ele><time>2024-09-06T13:31:51Z</time></trkpt><trkpt lat="43.39407233" lon="-5.82571733"><ele>232.97</ele><time>2024-09-06T13:31:52Z</time></trkpt><trkpt lat="43.39405978" lon="-5.82572828"><ele>232.94</ele><time>2024-09-06T13:31:53Z</time></trkpt><trkpt lat="43.39404722" lon="-5.82573922"><ele>232.91</ele><time>2024-09-06T13:31:54Z</time></trkpt><trkpt lat="43.39403467" lon="-5.82575017"><ele>232.88</ele><time>2024-09-06T13:31:55Z</time></trkpt><trkpt lat="43.39402211" lon="-5.82576111"><ele>232.86</ele><time>2024-09-06T13:31:56Z</time></trkpt><trkpt lat="43.39400956" lon="-5.82577206"><ele>232.83</ele><time>2024-09-06T13:31:57Z</time></trkpt><trkpt lat="43.39399700" lon="-5.82578300"><ele>232.80</ele><time>2024-09-06T13:31:58Z</time></trkpt><trkpt lat="43.39398100" lon="-5.82578600"><ele>233.75</ele><time>2024-09-06T13:31:59Z</time></trkpt><trkpt lat="43.39396500" lon="-5.82578900"><ele>234.70</ele><time>2024-09-06T13:32:00Z</time></trkpt><trkpt lat="43.39395033" lon="-5.82579033"><ele>234.07</ele><time>2024-09-06T13:32:01Z</time></trkpt><trkpt lat="43.39393567" lon="-5.82579167"><ele>233.43</ele><time>2024-09-06T13:32:02Z</time></trkpt><trkpt lat="43.39392100" lon="-5.82579300"><ele>232.80</ele><time>2024-09-06T13:32:03Z</time></trkpt><trkpt lat="43.39390700" lon="-5.82579109"><ele>232.85</ele><time>2024-09-06T13:32:04Z</time></trkpt><trkpt lat="43.39389300" lon="-5.82578918"><ele>232.89</ele><time>2024-09-06T13:32:05Z</time></trkpt><trkpt lat="43.39387900" lon="-5.82578727"><ele>232.94</ele><time>2024-09-06T13:32:06Z</time></trkpt><trkpt lat="43.39386500" lon="-5.82578536"><ele>232.98</ele><time>2024-09-06T13:32:07Z</time></trkpt><trkpt lat="43.39385100" lon="-5.82578345"><ele>233.03</ele><time>2024-09-06T13:32:08Z</time></trkpt><trkpt lat="43.39383700" lon="-5.82578155"><ele>233.07</ele><time>2024-09-06T13:32:09Z</time></trkpt><trkpt lat="43.39382300" lon="-5.82577964"><ele>233.12</ele><time>2024-09-06T13:32:10Z</time></trkpt><trkpt lat="43.39380900" lon="-5.82577773"><ele>233.16</ele><time>2024-09-06T13:32:11Z</time></trkpt><trkpt lat="43.39379500" lon="-5.82577582"><ele>233.21</ele><time>2024-09-06T13:32:12Z</time></trkpt><trkpt lat="43.39378100" lon="-5.82577391"><ele>233.25</ele><time>2024-09-06T13:32:13Z</time></trkpt><trkpt lat="43.39376700" lon="-5.82577200"><ele>233.30</ele><time>2024-09-06T13:32:14Z</time></trkpt><trkpt lat="43.39375318" lon="-5.82576229"><ele>233.24</ele><time>2024-09-06T13:32:15Z</time></trkpt><trkpt lat="43.39373935" lon="-5.82575259"><ele>233.18</ele><time>2024-09-06T13:32:16Z</time></trkpt><trkpt lat="43.39372553" lon="-5.82574288"><ele>233.12</ele><time>2024-09-06T13:32:17Z</time></trkpt><trkpt lat="43.39371171" lon="-5.82573318"><ele>233.06</ele><time>2024-09-06T13:32:18Z</time></trkpt><trkpt lat="43.39369788" lon="-5.82572347"><ele>233.01</ele><time>2024-09-06T13:32:19Z</time></trkpt><trkpt lat="43.39368406" lon="-5.82571376"><ele>232.95</ele><time>2024-09-06T13:32:20Z</time></trkpt><trkpt lat="43.39367024" lon="-5.82570406"><ele>232.89</ele><time>2024-09-06T13:32:21Z</time></trkpt><trkpt lat="43.39365641" lon="-5.82569435"><ele>232.83</ele><time>2024-09-06T13:32:22Z</time></trkpt><trkpt lat="43.39364259" lon="-5.82568465"><ele>232.77</ele><time>2024-09-06T13:32:23Z</time></trkpt><trkpt lat="43.39362876" lon="-5.82567494"><ele>232.71</ele><time>2024-09-06T13:32:24Z</time></trkpt><trkpt lat="43.39361494" lon="-5.82566524"><ele>232.65</ele><time>2024-09-06T13:32:25Z</time></trkpt><trkpt lat="43.39360112" lon="-5.82565553"><ele>232.59</ele><time>2024-09-06T13:32:26Z</time></trkpt><trkpt lat="43.39358729" lon="-5.82564582"><ele>232.54</ele><time>2024-09-06T13:32:27Z</time></trkpt><trkpt lat="43.39357347" lon="-5.82563612"><ele>232.48</ele><time>2024-09-06T13:32:28Z</time></trkpt><trkpt lat="43.39355965" lon="-5.82562641"><ele>232.42</ele><time>2024-09-06T13:32:29Z</time></trkpt><trkpt lat="43.39354582" lon="-5.82561671"><ele>232.36</ele><time>2024-09-06T13:32:30Z</time></trkpt><trkpt lat="43.39353200" lon="-5.82560700"><ele>232.30</ele><time>2024-09-06T13:32:31Z</time></trkpt><trkpt lat="43.39351822" lon="-5.82559367"><ele>231.92</ele><time>2024-09-06T13:32:32Z</time></trkpt><trkpt lat="43.39350444" lon="-5.82558033"><ele>231.54</ele><time>2024-09-06T13:32:33Z</time></trkpt><trkpt lat="43.39349067" lon="-5.82556700"><ele>231.17</ele><time>2024-09-06T13:32:34Z</time></trkpt><trkpt lat="43.39347689" lon="-5.82555367"><ele>230.79</ele><time>2024-09-06T13:32:35Z</time></trkpt><trkpt lat="43.39346311" lon="-5.82554033"><ele>230.41</ele><time>2024-09-06T13:32:36Z</time></trkpt><trkpt lat="43.39344933" lon="-5.82552700"><ele>230.03</ele><time>2024-09-06T13:32:37Z</time></trkpt><trkpt lat="43.39343556" lon="-5.82551367"><ele>229.66</ele><time>2024-09-06T13:32:38Z</time></trkpt><trkpt lat="43.39342178" lon="-5.82550033"><ele>229.28</ele><time>2024-09-06T13:32:39Z</time></trkpt><trkpt lat="43.39340800" lon="-5.82548700"><ele>228.90</ele><time>2024-09-06T13:32:40Z</time></trkpt><trkpt lat="43.39339600" lon="-5.82547100"><ele>232.30</ele><time>2024-09-06T13:32:41Z</time></trkpt><trkpt lat="43.39338300" lon="-5.82545627"><ele>231.95</ele><time>2024-09-06T13:32:42Z</time></trkpt><trkpt lat="43.39337000" lon="-5.82544155"><ele>231.59</ele><time>2024-09-06T13:32:43Z</time></trkpt><trkpt lat="43.39335700" lon="-5.82542682"><ele>231.24</ele><time>2024-09-06T13:32:44Z</time></trkpt><trkpt lat="43.39334400" lon="-5.82541209"><ele>230.88</ele><time>2024-09-06T13:32:45Z</time></trkpt><trkpt lat="43.39333100" lon="-5.82539736"><ele>230.53</ele><time>2024-09-06T13:32:46Z</time></trkpt><trkpt lat="43.39331800" lon="-5.82538264"><ele>230.17</ele><time>2024-09-06T13:32:47Z</time></trkpt><trkpt lat="43.39330500" lon="-5.82536791"><ele>229.82</ele><time>2024-09-06T13:32:48Z</time></trkpt><trkpt lat="43.39329200" lon="-5.82535318"><ele>229.46</ele><time>2024-09-06T13:32:49Z</time></trkpt><trkpt lat="43.39327900" lon="-5.82533845"><ele>229.11</ele><time>2024-09-06T13:32:50Z</time></trkpt><trkpt lat="43.39326600" lon="-5.82532373"><ele>228.75</ele><time>2024-09-06T13:32:51Z</time></trkpt><trkpt lat="43.39325300" lon="-5.82530900"><ele>228.40</ele><time>2024-09-06T13:32:52Z</time></trkpt><trkpt lat="43.39324150" lon="-5.82529600"><ele>228.65</ele><time>2024-09-06T13:32:53Z</time></trkpt><trkpt lat="43.39323000" lon="-5.82528300"><ele>228.90</ele><time>2024-09-06T13:32:54Z</time></trkpt><trkpt lat="43.39321817" lon="-5.82526958"><ele>228.78</ele><time>2024-09-06T13:32:55Z</time></trkpt><trkpt lat="43.39320633" lon="-5.82525617"><ele>228.67</ele><time>2024-09-06T13:32:56Z</time></trkpt><trkpt lat="43.39319450" lon="-5.82524275"><ele>228.55</ele><time>2024-09-06T13:32:57Z</time></trkpt><trkpt lat="43.39318267" lon="-5.82522933"><ele>228.43</ele><time>2024-09-06T13:32:58Z</time></trkpt><trkpt lat="43.39317083" lon="-5.82521592"><ele>228.32</ele><time>2024-09-06T13:32:59Z</time></trkpt><trkpt lat="43.39315900" lon="-5.82520250"><ele>228.20</ele><time>2024-09-06T13:33:00Z</time></trkpt><trkpt lat="43.39314717" lon="-5.82518908"><ele>228.08</ele><time>2024-09-06T13:33:01Z</time></trkpt><trkpt lat="43.39313533" lon="-5.82517567"><ele>227.97</ele><time>2024-09-06T13:33:02Z</time></trkpt><trkpt lat="43.39312350" lon="-5.82516225"><ele>227.85</ele><time>2024-09-06T13:33:03Z</time></trkpt><trkpt lat="43.39311167" lon="-5.82514883"><ele>227.73</ele><time>2024-09-06T13:33:04Z</time></trkpt><trkpt lat="43.39309983" lon="-5.82513542"><ele>227.62</ele><time>2024-09-06T13:33:05Z</time></trkpt><trkpt lat="43.39308800" lon="-5.82512200"><ele>227.50</ele><time>2024-09-06T13:33:06Z</time></trkpt><trkpt lat="43.39307604" lon="-5.82510778"><ele>227.46</ele><time>2024-09-06T13:33:07Z</time></trkpt><trkpt lat="43.39306409" lon="-5.82509357"><ele>227.41</ele><time>2024-09-06T13:33:08Z</time></trkpt><trkpt lat="43.39305213" lon="-5.82507935"><ele>227.37</ele><time>2024-09-06T13:33:09Z</time></trkpt><trkpt lat="43.39304017" lon="-5.82506513"><ele>227.33</ele><time>2024-09-06T13:33:10Z</time></trkpt><trkpt lat="43.39302822" lon="-5.82505091"><ele>227.28</ele><time>2024-09-06T13:33:11Z</time></trkpt><trkpt lat="43.39301626" lon="-5.82503670"><ele>227.24</ele><time>2024-09-06T13:33:12Z</time></trkpt><trkpt lat="43.39300430" lon="-5.82502248"><ele>227.20</ele><time>2024-09-06T13:33:13Z</time></trkpt><trkpt lat="43.39299235" lon="-5.82500826"><ele>227.15</ele><time>2024-09-06T13:33:14Z</time></trkpt><trkpt lat="43.39298039" lon="-5.82499404"><ele>227.11</ele><time>2024-09-06T13:33:15Z</time></trkpt><trkpt lat="43.39296843" lon="-5.82497983"><ele>227.07</ele><time>2024-09-06T13:33:16Z</time></trkpt><trkpt lat="43.39295648" lon="-5.82496561"><ele>227.02</ele><time>2024-09-06T13:33:17Z</time></trkpt><trkpt lat="43.39294452" lon="-5.82495139"><ele>226.98</ele><time>2024-09-06T13:33:18Z</time></trkpt><trkpt lat="43.39293257" lon="-5.82493717"><ele>226.93</ele><time>2024-09-06T13:33:19Z</time></trkpt><trkpt lat="43.39292061" lon="-5.82492296"><ele>226.89</ele><time>2024-09-06T13:33:20Z</time></trkpt><trkpt lat="43.39290865" lon="-5.82490874"><ele>226.85</ele><time>2024-09-06T13:33:21Z</time></trkpt><trkpt lat="43.39289670" lon="-5.82489452"><ele>226.80</ele><time>2024-09-06T13:33:22Z</time></trkpt><trkpt lat="43.39288474" lon="-5.82488030"><ele>226.76</ele><time>2024-09-06T13:33:23Z</time></trkpt><trkpt lat="43.39287278" lon="-5.82486609"><ele>226.72</ele><time>2024-09-06T13:33:24Z</time></trkpt><trkpt lat="43.39286083" lon="-5.82485187"><ele>226.67</ele><time>2024-09-06T13:33:25Z</time></trkpt><trkpt lat="43.39284887" lon="-5.82483765"><ele>226.63</ele><time>2024-09-06T13:33:26Z</time></trkpt><trkpt lat="43.39283691" lon="-5.82482343"><ele>226.59</ele><time>2024-09-06T13:33:27Z</time></trkpt><trkpt lat="43.39282496" lon="-5.82480922"><ele>226.54</ele><time>2024-09-06T13:33:28Z</time></trkpt><trkpt lat="43.39281300" lon="-5.82479500"><ele>226.50</ele><time>2024-09-06T13:33:29Z</time></trkpt><trkpt lat="43.39280033" lon="-5.82478400"><ele>227.63</ele><time>2024-09-06T13:33:30Z</time></trkpt><trkpt lat="43.39278767" lon="-5.82477300"><ele>228.77</ele><time>2024-09-06T13:33:31Z</time></trkpt><trkpt lat="43.39277500" lon="-5.82476200"><ele>229.90</ele><time>2024-09-06T13:33:32Z</time></trkpt><trkpt lat="43.39276343" lon="-5.82474986"><ele>229.41</ele><time>2024-09-06T13:33:33Z</time></trkpt><trkpt lat="43.39275186" lon="-5.82473771"><ele>228.93</ele><time>2024-09-06T13:33:34Z</time></trkpt><trkpt lat="43.39274029" lon="-5.82472557"><ele>228.44</ele><time>2024-09-06T13:33:35Z</time></trkpt><trkpt lat="43.39272871" lon="-5.82471343"><ele>227.96</ele><time>2024-09-06T13:33:36Z</time></trkpt><trkpt lat="43.39271714" lon="-5.82470129"><ele>227.47</ele><time>2024-09-06T13:33:37Z</time></trkpt><trkpt lat="43.39270557" lon="-5.82468914"><ele>226.99</ele><time>2024-09-06T13:33:38Z</time></trkpt><trkpt lat="43.39269400" lon="-5.82467700"><ele>226.50</ele><time>2024-09-06T13:33:39Z</time></trkpt><trkpt lat="43.39268150" lon="-5.82467050"><ele>227.70</ele><time>2024-09-06T13:33:40Z</time></trkpt><trkpt lat="43.39266900" lon="-5.82466400"><ele>228.90</ele><time>2024-09-06T13:33:41Z</time></trkpt><trkpt lat="43.39265354" lon="-5.82466354"><ele>228.86</ele><time>2024-09-06T13:33:42Z</time></trkpt><trkpt lat="43.39263808" lon="-5.82466308"><ele>228.82</ele><time>2024-09-06T13:33:43Z</time></trkpt><trkpt lat="43.39262262" lon="-5.82466262"><ele>228.78</ele><time>2024-09-06T13:33:44Z</time></trkpt><trkpt lat="43.39260715" lon="-5.82466215"><ele>228.75</ele><time>2024-09-06T13:33:45Z</time></trkpt><trkpt lat="43.39259169" lon="-5.82466169"><ele>228.71</ele><time>2024-09-06T13:33:46Z</time></trkpt><trkpt lat="43.39257623" lon="-5.82466123"><ele>228.67</ele><time>2024-09-06T13:33:47Z</time></trkpt><trkpt lat="43.39256077" lon="-5.82466077"><ele>228.63</ele><time>2024-09-06T13:33:48Z</time></trkpt><trkpt lat="43.39254531" lon="-5.82466031"><ele>228.59</ele><time>2024-09-06T13:33:49Z</time></trkpt><trkpt lat="43.39252985" lon="-5.82465985"><ele>228.55</ele><time>2024-09-06T13:33:50Z</time></trkpt><trkpt lat="43.39251438" lon="-5.82465938"><ele>228.52</ele><time>2024-09-06T13:33:51Z</time></trkpt><trkpt lat="43.39249892" lon="-5.82465892"><ele>228.48</ele><time>2024-09-06T13:33:52Z</time></trkpt><trkpt lat="43.39248346" lon="-5.82465846"><ele>228.44</ele><time>2024-09-06T13:33:53Z</time></trkpt><trkpt lat="43.39246800" lon="-5.82465800"><ele>228.40</ele><time>2024-09-06T13:33:54Z</time></trkpt><trkpt lat="43.39245100" lon="-5.82466100"><ele>227.13</ele><time>2024-09-06T13:33:55Z</time></trkpt><trkpt lat="43.39243400" lon="-5.82466400"><ele>225.87</ele><time>2024-09-06T13:33:56Z</time></trkpt><trkpt lat="43.39241700" lon="-5.82466700"><ele>224.60</ele><time>2024-09-06T13:33:57Z</time></trkpt><trkpt lat="43.39240200" lon="-5.82467200"><ele>227.00</ele><time>2024-09-06T13:33:58Z</time></trkpt><trkpt lat="43.39238610" lon="-5.82467990"><ele>226.91</ele><time>2024-09-06T13:33:59Z</time></trkpt><trkpt lat="43.39237020" lon="-5.82468780"><ele>226.81</ele><time>2024-09-06T13:34:00Z</time></trkpt><trkpt lat="43.39235430" lon="-5.82469570"><ele>226.72</ele><time>2024-09-06T13:34:01Z</time></trkpt><trkpt lat="43.39233840" lon="-5.82470360"><ele>226.62</ele><time>2024-09-06T13:34:02Z</time></trkpt><trkpt lat="43.39232250" lon="-5.82471150"><ele>226.53</ele><time>2024-09-06T13:34:03Z</time></trkpt><trkpt lat="43.39230660" lon="-5.82471940"><ele>226.43</ele><time>2024-09-06T13:34:04Z</time></trkpt><trkpt lat="43.39229070" lon="-5.82472730"><ele>226.34</ele><time>2024-09-06T13:34:05Z</time></trkpt><trkpt lat="43.39227480" lon="-5.82473520"><ele>226.24</ele><time>2024-09-06T13:34:06Z</time></trkpt><trkpt lat="43.39225890" lon="-5.82474310"><ele>226.15</ele><time>2024-09-06T13:34:07Z</time></trkpt><trkpt lat="43.39224300" lon="-5.82475100"><ele>226.05</ele><time>2024-09-06T13:34:08Z</time></trkpt><trkpt lat="43.39222710" lon="-5.82475890"><ele>225.95</ele><time>2024-09-06T13:34:09Z</time></trkpt><trkpt lat="43.39221120" lon="-5.82476680"><ele>225.86</ele><time>2024-09-06T13:34:10Z</time></trkpt><trkpt lat="43.39219530" lon="-5.82477470"><ele>225.76</ele><time>2024-09-06T13:34:11Z</time></trkpt><trkpt lat="43.39217940" lon="-5.82478260"><ele>225.67</ele><time>2024-09-06T13:34:12Z</time></trkpt><trkpt lat="43.39216350" lon="-5.82479050"><ele>225.57</ele><time>2024-09-06T13:34:13Z</time></trkpt><trkpt lat="43.39214760" lon="-5.82479840"><ele>225.48</ele><time>2024-09-06T13:34:14Z</time></trkpt><trkpt lat="43.39213170" lon="-5.82480630"><ele>225.38</ele><time>2024-09-06T13:34:15Z</time></trkpt><trkpt lat="43.39211580" lon="-5.82481420"><ele>225.29</ele><time>2024-09-06T13:34:16Z</time></trkpt><trkpt lat="43.39209990" lon="-5.82482210"><ele>225.19</ele><time>2024-09-06T13:34:17Z</time></trkpt><trkpt lat="43.39208400" lon="-5.82483000"><ele>225.10</ele><time>2024-09-06T13:34:18Z</time></trkpt><trkpt lat="43.39207015" lon="-5.82483740"><ele>224.93</ele><time>2024-09-06T13:34:19Z</time></trkpt><trkpt lat="43.39205630" lon="-5.82484480"><ele>224.76</ele><time>2024-09-06T13:34:20Z</time></trkpt><trkpt lat="43.39204245" lon="-5.82485220"><ele>224.59</ele><time>2024-09-06T13:34:21Z</time></trkpt><trkpt lat="43.39202860" lon="-5.82485960"><ele>224.42</ele><time>2024-09-06T13:34:22Z</time></trkpt><trkpt lat="43.39201475" lon="-5.82486700"><ele>224.25</ele><time>2024-09-06T13:34:23Z</time></trkpt><trkpt lat="43.39200090" lon="-5.82487440"><ele>224.08</ele><time>2024-09-06T13:34:24Z</time></trkpt><trkpt lat="43.39198705" lon="-5.82488180"><ele>223.91</ele><time>2024-09-06T13:34:25Z</time></trkpt><trkpt lat="43.39197320" lon="-5.82488920"><ele>223.74</ele><time>2024-09-06T13:34:26Z</time></trkpt><trkpt lat="43.39195935" lon="-5.82489660"><ele>223.57</ele><time>2024-09-06T13:34:27Z</time></trkpt><trkpt lat="43.39194550" lon="-5.82490400"><ele>223.40</ele><time>2024-09-06T13:34:28Z</time></trkpt><trkpt lat="43.39193165" lon="-5.82491140"><ele>223.23</ele><time>2024-09-06T13:34:29Z</time></trkpt><trkpt lat="43.39191780" lon="-5.82491880"><ele>223.06</ele><time>2024-09-06T13:34:30Z</time></trkpt><trkpt lat="43.39190395" lon="-5.82492620"><ele>222.89</ele><time>2024-09-06T13:34:31Z</time></trkpt><trkpt lat="43.39189010" lon="-5.82493360"><ele>222.72</ele><time>2024-09-06T13:34:32Z</time></trkpt><trkpt lat="43.39187625" lon="-5.82494100"><ele>222.55</ele><time>2024-09-06T13:34:33Z</time></trkpt><trkpt lat="43.39186240" lon="-5.82494840"><ele>222.38</ele><time>2024-09-06T13:34:34Z</time></trkpt><trkpt lat="43.39184855" lon="-5.82495580"><ele>222.21</ele><time>2024-09-06T13:34:35Z</time></trkpt><trkpt lat="43.39183470" lon="-5.82496320"><ele>222.04</ele><time>2024-09-06T13:34:36Z</time></trkpt><trkpt lat="43.39182085" lon="-5.82497060"><ele>221.87</ele><time>2024-09-06T13:34:37Z</time></trkpt><trkpt lat="43.39180700" lon="-5.82497800"><ele>221.70</ele><time>2024-09-06T13:34:38Z</time></trkpt><trkpt lat="43.39179647" lon="-5.82498307"><ele>221.61</ele><time>2024-09-06T13:34:39Z</time></trkpt><trkpt lat="43.39178593" lon="-5.82498813"><ele>221.51</ele><time>2024-09-06T13:34:40Z</time></trkpt><trkpt lat="43.39177540" lon="-5.82499320"><ele>221.42</ele><time>2024-09-06T13:34:41Z</time></trkpt><trkpt lat="43.39176487" lon="-5.82499827"><ele>221.33</ele><time>2024-09-06T13:34:42Z</time></trkpt><trkpt lat="43.39175433" lon="-5.82500333"><ele>221.23</ele><time>2024-09-06T13:34:43Z</time></trkpt><trkpt lat="43.39174380" lon="-5.82500840"><ele>221.14</ele><time>2024-09-06T13:34:44Z</time></trkpt><trkpt lat="43.39173327" lon="-5.82501347"><ele>221.05</ele><time>2024-09-06T13:34:45Z</time></trkpt><trkpt lat="43.39172273" lon="-5.82501853"><ele>220.95</ele><time>2024-09-06T13:34:46Z</time></trkpt><trkpt lat="43.39171220" lon="-5.82502360"><ele>220.86</ele><time>2024-09-06T13:34:47Z</time></trkpt><trkpt lat="43.39170167" lon="-5.82502867"><ele>220.77</ele><time>2024-09-06T13:34:48Z</time></trkpt><trkpt lat="43.39169113" lon="-5.82503373"><ele>220.67</ele><time>2024-09-06T13:34:49Z</time></trkpt><trkpt lat="43.39168060" lon="-5.82503880"><ele>220.58</ele><time>2024-09-06T13:34:50Z</time></trkpt><trkpt lat="43.39167007" lon="-5.82504387"><ele>220.49</ele><time>2024-09-06T13:34:51Z</time></trkpt><trkpt lat="43.39165953" lon="-5.82504893"><ele>220.39</ele><time>2024-09-06T13:34:52Z</time></trkpt><trkpt lat="43.39164900" lon="-5.82505400"><ele>220.30</ele><time>2024-09-06T13:34:53Z</time></trkpt><trkpt lat="43.39163492" lon="-5.82506208"><ele>220.10</ele><time>2024-09-06T13:34:54Z</time></trkpt><trkpt lat="43.39162083" lon="-5.82507017"><ele>219.90</ele><time>2024-09-06T13:34:55Z</time></trkpt><trkpt lat="43.39160675" lon="-5.82507825"><ele>219.70</ele><time>2024-09-06T13:34:56Z</time></trkpt><trkpt lat="43.39159267" lon="-5.82508633"><ele>219.50</ele><time>2024-09-06T13:34:57Z</time></trkpt><trkpt lat="43.39157858" lon="-5.82509442"><ele>219.30</ele><time>2024-09-06T13:34:58Z</time></trkpt><trkpt lat="43.39156450" lon="-5.82510250"><ele>219.10</ele><time>2024-09-06T13:34:59Z</time></trkpt><trkpt lat="43.39155042" lon="-5.82511058"><ele>218.90</ele><time>2024-09-06T13:35:00Z</time></trkpt><trkpt lat="43.39153633" lon="-5.82511867"><ele>218.70</ele><time>2024-09-06T13:35:01Z</time></trkpt><trkpt lat="43.39152225" lon="-5.82512675"><ele>218.50</ele><time>2024-09-06T13:35:02Z</time></trkpt><trkpt lat="43.39150817" lon="-5.82513483"><ele>218.30</ele><time>2024-09-06T13:35:03Z</time></trkpt><trkpt lat="43.39149408" lon="-5.82514292"><ele>218.10</ele><time>2024-09-06T13:35:04Z</time></trkpt><trkpt lat="43.39148000" lon="-5.82515100"><ele>217.90</ele><time>2024-09-06T13:35:05Z</time></trkpt><trkpt lat="43.39146450" lon="-5.82515800"><ele>218.85</ele><time>2024-09-06T13:35:06Z</time></trkpt><trkpt lat="43.39144900" lon="-5.82516500"><ele>219.80</ele><time>2024-09-06T13:35:07Z</time></trkpt><trkpt lat="43.39143467" lon="-5.82517133"><ele>219.17</ele><time>2024-09-06T13:35:08Z</time></trkpt><trkpt lat="43.39142033" lon="-5.82517767"><ele>218.53</ele><time>2024-09-06T13:35:09Z</time></trkpt><trkpt lat="43.39140600" lon="-5.82518400"><ele>217.90</ele><time>2024-09-06T13:35:10Z</time></trkpt><trkpt lat="43.39139263" lon="-5.82518837"><ele>217.65</ele><time>2024-09-06T13:35:11Z</time></trkpt><trkpt lat="43.39137925" lon="-5.82519275"><ele>217.40</ele><time>2024-09-06T13:35:12Z</time></trkpt><trkpt lat="43.39136587" lon="-5.82519712"><ele>217.15</ele><time>2024-09-06T13:35:13Z</time></trkpt><trkpt lat="43.39135250" lon="-5.82520150"><ele>216.90</ele><time>2024-09-06T13:35:14Z</time></trkpt><trkpt lat="43.39133913" lon="-5.82520587"><ele>216.65</ele><time>2024-09-06T13:35:15Z</time></trkpt><trkpt lat="43.39132575" lon="-5.82521025"><ele>216.40</ele><time>2024-09-06T13:35:16Z</time></trkpt><trkpt lat="43.39131237" lon="-5.82521463"><ele>216.15</ele><time>2024-09-06T13:35:17Z</time></trkpt><trkpt lat="43.39129900" lon="-5.82521900"><ele>215.90</ele><time>2024-09-06T13:35:18Z</time></trkpt><trkpt lat="43.39128713" lon="-5.82522687"><ele>215.81</ele><time>2024-09-06T13:35:19Z</time></trkpt><trkpt lat="43.39127527" lon="-5.82523473"><ele>215.71</ele><time>2024-09-06T13:35:20Z</time></trkpt><trkpt lat="43.39126340" lon="-5.82524260"><ele>215.62</ele><time>2024-09-06T13:35:21Z</time></trkpt><trkpt lat="43.39125153" lon="-5.82525047"><ele>215.53</ele><time>2024-09-06T13:35:22Z</time></trkpt><trkpt lat="43.39123967" lon="-5.82525833"><ele>215.43</ele><time>2024-09-06T13:35:23Z</time></trkpt><trkpt lat="43.39122780" lon="-5.82526620"><ele>215.34</ele><time>2024-09-06T13:35:24Z</time></trkpt><trkpt lat="43.39121593" lon="-5.82527407"><ele>215.25</ele><time>2024-09-06T13:35:25Z</time></trkpt><trkpt lat="43.39120407" lon="-5.82528193"><ele>215.15</ele><time>2024-09-06T13:35:26Z</time></trkpt><trkpt lat="43.39119220" lon="-5.82528980"><ele>215.06</ele><time>2024-09-06T13:35:27Z</time></trkpt><trkpt lat="43.39118033" lon="-5.82529767"><ele>214.97</ele><time>2024-09-06T13:35:28Z</time></trkpt><trkpt lat="43.39116847" lon="-5.82530553"><ele>214.87</ele><time>2024-09-06T13:35:29Z</time></trkpt><trkpt lat="43.39115660" lon="-5.82531340"><ele>214.78</ele><time>2024-09-06T13:35:30Z</time></trkpt><trkpt lat="43.39114473" lon="-5.82532127"><ele>214.69</ele><time>2024-09-06T13:35:31Z</time></trkpt><trkpt lat="43.39113287" lon="-5.82532913"><ele>214.59</ele><time>2024-09-06T13:35:32Z</time></trkpt><trkpt lat="43.39112100" lon="-5.82533700"><ele>214.50</ele><time>2024-09-06T13:35:33Z</time></trkpt><trkpt lat="43.39110336" lon="-5.82534482"><ele>214.37</ele><time>2024-09-06T13:35:34Z</time></trkpt><trkpt lat="43.39108573" lon="-5.82535264"><ele>214.25</ele><time>2024-09-06T13:35:35Z</time></trkpt><trkpt lat="43.39106809" lon="-5.82536045"><ele>214.12</ele><time>2024-09-06T13:35:36Z</time></trkpt><trkpt lat="43.39105045" lon="-5.82536827"><ele>213.99</ele><time>2024-09-06T13:35:37Z</time></trkpt><trkpt lat="43.39103282" lon="-5.82537609"><ele>213.86</ele><time>2024-09-06T13:35:38Z</time></trkpt><trkpt lat="43.39101518" lon="-5.82538391"><ele>213.74</ele><time>2024-09-06T13:35:39Z</time></trkpt><trkpt lat="43.39099755" lon="-5.82539173"><ele>213.61</ele><time>2024-09-06T13:35:40Z</time></trkpt><trkpt lat="43.39097991" lon="-5.82539955"><ele>213.48</ele><time>2024-09-06T13:35:41Z</time></trkpt><trkpt lat="43.39096227" lon="-5.82540736"><ele>213.35</ele><time>2024-09-06T13:35:42Z</time></trkpt><trkpt lat="43.39094464" lon="-5.82541518"><ele>213.23</ele><time>2024-09-06T13:35:43Z</time></trkpt><trkpt lat="43.39092700" lon="-5.82542300"><ele>213.10</ele><time>2024-09-06T13:35:44Z</time></trkpt><trkpt lat="43.39091112" lon="-5.82542594"><ele>213.16</ele><time>2024-09-06T13:35:45Z</time></trkpt><trkpt lat="43.39089525" lon="-5.82542888"><ele>213.21</ele><time>2024-09-06T13:35:46Z</time></trkpt><trkpt lat="43.39087937" lon="-5.82543181"><ele>213.27</ele><time>2024-09-06T13:35:47Z</time></trkpt><trkpt lat="43.39086350" lon="-5.82543475"><ele>213.32</ele><time>2024-09-06T13:35:48Z</time></trkpt><trkpt lat="43.39084762" lon="-5.82543769"><ele>213.38</ele><time>2024-09-06T13:35:49Z</time></trkpt><trkpt lat="43.39083175" lon="-5.82544062"><ele>213.44</ele><time>2024-09-06T13:35:50Z</time></trkpt><trkpt lat="43.39081588" lon="-5.82544356"><ele>213.49</ele><time>2024-09-06T13:35:51Z</time></trkpt><trkpt lat="43.39080000" lon="-5.82544650"><ele>213.55</ele><time>2024-09-06T13:35:52Z</time></trkpt><trkpt lat="43.39078412" lon="-5.82544944"><ele>213.61</ele><time>2024-09-06T13:35:53Z</time></trkpt><trkpt lat="43.39076825" lon="-5.82545238"><ele>213.66</ele><time>2024-09-06T13:35:54Z</time></trkpt><trkpt lat="43.39075237" lon="-5.82545531"><ele>213.72</ele><time>2024-09-06T13:35:55Z</time></trkpt><trkpt lat="43.39073650" lon="-5.82545825"><ele>213.78</ele><time>2024-09-06T13:35:56Z</time></trkpt><trkpt lat="43.39072063" lon="-5.82546119"><ele>213.83</ele><time>2024-09-06T13:35:57Z</time></trkpt><trkpt lat="43.39070475" lon="-5.82546412"><ele>213.89</ele><time>2024-09-06T13:35:58Z</time></trkpt><trkpt lat="43.39068888" lon="-5.82546706"><ele>213.94</ele><time>2024-09-06T13:35:59Z</time></trkpt><trkpt lat="43.39067300" lon="-5.82547000"><ele>214.00</ele><time>2024-09-06T13:36:00Z</time></trkpt><trkpt lat="43.39065700" lon="-5.82547300"><ele>213.60</ele><time>2024-09-06T13:36:01Z</time></trkpt><trkpt lat="43.39063950" lon="-5.82547750"><ele>213.10</ele><time>2024-09-06T13:36:02Z</time></trkpt><trkpt lat="43.39062200" lon="-5.82548200"><ele>212.60</ele><time>2024-09-06T13:36:03Z</time></trkpt><trkpt lat="43.39060474" lon="-5.82548426"><ele>212.57</ele><time>2024-09-06T13:36:04Z</time></trkpt><trkpt lat="43.39058747" lon="-5.82548653"><ele>212.55</ele><time>2024-09-06T13:36:05Z</time></trkpt><trkpt lat="43.39057021" lon="-5.82548879"><ele>212.52</ele><time>2024-09-06T13:36:06Z</time></trkpt><trkpt lat="43.39055295" lon="-5.82549105"><ele>212.49</ele><time>2024-09-06T13:36:07Z</time></trkpt><trkpt lat="43.39053568" lon="-5.82549332"><ele>212.47</ele><time>2024-09-06T13:36:08Z</time></trkpt><trkpt lat="43.39051842" lon="-5.82549558"><ele>212.44</ele><time>2024-09-06T13:36:09Z</time></trkpt><trkpt lat="43.39050116" lon="-5.82549784"><ele>212.42</ele><time>2024-09-06T13:36:10Z</time></trkpt><trkpt lat="43.39048389" lon="-5.82550011"><ele>212.39</ele><time>2024-09-06T13:36:11Z</time></trkpt><trkpt lat="43.39046663" lon="-5.82550237"><ele>212.36</ele><time>2024-09-06T13:36:12Z</time></trkpt><trkpt lat="43.39044937" lon="-5.82550463"><ele>212.34</ele><time>2024-09-06T13:36:13Z</time></trkpt><trkpt lat="43.39043211" lon="-5.82550689"><ele>212.31</ele><time>2024-09-06T13:36:14Z</time></trkpt><trkpt lat="43.39041484" lon="-5.82550916"><ele>212.28</ele><time>2024-09-06T13:36:15Z</time></trkpt><trkpt lat="43.39039758" lon="-5.82551142"><ele>212.26</ele><time>2024-09-06T13:36:16Z</time></trkpt><trkpt lat="43.39038032" lon="-5.82551368"><ele>212.23</ele><time>2024-09-06T13:36:17Z</time></trkpt><trkpt lat="43.39036305" lon="-5.82551595"><ele>212.21</ele><time>2024-09-06T13:36:18Z</time></trkpt><trkpt lat="43.39034579" lon="-5.82551821"><ele>212.18</ele><time>2024-09-06T13:36:19Z</time></trkpt><trkpt lat="43.39032853" lon="-5.82552047"><ele>212.15</ele><time>2024-09-06T13:36:20Z</time></trkpt><trkpt lat="43.39031126" lon="-5.82552274"><ele>212.13</ele><time>2024-09-06T13:36:21Z</time></trkpt><trkpt lat="43.39029400" lon="-5.82552500"><ele>212.10</ele><time>2024-09-06T13:36:22Z</time></trkpt><trkpt lat="43.39028000" lon="-5.82552360"><ele>211.72</ele><time>2024-09-06T13:36:23Z</time></trkpt><trkpt lat="43.39026600" lon="-5.82552220"><ele>211.34</ele><time>2024-09-06T13:36:24Z</time></trkpt><trkpt lat="43.39025200" lon="-5.82552080"><ele>210.96</ele><time>2024-09-06T13:36:25Z</time></trkpt><trkpt lat="43.39023800" lon="-5.82551940"><ele>210.58</ele><time>2024-09-06T13:36:26Z</time></trkpt><trkpt lat="43.39022400" lon="-5.82551800"><ele>210.20</ele><time>2024-09-06T13:36:27Z</time></trkpt><trkpt lat="43.39020688" lon="-5.82551347"><ele>210.09</ele><time>2024-09-06T13:36:28Z</time></trkpt><trkpt lat="43.39018976" lon="-5.82550894"><ele>209.98</ele><time>2024-09-06T13:36:29Z</time></trkpt><trkpt lat="43.39017265" lon="-5.82550441"><ele>209.86</ele><time>2024-09-06T13:36:30Z</time></trkpt><trkpt lat="43.39015553" lon="-5.82549988"><ele>209.75</ele><time>2024-09-06T13:36:31Z</time></trkpt><trkpt lat="43.39013841" lon="-5.82549535"><ele>209.64</ele><time>2024-09-06T13:36:32Z</time></trkpt><trkpt lat="43.39012129" lon="-5.82549082"><ele>209.53</ele><time>2024-09-06T13:36:33Z</time></trkpt><trkpt lat="43.39010418" lon="-5.82548629"><ele>209.42</ele><time>2024-09-06T13:36:34Z</time></trkpt><trkpt lat="43.39008706" lon="-5.82548176"><ele>209.31</ele><time>2024-09-06T13:36:35Z</time></trkpt><trkpt lat="43.39006994" lon="-5.82547724"><ele>209.19</ele><time>2024-09-06T13:36:36Z</time></trkpt><trkpt lat="43.39005282" lon="-5.82547271"><ele>209.08</ele><time>2024-09-06T13:36:37Z</time></trkpt><trkpt lat="43.39003571" lon="-5.82546818"><ele>208.97</ele><time>2024-09-06T13:36:38Z</time></trkpt><trkpt lat="43.39001859" lon="-5.82546365"><ele>208.86</ele><time>2024-09-06T13:36:39Z</time></trkpt><trkpt lat="43.39000147" lon="-5.82545912"><ele>208.75</ele><time>2024-09-06T13:36:40Z</time></trkpt><trkpt lat="43.38998435" lon="-5.82545459"><ele>208.64</ele><time>2024-09-06T13:36:41Z</time></trkpt><trkpt lat="43.38996724" lon="-5.82545006"><ele>208.52</ele><time>2024-09-06T13:36:42Z</time></trkpt><trkpt lat="43.38995012" lon="-5.82544553"><ele>208.41</ele><time>2024-09-06T13:36:43Z</time></trkpt><trkpt lat="43.38993300" lon="-5.82544100"><ele>208.30</ele><time>2024-09-06T13:36:44Z</time></trkpt><trkpt lat="43.38991300" lon="-5.82543650"><ele>210.20</ele><time>2024-09-06T13:36:45Z</time></trkpt><trkpt lat="43.38989300" lon="-5.82543200"><ele>212.10</ele><time>2024-09-06T13:36:46Z</time></trkpt><trkpt lat="43.38987600" lon="-5.82542909"><ele>211.97</ele><time>2024-09-06T13:36:47Z</time></trkpt><trkpt lat="43.38985900" lon="-5.82542618"><ele>211.84</ele><time>2024-09-06T13:36:48Z</time></trkpt><trkpt lat="43.38984200" lon="-5.82542327"><ele>211.70</ele><time>2024-09-06T13:36:49Z</time></trkpt><trkpt lat="43.38982500" lon="-5.82542036"><ele>211.57</ele><time>2024-09-06T13:36:50Z</time></trkpt><trkpt lat="43.38980800" lon="-5.82541745"><ele>211.44</ele><time>2024-09-06T13:36:51Z</time></trkpt><trkpt lat="43.38979100" lon="-5.82541455"><ele>211.31</ele><time>2024-09-06T13:36:52Z</time></trkpt><trkpt lat="43.38977400" lon="-5.82541164"><ele>211.18</ele><time>2024-09-06T13:36:53Z</time></trkpt><trkpt lat="43.38975700" lon="-5.82540873"><ele>211.05</ele><time>2024-09-06T13:36:54Z</time></trkpt><trkpt lat="43.38974000" lon="-5.82540582"><ele>210.91</ele><time>2024-09-06T13:36:55Z</time></trkpt><trkpt lat="43.38972300" lon="-5.82540291"><ele>210.78</ele><time>2024-09-06T13:36:56Z</time></trkpt><trkpt lat="43.38970600" lon="-5.82540000"><ele>210.65</ele><time>2024-09-06T13:36:57Z</time></trkpt><trkpt lat="43.38968900" lon="-5.82539709"><ele>210.52</ele><time>2024-09-06T13:36:58Z</time></trkpt><trkpt lat="43.38967200" lon="-5.82539418"><ele>210.39</ele><time>2024-09-06T13:36:59Z</time></trkpt><trkpt lat="43.38965500" lon="-5.82539127"><ele>210.25</ele><time>2024-09-06T13:37:00Z</time></trkpt><trkpt lat="43.38963800" lon="-5.82538836"><ele>210.12</ele><time>2024-09-06T13:37:01Z</time></trkpt><trkpt lat="43.38962100" lon="-5.82538545"><ele>209.99</ele><time>2024-09-06T13:37:02Z</time></trkpt><trkpt lat="43.38960400" lon="-5.82538255"><ele>209.86</ele><time>2024-09-06T13:37:03Z</time></trkpt><trkpt lat="43.38958700" lon="-5.82537964"><ele>209.73</ele><time>2024-09-06T13:37:04Z</time></trkpt><trkpt lat="43.38957000" lon="-5.82537673"><ele>209.60</ele><time>2024-09-06T13:37:05Z</time></trkpt><trkpt lat="43.38955300" lon="-5.82537382"><ele>209.46</ele><time>2024-09-06T13:37:06Z</time></trkpt><trkpt lat="43.38953600" lon="-5.82537091"><ele>209.33</ele><time>2024-09-06T13:37:07Z</time></trkpt><trkpt lat="43.38951900" lon="-5.82536800"><ele>209.20</ele><time>2024-09-06T13:37:08Z</time></trkpt><trkpt lat="43.38950395" lon="-5.82536221"><ele>209.25</ele><time>2024-09-06T13:37:09Z</time></trkpt><trkpt lat="43.38948889" lon="-5.82535642"><ele>209.31</ele><time>2024-09-06T13:37:10Z</time></trkpt><trkpt lat="43.38947384" lon="-5.82535063"><ele>209.36</ele><time>2024-09-06T13:37:11Z</time></trkpt><trkpt lat="43.38945879" lon="-5.82534484"><ele>209.41</ele><time>2024-09-06T13:37:12Z</time></trkpt><trkpt lat="43.38944374" lon="-5.82533905"><ele>209.46</ele><time>2024-09-06T13:37:13Z</time></trkpt><trkpt lat="43.38942868" lon="-5.82533326"><ele>209.52</ele><time>2024-09-06T13:37:14Z</time></trkpt><trkpt lat="43.38941363" lon="-5.82532747"><ele>209.57</ele><time>2024-09-06T13:37:15Z</time></trkpt><trkpt lat="43.38939858" lon="-5.82532168"><ele>209.62</ele><time>2024-09-06T13:37:16Z</time></trkpt><trkpt lat="43.38938353" lon="-5.82531589"><ele>209.67</ele><time>2024-09-06T13:37:17Z</time></trkpt><trkpt lat="43.38936847" lon="-5.82531011"><ele>209.73</ele><time>2024-09-06T13:37:18Z</time></trkpt><trkpt lat="43.38935342" lon="-5.82530432"><ele>209.78</ele><time>2024-09-06T13:37:19Z</time></trkpt><trkpt lat="43.38933837" lon="-5.82529853"><ele>209.83</ele><time>2024-09-06T13:37:20Z</time></trkpt><trkpt lat="43.38932332" lon="-5.82529274"><ele>209.88</ele><time>2024-09-06T13:37:21Z</time></trkpt><trkpt lat="43.38930826" lon="-5.82528695"><ele>209.94</ele><time>2024-09-06T13:37:22Z</time></trkpt><trkpt lat="43.38929321" lon="-5.82528116"><ele>209.99</ele><time>2024-09-06T13:37:23Z</time></trkpt><trkpt lat="43.38927816" lon="-5.82527537"><ele>210.04</ele><time>2024-09-06T13:37:24Z</time></trkpt><trkpt lat="43.38926311" lon="-5.82526958"><ele>210.09</ele><time>2024-09-06T13:37:25Z</time></trkpt><trkpt lat="43.38924805" lon="-5.82526379"><ele>210.15</ele><time>2024-09-06T13:37:26Z</time></trkpt><trkpt lat="43.38923300" lon="-5.82525800"><ele>210.20</ele><time>2024-09-06T13:37:27Z</time></trkpt><trkpt lat="43.38921925" lon="-5.82525150"><ele>209.22</ele><time>2024-09-06T13:37:28Z</time></trkpt><trkpt lat="43.38920550" lon="-5.82524500"><ele>208.25</ele><time>2024-09-06T13:37:29Z</time></trkpt><trkpt lat="43.38919175" lon="-5.82523850"><ele>207.28</ele><time>2024-09-06T13:37:30Z</time></trkpt><trkpt lat="43.38917800" lon="-5.82523200"><ele>206.30</ele><time>2024-09-06T13:37:31Z</time></trkpt><trkpt lat="43.38916500" lon="-5.82522600"><ele>209.70</ele><time>2024-09-06T13:37:32Z</time></trkpt><trkpt lat="43.38914638" lon="-5.82522192"><ele>209.78</ele><time>2024-09-06T13:37:33Z</time></trkpt><trkpt lat="43.38912777" lon="-5.82521785"><ele>209.85</ele><time>2024-09-06T13:37:34Z</time></trkpt><trkpt lat="43.38910915" lon="-5.82521377"><ele>209.93</ele><time>2024-09-06T13:37:35Z</time></trkpt><trkpt lat="43.38909054" lon="-5.82520969"><ele>210.01</ele><time>2024-09-06T13:37:36Z</time></trkpt><trkpt lat="43.38907192" lon="-5.82520562"><ele>210.08</ele><time>2024-09-06T13:37:37Z</time></trkpt><trkpt lat="43.38905331" lon="-5.82520154"><ele>210.16</ele><time>2024-09-06T13:37:38Z</time></trkpt><trkpt lat="43.38903469" lon="-5.82519746"><ele>210.24</ele><time>2024-09-06T13:37:39Z</time></trkpt><trkpt lat="43.38901608" lon="-5.82519338"><ele>210.32</ele><time>2024-09-06T13:37:40Z</time></trkpt><trkpt lat="43.38899746" lon="-5.82518931"><ele>210.39</ele><time>2024-09-06T13:37:41Z</time></trkpt><trkpt lat="43.38897885" lon="-5.82518523"><ele>210.47</ele><time>2024-09-06T13:37:42Z</time></trkpt><trkpt lat="43.38896023" lon="-5.82518115"><ele>210.55</ele><time>2024-09-06T13:37:43Z</time></trkpt><trkpt lat="43.38894162" lon="-5.82517708"><ele>210.62</ele><time>2024-09-06T13:37:44Z</time></trkpt><trkpt lat="43.38892300" lon="-5.82517300"><ele>210.70</ele><time>2024-09-06T13:37:45Z</time></trkpt><trkpt lat="43.38891033" lon="-5.82517394"><ele>210.67</ele><time>2024-09-06T13:37:46Z</time></trkpt><trkpt lat="43.38889767" lon="-5.82517489"><ele>210.64</ele><time>2024-09-06T13:37:47Z</time></trkpt><trkpt lat="43.38888500" lon="-5.82517583"><ele>210.62</ele><time>2024-09-06T13:37:48Z</time></trkpt><trkpt lat="43.38887233" lon="-5.82517678"><ele>210.59</ele><time>2024-09-06T13:37:49Z</time></trkpt><trkpt lat="43.38885967" lon="-5.82517772"><ele>210.56</ele><time>2024-09-06T13:37:50Z</time></trkpt><trkpt lat="43.38884700" lon="-5.82517867"><ele>210.53</ele><time>2024-09-06T13:37:51Z</time></trkpt><trkpt lat="43.38883433" lon="-5.82517961"><ele>210.51</ele><time>2024-09-06T13:37:52Z</time></trkpt><trkpt lat="43.38882167" lon="-5.82518056"><ele>210.48</ele><time>2024-09-06T13:37:53Z</time></trkpt><trkpt lat="43.38880900" lon="-5.82518150"><ele>210.45</ele><time>2024-09-06T13:37:54Z</time></trkpt><trkpt lat="43.38879633" lon="-5.82518244"><ele>210.42</ele><time>2024-09-06T13:37:55Z</time></trkpt><trkpt lat="43.38878367" lon="-5.82518339"><ele>210.39</ele><time>2024-09-06T13:37:56Z</time></trkpt><trkpt lat="43.38877100" lon="-5.82518433"><ele>210.37</ele><time>2024-09-06T13:37:57Z</time></trkpt><trkpt lat="43.38875833" lon="-5.82518528"><ele>210.34</ele><time>2024-09-06T13:37:58Z</time></trkpt><trkpt lat="43.38874567" lon="-5.82518622"><ele>210.31</ele><time>2024-09-06T13:37:59Z</time></trkpt><trkpt lat="43.38873300" lon="-5.82518717"><ele>210.28</ele><time>2024-09-06T13:38:00Z</time></trkpt><trkpt lat="43.38872033" lon="-5.82518811"><ele>210.26</ele><time>2024-09-06T13:38:01Z</time></trkpt><trkpt lat="43.38870767" lon="-5.82518906"><ele>210.23</ele><time>2024-09-06T13:38:02Z</time></trkpt><trkpt lat="43.38869500" lon="-5.82519000"><ele>210.20</ele><time>2024-09-06T13:38:03Z</time></trkpt><trkpt lat="43.38868000" lon="-5.82519600"><ele>210.45</ele><time>2024-09-06T13:38:04Z</time></trkpt><trkpt lat="43.38866500" lon="-5.82520200"><ele>210.70</ele><time>2024-09-06T13:38:05Z</time></trkpt><trkpt lat="43.38865062" lon="-5.82521785"><ele>210.58</ele><time>2024-09-06T13:38:06Z</time></trkpt><trkpt lat="43.38863623" lon="-5.82523369"><ele>210.47</ele><time>2024-09-06T13:38:07Z</time></trkpt><trkpt lat="43.38862185" lon="-5.82524954"><ele>210.35</ele><time>2024-09-06T13:38:08Z</time></trkpt><trkpt lat="43.38860746" lon="-5.82526538"><ele>210.24</ele><time>2024-09-06T13:38:09Z</time></trkpt><trkpt lat="43.38859308" lon="-5.82528123"><ele>210.12</ele><time>2024-09-06T13:38:10Z</time></trkpt><trkpt lat="43.38857869" lon="-5.82529708"><ele>210.01</ele><time>2024-09-06T13:38:11Z</time></trkpt><trkpt lat="43.38856431" lon="-5.82531292"><ele>209.89</ele><time>2024-09-06T13:38:12Z</time></trkpt><trkpt lat="43.38854992" lon="-5.82532877"><ele>209.78</ele><time>2024-09-06T13:38:13Z</time></trkpt><trkpt lat="43.38853554" lon="-5.82534462"><ele>209.66</ele><time>2024-09-06T13:38:14Z</time></trkpt><trkpt lat="43.38852115" lon="-5.82536046"><ele>209.55</ele><time>2024-09-06T13:38:15Z</time></trkpt><trkpt lat="43.38850677" lon="-5.82537631"><ele>209.43</ele><time>2024-09-06T13:38:16Z</time></trkpt><trkpt lat="43.38849238" lon="-5.82539215"><ele>209.32</ele><time>2024-09-06T13:38:17Z</time></trkpt><trkpt lat="43.38847800" lon="-5.82540800"><ele>209.20</ele><time>2024-09-06T13:38:18Z</time></trkpt><trkpt lat="43.38846795" lon="-5.82542305"><ele>209.30</ele><time>2024-09-06T13:38:19Z</time></trkpt><trkpt lat="43.38845789" lon="-5.82543811"><ele>209.40</ele><time>2024-09-06T13:38:20Z</time></trkpt><trkpt lat="43.38844784" lon="-5.82545316"><ele>209.50</ele><time>2024-09-06T13:38:21Z</time></trkpt><trkpt lat="43.38843779" lon="-5.82546821"><ele>209.60</ele><time>2024-09-06T13:38:22Z</time></trkpt><trkpt lat="43.38842774" lon="-5.82548326"><ele>209.70</ele><time>2024-09-06T13:38:23Z</time></trkpt><trkpt lat="43.38841768" lon="-5.82549832"><ele>209.80</ele><time>2024-09-06T13:38:24Z</time></trkpt><trkpt lat="43.38840763" lon="-5.82551337"><ele>209.90</ele><time>2024-09-06T13:38:25Z</time></trkpt><trkpt lat="43.38839758" lon="-5.82552842"><ele>210.00</ele><time>2024-09-06T13:38:26Z</time></trkpt><trkpt lat="43.38838753" lon="-5.82554347"><ele>210.10</ele><time>2024-09-06T13:38:27Z</time></trkpt><trkpt lat="43.38837747" lon="-5.82555853"><ele>210.20</ele><time>2024-09-06T13:38:28Z</time></trkpt><trkpt lat="43.38836742" lon="-5.82557358"><ele>210.30</ele><time>2024-09-06T13:38:29Z</time></trkpt><trkpt lat="43.38835737" lon="-5.82558863"><ele>210.40</ele><time>2024-09-06T13:38:30Z</time></trkpt><trkpt lat="43.38834732" lon="-5.82560368"><ele>210.50</ele><time>2024-09-06T13:38:31Z</time></trkpt><trkpt lat="43.38833726" lon="-5.82561874"><ele>210.60</ele><time>2024-09-06T13:38:32Z</time></trkpt><trkpt lat="43.38832721" lon="-5.82563379"><ele>210.70</ele><time>2024-09-06T13:38:33Z</time></trkpt><trkpt lat="43.38831716" lon="-5.82564884"><ele>210.80</ele><time>2024-09-06T13:38:34Z</time></trkpt><trkpt lat="43.38830711" lon="-5.82566389"><ele>210.90</ele><time>2024-09-06T13:38:35Z</time></trkpt><trkpt lat="43.38829705" lon="-5.82567895"><ele>211.00</ele><time>2024-09-06T13:38:36Z</time></trkpt><trkpt lat="43.38828700" lon="-5.82569400"><ele>211.10</ele><time>2024-09-06T13:38:37Z</time></trkpt><trkpt lat="43.38827376" lon="-5.82570324"><ele>211.13</ele><time>2024-09-06T13:38:38Z</time></trkpt><trkpt lat="43.38826053" lon="-5.82571247"><ele>211.16</ele><time>2024-09-06T13:38:39Z</time></trkpt><trkpt lat="43.38824729" lon="-5.82572171"><ele>211.19</ele><time>2024-09-06T13:38:40Z</time></trkpt><trkpt lat="43.38823406" lon="-5.82573094"><ele>211.22</ele><time>2024-09-06T13:38:41Z</time></trkpt><trkpt lat="43.38822082" lon="-5.82574018"><ele>211.25</ele><time>2024-09-06T13:38:42Z</time></trkpt><trkpt lat="43.38820759" lon="-5.82574941"><ele>211.28</ele><time>2024-09-06T13:38:43Z</time></trkpt><trkpt lat="43.38819435" lon="-5.82575865"><ele>211.31</ele><time>2024-09-06T13:38:44Z</time></trkpt><trkpt lat="43.38818112" lon="-5.82576788"><ele>211.34</ele><time>2024-09-06T13:38:45Z</time></trkpt><trkpt lat="43.38816788" lon="-5.82577712"><ele>211.36</ele><time>2024-09-06T13:38:46Z</time></trkpt><trkpt lat="43.38815465" lon="-5.82578635"><ele>211.39</ele><time>2024-09-06T13:38:47Z</time></trkpt><trkpt lat="43.38814141" lon="-5.82579559"><ele>211.42</ele><time>2024-09-06T13:38:48Z</time></trkpt><trkpt lat="43.38812818" lon="-5.82580482"><ele>211.45</ele><time>2024-09-06T13:38:49Z</time></trkpt><trkpt lat="43.38811494" lon="-5.82581406"><ele>211.48</ele><time>2024-09-06T13:38:50Z</time></trkpt><trkpt lat="43.38810171" lon="-5.82582329"><ele>211.51</ele><time>2024-09-06T13:38:51Z</time></trkpt><trkpt lat="43.38808847" lon="-5.82583253"><ele>211.54</ele><time>2024-09-06T13:38:52Z</time></trkpt><trkpt lat="43.38807524" lon="-5.82584176"><ele>211.57</ele><time>2024-09-06T13:38:53Z</time></trkpt><trkpt lat="43.38806200" lon="-5.82585100"><ele>211.60</ele><time>2024-09-06T13:38:54Z</time></trkpt><trkpt lat="43.38805117" lon="-5.82586039"><ele>211.68</ele><time>2024-09-06T13:38:55Z</time></trkpt><trkpt lat="43.38804033" lon="-5.82586978"><ele>211.77</ele><time>2024-09-06T13:38:56Z</time></trkpt><trkpt lat="43.38802950" lon="-5.82587917"><ele>211.85</ele><time>2024-09-06T13:38:57Z</time></trkpt><trkpt lat="43.38801867" lon="-5.82588856"><ele>211.93</ele><time>2024-09-06T13:38:58Z</time></trkpt><trkpt lat="43.38800783" lon="-5.82589794"><ele>212.02</ele><time>2024-09-06T13:38:59Z</time></trkpt><trkpt lat="43.38799700" lon="-5.82590733"><ele>212.10</ele><time>2024-09-06T13:39:00Z</time></trkpt><trkpt lat="43.38798617" lon="-5.82591672"><ele>212.18</ele><time>2024-09-06T13:39:01Z</time></trkpt><trkpt lat="43.38797533" lon="-5.82592611"><ele>212.27</ele><time>2024-09-06T13:39:02Z</time></trkpt><trkpt lat="43.38796450" lon="-5.82593550"><ele>212.35</ele><time>2024-09-06T13:39:03Z</time></trkpt><trkpt lat="43.38795367" lon="-5.82594489"><ele>212.43</ele><time>2024-09-06T13:39:04Z</time></trkpt><trkpt lat="43.38794283" lon="-5.82595428"><ele>212.52</ele><time>2024-09-06T13:39:05Z</time></trkpt><trkpt lat="43.38793200" lon="-5.82596367"><ele>212.60</ele><time>2024-09-06T13:39:06Z</time></trkpt><trkpt lat="43.38792117" lon="-5.82597306"><ele>212.68</ele><time>2024-09-06T13:39:07Z</time></trkpt><trkpt lat="43.38791033" lon="-5.82598244"><ele>212.77</ele><time>2024-09-06T13:39:08Z</time></trkpt><trkpt lat="43.38789950" lon="-5.82599183"><ele>212.85</ele><time>2024-09-06T13:39:09Z</time></trkpt><trkpt lat="43.38788867" lon="-5.82600122"><ele>212.93</ele><time>2024-09-06T13:39:10Z</time></trkpt><trkpt lat="43.38787783" lon="-5.82601061"><ele>213.02</ele><time>2024-09-06T13:39:11Z</time></trkpt><trkpt lat="43.38786700" lon="-5.82602000"><ele>213.10</ele><time>2024-09-06T13:39:12Z</time></trkpt><trkpt lat="43.38785800" lon="-5.82602700"><ele>213.60</ele><time>2024-09-06T13:39:13Z</time></trkpt><trkpt lat="43.38784820" lon="-5.82603710"><ele>213.64</ele><time>2024-09-06T13:39:14Z</time></trkpt><trkpt lat="43.38783840" lon="-5.82604720"><ele>213.68</ele><time>2024-09-06T13:39:15Z</time></trkpt><trkpt lat="43.38782860" lon="-5.82605730"><ele>213.72</ele><time>2024-09-06T13:39:16Z</time></trkpt><trkpt lat="43.38781880" lon="-5.82606740"><ele>213.76</ele><time>2024-09-06T13:39:17Z</time></trkpt><trkpt lat="43.38780900" lon="-5.82607750"><ele>213.80</ele><time>2024-09-06T13:39:18Z</time></trkpt><trkpt lat="43.38779920" lon="-5.82608760"><ele>213.84</ele><time>2024-09-06T13:39:19Z</time></trkpt><trkpt lat="43.38778940" lon="-5.82609770"><ele>213.88</ele><time>2024-09-06T13:39:20Z</time></trkpt><trkpt lat="43.38777960" lon="-5.82610780"><ele>213.92</ele><time>2024-09-06T13:39:21Z</time></trkpt><trkpt lat="43.38776980" lon="-5.82611790"><ele>213.96</ele><time>2024-09-06T13:39:22Z</time></trkpt><trkpt lat="43.38776000" lon="-5.82612800"><ele>214.00</ele><time>2024-09-06T13:39:23Z</time></trkpt><trkpt lat="43.38774943" lon="-5.82614086"><ele>214.27</ele><time>2024-09-06T13:39:24Z</time></trkpt><trkpt lat="43.38773886" lon="-5.82615371"><ele>214.54</ele><time>2024-09-06T13:39:25Z</time></trkpt><trkpt lat="43.38772829" lon="-5.82616657"><ele>214.81</ele><time>2024-09-06T13:39:26Z</time></trkpt><trkpt lat="43.38771771" lon="-5.82617943"><ele>215.09</ele><time>2024-09-06T13:39:27Z</time></trkpt><trkpt lat="43.38770714" lon="-5.82619229"><ele>215.36</ele><time>2024-09-06T13:39:28Z</time></trkpt><trkpt lat="43.38769657" lon="-5.82620514"><ele>215.63</ele><time>2024-09-06T13:39:29Z</time></trkpt><trkpt lat="43.38768600" lon="-5.82621800"><ele>215.90</ele><time>2024-09-06T13:39:30Z</time></trkpt><trkpt lat="43.38767413" lon="-5.82622819"><ele>215.84</ele><time>2024-09-06T13:39:31Z</time></trkpt><trkpt lat="43.38766225" lon="-5.82623837"><ele>215.79</ele><time>2024-09-06T13:39:32Z</time></trkpt><trkpt lat="43.38765037" lon="-5.82624856"><ele>215.73</ele><time>2024-09-06T13:39:33Z</time></trkpt><trkpt lat="43.38763850" lon="-5.82625875"><ele>215.68</ele><time>2024-09-06T13:39:34Z</time></trkpt><trkpt lat="43.38762663" lon="-5.82626894"><ele>215.62</ele><time>2024-09-06T13:39:35Z</time></trkpt><trkpt lat="43.38761475" lon="-5.82627913"><ele>215.56</ele><time>2024-09-06T13:39:36Z</time></trkpt><trkpt lat="43.38760287" lon="-5.82628931"><ele>215.51</ele><time>2024-09-06T13:39:37Z</time></trkpt><trkpt lat="43.38759100" lon="-5.82629950"><ele>215.45</ele><time>2024-09-06T13:39:38Z</time></trkpt><trkpt lat="43.38757913" lon="-5.82630969"><ele>215.39</ele><time>2024-09-06T13:39:39Z</time></trkpt><trkpt lat="43.38756725" lon="-5.82631987"><ele>215.34</ele><time>2024-09-06T13:39:40Z</time></trkpt><trkpt lat="43.38755537" lon="-5.82633006"><ele>215.28</ele><time>2024-09-06T13:39:41Z</time></trkpt><trkpt lat="43.38754350" lon="-5.82634025"><ele>215.22</ele><time>2024-09-06T13:39:42Z</time></trkpt><trkpt lat="43.38753163" lon="-5.82635044"><ele>215.17</ele><time>2024-09-06T13:39:43Z</time></trkpt><trkpt lat="43.38751975" lon="-5.82636062"><ele>215.11</ele><time>2024-09-06T13:39:44Z</time></trkpt><trkpt lat="43.38750787" lon="-5.82637081"><ele>215.06</ele><time>2024-09-06T13:39:45Z</time></trkpt><trkpt lat="43.38749600" lon="-5.82638100"><ele>215.00</ele><time>2024-09-06T13:39:46Z</time></trkpt><trkpt lat="43.38748550" lon="-5.82639433"><ele>215.23</ele><time>2024-09-06T13:39:47Z</time></trkpt><trkpt lat="43.38747500" lon="-5.82640767"><ele>215.47</ele><time>2024-09-06T13:39:48Z</time></trkpt><trkpt lat="43.38746450" lon="-5.82642100"><ele>215.70</ele><time>2024-09-06T13:39:49Z</time></trkpt><trkpt lat="43.38745400" lon="-5.82643433"><ele>215.93</ele><time>2024-09-06T13:39:50Z</time></trkpt><trkpt lat="43.38744350" lon="-5.82644767"><ele>216.17</ele><time>2024-09-06T13:39:51Z</time></trkpt><trkpt lat="43.38743300" lon="-5.82646100"><ele>216.40</ele><time>2024-09-06T13:39:52Z</time></trkpt><trkpt lat="43.38742333" lon="-5.82647425"><ele>216.12</ele><time>2024-09-06T13:39:53Z</time></trkpt><trkpt lat="43.38741367" lon="-5.82648750"><ele>215.85</ele><time>2024-09-06T13:39:54Z</time></trkpt><trkpt lat="43.38740400" lon="-5.82650075"><ele>215.57</ele><time>2024-09-06T13:39:55Z</time></trkpt><trkpt lat="43.38739433" lon="-5.82651400"><ele>215.30</ele><time>2024-09-06T13:39:56Z</time></trkpt><trkpt lat="43.38738467" lon="-5.82652725"><ele>215.03</ele><time>2024-09-06T13:39:57Z</time></trkpt><trkpt lat="43.38737500" lon="-5.82654050"><ele>214.75</ele><time>2024-09-06T13:39:58Z</time></trkpt><trkpt lat="43.38736533" lon="-5.82655375"><ele>214.47</ele><time>2024-09-06T13:39:59Z</time></trkpt><trkpt lat="43.38735567" lon="-5.82656700"><ele>214.20</ele><time>2024-09-06T13:40:00Z</time></trkpt><trkpt lat="43.38734600" lon="-5.82658025"><ele>213.93</ele><time>2024-09-06T13:40:01Z</time></trkpt><trkpt lat="43.38733633" lon="-5.82659350"><ele>213.65</ele><time>2024-09-06T13:40:02Z</time></trkpt><trkpt lat="43.38732667" lon="-5.82660675"><ele>213.38</ele><time>2024-09-06T13:40:03Z</time></trkpt><trkpt lat="43.38731700" lon="-5.82662000"><ele>213.10</ele><time>2024-09-06T13:40:04Z</time></trkpt><trkpt lat="43.38730600" lon="-5.82663500"><ele>216.40</ele><time>2024-09-06T13:40:05Z</time></trkpt><trkpt lat="43.38729450" lon="-5.82664950"><ele>217.15</ele><time>2024-09-06T13:40:06Z</time></trkpt><trkpt lat="43.38728300" lon="-5.82666400"><ele>217.90</ele><time>2024-09-06T13:40:07Z</time></trkpt><trkpt lat="43.38727150" lon="-5.82667439"><ele>217.90</ele><time>2024-09-06T13:40:08Z</time></trkpt><trkpt lat="43.38726000" lon="-5.82668478"><ele>217.90</ele><time>2024-09-06T13:40:09Z</time></trkpt><trkpt lat="43.38724850" lon="-5.82669517"><ele>217.90</ele><time>2024-09-06T13:40:10Z</time></trkpt><trkpt lat="43.38723700" lon="-5.82670556"><ele>217.90</ele><time>2024-09-06T13:40:11Z</time></trkpt><trkpt lat="43.38722550" lon="-5.82671594"><ele>217.90</ele><time>2024-09-06T13:40:12Z</time></trkpt><trkpt lat="43.38721400" lon="-5.82672633"><ele>217.90</ele><time>2024-09-06T13:40:13Z</time></trkpt><trkpt lat="43.38720250" lon="-5.82673672"><ele>217.90</ele><time>2024-09-06T13:40:14Z</time></trkpt><trkpt lat="43.38719100" lon="-5.82674711"><ele>217.90</ele><time>2024-09-06T13:40:15Z</time></trkpt><trkpt lat="43.38717950" lon="-5.82675750"><ele>217.90</ele><time>2024-09-06T13:40:16Z</time></trkpt><trkpt lat="43.38716800" lon="-5.82676789"><ele>217.90</ele><time>2024-09-06T13:40:17Z</time></trkpt><trkpt lat="43.38715650" lon="-5.82677828"><ele>217.90</ele><time>2024-09-06T13:40:18Z</time></trkpt><trkpt lat="43.38714500" lon="-5.82678867"><ele>217.90</ele><time>2024-09-06T13:40:19Z</time></trkpt><trkpt lat="43.38713350" lon="-5.82679906"><ele>217.90</ele><time>2024-09-06T13:40:20Z</time></trkpt><trkpt lat="43.38712200" lon="-5.82680944"><ele>217.90</ele><time>2024-09-06T13:40:21Z</time></trkpt><trkpt lat="43.38711050" lon="-5.82681983"><ele>217.90</ele><time>2024-09-06T13:40:22Z</time></trkpt><trkpt lat="43.38709900" lon="-5.82683022"><ele>217.90</ele><time>2024-09-06T13:40:23Z</time></trkpt><trkpt lat="43.38708750" lon="-5.82684061"><ele>217.90</ele><time>2024-09-06T13:40:24Z</time></trkpt><trkpt lat="43.38707600" lon="-5.82685100"><ele>217.90</ele><time>2024-09-06T13:40:25Z</time></trkpt><trkpt lat="43.38706220" lon="-5.82686440"><ele>218.18</ele><time>2024-09-06T13:40:26Z</time></trkpt><trkpt lat="43.38704840" lon="-5.82687780"><ele>218.46</ele><time>2024-09-06T13:40:27Z</time></trkpt><trkpt lat="43.38703460" lon="-5.82689120"><ele>218.74</ele><time>2024-09-06T13:40:28Z</time></trkpt><trkpt lat="43.38702080" lon="-5.82690460"><ele>219.02</ele><time>2024-09-06T13:40:29Z</time></trkpt><trkpt lat="43.38700700" lon="-5.82691800"><ele>219.30</ele><time>2024-09-06T13:40:30Z</time></trkpt><trkpt lat="43.38699686" lon="-5.82693057"><ele>219.37</ele><time>2024-09-06T13:40:31Z</time></trkpt><trkpt lat="43.38698671" lon="-5.82694314"><ele>219.44</ele><time>2024-09-06T13:40:32Z</time></trkpt><trkpt lat="43.38697657" lon="-5.82695571"><ele>219.51</ele><time>2024-09-06T13:40:33Z</time></trkpt><trkpt lat="43.38696643" lon="-5.82696829"><ele>219.59</ele><time>2024-09-06T13:40:34Z</time></trkpt><trkpt lat="43.38695629" lon="-5.82698086"><ele>219.66</ele><time>2024-09-06T13:40:35Z</time></trkpt><trkpt lat="43.38694614" lon="-5.82699343"><ele>219.73</ele><time>2024-09-06T13:40:36Z</time></trkpt><trkpt lat="43.38693600" lon="-5.82700600"><ele>219.80</ele><time>2024-09-06T13:40:37Z</time></trkpt><trkpt lat="43.38692686" lon="-5.82701986"><ele>219.73</ele><time>2024-09-06T13:40:38Z</time></trkpt><trkpt lat="43.38691771" lon="-5.82703371"><ele>219.66</ele><time>2024-09-06T13:40:39Z</time></trkpt><trkpt lat="43.38690857" lon="-5.82704757"><ele>219.59</ele><time>2024-09-06T13:40:40Z</time></trkpt><trkpt lat="43.38689943" lon="-5.82706143"><ele>219.51</ele><time>2024-09-06T13:40:41Z</time></trkpt><trkpt lat="43.38689029" lon="-5.82707529"><ele>219.44</ele><time>2024-09-06T13:40:42Z</time></trkpt><trkpt lat="43.38688114" lon="-5.82708914"><ele>219.37</ele><time>2024-09-06T13:40:43Z</time></trkpt><trkpt lat="43.38687200" lon="-5.82710300"><ele>219.30</ele><time>2024-09-06T13:40:44Z</time></trkpt><trkpt lat="43.38686232" lon="-5.82711384"><ele>219.35</ele><time>2024-09-06T13:40:45Z</time></trkpt><trkpt lat="43.38685263" lon="-5.82712468"><ele>219.41</ele><time>2024-09-06T13:40:46Z</time></trkpt><trkpt lat="43.38684295" lon="-5.82713553"><ele>219.46</ele><time>2024-09-06T13:40:47Z</time></trkpt><trkpt lat="43.38683326" lon="-5.82714637"><ele>219.51</ele><time>2024-09-06T13:40:48Z</time></trkpt><trkpt lat="43.38682358" lon="-5.82715721"><ele>219.56</ele><time>2024-09-06T13:40:49Z</time></trkpt><trkpt lat="43.38681389" lon="-5.82716805"><ele>219.62</ele><time>2024-09-06T13:40:50Z</time></trkpt><trkpt lat="43.38680421" lon="-5.82717889"><ele>219.67</ele><time>2024-09-06T13:40:51Z</time></trkpt><trkpt lat="43.38679453" lon="-5.82718974"><ele>219.72</ele><time>2024-09-06T13:40:52Z</time></trkpt><trkpt lat="43.38678484" lon="-5.82720058"><ele>219.77</ele><time>2024-09-06T13:40:53Z</time></trkpt><trkpt lat="43.38677516" lon="-5.82721142"><ele>219.83</ele><time>2024-09-06T13:40:54Z</time></trkpt><trkpt lat="43.38676547" lon="-5.82722226"><ele>219.88</ele><time>2024-09-06T13:40:55Z</time></trkpt><trkpt lat="43.38675579" lon="-5.82723311"><ele>219.93</ele><time>2024-09-06T13:40:56Z</time></trkpt><trkpt lat="43.38674611" lon="-5.82724395"><ele>219.98</ele><time>2024-09-06T13:40:57Z</time></trkpt><trkpt lat="43.38673642" lon="-5.82725479"><ele>220.04</ele><time>2024-09-06T13:40:58Z</time></trkpt><trkpt lat="43.38672674" lon="-5.82726563"><ele>220.09</ele><time>2024-09-06T13:40:59Z</time></trkpt><trkpt lat="43.38671705" lon="-5.82727647"><ele>220.14</ele><time>2024-09-06T13:41:00Z</time></trkpt><trkpt lat="43.38670737" lon="-5.82728732"><ele>220.19</ele><time>2024-09-06T13:41:01Z</time></trkpt><trkpt lat="43.38669768" lon="-5.82729816"><ele>220.25</ele><time>2024-09-06T13:41:02Z</time></trkpt><trkpt lat="43.38668800" lon="-5.82730900"><ele>220.30</ele><time>2024-09-06T13:41:03Z</time></trkpt><trkpt lat="43.38667600" lon="-5.82732044"><ele>220.51</ele><time>2024-09-06T13:41:04Z</time></trkpt><trkpt lat="43.38666400" lon="-5.82733189"><ele>220.72</ele><time>2024-09-06T13:41:05Z</time></trkpt><trkpt lat="43.38665200" lon="-5.82734333"><ele>220.93</ele><time>2024-09-06T13:41:06Z</time></trkpt><trkpt lat="43.38664000" lon="-5.82735478"><ele>221.14</ele><time>2024-09-06T13:41:07Z</time></trkpt><trkpt lat="43.38662800" lon="-5.82736622"><ele>221.36</ele><time>2024-09-06T13:41:08Z</time></trkpt><trkpt lat="43.38661600" lon="-5.82737767"><ele>221.57</ele><time>2024-09-06T13:41:09Z</time></trkpt><trkpt lat="43.38660400" lon="-5.82738911"><ele>221.78</ele><time>2024-09-06T13:41:10Z</time></trkpt><trkpt lat="43.38659200" lon="-5.82740056"><ele>221.99</ele><time>2024-09-06T13:41:11Z</time></trkpt><trkpt lat="43.38658000" lon="-5.82741200"><ele>222.20</ele><time>2024-09-06T13:41:12Z</time></trkpt><trkpt lat="43.38656567" lon="-5.82742300"><ele>221.73</ele><time>2024-09-06T13:41:13Z</time></trkpt><trkpt lat="43.38655133" lon="-5.82743400"><ele>221.27</ele><time>2024-09-06T13:41:14Z</time></trkpt><trkpt lat="43.38653700" lon="-5.82744500"><ele>220.80</ele><time>2024-09-06T13:41:15Z</time></trkpt><trkpt lat="43.38652325" lon="-5.82745300"><ele>220.85</ele><time>2024-09-06T13:41:16Z</time></trkpt><trkpt lat="43.38650950" lon="-5.82746100"><ele>220.90</ele><time>2024-09-06T13:41:17Z</time></trkpt><trkpt lat="43.38649575" lon="-5.82746900"><ele>220.95</ele><time>2024-09-06T13:41:18Z</time></trkpt><trkpt lat="43.38648200" lon="-5.82747700"><ele>221.00</ele><time>2024-09-06T13:41:19Z</time></trkpt><trkpt lat="43.38646825" lon="-5.82748500"><ele>221.05</ele><time>2024-09-06T13:41:20Z</time></trkpt><trkpt lat="43.38645450" lon="-5.82749300"><ele>221.10</ele><time>2024-09-06T13:41:21Z</time></trkpt><trkpt lat="43.38644075" lon="-5.82750100"><ele>221.15</ele><time>2024-09-06T13:41:22Z</time></trkpt><trkpt lat="43.38642700" lon="-5.82750900"><ele>221.20</ele><time>2024-09-06T13:41:23Z</time></trkpt><trkpt lat="43.38642014" lon="-5.82750129"><ele>221.27</ele><time>2024-09-06T13:41:24Z</time></trkpt><trkpt lat="43.38641329" lon="-5.82749357"><ele>221.34</ele><time>2024-09-06T13:41:25Z</time></trkpt><trkpt lat="43.38640643" lon="-5.82748586"><ele>221.41</ele><time>2024-09-06T13:41:26Z</time></trkpt><trkpt lat="43.38639957" lon="-5.82747814"><ele>221.49</ele><time>2024-09-06T13:41:27Z</time></trkpt><trkpt lat="43.38639271" lon="-5.82747043"><ele>221.56</ele><time>2024-09-06T13:41:28Z</time></trkpt><trkpt lat="43.38638586" lon="-5.82746271"><ele>221.63</ele><time>2024-09-06T13:41:29Z</time></trkpt><trkpt lat="43.38637900" lon="-5.82745500"><ele>221.70</ele><time>2024-09-06T13:41:30Z</time></trkpt><trkpt lat="43.38636100" lon="-5.82745200"><ele>220.80</ele><time>2024-09-06T13:41:31Z</time></trkpt><trkpt lat="43.38634871" lon="-5.82745257"><ele>220.93</ele><time>2024-09-06T13:41:32Z</time></trkpt><trkpt lat="43.38633643" lon="-5.82745314"><ele>221.06</ele><time>2024-09-06T13:41:33Z</time></trkpt><trkpt lat="43.38632414" lon="-5.82745371"><ele>221.19</ele><time>2024-09-06T13:41:34Z</time></trkpt><trkpt lat="43.38631186" lon="-5.82745429"><ele>221.31</ele><time>2024-09-06T13:41:35Z</time></trkpt><trkpt lat="43.38629957" lon="-5.82745486"><ele>221.44</ele><time>2024-09-06T13:41:36Z</time></trkpt><trkpt lat="43.38628729" lon="-5.82745543"><ele>221.57</ele><time>2024-09-06T13:41:37Z</time></trkpt><trkpt lat="43.38627500" lon="-5.82745600"><ele>221.70</ele><time>2024-09-06T13:41:38Z</time></trkpt><trkpt lat="43.38625750" lon="-5.82746225"><ele>221.95</ele><time>2024-09-06T13:41:39Z</time></trkpt><trkpt lat="43.38624000" lon="-5.82746850"><ele>222.20</ele><time>2024-09-06T13:41:40Z</time></trkpt><trkpt lat="43.38622250" lon="-5.82747475"><ele>222.45</ele><time>2024-09-06T13:41:41Z</time></trkpt><trkpt lat="43.38620500" lon="-5.82748100"><ele>222.70</ele><time>2024-09-06T13:41:42Z</time></trkpt><trkpt lat="43.38618594" lon="-5.82748000"><ele>222.76</ele><time>2024-09-06T13:41:43Z</time></trkpt><trkpt lat="43.38616688" lon="-5.82747900"><ele>222.81</ele><time>2024-09-06T13:41:44Z</time></trkpt><trkpt lat="43.38614781" lon="-5.82747800"><ele>222.87</ele><time>2024-09-06T13:41:45Z</time></trkpt><trkpt lat="43.38612875" lon="-5.82747700"><ele>222.92</ele><time>2024-09-06T13:41:46Z</time></trkpt><trkpt lat="43.38610969" lon="-5.82747600"><ele>222.98</ele><time>2024-09-06T13:41:47Z</time></trkpt><trkpt lat="43.38609062" lon="-5.82747500"><ele>223.04</ele><time>2024-09-06T13:41:48Z</time></trkpt><trkpt lat="43.38607156" lon="-5.82747400"><ele>223.09</ele><time>2024-09-06T13:41:49Z</time></trkpt><trkpt lat="43.38605250" lon="-5.82747300"><ele>223.15</ele><time>2024-09-06T13:41:50Z</time></trkpt><trkpt lat="43.38603344" lon="-5.82747200"><ele>223.21</ele><time>2024-09-06T13:41:51Z</time></trkpt><trkpt lat="43.38601438" lon="-5.82747100"><ele>223.26</ele><time>2024-09-06T13:41:52Z</time></trkpt><trkpt lat="43.38599531" lon="-5.82747000"><ele>223.32</ele><time>2024-09-06T13:41:53Z</time></trkpt><trkpt lat="43.38597625" lon="-5.82746900"><ele>223.38</ele><time>2024-09-06T13:41:54Z</time></trkpt><trkpt lat="43.38595719" lon="-5.82746800"><ele>223.43</ele><time>2024-09-06T13:41:55Z</time></trkpt><trkpt lat="43.38593812" lon="-5.82746700"><ele>223.49</ele><time>2024-09-06T13:41:56Z</time></trkpt><trkpt lat="43.38591906" lon="-5.82746600"><ele>223.54</ele><time>2024-09-06T13:41:57Z</time></trkpt><trkpt lat="43.38590000" lon="-5.82746500"><ele>223.60</ele><time>2024-09-06T13:41:58Z</time></trkpt><trkpt lat="43.38589160" lon="-5.82744980"><ele>223.57</ele><time>2024-09-06T13:41:59Z</time></trkpt><trkpt lat="43.38588320" lon="-5.82743460"><ele>223.55</ele><time>2024-09-06T13:42:00Z</time></trkpt><trkpt lat="43.38587480" lon="-5.82741940"><ele>223.52</ele><time>2024-09-06T13:42:01Z</time></trkpt><trkpt lat="43.38586640" lon="-5.82740420"><ele>223.49</ele><time>2024-09-06T13:42:02Z</time></trkpt><trkpt lat="43.38585800" lon="-5.82738900"><ele>223.47</ele><time>2024-09-06T13:42:03Z</time></trkpt><trkpt lat="43.38584960" lon="-5.82737380"><ele>223.44</ele><time>2024-09-06T13:42:04Z</time></trkpt><trkpt lat="43.38584120" lon="-5.82735860"><ele>223.41</ele><time>2024-09-06T13:42:05Z</time></trkpt><trkpt lat="43.38583280" lon="-5.82734340"><ele>223.39</ele><time>2024-09-06T13:42:06Z</time></trkpt><trkpt lat="43.38582440" lon="-5.82732820"><ele>223.36</ele><time>2024-09-06T13:42:07Z</time></trkpt><trkpt lat="43.38581600" lon="-5.82731300"><ele>223.33</ele><time>2024-09-06T13:42:08Z</time></trkpt><trkpt lat="43.38580760" lon="-5.82729780"><ele>223.31</ele><time>2024-09-06T13:42:09Z</time></trkpt><trkpt lat="43.38579920" lon="-5.82728260"><ele>223.28</ele><time>2024-09-06T13:42:10Z</time></trkpt><trkpt lat="43.38579080" lon="-5.82726740"><ele>223.25</ele><time>2024-09-06T13:42:11Z</time></trkpt><trkpt lat="43.38578240" lon="-5.82725220"><ele>223.23</ele><time>2024-09-06T13:42:12Z</time></trkpt><trkpt lat="43.38577400" lon="-5.82723700"><ele>223.20</ele><time>2024-09-06T13:42:13Z</time></trkpt><trkpt lat="43.38576250" lon="-5.82723012"><ele>223.07</ele><time>2024-09-06T13:42:14Z</time></trkpt><trkpt lat="43.38575100" lon="-5.82722325"><ele>222.95</ele><time>2024-09-06T13:42:15Z</time></trkpt><trkpt lat="43.38573950" lon="-5.82721637"><ele>222.82</ele><time>2024-09-06T13:42:16Z</time></trkpt><trkpt lat="43.38572800" lon="-5.82720950"><ele>222.70</ele><time>2024-09-06T13:42:17Z</time></trkpt><trkpt lat="43.38571650" lon="-5.82720262"><ele>222.57</ele><time>2024-09-06T13:42:18Z</time></trkpt><trkpt lat="43.38570500" lon="-5.82719575"><ele>222.45</ele><time>2024-09-06T13:42:19Z</time></trkpt><trkpt lat="43.38569350" lon="-5.82718888"><ele>222.32</ele><time>2024-09-06T13:42:20Z</time></trkpt><trkpt lat="43.38568200" lon="-5.82718200"><ele>222.20</ele><time>2024-09-06T13:42:21Z</time></trkpt><trkpt lat="43.38567350" lon="-5.82717025"><ele>222.02</ele><time>2024-09-06T13:42:22Z</time></trkpt><trkpt lat="43.38566500" lon="-5.82715850"><ele>221.85</ele><time>2024-09-06T13:42:23Z</time></trkpt><trkpt lat="43.38565650" lon="-5.82714675"><ele>221.68</ele><time>2024-09-06T13:42:24Z</time></trkpt><trkpt lat="43.38564800" lon="-5.82713500"><ele>221.50</ele><time>2024-09-06T13:42:25Z</time></trkpt><trkpt lat="43.38563950" lon="-5.82712325"><ele>221.32</ele><time>2024-09-06T13:42:26Z</time></trkpt><trkpt lat="43.38563100" lon="-5.82711150"><ele>221.15</ele><time>2024-09-06T13:42:27Z</time></trkpt><trkpt lat="43.38562250" lon="-5.82709975"><ele>220.98</ele><time>2024-09-06T13:42:28Z</time></trkpt><trkpt lat="43.38561400" lon="-5.82708800"><ele>220.80</ele><time>2024-09-06T13:42:29Z</time></trkpt><trkpt lat="43.38560667" lon="-5.82706433"><ele>221.10</ele><time>2024-09-06T13:42:30Z</time></trkpt><trkpt lat="43.38559933" lon="-5.82704067"><ele>221.40</ele><time>2024-09-06T13:42:31Z</time></trkpt><trkpt lat="43.38559200" lon="-5.82701700"><ele>221.70</ele><time>2024-09-06T13:42:32Z</time></trkpt><trkpt lat="43.38558776" lon="-5.82699253"><ele>221.56</ele><time>2024-09-06T13:42:33Z</time></trkpt><trkpt lat="43.38558353" lon="-5.82696806"><ele>221.42</ele><time>2024-09-06T13:42:34Z</time></trkpt><trkpt lat="43.38557929" lon="-5.82694359"><ele>221.28</ele><time>2024-09-06T13:42:35Z</time></trkpt><trkpt lat="43.38557506" lon="-5.82691912"><ele>221.14</ele><time>2024-09-06T13:42:36Z</time></trkpt><trkpt lat="43.38557082" lon="-5.82689465"><ele>220.99</ele><time>2024-09-06T13:42:37Z</time></trkpt><trkpt lat="43.38556659" lon="-5.82687018"><ele>220.85</ele><time>2024-09-06T13:42:38Z</time></trkpt><trkpt lat="43.38556235" lon="-5.82684571"><ele>220.71</ele><time>2024-09-06T13:42:39Z</time></trkpt><trkpt lat="43.38555812" lon="-5.82682124"><ele>220.57</ele><time>2024-09-06T13:42:40Z</time></trkpt><trkpt lat="43.38555388" lon="-5.82679676"><ele>220.43</ele><time>2024-09-06T13:42:41Z</time></trkpt><trkpt lat="43.38554965" lon="-5.82677229"><ele>220.29</ele><time>2024-09-06T13:42:42Z</time></trkpt><trkpt lat="43.38554541" lon="-5.82674782"><ele>220.15</ele><time>2024-09-06T13:42:43Z</time></trkpt><trkpt lat="43.38554118" lon="-5.82672335"><ele>220.01</ele><time>2024-09-06T13:42:44Z</time></trkpt><trkpt lat="43.38553694" lon="-5.82669888"><ele>219.86</ele><time>2024-09-06T13:42:45Z</time></trkpt><trkpt lat="43.38553271" lon="-5.82667441"><ele>219.72</ele><time>2024-09-06T13:42:46Z</time></trkpt><trkpt lat="43.38552847" lon="-5.82664994"><ele>219.58</ele><time>2024-09-06T13:42:47Z</time></trkpt><trkpt lat="43.38552424" lon="-5.82662547"><ele>219.44</ele><time>2024-09-06T13:42:48Z</time></trkpt><trkpt lat="43.38552000" lon="-5.82660100"><ele>219.30</ele><time>2024-09-06T13:42:49Z</time></trkpt><trkpt lat="43.38551300" lon="-5.82658740"><ele>219.40</ele><time>2024-09-06T13:42:50Z</time></trkpt><trkpt lat="43.38550600" lon="-5.82657380"><ele>219.50</ele><time>2024-09-06T13:42:51Z</time></trkpt><trkpt lat="43.38549900" lon="-5.82656020"><ele>219.60</ele><time>2024-09-06T13:42:52Z</time></trkpt><trkpt lat="43.38549200" lon="-5.82654660"><ele>219.70</ele><time>2024-09-06T13:42:53Z</time></trkpt><trkpt lat="43.38548500" lon="-5.82653300"><ele>219.80</ele><time>2024-09-06T13:42:54Z</time></trkpt><trkpt lat="43.38547218" lon="-5.82652982"><ele>219.80</ele><time>2024-09-06T13:42:55Z</time></trkpt><trkpt lat="43.38545936" lon="-5.82652664"><ele>219.80</ele><time>2024-09-06T13:42:56Z</time></trkpt><trkpt lat="43.38544655" lon="-5.82652345"><ele>219.80</ele><time>2024-09-06T13:42:57Z</time></trkpt><trkpt lat="43.38543373" lon="-5.82652027"><ele>219.80</ele><time>2024-09-06T13:42:58Z</time></trkpt><trkpt lat="43.38542091" lon="-5.82651709"><ele>219.80</ele><time>2024-09-06T13:42:59Z</time></trkpt><trkpt lat="43.38540809" lon="-5.82651391"><ele>219.80</ele><time>2024-09-06T13:43:00Z</time></trkpt><trkpt lat="43.38539527" lon="-5.82651073"><ele>219.80</ele><time>2024-09-06T13:43:01Z</time></trkpt><trkpt lat="43.38538245" lon="-5.82650755"><ele>219.80</ele><time>2024-09-06T13:43:02Z</time></trkpt><trkpt lat="43.38536964" lon="-5.82650436"><ele>219.80</ele><time>2024-09-06T13:43:03Z</time></trkpt><trkpt lat="43.38535682" lon="-5.82650118"><ele>219.80</ele><time>2024-09-06T13:43:04Z</time></trkpt><trkpt lat="43.38534400" lon="-5.82649800"><ele>219.80</ele><time>2024-09-06T13:43:05Z</time></trkpt><trkpt lat="43.38533440" lon="-5.82649080"><ele>220.00</ele><time>2024-09-06T13:43:06Z</time></trkpt><trkpt lat="43.38532480" lon="-5.82648360"><ele>220.20</ele><time>2024-09-06T13:43:07Z</time></trkpt><trkpt lat="43.38531520" lon="-5.82647640"><ele>220.40</ele><time>2024-09-06T13:43:08Z</time></trkpt><trkpt lat="43.38530560" lon="-5.82646920"><ele>220.60</ele><time>2024-09-06T13:43:09Z</time></trkpt><trkpt lat="43.38529600" lon="-5.82646200"><ele>220.80</ele><time>2024-09-06T13:43:10Z</time></trkpt><trkpt lat="43.38529075" lon="-5.82642775"><ele>220.30</ele><time>2024-09-06T13:43:11Z</time></trkpt><trkpt lat="43.38528550" lon="-5.82639350"><ele>219.80</ele><time>2024-09-06T13:43:12Z</time></trkpt><trkpt lat="43.38528025" lon="-5.82635925"><ele>219.30</ele><time>2024-09-06T13:43:13Z</time></trkpt><trkpt lat="43.38527500" lon="-5.82632500"><ele>218.80</ele><time>2024-09-06T13:43:14Z</time></trkpt><trkpt lat="43.38527150" lon="-5.82629725"><ele>219.18</ele><time>2024-09-06T13:43:15Z</time></trkpt><trkpt lat="43.38526800" lon="-5.82626950"><ele>219.55</ele><time>2024-09-06T13:43:16Z</time></trkpt><trkpt lat="43.38526450" lon="-5.82624175"><ele>219.93</ele><time>2024-09-06T13:43:17Z</time></trkpt><trkpt lat="43.38526100" lon="-5.82621400"><ele>220.30</ele><time>2024-09-06T13:43:18Z</time></trkpt><trkpt lat="43.38525292" lon="-5.82620617"><ele>220.26</ele><time>2024-09-06T13:43:19Z</time></trkpt><trkpt lat="43.38524483" lon="-5.82619833"><ele>220.22</ele><time>2024-09-06T13:43:20Z</time></trkpt><trkpt lat="43.38523675" lon="-5.82619050"><ele>220.18</ele><time>2024-09-06T13:43:21Z</time></trkpt><trkpt lat="43.38522867" lon="-5.82618267"><ele>220.13</ele><time>2024-09-06T13:43:22Z</time></trkpt><trkpt lat="43.38522058" lon="-5.82617483"><ele>220.09</ele><time>2024-09-06T13:43:23Z</time></trkpt><trkpt lat="43.38521250" lon="-5.82616700"><ele>220.05</ele><time>2024-09-06T13:43:24Z</time></trkpt><trkpt lat="43.38520442" lon="-5.82615917"><ele>220.01</ele><time>2024-09-06T13:43:25Z</time></trkpt><trkpt lat="43.38519633" lon="-5.82615133"><ele>219.97</ele><time>2024-09-06T13:43:26Z</time></trkpt><trkpt lat="43.38518825" lon="-5.82614350"><ele>219.93</ele><time>2024-09-06T13:43:27Z</time></trkpt><trkpt lat="43.38518017" lon="-5.82613567"><ele>219.88</ele><time>2024-09-06T13:43:28Z</time></trkpt><trkpt lat="43.38517208" lon="-5.82612783"><ele>219.84</ele><time>2024-09-06T13:43:29Z</time></trkpt><trkpt lat="43.38516400" lon="-5.82612000"><ele>219.80</ele><time>2024-09-06T13:43:30Z</time></trkpt><trkpt lat="43.38515700" lon="-5.82610615"><ele>219.65</ele><time>2024-09-06T13:43:31Z</time></trkpt><trkpt lat="43.38515000" lon="-5.82609231"><ele>219.51</ele><time>2024-09-06T13:43:32Z</time></trkpt><trkpt lat="43.38514300" lon="-5.82607846"><ele>219.36</ele><time>2024-09-06T13:43:33Z</time></trkpt><trkpt lat="43.38513600" lon="-5.82606462"><ele>219.22</ele><time>2024-09-06T13:43:34Z</time></trkpt><trkpt lat="43.38512900" lon="-5.82605077"><ele>219.07</ele><time>2024-09-06T13:43:35Z</time></trkpt><trkpt lat="43.38512200" lon="-5.82603692"><ele>218.92</ele><time>2024-09-06T13:43:36Z</time></trkpt><trkpt lat="43.38511500" lon="-5.82602308"><ele>218.78</ele><time>2024-09-06T13:43:37Z</time></trkpt><trkpt lat="43.38510800" lon="-5.82600923"><ele>218.63</ele><time>2024-09-06T13:43:38Z</time></trkpt><trkpt lat="43.38510100" lon="-5.82599538"><ele>218.48</ele><time>2024-09-06T13:43:39Z</time></trkpt><trkpt lat="43.38509400" lon="-5.82598154"><ele>218.34</ele><time>2024-09-06T13:43:40Z</time></trkpt><trkpt lat="43.38508700" lon="-5.82596769"><ele>218.19</ele><time>2024-09-06T13:43:41Z</time></trkpt><trkpt lat="43.38508000" lon="-5.82595385"><ele>218.05</ele><time>2024-09-06T13:43:42Z</time></trkpt><trkpt lat="43.38507300" lon="-5.82594000"><ele>217.90</ele><time>2024-09-06T13:43:43Z</time></trkpt><trkpt lat="43.38506571" lon="-5.82594050"><ele>217.83</ele><time>2024-09-06T13:43:44Z</time></trkpt><trkpt lat="43.38505843" lon="-5.82594100"><ele>217.76</ele><time>2024-09-06T13:43:45Z</time></trkpt><trkpt lat="43.38505114" lon="-5.82594150"><ele>217.69</ele><time>2024-09-06T13:43:46Z</time></trkpt><trkpt lat="43.38504386" lon="-5.82594200"><ele>217.61</ele><time>2024-09-06T13:43:47Z</time></trkpt><trkpt lat="43.38503657" lon="-5.82594250"><ele>217.54</ele><time>2024-09-06T13:43:48Z</time></trkpt><trkpt lat="43.38502929" lon="-5.82594300"><ele>217.47</ele><time>2024-09-06T13:43:49Z</time></trkpt><trkpt lat="43.38502200" lon="-5.82594350"><ele>217.40</ele><time>2024-09-06T13:43:50Z</time></trkpt><trkpt lat="43.38501471" lon="-5.82594400"><ele>217.33</ele><time>2024-09-06T13:43:51Z</time></trkpt><trkpt lat="43.38500743" lon="-5.82594450"><ele>217.26</ele><time>2024-09-06T13:43:52Z</time></trkpt><trkpt lat="43.38500014" lon="-5.82594500"><ele>217.19</ele><time>2024-09-06T13:43:53Z</time></trkpt><trkpt lat="43.38499286" lon="-5.82594550"><ele>217.11</ele><time>2024-09-06T13:43:54Z</time></trkpt><trkpt lat="43.38498557" lon="-5.82594600"><ele>217.04</ele><time>2024-09-06T13:43:55Z</time></trkpt><trkpt lat="43.38497829" lon="-5.82594650"><ele>216.97</ele><time>2024-09-06T13:43:56Z</time></trkpt><trkpt lat="43.38497100" lon="-5.82594700"><ele>216.90</ele><time>2024-09-06T13:43:57Z</time></trkpt><trkpt lat="43.38496747" lon="-5.82593888"><ele>216.90</ele><time>2024-09-06T13:43:58Z</time></trkpt><trkpt lat="43.38496394" lon="-5.82593076"><ele>216.90</ele><time>2024-09-06T13:43:59Z</time></trkpt><trkpt lat="43.38496041" lon="-5.82592265"><ele>216.90</ele><time>2024-09-06T13:44:00Z</time></trkpt><trkpt lat="43.38495688" lon="-5.82591453"><ele>216.90</ele><time>2024-09-06T13:44:01Z</time></trkpt><trkpt lat="43.38495335" lon="-5.82590641"><ele>216.90</ele><time>2024-09-06T13:44:02Z</time></trkpt><trkpt lat="43.38494982" lon="-5.82589829"><ele>216.90</ele><time>2024-09-06T13:44:03Z</time></trkpt><trkpt lat="43.38494629" lon="-5.82589018"><ele>216.90</ele><time>2024-09-06T13:44:04Z</time></trkpt><trkpt lat="43.38494276" lon="-5.82588206"><ele>216.90</ele><time>2024-09-06T13:44:05Z</time></trkpt><trkpt lat="43.38493924" lon="-5.82587394"><ele>216.90</ele><time>2024-09-06T13:44:06Z</time></trkpt><trkpt lat="43.38493571" lon="-5.82586582"><ele>216.90</ele><time>2024-09-06T13:44:07Z</time></trkpt><trkpt lat="43.38493218" lon="-5.82585771"><ele>216.90</ele><time>2024-09-06T13:44:08Z</time></trkpt><trkpt lat="43.38492865" lon="-5.82584959"><ele>216.90</ele><time>2024-09-06T13:44:09Z</time></trkpt><trkpt lat="43.38492512" lon="-5.82584147"><ele>216.90</ele><time>2024-09-06T13:44:10Z</time></trkpt><trkpt lat="43.38492159" lon="-5.82583335"><ele>216.90</ele><time>2024-09-06T13:44:11Z</time></trkpt><trkpt lat="43.38491806" lon="-5.82582524"><ele>216.90</ele><time>2024-09-06T13:44:12Z</time></trkpt><trkpt lat="43.38491453" lon="-5.82581712"><ele>216.90</ele><time>2024-09-06T13:44:13Z</time></trkpt><trkpt lat="43.38491100" lon="-5.82580900"><ele>216.90</ele><time>2024-09-06T13:44:14Z</time></trkpt><trkpt lat="43.38492100" lon="-5.82575743"><ele>216.97</ele><time>2024-09-06T13:44:15Z</time></trkpt><trkpt lat="43.38493100" lon="-5.82570586"><ele>217.04</ele><time>2024-09-06T13:44:16Z</time></trkpt><trkpt lat="43.38494100" lon="-5.82565429"><ele>217.11</ele><time>2024-09-06T13:44:17Z</time></trkpt><trkpt lat="43.38495100" lon="-5.82560271"><ele>217.19</ele><time>2024-09-06T13:44:18Z</time></trkpt><trkpt lat="43.38496100" lon="-5.82555114"><ele>217.26</ele><time>2024-09-06T13:44:19Z</time></trkpt><trkpt lat="43.38497100" lon="-5.82549957"><ele>217.33</ele><time>2024-09-06T13:44:20Z</time></trkpt><trkpt lat="43.38498100" lon="-5.82544800"><ele>217.40</ele><time>2024-09-06T13:44:21Z</time></trkpt><trkpt lat="43.38499100" lon="-5.82543033"><ele>217.23</ele><time>2024-09-06T13:44:22Z</time></trkpt><trkpt lat="43.38500100" lon="-5.82541267"><ele>217.07</ele><time>2024-09-06T13:44:23Z</time></trkpt><trkpt lat="43.38501100" lon="-5.82539500"><ele>216.90</ele><time>2024-09-06T13:44:24Z</time></trkpt><trkpt lat="43.38502100" lon="-5.82537733"><ele>216.73</ele><time>2024-09-06T13:44:25Z</time></trkpt><trkpt lat="43.38503100" lon="-5.82535967"><ele>216.57</ele><time>2024-09-06T13:44:26Z</time></trkpt><trkpt lat="43.38504100" lon="-5.82534200"><ele>216.40</ele><time>2024-09-06T13:44:27Z</time></trkpt><trkpt lat="43.38503671" lon="-5.82531864"><ele>216.40</ele><time>2024-09-06T13:44:28Z</time></trkpt><trkpt lat="43.38503243" lon="-5.82529529"><ele>216.40</ele><time>2024-09-06T13:44:29Z</time></trkpt><trkpt lat="43.38502814" lon="-5.82527193"><ele>216.40</ele><time>2024-09-06T13:44:30Z</time></trkpt><trkpt lat="43.38502386" lon="-5.82524857"><ele>216.40</ele><time>2024-09-06T13:44:31Z</time></trkpt><trkpt lat="43.38501957" lon="-5.82522521"><ele>216.40</ele><time>2024-09-06T13:44:32Z</time></trkpt><trkpt lat="43.38501529" lon="-5.82520186"><ele>216.40</ele><time>2024-09-06T13:44:33Z</time></trkpt><trkpt lat="43.38501100" lon="-5.82517850"><ele>216.40</ele><time>2024-09-06T13:44:34Z</time></trkpt><trkpt lat="43.38500671" lon="-5.82515514"><ele>216.40</ele><time>2024-09-06T13:44:35Z</time></trkpt><trkpt lat="43.38500243" lon="-5.82513179"><ele>216.40</ele><time>2024-09-06T13:44:36Z</time></trkpt><trkpt lat="43.38499814" lon="-5.82510843"><ele>216.40</ele><time>2024-09-06T13:44:37Z</time></trkpt><trkpt lat="43.38499386" lon="-5.82508507"><ele>216.40</ele><time>2024-09-06T13:44:38Z</time></trkpt><trkpt lat="43.38498957" lon="-5.82506171"><ele>216.40</ele><time>2024-09-06T13:44:39Z</time></trkpt><trkpt lat="43.38498529" lon="-5.82503836"><ele>216.40</ele><time>2024-09-06T13:44:40Z</time></trkpt><trkpt lat="43.38498100" lon="-5.82501500"><ele>216.40</ele><time>2024-09-06T13:44:41Z</time></trkpt><trkpt lat="43.38498457" lon="-5.82499271"><ele>216.27</ele><time>2024-09-06T13:44:42Z</time></trkpt><trkpt lat="43.38498814" lon="-5.82497043"><ele>216.14</ele><time>2024-09-06T13:44:43Z</time></trkpt><trkpt lat="43.38499171" lon="-5.82494814"><ele>216.01</ele><time>2024-09-06T13:44:44Z</time></trkpt><trkpt lat="43.38499529" lon="-5.82492586"><ele>215.89</ele><time>2024-09-06T13:44:45Z</time></trkpt><trkpt lat="43.38499886" lon="-5.82490357"><ele>215.76</ele><time>2024-09-06T13:44:46Z</time></trkpt><trkpt lat="43.38500243" lon="-5.82488129"><ele>215.63</ele><time>2024-09-06T13:44:47Z</time></trkpt><trkpt lat="43.38500600" lon="-5.82485900"><ele>215.50</ele><time>2024-09-06T13:44:48Z</time></trkpt><trkpt lat="43.38501325" lon="-5.82485425"><ele>215.07</ele><time>2024-09-06T13:44:49Z</time></trkpt><trkpt lat="43.38502050" lon="-5.82484950"><ele>214.65</ele><time>2024-09-06T13:44:50Z</time></trkpt><trkpt lat="43.38502775" lon="-5.82484475"><ele>214.22</ele><time>2024-09-06T13:44:51Z</time></trkpt><trkpt lat="43.38503500" lon="-5.82484000"><ele>213.80</ele><time>2024-09-06T13:44:52Z</time></trkpt><trkpt lat="43.38504225" lon="-5.82483525"><ele>213.38</ele><time>2024-09-06T13:44:53Z</time></trkpt><trkpt lat="43.38504950" lon="-5.82483050"><ele>212.95</ele><time>2024-09-06T13:44:54Z</time></trkpt><trkpt lat="43.38505675" lon="-5.82482575"><ele>212.53</ele><time>2024-09-06T13:44:55Z</time></trkpt><trkpt lat="43.38506400" lon="-5.82482100"><ele>212.10</ele><time>2024-09-06T13:44:56Z</time></trkpt><trkpt lat="43.38505600" lon="-5.82481900"><ele>215.50</ele><time>2024-09-06T13:44:57Z</time></trkpt><trkpt lat="43.38504300" lon="-5.82481567"><ele>216.30</ele><time>2024-09-06T13:44:58Z</time></trkpt><trkpt lat="43.38503000" lon="-5.82481233"><ele>217.10</ele><time>2024-09-06T13:44:59Z</time></trkpt><trkpt lat="43.38501700" lon="-5.82480900"><ele>217.90</ele><time>2024-09-06T13:45:00Z</time></trkpt><trkpt lat="43.38499800" lon="-5.82481250"><ele>216.90</ele><time>2024-09-06T13:45:01Z</time></trkpt><trkpt lat="43.38497900" lon="-5.82481600"><ele>215.90</ele><time>2024-09-06T13:45:02Z</time></trkpt><trkpt lat="43.38495714" lon="-5.82481357"><ele>215.97</ele><time>2024-09-06T13:45:03Z</time></trkpt><trkpt lat="43.38493529" lon="-5.82481114"><ele>216.04</ele><time>2024-09-06T13:45:04Z</time></trkpt><trkpt lat="43.38491343" lon="-5.82480871"><ele>216.11</ele><time>2024-09-06T13:45:05Z</time></trkpt><trkpt lat="43.38489157" lon="-5.82480629"><ele>216.19</ele><time>2024-09-06T13:45:06Z</time></trkpt><trkpt lat="43.38486971" lon="-5.82480386"><ele>216.26</ele><time>2024-09-06T13:45:07Z</time></trkpt><trkpt lat="43.38484786" lon="-5.82480143"><ele>216.33</ele><time>2024-09-06T13:45:08Z</time></trkpt><trkpt lat="43.38482600" lon="-5.82479900"><ele>216.40</ele><time>2024-09-06T13:45:09Z</time></trkpt><trkpt lat="43.38481487" lon="-5.82480007"><ele>216.50</ele><time>2024-09-06T13:45:10Z</time></trkpt><trkpt lat="43.38480373" lon="-5.82480113"><ele>216.60</ele><time>2024-09-06T13:45:11Z</time></trkpt><trkpt lat="43.38479260" lon="-5.82480220"><ele>216.70</ele><time>2024-09-06T13:45:12Z</time></trkpt><trkpt lat="43.38478147" lon="-5.82480327"><ele>216.80</ele><time>2024-09-06T13:45:13Z</time></trkpt><trkpt lat="43.38477033" lon="-5.82480433"><ele>216.90</ele><time>2024-09-06T13:45:14Z</time></trkpt><trkpt lat="43.38475920" lon="-5.82480540"><ele>217.00</ele><time>2024-09-06T13:45:15Z</time></trkpt><trkpt lat="43.38474807" lon="-5.82480647"><ele>217.10</ele><time>2024-09-06T13:45:16Z</time></trkpt><trkpt lat="43.38473693" lon="-5.82480753"><ele>217.20</ele><time>2024-09-06T13:45:17Z</time></trkpt><trkpt lat="43.38472580" lon="-5.82480860"><ele>217.30</ele><time>2024-09-06T13:45:18Z</time></trkpt><trkpt lat="43.38471467" lon="-5.82480967"><ele>217.40</ele><time>2024-09-06T13:45:19Z</time></trkpt><trkpt lat="43.38470353" lon="-5.82481073"><ele>217.50</ele><time>2024-09-06T13:45:20Z</time></trkpt><trkpt lat="43.38469240" lon="-5.82481180"><ele>217.60</ele><time>2024-09-06T13:45:21Z</time></trkpt><trkpt lat="43.38468127" lon="-5.82481287"><ele>217.70</ele><time>2024-09-06T13:45:22Z</time></trkpt><trkpt lat="43.38467013" lon="-5.82481393"><ele>217.80</ele><time>2024-09-06T13:45:23Z</time></trkpt><trkpt lat="43.38465900" lon="-5.82481500"><ele>217.90</ele><time>2024-09-06T13:45:24Z</time></trkpt><trkpt lat="43.38465700" lon="-5.82481600"><ele>216.90</ele><time>2024-09-06T13:45:25Z</time></trkpt><trkpt lat="43.38464350" lon="-5.82479600"><ele>217.15</ele><time>2024-09-06T13:45:26Z</time></trkpt><trkpt lat="43.38463000" lon="-5.82477600"><ele>217.40</ele><time>2024-09-06T13:45:27Z</time></trkpt><trkpt lat="43.38462387" lon="-5.82474547"><ele>217.33</ele><time>2024-09-06T13:45:28Z</time></trkpt><trkpt lat="43.38461773" lon="-5.82471493"><ele>217.27</ele><time>2024-09-06T13:45:29Z</time></trkpt><trkpt lat="43.38461160" lon="-5.82468440"><ele>217.20</ele><time>2024-09-06T13:45:30Z</time></trkpt><trkpt lat="43.38460547" lon="-5.82465387"><ele>217.13</ele><time>2024-09-06T13:45:31Z</time></trkpt><trkpt lat="43.38459933" lon="-5.82462333"><ele>217.07</ele><time>2024-09-06T13:45:32Z</time></trkpt><trkpt lat="43.38459320" lon="-5.82459280"><ele>217.00</ele><time>2024-09-06T13:45:33Z</time></trkpt><trkpt lat="43.38458707" lon="-5.82456227"><ele>216.93</ele><time>2024-09-06T13:45:34Z</time></trkpt><trkpt lat="43.38458093" lon="-5.82453173"><ele>216.87</ele><time>2024-09-06T13:45:35Z</time></trkpt><trkpt lat="43.38457480" lon="-5.82450120"><ele>216.80</ele><time>2024-09-06T13:45:36Z</time></trkpt><trkpt lat="43.38456867" lon="-5.82447067"><ele>216.73</ele><time>2024-09-06T13:45:37Z</time></trkpt><trkpt lat="43.38456253" lon="-5.82444013"><ele>216.67</ele><time>2024-09-06T13:45:38Z</time></trkpt><trkpt lat="43.38455640" lon="-5.82440960"><ele>216.60</ele><time>2024-09-06T13:45:39Z</time></trkpt><trkpt lat="43.38455027" lon="-5.82437907"><ele>216.53</ele><time>2024-09-06T13:45:40Z</time></trkpt><trkpt lat="43.38454413" lon="-5.82434853"><ele>216.47</ele><time>2024-09-06T13:45:41Z</time></trkpt><trkpt lat="43.38453800" lon="-5.82431800"><ele>216.40</ele><time>2024-09-06T13:45:42Z</time></trkpt><trkpt lat="43.38454221" lon="-5.82430486"><ele>216.34</ele><time>2024-09-06T13:45:43Z</time></trkpt><trkpt lat="43.38454643" lon="-5.82429171"><ele>216.27</ele><time>2024-09-06T13:45:44Z</time></trkpt><trkpt lat="43.38455064" lon="-5.82427857"><ele>216.21</ele><time>2024-09-06T13:45:45Z</time></trkpt><trkpt lat="43.38455486" lon="-5.82426543"><ele>216.14</ele><time>2024-09-06T13:45:46Z</time></trkpt><trkpt lat="43.38455907" lon="-5.82425229"><ele>216.08</ele><time>2024-09-06T13:45:47Z</time></trkpt><trkpt lat="43.38456329" lon="-5.82423914"><ele>216.01</ele><time>2024-09-06T13:45:48Z</time></trkpt><trkpt lat="43.38456750" lon="-5.82422600"><ele>215.95</ele><time>2024-09-06T13:45:49Z</time></trkpt><trkpt lat="43.38457171" lon="-5.82421286"><ele>215.89</ele><time>2024-09-06T13:45:50Z</time></trkpt><trkpt lat="43.38457593" lon="-5.82419971"><ele>215.82</ele><time>2024-09-06T13:45:51Z</time></trkpt><trkpt lat="43.38458014" lon="-5.82418657"><ele>215.76</ele><time>2024-09-06T13:45:52Z</time></trkpt><trkpt lat="43.38458436" lon="-5.82417343"><ele>215.69</ele><time>2024-09-06T13:45:53Z</time></trkpt><trkpt lat="43.38458857" lon="-5.82416029"><ele>215.63</ele><time>2024-09-06T13:45:54Z</time></trkpt><trkpt lat="43.38459279" lon="-5.82414714"><ele>215.56</ele><time>2024-09-06T13:45:55Z</time></trkpt><trkpt lat="43.38459700" lon="-5.82413400"><ele>215.50</ele><time>2024-09-06T13:45:56Z</time></trkpt><trkpt lat="43.38459427" lon="-5.82411855"><ele>215.54</ele><time>2024-09-06T13:45:57Z</time></trkpt><trkpt lat="43.38459155" lon="-5.82410309"><ele>215.57</ele><time>2024-09-06T13:45:58Z</time></trkpt><trkpt lat="43.38458882" lon="-5.82408764"><ele>215.61</ele><time>2024-09-06T13:45:59Z</time></trkpt><trkpt lat="43.38458609" lon="-5.82407218"><ele>215.65</ele><time>2024-09-06T13:46:00Z</time></trkpt><trkpt lat="43.38458336" lon="-5.82405673"><ele>215.68</ele><time>2024-09-06T13:46:01Z</time></trkpt><trkpt lat="43.38458064" lon="-5.82404127"><ele>215.72</ele><time>2024-09-06T13:46:02Z</time></trkpt><trkpt lat="43.38457791" lon="-5.82402582"><ele>215.75</ele><time>2024-09-06T13:46:03Z</time></trkpt><trkpt lat="43.38457518" lon="-5.82401036"><ele>215.79</ele><time>2024-09-06T13:46:04Z</time></trkpt><trkpt lat="43.38457245" lon="-5.82399491"><ele>215.83</ele><time>2024-09-06T13:46:05Z</time></trkpt><trkpt lat="43.38456973" lon="-5.82397945"><ele>215.86</ele><time>2024-09-06T13:46:06Z</time></trkpt><trkpt lat="43.38456700" lon="-5.82396400"><ele>215.90</ele><time>2024-09-06T13:46:07Z</time></trkpt><trkpt lat="43.38456733" lon="-5.82394883"><ele>215.98</ele><time>2024-09-06T13:46:08Z</time></trkpt><trkpt lat="43.38456767" lon="-5.82393367"><ele>216.07</ele><time>2024-09-06T13:46:09Z</time></trkpt><trkpt lat="43.38456800" lon="-5.82391850"><ele>216.15</ele><time>2024-09-06T13:46:10Z</time></trkpt><trkpt lat="43.38456833" lon="-5.82390333"><ele>216.23</ele><time>2024-09-06T13:46:11Z</time></trkpt><trkpt lat="43.38456867" lon="-5.82388817"><ele>216.32</ele><time>2024-09-06T13:46:12Z</time></trkpt><trkpt lat="43.38456900" lon="-5.82387300"><ele>216.40</ele><time>2024-09-06T13:46:13Z</time></trkpt><trkpt lat="43.38456994" lon="-5.82385619"><ele>216.40</ele><time>2024-09-06T13:46:14Z</time></trkpt><trkpt lat="43.38457088" lon="-5.82383937"><ele>216.40</ele><time>2024-09-06T13:46:15Z</time></trkpt><trkpt lat="43.38457181" lon="-5.82382256"><ele>216.40</ele><time>2024-09-06T13:46:16Z</time></trkpt><trkpt lat="43.38457275" lon="-5.82380575"><ele>216.40</ele><time>2024-09-06T13:46:17Z</time></trkpt><trkpt lat="43.38457369" lon="-5.82378894"><ele>216.40</ele><time>2024-09-06T13:46:18Z</time></trkpt><trkpt lat="43.38457462" lon="-5.82377212"><ele>216.40</ele><time>2024-09-06T13:46:19Z</time></trkpt><trkpt lat="43.38457556" lon="-5.82375531"><ele>216.40</ele><time>2024-09-06T13:46:20Z</time></trkpt><trkpt lat="43.38457650" lon="-5.82373850"><ele>216.40</ele><time>2024-09-06T13:46:21Z</time></trkpt><trkpt lat="43.38457744" lon="-5.82372169"><ele>216.40</ele><time>2024-09-06T13:46:22Z</time></trkpt><trkpt lat="43.38457837" lon="-5.82370487"><ele>216.40</ele><time>2024-09-06T13:46:23Z</time></trkpt><trkpt lat="43.38457931" lon="-5.82368806"><ele>216.40</ele><time>2024-09-06T13:46:24Z</time></trkpt><trkpt lat="43.38458025" lon="-5.82367125"><ele>216.40</ele><time>2024-09-06T13:46:25Z</time></trkpt><trkpt lat="43.38458119" lon="-5.82365444"><ele>216.40</ele><time>2024-09-06T13:46:26Z</time></trkpt><trkpt lat="43.38458212" lon="-5.82363762"><ele>216.40</ele><time>2024-09-06T13:46:27Z</time></trkpt><trkpt lat="43.38458306" lon="-5.82362081"><ele>216.40</ele><time>2024-09-06T13:46:28Z</time></trkpt><trkpt lat="43.38458400" lon="-5.82360400"><ele>216.40</ele><time>2024-09-06T13:46:29Z</time></trkpt><trkpt lat="43.38458322" lon="-5.82358850"><ele>216.40</ele><time>2024-09-06T13:46:30Z</time></trkpt><trkpt lat="43.38458244" lon="-5.82357300"><ele>216.40</ele><time>2024-09-06T13:46:31Z</time></trkpt><trkpt lat="43.38458167" lon="-5.82355750"><ele>216.40</ele><time>2024-09-06T13:46:32Z</time></trkpt><trkpt lat="43.38458089" lon="-5.82354200"><ele>216.40</ele><time>2024-09-06T13:46:33Z</time></trkpt><trkpt lat="43.38458011" lon="-5.82352650"><ele>216.40</ele><time>2024-09-06T13:46:34Z</time></trkpt><trkpt lat="43.38457933" lon="-5.82351100"><ele>216.40</ele><time>2024-09-06T13:46:35Z</time></trkpt><trkpt lat="43.38457856" lon="-5.82349550"><ele>216.40</ele><time>2024-09-06T13:46:36Z</time></trkpt><trkpt lat="43.38457778" lon="-5.82348000"><ele>216.40</ele><time>2024-09-06T13:46:37Z</time></trkpt><trkpt lat="43.38457700" lon="-5.82346450"><ele>216.40</ele><time>2024-09-06T13:46:38Z</time></trkpt><trkpt lat="43.38457622" lon="-5.82344900"><ele>216.40</ele><time>2024-09-06T13:46:39Z</time></trkpt><trkpt lat="43.38457544" lon="-5.82343350"><ele>216.40</ele><time>2024-09-06T13:46:40Z</time></trkpt><trkpt lat="43.38457467" lon="-5.82341800"><ele>216.40</ele><time>2024-09-06T13:46:41Z</time></trkpt><trkpt lat="43.38457389" lon="-5.82340250"><ele>216.40</ele><time>2024-09-06T13:46:42Z</time></trkpt><trkpt lat="43.38457311" lon="-5.82338700"><ele>216.40</ele><time>2024-09-06T13:46:43Z</time></trkpt><trkpt lat="43.38457233" lon="-5.82337150"><ele>216.40</ele><time>2024-09-06T13:46:44Z</time></trkpt><trkpt lat="43.38457156" lon="-5.82335600"><ele>216.40</ele><time>2024-09-06T13:46:45Z</time></trkpt><trkpt lat="43.38457078" lon="-5.82334050"><ele>216.40</ele><time>2024-09-06T13:46:46Z</time></trkpt><trkpt lat="43.38457000" lon="-5.82332500"><ele>216.40</ele><time>2024-09-06T13:46:47Z</time></trkpt><trkpt lat="43.38457008" lon="-5.82331442"><ele>216.24</ele><time>2024-09-06T13:46:48Z</time></trkpt><trkpt lat="43.38457017" lon="-5.82330383"><ele>216.08</ele><time>2024-09-06T13:46:49Z</time></trkpt><trkpt lat="43.38457025" lon="-5.82329325"><ele>215.93</ele><time>2024-09-06T13:46:50Z</time></trkpt><trkpt lat="43.38457033" lon="-5.82328267"><ele>215.77</ele><time>2024-09-06T13:46:51Z</time></trkpt><trkpt lat="43.38457042" lon="-5.82327208"><ele>215.61</ele><time>2024-09-06T13:46:52Z</time></trkpt><trkpt lat="43.38457050" lon="-5.82326150"><ele>215.45</ele><time>2024-09-06T13:46:53Z</time></trkpt><trkpt lat="43.38457058" lon="-5.82325092"><ele>215.29</ele><time>2024-09-06T13:46:54Z</time></trkpt><trkpt lat="43.38457067" lon="-5.82324033"><ele>215.13</ele><time>2024-09-06T13:46:55Z</time></trkpt><trkpt lat="43.38457075" lon="-5.82322975"><ele>214.97</ele><time>2024-09-06T13:46:56Z</time></trkpt><trkpt lat="43.38457083" lon="-5.82321917"><ele>214.82</ele><time>2024-09-06T13:46:57Z</time></trkpt><trkpt lat="43.38457092" lon="-5.82320858"><ele>214.66</ele><time>2024-09-06T13:46:58Z</time></trkpt><trkpt lat="43.38457100" lon="-5.82319800"><ele>214.50</ele><time>2024-09-06T13:46:59Z</time></trkpt><trkpt lat="43.38457040" lon="-5.82317800"><ele>214.70</ele><time>2024-09-06T13:47:00Z</time></trkpt><trkpt lat="43.38456980" lon="-5.82315800"><ele>214.90</ele><time>2024-09-06T13:47:01Z</time></trkpt><trkpt lat="43.38456920" lon="-5.82313800"><ele>215.10</ele><time>2024-09-06T13:47:02Z</time></trkpt><trkpt lat="43.38456860" lon="-5.82311800"><ele>215.30</ele><time>2024-09-06T13:47:03Z</time></trkpt><trkpt lat="43.38456800" lon="-5.82309800"><ele>215.50</ele><time>2024-09-06T13:47:04Z</time></trkpt><trkpt lat="43.38458150" lon="-5.82305683"><ele>215.42</ele><time>2024-09-06T13:47:05Z</time></trkpt><trkpt lat="43.38459500" lon="-5.82301567"><ele>215.33</ele><time>2024-09-06T13:47:06Z</time></trkpt><trkpt lat="43.38460850" lon="-5.82297450"><ele>215.25</ele><time>2024-09-06T13:47:07Z</time></trkpt><trkpt lat="43.38462200" lon="-5.82293333"><ele>215.17</ele><time>2024-09-06T13:47:08Z</time></trkpt><trkpt lat="43.38463550" lon="-5.82289217"><ele>215.08</ele><time>2024-09-06T13:47:09Z</time></trkpt><trkpt lat="43.38464900" lon="-5.82285100"><ele>215.00</ele><time>2024-09-06T13:47:10Z</time></trkpt><trkpt lat="43.38466250" lon="-5.82282550"><ele>214.75</ele><time>2024-09-06T13:47:11Z</time></trkpt><trkpt lat="43.38467600" lon="-5.82280000"><ele>214.50</ele><time>2024-09-06T13:47:12Z</time></trkpt><trkpt lat="43.38468600" lon="-5.82278350"><ele>215.20</ele><time>2024-09-06T13:47:13Z</time></trkpt><trkpt lat="43.38469600" lon="-5.82276700"><ele>215.90</ele><time>2024-09-06T13:47:14Z</time></trkpt><trkpt lat="43.38469988" lon="-5.82274259"><ele>215.85</ele><time>2024-09-06T13:47:15Z</time></trkpt><trkpt lat="43.38470376" lon="-5.82271818"><ele>215.79</ele><time>2024-09-06T13:47:16Z</time></trkpt><trkpt lat="43.38470765" lon="-5.82269376"><ele>215.74</ele><time>2024-09-06T13:47:17Z</time></trkpt><trkpt lat="43.38471153" lon="-5.82266935"><ele>215.69</ele><time>2024-09-06T13:47:18Z</time></trkpt><trkpt lat="43.38471541" lon="-5.82264494"><ele>215.64</ele><time>2024-09-06T13:47:19Z</time></trkpt><trkpt lat="43.38471929" lon="-5.82262053"><ele>215.58</ele><time>2024-09-06T13:47:20Z</time></trkpt><trkpt lat="43.38472318" lon="-5.82259612"><ele>215.53</ele><time>2024-09-06T13:47:21Z</time></trkpt><trkpt lat="43.38472706" lon="-5.82257171"><ele>215.48</ele><time>2024-09-06T13:47:22Z</time></trkpt><trkpt lat="43.38473094" lon="-5.82254729"><ele>215.42</ele><time>2024-09-06T13:47:23Z</time></trkpt><trkpt lat="43.38473482" lon="-5.82252288"><ele>215.37</ele><time>2024-09-06T13:47:24Z</time></trkpt><trkpt lat="43.38473871" lon="-5.82249847"><ele>215.32</ele><time>2024-09-06T13:47:25Z</time></trkpt><trkpt lat="43.38474259" lon="-5.82247406"><ele>215.26</ele><time>2024-09-06T13:47:26Z</time></trkpt><trkpt lat="43.38474647" lon="-5.82244965"><ele>215.21</ele><time>2024-09-06T13:47:27Z</time></trkpt><trkpt lat="43.38475035" lon="-5.82242524"><ele>215.16</ele><time>2024-09-06T13:47:28Z</time></trkpt><trkpt lat="43.38475424" lon="-5.82240082"><ele>215.11</ele><time>2024-09-06T13:47:29Z</time></trkpt><trkpt lat="43.38475812" lon="-5.82237641"><ele>215.05</ele><time>2024-09-06T13:47:30Z</time></trkpt><trkpt lat="43.38476200" lon="-5.82235200"><ele>215.00</ele><time>2024-09-06T13:47:31Z</time></trkpt><trkpt lat="43.38476691" lon="-5.82233382"><ele>215.05</ele><time>2024-09-06T13:47:32Z</time></trkpt><trkpt lat="43.38477182" lon="-5.82231564"><ele>215.09</ele><time>2024-09-06T13:47:33Z</time></trkpt><trkpt lat="43.38477673" lon="-5.82229745"><ele>215.14</ele><time>2024-09-06T13:47:34Z</time></trkpt><trkpt lat="43.38478164" lon="-5.82227927"><ele>215.18</ele><time>2024-09-06T13:47:35Z</time></trkpt><trkpt lat="43.38478655" lon="-5.82226109"><ele>215.23</ele><time>2024-09-06T13:47:36Z</time></trkpt><trkpt lat="43.38479145" lon="-5.82224291"><ele>215.27</ele><time>2024-09-06T13:47:37Z</time></trkpt><trkpt lat="43.38479636" lon="-5.82222473"><ele>215.32</ele><time>2024-09-06T13:47:38Z</time></trkpt><trkpt lat="43.38480127" lon="-5.82220655"><ele>215.36</ele><time>2024-09-06T13:47:39Z</time></trkpt><trkpt lat="43.38480618" lon="-5.82218836"><ele>215.41</ele><time>2024-09-06T13:47:40Z</time></trkpt><trkpt lat="43.38481109" lon="-5.82217018"><ele>215.45</ele><time>2024-09-06T13:47:41Z</time></trkpt><trkpt lat="43.38481600" lon="-5.82215200"><ele>215.50</ele><time>2024-09-06T13:47:42Z</time></trkpt><trkpt lat="43.38482371" lon="-5.82213343"><ele>215.33</ele><time>2024-09-06T13:47:43Z</time></trkpt><trkpt lat="43.38483143" lon="-5.82211486"><ele>215.16</ele><time>2024-09-06T13:47:44Z</time></trkpt><trkpt lat="43.38483914" lon="-5.82209629"><ele>214.99</ele><time>2024-09-06T13:47:45Z</time></trkpt><trkpt lat="43.38484686" lon="-5.82207771"><ele>214.81</ele><time>2024-09-06T13:47:46Z</time></trkpt><trkpt lat="43.38485457" lon="-5.82205914"><ele>214.64</ele><time>2024-09-06T13:47:47Z</time></trkpt><trkpt lat="43.38486229" lon="-5.82204057"><ele>214.47</ele><time>2024-09-06T13:47:48Z</time></trkpt><trkpt lat="43.38487000" lon="-5.82202200"><ele>214.30</ele><time>2024-09-06T13:47:49Z</time></trkpt><trkpt lat="43.38487771" lon="-5.82200343"><ele>214.13</ele><time>2024-09-06T13:47:50Z</time></trkpt><trkpt lat="43.38488543" lon="-5.82198486"><ele>213.96</ele><time>2024-09-06T13:47:51Z</time></trkpt><trkpt lat="43.38489314" lon="-5.82196629"><ele>213.79</ele><time>2024-09-06T13:47:52Z</time></trkpt><trkpt lat="43.38490086" lon="-5.82194771"><ele>213.61</ele><time>2024-09-06T13:47:53Z</time></trkpt><trkpt lat="43.38490857" lon="-5.82192914"><ele>213.44</ele><time>2024-09-06T13:47:54Z</time></trkpt><trkpt lat="43.38491629" lon="-5.82191057"><ele>213.27</ele><time>2024-09-06T13:47:55Z</time></trkpt><trkpt lat="43.38492400" lon="-5.82189200"><ele>213.10</ele><time>2024-09-06T13:47:56Z</time></trkpt><trkpt lat="43.38493000" lon="-5.82187900"><ele>215.00</ele><time>2024-09-06T13:47:57Z</time></trkpt><trkpt lat="43.38493331" lon="-5.82187525"><ele>214.97</ele><time>2024-09-06T13:47:58Z</time></trkpt><trkpt lat="43.38493662" lon="-5.82187150"><ele>214.94</ele><time>2024-09-06T13:47:59Z</time></trkpt><trkpt lat="43.38493994" lon="-5.82186775"><ele>214.91</ele><time>2024-09-06T13:48:00Z</time></trkpt><trkpt lat="43.38494325" lon="-5.82186400"><ele>214.88</ele><time>2024-09-06T13:48:01Z</time></trkpt><trkpt lat="43.38494656" lon="-5.82186025"><ele>214.84</ele><time>2024-09-06T13:48:02Z</time></trkpt><trkpt lat="43.38494987" lon="-5.82185650"><ele>214.81</ele><time>2024-09-06T13:48:03Z</time></trkpt><trkpt lat="43.38495319" lon="-5.82185275"><ele>214.78</ele><time>2024-09-06T13:48:04Z</time></trkpt><trkpt lat="43.38495650" lon="-5.82184900"><ele>214.75</ele><time>2024-09-06T13:48:05Z</time></trkpt><trkpt lat="43.38495981" lon="-5.82184525"><ele>214.72</ele><time>2024-09-06T13:48:06Z</time></trkpt><trkpt lat="43.38496312" lon="-5.82184150"><ele>214.69</ele><time>2024-09-06T13:48:07Z</time></trkpt><trkpt lat="43.38496644" lon="-5.82183775"><ele>214.66</ele><time>2024-09-06T13:48:08Z</time></trkpt><trkpt lat="43.38496975" lon="-5.82183400"><ele>214.62</ele><time>2024-09-06T13:48:09Z</time></trkpt><trkpt lat="43.38497306" lon="-5.82183025"><ele>214.59</ele><time>2024-09-06T13:48:10Z</time></trkpt><trkpt lat="43.38497638" lon="-5.82182650"><ele>214.56</ele><time>2024-09-06T13:48:11Z</time></trkpt><trkpt lat="43.38497969" lon="-5.82182275"><ele>214.53</ele><time>2024-09-06T13:48:12Z</time></trkpt><trkpt lat="43.38498300" lon="-5.82181900"><ele>214.50</ele><time>2024-09-06T13:48:13Z</time></trkpt><trkpt lat="43.38498454" lon="-5.82181500"><ele>214.53</ele><time>2024-09-06T13:48:14Z</time></trkpt><trkpt lat="43.38498608" lon="-5.82181100"><ele>214.55</ele><time>2024-09-06T13:48:15Z</time></trkpt><trkpt lat="43.38498762" lon="-5.82180700"><ele>214.58</ele><time>2024-09-06T13:48:16Z</time></trkpt><trkpt lat="43.38498916" lon="-5.82180300"><ele>214.61</ele><time>2024-09-06T13:48:17Z</time></trkpt><trkpt lat="43.38499070" lon="-5.82179900"><ele>214.64</ele><time>2024-09-06T13:48:18Z</time></trkpt><trkpt lat="43.38499224" lon="-5.82179500"><ele>214.66</ele><time>2024-09-06T13:48:19Z</time></trkpt><trkpt lat="43.38499378" lon="-5.82179100"><ele>214.69</ele><time>2024-09-06T13:48:20Z</time></trkpt><trkpt lat="43.38499532" lon="-5.82178700"><ele>214.72</ele><time>2024-09-06T13:48:21Z</time></trkpt><trkpt lat="43.38499686" lon="-5.82178300"><ele>214.74</ele><time>2024-09-06T13:48:22Z</time></trkpt><trkpt lat="43.38499841" lon="-5.82177900"><ele>214.77</ele><time>2024-09-06T13:48:23Z</time></trkpt><trkpt lat="43.38499995" lon="-5.82177500"><ele>214.80</ele><time>2024-09-06T13:48:24Z</time></trkpt><trkpt lat="43.38500149" lon="-5.82177100"><ele>214.82</ele><time>2024-09-06T13:48:25Z</time></trkpt><trkpt lat="43.38500303" lon="-5.82176700"><ele>214.85</ele><time>2024-09-06T13:48:26Z</time></trkpt><trkpt lat="43.38500457" lon="-5.82176300"><ele>214.88</ele><time>2024-09-06T13:48:27Z</time></trkpt><trkpt lat="43.38500611" lon="-5.82175900"><ele>214.91</ele><time>2024-09-06T13:48:28Z</time></trkpt><trkpt lat="43.38500765" lon="-5.82175500"><ele>214.93</ele><time>2024-09-06T13:48:29Z</time></trkpt><trkpt lat="43.38500919" lon="-5.82175100"><ele>214.96</ele><time>2024-09-06T13:48:30Z</time></trkpt><trkpt lat="43.38501073" lon="-5.82174700"><ele>214.99</ele><time>2024-09-06T13:48:31Z</time></trkpt><trkpt lat="43.38501227" lon="-5.82174300"><ele>215.01</ele><time>2024-09-06T13:48:32Z</time></trkpt><trkpt lat="43.38501381" lon="-5.82173900"><ele>215.04</ele><time>2024-09-06T13:48:33Z</time></trkpt><trkpt lat="43.38501535" lon="-5.82173500"><ele>215.07</ele><time>2024-09-06T13:48:34Z</time></trkpt><trkpt lat="43.38501689" lon="-5.82173100"><ele>215.09</ele><time>2024-09-06T13:48:35Z</time></trkpt><trkpt lat="43.38501843" lon="-5.82172700"><ele>215.12</ele><time>2024-09-06T13:48:36Z</time></trkpt><trkpt lat="43.38501997" lon="-5.82172300"><ele>215.15</ele><time>2024-09-06T13:48:37Z</time></trkpt><trkpt lat="43.38502151" lon="-5.82171900"><ele>215.18</ele><time>2024-09-06T13:48:38Z</time></trkpt><trkpt lat="43.38502305" lon="-5.82171500"><ele>215.20</ele><time>2024-09-06T13:48:39Z</time></trkpt><trkpt lat="43.38502459" lon="-5.82171100"><ele>215.23</ele><time>2024-09-06T13:48:40Z</time></trkpt><trkpt lat="43.38502614" lon="-5.82170700"><ele>215.26</ele><time>2024-09-06T13:48:41Z</time></trkpt><trkpt lat="43.38502768" lon="-5.82170300"><ele>215.28</ele><time>2024-09-06T13:48:42Z</time></trkpt><trkpt lat="43.38502922" lon="-5.82169900"><ele>215.31</ele><time>2024-09-06T13:48:43Z</time></trkpt><trkpt lat="43.38503076" lon="-5.82169500"><ele>215.34</ele><time>2024-09-06T13:48:44Z</time></trkpt><trkpt lat="43.38503230" lon="-5.82169100"><ele>215.36</ele><time>2024-09-06T13:48:45Z</time></trkpt><trkpt lat="43.38503384" lon="-5.82168700"><ele>215.39</ele><time>2024-09-06T13:48:46Z</time></trkpt><trkpt lat="43.38503538" lon="-5.82168300"><ele>215.42</ele><time>2024-09-06T13:48:47Z</time></trkpt><trkpt lat="43.38503692" lon="-5.82167900"><ele>215.45</ele><time>2024-09-06T13:48:48Z</time></trkpt><trkpt lat="43.38503846" lon="-5.82167500"><ele>215.47</ele><time>2024-09-06T13:48:49Z</time></trkpt><trkpt lat="43.38504000" lon="-5.82167100"><ele>215.50</ele><time>2024-09-06T13:48:50Z</time></trkpt><trkpt lat="43.38504025" lon="-5.82166872"><ele>215.51</ele><time>2024-09-06T13:48:51Z</time></trkpt><trkpt lat="43.38504050" lon="-5.82166644"><ele>215.52</ele><time>2024-09-06T13:48:52Z</time></trkpt><trkpt lat="43.38504075" lon="-5.82166417"><ele>215.53</ele><time>2024-09-06T13:48:53Z</time></trkpt><trkpt lat="43.38504100" lon="-5.82166189"><ele>215.54</ele><time>2024-09-06T13:48:54Z</time></trkpt><trkpt lat="43.38504125" lon="-5.82165961"><ele>215.56</ele><time>2024-09-06T13:48:55Z</time></trkpt><trkpt lat="43.38504150" lon="-5.82165733"><ele>215.57</ele><time>2024-09-06T13:48:56Z</time></trkpt><trkpt lat="43.38504175" lon="-5.82165506"><ele>215.58</ele><time>2024-09-06T13:48:57Z</time></trkpt><trkpt lat="43.38504200" lon="-5.82165278"><ele>215.59</ele><time>2024-09-06T13:48:58Z</time></trkpt><trkpt lat="43.38504225" lon="-5.82165050"><ele>215.60</ele><time>2024-09-06T13:48:59Z</time></trkpt><trkpt lat="43.38504250" lon="-5.82164822"><ele>215.61</ele><time>2024-09-06T13:49:00Z</time></trkpt><trkpt lat="43.38504275" lon="-5.82164594"><ele>215.62</ele><time>2024-09-06T13:49:01Z</time></trkpt><trkpt lat="43.38504300" lon="-5.82164367"><ele>215.63</ele><time>2024-09-06T13:49:02Z</time></trkpt><trkpt lat="43.38504325" lon="-5.82164139"><ele>215.64</ele><time>2024-09-06T13:49:03Z</time></trkpt><trkpt lat="43.38504350" lon="-5.82163911"><ele>215.66</ele><time>2024-09-06T13:49:04Z</time></trkpt><trkpt lat="43.38504375" lon="-5.82163683"><ele>215.67</ele><time>2024-09-06T13:49:05Z</time></trkpt><trkpt lat="43.38504400" lon="-5.82163456"><ele>215.68</ele><time>2024-09-06T13:49:06Z</time></trkpt><trkpt lat="43.38504425" lon="-5.82163228"><ele>215.69</ele><time>2024-09-06T13:49:07Z</time></trkpt><trkpt lat="43.38504450" lon="-5.82163000"><ele>215.70</ele><time>2024-09-06T13:49:08Z</time></trkpt><trkpt lat="43.38504475" lon="-5.82162772"><ele>215.71</ele><time>2024-09-06T13:49:09Z</time></trkpt><trkpt lat="43.38504500" lon="-5.82162544"><ele>215.72</ele><time>2024-09-06T13:49:10Z</time></trkpt><trkpt lat="43.38504525" lon="-5.82162317"><ele>215.73</ele><time>2024-09-06T13:49:11Z</time></trkpt><trkpt lat="43.38504550" lon="-5.82162089"><ele>215.74</ele><time>2024-09-06T13:49:12Z</time></trkpt><trkpt lat="43.38504575" lon="-5.82161861"><ele>215.76</ele><time>2024-09-06T13:49:13Z</time></trkpt><trkpt lat="43.38504600" lon="-5.82161633"><ele>215.77</ele><time>2024-09-06T13:49:14Z</time></trkpt><trkpt lat="43.38504625" lon="-5.82161406"><ele>215.78</ele><time>2024-09-06T13:49:15Z</time></trkpt><trkpt lat="43.38504650" lon="-5.82161178"><ele>215.79</ele><time>2024-09-06T13:49:16Z</time></trkpt><trkpt lat="43.38504675" lon="-5.82160950"><ele>215.80</ele><time>2024-09-06T13:49:17Z</time></trkpt><trkpt lat="43.38504700" lon="-5.82160722"><ele>215.81</ele><time>2024-09-06T13:49:18Z</time></trkpt><trkpt lat="43.38504725" lon="-5.82160494"><ele>215.82</ele><time>2024-09-06T13:49:19Z</time></trkpt><trkpt lat="43.38504750" lon="-5.82160267"><ele>215.83</ele><time>2024-09-06T13:49:20Z</time></trkpt><trkpt lat="43.38504775" lon="-5.82160039"><ele>215.84</ele><time>2024-09-06T13:49:21Z</time></trkpt><trkpt lat="43.38504800" lon="-5.82159811"><ele>215.86</ele><time>2024-09-06T13:49:22Z</time></trkpt><trkpt lat="43.38504825" lon="-5.82159583"><ele>215.87</ele><time>2024-09-06T13:49:23Z</time></trkpt><trkpt lat="43.38504850" lon="-5.82159356"><ele>215.88</ele><time>2024-09-06T13:49:24Z</time></trkpt><trkpt lat="43.38504875" lon="-5.82159128"><ele>215.89</ele><time>2024-09-06T13:49:25Z</time></trkpt><trkpt lat="43.38504900" lon="-5.82158900"><ele>215.90</ele><time>2024-09-06T13:49:26Z</time></trkpt></trkseg></trk></gpx>