<?xml version='1.0' encoding='utf-8'?>
<gpx version="1.1" creator="kalman_filter" xmlns="http://www.topografix.com/GPX/1/1"><trk><name>Kalman Filtered Track</name><trkseg><trkpt lat="43.17001200" lon="-6.09744000"><ele>450.00</ele><time>2024-09-07T16:50:32Z</time></trkpt><trkpt lat="43.17003553" lon="-6.09742009"><ele>449.85</ele><time>2024-09-07T16:50:33Z</time></trkpt><trkpt lat="43.17005905" lon="-6.09740017"><ele>449.71</ele><time>2024-09-07T16:50:34Z</time></trkpt><trkpt lat="43.17008260" lon="-6.09738024"><ele>449.56</ele><time>2024-09-07T16:50:35Z</time></trkpt><trkpt lat="43.17010615" lon="-6.09736031"><ele>449.42</ele><time>2024-09-07T16:50:36Z</time></trkpt><trkpt lat="43.17012969" lon="-6.09734039"><ele>449.27</ele><time>2024-09-07T16:50:37Z</time></trkpt><trkpt lat="43.17015323" lon="-6.09732046"><ele>449.12</ele><time>2024-09-07T16:50:38Z</time></trkpt><trkpt lat="43.17017677" lon="-6.09730054"><ele>448.98</ele><time>2024-09-07T16:50:39Z</time></trkpt><trkpt lat="43.17020031" lon="-6.09728062"><ele>448.83</ele><time>2024-09-07T16:50:40Z</time></trkpt><trkpt lat="43.17022385" lon="-6.09726069"><ele>448.68</ele><time>2024-09-07T16:50:41Z</time></trkpt><trkpt lat="43.17024738" lon="-6.09724077"><ele>448.54</ele><time>2024-09-07T16:50:42Z</time></trkpt><trkpt lat="43.17027092" lon="-6.09722085"><ele>448.39</ele><time>2024-09-07T16:50:43Z</time></trkpt><trkpt lat="43.17029446" lon="-6.09720092"><ele>448.25</ele><time>2024-09-07T16:50:44Z</time></trkpt><trkpt lat="43.17031800" lon="-6.09718100"><ele>448.10</ele><time>2024-09-07T16:50:45Z</time></trkpt><trkpt lat="43.17034357" lon="-6.09716175"><ele>447.97</ele><time>2024-09-07T16:50:46Z</time></trkpt><trkpt lat="43.17037041" lon="-6.09714293"><ele>447.85</ele><time>2024-09-07T16:50:47Z</time></trkpt><trkpt lat="43.17039792" lon="-6.09712433"><ele>447.73</ele><time>2024-09-07T16:50:48Z</time></trkpt><trkpt lat="43.17042568" lon="-6.09710581"><ele>447.62</ele><time>2024-09-07T16:50:49Z</time></trkpt><trkpt lat="43.17045344" lon="-6.09708729"><ele>447.50</ele><time>2024-09-07T16:50:50Z</time></trkpt><trkpt lat="43.17048110" lon="-6.09706874"><ele>447.38</ele><time>2024-09-07T16:50:51Z</time></trkpt><trkpt lat="43.17050862" lon="-6.09705014"><ele>447.27</ele><time>2024-09-07T16:50:52Z</time></trkpt><trkpt lat="43.17053602" lon="-6.09703151"><ele>447.15</ele><time>2024-09-07T16:50:53Z</time></trkpt><trkpt lat="43.17056333" lon="-6.09701284"><ele>447.03</ele><time>2024-09-07T16:50:54Z</time></trkpt><trkpt lat="43.17059059" lon="-6.09699416"><ele>446.91</ele><time>2024-09-07T16:50:55Z</time></trkpt><trkpt lat="43.17061783" lon="-6.09697546"><ele>446.79</ele><time>2024-09-07T16:50:56Z</time></trkpt><trkpt lat="43.17064506" lon="-6.09695677"><ele>446.68</ele><time>2024-09-07T16:50:57Z</time></trkpt><trkpt lat="43.17067228" lon="-6.09693807"><ele>446.56</ele><time>2024-09-07T16:50:58Z</time></trkpt><trkpt lat="43.17069952" lon="-6.09691938"><ele>446.44</ele><time>2024-09-07T16:50:59Z</time></trkpt><trkpt lat="43.17072675" lon="-6.09690069"><ele>446.32</ele><time>2024-09-07T16:51:00Z</time></trkpt><trkpt lat="43.17075400" lon="-6.09688200"><ele>446.20</ele><time>2024-09-07T16:51:01Z</time></trkpt><trkpt lat="43.17078561" lon="-6.09686558"><ele>446.10</ele><time>2024-09-07T16:51:02Z</time></trkpt><trkpt lat="43.17081996" lon="-6.09685059"><ele>446.02</ele><time>2024-09-07T16:51:03Z</time></trkpt><trkpt lat="43.17085576" lon="-6.09683634"><ele>445.95</ele><time>2024-09-07T16:51:04Z</time></trkpt><trkpt lat="43.17089208" lon="-6.09682237"><ele>445.88</ele><time>2024-09-07T16:51:05Z</time></trkpt><trkpt lat="43.17092841" lon="-6.09680840"><ele>445.81</ele><time>2024-09-07T16:51:06Z</time></trkpt><trkpt lat="43.17096451" lon="-6.09679432"><ele>445.73</ele><time>2024-09-07T16:51:07Z</time></trkpt><trkpt lat="43.17100033" lon="-6.09678008"><ele>445.66</ele><time>2024-09-07T16:51:08Z</time></trkpt><trkpt lat="43.17103588" lon="-6.09676571"><ele>445.58</ele><time>2024-09-07T16:51:09Z</time></trkpt><trkpt lat="43.17107125" lon="-6.09675125"><ele>445.51</ele><time>2024-09-07T16:51:10Z</time></trkpt><trkpt lat="43.17110651" lon="-6.09673672"><ele>445.43</ele><time>2024-09-07T16:51:11Z</time></trkpt><trkpt lat="43.17114171" lon="-6.09672217"><ele>445.35</ele><time>2024-09-07T16:51:12Z</time></trkpt><trkpt lat="43.17117689" lon="-6.09670760"><ele>445.28</ele><time>2024-09-07T16:51:13Z</time></trkpt><trkpt lat="43.17121207" lon="-6.09669304"><ele>445.20</ele><time>2024-09-07T16:51:14Z</time></trkpt><trkpt lat="43.17124823" lon="-6.09667793"><ele>445.19</ele><time>2024-09-07T16:51:15Z</time></trkpt><trkpt lat="43.17128501" lon="-6.09666249"><ele>445.21</ele><time>2024-09-07T16:51:16Z</time></trkpt><trkpt lat="43.17132213" lon="-6.09664688"><ele>445.26</ele><time>2024-09-07T16:51:17Z</time></trkpt><trkpt lat="43.17135936" lon="-6.09663120"><ele>445.31</ele><time>2024-09-07T16:51:18Z</time></trkpt><trkpt lat="43.17139661" lon="-6.09661552"><ele>445.37</ele><time>2024-09-07T16:51:19Z</time></trkpt><trkpt lat="43.17143380" lon="-6.09659987"><ele>445.42</ele><time>2024-09-07T16:51:20Z</time></trkpt><trkpt lat="43.17147093" lon="-6.09658426"><ele>445.47</ele><time>2024-09-07T16:51:21Z</time></trkpt><trkpt lat="43.17150800" lon="-6.09656869"><ele>445.51</ele><time>2024-09-07T16:51:22Z</time></trkpt><trkpt lat="43.17154504" lon="-6.09655313"><ele>445.55</ele><time>2024-09-07T16:51:23Z</time></trkpt><trkpt lat="43.17158204" lon="-6.09653759"><ele>445.59</ele><time>2024-09-07T16:51:24Z</time></trkpt><trkpt lat="43.17161904" lon="-6.09652206"><ele>445.63</ele><time>2024-09-07T16:51:25Z</time></trkpt><trkpt lat="43.17165603" lon="-6.09650652"><ele>445.66</ele><time>2024-09-07T16:51:26Z</time></trkpt><trkpt lat="43.17169302" lon="-6.09649099"><ele>445.70</ele><time>2024-09-07T16:51:27Z</time></trkpt><trkpt lat="43.17173110" lon="-6.09647630"><ele>445.85</ele><time>2024-09-07T16:51:28Z</time></trkpt><trkpt lat="43.17176988" lon="-6.09646213"><ele>446.08</ele><time>2024-09-07T16:51:29Z</time></trkpt><trkpt lat="43.17181011" lon="-6.09644660"><ele>446.21</ele><time>2024-09-07T16:51:30Z</time></trkpt><trkpt lat="43.17185171" lon="-6.09643069"><ele>446.27</ele><time>2024-09-07T16:51:31Z</time></trkpt><trkpt lat="43.17189511" lon="-6.09641259"><ele>446.31</ele><time>2024-09-07T16:51:32Z</time></trkpt><trkpt lat="43.17193945" lon="-6.09639317"><ele>446.36</ele><time>2024-09-07T16:51:33Z</time></trkpt><trkpt lat="43.17198415" lon="-6.09637311"><ele>446.41</ele><time>2024-09-07T16:51:34Z</time></trkpt><trkpt lat="43.17202886" lon="-6.09635284"><ele>446.46</ele><time>2024-09-07T16:51:35Z</time></trkpt><trkpt lat="43.17207343" lon="-6.09633261"><ele>446.52</ele><time>2024-09-07T16:51:36Z</time></trkpt><trkpt lat="43.17211781" lon="-6.09631253"><ele>446.58</ele><time>2024-09-07T16:51:37Z</time></trkpt><trkpt lat="43.17216202" lon="-6.09629260"><ele>446.65</ele><time>2024-09-07T16:51:38Z</time></trkpt><trkpt lat="43.17220611" lon="-6.09627281"><ele>446.71</ele><time>2024-09-07T16:51:39Z</time></trkpt><trkpt lat="43.17225013" lon="-6.09625311"><ele>446.78</ele><time>2024-09-07T16:51:40Z</time></trkpt><trkpt lat="43.17229411" lon="-6.09623346"><ele>446.84</ele><time>2024-09-07T16:51:41Z</time></trkpt><trkpt lat="43.17233808" lon="-6.09621384"><ele>446.91</ele><time>2024-09-07T16:51:42Z</time></trkpt><trkpt lat="43.17238205" lon="-6.09619423"><ele>446.97</ele><time>2024-09-07T16:51:43Z</time></trkpt><trkpt lat="43.17242602" lon="-6.09617461"><ele>447.04</ele><time>2024-09-07T16:51:44Z</time></trkpt><trkpt lat="43.17247001" lon="-6.09615499"><ele>447.10</ele><time>2024-09-07T16:51:45Z</time></trkpt><trkpt lat="43.17251072" lon="-6.09612587"><ele>447.13</ele><time>2024-09-07T16:51:46Z</time></trkpt><trkpt lat="43.17254965" lon="-6.09609064"><ele>447.20</ele><time>2024-09-07T16:51:47Z</time></trkpt><trkpt lat="43.17258767" lon="-6.09605220"><ele>447.31</ele><time>2024-09-07T16:51:48Z</time></trkpt><trkpt lat="43.17262538" lon="-6.09601255"><ele>447.44</ele><time>2024-09-07T16:51:49Z</time></trkpt><trkpt lat="43.17266313" lon="-6.09597287"><ele>447.57</ele><time>2024-09-07T16:51:50Z</time></trkpt><trkpt lat="43.17269898" lon="-6.09593259"><ele>447.57</ele><time>2024-09-07T16:51:51Z</time></trkpt><trkpt lat="43.17273374" lon="-6.09589225"><ele>447.48</ele><time>2024-09-07T16:51:52Z</time></trkpt><trkpt lat="43.17276800" lon="-6.09585211"><ele>447.34</ele><time>2024-09-07T16:51:53Z</time></trkpt><trkpt lat="43.17280212" lon="-6.09581225"><ele>447.18</ele><time>2024-09-07T16:51:54Z</time></trkpt><trkpt lat="43.17283632" lon="-6.09577263"><ele>447.02</ele><time>2024-09-07T16:51:55Z</time></trkpt><trkpt lat="43.17287066" lon="-6.09573321"><ele>446.87</ele><time>2024-09-07T16:51:56Z</time></trkpt><trkpt lat="43.17290515" lon="-6.09569390"><ele>446.72</ele><time>2024-09-07T16:51:57Z</time></trkpt><trkpt lat="43.17293976" lon="-6.09565465"><ele>446.58</ele><time>2024-09-07T16:51:58Z</time></trkpt><trkpt lat="43.17297444" lon="-6.09561542"><ele>446.45</ele><time>2024-09-07T16:51:59Z</time></trkpt><trkpt lat="43.17300917" lon="-6.09557620"><ele>446.32</ele><time>2024-09-07T16:52:00Z</time></trkpt><trkpt lat="43.17304392" lon="-6.09553696"><ele>446.19</ele><time>2024-09-07T16:52:01Z</time></trkpt><trkpt lat="43.17307828" lon="-6.09549786"><ele>446.14</ele><time>2024-09-07T16:52:02Z</time></trkpt><trkpt lat="43.17310255" lon="-6.09546895"><ele>446.16</ele><time>2024-09-07T16:52:03Z</time></trkpt><trkpt lat="43.17312048" lon="-6.09544646"><ele>446.23</ele><time>2024-09-07T16:52:04Z</time></trkpt><trkpt lat="43.17313513" lon="-6.09542730"><ele>446.31</ele><time>2024-09-07T16:52:05Z</time></trkpt><trkpt lat="43.17314857" lon="-6.09540937"><ele>446.40</ele><time>2024-09-07T16:52:06Z</time></trkpt><trkpt lat="43.17316201" lon="-6.09539144"><ele>446.49</ele><time>2024-09-07T16:52:07Z</time></trkpt><trkpt lat="43.17317599" lon="-6.09537298"><ele>446.56</ele><time>2024-09-07T16:52:08Z</time></trkpt><trkpt lat="43.17319065" lon="-6.09535383"><ele>446.64</ele><time>2024-09-07T16:52:09Z</time></trkpt><trkpt lat="43.17320591" lon="-6.09533409"><ele>446.70</ele><time>2024-09-07T16:52:10Z</time></trkpt><trkpt lat="43.17321188" lon="-6.09532511"><ele>446.73</ele><time>2024-09-07T16:52:11Z</time></trkpt><trkpt lat="43.17321198" lon="-6.09532293"><ele>446.74</ele><time>2024-09-07T16:52:12Z</time></trkpt><trkpt lat="43.17320903" lon="-6.09532430"><ele>446.73</ele><time>2024-09-07T16:52:13Z</time></trkpt><trkpt lat="43.17320494" lon="-6.09532699"><ele>446.72</ele><time>2024-09-07T16:52:14Z</time></trkpt><trkpt lat="43.17320082" lon="-6.09532970"><ele>446.71</ele><time>2024-09-07T16:52:15Z</time></trkpt><trkpt lat="43.17319719" lon="-6.09533185"><ele>446.71</ele><time>2024-09-07T16:52:16Z</time></trkpt><trkpt lat="43.17319418" lon="-6.09533328"><ele>446.70</ele><time>2024-09-07T16:52:17Z</time></trkpt><trkpt lat="43.17319171" lon="-6.09533408"><ele>446.70</ele><time>2024-09-07T16:52:18Z</time></trkpt><trkpt lat="43.17318963" lon="-6.09533443"><ele>446.70</ele><time>2024-09-07T16:52:19Z</time></trkpt><trkpt lat="43.17319532" lon="-6.09532849"><ele>446.92</ele><time>2024-09-07T16:52:20Z</time></trkpt><trkpt lat="43.17320861" lon="-6.09531370"><ele>447.33</ele><time>2024-09-07T16:52:21Z</time></trkpt><trkpt lat="43.17323547" lon="-6.09528209"><ele>447.57</ele><time>2024-09-07T16:52:22Z</time></trkpt><trkpt lat="43.17327003" lon="-6.09524075"><ele>447.69</ele><time>2024-09-07T16:52:23Z</time></trkpt><trkpt lat="43.17330798" lon="-6.09519499"><ele>447.72</ele><time>2024-09-07T16:52:24Z</time></trkpt><trkpt lat="43.17334664" lon="-6.09514814"><ele>447.71</ele><time>2024-09-07T16:52:25Z</time></trkpt><trkpt lat="43.17338466" lon="-6.09510195"><ele>447.68</ele><time>2024-09-07T16:52:26Z</time></trkpt><trkpt lat="43.17342154" lon="-6.09505709"><ele>447.65</ele><time>2024-09-07T16:52:27Z</time></trkpt><trkpt lat="43.17345731" lon="-6.09501356"><ele>447.63</ele><time>2024-09-07T16:52:28Z</time></trkpt><trkpt lat="43.17349222" lon="-6.09497108"><ele>447.61</ele><time>2024-09-07T16:52:29Z</time></trkpt><trkpt lat="43.17352656" lon="-6.09492930"><ele>447.60</ele><time>2024-09-07T16:52:30Z</time></trkpt><trkpt lat="43.17356058" lon="-6.09488793"><ele>447.60</ele><time>2024-09-07T16:52:31Z</time></trkpt><trkpt lat="43.17359448" lon="-6.09484672"><ele>447.59</ele><time>2024-09-07T16:52:32Z</time></trkpt><trkpt lat="43.17362836" lon="-6.09480555"><ele>447.60</ele><time>2024-09-07T16:52:33Z</time></trkpt><trkpt lat="43.17366049" lon="-6.09477569"><ele>447.67</ele><time>2024-09-07T16:52:34Z</time></trkpt><trkpt lat="43.17369155" lon="-6.09475293"><ele>447.79</ele><time>2024-09-07T16:52:35Z</time></trkpt><trkpt lat="43.17372207" lon="-6.09473384"><ele>447.94</ele><time>2024-09-07T16:52:36Z</time></trkpt><trkpt lat="43.17375241" lon="-6.09471609"><ele>448.10</ele><time>2024-09-07T16:52:37Z</time></trkpt><trkpt lat="43.17378277" lon="-6.09469833"><ele>448.25</ele><time>2024-09-07T16:52:38Z</time></trkpt><trkpt lat="43.17381323" lon="-6.09467996"><ele>448.40</ele><time>2024-09-07T16:52:39Z</time></trkpt><trkpt lat="43.17384382" lon="-6.09466082"><ele>448.55</ele><time>2024-09-07T16:52:40Z</time></trkpt><trkpt lat="43.17387452" lon="-6.09464102"><ele>448.69</ele><time>2024-09-07T16:52:41Z</time></trkpt><trkpt lat="43.17390528" lon="-6.09462074"><ele>448.83</ele><time>2024-09-07T16:52:42Z</time></trkpt><trkpt lat="43.17393610" lon="-6.09460016"><ele>448.97</ele><time>2024-09-07T16:52:43Z</time></trkpt><trkpt lat="43.17396693" lon="-6.09457944"><ele>449.10</ele><time>2024-09-07T16:52:44Z</time></trkpt><trkpt lat="43.17399805" lon="-6.09455188"><ele>449.25</ele><time>2024-09-07T16:52:45Z</time></trkpt><trkpt lat="43.17402935" lon="-6.09452003"><ele>449.41</ele><time>2024-09-07T16:52:46Z</time></trkpt><trkpt lat="43.17406073" lon="-6.09448597"><ele>449.56</ele><time>2024-09-07T16:52:47Z</time></trkpt><trkpt lat="43.17409215" lon="-6.09445112"><ele>449.73</ele><time>2024-09-07T16:52:48Z</time></trkpt><trkpt lat="43.17412356" lon="-6.09441629"><ele>449.89</ele><time>2024-09-07T16:52:49Z</time></trkpt><trkpt lat="43.17415495" lon="-6.09438183"><ele>450.05</ele><time>2024-09-07T16:52:50Z</time></trkpt><trkpt lat="43.17418632" lon="-6.09434784"><ele>450.21</ele><time>2024-09-07T16:52:51Z</time></trkpt><trkpt lat="43.17421767" lon="-6.09431426"><ele>450.37</ele><time>2024-09-07T16:52:52Z</time></trkpt><trkpt lat="43.17424901" lon="-6.09428096"><ele>450.53</ele><time>2024-09-07T16:52:53Z</time></trkpt><trkpt lat="43.17428035" lon="-6.09424784"><ele>450.68</ele><time>2024-09-07T16:52:54Z</time></trkpt><trkpt lat="43.17431168" lon="-6.09421481"><ele>450.84</ele><time>2024-09-07T16:52:55Z</time></trkpt><trkpt lat="43.17434301" lon="-6.09418181"><ele>451.00</ele><time>2024-09-07T16:52:56Z</time></trkpt><trkpt lat="43.17437252" lon="-6.09413574"><ele>450.80</ele><time>2024-09-07T16:52:57Z</time></trkpt><trkpt lat="43.17439596" lon="-6.09408251"><ele>450.37</ele><time>2024-09-07T16:52:58Z</time></trkpt><trkpt lat="43.17441298" lon="-6.09402564"><ele>450.10</ele><time>2024-09-07T16:52:59Z</time></trkpt><trkpt lat="43.17442534" lon="-6.09396589"><ele>449.68</ele><time>2024-09-07T16:53:00Z</time></trkpt><trkpt lat="43.17443406" lon="-6.09390447"><ele>449.29</ele><time>2024-09-07T16:53:01Z</time></trkpt><trkpt lat="43.17444126" lon="-6.09384274"><ele>448.93</ele><time>2024-09-07T16:53:02Z</time></trkpt><trkpt lat="43.17444822" lon="-6.09378138"><ele>448.59</ele><time>2024-09-07T16:53:03Z</time></trkpt><trkpt lat="43.17445321" lon="-6.09372026"><ele>448.17</ele><time>2024-09-07T16:53:04Z</time></trkpt><trkpt lat="43.17445731" lon="-6.09365948"><ele>447.69</ele><time>2024-09-07T16:53:05Z</time></trkpt><trkpt lat="43.17446119" lon="-6.09359902"><ele>447.18</ele><time>2024-09-07T16:53:06Z</time></trkpt><trkpt lat="43.17446069" lon="-6.09355088"><ele>446.70</ele><time>2024-09-07T16:53:07Z</time></trkpt><trkpt lat="43.17445759" lon="-6.09351051"><ele>446.24</ele><time>2024-09-07T16:53:08Z</time></trkpt><trkpt lat="43.17445328" lon="-6.09347419"><ele>445.79</ele><time>2024-09-07T16:53:09Z</time></trkpt><trkpt lat="43.17444863" lon="-6.09343938"><ele>445.36</ele><time>2024-09-07T16:53:10Z</time></trkpt><trkpt lat="43.17444411" lon="-6.09340459"><ele>444.93</ele><time>2024-09-07T16:53:11Z</time></trkpt><trkpt lat="43.17443992" lon="-6.09336914"><ele>444.51</ele><time>2024-09-07T16:53:12Z</time></trkpt><trkpt lat="43.17443606" lon="-6.09333288"><ele>444.08</ele><time>2024-09-07T16:53:13Z</time></trkpt><trkpt lat="43.17443247" lon="-6.09329590"><ele>443.66</ele><time>2024-09-07T16:53:14Z</time></trkpt><trkpt lat="43.17442907" lon="-6.09325839"><ele>443.23</ele><time>2024-09-07T16:53:15Z</time></trkpt><trkpt lat="43.17442577" lon="-6.09322057"><ele>442.80</ele><time>2024-09-07T16:53:16Z</time></trkpt><trkpt lat="43.17442591" lon="-6.09320298"><ele>442.54</ele><time>2024-09-07T16:53:17Z</time></trkpt><trkpt lat="43.17442820" lon="-6.09319822"><ele>442.38</ele><time>2024-09-07T16:53:18Z</time></trkpt><trkpt lat="43.17443160" lon="-6.09320016"><ele>442.27</ele><time>2024-09-07T16:53:19Z</time></trkpt><trkpt lat="43.17443540" lon="-6.09320462"><ele>442.18</ele><time>2024-09-07T16:53:20Z</time></trkpt><trkpt lat="43.17443919" lon="-6.09320916"><ele>442.10</ele><time>2024-09-07T16:53:21Z</time></trkpt><trkpt lat="43.17444279" lon="-6.09321265"><ele>442.00</ele><time>2024-09-07T16:53:22Z</time></trkpt><trkpt lat="43.17444615" lon="-6.09321480"><ele>441.90</ele><time>2024-09-07T16:53:23Z</time></trkpt><trkpt lat="43.17444931" lon="-6.09321578"><ele>441.78</ele><time>2024-09-07T16:53:24Z</time></trkpt><trkpt lat="43.17445233" lon="-6.09321589"><ele>441.66</ele><time>2024-09-07T16:53:25Z</time></trkpt><trkpt lat="43.17445525" lon="-6.09321547"><ele>441.53</ele><time>2024-09-07T16:53:26Z</time></trkpt><trkpt lat="43.17445814" lon="-6.09321479"><ele>441.41</ele><time>2024-09-07T16:53:27Z</time></trkpt><trkpt lat="43.17445948" lon="-6.09321399"><ele>441.19</ele><time>2024-09-07T16:53:28Z</time></trkpt><trkpt lat="43.17445986" lon="-6.09321318"><ele>440.93</ele><time>2024-09-07T16:53:29Z</time></trkpt><trkpt lat="43.17445975" lon="-6.09321242"><ele>440.63</ele><time>2024-09-07T16:53:30Z</time></trkpt><trkpt lat="43.17445947" lon="-6.09321171"><ele>440.33</ele><time>2024-09-07T16:53:31Z</time></trkpt><trkpt lat="43.17445919" lon="-6.09321106"><ele>440.02</ele><time>2024-09-07T16:53:32Z</time></trkpt><trkpt lat="43.17445900" lon="-6.09321044"><ele>439.72</ele><time>2024-09-07T16:53:33Z</time></trkpt><trkpt lat="43.17445892" lon="-6.09320984"><ele>439.43</ele><time>2024-09-07T16:53:34Z</time></trkpt><trkpt lat="43.17445892" lon="-6.09320926"><ele>439.14</ele><time>2024-09-07T16:53:35Z</time></trkpt><trkpt lat="43.17445899" lon="-6.09320868"><ele>438.86</ele><time>2024-09-07T16:53:36Z</time></trkpt><trkpt lat="43.17445910" lon="-6.09320810"><ele>438.57</ele><time>2024-09-07T16:53:37Z</time></trkpt><trkpt lat="43.17445923" lon="-6.09320752"><ele>438.29</ele><time>2024-09-07T16:53:38Z</time></trkpt><trkpt lat="43.17445937" lon="-6.09320694"><ele>438.01</ele><time>2024-09-07T16:53:39Z</time></trkpt><trkpt lat="43.17445950" lon="-6.09320635"><ele>437.73</ele><time>2024-09-07T16:53:40Z</time></trkpt><trkpt lat="43.17445964" lon="-6.09320577"><ele>437.45</ele><time>2024-09-07T16:53:41Z</time></trkpt><trkpt lat="43.17445976" lon="-6.09320518"><ele>437.16</ele><time>2024-09-07T16:53:42Z</time></trkpt><trkpt lat="43.17445988" lon="-6.09320459"><ele>436.88</ele><time>2024-09-07T16:53:43Z</time></trkpt><trkpt lat="43.17446000" lon="-6.09320400"><ele>436.60</ele><time>2024-09-07T16:53:44Z</time></trkpt><trkpt lat="43.17445994" lon="-6.09320388"><ele>436.41</ele><time>2024-09-07T16:53:45Z</time></trkpt><trkpt lat="43.17445977" lon="-6.09320405"><ele>436.29</ele><time>2024-09-07T16:53:46Z</time></trkpt><trkpt lat="43.17445953" lon="-6.09320437"><ele>436.20</ele><time>2024-09-07T16:53:47Z</time></trkpt><trkpt lat="43.17445928" lon="-6.09320475"><ele>436.12</ele><time>2024-09-07T16:53:48Z</time></trkpt><trkpt lat="43.17445902" lon="-6.09320513"><ele>436.04</ele><time>2024-09-07T16:53:49Z</time></trkpt><trkpt lat="43.17445877" lon="-6.09320549"><ele>435.95</ele><time>2024-09-07T16:53:50Z</time></trkpt><trkpt lat="43.17445854" lon="-6.09320581"><ele>435.86</ele><time>2024-09-07T16:53:51Z</time></trkpt><trkpt lat="43.17445831" lon="-6.09320611"><ele>435.76</ele><time>2024-09-07T16:53:52Z</time></trkpt><trkpt lat="43.17445810" lon="-6.09320639"><ele>435.66</ele><time>2024-09-07T16:53:53Z</time></trkpt><trkpt lat="43.17445789" lon="-6.09320665"><ele>435.55</ele><time>2024-09-07T16:53:54Z</time></trkpt><trkpt lat="43.17445768" lon="-6.09320691"><ele>435.45</ele><time>2024-09-07T16:53:55Z</time></trkpt><trkpt lat="43.17445747" lon="-6.09320717"><ele>435.34</ele><time>2024-09-07T16:53:56Z</time></trkpt><trkpt lat="43.17445726" lon="-6.09320743"><ele>435.23</ele><time>2024-09-07T16:53:57Z</time></trkpt><trkpt lat="43.17445705" lon="-6.09320769"><ele>435.13</ele><time>2024-09-07T16:53:58Z</time></trkpt><trkpt lat="43.17445684" lon="-6.09320795"><ele>435.02</ele><time>2024-09-07T16:53:59Z</time></trkpt><trkpt lat="43.17445663" lon="-6.09320821"><ele>434.92</ele><time>2024-09-07T16:54:00Z</time></trkpt><trkpt lat="43.17445642" lon="-6.09320847"><ele>434.81</ele><time>2024-09-07T16:54:01Z</time></trkpt><trkpt lat="43.17445621" lon="-6.09320874"><ele>434.71</ele><time>2024-09-07T16:54:02Z</time></trkpt><trkpt lat="43.17445600" lon="-6.09320900"><ele>434.60</ele><time>2024-09-07T16:54:03Z</time></trkpt><trkpt lat="43.17445539" lon="-6.09320912"><ele>434.54</ele><time>2024-09-07T16:54:04Z</time></trkpt><trkpt lat="43.17445452" lon="-6.09320915"><ele>434.51</ele><time>2024-09-07T16:54:05Z</time></trkpt><trkpt lat="43.17445353" lon="-6.09320913"><ele>434.49</ele><time>2024-09-07T16:54:06Z</time></trkpt><trkpt lat="43.17445248" lon="-6.09320909"><ele>434.48</ele><time>2024-09-07T16:54:07Z</time></trkpt><trkpt lat="43.17445144" lon="-6.09320906"><ele>434.47</ele><time>2024-09-07T16:54:08Z</time></trkpt><trkpt lat="43.17445041" lon="-6.09320903"><ele>434.46</ele><time>2024-09-07T16:54:09Z</time></trkpt><trkpt lat="43.17444942" lon="-6.09320901"><ele>434.44</ele><time>2024-09-07T16:54:10Z</time></trkpt><trkpt lat="43.17444844" lon="-6.09320900"><ele>434.42</ele><time>2024-09-07T16:54:11Z</time></trkpt><trkpt lat="43.17444748" lon="-6.09320899"><ele>434.40</ele><time>2024-09-07T16:54:12Z</time></trkpt><trkpt lat="43.17444654" lon="-6.09320899"><ele>434.38</ele><time>2024-09-07T16:54:13Z</time></trkpt><trkpt lat="43.17444560" lon="-6.09320899"><ele>434.36</ele><time>2024-09-07T16:54:14Z</time></trkpt><trkpt lat="43.17444466" lon="-6.09320900"><ele>434.33</ele><time>2024-09-07T16:54:15Z</time></trkpt><trkpt lat="43.17444372" lon="-6.09320900"><ele>434.31</ele><time>2024-09-07T16:54:16Z</time></trkpt><trkpt lat="43.17444277" lon="-6.09320900"><ele>434.29</ele><time>2024-09-07T16:54:17Z</time></trkpt><trkpt lat="43.17444183" lon="-6.09320900"><ele>434.27</ele><time>2024-09-07T16:54:18Z</time></trkpt><trkpt lat="43.17444089" lon="-6.09320900"><ele>434.24</ele><time>2024-09-07T16:54:19Z</time></trkpt><trkpt lat="43.17443995" lon="-6.09320900"><ele>434.22</ele><time>2024-09-07T16:54:20Z</time></trkpt><trkpt lat="43.17443900" lon="-6.09320900"><ele>434.20</ele><time>2024-09-07T16:54:21Z</time></trkpt><trkpt lat="43.17443799" lon="-6.09320935"><ele>434.21</ele><time>2024-09-07T16:54:22Z</time></trkpt><trkpt lat="43.17443693" lon="-6.09320992"><ele>434.23</ele><time>2024-09-07T16:54:23Z</time></trkpt><trkpt lat="43.17443585" lon="-6.09321061"><ele>434.26</ele><time>2024-09-07T16:54:24Z</time></trkpt><trkpt lat="43.17443476" lon="-6.09321134"><ele>434.30</ele><time>2024-09-07T16:54:25Z</time></trkpt><trkpt lat="43.17443367" lon="-6.09321207"><ele>434.33</ele><time>2024-09-07T16:54:26Z</time></trkpt><trkpt lat="43.17443259" lon="-6.09321279"><ele>434.37</ele><time>2024-09-07T16:54:27Z</time></trkpt><trkpt lat="43.17443150" lon="-6.09321348"><ele>434.40</ele><time>2024-09-07T16:54:28Z</time></trkpt><trkpt lat="43.17443043" lon="-6.09321415"><ele>434.43</ele><time>2024-09-07T16:54:29Z</time></trkpt><trkpt lat="43.17442935" lon="-6.09321480"><ele>434.46</ele><time>2024-09-07T16:54:30Z</time></trkpt><trkpt lat="43.17442828" lon="-6.09321544"><ele>434.49</ele><time>2024-09-07T16:54:31Z</time></trkpt><trkpt lat="43.17442721" lon="-6.09321609"><ele>434.52</ele><time>2024-09-07T16:54:32Z</time></trkpt><trkpt lat="43.17442614" lon="-6.09321672"><ele>434.54</ele><time>2024-09-07T16:54:33Z</time></trkpt><trkpt lat="43.17442507" lon="-6.09321736"><ele>434.57</ele><time>2024-09-07T16:54:34Z</time></trkpt><trkpt lat="43.17442400" lon="-6.09321800"><ele>434.60</ele><time>2024-09-07T16:54:35Z</time></trkpt><trkpt lat="43.17442437" lon="-6.09321619"><ele>434.65</ele><time>2024-09-07T16:54:36Z</time></trkpt><trkpt lat="43.17442565" lon="-6.09321282"><ele>434.72</ele><time>2024-09-07T16:54:37Z</time></trkpt><trkpt lat="43.17442741" lon="-6.09320864"><ele>434.79</ele><time>2024-09-07T16:54:38Z</time></trkpt><trkpt lat="43.17442935" lon="-6.09320417"><ele>434.87</ele><time>2024-09-07T16:54:39Z</time></trkpt><trkpt lat="43.17443128" lon="-6.09319969"><ele>434.95</ele><time>2024-09-07T16:54:40Z</time></trkpt><trkpt lat="43.17443314" lon="-6.09319535"><ele>435.02</ele><time>2024-09-07T16:54:41Z</time></trkpt><trkpt lat="43.17443490" lon="-6.09319116"><ele>435.10</ele><time>2024-09-07T16:54:42Z</time></trkpt><trkpt lat="43.17443791" lon="-6.09317612"><ele>435.13</ele><time>2024-09-07T16:54:43Z</time></trkpt><trkpt lat="43.17444138" lon="-6.09314425"><ele>434.95</ele><time>2024-09-07T16:54:44Z</time></trkpt><trkpt lat="43.17444505" lon="-6.09310253"><ele>434.64</ele><time>2024-09-07T16:54:45Z</time></trkpt><trkpt lat="43.17444876" lon="-6.09305622"><ele>434.27</ele><time>2024-09-07T16:54:46Z</time></trkpt><trkpt lat="43.17445243" lon="-6.09300868"><ele>433.87</ele><time>2024-09-07T16:54:47Z</time></trkpt><trkpt lat="43.17445603" lon="-6.09296171"><ele>433.47</ele><time>2024-09-07T16:54:48Z</time></trkpt><trkpt lat="43.17445956" lon="-6.09291599"><ele>433.08</ele><time>2024-09-07T16:54:49Z</time></trkpt><trkpt lat="43.17446303" lon="-6.09287157"><ele>432.71</ele><time>2024-09-07T16:54:50Z</time></trkpt><trkpt lat="43.17447086" lon="-6.09281812"><ele>432.40</ele><time>2024-09-07T16:54:51Z</time></trkpt><trkpt lat="43.17448144" lon="-6.09275902"><ele>432.13</ele><time>2024-09-07T16:54:52Z</time></trkpt><trkpt lat="43.17449344" lon="-6.09269702"><ele>431.88</ele><time>2024-09-07T16:54:53Z</time></trkpt><trkpt lat="43.17450598" lon="-6.09263396"><ele>431.64</ele><time>2024-09-07T16:54:54Z</time></trkpt><trkpt lat="43.17451854" lon="-6.09257093"><ele>431.40</ele><time>2024-09-07T16:54:55Z</time></trkpt><trkpt lat="43.17453086" lon="-6.09250840"><ele>431.16</ele><time>2024-09-07T16:54:56Z</time></trkpt><trkpt lat="43.17454289" lon="-6.09244647"><ele>430.91</ele><time>2024-09-07T16:54:57Z</time></trkpt><trkpt lat="43.17455467" lon="-6.09238508"><ele>430.66</ele><time>2024-09-07T16:54:58Z</time></trkpt><trkpt lat="43.17456626" lon="-6.09232408"><ele>430.41</ele><time>2024-09-07T16:54:59Z</time></trkpt><trkpt lat="43.17457775" lon="-6.09226330"><ele>430.16</ele><time>2024-09-07T16:55:00Z</time></trkpt><trkpt lat="43.17458917" lon="-6.09220265"><ele>429.90</ele><time>2024-09-07T16:55:01Z</time></trkpt><trkpt lat="43.17460263" lon="-6.09214196"><ele>429.74</ele><time>2024-09-07T16:55:02Z</time></trkpt><trkpt lat="43.17461738" lon="-6.09208123"><ele>429.64</ele><time>2024-09-07T16:55:03Z</time></trkpt><trkpt lat="43.17463282" lon="-6.09202046"><ele>429.58</ele><time>2024-09-07T16:55:04Z</time></trkpt><trkpt lat="43.17464852" lon="-6.09195965"><ele>429.52</ele><time>2024-09-07T16:55:05Z</time></trkpt><trkpt lat="43.17466423" lon="-6.09189882"><ele>429.47</ele><time>2024-09-07T16:55:06Z</time></trkpt><trkpt lat="43.17467985" lon="-6.09183798"><ele>429.41</ele><time>2024-09-07T16:55:07Z</time></trkpt><trkpt lat="43.17469533" lon="-6.09177713"><ele>429.34</ele><time>2024-09-07T16:55:08Z</time></trkpt><trkpt lat="43.17471069" lon="-6.09171628"><ele>429.27</ele><time>2024-09-07T16:55:09Z</time></trkpt><trkpt lat="43.17472597" lon="-6.09165543"><ele>429.19</ele><time>2024-09-07T16:55:10Z</time></trkpt><trkpt lat="43.17474120" lon="-6.09159458"><ele>429.11</ele><time>2024-09-07T16:55:11Z</time></trkpt><trkpt lat="43.17475639" lon="-6.09153374"><ele>429.04</ele><time>2024-09-07T16:55:12Z</time></trkpt><trkpt lat="43.17477158" lon="-6.09147289"><ele>428.96</ele><time>2024-09-07T16:55:13Z</time></trkpt><trkpt lat="43.17478677" lon="-6.09141205"><ele>428.88</ele><time>2024-09-07T16:55:14Z</time></trkpt><trkpt lat="43.17480196" lon="-6.09135121"><ele>428.80</ele><time>2024-09-07T16:55:15Z</time></trkpt><trkpt lat="43.17481716" lon="-6.09129037"><ele>428.72</ele><time>2024-09-07T16:55:16Z</time></trkpt><trkpt lat="43.17483237" lon="-6.09122953"><ele>428.64</ele><time>2024-09-07T16:55:17Z</time></trkpt><trkpt lat="43.17484758" lon="-6.09116868"><ele>428.56</ele><time>2024-09-07T16:55:18Z</time></trkpt><trkpt lat="43.17486279" lon="-6.09110784"><ele>428.48</ele><time>2024-09-07T16:55:19Z</time></trkpt><trkpt lat="43.17487800" lon="-6.09104700"><ele>428.40</ele><time>2024-09-07T16:55:20Z</time></trkpt><trkpt lat="43.17488941" lon="-6.09098102"><ele>428.43</ele><time>2024-09-07T16:55:21Z</time></trkpt><trkpt lat="43.17489842" lon="-6.09091180"><ele>428.54</ele><time>2024-09-07T16:55:22Z</time></trkpt><trkpt lat="43.17490618" lon="-6.09084089"><ele>428.67</ele><time>2024-09-07T16:55:23Z</time></trkpt><trkpt lat="43.17491348" lon="-6.09076935"><ele>428.83</ele><time>2024-09-07T16:55:24Z</time></trkpt><trkpt lat="43.17491571" lon="-6.09069794"><ele>428.91</ele><time>2024-09-07T16:55:25Z</time></trkpt><trkpt lat="43.17491169" lon="-6.09062579"><ele>428.95</ele><time>2024-09-07T16:55:26Z</time></trkpt><trkpt lat="43.17490146" lon="-6.09055334"><ele>428.95</ele><time>2024-09-07T16:55:27Z</time></trkpt><trkpt lat="43.17488639" lon="-6.09048085"><ele>428.95</ele><time>2024-09-07T16:55:28Z</time></trkpt><trkpt lat="43.17486876" lon="-6.09041110"><ele>429.04</ele><time>2024-09-07T16:55:29Z</time></trkpt><trkpt lat="43.17485037" lon="-6.09034315"><ele>429.21</ele><time>2024-09-07T16:55:30Z</time></trkpt><trkpt lat="43.17483221" lon="-6.09027619"><ele>429.41</ele><time>2024-09-07T16:55:31Z</time></trkpt><trkpt lat="43.17481467" lon="-6.09020963"><ele>429.63</ele><time>2024-09-07T16:55:32Z</time></trkpt><trkpt lat="43.17479780" lon="-6.09014314"><ele>429.86</ele><time>2024-09-07T16:55:33Z</time></trkpt><trkpt lat="43.17478148" lon="-6.09007654"><ele>430.08</ele><time>2024-09-07T16:55:34Z</time></trkpt><trkpt lat="43.17476554" lon="-6.09000977"><ele>430.29</ele><time>2024-09-07T16:55:35Z</time></trkpt><trkpt lat="43.17475318" lon="-6.08994854"><ele>430.39</ele><time>2024-09-07T16:55:36Z</time></trkpt><trkpt lat="43.17474303" lon="-6.08989079"><ele>430.42</ele><time>2024-09-07T16:55:37Z</time></trkpt><trkpt lat="43.17473402" lon="-6.08983484"><ele>430.40</ele><time>2024-09-07T16:55:38Z</time></trkpt><trkpt lat="43.17472539" lon="-6.08977954"><ele>430.38</ele><time>2024-09-07T16:55:39Z</time></trkpt><trkpt lat="43.17471675" lon="-6.08972423"><ele>430.35</ele><time>2024-09-07T16:55:40Z</time></trkpt><trkpt lat="43.17470789" lon="-6.08966863"><ele>430.32</ele><time>2024-09-07T16:55:41Z</time></trkpt><trkpt lat="43.17469879" lon="-6.08961265"><ele>430.31</ele><time>2024-09-07T16:55:42Z</time></trkpt><trkpt lat="43.17469907" lon="-6.08954089"><ele>430.30</ele><time>2024-09-07T16:55:43Z</time></trkpt><trkpt lat="43.17470827" lon="-6.08946434"><ele>430.19</ele><time>2024-09-07T16:55:44Z</time></trkpt><trkpt lat="43.17472242" lon="-6.08938585"><ele>430.01</ele><time>2024-09-07T16:55:45Z</time></trkpt><trkpt lat="43.17474656" lon="-6.08931639"><ele>429.70</ele><time>2024-09-07T16:55:46Z</time></trkpt><trkpt lat="43.17477605" lon="-6.08925336"><ele>429.31</ele><time>2024-09-07T16:55:47Z</time></trkpt><trkpt lat="43.17480762" lon="-6.08919422"><ele>428.89</ele><time>2024-09-07T16:55:48Z</time></trkpt><trkpt lat="43.17483937" lon="-6.08913698"><ele>428.47</ele><time>2024-09-07T16:55:49Z</time></trkpt><trkpt lat="43.17487039" lon="-6.08908034"><ele>428.05</ele><time>2024-09-07T16:55:50Z</time></trkpt><trkpt lat="43.17490041" lon="-6.08902357"><ele>427.65</ele><time>2024-09-07T16:55:51Z</time></trkpt><trkpt lat="43.17492953" lon="-6.08896637"><ele>427.25</ele><time>2024-09-07T16:55:52Z</time></trkpt><trkpt lat="43.17495800" lon="-6.08890870"><ele>426.87</ele><time>2024-09-07T16:55:53Z</time></trkpt><trkpt lat="43.17498605" lon="-6.08885064"><ele>426.48</ele><time>2024-09-07T16:55:54Z</time></trkpt><trkpt lat="43.17501389" lon="-6.08879231"><ele>426.11</ele><time>2024-09-07T16:55:55Z</time></trkpt><trkpt lat="43.17504164" lon="-6.08873382"><ele>425.73</ele><time>2024-09-07T16:55:56Z</time></trkpt><trkpt lat="43.17506940" lon="-6.08867526"><ele>425.35</ele><time>2024-09-07T16:55:57Z</time></trkpt><trkpt lat="43.17509720" lon="-6.08861667"><ele>424.98</ele><time>2024-09-07T16:55:58Z</time></trkpt><trkpt lat="43.17512504" lon="-6.08855810"><ele>424.60</ele><time>2024-09-07T16:55:59Z</time></trkpt><trkpt lat="43.17515384" lon="-6.08850255"><ele>424.34</ele><time>2024-09-07T16:56:00Z</time></trkpt><trkpt lat="43.17518325" lon="-6.08844891"><ele>424.17</ele><time>2024-09-07T16:56:01Z</time></trkpt><trkpt lat="43.17521298" lon="-6.08839628"><ele>424.03</ele><time>2024-09-07T16:56:02Z</time></trkpt><trkpt lat="43.17524284" lon="-6.08834403"><ele>423.90</ele><time>2024-09-07T16:56:03Z</time></trkpt><trkpt lat="43.17527269" lon="-6.08829179"><ele>423.78</ele><time>2024-09-07T16:56:04Z</time></trkpt><trkpt lat="43.17530250" lon="-6.08823939"><ele>423.65</ele><time>2024-09-07T16:56:05Z</time></trkpt><trkpt lat="43.17533224" lon="-6.08818679"><ele>423.52</ele><time>2024-09-07T16:56:06Z</time></trkpt><trkpt lat="43.17536193" lon="-6.08813402"><ele>423.37</ele><time>2024-09-07T16:56:07Z</time></trkpt><trkpt lat="43.17539158" lon="-6.08808112"><ele>423.22</ele><time>2024-09-07T16:56:08Z</time></trkpt><trkpt lat="43.17542120" lon="-6.08802814"><ele>423.07</ele><time>2024-09-07T16:56:09Z</time></trkpt><trkpt lat="43.17545081" lon="-6.08797512"><ele>422.91</ele><time>2024-09-07T16:56:10Z</time></trkpt><trkpt lat="43.17548041" lon="-6.08792208"><ele>422.76</ele><time>2024-09-07T16:56:11Z</time></trkpt><trkpt lat="43.17551002" lon="-6.08786905"><ele>422.60</ele><time>2024-09-07T16:56:12Z</time></trkpt><trkpt lat="43.17554784" lon="-6.08782185"><ele>422.46</ele><time>2024-09-07T16:56:13Z</time></trkpt><trkpt lat="43.17559086" lon="-6.08777833"><ele>422.32</ele><time>2024-09-07T16:56:14Z</time></trkpt><trkpt lat="43.17563658" lon="-6.08773674"><ele>422.19</ele><time>2024-09-07T16:56:15Z</time></trkpt><trkpt lat="43.17568513" lon="-6.08770260"><ele>422.13</ele><time>2024-09-07T16:56:16Z</time></trkpt><trkpt lat="43.17573593" lon="-6.08767655"><ele>422.12</ele><time>2024-09-07T16:56:17Z</time></trkpt><trkpt lat="43.17578572" lon="-6.08765630"><ele>422.13</ele><time>2024-09-07T16:56:18Z</time></trkpt><trkpt lat="43.17583436" lon="-6.08763867"><ele>422.15</ele><time>2024-09-07T16:56:19Z</time></trkpt><trkpt lat="43.17588203" lon="-6.08762167"><ele>422.17</ele><time>2024-09-07T16:56:20Z</time></trkpt><trkpt lat="43.17592904" lon="-6.08760426"><ele>422.19</ele><time>2024-09-07T16:56:21Z</time></trkpt><trkpt lat="43.17597565" lon="-6.08758604"><ele>422.20</ele><time>2024-09-07T16:56:22Z</time></trkpt><trkpt lat="43.17602207" lon="-6.08756702"><ele>422.20</ele><time>2024-09-07T16:56:23Z</time></trkpt><trkpt lat="43.17606843" lon="-6.08754736"><ele>422.20</ele><time>2024-09-07T16:56:24Z</time></trkpt><trkpt lat="43.17611482" lon="-6.08752729"><ele>422.20</ele><time>2024-09-07T16:56:25Z</time></trkpt><trkpt lat="43.17616125" lon="-6.08750697"><ele>422.20</ele><time>2024-09-07T16:56:26Z</time></trkpt><trkpt lat="43.17620774" lon="-6.08748656"><ele>422.20</ele><time>2024-09-07T16:56:27Z</time></trkpt><trkpt lat="43.17625427" lon="-6.08746613"><ele>422.20</ele><time>2024-09-07T16:56:28Z</time></trkpt><trkpt lat="43.17630082" lon="-6.08744572"><ele>422.20</ele><time>2024-09-07T16:56:29Z</time></trkpt><trkpt lat="43.17634739" lon="-6.08742534"><ele>422.20</ele><time>2024-09-07T16:56:30Z</time></trkpt><trkpt lat="43.17639397" lon="-6.08740501"><ele>422.20</ele><time>2024-09-07T16:56:31Z</time></trkpt><trkpt lat="43.17643915" lon="-6.08737065"><ele>422.20</ele><time>2024-09-07T16:56:32Z</time></trkpt><trkpt lat="43.17648207" lon="-6.08732445"><ele>421.93</ele><time>2024-09-07T16:56:33Z</time></trkpt><trkpt lat="43.17652367" lon="-6.08727174"><ele>421.48</ele><time>2024-09-07T16:56:34Z</time></trkpt><trkpt lat="43.17656383" lon="-6.08721388"><ele>421.22</ele><time>2024-09-07T16:56:35Z</time></trkpt><trkpt lat="43.17660111" lon="-6.08715135"><ele>421.10</ele><time>2024-09-07T16:56:36Z</time></trkpt><trkpt lat="43.17663573" lon="-6.08708539"><ele>420.79</ele><time>2024-09-07T16:56:37Z</time></trkpt><trkpt lat="43.17666791" lon="-6.08701610"><ele>420.63</ele><time>2024-09-07T16:56:38Z</time></trkpt><trkpt lat="43.17669648" lon="-6.08694530"><ele>420.51</ele><time>2024-09-07T16:56:39Z</time></trkpt><trkpt lat="43.17672320" lon="-6.08687431"><ele>420.40</ele><time>2024-09-07T16:56:40Z</time></trkpt><trkpt lat="43.17674923" lon="-6.08680376"><ele>420.29</ele><time>2024-09-07T16:56:41Z</time></trkpt><trkpt lat="43.17677528" lon="-6.08673385"><ele>420.18</ele><time>2024-09-07T16:56:42Z</time></trkpt><trkpt lat="43.17679316" lon="-6.08666398"><ele>419.89</ele><time>2024-09-07T16:56:43Z</time></trkpt><trkpt lat="43.17680609" lon="-6.08659421"><ele>419.48</ele><time>2024-09-07T16:56:44Z</time></trkpt><trkpt lat="43.17681145" lon="-6.08652526"><ele>419.09</ele><time>2024-09-07T16:56:45Z</time></trkpt><trkpt lat="43.17681277" lon="-6.08645683"><ele>418.73</ele><time>2024-09-07T16:56:46Z</time></trkpt><trkpt lat="43.17681254" lon="-6.08638869"><ele>418.40</ele><time>2024-09-07T16:56:47Z</time></trkpt><trkpt lat="43.17681221" lon="-6.08632067"><ele>418.08</ele><time>2024-09-07T16:56:48Z</time></trkpt><trkpt lat="43.17681245" lon="-6.08625266"><ele>417.78</ele><time>2024-09-07T16:56:49Z</time></trkpt><trkpt lat="43.17681438" lon="-6.08618524"><ele>417.61</ele><time>2024-09-07T16:56:50Z</time></trkpt><trkpt lat="43.17681758" lon="-6.08611816"><ele>417.53</ele><time>2024-09-07T16:56:51Z</time></trkpt><trkpt lat="43.17682158" lon="-6.08605123"><ele>417.48</ele><time>2024-09-07T16:56:52Z</time></trkpt><trkpt lat="43.17682601" lon="-6.08598434"><ele>417.46</ele><time>2024-09-07T16:56:53Z</time></trkpt><trkpt lat="43.17683060" lon="-6.08591743"><ele>417.43</ele><time>2024-09-07T16:56:54Z</time></trkpt><trkpt lat="43.17683520" lon="-6.08585048"><ele>417.39</ele><time>2024-09-07T16:56:55Z</time></trkpt><trkpt lat="43.17683974" lon="-6.08578348"><ele>417.34</ele><time>2024-09-07T16:56:56Z</time></trkpt><trkpt lat="43.17684420" lon="-6.08571645"><ele>417.29</ele><time>2024-09-07T16:56:57Z</time></trkpt><trkpt lat="43.17684858" lon="-6.08564939"><ele>417.23</ele><time>2024-09-07T16:56:58Z</time></trkpt><trkpt lat="43.17685291" lon="-6.08558232"><ele>417.16</ele><time>2024-09-07T16:56:59Z</time></trkpt><trkpt lat="43.17685720" lon="-6.08551524"><ele>417.10</ele><time>2024-09-07T16:57:00Z</time></trkpt><trkpt lat="43.17686148" lon="-6.08544816"><ele>417.03</ele><time>2024-09-07T16:57:01Z</time></trkpt><trkpt lat="43.17686575" lon="-6.08538108"><ele>416.97</ele><time>2024-09-07T16:57:02Z</time></trkpt><trkpt lat="43.17687002" lon="-6.08531400"><ele>416.90</ele><time>2024-09-07T16:57:03Z</time></trkpt><trkpt lat="43.17687807" lon="-6.08524915"><ele>416.79</ele><time>2024-09-07T16:57:04Z</time></trkpt><trkpt lat="43.17688849" lon="-6.08518571"><ele>416.65</ele><time>2024-09-07T16:57:05Z</time></trkpt><trkpt lat="43.17690016" lon="-6.08512299"><ele>416.49</ele><time>2024-09-07T16:57:06Z</time></trkpt><trkpt lat="43.17691229" lon="-6.08506055"><ele>416.33</ele><time>2024-09-07T16:57:07Z</time></trkpt><trkpt lat="43.17692443" lon="-6.08499811"><ele>416.17</ele><time>2024-09-07T16:57:08Z</time></trkpt><trkpt lat="43.17693637" lon="-6.08493556"><ele>416.01</ele><time>2024-09-07T16:57:09Z</time></trkpt><trkpt lat="43.17694806" lon="-6.08487285"><ele>415.85</ele><time>2024-09-07T16:57:10Z</time></trkpt><trkpt lat="43.17695953" lon="-6.08481002"><ele>415.70</ele><time>2024-09-07T16:57:11Z</time></trkpt><trkpt lat="43.17697084" lon="-6.08474709"><ele>415.55</ele><time>2024-09-07T16:57:12Z</time></trkpt><trkpt lat="43.17698205" lon="-6.08468410"><ele>415.40</ele><time>2024-09-07T16:57:13Z</time></trkpt><trkpt lat="43.17699321" lon="-6.08462109"><ele>415.25</ele><time>2024-09-07T16:57:14Z</time></trkpt><trkpt lat="43.17700435" lon="-6.08455806"><ele>415.10</ele><time>2024-09-07T16:57:15Z</time></trkpt><trkpt lat="43.17701550" lon="-6.08449504"><ele>414.95</ele><time>2024-09-07T16:57:16Z</time></trkpt><trkpt lat="43.17702665" lon="-6.08443202"><ele>414.80</ele><time>2024-09-07T16:57:17Z</time></trkpt><trkpt lat="43.17703782" lon="-6.08436901"><ele>414.65</ele><time>2024-09-07T16:57:18Z</time></trkpt><trkpt lat="43.17704900" lon="-6.08430600"><ele>414.50</ele><time>2024-09-07T16:57:19Z</time></trkpt><trkpt lat="43.17706545" lon="-6.08424837"><ele>414.43</ele><time>2024-09-07T16:57:20Z</time></trkpt><trkpt lat="43.17708523" lon="-6.08419413"><ele>414.42</ele><time>2024-09-07T16:57:21Z</time></trkpt><trkpt lat="43.17710674" lon="-6.08414165"><ele>414.43</ele><time>2024-09-07T16:57:22Z</time></trkpt><trkpt lat="43.17712890" lon="-6.08408983"><ele>414.45</ele><time>2024-09-07T16:57:23Z</time></trkpt><trkpt lat="43.17715106" lon="-6.08403802"><ele>414.47</ele><time>2024-09-07T16:57:24Z</time></trkpt><trkpt lat="43.17717295" lon="-6.08398593"><ele>414.48</ele><time>2024-09-07T16:57:25Z</time></trkpt><trkpt lat="43.17719840" lon="-6.08394285"><ele>414.49</ele><time>2024-09-07T16:57:26Z</time></trkpt><trkpt lat="43.17723387" lon="-6.08390420"><ele>414.54</ele><time>2024-09-07T16:57:27Z</time></trkpt><trkpt lat="43.17727535" lon="-6.08386766"><ele>414.60</ele><time>2024-09-07T16:57:28Z</time></trkpt><trkpt lat="43.17731976" lon="-6.08383174"><ele>414.68</ele><time>2024-09-07T16:57:29Z</time></trkpt><trkpt lat="43.17736507" lon="-6.08379562"><ele>414.76</ele><time>2024-09-07T16:57:30Z</time></trkpt><trkpt lat="43.17741015" lon="-6.08375898"><ele>414.83</ele><time>2024-09-07T16:57:31Z</time></trkpt><trkpt lat="43.17745457" lon="-6.08372178"><ele>414.91</ele><time>2024-09-07T16:57:32Z</time></trkpt><trkpt lat="43.17749824" lon="-6.08368412"><ele>414.98</ele><time>2024-09-07T16:57:33Z</time></trkpt><trkpt lat="43.17754131" lon="-6.08364615"><ele>415.05</ele><time>2024-09-07T16:57:34Z</time></trkpt><trkpt lat="43.17758395" lon="-6.08360800"><ele>415.12</ele><time>2024-09-07T16:57:35Z</time></trkpt><trkpt lat="43.17762635" lon="-6.08356976"><ele>415.19</ele><time>2024-09-07T16:57:36Z</time></trkpt><trkpt lat="43.17766863" lon="-6.08353151"><ele>415.26</ele><time>2024-09-07T16:57:37Z</time></trkpt><trkpt lat="43.17771089" lon="-6.08349327"><ele>415.33</ele><time>2024-09-07T16:57:38Z</time></trkpt><trkpt lat="43.17775315" lon="-6.08345505"><ele>415.40</ele><time>2024-09-07T16:57:39Z</time></trkpt><trkpt lat="43.17779809" lon="-6.08343053"><ele>415.58</ele><time>2024-09-07T16:57:40Z</time></trkpt><trkpt lat="43.17784473" lon="-6.08341467"><ele>415.82</ele><time>2024-09-07T16:57:41Z</time></trkpt><trkpt lat="43.17789227" lon="-6.08340331"><ele>416.10</ele><time>2024-09-07T16:57:42Z</time></trkpt><trkpt lat="43.17794014" lon="-6.08339363"><ele>416.40</ele><time>2024-09-07T16:57:43Z</time></trkpt><trkpt lat="43.17798803" lon="-6.08338397"><ele>416.69</ele><time>2024-09-07T16:57:44Z</time></trkpt><trkpt lat="43.17803579" lon="-6.08337360"><ele>416.98</ele><time>2024-09-07T16:57:45Z</time></trkpt><trkpt lat="43.17808337" lon="-6.08336231"><ele>417.26</ele><time>2024-09-07T16:57:46Z</time></trkpt><trkpt lat="43.17813079" lon="-6.08335022"><ele>417.53</ele><time>2024-09-07T16:57:47Z</time></trkpt><trkpt lat="43.17817810" lon="-6.08333755"><ele>417.80</ele><time>2024-09-07T16:57:48Z</time></trkpt><trkpt lat="43.17822433" lon="-6.08331571"><ele>417.99</ele><time>2024-09-07T16:57:49Z</time></trkpt><trkpt lat="43.17826989" lon="-6.08328812"><ele>418.13</ele><time>2024-09-07T16:57:50Z</time></trkpt><trkpt lat="43.17831511" lon="-6.08325758"><ele>418.25</ele><time>2024-09-07T16:57:51Z</time></trkpt><trkpt lat="43.17836020" lon="-6.08322597"><ele>418.35</ele><time>2024-09-07T16:57:52Z</time></trkpt><trkpt lat="43.17840530" lon="-6.08319437"><ele>418.46</ele><time>2024-09-07T16:57:53Z</time></trkpt><trkpt lat="43.17845046" lon="-6.08316329"><ele>418.57</ele><time>2024-09-07T16:57:54Z</time></trkpt><trkpt lat="43.17849569" lon="-6.08313283"><ele>418.68</ele><time>2024-09-07T16:57:55Z</time></trkpt><trkpt lat="43.17854099" lon="-6.08310290"><ele>418.80</ele><time>2024-09-07T16:57:56Z</time></trkpt><trkpt lat="43.17857939" lon="-6.08306795"><ele>418.90</ele><time>2024-09-07T16:57:57Z</time></trkpt><trkpt lat="43.17861344" lon="-6.08302982"><ele>418.99</ele><time>2024-09-07T16:57:58Z</time></trkpt><trkpt lat="43.17864522" lon="-6.08299003"><ele>419.07</ele><time>2024-09-07T16:57:59Z</time></trkpt><trkpt lat="43.17867616" lon="-6.08294961"><ele>419.15</ele><time>2024-09-07T16:58:00Z</time></trkpt><trkpt lat="43.17870708" lon="-6.08290918"><ele>419.22</ele><time>2024-09-07T16:58:01Z</time></trkpt><trkpt lat="43.17873838" lon="-6.08286901"><ele>419.30</ele><time>2024-09-07T16:58:02Z</time></trkpt><trkpt lat="43.17876804" lon="-6.08282919"><ele>419.41</ele><time>2024-09-07T16:58:03Z</time></trkpt><trkpt lat="43.17879680" lon="-6.08278966"><ele>419.53</ele><time>2024-09-07T16:58:04Z</time></trkpt><trkpt lat="43.17882517" lon="-6.08275036"><ele>419.66</ele><time>2024-09-07T16:58:05Z</time></trkpt><trkpt lat="43.17885347" lon="-6.08271119"><ele>419.80</ele><time>2024-09-07T16:58:06Z</time></trkpt><trkpt lat="43.17888185" lon="-6.08267208"><ele>419.93</ele><time>2024-09-07T16:58:07Z</time></trkpt><trkpt lat="43.17891037" lon="-6.08263300"><ele>420.07</ele><time>2024-09-07T16:58:08Z</time></trkpt><trkpt lat="43.17893902" lon="-6.08259392"><ele>420.20</ele><time>2024-09-07T16:58:09Z</time></trkpt><trkpt lat="43.17897189" lon="-6.08256726"><ele>420.31</ele><time>2024-09-07T16:58:10Z</time></trkpt><trkpt lat="43.17900740" lon="-6.08254844"><ele>420.40</ele><time>2024-09-07T16:58:11Z</time></trkpt><trkpt lat="43.17904430" lon="-6.08253369"><ele>420.49</ele><time>2024-09-07T16:58:12Z</time></trkpt><trkpt lat="43.17908172" lon="-6.08252045"><ele>420.58</ele><time>2024-09-07T16:58:13Z</time></trkpt><trkpt lat="43.17911914" lon="-6.08250723"><ele>420.66</ele><time>2024-09-07T16:58:14Z</time></trkpt><trkpt lat="43.17915634" lon="-6.08249335"><ele>420.75</ele><time>2024-09-07T16:58:15Z</time></trkpt><trkpt lat="43.17919327" lon="-6.08247864"><ele>420.84</ele><time>2024-09-07T16:58:16Z</time></trkpt><trkpt lat="43.17922994" lon="-6.08246320"><ele>420.93</ele><time>2024-09-07T16:58:17Z</time></trkpt><trkpt lat="43.17926644" lon="-6.08244723"><ele>421.02</ele><time>2024-09-07T16:58:18Z</time></trkpt><trkpt lat="43.17930283" lon="-6.08243094"><ele>421.11</ele><time>2024-09-07T16:58:19Z</time></trkpt><trkpt lat="43.17933916" lon="-6.08241449"><ele>421.20</ele><time>2024-09-07T16:58:20Z</time></trkpt><trkpt lat="43.17938033" lon="-6.08241530"><ele>421.22</ele><time>2024-09-07T16:58:21Z</time></trkpt><trkpt lat="43.17942454" lon="-6.08242705"><ele>421.21</ele><time>2024-09-07T16:58:22Z</time></trkpt><trkpt lat="43.17947037" lon="-6.08244453"><ele>421.17</ele><time>2024-09-07T16:58:23Z</time></trkpt><trkpt lat="43.17951679" lon="-6.08246416"><ele>421.13</ele><time>2024-09-07T16:58:24Z</time></trkpt><trkpt lat="43.17956324" lon="-6.08248385"><ele>421.08</ele><time>2024-09-07T16:58:25Z</time></trkpt><trkpt lat="43.17960944" lon="-6.08250264"><ele>421.04</ele><time>2024-09-07T16:58:26Z</time></trkpt><trkpt lat="43.17965532" lon="-6.08252030"><ele>421.00</ele><time>2024-09-07T16:58:27Z</time></trkpt><trkpt lat="43.17970091" lon="-6.08253694"><ele>420.96</ele><time>2024-09-07T16:58:28Z</time></trkpt><trkpt lat="43.17974631" lon="-6.08255286"><ele>420.93</ele><time>2024-09-07T16:58:29Z</time></trkpt><trkpt lat="43.17979157" lon="-6.08256832"><ele>420.90</ele><time>2024-09-07T16:58:30Z</time></trkpt><trkpt lat="43.17983678" lon="-6.08258356"><ele>420.87</ele><time>2024-09-07T16:58:31Z</time></trkpt><trkpt lat="43.17988196" lon="-6.08259871"><ele>420.85</ele><time>2024-09-07T16:58:32Z</time></trkpt><trkpt lat="43.17992714" lon="-6.08261387"><ele>420.82</ele><time>2024-09-07T16:58:33Z</time></trkpt><trkpt lat="43.17997233" lon="-6.08262908"><ele>420.79</ele><time>2024-09-07T16:58:34Z</time></trkpt><trkpt lat="43.18001754" lon="-6.08264434"><ele>420.76</ele><time>2024-09-07T16:58:35Z</time></trkpt><trkpt lat="43.18006276" lon="-6.08265964"><ele>420.73</ele><time>2024-09-07T16:58:36Z</time></trkpt><trkpt lat="43.18010799" lon="-6.08267497"><ele>420.70</ele><time>2024-09-07T16:58:37Z</time></trkpt><trkpt lat="43.18014723" lon="-6.08268826"><ele>420.60</ele><time>2024-09-07T16:58:38Z</time></trkpt><trkpt lat="43.18018268" lon="-6.08270026"><ele>420.46</ele><time>2024-09-07T16:58:39Z</time></trkpt><trkpt lat="43.18021616" lon="-6.08271159"><ele>420.29</ele><time>2024-09-07T16:58:40Z</time></trkpt><trkpt lat="43.18024891" lon="-6.08272266"><ele>420.11</ele><time>2024-09-07T16:58:41Z</time></trkpt><trkpt lat="43.18028164" lon="-6.08273373"><ele>419.94</ele><time>2024-09-07T16:58:42Z</time></trkpt><trkpt lat="43.18031470" lon="-6.08274491"><ele>419.76</ele><time>2024-09-07T16:58:43Z</time></trkpt><trkpt lat="43.18034815" lon="-6.08275622"><ele>419.60</ele><time>2024-09-07T16:58:44Z</time></trkpt><trkpt lat="43.18038195" lon="-6.08276765"><ele>419.43</ele><time>2024-09-07T16:58:45Z</time></trkpt><trkpt lat="43.18041601" lon="-6.08277917"><ele>419.27</ele><time>2024-09-07T16:58:46Z</time></trkpt><trkpt lat="43.18045022" lon="-6.08279074"><ele>419.11</ele><time>2024-09-07T16:58:47Z</time></trkpt><trkpt lat="43.18048452" lon="-6.08280234"><ele>418.96</ele><time>2024-09-07T16:58:48Z</time></trkpt><trkpt lat="43.18051884" lon="-6.08281394"><ele>418.80</ele><time>2024-09-07T16:58:49Z</time></trkpt><trkpt lat="43.18055596" lon="-6.08281791"><ele>418.62</ele><time>2024-09-07T16:58:50Z</time></trkpt><trkpt lat="43.18059485" lon="-6.08281706"><ele>418.42</ele><time>2024-09-07T16:58:51Z</time></trkpt><trkpt lat="43.18063465" lon="-6.08281368"><ele>418.22</ele><time>2024-09-07T16:58:52Z</time></trkpt><trkpt lat="43.18067477" lon="-6.08280938"><ele>418.01</ele><time>2024-09-07T16:58:53Z</time></trkpt><trkpt lat="43.18071489" lon="-6.08280505"><ele>417.81</ele><time>2024-09-07T16:58:54Z</time></trkpt><trkpt lat="43.18075496" lon="-6.08279111"><ele>417.56</ele><time>2024-09-07T16:58:55Z</time></trkpt><trkpt lat="43.18079491" lon="-6.08277137"><ele>417.28</ele><time>2024-09-07T16:58:56Z</time></trkpt><trkpt lat="43.18083473" lon="-6.08274877"><ele>416.98</ele><time>2024-09-07T16:58:57Z</time></trkpt><trkpt lat="43.18087445" lon="-6.08272528"><ele>416.68</ele><time>2024-09-07T16:58:58Z</time></trkpt><trkpt lat="43.18091409" lon="-6.08270198"><ele>416.38</ele><time>2024-09-07T16:58:59Z</time></trkpt><trkpt lat="43.18095369" lon="-6.08267930"><ele>416.09</ele><time>2024-09-07T16:59:00Z</time></trkpt><trkpt lat="43.18099327" lon="-6.08265732"><ele>415.80</ele><time>2024-09-07T16:59:01Z</time></trkpt><trkpt lat="43.18103285" lon="-6.08263593"><ele>415.51</ele><time>2024-09-07T16:59:02Z</time></trkpt><trkpt lat="43.18107243" lon="-6.08261494"><ele>415.22</ele><time>2024-09-07T16:59:03Z</time></trkpt><trkpt lat="43.18111201" lon="-6.08259419"><ele>414.93</ele><time>2024-09-07T16:59:04Z</time></trkpt><trkpt lat="43.18115160" lon="-6.08257355"><ele>414.64</ele><time>2024-09-07T16:59:05Z</time></trkpt><trkpt lat="43.18119120" lon="-6.08255294"><ele>414.36</ele><time>2024-09-07T16:59:06Z</time></trkpt><trkpt lat="43.18123080" lon="-6.08253232"><ele>414.07</ele><time>2024-09-07T16:59:07Z</time></trkpt><trkpt lat="43.18127040" lon="-6.08251167"><ele>413.79</ele><time>2024-09-07T16:59:08Z</time></trkpt><trkpt lat="43.18131000" lon="-6.08249099"><ele>413.50</ele><time>2024-09-07T16:59:09Z</time></trkpt><trkpt lat="43.18136279" lon="-6.08246476"><ele>413.38</ele><time>2024-09-07T16:59:10Z</time></trkpt><trkpt lat="43.18142391" lon="-6.08243504"><ele>413.37</ele><time>2024-09-07T16:59:11Z</time></trkpt><trkpt lat="43.18148936" lon="-6.08240349"><ele>413.41</ele><time>2024-09-07T16:59:12Z</time></trkpt><trkpt lat="43.18155643" lon="-6.08237126"><ele>413.47</ele><time>2024-09-07T16:59:13Z</time></trkpt><trkpt lat="43.18162351" lon="-6.08233903"><ele>413.54</ele><time>2024-09-07T16:59:14Z</time></trkpt><trkpt lat="43.18168990" lon="-6.08230709"><ele>413.59</ele><time>2024-09-07T16:59:15Z</time></trkpt><trkpt lat="43.18175541" lon="-6.08227551"><ele>413.63</ele><time>2024-09-07T16:59:16Z</time></trkpt><trkpt lat="43.18182015" lon="-6.08224426"><ele>413.66</ele><time>2024-09-07T16:59:17Z</time></trkpt><trkpt lat="43.18188433" lon="-6.08221325"><ele>413.69</ele><time>2024-09-07T16:59:18Z</time></trkpt><trkpt lat="43.18194816" lon="-6.08218238"><ele>413.71</ele><time>2024-09-07T16:59:19Z</time></trkpt><trkpt lat="43.18201182" lon="-6.08215158"><ele>413.73</ele><time>2024-09-07T16:59:20Z</time></trkpt><trkpt lat="43.18207542" lon="-6.08212081"><ele>413.75</ele><time>2024-09-07T16:59:21Z</time></trkpt><trkpt lat="43.18213903" lon="-6.08209003"><ele>413.77</ele><time>2024-09-07T16:59:22Z</time></trkpt><trkpt lat="43.18220268" lon="-6.08205924"><ele>413.79</ele><time>2024-09-07T16:59:23Z</time></trkpt><trkpt lat="43.18226636" lon="-6.08202844"><ele>413.81</ele><time>2024-09-07T16:59:24Z</time></trkpt><trkpt lat="43.18233007" lon="-6.08199762"><ele>413.83</ele><time>2024-09-07T16:59:25Z</time></trkpt><trkpt lat="43.18239381" lon="-6.08196679"><ele>413.85</ele><time>2024-09-07T16:59:26Z</time></trkpt><trkpt lat="43.18245756" lon="-6.08193595"><ele>413.87</ele><time>2024-09-07T16:59:27Z</time></trkpt><trkpt lat="43.18252132" lon="-6.08190511"><ele>413.89</ele><time>2024-09-07T16:59:28Z</time></trkpt><trkpt lat="43.18258509" lon="-6.08187427"><ele>413.91</ele><time>2024-09-07T16:59:29Z</time></trkpt><trkpt lat="43.18264885" lon="-6.08184343"><ele>413.93</ele><time>2024-09-07T16:59:30Z</time></trkpt><trkpt lat="43.18271261" lon="-6.08181259"><ele>413.95</ele><time>2024-09-07T16:59:31Z</time></trkpt><trkpt lat="43.18277637" lon="-6.08178176"><ele>413.97</ele><time>2024-09-07T16:59:32Z</time></trkpt><trkpt lat="43.18284012" lon="-6.08175092"><ele>413.99</ele><time>2024-09-07T16:59:33Z</time></trkpt><trkpt lat="43.18290388" lon="-6.08172008"><ele>414.01</ele><time>2024-09-07T16:59:34Z</time></trkpt><trkpt lat="43.18296763" lon="-6.08168924"><ele>414.03</ele><time>2024-09-07T16:59:35Z</time></trkpt><trkpt lat="43.18303139" lon="-6.08165841"><ele>414.05</ele><time>2024-09-07T16:59:36Z</time></trkpt><trkpt lat="43.18309514" lon="-6.08162757"><ele>414.07</ele><time>2024-09-07T16:59:37Z</time></trkpt><trkpt lat="43.18315890" lon="-6.08159673"><ele>414.09</ele><time>2024-09-07T16:59:38Z</time></trkpt><trkpt lat="43.18322265" lon="-6.08156590"><ele>414.11</ele><time>2024-09-07T16:59:39Z</time></trkpt><trkpt lat="43.18328641" lon="-6.08153506"><ele>414.13</ele><time>2024-09-07T16:59:40Z</time></trkpt><trkpt lat="43.18335016" lon="-6.08150422"><ele>414.15</ele><time>2024-09-07T16:59:41Z</time></trkpt><trkpt lat="43.18341392" lon="-6.08147339"><ele>414.17</ele><time>2024-09-07T16:59:42Z</time></trkpt><trkpt lat="43.18347767" lon="-6.08144255"><ele>414.19</ele><time>2024-09-07T16:59:43Z</time></trkpt><trkpt lat="43.18354143" lon="-6.08141171"><ele>414.21</ele><time>2024-09-07T16:59:44Z</time></trkpt><trkpt lat="43.18360518" lon="-6.08138088"><ele>414.23</ele><time>2024-09-07T16:59:45Z</time></trkpt><trkpt lat="43.18366894" lon="-6.08135004"><ele>414.26</ele><time>2024-09-07T16:59:46Z</time></trkpt><trkpt lat="43.18373269" lon="-6.08131920"><ele>414.28</ele><time>2024-09-07T16:59:47Z</time></trkpt><trkpt lat="43.18379645" lon="-6.08128837"><ele>414.30</ele><time>2024-09-07T16:59:48Z</time></trkpt><trkpt lat="43.18386020" lon="-6.08125753"><ele>414.32</ele><time>2024-09-07T16:59:49Z</time></trkpt><trkpt lat="43.18392396" lon="-6.08122669"><ele>414.34</ele><time>2024-09-07T16:59:50Z</time></trkpt><trkpt lat="43.18398771" lon="-6.08119586"><ele>414.36</ele><time>2024-09-07T16:59:51Z</time></trkpt><trkpt lat="43.18405147" lon="-6.08116502"><ele>414.38</ele><time>2024-09-07T16:59:52Z</time></trkpt><trkpt lat="43.18411522" lon="-6.08113418"><ele>414.40</ele><time>2024-09-07T16:59:53Z</time></trkpt><trkpt lat="43.18417898" lon="-6.08110335"><ele>414.42</ele><time>2024-09-07T16:59:54Z</time></trkpt><trkpt lat="43.18424273" lon="-6.08107251"><ele>414.44</ele><time>2024-09-07T16:59:55Z</time></trkpt><trkpt lat="43.18430649" lon="-6.08104167"><ele>414.46</ele><time>2024-09-07T16:59:56Z</time></trkpt><trkpt lat="43.18437024" lon="-6.08101084"><ele>414.48</ele><time>2024-09-07T16:59:57Z</time></trkpt><trkpt lat="43.18443400" lon="-6.08098000"><ele>414.50</ele><time>2024-09-07T16:59:58Z</time></trkpt><trkpt lat="43.18448205" lon="-6.08095563"><ele>414.51</ele><time>2024-09-07T16:59:59Z</time></trkpt><trkpt lat="43.18453548" lon="-6.08093971"><ele>414.51</ele><time>2024-09-07T17:00:00Z</time></trkpt><trkpt lat="43.18457483" lon="-6.08091621"><ele>412.83</ele><time>2024-09-07T17:00:01Z</time></trkpt><trkpt lat="43.18460558" lon="-6.08088708"><ele>410.08</ele><time>2024-09-07T17:00:02Z</time></trkpt><trkpt lat="43.18463205" lon="-6.08085441"><ele>406.78</ele><time>2024-09-07T17:00:03Z</time></trkpt><trkpt lat="43.18465713" lon="-6.08081988"><ele>403.28</ele><time>2024-09-07T17:00:04Z</time></trkpt><trkpt lat="43.18468240" lon="-6.08078467"><ele>399.77</ele><time>2024-09-07T17:00:05Z</time></trkpt><trkpt lat="43.18470856" lon="-6.08074945"><ele>396.36</ele><time>2024-09-07T17:00:06Z</time></trkpt><trkpt lat="43.18473572" lon="-6.08071452"><ele>393.05</ele><time>2024-09-07T17:00:07Z</time></trkpt><trkpt lat="43.18476374" lon="-6.08067997"><ele>389.85</ele><time>2024-09-07T17:00:08Z</time></trkpt><trkpt lat="43.18479235" lon="-6.08064575"><ele>386.71</ele><time>2024-09-07T17:00:09Z</time></trkpt><trkpt lat="43.18482131" lon="-6.08061177"><ele>383.62</ele><time>2024-09-07T17:00:10Z</time></trkpt><trkpt lat="43.18485668" lon="-6.08057198"><ele>382.20</ele><time>2024-09-07T17:00:11Z</time></trkpt><trkpt lat="43.18489604" lon="-6.08052850"><ele>381.82</ele><time>2024-09-07T17:00:12Z</time></trkpt><trkpt lat="43.18493743" lon="-6.08048308"><ele>381.98</ele><time>2024-09-07T17:00:13Z</time></trkpt><trkpt lat="43.18497955" lon="-6.08043693"><ele>382.33</ele><time>2024-09-07T17:00:14Z</time></trkpt><trkpt lat="43.18502163" lon="-6.08039076"><ele>382.68</ele><time>2024-09-07T17:00:15Z</time></trkpt><trkpt lat="43.18506334" lon="-6.08034489"><ele>382.95</ele><time>2024-09-07T17:00:16Z</time></trkpt><trkpt lat="43.18510462" lon="-6.08029940"><ele>383.09</ele><time>2024-09-07T17:00:17Z</time></trkpt><trkpt lat="43.18514814" lon="-6.08026106"><ele>383.18</ele><time>2024-09-07T17:00:18Z</time></trkpt><trkpt lat="43.18519306" lon="-6.08022725"><ele>383.23</ele><time>2024-09-07T17:00:19Z</time></trkpt><trkpt lat="43.18523868" lon="-6.08019584"><ele>383.24</ele><time>2024-09-07T17:00:20Z</time></trkpt><trkpt lat="43.18528454" lon="-6.08016534"><ele>383.24</ele><time>2024-09-07T17:00:21Z</time></trkpt><trkpt lat="43.18533085" lon="-6.08013754"><ele>383.33</ele><time>2024-09-07T17:00:22Z</time></trkpt><trkpt lat="43.18537734" lon="-6.08011105"><ele>383.49</ele><time>2024-09-07T17:00:23Z</time></trkpt><trkpt lat="43.18542382" lon="-6.08008498"><ele>383.68</ele><time>2024-09-07T17:00:24Z</time></trkpt><trkpt lat="43.18547022" lon="-6.08005881"><ele>383.89</ele><time>2024-09-07T17:00:25Z</time></trkpt><trkpt lat="43.18551653" lon="-6.08003234"><ele>384.10</ele><time>2024-09-07T17:00:26Z</time></trkpt><trkpt lat="43.18556276" lon="-6.08000554"><ele>384.30</ele><time>2024-09-07T17:00:27Z</time></trkpt><trkpt lat="43.18560893" lon="-6.07997848"><ele>384.50</ele><time>2024-09-07T17:00:28Z</time></trkpt><trkpt lat="43.18565507" lon="-6.07995122"><ele>384.70</ele><time>2024-09-07T17:00:29Z</time></trkpt><trkpt lat="43.18569947" lon="-6.07992569"><ele>384.51</ele><time>2024-09-07T17:00:30Z</time></trkpt><trkpt lat="43.18574334" lon="-6.07990005"><ele>384.30</ele><time>2024-09-07T17:00:31Z</time></trkpt><trkpt lat="43.18578700" lon="-6.07987423"><ele>384.08</ele><time>2024-09-07T17:00:32Z</time></trkpt><trkpt lat="43.18583063" lon="-6.07984823"><ele>383.89</ele><time>2024-09-07T17:00:33Z</time></trkpt><trkpt lat="43.18587433" lon="-6.07982210"><ele>383.72</ele><time>2024-09-07T17:00:34Z</time></trkpt><trkpt lat="43.18591703" lon="-6.07979110"><ele>383.64</ele><time>2024-09-07T17:00:35Z</time></trkpt><trkpt lat="43.18595831" lon="-6.07975732"><ele>383.61</ele><time>2024-09-07T17:00:36Z</time></trkpt><trkpt lat="43.18599878" lon="-6.07972212"><ele>383.62</ele><time>2024-09-07T17:00:37Z</time></trkpt><trkpt lat="43.18604052" lon="-6.07968779"><ele>383.51</ele><time>2024-09-07T17:00:38Z</time></trkpt><trkpt lat="43.18608322" lon="-6.07965435"><ele>383.30</ele><time>2024-09-07T17:00:39Z</time></trkpt><trkpt lat="43.18612312" lon="-6.07961893"><ele>383.16</ele><time>2024-09-07T17:00:40Z</time></trkpt><trkpt lat="43.18616119" lon="-6.07958228"><ele>383.05</ele><time>2024-09-07T17:00:41Z</time></trkpt><trkpt lat="43.18619825" lon="-6.07954502"><ele>382.98</ele><time>2024-09-07T17:00:42Z</time></trkpt><trkpt lat="43.18623490" lon="-6.07950755"><ele>382.92</ele><time>2024-09-07T17:00:43Z</time></trkpt><trkpt lat="43.18627150" lon="-6.07947010"><ele>382.87</ele><time>2024-09-07T17:00:44Z</time></trkpt><trkpt lat="43.18630821" lon="-6.07943277"><ele>382.82</ele><time>2024-09-07T17:00:45Z</time></trkpt><trkpt lat="43.18634510" lon="-6.07939558"><ele>382.77</ele><time>2024-09-07T17:00:46Z</time></trkpt><trkpt lat="43.18638214" lon="-6.07935850"><ele>382.72</ele><time>2024-09-07T17:00:47Z</time></trkpt><trkpt lat="43.18641931" lon="-6.07932151"><ele>382.66</ele><time>2024-09-07T17:00:48Z</time></trkpt><trkpt lat="43.18645655" lon="-6.07928457"><ele>382.60</ele><time>2024-09-07T17:00:49Z</time></trkpt><trkpt lat="43.18649383" lon="-6.07924765"><ele>382.54</ele><time>2024-09-07T17:00:50Z</time></trkpt><trkpt lat="43.18653112" lon="-6.07921075"><ele>382.48</ele><time>2024-09-07T17:00:51Z</time></trkpt><trkpt lat="43.18656842" lon="-6.07917384"><ele>382.42</ele><time>2024-09-07T17:00:52Z</time></trkpt><trkpt lat="43.18660571" lon="-6.07913692"><ele>382.36</ele><time>2024-09-07T17:00:53Z</time></trkpt><trkpt lat="43.18664299" lon="-6.07910000"><ele>382.30</ele><time>2024-09-07T17:00:54Z</time></trkpt><trkpt lat="43.18667534" lon="-6.07907072"><ele>382.23</ele><time>2024-09-07T17:00:55Z</time></trkpt><trkpt lat="43.18670458" lon="-6.07904628"><ele>382.15</ele><time>2024-09-07T17:00:56Z</time></trkpt><trkpt lat="43.18673220" lon="-6.07902435"><ele>382.06</ele><time>2024-09-07T17:00:57Z</time></trkpt><trkpt lat="43.18675921" lon="-6.07900335"><ele>381.97</ele><time>2024-09-07T17:00:58Z</time></trkpt><trkpt lat="43.18678622" lon="-6.07898236"><ele>381.89</ele><time>2024-09-07T17:00:59Z</time></trkpt><trkpt lat="43.18681348" lon="-6.07896097"><ele>381.80</ele><time>2024-09-07T17:01:00Z</time></trkpt><trkpt lat="43.18684108" lon="-6.07893908"><ele>381.72</ele><time>2024-09-07T17:01:01Z</time></trkpt><trkpt lat="43.18686896" lon="-6.07891673"><ele>381.63</ele><time>2024-09-07T17:01:02Z</time></trkpt><trkpt lat="43.18689705" lon="-6.07889406"><ele>381.55</ele><time>2024-09-07T17:01:03Z</time></trkpt><trkpt lat="43.18692527" lon="-6.07887119"><ele>381.47</ele><time>2024-09-07T17:01:04Z</time></trkpt><trkpt lat="43.18695356" lon="-6.07884822"><ele>381.38</ele><time>2024-09-07T17:01:05Z</time></trkpt><trkpt lat="43.18698186" lon="-6.07882521"><ele>381.30</ele><time>2024-09-07T17:01:06Z</time></trkpt><trkpt lat="43.18701595" lon="-6.07880763"><ele>381.31</ele><time>2024-09-07T17:01:07Z</time></trkpt><trkpt lat="43.18705367" lon="-6.07879348"><ele>381.37</ele><time>2024-09-07T17:01:08Z</time></trkpt><trkpt lat="43.18709327" lon="-6.07878113"><ele>381.47</ele><time>2024-09-07T17:01:09Z</time></trkpt><trkpt lat="43.18713357" lon="-6.07876947"><ele>381.57</ele><time>2024-09-07T17:01:10Z</time></trkpt><trkpt lat="43.18717387" lon="-6.07875782"><ele>381.68</ele><time>2024-09-07T17:01:11Z</time></trkpt><trkpt lat="43.18721386" lon="-6.07874590"><ele>381.78</ele><time>2024-09-07T17:01:12Z</time></trkpt><trkpt lat="43.18725847" lon="-6.07874182"><ele>381.83</ele><time>2024-09-07T17:01:13Z</time></trkpt><trkpt lat="43.18730060" lon="-6.07874232"><ele>381.86</ele><time>2024-09-07T17:01:14Z</time></trkpt><trkpt lat="43.18734080" lon="-6.07874510"><ele>381.89</ele><time>2024-09-07T17:01:15Z</time></trkpt><trkpt lat="43.18737972" lon="-6.07874866"><ele>381.91</ele><time>2024-09-07T17:01:16Z</time></trkpt><trkpt lat="43.18741793" lon="-6.07875212"><ele>381.94</ele><time>2024-09-07T17:01:17Z</time></trkpt><trkpt lat="43.18745583" lon="-6.07875512"><ele>381.96</ele><time>2024-09-07T17:01:18Z</time></trkpt><trkpt lat="43.18749369" lon="-6.07875760"><ele>381.99</ele><time>2024-09-07T17:01:19Z</time></trkpt><trkpt lat="43.18753162" lon="-6.07875963"><ele>382.02</ele><time>2024-09-07T17:01:20Z</time></trkpt><trkpt lat="43.18756967" lon="-6.07876134"><ele>382.05</ele><time>2024-09-07T17:01:21Z</time></trkpt><trkpt lat="43.18760783" lon="-6.07876286"><ele>382.08</ele><time>2024-09-07T17:01:22Z</time></trkpt><trkpt lat="43.18764606" lon="-6.07876430"><ele>382.11</ele><time>2024-09-07T17:01:23Z</time></trkpt><trkpt lat="43.18768436" lon="-6.07876570"><ele>382.14</ele><time>2024-09-07T17:01:24Z</time></trkpt><trkpt lat="43.18772268" lon="-6.07876712"><ele>382.17</ele><time>2024-09-07T17:01:25Z</time></trkpt><trkpt lat="43.18776101" lon="-6.07876855"><ele>382.21</ele><time>2024-09-07T17:01:26Z</time></trkpt><trkpt lat="43.18779934" lon="-6.07877001"><ele>382.24</ele><time>2024-09-07T17:01:27Z</time></trkpt><trkpt lat="43.18783767" lon="-6.07877149"><ele>382.27</ele><time>2024-09-07T17:01:28Z</time></trkpt><trkpt lat="43.18787599" lon="-6.07877298"><ele>382.30</ele><time>2024-09-07T17:01:29Z</time></trkpt><trkpt lat="43.18791660" lon="-6.07877059"><ele>382.28</ele><time>2024-09-07T17:01:30Z</time></trkpt><trkpt lat="43.18795865" lon="-6.07876575"><ele>382.23</ele><time>2024-09-07T17:01:31Z</time></trkpt><trkpt lat="43.18800144" lon="-6.07875963"><ele>382.16</ele><time>2024-09-07T17:01:32Z</time></trkpt><trkpt lat="43.18804451" lon="-6.07875303"><ele>382.08</ele><time>2024-09-07T17:01:33Z</time></trkpt><trkpt lat="43.18808759" lon="-6.07874643"><ele>382.01</ele><time>2024-09-07T17:01:34Z</time></trkpt><trkpt lat="43.18813055" lon="-6.07874003"><ele>381.94</ele><time>2024-09-07T17:01:35Z</time></trkpt><trkpt lat="43.18817335" lon="-6.07873388"><ele>381.87</ele><time>2024-09-07T17:01:36Z</time></trkpt><trkpt lat="43.18821602" lon="-6.07872797"><ele>381.80</ele><time>2024-09-07T17:01:37Z</time></trkpt><trkpt lat="43.18826269" lon="-6.07871382"><ele>381.77</ele><time>2024-09-07T17:01:38Z</time></trkpt><trkpt lat="43.18831134" lon="-6.07869175"><ele>381.76</ele><time>2024-09-07T17:01:39Z</time></trkpt><trkpt lat="43.18835986" lon="-6.07866305"><ele>381.49</ele><time>2024-09-07T17:01:40Z</time></trkpt><trkpt lat="43.18840692" lon="-6.07862889"><ele>381.06</ele><time>2024-09-07T17:01:41Z</time></trkpt><trkpt lat="43.18844959" lon="-6.07858956"><ele>380.53</ele><time>2024-09-07T17:01:42Z</time></trkpt><trkpt lat="43.18848731" lon="-6.07854248"><ele>380.24</ele><time>2024-09-07T17:01:43Z</time></trkpt><trkpt lat="43.18851837" lon="-6.07848493"><ele>380.13</ele><time>2024-09-07T17:01:44Z</time></trkpt><trkpt lat="43.18854358" lon="-6.07842243"><ele>380.11</ele><time>2024-09-07T17:01:45Z</time></trkpt><trkpt lat="43.18856315" lon="-6.07835932"><ele>380.14</ele><time>2024-09-07T17:01:46Z</time></trkpt><trkpt lat="43.18858057" lon="-6.07829128"><ele>380.19</ele><time>2024-09-07T17:01:47Z</time></trkpt><trkpt lat="43.18859758" lon="-6.07822090"><ele>380.24</ele><time>2024-09-07T17:01:48Z</time></trkpt><trkpt lat="43.18861564" lon="-6.07814158"><ele>380.25</ele><time>2024-09-07T17:01:49Z</time></trkpt><trkpt lat="43.18863483" lon="-6.07805728"><ele>380.23</ele><time>2024-09-07T17:01:50Z</time></trkpt><trkpt lat="43.18865494" lon="-6.07797085"><ele>380.19</ele><time>2024-09-07T17:01:51Z</time></trkpt><trkpt lat="43.18867568" lon="-6.07788405"><ele>380.15</ele><time>2024-09-07T17:01:52Z</time></trkpt><trkpt lat="43.18869678" lon="-6.07779774"><ele>380.10</ele><time>2024-09-07T17:01:53Z</time></trkpt><trkpt lat="43.18871806" lon="-6.07771222"><ele>380.04</ele><time>2024-09-07T17:01:54Z</time></trkpt><trkpt lat="43.18873937" lon="-6.07762745"><ele>380.00</ele><time>2024-09-07T17:01:55Z</time></trkpt><trkpt lat="43.18876066" lon="-6.07754326"><ele>379.95</ele><time>2024-09-07T17:01:56Z</time></trkpt><trkpt lat="43.18878190" lon="-6.07745944"><ele>379.90</ele><time>2024-09-07T17:01:57Z</time></trkpt><trkpt lat="43.18881177" lon="-6.07738548"><ele>379.88</ele><time>2024-09-07T17:01:58Z</time></trkpt><trkpt lat="43.18884871" lon="-6.07732095"><ele>379.87</ele><time>2024-09-07T17:01:59Z</time></trkpt><trkpt lat="43.18889225" lon="-6.07726441"><ele>379.88</ele><time>2024-09-07T17:02:00Z</time></trkpt><trkpt lat="43.18893909" lon="-6.07721783"><ele>379.88</ele><time>2024-09-07T17:02:01Z</time></trkpt><trkpt lat="43.18898922" lon="-6.07718232"><ele>379.89</ele><time>2024-09-07T17:02:02Z</time></trkpt><trkpt lat="43.18904443" lon="-6.07715729"><ele>379.62</ele><time>2024-09-07T17:02:03Z</time></trkpt><trkpt lat="43.18910593" lon="-6.07713833"><ele>379.45</ele><time>2024-09-07T17:02:04Z</time></trkpt><trkpt lat="43.18916915" lon="-6.07712712"><ele>379.27</ele><time>2024-09-07T17:02:05Z</time></trkpt><trkpt lat="43.18923254" lon="-6.07711932"><ele>379.09</ele><time>2024-09-07T17:02:06Z</time></trkpt><trkpt lat="43.18929535" lon="-6.07711226"><ele>378.91</ele><time>2024-09-07T17:02:07Z</time></trkpt><trkpt lat="43.18936211" lon="-6.07712566"><ele>379.10</ele><time>2024-09-07T17:02:08Z</time></trkpt><trkpt lat="43.18942856" lon="-6.07714953"><ele>379.29</ele><time>2024-09-07T17:02:09Z</time></trkpt><trkpt lat="43.18949440" lon="-6.07717815"><ele>379.45</ele><time>2024-09-07T17:02:10Z</time></trkpt><trkpt lat="43.18955965" lon="-6.07720791"><ele>379.59</ele><time>2024-09-07T17:02:11Z</time></trkpt><trkpt lat="43.18962441" lon="-6.07723693"><ele>379.69</ele><time>2024-09-07T17:02:12Z</time></trkpt><trkpt lat="43.18968886" lon="-6.07726451"><ele>379.78</ele><time>2024-09-07T17:02:13Z</time></trkpt><trkpt lat="43.18975313" lon="-6.07729065"><ele>379.85</ele><time>2024-09-07T17:02:14Z</time></trkpt><trkpt lat="43.18981731" lon="-6.07731565"><ele>379.92</ele><time>2024-09-07T17:02:15Z</time></trkpt><trkpt lat="43.18988079" lon="-6.07732740"><ele>379.94</ele><time>2024-09-07T17:02:16Z</time></trkpt><trkpt lat="43.18994165" lon="-6.07732594"><ele>379.67</ele><time>2024-09-07T17:02:17Z</time></trkpt><trkpt lat="43.19000093" lon="-6.07731326"><ele>379.49</ele><time>2024-09-07T17:02:18Z</time></trkpt><trkpt lat="43.19005670" lon="-6.07729117"><ele>379.12</ele><time>2024-09-07T17:02:19Z</time></trkpt><trkpt lat="43.19010887" lon="-6.07726320"><ele>378.90</ele><time>2024-09-07T17:02:20Z</time></trkpt><trkpt lat="43.19015587" lon="-6.07722936"><ele>378.80</ele><time>2024-09-07T17:02:21Z</time></trkpt><trkpt lat="43.19019901" lon="-6.07718725"><ele>378.78</ele><time>2024-09-07T17:02:22Z</time></trkpt><trkpt lat="43.19024007" lon="-6.07714228"><ele>378.78</ele><time>2024-09-07T17:02:23Z</time></trkpt><trkpt lat="43.19028050" lon="-6.07709686"><ele>378.78</ele><time>2024-09-07T17:02:24Z</time></trkpt><trkpt lat="43.19032106" lon="-6.07705219"><ele>378.77</ele><time>2024-09-07T17:02:25Z</time></trkpt><trkpt lat="43.19036210" lon="-6.07700862"><ele>378.75</ele><time>2024-09-07T17:02:26Z</time></trkpt><trkpt lat="43.19040366" lon="-6.07696612"><ele>378.73</ele><time>2024-09-07T17:02:27Z</time></trkpt><trkpt lat="43.19044564" lon="-6.07692441"><ele>378.70</ele><time>2024-09-07T17:02:28Z</time></trkpt><trkpt lat="43.19048792" lon="-6.07688321"><ele>378.67</ele><time>2024-09-07T17:02:29Z</time></trkpt><trkpt lat="43.19053038" lon="-6.07684229"><ele>378.64</ele><time>2024-09-07T17:02:30Z</time></trkpt><trkpt lat="43.19057292" lon="-6.07680148"><ele>378.60</ele><time>2024-09-07T17:02:31Z</time></trkpt><trkpt lat="43.19061548" lon="-6.07676067"><ele>378.57</ele><time>2024-09-07T17:02:32Z</time></trkpt><trkpt lat="43.19065802" lon="-6.07671983"><ele>378.53</ele><time>2024-09-07T17:02:33Z</time></trkpt><trkpt lat="43.19070055" lon="-6.07667894"><ele>378.50</ele><time>2024-09-07T17:02:34Z</time></trkpt><trkpt lat="43.19074306" lon="-6.07663800"><ele>378.47</ele><time>2024-09-07T17:02:35Z</time></trkpt><trkpt lat="43.19078554" lon="-6.07659703"><ele>378.43</ele><time>2024-09-07T17:02:36Z</time></trkpt><trkpt lat="43.19082802" lon="-6.07655604"><ele>378.40</ele><time>2024-09-07T17:02:37Z</time></trkpt><trkpt lat="43.19086681" lon="-6.07651749"><ele>378.06</ele><time>2024-09-07T17:02:38Z</time></trkpt><trkpt lat="43.19090329" lon="-6.07648049"><ele>377.52</ele><time>2024-09-07T17:02:39Z</time></trkpt><trkpt lat="43.19093857" lon="-6.07644430"><ele>376.88</ele><time>2024-09-07T17:02:40Z</time></trkpt><trkpt lat="43.19097339" lon="-6.07640841"><ele>376.20</ele><time>2024-09-07T17:02:41Z</time></trkpt><trkpt lat="43.19100507" lon="-6.07637061"><ele>375.58</ele><time>2024-09-07T17:02:42Z</time></trkpt><trkpt lat="43.19103333" lon="-6.07632875"><ele>375.01</ele><time>2024-09-07T17:02:43Z</time></trkpt><trkpt lat="43.19105813" lon="-6.07628219"><ele>374.53</ele><time>2024-09-07T17:02:44Z</time></trkpt><trkpt lat="43.19108009" lon="-6.07623243"><ele>374.05</ele><time>2024-09-07T17:02:45Z</time></trkpt><trkpt lat="43.19109823" lon="-6.07617662"><ele>373.75</ele><time>2024-09-07T17:02:46Z</time></trkpt><trkpt lat="43.19111446" lon="-6.07611752"><ele>373.57</ele><time>2024-09-07T17:02:47Z</time></trkpt><trkpt lat="43.19113006" lon="-6.07605710"><ele>373.43</ele><time>2024-09-07T17:02:48Z</time></trkpt><trkpt lat="43.19114210" lon="-6.07599360"><ele>373.32</ele><time>2024-09-07T17:02:49Z</time></trkpt><trkpt lat="43.19115223" lon="-6.07592868"><ele>373.20</ele><time>2024-09-07T17:02:50Z</time></trkpt><trkpt lat="43.19116161" lon="-6.07586337"><ele>373.07</ele><time>2024-09-07T17:02:51Z</time></trkpt><trkpt lat="43.19117002" lon="-6.07579533"><ele>372.74</ele><time>2024-09-07T17:02:52Z</time></trkpt><trkpt lat="43.19117799" lon="-6.07573005"><ele>372.52</ele><time>2024-09-07T17:02:53Z</time></trkpt><trkpt lat="43.19118595" lon="-6.07566687"><ele>372.36</ele><time>2024-09-07T17:02:54Z</time></trkpt><trkpt lat="43.19119408" lon="-6.07560504"><ele>372.26</ele><time>2024-09-07T17:02:55Z</time></trkpt><trkpt lat="43.19120243" lon="-6.07554394"><ele>372.17</ele><time>2024-09-07T17:02:56Z</time></trkpt><trkpt lat="43.19121098" lon="-6.07548313"><ele>372.10</ele><time>2024-09-07T17:02:57Z</time></trkpt><trkpt lat="43.19121967" lon="-6.07542234"><ele>372.03</ele><time>2024-09-07T17:02:58Z</time></trkpt><trkpt lat="43.19122845" lon="-6.07536146"><ele>371.95</ele><time>2024-09-07T17:02:59Z</time></trkpt><trkpt lat="43.19123727" lon="-6.07530044"><ele>371.87</ele><time>2024-09-07T17:03:00Z</time></trkpt><trkpt lat="43.19124611" lon="-6.07523930"><ele>371.79</ele><time>2024-09-07T17:03:01Z</time></trkpt><trkpt lat="43.19125494" lon="-6.07517808"><ele>371.70</ele><time>2024-09-07T17:03:02Z</time></trkpt><trkpt lat="43.19126898" lon="-6.07511441"><ele>371.57</ele><time>2024-09-07T17:03:03Z</time></trkpt><trkpt lat="43.19128629" lon="-6.07504921"><ele>371.41</ele><time>2024-09-07T17:03:04Z</time></trkpt><trkpt lat="43.19130531" lon="-6.07498321"><ele>371.24</ele><time>2024-09-07T17:03:05Z</time></trkpt><trkpt lat="43.19133350" lon="-6.07492196"><ele>371.04</ele><time>2024-09-07T17:03:06Z</time></trkpt><trkpt lat="43.19136711" lon="-6.07486389"><ele>370.82</ele><time>2024-09-07T17:03:07Z</time></trkpt><trkpt lat="43.19140325" lon="-6.07480760"><ele>370.60</ele><time>2024-09-07T17:03:08Z</time></trkpt><trkpt lat="43.19144008" lon="-6.07475210"><ele>370.37</ele><time>2024-09-07T17:03:09Z</time></trkpt><trkpt lat="43.19147663" lon="-6.07469675"><ele>370.15</ele><time>2024-09-07T17:03:10Z</time></trkpt><trkpt lat="43.19151250" lon="-6.07464123"><ele>369.94</ele><time>2024-09-07T17:03:11Z</time></trkpt><trkpt lat="43.19154767" lon="-6.07458544"><ele>369.72</ele><time>2024-09-07T17:03:12Z</time></trkpt><trkpt lat="43.19158227" lon="-6.07452939"><ele>369.51</ele><time>2024-09-07T17:03:13Z</time></trkpt><trkpt lat="43.19161649" lon="-6.07447314"><ele>369.30</ele><time>2024-09-07T17:03:14Z</time></trkpt><trkpt lat="43.19165867" lon="-6.07443119"><ele>368.93</ele><time>2024-09-07T17:03:15Z</time></trkpt><trkpt lat="43.19170866" lon="-6.07440102"><ele>368.73</ele><time>2024-09-07T17:03:16Z</time></trkpt><trkpt lat="43.19176413" lon="-6.07437838"><ele>368.39</ele><time>2024-09-07T17:03:17Z</time></trkpt><trkpt lat="43.19182276" lon="-6.07436236"><ele>368.21</ele><time>2024-09-07T17:03:18Z</time></trkpt><trkpt lat="43.19188355" lon="-6.07435406"><ele>367.88</ele><time>2024-09-07T17:03:19Z</time></trkpt><trkpt lat="43.19194550" lon="-6.07435477"><ele>367.71</ele><time>2024-09-07T17:03:20Z</time></trkpt><trkpt lat="43.19200701" lon="-6.07436642"><ele>367.65</ele><time>2024-09-07T17:03:21Z</time></trkpt><trkpt lat="43.19206597" lon="-6.07438868"><ele>367.72</ele><time>2024-09-07T17:03:22Z</time></trkpt><trkpt lat="43.19212306" lon="-6.07441601"><ele>367.85</ele><time>2024-09-07T17:03:23Z</time></trkpt><trkpt lat="43.19217901" lon="-6.07444481"><ele>368.01</ele><time>2024-09-07T17:03:24Z</time></trkpt><trkpt lat="43.19223437" lon="-6.07447314"><ele>368.17</ele><time>2024-09-07T17:03:25Z</time></trkpt><trkpt lat="43.19228954" lon="-6.07450022"><ele>368.32</ele><time>2024-09-07T17:03:26Z</time></trkpt><trkpt lat="43.19234472" lon="-6.07452595"><ele>368.45</ele><time>2024-09-07T17:03:27Z</time></trkpt><trkpt lat="43.19240002" lon="-6.07455059"><ele>368.58</ele><time>2024-09-07T17:03:28Z</time></trkpt><trkpt lat="43.19245544" lon="-6.07457447"><ele>368.70</ele><time>2024-09-07T17:03:29Z</time></trkpt><trkpt lat="43.19251097" lon="-6.07459792"><ele>368.81</ele><time>2024-09-07T17:03:30Z</time></trkpt><trkpt lat="43.19256513" lon="-6.07461328"><ele>368.86</ele><time>2024-09-07T17:03:31Z</time></trkpt><trkpt lat="43.19261896" lon="-6.07461979"><ele>368.87</ele><time>2024-09-07T17:03:32Z</time></trkpt><trkpt lat="43.19267268" lon="-6.07462133"><ele>368.86</ele><time>2024-09-07T17:03:33Z</time></trkpt><trkpt lat="43.19272641" lon="-6.07462070"><ele>368.84</ele><time>2024-09-07T17:03:34Z</time></trkpt><trkpt lat="43.19277856" lon="-6.07461092"><ele>368.82</ele><time>2024-09-07T17:03:35Z</time></trkpt><trkpt lat="43.19282975" lon="-6.07459171"><ele>368.81</ele><time>2024-09-07T17:03:36Z</time></trkpt><trkpt lat="43.19288046" lon="-6.07456435"><ele>368.80</ele><time>2024-09-07T17:03:37Z</time></trkpt><trkpt lat="43.19293157" lon="-6.07453207"><ele>368.80</ele><time>2024-09-07T17:03:38Z</time></trkpt><trkpt lat="43.19297883" lon="-6.07449634"><ele>368.72</ele><time>2024-09-07T17:03:39Z</time></trkpt><trkpt lat="43.19302373" lon="-6.07445961"><ele>368.60</ele><time>2024-09-07T17:03:40Z</time></trkpt><trkpt lat="43.19306742" lon="-6.07442320"><ele>368.45</ele><time>2024-09-07T17:03:41Z</time></trkpt><trkpt lat="43.19311069" lon="-6.07438764"><ele>368.29</ele><time>2024-09-07T17:03:42Z</time></trkpt><trkpt lat="43.19315400" lon="-6.07435299"><ele>368.13</ele><time>2024-09-07T17:03:43Z</time></trkpt><trkpt lat="43.19319752" lon="-6.07431908"><ele>367.97</ele><time>2024-09-07T17:03:44Z</time></trkpt><trkpt lat="43.19324132" lon="-6.07428568"><ele>367.82</ele><time>2024-09-07T17:03:45Z</time></trkpt><trkpt lat="43.19328534" lon="-6.07425258"><ele>367.68</ele><time>2024-09-07T17:03:46Z</time></trkpt><trkpt lat="43.19332953" lon="-6.07421961"><ele>367.54</ele><time>2024-09-07T17:03:47Z</time></trkpt><trkpt lat="43.19337382" lon="-6.07418667"><ele>367.40</ele><time>2024-09-07T17:03:48Z</time></trkpt><trkpt lat="43.19341653" lon="-6.07415213"><ele>367.15</ele><time>2024-09-07T17:03:49Z</time></trkpt><trkpt lat="43.19345823" lon="-6.07411655"><ele>366.84</ele><time>2024-09-07T17:03:50Z</time></trkpt><trkpt lat="43.19349940" lon="-6.07408041"><ele>366.49</ele><time>2024-09-07T17:03:51Z</time></trkpt><trkpt lat="43.19353806" lon="-6.07403640"><ele>366.15</ele><time>2024-09-07T17:03:52Z</time></trkpt><trkpt lat="43.19357526" lon="-6.07398754"><ele>365.82</ele><time>2024-09-07T17:03:53Z</time></trkpt><trkpt lat="43.19361178" lon="-6.07393624"><ele>365.50</ele><time>2024-09-07T17:03:54Z</time></trkpt><trkpt lat="43.19364811" lon="-6.07388411"><ele>365.20</ele><time>2024-09-07T17:03:55Z</time></trkpt><trkpt lat="43.19368454" lon="-6.07383205"><ele>364.89</ele><time>2024-09-07T17:03:56Z</time></trkpt><trkpt lat="43.19372115" lon="-6.07378047"><ele>364.59</ele><time>2024-09-07T17:03:57Z</time></trkpt><trkpt lat="43.19375796" lon="-6.07372944"><ele>364.29</ele><time>2024-09-07T17:03:58Z</time></trkpt><trkpt lat="43.19379492" lon="-6.07367888"><ele>364.00</ele><time>2024-09-07T17:03:59Z</time></trkpt><trkpt lat="43.19382154" lon="-6.07362810"><ele>363.86</ele><time>2024-09-07T17:04:00Z</time></trkpt><trkpt lat="43.19383453" lon="-6.07358701"><ele>363.56</ele><time>2024-09-07T17:04:01Z</time></trkpt><trkpt lat="43.19384158" lon="-6.07354867"><ele>363.41</ele><time>2024-09-07T17:04:02Z</time></trkpt><trkpt lat="43.19384624" lon="-6.07351139"><ele>363.36</ele><time>2024-09-07T17:04:03Z</time></trkpt><trkpt lat="43.19385065" lon="-6.07347419"><ele>363.37</ele><time>2024-09-07T17:04:04Z</time></trkpt><trkpt lat="43.19385582" lon="-6.07343660"><ele>363.40</ele><time>2024-09-07T17:04:05Z</time></trkpt><trkpt lat="43.19386206" lon="-6.07339850"><ele>363.43</ele><time>2024-09-07T17:04:06Z</time></trkpt><trkpt lat="43.19386928" lon="-6.07335993"><ele>363.47</ele><time>2024-09-07T17:04:07Z</time></trkpt><trkpt lat="43.19387722" lon="-6.07332103"><ele>363.49</ele><time>2024-09-07T17:04:08Z</time></trkpt><trkpt lat="43.19388562" lon="-6.07328191"><ele>363.50</ele><time>2024-09-07T17:04:09Z</time></trkpt><trkpt lat="43.19389426" lon="-6.07324267"><ele>363.50</ele><time>2024-09-07T17:04:10Z</time></trkpt><trkpt lat="43.19390298" lon="-6.07320340"><ele>363.51</ele><time>2024-09-07T17:04:11Z</time></trkpt><trkpt lat="43.19391171" lon="-6.07316413"><ele>363.51</ele><time>2024-09-07T17:04:12Z</time></trkpt><trkpt lat="43.19392084" lon="-6.07311109"><ele>363.48</ele><time>2024-09-07T17:04:13Z</time></trkpt><trkpt lat="43.19393021" lon="-6.07304938"><ele>363.45</ele><time>2024-09-07T17:04:14Z</time></trkpt><trkpt lat="43.19393968" lon="-6.07298315"><ele>363.41</ele><time>2024-09-07T17:04:15Z</time></trkpt><trkpt lat="43.19394917" lon="-6.07291525"><ele>363.37</ele><time>2024-09-07T17:04:16Z</time></trkpt><trkpt lat="43.19395864" lon="-6.07284734"><ele>363.33</ele><time>2024-09-07T17:04:17Z</time></trkpt><trkpt lat="43.19396808" lon="-6.07278016"><ele>363.29</ele><time>2024-09-07T17:04:18Z</time></trkpt><trkpt lat="43.19397749" lon="-6.07271391"><ele>363.25</ele><time>2024-09-07T17:04:19Z</time></trkpt><trkpt lat="43.19398687" lon="-6.07264845"><ele>363.21</ele><time>2024-09-07T17:04:20Z</time></trkpt><trkpt lat="43.19399624" lon="-6.07258359"><ele>363.18</ele><time>2024-09-07T17:04:21Z</time></trkpt><trkpt lat="43.19400559" lon="-6.07251908"><ele>363.14</ele><time>2024-09-07T17:04:22Z</time></trkpt><trkpt lat="43.19401495" lon="-6.07245475"><ele>363.11</ele><time>2024-09-07T17:04:23Z</time></trkpt><trkpt lat="43.19402430" lon="-6.07239048"><ele>363.07</ele><time>2024-09-07T17:04:24Z</time></trkpt><trkpt lat="43.19403365" lon="-6.07232620"><ele>363.04</ele><time>2024-09-07T17:04:25Z</time></trkpt><trkpt lat="43.19404300" lon="-6.07226189"><ele>363.00</ele><time>2024-09-07T17:04:26Z</time></trkpt><trkpt lat="43.19404697" lon="-6.07219076"><ele>362.98</ele><time>2024-09-07T17:04:27Z</time></trkpt><trkpt lat="43.19404755" lon="-6.07211533"><ele>362.98</ele><time>2024-09-07T17:04:28Z</time></trkpt><trkpt lat="43.19404636" lon="-6.07203764"><ele>362.98</ele><time>2024-09-07T17:04:29Z</time></trkpt><trkpt lat="43.19404451" lon="-6.07195911"><ele>362.99</ele><time>2024-09-07T17:04:30Z</time></trkpt><trkpt lat="43.19404265" lon="-6.07188056"><ele>362.99</ele><time>2024-09-07T17:04:31Z</time></trkpt><trkpt lat="43.19404107" lon="-6.07180237"><ele>363.00</ele><time>2024-09-07T17:04:32Z</time></trkpt><trkpt lat="43.19403986" lon="-6.07172463"><ele>363.00</ele><time>2024-09-07T17:04:33Z</time></trkpt><trkpt lat="43.19403896" lon="-6.07164728"><ele>363.00</ele><time>2024-09-07T17:04:34Z</time></trkpt><trkpt lat="43.19403828" lon="-6.07157023"><ele>363.00</ele><time>2024-09-07T17:04:35Z</time></trkpt><trkpt lat="43.19403775" lon="-6.07149335"><ele>363.00</ele><time>2024-09-07T17:04:36Z</time></trkpt><trkpt lat="43.19403729" lon="-6.07141657"><ele>363.00</ele><time>2024-09-07T17:04:37Z</time></trkpt><trkpt lat="43.19403685" lon="-6.07133981"><ele>363.00</ele><time>2024-09-07T17:04:38Z</time></trkpt><trkpt lat="43.19404679" lon="-6.07126706"><ele>363.00</ele><time>2024-09-07T17:04:39Z</time></trkpt><trkpt lat="43.19406326" lon="-6.07119682"><ele>363.00</ele><time>2024-09-07T17:04:40Z</time></trkpt><trkpt lat="43.19408722" lon="-6.07113124"><ele>362.91</ele><time>2024-09-07T17:04:41Z</time></trkpt><trkpt lat="43.19411502" lon="-6.07106826"><ele>362.76</ele><time>2024-09-07T17:04:42Z</time></trkpt><trkpt lat="43.19414418" lon="-6.07100638"><ele>362.58</ele><time>2024-09-07T17:04:43Z</time></trkpt><trkpt lat="43.19417855" lon="-6.07094979"><ele>362.41</ele><time>2024-09-07T17:04:44Z</time></trkpt><trkpt lat="43.19421558" lon="-6.07089615"><ele>362.25</ele><time>2024-09-07T17:04:45Z</time></trkpt><trkpt lat="43.19425351" lon="-6.07084377"><ele>362.10</ele><time>2024-09-07T17:04:46Z</time></trkpt><trkpt lat="43.19429975" lon="-6.07079544"><ele>362.03</ele><time>2024-09-07T17:04:47Z</time></trkpt><trkpt lat="43.19435335" lon="-6.07074729"><ele>361.92</ele><time>2024-09-07T17:04:48Z</time></trkpt><trkpt lat="43.19441074" lon="-6.07069870"><ele>361.78</ele><time>2024-09-07T17:04:49Z</time></trkpt><trkpt lat="43.19446949" lon="-6.07064948"><ele>361.62</ele><time>2024-09-07T17:04:50Z</time></trkpt><trkpt lat="43.19452821" lon="-6.07059970"><ele>361.44</ele><time>2024-09-07T17:04:51Z</time></trkpt><trkpt lat="43.19458628" lon="-6.07054949"><ele>361.26</ele><time>2024-09-07T17:04:52Z</time></trkpt><trkpt lat="43.19464355" lon="-6.07049901"><ele>361.08</ele><time>2024-09-07T17:04:53Z</time></trkpt><trkpt lat="43.19470013" lon="-6.07044838"><ele>360.91</ele><time>2024-09-07T17:04:54Z</time></trkpt><trkpt lat="43.19475621" lon="-6.07039771"><ele>360.73</ele><time>2024-09-07T17:04:55Z</time></trkpt><trkpt lat="43.19481198" lon="-6.07034703"><ele>360.56</ele><time>2024-09-07T17:04:56Z</time></trkpt><trkpt lat="43.19486761" lon="-6.07029637"><ele>360.38</ele><time>2024-09-07T17:04:57Z</time></trkpt><trkpt lat="43.19492318" lon="-6.07024574"><ele>360.21</ele><time>2024-09-07T17:04:58Z</time></trkpt><trkpt lat="43.19497876" lon="-6.07019514"><ele>360.04</ele><time>2024-09-07T17:04:59Z</time></trkpt><trkpt lat="43.19503438" lon="-6.07014455"><ele>359.87</ele><time>2024-09-07T17:05:00Z</time></trkpt><trkpt lat="43.19509003" lon="-6.07009398"><ele>359.70</ele><time>2024-09-07T17:05:01Z</time></trkpt><trkpt lat="43.19514613" lon="-6.07004700"><ele>359.62</ele><time>2024-09-07T17:05:02Z</time></trkpt><trkpt lat="43.19520253" lon="-6.07000229"><ele>359.60</ele><time>2024-09-07T17:05:03Z</time></trkpt><trkpt lat="43.19525406" lon="-6.06997210"><ele>359.58</ele><time>2024-09-07T17:05:04Z</time></trkpt><trkpt lat="43.19530246" lon="-6.06995076"><ele>359.54</ele><time>2024-09-07T17:05:05Z</time></trkpt><trkpt lat="43.19534921" lon="-6.06993382"><ele>359.48</ele><time>2024-09-07T17:05:06Z</time></trkpt><trkpt lat="43.19539533" lon="-6.06991831"><ele>359.42</ele><time>2024-09-07T17:05:07Z</time></trkpt><trkpt lat="43.19544140" lon="-6.06990258"><ele>359.35</ele><time>2024-09-07T17:05:08Z</time></trkpt><trkpt lat="43.19548772" lon="-6.06988594"><ele>359.28</ele><time>2024-09-07T17:05:09Z</time></trkpt><trkpt lat="43.19553435" lon="-6.06986826"><ele>359.21</ele><time>2024-09-07T17:05:10Z</time></trkpt><trkpt lat="43.19556006" lon="-6.06983790"><ele>359.12</ele><time>2024-09-07T17:05:11Z</time></trkpt><trkpt lat="43.19557259" lon="-6.06979948"><ele>359.03</ele><time>2024-09-07T17:05:12Z</time></trkpt><trkpt lat="43.19557828" lon="-6.06975682"><ele>358.94</ele><time>2024-09-07T17:05:13Z</time></trkpt><trkpt lat="43.19558145" lon="-6.06971254"><ele>358.84</ele><time>2024-09-07T17:05:14Z</time></trkpt><trkpt lat="43.19558460" lon="-6.06966820"><ele>358.75</ele><time>2024-09-07T17:05:15Z</time></trkpt><trkpt lat="43.19558887" lon="-6.06962449"><ele>358.66</ele><time>2024-09-07T17:05:16Z</time></trkpt><trkpt lat="43.19559455" lon="-6.06958161"><ele>358.56</ele><time>2024-09-07T17:05:17Z</time></trkpt><trkpt lat="43.19560145" lon="-6.06953947"><ele>358.47</ele><time>2024-09-07T17:05:18Z</time></trkpt><trkpt lat="43.19560924" lon="-6.06949787"><ele>358.38</ele><time>2024-09-07T17:05:19Z</time></trkpt><trkpt lat="43.19561757" lon="-6.06945660"><ele>358.29</ele><time>2024-09-07T17:05:20Z</time></trkpt><trkpt lat="43.19562618" lon="-6.06941551"><ele>358.20</ele><time>2024-09-07T17:05:21Z</time></trkpt><trkpt lat="43.19563718" lon="-6.06938495"><ele>358.19</ele><time>2024-09-07T17:05:22Z</time></trkpt><trkpt lat="43.19564962" lon="-6.06936099"><ele>358.23</ele><time>2024-09-07T17:05:23Z</time></trkpt><trkpt lat="43.19566276" lon="-6.06934045"><ele>358.29</ele><time>2024-09-07T17:05:24Z</time></trkpt><trkpt lat="43.19567612" lon="-6.06932114"><ele>358.37</ele><time>2024-09-07T17:05:25Z</time></trkpt><trkpt lat="43.19568943" lon="-6.06930183"><ele>358.45</ele><time>2024-09-07T17:05:26Z</time></trkpt><trkpt lat="43.19570258" lon="-6.06928193"><ele>358.52</ele><time>2024-09-07T17:05:27Z</time></trkpt><trkpt lat="43.19571556" lon="-6.06926133"><ele>358.58</ele><time>2024-09-07T17:05:28Z</time></trkpt><trkpt lat="43.19572839" lon="-6.06924011"><ele>358.65</ele><time>2024-09-07T17:05:29Z</time></trkpt><trkpt lat="43.19574112" lon="-6.06921844"><ele>358.70</ele><time>2024-09-07T17:05:30Z</time></trkpt><trkpt lat="43.19574764" lon="-6.06920848"><ele>358.92</ele><time>2024-09-07T17:05:31Z</time></trkpt><trkpt lat="43.19575026" lon="-6.06920594"><ele>359.22</ele><time>2024-09-07T17:05:32Z</time></trkpt><trkpt lat="43.19575085" lon="-6.06920730"><ele>359.59</ele><time>2024-09-07T17:05:33Z</time></trkpt><trkpt lat="43.19575069" lon="-6.06921013"><ele>359.96</ele><time>2024-09-07T17:05:34Z</time></trkpt><trkpt lat="43.19575053" lon="-6.06921301"><ele>360.34</ele><time>2024-09-07T17:05:35Z</time></trkpt><trkpt lat="43.19575070" lon="-6.06921528"><ele>360.72</ele><time>2024-09-07T17:05:36Z</time></trkpt><trkpt lat="43.19575129" lon="-6.06921679"><ele>361.08</ele><time>2024-09-07T17:05:37Z</time></trkpt><trkpt lat="43.19575224" lon="-6.06921761"><ele>361.43</ele><time>2024-09-07T17:05:38Z</time></trkpt><trkpt lat="43.19575345" lon="-6.06921793"><ele>361.78</ele><time>2024-09-07T17:05:39Z</time></trkpt><trkpt lat="43.19575483" lon="-6.06921795"><ele>362.12</ele><time>2024-09-07T17:05:40Z</time></trkpt><trkpt lat="43.19575629" lon="-6.06921781"><ele>362.46</ele><time>2024-09-07T17:05:41Z</time></trkpt><trkpt lat="43.19575777" lon="-6.06921762"><ele>362.80</ele><time>2024-09-07T17:05:42Z</time></trkpt><trkpt lat="43.19575925" lon="-6.06921743"><ele>363.14</ele><time>2024-09-07T17:05:43Z</time></trkpt><trkpt lat="43.19576072" lon="-6.06921727"><ele>363.48</ele><time>2024-09-07T17:05:44Z</time></trkpt><trkpt lat="43.19576216" lon="-6.06921715"><ele>363.82</ele><time>2024-09-07T17:05:45Z</time></trkpt><trkpt lat="43.19576359" lon="-6.06921705"><ele>364.16</ele><time>2024-09-07T17:05:46Z</time></trkpt><trkpt lat="43.19576501" lon="-6.06921698"><ele>364.50</ele><time>2024-09-07T17:05:47Z</time></trkpt><trkpt lat="43.19577985" lon="-6.06920603"><ele>364.93</ele><time>2024-09-07T17:05:48Z</time></trkpt><trkpt lat="43.19580371" lon="-6.06918329"><ele>365.36</ele><time>2024-09-07T17:05:49Z</time></trkpt><trkpt lat="43.19583015" lon="-6.06914951"><ele>365.56</ele><time>2024-09-07T17:05:50Z</time></trkpt><trkpt lat="43.19585756" lon="-6.06910566"><ele>365.62</ele><time>2024-09-07T17:05:51Z</time></trkpt><trkpt lat="43.19587887" lon="-6.06905183"><ele>365.77</ele><time>2024-09-07T17:05:52Z</time></trkpt><trkpt lat="43.19589571" lon="-6.06899335"><ele>366.01</ele><time>2024-09-07T17:05:53Z</time></trkpt><trkpt lat="43.19590977" lon="-6.06893361"><ele>366.30</ele><time>2024-09-07T17:05:54Z</time></trkpt><trkpt lat="43.19592242" lon="-6.06887444"><ele>366.62</ele><time>2024-09-07T17:05:55Z</time></trkpt><trkpt lat="43.19593457" lon="-6.06881652"><ele>366.96</ele><time>2024-09-07T17:05:56Z</time></trkpt><trkpt lat="43.19594675" lon="-6.06875992"><ele>367.30</ele><time>2024-09-07T17:05:57Z</time></trkpt><trkpt lat="43.19595919" lon="-6.06870437"><ele>367.64</ele><time>2024-09-07T17:05:58Z</time></trkpt><trkpt lat="43.19597193" lon="-6.06864953"><ele>367.97</ele><time>2024-09-07T17:05:59Z</time></trkpt><trkpt lat="43.19598494" lon="-6.06859511"><ele>368.30</ele><time>2024-09-07T17:06:00Z</time></trkpt><trkpt lat="43.19599413" lon="-6.06852526"><ele>368.45</ele><time>2024-09-07T17:06:01Z</time></trkpt><trkpt lat="43.19599928" lon="-6.06844139"><ele>368.55</ele><time>2024-09-07T17:06:02Z</time></trkpt><trkpt lat="43.19600213" lon="-6.06834968"><ele>368.64</ele><time>2024-09-07T17:06:03Z</time></trkpt><trkpt lat="43.19600396" lon="-6.06825462"><ele>368.73</ele><time>2024-09-07T17:06:04Z</time></trkpt><trkpt lat="43.19600559" lon="-6.06815896"><ele>368.83</ele><time>2024-09-07T17:06:05Z</time></trkpt><trkpt lat="43.19601070" lon="-6.06806940"><ele>368.87</ele><time>2024-09-07T17:06:06Z</time></trkpt><trkpt lat="43.19601657" lon="-6.06798880"><ele>368.87</ele><time>2024-09-07T17:06:07Z</time></trkpt><trkpt lat="43.19602281" lon="-6.06791388"><ele>368.86</ele><time>2024-09-07T17:06:08Z</time></trkpt><trkpt lat="43.19602918" lon="-6.06784196"><ele>368.84</ele><time>2024-09-07T17:06:09Z</time></trkpt><trkpt lat="43.19603671" lon="-6.06778501"><ele>368.84</ele><time>2024-09-07T17:06:10Z</time></trkpt><trkpt lat="43.19604490" lon="-6.06773683"><ele>368.85</ele><time>2024-09-07T17:06:11Z</time></trkpt><trkpt lat="43.19605340" lon="-6.06769275"><ele>368.88</ele><time>2024-09-07T17:06:12Z</time></trkpt><trkpt lat="43.19606196" lon="-6.06764977"><ele>368.91</ele><time>2024-09-07T17:06:13Z</time></trkpt><trkpt lat="43.19607047" lon="-6.06760630"><ele>368.94</ele><time>2024-09-07T17:06:14Z</time></trkpt><trkpt lat="43.19607889" lon="-6.06756171"><ele>368.97</ele><time>2024-09-07T17:06:15Z</time></trkpt><trkpt lat="43.19608721" lon="-6.06751596"><ele>369.00</ele><time>2024-09-07T17:06:16Z</time></trkpt><trkpt lat="43.19609546" lon="-6.06746929"><ele>369.03</ele><time>2024-09-07T17:06:17Z</time></trkpt><trkpt lat="43.19610366" lon="-6.06742198"><ele>369.06</ele><time>2024-09-07T17:06:18Z</time></trkpt><trkpt lat="43.19611183" lon="-6.06737432"><ele>369.09</ele><time>2024-09-07T17:06:19Z</time></trkpt><trkpt lat="43.19611999" lon="-6.06732650"><ele>369.12</ele><time>2024-09-07T17:06:20Z</time></trkpt><trkpt lat="43.19612815" lon="-6.06727864"><ele>369.15</ele><time>2024-09-07T17:06:21Z</time></trkpt><trkpt lat="43.19613631" lon="-6.06723081"><ele>369.18</ele><time>2024-09-07T17:06:22Z</time></trkpt><trkpt lat="43.19614448" lon="-6.06718303"><ele>369.21</ele><time>2024-09-07T17:06:23Z</time></trkpt><trkpt lat="43.19615265" lon="-6.06713531"><ele>369.24</ele><time>2024-09-07T17:06:24Z</time></trkpt><trkpt lat="43.19616082" lon="-6.06708762"><ele>369.27</ele><time>2024-09-07T17:06:25Z</time></trkpt><trkpt lat="43.19616900" lon="-6.06703996"><ele>369.30</ele><time>2024-09-07T17:06:26Z</time></trkpt><trkpt lat="43.19617653" lon="-6.06701534"><ele>369.31</ele><time>2024-09-07T17:06:27Z</time></trkpt><trkpt lat="43.19618366" lon="-6.06700524"><ele>369.32</ele><time>2024-09-07T17:06:28Z</time></trkpt><trkpt lat="43.19624069" lon="-6.06703344"><ele>369.38</ele><time>2024-09-07T17:06:29Z</time></trkpt><trkpt lat="43.19632926" lon="-6.06708382"><ele>369.49</ele><time>2024-09-07T17:06:30Z</time></trkpt><trkpt lat="43.19643430" lon="-6.06714435"><ele>369.62</ele><time>2024-09-07T17:06:31Z</time></trkpt><trkpt lat="43.19654548" lon="-6.06720740"><ele>369.76</ele><time>2024-09-07T17:06:32Z</time></trkpt><trkpt lat="43.19664216" lon="-6.06726347"><ele>369.84</ele><time>2024-09-07T17:06:33Z</time></trkpt><trkpt lat="43.19672698" lon="-6.06731310"><ele>369.89</ele><time>2024-09-07T17:06:34Z</time></trkpt><trkpt lat="43.19680367" lon="-6.06735791"><ele>369.92</ele><time>2024-09-07T17:06:35Z</time></trkpt><trkpt lat="43.19687567" lon="-6.06739965"><ele>369.94</ele><time>2024-09-07T17:06:36Z</time></trkpt><trkpt lat="43.19694552" lon="-6.06743977"><ele>369.95</ele><time>2024-09-07T17:06:37Z</time></trkpt><trkpt lat="43.19701484" lon="-6.06747927"><ele>369.96</ele><time>2024-09-07T17:06:38Z</time></trkpt><trkpt lat="43.19708448" lon="-6.06751876"><ele>369.98</ele><time>2024-09-07T17:06:39Z</time></trkpt><trkpt lat="43.19715475" lon="-6.06755848"><ele>370.00</ele><time>2024-09-07T17:06:40Z</time></trkpt><trkpt lat="43.19722567" lon="-6.06759852"><ele>370.02</ele><time>2024-09-07T17:06:41Z</time></trkpt><trkpt lat="43.19729709" lon="-6.06763885"><ele>370.05</ele><time>2024-09-07T17:06:42Z</time></trkpt><trkpt lat="43.19736886" lon="-6.06767938"><ele>370.07</ele><time>2024-09-07T17:06:43Z</time></trkpt><trkpt lat="43.19744081" lon="-6.06772003"><ele>370.10</ele><time>2024-09-07T17:06:44Z</time></trkpt><trkpt lat="43.19751285" lon="-6.06776075"><ele>370.12</ele><time>2024-09-07T17:06:45Z</time></trkpt><trkpt lat="43.19758491" lon="-6.06780149"><ele>370.15</ele><time>2024-09-07T17:06:46Z</time></trkpt><trkpt lat="43.19765694" lon="-6.06784223"><ele>370.17</ele><time>2024-09-07T17:06:47Z</time></trkpt><trkpt lat="43.19772895" lon="-6.06788296"><ele>370.20</ele><time>2024-09-07T17:06:48Z</time></trkpt><trkpt lat="43.19778561" lon="-6.06791772"><ele>370.30</ele><time>2024-09-07T17:06:49Z</time></trkpt><trkpt lat="43.19783259" lon="-6.06794870"><ele>370.45</ele><time>2024-09-07T17:06:50Z</time></trkpt><trkpt lat="43.19787451" lon="-6.06797772"><ele>370.63</ele><time>2024-09-07T17:06:51Z</time></trkpt><trkpt lat="43.19791455" lon="-6.06800600"><ele>370.82</ele><time>2024-09-07T17:06:52Z</time></trkpt><trkpt lat="43.19795457" lon="-6.06803427"><ele>371.00</ele><time>2024-09-07T17:06:53Z</time></trkpt><trkpt lat="43.19799540" lon="-6.06806286"><ele>371.18</ele><time>2024-09-07T17:06:54Z</time></trkpt><trkpt lat="43.19803724" lon="-6.06809184"><ele>371.36</ele><time>2024-09-07T17:06:55Z</time></trkpt><trkpt lat="43.19807999" lon="-6.06812118"><ele>371.53</ele><time>2024-09-07T17:06:56Z</time></trkpt><trkpt lat="43.19812338" lon="-6.06815076"><ele>371.70</ele><time>2024-09-07T17:06:57Z</time></trkpt><trkpt lat="43.19816943" lon="-6.06817789"><ele>371.92</ele><time>2024-09-07T17:06:58Z</time></trkpt><trkpt lat="43.19821709" lon="-6.06820346"><ele>372.16</ele><time>2024-09-07T17:06:59Z</time></trkpt><trkpt lat="43.19826664" lon="-6.06821290"><ele>372.27</ele><time>2024-09-07T17:07:00Z</time></trkpt><trkpt lat="43.19831716" lon="-6.06821237"><ele>372.31</ele><time>2024-09-07T17:07:01Z</time></trkpt><trkpt lat="43.19836691" lon="-6.06820078"><ele>372.31</ele><time>2024-09-07T17:07:02Z</time></trkpt><trkpt lat="43.19841593" lon="-6.06818166"><ele>372.35</ele><time>2024-09-07T17:07:03Z</time></trkpt><trkpt lat="43.19846441" lon="-6.06815943"><ele>372.44</ele><time>2024-09-07T17:07:04Z</time></trkpt><trkpt lat="43.19851254" lon="-6.06813676"><ele>372.56</ele><time>2024-09-07T17:07:05Z</time></trkpt><trkpt lat="43.19855830" lon="-6.06811095"><ele>372.62</ele><time>2024-09-07T17:07:06Z</time></trkpt><trkpt lat="43.19860261" lon="-6.06808389"><ele>372.65</ele><time>2024-09-07T17:07:07Z</time></trkpt><trkpt lat="43.19864401" lon="-6.06805116"><ele>372.69</ele><time>2024-09-07T17:07:08Z</time></trkpt><trkpt lat="43.19868379" lon="-6.06801534"><ele>372.74</ele><time>2024-09-07T17:07:09Z</time></trkpt><trkpt lat="43.19872288" lon="-6.06797827"><ele>372.80</ele><time>2024-09-07T17:07:10Z</time></trkpt><trkpt lat="43.19876186" lon="-6.06794104"><ele>372.87</ele><time>2024-09-07T17:07:11Z</time></trkpt><trkpt lat="43.19880100" lon="-6.06790418"><ele>372.95</ele><time>2024-09-07T17:07:12Z</time></trkpt><trkpt lat="43.19884039" lon="-6.06786785"><ele>373.02</ele><time>2024-09-07T17:07:13Z</time></trkpt><trkpt lat="43.19888004" lon="-6.06783202"><ele>373.10</ele><time>2024-09-07T17:07:14Z</time></trkpt><trkpt lat="43.19892451" lon="-6.06780747"><ele>373.11</ele><time>2024-09-07T17:07:15Z</time></trkpt><trkpt lat="43.19897203" lon="-6.06779004"><ele>373.08</ele><time>2024-09-07T17:07:16Z</time></trkpt><trkpt lat="43.19902115" lon="-6.06777633"><ele>373.03</ele><time>2024-09-07T17:07:17Z</time></trkpt><trkpt lat="43.19907085" lon="-6.06776398"><ele>372.97</ele><time>2024-09-07T17:07:18Z</time></trkpt><trkpt lat="43.19912057" lon="-6.06775166"><ele>372.92</ele><time>2024-09-07T17:07:19Z</time></trkpt><trkpt lat="43.19917003" lon="-6.06773875"><ele>372.86</ele><time>2024-09-07T17:07:20Z</time></trkpt><trkpt lat="43.19921918" lon="-6.06772508"><ele>372.81</ele><time>2024-09-07T17:07:21Z</time></trkpt><trkpt lat="43.19926804" lon="-6.06771076"><ele>372.77</ele><time>2024-09-07T17:07:22Z</time></trkpt><trkpt lat="43.19931669" lon="-6.06769595"><ele>372.72</ele><time>2024-09-07T17:07:23Z</time></trkpt><trkpt lat="43.19936522" lon="-6.06768085"><ele>372.68</ele><time>2024-09-07T17:07:24Z</time></trkpt><trkpt lat="43.19941369" lon="-6.06766561"><ele>372.64</ele><time>2024-09-07T17:07:25Z</time></trkpt><trkpt lat="43.19946213" lon="-6.06765031"><ele>372.60</ele><time>2024-09-07T17:07:26Z</time></trkpt><trkpt lat="43.19949720" lon="-6.06764221"><ele>372.58</ele><time>2024-09-07T17:07:27Z</time></trkpt><trkpt lat="43.19953389" lon="-6.06763180"><ele>372.58</ele><time>2024-09-07T17:07:28Z</time></trkpt><trkpt lat="43.19957255" lon="-6.06761946"><ele>372.58</ele><time>2024-09-07T17:07:29Z</time></trkpt><trkpt lat="43.19961289" lon="-6.06760576"><ele>372.59</ele><time>2024-09-07T17:07:30Z</time></trkpt><trkpt lat="43.19965444" lon="-6.06759125"><ele>372.59</ele><time>2024-09-07T17:07:31Z</time></trkpt><trkpt lat="43.19969673" lon="-6.06757637"><ele>372.60</ele><time>2024-09-07T17:07:32Z</time></trkpt><trkpt lat="43.19973937" lon="-6.06756137"><ele>372.60</ele><time>2024-09-07T17:07:33Z</time></trkpt><trkpt lat="43.19978213" lon="-6.06754642"><ele>372.60</ele><time>2024-09-07T17:07:34Z</time></trkpt><trkpt lat="43.19982487" lon="-6.06753156"><ele>372.60</ele><time>2024-09-07T17:07:35Z</time></trkpt><trkpt lat="43.19986753" lon="-6.06751680"><ele>372.60</ele><time>2024-09-07T17:07:36Z</time></trkpt><trkpt lat="43.19991011" lon="-6.06750213"><ele>372.60</ele><time>2024-09-07T17:07:37Z</time></trkpt><trkpt lat="43.19995261" lon="-6.06748751"><ele>372.60</ele><time>2024-09-07T17:07:38Z</time></trkpt><trkpt lat="43.19999506" lon="-6.06747293"><ele>372.60</ele><time>2024-09-07T17:07:39Z</time></trkpt><trkpt lat="43.20004107" lon="-6.06744120"><ele>372.38</ele><time>2024-09-07T17:07:40Z</time></trkpt><trkpt lat="43.20009349" lon="-6.06739319"><ele>371.87</ele><time>2024-09-07T17:07:41Z</time></trkpt><trkpt lat="43.20014971" lon="-6.06733609"><ele>371.19</ele><time>2024-09-07T17:07:42Z</time></trkpt><trkpt lat="43.20020773" lon="-6.06727510"><ele>370.44</ele><time>2024-09-07T17:07:43Z</time></trkpt><trkpt lat="43.20026627" lon="-6.06721340"><ele>369.67</ele><time>2024-09-07T17:07:44Z</time></trkpt><trkpt lat="43.20032463" lon="-6.06715260"><ele>368.90</ele><time>2024-09-07T17:07:45Z</time></trkpt><trkpt lat="43.20038603" lon="-6.06708231"><ele>367.23</ele><time>2024-09-07T17:07:46Z</time></trkpt><trkpt lat="43.20043604" lon="-6.06700812"><ele>365.52</ele><time>2024-09-07T17:07:47Z</time></trkpt><trkpt lat="43.20046570" lon="-6.06693434"><ele>364.37</ele><time>2024-09-07T17:07:48Z</time></trkpt><trkpt lat="43.20048311" lon="-6.06686166"><ele>363.60</ele><time>2024-09-07T17:07:49Z</time></trkpt><trkpt lat="43.20049322" lon="-6.06679393"><ele>362.82</ele><time>2024-09-07T17:07:50Z</time></trkpt><trkpt lat="43.20050065" lon="-6.06672956"><ele>362.02</ele><time>2024-09-07T17:07:51Z</time></trkpt><trkpt lat="43.20050806" lon="-6.06666710"><ele>361.17</ele><time>2024-09-07T17:07:52Z</time></trkpt><trkpt lat="43.20051667" lon="-6.06660548"><ele>360.28</ele><time>2024-09-07T17:07:53Z</time></trkpt><trkpt lat="43.20052677" lon="-6.06654404"><ele>359.37</ele><time>2024-09-07T17:07:54Z</time></trkpt><trkpt lat="43.20053818" lon="-6.06648245"><ele>358.44</ele><time>2024-09-07T17:07:55Z</time></trkpt><trkpt lat="43.20055053" lon="-6.06642057"><ele>357.51</ele><time>2024-09-07T17:07:56Z</time></trkpt><trkpt lat="43.20056346" lon="-6.06635843"><ele>356.57</ele><time>2024-09-07T17:07:57Z</time></trkpt><trkpt lat="43.20057669" lon="-6.06629607"><ele>355.63</ele><time>2024-09-07T17:07:58Z</time></trkpt><trkpt lat="43.20059001" lon="-6.06623357"><ele>354.69</ele><time>2024-09-07T17:07:59Z</time></trkpt><trkpt lat="43.20060332" lon="-6.06617100"><ele>353.76</ele><time>2024-09-07T17:08:00Z</time></trkpt><trkpt lat="43.20061658" lon="-6.06610839"><ele>352.82</ele><time>2024-09-07T17:08:01Z</time></trkpt><trkpt lat="43.20062976" lon="-6.06604578"><ele>351.89</ele><time>2024-09-07T17:08:02Z</time></trkpt><trkpt lat="43.20064289" lon="-6.06598317"><ele>350.96</ele><time>2024-09-07T17:08:03Z</time></trkpt><trkpt lat="43.20065598" lon="-6.06592058"><ele>350.03</ele><time>2024-09-07T17:08:04Z</time></trkpt><trkpt lat="43.20066905" lon="-6.06585800"><ele>349.10</ele><time>2024-09-07T17:08:05Z</time></trkpt><trkpt lat="43.20067817" lon="-6.06579785"><ele>348.29</ele><time>2024-09-07T17:08:06Z</time></trkpt><trkpt lat="43.20068481" lon="-6.06573923"><ele>347.56</ele><time>2024-09-07T17:08:07Z</time></trkpt><trkpt lat="43.20069016" lon="-6.06568141"><ele>346.87</ele><time>2024-09-07T17:08:08Z</time></trkpt><trkpt lat="43.20069503" lon="-6.06562388"><ele>346.19</ele><time>2024-09-07T17:08:09Z</time></trkpt><trkpt lat="43.20069990" lon="-6.06556636"><ele>345.52</ele><time>2024-09-07T17:08:10Z</time></trkpt><trkpt lat="43.20070498" lon="-6.06550872"><ele>344.84</ele><time>2024-09-07T17:08:11Z</time></trkpt><trkpt lat="43.20071033" lon="-6.06545091"><ele>344.15</ele><time>2024-09-07T17:08:12Z</time></trkpt><trkpt lat="43.20071590" lon="-6.06539295"><ele>343.45</ele><time>2024-09-07T17:08:13Z</time></trkpt><trkpt lat="43.20072164" lon="-6.06533490"><ele>342.74</ele><time>2024-09-07T17:08:14Z</time></trkpt><trkpt lat="43.20072748" lon="-6.06527678"><ele>342.04</ele><time>2024-09-07T17:08:15Z</time></trkpt><trkpt lat="43.20073338" lon="-6.06521863"><ele>341.33</ele><time>2024-09-07T17:08:16Z</time></trkpt><trkpt lat="43.20073929" lon="-6.06516047"><ele>340.62</ele><time>2024-09-07T17:08:17Z</time></trkpt><trkpt lat="43.20074520" lon="-6.06510231"><ele>339.92</ele><time>2024-09-07T17:08:18Z</time></trkpt><trkpt lat="43.20075110" lon="-6.06504415"><ele>339.21</ele><time>2024-09-07T17:08:19Z</time></trkpt><trkpt lat="43.20075699" lon="-6.06498601"><ele>338.50</ele><time>2024-09-07T17:08:20Z</time></trkpt><trkpt lat="43.20075851" lon="-6.06492660"><ele>338.03</ele><time>2024-09-07T17:08:21Z</time></trkpt><trkpt lat="43.20075728" lon="-6.06486641"><ele>337.72</ele><time>2024-09-07T17:08:22Z</time></trkpt><trkpt lat="43.20075461" lon="-6.06480580"><ele>337.48</ele><time>2024-09-07T17:08:23Z</time></trkpt><trkpt lat="43.20075140" lon="-6.06474504"><ele>337.28</ele><time>2024-09-07T17:08:24Z</time></trkpt><trkpt lat="43.20074819" lon="-6.06468428"><ele>337.07</ele><time>2024-09-07T17:08:25Z</time></trkpt><trkpt lat="43.20074520" lon="-6.06462358"><ele>336.85</ele><time>2024-09-07T17:08:26Z</time></trkpt><trkpt lat="43.20074251" lon="-6.06456297"><ele>336.62</ele><time>2024-09-07T17:08:27Z</time></trkpt><trkpt lat="43.20074008" lon="-6.06450243"><ele>336.37</ele><time>2024-09-07T17:08:28Z</time></trkpt><trkpt lat="43.20073782" lon="-6.06444195"><ele>336.11</ele><time>2024-09-07T17:08:29Z</time></trkpt><trkpt lat="43.20073569" lon="-6.06438150"><ele>335.84</ele><time>2024-09-07T17:08:30Z</time></trkpt><trkpt lat="43.20073361" lon="-6.06432106"><ele>335.58</ele><time>2024-09-07T17:08:31Z</time></trkpt><trkpt lat="43.20073155" lon="-6.06426063"><ele>335.31</ele><time>2024-09-07T17:08:32Z</time></trkpt><trkpt lat="43.20072948" lon="-6.06420020"><ele>335.04</ele><time>2024-09-07T17:08:33Z</time></trkpt><trkpt lat="43.20072741" lon="-6.06413977"><ele>334.77</ele><time>2024-09-07T17:08:34Z</time></trkpt><trkpt lat="43.20072532" lon="-6.06407933"><ele>334.50</ele><time>2024-09-07T17:08:35Z</time></trkpt><trkpt lat="43.20072323" lon="-6.06401889"><ele>334.23</ele><time>2024-09-07T17:08:36Z</time></trkpt><trkpt lat="43.20072112" lon="-6.06395845"><ele>333.97</ele><time>2024-09-07T17:08:37Z</time></trkpt><trkpt lat="43.20071901" lon="-6.06389800"><ele>333.70</ele><time>2024-09-07T17:08:38Z</time></trkpt><trkpt lat="43.20071184" lon="-6.06383985"><ele>333.58</ele><time>2024-09-07T17:08:39Z</time></trkpt><trkpt lat="43.20070147" lon="-6.06378314"><ele>333.55</ele><time>2024-09-07T17:08:40Z</time></trkpt><trkpt lat="43.20068944" lon="-6.06372718"><ele>333.57</ele><time>2024-09-07T17:08:41Z</time></trkpt><trkpt lat="43.20067680" lon="-6.06367151"><ele>333.61</ele><time>2024-09-07T17:08:42Z</time></trkpt><trkpt lat="43.20066414" lon="-6.06361584"><ele>333.64</ele><time>2024-09-07T17:08:43Z</time></trkpt><trkpt lat="43.20065176" lon="-6.06356004"><ele>333.67</ele><time>2024-09-07T17:08:44Z</time></trkpt><trkpt lat="43.20063971" lon="-6.06350410"><ele>333.69</ele><time>2024-09-07T17:08:45Z</time></trkpt><trkpt lat="43.20062796" lon="-6.06344802"><ele>333.70</ele><time>2024-09-07T17:08:46Z</time></trkpt><trkpt lat="43.20063738" lon="-6.06334446"><ele>333.71</ele><time>2024-09-07T17:08:47Z</time></trkpt><trkpt lat="43.20065269" lon="-6.06324894"><ele>333.53</ele><time>2024-09-07T17:08:48Z</time></trkpt><trkpt lat="43.20067026" lon="-6.06316178"><ele>333.24</ele><time>2024-09-07T17:08:49Z</time></trkpt><trkpt lat="43.20068794" lon="-6.06308133"><ele>332.90</ele><time>2024-09-07T17:08:50Z</time></trkpt><trkpt lat="43.20070475" lon="-6.06300541"><ele>332.53</ele><time>2024-09-07T17:08:51Z</time></trkpt><trkpt lat="43.20072043" lon="-6.06293209"><ele>332.16</ele><time>2024-09-07T17:08:52Z</time></trkpt><trkpt lat="43.20073509" lon="-6.06285991"><ele>331.80</ele><time>2024-09-07T17:08:53Z</time></trkpt><trkpt lat="43.20074900" lon="-6.06278798"><ele>331.46</ele><time>2024-09-07T17:08:54Z</time></trkpt><trkpt lat="43.20076246" lon="-6.06271584"><ele>331.12</ele><time>2024-09-07T17:08:55Z</time></trkpt><trkpt lat="43.20077568" lon="-6.06264333"><ele>330.79</ele><time>2024-09-07T17:08:56Z</time></trkpt><trkpt lat="43.20078863" lon="-6.06258326"><ele>330.43</ele><time>2024-09-07T17:08:57Z</time></trkpt><trkpt lat="43.20080530" lon="-6.06253207"><ele>330.26</ele><time>2024-09-07T17:08:58Z</time></trkpt><trkpt lat="43.20082849" lon="-6.06248326"><ele>330.18</ele><time>2024-09-07T17:08:59Z</time></trkpt><trkpt lat="43.20085556" lon="-6.06243478"><ele>330.16</ele><time>2024-09-07T17:09:00Z</time></trkpt><trkpt lat="43.20088449" lon="-6.06238566"><ele>330.16</ele><time>2024-09-07T17:09:01Z</time></trkpt><trkpt lat="43.20091398" lon="-6.06233556"><ele>330.16</ele><time>2024-09-07T17:09:02Z</time></trkpt><trkpt lat="43.20094330" lon="-6.06228456"><ele>330.14</ele><time>2024-09-07T17:09:03Z</time></trkpt><trkpt lat="43.20097217" lon="-6.06223289"><ele>330.12</ele><time>2024-09-07T17:09:04Z</time></trkpt><trkpt lat="43.20100055" lon="-6.06218077"><ele>330.08</ele><time>2024-09-07T17:09:05Z</time></trkpt><trkpt lat="43.20102853" lon="-6.06212843"><ele>330.04</ele><time>2024-09-07T17:09:06Z</time></trkpt><trkpt lat="43.20105624" lon="-6.06207599"><ele>330.00</ele><time>2024-09-07T17:09:07Z</time></trkpt><trkpt lat="43.20108379" lon="-6.06202355"><ele>329.95</ele><time>2024-09-07T17:09:08Z</time></trkpt><trkpt lat="43.20111126" lon="-6.06197114"><ele>329.90</ele><time>2024-09-07T17:09:09Z</time></trkpt><trkpt lat="43.20114071" lon="-6.06191868"><ele>329.88</ele><time>2024-09-07T17:09:10Z</time></trkpt><trkpt lat="43.20117142" lon="-6.06186619"><ele>329.88</ele><time>2024-09-07T17:09:11Z</time></trkpt><trkpt lat="43.20120280" lon="-6.06181370"><ele>329.88</ele><time>2024-09-07T17:09:12Z</time></trkpt><trkpt lat="43.20123444" lon="-6.06176122"><ele>329.88</ele><time>2024-09-07T17:09:13Z</time></trkpt><trkpt lat="43.20126611" lon="-6.06170874"><ele>329.89</ele><time>2024-09-07T17:09:14Z</time></trkpt><trkpt lat="43.20129768" lon="-6.06165627"><ele>329.89</ele><time>2024-09-07T17:09:15Z</time></trkpt><trkpt lat="43.20132913" lon="-6.06160381"><ele>329.90</ele><time>2024-09-07T17:09:16Z</time></trkpt><trkpt lat="43.20136046" lon="-6.06155136"><ele>329.90</ele><time>2024-09-07T17:09:17Z</time></trkpt><trkpt lat="43.20139171" lon="-6.06149890"><ele>329.90</ele><time>2024-09-07T17:09:18Z</time></trkpt><trkpt lat="43.20142291" lon="-6.06144645"><ele>329.90</ele><time>2024-09-07T17:09:19Z</time></trkpt><trkpt lat="43.20145408" lon="-6.06139400"><ele>329.90</ele><time>2024-09-07T17:09:20Z</time></trkpt><trkpt lat="43.20149169" lon="-6.06134212"><ele>329.87</ele><time>2024-09-07T17:09:21Z</time></trkpt><trkpt lat="43.20153338" lon="-6.06129061"><ele>329.83</ele><time>2024-09-07T17:09:22Z</time></trkpt><trkpt lat="43.20157719" lon="-6.06123928"><ele>329.77</ele><time>2024-09-07T17:09:23Z</time></trkpt><trkpt lat="43.20162180" lon="-6.06118803"><ele>329.72</ele><time>2024-09-07T17:09:24Z</time></trkpt><trkpt lat="43.20166642" lon="-6.06113677"><ele>329.66</ele><time>2024-09-07T17:09:25Z</time></trkpt><trkpt lat="43.20171071" lon="-6.06108549"><ele>329.61</ele><time>2024-09-07T17:09:26Z</time></trkpt><trkpt lat="43.20175457" lon="-6.06103416"><ele>329.55</ele><time>2024-09-07T17:09:27Z</time></trkpt><trkpt lat="43.20179805" lon="-6.06098280"><ele>329.50</ele><time>2024-09-07T17:09:28Z</time></trkpt><trkpt lat="43.20184126" lon="-6.06093142"><ele>329.45</ele><time>2024-09-07T17:09:29Z</time></trkpt><trkpt lat="43.20188430" lon="-6.06088003"><ele>329.40</ele><time>2024-09-07T17:09:30Z</time></trkpt><trkpt lat="43.20193521" lon="-6.06082954"><ele>329.30</ele><time>2024-09-07T17:09:31Z</time></trkpt><trkpt lat="43.20199112" lon="-6.06077964"><ele>329.17</ele><time>2024-09-07T17:09:32Z</time></trkpt><trkpt lat="43.20204964" lon="-6.06073004"><ele>329.02</ele><time>2024-09-07T17:09:33Z</time></trkpt><trkpt lat="43.20210915" lon="-6.06068055"><ele>328.86</ele><time>2024-09-07T17:09:34Z</time></trkpt><trkpt lat="43.20216870" lon="-6.06063106"><ele>328.71</ele><time>2024-09-07T17:09:35Z</time></trkpt><trkpt lat="43.20222784" lon="-6.06058153"><ele>328.55</ele><time>2024-09-07T17:09:36Z</time></trkpt><trkpt lat="43.20228646" lon="-6.06053194"><ele>328.40</ele><time>2024-09-07T17:09:37Z</time></trkpt><trkpt lat="43.20235037" lon="-6.06049262"><ele>328.31</ele><time>2024-09-07T17:09:38Z</time></trkpt><trkpt lat="43.20241758" lon="-6.06045979"><ele>328.26</ele><time>2024-09-07T17:09:39Z</time></trkpt><trkpt lat="43.20248647" lon="-6.06043032"><ele>328.23</ele><time>2024-09-07T17:09:40Z</time></trkpt><trkpt lat="43.20255596" lon="-6.06040211"><ele>328.20</ele><time>2024-09-07T17:09:41Z</time></trkpt><trkpt lat="43.20262542" lon="-6.06037390"><ele>328.18</ele><time>2024-09-07T17:09:42Z</time></trkpt><trkpt lat="43.20269458" lon="-6.06034516"><ele>328.15</ele><time>2024-09-07T17:09:43Z</time></trkpt><trkpt lat="43.20276338" lon="-6.06031572"><ele>328.12</ele><time>2024-09-07T17:09:44Z</time></trkpt><trkpt lat="43.20283187" lon="-6.06028569"><ele>328.08</ele><time>2024-09-07T17:09:45Z</time></trkpt><trkpt lat="43.20290013" lon="-6.06025521"><ele>328.04</ele><time>2024-09-07T17:09:46Z</time></trkpt><trkpt lat="43.20296825" lon="-6.06022448"><ele>328.00</ele><time>2024-09-07T17:09:47Z</time></trkpt><trkpt lat="43.20303079" lon="-6.06018912"><ele>327.98</ele><time>2024-09-07T17:09:48Z</time></trkpt><trkpt lat="43.20308601" lon="-6.06014762"><ele>327.98</ele><time>2024-09-07T17:09:49Z</time></trkpt><trkpt lat="43.20313646" lon="-6.06009931"><ele>327.98</ele><time>2024-09-07T17:09:50Z</time></trkpt><trkpt lat="43.20318301" lon="-6.06004897"><ele>327.99</ele><time>2024-09-07T17:09:51Z</time></trkpt><trkpt lat="43.20322379" lon="-6.05999712"><ele>327.99</ele><time>2024-09-07T17:09:52Z</time></trkpt><trkpt lat="43.20326168" lon="-6.05994498"><ele>328.00</ele><time>2024-09-07T17:09:53Z</time></trkpt><trkpt lat="43.20329466" lon="-6.05989511"><ele>328.00</ele><time>2024-09-07T17:09:54Z</time></trkpt><trkpt lat="43.20332526" lon="-6.05984700"><ele>328.00</ele><time>2024-09-07T17:09:55Z</time></trkpt><trkpt lat="43.20335515" lon="-6.05980006"><ele>328.00</ele><time>2024-09-07T17:09:56Z</time></trkpt><trkpt lat="43.20338522" lon="-6.05975375"><ele>328.00</ele><time>2024-09-07T17:09:57Z</time></trkpt><trkpt lat="43.20341584" lon="-6.05970770"><ele>328.00</ele><time>2024-09-07T17:09:58Z</time></trkpt><trkpt lat="43.20344707" lon="-6.05966169"><ele>328.00</ele><time>2024-09-07T17:09:59Z</time></trkpt><trkpt lat="43.20347880" lon="-6.05961561"><ele>328.00</ele><time>2024-09-07T17:10:00Z</time></trkpt><trkpt lat="43.20350481" lon="-6.05958076"><ele>327.98</ele><time>2024-09-07T17:10:01Z</time></trkpt><trkpt lat="43.20352718" lon="-6.05955297"><ele>327.94</ele><time>2024-09-07T17:10:02Z</time></trkpt><trkpt lat="43.20354765" lon="-6.05952883"><ele>327.90</ele><time>2024-09-07T17:10:03Z</time></trkpt><trkpt lat="43.20356740" lon="-6.05950602"><ele>327.85</ele><time>2024-09-07T17:10:04Z</time></trkpt><trkpt lat="43.20358713" lon="-6.05948321"><ele>327.80</ele><time>2024-09-07T17:10:05Z</time></trkpt><trkpt lat="43.20360716" lon="-6.05945979"><ele>327.75</ele><time>2024-09-07T17:10:06Z</time></trkpt><trkpt lat="43.20362756" lon="-6.05943561"><ele>327.71</ele><time>2024-09-07T17:10:07Z</time></trkpt><trkpt lat="43.20364829" lon="-6.05941077"><ele>327.67</ele><time>2024-09-07T17:10:08Z</time></trkpt><trkpt lat="43.20366927" lon="-6.05938546"><ele>327.62</ele><time>2024-09-07T17:10:09Z</time></trkpt><trkpt lat="43.20369040" lon="-6.05935986"><ele>327.58</ele><time>2024-09-07T17:10:10Z</time></trkpt><trkpt lat="43.20371161" lon="-6.05933411"><ele>327.54</ele><time>2024-09-07T17:10:11Z</time></trkpt><trkpt lat="43.20373284" lon="-6.05930831"><ele>327.50</ele><time>2024-09-07T17:10:12Z</time></trkpt><trkpt lat="43.20374194" lon="-6.05929487"><ele>327.44</ele><time>2024-09-07T17:10:13Z</time></trkpt><trkpt lat="43.20374336" lon="-6.05928925"><ele>327.36</ele><time>2024-09-07T17:10:14Z</time></trkpt><trkpt lat="43.20374078" lon="-6.05928773"><ele>327.28</ele><time>2024-09-07T17:10:15Z</time></trkpt><trkpt lat="43.20373670" lon="-6.05928773"><ele>327.20</ele><time>2024-09-07T17:10:16Z</time></trkpt><trkpt lat="43.20373259" lon="-6.05928779"><ele>327.11</ele><time>2024-09-07T17:10:17Z</time></trkpt><trkpt lat="43.20372912" lon="-6.05928720"><ele>327.03</ele><time>2024-09-07T17:10:18Z</time></trkpt><trkpt lat="43.20372645" lon="-6.05928579"><ele>326.95</ele><time>2024-09-07T17:10:19Z</time></trkpt><trkpt lat="43.20372449" lon="-6.05928367"><ele>326.87</ele><time>2024-09-07T17:10:20Z</time></trkpt><trkpt lat="43.20372304" lon="-6.05928102"><ele>326.79</ele><time>2024-09-07T17:10:21Z</time></trkpt><trkpt lat="43.20372191" lon="-6.05927804"><ele>326.71</ele><time>2024-09-07T17:10:22Z</time></trkpt><trkpt lat="43.20372095" lon="-6.05927490"><ele>326.63</ele><time>2024-09-07T17:10:23Z</time></trkpt><trkpt lat="43.20372003" lon="-6.05927171"><ele>326.55</ele><time>2024-09-07T17:10:24Z</time></trkpt><trkpt lat="43.20371912" lon="-6.05926852"><ele>326.47</ele><time>2024-09-07T17:10:25Z</time></trkpt><trkpt lat="43.20371817" lon="-6.05926536"><ele>326.39</ele><time>2024-09-07T17:10:26Z</time></trkpt><trkpt lat="43.20371718" lon="-6.05926224"><ele>326.32</ele><time>2024-09-07T17:10:27Z</time></trkpt><trkpt lat="43.20371617" lon="-6.05925915"><ele>326.24</ele><time>2024-09-07T17:10:28Z</time></trkpt><trkpt lat="43.20371513" lon="-6.05925608"><ele>326.16</ele><time>2024-09-07T17:10:29Z</time></trkpt><trkpt lat="43.20371408" lon="-6.05925303"><ele>326.08</ele><time>2024-09-07T17:10:30Z</time></trkpt><trkpt lat="43.20371302" lon="-6.05924998"><ele>326.00</ele><time>2024-09-07T17:10:31Z</time></trkpt><trkpt lat="43.20371964" lon="-6.05923768"><ele>325.96</ele><time>2024-09-07T17:10:32Z</time></trkpt><trkpt lat="43.20373255" lon="-6.05921304"><ele>325.93</ele><time>2024-09-07T17:10:33Z</time></trkpt><trkpt lat="43.20374891" lon="-6.05918126"><ele>325.88</ele><time>2024-09-07T17:10:34Z</time></trkpt><trkpt lat="43.20376669" lon="-6.05914622"><ele>325.83</ele><time>2024-09-07T17:10:35Z</time></trkpt><trkpt lat="43.20378466" lon="-6.05911037"><ele>325.78</ele><time>2024-09-07T17:10:36Z</time></trkpt><trkpt lat="43.20380222" lon="-6.05907499"><ele>325.73</ele><time>2024-09-07T17:10:37Z</time></trkpt><trkpt lat="43.20381920" lon="-6.05904058"><ele>325.67</ele><time>2024-09-07T17:10:38Z</time></trkpt><trkpt lat="43.20383563" lon="-6.05900713"><ele>325.61</ele><time>2024-09-07T17:10:39Z</time></trkpt><trkpt lat="43.20385165" lon="-6.05897446"><ele>325.56</ele><time>2024-09-07T17:10:40Z</time></trkpt><trkpt lat="43.20386741" lon="-6.05894231"><ele>325.50</ele><time>2024-09-07T17:10:41Z</time></trkpt><trkpt lat="43.20387812" lon="-6.05890183"><ele>325.65</ele><time>2024-09-07T17:10:42Z</time></trkpt><trkpt lat="43.20388567" lon="-6.05885604"><ele>325.93</ele><time>2024-09-07T17:10:43Z</time></trkpt><trkpt lat="43.20389160" lon="-6.05880744"><ele>326.28</ele><time>2024-09-07T17:10:44Z</time></trkpt><trkpt lat="43.20389695" lon="-6.05875777"><ele>326.65</ele><time>2024-09-07T17:10:45Z</time></trkpt><trkpt lat="43.20390232" lon="-6.05870803"><ele>327.03</ele><time>2024-09-07T17:10:46Z</time></trkpt><trkpt lat="43.20390798" lon="-6.05865871"><ele>327.39</ele><time>2024-09-07T17:10:47Z</time></trkpt><trkpt lat="43.20391398" lon="-6.05860993"><ele>327.74</ele><time>2024-09-07T17:10:48Z</time></trkpt><trkpt lat="43.20392027" lon="-6.05856163"><ele>328.08</ele><time>2024-09-07T17:10:49Z</time></trkpt><trkpt lat="43.20392679" lon="-6.05851368"><ele>328.41</ele><time>2024-09-07T17:10:50Z</time></trkpt><trkpt lat="43.20393962" lon="-6.05844939"><ele>328.56</ele><time>2024-09-07T17:10:51Z</time></trkpt><trkpt lat="43.20395970" lon="-6.05838381"><ele>328.57</ele><time>2024-09-07T17:10:52Z</time></trkpt><trkpt lat="43.20398390" lon="-6.05831853"><ele>328.52</ele><time>2024-09-07T17:10:53Z</time></trkpt><trkpt lat="43.20400993" lon="-6.05825420"><ele>328.45</ele><time>2024-09-07T17:10:54Z</time></trkpt><trkpt lat="43.20403636" lon="-6.05819093"><ele>328.37</ele><time>2024-09-07T17:10:55Z</time></trkpt><trkpt lat="43.20406245" lon="-6.05812853"><ele>328.30</ele><time>2024-09-07T17:10:56Z</time></trkpt><trkpt lat="43.20408794" lon="-6.05806673"><ele>328.24</ele><time>2024-09-07T17:10:57Z</time></trkpt><trkpt lat="43.20411284" lon="-6.05800528"><ele>328.20</ele><time>2024-09-07T17:10:58Z</time></trkpt><trkpt lat="43.20413729" lon="-6.05794400"><ele>328.16</ele><time>2024-09-07T17:10:59Z</time></trkpt><trkpt lat="43.20416143" lon="-6.05788276"><ele>328.13</ele><time>2024-09-07T17:11:00Z</time></trkpt><trkpt lat="43.20418540" lon="-6.05782149"><ele>328.11</ele><time>2024-09-07T17:11:01Z</time></trkpt><trkpt lat="43.20420930" lon="-6.05776019"><ele>328.08</ele><time>2024-09-07T17:11:02Z</time></trkpt><trkpt lat="43.20423319" lon="-6.05769884"><ele>328.05</ele><time>2024-09-07T17:11:03Z</time></trkpt><trkpt lat="43.20425710" lon="-6.05763745"><ele>328.03</ele><time>2024-09-07T17:11:04Z</time></trkpt><trkpt lat="43.20428104" lon="-6.05757603"><ele>328.00</ele><time>2024-09-07T17:11:05Z</time></trkpt><trkpt lat="43.20430992" lon="-6.05750883"><ele>327.99</ele><time>2024-09-07T17:11:06Z</time></trkpt><trkpt lat="43.20434192" lon="-6.05744016"><ele>328.20</ele><time>2024-09-07T17:11:07Z</time></trkpt><trkpt lat="43.20436927" lon="-6.05737821"><ele>328.38</ele><time>2024-09-07T17:11:08Z</time></trkpt><trkpt lat="43.20439326" lon="-6.05732084"><ele>328.51</ele><time>2024-09-07T17:11:09Z</time></trkpt><trkpt lat="43.20441519" lon="-6.05726611"><ele>328.61</ele><time>2024-09-07T17:11:10Z</time></trkpt><trkpt lat="43.20443610" lon="-6.05721257"><ele>328.68</ele><time>2024-09-07T17:11:11Z</time></trkpt><trkpt lat="43.20445668" lon="-6.05715931"><ele>328.74</ele><time>2024-09-07T17:11:12Z</time></trkpt><trkpt lat="43.20447729" lon="-6.05710586"><ele>328.80</ele><time>2024-09-07T17:11:13Z</time></trkpt><trkpt lat="43.20449811" lon="-6.05705205"><ele>328.85</ele><time>2024-09-07T17:11:14Z</time></trkpt><trkpt lat="43.20451918" lon="-6.05699788"><ele>328.91</ele><time>2024-09-07T17:11:15Z</time></trkpt><trkpt lat="43.20455218" lon="-6.05691051"><ele>328.93</ele><time>2024-09-07T17:11:16Z</time></trkpt><trkpt lat="43.20459219" lon="-6.05682440"><ele>328.76</ele><time>2024-09-07T17:11:17Z</time></trkpt><trkpt lat="43.20463581" lon="-6.05674137"><ele>328.47</ele><time>2024-09-07T17:11:18Z</time></trkpt><trkpt lat="43.20468071" lon="-6.05666159"><ele>328.13</ele><time>2024-09-07T17:11:19Z</time></trkpt><trkpt lat="43.20472558" lon="-6.05658445"><ele>327.76</ele><time>2024-09-07T17:11:20Z</time></trkpt><trkpt lat="43.20476982" lon="-6.05650910"><ele>327.39</ele><time>2024-09-07T17:11:21Z</time></trkpt><trkpt lat="43.20481331" lon="-6.05643478"><ele>327.04</ele><time>2024-09-07T17:11:22Z</time></trkpt><trkpt lat="43.20485667" lon="-6.05637040"><ele>326.59</ele><time>2024-09-07T17:11:23Z</time></trkpt><trkpt lat="43.20490428" lon="-6.05631591"><ele>325.83</ele><time>2024-09-07T17:11:24Z</time></trkpt><trkpt lat="43.20495562" lon="-6.05626852"><ele>325.19</ele><time>2024-09-07T17:11:25Z</time></trkpt><trkpt lat="43.20500956" lon="-6.05622606"><ele>324.61</ele><time>2024-09-07T17:11:26Z</time></trkpt><trkpt lat="43.20506005" lon="-6.05619207"><ele>324.21</ele><time>2024-09-07T17:11:27Z</time></trkpt><trkpt lat="43.20510791" lon="-6.05616235"><ele>323.92</ele><time>2024-09-07T17:11:28Z</time></trkpt><trkpt lat="43.20514889" lon="-6.05614227"><ele>323.55</ele><time>2024-09-07T17:11:29Z</time></trkpt><trkpt lat="43.20518950" lon="-6.05613214"><ele>323.12</ele><time>2024-09-07T17:11:30Z</time></trkpt><trkpt lat="43.20523210" lon="-6.05612971"><ele>322.92</ele><time>2024-09-07T17:11:31Z</time></trkpt><trkpt lat="43.20527687" lon="-6.05613447"><ele>322.65</ele><time>2024-09-07T17:11:32Z</time></trkpt><trkpt lat="43.20532309" lon="-6.05614671"><ele>322.27</ele><time>2024-09-07T17:11:33Z</time></trkpt><trkpt lat="43.20536851" lon="-6.05616666"><ele>321.80</ele><time>2024-09-07T17:11:34Z</time></trkpt><trkpt lat="43.20541544" lon="-6.05619121"><ele>321.57</ele><time>2024-09-07T17:11:35Z</time></trkpt><trkpt lat="43.20546384" lon="-6.05622222"><ele>321.49</ele><time>2024-09-07T17:11:36Z</time></trkpt><trkpt lat="43.20551193" lon="-6.05625998"><ele>321.50</ele><time>2024-09-07T17:11:37Z</time></trkpt><trkpt lat="43.20556179" lon="-6.05630066"><ele>321.57</ele><time>2024-09-07T17:11:38Z</time></trkpt><trkpt lat="43.20561267" lon="-6.05634202"><ele>321.67</ele><time>2024-09-07T17:11:39Z</time></trkpt><trkpt lat="43.20566403" lon="-6.05638289"><ele>321.76</ele><time>2024-09-07T17:11:40Z</time></trkpt><trkpt lat="43.20571550" lon="-6.05642285"><ele>321.84</ele><time>2024-09-07T17:11:41Z</time></trkpt><trkpt lat="43.20576691" lon="-6.05646190"><ele>321.91</ele><time>2024-09-07T17:11:42Z</time></trkpt><trkpt lat="43.20581818" lon="-6.05650024"><ele>321.97</ele><time>2024-09-07T17:11:43Z</time></trkpt><trkpt lat="43.20586931" lon="-6.05653810"><ele>322.03</ele><time>2024-09-07T17:11:44Z</time></trkpt><trkpt lat="43.20592033" lon="-6.05657571"><ele>322.07</ele><time>2024-09-07T17:11:45Z</time></trkpt><trkpt lat="43.20597128" lon="-6.05661320"><ele>322.12</ele><time>2024-09-07T17:11:46Z</time></trkpt><trkpt lat="43.20602219" lon="-6.05665067"><ele>322.16</ele><time>2024-09-07T17:11:47Z</time></trkpt><trkpt lat="43.20607307" lon="-6.05668816"><ele>322.20</ele><time>2024-09-07T17:11:48Z</time></trkpt><trkpt lat="43.20612619" lon="-6.05672144"><ele>322.22</ele><time>2024-09-07T17:11:49Z</time></trkpt><trkpt lat="43.20618072" lon="-6.05675207"><ele>322.23</ele><time>2024-09-07T17:11:50Z</time></trkpt><trkpt lat="43.20623599" lon="-6.05678132"><ele>322.22</ele><time>2024-09-07T17:11:51Z</time></trkpt><trkpt lat="43.20629155" lon="-6.05681008"><ele>322.22</ele><time>2024-09-07T17:11:52Z</time></trkpt><trkpt lat="43.20634711" lon="-6.05683884"><ele>322.21</ele><time>2024-09-07T17:11:53Z</time></trkpt><trkpt lat="43.20640255" lon="-6.05686783"><ele>322.20</ele><time>2024-09-07T17:11:54Z</time></trkpt><trkpt lat="43.20645785" lon="-6.05689710"><ele>322.20</ele><time>2024-09-07T17:11:55Z</time></trkpt><trkpt lat="43.20651302" lon="-6.05692663"><ele>322.20</ele><time>2024-09-07T17:11:56Z</time></trkpt><trkpt lat="43.20656809" lon="-6.05695633"><ele>322.20</ele><time>2024-09-07T17:11:57Z</time></trkpt><trkpt lat="43.20662310" lon="-6.05698614"><ele>322.20</ele><time>2024-09-07T17:11:58Z</time></trkpt><trkpt lat="43.20667809" lon="-6.05701600"><ele>322.20</ele><time>2024-09-07T17:11:59Z</time></trkpt><trkpt lat="43.20673306" lon="-6.05704588"><ele>322.20</ele><time>2024-09-07T17:12:00Z</time></trkpt><trkpt lat="43.20678670" lon="-6.05707561"><ele>322.22</ele><time>2024-09-07T17:12:01Z</time></trkpt><trkpt lat="43.20683949" lon="-6.05710522"><ele>322.27</ele><time>2024-09-07T17:12:02Z</time></trkpt><trkpt lat="43.20689185" lon="-6.05713477"><ele>322.31</ele><time>2024-09-07T17:12:03Z</time></trkpt><trkpt lat="43.20694405" lon="-6.05716429"><ele>322.37</ele><time>2024-09-07T17:12:04Z</time></trkpt><trkpt lat="43.20699626" lon="-6.05719380"><ele>322.42</ele><time>2024-09-07T17:12:05Z</time></trkpt><trkpt lat="43.20704854" lon="-6.05722331"><ele>322.47</ele><time>2024-09-07T17:12:06Z</time></trkpt><trkpt lat="43.20710090" lon="-6.05725284"><ele>322.52</ele><time>2024-09-07T17:12:07Z</time></trkpt><trkpt lat="43.20715335" lon="-6.05728237"><ele>322.56</ele><time>2024-09-07T17:12:08Z</time></trkpt><trkpt lat="43.20720585" lon="-6.05731191"><ele>322.61</ele><time>2024-09-07T17:12:09Z</time></trkpt><trkpt lat="43.20725839" lon="-6.05734145"><ele>322.66</ele><time>2024-09-07T17:12:10Z</time></trkpt><trkpt lat="43.20731095" lon="-6.05737099"><ele>322.70</ele><time>2024-09-07T17:12:11Z</time></trkpt><trkpt lat="43.20735954" lon="-6.05739190"><ele>322.62</ele><time>2024-09-07T17:12:12Z</time></trkpt><trkpt lat="43.20740562" lon="-6.05740736"><ele>322.46</ele><time>2024-09-07T17:12:13Z</time></trkpt><trkpt lat="43.20745039" lon="-6.05741997"><ele>322.27</ele><time>2024-09-07T17:12:14Z</time></trkpt><trkpt lat="43.20749468" lon="-6.05743154"><ele>322.05</ele><time>2024-09-07T17:12:15Z</time></trkpt><trkpt lat="43.20753895" lon="-6.05744308"><ele>321.84</ele><time>2024-09-07T17:12:16Z</time></trkpt><trkpt lat="43.20758343" lon="-6.05745509"><ele>321.63</ele><time>2024-09-07T17:12:17Z</time></trkpt><trkpt lat="43.20762818" lon="-6.05746766"><ele>321.44</ele><time>2024-09-07T17:12:18Z</time></trkpt><trkpt lat="43.20767315" lon="-6.05748075"><ele>321.24</ele><time>2024-09-07T17:12:19Z</time></trkpt><trkpt lat="43.20771830" lon="-6.05749420"><ele>321.06</ele><time>2024-09-07T17:12:20Z</time></trkpt><trkpt lat="43.20776354" lon="-6.05750787"><ele>320.88</ele><time>2024-09-07T17:12:21Z</time></trkpt><trkpt lat="43.20780885" lon="-6.05752166"><ele>320.70</ele><time>2024-09-07T17:12:22Z</time></trkpt><trkpt lat="43.20786002" lon="-6.05754766"><ele>319.85</ele><time>2024-09-07T17:12:23Z</time></trkpt><trkpt lat="43.20790776" lon="-6.05758678"><ele>319.12</ele><time>2024-09-07T17:12:24Z</time></trkpt><trkpt lat="43.20795290" lon="-6.05763333"><ele>318.52</ele><time>2024-09-07T17:12:25Z</time></trkpt><trkpt lat="43.20799640" lon="-6.05768313"><ele>318.00</ele><time>2024-09-07T17:12:26Z</time></trkpt><trkpt lat="43.20803903" lon="-6.05773359"><ele>317.56</ele><time>2024-09-07T17:12:27Z</time></trkpt><trkpt lat="43.20808133" lon="-6.05778341"><ele>317.15</ele><time>2024-09-07T17:12:28Z</time></trkpt><trkpt lat="43.20812361" lon="-6.05783212"><ele>316.75</ele><time>2024-09-07T17:12:29Z</time></trkpt><trkpt lat="43.20816603" lon="-6.05787975"><ele>316.36</ele><time>2024-09-07T17:12:30Z</time></trkpt><trkpt lat="43.20820861" lon="-6.05792654"><ele>315.96</ele><time>2024-09-07T17:12:31Z</time></trkpt><trkpt lat="43.20825134" lon="-6.05797279"><ele>315.56</ele><time>2024-09-07T17:12:32Z</time></trkpt><trkpt lat="43.20829419" lon="-6.05801873"><ele>315.16</ele><time>2024-09-07T17:12:33Z</time></trkpt><trkpt lat="43.20833710" lon="-6.05806455"><ele>314.75</ele><time>2024-09-07T17:12:34Z</time></trkpt><trkpt lat="43.20838004" lon="-6.05811035"><ele>314.33</ele><time>2024-09-07T17:12:35Z</time></trkpt><trkpt lat="43.20842300" lon="-6.05815618"><ele>313.92</ele><time>2024-09-07T17:12:36Z</time></trkpt><trkpt lat="43.20846596" lon="-6.05820207"><ele>313.50</ele><time>2024-09-07T17:12:37Z</time></trkpt><trkpt lat="43.20850458" lon="-6.05824691"><ele>313.38</ele><time>2024-09-07T17:12:38Z</time></trkpt><trkpt lat="43.20854046" lon="-6.05829110"><ele>313.45</ele><time>2024-09-07T17:12:39Z</time></trkpt><trkpt lat="43.20857491" lon="-6.05833495"><ele>313.61</ele><time>2024-09-07T17:12:40Z</time></trkpt><trkpt lat="43.20860883" lon="-6.05837868"><ele>313.81</ele><time>2024-09-07T17:12:41Z</time></trkpt><trkpt lat="43.20864765" lon="-6.05842036"><ele>314.01</ele><time>2024-09-07T17:12:42Z</time></trkpt><trkpt lat="43.20868980" lon="-6.05846081"><ele>314.19</ele><time>2024-09-07T17:12:43Z</time></trkpt><trkpt lat="43.20873386" lon="-6.05850066"><ele>314.36</ele><time>2024-09-07T17:12:44Z</time></trkpt><trkpt lat="43.20877876" lon="-6.05854032"><ele>314.50</ele><time>2024-09-07T17:12:45Z</time></trkpt><trkpt lat="43.20882878" lon="-6.05857279"><ele>314.57</ele><time>2024-09-07T17:12:46Z</time></trkpt><trkpt lat="43.20888334" lon="-6.05859258"><ele>314.46</ele><time>2024-09-07T17:12:47Z</time></trkpt><trkpt lat="43.20894025" lon="-6.05860494"><ele>314.26</ele><time>2024-09-07T17:12:48Z</time></trkpt><trkpt lat="43.20899801" lon="-6.05861383"><ele>314.01</ele><time>2024-09-07T17:12:49Z</time></trkpt><trkpt lat="43.20905577" lon="-6.05862179"><ele>313.74</ele><time>2024-09-07T17:12:50Z</time></trkpt><trkpt lat="43.20911312" lon="-6.05863017"><ele>313.47</ele><time>2024-09-07T17:12:51Z</time></trkpt><trkpt lat="43.20916999" lon="-6.05863950"><ele>313.22</ele><time>2024-09-07T17:12:52Z</time></trkpt><trkpt lat="43.20922644" lon="-6.05864980"><ele>312.98</ele><time>2024-09-07T17:12:53Z</time></trkpt><trkpt lat="43.20928257" lon="-6.05866088"><ele>312.75</ele><time>2024-09-07T17:12:54Z</time></trkpt><trkpt lat="43.20933852" lon="-6.05867250"><ele>312.53</ele><time>2024-09-07T17:12:55Z</time></trkpt><trkpt lat="43.20939438" lon="-6.05868442"><ele>312.31</ele><time>2024-09-07T17:12:56Z</time></trkpt><trkpt lat="43.20945020" lon="-6.05869648"><ele>312.09</ele><time>2024-09-07T17:12:57Z</time></trkpt><trkpt lat="43.20950498" lon="-6.05869496"><ele>311.72</ele><time>2024-09-07T17:12:58Z</time></trkpt><trkpt lat="43.20956022" lon="-6.05868047"><ele>311.26</ele><time>2024-09-07T17:12:59Z</time></trkpt><trkpt lat="43.20961474" lon="-6.05865597"><ele>311.01</ele><time>2024-09-07T17:13:00Z</time></trkpt><trkpt lat="43.20966991" lon="-6.05862333"><ele>310.65</ele><time>2024-09-07T17:13:01Z</time></trkpt><trkpt lat="43.20972446" lon="-6.05858522"><ele>310.36</ele><time>2024-09-07T17:13:02Z</time></trkpt><trkpt lat="43.20977861" lon="-6.05854519"><ele>310.13</ele><time>2024-09-07T17:13:03Z</time></trkpt><trkpt lat="43.20982982" lon="-6.05850061"><ele>309.90</ele><time>2024-09-07T17:13:04Z</time></trkpt><trkpt lat="43.20987922" lon="-6.05845408"><ele>309.67</ele><time>2024-09-07T17:13:05Z</time></trkpt><trkpt lat="43.20992608" lon="-6.05839902"><ele>309.58</ele><time>2024-09-07T17:13:06Z</time></trkpt><trkpt lat="43.20996887" lon="-6.05833488"><ele>309.28</ele><time>2024-09-07T17:13:07Z</time></trkpt><trkpt lat="43.21000397" lon="-6.05826218"><ele>309.13</ele><time>2024-09-07T17:13:08Z</time></trkpt><trkpt lat="43.21003033" lon="-6.05818205"><ele>309.08</ele><time>2024-09-07T17:13:09Z</time></trkpt><trkpt lat="43.21004820" lon="-6.05809584"><ele>309.35</ele><time>2024-09-07T17:13:10Z</time></trkpt><trkpt lat="43.21005853" lon="-6.05800713"><ele>309.55</ele><time>2024-09-07T17:13:11Z</time></trkpt><trkpt lat="43.21006155" lon="-6.05792135"><ele>309.54</ele><time>2024-09-07T17:13:12Z</time></trkpt><trkpt lat="43.21006124" lon="-6.05783835"><ele>309.37</ele><time>2024-09-07T17:13:13Z</time></trkpt><trkpt lat="43.21005727" lon="-6.05775719"><ele>309.26</ele><time>2024-09-07T17:13:14Z</time></trkpt><trkpt lat="43.21005200" lon="-6.05767721"><ele>309.20</ele><time>2024-09-07T17:13:15Z</time></trkpt><trkpt lat="43.21004678" lon="-6.05759788"><ele>309.17</ele><time>2024-09-07T17:13:16Z</time></trkpt><trkpt lat="43.21004222" lon="-6.05751880"><ele>309.16</ele><time>2024-09-07T17:13:17Z</time></trkpt><trkpt lat="43.21005071" lon="-6.05743751"><ele>308.96</ele><time>2024-09-07T17:13:18Z</time></trkpt><trkpt lat="43.21006762" lon="-6.05735472"><ele>308.63</ele><time>2024-09-07T17:13:19Z</time></trkpt><trkpt lat="43.21008905" lon="-6.05727108"><ele>308.23</ele><time>2024-09-07T17:13:20Z</time></trkpt><trkpt lat="43.21011227" lon="-6.05718706"><ele>307.81</ele><time>2024-09-07T17:13:21Z</time></trkpt><trkpt lat="43.21013565" lon="-6.05710296"><ele>307.38</ele><time>2024-09-07T17:13:22Z</time></trkpt><trkpt lat="43.21016106" lon="-6.05703050"><ele>307.10</ele><time>2024-09-07T17:13:23Z</time></trkpt><trkpt lat="43.21018730" lon="-6.05696546"><ele>306.92</ele><time>2024-09-07T17:13:24Z</time></trkpt><trkpt lat="43.21021365" lon="-6.05690435"><ele>306.80</ele><time>2024-09-07T17:13:25Z</time></trkpt><trkpt lat="43.21023976" lon="-6.05684474"><ele>306.70</ele><time>2024-09-07T17:13:26Z</time></trkpt><trkpt lat="43.21026553" lon="-6.05678521"><ele>306.61</ele><time>2024-09-07T17:13:27Z</time></trkpt><trkpt lat="43.21029098" lon="-6.05672511"><ele>306.51</ele><time>2024-09-07T17:13:28Z</time></trkpt><trkpt lat="43.21031619" lon="-6.05666425"><ele>306.41</ele><time>2024-09-07T17:13:29Z</time></trkpt><trkpt lat="43.21034124" lon="-6.05660272"><ele>306.30</ele><time>2024-09-07T17:13:30Z</time></trkpt><trkpt lat="43.21036622" lon="-6.05654069"><ele>306.18</ele><time>2024-09-07T17:13:31Z</time></trkpt><trkpt lat="43.21039116" lon="-6.05647836"><ele>306.06</ele><time>2024-09-07T17:13:32Z</time></trkpt><trkpt lat="43.21041610" lon="-6.05641587"><ele>305.93</ele><time>2024-09-07T17:13:33Z</time></trkpt><trkpt lat="43.21044105" lon="-6.05635332"><ele>305.80</ele><time>2024-09-07T17:13:34Z</time></trkpt><trkpt lat="43.21046722" lon="-6.05628969"><ele>305.54</ele><time>2024-09-07T17:13:35Z</time></trkpt><trkpt lat="43.21049416" lon="-6.05622541"><ele>305.19</ele><time>2024-09-07T17:13:36Z</time></trkpt><trkpt lat="43.21052151" lon="-6.05616081"><ele>304.79</ele><time>2024-09-07T17:13:37Z</time></trkpt><trkpt lat="43.21054901" lon="-6.05609610"><ele>304.37</ele><time>2024-09-07T17:13:38Z</time></trkpt><trkpt lat="43.21057651" lon="-6.05603141"><ele>303.96</ele><time>2024-09-07T17:13:39Z</time></trkpt><trkpt lat="43.21060985" lon="-6.05597794"><ele>303.76</ele><time>2024-09-07T17:13:40Z</time></trkpt><trkpt lat="43.21064593" lon="-6.05593685"><ele>303.70</ele><time>2024-09-07T17:13:41Z</time></trkpt><trkpt lat="43.21068329" lon="-6.05590282"><ele>303.71</ele><time>2024-09-07T17:13:42Z</time></trkpt><trkpt lat="43.21072103" lon="-6.05587193"><ele>303.76</ele><time>2024-09-07T17:13:43Z</time></trkpt><trkpt lat="43.21075899" lon="-6.05584628"><ele>303.81</ele><time>2024-09-07T17:13:44Z</time></trkpt><trkpt lat="43.21079986" lon="-6.05582885"><ele>303.81</ele><time>2024-09-07T17:13:45Z</time></trkpt><trkpt lat="43.21084240" lon="-6.05581564"><ele>303.76</ele><time>2024-09-07T17:13:46Z</time></trkpt><trkpt lat="43.21088568" lon="-6.05580392"><ele>303.69</ele><time>2024-09-07T17:13:47Z</time></trkpt><trkpt lat="43.21092914" lon="-6.05579215"><ele>303.60</ele><time>2024-09-07T17:13:48Z</time></trkpt><trkpt lat="43.21097247" lon="-6.05577962"><ele>303.51</ele><time>2024-09-07T17:13:49Z</time></trkpt><trkpt lat="43.21101556" lon="-6.05576620"><ele>303.42</ele><time>2024-09-07T17:13:50Z</time></trkpt><trkpt lat="43.21105983" lon="-6.05576270"><ele>303.34</ele><time>2024-09-07T17:13:51Z</time></trkpt><trkpt lat="43.21110480" lon="-6.05576539"><ele>303.26</ele><time>2024-09-07T17:13:52Z</time></trkpt><trkpt lat="43.21115011" lon="-6.05577126"><ele>303.20</ele><time>2024-09-07T17:13:53Z</time></trkpt><trkpt lat="43.21119553" lon="-6.05577826"><ele>303.13</ele><time>2024-09-07T17:13:54Z</time></trkpt><trkpt lat="43.21124092" lon="-6.05578523"><ele>303.07</ele><time>2024-09-07T17:13:55Z</time></trkpt><trkpt lat="43.21128623" lon="-6.05579165"><ele>303.01</ele><time>2024-09-07T17:13:56Z</time></trkpt><trkpt lat="43.21133145" lon="-6.05579739"><ele>302.95</ele><time>2024-09-07T17:13:57Z</time></trkpt><trkpt lat="43.21137660" lon="-6.05580254"><ele>302.89</ele><time>2024-09-07T17:13:58Z</time></trkpt><trkpt lat="43.21142170" lon="-6.05580728"><ele>302.82</ele><time>2024-09-07T17:13:59Z</time></trkpt><trkpt lat="43.21146677" lon="-6.05581175"><ele>302.76</ele><time>2024-09-07T17:14:00Z</time></trkpt><trkpt lat="43.21151183" lon="-6.05581610"><ele>302.69</ele><time>2024-09-07T17:14:01Z</time></trkpt><trkpt lat="43.21155689" lon="-6.05582042"><ele>302.63</ele><time>2024-09-07T17:14:02Z</time></trkpt><trkpt lat="43.21160195" lon="-6.05582473"><ele>302.56</ele><time>2024-09-07T17:14:03Z</time></trkpt><trkpt lat="43.21164701" lon="-6.05582908"><ele>302.50</ele><time>2024-09-07T17:14:04Z</time></trkpt><trkpt lat="43.21168993" lon="-6.05583423"><ele>302.41</ele><time>2024-09-07T17:14:05Z</time></trkpt><trkpt lat="43.21173150" lon="-6.05583990"><ele>302.31</ele><time>2024-09-07T17:14:06Z</time></trkpt><trkpt lat="43.21177236" lon="-6.05584585"><ele>302.20</ele><time>2024-09-07T17:14:07Z</time></trkpt><trkpt lat="43.21181297" lon="-6.05585190"><ele>302.09</ele><time>2024-09-07T17:14:08Z</time></trkpt><trkpt lat="43.21185357" lon="-6.05585796"><ele>301.97</ele><time>2024-09-07T17:14:09Z</time></trkpt><trkpt lat="43.21189428" lon="-6.05586398"><ele>301.86</ele><time>2024-09-07T17:14:10Z</time></trkpt><trkpt lat="43.21193514" lon="-6.05586994"><ele>301.75</ele><time>2024-09-07T17:14:11Z</time></trkpt><trkpt lat="43.21197613" lon="-6.05587586"><ele>301.64</ele><time>2024-09-07T17:14:12Z</time></trkpt><trkpt lat="43.21201720" lon="-6.05588174"><ele>301.53</ele><time>2024-09-07T17:14:13Z</time></trkpt><trkpt lat="43.21205833" lon="-6.05588761"><ele>301.43</ele><time>2024-09-07T17:14:14Z</time></trkpt><trkpt lat="43.21209949" lon="-6.05589346"><ele>301.32</ele><time>2024-09-07T17:14:15Z</time></trkpt><trkpt lat="43.21214066" lon="-6.05589931"><ele>301.21</ele><time>2024-09-07T17:14:16Z</time></trkpt><trkpt lat="43.21218182" lon="-6.05590516"><ele>301.11</ele><time>2024-09-07T17:14:17Z</time></trkpt><trkpt lat="43.21222298" lon="-6.05591101"><ele>301.00</ele><time>2024-09-07T17:14:18Z</time></trkpt><trkpt lat="43.21226761" lon="-6.05591284"><ele>300.95</ele><time>2024-09-07T17:14:19Z</time></trkpt><trkpt lat="43.21231442" lon="-6.05591214"><ele>300.94</ele><time>2024-09-07T17:14:20Z</time></trkpt><trkpt lat="43.21236046" lon="-6.05590348"><ele>301.04</ele><time>2024-09-07T17:14:21Z</time></trkpt><trkpt lat="43.21240571" lon="-6.05589013"><ele>301.20</ele><time>2024-09-07T17:14:22Z</time></trkpt><trkpt lat="43.21245034" lon="-6.05587460"><ele>301.39</ele><time>2024-09-07T17:14:23Z</time></trkpt><trkpt lat="43.21249346" lon="-6.05585336"><ele>301.50</ele><time>2024-09-07T17:14:24Z</time></trkpt><trkpt lat="43.21253566" lon="-6.05582753"><ele>301.55</ele><time>2024-09-07T17:14:25Z</time></trkpt><trkpt lat="43.21257521" lon="-6.05579958"><ele>301.56</ele><time>2024-09-07T17:14:26Z</time></trkpt><trkpt lat="43.21261214" lon="-6.05576999"><ele>301.83</ele><time>2024-09-07T17:14:27Z</time></trkpt><trkpt lat="43.21264658" lon="-6.05573507"><ele>302.26</ele><time>2024-09-07T17:14:28Z</time></trkpt><trkpt lat="43.21267926" lon="-6.05569184"><ele>302.50</ele><time>2024-09-07T17:14:29Z</time></trkpt><trkpt lat="43.21271094" lon="-6.05564184"><ele>302.48</ele><time>2024-09-07T17:14:30Z</time></trkpt><trkpt lat="43.21274233" lon="-6.05558856"><ele>302.28</ele><time>2024-09-07T17:14:31Z</time></trkpt><trkpt lat="43.21276302" lon="-6.05553346"><ele>302.07</ele><time>2024-09-07T17:14:32Z</time></trkpt><trkpt lat="43.21277716" lon="-6.05547808"><ele>301.88</ele><time>2024-09-07T17:14:33Z</time></trkpt><trkpt lat="43.21278802" lon="-6.05542319"><ele>301.72</ele><time>2024-09-07T17:14:34Z</time></trkpt><trkpt lat="43.21279779" lon="-6.05536904"><ele>301.57</ele><time>2024-09-07T17:14:35Z</time></trkpt><trkpt lat="43.21280769" lon="-6.05531556"><ele>301.45</ele><time>2024-09-07T17:14:36Z</time></trkpt><trkpt lat="43.21281825" lon="-6.05526261"><ele>301.34</ele><time>2024-09-07T17:14:37Z</time></trkpt><trkpt lat="43.21282957" lon="-6.05520999"><ele>301.23</ele><time>2024-09-07T17:14:38Z</time></trkpt><trkpt lat="43.21284153" lon="-6.05515754"><ele>301.13</ele><time>2024-09-07T17:14:39Z</time></trkpt><trkpt lat="43.21285394" lon="-6.05510516"><ele>301.03</ele><time>2024-09-07T17:14:40Z</time></trkpt><trkpt lat="43.21286662" lon="-6.05505279"><ele>300.92</ele><time>2024-09-07T17:14:41Z</time></trkpt><trkpt lat="43.21287943" lon="-6.05500039"><ele>300.82</ele><time>2024-09-07T17:14:42Z</time></trkpt><trkpt lat="43.21289228" lon="-6.05494796"><ele>300.71</ele><time>2024-09-07T17:14:43Z</time></trkpt><trkpt lat="43.21290512" lon="-6.05489550"><ele>300.61</ele><time>2024-09-07T17:14:44Z</time></trkpt><trkpt lat="43.21291792" lon="-6.05484302"><ele>300.50</ele><time>2024-09-07T17:14:45Z</time></trkpt><trkpt lat="43.21292320" lon="-6.05478643"><ele>300.45</ele><time>2024-09-07T17:14:46Z</time></trkpt><trkpt lat="43.21291918" lon="-6.05471923"><ele>300.39</ele><time>2024-09-07T17:14:47Z</time></trkpt><trkpt lat="43.21290981" lon="-6.05464563"><ele>300.30</ele><time>2024-09-07T17:14:48Z</time></trkpt><trkpt lat="43.21289801" lon="-6.05456890"><ele>300.21</ele><time>2024-09-07T17:14:49Z</time></trkpt><trkpt lat="43.21288564" lon="-6.05449119"><ele>300.11</ele><time>2024-09-07T17:14:50Z</time></trkpt><trkpt lat="43.21287365" lon="-6.05441368"><ele>300.01</ele><time>2024-09-07T17:14:51Z</time></trkpt><trkpt lat="43.21286241" lon="-6.05433687"><ele>299.91</ele><time>2024-09-07T17:14:52Z</time></trkpt><trkpt lat="43.21285191" lon="-6.05426083"><ele>299.80</ele><time>2024-09-07T17:14:53Z</time></trkpt><trkpt lat="43.21284200" lon="-6.05418544"><ele>299.70</ele><time>2024-09-07T17:14:54Z</time></trkpt><trkpt lat="43.21283247" lon="-6.05411049"><ele>299.60</ele><time>2024-09-07T17:14:55Z</time></trkpt><trkpt lat="43.21281679" lon="-6.05403398"><ele>299.55</ele><time>2024-09-07T17:14:56Z</time></trkpt><trkpt lat="43.21279500" lon="-6.05395590"><ele>299.54</ele><time>2024-09-07T17:14:57Z</time></trkpt><trkpt lat="43.21276639" lon="-6.05388360"><ele>299.55</ele><time>2024-09-07T17:14:58Z</time></trkpt><trkpt lat="43.21273414" lon="-6.05381509"><ele>299.56</ele><time>2024-09-07T17:14:59Z</time></trkpt><trkpt lat="43.21270048" lon="-6.05374868"><ele>299.58</ele><time>2024-09-07T17:15:00Z</time></trkpt><trkpt lat="43.21266671" lon="-6.05368314"><ele>299.59</ele><time>2024-09-07T17:15:01Z</time></trkpt><trkpt lat="43.21263345" lon="-6.05361773"><ele>299.60</ele><time>2024-09-07T17:15:02Z</time></trkpt><trkpt lat="43.21260086" lon="-6.05355210"><ele>299.60</ele><time>2024-09-07T17:15:03Z</time></trkpt><trkpt lat="43.21256889" lon="-6.05348612"><ele>299.60</ele><time>2024-09-07T17:15:04Z</time></trkpt><trkpt lat="43.21253738" lon="-6.05341981"><ele>299.60</ele><time>2024-09-07T17:15:05Z</time></trkpt><trkpt lat="43.21250614" lon="-6.05335326"><ele>299.60</ele><time>2024-09-07T17:15:06Z</time></trkpt><trkpt lat="43.21247505" lon="-6.05328655"><ele>299.60</ele><time>2024-09-07T17:15:07Z</time></trkpt><trkpt lat="43.21244401" lon="-6.05321976"><ele>299.60</ele><time>2024-09-07T17:15:08Z</time></trkpt><trkpt lat="43.21241298" lon="-6.05315293"><ele>299.60</ele><time>2024-09-07T17:15:09Z</time></trkpt><trkpt lat="43.21238191" lon="-6.05308610"><ele>299.60</ele><time>2024-09-07T17:15:10Z</time></trkpt><trkpt lat="43.21235500" lon="-6.05302298"><ele>299.60</ele><time>2024-09-07T17:15:11Z</time></trkpt><trkpt lat="43.21233070" lon="-6.05296221"><ele>299.60</ele><time>2024-09-07T17:15:12Z</time></trkpt><trkpt lat="43.21230802" lon="-6.05290157"><ele>299.60</ele><time>2024-09-07T17:15:13Z</time></trkpt><trkpt lat="43.21228492" lon="-6.05283798"><ele>299.60</ele><time>2024-09-07T17:15:14Z</time></trkpt><trkpt lat="43.21226314" lon="-6.05276740"><ele>299.60</ele><time>2024-09-07T17:15:15Z</time></trkpt><trkpt lat="43.21224202" lon="-6.05269250"><ele>299.60</ele><time>2024-09-07T17:15:16Z</time></trkpt><trkpt lat="43.21223067" lon="-6.05261758"><ele>299.33</ele><time>2024-09-07T17:15:17Z</time></trkpt><trkpt lat="43.21222751" lon="-6.05254055"><ele>298.88</ele><time>2024-09-07T17:15:18Z</time></trkpt><trkpt lat="43.21223092" lon="-6.05246057"><ele>298.53</ele><time>2024-09-07T17:15:19Z</time></trkpt><trkpt lat="43.21223744" lon="-6.05237909"><ele>298.26</ele><time>2024-09-07T17:15:20Z</time></trkpt><trkpt lat="43.21224483" lon="-6.05229712"><ele>298.04</ele><time>2024-09-07T17:15:21Z</time></trkpt><trkpt lat="43.21225954" lon="-6.05221283"><ele>297.96</ele><time>2024-09-07T17:15:22Z</time></trkpt><trkpt lat="43.21228156" lon="-6.05212733"><ele>297.73</ele><time>2024-09-07T17:15:23Z</time></trkpt><trkpt lat="43.21231332" lon="-6.05204249"><ele>297.35</ele><time>2024-09-07T17:15:24Z</time></trkpt><trkpt lat="43.21235292" lon="-6.05196380"><ele>296.60</ele><time>2024-09-07T17:15:25Z</time></trkpt><trkpt lat="43.21240490" lon="-6.05189130"><ele>295.68</ele><time>2024-09-07T17:15:26Z</time></trkpt><trkpt lat="43.21246500" lon="-6.05182672"><ele>295.18</ele><time>2024-09-07T17:15:27Z</time></trkpt><trkpt lat="43.21253237" lon="-6.05177141"><ele>294.71</ele><time>2024-09-07T17:15:28Z</time></trkpt><trkpt lat="43.21260548" lon="-6.05172594"><ele>294.24</ele><time>2024-09-07T17:15:29Z</time></trkpt><trkpt lat="43.21267910" lon="-6.05168982"><ele>293.77</ele><time>2024-09-07T17:15:30Z</time></trkpt><trkpt lat="43.21274739" lon="-6.05166052"><ele>293.39</ele><time>2024-09-07T17:15:31Z</time></trkpt><trkpt lat="43.21281150" lon="-6.05163402"><ele>293.08</ele><time>2024-09-07T17:15:32Z</time></trkpt><trkpt lat="43.21287283" lon="-6.05160790"><ele>292.79</ele><time>2024-09-07T17:15:33Z</time></trkpt><trkpt lat="43.21293262" lon="-6.05158096"><ele>292.51</ele><time>2024-09-07T17:15:34Z</time></trkpt><trkpt lat="43.21299175" lon="-6.05155285"><ele>292.23</ele><time>2024-09-07T17:15:35Z</time></trkpt><trkpt lat="43.21305077" lon="-6.05152365"><ele>291.94</ele><time>2024-09-07T17:15:36Z</time></trkpt><trkpt lat="43.21310995" lon="-6.05149364"><ele>291.65</ele><time>2024-09-07T17:15:37Z</time></trkpt><trkpt lat="43.21316937" lon="-6.05146311"><ele>291.35</ele><time>2024-09-07T17:15:38Z</time></trkpt><trkpt lat="43.21322903" lon="-6.05143230"><ele>291.04</ele><time>2024-09-07T17:15:39Z</time></trkpt><trkpt lat="43.21328887" lon="-6.05140139"><ele>290.73</ele><time>2024-09-07T17:15:40Z</time></trkpt><trkpt lat="43.21334883" lon="-6.05137047"><ele>290.43</ele><time>2024-09-07T17:15:41Z</time></trkpt><trkpt lat="43.21340884" lon="-6.05133960"><ele>290.12</ele><time>2024-09-07T17:15:42Z</time></trkpt><trkpt lat="43.21346888" lon="-6.05130877"><ele>289.81</ele><time>2024-09-07T17:15:43Z</time></trkpt><trkpt lat="43.21352893" lon="-6.05127800"><ele>289.50</ele><time>2024-09-07T17:15:44Z</time></trkpt><trkpt lat="43.21358186" lon="-6.05124145"><ele>289.27</ele><time>2024-09-07T17:15:45Z</time></trkpt><trkpt lat="43.21363031" lon="-6.05120128"><ele>289.09</ele><time>2024-09-07T17:15:46Z</time></trkpt><trkpt lat="43.21367640" lon="-6.05115920"><ele>288.93</ele><time>2024-09-07T17:15:47Z</time></trkpt><trkpt lat="43.21372272" lon="-6.05110568"><ele>288.87</ele><time>2024-09-07T17:15:48Z</time></trkpt><trkpt lat="43.21376644" lon="-6.05104428"><ele>288.88</ele><time>2024-09-07T17:15:49Z</time></trkpt><trkpt lat="43.21380882" lon="-6.05097897"><ele>288.90</ele><time>2024-09-07T17:15:50Z</time></trkpt><trkpt lat="43.21384471" lon="-6.05090991"><ele>288.94</ele><time>2024-09-07T17:15:51Z</time></trkpt><trkpt lat="43.21387684" lon="-6.05083948"><ele>288.96</ele><time>2024-09-07T17:15:52Z</time></trkpt><trkpt lat="43.21390460" lon="-6.05076910"><ele>288.90</ele><time>2024-09-07T17:15:53Z</time></trkpt><trkpt lat="43.21393025" lon="-6.05069935"><ele>288.78</ele><time>2024-09-07T17:15:54Z</time></trkpt><trkpt lat="43.21395528" lon="-6.05063040"><ele>288.63</ele><time>2024-09-07T17:15:55Z</time></trkpt><trkpt lat="43.21398048" lon="-6.05056212"><ele>288.46</ele><time>2024-09-07T17:15:56Z</time></trkpt><trkpt lat="43.21400619" lon="-6.05049433"><ele>288.29</ele><time>2024-09-07T17:15:57Z</time></trkpt><trkpt lat="43.21403244" lon="-6.05042683"><ele>288.12</ele><time>2024-09-07T17:15:58Z</time></trkpt><trkpt lat="43.21405913" lon="-6.05035948"><ele>287.96</ele><time>2024-09-07T17:15:59Z</time></trkpt><trkpt lat="43.21408613" lon="-6.05029218"><ele>287.80</ele><time>2024-09-07T17:16:00Z</time></trkpt><trkpt lat="43.21411332" lon="-6.05022488"><ele>287.65</ele><time>2024-09-07T17:16:01Z</time></trkpt><trkpt lat="43.21414058" lon="-6.05015754"><ele>287.50</ele><time>2024-09-07T17:16:02Z</time></trkpt><trkpt lat="43.21416786" lon="-6.05009016"><ele>287.35</ele><time>2024-09-07T17:16:03Z</time></trkpt><trkpt lat="43.21419514" lon="-6.05002276"><ele>287.20</ele><time>2024-09-07T17:16:04Z</time></trkpt><trkpt lat="43.21422239" lon="-6.04995534"><ele>287.05</ele><time>2024-09-07T17:16:05Z</time></trkpt><trkpt lat="43.21424962" lon="-6.04988790"><ele>286.90</ele><time>2024-09-07T17:16:06Z</time></trkpt><trkpt lat="43.21427682" lon="-6.04982046"><ele>286.75</ele><time>2024-09-07T17:16:07Z</time></trkpt><trkpt lat="43.21430402" lon="-6.04975301"><ele>286.60</ele><time>2024-09-07T17:16:08Z</time></trkpt><trkpt lat="43.21432924" lon="-6.04968231"><ele>286.59</ele><time>2024-09-07T17:16:09Z</time></trkpt><trkpt lat="43.21435323" lon="-6.04960956"><ele>286.66</ele><time>2024-09-07T17:16:10Z</time></trkpt><trkpt lat="43.21437658" lon="-6.04953574"><ele>286.78</ele><time>2024-09-07T17:16:11Z</time></trkpt><trkpt lat="43.21439968" lon="-6.04946152"><ele>286.91</ele><time>2024-09-07T17:16:12Z</time></trkpt><trkpt lat="43.21442278" lon="-6.04938730"><ele>287.05</ele><time>2024-09-07T17:16:13Z</time></trkpt><trkpt lat="43.21444541" lon="-6.04931048"><ele>287.14</ele><time>2024-09-07T17:16:14Z</time></trkpt><trkpt lat="43.21446780" lon="-6.04923214"><ele>287.20</ele><time>2024-09-07T17:16:15Z</time></trkpt><trkpt lat="43.21449012" lon="-6.04915308"><ele>287.25</ele><time>2024-09-07T17:16:16Z</time></trkpt><trkpt lat="43.21451245" lon="-6.04907382"><ele>287.28</ele><time>2024-09-07T17:16:17Z</time></trkpt><trkpt lat="43.21453483" lon="-6.04899464"><ele>287.31</ele><time>2024-09-07T17:16:18Z</time></trkpt><trkpt lat="43.21455727" lon="-6.04891565"><ele>287.34</ele><time>2024-09-07T17:16:19Z</time></trkpt><trkpt lat="43.21457975" lon="-6.04883686"><ele>287.38</ele><time>2024-09-07T17:16:20Z</time></trkpt><trkpt lat="43.21460227" lon="-6.04875823"><ele>287.41</ele><time>2024-09-07T17:16:21Z</time></trkpt><trkpt lat="43.21462481" lon="-6.04867971"><ele>287.45</ele><time>2024-09-07T17:16:22Z</time></trkpt><trkpt lat="43.21464735" lon="-6.04860125"><ele>287.48</ele><time>2024-09-07T17:16:23Z</time></trkpt><trkpt lat="43.21466990" lon="-6.04852282"><ele>287.52</ele><time>2024-09-07T17:16:24Z</time></trkpt><trkpt lat="43.21469245" lon="-6.04844439"><ele>287.56</ele><time>2024-09-07T17:16:25Z</time></trkpt><trkpt lat="43.21471499" lon="-6.04836596"><ele>287.60</ele><time>2024-09-07T17:16:26Z</time></trkpt><trkpt lat="43.21473014" lon="-6.04828941"><ele>287.62</ele><time>2024-09-07T17:16:27Z</time></trkpt><trkpt lat="43.21473680" lon="-6.04821405"><ele>287.62</ele><time>2024-09-07T17:16:28Z</time></trkpt><trkpt lat="43.21473275" lon="-6.04813970"><ele>287.58</ele><time>2024-09-07T17:16:29Z</time></trkpt><trkpt lat="43.21472284" lon="-6.04806583"><ele>287.52</ele><time>2024-09-07T17:16:30Z</time></trkpt><trkpt lat="43.21471053" lon="-6.04799209"><ele>287.44</ele><time>2024-09-07T17:16:31Z</time></trkpt><trkpt lat="43.21469789" lon="-6.04791830"><ele>287.36</ele><time>2024-09-07T17:16:32Z</time></trkpt><trkpt lat="43.21468593" lon="-6.04784438"><ele>287.28</ele><time>2024-09-07T17:16:33Z</time></trkpt><trkpt lat="43.21467496" lon="-6.04777034"><ele>287.21</ele><time>2024-09-07T17:16:34Z</time></trkpt><trkpt lat="43.21466493" lon="-6.04769618"><ele>287.13</ele><time>2024-09-07T17:16:35Z</time></trkpt><trkpt lat="43.21465559" lon="-6.04762196"><ele>287.07</ele><time>2024-09-07T17:16:36Z</time></trkpt><trkpt lat="43.21464670" lon="-6.04754769"><ele>287.00</ele><time>2024-09-07T17:16:37Z</time></trkpt><trkpt lat="43.21463804" lon="-6.04747340"><ele>286.93</ele><time>2024-09-07T17:16:38Z</time></trkpt><trkpt lat="43.21462948" lon="-6.04739911"><ele>286.86</ele><time>2024-09-07T17:16:39Z</time></trkpt><trkpt lat="43.21462092" lon="-6.04732483"><ele>286.80</ele><time>2024-09-07T17:16:40Z</time></trkpt><trkpt lat="43.21461232" lon="-6.04725054"><ele>286.73</ele><time>2024-09-07T17:16:41Z</time></trkpt><trkpt lat="43.21460368" lon="-6.04717627"><ele>286.67</ele><time>2024-09-07T17:16:42Z</time></trkpt><trkpt lat="43.21459500" lon="-6.04710200"><ele>286.60</ele><time>2024-09-07T17:16:43Z</time></trkpt><trkpt lat="43.21458451" lon="-6.04702856"><ele>286.57</ele><time>2024-09-07T17:16:44Z</time></trkpt><trkpt lat="43.21457287" lon="-6.04695564"><ele>286.56</ele><time>2024-09-07T17:16:45Z</time></trkpt><trkpt lat="43.21456064" lon="-6.04688300"><ele>286.57</ele><time>2024-09-07T17:16:46Z</time></trkpt><trkpt lat="43.21454818" lon="-6.04681046"><ele>286.58</ele><time>2024-09-07T17:16:47Z</time></trkpt><trkpt lat="43.21453354" lon="-6.04674161"><ele>286.59</ele><time>2024-09-07T17:16:48Z</time></trkpt><trkpt lat="43.21451816" lon="-6.04667831"><ele>286.87</ele><time>2024-09-07T17:16:49Z</time></trkpt><trkpt lat="43.21450198" lon="-6.04661988"><ele>287.32</ele><time>2024-09-07T17:16:50Z</time></trkpt><trkpt lat="43.21448548" lon="-6.04656396"><ele>287.58</ele><time>2024-09-07T17:16:51Z</time></trkpt><trkpt lat="43.21447011" lon="-6.04650731"><ele>287.81</ele><time>2024-09-07T17:16:52Z</time></trkpt><trkpt lat="43.21445557" lon="-6.04644962"><ele>288.03</ele><time>2024-09-07T17:16:53Z</time></trkpt><trkpt lat="43.21444156" lon="-6.04639096"><ele>288.23</ele><time>2024-09-07T17:16:54Z</time></trkpt><trkpt lat="43.21442781" lon="-6.04633158"><ele>288.42</ele><time>2024-09-07T17:16:55Z</time></trkpt><trkpt lat="43.21441417" lon="-6.04627173"><ele>288.61</ele><time>2024-09-07T17:16:56Z</time></trkpt><trkpt lat="43.21440053" lon="-6.04621165"><ele>288.81</ele><time>2024-09-07T17:16:57Z</time></trkpt><trkpt lat="43.21438684" lon="-6.04615147"><ele>289.00</ele><time>2024-09-07T17:16:58Z</time></trkpt><trkpt lat="43.21437268" lon="-6.04608714"><ele>289.09</ele><time>2024-09-07T17:16:59Z</time></trkpt><trkpt lat="43.21435823" lon="-6.04602023"><ele>289.11</ele><time>2024-09-07T17:17:00Z</time></trkpt><trkpt lat="43.21434360" lon="-6.04595199"><ele>289.10</ele><time>2024-09-07T17:17:01Z</time></trkpt><trkpt lat="43.21432890" lon="-6.04588330"><ele>289.07</ele><time>2024-09-07T17:17:02Z</time></trkpt><trkpt lat="43.21431419" lon="-6.04581463"><ele>289.04</ele><time>2024-09-07T17:17:03Z</time></trkpt><trkpt lat="43.21429950" lon="-6.04574619"><ele>289.02</ele><time>2024-09-07T17:17:04Z</time></trkpt><trkpt lat="43.21428484" lon="-6.04567805"><ele>289.01</ele><time>2024-09-07T17:17:05Z</time></trkpt><trkpt lat="43.21427020" lon="-6.04561015"><ele>289.00</ele><time>2024-09-07T17:17:06Z</time></trkpt><trkpt lat="43.21425559" lon="-6.04554242"><ele>289.00</ele><time>2024-09-07T17:17:07Z</time></trkpt><trkpt lat="43.21424098" lon="-6.04547480"><ele>288.99</ele><time>2024-09-07T17:17:08Z</time></trkpt><trkpt lat="43.21422944" lon="-6.04541193"><ele>289.00</ele><time>2024-09-07T17:17:09Z</time></trkpt><trkpt lat="43.21422093" lon="-6.04535204"><ele>288.72</ele><time>2024-09-07T17:17:10Z</time></trkpt><trkpt lat="43.21421629" lon="-6.04529206"><ele>288.55</ele><time>2024-09-07T17:17:11Z</time></trkpt><trkpt lat="43.21421540" lon="-6.04523160"><ele>288.46</ele><time>2024-09-07T17:17:12Z</time></trkpt><trkpt lat="43.21421695" lon="-6.04516896"><ele>288.43</ele><time>2024-09-07T17:17:13Z</time></trkpt><trkpt lat="43.21422022" lon="-6.04510155"><ele>288.43</ele><time>2024-09-07T17:17:14Z</time></trkpt><trkpt lat="43.21422406" lon="-6.04503121"><ele>288.45</ele><time>2024-09-07T17:17:15Z</time></trkpt><trkpt lat="43.21422785" lon="-6.04495940"><ele>288.46</ele><time>2024-09-07T17:17:16Z</time></trkpt><trkpt lat="43.21423549" lon="-6.04488709"><ele>288.48</ele><time>2024-09-07T17:17:17Z</time></trkpt><trkpt lat="43.21424884" lon="-6.04481703"><ele>288.40</ele><time>2024-09-07T17:17:18Z</time></trkpt><trkpt lat="43.21426541" lon="-6.04474863"><ele>288.26</ele><time>2024-09-07T17:17:19Z</time></trkpt><trkpt lat="43.21428340" lon="-6.04468129"><ele>288.08</ele><time>2024-09-07T17:17:20Z</time></trkpt><trkpt lat="43.21430587" lon="-6.04461941"><ele>287.99</ele><time>2024-09-07T17:17:21Z</time></trkpt><trkpt lat="43.21432558" lon="-6.04456510"><ele>287.87</ele><time>2024-09-07T17:17:22Z</time></trkpt><trkpt lat="43.21434296" lon="-6.04451509"><ele>287.74</ele><time>2024-09-07T17:17:23Z</time></trkpt><trkpt lat="43.21435870" lon="-6.04446698"><ele>287.61</ele><time>2024-09-07T17:17:24Z</time></trkpt><trkpt lat="43.21437347" lon="-6.04441930"><ele>287.47</ele><time>2024-09-07T17:17:25Z</time></trkpt><trkpt lat="43.21438776" lon="-6.04437126"><ele>287.33</ele><time>2024-09-07T17:17:26Z</time></trkpt><trkpt lat="43.21440192" lon="-6.04432261"><ele>287.19</ele><time>2024-09-07T17:17:27Z</time></trkpt><trkpt lat="43.21441611" lon="-6.04427333"><ele>287.05</ele><time>2024-09-07T17:17:28Z</time></trkpt><trkpt lat="43.21443042" lon="-6.04422358"><ele>286.91</ele><time>2024-09-07T17:17:29Z</time></trkpt><trkpt lat="43.21444485" lon="-6.04417352"><ele>286.78</ele><time>2024-09-07T17:17:30Z</time></trkpt><trkpt lat="43.21445939" lon="-6.04412327"><ele>286.64</ele><time>2024-09-07T17:17:31Z</time></trkpt><trkpt lat="43.21447399" lon="-6.04407296"><ele>286.51</ele><time>2024-09-07T17:17:32Z</time></trkpt><trkpt lat="43.21448863" lon="-6.04402263"><ele>286.37</ele><time>2024-09-07T17:17:33Z</time></trkpt><trkpt lat="43.21450329" lon="-6.04397232"><ele>286.24</ele><time>2024-09-07T17:17:34Z</time></trkpt><trkpt lat="43.21451796" lon="-6.04392204"><ele>286.10</ele><time>2024-09-07T17:17:35Z</time></trkpt><trkpt lat="43.21453952" lon="-6.04387565"><ele>285.89</ele><time>2024-09-07T17:17:36Z</time></trkpt><trkpt lat="43.21456544" lon="-6.04383172"><ele>285.63</ele><time>2024-09-07T17:17:37Z</time></trkpt><trkpt lat="43.21459363" lon="-6.04378907"><ele>285.35</ele><time>2024-09-07T17:17:38Z</time></trkpt><trkpt lat="43.21462265" lon="-6.04374689"><ele>285.06</ele><time>2024-09-07T17:17:39Z</time></trkpt><trkpt lat="43.21465168" lon="-6.04370473"><ele>284.77</ele><time>2024-09-07T17:17:40Z</time></trkpt><trkpt lat="43.21468034" lon="-6.04366236"><ele>284.49</ele><time>2024-09-07T17:17:41Z</time></trkpt><trkpt lat="43.21470854" lon="-6.04361974"><ele>284.20</ele><time>2024-09-07T17:17:42Z</time></trkpt><trkpt lat="43.21474657" lon="-6.04358188"><ele>283.80</ele><time>2024-09-07T17:17:43Z</time></trkpt><trkpt lat="43.21479165" lon="-6.04355283"><ele>283.60</ele><time>2024-09-07T17:17:44Z</time></trkpt><trkpt lat="43.21484049" lon="-6.04352900"><ele>283.53</ele><time>2024-09-07T17:17:45Z</time></trkpt><trkpt lat="43.21489079" lon="-6.04350764"><ele>283.53</ele><time>2024-09-07T17:17:46Z</time></trkpt><trkpt lat="43.21494137" lon="-6.04349318"><ele>283.57</ele><time>2024-09-07T17:17:47Z</time></trkpt><trkpt lat="43.21499262" lon="-6.04348564"><ele>283.40</ele><time>2024-09-07T17:17:48Z</time></trkpt><trkpt lat="43.21504500" lon="-6.04348595"><ele>283.30</ele><time>2024-09-07T17:17:49Z</time></trkpt><trkpt lat="43.21510163" lon="-6.04349236"><ele>283.25</ele><time>2024-09-07T17:17:50Z</time></trkpt><trkpt lat="43.21515565" lon="-6.04350477"><ele>283.17</ele><time>2024-09-07T17:17:51Z</time></trkpt><trkpt lat="43.21520757" lon="-6.04351984"><ele>283.07</ele><time>2024-09-07T17:17:52Z</time></trkpt><trkpt lat="43.21525808" lon="-6.04353548"><ele>282.95</ele><time>2024-09-07T17:17:53Z</time></trkpt><trkpt lat="43.21530778" lon="-6.04355062"><ele>282.82</ele><time>2024-09-07T17:17:54Z</time></trkpt><trkpt lat="43.21535713" lon="-6.04356488"><ele>282.69</ele><time>2024-09-07T17:17:55Z</time></trkpt><trkpt lat="43.21540641" lon="-6.04357828"><ele>282.56</ele><time>2024-09-07T17:17:56Z</time></trkpt><trkpt lat="43.21545575" lon="-6.04359101"><ele>282.43</ele><time>2024-09-07T17:17:57Z</time></trkpt><trkpt lat="43.21550521" lon="-6.04360329"><ele>282.30</ele><time>2024-09-07T17:17:58Z</time></trkpt><trkpt lat="43.21555478" lon="-6.04361533"><ele>282.17</ele><time>2024-09-07T17:17:59Z</time></trkpt><trkpt lat="43.21560444" lon="-6.04362727"><ele>282.05</ele><time>2024-09-07T17:18:00Z</time></trkpt><trkpt lat="43.21565417" lon="-6.04363920"><ele>281.92</ele><time>2024-09-07T17:18:01Z</time></trkpt><trkpt lat="43.21570392" lon="-6.04365115"><ele>281.80</ele><time>2024-09-07T17:18:02Z</time></trkpt><trkpt lat="43.21575365" lon="-6.04365363"><ele>281.65</ele><time>2024-09-07T17:18:03Z</time></trkpt><trkpt lat="43.21580334" lon="-6.04365014"><ele>281.49</ele><time>2024-09-07T17:18:04Z</time></trkpt><trkpt lat="43.21585302" lon="-6.04364356"><ele>281.32</ele><time>2024-09-07T17:18:05Z</time></trkpt><trkpt lat="43.21590055" lon="-6.04363452"><ele>281.24</ele><time>2024-09-07T17:18:06Z</time></trkpt><trkpt lat="43.21594672" lon="-6.04362463"><ele>281.22</ele><time>2024-09-07T17:18:07Z</time></trkpt><trkpt lat="43.21599219" lon="-6.04361482"><ele>281.22</ele><time>2024-09-07T17:18:08Z</time></trkpt><trkpt lat="43.21603740" lon="-6.04360548"><ele>281.24</ele><time>2024-09-07T17:18:09Z</time></trkpt><trkpt lat="43.21608293" lon="-6.04359419"><ele>281.26</ele><time>2024-09-07T17:18:10Z</time></trkpt><trkpt lat="43.21612877" lon="-6.04358179"><ele>281.28</ele><time>2024-09-07T17:18:11Z</time></trkpt><trkpt lat="43.21617485" lon="-6.04356891"><ele>281.29</ele><time>2024-09-07T17:18:12Z</time></trkpt><trkpt lat="43.21622256" lon="-6.04355173"><ele>281.30</ele><time>2024-09-07T17:18:13Z</time></trkpt><trkpt lat="43.21626951" lon="-6.04353173"><ele>281.44</ele><time>2024-09-07T17:18:14Z</time></trkpt><trkpt lat="43.21631585" lon="-6.04351034"><ele>281.66</ele><time>2024-09-07T17:18:15Z</time></trkpt><trkpt lat="43.21636180" lon="-6.04348851"><ele>281.93</ele><time>2024-09-07T17:18:16Z</time></trkpt><trkpt lat="43.21640752" lon="-6.04346677"><ele>282.21</ele><time>2024-09-07T17:18:17Z</time></trkpt><trkpt lat="43.21644837" lon="-6.04344123"><ele>282.36</ele><time>2024-09-07T17:18:18Z</time></trkpt><trkpt lat="43.21648454" lon="-6.04341017"><ele>282.41</ele><time>2024-09-07T17:18:19Z</time></trkpt><trkpt lat="43.21651322" lon="-6.04337379"><ele>282.35</ele><time>2024-09-07T17:18:20Z</time></trkpt><trkpt lat="43.21653771" lon="-6.04333465"><ele>282.21</ele><time>2024-09-07T17:18:21Z</time></trkpt><trkpt lat="43.21656041" lon="-6.04329451"><ele>282.05</ele><time>2024-09-07T17:18:22Z</time></trkpt><trkpt lat="43.21658279" lon="-6.04325436"><ele>281.88</ele><time>2024-09-07T17:18:23Z</time></trkpt><trkpt lat="43.21660722" lon="-6.04321139"><ele>281.78</ele><time>2024-09-07T17:18:24Z</time></trkpt><trkpt lat="43.21663334" lon="-6.04316693"><ele>281.75</ele><time>2024-09-07T17:18:25Z</time></trkpt><trkpt lat="43.21666063" lon="-6.04312188"><ele>281.74</ele><time>2024-09-07T17:18:26Z</time></trkpt><trkpt lat="43.21668860" lon="-6.04307679"><ele>281.75</ele><time>2024-09-07T17:18:27Z</time></trkpt><trkpt lat="43.21671507" lon="-6.04302931"><ele>281.58</ele><time>2024-09-07T17:18:28Z</time></trkpt><trkpt lat="43.21674050" lon="-6.04298047"><ele>281.30</ele><time>2024-09-07T17:18:29Z</time></trkpt><trkpt lat="43.21676528" lon="-6.04293103"><ele>280.96</ele><time>2024-09-07T17:18:30Z</time></trkpt><trkpt lat="43.21678976" lon="-6.04288146"><ele>280.59</ele><time>2024-09-07T17:18:31Z</time></trkpt><trkpt lat="43.21681414" lon="-6.04283200"><ele>280.22</ele><time>2024-09-07T17:18:32Z</time></trkpt><trkpt lat="43.21683855" lon="-6.04278273"><ele>279.85</ele><time>2024-09-07T17:18:33Z</time></trkpt><trkpt lat="43.21686303" lon="-6.04273367"><ele>279.50</ele><time>2024-09-07T17:18:34Z</time></trkpt><trkpt lat="43.21688759" lon="-6.04268475"><ele>279.15</ele><time>2024-09-07T17:18:35Z</time></trkpt><trkpt lat="43.21691221" lon="-6.04263594"><ele>278.82</ele><time>2024-09-07T17:18:36Z</time></trkpt><trkpt lat="43.21693687" lon="-6.04258718"><ele>278.48</ele><time>2024-09-07T17:18:37Z</time></trkpt><trkpt lat="43.21696156" lon="-6.04253844"><ele>278.15</ele><time>2024-09-07T17:18:38Z</time></trkpt><trkpt lat="43.21698627" lon="-6.04248971"><ele>277.83</ele><time>2024-09-07T17:18:39Z</time></trkpt><trkpt lat="43.21701097" lon="-6.04244097"><ele>277.50</ele><time>2024-09-07T17:18:40Z</time></trkpt><trkpt lat="43.21703885" lon="-6.04238363"><ele>277.35</ele><time>2024-09-07T17:18:41Z</time></trkpt><trkpt lat="43.21706872" lon="-6.04232086"><ele>277.31</ele><time>2024-09-07T17:18:42Z</time></trkpt><trkpt lat="43.21709745" lon="-6.04225334"><ele>277.20</ele><time>2024-09-07T17:18:43Z</time></trkpt><trkpt lat="43.21712519" lon="-6.04218357"><ele>277.02</ele><time>2024-09-07T17:18:44Z</time></trkpt><trkpt lat="43.21714920" lon="-6.04211043"><ele>276.94</ele><time>2024-09-07T17:18:45Z</time></trkpt><trkpt lat="43.21716480" lon="-6.04203156"><ele>276.84</ele><time>2024-09-07T17:18:46Z</time></trkpt><trkpt lat="43.21717536" lon="-6.04194971"><ele>276.72</ele><time>2024-09-07T17:18:47Z</time></trkpt><trkpt lat="43.21718348" lon="-6.04186675"><ele>276.60</ele><time>2024-09-07T17:18:48Z</time></trkpt><trkpt lat="43.21719086" lon="-6.04178376"><ele>276.47</ele><time>2024-09-07T17:18:49Z</time></trkpt><trkpt lat="43.21719844" lon="-6.04170124"><ele>276.33</ele><time>2024-09-07T17:18:50Z</time></trkpt><trkpt lat="43.21720659" lon="-6.04161932"><ele>276.19</ele><time>2024-09-07T17:18:51Z</time></trkpt><trkpt lat="43.21721537" lon="-6.04153793"><ele>276.05</ele><time>2024-09-07T17:18:52Z</time></trkpt><trkpt lat="43.21722465" lon="-6.04145693"><ele>275.92</ele><time>2024-09-07T17:18:53Z</time></trkpt><trkpt lat="43.21723430" lon="-6.04137616"><ele>275.78</ele><time>2024-09-07T17:18:54Z</time></trkpt><trkpt lat="43.21724414" lon="-6.04129550"><ele>275.64</ele><time>2024-09-07T17:18:55Z</time></trkpt><trkpt lat="43.21725409" lon="-6.04121489"><ele>275.51</ele><time>2024-09-07T17:18:56Z</time></trkpt><trkpt lat="43.21726406" lon="-6.04113428"><ele>275.37</ele><time>2024-09-07T17:18:57Z</time></trkpt><trkpt lat="43.21727401" lon="-6.04105364"><ele>275.24</ele><time>2024-09-07T17:18:58Z</time></trkpt><trkpt lat="43.21728394" lon="-6.04097298"><ele>275.10</ele><time>2024-09-07T17:18:59Z</time></trkpt><trkpt lat="43.21729148" lon="-6.04090149"><ele>274.90</ele><time>2024-09-07T17:19:00Z</time></trkpt><trkpt lat="43.21729751" lon="-6.04083580"><ele>274.65</ele><time>2024-09-07T17:19:01Z</time></trkpt><trkpt lat="43.21730275" lon="-6.04077312"><ele>274.38</ele><time>2024-09-07T17:19:02Z</time></trkpt><trkpt lat="43.21730769" lon="-6.04071155"><ele>274.10</ele><time>2024-09-07T17:19:03Z</time></trkpt><trkpt lat="43.21731262" lon="-6.04065001"><ele>273.83</ele><time>2024-09-07T17:19:04Z</time></trkpt><trkpt lat="43.21731768" lon="-6.04058797"><ele>273.55</ele><time>2024-09-07T17:19:05Z</time></trkpt><trkpt lat="43.21732290" lon="-6.04052533"><ele>273.28</ele><time>2024-09-07T17:19:06Z</time></trkpt><trkpt lat="43.21732825" lon="-6.04046214"><ele>273.02</ele><time>2024-09-07T17:19:07Z</time></trkpt><trkpt lat="43.21733371" lon="-6.04039857"><ele>272.76</ele><time>2024-09-07T17:19:08Z</time></trkpt><trkpt lat="43.21733922" lon="-6.04033476"><ele>272.50</ele><time>2024-09-07T17:19:09Z</time></trkpt><trkpt lat="43.21734477" lon="-6.04027083"><ele>272.24</ele><time>2024-09-07T17:19:10Z</time></trkpt><trkpt lat="43.21735033" lon="-6.04020685"><ele>271.98</ele><time>2024-09-07T17:19:11Z</time></trkpt><trkpt lat="43.21735589" lon="-6.04014288"><ele>271.72</ele><time>2024-09-07T17:19:12Z</time></trkpt><trkpt lat="43.21736145" lon="-6.04007894"><ele>271.46</ele><time>2024-09-07T17:19:13Z</time></trkpt><trkpt lat="43.21736699" lon="-6.04001502"><ele>271.20</ele><time>2024-09-07T17:19:14Z</time></trkpt><trkpt lat="43.21737661" lon="-6.03995597"><ele>271.08</ele><time>2024-09-07T17:19:15Z</time></trkpt><trkpt lat="43.21739044" lon="-6.03989835"><ele>270.84</ele><time>2024-09-07T17:19:16Z</time></trkpt><trkpt lat="43.21740949" lon="-6.03984701"><ele>270.57</ele><time>2024-09-07T17:19:17Z</time></trkpt><trkpt lat="43.21743137" lon="-6.03979932"><ele>270.30</ele><time>2024-09-07T17:19:18Z</time></trkpt><trkpt lat="43.21745440" lon="-6.03975331"><ele>270.02</ele><time>2024-09-07T17:19:19Z</time></trkpt><trkpt lat="43.21747757" lon="-6.03970774"><ele>269.74</ele><time>2024-09-07T17:19:20Z</time></trkpt><trkpt lat="43.21750038" lon="-6.03966195"><ele>269.47</ele><time>2024-09-07T17:19:21Z</time></trkpt><trkpt lat="43.21752269" lon="-6.03961568"><ele>269.20</ele><time>2024-09-07T17:19:22Z</time></trkpt><trkpt lat="43.21754454" lon="-6.03956891"><ele>268.93</ele><time>2024-09-07T17:19:23Z</time></trkpt><trkpt lat="43.21756606" lon="-6.03952176"><ele>268.67</ele><time>2024-09-07T17:19:24Z</time></trkpt><trkpt lat="43.21758735" lon="-6.03947434"><ele>268.40</ele><time>2024-09-07T17:19:25Z</time></trkpt><trkpt lat="43.21761551" lon="-6.03942817"><ele>268.28</ele><time>2024-09-07T17:19:26Z</time></trkpt><trkpt lat="43.21765131" lon="-6.03938173"><ele>267.98</ele><time>2024-09-07T17:19:27Z</time></trkpt><trkpt lat="43.21769583" lon="-6.03933558"><ele>267.82</ele><time>2024-09-07T17:19:28Z</time></trkpt><trkpt lat="43.21774342" lon="-6.03929343"><ele>267.50</ele><time>2024-09-07T17:19:29Z</time></trkpt><trkpt lat="43.21779786" lon="-6.03925376"><ele>267.33</ele><time>2024-09-07T17:19:30Z</time></trkpt><trkpt lat="43.21785191" lon="-6.03922027"><ele>267.27</ele><time>2024-09-07T17:19:31Z</time></trkpt><trkpt lat="43.21790690" lon="-6.03919034"><ele>266.99</ele><time>2024-09-07T17:19:32Z</time></trkpt><trkpt lat="43.21796189" lon="-6.03916473"><ele>266.85</ele><time>2024-09-07T17:19:33Z</time></trkpt><trkpt lat="43.21801809" lon="-6.03914504"><ele>266.80</ele><time>2024-09-07T17:19:34Z</time></trkpt><trkpt lat="43.21807480" lon="-6.03913331"><ele>266.79</ele><time>2024-09-07T17:19:35Z</time></trkpt><trkpt lat="43.21812996" lon="-6.03912987"><ele>266.95</ele><time>2024-09-07T17:19:36Z</time></trkpt><trkpt lat="43.21818394" lon="-6.03913061"><ele>267.20</ele><time>2024-09-07T17:19:37Z</time></trkpt><trkpt lat="43.21823525" lon="-6.03913880"><ele>267.33</ele><time>2024-09-07T17:19:38Z</time></trkpt><trkpt lat="43.21828494" lon="-6.03915067"><ele>267.36</ele><time>2024-09-07T17:19:39Z</time></trkpt><trkpt lat="43.21833385" lon="-6.03916371"><ele>267.33</ele><time>2024-09-07T17:19:40Z</time></trkpt><trkpt lat="43.21838251" lon="-6.03917654"><ele>267.26</ele><time>2024-09-07T17:19:41Z</time></trkpt><trkpt lat="43.21843123" lon="-6.03918858"><ele>267.18</ele><time>2024-09-07T17:19:42Z</time></trkpt><trkpt lat="43.21848013" lon="-6.03919973"><ele>267.11</ele><time>2024-09-07T17:19:43Z</time></trkpt><trkpt lat="43.21852923" lon="-6.03921014"><ele>267.03</ele><time>2024-09-07T17:19:44Z</time></trkpt><trkpt lat="43.21857849" lon="-6.03922003"><ele>266.96</ele><time>2024-09-07T17:19:45Z</time></trkpt><trkpt lat="43.21862787" lon="-6.03922961"><ele>266.90</ele><time>2024-09-07T17:19:46Z</time></trkpt><trkpt lat="43.21867685" lon="-6.03923678"><ele>266.84</ele><time>2024-09-07T17:19:47Z</time></trkpt><trkpt lat="43.21872557" lon="-6.03924247"><ele>266.79</ele><time>2024-09-07T17:19:48Z</time></trkpt><trkpt lat="43.21877414" lon="-6.03924744"><ele>266.74</ele><time>2024-09-07T17:19:49Z</time></trkpt><trkpt lat="43.21882266" lon="-6.03925216"><ele>266.70</ele><time>2024-09-07T17:19:50Z</time></trkpt><trkpt lat="43.21887117" lon="-6.03925692"><ele>266.65</ele><time>2024-09-07T17:19:51Z</time></trkpt><trkpt lat="43.21891969" lon="-6.03926184"><ele>266.60</ele><time>2024-09-07T17:19:52Z</time></trkpt><trkpt lat="43.21896823" lon="-6.03926692"><ele>266.55</ele><time>2024-09-07T17:19:53Z</time></trkpt><trkpt lat="43.21901680" lon="-6.03927215"><ele>266.50</ele><time>2024-09-07T17:19:54Z</time></trkpt><trkpt lat="43.21906539" lon="-6.03927749"><ele>266.45</ele><time>2024-09-07T17:19:55Z</time></trkpt><trkpt lat="43.21911398" lon="-6.03928288"><ele>266.40</ele><time>2024-09-07T17:19:56Z</time></trkpt><trkpt lat="43.21916444" lon="-6.03928699"><ele>266.38</ele><time>2024-09-07T17:19:57Z</time></trkpt><trkpt lat="43.21921498" lon="-6.03929138"><ele>266.10</ele><time>2024-09-07T17:19:58Z</time></trkpt><trkpt lat="43.21926057" lon="-6.03929374"><ele>265.91</ele><time>2024-09-07T17:19:59Z</time></trkpt><trkpt lat="43.21930296" lon="-6.03929486"><ele>265.80</ele><time>2024-09-07T17:20:00Z</time></trkpt><trkpt lat="43.21934361" lon="-6.03929536"><ele>265.74</ele><time>2024-09-07T17:20:01Z</time></trkpt><trkpt lat="43.21938357" lon="-6.03929564"><ele>265.70</ele><time>2024-09-07T17:20:02Z</time></trkpt><trkpt lat="43.21942345" lon="-6.03929595"><ele>265.68</ele><time>2024-09-07T17:20:03Z</time></trkpt><trkpt lat="43.21946356" lon="-6.03929638"><ele>265.67</ele><time>2024-09-07T17:20:04Z</time></trkpt><trkpt lat="43.21950397" lon="-6.03929694"><ele>265.65</ele><time>2024-09-07T17:20:05Z</time></trkpt><trkpt lat="43.21954467" lon="-6.03929763"><ele>265.63</ele><time>2024-09-07T17:20:06Z</time></trkpt><trkpt lat="43.21958558" lon="-6.03929841"><ele>265.60</ele><time>2024-09-07T17:20:07Z</time></trkpt><trkpt lat="43.21962662" lon="-6.03929924"><ele>265.57</ele><time>2024-09-07T17:20:08Z</time></trkpt><trkpt lat="43.21966773" lon="-6.03930009"><ele>265.54</ele><time>2024-09-07T17:20:09Z</time></trkpt><trkpt lat="43.21970886" lon="-6.03930094"><ele>265.50</ele><time>2024-09-07T17:20:10Z</time></trkpt><trkpt lat="43.21974958" lon="-6.03930185"><ele>265.44</ele><time>2024-09-07T17:20:11Z</time></trkpt><trkpt lat="43.21979001" lon="-6.03930278"><ele>265.37</ele><time>2024-09-07T17:20:12Z</time></trkpt><trkpt lat="43.21983029" lon="-6.03930372"><ele>265.29</ele><time>2024-09-07T17:20:13Z</time></trkpt><trkpt lat="43.21987051" lon="-6.03930466"><ele>265.21</ele><time>2024-09-07T17:20:14Z</time></trkpt><trkpt lat="43.21991072" lon="-6.03930560"><ele>265.12</ele><time>2024-09-07T17:20:15Z</time></trkpt><trkpt lat="43.21995094" lon="-6.03930653"><ele>265.04</ele><time>2024-09-07T17:20:16Z</time></trkpt><trkpt lat="43.21999119" lon="-6.03930746"><ele>264.96</ele><time>2024-09-07T17:20:17Z</time></trkpt><trkpt lat="43.22003146" lon="-6.03930839"><ele>264.88</ele><time>2024-09-07T17:20:18Z</time></trkpt><trkpt lat="43.22007176" lon="-6.03930931"><ele>264.81</ele><time>2024-09-07T17:20:19Z</time></trkpt><trkpt lat="43.22011206" lon="-6.03931023"><ele>264.73</ele><time>2024-09-07T17:20:20Z</time></trkpt><trkpt lat="43.22015237" lon="-6.03931116"><ele>264.65</ele><time>2024-09-07T17:20:21Z</time></trkpt><trkpt lat="43.22019268" lon="-6.03931208"><ele>264.58</ele><time>2024-09-07T17:20:22Z</time></trkpt><trkpt lat="43.22023299" lon="-6.03931300"><ele>264.50</ele><time>2024-09-07T17:20:23Z</time></trkpt><trkpt lat="43.22027118" lon="-6.03930741"><ele>264.44</ele><time>2024-09-07T17:20:24Z</time></trkpt><trkpt lat="43.22030802" lon="-6.03929771"><ele>264.40</ele><time>2024-09-07T17:20:25Z</time></trkpt><trkpt lat="43.22034417" lon="-6.03928587"><ele>264.36</ele><time>2024-09-07T17:20:26Z</time></trkpt><trkpt lat="43.22038005" lon="-6.03927324"><ele>264.32</ele><time>2024-09-07T17:20:27Z</time></trkpt><trkpt lat="43.22041593" lon="-6.03926060"><ele>264.28</ele><time>2024-09-07T17:20:28Z</time></trkpt><trkpt lat="43.22045192" lon="-6.03924830"><ele>264.25</ele><time>2024-09-07T17:20:29Z</time></trkpt><trkpt lat="43.22048806" lon="-6.03923643"><ele>264.21</ele><time>2024-09-07T17:20:30Z</time></trkpt><trkpt lat="43.22052432" lon="-6.03922495"><ele>264.17</ele><time>2024-09-07T17:20:31Z</time></trkpt><trkpt lat="43.22056066" lon="-6.03921374"><ele>264.13</ele><time>2024-09-07T17:20:32Z</time></trkpt><trkpt lat="43.22059707" lon="-6.03920270"><ele>264.08</ele><time>2024-09-07T17:20:33Z</time></trkpt><trkpt lat="43.22063350" lon="-6.03919175"><ele>264.04</ele><time>2024-09-07T17:20:34Z</time></trkpt><trkpt lat="43.22066994" lon="-6.03918082"><ele>264.00</ele><time>2024-09-07T17:20:35Z</time></trkpt><trkpt lat="43.22070929" lon="-6.03917415"><ele>263.82</ele><time>2024-09-07T17:20:36Z</time></trkpt><trkpt lat="43.22075046" lon="-6.03917016"><ele>263.56</ele><time>2024-09-07T17:20:37Z</time></trkpt><trkpt lat="43.22079258" lon="-6.03916754"><ele>263.26</ele><time>2024-09-07T17:20:38Z</time></trkpt><trkpt lat="43.22083504" lon="-6.03916543"><ele>262.94</ele><time>2024-09-07T17:20:39Z</time></trkpt><trkpt lat="43.22087751" lon="-6.03916331"><ele>262.62</ele><time>2024-09-07T17:20:40Z</time></trkpt><trkpt lat="43.22091983" lon="-6.03916096"><ele>262.31</ele><time>2024-09-07T17:20:41Z</time></trkpt><trkpt lat="43.22096194" lon="-6.03915833"><ele>262.00</ele><time>2024-09-07T17:20:42Z</time></trkpt><trkpt lat="43.22100389" lon="-6.03915544"><ele>261.71</ele><time>2024-09-07T17:20:43Z</time></trkpt><trkpt lat="43.22104572" lon="-6.03915238"><ele>261.41</ele><time>2024-09-07T17:20:44Z</time></trkpt><trkpt lat="43.22108747" lon="-6.03914920"><ele>261.13</ele><time>2024-09-07T17:20:45Z</time></trkpt><trkpt lat="43.22112918" lon="-6.03914597"><ele>260.84</ele><time>2024-09-07T17:20:46Z</time></trkpt><trkpt lat="43.22117088" lon="-6.03914272"><ele>260.56</ele><time>2024-09-07T17:20:47Z</time></trkpt><trkpt lat="43.22121258" lon="-6.03913947"><ele>260.27</ele><time>2024-09-07T17:20:48Z</time></trkpt><trkpt lat="43.22125429" lon="-6.03913623"><ele>259.99</ele><time>2024-09-07T17:20:49Z</time></trkpt><trkpt lat="43.22129601" lon="-6.03913301"><ele>259.70</ele><time>2024-09-07T17:20:50Z</time></trkpt><trkpt lat="43.22133842" lon="-6.03913236"><ele>259.71</ele><time>2024-09-07T17:20:51Z</time></trkpt><trkpt lat="43.22138128" lon="-6.03913335"><ele>259.90</ele><time>2024-09-07T17:20:52Z</time></trkpt><trkpt lat="43.22142706" lon="-6.03913361"><ele>259.82</ele><time>2024-09-07T17:20:53Z</time></trkpt><trkpt lat="43.22147463" lon="-6.03913321"><ele>259.55</ele><time>2024-09-07T17:20:54Z</time></trkpt><trkpt lat="43.22152308" lon="-6.03913231"><ele>259.17</ele><time>2024-09-07T17:20:55Z</time></trkpt><trkpt lat="43.22157182" lon="-6.03913107"><ele>258.72</ele><time>2024-09-07T17:20:56Z</time></trkpt><trkpt lat="43.22162052" lon="-6.03912967"><ele>258.25</ele><time>2024-09-07T17:20:57Z</time></trkpt><trkpt lat="43.22166904" lon="-6.03912819"><ele>257.79</ele><time>2024-09-07T17:20:58Z</time></trkpt><trkpt lat="43.22171735" lon="-6.03912671"><ele>257.34</ele><time>2024-09-07T17:20:59Z</time></trkpt><trkpt lat="43.22176548" lon="-6.03912525"><ele>256.90</ele><time>2024-09-07T17:21:00Z</time></trkpt><trkpt lat="43.22181349" lon="-6.03912382"><ele>256.47</ele><time>2024-09-07T17:21:01Z</time></trkpt><trkpt lat="43.22186143" lon="-6.03912243"><ele>256.05</ele><time>2024-09-07T17:21:02Z</time></trkpt><trkpt lat="43.22190933" lon="-6.03912105"><ele>255.63</ele><time>2024-09-07T17:21:03Z</time></trkpt><trkpt lat="43.22195722" lon="-6.03911969"><ele>255.22</ele><time>2024-09-07T17:21:04Z</time></trkpt><trkpt lat="43.22200512" lon="-6.03911834"><ele>254.81</ele><time>2024-09-07T17:21:05Z</time></trkpt><trkpt lat="43.22205302" lon="-6.03911699"><ele>254.40</ele><time>2024-09-07T17:21:06Z</time></trkpt><trkpt lat="43.22209396" lon="-6.03911482"><ele>254.29</ele><time>2024-09-07T17:21:07Z</time></trkpt><trkpt lat="43.22213050" lon="-6.03911214"><ele>254.38</ele><time>2024-09-07T17:21:08Z</time></trkpt><trkpt lat="43.22216475" lon="-6.03910919"><ele>254.56</ele><time>2024-09-07T17:21:09Z</time></trkpt><trkpt lat="43.22219815" lon="-6.03910615"><ele>254.79</ele><time>2024-09-07T17:21:10Z</time></trkpt><trkpt lat="43.22223155" lon="-6.03910309"><ele>255.01</ele><time>2024-09-07T17:21:11Z</time></trkpt><trkpt lat="43.22226531" lon="-6.03910009"><ele>255.22</ele><time>2024-09-07T17:21:12Z</time></trkpt><trkpt lat="43.22229954" lon="-6.03909713"><ele>255.40</ele><time>2024-09-07T17:21:13Z</time></trkpt><trkpt lat="43.22233417" lon="-6.03909422"><ele>255.57</ele><time>2024-09-07T17:21:14Z</time></trkpt><trkpt lat="43.22236910" lon="-6.03909135"><ele>255.73</ele><time>2024-09-07T17:21:15Z</time></trkpt><trkpt lat="43.22240422" lon="-6.03908850"><ele>255.88</ele><time>2024-09-07T17:21:16Z</time></trkpt><trkpt lat="43.22243942" lon="-6.03908566"><ele>256.02</ele><time>2024-09-07T17:21:17Z</time></trkpt><trkpt lat="43.22247465" lon="-6.03908282"><ele>256.16</ele><time>2024-09-07T17:21:18Z</time></trkpt><trkpt lat="43.22250989" lon="-6.03907999"><ele>256.31</ele><time>2024-09-07T17:21:19Z</time></trkpt><trkpt lat="43.22254611" lon="-6.03908264"><ele>256.39</ele><time>2024-09-07T17:21:20Z</time></trkpt><trkpt lat="43.22258294" lon="-6.03908876"><ele>256.43</ele><time>2024-09-07T17:21:21Z</time></trkpt><trkpt lat="43.22262010" lon="-6.03909669"><ele>256.46</ele><time>2024-09-07T17:21:22Z</time></trkpt><trkpt lat="43.22265736" lon="-6.03910528"><ele>256.48</ele><time>2024-09-07T17:21:23Z</time></trkpt><trkpt lat="43.22269461" lon="-6.03911388"><ele>256.50</ele><time>2024-09-07T17:21:24Z</time></trkpt><trkpt lat="43.22273181" lon="-6.03912219"><ele>256.53</ele><time>2024-09-07T17:21:25Z</time></trkpt><trkpt lat="43.22276894" lon="-6.03913014"><ele>256.55</ele><time>2024-09-07T17:21:26Z</time></trkpt><trkpt lat="43.22280601" lon="-6.03913776"><ele>256.59</ele><time>2024-09-07T17:21:27Z</time></trkpt><trkpt lat="43.22284304" lon="-6.03914515"><ele>256.62</ele><time>2024-09-07T17:21:28Z</time></trkpt><trkpt lat="43.22288005" lon="-6.03915240"><ele>256.65</ele><time>2024-09-07T17:21:29Z</time></trkpt><trkpt lat="43.22291704" lon="-6.03915957"><ele>256.69</ele><time>2024-09-07T17:21:30Z</time></trkpt><trkpt lat="43.22295403" lon="-6.03916672"><ele>256.73</ele><time>2024-09-07T17:21:31Z</time></trkpt><trkpt lat="43.22299102" lon="-6.03917388"><ele>256.76</ele><time>2024-09-07T17:21:32Z</time></trkpt><trkpt lat="43.22302801" lon="-6.03918104"><ele>256.80</ele><time>2024-09-07T17:21:33Z</time></trkpt><trkpt lat="43.22305904" lon="-6.03920313"><ele>256.95</ele><time>2024-09-07T17:21:34Z</time></trkpt><trkpt lat="43.22308631" lon="-6.03923463"><ele>257.17</ele><time>2024-09-07T17:21:35Z</time></trkpt><trkpt lat="43.22311163" lon="-6.03927105"><ele>257.42</ele><time>2024-09-07T17:21:36Z</time></trkpt><trkpt lat="43.22313622" lon="-6.03930928"><ele>257.69</ele><time>2024-09-07T17:21:37Z</time></trkpt><trkpt lat="43.22316079" lon="-6.03934755"><ele>257.96</ele><time>2024-09-07T17:21:38Z</time></trkpt><trkpt lat="43.22318569" lon="-6.03938502"><ele>258.23</ele><time>2024-09-07T17:21:39Z</time></trkpt><trkpt lat="43.22321098" lon="-6.03942151"><ele>258.48</ele><time>2024-09-07T17:21:40Z</time></trkpt><trkpt lat="43.22323662" lon="-6.03945712"><ele>258.73</ele><time>2024-09-07T17:21:41Z</time></trkpt><trkpt lat="43.22326251" lon="-6.03949210"><ele>258.98</ele><time>2024-09-07T17:21:42Z</time></trkpt><trkpt lat="43.22328856" lon="-6.03952669"><ele>259.22</ele><time>2024-09-07T17:21:43Z</time></trkpt><trkpt lat="43.22331468" lon="-6.03956108"><ele>259.46</ele><time>2024-09-07T17:21:44Z</time></trkpt><trkpt lat="43.22334084" lon="-6.03959541"><ele>259.70</ele><time>2024-09-07T17:21:45Z</time></trkpt><trkpt lat="43.22337349" lon="-6.03962182"><ele>260.08</ele><time>2024-09-07T17:21:46Z</time></trkpt><trkpt lat="43.22341352" lon="-6.03963181"><ele>260.50</ele><time>2024-09-07T17:21:47Z</time></trkpt><trkpt lat="43.22346101" lon="-6.03962709"><ele>260.49</ele><time>2024-09-07T17:21:48Z</time></trkpt><trkpt lat="43.22351024" lon="-6.03960091"><ele>260.43</ele><time>2024-09-07T17:21:49Z</time></trkpt><trkpt lat="43.22355521" lon="-6.03955383"><ele>260.35</ele><time>2024-09-07T17:21:50Z</time></trkpt><trkpt lat="43.22359347" lon="-6.03949130"><ele>260.28</ele><time>2024-09-07T17:21:51Z</time></trkpt><trkpt lat="43.22362518" lon="-6.03942045"><ele>260.23</ele><time>2024-09-07T17:21:52Z</time></trkpt><trkpt lat="43.22365421" lon="-6.03934619"><ele>260.20</ele><time>2024-09-07T17:21:53Z</time></trkpt><trkpt lat="43.22368442" lon="-6.03927323"><ele>259.92</ele><time>2024-09-07T17:21:54Z</time></trkpt><trkpt lat="43.22371488" lon="-6.03920441"><ele>259.74</ele><time>2024-09-07T17:21:55Z</time></trkpt><trkpt lat="43.22374960" lon="-6.03914624"><ele>259.65</ele><time>2024-09-07T17:21:56Z</time></trkpt><trkpt lat="43.22379100" lon="-6.03910271"><ele>259.62</ele><time>2024-09-07T17:21:57Z</time></trkpt><trkpt lat="43.22383377" lon="-6.03907834"><ele>259.54</ele><time>2024-09-07T17:21:58Z</time></trkpt><trkpt lat="43.22387683" lon="-6.03906469"><ele>259.43</ele><time>2024-09-07T17:21:59Z</time></trkpt><trkpt lat="43.22391962" lon="-6.03905567"><ele>259.29</ele><time>2024-09-07T17:22:00Z</time></trkpt><trkpt lat="43.22396195" lon="-6.03904751"><ele>259.13</ele><time>2024-09-07T17:22:01Z</time></trkpt><trkpt lat="43.22400383" lon="-6.03903832"><ele>258.97</ele><time>2024-09-07T17:22:02Z</time></trkpt><trkpt lat="43.22404535" lon="-6.03902747"><ele>258.82</ele><time>2024-09-07T17:22:03Z</time></trkpt><trkpt lat="43.22408664" lon="-6.03901502"><ele>258.66</ele><time>2024-09-07T17:22:04Z</time></trkpt><trkpt lat="43.22412781" lon="-6.03900134"><ele>258.50</ele><time>2024-09-07T17:22:05Z</time></trkpt><trkpt lat="43.22416892" lon="-6.03898687"><ele>258.35</ele><time>2024-09-07T17:22:06Z</time></trkpt><trkpt lat="43.22421002" lon="-6.03897195"><ele>258.20</ele><time>2024-09-07T17:22:07Z</time></trkpt><trkpt lat="43.22425114" lon="-6.03895687"><ele>258.05</ele><time>2024-09-07T17:22:08Z</time></trkpt><trkpt lat="43.22429228" lon="-6.03894176"><ele>257.90</ele><time>2024-09-07T17:22:09Z</time></trkpt><trkpt lat="43.22433344" lon="-6.03892670"><ele>257.75</ele><time>2024-09-07T17:22:10Z</time></trkpt><trkpt lat="43.22437461" lon="-6.03891172"><ele>257.60</ele><time>2024-09-07T17:22:11Z</time></trkpt><trkpt lat="43.22441580" lon="-6.03889681"><ele>257.45</ele><time>2024-09-07T17:22:12Z</time></trkpt><trkpt lat="43.22445699" lon="-6.03888196"><ele>257.30</ele><time>2024-09-07T17:22:13Z</time></trkpt><trkpt lat="43.22449447" lon="-6.03886568"><ele>257.20</ele><time>2024-09-07T17:22:14Z</time></trkpt><trkpt lat="43.22452962" lon="-6.03884851"><ele>257.12</ele><time>2024-09-07T17:22:15Z</time></trkpt><trkpt lat="43.22456354" lon="-6.03883087"><ele>257.06</ele><time>2024-09-07T17:22:16Z</time></trkpt><trkpt lat="43.22459701" lon="-6.03881306"><ele>257.00</ele><time>2024-09-07T17:22:17Z</time></trkpt><trkpt lat="43.22463048" lon="-6.03879523"><ele>256.95</ele><time>2024-09-07T17:22:18Z</time></trkpt><trkpt lat="43.22466414" lon="-6.03877749"><ele>256.89</ele><time>2024-09-07T17:22:19Z</time></trkpt><trkpt lat="43.22469805" lon="-6.03875983"><ele>256.83</ele><time>2024-09-07T17:22:20Z</time></trkpt><trkpt lat="43.22473217" lon="-6.03874226"><ele>256.77</ele><time>2024-09-07T17:22:21Z</time></trkpt><trkpt lat="43.22476645" lon="-6.03872474"><ele>256.70</ele><time>2024-09-07T17:22:22Z</time></trkpt><trkpt lat="43.22480083" lon="-6.03870727"><ele>256.64</ele><time>2024-09-07T17:22:23Z</time></trkpt><trkpt lat="43.22483526" lon="-6.03868981"><ele>256.57</ele><time>2024-09-07T17:22:24Z</time></trkpt><trkpt lat="43.22486970" lon="-6.03867236"><ele>256.50</ele><time>2024-09-07T17:22:25Z</time></trkpt><trkpt lat="43.22490414" lon="-6.03865491"><ele>256.43</ele><time>2024-09-07T17:22:26Z</time></trkpt><trkpt lat="43.22493857" lon="-6.03863746"><ele>256.37</ele><time>2024-09-07T17:22:27Z</time></trkpt><trkpt lat="43.22497299" lon="-6.03862000"><ele>256.30</ele><time>2024-09-07T17:22:28Z</time></trkpt><trkpt lat="43.22499844" lon="-6.03860334"><ele>256.27</ele><time>2024-09-07T17:22:29Z</time></trkpt><trkpt lat="43.22501824" lon="-6.03858718"><ele>256.26</ele><time>2024-09-07T17:22:30Z</time></trkpt><trkpt lat="43.22503126" lon="-6.03856855"><ele>256.27</ele><time>2024-09-07T17:22:31Z</time></trkpt><trkpt lat="43.22504133" lon="-6.03854884"><ele>256.28</ele><time>2024-09-07T17:22:32Z</time></trkpt><trkpt lat="43.22505210" lon="-6.03853241"><ele>256.29</ele><time>2024-09-07T17:22:33Z</time></trkpt><trkpt lat="43.22506737" lon="-6.03852365"><ele>256.29</ele><time>2024-09-07T17:22:34Z</time></trkpt><trkpt lat="43.22508700" lon="-6.03852233"><ele>256.30</ele><time>2024-09-07T17:22:35Z</time></trkpt><trkpt lat="43.22511041" lon="-6.03852510"><ele>256.08</ele><time>2024-09-07T17:22:36Z</time></trkpt><trkpt lat="43.22513206" lon="-6.03852792"><ele>255.95</ele><time>2024-09-07T17:22:37Z</time></trkpt><trkpt lat="43.22514241" lon="-6.03853030"><ele>255.93</ele><time>2024-09-07T17:22:38Z</time></trkpt><trkpt lat="43.22514548" lon="-6.03853190"><ele>255.99</ele><time>2024-09-07T17:22:39Z</time></trkpt><trkpt lat="43.22514464" lon="-6.03853272"><ele>256.10</ele><time>2024-09-07T17:22:40Z</time></trkpt><trkpt lat="43.22514224" lon="-6.03853295"><ele>256.22</ele><time>2024-09-07T17:22:41Z</time></trkpt><trkpt lat="43.22513970" lon="-6.03853277"><ele>256.35</ele><time>2024-09-07T17:22:42Z</time></trkpt><trkpt lat="43.22513768" lon="-6.03853238"><ele>256.47</ele><time>2024-09-07T17:22:43Z</time></trkpt><trkpt lat="43.22513637" lon="-6.03853190"><ele>256.59</ele><time>2024-09-07T17:22:44Z</time></trkpt><trkpt lat="43.22513570" lon="-6.03853140"><ele>256.70</ele><time>2024-09-07T17:22:45Z</time></trkpt><trkpt lat="43.22513552" lon="-6.03853092"><ele>256.80</ele><time>2024-09-07T17:22:46Z</time></trkpt><trkpt lat="43.22513564" lon="-6.03853048"><ele>256.90</ele><time>2024-09-07T17:22:47Z</time></trkpt><trkpt lat="43.22513592" lon="-6.03853008"><ele>257.00</ele><time>2024-09-07T17:22:48Z</time></trkpt><trkpt lat="43.22513626" lon="-6.03852970"><ele>257.10</ele><time>2024-09-07T17:22:49Z</time></trkpt><trkpt lat="43.22513659" lon="-6.03852933"><ele>257.20</ele><time>2024-09-07T17:22:50Z</time></trkpt><trkpt lat="43.22513690" lon="-6.03852898"><ele>257.30</ele><time>2024-09-07T17:22:51Z</time></trkpt><trkpt lat="43.22513720" lon="-6.03853033"><ele>257.30</ele><time>2024-09-07T17:22:52Z</time></trkpt><trkpt lat="43.22513747" lon="-6.03853276"><ele>257.23</ele><time>2024-09-07T17:22:53Z</time></trkpt><trkpt lat="43.22513772" lon="-6.03853574"><ele>257.12</ele><time>2024-09-07T17:22:54Z</time></trkpt><trkpt lat="43.22513797" lon="-6.03853894"><ele>257.01</ele><time>2024-09-07T17:22:55Z</time></trkpt><trkpt lat="43.22513820" lon="-6.03854213"><ele>256.89</ele><time>2024-09-07T17:22:56Z</time></trkpt><trkpt lat="43.22513844" lon="-6.03854523"><ele>256.78</ele><time>2024-09-07T17:22:57Z</time></trkpt><trkpt lat="43.22513867" lon="-6.03854822"><ele>256.67</ele><time>2024-09-07T17:22:58Z</time></trkpt><trkpt lat="43.22513891" lon="-6.03855111"><ele>256.58</ele><time>2024-09-07T17:22:59Z</time></trkpt><trkpt lat="43.22513914" lon="-6.03855393"><ele>256.48</ele><time>2024-09-07T17:23:00Z</time></trkpt><trkpt lat="43.22513938" lon="-6.03855670"><ele>256.39</ele><time>2024-09-07T17:23:01Z</time></trkpt><trkpt lat="43.22513962" lon="-6.03855945"><ele>256.30</ele><time>2024-09-07T17:23:02Z</time></trkpt><trkpt lat="43.22513986" lon="-6.03856219"><ele>256.21</ele><time>2024-09-07T17:23:03Z</time></trkpt><trkpt lat="43.22514009" lon="-6.03856493"><ele>256.12</ele><time>2024-09-07T17:23:04Z</time></trkpt><trkpt lat="43.22514033" lon="-6.03856768"><ele>256.03</ele><time>2024-09-07T17:23:05Z</time></trkpt><trkpt lat="43.22514057" lon="-6.03857043"><ele>255.94</ele><time>2024-09-07T17:23:06Z</time></trkpt><trkpt lat="43.22514081" lon="-6.03857319"><ele>255.85</ele><time>2024-09-07T17:23:07Z</time></trkpt><trkpt lat="43.22514105" lon="-6.03857595"><ele>255.76</ele><time>2024-09-07T17:23:08Z</time></trkpt><trkpt lat="43.22514129" lon="-6.03857871"><ele>255.67</ele><time>2024-09-07T17:23:09Z</time></trkpt><trkpt lat="43.22514152" lon="-6.03858147"><ele>255.58</ele><time>2024-09-07T17:23:10Z</time></trkpt><trkpt lat="43.22514176" lon="-6.03858424"><ele>255.49</ele><time>2024-09-07T17:23:11Z</time></trkpt><trkpt lat="43.22514200" lon="-6.03858700"><ele>255.40</ele><time>2024-09-07T17:23:12Z</time></trkpt><trkpt lat="43.22514213" lon="-6.03858788"><ele>255.36</ele><time>2024-09-07T17:23:13Z</time></trkpt><trkpt lat="43.22514220" lon="-6.03858758"><ele>255.35</ele><time>2024-09-07T17:23:14Z</time></trkpt><trkpt lat="43.22514223" lon="-6.03858665"><ele>255.36</ele><time>2024-09-07T17:23:15Z</time></trkpt><trkpt lat="43.22514225" lon="-6.03858550"><ele>255.37</ele><time>2024-09-07T17:23:16Z</time></trkpt><trkpt lat="43.22514227" lon="-6.03858434"><ele>255.38</ele><time>2024-09-07T17:23:17Z</time></trkpt><trkpt lat="43.22514229" lon="-6.03858328"><ele>255.39</ele><time>2024-09-07T17:23:18Z</time></trkpt><trkpt lat="43.22514233" lon="-6.03858235"><ele>255.40</ele><time>2024-09-07T17:23:19Z</time></trkpt><trkpt lat="43.22514236" lon="-6.03858153"><ele>255.40</ele><time>2024-09-07T17:23:20Z</time></trkpt><trkpt lat="43.22514240" lon="-6.03858079"><ele>255.40</ele><time>2024-09-07T17:23:21Z</time></trkpt><trkpt lat="43.22514245" lon="-6.03858009"><ele>255.40</ele><time>2024-09-07T17:23:22Z</time></trkpt><trkpt lat="43.22514250" lon="-6.03857943"><ele>255.40</ele><time>2024-09-07T17:23:23Z</time></trkpt><trkpt lat="43.22514254" lon="-6.03857877"><ele>255.40</ele><time>2024-09-07T17:23:24Z</time></trkpt><trkpt lat="43.22514259" lon="-6.03857811"><ele>255.40</ele><time>2024-09-07T17:23:25Z</time></trkpt><trkpt lat="43.22514264" lon="-6.03857744"><ele>255.40</ele><time>2024-09-07T17:23:26Z</time></trkpt><trkpt lat="43.22514268" lon="-6.03857677"><ele>255.40</ele><time>2024-09-07T17:23:27Z</time></trkpt><trkpt lat="43.22514273" lon="-6.03857609"><ele>255.40</ele><time>2024-09-07T17:23:28Z</time></trkpt><trkpt lat="43.22514277" lon="-6.03857541"><ele>255.40</ele><time>2024-09-07T17:23:29Z</time></trkpt><trkpt lat="43.22514282" lon="-6.03857473"><ele>255.40</ele><time>2024-09-07T17:23:30Z</time></trkpt><trkpt lat="43.22514286" lon="-6.03857405"><ele>255.40</ele><time>2024-09-07T17:23:31Z</time></trkpt><trkpt lat="43.22514291" lon="-6.03857337"><ele>255.40</ele><time>2024-09-07T17:23:32Z</time></trkpt><trkpt lat="43.22514295" lon="-6.03857268"><ele>255.40</ele><time>2024-09-07T17:23:33Z</time></trkpt><trkpt lat="43.22514300" lon="-6.03857200"><ele>255.40</ele><time>2024-09-07T17:23:34Z</time></trkpt><trkpt lat="43.22514420" lon="-6.03857102"><ele>255.42</ele><time>2024-09-07T17:23:35Z</time></trkpt><trkpt lat="43.22514614" lon="-6.03856986"><ele>255.44</ele><time>2024-09-07T17:23:36Z</time></trkpt><trkpt lat="43.22514845" lon="-6.03856860"><ele>255.47</ele><time>2024-09-07T17:23:37Z</time></trkpt><trkpt lat="43.22515091" lon="-6.03856730"><ele>255.50</ele><time>2024-09-07T17:23:38Z</time></trkpt><trkpt lat="43.22515337" lon="-6.03856601"><ele>255.53</ele><time>2024-09-07T17:23:39Z</time></trkpt><trkpt lat="43.22515577" lon="-6.03856473"><ele>255.56</ele><time>2024-09-07T17:23:40Z</time></trkpt><trkpt lat="43.22515809" lon="-6.03856346"><ele>255.59</ele><time>2024-09-07T17:23:41Z</time></trkpt><trkpt lat="43.22516034" lon="-6.03856222"><ele>255.62</ele><time>2024-09-07T17:23:42Z</time></trkpt><trkpt lat="43.22516255" lon="-6.03856099"><ele>255.65</ele><time>2024-09-07T17:23:43Z</time></trkpt><trkpt lat="43.22516472" lon="-6.03855976"><ele>255.68</ele><time>2024-09-07T17:23:44Z</time></trkpt><trkpt lat="43.22516688" lon="-6.03855854"><ele>255.71</ele><time>2024-09-07T17:23:45Z</time></trkpt><trkpt lat="43.22516903" lon="-6.03855733"><ele>255.73</ele><time>2024-09-07T17:23:46Z</time></trkpt><trkpt lat="43.22517119" lon="-6.03855611"><ele>255.76</ele><time>2024-09-07T17:23:47Z</time></trkpt><trkpt lat="43.22517334" lon="-6.03855489"><ele>255.79</ele><time>2024-09-07T17:23:48Z</time></trkpt><trkpt lat="43.22517550" lon="-6.03855367"><ele>255.82</ele><time>2024-09-07T17:23:49Z</time></trkpt><trkpt lat="43.22517767" lon="-6.03855244"><ele>255.84</ele><time>2024-09-07T17:23:50Z</time></trkpt><trkpt lat="43.22517983" lon="-6.03855122"><ele>255.87</ele><time>2024-09-07T17:23:51Z</time></trkpt><trkpt lat="43.22518200" lon="-6.03855000"><ele>255.90</ele><time>2024-09-07T17:23:52Z</time></trkpt><trkpt lat="43.22519655" lon="-6.03855063"><ele>255.98</ele><time>2024-09-07T17:23:53Z</time></trkpt><trkpt lat="43.22521890" lon="-6.03855243"><ele>256.08</ele><time>2024-09-07T17:23:54Z</time></trkpt><trkpt lat="43.22524533" lon="-6.03855483"><ele>256.21</ele><time>2024-09-07T17:23:55Z</time></trkpt><trkpt lat="43.22527327" lon="-6.03855746"><ele>256.34</ele><time>2024-09-07T17:23:56Z</time></trkpt><trkpt lat="43.22530123" lon="-6.03856009"><ele>256.46</ele><time>2024-09-07T17:23:57Z</time></trkpt><trkpt lat="43.22532853" lon="-6.03856263"><ele>256.59</ele><time>2024-09-07T17:23:58Z</time></trkpt><trkpt lat="43.22535501" lon="-6.03856504"><ele>256.71</ele><time>2024-09-07T17:23:59Z</time></trkpt><trkpt lat="43.22538077" lon="-6.03856735"><ele>256.83</ele><time>2024-09-07T17:24:00Z</time></trkpt><trkpt lat="43.22540600" lon="-6.03856957"><ele>256.95</ele><time>2024-09-07T17:24:01Z</time></trkpt><trkpt lat="43.22543091" lon="-6.03857175"><ele>257.07</ele><time>2024-09-07T17:24:02Z</time></trkpt><trkpt lat="43.22545565" lon="-6.03857391"><ele>257.19</ele><time>2024-09-07T17:24:03Z</time></trkpt><trkpt lat="43.22548034" lon="-6.03857605"><ele>257.30</ele><time>2024-09-07T17:24:04Z</time></trkpt><trkpt lat="43.22551010" lon="-6.03857756"><ele>257.30</ele><time>2024-09-07T17:24:05Z</time></trkpt><trkpt lat="43.22554308" lon="-6.03857867"><ele>257.22</ele><time>2024-09-07T17:24:06Z</time></trkpt><trkpt lat="43.22557776" lon="-6.03857958"><ele>257.11</ele><time>2024-09-07T17:24:07Z</time></trkpt><trkpt lat="43.22561309" lon="-6.03858041"><ele>256.98</ele><time>2024-09-07T17:24:08Z</time></trkpt><trkpt lat="43.22564846" lon="-6.03858125"><ele>256.85</ele><time>2024-09-07T17:24:09Z</time></trkpt><trkpt lat="43.22568357" lon="-6.03858212"><ele>256.72</ele><time>2024-09-07T17:24:10Z</time></trkpt><trkpt lat="43.22571834" lon="-6.03858304"><ele>256.61</ele><time>2024-09-07T17:24:11Z</time></trkpt><trkpt lat="43.22575283" lon="-6.03858399"><ele>256.50</ele><time>2024-09-07T17:24:12Z</time></trkpt><trkpt lat="43.22578710" lon="-6.03858497"><ele>256.40</ele><time>2024-09-07T17:24:13Z</time></trkpt><trkpt lat="43.22582123" lon="-6.03858597"><ele>256.29</ele><time>2024-09-07T17:24:14Z</time></trkpt><trkpt lat="43.22585808" lon="-6.03858523"><ele>256.18</ele><time>2024-09-07T17:24:15Z</time></trkpt><trkpt lat="43.22589667" lon="-6.03858338"><ele>256.06</ele><time>2024-09-07T17:24:16Z</time></trkpt><trkpt lat="43.22593617" lon="-6.03858097"><ele>255.93</ele><time>2024-09-07T17:24:17Z</time></trkpt><trkpt lat="43.22597603" lon="-6.03857833"><ele>255.80</ele><time>2024-09-07T17:24:18Z</time></trkpt><trkpt lat="43.22601590" lon="-6.03857570"><ele>255.67</ele><time>2024-09-07T17:24:19Z</time></trkpt><trkpt lat="43.22605564" lon="-6.03857315"><ele>255.54</ele><time>2024-09-07T17:24:20Z</time></trkpt><trkpt lat="43.22609521" lon="-6.03857072"><ele>255.41</ele><time>2024-09-07T17:24:21Z</time></trkpt><trkpt lat="43.22613461" lon="-6.03856839"><ele>255.29</ele><time>2024-09-07T17:24:22Z</time></trkpt><trkpt lat="43.22617390" lon="-6.03856613"><ele>255.16</ele><time>2024-09-07T17:24:23Z</time></trkpt><trkpt lat="43.22621312" lon="-6.03856392"><ele>255.03</ele><time>2024-09-07T17:24:24Z</time></trkpt><trkpt lat="43.22625231" lon="-6.03856173"><ele>254.91</ele><time>2024-09-07T17:24:25Z</time></trkpt><trkpt lat="43.22629148" lon="-6.03855955"><ele>254.78</ele><time>2024-09-07T17:24:26Z</time></trkpt><trkpt lat="43.22633065" lon="-6.03855737"><ele>254.65</ele><time>2024-09-07T17:24:27Z</time></trkpt><trkpt lat="43.22636982" lon="-6.03855519"><ele>254.53</ele><time>2024-09-07T17:24:28Z</time></trkpt><trkpt lat="43.22640901" lon="-6.03855300"><ele>254.40</ele><time>2024-09-07T17:24:29Z</time></trkpt><trkpt lat="43.22645115" lon="-6.03855328"><ele>254.36</ele><time>2024-09-07T17:24:30Z</time></trkpt><trkpt lat="43.22649515" lon="-6.03855512"><ele>254.38</ele><time>2024-09-07T17:24:31Z</time></trkpt><trkpt lat="43.22654013" lon="-6.03855777"><ele>254.42</ele><time>2024-09-07T17:24:32Z</time></trkpt><trkpt lat="43.22658547" lon="-6.03856072"><ele>254.48</ele><time>2024-09-07T17:24:33Z</time></trkpt><trkpt lat="43.22663082" lon="-6.03856368"><ele>254.53</ele><time>2024-09-07T17:24:34Z</time></trkpt><trkpt lat="43.22667601" lon="-6.03856651"><ele>254.58</ele><time>2024-09-07T17:24:35Z</time></trkpt><trkpt lat="43.22672100" lon="-6.03856917"><ele>254.63</ele><time>2024-09-07T17:24:36Z</time></trkpt><trkpt lat="43.22676582" lon="-6.03857169"><ele>254.67</ele><time>2024-09-07T17:24:37Z</time></trkpt><trkpt lat="43.22681052" lon="-6.03857410"><ele>254.70</ele><time>2024-09-07T17:24:38Z</time></trkpt><trkpt lat="43.22685514" lon="-6.03857645"><ele>254.74</ele><time>2024-09-07T17:24:39Z</time></trkpt><trkpt lat="43.22689972" lon="-6.03857876"><ele>254.77</ele><time>2024-09-07T17:24:40Z</time></trkpt><trkpt lat="43.22694428" lon="-6.03858107"><ele>254.80</ele><time>2024-09-07T17:24:41Z</time></trkpt><trkpt lat="43.22698885" lon="-6.03858337"><ele>254.83</ele><time>2024-09-07T17:24:42Z</time></trkpt><trkpt lat="43.22703342" lon="-6.03858569"><ele>254.87</ele><time>2024-09-07T17:24:43Z</time></trkpt><trkpt lat="43.22707801" lon="-6.03858801"><ele>254.90</ele><time>2024-09-07T17:24:44Z</time></trkpt><trkpt lat="43.22712265" lon="-6.03858347"><ele>254.99</ele><time>2024-09-07T17:24:45Z</time></trkpt><trkpt lat="43.22716733" lon="-6.03857461"><ele>255.13</ele><time>2024-09-07T17:24:46Z</time></trkpt><trkpt lat="43.22721203" lon="-6.03856349"><ele>255.28</ele><time>2024-09-07T17:24:47Z</time></trkpt><trkpt lat="43.22725673" lon="-6.03855154"><ele>255.44</ele><time>2024-09-07T17:24:48Z</time></trkpt><trkpt lat="43.22730144" lon="-6.03853958"><ele>255.61</ele><time>2024-09-07T17:24:49Z</time></trkpt><trkpt lat="43.22734614" lon="-6.03852798"><ele>255.76</ele><time>2024-09-07T17:24:50Z</time></trkpt><trkpt lat="43.22739084" lon="-6.03851684"><ele>255.92</ele><time>2024-09-07T17:24:51Z</time></trkpt><trkpt lat="43.22743554" lon="-6.03850610"><ele>256.07</ele><time>2024-09-07T17:24:52Z</time></trkpt><trkpt lat="43.22748023" lon="-6.03849565"><ele>256.22</ele><time>2024-09-07T17:24:53Z</time></trkpt><trkpt lat="43.22752493" lon="-6.03848538"><ele>256.36</ele><time>2024-09-07T17:24:54Z</time></trkpt><trkpt lat="43.22756962" lon="-6.03847519"><ele>256.51</ele><time>2024-09-07T17:24:55Z</time></trkpt><trkpt lat="43.22761431" lon="-6.03846504"><ele>256.66</ele><time>2024-09-07T17:24:56Z</time></trkpt><trkpt lat="43.22765900" lon="-6.03845489"><ele>256.80</ele><time>2024-09-07T17:24:57Z</time></trkpt><trkpt lat="43.22769736" lon="-6.03843218"><ele>256.89</ele><time>2024-09-07T17:24:58Z</time></trkpt><trkpt lat="43.22773171" lon="-6.03840154"><ele>256.95</ele><time>2024-09-07T17:24:59Z</time></trkpt><trkpt lat="43.22776399" lon="-6.03836677"><ele>256.99</ele><time>2024-09-07T17:25:00Z</time></trkpt><trkpt lat="43.22779549" lon="-6.03833045"><ele>257.02</ele><time>2024-09-07T17:25:01Z</time></trkpt><trkpt lat="43.22782698" lon="-6.03829411"><ele>257.05</ele><time>2024-09-07T17:25:02Z</time></trkpt><trkpt lat="43.22785881" lon="-6.03825842"><ele>257.08</ele><time>2024-09-07T17:25:03Z</time></trkpt><trkpt lat="43.22789106" lon="-6.03822357"><ele>257.12</ele><time>2024-09-07T17:25:04Z</time></trkpt><trkpt lat="43.22792368" lon="-6.03818945"><ele>257.16</ele><time>2024-09-07T17:25:05Z</time></trkpt><trkpt lat="43.22795656" lon="-6.03815586"><ele>257.21</ele><time>2024-09-07T17:25:06Z</time></trkpt><trkpt lat="43.22798962" lon="-6.03812260"><ele>257.25</ele><time>2024-09-07T17:25:07Z</time></trkpt><trkpt lat="43.22802275" lon="-6.03808951"><ele>257.30</ele><time>2024-09-07T17:25:08Z</time></trkpt><trkpt lat="43.22806024" lon="-6.03804510"><ele>257.32</ele><time>2024-09-07T17:25:09Z</time></trkpt><trkpt lat="43.22809284" lon="-6.03799948"><ele>257.35</ele><time>2024-09-07T17:25:10Z</time></trkpt><trkpt lat="43.22812205" lon="-6.03795385"><ele>257.38</ele><time>2024-09-07T17:25:11Z</time></trkpt><trkpt lat="43.22814926" lon="-6.03790877"><ele>257.41</ele><time>2024-09-07T17:25:12Z</time></trkpt><trkpt lat="43.22817554" lon="-6.03786435"><ele>257.45</ele><time>2024-09-07T17:25:13Z</time></trkpt><trkpt lat="43.22820157" lon="-6.03782053"><ele>257.49</ele><time>2024-09-07T17:25:14Z</time></trkpt><trkpt lat="43.22822770" lon="-6.03777713"><ele>257.53</ele><time>2024-09-07T17:25:15Z</time></trkpt><trkpt lat="43.22825409" lon="-6.03773399"><ele>257.57</ele><time>2024-09-07T17:25:16Z</time></trkpt><trkpt lat="43.22828073" lon="-6.03769099"><ele>257.61</ele><time>2024-09-07T17:25:17Z</time></trkpt><trkpt lat="43.22830759" lon="-6.03764803"><ele>257.65</ele><time>2024-09-07T17:25:18Z</time></trkpt><trkpt lat="43.22833459" lon="-6.03760507"><ele>257.68</ele><time>2024-09-07T17:25:19Z</time></trkpt><trkpt lat="43.22836167" lon="-6.03756208"><ele>257.72</ele><time>2024-09-07T17:25:20Z</time></trkpt><trkpt lat="43.22838878" lon="-6.03751905"><ele>257.76</ele><time>2024-09-07T17:25:21Z</time></trkpt><trkpt lat="43.22841591" lon="-6.03747601"><ele>257.80</ele><time>2024-09-07T17:25:22Z</time></trkpt><trkpt lat="43.22843794" lon="-6.03744193"><ele>257.90</ele><time>2024-09-07T17:25:23Z</time></trkpt><trkpt lat="43.22845676" lon="-6.03741352"><ele>258.03</ele><time>2024-09-07T17:25:24Z</time></trkpt><trkpt lat="43.22847389" lon="-6.03738806"><ele>258.19</ele><time>2024-09-07T17:25:25Z</time></trkpt><trkpt lat="43.22849039" lon="-6.03736369"><ele>258.35</ele><time>2024-09-07T17:25:26Z</time></trkpt><trkpt lat="43.22850688" lon="-6.03733934"><ele>258.51</ele><time>2024-09-07T17:25:27Z</time></trkpt><trkpt lat="43.22852364" lon="-6.03731452"><ele>258.67</ele><time>2024-09-07T17:25:28Z</time></trkpt><trkpt lat="43.22854073" lon="-6.03728910"><ele>258.82</ele><time>2024-09-07T17:25:29Z</time></trkpt><trkpt lat="43.22855812" lon="-6.03726315"><ele>258.97</ele><time>2024-09-07T17:25:30Z</time></trkpt><trkpt lat="43.22857572" lon="-6.03723682"><ele>259.12</ele><time>2024-09-07T17:25:31Z</time></trkpt><trkpt lat="43.22859346" lon="-6.03721026"><ele>259.26</ele><time>2024-09-07T17:25:32Z</time></trkpt><trkpt lat="43.22861126" lon="-6.03718358"><ele>259.41</ele><time>2024-09-07T17:25:33Z</time></trkpt><trkpt lat="43.22862909" lon="-6.03715686"><ele>259.56</ele><time>2024-09-07T17:25:34Z</time></trkpt><trkpt lat="43.22864692" lon="-6.03713015"><ele>259.70</ele><time>2024-09-07T17:25:35Z</time></trkpt><trkpt lat="43.22866986" lon="-6.03710297"><ele>259.85</ele><time>2024-09-07T17:25:36Z</time></trkpt><trkpt lat="43.22869603" lon="-6.03707552"><ele>260.01</ele><time>2024-09-07T17:25:37Z</time></trkpt><trkpt lat="43.22872387" lon="-6.03704793"><ele>260.17</ele><time>2024-09-07T17:25:38Z</time></trkpt><trkpt lat="43.22875233" lon="-6.03702030"><ele>260.33</ele><time>2024-09-07T17:25:39Z</time></trkpt><trkpt lat="43.22878080" lon="-6.03699267"><ele>260.49</ele><time>2024-09-07T17:25:40Z</time></trkpt><trkpt lat="43.22880899" lon="-6.03696508"><ele>260.65</ele><time>2024-09-07T17:25:41Z</time></trkpt><trkpt lat="43.22883683" lon="-6.03693752"><ele>260.81</ele><time>2024-09-07T17:25:42Z</time></trkpt><trkpt lat="43.22886438" lon="-6.03690999"><ele>260.97</ele><time>2024-09-07T17:25:43Z</time></trkpt><trkpt lat="43.22889171" lon="-6.03688248"><ele>261.13</ele><time>2024-09-07T17:25:44Z</time></trkpt><trkpt lat="43.22891890" lon="-6.03685498"><ele>261.28</ele><time>2024-09-07T17:25:45Z</time></trkpt><trkpt lat="43.22894603" lon="-6.03682748"><ele>261.44</ele><time>2024-09-07T17:25:46Z</time></trkpt><trkpt lat="43.22897314" lon="-6.03679999"><ele>261.60</ele><time>2024-09-07T17:25:47Z</time></trkpt><trkpt lat="43.22900671" lon="-6.03677238"><ele>261.71</ele><time>2024-09-07T17:25:48Z</time></trkpt><trkpt lat="43.22904438" lon="-6.03674469"><ele>261.79</ele><time>2024-09-07T17:25:49Z</time></trkpt><trkpt lat="43.22908418" lon="-6.03671696"><ele>261.86</ele><time>2024-09-07T17:25:50Z</time></trkpt><trkpt lat="43.22912479" lon="-6.03668922"><ele>261.92</ele><time>2024-09-07T17:25:51Z</time></trkpt><trkpt lat="43.22916541" lon="-6.03666148"><ele>261.98</ele><time>2024-09-07T17:25:52Z</time></trkpt><trkpt lat="43.22920570" lon="-6.03663374"><ele>262.04</ele><time>2024-09-07T17:25:53Z</time></trkpt><trkpt lat="43.22924556" lon="-6.03660601"><ele>262.10</ele><time>2024-09-07T17:25:54Z</time></trkpt><trkpt lat="43.22928505" lon="-6.03657829"><ele>262.17</ele><time>2024-09-07T17:25:55Z</time></trkpt><trkpt lat="43.22932426" lon="-6.03655057"><ele>262.24</ele><time>2024-09-07T17:25:56Z</time></trkpt><trkpt lat="43.22936330" lon="-6.03652285"><ele>262.31</ele><time>2024-09-07T17:25:57Z</time></trkpt><trkpt lat="43.22940225" lon="-6.03649514"><ele>262.38</ele><time>2024-09-07T17:25:58Z</time></trkpt><trkpt lat="43.22944118" lon="-6.03646743"><ele>262.46</ele><time>2024-09-07T17:25:59Z</time></trkpt><trkpt lat="43.22948011" lon="-6.03643971"><ele>262.53</ele><time>2024-09-07T17:26:00Z</time></trkpt><trkpt lat="43.22951905" lon="-6.03641200"><ele>262.60</ele><time>2024-09-07T17:26:01Z</time></trkpt><trkpt lat="43.22956056" lon="-6.03637994"><ele>262.57</ele><time>2024-09-07T17:26:02Z</time></trkpt><trkpt lat="43.22960370" lon="-6.03634514"><ele>262.48</ele><time>2024-09-07T17:26:03Z</time></trkpt><trkpt lat="43.22964769" lon="-6.03630892"><ele>262.36</ele><time>2024-09-07T17:26:04Z</time></trkpt><trkpt lat="43.22969199" lon="-6.03627216"><ele>262.22</ele><time>2024-09-07T17:26:05Z</time></trkpt><trkpt lat="43.22973631" lon="-6.03623540"><ele>262.08</ele><time>2024-09-07T17:26:06Z</time></trkpt><trkpt lat="43.22978048" lon="-6.03619887"><ele>261.95</ele><time>2024-09-07T17:26:07Z</time></trkpt><trkpt lat="43.22982449" lon="-6.03616262"><ele>261.83</ele><time>2024-09-07T17:26:08Z</time></trkpt><trkpt lat="43.22986835" lon="-6.03612663"><ele>261.71</ele><time>2024-09-07T17:26:09Z</time></trkpt><trkpt lat="43.22991210" lon="-6.03609083"><ele>261.60</ele><time>2024-09-07T17:26:10Z</time></trkpt><trkpt lat="43.22995041" lon="-6.03605240"><ele>261.54</ele><time>2024-09-07T17:26:11Z</time></trkpt><trkpt lat="43.22998530" lon="-6.03601231"><ele>261.53</ele><time>2024-09-07T17:26:12Z</time></trkpt><trkpt lat="43.23001842" lon="-6.03597134"><ele>261.54</ele><time>2024-09-07T17:26:13Z</time></trkpt><trkpt lat="43.23005087" lon="-6.03593004"><ele>261.56</ele><time>2024-09-07T17:26:14Z</time></trkpt><trkpt lat="43.23008333" lon="-6.03588872"><ele>261.58</ele><time>2024-09-07T17:26:15Z</time></trkpt><trkpt lat="43.23011608" lon="-6.03584753"><ele>261.59</ele><time>2024-09-07T17:26:16Z</time></trkpt><trkpt lat="43.23014475" lon="-6.03580726"><ele>261.65</ele><time>2024-09-07T17:26:17Z</time></trkpt><trkpt lat="43.23017093" lon="-6.03576762"><ele>261.74</ele><time>2024-09-07T17:26:18Z</time></trkpt><trkpt lat="43.23019589" lon="-6.03572833"><ele>261.85</ele><time>2024-09-07T17:26:19Z</time></trkpt><trkpt lat="43.23022044" lon="-6.03568919"><ele>261.97</ele><time>2024-09-07T17:26:20Z</time></trkpt><trkpt lat="43.23024506" lon="-6.03565010"><ele>262.08</ele><time>2024-09-07T17:26:21Z</time></trkpt><trkpt lat="43.23026994" lon="-6.03561098"><ele>262.19</ele><time>2024-09-07T17:26:22Z</time></trkpt><trkpt lat="43.23029511" lon="-6.03557181"><ele>262.30</ele><time>2024-09-07T17:26:23Z</time></trkpt><trkpt lat="43.23032052" lon="-6.03553258"><ele>262.40</ele><time>2024-09-07T17:26:24Z</time></trkpt><trkpt lat="43.23034611" lon="-6.03549332"><ele>262.50</ele><time>2024-09-07T17:26:25Z</time></trkpt><trkpt lat="43.23037180" lon="-6.03545404"><ele>262.60</ele><time>2024-09-07T17:26:26Z</time></trkpt><trkpt lat="43.23041255" lon="-6.03542215"><ele>262.65</ele><time>2024-09-07T17:26:27Z</time></trkpt><trkpt lat="43.23046278" lon="-6.03539494"><ele>262.68</ele><time>2024-09-07T17:26:28Z</time></trkpt><trkpt lat="43.23051794" lon="-6.03537017"><ele>262.68</ele><time>2024-09-07T17:26:29Z</time></trkpt><trkpt lat="43.23057491" lon="-6.03534630"><ele>262.68</ele><time>2024-09-07T17:26:30Z</time></trkpt><trkpt lat="43.23063190" lon="-6.03532245"><ele>262.68</ele><time>2024-09-07T17:26:31Z</time></trkpt><trkpt lat="43.23068809" lon="-6.03529821"><ele>262.69</ele><time>2024-09-07T17:26:32Z</time></trkpt><trkpt lat="43.23074327" lon="-6.03527348"><ele>262.69</ele><time>2024-09-07T17:26:33Z</time></trkpt><trkpt lat="43.23079757" lon="-6.03524832"><ele>262.70</ele><time>2024-09-07T17:26:34Z</time></trkpt><trkpt lat="43.23085123" lon="-6.03522284"><ele>262.71</ele><time>2024-09-07T17:26:35Z</time></trkpt><trkpt lat="43.23090449" lon="-6.03519716"><ele>262.73</ele><time>2024-09-07T17:26:36Z</time></trkpt><trkpt lat="43.23095756" lon="-6.03517139"><ele>262.74</ele><time>2024-09-07T17:26:37Z</time></trkpt><trkpt lat="43.23101057" lon="-6.03514559"><ele>262.75</ele><time>2024-09-07T17:26:38Z</time></trkpt><trkpt lat="43.23106358" lon="-6.03511979"><ele>262.77</ele><time>2024-09-07T17:26:39Z</time></trkpt><trkpt lat="43.23111663" lon="-6.03509401"><ele>262.78</ele><time>2024-09-07T17:26:40Z</time></trkpt><trkpt lat="43.23116973" lon="-6.03506825"><ele>262.79</ele><time>2024-09-07T17:26:41Z</time></trkpt><trkpt lat="43.23122286" lon="-6.03504251"><ele>262.81</ele><time>2024-09-07T17:26:42Z</time></trkpt><trkpt lat="43.23127602" lon="-6.03501678"><ele>262.82</ele><time>2024-09-07T17:26:43Z</time></trkpt><trkpt lat="43.23132920" lon="-6.03499106"><ele>262.83</ele><time>2024-09-07T17:26:44Z</time></trkpt><trkpt lat="43.23138238" lon="-6.03496535"><ele>262.84</ele><time>2024-09-07T17:26:45Z</time></trkpt><trkpt lat="43.23143557" lon="-6.03493963"><ele>262.86</ele><time>2024-09-07T17:26:46Z</time></trkpt><trkpt lat="43.23148876" lon="-6.03491392"><ele>262.87</ele><time>2024-09-07T17:26:47Z</time></trkpt><trkpt lat="43.23154194" lon="-6.03488820"><ele>262.88</ele><time>2024-09-07T17:26:48Z</time></trkpt><trkpt lat="43.23159513" lon="-6.03486249"><ele>262.89</ele><time>2024-09-07T17:26:49Z</time></trkpt><trkpt lat="43.23164831" lon="-6.03483677"><ele>262.91</ele><time>2024-09-07T17:26:50Z</time></trkpt><trkpt lat="43.23170149" lon="-6.03481105"><ele>262.92</ele><time>2024-09-07T17:26:51Z</time></trkpt><trkpt lat="43.23175467" lon="-6.03478533"><ele>262.93</ele><time>2024-09-07T17:26:52Z</time></trkpt><trkpt lat="43.23180785" lon="-6.03475962"><ele>262.95</ele><time>2024-09-07T17:26:53Z</time></trkpt><trkpt lat="43.23186103" lon="-6.03473390"><ele>262.96</ele><time>2024-09-07T17:26:54Z</time></trkpt><trkpt lat="43.23191421" lon="-6.03470818"><ele>262.97</ele><time>2024-09-07T17:26:55Z</time></trkpt><trkpt lat="43.23196738" lon="-6.03468246"><ele>262.98</ele><time>2024-09-07T17:26:56Z</time></trkpt><trkpt lat="43.23202056" lon="-6.03465674"><ele>263.00</ele><time>2024-09-07T17:26:57Z</time></trkpt><trkpt lat="43.23207374" lon="-6.03463103"><ele>263.01</ele><time>2024-09-07T17:26:58Z</time></trkpt><trkpt lat="43.23212692" lon="-6.03460531"><ele>263.02</ele><time>2024-09-07T17:26:59Z</time></trkpt><trkpt lat="43.23218010" lon="-6.03457959"><ele>263.04</ele><time>2024-09-07T17:27:00Z</time></trkpt><trkpt lat="43.23223328" lon="-6.03455387"><ele>263.05</ele><time>2024-09-07T17:27:01Z</time></trkpt><trkpt lat="43.23228646" lon="-6.03452815"><ele>263.06</ele><time>2024-09-07T17:27:02Z</time></trkpt><trkpt lat="43.23233964" lon="-6.03450244"><ele>263.07</ele><time>2024-09-07T17:27:03Z</time></trkpt><trkpt lat="43.23239282" lon="-6.03447672"><ele>263.09</ele><time>2024-09-07T17:27:04Z</time></trkpt><trkpt lat="43.23244600" lon="-6.03445100"><ele>263.10</ele><time>2024-09-07T17:27:05Z</time></trkpt><trkpt lat="43.23248423" lon="-6.03443865"><ele>263.12</ele><time>2024-09-07T17:27:06Z</time></trkpt><trkpt lat="43.23251303" lon="-6.03443472"><ele>263.14</ele><time>2024-09-07T17:27:07Z</time></trkpt><trkpt lat="43.23253692" lon="-6.03443520"><ele>263.17</ele><time>2024-09-07T17:27:08Z</time></trkpt><trkpt lat="43.23255899" lon="-6.03443729"><ele>263.20</ele><time>2024-09-07T17:27:09Z</time></trkpt><trkpt lat="43.23258103" lon="-6.03443942"><ele>263.22</ele><time>2024-09-07T17:27:10Z</time></trkpt><trkpt lat="43.23260386" lon="-6.03444084"><ele>263.25</ele><time>2024-09-07T17:27:11Z</time></trkpt><trkpt lat="43.23262768" lon="-6.03444136"><ele>263.27</ele><time>2024-09-07T17:27:12Z</time></trkpt><trkpt lat="43.23265238" lon="-6.03444111"><ele>263.30</ele><time>2024-09-07T17:27:13Z</time></trkpt><trkpt lat="43.23267771" lon="-6.03444029"><ele>263.33</ele><time>2024-09-07T17:27:14Z</time></trkpt><trkpt lat="43.23270343" lon="-6.03443912"><ele>263.35</ele><time>2024-09-07T17:27:15Z</time></trkpt><trkpt lat="43.23272935" lon="-6.03443777"><ele>263.38</ele><time>2024-09-07T17:27:16Z</time></trkpt><trkpt lat="43.23275534" lon="-6.03443637"><ele>263.40</ele><time>2024-09-07T17:27:17Z</time></trkpt><trkpt lat="43.23278132" lon="-6.03443497"><ele>263.43</ele><time>2024-09-07T17:27:18Z</time></trkpt><trkpt lat="43.23280726" lon="-6.03443361"><ele>263.45</ele><time>2024-09-07T17:27:19Z</time></trkpt><trkpt lat="43.23283315" lon="-6.03443228"><ele>263.48</ele><time>2024-09-07T17:27:20Z</time></trkpt><trkpt lat="43.23285901" lon="-6.03443099"><ele>263.50</ele><time>2024-09-07T17:27:21Z</time></trkpt><trkpt lat="43.23288649" lon="-6.03443767"><ele>263.51</ele><time>2024-09-07T17:27:22Z</time></trkpt><trkpt lat="43.23291498" lon="-6.03444937"><ele>263.51</ele><time>2024-09-07T17:27:23Z</time></trkpt><trkpt lat="43.23294401" lon="-6.03446369"><ele>263.51</ele><time>2024-09-07T17:27:24Z</time></trkpt><trkpt lat="43.23297324" lon="-6.03447899"><ele>263.51</ele><time>2024-09-07T17:27:25Z</time></trkpt><trkpt lat="43.23300247" lon="-6.03449429"><ele>263.51</ele><time>2024-09-07T17:27:26Z</time></trkpt><trkpt lat="43.23303162" lon="-6.03450918"><ele>263.50</ele><time>2024-09-07T17:27:27Z</time></trkpt><trkpt lat="43.23306066" lon="-6.03452353"><ele>263.50</ele><time>2024-09-07T17:27:28Z</time></trkpt><trkpt lat="43.23308960" lon="-6.03453742"><ele>263.50</ele><time>2024-09-07T17:27:29Z</time></trkpt><trkpt lat="43.23311848" lon="-6.03455097"><ele>263.50</ele><time>2024-09-07T17:27:30Z</time></trkpt><trkpt lat="43.23314731" lon="-6.03456431"><ele>263.50</ele><time>2024-09-07T17:27:31Z</time></trkpt><trkpt lat="43.23317612" lon="-6.03457755"><ele>263.50</ele><time>2024-09-07T17:27:32Z</time></trkpt><trkpt lat="43.23320493" lon="-6.03459075"><ele>263.50</ele><time>2024-09-07T17:27:33Z</time></trkpt><trkpt lat="43.23323373" lon="-6.03460395"><ele>263.50</ele><time>2024-09-07T17:27:34Z</time></trkpt><trkpt lat="43.23326254" lon="-6.03461718"><ele>263.50</ele><time>2024-09-07T17:27:35Z</time></trkpt><trkpt lat="43.23329136" lon="-6.03463043"><ele>263.50</ele><time>2024-09-07T17:27:36Z</time></trkpt><trkpt lat="43.23332018" lon="-6.03464370"><ele>263.50</ele><time>2024-09-07T17:27:37Z</time></trkpt><trkpt lat="43.23334900" lon="-6.03465698"><ele>263.50</ele><time>2024-09-07T17:27:38Z</time></trkpt><trkpt lat="43.23336270" lon="-6.03461288"><ele>265.79</ele><time>2024-09-07T17:27:39Z</time></trkpt><trkpt lat="43.23336687" lon="-6.03453258"><ele>269.52</ele><time>2024-09-07T17:27:40Z</time></trkpt><trkpt lat="43.23336606" lon="-6.03443340"><ele>274.01</ele><time>2024-09-07T17:27:41Z</time></trkpt><trkpt lat="43.23336342" lon="-6.03432724"><ele>278.78</ele><time>2024-09-07T17:27:42Z</time></trkpt><trkpt lat="43.23336075" lon="-6.03422096"><ele>283.55</ele><time>2024-09-07T17:27:43Z</time></trkpt><trkpt lat="43.23335887" lon="-6.03411773"><ele>288.20</ele><time>2024-09-07T17:27:44Z</time></trkpt><trkpt lat="43.23335800" lon="-6.03401831"><ele>292.70</ele><time>2024-09-07T17:27:45Z</time></trkpt><trkpt lat="43.23335802" lon="-6.03392225"><ele>297.06</ele><time>2024-09-07T17:27:46Z</time></trkpt><trkpt lat="43.23335868" lon="-6.03382862"><ele>301.33</ele><time>2024-09-07T17:27:47Z</time></trkpt><trkpt lat="43.23335973" lon="-6.03373649"><ele>305.53</ele><time>2024-09-07T17:27:48Z</time></trkpt><trkpt lat="43.23336098" lon="-6.03364511"><ele>309.71</ele><time>2024-09-07T17:27:49Z</time></trkpt><trkpt lat="43.23336230" lon="-6.03355399"><ele>313.88</ele><time>2024-09-07T17:27:50Z</time></trkpt><trkpt lat="43.23336361" lon="-6.03346284"><ele>318.04</ele><time>2024-09-07T17:27:51Z</time></trkpt><trkpt lat="43.23336488" lon="-6.03337155"><ele>322.22</ele><time>2024-09-07T17:27:52Z</time></trkpt><trkpt lat="43.23336166" lon="-6.03333295"><ele>323.83</ele><time>2024-09-07T17:27:53Z</time></trkpt><trkpt lat="43.23334838" lon="-6.03330499"><ele>324.19</ele><time>2024-09-07T17:27:54Z</time></trkpt><trkpt lat="43.23332905" lon="-6.03328010"><ele>323.92</ele><time>2024-09-07T17:27:55Z</time></trkpt><trkpt lat="43.23330680" lon="-6.03325417"><ele>323.46</ele><time>2024-09-07T17:27:56Z</time></trkpt><trkpt lat="43.23328364" lon="-6.03322555"><ele>323.04</ele><time>2024-09-07T17:27:57Z</time></trkpt><trkpt lat="43.23326071" lon="-6.03319409"><ele>322.75</ele><time>2024-09-07T17:27:58Z</time></trkpt><trkpt lat="43.23323846" lon="-6.03316031"><ele>322.61</ele><time>2024-09-07T17:27:59Z</time></trkpt><trkpt lat="43.23321695" lon="-6.03312494"><ele>322.61</ele><time>2024-09-07T17:28:00Z</time></trkpt><trkpt lat="43.23319605" lon="-6.03308866"><ele>322.69</ele><time>2024-09-07T17:28:01Z</time></trkpt><trkpt lat="43.23317557" lon="-6.03305196"><ele>322.82</ele><time>2024-09-07T17:28:02Z</time></trkpt><trkpt lat="43.23315535" lon="-6.03301516"><ele>322.97</ele><time>2024-09-07T17:28:03Z</time></trkpt><trkpt lat="43.23313524" lon="-6.03297843"><ele>323.14</ele><time>2024-09-07T17:28:04Z</time></trkpt><trkpt lat="43.23311516" lon="-6.03294181"><ele>323.30</ele><time>2024-09-07T17:28:05Z</time></trkpt><trkpt lat="43.23309506" lon="-6.03290533"><ele>323.45</ele><time>2024-09-07T17:28:06Z</time></trkpt><trkpt lat="43.23307493" lon="-6.03286894"><ele>323.60</ele><time>2024-09-07T17:28:07Z</time></trkpt><trkpt lat="43.23309486" lon="-6.03279186"><ele>322.71</ele><time>2024-09-07T17:28:08Z</time></trkpt><trkpt lat="43.23314005" lon="-6.03268911"><ele>321.17</ele><time>2024-09-07T17:28:09Z</time></trkpt><trkpt lat="43.23319841" lon="-6.03257297"><ele>319.30</ele><time>2024-09-07T17:28:10Z</time></trkpt><trkpt lat="43.23326164" lon="-6.03245187"><ele>317.29</ele><time>2024-09-07T17:28:11Z</time></trkpt><trkpt lat="43.23332493" lon="-6.03233069"><ele>315.28</ele><time>2024-09-07T17:28:12Z</time></trkpt><trkpt lat="43.23338611" lon="-6.03221166"><ele>313.33</ele><time>2024-09-07T17:28:13Z</time></trkpt><trkpt lat="43.23344462" lon="-6.03209534"><ele>311.45</ele><time>2024-09-07T17:28:14Z</time></trkpt><trkpt lat="43.23350078" lon="-6.03198140"><ele>309.63</ele><time>2024-09-07T17:28:15Z</time></trkpt><trkpt lat="43.23355525" lon="-6.03186918"><ele>307.85</ele><time>2024-09-07T17:28:16Z</time></trkpt><trkpt lat="43.23360867" lon="-6.03175803"><ele>306.10</ele><time>2024-09-07T17:28:17Z</time></trkpt><trkpt lat="43.23366157" lon="-6.03164741"><ele>304.36</ele><time>2024-09-07T17:28:18Z</time></trkpt><trkpt lat="43.23375151" lon="-6.03157006"><ele>301.56</ele><time>2024-09-07T17:28:19Z</time></trkpt><trkpt lat="43.23386495" lon="-6.03151356"><ele>298.08</ele><time>2024-09-07T17:28:20Z</time></trkpt><trkpt lat="43.23399074" lon="-6.03146783"><ele>294.25</ele><time>2024-09-07T17:28:21Z</time></trkpt><trkpt lat="43.23411444" lon="-6.03143057"><ele>290.51</ele><time>2024-09-07T17:28:22Z</time></trkpt><trkpt lat="43.23420020" lon="-6.03139668"><ele>287.61</ele><time>2024-09-07T17:28:23Z</time></trkpt><trkpt lat="43.23426895" lon="-6.03136076"><ele>285.01</ele><time>2024-09-07T17:28:24Z</time></trkpt><trkpt lat="43.23432866" lon="-6.03132204"><ele>282.57</ele><time>2024-09-07T17:28:25Z</time></trkpt><trkpt lat="43.23438485" lon="-6.03128076"><ele>280.19</ele><time>2024-09-07T17:28:26Z</time></trkpt><trkpt lat="43.23444079" lon="-6.03123759"><ele>277.81</ele><time>2024-09-07T17:28:27Z</time></trkpt><trkpt lat="43.23453598" lon="-6.03118925"><ele>274.37</ele><time>2024-09-07T17:28:28Z</time></trkpt><trkpt lat="43.23464371" lon="-6.03113944"><ele>270.84</ele><time>2024-09-07T17:28:29Z</time></trkpt><trkpt lat="43.23476756" lon="-6.03108093"><ele>265.41</ele><time>2024-09-07T17:28:30Z</time></trkpt><trkpt lat="43.23489340" lon="-6.03103260"><ele>261.23</ele><time>2024-09-07T17:28:31Z</time></trkpt><trkpt lat="43.23498363" lon="-6.03100029"><ele>259.01</ele><time>2024-09-07T17:28:32Z</time></trkpt><trkpt lat="43.23504977" lon="-6.03097789"><ele>258.04</ele><time>2024-09-07T17:28:33Z</time></trkpt><trkpt lat="43.23510217" lon="-6.03096051"><ele>257.72</ele><time>2024-09-07T17:28:34Z</time></trkpt><trkpt lat="43.23514848" lon="-6.03094486"><ele>257.66</ele><time>2024-09-07T17:28:35Z</time></trkpt><trkpt lat="43.23519344" lon="-6.03092909"><ele>257.61</ele><time>2024-09-07T17:28:36Z</time></trkpt><trkpt lat="43.23523950" lon="-6.03091238"><ele>257.46</ele><time>2024-09-07T17:28:37Z</time></trkpt><trkpt lat="43.23528754" lon="-6.03089455"><ele>257.18</ele><time>2024-09-07T17:28:38Z</time></trkpt><trkpt lat="43.23533754" lon="-6.03087577"><ele>256.79</ele><time>2024-09-07T17:28:39Z</time></trkpt><trkpt lat="43.23538906" lon="-6.03085630"><ele>256.32</ele><time>2024-09-07T17:28:40Z</time></trkpt><trkpt lat="43.23544159" lon="-6.03083644"><ele>255.79</ele><time>2024-09-07T17:28:41Z</time></trkpt><trkpt lat="43.23549468" lon="-6.03081637"><ele>255.24</ele><time>2024-09-07T17:28:42Z</time></trkpt><trkpt lat="43.23554800" lon="-6.03079624"><ele>254.67</ele><time>2024-09-07T17:28:43Z</time></trkpt><trkpt lat="43.23560136" lon="-6.03077612"><ele>254.11</ele><time>2024-09-07T17:28:44Z</time></trkpt><trkpt lat="43.23565466" lon="-6.03075605"><ele>253.56</ele><time>2024-09-07T17:28:45Z</time></trkpt><trkpt lat="43.23570787" lon="-6.03073603"><ele>253.00</ele><time>2024-09-07T17:28:46Z</time></trkpt><trkpt lat="43.23576226" lon="-6.03072357"><ele>252.66</ele><time>2024-09-07T17:28:47Z</time></trkpt><trkpt lat="43.23581740" lon="-6.03071588"><ele>252.45</ele><time>2024-09-07T17:28:48Z</time></trkpt><trkpt lat="43.23587291" lon="-6.03071068"><ele>252.31</ele><time>2024-09-07T17:28:49Z</time></trkpt><trkpt lat="43.23592856" lon="-6.03070641"><ele>252.20</ele><time>2024-09-07T17:28:50Z</time></trkpt><trkpt lat="43.23598420" lon="-6.03070215"><ele>252.08</ele><time>2024-09-07T17:28:51Z</time></trkpt><trkpt lat="43.23603977" lon="-6.03069749"><ele>251.96</ele><time>2024-09-07T17:28:52Z</time></trkpt><trkpt lat="43.23609526" lon="-6.03069233"><ele>251.82</ele><time>2024-09-07T17:28:53Z</time></trkpt><trkpt lat="43.23615068" lon="-6.03068673"><ele>251.67</ele><time>2024-09-07T17:28:54Z</time></trkpt><trkpt lat="43.23620605" lon="-6.03068080"><ele>251.51</ele><time>2024-09-07T17:28:55Z</time></trkpt><trkpt lat="43.23626139" lon="-6.03067468"><ele>251.34</ele><time>2024-09-07T17:28:56Z</time></trkpt><trkpt lat="43.23631671" lon="-6.03066846"><ele>251.17</ele><time>2024-09-07T17:28:57Z</time></trkpt><trkpt lat="43.23637203" lon="-6.03066221"><ele>251.01</ele><time>2024-09-07T17:28:58Z</time></trkpt><trkpt lat="43.23643497" lon="-6.03065472"><ele>250.90</ele><time>2024-09-07T17:28:59Z</time></trkpt><trkpt lat="43.23650272" lon="-6.03064648"><ele>250.83</ele><time>2024-09-07T17:29:00Z</time></trkpt><trkpt lat="43.23657299" lon="-6.03063785"><ele>250.78</ele><time>2024-09-07T17:29:01Z</time></trkpt><trkpt lat="43.23664418" lon="-6.03062909"><ele>250.73</ele><time>2024-09-07T17:29:02Z</time></trkpt><trkpt lat="43.23671539" lon="-6.03062034"><ele>250.69</ele><time>2024-09-07T17:29:03Z</time></trkpt><trkpt lat="43.23678619" lon="-6.03061166"><ele>250.64</ele><time>2024-09-07T17:29:04Z</time></trkpt><trkpt lat="43.23685649" lon="-6.03060307"><ele>250.60</ele><time>2024-09-07T17:29:05Z</time></trkpt><trkpt lat="43.23694422" lon="-6.03058769"><ele>250.57</ele><time>2024-09-07T17:29:06Z</time></trkpt><trkpt lat="43.23702671" lon="-6.03056038"><ele>250.37</ele><time>2024-09-07T17:29:07Z</time></trkpt><trkpt lat="43.23710468" lon="-6.03052602"><ele>250.04</ele><time>2024-09-07T17:29:08Z</time></trkpt><trkpt lat="43.23717940" lon="-6.03048832"><ele>249.66</ele><time>2024-09-07T17:29:09Z</time></trkpt><trkpt lat="43.23725216" lon="-6.03044969"><ele>249.24</ele><time>2024-09-07T17:29:10Z</time></trkpt><trkpt lat="43.23732394" lon="-6.03041140"><ele>248.83</ele><time>2024-09-07T17:29:11Z</time></trkpt><trkpt lat="43.23739541" lon="-6.03037397"><ele>248.42</ele><time>2024-09-07T17:29:12Z</time></trkpt><trkpt lat="43.23746693" lon="-6.03033745"><ele>248.03</ele><time>2024-09-07T17:29:13Z</time></trkpt><trkpt lat="43.23753866" lon="-6.03030166"><ele>247.65</ele><time>2024-09-07T17:29:14Z</time></trkpt><trkpt lat="43.23761062" lon="-6.03026638"><ele>247.27</ele><time>2024-09-07T17:29:15Z</time></trkpt><trkpt lat="43.23768278" lon="-6.03023138"><ele>246.90</ele><time>2024-09-07T17:29:16Z</time></trkpt><trkpt lat="43.23775508" lon="-6.03019651"><ele>246.53</ele><time>2024-09-07T17:29:17Z</time></trkpt><trkpt lat="43.23782745" lon="-6.03016168"><ele>246.16</ele><time>2024-09-07T17:29:18Z</time></trkpt><trkpt lat="43.23789987" lon="-6.03012682"><ele>245.80</ele><time>2024-09-07T17:29:19Z</time></trkpt><trkpt lat="43.23796034" lon="-6.03009875"><ele>245.49</ele><time>2024-09-07T17:29:20Z</time></trkpt><trkpt lat="43.23801327" lon="-6.03007495"><ele>245.23</ele><time>2024-09-07T17:29:21Z</time></trkpt><trkpt lat="43.23806035" lon="-6.03005855"><ele>244.85</ele><time>2024-09-07T17:29:22Z</time></trkpt><trkpt lat="43.23810803" lon="-6.03005115"><ele>244.67</ele><time>2024-09-07T17:29:23Z</time></trkpt><trkpt lat="43.23816094" lon="-6.03005402"><ele>244.34</ele><time>2024-09-07T17:29:24Z</time></trkpt><trkpt lat="43.23821665" lon="-6.03006822"><ele>244.18</ele><time>2024-09-07T17:29:25Z</time></trkpt><trkpt lat="43.23827247" lon="-6.03009363"><ele>244.14</ele><time>2024-09-07T17:29:26Z</time></trkpt><trkpt lat="43.23832161" lon="-6.03012719"><ele>243.66</ele><time>2024-09-07T17:29:27Z</time></trkpt><trkpt lat="43.23837282" lon="-6.03016349"><ele>243.08</ele><time>2024-09-07T17:29:28Z</time></trkpt><trkpt lat="43.23842570" lon="-6.03019988"><ele>242.47</ele><time>2024-09-07T17:29:29Z</time></trkpt><trkpt lat="43.23847974" lon="-6.03023513"><ele>241.84</ele><time>2024-09-07T17:29:30Z</time></trkpt><trkpt lat="43.23853445" lon="-6.03026893"><ele>241.23</ele><time>2024-09-07T17:29:31Z</time></trkpt><trkpt lat="43.23858946" lon="-6.03030144"><ele>240.64</ele><time>2024-09-07T17:29:32Z</time></trkpt><trkpt lat="43.23864455" lon="-6.03033301"><ele>240.06</ele><time>2024-09-07T17:29:33Z</time></trkpt><trkpt lat="43.23869959" lon="-6.03036401"><ele>239.49</ele><time>2024-09-07T17:29:34Z</time></trkpt><trkpt lat="43.23875415" lon="-6.03038442"><ele>238.96</ele><time>2024-09-07T17:29:35Z</time></trkpt><trkpt lat="43.23880808" lon="-6.03039258"><ele>238.70</ele><time>2024-09-07T17:29:36Z</time></trkpt><trkpt lat="43.23886163" lon="-6.03039381"><ele>238.60</ele><time>2024-09-07T17:29:37Z</time></trkpt><trkpt lat="43.23891498" lon="-6.03039198"><ele>238.58</ele><time>2024-09-07T17:29:38Z</time></trkpt><trkpt lat="43.23896827" lon="-6.03038951"><ele>238.59</ele><time>2024-09-07T17:29:39Z</time></trkpt><trkpt lat="43.23902157" lon="-6.03038762"><ele>238.60</ele><time>2024-09-07T17:29:40Z</time></trkpt><trkpt lat="43.23907491" lon="-6.03038677"><ele>238.59</ele><time>2024-09-07T17:29:41Z</time></trkpt><trkpt lat="43.23912830" lon="-6.03038691"><ele>238.56</ele><time>2024-09-07T17:29:42Z</time></trkpt><trkpt lat="43.23918172" lon="-6.03038784"><ele>238.52</ele><time>2024-09-07T17:29:43Z</time></trkpt><trkpt lat="43.23923517" lon="-6.03038927"><ele>238.47</ele><time>2024-09-07T17:29:44Z</time></trkpt><trkpt lat="43.23928864" lon="-6.03039099"><ele>238.41</ele><time>2024-09-07T17:29:45Z</time></trkpt><trkpt lat="43.23934211" lon="-6.03039282"><ele>238.35</ele><time>2024-09-07T17:29:46Z</time></trkpt><trkpt lat="43.23939558" lon="-6.03039467"><ele>238.29</ele><time>2024-09-07T17:29:47Z</time></trkpt><trkpt lat="43.23944906" lon="-6.03039649"><ele>238.22</ele><time>2024-09-07T17:29:48Z</time></trkpt><trkpt lat="43.23950253" lon="-6.03039827"><ele>238.16</ele><time>2024-09-07T17:29:49Z</time></trkpt><trkpt lat="43.23955600" lon="-6.03040000"><ele>238.10</ele><time>2024-09-07T17:29:50Z</time></trkpt><trkpt lat="43.23961358" lon="-6.03039750"><ele>238.07</ele><time>2024-09-07T17:29:51Z</time></trkpt><trkpt lat="43.23967321" lon="-6.03038798"><ele>238.28</ele><time>2024-09-07T17:29:52Z</time></trkpt><trkpt lat="43.23973167" lon="-6.03037158"><ele>238.43</ele><time>2024-09-07T17:29:53Z</time></trkpt><trkpt lat="43.23978579" lon="-6.03034768"><ele>238.51</ele><time>2024-09-07T17:29:54Z</time></trkpt><trkpt lat="43.23983597" lon="-6.03031502"><ele>238.32</ele><time>2024-09-07T17:29:55Z</time></trkpt><trkpt lat="43.23988554" lon="-6.03026969"><ele>238.19</ele><time>2024-09-07T17:29:56Z</time></trkpt><trkpt lat="43.23993350" lon="-6.03021270"><ele>238.11</ele><time>2024-09-07T17:29:57Z</time></trkpt><trkpt lat="43.23997819" lon="-6.03014707"><ele>237.89</ele><time>2024-09-07T17:29:58Z</time></trkpt><trkpt lat="43.24002110" lon="-6.03007781"><ele>237.58</ele><time>2024-09-07T17:29:59Z</time></trkpt><trkpt lat="43.24006330" lon="-6.03000794"><ele>237.23</ele><time>2024-09-07T17:30:00Z</time></trkpt><trkpt lat="43.24009977" lon="-6.02993752"><ele>236.77</ele><time>2024-09-07T17:30:01Z</time></trkpt><trkpt lat="43.24012818" lon="-6.02987031"><ele>236.40</ele><time>2024-09-07T17:30:02Z</time></trkpt><trkpt lat="43.24015207" lon="-6.02980567"><ele>236.11</ele><time>2024-09-07T17:30:03Z</time></trkpt><trkpt lat="43.24017400" lon="-6.02974275"><ele>235.86</ele><time>2024-09-07T17:30:04Z</time></trkpt><trkpt lat="43.24019557" lon="-6.02968082"><ele>235.64</ele><time>2024-09-07T17:30:05Z</time></trkpt><trkpt lat="43.24021755" lon="-6.02961931"><ele>235.43</ele><time>2024-09-07T17:30:06Z</time></trkpt><trkpt lat="43.24024024" lon="-6.02955789"><ele>235.23</ele><time>2024-09-07T17:30:07Z</time></trkpt><trkpt lat="43.24026360" lon="-6.02949639"><ele>235.02</ele><time>2024-09-07T17:30:08Z</time></trkpt><trkpt lat="43.24028747" lon="-6.02943475"><ele>234.81</ele><time>2024-09-07T17:30:09Z</time></trkpt><trkpt lat="43.24031168" lon="-6.02937297"><ele>234.59</ele><time>2024-09-07T17:30:10Z</time></trkpt><trkpt lat="43.24033608" lon="-6.02931107"><ele>234.37</ele><time>2024-09-07T17:30:11Z</time></trkpt><trkpt lat="43.24036054" lon="-6.02924910"><ele>234.14</ele><time>2024-09-07T17:30:12Z</time></trkpt><trkpt lat="43.24038502" lon="-6.02918710"><ele>233.92</ele><time>2024-09-07T17:30:13Z</time></trkpt><trkpt lat="43.24040948" lon="-6.02912507"><ele>233.70</ele><time>2024-09-07T17:30:14Z</time></trkpt><trkpt lat="43.24043390" lon="-6.02906305"><ele>233.47</ele><time>2024-09-07T17:30:15Z</time></trkpt><trkpt lat="43.24045829" lon="-6.02900102"><ele>233.25</ele><time>2024-09-07T17:30:16Z</time></trkpt><trkpt lat="43.24048266" lon="-6.02893901"><ele>233.02</ele><time>2024-09-07T17:30:17Z</time></trkpt><trkpt lat="43.24050702" lon="-6.02887700"><ele>232.80</ele><time>2024-09-07T17:30:18Z</time></trkpt><trkpt lat="43.24053451" lon="-6.02881511"><ele>232.62</ele><time>2024-09-07T17:30:19Z</time></trkpt><trkpt lat="43.24056398" lon="-6.02875328"><ele>232.46</ele><time>2024-09-07T17:30:20Z</time></trkpt><trkpt lat="43.24059448" lon="-6.02869150"><ele>232.31</ele><time>2024-09-07T17:30:21Z</time></trkpt><trkpt lat="43.24062536" lon="-6.02862973"><ele>232.17</ele><time>2024-09-07T17:30:22Z</time></trkpt><trkpt lat="43.24065625" lon="-6.02856795"><ele>232.03</ele><time>2024-09-07T17:30:23Z</time></trkpt><trkpt lat="43.24068697" lon="-6.02850618"><ele>231.89</ele><time>2024-09-07T17:30:24Z</time></trkpt><trkpt lat="43.24071749" lon="-6.02844439"><ele>231.75</ele><time>2024-09-07T17:30:25Z</time></trkpt><trkpt lat="43.24074782" lon="-6.02838260"><ele>231.60</ele><time>2024-09-07T17:30:26Z</time></trkpt><trkpt lat="43.24077803" lon="-6.02832080"><ele>231.45</ele><time>2024-09-07T17:30:27Z</time></trkpt><trkpt lat="43.24080814" lon="-6.02825901"><ele>231.30</ele><time>2024-09-07T17:30:28Z</time></trkpt><trkpt lat="43.24084090" lon="-6.02819983"><ele>231.23</ele><time>2024-09-07T17:30:29Z</time></trkpt><trkpt lat="43.24087205" lon="-6.02814544"><ele>231.22</ele><time>2024-09-07T17:30:30Z</time></trkpt><trkpt lat="43.24090202" lon="-6.02809390"><ele>231.23</ele><time>2024-09-07T17:30:31Z</time></trkpt><trkpt lat="43.24093124" lon="-6.02804371"><ele>231.25</ele><time>2024-09-07T17:30:32Z</time></trkpt><trkpt lat="43.24096007" lon="-6.02799391"><ele>231.27</ele><time>2024-09-07T17:30:33Z</time></trkpt><trkpt lat="43.24098877" lon="-6.02794397"><ele>231.28</ele><time>2024-09-07T17:30:34Z</time></trkpt><trkpt lat="43.24101747" lon="-6.02789370"><ele>231.29</ele><time>2024-09-07T17:30:35Z</time></trkpt><trkpt lat="43.24104623" lon="-6.02784306"><ele>231.30</ele><time>2024-09-07T17:30:36Z</time></trkpt><trkpt lat="43.24107508" lon="-6.02779213"><ele>231.30</ele><time>2024-09-07T17:30:37Z</time></trkpt><trkpt lat="43.24110590" lon="-6.02774332"><ele>231.39</ele><time>2024-09-07T17:30:38Z</time></trkpt><trkpt lat="43.24113798" lon="-6.02769585"><ele>231.52</ele><time>2024-09-07T17:30:39Z</time></trkpt><trkpt lat="43.24117072" lon="-6.02764910"><ele>231.68</ele><time>2024-09-07T17:30:40Z</time></trkpt><trkpt lat="43.24120371" lon="-6.02760262"><ele>231.85</ele><time>2024-09-07T17:30:41Z</time></trkpt><trkpt lat="43.24123670" lon="-6.02755615"><ele>232.02</ele><time>2024-09-07T17:30:42Z</time></trkpt><trkpt lat="43.24126960" lon="-6.02750957"><ele>232.18</ele><time>2024-09-07T17:30:43Z</time></trkpt><trkpt lat="43.24130236" lon="-6.02746285"><ele>232.34</ele><time>2024-09-07T17:30:44Z</time></trkpt><trkpt lat="43.24133501" lon="-6.02741601"><ele>232.50</ele><time>2024-09-07T17:30:45Z</time></trkpt><trkpt lat="43.24136758" lon="-6.02736908"><ele>232.65</ele><time>2024-09-07T17:30:46Z</time></trkpt><trkpt lat="43.24140009" lon="-6.02732210"><ele>232.80</ele><time>2024-09-07T17:30:47Z</time></trkpt><trkpt lat="43.24143582" lon="-6.02728132"><ele>232.91</ele><time>2024-09-07T17:30:48Z</time></trkpt><trkpt lat="43.24147357" lon="-6.02724448"><ele>232.99</ele><time>2024-09-07T17:30:49Z</time></trkpt><trkpt lat="43.24151240" lon="-6.02720969"><ele>233.05</ele><time>2024-09-07T17:30:50Z</time></trkpt><trkpt lat="43.24155162" lon="-6.02717567"><ele>233.11</ele><time>2024-09-07T17:30:51Z</time></trkpt><trkpt lat="43.24159086" lon="-6.02714166"><ele>233.17</ele><time>2024-09-07T17:30:52Z</time></trkpt><trkpt lat="43.24162992" lon="-6.02710733"><ele>233.24</ele><time>2024-09-07T17:30:53Z</time></trkpt><trkpt lat="43.24166878" lon="-6.02707258"><ele>233.30</ele><time>2024-09-07T17:30:54Z</time></trkpt><trkpt lat="43.24171093" lon="-6.02703560"><ele>233.38</ele><time>2024-09-07T17:30:55Z</time></trkpt><trkpt lat="43.24175514" lon="-6.02699718"><ele>233.45</ele><time>2024-09-07T17:30:56Z</time></trkpt><trkpt lat="43.24180041" lon="-6.02695798"><ele>233.53</ele><time>2024-09-07T17:30:57Z</time></trkpt><trkpt lat="43.24184606" lon="-6.02691846"><ele>233.62</ele><time>2024-09-07T17:30:58Z</time></trkpt><trkpt lat="43.24189170" lon="-6.02687892"><ele>233.70</ele><time>2024-09-07T17:30:59Z</time></trkpt><trkpt lat="43.24193863" lon="-6.02682914"><ele>233.65</ele><time>2024-09-07T17:31:00Z</time></trkpt><trkpt lat="43.24198627" lon="-6.02677299"><ele>233.52</ele><time>2024-09-07T17:31:01Z</time></trkpt><trkpt lat="43.24203421" lon="-6.02671357"><ele>233.34</ele><time>2024-09-07T17:31:02Z</time></trkpt><trkpt lat="43.24208218" lon="-6.02665298"><ele>233.15</ele><time>2024-09-07T17:31:03Z</time></trkpt><trkpt lat="43.24213007" lon="-6.02659244"><ele>232.96</ele><time>2024-09-07T17:31:04Z</time></trkpt><trkpt lat="43.24217784" lon="-6.02653247"><ele>232.78</ele><time>2024-09-07T17:31:05Z</time></trkpt><trkpt lat="43.24222549" lon="-6.02647321"><ele>232.60</ele><time>2024-09-07T17:31:06Z</time></trkpt><trkpt lat="43.24227307" lon="-6.02641454"><ele>232.43</ele><time>2024-09-07T17:31:07Z</time></trkpt><trkpt lat="43.24232058" lon="-6.02635632"><ele>232.27</ele><time>2024-09-07T17:31:08Z</time></trkpt><trkpt lat="43.24236808" lon="-6.02629835"><ele>232.11</ele><time>2024-09-07T17:31:09Z</time></trkpt><trkpt lat="43.24241555" lon="-6.02624051"><ele>231.95</ele><time>2024-09-07T17:31:10Z</time></trkpt><trkpt lat="43.24246303" lon="-6.02618272"><ele>231.80</ele><time>2024-09-07T17:31:11Z</time></trkpt><trkpt lat="43.24250330" lon="-6.02612737"><ele>231.69</ele><time>2024-09-07T17:31:12Z</time></trkpt><trkpt lat="43.24253902" lon="-6.02607354"><ele>231.61</ele><time>2024-09-07T17:31:13Z</time></trkpt><trkpt lat="43.24257237" lon="-6.02602048"><ele>231.54</ele><time>2024-09-07T17:31:14Z</time></trkpt><trkpt lat="43.24260484" lon="-6.02596770"><ele>231.48</ele><time>2024-09-07T17:31:15Z</time></trkpt><trkpt lat="43.24263730" lon="-6.02591490"><ele>231.42</ele><time>2024-09-07T17:31:16Z</time></trkpt><trkpt lat="43.24267015" lon="-6.02586196"><ele>231.36</ele><time>2024-09-07T17:31:17Z</time></trkpt><trkpt lat="43.24270348" lon="-6.02580885"><ele>231.30</ele><time>2024-09-07T17:31:18Z</time></trkpt><trkpt lat="43.24273434" lon="-6.02574928"><ele>231.27</ele><time>2024-09-07T17:31:19Z</time></trkpt><trkpt lat="43.24276478" lon="-6.02568562"><ele>231.04</ele><time>2024-09-07T17:31:20Z</time></trkpt><trkpt lat="43.24279569" lon="-6.02562200"><ele>230.64</ele><time>2024-09-07T17:31:21Z</time></trkpt><trkpt lat="43.24282760" lon="-6.02556005"><ele>230.40</ele><time>2024-09-07T17:31:22Z</time></trkpt><trkpt lat="43.24286101" lon="-6.02550031"><ele>230.30</ele><time>2024-09-07T17:31:23Z</time></trkpt><trkpt lat="43.24289533" lon="-6.02544205"><ele>230.27</ele><time>2024-09-07T17:31:24Z</time></trkpt><trkpt lat="43.24293420" lon="-6.02539090"><ele>230.29</ele><time>2024-09-07T17:31:25Z</time></trkpt><trkpt lat="43.24297335" lon="-6.02535090"><ele>230.32</ele><time>2024-09-07T17:31:26Z</time></trkpt><trkpt lat="43.24301226" lon="-6.02531735"><ele>230.35</ele><time>2024-09-07T17:31:27Z</time></trkpt><trkpt lat="43.24305284" lon="-6.02529334"><ele>230.41</ele><time>2024-09-07T17:31:28Z</time></trkpt><trkpt lat="43.24309430" lon="-6.02527422"><ele>230.48</ele><time>2024-09-07T17:31:29Z</time></trkpt><trkpt lat="43.24313614" lon="-6.02525684"><ele>230.55</ele><time>2024-09-07T17:31:30Z</time></trkpt><trkpt lat="43.24317802" lon="-6.02523938"><ele>230.62</ele><time>2024-09-07T17:31:31Z</time></trkpt><trkpt lat="43.24321978" lon="-6.02522105"><ele>230.69</ele><time>2024-09-07T17:31:32Z</time></trkpt><trkpt lat="43.24326139" lon="-6.02520167"><ele>230.76</ele><time>2024-09-07T17:31:33Z</time></trkpt><trkpt lat="43.24330286" lon="-6.02518139"><ele>230.82</ele><time>2024-09-07T17:31:34Z</time></trkpt><trkpt lat="43.24334422" lon="-6.02516045"><ele>230.88</ele><time>2024-09-07T17:31:35Z</time></trkpt><trkpt lat="43.24338551" lon="-6.02513913"><ele>230.94</ele><time>2024-09-07T17:31:36Z</time></trkpt><trkpt lat="43.24342676" lon="-6.02511760"><ele>231.00</ele><time>2024-09-07T17:31:37Z</time></trkpt><trkpt lat="43.24346800" lon="-6.02509602"><ele>231.06</ele><time>2024-09-07T17:31:38Z</time></trkpt><trkpt lat="43.24350924" lon="-6.02507445"><ele>231.12</ele><time>2024-09-07T17:31:39Z</time></trkpt><trkpt lat="43.24355049" lon="-6.02505292"><ele>231.18</ele><time>2024-09-07T17:31:40Z</time></trkpt><trkpt lat="43.24359174" lon="-6.02503143"><ele>231.24</ele><time>2024-09-07T17:31:41Z</time></trkpt><trkpt lat="43.24363300" lon="-6.02500999"><ele>231.30</ele><time>2024-09-07T17:31:42Z</time></trkpt><trkpt lat="43.24367177" lon="-6.02498419"><ele>231.38</ele><time>2024-09-07T17:31:43Z</time></trkpt><trkpt lat="43.24370897" lon="-6.02495566"><ele>231.46</ele><time>2024-09-07T17:31:44Z</time></trkpt><trkpt lat="43.24374536" lon="-6.02492569"><ele>231.55</ele><time>2024-09-07T17:31:45Z</time></trkpt><trkpt lat="43.24378144" lon="-6.02489519"><ele>231.64</ele><time>2024-09-07T17:31:46Z</time></trkpt><trkpt lat="43.24381752" lon="-6.02486468"><ele>231.73</ele><time>2024-09-07T17:31:47Z</time></trkpt><trkpt lat="43.24385373" lon="-6.02483440"><ele>231.83</ele><time>2024-09-07T17:31:48Z</time></trkpt><trkpt lat="43.24389011" lon="-6.02480441"><ele>231.92</ele><time>2024-09-07T17:31:49Z</time></trkpt><trkpt lat="43.24392663" lon="-6.02477467"><ele>232.01</ele><time>2024-09-07T17:31:50Z</time></trkpt><trkpt lat="43.24396325" lon="-6.02474512"><ele>232.09</ele><time>2024-09-07T17:31:51Z</time></trkpt><trkpt lat="43.24399994" lon="-6.02471568"><ele>232.18</ele><time>2024-09-07T17:31:52Z</time></trkpt><trkpt lat="43.24403667" lon="-6.02468630"><ele>232.27</ele><time>2024-09-07T17:31:53Z</time></trkpt><trkpt lat="43.24407340" lon="-6.02465694"><ele>232.36</ele><time>2024-09-07T17:31:54Z</time></trkpt><trkpt lat="43.24411014" lon="-6.02462758"><ele>232.45</ele><time>2024-09-07T17:31:55Z</time></trkpt><trkpt lat="43.24414686" lon="-6.02459820"><ele>232.54</ele><time>2024-09-07T17:31:56Z</time></trkpt><trkpt lat="43.24418358" lon="-6.02456881"><ele>232.62</ele><time>2024-09-07T17:31:57Z</time></trkpt><trkpt lat="43.24422030" lon="-6.02453941"><ele>232.71</ele><time>2024-09-07T17:31:58Z</time></trkpt><trkpt lat="43.24425700" lon="-6.02451001"><ele>232.80</ele><time>2024-09-07T17:31:59Z</time></trkpt><trkpt lat="43.24429670" lon="-6.02448991"><ele>232.96</ele><time>2024-09-07T17:32:00Z</time></trkpt><trkpt lat="43.24433828" lon="-6.02447568"><ele>233.16</ele><time>2024-09-07T17:32:01Z</time></trkpt><trkpt lat="43.24438085" lon="-6.02446451"><ele>233.39</ele><time>2024-09-07T17:32:02Z</time></trkpt><trkpt lat="43.24442378" lon="-6.02445448"><ele>233.63</ele><time>2024-09-07T17:32:03Z</time></trkpt><trkpt lat="43.24446672" lon="-6.02444447"><ele>233.86</ele><time>2024-09-07T17:32:04Z</time></trkpt><trkpt lat="43.24450949" lon="-6.02443396"><ele>234.09</ele><time>2024-09-07T17:32:05Z</time></trkpt><trkpt lat="43.24455207" lon="-6.02442284"><ele>234.32</ele><time>2024-09-07T17:32:06Z</time></trkpt><trkpt lat="43.24459448" lon="-6.02441117"><ele>234.55</ele><time>2024-09-07T17:32:07Z</time></trkpt><trkpt lat="43.24463676" lon="-6.02439910"><ele>234.77</ele><time>2024-09-07T17:32:08Z</time></trkpt><trkpt lat="43.24467896" lon="-6.02438679"><ele>234.99</ele><time>2024-09-07T17:32:09Z</time></trkpt><trkpt lat="43.24472112" lon="-6.02437436"><ele>235.20</ele><time>2024-09-07T17:32:10Z</time></trkpt><trkpt lat="43.24476207" lon="-6.02436318"><ele>235.39</ele><time>2024-09-07T17:32:11Z</time></trkpt><trkpt lat="43.24480228" lon="-6.02435282"><ele>235.56</ele><time>2024-09-07T17:32:12Z</time></trkpt><trkpt lat="43.24484210" lon="-6.02434291"><ele>235.73</ele><time>2024-09-07T17:32:13Z</time></trkpt><trkpt lat="43.24488233" lon="-6.02433864"><ele>235.79</ele><time>2024-09-07T17:32:14Z</time></trkpt><trkpt lat="43.24492291" lon="-6.02433785"><ele>236.02</ele><time>2024-09-07T17:32:15Z</time></trkpt><trkpt lat="43.24496374" lon="-6.02434317"><ele>236.14</ele><time>2024-09-07T17:32:16Z</time></trkpt><trkpt lat="43.24500526" lon="-6.02435620"><ele>236.19</ele><time>2024-09-07T17:32:17Z</time></trkpt><trkpt lat="43.24504884" lon="-6.02437501"><ele>236.46</ele><time>2024-09-07T17:32:18Z</time></trkpt><trkpt lat="43.24511888" lon="-6.02439310"><ele>236.45</ele><time>2024-09-07T17:32:19Z</time></trkpt><trkpt lat="43.24520543" lon="-6.02440974"><ele>236.25</ele><time>2024-09-07T17:32:20Z</time></trkpt><trkpt lat="43.24530046" lon="-6.02442491"><ele>235.94</ele><time>2024-09-07T17:32:21Z</time></trkpt><trkpt lat="43.24539852" lon="-6.02443891"><ele>235.59</ele><time>2024-09-07T17:32:22Z</time></trkpt><trkpt lat="43.24549649" lon="-6.02445213"><ele>235.22</ele><time>2024-09-07T17:32:23Z</time></trkpt><trkpt lat="43.24559297" lon="-6.02446491"><ele>234.87</ele><time>2024-09-07T17:32:24Z</time></trkpt><trkpt lat="43.24568765" lon="-6.02447750"><ele>234.53</ele><time>2024-09-07T17:32:25Z</time></trkpt><trkpt lat="43.24578076" lon="-6.02449005"><ele>234.20</ele><time>2024-09-07T17:32:26Z</time></trkpt><trkpt lat="43.24587275" lon="-6.02450264"><ele>233.89</ele><time>2024-09-07T17:32:27Z</time></trkpt><trkpt lat="43.24596407" lon="-6.02451529"><ele>233.59</ele><time>2024-09-07T17:32:28Z</time></trkpt><trkpt lat="43.24605504" lon="-6.02452801"><ele>233.29</ele><time>2024-09-07T17:32:29Z</time></trkpt><trkpt lat="43.24612483" lon="-6.02452756"><ele>233.10</ele><time>2024-09-07T17:32:30Z</time></trkpt><trkpt lat="43.24618135" lon="-6.02451879"><ele>232.98</ele><time>2024-09-07T17:32:31Z</time></trkpt><trkpt lat="43.24623101" lon="-6.02450569"><ele>232.90</ele><time>2024-09-07T17:32:32Z</time></trkpt><trkpt lat="43.24627818" lon="-6.02449098"><ele>232.83</ele><time>2024-09-07T17:32:33Z</time></trkpt><trkpt lat="43.24632538" lon="-6.02447626"><ele>232.76</ele><time>2024-09-07T17:32:34Z</time></trkpt><trkpt lat="43.24637124" lon="-6.02445633"><ele>232.73</ele><time>2024-09-07T17:32:35Z</time></trkpt><trkpt lat="43.24641693" lon="-6.02443355"><ele>232.74</ele><time>2024-09-07T17:32:36Z</time></trkpt><trkpt lat="43.24646305" lon="-6.02440961"><ele>232.75</ele><time>2024-09-07T17:32:37Z</time></trkpt><trkpt lat="43.24650976" lon="-6.02438551"><ele>232.77</ele><time>2024-09-07T17:32:38Z</time></trkpt><trkpt lat="43.24655701" lon="-6.02436174"><ele>232.78</ele><time>2024-09-07T17:32:39Z</time></trkpt><trkpt lat="43.24660467" lon="-6.02433846"><ele>232.79</ele><time>2024-09-07T17:32:40Z</time></trkpt><trkpt lat="43.24665258" lon="-6.02431563"><ele>232.80</ele><time>2024-09-07T17:32:41Z</time></trkpt><trkpt lat="43.24670063" lon="-6.02429314"><ele>232.80</ele><time>2024-09-07T17:32:42Z</time></trkpt><trkpt lat="43.24674874" lon="-6.02427086"><ele>232.80</ele><time>2024-09-07T17:32:43Z</time></trkpt><trkpt lat="43.24679684" lon="-6.02424870"><ele>232.80</ele><time>2024-09-07T17:32:44Z</time></trkpt><trkpt lat="43.24684492" lon="-6.02422658"><ele>232.80</ele><time>2024-09-07T17:32:45Z</time></trkpt><trkpt lat="43.24689297" lon="-6.02420446"><ele>232.80</ele><time>2024-09-07T17:32:46Z</time></trkpt><trkpt lat="43.24694100" lon="-6.02418233"><ele>232.80</ele><time>2024-09-07T17:32:47Z</time></trkpt><trkpt lat="43.24698902" lon="-6.02416018"><ele>232.80</ele><time>2024-09-07T17:32:48Z</time></trkpt><trkpt lat="43.24703702" lon="-6.02413800"><ele>232.80</ele><time>2024-09-07T17:32:49Z</time></trkpt><trkpt lat="43.24708535" lon="-6.02411622"><ele>232.84</ele><time>2024-09-07T17:32:50Z</time></trkpt><trkpt lat="43.24713390" lon="-6.02409468"><ele>232.90</ele><time>2024-09-07T17:32:51Z</time></trkpt><trkpt lat="43.24718255" lon="-6.02407326"><ele>232.97</ele><time>2024-09-07T17:32:52Z</time></trkpt><trkpt lat="43.24723125" lon="-6.02405190"><ele>233.05</ele><time>2024-09-07T17:32:53Z</time></trkpt><trkpt lat="43.24727994" lon="-6.02403054"><ele>233.13</ele><time>2024-09-07T17:32:54Z</time></trkpt><trkpt lat="43.24732863" lon="-6.02400915"><ele>233.21</ele><time>2024-09-07T17:32:55Z</time></trkpt><trkpt lat="43.24737728" lon="-6.02398774"><ele>233.28</ele><time>2024-09-07T17:32:56Z</time></trkpt><trkpt lat="43.24742592" lon="-6.02396631"><ele>233.35</ele><time>2024-09-07T17:32:57Z</time></trkpt><trkpt lat="43.24747455" lon="-6.02394486"><ele>233.42</ele><time>2024-09-07T17:32:58Z</time></trkpt><trkpt lat="43.24752317" lon="-6.02392340"><ele>233.49</ele><time>2024-09-07T17:32:59Z</time></trkpt><trkpt lat="43.24757178" lon="-6.02390194"><ele>233.56</ele><time>2024-09-07T17:33:00Z</time></trkpt><trkpt lat="43.24762039" lon="-6.02388047"><ele>233.63</ele><time>2024-09-07T17:33:01Z</time></trkpt><trkpt lat="43.24766901" lon="-6.02385901"><ele>233.70</ele><time>2024-09-07T17:33:02Z</time></trkpt><trkpt lat="43.24771510" lon="-6.02384517"><ele>233.87</ele><time>2024-09-07T17:33:03Z</time></trkpt><trkpt lat="43.24775960" lon="-6.02383614"><ele>234.10</ele><time>2024-09-07T17:33:04Z</time></trkpt><trkpt lat="43.24780327" lon="-6.02382826"><ele>234.22</ele><time>2024-09-07T17:33:05Z</time></trkpt><trkpt lat="43.24784159" lon="-6.02382249"><ele>234.28</ele><time>2024-09-07T17:33:06Z</time></trkpt><trkpt lat="43.24787671" lon="-6.02381758"><ele>234.28</ele><time>2024-09-07T17:33:07Z</time></trkpt><trkpt lat="43.24791031" lon="-6.02381277"><ele>234.27</ele><time>2024-09-07T17:33:08Z</time></trkpt><trkpt lat="43.24794346" lon="-6.02380770"><ele>234.25</ele><time>2024-09-07T17:33:09Z</time></trkpt><trkpt lat="43.24797739" lon="-6.02380533"><ele>234.11</ele><time>2024-09-07T17:33:10Z</time></trkpt><trkpt lat="43.24801210" lon="-6.02380455"><ele>233.92</ele><time>2024-09-07T17:33:11Z</time></trkpt><trkpt lat="43.24804742" lon="-6.02380451"><ele>233.68</ele><time>2024-09-07T17:33:12Z</time></trkpt><trkpt lat="43.24808316" lon="-6.02380469"><ele>233.44</ele><time>2024-09-07T17:33:13Z</time></trkpt><trkpt lat="43.24811911" lon="-6.02380479"><ele>233.21</ele><time>2024-09-07T17:33:14Z</time></trkpt><trkpt lat="43.24815517" lon="-6.02380470"><ele>232.98</ele><time>2024-09-07T17:33:15Z</time></trkpt><trkpt lat="43.24819124" lon="-6.02380440"><ele>232.75</ele><time>2024-09-07T17:33:16Z</time></trkpt><trkpt lat="43.24822729" lon="-6.02380393"><ele>232.54</ele><time>2024-09-07T17:33:17Z</time></trkpt><trkpt lat="43.24826330" lon="-6.02380336"><ele>232.33</ele><time>2024-09-07T17:33:18Z</time></trkpt><trkpt lat="43.24829928" lon="-6.02380271"><ele>232.12</ele><time>2024-09-07T17:33:19Z</time></trkpt><trkpt lat="43.24833523" lon="-6.02380204"><ele>231.92</ele><time>2024-09-07T17:33:20Z</time></trkpt><trkpt lat="43.24837117" lon="-6.02380136"><ele>231.71</ele><time>2024-09-07T17:33:21Z</time></trkpt><trkpt lat="43.24840709" lon="-6.02380068"><ele>231.51</ele><time>2024-09-07T17:33:22Z</time></trkpt><trkpt lat="43.24844302" lon="-6.02380002"><ele>231.30</ele><time>2024-09-07T17:33:23Z</time></trkpt><trkpt lat="43.24848598" lon="-6.02379812"><ele>231.26</ele><time>2024-09-07T17:33:24Z</time></trkpt><trkpt lat="43.24853338" lon="-6.02379545"><ele>231.31</ele><time>2024-09-07T17:33:25Z</time></trkpt><trkpt lat="43.24858311" lon="-6.02379238"><ele>231.43</ele><time>2024-09-07T17:33:26Z</time></trkpt><trkpt lat="43.24863369" lon="-6.02378916"><ele>231.56</ele><time>2024-09-07T17:33:27Z</time></trkpt><trkpt lat="43.24868428" lon="-6.02378594"><ele>231.69</ele><time>2024-09-07T17:33:28Z</time></trkpt><trkpt lat="43.24873450" lon="-6.02378279"><ele>231.81</ele><time>2024-09-07T17:33:29Z</time></trkpt><trkpt lat="43.24878426" lon="-6.02377972"><ele>231.93</ele><time>2024-09-07T17:33:30Z</time></trkpt><trkpt lat="43.24883360" lon="-6.02377672"><ele>232.03</ele><time>2024-09-07T17:33:31Z</time></trkpt><trkpt lat="43.24888265" lon="-6.02377377"><ele>232.12</ele><time>2024-09-07T17:33:32Z</time></trkpt><trkpt lat="43.24893151" lon="-6.02377085"><ele>232.22</ele><time>2024-09-07T17:33:33Z</time></trkpt><trkpt lat="43.24898028" lon="-6.02376795"><ele>232.31</ele><time>2024-09-07T17:33:34Z</time></trkpt><trkpt lat="43.24902984" lon="-6.02375636"><ele>232.30</ele><time>2024-09-07T17:33:35Z</time></trkpt><trkpt lat="43.24907993" lon="-6.02373928"><ele>232.23</ele><time>2024-09-07T17:33:36Z</time></trkpt><trkpt lat="43.24913031" lon="-6.02371934"><ele>232.14</ele><time>2024-09-07T17:33:37Z</time></trkpt><trkpt lat="43.24918081" lon="-6.02369833"><ele>232.03</ele><time>2024-09-07T17:33:38Z</time></trkpt><trkpt lat="43.24923133" lon="-6.02367730"><ele>231.92</ele><time>2024-09-07T17:33:39Z</time></trkpt><trkpt lat="43.24928182" lon="-6.02365674"><ele>231.82</ele><time>2024-09-07T17:33:40Z</time></trkpt><trkpt lat="43.24933208" lon="-6.02362409"><ele>231.77</ele><time>2024-09-07T17:33:41Z</time></trkpt><trkpt lat="43.24938382" lon="-6.02357560"><ele>231.50</ele><time>2024-09-07T17:33:42Z</time></trkpt><trkpt lat="43.24943650" lon="-6.02351803"><ele>231.08</ele><time>2024-09-07T17:33:43Z</time></trkpt><trkpt lat="43.24948967" lon="-6.02345640"><ele>230.60</ele><time>2024-09-07T17:33:44Z</time></trkpt><trkpt lat="43.24954304" lon="-6.02337708"><ele>229.51</ele><time>2024-09-07T17:33:45Z</time></trkpt><trkpt lat="43.24959040" lon="-6.02328898"><ele>228.40</ele><time>2024-09-07T17:33:46Z</time></trkpt><trkpt lat="43.24962679" lon="-6.02320008"><ele>227.54</ele><time>2024-09-07T17:33:47Z</time></trkpt><trkpt lat="43.24965500" lon="-6.02311195"><ele>226.86</ele><time>2024-09-07T17:33:48Z</time></trkpt><trkpt lat="43.24967246" lon="-6.02302493"><ele>226.59</ele><time>2024-09-07T17:33:49Z</time></trkpt><trkpt lat="43.24968104" lon="-6.02293763"><ele>226.28</ele><time>2024-09-07T17:33:50Z</time></trkpt><trkpt lat="43.24968109" lon="-6.02285102"><ele>226.18</ele><time>2024-09-07T17:33:51Z</time></trkpt><trkpt lat="43.24967616" lon="-6.02276890"><ele>225.99</ele><time>2024-09-07T17:33:52Z</time></trkpt><trkpt lat="43.24966906" lon="-6.02269188"><ele>225.65</ele><time>2024-09-07T17:33:53Z</time></trkpt><trkpt lat="43.24965984" lon="-6.02261264"><ele>225.40</ele><time>2024-09-07T17:33:54Z</time></trkpt><trkpt lat="43.24965020" lon="-6.02253149"><ele>225.21</ele><time>2024-09-07T17:33:55Z</time></trkpt><trkpt lat="43.24964101" lon="-6.02244899"><ele>225.05</ele><time>2024-09-07T17:33:56Z</time></trkpt><trkpt lat="43.24963255" lon="-6.02236566"><ele>224.90</ele><time>2024-09-07T17:33:57Z</time></trkpt><trkpt lat="43.24962482" lon="-6.02228193"><ele>224.76</ele><time>2024-09-07T17:33:58Z</time></trkpt><trkpt lat="43.24961763" lon="-6.02219808"><ele>224.62</ele><time>2024-09-07T17:33:59Z</time></trkpt><trkpt lat="43.24961081" lon="-6.02211425"><ele>224.47</ele><time>2024-09-07T17:34:00Z</time></trkpt><trkpt lat="43.24960418" lon="-6.02203051"><ele>224.32</ele><time>2024-09-07T17:34:01Z</time></trkpt><trkpt lat="43.24959764" lon="-6.02194686"><ele>224.16</ele><time>2024-09-07T17:34:02Z</time></trkpt><trkpt lat="43.24959110" lon="-6.02186330"><ele>224.00</ele><time>2024-09-07T17:34:03Z</time></trkpt><trkpt lat="43.24958455" lon="-6.02177980"><ele>223.84</ele><time>2024-09-07T17:34:04Z</time></trkpt><trkpt lat="43.24957795" lon="-6.02169633"><ele>223.68</ele><time>2024-09-07T17:34:05Z</time></trkpt><trkpt lat="43.24957133" lon="-6.02161288"><ele>223.52</ele><time>2024-09-07T17:34:06Z</time></trkpt><trkpt lat="43.24956469" lon="-6.02152943"><ele>223.36</ele><time>2024-09-07T17:34:07Z</time></trkpt><trkpt lat="43.24955802" lon="-6.02144598"><ele>223.20</ele><time>2024-09-07T17:34:08Z</time></trkpt><trkpt lat="43.24955531" lon="-6.02136481"><ele>223.05</ele><time>2024-09-07T17:34:09Z</time></trkpt><trkpt lat="43.24955508" lon="-6.02128507"><ele>222.90</ele><time>2024-09-07T17:34:10Z</time></trkpt><trkpt lat="43.24955616" lon="-6.02120608"><ele>222.76</ele><time>2024-09-07T17:34:11Z</time></trkpt><trkpt lat="43.24955772" lon="-6.02112737"><ele>222.62</ele><time>2024-09-07T17:34:12Z</time></trkpt><trkpt lat="43.24955928" lon="-6.02104866"><ele>222.48</ele><time>2024-09-07T17:34:13Z</time></trkpt><trkpt lat="43.24956064" lon="-6.02096983"><ele>222.34</ele><time>2024-09-07T17:34:14Z</time></trkpt><trkpt lat="43.24956174" lon="-6.02089085"><ele>222.20</ele><time>2024-09-07T17:34:15Z</time></trkpt><trkpt lat="43.24955683" lon="-6.02081134"><ele>221.86</ele><time>2024-09-07T17:34:16Z</time></trkpt><trkpt lat="43.24954524" lon="-6.02073600"><ele>221.61</ele><time>2024-09-07T17:34:17Z</time></trkpt><trkpt lat="43.24952985" lon="-6.02066331"><ele>221.42</ele><time>2024-09-07T17:34:18Z</time></trkpt><trkpt lat="43.24951275" lon="-6.02059203"><ele>221.27</ele><time>2024-09-07T17:34:19Z</time></trkpt><trkpt lat="43.24949528" lon="-6.02052128"><ele>221.14</ele><time>2024-09-07T17:34:20Z</time></trkpt><trkpt lat="43.24947169" lon="-6.02045262"><ele>221.10</ele><time>2024-09-07T17:34:21Z</time></trkpt><trkpt lat="43.24944419" lon="-6.02038544"><ele>221.10</ele><time>2024-09-07T17:34:22Z</time></trkpt><trkpt lat="43.24941486" lon="-6.02031893"><ele>221.12</ele><time>2024-09-07T17:34:23Z</time></trkpt><trkpt lat="43.24938504" lon="-6.02025257"><ele>221.15</ele><time>2024-09-07T17:34:24Z</time></trkpt><trkpt lat="43.24935544" lon="-6.02018607"><ele>221.17</ele><time>2024-09-07T17:34:25Z</time></trkpt><trkpt lat="43.24933056" lon="-6.02011732"><ele>220.97</ele><time>2024-09-07T17:34:26Z</time></trkpt><trkpt lat="43.24931160" lon="-6.02004596"><ele>220.84</ele><time>2024-09-07T17:34:27Z</time></trkpt><trkpt lat="43.24929889" lon="-6.01997308"><ele>220.50</ele><time>2024-09-07T17:34:28Z</time></trkpt><trkpt lat="43.24929179" lon="-6.01989893"><ele>220.30</ele><time>2024-09-07T17:34:29Z</time></trkpt><trkpt lat="43.24929020" lon="-6.01982424"><ele>220.21</ele><time>2024-09-07T17:34:30Z</time></trkpt><trkpt lat="43.24929178" lon="-6.01974781"><ele>220.19</ele><time>2024-09-07T17:34:31Z</time></trkpt><trkpt lat="43.24929282" lon="-6.01967259"><ele>220.20</ele><time>2024-09-07T17:34:32Z</time></trkpt><trkpt lat="43.24929276" lon="-6.01959838"><ele>220.23</ele><time>2024-09-07T17:34:33Z</time></trkpt><trkpt lat="43.24929157" lon="-6.01952485"><ele>220.26</ele><time>2024-09-07T17:34:34Z</time></trkpt><trkpt lat="43.24928948" lon="-6.01945172"><ele>220.28</ele><time>2024-09-07T17:34:35Z</time></trkpt><trkpt lat="43.24928679" lon="-6.01937878"><ele>220.29</ele><time>2024-09-07T17:34:36Z</time></trkpt><trkpt lat="43.24928377" lon="-6.01930589"><ele>220.30</ele><time>2024-09-07T17:34:37Z</time></trkpt><trkpt lat="43.24928059" lon="-6.01923297"><ele>220.30</ele><time>2024-09-07T17:34:38Z</time></trkpt><trkpt lat="43.24927739" lon="-6.01916000"><ele>220.30</ele><time>2024-09-07T17:34:39Z</time></trkpt><trkpt lat="43.24927421" lon="-6.01908698"><ele>220.30</ele><time>2024-09-07T17:34:40Z</time></trkpt><trkpt lat="43.24927037" lon="-6.01902242"><ele>220.26</ele><time>2024-09-07T17:34:41Z</time></trkpt><trkpt lat="43.24926613" lon="-6.01896319"><ele>220.19</ele><time>2024-09-07T17:34:42Z</time></trkpt><trkpt lat="43.24926170" lon="-6.01890675"><ele>220.11</ele><time>2024-09-07T17:34:43Z</time></trkpt><trkpt lat="43.24925720" lon="-6.01885133"><ele>220.02</ele><time>2024-09-07T17:34:44Z</time></trkpt><trkpt lat="43.24925271" lon="-6.01879593"><ele>219.93</ele><time>2024-09-07T17:34:45Z</time></trkpt><trkpt lat="43.24924827" lon="-6.01874008"><ele>219.85</ele><time>2024-09-07T17:34:46Z</time></trkpt><trkpt lat="43.24924388" lon="-6.01868367"><ele>219.76</ele><time>2024-09-07T17:34:47Z</time></trkpt><trkpt lat="43.24923952" lon="-6.01862676"><ele>219.68</ele><time>2024-09-07T17:34:48Z</time></trkpt><trkpt lat="43.24923520" lon="-6.01856949"><ele>219.61</ele><time>2024-09-07T17:34:49Z</time></trkpt><trkpt lat="43.24923089" lon="-6.01851201"><ele>219.53</ele><time>2024-09-07T17:34:50Z</time></trkpt><trkpt lat="43.24922659" lon="-6.01845441"><ele>219.45</ele><time>2024-09-07T17:34:51Z</time></trkpt><trkpt lat="43.24922229" lon="-6.01839677"><ele>219.38</ele><time>2024-09-07T17:34:52Z</time></trkpt><trkpt lat="43.24921799" lon="-6.01833914"><ele>219.30</ele><time>2024-09-07T17:34:53Z</time></trkpt><trkpt lat="43.24921440" lon="-6.01828806"><ele>219.17</ele><time>2024-09-07T17:34:54Z</time></trkpt><trkpt lat="43.24921126" lon="-6.01824114"><ele>219.01</ele><time>2024-09-07T17:34:55Z</time></trkpt><trkpt lat="43.24920836" lon="-6.01819638"><ele>218.83</ele><time>2024-09-07T17:34:56Z</time></trkpt><trkpt lat="43.24920554" lon="-6.01815244"><ele>218.65</ele><time>2024-09-07T17:34:57Z</time></trkpt><trkpt lat="43.24920272" lon="-6.01810852"><ele>218.46</ele><time>2024-09-07T17:34:58Z</time></trkpt><trkpt lat="43.24919986" lon="-6.01806425"><ele>218.28</ele><time>2024-09-07T17:34:59Z</time></trkpt><trkpt lat="43.24919695" lon="-6.01801956"><ele>218.10</ele><time>2024-09-07T17:35:00Z</time></trkpt><trkpt lat="43.24919401" lon="-6.01797448"><ele>217.93</ele><time>2024-09-07T17:35:01Z</time></trkpt><trkpt lat="43.24919103" lon="-6.01792912"><ele>217.76</ele><time>2024-09-07T17:35:02Z</time></trkpt><trkpt lat="43.24918803" lon="-6.01788359"><ele>217.58</ele><time>2024-09-07T17:35:03Z</time></trkpt><trkpt lat="43.24918503" lon="-6.01783797"><ele>217.41</ele><time>2024-09-07T17:35:04Z</time></trkpt><trkpt lat="43.24918202" lon="-6.01779232"><ele>217.24</ele><time>2024-09-07T17:35:05Z</time></trkpt><trkpt lat="43.24917901" lon="-6.01774668"><ele>217.07</ele><time>2024-09-07T17:35:06Z</time></trkpt><trkpt lat="43.24917601" lon="-6.01770105"><ele>216.90</ele><time>2024-09-07T17:35:07Z</time></trkpt><trkpt lat="43.24917280" lon="-6.01765248"><ele>216.79</ele><time>2024-09-07T17:35:08Z</time></trkpt><trkpt lat="43.24916946" lon="-6.01760205"><ele>216.71</ele><time>2024-09-07T17:35:09Z</time></trkpt><trkpt lat="43.24916606" lon="-6.01755066"><ele>216.66</ele><time>2024-09-07T17:35:10Z</time></trkpt><trkpt lat="43.24916263" lon="-6.01749892"><ele>216.61</ele><time>2024-09-07T17:35:11Z</time></trkpt><trkpt lat="43.24915921" lon="-6.01744717"><ele>216.56</ele><time>2024-09-07T17:35:12Z</time></trkpt><trkpt lat="43.24915579" lon="-6.01739558"><ele>216.51</ele><time>2024-09-07T17:35:13Z</time></trkpt><trkpt lat="43.24915239" lon="-6.01734419"><ele>216.46</ele><time>2024-09-07T17:35:14Z</time></trkpt><trkpt lat="43.24914900" lon="-6.01729297"><ele>216.40</ele><time>2024-09-07T17:35:15Z</time></trkpt><trkpt lat="43.24914262" lon="-6.01723773"><ele>216.36</ele><time>2024-09-07T17:35:16Z</time></trkpt><trkpt lat="43.24913435" lon="-6.01717994"><ele>216.32</ele><time>2024-09-07T17:35:17Z</time></trkpt><trkpt lat="43.24912510" lon="-6.01712083"><ele>216.29</ele><time>2024-09-07T17:35:18Z</time></trkpt><trkpt lat="43.24911548" lon="-6.01706122"><ele>216.26</ele><time>2024-09-07T17:35:19Z</time></trkpt><trkpt lat="43.24910586" lon="-6.01700161"><ele>216.23</ele><time>2024-09-07T17:35:20Z</time></trkpt><trkpt lat="43.24909640" lon="-6.01694220"><ele>216.20</ele><time>2024-09-07T17:35:21Z</time></trkpt><trkpt lat="43.24908713" lon="-6.01688307"><ele>216.17</ele><time>2024-09-07T17:35:22Z</time></trkpt><trkpt lat="43.24907804" lon="-6.01682417"><ele>216.13</ele><time>2024-09-07T17:35:23Z</time></trkpt><trkpt lat="43.24906908" lon="-6.01676544"><ele>216.10</ele><time>2024-09-07T17:35:24Z</time></trkpt><trkpt lat="43.24906020" lon="-6.01670681"><ele>216.07</ele><time>2024-09-07T17:35:25Z</time></trkpt><trkpt lat="43.24905135" lon="-6.01664824"><ele>216.03</ele><time>2024-09-07T17:35:26Z</time></trkpt><trkpt lat="43.24904252" lon="-6.01658969"><ele>216.00</ele><time>2024-09-07T17:35:27Z</time></trkpt><trkpt lat="43.24903368" lon="-6.01653113"><ele>215.97</ele><time>2024-09-07T17:35:28Z</time></trkpt><trkpt lat="43.24902484" lon="-6.01647257"><ele>215.93</ele><time>2024-09-07T17:35:29Z</time></trkpt><trkpt lat="43.24901599" lon="-6.01641399"><ele>215.90</ele><time>2024-09-07T17:35:30Z</time></trkpt><trkpt lat="43.24900611" lon="-6.01635541"><ele>215.78</ele><time>2024-09-07T17:35:31Z</time></trkpt><trkpt lat="43.24899557" lon="-6.01629683"><ele>215.61</ele><time>2024-09-07T17:35:32Z</time></trkpt><trkpt lat="43.24898468" lon="-6.01623825"><ele>215.40</ele><time>2024-09-07T17:35:33Z</time></trkpt><trkpt lat="43.24897368" lon="-6.01617967"><ele>215.19</ele><time>2024-09-07T17:35:34Z</time></trkpt><trkpt lat="43.24896266" lon="-6.01612108"><ele>214.98</ele><time>2024-09-07T17:35:35Z</time></trkpt><trkpt lat="43.24895171" lon="-6.01606250"><ele>214.77</ele><time>2024-09-07T17:35:36Z</time></trkpt><trkpt lat="43.24894082" lon="-6.01600392"><ele>214.56</ele><time>2024-09-07T17:35:37Z</time></trkpt><trkpt lat="43.24892999" lon="-6.01594533"><ele>214.37</ele><time>2024-09-07T17:35:38Z</time></trkpt><trkpt lat="43.24891921" lon="-6.01588675"><ele>214.17</ele><time>2024-09-07T17:35:39Z</time></trkpt><trkpt lat="43.24890845" lon="-6.01582817"><ele>213.98</ele><time>2024-09-07T17:35:40Z</time></trkpt><trkpt lat="43.24889771" lon="-6.01576958"><ele>213.79</ele><time>2024-09-07T17:35:41Z</time></trkpt><trkpt lat="43.24888697" lon="-6.01571100"><ele>213.60</ele><time>2024-09-07T17:35:42Z</time></trkpt><trkpt lat="43.24887664" lon="-6.01565263"><ele>213.40</ele><time>2024-09-07T17:35:43Z</time></trkpt><trkpt lat="43.24886657" lon="-6.01559438"><ele>213.20</ele><time>2024-09-07T17:35:44Z</time></trkpt><trkpt lat="43.24885663" lon="-6.01553621"><ele>213.00</ele><time>2024-09-07T17:35:45Z</time></trkpt><trkpt lat="43.24884673" lon="-6.01547806"><ele>212.80</ele><time>2024-09-07T17:35:46Z</time></trkpt><trkpt lat="43.24883684" lon="-6.01541992"><ele>212.60</ele><time>2024-09-07T17:35:47Z</time></trkpt><trkpt lat="43.24883190" lon="-6.01535955"><ele>212.57</ele><time>2024-09-07T17:35:48Z</time></trkpt><trkpt lat="43.24883008" lon="-6.01529779"><ele>212.65</ele><time>2024-09-07T17:35:49Z</time></trkpt><trkpt lat="43.24882987" lon="-6.01523528"><ele>212.78</ele><time>2024-09-07T17:35:50Z</time></trkpt><trkpt lat="43.24883024" lon="-6.01517250"><ele>212.94</ele><time>2024-09-07T17:35:51Z</time></trkpt><trkpt lat="43.24883062" lon="-6.01510971"><ele>213.09</ele><time>2024-09-07T17:35:52Z</time></trkpt><trkpt lat="43.24883073" lon="-6.01504704"><ele>213.24</ele><time>2024-09-07T17:35:53Z</time></trkpt><trkpt lat="43.24883050" lon="-6.01498450"><ele>213.37</ele><time>2024-09-07T17:35:54Z</time></trkpt><trkpt lat="43.24882999" lon="-6.01492210"><ele>213.50</ele><time>2024-09-07T17:35:55Z</time></trkpt><trkpt lat="43.24882926" lon="-6.01485980"><ele>213.61</ele><time>2024-09-07T17:35:56Z</time></trkpt><trkpt lat="43.24882841" lon="-6.01479755"><ele>213.73</ele><time>2024-09-07T17:35:57Z</time></trkpt><trkpt lat="43.24882749" lon="-6.01473533"><ele>213.84</ele><time>2024-09-07T17:35:58Z</time></trkpt><trkpt lat="43.24882655" lon="-6.01467312"><ele>213.95</ele><time>2024-09-07T17:35:59Z</time></trkpt><trkpt lat="43.24882561" lon="-6.01461090"><ele>214.06</ele><time>2024-09-07T17:36:00Z</time></trkpt><trkpt lat="43.24882469" lon="-6.01454869"><ele>214.17</ele><time>2024-09-07T17:36:01Z</time></trkpt><trkpt lat="43.24882378" lon="-6.01448647"><ele>214.28</ele><time>2024-09-07T17:36:02Z</time></trkpt><trkpt lat="43.24882288" lon="-6.01442424"><ele>214.39</ele><time>2024-09-07T17:36:03Z</time></trkpt><trkpt lat="43.24882199" lon="-6.01436200"><ele>214.50</ele><time>2024-09-07T17:36:04Z</time></trkpt><trkpt lat="43.24881940" lon="-6.01429826"><ele>214.28</ele><time>2024-09-07T17:36:05Z</time></trkpt><trkpt lat="43.24881793" lon="-6.01423527"><ele>214.15</ele><time>2024-09-07T17:36:06Z</time></trkpt><trkpt lat="43.24881728" lon="-6.01417286"><ele>214.11</ele><time>2024-09-07T17:36:07Z</time></trkpt><trkpt lat="43.24881714" lon="-6.01411082"><ele>214.13</ele><time>2024-09-07T17:36:08Z</time></trkpt><trkpt lat="43.24881725" lon="-6.01404899"><ele>214.18</ele><time>2024-09-07T17:36:09Z</time></trkpt><trkpt lat="43.24881747" lon="-6.01398725"><ele>214.26</ele><time>2024-09-07T17:36:10Z</time></trkpt><trkpt lat="43.24881768" lon="-6.01392551"><ele>214.34</ele><time>2024-09-07T17:36:11Z</time></trkpt><trkpt lat="43.24881784" lon="-6.01386375"><ele>214.41</ele><time>2024-09-07T17:36:12Z</time></trkpt><trkpt lat="43.24881795" lon="-6.01380195"><ele>214.49</ele><time>2024-09-07T17:36:13Z</time></trkpt><trkpt lat="43.24881801" lon="-6.01374012"><ele>214.56</ele><time>2024-09-07T17:36:14Z</time></trkpt><trkpt lat="43.24881803" lon="-6.01367827"><ele>214.63</ele><time>2024-09-07T17:36:15Z</time></trkpt><trkpt lat="43.24881804" lon="-6.01361640"><ele>214.69</ele><time>2024-09-07T17:36:16Z</time></trkpt><trkpt lat="43.24881803" lon="-6.01355452"><ele>214.75</ele><time>2024-09-07T17:36:17Z</time></trkpt><trkpt lat="43.24881802" lon="-6.01349264"><ele>214.81</ele><time>2024-09-07T17:36:18Z</time></trkpt><trkpt lat="43.24881801" lon="-6.01343076"><ele>214.88</ele><time>2024-09-07T17:36:19Z</time></trkpt><trkpt lat="43.24881801" lon="-6.01336888"><ele>214.94</ele><time>2024-09-07T17:36:20Z</time></trkpt><trkpt lat="43.24881800" lon="-6.01330700"><ele>215.00</ele><time>2024-09-07T17:36:21Z</time></trkpt><trkpt lat="43.24882565" lon="-6.01324219"><ele>215.03</ele><time>2024-09-07T17:36:22Z</time></trkpt><trkpt lat="43.24883812" lon="-6.01317553"><ele>215.04</ele><time>2024-09-07T17:36:23Z</time></trkpt><trkpt lat="43.24885310" lon="-6.01310790"><ele>215.03</ele><time>2024-09-07T17:36:24Z</time></trkpt><trkpt lat="43.24886902" lon="-6.01303991"><ele>215.02</ele><time>2024-09-07T17:36:25Z</time></trkpt><trkpt lat="43.24888568" lon="-6.01297515"><ele>215.10</ele><time>2024-09-07T17:36:26Z</time></trkpt><trkpt lat="43.24890239" lon="-6.01291259"><ele>215.22</ele><time>2024-09-07T17:36:27Z</time></trkpt><trkpt lat="43.24891884" lon="-6.01285128"><ele>215.38</ele><time>2024-09-07T17:36:28Z</time></trkpt><trkpt lat="43.24893492" lon="-6.01279054"><ele>215.55</ele><time>2024-09-07T17:36:29Z</time></trkpt><trkpt lat="43.24895068" lon="-6.01272993"><ele>215.72</ele><time>2024-09-07T17:36:30Z</time></trkpt><trkpt lat="43.24896621" lon="-6.01266922"><ele>215.88</ele><time>2024-09-07T17:36:31Z</time></trkpt><trkpt lat="43.24898359" lon="-6.01260970"><ele>215.96</ele><time>2024-09-07T17:36:32Z</time></trkpt><trkpt lat="43.24900215" lon="-6.01255087"><ele>215.98</ele><time>2024-09-07T17:36:33Z</time></trkpt><trkpt lat="43.24902135" lon="-6.01249235"><ele>215.98</ele><time>2024-09-07T17:36:34Z</time></trkpt><trkpt lat="43.24904079" lon="-6.01243390"><ele>215.96</ele><time>2024-09-07T17:36:35Z</time></trkpt><trkpt lat="43.24906025" lon="-6.01237541"><ele>215.94</ele><time>2024-09-07T17:36:36Z</time></trkpt><trkpt lat="43.24907962" lon="-6.01231682"><ele>215.92</ele><time>2024-09-07T17:36:37Z</time></trkpt><trkpt lat="43.24910493" lon="-6.01226214"><ele>215.93</ele><time>2024-09-07T17:36:38Z</time></trkpt><trkpt lat="43.24913396" lon="-6.01220991"><ele>215.97</ele><time>2024-09-07T17:36:39Z</time></trkpt><trkpt lat="43.24916490" lon="-6.01215895"><ele>216.02</ele><time>2024-09-07T17:36:40Z</time></trkpt><trkpt lat="43.24919653" lon="-6.01210846"><ele>216.08</ele><time>2024-09-07T17:36:41Z</time></trkpt><trkpt lat="43.24922815" lon="-6.01205795"><ele>216.14</ele><time>2024-09-07T17:36:42Z</time></trkpt><trkpt lat="43.24925944" lon="-6.01200723"><ele>216.19</ele><time>2024-09-07T17:36:43Z</time></trkpt><trkpt lat="43.24929033" lon="-6.01195625"><ele>216.25</ele><time>2024-09-07T17:36:44Z</time></trkpt><trkpt lat="43.24932086" lon="-6.01190504"><ele>216.30</ele><time>2024-09-07T17:36:45Z</time></trkpt><trkpt lat="43.24935115" lon="-6.01185366"><ele>216.35</ele><time>2024-09-07T17:36:46Z</time></trkpt><trkpt lat="43.24938128" lon="-6.01180218"><ele>216.40</ele><time>2024-09-07T17:36:47Z</time></trkpt><trkpt lat="43.24941346" lon="-6.01175967"><ele>216.42</ele><time>2024-09-07T17:36:48Z</time></trkpt><trkpt lat="43.24944751" lon="-6.01172391"><ele>216.70</ele><time>2024-09-07T17:36:49Z</time></trkpt><trkpt lat="43.24948548" lon="-6.01169522"><ele>216.94</ele><time>2024-09-07T17:36:50Z</time></trkpt><trkpt lat="43.24952571" lon="-6.01167016"><ele>217.13</ele><time>2024-09-07T17:36:51Z</time></trkpt><trkpt lat="43.24956697" lon="-6.01164637"><ele>217.29</ele><time>2024-09-07T17:36:52Z</time></trkpt><trkpt lat="43.24960848" lon="-6.01162254"><ele>217.43</ele><time>2024-09-07T17:36:53Z</time></trkpt><trkpt lat="43.24965298" lon="-6.01160394"><ele>217.76</ele><time>2024-09-07T17:36:54Z</time></trkpt><trkpt lat="43.24969697" lon="-6.01158607"><ele>217.94</ele><time>2024-09-07T17:36:55Z</time></trkpt><trkpt lat="43.24974031" lon="-6.01156591"><ele>218.01</ele><time>2024-09-07T17:36:56Z</time></trkpt><trkpt lat="43.24978470" lon="-6.01154334"><ele>218.29</ele><time>2024-09-07T17:36:57Z</time></trkpt><trkpt lat="43.24982703" lon="-6.01151994"><ele>218.59</ele><time>2024-09-07T17:36:58Z</time></trkpt><trkpt lat="43.24986795" lon="-6.01149614"><ele>218.89</ele><time>2024-09-07T17:36:59Z</time></trkpt><trkpt lat="43.24990806" lon="-6.01147221"><ele>219.18</ele><time>2024-09-07T17:37:00Z</time></trkpt><trkpt lat="43.24994781" lon="-6.01144829"><ele>219.46</ele><time>2024-09-07T17:37:01Z</time></trkpt><trkpt lat="43.24998746" lon="-6.01142447"><ele>219.73</ele><time>2024-09-07T17:37:02Z</time></trkpt><trkpt lat="43.25002717" lon="-6.01140073"><ele>220.00</ele><time>2024-09-07T17:37:03Z</time></trkpt><trkpt lat="43.25006699" lon="-6.01137709"><ele>220.27</ele><time>2024-09-07T17:37:04Z</time></trkpt><trkpt lat="43.25010693" lon="-6.01135349"><ele>220.54</ele><time>2024-09-07T17:37:05Z</time></trkpt><trkpt lat="43.25014695" lon="-6.01132993"><ele>220.80</ele><time>2024-09-07T17:37:06Z</time></trkpt><trkpt lat="43.25018772" lon="-6.01131866"><ele>220.97</ele><time>2024-09-07T17:37:07Z</time></trkpt><trkpt lat="43.25022895" lon="-6.01131513"><ele>221.07</ele><time>2024-09-07T17:37:08Z</time></trkpt><trkpt lat="43.25027042" lon="-6.01131564"><ele>221.14</ele><time>2024-09-07T17:37:09Z</time></trkpt><trkpt lat="43.25031197" lon="-6.01131763"><ele>221.19</ele><time>2024-09-07T17:37:10Z</time></trkpt><trkpt lat="43.25035352" lon="-6.01131965"><ele>221.25</ele><time>2024-09-07T17:37:11Z</time></trkpt><trkpt lat="43.25039504" lon="-6.01132101"><ele>221.31</ele><time>2024-09-07T17:37:12Z</time></trkpt><trkpt lat="43.25043650" lon="-6.01132155"><ele>221.38</ele><time>2024-09-07T17:37:13Z</time></trkpt><trkpt lat="43.25047792" lon="-6.01132138"><ele>221.45</ele><time>2024-09-07T17:37:14Z</time></trkpt><trkpt lat="43.25051930" lon="-6.01132068"><ele>221.53</ele><time>2024-09-07T17:37:15Z</time></trkpt><trkpt lat="43.25056067" lon="-6.01131966"><ele>221.61</ele><time>2024-09-07T17:37:16Z</time></trkpt><trkpt lat="43.25060203" lon="-6.01131848"><ele>221.70</ele><time>2024-09-07T17:37:17Z</time></trkpt><trkpt lat="43.25064054" lon="-6.01131112"><ele>221.43</ele><time>2024-09-07T17:37:18Z</time></trkpt><trkpt lat="43.25067725" lon="-6.01129990"><ele>220.95</ele><time>2024-09-07T17:37:19Z</time></trkpt><trkpt lat="43.25071303" lon="-6.01128670"><ele>220.35</ele><time>2024-09-07T17:37:20Z</time></trkpt><trkpt lat="43.25074847" lon="-6.01127279"><ele>219.71</ele><time>2024-09-07T17:37:21Z</time></trkpt><trkpt lat="43.25078390" lon="-6.01125890"><ele>219.07</ele><time>2024-09-07T17:37:22Z</time></trkpt><trkpt lat="43.25081949" lon="-6.01124535"><ele>218.45</ele><time>2024-09-07T17:37:23Z</time></trkpt><trkpt lat="43.25085526" lon="-6.01123223"><ele>217.85</ele><time>2024-09-07T17:37:24Z</time></trkpt><trkpt lat="43.25089121" lon="-6.01121947"><ele>217.27</ele><time>2024-09-07T17:37:25Z</time></trkpt><trkpt lat="43.25092727" lon="-6.01120697"><ele>216.70</ele><time>2024-09-07T17:37:26Z</time></trkpt><trkpt lat="43.25096341" lon="-6.01119463"><ele>216.15</ele><time>2024-09-07T17:37:27Z</time></trkpt><trkpt lat="43.25099958" lon="-6.01118237"><ele>215.59</ele><time>2024-09-07T17:37:28Z</time></trkpt><trkpt lat="43.25103577" lon="-6.01117014"><ele>215.04</ele><time>2024-09-07T17:37:29Z</time></trkpt><trkpt lat="43.25107195" lon="-6.01115790"><ele>214.49</ele><time>2024-09-07T17:37:30Z</time></trkpt><trkpt lat="43.25110805" lon="-6.01113380"><ele>214.25</ele><time>2024-09-07T17:37:31Z</time></trkpt><trkpt lat="43.25114463" lon="-6.01109838"><ele>213.91</ele><time>2024-09-07T17:37:32Z</time></trkpt><trkpt lat="43.25117639" lon="-6.01105810"><ele>213.70</ele><time>2024-09-07T17:37:33Z</time></trkpt><trkpt lat="43.25120508" lon="-6.01101605"><ele>213.56</ele><time>2024-09-07T17:37:34Z</time></trkpt><trkpt lat="43.25123215" lon="-6.01097398"><ele>213.45</ele><time>2024-09-07T17:37:35Z</time></trkpt><trkpt lat="43.25125860" lon="-6.01093271"><ele>213.34</ele><time>2024-09-07T17:37:36Z</time></trkpt><trkpt lat="43.25128502" lon="-6.01089243"><ele>213.23</ele><time>2024-09-07T17:37:37Z</time></trkpt><trkpt lat="43.25131168" lon="-6.01085302"><ele>213.11</ele><time>2024-09-07T17:37:38Z</time></trkpt><trkpt lat="43.25133865" lon="-6.01081424"><ele>212.97</ele><time>2024-09-07T17:37:39Z</time></trkpt><trkpt lat="43.25136590" lon="-6.01077585"><ele>212.84</ele><time>2024-09-07T17:37:40Z</time></trkpt><trkpt lat="43.25139335" lon="-6.01073765"><ele>212.69</ele><time>2024-09-07T17:37:41Z</time></trkpt><trkpt lat="43.25142094" lon="-6.01069951"><ele>212.55</ele><time>2024-09-07T17:37:42Z</time></trkpt><trkpt lat="43.25144858" lon="-6.01066137"><ele>212.40</ele><time>2024-09-07T17:37:43Z</time></trkpt><trkpt lat="43.25147625" lon="-6.01062319"><ele>212.25</ele><time>2024-09-07T17:37:44Z</time></trkpt><trkpt lat="43.25150392" lon="-6.01058497"><ele>212.10</ele><time>2024-09-07T17:37:45Z</time></trkpt><trkpt lat="43.25153376" lon="-6.01054651"><ele>211.96</ele><time>2024-09-07T17:37:46Z</time></trkpt><trkpt lat="43.25156496" lon="-6.01050790"><ele>211.83</ele><time>2024-09-07T17:37:47Z</time></trkpt><trkpt lat="43.25159687" lon="-6.01046921"><ele>211.69</ele><time>2024-09-07T17:37:48Z</time></trkpt><trkpt lat="43.25162903" lon="-6.01043049"><ele>211.56</ele><time>2024-09-07T17:37:49Z</time></trkpt><trkpt lat="43.25166119" lon="-6.01039176"><ele>211.43</ele><time>2024-09-07T17:37:50Z</time></trkpt><trkpt lat="43.25169324" lon="-6.01035305"><ele>211.30</ele><time>2024-09-07T17:37:51Z</time></trkpt><trkpt lat="43.25172514" lon="-6.01031435"><ele>211.17</ele><time>2024-09-07T17:37:52Z</time></trkpt><trkpt lat="43.25175691" lon="-6.01027567"><ele>211.03</ele><time>2024-09-07T17:37:53Z</time></trkpt><trkpt lat="43.25178859" lon="-6.01023699"><ele>210.90</ele><time>2024-09-07T17:37:54Z</time></trkpt><trkpt lat="43.25182021" lon="-6.01019832"><ele>210.77</ele><time>2024-09-07T17:37:55Z</time></trkpt><trkpt lat="43.25185181" lon="-6.01015966"><ele>210.63</ele><time>2024-09-07T17:37:56Z</time></trkpt><trkpt lat="43.25188339" lon="-6.01012099"><ele>210.50</ele><time>2024-09-07T17:37:57Z</time></trkpt><trkpt lat="43.25191498" lon="-6.01008233"><ele>210.37</ele><time>2024-09-07T17:37:58Z</time></trkpt><trkpt lat="43.25194657" lon="-6.01004366"><ele>210.23</ele><time>2024-09-07T17:37:59Z</time></trkpt><trkpt lat="43.25197817" lon="-6.01000500"><ele>210.10</ele><time>2024-09-07T17:38:00Z</time></trkpt><trkpt lat="43.25200978" lon="-6.00996633"><ele>209.97</ele><time>2024-09-07T17:38:01Z</time></trkpt><trkpt lat="43.25204138" lon="-6.00992767"><ele>209.83</ele><time>2024-09-07T17:38:02Z</time></trkpt><trkpt lat="43.25207300" lon="-6.00988900"><ele>209.70</ele><time>2024-09-07T17:38:03Z</time></trkpt><trkpt lat="43.25210427" lon="-6.00984742"><ele>209.64</ele><time>2024-09-07T17:38:04Z</time></trkpt><trkpt lat="43.25213534" lon="-6.00980400"><ele>209.62</ele><time>2024-09-07T17:38:05Z</time></trkpt><trkpt lat="43.25216630" lon="-6.00975963"><ele>209.63</ele><time>2024-09-07T17:38:06Z</time></trkpt><trkpt lat="43.25219722" lon="-6.00971490"><ele>209.65</ele><time>2024-09-07T17:38:07Z</time></trkpt><trkpt lat="43.25222813" lon="-6.00967016"><ele>209.67</ele><time>2024-09-07T17:38:08Z</time></trkpt><trkpt lat="43.25225743" lon="-6.00962212"><ele>209.75</ele><time>2024-09-07T17:38:09Z</time></trkpt><trkpt lat="43.25228571" lon="-6.00957209"><ele>209.85</ele><time>2024-09-07T17:38:10Z</time></trkpt><trkpt lat="43.25231348" lon="-6.00952110"><ele>209.98</ele><time>2024-09-07T17:38:11Z</time></trkpt><trkpt lat="43.25234105" lon="-6.00946980"><ele>210.11</ele><time>2024-09-07T17:38:12Z</time></trkpt><trkpt lat="43.25236864" lon="-6.00941858"><ele>210.23</ele><time>2024-09-07T17:38:13Z</time></trkpt><trkpt lat="43.25239631" lon="-6.00936758"><ele>210.36</ele><time>2024-09-07T17:38:14Z</time></trkpt><trkpt lat="43.25242410" lon="-6.00931682"><ele>210.48</ele><time>2024-09-07T17:38:15Z</time></trkpt><trkpt lat="43.25245198" lon="-6.00926626"><ele>210.59</ele><time>2024-09-07T17:38:16Z</time></trkpt><trkpt lat="43.25247993" lon="-6.00921584"><ele>210.70</ele><time>2024-09-07T17:38:17Z</time></trkpt><trkpt lat="43.25250399" lon="-6.00916900"><ele>210.82</ele><time>2024-09-07T17:38:18Z</time></trkpt><trkpt lat="43.25252559" lon="-6.00912440"><ele>210.95</ele><time>2024-09-07T17:38:19Z</time></trkpt><trkpt lat="43.25254590" lon="-6.00908096"><ele>211.07</ele><time>2024-09-07T17:38:20Z</time></trkpt><trkpt lat="43.25256574" lon="-6.00903794"><ele>211.20</ele><time>2024-09-07T17:38:21Z</time></trkpt><trkpt lat="43.25258556" lon="-6.00899492"><ele>211.33</ele><time>2024-09-07T17:38:22Z</time></trkpt><trkpt lat="43.25260558" lon="-6.00895170"><ele>211.46</ele><time>2024-09-07T17:38:23Z</time></trkpt><trkpt lat="43.25262586" lon="-6.00890824"><ele>211.59</ele><time>2024-09-07T17:38:24Z</time></trkpt><trkpt lat="43.25264637" lon="-6.00886457"><ele>211.71</ele><time>2024-09-07T17:38:25Z</time></trkpt><trkpt lat="43.25266705" lon="-6.00882075"><ele>211.84</ele><time>2024-09-07T17:38:26Z</time></trkpt><trkpt lat="43.25268782" lon="-6.00877683"><ele>211.97</ele><time>2024-09-07T17:38:27Z</time></trkpt><trkpt lat="43.25270865" lon="-6.00873287"><ele>212.09</ele><time>2024-09-07T17:38:28Z</time></trkpt><trkpt lat="43.25272949" lon="-6.00868890"><ele>212.22</ele><time>2024-09-07T17:38:29Z</time></trkpt><trkpt lat="43.25275034" lon="-6.00864492"><ele>212.35</ele><time>2024-09-07T17:38:30Z</time></trkpt><trkpt lat="43.25277117" lon="-6.00860096"><ele>212.47</ele><time>2024-09-07T17:38:31Z</time></trkpt><trkpt lat="43.25279199" lon="-6.00855701"><ele>212.60</ele><time>2024-09-07T17:38:32Z</time></trkpt><trkpt lat="43.25281405" lon="-6.00851536"><ele>212.73</ele><time>2024-09-07T17:38:33Z</time></trkpt><trkpt lat="43.25283690" lon="-6.00847517"><ele>212.85</ele><time>2024-09-07T17:38:34Z</time></trkpt><trkpt lat="43.25286015" lon="-6.00843574"><ele>212.98</ele><time>2024-09-07T17:38:35Z</time></trkpt><trkpt lat="43.25288356" lon="-6.00839659"><ele>213.11</ele><time>2024-09-07T17:38:36Z</time></trkpt><trkpt lat="43.25290696" lon="-6.00835744"><ele>213.24</ele><time>2024-09-07T17:38:37Z</time></trkpt><trkpt lat="43.25293030" lon="-6.00831818"><ele>213.36</ele><time>2024-09-07T17:38:38Z</time></trkpt><trkpt lat="43.25295355" lon="-6.00827876"><ele>213.49</ele><time>2024-09-07T17:38:39Z</time></trkpt><trkpt lat="43.25297674" lon="-6.00823920"><ele>213.62</ele><time>2024-09-07T17:38:40Z</time></trkpt><trkpt lat="43.25299987" lon="-6.00819955"><ele>213.75</ele><time>2024-09-07T17:38:41Z</time></trkpt><trkpt lat="43.25302297" lon="-6.00815983"><ele>213.87</ele><time>2024-09-07T17:38:42Z</time></trkpt><trkpt lat="43.25304605" lon="-6.00812009"><ele>214.00</ele><time>2024-09-07T17:38:43Z</time></trkpt><trkpt lat="43.25307706" lon="-6.00808818"><ele>214.09</ele><time>2024-09-07T17:38:44Z</time></trkpt><trkpt lat="43.25311309" lon="-6.00806121"><ele>214.16</ele><time>2024-09-07T17:38:45Z</time></trkpt><trkpt lat="43.25315172" lon="-6.00803682"><ele>214.22</ele><time>2024-09-07T17:38:46Z</time></trkpt><trkpt lat="43.25319133" lon="-6.00801340"><ele>214.27</ele><time>2024-09-07T17:38:47Z</time></trkpt><trkpt lat="43.25323096" lon="-6.00799000"><ele>214.33</ele><time>2024-09-07T17:38:48Z</time></trkpt><trkpt lat="43.25327016" lon="-6.00796618"><ele>214.38</ele><time>2024-09-07T17:38:49Z</time></trkpt><trkpt lat="43.25330885" lon="-6.00794185"><ele>214.44</ele><time>2024-09-07T17:38:50Z</time></trkpt><trkpt lat="43.25334706" lon="-6.00791706"><ele>214.50</ele><time>2024-09-07T17:38:51Z</time></trkpt><trkpt lat="43.25338296" lon="-6.00789378"><ele>214.53</ele><time>2024-09-07T17:38:52Z</time></trkpt><trkpt lat="43.25342099" lon="-6.00786852"><ele>214.49</ele><time>2024-09-07T17:38:53Z</time></trkpt><trkpt lat="43.25346052" lon="-6.00784190"><ele>214.42</ele><time>2024-09-07T17:38:54Z</time></trkpt><trkpt lat="43.25350095" lon="-6.00781450"><ele>214.33</ele><time>2024-09-07T17:38:55Z</time></trkpt><trkpt lat="43.25354181" lon="-6.00778676"><ele>214.23</ele><time>2024-09-07T17:38:56Z</time></trkpt><trkpt lat="43.25358281" lon="-6.00775892"><ele>214.13</ele><time>2024-09-07T17:38:57Z</time></trkpt><trkpt lat="43.25362377" lon="-6.00773115"><ele>214.04</ele><time>2024-09-07T17:38:58Z</time></trkpt><trkpt lat="43.25366463" lon="-6.00770348"><ele>213.96</ele><time>2024-09-07T17:38:59Z</time></trkpt><trkpt lat="43.25370538" lon="-6.00767592"><ele>213.88</ele><time>2024-09-07T17:39:00Z</time></trkpt><trkpt lat="43.25374604" lon="-6.00764845"><ele>213.80</ele><time>2024-09-07T17:39:01Z</time></trkpt><trkpt lat="43.25378663" lon="-6.00762103"><ele>213.72</ele><time>2024-09-07T17:39:02Z</time></trkpt><trkpt lat="43.25382719" lon="-6.00759365"><ele>213.64</ele><time>2024-09-07T17:39:03Z</time></trkpt><trkpt lat="43.25386773" lon="-6.00756628"><ele>213.56</ele><time>2024-09-07T17:39:04Z</time></trkpt><trkpt lat="43.25390826" lon="-6.00753891"><ele>213.49</ele><time>2024-09-07T17:39:05Z</time></trkpt><trkpt lat="43.25394880" lon="-6.00751154"><ele>213.41</ele><time>2024-09-07T17:39:06Z</time></trkpt><trkpt lat="43.25398934" lon="-6.00748416"><ele>213.33</ele><time>2024-09-07T17:39:07Z</time></trkpt><trkpt lat="43.25402989" lon="-6.00745678"><ele>213.26</ele><time>2024-09-07T17:39:08Z</time></trkpt><trkpt lat="43.25407044" lon="-6.00742939"><ele>213.18</ele><time>2024-09-07T17:39:09Z</time></trkpt><trkpt lat="43.25411100" lon="-6.00740200"><ele>213.10</ele><time>2024-09-07T17:39:10Z</time></trkpt><trkpt lat="43.25415279" lon="-6.00737132"><ele>213.06</ele><time>2024-09-07T17:39:11Z</time></trkpt><trkpt lat="43.25419537" lon="-6.00733857"><ele>213.06</ele><time>2024-09-07T17:39:12Z</time></trkpt><trkpt lat="43.25423835" lon="-6.00730473"><ele>213.06</ele><time>2024-09-07T17:39:13Z</time></trkpt><trkpt lat="43.25428149" lon="-6.00727050"><ele>213.07</ele><time>2024-09-07T17:39:14Z</time></trkpt><trkpt lat="43.25432462" lon="-6.00723625"><ele>213.08</ele><time>2024-09-07T17:39:15Z</time></trkpt><trkpt lat="43.25436769" lon="-6.00720219"><ele>213.09</ele><time>2024-09-07T17:39:16Z</time></trkpt><trkpt lat="43.25441068" lon="-6.00716834"><ele>213.10</ele><time>2024-09-07T17:39:17Z</time></trkpt><trkpt lat="43.25445360" lon="-6.00713468"><ele>213.10</ele><time>2024-09-07T17:39:18Z</time></trkpt><trkpt lat="43.25449646" lon="-6.00710116"><ele>213.10</ele><time>2024-09-07T17:39:19Z</time></trkpt><trkpt lat="43.25453929" lon="-6.00706773"><ele>213.10</ele><time>2024-09-07T17:39:20Z</time></trkpt><trkpt lat="43.25458211" lon="-6.00703434"><ele>213.10</ele><time>2024-09-07T17:39:21Z</time></trkpt><trkpt lat="43.25462492" lon="-6.00700097"><ele>213.10</ele><time>2024-09-07T17:39:22Z</time></trkpt><trkpt lat="43.25466773" lon="-6.00696759"><ele>213.10</ele><time>2024-09-07T17:39:23Z</time></trkpt><trkpt lat="43.25471054" lon="-6.00693421"><ele>213.10</ele><time>2024-09-07T17:39:24Z</time></trkpt><trkpt lat="43.25475336" lon="-6.00690082"><ele>213.10</ele><time>2024-09-07T17:39:25Z</time></trkpt><trkpt lat="43.25479618" lon="-6.00686741"><ele>213.10</ele><time>2024-09-07T17:39:26Z</time></trkpt><trkpt lat="43.25483900" lon="-6.00683401"><ele>213.10</ele><time>2024-09-07T17:39:27Z</time></trkpt><trkpt lat="43.25488436" lon="-6.00679668"><ele>213.14</ele><time>2024-09-07T17:39:28Z</time></trkpt><trkpt lat="43.25493132" lon="-6.00675687"><ele>213.22</ele><time>2024-09-07T17:39:29Z</time></trkpt><trkpt lat="43.25497912" lon="-6.00671577"><ele>213.31</ele><time>2024-09-07T17:39:30Z</time></trkpt><trkpt lat="43.25502723" lon="-6.00667420"><ele>213.40</ele><time>2024-09-07T17:39:31Z</time></trkpt><trkpt lat="43.25507534" lon="-6.00663262"><ele>213.49</ele><time>2024-09-07T17:39:32Z</time></trkpt><trkpt lat="43.25512332" lon="-6.00659125"><ele>213.59</ele><time>2024-09-07T17:39:33Z</time></trkpt><trkpt lat="43.25517113" lon="-6.00655014"><ele>213.67</ele><time>2024-09-07T17:39:34Z</time></trkpt><trkpt lat="43.25521879" lon="-6.00650926"><ele>213.76</ele><time>2024-09-07T17:39:35Z</time></trkpt><trkpt lat="43.25526634" lon="-6.00646855"><ele>213.84</ele><time>2024-09-07T17:39:36Z</time></trkpt><trkpt lat="43.25531382" lon="-6.00642794"><ele>213.93</ele><time>2024-09-07T17:39:37Z</time></trkpt><trkpt lat="43.25536128" lon="-6.00638738"><ele>214.01</ele><time>2024-09-07T17:39:38Z</time></trkpt><trkpt lat="43.25540872" lon="-6.00634683"><ele>214.09</ele><time>2024-09-07T17:39:39Z</time></trkpt><trkpt lat="43.25545616" lon="-6.00630629"><ele>214.17</ele><time>2024-09-07T17:39:40Z</time></trkpt><trkpt lat="43.25550361" lon="-6.00626573"><ele>214.25</ele><time>2024-09-07T17:39:41Z</time></trkpt><trkpt lat="43.25555106" lon="-6.00622517"><ele>214.34</ele><time>2024-09-07T17:39:42Z</time></trkpt><trkpt lat="43.25559853" lon="-6.00618459"><ele>214.42</ele><time>2024-09-07T17:39:43Z</time></trkpt><trkpt lat="43.25564600" lon="-6.00614401"><ele>214.50</ele><time>2024-09-07T17:39:44Z</time></trkpt><trkpt lat="43.25569139" lon="-6.00609980"><ele>214.60</ele><time>2024-09-07T17:39:45Z</time></trkpt><trkpt lat="43.25573547" lon="-6.00605330"><ele>214.71</ele><time>2024-09-07T17:39:46Z</time></trkpt><trkpt lat="43.25577887" lon="-6.00600561"><ele>214.82</ele><time>2024-09-07T17:39:47Z</time></trkpt><trkpt lat="43.25582202" lon="-6.00595747"><ele>214.93</ele><time>2024-09-07T17:39:48Z</time></trkpt><trkpt lat="43.25586516" lon="-6.00590934"><ele>215.05</ele><time>2024-09-07T17:39:49Z</time></trkpt><trkpt lat="43.25590841" lon="-6.00586139"><ele>215.16</ele><time>2024-09-07T17:39:50Z</time></trkpt><trkpt lat="43.25595180" lon="-6.00581368"><ele>215.28</ele><time>2024-09-07T17:39:51Z</time></trkpt><trkpt lat="43.25599532" lon="-6.00576619"><ele>215.39</ele><time>2024-09-07T17:39:52Z</time></trkpt><trkpt lat="43.25603892" lon="-6.00571885"><ele>215.50</ele><time>2024-09-07T17:39:53Z</time></trkpt><trkpt lat="43.25607948" lon="-6.00567992"><ele>215.55</ele><time>2024-09-07T17:39:54Z</time></trkpt><trkpt lat="43.25611975" lon="-6.00565066"><ele>215.56</ele><time>2024-09-07T17:39:55Z</time></trkpt><trkpt lat="43.25616168" lon="-6.00562963"><ele>215.56</ele><time>2024-09-07T17:39:56Z</time></trkpt><trkpt lat="43.25620481" lon="-6.00561277"><ele>215.54</ele><time>2024-09-07T17:39:57Z</time></trkpt><trkpt lat="43.25625086" lon="-6.00560062"><ele>215.52</ele><time>2024-09-07T17:39:58Z</time></trkpt><trkpt lat="43.25629864" lon="-6.00559316"><ele>215.51</ele><time>2024-09-07T17:39:59Z</time></trkpt><trkpt lat="43.25635146" lon="-6.00558953"><ele>215.52</ele><time>2024-09-07T17:40:00Z</time></trkpt><trkpt lat="43.25640717" lon="-6.00558740"><ele>215.54</ele><time>2024-09-07T17:40:01Z</time></trkpt><trkpt lat="43.25646420" lon="-6.00558540"><ele>215.57</ele><time>2024-09-07T17:40:02Z</time></trkpt><trkpt lat="43.25652154" lon="-6.00558290"><ele>215.61</ele><time>2024-09-07T17:40:03Z</time></trkpt><trkpt lat="43.25657866" lon="-6.00557970"><ele>215.64</ele><time>2024-09-07T17:40:04Z</time></trkpt><trkpt lat="43.25663539" lon="-6.00557586"><ele>215.68</ele><time>2024-09-07T17:40:05Z</time></trkpt><trkpt lat="43.25669171" lon="-6.00557155"><ele>215.71</ele><time>2024-09-07T17:40:06Z</time></trkpt><trkpt lat="43.25674772" lon="-6.00556695"><ele>215.75</ele><time>2024-09-07T17:40:07Z</time></trkpt><trkpt lat="43.25680352" lon="-6.00556219"><ele>215.78</ele><time>2024-09-07T17:40:08Z</time></trkpt><trkpt lat="43.25685920" lon="-6.00555738"><ele>215.81</ele><time>2024-09-07T17:40:09Z</time></trkpt><trkpt lat="43.25691482" lon="-6.00555257"><ele>215.84</ele><time>2024-09-07T17:40:10Z</time></trkpt><trkpt lat="43.25697044" lon="-6.00554779"><ele>215.87</ele><time>2024-09-07T17:40:11Z</time></trkpt><trkpt lat="43.25702607" lon="-6.00554303"><ele>215.90</ele><time>2024-09-07T17:40:12Z</time></trkpt><trkpt lat="43.25707621" lon="-6.00553074"><ele>215.79</ele><time>2024-09-07T17:40:13Z</time></trkpt><trkpt lat="43.25712289" lon="-6.00551371"><ele>215.60</ele><time>2024-09-07T17:40:14Z</time></trkpt><trkpt lat="43.25716776" lon="-6.00549420"><ele>215.36</ele><time>2024-09-07T17:40:15Z</time></trkpt><trkpt lat="43.25721198" lon="-6.00547377"><ele>215.11</ele><time>2024-09-07T17:40:16Z</time></trkpt><trkpt lat="43.25725619" lon="-6.00545334"><ele>214.85</ele><time>2024-09-07T17:40:17Z</time></trkpt><trkpt lat="43.25730069" lon="-6.00543330"><ele>214.61</ele><time>2024-09-07T17:40:18Z</time></trkpt><trkpt lat="43.25734556" lon="-6.00541376"><ele>214.37</ele><time>2024-09-07T17:40:19Z</time></trkpt><trkpt lat="43.25739075" lon="-6.00539467"><ele>214.14</ele><time>2024-09-07T17:40:20Z</time></trkpt><trkpt lat="43.25743618" lon="-6.00537590"><ele>213.91</ele><time>2024-09-07T17:40:21Z</time></trkpt><trkpt lat="43.25748175" lon="-6.00535732"><ele>213.69</ele><time>2024-09-07T17:40:22Z</time></trkpt><trkpt lat="43.25752739" lon="-6.00533884"><ele>213.47</ele><time>2024-09-07T17:40:23Z</time></trkpt><trkpt lat="43.25757305" lon="-6.00532039"><ele>213.26</ele><time>2024-09-07T17:40:24Z</time></trkpt><trkpt lat="43.25761871" lon="-6.00530194"><ele>213.04</ele><time>2024-09-07T17:40:25Z</time></trkpt><trkpt lat="43.25766436" lon="-6.00528347"><ele>212.82</ele><time>2024-09-07T17:40:26Z</time></trkpt><trkpt lat="43.25770999" lon="-6.00526498"><ele>212.60</ele><time>2024-09-07T17:40:27Z</time></trkpt><trkpt lat="43.25775550" lon="-6.00524544"><ele>212.39</ele><time>2024-09-07T17:40:28Z</time></trkpt><trkpt lat="43.25780095" lon="-6.00522524"><ele>212.19</ele><time>2024-09-07T17:40:29Z</time></trkpt><trkpt lat="43.25784635" lon="-6.00520469"><ele>211.99</ele><time>2024-09-07T17:40:30Z</time></trkpt><trkpt lat="43.25789174" lon="-6.00518402"><ele>211.79</ele><time>2024-09-07T17:40:31Z</time></trkpt><trkpt lat="43.25793713" lon="-6.00516334"><ele>211.60</ele><time>2024-09-07T17:40:32Z</time></trkpt><trkpt lat="43.25798252" lon="-6.00514271"><ele>211.40</ele><time>2024-09-07T17:40:33Z</time></trkpt><trkpt lat="43.25802792" lon="-6.00512215"><ele>211.20</ele><time>2024-09-07T17:40:34Z</time></trkpt><trkpt lat="43.25807333" lon="-6.00510166"><ele>211.00</ele><time>2024-09-07T17:40:35Z</time></trkpt><trkpt lat="43.25811875" lon="-6.00508121"><ele>210.80</ele><time>2024-09-07T17:40:36Z</time></trkpt><trkpt lat="43.25816416" lon="-6.00506079"><ele>210.60</ele><time>2024-09-07T17:40:37Z</time></trkpt><trkpt lat="43.25820958" lon="-6.00504038"><ele>210.40</ele><time>2024-09-07T17:40:38Z</time></trkpt><trkpt lat="43.25825500" lon="-6.00501997"><ele>210.20</ele><time>2024-09-07T17:40:39Z</time></trkpt><trkpt lat="43.25830128" lon="-6.00499958"><ele>210.09</ele><time>2024-09-07T17:40:40Z</time></trkpt><trkpt lat="43.25834811" lon="-6.00497920"><ele>210.03</ele><time>2024-09-07T17:40:41Z</time></trkpt><trkpt lat="43.25839522" lon="-6.00495883"><ele>210.01</ele><time>2024-09-07T17:40:42Z</time></trkpt><trkpt lat="43.25844244" lon="-6.00493845"><ele>209.99</ele><time>2024-09-07T17:40:43Z</time></trkpt><trkpt lat="43.25848966" lon="-6.00491807"><ele>209.97</ele><time>2024-09-07T17:40:44Z</time></trkpt><trkpt lat="43.25853683" lon="-6.00489769"><ele>209.95</ele><time>2024-09-07T17:40:45Z</time></trkpt><trkpt lat="43.25858394" lon="-6.00487731"><ele>209.92</ele><time>2024-09-07T17:40:46Z</time></trkpt><trkpt lat="43.25863101" lon="-6.00485692"><ele>209.89</ele><time>2024-09-07T17:40:47Z</time></trkpt><trkpt lat="43.25867803" lon="-6.00483654"><ele>209.86</ele><time>2024-09-07T17:40:48Z</time></trkpt><trkpt lat="43.25872504" lon="-6.00481615"><ele>209.82</ele><time>2024-09-07T17:40:49Z</time></trkpt><trkpt lat="43.25877203" lon="-6.00479577"><ele>209.78</ele><time>2024-09-07T17:40:50Z</time></trkpt><trkpt lat="43.25881902" lon="-6.00477539"><ele>209.74</ele><time>2024-09-07T17:40:51Z</time></trkpt><trkpt lat="43.25886601" lon="-6.00475500"><ele>209.70</ele><time>2024-09-07T17:40:52Z</time></trkpt><trkpt lat="43.25891344" lon="-6.00473408"><ele>209.64</ele><time>2024-09-07T17:40:53Z</time></trkpt><trkpt lat="43.25896113" lon="-6.00471283"><ele>209.58</ele><time>2024-09-07T17:40:54Z</time></trkpt><trkpt lat="43.25900897" lon="-6.00469141"><ele>209.50</ele><time>2024-09-07T17:40:55Z</time></trkpt><trkpt lat="43.25905686" lon="-6.00466992"><ele>209.43</ele><time>2024-09-07T17:40:56Z</time></trkpt><trkpt lat="43.25910476" lon="-6.00464843"><ele>209.35</ele><time>2024-09-07T17:40:57Z</time></trkpt><trkpt lat="43.25915263" lon="-6.00462696"><ele>209.27</ele><time>2024-09-07T17:40:58Z</time></trkpt><trkpt lat="43.25920047" lon="-6.00460554"><ele>209.20</ele><time>2024-09-07T17:40:59Z</time></trkpt><trkpt lat="43.25924829" lon="-6.00458414"><ele>209.13</ele><time>2024-09-07T17:41:00Z</time></trkpt><trkpt lat="43.25929609" lon="-6.00456276"><ele>209.06</ele><time>2024-09-07T17:41:01Z</time></trkpt><trkpt lat="43.25934388" lon="-6.00454140"><ele>208.98</ele><time>2024-09-07T17:41:02Z</time></trkpt><trkpt lat="43.25939166" lon="-6.00452005"><ele>208.91</ele><time>2024-09-07T17:41:03Z</time></trkpt><trkpt lat="43.25943944" lon="-6.00449870"><ele>208.84</ele><time>2024-09-07T17:41:04Z</time></trkpt><trkpt lat="43.25948722" lon="-6.00447735"><ele>208.77</ele><time>2024-09-07T17:41:05Z</time></trkpt><trkpt lat="43.25953500" lon="-6.00445600"><ele>208.70</ele><time>2024-09-07T17:41:06Z</time></trkpt><trkpt lat="43.25958738" lon="-6.00443028"><ele>208.58</ele><time>2024-09-07T17:41:07Z</time></trkpt><trkpt lat="43.25964266" lon="-6.00440182"><ele>208.43</ele><time>2024-09-07T17:41:08Z</time></trkpt><trkpt lat="43.25969945" lon="-6.00437193"><ele>208.26</ele><time>2024-09-07T17:41:09Z</time></trkpt><trkpt lat="43.25975681" lon="-6.00434151"><ele>208.09</ele><time>2024-09-07T17:41:10Z</time></trkpt><trkpt lat="43.25981417" lon="-6.00431107"><ele>207.92</ele><time>2024-09-07T17:41:11Z</time></trkpt><trkpt lat="43.25987128" lon="-6.00428087"><ele>207.75</ele><time>2024-09-07T17:41:12Z</time></trkpt><trkpt lat="43.25992809" lon="-6.00425096"><ele>207.58</ele><time>2024-09-07T17:41:13Z</time></trkpt><trkpt lat="43.25998464" lon="-6.00422130"><ele>207.42</ele><time>2024-09-07T17:41:14Z</time></trkpt><trkpt lat="43.26004098" lon="-6.00419182"><ele>207.26</ele><time>2024-09-07T17:41:15Z</time></trkpt><trkpt lat="43.26009721" lon="-6.00416247"><ele>207.10</ele><time>2024-09-07T17:41:16Z</time></trkpt><trkpt lat="43.26015338" lon="-6.00413316"><ele>206.94</ele><time>2024-09-07T17:41:17Z</time></trkpt><trkpt lat="43.26020953" lon="-6.00410388"><ele>206.78</ele><time>2024-09-07T17:41:18Z</time></trkpt><trkpt lat="43.26026568" lon="-6.00407460"><ele>206.62</ele><time>2024-09-07T17:41:19Z</time></trkpt><trkpt lat="43.26032184" lon="-6.00404530"><ele>206.46</ele><time>2024-09-07T17:41:20Z</time></trkpt><trkpt lat="43.26037801" lon="-6.00401599"><ele>206.30</ele><time>2024-09-07T17:41:21Z</time></trkpt><trkpt lat="43.26043720" lon="-6.00398807"><ele>206.19</ele><time>2024-09-07T17:41:22Z</time></trkpt><trkpt lat="43.26049828" lon="-6.00396103"><ele>206.11</ele><time>2024-09-07T17:41:23Z</time></trkpt><trkpt lat="43.26056036" lon="-6.00393444"><ele>206.05</ele><time>2024-09-07T17:41:24Z</time></trkpt><trkpt lat="43.26062281" lon="-6.00390802"><ele>205.99</ele><time>2024-09-07T17:41:25Z</time></trkpt><trkpt lat="43.26068526" lon="-6.00388160"><ele>205.93</ele><time>2024-09-07T17:41:26Z</time></trkpt><trkpt lat="43.26074755" lon="-6.00385511"><ele>205.87</ele><time>2024-09-07T17:41:27Z</time></trkpt><trkpt lat="43.26080965" lon="-6.00382852"><ele>205.81</ele><time>2024-09-07T17:41:28Z</time></trkpt><trkpt lat="43.26087156" lon="-6.00380186"><ele>205.75</ele><time>2024-09-07T17:41:29Z</time></trkpt><trkpt lat="43.26093335" lon="-6.00377513"><ele>205.68</ele><time>2024-09-07T17:41:30Z</time></trkpt><trkpt lat="43.26099506" lon="-6.00374837"><ele>205.61</ele><time>2024-09-07T17:41:31Z</time></trkpt><trkpt lat="43.26105673" lon="-6.00372159"><ele>205.54</ele><time>2024-09-07T17:41:32Z</time></trkpt><trkpt lat="43.26111839" lon="-6.00369481"><ele>205.47</ele><time>2024-09-07T17:41:33Z</time></trkpt><trkpt lat="43.26118005" lon="-6.00366802"><ele>205.40</ele><time>2024-09-07T17:41:34Z</time></trkpt><trkpt lat="43.26123934" lon="-6.00364148"><ele>205.30</ele><time>2024-09-07T17:41:35Z</time></trkpt><trkpt lat="43.26129713" lon="-6.00361509"><ele>205.18</ele><time>2024-09-07T17:41:36Z</time></trkpt><trkpt lat="43.26135415" lon="-6.00358878"><ele>205.05</ele><time>2024-09-07T17:41:37Z</time></trkpt><trkpt lat="43.26141088" lon="-6.00356251"><ele>204.91</ele><time>2024-09-07T17:41:38Z</time></trkpt><trkpt lat="43.26146761" lon="-6.00353624"><ele>204.78</ele><time>2024-09-07T17:41:39Z</time></trkpt><trkpt lat="43.26152447" lon="-6.00350995"><ele>204.65</ele><time>2024-09-07T17:41:40Z</time></trkpt><trkpt lat="43.26158149" lon="-6.00348365"><ele>204.52</ele><time>2024-09-07T17:41:41Z</time></trkpt><trkpt lat="43.26163865" lon="-6.00345733"><ele>204.39</ele><time>2024-09-07T17:41:42Z</time></trkpt><trkpt lat="43.26169590" lon="-6.00343101"><ele>204.26</ele><time>2024-09-07T17:41:43Z</time></trkpt><trkpt lat="43.26175322" lon="-6.00340468"><ele>204.13</ele><time>2024-09-07T17:41:44Z</time></trkpt><trkpt lat="43.26181057" lon="-6.00337834"><ele>204.01</ele><time>2024-09-07T17:41:45Z</time></trkpt><trkpt lat="43.26186793" lon="-6.00335201"><ele>203.88</ele><time>2024-09-07T17:41:46Z</time></trkpt><trkpt lat="43.26192529" lon="-6.00332567"><ele>203.75</ele><time>2024-09-07T17:41:47Z</time></trkpt><trkpt lat="43.26198265" lon="-6.00329934"><ele>203.63</ele><time>2024-09-07T17:41:48Z</time></trkpt><trkpt lat="43.26203999" lon="-6.00327300"><ele>203.50</ele><time>2024-09-07T17:41:49Z</time></trkpt><trkpt lat="43.26209729" lon="-6.00325439"><ele>203.41</ele><time>2024-09-07T17:41:50Z</time></trkpt><trkpt lat="43.26215455" lon="-6.00324066"><ele>203.34</ele><time>2024-09-07T17:41:51Z</time></trkpt><trkpt lat="43.26221180" lon="-6.00322947"><ele>203.28</ele><time>2024-09-07T17:41:52Z</time></trkpt><trkpt lat="43.26226903" lon="-6.00321922"><ele>203.23</ele><time>2024-09-07T17:41:53Z</time></trkpt><trkpt lat="43.26232627" lon="-6.00320898"><ele>203.17</ele><time>2024-09-07T17:41:54Z</time></trkpt><trkpt lat="43.26238351" lon="-6.00319833"><ele>203.12</ele><time>2024-09-07T17:41:55Z</time></trkpt><trkpt lat="43.26244075" lon="-6.00318717"><ele>203.06</ele><time>2024-09-07T17:41:56Z</time></trkpt><trkpt lat="43.26249800" lon="-6.00317556"><ele>203.00</ele><time>2024-09-07T17:41:57Z</time></trkpt><trkpt lat="43.26255525" lon="-6.00316362"><ele>202.94</ele><time>2024-09-07T17:41:58Z</time></trkpt><trkpt lat="43.26261250" lon="-6.00315148"><ele>202.88</ele><time>2024-09-07T17:41:59Z</time></trkpt><trkpt lat="43.26266975" lon="-6.00313924"><ele>202.81</ele><time>2024-09-07T17:42:00Z</time></trkpt><trkpt lat="43.26272700" lon="-6.00312696"><ele>202.75</ele><time>2024-09-07T17:42:01Z</time></trkpt><trkpt lat="43.26278425" lon="-6.00311469"><ele>202.69</ele><time>2024-09-07T17:42:02Z</time></trkpt><trkpt lat="43.26284150" lon="-6.00310244"><ele>202.63</ele><time>2024-09-07T17:42:03Z</time></trkpt><trkpt lat="43.26289875" lon="-6.00309021"><ele>202.56</ele><time>2024-09-07T17:42:04Z</time></trkpt><trkpt lat="43.26295600" lon="-6.00307799"><ele>202.50</ele><time>2024-09-07T17:42:05Z</time></trkpt><trkpt lat="43.26300281" lon="-6.00307058"><ele>202.39</ele><time>2024-09-07T17:42:06Z</time></trkpt><trkpt lat="43.26304304" lon="-6.00306620"><ele>202.26</ele><time>2024-09-07T17:42:07Z</time></trkpt><trkpt lat="43.26307984" lon="-6.00306339"><ele>202.11</ele><time>2024-09-07T17:42:08Z</time></trkpt><trkpt lat="43.26311537" lon="-6.00306116"><ele>201.96</ele><time>2024-09-07T17:42:09Z</time></trkpt><trkpt lat="43.26315088" lon="-6.00305894"><ele>201.80</ele><time>2024-09-07T17:42:10Z</time></trkpt><trkpt lat="43.26318694" lon="-6.00305647"><ele>201.65</ele><time>2024-09-07T17:42:11Z</time></trkpt><trkpt lat="43.26322369" lon="-6.00305368"><ele>201.50</ele><time>2024-09-07T17:42:12Z</time></trkpt><trkpt lat="43.26326357" lon="-6.00304736"><ele>201.41</ele><time>2024-09-07T17:42:13Z</time></trkpt><trkpt lat="43.26330549" lon="-6.00303879"><ele>201.35</ele><time>2024-09-07T17:42:14Z</time></trkpt><trkpt lat="43.26334850" lon="-6.00302903"><ele>201.30</ele><time>2024-09-07T17:42:15Z</time></trkpt><trkpt lat="43.26339195" lon="-6.00301880"><ele>201.27</ele><time>2024-09-07T17:42:16Z</time></trkpt><trkpt lat="43.26343546" lon="-6.00300855"><ele>201.23</ele><time>2024-09-07T17:42:17Z</time></trkpt><trkpt lat="43.26347883" lon="-6.00299848"><ele>201.19</ele><time>2024-09-07T17:42:18Z</time></trkpt><trkpt lat="43.26352200" lon="-6.00298863"><ele>201.15</ele><time>2024-09-07T17:42:19Z</time></trkpt><trkpt lat="43.26356500" lon="-6.00297898"><ele>201.10</ele><time>2024-09-07T17:42:20Z</time></trkpt><trkpt lat="43.26360936" lon="-6.00296533"><ele>201.08</ele><time>2024-09-07T17:42:21Z</time></trkpt><trkpt lat="43.26365459" lon="-6.00294913"><ele>201.07</ele><time>2024-09-07T17:42:22Z</time></trkpt><trkpt lat="43.26370163" lon="-6.00293333"><ele>201.01</ele><time>2024-09-07T17:42:23Z</time></trkpt><trkpt lat="43.26374970" lon="-6.00291811"><ele>200.90</ele><time>2024-09-07T17:42:24Z</time></trkpt><trkpt lat="43.26379822" lon="-6.00290344"><ele>200.78</ele><time>2024-09-07T17:42:25Z</time></trkpt><trkpt lat="43.26384684" lon="-6.00288919"><ele>200.64</ele><time>2024-09-07T17:42:26Z</time></trkpt><trkpt lat="43.26389536" lon="-6.00287521"><ele>200.50</ele><time>2024-09-07T17:42:27Z</time></trkpt><trkpt lat="43.26394374" lon="-6.00286138"><ele>200.36</ele><time>2024-09-07T17:42:28Z</time></trkpt><trkpt lat="43.26399196" lon="-6.00284760"><ele>200.23</ele><time>2024-09-07T17:42:29Z</time></trkpt><trkpt lat="43.26404007" lon="-6.00283383"><ele>200.10</ele><time>2024-09-07T17:42:30Z</time></trkpt><trkpt lat="43.26407992" lon="-6.00281724"><ele>200.04</ele><time>2024-09-07T17:42:31Z</time></trkpt><trkpt lat="43.26411946" lon="-6.00279503"><ele>200.03</ele><time>2024-09-07T17:42:32Z</time></trkpt><trkpt lat="43.26416705" lon="-6.00276510"><ele>200.04</ele><time>2024-09-07T17:42:33Z</time></trkpt><trkpt lat="43.26420204" lon="-6.00274281"><ele>200.05</ele><time>2024-09-07T17:42:34Z</time></trkpt><trkpt lat="43.26424239" lon="-6.00272165"><ele>200.00</ele><time>2024-09-07T17:42:35Z</time></trkpt><trkpt lat="43.26428678" lon="-6.00270120"><ele>199.89</ele><time>2024-09-07T17:42:36Z</time></trkpt><trkpt lat="43.26433376" lon="-6.00268110"><ele>199.75</ele><time>2024-09-07T17:42:37Z</time></trkpt><trkpt lat="43.26438211" lon="-6.00266112"><ele>199.61</ele><time>2024-09-07T17:42:38Z</time></trkpt><trkpt lat="43.26443100" lon="-6.00264113"><ele>199.45</ele><time>2024-09-07T17:42:39Z</time></trkpt><trkpt lat="43.26447993" lon="-6.00262107"><ele>199.30</ele><time>2024-09-07T17:42:40Z</time></trkpt><trkpt lat="43.26452866" lon="-6.00260094"><ele>199.16</ele><time>2024-09-07T17:42:41Z</time></trkpt><trkpt lat="43.26457713" lon="-6.00258073"><ele>199.02</ele><time>2024-09-07T17:42:42Z</time></trkpt><trkpt lat="43.26462537" lon="-6.00256048"><ele>198.88</ele><time>2024-09-07T17:42:43Z</time></trkpt><trkpt lat="43.26467344" lon="-6.00254020"><ele>198.74</ele><time>2024-09-07T17:42:44Z</time></trkpt><trkpt lat="43.26472140" lon="-6.00251990"><ele>198.60</ele><time>2024-09-07T17:42:45Z</time></trkpt><trkpt lat="43.26476930" lon="-6.00249960"><ele>198.47</ele><time>2024-09-07T17:42:46Z</time></trkpt><trkpt lat="43.26481718" lon="-6.00247930"><ele>198.33</ele><time>2024-09-07T17:42:47Z</time></trkpt><trkpt lat="43.26486507" lon="-6.00245901"><ele>198.20</ele><time>2024-09-07T17:42:48Z</time></trkpt><trkpt lat="43.26491164" lon="-6.00244671"><ele>198.12</ele><time>2024-09-07T17:42:49Z</time></trkpt><trkpt lat="43.26495738" lon="-6.00243947"><ele>198.07</ele><time>2024-09-07T17:42:50Z</time></trkpt><trkpt lat="43.26500269" lon="-6.00243485"><ele>198.04</ele><time>2024-09-07T17:42:51Z</time></trkpt><trkpt lat="43.26504786" lon="-6.00243122"><ele>198.02</ele><time>2024-09-07T17:42:52Z</time></trkpt><trkpt lat="43.26509302" lon="-6.00242759"><ele>198.00</ele><time>2024-09-07T17:42:53Z</time></trkpt><trkpt lat="43.26513826" lon="-6.00242355"><ele>197.97</ele><time>2024-09-07T17:42:54Z</time></trkpt><trkpt lat="43.26518358" lon="-6.00241897"><ele>197.95</ele><time>2024-09-07T17:42:55Z</time></trkpt><trkpt lat="43.26522899" lon="-6.00241392"><ele>197.91</ele><time>2024-09-07T17:42:56Z</time></trkpt><trkpt lat="43.26527445" lon="-6.00240854"><ele>197.88</ele><time>2024-09-07T17:42:57Z</time></trkpt><trkpt lat="43.26531994" lon="-6.00240294"><ele>197.85</ele><time>2024-09-07T17:42:58Z</time></trkpt><trkpt lat="43.26536545" lon="-6.00239724"><ele>197.81</ele><time>2024-09-07T17:42:59Z</time></trkpt><trkpt lat="43.26541096" lon="-6.00239151"><ele>197.77</ele><time>2024-09-07T17:43:00Z</time></trkpt><trkpt lat="43.26545648" lon="-6.00238577"><ele>197.74</ele><time>2024-09-07T17:43:01Z</time></trkpt><trkpt lat="43.26550199" lon="-6.00238006"><ele>197.70</ele><time>2024-09-07T17:43:02Z</time></trkpt><trkpt lat="43.26555089" lon="-6.00236591"><ele>197.64</ele><time>2024-09-07T17:43:03Z</time></trkpt><trkpt lat="43.26560193" lon="-6.00234644"><ele>197.58</ele><time>2024-09-07T17:43:04Z</time></trkpt><trkpt lat="43.26565408" lon="-6.00232419"><ele>197.50</ele><time>2024-09-07T17:43:05Z</time></trkpt><trkpt lat="43.26570665" lon="-6.00230093"><ele>197.43</ele><time>2024-09-07T17:43:06Z</time></trkpt><trkpt lat="43.26575922" lon="-6.00227765"><ele>197.35</ele><time>2024-09-07T17:43:07Z</time></trkpt><trkpt lat="43.26581161" lon="-6.00225482"><ele>197.28</ele><time>2024-09-07T17:43:08Z</time></trkpt><trkpt lat="43.26586378" lon="-6.00223256"><ele>197.20</ele><time>2024-09-07T17:43:09Z</time></trkpt><trkpt lat="43.26591574" lon="-6.00221079"><ele>197.13</ele><time>2024-09-07T17:43:10Z</time></trkpt><trkpt lat="43.26596757" lon="-6.00218937"><ele>197.06</ele><time>2024-09-07T17:43:11Z</time></trkpt><trkpt lat="43.26601930" lon="-6.00216818"><ele>196.98</ele><time>2024-09-07T17:43:12Z</time></trkpt><trkpt lat="43.26607099" lon="-6.00214710"><ele>196.91</ele><time>2024-09-07T17:43:13Z</time></trkpt><trkpt lat="43.26612266" lon="-6.00212605"><ele>196.84</ele><time>2024-09-07T17:43:14Z</time></trkpt><trkpt lat="43.26617434" lon="-6.00210500"><ele>196.77</ele><time>2024-09-07T17:43:15Z</time></trkpt><trkpt lat="43.26622603" lon="-6.00208393"><ele>196.70</ele><time>2024-09-07T17:43:16Z</time></trkpt><trkpt lat="43.26627482" lon="-6.00207264"><ele>196.57</ele><time>2024-09-07T17:43:17Z</time></trkpt><trkpt lat="43.26632179" lon="-6.00206750"><ele>196.40</ele><time>2024-09-07T17:43:18Z</time></trkpt><trkpt lat="43.26636781" lon="-6.00206558"><ele>196.21</ele><time>2024-09-07T17:43:19Z</time></trkpt><trkpt lat="43.26641348" lon="-6.00206483"><ele>196.02</ele><time>2024-09-07T17:43:20Z</time></trkpt><trkpt lat="43.26645915" lon="-6.00206410"><ele>195.82</ele><time>2024-09-07T17:43:21Z</time></trkpt><trkpt lat="43.26650585" lon="-6.00206952"><ele>195.73</ele><time>2024-09-07T17:43:22Z</time></trkpt><trkpt lat="43.26655602" lon="-6.00207776"><ele>195.79</ele><time>2024-09-07T17:43:23Z</time></trkpt><trkpt lat="43.26660837" lon="-6.00208716"><ele>195.95</ele><time>2024-09-07T17:43:24Z</time></trkpt><trkpt lat="43.26666185" lon="-6.00209671"><ele>196.15</ele><time>2024-09-07T17:43:25Z</time></trkpt><trkpt lat="43.26671628" lon="-6.00210994"><ele>196.00</ele><time>2024-09-07T17:43:26Z</time></trkpt><trkpt lat="43.26676964" lon="-6.00212882"><ele>195.89</ele><time>2024-09-07T17:43:27Z</time></trkpt><trkpt lat="43.26682209" lon="-6.00215084"><ele>195.82</ele><time>2024-09-07T17:43:28Z</time></trkpt><trkpt lat="43.26687390" lon="-6.00217420"><ele>195.78</ele><time>2024-09-07T17:43:29Z</time></trkpt><trkpt lat="43.26692534" lon="-6.00219779"><ele>195.77</ele><time>2024-09-07T17:43:30Z</time></trkpt><trkpt lat="43.26697660" lon="-6.00222106"><ele>195.77</ele><time>2024-09-07T17:43:31Z</time></trkpt><trkpt lat="43.26702595" lon="-6.00223914"><ele>195.78</ele><time>2024-09-07T17:43:32Z</time></trkpt><trkpt lat="43.26707524" lon="-6.00225159"><ele>195.79</ele><time>2024-09-07T17:43:33Z</time></trkpt><trkpt lat="43.26712779" lon="-6.00225667"><ele>195.76</ele><time>2024-09-07T17:43:34Z</time></trkpt><trkpt lat="43.26718249" lon="-6.00225766"><ele>195.70</ele><time>2024-09-07T17:43:35Z</time></trkpt><trkpt lat="43.26723839" lon="-6.00225690"><ele>195.63</ele><time>2024-09-07T17:43:36Z</time></trkpt><trkpt lat="43.26729480" lon="-6.00225584"><ele>195.56</ele><time>2024-09-07T17:43:37Z</time></trkpt><trkpt lat="43.26735129" lon="-6.00225519"><ele>195.48</ele><time>2024-09-07T17:43:38Z</time></trkpt><trkpt lat="43.26740766" lon="-6.00225520"><ele>195.41</ele><time>2024-09-07T17:43:39Z</time></trkpt><trkpt lat="43.26746384" lon="-6.00225583"><ele>195.34</ele><time>2024-09-07T17:43:40Z</time></trkpt><trkpt lat="43.26751984" lon="-6.00225693"><ele>195.27</ele><time>2024-09-07T17:43:41Z</time></trkpt><trkpt lat="43.26757570" lon="-6.00225834"><ele>195.20</ele><time>2024-09-07T17:43:42Z</time></trkpt><trkpt lat="43.26763147" lon="-6.00225991"><ele>195.13</ele><time>2024-09-07T17:43:43Z</time></trkpt><trkpt lat="43.26768719" lon="-6.00226156"><ele>195.07</ele><time>2024-09-07T17:43:44Z</time></trkpt><trkpt lat="43.26774289" lon="-6.00226320"><ele>195.00</ele><time>2024-09-07T17:43:45Z</time></trkpt><trkpt lat="43.26779859" lon="-6.00226483"><ele>194.93</ele><time>2024-09-07T17:43:46Z</time></trkpt><trkpt lat="43.26785430" lon="-6.00226643"><ele>194.87</ele><time>2024-09-07T17:43:47Z</time></trkpt><trkpt lat="43.26791001" lon="-6.00226800"><ele>194.80</ele><time>2024-09-07T17:43:48Z</time></trkpt><trkpt lat="43.26796713" lon="-6.00226415"><ele>194.72</ele><time>2024-09-07T17:43:49Z</time></trkpt><trkpt lat="43.26802513" lon="-6.00225688"><ele>194.62</ele><time>2024-09-07T17:43:50Z</time></trkpt><trkpt lat="43.26808359" lon="-6.00224782"><ele>194.52</ele><time>2024-09-07T17:43:51Z</time></trkpt><trkpt lat="43.26814223" lon="-6.00223810"><ele>194.41</ele><time>2024-09-07T17:43:52Z</time></trkpt><trkpt lat="43.26820087" lon="-6.00222838"><ele>194.31</ele><time>2024-09-07T17:43:53Z</time></trkpt><trkpt lat="43.26825943" lon="-6.00221894"><ele>194.20</ele><time>2024-09-07T17:43:54Z</time></trkpt><trkpt lat="43.26831791" lon="-6.00220986"><ele>194.10</ele><time>2024-09-07T17:43:55Z</time></trkpt><trkpt lat="43.26837630" lon="-6.00220110"><ele>194.00</ele><time>2024-09-07T17:43:56Z</time></trkpt><trkpt lat="43.26843463" lon="-6.00219257"><ele>193.90</ele><time>2024-09-07T17:43:57Z</time></trkpt><trkpt lat="43.26849292" lon="-6.00218418"><ele>193.80</ele><time>2024-09-07T17:43:58Z</time></trkpt><trkpt lat="43.26855120" lon="-6.00217586"><ele>193.70</ele><time>2024-09-07T17:43:59Z</time></trkpt><trkpt lat="43.26860947" lon="-6.00216757"><ele>193.60</ele><time>2024-09-07T17:44:00Z</time></trkpt><trkpt lat="43.26866774" lon="-6.00215927"><ele>193.50</ele><time>2024-09-07T17:44:01Z</time></trkpt><trkpt lat="43.26872601" lon="-6.00215096"><ele>193.40</ele><time>2024-09-07T17:44:02Z</time></trkpt><trkpt lat="43.26878359" lon="-6.00214993"><ele>193.08</ele><time>2024-09-07T17:44:03Z</time></trkpt><trkpt lat="43.26884127" lon="-6.00216386"><ele>192.90</ele><time>2024-09-07T17:44:04Z</time></trkpt><trkpt lat="43.26889961" lon="-6.00219766"><ele>192.54</ele><time>2024-09-07T17:44:05Z</time></trkpt><trkpt lat="43.26895840" lon="-6.00224591"><ele>192.08</ele><time>2024-09-07T17:44:06Z</time></trkpt><trkpt lat="43.26901877" lon="-6.00230165"><ele>191.52</ele><time>2024-09-07T17:44:07Z</time></trkpt><trkpt lat="43.26908009" lon="-6.00235978"><ele>190.92</ele><time>2024-09-07T17:44:08Z</time></trkpt><trkpt lat="43.26914187" lon="-6.00241747"><ele>190.31</ele><time>2024-09-07T17:44:09Z</time></trkpt><trkpt lat="43.26920379" lon="-6.00247353"><ele>189.70</ele><time>2024-09-07T17:44:10Z</time></trkpt><trkpt lat="43.26926568" lon="-6.00252778"><ele>189.11</ele><time>2024-09-07T17:44:11Z</time></trkpt><trkpt lat="43.26932745" lon="-6.00258052"><ele>188.52</ele><time>2024-09-07T17:44:12Z</time></trkpt><trkpt lat="43.26938911" lon="-6.00263219"><ele>187.95</ele><time>2024-09-07T17:44:13Z</time></trkpt><trkpt lat="43.26945067" lon="-6.00268325"><ele>187.38</ele><time>2024-09-07T17:44:14Z</time></trkpt><trkpt lat="43.26951217" lon="-6.00273401"><ele>186.82</ele><time>2024-09-07T17:44:15Z</time></trkpt><trkpt lat="43.26957363" lon="-6.00278468"><ele>186.26</ele><time>2024-09-07T17:44:16Z</time></trkpt><trkpt lat="43.26963506" lon="-6.00283539"><ele>185.70</ele><time>2024-09-07T17:44:17Z</time></trkpt><trkpt lat="43.26970280" lon="-6.00287470"><ele>185.44</ele><time>2024-09-07T17:44:18Z</time></trkpt><trkpt lat="43.26977889" lon="-6.00289266"><ele>185.38</ele><time>2024-09-07T17:44:19Z</time></trkpt><trkpt lat="43.26984889" lon="-6.00288648"><ele>185.64</ele><time>2024-09-07T17:44:20Z</time></trkpt><trkpt lat="43.26990384" lon="-6.00286814"><ele>185.86</ele><time>2024-09-07T17:44:21Z</time></trkpt><trkpt lat="43.26995379" lon="-6.00284585"><ele>186.04</ele><time>2024-09-07T17:44:22Z</time></trkpt><trkpt lat="43.27000158" lon="-6.00282365"><ele>186.20</ele><time>2024-09-07T17:44:23Z</time></trkpt><trkpt lat="43.27004896" lon="-6.00280337"><ele>186.31</ele><time>2024-09-07T17:44:24Z</time></trkpt><trkpt lat="43.27009679" lon="-6.00278541"><ele>186.41</ele><time>2024-09-07T17:44:25Z</time></trkpt><trkpt lat="43.27014539" lon="-6.00276947"><ele>186.48</ele><time>2024-09-07T17:44:26Z</time></trkpt><trkpt lat="43.27019472" lon="-6.00275499"><ele>186.55</ele><time>2024-09-07T17:44:27Z</time></trkpt><trkpt lat="43.27024462" lon="-6.00274139"><ele>186.62</ele><time>2024-09-07T17:44:28Z</time></trkpt><trkpt lat="43.27029338" lon="-6.00273283"><ele>186.64</ele><time>2024-09-07T17:44:29Z</time></trkpt><trkpt lat="43.27034139" lon="-6.00272731"><ele>186.65</ele><time>2024-09-07T17:44:30Z</time></trkpt><trkpt lat="43.27038899" lon="-6.00272329"><ele>186.64</ele><time>2024-09-07T17:44:31Z</time></trkpt><trkpt lat="43.27043605" lon="-6.00272575"><ele>186.63</ele><time>2024-09-07T17:44:32Z</time></trkpt><trkpt lat="43.27048012" lon="-6.00273572"><ele>186.61</ele><time>2024-09-07T17:44:33Z</time></trkpt><trkpt lat="43.27052294" lon="-6.00275139"><ele>186.61</ele><time>2024-09-07T17:44:34Z</time></trkpt><trkpt lat="43.27056578" lon="-6.00276643"><ele>186.33</ele><time>2024-09-07T17:44:35Z</time></trkpt><trkpt lat="43.27060888" lon="-6.00278067"><ele>186.15</ele><time>2024-09-07T17:44:36Z</time></trkpt><trkpt lat="43.27065228" lon="-6.00279876"><ele>186.06</ele><time>2024-09-07T17:44:37Z</time></trkpt><trkpt lat="43.27069540" lon="-6.00281792"><ele>186.03</ele><time>2024-09-07T17:44:38Z</time></trkpt><trkpt lat="43.27074005" lon="-6.00283742"><ele>186.10</ele><time>2024-09-07T17:44:39Z</time></trkpt><trkpt lat="43.27078569" lon="-6.00285681"><ele>186.24</ele><time>2024-09-07T17:44:40Z</time></trkpt><trkpt lat="43.27083187" lon="-6.00287588"><ele>186.40</ele><time>2024-09-07T17:44:41Z</time></trkpt><trkpt lat="43.27087827" lon="-6.00289463"><ele>186.57</ele><time>2024-09-07T17:44:42Z</time></trkpt><trkpt lat="43.27092470" lon="-6.00291312"><ele>186.73</ele><time>2024-09-07T17:44:43Z</time></trkpt><trkpt lat="43.27097107" lon="-6.00293142"><ele>186.88</ele><time>2024-09-07T17:44:44Z</time></trkpt><trkpt lat="43.27101734" lon="-6.00294962"><ele>187.03</ele><time>2024-09-07T17:44:45Z</time></trkpt><trkpt lat="43.27106353" lon="-6.00296778"><ele>187.17</ele><time>2024-09-07T17:44:46Z</time></trkpt><trkpt lat="43.27110965" lon="-6.00298592"><ele>187.31</ele><time>2024-09-07T17:44:47Z</time></trkpt><trkpt lat="43.27115573" lon="-6.00300406"><ele>187.44</ele><time>2024-09-07T17:44:48Z</time></trkpt><trkpt lat="43.27120179" lon="-6.00302223"><ele>187.57</ele><time>2024-09-07T17:44:49Z</time></trkpt><trkpt lat="43.27124784" lon="-6.00304040"><ele>187.70</ele><time>2024-09-07T17:44:50Z</time></trkpt><trkpt lat="43.27129389" lon="-6.00305859"><ele>187.83</ele><time>2024-09-07T17:44:51Z</time></trkpt><trkpt lat="43.27133995" lon="-6.00307679"><ele>187.97</ele><time>2024-09-07T17:44:52Z</time></trkpt><trkpt lat="43.27138600" lon="-6.00309499"><ele>188.10</ele><time>2024-09-07T17:44:53Z</time></trkpt><trkpt lat="43.27142866" lon="-6.00310762"><ele>188.29</ele><time>2024-09-07T17:44:54Z</time></trkpt><trkpt lat="43.27146917" lon="-6.00311674"><ele>188.51</ele><time>2024-09-07T17:44:55Z</time></trkpt><trkpt lat="43.27150857" lon="-6.00312402"><ele>188.75</ele><time>2024-09-07T17:44:56Z</time></trkpt><trkpt lat="43.27154755" lon="-6.00313063"><ele>189.00</ele><time>2024-09-07T17:44:57Z</time></trkpt><trkpt lat="43.27158652" lon="-6.00313722"><ele>189.24</ele><time>2024-09-07T17:44:58Z</time></trkpt><trkpt lat="43.27162568" lon="-6.00314411"><ele>189.49</ele><time>2024-09-07T17:44:59Z</time></trkpt><trkpt lat="43.27166296" lon="-6.00314372"><ele>189.88</ele><time>2024-09-07T17:45:00Z</time></trkpt><trkpt lat="43.27169913" lon="-6.00313665"><ele>190.08</ele><time>2024-09-07T17:45:01Z</time></trkpt><trkpt lat="43.27173475" lon="-6.00312647"><ele>190.43</ele><time>2024-09-07T17:45:02Z</time></trkpt><trkpt lat="43.27177021" lon="-6.00311950"><ele>190.87</ele><time>2024-09-07T17:45:03Z</time></trkpt><trkpt lat="43.27180734" lon="-6.00311744"><ele>191.32</ele><time>2024-09-07T17:45:04Z</time></trkpt><trkpt lat="43.27184345" lon="-6.00311815"><ele>191.54</ele><time>2024-09-07T17:45:05Z</time></trkpt><trkpt lat="43.27187776" lon="-6.00311874"><ele>191.88</ele><time>2024-09-07T17:45:06Z</time></trkpt><trkpt lat="43.27191140" lon="-6.00311485"><ele>192.07</ele><time>2024-09-07T17:45:07Z</time></trkpt><trkpt lat="43.27194474" lon="-6.00310794"><ele>192.14</ele><time>2024-09-07T17:45:08Z</time></trkpt><trkpt lat="43.27197804" lon="-6.00309932"><ele>192.17</ele><time>2024-09-07T17:45:09Z</time></trkpt><trkpt lat="43.27201142" lon="-6.00308995"><ele>192.17</ele><time>2024-09-07T17:45:10Z</time></trkpt><trkpt lat="43.27204491" lon="-6.00308043"><ele>192.17</ele><time>2024-09-07T17:45:11Z</time></trkpt><trkpt lat="43.27207851" lon="-6.00307106"><ele>192.18</ele><time>2024-09-07T17:45:12Z</time></trkpt><trkpt lat="43.27211219" lon="-6.00306193"><ele>192.20</ele><time>2024-09-07T17:45:13Z</time></trkpt><trkpt lat="43.27214592" lon="-6.00305306"><ele>192.23</ele><time>2024-09-07T17:45:14Z</time></trkpt><trkpt lat="43.27217968" lon="-6.00304438"><ele>192.27</ele><time>2024-09-07T17:45:15Z</time></trkpt><trkpt lat="43.27221345" lon="-6.00303582"><ele>192.31</ele><time>2024-09-07T17:45:16Z</time></trkpt><trkpt lat="43.27224722" lon="-6.00302733"><ele>192.35</ele><time>2024-09-07T17:45:17Z</time></trkpt><trkpt lat="43.27228098" lon="-6.00301887"><ele>192.40</ele><time>2024-09-07T17:45:18Z</time></trkpt><trkpt lat="43.27231625" lon="-6.00301579"><ele>192.37</ele><time>2024-09-07T17:45:19Z</time></trkpt><trkpt lat="43.27235245" lon="-6.00301609"><ele>192.30</ele><time>2024-09-07T17:45:20Z</time></trkpt><trkpt lat="43.27238915" lon="-6.00301814"><ele>192.21</ele><time>2024-09-07T17:45:21Z</time></trkpt><trkpt lat="43.27242603" lon="-6.00302083"><ele>192.11</ele><time>2024-09-07T17:45:22Z</time></trkpt><trkpt lat="43.27246290" lon="-6.00302353"><ele>192.01</ele><time>2024-09-07T17:45:23Z</time></trkpt><trkpt lat="43.27249970" lon="-6.00302594"><ele>191.91</ele><time>2024-09-07T17:45:24Z</time></trkpt><trkpt lat="43.27253458" lon="-6.00301979"><ele>191.91</ele><time>2024-09-07T17:45:25Z</time></trkpt><trkpt lat="43.27256822" lon="-6.00300816"><ele>191.97</ele><time>2024-09-07T17:45:26Z</time></trkpt><trkpt lat="43.27260120" lon="-6.00299361"><ele>192.07</ele><time>2024-09-07T17:45:27Z</time></trkpt><trkpt lat="43.27263392" lon="-6.00297792"><ele>192.17</ele><time>2024-09-07T17:45:28Z</time></trkpt><trkpt lat="43.27266662" lon="-6.00296215"><ele>192.28</ele><time>2024-09-07T17:45:29Z</time></trkpt><trkpt lat="43.27269940" lon="-6.00294678"><ele>192.38</ele><time>2024-09-07T17:45:30Z</time></trkpt><trkpt lat="43.27273231" lon="-6.00293196"><ele>192.48</ele><time>2024-09-07T17:45:31Z</time></trkpt><trkpt lat="43.27276533" lon="-6.00291764"><ele>192.57</ele><time>2024-09-07T17:45:32Z</time></trkpt><trkpt lat="43.27279843" lon="-6.00290368"><ele>192.65</ele><time>2024-09-07T17:45:33Z</time></trkpt><trkpt lat="43.27283158" lon="-6.00288995"><ele>192.74</ele><time>2024-09-07T17:45:34Z</time></trkpt><trkpt lat="43.27286476" lon="-6.00287634"><ele>192.82</ele><time>2024-09-07T17:45:35Z</time></trkpt><trkpt lat="43.27289795" lon="-6.00286276"><ele>192.90</ele><time>2024-09-07T17:45:36Z</time></trkpt><trkpt lat="43.27292919" lon="-6.00284098"><ele>192.90</ele><time>2024-09-07T17:45:37Z</time></trkpt><trkpt lat="43.27295921" lon="-6.00281400"><ele>192.84</ele><time>2024-09-07T17:45:38Z</time></trkpt><trkpt lat="43.27298859" lon="-6.00278430"><ele>192.75</ele><time>2024-09-07T17:45:39Z</time></trkpt><trkpt lat="43.27301773" lon="-6.00275358"><ele>192.65</ele><time>2024-09-07T17:45:40Z</time></trkpt><trkpt lat="43.27304685" lon="-6.00272283"><ele>192.55</ele><time>2024-09-07T17:45:41Z</time></trkpt><trkpt lat="43.27307608" lon="-6.00269250"><ele>192.46</ele><time>2024-09-07T17:45:42Z</time></trkpt><trkpt lat="43.27310544" lon="-6.00266271"><ele>192.37</ele><time>2024-09-07T17:45:43Z</time></trkpt><trkpt lat="43.27313491" lon="-6.00263340"><ele>192.28</ele><time>2024-09-07T17:45:44Z</time></trkpt><trkpt lat="43.27316446" lon="-6.00260444"><ele>192.20</ele><time>2024-09-07T17:45:45Z</time></trkpt><trkpt lat="43.27319406" lon="-6.00257570"><ele>192.13</ele><time>2024-09-07T17:45:46Z</time></trkpt><trkpt lat="43.27322369" lon="-6.00254706"><ele>192.05</ele><time>2024-09-07T17:45:47Z</time></trkpt><trkpt lat="43.27325333" lon="-6.00251847"><ele>191.97</ele><time>2024-09-07T17:45:48Z</time></trkpt><trkpt lat="43.27328297" lon="-6.00248986"><ele>191.90</ele><time>2024-09-07T17:45:49Z</time></trkpt><trkpt lat="43.27331609" lon="-6.00245834"><ele>191.62</ele><time>2024-09-07T17:45:50Z</time></trkpt><trkpt lat="43.27335140" lon="-6.00242497"><ele>191.21</ele><time>2024-09-07T17:45:51Z</time></trkpt><trkpt lat="43.27339070" lon="-6.00238439"><ele>190.76</ele><time>2024-09-07T17:45:52Z</time></trkpt><trkpt lat="43.27343220" lon="-6.00233952"><ele>190.30</ele><time>2024-09-07T17:45:53Z</time></trkpt><trkpt lat="43.27347465" lon="-6.00229259"><ele>189.86</ele><time>2024-09-07T17:45:54Z</time></trkpt><trkpt lat="43.27351726" lon="-6.00224505"><ele>189.42</ele><time>2024-09-07T17:45:55Z</time></trkpt><trkpt lat="43.27355964" lon="-6.00219769"><ele>189.00</ele><time>2024-09-07T17:45:56Z</time></trkpt><trkpt lat="43.27359609" lon="-6.00214503"><ele>188.81</ele><time>2024-09-07T17:45:57Z</time></trkpt><trkpt lat="43.27362433" lon="-6.00208162"><ele>188.76</ele><time>2024-09-07T17:45:58Z</time></trkpt><trkpt lat="43.27364389" lon="-6.00201738"><ele>188.79</ele><time>2024-09-07T17:45:59Z</time></trkpt><trkpt lat="43.27365985" lon="-6.00195149"><ele>188.63</ele><time>2024-09-07T17:46:00Z</time></trkpt><trkpt lat="43.27367644" lon="-6.00188379"><ele>188.37</ele><time>2024-09-07T17:46:01Z</time></trkpt><trkpt lat="43.27369432" lon="-6.00181549"><ele>188.05</ele><time>2024-09-07T17:46:02Z</time></trkpt><trkpt lat="43.27371352" lon="-6.00174727"><ele>187.69</ele><time>2024-09-07T17:46:03Z</time></trkpt><trkpt lat="43.27374288" lon="-6.00167814"><ele>187.51</ele><time>2024-09-07T17:46:04Z</time></trkpt><trkpt lat="43.27378306" lon="-6.00161081"><ele>187.18</ele><time>2024-09-07T17:46:05Z</time></trkpt><trkpt lat="43.27383212" lon="-6.00155135"><ele>187.01</ele><time>2024-09-07T17:46:06Z</time></trkpt><trkpt lat="43.27388944" lon="-6.00150229"><ele>186.68</ele><time>2024-09-07T17:46:07Z</time></trkpt><trkpt lat="43.27394629" lon="-6.00145980"><ele>186.51</ele><time>2024-09-07T17:46:08Z</time></trkpt><trkpt lat="43.27399601" lon="-6.00141493"><ele>186.45</ele><time>2024-09-07T17:46:09Z</time></trkpt><trkpt lat="43.27402785" lon="-6.00136308"><ele>186.73</ele><time>2024-09-07T17:46:10Z</time></trkpt><trkpt lat="43.27403805" lon="-6.00130853"><ele>186.94</ele><time>2024-09-07T17:46:11Z</time></trkpt><trkpt lat="43.27402817" lon="-6.00125680"><ele>187.06</ele><time>2024-09-07T17:46:12Z</time></trkpt><trkpt lat="43.27401007" lon="-6.00121425"><ele>186.86</ele><time>2024-09-07T17:46:13Z</time></trkpt><trkpt lat="43.27399597" lon="-6.00119307"><ele>186.68</ele><time>2024-09-07T17:46:14Z</time></trkpt><trkpt lat="43.27398664" lon="-6.00118473"><ele>186.54</ele><time>2024-09-07T17:46:15Z</time></trkpt><trkpt lat="43.27398141" lon="-6.00118262"><ele>186.43</ele><time>2024-09-07T17:46:16Z</time></trkpt><trkpt lat="43.27397912" lon="-6.00118241"><ele>186.36</ele><time>2024-09-07T17:46:17Z</time></trkpt><trkpt lat="43.27397859" lon="-6.00118174"><ele>186.29</ele><time>2024-09-07T17:46:18Z</time></trkpt><trkpt lat="43.27397893" lon="-6.00117963"><ele>186.24</ele><time>2024-09-07T17:46:19Z</time></trkpt><trkpt lat="43.27397955" lon="-6.00117594"><ele>186.19</ele><time>2024-09-07T17:46:20Z</time></trkpt><trkpt lat="43.27398011" lon="-6.00117095"><ele>186.14</ele><time>2024-09-07T17:46:21Z</time></trkpt><trkpt lat="43.27398048" lon="-6.00116505"><ele>186.09</ele><time>2024-09-07T17:46:22Z</time></trkpt><trkpt lat="43.27397672" lon="-6.00115254"><ele>185.92</ele><time>2024-09-07T17:46:23Z</time></trkpt><trkpt lat="43.27397030" lon="-6.00113594"><ele>185.67</ele><time>2024-09-07T17:46:24Z</time></trkpt><trkpt lat="43.27396248" lon="-6.00111728"><ele>185.37</ele><time>2024-09-07T17:46:25Z</time></trkpt><trkpt lat="43.27395410" lon="-6.00109790"><ele>185.06</ele><time>2024-09-07T17:46:26Z</time></trkpt><trkpt lat="43.27394568" lon="-6.00107857"><ele>184.75</ele><time>2024-09-07T17:46:27Z</time></trkpt><trkpt lat="43.27393741" lon="-6.00104085"><ele>184.34</ele><time>2024-09-07T17:46:28Z</time></trkpt><trkpt lat="43.27392936" lon="-6.00099174"><ele>183.87</ele><time>2024-09-07T17:46:29Z</time></trkpt><trkpt lat="43.27392154" lon="-6.00093685"><ele>183.37</ele><time>2024-09-07T17:46:30Z</time></trkpt><trkpt lat="43.27391388" lon="-6.00087995"><ele>182.86</ele><time>2024-09-07T17:46:31Z</time></trkpt><trkpt lat="43.27392409" lon="-6.00082372"><ele>182.08</ele><time>2024-09-07T17:46:32Z</time></trkpt><trkpt lat="43.27394664" lon="-6.00077875"><ele>181.44</ele><time>2024-09-07T17:46:33Z</time></trkpt><trkpt lat="43.27397394" lon="-6.00073900"><ele>181.06</ele><time>2024-09-07T17:46:34Z</time></trkpt><trkpt lat="43.27400263" lon="-6.00070211"><ele>180.84</ele><time>2024-09-07T17:46:35Z</time></trkpt><trkpt lat="43.27403088" lon="-6.00066639"><ele>180.71</ele><time>2024-09-07T17:46:36Z</time></trkpt><trkpt lat="43.27405796" lon="-6.00063083"><ele>180.62</ele><time>2024-09-07T17:46:37Z</time></trkpt><trkpt lat="43.27408379" lon="-6.00059494"><ele>180.53</ele><time>2024-09-07T17:46:38Z</time></trkpt><trkpt lat="43.27410859" lon="-6.00055857"><ele>180.42</ele><time>2024-09-07T17:46:39Z</time></trkpt><trkpt lat="43.27413270" lon="-6.00052174"><ele>180.30</ele><time>2024-09-07T17:46:40Z</time></trkpt><trkpt lat="43.27415639" lon="-6.00048457"><ele>180.17</ele><time>2024-09-07T17:46:41Z</time></trkpt><trkpt lat="43.27417991" lon="-6.00044719"><ele>180.02</ele><time>2024-09-07T17:46:42Z</time></trkpt><trkpt lat="43.27420337" lon="-6.00040969"><ele>179.87</ele><time>2024-09-07T17:46:43Z</time></trkpt><trkpt lat="43.27422687" lon="-6.00037215"><ele>179.72</ele><time>2024-09-07T17:46:44Z</time></trkpt><trkpt lat="43.27425042" lon="-6.00033460"><ele>179.56</ele><time>2024-09-07T17:46:45Z</time></trkpt><trkpt lat="43.27427402" lon="-6.00029707"><ele>179.40</ele><time>2024-09-07T17:46:46Z</time></trkpt><trkpt lat="43.27429674" lon="-6.00025508"><ele>179.33</ele><time>2024-09-07T17:46:47Z</time></trkpt><trkpt lat="43.27431891" lon="-6.00021029"><ele>179.31</ele><time>2024-09-07T17:46:48Z</time></trkpt><trkpt lat="43.27434080" lon="-6.00016403"><ele>179.32</ele><time>2024-09-07T17:46:49Z</time></trkpt><trkpt lat="43.27436421" lon="-6.00011760"><ele>179.62</ele><time>2024-09-07T17:46:50Z</time></trkpt><trkpt lat="43.27438583" lon="-6.00007731"><ele>179.86</ele><time>2024-09-07T17:46:51Z</time></trkpt><trkpt lat="43.27440625" lon="-6.00004110"><ele>180.05</ele><time>2024-09-07T17:46:52Z</time></trkpt><trkpt lat="43.27442600" lon="-6.00000718"><ele>180.19</ele><time>2024-09-07T17:46:53Z</time></trkpt><trkpt lat="43.27444545" lon="-5.99997424"><ele>180.30</ele><time>2024-09-07T17:46:54Z</time></trkpt><trkpt lat="43.27446486" lon="-5.99994148"><ele>180.39</ele><time>2024-09-07T17:46:55Z</time></trkpt><trkpt lat="43.27448432" lon="-5.99990850"><ele>180.48</ele><time>2024-09-07T17:46:56Z</time></trkpt><trkpt lat="43.27450389" lon="-5.99987516"><ele>180.56</ele><time>2024-09-07T17:46:57Z</time></trkpt><trkpt lat="43.27452356" lon="-5.99984149"><ele>180.64</ele><time>2024-09-07T17:46:58Z</time></trkpt><trkpt lat="43.27454331" lon="-5.99980755"><ele>180.72</ele><time>2024-09-07T17:46:59Z</time></trkpt><trkpt lat="43.27456311" lon="-5.99977343"><ele>180.81</ele><time>2024-09-07T17:47:00Z</time></trkpt><trkpt lat="43.27458293" lon="-5.99973923"><ele>180.90</ele><time>2024-09-07T17:47:01Z</time></trkpt><trkpt lat="43.27459176" lon="-5.99972293"><ele>180.91</ele><time>2024-09-07T17:47:02Z</time></trkpt><trkpt lat="43.27459365" lon="-5.99971795"><ele>180.87</ele><time>2024-09-07T17:47:03Z</time></trkpt><trkpt lat="43.27459191" lon="-5.99971887"><ele>180.80</ele><time>2024-09-07T17:47:04Z</time></trkpt><trkpt lat="43.27458883" lon="-5.99972200"><ele>180.73</ele><time>2024-09-07T17:47:05Z</time></trkpt><trkpt lat="43.27458572" lon="-5.99972518"><ele>180.65</ele><time>2024-09-07T17:47:06Z</time></trkpt><trkpt lat="43.27458320" lon="-5.99972741"><ele>180.58</ele><time>2024-09-07T17:47:07Z</time></trkpt><trkpt lat="43.27458140" lon="-5.99972847"><ele>180.52</ele><time>2024-09-07T17:47:08Z</time></trkpt><trkpt lat="43.27458025" lon="-5.99972847"><ele>180.45</ele><time>2024-09-07T17:47:09Z</time></trkpt><trkpt lat="43.27457956" lon="-5.99972771"><ele>180.40</ele><time>2024-09-07T17:47:10Z</time></trkpt><trkpt lat="43.27457793" lon="-5.99972872"><ele>180.24</ele><time>2024-09-07T17:47:11Z</time></trkpt><trkpt lat="43.27457567" lon="-5.99973090"><ele>180.02</ele><time>2024-09-07T17:47:12Z</time></trkpt><trkpt lat="43.27457306" lon="-5.99973373"><ele>179.76</ele><time>2024-09-07T17:47:13Z</time></trkpt><trkpt lat="43.27457029" lon="-5.99973684"><ele>179.50</ele><time>2024-09-07T17:47:14Z</time></trkpt><trkpt lat="43.27456749" lon="-5.99974000"><ele>179.23</ele><time>2024-09-07T17:47:15Z</time></trkpt><trkpt lat="43.27456472" lon="-5.99974310"><ele>178.97</ele><time>2024-09-07T17:47:16Z</time></trkpt><trkpt lat="43.27456201" lon="-5.99974609"><ele>178.72</ele><time>2024-09-07T17:47:17Z</time></trkpt><trkpt lat="43.27455934" lon="-5.99974898"><ele>178.47</ele><time>2024-09-07T17:47:18Z</time></trkpt><trkpt lat="43.27455672" lon="-5.99975180"><ele>178.22</ele><time>2024-09-07T17:47:19Z</time></trkpt><trkpt lat="43.27455413" lon="-5.99975457"><ele>177.98</ele><time>2024-09-07T17:47:20Z</time></trkpt><trkpt lat="43.27455155" lon="-5.99975732"><ele>177.74</ele><time>2024-09-07T17:47:21Z</time></trkpt><trkpt lat="43.27454897" lon="-5.99976005"><ele>177.50</ele><time>2024-09-07T17:47:22Z</time></trkpt><trkpt lat="43.27454778" lon="-5.99976113"><ele>177.36</ele><time>2024-09-07T17:47:23Z</time></trkpt><trkpt lat="43.27454746" lon="-5.99976117"><ele>177.28</ele><time>2024-09-07T17:47:24Z</time></trkpt><trkpt lat="43.27454758" lon="-5.99976066"><ele>177.24</ele><time>2024-09-07T17:47:25Z</time></trkpt><trkpt lat="43.27454788" lon="-5.99975997"><ele>177.21</ele><time>2024-09-07T17:47:26Z</time></trkpt><trkpt lat="43.27454817" lon="-5.99975927"><ele>177.18</ele><time>2024-09-07T17:47:27Z</time></trkpt><trkpt lat="43.27454839" lon="-5.99975866"><ele>177.15</ele><time>2024-09-07T17:47:28Z</time></trkpt><trkpt lat="43.27454852" lon="-5.99975816"><ele>177.10</ele><time>2024-09-07T17:47:29Z</time></trkpt><trkpt lat="43.27454857" lon="-5.99975776"><ele>177.06</ele><time>2024-09-07T17:47:30Z</time></trkpt><trkpt lat="43.27454856" lon="-5.99975743"><ele>177.00</ele><time>2024-09-07T17:47:31Z</time></trkpt><trkpt lat="43.27454851" lon="-5.99975715"><ele>176.95</ele><time>2024-09-07T17:47:32Z</time></trkpt><trkpt lat="43.27454844" lon="-5.99975688"><ele>176.89</ele><time>2024-09-07T17:47:33Z</time></trkpt><trkpt lat="43.27454837" lon="-5.99975662"><ele>176.84</ele><time>2024-09-07T17:47:34Z</time></trkpt><trkpt lat="43.27454830" lon="-5.99975636"><ele>176.78</ele><time>2024-09-07T17:47:35Z</time></trkpt><trkpt lat="43.27454823" lon="-5.99975610"><ele>176.72</ele><time>2024-09-07T17:47:36Z</time></trkpt><trkpt lat="43.27454817" lon="-5.99975583"><ele>176.67</ele><time>2024-09-07T17:47:37Z</time></trkpt><trkpt lat="43.27454811" lon="-5.99975556"><ele>176.61</ele><time>2024-09-07T17:47:38Z</time></trkpt><trkpt lat="43.27454805" lon="-5.99975528"><ele>176.56</ele><time>2024-09-07T17:47:39Z</time></trkpt><trkpt lat="43.27454800" lon="-5.99975500"><ele>176.50</ele><time>2024-09-07T17:47:40Z</time></trkpt><trkpt lat="43.27454852" lon="-5.99975333"><ele>176.50</ele><time>2024-09-07T17:47:41Z</time></trkpt><trkpt lat="43.27454940" lon="-5.99975077"><ele>176.53</ele><time>2024-09-07T17:47:42Z</time></trkpt><trkpt lat="43.27455048" lon="-5.99974776"><ele>176.58</ele><time>2024-09-07T17:47:43Z</time></trkpt><trkpt lat="43.27455162" lon="-5.99974458"><ele>176.63</ele><time>2024-09-07T17:47:44Z</time></trkpt><trkpt lat="43.27455277" lon="-5.99974139"><ele>176.69</ele><time>2024-09-07T17:47:45Z</time></trkpt><trkpt lat="43.27455389" lon="-5.99973828"><ele>176.74</ele><time>2024-09-07T17:47:46Z</time></trkpt><trkpt lat="43.27455496" lon="-5.99973526"><ele>176.79</ele><time>2024-09-07T17:47:47Z</time></trkpt><trkpt lat="43.27455600" lon="-5.99973232"><ele>176.83</ele><time>2024-09-07T17:47:48Z</time></trkpt><trkpt lat="43.27455702" lon="-5.99972944"><ele>176.88</ele><time>2024-09-07T17:47:49Z</time></trkpt><trkpt lat="43.27455803" lon="-5.99972660"><ele>176.92</ele><time>2024-09-07T17:47:50Z</time></trkpt><trkpt lat="43.27455902" lon="-5.99972378"><ele>176.96</ele><time>2024-09-07T17:47:51Z</time></trkpt><trkpt lat="43.27456002" lon="-5.99972096"><ele>177.00</ele><time>2024-09-07T17:47:52Z</time></trkpt><trkpt lat="43.27456265" lon="-5.99972197"><ele>177.11</ele><time>2024-09-07T17:47:53Z</time></trkpt><trkpt lat="43.27456632" lon="-5.99972538"><ele>177.25</ele><time>2024-09-07T17:47:54Z</time></trkpt><trkpt lat="43.27457052" lon="-5.99973005"><ele>177.42</ele><time>2024-09-07T17:47:55Z</time></trkpt><trkpt lat="43.27457493" lon="-5.99973518"><ele>177.59</ele><time>2024-09-07T17:47:56Z</time></trkpt><trkpt lat="43.27457935" lon="-5.99974031"><ele>177.77</ele><time>2024-09-07T17:47:57Z</time></trkpt><trkpt lat="43.27458367" lon="-5.99974524"><ele>177.94</ele><time>2024-09-07T17:47:58Z</time></trkpt><trkpt lat="43.27458789" lon="-5.99974992"><ele>178.10</ele><time>2024-09-07T17:47:59Z</time></trkpt><trkpt lat="43.27459201" lon="-5.99975437"><ele>178.27</ele><time>2024-09-07T17:48:00Z</time></trkpt><trkpt lat="43.27459607" lon="-5.99975865"><ele>178.43</ele><time>2024-09-07T17:48:01Z</time></trkpt><trkpt lat="43.27460008" lon="-5.99976284"><ele>178.59</ele><time>2024-09-07T17:48:02Z</time></trkpt><trkpt lat="43.27460406" lon="-5.99976698"><ele>178.74</ele><time>2024-09-07T17:48:03Z</time></trkpt><trkpt lat="43.27460805" lon="-5.99977111"><ele>178.90</ele><time>2024-09-07T17:48:04Z</time></trkpt><trkpt lat="43.27460961" lon="-5.99977330"><ele>179.06</ele><time>2024-09-07T17:48:05Z</time></trkpt><trkpt lat="43.27460966" lon="-5.99977428"><ele>179.21</ele><time>2024-09-07T17:48:06Z</time></trkpt><trkpt lat="43.27460892" lon="-5.99977465"><ele>179.36</ele><time>2024-09-07T17:48:07Z</time></trkpt><trkpt lat="43.27460789" lon="-5.99977478"><ele>179.51</ele><time>2024-09-07T17:48:08Z</time></trkpt><trkpt lat="43.27460685" lon="-5.99977492"><ele>179.66</ele><time>2024-09-07T17:48:09Z</time></trkpt><trkpt lat="43.27460595" lon="-5.99977517"><ele>179.82</ele><time>2024-09-07T17:48:10Z</time></trkpt><trkpt lat="43.27460521" lon="-5.99977554"><ele>179.97</ele><time>2024-09-07T17:48:11Z</time></trkpt><trkpt lat="43.27460461" lon="-5.99977603"><ele>180.12</ele><time>2024-09-07T17:48:12Z</time></trkpt><trkpt lat="43.27460411" lon="-5.99977660"><ele>180.27</ele><time>2024-09-07T17:48:13Z</time></trkpt><trkpt lat="43.27460368" lon="-5.99977723"><ele>180.43</ele><time>2024-09-07T17:48:14Z</time></trkpt><trkpt lat="43.27460327" lon="-5.99977787"><ele>180.58</ele><time>2024-09-07T17:48:15Z</time></trkpt><trkpt lat="43.27460288" lon="-5.99977853"><ele>180.73</ele><time>2024-09-07T17:48:16Z</time></trkpt><trkpt lat="43.27460249" lon="-5.99977918"><ele>180.88</ele><time>2024-09-07T17:48:17Z</time></trkpt><trkpt lat="43.27460209" lon="-5.99977983"><ele>181.04</ele><time>2024-09-07T17:48:18Z</time></trkpt><trkpt lat="43.27460168" lon="-5.99978047"><ele>181.19</ele><time>2024-09-07T17:48:19Z</time></trkpt><trkpt lat="43.27460126" lon="-5.99978111"><ele>181.34</ele><time>2024-09-07T17:48:20Z</time></trkpt><trkpt lat="43.27460085" lon="-5.99978174"><ele>181.49</ele><time>2024-09-07T17:48:21Z</time></trkpt><trkpt lat="43.27460043" lon="-5.99978237"><ele>181.65</ele><time>2024-09-07T17:48:22Z</time></trkpt><trkpt lat="43.27460000" lon="-5.99978300"><ele>181.80</ele><time>2024-09-07T17:48:23Z</time></trkpt><trkpt lat="43.27460022" lon="-5.99978267"><ele>181.85</ele><time>2024-09-07T17:48:24Z</time></trkpt><trkpt lat="43.27460084" lon="-5.99978174"><ele>181.83</ele><time>2024-09-07T17:48:25Z</time></trkpt><trkpt lat="43.27460167" lon="-5.99978049"><ele>181.78</ele><time>2024-09-07T17:48:26Z</time></trkpt><trkpt lat="43.27460258" lon="-5.99977913"><ele>181.72</ele><time>2024-09-07T17:48:27Z</time></trkpt><trkpt lat="43.27460349" lon="-5.99977776"><ele>181.65</ele><time>2024-09-07T17:48:28Z</time></trkpt><trkpt lat="43.27460437" lon="-5.99977644"><ele>181.60</ele><time>2024-09-07T17:48:29Z</time></trkpt><trkpt lat="43.27460521" lon="-5.99977519"><ele>181.54</ele><time>2024-09-07T17:48:30Z</time></trkpt><trkpt lat="43.27460601" lon="-5.99977399"><ele>181.50</ele><time>2024-09-07T17:48:31Z</time></trkpt><trkpt lat="43.27460678" lon="-5.99977284"><ele>181.46</ele><time>2024-09-07T17:48:32Z</time></trkpt><trkpt lat="43.27460753" lon="-5.99977171"><ele>181.42</ele><time>2024-09-07T17:48:33Z</time></trkpt><trkpt lat="43.27460827" lon="-5.99977059"><ele>181.38</ele><time>2024-09-07T17:48:34Z</time></trkpt><trkpt lat="43.27460902" lon="-5.99976947"><ele>181.35</ele><time>2024-09-07T17:48:35Z</time></trkpt><trkpt lat="43.27460976" lon="-5.99976836"><ele>181.31</ele><time>2024-09-07T17:48:36Z</time></trkpt><trkpt lat="43.27461051" lon="-5.99976724"><ele>181.27</ele><time>2024-09-07T17:48:37Z</time></trkpt><trkpt lat="43.27461125" lon="-5.99976612"><ele>181.24</ele><time>2024-09-07T17:48:38Z</time></trkpt><trkpt lat="43.27461200" lon="-5.99976500"><ele>181.20</ele><time>2024-09-07T17:48:39Z</time></trkpt><trkpt lat="43.27461275" lon="-5.99976388"><ele>181.16</ele><time>2024-09-07T17:48:40Z</time></trkpt><trkpt lat="43.27461350" lon="-5.99976275"><ele>181.13</ele><time>2024-09-07T17:48:41Z</time></trkpt><trkpt lat="43.27461425" lon="-5.99976163"><ele>181.09</ele><time>2024-09-07T17:48:42Z</time></trkpt><trkpt lat="43.27461500" lon="-5.99976050"><ele>181.05</ele><time>2024-09-07T17:48:43Z</time></trkpt><trkpt lat="43.27461575" lon="-5.99975938"><ele>181.01</ele><time>2024-09-07T17:48:44Z</time></trkpt><trkpt lat="43.27461650" lon="-5.99975825"><ele>180.98</ele><time>2024-09-07T17:48:45Z</time></trkpt><trkpt lat="43.27461725" lon="-5.99975713"><ele>180.94</ele><time>2024-09-07T17:48:46Z</time></trkpt><trkpt lat="43.27461800" lon="-5.99975600"><ele>180.90</ele><time>2024-09-07T17:48:47Z</time></trkpt><trkpt lat="43.27461657" lon="-5.99975253"><ele>180.84</ele><time>2024-09-07T17:48:48Z</time></trkpt><trkpt lat="43.27461375" lon="-5.99974758"><ele>180.76</ele><time>2024-09-07T17:48:49Z</time></trkpt><trkpt lat="43.27461022" lon="-5.99974186"><ele>180.67</ele><time>2024-09-07T17:48:50Z</time></trkpt><trkpt lat="43.27460642" lon="-5.99973586"><ele>180.58</ele><time>2024-09-07T17:48:51Z</time></trkpt><trkpt lat="43.27460262" lon="-5.99972985"><ele>180.49</ele><time>2024-09-07T17:48:52Z</time></trkpt><trkpt lat="43.27459894" lon="-5.99972397"><ele>180.40</ele><time>2024-09-07T17:48:53Z</time></trkpt><trkpt lat="43.27459539" lon="-5.99971824"><ele>180.32</ele><time>2024-09-07T17:48:54Z</time></trkpt><trkpt lat="43.27459198" lon="-5.99971265"><ele>180.23</ele><time>2024-09-07T17:48:55Z</time></trkpt><trkpt lat="43.27458866" lon="-5.99970716"><ele>180.15</ele><time>2024-09-07T17:48:56Z</time></trkpt><trkpt lat="43.27458540" lon="-5.99970173"><ele>180.07</ele><time>2024-09-07T17:48:57Z</time></trkpt><trkpt lat="43.27458216" lon="-5.99969633"><ele>179.98</ele><time>2024-09-07T17:48:58Z</time></trkpt><trkpt lat="43.27457894" lon="-5.99969094"><ele>179.90</ele><time>2024-09-07T17:48:59Z</time></trkpt><trkpt lat="43.27457716" lon="-5.99968796"><ele>179.81</ele><time>2024-09-07T17:49:00Z</time></trkpt><trkpt lat="43.27457629" lon="-5.99968649"><ele>179.71</ele><time>2024-09-07T17:49:01Z</time></trkpt><trkpt lat="43.27457589" lon="-5.99968582"><ele>179.61</ele><time>2024-09-07T17:49:02Z</time></trkpt><trkpt lat="43.27457566" lon="-5.99968543"><ele>179.51</ele><time>2024-09-07T17:49:03Z</time></trkpt><trkpt lat="43.27457543" lon="-5.99968504"><ele>179.40</ele><time>2024-09-07T17:49:04Z</time></trkpt><trkpt lat="43.27457736" lon="-5.99967633"><ele>179.36</ele><time>2024-09-07T17:49:05Z</time></trkpt><trkpt lat="43.27458060" lon="-5.99966229"><ele>179.34</ele><time>2024-09-07T17:49:06Z</time></trkpt><trkpt lat="43.27458990" lon="-5.99963574"><ele>179.41</ele><time>2024-09-07T17:49:07Z</time></trkpt><trkpt lat="43.27460283" lon="-5.99960200"><ele>179.51</ele><time>2024-09-07T17:49:08Z</time></trkpt><trkpt lat="43.27461750" lon="-5.99956500"><ele>179.63</ele><time>2024-09-07T17:49:09Z</time></trkpt><trkpt lat="43.27463269" lon="-5.99952723"><ele>179.75</ele><time>2024-09-07T17:49:10Z</time></trkpt><trkpt lat="43.27464773" lon="-5.99948997"><ele>179.87</ele><time>2024-09-07T17:49:11Z</time></trkpt><trkpt lat="43.27466236" lon="-5.99945370"><ele>179.99</ele><time>2024-09-07T17:49:12Z</time></trkpt><trkpt lat="43.27467654" lon="-5.99941843"><ele>180.10</ele><time>2024-09-07T17:49:13Z</time></trkpt><trkpt lat="43.27469035" lon="-5.99938395"><ele>180.20</ele><time>2024-09-07T17:49:14Z</time></trkpt><trkpt lat="43.27470390" lon="-5.99934999"><ele>180.30</ele><time>2024-09-07T17:49:15Z</time></trkpt><trkpt lat="43.27471731" lon="-5.99931632"><ele>180.40</ele><time>2024-09-07T17:49:16Z</time></trkpt><trkpt lat="43.27473179" lon="-5.99927814"><ele>180.50</ele><time>2024-09-07T17:49:17Z</time></trkpt><trkpt lat="43.27474698" lon="-5.99923705"><ele>180.60</ele><time>2024-09-07T17:49:18Z</time></trkpt><trkpt lat="43.27476256" lon="-5.99919441"><ele>180.70</ele><time>2024-09-07T17:49:19Z</time></trkpt><trkpt lat="43.27477829" lon="-5.99915115"><ele>180.80</ele><time>2024-09-07T17:49:20Z</time></trkpt><trkpt lat="43.27479405" lon="-5.99910784"><ele>180.90</ele><time>2024-09-07T17:49:21Z</time></trkpt><trkpt lat="43.27480976" lon="-5.99906475"><ele>181.00</ele><time>2024-09-07T17:49:22Z</time></trkpt><trkpt lat="43.27482541" lon="-5.99902194"><ele>181.10</ele><time>2024-09-07T17:49:23Z</time></trkpt><trkpt lat="43.27484100" lon="-5.99897939"><ele>181.20</ele><time>2024-09-07T17:49:24Z</time></trkpt><trkpt lat="43.27485654" lon="-5.99893704"><ele>181.30</ele><time>2024-09-07T17:49:25Z</time></trkpt><trkpt lat="43.27487205" lon="-5.99889480"><ele>181.40</ele><time>2024-09-07T17:49:26Z</time></trkpt><trkpt lat="43.27487492" lon="-5.99885084"><ele>181.40</ele><time>2024-09-07T17:49:27Z</time></trkpt><trkpt lat="43.27486981" lon="-5.99880579"><ele>181.35</ele><time>2024-09-07T17:49:28Z</time></trkpt><trkpt lat="43.27486056" lon="-5.99876015"><ele>181.26</ele><time>2024-09-07T17:49:29Z</time></trkpt><trkpt lat="43.27484977" lon="-5.99871428"><ele>181.16</ele><time>2024-09-07T17:49:30Z</time></trkpt><trkpt lat="43.27483896" lon="-5.99866839"><ele>181.05</ele><time>2024-09-07T17:49:31Z</time></trkpt><trkpt lat="43.27482882" lon="-5.99862259"><ele>180.96</ele><time>2024-09-07T17:49:32Z</time></trkpt><trkpt lat="43.27481953" lon="-5.99857690"><ele>180.87</ele><time>2024-09-07T17:49:33Z</time></trkpt><trkpt lat="43.27481097" lon="-5.99853130"><ele>180.78</ele><time>2024-09-07T17:49:34Z</time></trkpt><trkpt lat="43.27480295" lon="-5.99848578"><ele>180.70</ele><time>2024-09-07T17:49:35Z</time></trkpt><trkpt lat="43.27479526" lon="-5.99844031"><ele>180.63</ele><time>2024-09-07T17:49:36Z</time></trkpt><trkpt lat="43.27478774" lon="-5.99839486"><ele>180.55</ele><time>2024-09-07T17:49:37Z</time></trkpt><trkpt lat="43.27478027" lon="-5.99834941"><ele>180.47</ele><time>2024-09-07T17:49:38Z</time></trkpt><trkpt lat="43.27477279" lon="-5.99830397"><ele>180.40</ele><time>2024-09-07T17:49:39Z</time></trkpt><trkpt lat="43.27475348" lon="-5.99824822"><ele>180.36</ele><time>2024-09-07T17:49:40Z</time></trkpt><trkpt lat="43.27472669" lon="-5.99818595"><ele>180.36</ele><time>2024-09-07T17:49:41Z</time></trkpt><trkpt lat="43.27469599" lon="-5.99812030"><ele>180.36</ele><time>2024-09-07T17:49:42Z</time></trkpt><trkpt lat="43.27466382" lon="-5.99805338"><ele>180.37</ele><time>2024-09-07T17:49:43Z</time></trkpt><trkpt lat="43.27463162" lon="-5.99798645"><ele>180.38</ele><time>2024-09-07T17:49:44Z</time></trkpt><trkpt lat="43.27460004" lon="-5.99792006"><ele>180.39</ele><time>2024-09-07T17:49:45Z</time></trkpt><trkpt lat="43.27456924" lon="-5.99785435"><ele>180.40</ele><time>2024-09-07T17:49:46Z</time></trkpt><trkpt lat="43.27453913" lon="-5.99778925"><ele>180.40</ele><time>2024-09-07T17:49:47Z</time></trkpt><trkpt lat="43.27450953" lon="-5.99772459"><ele>180.40</ele><time>2024-09-07T17:49:48Z</time></trkpt><trkpt lat="43.27448933" lon="-5.99767075"><ele>180.51</ele><time>2024-09-07T17:49:49Z</time></trkpt><trkpt lat="43.27447502" lon="-5.99762371"><ele>180.69</ele><time>2024-09-07T17:49:50Z</time></trkpt><trkpt lat="43.27446376" lon="-5.99758019"><ele>180.90</ele><time>2024-09-07T17:49:51Z</time></trkpt><trkpt lat="43.27445360" lon="-5.99753795"><ele>181.13</ele><time>2024-09-07T17:49:52Z</time></trkpt><trkpt lat="43.27444342" lon="-5.99749571"><ele>181.36</ele><time>2024-09-07T17:49:53Z</time></trkpt><trkpt lat="43.27443273" lon="-5.99745287"><ele>181.58</ele><time>2024-09-07T17:49:54Z</time></trkpt><trkpt lat="43.27442140" lon="-5.99740931"><ele>181.79</ele><time>2024-09-07T17:49:55Z</time></trkpt><trkpt lat="43.27442131" lon="-5.99736401"><ele>182.16</ele><time>2024-09-07T17:49:56Z</time></trkpt><trkpt lat="43.27443043" lon="-5.99731074"><ele>182.36</ele><time>2024-09-07T17:49:57Z</time></trkpt><trkpt lat="43.27444456" lon="-5.99725253"><ele>182.44</ele><time>2024-09-07T17:49:58Z</time></trkpt><trkpt lat="43.27446899" lon="-5.99720038"><ele>182.46</ele><time>2024-09-07T17:49:59Z</time></trkpt><trkpt lat="43.27449889" lon="-5.99715276"><ele>182.47</ele><time>2024-09-07T17:50:00Z</time></trkpt><trkpt lat="43.27453090" lon="-5.99710802"><ele>182.47</ele><time>2024-09-07T17:50:01Z</time></trkpt><trkpt lat="43.27456304" lon="-5.99706478"><ele>182.47</ele><time>2024-09-07T17:50:02Z</time></trkpt><trkpt lat="43.27459439" lon="-5.99702212"><ele>182.49</ele><time>2024-09-07T17:50:03Z</time></trkpt><trkpt lat="43.27462469" lon="-5.99697947"><ele>182.51</ele><time>2024-09-07T17:50:04Z</time></trkpt><trkpt lat="43.27465407" lon="-5.99693658"><ele>182.55</ele><time>2024-09-07T17:50:05Z</time></trkpt><trkpt lat="43.27468275" lon="-5.99689340"><ele>182.58</ele><time>2024-09-07T17:50:06Z</time></trkpt><trkpt lat="43.27471101" lon="-5.99684996"><ele>182.62</ele><time>2024-09-07T17:50:07Z</time></trkpt><trkpt lat="43.27473905" lon="-5.99680632"><ele>182.65</ele><time>2024-09-07T17:50:08Z</time></trkpt><trkpt lat="43.27476702" lon="-5.99676256"><ele>182.69</ele><time>2024-09-07T17:50:09Z</time></trkpt><trkpt lat="43.27479498" lon="-5.99671875"><ele>182.73</ele><time>2024-09-07T17:50:10Z</time></trkpt><trkpt lat="43.27482299" lon="-5.99667491"><ele>182.76</ele><time>2024-09-07T17:50:11Z</time></trkpt><trkpt lat="43.27485104" lon="-5.99663107"><ele>182.80</ele><time>2024-09-07T17:50:12Z</time></trkpt><trkpt lat="43.27487704" lon="-5.99658891"><ele>182.78</ele><time>2024-09-07T17:50:13Z</time></trkpt><trkpt lat="43.27490175" lon="-5.99654780"><ele>182.73</ele><time>2024-09-07T17:50:14Z</time></trkpt><trkpt lat="43.27492579" lon="-5.99650725"><ele>182.66</ele><time>2024-09-07T17:50:15Z</time></trkpt><trkpt lat="43.27494959" lon="-5.99646691"><ele>182.59</ele><time>2024-09-07T17:50:16Z</time></trkpt><trkpt lat="43.27497338" lon="-5.99642658"><ele>182.51</ele><time>2024-09-07T17:50:17Z</time></trkpt><trkpt lat="43.27499728" lon="-5.99638616"><ele>182.44</ele><time>2024-09-07T17:50:18Z</time></trkpt><trkpt lat="43.27502132" lon="-5.99634563"><ele>182.37</ele><time>2024-09-07T17:50:19Z</time></trkpt><trkpt lat="43.27504548" lon="-5.99630501"><ele>182.30</ele><time>2024-09-07T17:50:20Z</time></trkpt><trkpt lat="43.27506973" lon="-5.99626432"><ele>182.24</ele><time>2024-09-07T17:50:21Z</time></trkpt><trkpt lat="43.27509403" lon="-5.99622358"><ele>182.17</ele><time>2024-09-07T17:50:22Z</time></trkpt><trkpt lat="43.27511836" lon="-5.99618281"><ele>182.11</ele><time>2024-09-07T17:50:23Z</time></trkpt><trkpt lat="43.27514269" lon="-5.99614205"><ele>182.05</ele><time>2024-09-07T17:50:24Z</time></trkpt><trkpt lat="43.27516703" lon="-5.99610128"><ele>181.99</ele><time>2024-09-07T17:50:25Z</time></trkpt><trkpt lat="43.27519136" lon="-5.99606051"><ele>181.92</ele><time>2024-09-07T17:50:26Z</time></trkpt><trkpt lat="43.27521568" lon="-5.99601975"><ele>181.86</ele><time>2024-09-07T17:50:27Z</time></trkpt><trkpt lat="43.27524000" lon="-5.99597900"><ele>181.80</ele><time>2024-09-07T17:50:28Z</time></trkpt><trkpt lat="43.27526461" lon="-5.99593440"><ele>181.72</ele><time>2024-09-07T17:50:29Z</time></trkpt><trkpt lat="43.27528941" lon="-5.99588739"><ele>181.62</ele><time>2024-09-07T17:50:30Z</time></trkpt><trkpt lat="43.27531431" lon="-5.99583911"><ele>181.52</ele><time>2024-09-07T17:50:31Z</time></trkpt><trkpt lat="43.27533924" lon="-5.99579036"><ele>181.41</ele><time>2024-09-07T17:50:32Z</time></trkpt><trkpt lat="43.27536417" lon="-5.99574160"><ele>181.31</ele><time>2024-09-07T17:50:33Z</time></trkpt><trkpt lat="43.27538908" lon="-5.99569305"><ele>181.20</ele><time>2024-09-07T17:50:34Z</time></trkpt><trkpt lat="43.27541398" lon="-5.99564475"><ele>181.10</ele><time>2024-09-07T17:50:35Z</time></trkpt><trkpt lat="43.27543886" lon="-5.99559668"><ele>181.00</ele><time>2024-09-07T17:50:36Z</time></trkpt><trkpt lat="43.27546373" lon="-5.99554877"><ele>180.90</ele><time>2024-09-07T17:50:37Z</time></trkpt><trkpt lat="43.27548858" lon="-5.99550097"><ele>180.80</ele><time>2024-09-07T17:50:38Z</time></trkpt><trkpt lat="43.27551344" lon="-5.99545321"><ele>180.70</ele><time>2024-09-07T17:50:39Z</time></trkpt><trkpt lat="43.27553829" lon="-5.99540547"><ele>180.60</ele><time>2024-09-07T17:50:40Z</time></trkpt><trkpt lat="43.27556315" lon="-5.99535772"><ele>180.50</ele><time>2024-09-07T17:50:41Z</time></trkpt><trkpt lat="43.27558800" lon="-5.99530997"><ele>180.40</ele><time>2024-09-07T17:50:42Z</time></trkpt><trkpt lat="43.27560966" lon="-5.99526100"><ele>180.08</ele><time>2024-09-07T17:50:43Z</time></trkpt><trkpt lat="43.27562875" lon="-5.99521125"><ele>179.90</ele><time>2024-09-07T17:50:44Z</time></trkpt><trkpt lat="43.27565000" lon="-5.99515819"><ele>179.64</ele><time>2024-09-07T17:50:45Z</time></trkpt><trkpt lat="43.27567292" lon="-5.99510313"><ele>179.34</ele><time>2024-09-07T17:50:46Z</time></trkpt><trkpt lat="43.27569693" lon="-5.99504712"><ele>179.02</ele><time>2024-09-07T17:50:47Z</time></trkpt><trkpt lat="43.27572154" lon="-5.99499081"><ele>178.68</ele><time>2024-09-07T17:50:48Z</time></trkpt><trkpt lat="43.27574640" lon="-5.99493458"><ele>178.35</ele><time>2024-09-07T17:50:49Z</time></trkpt><trkpt lat="43.27577130" lon="-5.99487857"><ele>178.01</ele><time>2024-09-07T17:50:50Z</time></trkpt><trkpt lat="43.27579772" lon="-5.99482977"><ele>177.77</ele><time>2024-09-07T17:50:51Z</time></trkpt><trkpt lat="43.27582503" lon="-5.99478555"><ele>177.59</ele><time>2024-09-07T17:50:52Z</time></trkpt><trkpt lat="43.27585276" lon="-5.99474376"><ele>177.44</ele><time>2024-09-07T17:50:53Z</time></trkpt><trkpt lat="43.27588062" lon="-5.99470290"><ele>177.30</ele><time>2024-09-07T17:50:54Z</time></trkpt><trkpt lat="43.27590844" lon="-5.99466209"><ele>177.16</ele><time>2024-09-07T17:50:55Z</time></trkpt><trkpt lat="43.27593615" lon="-5.99462092"><ele>177.02</ele><time>2024-09-07T17:50:56Z</time></trkpt><trkpt lat="43.27596374" lon="-5.99457929"><ele>176.87</ele><time>2024-09-07T17:50:57Z</time></trkpt><trkpt lat="43.27599124" lon="-5.99453723"><ele>176.72</ele><time>2024-09-07T17:50:58Z</time></trkpt><trkpt lat="43.27601868" lon="-5.99449488"><ele>176.56</ele><time>2024-09-07T17:50:59Z</time></trkpt><trkpt lat="43.27604608" lon="-5.99445233"><ele>176.40</ele><time>2024-09-07T17:51:00Z</time></trkpt><trkpt lat="43.27607346" lon="-5.99440968"><ele>176.24</ele><time>2024-09-07T17:51:01Z</time></trkpt><trkpt lat="43.27610084" lon="-5.99436700"><ele>176.08</ele><time>2024-09-07T17:51:02Z</time></trkpt><trkpt lat="43.27612822" lon="-5.99432432"><ele>175.92</ele><time>2024-09-07T17:51:03Z</time></trkpt><trkpt lat="43.27615561" lon="-5.99428166"><ele>175.76</ele><time>2024-09-07T17:51:04Z</time></trkpt><trkpt lat="43.27618300" lon="-5.99423902"><ele>175.60</ele><time>2024-09-07T17:51:05Z</time></trkpt><trkpt lat="43.27621182" lon="-5.99419185"><ele>175.50</ele><time>2024-09-07T17:51:06Z</time></trkpt><trkpt lat="43.27624153" lon="-5.99414184"><ele>175.45</ele><time>2024-09-07T17:51:07Z</time></trkpt><trkpt lat="43.27627172" lon="-5.99409033"><ele>175.42</ele><time>2024-09-07T17:51:08Z</time></trkpt><trkpt lat="43.27630207" lon="-5.99403828"><ele>175.39</ele><time>2024-09-07T17:51:09Z</time></trkpt><trkpt lat="43.27633243" lon="-5.99398622"><ele>175.37</ele><time>2024-09-07T17:51:10Z</time></trkpt><trkpt lat="43.27636272" lon="-5.99393440"><ele>175.34</ele><time>2024-09-07T17:51:11Z</time></trkpt><trkpt lat="43.27639291" lon="-5.99388288"><ele>175.30</ele><time>2024-09-07T17:51:12Z</time></trkpt><trkpt lat="43.27642301" lon="-5.99383163"><ele>175.27</ele><time>2024-09-07T17:51:13Z</time></trkpt><trkpt lat="43.27645306" lon="-5.99378057"><ele>175.23</ele><time>2024-09-07T17:51:14Z</time></trkpt><trkpt lat="43.27648307" lon="-5.99372962"><ele>175.19</ele><time>2024-09-07T17:51:15Z</time></trkpt><trkpt lat="43.27651306" lon="-5.99367874"><ele>175.14</ele><time>2024-09-07T17:51:16Z</time></trkpt><trkpt lat="43.27654304" lon="-5.99362788"><ele>175.10</ele><time>2024-09-07T17:51:17Z</time></trkpt><trkpt lat="43.27656947" lon="-5.99357751"><ele>175.22</ele><time>2024-09-07T17:51:18Z</time></trkpt><trkpt lat="43.27659367" lon="-5.99352745"><ele>175.44</ele><time>2024-09-07T17:51:19Z</time></trkpt><trkpt lat="43.27662057" lon="-5.99347286"><ele>175.49</ele><time>2024-09-07T17:51:20Z</time></trkpt><trkpt lat="43.27664947" lon="-5.99341536"><ele>175.43</ele><time>2024-09-07T17:51:21Z</time></trkpt><trkpt lat="43.27667964" lon="-5.99335632"><ele>175.30</ele><time>2024-09-07T17:51:22Z</time></trkpt><trkpt lat="43.27671047" lon="-5.99329667"><ele>175.14</ele><time>2024-09-07T17:51:23Z</time></trkpt><trkpt lat="43.27674155" lon="-5.99323698"><ele>174.96</ele><time>2024-09-07T17:51:24Z</time></trkpt><trkpt lat="43.27677263" lon="-5.99317751"><ele>174.79</ele><time>2024-09-07T17:51:25Z</time></trkpt><trkpt lat="43.27680360" lon="-5.99311833"><ele>174.62</ele><time>2024-09-07T17:51:26Z</time></trkpt><trkpt lat="43.27683140" lon="-5.99305700"><ele>174.54</ele><time>2024-09-07T17:51:27Z</time></trkpt><trkpt lat="43.27685457" lon="-5.99299706"><ele>174.54</ele><time>2024-09-07T17:51:28Z</time></trkpt><trkpt lat="43.27687503" lon="-5.99293816"><ele>174.59</ele><time>2024-09-07T17:51:29Z</time></trkpt><trkpt lat="43.27689422" lon="-5.99287994"><ele>174.66</ele><time>2024-09-07T17:51:30Z</time></trkpt><trkpt lat="43.27691307" lon="-5.99282206"><ele>174.73</ele><time>2024-09-07T17:51:31Z</time></trkpt><trkpt lat="43.27693206" lon="-5.99276432"><ele>174.80</ele><time>2024-09-07T17:51:32Z</time></trkpt><trkpt lat="43.27695139" lon="-5.99270658"><ele>174.86</ele><time>2024-09-07T17:51:33Z</time></trkpt><trkpt lat="43.27697107" lon="-5.99264879"><ele>174.92</ele><time>2024-09-07T17:51:34Z</time></trkpt><trkpt lat="43.27699104" lon="-5.99259093"><ele>174.97</ele><time>2024-09-07T17:51:35Z</time></trkpt><trkpt lat="43.27701121" lon="-5.99253301"><ele>175.01</ele><time>2024-09-07T17:51:36Z</time></trkpt><trkpt lat="43.27703149" lon="-5.99247504"><ele>175.06</ele><time>2024-09-07T17:51:37Z</time></trkpt><trkpt lat="43.27705181" lon="-5.99241705"><ele>175.10</ele><time>2024-09-07T17:51:38Z</time></trkpt><trkpt lat="43.27708074" lon="-5.99235950"><ele>175.12</ele><time>2024-09-07T17:51:39Z</time></trkpt><trkpt lat="43.27711508" lon="-5.99230224"><ele>175.13</ele><time>2024-09-07T17:51:40Z</time></trkpt><trkpt lat="43.27715222" lon="-5.99224514"><ele>175.12</ele><time>2024-09-07T17:51:41Z</time></trkpt><trkpt lat="43.27719040" lon="-5.99218809"><ele>175.12</ele><time>2024-09-07T17:51:42Z</time></trkpt><trkpt lat="43.27722858" lon="-5.99213105"><ele>175.11</ele><time>2024-09-07T17:51:43Z</time></trkpt><trkpt lat="43.27726630" lon="-5.99207398"><ele>175.10</ele><time>2024-09-07T17:51:44Z</time></trkpt><trkpt lat="43.27730344" lon="-5.99201689"><ele>175.10</ele><time>2024-09-07T17:51:45Z</time></trkpt><trkpt lat="43.27734008" lon="-5.99195977"><ele>175.10</ele><time>2024-09-07T17:51:46Z</time></trkpt><trkpt lat="43.27737635" lon="-5.99190263"><ele>175.10</ele><time>2024-09-07T17:51:47Z</time></trkpt><trkpt lat="43.27741240" lon="-5.99184548"><ele>175.10</ele><time>2024-09-07T17:51:48Z</time></trkpt><trkpt lat="43.27744834" lon="-5.99178833"><ele>175.10</ele><time>2024-09-07T17:51:49Z</time></trkpt><trkpt lat="43.27748424" lon="-5.99173117"><ele>175.10</ele><time>2024-09-07T17:51:50Z</time></trkpt><trkpt lat="43.27752014" lon="-5.99167401"><ele>175.10</ele><time>2024-09-07T17:51:51Z</time></trkpt><trkpt lat="43.27755834" lon="-5.99161824"><ele>175.14</ele><time>2024-09-07T17:51:52Z</time></trkpt><trkpt lat="43.27759799" lon="-5.99156334"><ele>175.21</ele><time>2024-09-07T17:51:53Z</time></trkpt><trkpt lat="43.27763841" lon="-5.99150890"><ele>175.29</ele><time>2024-09-07T17:51:54Z</time></trkpt><trkpt lat="43.27767912" lon="-5.99145463"><ele>175.38</ele><time>2024-09-07T17:51:55Z</time></trkpt><trkpt lat="43.27771985" lon="-5.99140037"><ele>175.47</ele><time>2024-09-07T17:51:56Z</time></trkpt><trkpt lat="43.27776046" lon="-5.99134603"><ele>175.55</ele><time>2024-09-07T17:51:57Z</time></trkpt><trkpt lat="43.27780092" lon="-5.99129160"><ele>175.64</ele><time>2024-09-07T17:51:58Z</time></trkpt><trkpt lat="43.27784124" lon="-5.99123709"><ele>175.72</ele><time>2024-09-07T17:51:59Z</time></trkpt><trkpt lat="43.27788147" lon="-5.99118252"><ele>175.79</ele><time>2024-09-07T17:52:00Z</time></trkpt><trkpt lat="43.27792164" lon="-5.99112791"><ele>175.87</ele><time>2024-09-07T17:52:01Z</time></trkpt><trkpt lat="43.27796178" lon="-5.99107328"><ele>175.95</ele><time>2024-09-07T17:52:02Z</time></trkpt><trkpt lat="43.27800191" lon="-5.99101865"><ele>176.02</ele><time>2024-09-07T17:52:03Z</time></trkpt><trkpt lat="43.27804204" lon="-5.99096402"><ele>176.10</ele><time>2024-09-07T17:52:04Z</time></trkpt><trkpt lat="43.27808819" lon="-5.99092093"><ele>176.09</ele><time>2024-09-07T17:52:05Z</time></trkpt><trkpt lat="43.27813814" lon="-5.99088511"><ele>176.02</ele><time>2024-09-07T17:52:06Z</time></trkpt><trkpt lat="43.27819007" lon="-5.99085310"><ele>175.93</ele><time>2024-09-07T17:52:07Z</time></trkpt><trkpt lat="43.27824274" lon="-5.99082248"><ele>175.82</ele><time>2024-09-07T17:52:08Z</time></trkpt><trkpt lat="43.27829543" lon="-5.99079190"><ele>175.72</ele><time>2024-09-07T17:52:09Z</time></trkpt><trkpt lat="43.27834780" lon="-5.99076070"><ele>175.62</ele><time>2024-09-07T17:52:10Z</time></trkpt><trkpt lat="43.27839976" lon="-5.99072873"><ele>175.52</ele><time>2024-09-07T17:52:11Z</time></trkpt><trkpt lat="43.27845138" lon="-5.99069609"><ele>175.43</ele><time>2024-09-07T17:52:12Z</time></trkpt><trkpt lat="43.27850274" lon="-5.99066296"><ele>175.35</ele><time>2024-09-07T17:52:13Z</time></trkpt><trkpt lat="43.27855394" lon="-5.99062953"><ele>175.26</ele><time>2024-09-07T17:52:14Z</time></trkpt><trkpt lat="43.27860507" lon="-5.99059595"><ele>175.18</ele><time>2024-09-07T17:52:15Z</time></trkpt><trkpt lat="43.27865617" lon="-5.99056232"><ele>175.10</ele><time>2024-09-07T17:52:16Z</time></trkpt><trkpt lat="43.27871236" lon="-5.99053952"><ele>174.84</ele><time>2024-09-07T17:52:17Z</time></trkpt><trkpt lat="43.27877179" lon="-5.99052359"><ele>174.48</ele><time>2024-09-07T17:52:18Z</time></trkpt><trkpt lat="43.27883292" lon="-5.99051126"><ele>174.06</ele><time>2024-09-07T17:52:19Z</time></trkpt><trkpt lat="43.27889468" lon="-5.99050027"><ele>173.61</ele><time>2024-09-07T17:52:20Z</time></trkpt><trkpt lat="43.27895645" lon="-5.99048932"><ele>173.17</ele><time>2024-09-07T17:52:21Z</time></trkpt><trkpt lat="43.27901797" lon="-5.99047782"><ele>172.73</ele><time>2024-09-07T17:52:22Z</time></trkpt><trkpt lat="43.27907724" lon="-5.99046960"><ele>172.44</ele><time>2024-09-07T17:52:23Z</time></trkpt><trkpt lat="43.27913501" lon="-5.99046328"><ele>172.23</ele><time>2024-09-07T17:52:24Z</time></trkpt><trkpt lat="43.27919193" lon="-5.99045782"><ele>172.08</ele><time>2024-09-07T17:52:25Z</time></trkpt><trkpt lat="43.27924629" lon="-5.99045820"><ele>172.31</ele><time>2024-09-07T17:52:26Z</time></trkpt><trkpt lat="43.27929921" lon="-5.99046665"><ele>172.49</ele><time>2024-09-07T17:52:27Z</time></trkpt><trkpt lat="43.27935149" lon="-5.99047962"><ele>172.62</ele><time>2024-09-07T17:52:28Z</time></trkpt><trkpt lat="43.27940309" lon="-5.99049919"><ele>172.70</ele><time>2024-09-07T17:52:29Z</time></trkpt><trkpt lat="43.27945224" lon="-5.99052887"><ele>172.73</ele><time>2024-09-07T17:52:30Z</time></trkpt><trkpt lat="43.27950002" lon="-5.99056394"><ele>172.74</ele><time>2024-09-07T17:52:31Z</time></trkpt><trkpt lat="43.27954721" lon="-5.99060111"><ele>172.74</ele><time>2024-09-07T17:52:32Z</time></trkpt><trkpt lat="43.27959430" lon="-5.99063845"><ele>172.73</ele><time>2024-09-07T17:52:33Z</time></trkpt><trkpt lat="43.27964151" lon="-5.99067504"><ele>172.72</ele><time>2024-09-07T17:52:34Z</time></trkpt><trkpt lat="43.27968894" lon="-5.99071063"><ele>172.71</ele><time>2024-09-07T17:52:35Z</time></trkpt><trkpt lat="43.27973657" lon="-5.99074531"><ele>172.70</ele><time>2024-09-07T17:52:36Z</time></trkpt><trkpt lat="43.27978436" lon="-5.99077931"><ele>172.70</ele><time>2024-09-07T17:52:37Z</time></trkpt><trkpt lat="43.27983225" lon="-5.99081290"><ele>172.70</ele><time>2024-09-07T17:52:38Z</time></trkpt><trkpt lat="43.27988020" lon="-5.99084627"><ele>172.70</ele><time>2024-09-07T17:52:39Z</time></trkpt><trkpt lat="43.27992816" lon="-5.99087957"><ele>172.70</ele><time>2024-09-07T17:52:40Z</time></trkpt><trkpt lat="43.27997614" lon="-5.99091286"><ele>172.70</ele><time>2024-09-07T17:52:41Z</time></trkpt><trkpt lat="43.28002410" lon="-5.99094620"><ele>172.70</ele><time>2024-09-07T17:52:42Z</time></trkpt><trkpt lat="43.28007205" lon="-5.99097958"><ele>172.70</ele><time>2024-09-07T17:52:43Z</time></trkpt><trkpt lat="43.28012000" lon="-5.99101299"><ele>172.70</ele><time>2024-09-07T17:52:44Z</time></trkpt><trkpt lat="43.28016770" lon="-5.99104154"><ele>172.56</ele><time>2024-09-07T17:52:45Z</time></trkpt><trkpt lat="43.28021525" lon="-5.99106702"><ele>172.34</ele><time>2024-09-07T17:52:46Z</time></trkpt><trkpt lat="43.28026572" lon="-5.99108133"><ele>172.21</ele><time>2024-09-07T17:52:47Z</time></trkpt><trkpt lat="43.28031752" lon="-5.99108192"><ele>172.15</ele><time>2024-09-07T17:52:48Z</time></trkpt><trkpt lat="43.28036886" lon="-5.99106997"><ele>172.13</ele><time>2024-09-07T17:52:49Z</time></trkpt><trkpt lat="43.28041534" lon="-5.99105167"><ele>171.87</ele><time>2024-09-07T17:52:50Z</time></trkpt><trkpt lat="43.28045921" lon="-5.99102847"><ele>171.71</ele><time>2024-09-07T17:52:51Z</time></trkpt><trkpt lat="43.28050280" lon="-5.99099989"><ele>171.64</ele><time>2024-09-07T17:52:52Z</time></trkpt><trkpt lat="43.28054438" lon="-5.99096703"><ele>171.62</ele><time>2024-09-07T17:52:53Z</time></trkpt><trkpt lat="43.28058383" lon="-5.99092717"><ele>171.41</ele><time>2024-09-07T17:52:54Z</time></trkpt><trkpt lat="43.28062113" lon="-5.99088387"><ele>171.29</ele><time>2024-09-07T17:52:55Z</time></trkpt><trkpt lat="43.28065569" lon="-5.99083509"><ele>171.26</ele><time>2024-09-07T17:52:56Z</time></trkpt><trkpt lat="43.28068887" lon="-5.99078375"><ele>171.29</ele><time>2024-09-07T17:52:57Z</time></trkpt><trkpt lat="43.28072158" lon="-5.99073173"><ele>171.34</ele><time>2024-09-07T17:52:58Z</time></trkpt><trkpt lat="43.28075432" lon="-5.99068002"><ele>171.40</ele><time>2024-09-07T17:52:59Z</time></trkpt><trkpt lat="43.28078733" lon="-5.99062901"><ele>171.47</ele><time>2024-09-07T17:53:00Z</time></trkpt><trkpt lat="43.28082065" lon="-5.99057872"><ele>171.52</ele><time>2024-09-07T17:53:01Z</time></trkpt><trkpt lat="43.28085423" lon="-5.99052901"><ele>171.57</ele><time>2024-09-07T17:53:02Z</time></trkpt><trkpt lat="43.28088800" lon="-5.99047970"><ele>171.62</ele><time>2024-09-07T17:53:03Z</time></trkpt><trkpt lat="43.28092189" lon="-5.99043061"><ele>171.66</ele><time>2024-09-07T17:53:04Z</time></trkpt><trkpt lat="43.28095582" lon="-5.99038162"><ele>171.70</ele><time>2024-09-07T17:53:05Z</time></trkpt><trkpt lat="43.28099214" lon="-5.99033220"><ele>171.70</ele><time>2024-09-07T17:53:06Z</time></trkpt><trkpt lat="43.28102995" lon="-5.99028248"><ele>171.68</ele><time>2024-09-07T17:53:07Z</time></trkpt><trkpt lat="43.28106853" lon="-5.99023258"><ele>171.64</ele><time>2024-09-07T17:53:08Z</time></trkpt><trkpt lat="43.28110737" lon="-5.99018259"><ele>171.60</ele><time>2024-09-07T17:53:09Z</time></trkpt><trkpt lat="43.28114621" lon="-5.99013258"><ele>171.56</ele><time>2024-09-07T17:53:10Z</time></trkpt><trkpt lat="43.28118492" lon="-5.99008257"><ele>171.52</ele><time>2024-09-07T17:53:11Z</time></trkpt><trkpt lat="43.28122347" lon="-5.99003259"><ele>171.49</ele><time>2024-09-07T17:53:12Z</time></trkpt><trkpt lat="43.28126187" lon="-5.98998263"><ele>171.45</ele><time>2024-09-07T17:53:13Z</time></trkpt><trkpt lat="43.28130018" lon="-5.98993268"><ele>171.42</ele><time>2024-09-07T17:53:14Z</time></trkpt><trkpt lat="43.28133842" lon="-5.98988275"><ele>171.39</ele><time>2024-09-07T17:53:15Z</time></trkpt><trkpt lat="43.28137663" lon="-5.98983283"><ele>171.36</ele><time>2024-09-07T17:53:16Z</time></trkpt><trkpt lat="43.28141483" lon="-5.98978291"><ele>171.33</ele><time>2024-09-07T17:53:17Z</time></trkpt><trkpt lat="43.28145304" lon="-5.98973299"><ele>171.30</ele><time>2024-09-07T17:53:18Z</time></trkpt><trkpt lat="43.28149198" lon="-5.98967791"><ele>171.22</ele><time>2024-09-07T17:53:19Z</time></trkpt><trkpt lat="43.28153138" lon="-5.98961957"><ele>171.10</ele><time>2024-09-07T17:53:20Z</time></trkpt><trkpt lat="43.28157103" lon="-5.98955953"><ele>170.97</ele><time>2024-09-07T17:53:21Z</time></trkpt><trkpt lat="43.28161077" lon="-5.98949886"><ele>170.83</ele><time>2024-09-07T17:53:22Z</time></trkpt><trkpt lat="43.28165052" lon="-5.98943819"><ele>170.70</ele><time>2024-09-07T17:53:23Z</time></trkpt><trkpt lat="43.28169023" lon="-5.98937778"><ele>170.56</ele><time>2024-09-07T17:53:24Z</time></trkpt><trkpt lat="43.28172989" lon="-5.98931772"><ele>170.43</ele><time>2024-09-07T17:53:25Z</time></trkpt><trkpt lat="43.28176950" lon="-5.98925796"><ele>170.30</ele><time>2024-09-07T17:53:26Z</time></trkpt><trkpt lat="43.28180909" lon="-5.98919842"><ele>170.17</ele><time>2024-09-07T17:53:27Z</time></trkpt><trkpt lat="43.28184866" lon="-5.98913901"><ele>170.05</ele><time>2024-09-07T17:53:28Z</time></trkpt><trkpt lat="43.28188822" lon="-5.98907967"><ele>169.92</ele><time>2024-09-07T17:53:29Z</time></trkpt><trkpt lat="43.28192777" lon="-5.98902036"><ele>169.80</ele><time>2024-09-07T17:53:30Z</time></trkpt><trkpt lat="43.28196732" lon="-5.98896104"><ele>169.67</ele><time>2024-09-07T17:53:31Z</time></trkpt><trkpt lat="43.28200688" lon="-5.98890171"><ele>169.55</ele><time>2024-09-07T17:53:32Z</time></trkpt><trkpt lat="43.28204644" lon="-5.98884236"><ele>169.42</ele><time>2024-09-07T17:53:33Z</time></trkpt><trkpt lat="43.28208600" lon="-5.98878300"><ele>169.30</ele><time>2024-09-07T17:53:34Z</time></trkpt><trkpt lat="43.28212569" lon="-5.98872482"><ele>169.15</ele><time>2024-09-07T17:53:35Z</time></trkpt><trkpt lat="43.28216546" lon="-5.98866739"><ele>168.97</ele><time>2024-09-07T17:53:36Z</time></trkpt><trkpt lat="43.28220528" lon="-5.98861034"><ele>168.79</ele><time>2024-09-07T17:53:37Z</time></trkpt><trkpt lat="43.28224511" lon="-5.98855343"><ele>168.60</ele><time>2024-09-07T17:53:38Z</time></trkpt><trkpt lat="43.28228495" lon="-5.98849653"><ele>168.41</ele><time>2024-09-07T17:53:39Z</time></trkpt><trkpt lat="43.28232707" lon="-5.98844951"><ele>168.32</ele><time>2024-09-07T17:53:40Z</time></trkpt><trkpt lat="43.28237281" lon="-5.98841687"><ele>168.30</ele><time>2024-09-07T17:53:41Z</time></trkpt><trkpt lat="43.28242013" lon="-5.98840407"><ele>168.31</ele><time>2024-09-07T17:53:42Z</time></trkpt><trkpt lat="43.28246592" lon="-5.98840782"><ele>167.79</ele><time>2024-09-07T17:53:43Z</time></trkpt><trkpt lat="43.28251051" lon="-5.98842017"><ele>167.40</ele><time>2024-09-07T17:53:44Z</time></trkpt><trkpt lat="43.28255426" lon="-5.98843544"><ele>167.13</ele><time>2024-09-07T17:53:45Z</time></trkpt><trkpt lat="43.28259751" lon="-5.98845043"><ele>166.94</ele><time>2024-09-07T17:53:46Z</time></trkpt><trkpt lat="43.28264052" lon="-5.98846374"><ele>166.80</ele><time>2024-09-07T17:53:47Z</time></trkpt><trkpt lat="43.28268345" lon="-5.98847510"><ele>166.69</ele><time>2024-09-07T17:53:48Z</time></trkpt><trkpt lat="43.28272641" lon="-5.98848481"><ele>166.58</ele><time>2024-09-07T17:53:49Z</time></trkpt><trkpt lat="43.28276942" lon="-5.98849334"><ele>166.48</ele><time>2024-09-07T17:53:50Z</time></trkpt><trkpt lat="43.28281249" lon="-5.98850116"><ele>166.37</ele><time>2024-09-07T17:53:51Z</time></trkpt><trkpt lat="43.28285562" lon="-5.98850865"><ele>166.25</ele><time>2024-09-07T17:53:52Z</time></trkpt><trkpt lat="43.28289878" lon="-5.98851603"><ele>166.13</ele><time>2024-09-07T17:53:53Z</time></trkpt><trkpt lat="43.28294196" lon="-5.98852344"><ele>166.00</ele><time>2024-09-07T17:53:54Z</time></trkpt><trkpt lat="43.28298833" lon="-5.98852616"><ele>165.95</ele><time>2024-09-07T17:53:55Z</time></trkpt><trkpt lat="43.28303834" lon="-5.98851777"><ele>165.93</ele><time>2024-09-07T17:53:56Z</time></trkpt><trkpt lat="43.28308989" lon="-5.98849398"><ele>165.94</ele><time>2024-09-07T17:53:57Z</time></trkpt><trkpt lat="43.28314365" lon="-5.98845708"><ele>165.68</ele><time>2024-09-07T17:53:58Z</time></trkpt><trkpt lat="43.28319901" lon="-5.98840901"><ele>165.35</ele><time>2024-09-07T17:53:59Z</time></trkpt><trkpt lat="43.28325503" lon="-5.98835583"><ele>164.97</ele><time>2024-09-07T17:54:00Z</time></trkpt><trkpt lat="43.28331112" lon="-5.98830136"><ele>164.59</ele><time>2024-09-07T17:54:01Z</time></trkpt><trkpt lat="43.28336301" lon="-5.98824160"><ele>164.31</ele><time>2024-09-07T17:54:02Z</time></trkpt><trkpt lat="43.28341210" lon="-5.98817953"><ele>164.09</ele><time>2024-09-07T17:54:03Z</time></trkpt><trkpt lat="43.28345960" lon="-5.98811699"><ele>163.92</ele><time>2024-09-07T17:54:04Z</time></trkpt><trkpt lat="43.28350203" lon="-5.98805757"><ele>163.81</ele><time>2024-09-07T17:54:05Z</time></trkpt><trkpt lat="43.28354154" lon="-5.98800061"><ele>163.73</ele><time>2024-09-07T17:54:06Z</time></trkpt><trkpt lat="43.28357975" lon="-5.98794529"><ele>163.67</ele><time>2024-09-07T17:54:07Z</time></trkpt><trkpt lat="43.28361766" lon="-5.98789089"><ele>163.60</ele><time>2024-09-07T17:54:08Z</time></trkpt><trkpt lat="43.28365580" lon="-5.98783688"><ele>163.53</ele><time>2024-09-07T17:54:09Z</time></trkpt><trkpt lat="43.28369436" lon="-5.98778295"><ele>163.45</ele><time>2024-09-07T17:54:10Z</time></trkpt><trkpt lat="43.28373332" lon="-5.98772893"><ele>163.37</ele><time>2024-09-07T17:54:11Z</time></trkpt><trkpt lat="43.28377261" lon="-5.98767477"><ele>163.28</ele><time>2024-09-07T17:54:12Z</time></trkpt><trkpt lat="43.28381210" lon="-5.98762047"><ele>163.19</ele><time>2024-09-07T17:54:13Z</time></trkpt><trkpt lat="43.28385172" lon="-5.98756607"><ele>163.10</ele><time>2024-09-07T17:54:14Z</time></trkpt><trkpt lat="43.28388755" lon="-5.98751656"><ele>163.04</ele><time>2024-09-07T17:54:15Z</time></trkpt><trkpt lat="43.28392096" lon="-5.98747013"><ele>163.00</ele><time>2024-09-07T17:54:16Z</time></trkpt><trkpt lat="43.28395310" lon="-5.98742531"><ele>162.97</ele><time>2024-09-07T17:54:17Z</time></trkpt><trkpt lat="43.28398476" lon="-5.98738110"><ele>162.94</ele><time>2024-09-07T17:54:18Z</time></trkpt><trkpt lat="43.28401639" lon="-5.98733690"><ele>162.91</ele><time>2024-09-07T17:54:19Z</time></trkpt><trkpt lat="43.28404820" lon="-5.98729245"><ele>162.88</ele><time>2024-09-07T17:54:20Z</time></trkpt><trkpt lat="43.28408027" lon="-5.98724767"><ele>162.85</ele><time>2024-09-07T17:54:21Z</time></trkpt><trkpt lat="43.28411255" lon="-5.98720261"><ele>162.81</ele><time>2024-09-07T17:54:22Z</time></trkpt><trkpt lat="43.28414500" lon="-5.98715734"><ele>162.78</ele><time>2024-09-07T17:54:23Z</time></trkpt><trkpt lat="43.28417754" lon="-5.98711194"><ele>162.74</ele><time>2024-09-07T17:54:24Z</time></trkpt><trkpt lat="43.28421014" lon="-5.98706648"><ele>162.71</ele><time>2024-09-07T17:54:25Z</time></trkpt><trkpt lat="43.28424275" lon="-5.98702099"><ele>162.67</ele><time>2024-09-07T17:54:26Z</time></trkpt><trkpt lat="43.28427537" lon="-5.98697551"><ele>162.64</ele><time>2024-09-07T17:54:27Z</time></trkpt><trkpt lat="43.28430797" lon="-5.98693004"><ele>162.60</ele><time>2024-09-07T17:54:28Z</time></trkpt><trkpt lat="43.28434047" lon="-5.98688292"><ele>162.60</ele><time>2024-09-07T17:54:29Z</time></trkpt><trkpt lat="43.28437290" lon="-5.98683477"><ele>162.63</ele><time>2024-09-07T17:54:30Z</time></trkpt><trkpt lat="43.28440529" lon="-5.98678609"><ele>162.67</ele><time>2024-09-07T17:54:31Z</time></trkpt><trkpt lat="43.28443767" lon="-5.98673720"><ele>162.71</ele><time>2024-09-07T17:54:32Z</time></trkpt><trkpt lat="43.28447004" lon="-5.98668832"><ele>162.75</ele><time>2024-09-07T17:54:33Z</time></trkpt><trkpt lat="43.28450242" lon="-5.98663953"><ele>162.79</ele><time>2024-09-07T17:54:34Z</time></trkpt><trkpt lat="43.28453481" lon="-5.98659084"><ele>162.83</ele><time>2024-09-07T17:54:35Z</time></trkpt><trkpt lat="43.28456720" lon="-5.98654225"><ele>162.87</ele><time>2024-09-07T17:54:36Z</time></trkpt><trkpt lat="43.28459960" lon="-5.98649373"><ele>162.90</ele><time>2024-09-07T17:54:37Z</time></trkpt><trkpt lat="43.28463200" lon="-5.98644526"><ele>162.94</ele><time>2024-09-07T17:54:38Z</time></trkpt><trkpt lat="43.28466440" lon="-5.98639680"><ele>162.97</ele><time>2024-09-07T17:54:39Z</time></trkpt><trkpt lat="43.28469680" lon="-5.98634835"><ele>163.00</ele><time>2024-09-07T17:54:40Z</time></trkpt><trkpt lat="43.28472920" lon="-5.98629991"><ele>163.03</ele><time>2024-09-07T17:54:41Z</time></trkpt><trkpt lat="43.28476160" lon="-5.98625145"><ele>163.07</ele><time>2024-09-07T17:54:42Z</time></trkpt><trkpt lat="43.28479400" lon="-5.98620300"><ele>163.10</ele><time>2024-09-07T17:54:43Z</time></trkpt><trkpt lat="43.28482488" lon="-5.98615612"><ele>163.10</ele><time>2024-09-07T17:54:44Z</time></trkpt><trkpt lat="43.28485481" lon="-5.98611024"><ele>163.07</ele><time>2024-09-07T17:54:45Z</time></trkpt><trkpt lat="43.28488424" lon="-5.98606489"><ele>163.04</ele><time>2024-09-07T17:54:46Z</time></trkpt><trkpt lat="43.28491349" lon="-5.98601972"><ele>163.00</ele><time>2024-09-07T17:54:47Z</time></trkpt><trkpt lat="43.28494273" lon="-5.98597456"><ele>162.96</ele><time>2024-09-07T17:54:48Z</time></trkpt><trkpt lat="43.28497205" lon="-5.98592931"><ele>162.92</ele><time>2024-09-07T17:54:49Z</time></trkpt><trkpt lat="43.28500148" lon="-5.98588396"><ele>162.88</ele><time>2024-09-07T17:54:50Z</time></trkpt><trkpt lat="43.28503099" lon="-5.98583851"><ele>162.85</ele><time>2024-09-07T17:54:51Z</time></trkpt><trkpt lat="43.28506056" lon="-5.98579300"><ele>162.82</ele><time>2024-09-07T17:54:52Z</time></trkpt><trkpt lat="43.28509018" lon="-5.98574745"><ele>162.79</ele><time>2024-09-07T17:54:53Z</time></trkpt><trkpt lat="43.28511982" lon="-5.98570187"><ele>162.75</ele><time>2024-09-07T17:54:54Z</time></trkpt><trkpt lat="43.28514946" lon="-5.98565629"><ele>162.72</ele><time>2024-09-07T17:54:55Z</time></trkpt><trkpt lat="43.28517910" lon="-5.98561071"><ele>162.69</ele><time>2024-09-07T17:54:56Z</time></trkpt><trkpt lat="43.28520874" lon="-5.98556514"><ele>162.66</ele><time>2024-09-07T17:54:57Z</time></trkpt><trkpt lat="43.28523837" lon="-5.98551957"><ele>162.63</ele><time>2024-09-07T17:54:58Z</time></trkpt><trkpt lat="43.28526800" lon="-5.98547400"><ele>162.60</ele><time>2024-09-07T17:54:59Z</time></trkpt><trkpt lat="43.28529565" lon="-5.98542874"><ele>162.59</ele><time>2024-09-07T17:55:00Z</time></trkpt><trkpt lat="43.28532204" lon="-5.98538368"><ele>162.58</ele><time>2024-09-07T17:55:01Z</time></trkpt><trkpt lat="43.28534779" lon="-5.98533872"><ele>162.58</ele><time>2024-09-07T17:55:02Z</time></trkpt><trkpt lat="43.28537690" lon="-5.98529271"><ele>162.53</ele><time>2024-09-07T17:55:03Z</time></trkpt><trkpt lat="43.28540827" lon="-5.98524600"><ele>162.45</ele><time>2024-09-07T17:55:04Z</time></trkpt><trkpt lat="43.28544094" lon="-5.98519892"><ele>162.35</ele><time>2024-09-07T17:55:05Z</time></trkpt><trkpt lat="43.28547418" lon="-5.98515169"><ele>162.23</ele><time>2024-09-07T17:55:06Z</time></trkpt><trkpt lat="43.28550755" lon="-5.98510444"><ele>162.12</ele><time>2024-09-07T17:55:07Z</time></trkpt><trkpt lat="43.28554157" lon="-5.98506051"><ele>162.07</ele><time>2024-09-07T17:55:08Z</time></trkpt><trkpt lat="43.28558015" lon="-5.98502311"><ele>162.00</ele><time>2024-09-07T17:55:09Z</time></trkpt><trkpt lat="43.28562149" lon="-5.98498963"><ele>161.93</ele><time>2024-09-07T17:55:10Z</time></trkpt><trkpt lat="43.28566418" lon="-5.98495805"><ele>161.84</ele><time>2024-09-07T17:55:11Z</time></trkpt><trkpt lat="43.28570730" lon="-5.98492703"><ele>161.76</ele><time>2024-09-07T17:55:12Z</time></trkpt><trkpt lat="43.28575033" lon="-5.98489586"><ele>161.67</ele><time>2024-09-07T17:55:13Z</time></trkpt><trkpt lat="43.28579307" lon="-5.98486425"><ele>161.58</ele><time>2024-09-07T17:55:14Z</time></trkpt><trkpt lat="43.28583547" lon="-5.98483215"><ele>161.49</ele><time>2024-09-07T17:55:15Z</time></trkpt><trkpt lat="43.28587760" lon="-5.98479966"><ele>161.40</ele><time>2024-09-07T17:55:16Z</time></trkpt><trkpt lat="43.28591953" lon="-5.98476689"><ele>161.31</ele><time>2024-09-07T17:55:17Z</time></trkpt><trkpt lat="43.28596135" lon="-5.98473396"><ele>161.22</ele><time>2024-09-07T17:55:18Z</time></trkpt><trkpt lat="43.28600312" lon="-5.98470095"><ele>161.14</ele><time>2024-09-07T17:55:19Z</time></trkpt><trkpt lat="43.28604487" lon="-5.98466793"><ele>161.05</ele><time>2024-09-07T17:55:20Z</time></trkpt><trkpt lat="43.28608663" lon="-5.98463491"><ele>160.96</ele><time>2024-09-07T17:55:21Z</time></trkpt><trkpt lat="43.28612841" lon="-5.98460192"><ele>160.87</ele><time>2024-09-07T17:55:22Z</time></trkpt><trkpt lat="43.28617019" lon="-5.98456895"><ele>160.79</ele><time>2024-09-07T17:55:23Z</time></trkpt><trkpt lat="43.28621199" lon="-5.98453599"><ele>160.70</ele><time>2024-09-07T17:55:24Z</time></trkpt><trkpt lat="43.28625377" lon="-5.98450470"><ele>160.72</ele><time>2024-09-07T17:55:25Z</time></trkpt><trkpt lat="43.28629553" lon="-5.98447445"><ele>160.82</ele><time>2024-09-07T17:55:26Z</time></trkpt><trkpt lat="43.28633727" lon="-5.98444475"><ele>160.95</ele><time>2024-09-07T17:55:27Z</time></trkpt><trkpt lat="43.28637902" lon="-5.98441525"><ele>161.09</ele><time>2024-09-07T17:55:28Z</time></trkpt><trkpt lat="43.28642076" lon="-5.98438575"><ele>161.24</ele><time>2024-09-07T17:55:29Z</time></trkpt><trkpt lat="43.28646251" lon="-5.98435617"><ele>161.38</ele><time>2024-09-07T17:55:30Z</time></trkpt><trkpt lat="43.28650425" lon="-5.98432647"><ele>161.51</ele><time>2024-09-07T17:55:31Z</time></trkpt><trkpt lat="43.28654600" lon="-5.98429668"><ele>161.63</ele><time>2024-09-07T17:55:32Z</time></trkpt><trkpt lat="43.28658775" lon="-5.98426682"><ele>161.75</ele><time>2024-09-07T17:55:33Z</time></trkpt><trkpt lat="43.28662950" lon="-5.98423691"><ele>161.87</ele><time>2024-09-07T17:55:34Z</time></trkpt><trkpt lat="43.28667125" lon="-5.98420698"><ele>161.99</ele><time>2024-09-07T17:55:35Z</time></trkpt><trkpt lat="43.28671300" lon="-5.98417705"><ele>162.10</ele><time>2024-09-07T17:55:36Z</time></trkpt><trkpt lat="43.28675598" lon="-5.98415830"><ele>162.19</ele><time>2024-09-07T17:55:37Z</time></trkpt><trkpt lat="43.28679973" lon="-5.98414662"><ele>162.27</ele><time>2024-09-07T17:55:38Z</time></trkpt><trkpt lat="43.28684389" lon="-5.98413862"><ele>162.34</ele><time>2024-09-07T17:55:39Z</time></trkpt><trkpt lat="43.28688820" lon="-5.98413199"><ele>162.40</ele><time>2024-09-07T17:55:40Z</time></trkpt><trkpt lat="43.28693251" lon="-5.98412539"><ele>162.47</ele><time>2024-09-07T17:55:41Z</time></trkpt><trkpt lat="43.28697676" lon="-5.98411819"><ele>162.53</ele><time>2024-09-07T17:55:42Z</time></trkpt><trkpt lat="43.28702092" lon="-5.98411025"><ele>162.60</ele><time>2024-09-07T17:55:43Z</time></trkpt><trkpt lat="43.28706883" lon="-5.98411118"><ele>162.63</ele><time>2024-09-07T17:55:44Z</time></trkpt><trkpt lat="43.28711856" lon="-5.98412856"><ele>162.64</ele><time>2024-09-07T17:55:45Z</time></trkpt><trkpt lat="43.28715145" lon="-5.98414547"><ele>162.66</ele><time>2024-09-07T17:55:46Z</time></trkpt><trkpt lat="43.28717343" lon="-5.98416056"><ele>162.70</ele><time>2024-09-07T17:55:47Z</time></trkpt><trkpt lat="43.28718952" lon="-5.98417359"><ele>162.75</ele><time>2024-09-07T17:55:48Z</time></trkpt><trkpt lat="43.28720324" lon="-5.98418490"><ele>162.81</ele><time>2024-09-07T17:55:49Z</time></trkpt><trkpt lat="43.28721671" lon="-5.98419501"><ele>162.87</ele><time>2024-09-07T17:55:50Z</time></trkpt><trkpt lat="43.28723094" lon="-5.98420441"><ele>162.93</ele><time>2024-09-07T17:55:51Z</time></trkpt><trkpt lat="43.28724621" lon="-5.98421347"><ele>162.99</ele><time>2024-09-07T17:55:52Z</time></trkpt><trkpt lat="43.28726245" lon="-5.98422244"><ele>163.04</ele><time>2024-09-07T17:55:53Z</time></trkpt><trkpt lat="43.28727941" lon="-5.98423144"><ele>163.10</ele><time>2024-09-07T17:55:54Z</time></trkpt><trkpt lat="43.28728736" lon="-5.98423547"><ele>163.22</ele><time>2024-09-07T17:55:55Z</time></trkpt><trkpt lat="43.28728958" lon="-5.98423639"><ele>163.38</ele><time>2024-09-07T17:55:56Z</time></trkpt><trkpt lat="43.28728877" lon="-5.98423571"><ele>163.56</ele><time>2024-09-07T17:55:57Z</time></trkpt><trkpt lat="43.28728682" lon="-5.98423447"><ele>163.74</ele><time>2024-09-07T17:55:58Z</time></trkpt><trkpt lat="43.28728481" lon="-5.98423325"><ele>163.93</ele><time>2024-09-07T17:55:59Z</time></trkpt><trkpt lat="43.28728325" lon="-5.98423231"><ele>164.11</ele><time>2024-09-07T17:56:00Z</time></trkpt><trkpt lat="43.28728228" lon="-5.98423172"><ele>164.29</ele><time>2024-09-07T17:56:01Z</time></trkpt><trkpt lat="43.28728183" lon="-5.98423141"><ele>164.47</ele><time>2024-09-07T17:56:02Z</time></trkpt><trkpt lat="43.28728177" lon="-5.98423132"><ele>164.64</ele><time>2024-09-07T17:56:03Z</time></trkpt><trkpt lat="43.28728194" lon="-5.98423135"><ele>164.81</ele><time>2024-09-07T17:56:04Z</time></trkpt><trkpt lat="43.28728224" lon="-5.98423145"><ele>164.98</ele><time>2024-09-07T17:56:05Z</time></trkpt><trkpt lat="43.28728257" lon="-5.98423157"><ele>165.15</ele><time>2024-09-07T17:56:06Z</time></trkpt><trkpt lat="43.28728291" lon="-5.98423168"><ele>165.32</ele><time>2024-09-07T17:56:07Z</time></trkpt><trkpt lat="43.28728322" lon="-5.98423179"><ele>165.49</ele><time>2024-09-07T17:56:08Z</time></trkpt><trkpt lat="43.28728351" lon="-5.98423187"><ele>165.66</ele><time>2024-09-07T17:56:09Z</time></trkpt><trkpt lat="43.28728377" lon="-5.98423195"><ele>165.83</ele><time>2024-09-07T17:56:10Z</time></trkpt><trkpt lat="43.28728402" lon="-5.98423201"><ele>166.00</ele><time>2024-09-07T17:56:11Z</time></trkpt><trkpt lat="43.28728904" lon="-5.98424132"><ele>166.30</ele><time>2024-09-07T17:56:12Z</time></trkpt><trkpt lat="43.28730200" lon="-5.98425865"><ele>166.73</ele><time>2024-09-07T17:56:13Z</time></trkpt><trkpt lat="43.28732236" lon="-5.98427931"><ele>166.96</ele><time>2024-09-07T17:56:14Z</time></trkpt><trkpt lat="43.28735155" lon="-5.98430495"><ele>167.05</ele><time>2024-09-07T17:56:15Z</time></trkpt><trkpt lat="43.28738973" lon="-5.98434058"><ele>167.06</ele><time>2024-09-07T17:56:16Z</time></trkpt><trkpt lat="43.28743346" lon="-5.98438658"><ele>167.03</ele><time>2024-09-07T17:56:17Z</time></trkpt><trkpt lat="43.28748080" lon="-5.98444348"><ele>166.99</ele><time>2024-09-07T17:56:18Z</time></trkpt><trkpt lat="43.28752921" lon="-5.98450582"><ele>166.95</ele><time>2024-09-07T17:56:19Z</time></trkpt><trkpt lat="43.28757730" lon="-5.98456994"><ele>166.92</ele><time>2024-09-07T17:56:20Z</time></trkpt><trkpt lat="43.28762453" lon="-5.98463382"><ele>166.91</ele><time>2024-09-07T17:56:21Z</time></trkpt><trkpt lat="43.28767081" lon="-5.98469658"><ele>166.90</ele><time>2024-09-07T17:56:22Z</time></trkpt><trkpt lat="43.28771632" lon="-5.98475807"><ele>166.89</ele><time>2024-09-07T17:56:23Z</time></trkpt><trkpt lat="43.28775985" lon="-5.98481294"><ele>166.89</ele><time>2024-09-07T17:56:24Z</time></trkpt><trkpt lat="43.28780214" lon="-5.98486355"><ele>166.89</ele><time>2024-09-07T17:56:25Z</time></trkpt><trkpt lat="43.28784417" lon="-5.98490925"><ele>166.92</ele><time>2024-09-07T17:56:26Z</time></trkpt><trkpt lat="43.28788620" lon="-5.98495241"><ele>166.96</ele><time>2024-09-07T17:56:27Z</time></trkpt><trkpt lat="43.28792837" lon="-5.98499462"><ele>167.01</ele><time>2024-09-07T17:56:28Z</time></trkpt><trkpt lat="43.28797069" lon="-5.98503683"><ele>167.07</ele><time>2024-09-07T17:56:29Z</time></trkpt><trkpt lat="43.28801316" lon="-5.98507945"><ele>167.12</ele><time>2024-09-07T17:56:30Z</time></trkpt><trkpt lat="43.28805572" lon="-5.98512260"><ele>167.17</ele><time>2024-09-07T17:56:31Z</time></trkpt><trkpt lat="43.28809834" lon="-5.98516620"><ele>167.22</ele><time>2024-09-07T17:56:32Z</time></trkpt><trkpt lat="43.28814100" lon="-5.98521014"><ele>167.26</ele><time>2024-09-07T17:56:33Z</time></trkpt><trkpt lat="43.28818366" lon="-5.98525427"><ele>167.31</ele><time>2024-09-07T17:56:34Z</time></trkpt><trkpt lat="43.28822633" lon="-5.98529851"><ele>167.36</ele><time>2024-09-07T17:56:35Z</time></trkpt><trkpt lat="43.28826898" lon="-5.98534279"><ele>167.40</ele><time>2024-09-07T17:56:36Z</time></trkpt><trkpt lat="43.28831784" lon="-5.98538368"><ele>167.42</ele><time>2024-09-07T17:56:37Z</time></trkpt><trkpt lat="43.28837115" lon="-5.98541204"><ele>167.43</ele><time>2024-09-07T17:56:38Z</time></trkpt><trkpt lat="43.28842848" lon="-5.98542289"><ele>167.42</ele><time>2024-09-07T17:56:39Z</time></trkpt><trkpt lat="43.28848946" lon="-5.98541660"><ele>167.40</ele><time>2024-09-07T17:56:40Z</time></trkpt><trkpt lat="43.28855212" lon="-5.98540131"><ele>167.35</ele><time>2024-09-07T17:56:41Z</time></trkpt><trkpt lat="43.28861519" lon="-5.98538264"><ele>167.31</ele><time>2024-09-07T17:56:42Z</time></trkpt><trkpt lat="43.28867804" lon="-5.98536385"><ele>167.26</ele><time>2024-09-07T17:56:43Z</time></trkpt><trkpt lat="43.28874040" lon="-5.98534646"><ele>167.22</ele><time>2024-09-07T17:56:44Z</time></trkpt><trkpt lat="43.28880227" lon="-5.98533085"><ele>167.17</ele><time>2024-09-07T17:56:45Z</time></trkpt><trkpt lat="43.28886375" lon="-5.98531682"><ele>167.13</ele><time>2024-09-07T17:56:46Z</time></trkpt><trkpt lat="43.28892496" lon="-5.98530394"><ele>167.09</ele><time>2024-09-07T17:56:47Z</time></trkpt><trkpt lat="43.28898603" lon="-5.98529176"><ele>167.05</ele><time>2024-09-07T17:56:48Z</time></trkpt><trkpt lat="43.28904703" lon="-5.98527995"><ele>167.01</ele><time>2024-09-07T17:56:49Z</time></trkpt><trkpt lat="43.28910801" lon="-5.98526825"><ele>166.98</ele><time>2024-09-07T17:56:50Z</time></trkpt><trkpt lat="43.28916901" lon="-5.98525655"><ele>166.94</ele><time>2024-09-07T17:56:51Z</time></trkpt><trkpt lat="43.28923004" lon="-5.98524478"><ele>166.90</ele><time>2024-09-07T17:56:52Z</time></trkpt><trkpt lat="43.28928885" lon="-5.98523703"><ele>166.88</ele><time>2024-09-07T17:56:53Z</time></trkpt><trkpt lat="43.28934628" lon="-5.98523179"><ele>166.88</ele><time>2024-09-07T17:56:54Z</time></trkpt><trkpt lat="43.28940463" lon="-5.98523359"><ele>166.61</ele><time>2024-09-07T17:56:55Z</time></trkpt><trkpt lat="43.28946539" lon="-5.98524139"><ele>166.44</ele><time>2024-09-07T17:56:56Z</time></trkpt><trkpt lat="43.28952771" lon="-5.98525227"><ele>166.36</ele><time>2024-09-07T17:56:57Z</time></trkpt><trkpt lat="43.28959035" lon="-5.98525480"><ele>166.28</ele><time>2024-09-07T17:56:58Z</time></trkpt><trkpt lat="43.28965299" lon="-5.98525135"><ele>166.20</ele><time>2024-09-07T17:56:59Z</time></trkpt><trkpt lat="43.28971549" lon="-5.98524426"><ele>166.12</ele><time>2024-09-07T17:57:00Z</time></trkpt><trkpt lat="43.28977783" lon="-5.98523536"><ele>166.04</ele><time>2024-09-07T17:57:01Z</time></trkpt><trkpt lat="43.28984002" lon="-5.98522588"><ele>165.95</ele><time>2024-09-07T17:57:02Z</time></trkpt><trkpt lat="43.28990210" lon="-5.98521649"><ele>165.86</ele><time>2024-09-07T17:57:03Z</time></trkpt><trkpt lat="43.28996412" lon="-5.98520748"><ele>165.77</ele><time>2024-09-07T17:57:04Z</time></trkpt><trkpt lat="43.29002610" lon="-5.98519890"><ele>165.68</ele><time>2024-09-07T17:57:05Z</time></trkpt><trkpt lat="43.29008807" lon="-5.98519068"><ele>165.59</ele><time>2024-09-07T17:57:06Z</time></trkpt><trkpt lat="43.29015004" lon="-5.98518272"><ele>165.50</ele><time>2024-09-07T17:57:07Z</time></trkpt><trkpt lat="43.29021120" lon="-5.98516141"><ele>165.32</ele><time>2024-09-07T17:57:08Z</time></trkpt><trkpt lat="43.29027185" lon="-5.98513167"><ele>165.09</ele><time>2024-09-07T17:57:09Z</time></trkpt><trkpt lat="43.29032923" lon="-5.98509013"><ele>164.97</ele><time>2024-09-07T17:57:10Z</time></trkpt><trkpt lat="43.29038244" lon="-5.98504011"><ele>164.64</ele><time>2024-09-07T17:57:11Z</time></trkpt><trkpt lat="43.29043637" lon="-5.98499147"><ele>164.41</ele><time>2024-09-07T17:57:12Z</time></trkpt><trkpt lat="43.29049120" lon="-5.98494521"><ele>164.25</ele><time>2024-09-07T17:57:13Z</time></trkpt><trkpt lat="43.29054682" lon="-5.98490127"><ele>164.13</ele><time>2024-09-07T17:57:14Z</time></trkpt><trkpt lat="43.29060303" lon="-5.98485912"><ele>164.04</ele><time>2024-09-07T17:57:15Z</time></trkpt><trkpt lat="43.29065959" lon="-5.98481817"><ele>163.95</ele><time>2024-09-07T17:57:16Z</time></trkpt><trkpt lat="43.29071633" lon="-5.98477786"><ele>163.87</ele><time>2024-09-07T17:57:17Z</time></trkpt><trkpt lat="43.29077312" lon="-5.98473782"><ele>163.79</ele><time>2024-09-07T17:57:18Z</time></trkpt><trkpt lat="43.29082992" lon="-5.98469782"><ele>163.69</ele><time>2024-09-07T17:57:19Z</time></trkpt><trkpt lat="43.29088668" lon="-5.98465774"><ele>163.60</ele><time>2024-09-07T17:57:20Z</time></trkpt><trkpt lat="43.29094340" lon="-5.98461756"><ele>163.50</ele><time>2024-09-07T17:57:21Z</time></trkpt><trkpt lat="43.29100008" lon="-5.98457728"><ele>163.40</ele><time>2024-09-07T17:57:22Z</time></trkpt><trkpt lat="43.29105674" lon="-5.98453692"><ele>163.30</ele><time>2024-09-07T17:57:23Z</time></trkpt><trkpt lat="43.29111339" lon="-5.98449651"><ele>163.20</ele><time>2024-09-07T17:57:24Z</time></trkpt><trkpt lat="43.29117002" lon="-5.98445607"><ele>163.10</ele><time>2024-09-07T17:57:25Z</time></trkpt><trkpt lat="43.29122765" lon="-5.98441138"><ele>163.09</ele><time>2024-09-07T17:57:26Z</time></trkpt><trkpt lat="43.29128592" lon="-5.98436401"><ele>163.13</ele><time>2024-09-07T17:57:27Z</time></trkpt><trkpt lat="43.29134451" lon="-5.98431524"><ele>163.20</ele><time>2024-09-07T17:57:28Z</time></trkpt><trkpt lat="43.29140322" lon="-5.98426597"><ele>163.28</ele><time>2024-09-07T17:57:29Z</time></trkpt><trkpt lat="43.29146194" lon="-5.98421669"><ele>163.37</ele><time>2024-09-07T17:57:30Z</time></trkpt><trkpt lat="43.29152060" lon="-5.98416764"><ele>163.44</ele><time>2024-09-07T17:57:31Z</time></trkpt><trkpt lat="43.29157920" lon="-5.98411888"><ele>163.51</ele><time>2024-09-07T17:57:32Z</time></trkpt><trkpt lat="43.29163774" lon="-5.98407036"><ele>163.58</ele><time>2024-09-07T17:57:33Z</time></trkpt><trkpt lat="43.29169624" lon="-5.98402203"><ele>163.64</ele><time>2024-09-07T17:57:34Z</time></trkpt><trkpt lat="43.29175471" lon="-5.98397380"><ele>163.70</ele><time>2024-09-07T17:57:35Z</time></trkpt><trkpt lat="43.29181317" lon="-5.98392563"><ele>163.76</ele><time>2024-09-07T17:57:36Z</time></trkpt><trkpt lat="43.29187163" lon="-5.98387748"><ele>163.82</ele><time>2024-09-07T17:57:37Z</time></trkpt><trkpt lat="43.29193008" lon="-5.98382933"><ele>163.88</ele><time>2024-09-07T17:57:38Z</time></trkpt><trkpt lat="43.29198854" lon="-5.98378117"><ele>163.94</ele><time>2024-09-07T17:57:39Z</time></trkpt><trkpt lat="43.29204700" lon="-5.98373299"><ele>164.00</ele><time>2024-09-07T17:57:40Z</time></trkpt><trkpt lat="43.29210583" lon="-5.98368109"><ele>164.06</ele><time>2024-09-07T17:57:41Z</time></trkpt><trkpt lat="43.29216488" lon="-5.98362684"><ele>164.12</ele><time>2024-09-07T17:57:42Z</time></trkpt><trkpt lat="43.29222405" lon="-5.98357136"><ele>164.19</ele><time>2024-09-07T17:57:43Z</time></trkpt><trkpt lat="43.29228326" lon="-5.98351543"><ele>164.25</ele><time>2024-09-07T17:57:44Z</time></trkpt><trkpt lat="43.29234248" lon="-5.98345949"><ele>164.31</ele><time>2024-09-07T17:57:45Z</time></trkpt><trkpt lat="43.29240168" lon="-5.98340374"><ele>164.37</ele><time>2024-09-07T17:57:46Z</time></trkpt><trkpt lat="43.29246085" lon="-5.98334825"><ele>164.44</ele><time>2024-09-07T17:57:47Z</time></trkpt><trkpt lat="43.29252000" lon="-5.98329297"><ele>164.50</ele><time>2024-09-07T17:57:48Z</time></trkpt><trkpt lat="43.29258344" lon="-5.98324550"><ele>164.53</ele><time>2024-09-07T17:57:49Z</time></trkpt><trkpt lat="43.29265122" lon="-5.98320677"><ele>164.26</ele><time>2024-09-07T17:57:50Z</time></trkpt><trkpt lat="43.29272081" lon="-5.98317830"><ele>164.09</ele><time>2024-09-07T17:57:51Z</time></trkpt><trkpt lat="43.29279105" lon="-5.98315536"><ele>163.99</ele><time>2024-09-07T17:57:52Z</time></trkpt><trkpt lat="43.29286130" lon="-5.98313464"><ele>163.95</ele><time>2024-09-07T17:57:53Z</time></trkpt><trkpt lat="43.29293124" lon="-5.98311415"><ele>163.94</ele><time>2024-09-07T17:57:54Z</time></trkpt><trkpt lat="43.29300081" lon="-5.98309295"><ele>163.95</ele><time>2024-09-07T17:57:55Z</time></trkpt><trkpt lat="43.29307005" lon="-5.98307076"><ele>163.96</ele><time>2024-09-07T17:57:56Z</time></trkpt><trkpt lat="43.29313806" lon="-5.98305877"><ele>163.98</ele><time>2024-09-07T17:57:57Z</time></trkpt><trkpt lat="43.29320748" lon="-5.98306130"><ele>163.99</ele><time>2024-09-07T17:57:58Z</time></trkpt><trkpt lat="43.29327787" lon="-5.98307551"><ele>164.27</ele><time>2024-09-07T17:57:59Z</time></trkpt><trkpt lat="43.29334774" lon="-5.98310052"><ele>164.45</ele><time>2024-09-07T17:58:00Z</time></trkpt><trkpt lat="43.29341728" lon="-5.98314012"><ele>164.58</ele><time>2024-09-07T17:58:01Z</time></trkpt><trkpt lat="43.29348660" lon="-5.98318713"><ele>164.69</ele><time>2024-09-07T17:58:02Z</time></trkpt><trkpt lat="43.29355577" lon="-5.98323672"><ele>164.78</ele><time>2024-09-07T17:58:03Z</time></trkpt><trkpt lat="43.29362489" lon="-5.98328614"><ele>164.86</ele><time>2024-09-07T17:58:04Z</time></trkpt><trkpt lat="43.29369398" lon="-5.98333420"><ele>164.94</ele><time>2024-09-07T17:58:05Z</time></trkpt><trkpt lat="43.29376308" lon="-5.98338063"><ele>165.01</ele><time>2024-09-07T17:58:06Z</time></trkpt><trkpt lat="43.29382665" lon="-5.98342657"><ele>165.32</ele><time>2024-09-07T17:58:07Z</time></trkpt><trkpt lat="43.29388455" lon="-5.98347673"><ele>165.49</ele><time>2024-09-07T17:58:08Z</time></trkpt><trkpt lat="43.29393925" lon="-5.98352952"><ele>165.58</ele><time>2024-09-07T17:58:09Z</time></trkpt><trkpt lat="43.29397612" lon="-5.98357191"><ele>165.60</ele><time>2024-09-07T17:58:10Z</time></trkpt><trkpt lat="43.29400234" lon="-5.98360736"><ele>165.59</ele><time>2024-09-07T17:58:11Z</time></trkpt><trkpt lat="43.29402344" lon="-5.98363894"><ele>165.56</ele><time>2024-09-07T17:58:12Z</time></trkpt><trkpt lat="43.29404302" lon="-5.98366884"><ele>165.54</ele><time>2024-09-07T17:58:13Z</time></trkpt><trkpt lat="43.29406304" lon="-5.98369843"><ele>165.52</ele><time>2024-09-07T17:58:14Z</time></trkpt><trkpt lat="43.29408429" lon="-5.98372839"><ele>165.51</ele><time>2024-09-07T17:58:15Z</time></trkpt><trkpt lat="43.29410687" lon="-5.98375896"><ele>165.50</ele><time>2024-09-07T17:58:16Z</time></trkpt><trkpt lat="43.29413055" lon="-5.98379010"><ele>165.50</ele><time>2024-09-07T17:58:17Z</time></trkpt><trkpt lat="43.29413944" lon="-5.98380086"><ele>165.50</ele><time>2024-09-07T17:58:18Z</time></trkpt><trkpt lat="43.29413896" lon="-5.98379876"><ele>165.50</ele><time>2024-09-07T17:58:19Z</time></trkpt><trkpt lat="43.29413358" lon="-5.98378997"><ele>165.50</ele><time>2024-09-07T17:58:20Z</time></trkpt><trkpt lat="43.29412635" lon="-5.98377871"><ele>165.50</ele><time>2024-09-07T17:58:21Z</time></trkpt><trkpt lat="43.29411907" lon="-5.98376741"><ele>165.50</ele><time>2024-09-07T17:58:22Z</time></trkpt><trkpt lat="43.29411255" lon="-5.98375720"><ele>165.50</ele><time>2024-09-07T17:58:23Z</time></trkpt><trkpt lat="43.29410701" lon="-5.98374835"><ele>165.50</ele><time>2024-09-07T17:58:24Z</time></trkpt><trkpt lat="43.29409895" lon="-5.98373271"><ele>165.57</ele><time>2024-09-07T17:58:25Z</time></trkpt><trkpt lat="43.29408940" lon="-5.98371290"><ele>165.68</ele><time>2024-09-07T17:58:26Z</time></trkpt><trkpt lat="43.29407912" lon="-5.98369100"><ele>165.81</ele><time>2024-09-07T17:58:27Z</time></trkpt><trkpt lat="43.29406862" lon="-5.98366840"><ele>165.96</ele><time>2024-09-07T17:58:28Z</time></trkpt><trkpt lat="43.29406625" lon="-5.98364027"><ele>166.03</ele><time>2024-09-07T17:58:29Z</time></trkpt><trkpt lat="43.29407677" lon="-5.98361176"><ele>166.06</ele><time>2024-09-07T17:58:30Z</time></trkpt><trkpt lat="43.29409878" lon="-5.98358907"><ele>166.06</ele><time>2024-09-07T17:58:31Z</time></trkpt><trkpt lat="43.29413067" lon="-5.98356088"><ele>166.05</ele><time>2024-09-07T17:58:32Z</time></trkpt><trkpt lat="43.29416729" lon="-5.98352907"><ele>166.03</ele><time>2024-09-07T17:58:33Z</time></trkpt><trkpt lat="43.29420528" lon="-5.98349526"><ele>166.02</ele><time>2024-09-07T17:58:34Z</time></trkpt><trkpt lat="43.29424282" lon="-5.98346060"><ele>166.01</ele><time>2024-09-07T17:58:35Z</time></trkpt><trkpt lat="43.29427920" lon="-5.98342581"><ele>166.00</ele><time>2024-09-07T17:58:36Z</time></trkpt><trkpt lat="43.29431433" lon="-5.98339123"><ele>166.00</ele><time>2024-09-07T17:58:37Z</time></trkpt><trkpt lat="43.29434844" lon="-5.98335698"><ele>166.00</ele><time>2024-09-07T17:58:38Z</time></trkpt><trkpt lat="43.29438185" lon="-5.98332304"><ele>166.00</ele><time>2024-09-07T17:58:39Z</time></trkpt><trkpt lat="43.29440666" lon="-5.98328195"><ele>166.00</ele><time>2024-09-07T17:58:40Z</time></trkpt><trkpt lat="43.29441465" lon="-5.98323801"><ele>166.00</ele><time>2024-09-07T17:58:41Z</time></trkpt><trkpt lat="43.29441266" lon="-5.98319275"><ele>166.00</ele><time>2024-09-07T17:58:42Z</time></trkpt><trkpt lat="43.29439064" lon="-5.98316028"><ele>166.00</ele><time>2024-09-07T17:58:43Z</time></trkpt><trkpt lat="43.29435786" lon="-5.98313845"><ele>166.00</ele><time>2024-09-07T17:58:44Z</time></trkpt><trkpt lat="43.29432068" lon="-5.98312269"><ele>166.00</ele><time>2024-09-07T17:58:45Z</time></trkpt><trkpt lat="43.29428291" lon="-5.98310963"><ele>166.00</ele><time>2024-09-07T17:58:46Z</time></trkpt><trkpt lat="43.29424641" lon="-5.98309718"><ele>166.00</ele><time>2024-09-07T17:58:47Z</time></trkpt><trkpt lat="43.29421176" lon="-5.98308424"><ele>166.00</ele><time>2024-09-07T17:58:48Z</time></trkpt><trkpt lat="43.29417882" lon="-5.98307043"><ele>166.00</ele><time>2024-09-07T17:58:49Z</time></trkpt><trkpt lat="43.29414717" lon="-5.98305576"><ele>166.00</ele><time>2024-09-07T17:58:50Z</time></trkpt><trkpt lat="43.29411634" lon="-5.98304041"><ele>166.00</ele><time>2024-09-07T17:58:51Z</time></trkpt><trkpt lat="43.29408594" lon="-5.98302462"><ele>166.00</ele><time>2024-09-07T17:58:52Z</time></trkpt><trkpt lat="43.29405571" lon="-5.98300858"><ele>166.00</ele><time>2024-09-07T17:58:53Z</time></trkpt><trkpt lat="43.29402548" lon="-5.98299244"><ele>166.00</ele><time>2024-09-07T17:58:54Z</time></trkpt><trkpt lat="43.29399483" lon="-5.98296175"><ele>165.95</ele><time>2024-09-07T17:58:55Z</time></trkpt><trkpt lat="43.29396388" lon="-5.98292193"><ele>165.86</ele><time>2024-09-07T17:58:56Z</time></trkpt><trkpt lat="43.29393273" lon="-5.98287736"><ele>165.75</ele><time>2024-09-07T17:58:57Z</time></trkpt><trkpt lat="43.29390148" lon="-5.98283107"><ele>165.64</ele><time>2024-09-07T17:58:58Z</time></trkpt><trkpt lat="43.29387020" lon="-5.98278477"><ele>165.52</ele><time>2024-09-07T17:58:59Z</time></trkpt><trkpt lat="43.29384053" lon="-5.98273755"><ele>165.53</ele><time>2024-09-07T17:59:00Z</time></trkpt><trkpt lat="43.29381190" lon="-5.98269021"><ele>165.63</ele><time>2024-09-07T17:59:01Z</time></trkpt><trkpt lat="43.29378382" lon="-5.98264316"><ele>165.76</ele><time>2024-09-07T17:59:02Z</time></trkpt><trkpt lat="43.29375595" lon="-5.98259652"><ele>165.92</ele><time>2024-09-07T17:59:03Z</time></trkpt><trkpt lat="43.29372098" lon="-5.98255293"><ele>165.97</ele><time>2024-09-07T17:59:04Z</time></trkpt><trkpt lat="43.29368146" lon="-5.98251129"><ele>165.95</ele><time>2024-09-07T17:59:05Z</time></trkpt><trkpt lat="43.29363949" lon="-5.98247071"><ele>165.88</ele><time>2024-09-07T17:59:06Z</time></trkpt><trkpt lat="43.29359657" lon="-5.98243054"><ele>165.80</ele><time>2024-09-07T17:59:07Z</time></trkpt><trkpt lat="43.29355356" lon="-5.98239042"><ele>165.71</ele><time>2024-09-07T17:59:08Z</time></trkpt><trkpt lat="43.29351089" lon="-5.98235016"><ele>165.63</ele><time>2024-09-07T17:59:09Z</time></trkpt><trkpt lat="43.29346867" lon="-5.98230970"><ele>165.55</ele><time>2024-09-07T17:59:10Z</time></trkpt><trkpt lat="43.29342685" lon="-5.98226907"><ele>165.47</ele><time>2024-09-07T17:59:11Z</time></trkpt><trkpt lat="43.29338534" lon="-5.98222831"><ele>165.40</ele><time>2024-09-07T17:59:12Z</time></trkpt><trkpt lat="43.29334402" lon="-5.98218747"><ele>165.33</ele><time>2024-09-07T17:59:13Z</time></trkpt><trkpt lat="43.29330279" lon="-5.98214658"><ele>165.26</ele><time>2024-09-07T17:59:14Z</time></trkpt><trkpt lat="43.29326160" lon="-5.98210568"><ele>165.20</ele><time>2024-09-07T17:59:15Z</time></trkpt><trkpt lat="43.29322041" lon="-5.98206478"><ele>165.13</ele><time>2024-09-07T17:59:16Z</time></trkpt><trkpt lat="43.29317921" lon="-5.98202389"><ele>165.07</ele><time>2024-09-07T17:59:17Z</time></trkpt><trkpt lat="43.29313798" lon="-5.98198301"><ele>165.00</ele><time>2024-09-07T17:59:18Z</time></trkpt><trkpt lat="43.29309470" lon="-5.98194716"><ele>164.97</ele><time>2024-09-07T17:59:19Z</time></trkpt><trkpt lat="43.29305011" lon="-5.98191448"><ele>164.96</ele><time>2024-09-07T17:59:20Z</time></trkpt><trkpt lat="43.29300485" lon="-5.98188346"><ele>164.97</ele><time>2024-09-07T17:59:21Z</time></trkpt><trkpt lat="43.29295898" lon="-5.98185852"><ele>165.07</ele><time>2024-09-07T17:59:22Z</time></trkpt><trkpt lat="43.29291286" lon="-5.98183703"><ele>165.23</ele><time>2024-09-07T17:59:23Z</time></trkpt><trkpt lat="43.29286674" lon="-5.98181707"><ele>165.41</ele><time>2024-09-07T17:59:24Z</time></trkpt><trkpt lat="43.29282080" lon="-5.98180272"><ele>165.51</ele><time>2024-09-07T17:59:25Z</time></trkpt><trkpt lat="43.29277504" lon="-5.98179142"><ele>165.56</ele><time>2024-09-07T17:59:26Z</time></trkpt><trkpt lat="43.29272695" lon="-5.98178791"><ele>165.57</ele><time>2024-09-07T17:59:27Z</time></trkpt><trkpt lat="43.29268041" lon="-5.98179277"><ele>165.42</ele><time>2024-09-07T17:59:28Z</time></trkpt><trkpt lat="43.29263500" lon="-5.98180200"><ele>165.18</ele><time>2024-09-07T17:59:29Z</time></trkpt><trkpt lat="43.29258839" lon="-5.98181858"><ele>165.31</ele><time>2024-09-07T17:59:30Z</time></trkpt><trkpt lat="43.29254407" lon="-5.98184346"><ele>165.40</ele><time>2024-09-07T17:59:31Z</time></trkpt><trkpt lat="43.29250122" lon="-5.98187246"><ele>165.47</ele><time>2024-09-07T17:59:32Z</time></trkpt><trkpt lat="43.29245916" lon="-5.98190281"><ele>165.51</ele><time>2024-09-07T17:59:33Z</time></trkpt><trkpt lat="43.29241741" lon="-5.98193297"><ele>165.52</ele><time>2024-09-07T17:59:34Z</time></trkpt><trkpt lat="43.29237570" lon="-5.98196226"><ele>165.52</ele><time>2024-09-07T17:59:35Z</time></trkpt><trkpt lat="43.29233388" lon="-5.98199058"><ele>165.52</ele><time>2024-09-07T17:59:36Z</time></trkpt><trkpt lat="43.29229192" lon="-5.98201808"><ele>165.51</ele><time>2024-09-07T17:59:37Z</time></trkpt><trkpt lat="43.29224982" lon="-5.98204500"><ele>165.51</ele><time>2024-09-07T17:59:38Z</time></trkpt><trkpt lat="43.29220763" lon="-5.98207158"><ele>165.50</ele><time>2024-09-07T17:59:39Z</time></trkpt><trkpt lat="43.29216537" lon="-5.98209800"><ele>165.50</ele><time>2024-09-07T17:59:40Z</time></trkpt><trkpt lat="43.29212309" lon="-5.98212437"><ele>165.50</ele><time>2024-09-07T17:59:41Z</time></trkpt><trkpt lat="43.29208531" lon="-5.98214664"><ele>165.50</ele><time>2024-09-07T17:59:42Z</time></trkpt><trkpt lat="43.29204656" lon="-5.98216908"><ele>165.50</ele><time>2024-09-07T17:59:43Z</time></trkpt><trkpt lat="43.29201280" lon="-5.98219347"><ele>165.43</ele><time>2024-09-07T17:59:44Z</time></trkpt><trkpt lat="43.29198208" lon="-5.98221928"><ele>165.32</ele><time>2024-09-07T17:59:45Z</time></trkpt><trkpt lat="43.29195285" lon="-5.98224594"><ele>165.19</ele><time>2024-09-07T17:59:46Z</time></trkpt><trkpt lat="43.29192410" lon="-5.98227303"><ele>165.04</ele><time>2024-09-07T17:59:47Z</time></trkpt><trkpt lat="43.29189526" lon="-5.98230025"><ele>164.90</ele><time>2024-09-07T17:59:48Z</time></trkpt><trkpt lat="43.29186611" lon="-5.98232746"><ele>164.76</ele><time>2024-09-07T17:59:49Z</time></trkpt><trkpt lat="43.29183659" lon="-5.98235458"><ele>164.63</ele><time>2024-09-07T17:59:50Z</time></trkpt><trkpt lat="43.29180677" lon="-5.98238159"><ele>164.50</ele><time>2024-09-07T17:59:51Z</time></trkpt><trkpt lat="43.29177674" lon="-5.98240853"><ele>164.37</ele><time>2024-09-07T17:59:52Z</time></trkpt><trkpt lat="43.29174658" lon="-5.98243540"><ele>164.25</ele><time>2024-09-07T17:59:53Z</time></trkpt><trkpt lat="43.29171637" lon="-5.98246224"><ele>164.12</ele><time>2024-09-07T17:59:54Z</time></trkpt><trkpt lat="43.29168614" lon="-5.98248906"><ele>164.00</ele><time>2024-09-07T17:59:55Z</time></trkpt><trkpt lat="43.29166310" lon="-5.98252907"><ele>163.69</ele><time>2024-09-07T17:59:56Z</time></trkpt><trkpt lat="43.29164462" lon="-5.98257742"><ele>163.26</ele><time>2024-09-07T17:59:57Z</time></trkpt><trkpt lat="43.29162852" lon="-5.98263010"><ele>162.77</ele><time>2024-09-07T17:59:58Z</time></trkpt><trkpt lat="43.29160853" lon="-5.98268358"><ele>162.32</ele><time>2024-09-07T17:59:59Z</time></trkpt><trkpt lat="43.29158555" lon="-5.98273658"><ele>161.91</ele><time>2024-09-07T18:00:00Z</time></trkpt><trkpt lat="43.29156062" lon="-5.98278860"><ele>161.53</ele><time>2024-09-07T18:00:01Z</time></trkpt><trkpt lat="43.29153463" lon="-5.98283965"><ele>161.17</ele><time>2024-09-07T18:00:02Z</time></trkpt><trkpt lat="43.29150534" lon="-5.98287873"><ele>160.74</ele><time>2024-09-07T18:00:03Z</time></trkpt><trkpt lat="43.29147638" lon="-5.98290313"><ele>160.54</ele><time>2024-09-07T18:00:04Z</time></trkpt><trkpt lat="43.29145181" lon="-5.98291253"><ele>160.48</ele><time>2024-09-07T18:00:05Z</time></trkpt></trkseg></trk></gpx>